face,theta,dir0x,dir0y,dir0z,cx,cy,cz
0,-7.6232e-18,0.0578968,-0.315676,0.947099,0.997376,0.00870199,-0.0522613
1,0.647441,-0.0993085,0.312771,-0.944623,0.992839,0.0432113,-0.0520826
2,0.649774,-0.139664,0.302251,-0.942941,0.985546,0.0682786,-0.0517293
3,0.654936,-0.179024,0.288062,-0.940729,0.975049,0.0921786,-0.0512066
4,0.660744,-0.21623,0.268463,-0.938708,0.961529,0.114501,-0.050524
5,0.66978,-0.252104,0.24555,-0.936028,0.945219,0.134865,-0.0496933
6,0.675601,-0.282104,0.215143,-0.93495,0.926393,0.152921,-0.048728
7,0.684444,-0.30936,0.182214,-0.933324,0.905378,0.168359,-0.0476446
8,0.694849,-0.332655,0.146004,-0.931678,0.882531,0.180919,-0.046462
9,0.704592,-0.34976,0.106298,-0.930789,0.858245,0.190381,-0.0452
10,0.713988,-0.360371,0.0644067,-0.930583,0.832933,0.196587,-0.0438813
11,0.722323,-0.363667,0.0214507,-0.931282,0.80703,0.199429,-0.042528
12,0.734969,-0.364641,-0.0215134,-0.9309,0.780978,0.198859,-0.0411626
13,0.752605,-0.364053,-0.0651615,-0.929096,0.755224,0.194885,-0.0398087
14,0.771582,-0.358411,-0.109265,-0.927148,0.730208,0.187579,-0.0384893
15,-0.0909387,0.341363,0.150371,0.927825,0.714179,0.180919,-0.037228
16,-0.776845,0.768795,0.523312,-0.367557,0.684082,0.163515,-0.0360453
17,-0.764204,0.693681,0.620889,-0.365108,0.66376,0.147171,-0.034962
18,-0.130268,0.258626,0.253159,0.932214,0.651492,0.134865,-0.0339967
19,-0.745726,0.509693,0.783674,-0.355061,0.630336,0.107251,-0.0331653
20,-0.73964,0.40348,0.846041,-0.348451,0.617804,0.0843573,-0.0324827
21,-0.738105,0.290453,0.894812,-0.339041,0.608362,0.0600213,-0.03196
22,-0.73972,0.171837,0.928781,-0.328388,0.60217,0.0346586,-0.0316067
23,-0.180394,0.0581258,0.319488,0.945806,0.599906,0.017404,-0.0314287
24,-0.747742,-0.0742966,0.948221,-0.308798,0.599906,-0.017404,-0.0314287
25,-0.1905,-0.022682,0.302367,0.952922,0.60217,-0.0346586,-0.0316067
26,-0.189208,-0.0604979,0.288859,0.955458,0.608362,-0.0600213,-0.03196
27,-0.184356,-0.0964839,0.271947,0.957463,0.617804,-0.0843573,-0.0324827
28,-0.17792,-0.129572,0.250377,0.959439,0.630336,-0.107251,-0.0331653
29,0.775951,0.158632,-0.223974,-0.961598,0.651492,-0.134865,-0.0339967
30,-0.161142,-0.185235,0.195616,0.963028,0.66376,-0.147171,-0.034962
31,-0.148227,-0.20949,0.165281,0.963741,0.684082,-0.163515,-0.0360453
32,0.739235,0.228697,-0.131504,-0.964575,0.714179,-0.180919,-0.037228
33,0.721568,0.239034,-0.0940078,-0.96645,0.738465,-0.190381,-0.0384893
34,-0.11609,-0.248564,0.0570028,0.966937,0.755224,-0.194885,-0.0398087
35,-0.0993071,-0.258047,0.0194112,0.965937,0.780978,-0.198859,-0.0411626
36,-0.0862156,-0.259487,-0.0195056,0.96555,0.80703,-0.199429,-0.042528
37,-0.0767881,-0.253045,-0.0578863,0.965721,0.832933,-0.196587,-0.0438813
38,-0.066528,-0.243214,-0.0954232,0.965267,0.858245,-0.190381,-0.0452
39,-0.0563789,-0.229271,-0.131757,0.964404,0.882531,-0.180919,-0.046462
40,-0.043962,-0.213204,-0.167728,0.962503,0.905378,-0.168359,-0.0476446
41,-0.0332922,-0.191753,-0.201236,0.960591,0.926393,-0.152921,-0.048728
42,-0.0251964,-0.164784,-0.230874,0.958928,0.945219,-0.134865,-0.0496933
43,-0.0147758,-0.135812,-0.259483,0.95615,0.961529,-0.114501,-0.050524
44,-0.00991249,-0.10085,-0.28054,0.954529,0.975049,-0.0921786,-0.0512066
45,-0.00699258,-0.0630497,-0.296031,0.953095,0.985546,-0.0682786,-0.0517293
46,-0.00351671,-0.0239048,-0.307943,0.951105,0.992839,-0.0432113,-0.0520826
47,0.644653,0.0164912,-0.316516,0.948444,0.997833,-0.017404,-0.026108
48,-0.00332445,0.131962,-0.312522,0.9407,0.990201,0.00870199,-0.130354
49,0.637214,-0.171627,0.303259,-0.937325,0.985693,0.0432113,-0.12982
50,-0.0134859,0.209635,-0.290184,0.933727,0.981244,0.0600213,-0.129115
51,0.637562,-0.245643,0.273276,-0.930043,0.968026,0.0921786,-0.127551
52,-0.0232012,0.279589,-0.252817,0.926236,0.959431,0.107251,-0.126189
53,0.643964,-0.309675,0.227122,-0.923319,0.938406,0.134865,-0.123701
54,-0.0387918,0.335946,-0.197782,0.920881,0.926251,0.147171,-0.121776
55,0.648917,-0.355058,0.163436,-0.920447,0.898849,0.168359,-0.118533
56,-0.061416,0.373216,-0.129631,0.918643,0.883963,0.177061,-0.116175
57,-0.0756104,0.383375,-0.0926274,0.918936,0.860284,0.187579,-0.113046
58,-0.0876076,0.391297,-0.0558625,0.918567,0.835449,0.194885,-0.109769
59,-0.104363,0.390751,-0.0183683,0.920313,0.80988,0.198859,-0.106399
60,0.683075,-0.389422,-0.0182774,-0.920878,0.775341,0.198859,-0.102311
61,0.699177,-0.388272,-0.0552344,-0.919888,0.749773,0.194885,-0.0989399
62,0.713739,-0.380492,-0.0916092,-0.920235,0.724937,0.187579,-0.0956619
63,0.726621,-0.366467,-0.126151,-0.921839,0.701259,0.177061,-0.0925333
64,0.739528,-0.348208,-0.158636,-0.923897,0.679145,0.163515,-0.0896066
65,0.753166,-0.326699,-0.18919,-0.925999,0.658972,0.147171,-0.0869326
66,0.766821,-0.30169,-0.217422,-0.928284,0.641085,0.128309,-0.0845559
67,0.780095,-0.273453,-0.242888,-0.930714,0.625791,0.107251,-0.0825186
68,-0.778672,0.38465,0.857022,-0.342866,0.613352,0.0843573,-0.0808546
69,-0.767237,0.269122,0.903466,-0.33365,0.603979,0.0600213,-0.0795926
70,-0.757068,0.148514,0.934117,-0.324607,0.597834,0.0346586,-0.0787546
71,-0.194582,0.131779,0.306057,0.942848,0.59559,0.017404,-0.0783993
72,-0.742861,-0.0987906,0.946694,-0.306613,0.59559,-0.017404,-0.0783993
73,-0.737075,-0.221195,0.92795,-0.29997,0.59953,-0.0432113,-0.078888
74,-0.733719,-0.339938,0.893449,-0.293584,0.606774,-0.0682786,-0.0798126
75,-0.150767,-0.0362955,0.300507,0.953089,0.613352,-0.0843573,-0.0808546
76,-0.137654,-0.076493,0.282097,0.956332,0.625791,-0.107251,-0.0825186
77,-0.124162,-0.113619,0.257476,0.959581,0.641085,-0.128309,-0.0845559
78,-0.110884,-0.146543,0.227013,0.962803,0.658972,-0.147171,-0.0869326
79,-0.0973352,-0.174956,0.192059,0.965662,0.679145,-0.163515,-0.0896066
80,-0.0839506,-0.198138,0.153284,0.968114,0.701259,-0.177061,-0.0925333
81,-0.0709826,-0.215648,0.111464,0.970089,0.724937,-0.187579,-0.0956619
82,0.759782,0.221084,-0.0664744,-0.972987,0.758299,-0.196587,-0.0996113
83,-0.0526246,-0.227057,0.0223091,0.973626,0.775341,-0.198859,-0.102311
84,0.739656,0.230355,0.0225181,-0.972846,0.80988,-0.198859,-0.106399
85,0.72433,0.220251,0.0663176,-0.973186,0.835449,-0.194885,-0.109769
86,0.710779,0.205566,0.108173,-0.972647,0.860284,-0.187579,-0.113046
87,0.694519,0.182512,0.145856,-0.972325,0.883963,-0.177061,-0.116175
88,-0.0136883,-0.161871,-0.183695,0.969564,0.898849,-0.168359,-0.118533
89,0.677528,0.133797,0.216348,-0.967105,0.926251,-0.147171,-0.121776
90,-0.00383454,-0.10309,-0.246116,0.963742,0.938406,-0.134865,-0.123701
91,0.66878,0.0712696,0.274753,-0.95887,0.959431,-0.107251,-0.126189
92,0.660256,0.0320683,0.292599,-0.955697,0.971871,-0.0843573,-0.127853
93,0.652917,-0.00850161,0.305072,-0.952291,0.981244,-0.0600213,-0.129115
94,0.00287825,0.0494085,-0.313882,0.948175,0.985693,-0.0432113,-0.12982
95,0.643169,-0.0910442,0.315119,-0.944675,0.990201,-0.00870199,-0.130354
96,-0.00472347,0.205346,-0.311196,0.927896,0.976921,0.00870199,-0.207642
97,-0.0123289,0.244181,-0.299728,0.922247,0.974149,0.0346586,-0.207023
98,-0.0257341,0.279291,-0.279115,0.918744,0.968089,0.0600213,-0.205705
99,0.613411,-0.309252,0.252566,-0.916828,0.955035,0.0921786,-0.203109
100,0.61132,-0.337653,0.229224,-0.912933,0.941788,0.114501,-0.200319
101,0.613696,-0.364145,0.205323,-0.908428,0.925807,0.134865,-0.196946
102,-0.0714546,0.385883,-0.177119,0.905386,0.913841,0.147171,-0.194073
103,-0.0877456,0.40017,-0.144376,0.904997,0.893939,0.163515,-0.189825
104,-0.108057,0.407101,-0.109754,0.906765,0.872123,0.177061,-0.185172
105,0.617557,-0.418595,0.0795088,-0.904686,0.840607,0.190381,-0.178903
106,-0.127347,0.427393,-0.0483899,0.90277,0.824261,0.194885,-0.174979
107,-0.1486,0.422178,-0.0155708,0.906379,0.799036,0.198859,-0.169613
108,-0.165104,0.417714,0.0152571,0.90845,0.773519,0.199429,-0.164189
109,-0.181621,0.409917,0.0446555,0.911029,0.748146,0.196587,-0.158799
110,-0.194787,0.40176,0.073355,0.912802,0.723353,0.190381,-0.153537
111,-0.206849,0.39104,0.101221,0.914791,0.699563,0.180919,-0.148492
112,-0.219544,0.376261,0.127045,0.917762,0.677183,0.168359,-0.14375
113,-0.230246,0.359362,0.151654,0.920793,0.656596,0.152921,-0.139393
114,-0.236303,0.341533,0.176773,0.923096,0.638154,0.134865,-0.135494
115,-0.239827,0.320837,0.200833,0.925597,0.622173,0.114501,-0.132121
116,-0.238341,0.297769,0.22542,0.927642,0.608926,0.0921786,-0.129332
117,-0.235907,0.27036,0.246442,0.930684,0.598641,0.0682786,-0.127174
118,-0.219073,0.240956,0.275584,0.930588,0.591492,0.0432113,-0.125683
119,-0.756877,0.00202476,0.951024,-0.309112,0.58704,0.00870199,-0.124798
120,-0.730324,-0.124541,0.942662,-0.30964,0.587604,-0.017404,-0.124887
121,-0.715906,-0.246607,0.921014,-0.301528,0.591492,-0.0432113,-0.125683
122,-0.698398,-0.364535,0.881794,-0.299254,0.598641,-0.0682786,-0.127174
123,-0.694776,-0.474987,0.83182,-0.287166,0.608926,-0.0921786,-0.129332
124,-0.692113,-0.577777,0.767616,-0.277381,0.622173,-0.114501,-0.132121
125,-0.694933,-0.671138,0.692074,-0.265721,0.638154,-0.134865,-0.135494
126,-0.70228,-0.754271,0.605905,-0.252893,0.656596,-0.152921,-0.139393
127,-0.712524,-0.825775,0.510189,-0.240423,0.677183,-0.168359,-0.14375
128,-0.725434,-0.884733,0.40632,-0.228367,0.699563,-0.180919,-0.148492
129,-0.739963,-0.930239,0.295487,-0.217585,0.723353,-0.190381,-0.153537
130,-0.755726,-0.961421,0.179623,-0.20834,0.748146,-0.196587,-0.158799
131,-0.772495,-0.977781,0.0603698,-0.200749,0.773519,-0.199429,-0.164189
132,0.784013,0.196892,0.0252228,-0.980101,0.799036,-0.198859,-0.169613
133,0.768019,0.185493,0.0742662,-0.979835,0.824261,-0.194885,-0.174979
134,0.75381,0.168965,0.121101,-0.978154,0.848763,-0.187579,-0.180195
135,0.739702,0.145966,0.164614,-0.975498,0.872123,-0.177061,-0.185172
136,0.722346,0.114474,0.201953,-0.972682,0.893939,-0.163515,-0.189825
137,0.707022,0.0799032,0.234648,-0.968791,0.913841,-0.147171,-0.194073
138,0.0225236,-0.0449115,-0.264751,0.963271,0.925807,-0.134865,-0.196946
139,0.0273192,-0.00892391,-0.292499,0.956224,0.941788,-0.114501,-0.200319
140,0.0260325,0.0327172,-0.310978,0.949854,0.955035,-0.0921786,-0.203109
141,0.663675,-0.0792952,0.314701,-0.945873,0.968089,-0.0600213,-0.205705
142,0.649543,-0.123429,0.314723,-0.941124,0.974149,-0.0346586,-0.207023
143,0.641512,-0.165057,0.313548,-0.935117,0.976921,-0.00870199,-0.207642
144,0.628312,-0.277744,0.301015,-0.912276,0.957063,0.017404,-0.283516
145,0.621726,-0.314642,0.288769,-0.90422,0.953249,0.0432113,-0.282418
146,-0.0348988,0.348518,-0.270814,0.897326,0.948965,0.0600213,-0.281026
147,-0.0513723,0.377315,-0.244988,0.893093,0.939905,0.0843573,-0.278313
148,-0.0742526,0.398742,-0.212049,0.892211,0.927879,0.107251,-0.274724
149,-0.0884534,0.419247,-0.185163,0.88879,0.913091,0.128309,-0.27032
150,-0.109677,0.431561,-0.152718,0.889063,0.895797,0.147171,-0.265174
151,0.574104,-0.442084,0.123285,-0.888461,0.86924,0.168359,-0.257684
152,-0.143127,0.449721,-0.0946589,0.888139,0.854906,0.177061,-0.253026
153,0.568371,-0.447598,0.0640931,-0.891935,0.82398,0.190381,-0.244304
154,0.572214,-0.448692,0.0377154,-0.89289,0.799675,0.196587,-0.237113
155,0.574752,-0.444464,0.0121202,-0.895714,0.774804,0.199429,-0.22975
156,0.588043,-0.445976,-0.0122272,-0.894962,0.749791,0.198859,-0.222341
157,-0.226659,0.441055,0.0360503,0.896756,0.733381,0.196587,-0.217009
158,0.603168,-0.428725,-0.057017,-0.901634,0.701047,0.187579,-0.20789
159,-0.259812,0.419796,0.0782712,0.904237,0.685756,0.180919,-0.202921
160,-0.276068,0.405916,0.0962693,0.908826,0.663817,0.168359,-0.196438
161,0.642931,-0.39702,-0.118548,-0.910122,0.63726,0.147171,-0.188948
162,-0.289756,0.3828,0.137471,0.913546,0.625556,0.134865,-0.185145
163,-0.293767,0.367478,0.157024,0.916681,0.609889,0.114501,-0.180529
164,-0.287719,0.352227,0.182312,0.917986,0.596902,0.0921786,-0.176709
165,0.732657,-0.335571,-0.21912,-0.916176,0.584092,0.0600213,-0.173096
166,-0.253061,0.309489,0.243433,0.919215,0.579808,0.0432113,-0.171705
167,-0.759698,-0.0214234,0.951869,-0.305755,0.575439,0.00870199,-0.170473
168,-0.183643,0.23748,0.31642,0.918413,0.575439,-0.00870199,-0.170473
169,-0.690775,-0.274204,0.912245,-0.304338,0.579808,-0.0432113,-0.171705
170,-0.104519,0.131706,0.364112,0.921996,0.584092,-0.0600213,-0.173096
171,-0.649413,-0.499802,0.81571,-0.291229,0.596902,-0.0921786,-0.176709
172,-0.640414,-0.599238,0.750083,-0.279802,0.609889,-0.114501,-0.180529
173,-0.642253,-0.689065,0.675585,-0.262247,0.625556,-0.134865,-0.185145
174,-0.648815,-0.768719,0.59112,-0.244231,0.643635,-0.152921,-0.190479
175,-0.658577,-0.837181,0.497555,-0.227083,0.663817,-0.168359,-0.196438
176,-0.675795,-0.894201,0.397113,-0.206656,0.685756,-0.180919,-0.202921
177,0.0312376,-0.157752,0.141668,0.977264,0.701047,-0.187579,-0.20789
178,-0.711718,-0.968567,0.17609,-0.175697,0.733381,-0.196587,-0.217009
179,0.0440603,-0.167711,0.0281484,0.985434,0.749791,-0.198859,-0.222341
180,0.0579957,-0.170008,-0.0282885,0.985037,0.774804,-0.199429,-0.22975
181,0.0616938,-0.155977,-0.0830687,0.984262,0.799675,-0.196587,-0.237113
182,0.0655462,-0.136278,-0.13504,0.981424,0.82398,-0.190381,-0.244304
183,0.774972,0.10078,0.178969,-0.978679,0.854906,-0.177061,-0.253026
184,0.0580546,-0.0687487,-0.220829,0.972886,0.86924,-0.168359,-0.257684
185,0.743133,0.0315319,0.256744,-0.965965,0.895797,-0.147171,-0.265174
186,0.722896,-0.0128682,0.282934,-0.959053,0.913091,-0.128309,-0.27032
187,0.709605,-0.0553469,0.306593,-0.95023,0.927879,-0.107251,-0.274724
188,0.686998,-0.104656,0.315137,-0.943258,0.939905,-0.0843573,-0.278313
189,0.669951,-0.150861,0.320298,-0.935227,0.948965,-0.0600213,-0.281026
190,0.012761,0.194491,-0.323056,0.926179,0.953249,-0.0432113,-0.282418
191,0.00624007,0.236697,-0.321577,0.916822,0.957063,-0.017404,-0.283516
192,-0.0140233,0.348403,-0.302368,0.887237,0.932411,0.00870199,-0.357909
193,0.612931,-0.383975,0.280505,-0.879704,0.928153,0.0432113,-0.356338
194,-0.0442092,0.416072,-0.262354,0.870663,0.923991,0.0600213,-0.354615
195,0.579605,-0.438447,0.223327,-0.870568,0.911503,0.0921786,-0.350008
196,-0.0959324,0.458375,-0.194568,0.8672,0.903463,0.107251,-0.346678
197,0.553251,-0.470611,0.16123,-0.867485,0.883599,0.134865,-0.33935
198,-0.135631,0.484077,-0.136013,0.86439,0.87223,0.147171,-0.33464
199,0.535996,-0.484038,0.10253,-0.86902,0.846343,0.168359,-0.32509
200,-0.181057,0.489317,-0.0781935,0.868594,0.832419,0.177061,-0.319322
201,0.528023,-0.48345,0.05133,-0.873866,0.802272,0.190381,-0.3082
202,-0.222145,0.484584,-0.0302686,0.874221,0.786741,0.194885,-0.301767
203,-0.249933,0.47223,-0.00905574,0.881429,0.762665,0.198859,-0.29252
204,0.537871,-0.471296,-0.00898609,-0.881929,0.730035,0.198859,-0.280482
205,-0.274895,0.468949,0.0267565,0.88282,0.714094,0.196587,-0.27388
206,-0.299943,0.454153,0.0400837,0.890021,0.690429,0.190381,-0.264804
207,-0.317813,0.444161,0.0528863,0.894385,0.66772,0.180919,-0.256099
208,0.573586,-0.43951,-0.0684509,-0.895626,0.639462,0.163515,-0.245674
209,0.592629,-0.434861,-0.0857685,-0.896404,0.620471,0.147171,-0.238364
210,0.611091,-0.427594,-0.103108,-0.898071,0.603633,0.128309,-0.231879
211,0.628883,-0.41783,-0.12031,-0.900524,0.589238,0.107251,-0.226327
212,-0.340449,0.404893,0.135761,0.904229,0.581198,0.0921786,-0.222997
213,-0.324895,0.39312,0.1642,0.904707,0.571376,0.0682786,-0.219256
214,-0.294711,0.376569,0.20367,0.903722,0.564549,0.0432113,-0.216666
215,-0.24688,0.35029,0.255989,0.900981,0.560832,0.017404,-0.215271
216,-0.707252,-0.178449,0.93487,-0.306878,0.560832,-0.017404,-0.215271
217,-0.656099,-0.305938,0.899201,-0.312792,0.564549,-0.0432113,-0.216666
218,-0.621431,-0.421923,0.852653,-0.308161,0.571376,-0.0682786,-0.219256
219,-0.600884,-0.52741,0.796644,-0.295294,0.581198,-0.0921786,-0.222997
220,0.00332328,0.0620519,0.389226,0.91905,0.589238,-0.107251,-0.226327
221,0.0242666,0.0088283,0.359147,0.933239,0.603633,-0.128309,-0.231879
222,0.0438001,-0.0390624,0.319718,0.946707,0.620471,-0.147171,-0.238364
223,0.0619589,-0.0804405,0.272374,0.958823,0.639462,-0.163515,-0.245674
224,-0.619446,-0.902781,0.385471,-0.190782,0.66772,-0.180919,-0.256099
225,-0.638623,-0.944626,0.281111,-0.169291,0.690429,-0.190381,-0.264804
226,-0.665428,-0.974371,0.171991,-0.144985,0.714094,-0.196587,-0.27388
227,0.0924377,-0.137833,0.0309754,0.989971,0.730035,-0.198859,-0.280482
228,-0.690141,-0.988637,-0.0577228,-0.138799,0.762665,-0.198859,-0.29252
229,-0.71872,-0.976646,-0.173687,-0.126473,0.786741,-0.194885,-0.301767
230,0.101968,-0.0934611,-0.14558,0.984922,0.802272,-0.190381,-0.3082
231,-0.760264,-0.907995,-0.398163,-0.130429,0.832419,-0.177061,-0.319322
232,0.0935026,-0.0224282,-0.238767,0.970818,0.846343,-0.168359,-0.32509
233,0.765545,-0.0267517,0.2703,-0.962405,0.87223,-0.147171,-0.33464
234,0.0771843,0.0678669,-0.30282,0.950628,0.883599,-0.134865,-0.33935
235,0.726613,-0.119263,0.31968,-0.93999,0.903463,-0.107251,-0.346678
236,0.0514848,0.167866,-0.332284,0.928121,0.911503,-0.0921786,-0.350008
237,0.679547,-0.219927,0.328834,-0.918423,0.923991,-0.0600213,-0.354615
238,0.0190076,0.264763,-0.328841,0.906512,0.928153,-0.0432113,-0.356338
239,0.644068,-0.30888,0.315967,-0.897083,0.932411,-0.00870199,-0.357909
240,-0.0169549,0.417171,-0.299578,0.858034,0.901455,0.00870199,-0.429962
241,0.600353,-0.451165,0.268665,-0.85104,0.897333,0.0432113,-0.428062
242,0.577992,-0.478347,0.237117,-0.845553,0.890729,0.0682786,-0.424944
243,0.550537,-0.496932,0.197974,-0.844905,0.881232,0.0921786,-0.420445
244,-0.125691,0.513108,-0.170426,0.841234,0.873479,0.107251,-0.416494
245,0.514611,-0.51772,0.132724,-0.845192,0.854251,0.134865,-0.40763
246,0.502191,-0.52137,0.104356,-0.846926,0.837229,0.152921,-0.399534
247,0.484761,-0.515951,0.0744075,-0.85338,0.818228,0.168359,-0.390491
248,0.479256,-0.513588,0.053251,-0.856383,0.797573,0.180919,-0.380656
249,0.475271,-0.508521,0.0345133,-0.860357,0.775618,0.190381,-0.370196
250,0.46865,-0.497739,0.0177095,-0.867146,0.752737,0.196587,-0.35929
251,0.472218,-0.492859,0.00546888,-0.870092,0.729324,0.199429,-0.348127
252,0.482573,-0.491775,-0.00538663,-0.870706,0.705779,0.198859,-0.336896
253,0.4941,-0.48996,-0.0159378,-0.871599,0.682503,0.194885,-0.32579
254,-0.349361,0.482362,0.0242745,0.875636,0.667524,0.190381,-0.318158
255,0.504538,-0.472208,-0.0296099,-0.88099,0.638343,0.177061,-0.304706
256,0.522912,-0.472456,-0.0404307,-0.880426,0.618216,0.163515,-0.295088
257,0.542415,-0.471993,-0.0528181,-0.880019,0.599856,0.147171,-0.286311
258,0.565048,-0.4716,-0.0687011,-0.879132,0.583579,0.128309,-0.278524
259,0.584606,-0.46734,-0.0837762,-0.880099,0.569663,0.107251,-0.27186
260,0.610356,-0.462994,-0.105583,-0.880051,0.558346,0.0843573,-0.266434
261,0.648076,-0.457309,-0.1405,-0.878139,0.549822,0.0600213,-0.262337
262,0.71411,-0.446374,-0.204681,-0.871124,0.544237,0.0346586,-0.259641
263,0.777634,-0.419254,-0.267443,-0.867583,0.541686,0.00870199,-0.258392
264,-0.178064,0.377181,0.321685,0.868478,0.541686,-0.00870199,-0.258392
265,-0.1061,0.317377,0.37994,0.86886,0.544237,-0.0346586,-0.259641
266,-0.0317648,0.242328,0.42669,0.871328,0.549822,-0.0600213,-0.262337
267,0.00833917,0.174555,0.430609,0.885498,0.558346,-0.0843573,-0.266434
268,0.045583,0.106778,0.419925,0.901256,0.569663,-0.107251,-0.27186
269,0.0677841,0.050404,0.387559,0.920466,0.583579,-0.128309,-0.278524
270,0.0914184,-0.00278068,0.34682,0.937928,0.599856,-0.147171,-0.286311
271,0.110676,-0.0469686,0.295644,0.954143,0.618216,-0.163515,-0.295088
272,0.128011,-0.0829606,0.237199,0.967912,0.638343,-0.177061,-0.304706
273,-0.59109,-0.951455,0.273371,-0.141431,0.667524,-0.190381,-0.318158
274,0.135201,-0.106263,0.101649,0.989129,0.682503,-0.194885,-0.32579
275,0.146117,-0.113117,0.0340264,0.992999,0.705779,-0.198859,-0.336896
276,0.15634,-0.111748,-0.0339512,0.993156,0.729324,-0.199429,-0.348127
277,0.159585,-0.096275,-0.0999393,0.990325,0.752737,-0.196587,-0.35929
278,0.152197,-0.0638903,-0.159793,0.985081,0.775618,-0.190381,-0.370196
279,0.148178,-0.0292701,-0.214841,0.97621,0.797573,-0.180919,-0.380656
280,0.142582,0.0114612,-0.263109,0.964698,0.818228,-0.168359,-0.390491
281,0.125057,0.0654382,-0.297779,0.952389,0.837229,-0.152921,-0.399534
282,0.112729,0.116696,-0.327089,0.937761,0.854251,-0.134865,-0.40763
283,0.751439,-0.177055,0.338641,-0.924107,0.873479,-0.107251,-0.416494
284,0.0747237,0.227839,-0.351557,0.908018,0.881232,-0.0921786,-0.420445
285,0.682004,-0.290308,0.331034,-0.897852,0.893319,-0.0600213,-0.426017
286,0.0217587,0.334232,-0.331376,0.882315,0.897333,-0.0432113,-0.428062
287,0.64256,-0.378633,0.314541,-0.87046,0.901455,-0.00870199,-0.429962
288,-0.016723,0.483167,-0.299801,0.822599,0.864942,0.00870199,-0.499364
289,0.586487,-0.516049,0.255562,-0.817546,0.860981,0.0432113,-0.497146
290,0.557404,-0.540052,0.218184,-0.812859,0.854643,0.0682786,-0.49352
291,-0.109936,0.560487,-0.194062,0.805106,0.848965,0.0843573,-0.49004
292,-0.152792,0.567189,-0.148307,0.810124,0.838108,0.107251,-0.483742
293,0.473583,-0.562252,0.102272,-0.820618,0.819635,0.134865,-0.473397
294,0.461219,-0.562362,0.0775894,-0.823243,0.803301,0.152921,-0.46399
295,-0.246597,0.561206,-0.057649,0.825666,0.791529,0.163515,-0.456776
296,0.427012,-0.540928,0.0302262,-0.840525,0.765248,0.180919,-0.442058
297,0.422766,-0.533317,0.017688,-0.845731,0.744181,0.190381,-0.429908
298,-0.333382,0.52614,-0.00866959,0.850354,0.729848,0.194885,-0.421125
299,0.417346,-0.513418,0.00188045,-0.858137,0.699762,0.199429,-0.404276
300,0.427139,-0.51188,-0.00176354,-0.859055,0.67717,0.198859,-0.391233
301,0.437889,-0.510297,-0.00497864,-0.859984,0.654838,0.194885,-0.378334
302,-0.403338,0.50633,0.00693332,0.862312,0.640504,0.190381,-0.36955
303,0.452019,-0.499849,-0.00637626,-0.866089,0.612468,0.177061,-0.35385
304,0.469851,-0.502842,-0.010952,-0.864309,0.593157,0.163515,-0.342683
305,0.488944,-0.505979,-0.0176247,-0.862365,0.575542,0.147171,-0.332492
306,-0.44136,0.506883,0.0242061,0.861675,0.56505,0.134865,-0.326062
307,0.537638,-0.514022,-0.0448068,-0.856606,0.546577,0.107251,-0.315718
308,0.568965,-0.516696,-0.0686322,-0.853414,0.53572,0.0843573,-0.30942
309,0.608466,-0.516287,-0.103302,-0.850162,0.527544,0.0600213,-0.304667
310,-0.359304,0.508035,0.141321,0.849664,0.523704,0.0432113,-0.302313
311,0.774159,-0.486282,-0.264081,-0.832941,0.519744,0.00870199,-0.300095
312,-0.191032,0.446847,0.309428,0.839393,0.519744,-0.00870199,-0.300095
313,-0.609218,-0.368473,0.879871,-0.30009,0.523704,-0.0432113,-0.302313
314,0.00239942,0.293694,0.455316,0.840495,0.527544,-0.0600213,-0.304667
315,-0.513982,-0.587221,0.757876,-0.284246,0.539157,-0.0921786,-0.311171
316,0.0956984,0.143582,0.455367,0.87865,0.546577,-0.107251,-0.315718
317,-0.497311,-0.750445,0.620793,-0.226821,0.56505,-0.134865,-0.326062
318,0.143163,0.0286073,0.375368,0.926434,0.575542,-0.147171,-0.332492
319,0.162088,-0.0169235,0.319446,0.947453,0.593157,-0.163515,-0.342683
320,0.179091,-0.0538729,0.255973,0.965182,0.612468,-0.177061,-0.35385
321,-0.538714,-0.957261,0.264133,-0.117833,0.640504,-0.190381,-0.36955
322,0.190069,-0.0822867,0.110633,0.990449,0.654838,-0.194885,-0.378334
323,0.200004,-0.088534,0.0369906,0.995386,0.67717,-0.198859,-0.391233
324,0.209281,-0.086236,-0.0368675,0.995592,0.699762,-0.199429,-0.404276
325,-0.611971,-0.983481,-0.163196,-0.0783133,0.729848,-0.194885,-0.421125
326,0.202073,-0.0342596,-0.173513,0.984235,0.744181,-0.190381,-0.429908
327,0.197747,0.00172184,-0.233752,0.972295,0.765248,-0.180919,-0.442058
328,-0.699593,-0.872259,-0.482169,-0.0817092,0.791529,-0.163515,-0.456776
329,0.164003,0.108472,-0.320461,0.941031,0.803301,-0.152921,-0.46399
330,0.151215,0.161689,-0.352914,0.921579,0.819635,-0.134865,-0.473397
331,0.773542,-0.234765,0.35533,-0.90478,0.838108,-0.107251,-0.483742
332,0.725437,-0.30127,0.34719,-0.888085,0.848965,-0.0843573,-0.49004
333,0.0557522,0.349513,-0.351854,0.868354,0.854643,-0.0682786,-0.49352
334,0.0288705,0.400087,-0.337934,0.851899,0.860981,-0.0432113,-0.497146
335,0.642209,-0.445817,0.314207,-0.838165,0.864942,-0.00870199,-0.499364
336,0.606935,-0.548436,0.280618,-0.7877,0.822609,0.017404,-0.56539
337,0.577812,-0.578485,0.247346,-0.777287,0.819321,0.0432113,-0.563166
338,-0.0900367,0.602484,-0.220395,0.767098,0.815677,0.0600213,-0.560518
339,0.513066,-0.6137,0.165075,-0.77209,0.804611,0.0921786,-0.553123
340,-0.171118,0.622385,-0.133288,0.771279,0.797571,0.107251,-0.548008
341,-0.217214,0.617161,-0.0900235,0.78167,0.784868,0.128309,-0.53925
342,-0.251075,0.610782,-0.0607644,0.789463,0.770011,0.147171,-0.529012
343,-0.282634,0.601161,-0.0376899,0.798239,0.753251,0.163515,-0.51747
344,-0.315353,0.587316,-0.0191583,0.809131,0.734874,0.177061,-0.504823
345,-0.354699,0.56579,-0.00419648,0.824539,0.715197,0.187579,-0.491286
346,-0.386494,0.54847,0.0016946,0.836168,0.694557,0.194885,-0.47709
347,0.370452,-0.540398,-0.00119076,-0.841409,0.665886,0.199429,-0.457933
348,-0.42154,0.537772,-0.00139524,0.843089,0.651806,0.199429,-0.447704
349,-0.443327,0.530082,-0.0060413,0.847925,0.630428,0.196587,-0.433015
350,-0.46247,0.525614,-0.0120745,0.850638,0.609535,0.190381,-0.418664
351,-0.47878,0.524394,-0.0182321,0.851281,0.589486,0.180919,-0.404899
352,-0.490792,0.527004,-0.0225926,0.849563,0.570624,0.168359,-0.391954
353,-0.499108,0.532136,-0.0243236,0.84631,0.553272,0.152921,-0.38005
354,-0.501044,0.540285,-0.0206474,0.841229,0.537726,0.134865,-0.369391
355,-0.501658,0.547217,-0.0149198,0.836858,0.524252,0.114501,-0.360159
356,-0.488028,0.557166,0.00390367,0.830392,0.513081,0.0921786,-0.352513
357,-0.473905,0.562142,0.0239358,0.826694,0.504404,0.0682786,-0.346583
358,-0.427056,0.566368,0.0752904,0.820706,0.49837,0.0432113,-0.34247
359,-0.351771,0.557326,0.153575,0.815967,0.495082,0.017404,-0.340246
360,-0.642982,-0.276868,0.910518,-0.307085,0.495082,-0.017404,-0.340246
361,-0.53958,-0.419668,0.847573,-0.324806,0.49837,-0.0432113,-0.34247
362,-0.470967,-0.534328,0.781252,-0.322705,0.504404,-0.0682786,-0.346583
363,-0.451035,-0.623666,0.72619,-0.28929,0.513081,-0.0921786,-0.352513
364,-0.437211,-0.703758,0.66214,-0.257477,0.524252,-0.114501,-0.360159
365,-0.438263,-0.773427,0.594623,-0.219624,0.537726,-0.134865,-0.369391
366,-0.440913,-0.834716,0.517988,-0.186915,0.553272,-0.152921,-0.38005
367,-0.449968,-0.886769,0.43545,-0.155,0.570624,-0.168359,-0.391954
368,-0.463511,-0.929419,0.34701,-0.125553,0.589486,-0.180919,-0.404899
369,-0.480999,-0.962361,0.253104,-0.0989953,0.609535,-0.190381,-0.418664
370,-0.501634,-0.985035,0.154624,-0.0761369,0.630428,-0.196587,-0.433015
371,-0.524696,-0.996961,0.0522988,-0.0577348,0.651806,-0.199429,-0.447704
372,0.253634,-0.0521208,-0.0392318,0.99787,0.665886,-0.199429,-0.457933
373,-0.560956,-0.986168,-0.157518,-0.0515915,0.694557,-0.194885,-0.47709
374,-0.594087,-0.963563,-0.263814,-0.0441317,0.715197,-0.187579,-0.491286
375,-0.634339,-0.928006,-0.370741,-0.0368265,0.734874,-0.177061,-0.504823
376,-0.665373,-0.880185,-0.472439,-0.045555,0.753251,-0.163515,-0.51747
377,-0.692234,-0.820908,-0.567359,-0.0649063,0.770011,-0.147171,-0.529012
378,-0.73562,-0.74677,-0.660784,-0.0754949,0.784868,-0.128309,-0.53925
379,0.784153,-0.298056,0.363281,-0.882717,0.797571,-0.107251,-0.548008
380,0.0982844,0.353903,-0.370906,0.858592,0.804611,-0.0921786,-0.553123
381,0.699126,-0.419481,0.346153,-0.839175,0.815677,-0.0600213,-0.560518
382,0.0313509,0.464861,-0.340212,0.81741,0.819321,-0.0432113,-0.563166
383,0.633258,-0.512205,0.305722,-0.802608,0.823095,-0.00870199,-0.565688
384,0.598867,-0.60955,0.272871,-0.744306,0.775713,0.017404,-0.628188
385,0.560771,-0.637734,0.231134,-0.73476,0.77261,0.0432113,-0.625712
386,0.520666,-0.65633,0.184194,-0.731645,0.766917,0.0682786,-0.621139
387,0.479224,-0.664318,0.135139,-0.735132,0.758733,0.0921786,-0.614547
388,-0.196383,0.672388,-0.1125,0.7316,0.752117,0.107251,-0.608896
389,-0.240584,0.666121,-0.0725647,0.742306,0.74014,0.128309,-0.599168
390,0.37753,-0.638926,0.0225626,-0.768937,0.720827,0.152921,-0.583942
391,0.362473,-0.626873,0.00667003,-0.779093,0.704462,0.168359,-0.570713
392,0.350467,-0.613294,-0.00363195,-0.789846,0.686674,0.180919,-0.556328
393,-0.394348,0.599111,0.00854855,0.800621,0.674447,0.187579,-0.545885
394,-0.430919,0.577323,0.0103699,0.81645,0.654984,0.194885,-0.530114
395,0.320472,-0.564269,-0.00446257,-0.825579,0.627904,0.199429,-0.508766
396,-0.472604,0.560811,-0.00473661,0.82793,0.61467,0.199429,-0.497463
397,0.327476,-0.551558,0.0165544,-0.833972,0.587591,0.194885,-0.476115
398,-0.514607,0.549985,-0.0288128,0.834677,0.574808,0.190381,-0.465198
399,0.341967,-0.549026,0.042262,-0.834736,0.549574,0.177061,-0.445305
400,-0.544757,0.554655,-0.0525121,0.830422,0.538113,0.168359,-0.435516
401,0.371755,-0.563241,0.0596037,-0.82414,0.516444,0.147171,-0.418434
402,-0.559163,0.5726,-0.0642899,0.81731,0.507086,0.134865,-0.410442
403,0.407651,-0.584179,0.0631939,-0.809161,0.490458,0.107251,-0.397333
404,-0.558288,0.594894,-0.0590922,0.801629,0.483842,0.0921786,-0.391682
405,0.453395,-0.606904,0.0433273,-0.793593,0.47339,0.0600213,-0.383442
406,-0.529185,0.615021,-0.0248227,0.78812,0.469964,0.0432113,-0.380516
407,0.59819,-0.6212,-0.0915506,-0.778286,0.466399,0.00870199,-0.377706
408,-0.108391,0.550848,0.386677,0.739626,0.466399,-0.00870199,-0.377706
409,-0.423422,-0.493944,0.784648,-0.374628,0.469964,-0.0432113,-0.380516
410,0.173398,0.327114,0.589974,0.738192,0.47339,-0.0600213,-0.383442
411,-0.381447,-0.66355,0.687823,-0.294281,0.483842,-0.0921786,-0.391682
412,0.223609,0.187226,0.540409,0.820307,0.490458,-0.107251,-0.397333
413,-0.381201,-0.796837,0.567396,-0.207635,0.507086,-0.134865,-0.410442
414,0.258023,0.0760302,0.435068,0.897182,0.516444,-0.147171,-0.418434
415,-0.39805,-0.899103,0.416938,-0.133331,0.538113,-0.168359,-0.435516
416,0.285298,-0.0016199,0.292804,0.956171,0.549574,-0.177061,-0.445305
417,-0.430719,-0.967367,0.242815,-0.0724078,0.574808,-0.190381,-0.465198
418,0.296953,-0.0318774,0.127168,0.991369,0.587591,-0.194885,-0.476115
419,-0.475859,-0.998337,0.0503127,-0.0281329,0.61467,-0.199429,-0.497463
420,0.301305,-0.0212931,-0.0416839,0.998904,0.627904,-0.199429,-0.508766
421,-0.519524,-0.988169,-0.152615,-0.0152031,0.654984,-0.194885,-0.530114
422,-0.558447,-0.966383,-0.257086,-0.00329073,0.674447,-0.187579,-0.545885
423,0.266281,0.0900696,-0.258935,0.961686,0.686674,-0.180919,-0.556328
424,0.25423,0.138166,-0.316025,0.938637,0.704462,-0.168359,-0.570713
425,-0.662079,-0.830072,-0.556961,-0.0278233,0.726131,-0.147171,-0.587796
426,-0.720092,-0.754949,-0.65508,-0.0303698,0.74014,-0.128309,-0.599168
427,-0.766288,-0.670012,-0.740578,-0.0512661,0.752117,-0.107251,-0.608896
428,0.128148,0.402905,-0.39513,0.825554,0.758733,-0.0921786,-0.614547
429,0.0854247,0.467057,-0.37778,0.799462,0.766917,-0.0682786,-0.621139
430,0.0443054,0.522883,-0.352105,0.776283,0.77261,-0.0432113,-0.625712
431,0.00302212,0.570318,-0.318535,0.757148,0.775713,-0.017404,-0.628188
432,0.589328,-0.667361,0.263712,-0.696481,0.724035,0.017404,-0.687113
433,0.530058,-0.693724,0.201756,-0.691406,0.721135,0.0432113,-0.684401
434,0.492714,-0.708656,0.158164,-0.687597,0.715819,0.0682786,-0.679396
435,-0.192193,0.716489,-0.121441,0.686946,0.71111,0.0843573,-0.674687
436,0.415237,-0.710346,0.069075,-0.700455,0.69834,0.114501,-0.662883
437,0.370471,-0.694515,0.0250279,-0.719043,0.686476,0.134865,-0.651657
438,-0.337981,0.681727,-0.00352392,0.731598,0.677775,0.147171,-0.642956
439,0.312966,-0.655426,-0.0208594,-0.754971,0.657513,0.168359,-0.624226
440,0.295271,-0.635732,-0.0280378,-0.7714,0.640908,0.180919,-0.608488
441,-0.446078,0.622313,0.0251724,0.782364,0.629538,0.187579,-0.597118
442,0.262001,-0.591056,-0.0225578,-0.806315,0.604869,0.196587,-0.574314
443,0.26303,-0.581646,-0.00820411,-0.813401,0.586051,0.199429,-0.556462
444,0.265369,-0.574108,0.00880565,-0.818733,0.567128,0.198859,-0.538505
445,0.272071,-0.571425,0.0272986,-0.8202,0.548424,0.194885,-0.52075
446,-0.569381,0.571611,-0.0462989,0.819217,0.536538,0.190381,-0.508863
447,0.285277,-0.571029,0.0671627,-0.818178,0.512941,0.177061,-0.487051
448,0.300593,-0.58029,0.0828038,-0.81019,0.49677,0.163515,-0.471684
449,0.316152,-0.591231,0.0960057,-0.800768,0.482022,0.147171,-0.457664
450,-0.617959,0.602094,-0.108212,0.791058,0.47332,0.134865,-0.448962
451,0.344362,-0.615562,0.115505,-0.779579,0.457772,0.107251,-0.43459
452,-0.62564,0.629621,-0.119155,0.767711,0.451619,0.0921786,-0.428436
453,0.36914,-0.642475,0.122773,-0.756408,0.441846,0.0600213,-0.419402
454,-0.638147,0.653495,-0.131291,0.745457,0.438661,0.0432113,-0.416217
455,0.29197,-0.653058,0.212241,-0.726958,0.435327,0.00870199,-0.413135
456,0.596793,0.263186,0.890699,0.370659,0.435327,-0.00870199,-0.413135
457,-0.292422,-0.577059,0.701055,-0.418957,0.438661,-0.0432113,-0.416217
458,0.267056,0.325577,0.65668,0.680273,0.441846,-0.0600213,-0.419402
459,-0.312108,-0.704611,0.646258,-0.293043,0.451619,-0.0921786,-0.428436
460,0.287593,0.202472,0.579741,0.789244,0.457772,-0.107251,-0.43459
461,-0.323049,-0.820601,0.53774,-0.193518,0.47332,-0.134865,-0.448962
462,0.313095,0.0984755,0.461687,0.88156,0.482022,-0.147171,-0.457664
463,0.327298,0.0556294,0.389916,0.919169,0.49677,-0.163515,-0.471684
464,0.341159,0.0206432,0.310872,0.950228,0.512941,-0.177061,-0.487051
465,-0.377377,-0.971701,0.231218,-0.0483226,0.536538,-0.190381,-0.508863
466,0.351112,-0.00757333,0.135004,0.990816,0.548424,-0.194885,-0.52075
467,0.356407,-0.00943878,0.0449564,0.998944,0.567128,-0.198859,-0.538505
468,0.357173,0.00137462,-0.0444419,0.999011,0.586051,-0.199429,-0.556462
469,0.357058,0.0207593,-0.130902,0.991178,0.604869,-0.196587,-0.574314
470,-0.509158,-0.96864,-0.247259,0.0244849,0.629538,-0.187579,-0.597118
471,0.31892,0.116044,-0.277459,0.953704,0.640908,-0.180919,-0.608488
472,0.298513,0.171852,-0.335948,0.92607,0.657513,-0.168359,-0.624226
473,-0.62626,-0.839103,-0.543947,0.00535197,0.677775,-0.147171,-0.642956
474,0.23637,0.307572,-0.408128,0.859553,0.686476,-0.134865,-0.651657
475,0.19075,0.384529,-0.415272,0.824431,0.69834,-0.114501,-0.662883
476,-0.775157,-0.595723,-0.800699,-0.0632024,0.71111,-0.0843573,-0.674687
477,0.109724,0.51636,-0.398766,0.757864,0.715819,-0.0682786,-0.679396
478,0.0721307,0.571452,-0.377437,0.728686,0.721135,-0.0432113,-0.684401
479,0.0119431,0.625593,-0.32695,0.708334,0.724035,-0.017404,-0.687113
480,0.581832,-0.72106,0.256485,-0.643652,0.667893,0.017404,-0.741801
481,-0.105619,0.745578,-0.21142,0.631993,0.666418,0.0346586,-0.740074
482,0.471666,-0.758318,0.138473,-0.637007,0.660308,0.0682786,-0.733465
483,-0.218115,0.762797,-0.0983613,0.639114,0.655982,0.0843573,-0.728401
484,0.373579,-0.749321,0.0345081,-0.661307,0.644178,0.114501,-0.715631
485,-0.329033,0.737947,-0.00614929,0.674831,0.637297,0.128309,-0.707574
486,-0.373472,0.718619,0.0198868,0.69512,0.62524,0.147171,-0.694151
487,0.269381,-0.686189,-0.0450291,-0.726028,0.60651,0.168359,-0.673889
488,-0.460777,0.668439,0.0451131,0.742397,0.596721,0.177061,-0.662428
489,-0.496316,0.645852,0.0412326,0.762349,0.580748,0.187579,-0.644671
490,-0.533691,0.622044,0.0303182,0.782395,0.563992,0.194885,-0.62605
491,0.210308,-0.602527,-0.0116183,-0.798014,0.540585,0.199429,-0.600728
492,-0.583607,0.598506,-0.0119434,0.801029,0.529282,0.199429,-0.587494
493,-0.609656,0.589583,-0.0382717,0.806801,0.511923,0.196587,-0.568221
494,-0.629236,0.58864,-0.0652632,0.805757,0.494958,0.190381,-0.549391
495,-0.646064,0.592451,-0.0915989,0.800382,0.478677,0.180919,-0.531325
496,-0.659512,0.600986,-0.115532,0.790866,0.463358,0.168359,-0.514334
497,-0.668499,0.614268,-0.135103,0.777446,0.449264,0.152921,-0.498708
498,0.272113,-0.629956,0.150491,-0.761911,0.43257,0.128309,-0.480648
499,0.280234,-0.643034,0.16807,-0.747168,0.422264,0.107251,-0.469166
500,-0.692682,0.659979,-0.178488,0.729774,0.416612,0.0921786,-0.46255
501,0.298122,-0.676013,0.189116,-0.712209,0.407578,0.0600213,-0.452776
502,0.247937,-0.676908,0.248298,-0.692924,0.403449,0.0346586,-0.448148
503,0.749064,0.269973,0.948631,0.164964,0.401974,0.017404,-0.44642
504,-0.0385509,-0.65099,0.517185,-0.555636,0.401974,-0.017404,-0.44642
505,0.423658,0.334567,0.78479,0.521698,0.403449,-0.0346586,-0.448148
506,0.346554,0.323815,0.708786,0.62671,0.407578,-0.0600213,-0.452776
507,-0.242008,-0.746112,0.601118,-0.28631,0.416612,-0.0921786,-0.46255
508,0.353248,0.211906,0.617605,0.757404,0.422264,-0.107251,-0.469166
509,0.358239,0.163925,0.55591,0.814919,0.43257,-0.128309,-0.480648
510,-0.274063,-0.886726,0.442953,-0.132324,0.449264,-0.152921,-0.498708
511,-0.285195,-0.923112,0.372884,-0.0939272,0.463358,-0.168359,-0.514334
512,-0.300472,-0.952796,0.297807,-0.0590869,0.478677,-0.180919,-0.531325
513,-0.318807,-0.975581,0.217742,-0.0288162,0.494958,-0.190381,-0.549391
514,-0.339828,-0.991056,0.1334,-0.00359325,0.511923,-0.196587,-0.568221
515,-0.367769,-0.998748,0.045496,0.0207859,0.529282,-0.199429,-0.587494
516,0.408297,0.0287734,-0.0468391,0.998488,0.540585,-0.199429,-0.600728
517,-0.421142,-0.989245,-0.139915,0.0426479,0.563992,-0.194885,-0.62605
518,-0.460912,-0.970015,-0.237045,0.0536801,0.580748,-0.187579,-0.644671
519,-0.498856,-0.940792,-0.334687,0.053802,0.596721,-0.177061,-0.662428
520,0.340072,0.20666,-0.354069,0.9121,0.60651,-0.168359,-0.673889
521,-0.591138,-0.846709,-0.53051,0.040531,0.62524,-0.147171,-0.694151
522,-0.637603,-0.782433,-0.62243,0.0194863,0.637297,-0.128309,-0.707574
523,0.229278,0.420968,-0.442716,0.791699,0.644178,-0.114501,-0.715631
524,-0.75276,-0.610329,-0.791455,-0.0331271,0.655982,-0.0843573,-0.728401
525,0.127237,0.565266,-0.413749,0.713643,0.660308,-0.0682786,-0.733465
526,0.703359,-0.632675,0.364245,-0.683409,0.666418,-0.0346586,-0.740074
527,0.0156272,0.678194,-0.330426,0.656408,0.667893,-0.017404,-0.741801
528,0.568457,-0.771424,0.243569,-0.587859,0.607633,0.017404,-0.791917
529,-0.106433,0.792902,-0.210642,0.571783,0.606298,0.0346586,-0.790079
530,0.449998,-0.804,0.118132,-0.582777,0.600725,0.0682786,-0.783011
531,-0.239659,0.806398,-0.0791349,0.586054,0.59681,0.0843573,-0.777623
532,0.318901,-0.780725,-0.01097,-0.624779,0.586044,0.114501,-0.763966
533,-0.37805,0.76801,0.0307185,0.639701,0.579817,0.128309,-0.755395
534,0.250278,-0.738682,-0.061286,-0.671263,0.564592,0.152921,-0.736081
535,0.214197,-0.708119,-0.0755233,-0.702043,0.551767,0.168359,-0.719398
536,-0.515444,0.689011,0.0691064,0.721448,0.542908,0.177061,-0.707204
537,0.171564,-0.655973,-0.062696,-0.752176,0.523015,0.190381,-0.681969
538,0.152723,-0.630002,-0.043573,-0.77537,0.507579,0.196587,-0.661867
539,0.149602,-0.616705,-0.0155061,-0.787042,0.491786,0.199429,-0.64129
540,0.148211,-0.606461,0.0163303,-0.794946,0.475905,0.198859,-0.620594
541,0.150076,-0.601011,0.0506279,-0.797636,0.460208,0.194885,-0.600131
542,0.158722,-0.603466,0.0846021,-0.792888,0.444964,0.187579,-0.580252
543,0.171736,-0.611881,0.116282,-0.782355,0.430434,0.177061,-0.561296
544,0.186264,-0.623897,0.144982,-0.76794,0.416866,0.163515,-0.54359
545,-0.725256,0.637321,-0.1715,0.751272,0.40875,0.152921,-0.53242
546,0.211894,-0.653032,0.194561,-0.731912,0.393525,0.128309,-0.513106
547,0.217219,-0.667051,0.219023,-0.71209,0.384151,0.107251,-0.50085
548,-0.759123,0.685409,-0.236438,0.688703,0.379036,0.0921786,-0.49381
549,0.21746,-0.699071,0.263278,-0.664819,0.370796,0.0600213,-0.483358
550,0.170481,-0.702577,0.320972,-0.635108,0.367044,0.0346586,-0.47842
551,0.687443,0.326721,0.927774,0.180248,0.365709,0.017404,-0.476582
552,-0.00494593,-0.704682,0.488231,-0.514833,0.365709,-0.017404,-0.476582
553,0.499226,0.320485,0.826961,0.46198,0.367044,-0.0346586,-0.47842
554,0.43676,0.305622,0.762489,0.570268,0.370796,-0.0600213,-0.483358
555,-0.173143,-0.786686,0.553885,-0.272647,0.379036,-0.0921786,-0.49381
556,0.418123,0.217341,0.652414,0.72603,0.384151,-0.107251,-0.50085
557,0.418674,0.175291,0.585494,0.791499,0.393525,-0.128309,-0.513106
558,-0.218183,-0.903175,0.414967,-0.109895,0.40875,-0.152921,-0.53242
559,0.439838,0.0943872,0.431931,0.896954,0.416866,-0.163515,-0.54359
560,0.452282,0.0630327,0.343903,0.936887,0.430434,-0.177061,-0.561296
561,0.463799,0.0400441,0.249653,0.967507,0.444964,-0.187579,-0.580252
562,0.471205,0.0288338,0.150926,0.988124,0.460208,-0.194885,-0.600131
563,0.471376,0.0326097,0.0501235,0.998211,0.475905,-0.198859,-0.620594
564,0.468103,0.0474323,-0.0494919,0.997648,0.491786,-0.199429,-0.64129
565,0.463294,0.0709612,-0.145527,0.986806,0.507579,-0.196587,-0.661867
566,0.441677,0.117441,-0.232825,0.965402,0.523015,-0.190381,-0.681969
567,-0.445336,-0.944666,-0.318726,0.0775919,0.542908,-0.177061,-0.707204
568,0.394284,0.228583,-0.376759,0.897665,0.551767,-0.168359,-0.719398
569,0.355458,0.30192,-0.424315,0.853699,0.564592,-0.152921,-0.736081
570,-0.590243,-0.797526,-0.601771,0.0427014,0.579817,-0.128309,-0.755395
571,0.281943,0.443791,-0.479163,0.757266,0.586044,-0.114501,-0.763966
572,-0.735422,-0.620722,-0.784027,0.0025456,0.59681,-0.0843573,-0.777623
573,0.144608,0.61034,-0.428484,0.666248,0.600725,-0.0682786,-0.783011
574,0.699835,-0.685754,0.36103,-0.631981,0.606298,-0.0346586,-0.790079
575,0.0247296,0.724874,-0.338982,0.599707,0.607633,-0.017404,-0.791917
576,-0.0480474,0.810298,-0.269842,0.520195,0.543962,0.00870199,-0.837612
577,0.489255,-0.837925,0.162434,-0.521054,0.54144,0.0432113,-0.833838
578,0.402823,-0.842829,0.0737018,-0.533112,0.537439,0.0682786,-0.827729
579,0.343747,-0.835238,0.0141266,-0.549707,0.531692,0.0921786,-0.818931
580,-0.367449,0.820041,0.0294196,0.571548,0.527146,0.107251,-0.811511
581,-0.427041,0.795254,0.0674755,0.602509,0.518762,0.128309,-0.798558
582,0.202569,-0.76466,-0.0925391,-0.637755,0.505099,0.152921,-0.77811
583,-0.514675,0.744805,0.0908434,0.661069,0.497884,0.163515,-0.766337
584,-0.566285,0.710922,0.0912355,0.697328,0.485747,0.177061,-0.74762
585,0.114056,-0.672834,-0.080723,-0.735376,0.467895,0.190381,-0.720903
586,-0.649828,0.6545,0.0524603,0.75424,0.459112,0.194885,-0.706569
587,0.0920304,-0.633133,-0.0191422,-0.773806,0.439954,0.199429,-0.677898
588,-0.705689,0.626263,-0.0196959,0.779363,0.430861,0.199429,-0.663059
589,-0.732289,0.617931,-0.0614006,0.783831,0.416731,0.196587,-0.641308
590,0.0997266,-0.619829,0.10275,-0.777981,0.398066,0.187579,-0.613374
591,0.115892,-0.631304,0.139942,-0.762805,0.385068,0.177061,-0.593338
592,-0.771489,0.643034,-0.175589,0.745436,0.377194,0.168359,-0.580487
593,-0.785055,0.656043,-0.209233,0.725141,0.365718,0.152921,-0.562848
594,0.150735,-0.672359,0.238604,-0.700715,0.352054,0.128309,-0.5424
595,0.762948,0.557254,0.788344,-0.260732,0.346519,0.114501,-0.533366
596,0.753684,0.498011,0.850131,-0.171064,0.339124,0.0921786,-0.522027
597,0.739778,0.439614,0.895335,-0.0715201,0.333378,0.0682786,-0.513228
598,0.12842,-0.733821,0.359675,-0.576317,0.328376,0.0346586,-0.505744
599,0.662112,0.358997,0.918172,0.167573,0.327189,0.017404,-0.503807
600,9.53949e-05,-0.744779,0.483845,-0.459563,0.327189,-0.017404,-0.503807
601,0.529835,0.332342,0.842729,0.423504,0.328376,-0.0346586,-0.505744
602,-0.0932389,-0.789434,0.528768,-0.311766,0.333378,-0.0682786,-0.513228
603,-0.115975,-0.822639,0.512666,-0.245843,0.339124,-0.0921786,-0.522027
604,-0.130558,-0.857278,0.479342,-0.187898,0.346519,-0.114501,-0.533366
605,0.479276,0.183312,0.613034,0.768496,0.352054,-0.128309,-0.5424
606,-0.159287,-0.919126,0.384062,-0.0877736,0.365718,-0.152921,-0.562848
607,-0.174676,-0.944527,0.325151,-0.0463176,0.377194,-0.168359,-0.580487
608,0.507556,0.0831092,0.35876,0.929723,0.385068,-0.177061,-0.593338
609,0.522288,0.058505,0.261085,0.963541,0.398066,-0.187579,-0.613374
610,-0.218695,-0.992809,0.115194,0.0325726,0.416731,-0.196587,-0.641308
611,-0.246958,-0.997591,0.0394869,0.0570314,0.430861,-0.199429,-0.663059
612,0.524957,0.0690482,-0.05185,0.996265,0.439954,-0.199429,-0.677898
613,-0.306658,-0.988692,-0.123441,0.0851556,0.459112,-0.194885,-0.706569
614,0.498569,0.137673,-0.24506,0.959683,0.467895,-0.190381,-0.720903
615,-0.395725,-0.947068,-0.303104,0.105783,0.485747,-0.177061,-0.74762
616,-0.450418,-0.910342,-0.399088,0.10957,0.497884,-0.163515,-0.766337
617,0.401684,0.328086,-0.4472,0.832089,0.505099,-0.152921,-0.77811
618,-0.542647,-0.812035,-0.579607,0.0682282,0.518762,-0.128309,-0.798558
619,-0.606768,-0.740081,-0.671055,0.0443345,0.527146,-0.107251,-0.811511
620,0.249643,0.562479,-0.48981,0.666111,0.531692,-0.0921786,-0.818931
621,0.188507,0.636601,-0.465133,0.615135,0.537439,-0.0682786,-0.827729
622,0.0998131,0.713863,-0.402345,0.573165,0.54144,-0.0432113,-0.833838
623,0.635842,-0.779609,0.308173,-0.545196,0.543962,-0.00870199,-0.837612
624,0.551825,-0.856807,0.227437,-0.462769,0.476269,0.017404,-0.877223
625,0.443498,-0.877628,0.118011,-0.464589,0.474349,0.0432113,-0.873748
626,-0.249286,0.881867,-0.0715542,0.466038,0.472304,0.0600213,-0.869735
627,0.289326,-0.863492,-0.0346863,-0.503168,0.465801,0.0921786,-0.858122
628,-0.416068,0.846659,0.0697728,0.527542,0.46185,0.107251,-0.850369
629,-0.47538,0.81983,0.103584,0.56316,0.454509,0.128309,-0.836798
630,0.144598,-0.782828,-0.130217,-0.60846,0.442492,0.152921,-0.815341
631,0.108004,-0.749423,-0.133473,-0.648498,0.432436,0.168359,-0.796856
632,0.0694734,-0.711306,-0.126216,-0.691457,0.421506,0.180919,-0.776758
633,0.0553633,-0.688058,-0.0988478,-0.718892,0.409892,0.190381,-0.755391
634,-0.703517,0.67328,0.0624681,0.736744,0.40226,0.194885,-0.740413
635,0.0342248,-0.649054,-0.022729,-0.760403,0.385411,0.199429,-0.710326
636,-0.76459,0.641482,-0.0233372,0.766783,0.37751,0.199429,-0.694819
637,0.0315265,-0.631864,0.0725733,-0.771674,0.360661,0.194885,-0.664734
638,0.0428878,-0.63712,0.119896,-0.761382,0.348715,0.187579,-0.642716
639,0.0574549,-0.64762,0.164231,-0.744054,0.337329,0.177061,-0.62172
640,0.740726,0.700792,0.516231,-0.492338,0.330486,0.168359,-0.608292
641,0.0833757,-0.67478,0.243957,-0.696532,0.317004,0.147171,-0.584217
642,0.094559,-0.691441,0.278281,-0.666685,0.308413,0.128309,-0.56835
643,0.709364,0.573958,0.773047,-0.270129,0.303604,0.114501,-0.55891
644,0.701482,0.521962,0.834031,-0.178741,0.297122,0.0921786,-0.547025
645,0.691967,0.469131,0.879569,-0.0792087,0.292082,0.0682786,-0.537802
646,0.0967313,-0.763449,0.388409,-0.516027,0.287684,0.0346586,-0.529949
647,0.0596911,-0.773125,0.430998,-0.465316,0.286355,0.00870199,-0.527438
648,0.589995,0.370225,0.887625,0.273963,0.286355,-0.00870199,-0.527438
649,0.552831,0.346087,0.854045,0.38837,0.287684,-0.0346586,-0.529949
650,-0.0509148,-0.825836,0.49505,-0.270038,0.292082,-0.0682786,-0.537802
651,-0.0671507,-0.854084,0.47612,-0.209407,0.297122,-0.0921786,-0.547025
652,-0.0783671,-0.88286,0.443241,-0.155226,0.303604,-0.114501,-0.55891
653,0.534366,0.193241,0.636079,0.747035,0.308413,-0.128309,-0.56835
654,0.543537,0.156975,0.557074,0.815492,0.317004,-0.147171,-0.584217
655,-0.116919,-0.954117,0.298583,-0.0225756,0.330486,-0.168359,-0.608292
656,0.565473,0.0997208,0.373169,0.922389,0.337329,-0.177061,-0.62172
657,0.57868,0.0785601,0.271248,0.959298,0.348715,-0.187579,-0.642716
658,0.588217,0.0675923,0.164363,0.984081,0.360661,-0.194885,-0.664734
659,-0.188636,-0.996348,0.0363743,0.0772502,0.37751,-0.199429,-0.694819
660,0.582323,0.0900616,-0.0540579,0.994468,0.385411,-0.199429,-0.710326
661,-0.253681,-0.98714,-0.115257,0.11077,0.40226,-0.194885,-0.740413
662,0.556911,0.155908,-0.256789,0.953809,0.409892,-0.190381,-0.755391
663,0.540429,0.19999,-0.346448,0.916503,0.421506,-0.180919,-0.776758
664,0.498403,0.271675,-0.41719,0.867263,0.432436,-0.168359,-0.796856
665,0.459007,0.342384,-0.47426,0.81108,0.442492,-0.152921,-0.815341
666,-0.496053,-0.825067,-0.556642,0.0970225,0.454509,-0.128309,-0.836798
667,-0.560385,-0.75874,-0.647555,0.0706077,0.46185,-0.107251,-0.850369
668,0.301548,0.578064,-0.52814,0.622021,0.465801,-0.0921786,-0.858122
669,-0.736932,-0.562176,-0.826991,0.00663255,0.472304,-0.0600213,-0.869735
670,0.139001,0.738621,-0.437084,0.513221,0.474349,-0.0432113,-0.873748
671,0.0299097,0.808066,-0.343842,0.478332,0.476269,-0.017404,-0.877223
672,0.514391,-0.896612,0.190915,-0.399548,0.405975,0.017404,-0.911886
673,-0.188055,0.910875,-0.131837,0.391058,0.405106,0.0346586,-0.909787
674,0.318065,-0.907204,-0.00648939,-0.420641,0.401338,0.0682786,-0.901613
675,0.216509,-0.881917,-0.0998008,-0.46072,0.397038,0.0921786,-0.892023
676,-0.478017,0.864682,0.120943,0.487542,0.393708,0.107251,-0.883983
677,-0.529256,0.838782,0.14356,0.5252,0.387454,0.128309,-0.869879
678,0.0744163,-0.791917,-0.17524,-0.584944,0.377158,0.152921,-0.847545
679,0.0383148,-0.757363,-0.170719,-0.630282,0.368582,0.168359,-0.828328
680,-0.694057,0.733971,0.145672,0.663375,0.362814,0.177061,-0.814403
681,-0.0117488,-0.696673,-0.11915,-0.707425,0.349361,0.190381,-0.785223
682,-0.0231947,-0.675823,-0.0762066,-0.733114,0.339045,0.196587,-0.762071
683,-0.0267604,-0.662305,-0.0264292,-0.748768,0.328492,0.199429,-0.738376
684,0.747564,0.753752,0.0597167,-0.654441,0.321832,0.199429,-0.722297
685,-0.0242589,-0.649307,0.0825661,-0.756031,0.307395,0.194885,-0.690983
686,0.707799,0.744213,0.29124,-0.601104,0.300962,0.190381,-0.675451
687,0.690411,0.728326,0.399922,-0.55642,0.29106,0.180919,-0.653239
688,0.678599,0.703086,0.502427,-0.503226,0.281742,0.168359,-0.632346
689,0.670901,0.669899,0.597439,-0.440797,0.273166,0.152921,-0.61313
690,0.040226,-0.70833,0.315812,-0.631293,0.262871,0.128309,-0.590796
691,0.657291,0.589748,0.756025,-0.283943,0.258816,0.114501,-0.581008
692,0.0668933,-0.750781,0.370247,-0.547032,0.251535,0.0843573,-0.565214
693,0.646006,0.497439,0.862521,-0.0928035,0.248987,0.0682786,-0.559061
694,0.0634197,-0.78667,0.418171,-0.454185,0.245218,0.0346586,-0.550886
695,0.0455697,-0.801287,0.44366,-0.401379,0.244089,0.00870199,-0.54828
696,0.594539,0.386865,0.889687,0.242471,0.244089,-0.00870199,-0.54828
697,0.577287,0.355064,0.865568,0.35316,0.245218,-0.0346586,-0.550886
698,-0.0129501,-0.857533,0.464055,-0.222013,0.248987,-0.0682786,-0.559061
699,-0.0221224,-0.881643,0.441413,-0.166914,0.253287,-0.0921786,-0.568651
700,-0.0289119,-0.905429,0.407899,-0.117543,0.258816,-0.114501,-0.581008
701,0.586661,0.203044,0.656186,0.726769,0.262871,-0.128309,-0.590796
702,-0.0462271,-0.946449,0.321121,-0.0333976,0.273166,-0.152921,-0.61313
703,-0.0559363,-0.963015,0.269446,-0.000261077,0.281742,-0.168359,-0.632346
704,-0.0688818,-0.976251,0.214703,0.0289264,0.29106,-0.180919,-0.653239
705,-0.0878629,-0.985824,0.157783,0.0570615,0.300962,-0.190381,-0.675451
706,0.643378,0.089999,0.169913,0.981341,0.307395,-0.194885,-0.690983
707,-0.130411,-0.994684,0.0331432,0.0974973,0.321832,-0.199429,-0.722297
708,0.643279,0.107456,-0.0562111,0.992619,0.328492,-0.199429,-0.738376
709,0.638446,0.129113,-0.165977,0.977641,0.339045,-0.196587,-0.762071
710,0.624518,0.164657,-0.269292,0.948878,0.349361,-0.190381,-0.785223
711,-0.268685,-0.955595,-0.259796,0.139081,0.362814,-0.177061,-0.814403
712,0.568113,0.274591,-0.441774,0.85407,0.368582,-0.168359,-0.828328
713,0.529626,0.342453,-0.505409,0.792015,0.377158,-0.152921,-0.847545
714,-0.442911,-0.839607,-0.528999,0.12337,0.387454,-0.128309,-0.869879
715,-0.499202,-0.783776,-0.614429,0.090404,0.393708,-0.107251,-0.883983
716,0.373324,0.574413,-0.578779,0.578848,0.397038,-0.0921786,-0.892023
717,0.263635,0.680682,-0.525731,0.510176,0.401338,-0.0682786,-0.901613
718,0.760982,-0.787769,0.416089,-0.454192,0.405106,-0.0346586,-0.909787
719,0.0567264,0.833713,-0.368834,0.410956,0.405975,-0.017404,-0.911886
720,-0.110518,0.92206,-0.209338,0.325549,0.333396,0.00870199,-0.941455
721,0.362935,-0.940139,0.0392782,-0.33852,0.331825,0.0432113,-0.937196
722,0.230108,-0.923449,-0.0896519,-0.3731,0.32936,0.0682786,-0.930322
723,-0.466159,0.908178,0.123533,0.399939,0.327302,0.0843573,-0.923987
724,-0.533868,0.88064,0.166702,0.443491,0.323137,0.107251,-0.912148
725,-0.585226,0.853486,0.184625,0.487314,0.31801,0.128309,-0.897596
726,-0.636646,0.822908,0.190715,0.53521,0.312006,0.147171,-0.88058
727,-0.696225,0.785165,0.188391,0.589936,0.305231,0.163515,-0.861392
728,-0.744192,0.752607,0.166431,0.63709,0.297798,0.177061,-0.840359
729,0.782917,0.681895,-0.293658,-0.669913,0.289836,0.187579,-0.817841
730,0.743327,0.713504,-0.175824,-0.678232,0.281482,0.194885,-0.794225
731,0.709352,0.734702,-0.0583061,-0.67588,0.272876,0.198859,-0.769912
732,0.686874,0.742063,0.0579806,-0.667818,0.26417,0.199429,-0.745321
733,0.664852,0.743435,0.171942,-0.646328,0.255507,0.196587,-0.720873
734,0.645999,0.73733,0.282249,-0.613743,0.247039,0.190381,-0.696983
735,0.631002,0.723661,0.38796,-0.57079,0.238911,0.180919,-0.674061
736,-0.0469502,-0.687444,0.26507,-0.676135,0.228485,0.163515,-0.645804
737,0.615072,0.673527,0.580909,-0.457063,0.224219,0.152921,-0.632672
738,-0.012379,-0.723046,0.351271,-0.594822,0.215707,0.128309,-0.609599
739,0.606858,0.603871,0.737604,-0.302126,0.212433,0.114501,-0.599523
740,0.604296,0.564453,0.79805,-0.21097,0.207889,0.0921786,-0.586771
741,0.607635,0.51928,0.846891,-0.114559,0.204355,0.0682786,-0.576873
742,0.0379789,-0.807871,0.440613,-0.391414,0.20124,0.0346586,-0.568428
743,0.597336,0.442692,0.89095,0.101152,0.200538,0.017404,-0.566267
744,0.0350133,-0.846174,0.453076,-0.280557,0.200538,-0.017404,-0.566267
745,0.593792,0.367416,0.873065,0.320566,0.20124,-0.0346586,-0.568428
746,0.0215775,-0.884311,0.43528,-0.168894,0.204355,-0.0682786,-0.576873
747,0.0219215,-0.90562,0.406608,-0.120508,0.207889,-0.0921786,-0.586771
748,0.0176501,-0.924494,0.373727,-0.07509,0.212433,-0.114501,-0.599523
749,0.636336,0.212952,0.673621,0.707733,0.215707,-0.128309,-0.609599
750,0.00760775,-0.957132,0.28965,-0.00130312,0.224219,-0.152921,-0.632672
751,0.66883,0.150779,0.500071,0.852757,0.228485,-0.163515,-0.645804
752,-0.010779,-0.980001,0.191866,0.052775,0.238911,-0.180919,-0.674061
753,-0.0270855,-0.987115,0.140466,0.0766329,0.247039,-0.190381,-0.696983
754,-0.0471901,-0.991419,0.0866027,0.0979199,0.255507,-0.196587,-0.720873
755,-0.0703335,-0.992811,0.0296928,0.11595,0.26417,-0.199429,-0.745321
756,-0.0932348,-0.991414,-0.0303519,0.12719,0.272876,-0.198859,-0.769912
757,-0.126723,-0.985385,-0.0943744,0.141806,0.281482,-0.194885,-0.794225
758,-0.17405,-0.972827,-0.165857,0.161551,0.289836,-0.187579,-0.817841
759,-0.2208,-0.954992,-0.242344,0.171054,0.297798,-0.177061,-0.840359
760,-0.269452,-0.930769,-0.322952,0.171382,0.305231,-0.163515,-0.861392
761,-0.331067,-0.895247,-0.411877,0.169971,0.312006,-0.147171,-0.88058
762,-0.386773,-0.853963,-0.498166,0.150256,0.31801,-0.128309,-0.897596
763,-0.444102,-0.804126,-0.582639,0.117953,0.323137,-0.107251,-0.912148
764,-0.519868,-0.735423,-0.672627,0.082005,0.327302,-0.0843573,-0.923987
765,0.349233,0.663537,-0.591147,0.458545,0.32936,-0.0682786,-0.930322
766,0.203792,0.777137,-0.493014,0.391146,0.331825,-0.0432113,-0.937196
767,0.660732,-0.877329,0.331701,-0.346798,0.333396,-0.00870199,-0.941455
768,-0.1344,0.948897,-0.18598,0.254965,0.258503,0.00870199,-0.96471
769,0.236943,-0.954364,-0.0841827,-0.286535,0.257271,0.0432113,-0.960341
770,-0.472779,0.939109,0.139512,0.314023,0.256219,0.0600213,-0.955961
771,0.0945405,-0.908584,-0.207519,-0.362507,0.252606,0.0921786,-0.943151
772,-0.605345,0.886058,0.224437,0.405623,0.250575,0.107251,-0.934689
773,-0.643768,0.863594,0.226983,0.450204,0.246605,0.128309,-0.91978
774,-0.0392058,-0.81674,-0.246206,-0.521841,0.239929,0.152921,-0.89611
775,-0.080039,-0.78046,-0.231987,-0.580572,0.234465,0.168359,-0.875789
776,-0.109207,-0.749262,-0.199606,-0.631477,0.228529,0.180919,-0.853695
777,-0.130302,-0.722746,-0.153645,-0.673818,0.222225,0.190381,-0.830207
778,-0.140453,-0.704192,-0.0967133,-0.703391,0.215657,0.196587,-0.805727
779,0.651235,0.720891,-0.0564755,-0.690743,0.211629,0.198859,-0.788949
780,-0.146062,-0.681676,0.0340231,-0.730863,0.202189,0.198859,-0.755475
781,0.607301,0.730777,0.166331,-0.662041,0.198161,0.196587,-0.738697
782,0.586487,0.728589,0.272599,-0.628369,0.191593,0.190381,-0.714217
783,0.572362,0.718057,0.374806,-0.586442,0.185288,0.180919,-0.690729
784,0.562846,0.700898,0.471589,-0.535114,0.179353,0.168359,-0.668635
785,0.555644,0.679076,0.561315,-0.473056,0.173889,0.152921,-0.648314
786,-0.0607031,-0.737234,0.382982,-0.556606,0.167213,0.128309,-0.624644
787,0.560109,0.614323,0.718818,-0.325436,0.16474,0.114501,-0.614342
788,-0.0210901,-0.779405,0.440615,-0.445405,0.160019,0.0843573,-0.597604
789,0.568118,0.540763,0.829468,-0.13985,0.158465,0.0682786,-0.591128
790,0.019118,-0.826909,0.457049,-0.327608,0.156021,0.0346586,-0.582464
791,0.583023,0.461414,0.884422,0.0699661,0.155491,0.017404,-0.580256
792,0.0423115,-0.86863,0.446567,-0.214614,0.155491,-0.017404,-0.580256
793,0.605946,0.380732,0.878436,0.288777,0.156021,-0.0346586,-0.582464
794,0.0542439,-0.906277,0.407587,-0.111961,0.158465,-0.0682786,-0.591128
795,0.642765,0.29739,0.813242,0.500196,0.160019,-0.0843573,-0.597604
796,0.0610854,-0.939595,0.341112,-0.0283564,0.16474,-0.114501,-0.614342
797,0.681721,0.224835,0.688123,0.689882,0.167213,-0.128309,-0.624644
798,0.0654209,-0.966519,0.254924,0.0292297,0.173889,-0.152921,-0.648314
799,0.0573149,-0.975523,0.212781,0.0554994,0.179353,-0.168359,-0.668635
800,0.0464422,-0.982562,0.168745,0.0780809,0.185288,-0.180919,-0.690729
801,0.0312158,-0.987418,0.123372,0.098919,0.191593,-0.190381,-0.714217
802,0.00938441,-0.989757,0.0765664,0.120495,0.198161,-0.196587,-0.738697
803,0.762134,0.133703,0.0601031,0.989197,0.202189,-0.198859,-0.755475
804,-0.0350145,-0.988716,-0.0269234,0.147365,0.211629,-0.198859,-0.788949
805,-0.0755099,-0.981839,-0.0855023,0.169359,0.2183,-0.194885,-0.813861
806,0.733798,0.205996,-0.286857,0.935563,0.222225,-0.190381,-0.830207
807,0.712888,0.247114,-0.38859,0.887656,0.228529,-0.180919,-0.853695
808,0.682371,0.299359,-0.477337,0.826156,0.234465,-0.168359,-0.875789
809,0.649487,0.35495,-0.552461,0.754187,0.239929,-0.152921,-0.89611
810,-0.3291,-0.867168,-0.464865,0.178662,0.246605,-0.128309,-0.91978
811,-0.372862,-0.830725,-0.538905,0.139562,0.250575,-0.107251,-0.934689
812,0.493442,0.567749,-0.656736,0.496345,0.252606,-0.0921786,-0.943151
813,-0.521399,-0.703161,-0.709153,0.0516465,0.256219,-0.0600213,-0.955961
814,0.327742,0.733789,-0.594062,0.329613,0.257271,-0.0432113,-0.960341
815,0.639729,-0.908697,0.311861,-0.277511,0.258503,-0.00870199,-0.96471
816,0.174264,-0.968245,-0.146762,-0.202394,0.181883,0.017404,-0.981463
817,-0.523557,0.953522,0.195511,0.229284,0.181527,0.0346586,-0.97922
818,-0.546661,0.942988,0.208274,0.259607,0.180425,0.0600213,-0.973117
819,-0.00320047,-0.899446,-0.291685,-0.325449,0.177829,0.0921786,-0.960063
820,-0.694879,0.878497,0.295145,0.375676,0.176468,0.107251,-0.951469
821,-0.0785587,-0.845299,-0.303771,-0.439537,0.172337,0.134865,-0.930703
822,-0.133485,-0.804088,-0.302718,-0.511668,0.168882,0.152921,-0.912173
823,-0.161842,-0.775347,-0.272489,-0.569725,0.165029,0.168359,-0.891485
824,-0.189818,-0.74571,-0.230758,-0.625034,0.160845,0.180919,-0.868993
825,-0.205372,-0.723907,-0.174404,-0.66749,0.156402,0.190381,-0.845083
826,-0.207756,-0.711658,-0.107904,-0.69419,0.151776,0.196587,-0.820163
827,0.58726,0.710867,-0.0542398,-0.701232,0.149077,0.198859,-0.803121
828,-0.208046,-0.693626,0.0374258,-0.719363,0.142291,0.198859,-0.769009
829,0.545738,0.720546,0.159724,-0.674761,0.139592,0.196587,-0.751967
830,-0.195299,-0.690771,0.186922,-0.698495,0.133038,0.187579,-0.719017
831,-0.176738,-0.700635,0.255122,-0.666351,0.128697,0.177061,-0.695532
832,0.509159,0.695847,0.455134,-0.555563,0.126339,0.168359,-0.680646
833,-0.140802,-0.72462,0.374089,-0.578778,0.120956,0.147171,-0.653583
834,0.502776,0.655811,0.623099,-0.426216,0.119031,0.134865,-0.641428
835,0.510734,0.625326,0.697306,-0.35033,0.116031,0.114501,-0.625374
836,-0.0596294,-0.789904,0.470387,-0.39343,0.112639,0.0843573,-0.608318
837,0.528045,0.560896,0.810506,-0.168749,0.111597,0.0682786,-0.60174
838,0.553594,0.514768,0.854407,-0.0707277,0.110238,0.0432113,-0.594565
839,0.0211172,-0.861644,0.465372,-0.202479,0.109352,0.00870199,-0.590112
840,0.597348,0.430294,0.890944,0.145142,0.109352,-0.00870199,-0.590112
841,0.0650127,-0.903998,0.416762,-0.0953828,0.110238,-0.0432113,-0.594565
842,0.0877954,-0.924018,0.378682,-0.0528231,0.111597,-0.0682786,-0.60174
843,0.675338,0.305412,0.825126,0.47528,0.112639,-0.0843573,-0.608318
844,0.107068,-0.951881,0.305884,0.0189039,0.116031,-0.114501,-0.625374
845,0.116242,-0.963806,0.263065,0.0433104,0.119031,-0.134865,-0.641428
846,0.760112,0.197044,0.619946,0.7595,0.120956,-0.147171,-0.653583
847,0.109663,-0.97864,0.185619,0.0883756,0.126339,-0.168359,-0.680646
848,-0.77586,0.983257,-0.146883,-0.107847,0.128697,-0.177061,-0.695532
849,-0.758075,0.987263,-0.105182,-0.119366,0.133038,-0.187579,-0.719017
850,0.0701939,-0.988125,0.0655131,0.138985,0.139592,-0.196587,-0.751967
851,-0.747625,0.988471,-0.0222994,-0.149762,0.142291,-0.198859,-0.769009
852,0.0245948,-0.985819,-0.0233192,0.166183,0.149077,-0.198859,-0.803121
853,-0.755281,0.982254,0.0719656,-0.173199,0.151776,-0.196587,-0.820163
854,-0.761153,0.976673,0.123285,-0.175816,0.156402,-0.190381,-0.845083
855,-0.778186,0.966994,0.180265,-0.180077,0.160845,-0.180919,-0.868993
856,0.760391,0.290008,-0.498105,0.817182,0.165029,-0.168359,-0.891485
857,-0.17058,-0.92618,-0.324247,0.192495,0.170412,-0.147171,-0.918548
858,0.680889,0.405471,-0.640139,0.652545,0.172337,-0.134865,-0.930703
859,-0.281223,-0.864391,-0.478679,0.153933,0.176468,-0.107251,-0.951469
860,0.595525,0.522646,-0.71558,0.46345,0.177829,-0.0921786,-0.960063
861,-0.441129,-0.750259,-0.656546,0.0778406,0.180425,-0.0600213,-0.973117
862,-0.459479,-0.722434,-0.69143,-0.00359534,0.181527,-0.0346586,-0.97922
863,0.409681,0.721321,-0.666601,0.187984,0.181883,-0.017404,-0.981463
864,-0.0513156,-0.921912,-0.36381,-0.133121,0.104317,0.017404,-0.992709
865,-0.672636,0.92509,0.336099,0.176767,0.104139,0.0346586,-0.990444
866,-0.0421863,-0.913348,-0.339893,-0.224204,0.10308,0.0682786,-0.981505
867,-0.109698,-0.87744,-0.380195,-0.292492,0.101955,0.0921786,-0.971055
868,0.777774,0.500168,-0.744883,-0.441566,0.101272,0.107251,-0.962381
869,-0.168941,-0.831012,-0.364624,-0.420082,0.098784,0.134865,-0.941355
870,0.693777,0.58124,-0.567852,-0.582841,0.0978186,0.147171,-0.929087
871,-0.237428,-0.772152,-0.308299,-0.555638,0.0945753,0.168359,-0.901685
872,0.610321,0.649096,-0.364824,-0.667516,0.0933926,0.177061,-0.886659
873,0.576307,0.672585,-0.260498,-0.692655,0.0909066,0.187579,-0.862905
874,-0.275022,-0.718853,-0.118593,-0.684971,0.0869586,0.196587,-0.829543
875,0.522132,0.701538,-0.0517374,-0.710751,0.0856053,0.198859,-0.812341
876,-0.269826,-0.705526,0.0406707,-0.707516,0.0815173,0.198859,-0.777803
877,0.485679,0.708964,0.152707,-0.688513,0.0801633,0.196587,-0.760601
878,-0.252697,-0.703899,0.201626,-0.681083,0.076214,0.187579,-0.727239
879,-0.232979,-0.712548,0.275053,-0.645462,0.0737293,0.177061,-0.703485
880,0.453203,0.691432,0.436558,-0.575621,0.0725467,0.168359,-0.688459
881,-0.190788,-0.735077,0.40077,-0.54685,0.0693033,0.147171,-0.661057
882,-0.162926,-0.752571,0.447043,-0.483518,0.0674387,0.128309,-0.643111
883,0.461135,0.634688,0.673985,-0.378042,0.0666073,0.114501,-0.632549
884,0.4706,0.609764,0.736365,-0.293179,0.0651667,0.0921786,-0.619089
885,-0.0665198,-0.818134,0.507583,-0.270215,0.0636027,0.0600213,-0.605872
886,0.527591,0.529662,0.84159,-0.105756,0.0632493,0.0432113,-0.601381
887,0.0138897,-0.871445,0.471757,-0.134272,0.0627153,0.00870199,-0.596872
888,0.597909,0.439844,0.891207,0.110847,0.0627153,-0.00870199,-0.596872
889,0.0842145,-0.916234,0.399633,-0.0284498,0.0632493,-0.0432113,-0.601381
890,0.677841,0.346167,0.874512,0.339701,0.0636027,-0.0600213,-0.605872
891,0.137261,-0.94917,0.311892,0.0424129,0.0651667,-0.0921786,-0.619089
892,0.155574,-0.961114,0.268033,0.066472,0.0666073,-0.114501,-0.632549
893,0.780628,0.235571,0.71473,0.658534,0.0674387,-0.128309,-0.643111
894,-0.761652,0.974941,-0.194569,-0.107857,0.0693033,-0.147171,-0.661057
895,0.164667,-0.980392,0.156533,0.119705,0.0725467,-0.168359,-0.688459
896,-0.72027,0.983051,-0.123462,-0.135525,0.0737293,-0.177061,-0.703485
897,-0.701131,0.985777,-0.0877019,-0.143358,0.076214,-0.187579,-0.727239
898,0.129421,-0.985761,0.0545086,0.15907,0.0801633,-0.196587,-0.760601
899,-0.686784,0.985723,-0.0185085,-0.167355,0.0815173,-0.198859,-0.777803
900,0.0894838,-0.983527,-0.0193014,0.179726,0.0856053,-0.198859,-0.812341
901,-0.685854,0.98127,0.0591994,-0.183316,0.0869586,-0.196587,-0.829543
902,0.0288543,-0.973585,-0.106923,0.201744,0.0909066,-0.187579,-0.862905
903,-0.00776043,-0.964906,-0.158566,0.209316,0.0933926,-0.177061,-0.886659
904,-0.732799,0.957819,0.207387,-0.198928,0.0945753,-0.168359,-0.901685
905,-0.0986279,-0.935434,-0.282109,0.21302,0.0978186,-0.147171,-0.929087
906,0.766482,0.378037,-0.671538,0.637279,0.098784,-0.134865,-0.941355
907,-0.180482,-0.897461,-0.407854,0.167984,0.101272,-0.107251,-0.962381
908,0.706578,0.462699,-0.771101,0.437393,0.101955,-0.0921786,-0.971055
909,0.639495,0.53492,-0.778161,0.329129,0.10308,-0.0682786,-0.981505
910,-0.28099,-0.830453,-0.556934,0.0131716,0.104139,-0.0346586,-0.990444
911,0.693399,0.517201,-0.847809,0.117145,0.104317,-0.017404,-0.992709
912,0.782297,0.451819,-0.891181,-0.0406946,0.0261534,0.00870199,-0.998401
913,-0.762246,0.901071,0.41721,0.118348,0.026108,0.0346586,-0.995561
914,-0.15299,-0.881471,-0.435547,-0.182503,0.0257547,0.0682786,-0.986567
915,-0.205522,-0.851529,-0.456188,-0.25844,0.025452,0.0921786,-0.976061
916,0.685514,0.543571,-0.707647,-0.451405,0.025452,0.107251,-0.967359
917,-0.24955,-0.817775,-0.416405,-0.397304,0.0246214,0.134865,-0.946204
918,-0.28335,-0.792045,-0.386822,-0.472265,0.0241067,0.152921,-0.927361
919,0.574196,0.627686,-0.443816,-0.639561,0.0241067,0.163515,-0.913553
920,-0.321401,-0.754796,-0.278318,-0.593989,0.022924,0.180919,-0.883456
921,-0.329829,-0.741927,-0.206603,-0.637856,0.022276,0.190381,-0.859145
922,0.485576,0.678651,-0.148394,-0.719313,0.022276,0.194885,-0.842335
923,0.456476,0.69244,-0.0489894,-0.719811,0.0216054,0.198859,-0.816554
924,-0.332034,-0.716895,0.0437827,-0.695805,0.02024,0.198859,-0.7818
925,0.425495,0.697161,0.145109,-0.702075,0.02024,0.196587,-0.764545
926,0.408878,0.699094,0.238156,-0.674203,0.0195687,0.190381,-0.739209
927,0.39815,0.696233,0.328316,-0.638333,0.0189207,0.180919,-0.714898
928,0.390652,0.690688,0.414207,-0.592776,0.0183074,0.168359,-0.692029
929,0.39022,0.679847,0.496609,-0.539617,0.017738,0.152921,-0.670993
930,0.400064,0.661398,0.576626,-0.479641,0.017224,0.134865,-0.652152
931,0.407647,0.644837,0.64698,-0.406943,0.0167727,0.114501,-0.635826
932,-0.145291,-0.792532,0.534009,-0.294493,0.01609,0.0843573,-0.618449
933,-0.088741,-0.824464,0.525233,-0.21069,0.01587,0.0600213,-0.608994
934,0.507205,0.537017,0.831152,-0.144221,0.01587,0.0432113,-0.60449
935,0.00687413,-0.875948,0.477902,-0.0657634,0.015692,0.00870199,-0.599954
936,0.598291,0.446854,0.891371,0.0760156,0.015692,-0.00870199,-0.599954
937,0.0993318,-0.921583,0.386057,0.04056,0.01587,-0.0432113,-0.60449
938,0.695965,0.354872,0.880975,0.31297,0.01587,-0.0600213,-0.608994
939,0.190633,-0.959241,0.266583,0.0937502,0.0163927,-0.0921786,-0.622294
940,0.210388,-0.968023,0.224498,0.111949,0.0167727,-0.114501,-0.635826
941,0.217613,-0.97323,0.190404,0.128725,0.017224,-0.134865,-0.652152
942,0.227226,-0.978633,0.153596,0.136692,0.017738,-0.152921,-0.670993
943,0.226516,-0.981588,0.123264,0.145912,0.0183074,-0.168359,-0.692029
944,0.218572,-0.983009,0.0961711,0.156348,0.0189207,-0.180919,-0.714898
945,0.206741,-0.983591,0.0696071,0.166443,0.0195687,-0.190381,-0.739209
946,0.188843,-0.982907,0.0432788,0.178941,0.02024,-0.196587,-0.764545
947,-0.625101,0.982808,-0.0146026,-0.184054,0.02024,-0.198859,-0.7818
948,0.155203,-0.98119,-0.0151502,0.192451,0.0216054,-0.198859,-0.816554
949,0.124078,-0.976907,-0.0490061,0.207968,0.022276,-0.194885,-0.842335
950,-0.632879,0.974056,0.0842777,-0.210027,0.022276,-0.190381,-0.859145
951,-0.644171,0.968694,0.124653,-0.214695,0.022924,-0.180919,-0.883456
952,0.0282682,-0.958141,-0.176025,0.225791,0.0241067,-0.163515,-0.913553
953,-0.6863,0.950959,0.221809,-0.215586,0.0241067,-0.152921,-0.927361
954,-0.722526,0.935687,0.282681,-0.211141,0.0246214,-0.134865,-0.946204
955,-0.0871107,-0.921593,-0.338509,0.189941,0.025452,-0.107251,-0.967359
956,-0.767281,0.911743,0.381478,-0.152316,0.025452,-0.0921786,-0.976061
957,0.752434,0.462184,-0.834026,0.30131,0.0257547,-0.0682786,-0.986567
958,-0.194962,-0.872006,-0.485516,0.0622969,0.026108,-0.0346586,-0.995561
959,-0.165712,-0.883987,-0.467494,-0.00406638,0.0261534,-0.00870199,-0.998401
960,0.749005,0.476725,-0.875749,-0.0761348,-0.0522612,0.00870199,-0.997376
961,-0.208768,-0.865186,-0.497232,-0.0649088,-0.0520826,0.0432113,-0.99284
962,-0.242824,-0.849248,-0.50923,-0.13951,-0.0517293,0.0682786,-0.985546
963,-0.292289,-0.823169,-0.521402,-0.224796,-0.0512066,0.0921786,-0.975049
964,0.598852,0.579152,-0.667158,-0.468491,-0.0505239,0.107251,-0.966374
965,-0.336302,-0.797176,-0.469113,-0.380057,-0.0496933,0.134865,-0.945219
966,-0.365983,-0.777444,-0.429592,-0.459381,-0.0487279,0.152921,-0.926393
967,-0.380544,-0.765706,-0.371119,-0.525324,-0.0476439,0.168359,-0.905378
968,-0.397636,-0.750975,-0.303718,-0.586338,-0.0464613,0.180919,-0.882531
969,-0.401022,-0.744056,-0.223611,-0.629586,-0.0451999,0.190381,-0.858245
970,-0.403323,-0.736698,-0.137463,-0.662103,-0.0438813,0.196587,-0.832933
971,0.394791,0.680294,-0.0462185,-0.73148,-0.0425279,0.198859,-0.815732
972,-0.397573,-0.725782,0.0468778,-0.686326,-0.0411626,0.198859,-0.780978
973,-0.385742,-0.725101,0.139806,-0.674302,-0.0398086,0.194885,-0.755224
974,-0.369288,-0.726842,0.229402,-0.64736,-0.0384893,0.187579,-0.730208
975,0.341133,0.686527,0.310874,-0.657296,-0.0372279,0.180919,-0.714179
976,-0.331972,-0.73189,0.391747,-0.557558,-0.0360453,0.163515,-0.684081
977,-0.305924,-0.739139,0.458306,-0.493587,-0.0349619,0.147171,-0.66376
978,0.343174,0.665213,0.548228,-0.506891,-0.0339966,0.134865,-0.651492
979,-0.228557,-0.770551,0.543538,-0.332893,-0.0331653,0.107251,-0.630336
980,-0.193269,-0.784403,0.567969,-0.249244,-0.0324826,0.0843573,-0.617804
981,0.415798,0.599348,0.750537,-0.278344,-0.0319599,0.0682786,-0.611165
982,0.47579,0.550507,0.814382,-0.183637,-0.0316066,0.0432113,-0.603872
983,0.00577533,-0.877882,0.478867,0.00310906,-0.0314286,0.00870199,-0.599335
984,0.592016,0.457023,0.888542,0.0402844,-0.0314286,-0.00870199,-0.599335
985,0.125936,-0.925882,0.36193,0.108398,-0.0316066,-0.0432113,-0.603872
986,0.19232,-0.948745,0.286052,0.134378,-0.0319599,-0.0682786,-0.611165
987,-0.76243,0.958384,-0.239321,-0.155649,-0.0324826,-0.0843573,-0.617804
988,-0.724104,0.965302,-0.197995,-0.170264,-0.0331653,-0.107251,-0.630336
989,0.273383,-0.97413,0.149559,0.169422,-0.0339966,-0.134865,-0.651492
990,-0.648277,0.976528,-0.122012,-0.177499,-0.0349619,-0.147171,-0.66376
991,-0.622111,0.978902,-0.0951148,-0.180843,-0.0360453,-0.163515,-0.684081
992,0.274873,-0.980324,0.071696,0.183913,-0.0372279,-0.180919,-0.714179
993,-0.585973,0.980332,-0.0515691,-0.190499,-0.0384893,-0.187579,-0.730208
994,-0.570322,0.980731,-0.0307166,-0.192932,-0.0398086,-0.194885,-0.755224
995,-0.559499,0.98037,-0.0103854,-0.196892,-0.0411626,-0.198859,-0.780978
996,0.217239,-0.977903,-0.01117,0.208762,-0.0425279,-0.198859,-0.815732
997,-0.556104,0.976554,0.034627,-0.212468,-0.0438813,-0.196587,-0.832933
998,-0.56022,0.973667,0.0615203,-0.219517,-0.0451999,-0.190381,-0.858245
999,-0.565271,0.970758,0.0907894,-0.222232,-0.0464613,-0.180919,-0.882531
1000,-0.584805,0.964344,0.129069,-0.231045,-0.0476439,-0.168359,-0.905378
1001,-0.60107,0.958701,0.16812,-0.229409,-0.0487279,-0.152921,-0.926393
1002,-0.632973,0.948299,0.219224,-0.2295,-0.0496933,-0.134865,-0.945219
1003,0.000490787,-0.937706,-0.270744,0.217729,-0.0505239,-0.107251,-0.966374
1004,-0.680722,0.931719,0.309869,-0.189424,-0.0512066,-0.0921786,-0.975049
1005,-0.731683,0.912709,0.374666,-0.16306,-0.0517293,-0.0682786,-0.985546
1006,-0.76452,0.900085,0.419218,-0.118757,-0.0520826,-0.0432113,-0.99284
1007,-0.157452,-0.885435,-0.460202,0.0649488,-0.0522612,-0.00870199,-0.997376
1008,0.730989,0.484977,-0.866988,-0.114579,-0.130354,0.00870199,-0.990201
1009,0.662868,0.529311,-0.817694,-0.226289,-0.129953,0.0346586,-0.987389
1010,-0.321471,-0.815472,-0.570385,-0.0983225,-0.128895,0.0682786,-0.978449
1011,-0.374597,-0.791446,-0.579653,-0.193948,-0.127551,0.0921786,-0.968026
1012,0.517108,0.607024,-0.624359,-0.491628,-0.126189,0.107251,-0.959431
1013,-0.423597,-0.772672,-0.518591,-0.366116,-0.123701,0.134865,-0.938406
1014,0.451542,0.63246,-0.470798,-0.615096,-0.121776,0.147171,-0.926251
1015,-0.451115,-0.760938,-0.39937,-0.511348,-0.118533,0.168359,-0.898849
1016,0.395783,0.651413,-0.303114,-0.695545,-0.116175,0.177061,-0.883963
1017,-0.467931,-0.748578,-0.238575,-0.618638,-0.112398,0.190381,-0.852053
1018,0.348584,0.665846,-0.129668,-0.734735,-0.109769,0.194885,-0.835449
1019,-0.469261,-0.738216,-0.0495418,-0.672743,-0.105716,0.199429,-0.801205
1020,-0.461296,-0.735763,0.0496987,-0.675413,-0.102311,0.198859,-0.775341
1021,-0.448266,-0.734834,0.14804,-0.661894,-0.0989399,0.194885,-0.749773
1022,-0.430407,-0.735432,0.242747,-0.632625,-0.0956619,0.187579,-0.724937
1023,0.280538,0.678479,0.291225,-0.674429,-0.0931466,0.180919,-0.709056
1024,0.274433,0.678841,0.368432,-0.635163,-0.0901759,0.168359,-0.686373
1025,-0.362564,-0.738875,0.48441,-0.468414,-0.0869326,0.147171,-0.658972
1026,0.28357,0.668567,0.516591,-0.534932,-0.0850072,0.134865,-0.646817
1027,0.304188,0.65418,0.589544,-0.4738,-0.0828986,0.114501,-0.630621
1028,-0.252514,-0.765282,0.608083,-0.211136,-0.0808546,0.0843573,-0.613352
1029,0.351872,0.62623,0.712118,-0.31737,-0.0798126,0.0682786,-0.606774
1030,0.416421,0.58315,0.780524,-0.225209,-0.0788879,0.0432113,-0.59953
1031,0.512931,0.513823,0.849891,-0.116919,-0.0783992,0.017404,-0.59559
1032,0.0767053,-0.899624,0.415629,0.133899,-0.0783992,-0.017404,-0.59559
1033,0.180419,-0.934287,0.311758,0.172962,-0.0788879,-0.0432113,-0.59953
1034,0.253801,-0.954149,0.230048,0.191515,-0.0798126,-0.0682786,-0.606774
1035,-0.7079,0.958983,-0.191833,-0.208689,-0.0808546,-0.0843573,-0.613352
1036,0.310652,-0.966996,0.143218,0.210729,-0.0828986,-0.114501,-0.630621
1037,0.331926,-0.972189,0.106174,0.208748,-0.0850072,-0.134865,-0.646817
1038,-0.592408,0.973201,-0.0856104,-0.213427,-0.0869326,-0.147171,-0.658972
1039,0.341592,-0.976642,0.0602142,0.206266,-0.0901759,-0.168359,-0.686373
1040,0.335091,-0.977075,0.0452878,0.208023,-0.0931466,-0.180919,-0.709056
1041,-0.524987,0.976981,-0.0321358,-0.210891,-0.0956619,-0.187579,-0.724937
1042,-0.507611,0.977609,-0.0185612,-0.20961,-0.0989399,-0.194885,-0.749773
1043,-0.495336,0.977444,-0.00622162,-0.211104,-0.102311,-0.198859,-0.775341
1044,-0.48849,0.976431,0.0065274,-0.215732,-0.105716,-0.199429,-0.801205
1045,0.263442,-0.973431,-0.0222784,0.227895,-0.109769,-0.194885,-0.835449
1046,-0.491614,0.97171,0.0397444,-0.232811,-0.112398,-0.190381,-0.852053
1047,0.213046,-0.967264,-0.064221,0.24551,-0.116175,-0.177061,-0.883963
1048,-0.512267,0.964362,0.0895423,-0.248976,-0.118533,-0.168359,-0.898849
1049,0.153656,-0.958601,-0.124362,0.256161,-0.121776,-0.147171,-0.926251
1050,-0.542959,0.956296,0.153666,-0.248766,-0.123701,-0.134865,-0.938406
1051,0.0833322,-0.94644,-0.204747,0.24966,-0.126189,-0.107251,-0.959431
1052,-0.598206,0.943173,0.239448,-0.230413,-0.127551,-0.0921786,-0.968026
1053,-0.65642,0.926713,0.308213,-0.214959,-0.128895,-0.0682786,-0.978449
1054,-0.0803191,-0.904445,-0.384835,0.184068,-0.129953,-0.0346586,-0.987389
1055,-0.163393,-0.874834,-0.46545,0.134249,-0.130354,-0.00870199,-0.990201
1056,-0.270061,-0.821029,-0.55678,0.126127,-0.207553,0.017404,-0.976357
1057,0.591201,0.568664,-0.776814,-0.270521,-0.207022,0.0346586,-0.974149
1058,-0.411978,-0.768444,-0.636373,-0.0672543,-0.205266,0.0682786,-0.96532
1059,-0.451448,-0.758245,-0.630505,-0.165915,-0.203108,0.0921786,-0.955035
1060,0.447545,0.621348,-0.58466,-0.521632,-0.201077,0.107251,-0.946573
1061,0.415343,0.628051,-0.514066,-0.584198,-0.197845,0.128309,-0.931486
1062,0.386914,0.63288,-0.439983,-0.637086,-0.194072,0.147171,-0.913841
1063,-0.516911,-0.758068,-0.423919,-0.495606,-0.18869,0.168359,-0.886778
1064,0.331454,0.644984,-0.281774,-0.710351,-0.185172,0.177061,-0.872123
1065,-0.533239,-0.753719,-0.252134,-0.606907,-0.178903,0.190381,-0.840608
1066,0.283587,0.65645,-0.119918,-0.744777,-0.174978,0.194885,-0.824262
1067,-0.531342,-0.749057,-0.0521041,-0.660453,-0.168251,0.199429,-0.790441
1068,0.24908,0.663497,0.039598,-0.747131,-0.164188,0.199429,-0.773519
1069,0.232022,0.669145,0.117284,-0.733818,-0.158799,0.196587,-0.748147
1070,0.220798,0.672167,0.193539,-0.714657,-0.153537,0.190381,-0.723353
1071,0.213581,0.674071,0.268274,-0.688228,-0.148491,0.180919,-0.699563
1072,0.209094,0.675945,0.340463,-0.653592,-0.14375,0.168359,-0.677183
1073,0.213002,0.673894,0.412305,-0.613084,-0.139393,0.152921,-0.656596
1074,0.217014,0.674181,0.479085,-0.562102,-0.135494,0.134865,-0.638154
1075,0.235717,0.666331,0.548024,-0.505641,-0.132121,0.114501,-0.622173
1076,-0.313119,-0.741628,0.646912,-0.177462,-0.128729,0.0843573,-0.605117
1077,0.288414,0.647586,0.671087,-0.360936,-0.127174,0.0682786,-0.598641
1078,0.33702,0.625637,0.730949,-0.272566,-0.125683,0.0432113,-0.591492
1079,0.437437,0.565166,0.808025,-0.166382,-0.124887,0.017404,-0.587604
1080,0.140321,-0.911266,0.357098,0.205122,-0.124887,-0.017404,-0.587604
1081,0.259235,-0.942368,0.237566,0.235596,-0.125683,-0.0432113,-0.591492
1082,0.316724,-0.953136,0.171822,0.249015,-0.127174,-0.0682786,-0.598641
1083,-0.648819,0.955374,-0.13977,-0.260239,-0.128729,-0.0843573,-0.605117
1084,0.378338,-0.963948,0.0874845,0.251297,-0.132121,-0.114501,-0.622173
1085,0.398344,-0.968354,0.0565149,0.243098,-0.135494,-0.134865,-0.638154
1086,0.402698,-0.970319,0.0392516,0.23862,-0.139393,-0.152921,-0.656596
1087,0.406584,-0.972796,0.0242056,0.230393,-0.14375,-0.168359,-0.677183
1088,0.401837,-0.973909,0.0158151,0.226387,-0.148491,-0.180919,-0.699563
1089,0.394249,-0.974661,0.00985828,0.223469,-0.153537,-0.190381,-0.723353
1090,0.382583,-0.974645,0.00581654,0.22368,-0.158799,-0.196587,-0.748147
1091,0.364891,-0.973296,0.00231404,0.22954,-0.164188,-0.199429,-0.773519
1092,-0.425857,0.972868,0.00243589,-0.231348,-0.168251,-0.199429,-0.790441
1093,0.330017,-0.970525,-0.00932573,0.240822,-0.174978,-0.194885,-0.824262
1094,-0.423262,0.969025,0.0178423,-0.246317,-0.178903,-0.190381,-0.840608
1095,0.277408,-0.96335,-0.0359139,0.265832,-0.185172,-0.177061,-0.872123
1096,-0.445861,0.960882,0.0529217,-0.271854,-0.18869,-0.168359,-0.886778
1097,0.219237,-0.955092,-0.0816389,0.284842,-0.194072,-0.147171,-0.913841
1098,0.18922,-0.95111,-0.110888,0.28826,-0.197845,-0.128309,-0.931486
1099,0.153803,-0.946028,-0.147481,0.288585,-0.201077,-0.107251,-0.946573
1100,-0.519861,0.946344,0.171057,-0.274176,-0.203108,-0.0921786,-0.955035
1101,-0.566232,0.937388,0.226309,-0.264741,-0.205266,-0.0682786,-0.96532
1102,-0.0282891,-0.907845,-0.337404,0.24895,-0.207022,-0.0346586,-0.974149
1103,-0.754306,0.885162,0.418178,-0.203999,-0.207553,-0.017404,-0.976357
1104,-0.35325,-0.762396,-0.623665,0.172607,-0.283516,0.017404,-0.957063
1105,0.505485,0.611714,-0.722691,-0.321752,-0.282815,0.0346586,-0.954903
1106,0.446572,0.629162,-0.66025,-0.410152,-0.281026,0.0600213,-0.948965
1107,0.412042,0.6298,-0.604864,-0.487331,-0.278313,0.0843573,-0.939905
1108,-0.538282,-0.735586,-0.635873,-0.233621,-0.273593,0.114501,-0.923167
1109,0.345856,0.633611,-0.4747,-0.610898,-0.27032,0.128309,-0.913091
1110,0.321877,0.63132,-0.407119,-0.660067,-0.265174,0.147171,-0.895797
1111,-0.581701,-0.754865,-0.446334,-0.480588,-0.257684,0.168359,-0.86924
1112,0.269102,0.63601,-0.259946,-0.726581,-0.253026,0.177061,-0.854906
1113,-0.600549,-0.757186,-0.264996,-0.597031,-0.244304,0.190381,-0.82398
1114,0.21921,0.646305,-0.109755,-0.755145,-0.23911,0.194885,-0.807992
1115,-0.599341,-0.755858,-0.0546821,-0.652448,-0.22975,0.199429,-0.774804
1116,-0.587241,-0.756186,0.0546593,-0.65207,-0.22234,0.198859,-0.749791
1117,0.170413,0.657084,0.107454,-0.74612,-0.217008,0.196587,-0.733381
1118,-0.561315,-0.745463,0.268198,-0.610209,-0.207889,0.187579,-0.701047
1119,-0.541526,-0.738852,0.367371,-0.564922,-0.201095,0.177061,-0.678151
1120,-0.515636,-0.733015,0.457181,-0.503661,-0.194745,0.163515,-0.656766
1121,0.151087,0.66961,0.379661,-0.638341,-0.190478,0.152921,-0.643635
1122,-0.461209,-0.715608,0.605041,-0.349044,-0.183803,0.128309,-0.619965
1123,0.164672,0.676104,0.50225,-0.539099,-0.180529,0.114501,-0.609889
1124,0.189133,0.671873,0.565085,-0.478816,-0.176708,0.0921786,-0.596902
1125,0.215897,0.669529,0.62093,-0.407649,-0.17375,0.0682786,-0.586818
1126,-0.248336,-0.738919,0.670149,0.069993,-0.171307,0.0346586,-0.578154
1127,-0.132625,-0.783176,0.595065,0.180366,-0.170472,0.00870199,-0.575439
1128,0.647148,0.406336,0.912215,-0.0524906,-0.170472,-0.00870199,-0.575439
1129,-0.739653,0.923473,-0.229115,-0.307739,-0.171307,-0.0346586,-0.578154
1130,0.392516,-0.947695,0.10081,0.302838,-0.17375,-0.0682786,-0.586818
1131,0.423333,-0.951888,0.0618972,0.300131,-0.176708,-0.0921786,-0.596902
1132,0.450142,-0.956848,0.0279134,0.289245,-0.180529,-0.114501,-0.609889
1133,-0.494235,0.95855,-0.0155294,-0.284502,-0.183803,-0.128309,-0.619965
1134,0.464693,-0.962954,-0.00162583,0.269662,-0.190478,-0.152921,-0.643635
1135,-0.439387,0.964825,0.0059786,-0.262825,-0.194745,-0.163515,-0.656766
1136,-0.413756,0.967979,0.0105464,-0.25081,-0.201095,-0.177061,-0.678151
1137,-0.394254,0.969882,0.00986014,-0.243377,-0.207889,-0.187579,-0.701047
1138,0.444136,-0.970428,-0.00620287,0.241313,-0.217008,-0.196587,-0.733381
1139,-0.369282,0.970377,0.00202664,-0.241587,-0.22234,-0.198859,-0.749791
1140,-0.357536,0.970412,-0.00203573,-0.241445,-0.22975,-0.199429,-0.774804
1141,0.394743,-0.966826,0.00330564,0.255416,-0.23911,-0.194885,-0.807992
1142,0.370797,-0.963233,0.000980093,0.268667,-0.246232,-0.187579,-0.832009
1143,0.339636,-0.957657,-0.00842467,0.287787,-0.253026,-0.177061,-0.854906
1144,-0.380598,0.95523,0.0167478,-0.295388,-0.257684,-0.168359,-0.86924
1145,0.285315,-0.949004,-0.038243,0.312935,-0.265174,-0.147171,-0.895797
1146,0.260382,-0.945888,-0.0577238,0.319319,-0.27032,-0.128309,-0.913091
1147,-0.427964,0.943605,0.0796307,-0.321354,-0.273593,-0.114501,-0.923167
1148,0.186559,-0.935929,-0.126458,0.328703,-0.278313,-0.0843573,-0.939905
1149,0.139634,-0.929919,-0.174462,0.323749,-0.281026,-0.0600213,-0.948965
1150,0.0288965,-0.905834,-0.284207,0.314151,-0.282815,-0.0346586,-0.954903
1151,-0.699517,0.888107,0.367938,-0.275478,-0.283516,-0.017404,-0.957063
1152,-0.504719,-0.652154,-0.734056,0.189358,-0.357733,0.017404,-0.931869
1153,-0.561369,-0.646876,-0.758603,0.077924,-0.356338,0.0432113,-0.928153
1154,0.3456,0.665976,-0.588455,-0.458472,-0.354615,0.0600213,-0.923991
1155,0.333597,0.646257,-0.551099,-0.527865,-0.3512,0.0843573,-0.915171
1156,-0.614432,-0.704333,-0.674795,-0.220378,-0.345181,0.114501,-0.898856
1157,0.276221,0.635825,-0.432967,-0.638957,-0.341126,0.128309,-0.889068
1158,0.258425,0.626135,-0.373395,-0.684493,-0.33464,0.147171,-0.87223
1159,-0.653156,-0.746705,-0.468834,-0.471833,-0.32509,0.168359,-0.846343
1160,-0.658459,-0.757323,-0.37646,-0.53361,-0.316905,0.180919,-0.82498
1161,0.175358,0.633828,-0.166217,-0.755403,-0.310752,0.187579,-0.810125
1162,-0.66617,-0.765135,-0.168764,-0.621359,-0.299124,0.196587,-0.778607
1163,0.132452,0.641751,-0.0326035,-0.76622,-0.292521,0.198859,-0.762665
1164,-0.6548,-0.763166,0.0569696,-0.643686,-0.280483,0.198859,-0.730035
1165,-0.637199,-0.761549,0.169316,-0.6256,-0.271237,0.194885,-0.70596
1166,0.0980631,0.649096,0.160628,-0.743554,-0.264804,0.190381,-0.690429
1167,-0.601788,-0.743009,0.381569,-0.549857,-0.253682,0.177061,-0.660282
1168,0.0870789,0.658797,0.284459,-0.696469,-0.247914,0.168359,-0.646358
1169,0.0855931,0.665416,0.343542,-0.662722,-0.24039,0.152921,-0.626706
1170,0.0931016,0.669095,0.403753,-0.623936,-0.233655,0.134865,-0.609102
1171,0.0983599,0.678043,0.457221,-0.575506,-0.227824,0.114501,-0.593845
1172,0.113006,0.684388,0.51046,-0.520619,-0.222996,0.0921786,-0.581198
1173,-0.438263,-0.644891,0.763328,-0.0380264,-0.21839,0.0600213,-0.56871
1174,0.15035,0.703392,0.596875,-0.385981,-0.216666,0.0432113,-0.564549
1175,-0.322374,-0.650733,0.735471,0.188755,-0.215094,0.00870199,-0.56029
1176,0.627347,0.41766,0.904034,-0.0910114,-0.215094,-0.00870199,-0.56029
1177,0.465475,-0.934904,0.0376668,0.352897,-0.216666,-0.0432113,-0.564549
1178,-0.516316,0.936142,-0.0162459,-0.351246,-0.21839,-0.0600213,-0.56871
1179,0.502322,-0.939668,-0.0089122,0.341971,-0.222996,-0.0921786,-0.581198
1180,0.517482,-0.944151,-0.0280704,0.328315,-0.227824,-0.114501,-0.593845
1181,0.522948,-0.948309,-0.0371196,0.315171,-0.233655,-0.134865,-0.609102
1182,0.530473,-0.953751,-0.0449814,0.297213,-0.24039,-0.152921,-0.626706
1183,0.528809,-0.957901,-0.0436892,0.283754,-0.247914,-0.168359,-0.646358
1184,-0.353281,0.960991,0.0372668,-0.274059,-0.253682,-0.177061,-0.660282
1185,0.517153,-0.964388,-0.0296268,0.262828,-0.264804,-0.190381,-0.690429
1186,-0.31866,0.965838,0.0182723,-0.258502,-0.271237,-0.194885,-0.70596
1187,-0.301571,0.967647,0.00645021,-0.252226,-0.280483,-0.198859,-0.730035
1188,0.481309,-0.966131,0.00606086,0.257982,-0.292521,-0.198859,-0.762665
1189,-0.291439,0.963978,-0.0168398,-0.265448,-0.299124,-0.196587,-0.778607
1190,0.43535,-0.958188,0.0217285,0.285314,-0.310752,-0.187579,-0.810125
1191,-0.30172,0.954333,-0.0251861,-0.297682,-0.316905,-0.180919,-0.82498
1192,-0.307765,0.94962,-0.0237377,-0.312505,-0.32509,-0.168359,-0.846343
1193,0.350377,-0.940005,0.00465174,0.341129,-0.33464,-0.147171,-0.87223
1194,0.332378,-0.937078,-0.00363122,0.3491,-0.341126,-0.128309,-0.889068
1195,-0.348509,0.934905,0.0136682,-0.354634,-0.345181,-0.114501,-0.898856
1196,0.268779,-0.927492,-0.0530833,0.370055,-0.3512,-0.0843573,-0.915171
1197,0.261298,-0.929222,-0.0602086,0.364583,-0.354615,-0.0600213,-0.923991
1198,-0.422915,0.926762,0.0979438,-0.362656,-0.356338,-0.0432113,-0.928153
1199,-0.210544,-0.796853,-0.506538,0.32931,-0.357909,-0.00870199,-0.932411
1200,0.220873,0.763504,-0.51539,-0.389146,-0.429962,0.00870199,-0.901455
1201,-0.660012,-0.571594,-0.816136,0.0848646,-0.428062,0.0432113,-0.897333
1202,-0.680402,-0.600134,-0.799598,-0.0219528,-0.424944,0.0682786,-0.890729
1203,0.236604,0.668182,-0.479971,-0.568472,-0.421921,0.0843573,-0.884795
1204,0.232773,0.642646,-0.445182,-0.623554,-0.416494,0.107251,-0.873479
1205,0.212656,0.630088,-0.393023,-0.669718,-0.40983,0.128309,-0.859563
1206,-0.706798,-0.724734,-0.572222,-0.383827,-0.399534,0.152921,-0.837229
1207,0.157188,0.624413,-0.270227,-0.732861,-0.393266,0.163515,-0.824927
1208,-0.726723,-0.75577,-0.391469,-0.524942,-0.380656,0.180919,-0.797573
1209,0.110608,0.623725,-0.148053,-0.767495,-0.373356,0.187579,-0.783247
1210,0.0894985,0.625804,-0.0879479,-0.775006,-0.362564,0.194885,-0.760639
1211,0.0667127,0.631871,-0.0288013,-0.774538,-0.351457,0.198859,-0.737363
1212,-0.718623,-0.772436,0.0589145,-0.632355,-0.336896,0.198859,-0.705777
1213,-0.70141,-0.769209,0.175217,-0.614505,-0.32579,0.194885,-0.682502
1214,-0.683184,-0.76009,0.287793,-0.582613,-0.314998,0.187579,-0.659895
1215,-0.66236,-0.746544,0.394437,-0.535808,-0.304706,0.177061,-0.638343
1216,-0.641426,-0.727571,0.493248,-0.476809,-0.295088,0.163515,-0.618216
1217,-0.613656,-0.708237,0.580452,-0.40184,-0.286311,0.147171,-0.599856
1218,0.0319252,0.660945,0.364197,-0.656135,-0.280724,0.134865,-0.588891
1219,-0.558166,-0.658961,0.718023,-0.224085,-0.27186,0.107251,-0.569663
1220,-0.531936,-0.630055,0.76636,-0.12539,-0.266434,0.0843573,-0.558346
1221,-0.531423,-0.5824,0.812155,-0.0348401,-0.262337,0.0600213,-0.549822
1222,0.0329242,0.738673,0.501575,-0.450316,-0.260292,0.0432113,-0.545809
1223,0.0216153,0.770728,0.502664,-0.391545,-0.25861,0.017404,-0.542213
1224,0.655082,-0.902174,-0.147908,0.405223,-0.25861,-0.017404,-0.542213
1225,0.605029,-0.911741,-0.0990449,0.398646,-0.260292,-0.0432113,-0.545809
1226,-0.411361,0.916435,0.0830438,-0.391472,-0.262337,-0.0600213,-0.549822
1227,-0.41852,0.919325,0.0661883,-0.387892,-0.266434,-0.0843573,-0.558346
1228,-0.395316,0.925113,0.0734128,-0.372528,-0.27186,-0.107251,-0.569663
1229,0.585021,-0.93319,-0.0836513,0.349513,-0.280724,-0.134865,-0.588891
1230,-0.340295,0.939673,0.0802422,-0.332529,-0.286311,-0.147171,-0.599856
1231,-0.313087,0.94717,0.0759313,-0.311614,-0.295088,-0.163515,-0.618216
1232,-0.292425,0.952896,0.0640238,-0.296464,-0.304706,-0.177061,-0.638343
1233,-0.271933,0.957948,0.0490102,-0.282724,-0.314998,-0.187579,-0.659895
1234,-0.254087,0.961508,0.030773,-0.273049,-0.32579,-0.194885,-0.682502
1235,-0.237436,0.963837,0.0106142,-0.26628,-0.336896,-0.198859,-0.705777
1236,0.547283,-0.962731,0.0103456,0.270263,-0.351457,-0.198859,-0.737363
1237,0.523559,-0.958148,0.0283549,0.284866,-0.362564,-0.194885,-0.760639
1238,0.501933,-0.953012,0.0430225,0.299862,-0.373356,-0.187579,-0.783247
1239,-0.231754,0.948356,-0.0560131,-0.312224,-0.380656,-0.180919,-0.797573
1240,0.454726,-0.939427,0.0578287,0.337834,-0.393266,-0.163515,-0.824927
1241,-0.252215,0.933006,-0.0600066,-0.354822,-0.399534,-0.152921,-0.837229
1242,0.398432,-0.923325,0.0460129,0.381253,-0.40983,-0.128309,-0.859563
1243,0.377874,-0.917834,0.0380783,0.395133,-0.416494,-0.107251,-0.873479
1244,0.370394,-0.915174,0.0380141,0.401263,-0.421921,-0.0843573,-0.884795
1245,0.402834,-0.915848,0.0737217,0.3947,-0.426017,-0.0600213,-0.893319
1246,-0.223611,0.911755,-0.0972074,-0.399065,-0.428062,-0.0432113,-0.897333
1247,0.767456,-0.831253,0.43006,0.352231,-0.429962,-0.00870199,-0.901455
1248,-0.783538,-0.420065,-0.891743,0.168341,-0.499105,0.017404,-0.864434
1249,-0.753239,-0.49805,-0.863237,0.0822632,-0.497146,0.0432113,-0.860981
1250,-0.756311,-0.548806,-0.835765,-0.0175773,-0.49352,0.0682786,-0.854643
1251,0.160465,0.669105,-0.420942,-0.612459,-0.49004,0.0843573,-0.848965
1252,0.162679,0.639034,-0.394881,-0.660079,-0.483742,0.107251,-0.838108
1253,0.149864,0.62032,-0.352017,-0.700918,-0.476008,0.128309,-0.824758
1254,0.121624,0.615219,-0.295754,-0.730777,-0.466967,0.147171,-0.809143
1255,0.0988597,0.609426,-0.241451,-0.755183,-0.456776,0.163515,-0.791529
1256,0.0704746,0.611078,-0.184155,-0.769851,-0.44561,0.177061,-0.772217
1257,0.0457611,0.613041,-0.129238,-0.779409,-0.433658,0.187579,-0.751539
1258,0.777442,-0.617291,0.0759679,0.783058,-0.417243,0.196587,-0.722227
1259,0.00572702,0.618196,-0.0251636,-0.785621,-0.408228,0.198859,-0.707515
1260,-0.779247,-0.783482,0.06054,-0.618458,-0.391233,0.198859,-0.677169
1261,-0.0192466,0.622371,0.0747943,-0.77914,-0.382217,0.196587,-0.662457
1262,-0.0312265,0.628278,0.123367,-0.768146,-0.36955,0.190381,-0.640504
1263,-0.0364994,0.632169,0.172807,-0.755315,-0.3574,0.180919,-0.619437
1264,-0.703102,-0.725106,0.508118,-0.464798,-0.342683,0.163515,-0.593158
1265,-0.0371354,0.64337,0.272024,-0.715597,-0.335469,0.152921,-0.581385
1266,-0.0322142,0.651345,0.321273,-0.687411,-0.326062,0.134865,-0.56505
1267,-0.626528,-0.630828,0.745,-0.216865,-0.315718,0.107251,-0.546577
1268,-0.0247824,0.681479,0.404323,-0.610007,-0.311171,0.0921786,-0.539157
1269,-0.608285,-0.530367,0.847152,-0.0323273,-0.304667,0.0600213,-0.527544
1270,-0.0498726,0.742345,0.430156,-0.513702,-0.302314,0.0432113,-0.523704
1271,-0.68569,-0.352339,0.927121,0.127685,-0.300096,0.00870199,-0.519744
1272,-0.214934,0.844903,0.286653,-0.45163,-0.300096,-0.00870199,-0.519744
1273,0.690946,-0.874979,-0.182417,0.448482,-0.302314,-0.0432113,-0.523704
1274,-0.330827,0.886456,0.158664,-0.434766,-0.304667,-0.0600213,-0.527544
1275,0.646602,-0.895314,-0.137787,0.42359,-0.311171,-0.0921786,-0.539157
1276,-0.324503,0.904478,0.131865,-0.405624,-0.315718,-0.107251,-0.546577
1277,0.65004,-0.915474,-0.132058,0.380089,-0.326062,-0.134865,-0.56505
1278,0.654401,-0.926577,-0.12596,0.354385,-0.335469,-0.152921,-0.581385
1279,-0.250784,0.93565,0.110075,-0.335326,-0.342683,-0.163515,-0.593158
1280,0.652663,-0.945901,-0.0944482,0.310406,-0.3574,-0.180919,-0.619437
1281,0.647029,-0.952983,-0.0708562,0.294624,-0.36955,-0.190381,-0.640504
1282,0.634807,-0.956723,-0.0430651,0.287797,-0.382217,-0.196587,-0.662457
1283,-0.176284,0.958993,0.0145429,-0.283057,-0.391233,-0.198859,-0.677169
1284,0.608924,-0.957954,0.01431,0.286565,-0.408228,-0.198859,-0.707515
1285,-0.163114,0.954562,-0.0415926,-0.295096,-0.417243,-0.196587,-0.722227
1286,0.567818,-0.947037,0.063916,0.314701,-0.433658,-0.187579,-0.751539
1287,0.543078,-0.938048,0.0811705,0.336864,-0.44561,-0.177061,-0.772217
1288,0.514741,-0.927164,0.0908771,0.363468,-0.456776,-0.163515,-0.791529
1289,0.492378,-0.917366,0.0979512,0.385805,-0.466967,-0.147171,-0.809143
1290,0.465602,-0.906541,0.0963202,0.410983,-0.476008,-0.128309,-0.824758
1291,0.455424,-0.899251,0.102318,0.425299,-0.483742,-0.107251,-0.838108
1292,0.471374,-0.894401,0.128165,0.428509,-0.49004,-0.0843573,-0.848965
1293,-0.16643,0.886332,-0.149464,-0.438266,-0.49352,-0.0682786,-0.854643
1294,-0.13799,0.875144,-0.180314,-0.44901,-0.497146,-0.0432113,-0.860981
1295,-0.0175301,0.841964,-0.299033,-0.449084,-0.499105,-0.017404,-0.864434
1296,0.713023,-0.754823,0.380439,0.53433,-0.56539,0.017404,-0.822609
1297,0.0896973,0.718277,-0.393277,-0.573944,-0.564054,0.0346586,-0.820772
1298,0.750454,-0.683627,0.390922,0.616307,-0.559053,0.0682786,-0.813287
1299,0.0952594,0.657242,-0.368433,-0.657488,-0.555138,0.0843573,-0.807899
1300,0.0966535,0.62796,-0.34573,-0.697235,-0.548008,0.107251,-0.797571
1301,0.744068,-0.618695,0.29765,0.727063,-0.536246,0.134865,-0.779966
1302,0.0521262,0.606421,-0.254092,-0.753452,-0.529012,0.147171,-0.77001
1303,0.727547,-0.603021,0.204693,0.771017,-0.513682,0.168359,-0.747067
1304,0.0077742,0.597784,-0.158572,-0.785817,-0.504824,0.177061,-0.734874
1305,-0.0139479,0.597701,-0.111435,-0.793937,-0.491286,0.187579,-0.715197
1306,-0.0387276,0.602885,-0.0649386,-0.795181,-0.47709,0.194885,-0.694557
1307,-0.0578808,0.606346,-0.0212696,-0.794917,-0.46248,0.198859,-0.673305
1308,0.729723,-0.607362,-0.0211896,0.794142,-0.443157,0.198859,-0.644387
1309,-0.0829138,0.61045,0.0631683,-0.789532,-0.433015,0.196587,-0.630428
1310,0.757043,-0.614498,-0.104864,0.781918,-0.41435,0.187579,-0.602494
1311,0.782048,-0.614403,-0.149469,0.774705,-0.400812,0.177061,-0.582818
1312,-0.761261,-0.72477,0.520338,-0.451615,-0.388166,0.163515,-0.564442
1313,-0.738511,-0.690008,0.614972,-0.381705,-0.376624,0.147171,-0.547682
1314,-0.0985539,0.63958,0.27549,-0.717665,-0.369391,0.134865,-0.537726
1315,-0.0955339,0.652823,0.314791,-0.689006,-0.360159,0.114501,-0.524252
1316,-0.0899991,0.668893,0.351278,-0.655123,-0.352513,0.0921786,-0.513081
1317,-0.67544,-0.485503,0.873649,-0.0319979,-0.345118,0.0600213,-0.502014
1318,-0.115432,0.728494,0.371497,-0.575574,-0.34247,0.0432113,-0.49837
1319,-0.723987,-0.311867,0.940579,0.134349,-0.339949,0.00870199,-0.494596
1320,-0.200273,0.803763,0.300649,-0.513395,-0.339949,-0.00870199,-0.494596
1321,0.750283,-0.832785,-0.239221,0.499243,-0.34247,-0.0432113,-0.49837
1322,-0.267043,0.850227,0.217854,-0.479221,-0.345118,-0.0600213,-0.502014
1323,0.71005,-0.86488,-0.193714,0.463095,-0.352513,-0.0921786,-0.513081
1324,0.715482,-0.880089,-0.191029,0.434686,-0.360159,-0.114501,-0.524252
1325,0.717167,-0.895251,-0.181386,0.406971,-0.369391,-0.134865,-0.537726
1326,-0.214071,0.908571,0.162007,-0.385035,-0.376624,-0.147171,-0.547682
1327,-0.192027,0.921806,0.141885,-0.360751,-0.388166,-0.163515,-0.564442
1328,-0.165147,0.93486,0.119097,-0.334445,-0.400812,-0.177061,-0.582818
1329,-0.140682,0.945622,0.090185,-0.312516,-0.41435,-0.187579,-0.602494
1330,0.699054,-0.951605,-0.0552075,0.302325,-0.433015,-0.196587,-0.630428
1331,-0.113688,0.954254,0.0185104,-0.298423,-0.443157,-0.198859,-0.644387
1332,0.673156,-0.953647,0.018384,0.300367,-0.46248,-0.198859,-0.673305
1333,0.653698,-0.948452,0.0531803,0.312428,-0.47709,-0.194885,-0.694557
1334,0.628694,-0.939035,0.0829768,0.33366,-0.491286,-0.187579,-0.715197
1335,0.607376,-0.928528,0.10894,0.35492,-0.504824,-0.177061,-0.734874
1336,-0.112092,0.917011,-0.131256,-0.376647,-0.513682,-0.168359,-0.747067
1337,0.565032,-0.902939,0.145028,0.404559,-0.529012,-0.147171,-0.77001
1338,-0.125018,0.889924,-0.158389,-0.427725,-0.536246,-0.134865,-0.779966
1339,0.530407,-0.875962,0.163853,0.4537,-0.548008,-0.107251,-0.797571
1340,0.5427,-0.864686,0.191129,0.46453,-0.555138,-0.0843573,-0.807899
1341,-0.101961,0.850348,-0.209395,-0.482765,-0.559053,-0.0682786,-0.813287
1342,0.590159,-0.830543,0.259046,0.493046,-0.564054,-0.0346586,-0.820772
1343,-0.0127462,0.803099,-0.303574,-0.512713,-0.56539,-0.017404,-0.822609
1344,0.672618,-0.723589,0.342854,0.599058,-0.628187,0.017404,-0.775713
1345,0.0361528,0.692836,-0.344633,-0.633408,-0.626712,0.0346586,-0.773986
1346,0.690264,-0.662441,0.338339,0.668355,-0.621139,0.0682786,-0.766917
1347,0.0335692,0.637745,-0.317306,-0.701854,-0.616813,0.0843573,-0.761853
1348,0.687345,-0.616725,0.28932,0.732082,-0.606048,0.114501,-0.748196
1349,0.672554,-0.607288,0.247494,0.754949,-0.595788,0.134865,-0.735489
1350,-0.0160625,0.594054,-0.212032,-0.775978,-0.587795,0.147171,-0.726131
1351,0.658189,-0.592558,0.16836,0.787737,-0.570714,0.168359,-0.704462
1352,-0.0584224,0.585984,-0.130898,-0.79968,-0.560925,0.177061,-0.693001
1353,0.652188,-0.589264,0.0902481,0.802884,-0.541031,0.190381,-0.667767
1354,-0.0996979,0.588459,-0.0535981,-0.806749,-0.530114,0.194885,-0.654984
1355,0.658926,-0.591868,0.0174838,0.805845,-0.508766,0.199429,-0.627904
1356,-0.131518,0.593121,0.0173865,-0.804926,-0.497463,0.199429,-0.61467
1357,-0.148125,0.599468,0.0509949,-0.798772,-0.481142,0.196587,-0.59451
1358,0.697592,-0.598433,-0.0866204,0.796476,-0.460344,0.187579,-0.568128
1359,0.722845,-0.597365,-0.124544,0.79224,-0.445305,0.177061,-0.549574
1360,-0.158124,0.60393,0.160015,-0.78081,-0.435517,0.168359,-0.538113
1361,-0.156816,0.609057,0.198345,-0.767925,-0.422288,0.152921,-0.521748
1362,-0.775659,-0.635298,0.713544,-0.295384,-0.407062,0.128309,-0.502434
1363,-0.74938,-0.58454,0.7847,-0.206299,-0.397334,0.107251,-0.490458
1364,-0.73032,-0.525118,0.843206,-0.115126,-0.389416,0.0843573,-0.480721
1365,-0.727798,-0.451941,0.891583,-0.0287784,-0.383442,0.0600213,-0.47339
1366,-0.162297,0.699521,0.328547,-0.634609,-0.380517,0.0432113,-0.469964
1367,-0.742954,-0.286548,0.946727,0.146966,-0.377706,0.00870199,-0.466399
1368,-0.196172,0.760188,0.304542,-0.573906,-0.377706,-0.00870199,-0.466399
1369,-0.781523,-0.105257,0.941128,0.321245,-0.380517,-0.0432113,-0.469964
1370,-0.218918,0.809692,0.261928,-0.525159,-0.383442,-0.0600213,-0.47339
1371,0.772291,-0.83036,-0.24782,0.499087,-0.391682,-0.0921786,-0.483842
1372,-0.196434,0.850538,0.235638,-0.470169,-0.397334,-0.107251,-0.490458
1373,-0.175345,0.870539,0.220996,-0.439685,-0.407062,-0.128309,-0.502434
1374,0.775068,-0.890414,-0.202981,0.407384,-0.422288,-0.152921,-0.521748
1375,0.775956,-0.90873,-0.177937,0.377557,-0.435517,-0.168359,-0.538113
1376,-0.105206,0.923481,0.144422,-0.355422,-0.445305,-0.177061,-0.549574
1377,-0.0804421,0.937144,0.108606,-0.331611,-0.460344,-0.187579,-0.568128
1378,0.76496,-0.94668,-0.0674245,0.315042,-0.481142,-0.196587,-0.59451
1379,0.748576,-0.949019,-0.0223559,0.314426,-0.497463,-0.199429,-0.61467
1380,-0.0419935,0.948491,-0.0222509,-0.316022,-0.508766,-0.199429,-0.627904
1381,0.715756,-0.942212,0.0647392,0.328701,-0.530114,-0.194885,-0.654984
1382,-0.0363661,0.933312,-0.104643,-0.343481,-0.541031,-0.190381,-0.667767
1383,0.674647,-0.918948,0.137527,0.369622,-0.560925,-0.177061,-0.693001
1384,-0.0415367,0.90461,-0.169016,-0.391299,-0.570714,-0.168359,-0.704462
1385,0.635013,-0.885951,0.189687,0.423213,-0.587795,-0.147171,-0.726131
1386,-0.0519746,0.868398,-0.211626,-0.448442,-0.595788,-0.134865,-0.735489
1387,-0.0618477,0.848591,-0.222009,-0.480214,-0.606048,-0.114501,-0.748196
1388,0.602318,-0.83009,0.242991,0.501902,-0.616813,-0.0843573,-0.761853
1389,-0.0472132,0.809754,-0.259619,-0.526209,-0.621139,-0.0682786,-0.766917
1390,0.624032,-0.78576,0.290929,0.54584,-0.626712,-0.0346586,-0.773986
1391,-0.00515256,0.758858,-0.310794,-0.572313,-0.628187,-0.017404,-0.775713
1392,0.645472,-0.68209,0.3173,0.658843,-0.687113,0.017404,-0.724035
1393,-0.0033262,0.655587,-0.308117,-0.689398,-0.685506,0.0346586,-0.722429
1394,0.635502,-0.632555,0.289424,0.718406,-0.679396,0.0682786,-0.715819
1395,-0.0260216,0.611868,-0.266775,-0.744613,-0.674687,0.0843573,-0.71111
1396,0.619941,-0.597071,0.236104,0.766656,-0.662883,0.114501,-0.69834
1397,0.603009,-0.59103,0.197587,0.782076,-0.651657,0.134865,-0.686476
1398,0.595581,-0.583742,0.164618,0.795076,-0.638697,0.152921,-0.672789
1399,0.586,-0.582367,0.129709,0.802512,-0.624225,0.168359,-0.657512
1400,0.58401,-0.579735,0.0988913,0.808782,-0.608487,0.180919,-0.640908
1401,0.581463,-0.581298,0.0682191,0.810826,-0.591755,0.190381,-0.623259
1402,0.586384,-0.580537,0.040428,0.81323,-0.574314,0.196587,-0.604869
1403,0.597483,-0.577943,0.01358,0.815964,-0.556462,0.199429,-0.586051
1404,-0.192737,0.579042,0.013492,-0.815186,-0.544156,0.199429,-0.573745
1405,0.617521,-0.583298,-0.0397755,0.811284,-0.52075,0.194885,-0.548424
1406,0.637876,-0.581869,-0.0679842,0.810436,-0.5035,0.187579,-0.530258
1407,0.663103,-0.579629,-0.0989652,0.808849,-0.487052,0.177061,-0.512941
1408,0.68501,-0.58283,-0.129364,0.802231,-0.471686,0.163515,-0.49677
1409,-0.219801,0.590361,0.158349,-0.791454,-0.461922,0.152921,-0.487008
1410,0.734423,-0.594111,-0.193955,0.78065,-0.445228,0.128309,-0.468948
1411,-0.214826,0.607813,0.220931,-0.762727,-0.437736,0.114501,-0.461456
1412,-0.205194,0.619256,0.254081,-0.742944,-0.428438,0.0921786,-0.451618
1413,-0.764457,-0.429871,0.902678,-0.0195789,-0.419403,0.0600213,-0.441845
1414,-0.758488,-0.349005,0.934529,0.0696557,-0.415112,0.0346586,-0.437366
1415,-0.752887,-0.267363,0.949807,0.162429,-0.413135,0.00870199,-0.435327
1416,-0.752248,-0.183356,0.949615,0.254188,-0.413506,-0.017404,-0.43576
1417,-0.19002,0.739314,0.302803,-0.601436,-0.415112,-0.0346586,-0.437366
1418,-0.184272,0.765734,0.293301,-0.572387,-0.419403,-0.0600213,-0.441845
1419,-0.743967,0.042376,0.847306,0.529411,-0.428438,-0.0921786,-0.451618
1420,-0.736046,0.101407,0.780951,0.616305,-0.437736,-0.114501,-0.461456
1421,-0.115388,0.84456,0.26367,-0.466044,-0.445228,-0.128309,-0.468948
1422,-0.732812,0.205132,0.613589,0.762515,-0.461922,-0.152921,-0.487008
1423,-0.0668755,0.892048,0.207859,-0.401304,-0.471686,-0.163515,-0.49677
1424,-0.0449742,0.911342,0.169344,-0.375204,-0.487052,-0.177061,-0.512941
1425,-0.0198615,0.928176,0.126733,-0.349898,-0.5035,-0.187579,-0.530258
1426,0.000324751,0.939682,0.0783079,-0.332964,-0.52075,-0.194885,-0.548424
1427,-0.759259,0.327255,0.0600263,0.943027,-0.544156,-0.199429,-0.573745
1428,0.0217972,0.943605,-0.0261321,-0.330041,-0.556462,-0.199429,-0.586051
1429,0.0318583,0.938718,-0.0777617,-0.335799,-0.574314,-0.196587,-0.604869
1430,0.0343203,0.927278,-0.125861,-0.352582,-0.591755,-0.190381,-0.623259
1431,0.0324147,0.910903,-0.168705,-0.376556,-0.608487,-0.180919,-0.640908
1432,0.0309843,0.8916,-0.206937,-0.402773,-0.624225,-0.168359,-0.657512
1433,0.0226983,0.868286,-0.236073,-0.43629,-0.638697,-0.152921,-0.672789
1434,0.0168992,0.843882,-0.260792,-0.468882,-0.651657,-0.134865,-0.686476
1435,0.00378349,0.817511,-0.274101,-0.506502,-0.662883,-0.114501,-0.69834
1436,0.656413,-0.791856,0.289327,0.537824,-0.674687,-0.0843573,-0.71111
1437,-0.000896692,0.765535,-0.301504,-0.568377,-0.679396,-0.0682786,-0.715819
1438,0.64648,-0.738277,0.311885,0.598059,-0.685506,-0.0346586,-0.722429
1439,0.000733736,0.710516,-0.316362,-0.628555,-0.687113,-0.017404,-0.724035
1440,0.622916,-0.634036,0.295876,0.714462,-0.741801,0.017404,-0.667893
1441,-0.0370495,0.610907,-0.276545,-0.741833,-0.740074,0.0346586,-0.666417
1442,0.58404,-0.595692,0.242653,0.765683,-0.733465,0.0682786,-0.660308
1443,-0.0831271,0.579868,-0.217459,-0.785153,-0.728401,0.0843573,-0.655982
1444,0.554205,-0.5723,0.183222,0.799314,-0.715631,0.114501,-0.644178
1445,-0.129096,0.564172,-0.155393,-0.810903,-0.707574,0.128309,-0.637297
1446,0.527697,-0.566117,0.120925,0.815407,-0.689515,0.152921,-0.620603
1447,-0.174891,0.56173,-0.0971077,-0.821602,-0.679016,0.163515,-0.611636
1448,0.518448,-0.5654,0.0704141,0.821806,-0.656897,0.180919,-0.59119
1449,-0.213715,0.564089,-0.0493479,-0.824238,-0.644671,0.187579,-0.580748
1450,0.521637,-0.568555,0.0279907,0.822169,-0.620001,0.196587,-0.557944
1451,0.532218,-0.566968,0.00936887,0.823687,-0.600728,0.199429,-0.540585
1452,0.546869,-0.564443,-0.00956975,0.825417,-0.581341,0.198859,-0.523129
1453,-0.266115,0.566603,0.0284523,-0.823499,-0.568221,0.196587,-0.511923
1454,0.576937,-0.56566,-0.0487117,0.823198,-0.543552,0.187579,-0.489119
1455,-0.279115,0.566371,0.0698516,-0.821185,-0.531325,0.180919,-0.478677
1456,0.627239,-0.560633,-0.097924,0.822254,-0.509207,0.163515,-0.458231
1457,0.654734,-0.560657,-0.126199,0.818375,-0.494072,0.147171,-0.444628
1458,0.679129,-0.565725,-0.153514,0.810178,-0.480648,0.128309,-0.43257
1459,0.71054,-0.569708,-0.187011,0.800288,-0.469166,0.107251,-0.422263
1460,0.73186,-0.582447,-0.212769,0.784528,-0.459822,0.0843573,-0.413884
1461,-0.248755,0.599172,0.234679,-0.765453,-0.454758,0.0682786,-0.409559
1462,-0.782173,-0.328082,0.941317,0.0792733,-0.448148,0.0346586,-0.403449
1463,-0.214852,0.636379,0.286727,-0.716107,-0.44642,0.017404,-0.401974
1464,-0.741554,-0.169917,0.94628,0.275104,-0.44642,-0.017404,-0.401974
1465,-0.174237,0.688588,0.317492,-0.651955,-0.448148,-0.0346586,-0.403449
1466,-0.706679,-0.0219073,0.884636,0.465767,-0.454758,-0.0682786,-0.409559
1467,-0.115622,0.750598,0.330026,-0.572439,-0.459822,-0.0843573,-0.413884
1468,-0.0928953,0.782943,0.316832,-0.535366,-0.469166,-0.107251,-0.422263
1469,-0.0613066,0.815843,0.301351,-0.493547,-0.480648,-0.128309,-0.43257
1470,-0.037195,0.845984,0.271989,-0.458621,-0.494072,-0.147171,-0.444628
1471,-0.0092739,0.874375,0.237197,-0.423328,-0.509207,-0.163515,-0.458231
1472,-0.672631,0.288172,0.396479,0.871643,-0.531325,-0.180919,-0.478677
1473,0.042107,0.919151,0.144797,-0.366327,-0.543552,-0.187579,-0.489119
1474,-0.68537,0.331825,0.173804,0.927192,-0.568221,-0.196587,-0.511923
1475,0.0728421,0.938103,0.029839,-0.34507,-0.581341,-0.198859,-0.523129
1476,0.0881961,0.939389,-0.0300583,-0.341533,-0.600728,-0.199429,-0.540585
1477,-0.721106,0.332904,-0.173906,0.926786,-0.626049,-0.194885,-0.563992
1478,-0.741136,0.319924,-0.287916,0.902637,-0.644671,-0.187579,-0.580748
1479,0.0982767,0.899696,-0.195269,-0.390407,-0.656897,-0.180919,-0.59119
1480,-0.777979,0.261106,-0.502375,0.824283,-0.679016,-0.163515,-0.611636
1481,0.0907056,0.847963,-0.277388,-0.451679,-0.689515,-0.152921,-0.620603
1482,0.748836,-0.815741,0.300913,0.493982,-0.707574,-0.128309,-0.637297
1483,0.0668421,0.783893,-0.323032,-0.530248,-0.715631,-0.114501,-0.644178
1484,0.707153,-0.750717,0.332029,0.571123,-0.728401,-0.0843573,-0.655982
1485,0.0417606,0.718241,-0.339515,-0.607337,-0.733465,-0.0682786,-0.660308
1486,0.666273,-0.687359,0.330228,0.646906,-0.740074,-0.0346586,-0.666417
1487,0.00737445,0.657866,-0.322644,-0.680524,-0.741801,-0.017404,-0.667893
1488,0.594663,-0.582394,0.268842,0.767164,-0.791917,0.017404,-0.607633
1489,-0.0663351,0.56,-0.248874,-0.790229,-0.790079,0.0346586,-0.606298
1490,0.530155,-0.554678,0.192987,0.809376,-0.783011,0.0682786,-0.600725
1491,-0.141103,0.543818,-0.166672,-0.822486,-0.777623,0.0843573,-0.59681
1492,0.493275,-0.541066,0.133466,0.830322,-0.763966,0.114501,-0.586044
1493,-0.18777,0.535134,-0.111971,-0.837314,-0.755395,0.128309,-0.579817
1494,-0.209801,0.535016,-0.0878093,-0.840266,-0.741067,0.147171,-0.56885
1495,-0.233857,0.538927,-0.0646825,-0.839866,-0.724911,0.163515,-0.556476
1496,-0.255307,0.543126,-0.0456625,-0.838409,-0.707204,0.177061,-0.542908
1497,-0.275664,0.548092,-0.0295761,-0.835895,-0.688249,0.187579,-0.528378
1498,-0.292032,0.55086,-0.0167227,-0.83443,-0.66837,0.194885,-0.513134
1499,-0.307999,0.553948,-0.00527632,-0.832534,-0.647907,0.198859,-0.497437
1500,-0.319735,0.554092,0.00526599,-0.832438,-0.62721,0.199429,-0.481556
1501,-0.329556,0.553263,0.0161515,-0.83285,-0.606634,0.196587,-0.465763
1502,0.51567,-0.549138,-0.0291481,0.835223,-0.580252,0.187579,-0.444964
1503,0.538394,-0.545075,-0.0445491,0.837203,-0.561296,0.177061,-0.430434
1504,-0.3416,0.544739,0.0602116,-0.836442,-0.549103,0.168359,-0.421576
1505,-0.33987,0.542424,0.0805082,-0.836238,-0.53242,0.152921,-0.40875
1506,0.618551,-0.537824,-0.108667,0.836024,-0.513106,0.128309,-0.393525
1507,-0.324525,0.542151,0.131827,-0.829876,-0.504534,0.114501,-0.387298
1508,0.691741,-0.53808,-0.177654,0.823959,-0.490878,0.0843573,-0.376532
1509,0.718386,-0.549426,-0.205928,0.809768,-0.483358,0.0600213,-0.370796
1510,-0.260376,0.56391,0.236486,-0.791252,-0.479714,0.0432113,-0.368148
1511,-0.776492,-0.225012,0.95677,0.184284,-0.476149,0.00870199,-0.365338
1512,-0.190529,0.604417,0.309899,-0.733923,-0.476149,-0.00870199,-0.365338
1513,-0.705068,-0.0759513,0.917298,0.390891,-0.479714,-0.0432113,-0.368148
1514,-0.111435,0.668515,0.358067,-0.651826,-0.483358,-0.0600213,-0.370796
1515,-0.0802749,0.706293,0.359282,-0.609973,-0.490878,-0.0843573,-0.376532
1516,-0.631004,0.118821,0.746653,0.654516,-0.504534,-0.114501,-0.387298
1517,-0.00207988,0.786631,0.341609,-0.51431,-0.513106,-0.128309,-0.393525
1518,-0.615517,0.226923,0.581042,0.781599,-0.53242,-0.152921,-0.40875
1519,-0.609569,0.266577,0.48482,0.832998,-0.549103,-0.168359,-0.421576
1520,0.0816597,0.886934,0.219632,-0.406336,-0.561296,-0.177061,-0.430434
1521,0.10436,0.909825,0.162382,-0.381904,-0.580252,-0.187579,-0.444964
1522,-0.620805,0.344514,0.1677,0.923681,-0.606634,-0.196587,-0.465763
1523,-0.630605,0.35385,0.0561727,0.933614,-0.62721,-0.199429,-0.481556
1524,-0.643382,0.354984,-0.056213,0.933181,-0.647907,-0.198859,-0.497437
1525,-0.660848,0.349558,-0.168243,0.921685,-0.66837,-0.194885,-0.513134
1526,-0.677299,0.33247,-0.278192,0.901151,-0.688249,-0.187579,-0.528378
1527,-0.697152,0.307971,-0.385187,0.869933,-0.707204,-0.177061,-0.542908
1528,-0.718185,0.27427,-0.487239,0.82908,-0.724911,-0.163515,-0.556476
1529,-0.742262,0.233373,-0.58347,0.777881,-0.741067,-0.147171,-0.56885
1530,-0.764792,0.181988,-0.670983,0.718792,-0.755395,-0.128309,-0.579817
1531,0.12493,0.74799,-0.366982,-0.553024,-0.763966,-0.114501,-0.586044
1532,0.75851,-0.707445,0.37437,0.599473,-0.777623,-0.0843573,-0.59681
1533,0.0868344,0.668319,-0.379007,-0.640081,-0.783011,-0.0682786,-0.600725
1534,0.684045,-0.633253,0.346585,0.692004,-0.790079,-0.0346586,-0.606298
1535,0.0227898,0.60002,-0.337161,-0.725464,-0.791917,-0.017404,-0.607633
1536,-0.046204,0.51982,-0.271612,-0.809947,-0.837612,0.00870199,-0.543962
1537,0.515599,-0.514239,0.187856,0.83682,-0.833838,0.0432113,-0.54144
1538,0.473838,-0.509806,0.140506,0.848738,-0.827729,0.0682786,-0.537439
1539,-0.201675,0.504853,-0.113013,-0.855775,-0.822051,0.0843573,-0.533959
1540,0.427278,-0.509183,0.0790644,0.857019,-0.807591,0.114501,-0.524298
1541,0.414008,-0.511888,0.0577121,0.857111,-0.793907,0.134865,-0.515383
1542,0.40749,-0.514361,0.0422921,0.85653,-0.77811,0.152921,-0.505099
1543,-0.295107,0.516452,-0.030775,-0.855763,-0.766337,0.163515,-0.497884
1544,-0.313315,0.521195,-0.0200615,-0.853202,-0.74762,0.177061,-0.485747
1545,-0.336217,0.530471,-0.0101383,-0.847642,-0.727583,0.187579,-0.472749
1546,0.403696,-0.534247,0.00505664,0.845313,-0.69965,0.196587,-0.454084
1547,-0.364513,0.535372,-0.00158023,-0.844615,-0.684938,0.198859,-0.445069
1548,0.423681,-0.535949,-0.00153639,0.844249,-0.656019,0.198859,-0.425746
1549,-0.387005,0.534701,0.00495264,-0.845027,-0.641307,0.196587,-0.416731
1550,-0.398774,0.534811,0.00840044,-0.84493,-0.620055,0.190381,-0.40292
1551,0.478293,-0.524763,-0.018006,0.851058,-0.593337,0.177061,-0.385068
1552,0.504497,-0.51719,-0.0302185,0.855337,-0.574621,0.163515,-0.372932
1553,0.529378,-0.512392,-0.0442346,0.857612,-0.557544,0.147171,-0.361864
1554,0.557141,-0.507899,-0.0628004,0.859125,-0.5424,0.128309,-0.352054
1555,-0.392237,0.511081,0.0759834,-0.856168,-0.533366,0.114501,-0.346519
1556,-0.366797,0.505158,0.112365,-0.855681,-0.522027,0.0921786,-0.339124
1557,0.678855,-0.498888,-0.169233,0.849983,-0.51096,0.0600213,-0.33173
1558,-0.296581,0.510311,0.201866,-0.835962,-0.50712,0.0432113,-0.329376
1559,0.782378,-0.519721,-0.272012,0.809876,-0.503346,0.00870199,-0.326854
1560,-0.190419,0.544963,0.309981,-0.779055,-0.503346,-0.00870199,-0.326854
1561,-0.679186,-0.0600107,0.90801,0.414628,-0.50712,-0.0432113,-0.329376
1562,-0.0820732,0.616135,0.383652,-0.687887,-0.51096,-0.0600213,-0.33173
1563,-0.595425,0.067465,0.794404,0.603631,-0.522027,-0.0921786,-0.339124
1564,-0.563035,0.121753,0.720047,0.683161,-0.533366,-0.114501,-0.346519
1565,0.0597385,0.756992,0.382361,-0.529871,-0.5424,-0.128309,-0.352054
1566,-0.547615,0.233636,0.558502,0.795921,-0.562848,-0.152921,-0.365718
1567,0.117915,0.84016,0.299047,-0.452441,-0.574621,-0.163515,-0.372932
1568,0.143256,0.873585,0.242868,-0.42174,-0.593337,-0.177061,-0.385068
1569,-0.550366,0.340118,0.266253,0.901903,-0.620055,-0.190381,-0.40292
1570,-0.561579,0.362241,0.161487,0.917989,-0.641307,-0.196587,-0.416731
1571,0.19842,0.926499,0.0369055,-0.374482,-0.656019,-0.198859,-0.425746
1572,-0.584977,0.373705,-0.0541564,0.925965,-0.684938,-0.198859,-0.445069
1573,0.216952,0.917071,-0.109393,-0.383423,-0.69965,-0.196587,-0.454084
1574,-0.614823,0.346694,-0.267564,0.899006,-0.727583,-0.187579,-0.472749
1575,-0.637807,0.324153,-0.371581,0.869973,-0.74762,-0.177061,-0.485747
1576,-0.655912,0.28683,-0.469635,0.834968,-0.766337,-0.163515,-0.497884
1577,0.211749,0.801509,-0.347618,-0.486564,-0.77811,-0.152921,-0.505099
1578,0.204054,0.758483,-0.387493,-0.523978,-0.793907,-0.134865,-0.515383
1579,0.188942,0.711674,-0.413972,-0.56758,-0.807591,-0.114501,-0.524298
1580,-0.758917,0.0668586,-0.794028,0.604193,-0.822051,-0.0843573,-0.533959
1581,0.134246,0.616411,-0.41971,-0.666243,-0.827729,-0.0682786,-0.537439
1582,0.0937182,0.573643,-0.396886,-0.71653,-0.833838,-0.0432113,-0.54144
1583,0.649075,-0.543562,0.320706,0.775686,-0.837612,-0.00870199,-0.543962
1584,-0.0558009,0.456438,-0.262389,-0.850186,-0.877709,0.00870199,-0.476567
1585,-0.141505,0.449916,-0.176925,-0.87537,-0.875199,0.0346586,-0.475238
1586,0.412161,-0.462348,0.0825219,0.88285,-0.867345,0.0682786,-0.47084
1587,-0.264284,0.463076,-0.0571164,-0.884476,-0.861411,0.0843573,-0.467816
1588,-0.291017,0.468322,-0.0341374,-0.882898,-0.850369,0.107251,-0.46185
1589,-0.315282,0.475891,-0.0164921,-0.87935,-0.836798,0.128309,-0.454509
1590,0.342008,-0.48948,-0.000858564,0.872014,-0.815341,0.152921,-0.442492
1591,-0.358561,0.494456,0.004479,-0.869191,-0.803039,0.163515,-0.436224
1592,0.337503,-0.505077,-0.0093614,0.863024,-0.776758,0.180919,-0.421506
1593,-0.394424,0.51049,0.00857481,-0.859841,-0.762432,0.187579,-0.414206
1594,0.344889,-0.516517,-0.00642537,0.856253,-0.73312,0.196587,-0.397791
1595,-0.422117,0.517472,0.00219091,-0.855697,-0.717745,0.198859,-0.389958
1596,-0.438079,0.521229,-0.0024801,-0.853413,-0.69482,0.199429,-0.37751
1597,-0.450118,0.520568,-0.00736731,-0.853788,-0.672027,0.196587,-0.36513
1598,-0.459983,0.517296,-0.0112746,-0.855732,-0.649756,0.190381,-0.35303
1599,-0.465463,0.510224,-0.0123286,-0.859953,-0.628389,0.180919,-0.341416
1600,-0.465634,0.499814,-0.00861874,-0.86609,-0.608291,0.168359,-0.330486
1601,0.466094,-0.486098,-0.00254427,0.8739,-0.584217,0.147171,-0.317004
1602,-0.461167,0.481457,0.0093354,-0.87642,-0.573252,0.134865,-0.311417
1603,0.519007,-0.471227,-0.0293494,0.881523,-0.554778,0.107251,-0.301072
1604,-0.44342,0.469168,0.0439007,-0.882017,-0.547025,0.0921786,-0.297122
1605,-0.408259,0.461163,0.0859668,-0.883141,-0.537802,0.0682786,-0.292082
1606,-0.354829,0.457952,0.145659,-0.876962,-0.531399,0.0432113,-0.288573
1607,0.776573,-0.455654,-0.266411,0.849356,-0.527438,0.00870199,-0.286355
1608,-0.198889,0.482961,0.301957,-0.821931,-0.527438,-0.00870199,-0.286355
1609,-0.629181,-0.0530692,0.888341,0.456108,-0.531399,-0.0432113,-0.288573
1610,-0.573665,0.0128333,0.831998,0.554631,-0.537802,-0.0682786,-0.292082
1611,-0.515292,0.0652712,0.758498,0.648399,-0.547025,-0.0921786,-0.297122
1612,0.0968149,0.67429,0.456141,-0.580748,-0.554778,-0.107251,-0.301072
1613,-0.48862,0.192408,0.617065,0.763027,-0.573252,-0.134865,-0.311417
1614,0.157196,0.77858,0.38294,-0.497162,-0.584217,-0.147171,-0.317004
1615,-0.481712,0.290795,0.446209,0.846366,-0.608291,-0.168359,-0.330486
1616,-0.481991,0.326101,0.352025,0.877346,-0.628389,-0.180919,-0.341416
1617,-0.487196,0.354227,0.254329,0.899911,-0.649756,-0.190381,-0.35303
1618,-0.496848,0.374978,0.154053,0.914144,-0.672027,-0.196587,-0.36513
1619,-0.509016,0.386762,0.0516764,0.92073,-0.69482,-0.199429,-0.37751
1620,-0.524982,0.390818,-0.0518502,0.919007,-0.717745,-0.198859,-0.389958
1621,0.278553,0.909278,-0.119138,-0.398773,-0.73312,-0.196587,-0.397791
1622,-0.553531,0.362391,-0.256132,0.896141,-0.762432,-0.187579,-0.414206
1623,0.283698,0.859953,-0.265153,-0.43609,-0.776758,-0.180919,-0.421506
1624,-0.590266,0.298163,-0.449126,0.84225,-0.803039,-0.163515,-0.436224
1625,0.278268,0.779089,-0.384121,-0.49545,-0.815341,-0.152921,-0.442492
1626,-0.639215,0.202797,-0.623105,0.75539,-0.836798,-0.128309,-0.454509
1627,-0.668628,0.144137,-0.700144,0.699302,-0.850369,-0.107251,-0.46185
1628,-0.705757,0.0813979,-0.770729,0.631942,-0.861411,-0.0843573,-0.467816
1629,0.182641,0.563228,-0.460289,-0.686228,-0.867345,-0.0682786,-0.47084
1630,0.745071,-0.515424,0.40189,0.75685,-0.875199,-0.0346586,-0.475238
1631,0.634959,-0.482419,0.307332,0.820256,-0.877709,-0.00870199,-0.476567
1632,0.48293,-0.403704,0.160012,0.900788,-0.911886,0.017404,-0.405975
1633,0.397379,-0.404341,0.0730047,0.91169,-0.908271,0.0432113,-0.404333
1634,0.336379,-0.41528,0.0108529,0.909629,-0.901613,0.0682786,-0.401338
1635,0.304375,-0.428025,-0.0211884,0.903519,-0.892023,0.0921786,-0.397038
1636,0.291906,-0.438569,-0.0333984,0.898077,-0.879667,0.114501,-0.391508
1637,0.282977,-0.450491,-0.0407654,0.89185,-0.864755,0.134865,-0.384843
1638,0.273241,-0.465413,-0.0461851,0.883888,-0.847545,0.152921,-0.377158
1639,0.270622,-0.477555,-0.0443451,0.877482,-0.828328,0.168359,-0.368582
1640,0.27057,-0.488676,-0.0389393,0.871596,-0.807435,0.180919,-0.359264
1641,0.273901,-0.497402,-0.0301404,0.866996,-0.785223,0.190381,-0.349361
1642,0.280929,-0.502851,-0.0188824,0.864167,-0.762071,0.196587,-0.339045
1643,0.290331,-0.505599,-0.00642791,0.862745,-0.738376,0.199429,-0.328491
1644,0.301676,-0.505788,0.00644371,0.862634,-0.714545,0.198859,-0.31788
1645,0.316182,-0.502261,0.018752,0.864513,-0.690983,0.194885,-0.307395
1646,0.334116,-0.494896,0.0291601,0.868463,-0.668093,0.187579,-0.297214
1647,0.355843,-0.48376,0.0361398,0.874454,-0.64627,0.177061,-0.28751
1648,0.381057,-0.469762,0.0383641,0.881959,-0.625886,0.163515,-0.27845
1649,0.407123,-0.455635,0.036328,0.889425,-0.607288,0.147171,-0.27019
1650,0.433842,-0.442119,0.0298686,0.896459,-0.590795,0.128309,-0.26287
1651,0.463565,-0.428741,0.0167432,0.903272,-0.576691,0.107251,-0.256616
1652,0.499602,-0.415745,-0.00647406,0.909458,-0.565214,0.0843573,-0.251535
1653,0.550546,-0.403132,-0.0486331,0.913848,-0.556564,0.0600213,-0.247714
1654,0.627231,-0.393676,-0.120679,0.911293,-0.550886,0.0346586,-0.245218
1655,-0.306966,0.39861,0.197593,-0.895582,-0.548788,0.017404,-0.244348
1656,-0.70605,-0.0913265,0.934443,0.344203,-0.548788,-0.017404,-0.244348
1657,-0.0568268,0.454055,0.424011,-0.783613,-0.550886,-0.0346586,-0.245218
1658,-0.48871,0.0130615,0.79062,0.612167,-0.559061,-0.0682786,-0.248986
1659,0.122364,0.573546,0.517339,-0.635142,-0.565214,-0.0843573,-0.251535
1660,0.155609,0.636856,0.496205,-0.590081,-0.576691,-0.107251,-0.256616
1661,0.187183,0.697866,0.461573,-0.547662,-0.590795,-0.128309,-0.26287
1662,0.216,0.754266,0.413848,-0.509718,-0.607288,-0.147171,-0.27019
1663,0.243268,0.804488,0.355283,-0.475997,-0.625886,-0.163515,-0.27845
1664,0.269066,0.847157,0.287383,-0.446919,-0.64627,-0.177061,-0.28751
1665,0.291239,0.880317,0.211132,-0.424812,-0.668093,-0.187579,-0.297214
1666,0.309603,0.902816,0.12903,-0.410214,-0.690983,-0.194885,-0.307395
1667,0.324383,0.914138,0.0434101,-0.403071,-0.714545,-0.198859,-0.31788
1668,0.335511,0.913963,-0.0433875,-0.403471,-0.738376,-0.199429,-0.328491
1669,0.344214,0.902838,-0.12903,-0.410163,-0.762071,-0.196587,-0.339045
1670,-0.491256,0.377638,-0.243535,0.893353,-0.79258,-0.187579,-0.35311
1671,0.348544,0.847352,-0.287553,-0.44644,-0.807435,-0.180919,-0.359264
1672,-0.524804,0.311311,-0.426752,0.849098,-0.834789,-0.163515,-0.371874
1673,0.346909,0.757422,-0.419982,-0.499927,-0.847545,-0.152921,-0.377158
1674,0.334833,0.700248,-0.468247,-0.538886,-0.864755,-0.134865,-0.384843
1675,0.322395,0.639119,-0.506267,-0.578982,-0.879667,-0.114501,-0.391508
1676,0.30262,0.57482,-0.528919,-0.624361,-0.892023,-0.0921786,-0.397038
1677,0.252553,0.510031,-0.51697,-0.687467,-0.901613,-0.0682786,-0.401338
1678,0.785313,-0.453636,0.437574,0.776365,-0.909787,-0.0346586,-0.405106
1679,0.0758364,0.408979,-0.386484,-0.82666,-0.911886,-0.017404,-0.405975
1680,-0.232717,0.33927,-0.0888481,-0.936484,-0.941455,0.00870199,-0.333396
1681,0.283666,-0.353025,-0.0384499,0.934824,-0.937196,0.0432113,-0.331825
1682,0.241062,-0.37015,-0.07932,0.925579,-0.930322,0.0682786,-0.32936
1683,-0.426447,0.385208,0.0881633,-0.918609,-0.923987,0.0843573,-0.327302
1684,-0.436844,0.398686,0.0869849,-0.912953,-0.912148,0.107251,-0.323137
1685,0.212293,-0.420453,-0.0937063,0.902463,-0.892284,0.134865,-0.315809
1686,-0.474205,0.435179,0.0860826,-0.896219,-0.88058,0.147171,-0.312006
1687,-0.487974,0.44974,0.0762004,-0.889903,-0.861392,0.163515,-0.30523
1688,-0.503785,0.46415,0.0640023,-0.883441,-0.840359,0.177061,-0.297798
1689,-0.521565,0.478134,0.0492763,-0.876903,-0.817841,0.187579,-0.289836
1690,-0.535648,0.486442,0.0306871,-0.873174,-0.794225,0.194885,-0.281482
1691,-0.547603,0.489943,0.0103682,-0.871693,-0.769913,0.198859,-0.272876
1692,-0.559113,0.489878,-0.0103607,-0.87173,-0.745322,0.199429,-0.264168
1693,-0.569776,0.486078,-0.0306076,-0.873379,-0.720873,0.196587,-0.255506
1694,-0.578786,0.47819,-0.0492869,-0.876873,-0.696983,0.190381,-0.247039
1695,-0.585348,0.466213,-0.0651689,-0.882269,-0.674061,0.180919,-0.23891
1696,-0.589047,0.450771,-0.0769609,-0.889316,-0.652502,0.168359,-0.23126
1697,-0.590044,0.433167,-0.0840799,-0.897383,-0.632672,0.152921,-0.224219
1698,-0.588562,0.414766,-0.0862907,-0.905827,-0.614911,0.134865,-0.217907
1699,-0.583406,0.396229,-0.0827819,-0.914412,-0.599523,0.114501,-0.212433
1700,-0.572516,0.378194,-0.0717966,-0.922938,-0.586771,0.0921786,-0.207889
1701,-0.552891,0.361798,-0.0508636,-0.930868,-0.576873,0.0682786,-0.204355
1702,-0.517097,0.348513,-0.0129537,-0.937215,-0.57,0.0432113,-0.201891
1703,-0.39195,0.336892,0.113873,-0.934632,-0.566268,0.017404,-0.200538
1704,-0.647619,-0.0840588,0.912407,0.400559,-0.566268,-0.017404,-0.200538
1705,-0.447558,-0.052013,0.798636,0.599562,-0.57,-0.0432113,-0.201891
1706,-0.395543,0.0184506,0.738698,0.673784,-0.576873,-0.0682786,-0.204355
1707,-0.375254,0.0925563,0.68423,0.723369,-0.586771,-0.0921786,-0.207889
1708,-0.364518,0.161884,0.623847,0.764597,-0.599523,-0.114501,-0.212433
1709,-0.358292,0.223956,0.55594,0.800484,-0.614911,-0.134865,-0.217907
1710,-0.355536,0.277807,0.481266,0.831388,-0.632672,-0.152921,-0.224219
1711,-0.355496,0.322782,0.400919,0.857366,-0.652502,-0.168359,-0.23126
1712,-0.358374,0.358976,0.316261,0.878131,-0.674061,-0.180919,-0.23891
1713,-0.364215,0.386663,0.228253,0.893528,-0.696983,-0.190381,-0.247039
1714,-0.372506,0.405421,0.13799,0.903655,-0.720873,-0.196587,-0.255506
1715,-0.382337,0.414664,0.0461765,0.908802,-0.745322,-0.199429,-0.264168
1716,-0.395581,0.41617,-0.0462568,0.90811,-0.769913,-0.198859,-0.272876
1717,-0.412214,0.410035,-0.138686,0.901464,-0.794225,-0.194885,-0.281482
1718,-0.428086,0.392499,-0.229787,0.890586,-0.817841,-0.187579,-0.289836
1719,-0.446444,0.366623,-0.319056,0.873952,-0.840359,-0.177061,-0.297798
1720,-0.462618,0.328646,-0.403806,0.853775,-0.861392,-0.163515,-0.30523
1721,-0.476166,0.279079,-0.482034,0.830517,-0.88058,-0.147171,-0.312006
1722,0.407248,0.673509,-0.509599,-0.535439,-0.892284,-0.134865,-0.315809
1723,-0.518919,0.163533,-0.625372,0.762999,-0.912148,-0.107251,-0.323137
1724,-0.5339,0.0894888,-0.680888,0.7269,-0.923987,-0.0843573,-0.327302
1725,0.362012,0.458756,-0.600552,-0.654889,-0.930322,-0.0682786,-0.32936
1726,0.296142,0.388015,-0.569106,-0.724957,-0.937196,-0.0432113,-0.331825
1727,0.669658,-0.346257,0.340089,0.874326,-0.941455,-0.00870199,-0.333396
1728,0.12681,-0.278477,-0.193423,0.940765,-0.964168,0.017404,-0.258326
1729,-0.494692,0.299509,0.167689,-0.939242,-0.961959,0.0346586,-0.257796
1730,0.158617,-0.318871,-0.156763,0.934744,-0.953295,0.0682786,-0.255352
1731,0.148901,-0.342898,-0.159795,0.925681,-0.943151,0.0921786,-0.252606
1732,0.145963,-0.365644,-0.15389,0.917945,-0.930082,0.114501,-0.249078
1733,0.143984,-0.388191,-0.144417,0.910193,-0.914311,0.134865,-0.244828
1734,0.145132,-0.408571,-0.129876,0.903439,-0.89611,0.152921,-0.239928
1735,0.145965,-0.428254,-0.112896,0.896579,-0.875789,0.168359,-0.234464
1736,0.150857,-0.443643,-0.0913074,0.89154,-0.853695,0.180919,-0.228529
1737,-0.580221,0.457509,0.0678193,-0.886615,-0.838061,0.187579,-0.224776
1738,0.157765,-0.470929,-0.0426125,0.881141,-0.805727,0.196587,-0.215657
1739,0.170464,-0.472876,-0.0141759,0.881015,-0.780673,0.199429,-0.20894
1740,0.184078,-0.471098,0.0140459,0.881969,-0.755475,0.198859,-0.202188
1741,0.198901,-0.465242,0.0413646,0.884216,-0.730563,0.194885,-0.195517
1742,0.215629,-0.454846,0.0668153,0.88806,-0.706363,0.187579,-0.189041
1743,0.234612,-0.439839,0.0892167,0.893634,-0.683291,0.177061,-0.182871
1744,0.255573,-0.421015,0.10747,0.900664,-0.661739,0.163515,-0.177112
1745,0.277716,-0.399552,0.121022,0.908687,-0.642078,0.147171,-0.171863
1746,0.300592,-0.37657,0.12944,0.917301,-0.624643,0.128309,-0.167213
1747,0.324275,-0.352842,0.132053,0.926318,-0.609734,0.107251,-0.163243
1748,0.348491,-0.32966,0.128616,0.935298,-0.597604,0.0843573,-0.160019
1749,0.368231,-0.309469,0.12366,0.942835,-0.588463,0.0600213,-0.157599
1750,0.360034,-0.295511,0.140597,0.944937,-0.582465,0.0346586,-0.156021
1751,-0.648986,0.277606,-0.141889,-0.950159,-0.580256,0.017404,-0.155491
1752,-0.274342,-0.148572,0.702239,0.696266,-0.580256,-0.017404,-0.155491
1753,0.272829,0.325087,0.687488,-0.649368,-0.582465,-0.0346586,-0.156021
1754,0.257782,0.40964,0.650317,-0.639753,-0.588463,-0.0600213,-0.157599
1755,0.277803,0.491026,0.624566,-0.607298,-0.597604,-0.0843573,-0.160019
1756,0.301037,0.569734,0.58769,-0.574477,-0.609734,-0.107251,-0.163243
1757,0.324772,0.643715,0.538663,-0.543575,-0.624643,-0.128309,-0.167213
1758,0.348584,0.711351,0.478112,-0.515158,-0.642078,-0.147171,-0.171863
1759,0.371929,0.770877,0.407188,-0.489844,-0.661739,-0.163515,-0.177112
1760,0.394043,0.820675,0.327104,-0.468504,-0.683291,-0.177061,-0.182871
1761,0.414043,0.859356,0.239265,-0.451951,-0.706363,-0.187579,-0.189041
1762,0.431694,0.885796,0.145914,-0.440539,-0.730563,-0.194885,-0.195517
1763,0.447772,0.899805,0.0491152,-0.433518,-0.755475,-0.198859,-0.202188
1764,-0.338562,0.435671,-0.0435374,0.899052,-0.788949,-0.198859,-0.211629
1765,0.464076,0.884875,-0.145627,-0.442481,-0.805727,-0.196587,-0.215657
1766,-0.366457,0.409078,-0.215487,0.886691,-0.838061,-0.187579,-0.224776
1767,0.473383,0.820828,-0.327226,-0.46815,-0.853695,-0.180919,-0.228529
1768,0.477157,0.772774,-0.409292,-0.485078,-0.875789,-0.168359,-0.234464
1769,0.477185,0.714248,-0.482492,-0.507001,-0.89611,-0.152921,-0.239928
1770,0.47785,0.647778,-0.547357,-0.52989,-0.914311,-0.134865,-0.244828
1771,0.475065,0.573759,-0.600712,-0.556728,-0.930082,-0.114501,-0.249078
1772,0.471587,0.494237,-0.643227,-0.584798,-0.943151,-0.0921786,-0.252606
1773,0.461585,0.410594,-0.670366,-0.618079,-0.953295,-0.0682786,-0.255352
1774,-0.462569,-0.0592541,-0.693578,0.717941,-0.961959,-0.0346586,-0.257796
1775,0.010277,-0.239093,-0.305931,0.921543,-0.96471,-0.00870199,-0.258502
1776,0.0329447,-0.205263,-0.284319,0.936499,-0.981463,0.017404,-0.181882
1777,0.0632279,-0.237631,-0.251819,0.938146,-0.977566,0.0432113,-0.181129
1778,0.0666539,-0.269094,-0.241862,0.932251,-0.970391,0.0682786,-0.179771
1779,-0.583922,0.298481,0.227079,-0.927008,-0.963813,0.0843573,-0.178729
1780,-0.583118,0.324266,0.206595,-0.923131,-0.951469,0.107251,-0.176467
1781,-0.590977,0.351128,0.188839,-0.917087,-0.936293,0.128309,-0.173679
1782,0.0805794,-0.379875,-0.17132,0.909035,-0.912173,0.152921,-0.168881
1783,0.0826749,-0.403902,-0.147093,0.902899,-0.891485,0.168359,-0.165029
1784,0.0908927,-0.420832,-0.117102,0.899548,-0.868993,0.180919,-0.160845
1785,-0.637476,0.435479,0.0856994,-0.89611,-0.853112,0.187579,-0.158329
1786,0.101447,-0.450118,-0.0532693,0.891379,-0.820163,0.196587,-0.151775
1787,0.115331,-0.452022,-0.0176781,0.891832,-0.794659,0.199429,-0.147045
1788,0.128882,-0.450261,0.0175536,0.892724,-0.769009,0.198859,-0.142291
1789,0.142378,-0.44459,0.0520769,0.894219,-0.74365,0.194885,-0.137595
1790,0.158119,-0.433022,0.0847909,0.897387,-0.719017,0.187579,-0.133037
1791,0.175962,-0.415916,0.114481,0.902169,-0.695532,0.177061,-0.128697
1792,0.195461,-0.394196,0.140034,0.908295,-0.673595,0.163515,-0.124647
1793,0.215429,-0.369285,0.161152,0.915237,-0.653583,0.147171,-0.120956
1794,0.235168,-0.342195,0.177603,0.922692,-0.635837,0.128309,-0.117689
1795,0.255032,-0.313487,0.188536,0.930688,-0.620662,0.107251,-0.1149
1796,0.273098,-0.284704,0.195117,0.938548,-0.608317,0.0843573,-0.112639
1797,0.271813,-0.261095,0.213456,0.941417,-0.599013,0.0600213,-0.110942
1798,0.238746,-0.238382,0.257012,0.936546,-0.592911,0.0346586,-0.10984
1799,0.13625,-0.205068,0.360889,0.909784,-0.590112,0.00870199,-0.109352
1800,0.570799,0.148947,0.878701,-0.453541,-0.590112,-0.00870199,-0.109352
1801,0.425215,0.269922,0.785714,-0.556593,-0.592911,-0.0346586,-0.10984
1802,0.371499,0.366656,0.724226,-0.584004,-0.599013,-0.0600213,-0.110942
1803,0.362009,0.455037,0.676498,-0.579044,-0.608317,-0.0843573,-0.112639
1804,0.373375,0.539424,0.628683,-0.56016,-0.620662,-0.107251,-0.1149
1805,0.39172,0.618553,0.572573,-0.5381,-0.635837,-0.128309,-0.117689
1806,0.411952,0.690618,0.50592,-0.516809,-0.653583,-0.147171,-0.120956
1807,0.433139,0.753889,0.429582,-0.497103,-0.673595,-0.163515,-0.124647
1808,0.454086,0.806879,0.344403,-0.47993,-0.695532,-0.177061,-0.128697
1809,0.473276,0.847956,0.251568,-0.466567,-0.719017,-0.187579,-0.133037
1810,0.4901,0.875858,0.153241,-0.457591,-0.74365,-0.194885,-0.137595
1811,0.504174,0.889891,0.051479,-0.45326,-0.769009,-0.198859,-0.142291
1812,0.51592,0.889969,-0.0514859,-0.453105,-0.794659,-0.199429,-0.147045
1813,0.52661,0.8767,-0.153475,-0.455897,-0.820163,-0.196587,-0.151775
1814,-0.305684,0.426711,-0.200584,0.881864,-0.853112,-0.187579,-0.158329
1815,0.536577,0.80832,-0.345368,-0.476801,-0.868993,-0.180919,-0.160845
1816,0.543753,0.757875,-0.433427,-0.487614,-0.891485,-0.168359,-0.165029
1817,0.544745,0.695038,-0.511748,-0.505011,-0.912173,-0.152921,-0.168881
1818,-0.355397,0.262572,-0.480254,0.836906,-0.936293,-0.128309,-0.173679
1819,-0.362303,0.198593,-0.532182,0.823009,-0.951469,-0.107251,-0.176467
1820,-0.356154,0.122783,-0.566924,0.814569,-0.963813,-0.0843573,-0.178729
1821,0.568709,0.367792,-0.73804,-0.565708,-0.970391,-0.0682786,-0.179771
1822,0.596003,0.270326,-0.779677,-0.564825,-0.977566,-0.0432113,-0.181129
1823,0.708321,0.155359,-0.855568,-0.493829,-0.981463,-0.017404,-0.181882
1824,-0.735139,0.133726,0.400741,-0.90638,-0.993272,0.00870199,-0.104406
1825,-0.0172487,-0.175387,-0.327207,0.928534,-0.988764,0.0432113,-0.103872
1826,-0.657173,0.215165,0.308885,-0.926442,-0.984273,0.0600213,-0.103519
1827,0.00734068,-0.249886,-0.28273,0.926078,-0.971055,0.0921786,-0.101954
1828,0.0117353,-0.285186,-0.261884,0.922001,-0.957595,0.114501,-0.100513
1829,0.0151485,-0.31864,-0.238055,0.917496,-0.941355,0.134865,-0.0987833
1830,0.0197551,-0.348769,-0.209725,0.913442,-0.922611,0.152921,-0.0967926
1831,-0.675281,0.374823,0.177396,-0.909966,-0.908846,0.163515,-0.0957086
1832,0.0299762,-0.398705,-0.142865,0.905883,-0.878934,0.180919,-0.0921679
1833,0.0378244,-0.41585,-0.104199,0.903444,-0.854749,0.190381,-0.0896146
1834,0.0482981,-0.426348,-0.063172,0.90235,-0.829543,0.196587,-0.0869586
1835,0.065281,-0.426329,-0.0208102,0.904329,-0.803747,0.199429,-0.0842439
1836,-0.723366,0.426114,-0.0207939,-0.904431,-0.786397,0.199429,-0.0828786
1837,-0.740812,0.425432,-0.062985,-0.902796,-0.760601,0.196587,-0.0801633
1838,-0.75426,0.415342,-0.104011,-0.903699,-0.735395,0.190381,-0.077506
1839,-0.765735,0.398251,-0.142651,-0.906116,-0.711209,0.180919,-0.0749526
1840,-0.775049,0.374909,-0.177435,-0.909923,-0.688459,0.168359,-0.0725466
1841,-0.781951,0.346151,-0.207324,-0.914985,-0.667533,0.152921,-0.0703293
1842,0.78086,-0.585423,0.714783,-0.382576,-0.648789,0.134865,-0.068338
1843,0.774463,-0.48857,0.79135,-0.367512,-0.632549,0.114501,-0.0666073
1844,0.771623,-0.382918,0.855143,-0.349434,-0.619089,0.0921786,-0.0651666
1845,0.166301,-0.215327,0.309446,0.926217,-0.605871,0.0600213,-0.063602
1846,0.714316,-0.141097,0.920477,-0.364437,-0.601381,0.0432113,-0.0632486
1847,0.0760792,-0.133912,0.416197,0.89936,-0.596872,0.00870199,-0.0627153
1848,0.582199,0.112024,0.884046,-0.453777,-0.596872,-0.00870199,-0.0627153
1849,-0.0835101,0.0094577,0.543568,0.839312,-0.601381,-0.0432113,-0.0632486
1850,-0.123197,0.0904787,0.552064,0.828878,-0.60864,-0.0682786,-0.0640406
1851,-0.140106,0.164666,0.530275,0.831681,-0.619089,-0.0921786,-0.0651666
1852,-0.14697,0.230273,0.490429,0.840508,-0.632549,-0.114501,-0.0666073
1853,-0.152713,0.288379,0.440839,0.849999,-0.648789,-0.134865,-0.068338
1854,-0.159577,0.339261,0.384224,0.858646,-0.667533,-0.152921,-0.0703293
1855,-0.16464,0.380137,0.320598,0.86759,-0.688459,-0.168359,-0.0725466
1856,-0.172151,0.4136,0.253465,0.874466,-0.711209,-0.180919,-0.0749526
1857,-0.182144,0.439866,0.18346,0.879125,-0.735395,-0.190381,-0.077506
1858,-0.194588,0.458962,0.111364,0.881449,-0.760601,-0.196587,-0.0801633
1859,-0.211461,0.472827,0.0376073,0.880353,-0.786397,-0.199429,-0.0828786
1860,0.57017,0.87862,-0.053606,-0.474504,-0.803747,-0.199429,-0.0842439
1861,0.585003,0.866554,-0.16025,-0.472656,-0.829543,-0.196587,-0.0869586
1862,0.59384,0.838413,-0.263766,-0.47696,-0.854749,-0.190381,-0.0896146
1863,0.600506,0.796566,-0.36235,-0.483927,-0.878934,-0.180919,-0.0921679
1864,-0.265731,0.381182,-0.321262,0.866886,-0.908846,-0.163515,-0.0957086
1865,0.609592,0.676512,-0.537631,-0.503273,-0.922611,-0.152921,-0.0967926
1866,0.612682,0.600688,-0.611729,-0.514744,-0.941355,-0.134865,-0.0987833
1867,0.61582,0.516403,-0.675488,-0.52635,-0.957595,-0.114501,-0.100513
1868,0.622168,0.425447,-0.729723,-0.535256,-0.971055,-0.0921786,-0.101954
1869,-0.26662,0.0803357,-0.528081,0.845385,-0.984273,-0.0600213,-0.103519
1870,0.676406,0.226405,-0.824948,-0.517882,-0.988764,-0.0432113,-0.103872
1871,-0.147106,-0.0755197,-0.451012,0.889317,-0.993272,-0.00870199,-0.104406
1872,-0.10789,-0.0628977,-0.415772,0.907291,-0.997833,0.017404,-0.026108
1873,-0.734824,0.113958,0.392704,-0.912577,-0.995561,0.0346586,-0.026108
1874,-0.0720374,-0.160288,-0.366126,0.916657,-0.986566,0.0682786,-0.0257547
1875,-0.72324,0.206302,0.345366,-0.915512,-0.979906,0.0843573,-0.0257547
1876,-0.716571,0.244509,0.311953,-0.918096,-0.967359,0.107251,-0.025452
1877,-0.71914,0.281859,0.280341,-0.917586,-0.951935,0.128309,-0.025072
1878,-0.725244,0.316344,0.245827,-0.91624,-0.933897,0.147171,-0.0246213
1879,-0.733112,0.346552,0.207535,-0.914785,-0.913553,0.163515,-0.0241067
1880,-0.742509,0.371951,0.165744,-0.913335,-0.891253,0.177061,-0.0235373
1881,-0.752722,0.391692,0.120783,-0.912134,-0.867377,0.187579,-0.022924
1882,-0.763035,0.404659,0.0733714,-0.91152,-0.842335,0.194885,-0.022276
1883,-0.772928,0.410204,0.0245505,-0.911663,-0.816554,0.198859,-0.0216053
1884,-0.783794,0.409539,-0.0245075,-0.911963,-0.790475,0.199429,-0.0209227
1885,0.773295,-0.893458,0.180944,-0.411087,-0.764545,0.196587,-0.02024
1886,0.758029,-0.861005,0.297736,-0.412339,-0.739209,0.190381,-0.0195687
1887,0.743287,-0.813848,0.409372,-0.412391,-0.714898,0.180919,-0.0189207
1888,0.730294,-0.753203,0.514041,-0.410423,-0.692029,0.168359,-0.0183073
1889,0.720395,-0.68031,0.610521,-0.405514,-0.670993,0.152921,-0.017738
1890,0.0842781,-0.286255,0.285448,0.914646,-0.646419,0.128309,-0.0167727
1891,0.696331,-0.498056,0.768983,-0.400757,-0.635825,0.114501,-0.0167727
1892,0.691313,-0.394182,0.830626,-0.393294,-0.622293,0.0921786,-0.0163927
1893,0.678602,-0.281434,0.874809,-0.394341,-0.611789,0.0682786,-0.01609
1894,0.65858,-0.163189,0.900175,-0.4038,-0.60449,0.0432113,-0.01587
1895,0.0463682,-0.06419,0.442943,0.894249,-0.599953,0.00870199,-0.015692
1896,0.583456,0.0760919,0.88462,-0.460062,-0.599953,-0.00870199,-0.015692
1897,-0.0385078,0.0669065,0.506284,0.859768,-0.60449,-0.0432113,-0.01587
1898,-0.0587821,0.136622,0.501392,0.854366,-0.611789,-0.0682786,-0.01609
1899,-0.0670401,0.201104,0.476037,0.856123,-0.622293,-0.0921786,-0.0163927
1900,-0.0695113,0.258111,0.436988,0.861638,-0.635825,-0.114501,-0.0167727
1901,0.543964,0.5809,0.639919,-0.50305,-0.646419,-0.128309,-0.0167727
1902,-0.0888527,0.359803,0.345379,0.86675,-0.670993,-0.152921,-0.017738
1903,-0.0962415,0.398043,0.288819,0.870716,-0.692029,-0.168359,-0.0183073
1904,-0.107173,0.43075,0.229364,0.872838,-0.714898,-0.180919,-0.0189207
1905,-0.12045,0.45721,0.166831,0.873571,-0.739209,-0.190381,-0.0195687
1906,-0.135014,0.476511,0.101616,0.873276,-0.764545,-0.196587,-0.02024
1907,-0.148839,0.486886,0.0341781,0.872796,-0.790475,-0.199429,-0.0209227
1908,-0.160616,0.487043,-0.0341896,0.872708,-0.816554,-0.198859,-0.0216053
1909,-0.171862,0.478458,-0.101994,0.872167,-0.842335,-0.194885,-0.022276
1910,-0.183547,0.462135,-0.168466,0.870661,-0.867377,-0.187579,-0.022924
1911,-0.195023,0.43777,-0.232726,0.868445,-0.891253,-0.177061,-0.0235373
1912,-0.205603,0.405115,-0.293422,0.865902,-0.913553,-0.163515,-0.0241067
1913,-0.214757,0.364426,-0.349293,0.863243,-0.933897,-0.147171,-0.0246213
1914,-0.221986,0.316064,-0.398998,0.860758,-0.951935,-0.128309,-0.025072
1915,-0.225148,0.260096,-0.439814,0.859601,-0.967359,-0.107251,-0.025452
1916,-0.219621,0.196454,-0.467032,0.862141,-0.979906,-0.0843573,-0.0257547
1917,-0.205343,0.128465,-0.478958,0.868387,-0.989361,-0.0600213,-0.0259747
1918,-0.177024,0.0589396,-0.470148,0.880617,-0.995561,-0.0346586,-0.026108
1919,-0.135268,-0.00638137,-0.440442,0.897759,-0.998401,-0.00870199,-0.0261533
1920,-0.138122,0.00616888,-0.443003,0.896499,-0.996805,0.017404,0.0522606
1921,-0.780982,0.0509509,0.433758,-0.899588,-0.994541,0.0346586,0.0520826
1922,-0.134628,-0.107189,-0.420034,0.901156,-0.985546,0.0682786,0.0517293
1923,0.784,-0.413402,-0.80424,-0.426963,-0.978906,0.0843573,0.0512066
1924,-0.784573,0.207266,0.363634,-0.908191,-0.966374,0.107251,0.0505239
1925,-0.784029,0.249162,0.324988,-0.912305,-0.950968,0.128309,0.0496926
1926,0.783204,-0.694991,-0.595581,-0.402828,-0.932951,0.147171,0.0487273
1927,0.776287,-0.766963,-0.501946,-0.399772,-0.912629,0.163515,0.0476439
1928,0.768717,-0.826223,-0.399783,-0.396899,-0.890353,0.177061,0.0464613
1929,0.76033,-0.871742,-0.290618,-0.394471,-0.866502,0.187579,0.0452
1930,0.75083,-0.902549,-0.176461,-0.392769,-0.841486,0.194885,0.0438813
1931,0.739964,-0.917985,-0.0591927,-0.392173,-0.815732,0.198859,0.042528
1932,0.728184,-0.917913,0.0591836,-0.392342,-0.78968,0.199429,0.041162
1933,0.715985,-0.902437,0.176451,-0.393029,-0.763777,0.196587,0.039808
1934,0.702477,-0.871492,0.290503,-0.395107,-0.738465,0.190381,0.0384893
1935,0.685686,-0.824785,0.399025,-0.400636,-0.714179,0.180919,0.0372273
1936,0.669037,-0.764506,0.500117,-0.406711,-0.691332,0.168359,0.0360446
1937,0.654989,-0.692295,0.592914,-0.411316,-0.670317,0.152921,0.034962
1938,0.643944,-0.609219,0.676157,-0.414323,-0.651492,0.134865,0.0339966
1939,0.632554,-0.51577,0.747217,-0.419104,-0.635181,0.114501,0.0331653
1940,0.622872,-0.413877,0.805547,-0.424027,-0.621661,0.0921786,0.0324826
1941,0.615193,-0.305441,0.850053,-0.429086,-0.611165,0.0682786,0.03196
1942,0.605507,-0.191917,0.878246,-0.438009,-0.603871,0.0432113,0.0316066
1943,0.595732,-0.0760121,0.890222,-0.44914,-0.599905,0.017404,0.0314286
1944,0.0136176,0.0655024,0.471984,0.87917,-0.599905,-0.017404,0.0314286
1945,0.00376624,0.127887,0.470324,0.873178,-0.603871,-0.0432113,0.0316066
1946,0.00102561,0.187855,0.452476,0.871766,-0.611165,-0.0682786,0.03196
1947,0.000181811,0.243324,0.423893,0.872415,-0.621661,-0.0921786,0.0324826
1948,-0.00457725,0.294984,0.390144,0.872223,-0.635181,-0.114501,0.0331653
1949,-0.0128188,0.342524,0.351563,0.871252,-0.651492,-0.134865,0.0339966
1950,-0.0203187,0.383294,0.30608,0.871436,-0.670317,-0.152921,0.034962
1951,-0.0315431,0.419618,0.257511,0.870408,-0.691332,-0.168359,0.0360446
1952,-0.0460562,0.451442,0.205819,0.868239,-0.714179,-0.180919,0.0372273
1953,-0.0615718,0.477049,0.150359,0.865919,-0.738465,-0.190381,0.0384893
1954,-0.0750162,0.49363,0.0914378,0.864852,-0.763777,-0.196587,0.039808
1955,-0.0877008,0.502126,0.0307015,0.864249,-0.78968,-0.199429,0.041162
1956,-0.100305,0.502996,-0.0307609,0.863741,-0.815732,-0.198859,0.042528
1957,-0.112358,0.495986,-0.0919106,0.863452,-0.841486,-0.194885,0.0438813
1958,-0.123354,0.480822,-0.15168,0.863599,-0.866502,-0.187579,0.0452
1959,-0.133349,0.457888,-0.209078,0.864075,-0.890353,-0.177061,0.0464613
1960,-0.142581,0.427749,-0.263105,0.864758,-0.912629,-0.163515,0.0476439
1961,-0.151232,0.391019,-0.313077,0.865498,-0.932951,-0.147171,0.0487273
1962,-0.156016,0.346358,-0.356099,0.867888,-0.950968,-0.128309,0.0496926
1963,-0.157347,0.295471,-0.390986,0.871681,-0.966374,-0.107251,0.0505239
1964,-0.15474,0.239814,-0.416398,0.876985,-0.978906,-0.0843573,0.0512066
1965,0.766813,0.266768,-0.840389,-0.471785,-0.985546,-0.0682786,0.0517293
1966,-0.141645,0.122353,-0.439405,0.889917,-0.994541,-0.0346586,0.0520826
1967,-0.132426,0.0639309,-0.437902,0.896747,-0.997376,-0.00870199,0.0522606
1968,0.772145,-0.111608,-0.88658,-0.448909,-0.990201,0.00870199,0.130353
1969,-0.191927,0.00699867,-0.482924,0.875634,-0.985693,0.0432113,0.129819
1970,0.72584,-0.335244,-0.821806,-0.460701,-0.981244,0.0600213,0.129115
1971,-0.190576,-0.115485,-0.444597,0.888255,-0.968026,0.0921786,0.12755
1972,-0.189471,-0.172828,-0.414352,0.893556,-0.954602,0.114501,0.125809
1973,0.715315,-0.626732,-0.653349,-0.424667,-0.944138,0.128309,0.124151
1974,-0.166863,-0.261933,-0.322111,0.909745,-0.919715,0.152921,0.121261
1975,-0.157353,-0.298731,-0.270307,0.915256,-0.898849,0.168359,0.118532
1976,-0.145949,-0.327651,-0.213976,0.92025,-0.876165,0.180919,0.115561
1977,-0.133583,-0.348827,-0.154574,0.924352,-0.852053,0.190381,0.112397
1978,-0.121695,-0.363347,-0.0935162,0.926949,-0.826923,0.196587,0.109097
1979,-0.112548,-0.373032,-0.0314666,0.927285,-0.801205,0.199429,0.105716
1980,-0.100668,-0.37276,0.0314491,0.927395,-0.775341,0.198859,0.10231
1981,-0.0861665,-0.362473,0.0933529,0.927307,-0.749773,0.194885,0.0989399
1982,-0.0723557,-0.345251,0.153416,0.925886,-0.724937,0.187579,0.0956619
1983,0.633291,-0.83786,0.388442,-0.38354,-0.709056,0.180919,0.0931466
1984,0.611745,-0.778162,0.485419,-0.398538,-0.686373,0.168359,0.0901746
1985,0.594021,-0.707607,0.574186,-0.411828,-0.665507,0.152921,0.0874459
1986,0.580001,-0.626964,0.653741,-0.42372,-0.646817,0.134865,0.0850073
1987,-0.0350287,-0.17134,0.41233,0.894778,-0.625791,0.107251,0.0825186
1988,-0.0236986,-0.114367,0.442654,0.889369,-0.613351,0.0843573,0.0808546
1989,-0.0173139,-0.0553357,0.467655,0.882177,-0.603979,0.0600213,0.0795926
1990,-0.0106856,0.00703202,0.482725,0.875744,-0.597834,0.0346586,0.0787546
1991,0.55338,-0.114153,0.87034,-0.479037,-0.59559,0.017404,0.0783993
1992,0.0282137,0.134233,0.459114,0.878178,-0.59559,-0.017404,0.0783993
1993,0.596142,0.119206,0.874128,-0.47084,-0.597834,-0.0346586,0.0787546
1994,0.622038,0.236232,0.852893,-0.465584,-0.603979,-0.0600213,0.0795926
1995,0.639089,0.347253,0.811836,-0.469401,-0.613351,-0.0843573,0.0808546
1996,0.661459,0.453724,0.757458,-0.46946,-0.625791,-0.107251,0.0825186
1997,0.0546472,0.373587,0.305943,0.875689,-0.646817,-0.134865,0.0850073
1998,0.044511,0.410221,0.267588,0.871846,-0.665507,-0.152921,0.0874459
1999,0.0294873,0.444383,0.226986,0.866603,-0.686373,-0.168359,0.0901746
2000,0.0101838,0.476076,0.183466,0.860054,-0.709056,-0.180919,0.0931466
2001,0.716386,0.80596,0.292404,-0.514712,-0.724937,-0.187579,0.0956619
2002,0.729999,0.837111,0.177589,-0.517404,-0.749773,-0.194885,0.0989399
2003,0.743947,0.85348,0.0596235,-0.517703,-0.775341,-0.198859,0.10231
2004,0.755349,0.853385,-0.0596153,-0.51786,-0.801205,-0.199429,0.105716
2005,0.76393,0.836784,-0.177538,-0.51795,-0.826923,-0.196587,0.109097
2006,0.774324,0.806337,-0.292528,-0.51405,-0.852053,-0.190381,0.112397
2007,0.784774,0.761711,-0.402775,-0.507512,-0.876165,-0.180919,0.115561
2008,-0.776603,-0.448246,0.229762,-0.863878,-0.898849,-0.168359,0.118532
2009,-0.769157,-0.415376,0.272453,-0.867889,-0.919715,-0.152921,0.121261
2010,-0.0836574,0.374656,-0.307273,0.874766,-0.944138,-0.128309,0.124151
2011,-0.751489,-0.331916,0.338666,-0.880419,-0.954602,-0.114501,0.125809
2012,-0.754042,-0.288409,0.370716,-0.882831,-0.968026,-0.0921786,0.12755
2013,-0.108499,0.240646,-0.397717,0.885387,-0.981244,-0.0600213,0.129115
2014,-0.121228,0.189308,-0.42141,0.886891,-0.987389,-0.0346586,0.129953
2015,-0.138802,0.134147,-0.443605,0.886126,-0.990201,-0.00870199,0.130353
2016,-0.219343,0.134183,-0.514084,0.847179,-0.976357,0.017404,0.207552
2017,-0.253128,0.0594798,-0.534231,0.843244,-0.972469,0.0432113,0.206756
2018,-0.257603,-0.010417,-0.520971,0.853511,-0.96532,0.0682786,0.205266
2019,-0.255159,-0.0758499,-0.493949,0.866176,-0.955035,0.0921786,0.203108
2020,-0.252184,-0.137683,-0.458722,0.877848,-0.941788,0.114501,0.200318
2021,-0.241066,-0.1899,-0.411088,0.891597,-0.925807,0.134865,0.196945
2022,-0.228989,-0.235237,-0.357227,0.90391,-0.907365,0.152921,0.193047
2023,-0.217393,-0.274034,-0.298962,0.914071,-0.886778,0.168359,0.188689
2024,-0.203082,-0.303353,-0.235757,0.923253,-0.864397,0.180919,0.183948
2025,-0.188448,-0.324615,-0.169803,0.93048,-0.840608,0.190381,0.178903
2026,0.63812,-0.92037,-0.165946,-0.354092,-0.824262,0.194885,0.174978
2027,0.626076,-0.934207,-0.0556235,-0.352369,-0.799036,0.198859,0.169613
2028,-0.15578,-0.350828,0.0345659,0.935802,-0.764925,0.198859,0.162827
2029,-0.143612,-0.341977,0.103045,0.934042,-0.739699,0.194885,0.157461
2030,-0.133961,-0.326992,0.170529,0.929514,-0.715197,0.187579,0.152245
2031,-0.126989,-0.305769,0.236825,0.922182,-0.691838,0.177061,0.147268
2032,-0.121691,-0.277168,0.300805,0.912521,-0.670021,0.163515,0.142615
2033,-0.116572,-0.239948,0.360815,0.901242,-0.650119,0.147171,0.138367
2034,-0.112641,-0.195051,0.416075,0.888165,-0.632475,0.128309,0.134595
2035,-0.112056,-0.14414,0.466676,0.872604,-0.617387,0.107251,0.131363
2036,0.485455,-0.468508,0.743895,-0.476572,-0.608926,0.0921786,0.129331
2037,-0.0874533,-0.0119378,0.524218,0.851501,-0.595872,0.0600213,0.126735
2038,0.490616,-0.266615,0.822401,-0.502566,-0.591492,0.0432113,0.125683
2039,-0.0290579,0.135071,0.509069,0.850061,-0.58704,0.00870199,0.124798
2040,0.567824,-0.0365955,0.8773,-0.478546,-0.58704,-0.00870199,0.124798
2041,0.0796534,0.256498,0.403721,0.87819,-0.591492,-0.0432113,0.125683
2042,0.677574,0.216034,0.874419,-0.434419,-0.595872,-0.0600213,0.126735
2043,0.131549,0.335578,0.316696,0.887181,-0.608926,-0.0921786,0.129331
2044,0.737201,0.44477,0.781256,-0.437972,-0.617387,-0.107251,0.131363
2045,0.747048,0.540202,0.706476,-0.457246,-0.632475,-0.128309,0.134595
2046,0.756258,0.624586,0.619084,-0.476054,-0.650119,-0.147171,0.138367
2047,0.764356,0.696056,0.520931,-0.494102,-0.670021,-0.163515,0.142615
2048,0.771685,0.753632,0.414007,-0.510526,-0.691838,-0.177061,0.147268
2049,0.779875,0.797334,0.300316,-0.523516,-0.715197,-0.187579,0.152245
2050,-0.7808,-0.528425,-0.0703133,-0.846063,-0.739699,-0.194885,0.157461
2051,-0.768738,-0.534552,-0.0235911,-0.844806,-0.764925,-0.198859,0.162827
2052,0.0194599,0.535112,-0.0236332,0.844451,-0.799036,-0.198859,0.169613
2053,0.00688015,0.530484,-0.0707674,0.844736,-0.824262,-0.194885,0.174978
2054,-0.737892,-0.517828,0.116347,-0.847536,-0.840608,-0.190381,0.178903
2055,-0.725258,-0.49737,0.158663,-0.852907,-0.864397,-0.180919,0.183948
2056,-0.713634,-0.471991,0.19744,-0.85921,-0.886778,-0.168359,0.188689
2057,-0.703803,-0.442571,0.23265,-0.866028,-0.907365,-0.152921,0.193047
2058,-0.694009,-0.408579,0.262709,-0.874098,-0.925807,-0.134865,0.196945
2059,-0.686441,-0.371963,0.288571,-0.882253,-0.941788,-0.114501,0.200318
2060,-0.68997,-0.335956,0.317665,-0.886692,-0.955035,-0.0921786,0.203108
2061,-0.695834,-0.296037,0.343254,-0.891369,-0.96532,-0.0682786,0.205266
2062,-0.717997,-0.253647,0.377535,-0.890579,-0.972469,-0.0432113,0.206756
2063,-0.146457,0.203013,-0.450435,0.869422,-0.976921,-0.00870199,0.207641
2064,0.685878,-0.198032,-0.843829,-0.498734,-0.957618,0.00870199,0.283649
2065,0.618655,-0.311448,-0.792954,-0.523664,-0.954903,0.0346586,0.282814
2066,0.595242,-0.410417,-0.753527,-0.513571,-0.948965,0.0600213,0.281025
2067,-0.32442,-0.0425909,-0.544577,0.837629,-0.936155,0.0921786,0.277412
2068,0.58738,-0.589574,-0.661409,-0.463618,-0.927879,0.107251,0.274723
2069,0.590054,-0.670307,-0.601659,-0.43439,-0.913091,0.128309,0.270318
2070,0.593046,-0.743518,-0.531258,-0.406135,-0.895797,0.147171,0.265173
2071,-0.27456,-0.248028,-0.325263,0.912516,-0.86924,0.168359,0.257684
2072,0.591351,-0.859915,-0.360006,-0.361859,-0.854906,0.177061,0.253026
2073,0.584622,-0.899911,-0.262057,-0.348549,-0.832009,0.187579,0.246232
2074,-0.236688,-0.322428,-0.112563,0.939878,-0.799675,0.196587,0.237112
2075,-0.216097,-0.322722,-0.0372359,0.945761,-0.774804,0.199429,0.22975
2076,0.564355,-0.943914,0.0538198,-0.325775,-0.758253,0.199429,0.224372
2077,0.545671,-0.928307,0.159726,-0.335759,-0.733381,0.196587,0.217008
2078,0.527761,-0.899999,0.262096,-0.348293,-0.709077,0.190381,0.209817
2079,0.509877,-0.859189,0.359372,-0.364207,-0.685755,0.180919,0.20292
2080,0.48877,-0.805926,0.448522,-0.386407,-0.663817,0.168359,0.196438
2081,0.468392,-0.742293,0.529003,-0.411286,-0.643635,0.152921,0.190479
2082,0.445659,-0.668971,0.598016,-0.441423,-0.625555,0.134865,0.185145
2083,0.422818,-0.588127,0.654838,-0.474651,-0.609889,0.114501,0.180529
2084,0.410711,-0.502147,0.704364,-0.501717,-0.596901,0.0921786,0.176709
2085,-0.168396,0.0217904,0.586275,0.809819,-0.584092,0.0600213,0.173096
2086,0.413471,-0.313983,0.778768,-0.543079,-0.579808,0.0432113,0.171704
2087,-0.0831781,0.190651,0.554762,0.809871,-0.575439,0.00870199,0.170472
2088,0.547621,-0.079435,0.867522,-0.491015,-0.575439,-0.00870199,0.170472
2089,0.13844,0.320549,0.350517,0.879992,-0.579808,-0.0432113,0.171704
2090,0.751817,0.208106,0.899003,-0.385339,-0.584092,-0.0600213,0.173096
2091,0.214199,0.377822,0.246331,0.892508,-0.596901,-0.0921786,0.176709
2092,0.213388,0.404314,0.222094,0.887246,-0.609889,-0.114501,0.180529
2093,0.196558,0.434559,0.205688,0.876841,-0.625555,-0.134865,0.185145
2094,0.1763,0.464455,0.186043,0.865835,-0.643635,-0.152921,0.190479
2095,0.157578,0.490662,0.16031,0.856476,-0.663817,-0.168359,0.196438
2096,0.13787,0.514148,0.130676,0.847688,-0.685755,-0.180919,0.20292
2097,0.120594,0.532032,0.09637,0.841222,-0.709077,-0.190381,0.209817
2098,0.103133,0.545824,0.0594191,0.83579,-0.733381,-0.196587,0.217008
2099,0.0848399,0.555949,0.0203144,0.830968,-0.758253,-0.199429,0.224372
2100,-0.705603,-0.557257,0.0204146,-0.830089,-0.774804,-0.199429,0.22975
2101,-0.68656,-0.545447,0.0593255,-0.836043,-0.799675,-0.196587,0.237112
2102,0.0615727,0.53352,-0.0969465,0.840213,-0.832009,-0.187579,0.246232
2103,0.0522487,0.519111,-0.133504,0.844216,-0.854906,-0.177061,0.253026
2104,-0.653912,-0.498072,0.166107,-0.851078,-0.86924,-0.168359,0.257684
2105,0.0466557,0.471068,-0.192826,0.860763,-0.895797,-0.147171,0.265173
2106,0.0467944,0.441704,-0.21536,0.870929,-0.913091,-0.128309,0.270318
2107,0.0447547,0.411776,-0.235682,0.880281,-0.927879,-0.107251,0.274723
2108,-0.617468,-0.381609,0.256033,-0.888156,-0.936155,-0.0921786,0.277412
2109,0.0136576,0.353084,-0.290027,0.889503,-0.948965,-0.0600213,0.281025
2110,-0.0587946,0.32179,-0.365335,0.873488,-0.954903,-0.0346586,0.282814
2111,-0.186667,0.267696,-0.485864,0.832031,-0.957618,-0.00870199,0.283649
2112,-0.375113,0.226043,-0.640539,0.733904,-0.931869,0.017404,0.357733
2113,-0.428751,0.127965,-0.669729,0.731497,-0.928153,0.0432113,0.356338
2114,0.491656,-0.456668,-0.69017,-0.561356,-0.923991,0.0600213,0.354614
2115,0.518508,-0.539931,-0.671836,-0.507061,-0.915171,0.0843573,0.351198
2116,-0.38235,-0.0798312,-0.544897,0.834694,-0.898856,0.114501,0.34518
2117,-0.37024,-0.138784,-0.488783,0.861295,-0.883599,0.134865,0.339349
2118,0.526826,-0.762175,-0.504219,-0.40602,-0.87223,0.147171,0.33464
2119,-0.33559,-0.226255,-0.352138,0.908189,-0.846343,0.168359,0.32509
2120,-0.318431,-0.25733,-0.277297,0.925682,-0.82498,0.180919,0.316904
2121,0.527668,-0.909711,-0.251023,-0.330776,-0.810125,0.187579,0.310752
2122,-0.289746,-0.297813,-0.120863,0.946942,-0.778607,0.196587,0.299124
2123,0.519484,-0.950976,-0.0516302,-0.304925,-0.762665,0.198859,0.29252
2124,0.505776,-0.950336,0.0515441,-0.306929,-0.738311,0.199429,0.283172
2125,-0.255929,-0.298501,0.120984,0.94671,-0.70596,0.194885,0.271237
2126,0.473651,-0.910623,0.251634,-0.32779,-0.690429,0.190381,0.264804
2127,-0.24495,-0.262064,0.279189,0.923784,-0.660282,0.177061,0.253682
2128,0.432293,-0.82218,0.429284,-0.373811,-0.646358,0.168359,0.247914
2129,-0.24544,-0.195397,0.428789,0.88202,-0.620471,0.147171,0.238364
2130,-0.252954,-0.152025,0.499603,0.85281,-0.603633,0.128309,0.231878
2131,0.352779,-0.618617,0.617349,-0.485998,-0.593845,0.114501,0.227824
2132,0.335623,-0.539579,0.660707,-0.521844,-0.581198,0.0921786,0.222996
2133,0.314521,-0.456739,0.688312,-0.563575,-0.571376,0.0682786,0.219256
2134,0.321595,-0.369177,0.720771,-0.586684,-0.564549,0.0432113,0.216666
2135,-0.214524,0.219575,0.658605,0.719741,-0.56029,0.00870199,0.215094
2136,0.468814,-0.143468,0.826006,-0.545097,-0.56029,-0.00870199,0.215094
2137,0.257364,0.380305,0.239351,0.893353,-0.564549,-0.0432113,0.216666
2138,0.31649,0.395096,0.172033,0.902388,-0.571376,-0.0682786,0.219256
2139,0.306514,0.416792,0.165766,0.89376,-0.581198,-0.0921786,0.222996
2140,0.294072,0.438099,0.156782,0.885149,-0.593845,-0.114501,0.227824
2141,-0.669572,-0.459887,-0.146475,-0.875813,-0.603633,-0.128309,0.231878
2142,-0.676868,-0.48836,-0.140492,-0.861259,-0.620471,-0.147171,0.238364
2143,0.218103,0.516184,0.127822,0.846886,-0.646358,-0.168359,0.247914
2144,-0.675259,-0.534467,-0.104213,-0.83874,-0.660282,-0.177061,0.253682
2145,0.177274,0.553331,0.0788331,0.829223,-0.690429,-0.190381,0.264804
2146,-0.663729,-0.564101,-0.0485576,-0.824277,-0.70596,-0.194885,0.271237
2147,0.145149,0.571147,0.0165248,0.820682,-0.738311,-0.199429,0.283172
2148,0.131173,0.573088,-0.0166768,0.819324,-0.762665,-0.198859,0.29252
2149,-0.630959,-0.565535,0.0488996,-0.823274,-0.778607,-0.196587,0.299124
2150,0.122523,0.551425,-0.0780821,0.830562,-0.810125,-0.187579,0.310752
2151,0.114394,0.539317,-0.107037,0.835272,-0.832419,-0.177061,0.319322
2152,-0.591496,-0.522275,0.13267,-0.842394,-0.846343,-0.168359,0.32509
2153,0.116452,0.49584,-0.148362,0.855647,-0.87223,-0.147171,0.33464
2154,-0.558024,-0.473131,0.16474,-0.865453,-0.883599,-0.134865,0.339349
2155,-0.550814,-0.450909,0.180478,-0.874133,-0.898856,-0.114501,0.34518
2156,0.110325,0.427516,-0.193718,0.883008,-0.915171,-0.0843573,0.351198
2157,0.124817,0.399121,-0.188235,0.897369,-0.923991,-0.0600213,0.354614
2158,-0.549226,-0.378333,0.220111,-0.899119,-0.928153,-0.0432113,0.356338
2159,-0.710787,-0.34351,0.378372,-0.859555,-0.931869,-0.017404,0.357733
2160,0.341,-0.366515,-0.614073,-0.698986,-0.901455,0.00870199,0.429962
2161,-0.547978,0.134261,-0.750204,0.647432,-0.897333,0.0432113,0.428062
2162,0.386906,-0.507554,-0.618602,-0.599768,-0.893319,0.0600213,0.426016
2163,0.426151,-0.579962,-0.614154,-0.535219,-0.884795,0.0843573,0.42192
2164,-0.455423,-0.0619033,-0.589314,0.805529,-0.869003,0.114501,0.41464
2165,0.454533,-0.720049,-0.535171,-0.441726,-0.859563,0.128309,0.40983
2166,0.46229,-0.782293,-0.475754,-0.402089,-0.843286,0.147171,0.402042
2167,0.466408,-0.836922,-0.405233,-0.367895,-0.824927,0.163515,0.393266
2168,0.469454,-0.883016,-0.32604,-0.33761,-0.804799,0.177061,0.383648
2169,0.465782,-0.918038,-0.238102,-0.317039,-0.783247,0.187579,0.373356
2170,-0.350189,-0.280087,-0.129908,0.951144,-0.752738,0.196587,0.35929
2171,-0.332319,-0.283713,-0.0432306,0.957934,-0.729325,0.199429,0.348127
2172,0.45095,-0.957446,0.0492523,-0.284378,-0.713818,0.199429,0.340226
2173,0.433763,-0.944383,0.146184,-0.294568,-0.690405,0.196587,0.329062
2174,0.415378,-0.919829,0.239546,-0.310698,-0.667524,0.190381,0.318158
2175,-0.302339,-0.23987,0.298411,0.923803,-0.638343,0.177061,0.304705
2176,0.374841,-0.838593,0.408308,-0.36062,-0.624914,0.168359,0.297862
2177,0.346557,-0.78285,0.477185,-0.399299,-0.605913,0.152921,0.28882
2178,0.316238,-0.719809,0.534155,-0.443343,-0.588891,0.134865,0.280724
2179,0.288221,-0.651756,0.580101,-0.488566,-0.574139,0.114501,0.273714
2180,-0.33785,-0.0138027,0.662078,0.749308,-0.558346,0.0843573,0.266433
2181,0.223544,-0.506936,0.626375,-0.592174,-0.552412,0.0682786,0.26341
2182,0.208855,-0.432521,0.641355,-0.633712,-0.545809,0.0432113,0.260292
2183,-0.487179,0.178768,0.836139,0.518569,-0.541686,0.00870199,0.258392
2184,-0.0296178,-0.344762,0.457853,-0.819457,-0.541686,-0.00870199,0.258392
2185,0.465318,0.425177,0.0378071,0.90432,-0.545809,-0.0432113,0.260292
2186,0.442978,0.434377,0.0531888,0.89916,-0.552412,-0.0682786,0.26341
2187,-0.573503,-0.449802,-0.0726839,-0.890166,-0.558346,-0.0843573,0.266433
2188,0.36534,0.475305,0.0982186,0.874321,-0.574139,-0.114501,0.273714
2189,0.337475,0.496007,0.10204,0.862302,-0.588891,-0.134865,0.280724
2190,0.306855,0.519252,0.10208,0.848503,-0.605913,-0.152921,0.28882
2191,0.278391,0.541514,0.0949874,0.835308,-0.624914,-0.168359,0.297862
2192,-0.615439,-0.556136,-0.0782943,-0.827395,-0.638343,-0.177061,0.304705
2193,0.237217,0.571752,0.0600107,0.818229,-0.667524,-0.190381,0.318158
2194,0.218852,0.582128,0.0375477,0.81223,-0.690405,-0.196587,0.329062
2195,0.201504,0.589317,0.0129292,0.807798,-0.713818,-0.199429,0.340226
2196,-0.586368,-0.588504,0.0128644,-0.808392,-0.729325,-0.199429,0.348127
2197,-0.569236,-0.580477,0.0371514,-0.813429,-0.752738,-0.196587,0.35929
2198,0.184259,0.568532,-0.0586879,0.820565,-0.783247,-0.187579,0.373356
2199,0.179146,0.557319,-0.07902,0.82653,-0.804799,-0.177061,0.383648
2200,0.180393,0.540408,-0.094094,0.836125,-0.824927,-0.163515,0.393266
2201,0.183625,0.521876,-0.10489,0.846548,-0.843286,-0.147171,0.402042
2202,0.191485,0.501132,-0.109213,0.858452,-0.859563,-0.128309,0.40983
2203,-0.469825,-0.483933,0.114202,-0.867621,-0.869003,-0.114501,0.41464
2204,0.214451,0.461433,-0.101628,0.881335,-0.884795,-0.0843573,0.42192
2205,0.252917,0.438576,-0.0681276,0.896108,-0.893319,-0.0600213,0.426016
2206,-0.380761,-0.428217,0.0567349,-0.901893,-0.897333,-0.0432113,0.428062
2207,-0.698361,0.269589,-0.850413,0.451796,-0.901455,-0.00870199,0.429962
2208,-0.703557,0.204734,-0.853115,0.479874,-0.864434,0.017404,0.499105
2209,-0.630245,0.144307,-0.79959,0.582951,-0.860981,0.0432113,0.497146
2210,-0.584749,0.0787968,-0.747466,0.65961,-0.854643,0.0682786,0.49352
2211,-0.559703,0.00929075,-0.695741,0.718233,-0.845528,0.0921786,0.488289
2212,0.366869,-0.685758,-0.535107,-0.493352,-0.838109,0.107251,0.483742
2213,0.388479,-0.747115,-0.499132,-0.438962,-0.824759,0.128309,0.476008
2214,-0.481446,-0.149957,-0.484406,0.861895,-0.803301,0.152921,0.46399
2215,-0.463334,-0.191691,-0.404053,0.894425,-0.785068,0.168359,0.453484
2216,0.404453,-0.893891,-0.305909,-0.327686,-0.772217,0.177061,0.445609
2217,-0.423617,-0.244196,-0.228775,0.942353,-0.744181,0.190381,0.429908
2218,0.405781,-0.950111,-0.137803,-0.279822,-0.729848,0.194885,0.421124
2219,-0.395665,-0.269056,-0.0462589,0.962013,-0.699762,0.199429,0.404276
2220,-0.383163,-0.268173,0.0462159,0.962262,-0.67717,0.198859,0.391232
2221,-0.374092,-0.260577,0.138205,0.95551,-0.654837,0.194885,0.378334
2222,-0.366378,-0.244127,0.228755,0.942376,-0.633146,0.187579,0.365802
2223,-0.365532,-0.223635,0.31846,0.921179,-0.612468,0.177061,0.353849
2224,-0.366288,-0.193873,0.405066,0.893496,-0.593157,0.163515,0.342683
2225,-0.369089,-0.155243,0.487315,0.859316,-0.575543,0.147171,0.332492
2226,-0.382542,-0.114058,0.568083,0.815029,-0.559927,0.128309,0.323452
2227,0.221,-0.686089,0.538761,-0.488896,-0.550894,0.114501,0.317917
2228,-0.419943,-0.00603271,0.709467,0.704713,-0.53572,0.0843573,0.30942
2229,0.139625,-0.559377,0.56463,-0.606869,-0.530042,0.0682786,0.30594
2230,-0.494379,0.121768,0.824411,0.552738,-0.522188,0.0346586,0.301541
2231,-0.00172166,-0.455286,0.482416,-0.748324,-0.520252,0.017404,0.300354
2232,-0.771339,0.195778,0.955294,0.221552,-0.520252,-0.017404,0.300354
2233,-0.335748,-0.453266,0.164137,-0.876133,-0.522188,-0.0346586,0.301541
2234,0.544796,0.47533,-0.0431921,0.878747,-0.530042,-0.0682786,0.30594
2235,-0.478214,-0.48311,0.0127049,-0.875468,-0.53572,-0.0843573,0.30942
2236,0.43838,0.510062,0.0376994,0.859311,-0.550894,-0.114501,0.317917
2237,-0.529845,-0.520175,-0.0423146,-0.853011,-0.559927,-0.128309,0.323452
2238,-0.5423,-0.539508,-0.0527432,-0.840327,-0.575543,-0.147171,0.332492
2239,-0.54926,-0.558005,-0.0550202,-0.828012,-0.593157,-0.163515,0.342683
2240,-0.550985,-0.573999,-0.0500775,-0.817323,-0.612468,-0.177061,0.353849
2241,-0.550334,-0.588133,-0.0402352,-0.807763,-0.633146,-0.187579,0.365802
2242,-0.542862,-0.595815,-0.0254026,-0.80272,-0.654837,-0.194885,0.378334
2243,-0.533985,-0.600373,-0.00873428,-0.799672,-0.67717,-0.198859,0.391232
2244,-0.522187,-0.600202,0.00871977,-0.799801,-0.699762,-0.199429,0.404276
2245,0.246203,0.596684,-0.0256166,0.802067,-0.729848,-0.194885,0.421124
2246,-0.495817,-0.59014,0.0410742,-0.806255,-0.744181,-0.190381,0.429908
2247,0.245648,0.573746,-0.0499126,0.817511,-0.772217,-0.177061,0.445609
2248,-0.457809,-0.563497,0.0595272,-0.82397,-0.785068,-0.168359,0.453484
2249,-0.440572,-0.549984,0.0640493,-0.832716,-0.803301,-0.152921,0.46399
2250,0.26134,0.530793,-0.0570026,0.845582,-0.824759,-0.128309,0.476008
2251,0.286875,0.510011,-0.0375774,0.859347,-0.838109,-0.107251,0.483742
2252,-0.354526,-0.498677,0.0237909,-0.866461,-0.845528,-0.0921786,0.488289
2253,-0.327798,-0.48942,0.00273082,-0.872044,-0.854643,-0.0682786,0.49352
2254,0.466341,0.459282,0.140224,0.877153,-0.862497,-0.0346586,0.497918
2255,-0.0435536,-0.454157,-0.27416,-0.84769,-0.864434,-0.017404,0.499105
2256,-0.779288,0.20301,-0.889831,0.408641,-0.822609,0.017404,0.565389
2257,0.183593,-0.56445,-0.475788,-0.674554,-0.820772,0.0346586,0.564054
2258,0.256149,-0.611018,-0.519821,-0.597028,-0.815677,0.0600213,0.560518
2259,-0.626791,0.0210684,-0.732148,0.680819,-0.804611,0.0921786,0.553123
2260,0.297532,-0.720923,-0.489695,-0.490376,-0.797571,0.107251,0.548008
2261,0.316147,-0.774231,-0.457173,-0.437675,-0.784869,0.128309,0.53925
2262,0.330819,-0.824144,-0.411747,-0.388911,-0.770011,0.147171,0.529012
2263,-0.526292,-0.175955,-0.427275,0.886835,-0.747068,0.168359,0.513682
2264,-0.505089,-0.20598,-0.336493,0.918882,-0.728205,0.180919,0.500736
2265,-0.482588,-0.225127,-0.241702,0.943874,-0.708157,0.190381,0.486971
2266,0.346381,-0.956405,-0.129351,-0.261837,-0.694557,0.194885,0.47709
2267,-0.450949,-0.246622,-0.0487491,0.967885,-0.665886,0.199429,0.457932
2268,0.331225,-0.967644,0.0437441,-0.2485,-0.651806,0.199429,0.447703
2269,-0.43413,-0.242641,0.14623,0.959032,-0.623135,0.194885,0.428546
2270,-0.428182,-0.227702,0.242275,0.943109,-0.602494,0.187579,0.41435
2271,0.272817,-0.907406,0.288643,-0.30545,-0.589486,0.180919,0.404899
2272,0.245936,-0.869514,0.356417,-0.341924,-0.570624,0.168359,0.391954
2273,-0.439043,-0.145248,0.517209,0.843444,-0.547682,0.147171,0.376624
2274,0.182669,-0.774512,0.45889,-0.435376,-0.537726,0.134865,0.36939
2275,-0.460885,-0.0484961,0.673868,0.737258,-0.520121,0.107251,0.357628
2276,-0.499794,-0.00387571,0.750998,0.660293,-0.509792,0.0843573,0.350498
2277,0.0617553,-0.612513,0.503789,-0.609117,-0.504404,0.0682786,0.346583
2278,-0.576939,0.118419,0.86541,0.48687,-0.49692,0.0346586,0.341581
2279,-0.0666505,-0.525866,0.424703,-0.736948,-0.495082,0.017404,0.340246
2280,-0.765248,0.215682,0.953515,0.210454,-0.495082,-0.017404,0.340246
2281,-0.272449,-0.503591,0.22497,-0.834137,-0.49692,-0.0346586,0.341581
2282,0.625167,0.517607,-0.118992,0.847304,-0.504404,-0.0682786,0.346583
2283,-0.393841,-0.516713,0.088258,-0.851597,-0.509792,-0.0843573,0.350498
2284,-0.44556,-0.537554,0.0317271,-0.842632,-0.520121,-0.107251,0.357628
2285,0.474836,0.554864,-0.000949968,0.83194,-0.537726,-0.134865,0.36939
2286,0.439301,0.56977,0.0151278,0.821665,-0.553272,-0.152921,0.38005
2287,0.408963,0.583536,0.0228798,0.811765,-0.570624,-0.168359,0.391954
2288,0.381976,0.596152,0.0245968,0.802494,-0.589486,-0.180919,0.404899
2289,-0.487727,-0.603903,-0.0201888,-0.796802,-0.602494,-0.187579,0.41435
2290,-0.48174,-0.61075,-0.0135326,-0.791708,-0.623135,-0.194885,0.428546
2291,0.323495,0.617526,0.00502021,0.786534,-0.651806,-0.199429,0.447703
2292,-0.465662,-0.617745,0.00503848,-0.786362,-0.665886,-0.199429,0.457932
2293,0.305892,0.612702,-0.0140258,0.790189,-0.694557,-0.194885,0.47709
2294,-0.436339,-0.608219,0.022048,-0.793463,-0.708157,-0.190381,0.486971
2295,-0.414374,-0.596221,0.024645,-0.802442,-0.728205,-0.180919,0.500736
2296,-0.393565,-0.58481,0.0239356,-0.810817,-0.747068,-0.168359,0.513682
2297,0.320826,0.569495,-0.0148414,0.821861,-0.770011,-0.147171,0.529012
2298,0.338403,0.554922,0.000914783,0.831902,-0.784869,-0.128309,0.53925
2299,0.362097,0.541458,0.0249554,0.840357,-0.797571,-0.107251,0.548008
2300,-0.279155,-0.536963,-0.043788,-0.842468,-0.804611,-0.0921786,0.553123
2301,0.434851,0.522911,0.103891,0.846032,-0.815677,-0.0600213,0.560518
2302,0.553234,0.503897,0.223947,0.834228,-0.820772,-0.0346586,0.564054
2303,-0.039981,-0.518544,-0.277582,-0.80874,-0.822609,-0.017404,0.565389
2304,0.0661903,-0.592479,-0.377591,-0.711614,-0.776175,0.00870199,0.628522
2305,-0.777731,0.144031,-0.874387,0.463359,-0.77261,0.0432113,0.625712
2306,0.177868,-0.66404,-0.456333,-0.592293,-0.769185,0.0600213,0.622787
2307,-0.692792,0.027692,-0.764732,0.643753,-0.758733,0.0921786,0.614547
2308,0.233588,-0.756387,-0.445754,-0.47873,-0.752117,0.107251,0.608896
2309,-0.635607,-0.0792215,-0.621587,0.779329,-0.735489,0.134865,0.595788
2310,-0.607334,-0.120548,-0.536789,0.83506,-0.720827,0.152921,0.583942
2311,-0.585846,-0.158798,-0.447691,0.879975,-0.704462,0.168359,0.570713
2312,-0.563462,-0.187179,-0.352687,0.916829,-0.686673,0.180919,0.556328
2313,-0.546103,-0.210744,-0.25468,0.943782,-0.667767,0.190381,0.541031
2314,-0.527576,-0.223641,-0.15359,0.962494,-0.648065,0.196587,0.525086
2315,-0.512671,-0.230289,-0.0513526,0.971766,-0.627904,0.199429,0.508766
2316,-0.503716,-0.232822,0.0514612,0.971157,-0.60763,0.198859,0.492348
2317,-0.49303,-0.223685,0.153595,0.962483,-0.587591,0.194885,0.476115
2318,0.235842,-0.945141,0.197378,-0.260288,-0.574808,0.190381,0.465198
2319,0.211281,-0.918814,0.267456,-0.290256,-0.555901,0.180919,0.449902
2320,-0.496375,-0.167811,0.451008,0.876602,-0.532247,0.163515,0.431254
2321,-0.505958,-0.135384,0.543426,0.828468,-0.516444,0.147171,0.418433
2322,0.117958,-0.802514,0.419387,-0.424366,-0.507086,0.134865,0.410441
2323,-0.534474,-0.0461909,0.70787,0.70483,-0.490458,0.107251,0.397333
2324,0.0421589,-0.709565,0.456973,-0.536371,-0.483842,0.0921786,0.391682
2325,0.0101193,-0.663515,0.461729,-0.588688,-0.475657,0.0682786,0.38509
2326,-0.635196,0.119981,0.890822,0.438225,-0.468588,0.0346586,0.379516
2327,-0.100675,-0.589097,0.393764,-0.705631,-0.46686,0.017404,0.378041
2328,-0.767134,0.230442,0.954074,0.191413,-0.46686,-0.017404,0.378041
2329,-0.238067,-0.557122,0.257661,-0.789447,-0.468588,-0.0346586,0.379516
2330,0.666348,0.568487,-0.157567,0.807462,-0.475657,-0.0682786,0.38509
2331,0.624731,0.567879,-0.11839,0.814553,-0.483842,-0.0921786,0.391682
2332,-0.373538,-0.567405,0.0914397,-0.818346,-0.490458,-0.107251,0.397333
2333,0.537596,0.584705,-0.0481219,0.809818,-0.507086,-0.134865,0.410441
2334,-0.411374,-0.588288,0.0335274,-0.807956,-0.516444,-0.147171,0.418433
2335,-0.421268,-0.599995,0.016044,-0.799843,-0.532247,-0.163515,0.431254
2336,0.443664,0.614793,-0.00268756,0.788684,-0.555901,-0.180919,0.449902
2337,0.419493,0.623102,0.00173876,0.782139,-0.574808,-0.190381,0.465198
2338,-0.422208,-0.626642,-0.00192173,-0.779305,-0.587591,-0.194885,0.476115
2339,-0.411379,-0.627805,-0.000730751,-0.77837,-0.60763,-0.198859,0.492348
2340,-0.402375,-0.62979,0.000897587,-0.776765,-0.627904,-0.199429,0.508766
2341,-0.39019,-0.628607,0.00242328,-0.777719,-0.648065,-0.196587,0.525086
2342,-0.37293,-0.622937,0.00166191,-0.78227,-0.667767,-0.190381,0.541031
2343,-0.355678,-0.616982,-0.0013253,-0.786976,-0.686673,-0.180919,0.556328
2344,-0.333208,-0.607721,-0.00959706,-0.794092,-0.704462,-0.168359,0.570713
2345,-0.311294,-0.599882,-0.0211197,-0.799809,-0.720827,-0.152921,0.583942
2346,-0.280685,-0.588871,-0.0424936,-0.807109,-0.735489,-0.134865,0.595788
2347,0.427168,0.574895,0.0789591,0.814409,-0.752117,-0.107251,0.608896
2348,-0.211672,-0.574625,-0.10411,-0.811768,-0.758733,-0.0921786,0.614547
2349,0.508554,0.562626,0.172925,0.808424,-0.769185,-0.0600213,0.622787
2350,-0.0928528,-0.567894,-0.223631,-0.79214,-0.77261,-0.0432113,0.625712
2351,0.653017,0.568748,0.324424,0.755827,-0.776175,-0.00870199,0.628522
2352,0.0389162,-0.652051,-0.352262,-0.671372,-0.724469,0.00870199,0.687483
2353,0.745863,0.677724,0.402612,0.615299,-0.721135,0.0432113,0.684401
2354,0.121341,-0.714126,-0.40872,-0.568306,-0.717951,0.0600213,0.681217
2355,-0.754951,0.0314621,-0.792366,0.609234,-0.708177,0.0921786,0.672182
2356,0.170571,-0.791286,-0.400645,-0.461899,-0.702024,0.107251,0.666029
2357,-0.693598,-0.0660751,-0.645111,0.761227,-0.686476,0.134865,0.651657
2358,0.20814,-0.867351,-0.345589,-0.35815,-0.677775,0.147171,0.642955
2359,-0.643761,-0.141706,-0.466007,0.87336,-0.657513,0.168359,0.624225
2360,0.225087,-0.929328,-0.243932,-0.277212,-0.646855,0.177061,0.613568
2361,-0.605569,-0.192978,-0.265913,0.944484,-0.623259,0.190381,0.591756
2362,-0.585552,-0.203902,-0.16031,0.965777,-0.604869,0.196587,0.574314
2363,0.220059,-0.975867,-0.0374488,-0.215131,-0.592668,0.198859,0.562114
2364,0.205515,-0.975232,0.0372879,-0.218018,-0.573745,0.199429,0.544156
2365,-0.553757,-0.206595,0.160626,0.965152,-0.548424,0.194885,0.520749
2366,0.175089,-0.952835,0.181596,-0.243162,-0.536538,0.190381,0.508862
2367,-0.552774,-0.178404,0.370116,0.911694,-0.512942,0.177061,0.487051
2368,0.121059,-0.901062,0.300519,-0.312691,-0.502284,0.168359,0.476394
2369,0.0918292,-0.867635,0.347047,-0.356046,-0.487008,0.152921,0.461922
2370,0.0596042,-0.830564,0.382265,-0.405015,-0.47332,0.134865,0.448962
2371,0.0302919,-0.791561,0.408916,-0.454113,-0.461456,0.114501,0.437736
2372,-0.00466864,-0.751746,0.420354,-0.508115,-0.45162,0.0921786,0.428436
2373,-0.638375,0.0708872,0.85951,0.50618,-0.441846,0.0600213,0.419401
2374,-0.093063,-0.679488,0.391694,-0.620381,-0.438661,0.0432113,0.416216
2375,-0.706759,0.192728,0.93469,0.298682,-0.435327,0.00870199,0.413135
2376,-0.178745,-0.627266,0.321044,-0.709555,-0.435327,-0.00870199,0.413135
2377,0.763179,0.619394,-0.251485,0.743711,-0.438661,-0.0432113,0.416216
2378,-0.267211,-0.606389,0.217705,-0.764786,-0.441846,-0.0600213,0.419401
2379,0.664208,0.613296,-0.153362,0.774822,-0.45162,-0.0921786,0.428436
2380,0.626026,0.614112,-0.11795,0.780356,-0.461456,-0.114501,0.437736
2381,0.594644,0.615373,-0.0908312,0.782985,-0.47332,-0.134865,0.448962
2382,0.561833,0.62054,-0.0655927,0.781426,-0.487008,-0.152921,0.461922
2383,0.533051,0.62591,-0.0460356,0.778535,-0.502284,-0.168359,0.476394
2384,-0.363464,-0.628163,0.0327803,-0.777391,-0.512942,-0.177061,0.487051
2385,0.480351,0.639217,-0.0178268,0.76882,-0.536538,-0.190381,0.508862
2386,-0.36135,-0.641194,0.00995567,-0.767314,-0.548424,-0.194885,0.520749
2387,0.451091,0.640664,-0.0033282,0.767814,-0.573745,-0.199429,0.544156
2388,0.438444,0.641478,0.00326182,0.767135,-0.592668,-0.198859,0.562114
2389,0.426977,0.642575,0.00959651,0.766163,-0.611372,-0.194885,0.579869
2390,-0.314796,-0.64105,-0.0170203,-0.76731,-0.623259,-0.190381,0.591756
2391,0.426956,0.632298,0.0302,0.774136,-0.646855,-0.177061,0.613568
2392,-0.274993,-0.630834,-0.041929,-0.774784,-0.657513,-0.168359,0.624225
2393,0.444346,0.619674,0.066507,0.782036,-0.677775,-0.147171,0.642955
2394,-0.223976,-0.619772,-0.0849696,-0.780168,-0.686476,-0.134865,0.651657
2395,0.487037,0.607737,0.128357,0.783696,-0.702024,-0.107251,0.666029
2396,-0.154311,-0.612502,-0.155014,-0.77512,-0.708177,-0.0921786,0.672182
2397,0.551731,0.608371,0.212959,0.764548,-0.717951,-0.0600213,0.681217
2398,-0.0662592,-0.620246,-0.248944,-0.743856,-0.721135,-0.0432113,0.684401
2399,0.649532,0.627227,0.321132,0.709549,-0.724469,-0.00870199,0.687483
2400,0.0194941,-0.706814,-0.334059,-0.623553,-0.668297,0.00870199,0.742205
2401,0.704125,0.730827,0.364942,0.576809,-0.665215,0.0432113,0.738871
2402,0.0717537,-0.761549,-0.365871,-0.534959,-0.662289,0.0600213,0.735447
2403,0.75606,0.792623,0.372355,0.482804,-0.653255,0.0921786,0.725673
2404,0.107259,-0.824894,-0.353744,-0.440926,-0.647604,0.107251,0.719056
2405,0.129345,-0.85707,-0.338297,-0.388571,-0.637297,0.128309,0.707574
2406,0.141032,-0.887427,-0.307137,-0.343715,-0.625239,0.147171,0.694151
2407,0.15291,-0.915429,-0.268149,-0.300144,-0.611637,0.163515,0.679015
2408,0.157244,-0.939031,-0.218335,-0.265615,-0.596721,0.177061,0.662428
2409,0.161394,-0.958344,-0.162354,-0.234985,-0.580748,0.187579,0.644671
2410,0.160009,-0.971685,-0.100013,-0.214069,-0.563992,0.194885,0.626049
2411,0.154578,-0.978733,-0.0338517,-0.202326,-0.546738,0.198859,0.606881
2412,-0.623433,-0.19643,0.0559307,0.978921,-0.523129,0.198859,0.581341
2413,0.13557,-0.973618,0.101708,-0.204263,-0.511923,0.196587,0.568221
2414,0.113022,-0.959923,0.16478,-0.226704,-0.494958,0.190381,0.54939
2415,0.0867894,-0.940415,0.221602,-0.257898,-0.478677,0.180919,0.531325
2416,0.0618573,-0.916601,0.272323,-0.292718,-0.463359,0.168359,0.514334
2417,-0.619313,-0.105253,0.582213,0.806195,-0.444628,0.147171,0.494072
2418,0.00366445,-0.857768,0.34546,-0.380647,-0.436636,0.134865,0.484714
2419,-0.638961,-0.0215199,0.749556,0.66159,-0.422264,0.107251,0.469166
2420,-0.658732,0.0252081,0.819161,0.573009,-0.413886,0.0843573,0.459822
2421,-0.0978764,-0.761146,0.369903,-0.532756,-0.40956,0.0682786,0.454758
2422,-0.123761,-0.731009,0.363908,-0.577232,-0.404653,0.0432113,0.44935
2423,-0.730726,0.198654,0.9428,0.267704,-0.40157,0.00870199,0.446017
2424,-0.76092,0.26184,0.952235,0.157125,-0.401974,-0.017404,0.44642
2425,0.774858,0.672079,-0.262534,0.692377,-0.404653,-0.0432113,0.44935
2426,0.747233,0.658309,-0.232529,0.715933,-0.40956,-0.0682786,0.454758
2427,-0.259586,-0.645293,0.206938,-0.735373,-0.413886,-0.0843573,0.459822
2428,-0.278846,-0.642292,0.169181,-0.747555,-0.422264,-0.107251,0.469166
2429,0.648522,0.645257,-0.130903,0.752667,-0.436636,-0.134865,0.484714
2430,-0.298751,-0.641491,0.107362,-0.759581,-0.444628,-0.147171,0.494072
2431,0.592343,0.646928,-0.0787935,0.75847,-0.463359,-0.168359,0.514334
2432,0.568066,0.648893,-0.0575804,0.758698,-0.478677,-0.180919,0.531325
2433,0.542481,0.653846,-0.037732,0.755687,-0.494958,-0.190381,0.54939
2434,0.520416,0.658245,-0.0210564,0.752509,-0.511923,-0.196587,0.568221
2435,-0.291197,-0.656262,0.0071261,-0.754499,-0.523129,-0.198859,0.581341
2436,0.501534,0.65335,0.00737574,0.75702,-0.546738,-0.198859,0.606881
2437,0.494182,0.652039,0.0226761,0.757846,-0.563992,-0.194885,0.626049
2438,0.491455,0.6494,0.0396815,0.759411,-0.580748,-0.187579,0.644671
2439,0.494949,0.644803,0.0601288,0.76198,-0.596721,-0.177061,0.662428
2440,0.499007,0.642729,0.0822631,0.761665,-0.611637,-0.163515,0.679015
2441,0.510666,0.639096,0.10987,0.761239,-0.625239,-0.147171,0.694151
2442,0.522857,0.639107,0.13881,0.756488,-0.637297,-0.128309,0.707574
2443,0.544785,0.63821,0.175595,0.74957,-0.647604,-0.107251,0.719056
2444,-0.102164,-0.6485,-0.200855,-0.734238,-0.653255,-0.0921786,0.725673
2445,0.587072,0.652723,0.24543,0.716741,-0.662289,-0.0600213,0.735447
2446,-0.0428821,-0.669164,-0.271053,-0.691918,-0.665215,-0.0432113,0.738871
2447,0.644719,0.682303,0.316587,0.658965,-0.668297,-0.00870199,0.742205
2448,0.00163043,-0.757442,-0.317219,-0.570661,-0.608004,0.00870199,0.792351
2449,0.664358,0.780381,0.328453,0.532093,-0.605193,0.0432113,0.788786
2450,0.0246266,-0.805941,-0.324318,-0.495255,-0.602545,0.0600213,0.785142
2451,0.697241,0.831128,0.32376,0.452113,-0.594305,0.0921786,0.774689
2452,0.0428498,-0.856656,-0.304555,-0.416397,-0.589191,0.107251,0.767649
2453,0.0619174,-0.882154,-0.292275,-0.369297,-0.579818,0.128309,0.755395
2454,0.766046,0.907094,0.270576,0.322441,-0.564592,0.152921,0.736081
2455,0.0830285,-0.928846,-0.233502,-0.287614,-0.556476,0.163515,0.724911
2456,-0.758348,-0.154732,-0.397785,0.904337,-0.537829,0.180919,0.701257
2457,0.0936958,-0.964182,-0.143203,-0.223263,-0.528378,0.187579,0.688249
2458,-0.714078,-0.176974,-0.173267,0.968844,-0.507579,0.196587,0.661866
2459,0.0943977,-0.982404,-0.0304194,-0.184277,-0.497437,0.198859,0.647907
2460,-0.686858,-0.181673,0.0579767,0.981648,-0.475905,0.198859,0.620594
2461,-0.674001,-0.171605,0.172779,0.969896,-0.460208,0.194885,0.600131
2462,0.055731,-0.96737,0.148696,-0.205145,-0.450327,0.190381,0.586531
2463,0.0280195,-0.950965,0.198716,-0.237018,-0.435514,0.180919,0.567244
2464,-0.676851,-0.127567,0.502002,0.855407,-0.416867,0.163515,0.54359
2465,-0.680822,-0.097627,0.600196,0.793873,-0.404493,0.147171,0.527434
2466,-0.053679,-0.883431,0.306612,-0.354315,-0.39726,0.134865,0.517478
2467,-0.0825154,-0.857205,0.324777,-0.399649,-0.387298,0.114501,0.504534
2468,-0.71363,0.0245333,0.837986,0.54514,-0.376532,0.0843573,0.490878
2469,-0.144558,-0.80551,0.328817,-0.492984,-0.372617,0.0682786,0.48549
2470,-0.735781,0.141174,0.927523,0.346081,-0.367044,0.0346586,0.47842
2471,-0.186449,-0.758201,0.313767,-0.571561,-0.365709,0.017404,0.476582
2472,-0.763596,0.271356,0.953035,0.134498,-0.365709,-0.017404,0.476582
2473,-0.209362,-0.71647,0.284702,-0.636879,-0.367044,-0.0346586,0.47842
2474,0.777521,0.700448,-0.260217,0.664575,-0.372617,-0.0682786,0.48549
2475,0.758195,0.685856,-0.235648,0.688529,-0.379037,-0.0921786,0.49381
2476,0.730664,0.67745,-0.203304,0.706916,-0.387298,-0.114501,0.504534
2477,0.704159,0.671278,-0.171868,0.721004,-0.39726,-0.134865,0.517478
2478,-0.238616,-0.662571,0.146271,-0.734578,-0.404493,-0.147171,0.527434
2479,-0.240727,-0.66119,0.115553,-0.741266,-0.416867,-0.163515,0.54359
2480,0.62694,0.666796,-0.0833135,0.740568,-0.435514,-0.180919,0.567244
2481,0.599966,0.671224,-0.056012,0.739136,-0.450327,-0.190381,0.586531
2482,-0.240891,-0.670184,0.0333184,-0.741447,-0.460208,-0.194885,0.600131
2483,-0.227935,-0.667775,0.0112276,-0.744279,-0.475905,-0.198859,0.620594
2484,0.560919,0.667798,0.0112282,0.744258,-0.497437,-0.198859,0.647907
2485,-0.201979,-0.667009,-0.034152,-0.744266,-0.507579,-0.196587,0.661866
2486,0.559307,0.659349,0.0612335,0.749339,-0.528378,-0.187579,0.688249
2487,-0.160061,-0.660336,-0.0873263,-0.745876,-0.537829,-0.180919,0.701257
2488,0.567845,0.655857,0.119892,0.745303,-0.556476,-0.163515,0.724911
2489,-0.11606,-0.660278,-0.148622,-0.736169,-0.564592,-0.152921,0.736081
2490,0.586493,0.6604,0.185573,0.727622,-0.579818,-0.128309,0.755395
2491,0.601866,0.665269,0.221647,0.712945,-0.589191,-0.107251,0.767649
2492,-0.0521183,-0.681083,-0.244335,-0.690236,-0.594305,-0.0921786,0.774689
2493,0.620334,0.693388,0.2757,0.665734,-0.602545,-0.0600213,0.785142
2494,-0.0202058,-0.713643,-0.29236,-0.636584,-0.605193,-0.0432113,0.788786
2495,0.640517,0.733115,0.312601,0.604005,-0.608004,-0.00870199,0.792351
2496,-0.0182229,-0.804283,-0.298363,-0.513914,-0.543962,0.00870199,0.837612
2497,0.621302,0.826563,0.288374,0.483357,-0.54144,0.0432113,0.833838
2498,-0.0228228,-0.846914,-0.281751,-0.450946,-0.539087,0.0600213,0.829997
2499,0.642561,0.866654,0.277535,0.414591,-0.531692,0.0921786,0.818931
2500,0.650125,0.886245,0.260065,0.383323,-0.524298,0.114501,0.807591
2501,-0.00978667,-0.905042,-0.241877,-0.349848,-0.518762,0.128309,0.798557
2502,0.699161,0.924847,0.229791,0.303075,-0.505099,0.152921,0.778109
2503,0.0146762,-0.941566,-0.198496,-0.272127,-0.497884,0.163515,0.766337
2504,0.747492,0.958271,0.167807,0.231427,-0.481151,0.180919,0.741292
2505,0.771353,0.971259,0.126308,0.201746,-0.467896,0.190381,0.720903
2506,-0.777182,-0.162602,-0.178604,0.970392,-0.454086,0.196587,0.699649
2507,-0.758869,-0.163934,-0.0597115,0.984662,-0.439956,0.199429,0.677898
2508,0.0236588,-0.985901,0.026937,-0.165149,-0.430862,0.199429,0.663059
2509,-0.737206,-0.157307,0.178171,0.971344,-0.411704,0.194885,0.634388
2510,-0.00545843,-0.973631,0.130979,-0.186783,-0.40292,0.190381,0.620055
2511,-0.0296115,-0.960886,0.175606,-0.214149,-0.389665,0.180919,0.599665
2512,-0.0597171,-0.944662,0.211544,-0.250726,-0.377194,0.168359,0.580487
2513,-0.0861814,-0.926725,0.242242,-0.287228,-0.365718,0.152921,0.562848
2514,-0.742646,-0.0546595,0.705344,0.706755,-0.352054,0.128309,0.5424
2515,-0.756384,-0.021828,0.786588,0.617093,-0.343671,0.107251,0.529447
2516,-0.768747,0.0194948,0.854341,0.519346,-0.336858,0.0843573,0.518906
2517,-0.195963,-0.846828,0.282757,-0.450478,-0.333378,0.0682786,0.513228
2518,-0.77584,0.134883,0.93957,0.314666,-0.328376,0.0346586,0.505744
2519,-0.214181,-0.806678,0.287389,-0.516409,-0.32719,0.017404,0.503807
2520,-0.760862,0.283242,0.952221,0.114231,-0.32719,-0.017404,0.503807
2521,-0.191842,-0.758051,0.301117,-0.578522,-0.328376,-0.0346586,0.505744
2522,-0.75528,0.428277,0.90001,-0.0810025,-0.333378,-0.0682786,0.513228
2523,-0.175727,-0.713664,0.279318,-0.64239,-0.336858,-0.0843573,0.518906
2524,-0.176988,-0.699502,0.251118,-0.669057,-0.343671,-0.107251,0.529447
2525,-0.180656,-0.690336,0.217159,-0.690129,-0.352054,-0.128309,0.5424
2526,0.738271,0.686182,-0.179751,0.704872,-0.365718,-0.152921,0.562848
2527,0.713505,0.682567,-0.144728,0.716349,-0.377194,-0.168359,0.580487
2528,0.684973,0.684168,-0.108371,0.721228,-0.389665,-0.180919,0.599665
2529,0.661453,0.685035,-0.0753739,0.7246,-0.40292,-0.190381,0.620055
2530,-0.177492,-0.681817,0.0454411,-0.73011,-0.411704,-0.194885,0.634388
2531,0.632356,0.681633,-0.0150661,0.731539,-0.430862,-0.199429,0.663059
2532,-0.156189,-0.681385,-0.0150876,-0.731769,-0.439956,-0.199429,0.677898
2533,-0.138511,-0.678626,-0.0462728,-0.733025,-0.454086,-0.196587,0.699649
2534,-0.117492,-0.675281,-0.0796548,-0.733247,-0.467896,-0.190381,0.720903
2535,-0.0950173,-0.672922,-0.115333,-0.730667,-0.481151,-0.180919,0.741292
2536,0.635089,0.668338,0.156058,0.727304,-0.497884,-0.163515,0.766337
2537,-0.0507212,-0.675664,-0.190259,-0.712235,-0.505099,-0.152921,0.778109
2538,0.652189,0.677128,0.233024,0.697996,-0.518762,-0.128309,0.798557
2539,-0.0107931,-0.691499,-0.262624,-0.672947,-0.524298,-0.114501,0.807591
2540,-0.00501064,-0.710537,-0.284711,-0.643489,-0.531692,-0.0921786,0.818931
2541,0.655451,0.728541,0.307348,0.612181,-0.539087,-0.0600213,0.829997
2542,0.00782193,-0.75125,-0.318475,-0.578098,-0.54144,-0.0432113,0.833838
2543,0.635844,0.779614,0.308182,0.545184,-0.543962,-0.00870199,0.837612
2544,-0.0352945,-0.845935,-0.282075,-0.45258,-0.476567,0.00870199,0.877709
2545,-0.062486,-0.867612,-0.252525,-0.428346,-0.475238,0.0346586,0.875199
2546,-0.0676175,-0.883715,-0.240986,-0.401214,-0.472304,0.0600213,0.869735
2547,0.581042,0.898784,0.22456,0.376511,-0.465801,0.0921786,0.858122
2548,0.589201,0.912802,0.211501,0.349371,-0.459319,0.114501,0.846237
2549,0.610005,0.927001,0.202628,0.315611,-0.451505,0.134865,0.831895
2550,0.637419,0.941488,0.191222,0.277552,-0.442492,0.152921,0.815341
2551,0.661014,0.954876,0.169835,0.243654,-0.432436,0.168359,0.796856
2552,0.688169,0.967335,0.14322,0.209167,-0.421507,0.180919,0.776758
2553,0.710266,0.977202,0.108016,0.182782,-0.409892,0.190381,0.755391
2554,-0.0289095,-0.983755,-0.0667429,-0.166648,-0.40226,0.194885,0.740413
2555,0.750194,0.988558,0.0231647,0.149054,-0.385412,0.199429,0.710326
2556,-0.0375181,-0.988728,0.0232358,-0.147907,-0.37751,0.199429,0.694819
2557,0.768189,0.984784,-0.0680241,0.159914,-0.360661,0.194885,0.664734
2558,0.774741,0.978222,-0.110228,0.175875,-0.348715,0.187579,0.642715
2559,0.77694,0.968586,-0.147324,0.20034,-0.337329,0.177061,0.62172
2560,-0.118515,-0.957197,0.180975,-0.225879,-0.330486,0.168359,0.608292
2561,0.770414,0.942786,-0.200068,0.266697,-0.317004,0.147171,0.584217
2562,0.762263,0.928076,-0.214122,0.304674,-0.308413,0.128309,0.56835
2563,-0.208296,-0.913405,0.226176,-0.338432,-0.303604,0.114501,0.55891
2564,0.743254,0.898801,-0.222674,0.377587,-0.295106,0.0843573,0.543736
2565,-0.250844,-0.884309,0.232749,-0.404755,-0.292082,0.0682786,0.537802
2566,0.748045,0.869656,-0.237107,0.432987,-0.287684,0.0346586,0.529949
2567,-0.258013,-0.8536,0.245224,-0.459601,-0.286653,0.017404,0.527925
2568,-0.7489,0.301163,0.948581,0.0974428,-0.286653,-0.017404,0.527925
2569,-0.16804,-0.792374,0.32324,-0.517358,-0.287684,-0.0346586,0.529949
2570,-0.710375,0.455206,0.88588,-0.0894609,-0.292082,-0.0682786,0.537802
2571,-0.12336,-0.735852,0.323556,-0.59484,-0.295106,-0.0843573,0.543736
2572,-0.72126,0.56546,0.776641,-0.277638,-0.303604,-0.114501,0.55891
2573,-0.116097,-0.704676,0.263169,-0.658919,-0.308413,-0.128309,0.56835
2574,-0.120012,-0.698645,0.221348,-0.680368,-0.317004,-0.147171,0.584217
2575,0.772899,0.698599,-0.17632,0.693449,-0.330486,-0.168359,0.608292
2576,-0.121769,-0.693239,0.137476,-0.707475,-0.337329,-0.177061,0.62172
2577,-0.118732,-0.692464,0.0969393,-0.71491,-0.348715,-0.187579,0.642715
2578,-0.111818,-0.691522,0.0578007,-0.72004,-0.360661,-0.194885,0.664734
2579,0.693918,0.694006,-0.0189588,0.71972,-0.37751,-0.199429,0.694819
2580,-0.094038,-0.693345,-0.0190164,-0.720355,-0.385412,-0.199429,0.710326
2581,0.683719,0.687666,0.0587961,0.723643,-0.40226,-0.194885,0.740413
2582,-0.0561079,-0.6886,-0.0986178,-0.718404,-0.409892,-0.190381,0.755391
2583,-0.0350635,-0.687891,-0.140733,-0.712039,-0.421507,-0.180919,0.776758
2584,-0.0100224,-0.68676,-0.185617,-0.702785,-0.432436,-0.168359,0.796856
2585,0.0113472,-0.690662,-0.229072,-0.685939,-0.442492,-0.152921,0.815341
2586,0.0339981,-0.696266,-0.272814,-0.663918,-0.451505,-0.134865,0.831895
2587,0.0478159,-0.709674,-0.308396,-0.633447,-0.459319,-0.114501,0.846237
2588,0.0470714,-0.732716,-0.328611,-0.595938,-0.465801,-0.0921786,0.858122
2589,0.691066,0.758482,0.339056,0.556548,-0.472304,-0.0600213,0.869735
2590,0.670601,0.787818,0.334211,0.517346,-0.475238,-0.0346586,0.875199
2591,0.625197,0.823136,0.29805,0.483335,-0.476567,-0.00870199,0.877709
2592,0.549111,0.890957,0.224801,0.394537,-0.405975,0.017404,0.911887
2593,-0.120912,-0.906053,-0.19675,-0.374643,-0.405106,0.0346586,0.909788
2594,0.51606,0.917159,0.17991,0.355601,-0.401338,0.0682786,0.901613
2595,0.511006,0.926655,0.163245,0.338618,-0.397038,0.0921786,0.892023
2596,0.5286,0.936057,0.162393,0.312131,-0.391508,0.114501,0.879667
2597,0.546454,0.945646,0.156231,0.28521,-0.384843,0.134865,0.864755
2598,-0.124409,-0.954804,-0.143249,-0.260441,-0.380134,0.147171,0.853386
2599,0.601736,0.966152,0.138198,0.217836,-0.368582,0.168359,0.828328
2600,-0.098602,-0.974141,-0.113806,-0.195184,-0.362814,0.177061,0.814403
2601,0.643655,0.981786,0.0876183,0.16858,-0.349361,0.190381,0.785223
2602,0.667256,0.987561,0.055727,0.14703,-0.339045,0.196587,0.762071
2603,0.686953,0.990814,0.0192498,0.133851,-0.328492,0.199429,0.738376
2604,-0.100103,-0.991052,0.0193615,-0.132065,-0.321832,0.199429,0.722297
2605,-0.118398,-0.988157,0.0565752,-0.142637,-0.311278,0.196587,0.698603
2606,-0.136389,-0.983402,0.0915117,-0.156669,-0.300962,0.190381,0.675451
2607,-0.158297,-0.976447,0.122011,-0.177947,-0.29106,0.180919,0.653239
2608,-0.180149,-0.968066,0.148252,-0.202163,-0.281742,0.168359,0.632346
2609,-0.205789,-0.958259,0.167306,-0.231837,-0.273166,0.152921,0.61313
2610,0.70333,0.94711,-0.17129,0.27137,-0.26287,0.128309,0.590796
2611,-0.264399,-0.93696,0.180931,-0.298948,-0.258816,0.114501,0.581008
2612,-0.291293,-0.926804,0.179164,-0.330052,-0.253286,0.0921786,0.568651
2613,-0.307698,-0.91714,0.180212,-0.355497,-0.248986,0.0682786,0.559061
2614,0.697207,0.906915,-0.188439,0.376824,-0.245218,0.0346586,0.550886
2615,0.731772,0.891269,-0.223082,0.394809,-0.244089,0.00870199,0.54828
2616,-0.245458,-0.870367,0.257351,-0.419799,-0.244089,-0.00870199,0.54828
2617,-0.140167,-0.819702,0.348916,-0.454253,-0.245218,-0.0346586,0.550886
2618,-0.654403,0.490942,0.865774,-0.0970136,-0.248986,-0.0682786,0.559061
2619,-0.6439,0.550175,0.813635,-0.187898,-0.253286,-0.0921786,0.568651
2620,-0.659894,0.587849,0.756924,-0.285479,-0.258816,-0.114501,0.581008
2621,-0.0542412,-0.717114,0.306214,-0.626083,-0.26287,-0.128309,0.590796
2622,-0.711606,0.641298,0.608321,-0.467635,-0.273166,-0.152921,0.61313
2623,-0.735376,0.663823,0.515113,-0.542216,-0.281742,-0.168359,0.632346
2624,-0.756392,0.683246,0.411555,-0.603156,-0.29106,-0.180919,0.653239
2625,-0.777691,0.696708,0.300057,-0.651586,-0.300962,-0.190381,0.675451
2626,0.775251,0.703242,-0.0693023,0.707564,-0.311278,-0.196587,0.698603
2627,0.756977,0.70505,-0.0228702,0.708789,-0.321832,-0.199429,0.722297
2628,-0.0303202,-0.703941,-0.0229676,-0.709887,-0.328492,-0.199429,0.738376
2629,-0.0113796,-0.70074,-0.0699476,-0.70998,-0.339045,-0.196587,0.762071
2630,0.0104634,-0.697578,-0.118766,-0.706597,-0.349361,-0.190381,0.785223
2631,0.751295,0.695389,0.169342,0.698396,-0.362814,-0.177061,0.814403
2632,0.0501404,-0.700505,-0.216784,-0.679925,-0.368582,-0.168359,0.828328
2633,0.772083,0.695115,0.274228,0.664541,-0.380134,-0.147171,0.853386
2634,0.0988987,-0.70659,-0.317698,-0.632296,-0.384843,-0.134865,0.864755
2635,0.111596,-0.72043,-0.356999,-0.594585,-0.391508,-0.114501,0.879667
2636,0.114808,-0.741266,-0.38435,-0.550273,-0.397038,-0.0921786,0.892023
2637,0.730596,0.781351,0.373717,0.499827,-0.40261,-0.0600213,0.90411
2638,0.696698,0.815618,0.358164,0.454407,-0.405106,-0.0346586,0.909788
2639,0.0158826,-0.847763,-0.330667,-0.414677,-0.405975,-0.017404,0.911887
2640,0.456935,0.932692,0.134359,0.334713,-0.333177,0.017404,0.940928
2641,-0.201473,-0.939458,-0.118792,-0.321415,-0.332476,0.0346586,0.938768
2642,0.432071,0.944701,0.101277,0.311903,-0.32936,0.0682786,0.930322
2643,0.432694,0.949048,0.0937376,0.300866,-0.325826,0.0921786,0.920424
2644,-0.21333,-0.954355,-0.0985176,-0.281959,-0.323137,0.107251,0.912148
2645,0.481795,0.96127,0.108362,0.253411,-0.315809,0.134865,0.892284
2646,0.503864,0.967715,0.105434,0.228936,-0.309497,0.152921,0.874523
2647,-0.175968,-0.973897,-0.0965096,-0.205452,-0.30523,0.163515,0.861392
2648,-0.168306,-0.979969,-0.08374,-0.18069,-0.297798,0.177061,0.840359
2649,0.581384,0.986346,0.0681902,0.149903,-0.286676,0.190381,0.810213
2650,-0.156699,-0.989799,-0.0428169,-0.135888,-0.281482,0.194885,0.794225
2651,0.622791,0.992725,0.0151974,0.119442,-0.269547,0.199429,0.761873
2652,-0.165406,-0.992801,0.0152371,-0.1188,-0.264169,0.199429,0.745322
2653,-0.1813,-0.990997,0.044715,-0.126193,-0.255506,0.196587,0.720873
2654,0.650628,0.98774,-0.071973,0.138528,-0.243879,0.187579,0.689353
2655,-0.216849,-0.983381,0.0969054,-0.153531,-0.23891,0.180919,0.674061
2656,0.653139,0.976935,-0.11206,0.181768,-0.228485,0.163515,0.645803
2657,0.651703,0.970399,-0.124236,0.207101,-0.22171,0.147171,0.626615
2658,0.644053,0.963296,-0.127589,0.236182,-0.215706,0.128309,0.609599
2659,0.638288,0.956596,-0.128043,0.261779,-0.210578,0.107251,0.595047
2660,0.61952,0.95002,-0.113734,0.290735,-0.206413,0.0843573,0.583207
2661,-0.38289,-0.944754,0.109858,-0.308823,-0.204355,0.0682786,0.576873
2662,0.606097,0.940166,-0.100078,0.325687,-0.20124,0.0346586,0.568428
2663,-0.381534,-0.9337,0.124192,-0.335828,-0.200538,0.017404,0.566268
2664,-0.777579,0.287198,0.957072,0.0391126,-0.200538,-0.017404,0.566268
2665,-0.0947326,-0.833895,0.390198,-0.390339,-0.20124,-0.0346586,0.568428
2666,-0.557043,0.558527,0.824375,-0.0919409,-0.204355,-0.0682786,0.576873
2667,0.021403,-0.741866,0.440851,-0.505258,-0.206413,-0.0843573,0.583207
2668,0.00941318,-0.73544,0.393703,-0.551477,-0.210578,-0.107251,0.595047
2669,0.00745567,-0.726187,0.347993,-0.592919,-0.215706,-0.128309,0.609599
2670,0.00260613,-0.722038,0.295685,-0.625485,-0.22171,-0.147171,0.626615
2671,0.00257163,-0.717835,0.243134,-0.652379,-0.228485,-0.163515,0.645803
2672,-0.696707,0.677916,0.401112,-0.616067,-0.23891,-0.180919,0.674061
2673,0.00681867,-0.714964,0.134573,-0.686088,-0.243879,-0.187579,0.689353
2674,-0.732142,0.697012,0.177776,-0.694672,-0.255506,-0.196587,0.720873
2675,-0.748031,0.69973,0.0597288,-0.711906,-0.264169,-0.199429,0.745322
2676,0.0344648,-0.713667,-0.0268904,-0.699969,-0.269547,-0.199429,0.761873
2677,-0.758073,0.703143,-0.177056,-0.688652,-0.281482,-0.194885,0.794225
2678,0.0720446,-0.709386,-0.136933,-0.69139,-0.286676,-0.190381,0.810213
2679,-0.749982,0.696135,-0.396148,-0.598718,-0.297798,-0.177061,0.840359
2680,-0.743185,0.68643,-0.493805,-0.533826,-0.30523,-0.163515,0.861392
2681,0.146599,-0.705421,-0.310383,-0.637215,-0.309497,-0.152921,0.874523
2682,0.165134,-0.712456,-0.36212,-0.601062,-0.315809,-0.134865,0.892284
2683,-0.716699,0.6344,-0.720915,-0.27896,-0.323137,-0.107251,0.912148
2684,0.202403,-0.731894,-0.45377,-0.508353,-0.325826,-0.0921786,0.920424
2685,0.178788,-0.767995,-0.457091,-0.44861,-0.32936,-0.0682786,0.930322
2686,0.716816,0.840439,0.376457,0.389799,-0.332476,-0.0346586,0.938768
2687,0.602166,0.895333,0.276046,0.34954,-0.333396,-0.00870199,0.941455
2688,-0.290593,-0.962536,-0.0312172,-0.269352,-0.258502,0.00870199,0.96471
2689,0.342127,0.963297,0.0188783,0.267773,-0.25727,0.0432113,0.960341
2690,0.343521,0.963913,0.0176137,0.265635,-0.255352,0.0682786,0.953295
2691,0.363023,0.96606,0.0314131,0.2564,-0.252606,0.0921786,0.943151
2692,-0.286314,-0.968338,-0.0380546,-0.246724,-0.250574,0.107251,0.934689
2693,0.41436,0.973379,0.0579768,0.221748,-0.244828,0.134865,0.914311
2694,0.437895,0.977418,0.0622818,0.201926,-0.239928,0.152921,0.89611
2695,-0.243282,-0.981074,-0.0594815,-0.18427,-0.236704,0.163515,0.882684
2696,0.489514,0.985988,0.0577635,0.156494,-0.228529,0.180919,0.853695
2697,0.517052,0.989979,0.0478377,0.132869,-0.222224,0.190381,0.830207
2698,0.538674,0.99267,0.0312748,0.116743,-0.215656,0.196587,0.805727
2699,-0.222615,-0.993984,-0.0108239,-0.108994,-0.211628,0.198859,0.788949
2700,-0.233505,-0.99406,0.0108679,-0.10829,-0.204877,0.199429,0.763751
2701,0.581445,0.993529,-0.0328502,0.108721,-0.195517,0.194885,0.730563
2702,-0.257594,-0.991819,0.0535545,-0.115877,-0.191592,0.190381,0.714217
2703,-0.279025,-0.988813,0.069886,-0.131774,-0.185287,0.180919,0.690729
2704,-0.302385,-0.985186,0.0818343,-0.150702,-0.179352,0.168359,0.668635
2705,0.588339,0.980474,-0.0829533,0.178297,-0.171862,0.147171,0.642078
2706,-0.357286,-0.976712,0.087258,-0.196011,-0.16899,0.134865,0.630112
2707,0.570916,0.97193,-0.0724103,0.223852,-0.163242,0.107251,0.609734
2708,0.552983,0.967946,-0.0543419,0.24521,-0.160019,0.0843573,0.597604
2709,0.530527,0.964722,-0.0296737,0.261593,-0.157599,0.0600213,0.588463
2710,-0.492856,-0.962987,0.0108092,-0.269331,-0.156547,0.0432113,0.584083
2711,-0.509772,-0.962394,-0.00345487,-0.271637,-0.155491,0.017404,0.580256
2712,-0.57202,0.470681,0.879286,0.0729093,-0.155491,-0.017404,0.580256
2713,-0.430078,0.614872,0.788556,0.0105649,-0.156547,-0.0432113,0.584083
2714,0.120973,-0.732561,0.550357,-0.400577,-0.157599,-0.0600213,0.588463
2715,0.0994234,-0.731843,0.500408,-0.462598,-0.160019,-0.0843573,0.597604
2716,0.0842861,-0.730239,0.447394,-0.516324,-0.163242,-0.107251,0.609734
2717,-0.555966,0.649189,0.644613,-0.403768,-0.16899,-0.134865,0.630112
2718,0.0695024,-0.726124,0.334439,-0.600744,-0.171862,-0.147171,0.642078
2719,-0.610608,0.666816,0.485098,-0.565718,-0.179352,-0.168359,0.668635
2720,-0.633677,0.6747,0.388533,-0.627552,-0.185287,-0.180919,0.690729
2721,-0.655063,0.68033,0.283648,-0.675792,-0.191592,-0.190381,0.714217
2722,0.0765823,-0.724646,0.0917066,-0.682992,-0.195517,-0.194885,0.730563
2723,-0.679584,0.692647,0.0577538,-0.718961,-0.204877,-0.199429,0.763751
2724,-0.690403,0.693209,-0.0577306,-0.718421,-0.211628,-0.198859,0.788949
2725,0.119245,-0.719048,-0.0930951,-0.688697,-0.215656,-0.196587,0.805727
2726,-0.691197,0.695478,-0.280403,-0.661577,-0.224776,-0.187579,0.838061
2727,0.16341,-0.712878,-0.220715,-0.66565,-0.228529,-0.180919,0.853695
2728,-0.67446,0.692504,-0.475075,-0.542902,-0.236704,-0.163515,0.882684
2729,0.21466,-0.708443,-0.349244,-0.6133,-0.239928,-0.152921,0.89611
2730,0.235733,-0.711786,-0.407719,-0.571949,-0.244828,-0.134865,0.914311
2731,-0.638745,0.667828,-0.686407,-0.28784,-0.250574,-0.107251,0.934689
2732,0.281289,-0.720601,-0.513351,-0.466053,-0.252606,-0.0921786,0.943151
2733,0.292931,-0.73401,-0.548579,-0.400363,-0.255352,-0.0682786,0.953295
2734,0.244186,-0.783394,-0.526854,-0.329725,-0.25727,-0.0432113,0.960341
2735,0.479202,0.947786,0.156337,0.277957,-0.258502,-0.00870199,0.96471
2736,-0.518921,-0.959313,0.19535,-0.203853,-0.182016,0.00870199,0.982018
2737,0.207282,0.969852,-0.113135,0.21584,-0.18113,0.0432113,0.977566
2738,-0.417145,-0.970845,0.0872156,-0.223278,-0.180424,0.0600213,0.973117
2739,-0.369104,-0.976412,0.0368664,-0.212747,-0.178729,0.0843573,0.963813
2740,0.320112,0.979418,-0.00995405,0.201599,-0.175336,0.114501,0.946757
2741,0.348451,0.982169,0.0084693,0.187811,-0.172336,0.134865,0.930703
2742,0.37224,0.984613,0.0190655,0.173706,-0.16888,0.152921,0.912173
2743,-0.308892,-0.98668,-0.0231167,-0.161021,-0.166721,0.163515,0.898535
2744,0.42693,0.990436,0.0301833,0.134635,-0.160845,0.180919,0.868993
2745,-0.288865,-0.992292,-0.0253406,-0.1213,-0.15833,0.187579,0.853113
2746,0.473043,0.994535,0.0185635,0.102738,-0.151776,0.196587,0.820163
2747,-0.287963,-0.995387,-0.00658329,-0.0957155,-0.149077,0.198859,0.803121
2748,0.503664,0.995644,-0.00676407,0.0929924,-0.142291,0.198859,0.769009
2749,0.515473,0.995267,-0.0200888,0.0950816,-0.137595,0.194885,0.743651
2750,0.522787,0.994143,-0.0314274,0.103405,-0.133037,0.187579,0.719017
2751,0.528903,0.992653,-0.0403605,0.114062,-0.128697,0.177061,0.695532
2752,0.530444,0.990634,-0.0445989,0.129055,-0.124647,0.163515,0.673595
2753,0.524697,0.988026,-0.0411602,0.148699,-0.120956,0.147171,0.653583
2754,0.51875,0.985594,-0.0339821,0.165682,-0.117689,0.128309,0.635837
2755,0.497742,0.982206,-0.0116614,0.187444,-0.1149,0.107251,0.620662
2756,-0.494224,-0.980622,-0.00165743,-0.195901,-0.113539,0.0921786,0.612068
2757,0.465803,0.978147,0.0315916,0.205501,-0.110942,0.0600213,0.599014
2758,0.418053,0.973912,0.0840766,0.210775,-0.10984,0.0346586,0.592911
2759,0.293365,0.955942,0.210879,0.204219,-0.109352,0.00870199,0.590112
2760,0.697475,-0.340029,0.931401,-0.129894,-0.109352,-0.00870199,0.590112
2761,0.327614,-0.632724,0.724766,-0.272717,-0.10984,-0.0346586,0.592911
2762,0.217288,-0.698486,0.62191,-0.354041,-0.110942,-0.0600213,0.599014
2763,-0.403939,0.679842,0.7006,-0.216737,-0.113539,-0.0921786,0.612068
2764,0.171269,-0.711821,0.506602,-0.486482,-0.1149,-0.107251,0.620662
2765,0.143616,-0.725447,0.435277,-0.533161,-0.117689,-0.128309,0.635837
2766,0.136286,-0.72767,0.371632,-0.57653,-0.120956,-0.147171,0.653583
2767,0.129251,-0.731931,0.304338,-0.609636,-0.124647,-0.163515,0.673595
2768,0.130034,-0.732939,0.237958,-0.63732,-0.128697,-0.177061,0.695532
2769,0.13592,-0.73229,0.171065,-0.659158,-0.133037,-0.187579,0.719017
2770,0.143013,-0.732467,0.102944,-0.672975,-0.137595,-0.194885,0.743651
2771,0.154513,-0.731169,0.0344963,-0.681323,-0.142291,-0.198859,0.769009
2772,-0.624925,0.683883,-0.0555833,-0.727472,-0.149077,-0.198859,0.803121
2773,0.184852,-0.72752,-0.104146,-0.678136,-0.151776,-0.196587,0.820163
2774,-0.624424,0.691017,-0.269282,-0.670808,-0.15833,-0.187579,0.853113
2775,0.229283,-0.719064,-0.245479,-0.650145,-0.160845,-0.180919,0.868993
2776,-0.607116,0.697052,-0.454597,-0.554491,-0.166721,-0.163515,0.898535
2777,0.282204,-0.709211,-0.386209,-0.589798,-0.16888,-0.152921,0.912173
2778,0.304912,-0.708447,-0.450434,-0.543334,-0.172336,-0.134865,0.930703
2779,0.331325,-0.706045,-0.512132,-0.489103,-0.175336,-0.114501,0.946757
2780,-0.550717,0.692271,-0.690635,-0.20925,-0.178729,-0.0843573,0.963813
2781,-0.4903,0.718151,-0.689296,-0.0955543,-0.180424,-0.0600213,0.973117
2782,0.476838,-0.656241,-0.703408,-0.273067,-0.18113,-0.0432113,0.977566
2783,0.0285871,0.942589,-0.288488,0.168225,-0.182016,-0.00870199,0.982018
2784,0.0505083,0.954667,-0.267477,0.130643,-0.104317,0.017404,0.992709
2785,0.103487,0.964278,-0.213461,0.156852,-0.103872,0.0432113,0.988764
2786,-0.51506,-0.968035,0.178979,-0.175713,-0.103519,0.0600213,0.984273
2787,-0.456663,-0.978195,0.115091,-0.172882,-0.102557,0.0843573,0.974865
2788,0.238963,0.982699,-0.0773208,0.168296,-0.100513,0.114501,0.957595
2789,-0.414617,-0.984103,0.0581619,-0.167803,-0.0996825,0.128309,0.947034
2790,0.304291,0.988864,-0.0257512,0.146578,-0.0967925,0.152921,0.922611
2791,-0.377721,-0.990039,0.0151461,-0.139975,-0.0957085,0.163515,0.908846
2792,0.362214,0.993436,0.00157358,0.114377,-0.0921679,0.180919,0.878934
2793,-0.356025,-0.994305,-0.00377185,-0.106509,-0.0909066,0.187579,0.862905
2794,0.406929,0.996006,0.00568835,0.0891089,-0.0869586,0.196587,0.829543
2795,-0.354888,-0.996461,-0.00220996,-0.0840305,-0.0856052,0.198859,0.812341
2796,-0.361199,-0.996889,0.00255655,-0.0787761,-0.0828786,0.199429,0.786397
2797,-0.373504,-0.996799,0.00758308,-0.0795873,-0.0801632,0.196587,0.760601
2798,-0.390661,-0.996297,0.0110161,-0.0852679,-0.0775059,0.190381,0.735395
2799,0.464236,0.995525,-0.0117963,0.093759,-0.0737292,0.177061,0.703485
2800,0.464974,0.994411,-0.00823738,0.105259,-0.0714126,0.163515,0.681298
2801,-0.456733,-0.993542,0.00362011,-0.113408,-0.0703292,0.152921,0.667533
2802,0.452754,0.991243,0.0156593,0.131122,-0.0674386,0.128309,0.643111
2803,0.42749,0.987833,0.0467397,0.148331,-0.0658492,0.107251,0.627763
2804,-0.562197,-0.987026,-0.0625843,-0.14786,-0.0651666,0.0921786,0.619089
2805,0.385567,0.982386,0.107361,0.152943,-0.0636019,0.0600213,0.605872
2806,0.308366,0.969699,0.190551,0.152886,-0.0629826,0.0346586,0.599701
2807,0.179011,0.937876,0.320807,0.132179,-0.0627152,0.00870199,0.596872
2808,0.677029,-0.368094,0.923896,-0.10451,-0.0627152,-0.00870199,0.596872
2809,0.487644,-0.524444,0.820809,-0.226341,-0.0629826,-0.0346586,0.599701
2810,0.334737,-0.639359,0.701316,-0.31524,-0.0636019,-0.0600213,0.605872
2811,-0.318995,0.721406,0.650553,-0.237391,-0.0651666,-0.0921786,0.619089
2812,0.25501,-0.690257,0.559997,-0.458201,-0.0658492,-0.107251,0.627763
2813,0.2158,-0.717033,0.478383,-0.506965,-0.0674386,-0.128309,0.643111
2814,-0.450519,0.677219,0.521876,-0.518672,-0.0703292,-0.152921,0.667533
2815,0.197304,-0.733177,0.33526,-0.591653,-0.0714126,-0.163515,0.681298
2816,0.195801,-0.738063,0.261973,-0.621798,-0.0737292,-0.177061,0.703485
2817,-0.521032,0.671186,0.260836,-0.693883,-0.0775059,-0.190381,0.735395
2818,-0.538626,0.670667,0.158932,-0.724532,-0.0801632,-0.196587,0.760601
2819,-0.551331,0.671894,0.0533286,-0.738725,-0.0828786,-0.199429,0.786397
2820,-0.558064,0.675486,-0.0531466,-0.735455,-0.0856052,-0.198859,0.812341
2821,0.250782,-0.735482,-0.114799,-0.667748,-0.0869586,-0.196587,0.829543
2822,-0.557664,0.686245,-0.256936,-0.680479,-0.0909066,-0.187579,0.862905
2823,0.294531,-0.724587,-0.268969,-0.63453,-0.0921679,-0.180919,0.878934
2824,-0.537044,0.70273,-0.431083,-0.565985,-0.0957085,-0.163515,0.908846
2825,0.351617,-0.706189,-0.422361,-0.56825,-0.0967925,-0.152921,0.922611
2826,-0.500025,0.72242,-0.558665,-0.407435,-0.0996825,-0.128309,0.947034
2827,0.41758,-0.682386,-0.566698,-0.461738,-0.100513,-0.114501,0.957595
2828,-0.453385,0.741605,-0.631725,-0.225709,-0.102557,-0.0843573,0.974865
2829,-0.379206,0.781339,-0.613053,-0.116942,-0.103519,-0.0600213,0.984273
2830,0.589808,-0.589254,-0.775972,-0.22505,-0.103872,-0.0432113,0.988764
2831,0.749498,-0.468853,-0.875982,-0.11328,-0.104317,-0.017404,0.992709
2832,-0.0479098,0.930757,-0.360648,0.0602043,-0.0261079,0.017404,0.997833
2833,-0.661849,-0.939829,0.326139,-0.101761,-0.0261079,0.0346586,0.995561
2834,-0.597682,-0.95889,0.255111,-0.124289,-0.0259746,0.0600213,0.989361
2835,-0.545223,-0.972007,0.193315,-0.133533,-0.0257546,0.0843573,0.979906
2836,0.151999,0.979169,-0.148951,0.137992,-0.0250719,0.114501,0.96253
2837,-0.50214,-0.98142,0.123481,-0.146859,-0.0250719,0.128309,0.951936
2838,-0.470002,-0.987495,0.0833291,-0.133827,-0.0246213,0.147171,0.933897
2839,-0.453406,-0.990588,0.0571084,-0.124398,-0.0241066,0.163515,0.913553
2840,-0.435624,-0.993565,0.0340273,-0.108028,-0.0235373,0.177061,0.891253
2841,-0.426613,-0.995312,0.0189215,-0.0948523,-0.0229239,0.187579,0.867377
2842,-0.425013,-0.996297,0.00921725,-0.0854849,-0.0222759,0.194885,0.842335
2843,0.359904,0.99769,-0.00188266,0.0679052,-0.0209226,0.199429,0.807879
2844,-0.425189,-0.99794,-0.00163419,-0.0641261,-0.0209226,0.199429,0.790475
2845,-0.437844,-0.997923,-0.00497466,-0.0642213,-0.0202399,0.196587,0.764545
2846,-0.451338,-0.997897,-0.00850631,-0.0642595,-0.0195686,0.190381,0.739209
2847,0.405518,0.997586,0.0141963,0.0679824,-0.0183073,0.177061,0.707101
2848,-0.487342,-0.997323,-0.020681,-0.0701387,-0.0183073,0.168359,0.692029
2849,-0.514406,-0.99633,-0.0343847,-0.0783817,-0.0177379,0.152921,0.670993
2850,0.390341,0.993619,0.0625149,0.0938765,-0.0167726,0.128309,0.646419
2851,-0.582041,-0.992261,-0.081645,-0.0935584,-0.0167726,0.114501,0.635825
2852,-0.618572,-0.989097,-0.112887,-0.0945713,-0.0163926,0.0921786,0.622294
2853,0.296335,0.976202,0.190768,0.103133,-0.0158699,0.0600213,0.608994
2854,0.228659,0.959541,0.266546,0.0907455,-0.0157366,0.0346586,0.602794
2855,0.734343,-0.326359,0.943971,0.0490741,-0.0157366,0.017404,0.600522
2856,0.0513614,0.898719,0.438475,0.00657729,-0.0157366,-0.017404,0.600522
2857,0.537629,-0.497917,0.846605,-0.187985,-0.0157366,-0.0346586,0.602794
2858,0.439758,-0.58002,0.764168,-0.282177,-0.0158699,-0.0600213,0.608994
2859,-0.252635,0.746282,0.608153,-0.270581,-0.0163926,-0.0921786,0.622294
2860,-0.31072,0.71571,0.59337,-0.368336,-0.0167726,-0.114501,0.635825
2861,0.282064,-0.709535,0.515766,-0.480151,-0.0167726,-0.128309,0.646419
2862,-0.392279,0.678337,0.497502,-0.540695,-0.0177379,-0.152921,0.670993
2863,-0.421758,0.667873,0.425536,-0.610627,-0.0183073,-0.168359,0.692029
2864,0.255269,-0.746335,0.282702,-0.602547,-0.0183073,-0.177061,0.707101
2865,-0.460215,0.661487,0.248934,-0.707437,-0.0195686,-0.190381,0.739209
2866,-0.474266,0.661384,0.151305,-0.734628,-0.0202399,-0.196587,0.764545
2867,-0.487277,0.661238,0.0507864,-0.748455,-0.0209226,-0.199429,0.790475
2868,0.298115,-0.747864,-0.0415226,-0.662552,-0.0209226,-0.199429,0.807879
2869,-0.488424,0.676557,-0.148755,-0.721209,-0.0222759,-0.194885,0.842335
2870,-0.4872,0.683799,-0.242681,-0.688131,-0.0229239,-0.187579,0.867377
2871,-0.478516,0.695189,-0.328737,-0.639254,-0.0235373,-0.177061,0.891253
2872,-0.46073,0.711756,-0.403069,-0.575274,-0.0241066,-0.163515,0.913553
2873,-0.443688,0.726316,-0.467153,-0.504216,-0.0246213,-0.147171,0.933897
2874,-0.409631,0.750854,-0.510916,-0.418549,-0.0250719,-0.128309,0.951936
2875,0.508145,-0.650556,-0.619439,-0.4394,-0.0250719,-0.114501,0.96253
2876,-0.359955,0.782968,-0.569559,-0.25013,-0.0257546,-0.0843573,0.979906
2877,-0.297621,0.819127,-0.552195,-0.155281,-0.0259746,-0.0600213,0.989361
2878,-0.213263,0.862929,-0.50103,-0.0657384,-0.0261079,-0.0346586,0.995561
2879,0.765992,-0.461739,-0.883746,-0.0760888,-0.0261079,-0.017404,0.997833
2880,-0.100085,0.912636,-0.408673,-0.00905177,0.0522613,0.017404,0.996805
2881,-0.0804863,0.922038,-0.38499,0.0403484,0.0520827,0.0432113,0.99284
2882,-0.703343,-0.933193,0.349871,-0.0821093,0.0517293,0.0600213,0.988349
2883,-0.638331,-0.956799,0.273917,-0.0974907,0.0512067,0.0843573,0.978906
2884,0.063202,0.969121,-0.220929,0.109519,0.050524,0.114501,0.96153
2885,-0.587987,-0.974392,0.186652,-0.125386,0.0496933,0.128309,0.950969
2886,-0.559582,-0.982289,0.14152,-0.122806,0.048728,0.147171,0.93295
2887,0.182772,0.990657,-0.0927859,0.0999428,0.0476447,0.168359,0.905378
2888,-0.514409,-0.992595,0.0686508,-0.100209,0.046462,0.177061,0.890353
2889,-0.501058,-0.995305,0.0427465,-0.0868388,0.0452,0.187579,0.866502
2890,0.271687,0.997688,-0.0206792,0.0647391,0.0438813,0.196587,0.832933
2891,0.29494,0.998511,-0.00612736,0.0542005,0.042528,0.199429,0.80703
2892,-0.489771,-0.998729,-0.00585544,-0.0500526,0.0411627,0.199429,0.78968
2893,0.324112,0.998734,0.017206,0.0472615,0.0398087,0.194885,0.755224
2894,0.337273,0.998649,0.0281533,0.0436857,0.0384893,0.187579,0.730208
2895,0.343164,0.998097,0.0417294,0.0453893,0.037228,0.177061,0.706357
2896,0.347312,0.997302,0.0570585,0.0461929,0.0360453,0.163515,0.684081
2897,0.341182,0.99548,0.0796509,0.0517203,0.034962,0.147171,0.66376
2898,0.33155,0.992833,0.106453,0.0543236,0.0339967,0.128309,0.645743
2899,0.320036,0.989427,0.135524,0.0516475,0.0331654,0.107251,0.630336
2900,0.285836,0.981551,0.18395,0.0521482,0.0324827,0.0843573,0.617804
2901,-0.737198,-0.97403,-0.223283,-0.0375441,0.03196,0.0682786,0.611165
2902,0.186434,0.951691,0.306158,0.0234845,0.0316067,0.0346586,0.60217
2903,0.7035,-0.350527,0.933547,0.0749752,0.0314287,0.017404,0.599906
2904,0.0398052,0.891304,0.448802,-0.0644597,0.0314287,-0.017404,0.599906
2905,0.546648,-0.503369,0.851041,-0.149494,0.0316067,-0.0346586,0.60217
2906,-0.131503,0.799569,0.558437,-0.220992,0.03196,-0.0682786,0.611165
2907,-0.208792,0.752302,0.578677,-0.314921,0.0324827,-0.0921786,0.621662
2908,0.36151,-0.679369,0.622184,-0.38903,0.0331654,-0.107251,0.630336
2909,0.341667,-0.704012,0.54745,-0.452401,0.0339967,-0.128309,0.645743
2910,0.32562,-0.725741,0.46756,-0.504666,0.034962,-0.147171,0.66376
2911,0.315288,-0.74315,0.385114,-0.547188,0.0360453,-0.163515,0.684081
2912,0.317933,-0.751496,0.303485,-0.585791,0.037228,-0.177061,0.706357
2913,0.322628,-0.75808,0.21864,-0.614419,0.0384893,-0.187579,0.730208
2914,0.334957,-0.759122,0.132706,-0.637278,0.0398087,-0.194885,0.755224
2915,-0.422504,0.650975,0.0480031,-0.75758,0.0411627,-0.199429,0.78968
2916,0.363213,-0.756619,-0.0447306,-0.652324,0.042528,-0.199429,0.80703
2917,0.385816,-0.748422,-0.135015,-0.649335,0.0438813,-0.196587,0.832933
2918,-0.413027,0.683651,-0.226371,-0.693814,0.0452,-0.187579,0.866502
2919,-0.399575,0.701282,-0.304341,-0.644656,0.046462,-0.177061,0.890353
2920,0.474119,-0.702292,-0.408165,-0.583256,0.0476447,-0.168359,0.905378
2921,-0.35266,0.747904,-0.422887,-0.51167,0.048728,-0.147171,0.93295
2922,-0.320592,0.774914,-0.459816,-0.433679,0.0496933,-0.128309,0.950969
2923,0.600392,-0.612912,-0.667922,-0.42216,0.050524,-0.114501,0.96153
2924,-0.266451,0.818095,-0.502371,-0.279899,0.0512067,-0.0843573,0.978906
2925,-0.204479,0.856074,-0.478247,-0.196001,0.0517293,-0.0600213,0.988349
2926,0.740551,-0.492188,-0.85726,-0.15118,0.0520827,-0.0432113,0.99284
2927,0.767986,-0.464526,-0.884667,-0.0397498,0.0522613,-0.017404,0.996805
2928,0.748943,-0.46934,-0.875718,0.113304,0.130354,0.00870199,0.990201
2929,-0.17395,0.883927,-0.467493,-0.0110637,0.12982,0.0432113,0.985693
2930,0.758882,-0.43136,-0.836904,0.336928,0.129115,0.0600213,0.981244
2931,-0.739555,-0.930924,0.358851,-0.0678721,0.127853,0.0843573,0.971871
2932,-0.028804,0.952149,-0.293652,0.084742,0.12581,0.114501,0.954602
2933,-0.674467,-0.962751,0.248894,-0.105653,0.124153,0.128309,0.944138
2934,0.0612087,0.978403,-0.183624,0.0949201,0.121262,0.152921,0.919715
2935,-0.60732,-0.985312,0.141203,-0.0960292,0.119102,0.163515,0.906077
2936,0.146128,0.992957,-0.0933576,0.0729487,0.115561,0.180919,0.876165
2937,0.180145,0.996401,-0.0599869,0.0598932,0.112398,0.190381,0.852052
2938,-0.555095,-0.997831,0.0344402,-0.0560913,0.109769,0.194885,0.835449
2939,0.229743,0.999116,-0.0103633,0.0407388,0.105716,0.199429,0.801205
2940,-0.553144,-0.999345,-0.00997783,-0.0347857,0.102993,0.199429,0.784017
2941,0.265849,0.999257,0.0285082,0.025933,0.09894,0.194885,0.749773
2942,-0.569599,-0.998738,-0.0463732,-0.0192629,0.09631,0.190381,0.733169
2943,-0.590415,-0.997539,-0.0673782,-0.0194075,0.0931466,0.180919,0.709056
2944,0.286922,0.995747,0.0903145,0.018181,0.0896066,0.163515,0.679145
2945,-0.633695,-0.993581,-0.11253,-0.0115629,0.0874466,0.152921,0.665507
2946,-0.662193,-0.989978,-0.141033,-0.0072635,0.0850073,0.134865,0.646817
2947,0.258981,0.98264,0.185336,0.00832168,0.0825186,0.107251,0.625791
2948,0.228847,0.972317,0.233666,0.000855071,0.0808546,0.0843573,0.613352
2949,-0.779272,-0.964802,-0.26181,0.0247665,0.0798133,0.0682786,0.606774
2950,0.151752,0.94004,0.338273,-0.0435437,0.0787553,0.0346586,0.597834
2951,0.677998,-0.367194,0.924258,0.104478,0.0783993,0.017404,0.59559
2952,0.0340663,0.880877,0.453921,-0.134209,0.0783993,-0.017404,0.59559
2953,0.55366,-0.507576,0.854437,-0.110926,0.0787553,-0.0346586,0.597834
2954,-0.106657,0.794838,0.539255,-0.278274,0.0798133,-0.0682786,0.606774
2955,0.448205,-0.627203,0.724704,-0.285343,0.0808546,-0.0843573,0.613352
2956,0.412,-0.671572,0.649239,-0.357044,0.0825186,-0.107251,0.625791
2957,-0.241333,0.699148,0.493048,-0.51778,0.0850073,-0.134865,0.646817
2958,-0.273714,0.67676,0.442778,-0.588169,0.0874466,-0.152921,0.665507
2959,0.374902,-0.745591,0.408319,-0.526659,0.0896066,-0.163515,0.679145
2960,-0.320191,0.648896,0.304209,-0.697417,0.0931466,-0.180919,0.709056
2961,-0.341839,0.63796,0.223136,-0.737033,0.09631,-0.190381,0.733169
2962,0.393362,-0.770925,0.140832,-0.621161,0.09894,-0.194885,0.749773
2963,-0.358723,0.639827,0.0450698,-0.767196,0.102993,-0.199429,0.784017
2964,0.428775,-0.764912,-0.0477676,-0.642361,0.105716,-0.199429,0.801205
2965,-0.359216,0.65788,-0.131218,-0.741604,0.109769,-0.194885,0.835449
2966,0.47587,-0.743299,-0.240269,-0.624322,0.112398,-0.190381,0.852052
2967,0.510722,-0.721342,-0.338097,-0.604446,0.115561,-0.180919,0.876165
2968,-0.30645,0.726721,-0.339461,-0.597196,0.119102,-0.163515,0.906077
2969,0.593655,-0.659295,-0.531476,-0.531849,0.121262,-0.152921,0.919715
2970,-0.22544,0.798674,-0.401192,-0.448514,0.124153,-0.128309,0.944138
2971,0.699289,-0.566092,-0.713559,-0.412764,0.12581,-0.114501,0.954602
2972,-0.164156,0.850668,-0.423857,-0.31098,0.127853,-0.0843573,0.971871
2973,-0.106697,0.886199,-0.396168,-0.240213,0.129115,-0.0600213,0.981244
2974,-0.761063,-0.889524,0.416162,0.188563,0.12982,-0.0432113,0.985693
2975,-0.164422,0.874349,-0.466358,-0.134252,0.130354,-0.00870199,0.990201
2976,0.596749,-0.585118,-0.793068,0.16935,0.207642,0.00870199,0.976921
2977,-0.27626,0.831399,-0.553114,-0.0532975,0.206756,0.0432113,0.972469
2978,-0.238937,0.862456,-0.506119,0.00350063,0.205266,0.0682786,0.96532
2979,0.719893,-0.415105,-0.777155,0.472987,0.203711,0.0843573,0.958844
2980,-0.126363,0.927454,-0.368053,0.0660791,0.200319,0.114501,0.941788
2981,-0.774552,-0.942927,0.318551,-0.0970256,0.197846,0.128309,0.931486
2982,-0.0139799,0.970126,-0.230698,0.0750589,0.193048,0.152921,0.907365
2983,-0.685965,-0.979504,0.182984,-0.0841907,0.189825,0.163515,0.893939
2984,-0.655442,-0.989067,0.129451,-0.0706337,0.185172,0.177061,0.872123
2985,-0.634981,-0.994751,0.0849253,-0.0570734,0.180195,0.187579,0.848763
2986,-0.627564,-0.997645,0.0482571,-0.0487382,0.174979,0.194885,0.824261
2987,0.166646,0.999578,-0.0144202,0.0252009,0.168251,0.199429,0.790441
2988,-0.615786,-0.999726,-0.0140076,-0.018762,0.164189,0.199429,0.773519
2989,0.204646,0.999161,0.0402673,0.00748971,0.157461,0.194885,0.739699
2990,-0.629917,-0.997852,-0.0654818,0.0019342,0.153537,0.190381,0.723353
2991,-0.646684,-0.995736,-0.0918784,0.00826582,0.148492,0.180919,0.699563
2992,0.231917,0.992634,0.120343,-0.0139508,0.142616,0.163515,0.670021
2993,-0.686404,-0.988842,-0.146621,0.0263497,0.139393,0.152921,0.656595
2994,0.218818,0.981533,0.189532,-0.0259094,0.134595,0.128309,0.632475
2995,0.204664,0.972685,0.229074,-0.0375312,0.131363,0.107251,0.617388
2996,0.782243,-0.203801,0.857971,0.471541,0.129332,0.0921786,0.608926
2997,0.161929,0.946273,0.313356,-0.0798515,0.126736,0.0600213,0.595872
2998,0.117865,0.922932,0.369276,-0.108772,0.125417,0.0346586,0.589812
2999,0.659891,-0.374371,0.917292,0.135724,0.124887,0.017404,0.587604
3000,0.0286764,0.865162,0.458687,-0.202734,0.124887,-0.017404,0.587604
3001,0.568012,-0.502666,0.861263,-0.074524,0.125417,-0.0346586,0.589812
3002,0.519172,-0.56804,0.80612,-0.165839,0.126736,-0.0600213,0.595872
3003,-0.111807,0.758177,0.509583,-0.406807,0.129332,-0.0921786,0.608926
3004,0.462712,-0.661249,0.674739,-0.327837,0.131363,-0.107251,0.617388
3005,0.446409,-0.696489,0.598377,-0.396042,0.134595,-0.128309,0.632475
3006,-0.223887,0.665934,0.417885,-0.617984,0.139393,-0.152921,0.656595
3007,0.427938,-0.751154,0.427732,-0.502805,0.142616,-0.163515,0.670021
3008,-0.264977,0.635493,0.286004,-0.717182,0.148492,-0.180919,0.699563
3009,-0.281898,0.625879,0.208861,-0.751433,0.153537,-0.190381,0.723353
3010,0.454494,-0.780635,0.148833,-0.607008,0.157461,-0.194885,0.739699
3011,-0.295176,0.628321,0.0419596,-0.776822,0.164189,-0.199429,0.773519
3012,0.493753,-0.773421,-0.0505763,-0.631872,0.168251,-0.199429,0.790441
3013,-0.289855,0.651733,-0.120883,-0.748753,0.174979,-0.194885,0.824261
3014,-0.279519,0.671023,-0.193943,-0.715622,0.180195,-0.187579,0.848763
3015,-0.256421,0.700089,-0.255393,-0.66682,0.185172,-0.177061,0.872123
3016,-0.225459,0.734225,-0.302732,-0.607674,0.189825,-0.163515,0.893939
3017,-0.182024,0.77498,-0.330799,-0.538496,0.194074,-0.147171,0.913841
3018,-0.114966,0.826039,-0.328613,-0.457901,0.197846,-0.128309,0.931486
3019,-0.763277,-0.84573,0.347589,0.404873,0.200319,-0.114501,0.941788
3020,-0.038883,0.884587,-0.321761,-0.337602,0.203711,-0.0843573,0.958844
3021,-0.651562,-0.908814,0.303857,0.28588,0.205266,-0.0682786,0.96532
3022,-0.636585,-0.921184,0.302668,0.244565,0.206756,-0.0432113,0.972469
3023,-0.287977,0.796679,-0.571523,-0.196633,0.207642,-0.00870199,0.976921
3024,-0.560924,0.624849,-0.770869,-0.123792,0.283517,0.017404,0.957063
3025,0.449903,-0.652153,-0.684737,0.325319,0.282815,0.0346586,0.954903
3026,-0.328857,0.817024,-0.575951,-0.0274155,0.280372,0.0682786,0.946239
3027,0.619703,-0.464194,-0.72843,0.503898,0.278313,0.0843573,0.939905
3028,-0.209693,0.902348,-0.428859,0.0429954,0.273593,0.114501,0.923167
3029,-0.161709,0.930731,-0.359855,0.0651401,0.268977,0.134865,0.907501
3030,0.760202,-0.251395,-0.5889,0.768113,0.265175,0.147171,0.895797
3031,-0.765941,-0.971649,0.224363,-0.074559,0.259378,0.163515,0.876291
3032,-0.736749,-0.984331,0.16337,-0.0663478,0.253027,0.177061,0.854906
3033,-0.712262,-0.992707,0.108626,-0.0522897,0.246233,0.187579,0.832009
3034,0.0727377,0.997976,-0.0586397,0.0246002,0.237113,0.196587,0.799675
3035,0.105142,0.9998,-0.0183195,0.00802858,0.22975,0.199429,0.774803
3036,-0.678195,-0.999835,-0.0179742,-0.00253082,0.224373,0.199429,0.758252
3037,0.142067,0.998595,0.0521327,-0.00951876,0.215013,0.194885,0.725065
3038,0.158061,0.996165,0.0848104,-0.0215161,0.20789,0.187579,0.701047
3039,0.168821,0.992536,0.117532,-0.0325339,0.201095,0.177061,0.678151
3040,0.173228,0.987477,0.151963,-0.042374,0.194745,0.163515,0.656766
3041,0.173655,0.980719,0.187714,-0.0543433,0.188948,0.147171,0.637259
3042,-0.773361,-0.972361,-0.222105,0.0720001,0.185145,0.134865,0.625555
3043,0.157797,0.960051,0.266273,-0.0860325,0.179398,0.107251,0.605178
3044,0.741012,-0.205384,0.846419,0.491317,0.176709,0.0921786,0.596902
3045,0.119721,0.926291,0.35078,-0.137615,0.173096,0.0600213,0.584092
3046,0.668493,-0.324622,0.903978,0.278288,0.171705,0.0432113,0.579808
3047,0.0680927,0.879037,0.423415,-0.219122,0.170473,0.00870199,0.575438
3048,0.603732,-0.443816,0.893802,0.0643834,0.170473,-0.00870199,0.575438
3049,0.000273889,0.817429,0.473321,-0.328294,0.171705,-0.0432113,0.579808
3050,0.546935,-0.55759,0.819625,-0.131561,0.173096,-0.0600213,0.584092
3051,-0.0778882,0.745377,0.484257,-0.458158,0.176709,-0.0921786,0.596902
3052,0.504257,-0.655562,0.694371,-0.296795,0.179398,-0.107251,0.605178
3053,-0.137572,0.685597,0.431556,-0.586273,0.185145,-0.134865,0.625555
3054,0.485065,-0.727586,0.535498,-0.42879,0.188948,-0.147171,0.637259
3055,0.485117,-0.752913,0.447321,-0.482728,0.194745,-0.163515,0.656766
3056,0.489347,-0.772428,0.353996,-0.527296,0.201095,-0.177061,0.678151
3057,0.500289,-0.784374,0.256878,-0.564599,0.20789,-0.187579,0.701047
3058,0.51678,-0.789306,0.156412,-0.593744,0.215013,-0.194885,0.725065
3059,-0.232261,0.616174,0.0387155,-0.786658,0.224373,-0.199429,0.758252
3060,0.556179,-0.783394,-0.053073,-0.619255,0.22975,-0.199429,0.774803
3061,-0.217218,0.64782,-0.109433,-0.753892,0.23911,-0.194885,0.807992
3062,-0.197672,0.674955,-0.172319,-0.717456,0.246233,-0.187579,0.832009
3063,-0.169269,0.708817,-0.222952,-0.669232,0.253027,-0.177061,0.854906
3064,-0.131418,0.748272,-0.257629,-0.611323,0.259378,-0.163515,0.876291
3065,-0.0755686,0.796259,-0.26829,-0.542211,0.265175,-0.147171,0.895797
3066,-0.721137,-0.825374,0.28171,0.489282,0.268977,-0.134865,0.907501
3067,-0.669281,-0.858389,0.275168,0.432956,0.273593,-0.114501,0.923167
3068,0.0855996,0.905515,-0.215316,-0.365625,0.278313,-0.0843573,0.939905
3069,-0.529254,-0.924741,0.192159,0.328526,0.280372,-0.0682786,0.946239
3070,0.345015,0.963393,0.0217094,-0.267211,0.282815,-0.0346586,0.954903
3071,-0.058115,-0.933795,-0.260154,0.245654,0.283517,-0.017404,0.957063
3072,-0.684039,0.521348,-0.842843,-0.133458,0.357733,0.017404,0.931869
3073,0.296665,-0.724649,-0.569526,0.387975,0.356864,0.0346586,0.92977
3074,0.450575,-0.592094,-0.662961,0.458155,0.354615,0.0600213,0.923991
3075,-0.333338,0.834357,-0.550916,-0.0184497,0.350008,0.0921786,0.911503
3076,-0.280417,0.878138,-0.478131,0.0163004,0.345181,0.114501,0.898856
3077,-0.228062,0.914435,-0.402858,0.0389195,0.33935,0.134865,0.883599
3078,-0.161926,0.946883,-0.31927,0.0384493,0.332614,0.152921,0.865995
3079,-0.110183,0.968295,-0.247107,0.0366518,0.32509,0.168359,0.846343
3080,-0.069786,0.982338,-0.183874,0.034689,0.316905,0.180919,0.82498
3081,-0.0204534,0.992434,-0.121745,0.0158961,0.3082,0.190381,0.802272
3082,0.0168403,0.997619,-0.0689519,0.00116788,0.299124,0.196587,0.778607
3083,0.0423763,0.999722,-0.0222274,-0.00781769,0.289832,0.199429,0.754389
3084,0.0621769,0.999635,0.0217199,-0.0160465,0.280484,0.198859,0.730035
3085,0.0823758,0.997567,0.0632682,-0.0292869,0.271237,0.194885,0.70596
3086,0.096886,0.993753,0.103613,-0.0414649,0.262253,0.187579,0.682575
3087,0.111031,0.988171,0.141979,-0.0579676,0.253683,0.177061,0.660282
3088,-0.77988,-0.980809,-0.179992,0.0749413,0.247915,0.168359,0.646358
3089,0.11704,0.970876,0.223196,-0.0870846,0.238365,0.147171,0.620471
3090,0.744439,-0.110105,0.705787,0.699815,0.233655,0.134865,0.609102
3091,0.111341,0.94382,0.302581,-0.132851,0.226327,0.107251,0.589238
3092,0.0999164,0.925377,0.343075,-0.16117,0.221805,0.0843573,0.577529
3093,0.0825729,0.902934,0.383202,-0.194592,0.21839,0.0600213,0.56871
3094,0.640114,-0.326931,0.892825,0.309804,0.216666,0.0432113,0.564549
3095,0.0536953,0.853608,0.436388,-0.284464,0.215095,0.00870199,0.56029
3096,0.602177,-0.438679,0.893115,0.0995273,0.215095,-0.00870199,0.56029
3097,0.0123714,0.79527,0.462905,-0.39149,0.216666,-0.0432113,0.564549
3098,0.570008,-0.548607,0.830344,-0.0977756,0.21839,-0.0600213,0.56871
3099,0.558077,-0.59919,0.778275,-0.187774,0.221805,-0.0843573,0.577529
3100,0.545943,-0.648005,0.712838,-0.268239,0.226327,-0.107251,0.589238
3101,-0.0886378,0.672195,0.400916,-0.62243,0.233655,-0.134865,0.609102
3102,0.53859,-0.725275,0.555334,-0.406916,0.238365,-0.147171,0.620471
3103,-0.134596,0.623507,0.306822,-0.719096,0.247915,-0.168359,0.646358
3104,0.545538,-0.778462,0.368355,-0.508243,0.253683,-0.177061,0.660282
3105,0.560562,-0.791497,0.268072,-0.549245,0.262253,-0.187579,0.682575
3106,0.575633,-0.799765,0.163014,-0.577757,0.271237,-0.194885,0.70596
3107,0.59709,-0.799144,0.0550122,-0.598618,0.280484,-0.198859,0.730035
3108,0.61816,-0.793392,-0.0553495,-0.606189,0.289832,-0.199429,0.754389
3109,0.646402,-0.777643,-0.16679,-0.606178,0.299124,-0.196587,0.778607
3110,0.685528,-0.748958,-0.279513,-0.600778,0.3082,-0.190381,0.802272
3111,0.736383,-0.705607,-0.393433,-0.589346,0.316905,-0.180919,0.82498
3112,0.780743,-0.659619,-0.503021,-0.558456,0.32509,-0.168359,0.846343
3113,-0.730774,-0.770363,0.249217,0.586883,0.332614,-0.152921,0.865995
3114,-0.653598,-0.820653,0.234012,0.521313,0.33935,-0.134865,0.883599
3115,-0.591582,-0.857459,0.213409,0.468209,0.345181,-0.114501,0.898856
3116,-0.528496,-0.888933,0.178653,0.421759,0.350008,-0.0921786,0.911503
3117,0.301706,0.935356,-0.0219819,-0.353024,0.354615,-0.0600213,0.923991
3118,0.515378,0.933761,0.187648,-0.304761,0.356864,-0.0346586,0.92977
3119,-0.0530705,-0.910506,-0.265011,0.317408,0.357733,-0.017404,0.931869
3120,0.122635,-0.808124,-0.429099,0.403497,0.429962,0.00870199,0.901455
3121,-0.657751,0.573198,-0.814905,-0.0858738,0.428062,0.0432113,0.897333
3122,0.322852,-0.643041,-0.571433,0.509866,0.426017,0.0600213,0.893319
3123,0.463165,-0.506835,-0.637926,0.579801,0.421921,0.0843573,0.884795
3124,-0.351983,0.850731,-0.525569,-0.00579911,0.41464,0.114501,0.869003
3125,-0.284329,0.898973,-0.437929,0.00814087,0.40763,0.134865,0.854251
3126,0.637939,-0.243374,-0.548284,0.800096,0.402043,0.147171,0.843286
3127,0.682352,-0.166446,-0.477336,0.862813,0.393266,0.163515,0.824927
3128,-0.1234,0.978701,-0.205188,0.00658697,0.380656,0.180919,0.797573
3129,0.737648,-0.0532981,-0.287416,0.956322,0.373356,0.187579,0.783247
3130,0.757404,-0.0109166,-0.177001,0.98415,0.362564,0.194885,0.760639
3131,0.768439,0.0174476,-0.0599647,0.998048,0.351457,0.198859,0.737363
3132,0.00452884,0.998995,0.0252433,-0.0370399,0.336896,0.198859,0.705777
3133,0.768141,0.034216,0.180572,0.982966,0.329062,0.196587,0.690404
3134,0.0369585,0.990618,0.121665,-0.0622394,0.314998,0.187579,0.659895
3135,0.0510617,0.982667,0.166848,-0.0807913,0.304706,0.177061,0.638343
3136,0.0574256,0.972196,0.212718,-0.0979075,0.295088,0.163515,0.618216
3137,0.0600101,0.958848,0.258217,-0.118044,0.286311,0.147171,0.599856
3138,0.689531,-0.106761,0.690457,0.715452,0.280724,0.134865,0.588891
3139,0.0591585,0.923276,0.34257,-0.1738,0.27186,0.107251,0.569663
3140,0.054155,0.900858,0.380624,-0.208759,0.266434,0.0843573,0.558346
3141,0.0462796,0.875433,0.414374,-0.24882,0.262337,0.0600213,0.549822
3142,0.610392,-0.327082,0.880366,0.343472,0.260293,0.0432113,0.545809
3143,0.605526,-0.377799,0.894596,0.238674,0.25861,0.017404,0.542213
3144,0.0359471,0.79713,0.45224,-0.400079,0.25861,-0.017404,0.542213
3145,0.0263049,0.76902,0.450803,-0.453194,0.260293,-0.0432113,0.545809
3146,0.592548,-0.537961,0.840392,-0.0658729,0.262337,-0.0600213,0.549822
3147,0.00192847,0.713919,0.422506,-0.558398,0.26791,-0.0921786,0.56191
3148,0.590716,-0.636914,0.7313,-0.244011,0.27186,-0.107251,0.569663
3149,-0.0379388,0.656837,0.368147,-0.658053,0.280724,-0.134865,0.588891
3150,0.592299,-0.721951,0.57363,-0.386957,0.286311,-0.147171,0.599856
3151,0.596766,-0.755658,0.481312,-0.444207,0.295088,-0.163515,0.618216
3152,0.604237,-0.782404,0.382108,-0.491769,0.304706,-0.177061,0.638343
3153,0.619498,-0.799008,0.278074,-0.533161,0.314998,-0.187579,0.659895
3154,-0.110553,0.581723,0.0975093,-0.807521,0.329062,-0.196587,0.690404
3155,0.653873,-0.811872,0.0569405,-0.581053,0.336896,-0.198859,0.705777
3156,-0.107801,0.59952,-0.031193,-0.799751,0.351457,-0.198859,0.737363
3157,-0.0941039,0.622225,-0.0887497,-0.777791,0.362564,-0.194885,0.760639
3158,-0.0715736,0.653297,-0.136798,-0.744641,0.373356,-0.187579,0.783247
3159,-0.779991,-0.675184,0.181016,0.715094,0.380656,-0.180919,0.797573
3160,-0.00861122,0.72791,-0.195346,-0.657257,0.393266,-0.163515,0.824927
3161,0.0427117,0.774254,-0.195309,-0.601984,0.402043,-0.147171,0.843286
3162,-0.60155,-0.804502,0.196501,0.560503,0.40763,-0.134865,0.854251
3163,-0.517782,-0.849607,0.153562,0.504565,0.41464,-0.114501,0.869003
3164,0.261854,0.893929,-0.0592924,-0.44427,0.421921,-0.0843573,0.884795
3165,0.433,0.917342,0.102165,-0.384766,0.426017,-0.0600213,0.893319
3166,-0.142436,-0.908041,-0.176026,0.3801,0.428062,-0.0432113,0.897333
3167,0.673204,0.862076,0.343408,-0.372687,0.429962,-0.00870199,0.901455
3168,0.0842631,-0.7889,-0.394221,0.471409,0.499364,0.00870199,0.864941
3169,-0.69691,0.537926,-0.83566,-0.110941,0.497146,0.0432113,0.860981
3170,-0.601031,0.649875,-0.756838,-0.0697096,0.49352,0.0682786,0.854643
3171,0.379857,-0.52245,-0.583243,0.621992,0.49004,0.0843573,0.848965
3172,-0.427501,0.819511,-0.572689,-0.0206841,0.481543,0.114501,0.833791
3173,0.507298,-0.338684,-0.56232,0.75438,0.476008,0.128309,0.824758
3174,0.558965,-0.252597,-0.517626,0.81747,0.466967,0.147171,0.809143
3175,0.607863,-0.169188,-0.454814,0.874368,0.456776,0.163515,0.791529
3176,0.639442,-0.104566,-0.371983,0.922331,0.44561,0.177061,0.772217
3177,-0.145973,0.987237,-0.158051,-0.0195723,0.429909,0.190381,0.744181
3178,-0.106728,0.995283,-0.09094,-0.0337912,0.417243,0.196587,0.722227
3179,0.708348,0.0357464,-0.0582767,0.99766,0.408228,0.198859,0.707515
3180,-0.0531653,0.997911,0.0286853,-0.0578861,0.391233,0.198859,0.677169
3181,0.70946,0.0530223,0.175888,0.982981,0.382217,0.196587,0.662457
3182,-0.0190128,0.986634,0.13813,-0.0864514,0.365802,0.187579,0.633146
3183,0.689377,0.0210767,0.399716,0.916397,0.3574,0.180919,0.619437
3184,0.671943,-0.0125191,0.500825,0.865458,0.345975,0.168359,0.599617
3185,0.65366,-0.0534333,0.592524,0.803779,0.335469,0.152921,0.581384
3186,0.63561,-0.100317,0.673407,0.732434,0.326062,0.134865,0.56505
3187,0.616704,-0.153572,0.741331,0.653333,0.317917,0.114501,0.550894
3188,0.00983874,0.873094,0.416239,-0.253874,0.30942,0.0843573,0.53572
3189,0.0107921,0.84414,0.444323,-0.300009,0.304667,0.0600213,0.527544
3190,0.578089,-0.325646,0.865954,0.379577,0.302314,0.0432113,0.523704
3191,0.587585,-0.37212,0.886522,0.274964,0.300355,0.017404,0.520252
3192,0.0361734,0.763373,0.452042,-0.461432,0.300355,-0.017404,0.520252
3193,0.0457913,0.740428,0.43375,-0.513447,0.302314,-0.0432113,0.523704
3194,0.616061,-0.524828,0.850417,-0.036699,0.304667,-0.0600213,0.527544
3195,0.625794,-0.575796,0.806681,-0.133134,0.30942,-0.0843573,0.53572
3196,0.0285104,0.664367,0.365638,-0.651863,0.317917,-0.114501,0.550894
3197,0.0140962,0.639211,0.333541,-0.692936,0.326062,-0.134865,0.56505
3198,-0.00188051,0.615794,0.295254,-0.730495,0.335469,-0.152921,0.581384
3199,-0.0181248,0.595246,0.250875,-0.763377,0.345975,-0.168359,0.599617
3200,-0.0346333,0.577689,0.20133,-0.791038,0.3574,-0.180919,0.619437
3201,0.674355,-0.808507,0.286523,-0.514025,0.365802,-0.187579,0.633146
3202,-0.0524787,0.565096,0.0875257,-0.820369,0.382217,-0.196587,0.662457
3203,0.710822,-0.824079,0.0586904,-0.563426,0.391233,-0.198859,0.677169
3204,-0.0480889,0.584382,-0.0277016,-0.811006,0.408228,-0.198859,0.707515
3205,0.768238,-0.796185,-0.177891,-0.578311,0.417243,-0.196587,0.722227
3206,-0.76049,-0.628993,0.123092,0.767604,0.429909,-0.190381,0.744181
3207,0.0312008,0.68521,-0.142352,-0.714299,0.44561,-0.177061,0.772217
3208,0.0672798,0.724219,-0.155331,-0.671848,0.456776,-0.163515,0.791529
3209,0.123369,0.771355,-0.143919,-0.619918,0.466967,-0.147171,0.809143
3210,0.176075,0.809531,-0.120656,-0.574545,0.476008,-0.128309,0.824758
3211,-0.44545,-0.836192,0.0940761,0.540309,0.481543,-0.114501,0.833791
3212,0.341764,0.875384,0.0123437,-0.483271,0.49004,-0.0843573,0.848965
3213,-0.23864,-0.882774,-0.0816071,0.462655,0.49352,-0.0682786,0.854643
3214,-0.124629,-0.874168,-0.193174,0.445549,0.497146,-0.0432113,0.860981
3215,0.678757,0.828685,0.348605,-0.4379,0.499364,-0.00870199,0.864941
3216,0.774847,0.731759,0.436697,-0.523282,0.565389,0.017404,0.82261
3217,-0.716666,0.514625,-0.845629,-0.141681,0.563166,0.0432113,0.819322
3218,-0.622535,0.63029,-0.76889,-0.107435,0.559053,0.0682786,0.813287
3219,0.334956,-0.504227,-0.55207,0.664058,0.555138,0.0843573,0.807899
3220,-0.476536,0.797278,-0.601567,-0.0496467,0.545477,0.114501,0.79344
3221,-0.424082,0.854534,-0.518833,-0.0241696,0.536245,0.134865,0.779967
3222,-0.36634,0.902814,-0.429795,-0.0142657,0.525586,0.152921,0.764421
3223,0.537461,-0.166372,-0.43122,0.886775,0.51747,0.163515,0.753251
3224,-0.255698,0.966603,-0.255134,-0.0241936,0.500737,0.180919,0.728206
3225,0.613426,-0.0250923,-0.267312,0.963283,0.491286,0.187579,0.715198
3226,0.628849,0.0158605,-0.164988,0.986168,0.47709,0.194885,0.694557
3227,0.640894,0.0467649,-0.0561295,0.997328,0.46248,0.198859,0.673305
3228,0.645342,0.0627579,0.0566628,0.996419,0.447704,0.199429,0.651806
3229,0.644274,0.0655394,0.17,0.983262,0.433015,0.196587,0.630427
3230,0.6384,0.0556752,0.281078,0.958069,0.418664,0.190381,0.609535
3231,0.628769,0.0342689,0.387482,0.92124,0.404899,0.180919,0.589486
3232,-0.0545182,0.951122,0.268761,-0.152102,0.388166,0.163515,0.564442
3233,0.601516,-0.0387218,0.576621,0.816093,0.38005,0.152921,0.553272
3234,-0.0438349,0.903735,0.372017,-0.211815,0.366386,0.128309,0.532824
3235,0.566186,-0.146188,0.721364,0.676951,0.360159,0.114501,0.524252
3236,0.552992,-0.204631,0.776034,0.596571,0.352513,0.0921786,0.513082
3237,0.544374,-0.264113,0.818391,0.510373,0.346583,0.0682786,0.504405
3238,-0.0136464,0.776153,0.485252,-0.402638,0.341582,0.0346586,0.49692
3239,0.562027,-0.368614,0.874526,0.315162,0.340247,0.017404,0.495082
3240,0.0384922,0.72575,0.449971,-0.520398,0.340247,-0.017404,0.495082
3241,0.618628,-0.457983,0.883902,0.0947072,0.341582,-0.0346586,0.49692
3242,0.0804268,0.687065,0.385078,-0.616163,0.346583,-0.0682786,0.504405
3243,0.082865,0.664954,0.357166,-0.655949,0.352513,-0.0921786,0.513082
3244,0.0760542,0.641007,0.329725,-0.693103,0.360159,-0.114501,0.524252
3245,0.689928,-0.665563,0.690578,-0.283067,0.366386,-0.128309,0.532824
3246,0.0499173,0.594453,0.264336,-0.759442,0.38005,-0.152921,0.553272
3247,0.707019,-0.757081,0.508975,-0.4096,0.388166,-0.163515,0.564442
3248,0.0257356,0.562517,0.177177,-0.807578,0.404899,-0.180919,0.589486
3249,0.0172298,0.554755,0.127514,-0.822184,0.418664,-0.190381,0.609535
3250,0.0125317,0.553764,0.0760036,-0.829198,0.433015,-0.196587,0.630427
3251,0.0129551,0.560515,0.0247336,-0.827775,0.447704,-0.199429,0.651806
3252,0.0193668,0.575309,-0.0236391,-0.817594,0.46248,-0.198859,0.673305
3253,0.0339033,0.599077,-0.0658273,-0.797981,0.47709,-0.194885,0.694557
3254,0.0521402,0.627107,-0.0998346,-0.772509,0.491286,-0.187579,0.715198
3255,-0.646956,-0.655514,0.125848,0.744623,0.500737,-0.180919,0.728206
3256,0.137194,0.714861,-0.117665,-0.689296,0.51747,-0.163515,0.753251
3257,-0.525454,-0.742079,0.11948,0.659578,0.525586,-0.152921,0.764421
3258,0.245039,0.794246,-0.0692316,-0.603639,0.539249,-0.128309,0.784869
3259,-0.393639,-0.810927,0.0511674,0.582906,0.545477,-0.114501,0.79344
3260,0.378136,0.842724,0.0449664,-0.536464,0.555138,-0.0843573,0.807899
3261,-0.231123,-0.844524,-0.0886954,0.528122,0.559053,-0.0682786,0.813287
3262,-0.122996,-0.836423,-0.194748,0.512317,0.563166,-0.0432113,0.819322
3263,-0.035435,-0.807859,-0.281944,0.517563,0.565389,-0.017404,0.82261
3264,0.0703973,-0.710202,-0.381474,0.591685,0.628522,0.00870199,0.776176
3265,-0.748252,0.482208,-0.860904,-0.162235,0.625712,0.0432113,0.772611
3266,0.222539,-0.567021,-0.492934,0.659927,0.622787,0.0600213,0.769185
3267,0.292144,-0.480078,-0.521305,0.705525,0.616814,0.0843573,0.761853
3268,0.342495,-0.398599,-0.519426,0.755854,0.608896,0.107251,0.752117
3269,-0.460277,0.84053,-0.538198,-0.0620634,0.595787,0.134865,0.735489
3270,-0.415567,0.890018,-0.453887,-0.0430652,0.583942,0.152921,0.720827
3271,-0.355899,0.931448,-0.360798,-0.0472196,0.570712,0.168359,0.704462
3272,-0.310491,0.960335,-0.274553,-0.0487684,0.556327,0.180919,0.686674
3273,0.55388,-0.00775267,-0.256199,0.966593,0.545885,0.187579,0.674447
3274,-0.236331,0.991704,-0.112507,-0.0621646,0.525086,0.196587,0.648065
3275,-0.20483,0.996512,-0.0366249,-0.0749821,0.508766,0.199429,0.627904
3276,-0.180879,0.995532,0.0359512,-0.0873133,0.492348,0.198859,0.60763
3277,-0.160251,0.989038,0.105791,-0.103015,0.476115,0.194885,0.587591
3278,-0.138603,0.97702,0.171793,-0.126169,0.460344,0.187579,0.568128
3279,-0.122724,0.960271,0.235223,-0.150168,0.445305,0.177061,0.549574
3280,-0.111996,0.938772,0.296264,-0.175884,0.431254,0.163515,0.532247
3281,-0.103892,0.912376,0.353789,-0.205919,0.418433,0.147171,0.516444
3282,-0.0996035,0.881075,0.407875,-0.239468,0.407062,0.128309,0.502435
3283,0.512231,-0.138463,0.697997,0.702587,0.400181,0.114501,0.494379
3284,-0.0801586,0.808328,0.485977,-0.332314,0.389415,0.0843573,0.480722
3285,-0.067823,0.769245,0.508627,-0.38673,0.383442,0.0600213,0.47339
3286,-0.0462003,0.732567,0.512731,-0.447719,0.379516,0.0346586,0.468588
3287,0.528806,-0.366062,0.858087,0.36012,0.378041,0.017404,0.46686
3288,0.0478942,0.686339,0.441587,-0.577876,0.378041,-0.017404,0.46686
3289,0.629908,-0.441724,0.888639,0.123291,0.379516,-0.0346586,0.468588
3290,0.674993,-0.486816,0.87348,0.00648862,0.383442,-0.0600213,0.47339
3291,0.706183,-0.540526,0.835577,-0.0981925,0.389415,-0.0843573,0.480722
3292,0.128263,0.616593,0.289444,-0.732144,0.400181,-0.114501,0.494379
3293,0.743901,-0.654525,0.70566,-0.27137,0.407062,-0.128309,0.502435
3294,0.753459,-0.709332,0.618457,-0.338168,0.418433,-0.147171,0.516444
3295,0.763716,-0.756604,0.520816,-0.395349,0.431254,-0.163515,0.532247
3296,0.775971,-0.794716,0.414656,-0.443268,0.445305,-0.177061,0.549574
3297,-0.777609,-0.534489,-0.111101,0.837842,0.460344,-0.187579,0.568128
3298,-0.754768,-0.535872,-0.0655545,0.841751,0.476115,-0.194885,0.587591
3299,-0.733063,-0.540368,-0.0213981,0.841157,0.492348,-0.198859,0.60763
3300,-0.707483,-0.552096,0.0205265,0.833528,0.508766,-0.199429,0.627904
3301,-0.673574,-0.574216,0.0569147,0.816723,0.525086,-0.196587,0.648065
3302,0.110921,0.610632,-0.0816977,-0.787689,0.545885,-0.187579,0.674447
3303,-0.593469,-0.634591,0.102972,0.765957,0.556327,-0.180919,0.686674
3304,-0.54477,-0.67118,0.107314,0.733485,0.570712,-0.168359,0.704462
3305,-0.4862,-0.711051,0.093927,0.696839,0.583942,-0.152921,0.720827
3306,-0.420319,-0.748738,0.0624349,0.659919,0.595787,-0.134865,0.735489
3307,0.361746,0.795168,0.0246663,-0.605887,0.608896,-0.107251,0.752117
3308,0.416162,0.806366,0.0789864,-0.586119,0.616814,-0.0843573,0.761853
3309,0.489675,0.807295,0.155317,-0.569342,0.622787,-0.0600213,0.769185
3310,-0.105865,-0.792881,-0.211192,0.571609,0.625712,-0.0432113,0.772611
3311,0.652021,0.756019,0.323487,-0.569027,0.628522,-0.00870199,0.776176
3312,0.0550356,-0.66645,-0.36727,0.648812,0.687483,0.00870199,0.72447
3313,-0.78478,0.446454,-0.877492,-0.175175,0.684402,0.0432113,0.721136
3314,0.171424,-0.54188,-0.450974,0.709217,0.681217,0.0600213,0.717951
3315,0.245836,-0.453833,-0.486944,0.746271,0.674687,0.0843573,0.71111
3316,-0.583456,0.746327,-0.659418,-0.0903507,0.662882,0.114501,0.698341
3317,0.359523,-0.276098,-0.482625,0.83117,0.65539,0.128309,0.690849
3318,-0.459886,0.877042,-0.474649,-0.0742006,0.638696,0.152921,0.672789
3319,0.445921,-0.110126,-0.397355,0.911033,0.628934,0.163515,0.663026
3320,-0.368259,0.953225,-0.294135,-0.0696168,0.608488,0.180919,0.640908
3321,0.493431,0.00914185,-0.243985,0.969736,0.597118,0.187579,0.629539
3322,0.509037,0.0520012,-0.151323,0.987116,0.579869,0.194885,0.611372
3323,0.521482,0.0842216,-0.0517107,0.995104,0.562113,0.198859,0.592668
3324,0.525297,0.0995145,0.052323,0.993659,0.544156,0.199429,0.573745
3325,-0.215564,0.985348,0.114701,-0.126229,0.520749,0.194885,0.548424
3326,-0.193384,0.970935,0.186425,-0.150102,0.5035,0.187579,0.530258
3327,0.515637,0.0710595,0.360851,0.929912,0.49213,0.180919,0.518889
3328,0.501063,0.0329498,0.452532,0.891139,0.476394,0.168359,0.502284
3329,-0.160785,0.894056,0.384862,-0.229225,0.457663,0.147171,0.482022
3330,0.471009,-0.0679023,0.609391,0.789957,0.448961,0.134865,0.47332
3331,0.456243,-0.128734,0.671602,0.729643,0.437736,0.114501,0.461457
3332,0.450704,-0.188417,0.726014,0.661364,0.428436,0.0921786,0.45162
3333,0.447355,-0.252291,0.768397,0.588146,0.421222,0.0682786,0.443978
3334,0.456505,-0.312486,0.803688,0.506397,0.416216,0.0432113,0.438661
3335,-0.0324157,0.653081,0.51194,-0.558035,0.413135,0.00870199,0.435327
3336,0.563966,-0.391316,0.875454,0.283641,0.413135,-0.00870199,0.435327
3337,0.130368,0.635412,0.357884,-0.68423,0.416216,-0.0432113,0.438661
3338,0.16828,0.623645,0.307678,-0.718611,0.421222,-0.0682786,0.443978
3339,0.179796,0.606466,0.275845,-0.745726,0.428436,-0.0921786,0.45162
3340,0.185445,0.591119,0.244397,-0.768667,0.437736,-0.114501,0.461457
3341,0.17791,0.57211,0.219134,-0.790361,0.448961,-0.134865,0.47332
3342,-0.759571,-0.552614,-0.193238,0.810726,0.457663,-0.147171,0.482022
3343,0.151455,0.535772,0.163568,-0.828368,0.476394,-0.168359,0.502284
3344,0.137774,0.521781,0.130725,-0.843004,0.49213,-0.180919,0.518889
3345,-0.723644,-0.512635,-0.0946561,0.853373,0.5035,-0.187579,0.530258
3346,-0.700517,-0.514856,-0.0554857,0.855479,0.520749,-0.194885,0.548424
3347,0.131269,0.52794,0.0174026,-0.849104,0.544156,-0.199429,0.573745
3348,0.13723,0.542716,-0.0162926,-0.839758,0.562113,-0.198859,0.592668
3349,0.152724,0.567224,-0.0435735,-0.82241,0.579869,-0.194885,0.611372
3350,0.170298,0.593971,-0.0630937,-0.802008,0.597118,-0.187579,0.629539
3351,-0.537079,-0.614633,0.0785567,0.784891,0.608488,-0.180919,0.640908
3352,0.225875,0.658494,-0.0690867,-0.749408,0.628934,-0.163515,0.663026
3353,0.280284,0.700719,-0.0415574,-0.712226,0.642954,-0.147171,0.677775
3354,0.332062,0.732013,-0.00387373,-0.68128,0.65539,-0.128309,0.690849
3355,-0.291989,-0.748838,-0.0333211,0.661915,0.662882,-0.114501,0.698341
3356,0.456252,0.766672,0.114733,-0.631704,0.674687,-0.0843573,0.71111
3357,0.532332,0.763486,0.195019,-0.615676,0.681217,-0.0600213,0.717951
3358,-0.0796795,-0.744581,-0.236196,0.624348,0.684402,-0.0432113,0.721136
3359,0.654295,0.708604,0.325626,-0.625977,0.687483,-0.00870199,0.72447
3360,0.0460762,-0.616103,-0.358938,0.701128,0.742205,0.00870199,0.668297
3361,0.764945,0.552304,0.419592,-0.720349,0.738871,0.0432113,0.665215
3362,-0.743643,0.533548,-0.830042,-0.162348,0.733464,0.0682786,0.660307
3363,0.212342,-0.415117,-0.461451,0.784054,0.728399,0.0843573,0.655982
3364,-0.622362,0.725103,-0.678637,-0.116949,0.715629,0.114501,0.644179
3365,0.308182,-0.251165,-0.452388,0.855722,0.707573,0.128309,0.637298
3366,-0.503219,0.863145,-0.494041,-0.104419,0.689514,0.152921,0.620604
3367,0.391721,-0.0876593,-0.37571,0.922582,0.679015,0.163515,0.611637
3368,-0.421283,0.945662,-0.31126,-0.0940263,0.656897,0.180919,0.591192
3369,-0.3841,0.970706,-0.219659,-0.0973634,0.638832,0.190381,0.57491
3370,-0.349691,0.985884,-0.129836,-0.105715,0.620002,0.196587,0.557944
3371,-0.319104,0.992148,-0.0425756,-0.117597,0.600728,0.199429,0.540585
3372,-0.294617,0.990574,0.0419317,-0.130399,0.581341,0.198859,0.523129
3373,-0.26785,0.980695,0.122801,-0.152175,0.562173,0.194885,0.505876
3374,0.46749,0.115355,0.250403,0.961245,0.54939,0.190381,0.494958
3375,-0.239205,0.941587,0.277197,-0.191247,0.525794,0.177061,0.473147
3376,-0.225767,0.911441,0.347751,-0.219873,0.509207,0.163515,0.458232
3377,-0.215964,0.87487,0.41382,-0.251705,0.494072,0.147171,0.444628
3378,-0.211491,0.831861,0.475864,-0.285588,0.480648,0.128309,0.43257
3379,0.39814,-0.116786,0.641992,0.757765,0.472592,0.114501,0.42569
3380,0.39338,-0.178133,0.694632,0.696961,0.462549,0.0921786,0.416613
3381,-0.178967,0.676586,0.59409,-0.435073,0.452776,0.0600213,0.407578
3382,-0.157598,0.623587,0.602502,-0.498127,0.448148,0.0346586,0.40345
3383,0.430603,-0.363377,0.804007,0.470669,0.44642,0.017404,0.401974
3384,0.0675955,0.59413,0.423861,-0.683631,0.44642,-0.017404,0.401974
3385,0.701122,-0.376517,0.915917,0.139038,0.448148,-0.0346586,0.40345
3386,-0.782304,-0.585893,-0.264582,0.76598,0.452776,-0.0600213,0.407578
3387,0.241436,0.57695,0.222734,-0.785823,0.462549,-0.0921786,0.416613
3388,0.249309,0.565532,0.193172,-0.801784,0.472592,-0.114501,0.42569
3389,-0.708502,-0.547498,-0.17507,0.818289,0.480648,-0.128309,0.43257
3390,-0.703041,-0.5276,-0.157302,0.834802,0.494072,-0.147171,0.444628
3391,-0.692526,-0.512443,-0.13343,0.848292,0.509207,-0.163515,0.458232
3392,-0.678466,-0.502116,-0.105584,0.858331,0.525794,-0.177061,0.473147
3393,0.18608,0.495064,0.0760784,-0.865519,0.54939,-0.190381,0.494958
3394,-0.649207,-0.490864,-0.0458131,0.870031,0.562173,-0.194885,0.505876
3395,-0.621568,-0.501369,-0.0143782,0.865114,0.581341,-0.198859,0.523129
3396,-0.595673,-0.513691,0.0134607,0.85787,0.600728,-0.199429,0.540585
3397,-0.561712,-0.535645,0.0357098,0.843688,0.620002,-0.196587,0.557944
3398,-0.52301,-0.563131,0.0497229,0.82487,0.638832,-0.190381,0.57491
3399,-0.489365,-0.587183,0.0576986,0.807395,0.656897,-0.180919,0.591192
3400,0.281018,0.634791,-0.0385868,-0.77172,0.679015,-0.163515,0.611637
3401,-0.388902,-0.652947,0.03006,0.756807,0.689514,-0.152921,0.620604
3402,0.378774,0.698324,0.0312579,-0.715099,0.707573,-0.128309,0.637298
3403,-0.259292,-0.706646,-0.0604705,0.704979,0.715629,-0.114501,0.644179
3404,0.480615,0.720235,0.136375,-0.680194,0.728399,-0.0843573,0.655982
3405,-0.133292,-0.711292,-0.180363,0.679362,0.733464,-0.0682786,0.660307
3406,-0.0665024,-0.692916,-0.24872,0.676762,0.738871,-0.0432113,0.665215
3407,0.652893,0.657544,0.324308,-0.680045,0.742205,-0.00870199,0.668297
3408,0.0391577,-0.561049,-0.352491,0.748982,0.792351,0.00870199,0.608004
3409,0.756051,0.497668,0.411697,-0.763435,0.788786,0.0432113,0.605194
3410,-0.752491,0.515396,-0.834055,-0.19677,0.78301,0.0682786,0.600726
3411,0.1867,-0.368038,-0.441574,0.818267,0.777622,0.0843573,0.596811
3412,-0.649265,0.706665,-0.691293,-0.150791,0.763965,0.114501,0.586045
3413,-0.601586,0.783311,-0.606848,-0.134756,0.751022,0.134865,0.576083
3414,0.314962,-0.128617,-0.403512,0.90589,0.741066,0.147171,0.56885
3415,-0.501988,0.898939,-0.418533,-0.129375,0.719397,0.168359,0.551768
3416,-0.460374,0.937217,-0.323297,-0.130779,0.701257,0.180919,0.53783
3417,-0.426436,0.964301,-0.229416,-0.132254,0.68197,0.190381,0.523015
3418,-0.394585,0.980908,-0.136243,-0.13877,0.661866,0.196587,0.507579
3419,0.420047,0.139422,-0.0473765,0.989099,0.647907,0.198859,0.497437
3420,-0.345583,0.986496,0.0444393,-0.157644,0.620594,0.198859,0.475905
3421,0.419572,0.152441,0.144332,0.977717,0.606634,0.196587,0.465763
3422,-0.312462,0.958225,0.216238,-0.187205,0.580252,0.187579,0.444965
3423,-0.296886,0.931443,0.296631,-0.210771,0.561296,0.177061,0.430435
3424,-0.28254,0.896868,0.371788,-0.239587,0.54359,0.163515,0.416867
3425,-0.273444,0.855095,0.442655,-0.269942,0.527434,0.147171,0.404493
3426,-0.268472,0.80609,0.508276,-0.303108,0.513105,0.128309,0.393526
3427,-0.268495,0.749995,0.568232,-0.338555,0.50085,0.107251,0.384152
3428,0.326273,-0.169492,0.655017,0.736359,0.49381,0.0921786,0.379037
3429,-0.259119,0.622933,0.651237,-0.433411,0.483358,0.0600213,0.370797
3430,0.308278,-0.314752,0.71184,0.627865,0.479714,0.0432113,0.368149
3431,-0.168292,0.515522,0.623256,-0.588038,0.476149,0.00870199,0.365338
3432,0.480345,-0.384203,0.832408,0.399357,0.476149,-0.00870199,0.365338
3433,0.290673,0.572658,0.207529,-0.793092,0.479714,-0.0432113,0.368149
3434,-0.686028,-0.561434,-0.175926,0.808605,0.483358,-0.0600213,0.370797
3435,0.313611,0.547497,0.159498,-0.821466,0.49381,-0.0921786,0.379037
3436,0.315672,0.537449,0.139091,-0.831746,0.504534,-0.114501,0.387298
3437,-0.645237,-0.521594,-0.128472,0.843466,0.513105,-0.128309,0.393526
3438,-0.643395,-0.502613,-0.118833,0.856305,0.527434,-0.147171,0.404493
3439,-0.634914,-0.488598,-0.102124,0.866512,0.54359,-0.163515,0.416867
3440,-0.620646,-0.48057,-0.0805637,0.873248,0.561296,-0.177061,0.430435
3441,-0.604972,-0.475903,-0.0576055,0.877609,0.580252,-0.187579,0.444965
3442,0.233355,0.472059,0.0347661,-0.880881,0.606634,-0.196587,0.465763
3443,-0.572568,-0.475544,-0.0112309,0.87962,0.620594,-0.198859,0.475905
3444,0.23416,0.491137,-0.0100766,-0.871024,0.647907,-0.198859,0.497437
3445,-0.51979,-0.503863,0.0276247,0.863342,0.661866,-0.196587,0.507579
3446,-0.48302,-0.529475,0.0369907,0.847519,0.68197,-0.190381,0.523015
3447,0.28079,0.562448,-0.0344347,-0.826115,0.707203,-0.177061,0.542909
3448,-0.407308,-0.581023,0.0315876,0.813274,0.719397,-0.168359,0.551768
3449,0.359489,0.628553,0.0106499,-0.777694,0.741066,-0.147171,0.56885
3450,-0.291509,-0.642091,-0.0343471,0.765859,0.751022,-0.134865,0.576083
3451,-0.239177,-0.656872,-0.0771509,0.750045,0.763965,-0.114501,0.586045
3452,0.498196,0.668961,0.151937,-0.727603,0.777622,-0.0843573,0.596811
3453,-0.132979,-0.655868,-0.180651,0.732941,0.78301,-0.0682786,0.600726
3454,-0.0667519,-0.637682,-0.248481,0.729122,0.788786,-0.0432113,0.605194
3455,0.65046,0.602532,0.322009,-0.730251,0.792351,-0.00870199,0.608004
3456,0.0286831,-0.503109,-0.342687,0.793377,0.837611,0.00870199,0.543963
3457,0.746579,0.439822,0.403255,-0.80246,0.833837,0.0432113,0.54144
3458,0.12973,-0.381841,-0.415871,0.825378,0.829997,0.0600213,0.539087
3459,-0.726104,0.594,-0.779909,-0.197246,0.818931,0.0921786,0.531692
3460,0.205934,-0.240475,-0.426164,0.872099,0.811511,0.107251,0.527146
3461,-0.631127,0.766304,-0.619711,-0.169518,0.793906,0.134865,0.515383
3462,-0.588597,0.832984,-0.52949,-0.160556,0.778109,0.152921,0.505099
3463,0.311709,-0.0131851,-0.34177,0.939691,0.766336,0.163515,0.497884
3464,0.329691,0.0445935,-0.281168,0.958622,0.74762,0.177061,0.485748
3465,0.349291,0.0986061,-0.211356,0.972422,0.727583,0.187579,0.47275
3466,-0.446479,0.975884,-0.143318,-0.164654,0.699649,0.196587,0.454086
3467,0.367338,0.16492,-0.0449276,0.985283,0.684938,0.198859,0.44507
3468,-0.399623,0.982224,0.0469736,-0.181741,0.65602,0.198859,0.425748
3469,0.363972,0.174998,0.136798,0.975019,0.641308,0.196587,0.416732
3470,0.350012,0.153889,0.225022,0.962124,0.620055,0.190381,0.40292
3471,-0.352744,0.920711,0.31451,-0.231028,0.593338,0.177061,0.385069
3472,-0.340279,0.882065,0.395011,-0.256766,0.57462,0.163515,0.372932
3473,-0.332684,0.835176,0.470827,-0.284257,0.557543,0.147171,0.361864
3474,-0.3314,0.780054,0.542137,-0.312415,0.5424,0.128309,0.352054
3475,0.276842,-0.0842166,0.573283,0.815018,0.533366,0.114501,0.346519
3476,0.263373,-0.152252,0.61521,0.773522,0.522027,0.0921786,0.339124
3477,-0.338975,0.570139,0.704015,-0.423445,0.51096,0.0600213,0.33173
3478,0.21286,-0.312414,0.64434,0.698014,0.50712,0.0432113,0.329376
3479,0.221983,-0.378466,0.664182,0.64469,0.503807,0.017404,0.32719
3480,0.427097,0.549563,0.078975,-0.831711,0.503807,-0.017404,0.32719
3481,0.459994,0.547917,0.0430383,-0.835425,0.50712,-0.0432113,0.329376
3482,-0.571082,-0.53494,-0.0680272,0.842147,0.51096,-0.0600213,0.33173
3483,0.391378,0.515678,0.0904575,-0.851994,0.522027,-0.0921786,0.339124
3484,0.38084,0.505229,0.085417,-0.858748,0.533366,-0.114501,0.346519
3485,-0.581364,-0.493401,-0.0809361,0.866028,0.5424,-0.128309,0.352054
3486,-0.582104,-0.476842,-0.0788811,0.875442,0.557543,-0.147171,0.361864
3487,-0.575889,-0.464498,-0.0697002,0.882827,0.57462,-0.163515,0.372932
3488,-0.564273,-0.456913,-0.0559251,0.887752,0.593338,-0.177061,0.385069
3489,0.303382,0.456035,0.0389853,-0.889107,0.620055,-0.190381,0.40292
3490,0.288135,0.450231,0.0241969,-0.892584,0.641308,-0.196587,0.416732
3491,-0.521981,-0.4507,-0.0079542,0.89264,0.65602,-0.198859,0.425748
3492,0.28288,0.464891,-0.00691426,-0.885341,0.684938,-0.198859,0.44507
3493,-0.470869,-0.477393,0.0181466,0.878503,0.699649,-0.196587,0.454086
3494,0.31197,0.510818,-0.0179322,-0.859502,0.727583,-0.187579,0.47275
3495,0.334111,0.537092,-0.0108574,-0.843454,0.74762,-0.177061,0.485748
3496,0.353229,0.557471,0.00152758,-0.830195,0.766336,-0.163515,0.497884
3497,-0.314435,-0.573403,-0.0190612,0.819052,0.778109,-0.152921,0.505099
3498,-0.267609,-0.592325,-0.0522925,0.804,0.793906,-0.134865,0.515383
3499,0.470646,0.614012,0.114866,-0.780894,0.811511,-0.107251,0.527146
3500,-0.167052,-0.60728,-0.143747,0.781376,0.818931,-0.0921786,0.531692
3501,0.548617,0.600978,0.210083,-0.771162,0.829997,-0.0600213,0.539087
3502,-0.0674896,-0.578485,-0.247777,0.77715,0.833837,-0.0432113,0.54144
3503,0.652297,0.543178,0.323746,-0.774691,0.837611,-0.00870199,0.543963
3504,0.687561,0.43594,0.356818,-0.826219,0.877222,0.017404,0.47627
3505,0.737241,0.378769,0.394873,-0.837024,0.873748,0.0432113,0.474349
3506,0.10689,-0.326481,-0.396338,0.858095,0.869735,0.0600213,0.472304
3507,0.1457,-0.258886,-0.409198,0.874949,0.861411,0.0843573,0.467816
3508,-0.714404,0.664007,-0.719948,-0.201915,0.846237,0.114501,0.459319
3509,0.213386,-0.115574,-0.393487,0.912036,0.836797,0.128309,0.454509
3510,-0.624329,0.817218,-0.543244,-0.192463,0.81534,0.152921,0.442492
3511,0.268135,0.0225224,-0.322346,0.946354,0.803038,0.163515,0.436224
3512,-0.555274,0.917949,-0.350497,-0.185801,0.776758,0.180919,0.421507
3513,0.302783,0.13053,-0.199855,0.971092,0.762432,0.187579,0.414207
3514,-0.494979,0.969606,-0.149571,-0.193632,0.73312,0.196587,0.397792
3515,0.315507,0.191239,-0.0423972,0.980627,0.717745,0.198859,0.389958
3516,-0.453241,0.977271,0.0493509,-0.206169,0.6874,0.198859,0.372964
3517,0.310614,0.19977,0.129182,0.97129,0.672027,0.196587,0.36513
3518,-0.423837,0.942922,0.241354,-0.229446,0.642716,0.187579,0.348715
3519,-0.406805,0.909419,0.330875,-0.25195,0.62172,0.177061,0.33733
3520,0.275716,0.115953,0.368963,0.922183,0.608292,0.168359,0.330487
3521,-0.392569,0.815475,0.497623,-0.295589,0.584217,0.147171,0.317004
3522,0.237989,0.00543441,0.491141,0.871063,0.573252,0.134865,0.311417
3523,-0.390054,0.685137,0.637685,-0.352059,0.554778,0.107251,0.301072
3524,0.196935,-0.131779,0.570502,0.810655,0.547025,0.0921786,0.297122
3525,-0.40658,0.52206,0.745187,-0.414908,0.535412,0.0600213,0.290618
3526,-0.46653,0.416385,0.809287,-0.41434,0.529949,0.0346586,0.287684
3527,0.0583057,-0.382254,0.533944,0.754179,0.527925,0.017404,0.286653
3528,-0.759273,0.092436,0.951743,-0.292646,0.527925,-0.017404,0.286653
3529,-0.335551,-0.510189,0.164322,0.844219,0.529949,-0.0346586,0.287684
3530,-0.479023,-0.494176,0.0190752,0.869153,0.535412,-0.0600213,0.290618
3531,0.471835,0.480602,0.0184289,-0.876745,0.547025,-0.0921786,0.297122
3532,-0.515761,-0.472852,-0.0266518,0.880739,0.554778,-0.107251,0.301072
3533,0.42155,0.458066,0.0391142,-0.888057,0.573252,-0.134865,0.311417
3534,-0.520413,-0.449675,-0.0383509,0.892368,0.584217,-0.147171,0.317004
3535,0.379112,0.435929,0.0394344,-0.899117,0.608292,-0.168359,0.330487
3536,-0.509695,-0.430982,-0.0318835,0.901797,0.62172,-0.177061,0.33733
3537,-0.492907,-0.431361,-0.0218512,0.901915,0.642716,-0.187579,0.348715
3538,0.346352,0.431104,0.012874,-0.90221,0.672027,-0.196587,0.36513
3539,0.338524,0.433988,0.00403785,-0.90091,0.69482,-0.199429,0.37751
3540,0.332905,0.439344,-0.00364847,-0.898312,0.717745,-0.198859,0.389958
3541,-0.424561,-0.448073,0.00912581,0.89395,0.73312,-0.196587,0.397792
3542,0.354216,0.477401,-0.00435221,-0.878675,0.762432,-0.187579,0.414207
3543,-0.356811,-0.490063,-0.000813687,0.871687,0.776758,-0.180919,0.421507
3544,0.394199,0.519865,0.0242818,-0.853903,0.803038,-0.163515,0.436224
3545,-0.28262,-0.527517,-0.0400046,0.848602,0.81534,-0.152921,0.442492
3546,0.45483,0.552741,0.0882568,-0.828667,0.836797,-0.128309,0.454509
3547,-0.186314,-0.55382,-0.120792,0.823828,0.846237,-0.114501,0.459319
3548,0.526964,0.555213,0.177294,-0.812592,0.861411,-0.0843573,0.467816
3549,0.564102,0.541088,0.224361,-0.810485,0.869735,-0.0600213,0.472304
3550,-0.0661667,-0.515791,-0.249034,0.81972,0.873748,-0.0432113,0.474349
3551,-0.0139254,-0.482934,-0.302465,0.82176,0.877222,-0.017404,0.47627
3552,0.687742,0.369687,0.356989,-0.857841,0.911886,0.017404,0.405975
3553,0.0632149,-0.321181,-0.369351,0.872022,0.909787,0.0346586,0.405106
3554,0.754074,0.259291,0.394047,-0.881757,0.901613,0.0682786,0.401338
3555,0.121958,-0.202402,-0.390132,0.898237,0.895459,0.0843573,0.398789
3556,-0.745439,0.642396,-0.732517,-0.225269,0.879667,0.114501,0.391508
3557,0.174513,-0.0719574,-0.368283,0.926925,0.869879,0.128309,0.387454
3558,0.19374,-0.0105127,-0.337468,0.941278,0.853386,0.147171,0.380134
3559,0.217106,0.0528395,-0.298833,0.952842,0.834789,0.163515,0.371874
3560,0.234055,0.107662,-0.247235,0.962956,0.814403,0.177061,0.362814
3561,0.247737,0.15463,-0.185693,0.970365,0.79258,0.187579,0.35311
3562,0.256564,0.190658,-0.11571,0.974813,0.769692,0.194885,0.342928
3563,0.258764,0.212583,-0.0394999,0.976344,0.746129,0.198859,0.332442
3564,-0.506451,0.971648,0.0515702,-0.230739,0.714544,0.198859,0.317881
3565,0.258261,0.225528,0.121341,0.966651,0.698603,0.196587,0.311278
3566,0.243406,0.204271,0.199293,0.958413,0.675452,0.190381,0.300962
3567,-0.461966,0.898063,0.346585,-0.270854,0.64627,0.177061,0.28751
3568,0.220597,0.141242,0.345497,0.92773,0.632346,0.168359,0.281742
3569,0.201483,0.0907162,0.406353,0.909202,0.61313,0.152921,0.273166
3570,0.182481,0.0333192,0.45878,0.887925,0.595919,0.134865,0.26548
3571,-0.450921,0.654364,0.668969,-0.352546,0.576691,0.107251,0.256616
3572,0.136365,-0.102502,0.527548,0.843318,0.568651,0.0921786,0.253286
3573,-0.488157,0.47408,0.790337,-0.388092,0.556564,0.0600213,0.247714
3574,0.049729,-0.263029,0.515672,0.815413,0.552402,0.0432113,0.24599
3575,-0.0175861,-0.341791,0.468487,0.814677,0.548788,0.017404,0.244348
3576,-0.752665,0.0719895,0.949741,-0.304647,0.548788,-0.017404,0.244348
3577,0.671935,0.442384,-0.164051,-0.881694,0.552402,-0.0432113,0.24599
3578,-0.384336,-0.449329,0.10851,0.886752,0.556564,-0.0600213,0.247714
3579,0.54411,0.43887,-0.0463753,-0.897353,0.568651,-0.0921786,0.253286
3580,-0.445757,-0.437501,0.0315472,0.898664,0.576691,-0.107251,0.256616
3581,0.477203,0.420847,-0.00272975,-0.907127,0.595919,-0.134865,0.26548
3582,0.454748,0.413536,0.00493853,-0.910474,0.61313,-0.152921,0.273166
3583,0.433942,0.406398,0.00899281,-0.913652,0.632346,-0.168359,0.281742
3584,-0.454875,-0.404524,-0.00765243,0.914495,0.64627,-0.177061,0.28751
3585,0.411305,0.406908,0.00437784,-0.913459,0.675452,-0.190381,0.300962
3586,0.400068,0.407684,0.00240452,-0.91312,0.698603,-0.196587,0.311278
3587,0.396526,0.415326,0.000242956,-0.909673,0.722297,-0.199429,0.321832
3588,0.391791,0.421525,0.000206288,-0.906817,0.746129,-0.198859,0.332442
3589,0.396192,0.43497,0.00358985,-0.900438,0.769692,-0.194885,0.342928
3590,0.407549,0.452542,0.0128005,-0.891651,0.79258,-0.187579,0.35311
3591,0.423779,0.470767,0.0287985,-0.881787,0.814403,-0.177061,0.362814
3592,0.443254,0.486783,0.0514948,-0.872004,0.834789,-0.163515,0.371874
3593,0.469309,0.501114,0.0828808,-0.861403,0.853386,-0.147171,0.380134
3594,0.489584,0.504655,0.114166,-0.855739,0.869879,-0.128309,0.387454
3595,-0.160663,-0.498536,-0.141861,0.855183,0.879667,-0.114501,0.391508
3596,0.543647,0.494848,0.191947,-0.847515,0.895459,-0.0843573,0.398789
3597,-0.0886659,-0.475308,-0.221654,0.851441,0.901613,-0.0682786,0.401338
3598,0.600852,0.451144,0.269147,-0.850899,0.909787,-0.0346586,0.405106
3599,-0.0238234,-0.417633,-0.293034,0.860066,0.911886,-0.017404,0.405975
3600,0.0180891,-0.305841,-0.332742,0.892045,0.941454,0.00870199,0.333396
3601,0.0454164,-0.257083,-0.353125,0.899562,0.938767,0.0346586,0.332476
3602,0.742097,0.194316,0.383704,-0.90278,0.930322,0.0682786,0.32936
3603,0.102432,-0.141505,-0.374289,0.916452,0.923987,0.0843573,0.327302
3604,-0.775575,0.620692,-0.744061,-0.247214,0.907672,0.114501,0.321284
3605,0.13926,-0.0239779,-0.344944,0.938317,0.897596,0.128309,0.31801
3606,-0.71694,0.784359,-0.575501,-0.231474,0.874523,0.152921,0.309498
3607,-0.684734,0.84733,-0.478019,-0.231366,0.854693,0.168359,0.302456
3608,-0.655621,0.897171,-0.375815,-0.232052,0.833133,0.180919,0.294805
3609,-0.628347,0.933776,-0.26996,-0.234911,0.810213,0.190381,0.286676
3610,-0.598965,0.956235,-0.161788,-0.243802,0.786323,0.196587,0.278208
3611,0.211265,0.242881,-0.0369743,0.969351,0.769912,0.198859,0.272876
3612,-0.561084,0.965743,0.0537015,-0.253883,0.737282,0.198859,0.260839
3613,-0.538474,0.950004,0.158903,-0.26878,0.71297,0.194885,0.252234
3614,0.195381,0.234728,0.186944,0.953915,0.696982,0.190381,0.247039
3615,-0.515109,0.886204,0.360722,-0.290728,0.666836,0.177061,0.235917
3616,0.166568,0.1687,0.321479,0.931768,0.652502,0.168359,0.23126
3617,-0.502225,0.776685,0.542027,-0.320884,0.626615,0.147171,0.22171
3618,-0.502573,0.706078,0.622996,-0.336646,0.609599,0.128309,0.215706
3619,0.102855,9.57922e-05,0.460332,0.887747,0.599523,0.114501,0.212432
3620,-0.518569,0.53521,0.760059,-0.368592,0.583207,0.0843573,0.206414
3621,-0.548163,0.434007,0.820207,-0.372691,0.574284,0.0600213,0.203283
3622,-0.592522,0.320851,0.872497,-0.368516,0.568428,0.0346586,0.20124
3623,-0.061113,-0.285988,0.429719,0.856477,0.566267,0.017404,0.200538
3624,-0.766852,0.042911,0.953992,-0.296745,0.566267,-0.017404,0.200538
3625,-0.250297,-0.380947,0.246068,0.891252,0.568428,-0.0346586,0.20124
3626,-0.322836,-0.393623,0.166134,0.904135,0.574284,-0.0600213,0.203283
3627,0.599758,0.388553,-0.0961156,-0.9164,0.586771,-0.0921786,0.20789
3628,0.565313,0.38741,-0.067797,-0.919411,0.599523,-0.114501,0.212432
3629,-0.405323,-0.387463,0.0512973,0.920457,0.609599,-0.128309,0.215706
3630,-0.411204,-0.381619,0.0336386,0.923707,0.626615,-0.147171,0.22171
3631,0.487086,0.37469,-0.0205291,-0.926923,0.652502,-0.168359,0.23126
3632,-0.402689,-0.37526,0.015441,0.926791,0.666836,-0.177061,0.235917
3633,0.456955,0.374404,-0.01031,-0.927208,0.696982,-0.190381,0.247039
3634,-0.379704,-0.376002,0.00638275,0.926597,0.71297,-0.194885,0.252234
3635,-0.356199,-0.38698,0.00288158,0.922084,0.737282,-0.198859,0.260839
3636,0.439103,0.39287,0.00330227,-0.919588,0.769912,-0.198859,0.272876
3637,-0.321527,-0.397325,-0.0109842,0.917612,0.786323,-0.196587,0.278208
3638,-0.29061,-0.413541,-0.0247847,0.910148,0.810213,-0.190381,0.286676
3639,-0.261265,-0.426281,-0.0430361,0.903567,0.833133,-0.180919,0.294805
3640,-0.229741,-0.437529,-0.0669586,0.896708,0.854693,-0.168359,0.302456
3641,-0.194865,-0.446607,-0.0975653,0.889395,0.874523,-0.152921,0.309498
3642,0.521721,0.453685,0.137984,-0.880415,0.897596,-0.128309,0.31801
3643,-0.136922,-0.440567,-0.161274,0.883115,0.907672,-0.114501,0.321284
3644,0.557111,0.431261,0.203716,-0.878928,0.923987,-0.0843573,0.327302
3645,-0.0817805,-0.408502,-0.22799,0.883825,0.930322,-0.0682786,0.32936
3646,0.610075,0.383724,0.277833,-0.880662,0.938767,-0.0346586,0.332476
3647,0.640539,0.347904,0.312624,-0.883871,0.941454,-0.00870199,0.333396
3648,0.0120974,-0.235826,-0.327097,0.915092,0.96471,0.00870199,0.258503
3649,0.691255,0.185666,0.353194,-0.916942,0.960341,0.0432113,0.25727
3650,0.0588952,-0.135905,-0.354612,0.925084,0.955961,0.0600213,0.256219
3651,0.0805342,-0.0801086,-0.356351,0.930912,0.946819,0.0843573,0.253798
3652,0.768064,0.0203406,0.351209,-0.936076,0.930082,0.114501,0.249078
3653,-0.776963,0.68899,-0.675053,-0.26381,0.914311,0.134865,0.244828
3654,0.123596,0.0832323,-0.296914,0.95127,0.902345,0.147171,0.241955
3655,0.134316,0.132706,-0.259041,0.956706,0.882684,0.163515,0.236706
3656,0.145642,0.179353,-0.213862,0.960258,0.861133,0.177061,0.230946
3657,0.150834,0.215947,-0.159414,0.963304,0.838061,0.187579,0.224776
3658,0.151918,0.242716,-0.0986511,0.965068,0.813861,0.194885,0.2183
3659,0.153503,0.263015,-0.0337919,0.9642,0.788949,0.198859,0.211628
3660,0.150407,0.271164,0.0342662,0.961923,0.76375,0.199429,0.204877
3661,0.145647,0.269565,0.10338,0.957417,0.738697,0.196587,0.19816
3662,0.137381,0.256178,0.171463,0.951301,0.714216,0.190381,0.191593
3663,0.125297,0.23097,0.23619,0.943858,0.690729,0.180919,0.185288
3664,0.110762,0.195747,0.295684,0.935015,0.668636,0.168359,0.179353
3665,0.0934505,0.151011,0.347956,0.925269,0.648314,0.152921,0.173889
3666,0.0735374,0.0981503,0.391265,0.915029,0.630112,0.134865,0.16899
3667,0.0529391,0.0399556,0.425193,0.90422,0.614342,0.114501,0.16474
3668,0.0286451,-0.0236698,0.446512,0.894464,0.601273,0.0921786,0.161211
3669,-0.00470001,-0.0922124,0.449404,0.888556,0.591128,0.0682786,0.158465
3670,-0.0496037,-0.161567,0.430408,0.888057,0.584083,0.0432113,0.156547
3671,-0.680915,0.159921,0.925356,-0.343717,0.579714,0.00870199,0.155315
3672,-0.170117,-0.277003,0.329203,0.902715,0.579714,-0.00870199,0.155315
3673,0.754967,0.309511,-0.24368,-0.919142,0.584083,-0.0432113,0.156547
3674,0.685392,0.324022,-0.175335,-0.92966,0.591128,-0.0682786,0.158465
3675,0.640539,0.331239,-0.132422,-0.934208,0.601273,-0.0921786,0.161211
3676,0.610246,0.336733,-0.10494,-0.935734,0.614342,-0.114501,0.16474
3677,0.584613,0.34005,-0.0833514,-0.936706,0.630112,-0.134865,0.16899
3678,0.561096,0.341518,-0.0651001,-0.937618,0.648314,-0.152921,0.173889
3679,0.541719,0.343476,-0.0508281,-0.937785,0.668636,-0.168359,0.179353
3680,0.525907,0.34652,-0.0390397,-0.93723,0.690729,-0.180919,0.185288
3681,0.513128,0.350695,-0.0283414,-0.936061,0.714216,-0.190381,0.191593
3682,0.504347,0.356979,-0.017932,-0.93394,0.738697,-0.196587,0.19816
3683,0.498149,0.364052,-0.00640294,-0.931357,0.76375,-0.199429,0.204877
3684,0.494261,0.371179,0.00690358,-0.928536,0.788949,-0.198859,0.211628
3685,0.49694,0.381715,0.0232074,-0.923989,0.813861,-0.194885,0.2183
3686,0.499332,0.388659,0.0421948,-0.920415,0.838061,-0.187579,0.224776
3687,0.50662,0.39572,0.0652625,-0.91605,0.861133,-0.177061,0.230946
3688,0.520674,0.403025,0.0941353,-0.910335,0.882684,-0.163515,0.236706
3689,0.534057,0.403666,0.125047,-0.906321,0.902345,-0.147171,0.241955
3690,-0.134656,-0.393494,-0.151295,0.906792,0.914311,-0.134865,0.244828
3691,0.563282,0.386701,0.19057,-0.9023,0.934689,-0.107251,0.250575
3692,0.576843,0.36784,0.220929,-0.903263,0.946819,-0.0843573,0.253798
3693,0.599814,0.345171,0.257056,-0.902651,0.955961,-0.0600213,0.256219
3694,0.624806,0.314962,0.291658,-0.90318,0.961959,-0.0346586,0.257796
3695,0.645958,0.277349,0.317759,-0.906701,0.96471,-0.00870199,0.258503
3696,0.661367,0.162615,0.332296,-0.929051,0.981463,0.017404,0.181883
3697,0.681571,0.115562,0.344309,-0.931717,0.977566,0.0432113,0.18113
3698,0.700339,0.0659831,0.347234,-0.935454,0.970391,0.0682786,0.179771
3699,0.0574766,-0.0177913,-0.337277,0.941237,0.963813,0.0843573,0.178729
3700,0.0693241,0.033206,-0.324939,0.945152,0.951469,0.107251,0.176468
3701,0.0783356,0.0824493,-0.303612,0.949222,0.936293,0.128309,0.17368
3702,0.775358,-0.131502,0.276197,-0.952062,0.912172,0.152921,0.168882
3703,-0.769058,0.818773,-0.500225,-0.281756,0.891485,0.168359,0.165029
3704,-0.741485,0.872342,-0.394455,-0.288832,0.868993,0.180919,0.160845
3705,0.108101,0.25203,-0.147334,0.956438,0.853112,0.187579,0.15833
3706,-0.710361,0.942575,-0.172944,-0.285731,0.820163,0.196587,0.151776
3707,-0.689446,0.954554,-0.0577007,-0.292401,0.794659,0.199429,0.147045
3708,-0.670917,0.952506,0.0574839,-0.299045,0.769009,0.198859,0.142291
3709,-0.653722,0.936313,0.170903,-0.306775,0.74365,0.194885,0.137595
3710,-0.637801,0.90627,0.28099,-0.315785,0.719017,0.187579,0.133039
3711,-0.624406,0.863116,0.38654,-0.324989,0.695532,0.177061,0.128697
3712,-0.61505,0.807778,0.486313,-0.333158,0.673596,0.163515,0.124647
3713,-0.608456,0.740459,0.578809,-0.341615,0.653583,0.147171,0.120956
3714,-0.604802,0.66179,0.66276,-0.350405,0.635838,0.128309,0.117689
3715,-0.604797,0.572991,0.736795,-0.358907,0.620662,0.107251,0.1149
3716,-0.611044,0.474902,0.800814,-0.364919,0.608318,0.0843573,0.112639
3717,-0.631772,0.368143,0.856859,-0.36092,0.599014,0.0600213,0.110943
3718,-0.0813235,-0.0995449,0.402225,0.910113,0.594565,0.0432113,0.110238
3719,-0.705951,0.128542,0.934402,-0.332218,0.590112,0.00870199,0.109352
3720,-0.169294,-0.20531,0.329957,0.921399,0.590112,-0.00870199,0.109352
3721,0.770487,0.238582,-0.258408,-0.936111,0.594565,-0.0432113,0.110238
3722,-0.259714,-0.264262,0.224602,0.937934,0.599014,-0.0600213,0.110943
3723,-0.286248,-0.279674,0.183588,0.942379,0.608318,-0.0843573,0.112639
3724,-0.301736,-0.290445,0.150513,0.94498,0.620662,-0.107251,0.1149
3725,-0.307686,-0.299126,0.124182,0.946099,0.635838,-0.128309,0.117689
3726,-0.307596,-0.306312,0.101603,0.946493,0.653583,-0.147171,0.120956
3727,-0.30323,-0.312329,0.0813605,0.946483,0.673596,-0.163515,0.124647
3728,-0.2954,-0.317752,0.0627286,0.946097,0.695532,-0.177061,0.128697
3729,-0.284193,-0.323394,0.0451033,0.945189,0.719017,-0.187579,0.133039
3730,-0.26824,-0.331232,0.0280436,0.943133,0.74365,-0.194885,0.137595
3731,-0.253109,-0.336441,0.00960053,0.941656,0.769009,-0.198859,0.142291
3732,-0.237565,-0.340169,-0.0098575,0.940313,0.794659,-0.199429,0.147045
3733,-0.215172,-0.348248,-0.0316112,0.936869,0.820163,-0.196587,0.151776
3734,0.538813,0.350306,0.0547471,-0.935034,0.853112,-0.187579,0.15833
3735,-0.181413,-0.347104,-0.078042,0.934574,0.868993,-0.180919,0.160845
3736,-0.150838,-0.35293,-0.110241,0.929133,0.891485,-0.168359,0.165029
3737,-0.121061,-0.352785,-0.145401,0.924338,0.912172,-0.152921,0.168882
3738,0.579848,0.344689,0.180698,-0.921161,0.936293,-0.128309,0.17368
3739,0.589277,0.327212,0.211546,-0.920967,0.951469,-0.107251,0.176468
3740,0.596581,0.303136,0.238043,-0.922737,0.963813,-0.0843573,0.178729
3741,-0.0460936,-0.274275,-0.260634,0.925658,0.970391,-0.0682786,0.179771
3742,-0.0241733,-0.242714,-0.288646,0.926161,0.977566,-0.0432113,0.18113
3743,-0.00285032,-0.205346,-0.312971,0.927298,0.981463,-0.017404,0.181883
3744,0.657522,0.0896036,0.328674,-0.940183,0.992709,0.017404,0.104317
3745,0.0201128,-0.0455919,-0.32985,0.942932,0.990444,0.0346586,0.104139
3746,0.682577,-0.00158934,0.331522,-0.943446,0.981505,0.0682786,0.10308
3747,0.698188,-0.0492647,0.32453,-0.944591,0.971055,0.0921786,0.101955
3748,0.715106,-0.0970579,0.310845,-0.945492,0.957595,0.114501,0.100514
3749,0.0511341,0.139022,-0.284785,0.948457,0.947034,0.128309,0.0996832
3750,0.746492,-0.184733,0.258762,-0.948112,0.922611,0.152921,0.0967926
3751,0.767018,-0.226515,0.22491,-0.947685,0.901685,0.168359,0.0945752
3752,0.784248,-0.260586,0.182719,-0.948003,0.878934,0.180919,0.0921686
3753,-0.771728,0.903328,-0.292168,-0.314063,0.854749,0.190381,0.0896152
3754,-0.75584,0.932123,-0.176878,-0.316007,0.829543,0.196587,0.0869586
3755,-0.739731,0.94585,-0.0591864,-0.319163,0.803747,0.199429,0.0842439
3756,-0.724037,0.944538,0.0590669,-0.323046,0.777802,0.198859,0.0815173
3757,-0.709217,0.928371,0.175881,-0.327405,0.752153,0.194885,0.0788253
3758,-0.691517,0.896489,0.288971,-0.335863,0.727239,0.187579,0.0762146
3759,0.0185009,0.286691,0.19494,0.93798,0.711209,0.180919,0.0749533
3760,0.0019799,0.254938,0.242841,0.935967,0.68846,0.168359,0.0725473
3761,-0.0147951,0.216986,0.28538,0.933528,0.667534,0.152921,0.0703299
3762,-0.0313094,0.173873,0.321891,0.930674,0.64879,0.134865,0.0683379
3763,-0.0488364,0.125742,0.35038,0.928129,0.632549,0.114501,0.0666073
3764,-0.660654,0.448847,0.819883,-0.355427,0.61528,0.0843573,0.0645633
3765,-0.671766,0.339611,0.872289,-0.351819,0.605872,0.0600213,0.0636026
3766,-0.690982,0.223219,0.912322,-0.343282,0.599701,0.0346586,0.0629826
3767,-0.14927,-0.0874172,0.348765,0.933124,0.597436,0.017404,0.0628046
3768,-0.74783,-0.025088,0.948253,-0.316522,0.597436,-0.017404,0.0628046
3769,-0.782837,-0.152894,0.941502,-0.300329,0.601381,-0.0432113,0.0632493
3770,-0.229097,-0.198383,0.252655,0.947001,0.605872,-0.0600213,0.0636026
3771,0.730416,0.217706,-0.211522,-0.952818,0.619089,-0.0921786,0.0651666
3772,0.706217,0.236309,-0.183519,-0.95419,0.632549,-0.114501,0.0666073
3773,0.685261,0.252428,-0.158027,-0.954624,0.64879,-0.134865,0.0683379
3774,0.667161,0.266947,-0.134234,-0.954317,0.667534,-0.152921,0.0703299
3775,0.648982,0.278275,-0.10979,-0.954206,0.68846,-0.168359,0.0725473
3776,0.632571,0.287839,-0.085763,-0.953831,0.711209,-0.180919,0.0749533
3777,0.61756,0.295394,-0.0615702,-0.95339,0.735395,-0.190381,0.0775059
3778,-0.218207,-0.303249,0.0376713,0.952166,0.752153,-0.194885,0.0788253
3779,0.592774,0.304983,-0.0125303,-0.952275,0.786397,-0.199429,0.0828786
3780,-0.195512,-0.305552,-0.0125697,0.952092,0.803747,-0.199429,0.0842439
3781,-0.174181,-0.312046,-0.0394783,0.949246,0.829543,-0.196587,0.0869586
3782,-0.156015,-0.312533,-0.0675901,0.947499,0.854749,-0.190381,0.0896152
3783,-0.139561,-0.308296,-0.0961996,0.946414,0.878934,-0.180919,0.0921686
3784,-0.12032,-0.302755,-0.12681,0.944594,0.901685,-0.168359,0.0945752
3785,-0.0969092,-0.296065,-0.160901,0.941518,0.922611,-0.152921,0.0967926
3786,0.602131,0.284808,0.196936,-0.938137,0.947034,-0.128309,0.0996832
3787,-0.0607191,-0.261024,-0.222912,0.939243,0.957595,-0.114501,0.100514
3788,0.611581,0.235657,0.250975,-0.93887,0.974865,-0.0843573,0.102557
3789,-0.0349956,-0.20383,-0.270728,0.940829,0.981505,-0.0682786,0.10308
3790,0.631396,0.170779,0.297824,-0.939221,0.990444,-0.0346586,0.104139
3791,-0.00529171,-0.131912,-0.310657,0.941324,0.992709,-0.017404,0.104317
3792,0.651047,0.0160151,0.322561,-0.946413,0.997833,0.017404,0.026108
3793,0.00999666,0.0265684,-0.320498,0.946877,0.995561,0.0346586,0.026108
3794,0.669483,-0.0714535,0.319893,-0.944755,0.986566,0.0682786,0.0257546
3795,0.0210482,0.114169,-0.30678,0.944908,0.979906,0.0843573,0.0257546
3796,0.0209361,0.154984,-0.28753,0.945149,0.967359,0.107251,0.025452
3797,0.70283,-0.198784,0.268924,-0.942425,0.946203,0.134865,0.0246213
3798,0.0280668,0.235986,-0.239375,0.941812,0.933897,0.147171,0.0246213
3799,0.0235372,0.266931,-0.203091,0.942073,0.913553,0.163515,0.0241066
3800,0.0205629,0.295242,-0.163844,0.941269,0.891253,0.177061,0.023538
3801,0.0154491,0.317338,-0.120253,0.940657,0.867377,0.187579,0.022924
3802,0.00815024,0.332522,-0.0734962,0.940227,0.842335,0.194885,0.022276
3803,-0.000824772,0.340718,-0.0247668,0.939839,0.816554,0.198859,0.0216053
3804,-0.010738,0.342297,0.0248673,0.939263,0.790475,0.199429,0.0209226
3805,-0.0212116,0.337328,0.0744382,0.93844,0.764545,0.196587,0.02024
3806,-0.74844,0.887586,0.296556,-0.352486,0.730977,0.187579,0.0189206
3807,-0.734129,0.840882,0.407812,-0.355819,0.707101,0.177061,0.0183073
3808,-0.721872,0.780704,0.51224,-0.357926,0.684801,0.163515,0.0177386
3809,-0.0645132,0.254681,0.255471,0.932669,0.670994,0.152921,0.0177386
3810,-0.706093,0.623743,0.695325,-0.357026,0.64642,0.128309,0.0167726
3811,-0.0955032,0.173668,0.314815,0.93313,0.635826,0.114501,0.0167726
3812,-0.111402,0.127761,0.333535,0.934041,0.622294,0.0921786,0.0163926
3813,-0.128567,0.0796496,0.342981,0.935959,0.611789,0.0682786,0.01609
3814,-0.717752,0.196491,0.921629,-0.334652,0.602794,0.0346586,0.0157366
3815,-0.165654,-0.0151964,0.33339,0.942667,0.600522,0.017404,0.0157366
3816,-0.74917,-0.0499338,0.948664,-0.31232,0.600522,-0.017404,0.0157366
3817,-0.769518,-0.174742,0.937758,-0.300125,0.60449,-0.0432113,0.01587
3818,0.782559,0.127423,-0.264803,-0.955847,0.611789,-0.0682786,0.01609
3819,0.763453,0.156129,-0.240177,-0.958091,0.622294,-0.0921786,0.0163926
3820,0.746272,0.181943,-0.215862,-0.959323,0.635826,-0.114501,0.0167726
3821,-0.214377,-0.206733,0.192761,0.959221,0.64642,-0.128309,0.0167726
3822,0.715445,0.226175,-0.165234,-0.95997,0.670994,-0.152921,0.0177386
3823,0.698045,0.241887,-0.1364,-0.960669,0.69203,-0.168359,0.0183073
3824,-0.191059,-0.256752,0.108014,0.960422,0.707101,-0.177061,0.0183073
3825,-0.177029,-0.270203,0.0789042,0.959565,0.730977,-0.187579,0.0189206
3826,0.660487,0.278736,-0.0479498,-0.95917,0.764545,-0.196587,0.02024
3827,0.647938,0.282524,-0.0160565,-0.959126,0.790475,-0.199429,0.0209226
3828,0.638541,0.284629,0.0161947,-0.958501,0.816554,-0.198859,0.0216053
3829,0.631484,0.283972,0.0490038,-0.95758,0.842335,-0.194885,0.022276
3830,0.625639,0.279264,0.0820286,-0.956704,0.867377,-0.187579,0.022924
3831,0.622098,0.271231,0.115252,-0.955589,0.891253,-0.177061,0.023538
3832,0.621096,0.259883,0.148593,-0.954139,0.913553,-0.163515,0.0241066
3833,0.618319,0.241721,0.179103,-0.953673,0.933897,-0.147171,0.0246213
3834,-0.0549608,-0.221095,-0.209465,0.952492,0.946203,-0.134865,0.0246213
3835,0.62878,0.199763,0.243156,-0.949194,0.967359,-0.107251,0.025452
3836,0.626112,0.167264,0.263457,-0.95006,0.979906,-0.0843573,0.0257546
3837,-0.0231475,-0.132874,-0.281461,0.950328,0.986566,-0.0682786,0.0257546
3838,0.637066,0.0975242,0.303107,-0.947953,0.995561,-0.0346586,0.026108
3839,-0.00380795,-0.0577077,-0.312069,0.948305,0.997833,-0.017404,0.026108
3840,0.322371,0.0579211,-0.316138,0.946943,0.997833,0.017404,-0.026108
3841,0.329225,0.172418,-0.930536,-0.323071,0.995561,0.0346586,-0.026108
3842,0.335692,0.291875,-0.89802,-0.329195,0.989361,0.0600213,-0.0259747
3843,0.339357,0.406574,-0.850897,-0.332674,0.979906,0.0843573,-0.0257547
3844,0.343496,0.513967,-0.78901,-0.336602,0.967359,0.107251,-0.025452
3845,0.351084,0.611451,-0.712708,-0.343766,0.951935,0.128309,-0.025072
3846,0.355252,0.698994,-0.624904,-0.34771,0.933897,0.147171,-0.0246213
3847,0.3577,0.7746,-0.526754,-0.350037,0.913553,0.163515,-0.0241067
3848,0.361594,0.836145,-0.419224,-0.353712,0.891253,0.177061,-0.023538
3849,0.364522,0.883275,-0.304551,-0.356474,0.867377,0.187579,-0.022924
3850,0.365908,0.915319,-0.184876,-0.357787,0.842335,0.194885,-0.022276
3851,0.365737,0.931799,-0.0620282,-0.357636,0.816554,0.198859,-0.0216053
3852,0.365747,0.931795,0.0620274,-0.357646,0.790475,0.199429,-0.0209227
3853,0.368171,0.91452,0.184733,-0.359899,0.764545,0.196587,-0.02024
3854,0.373923,0.880027,0.303564,-0.365241,0.739209,0.190381,-0.0195687
3855,0.337997,0.334163,0.146762,0.931019,0.707101,0.177061,-0.0183073
3856,0.371033,0.770498,0.52434,-0.362492,0.69203,0.168359,-0.0183073
3857,0.371778,0.694308,0.621336,-0.36315,0.670994,0.152921,-0.017738
3858,0.341746,0.257694,0.252064,0.932769,0.64642,0.128309,-0.0167727
3859,0.364386,0.509407,0.783349,-0.356186,0.635826,0.114501,-0.0167727
3860,0.359535,0.40291,0.845001,-0.35162,0.622294,0.0921786,-0.0163927
3861,0.351898,0.289579,0.893031,-0.344442,0.611789,0.0682786,-0.01609
3862,0.339235,0.171406,0.92739,-0.332518,0.60449,0.0432113,-0.01587
3863,0.327736,0.0582099,0.321211,0.945217,0.599954,0.00870199,-0.015692
3864,0.31912,-0.0744012,0.946672,-0.31349,0.599954,-0.00870199,-0.015692
3865,0.311998,-0.0224055,0.301071,0.953339,0.60449,-0.0432113,-0.01587
3866,0.308835,-0.0601566,0.287845,0.955786,0.611789,-0.0682786,-0.01609
3867,0.306518,-0.0958138,0.27066,0.957895,0.622294,-0.0921786,-0.0163927
3868,0.306151,-0.12977,0.250658,0.959338,0.635826,-0.114501,-0.0167727
3869,0.280521,-0.639679,0.717097,-0.276736,0.64642,-0.128309,-0.0167727
3870,0.30509,-0.18813,0.198126,0.961953,0.670994,-0.152921,-0.017738
3871,0.308066,-0.214449,0.168546,0.962083,0.69203,-0.168359,-0.0183073
3872,0.273536,-0.865593,0.42166,-0.270097,0.707101,-0.177061,-0.0183073
3873,0.269483,-0.913846,0.306621,-0.266212,0.730977,-0.187579,-0.0189207
3874,0.307489,-0.259189,0.0590945,0.964017,0.764545,-0.196587,-0.02024
3875,0.309761,-0.266553,0.0199629,0.963613,0.790475,-0.199429,-0.0209227
3876,0.310457,-0.267199,-0.0200063,0.963434,0.816554,-0.198859,-0.0216053
3877,0.310888,-0.262403,-0.0597266,0.963108,0.842335,-0.194885,-0.022276
3878,0.311839,-0.252918,-0.0986789,0.962442,0.867377,-0.187579,-0.022924
3879,0.314164,-0.239561,-0.13677,0.961199,0.891253,-0.177061,-0.023538
3880,0.317408,-0.221939,-0.173487,0.959503,0.913553,-0.163515,-0.0241067
3881,0.318743,-0.198077,-0.206697,0.958145,0.933897,-0.147171,-0.0246213
3882,0.320901,-0.170467,-0.237239,0.956378,0.951935,-0.128309,-0.025072
3883,0.325285,-0.140115,-0.265785,0.953796,0.967359,-0.107251,-0.025452
3884,0.323004,-0.102969,-0.284721,0.953064,0.979906,-0.0843573,-0.0257547
3885,0.321264,-0.0641098,-0.299036,0.952086,0.989361,-0.0600213,-0.0259747
3886,0.323842,-0.0247871,-0.312105,0.949724,0.995561,-0.0346586,-0.026108
3887,0.324377,0.0743731,0.946657,0.313542,0.997376,-0.00870199,-0.0522613
3888,0.316379,0.131907,-0.310461,0.941389,0.992709,0.017404,-0.104317
3889,0.321254,0.147895,-0.932986,-0.328122,0.990444,0.0346586,-0.104139
3890,0.304488,0.20777,-0.283913,0.936069,0.981505,0.0682786,-0.10308
3891,0.319378,0.384139,-0.8564,-0.344987,0.974865,0.0843573,-0.102557
3892,0.296445,0.273489,-0.242956,0.930686,0.957595,0.114501,-0.100513
3893,0.320417,0.592179,-0.719738,-0.362355,0.947034,0.128309,-0.0996826
3894,0.287795,0.324558,-0.187212,0.927154,0.922611,0.152921,-0.0967926
3895,0.317458,0.75923,-0.533487,-0.372775,0.908846,0.163515,-0.0957093
3896,0.285022,0.363195,-0.124445,0.923365,0.878934,0.180919,-0.0921686
3897,0.28162,0.374242,-0.0893834,0.923013,0.854749,0.190381,-0.0896153
3898,0.277956,0.380269,-0.0535718,0.923323,0.829543,0.196587,-0.0869586
3899,0.269944,0.377554,-0.0174654,0.925823,0.803747,0.199429,-0.0842439
3900,0.308693,0.923875,0.0631239,-0.377452,0.786397,0.199429,-0.0828786
3901,0.316098,0.904449,0.187776,-0.38303,0.760601,0.196587,-0.0801633
3902,0.319863,0.870205,0.308837,-0.383878,0.735395,0.190381,-0.077506
3903,0.319851,0.821673,0.424809,-0.379987,0.711209,0.180919,-0.0749526
3904,0.318262,0.758953,0.533314,-0.373586,0.68846,0.168359,-0.0725466
3905,0.318087,0.682103,0.632346,-0.367252,0.667534,0.152921,-0.0703293
3906,0.317704,0.59298,0.720306,-0.359908,0.64879,0.134865,-0.068338
3907,0.317537,0.493256,0.795558,-0.351832,0.632549,0.114501,-0.0666073
3908,0.317338,0.384575,0.856968,-0.343085,0.619089,0.0921786,-0.0651666
3909,0.316658,0.269203,0.903559,-0.333332,0.60864,0.0682786,-0.0640406
3910,0.316299,0.148747,0.934473,-0.323473,0.601381,0.0432113,-0.0632486
3911,0.317618,0.131944,0.311637,0.940996,0.596872,0.00870199,-0.0627153
3912,0.31777,-0.0986212,0.947096,-0.305422,0.596872,-0.00870199,-0.0627153
3913,0.319063,-0.221069,0.928925,-0.297031,0.599701,-0.0346586,-0.0629826
3914,0.321763,-0.339927,0.894545,-0.29024,0.605872,-0.0600213,-0.063602
3915,0.343547,-0.0371787,0.302145,0.952537,0.619089,-0.0921786,-0.0651666
3916,0.348355,-0.077773,0.283888,0.955698,0.632549,-0.114501,-0.0666073
3917,0.35171,-0.115124,0.259104,0.958964,0.64879,-0.134865,-0.068338
3918,0.354745,-0.149072,0.229118,0.961916,0.667534,-0.152921,-0.0703293
3919,0.357846,-0.179059,0.194687,0.964383,0.68846,-0.168359,-0.0725466
3920,0.359906,-0.203627,0.155883,0.966559,0.711209,-0.180919,-0.0749526
3921,0.362052,-0.223126,0.113909,0.968111,0.735395,-0.190381,-0.077506
3922,0.322237,-0.95276,0.182686,-0.24264,0.752153,-0.194885,-0.0788253
3923,0.364267,-0.243197,0.0233308,0.969696,0.786397,-0.199429,-0.0828786
3924,0.325901,-0.96759,-0.0611756,-0.245005,0.803747,-0.199429,-0.0842439
3925,0.319874,-0.953293,-0.182831,-0.240428,0.829543,-0.196587,-0.0869586
3926,0.317813,-0.922532,-0.30157,-0.240813,0.854749,-0.190381,-0.0896153
3927,0.31528,-0.876737,-0.415679,-0.241957,0.878934,-0.180919,-0.0921686
3928,0.35376,-0.175728,-0.192571,0.96542,0.908846,-0.163515,-0.0957093
3929,0.322512,-0.741183,-0.619132,-0.259467,0.922611,-0.152921,-0.0967926
3930,0.348819,-0.113223,-0.257063,0.959739,0.947034,-0.128309,-0.0996826
3931,0.326656,-0.558382,-0.781702,-0.277761,0.957595,-0.114501,-0.100513
3932,0.323208,-0.453008,-0.845484,-0.282738,0.971055,-0.0921786,-0.101955
3933,0.321892,-0.339928,-0.894505,-0.290362,0.981505,-0.0682786,-0.10308
3934,0.328509,0.048799,-0.316443,0.947356,0.990444,-0.0346586,-0.104139
3935,0.323104,-0.0991047,-0.945431,-0.310386,0.992709,-0.017404,-0.104317
3936,0.313696,0.205345,-0.307917,0.928989,0.981463,0.017404,-0.181883
3937,0.302926,0.243239,-0.292592,0.924784,0.977566,0.0432113,-0.18113
3938,0.289785,0.276991,-0.270601,0.921982,0.970391,0.0682786,-0.179771
3939,0.301057,0.361576,-0.861189,-0.357234,0.963813,0.0843573,-0.178729
3940,0.29824,0.470686,-0.800057,-0.371974,0.951469,0.107251,-0.176467
3941,0.296327,0.570746,-0.724791,-0.385909,0.936293,0.128309,-0.173679
3942,0.25969,0.377844,-0.16937,0.910246,0.912173,0.152921,-0.168881
3943,0.249192,0.390157,-0.137089,0.910486,0.891485,0.168359,-0.165029
3944,0.237515,0.396532,-0.104132,0.912096,0.868993,0.180919,-0.160845
3945,0.272067,0.857794,-0.312791,-0.407862,0.853112,0.187579,-0.15833
3946,0.234561,0.413305,-0.0453784,0.909461,0.820163,0.196587,-0.151776
3947,0.226896,0.41024,-0.0147322,0.911859,0.794659,0.199429,-0.147045
3948,0.223634,0.407267,0.014524,0.913194,0.769009,0.198859,-0.142291
3949,0.223542,0.403481,0.0432833,0.913964,0.74365,0.194885,-0.137595
3950,0.225054,0.397403,0.0717714,0.914833,0.719017,0.187579,-0.133038
3951,0.226602,0.387679,0.0994395,0.916415,0.695532,0.177061,-0.128697
3952,0.228854,0.374971,0.126105,0.91842,0.673596,0.163515,-0.124647
3953,0.233569,0.360409,0.152661,0.920217,0.653583,0.147171,-0.120956
3954,0.240717,0.343551,0.179306,0.921858,0.635838,0.128309,-0.117689
3955,0.250002,0.323778,0.205756,0.923489,0.620662,0.107251,-0.1149
3956,0.26064,0.300205,0.231161,0.925441,0.608318,0.0843573,-0.112639
3957,0.27536,0.273414,0.257482,0.926794,0.599014,0.0600213,-0.110942
3958,0.293895,0.242118,0.284127,0.927713,0.592911,0.0346586,-0.10984
3959,0.305167,0.00311492,0.952521,-0.304458,0.590667,0.017404,-0.109485
3960,0.320219,-0.122735,0.946323,-0.299014,0.590112,-0.00870199,-0.109352
3961,0.335856,-0.24571,0.923514,-0.294531,0.592911,-0.0346586,-0.10984
3962,0.350112,-0.363792,0.885382,-0.289403,0.599014,-0.0600213,-0.110942
3963,0.3605,-0.474891,0.83374,-0.281703,0.608318,-0.0843573,-0.112639
3964,0.367853,-0.577911,0.76931,-0.272361,0.620662,-0.107251,-0.1149
3965,0.373764,-0.671329,0.692855,-0.263193,0.635838,-0.128309,-0.117689
3966,0.376946,-0.754262,0.60585,-0.25305,0.653583,-0.147171,-0.120956
3967,0.378212,-0.825363,0.509599,-0.243074,0.673596,-0.163515,-0.124647
3968,0.378128,-0.883776,0.405332,-0.233765,0.695532,-0.177061,-0.128697
3969,0.376816,-0.928705,0.29445,-0.225403,0.719017,-0.187579,-0.133038
3970,0.372659,-0.959713,0.178974,-0.21661,0.74365,-0.194885,-0.137595
3971,0.369484,-0.975614,0.0600973,-0.211104,0.769009,-0.198859,-0.142291
3972,0.368531,-0.975814,-0.060122,-0.210173,0.794659,-0.199429,-0.147045
3973,0.364524,-0.961354,-0.179603,-0.208667,0.820163,-0.196587,-0.151776
3974,0.36067,-0.931716,-0.296496,-0.209751,0.845083,-0.190381,-0.156402
3975,0.356082,-0.887436,-0.40913,-0.212295,0.868993,-0.180919,-0.160845
3976,0.351912,-0.82894,-0.515258,-0.217641,0.891485,-0.168359,-0.165029
3977,0.347067,-0.757267,-0.613357,-0.224366,0.912173,-0.152921,-0.168881
3978,0.367847,-0.0503913,-0.27047,0.961409,0.936293,-0.128309,-0.173679
3979,0.364687,-0.0119835,-0.296613,0.954923,0.951469,-0.107251,-0.176467
3980,0.35673,0.031435,-0.313252,0.94915,0.963813,-0.0843573,-0.178729
3981,0.336794,-0.362818,-0.889779,-0.27687,0.970391,-0.0682786,-0.179771
3982,0.327778,-0.244738,-0.926175,-0.286885,0.977566,-0.0432113,-0.18113
3983,0.321746,-0.122921,-0.945824,-0.300511,0.981463,-0.017404,-0.181883
3984,0.31615,-0.0238957,-0.949195,-0.31378,0.96471,0.00870199,-0.258502
3985,0.307535,0.0990467,-0.937038,-0.334887,0.961959,0.0346586,-0.257796
3986,0.27985,0.346276,-0.26157,0.900929,0.953295,0.0682786,-0.255352
3987,0.261864,0.372332,-0.232223,0.898577,0.943151,0.0921786,-0.252606
3988,0.247309,0.394008,-0.203584,0.896276,0.930082,0.114501,-0.249078
3989,0.236011,0.412238,-0.175864,0.893942,0.914311,0.134865,-0.244828
3990,0.220073,0.422823,-0.143993,0.8947,0.89611,0.152921,-0.239928
3991,0.246063,0.724411,-0.543217,-0.424433,0.882684,0.163515,-0.236705
3992,0.195343,0.433802,-0.0859137,0.896903,0.853695,0.180919,-0.228529
3993,0.22764,0.843439,-0.315803,-0.434602,0.838061,0.187579,-0.224776
3994,0.227944,0.875936,-0.191747,-0.442684,0.813861,0.194885,-0.2183
3995,0.219838,0.895993,-0.0644249,-0.43937,0.788949,0.198859,-0.211629
3996,0.215897,0.897718,0.0644704,-0.435827,0.763751,0.199429,-0.204877
3997,0.168995,0.426312,0.0328377,0.90398,0.730563,0.194885,-0.195517
3998,0.204655,0.853338,0.317127,-0.413818,0.714217,0.190381,-0.191593
3999,0.170618,0.414048,0.0751518,0.907148,0.683291,0.177061,-0.182871
4000,0.17131,0.403864,0.0947563,0.909898,0.66174,0.163515,-0.177112
4001,0.204305,0.665173,0.649546,-0.368285,0.648314,0.152921,-0.173889
4002,0.186237,0.384212,0.139265,0.912681,0.624644,0.128309,-0.167213
4003,0.19792,0.371213,0.163525,0.914035,0.609734,0.107251,-0.163243
4004,0.217237,0.356776,0.19334,0.913964,0.597604,0.0843573,-0.160019
4005,0.241745,0.239462,0.922236,-0.303543,0.591128,0.0682786,-0.158465
4006,0.270627,0.311697,0.262208,0.913286,0.582465,0.0346586,-0.156021
4007,0.29478,-0.0179475,0.955578,-0.294193,0.580256,0.017404,-0.155491
4008,0.341453,0.234692,0.334141,0.912836,0.580256,-0.017404,-0.155491
4009,0.35365,-0.271438,0.917502,-0.290709,0.582465,-0.0346586,-0.156021
4010,0.404092,0.128037,0.37234,0.919222,0.591128,-0.0682786,-0.158465
4011,0.40014,-0.498908,0.819965,-0.280622,0.597604,-0.0843573,-0.160019
4012,0.416767,-0.599144,0.752942,-0.27222,0.609734,-0.107251,-0.163243
4013,0.426218,-0.689138,0.676546,-0.259566,0.624644,-0.128309,-0.167213
4014,0.430641,-0.768697,0.59099,-0.244615,0.642078,-0.147171,-0.171863
4015,0.432524,-0.836826,0.496779,-0.230072,0.66174,-0.163515,-0.177112
4016,0.430789,-0.892989,0.39542,-0.214972,0.683291,-0.177061,-0.182871
4017,0.467184,-0.168106,0.144852,0.975068,0.714217,-0.190381,-0.191593
4018,0.425996,-0.965516,0.174554,-0.193156,0.730563,-0.194885,-0.195517
4019,0.455919,-0.179147,0.0288346,0.9834,0.763751,-0.199429,-0.204877
4020,0.453339,-0.176586,-0.0286828,0.983867,0.788949,-0.198859,-0.211629
4021,0.446629,-0.1629,-0.0843293,0.983032,0.813861,-0.194885,-0.2183
4022,0.443763,-0.146112,-0.138085,0.979584,0.838061,-0.187579,-0.224776
4023,0.401826,-0.896808,-0.401008,-0.186888,0.853695,-0.180919,-0.228529
4024,0.420179,-0.0785306,-0.226738,0.970785,0.882684,-0.163515,-0.236705
4025,0.384536,-0.77147,-0.603847,-0.200508,0.89611,-0.152921,-0.239928
4026,0.372812,-0.689921,-0.693137,-0.208737,0.914311,-0.134865,-0.244828
4027,0.366963,-0.597461,-0.769572,-0.225388,0.930082,-0.114501,-0.249078
4028,0.357634,-0.495246,-0.834701,-0.240844,0.943151,-0.0921786,-0.252606
4029,0.343708,-0.384463,-0.887491,-0.254064,0.953295,-0.0682786,-0.255352
4030,0.335539,0.194518,-0.322962,0.926206,0.961959,-0.0346586,-0.257796
4031,0.321986,0.237594,-0.315774,0.918605,0.96471,-0.00870199,-0.258502
4032,0.299972,0.348759,-0.294863,0.88962,0.940928,0.017404,-0.333177
4033,0.298831,0.0758437,-0.939543,-0.333925,0.938768,0.0346586,-0.332476
4034,0.266113,0.4132,-0.249043,0.875924,0.930322,0.0682786,-0.32936
4035,0.270571,0.3148,-0.86839,-0.383145,0.923987,0.0843573,-0.327302
4036,0.220193,0.451541,-0.181656,0.873563,0.907672,0.114501,-0.321283
4037,0.236853,0.532146,-0.735423,-0.419493,0.897596,0.128309,-0.31801
4038,0.186402,0.470793,-0.12224,0.873734,0.874523,0.152921,-0.309497
4039,0.209491,0.706845,-0.547228,-0.448232,0.861392,0.163515,-0.30523
4040,0.156714,0.473182,-0.0690744,0.878252,0.833133,0.180919,-0.294805
4041,0.184847,0.827771,-0.31813,-0.462157,0.817841,0.187579,-0.289836
4042,0.137062,0.46858,-0.026675,0.883018,0.786323,0.196587,-0.278208
4043,0.123211,0.45856,-0.00804931,0.888627,0.761873,0.199429,-0.269546
4044,0.162306,0.886569,0.0649926,-0.458007,0.745322,0.199429,-0.264168
4045,0.123442,0.456794,0.0240408,0.889247,0.712971,0.194885,-0.252234
4046,0.11619,0.44677,0.0372825,0.893872,0.689354,0.187579,-0.243879
4047,0.114038,0.439604,0.0503657,0.896778,0.666836,0.177061,-0.235917
4048,0.147802,0.734968,0.552168,-0.393614,0.652502,0.168359,-0.23126
4049,0.15454,0.656489,0.654463,-0.375101,0.632672,0.152921,-0.224219
4050,0.159042,0.566908,0.745437,-0.350626,0.614911,0.134865,-0.217907
4051,0.164629,0.46636,0.823205,-0.323795,0.599523,0.114501,-0.212433
4052,0.164985,0.409528,0.14732,0.900324,0.583207,0.0843573,-0.206413
4053,0.196482,0.39829,0.184878,0.898435,0.574284,0.0600213,-0.203283
4054,0.233781,0.379105,0.227214,0.897025,0.568428,0.0346586,-0.20124
4055,0.295362,0.348983,0.290463,0.890978,0.565741,0.00870199,-0.20032
4056,0.323441,-0.168956,0.945312,-0.278996,0.565741,-0.00870199,-0.20032
4057,0.37957,-0.300071,0.908177,-0.291841,0.568428,-0.0346586,-0.20124
4058,0.414981,-0.417721,0.861755,-0.287903,0.574284,-0.0600213,-0.203283
4059,0.447056,-0.525828,0.801981,-0.283429,0.583207,-0.0843573,-0.206413
4060,0.491983,0.0589675,0.392863,0.917704,0.599523,-0.114501,-0.212433
4061,0.503779,0.00462115,0.363064,0.931753,0.614911,-0.134865,-0.217907
4062,0.512488,-0.0441293,0.323439,0.94522,0.632672,-0.152921,-0.224219
4063,0.520254,-0.0873622,0.276313,0.957089,0.652502,-0.168359,-0.23126
4064,0.485415,-0.901988,0.383968,-0.197448,0.666836,-0.177061,-0.235917
4065,0.480008,-0.9433,0.279538,-0.179007,0.689354,-0.187579,-0.243879
4066,0.469682,-0.972269,0.170571,-0.159995,0.712971,-0.194885,-0.252234
4067,0.508186,-0.153147,0.0318662,0.987689,0.745322,-0.199429,-0.264168
4068,0.469127,-0.986267,-0.0572133,-0.15493,0.761873,-0.199429,-0.269546
4069,0.455936,-0.974185,-0.171851,-0.146393,0.786323,-0.196587,-0.278208
4070,0.484009,-0.107011,-0.149664,0.982929,0.817841,-0.187579,-0.289836
4071,0.439033,-0.90652,-0.393739,-0.152288,0.833133,-0.180919,-0.294805
4072,0.454203,-0.0311565,-0.243896,0.969301,0.861392,-0.163515,-0.30523
4073,0.415551,-0.785472,-0.595365,-0.169039,0.874523,-0.152921,-0.309497
4074,0.421651,0.0627453,-0.307807,0.949378,0.897596,-0.128309,-0.31801
4075,0.390798,-0.616003,-0.761879,-0.200202,0.907672,-0.114501,-0.321283
4076,0.380769,0.167204,-0.333353,0.927857,0.923987,-0.0843573,-0.327302
4077,0.35609,-0.405878,-0.883364,-0.234375,0.930322,-0.0682786,-0.32936
4078,0.341857,0.264775,-0.328806,0.906521,0.938768,-0.0346586,-0.332476
4079,0.330053,-0.170918,-0.94317,-0.284987,0.940928,-0.017404,-0.333177
4080,0.296892,0.417712,-0.291924,0.860405,0.911887,0.017404,-0.405975
4081,0.290731,0.0530876,-0.941792,-0.331978,0.909788,0.0346586,-0.405106
4082,0.274687,0.173321,-0.914665,-0.365167,0.90411,0.0600213,-0.40261
4083,0.248115,0.295013,-0.873237,-0.387846,0.895459,0.0843573,-0.398789
4084,0.192302,0.507314,-0.158947,0.846976,0.879667,0.114501,-0.391508
4085,0.204003,0.514842,-0.7402,-0.432483,0.869879,0.128309,-0.387454
4086,0.191121,0.606333,-0.651021,-0.456652,0.853386,0.147171,-0.380134
4087,0.170734,0.690102,-0.550574,-0.46971,0.834789,0.163515,-0.371874
4088,0.155576,0.758186,-0.43938,-0.481767,0.814403,0.177061,-0.362814
4089,0.14195,0.811388,-0.319867,-0.489218,0.79258,0.187579,-0.35311
4090,0.130772,0.848298,-0.194405,-0.492541,0.769692,0.194885,-0.342928
4091,0.117094,0.870861,-0.0652921,-0.487174,0.746129,0.198859,-0.332442
4092,0.114272,0.872234,0.0653061,-0.484708,0.722298,0.199429,-0.321831
4093,0.11308,0.857026,0.1947,-0.477073,0.698603,0.196587,-0.311278
4094,0.0614453,0.470667,0.019749,0.88209,0.668094,0.187579,-0.297214
4095,0.0941395,0.788253,0.441841,-0.428292,0.653239,0.180919,-0.29106
4096,0.0984239,0.725765,0.554664,-0.406956,0.632346,0.168359,-0.281742
4097,0.104118,0.649486,0.657778,-0.38144,0.61313,0.152921,-0.273166
4098,0.111338,0.560572,0.749359,-0.352448,0.595919,0.134865,-0.26548
4099,0.119642,0.460968,0.82769,-0.320059,0.581008,0.114501,-0.258816
4100,0.129117,0.352272,0.891395,-0.285168,0.568651,0.0921786,-0.253286
4101,0.150605,0.231323,0.938011,-0.258117,0.559061,0.0682786,-0.248986
4102,0.190393,0.09804,0.964473,-0.245316,0.552402,0.0432113,-0.24599
4103,0.247076,-0.043791,0.968188,-0.246362,0.548788,0.017404,-0.244348
4104,0.363733,0.370154,0.355006,0.858462,0.548788,-0.017404,-0.244348
4105,0.432059,0.306042,0.410705,0.858871,0.552402,-0.0432113,-0.24599
4106,0.481709,0.235876,0.438746,0.867101,0.559061,-0.0682786,-0.248986
4107,0.514839,0.166731,0.441671,0.881548,0.568651,-0.0921786,-0.253286
4108,0.533995,0.103733,0.423298,0.900032,0.581008,-0.114501,-0.258816
4109,0.548597,0.0451278,0.392215,0.918766,0.595919,-0.134865,-0.26548
4110,0.560083,-0.00792693,0.350422,0.936558,0.61313,-0.152921,-0.273166
4111,0.568123,-0.0532824,0.299084,0.952738,0.632346,-0.168359,-0.281742
4112,0.573604,-0.0902671,0.240188,0.96652,0.653239,-0.180919,-0.29106
4113,0.53307,-0.949838,0.270718,-0.156587,0.668094,-0.187579,-0.297214
4114,0.554961,-0.113476,0.102875,0.9882,0.698603,-0.196587,-0.311278
4115,0.554059,-0.120769,0.0344574,0.992082,0.722298,-0.199429,-0.321831
4116,0.551266,-0.117979,-0.0343018,0.992424,0.746129,-0.198859,-0.332442
4117,0.536247,-0.0951557,-0.0997485,0.990452,0.769692,-0.194885,-0.342928
4118,0.52346,-0.0672521,-0.160777,0.984697,0.79258,-0.187579,-0.35311
4119,0.507722,-0.0300774,-0.215179,0.976111,0.814403,-0.177061,-0.362814
4120,0.489847,0.0142457,-0.26153,0.96509,0.834789,-0.163515,-0.371874
4121,0.466606,0.0668545,-0.296731,0.952618,0.853386,-0.147171,-0.380134
4122,0.450493,0.116292,-0.327473,0.937677,0.869879,-0.128309,-0.387454
4123,0.414274,-0.633917,-0.753831,-0.172884,0.879667,-0.114501,-0.391508
4124,0.397978,0.230366,-0.347643,0.908887,0.895459,-0.0843573,-0.398789
4125,0.365668,-0.425743,-0.880034,-0.210435,0.901613,-0.0682786,-0.401338
4126,0.344363,0.334318,-0.33112,0.882378,0.909788,-0.0346586,-0.405106
4127,0.328254,-0.192095,-0.943772,-0.269062,0.911887,-0.017404,-0.405975
4128,0.292445,0.484303,-0.287678,0.826252,0.877223,0.017404,-0.476269
4129,0.28036,0.0322217,-0.944557,-0.326762,0.875199,0.0346586,-0.475238
4130,0.253761,0.155457,-0.919627,-0.36072,0.869735,0.0600213,-0.472304
4131,0.194796,0.554031,-0.17363,0.814188,0.858122,0.0921786,-0.465801
4132,0.161113,0.560026,-0.133414,0.817662,0.846237,0.114501,-0.459319
4133,0.167088,0.500532,-0.7446,-0.441631,0.836797,0.128309,-0.454509
4134,0.147241,0.593821,-0.655053,-0.467208,0.820931,0.147171,-0.445918
4135,0.0793181,0.544563,-0.0440434,0.837563,0.796856,0.168359,-0.432435
4136,0.101163,0.748487,-0.441638,-0.494695,0.783427,0.177061,-0.425593
4137,0.0890841,0.799648,-0.321186,-0.507349,0.762432,0.187579,-0.414206
4138,0.02567,0.510422,-0.00501105,0.859909,0.73312,0.196587,-0.397791
4139,0.0587891,0.860852,-0.0654814,-0.504624,0.717746,0.198859,-0.389958
4140,0.0588699,0.860829,0.065477,-0.504664,0.694821,0.199429,-0.37751
4141,0.0573769,0.84635,0.19521,-0.495566,0.672028,0.196587,-0.36513
4142,0.00952915,0.496471,0.00306462,0.868048,0.642716,0.187579,-0.348715
4143,0.0417893,0.779158,0.44259,-0.443876,0.628389,0.180919,-0.341416
4144,0.046263,0.718535,0.55582,-0.418057,0.608292,0.168359,-0.330486
4145,0.0518459,0.64472,0.659425,-0.386646,0.589807,0.152921,-0.32043
4146,0.0403729,0.511412,0.0303564,0.858799,0.56835,0.128309,-0.308413
4147,0.0719766,0.459365,0.830626,-0.314713,0.55891,0.114501,-0.303604
4148,0.0881232,0.350142,0.894756,-0.27715,0.547025,0.0921786,-0.297122
4149,0.115228,0.228721,0.942025,-0.245512,0.537802,0.0682786,-0.292082
4150,0.192607,0.512139,0.187746,0.838132,0.529949,0.0346586,-0.287684
4151,0.242573,-0.0607845,0.969248,-0.238461,0.527925,0.017404,-0.286652
4152,0.354148,0.438519,0.34605,0.829428,0.527925,-0.017404,-0.286652
4153,0.400529,-0.350087,0.900215,-0.258945,0.529949,-0.0346586,-0.287684
4154,0.511983,0.288668,0.463946,0.837511,0.537802,-0.0682786,-0.292082
4155,0.52085,-0.581606,0.770201,-0.261773,0.543736,-0.0843573,-0.295106
4156,0.581767,0.142003,0.457005,0.878056,0.55891,-0.114501,-0.303604
4157,0.566058,-0.749816,0.624125,-0.219647,0.56835,-0.128309,-0.308413
4158,0.610342,0.0245635,0.378042,0.925462,0.589807,-0.152921,-0.32043
4159,0.618561,-0.0224685,0.32233,0.946361,0.608292,-0.168359,-0.330486
4160,0.624669,-0.061213,0.258845,0.963977,0.628389,-0.180919,-0.341416
4161,0.583335,-0.956239,0.261646,-0.130952,0.642716,-0.187579,-0.348715
4162,0.609275,-0.0890055,0.111733,0.989744,0.672028,-0.196587,-0.36513
4163,0.607764,-0.0960318,0.0373968,0.994676,0.694821,-0.199429,-0.37751
4164,0.607741,-0.0960112,-0.037398,0.994677,0.717746,-0.198859,-0.389958
4165,0.562769,-0.982033,-0.160984,-0.0984648,0.73312,-0.196587,-0.397791
4166,0.573722,-0.0379915,-0.174563,0.983913,0.762432,-0.187579,-0.414206
4167,0.560123,-0.00170611,-0.235149,0.971958,0.783427,-0.177061,-0.425593
4168,0.5139,-0.87359,-0.474864,-0.106517,0.796856,-0.168359,-0.432435
4169,0.507962,0.107947,-0.320839,0.940962,0.820931,-0.147171,-0.445918
4170,0.483997,0.164943,-0.349961,0.922129,0.836797,-0.128309,-0.454509
4171,0.440919,-0.651645,-0.744202,-0.146703,0.846237,-0.114501,-0.459319
4172,0.408525,-0.553073,-0.816884,-0.163742,0.858122,-0.0921786,-0.465801
4173,0.371593,0.35351,-0.343862,0.869937,0.869735,-0.0600213,-0.472304
4174,0.347672,0.401422,-0.334171,0.852754,0.875199,-0.0346586,-0.475238
4175,0.328643,-0.212793,-0.943625,-0.253558,0.877223,-0.017404,-0.476269
4176,0.301575,-0.111762,-0.953583,-0.279623,0.837612,0.00870199,-0.543962
4177,0.269836,0.0125717,-0.947306,-0.320083,0.835214,0.0346586,-0.54244
4178,0.211325,0.599247,-0.198639,0.775529,0.827729,0.0682786,-0.537439
4179,0.210885,0.253813,-0.880264,-0.400891,0.822051,0.0843573,-0.533959
4180,0.138603,0.614034,-0.1149,0.780872,0.807591,0.114501,-0.524298
4181,0.0984342,0.606734,-0.0739166,0.791461,0.793906,0.134865,-0.515383
4182,0.0729618,0.599652,-0.0480833,0.798815,0.77811,0.152921,-0.505099
4183,0.049824,0.589297,-0.0276824,0.807442,0.760471,0.168359,-0.493622
4184,0.0179356,0.568848,-0.00793771,0.822405,0.741292,0.180919,-0.48115
4185,-0.00509302,0.551553,0.00163808,0.834139,0.720903,0.190381,-0.467896
4186,-0.0241865,0.535691,0.00472156,0.844401,0.699649,0.196587,-0.454085
4187,0.008245,0.846504,-0.0654624,-0.528342,0.684938,0.198859,-0.44507
4188,-0.0348915,0.5263,-0.00228462,0.850296,0.65602,0.198859,-0.425748
4189,-0.0400835,0.52244,-0.00782354,0.85264,0.634388,0.194885,-0.411704
4190,-0.0441242,0.520309,-0.0141867,0.85386,0.613374,0.187579,-0.398066
4191,-0.0461943,0.520533,-0.020438,0.853597,0.593338,0.177061,-0.385068
4192,-0.0411924,0.526623,-0.0228905,0.849791,0.57462,0.163515,-0.372932
4193,-0.0324563,0.534966,-0.0214046,0.844602,0.557544,0.147171,-0.361864
4194,-0.0218157,0.543504,-0.0164071,0.839246,0.5424,0.128309,-0.352054
4195,-0.00170745,0.554783,-0.00141999,0.831994,0.529447,0.107251,-0.343671
4196,0.0236422,0.564102,0.0212053,0.825433,0.518906,0.0843573,-0.336858
4197,0.0599184,0.570559,0.0567089,0.819296,0.51096,0.0600213,-0.33173
4198,0.117905,0.570796,0.115375,0.812945,0.505744,0.0346586,-0.328376
4199,0.247866,0.551922,0.244811,0.797151,0.503346,0.00870199,-0.326854
4200,0.321677,-0.228546,0.945838,-0.230558,0.503346,-0.00870199,-0.326854
4201,0.46995,-0.399284,0.871094,-0.28595,0.505744,-0.0346586,-0.328376
4202,0.542195,-0.519688,0.804954,-0.286309,0.51096,-0.0600213,-0.33173
4203,0.59206,-0.619364,0.735528,-0.274565,0.518906,-0.0843573,-0.336858
4204,0.612288,-0.70112,0.66996,-0.244098,0.529447,-0.107251,-0.343671
4205,0.627773,-0.772838,0.597091,-0.214952,0.5424,-0.128309,-0.352054
4206,0.634457,-0.834534,0.519498,-0.183506,0.557544,-0.147171,-0.361864
4207,0.639404,-0.886775,0.43496,-0.156332,0.57462,-0.163515,-0.372932
4208,0.640874,-0.929231,0.345239,-0.131681,0.593338,-0.177061,-0.385068
4209,0.635136,-0.961973,0.25163,-0.106258,0.613374,-0.187579,-0.398066
4210,0.62863,-0.984385,0.153379,-0.0863788,0.634388,-0.194885,-0.411704
4211,0.621535,-0.996024,0.0517084,-0.0725438,0.65602,-0.198859,-0.425748
4212,0.656095,-0.065901,-0.0399531,0.997026,0.684938,-0.198859,-0.44507
4213,0.610309,-0.985467,-0.155565,-0.0682214,0.699649,-0.196587,-0.454085
4214,0.591208,-0.963484,-0.260183,-0.0632665,0.720903,-0.190381,-0.467896
4215,0.569364,-0.929228,-0.364142,-0.0627304,0.741292,-0.180919,-0.48115
4216,0.54036,-0.882002,-0.467053,-0.0627278,0.760471,-0.168359,-0.493622
4217,0.522866,-0.823512,-0.561518,-0.0807805,0.77811,-0.152921,-0.505099
4218,0.499053,-0.752595,-0.650867,-0.0998678,0.793906,-0.134865,-0.515383
4219,0.456944,-0.665756,-0.738129,-0.109245,0.807591,-0.114501,-0.524298
4220,0.419349,0.357804,-0.365231,0.859408,0.822051,-0.0843573,-0.533959
4221,0.387683,-0.462482,-0.872135,-0.159657,0.827729,-0.0682786,-0.537439
4222,0.350226,0.466237,-0.336528,0.818152,0.835214,-0.0346586,-0.54244
4223,0.326418,-0.230889,-0.944355,-0.234273,0.837151,-0.017404,-0.543627
4224,0.291685,-0.127325,-0.956443,-0.262689,0.792351,0.00870199,-0.608004
4225,0.259126,-0.00580576,-0.949965,-0.312303,0.790079,0.0346586,-0.606298
4226,0.227296,0.114611,-0.925246,-0.361641,0.785142,0.0600213,-0.602546
4227,0.182753,0.240425,-0.884796,-0.399163,0.777623,0.0843573,-0.59681
4228,0.116596,0.665598,-0.0967455,0.740013,0.763966,0.114501,-0.586045
4229,0.0698598,0.653718,-0.0525011,0.754915,0.751022,0.134865,-0.576083
4230,0.075677,0.561036,-0.658901,-0.501086,0.741067,0.147171,-0.56885
4231,0.0486198,0.642844,-0.555781,-0.527124,0.724911,0.163515,-0.556476
4232,0.0270974,0.709267,-0.442576,-0.548695,0.707204,0.177061,-0.542908
4233,-0.0476319,0.582996,0.015314,0.812331,0.68197,0.190381,-0.523015
4234,-0.0729628,0.561282,0.0142319,0.827502,0.661866,0.196587,-0.507579
4235,-0.0402954,0.830296,-0.0652874,-0.553485,0.647907,0.198859,-0.497437
4236,-0.08903,0.546974,-0.00582288,0.837129,0.620594,0.198859,-0.475905
4237,-0.0558492,0.825103,0.194374,-0.530494,0.606634,0.196587,-0.465763
4238,-0.101981,0.540161,-0.0327414,0.840924,0.580252,0.187579,-0.444964
4239,-0.0681371,0.764338,0.440252,-0.471133,0.567244,0.180919,-0.435514
4240,-0.0988884,0.551621,-0.0548777,0.832288,0.54359,0.163515,-0.416866
4241,-0.0658276,0.646511,0.65663,-0.388408,0.53242,0.152921,-0.408751
4242,-0.0792632,0.576174,-0.0595498,0.815155,0.513106,0.128309,-0.393526
4243,-0.0505016,0.479639,0.829491,-0.286165,0.504534,0.114501,-0.387298
4244,-0.0422583,0.603873,-0.037895,0.796179,0.490878,0.0843573,-0.376532
4245,-0.0163707,0.270059,0.946609,-0.176068,0.48549,0.0682786,-0.372617
4246,0.0389386,0.62458,0.0381816,0.780027,0.47842,0.0346586,-0.367044
4247,0.0947151,-0.00587235,0.993636,-0.112485,0.476582,0.017404,-0.365709
4248,0.478799,0.525844,0.45973,0.715637,0.476582,-0.017404,-0.365709
4249,0.553339,-0.459034,0.830464,-0.315623,0.47842,-0.0346586,-0.367044
4250,0.656451,0.336464,0.577966,0.74347,0.48549,-0.0682786,-0.372617
4251,0.655078,-0.657195,0.701703,-0.275149,0.490878,-0.0843573,-0.376532
4252,0.703728,0.189858,0.538139,0.821194,0.504534,-0.114501,-0.387298
4253,0.684511,-0.796113,0.570155,-0.202797,0.513106,-0.128309,-0.393526
4254,0.725329,0.071706,0.437585,0.896313,0.53242,-0.152921,-0.408751
4255,0.695566,-0.899272,0.41487,-0.138541,0.54359,-0.163515,-0.416866
4256,0.730895,-0.00913414,0.295461,0.955311,0.567244,-0.180919,-0.435514
4257,0.691606,-0.967004,0.239922,-0.0856827,0.580252,-0.187579,-0.444964
4258,0.719054,-0.041481,0.128601,0.990829,0.606634,-0.196587,-0.465763
4259,0.673663,-0.9977,0.0495422,-0.0462685,0.620594,-0.198859,-0.475905
4260,0.702056,-0.0333945,-0.0422952,0.998547,0.647907,-0.198859,-0.497437
4261,0.656513,-0.988016,-0.149943,-0.0366171,0.661866,-0.196587,-0.507579
4262,0.630642,-0.967236,-0.252543,-0.0260029,0.68197,-0.190381,-0.523015
4263,0.626299,0.0888054,-0.259425,0.961672,0.707204,-0.177061,-0.542908
4264,0.604437,0.138413,-0.31589,0.938646,0.724911,-0.163515,-0.556476
4265,0.558839,-0.834594,-0.548706,-0.048737,0.736081,-0.152921,-0.564592
4266,0.517208,-0.763012,-0.643906,-0.0565594,0.751022,-0.134865,-0.576083
4267,0.472049,-0.677457,-0.732266,-0.0695598,0.763966,-0.114501,-0.586045
4268,0.442842,0.410641,-0.384388,0.826813,0.777623,-0.0843573,-0.59681
4269,0.39209,0.475709,-0.361864,0.801721,0.785142,-0.0600213,-0.602546
4270,0.354028,0.527642,-0.340029,0.778444,0.790079,-0.0346586,-0.606298
4271,0.309936,0.57394,-0.304345,0.760241,0.792351,-0.00870199,-0.608004
4272,0.287873,-0.144966,-0.957522,-0.249272,0.742205,0.00870199,-0.668297
4273,0.240227,-0.0171809,-0.954414,-0.29799,0.740074,0.0346586,-0.666417
4274,0.194127,0.10946,-0.931439,-0.347043,0.735447,0.0600213,-0.662289
4275,0.115911,0.711786,-0.103742,0.694693,0.725673,0.0921786,-0.653255
4276,0.1192,0.339828,-0.827744,-0.446495,0.719057,0.107251,-0.647604
4277,0.0796508,0.446803,-0.750982,-0.486203,0.707574,0.128309,-0.637298
4278,-0.0195998,0.667842,0.0129274,0.744191,0.689515,0.152921,-0.620604
4279,-0.00428959,0.635079,-0.555495,-0.53675,0.679016,0.163515,-0.611637
4280,-0.0247756,0.697977,-0.441782,-0.563611,0.662428,0.177061,-0.596721
4281,-0.0984897,0.607135,0.031625,0.793969,0.638832,0.190381,-0.574909
4282,-0.0765606,0.793352,-0.193956,-0.577038,0.62605,0.194885,-0.563992
4283,-0.0902743,0.814267,-0.0649394,-0.576847,0.606881,0.198859,-0.546738
4284,-0.0982341,0.818817,0.0648744,-0.570377,0.587494,0.199429,-0.529282
4285,-0.107536,0.811295,0.193169,-0.551802,0.568221,0.196587,-0.511923
4286,-0.155946,0.562572,-0.0499523,0.825238,0.543552,0.187579,-0.489119
4287,-0.123067,0.757254,0.437063,-0.485326,0.531325,0.180919,-0.478677
4288,-0.121588,0.70744,0.549255,-0.444801,0.514334,0.168359,-0.463358
4289,-0.118957,0.64626,0.652356,-0.395954,0.498708,0.152921,-0.449264
4290,-0.1383,0.605599,-0.103683,0.788986,0.480648,0.128309,-0.43257
4291,-0.110693,0.493858,0.824369,-0.276624,0.472592,0.114501,-0.425689
4292,-0.113011,0.637894,-0.101158,0.763452,0.459822,0.0843573,-0.413884
4293,-0.0921906,0.305591,0.941806,-0.140054,0.454758,0.0682786,-0.409559
4294,-0.0817528,0.664833,-0.0800947,0.742685,0.448148,0.0346586,-0.403449
4295,-0.0564831,0.0879241,0.996127,-0.000975206,0.44642,0.017404,-0.401974
4296,0.665689,0.50423,0.616281,0.604938,0.44642,-0.017404,-0.401974
4297,0.701682,-0.550771,0.744203,-0.377905,0.448148,-0.0346586,-0.403449
4298,0.736312,0.344567,0.635968,0.69052,0.454758,-0.0682786,-0.409559
4299,0.727524,-0.698766,0.659449,-0.277222,0.459822,-0.0843573,-0.413884
4300,0.76365,0.208315,0.575143,0.791085,0.472592,-0.114501,-0.425689
4301,0.742799,-0.819787,0.540595,-0.188961,0.480648,-0.128309,-0.43257
4302,0.777408,0.0966544,0.462675,0.881244,0.498708,-0.152921,-0.449264
4303,0.781637,0.0517939,0.391565,0.918692,0.514334,-0.168359,-0.463358
4304,0.784598,0.0151237,0.312713,0.949727,0.531325,-0.180919,-0.478677
4305,0.743989,-0.971681,0.22837,-0.0606813,0.543552,-0.187579,-0.489119
4306,0.769138,-0.0131802,0.135797,0.990649,0.568221,-0.196587,-0.511923
4307,0.7588,-0.0116133,0.0450614,0.998917,0.587494,-0.199429,-0.529282
4308,0.749824,-0.00260492,-0.0446306,0.999,0.606881,-0.198859,-0.546738
4309,0.733982,0.0216053,-0.130782,0.991176,0.62605,-0.194885,-0.563992
4310,0.678773,-0.970111,-0.242645,0.00292208,0.638832,-0.190381,-0.574909
4311,0.674022,0.119389,-0.276227,0.953648,0.662428,-0.177061,-0.596721
4312,0.648107,0.172649,-0.335569,0.926059,0.679016,-0.163515,-0.611637
4313,0.595462,-0.844743,-0.534936,-0.0158824,0.689515,-0.152921,-0.620604
4314,0.553969,0.322702,-0.395638,0.859845,0.707574,-0.128309,-0.637298
4315,0.509301,0.393859,-0.4055,0.824891,0.719057,-0.107251,-0.647604
4316,0.47259,-0.60581,-0.791491,-0.0808437,0.725673,-0.0921786,-0.653255
4317,0.422124,0.522573,-0.387985,0.759201,0.735447,-0.0600213,-0.662289
4318,0.370275,0.581005,-0.354931,0.732432,0.740074,-0.0346586,-0.666417
4319,0.316271,0.630195,-0.310359,0.71171,0.742205,-0.00870199,-0.668297
4320,0.282879,-0.160522,-0.958897,-0.233985,0.687483,0.00870199,-0.724469
4321,0.18902,0.746103,-0.184293,0.639818,0.684402,0.0432113,-0.721135
4322,0.172455,0.0983907,-0.934935,-0.340904,0.681217,0.0600213,-0.717951
4323,0.0889394,0.758065,-0.0796743,0.647293,0.672182,0.0921786,-0.708177
4324,0.0783632,0.334834,-0.830319,-0.445484,0.666029,0.107251,-0.702024
4325,-0.0140361,0.727984,0.0105567,0.685513,0.651657,0.134865,-0.686476
4326,-0.0546237,0.705383,0.0360124,0.707911,0.638698,0.152921,-0.672789
4327,-0.0471324,0.621011,-0.554067,-0.554396,0.628934,0.163515,-0.663026
4328,-0.122053,0.65474,0.0538843,0.753931,0.608488,0.180919,-0.640908
4329,-0.145858,0.633115,0.0467471,0.772645,0.591756,0.190381,-0.623259
4330,-0.179196,0.603891,0.0347984,0.796307,0.574314,0.196587,-0.604869
4331,-0.148403,0.802405,-0.0643458,-0.593301,0.562114,0.198859,-0.592668
4332,-0.198457,0.586368,-0.0129113,0.809942,0.538505,0.198859,-0.567128
4333,-0.206532,0.582215,-0.0400407,0.812048,0.52075,0.194885,-0.548424
4334,-0.210811,0.583571,-0.0672966,0.809269,0.5035,0.187579,-0.530258
4335,-0.213814,0.588424,-0.0939104,0.80308,0.487051,0.177061,-0.512941
4336,-0.210388,0.600303,-0.116091,0.791302,0.471684,0.163515,-0.49677
4337,-0.204077,0.615695,-0.133679,0.776562,0.457664,0.147171,-0.482022
4338,-0.174656,0.58469,0.737009,-0.339051,0.448962,0.134865,-0.47332
4339,-0.174126,0.51264,0.815784,-0.267761,0.437736,0.114501,-0.461456
4340,-0.182207,0.667766,-0.162531,0.72641,0.425932,0.0843573,-0.448686
4341,-0.166685,0.345439,0.931858,-0.110962,0.421222,0.0682786,-0.443977
4342,-0.190932,0.274648,0.961523,-0.00646561,0.416217,0.0432113,-0.438661
4343,-0.330199,0.680271,-0.323538,0.657689,0.413135,0.00870199,-0.435327
4344,-0.458035,0.283174,0.896136,0.341692,0.413135,-0.00870199,-0.435327
4345,-0.721106,0.63894,-0.647541,0.415267,0.416217,-0.0432113,-0.438661
4346,-0.752936,0.684862,-0.64757,0.334091,0.421222,-0.0682786,-0.443977
4347,-0.770271,0.283105,0.654515,0.701044,0.425932,-0.0843573,-0.448686
4348,-0.743023,0.795747,-0.562659,0.224059,0.437736,-0.114501,-0.461456
4349,-0.740546,0.843846,-0.507424,0.174484,0.448962,-0.134865,-0.47332
4350,-0.767202,0.116329,0.488135,0.864981,0.457664,-0.147171,-0.482022
4351,-0.765698,0.0720437,0.413104,0.90783,0.471684,-0.163515,-0.49677
4352,-0.7666,0.0374243,0.329385,0.943454,0.487051,-0.177061,-0.512941
4353,-0.773497,0.0169036,0.238292,0.971046,0.5035,-0.187579,-0.530258
4354,-0.780393,0.00538219,0.143946,0.989571,0.52075,-0.194885,-0.548424
4355,0.780107,-0.998991,0.0447107,0.00429871,0.538505,-0.198859,-0.567128
4356,-0.764312,0.998826,0.0453249,-0.0170757,0.562114,-0.198859,-0.592668
4357,0.758657,-0.990494,-0.136419,0.0176182,0.574314,-0.196587,-0.604869
4358,0.723673,-0.971842,-0.232942,0.0355073,0.591756,-0.190381,-0.623259
4359,0.699865,-0.94399,-0.328298,0.0332125,0.608488,-0.180919,-0.640908
4360,0.689178,0.207913,-0.353458,0.912053,0.628934,-0.163515,-0.663026
4361,0.632367,-0.85378,-0.520316,0.0181813,0.638698,-0.152921,-0.672789
4362,0.593939,-0.790688,-0.612219,-0.000402723,0.651657,-0.134865,-0.686476
4363,0.547155,0.431005,-0.432673,0.791851,0.666029,-0.107251,-0.702024
4364,0.496032,-0.62201,-0.781369,-0.0506522,0.672182,-0.0921786,-0.708177
4365,0.440675,0.571163,-0.403946,0.714563,0.681217,-0.0600213,-0.717951
4366,0.40354,-0.414786,-0.899064,-0.140131,0.684402,-0.0432113,-0.721135
4367,0.3191,0.683326,-0.31304,0.659599,0.687483,-0.00870199,-0.724469
4368,0.276753,-0.173662,-0.960586,-0.217061,0.628522,0.00870199,-0.776175
4369,0.18808,0.794025,-0.183387,0.579563,0.625712,0.0432113,-0.77261
4370,0.157935,0.0830821,-0.937024,-0.339238,0.622787,0.0600213,-0.769185
4371,0.059017,0.800089,-0.052909,0.597543,0.614547,0.0921786,-0.758733
4372,0.0367423,0.332031,-0.831565,-0.445258,0.608896,0.107251,-0.752117
4373,-0.0546762,0.761838,0.041101,0.646462,0.595788,0.134865,-0.735489
4374,-0.0494533,0.525828,-0.657556,-0.539559,0.587796,0.147171,-0.726131
4375,-0.0930795,0.609036,-0.551488,-0.570032,0.574975,0.163515,-0.710328
4376,-0.173924,0.677399,0.0765876,0.731618,0.556328,0.180919,-0.686673
4377,-0.154036,0.72475,-0.315758,-0.6124,0.545885,0.187579,-0.674447
4378,-0.179954,0.762969,-0.190606,-0.617696,0.530114,0.194885,-0.654984
4379,-0.201471,0.787113,-0.0636009,-0.613521,0.51388,0.198859,-0.634944
4380,-0.211962,0.793557,0.0634369,-0.605181,0.497463,0.199429,-0.61467
4381,-0.224657,0.790585,0.188524,-0.58261,0.481142,0.196587,-0.59451
4382,-0.232167,0.774022,0.310025,-0.552063,0.465198,0.190381,-0.574808
4383,-0.23539,0.744872,0.42649,-0.513101,0.449902,0.180919,-0.555901
4384,-0.23573,0.704487,0.535948,-0.465251,0.435516,0.168359,-0.538113
4385,-0.262706,0.637537,-0.171298,0.751134,0.418433,0.147171,-0.516444
4386,-0.233384,0.595686,0.726963,-0.341589,0.410441,0.134865,-0.507086
4387,-0.23643,0.532946,0.804076,-0.263496,0.400181,0.114501,-0.494378
4388,-0.250694,0.692892,-0.222531,0.685843,0.389415,0.0843573,-0.480721
4389,-0.239255,0.388334,0.917114,-0.0899972,0.38509,0.0682786,-0.475657
4390,-0.287453,0.343859,0.938422,0.0335434,0.380516,0.0432113,-0.469964
4391,-0.389906,0.710993,-0.379289,0.592139,0.377706,0.00870199,-0.466399
4392,-0.479853,0.324783,0.886369,0.329948,0.377706,-0.00870199,-0.466399
4393,-0.610718,0.712577,-0.562451,0.419384,0.380516,-0.0432113,-0.469964
4394,-0.673104,0.738013,-0.590376,0.326793,0.38509,-0.0682786,-0.475657
4395,-0.697736,0.281335,0.69729,0.65927,0.389415,-0.0843573,-0.480721
4396,-0.679562,0.826902,-0.522658,0.207512,0.400181,-0.114501,-0.494378
4397,-0.68186,0.866872,-0.473996,0.154469,0.410441,-0.134865,-0.507086
4398,-0.709228,0.131712,0.513025,0.848209,0.418433,-0.147171,-0.516444
4399,-0.677003,0.93452,-0.348219,0.0735932,0.435516,-0.168359,-0.538113
4400,-0.676599,0.959925,-0.27713,0.0417571,0.449902,-0.180919,-0.555901
4401,-0.679291,0.979267,-0.202054,0.0145072,0.465198,-0.190381,-0.574808
4402,-0.686883,0.992258,-0.123812,-0.00970107,0.481142,-0.196587,-0.59451
4403,-0.700763,0.998593,-0.042229,-0.0320642,0.497463,-0.199429,-0.61467
4404,-0.712743,0.998112,0.0428231,-0.0440355,0.51388,-0.198859,-0.634944
4405,-0.737262,0.989564,0.131257,-0.0594452,0.530114,-0.194885,-0.654984
4406,-0.766925,0.972245,0.223179,-0.0702196,0.545885,-0.187579,-0.674447
4407,0.74996,-0.947832,-0.313005,0.0603563,0.556328,-0.180919,-0.686673
4408,0.733579,0.238752,-0.372176,0.89693,0.574975,-0.163515,-0.710328
4409,0.684278,0.314382,-0.41695,0.852829,0.587796,-0.147171,-0.726131
4410,0.632867,-0.80334,-0.594747,0.0303433,0.595788,-0.134865,-0.735489
4411,0.585747,0.464358,-0.459759,0.756964,0.608896,-0.107251,-0.752117
4412,0.522349,-0.638296,-0.769521,-0.0203853,0.614547,-0.0921786,-0.758733
4413,0.451061,0.620077,-0.412818,0.667148,0.622787,-0.0600213,-0.769185
4414,0.40003,-0.422146,-0.900432,-0.10495,0.625712,-0.0432113,-0.77261
4415,0.321033,0.732432,-0.314871,0.603656,0.628522,-0.00870199,-0.776175
4416,0.237986,0.816583,-0.235243,0.527117,0.565389,0.017404,-0.822609
4417,0.21146,-0.0622126,-0.960525,-0.271147,0.564054,0.0346586,-0.820772
4418,0.126345,0.0829982,-0.940872,-0.328437,0.560518,0.0600213,-0.815677
4419,0.0675359,0.203519,-0.895906,-0.394884,0.555138,0.0843573,-0.807899
4420,-0.0615585,0.810901,0.0511619,0.582942,0.545477,0.114501,-0.79344
4421,-0.105221,0.788415,0.0789944,0.610051,0.536246,0.134865,-0.779966
4422,-0.103639,0.524298,-0.653763,-0.545623,0.529012,0.147171,-0.770011
4423,-0.191903,0.728129,0.106016,0.677192,0.513682,0.168359,-0.747068
4424,-0.229157,0.69657,0.100537,0.71041,0.500736,0.180919,-0.728205
4425,-0.214375,0.716502,-0.311501,-0.624173,0.491286,0.187579,-0.715197
4426,-0.293035,0.638647,0.0563977,0.76743,0.472621,0.196587,-0.687265
4427,-0.263597,0.777074,-0.0625108,-0.626298,0.462479,0.198859,-0.673305
4428,-0.319101,0.615584,-0.0205451,0.787804,0.443156,0.198859,-0.644387
4429,-0.330835,0.609392,-0.0634212,0.790329,0.428546,0.194885,-0.623135
4430,-0.295307,0.768647,0.303993,-0.562824,0.418664,0.190381,-0.609535
4431,-0.29289,0.739529,0.419008,-0.52681,0.404899,0.180919,-0.589486
4432,-0.32459,0.640751,-0.177272,0.747002,0.388166,0.163515,-0.564442
4433,-0.321462,0.656955,-0.208405,0.724553,0.376624,0.147171,-0.547682
4434,-0.29336,0.608574,0.714108,-0.34596,0.36939,0.134865,-0.537726
4435,-0.319497,0.692495,-0.261216,0.67247,0.357628,0.107251,-0.520121
4436,-0.318481,0.712764,-0.280876,0.64271,0.350498,0.0843573,-0.509792
4437,-0.329312,0.729085,-0.306255,0.612081,0.345118,0.0600213,-0.502014
4438,-0.342893,0.387266,0.921163,0.0385193,0.34247,0.0432113,-0.49837
4439,-0.419462,0.74461,-0.406399,0.529523,0.339949,0.00870199,-0.494596
4440,-0.479114,0.349203,0.886665,0.303122,0.339949,-0.00870199,-0.494596
4441,-0.559882,0.762053,-0.520893,0.384638,0.34247,-0.0432113,-0.49837
4442,-0.600627,0.312687,0.78799,0.530376,0.345118,-0.0600213,-0.502014
4443,-0.62891,0.276362,0.734408,0.619895,0.350498,-0.0843573,-0.509792
4444,-0.638102,0.22882,0.678681,0.697877,0.357628,-0.107251,-0.520121
4445,-0.622244,0.889044,-0.43837,0.132032,0.36939,-0.134865,-0.537726
4446,-0.651252,0.144816,0.536195,0.831579,0.376624,-0.147171,-0.547682
4447,-0.653131,0.10768,0.452239,0.885373,0.388166,-0.163515,-0.564442
4448,-0.619586,0.966211,-0.257025,0.0193463,0.404899,-0.180919,-0.589486
4449,-0.616457,0.98256,-0.185938,-0.00187317,0.418664,-0.190381,-0.609535
4450,-0.657532,0.0386584,0.159017,0.986519,0.428546,-0.194885,-0.623135
4451,-0.671678,0.0444095,0.0528209,0.997616,0.443156,-0.198859,-0.644387
4452,-0.651212,0.997344,0.0396968,-0.0610613,0.462479,-0.198859,-0.673305
4453,-0.700575,0.0813669,-0.153997,0.984715,0.472621,-0.196587,-0.687265
4454,-0.707148,0.973856,0.208952,-0.0891293,0.491286,-0.187579,-0.715197
4455,-0.76653,0.184569,-0.329395,0.925977,0.500736,-0.180919,-0.728205
4456,0.766934,-0.918124,-0.387425,0.0833731,0.513682,-0.168359,-0.747068
4457,0.737408,0.334697,-0.4435,0.831436,0.529012,-0.147171,-0.770011
4458,0.681923,-0.818774,-0.571465,0.0551114,0.536246,-0.134865,-0.779966
4459,0.639446,-0.754099,-0.65635,0.0232221,0.545477,-0.114501,-0.79344
4460,0.543314,0.58479,-0.463746,0.665553,0.555138,-0.0843573,-0.807899
4461,0.477866,0.656243,-0.435505,0.616182,0.560518,-0.0600213,-0.815677
4462,0.387307,0.728977,-0.370451,0.575638,0.564054,-0.0346586,-0.820772
4463,0.350281,-0.32134,-0.936406,-0.14101,0.565389,-0.017404,-0.822609
4464,0.274972,-0.20399,-0.961074,-0.186345,0.499364,0.00870199,-0.864942
4465,0.173856,-0.0504234,-0.967295,-0.248593,0.497918,0.0346586,-0.862497
4466,0.0404283,0.878125,-0.0382752,0.476898,0.49352,0.0682786,-0.854643
4467,0.0129091,0.219866,-0.896999,-0.383473,0.49004,0.0843573,-0.848965
4468,-0.100388,0.840915,0.08335,0.534711,0.481543,0.114501,-0.833792
4469,-0.154965,0.812348,0.116084,0.571502,0.473397,0.134865,-0.819635
4470,-0.155081,0.5212,-0.648393,-0.554921,0.466967,0.147171,-0.809143
4471,-0.191009,0.589583,-0.541991,-0.598863,0.456776,0.163515,-0.791529
4472,-0.235203,0.655318,-0.426508,-0.623418,0.445609,0.177061,-0.772217
4473,-0.273562,0.707293,-0.306217,-0.637155,0.433657,0.187579,-0.751539
4474,-0.344936,0.659064,0.0660182,0.749184,0.417242,0.196587,-0.722227
4475,-0.319312,0.762712,-0.0613273,-0.643824,0.408226,0.198859,-0.707515
4476,-0.378464,0.630615,-0.0241986,0.775719,0.391232,0.198859,-0.677169
4477,-0.347334,0.772328,0.180888,-0.608924,0.382216,0.196587,-0.662457
4478,-0.350684,0.758294,0.29773,-0.579955,0.36955,0.190381,-0.640504
4479,-0.34977,0.733757,0.410194,-0.54161,0.3574,0.180919,-0.619437
4480,-0.382779,0.657651,-0.207622,0.724147,0.342683,0.163515,-0.593158
4481,-0.351752,0.665557,0.612209,-0.42689,0.335469,0.152921,-0.581385
4482,-0.351582,0.620912,0.699189,-0.354405,0.326062,0.134865,-0.56505
4483,-0.373947,0.713078,-0.303794,0.631845,0.315718,0.107251,-0.546577
4484,-0.371657,0.734494,-0.325757,0.595316,0.30942,0.0843573,-0.53572
4485,-0.37517,0.75429,-0.34701,0.557343,0.304667,0.0600213,-0.527544
4486,-0.38269,0.420127,0.907012,0.0286956,0.302313,0.0432113,-0.523704
4487,-0.417895,0.385221,0.910984,0.147352,0.300354,0.017404,-0.520252
4488,-0.49642,0.78239,-0.475263,0.40248,0.300354,-0.017404,-0.520252
4489,-0.529032,0.801287,-0.495017,0.336002,0.302313,-0.0432113,-0.523704
4490,-0.561936,0.321657,0.807683,0.494151,0.304667,-0.0600213,-0.527544
4491,-0.578881,0.281761,0.759273,0.586613,0.30942,-0.0843573,-0.53572
4492,-0.586108,0.237387,0.702695,0.670722,0.315718,-0.107251,-0.546577
4493,-0.564746,0.909354,-0.402546,0.105031,0.326062,-0.134865,-0.56505
4494,-0.563495,0.933776,-0.352307,0.062781,0.335469,-0.152921,-0.581385
4495,-0.595829,0.122394,0.470024,0.874126,0.342683,-0.163515,-0.593158
4496,-0.563157,0.971674,-0.236282,-0.00451894,0.3574,-0.180919,-0.619437
4497,-0.561834,0.984853,-0.17134,-0.0265913,0.36955,-0.190381,-0.640504
4498,-0.565668,0.993438,-0.104645,-0.0461533,0.382216,-0.196587,-0.662457
4499,-0.613215,0.0643498,0.0549954,0.996411,0.391232,-0.198859,-0.677169
4500,-0.59625,0.995737,0.0367761,-0.0845865,0.408226,-0.198859,-0.707515
4501,-0.649706,0.108241,-0.159893,0.981182,0.417242,-0.196587,-0.722227
4502,-0.648412,0.97483,0.194234,-0.109452,0.433657,-0.187579,-0.751539
4503,-0.692018,0.951374,0.282415,-0.123005,0.445609,-0.177061,-0.772217
4504,-0.741941,0.917638,0.375588,-0.129903,0.456776,-0.163515,-0.791529
4505,-0.78316,0.87743,0.465368,-0.116402,0.466967,-0.147171,-0.809143
4506,0.730259,-0.832895,-0.547157,0.0830905,0.473397,-0.134865,-0.819635
4507,0.675321,-0.768178,-0.637629,0.0577227,0.481543,-0.114501,-0.833792
4508,0.595372,0.601248,-0.503057,0.620834,0.49004,-0.0843573,-0.848965
4509,0.536043,-0.588973,-0.808,-0.0157118,0.49352,-0.0682786,-0.854643
4510,0.418253,0.758599,-0.398372,0.515584,0.497918,-0.0346586,-0.862497
4511,0.312438,0.820447,-0.306723,0.482481,0.499364,-0.00870199,-0.864942
4512,0.251767,-0.197487,-0.967036,-0.160752,0.429962,0.00870199,-0.901455
4513,0.0939714,0.911789,-0.0920322,0.400214,0.428062,0.0432113,-0.897333
4514,0.0612235,0.0901417,-0.945897,-0.311694,0.426017,0.0600213,-0.893319
4515,-0.0481308,0.244123,-0.895078,-0.373149,0.421921,0.0843573,-0.884795
4516,-0.154793,0.861446,0.128224,0.491395,0.41464,0.114501,-0.869003
4517,-0.209747,0.830785,0.156594,0.534111,0.40763,0.134865,-0.854251
4518,-0.216319,0.526187,-0.639812,-0.56015,0.402043,0.147171,-0.843286
4519,-0.264226,0.598475,-0.531523,-0.599425,0.393266,0.163515,-0.824927
4520,-0.357419,0.719414,0.154847,0.677101,0.380656,0.180919,-0.797573
4521,-0.337453,0.701285,-0.299305,-0.647006,0.373356,0.187579,-0.783247
4522,-0.356264,0.728255,-0.180219,-0.661185,0.362564,0.194885,-0.760639
4523,-0.377883,0.749833,-0.059876,-0.658912,0.351457,0.198859,-0.737363
4524,-0.437162,0.64585,-0.0277264,0.762961,0.336896,0.198859,-0.705777
4525,-0.405944,0.761188,0.176288,-0.624112,0.329062,0.196587,-0.690404
4526,-0.446198,0.648166,-0.138787,0.748745,0.314998,0.187579,-0.659895
4527,-0.445296,0.657876,-0.190639,0.728598,0.304706,0.177061,-0.638343
4528,-0.441862,0.672103,-0.237705,0.701266,0.295088,0.163515,-0.618216
4529,-0.436472,0.689962,-0.278838,0.667983,0.286311,0.147171,-0.599856
4530,-0.407769,0.631935,0.682503,-0.367216,0.280724,0.134865,-0.588891
4531,-0.423764,0.732217,-0.341978,0.58899,0.27186,0.107251,-0.569663
4532,-0.402747,0.539383,0.818995,-0.19574,0.26791,0.0921786,-0.56191
4533,-0.418762,0.774988,-0.385082,0.501104,0.262337,0.0600213,-0.549822
4534,-0.419333,0.450347,0.89277,0.0122169,0.260293,0.0432113,-0.545809
4535,-0.448137,0.420259,0.898194,0.12896,0.25861,0.017404,-0.542213
4536,-0.476451,0.819556,-0.457648,0.3448,0.25861,-0.017404,-0.542213
4537,-0.500715,0.835838,-0.470842,0.28228,0.260293,-0.0432113,-0.545809
4538,-0.525505,0.328425,0.825168,0.459602,0.262337,-0.0600213,-0.549822
4539,-0.534742,0.288309,0.779616,0.555947,0.266434,-0.0843573,-0.558346
4540,-0.537069,0.245217,0.723684,0.645097,0.27186,-0.107251,-0.569663
4541,-0.509845,0.927303,-0.367058,0.0733359,0.280724,-0.134865,-0.588891
4542,-0.537538,0.166821,0.576286,0.800041,0.286311,-0.147171,-0.599856
4543,-0.537947,0.135031,0.486419,0.863228,0.295088,-0.163515,-0.618216
4544,-0.538334,0.108973,0.387752,0.915299,0.304706,-0.177061,-0.638343
4545,-0.540731,0.0910396,0.281684,0.955178,0.314998,-0.187579,-0.659895
4546,-0.507458,0.993238,-0.0948867,-0.0668961,0.329062,-0.196587,-0.690404
4547,-0.554952,0.0844658,0.0569701,0.994796,0.336896,-0.198859,-0.705777
4548,-0.537623,0.993965,0.033537,-0.104445,0.351457,-0.198859,-0.737363
4549,-0.562228,0.987234,0.104072,-0.120571,0.362564,-0.194885,-0.760639
4550,-0.584455,0.976122,0.177453,-0.125284,0.373356,-0.187579,-0.783247
4551,-0.638668,0.20625,-0.36443,0.908103,0.380656,-0.180919,-0.797573
4552,-0.668251,0.928448,0.344407,-0.139167,0.393266,-0.163515,-0.824927
4553,-0.72238,0.889364,0.436135,-0.13718,0.402043,-0.147171,-0.843286
4554,0.784052,-0.847987,-0.518587,0.109478,0.40763,-0.134865,-0.854251
4555,0.728441,-0.789243,-0.608386,0.0834333,0.41464,-0.114501,-0.869003
4556,0.653125,0.608788,-0.545083,0.576422,0.421921,-0.0843573,-0.884795
4557,0.532831,0.713935,-0.48106,0.5088,0.426017,-0.0600213,-0.893319
4558,0.477683,-0.495877,-0.867529,-0.0387069,0.428062,-0.0432113,-0.897333
4559,0.326968,0.85124,-0.320487,0.415546,0.429962,-0.00870199,-0.901455
4560,0.16706,0.928888,-0.165928,0.331112,0.357733,0.017404,-0.931869
4561,0.12057,-0.0387032,-0.974576,-0.220687,0.356864,0.0346586,-0.92977
4562,-0.0183124,0.140141,-0.94654,-0.290554,0.354615,0.0600213,-0.923991
4563,-0.162672,0.901035,0.145276,0.408693,0.350008,0.0921786,-0.911503
4564,-0.213172,0.876294,0.175948,0.448499,0.345181,0.114501,-0.898856
4565,-0.26111,0.847508,0.194158,0.493997,0.33935,0.134865,-0.883599
4566,-0.323199,0.806996,0.209493,0.55215,0.332614,0.152921,-0.865995
4567,-0.370168,0.770551,0.201097,0.604823,0.32509,0.168359,-0.846343
4568,-0.404036,0.740631,0.173994,0.648993,0.316905,0.180919,-0.82498
4569,-0.442017,0.707835,0.137583,0.69285,0.3082,0.190381,-0.802272
4570,-0.467377,0.684643,0.0879629,0.723552,0.299124,0.196587,-0.778607
4571,-0.483793,0.669896,0.0304632,0.74183,0.289832,0.199429,-0.754389
4572,-0.49319,0.662864,-0.0310049,0.748098,0.280484,0.198859,-0.730035
4573,-0.502741,0.658531,-0.0940728,0.746651,0.271237,0.194885,-0.70596
4574,-0.505115,0.662437,-0.15563,0.732773,0.262253,0.187579,-0.682575
4575,-0.506717,0.669673,-0.214804,0.710913,0.253683,0.177061,-0.660282
4576,-0.471393,0.705053,0.486738,-0.515739,0.247915,0.168359,-0.646358
4577,-0.493008,0.70335,-0.312178,0.638626,0.238365,0.147171,-0.620471
4578,-0.462261,0.641496,0.664246,-0.383744,0.233655,0.134865,-0.609102
4579,-0.475898,0.745896,-0.381017,0.546319,0.226327,0.107251,-0.589238
4580,-0.466189,0.769303,-0.403182,0.495598,0.221805,0.0843573,-0.577529
4581,-0.458086,0.792297,-0.418801,0.443703,0.21839,0.0600213,-0.56871
4582,-0.45214,0.476834,0.878933,-0.0103251,0.216666,0.0432113,-0.564549
4583,-0.466885,0.827608,-0.449146,0.33665,0.215095,0.00870199,-0.56029
4584,-0.470199,0.402748,0.890725,0.21072,0.215095,-0.00870199,-0.56029
4585,-0.476015,0.864814,-0.449446,0.223821,0.216666,-0.0432113,-0.564549
4586,-0.492931,0.334892,0.839865,0.427169,0.21839,-0.0600213,-0.56871
4587,-0.493294,0.293868,0.797291,0.527227,0.221805,-0.0843573,-0.577529
4588,-0.490298,0.252146,0.742058,0.621106,0.226327,-0.107251,-0.589238
4589,-0.457618,0.942439,-0.33229,0.03732,0.233655,-0.134865,-0.609102
4590,-0.483168,0.177363,0.592884,0.785513,0.238365,-0.147171,-0.620471
4591,-0.444839,0.970695,-0.239196,-0.0231596,0.247915,-0.168359,-0.646358
4592,-0.478119,0.121601,0.399915,0.90845,0.253683,-0.177061,-0.660282
4593,-0.48316,0.109021,0.290151,0.950751,0.262253,-0.187579,-0.682575
4594,-0.48794,0.101895,0.175847,0.97913,0.271237,-0.194885,-0.70596
4595,-0.499757,0.107533,0.0586666,0.992469,0.280484,-0.198859,-0.730035
4596,-0.509774,0.117624,-0.0583723,0.991341,0.289832,-0.199429,-0.754389
4597,-0.525999,0.139516,-0.172497,0.97508,0.299124,-0.196587,-0.778607
4598,-0.553137,0.177794,-0.279765,0.943462,0.3082,-0.190381,-0.802272
4599,-0.594447,0.234626,-0.375168,0.896772,0.316905,-0.180919,-0.82498
4600,-0.627502,0.287454,-0.460382,0.839892,0.32509,-0.168359,-0.846343
4601,-0.67296,0.354777,-0.527699,0.771795,0.332614,-0.152921,-0.865995
4602,-0.735516,0.438206,-0.570572,0.694567,0.33935,-0.134865,-0.883599
4603,-0.784337,0.509083,-0.601372,0.615782,0.345181,-0.114501,-0.898856
4604,0.734668,-0.752631,-0.655085,0.0664098,0.350008,-0.0921786,-0.911503
4605,0.607265,0.707003,-0.540377,0.456223,0.354615,-0.0600213,-0.923991
4606,0.45455,0.813302,-0.430639,0.391267,0.356864,-0.0346586,-0.92977
4607,0.394968,-0.384114,-0.920033,-0.077433,0.357733,-0.017404,-0.931869
4608,0.133792,0.956222,-0.133108,0.260619,0.283517,0.017404,-0.957063
4609,0.0309832,0.0304124,-0.980548,-0.193909,0.282815,0.0346586,-0.954903
4610,-0.150144,0.938586,0.141652,0.314628,0.280372,0.0682786,-0.946239
4611,-0.167184,0.294567,-0.881758,-0.368421,0.278313,0.0843573,-0.939905
4612,-0.274317,0.885645,0.225295,0.406048,0.273593,0.114501,-0.923167
4613,-0.320189,0.857228,0.236718,0.457301,0.268977,0.134865,-0.907501
4614,-0.322326,0.523213,-0.619204,-0.585521,0.265175,0.147171,-0.895797
4615,-0.375985,0.589518,-0.510109,-0.626305,0.259378,0.163515,-0.876291
4616,-0.416676,0.639283,-0.398139,-0.657878,0.253027,0.177061,-0.854906
4617,-0.45019,0.677788,-0.284185,-0.678116,0.246233,0.187579,-0.832009
4618,-0.476468,0.705735,-0.169907,-0.687801,0.23911,0.194885,-0.807992
4619,-0.545057,0.682551,0.0339544,0.730049,0.22975,0.199429,-0.774803
4620,-0.512356,0.735011,0.0557842,-0.675757,0.224373,0.199429,-0.758252
4621,-0.560862,0.673419,-0.103854,0.73193,0.215013,0.194885,-0.725065
4622,-0.565199,0.675109,-0.172243,0.717329,0.20789,0.187579,-0.701047
4623,-0.564217,0.683113,-0.23669,0.690894,0.201095,0.177061,-0.678151
4624,-0.55789,0.697063,-0.294265,0.653844,0.194745,0.163515,-0.656766
4625,-0.549023,0.714548,-0.344221,0.609042,0.188948,0.147171,-0.63726
4626,-0.514876,0.648817,0.644786,-0.404088,0.185145,0.134865,-0.625556
4627,-0.521984,0.759149,-0.414676,0.501733,0.179398,0.107251,-0.605178
4628,-0.497452,0.578329,0.780721,-0.236667,0.176709,0.0921786,-0.596902
4629,-0.493025,0.806581,-0.448219,0.385391,0.173096,0.0600213,-0.584092
4630,-0.478878,0.496755,0.867013,-0.0390225,0.171705,0.0432113,-0.579808
4631,-0.473878,0.848306,-0.455366,0.270221,0.170473,0.00870199,-0.575438
4632,-0.470696,0.418401,0.890536,0.178569,0.170473,-0.00870199,-0.575438
4633,-0.456557,0.887217,-0.432396,0.160871,0.171705,-0.0432113,-0.579808
4634,-0.46393,0.341327,0.852205,0.396537,0.173096,-0.0600213,-0.584092
4635,-0.432241,0.924204,-0.375755,0.0682293,0.176709,-0.0921786,-0.596902
4636,-0.447519,0.260162,0.757466,0.5988,0.179398,-0.107251,-0.605178
4637,-0.407692,0.954501,-0.298198,-0.00231768,0.185145,-0.134865,-0.625556
4638,-0.429282,0.186653,0.607608,0.771993,0.188948,-0.147171,-0.63726
4639,-0.424505,0.159023,0.513716,0.843094,0.194745,-0.163515,-0.656766
4640,-0.422045,0.137678,0.409907,0.901677,0.201095,-0.177061,-0.678151
4641,-0.4243,0.125333,0.2978,0.946365,0.20789,-0.187579,-0.701047
4642,-0.431168,0.122271,0.180392,0.975965,0.215013,-0.194885,-0.725065
4643,-0.40308,0.991568,-0.0256906,-0.127013,0.224373,-0.199429,-0.758252
4644,-0.448807,0.134899,-0.0600706,0.989037,0.22975,-0.199429,-0.774803
4645,-0.472601,0.163241,-0.177125,0.970556,0.237113,-0.196587,-0.799675
4646,-0.477987,0.972813,0.147946,-0.178176,0.246233,-0.187579,-0.832009
4647,-0.514927,0.957518,0.217957,-0.188823,0.253027,-0.177061,-0.854906
4648,-0.556447,0.936433,0.293602,-0.19207,0.259378,-0.163515,-0.876291
4649,-0.613885,0.904251,0.379968,-0.194817,0.265175,-0.147171,-0.895797
4650,-0.675445,0.43968,-0.598917,0.669313,0.268977,-0.134865,-0.907501
4651,-0.723944,0.506565,-0.634948,0.583295,0.273593,-0.114501,-0.923167
4652,0.768516,0.608552,-0.62347,0.490866,0.278313,-0.0843573,-0.939905
4653,0.717542,-0.706952,-0.705541,0.0493032,0.280372,-0.0682786,-0.946239
4654,0.532453,0.802359,-0.49791,0.3291,0.282815,-0.0346586,-0.954903
4655,0.402915,-0.395998,-0.916926,-0.0493183,0.283517,-0.017404,-0.957063
4656,0.140504,-0.122208,-0.988386,-0.0903198,0.207642,0.00870199,-0.976921
4657,-0.166606,0.960898,0.162655,0.224093,0.206756,0.0432113,-0.972469
4658,-0.225244,0.942011,0.211505,0.26054,0.205266,0.0682786,-0.96532
4659,-0.258645,0.35028,-0.863066,-0.363896,0.203711,0.0843573,-0.958844
4660,-0.351592,0.883473,0.286413,0.370732,0.200319,0.114501,-0.941788
4661,-0.349258,0.479041,-0.699797,-0.529909,0.197846,0.128309,-0.931486
4662,-0.41641,0.555251,-0.595122,-0.580969,0.194074,0.147171,-0.913841
4663,-0.462697,0.608942,-0.489008,-0.624548,0.189825,0.163515,-0.893939
4664,-0.498411,0.649471,-0.381094,-0.657993,0.185172,0.177061,-0.872123
4665,-0.527972,0.681286,-0.271601,-0.679766,0.180195,0.187579,-0.848763
4666,-0.546584,0.70118,-0.16276,-0.694158,0.174979,0.194885,-0.824261
4667,-0.606222,0.695105,0.0373142,0.717939,0.168251,0.199429,-0.790441
4668,-0.574246,0.72379,0.0535499,-0.68794,0.164189,0.199429,-0.773519
4669,-0.622546,0.685214,-0.113845,0.719389,0.157461,0.194885,-0.739699
4670,-0.588666,0.724218,0.260674,-0.638402,0.153537,0.190381,-0.723353
4671,-0.587209,0.713961,0.359597,-0.600791,0.148492,0.180919,-0.699563
4672,-0.615401,0.707225,-0.32088,0.629975,0.142616,0.163515,-0.670021
4673,-0.580962,0.682404,0.540452,-0.492176,0.139393,0.152921,-0.656596
4674,-0.585845,0.746152,-0.415852,0.519928,0.134595,0.128309,-0.632475
4675,-0.567976,0.768512,-0.447361,0.457446,0.131363,0.107251,-0.617388
4676,-0.538996,0.591142,0.761764,-0.265079,0.129332,0.0921786,-0.608926
4677,-0.528834,0.815179,-0.47778,0.327429,0.126736,0.0600213,-0.595872
4678,-0.501511,0.841722,-0.471529,0.26299,0.125417,0.0346586,-0.589812
4679,-0.488736,0.473903,0.87986,0.0355225,0.124887,0.017404,-0.587604
4680,-0.457604,0.885506,-0.440855,0.146716,0.124887,-0.017404,-0.587604
4681,-0.455098,0.390035,0.884274,0.256771,0.125417,-0.0346586,-0.589812
4682,-0.435702,0.345509,0.863497,0.367418,0.126736,-0.0600213,-0.595872
4683,-0.395539,0.93828,-0.345632,0.0130176,0.129332,-0.0921786,-0.608926
4684,-0.40536,0.266529,0.771223,0.578081,0.131363,-0.107251,-0.617388
4685,-0.391488,0.230591,0.70241,0.673386,0.134595,-0.128309,-0.632475
4686,-0.340238,0.973496,-0.220115,-0.0620908,0.139393,-0.152921,-0.656596
4687,-0.368325,0.169958,0.524818,0.834075,0.142616,-0.163515,-0.670021
4688,-0.33017,0.984525,-0.143497,-0.100589,0.148492,-0.180919,-0.699563
4689,-0.327725,0.988047,-0.103528,-0.114219,0.153537,-0.190381,-0.723353
4690,-0.370116,0.138388,0.184603,0.973021,0.157461,-0.194885,-0.739699
4691,-0.342072,0.989259,-0.0219681,-0.14451,0.164189,-0.199429,-0.773519
4692,-0.389114,0.153375,-0.0615216,0.986251,0.168251,-0.199429,-0.790441
4693,-0.382102,0.981394,0.0727993,-0.177669,0.174979,-0.194885,-0.824261
4694,-0.402107,0.974846,0.125869,-0.183934,0.180195,-0.187579,-0.848763
4695,-0.435496,0.963044,0.186723,-0.194113,0.185172,-0.177061,-0.872123
4696,-0.478428,0.945326,0.255898,-0.202175,0.189825,-0.163515,-0.893939
4697,-0.53288,0.344716,-0.577771,0.739832,0.193048,-0.152921,-0.907365
4698,-0.59788,0.883022,0.42336,-0.202579,0.197846,-0.128309,-0.931486
4699,-0.646097,0.485423,-0.674759,0.555936,0.200319,-0.114501,-0.941788
4700,-0.70698,0.801725,0.582656,-0.133227,0.203711,-0.0843573,-0.958844
4701,-0.775704,0.632614,-0.684365,0.362551,0.205266,-0.0682786,-0.96532
4702,0.732976,-0.689876,-0.723866,0.00945283,0.206756,-0.0432113,-0.972469
4703,0.298696,0.933606,-0.293645,0.20531,0.207642,-0.00870199,-0.976921
4704,-0.328265,0.329783,-0.943772,-0.023197,0.130354,0.00870199,-0.990201
4705,-0.288769,0.945427,0.27931,0.167793,0.12982,0.0432113,-0.985693
4706,-0.287938,0.330084,-0.90454,-0.26991,0.129115,0.0600213,-0.981244
4707,-0.372931,0.425799,-0.829589,-0.361217,0.127853,0.0843573,-0.971871
4708,-0.447509,0.867035,0.359875,0.344589,0.12581,0.114501,-0.954602
4709,-0.448059,0.522151,-0.669226,-0.528672,0.124153,0.128309,-0.944138
4710,-0.547798,0.801751,0.343516,0.489073,0.121262,0.152921,-0.919715
4711,-0.538839,0.619294,-0.467542,-0.630777,0.119102,0.163515,-0.906077
4712,-0.616256,0.749468,0.2558,0.610626,0.115561,0.180919,-0.876165
4713,-0.642943,0.728053,0.192828,0.657842,0.112398,0.190381,-0.852052
4714,-0.61447,0.694914,-0.15508,-0.702171,0.109769,0.194885,-0.835449
4715,-0.67004,0.705519,0.0406704,0.707523,0.105716,0.199429,-0.801205
4716,-0.636774,0.712818,0.0510927,-0.699485,0.102993,0.199429,-0.784017
4717,-0.68309,0.697483,-0.123229,0.705927,0.09894,0.194885,-0.749773
4718,-0.648352,0.714867,0.248953,-0.653442,0.09631,0.190381,-0.733169
4719,-0.642811,0.704986,0.344708,-0.619816,0.0931466,0.180919,-0.709056
4720,-0.669071,0.718378,-0.34478,0.604202,0.0896066,0.163515,-0.679145
4721,-0.632194,0.679938,0.520346,-0.516647,0.0874466,0.152921,-0.665507
4722,-0.619692,0.659355,0.600766,-0.45203,0.0850073,0.134865,-0.646817
4723,-0.618157,0.771479,-0.481972,0.415358,0.0825186,0.107251,-0.625791
4724,-0.590184,0.796167,-0.499203,0.341927,0.0808546,0.0843573,-0.613352
4725,-0.562855,0.572089,0.794501,-0.20367,0.0798133,0.0682786,-0.606774
4726,-0.523491,0.848628,-0.490318,0.198544,0.0787553,0.0346586,-0.597834
4727,-0.499789,0.4849,0.87457,-0.000365432,0.0783993,0.017404,-0.59559
4728,-0.453306,0.896142,-0.437002,0.0771901,0.0783993,-0.017404,-0.59559
4729,-0.439834,0.395081,0.890668,0.224992,0.0787553,-0.0346586,-0.597834
4730,-0.382405,0.935428,-0.353376,-0.00998678,0.0798133,-0.0682786,-0.606774
4731,-0.385968,0.309355,0.836767,0.451798,0.0808546,-0.0843573,-0.613352
4732,-0.360116,0.268009,0.78452,0.559195,0.0825186,-0.107251,-0.625791
4733,-0.30682,0.970086,-0.227163,-0.0856129,0.0850073,-0.134865,-0.646817
4734,-0.290285,0.976804,-0.18879,-0.101056,0.0874466,-0.152921,-0.665507
4735,-0.315881,0.183738,0.533719,0.82546,0.0896066,-0.163515,-0.679145
4736,-0.27518,0.984342,-0.120265,-0.128866,0.0931466,-0.180919,-0.709056
4737,-0.26844,0.987022,-0.0853014,-0.136058,0.09631,-0.190381,-0.733169
4738,-0.310232,0.155483,0.188069,0.969771,0.09894,-0.194885,-0.749773
4739,-0.280836,0.986673,-0.0181525,-0.161701,0.102993,-0.199429,-0.784017
4740,-0.327416,0.169831,-0.0627882,0.983471,0.105716,-0.199429,-0.801205
4741,-0.310005,0.9809,0.0595626,-0.18517,0.109769,-0.194885,-0.835449
4742,-0.359203,0.208765,-0.305081,0.929162,0.112398,-0.190381,-0.852052
4743,-0.386267,0.24248,-0.415588,0.876636,0.115561,-0.180919,-0.876165
4744,-0.402065,0.952108,0.217521,-0.214885,0.119102,-0.163515,-0.906077
4745,-0.46159,0.335588,-0.59898,0.727051,0.121262,-0.152921,-0.919715
4746,-0.497547,0.909635,0.358968,-0.209061,0.124153,-0.128309,-0.944138
4747,-0.548119,0.442417,-0.719108,0.535864,0.12581,-0.114501,-0.954602
4748,-0.585417,0.856408,0.495647,-0.144565,0.127853,-0.0843573,-0.971871
4749,-0.677137,0.797625,0.593356,-0.108278,0.129115,-0.0600213,-0.981244
4750,-0.689091,0.607695,-0.761814,0.224379,0.12982,-0.0432113,-0.985693
4751,-0.520618,0.865318,0.496353,0.0696995,0.130354,-0.00870199,-0.990201
4752,-0.430026,0.907186,0.416003,0.0628981,0.0522613,0.017404,-0.996805
4753,-0.412662,0.91228,0.393354,0.114091,0.0520827,0.0432113,-0.99284
4754,-0.415117,0.425975,-0.861674,-0.275794,0.0517293,0.0600213,-0.988349
4755,-0.477179,0.489543,-0.789525,-0.370132,0.0512067,0.0843573,-0.978906
4756,-0.54042,0.845613,0.427902,0.31912,0.050524,0.114501,-0.96153
4757,-0.536465,0.554613,-0.636311,-0.536202,0.0496933,0.128309,-0.950969
4758,-0.572487,0.590206,-0.543611,-0.596778,0.048728,0.147171,-0.93295
4759,-0.656906,0.771349,0.339458,0.538321,0.0476447,0.168359,-0.905378
4760,-0.634567,0.647967,-0.346953,-0.678057,0.046462,0.177061,-0.890353
4761,-0.656232,0.667276,-0.247347,-0.702539,0.0452,0.187579,-0.866502
4762,-0.721589,0.724728,0.12897,0.676857,0.0438813,0.196587,-0.832933
4763,-0.734521,0.715325,0.043895,0.697412,0.042528,0.199429,-0.80703
4764,-0.699586,0.701815,0.0484149,-0.710712,0.0411627,0.199429,-0.78968
4765,-0.740426,0.711644,-0.131718,0.690082,0.0398087,0.194885,-0.755224
4766,-0.741883,0.71149,-0.217298,0.668254,0.0384893,0.187579,-0.730208
4767,-0.735581,0.717245,-0.297002,0.630356,0.037228,0.177061,-0.706357
4768,-0.727407,0.724611,-0.369598,0.581667,0.0360453,0.163515,-0.684081
4769,-0.70962,0.738801,-0.429769,0.519107,0.034962,0.147171,-0.66376
4770,-0.68845,0.755189,-0.477846,0.448724,0.0339967,0.128309,-0.645743
4771,-0.666435,0.771934,-0.51412,0.373896,0.0331654,0.107251,-0.630336
4772,-0.632151,0.618159,0.714378,-0.327938,0.0324827,0.0921786,-0.621662
4773,-0.593761,0.579828,0.778154,-0.241403,0.03196,0.0682786,-0.611165
4774,-0.542891,0.851601,-0.506702,0.13427,0.0316067,0.0346586,-0.60217
4775,-0.511001,0.493136,0.86914,-0.0375858,0.0314287,0.017404,-0.599906
4776,-0.448635,0.901458,-0.432808,0.00706874,0.0314287,-0.017404,-0.599906
4777,-0.426606,0.399508,0.895983,0.193929,0.0316067,-0.0346586,-0.60217
4778,-0.355087,0.941278,-0.329243,-0.0748033,0.03196,-0.0682786,-0.611165
4779,-0.342495,0.302736,0.850038,0.431029,0.0324827,-0.0843573,-0.617804
4780,-0.307863,0.261046,0.797855,0.543398,0.0331654,-0.107251,-0.630336
4781,-0.290432,0.23627,0.725947,0.645893,0.0339967,-0.128309,-0.645743
4782,-0.27281,0.212114,0.640183,0.738359,0.034962,-0.147171,-0.66376
4783,-0.258562,0.191968,0.541721,0.818344,0.0360453,-0.163515,-0.684081
4784,-0.253242,0.181795,0.432133,0.883296,0.037228,-0.177061,-0.706357
4785,-0.249612,0.174323,0.31437,0.933157,0.0384893,-0.187579,-0.730208
4786,-0.253899,0.175907,0.190743,0.96575,0.0398087,-0.194885,-0.755224
4787,-0.218644,0.983937,-0.0142046,-0.177951,0.0411627,-0.199429,-0.78968
4788,-0.26322,0.183802,-0.0638556,0.980887,0.042528,-0.199429,-0.80703
4789,-0.277198,0.198873,-0.189701,0.96149,0.0438813,-0.196587,-0.832933
4790,-0.27123,0.972659,0.0861685,-0.215662,0.0452,-0.187579,-0.866502
4791,-0.297665,0.965611,0.129805,-0.22527,0.046462,-0.177061,-0.890353
4792,-0.344416,0.275463,-0.529078,0.802619,0.0476447,-0.168359,-0.905378
4793,-0.37047,0.942122,0.238802,-0.235329,0.048728,-0.147171,-0.93295
4794,-0.410427,0.926569,0.300093,-0.226745,0.0496933,-0.128309,-0.950969
4795,-0.454236,0.398966,-0.755132,0.520193,0.050524,-0.114501,-0.96153
4796,-0.478256,0.895102,0.412828,-0.168421,0.0512067,-0.0843573,-0.978906
4797,-0.54106,0.862999,0.487744,-0.131675,0.0517293,-0.0600213,-0.988349
4798,-0.555081,0.513565,-0.837478,0.186766,0.0520827,-0.0432113,-0.99284
4799,-0.518696,0.490846,-0.86791,0.0761715,0.0522613,-0.017404,-0.996805
4800,-0.48856,0.883534,0.46835,-0.00398495,-0.0261079,0.017404,-0.997833
4801,-0.485959,0.46671,-0.863742,-0.190081,-0.0261079,0.0346586,-0.995561
4802,-0.520682,0.497128,-0.815486,-0.296389,-0.0259746,0.0600213,-0.989361
4803,-0.568165,0.537752,-0.747572,-0.389819,-0.0257546,0.0843573,-0.979906
4804,-0.628441,0.821139,0.488947,0.294383,-0.0250719,0.114501,-0.96253
4805,-0.621324,0.581858,-0.599993,-0.549043,-0.0250719,0.128309,-0.951936
4806,-0.660631,0.61341,-0.50864,-0.604164,-0.0246213,0.147171,-0.933897
4807,-0.684681,0.632275,-0.418874,-0.651746,-0.0241066,0.163515,-0.913553
4808,-0.711291,0.652714,-0.32489,-0.684406,-0.0235373,0.177061,-0.891253
4809,-0.728792,0.665916,-0.2318,-0.709101,-0.0229239,0.187579,-0.867377
4810,-0.739869,0.674171,-0.139024,-0.725372,-0.0222759,0.194885,-0.842335
4811,0.772392,0.688354,-0.0457012,-0.723934,-0.0209226,0.199429,-0.807879
4812,-0.763346,0.69134,0.0455073,-0.721095,-0.0209226,0.199429,-0.790475
4813,-0.763755,0.691618,0.135711,-0.709399,-0.0202399,0.196587,-0.764545
4814,-0.764617,0.692205,0.223667,-0.686167,-0.0195686,0.190381,-0.739209
4815,0.773906,0.690027,0.309341,-0.654348,-0.0183073,0.177061,-0.707101
4816,-0.759182,0.688164,0.390515,-0.611496,-0.0183073,0.168359,-0.692029
4817,-0.74667,0.67897,0.470665,-0.563449,-0.0177379,0.152921,-0.670993
4818,-0.74358,0.753005,-0.509139,0.416847,-0.0167726,0.128309,-0.64642
4819,-0.705263,0.647888,0.621353,-0.440637,-0.0167726,0.114501,-0.635826
4820,-0.672634,0.622661,0.691795,-0.365667,-0.0163926,0.0921786,-0.622294
4821,-0.620151,0.820496,-0.550366,0.154541,-0.0158699,0.0600213,-0.608994
4822,-0.563402,0.848881,-0.523818,0.0708275,-0.0157366,0.0346586,-0.602794
4823,-0.520881,0.497262,0.864245,-0.0762254,-0.0157366,0.017404,-0.600522
4824,-0.445422,0.900626,-0.429917,-0.0636003,-0.0157366,-0.017404,-0.600522
4825,-0.411877,0.400033,0.901771,0.163657,-0.0157366,-0.0346586,-0.602794
4826,-0.357855,0.350023,0.891142,0.288705,-0.0158699,-0.0600213,-0.608994
4827,-0.258894,0.96148,-0.229642,-0.151067,-0.0163926,-0.0921786,-0.622294
4828,-0.225992,0.968933,-0.186355,-0.162605,-0.0167726,-0.114501,-0.635826
4829,-0.235806,0.233524,0.735623,0.635865,-0.0167726,-0.128309,-0.64642
4830,-0.177645,0.978285,-0.116557,-0.171383,-0.0177379,-0.152921,-0.670993
4831,-0.16215,0.980852,-0.0897385,-0.172845,-0.0183073,-0.168359,-0.692029
4832,-0.192592,0.191375,0.43712,0.878807,-0.0183073,-0.177061,-0.707101
4833,-0.153692,0.981762,-0.0492374,-0.183629,-0.0195686,-0.190381,-0.739209
4834,-0.154254,0.981448,-0.0299982,-0.189368,-0.0202399,-0.196587,-0.764545
4835,-0.155023,0.981198,-0.0101116,-0.192739,-0.0209226,-0.199429,-0.790475
4836,-0.199253,0.197936,-0.0646513,0.978081,-0.0209226,-0.199429,-0.807879
4837,-0.182211,0.975709,0.0353796,-0.216195,-0.0222759,-0.194885,-0.842335
4838,-0.196296,0.972789,0.0627298,-0.223037,-0.0229239,-0.187579,-0.867377
4839,-0.218072,0.967948,0.095753,-0.23218,-0.0235373,-0.177061,-0.891253
4840,-0.249566,0.96021,0.137288,-0.243204,-0.0241066,-0.163515,-0.913553
4841,-0.278438,0.952635,0.18129,-0.244175,-0.0246213,-0.147171,-0.933897
4842,-0.323719,0.939095,0.239237,-0.246711,-0.0250719,-0.128309,-0.951936
4843,-0.364916,0.356681,-0.783232,0.509241,-0.0250719,-0.114501,-0.96253
4844,-0.387888,0.918432,0.339274,-0.203412,-0.0257546,-0.0843573,-0.979906
4845,-0.439576,0.898866,0.402999,-0.172137,-0.0259746,-0.0600213,-0.989361
4846,-0.472589,0.886226,0.446465,-0.123583,-0.0261079,-0.0346586,-0.995561
4847,-0.480531,0.461895,-0.886034,0.0399651,-0.0261079,-0.017404,-0.997833
4848,-0.538836,0.856299,0.512039,-0.0675788,-0.104317,0.017404,-0.992709
4849,-0.579992,0.843226,0.537503,0.0077777,-0.103872,0.0432113,-0.988764
4850,-0.594205,0.535288,-0.777923,-0.329093,-0.103519,0.0600213,-0.984273
4851,-0.651029,0.574653,-0.703985,-0.417347,-0.102557,0.0843573,-0.974865
4852,-0.713626,0.793473,0.544409,0.272064,-0.100513,0.114501,-0.957595
4853,-0.707807,0.607486,-0.55857,-0.564765,-0.0996825,0.128309,-0.947034
4854,-0.779051,0.768715,0.46342,0.440817,-0.0967925,0.152921,-0.922611
4855,-0.759934,0.638601,-0.390254,-0.663242,-0.0957085,0.163515,-0.908846
4856,0.744235,0.659105,-0.299812,-0.689706,-0.0921679,0.180919,-0.878934
4857,0.77258,-0.74877,-0.238504,-0.618433,-0.0909066,0.187579,-0.862905
4858,0.716428,0.67323,-0.128213,-0.728233,-0.0869586,0.196587,-0.829543
4859,0.75047,-0.737125,-0.0496121,-0.673932,-0.0856052,0.198859,-0.812341
4860,0.744298,-0.732937,0.0498722,-0.678466,-0.0828786,0.199429,-0.786397
4861,0.743085,-0.731069,0.148751,-0.665891,-0.0801632,0.196587,-0.760601
4862,0.746129,-0.731003,0.244111,-0.637217,-0.0775059,0.190381,-0.735395
4863,0.716507,0.67966,0.29069,-0.67347,-0.0737292,0.177061,-0.703485
4864,0.728683,0.675838,0.370126,-0.637377,-0.0714126,0.163515,-0.681298
4865,0.768574,-0.734183,0.487536,-0.472529,-0.0703292,0.152921,-0.667533
4866,0.769284,0.659554,0.523182,-0.539693,-0.0674386,0.128309,-0.643111
4867,-0.760662,0.76435,-0.573346,0.295031,-0.0658492,0.107251,-0.627764
4868,-0.724949,0.633021,0.661037,-0.402883,-0.0651666,0.0921786,-0.619089
4869,-0.68483,0.793041,-0.599013,0.110764,-0.0636019,0.0600213,-0.605872
4870,-0.604281,0.830225,-0.55727,0.013291,-0.0629826,0.0346586,-0.599701
4871,-0.507518,0.871628,-0.48497,-0.071191,-0.0627152,0.00870199,-0.596872
4872,-0.472496,0.456523,0.8897,0.00464122,-0.0627152,-0.00870199,-0.596872
4873,-0.378321,0.381065,0.914209,0.137882,-0.0629826,-0.0346586,-0.599701
4874,-0.294794,0.312785,0.909541,0.27368,-0.0636019,-0.0600213,-0.605872
4875,-0.21473,0.959195,-0.191143,-0.20835,-0.0651666,-0.0921786,-0.619089
4876,-0.216337,0.255981,0.815974,0.518324,-0.0658492,-0.107251,-0.627764
4877,-0.179488,0.228511,0.743249,0.628779,-0.0674386,-0.128309,-0.643111
4878,-0.122755,0.974785,-0.0807682,-0.208016,-0.0703292,-0.152921,-0.667533
4879,-0.144907,0.208385,0.552336,0.807156,-0.0714126,-0.163515,-0.681298
4880,-0.13586,0.204609,0.440377,0.874187,-0.0737292,-0.177061,-0.703485
4881,-0.0936498,0.978308,-0.0300739,-0.204962,-0.0775059,-0.190381,-0.735395
4882,-0.0900299,0.97869,-0.0175548,-0.204593,-0.0801632,-0.196587,-0.760601
4883,-0.0914326,0.978209,-0.00597935,-0.207537,-0.0828786,-0.199429,-0.786397
4884,-0.0989674,0.976621,0.00647103,-0.214871,-0.0856052,-0.198859,-0.812341
4885,-0.143084,0.218257,-0.194174,0.956379,-0.0869586,-0.196587,-0.829543
4886,-0.125508,0.971324,0.0402605,-0.234326,-0.0909066,-0.187579,-0.862905
4887,-0.170604,0.238435,-0.438538,0.866506,-0.0921679,-0.180919,-0.878934
4888,-0.172322,0.96161,0.0953157,-0.257335,-0.0957085,-0.163515,-0.908846
4889,-0.216251,0.271192,-0.648104,0.711629,-0.0967925,-0.152921,-0.922611
4890,-0.234773,0.947805,0.174958,-0.266563,-0.0996825,-0.128309,-0.947034
4891,-0.278186,0.314937,-0.804512,0.503562,-0.100513,-0.114501,-0.957595
4892,-0.30606,0.931266,0.27027,-0.244332,-0.102557,-0.0843573,-0.974865
4893,-0.370504,0.912012,0.342893,-0.225075,-0.103519,-0.0600213,-0.984273
4894,-0.406894,0.407115,-0.903688,0.132685,-0.103872,-0.0432113,-0.988764
4895,-0.455022,0.441112,-0.897425,0.00698693,-0.104317,-0.017404,-0.992709
4896,-0.528312,0.485625,-0.860488,-0.154041,-0.182016,0.00870199,-0.982018
4897,-0.649763,0.803935,0.593392,-0.0396723,-0.18113,0.0432113,-0.977566
4898,-0.675307,0.574307,-0.731626,-0.367281,-0.180424,0.0600213,-0.973117
4899,-0.733954,0.606532,-0.655488,-0.449949,-0.178729,0.0843573,-0.963813
4900,0.778585,0.622146,-0.584043,-0.521371,-0.175336,0.114501,-0.946757
4901,0.746838,0.632394,-0.510936,-0.582256,-0.172336,0.134865,-0.930703
4902,0.725205,0.636719,-0.437497,-0.634969,-0.16888,0.152921,-0.912173
4903,0.743126,-0.762581,-0.421387,-0.490818,-0.166721,0.163515,-0.898535
4904,0.681098,0.651815,-0.278663,-0.705325,-0.160845,0.180919,-0.868993
4905,0.707371,-0.753941,-0.252078,-0.606655,-0.15833,0.187579,-0.853113
4906,0.651631,0.66378,-0.118405,-0.738496,-0.151776,0.196587,-0.820163
4907,0.684334,-0.745313,-0.0523265,-0.664658,-0.149077,0.198859,-0.803121
4908,0.640994,0.669675,0.0391654,-0.741621,-0.142291,0.198859,-0.769009
4909,0.640763,0.671851,0.116711,-0.731433,-0.137595,0.194885,-0.743651
4910,0.645806,0.672097,0.193562,-0.714717,-0.133037,0.187579,-0.719017
4911,0.652436,0.67314,0.268717,-0.688965,-0.128697,0.177061,-0.695532
4912,0.664061,0.672409,0.342592,-0.656123,-0.124647,0.163515,-0.673595
4913,0.684149,0.667396,0.416864,-0.617096,-0.120956,0.147171,-0.653583
4914,0.70453,0.664009,0.487134,-0.567268,-0.117689,0.128309,-0.635838
4915,0.742317,0.649507,0.562196,-0.511934,-0.1149,0.107251,-0.620662
4916,0.7828,-0.741714,0.646826,-0.177414,-0.113539,0.0921786,-0.612068
4917,-0.753207,0.758348,-0.647729,0.0731755,-0.110942,0.0600213,-0.599014
4918,-0.676913,0.78835,-0.614376,-0.0323433,-0.10984,0.0346586,-0.592911
4919,-0.543195,0.846214,-0.515766,-0.133817,-0.109352,0.00870199,-0.590112
4920,-0.450527,0.43631,0.899402,-0.0266459,-0.109352,-0.00870199,-0.590112
4921,-0.310725,0.328997,0.936124,0.124227,-0.10984,-0.0346586,-0.592911
4922,-0.22749,0.270368,0.925218,0.266219,-0.110942,-0.0600213,-0.599014
4923,-0.154469,0.955838,-0.138011,-0.259473,-0.113539,-0.0921786,-0.612068
4924,-0.150744,0.233544,0.824751,0.515018,-0.1149,-0.107251,-0.620662
4925,-0.115408,0.215729,0.749115,0.626329,-0.117689,-0.128309,-0.635838
4926,-0.0979983,0.213433,0.658033,0.722107,-0.120956,-0.147171,-0.653583
4927,-0.0809307,0.209293,0.55522,0.804939,-0.124647,-0.163515,-0.673595
4928,-0.0720778,0.210951,0.442306,0.871702,-0.128697,-0.177061,-0.695532
4929,-0.0676733,0.214561,0.321466,0.922292,-0.133037,-0.187579,-0.719017
4930,-0.0644254,0.216678,0.195167,0.956536,-0.137595,-0.194885,-0.743651
4931,-0.0659324,0.220851,0.0654714,0.973108,-0.142291,-0.198859,-0.769009
4932,-0.0319927,0.974058,0.00209484,-0.22629,-0.149077,-0.198859,-0.803121
4933,-0.0772479,0.229168,-0.195086,0.953637,-0.151776,-0.196587,-0.820163
4934,-0.0582958,0.968362,0.0187398,-0.248847,-0.15833,-0.187579,-0.853113
4935,-0.106264,0.244171,-0.441453,0.863423,-0.160845,-0.180919,-0.868993
4936,-0.103173,0.958866,0.0572487,-0.278026,-0.166721,-0.163515,-0.898535
4937,-0.148524,0.261998,-0.654927,0.708822,-0.16888,-0.152921,-0.912173
4938,-0.167718,0.265908,-0.744576,0.61229,-0.172336,-0.134865,-0.930703
4939,-0.198058,0.278699,-0.818752,0.501968,-0.175336,-0.114501,-0.946757
4940,-0.222473,0.937587,0.197921,-0.285934,-0.178729,-0.0843573,-0.963813
4941,-0.294508,0.920366,0.274884,-0.278145,-0.180424,-0.0600213,-0.973117
4942,-0.349682,0.364835,-0.923985,0.114659,-0.18113,-0.0432113,-0.977566
4943,-0.484387,0.862022,0.46467,-0.202482,-0.182016,-0.00870199,-0.982018
4944,-0.577194,0.512396,-0.834814,-0.201337,-0.258502,0.00870199,-0.96471
4945,-0.740566,0.746076,0.661763,-0.0737609,-0.25727,0.0432113,-0.960341
4946,0.774028,0.6273,-0.661969,-0.410234,-0.255352,0.0682786,-0.953295
4947,0.740777,0.629263,-0.605369,-0.487398,-0.252606,0.0921786,-0.943151
4948,0.747529,-0.751471,-0.622128,-0.219654,-0.250574,0.107251,-0.934689
4949,0.682895,0.633732,-0.474615,-0.610839,-0.244828,0.134865,-0.914311
4950,0.660305,0.635011,-0.404568,-0.658092,-0.239928,0.152921,-0.89611
4951,0.677911,-0.759101,-0.44409,-0.475972,-0.236704,0.163515,-0.882684
4952,0.616785,0.644323,-0.256018,-0.720626,-0.228529,0.180919,-0.853695
4953,0.641627,-0.758469,-0.26463,-0.595563,-0.224776,0.187579,-0.838061
4954,0.586897,0.653965,-0.10812,-0.748759,-0.215656,0.196587,-0.805727
4955,0.619652,-0.754313,-0.0547642,-0.654226,-0.211628,0.198859,-0.788949
4956,0.617909,-0.753168,0.0548257,-0.65554,-0.204877,0.199429,-0.763751
4957,0.575294,0.662707,0.106226,-0.741306,-0.195517,0.194885,-0.730563
4958,0.613908,-0.740279,0.269589,-0.615881,-0.191592,0.190381,-0.714217
4959,0.620671,-0.734669,0.368919,-0.569351,-0.185287,0.180919,-0.690729
4960,0.629142,-0.727328,0.45986,-0.509434,-0.179352,0.168359,-0.668635
4961,0.620102,0.664712,0.383303,-0.641278,-0.171862,0.147171,-0.642078
4962,0.657321,-0.712519,0.607108,-0.351763,-0.16899,0.134865,-0.630112
4963,0.668448,0.661911,0.515424,-0.544253,-0.163242,0.107251,-0.609734
4964,0.70888,0.652477,0.583955,-0.48298,-0.160019,0.0843573,-0.597604
4965,0.756058,0.640413,0.649688,-0.409605,-0.157599,0.0600213,-0.588463
4966,-0.766029,0.634678,0.701639,-0.323862,-0.156547,0.0432113,-0.584083
4967,-0.673237,0.588247,0.778502,-0.218859,-0.155491,0.017404,-0.580256
4968,-0.32962,0.904906,-0.322991,-0.277166,-0.155491,-0.017404,-0.580256
4969,-0.201051,0.93251,-0.195869,-0.303414,-0.156547,-0.0432113,-0.584083
4970,-0.164952,0.232264,0.936016,0.264436,-0.157599,-0.0600213,-0.588463
4971,-0.116384,0.214494,0.892645,0.396457,-0.160019,-0.0843573,-0.597604
4972,-0.0763812,0.203028,0.8304,0.51886,-0.163242,-0.107251,-0.609734
4973,-0.0159643,0.95948,-0.0120066,-0.281521,-0.16899,-0.134865,-0.630112
4974,-0.0339614,0.208299,0.659589,0.722186,-0.171862,-0.147171,-0.642078
4975,0.019177,0.966602,0.0106587,-0.25606,-0.179352,-0.168359,-0.668635
4976,0.0299817,0.969318,0.0132685,-0.245452,-0.185287,-0.180919,-0.690729
4977,0.0382097,0.971577,0.012286,-0.236404,-0.191592,-0.190381,-0.714217
4978,0.000937949,0.228049,0.195087,0.953905,-0.195517,-0.194885,-0.730563
4979,0.0353193,0.971423,0.00231259,-0.237344,-0.204877,-0.199429,-0.763751
4980,0.0332759,0.970931,-0.00217885,-0.239352,-0.211628,-0.198859,-0.788949
4981,-0.011723,0.24034,-0.195169,0.950866,-0.215656,-0.196587,-0.805727
4982,-0.0237883,0.244137,-0.321592,0.914864,-0.222224,-0.190381,-0.830207
4983,-0.0438157,0.251628,-0.442604,0.860689,-0.228529,-0.180919,-0.853695
4984,-0.0373483,0.953357,0.020755,-0.301131,-0.236704,-0.163515,-0.882684
4985,-0.0827276,0.254924,-0.658663,0.707939,-0.239928,-0.152921,-0.89611
4986,-0.102717,0.252282,-0.749893,0.611567,-0.244828,-0.134865,-0.914311
4987,-0.123605,0.936521,0.102535,-0.335285,-0.250574,-0.107251,-0.934689
4988,-0.157963,0.2537,-0.888171,0.383131,-0.252606,-0.0921786,-0.943151
4989,-0.193707,0.259064,-0.931517,0.255268,-0.255352,-0.0682786,-0.953295
4990,-0.27424,0.304612,-0.946165,0.109468,-0.25727,-0.0432113,-0.960341
4991,-0.466506,0.851629,0.448806,-0.270743,-0.258502,-0.00870199,-0.96471
4992,-0.717537,0.601725,-0.750127,-0.274293,-0.333396,0.00870199,-0.941455
4993,0.756556,-0.688142,-0.718417,0.101676,-0.332476,0.0346586,-0.938768
4994,0.693446,0.65044,-0.605309,-0.458834,-0.32936,0.0682786,-0.930322
4995,0.6725,0.638613,-0.558774,-0.529098,-0.325826,0.0921786,-0.920424
4996,0.672307,-0.721061,-0.66186,-0.204969,-0.323137,0.107251,-0.912148
4997,0.615468,0.634344,-0.434214,-0.639583,-0.315809,0.134865,-0.892284
4998,0.594725,0.63136,-0.369561,-0.681769,-0.309497,0.152921,-0.874523
4999,0.610588,-0.753489,-0.465622,-0.464167,-0.30523,0.163515,-0.861392
5000,0.594404,-0.760832,-0.375159,-0.529519,-0.297798,0.177061,-0.840359
5001,0.531897,0.642367,-0.16312,-0.748837,-0.286676,0.190381,-0.810213
5002,0.564517,-0.764632,-0.168837,-0.621959,-0.281482,0.194885,-0.794225
5003,0.511626,0.648961,-0.032066,-0.760146,-0.269547,0.199429,-0.761873
5004,0.549757,-0.759819,0.0571354,-0.647619,-0.264169,0.199429,-0.745322
5005,0.552384,-0.756766,0.170035,-0.631183,-0.255506,0.196587,-0.720873
5006,0.518447,0.652502,0.159362,-0.740841,-0.243879,0.187579,-0.689353
5007,0.55858,-0.73772,0.383371,-0.555694,-0.23891,0.180919,-0.674061
5008,0.541416,0.655742,0.286457,-0.69853,-0.228485,0.163515,-0.645804
5009,0.555886,0.65966,0.348075,-0.666102,-0.22171,0.147171,-0.626615
5010,0.577697,0.661388,0.410715,-0.627598,-0.215706,0.128309,-0.609599
5011,0.597218,0.667725,0.467689,-0.579146,-0.210578,0.107251,-0.595047
5012,0.634815,0.664682,0.53194,-0.524631,-0.206413,0.0843573,-0.583207
5013,0.666946,-0.659209,0.751423,-0.0284276,-0.204355,0.0682786,-0.576873
5014,0.750834,0.639884,0.669161,-0.377852,-0.20124,0.0346586,-0.568428
5015,-0.75625,0.629077,0.72412,-0.282688,-0.200538,0.017404,-0.566268
5016,-0.281656,0.894918,-0.277352,-0.349567,-0.200538,-0.017404,-0.566268
5017,-0.172744,0.220691,0.96749,0.12353,-0.20124,-0.0346586,-0.568428
5018,-0.0422767,0.932656,-0.040025,-0.35854,-0.204355,-0.0682786,-0.576873
5019,-0.0388029,0.173074,0.896784,0.407216,-0.206413,-0.0843573,-0.583207
5020,-0.00366936,0.175165,0.831541,0.527121,-0.210578,-0.107251,-0.595047
5021,0.0121396,0.192255,0.751549,0.631041,-0.215706,-0.128309,-0.609599
5022,0.0305624,0.203339,0.658422,0.724661,-0.22171,-0.147171,-0.626615
5023,0.0418501,0.217095,0.554307,0.803501,-0.228485,-0.163515,-0.645804
5024,0.0921617,0.962773,0.0407345,-0.267225,-0.23891,-0.180919,-0.674061
5025,0.0596955,0.235451,0.32009,0.917663,-0.243879,-0.187579,-0.689353
5026,0.100787,0.967585,0.0196453,-0.251779,-0.255506,-0.196587,-0.720873
5027,0.103625,0.968884,0.00677407,-0.247424,-0.264169,-0.199429,-0.745322
5028,0.0631528,0.247705,-0.0651521,0.966642,-0.269547,-0.199429,-0.761873
5029,0.086332,0.963968,-0.0168337,-0.265486,-0.281482,-0.194885,-0.794225
5030,0.0403688,0.254015,-0.32066,0.912498,-0.286676,-0.190381,-0.810213
5031,0.0505042,0.952661,-0.0223425,-0.303212,-0.297798,-0.177061,-0.840359
5032,0.0310344,0.946672,-0.0172491,-0.321738,-0.30523,-0.163515,-0.861392
5033,-0.0158334,0.247351,-0.659538,0.709808,-0.309497,-0.152921,-0.874523
5034,-0.0334869,0.235211,-0.752071,0.615682,-0.315809,-0.134865,-0.892284
5035,-0.0454125,0.928506,0.0377561,-0.369393,-0.323137,-0.107251,-0.912148
5036,-0.0877794,0.218627,-0.894767,0.389352,-0.325826,-0.0921786,-0.920424
5037,-0.10859,0.200622,-0.942631,0.266828,-0.32936,-0.0682786,-0.930322
5038,-0.236533,0.896259,0.229839,-0.379333,-0.332476,-0.0346586,-0.938768
5039,-0.343396,0.334899,-0.94047,-0.0579554,-0.333177,-0.017404,-0.940928
5040,0.647369,0.7079,-0.601801,-0.369748,-0.405975,0.017404,-0.911887
5041,0.641607,-0.603644,-0.790267,0.10532,-0.405106,0.0346586,-0.909788
5042,0.612192,-0.623476,-0.781829,-0.00461223,-0.40261,0.0600213,-0.90411
5043,0.585911,0.654348,-0.496012,-0.57079,-0.397038,0.0921786,-0.892023
5044,0.565341,0.642309,-0.445526,-0.623656,-0.391508,0.114501,-0.879667
5045,0.549326,0.63047,-0.392683,-0.669558,-0.384843,0.134865,-0.864755
5046,0.567014,-0.735228,-0.566618,-0.372001,-0.380134,0.147171,-0.853386
5047,0.499116,0.630771,-0.266065,-0.728929,-0.368582,0.168359,-0.828328
5048,0.524227,-0.75804,-0.390708,-0.522229,-0.362814,0.177061,-0.814403
5049,0.471242,0.629188,-0.146019,-0.763414,-0.349361,0.190381,-0.785223
5050,0.45704,0.633726,-0.0861564,-0.768745,-0.339045,0.196587,-0.762071
5051,0.447509,0.637916,-0.0283401,-0.769584,-0.328492,0.199429,-0.738376
5052,0.484426,-0.768192,0.059103,-0.637486,-0.321832,0.199429,-0.722297
5053,0.489373,-0.765255,0.175738,-0.619275,-0.311278,0.196587,-0.698603
5054,0.492967,-0.755671,0.288781,-0.58785,-0.300962,0.190381,-0.675451
5055,0.499824,-0.74257,0.395681,-0.540394,-0.29106,0.180919,-0.653239
5056,0.506505,-0.724077,0.494619,-0.480692,-0.281742,0.168359,-0.632346
5057,0.516928,-0.703316,0.582811,-0.407037,-0.273166,0.152921,-0.61313
5058,0.51598,0.653763,0.371079,-0.659465,-0.26287,0.128309,-0.590796
5059,0.54958,-0.658181,0.71851,-0.224812,-0.258816,0.114501,-0.581008
5060,0.566561,-0.631886,0.765096,-0.123886,-0.253286,0.0921786,-0.568651
5061,0.577804,-0.599946,0.799736,-0.0220999,-0.248986,0.0682786,-0.559061
5062,0.574731,0.717871,0.533175,-0.447645,-0.245218,0.0346586,-0.550886
5063,0.544005,0.762892,0.516462,-0.388926,-0.244089,0.00870199,-0.54828
5064,0.287601,-0.233644,0.956146,0.176624,-0.244089,-0.00870199,-0.54828
5065,0.0559023,0.0238004,0.978827,0.203302,-0.245218,-0.0346586,-0.550886
5066,0.0562726,0.914271,0.0532628,-0.401586,-0.248986,-0.0682786,-0.559061
5067,0.0682246,0.918641,0.0611491,-0.390333,-0.253286,-0.0921786,-0.568651
5068,0.088747,0.925165,0.0737109,-0.372339,-0.258816,-0.114501,-0.581008
5069,0.074634,0.183424,0.74831,0.637486,-0.26287,-0.128309,-0.590796
5070,0.129005,0.941079,0.0848575,-0.327368,-0.273166,-0.152921,-0.61313
5071,0.142205,0.948298,0.0787807,-0.307449,-0.281742,-0.168359,-0.632346
5072,0.151137,0.954316,0.0666403,-0.291272,-0.29106,-0.180919,-0.653239
5073,0.159619,0.959609,0.0511175,-0.276656,-0.300962,-0.190381,-0.675451
5074,0.164205,0.96304,0.0319158,-0.267459,-0.311278,-0.196587,-0.698603
5075,0.169131,0.965496,0.0110234,-0.260183,-0.321832,-0.199429,-0.722297
5076,0.127261,0.261459,-0.0645866,0.963051,-0.328492,-0.199429,-0.738376
5077,0.117904,0.26414,-0.192853,0.945007,-0.339045,-0.196587,-0.762071
5078,0.103654,0.26502,-0.318447,0.910141,-0.349361,-0.190381,-0.785223
5079,0.122286,0.947154,-0.053987,-0.316202,-0.362814,-0.177061,-0.814403
5080,0.0792309,0.244452,-0.55239,0.796937,-0.368582,-0.168359,-0.828328
5081,0.0727687,0.928615,-0.0479567,-0.367933,-0.380134,-0.147171,-0.853386
5082,0.0347934,0.220369,-0.750722,0.622779,-0.384843,-0.134865,-0.864755
5083,0.0226564,0.191869,-0.830843,0.522385,-0.391508,-0.114501,-0.879667
5084,0.00351243,0.166052,-0.896818,0.410053,-0.397038,-0.0921786,-0.892023
5085,0.0138791,0.110371,-0.946661,0.302741,-0.401338,-0.0682786,-0.901613
5086,0.0149155,0.909256,-0.0146288,-0.415981,-0.405106,-0.0346586,-0.909788
5087,0.13079,-0.0935857,-0.98901,0.114459,-0.405975,-0.017404,-0.911887
5088,0.470271,-0.421831,-0.890707,0.16941,-0.476567,0.00870199,-0.877709
5089,0.522058,-0.512237,-0.853868,0.0923123,-0.475238,0.0346586,-0.875199
5090,0.521957,-0.562415,-0.82683,-0.00643653,-0.472304,0.0600213,-0.869735
5091,0.504376,0.659474,-0.433486,-0.614153,-0.465801,0.0921786,-0.858122
5092,0.50125,0.634778,-0.399637,-0.661322,-0.459319,0.114501,-0.846237
5093,0.483142,0.623037,-0.349392,-0.699822,-0.451505,0.134865,-0.831895
5094,0.458507,0.619831,-0.291964,-0.7284,-0.442492,0.152921,-0.815341
5095,0.439999,0.616373,-0.236754,-0.75102,-0.432436,0.168359,-0.796856
5096,0.418784,0.618918,-0.179983,-0.764556,-0.421507,0.180919,-0.776758
5097,0.404844,0.619734,-0.126678,-0.774521,-0.409892,0.190381,-0.755391
5098,0.43652,-0.779885,-0.179977,-0.599489,-0.40226,0.194885,-0.740413
5099,0.384192,0.626167,-0.0245462,-0.779303,-0.385412,0.199429,-0.710326
5100,0.421724,-0.778023,0.060755,-0.625292,-0.37751,0.199429,-0.694819
5101,0.388533,0.625911,0.0739696,-0.776378,-0.360661,0.194885,-0.664734
5102,0.394092,0.627968,0.123489,-0.76838,-0.348715,0.187579,-0.642716
5103,0.404194,0.629868,0.174064,-0.756947,-0.337329,0.177061,-0.62172
5104,0.444223,-0.721331,0.509443,-0.469201,-0.330486,0.168359,-0.608292
5105,0.433983,0.637177,0.277349,-0.719085,-0.317004,0.147171,-0.584217
5106,0.45371,0.643095,0.32965,-0.691202,-0.308413,0.128309,-0.56835
5107,0.488633,-0.634947,0.742686,-0.212743,-0.303604,0.114501,-0.55891
5108,0.490213,0.668057,0.422321,-0.612655,-0.295106,0.0843573,-0.543736
5109,0.502577,-0.549087,0.835585,-0.0173325,-0.292082,0.0682786,-0.537802
5110,0.480218,0.72982,0.453109,-0.511913,-0.287684,0.0346586,-0.529949
5111,0.462316,-0.415808,0.894225,0.165724,-0.286653,0.017404,-0.527925
5112,0.208748,0.860185,0.206792,-0.466174,-0.286653,-0.017404,-0.527925
5113,0.160275,-0.0519616,0.967009,0.249385,-0.287684,-0.0346586,-0.529949
5114,0.137503,0.885774,0.129807,-0.445594,-0.292082,-0.0682786,-0.537802
5115,0.115437,0.0985762,0.889107,0.446959,-0.295106,-0.0843573,-0.543736
5116,0.151303,0.903432,0.125355,-0.409996,-0.303604,-0.114501,-0.55891
5117,0.137974,0.175335,0.742025,0.647037,-0.308413,-0.128309,-0.56835
5118,0.153776,0.202077,0.648539,0.733868,-0.317004,-0.147171,-0.584217
5119,0.204827,0.93687,0.113063,-0.330894,-0.330486,-0.168359,-0.608292
5120,0.176777,0.244761,0.43269,0.867681,-0.337329,-0.177061,-0.62172
5121,0.184553,0.259408,0.313733,0.913389,-0.348715,-0.187579,-0.642716
5122,0.188493,0.270563,0.190248,0.943717,-0.360661,-0.194885,-0.664734
5123,0.232243,0.961299,0.0150731,-0.275094,-0.37751,-0.199429,-0.694819
5124,0.19115,0.275515,-0.0637607,0.95918,-0.385412,-0.199429,-0.710326
5125,0.215589,0.954813,-0.0417645,-0.294258,-0.40226,-0.194885,-0.740413
5126,0.171251,0.272158,-0.314662,0.90935,-0.409892,-0.190381,-0.755391
5127,0.159127,0.261404,-0.434267,0.862021,-0.421507,-0.180919,-0.776758
5128,0.140381,0.249915,-0.547541,0.798587,-0.432436,-0.168359,-0.796856
5129,0.12502,0.228533,-0.651775,0.723161,-0.442492,-0.152921,-0.815341
5130,0.104502,0.205874,-0.745704,0.633672,-0.451505,-0.134865,-0.831895
5131,0.0915606,0.170857,-0.826331,0.536642,-0.459319,-0.114501,-0.846237
5132,0.0970862,0.114954,-0.891136,0.438933,-0.465801,-0.0921786,-0.858122
5133,0.149233,0.886138,-0.140803,-0.441513,-0.472304,-0.0600213,-0.869735
5134,0.197673,0.874217,-0.192619,-0.445694,-0.475238,-0.0346586,-0.875199
5135,0.399082,0.816337,-0.387743,-0.428077,-0.476567,-0.00870199,-0.877709
5136,0.400451,-0.355638,-0.919907,0.165205,-0.543962,0.00870199,-0.837612
5137,0.446595,0.703145,-0.423611,-0.571087,-0.54144,0.0432113,-0.833838
5138,0.458309,-0.519466,-0.85449,-0.00150182,-0.539087,0.0600213,-0.829997
5139,0.435264,0.650403,-0.378223,-0.658729,-0.531692,0.0921786,-0.818931
5140,0.435134,0.62394,-0.350565,-0.698429,-0.524298,0.114501,-0.807591
5141,0.451578,-0.676808,-0.685011,-0.269614,-0.518762,0.128309,-0.798557
5142,0.395498,0.606387,-0.254125,-0.753469,-0.505099,0.152921,-0.778109
5143,0.418041,-0.740527,-0.515072,-0.431649,-0.497884,0.163515,-0.766337
5144,0.359391,0.603126,-0.155668,-0.782309,-0.481151,0.180919,-0.741292
5145,0.343611,0.605645,-0.108351,-0.788324,-0.467896,0.190381,-0.720903
5146,0.330396,0.609713,-0.0633398,-0.790088,-0.454086,0.196587,-0.699649
5147,0.322326,0.613034,-0.0207459,-0.789784,-0.439956,0.199429,-0.677898
5148,0.360365,-0.788517,0.0621421,-0.611865,-0.430862,0.199429,-0.663059
5149,0.323111,0.61544,0.0619901,-0.785742,-0.411704,0.194885,-0.634388
5150,0.361752,-0.763749,0.304826,-0.569006,-0.40292,0.190381,-0.620055
5151,0.370567,-0.744083,0.417938,-0.521219,-0.389665,0.180919,-0.599665
5152,0.384486,-0.720057,0.521834,-0.457392,-0.377194,0.168359,-0.580487
5153,0.394582,-0.68691,0.616112,-0.385437,-0.365718,0.152921,-0.562848
5154,0.384343,0.633516,0.282014,-0.720504,-0.352054,0.128309,-0.5424
5155,0.402526,0.644155,0.325792,-0.692043,-0.343671,0.107251,-0.529447
5156,0.417896,0.660256,0.36404,-0.656914,-0.336858,0.0843573,-0.518906
5157,0.430332,-0.500428,0.865575,-0.0187451,-0.333378,0.0682786,-0.513228
5158,0.401718,0.722916,0.383504,-0.574732,-0.328376,0.0346586,-0.505744
5159,0.375712,-0.336908,0.929203,0.151907,-0.32719,0.017404,-0.503807
5160,0.280118,0.809081,0.275878,-0.518922,-0.32719,-0.017404,-0.503807
5161,0.234123,-0.0939436,0.952298,0.29035,-0.328376,-0.0346586,-0.505744
5162,0.209913,0.850406,0.197332,-0.487719,-0.333378,-0.0682786,-0.513228
5163,0.187631,0.0711745,0.878227,0.472919,-0.336858,-0.0843573,-0.518906
5164,0.195546,0.121913,0.812071,0.570682,-0.343671,-0.107251,-0.529447
5165,0.208479,0.163032,0.731574,0.661981,-0.352054,-0.128309,-0.5424
5166,0.25259,0.90944,0.164836,-0.38177,-0.365718,-0.152921,-0.562848
5167,0.265275,0.923469,0.145738,-0.354915,-0.377194,-0.168359,-0.580487
5168,0.281105,0.937038,0.122783,-0.32693,-0.389665,-0.180919,-0.599665
5169,0.29142,0.947556,0.0924055,-0.30594,-0.40292,-0.190381,-0.620055
5170,0.25431,0.28171,0.186925,0.941116,-0.411704,-0.194885,-0.634388
5171,0.294275,0.956521,0.0189954,-0.291046,-0.430862,-0.199429,-0.663059
5172,0.253615,0.290801,-0.0627039,0.954727,-0.439956,-0.199429,-0.677898
5173,0.24589,0.289665,-0.187396,0.938604,-0.454086,-0.196587,-0.699649
5174,0.233638,0.284452,-0.309899,0.907221,-0.467896,-0.190381,-0.720903
5175,0.219779,0.272296,-0.42829,0.861639,-0.481151,-0.180919,-0.741292
5176,0.229383,0.914692,-0.126384,-0.383881,-0.497884,-0.163515,-0.766337
5177,0.190242,0.226311,-0.643745,0.73101,-0.505099,-0.152921,-0.778109
5178,0.192789,0.886214,-0.144108,-0.440293,-0.518762,-0.128309,-0.798557
5179,0.164035,0.149528,-0.817319,0.556444,-0.524298,-0.114501,-0.807591
5180,0.179682,0.0780402,-0.879651,0.469174,-0.531692,-0.0921786,-0.818931
5181,0.210491,0.850407,-0.197867,-0.487501,-0.539087,-0.0600213,-0.829997
5182,0.218602,-0.0810083,-0.955809,0.282607,-0.54144,-0.0432113,-0.833838
5183,0.341275,0.795664,-0.333974,-0.505351,-0.543962,-0.00870199,-0.837612
5184,0.358188,-0.311363,-0.935422,0.167449,-0.608004,0.00870199,-0.792351
5185,0.379581,0.6847,-0.363425,-0.63175,-0.605193,0.0432113,-0.788786
5186,0.394717,-0.477383,-0.878689,-0.00325322,-0.602545,0.0600213,-0.785142
5187,0.37387,0.631125,-0.327616,-0.7031,-0.594305,0.0921786,-0.774689
5188,0.393113,-0.605297,-0.77497,-0.181763,-0.589191,0.107251,-0.767649
5189,0.374445,-0.651677,-0.706899,-0.274974,-0.579818,0.128309,-0.755395
5190,0.3259,0.59501,-0.21117,-0.77548,-0.564592,0.152921,-0.736081
5191,0.347447,-0.732482,-0.528582,-0.429034,-0.556476,0.163515,-0.724911
5192,0.293595,0.591052,-0.128078,-0.796401,-0.537829,0.180919,-0.701257
5193,0.322637,-0.783654,-0.308607,-0.539117,-0.528378,0.187579,-0.688249
5194,0.267137,0.597202,-0.0515352,-0.800433,-0.507579,0.196587,-0.661866
5195,0.301874,-0.800518,-0.0632463,-0.595962,-0.497437,0.198859,-0.647907
5196,0.260877,0.5994,0.0168917,-0.800271,-0.475905,0.198859,-0.620594
5197,0.259652,0.603105,0.0501273,-0.796085,-0.460208,0.194885,-0.600131
5198,0.300132,-0.770191,0.310553,-0.557102,-0.450327,0.190381,-0.586531
5199,0.31224,-0.74874,0.425742,-0.508067,-0.435514,0.180919,-0.567244
5200,0.296956,0.600371,0.162648,-0.783007,-0.416867,0.163515,-0.54359
5201,0.31165,0.604796,0.202262,-0.770267,-0.404493,0.147171,-0.527434
5202,0.344607,-0.633562,0.714203,-0.297511,-0.39726,0.134865,-0.517478
5203,0.35633,-0.582569,0.785553,-0.208613,-0.387298,0.114501,-0.504534
5204,0.36892,-0.527302,0.842166,-0.112738,-0.379037,0.0921786,-0.49381
5205,0.366842,-0.458958,0.88819,-0.0218169,-0.372617,0.0682786,-0.48549
5206,0.351054,0.695915,0.337287,-0.633987,-0.367044,0.0346586,-0.47842
5207,0.339163,-0.297499,0.941885,0.156036,-0.365709,0.017404,-0.476582
5208,0.300718,0.762055,0.295574,-0.576116,-0.365709,-0.017404,-0.476582
5209,0.274525,-0.102756,0.942011,0.319462,-0.367044,-0.0346586,-0.47842
5210,0.267744,0.80995,0.250536,-0.530295,-0.372617,-0.0682786,-0.48549
5211,0.248757,0.0574296,0.865422,0.497741,-0.376532,-0.0843573,-0.490878
5212,0.286841,0.850489,0.235297,-0.47043,-0.387298,-0.114501,-0.504534
5213,0.300205,0.870846,0.222402,-0.438365,-0.39726,-0.134865,-0.517478
5214,0.277248,0.206414,0.628826,0.749648,-0.404493,-0.147171,-0.527434
5215,0.288267,0.240657,0.527478,0.814771,-0.416867,-0.163515,-0.54359
5216,0.340212,0.925558,0.147695,-0.34861,-0.435514,-0.180919,-0.567244
5217,0.353692,0.939747,0.111394,-0.323215,-0.450327,-0.190381,-0.586531
5218,0.318381,0.294567,0.18294,0.937957,-0.460208,-0.194885,-0.600131
5219,0.316525,0.305583,0.0613897,0.950184,-0.475905,-0.198859,-0.620594
5220,0.353164,0.950522,-0.0226523,-0.309831,-0.497437,-0.198859,-0.647907
5221,0.309974,0.302484,-0.183495,0.935325,-0.507579,-0.196587,-0.661866
5222,0.329846,0.932851,-0.104174,-0.344873,-0.528378,-0.187579,-0.688249
5223,0.28673,0.278132,-0.41983,0.863936,-0.537829,-0.180919,-0.701257
5224,0.301691,0.902767,-0.165178,-0.39715,-0.556476,-0.163515,-0.724911
5225,0.262079,0.219915,-0.631731,0.743339,-0.564592,-0.152921,-0.736081
5226,0.272946,0.866243,-0.202752,-0.456634,-0.579818,-0.128309,-0.755395
5227,0.257561,0.846976,-0.211837,-0.487603,-0.589191,-0.107251,-0.767649
5228,0.242908,0.062294,-0.866819,0.494717,-0.594305,-0.0921786,-0.774689
5229,0.269538,0.809922,-0.25217,-0.529562,-0.602545,-0.0600213,-0.785142
5230,0.27644,-0.10426,-0.941509,0.320453,-0.605193,-0.0432113,-0.788786
5231,0.329538,0.756155,-0.322915,-0.569171,-0.608004,-0.00870199,-0.792351
5232,0.334261,-0.281099,-0.943469,0.175641,-0.668297,0.00870199,-0.742205
5233,0.330117,0.651787,-0.317937,-0.688542,-0.665215,0.0432113,-0.738871
5234,0.339708,-0.442437,-0.896784,-0.00527062,-0.662289,0.0600213,-0.735447
5235,0.310545,0.60752,-0.274104,-0.745511,-0.653255,0.0921786,-0.725673
5236,0.325077,-0.578988,-0.793748,-0.186379,-0.647604,0.107251,-0.719056
5237,0.304637,-0.632169,-0.723042,-0.27852,-0.637297,0.128309,-0.707574
5238,0.291518,-0.682984,-0.637098,-0.357264,-0.625239,0.147171,-0.694151
5239,0.2757,-0.724396,-0.539539,-0.429124,-0.611637,0.163515,-0.679015
5240,0.265281,-0.760142,-0.430913,-0.486311,-0.596721,0.177061,-0.662428
5241,0.253199,-0.785171,-0.314148,-0.533683,-0.580748,0.187579,-0.644671
5242,0.246015,-0.802752,-0.191057,-0.564877,-0.563992,0.194885,-0.62605
5243,0.241794,-0.811232,-0.064149,-0.581195,-0.546738,0.198859,-0.606881
5244,0.19759,0.587069,0.0128564,-0.809435,-0.523129,0.198859,-0.581341
5245,0.234708,-0.796127,0.1915,-0.574029,-0.511923,0.196587,-0.568221
5246,0.242351,-0.778838,0.314877,-0.542461,-0.494958,0.190381,-0.54939
5247,0.252775,-0.752838,0.432166,-0.496456,-0.478677,0.180919,-0.531325
5248,0.261506,-0.716135,0.541382,-0.440517,-0.463359,0.168359,-0.514334
5249,0.249371,0.585701,0.162782,-0.794013,-0.444628,0.147171,-0.494072
5250,0.28585,-0.621059,0.726831,-0.293261,-0.436636,0.134865,-0.484714
5251,0.283542,0.599553,0.232669,-0.765769,-0.422264,0.107251,-0.469166
5252,0.303243,0.611218,0.267861,-0.744757,-0.413886,0.0843573,-0.459822
5253,0.322193,-0.431351,0.902007,-0.0178626,-0.40956,0.0682786,-0.454758
5254,0.321834,-0.352826,0.932791,0.0735916,-0.404653,0.0432113,-0.44935
5255,0.314627,-0.2677,0.949654,0.162771,-0.401974,0.017404,-0.44642
5256,0.310545,-0.183955,0.949362,0.254701,-0.40157,-0.00870199,-0.446017
5257,0.309668,0.739721,0.298892,-0.60289,-0.404653,-0.0432113,-0.44935
5258,0.313966,0.765756,0.29247,-0.572781,-0.40956,-0.0682786,-0.454758
5259,0.303709,0.0530104,0.85118,0.52219,-0.413886,-0.0843573,-0.459822
5260,0.316902,0.111465,0.784415,0.610138,-0.422264,-0.107251,-0.469166
5261,0.359195,0.844723,0.264376,-0.465348,-0.436636,-0.134865,-0.484714
5262,0.339677,0.210891,0.615159,0.759674,-0.444628,-0.147171,-0.494072
5263,0.389182,0.893511,0.210916,-0.396425,-0.463359,-0.168359,-0.514334
5264,0.40038,0.913497,0.17251,-0.368461,-0.478677,-0.180919,-0.531325
5265,0.412521,0.930408,0.128944,-0.343097,-0.494958,-0.190381,-0.54939
5266,0.421215,0.942337,0.0798304,-0.325004,-0.511923,-0.196587,-0.568221
5267,0.380946,0.318936,0.0597964,0.945888,-0.523129,-0.198859,-0.581341
5268,0.41552,0.945252,-0.0264352,-0.32527,-0.546738,-0.198859,-0.606881
5269,0.409178,0.938572,-0.07768,-0.336226,-0.563992,-0.194885,-0.62605
5270,0.40004,0.926656,-0.125256,-0.354428,-0.580748,-0.187579,-0.644671
5271,0.38644,0.909581,-0.166804,-0.380578,-0.596721,-0.177061,-0.662428
5272,0.374226,0.889767,-0.203201,-0.408686,-0.611637,-0.163515,-0.679015
5273,0.357014,0.866328,-0.23052,-0.443099,-0.625239,-0.147171,-0.694151
5274,0.342566,0.84192,-0.252623,-0.476814,-0.637297,-0.128309,-0.707574
5275,0.323286,0.816017,-0.26422,-0.514105,-0.647604,-0.107251,-0.719056
5276,0.302886,0.053576,-0.851382,0.521803,-0.653255,-0.0921786,-0.725673
5277,0.314883,0.76575,-0.293291,-0.57237,-0.662289,-0.0600213,-0.735447
5278,0.310564,-0.104089,-0.931579,0.348318,-0.665215,-0.0432113,-0.738871
5279,0.325485,0.709964,-0.319084,-0.627802,-0.668297,-0.00870199,-0.742205
5280,0.317065,-0.255689,-0.9489,0.184967,-0.724469,0.00870199,-0.687483
5281,0.289111,0.609824,-0.279633,-0.741566,-0.721135,0.0432113,-0.684401
5282,0.290504,-0.413036,-0.910677,-0.0082364,-0.717951,0.0600213,-0.681217
5283,0.250057,0.577374,-0.221974,-0.785727,-0.708177,0.0921786,-0.672182
5284,0.260576,-0.55674,-0.808055,-0.19258,-0.702024,0.107251,-0.666029
5285,0.20513,0.565983,-0.153206,-0.810057,-0.686476,0.134865,-0.651657
5286,0.223593,-0.672457,-0.64721,-0.359057,-0.677775,0.147171,-0.642955
5287,0.168557,0.566789,-0.0932508,-0.818569,-0.657513,0.168359,-0.624225
5288,0.196028,-0.758681,-0.436868,-0.483269,-0.646855,0.177061,-0.613568
5289,0.143852,0.572107,-0.0461087,-0.818882,-0.623259,0.190381,-0.591756
5290,0.177988,-0.807566,-0.19334,-0.557187,-0.611372,0.194885,-0.579869
5291,0.178173,-0.819721,-0.0648629,-0.569078,-0.592668,0.198859,-0.562114
5292,0.178524,-0.819922,0.0648532,-0.56879,-0.573745,0.199429,-0.544156
5293,0.138513,0.572862,0.0269577,-0.819208,-0.548424,0.194885,-0.520749
5294,0.179841,-0.784782,0.31835,-0.531762,-0.536538,0.190381,-0.508862
5295,0.160563,0.564791,0.0707604,-0.822194,-0.512942,0.177061,-0.487051
5296,0.201376,-0.715776,0.547961,-0.432901,-0.502284,0.168359,-0.476394
5297,0.213615,-0.666854,0.648464,-0.36715,-0.487008,0.152921,-0.461922
5298,0.228236,-0.610511,0.73674,-0.290671,-0.47332,0.134865,-0.448962
5299,0.240837,-0.545458,0.811816,-0.2084,-0.461456,0.114501,-0.437736
5300,0.257241,-0.476554,0.871328,-0.116982,-0.45162,0.0921786,-0.428436
5301,0.271864,0.590524,0.254297,-0.765908,-0.441846,0.0600213,-0.419401
5302,0.29067,-0.32705,0.94178,0.0780286,-0.438661,0.0432113,-0.416216
5303,0.304381,0.633212,0.299062,-0.713866,-0.435327,0.00870199,-0.413135
5304,0.312175,-0.164501,0.948843,0.269512,-0.435327,-0.00870199,-0.413135
5305,0.335422,0.68809,0.322852,-0.649845,-0.438661,-0.0432113,-0.416216
5306,0.334068,-0.00880207,0.890661,0.454582,-0.441846,-0.0600213,-0.419401
5307,0.37875,0.750696,0.331678,-0.571354,-0.45162,-0.0921786,-0.428436
5308,0.399504,0.783943,0.323489,-0.529894,-0.461456,-0.114501,-0.437736
5309,0.415788,0.81644,0.303774,-0.491067,-0.47332,-0.134865,-0.448962
5310,0.43382,0.84791,0.27726,-0.451858,-0.487008,-0.152921,-0.461922
5311,0.449425,0.876589,0.241492,-0.41626,-0.502284,-0.168359,-0.476394
5312,0.422615,0.290584,0.397008,0.870601,-0.512942,-0.177061,-0.487051
5313,0.475802,0.92189,0.147318,-0.358352,-0.536538,-0.190381,-0.508862
5314,0.441439,0.325341,0.173182,0.929603,-0.548424,-0.194885,-0.520749
5315,0.480303,0.940553,0.0302584,-0.338297,-0.573745,-0.199429,-0.544156
5316,0.48229,0.941233,-0.030377,-0.336389,-0.592668,-0.198859,-0.562114
5317,0.442113,0.324763,-0.173118,0.929817,-0.604869,-0.196587,-0.574314
5318,0.433277,0.312065,-0.286692,0.905772,-0.623259,-0.190381,-0.591756
5319,0.455941,0.899403,-0.194871,-0.391279,-0.646855,-0.177061,-0.613568
5320,0.41605,0.255586,-0.500852,0.826936,-0.657513,-0.168359,-0.624225
5321,0.424677,0.84591,-0.271766,-0.458889,-0.677775,-0.147171,-0.642955
5322,0.388398,0.169747,-0.688506,0.705085,-0.686476,-0.134865,-0.651657
5323,0.384751,0.782227,-0.312141,-0.539156,-0.702024,-0.107251,-0.666029
5324,0.358522,0.0527303,-0.834383,0.548657,-0.708177,-0.0921786,-0.672182
5325,0.353772,0.71848,-0.32808,-0.613311,-0.717951,-0.0600213,-0.681217
5326,0.33786,-0.0952363,-0.922857,0.373183,-0.721135,-0.0432113,-0.684401
5327,0.323726,0.658818,-0.31742,-0.682058,-0.724469,-0.00870199,-0.687483
5328,0.300774,-0.230979,-0.95382,0.192033,-0.776175,0.00870199,-0.628522
5329,0.251856,0.561424,-0.244422,-0.790608,-0.77261,0.0432113,-0.625712
5330,0.242827,-0.38686,-0.922025,-0.0144565,-0.769185,0.0600213,-0.622787
5331,0.191034,0.541927,-0.170322,-0.822986,-0.758733,0.0921786,-0.614547
5332,0.198523,-0.538107,-0.81871,-0.200388,-0.752117,0.107251,-0.608896
5333,0.146337,0.537017,-0.109666,-0.836413,-0.735489,0.134865,-0.595788
5334,0.124807,0.540807,-0.0821106,-0.837129,-0.720827,0.152921,-0.583942
5335,0.109877,0.543766,-0.0609547,-0.83702,-0.704462,0.168359,-0.570713
5336,0.0945705,0.549829,-0.0417925,-0.834231,-0.686673,0.180919,-0.556328
5337,0.0856145,0.553252,-0.0275016,-0.83256,-0.667767,0.190381,-0.541031
5338,0.077242,0.557817,-0.0150663,-0.829828,-0.648065,0.196587,-0.525086
5339,0.0750791,0.558585,-0.00491213,-0.829433,-0.627904,0.199429,-0.508766
5340,0.0769002,0.557069,0.00503135,-0.830451,-0.60763,0.198859,-0.492348
5341,0.0776446,0.557484,0.0151447,-0.83005,-0.587591,0.194885,-0.476115
5342,0.118914,-0.791671,0.320544,-0.520104,-0.574808,0.190381,-0.465198
5343,0.128112,-0.758609,0.440689,-0.479902,-0.555901,0.180919,-0.449902
5344,0.114009,0.540811,0.0632352,-0.838764,-0.532247,0.163515,-0.431254
5345,0.132983,0.535361,0.0874591,-0.840083,-0.516444,0.147171,-0.418433
5346,0.169606,-0.600932,0.744332,-0.291293,-0.507086,0.134865,-0.410441
5347,0.178717,0.531724,0.147841,-0.833914,-0.490458,0.107251,-0.397333
5348,0.211199,-0.459851,0.880224,-0.117227,-0.483842,0.0921786,-0.391682
5349,0.227274,-0.378332,0.925274,-0.0270499,-0.475657,0.0682786,-0.38509
5350,0.264426,0.557554,0.25634,-0.789571,-0.468588,0.0346586,-0.379516
5351,0.281941,-0.220009,0.959188,0.177636,-0.46686,0.017404,-0.378041
5352,0.330128,0.602291,0.323472,-0.729802,-0.46686,-0.017404,-0.378041
5353,0.337701,-0.0654873,0.922911,0.379403,-0.468588,-0.0346586,-0.379516
5354,0.396826,0.668481,0.36601,-0.647433,-0.475657,-0.0682786,-0.38509
5355,0.42073,0.706873,0.366369,-0.605065,-0.483842,-0.0921786,-0.391682
5356,0.415283,0.132992,0.753464,0.643898,-0.490458,-0.107251,-0.397333
5357,0.473157,0.78693,0.342727,-0.513107,-0.507086,-0.134865,-0.410441
5358,0.454044,0.234724,0.583979,0.777093,-0.516444,-0.147171,-0.418433
5359,0.471035,0.272899,0.48681,0.829785,-0.532247,-0.163515,-0.431254
5360,0.526808,0.889208,0.222528,-0.399738,-0.555901,-0.180919,-0.449902
5361,0.53785,0.91262,0.164762,-0.374137,-0.574808,-0.190381,-0.465198
5362,0.503586,0.340339,0.167251,0.925309,-0.587591,-0.194885,-0.476115
5363,0.504105,0.35074,0.0560613,0.934793,-0.60763,-0.198859,-0.492348
5364,0.505953,0.349058,-0.0559973,0.935426,-0.627904,-0.199429,-0.508766
5365,0.501818,0.341978,-0.167429,0.924672,-0.648065,-0.196587,-0.525086
5366,0.494425,0.327169,-0.27724,0.903382,-0.667767,-0.190381,-0.541031
5367,0.487752,0.300843,-0.383413,0.873205,-0.686673,-0.180919,-0.556328
5368,0.475802,0.268851,-0.485557,0.831837,-0.704462,-0.168359,-0.570713
5369,0.464286,0.226285,-0.580809,0.781956,-0.720827,-0.152921,-0.583942
5370,0.446766,0.179022,-0.669655,0.720773,-0.735489,-0.134865,-0.595788
5371,0.443196,0.746283,-0.356639,-0.562023,-0.752117,-0.107251,-0.608896
5372,0.412077,0.0578139,-0.815577,0.575754,-0.758733,-0.0921786,-0.614547
5373,0.391584,0.668515,-0.361426,-0.649969,-0.769185,-0.0600213,-0.622787
5374,0.36328,-0.0817668,-0.914113,0.39713,-0.77261,-0.0432113,-0.625712
5375,0.325245,0.603033,-0.318857,-0.731219,-0.776175,-0.00870199,-0.628522
5376,0.256567,0.523612,-0.25322,-0.813456,-0.822609,0.017404,-0.565389
5377,0.237772,-0.284504,-0.954971,0.0841893,-0.820772,0.0346586,-0.564054
5378,0.186364,-0.359137,-0.932733,-0.0320825,-0.815677,0.0600213,-0.560518
5379,0.130454,0.50304,-0.11669,-0.856349,-0.804611,0.0921786,-0.553123
5380,0.13566,-0.521859,-0.826251,-0.212066,-0.797571,0.107251,-0.548008
5381,0.115582,-0.595515,-0.749107,-0.290173,-0.784869,0.128309,-0.53925
5382,0.101319,-0.663167,-0.657908,-0.356885,-0.770011,0.147171,-0.529012
5383,0.0505354,0.519938,-0.0280782,-0.853742,-0.747068,0.168359,-0.513682
5384,0.0362593,0.528171,-0.0160444,-0.848987,-0.728205,0.180919,-0.500736
5385,0.0222676,0.537888,-0.00716132,-0.842986,-0.708157,0.190381,-0.486971
5386,0.0570945,-0.825642,-0.195209,-0.529348,-0.694557,0.194885,-0.47709
5387,0.0122911,0.54532,-0.000804923,-0.838228,-0.665886,0.199429,-0.457932
5388,0.0512875,-0.836357,0.0654852,-0.54426,-0.651806,0.199429,-0.447703
5389,0.0184591,0.540417,0.00360379,-0.841389,-0.623135,0.194885,-0.428546
5390,0.0244016,0.536203,0.00784702,-0.844053,-0.602494,0.187579,-0.41435
5391,0.0667087,-0.762732,0.442394,-0.471728,-0.589486,0.180919,-0.404899
5392,0.0785223,-0.715929,0.555268,-0.423229,-0.570624,0.168359,-0.391954
5393,0.0910459,-0.657899,0.658359,-0.365694,-0.553272,0.152921,-0.38005
5394,0.10695,-0.59119,0.749629,-0.297575,-0.537726,0.134865,-0.36939
5395,0.110439,0.501302,0.0916615,-0.860404,-0.520121,0.107251,-0.357628
5396,0.155023,0.492161,0.138501,-0.859416,-0.509792,0.0843573,-0.350498
5397,0.188332,-0.360054,0.932435,-0.0304151,-0.504404,0.0682786,-0.346583
5398,0.232956,0.503156,0.226424,-0.834006,-0.49692,0.0346586,-0.341581
5399,0.266058,-0.197157,0.963412,0.181565,-0.495082,0.017404,-0.340246
5400,0.334862,0.542574,0.327938,-0.77335,-0.495082,-0.017404,-0.340246
5401,0.358941,-0.04779,0.915642,0.399145,-0.49692,-0.0346586,-0.341581
5402,0.428542,0.616314,0.393524,-0.682125,-0.504404,-0.0682786,-0.346583
5403,0.435625,0.0873413,0.806563,0.58466,-0.509792,-0.0843573,-0.350498
5404,0.481072,0.136748,0.728685,0.671058,-0.520121,-0.107251,-0.357628
5405,0.535899,0.757482,0.384033,-0.527958,-0.537726,-0.134865,-0.36939
5406,0.520437,0.242393,0.562327,0.790591,-0.547682,-0.147171,-0.376624
5407,0.575327,0.842204,0.302444,-0.44634,-0.570624,-0.168359,-0.391954
5408,0.589262,0.876237,0.245982,-0.414369,-0.589486,-0.180919,-0.404899
5409,0.559214,0.339316,0.266086,0.902254,-0.602494,-0.187579,-0.41435
5410,0.564416,0.356629,0.160814,0.920301,-0.623135,-0.194885,-0.428546
5411,0.608908,0.930271,0.0374584,-0.364956,-0.651806,-0.199429,-0.447703
5412,0.569071,0.36342,-0.0537442,0.930074,-0.665886,-0.199429,-0.457932
5413,0.600517,0.919159,-0.110326,-0.378121,-0.694557,-0.194885,-0.47709
5414,0.559308,0.339188,-0.266073,0.902306,-0.708157,-0.190381,-0.486971
5415,0.547832,0.316609,-0.369486,0.873635,-0.728205,-0.180919,-0.500736
5416,0.536179,0.283084,-0.468318,0.836984,-0.747068,-0.168359,-0.513682
5417,0.546934,0.799542,-0.343042,-0.493006,-0.770011,-0.147171,-0.529012
5418,0.527824,0.755949,-0.378815,-0.533892,-0.784869,-0.128309,-0.53925
5419,0.502568,0.709276,-0.40058,-0.580055,-0.797571,-0.107251,-0.548008
5420,0.467005,0.0665148,-0.793853,0.604461,-0.804611,-0.0921786,-0.553123
5421,0.437874,0.616421,-0.401537,-0.677343,-0.815677,-0.0600213,-0.560518
5422,0.382331,0.575928,-0.365928,-0.731029,-0.820772,-0.0346586,-0.564054
5423,0.352116,-0.142001,-0.935772,0.322749,-0.822609,-0.017404,-0.565389
5424,0.238888,0.461257,-0.236117,-0.855272,-0.864434,0.017404,-0.499105
5425,0.159033,0.455506,-0.155325,-0.876578,-0.860981,0.0432113,-0.497146
5426,0.13577,-0.338165,-0.939831,-0.0485991,-0.857141,0.0600213,-0.494792
5427,0.0651511,0.462475,-0.0583998,-0.884707,-0.845528,0.0921786,-0.488289
5428,0.0381549,0.469782,-0.0317248,-0.882212,-0.833792,0.114501,-0.481543
5429,0.0177448,0.478326,-0.0133453,-0.878081,-0.819635,0.134865,-0.473397
5430,0.0365679,-0.659183,-0.659591,-0.361135,-0.809143,0.147171,-0.466967
5431,-0.0128791,0.497932,0.00715843,-0.867186,-0.785068,0.168359,-0.453484
5432,0.0152651,-0.772478,-0.442504,-0.455487,-0.772217,0.177061,-0.445609
5433,-0.0371983,0.519022,0.011961,-0.854677,-0.744181,0.190381,-0.429908
5434,-0.00233422,-0.835052,-0.195079,-0.514425,-0.729848,0.194885,-0.421124
5435,-0.0423403,0.525025,0.00277209,-0.851082,-0.699761,0.199429,-0.404276
5436,-0.0438927,0.526358,-0.00287366,-0.850258,-0.67717,0.198859,-0.391232
5437,-0.0418139,0.523977,-0.00816142,-0.851693,-0.654837,0.194885,-0.378334
5438,-0.0375854,0.519319,-0.0120854,-0.854495,-0.633146,0.187579,-0.365802
5439,-0.0246769,0.507784,-0.0109207,-0.861415,-0.612468,0.177061,-0.35385
5440,-0.00876897,0.494959,-0.00487445,-0.868903,-0.593157,0.163515,-0.342683
5441,0.0303591,-0.656209,0.659574,-0.366541,-0.581385,0.152921,-0.335469
5442,0.0268323,0.472999,0.0201792,-0.880832,-0.559927,0.128309,-0.323452
5443,0.0585072,-0.502118,0.831085,-0.239115,-0.550894,0.114501,-0.317917
5444,0.0769034,0.457548,0.0689149,-0.88651,-0.53572,0.0843573,-0.30942
5445,0.130912,0.447863,0.12362,-0.885515,-0.527544,0.0600213,-0.304667
5446,0.19399,0.446667,0.189078,-0.874493,-0.522188,0.0346586,-0.301541
5447,0.245731,-0.173027,0.968485,0.179158,-0.520252,0.017404,-0.300354
5448,0.342694,0.479364,0.335307,-0.811036,-0.520252,-0.017404,-0.300354
5449,0.387066,-0.0309511,0.905368,0.423498,-0.522188,-0.0346586,-0.301541
5450,0.446624,0.0346317,0.848879,0.527451,-0.527544,-0.0600213,-0.304667
5451,0.509686,0.087548,0.775277,0.625525,-0.53572,-0.0843573,-0.30942
5452,0.579762,0.674187,0.455596,-0.581295,-0.550894,-0.114501,-0.317917
5453,0.565328,0.205045,0.624465,0.753658,-0.559927,-0.128309,-0.323452
5454,0.624105,0.77974,0.385436,-0.493401,-0.581385,-0.152921,-0.335469
5455,0.599642,0.296315,0.448427,0.843274,-0.593157,-0.163515,-0.342683
5456,0.612195,0.32936,0.353032,0.875723,-0.612468,-0.177061,-0.35385
5457,0.623227,0.352682,0.253994,0.900612,-0.633146,-0.187579,-0.365802
5458,0.626542,0.371833,0.153637,0.915497,-0.654837,-0.194885,-0.378334
5459,0.627891,0.381676,0.051452,0.922863,-0.67717,-0.198859,-0.391232
5460,0.62598,0.383438,-0.0515286,0.922128,-0.699761,-0.199429,-0.404276
5461,0.662566,0.911624,-0.120101,-0.393088,-0.729848,-0.194885,-0.421124
5462,0.621382,0.354326,-0.254361,0.899863,-0.744181,-0.190381,-0.429908
5463,0.640444,0.859313,-0.264472,-0.437762,-0.772217,-0.177061,-0.445609
5464,0.600943,0.295242,-0.447955,0.8439,-0.785068,-0.168359,-0.453484
5465,0.612179,0.776722,-0.379045,-0.50302,-0.809143,-0.147171,-0.466967
5466,0.574323,0.198558,-0.620659,0.758523,-0.819635,-0.134865,-0.473397
5467,0.554745,0.139777,-0.697227,0.703091,-0.833792,-0.114501,-0.481543
5468,0.525021,0.0780877,-0.768267,0.635349,-0.845528,-0.0921786,-0.488289
5469,0.479205,0.562798,-0.436638,-0.701858,-0.857141,-0.0600213,-0.494792
5470,0.438034,-0.0571422,-0.885011,0.462049,-0.860981,-0.0432113,-0.497146
5471,0.354187,-0.117247,-0.935028,0.334627,-0.864434,-0.017404,-0.499105
5472,0.248548,-0.159492,-0.967823,0.19463,-0.901455,0.00870199,-0.429962
5473,0.141276,-0.231254,-0.972068,0.0400584,-0.898904,0.0346586,-0.428712
5474,0.0604956,-0.3114,-0.94593,-0.0908067,-0.893319,0.0600213,-0.426017
5475,0.0220962,-0.403387,-0.896993,-0.180784,-0.884795,0.0843573,-0.421921
5476,-0.000362854,-0.49486,-0.831468,-0.252537,-0.873479,0.107251,-0.416494
5477,-0.0154196,-0.580716,-0.751444,-0.31321,-0.859563,0.128309,-0.40983
5478,-0.0323332,-0.655374,-0.658379,-0.370164,-0.843286,0.147171,-0.402043
5479,-0.0419017,-0.721643,-0.554297,-0.414712,-0.824927,0.163515,-0.393266
5480,-0.0515756,-0.774995,-0.440934,-0.452725,-0.804799,0.177061,-0.383649
5481,-0.0573011,-0.816528,-0.320184,-0.480379,-0.783247,0.187579,-0.373356
5482,-0.0620817,-0.844151,-0.194245,-0.499677,-0.760639,0.194885,-0.362564
5483,-0.0633811,-0.858558,-0.0651456,-0.50856,-0.737363,0.198859,-0.351457
5484,-0.0654999,-0.857459,0.0651355,-0.510412,-0.713817,0.199429,-0.340226
5485,-0.0650555,-0.842623,0.194198,-0.502268,-0.690405,0.196587,-0.329062
5486,-0.0620548,-0.814207,0.320028,-0.484406,-0.667524,0.190381,-0.318158
5487,-0.0554321,-0.773109,0.440782,-0.456085,-0.645568,0.180919,-0.307699
5488,-0.0448417,-0.720211,0.554204,-0.417318,-0.624914,0.168359,-0.297863
5489,-0.03044,-0.656268,0.658403,-0.368534,-0.605913,0.152921,-0.28882
5490,-0.0190418,-0.579121,0.751345,-0.316384,-0.588891,0.134865,-0.280724
5491,-0.00116002,-0.494517,0.831453,-0.253257,-0.574139,0.114501,-0.273714
5492,0.0176651,-0.401536,0.897003,-0.184811,-0.56191,0.0921786,-0.26791
5493,0.0538754,-0.308714,0.946203,-0.0969273,-0.552412,0.0682786,-0.26341
5494,0.109772,-0.218814,0.9757,0.0114203,-0.545809,0.0432113,-0.260292
5495,0.260894,0.389189,0.257393,-0.884467,-0.541686,0.00870199,-0.258392
5496,0.304385,-0.069948,0.951206,0.300524,-0.541686,-0.00870199,-0.258392
5497,0.479282,0.453133,0.452295,-0.76818,-0.545809,-0.0432113,-0.260292
5498,0.515782,0.0408382,0.81784,0.573995,-0.549822,-0.0600213,-0.262337
5499,0.617037,0.573739,0.519024,-0.633591,-0.56191,-0.0921786,-0.26791
5500,0.641574,0.637204,0.49772,-0.588427,-0.574139,-0.114501,-0.273714
5501,0.666592,0.699114,0.465033,-0.543124,-0.588891,-0.134865,-0.280724
5502,0.683541,0.755684,0.416559,-0.505391,-0.605913,-0.152921,-0.28882
5503,0.701741,0.807072,0.358843,-0.468899,-0.624914,-0.168359,-0.297863
5504,0.715159,0.85008,0.290229,-0.439466,-0.645568,-0.180919,-0.307699
5505,0.724099,0.88326,0.213053,-0.417683,-0.667524,-0.190381,-0.318158
5506,0.728743,0.905447,0.130019,-0.404055,-0.690405,-0.196587,-0.329062
5507,0.729882,0.916249,0.0436704,-0.398222,-0.713817,-0.199429,-0.340226
5508,0.727446,0.915279,-0.0435483,-0.40046,-0.737363,-0.198859,-0.351457
5509,0.725612,0.90424,-0.129554,-0.406898,-0.760639,-0.194885,-0.362564
5510,0.68349,0.369765,-0.241641,0.897153,-0.775618,-0.190381,-0.370196
5511,0.706778,0.847204,-0.287418,-0.446807,-0.804799,-0.177061,-0.383649
5512,0.66678,0.308142,-0.425332,0.850965,-0.818228,-0.168359,-0.390492
5513,0.681265,0.755059,-0.415425,-0.507255,-0.843286,-0.147171,-0.402043
5514,0.657476,0.697153,-0.459616,-0.55021,-0.859563,-0.128309,-0.40983
5515,0.633104,0.635868,-0.492059,-0.5946,-0.873479,-0.107251,-0.416494
5516,0.594677,0.571675,-0.502538,-0.64857,-0.884795,-0.0843573,-0.421921
5517,0.531643,0.508754,-0.480091,-0.71462,-0.893319,-0.0600213,-0.426017
5518,0.471147,-0.0357459,-0.870501,0.490866,-0.897333,-0.0432113,-0.428062
5519,0.313883,0.416535,-0.308094,-0.855323,-0.901455,-0.00870199,-0.429962
5520,0.0908019,0.339145,-0.090483,-0.936372,-0.931869,0.017404,-0.357733
5521,0.0388434,-0.193556,-0.980347,-0.0381483,-0.92977,0.0346586,-0.356864
5522,-0.0324065,-0.285518,-0.946034,-0.153295,-0.923991,0.0600213,-0.354615
5523,-0.0868532,0.380769,0.0778106,-0.921391,-0.911503,0.0921786,-0.350008
5524,-0.0996134,0.396212,0.0827081,-0.914426,-0.898856,0.114501,-0.345181
5525,-0.0844719,-0.57641,-0.747527,-0.330082,-0.889068,0.128309,-0.341126
5526,-0.13254,0.436256,0.0871691,-0.89559,-0.865995,0.152921,-0.332614
5527,-0.14276,0.453563,0.079086,-0.887708,-0.846343,0.168359,-0.32509
5528,-0.152743,0.470093,0.0673392,-0.880044,-0.82498,0.180919,-0.316905
5529,-0.160176,0.483367,0.0512978,-0.873913,-0.802272,0.190381,-0.3082
5530,-0.163842,0.491553,0.0318449,-0.870265,-0.778607,0.196587,-0.299124
5531,-0.165146,0.495323,0.0107664,-0.868642,-0.75439,0.199429,-0.289832
5532,-0.164761,0.494977,-0.0107416,-0.868839,-0.730035,0.198859,-0.280482
5533,-0.161844,0.489879,-0.0314608,-0.871222,-0.70596,0.194885,-0.271237
5534,-0.155941,0.479887,-0.0499492,-0.875907,-0.682575,0.187579,-0.262252
5535,-0.146567,0.465275,-0.0646405,-0.882803,-0.660282,0.177061,-0.253682
5536,-0.133896,0.447121,-0.0742057,-0.89139,-0.639462,0.163515,-0.245674
5537,-0.119119,0.427455,-0.0783863,-0.900632,-0.620471,0.147171,-0.238364
5538,-0.102171,0.407355,-0.0767101,-0.910043,-0.603633,0.128309,-0.231879
5539,-0.0812634,0.387254,-0.0675096,-0.919498,-0.589237,0.107251,-0.226327
5540,-0.0537102,0.36788,-0.0481541,-0.928626,-0.577529,0.0843573,-0.221805
5541,-0.0134487,0.350149,-0.0127358,-0.936608,-0.56871,0.0600213,-0.21839
5542,0.0631449,0.333921,0.0618918,-0.940567,-0.562931,0.0346586,-0.216141
5543,0.209897,0.325749,0.207914,-0.922312,-0.56029,0.00870199,-0.215095
5544,0.322179,-0.0523546,0.945713,0.320757,-0.56029,-0.00870199,-0.215095
5545,0.5014,-0.00897017,0.856437,0.516174,-0.562931,-0.0346586,-0.216141
5546,0.622583,0.0371851,0.762295,0.64616,-0.56871,-0.0600213,-0.21839
5547,0.659121,0.106729,0.699462,0.706655,-0.577529,-0.0843573,-0.221805
5548,0.681045,0.173763,0.634557,0.75309,-0.589237,-0.107251,-0.226327
5549,0.698801,0.23347,0.563079,0.792738,-0.603633,-0.128309,-0.231879
5550,0.713708,0.285018,0.485676,0.826368,-0.620471,-0.147171,-0.238364
5551,0.726495,0.327525,0.403236,0.854476,-0.639462,-0.163515,-0.245674
5552,0.737365,0.360825,0.316944,0.877127,-0.660282,-0.177061,-0.253682
5553,0.745499,0.385798,0.228033,0.893958,-0.682575,-0.187579,-0.262252
5554,0.750738,0.402481,0.137532,0.905038,-0.70596,-0.194885,-0.271237
5555,0.75351,0.410608,0.0459697,0.910653,-0.730035,-0.198859,-0.280482
5556,0.753546,0.410575,-0.0459686,0.910667,-0.75439,-0.199429,-0.289832
5557,0.750621,0.402523,-0.137531,0.905019,-0.778607,-0.196587,-0.299124
5558,0.743584,0.387437,-0.228475,0.893136,-0.802272,-0.190381,-0.3082
5559,0.7378,0.360496,-0.316797,0.877315,-0.82498,-0.180919,-0.316905
5560,0.728862,0.325655,-0.402335,0.855614,-0.846343,-0.168359,-0.32509
5561,0.723282,0.277999,-0.481379,0.831259,-0.865995,-0.152921,-0.332614
5562,0.728074,0.669805,-0.500476,-0.548529,-0.889068,-0.128309,-0.341126
5563,0.693466,0.166282,-0.627834,0.760378,-0.898856,-0.114501,-0.345181
5564,0.680077,0.0955598,-0.687545,0.719826,-0.911503,-0.0921786,-0.350008
5565,0.635409,0.45745,-0.562047,-0.689089,-0.923991,-0.0600213,-0.354615
5566,0.51917,0.391245,-0.486646,-0.781091,-0.92977,-0.0346586,-0.356864
5567,0.44075,-0.0930448,-0.901388,0.422898,-0.931869,-0.017404,-0.357733
5568,-0.115789,-0.0303559,-0.990887,-0.131233,-0.957618,0.00870199,-0.28365
5569,-0.114157,0.291039,0.111724,-0.950165,-0.953249,0.0432113,-0.282418
5570,-0.118423,-0.271056,-0.938869,-0.212261,-0.948965,0.0600213,-0.281026
5571,-0.142547,-0.376806,-0.885545,-0.271712,-0.939905,0.0843573,-0.278313
5572,-0.149339,-0.480369,-0.819544,-0.3124,-0.927879,0.107251,-0.274724
5573,-0.159383,-0.573465,-0.739224,-0.35311,-0.913091,0.128309,-0.27032
5574,-0.164206,-0.657575,-0.647255,-0.385561,-0.895797,0.147171,-0.265174
5575,-0.169342,-0.729343,-0.544596,-0.414094,-0.876291,0.163515,-0.259376
5576,-0.174219,-0.787751,-0.432901,-0.438229,-0.854906,0.177061,-0.253026
5577,-0.222465,0.465816,0.0709621,-0.882031,-0.82398,0.190381,-0.244304
5578,-0.18743,-0.859121,-0.190268,-0.475088,-0.807992,0.194885,-0.23911
5579,-0.186292,-0.8754,-0.0638374,-0.479165,-0.783265,0.198859,-0.231781
5580,-0.184968,-0.876011,0.0638496,-0.478046,-0.758253,0.199429,-0.224372
5581,-0.183197,-0.861148,0.190471,-0.471322,-0.733381,0.196587,-0.217009
5582,-0.180116,-0.831369,0.314033,-0.458485,-0.709077,0.190381,-0.209817
5583,-0.17521,-0.787314,0.432853,-0.439062,-0.685755,0.180919,-0.202921
5584,-0.168131,-0.729864,0.544683,-0.41306,-0.663817,0.168359,-0.196438
5585,-0.159254,-0.659597,0.647894,-0.381005,-0.643635,0.152921,-0.190479
5586,-0.148957,-0.577434,0.740627,-0.343571,-0.625555,0.134865,-0.185145
5587,-0.136749,-0.484832,0.821243,-0.30083,-0.609889,0.114501,-0.180529
5588,-0.121933,-0.383647,0.8883,-0.252463,-0.596901,0.0921786,-0.176709
5589,-0.104744,-0.275195,0.94051,-0.199271,-0.586818,0.0682786,-0.173751
5590,-0.0903568,-0.16017,0.976112,-0.146805,-0.579808,0.0432113,-0.171705
5591,0.047306,0.268165,0.0471872,-0.962217,-0.575439,0.00870199,-0.170473
5592,0.387839,-0.0451134,0.922761,0.382724,-0.575439,-0.00870199,-0.170473
5593,0.716448,0.327898,0.644112,-0.691088,-0.579808,-0.0432113,-0.171705
5594,0.741876,0.408987,0.639877,-0.650605,-0.586818,-0.0682786,-0.173751
5595,0.764107,0.490335,0.620621,-0.611884,-0.596901,-0.0921786,-0.176709
5596,0.783037,0.569395,0.586695,-0.575828,-0.609889,-0.114501,-0.180529
5597,-0.770794,-0.247219,-0.523986,-0.815059,-0.625555,-0.134865,-0.185145
5598,-0.755694,-0.298536,-0.452358,-0.840386,-0.643635,-0.152921,-0.190479
5599,-0.742558,-0.340998,-0.375851,-0.861659,-0.663817,-0.168359,-0.196438
5600,-0.731922,-0.374846,-0.2958,-0.878631,-0.685755,-0.180919,-0.202921
5601,-0.724111,-0.400417,-0.213049,-0.891222,-0.709077,-0.190381,-0.209817
5602,-0.718794,-0.417274,-0.128567,-0.89964,-0.733381,-0.196587,-0.217009
5603,-0.7138,-0.423614,-0.0428761,-0.904828,-0.758253,-0.199429,-0.224372
5604,-0.75442,0.903038,-0.0494445,-0.426706,-0.774804,-0.199429,-0.22975
5605,-0.722314,-0.420403,0.129072,-0.89811,-0.807992,-0.194885,-0.23911
5606,-0.762911,0.861814,-0.240575,-0.446543,-0.82398,-0.190381,-0.244304
5607,-0.738683,-0.380451,0.297994,-0.875475,-0.854906,-0.177061,-0.253026
5608,-0.746997,-0.344412,0.377695,-0.859492,-0.876291,-0.163515,-0.259376
5609,-0.755489,-0.298393,0.452253,-0.840493,-0.895797,-0.147171,-0.265174
5610,-0.764791,-0.243343,0.520738,-0.818301,-0.913091,-0.128309,-0.27032
5611,-0.781008,-0.183416,0.585505,-0.789647,-0.927879,-0.107251,-0.274724
5612,0.776888,0.49183,-0.628847,-0.602208,-0.939905,-0.0843573,-0.278313
5613,0.738872,0.408877,-0.637757,-0.652752,-0.948965,-0.0600213,-0.281026
5614,0.701552,-0.0343742,-0.744343,0.666912,-0.953249,-0.0432113,-0.282418
5615,0.715675,-0.131295,-0.751365,0.646693,-0.957063,-0.017404,-0.283516
5616,-0.277948,-0.00758989,-0.958852,-0.283804,-0.976921,0.00870199,-0.207642
5617,-0.238036,-0.137981,-0.951356,-0.275468,-0.974149,0.0346586,-0.207022
5618,-0.222228,-0.261051,-0.921008,-0.289132,-0.968089,0.0600213,-0.205705
5619,-0.24003,0.292549,0.213252,-0.932169,-0.955035,0.0921786,-0.203108
5620,-0.244753,0.321254,0.201522,-0.925303,-0.941788,0.114501,-0.200319
5621,-0.252131,0.350181,0.187629,-0.917697,-0.925807,0.134865,-0.196946
5622,-0.227996,-0.663179,-0.637846,-0.391595,-0.913841,0.147171,-0.194073
5623,-0.234285,-0.734981,-0.536158,-0.415135,-0.893939,0.163515,-0.189824
5624,-0.23623,-0.794985,-0.426419,-0.431469,-0.872123,0.177061,-0.185172
5625,-0.280746,0.444738,0.0891125,-0.891216,-0.840607,0.190381,-0.178903
5626,-0.246446,-0.868275,-0.187364,-0.45934,-0.824261,0.194885,-0.174978
5627,-0.243181,-0.885568,-0.0628969,-0.460233,-0.799036,0.198859,-0.169613
5628,-0.240858,-0.886634,0.062939,-0.458169,-0.773519,0.199429,-0.164189
5629,-0.239043,-0.871639,0.187766,-0.452757,-0.748146,0.196587,-0.158799
5630,-0.236495,-0.841367,0.309648,-0.442966,-0.723353,0.190381,-0.153537
5631,-0.232279,-0.796654,0.426882,-0.427918,-0.699563,0.180919,-0.148491
5632,-0.226201,-0.738218,0.537324,-0.40782,-0.677183,0.168359,-0.14375
5633,-0.218874,-0.666585,0.639351,-0.383268,-0.656595,0.152921,-0.139393
5634,-0.21078,-0.582609,0.731161,-0.354924,-0.638153,0.134865,-0.135494
5635,-0.201486,-0.487912,0.810987,-0.322867,-0.622173,0.114501,-0.132121
5636,-0.191379,-0.383641,0.877568,-0.287567,-0.608926,0.0921786,-0.129332
5637,-0.187829,-0.269939,0.928021,-0.25673,-0.598641,0.0682786,-0.127174
5638,-0.209107,-0.144739,0.95786,-0.248103,-0.591492,0.0432113,-0.125683
5639,-0.259056,-0.0114602,0.963921,-0.265941,-0.587603,0.017404,-0.124887
5640,-0.617836,0.12191,-0.578034,-0.806855,-0.587603,-0.017404,-0.124887
5641,-0.706658,0.0242478,-0.636841,-0.770614,-0.591492,-0.0432113,-0.125683
5642,-0.736186,-0.0670157,-0.635871,-0.76888,-0.598641,-0.0682786,-0.127174
5643,-0.732486,-0.144811,-0.599864,-0.786888,-0.608926,-0.0921786,-0.129332
5644,-0.720696,-0.212839,-0.548806,-0.808401,-0.622173,-0.114501,-0.132121
5645,-0.70764,-0.271919,-0.488912,-0.82887,-0.638153,-0.134865,-0.135494
5646,-0.694983,-0.32222,-0.422387,-0.847209,-0.656595,-0.152921,-0.139393
5647,-0.683221,-0.363417,-0.350901,-0.863016,-0.677183,-0.168359,-0.14375
5648,-0.673303,-0.395907,-0.276004,-0.875831,-0.699563,-0.180919,-0.148491
5649,-0.665893,-0.420283,-0.198685,-0.885374,-0.723353,-0.190381,-0.153537
5650,-0.661158,-0.436673,-0.119883,-0.891597,-0.748146,-0.196587,-0.158799
5651,-0.658594,-0.444678,-0.0400805,-0.894793,-0.773519,-0.199429,-0.164189
5652,-0.660246,-0.44615,0.040166,-0.894056,-0.799036,-0.198859,-0.169613
5653,-0.660719,-0.4363,0.119816,-0.891788,-0.824261,-0.194885,-0.174978
5654,-0.701709,0.851385,-0.253196,-0.459386,-0.840607,-0.190381,-0.178903
5655,-0.673389,-0.395951,0.276034,-0.875801,-0.872123,-0.177061,-0.185172
5656,-0.678926,-0.36015,0.349046,-0.865135,-0.893939,-0.163515,-0.189824
5657,-0.689637,-0.318517,0.419673,-0.849954,-0.913841,-0.147171,-0.194073
5658,-0.721338,0.621277,-0.57747,-0.529663,-0.925807,-0.134865,-0.196946
5659,-0.724285,0.541732,-0.634726,-0.551043,-0.941788,-0.114501,-0.200319
5660,-0.722809,0.456517,-0.682952,-0.570236,-0.955035,-0.0921786,-0.203108
5661,-0.699873,-0.0537227,0.609977,-0.790596,-0.968089,-0.0600213,-0.205705
5662,-0.649069,0.0398565,0.592851,-0.804325,-0.974149,-0.0346586,-0.207022
5663,-0.389622,0.156111,0.379026,-0.912123,-0.976921,-0.00870199,-0.207642
5664,-0.34222,0.13251,0.334862,-0.932903,-0.989632,0.017404,-0.130308
5665,-0.310936,-0.147003,-0.931466,-0.332808,-0.987389,0.0346586,-0.129953
5666,-0.306517,0.208312,0.285747,-0.93539,-0.978449,0.0682786,-0.128895
5667,-0.289093,-0.383021,-0.855225,-0.349121,-0.971871,0.0843573,-0.127853
5668,-0.289972,-0.488804,-0.791553,-0.366763,-0.959431,0.107251,-0.126189
5669,-0.290061,-0.585538,-0.7149,-0.382181,-0.944138,0.128309,-0.124151
5670,-0.293005,-0.670691,-0.625585,-0.39852,-0.926251,0.147171,-0.121776
5671,-0.33025,0.378877,0.180256,-0.907722,-0.898849,0.168359,-0.118533
5672,-0.297174,-0.803402,-0.418341,-0.423718,-0.883963,0.177061,-0.116175
5673,-0.297115,-0.849676,-0.30381,-0.430988,-0.860284,0.187579,-0.113045
5674,-0.299421,-0.87993,-0.184211,-0.437937,-0.835449,0.194885,-0.109768
5675,-0.295921,-0.897158,-0.0618469,-0.437359,-0.80988,0.198859,-0.106399
5676,-0.334014,0.435906,-0.0214701,-0.899736,-0.775341,0.198859,-0.102311
5677,-0.335118,0.431322,-0.0642129,-0.89991,-0.749773,0.194885,-0.0989399
5678,-0.33304,0.418469,-0.105142,-0.902125,-0.724937,0.187579,-0.0956619
5679,-0.328467,0.398519,-0.142782,-0.905978,-0.701259,0.177061,-0.0925333
5680,-0.321613,0.372423,-0.175708,-0.911278,-0.679145,0.163515,-0.0896066
5681,-0.313934,0.342292,-0.203681,-0.917251,-0.658971,0.147171,-0.0869326
5682,-0.306325,0.309405,-0.226809,-0.923486,-0.641085,0.128309,-0.0845559
5683,-0.297133,0.273827,-0.243492,-0.930446,-0.625791,0.107251,-0.0825186
5684,-0.283734,0.235715,-0.251114,-0.938819,-0.613351,0.0843573,-0.0808546
5685,-0.276381,-0.27228,0.907721,-0.319228,-0.606773,0.0682786,-0.0798126
5686,-0.338518,0.175125,-0.32572,-0.929106,-0.597834,0.0346586,-0.0787546
5687,-0.378546,-0.0166035,0.92626,-0.37652,-0.59559,0.017404,-0.0783993
5688,-0.51652,0.0700947,-0.492799,-0.867315,-0.59559,-0.017404,-0.0783993
5689,-0.584157,0.226334,0.822294,-0.522116,-0.597834,-0.0346586,-0.0787546
5690,-0.641151,0.327153,0.76603,-0.553325,-0.603979,-0.0600213,-0.0795926
5691,-0.66328,0.421257,0.716312,-0.556273,-0.613351,-0.0843573,-0.0808546
5692,-0.666475,0.5114,0.664752,-0.544587,-0.625791,-0.107251,-0.0825186
5693,-0.662868,0.59601,0.604631,-0.528388,-0.641085,-0.128309,-0.0845559
5694,-0.658169,0.672855,0.533499,-0.512489,-0.658971,-0.147171,-0.0869326
5695,-0.652169,0.740326,0.452562,-0.497097,-0.679145,-0.163515,-0.0896066
5696,-0.646167,0.79683,0.362538,-0.483351,-0.701259,-0.177061,-0.0925333
5697,-0.642062,0.840319,0.26456,-0.473151,-0.724937,-0.187579,-0.0956619
5698,-0.640076,0.869503,0.160972,-0.466961,-0.749773,-0.194885,-0.0989399
5699,-0.641122,0.883328,0.0539799,-0.465636,-0.775341,-0.198859,-0.102311
5700,-0.602319,-0.464568,0.0371037,-0.88476,-0.80988,-0.198859,-0.106399
5701,-0.601957,-0.454616,0.110561,-0.883799,-0.835449,-0.194885,-0.109768
5702,-0.606553,-0.439434,0.183334,-0.879367,-0.860284,-0.187579,-0.113045
5703,-0.609595,-0.41349,0.253389,-0.87454,-0.883963,-0.177061,-0.116175
5704,-0.644868,0.743112,-0.454899,-0.490766,-0.898849,-0.168359,-0.118533
5705,-0.620837,-0.338602,0.383692,-0.859145,-0.926251,-0.147171,-0.121776
5706,-0.628282,-0.28956,0.442066,-0.84896,-0.944138,-0.128309,-0.124151
5707,-0.631566,-0.230732,0.491016,-0.840039,-0.959431,-0.107251,-0.126189
5708,-0.631696,-0.164342,0.529702,-0.83211,-0.971871,-0.0843573,-0.127853
5709,-0.638495,0.327396,-0.767507,-0.551131,-0.978449,-0.0682786,-0.128895
5710,-0.578843,-0.00749047,0.536564,-0.843827,-0.987389,-0.0346586,-0.129953
5711,-0.528554,0.115144,-0.862986,-0.491931,-0.989632,-0.017404,-0.130308
5712,-0.432833,-0.0426598,-0.904734,-0.423835,-0.997376,0.00870199,-0.0522613
5713,-0.381872,0.109005,0.365508,-0.924403,-0.992839,0.0432113,-0.0520826
5714,-0.366654,-0.28366,-0.87969,-0.381684,-0.988349,0.0600213,-0.0517293
5715,-0.378029,0.19951,0.331073,-0.922272,-0.975049,0.0921786,-0.0512066
5716,-0.376698,0.240579,0.30594,-0.921153,-0.961529,0.114501,-0.050524
5717,-0.379178,0.280228,0.278399,-0.918676,-0.945219,0.134865,-0.0496933
5718,-0.382398,0.316686,0.246118,-0.916044,-0.926393,0.152921,-0.048728
5719,-0.385547,0.348743,0.209046,-0.913607,-0.905378,0.168359,-0.047644
5720,-0.389417,0.376499,0.168027,-0.911052,-0.882531,0.180919,-0.0464613
5721,-0.391614,0.397414,0.122758,-0.909391,-0.858245,0.190381,-0.0452
5722,-0.392116,0.410801,0.0746094,-0.908667,-0.832933,0.196587,-0.0438813
5723,-0.389927,0.415323,0.024895,-0.909333,-0.80703,0.199429,-0.042528
5724,-0.390124,0.415508,-0.024905,-0.909248,-0.780978,0.198859,-0.0411626
5725,-0.392937,0.411503,-0.0747629,-0.908337,-0.755224,0.194885,-0.0398087
5726,-0.393891,0.399398,-0.123425,-0.908431,-0.730208,0.187579,-0.0384893
5727,-0.393015,0.379422,-0.16951,-0.909563,-0.706357,0.177061,-0.037228
5728,-0.389607,0.351839,-0.211122,-0.911941,-0.684081,0.163515,-0.0360453
5729,-0.382363,0.316639,-0.246111,-0.916062,-0.66376,0.147171,-0.034962
5730,-0.353919,-0.59704,0.698504,-0.394507,-0.651492,0.134865,-0.0339967
5731,-0.377874,0.241237,-0.306836,-0.920683,-0.630336,0.107251,-0.0331653
5732,-0.373472,0.197671,-0.327282,-0.92402,-0.617804,0.0843573,-0.0324827
5733,-0.386965,0.157524,-0.357376,-0.92058,-0.608362,0.0600213,-0.03196
5734,-0.402027,0.112372,-0.383777,-0.916563,-0.60217,0.0346586,-0.0316067
5735,-0.428887,-0.0428973,0.906421,-0.420192,-0.599905,0.017404,-0.0314287
5736,-0.499651,0.00318982,-0.478095,-0.878302,-0.599905,-0.017404,-0.0314287
5737,-0.545546,0.187414,0.842306,-0.505368,-0.60217,-0.0346586,-0.0316067
5738,-0.578481,0.292032,0.799383,-0.525076,-0.608362,-0.0600213,-0.03196
5739,-0.589204,0.392611,0.754326,-0.526164,-0.617804,-0.0843573,-0.0324827
5740,-0.588478,0.48922,0.701651,-0.518025,-0.630336,-0.107251,-0.0331653
5741,-0.562211,-0.317822,-0.400918,-0.859217,-0.651492,-0.134865,-0.0339967
5742,-0.588037,0.657689,0.559366,-0.504534,-0.66376,-0.147171,-0.034962
5743,-0.581612,0.729107,0.474178,-0.493517,-0.684081,-0.163515,-0.0360453
5744,-0.578579,0.787256,0.37886,-0.486511,-0.706357,-0.177061,-0.037228
5745,-0.578007,0.831335,0.2757,-0.482567,-0.730208,-0.187579,-0.0384893
5746,-0.579297,0.860386,0.167396,-0.481367,-0.755224,-0.194885,-0.0398087
5747,-0.582346,0.873869,0.0560618,-0.482918,-0.780978,-0.198859,-0.0411626
5748,-0.583072,0.873522,-0.056042,-0.483548,-0.80703,-0.199429,-0.042528
5749,-0.581621,0.859254,-0.167139,-0.483475,-0.832933,-0.196587,-0.0438813
5750,-0.582333,0.82936,-0.275007,-0.486346,-0.858245,-0.190381,-0.0452
5751,-0.583794,0.785015,-0.377635,-0.491064,-0.882531,-0.180919,-0.0464613
5752,-0.586231,0.727229,-0.472872,-0.497524,-0.905378,-0.168359,-0.047644
5753,-0.587198,0.658053,-0.559648,-0.503747,-0.926393,-0.152921,-0.048728
5754,-0.588026,0.578101,-0.636354,-0.510738,-0.945219,-0.134865,-0.0496933
5755,-0.587139,0.48951,-0.702293,-0.51688,-0.961529,-0.114501,-0.050524
5756,-0.581228,0.394298,-0.758144,-0.519371,-0.975049,-0.0921786,-0.0512066
5757,-0.560688,0.294445,-0.808294,-0.509866,-0.985546,-0.0682786,-0.0517293
5758,-0.536276,0.187996,-0.846932,-0.497356,-0.992839,-0.0432113,-0.0520826
5759,-0.477075,0.0760263,-0.887647,-0.454206,-0.996805,-0.017404,-0.0522613
5760,-0.447233,-0.0759049,-0.898606,-0.432141,-0.998401,0.00870199,0.0261526
5761,-0.442081,0.047876,0.419612,-0.90644,-0.993865,0.0432113,0.0259746
5762,-0.428679,-0.306951,-0.856294,-0.415382,-0.989361,0.0600213,0.0259746
5763,-0.447124,0.155579,0.387838,-0.908503,-0.976061,0.0921786,0.025452
5764,-0.442367,0.20205,0.356021,-0.912373,-0.962529,0.114501,0.025072
5765,-0.441557,0.245916,0.321422,-0.914447,-0.946203,0.134865,0.0246206
5766,-0.443056,0.286526,0.282766,-0.915394,-0.927361,0.152921,0.0241066
5767,-0.445119,0.322213,0.239334,-0.915914,-0.906325,0.168359,0.0235373
5768,-0.44681,0.351763,0.191238,-0.916347,-0.883456,0.180919,0.022924
5769,-0.448104,0.374533,0.139348,-0.916683,-0.859145,0.190381,0.022276
5770,-0.448925,0.389928,0.0847365,-0.916938,-0.833809,0.196587,0.0216053
5771,-0.449086,0.397511,0.0284313,-0.917157,-0.807879,0.199429,0.0209226
5772,-0.448932,0.397363,-0.0284223,-0.917221,-0.7818,0.198859,0.0202393
5773,-0.449344,0.390333,-0.0848101,-0.916759,-0.756019,0.194885,0.0195686
5774,-0.451076,0.37709,-0.140209,-0.915502,-0.730977,0.187579,0.0189206
5775,-0.453149,0.356982,-0.193765,-0.913794,-0.707101,0.177061,0.0183066
5776,-0.453621,0.328693,-0.243591,-0.912482,-0.684801,0.163515,0.017738
5777,-0.451313,0.292242,-0.287677,-0.912051,-0.664457,0.147171,0.017224
5778,-0.449693,0.25087,-0.326944,-0.911138,-0.646419,0.128309,0.0167726
5779,-0.448049,0.204943,-0.360287,-0.91005,-0.630995,0.107251,0.0163926
5780,-0.444522,0.154508,-0.385732,-0.909581,-0.618449,0.0843573,0.01609
5781,-0.445439,0.102821,-0.408026,-0.907162,-0.608994,0.0600213,0.01587
5782,-0.451575,0.0496646,-0.42801,-0.902408,-0.602794,0.0346586,0.0157366
5783,-0.471336,-0.00531791,-0.453105,-0.891441,-0.599953,0.00870199,0.015692
5784,-0.482759,0.0398087,0.885009,-0.463868,-0.599953,-0.00870199,0.015692
5785,-0.513939,0.15132,0.857776,-0.491246,-0.602794,-0.0346586,0.0157366
5786,-0.522837,0.260875,0.826407,-0.498994,-0.608994,-0.0600213,0.01587
5787,-0.522339,0.367581,0.785037,-0.498599,-0.618449,-0.0843573,0.01609
5788,-0.518549,0.469062,0.731166,-0.495356,-0.630995,-0.107251,0.0163926
5789,-0.51786,0.561857,0.662936,-0.494806,-0.646419,-0.128309,0.0167726
5790,-0.516522,0.645361,0.582904,-0.493693,-0.664457,-0.147171,0.017224
5791,-0.514401,0.717902,0.4926,-0.491896,-0.684801,-0.163515,0.017738
5792,-0.515079,0.77671,0.392603,-0.492529,-0.707101,-0.177061,0.0183066
5793,-0.517515,0.820931,0.285239,-0.494683,-0.730977,-0.187579,0.0189206
5794,-0.519861,0.850467,0.17306,-0.496745,-0.756019,-0.194885,0.0195686
5795,-0.521144,0.865308,0.0580288,-0.497871,-0.7818,-0.198859,0.0202393
5796,-0.521723,0.86502,-0.058011,-0.498373,-0.807879,-0.199429,0.0209226
5797,-0.52236,0.849243,-0.172837,-0.498912,-0.833809,-0.196587,0.0216053
5798,-0.523192,0.81824,-0.284387,-0.499608,-0.859145,-0.190381,0.022276
5799,-0.523976,0.772689,-0.390769,-0.500251,-0.883456,-0.180919,0.022924
5800,-0.524584,0.713596,-0.489946,-0.500733,-0.906325,-0.168359,0.0235373
5801,-0.525073,0.642039,-0.580239,-0.501108,-0.927361,-0.152921,0.0241066
5802,-0.524321,0.559618,-0.660622,-0.500407,-0.946203,-0.134865,0.0246206
5803,-0.520621,0.468459,-0.730331,-0.497154,-0.962529,-0.114501,0.025072
5804,-0.512348,0.370036,-0.789335,-0.489921,-0.976061,-0.0921786,0.025452
5805,-0.487602,-0.185028,0.443686,-0.876874,-0.989361,-0.0600213,0.0259746
5806,-0.486691,0.154793,-0.870411,-0.467357,-0.993865,-0.0432113,0.0259746
5807,-0.459642,0.041312,-0.895427,-0.443287,-0.997833,-0.017404,0.026108
5808,-0.477199,-0.0746046,0.458311,-0.885655,-0.992709,0.017404,0.104316
5809,-0.481424,-0.226123,-0.865819,-0.446347,-0.990444,0.0346586,0.104138
5810,-0.502897,0.0507791,0.456419,-0.888315,-0.981505,0.0682786,0.10308
5811,-0.488046,-0.440991,-0.784855,-0.43535,-0.974865,0.0843573,0.102557
5812,-0.490346,-0.53823,-0.724979,-0.429784,-0.962381,0.107251,0.101271
5813,-0.507955,0.215637,0.365819,-0.90536,-0.941355,0.134865,0.0987826
5814,-0.477626,-0.709521,-0.576579,-0.405138,-0.929087,0.147171,0.0978172
5815,-0.476476,-0.778133,-0.485352,-0.398676,-0.908847,0.163515,0.0957086
5816,-0.473467,-0.834991,-0.38654,-0.391634,-0.886659,0.177061,0.0933912
5817,-0.470452,-0.87887,-0.281067,-0.385473,-0.862905,0.187579,0.0909066
5818,-0.468063,-0.908649,-0.170716,-0.381068,-0.837991,0.194885,0.0882959
5819,-0.467845,-0.923339,-0.0572527,-0.379693,-0.812341,0.198859,0.0856053
5820,-0.468437,-0.923142,0.0572308,-0.380176,-0.786397,0.199429,0.0828779
5821,-0.467696,-0.908784,0.170766,-0.380724,-0.760601,0.196587,0.0801626
5822,-0.467269,-0.879998,0.281542,-0.382541,-0.735395,0.190381,0.0775059
5823,-0.508814,0.331158,-0.215615,-0.91861,-0.703485,0.177061,0.0737286
5824,-0.513361,0.30306,-0.272979,-0.913037,-0.681298,0.163515,0.0714113
5825,-0.514739,0.265147,-0.324734,-0.907879,-0.661057,0.147171,0.0693033
5826,-0.510618,0.217321,-0.367568,-0.904248,-0.643111,0.128309,0.0674386
5827,-0.487232,-0.538796,0.72621,-0.426988,-0.632549,0.114501,0.0666073
5828,-0.491137,-0.440595,0.783541,-0.438109,-0.619089,0.0921786,0.0651666
5829,-0.492155,-0.33608,0.82889,-0.447204,-0.60864,0.0682786,0.0640406
5830,-0.495206,-0.226272,0.859387,-0.458536,-0.601381,0.0432113,0.0632486
5831,-0.49048,-0.0731204,-0.470042,-0.87961,-0.596872,0.00870199,0.0627153
5832,-0.488096,0.00254713,0.882543,-0.470225,-0.596872,-0.00870199,0.0627153
5833,-0.467899,-0.192213,-0.442359,-0.875998,-0.601381,-0.0432113,0.0632486
5834,-0.453859,-0.245513,-0.415197,-0.875977,-0.60864,-0.0682786,0.0640406
5835,-0.44044,-0.293431,-0.382438,-0.876151,-0.619089,-0.0921786,0.0651666
5836,-0.432996,-0.338056,-0.348957,-0.874041,-0.632549,-0.114501,0.0666073
5837,-0.454423,0.546444,0.684088,-0.483138,-0.643111,-0.128309,0.0674386
5838,-0.449623,0.633573,0.602273,-0.485646,-0.661057,-0.147171,0.0693033
5839,-0.450958,0.706617,0.507918,-0.492659,-0.681298,-0.163515,0.0714113
5840,-0.455637,0.764959,0.404059,-0.501572,-0.703485,-0.177061,0.0737286
5841,-0.42335,-0.493465,-0.132119,-0.859672,-0.735395,-0.190381,0.0775059
5842,-0.421837,-0.505973,-0.079944,-0.858837,-0.760601,-0.196587,0.0801626
5843,-0.420989,-0.512246,-0.0267621,-0.858422,-0.786397,-0.199429,0.0828779
5844,-0.422147,-0.513224,0.0268335,-0.857835,-0.812341,-0.198859,0.0856053
5845,-0.423651,-0.507521,0.0802611,-0.857893,-0.837991,-0.194885,0.0882959
5846,-0.424276,-0.494209,0.1324,-0.859202,-0.862905,-0.187579,0.0909066
5847,-0.425031,-0.474279,0.1825,-0.861251,-0.886659,-0.177061,0.0933912
5848,-0.426569,-0.44858,0.229978,-0.863647,-0.908847,-0.163515,0.0957086
5849,-0.430714,-0.418432,0.275403,-0.865487,-0.929087,-0.147171,0.0978172
5850,-0.45693,0.54549,-0.683305,-0.48532,-0.941355,-0.134865,0.0987826
5851,-0.430293,-0.336808,0.34693,-0.875329,-0.962381,-0.107251,0.101271
5852,-0.438329,-0.29273,0.380711,-0.877136,-0.974865,-0.0843573,0.102557
5853,-0.454573,0.238101,-0.856002,-0.458877,-0.981505,-0.0682786,0.10308
5854,-0.449675,0.124714,-0.886556,-0.445494,-0.988764,-0.0432113,0.103872
5855,-0.453794,0.00715257,-0.897994,-0.43995,-0.992709,-0.017404,0.104316
5856,-0.495643,-0.149529,-0.876567,-0.457462,-0.982018,0.00870199,0.182015
5857,-0.542193,-0.264934,-0.836246,-0.480107,-0.97922,0.0346586,0.181527
5858,-0.555814,-0.370541,-0.798086,-0.47514,-0.973117,0.0600213,0.180425
5859,-0.555501,-0.470042,-0.75381,-0.459164,-0.963813,0.0843573,0.178729
5860,-0.555697,-0.562808,-0.696784,-0.444679,-0.951469,0.107251,0.176467
5861,-0.551631,-0.64804,-0.630141,-0.427746,-0.936293,0.128309,0.173678
5862,-0.543612,-0.725171,-0.554172,-0.408682,-0.918548,0.147171,0.170411
5863,-0.538443,-0.791394,-0.467664,-0.393683,-0.898535,0.163515,0.166721
5864,-0.532854,-0.846319,-0.373056,-0.380228,-0.876598,0.177061,0.16267
5865,-0.527257,-0.888994,-0.271758,-0.368562,-0.853113,0.187579,0.158329
5866,-0.562339,0.347816,0.104093,-0.931766,-0.820163,0.196587,0.151775
5867,-0.567587,0.361646,0.0352073,-0.931651,-0.794659,0.199429,0.147045
5868,-0.52832,-0.93014,0.0552291,-0.363028,-0.777471,0.199429,0.144323
5869,-0.523864,-0.917788,0.165162,-0.36109,-0.751967,0.196587,0.139592
5870,-0.524893,-0.88978,0.272139,-0.366377,-0.727047,0.190381,0.134965
5871,-0.529293,-0.847402,0.373934,-0.376938,-0.703137,0.180919,0.130522
5872,-0.537498,-0.791652,0.467953,-0.39282,-0.680646,0.168359,0.126339
5873,-0.545064,-0.724825,0.553655,-0.409994,-0.659958,0.152921,0.122486
5874,-0.551916,-0.647981,0.630028,-0.428002,-0.641428,0.134865,0.119031
5875,-0.559615,-0.562278,0.695001,-0.448127,-0.625373,0.114501,0.116031
5876,-0.57044,0.0698919,-0.484393,-0.872054,-0.608317,0.0843573,0.112638
5877,-0.553421,-0.370552,0.799304,-0.47308,-0.601739,0.0682786,0.111596
5878,-0.546928,-0.0672267,-0.510092,-0.857489,-0.592911,0.0346586,0.10984
5879,-0.530341,-0.154396,0.859486,-0.487285,-0.590667,0.017404,0.109485
5880,-0.472862,-0.202924,-0.45446,-0.867345,-0.590667,-0.017404,0.109485
5881,-0.458818,0.0869732,0.882687,-0.461843,-0.592911,-0.0346586,0.10984
5882,-0.402317,-0.302877,-0.370798,-0.877937,-0.601739,-0.0682786,0.111596
5883,-0.406124,0.327205,0.830083,-0.451551,-0.608317,-0.0843573,0.112638
5884,-0.360604,-0.374703,-0.29344,-0.879483,-0.625373,-0.114501,0.116031
5885,-0.35669,-0.408495,-0.262623,-0.874163,-0.641428,-0.134865,0.119031
5886,-0.355836,-0.439685,-0.229784,-0.86826,-0.659958,-0.152921,0.122486
5887,-0.357805,-0.468254,-0.194672,-0.861882,-0.680646,-0.168359,0.126339
5888,-0.361548,-0.493568,-0.15656,-0.855499,-0.703137,-0.180919,0.130522
5889,-0.363254,-0.512339,-0.114276,-0.851146,-0.727047,-0.190381,0.134965
5890,-0.362832,-0.523811,-0.0692926,-0.849012,-0.751967,-0.196587,0.139592
5891,-0.358599,-0.526153,-0.0229862,-0.850079,-0.777471,-0.199429,0.144323
5892,-0.397965,0.847857,-0.0613195,-0.526667,-0.794659,-0.199429,0.147045
5893,-0.402715,0.829369,-0.182435,-0.528076,-0.820163,-0.196587,0.151775
5894,-0.363792,-0.512745,0.114446,-0.850879,-0.853113,-0.187579,0.158329
5895,-0.362272,-0.494139,0.156849,-0.855117,-0.876598,-0.177061,0.16267
5896,-0.361515,-0.470851,0.196603,-0.860027,-0.898535,-0.163515,0.166721
5897,-0.361414,-0.443164,0.233229,-0.865569,-0.918548,-0.147171,0.170411
5898,-0.359991,-0.410282,0.264948,-0.872623,-0.936293,-0.128309,0.173678
5899,-0.363916,-0.376165,0.296016,-0.877995,-0.951469,-0.107251,0.176467
5900,-0.374705,-0.34022,0.328307,-0.881172,-0.963813,-0.0843573,0.178729
5901,-0.390702,-0.300378,0.360653,-0.883008,-0.973117,-0.0600213,0.180425
5902,-0.423728,-0.256433,0.403276,-0.878413,-0.97922,-0.0346586,0.181527
5903,-0.451005,-0.0268219,-0.899194,-0.436728,-0.981463,-0.017404,0.181882
5904,-0.581246,-0.192324,0.547892,-0.814141,-0.964168,0.017404,0.258326
5905,-0.624778,-0.110428,0.573697,-0.811589,-0.960341,0.0432113,0.25727
5906,-0.63043,-0.0369901,0.558245,-0.828851,-0.953295,0.0682786,0.255352
5907,-0.616798,-0.503503,-0.72264,-0.473578,-0.946819,0.0843573,0.253798
5908,-0.640874,0.101981,0.497234,-0.861602,-0.930082,0.114501,0.249076
5909,-0.635873,0.158282,0.446672,-0.880586,-0.914311,0.134865,0.244826
5910,-0.631853,0.208231,0.389585,-0.897142,-0.89611,0.152921,0.239928
5911,-0.597252,-0.806426,-0.449166,-0.384613,-0.882684,0.163515,0.236704
5912,-0.623651,0.283672,0.258491,-0.923424,-0.853695,0.180919,0.228529
5913,-0.624053,0.312227,0.187932,-0.931234,-0.830207,0.190381,0.222224
5914,-0.584824,-0.924865,-0.158521,-0.345681,-0.813861,0.194885,0.218299
5915,-0.578322,-0.940192,-0.0533952,-0.336435,-0.788949,0.198859,0.211628
5916,-0.617441,0.334698,-0.0379157,-0.941562,-0.755475,0.198859,0.202188
5917,-0.62108,0.328564,-0.113612,-0.937624,-0.730563,0.194885,0.195517
5918,-0.624765,0.312866,-0.188118,-0.930982,-0.706363,0.187579,0.189041
5919,-0.629929,0.289055,-0.260742,-0.921119,-0.683291,0.177061,0.182871
5920,-0.63628,0.257084,-0.330286,-0.908195,-0.661739,0.163515,0.177112
5921,-0.643023,0.216544,-0.395505,-0.892572,-0.642078,0.147171,0.171863
5922,-0.651018,0.168429,-0.455785,-0.874009,-0.624643,0.128309,0.167213
5923,-0.657207,0.11163,-0.508055,-0.85406,-0.609734,0.107251,0.163243
5924,-0.646372,0.0394998,-0.540274,-0.840562,-0.597604,0.0843573,0.160019
5925,-0.629016,-0.410173,0.758619,-0.506216,-0.591128,0.0682786,0.158464
5926,-0.60968,-0.115102,-0.561621,-0.819349,-0.582465,0.0346586,0.156021
5927,-0.577937,-0.201466,0.834369,-0.513069,-0.580256,0.017404,0.155491
5928,-0.472709,-0.270301,-0.454327,-0.848837,-0.580256,-0.017404,0.155491
5929,-0.42371,0.0618956,0.897135,-0.4374,-0.582465,-0.0346586,0.156021
5930,-0.332366,-0.357492,-0.308986,-0.881321,-0.591128,-0.0682786,0.158464
5931,-0.32781,0.322106,0.854138,-0.408285,-0.597604,-0.0843573,0.160019
5932,-0.306337,0.43678,0.798195,-0.41486,-0.609734,-0.107251,0.163243
5933,-0.308009,0.533642,0.722398,-0.439735,-0.624643,-0.128309,0.167213
5934,-0.315066,0.617647,0.632885,-0.466871,-0.642078,-0.147171,0.171863
5935,-0.322579,0.689086,0.532646,-0.491374,-0.661739,-0.163515,0.177112
5936,-0.329833,0.74706,0.423556,-0.512349,-0.683291,-0.177061,0.182871
5937,-0.335802,0.791111,0.307384,-0.528827,-0.706363,-0.187579,0.189041
5938,-0.340294,0.820599,0.186415,-0.540248,-0.730563,-0.194885,0.195517
5939,-0.34434,0.834471,0.0624648,-0.5475,-0.755475,-0.198859,0.202188
5940,-0.305752,-0.547949,0.0197133,-0.836279,-0.788949,-0.198859,0.211628
5941,-0.30135,-0.539381,0.0579489,-0.840066,-0.813861,-0.194885,0.218299
5942,-0.338284,0.789799,-0.307148,-0.530921,-0.830207,-0.190381,0.222224
5943,-0.338265,0.742731,-0.422457,-0.519501,-0.853695,-0.180919,0.228529
5944,-0.30032,-0.495979,0.164433,-0.852623,-0.882684,-0.163515,0.236704
5945,-0.329018,0.611109,-0.630234,-0.478907,-0.89611,-0.152921,0.239928
5946,-0.323363,0.526867,-0.719098,-0.453111,-0.914311,-0.134865,0.244826
5947,-0.317923,0.43199,-0.795438,-0.425044,-0.930082,-0.114501,0.249076
5948,-0.312555,-0.389084,0.275827,-0.878938,-0.946819,-0.0843573,0.253798
5949,-0.33594,0.206951,-0.897941,-0.388425,-0.953295,-0.0682786,0.255352
5950,-0.361939,0.0817818,-0.919896,-0.38354,-0.960341,-0.0432113,0.25727
5951,-0.452616,-0.0614303,-0.898525,-0.434602,-0.964168,-0.017404,0.258326
5952,-0.595956,-0.245614,-0.824401,-0.509939,-0.941455,0.00870199,0.333396
5953,-0.691211,-0.362699,-0.750899,-0.551907,-0.938768,0.0346586,0.332475
5954,-0.717879,-0.0624655,0.622926,-0.779783,-0.930322,0.0682786,0.329359
5955,-0.704999,0.00515701,0.581279,-0.813688,-0.920424,0.0921786,0.325825
5956,-0.683334,-0.621037,-0.633357,-0.461705,-0.912148,0.107251,0.323136
5957,-0.679715,-0.695128,-0.572499,-0.434789,-0.897596,0.128309,0.318008
5958,-0.694678,0.185498,0.422243,-0.8873,-0.874523,0.152921,0.309496
5959,-0.657496,-0.821745,-0.428667,-0.375473,-0.861392,0.163515,0.30523
5960,-0.649385,-0.870619,-0.342857,-0.352806,-0.840359,0.177061,0.297798
5961,-0.68256,0.29179,0.202872,-0.93472,-0.810213,0.190381,0.286676
5962,-0.641649,-0.933043,-0.151786,-0.326177,-0.794225,0.194885,0.281481
5963,-0.669931,0.309982,0.0406679,-0.949872,-0.761873,0.199429,0.269546
5964,-0.675421,0.315199,-0.0409451,-0.948142,-0.737283,0.198859,0.260838
5965,-0.639022,-0.933859,0.15212,-0.323677,-0.720873,0.196587,0.255506
5966,-0.683409,0.29254,-0.20307,-0.934442,-0.689353,0.187579,0.243878
5967,-0.651182,-0.870116,0.342372,-0.354514,-0.674061,0.180919,0.23891
5968,-0.695037,0.233644,-0.355973,-0.904817,-0.645803,0.163515,0.228485
5969,-0.670988,-0.762204,0.504287,-0.405882,-0.632672,0.152921,0.224218
5970,-0.68642,-0.69419,0.569217,-0.44056,-0.614911,0.134865,0.217907
5971,-0.728281,0.0884244,-0.553554,-0.828105,-0.595047,0.107251,0.210578
5972,-0.733368,0.020473,-0.600423,-0.799421,-0.583207,0.0843573,0.206413
5973,-0.733301,-0.0554847,-0.633867,-0.771449,-0.574284,0.0600213,0.203282
5974,-0.697664,-0.147758,-0.630102,-0.762325,-0.568428,0.0346586,0.201239
5975,-0.66654,-0.262818,0.782675,-0.564223,-0.566268,0.017404,0.200537
5976,-0.467309,-0.336655,-0.449522,-0.827402,-0.566268,-0.017404,0.200537
5977,-0.354641,0.0542885,0.92235,-0.382523,-0.568428,-0.0346586,0.201239
5978,-0.248876,0.211929,0.920716,-0.327669,-0.574284,-0.0600213,0.203282
5979,-0.222285,0.335623,0.878223,-0.340709,-0.583207,-0.0843573,0.206413
5980,-0.222623,0.441419,0.814959,-0.375489,-0.595047,-0.107251,0.210578
5981,-0.212174,-0.468557,-0.15838,-0.86912,-0.614911,-0.134865,0.217907
5982,-0.223242,-0.493632,-0.146033,-0.857322,-0.632672,-0.152921,0.224218
5983,-0.26037,0.68163,0.541497,-0.4921,-0.645803,-0.163515,0.228485
5984,-0.235005,-0.532506,-0.103062,-0.840128,-0.674061,-0.180919,0.23891
5985,-0.274955,0.78183,0.312551,-0.539494,-0.689353,-0.187579,0.243878
5986,-0.243141,-0.55746,-0.0470068,-0.828872,-0.720873,-0.196587,0.255506
5987,-0.284403,0.824127,0.0635288,-0.562831,-0.737283,-0.198859,0.260838
5988,-0.289785,0.821112,-0.0634496,-0.567229,-0.761873,-0.199429,0.269546
5989,-0.241796,-0.556361,0.0467486,-0.829625,-0.794225,-0.194885,0.281481
5990,-0.276878,0.78076,-0.312422,-0.541116,-0.810213,-0.190381,0.286676
5991,-0.277123,0.733874,-0.429686,-0.526116,-0.833133,-0.180919,0.294805
5992,-0.237947,-0.520175,0.131028,-0.843949,-0.861392,-0.163515,0.30523
5993,-0.263732,0.605574,-0.641602,-0.470774,-0.874523,-0.152921,0.309496
5994,-0.226043,-0.475886,0.168561,-0.863203,-0.897596,-0.128309,0.318008
5995,-0.232136,-0.456673,0.191333,-0.868816,-0.912148,-0.107251,0.323136
5996,-0.252816,0.322546,-0.872241,-0.36764,-0.920424,-0.0921786,0.325825
5997,-0.247804,0.212434,-0.920938,-0.326717,-0.930322,-0.0682786,0.329359
5998,-0.322313,-0.386229,0.310683,-0.868506,-0.938768,-0.0346586,0.332475
5999,-0.511816,-0.331752,0.488717,-0.806906,-0.941455,-0.00870199,0.333396
6000,0.777182,-0.340079,-0.699775,-0.628221,-0.911887,0.017404,0.405975
6001,0.764057,0.158544,-0.713393,0.682594,-0.909788,0.0346586,0.405106
6002,0.752411,-0.50503,-0.647169,-0.571066,-0.901613,0.0682786,0.401336
6003,-0.783232,-0.0134507,0.632909,-0.77411,-0.892023,0.0921786,0.397036
6004,-0.754525,-0.653109,-0.593352,-0.470512,-0.883983,0.107251,0.393707
6005,-0.767781,0.114474,0.522367,-0.845002,-0.864755,0.134865,0.384843
6006,-0.75939,0.166299,0.454128,-0.875278,-0.847545,0.152921,0.377157
6007,-0.749097,0.207505,0.378522,-0.902033,-0.828328,0.168359,0.368582
6008,-0.74236,0.242034,0.299207,-0.922981,-0.807435,0.180919,0.359263
6009,-0.74142,0.271944,0.217209,-0.937479,-0.785223,0.190381,0.349361
6010,-0.699243,-0.940685,-0.144473,-0.306986,-0.769692,0.194885,0.342928
6011,-0.690521,-0.954549,-0.0488153,-0.294028,-0.74613,0.198859,0.332442
6012,-0.728725,0.291123,-0.0436115,-0.955691,-0.714545,0.198859,0.31788
6013,-0.733172,0.284981,-0.130662,-0.949586,-0.690983,0.194885,0.307395
6014,-0.740111,0.270774,-0.216878,-0.937894,-0.668093,0.187579,0.297213
6015,-0.708852,-0.882671,0.325646,-0.338891,-0.653239,0.180919,0.29106
6016,-0.75355,0.211225,-0.380341,-0.900403,-0.625886,0.163515,0.27845
6017,-0.7696,0.174269,-0.458989,-0.871183,-0.607288,0.147171,0.27019
6018,0.785099,-0.719217,0.531659,-0.447287,-0.590795,0.128309,0.26287
6019,0.77868,-0.652205,0.584113,-0.483158,-0.576691,0.107251,0.256616
6020,-0.782365,-0.580039,0.625082,-0.522329,-0.568651,0.0921786,0.253286
6021,0.741217,-0.505769,0.639411,-0.579095,-0.556564,0.0600213,0.247714
6022,0.750219,-0.426986,0.668712,-0.608692,-0.550886,0.0346586,0.245218
6023,0.734128,0.235527,0.742553,0.62701,-0.548788,0.017404,0.244348
6024,-0.209502,-0.421826,-0.207529,-0.882607,-0.548788,-0.017404,0.244348
6025,-0.128073,0.125496,0.973701,-0.190148,-0.550886,-0.0346586,0.245218
6026,-0.0977296,0.255035,0.943586,-0.211194,-0.556564,-0.0600213,0.247714
6027,-0.120681,-0.463974,-0.107986,-0.879242,-0.568651,-0.0921786,0.253286
6028,-0.150253,0.44649,0.824817,-0.346875,-0.576691,-0.107251,0.256616
6029,-0.159106,0.537574,0.745438,-0.394126,-0.590795,-0.128309,0.26287
6030,-0.178885,0.612686,0.652272,-0.44627,-0.607288,-0.147171,0.27019
6031,-0.197553,0.675948,0.548324,-0.492376,-0.625886,-0.163515,0.27845
6032,-0.174865,-0.553933,-0.0770056,-0.828993,-0.653239,-0.180919,0.29106
6033,-0.215963,0.771715,0.316471,-0.551636,-0.668093,-0.187579,0.297213
6034,-0.224004,0.798203,0.191894,-0.571007,-0.690983,-0.194885,0.307395
6035,-0.229177,0.810823,0.0643122,-0.581747,-0.714545,-0.198859,0.31788
6036,-0.189674,-0.581993,0.0123475,-0.8131,-0.74613,-0.198859,0.332442
6037,-0.18244,-0.573309,0.0354216,-0.818573,-0.769692,-0.194885,0.342928
6038,-0.216272,0.771554,-0.316487,-0.551852,-0.785223,-0.190381,0.349361
6039,-0.214342,0.726757,-0.435517,-0.531178,-0.807435,-0.180919,0.359263
6040,-0.207827,0.670367,-0.547336,-0.50103,-0.828328,-0.168359,0.368582
6041,-0.19558,0.603996,-0.650541,-0.460419,-0.847545,-0.152921,0.377157
6042,-0.184065,0.525068,-0.742711,-0.415552,-0.864755,-0.134865,0.384843
6043,-0.15419,-0.491126,0.12773,-0.861673,-0.883983,-0.107251,0.393707
6044,-0.168617,0.333738,-0.886772,-0.319774,-0.892023,-0.0921786,0.397036
6045,-0.132223,0.239709,-0.940212,-0.241951,-0.901613,-0.0682786,0.401336
6046,-0.149121,-0.440325,0.145718,-0.885934,-0.909788,-0.0346586,0.405106
6047,-0.262041,-0.0500868,-0.964446,-0.259492,-0.911887,-0.017404,0.405975
6048,0.546611,0.204139,-0.853804,0.478901,-0.877709,0.00870199,0.476567
6049,0.630015,0.146627,-0.7969,0.586046,-0.875199,0.0346586,0.475238
6050,0.668086,0.0756574,-0.750738,0.656253,-0.869735,0.0600213,0.472304
6051,0.70469,0.0119079,-0.693366,0.720487,-0.861411,0.0843573,0.467816
6052,0.721649,-0.686866,-0.549422,-0.475763,-0.846238,0.114501,0.459319
6053,0.736383,-0.748212,-0.50511,-0.430166,-0.831895,0.134865,0.451505
6054,0.772659,-0.152246,-0.48569,0.860771,-0.820931,0.147171,0.445918
6055,0.784424,-0.196157,-0.406061,0.892545,-0.803039,0.163515,0.436224
6056,0.762988,-0.893862,-0.305874,-0.327798,-0.776758,0.180919,0.421506
6057,-0.765923,-0.92532,-0.223366,-0.306415,-0.762432,0.187579,0.414206
6058,0.776134,-0.948144,-0.136774,-0.286909,-0.733121,0.196587,0.397791
6059,-0.753386,-0.959173,-0.0459744,-0.279059,-0.717747,0.198859,0.389958
6060,-0.749164,-0.960334,0.0461713,-0.275005,-0.694821,0.199429,0.37751
6061,-0.751649,-0.949327,0.137395,-0.282667,-0.672027,0.196587,0.36513
6062,-0.756633,-0.927626,0.225477,-0.297776,-0.649756,0.190381,0.35303
6063,-0.766058,-0.895343,0.307967,-0.32174,-0.628389,0.180919,0.341415
6064,-0.777361,-0.853966,0.383276,-0.351913,-0.608291,0.168359,0.330486
6065,0.77754,-0.148366,0.483502,0.862678,-0.589807,0.152921,0.32043
6066,0.756939,-0.101885,0.55995,0.822238,-0.573252,0.134865,0.311417
6067,0.708449,-0.686277,0.541122,-0.486016,-0.554778,0.107251,0.301072
6068,0.708567,0.014319,0.691154,0.722566,-0.547025,0.0921786,0.297121
6069,0.659836,-0.557855,0.580504,-0.593138,-0.535412,0.0600213,0.290618
6070,0.651206,0.157107,0.784652,0.599699,-0.531399,0.0432113,0.288573
6071,0.492794,-0.457453,0.472078,-0.753578,-0.527438,0.00870199,0.286355
6072,0.39939,0.243612,0.918349,0.31191,-0.527438,-0.00870199,0.286355
6073,0.0602016,-0.477512,0.0590109,-0.876642,-0.531399,-0.0432113,0.288573
6074,0.0113644,0.291882,0.946736,-0.136,-0.535412,-0.0600213,0.290618
6075,-0.0275333,-0.499042,-0.0246947,-0.866226,-0.547025,-0.0921786,0.297121
6076,-0.0716065,0.459542,0.830622,-0.314466,-0.554778,-0.107251,0.301072
6077,-0.0737369,-0.529665,-0.0554076,-0.846395,-0.573252,-0.134865,0.311417
6078,-0.0921127,-0.546868,-0.0606706,-0.835017,-0.589807,-0.152921,0.32043
6079,-0.106507,-0.562944,-0.0590944,-0.824379,-0.608291,-0.168359,0.330486
6080,-0.115749,-0.57571,-0.0511143,-0.816055,-0.628389,-0.180919,0.341415
6081,-0.123356,-0.586572,-0.0395721,-0.80893,-0.649756,-0.190381,0.35303
6082,-0.12718,-0.593216,-0.0247643,-0.804663,-0.672027,-0.196587,0.36513
6083,-0.129397,-0.596891,-0.00845052,-0.802278,-0.694821,-0.199429,0.37751
6084,-0.125856,-0.594061,0.00822056,-0.804378,-0.717747,-0.198859,0.389958
6085,-0.162762,0.78857,-0.193741,-0.583628,-0.733121,-0.196587,0.397791
6086,-0.117294,-0.581959,0.0376376,-0.812347,-0.762432,-0.187579,0.414206
6087,-0.148478,0.72215,-0.439765,-0.533953,-0.776758,-0.180919,0.421506
6088,-0.103272,-0.560781,0.0573026,-0.825979,-0.803039,-0.163515,0.436224
6089,-0.0956719,-0.549015,0.063011,-0.833434,-0.820931,-0.147171,0.445918
6090,-0.114472,0.52954,-0.749135,-0.397975,-0.831895,-0.134865,0.451505
6091,-0.0938958,0.448026,-0.829513,-0.333438,-0.846238,-0.114501,0.459319
6092,-0.0351733,-0.501873,0.0315445,-0.864366,-0.861411,-0.0843573,0.467816
6093,-0.00729726,-0.49064,0.0069105,-0.871335,-0.869735,-0.0600213,0.472304
6094,0.0225834,0.184807,-0.980359,-0.0688648,-0.873748,-0.0432113,0.474349
6095,0.417429,-0.423558,-0.404545,-0.810519,-0.877709,-0.00870199,0.476567
6096,0.456504,0.194823,-0.896801,0.397231,-0.837612,0.00870199,0.543962
6097,0.563749,-0.556214,-0.524107,-0.644933,-0.833838,0.0432113,0.54144
6098,0.61466,-0.60792,-0.546118,-0.576359,-0.827729,0.0682786,0.537439
6099,0.643757,0.0279513,-0.726711,0.686375,-0.822051,0.0843573,0.533959
6100,0.646101,-0.721568,-0.500733,-0.478127,-0.807591,0.114501,0.524298
6101,0.667371,-0.775529,-0.465496,-0.426461,-0.793907,0.134865,0.515383
6102,0.683893,-0.825483,-0.416749,-0.380655,-0.77811,0.152921,0.505099
6103,0.722747,-0.179362,-0.428655,0.885485,-0.766337,0.163515,0.497884
6104,0.7335,-0.213903,-0.338997,0.916148,-0.74762,0.177061,0.485747
6105,0.748377,-0.233787,-0.243651,0.941264,-0.727583,0.187579,0.472749
6106,0.717043,-0.954649,-0.128305,-0.268669,-0.69965,0.196587,0.454084
6107,0.758487,-0.258092,-0.0492655,0.964863,-0.684938,0.198859,0.445069
6108,0.719799,-0.964709,0.0431739,-0.259755,-0.656019,0.198859,0.425746
6109,0.755994,-0.249174,0.147111,0.95722,-0.641307,0.196587,0.416731
6110,0.753301,-0.229181,0.242614,0.942663,-0.620055,0.190381,0.40292
6111,0.701561,-0.905576,0.285654,-0.313582,-0.593337,0.177061,0.385068
6112,0.688548,-0.868179,0.353218,-0.348571,-0.574621,0.163515,0.372932
6113,0.709032,-0.137017,0.513074,0.847338,-0.562848,0.152921,0.365718
6114,0.655715,-0.774457,0.458598,-0.43578,-0.5424,0.128309,0.352054
6115,0.669623,-0.032943,0.663185,0.74773,-0.533366,0.114501,0.346519
6116,0.627352,0.0170239,0.735236,0.677597,-0.522027,0.0921786,0.339124
6117,0.572492,-0.611672,0.513018,-0.602221,-0.51096,0.0600213,0.33173
6118,0.547547,0.146603,0.841274,0.520352,-0.50712,0.0432113,0.329376
6119,0.428958,-0.527834,0.415034,-0.741038,-0.503346,0.00870199,0.326854
6120,0.342416,0.239058,0.93904,0.247093,-0.503346,-0.00870199,0.326854
6121,0.178824,-0.517874,0.17446,-0.837478,-0.50712,-0.0432113,0.329376
6122,0.110921,0.333513,0.939785,-0.0746508,-0.51096,-0.0600213,0.33173
6123,0.061347,-0.531995,0.0549942,-0.84496,-0.522027,-0.0921786,0.339124
6124,0.0131901,-0.549451,0.0109692,-0.835454,-0.533366,-0.114501,0.346519
6125,-0.0227399,0.549686,0.752135,-0.36351,-0.5424,-0.128309,0.352054
6126,-0.0441835,0.616753,0.659502,-0.429736,-0.557544,-0.147171,0.361864
6127,-0.0655505,0.672536,0.555584,-0.488898,-0.574621,-0.163515,0.372932
6128,-0.0820577,0.718761,0.442106,-0.536586,-0.593337,-0.177061,0.385068
6129,-0.0614534,-0.602867,-0.0197522,-0.797597,-0.620055,-0.190381,0.40292
6130,-0.0630479,-0.605842,-0.0123014,-0.79549,-0.641307,-0.196587,0.416731
6131,-0.104649,0.791559,0.0653508,-0.607589,-0.656019,-0.198859,0.425746
6132,-0.0660335,-0.609091,0.00432146,-0.793089,-0.684938,-0.198859,0.445069
6133,-0.103025,0.777974,-0.194835,-0.597324,-0.69965,-0.196587,0.454084
6134,-0.0596717,-0.601528,0.0191803,-0.798622,-0.727583,-0.187579,0.472749
6135,-0.0474801,-0.590324,0.0210064,-0.806893,-0.74762,-0.177061,0.485747
6136,-0.0397935,-0.582631,0.0221128,-0.812436,-0.766337,-0.163515,0.497884
6137,-0.0631413,0.60589,-0.659232,-0.445321,-0.77811,-0.152921,0.505099
6138,-0.0413017,0.539365,-0.752018,-0.378887,-0.793907,-0.134865,0.515383
6139,-0.0119127,0.467158,-0.831635,-0.300245,-0.807591,-0.114501,0.524298
6140,0.0375535,-0.541393,-0.0336779,-0.840095,-0.822051,-0.0843573,0.533959
6141,0.0439957,0.298098,-0.945484,-0.131136,-0.827729,-0.0682786,0.537439
6142,0.156386,0.25066,-0.967642,0.0289619,-0.833838,-0.0432113,0.54144
6143,0.343581,-0.504814,-0.336142,-0.795092,-0.837612,-0.00870199,0.543962
6144,0.437976,-0.582417,-0.423202,-0.694039,-0.791917,0.017404,0.607633
6145,0.474265,0.141814,-0.875959,0.461069,-0.790079,0.0346586,0.606298
6146,0.53835,-0.660881,-0.485539,-0.572265,-0.783011,0.0682786,0.600725
6147,0.574335,0.032632,-0.761462,0.647388,-0.777623,0.0843573,0.59681
6148,0.581936,-0.756884,-0.457101,-0.467102,-0.763966,0.114501,0.586044
6149,0.619992,-0.0823138,-0.623251,0.777678,-0.755395,0.128309,0.579817
6150,0.641046,-0.127819,-0.540056,0.831867,-0.741067,0.147171,0.56885
6151,0.660632,-0.164536,-0.449802,0.877842,-0.724911,0.163515,0.556476
6152,0.675538,-0.194909,-0.354935,0.914348,-0.707204,0.177061,0.542908
6153,0.687853,-0.216602,-0.2559,0.942125,-0.688249,0.187579,0.528378
6154,0.695386,-0.231872,-0.154613,0.96038,-0.66837,0.194885,0.513134
6155,0.70211,-0.236667,-0.0516198,0.970219,-0.647907,0.198859,0.497437
6156,0.70268,-0.236113,0.0515974,0.970355,-0.62721,0.199429,0.481556
6157,0.698876,-0.228518,0.154196,0.961251,-0.606634,0.196587,0.465763
6158,0.651372,-0.943157,0.194985,-0.26914,-0.580252,0.187579,0.444964
6159,0.640628,-0.917243,0.26455,-0.29779,-0.561296,0.177061,0.430434
6160,0.664654,-0.160978,0.448484,0.879175,-0.549103,0.168359,0.421576
6161,0.642276,-0.12678,0.539587,0.83233,-0.53242,0.152921,0.40875
6162,0.590863,-0.802457,0.41898,-0.424874,-0.513106,0.128309,0.393525
6163,0.597219,-0.028924,0.697725,0.715782,-0.504534,0.114501,0.387298
6164,0.529235,-0.709644,0.452878,-0.539729,-0.490878,0.0843573,0.376532
6165,0.506875,-0.663711,0.459721,-0.590037,-0.483358,0.0600213,0.370796
6166,0.479468,0.144974,0.873661,0.464434,-0.479714,0.0432113,0.368148
6167,0.391185,-0.591888,0.38047,-0.710571,-0.476149,0.00870199,0.365338
6168,0.32915,0.250135,0.943451,0.217559,-0.476149,-0.00870199,0.365338
6169,0.230823,-0.567645,0.224388,-0.792105,-0.479714,-0.0432113,0.368148
6170,0.16912,0.359964,0.931419,-0.0537019,-0.483358,-0.0600213,0.370796
6171,0.126652,0.432406,0.887719,-0.158054,-0.490878,-0.0843573,0.376532
6172,0.0864034,-0.579159,0.0717691,-0.812049,-0.504534,-0.114501,0.387298
6173,0.0414305,0.558062,0.750396,-0.35422,-0.513106,-0.128309,0.393525
6174,0.0384614,-0.595942,0.025363,-0.802627,-0.53242,-0.152921,0.40875
6175,0.0222501,-0.604419,0.0123667,-0.79657,-0.549103,-0.168359,0.421576
6176,-0.0211743,0.71285,0.442571,-0.544036,-0.561296,-0.177061,0.430434
6177,-0.0334275,0.745904,0.321607,-0.583263,-0.580252,-0.187579,0.444964
6178,-0.0049112,-0.622875,-0.000958869,-0.782321,-0.606634,-0.196587,0.465763
6179,-0.00801531,-0.625368,-0.000524918,-0.78033,-0.62721,-0.199429,0.481556
6180,-0.00854465,-0.625768,0.000559582,-0.780009,-0.647907,-0.198859,0.497437
6181,-0.00448929,-0.622554,0.000876496,-0.782576,-0.66837,-0.194885,0.513134
6182,0.00102773,-0.618329,-0.000330547,-0.785919,-0.688249,-0.187579,0.528378
6183,0.0113314,-0.611065,-0.00501509,-0.791565,-0.707204,-0.177061,0.542908
6184,0.0236371,-0.603496,-0.0131375,-0.797258,-0.724911,-0.163515,0.556476
6185,0.041195,-0.594269,-0.0271647,-0.803807,-0.741067,-0.147171,0.56885
6186,0.0617379,-0.585969,-0.0464056,-0.809004,-0.755395,-0.128309,0.579817
6187,0.0550108,0.482336,-0.829182,-0.282506,-0.763966,-0.114501,0.586044
6188,0.113877,-0.575638,-0.101931,-0.811327,-0.777623,-0.0843573,0.59681
6189,0.131816,0.338772,-0.937129,-0.0838053,-0.783011,-0.0682786,0.600725
6190,0.25493,-0.560493,-0.247341,-0.790361,-0.790079,-0.0346586,0.606298
6191,0.290993,0.228261,-0.955163,0.188575,-0.791917,-0.017404,0.607633
6192,0.389354,-0.646225,-0.378778,-0.662511,-0.741801,0.017404,0.667893
6193,0.4304,0.147965,-0.894475,0.421924,-0.740074,0.0346586,0.666417
6194,0.472332,-0.711795,-0.430851,-0.554721,-0.733465,0.0682786,0.660307
6195,0.50956,0.0347403,-0.790547,0.611415,-0.728401,0.0843573,0.655982
6196,0.52054,-0.7917,-0.413624,-0.449585,-0.715631,0.114501,0.644177
6197,0.561977,-0.0693928,-0.646608,0.759659,-0.707574,0.128309,0.637297
6198,0.560734,-0.86837,-0.350787,-0.350546,-0.689515,0.152921,0.620603
6199,0.601926,-0.148272,-0.468213,0.871087,-0.679016,0.163515,0.611636
6200,0.583576,-0.929297,-0.243865,-0.277376,-0.656897,0.180919,0.59119
6201,0.625486,-0.201749,-0.267559,0.942183,-0.644671,0.187579,0.580748
6202,0.636725,-0.212824,-0.161337,0.963678,-0.626049,0.194885,0.563992
6203,0.602286,-0.974476,-0.0371006,-0.221405,-0.600728,0.199429,0.540585
6204,0.597465,-0.973413,0.0368421,-0.226075,-0.581341,0.198859,0.523129
6205,0.63568,-0.213834,0.161453,0.963435,-0.568221,0.196587,0.511923
6206,0.590262,-0.950937,0.179007,-0.252339,-0.543552,0.187579,0.489119
6207,0.618434,-0.175823,0.369438,0.91247,-0.531325,0.180919,0.478677
6208,0.561758,-0.899638,0.296087,-0.32091,-0.509207,0.163515,0.458231
6209,0.543966,-0.866458,0.341371,-0.364301,-0.494072,0.147171,0.444628
6210,0.529054,-0.830261,0.379594,-0.408136,-0.480648,0.128309,0.43257
6211,0.503879,-0.791305,0.401545,-0.461084,-0.469166,0.107251,0.422263
6212,0.485442,-0.751815,0.418551,-0.509498,-0.459822,0.0843573,0.413884
6213,0.480019,0.0952783,0.845417,0.52554,-0.454758,0.0682786,0.409559
6214,0.404819,-0.680314,0.386295,-0.622856,-0.448148,0.0346586,0.403449
6215,0.389214,0.211555,0.924181,0.318017,-0.44642,0.017404,0.401974
6216,0.304666,-0.633138,0.299334,-0.713818,-0.44642,-0.017404,0.401974
6217,0.272908,0.325553,0.942448,0.0762055,-0.448148,-0.0346586,0.403449
6218,0.201981,-0.61768,0.189979,-0.763138,-0.454758,-0.0682786,0.409559
6219,0.16237,0.440677,0.882575,-0.163905,-0.459822,-0.0843573,0.413884
6220,0.133771,0.508008,0.821615,-0.258603,-0.469166,-0.107251,0.422263
6221,0.100417,0.565646,0.746097,-0.35126,-0.480648,-0.128309,0.43257
6222,0.0803541,0.62302,0.655636,-0.4266,-0.494072,-0.147171,0.444628
6223,0.0593415,0.670176,0.553503,-0.494467,-0.509207,-0.163515,0.458231
6224,0.0717378,-0.629857,0.0317237,-0.776063,-0.531325,-0.180919,0.478677
6225,0.0277921,0.737937,0.32094,-0.593672,-0.543552,-0.187579,0.489119
6226,0.0586046,-0.635452,0.0114358,-0.772056,-0.568221,-0.196587,0.511923
6227,0.0194488,0.771256,0.065379,-0.633159,-0.581341,-0.198859,0.523129
6228,0.0155832,0.768828,-0.0653895,-0.636103,-0.600728,-0.199429,0.540585
6229,0.0156767,0.755883,-0.19496,-0.625005,-0.620001,-0.196587,0.557944
6230,0.0629488,-0.633727,-0.0202322,-0.773292,-0.644671,-0.187579,0.580748
6231,0.0328628,0.703114,-0.441553,-0.55737,-0.656897,-0.180919,0.59119
6232,0.0827528,-0.626024,-0.0459477,-0.778449,-0.679016,-0.163515,0.611636
6233,0.0619792,0.61163,-0.656853,-0.440967,-0.689515,-0.152921,0.620603
6234,0.119035,-0.616536,-0.0893138,-0.782245,-0.707574,-0.128309,0.637297
6235,0.115405,0.496769,-0.823841,-0.272958,-0.715631,-0.114501,0.644177
6236,0.175455,-0.611721,-0.156581,-0.775422,-0.728401,-0.0843573,0.655982
6237,0.190552,0.367983,-0.927528,-0.0654182,-0.733465,-0.0682786,0.660307
6238,0.271169,-0.61566,-0.262721,-0.742927,-0.740074,-0.0346586,0.666417
6239,0.308715,0.253619,-0.949903,0.182651,-0.741801,-0.017404,0.667893
6240,0.36047,-0.702788,-0.351959,-0.618234,-0.687113,0.017404,0.724035
6241,0.390891,0.151876,-0.909675,0.386556,-0.685506,0.0346586,0.722429
6242,0.417221,-0.75969,-0.383747,-0.524985,-0.679396,0.0682786,0.715819
6243,0.450414,0.0358113,-0.814208,0.579468,-0.674687,0.0843573,0.71111
6244,0.455335,-0.825256,-0.365728,-0.430344,-0.662883,0.114501,0.69834
6245,0.479796,-0.857905,-0.347185,-0.378764,-0.651657,0.134865,0.686476
6246,0.493858,-0.88843,-0.312658,-0.336061,-0.638697,0.152921,0.672789
6247,0.51033,-0.916379,-0.271519,-0.294154,-0.624225,0.168359,0.657512
6248,0.51989,-0.939689,-0.219867,-0.261999,-0.608487,0.180919,0.640907
6249,0.530333,-0.958563,-0.16269,-0.233854,-0.591755,0.190381,0.623259
6250,0.537391,-0.971603,-0.0999404,-0.214474,-0.574314,0.196587,0.604869
6251,0.537295,-0.977533,-0.0335211,-0.2081,-0.556462,0.199429,0.586051
6252,0.576975,-0.205583,0.0562445,0.977022,-0.544156,0.199429,0.573745
6253,0.538312,-0.971786,0.1001,-0.21357,-0.52075,0.194885,0.548424
6254,0.529574,-0.958425,0.162472,-0.234575,-0.5035,0.187579,0.530258
6255,0.51576,-0.939007,0.218289,-0.265738,-0.487052,0.177061,0.512941
6256,0.505048,-0.915662,0.268953,-0.29871,-0.471686,0.163515,0.49677
6257,0.525987,-0.0988274,0.579972,0.808619,-0.461922,0.152921,0.487008
6258,0.474628,-0.857607,0.343708,-0.382589,-0.445228,0.128309,0.468948
6259,0.486287,-0.00799729,0.743543,0.66864,-0.437736,0.114501,0.461456
6260,0.457386,0.0413312,0.811561,0.582804,-0.428438,0.0921786,0.451618
6261,0.396398,-0.761555,0.365637,-0.535111,-0.419403,0.0600213,0.441845
6262,0.377178,-0.731451,0.361232,-0.578353,-0.415112,0.0346586,0.437366
6263,0.357497,0.213598,0.935667,0.280898,-0.413506,0.017404,0.43576
6264,0.320397,0.275131,0.946271,0.169925,-0.413135,-0.00870199,0.435327
6265,0.275622,0.332346,0.941706,0.052314,-0.415112,-0.0346586,0.437366
6266,0.245947,0.398553,0.915527,-0.0544651,-0.419403,-0.0600213,0.441845
6267,0.214817,-0.65348,0.191214,-0.732394,-0.428438,-0.0921786,0.451618
6268,0.189837,-0.650008,0.156935,-0.743546,-0.437736,-0.114501,0.461456
6269,0.15305,0.570931,0.740075,-0.355425,-0.445228,-0.128309,0.468948
6270,0.156979,-0.645524,0.10312,-0.756746,-0.461922,-0.152921,0.487008
6271,0.11621,0.666972,0.54971,-0.502959,-0.471686,-0.163515,0.49677
6272,0.103638,0.704438,0.438343,-0.558232,-0.487052,-0.177061,0.512941
6273,0.0884717,0.729733,0.319082,-0.604712,-0.5035,-0.187579,0.530258
6274,0.0789853,0.747196,0.1939,-0.635689,-0.52075,-0.194885,0.548424
6275,0.118817,-0.648875,0.00776276,-0.760856,-0.544156,-0.199429,0.573745
6276,0.0804791,0.760162,-0.0650261,-0.646471,-0.556462,-0.199429,0.586051
6277,0.0797331,0.747719,-0.193872,-0.635082,-0.574314,-0.196587,0.604869
6278,0.0851024,0.727507,-0.319234,-0.607308,-0.591755,-0.190381,0.623259
6279,0.0973017,0.700391,-0.438699,-0.563023,-0.608487,-0.180919,0.640907
6280,0.109039,0.662347,-0.550288,-0.508409,-0.624225,-0.168359,0.657512
6281,0.128724,0.61952,-0.651345,-0.438115,-0.638697,-0.152921,0.672789
6282,0.146693,0.566791,-0.740963,-0.36017,-0.651657,-0.134865,0.686476
6283,0.176742,0.514379,-0.815311,-0.26586,-0.662883,-0.114501,0.69834
6284,0.226665,-0.648117,-0.201584,-0.734376,-0.674687,-0.0843573,0.71111
6285,0.233913,0.390656,-0.918372,-0.0630885,-0.679396,-0.0682786,0.715819
6286,0.288942,-0.666184,-0.279474,-0.691443,-0.685506,-0.0346586,0.722429
6287,0.311924,0.269411,-0.9489,0.164337,-0.687113,-0.017404,0.724035
6288,0.336003,-0.754745,-0.329011,-0.56755,-0.628187,0.017404,0.775713
6289,0.355406,0.154172,-0.922113,0.354878,-0.626712,0.0346586,0.773986
6290,0.365908,-0.804488,-0.338834,-0.487842,-0.621139,0.0682786,0.766917
6291,0.393601,0.0340749,-0.834244,0.550342,-0.616813,0.0843573,0.761853
6292,0.390264,-0.857048,-0.316409,-0.406638,-0.606048,0.114501,0.748196
6293,0.411445,-0.882961,-0.300777,-0.360434,-0.595788,0.134865,0.735489
6294,0.449582,-0.10461,-0.602269,0.791409,-0.587795,0.147171,0.726131
6295,0.439513,-0.929653,-0.236524,-0.282491,-0.570714,0.168359,0.704462
6296,0.481884,-0.161509,-0.399165,0.902542,-0.560925,0.177061,0.693001
6297,0.461579,-0.964203,-0.143237,-0.223149,-0.541031,0.190381,0.667767
6298,0.506251,-0.187914,-0.174277,0.9666,-0.530114,0.194885,0.654984
6299,0.475189,-0.980937,-0.029961,-0.192003,-0.508766,0.199429,0.627904
6300,0.515387,-0.189054,0.058205,0.98024,-0.497463,0.199429,0.61467
6301,0.518547,-0.175915,0.173182,0.969052,-0.481142,0.196587,0.59451
6302,0.470397,-0.965716,0.145771,-0.21481,-0.460344,0.187579,0.568128
6303,0.456681,-0.949645,0.195173,-0.245116,-0.445305,0.177061,0.549574
6304,0.481815,-0.122576,0.500732,0.856879,-0.435517,0.168359,0.538113
6305,0.463802,-0.0917659,0.598385,0.795936,-0.422288,0.152921,0.521748
6306,0.415662,-0.883201,0.303691,-0.357391,-0.407062,0.128309,0.502434
6307,0.396197,-0.857147,0.320955,-0.402848,-0.397334,0.107251,0.490458
6308,0.399428,0.0388341,0.83235,0.552889,-0.391682,0.0921786,0.483842
6309,0.360736,-0.804969,0.334262,-0.490198,-0.383442,0.0600213,0.47339
6310,0.359678,0.157439,0.920664,0.357198,-0.380517,0.0432113,0.469964
6311,0.319173,-0.75834,0.313111,-0.571735,-0.377706,0.00870199,0.466399
6312,0.306912,0.27774,0.950442,0.139713,-0.377706,-0.00870199,0.466399
6313,0.286828,-0.719094,0.27748,-0.63711,-0.380517,-0.0432113,0.469964
6314,0.266887,0.407765,0.91027,-0.0716722,-0.383442,-0.0600213,0.47339
6315,0.253013,0.4735,0.864405,-0.16912,-0.389416,-0.0843573,0.480721
6316,0.23186,0.529814,0.80507,-0.266757,-0.397334,-0.107251,0.490458
6317,0.208852,0.579451,0.731475,-0.359418,-0.407062,-0.128309,0.502434
6318,0.218272,-0.665935,0.142829,-0.732209,-0.422288,-0.152921,0.521748
6319,0.204851,-0.664207,0.113077,-0.738947,-0.435517,-0.168359,0.538113
6320,0.162775,0.698772,0.433952,-0.568686,-0.445305,-0.177061,0.549574
6321,0.147849,0.720655,0.31613,-0.617024,-0.460344,-0.187579,0.568128
6322,0.175958,-0.666898,0.0341783,-0.744365,-0.481142,-0.196587,0.59451
6323,0.179782,-0.662181,0.0117109,-0.749252,-0.497463,-0.199429,0.61467
6324,0.141459,0.748783,-0.0644226,-0.659678,-0.508766,-0.199429,0.627904
6325,0.186447,-0.659146,-0.0361926,-0.751143,-0.530114,-0.194885,0.654984
6326,0.154661,0.725162,-0.315721,-0.611932,-0.541031,-0.190381,0.667767
6327,0.205476,-0.655522,-0.0903007,-0.749758,-0.560925,-0.177061,0.693001
6328,0.179488,0.668434,-0.543415,-0.507835,-0.570714,-0.168359,0.704462
6329,0.23064,-0.658142,-0.150788,-0.737639,-0.587795,-0.147171,0.726131
6330,0.213104,0.582345,-0.730692,-0.35632,-0.595788,-0.134865,0.735489
6331,0.236328,0.53283,-0.804144,-0.263525,-0.606048,-0.114501,0.748196
6332,0.273826,-0.682064,-0.242564,-0.689892,-0.616813,-0.0843573,0.761853
6333,0.27269,0.411885,-0.90871,-0.0678029,-0.621139,-0.0682786,0.766917
6334,0.305112,-0.71279,-0.294639,-0.636489,-0.626712,-0.0346586,0.773986
6335,0.314499,0.283314,-0.94812,0.144228,-0.628187,-0.017404,0.775713
6336,0.311184,-0.802648,-0.305531,-0.512257,-0.56539,0.017404,0.822609
6337,0.319297,0.151847,-0.933583,0.3246,-0.564054,0.0346586,0.820772
6338,0.316073,-0.845755,-0.294359,-0.445029,-0.559053,0.0682786,0.813287
6339,0.339079,0.0299747,-0.851006,0.524299,-0.555138,0.0843573,0.807899
6340,0.342978,-0.0302709,-0.789112,0.613502,-0.548008,0.107251,0.797571
6341,0.343421,-0.906196,-0.25325,-0.338634,-0.536246,0.134865,0.779966
6342,0.384152,-0.102877,-0.618531,0.778997,-0.529012,0.147171,0.77001
6343,0.371941,-0.942459,-0.202028,-0.266375,-0.513682,0.168359,0.747067
6344,0.416979,-0.152543,-0.410712,0.898914,-0.504824,0.177061,0.734874
6345,0.43091,-0.166886,-0.297027,0.940172,-0.491286,0.187579,0.715197
6346,0.445893,-0.170826,-0.179251,0.968859,-0.47709,0.194885,0.694557
6347,0.454288,-0.172005,-0.0599321,0.983271,-0.46248,0.198859,0.673305
6348,0.415174,-0.984439,0.0264153,-0.173733,-0.443157,0.198859,0.644387
6349,0.453389,-0.163523,0.178679,0.970224,-0.433015,0.196587,0.630427
6350,0.411528,-0.972476,0.128647,-0.194268,-0.41435,0.187579,0.602494
6351,0.398258,-0.959604,0.171652,-0.222925,-0.400812,0.177061,0.582818
6352,0.381999,-0.943695,0.207208,-0.257884,-0.388166,0.163515,0.564442
6353,0.36986,-0.926197,0.238445,-0.292065,-0.376624,0.147171,0.547682
6354,0.390046,-0.0460182,0.702772,0.709925,-0.369391,0.134865,0.537726
6355,0.369631,-0.00665892,0.781871,0.623405,-0.360159,0.114501,0.524252
6356,0.340822,0.0314973,0.850476,0.52507,-0.352513,0.0921786,0.513081
6357,0.312845,-0.846039,0.291457,-0.446397,-0.345118,0.0600213,0.502014
6358,0.314167,0.147621,0.93509,0.322203,-0.34247,0.0432113,0.49837
6359,0.303399,-0.804333,0.298127,-0.513974,-0.339949,0.00870199,0.494596
6360,0.301783,0.283745,0.95202,0.114658,-0.339949,-0.00870199,0.494596
6361,0.31079,-0.758515,0.299942,-0.578525,-0.34247,-0.0432113,0.49837
6362,0.297752,0.42392,0.901739,-0.084604,-0.345118,-0.0600213,0.502014
6363,0.308075,-0.71786,0.271996,-0.640855,-0.352513,-0.0921786,0.513081
6364,0.296653,-0.704956,0.243113,-0.666283,-0.360159,-0.114501,0.524252
6365,0.285557,-0.69468,0.211855,-0.687413,-0.369391,-0.134865,0.537726
6366,0.251715,0.631914,0.633712,-0.4462,-0.376624,-0.147171,0.547682
6367,0.238423,0.667615,0.535555,-0.517176,-0.388166,-0.163515,0.564442
6368,0.221287,0.692807,0.428135,-0.580275,-0.400812,-0.177061,0.582818
6369,0.206974,0.711465,0.31207,-0.629626,-0.41435,-0.187579,0.602494
6370,0.241146,-0.677276,0.0466269,-0.73425,-0.433015,-0.196587,0.630427
6371,0.201693,0.736712,0.0635996,-0.673209,-0.443157,-0.198859,0.644387
6372,0.240309,-0.675616,-0.0155878,-0.737089,-0.46248,-0.198859,0.673305
6373,0.247182,-0.672882,-0.0477674,-0.738206,-0.47709,-0.194885,0.694557
6374,0.259493,-0.668645,-0.082527,-0.738988,-0.491286,-0.187579,0.715197
6375,0.270207,-0.668334,-0.118136,-0.73442,-0.504824,-0.177061,0.734874
6376,0.246287,0.672893,-0.534413,-0.511485,-0.513682,-0.168359,0.747067
6377,0.293725,-0.674956,-0.19096,-0.712719,-0.529012,-0.147171,0.77001
6378,0.277125,0.597551,-0.717869,-0.357209,-0.536246,-0.134865,0.779966
6379,0.319316,-0.692594,-0.261064,-0.672427,-0.548008,-0.107251,0.797571
6380,0.318977,-0.712517,-0.281306,-0.642795,-0.555138,-0.0843573,0.807899
6381,0.310718,0.433438,-0.89791,-0.0767456,-0.559053,-0.0682786,0.813287
6382,0.323112,-0.754053,-0.311429,-0.578287,-0.564054,-0.0346586,0.820772
6383,0.317699,0.296233,-0.947118,0.123342,-0.56539,-0.017404,0.822609
6384,0.280937,-0.847141,-0.276664,-0.453662,-0.499105,0.017404,0.864434
6385,0.266859,-0.866738,-0.258644,-0.42646,-0.497146,0.0432113,0.860981
6386,0.266713,-0.883014,-0.249594,-0.397479,-0.49352,0.0682786,0.854643
6387,0.283426,0.0210263,-0.865446,0.50056,-0.49004,0.0843573,0.848965
6388,0.283347,-0.0364833,-0.803357,0.594379,-0.483742,0.107251,0.838108
6389,0.294616,-0.0787993,-0.725141,0.684077,-0.476008,0.128309,0.824758
6390,0.31784,-0.104049,-0.632391,0.767629,-0.466967,0.147171,0.809143
6391,0.334475,-0.128458,-0.530706,0.837765,-0.456776,0.163515,0.791529
6392,0.355047,-0.141566,-0.420153,0.896343,-0.44561,0.177061,0.772217
6393,0.371299,-0.150969,-0.303837,0.940687,-0.433658,0.187579,0.751539
6394,0.346668,-0.983416,-0.0663363,-0.168797,-0.417243,0.196587,0.722227
6395,0.390723,-0.157327,-0.0614867,0.985631,-0.408228,0.198859,0.707515
6396,0.353625,-0.987362,0.0226796,-0.156853,-0.391233,0.198859,0.677169
6397,0.389986,-0.149576,0.183304,0.97161,-0.382217,0.196587,0.662457
6398,0.387622,-0.13502,0.302074,0.943674,-0.36955,0.190381,0.640504
6399,0.377717,-0.119697,0.416888,0.901042,-0.3574,0.180919,0.619437
6400,0.324905,-0.956506,0.177448,-0.231533,-0.342683,0.163515,0.593158
6401,0.346336,-0.0771756,0.62675,0.775389,-0.335469,0.152921,0.581385
6402,0.325781,-0.0498854,0.718568,0.693666,-0.326062,0.134865,0.56505
6403,0.276664,-0.913429,0.227162,-0.337706,-0.315718,0.107251,0.546577
6404,0.284977,0.0224195,0.865079,0.501135,-0.311171,0.0921786,0.539157
6405,0.26193,-0.883377,0.245222,-0.39939,-0.304667,0.0600213,0.527544
6406,0.268109,0.132661,0.947749,0.290125,-0.302314,0.0432113,0.523704
6407,0.277364,-0.847902,0.273236,-0.454317,-0.300096,0.00870199,0.519744
6408,0.29715,0.288115,0.953381,0.0897463,-0.300096,-0.00870199,0.519744
6409,0.336928,-0.791954,0.324251,-0.517368,-0.302314,-0.0432113,0.523704
6410,0.334278,0.444247,0.890589,-0.0974455,-0.304667,-0.0600213,0.527544
6411,0.359867,-0.740546,0.315881,-0.593136,-0.311171,-0.0921786,0.539157
6412,0.337297,0.560633,0.778605,-0.281895,-0.315718,-0.107251,0.546577
6413,0.348146,-0.710291,0.256596,-0.655473,-0.326062,-0.134865,0.56505
6414,0.335192,-0.703129,0.216967,-0.677152,-0.335469,-0.152921,0.581385
6415,0.295938,0.665978,0.526148,-0.528812,-0.342683,-0.163515,0.593158
6416,0.313043,-0.695161,0.136299,-0.705814,-0.3574,-0.180919,0.619437
6417,0.305697,-0.692793,0.0967944,-0.714611,-0.36955,-0.190381,0.640504
6418,0.304849,-0.688458,0.0585994,-0.722905,-0.382217,-0.196587,0.662457
6419,0.263383,0.725411,0.0625154,-0.685471,-0.391233,-0.198859,0.677169
6420,0.30423,-0.686385,-0.0196185,-0.726974,-0.408228,-0.198859,0.707515
6421,0.270057,0.72154,-0.18602,-0.666915,-0.417243,-0.196587,0.722227
6422,0.319625,-0.682931,-0.101057,-0.723459,-0.433658,-0.187579,0.751539
6423,0.332337,-0.681797,-0.144402,-0.717148,-0.44561,-0.177061,0.772217
6424,0.34805,-0.681639,-0.189576,-0.706703,-0.456776,-0.163515,0.791529
6425,0.358898,-0.687922,-0.231682,-0.687813,-0.466967,-0.147171,0.809143
6426,0.372552,-0.695424,-0.273773,-0.664405,-0.476008,-0.128309,0.824758
6427,0.373458,-0.713364,-0.303415,-0.631705,-0.483742,-0.107251,0.838108
6428,0.365379,-0.737729,-0.320504,-0.594166,-0.49004,-0.0843573,0.848965
6429,0.349916,0.456189,-0.885445,-0.08876,-0.49352,-0.0682786,0.854643
6430,0.345975,0.391493,-0.920131,0.00962991,-0.497146,-0.0432113,0.860981
6431,0.321087,0.307757,-0.946049,0.101372,-0.499105,-0.017404,0.864434
6432,0.273342,0.216572,-0.961501,0.169152,-0.429962,0.00870199,0.901455
6433,0.220135,-0.904046,-0.214171,-0.369907,-0.428062,0.0432113,0.897333
6434,0.225807,0.0607619,-0.925568,0.373673,-0.426017,0.0600213,0.893319
6435,0.214489,-0.00363968,-0.879637,0.475632,-0.421921,0.0843573,0.884795
6436,0.219711,-0.0493704,-0.815437,0.576736,-0.416494,0.107251,0.873479
6437,0.234839,-0.081562,-0.735732,0.672344,-0.40983,0.128309,0.859563
6438,0.232747,-0.956236,-0.152147,-0.249929,-0.399534,0.152921,0.837229
6439,0.276319,-0.118655,-0.539425,0.833632,-0.393266,0.163515,0.824927
6440,0.262925,-0.97451,-0.115034,-0.192608,-0.380656,0.180919,0.797573
6441,0.306489,-0.140565,-0.310034,0.940277,-0.373356,0.187579,0.783247
6442,0.317988,-0.144102,-0.187653,0.971608,-0.362564,0.194885,0.760639
6443,0.329855,-0.139984,-0.0627426,0.988164,-0.351457,0.198859,0.737363
6444,0.293207,-0.990124,0.0189281,-0.138908,-0.336896,0.198859,0.705777
6445,0.287444,-0.987291,0.055356,-0.148969,-0.32579,0.194885,0.682502
6446,0.28136,-0.982505,0.0892989,-0.16343,-0.314998,0.187579,0.659895
6447,0.272917,-0.975722,0.119299,-0.18367,-0.304706,0.177061,0.638343
6448,0.264356,-0.967528,0.145243,-0.206866,-0.295088,0.163515,0.618216
6449,0.248378,-0.957627,0.162148,-0.23803,-0.286311,0.147171,0.599856
6450,0.264175,-0.053719,0.73084,0.680432,-0.280724,0.134865,0.588891
6451,0.217477,-0.936906,0.179447,-0.30001,-0.27186,0.107251,0.569663
6452,0.202776,-0.926807,0.180647,-0.329234,-0.266434,0.0843573,0.558346
6453,0.207521,-0.916364,0.195116,-0.349581,-0.262337,0.0600213,0.549822
6454,0.217341,0.109239,0.959321,0.260325,-0.260292,0.0432113,0.545809
6455,0.221944,0.170883,0.973958,0.149012,-0.25861,0.017404,0.542213
6456,0.316466,-0.854538,0.310545,-0.416325,-0.25861,-0.017404,0.542213
6457,0.369869,-0.817224,0.354557,-0.454351,-0.260292,-0.0432113,0.545809
6458,0.379545,0.471367,0.875108,-0.10954,-0.262337,-0.0600213,0.549822
6459,0.40224,0.539003,0.819177,-0.196024,-0.266434,-0.0843573,0.558346
6460,0.401981,0.585341,0.758105,-0.287494,-0.27186,-0.107251,0.569663
6461,0.410451,-0.722604,0.300106,-0.622719,-0.280724,-0.134865,0.588891
6462,0.373099,0.645353,0.606849,-0.463954,-0.286311,-0.147171,0.599856
6463,0.357313,0.667157,0.51413,-0.539047,-0.295088,-0.163515,0.618216
6464,0.347413,0.687335,0.410595,-0.599152,-0.304706,-0.177061,0.638343
6465,0.337787,0.701448,0.299267,-0.646846,-0.314998,-0.187579,0.659895
6466,0.330689,0.710664,0.182099,-0.679557,-0.32579,-0.194885,0.682502
6467,0.324349,0.713387,0.06121,-0.698092,-0.336896,-0.198859,0.705777
6468,0.365572,-0.698779,-0.0234115,-0.714954,-0.351457,-0.198859,0.737363
6469,0.37545,-0.694317,-0.0715894,-0.7161,-0.362564,-0.194885,0.760639
6470,0.38462,-0.693064,-0.120674,-0.710704,-0.373356,-0.187579,0.783247
6471,0.355082,0.692701,-0.409313,-0.593825,-0.380656,-0.180919,0.797573
6472,0.407088,-0.69614,-0.220078,-0.683341,-0.393266,-0.163515,0.824927
6473,0.386826,0.655029,-0.603294,-0.454944,-0.399534,-0.152921,0.837229
6474,0.434311,-0.70773,-0.316467,-0.631638,-0.40983,-0.128309,0.859563
6475,0.436869,-0.724493,-0.351884,-0.592695,-0.416494,-0.107251,0.873479
6476,0.420931,-0.753259,-0.366525,-0.546133,-0.421921,-0.0843573,0.884795
6477,0.394165,0.482771,-0.869756,-0.102257,-0.424944,-0.0682786,0.890729
6478,0.373661,0.413746,-0.910352,-0.00853215,-0.428062,-0.0432113,0.897333
6479,0.304272,-0.858228,-0.298958,-0.417216,-0.429962,-0.00870199,0.901455
6480,0.208811,0.169943,-0.976727,0.13086,-0.357909,0.00870199,0.932411
6481,0.148396,-0.937856,-0.145015,-0.315274,-0.356338,0.0432113,0.928153
6482,0.150975,0.0192736,-0.937942,0.346257,-0.354615,0.0600213,0.923991
6483,0.137006,-0.0399141,-0.890601,0.45303,-0.3512,0.0843573,0.915171
6484,0.13969,-0.955812,-0.115798,-0.270212,-0.345181,0.114501,0.898856
6485,0.173266,-0.0879017,-0.743957,0.662421,-0.341126,0.128309,0.889068
6486,0.184828,-0.111855,-0.651667,0.750213,-0.33464,0.147171,0.87223
6487,0.183644,-0.974955,-0.101509,-0.197886,-0.32509,0.168359,0.846343
6488,0.194897,-0.980537,-0.085713,-0.176635,-0.316905,0.180919,0.82498
6489,0.241122,-0.130937,-0.314967,0.940027,-0.310752,0.187579,0.810125
6490,0.219756,-0.989629,-0.0425598,-0.137198,-0.299124,0.196587,0.778607
6491,0.264112,-0.127355,-0.0638419,0.9898,-0.292521,0.198859,0.762665
6492,0.229473,-0.992158,0.0148964,-0.124096,-0.280483,0.198859,0.730035
6493,0.22347,-0.990089,0.0432682,-0.133613,-0.271237,0.194885,0.70596
6494,0.258561,-0.113713,0.313759,0.942669,-0.264804,0.190381,0.690429
6495,0.212593,-0.982555,0.093389,-0.160822,-0.253682,0.177061,0.660282
6496,0.239513,-0.088886,0.544013,0.834355,-0.247914,0.168359,0.646358
6497,0.226207,-0.0717511,0.646888,0.759202,-0.24039,0.152921,0.626706
6498,0.205616,-0.0567551,0.739997,0.670211,-0.233655,0.134865,0.609102
6499,0.188722,-0.0336507,0.820109,0.571216,-0.227824,0.114501,0.593845
6500,0.166606,-0.0117824,0.887012,0.461596,-0.222996,0.0921786,0.581198
6501,0.139326,-0.944535,0.131517,-0.300925,-0.21839,0.0600213,0.56871
6502,0.148426,0.0647896,0.971107,0.229679,-0.216666,0.0432113,0.564549
6503,0.193271,-0.925067,0.19166,-0.327899,-0.215094,0.00870199,0.56029
6504,0.241034,0.248214,0.968408,0.0240094,-0.215094,-0.00870199,0.56029
6505,0.421974,-0.828251,0.401701,-0.390688,-0.216666,-0.0432113,0.564549
6506,0.452495,0.520171,0.84641,-0.114074,-0.21839,-0.0600213,0.56871
6507,0.492109,-0.754576,0.423812,-0.500997,-0.222996,-0.0921786,0.581198
6508,0.481692,-0.742411,0.385294,-0.548064,-0.227824,-0.114501,0.593845
6509,0.472058,-0.731866,0.341998,-0.589414,-0.233655,-0.134865,0.609102
6510,0.457797,-0.726615,0.291529,-0.622126,-0.24039,-0.152921,0.626706
6511,0.44895,-0.720341,0.241256,-0.650311,-0.247914,-0.168359,0.646358
6512,0.408574,0.683169,0.399727,-0.611145,-0.253682,-0.177061,0.660282
6513,0.435706,-0.712208,0.135736,-0.688721,-0.264804,-0.190381,0.690429
6514,0.395204,0.702265,0.177169,-0.689518,-0.271237,-0.194885,0.70596
6515,0.38848,0.703431,0.0595888,-0.708261,-0.280483,-0.198859,0.730035
6516,0.431746,-0.707585,-0.0274058,-0.706097,-0.292521,-0.198859,0.762665
6517,0.397924,0.70424,-0.176932,-0.687561,-0.299124,-0.196587,0.778607
6518,0.449582,-0.702535,-0.139778,-0.697787,-0.310752,-0.187579,0.810125
6519,0.422798,0.693239,-0.396963,-0.601531,-0.316905,-0.180919,0.82498
6520,0.435722,0.680261,-0.496003,-0.539653,-0.32509,-0.168359,0.846343
6521,0.493134,-0.703264,-0.312251,-0.638685,-0.33464,-0.147171,0.87223
6522,0.497498,-0.715604,-0.358926,-0.599236,-0.341126,-0.128309,0.889068
6523,0.480383,0.620059,-0.728979,-0.290029,-0.345181,-0.114501,0.898856
6524,0.505118,-0.746995,-0.434074,-0.503566,-0.3512,-0.0843573,0.915171
6525,0.453659,-0.79456,-0.415027,-0.443201,-0.354615,-0.0600213,0.923991
6526,0.407809,0.440368,-0.897391,-0.0276671,-0.356338,-0.0432113,0.928153
6527,0.338523,0.335199,-0.940358,0.0580298,-0.357733,-0.017404,0.931869
6528,0.0789141,-0.96086,-0.078664,-0.265632,-0.283516,0.017404,0.957063
6529,0.0706837,0.00785018,-0.978866,0.204353,-0.282815,0.0346586,0.954903
6530,0.0525906,-0.0487178,-0.94624,0.319777,-0.281026,0.0600213,0.948965
6531,0.0589931,-0.0798321,-0.896213,0.436382,-0.278313,0.0843573,0.939905
6532,0.0670581,-0.970393,-0.0557297,-0.235016,-0.273593,0.114501,0.923167
6533,0.105106,-0.102149,-0.749732,0.65381,-0.27032,0.128309,0.913091
6534,0.121015,-0.115304,-0.656847,0.745155,-0.265174,0.147171,0.895797
6535,0.112759,-0.981738,-0.0625492,-0.179662,-0.257684,0.168359,0.86924
6536,0.156908,-0.124816,-0.439309,0.889623,-0.253026,0.177061,0.854906
6537,0.177292,-0.120054,-0.318473,0.940299,-0.246232,0.187579,0.832009
6538,0.190381,-0.117574,-0.192985,0.974132,-0.23911,0.194885,0.807992
6539,0.163084,-0.993663,-0.0106339,-0.111894,-0.22975,0.199429,0.774804
6540,0.161908,-0.993531,0.0105569,-0.113071,-0.22234,0.198859,0.749791
6541,0.200539,-0.107445,0.192691,0.975359,-0.217008,0.196587,0.733381
6542,0.159489,-0.991058,0.0510742,-0.12327,-0.207889,0.187579,0.701047
6543,0.152396,-0.988249,0.0671919,-0.13729,-0.201095,0.177061,0.678151
6544,0.139622,-0.984491,0.0773567,-0.15746,-0.194745,0.163515,0.656766
6545,0.161602,-0.0754892,0.653867,0.752834,-0.190478,0.152921,0.643635
6546,0.113189,-0.976498,0.0849471,-0.198081,-0.183803,0.128309,0.619965
6547,0.125624,-0.0502077,0.827203,0.559655,-0.180529,0.114501,0.609889
6548,0.0978094,-0.0422606,0.89409,0.44589,-0.176708,0.0921786,0.596902
6549,0.0737046,-0.028257,0.945255,0.325106,-0.17375,0.0682786,0.586818
6550,0.0297852,-0.96361,0.0292095,-0.265713,-0.171307,0.0346586,0.578154
6551,0.0794928,-0.960824,0.0792391,-0.26559,-0.170472,0.00870199,0.575439
6552,0.199367,0.21046,0.977576,-0.00720328,-0.170472,-0.00870199,0.575439
6553,0.532687,0.540463,0.841099,-0.0212746,-0.171307,-0.0346586,0.578154
6554,0.582698,-0.755645,0.521126,-0.396772,-0.17375,-0.0682786,0.586818
6555,0.569166,-0.746069,0.483414,-0.457921,-0.176708,-0.0921786,0.596902
6556,0.54847,-0.742692,0.433622,-0.510275,-0.180529,-0.114501,0.609889
6557,0.514934,0.648857,0.644772,-0.404046,-0.183803,-0.128309,0.619965
6558,0.524254,-0.731068,0.330181,-0.597094,-0.190478,-0.152921,0.643635
6559,0.484397,0.671906,0.483191,-0.561311,-0.194745,-0.163515,0.656766
6560,0.470132,0.678909,0.387295,-0.623766,-0.201095,-0.177061,0.678151
6561,0.461234,0.685848,0.282472,-0.670688,-0.207889,-0.187579,0.701047
6562,0.495626,-0.720038,0.0928572,-0.687694,-0.217008,-0.196587,0.733381
6563,0.456458,0.696028,0.0576068,-0.7157,-0.22234,-0.198859,0.749791
6564,0.455329,0.695183,-0.0576486,-0.716518,-0.22975,-0.199429,0.774804
6565,0.506108,-0.712746,-0.0946436,-0.695008,-0.23911,-0.194885,0.807992
6566,0.473461,0.694592,-0.280603,-0.662422,-0.244304,-0.190381,0.82398
6567,0.53095,-0.706723,-0.224101,-0.67106,-0.253026,-0.177061,0.854906
6568,0.507029,0.688102,-0.476892,-0.546891,-0.257684,-0.168359,0.86924
6569,0.559645,-0.70731,-0.350173,-0.614078,-0.265174,-0.147171,0.895797
6570,0.568158,-0.714991,-0.404686,-0.570103,-0.27032,-0.128309,0.913091
6571,0.555859,0.651805,-0.696752,-0.299478,-0.273593,-0.114501,0.923167
6572,0.59688,-0.728601,-0.504166,-0.463634,-0.278313,-0.0843573,0.939905
6573,0.575436,-0.760005,-0.515355,-0.395982,-0.281026,-0.0600213,0.948965
6574,0.443525,-0.846629,-0.420893,-0.32568,-0.282815,-0.0346586,0.954903
6575,0.318298,0.320354,-0.946942,0.0259646,-0.283516,-0.017404,0.957063
6576,-0.073463,-0.977204,0.0732399,-0.19927,-0.207553,0.017404,0.976357
6577,-0.0571502,-0.101494,-0.978757,0.178138,-0.207022,0.0346586,0.974149
6578,-0.0460737,-0.976857,0.043616,-0.209401,-0.205266,0.0682786,0.96532
6579,-0.0162677,-0.979252,0.0145919,-0.20212,-0.203108,0.0921786,0.955035
6580,0.0129048,-0.117022,-0.831614,0.542884,-0.201077,0.107251,0.946573
6581,0.0348054,-0.11987,-0.752086,0.648072,-0.197845,0.128309,0.931486
6582,0.0549588,-0.121651,-0.659383,0.7419,-0.194072,0.147171,0.913841
6583,0.0479193,-0.987424,-0.0266254,-0.155836,-0.18869,0.168359,0.886778
6584,0.0945418,-0.116439,-0.441838,0.889506,-0.185172,0.177061,0.872123
6585,0.0804093,-0.992453,-0.0258335,-0.119874,-0.178903,0.190381,0.840608
6586,0.125349,-0.105558,-0.194504,0.975206,-0.174978,0.194885,0.824262
6587,0.0950303,-0.994833,-0.00621421,-0.101337,-0.168251,0.199429,0.790441
6588,0.135109,-0.0998348,0.0651893,0.992866,-0.164188,0.199429,0.773519
6589,0.138306,-0.0926746,0.194268,0.976561,-0.158799,0.196587,0.748147
6590,0.135372,-0.0877259,0.320073,0.943323,-0.153537,0.190381,0.723353
6591,0.127808,-0.0834655,0.440721,0.893755,-0.148491,0.180919,0.699563
6592,0.117524,-0.0784436,0.553843,0.828918,-0.14375,0.168359,0.677183
6593,0.0999286,-0.0772838,0.657962,0.749075,-0.139393,0.152921,0.656595
6594,0.0832808,-0.0720753,0.750884,0.656489,-0.135494,0.134865,0.638153
6595,0.0561527,-0.0746278,0.831151,0.551016,-0.132121,0.114501,0.622173
6596,0.00540287,-0.981239,0.00484653,-0.192736,-0.128729,0.0843573,0.605117
6597,0.00566983,-0.0695169,0.946965,0.313728,-0.127174,0.0682786,0.598641
6598,-0.0322407,-0.0771464,0.980036,0.18324,-0.125683,0.0432113,0.591492
6599,-0.0957657,-0.108922,0.993047,0.0446409,-0.124887,0.017404,0.587604
6600,-0.603961,-0.814515,-0.566693,-0.124191,-0.124887,-0.017404,0.587604
6601,0.72701,-0.707531,0.65189,-0.272836,-0.125683,-0.0432113,0.591492
6602,0.672736,-0.728039,0.590095,-0.348923,-0.127174,-0.0682786,0.598641
6603,0.641304,0.668466,0.709398,-0.223403,-0.128729,-0.0843573,0.605117
6604,0.627951,-0.73004,0.488578,-0.477841,-0.132121,-0.114501,0.622173
6605,0.602882,-0.734981,0.426468,-0.527188,-0.135494,-0.134865,0.638153
6606,0.589107,-0.733985,0.366484,-0.571801,-0.139393,-0.152921,0.656595
6607,0.573973,-0.735568,0.301808,-0.606508,-0.14375,-0.168359,0.677183
6608,0.565961,-0.73405,0.237344,-0.636269,-0.148491,-0.180919,0.699563
6609,0.560295,-0.732649,0.170921,-0.658795,-0.153537,-0.190381,0.723353
6610,0.558427,-0.7304,0.103448,-0.67514,-0.158799,-0.196587,0.748147
6611,0.561998,-0.726203,0.0348984,-0.686594,-0.164188,-0.199429,0.773519
6612,0.52364,0.687965,-0.0553884,-0.723627,-0.168251,-0.199429,0.790441
6613,0.571348,-0.721536,-0.105579,-0.68428,-0.174978,-0.194885,0.824262
6614,0.541216,0.690885,-0.2693,-0.670936,-0.178903,-0.190381,0.840608
6615,0.595129,-0.714075,-0.248139,-0.654618,-0.185172,-0.177061,0.872123
6616,0.573589,0.692104,-0.456798,-0.558863,-0.18869,-0.168359,0.886778
6617,0.628018,-0.707485,-0.38754,-0.590997,-0.194072,-0.147171,0.913841
6618,0.642731,-0.708016,-0.450806,-0.543588,-0.197845,-0.128309,0.931486
6619,0.657368,-0.710194,-0.508166,-0.487228,-0.201077,-0.107251,0.946573
6620,0.646599,0.672338,-0.706438,-0.22115,-0.203108,-0.0921786,0.955035
6621,0.682983,0.676612,-0.727006,-0.11687,-0.205266,-0.0682786,0.96532
6622,0.710128,-0.718916,-0.639426,-0.272569,-0.207022,-0.0346586,0.974149
6623,-0.731609,-0.64383,-0.744231,-0.177772,-0.207553,-0.017404,0.976357
6624,-0.27623,-0.280616,-0.95935,0.0300444,-0.130354,0.00870199,0.990201
6625,-0.194386,-0.22179,-0.960855,0.166035,-0.129953,0.0346586,0.987389
6626,-0.145226,-0.977152,0.137046,-0.16246,-0.128895,0.0682786,0.978449
6627,-0.0949339,-0.983676,0.08503,-0.158589,-0.127551,0.0921786,0.968026
6628,-0.0594466,-0.145745,-0.828899,0.540078,-0.126189,0.107251,0.959431
6629,-0.0524035,-0.987648,0.039396,-0.151654,-0.123701,0.134865,0.938406
6630,-0.0107075,-0.128173,-0.659054,0.741094,-0.121776,0.147171,0.926251
6631,-0.0183882,-0.991105,0.0102208,-0.132691,-0.118533,0.168359,0.898849
6632,0.030122,-0.110507,-0.442567,0.8899,-0.116175,0.177061,0.883963
6633,0.0124408,-0.994378,-0.0040014,-0.105814,-0.112398,0.190381,0.852053
6634,0.0587914,-0.0951138,-0.195192,0.976142,-0.109769,0.194885,0.835449
6635,0.0321014,-0.99632,-0.00210195,-0.0856851,-0.105716,0.199429,0.801205
6636,0.0347047,-0.996543,0.00227253,-0.0830478,-0.102311,0.198859,0.775341
6637,0.0333628,-0.99636,0.0065123,-0.0849929,-0.0989399,0.194885,0.749773
6638,0.0279336,-0.995791,0.00898275,-0.0912148,-0.0956619,0.187579,0.724937
6639,0.0605164,-0.080228,0.442465,0.89319,-0.0931466,0.180919,0.709056
6640,0.0516994,-0.0787433,0.555765,0.827602,-0.0901759,0.168359,0.686373
6641,0.00030181,-0.993095,0.000199069,-0.117314,-0.0869326,0.147171,0.658971
6642,0.0168484,-0.0864233,0.752095,0.653363,-0.0850072,0.134865,0.646817
6643,-0.0133846,-0.100184,0.831139,0.546966,-0.0828986,0.114501,0.630621
6644,-0.0609247,-0.988062,-0.0546168,-0.144047,-0.0808546,0.0843573,0.613352
6645,-0.0646134,-0.114285,0.944174,0.30899,-0.0798126,0.0682786,0.606774
6646,-0.128509,-0.157493,0.971743,0.175817,-0.0788879,0.0432113,0.59953
6647,-0.242179,-0.248096,0.968119,0.0345642,-0.0783992,0.017404,0.59559
6648,-0.450593,-0.8973,-0.434566,-0.0774879,-0.0783992,-0.017404,0.59559
6649,-0.678806,-0.787312,-0.615822,0.030052,-0.0788879,-0.0432113,0.59953
6650,0.773044,-0.684459,0.661305,-0.306906,-0.0798126,-0.0682786,0.606774
6651,0.728861,0.712311,0.658643,-0.242492,-0.0808546,-0.0843573,0.613352
6652,0.708304,-0.71175,0.54103,-0.447994,-0.0828986,-0.114501,0.630621
6653,0.673718,-0.727763,0.469248,-0.500167,-0.0850072,-0.134865,0.646817
6654,0.633188,0.680661,0.519953,-0.51609,-0.0869326,-0.147171,0.658971
6655,0.641624,-0.737097,0.332684,-0.588225,-0.0901759,-0.168359,0.686373
6656,0.63406,-0.737614,0.262209,-0.622231,-0.0931466,-0.180919,0.709056
6657,0.593901,0.675807,0.259662,-0.689827,-0.0956619,-0.187579,0.724937
6658,0.58689,0.674822,0.158281,-0.720807,-0.0989399,-0.194885,0.749773
6659,0.584425,0.675146,0.0531651,-0.735766,-0.102311,-0.198859,0.775341
6660,0.586718,0.676827,-0.0530755,-0.734226,-0.105716,-0.199429,0.801205
6661,0.637408,-0.729479,-0.116186,-0.674063,-0.109769,-0.194885,0.835449
6662,0.607822,0.685941,-0.257028,-0.680751,-0.112398,-0.190381,0.852053
6663,0.661401,-0.718927,-0.271838,-0.639725,-0.116175,-0.177061,0.883963
6664,0.641487,0.696208,-0.434276,-0.571575,-0.118533,-0.168359,0.898849
6665,0.695255,-0.705977,-0.422519,-0.568396,-0.121776,-0.147171,0.926251
6666,0.68132,0.704087,-0.571754,-0.42114,-0.123701,-0.134865,0.938406
6667,0.735757,-0.692391,-0.558161,-0.457221,-0.126189,-0.107251,0.959431
6668,0.732918,0.715069,-0.656209,-0.24097,-0.127551,-0.0921786,0.968026
6669,-0.771305,-0.655784,-0.687289,-0.312381,-0.128895,-0.0682786,0.978449
6670,-0.645866,-0.806833,0.590345,0.0226394,-0.129953,-0.0346586,0.987389
6671,-0.370921,-0.928317,0.361699,-0.0860362,-0.130354,-0.00870199,0.990201
6672,-0.359422,-0.356325,-0.93317,0.0471758,-0.0522612,0.00870199,0.997376
6673,-0.279846,-0.958243,0.270909,-0.0915412,-0.0520826,0.0432113,0.99284
6674,-0.234141,-0.969038,0.21971,-0.112667,-0.0517293,0.0682786,0.985546
6675,-0.181616,-0.97966,0.162016,-0.118391,-0.0512066,0.0921786,0.975049
6676,-0.144028,-0.186444,-0.820283,0.540716,-0.0505239,0.107251,0.966374
6677,-0.139877,-0.985863,0.10486,-0.130688,-0.0496933,0.134865,0.945219
6678,-0.109014,-0.990086,0.0717606,-0.120748,-0.0487279,0.152921,0.926393
6679,-0.0901646,-0.992232,0.0500525,-0.113887,-0.0476439,0.168359,0.905378
6680,-0.0674371,-0.994586,0.029824,-0.09955,-0.0464613,0.180919,0.882531
6681,-0.0559438,-0.995587,0.0179835,-0.0921061,-0.0451999,0.190381,0.858245
6682,-0.0445546,-0.996521,0.0086959,-0.082891,-0.0438813,0.196587,0.832933
6683,0.0003172,-0.0779696,-0.0654429,0.994805,-0.0425279,0.198859,0.815732
6684,-0.0295101,-0.997638,-0.00193226,-0.0686675,-0.0411626,0.198859,0.780978
6685,-0.0296939,-0.997646,-0.00579697,-0.0683286,-0.0398086,0.194885,0.755224
6686,-0.0338374,-0.997397,-0.0108801,-0.0712782,-0.0384893,0.187579,0.730208
6687,-0.00101116,-0.0713426,0.442325,0.894013,-0.0372279,0.180919,0.714179
6688,-0.0461643,-0.996657,-0.0256509,-0.0775734,-0.0360453,0.163515,0.684081
6689,-0.058593,-0.995787,-0.0386266,-0.0831682,-0.0349619,0.147171,0.66376
6690,-0.0454519,-0.0970568,0.750195,0.654055,-0.0339966,0.134865,0.651492
6691,-0.107717,-0.99109,-0.0894102,-0.0987206,-0.0331653,0.107251,0.630336
6692,-0.12711,-0.988969,-0.113715,-0.0949164,-0.0324826,0.0843573,0.617804
6693,-0.142344,-0.166694,0.935645,0.311097,-0.0319599,0.0682786,0.611165
6694,-0.222489,-0.235382,0.954957,0.180699,-0.0316066,0.0432113,0.603872
6695,-0.351992,-0.937079,-0.344031,-0.059377,-0.0314286,0.00870199,0.599335
6696,-0.401981,-0.386223,0.919315,-0.0754396,-0.0314286,-0.00870199,0.599335
6697,-0.576247,-0.84204,-0.534426,0.0731962,-0.0316066,-0.0432113,0.603872
6698,-0.696632,-0.774506,-0.607628,0.175864,-0.0319599,-0.0682786,0.611165
6699,-0.759655,-0.662664,0.66105,-0.35198,-0.0324826,-0.0843573,0.617804
6700,0.771687,0.727543,0.583307,-0.361158,-0.0331653,-0.107251,0.630336
6701,0.74017,-0.720337,0.507233,-0.473107,-0.0339966,-0.134865,0.651492
6702,0.694454,0.683932,0.494187,-0.536672,-0.0349619,-0.147171,0.66376
6703,0.676139,0.675224,0.421956,-0.605,-0.0360453,-0.163515,0.684081
6704,0.696277,-0.744045,0.283878,-0.604822,-0.0372279,-0.180919,0.714179
6705,0.656153,0.667214,0.247353,-0.702597,-0.0384893,-0.187579,0.730208
6706,0.649999,0.664661,0.150767,-0.731775,-0.0398086,-0.194885,0.755224
6707,0.648768,0.664725,0.0505927,-0.745373,-0.0411626,-0.198859,0.780978
6708,0.696677,-0.741235,-0.0420246,-0.669928,-0.0425279,-0.198859,0.815732
6709,0.663738,0.674802,-0.149051,-0.722791,-0.0438813,-0.196587,0.832933
6710,0.675901,0.681794,-0.243257,-0.689915,-0.0451999,-0.190381,0.858245
6711,0.689054,0.68842,-0.331499,-0.645125,-0.0464613,-0.180919,0.882531
6712,0.713908,0.702586,-0.408008,-0.583011,-0.0476439,-0.168359,0.905378
6713,0.736009,0.713681,-0.475553,-0.514304,-0.0487279,-0.152921,0.926393
6714,0.771426,0.732971,-0.525475,-0.432005,-0.0496933,-0.134865,0.945219
6715,-0.745707,-0.748832,0.564296,0.347592,-0.0505239,-0.107251,0.966374
6716,-0.744855,-0.65152,-0.669924,-0.355982,-0.0512066,-0.0921786,0.975049
6717,-0.677214,-0.60633,-0.745447,-0.276899,-0.0517293,-0.0682786,0.985546
6718,-0.609182,-0.559166,-0.808647,-0.182823,-0.0520826,-0.0432113,0.99284
6719,-0.440926,-0.904755,0.425865,-0.00762286,-0.0522612,-0.00870199,0.997376
6720,-0.414736,-0.40264,-0.912228,0.075639,0.0261534,0.00870199,0.998401
6721,-0.386231,-0.37642,-0.90572,0.194882,0.026108,0.0346586,0.995561
6722,-0.328012,-0.950018,0.305085,-0.0662453,0.0257547,0.0682786,0.986567
6723,-0.271553,-0.967268,0.240599,-0.0806551,0.025452,0.0921786,0.976061
6724,-0.232513,-0.2303,-0.804954,0.546819,0.025452,0.107251,0.967359
6725,-0.227796,-0.979258,0.169846,-0.110477,0.0246214,0.134865,0.946204
6726,-0.191897,-0.986516,0.125798,-0.104695,0.0241067,0.152921,0.927361
6727,-0.142521,-0.142006,-0.547354,0.824766,0.0241067,0.163515,0.913553
6728,-0.145201,-0.993808,0.0640388,-0.0908024,0.022924,0.180919,0.883456
6729,-0.128401,-0.995764,0.041184,-0.0822097,0.022276,0.190381,0.859145
6730,-0.0804592,-0.0803701,-0.193866,0.97773,0.022276,0.194885,0.842335
6731,-0.0628269,-0.0627854,-0.065148,0.995898,0.0216054,0.198859,0.816554
6732,-0.0957173,-0.998399,-0.00625882,-0.0562074,0.02024,0.198859,0.7818
6733,-0.0566758,-0.0566438,0.194362,0.979293,0.02024,0.196587,0.764545
6734,-0.0546216,-0.0545901,0.320275,0.945751,0.0195687,0.190381,0.739209
6735,-0.059238,-0.0591944,0.440615,0.895742,0.0189207,0.180919,0.714898
6736,-0.0671143,-0.067048,0.553097,0.830415,0.0183074,0.168359,0.692029
6737,-0.0819179,-0.0817989,0.655495,0.750757,0.017738,0.152921,0.670993
6738,-0.106287,-0.106041,0.745572,0.657934,0.017224,0.134865,0.652151
6739,-0.127334,-0.126923,0.822437,0.554516,0.0167727,0.114501,0.635825
6740,-0.159806,-0.159028,0.882952,0.441709,0.0163927,0.0921786,0.622294
6741,-0.249705,-0.971355,-0.234025,-0.0412387,0.01587,0.0600213,0.608994
6742,-0.277996,-0.274225,0.941065,0.197983,0.01587,0.0432113,0.60449
6743,-0.374612,-0.930871,-0.365129,0.0126368,0.015692,0.00870199,0.599954
6744,-0.432406,-0.418735,0.907089,-0.0430303,0.015692,-0.00870199,0.599954
6745,-0.54357,-0.851245,-0.507271,0.134379,0.01587,-0.0432113,0.60449
6746,-0.608519,-0.571257,0.783797,-0.243571,0.01587,-0.0600213,0.608994
6747,-0.699409,-0.643366,0.696323,-0.318142,0.01609,-0.0843573,0.618449
6748,-0.743873,-0.720514,-0.563161,0.40461,0.0167727,-0.114501,0.635825
6749,-0.767995,-0.700779,-0.522502,0.485696,0.017224,-0.134865,0.652151
6750,0.775946,-0.733888,0.46197,-0.497989,0.017738,-0.152921,0.670993
6751,0.761554,-0.745728,0.38357,-0.544761,0.0183074,-0.168359,0.692029
6752,0.755056,-0.751818,0.303319,-0.585464,0.0189207,-0.180919,0.714898
6753,0.751201,-0.755672,0.219517,-0.617068,0.0195687,-0.190381,0.739209
6754,0.753963,-0.75478,0.133653,-0.642218,0.02024,-0.196587,0.764545
6755,0.715069,0.655667,0.0477267,-0.75354,0.02024,-0.198859,0.7818
6756,0.759928,-0.751327,-0.0451131,-0.658386,0.0216054,-0.198859,0.816554
6757,0.776273,-0.73996,-0.136794,-0.658594,0.022276,-0.194885,0.842335
6758,0.748207,0.680272,-0.227426,-0.696784,0.022276,-0.190381,0.859145
6759,0.766705,0.693661,-0.307744,-0.651251,0.022924,-0.180919,0.883456
6760,-0.738625,-0.716848,0.374246,0.588277,0.0241067,-0.163515,0.913553
6761,-0.750888,-0.682059,-0.49529,-0.538036,0.0241067,-0.152921,0.927361
6762,-0.709056,-0.650834,-0.583307,-0.485972,0.0246214,-0.134865,0.946204
6763,-0.65389,-0.779853,0.50591,0.368626,0.025452,-0.107251,0.967359
6764,-0.652138,-0.606511,-0.722267,-0.332379,0.025452,-0.0921786,0.976061
6765,-0.587481,-0.553883,-0.794783,-0.248061,0.0257547,-0.0682786,0.986567
6766,-0.502881,-0.871837,0.472711,0.128236,0.026108,-0.0346586,0.995561
6767,-0.456738,-0.895672,0.440079,0.0640429,0.0261534,-0.00870199,0.998401
6768,-0.460833,-0.89289,0.443743,0.0764151,0.104317,0.017404,0.992709
6769,-0.451968,-0.420019,-0.879015,0.225647,0.104139,0.0346586,0.990444
6770,-0.431842,-0.917705,0.396359,-0.0267842,0.10308,0.0682786,0.981505
6771,-0.366915,-0.945605,0.321788,-0.0477837,0.101955,0.0921786,0.971055
6772,-0.324551,-0.27575,-0.782303,0.558537,0.101272,0.107251,0.962381
6773,-0.309099,-0.969568,0.228793,-0.0871272,0.098784,0.134865,0.941355
6774,-0.258707,-0.19756,-0.632371,0.749051,0.0978186,0.147171,0.929087
6775,-0.23861,-0.988025,0.131383,-0.0809034,0.0945753,0.168359,0.901685
6776,-0.189954,-0.11895,-0.431413,0.894278,0.0933926,0.177061,0.886659
6777,-0.164808,-0.0901878,-0.315086,0.944768,0.0909066,0.187579,0.862905
6778,-0.176117,-0.997904,0.0342075,-0.0549281,0.0869586,0.196587,0.829543
6779,-0.129448,-0.0510555,-0.0645633,0.996607,0.0856053,0.198859,0.812341
6780,-0.158647,-0.999125,-0.0103458,-0.0405243,0.0815173,0.198859,0.777803
6781,-0.117794,-0.0406876,0.192874,0.98038,0.0801633,0.196587,0.760601
6782,-0.152598,-0.998445,-0.0488853,-0.0267757,0.076214,0.187579,0.727239
6783,-0.160094,-0.997171,-0.070558,-0.0259245,0.0737293,0.177061,0.703485
6784,-0.131046,-0.0653865,0.548413,0.833647,0.0725467,0.168359,0.688459
6785,-0.179706,-0.992867,-0.1179,-0.0177646,0.0693033,0.147171,0.661057
6786,-0.196833,-0.989042,-0.147086,-0.0127397,0.0674387,0.128309,0.643111
6787,-0.187813,-0.142829,0.813451,0.563824,0.0666073,0.114501,0.632549
6788,-0.22529,-0.188179,0.870754,0.454287,0.0651667,0.0921786,0.619089
6789,-0.288012,-0.96289,-0.268991,0.022069,0.0636027,0.0600213,0.605872
6790,-0.315853,-0.293987,0.929929,0.220914,0.0632493,0.0432113,0.601381
6791,-0.398392,-0.918276,-0.387107,0.0831676,0.0627153,0.00870199,0.596872
6792,-0.446224,-0.433198,0.901262,-0.00816485,0.0627153,-0.00870199,0.596872
6793,-0.534377,-0.842953,-0.499534,0.199741,0.0632493,-0.0432113,0.601381
6794,-0.595364,-0.578035,0.790694,-0.201691,0.0636027,-0.0600213,0.605872
6795,-0.657351,-0.75439,-0.548105,0.361216,0.0651667,-0.0921786,0.619089
6796,-0.68663,-0.726658,-0.527216,0.440466,0.0666073,-0.114501,0.632549
6797,-0.728289,-0.700719,0.574062,-0.423612,0.0674387,-0.128309,0.643111
6798,-0.754934,-0.724914,0.493562,-0.480517,0.0693033,-0.147171,0.661057
6799,-0.74538,-0.663469,-0.376998,0.646282,0.0725467,-0.168359,0.688459
6800,-0.78496,-0.753843,0.323943,-0.571649,0.0737293,-0.177061,0.703485
6801,0.775232,0.644373,0.221184,-0.732026,0.076214,-0.187579,0.727239
6802,-0.755522,-0.643855,-0.133878,0.753344,0.0801633,-0.196587,0.760601
6803,0.778327,0.644172,0.0447969,-0.763568,0.0815173,-0.198859,0.777803
6804,-0.74413,-0.651139,0.0443601,0.757661,0.0856053,-0.198859,0.812341
6805,-0.775912,-0.753003,-0.144526,-0.641949,0.0869586,-0.196587,0.829543
6806,-0.712329,-0.67885,0.210213,0.703543,0.0909066,-0.187579,0.862905
6807,-0.688822,-0.699651,0.281318,0.656772,0.0933926,-0.177061,0.886659
6808,-0.707944,-0.69704,-0.433883,-0.57086,0.0945753,-0.168359,0.901685
6809,-0.624192,-0.754181,0.385482,0.531614,0.0978186,-0.147171,0.929087
6810,-0.624091,-0.623225,-0.621528,-0.474651,0.098784,-0.134865,0.941355
6811,-0.557641,-0.808099,0.44012,0.391497,0.101272,-0.107251,0.962381
6812,-0.55503,-0.55321,-0.770433,-0.316846,0.101955,-0.0921786,0.971055
6813,-0.491074,-0.49074,-0.840651,-0.229086,0.10308,-0.0682786,0.981505
6814,-0.469102,-0.875432,0.443412,0.192368,0.104139,-0.0346586,0.990444
6815,-0.479246,-0.462533,-0.886594,-0.00373695,0.104317,-0.017404,0.992709
6816,-0.56145,-0.837006,0.531277,0.131021,0.181883,0.017404,0.981463
6817,-0.552378,-0.488735,-0.831018,0.265606,0.181527,0.0346586,0.97922
6818,-0.546329,-0.466958,-0.802885,0.370574,0.180425,0.0600213,0.973117
6819,-0.470902,-0.913156,0.406971,-0.0228089,0.177829,0.0921786,0.960063
6820,-0.422358,-0.323624,-0.750958,0.575612,0.176468,0.107251,0.951469
6821,-0.39511,-0.954708,0.289501,-0.0687136,0.172337,0.134865,0.930703
6822,-0.333535,-0.211199,-0.616591,0.758426,0.170412,0.147171,0.918548
6823,-0.317623,-0.982377,0.173602,-0.0692689,0.165029,0.168359,0.891485
6824,-0.282092,-0.990717,0.123197,-0.0574638,0.160845,0.180919,0.868993
6825,-0.259477,-0.995348,0.0825198,-0.0497368,0.156402,0.190381,0.845083
6826,-0.245923,-0.997857,0.0475332,-0.0449643,0.151776,0.196587,0.820163
6827,-0.195301,-0.0385268,-0.0636979,0.997225,0.149077,0.198859,0.803121
6828,-0.220907,-0.999607,-0.0143509,-0.0240736,0.142291,0.198859,0.769009
6829,-0.178484,-0.024318,0.190653,0.981356,0.139592,0.196587,0.751967
6830,-0.210686,-0.99773,-0.0672598,-0.00344889,0.133038,0.187579,0.719017
6831,-0.217318,-0.995436,-0.0954313,0.000856937,0.128697,0.177061,0.695532
6832,-0.188349,-0.0567904,0.542346,0.838234,0.126339,0.168359,0.680646
6833,-0.231639,-0.988254,-0.151422,0.0206321,0.120956,0.147171,0.653583
6834,-0.216119,-0.110233,0.730208,0.674274,0.119031,0.134865,0.641428
6835,-0.24528,-0.154358,0.802168,0.576802,0.116031,0.114501,0.625373
6836,-0.302852,-0.961867,-0.26753,0.0569141,0.112639,0.0843573,0.608318
6837,-0.302658,-0.2446,0.900308,0.360022,0.111597,0.0682786,0.60174
6838,-0.355038,-0.312363,0.917031,0.247959,0.110238,0.0432113,0.594565
6839,-0.416133,-0.902248,-0.40336,0.152476,0.109352,0.00870199,0.590112
6840,-0.455928,-0.441048,0.897055,0.0277451,0.109352,-0.00870199,0.590112
6841,-0.517523,-0.833531,-0.485239,0.264139,0.110238,-0.0432113,0.594565
6842,-0.574676,-0.789179,-0.514755,0.334997,0.111597,-0.0682786,0.60174
6843,-0.609469,-0.618935,0.744315,-0.250827,0.112639,-0.0843573,0.608318
6844,-0.635965,-0.724699,-0.493964,0.480428,0.116031,-0.114501,0.625373
6845,-0.663678,-0.6934,-0.463324,0.551841,0.119031,-0.134865,0.641428
6846,-0.70577,-0.728234,0.514408,-0.452836,0.120956,-0.147171,0.653583
6847,-0.689321,-0.653718,-0.353539,0.669077,0.126339,-0.168359,0.680646
6848,-0.728796,-0.761523,0.340348,-0.551585,0.128697,-0.177061,0.695532
6849,-0.738117,-0.773728,0.245785,-0.583896,0.133038,-0.187579,0.719017
6850,-0.694548,-0.631102,-0.124956,0.765569,0.139592,-0.196587,0.751967
6851,-0.729714,-0.774792,0.0504906,-0.630196,0.142291,-0.198859,0.769009
6852,-0.677799,-0.641918,0.0410674,0.765673,0.149077,-0.198859,0.803121
6853,-0.707227,-0.758195,-0.153193,-0.633777,0.151776,-0.196587,0.820163
6854,-0.693333,-0.74468,-0.254841,-0.616853,0.156402,-0.190381,0.845083
6855,-0.666642,-0.720199,-0.357221,-0.594732,0.160845,-0.180919,0.868993
6856,-0.627654,-0.684025,-0.460354,-0.565848,0.165029,-0.168359,0.891485
6857,-0.588675,-0.644605,-0.559118,-0.521413,0.168882,-0.152921,0.912173
6858,-0.523941,-0.581479,-0.660761,-0.474634,0.172337,-0.134865,0.930703
6859,-0.451638,-0.835163,0.362967,0.413229,0.176468,-0.107251,0.951469
6860,-0.443785,-0.484107,-0.816727,-0.314003,0.177829,-0.0921786,0.960063
6861,-0.348421,-0.900456,0.323319,0.290936,0.180425,-0.0600213,0.973117
6862,-0.396515,-0.890002,0.378798,0.253789,0.181527,-0.0346586,0.97922
6863,-0.476544,-0.458945,-0.887888,0.0320121,0.181883,-0.017404,0.981463
6864,0.751103,0.668026,-0.731107,-0.138647,0.258503,0.00870199,0.96471
6865,-0.681669,-0.780707,0.618003,0.0925639,0.257271,0.0432113,0.960341
6866,-0.627753,-0.505182,-0.75934,0.410115,0.256219,0.0600213,0.955961
6867,-0.57182,-0.874269,0.485438,-0.00192233,0.252606,0.0921786,0.943151
6868,-0.515525,-0.363186,-0.714422,0.598078,0.250575,0.107251,0.934689
6869,-0.483516,-0.313124,-0.656643,0.68613,0.246605,0.128309,0.91978
6870,-0.433053,-0.959225,0.2768,-0.0571781,0.239929,0.152921,0.89611
6871,-0.397607,-0.974746,0.215226,-0.0595703,0.234465,0.168359,0.875789
6872,-0.362874,-0.98618,0.157114,-0.0525781,0.228529,0.180919,0.853695
6873,-0.33585,-0.993389,0.105997,-0.0440724,0.222225,0.190381,0.830207
6874,-0.283202,-0.051765,-0.185223,0.981332,0.2183,0.194885,0.813861
6875,-0.256732,-0.0215901,-0.0626435,0.997802,0.211629,0.198859,0.788949
6876,-0.283325,-0.999801,-0.0183078,-0.00786958,0.202189,0.198859,0.755475
6877,-0.240712,-0.00935796,0.187678,0.982186,0.198161,0.196587,0.738697
6878,-0.234735,-0.0109612,0.309808,0.950736,0.191593,0.190381,0.714217
6879,-0.236162,-0.0234685,0.426415,0.904223,0.185288,0.180919,0.690729
6880,-0.243308,-0.0451364,0.53481,0.843766,0.179353,0.168359,0.668635
6881,-0.253254,-0.0726203,0.633401,0.770409,0.173889,0.152921,0.648313
6882,-0.307857,-0.971409,-0.227907,0.0665031,0.167213,0.128309,0.624643
6883,-0.296845,-0.158358,0.789775,0.592602,0.16474,0.114501,0.614342
6884,-0.342749,-0.946787,-0.301473,0.112732,0.160019,0.0843573,0.597604
6885,-0.348729,-0.258666,0.885835,0.385213,0.158465,0.0682786,0.591128
6886,-0.405693,-0.90521,-0.387086,0.175385,0.156021,0.0346586,0.582464
6887,-0.415637,-0.374711,0.911844,0.16773,0.155491,0.017404,0.580256
6888,-0.473154,-0.848627,-0.454722,0.270296,0.155491,-0.017404,0.580256
6889,-0.494957,-0.497433,0.866641,-0.038654,0.156021,-0.0346586,0.582464
6890,-0.537529,-0.782061,-0.484871,0.39151,0.158465,-0.0682786,0.591128
6891,-0.576987,-0.612573,0.76022,-0.21638,0.160019,-0.0843573,0.597604
6892,-0.588115,-0.717112,-0.461389,0.52237,0.16474,-0.114501,0.614342
6893,-0.625965,-0.69112,0.620738,-0.370187,0.167213,-0.128309,0.624643
6894,-0.628863,-0.658321,-0.387992,0.64504,0.173889,-0.152921,0.648313
6895,-0.636069,-0.640185,-0.330192,0.69364,0.179353,-0.168359,0.668635
6896,-0.640918,-0.625903,-0.264652,0.733625,0.185288,-0.180919,0.690729
6897,-0.640157,-0.618389,-0.192114,0.762029,0.191593,-0.190381,0.714217
6898,-0.632346,-0.619023,-0.115394,0.776849,0.198161,-0.196587,0.738697
6899,-0.66685,-0.784436,0.0530078,-0.61794,0.202189,-0.198859,0.755475
6900,-0.612489,-0.631771,0.0376508,0.77424,0.211629,-0.198859,0.788949
6901,-0.63819,-0.762953,-0.161175,-0.62604,0.215657,-0.196587,0.805727
6902,-0.615362,-0.741247,-0.269337,-0.614826,0.222225,-0.190381,0.830207
6903,-0.581753,-0.708135,-0.378154,-0.596276,0.228529,-0.180919,0.853695
6904,-0.539839,-0.664778,-0.485835,-0.567481,0.234465,-0.168359,0.875789
6905,-0.485581,-0.606993,-0.592212,-0.529948,0.239929,-0.152921,0.89611
6906,-0.3745,-0.830312,0.275129,0.48465,0.246605,-0.128309,0.91978
6907,-0.345916,-0.854327,0.281978,0.436593,0.250575,-0.107251,0.934689
6908,-0.325541,-0.406288,-0.854757,-0.322987,0.252606,-0.0921786,0.943151
6909,-0.231709,-0.916711,0.217469,0.335183,0.256219,-0.0600213,0.955961
6910,-0.191762,-0.228235,-0.964238,-0.13474,0.257271,-0.0432113,0.960341
6911,0.688825,-0.754286,-0.634271,0.169566,0.258503,-0.00870199,0.96471
6912,0.553313,0.510293,-0.850282,-0.128924,0.333396,0.00870199,0.941455
6913,0.718091,-0.662124,-0.645326,0.380981,0.331825,0.0432113,0.937196
6914,-0.718186,-0.779625,0.62314,0.062304,0.32936,0.0682786,0.930322
6915,-0.659546,-0.468408,-0.69921,0.540092,0.327302,0.0843573,0.923987
6916,-0.598011,-0.388593,-0.676966,0.62507,0.323137,0.107251,0.912148
6917,-0.549427,-0.319101,-0.631011,0.707106,0.31801,0.128309,0.897596
6918,-0.501643,-0.250928,-0.568732,0.783313,0.312006,0.147171,0.88058
6919,-0.449376,-0.179965,-0.492551,0.851473,0.305231,0.163515,0.861392
6920,-0.410348,-0.124221,-0.399373,0.908334,0.297798,0.177061,0.840359
6921,-0.37375,-0.0743743,-0.294846,0.952646,0.289836,0.187579,0.817841
6922,-0.338221,-0.0294741,-0.181541,0.982942,0.281482,0.194885,0.794225
6923,-0.316981,-0.00347391,-0.0613794,0.998108,0.272876,0.198859,0.769912
6924,-0.307396,0.00613208,0.0616007,0.998082,0.26417,0.199429,0.745321
6925,-0.299666,0.00901129,0.184188,0.98285,0.255507,0.196587,0.720873
6926,-0.295587,0.00328572,0.303955,0.952681,0.247039,0.190381,0.696983
6927,-0.29565,-0.0112607,0.418607,0.908098,0.238911,0.180919,0.674061
6928,-0.337959,-0.980519,-0.184298,0.0679403,0.228485,0.163515,0.645803
6929,-0.313898,-0.0709432,0.621099,0.780515,0.224219,0.152921,0.632672
6930,-0.356436,-0.958821,-0.262433,0.108585,0.215707,0.128309,0.609599
6931,-0.344046,-0.156143,0.776649,0.610276,0.212433,0.114501,0.599523
6932,-0.361555,-0.20491,0.833361,0.513343,0.207889,0.0921786,0.586771
6933,-0.39164,-0.266826,0.870687,0.413168,0.204355,0.0682786,0.576873
6934,-0.427009,-0.881902,-0.4062,0.23927,0.20124,0.0346586,0.568428
6935,-0.438251,-0.379807,0.902497,0.203089,0.200538,0.017404,0.566267
6936,-0.466842,-0.827623,-0.449108,0.336663,0.200538,-0.017404,0.566267
6937,-0.490005,-0.494927,0.868933,-0.00155494,0.20124,-0.0346586,0.568428
6938,-0.507522,-0.765909,-0.460266,0.44893,0.204355,-0.0682786,0.576873
6939,-0.532455,-0.730645,-0.455357,0.508732,0.207889,-0.0921786,0.586771
6940,-0.54583,-0.702114,-0.431746,0.566243,0.212433,-0.114501,0.599523
6941,-0.582037,-0.689009,0.638752,-0.342437,0.215707,-0.128309,0.609599
6942,-0.570226,-0.649326,-0.356074,0.672002,0.224219,-0.152921,0.632672
6943,-0.608232,-0.752044,0.466284,-0.465842,0.228485,-0.163515,0.645803
6944,-0.582564,-0.612686,-0.243513,0.751876,0.238911,-0.180919,0.674061
6945,-0.580104,-0.605062,-0.176272,0.77642,0.247039,-0.190381,0.696983
6946,-0.573968,-0.603528,-0.106012,0.790263,0.255507,-0.196587,0.720873
6947,-0.564227,-0.608103,-0.0350242,0.793085,0.26417,-0.199429,0.745321
6948,-0.55292,-0.617025,0.0343938,0.786191,0.272876,-0.198859,0.769912
6949,-0.528018,-0.639393,0.0983616,0.762562,0.281482,-0.194885,0.794225
6950,-0.495484,-0.669542,0.15292,0.726862,0.289836,-0.187579,0.817841
6951,-0.45792,-0.704316,0.195656,0.682391,0.297798,-0.177061,0.840359
6952,-0.414843,-0.742655,0.224046,0.631084,0.305231,-0.163515,0.861392
6953,-0.356006,-0.788699,0.229897,0.570177,0.312006,-0.147171,0.88058
6954,-0.303714,-0.827031,0.224925,0.515197,0.31801,-0.128309,0.897596
6955,-0.251059,-0.861044,0.206616,0.464665,0.323137,-0.107251,0.912148
6956,-0.18117,-0.895267,0.16162,0.415182,0.327302,-0.0843573,0.923987
6957,-0.13736,-0.227096,-0.93963,-0.255976,0.32936,-0.0682786,0.930322
6958,0.0638464,-0.00022976,-0.978307,-0.207161,0.331825,-0.0432113,0.937196
6959,0.370477,-0.882728,-0.361287,0.300437,0.333396,-0.00870199,0.941455
6960,0.519198,-0.774883,-0.495121,0.392952,0.405975,0.017404,0.911886
6961,0.580528,0.560809,-0.824245,-0.0781863,0.405106,0.0346586,0.909787
6962,0.728951,-0.587779,-0.630781,0.506589,0.401338,0.0682786,0.901613
6963,-0.722151,-0.803775,0.592926,0.0488295,0.397038,0.0921786,0.892023
6964,-0.664986,-0.396058,-0.643109,0.6554,0.393708,0.107251,0.883983
6965,-0.613667,-0.320597,-0.603478,0.73009,0.387454,0.128309,0.869879
6966,-0.563948,-0.935717,0.352579,-0.0110316,0.377158,0.152921,0.847545
6967,-0.521381,-0.960821,0.276864,-0.0129674,0.368582,0.168359,0.828328
6968,-0.464678,-0.105797,-0.388429,0.915385,0.362814,0.177061,0.814403
6969,-0.453992,-0.990002,0.141054,-0.000854634,0.349361,0.190381,0.785223
6970,-0.428806,-0.996645,0.0811762,0.0104433,0.339045,0.196587,0.762071
6971,-0.415471,-0.999501,0.0264343,0.0173183,0.328492,0.199429,0.738376
6972,-0.369553,0.0224739,0.0600948,0.99794,0.321832,0.199429,0.722297
6973,-0.397184,-0.996279,-0.075524,0.0415302,0.307395,0.194885,0.690983
6974,-0.358374,0.0158576,0.296775,0.954816,0.300962,0.190381,0.675451
6975,-0.355097,0.00170504,0.409331,0.912384,0.29106,0.180919,0.653239
6976,-0.358579,-0.0245731,0.513864,0.85752,0.281742,0.168359,0.632346
6977,-0.369823,-0.0632282,0.6077,0.791646,0.273166,0.152921,0.61313
6978,-0.409325,-0.942929,-0.299331,0.145896,0.262871,0.128309,0.590796
6979,-0.394552,-0.154677,0.760607,0.630517,0.258816,0.114501,0.581008
6980,-0.412516,-0.21027,0.815361,0.539419,0.253287,0.0921786,0.568651
6981,-0.431616,-0.268861,0.855103,0.443296,0.248987,0.0682786,0.559061
6982,-0.452593,-0.852411,-0.428905,0.299058,0.245218,0.0346586,0.550886
6983,-0.459744,-0.825978,-0.442771,0.348876,0.244089,0.00870199,0.54828
6984,-0.465116,-0.429698,0.893014,0.133736,0.244089,-0.00870199,0.54828
6985,-0.482339,-0.487695,0.872358,0.0338536,0.245218,-0.0346586,0.550886
6986,-0.480466,-0.743175,-0.437703,0.50607,0.248987,-0.0682786,0.559061
6987,-0.503047,-0.587582,0.793267,-0.159611,0.251535,-0.0843573,0.565214
6988,-0.500787,-0.685,-0.399296,0.609374,0.258816,-0.114501,0.581008
6989,-0.53367,-0.6827,0.657199,-0.319389,0.262871,-0.128309,0.590796
6990,-0.517388,-0.633643,-0.326251,0.701468,0.273166,-0.152921,0.61313
6991,-0.524305,-0.611926,-0.278273,0.740345,0.281742,-0.168359,0.632346
6992,-0.524444,-0.598112,-0.221629,0.770157,0.29106,-0.180919,0.653239
6993,-0.518101,-0.592648,-0.159272,0.789558,0.300962,-0.190381,0.675451
6994,-0.554611,-0.805253,0.169816,-0.568093,0.307395,-0.194885,0.690983
6995,-0.502902,-0.594328,-0.0315636,0.803603,0.321832,-0.199429,0.722297
6996,-0.534516,-0.799169,-0.0576246,-0.598338,0.328492,-0.199429,0.738376
6997,-0.518168,-0.783365,-0.173204,-0.596942,0.339045,-0.196587,0.762071
6998,-0.489214,-0.753276,-0.289327,-0.590648,0.349361,-0.190381,0.785223
6999,-0.402709,-0.688357,0.173454,0.704328,0.362814,-0.177061,0.814403
7000,-0.411179,-0.658991,-0.516516,-0.546756,0.368582,-0.168359,0.828328
7001,-0.358886,-0.591457,-0.624161,-0.510492,0.377158,-0.152921,0.847545
7002,-0.240003,-0.816529,0.17878,0.548924,0.387454,-0.128309,0.869879
7003,-0.179761,-0.851945,0.148697,0.502075,0.393708,-0.107251,0.883983
7004,-0.151988,-0.305265,-0.888897,-0.341578,0.397038,-0.0921786,0.892023
7005,0.00499617,-0.118462,-0.946846,-0.29908,0.401338,-0.0682786,0.901613
7006,0.221073,-0.903938,-0.215072,0.369649,0.405106,-0.0346586,0.909787
7007,0.287694,0.233655,-0.956124,-0.176728,0.405975,-0.017404,0.911886
7008,0.458467,-0.768261,-0.441629,0.4634,0.476269,0.017404,0.877222
7009,0.537955,0.523496,-0.846092,-0.100403,0.475238,0.0346586,0.875198
7010,0.620531,0.627124,-0.777375,-0.0490245,0.472304,0.0600213,0.869735
7011,0.754073,-0.488104,-0.614099,0.620191,0.465801,0.0921786,0.858122
7012,-0.745782,-0.410643,-0.59845,0.687916,0.46185,0.107251,0.850369
7013,-0.689674,-0.877996,0.478541,0.0110487,0.451505,0.134865,0.831895
7014,-0.642645,-0.918536,0.395332,-0.00184794,0.442492,0.152921,0.815341
7015,-0.595595,-0.950136,0.311828,-0.00239244,0.432436,0.168359,0.796856
7016,-0.553665,-0.972534,0.232723,0.00424314,0.421507,0.180919,0.776758
7017,-0.497638,-0.0465889,-0.276717,0.959821,0.414207,0.187579,0.762432
7018,-0.464389,-0.000694682,-0.171054,0.985261,0.40226,0.194885,0.740413
7019,-0.477323,-0.998968,0.0300861,0.034013,0.385412,0.199429,0.710326
7020,-0.428628,0.0417612,0.0584544,0.997416,0.37751,0.199429,0.694819
7021,-0.456258,-0.994384,-0.0860289,0.0616386,0.360661,0.194885,0.664734
7022,-0.416528,0.0333895,0.289063,0.956727,0.35303,0.190381,0.649756
7023,-0.449495,-0.976211,-0.192315,0.100138,0.337329,0.177061,0.62172
7024,-0.453643,-0.962249,-0.243607,0.121381,0.326698,0.163515,0.602109
7025,-0.459119,-0.944896,-0.292302,0.147413,0.317004,0.147171,0.584217
7026,-0.463649,-0.924401,-0.336352,0.17986,0.308413,0.128309,0.56835
7027,-0.471291,-0.900564,-0.37761,0.215394,0.301072,0.107251,0.554778
7028,-0.458197,-0.20742,0.797476,0.566576,0.297122,0.0921786,0.547025
7029,-0.470458,-0.266272,0.83865,0.475147,0.292082,0.0682786,0.537802
7030,-0.47941,-0.818083,-0.452406,0.355061,0.287684,0.0346586,0.529949
7031,-0.469955,-0.792372,-0.451878,0.40982,0.286355,0.00870199,0.527438
7032,-0.47101,-0.422464,0.890342,0.169751,0.286355,-0.00870199,0.527438
7033,-0.471183,-0.475271,0.877339,0.0662889,0.287684,-0.0346586,0.529949
7034,-0.453992,-0.715284,-0.415316,0.562033,0.292082,-0.0682786,0.537802
7035,-0.454125,-0.689313,-0.393493,0.608285,0.297122,-0.0921786,0.547025
7036,-0.475905,-0.626528,0.747397,-0.221046,0.301072,-0.107251,0.554778
7037,-0.484135,-0.674743,0.67452,-0.299573,0.308413,-0.128309,0.56835
7038,-0.489932,-0.716681,0.590909,-0.370399,0.317004,-0.147171,0.584217
7039,-0.496504,-0.753636,0.49713,-0.429993,0.326698,-0.163515,0.602109
7040,-0.501921,-0.78387,0.395269,-0.478864,0.337329,-0.177061,0.62172
7041,-0.460822,-0.575733,-0.143015,0.805033,0.35303,-0.190381,0.649756
7042,-0.496158,-0.815407,0.175165,-0.55175,0.360661,-0.194885,0.664734
7043,-0.444465,-0.578103,-0.0281589,0.815478,0.37751,-0.199429,0.694819
7044,-0.472843,-0.809065,-0.0594264,-0.584707,0.385412,-0.199429,0.710326
7045,-0.404852,-0.613206,0.0768984,0.786171,0.40226,-0.194885,0.740413
7046,-0.369971,-0.646165,0.116294,0.754285,0.414207,-0.187579,0.762432
7047,-0.384233,-0.710106,-0.415917,-0.568122,0.421507,-0.180919,0.776758
7048,-0.334728,-0.647373,-0.530672,-0.547078,0.432436,-0.168359,0.796856
7049,-0.278436,-0.570838,-0.639317,-0.515188,0.442492,-0.152921,0.815341
7050,-0.222996,-0.486678,-0.737518,-0.468199,0.451505,-0.134865,0.831895
7051,-0.0976961,-0.841872,0.081122,0.533546,0.46185,-0.107251,0.850369
7052,-0.053212,-0.247138,-0.896425,-0.367894,0.465801,-0.0921786,0.858122
7053,0.136763,-0.885752,-0.129114,0.44584,0.472304,-0.0600213,0.869735
7054,0.234986,-0.870691,-0.228361,0.435601,0.475238,-0.0346586,0.875198
7055,0.314162,0.24143,-0.948224,-0.206354,0.476269,-0.017404,0.877222
7056,0.408018,0.361324,-0.916967,-0.169161,0.543962,0.00870199,0.837612
7057,0.512818,0.497152,-0.85831,-0.12706,0.54244,0.0346586,0.835214
7058,0.604469,0.611988,-0.785923,-0.0882923,0.539087,0.0600213,0.829997
7059,0.691676,-0.483753,-0.572138,0.6623,0.531692,0.0921786,0.818931
7060,0.762733,0.788837,-0.613646,-0.0342831,0.527146,0.107251,0.811511
7061,-0.75647,-0.326473,-0.533467,0.780275,0.518762,0.128309,0.798558
7062,-0.702707,-0.245276,-0.490552,0.836181,0.508952,0.147171,0.783414
7063,-0.667057,-0.938971,0.343882,0.00884574,0.493622,0.168359,0.760471
7064,-0.604843,-0.0970673,-0.354987,0.929818,0.485748,0.177061,0.74762
7065,-0.58036,-0.983777,0.176353,0.0329113,0.467896,0.190381,0.720903
7066,-0.555479,-0.993798,0.102961,0.0419991,0.454086,0.196587,0.69965
7067,-0.539179,-0.998144,0.0336252,0.0507702,0.439956,0.199429,0.677898
7068,-0.523474,-0.997254,-0.0327385,0.0664326,0.425748,0.198859,0.656019
7069,-0.515588,-0.992032,-0.0962592,0.0812759,0.411704,0.194885,0.634388
7070,-0.509796,-0.982455,-0.156951,0.100737,0.398066,0.187579,0.613374
7071,-0.509053,-0.968841,-0.215698,0.121744,0.385068,0.177061,0.593338
7072,-0.476363,-0.0019724,0.48537,0.874307,0.377194,0.168359,0.580486
7073,-0.511407,-0.929454,-0.322814,0.178624,0.361864,0.147171,0.557544
7074,-0.488157,-0.0900258,0.65494,0.750299,0.355434,0.134865,0.547052
7075,-0.520109,-0.874842,-0.413307,0.252643,0.343671,0.107251,0.529447
7076,-0.52343,-0.842904,-0.448373,0.297448,0.336858,0.0843573,0.518907
7077,-0.518459,-0.810641,-0.46928,0.350196,0.33173,0.0600213,0.51096
7078,-0.5058,-0.314095,0.854357,0.414027,0.329376,0.0432113,0.50712
7079,-0.486137,-0.75211,-0.466214,0.465805,0.326855,0.00870199,0.503346
7080,-0.475805,-0.411276,0.888203,0.20481,0.326855,-0.00870199,0.503346
7081,-0.440001,-0.706162,-0.417773,0.571665,0.329376,-0.0432113,0.50712
7082,-0.442077,-0.508471,0.861002,-0.0115098,0.33173,-0.0600213,0.51096
7083,-0.432528,-0.560082,0.8208,-0.112226,0.336858,-0.0843573,0.518907
7084,-0.431373,-0.614069,0.762878,-0.202327,0.343671,-0.107251,0.529447
7085,-0.407901,-0.618029,-0.29836,0.727339,0.355434,-0.134865,0.547052
7086,-0.438105,-0.713579,0.605295,-0.352737,0.361864,-0.147171,0.557544
7087,-0.408202,-0.579836,-0.220651,0.784285,0.377194,-0.168359,0.580486
7088,-0.442669,-0.786901,0.406354,-0.464396,0.385068,-0.177061,0.593338
7089,-0.44302,-0.811582,0.295496,-0.504001,0.398066,-0.187579,0.613374
7090,-0.43723,-0.824965,0.179916,-0.535782,0.411704,-0.194885,0.634388
7091,-0.428931,-0.828727,0.0605798,-0.556365,0.425748,-0.198859,0.656019
7092,-0.411237,-0.818716,-0.0610104,-0.570948,0.439956,-0.199429,0.677898
7093,-0.392362,-0.799217,-0.183147,-0.572459,0.454086,-0.196587,0.69965
7094,-0.363391,-0.764764,-0.304659,-0.567731,0.467896,-0.190381,0.720903
7095,-0.259979,-0.675471,0.113777,0.728556,0.485748,-0.177061,0.74762
7096,-0.262777,-0.63932,-0.541181,-0.546253,0.493622,-0.168359,0.760471
7097,-0.155384,-0.756816,0.10208,0.645607,0.508952,-0.147171,0.783414
7098,-0.144359,-0.461837,-0.746867,-0.478432,0.515382,-0.134865,0.793906
7099,-0.0366877,-0.819599,0.0305044,0.572126,0.527146,-0.107251,0.811511
7100,0.00395933,-0.227788,-0.896804,-0.379283,0.531692,-0.0921786,0.818931
7101,0.134985,-0.847923,-0.127443,0.514572,0.539087,-0.0600213,0.829997
7102,0.234656,-0.833874,-0.22805,0.502641,0.54244,-0.0346586,0.835214
7103,0.346386,-0.794422,-0.338775,0.504109,0.543962,-0.00870199,0.837612
7104,0.438679,-0.693779,-0.423837,0.582265,0.607633,0.017404,0.791919
7105,0.492798,0.472982,-0.867643,-0.153243,0.606298,0.0346586,0.790081
7106,0.586947,-0.543735,-0.524462,0.655204,0.600725,0.0682786,0.783011
7107,0.641679,-0.465343,-0.536913,0.703691,0.594306,0.0921786,0.77469
7108,0.712578,-0.369478,-0.54373,0.753554,0.586044,0.114501,0.763967
7109,0.775074,0.833613,-0.550701,-0.0426434,0.579816,0.128309,0.755395
7110,-0.745517,-0.21713,-0.471226,0.854869,0.568849,0.147171,0.741067
7111,-0.704406,-0.146743,-0.411583,0.899481,0.556476,0.163515,0.724911
7112,-0.651429,-0.0685462,-0.342296,0.937088,0.542908,0.177061,0.707205
7113,-0.648993,-0.979948,0.194376,0.0438217,0.523015,0.190381,0.68197
7114,-0.595927,0.0235576,-0.157249,0.987278,0.513134,0.194885,0.66837
7115,-0.569585,0.0576757,-0.0537241,0.996889,0.497437,0.198859,0.647907
7116,-0.55324,0.0739715,0.0543285,0.995779,0.481556,0.199429,0.62721
7117,-0.54285,0.0761731,0.163167,0.983653,0.465763,0.196587,0.606634
7118,-0.535241,0.0673896,0.270345,0.960402,0.450327,0.190381,0.586531
7119,-0.530714,0.0474692,0.373601,0.926374,0.435514,0.180919,0.567244
7120,-0.531264,0.0152187,0.469791,0.882646,0.421576,0.168359,0.549103
7121,-0.535211,-0.0271885,0.557202,0.829932,0.40875,0.152921,0.53242
7122,-0.543411,-0.0797049,0.633461,0.769659,0.397259,0.134865,0.517478
7123,-0.569071,-0.846799,-0.448141,0.286532,0.384151,0.107251,0.500851
7124,-0.549918,-0.191243,0.756526,0.625375,0.379036,0.0921786,0.493812
7125,-0.551713,-0.25195,0.800156,0.544308,0.372617,0.0682786,0.48549
7126,-0.543029,-0.308086,0.835799,0.454448,0.368148,0.0432113,0.479714
7127,-0.50737,-0.706024,-0.484843,0.516194,0.365338,0.00870199,0.476149
7128,-0.479598,-0.396454,0.886487,0.238673,0.365338,-0.00870199,0.476149
7129,-0.421672,-0.667123,-0.401431,0.627535,0.368148,-0.0432113,0.479714
7130,-0.386892,-0.652206,-0.35731,0.668548,0.372617,-0.0682786,0.48549
7131,-0.369627,-0.633444,-0.32407,0.702657,0.379036,-0.0921786,0.493812
7132,-0.384486,-0.600048,0.777549,-0.188042,0.384151,-0.107251,0.500851
7133,-0.354661,-0.594755,-0.261185,0.760296,0.397259,-0.134865,0.517478
7134,-0.355175,-0.574483,-0.22938,0.785719,0.40875,-0.152921,0.53242
7135,-0.354374,-0.557936,-0.192882,0.807158,0.421576,-0.168359,0.549103
7136,-0.350729,-0.546784,-0.152075,0.823347,0.435514,-0.180919,0.567244
7137,-0.343074,-0.542367,-0.108184,0.833147,0.450327,-0.190381,0.586531
7138,-0.332976,-0.543715,-0.0638163,0.83684,0.465763,-0.196587,0.606634
7139,-0.320477,-0.550711,-0.0206306,0.834441,0.481556,-0.199429,0.62721
7140,-0.302155,-0.565905,0.0194884,0.82424,0.497437,-0.198859,0.647907
7141,-0.273748,-0.591919,0.0527822,0.804267,0.513134,-0.194885,0.66837
7142,-0.294659,-0.766863,-0.311007,-0.561422,0.523015,-0.190381,0.68197
7143,-0.21568,-0.648309,0.0947249,0.755462,0.542908,-0.177061,0.707205
7144,-0.162308,-0.691827,0.0898238,0.716455,0.556476,-0.163515,0.724911
7145,-0.115877,-0.726257,0.0762645,0.68318,0.568849,-0.147171,0.741067
7146,-0.0464236,-0.765534,0.0349017,0.642449,0.579816,-0.128309,0.755395
7147,-0.0310401,-0.351034,-0.831627,-0.430316,0.586044,-0.114501,0.763967
7148,0.0493668,-0.220629,-0.895039,-0.387594,0.594306,-0.0921786,0.77469
7149,0.113353,-0.0986674,-0.939485,-0.328074,0.600725,-0.0682786,0.783011
7150,0.240036,-0.791492,-0.233175,0.564951,0.606298,-0.0346586,0.790081
7151,0.28757,0.18596,-0.956146,-0.226282,0.607633,-0.017404,0.791919
7152,0.404908,-0.657471,-0.393092,0.642814,0.667893,0.017404,0.741803
7153,0.458366,0.438969,-0.882886,-0.166788,0.666418,0.0346586,0.740075
7154,0.530231,-0.523222,-0.478929,0.704887,0.660308,0.0682786,0.733465
7155,0.595257,-0.439792,-0.502982,0.744038,0.653255,0.0921786,0.725673
7156,0.650418,0.736679,-0.672677,-0.0693462,0.647604,0.107251,0.719057
7157,0.720865,-0.256369,-0.496408,0.82937,0.633231,0.134865,0.703509
7158,0.777373,0.873436,-0.483592,-0.0569954,0.625239,0.147171,0.694151
7159,-0.763039,-0.920706,0.38416,0.0687118,0.606509,0.168359,0.673889
7160,-0.707529,-0.048274,-0.32602,0.94413,0.59672,0.177061,0.662428
7161,-0.705239,-0.975787,0.208479,0.0661615,0.574909,0.190381,0.638832
7162,-0.678281,-0.989501,0.122509,0.0766785,0.557944,0.196587,0.620002
7163,-0.658953,-0.995311,0.0400975,0.0880247,0.540584,0.199429,0.600728
7164,-0.648605,-0.994368,-0.0395618,0.0983189,0.523129,0.198859,0.581341
7165,-0.603313,0.0936725,0.156396,0.983242,0.511923,0.196587,0.568221
7166,-0.590511,0.088931,0.260307,0.961422,0.494958,0.190381,0.549391
7167,-0.622334,-0.951481,-0.258005,0.167683,0.473146,0.177061,0.525795
7168,-0.623414,-0.925622,-0.324511,0.194723,0.458231,0.163515,0.509207
7169,-0.594308,-0.0148509,0.53538,0.84448,0.449264,0.152921,0.498708
7170,-0.627264,-0.857089,-0.441444,0.265567,0.43257,0.128309,0.480649
7171,-0.62572,-0.815958,-0.487086,0.311384,0.422263,0.107251,0.469168
7172,-0.620012,-0.771984,-0.521199,0.363857,0.413884,0.0843573,0.459823
7173,-0.609617,-0.726897,-0.542209,0.421462,0.407577,0.0600213,0.452776
7174,-0.578405,-0.687229,-0.536198,0.490109,0.403449,0.0346586,0.448148
7175,-0.551552,-0.348652,0.848573,0.397951,0.401974,0.017404,0.44642
7176,-0.455097,-0.640094,-0.43861,0.630793,0.401974,-0.017404,0.44642
7177,-0.424132,-0.418064,0.89699,0.143638,0.403449,-0.0346586,0.448148
7178,-0.370023,-0.461189,0.887148,0.0165109,0.407577,-0.0600213,0.452776
7179,-0.34395,-0.519731,0.849607,-0.0897068,0.413884,-0.0843573,0.459823
7180,-0.328992,-0.581335,0.792724,-0.183409,0.422263,-0.107251,0.469168
7181,-0.324218,-0.643417,0.718904,-0.263044,0.43257,-0.128309,0.480649
7182,-0.296389,-0.553305,-0.192652,0.810394,0.449264,-0.152921,0.498708
7183,-0.32832,-0.753782,0.531721,-0.386116,0.458231,-0.163515,0.509207
7184,-0.330624,-0.796103,0.423427,-0.432354,0.473146,-0.177061,0.525795
7185,-0.288717,-0.520928,-0.0915723,0.848674,0.494958,-0.190381,0.549391
7186,-0.273415,-0.527285,-0.0527207,0.848052,0.511923,-0.196587,0.568221
7187,-0.305035,-0.846484,0.0631904,-0.528651,0.523129,-0.198859,0.581341
7188,-0.293162,-0.840098,-0.0633875,-0.538718,0.540584,-0.199429,0.600728
7189,-0.270592,-0.816797,-0.190012,-0.544737,0.557944,-0.196587,0.620002
7190,-0.239417,-0.77711,-0.315067,-0.544824,0.574909,-0.190381,0.638832
7191,-0.160748,-0.627432,0.0708407,0.775442,0.59672,-0.177061,0.662428
7192,-0.170578,-0.659908,-0.550568,-0.51127,0.606509,-0.168359,0.673889
7193,-0.119607,-0.574191,-0.656937,-0.488608,0.620603,-0.152921,0.689515
7194,-0.0583998,-0.470963,-0.751697,-0.461677,0.633231,-0.134865,0.703509
7195,0.0722729,-0.759619,-0.0600539,0.64759,0.647604,-0.107251,0.719057
7196,0.0911852,-0.218692,-0.891745,-0.396187,0.653255,-0.0921786,0.725673
7197,0.163471,-0.0860606,-0.932362,-0.351134,0.660308,-0.0682786,0.733465
7198,0.262017,-0.743539,-0.254059,0.61855,0.666418,-0.0346586,0.740075
7199,0.307326,0.18166,-0.950346,-0.25267,0.667893,-0.017404,0.741803
7200,0.388514,-0.610032,-0.378004,0.696401,0.724035,0.017404,0.687114
7201,0.433937,0.410989,-0.893063,-0.183101,0.722429,0.0346586,0.685507
7202,0.485518,0.519161,-0.843074,-0.140349,0.717951,0.0600213,0.681217
7203,0.558087,-0.403911,-0.475024,0.781798,0.708177,0.0921786,0.672182
7204,0.617321,0.718331,-0.688489,-0.0999165,0.702023,0.107251,0.666029
7205,0.6625,-0.237523,-0.462599,0.854158,0.686476,0.134865,0.651657
7206,0.728247,0.859221,-0.505037,-0.0817103,0.677774,0.147171,0.642955
7207,0.748151,-0.0822589,-0.378144,0.922085,0.657512,0.168359,0.624225
7208,-0.764676,-0.0280219,-0.308412,0.95084,0.646854,0.177061,0.613568
7209,-0.734474,0.0249661,-0.230514,0.972749,0.629538,0.187579,0.59712
7210,-0.70795,0.0677502,-0.14332,0.987355,0.611372,0.194885,0.579869
7211,-0.685376,0.0988121,-0.049042,0.993897,0.592668,0.198859,0.562114
7212,-0.669043,0.114926,0.0497392,0.992128,0.573744,0.199429,0.544156
7213,-0.654515,0.12044,0.150212,0.98129,0.554927,0.196587,0.526304
7214,-0.684429,-0.965516,-0.203338,0.162582,0.530258,0.187579,0.5035
7215,-0.647856,0.0823471,0.343311,0.935605,0.518888,0.180919,0.492131
7216,-0.64632,0.0487143,0.432563,0.900287,0.502284,0.168359,0.476394
7217,-0.649086,0.00361157,0.513474,0.858098,0.487007,0.152921,0.461922
7218,-0.654414,-0.0508229,0.584658,0.809686,0.47332,0.134865,0.448962
7219,-0.682988,-0.783875,-0.52488,0.331725,0.457772,0.107251,0.43459
7220,-0.671868,-0.733306,-0.558342,0.387965,0.448686,0.0843573,0.425932
7221,-0.653944,-0.23431,0.7443,0.625393,0.443976,0.0682786,0.421223
7222,-0.648376,-0.300658,0.777183,0.552804,0.43866,0.0432113,0.416218
7223,-0.563173,-0.599591,-0.532731,0.597234,0.435327,0.00870199,0.413135
7224,-0.507442,-0.370338,0.873364,0.316361,0.435327,-0.00870199,0.413135
7225,-0.331094,-0.595412,-0.318841,0.737445,0.43866,-0.0432113,0.416218
7226,-0.28597,-0.584698,-0.267139,0.766006,0.443976,-0.0682786,0.421223
7227,-0.288022,-0.494251,0.864354,-0.092784,0.448686,-0.0843573,0.425932
7228,-0.267873,-0.56084,0.80661,-0.18665,0.457772,-0.107251,0.43459
7229,-0.239927,-0.54437,-0.178726,0.819585,0.47332,-0.134865,0.448962
7230,-0.240619,-0.527724,-0.157181,0.834747,0.487007,-0.152921,0.461922
7231,-0.239038,-0.514968,-0.13161,0.847046,0.502284,-0.168359,0.476394
7232,-0.234407,-0.507294,-0.102801,0.85562,0.518888,-0.180919,0.492131
7233,-0.270044,-0.833154,0.312944,-0.455983,0.530258,-0.187579,0.5035
7234,-0.223479,-0.502308,-0.0432709,0.863605,0.554927,-0.196587,0.526304
7235,-0.206831,-0.513854,-0.0134492,0.857772,0.573744,-0.199429,0.544156
7236,-0.188279,-0.529672,0.0122578,0.848114,0.592668,-0.198859,0.562114
7237,-0.162763,-0.55312,0.031637,0.832501,0.611372,-0.194885,0.579869
7238,-0.136683,-0.577741,0.0438231,0.815043,0.629538,-0.187579,0.59712
7239,-0.105454,-0.605715,0.0465876,0.794317,0.646854,-0.177061,0.613568
7240,-0.110616,-0.661406,-0.554175,-0.505403,0.657512,-0.168359,0.624225
7241,-0.00814084,-0.674287,0.00536971,0.73845,0.677774,-0.147171,0.642955
7242,0.00163481,-0.465104,-0.751798,-0.467415,0.686476,-0.134865,0.651657
7243,0.0981197,-0.715471,-0.0814726,0.693876,0.702023,-0.107251,0.666029
7244,0.120682,-0.228083,-0.888475,-0.398234,0.708177,-0.0921786,0.672182
7245,0.225783,-0.714377,-0.212006,0.666873,0.717951,-0.0600213,0.681217
7246,0.276776,-0.692086,-0.268013,0.670214,0.722429,-0.0346586,0.685507
7247,0.312639,0.164808,-0.9487,-0.269828,0.724035,-0.017404,0.687114
7248,0.378763,-0.556234,-0.368981,0.744618,0.775713,0.017404,0.628188
7249,0.420977,0.388833,-0.898247,-0.204845,0.773986,0.0346586,0.626713
7250,0.480473,0.504398,-0.845211,-0.176638,0.769185,0.0600213,0.622787
7251,0.527352,-0.360328,-0.451426,0.81632,0.758732,0.0921786,0.614547
7252,0.58484,0.699202,-0.703282,-0.128494,0.752115,0.107251,0.608896
7253,0.631835,0.778003,-0.618223,-0.111851,0.740139,0.128309,0.599168
7254,0.669968,-0.118736,-0.409594,0.904508,0.720826,0.152921,0.583942
7255,0.721425,0.897488,-0.42911,-0.101885,0.710327,0.163515,0.574975
7256,0.765465,0.937608,-0.329759,-0.110223,0.693001,0.177061,0.560926
7257,-0.775764,0.0614361,-0.221048,0.973326,0.674447,0.187579,0.545886
7258,-0.751351,0.102435,-0.13744,0.985199,0.654984,0.194885,0.530114
7259,-0.769728,-0.989934,0.0455754,0.133992,0.627904,0.199429,0.508766
7260,-0.723328,0.138997,0.0473571,0.98916,0.61467,0.199429,0.497463
7261,-0.746838,-0.977531,-0.132636,0.163831,0.587591,0.194885,0.476115
7262,-0.708487,0.126265,0.236278,0.963447,0.574808,0.190381,0.465198
7263,-0.704273,0.103077,0.327001,0.939386,0.555901,0.180919,0.449902
7264,-0.70334,0.0682418,0.412002,0.908624,0.538113,0.168359,0.435517
7265,-0.705487,0.0226572,0.489262,0.871843,0.521748,0.152921,0.422288
7266,-0.712255,-0.0336951,0.556359,0.830258,0.507086,0.134865,0.410442
7267,-0.720209,-0.0969295,0.613058,0.78407,0.494378,0.114501,0.400182
7268,-0.735106,-0.69202,-0.601592,0.398992,0.480721,0.0843573,0.389416
7269,-0.71971,-0.226343,0.704236,0.672919,0.475657,0.0682786,0.38509
7270,-0.708262,-0.569817,-0.638026,0.517911,0.468588,0.0346586,0.379517
7271,-0.672963,-0.347107,0.778677,0.522665,0.46686,0.017404,0.378041
7272,-0.430311,-0.541245,-0.416262,0.730602,0.46686,-0.017404,0.378041
7273,-0.333043,-0.343006,0.929342,0.136638,0.468588,-0.0346586,0.379517
7274,-0.215653,-0.550775,-0.202648,0.809679,0.475657,-0.0682786,0.38509
7275,-0.219695,-0.464422,0.878719,-0.110299,0.480721,-0.0843573,0.389416
7276,-0.200803,-0.539325,0.818388,-0.198416,0.490458,-0.107251,0.397334
7277,-0.17872,-0.517215,-0.133699,0.845348,0.507086,-0.134865,0.410442
7278,-0.182653,-0.501563,-0.119807,0.856785,0.521748,-0.152921,0.422288
7279,-0.181776,-0.490885,-0.100489,0.86541,0.538113,-0.168359,0.435517
7280,-0.178072,-0.484569,-0.0783984,0.871233,0.555901,-0.180919,0.449902
7281,-0.171735,-0.48291,-0.0549621,0.873944,0.574808,-0.190381,0.465198
7282,-0.209171,-0.864142,0.192412,-0.465012,0.587591,-0.194885,0.476115
7283,-0.15435,-0.491275,-0.0100686,0.870947,0.61467,-0.199429,0.497463
7284,-0.18558,-0.865575,-0.0647866,-0.496571,0.627904,-0.199429,0.508766
7285,-0.121975,-0.520791,0.0237563,0.853353,0.654984,-0.194885,0.530114
7286,-0.0911428,-0.54883,0.0292714,0.835422,0.674447,-0.187579,0.545886
7287,-0.112023,-0.749608,-0.441318,-0.493281,0.686673,-0.180919,0.556328
7288,-0.0198343,-0.606012,0.0110241,0.795379,0.710327,-0.163515,0.574975
7289,-0.025447,-0.587714,-0.659607,-0.468519,0.720826,-0.152921,0.583942
7290,0.0763186,-0.656743,-0.0573433,0.751931,0.740139,-0.128309,0.599168
7291,0.12386,-0.668237,-0.102749,0.736819,0.752115,-0.107251,0.608896
7292,0.143627,-0.243369,-0.885428,-0.395966,0.758732,-0.0921786,0.614547
7293,0.221814,-0.659439,-0.208336,0.722313,0.769185,-0.0600213,0.622787
7294,0.280752,-0.637272,-0.271762,0.721131,0.773986,-0.0346586,0.626713
7295,0.312903,0.143258,-0.948637,-0.282074,0.775713,-0.017404,0.628188
7296,0.370246,-0.498253,-0.361071,0.788272,0.822609,0.017404,0.56539
7297,0.412312,0.367692,-0.901618,-0.227787,0.820771,0.0346586,0.564054
7298,0.469861,-0.374434,-0.428766,0.822167,0.813287,0.0682786,0.559054
7299,0.507208,0.585662,-0.791555,-0.174473,0.807899,0.0843573,0.555139
7300,0.55339,-0.229975,-0.437086,0.869521,0.793439,0.114501,0.545477
7301,0.604803,0.762627,-0.629574,-0.148447,0.784868,0.128309,0.53925
7302,0.64371,0.830921,-0.539029,-0.137905,0.77001,0.147171,0.529012
7303,0.668192,-0.00784816,-0.344418,0.938783,0.747067,0.168359,0.513682
7304,0.695541,0.0512603,-0.2836,0.957572,0.728205,0.180919,0.500738
7305,0.716032,0.0976437,-0.211116,0.972572,0.708157,0.190381,0.486972
7306,0.766743,0.978385,-0.145707,-0.14674,0.694557,0.194885,0.47709
7307,0.74753,0.1566,-0.0445248,0.986658,0.665886,0.199429,0.457933
7308,-0.776355,0.164237,0.0448928,0.985399,0.651806,0.199429,0.447704
7309,0.769001,0.167862,0.135775,0.976416,0.623135,0.194885,0.428546
7310,0.768924,0.148198,0.223644,0.963338,0.602494,0.187579,0.41435
7311,-0.763712,0.121886,0.308689,0.943321,0.589486,0.180919,0.4049
7312,-0.760081,0.0894183,0.390151,0.916399,0.570624,0.168359,0.391954
7313,-0.763779,0.0425207,0.462731,0.885479,0.553271,0.152921,0.38005
7314,-0.771819,-0.0150216,0.525204,0.850844,0.537725,0.134865,0.369391
7315,0.763843,-0.081868,0.575264,0.813861,0.520121,0.107251,0.357628
7316,0.767514,-0.144624,0.622837,0.768868,0.509792,0.0843573,0.350498
7317,0.774981,0.576834,0.684924,-0.445131,0.504404,0.0682786,0.346583
7318,0.748631,-0.296709,0.667573,0.682869,0.49692,0.0346586,0.341582
7319,-0.751727,-0.442933,-0.681444,0.582619,0.494596,0.00870199,0.339949
7320,-0.66915,-0.386209,0.784231,0.485617,0.494596,-0.00870199,0.339949
7321,-0.121005,-0.22393,0.974511,-0.0135759,0.49692,-0.0346586,0.341582
7322,-0.117562,-0.520408,-0.111076,0.846662,0.504404,-0.0682786,0.346583
7323,-0.138092,-0.431782,0.890475,-0.143593,0.509792,-0.0843573,0.350498
7324,-0.131646,-0.519793,0.826656,-0.215534,0.520121,-0.107251,0.357628
7325,-0.116026,-0.488394,-0.0870686,0.868269,0.537725,-0.134865,0.369391
7326,-0.122694,-0.474895,-0.0807257,0.876332,0.553271,-0.152921,0.38005
7327,-0.124153,-0.465704,-0.0688337,0.882259,0.570624,-0.168359,0.391954
7328,-0.118356,-0.463634,-0.0522618,0.884484,0.589486,-0.180919,0.4049
7329,-0.152671,-0.846085,0.319479,-0.426701,0.602494,-0.187579,0.41435
7330,-0.154734,-0.874384,0.193926,-0.444799,0.623135,-0.194885,0.428546
7331,-0.103999,-0.466442,-0.00679864,0.884526,0.651806,-0.199429,0.447704
7332,-0.13499,-0.879012,-0.0651939,-0.472322,0.665886,-0.199429,0.457933
7333,-0.0718979,-0.495554,0.0140246,0.868464,0.694557,-0.194885,0.47709
7334,-0.0936932,-0.817378,-0.321117,-0.478307,0.708157,-0.190381,0.486972
7335,-0.0643689,-0.761494,-0.442383,-0.473734,0.728205,-0.180919,0.500738
7336,-0.0372531,-0.693713,-0.555895,-0.457977,0.747067,-0.168359,0.513682
7337,0.0571281,-0.590351,-0.0376598,0.806267,0.77001,-0.147171,0.529012
7338,0.0972643,-0.606157,-0.0730403,0.791984,0.784868,-0.128309,0.53925
7339,0.103156,-0.388886,-0.825149,-0.409751,0.793439,-0.114501,0.545477
7340,0.191696,-0.615413,-0.170904,0.769454,0.807899,-0.0843573,0.555139
7341,0.199146,-0.144381,-0.925854,-0.349212,0.813287,-0.0682786,0.559054
7342,0.279836,-0.578712,-0.2709,0.769224,0.820771,-0.0346586,0.564054
7343,0.312322,0.120407,-0.948794,-0.29205,0.822609,-0.017404,0.56539
7344,0.35045,0.220217,-0.938098,-0.267351,0.864941,0.00870199,0.499365
7345,0.4035,0.345293,-0.904984,-0.24855,0.862497,0.0346586,0.497918
7346,0.445025,-0.320382,-0.407666,0.855081,0.854643,0.0682786,0.49352
7347,0.485446,-0.25222,-0.418547,0.87247,0.845528,0.0921786,0.488289
7348,0.524039,0.659892,-0.728935,-0.182201,0.838108,0.107251,0.483742
7349,0.560373,-0.108271,-0.399763,0.910201,0.819635,0.134865,0.473397
7350,0.610853,0.816392,-0.551234,-0.17218,0.809142,0.147171,0.466967
7351,0.615399,0.0197022,-0.320892,0.946911,0.785067,0.168359,0.453484
7352,0.66548,0.920034,-0.357553,-0.160291,0.772217,0.177061,0.44561
7353,0.664,0.124319,-0.198206,0.972244,0.744181,0.190381,0.429909
7354,0.715707,0.97305,-0.152155,-0.173268,0.729848,0.194885,0.421126
7355,0.694816,0.182093,-0.0419304,0.982387,0.699761,0.199429,0.404277
7356,0.741015,0.980325,0.0500147,-0.190947,0.684923,0.199429,0.395184
7357,0.71171,0.188866,0.127513,0.973689,0.654838,0.194885,0.378334
7358,0.748712,0.944758,0.243585,-0.219315,0.640504,0.190381,0.36955
7359,0.755017,0.910409,0.332798,-0.245766,0.619437,0.180919,0.357401
7360,0.719887,0.110778,0.366461,0.923815,0.593157,0.163515,0.342684
7361,0.747214,0.815365,0.496908,-0.297091,0.581384,0.152921,0.335469
7362,0.711439,0.00534524,0.49109,0.871093,0.559927,0.128309,0.323452
7363,0.730382,0.685843,0.631452,-0.361784,0.550894,0.114501,0.317917
7364,0.700751,-0.124813,0.578384,0.80616,0.53572,0.0843573,0.30942
7365,0.704085,0.527471,0.729492,-0.435448,0.530042,0.0682786,0.30594
7366,0.666786,0.433664,0.775374,-0.459054,0.523704,0.0432113,0.302314
7367,0.606465,-0.368961,0.568747,0.735116,0.519744,0.00870199,0.300096
7368,0.455429,0.164861,0.89503,-0.414419,0.519744,-0.00870199,0.300096
7369,0.0447107,-0.495742,0.0438389,0.867363,0.523704,-0.0432113,0.302314
7370,-0.0220193,-0.482332,-0.0208506,0.87574,0.530042,-0.0682786,0.30594
7371,-0.0543209,-0.403444,0.896396,-0.183597,0.53572,-0.0843573,0.30942
7372,-0.0480665,-0.464757,-0.0399589,0.884536,0.550894,-0.114501,0.317917
7373,-0.0779963,-0.599646,0.751118,-0.276126,0.559927,-0.128309,0.323452
7374,-0.061365,-0.447511,-0.0404513,0.893363,0.581384,-0.152921,0.335469
7375,-0.0973155,-0.755363,0.554671,-0.348951,0.593157,-0.163515,0.342684
7376,-0.0658277,-0.436097,-0.0291148,0.899429,0.619437,-0.180919,0.357401
7377,-0.0575502,-0.440308,-0.0184991,0.897656,0.640504,-0.190381,0.36955
7378,-0.0957632,-0.882246,0.194914,-0.428545,0.654838,-0.194885,0.378334
7379,-0.0966187,-0.897231,0.0653835,-0.436694,0.67717,-0.198859,0.391233
7380,-0.0878708,-0.893366,-0.0654138,-0.444542,0.699761,-0.199429,0.404277
7381,-0.0232044,-0.468638,0.00453006,0.883379,0.729848,-0.194885,0.421126
7382,-0.0438418,-0.829366,-0.321614,-0.456854,0.744181,-0.190381,0.429909
7383,0.0315294,-0.513053,-0.0139528,0.858244,0.772217,-0.177061,0.44561
7384,0.014964,-0.701187,-0.555234,-0.447271,0.785067,-0.168359,0.453484
7385,0.0856078,-0.54289,-0.0563957,0.837908,0.809142,-0.147171,0.466967
7386,0.0827431,-0.518614,-0.747704,-0.414703,0.819635,-0.134865,0.473397
7387,0.17153,-0.56415,-0.141954,0.813378,0.838108,-0.107251,0.483742
7388,0.171833,-0.286877,-0.881001,-0.376218,0.845528,-0.0921786,0.488289
7389,0.216442,-0.161997,-0.922265,-0.350977,0.854643,-0.0682786,0.49352
7390,0.278923,-0.516567,-0.270041,0.812549,0.862497,-0.0346586,0.497918
7391,0.329431,-0.48081,-0.322811,0.815239,0.864941,-0.00870199,0.499365
7392,0.351909,0.199046,-0.937607,-0.285087,0.901455,0.00870199,0.429963
7393,0.398406,-0.317192,-0.380504,0.868681,0.897333,0.0432113,0.428062
7394,0.424561,0.434923,-0.867775,-0.240433,0.893319,0.0600213,0.426017
7395,0.455147,-0.199576,-0.394317,0.897041,0.881232,0.0921786,0.420445
7396,0.498197,0.640103,-0.739068,-0.209872,0.873479,0.107251,0.416494
7397,0.516131,-0.0687472,-0.371169,0.926017,0.854251,0.134865,0.40763
7398,0.549248,-0.000750559,-0.344362,0.938837,0.837229,0.152921,0.399534
7399,0.571248,0.0559831,-0.300534,0.952127,0.818228,0.168359,0.390492
7400,0.598229,0.112682,-0.249263,0.961858,0.797573,0.180919,0.380656
7401,0.615437,0.15458,-0.185676,0.970376,0.775618,0.190381,0.370196
7402,0.634428,0.190707,-0.115717,0.974803,0.752737,0.196587,0.35929
7403,0.640603,0.205925,-0.0391418,0.977785,0.729323,0.199429,0.348128
7404,0.687284,0.975184,0.0522098,-0.215153,0.713817,0.199429,0.340226
7405,0.661885,0.217161,0.120006,0.968731,0.682502,0.194885,0.32579
7406,0.659952,0.19644,0.197172,0.960487,0.659895,0.187579,0.314998
7407,0.697744,0.899587,0.348964,-0.262617,0.645568,0.180919,0.307699
7408,0.665187,0.136534,0.343088,0.929327,0.618216,0.163515,0.295088
7409,0.659172,0.0870893,0.403974,0.910616,0.599856,0.147171,0.286311
7410,0.655076,0.0326048,0.458195,0.888253,0.583579,0.128309,0.278524
7411,0.670324,0.654769,0.662817,-0.363252,0.574139,0.114501,0.273714
7412,0.63506,-0.0988965,0.532126,0.84087,0.558346,0.0843573,0.266434
7413,0.632477,0.480636,0.770841,-0.418082,0.552412,0.0682786,0.26341
7414,0.544794,-0.266288,0.508299,0.818977,0.544237,0.0346586,0.259641
7415,0.482166,-0.343414,0.462708,0.817293,0.541686,0.00870199,0.258392
7416,0.373949,0.0987655,0.927945,-0.359394,0.541686,-0.00870199,0.258392
7417,0.209567,-0.0826737,0.957772,-0.275386,0.544237,-0.0346586,0.259641
7418,0.0675729,-0.437395,0.0639434,0.896993,0.552412,-0.0682786,0.26341
7419,0.0257386,-0.382997,0.896168,-0.224043,0.558346,-0.0843573,0.266434
7420,0.0180549,-0.427716,0.015015,0.903788,0.574139,-0.114501,0.273714
7421,-0.0192844,-0.595751,0.752086,-0.281864,0.583579,-0.128309,0.278524
7422,-0.0308769,-0.68315,0.659588,-0.313448,0.599856,-0.147171,0.286311
7423,-0.0427362,-0.759074,0.555846,-0.338883,0.618216,-0.163515,0.295088
7424,-0.00837788,-0.411817,-0.00370801,0.911259,0.645568,-0.180919,0.307699
7425,-0.0428108,-0.862255,0.321604,-0.391263,0.659895,-0.187579,0.314998
7426,-0.0438061,-0.892863,0.195255,-0.405798,0.682502,-0.194885,0.32579
7427,-0.0392115,-0.906198,0.0654897,-0.417751,0.705777,-0.198859,0.336896
7428,-0.0319835,-0.903149,-0.065488,-0.424304,0.729323,-0.199429,0.348128
7429,-0.0213117,-0.883361,-0.195202,-0.42611,0.752737,-0.196587,0.35929
7430,0.00231763,-0.84266,-0.321369,-0.432025,0.775618,-0.190381,0.370196
7431,0.0238241,-0.788229,-0.441828,-0.428349,0.797573,-0.180919,0.380656
7432,0.0562837,-0.714755,-0.553644,-0.427321,0.818228,-0.168359,0.390492
7433,0.0836852,-0.630898,-0.655419,-0.415204,0.837229,-0.152921,0.399534
7434,0.123072,-0.529752,-0.743756,-0.407663,0.854251,-0.134865,0.40763
7435,0.191559,-0.507008,-0.158341,0.847273,0.873479,-0.107251,0.416494
7436,0.196148,-0.303582,-0.876629,-0.37331,0.881232,-0.0921786,0.420445
7437,0.256059,-0.478898,-0.239852,0.844469,0.893319,-0.0600213,0.426017
7438,0.261497,-0.0593502,-0.945488,-0.320202,0.897333,-0.0432113,0.428062
7439,0.319586,-0.416112,-0.313502,0.853561,0.901455,-0.00870199,0.429963
7440,0.35573,-0.303071,-0.347529,0.88734,0.931868,0.017404,0.357733
7441,0.379492,-0.253761,-0.363345,0.896429,0.928152,0.0432113,0.356338
7442,0.413076,0.412486,-0.872064,-0.263361,0.923991,0.0600213,0.354615
7443,0.431264,-0.141074,-0.374969,0.91624,0.911503,0.0921786,0.350008
7444,0.469742,0.619463,-0.749619,-0.233102,0.903463,0.107251,0.346678
7445,0.474592,-0.025306,-0.343694,0.938741,0.883599,0.134865,0.33935
7446,0.516971,0.785134,-0.582775,-0.209615,0.87223,0.147171,0.33464
7447,0.548784,0.849114,-0.483455,-0.212782,0.853239,0.163515,0.327331
7448,0.573437,0.899785,-0.380022,-0.214408,0.832418,0.177061,0.319322
7449,0.594765,0.936935,-0.272919,-0.21833,0.810125,0.187579,0.310752
7450,0.61415,0.960274,-0.163776,-0.225947,0.786741,0.194885,0.301767
7451,0.588271,0.231599,-0.0363433,0.972132,0.754389,0.199429,0.289832
7452,0.633739,0.969418,0.0542546,-0.239342,0.738311,0.199429,0.283172
7453,0.646254,0.953004,0.160275,-0.257091,0.714094,0.196587,0.27388
7454,0.608271,0.223608,0.183784,0.957195,0.682575,0.187579,0.262252
7455,0.64448,0.887996,0.362986,-0.282319,0.66772,0.180919,0.256099
7456,0.609987,0.163082,0.318431,0.933813,0.639462,0.163515,0.245674
7457,0.636619,0.776595,0.541731,-0.321603,0.626706,0.152921,0.24039
7458,0.627921,0.705613,0.619894,-0.34328,0.609102,0.134865,0.233655
7459,0.586704,0.000183922,0.460426,0.887698,0.589238,0.107251,0.226326
7460,0.598055,0.536633,0.749945,-0.386792,0.581198,0.0921786,0.222996
7461,0.560512,0.437521,0.8084,-0.393784,0.571376,0.0682786,0.219256
7462,0.520274,0.329176,0.854748,-0.40131,0.564549,0.0432113,0.216666
7463,0.428606,-0.289339,0.414716,0.862725,0.56029,0.00870199,0.215094
7464,0.346804,0.0608967,0.937588,-0.342375,0.56029,-0.00870199,0.215094
7465,0.204415,-0.376055,0.199099,0.904954,0.564549,-0.0432113,0.216666
7466,0.140361,-0.384881,0.132488,0.913408,0.571376,-0.0682786,0.219256
7467,0.0924383,-0.37432,0.891586,-0.254869,0.577529,-0.0843573,0.221805
7468,0.0677494,-0.487912,0.828332,-0.275334,0.589238,-0.107251,0.226326
7469,0.0579,-0.381309,0.0435226,0.923423,0.609102,-0.134865,0.233655
7470,0.0488904,-0.380154,0.0322357,0.924361,0.626706,-0.152921,0.24039
7471,0.012004,-0.763666,0.555311,-0.329309,0.639462,-0.163515,0.245674
7472,0.0441686,-0.382927,0.0195432,0.923572,0.66772,-0.180919,0.256099
7473,0.00789138,-0.871855,0.321284,-0.369655,0.682575,-0.187579,0.262252
7474,0.0468206,-0.388812,0.00913795,0.921272,0.714094,-0.196587,0.27388
7475,0.0608364,-0.402369,0.00398166,0.915469,0.738311,-0.199429,0.283172
7476,0.0245667,-0.912253,-0.0653596,-0.404379,0.754389,-0.199429,0.289832
7477,0.076013,-0.41499,-0.0148262,0.909705,0.786741,-0.194885,0.301767
7478,0.0960952,-0.429756,-0.0308597,0.902418,0.810125,-0.187579,0.310752
7479,0.117834,-0.442606,-0.052031,0.895206,0.832418,-0.177061,0.319322
7480,0.142417,-0.453304,-0.0788975,0.887857,0.853239,-0.163515,0.327331
7481,0.17392,-0.462912,-0.114141,0.879025,0.87223,-0.147171,0.33464
7482,0.161642,-0.542923,-0.738914,-0.399051,0.883599,-0.134865,0.33935
7483,0.214138,-0.448912,-0.176734,0.875924,0.903463,-0.107251,0.346678
7484,0.213821,-0.324345,-0.873148,-0.363886,0.911503,-0.0921786,0.350008
7485,0.261875,-0.41235,-0.245169,0.877417,0.923991,-0.0600213,0.354615
7486,0.273483,-0.0796425,-0.942324,-0.325089,0.928152,-0.0432113,0.356338
7487,0.301055,0.0449297,-0.952208,-0.302129,0.931868,-0.017404,0.357733
7488,0.34109,-0.234763,-0.333798,0.912943,0.957063,0.017404,0.283517
7489,0.362405,0.270167,-0.91975,-0.284728,0.954903,0.0346586,0.282815
7490,0.394243,-0.131848,-0.363749,0.922119,0.946239,0.0682786,0.280372
7491,0.408326,-0.0802096,-0.356174,0.930971,0.936155,0.0921786,0.277413
7492,0.442854,0.598681,-0.759052,-0.255776,0.927879,0.107251,0.274724
7493,0.465072,0.689532,-0.680712,-0.247341,0.913091,0.128309,0.27032
7494,0.468002,0.0840644,-0.297554,0.950997,0.889421,0.152921,0.263644
7495,0.486547,0.134161,-0.259902,0.95627,0.869239,0.168359,0.257684
7496,0.503062,0.178268,-0.213385,0.960566,0.847301,0.180919,0.251201
7497,0.516413,0.213935,-0.158808,0.963853,0.82398,0.190381,0.244304
7498,0.529706,0.242697,-0.0986464,0.965074,0.799675,0.196587,0.237113
7499,0.538113,0.259119,-0.0335647,0.965262,0.774803,0.199429,0.22975
7500,0.546869,0.267576,0.0340583,0.962935,0.749791,0.198859,0.222341
7501,0.554574,0.266294,0.102805,0.958394,0.725064,0.194885,0.215012
7502,0.557096,0.251424,0.170049,0.952822,0.701047,0.187579,0.20789
7503,0.557446,0.226211,0.234153,0.945516,0.678151,0.177061,0.201095
7504,0.556133,0.191823,0.293436,0.936536,0.656766,0.163515,0.194745
7505,0.550309,0.14694,0.344945,0.92705,0.63726,0.147171,0.188948
7506,0.542472,0.0949758,0.388271,0.916638,0.619965,0.128309,0.183803
7507,0.533923,0.0383285,0.423253,0.9052,0.605178,0.107251,0.179398
7508,0.513966,-0.0272341,0.440995,0.897096,0.593152,0.0843573,0.175809
7509,0.483238,-0.0967009,0.44003,0.892761,0.584092,0.0600213,0.173097
7510,0.44594,-0.163973,0.423025,0.891158,0.578154,0.0346586,0.171308
7511,0.425189,0.168665,0.910093,-0.378527,0.575993,0.017404,0.170606
7512,0.305774,-0.277803,0.300389,0.912465,0.575993,-0.017404,0.170606
7513,0.266714,-0.107134,0.944133,-0.311664,0.578154,-0.0346586,0.171308
7514,0.198906,-0.245228,0.925894,-0.287374,0.584092,-0.0600213,0.173097
7515,0.140866,-0.377375,0.885804,-0.270073,0.593152,-0.0843573,0.175809
7516,0.111012,-0.493744,0.824348,-0.276887,0.605178,-0.107251,0.179398
7517,0.0929526,-0.597664,0.74679,-0.291722,0.619965,-0.128309,0.183803
7518,0.0767353,-0.690518,0.655892,-0.304943,0.63726,-0.147171,0.188948
7519,0.0647222,-0.769893,0.553216,-0.318145,0.656766,-0.163515,0.194745
7520,0.0595107,-0.833504,0.440632,-0.333339,0.678151,-0.177061,0.201095
7521,0.0570043,-0.881738,0.320194,-0.346429,0.701047,-0.187579,0.20789
7522,0.0578601,-0.913426,0.194325,-0.357617,0.725064,-0.194885,0.215012
7523,0.0645316,-0.927131,0.0651429,-0.369031,0.749791,-0.198859,0.222341
7524,0.0716676,-0.924481,-0.0650884,-0.375631,0.774803,-0.199429,0.22975
7525,0.080734,-0.90493,-0.193844,-0.378849,0.799675,-0.196587,0.237113
7526,0.0966973,-0.866944,-0.318751,-0.383152,0.82398,-0.190381,0.244304
7527,0.113773,-0.81317,-0.4377,-0.383633,0.847301,-0.180919,0.251201
7528,0.135307,-0.743438,-0.548027,-0.383363,0.869239,-0.168359,0.257684
7529,0.159657,-0.659435,-0.647845,-0.38137,0.889421,-0.152921,0.263644
7530,0.223249,-0.405135,-0.166512,0.898965,0.913091,-0.128309,0.27032
7531,0.209213,-0.458046,-0.809576,-0.367126,0.923167,-0.114501,0.273594
7532,0.230714,-0.345789,-0.869555,-0.352568,0.936155,-0.0921786,0.277413
7533,0.251852,-0.22747,-0.914055,-0.335799,0.946239,-0.0682786,0.280372
7534,0.28537,-0.101158,-0.939026,-0.328629,0.953249,-0.0432113,0.282418
7535,0.313876,0.0246739,-0.948302,-0.316408,0.957063,-0.017404,0.283517
7536,0.334567,0.124189,-0.943377,-0.307598,0.976921,0.00870199,0.207642
7537,0.357934,0.246514,-0.92127,-0.300819,0.974149,0.0346586,0.207022
7538,0.37702,0.363926,-0.884794,-0.291029,0.968089,0.0600213,0.205704
7539,0.386998,-0.0170659,-0.338547,0.940795,0.955035,0.0921786,0.203108
7540,0.403063,0.0341613,-0.326204,0.944682,0.941788,0.114501,0.200319
7541,0.412733,0.0805686,-0.301685,0.949997,0.925807,0.134865,0.196946
7542,0.446935,0.752958,-0.602956,-0.263626,0.913841,0.147171,0.194074
7543,0.466983,0.821724,-0.504243,-0.265535,0.893939,0.163515,0.189825
7544,0.487216,0.876361,-0.398156,-0.271042,0.872123,0.177061,0.185172
7545,0.462455,0.239747,-0.14349,0.960173,0.840607,0.190381,0.178903
7546,0.504315,0.947054,-0.174441,-0.269555,0.824261,0.194885,0.174979
7547,0.518962,0.958233,-0.0580964,-0.280024,0.799036,0.198859,0.169613
7548,0.527504,0.955818,0.0578362,-0.288213,0.773519,0.199429,0.164189
7549,0.533787,0.939048,0.171781,-0.297793,0.748146,0.196587,0.158799
7550,0.537501,0.908422,0.282198,-0.308438,0.723353,0.190381,0.153537
7551,0.538492,0.864533,0.38774,-0.319751,0.699563,0.180919,0.148493
7552,0.536143,0.808261,0.486867,-0.331173,0.677183,0.168359,0.14375
7553,0.530488,0.740293,0.578546,-0.34242,0.656596,0.152921,0.139393
7554,0.522019,0.661291,0.661434,-0.353835,0.638154,0.134865,0.135494
7555,0.511308,0.572415,0.733993,-0.365506,0.622173,0.114501,0.132121
7556,0.496163,0.47461,0.796145,-0.375364,0.608926,0.0921786,0.129332
7557,0.471688,0.368916,0.848954,-0.378389,0.598641,0.0682786,0.127174
7558,0.416389,-0.101109,0.396703,0.912361,0.589812,0.0346586,0.125418
7559,0.387892,0.132735,0.924702,-0.356802,0.587604,0.017404,0.124888
7560,0.320602,-0.20536,0.314464,0.92679,0.587604,-0.017404,0.124888
7561,0.276571,-0.128798,0.941482,-0.311484,0.589812,-0.0346586,0.125418
7562,0.218881,-0.258846,0.205626,0.943778,0.598641,-0.0682786,0.127174
7563,0.189932,-0.273427,0.169353,0.946867,0.608926,-0.0921786,0.129332
7564,0.172344,-0.285597,0.14262,0.947678,0.622173,-0.114501,0.132121
7565,0.160832,-0.296073,0.120445,0.947541,0.638154,-0.134865,0.135494
7566,0.152912,-0.305106,0.100468,0.947004,0.656596,-0.152921,0.139393
7567,0.148455,-0.313521,0.0822148,0.946015,0.677183,-0.168359,0.14375
7568,0.147024,-0.321822,0.0648404,0.944577,0.699563,-0.180919,0.148493
7569,0.149005,-0.330799,0.0477468,0.942493,0.723353,-0.190381,0.153537
7570,0.1532,-0.339583,0.0297939,0.940104,0.748146,-0.196587,0.158799
7571,0.157984,-0.346625,0.0103034,0.937947,0.773519,-0.199429,0.164189
7572,0.165811,-0.353943,-0.0108094,0.935205,0.799036,-0.198859,0.169613
7573,0.181645,-0.365628,-0.0352695,0.930093,0.824261,-0.194885,0.174979
7574,0.148382,-0.876723,-0.316096,-0.362546,0.840607,-0.190381,0.178903
7575,0.198264,-0.36452,-0.0871814,0.927105,0.872123,-0.177061,0.185172
7576,0.219137,-0.367665,-0.120832,0.922075,0.893939,-0.163515,0.189825
7577,0.239164,-0.364157,-0.156254,0.918136,0.913841,-0.147171,0.194074
7578,0.219281,-0.57967,-0.729614,-0.36283,0.925807,-0.134865,0.196946
7579,0.236503,-0.476742,-0.804065,-0.355242,0.941788,-0.114501,0.200319
7580,0.252161,-0.365872,-0.864633,-0.344307,0.955035,-0.0921786,0.203108
7581,0.292361,-0.277623,-0.272936,0.921103,0.968089,-0.0600213,0.205704
7582,0.311657,-0.244315,-0.300754,0.921877,0.974149,-0.0346586,0.207022
7583,0.326517,-0.205338,-0.32006,0.924877,0.976921,-0.00870199,0.207642
7584,0.33397,0.0996147,-0.943545,-0.315911,0.990201,0.00870199,0.130354
7585,0.345696,-0.0449912,-0.332352,0.942082,0.985693,0.0432113,0.12982
7586,0.363831,0.339975,-0.889196,-0.306181,0.981244,0.0600213,0.129115
7587,0.37674,0.452213,-0.839694,-0.300694,0.971871,0.0843573,0.127853
7588,0.39228,0.556583,-0.775241,-0.298693,0.959431,0.107251,0.12619
7589,0.379358,0.133174,-0.278516,0.951154,0.938405,0.134865,0.123702
7590,0.414417,0.735925,-0.611368,-0.290937,0.926251,0.147171,0.121777
7591,0.434572,0.805698,-0.511565,-0.298584,0.906077,0.163515,0.119102
7592,0.449469,0.862516,-0.405148,-0.303184,0.883963,0.177061,0.116175
7593,0.456458,0.906697,-0.293755,-0.302669,0.860284,0.187579,0.113046
7594,0.463488,0.935785,-0.177879,-0.304408,0.835449,0.194885,0.109769
7595,0.470634,0.949283,-0.0594888,-0.308744,0.80988,0.198859,0.106399
7596,0.476052,0.947603,0.0593391,-0.313892,0.784016,0.199429,0.102993
7597,0.479774,0.930866,0.176546,-0.319876,0.758299,0.196587,0.0996112
7598,0.483036,0.899056,0.290171,-0.327872,0.733169,0.190381,0.0963106
7599,0.449024,0.280673,0.192128,0.940377,0.701259,0.177061,0.0925339
7600,0.446773,0.250693,0.240166,0.937802,0.679145,0.163515,0.0896072
7601,0.443712,0.214278,0.283155,0.93483,0.658972,0.147171,0.0869326
7602,0.439459,0.172083,0.319992,0.931661,0.641085,0.128309,0.0845559
7603,0.434148,0.125337,0.349825,0.928393,0.625791,0.107251,0.0825186
7604,0.445794,0.448084,0.815947,-0.365309,0.617196,0.0921786,0.0811573
7605,0.423569,0.339398,0.868133,-0.362151,0.606774,0.0682786,0.0798133
7606,0.402111,0.223869,0.905524,-0.360428,0.59953,0.0432113,0.0788886
7607,0.34893,-0.0882544,0.34116,0.935853,0.595022,0.00870199,0.0783546
7608,0.33303,-0.0226366,0.942189,-0.334315,0.595022,-0.00870199,0.0783546
7609,0.286565,-0.151162,0.938651,-0.309976,0.597834,-0.0346586,0.0787553
7610,0.259934,-0.195581,0.243395,0.950004,0.606774,-0.0682786,0.0798133
7611,0.228518,-0.397117,0.870039,-0.292113,0.613352,-0.0843573,0.0808546
7612,0.206602,-0.510507,0.81005,-0.288447,0.625791,-0.107251,0.0825186
7613,0.19113,-0.613797,0.734484,-0.28946,0.641085,-0.128309,0.0845559
7614,0.180378,-0.70554,0.645101,-0.293357,0.658972,-0.147171,0.0869326
7615,0.172498,-0.784266,0.544211,-0.29793,0.679145,-0.163515,0.0896072
7616,0.166669,-0.84883,0.433608,-0.302442,0.701259,-0.177061,0.0925339
7617,0.163568,-0.897999,0.315162,-0.307035,0.724937,-0.187579,0.0956626
7618,0.207832,-0.31597,0.0402871,0.947913,0.758299,-0.196587,0.0996112
7619,0.169004,-0.945243,0.0640757,-0.320017,0.775341,-0.198859,0.102311
7620,0.208547,-0.320151,-0.013559,0.94727,0.80988,-0.198859,0.106399
7621,0.218005,-0.325417,-0.0422284,0.944627,0.835449,-0.194885,0.109769
7622,0.225572,-0.324879,-0.0719345,0.943016,0.860284,-0.187579,0.113046
7623,0.23222,-0.319323,-0.101853,0.942156,0.883963,-0.177061,0.116175
7624,0.247116,-0.315883,-0.135969,0.939005,0.906077,-0.163515,0.119102
7625,0.268129,-0.311097,-0.174751,0.934174,0.926251,-0.147171,0.121777
7626,0.249576,-0.597853,-0.723741,-0.344633,0.938405,-0.134865,0.123702
7627,0.287925,-0.269266,-0.23616,0.933662,0.959431,-0.107251,0.12619
7628,0.274039,-0.386673,-0.859222,-0.334994,0.968026,-0.0921786,0.127551
7629,0.300487,-0.206692,-0.280297,0.937396,0.981244,-0.0600213,0.129115
7630,0.299959,-0.148884,-0.934758,-0.322586,0.985693,-0.0432113,0.12982
7631,0.323873,-0.132092,-0.31756,0.938993,0.990201,-0.00870199,0.130354
7632,0.330107,0.0744669,-0.944834,-0.318973,0.997376,0.00870199,0.0522613
7633,0.332358,0.0264652,-0.320013,0.947043,0.992839,0.0432113,0.0520826
7634,0.349065,0.315961,-0.893905,-0.317967,0.988349,0.0600213,0.0517293
7635,0.345998,0.11286,-0.304205,0.945897,0.975049,0.0921786,0.0512066
7636,0.347625,0.152108,-0.283329,0.946883,0.961529,0.114501,0.0505239
7637,0.375529,0.63212,-0.706595,-0.318037,0.950968,0.128309,0.0496933
7638,0.363596,0.230404,-0.234569,0.9444,0.926393,0.152921,0.0487279
7639,0.368304,0.262431,-0.200135,0.943968,0.905378,0.168359,0.0476446
7640,0.372595,0.289622,-0.161115,0.943484,0.882531,0.180919,0.0464619
7641,0.37544,0.310401,-0.117934,0.943262,0.858245,0.190381,0.0452
7642,0.378117,0.325281,-0.0720764,0.942867,0.832933,0.196587,0.0438813
7643,0.38056,0.333909,-0.0243265,0.942291,0.80703,0.199429,0.042528
7644,0.383023,0.336217,0.0244743,0.941467,0.780978,0.198859,0.0411626
7645,0.38355,0.330331,0.0730666,0.941033,0.755224,0.194885,0.0398086
7646,0.424086,0.891025,0.297832,-0.342594,0.738465,0.190381,0.0384893
7647,0.429217,0.842432,0.408691,-0.351111,0.714179,0.180919,0.037228
7648,0.427583,0.781803,0.513049,-0.354352,0.691332,0.168359,0.036046
7649,0.392656,0.251107,0.252397,0.934474,0.66376,0.147171,0.0349626
7650,0.417389,0.623689,0.695211,-0.357343,0.651492,0.134865,0.0339966
7651,0.387005,0.173024,0.313881,0.933564,0.630336,0.107251,0.0331653
7652,0.378357,0.126662,0.331358,0.934964,0.617804,0.0843573,0.0324826
7653,0.368439,0.0789598,0.341069,0.936716,0.608362,0.0600213,0.03196
7654,0.367219,0.196163,0.918085,-0.344442,0.603872,0.0432113,0.0316066
7655,0.339473,-0.0152794,0.332278,0.943058,0.599335,0.00870199,0.0314286
7656,0.32307,-0.0493158,0.945424,-0.322088,0.599335,-0.00870199,0.0314286
7657,0.296371,-0.174104,0.935838,-0.306424,0.60217,-0.0346586,0.0316066
7658,0.279167,-0.296133,0.906967,-0.299528,0.608362,-0.0600213,0.03196
7659,0.258193,-0.414286,0.863186,-0.288579,0.617804,-0.0843573,0.0324826
7660,0.244632,-0.524941,0.802318,-0.284118,0.630336,-0.107251,0.0331653
7661,0.260518,-0.207556,0.193729,0.958848,0.651492,-0.134865,0.0339966
7662,0.229495,-0.715911,0.637604,-0.284487,0.66376,-0.147171,0.0349626
7663,0.222342,-0.793891,0.537876,-0.283598,0.684082,-0.163515,0.036046
7664,0.253151,-0.262453,0.110855,0.958556,0.714179,-0.180919,0.037228
7665,0.258054,-0.279406,0.0820724,0.956659,0.738465,-0.190381,0.0384893
7666,0.22018,-0.937333,0.188753,-0.29288,0.755224,-0.194885,0.0398086
7667,0.216454,-0.954756,0.0633594,-0.290561,0.780978,-0.198859,0.0411626
7668,0.21703,-0.954587,-0.0633544,-0.291118,0.80703,-0.199429,0.042528
7669,0.222778,-0.936606,-0.188615,-0.295285,0.832933,-0.196587,0.0438813
7670,0.228603,-0.902598,-0.31033,-0.29835,0.858245,-0.190381,0.0452
7671,0.234947,-0.853045,-0.426525,-0.30065,0.882531,-0.180919,0.0464619
7672,0.243705,-0.788401,-0.534788,-0.304016,0.905378,-0.168359,0.0476446
7673,0.253643,-0.710173,-0.633304,-0.30754,0.926393,-0.152921,0.0487279
7674,0.301234,-0.232861,-0.22315,0.946562,0.950968,-0.128309,0.0496933
7675,0.282086,-0.517642,-0.793582,-0.319803,0.961529,-0.114501,0.0505239
7676,0.287034,-0.409616,-0.855762,-0.316049,0.975049,-0.0921786,0.0512066
7677,0.311205,-0.135647,-0.289975,0.947372,0.988349,-0.0600213,0.0517293
7678,0.308685,-0.172924,-0.932149,-0.318113,0.992839,-0.0432113,0.0520826
7679,0.322474,-0.0579262,-0.316236,0.94691,0.997376,-0.00870199,0.0522613
