# Generated mesh
# vertices: 3516, faces: 0

v -0.250037 0.392500 -25.029999
v -0.250037 0.081500 -25.029999
v -0.389037 -0.506500 -25.029999
v -0.250037 -0.029500 -25.029999
v -0.250037 -0.382500 -25.029999
v -0.389037 -0.506500 -25.029999
v -0.389037 -0.506500 -25.029999
v -0.250037 -0.382500 -25.029999
v 0.029963 -0.382500 -25.029999
v 0.111650 -0.501312 -25.029999
v 0.042963 -0.506500 -25.029999
v -0.389037 -0.506500 -25.029999
v 0.232150 -0.459812 -25.029999
v 0.174713 -0.485750 -25.029999
v 0.111650 -0.501312 -25.029999
v 0.329900 -0.376250 -25.029999
v 0.283963 -0.423500 -25.029999
v 0.232150 -0.459812 -25.029999
v 0.382400 -0.262250 -25.029999
v 0.362713 -0.322500 -25.029999
v 0.329900 -0.376250 -25.029999
v 0.385588 -0.151125 -25.029999
v 0.388963 -0.195500 -25.029999
v 0.382400 -0.262250 -25.029999
v 0.358588 -0.072125 -25.029999
v 0.375463 -0.110000 -25.029999
v 0.385588 -0.151125 -25.029999
v 0.305713 -0.007937 -25.029999
v 0.334963 -0.037500 -25.029999
v 0.358588 -0.072125 -25.029999
v 0.233713 0.030563 -25.029999
v 0.271963 0.014750 -25.029999
v 0.305713 -0.007937 -25.029999
v 0.253713 0.074250 -25.029999
v 0.224150 0.054688 -25.029999
v 0.190963 0.039500 -25.029999
v 0.301963 0.126500 -25.029999
v 0.279650 0.098188 -25.029999
v 0.253713 0.074250 -25.029999
v 0.332713 0.190250 -25.029999
v 0.319900 0.157438 -25.029999
v 0.301963 0.126500 -25.029999
v 0.342963 0.261500 -25.029999
v 0.340400 0.224938 -25.029999
v 0.332713 0.190250 -25.029999
v 0.317213 0.370750 -25.029999
v 0.336525 0.319812 -25.029999
v 0.342963 0.261500 -25.029999
v 0.239963 0.450500 -25.029999
v 0.285025 0.414312 -25.029999
v 0.317213 0.370750 -25.029999
v 0.141463 0.492500 -25.029999
v 0.193338 0.475000 -25.029999
v 0.239963 0.450500 -25.029999
v 0.021963 0.506500 -25.029999
v 0.084338 0.503000 -25.029999
v 0.141463 0.492500 -25.029999
v -0.250037 0.392500 -25.029999
v -0.389037 -0.506500 -25.029999
v -0.389037 0.506500 -25.029999
v -0.250037 -0.029500 -25.029999
v -0.389037 -0.506500 -25.029999
v -0.250037 0.081500 -25.029999
v -0.389037 -0.506500 -25.029999
v 0.029963 -0.382500 -25.029999
v 0.071025 -0.379687 -25.029999
v 0.232150 -0.459812 -25.029999
v 0.111650 -0.501312 -25.029999
v -0.389037 -0.506500 -25.029999
v 0.382400 -0.262250 -25.029999
v 0.329900 -0.376250 -25.029999
v 0.232150 -0.459812 -25.029999
v 0.358588 -0.072125 -25.029999
v 0.385588 -0.151125 -25.029999
v 0.382400 -0.262250 -25.029999
v 0.233713 0.030563 -25.029999
v 0.305713 -0.007937 -25.029999
v 0.358588 -0.072125 -25.029999
v 0.301963 0.126500 -25.029999
v 0.253713 0.074250 -25.029999
v 0.190963 0.039500 -25.029999
v 0.342963 0.261500 -25.029999
v 0.332713 0.190250 -25.029999
v 0.301963 0.126500 -25.029999
v 0.239963 0.450500 -25.029999
v 0.317213 0.370750 -25.029999
v 0.342963 0.261500 -25.029999
v 0.021963 0.506500 -25.029999
v 0.141463 0.492500 -25.029999
v 0.239963 0.450500 -25.029999
v -0.250037 0.392500 -25.029999
v -0.389037 0.506500 -25.029999
v 0.021963 0.506500 -25.029999
v -0.250037 -0.029500 -25.029999
v -0.250037 0.081500 -25.029999
v -0.010037 0.081500 -25.029999
v -0.389037 -0.506500 -25.029999
v 0.071025 -0.379687 -25.029999
v 0.109213 -0.371250 -25.029999
v 0.358588 -0.072125 -25.029999
v 0.382400 -0.262250 -25.029999
v 0.232150 -0.459812 -25.029999
v 0.190963 0.039500 -25.029999
v 0.233713 0.030563 -25.029999
v 0.358588 -0.072125 -25.029999
v 0.342963 0.261500 -25.029999
v 0.301963 0.126500 -25.029999
v 0.190963 0.039500 -25.029999
v 0.021963 0.506500 -25.029999
v 0.239963 0.450500 -25.029999
v 0.342963 0.261500 -25.029999
v 0.003963 0.392500 -25.029999
v -0.250037 0.392500 -25.029999
v 0.021963 0.506500 -25.029999
v -0.250037 -0.029500 -25.029999
v -0.010037 0.081500 -25.029999
v 0.029963 0.083750 -25.029999
v 0.232150 -0.459812 -25.029999
v -0.389037 -0.506500 -25.029999
v 0.109213 -0.371250 -25.029999
v 0.041838 0.390000 -25.029999
v 0.003963 0.392500 -25.029999
v 0.021963 0.506500 -25.029999
v -0.250037 -0.029500 -25.029999
v 0.029963 0.083750 -25.029999
v 0.066963 0.090500 -25.029999
v 0.232150 -0.459812 -25.029999
v 0.109213 -0.371250 -25.029999
v 0.144525 -0.357188 -25.029999
v 0.077463 0.382500 -25.029999
v 0.041838 0.390000 -25.029999
v 0.021963 0.506500 -25.029999
v -0.250037 -0.029500 -25.029999
v 0.066963 0.090500 -25.029999
v 0.100963 0.101750 -25.029999
v 0.232150 -0.459812 -25.029999
v 0.144525 -0.357188 -25.029999
v 0.176963 -0.337500 -25.029999
v 0.110838 0.370000 -25.029999
v 0.077463 0.382500 -25.029999
v 0.021963 0.506500 -25.029999
v 0.012963 -0.029500 -25.029999
v -0.250037 -0.029500 -25.029999
v 0.100963 0.101750 -25.029999
v 0.232150 -0.459812 -25.029999
v 0.176963 -0.337500 -25.029999
v 0.207150 -0.310375 -25.029999
v 0.110838 0.370000 -25.029999
v 0.021963 0.506500 -25.029999
v 0.342963 0.261500 -25.029999
v 0.012963 -0.029500 -25.029999
v 0.100963 0.101750 -25.029999
v 0.131963 0.117500 -25.029999
v 0.232150 -0.459812 -25.029999
v 0.207150 -0.310375 -25.029999
v 0.228713 -0.279000 -25.029999
v 0.141963 0.352500 -25.029999
v 0.110838 0.370000 -25.029999
v 0.342963 0.261500 -25.029999
v 0.012963 -0.029500 -25.029999
v 0.131963 0.117500 -25.029999
v 0.163025 0.141125 -25.029999
v 0.232150 -0.459812 -25.029999
v 0.228713 -0.279000 -25.029999
v 0.241650 -0.243375 -25.029999
v 0.168650 0.330312 -25.029999
v 0.141963 0.352500 -25.029999
v 0.342963 0.261500 -25.029999
v 0.057275 -0.032062 -25.029999
v 0.012963 -0.029500 -25.029999
v 0.163025 0.141125 -25.029999
v 0.232150 -0.459812 -25.029999
v 0.241650 -0.243375 -25.029999
v 0.245963 -0.203500 -25.029999
v 0.187713 0.303750 -25.029999
v 0.168650 0.330312 -25.029999
v 0.342963 0.261500 -25.029999
v 0.057275 -0.032062 -25.029999
v 0.163025 0.141125 -25.029999
v 0.185213 0.169000 -25.029999
v 0.358588 -0.072125 -25.029999
v 0.232150 -0.459812 -25.029999
v 0.245963 -0.203500 -25.029999
v 0.199150 0.272812 -25.029999
v 0.187713 0.303750 -25.029999
v 0.342963 0.261500 -25.029999
v 0.098213 -0.039750 -25.029999
v 0.057275 -0.032062 -25.029999
v 0.185213 0.169000 -25.029999
v 0.358588 -0.072125 -25.029999
v 0.245963 -0.203500 -25.029999
v 0.241213 -0.162937 -25.029999
v 0.202963 0.237500 -25.029999
v 0.199150 0.272812 -25.029999
v 0.342963 0.261500 -25.029999
v 0.135775 -0.052562 -25.029999
v 0.098213 -0.039750 -25.029999
v 0.185213 0.169000 -25.029999
v 0.358588 -0.072125 -25.029999
v 0.241213 -0.162937 -25.029999
v 0.226963 -0.127250 -25.029999
v 0.202963 0.237500 -25.029999
v 0.342963 0.261500 -25.029999
v 0.190963 0.039500 -25.029999
v 0.135775 -0.052562 -25.029999
v 0.185213 0.169000 -25.029999
v 0.198525 0.201125 -25.029999
v 0.358588 -0.072125 -25.029999
v 0.226963 -0.127250 -25.029999
v 0.203213 -0.096438 -25.029999
v 0.198525 0.201125 -25.029999
v 0.202963 0.237500 -25.029999
v 0.190963 0.039500 -25.029999
v 0.169963 -0.070500 -25.029999
v 0.135775 -0.052562 -25.029999
v 0.198525 0.201125 -25.029999
v 0.358588 -0.072125 -25.029999
v 0.203213 -0.096438 -25.029999
v 0.169963 -0.070500 -25.029999
v 0.169963 -0.070500 -25.029999
v 0.198525 0.201125 -25.029999
v 0.190963 0.039500 -25.029999
v 0.190963 0.039500 -25.029999
v 0.358588 -0.072125 -25.029999
v 0.169963 -0.070500 -25.029999
v -0.389037 -0.506500 25.029999
v -0.250037 0.081500 25.029999
v -0.250037 0.392500 25.029999
v -0.389037 -0.506500 25.029999
v -0.250037 -0.382500 25.029999
v -0.250037 -0.029500 25.029999
v 0.029963 -0.382500 25.029999
v -0.250037 -0.382500 25.029999
v -0.389037 -0.506500 25.029999
v -0.389037 -0.506500 25.029999
v 0.042963 -0.506500 25.029999
v 0.111650 -0.501312 25.029999
v 0.111650 -0.501312 25.029999
v 0.174713 -0.485750 25.029999
v 0.232150 -0.459812 25.029999
v 0.232150 -0.459812 25.029999
v 0.283963 -0.423500 25.029999
v 0.329900 -0.376250 25.029999
v 0.329900 -0.376250 25.029999
v 0.362713 -0.322500 25.029999
v 0.382400 -0.262250 25.029999
v 0.382400 -0.262250 25.029999
v 0.388963 -0.195500 25.029999
v 0.385588 -0.151125 25.029999
v 0.385588 -0.151125 25.029999
v 0.375463 -0.110000 25.029999
v 0.358588 -0.072125 25.029999
v 0.358588 -0.072125 25.029999
v 0.334963 -0.037500 25.029999
v 0.305713 -0.007937 25.029999
v 0.305713 -0.007937 25.029999
v 0.271963 0.014750 25.029999
v 0.233713 0.030563 25.029999
v 0.190963 0.039500 25.029999
v 0.224150 0.054688 25.029999
v 0.253713 0.074250 25.029999
v 0.253713 0.074250 25.029999
v 0.279650 0.098188 25.029999
v 0.301963 0.126500 25.029999
v 0.301963 0.126500 25.029999
v 0.319900 0.157438 25.029999
v 0.332713 0.190250 25.029999
v 0.332713 0.190250 25.029999
v 0.340400 0.224938 25.029999
v 0.342963 0.261500 25.029999
v 0.342963 0.261500 25.029999
v 0.336525 0.319812 25.029999
v 0.317213 0.370750 25.029999
v 0.317213 0.370750 25.029999
v 0.285025 0.414312 25.029999
v 0.239963 0.450500 25.029999
v 0.239963 0.450500 25.029999
v 0.193338 0.475000 25.029999
v 0.141463 0.492500 25.029999
v 0.141463 0.492500 25.029999
v 0.084338 0.503000 25.029999
v 0.021963 0.506500 25.029999
v -0.389037 0.506500 25.029999
v -0.389037 -0.506500 25.029999
v -0.250037 0.392500 25.029999
v -0.250037 0.081500 25.029999
v -0.389037 -0.506500 25.029999
v -0.250037 -0.029500 25.029999
v 0.071025 -0.379687 25.029999
v 0.029963 -0.382500 25.029999
v -0.389037 -0.506500 25.029999
v -0.389037 -0.506500 25.029999
v 0.111650 -0.501312 25.029999
v 0.232150 -0.459812 25.029999
v 0.232150 -0.459812 25.029999
v 0.329900 -0.376250 25.029999
v 0.382400 -0.262250 25.029999
v 0.382400 -0.262250 25.029999
v 0.385588 -0.151125 25.029999
v 0.358588 -0.072125 25.029999
v 0.358588 -0.072125 25.029999
v 0.305713 -0.007937 25.029999
v 0.233713 0.030563 25.029999
v 0.190963 0.039500 25.029999
v 0.253713 0.074250 25.029999
v 0.301963 0.126500 25.029999
v 0.301963 0.126500 25.029999
v 0.332713 0.190250 25.029999
v 0.342963 0.261500 25.029999
v 0.342963 0.261500 25.029999
v 0.317213 0.370750 25.029999
v 0.239963 0.450500 25.029999
v 0.239963 0.450500 25.029999
v 0.141463 0.492500 25.029999
v 0.021963 0.506500 25.029999
v 0.021963 0.506500 25.029999
v -0.389037 0.506500 25.029999
v -0.250037 0.392500 25.029999
v -0.010037 0.081500 25.029999
v -0.250037 0.081500 25.029999
v -0.250037 -0.029500 25.029999
v 0.109213 -0.371250 25.029999
v 0.071025 -0.379687 25.029999
v -0.389037 -0.506500 25.029999
v 0.232150 -0.459812 25.029999
v 0.382400 -0.262250 25.029999
v 0.358588 -0.072125 25.029999
v 0.358588 -0.072125 25.029999
v 0.233713 0.030563 25.029999
v 0.190963 0.039500 25.029999
v 0.190963 0.039500 25.029999
v 0.301963 0.126500 25.029999
v 0.342963 0.261500 25.029999
v 0.342963 0.261500 25.029999
v 0.239963 0.450500 25.029999
v 0.021963 0.506500 25.029999
v 0.021963 0.506500 25.029999
v -0.250037 0.392500 25.029999
v 0.003963 0.392500 25.029999
v 0.029963 0.083750 25.029999
v -0.010037 0.081500 25.029999
v -0.250037 -0.029500 25.029999
v 0.109213 -0.371250 25.029999
v -0.389037 -0.506500 25.029999
v 0.232150 -0.459812 25.029999
v 0.021963 0.506500 25.029999
v 0.003963 0.392500 25.029999
v 0.041838 0.390000 25.029999
v 0.066963 0.090500 25.029999
v 0.029963 0.083750 25.029999
v -0.250037 -0.029500 25.029999
v 0.144525 -0.357188 25.029999
v 0.109213 -0.371250 25.029999
v 0.232150 -0.459812 25.029999
v 0.021963 0.506500 25.029999
v 0.041838 0.390000 25.029999
v 0.077463 0.382500 25.029999
v 0.100963 0.101750 25.029999
v 0.066963 0.090500 25.029999
v -0.250037 -0.029500 25.029999
v 0.176963 -0.337500 25.029999
v 0.144525 -0.357188 25.029999
v 0.232150 -0.459812 25.029999
v 0.021963 0.506500 25.029999
v 0.077463 0.382500 25.029999
v 0.110838 0.370000 25.029999
v 0.100963 0.101750 25.029999
v -0.250037 -0.029500 25.029999
v 0.012963 -0.029500 25.029999
v 0.207150 -0.310375 25.029999
v 0.176963 -0.337500 25.029999
v 0.232150 -0.459812 25.029999
v 0.342963 0.261500 25.029999
v 0.021963 0.506500 25.029999
v 0.110838 0.370000 25.029999
v 0.131963 0.117500 25.029999
v 0.100963 0.101750 25.029999
v 0.012963 -0.029500 25.029999
v 0.228713 -0.279000 25.029999
v 0.207150 -0.310375 25.029999
v 0.232150 -0.459812 25.029999
v 0.342963 0.261500 25.029999
v 0.110838 0.370000 25.029999
v 0.141963 0.352500 25.029999
v 0.163025 0.141125 25.029999
v 0.131963 0.117500 25.029999
v 0.012963 -0.029500 25.029999
v 0.241650 -0.243375 25.029999
v 0.228713 -0.279000 25.029999
v 0.232150 -0.459812 25.029999
v 0.342963 0.261500 25.029999
v 0.141963 0.352500 25.029999
v 0.168650 0.330312 25.029999
v 0.163025 0.141125 25.029999
v 0.012963 -0.029500 25.029999
v 0.057275 -0.032062 25.029999
v 0.245963 -0.203500 25.029999
v 0.241650 -0.243375 25.029999
v 0.232150 -0.459812 25.029999
v 0.342963 0.261500 25.029999
v 0.168650 0.330312 25.029999
v 0.187713 0.303750 25.029999
v 0.185213 0.169000 25.029999
v 0.163025 0.141125 25.029999
v 0.057275 -0.032062 25.029999
v 0.245963 -0.203500 25.029999
v 0.232150 -0.459812 25.029999
v 0.358588 -0.072125 25.029999
v 0.342963 0.261500 25.029999
v 0.187713 0.303750 25.029999
v 0.199150 0.272812 25.029999
v 0.185213 0.169000 25.029999
v 0.057275 -0.032062 25.029999
v 0.098213 -0.039750 25.029999
v 0.241213 -0.162937 25.029999
v 0.245963 -0.203500 25.029999
v 0.358588 -0.072125 25.029999
v 0.342963 0.261500 25.029999
v 0.199150 0.272812 25.029999
v 0.202963 0.237500 25.029999
v 0.185213 0.169000 25.029999
v 0.098213 -0.039750 25.029999
v 0.135775 -0.052562 25.029999
v 0.226963 -0.127250 25.029999
v 0.241213 -0.162937 25.029999
v 0.358588 -0.072125 25.029999
v 0.190963 0.039500 25.029999
v 0.342963 0.261500 25.029999
v 0.202963 0.237500 25.029999
v 0.198525 0.201125 25.029999
v 0.185213 0.169000 25.029999
v 0.135775 -0.052562 25.029999
v 0.203213 -0.096438 25.029999
v 0.226963 -0.127250 25.029999
v 0.358588 -0.072125 25.029999
v 0.190963 0.039500 25.029999
v 0.202963 0.237500 25.029999
v 0.198525 0.201125 25.029999
v 0.198525 0.201125 25.029999
v 0.135775 -0.052562 25.029999
v 0.169963 -0.070500 25.029999
v 0.169963 -0.070500 25.029999
v 0.203213 -0.096438 25.029999
v 0.358588 -0.072125 25.029999
v 0.190963 0.039500 25.029999
v 0.198525 0.201125 25.029999
v 0.169963 -0.070500 25.029999
v 0.169963 -0.070500 25.029999
v 0.358588 -0.072125 25.029999
v 0.190963 0.039500 25.029999
v 0.190963 0.039500 -25.029999
v 0.224150 0.054688 -25.029999
v 0.205017 0.041074 -25.025980
v 0.224150 0.054688 -25.029999
v 0.229019 0.045918 -25.025980
v 0.205017 0.041074 -25.025980
v 0.205017 0.041074 -25.025980
v 0.229019 0.045918 -25.025980
v 0.215305 0.042227 -25.014999
v 0.229019 0.045918 -25.025980
v 0.232584 0.039499 -25.014999
v 0.215305 0.042227 -25.014999
v 0.215305 0.042227 -25.014999
v 0.232584 0.039499 -25.014999
v 0.219071 0.042648 -25.000000
v 0.232584 0.039499 -25.014999
v 0.233889 0.037149 -25.000000
v 0.219071 0.042648 -25.000000
v 0.219071 0.042648 -25.000000
v 0.233889 0.037149 -25.000000
v 0.219071 0.042648 25.000000
v 0.233889 0.037149 -25.000000
v 0.233889 0.037149 25.000000
v 0.219071 0.042648 25.000000
v 0.219071 0.042648 25.000000
v 0.233889 0.037149 25.000000
v 0.215305 0.042227 25.014999
v 0.233889 0.037149 25.000000
v 0.232584 0.039499 25.014999
v 0.215305 0.042227 25.014999
v 0.215305 0.042227 25.014999
v 0.232584 0.039499 25.014999
v 0.205017 0.041074 25.025982
v 0.232584 0.039499 25.014999
v 0.229019 0.045918 25.025982
v 0.205017 0.041074 25.025982
v 0.205017 0.041074 25.025982
v 0.229019 0.045918 25.025982
v 0.190963 0.039500 25.029999
v 0.229019 0.045918 25.025982
v 0.224150 0.054688 25.029999
v 0.190963 0.039500 25.029999
v 0.224150 0.054688 -25.029999
v 0.253713 0.074250 -25.029999
v 0.229019 0.045918 -25.025980
v 0.253713 0.074250 -25.029999
v 0.259903 0.066355 -25.025980
v 0.229019 0.045918 -25.025980
v 0.229019 0.045918 -25.025980
v 0.259903 0.066355 -25.025980
v 0.232584 0.039499 -25.014999
v 0.259903 0.066355 -25.025980
v 0.264434 0.060576 -25.014999
v 0.232584 0.039499 -25.014999
v 0.232584 0.039499 -25.014999
v 0.264434 0.060576 -25.014999
v 0.233889 0.037149 -25.000000
v 0.264434 0.060576 -25.014999
v 0.266093 0.058460 -25.000000
v 0.233889 0.037149 -25.000000
v 0.233889 0.037149 -25.000000
v 0.266093 0.058460 -25.000000
v 0.233889 0.037149 25.000000
v 0.266093 0.058460 -25.000000
v 0.266093 0.058460 25.000000
v 0.233889 0.037149 25.000000
v 0.233889 0.037149 25.000000
v 0.266093 0.058460 25.000000
v 0.232584 0.039499 25.014999
v 0.266093 0.058460 25.000000
v 0.264434 0.060576 25.014999
v 0.232584 0.039499 25.014999
v 0.232584 0.039499 25.014999
v 0.264434 0.060576 25.014999
v 0.229019 0.045918 25.025982
v 0.264434 0.060576 25.014999
v 0.259903 0.066355 25.025982
v 0.229019 0.045918 25.025982
v 0.229019 0.045918 25.025982
v 0.259903 0.066355 25.025982
v 0.224150 0.054688 25.029999
v 0.259903 0.066355 25.025982
v 0.253713 0.074250 25.029999
v 0.224150 0.054688 25.029999
v 0.253713 0.074250 -25.029999
v 0.279650 0.098188 -25.029999
v 0.259903 0.066355 -25.025980
v 0.279650 0.098188 -25.029999
v 0.287014 0.091376 -25.025980
v 0.259903 0.066355 -25.025980
v 0.259903 0.066355 -25.025980
v 0.287014 0.091376 -25.025980
v 0.264434 0.060576 -25.014999
v 0.287014 0.091376 -25.025980
v 0.292405 0.086389 -25.014999
v 0.264434 0.060576 -25.014999
v 0.264434 0.060576 -25.014999
v 0.292405 0.086389 -25.014999
v 0.266093 0.058460 -25.000000
v 0.292405 0.086389 -25.014999
v 0.294378 0.084564 -25.000000
v 0.266093 0.058460 -25.000000
v 0.266093 0.058460 -25.000000
v 0.294378 0.084564 -25.000000
v 0.266093 0.058460 25.000000
v 0.294378 0.084564 -25.000000
v 0.294378 0.084564 25.000000
v 0.266093 0.058460 25.000000
v 0.266093 0.058460 25.000000
v 0.294378 0.084564 25.000000
v 0.264434 0.060576 25.014999
v 0.294378 0.084564 25.000000
v 0.292405 0.086389 25.014999
v 0.264434 0.060576 25.014999
v 0.264434 0.060576 25.014999
v 0.292405 0.086389 25.014999
v 0.259903 0.066355 25.025982
v 0.292405 0.086389 25.014999
v 0.287014 0.091376 25.025982
v 0.259903 0.066355 25.025982
v 0.259903 0.066355 25.025982
v 0.287014 0.091376 25.025982
v 0.253713 0.074250 25.029999
v 0.287014 0.091376 25.025982
v 0.279650 0.098188 25.029999
v 0.253713 0.074250 25.029999
v 0.279650 0.098188 -25.029999
v 0.301963 0.126500 -25.029999
v 0.287014 0.091376 -25.025980
v 0.301963 0.126500 -25.029999
v 0.310257 0.120869 -25.025980
v 0.287014 0.091376 -25.025980
v 0.287014 0.091376 -25.025980
v 0.310257 0.120869 -25.025980
v 0.292405 0.086389 -25.014999
v 0.310257 0.120869 -25.025980
v 0.316329 0.116747 -25.014999
v 0.292405 0.086389 -25.014999
v 0.292405 0.086389 -25.014999
v 0.316329 0.116747 -25.014999
v 0.294378 0.084564 -25.000000
v 0.316329 0.116747 -25.014999
v 0.318551 0.115238 -25.000000
v 0.294378 0.084564 -25.000000
v 0.294378 0.084564 -25.000000
v 0.318551 0.115238 -25.000000
v 0.294378 0.084564 25.000000
v 0.318551 0.115238 -25.000000
v 0.318551 0.115238 25.000000
v 0.294378 0.084564 25.000000
v 0.294378 0.084564 25.000000
v 0.318551 0.115238 25.000000
v 0.292405 0.086389 25.014999
v 0.318551 0.115238 25.000000
v 0.316329 0.116747 25.014999
v 0.292405 0.086389 25.014999
v 0.292405 0.086389 25.014999
v 0.316329 0.116747 25.014999
v 0.287014 0.091376 25.025982
v 0.316329 0.116747 25.014999
v 0.310257 0.120869 25.025982
v 0.287014 0.091376 25.025982
v 0.287014 0.091376 25.025982
v 0.310257 0.120869 25.025982
v 0.279650 0.098188 25.029999
v 0.310257 0.120869 25.025982
v 0.301963 0.126500 25.029999
v 0.279650 0.098188 25.029999
v 0.301963 0.126500 -25.029999
v 0.319900 0.157438 -25.029999
v 0.310257 0.120869 -25.025980
v 0.319900 0.157438 -25.029999
v 0.328936 0.153085 -25.025980
v 0.310257 0.120869 -25.025980
v 0.310257 0.120869 -25.025980
v 0.328936 0.153085 -25.025980
v 0.316329 0.116747 -25.014999
v 0.328936 0.153085 -25.025980
v 0.335551 0.149899 -25.014999
v 0.316329 0.116747 -25.014999
v 0.316329 0.116747 -25.014999
v 0.335551 0.149899 -25.014999
v 0.318551 0.115238 -25.000000
v 0.335551 0.149899 -25.014999
v 0.337972 0.148733 -25.000000
v 0.318551 0.115238 -25.000000
v 0.318551 0.115238 -25.000000
v 0.337972 0.148733 -25.000000
v 0.318551 0.115238 25.000000
v 0.337972 0.148733 -25.000000
v 0.337972 0.148733 25.000000
v 0.318551 0.115238 25.000000
v 0.318551 0.115238 25.000000
v 0.337972 0.148733 25.000000
v 0.316329 0.116747 25.014999
v 0.337972 0.148733 25.000000
v 0.335551 0.149899 25.014999
v 0.316329 0.116747 25.014999
v 0.316329 0.116747 25.014999
v 0.335551 0.149899 25.014999
v 0.310257 0.120869 25.025982
v 0.335551 0.149899 25.014999
v 0.328936 0.153085 25.025982
v 0.310257 0.120869 25.025982
v 0.310257 0.120869 25.025982
v 0.328936 0.153085 25.025982
v 0.301963 0.126500 25.029999
v 0.328936 0.153085 25.025982
v 0.319900 0.157438 25.029999
v 0.301963 0.126500 25.029999
v 0.319900 0.157438 -25.029999
v 0.332713 0.190250 -25.029999
v 0.328936 0.153085 -25.025980
v 0.332713 0.190250 -25.029999
v 0.342309 0.187332 -25.025980
v 0.328936 0.153085 -25.025980
v 0.328936 0.153085 -25.025980
v 0.342309 0.187332 -25.025980
v 0.335551 0.149899 -25.014999
v 0.342309 0.187332 -25.025980
v 0.349333 0.185196 -25.014999
v 0.335551 0.149899 -25.014999
v 0.335551 0.149899 -25.014999
v 0.349333 0.185196 -25.014999
v 0.337972 0.148733 -25.000000
v 0.349333 0.185196 -25.014999
v 0.351905 0.184414 -25.000000
v 0.337972 0.148733 -25.000000
v 0.337972 0.148733 -25.000000
v 0.351905 0.184414 -25.000000
v 0.337972 0.148733 25.000000
v 0.351905 0.184414 -25.000000
v 0.351905 0.184414 25.000000
v 0.337972 0.148733 25.000000
v 0.337972 0.148733 25.000000
v 0.351905 0.184414 25.000000
v 0.335551 0.149899 25.014999
v 0.351905 0.184414 25.000000
v 0.349333 0.185196 25.014999
v 0.335551 0.149899 25.014999
v 0.335551 0.149899 25.014999
v 0.349333 0.185196 25.014999
v 0.328936 0.153085 25.025982
v 0.349333 0.185196 25.014999
v 0.342309 0.187332 25.025982
v 0.328936 0.153085 25.025982
v 0.328936 0.153085 25.025982
v 0.342309 0.187332 25.025982
v 0.319900 0.157438 25.029999
v 0.342309 0.187332 25.025982
v 0.332713 0.190250 25.029999
v 0.319900 0.157438 25.029999
v 0.332713 0.190250 -25.029999
v 0.340400 0.224938 -25.029999
v 0.342309 0.187332 -25.025980
v 0.340400 0.224938 -25.029999
v 0.350324 0.223498 -25.025980
v 0.342309 0.187332 -25.025980
v 0.342309 0.187332 -25.025980
v 0.350324 0.223498 -25.025980
v 0.349333 0.185196 -25.014999
v 0.350324 0.223498 -25.025980
v 0.357588 0.222445 -25.014999
v 0.349333 0.185196 -25.014999
v 0.349333 0.185196 -25.014999
v 0.357588 0.222445 -25.014999
v 0.351905 0.184414 -25.000000
v 0.357588 0.222445 -25.014999
v 0.360247 0.222059 -25.000000
v 0.351905 0.184414 -25.000000
v 0.351905 0.184414 -25.000000
v 0.360247 0.222059 -25.000000
v 0.351905 0.184414 25.000000
v 0.360247 0.222059 -25.000000
v 0.360247 0.222059 25.000000
v 0.351905 0.184414 25.000000
v 0.351905 0.184414 25.000000
v 0.360247 0.222059 25.000000
v 0.349333 0.185196 25.014999
v 0.360247 0.222059 25.000000
v 0.357588 0.222445 25.014999
v 0.349333 0.185196 25.014999
v 0.349333 0.185196 25.014999
v 0.357588 0.222445 25.014999
v 0.342309 0.187332 25.025982
v 0.357588 0.222445 25.014999
v 0.350324 0.223498 25.025982
v 0.342309 0.187332 25.025982
v 0.342309 0.187332 25.025982
v 0.350324 0.223498 25.025982
v 0.332713 0.190250 25.029999
v 0.350324 0.223498 25.025982
v 0.340400 0.224938 25.029999
v 0.332713 0.190250 25.029999
v 0.340400 0.224938 -25.029999
v 0.342963 0.261500 -25.029999
v 0.350324 0.223498 -25.025980
v 0.342963 0.261500 -25.029999
v 0.353001 0.261701 -25.025980
v 0.350324 0.223498 -25.025980
v 0.350324 0.223498 -25.025980
v 0.353001 0.261701 -25.025980
v 0.357588 0.222445 -25.014999
v 0.353001 0.261701 -25.025980
v 0.360350 0.261848 -25.014999
v 0.357588 0.222445 -25.014999
v 0.357588 0.222445 -25.014999
v 0.360350 0.261848 -25.014999
v 0.360247 0.222059 -25.000000
v 0.360350 0.261848 -25.014999
v 0.363040 0.261901 -25.000000
v 0.360247 0.222059 -25.000000
v 0.360247 0.222059 -25.000000
v 0.363040 0.261901 -25.000000
v 0.360247 0.222059 25.000000
v 0.363040 0.261901 -25.000000
v 0.363040 0.261901 25.000000
v 0.360247 0.222059 25.000000
v 0.360247 0.222059 25.000000
v 0.363040 0.261901 25.000000
v 0.357588 0.222445 25.014999
v 0.363040 0.261901 25.000000
v 0.360350 0.261848 25.014999
v 0.357588 0.222445 25.014999
v 0.357588 0.222445 25.014999
v 0.360350 0.261848 25.014999
v 0.350324 0.223498 25.025982
v 0.360350 0.261848 25.014999
v 0.353001 0.261701 25.025982
v 0.350324 0.223498 25.025982
v 0.350324 0.223498 25.025982
v 0.353001 0.261701 25.025982
v 0.340400 0.224938 25.029999
v 0.353001 0.261701 25.025982
v 0.342963 0.261500 25.029999
v 0.340400 0.224938 25.029999
v 0.342963 0.261500 -25.029999
v 0.336525 0.319812 -25.029999
v 0.353001 0.261701 -25.025980
v 0.336525 0.319812 -25.029999
v 0.346326 0.322171 -25.025980
v 0.353001 0.261701 -25.025980
v 0.353001 0.261701 -25.025980
v 0.346326 0.322171 -25.025980
v 0.360350 0.261848 -25.014999
v 0.346326 0.322171 -25.025980
v 0.353500 0.323898 -25.014999
v 0.360350 0.261848 -25.014999
v 0.360350 0.261848 -25.014999
v 0.353500 0.323898 -25.014999
v 0.363040 0.261901 -25.000000
v 0.353500 0.323898 -25.014999
v 0.356126 0.324530 -25.000000
v 0.363040 0.261901 -25.000000
v 0.363040 0.261901 -25.000000
v 0.356126 0.324530 -25.000000
v 0.363040 0.261901 25.000000
v 0.356126 0.324530 -25.000000
v 0.356126 0.324530 25.000000
v 0.363040 0.261901 25.000000
v 0.363040 0.261901 25.000000
v 0.356126 0.324530 25.000000
v 0.360350 0.261848 25.014999
v 0.356126 0.324530 25.000000
v 0.353500 0.323898 25.014999
v 0.360350 0.261848 25.014999
v 0.360350 0.261848 25.014999
v 0.353500 0.323898 25.014999
v 0.353001 0.261701 25.025982
v 0.353500 0.323898 25.014999
v 0.346326 0.322171 25.025982
v 0.353001 0.261701 25.025982
v 0.353001 0.261701 25.025982
v 0.346326 0.322171 25.025982
v 0.342963 0.261500 25.029999
v 0.346326 0.322171 25.025982
v 0.336525 0.319812 25.029999
v 0.342963 0.261500 25.029999
v 0.336525 0.319812 -25.029999
v 0.317213 0.370750 -25.029999
v 0.346326 0.322171 -25.025980
v 0.317213 0.370750 -25.029999
v 0.326075 0.375584 -25.025980
v 0.346326 0.322171 -25.025980
v 0.346326 0.322171 -25.025980
v 0.326075 0.375584 -25.025980
v 0.353500 0.323898 -25.014999
v 0.326075 0.375584 -25.025980
v 0.332562 0.379123 -25.014999
v 0.353500 0.323898 -25.014999
v 0.353500 0.323898 -25.014999
v 0.332562 0.379123 -25.014999
v 0.356126 0.324530 -25.000000
v 0.332562 0.379123 -25.014999
v 0.334936 0.380418 -25.000000
v 0.356126 0.324530 -25.000000
v 0.356126 0.324530 -25.000000
v 0.334936 0.380418 -25.000000
v 0.356126 0.324530 25.000000
v 0.334936 0.380418 -25.000000
v 0.334936 0.380418 25.000000
v 0.356126 0.324530 25.000000
v 0.356126 0.324530 25.000000
v 0.334936 0.380418 25.000000
v 0.353500 0.323898 25.014999
v 0.334936 0.380418 25.000000
v 0.332562 0.379123 25.014999
v 0.353500 0.323898 25.014999
v 0.353500 0.323898 25.014999
v 0.332562 0.379123 25.014999
v 0.346326 0.322171 25.025982
v 0.332562 0.379123 25.014999
v 0.326075 0.375584 25.025982
v 0.346326 0.322171 25.025982
v 0.346326 0.322171 25.025982
v 0.326075 0.375584 25.025982
v 0.336525 0.319812 25.029999
v 0.326075 0.375584 25.025982
v 0.317213 0.370750 25.029999
v 0.336525 0.319812 25.029999
v 0.317213 0.370750 -25.029999
v 0.285025 0.414312 -25.029999
v 0.326075 0.375584 -25.025980
v 0.285025 0.414312 -25.029999
v 0.292297 0.421298 -25.025980
v 0.326075 0.375584 -25.025980
v 0.326075 0.375584 -25.025980
v 0.292297 0.421298 -25.025980
v 0.332562 0.379123 -25.014999
v 0.292297 0.421298 -25.025980
v 0.297621 0.426411 -25.014999
v 0.332562 0.379123 -25.014999
v 0.332562 0.379123 -25.014999
v 0.297621 0.426411 -25.014999
v 0.334936 0.380418 -25.000000
v 0.297621 0.426411 -25.014999
v 0.299570 0.428283 -25.000000
v 0.334936 0.380418 -25.000000
v 0.334936 0.380418 -25.000000
v 0.299570 0.428283 -25.000000
v 0.334936 0.380418 25.000000
v 0.299570 0.428283 -25.000000
v 0.299570 0.428283 25.000000
v 0.334936 0.380418 25.000000
v 0.334936 0.380418 25.000000
v 0.299570 0.428283 25.000000
v 0.332562 0.379123 25.014999
v 0.299570 0.428283 25.000000
v 0.297621 0.426411 25.014999
v 0.332562 0.379123 25.014999
v 0.332562 0.379123 25.014999
v 0.297621 0.426411 25.014999
v 0.326075 0.375584 25.025982
v 0.297621 0.426411 25.014999
v 0.292297 0.421298 25.025982
v 0.326075 0.375584 25.025982
v 0.326075 0.375584 25.025982
v 0.292297 0.421298 25.025982
v 0.317213 0.370750 25.029999
v 0.292297 0.421298 25.025982
v 0.285025 0.414312 25.029999
v 0.317213 0.370750 25.029999
v 0.285025 0.414312 -25.029999
v 0.239963 0.450500 -25.029999
v 0.292297 0.421298 -25.025980
v 0.239963 0.450500 -25.029999
v 0.245470 0.458902 -25.025980
v 0.292297 0.421298 -25.025980
v 0.292297 0.421298 -25.025980
v 0.245470 0.458902 -25.025980
v 0.297621 0.426411 -25.014999
v 0.245470 0.458902 -25.025980
v 0.249502 0.465054 -25.014999
v 0.297621 0.426411 -25.014999
v 0.297621 0.426411 -25.014999
v 0.249502 0.465054 -25.014999
v 0.299570 0.428283 -25.000000
v 0.249502 0.465054 -25.014999
v 0.250978 0.467305 -25.000000
v 0.299570 0.428283 -25.000000
v 0.299570 0.428283 -25.000000
v 0.250978 0.467305 -25.000000
v 0.299570 0.428283 25.000000
v 0.250978 0.467305 -25.000000
v 0.250978 0.467305 25.000000
v 0.299570 0.428283 25.000000
v 0.299570 0.428283 25.000000
v 0.250978 0.467305 25.000000
v 0.297621 0.426411 25.014999
v 0.250978 0.467305 25.000000
v 0.249502 0.465054 25.014999
v 0.297621 0.426411 25.014999
v 0.297621 0.426411 25.014999
v 0.249502 0.465054 25.014999
v 0.292297 0.421298 25.025982
v 0.249502 0.465054 25.014999
v 0.245470 0.458902 25.025982
v 0.292297 0.421298 25.025982
v 0.292297 0.421298 25.025982
v 0.245470 0.458902 25.025982
v 0.285025 0.414312 25.029999
v 0.245470 0.458902 25.025982
v 0.239963 0.450500 25.029999
v 0.285025 0.414312 25.029999
v 0.239963 0.450500 -25.029999
v 0.193338 0.475000 -25.029999
v 0.245470 0.458902 -25.025980
v 0.193338 0.475000 -25.029999
v 0.197287 0.484222 -25.025980
v 0.245470 0.458902 -25.025980
v 0.245470 0.458902 -25.025980
v 0.197287 0.484222 -25.025980
v 0.249502 0.465054 -25.014999
v 0.197287 0.484222 -25.025980
v 0.200177 0.490972 -25.014999
v 0.249502 0.465054 -25.014999
v 0.249502 0.465054 -25.014999
v 0.200177 0.490972 -25.014999
v 0.250978 0.467305 -25.000000
v 0.200177 0.490972 -25.014999
v 0.201235 0.493443 -25.000000
v 0.250978 0.467305 -25.000000
v 0.250978 0.467305 -25.000000
v 0.201235 0.493443 -25.000000
v 0.250978 0.467305 25.000000
v 0.201235 0.493443 -25.000000
v 0.201235 0.493443 25.000000
v 0.250978 0.467305 25.000000
v 0.250978 0.467305 25.000000
v 0.201235 0.493443 25.000000
v 0.249502 0.465054 25.014999
v 0.201235 0.493443 25.000000
v 0.200177 0.490972 25.014999
v 0.249502 0.465054 25.014999
v 0.249502 0.465054 25.014999
v 0.200177 0.490972 25.014999
v 0.245470 0.458902 25.025982
v 0.200177 0.490972 25.014999
v 0.197287 0.484222 25.025982
v 0.245470 0.458902 25.025982
v 0.245470 0.458902 25.025982
v 0.197287 0.484222 25.025982
v 0.239963 0.450500 25.029999
v 0.197287 0.484222 25.025982
v 0.193338 0.475000 25.029999
v 0.239963 0.450500 25.029999
v 0.193338 0.475000 -25.029999
v 0.141463 0.492500 -25.029999
v 0.197287 0.484222 -25.025980
v 0.141463 0.492500 -25.029999
v 0.143978 0.502205 -25.025980
v 0.197287 0.484222 -25.025980
v 0.197287 0.484222 -25.025980
v 0.143978 0.502205 -25.025980
v 0.200177 0.490972 -25.014999
v 0.143978 0.502205 -25.025980
v 0.145819 0.509310 -25.014999
v 0.200177 0.490972 -25.014999
v 0.200177 0.490972 -25.014999
v 0.145819 0.509310 -25.014999
v 0.201235 0.493443 -25.000000
v 0.145819 0.509310 -25.014999
v 0.146493 0.511910 -25.000000
v 0.201235 0.493443 -25.000000
v 0.201235 0.493443 -25.000000
v 0.146493 0.511910 -25.000000
v 0.201235 0.493443 25.000000
v 0.146493 0.511910 -25.000000
v 0.146493 0.511910 25.000000
v 0.201235 0.493443 25.000000
v 0.201235 0.493443 25.000000
v 0.146493 0.511910 25.000000
v 0.200177 0.490972 25.014999
v 0.146493 0.511910 25.000000
v 0.145819 0.509310 25.014999
v 0.200177 0.490972 25.014999
v 0.200177 0.490972 25.014999
v 0.145819 0.509310 25.014999
v 0.197287 0.484222 25.025982
v 0.145819 0.509310 25.014999
v 0.143978 0.502205 25.025982
v 0.197287 0.484222 25.025982
v 0.197287 0.484222 25.025982
v 0.143978 0.502205 25.025982
v 0.193338 0.475000 25.029999
v 0.143978 0.502205 25.025982
v 0.141463 0.492500 25.029999
v 0.193338 0.475000 25.029999
v 0.141463 0.492500 -25.029999
v 0.084338 0.503000 -25.029999
v 0.143978 0.502205 -25.025980
v 0.084338 0.503000 -25.029999
v 0.085526 0.512949 -25.025980
v 0.143978 0.502205 -25.025980
v 0.143978 0.502205 -25.025980
v 0.085526 0.512949 -25.025980
v 0.145819 0.509310 -25.014999
v 0.085526 0.512949 -25.025980
v 0.086397 0.520232 -25.014999
v 0.145819 0.509310 -25.014999
v 0.145819 0.509310 -25.014999
v 0.086397 0.520232 -25.014999
v 0.146493 0.511910 -25.000000
v 0.086397 0.520232 -25.014999
v 0.086715 0.522898 -25.000000
v 0.146493 0.511910 -25.000000
v 0.146493 0.511910 -25.000000
v 0.086715 0.522898 -25.000000
v 0.146493 0.511910 25.000000
v 0.086715 0.522898 -25.000000
v 0.086715 0.522898 25.000000
v 0.146493 0.511910 25.000000
v 0.146493 0.511910 25.000000
v 0.086715 0.522898 25.000000
v 0.145819 0.509310 25.014999
v 0.086715 0.522898 25.000000
v 0.086397 0.520232 25.014999
v 0.145819 0.509310 25.014999
v 0.145819 0.509310 25.014999
v 0.086397 0.520232 25.014999
v 0.143978 0.502205 25.025982
v 0.086397 0.520232 25.014999
v 0.085526 0.512949 25.025982
v 0.143978 0.502205 25.025982
v 0.143978 0.502205 25.025982
v 0.085526 0.512949 25.025982
v 0.141463 0.492500 25.029999
v 0.085526 0.512949 25.025982
v 0.084338 0.503000 25.029999
v 0.141463 0.492500 25.029999
v 0.084338 0.503000 -25.029999
v 0.021963 0.506500 -25.029999
v 0.085526 0.512949 -25.025980
v 0.021963 0.506500 -25.029999
v 0.022243 0.516500 -25.025980
v 0.085526 0.512949 -25.025980
v 0.085526 0.512949 -25.025980
v 0.022243 0.516500 -25.025980
v 0.086397 0.520232 -25.014999
v 0.022243 0.516500 -25.025980
v 0.022448 0.523821 -25.014999
v 0.086397 0.520232 -25.014999
v 0.086397 0.520232 -25.014999
v 0.022448 0.523821 -25.014999
v 0.086715 0.522898 -25.000000
v 0.022448 0.523821 -25.014999
v 0.022523 0.526500 -25.000000
v 0.086715 0.522898 -25.000000
v 0.086715 0.522898 -25.000000
v 0.022523 0.526500 -25.000000
v 0.086715 0.522898 25.000000
v 0.022523 0.526500 -25.000000
v 0.022523 0.526500 25.000000
v 0.086715 0.522898 25.000000
v 0.086715 0.522898 25.000000
v 0.022523 0.526500 25.000000
v 0.086397 0.520232 25.014999
v 0.022523 0.526500 25.000000
v 0.022448 0.523821 25.014999
v 0.086397 0.520232 25.014999
v 0.086397 0.520232 25.014999
v 0.022448 0.523821 25.014999
v 0.085526 0.512949 25.025982
v 0.022448 0.523821 25.014999
v 0.022243 0.516500 25.025982
v 0.085526 0.512949 25.025982
v 0.085526 0.512949 25.025982
v 0.022243 0.516500 25.025982
v 0.084338 0.503000 25.029999
v 0.022243 0.516500 25.025982
v 0.021963 0.506500 25.029999
v 0.084338 0.503000 25.029999
v 0.021963 0.506500 -25.029999
v -0.389037 0.506500 -25.029999
v 0.022243 0.516500 -25.025980
v -0.389037 0.506500 -25.029999
v -0.399037 0.516500 -25.025980
v 0.022243 0.516500 -25.025980
v 0.022243 0.516500 -25.025980
v -0.399037 0.516500 -25.025980
v 0.022448 0.523821 -25.014999
v -0.399037 0.516500 -25.025980
v -0.406358 0.523821 -25.014999
v 0.022448 0.523821 -25.014999
v 0.022448 0.523821 -25.014999
v -0.406358 0.523821 -25.014999
v 0.022523 0.526500 -25.000000
v -0.406358 0.523821 -25.014999
v -0.409037 0.526500 -25.000000
v 0.022523 0.526500 -25.000000
v 0.022523 0.526500 -25.000000
v -0.409037 0.526500 -25.000000
v 0.022523 0.526500 25.000000
v -0.409037 0.526500 -25.000000
v -0.409037 0.526500 25.000000
v 0.022523 0.526500 25.000000
v 0.022523 0.526500 25.000000
v -0.409037 0.526500 25.000000
v 0.022448 0.523821 25.014999
v -0.409037 0.526500 25.000000
v -0.406358 0.523821 25.014999
v 0.022448 0.523821 25.014999
v 0.022448 0.523821 25.014999
v -0.406358 0.523821 25.014999
v 0.022243 0.516500 25.025982
v -0.406358 0.523821 25.014999
v -0.399037 0.516500 25.025982
v 0.022243 0.516500 25.025982
v 0.022243 0.516500 25.025982
v -0.399037 0.516500 25.025982
v 0.021963 0.506500 25.029999
v -0.399037 0.516500 25.025982
v -0.389037 0.506500 25.029999
v 0.021963 0.506500 25.029999
v -0.389037 0.506500 -25.029999
v -0.389037 -0.506500 -25.029999
v -0.399037 0.516500 -25.025980
v -0.389037 -0.506500 -25.029999
v -0.399037 -0.516500 -25.025980
v -0.399037 0.516500 -25.025980
v -0.399037 0.516500 -25.025980
v -0.399037 -0.516500 -25.025980
v -0.406358 0.523821 -25.014999
v -0.399037 -0.516500 -25.025980
v -0.406358 -0.523821 -25.014999
v -0.406358 0.523821 -25.014999
v -0.406358 0.523821 -25.014999
v -0.406358 -0.523821 -25.014999
v -0.409037 0.526500 -25.000000
v -0.406358 -0.523821 -25.014999
v -0.409037 -0.526500 -25.000000
v -0.409037 0.526500 -25.000000
v -0.409037 0.526500 -25.000000
v -0.409037 -0.526500 -25.000000
v -0.409037 0.526500 25.000000
v -0.409037 -0.526500 -25.000000
v -0.409037 -0.526500 25.000000
v -0.409037 0.526500 25.000000
v -0.409037 0.526500 25.000000
v -0.409037 -0.526500 25.000000
v -0.406358 0.523821 25.014999
v -0.409037 -0.526500 25.000000
v -0.406358 -0.523821 25.014999
v -0.406358 0.523821 25.014999
v -0.406358 0.523821 25.014999
v -0.406358 -0.523821 25.014999
v -0.399037 0.516500 25.025982
v -0.406358 -0.523821 25.014999
v -0.399037 -0.516500 25.025982
v -0.399037 0.516500 25.025982
v -0.399037 0.516500 25.025982
v -0.399037 -0.516500 25.025982
v -0.389037 0.506500 25.029999
v -0.399037 -0.516500 25.025982
v -0.389037 -0.506500 25.029999
v -0.389037 0.506500 25.029999
v -0.389037 -0.506500 -25.029999
v 0.042963 -0.506500 -25.029999
v -0.399037 -0.516500 -25.025980
v 0.042963 -0.506500 -25.029999
v 0.043340 -0.516500 -25.025980
v -0.399037 -0.516500 -25.025980
v -0.399037 -0.516500 -25.025980
v 0.043340 -0.516500 -25.025980
v -0.406358 -0.523821 -25.014999
v 0.043340 -0.516500 -25.025980
v 0.043616 -0.523821 -25.014999
v -0.406358 -0.523821 -25.014999
v -0.406358 -0.523821 -25.014999
v 0.043616 -0.523821 -25.014999
v -0.409037 -0.526500 -25.000000
v 0.043616 -0.523821 -25.014999
v 0.043717 -0.526500 -25.000000
v -0.409037 -0.526500 -25.000000
v -0.409037 -0.526500 -25.000000
v 0.043717 -0.526500 -25.000000
v -0.409037 -0.526500 25.000000
v 0.043717 -0.526500 -25.000000
v 0.043717 -0.526500 25.000000
v -0.409037 -0.526500 25.000000
v -0.409037 -0.526500 25.000000
v 0.043717 -0.526500 25.000000
v -0.406358 -0.523821 25.014999
v 0.043717 -0.526500 25.000000
v 0.043616 -0.523821 25.014999
v -0.406358 -0.523821 25.014999
v -0.406358 -0.523821 25.014999
v 0.043616 -0.523821 25.014999
v -0.399037 -0.516500 25.025982
v 0.043616 -0.523821 25.014999
v 0.043340 -0.516500 25.025982
v -0.399037 -0.516500 25.025982
v -0.399037 -0.516500 25.025982
v 0.043340 -0.516500 25.025982
v -0.389037 -0.506500 25.029999
v 0.043340 -0.516500 25.025982
v 0.042963 -0.506500 25.029999
v -0.389037 -0.506500 25.029999
v 0.042963 -0.506500 -25.029999
v 0.111650 -0.501312 -25.029999
v 0.043340 -0.516500 -25.025980
v 0.111650 -0.501312 -25.029999
v 0.113236 -0.511221 -25.025980
v 0.043340 -0.516500 -25.025980
v 0.043340 -0.516500 -25.025980
v 0.113236 -0.511221 -25.025980
v 0.043616 -0.523821 -25.014999
v 0.113236 -0.511221 -25.025980
v 0.114396 -0.518475 -25.014999
v 0.043616 -0.523821 -25.014999
v 0.043616 -0.523821 -25.014999
v 0.114396 -0.518475 -25.014999
v 0.043717 -0.526500 -25.000000
v 0.114396 -0.518475 -25.014999
v 0.114821 -0.521130 -25.000000
v 0.043717 -0.526500 -25.000000
v 0.043717 -0.526500 -25.000000
v 0.114821 -0.521130 -25.000000
v 0.043717 -0.526500 25.000000
v 0.114821 -0.521130 -25.000000
v 0.114821 -0.521130 25.000000
v 0.043717 -0.526500 25.000000
v 0.043717 -0.526500 25.000000
v 0.114821 -0.521130 25.000000
v 0.043616 -0.523821 25.014999
v 0.114821 -0.521130 25.000000
v 0.114396 -0.518475 25.014999
v 0.043616 -0.523821 25.014999
v 0.043616 -0.523821 25.014999
v 0.114396 -0.518475 25.014999
v 0.043340 -0.516500 25.025982
v 0.114396 -0.518475 25.014999
v 0.113236 -0.511221 25.025982
v 0.043340 -0.516500 25.025982
v 0.043340 -0.516500 25.025982
v 0.113236 -0.511221 25.025982
v 0.042963 -0.506500 25.029999
v 0.113236 -0.511221 25.025982
v 0.111650 -0.501312 25.029999
v 0.042963 -0.506500 25.029999
v 0.111650 -0.501312 -25.029999
v 0.174713 -0.485750 -25.029999
v 0.113236 -0.511221 -25.025980
v 0.174713 -0.485750 -25.029999
v 0.177996 -0.495240 -25.025980
v 0.113236 -0.511221 -25.025980
v 0.113236 -0.511221 -25.025980
v 0.177996 -0.495240 -25.025980
v 0.114396 -0.518475 -25.014999
v 0.177996 -0.495240 -25.025980
v 0.180399 -0.502187 -25.014999
v 0.114396 -0.518475 -25.014999
v 0.114396 -0.518475 -25.014999
v 0.180399 -0.502187 -25.014999
v 0.114821 -0.521130 -25.000000
v 0.180399 -0.502187 -25.014999
v 0.181279 -0.504730 -25.000000
v 0.114821 -0.521130 -25.000000
v 0.114821 -0.521130 -25.000000
v 0.181279 -0.504730 -25.000000
v 0.114821 -0.521130 25.000000
v 0.181279 -0.504730 -25.000000
v 0.181279 -0.504730 25.000000
v 0.114821 -0.521130 25.000000
v 0.114821 -0.521130 25.000000
v 0.181279 -0.504730 25.000000
v 0.114396 -0.518475 25.014999
v 0.181279 -0.504730 25.000000
v 0.180399 -0.502187 25.014999
v 0.114396 -0.518475 25.014999
v 0.114396 -0.518475 25.014999
v 0.180399 -0.502187 25.014999
v 0.113236 -0.511221 25.025982
v 0.180399 -0.502187 25.014999
v 0.177996 -0.495240 25.025982
v 0.113236 -0.511221 25.025982
v 0.113236 -0.511221 25.025982
v 0.177996 -0.495240 25.025982
v 0.111650 -0.501312 25.029999
v 0.177996 -0.495240 25.025982
v 0.174713 -0.485750 25.029999
v 0.111650 -0.501312 25.029999
v 0.174713 -0.485750 -25.029999
v 0.232150 -0.459812 -25.029999
v 0.177996 -0.495240 -25.025980
v 0.232150 -0.459812 -25.029999
v 0.237121 -0.468540 -25.025980
v 0.177996 -0.495240 -25.025980
v 0.177996 -0.495240 -25.025980
v 0.237121 -0.468540 -25.025980
v 0.180399 -0.502187 -25.014999
v 0.237121 -0.468540 -25.025980
v 0.240760 -0.474929 -25.014999
v 0.180399 -0.502187 -25.014999
v 0.180399 -0.502187 -25.014999
v 0.240760 -0.474929 -25.014999
v 0.181279 -0.504730 -25.000000
v 0.240760 -0.474929 -25.014999
v 0.242092 -0.477268 -25.000000
v 0.181279 -0.504730 -25.000000
v 0.181279 -0.504730 -25.000000
v 0.242092 -0.477268 -25.000000
v 0.181279 -0.504730 25.000000
v 0.242092 -0.477268 -25.000000
v 0.242092 -0.477268 25.000000
v 0.181279 -0.504730 25.000000
v 0.181279 -0.504730 25.000000
v 0.242092 -0.477268 25.000000
v 0.180399 -0.502187 25.014999
v 0.242092 -0.477268 25.000000
v 0.240760 -0.474929 25.014999
v 0.180399 -0.502187 25.014999
v 0.180399 -0.502187 25.014999
v 0.240760 -0.474929 25.014999
v 0.177996 -0.495240 25.025982
v 0.240760 -0.474929 25.014999
v 0.237121 -0.468540 25.025982
v 0.177996 -0.495240 25.025982
v 0.177996 -0.495240 25.025982
v 0.237121 -0.468540 25.025982
v 0.174713 -0.485750 25.029999
v 0.237121 -0.468540 25.025982
v 0.232150 -0.459812 25.029999
v 0.174713 -0.485750 25.029999
v 0.232150 -0.459812 -25.029999
v 0.283963 -0.423500 -25.029999
v 0.237121 -0.468540 -25.025980
v 0.283963 -0.423500 -25.029999
v 0.290475 -0.431147 -25.025980
v 0.237121 -0.468540 -25.025980
v 0.237121 -0.468540 -25.025980
v 0.290475 -0.431147 -25.025980
v 0.240760 -0.474929 -25.014999
v 0.290475 -0.431147 -25.025980
v 0.295242 -0.436746 -25.014999
v 0.240760 -0.474929 -25.014999
v 0.240760 -0.474929 -25.014999
v 0.295242 -0.436746 -25.014999
v 0.242092 -0.477268 -25.000000
v 0.295242 -0.436746 -25.014999
v 0.296987 -0.438795 -25.000000
v 0.242092 -0.477268 -25.000000
v 0.242092 -0.477268 -25.000000
v 0.296987 -0.438795 -25.000000
v 0.242092 -0.477268 25.000000
v 0.296987 -0.438795 -25.000000
v 0.296987 -0.438795 25.000000
v 0.242092 -0.477268 25.000000
v 0.242092 -0.477268 25.000000
v 0.296987 -0.438795 25.000000
v 0.240760 -0.474929 25.014999
v 0.296987 -0.438795 25.000000
v 0.295242 -0.436746 25.014999
v 0.240760 -0.474929 25.014999
v 0.240760 -0.474929 25.014999
v 0.295242 -0.436746 25.014999
v 0.237121 -0.468540 25.025982
v 0.295242 -0.436746 25.014999
v 0.290475 -0.431147 25.025982
v 0.237121 -0.468540 25.025982
v 0.237121 -0.468540 25.025982
v 0.290475 -0.431147 25.025982
v 0.232150 -0.459812 25.029999
v 0.290475 -0.431147 25.025982
v 0.283963 -0.423500 25.029999
v 0.232150 -0.459812 25.029999
v 0.283963 -0.423500 -25.029999
v 0.329900 -0.376250 -25.029999
v 0.290475 -0.431147 -25.025980
v 0.329900 -0.376250 -25.029999
v 0.337851 -0.382417 -25.025980
v 0.290475 -0.431147 -25.025980
v 0.290475 -0.431147 -25.025980
v 0.337851 -0.382417 -25.025980
v 0.295242 -0.436746 -25.014999
v 0.337851 -0.382417 -25.025980
v 0.343672 -0.386932 -25.014999
v 0.295242 -0.436746 -25.014999
v 0.295242 -0.436746 -25.014999
v 0.343672 -0.386932 -25.014999
v 0.296987 -0.438795 -25.000000
v 0.343672 -0.386932 -25.014999
v 0.345803 -0.388584 -25.000000
v 0.296987 -0.438795 -25.000000
v 0.296987 -0.438795 -25.000000
v 0.345803 -0.388584 -25.000000
v 0.296987 -0.438795 25.000000
v 0.345803 -0.388584 -25.000000
v 0.345803 -0.388584 25.000000
v 0.296987 -0.438795 25.000000
v 0.296987 -0.438795 25.000000
v 0.345803 -0.388584 25.000000
v 0.295242 -0.436746 25.014999
v 0.345803 -0.388584 25.000000
v 0.343672 -0.386932 25.014999
v 0.295242 -0.436746 25.014999
v 0.295242 -0.436746 25.014999
v 0.343672 -0.386932 25.014999
v 0.290475 -0.431147 25.025982
v 0.343672 -0.386932 25.014999
v 0.337851 -0.382417 25.025982
v 0.290475 -0.431147 25.025982
v 0.290475 -0.431147 25.025982
v 0.337851 -0.382417 25.025982
v 0.283963 -0.423500 25.029999
v 0.337851 -0.382417 25.025982
v 0.329900 -0.376250 25.029999
v 0.283963 -0.423500 25.029999
v 0.329900 -0.376250 -25.029999
v 0.362713 -0.322500 -25.029999
v 0.337851 -0.382417 -25.025980
v 0.362713 -0.322500 -25.029999
v 0.371856 -0.326715 -25.025980
v 0.337851 -0.382417 -25.025980
v 0.337851 -0.382417 -25.025980
v 0.371856 -0.326715 -25.025980
v 0.343672 -0.386932 -25.014999
v 0.371856 -0.326715 -25.025980
v 0.378549 -0.329800 -25.014999
v 0.343672 -0.386932 -25.014999
v 0.343672 -0.386932 -25.014999
v 0.378549 -0.329800 -25.014999
v 0.345803 -0.388584 -25.000000
v 0.378549 -0.329800 -25.014999
v 0.380999 -0.330930 -25.000000
v 0.345803 -0.388584 -25.000000
v 0.345803 -0.388584 -25.000000
v 0.380999 -0.330930 -25.000000
v 0.345803 -0.388584 25.000000
v 0.380999 -0.330930 -25.000000
v 0.380999 -0.330930 25.000000
v 0.345803 -0.388584 25.000000
v 0.345803 -0.388584 25.000000
v 0.380999 -0.330930 25.000000
v 0.343672 -0.386932 25.014999
v 0.380999 -0.330930 25.000000
v 0.378549 -0.329800 25.014999
v 0.343672 -0.386932 25.014999
v 0.343672 -0.386932 25.014999
v 0.378549 -0.329800 25.014999
v 0.337851 -0.382417 25.025982
v 0.378549 -0.329800 25.014999
v 0.371856 -0.326715 25.025982
v 0.337851 -0.382417 25.025982
v 0.337851 -0.382417 25.025982
v 0.371856 -0.326715 25.025982
v 0.329900 -0.376250 25.029999
v 0.371856 -0.326715 25.025982
v 0.362713 -0.322500 25.029999
v 0.329900 -0.376250 25.029999
v 0.362713 -0.322500 -25.029999
v 0.382400 -0.262250 -25.029999
v 0.371856 -0.326715 -25.025980
v 0.382400 -0.262250 -25.029999
v 0.392245 -0.264317 -25.025980
v 0.371856 -0.326715 -25.025980
v 0.371856 -0.326715 -25.025980
v 0.392245 -0.264317 -25.025980
v 0.378549 -0.329800 -25.014999
v 0.392245 -0.264317 -25.025980
v 0.399452 -0.265830 -25.014999
v 0.378549 -0.329800 -25.014999
v 0.378549 -0.329800 -25.014999
v 0.399452 -0.265830 -25.014999
v 0.380999 -0.330930 -25.000000
v 0.399452 -0.265830 -25.014999
v 0.402090 -0.266383 -25.000000
v 0.380999 -0.330930 -25.000000
v 0.380999 -0.330930 -25.000000
v 0.402090 -0.266383 -25.000000
v 0.380999 -0.330930 25.000000
v 0.402090 -0.266383 -25.000000
v 0.402090 -0.266383 25.000000
v 0.380999 -0.330930 25.000000
v 0.380999 -0.330930 25.000000
v 0.402090 -0.266383 25.000000
v 0.378549 -0.329800 25.014999
v 0.402090 -0.266383 25.000000
v 0.399452 -0.265830 25.014999
v 0.378549 -0.329800 25.014999
v 0.378549 -0.329800 25.014999
v 0.399452 -0.265830 25.014999
v 0.371856 -0.326715 25.025982
v 0.399452 -0.265830 25.014999
v 0.392245 -0.264317 25.025982
v 0.371856 -0.326715 25.025982
v 0.371856 -0.326715 25.025982
v 0.392245 -0.264317 25.025982
v 0.362713 -0.322500 25.029999
v 0.392245 -0.264317 25.025982
v 0.382400 -0.262250 25.029999
v 0.362713 -0.322500 25.029999
v 0.382400 -0.262250 -25.029999
v 0.388963 -0.195500 -25.029999
v 0.392245 -0.264317 -25.025980
v 0.388963 -0.195500 -25.029999
v 0.399000 -0.195611 -25.025980
v 0.392245 -0.264317 -25.025980
v 0.392245 -0.264317 -25.025980
v 0.399000 -0.195611 -25.025980
v 0.399452 -0.265830 -25.014999
v 0.399000 -0.195611 -25.025980
v 0.406348 -0.195692 -25.014999
v 0.399452 -0.265830 -25.014999
v 0.399452 -0.265830 -25.014999
v 0.406348 -0.195692 -25.014999
v 0.402090 -0.266383 -25.000000
v 0.406348 -0.195692 -25.014999
v 0.409037 -0.195722 -25.000000
v 0.402090 -0.266383 -25.000000
v 0.402090 -0.266383 -25.000000
v 0.409037 -0.195722 -25.000000
v 0.402090 -0.266383 25.000000
v 0.409037 -0.195722 -25.000000
v 0.409037 -0.195722 25.000000
v 0.402090 -0.266383 25.000000
v 0.402090 -0.266383 25.000000
v 0.409037 -0.195722 25.000000
v 0.399452 -0.265830 25.014999
v 0.409037 -0.195722 25.000000
v 0.406348 -0.195692 25.014999
v 0.399452 -0.265830 25.014999
v 0.399452 -0.265830 25.014999
v 0.406348 -0.195692 25.014999
v 0.392245 -0.264317 25.025982
v 0.406348 -0.195692 25.014999
v 0.399000 -0.195611 25.025982
v 0.392245 -0.264317 25.025982
v 0.392245 -0.264317 25.025982
v 0.399000 -0.195611 25.025982
v 0.382400 -0.262250 25.029999
v 0.399000 -0.195611 25.025982
v 0.388963 -0.195500 25.029999
v 0.382400 -0.262250 25.029999
v 0.388963 -0.195500 -25.029999
v 0.385588 -0.151125 -25.029999
v 0.399000 -0.195611 -25.025980
v 0.385588 -0.151125 -25.029999
v 0.395496 -0.149540 -25.025980
v 0.399000 -0.195611 -25.025980
v 0.399000 -0.195611 -25.025980
v 0.395496 -0.149540 -25.025980
v 0.406348 -0.195692 -25.014999
v 0.395496 -0.149540 -25.025980
v 0.402749 -0.148379 -25.014999
v 0.406348 -0.195692 -25.014999
v 0.406348 -0.195692 -25.014999
v 0.402749 -0.148379 -25.014999
v 0.409037 -0.195722 -25.000000
v 0.402749 -0.148379 -25.014999
v 0.405404 -0.147954 -25.000000
v 0.409037 -0.195722 -25.000000
v 0.409037 -0.195722 -25.000000
v 0.405404 -0.147954 -25.000000
v 0.409037 -0.195722 25.000000
v 0.405404 -0.147954 -25.000000
v 0.405404 -0.147954 25.000000
v 0.409037 -0.195722 25.000000
v 0.409037 -0.195722 25.000000
v 0.405404 -0.147954 25.000000
v 0.406348 -0.195692 25.014999
v 0.405404 -0.147954 25.000000
v 0.402749 -0.148379 25.014999
v 0.406348 -0.195692 25.014999
v 0.406348 -0.195692 25.014999
v 0.402749 -0.148379 25.014999
v 0.399000 -0.195611 25.025982
v 0.402749 -0.148379 25.014999
v 0.395496 -0.149540 25.025982
v 0.399000 -0.195611 25.025982
v 0.399000 -0.195611 25.025982
v 0.395496 -0.149540 25.025982
v 0.388963 -0.195500 25.029999
v 0.395496 -0.149540 25.025982
v 0.385588 -0.151125 25.029999
v 0.388963 -0.195500 25.029999
v 0.385588 -0.151125 -25.029999
v 0.375463 -0.110000 -25.029999
v 0.395496 -0.149540 -25.025980
v 0.375463 -0.110000 -25.029999
v 0.384960 -0.106744 -25.025980
v 0.395496 -0.149540 -25.025980
v 0.395496 -0.149540 -25.025980
v 0.384960 -0.106744 -25.025980
v 0.402749 -0.148379 -25.014999
v 0.384960 -0.106744 -25.025980
v 0.391912 -0.104361 -25.014999
v 0.402749 -0.148379 -25.014999
v 0.402749 -0.148379 -25.014999
v 0.391912 -0.104361 -25.014999
v 0.405404 -0.147954 -25.000000
v 0.391912 -0.104361 -25.014999
v 0.394457 -0.103488 -25.000000
v 0.405404 -0.147954 -25.000000
v 0.405404 -0.147954 -25.000000
v 0.394457 -0.103488 -25.000000
v 0.405404 -0.147954 25.000000
v 0.394457 -0.103488 -25.000000
v 0.394457 -0.103488 25.000000
v 0.405404 -0.147954 25.000000
v 0.405404 -0.147954 25.000000
v 0.394457 -0.103488 25.000000
v 0.402749 -0.148379 25.014999
v 0.394457 -0.103488 25.000000
v 0.391912 -0.104361 25.014999
v 0.402749 -0.148379 25.014999
v 0.402749 -0.148379 25.014999
v 0.391912 -0.104361 25.014999
v 0.395496 -0.149540 25.025982
v 0.391912 -0.104361 25.014999
v 0.384960 -0.106744 25.025982
v 0.395496 -0.149540 25.025982
v 0.395496 -0.149540 25.025982
v 0.384960 -0.106744 25.025982
v 0.385588 -0.151125 25.029999
v 0.384960 -0.106744 25.025982
v 0.375463 -0.110000 25.029999
v 0.385588 -0.151125 25.029999
v 0.375463 -0.110000 -25.029999
v 0.358588 -0.072125 -25.029999
v 0.384960 -0.106744 -25.025980
v 0.358588 -0.072125 -25.029999
v 0.367356 -0.067233 -25.025980
v 0.384960 -0.106744 -25.025980
v 0.384960 -0.106744 -25.025980
v 0.367356 -0.067233 -25.025980
v 0.391912 -0.104361 -25.014999
v 0.367356 -0.067233 -25.025980
v 0.373774 -0.063651 -25.014999
v 0.391912 -0.104361 -25.014999
v 0.391912 -0.104361 -25.014999
v 0.373774 -0.063651 -25.014999
v 0.394457 -0.103488 -25.000000
v 0.373774 -0.063651 -25.014999
v 0.376123 -0.062340 -25.000000
v 0.394457 -0.103488 -25.000000
v 0.394457 -0.103488 -25.000000
v 0.376123 -0.062340 -25.000000
v 0.394457 -0.103488 25.000000
v 0.376123 -0.062340 -25.000000
v 0.376123 -0.062340 25.000000
v 0.394457 -0.103488 25.000000
v 0.394457 -0.103488 25.000000
v 0.376123 -0.062340 25.000000
v 0.391912 -0.104361 25.014999
v 0.376123 -0.062340 25.000000
v 0.373774 -0.063651 25.014999
v 0.391912 -0.104361 25.014999
v 0.391912 -0.104361 25.014999
v 0.373774 -0.063651 25.014999
v 0.384960 -0.106744 25.025982
v 0.373774 -0.063651 25.014999
v 0.367356 -0.067233 25.025982
v 0.384960 -0.106744 25.025982
v 0.384960 -0.106744 25.025982
v 0.367356 -0.067233 25.025982
v 0.375463 -0.110000 25.029999
v 0.367356 -0.067233 25.025982
v 0.358588 -0.072125 25.029999
v 0.375463 -0.110000 25.029999
v 0.358588 -0.072125 -25.029999
v 0.334963 -0.037500 -25.029999
v 0.367356 -0.067233 -25.025980
v 0.334963 -0.037500 -25.029999
v 0.342711 -0.031113 -25.025980
v 0.367356 -0.067233 -25.025980
v 0.367356 -0.067233 -25.025980
v 0.342711 -0.031113 -25.025980
v 0.373774 -0.063651 -25.014999
v 0.342711 -0.031113 -25.025980
v 0.348383 -0.026437 -25.014999
v 0.373774 -0.063651 -25.014999
v 0.373774 -0.063651 -25.014999
v 0.348383 -0.026437 -25.014999
v 0.376123 -0.062340 -25.000000
v 0.348383 -0.026437 -25.014999
v 0.350459 -0.024726 -25.000000
v 0.376123 -0.062340 -25.000000
v 0.376123 -0.062340 -25.000000
v 0.350459 -0.024726 -25.000000
v 0.376123 -0.062340 25.000000
v 0.350459 -0.024726 -25.000000
v 0.350459 -0.024726 25.000000
v 0.376123 -0.062340 25.000000
v 0.376123 -0.062340 25.000000
v 0.350459 -0.024726 25.000000
v 0.373774 -0.063651 25.014999
v 0.350459 -0.024726 25.000000
v 0.348383 -0.026437 25.014999
v 0.373774 -0.063651 25.014999
v 0.373774 -0.063651 25.014999
v 0.348383 -0.026437 25.014999
v 0.367356 -0.067233 25.025982
v 0.348383 -0.026437 25.014999
v 0.342711 -0.031113 25.025982
v 0.367356 -0.067233 25.025982
v 0.367356 -0.067233 25.025982
v 0.342711 -0.031113 25.025982
v 0.358588 -0.072125 25.029999
v 0.342711 -0.031113 25.025982
v 0.334963 -0.037500 25.029999
v 0.358588 -0.072125 25.029999
v 0.334963 -0.037500 -25.029999
v 0.305713 -0.007937 -25.029999
v 0.342711 -0.031113 -25.025980
v 0.305713 -0.007937 -25.029999
v 0.312120 -0.000195 -25.025980
v 0.342711 -0.031113 -25.025980
v 0.342711 -0.031113 -25.025980
v 0.312120 -0.000195 -25.025980
v 0.348383 -0.026437 -25.014999
v 0.312120 -0.000195 -25.025980
v 0.316810 0.005473 -25.014999
v 0.348383 -0.026437 -25.014999
v 0.348383 -0.026437 -25.014999
v 0.316810 0.005473 -25.014999
v 0.350459 -0.024726 -25.000000
v 0.316810 0.005473 -25.014999
v 0.318526 0.007548 -25.000000
v 0.350459 -0.024726 -25.000000
v 0.350459 -0.024726 -25.000000
v 0.318526 0.007548 -25.000000
v 0.350459 -0.024726 25.000000
v 0.318526 0.007548 -25.000000
v 0.318526 0.007548 25.000000
v 0.350459 -0.024726 25.000000
v 0.350459 -0.024726 25.000000
v 0.318526 0.007548 25.000000
v 0.348383 -0.026437 25.014999
v 0.318526 0.007548 25.000000
v 0.316810 0.005473 25.014999
v 0.348383 -0.026437 25.014999
v 0.348383 -0.026437 25.014999
v 0.316810 0.005473 25.014999
v 0.342711 -0.031113 25.025982
v 0.316810 0.005473 25.014999
v 0.312120 -0.000195 25.025982
v 0.342711 -0.031113 25.025982
v 0.342711 -0.031113 25.025982
v 0.312120 -0.000195 25.025982
v 0.334963 -0.037500 25.029999
v 0.312120 -0.000195 25.025982
v 0.305713 -0.007937 25.029999
v 0.334963 -0.037500 25.029999
v 0.305713 -0.007937 -25.029999
v 0.271963 0.014750 -25.029999
v 0.312120 -0.000195 -25.025980
v 0.271963 0.014750 -25.029999
v 0.276710 0.023608 -25.025980
v 0.312120 -0.000195 -25.025980
v 0.312120 -0.000195 -25.025980
v 0.276710 0.023608 -25.025980
v 0.316810 0.005473 -25.014999
v 0.276710 0.023608 -25.025980
v 0.280185 0.030093 -25.014999
v 0.316810 0.005473 -25.014999
v 0.316810 0.005473 -25.014999
v 0.280185 0.030093 -25.014999
v 0.318526 0.007548 -25.000000
v 0.280185 0.030093 -25.014999
v 0.281456 0.032467 -25.000000
v 0.318526 0.007548 -25.000000
v 0.318526 0.007548 -25.000000
v 0.281456 0.032467 -25.000000
v 0.318526 0.007548 25.000000
v 0.281456 0.032467 -25.000000
v 0.281456 0.032467 25.000000
v 0.318526 0.007548 25.000000
v 0.318526 0.007548 25.000000
v 0.281456 0.032467 25.000000
v 0.316810 0.005473 25.014999
v 0.281456 0.032467 25.000000
v 0.280185 0.030093 25.014999
v 0.316810 0.005473 25.014999
v 0.316810 0.005473 25.014999
v 0.280185 0.030093 25.014999
v 0.312120 -0.000195 25.025982
v 0.280185 0.030093 25.014999
v 0.276710 0.023608 25.025982
v 0.312120 -0.000195 25.025982
v 0.312120 -0.000195 25.025982
v 0.276710 0.023608 25.025982
v 0.305713 -0.007937 25.029999
v 0.276710 0.023608 25.025982
v 0.271963 0.014750 25.029999
v 0.305713 -0.007937 25.029999
v 0.271963 0.014750 -25.029999
v 0.233713 0.030563 -25.029999
v 0.276710 0.023608 -25.025980
v 0.233713 0.030563 -25.029999
v 0.236672 0.040160 -25.025980
v 0.276710 0.023608 -25.025980
v 0.276710 0.023608 -25.025980
v 0.236672 0.040160 -25.025980
v 0.280185 0.030093 -25.014999
v 0.236672 0.040160 -25.025980
v 0.238838 0.047186 -25.014999
v 0.280185 0.030093 -25.014999
v 0.280185 0.030093 -25.014999
v 0.238838 0.047186 -25.014999
v 0.281456 0.032467 -25.000000
v 0.238838 0.047186 -25.014999
v 0.239630 0.049758 -25.000000
v 0.281456 0.032467 -25.000000
v 0.281456 0.032467 -25.000000
v 0.239630 0.049758 -25.000000
v 0.281456 0.032467 25.000000
v 0.239630 0.049758 -25.000000
v 0.239630 0.049758 25.000000
v 0.281456 0.032467 25.000000
v 0.281456 0.032467 25.000000
v 0.239630 0.049758 25.000000
v 0.280185 0.030093 25.014999
v 0.239630 0.049758 25.000000
v 0.238838 0.047186 25.014999
v 0.280185 0.030093 25.014999
v 0.280185 0.030093 25.014999
v 0.238838 0.047186 25.014999
v 0.276710 0.023608 25.025982
v 0.238838 0.047186 25.014999
v 0.236672 0.040160 25.025982
v 0.276710 0.023608 25.025982
v 0.276710 0.023608 25.025982
v 0.236672 0.040160 25.025982
v 0.271963 0.014750 25.029999
v 0.236672 0.040160 25.025982
v 0.233713 0.030563 25.029999
v 0.271963 0.014750 25.029999
v 0.233713 0.030563 -25.029999
v 0.190963 0.039500 -25.029999
v 0.236672 0.040160 -25.025980
v 0.190963 0.039500 -25.029999
v 0.205017 0.041074 -25.025980
v 0.236672 0.040160 -25.025980
v 0.236672 0.040160 -25.025980
v 0.205017 0.041074 -25.025980
v 0.238838 0.047186 -25.014999
v 0.205017 0.041074 -25.025980
v 0.215305 0.042227 -25.014999
v 0.238838 0.047186 -25.014999
v 0.238838 0.047186 -25.014999
v 0.215305 0.042227 -25.014999
v 0.239630 0.049758 -25.000000
v 0.215305 0.042227 -25.014999
v 0.219071 0.042648 -25.000000
v 0.239630 0.049758 -25.000000
v 0.239630 0.049758 -25.000000
v 0.219071 0.042648 -25.000000
v 0.239630 0.049758 25.000000
v 0.219071 0.042648 -25.000000
v 0.219071 0.042648 25.000000
v 0.239630 0.049758 25.000000
v 0.239630 0.049758 25.000000
v 0.219071 0.042648 25.000000
v 0.238838 0.047186 25.014999
v 0.219071 0.042648 25.000000
v 0.215305 0.042227 25.014999
v 0.238838 0.047186 25.014999
v 0.238838 0.047186 25.014999
v 0.215305 0.042227 25.014999
v 0.236672 0.040160 25.025982
v 0.215305 0.042227 25.014999
v 0.205017 0.041074 25.025982
v 0.236672 0.040160 25.025982
v 0.236672 0.040160 25.025982
v 0.205017 0.041074 25.025982
v 0.233713 0.030563 25.029999
v 0.205017 0.041074 25.025982
v 0.190963 0.039500 25.029999
v 0.233713 0.030563 25.029999
v 0.003963 0.392500 -25.029999
v 0.041838 0.390000 -25.029999
v 0.003633 0.382500 -25.025980
v 0.041838 0.390000 -25.029999
v 0.040472 0.380068 -25.025980
v 0.003633 0.382500 -25.025980
v 0.003633 0.382500 -25.025980
v 0.040472 0.380068 -25.025980
v 0.003392 0.375179 -25.014999
v 0.040472 0.380068 -25.025980
v 0.039471 0.372798 -25.014999
v 0.003392 0.375179 -25.014999
v 0.003392 0.375179 -25.014999
v 0.039471 0.372798 -25.014999
v 0.003303 0.372500 -25.000000
v 0.039471 0.372798 -25.014999
v 0.039105 0.370137 -25.000000
v 0.003303 0.372500 -25.000000
v 0.003303 0.372500 -25.000000
v 0.039105 0.370137 -25.000000
v 0.003303 0.372500 25.000000
v 0.039105 0.370137 -25.000000
v 0.039105 0.370137 25.000000
v 0.003303 0.372500 25.000000
v 0.003303 0.372500 25.000000
v 0.039105 0.370137 25.000000
v 0.003392 0.375179 25.014999
v 0.039105 0.370137 25.000000
v 0.039471 0.372798 25.014999
v 0.003392 0.375179 25.014999
v 0.003392 0.375179 25.014999
v 0.039471 0.372798 25.014999
v 0.003633 0.382500 25.025982
v 0.039471 0.372798 25.014999
v 0.040472 0.380068 25.025982
v 0.003633 0.382500 25.025982
v 0.003633 0.382500 25.025982
v 0.040472 0.380068 25.025982
v 0.003963 0.392500 25.029999
v 0.040472 0.380068 25.025982
v 0.041838 0.390000 25.029999
v 0.003963 0.392500 25.029999
v 0.041838 0.390000 -25.029999
v 0.077463 0.382500 -25.029999
v 0.040472 0.380068 -25.025980
v 0.077463 0.382500 -25.029999
v 0.074663 0.372870 -25.025980
v 0.040472 0.380068 -25.025980
v 0.040472 0.380068 -25.025980
v 0.074663 0.372870 -25.025980
v 0.039471 0.372798 -25.014999
v 0.074663 0.372870 -25.025980
v 0.072614 0.365821 -25.014999
v 0.039471 0.372798 -25.014999
v 0.039471 0.372798 -25.014999
v 0.072614 0.365821 -25.014999
v 0.039105 0.370137 -25.000000
v 0.072614 0.365821 -25.014999
v 0.071863 0.363240 -25.000000
v 0.039105 0.370137 -25.000000
v 0.039105 0.370137 -25.000000
v 0.071863 0.363240 -25.000000
v 0.039105 0.370137 25.000000
v 0.071863 0.363240 -25.000000
v 0.071863 0.363240 25.000000
v 0.039105 0.370137 25.000000
v 0.039105 0.370137 25.000000
v 0.071863 0.363240 25.000000
v 0.039471 0.372798 25.014999
v 0.071863 0.363240 25.000000
v 0.072614 0.365821 25.014999
v 0.039471 0.372798 25.014999
v 0.039471 0.372798 25.014999
v 0.072614 0.365821 25.014999
v 0.040472 0.380068 25.025982
v 0.072614 0.365821 25.014999
v 0.074663 0.372870 25.025982
v 0.040472 0.380068 25.025982
v 0.040472 0.380068 25.025982
v 0.074663 0.372870 25.025982
v 0.041838 0.390000 25.029999
v 0.074663 0.372870 25.025982
v 0.077463 0.382500 25.029999
v 0.041838 0.390000 25.029999
v 0.077463 0.382500 -25.029999
v 0.110838 0.370000 -25.029999
v 0.074663 0.372870 -25.025980
v 0.110838 0.370000 -25.029999
v 0.106609 0.360906 -25.025980
v 0.074663 0.372870 -25.025980
v 0.074663 0.372870 -25.025980
v 0.106609 0.360906 -25.025980
v 0.072614 0.365821 -25.014999
v 0.106609 0.360906 -25.025980
v 0.103513 0.354248 -25.014999
v 0.072614 0.365821 -25.014999
v 0.072614 0.365821 -25.014999
v 0.103513 0.354248 -25.014999
v 0.071863 0.363240 -25.000000
v 0.103513 0.354248 -25.014999
v 0.102379 0.351811 -25.000000
v 0.071863 0.363240 -25.000000
v 0.071863 0.363240 -25.000000
v 0.102379 0.351811 -25.000000
v 0.071863 0.363240 25.000000
v 0.102379 0.351811 -25.000000
v 0.102379 0.351811 25.000000
v 0.071863 0.363240 25.000000
v 0.071863 0.363240 25.000000
v 0.102379 0.351811 25.000000
v 0.072614 0.365821 25.014999
v 0.102379 0.351811 25.000000
v 0.103513 0.354248 25.014999
v 0.072614 0.365821 25.014999
v 0.072614 0.365821 25.014999
v 0.103513 0.354248 25.014999
v 0.074663 0.372870 25.025982
v 0.103513 0.354248 25.014999
v 0.106609 0.360906 25.025982
v 0.074663 0.372870 25.025982
v 0.074663 0.372870 25.025982
v 0.106609 0.360906 25.025982
v 0.077463 0.382500 25.029999
v 0.106609 0.360906 25.025982
v 0.110838 0.370000 25.029999
v 0.077463 0.382500 25.029999
v 0.110838 0.370000 -25.029999
v 0.141963 0.352500 -25.029999
v 0.106609 0.360906 -25.025980
v 0.141963 0.352500 -25.029999
v 0.136269 0.344229 -25.025980
v 0.106609 0.360906 -25.025980
v 0.106609 0.360906 -25.025980
v 0.136269 0.344229 -25.025980
v 0.103513 0.354248 -25.014999
v 0.136269 0.344229 -25.025980
v 0.132101 0.338174 -25.014999
v 0.103513 0.354248 -25.014999
v 0.103513 0.354248 -25.014999
v 0.132101 0.338174 -25.014999
v 0.102379 0.351811 -25.000000
v 0.132101 0.338174 -25.014999
v 0.130575 0.335958 -25.000000
v 0.102379 0.351811 -25.000000
v 0.102379 0.351811 -25.000000
v 0.130575 0.335958 -25.000000
v 0.102379 0.351811 25.000000
v 0.130575 0.335958 -25.000000
v 0.130575 0.335958 25.000000
v 0.102379 0.351811 25.000000
v 0.102379 0.351811 25.000000
v 0.130575 0.335958 25.000000
v 0.103513 0.354248 25.014999
v 0.130575 0.335958 25.000000
v 0.132101 0.338174 25.014999
v 0.103513 0.354248 25.014999
v 0.103513 0.354248 25.014999
v 0.132101 0.338174 25.014999
v 0.106609 0.360906 25.025982
v 0.132101 0.338174 25.014999
v 0.136269 0.344229 25.025982
v 0.106609 0.360906 25.025982
v 0.106609 0.360906 25.025982
v 0.136269 0.344229 25.025982
v 0.110838 0.370000 25.029999
v 0.136269 0.344229 25.025982
v 0.141963 0.352500 25.029999
v 0.110838 0.370000 25.029999
v 0.141963 0.352500 -25.029999
v 0.168650 0.330312 -25.029999
v 0.136269 0.344229 -25.025980
v 0.168650 0.330312 -25.029999
v 0.161272 0.323442 -25.025980
v 0.136269 0.344229 -25.025980
v 0.136269 0.344229 -25.025980
v 0.161272 0.323442 -25.025980
v 0.132101 0.338174 -25.014999
v 0.161272 0.323442 -25.025980
v 0.155872 0.318412 -25.014999
v 0.132101 0.338174 -25.014999
v 0.132101 0.338174 -25.014999
v 0.155872 0.318412 -25.014999
v 0.130575 0.335958 -25.000000
v 0.155872 0.318412 -25.014999
v 0.153895 0.316571 -25.000000
v 0.130575 0.335958 -25.000000
v 0.130575 0.335958 -25.000000
v 0.153895 0.316571 -25.000000
v 0.130575 0.335958 25.000000
v 0.153895 0.316571 -25.000000
v 0.153895 0.316571 25.000000
v 0.130575 0.335958 25.000000
v 0.130575 0.335958 25.000000
v 0.153895 0.316571 25.000000
v 0.132101 0.338174 25.014999
v 0.153895 0.316571 25.000000
v 0.155872 0.318412 25.014999
v 0.132101 0.338174 25.014999
v 0.132101 0.338174 25.014999
v 0.155872 0.318412 25.014999
v 0.136269 0.344229 25.025982
v 0.155872 0.318412 25.014999
v 0.161272 0.323442 25.025982
v 0.136269 0.344229 25.025982
v 0.136269 0.344229 25.025982
v 0.161272 0.323442 25.025982
v 0.141963 0.352500 25.029999
v 0.161272 0.323442 25.025982
v 0.168650 0.330312 25.029999
v 0.141963 0.352500 25.029999
v 0.168650 0.330312 -25.029999
v 0.187713 0.303750 -25.029999
v 0.161272 0.323442 -25.025980
v 0.187713 0.303750 -25.029999
v 0.178801 0.299016 -25.025980
v 0.161272 0.323442 -25.025980
v 0.161272 0.323442 -25.025980
v 0.178801 0.299016 -25.025980
v 0.155872 0.318412 -25.014999
v 0.178801 0.299016 -25.025980
v 0.172278 0.295551 -25.014999
v 0.155872 0.318412 -25.014999
v 0.155872 0.318412 -25.014999
v 0.172278 0.295551 -25.014999
v 0.153895 0.316571 -25.000000
v 0.172278 0.295551 -25.014999
v 0.169890 0.294282 -25.000000
v 0.153895 0.316571 -25.000000
v 0.153895 0.316571 -25.000000
v 0.169890 0.294282 -25.000000
v 0.153895 0.316571 25.000000
v 0.169890 0.294282 -25.000000
v 0.169890 0.294282 25.000000
v 0.153895 0.316571 25.000000
v 0.153895 0.316571 25.000000
v 0.169890 0.294282 25.000000
v 0.155872 0.318412 25.014999
v 0.169890 0.294282 25.000000
v 0.172278 0.295551 25.014999
v 0.155872 0.318412 25.014999
v 0.155872 0.318412 25.014999
v 0.172278 0.295551 25.014999
v 0.161272 0.323442 25.025982
v 0.172278 0.295551 25.014999
v 0.178801 0.299016 25.025982
v 0.161272 0.323442 25.025982
v 0.161272 0.323442 25.025982
v 0.178801 0.299016 25.025982
v 0.168650 0.330312 25.029999
v 0.178801 0.299016 25.025982
v 0.187713 0.303750 25.029999
v 0.168650 0.330312 25.029999
v 0.187713 0.303750 -25.029999
v 0.199150 0.272812 -25.029999
v 0.178801 0.299016 -25.025980
v 0.199150 0.272812 -25.029999
v 0.189341 0.270507 -25.025980
v 0.178801 0.299016 -25.025980
v 0.178801 0.299016 -25.025980
v 0.189341 0.270507 -25.025980
v 0.172278 0.295551 -25.014999
v 0.189341 0.270507 -25.025980
v 0.182160 0.268820 -25.014999
v 0.172278 0.295551 -25.014999
v 0.172278 0.295551 -25.014999
v 0.182160 0.268820 -25.014999
v 0.169890 0.294282 -25.000000
v 0.182160 0.268820 -25.014999
v 0.179532 0.268202 -25.000000
v 0.169890 0.294282 -25.000000
v 0.169890 0.294282 -25.000000
v 0.179532 0.268202 -25.000000
v 0.169890 0.294282 25.000000
v 0.179532 0.268202 -25.000000
v 0.179532 0.268202 25.000000
v 0.169890 0.294282 25.000000
v 0.169890 0.294282 25.000000
v 0.179532 0.268202 25.000000
v 0.172278 0.295551 25.014999
v 0.179532 0.268202 25.000000
v 0.182160 0.268820 25.014999
v 0.172278 0.295551 25.014999
v 0.172278 0.295551 25.014999
v 0.182160 0.268820 25.014999
v 0.178801 0.299016 25.025982
v 0.182160 0.268820 25.014999
v 0.189341 0.270507 25.025982
v 0.178801 0.299016 25.025982
v 0.178801 0.299016 25.025982
v 0.189341 0.270507 25.025982
v 0.187713 0.303750 25.029999
v 0.189341 0.270507 25.025982
v 0.199150 0.272812 25.029999
v 0.187713 0.303750 25.029999
v 0.199150 0.272812 -25.029999
v 0.202963 0.237500 -25.029999
v 0.189341 0.270507 -25.025980
v 0.202963 0.237500 -25.029999
v 0.192897 0.237570 -25.025980
v 0.189341 0.270507 -25.025980
v 0.189341 0.270507 -25.025980
v 0.192897 0.237570 -25.025980
v 0.182160 0.268820 -25.014999
v 0.192897 0.237570 -25.025980
v 0.185529 0.237621 -25.014999
v 0.182160 0.268820 -25.014999
v 0.182160 0.268820 -25.014999
v 0.185529 0.237621 -25.014999
v 0.179532 0.268202 -25.000000
v 0.185529 0.237621 -25.014999
v 0.182831 0.237639 -25.000000
v 0.179532 0.268202 -25.000000
v 0.179532 0.268202 -25.000000
v 0.182831 0.237639 -25.000000
v 0.179532 0.268202 25.000000
v 0.182831 0.237639 -25.000000
v 0.182831 0.237639 25.000000
v 0.179532 0.268202 25.000000
v 0.179532 0.268202 25.000000
v 0.182831 0.237639 25.000000
v 0.182160 0.268820 25.014999
v 0.182831 0.237639 25.000000
v 0.185529 0.237621 25.014999
v 0.182160 0.268820 25.014999
v 0.182160 0.268820 25.014999
v 0.185529 0.237621 25.014999
v 0.189341 0.270507 25.025982
v 0.185529 0.237621 25.014999
v 0.192897 0.237570 25.025982
v 0.189341 0.270507 25.025982
v 0.189341 0.270507 25.025982
v 0.192897 0.237570 25.025982
v 0.199150 0.272812 25.029999
v 0.192897 0.237570 25.025982
v 0.202963 0.237500 25.029999
v 0.199150 0.272812 25.029999
v 0.202963 0.237500 -25.029999
v 0.198525 0.201125 -25.029999
v 0.192897 0.237570 -25.025980
v 0.198525 0.201125 -25.029999
v 0.188764 0.203692 -25.025980
v 0.192897 0.237570 -25.025980
v 0.192897 0.237570 -25.025980
v 0.188764 0.203692 -25.025980
v 0.185529 0.237621 -25.014999
v 0.188764 0.203692 -25.025980
v 0.181619 0.205571 -25.014999
v 0.185529 0.237621 -25.014999
v 0.185529 0.237621 -25.014999
v 0.181619 0.205571 -25.014999
v 0.182831 0.237639 -25.000000
v 0.181619 0.205571 -25.014999
v 0.179003 0.206258 -25.000000
v 0.182831 0.237639 -25.000000
v 0.182831 0.237639 -25.000000
v 0.179003 0.206258 -25.000000
v 0.182831 0.237639 25.000000
v 0.179003 0.206258 -25.000000
v 0.179003 0.206258 25.000000
v 0.182831 0.237639 25.000000
v 0.182831 0.237639 25.000000
v 0.179003 0.206258 25.000000
v 0.185529 0.237621 25.014999
v 0.179003 0.206258 25.000000
v 0.181619 0.205571 25.014999
v 0.185529 0.237621 25.014999
v 0.185529 0.237621 25.014999
v 0.181619 0.205571 25.014999
v 0.192897 0.237570 25.025982
v 0.181619 0.205571 25.014999
v 0.188764 0.203692 25.025982
v 0.192897 0.237570 25.025982
v 0.192897 0.237570 25.025982
v 0.188764 0.203692 25.025982
v 0.202963 0.237500 25.029999
v 0.188764 0.203692 25.025982
v 0.198525 0.201125 25.029999
v 0.202963 0.237500 25.029999
v 0.198525 0.201125 -25.029999
v 0.185213 0.169000 -25.029999
v 0.188764 0.203692 -25.025980
v 0.185213 0.169000 -25.029999
v 0.176513 0.174127 -25.025980
v 0.188764 0.203692 -25.025980
v 0.188764 0.203692 -25.025980
v 0.176513 0.174127 -25.025980
v 0.181619 0.205571 -25.014999
v 0.176513 0.174127 -25.025980
v 0.170144 0.177881 -25.014999
v 0.181619 0.205571 -25.014999
v 0.181619 0.205571 -25.014999
v 0.170144 0.177881 -25.014999
v 0.179003 0.206258 -25.000000
v 0.170144 0.177881 -25.014999
v 0.167813 0.179255 -25.000000
v 0.179003 0.206258 -25.000000
v 0.179003 0.206258 -25.000000
v 0.167813 0.179255 -25.000000
v 0.179003 0.206258 25.000000
v 0.167813 0.179255 -25.000000
v 0.167813 0.179255 25.000000
v 0.179003 0.206258 25.000000
v 0.179003 0.206258 25.000000
v 0.167813 0.179255 25.000000
v 0.181619 0.205571 25.014999
v 0.167813 0.179255 25.000000
v 0.170144 0.177881 25.014999
v 0.181619 0.205571 25.014999
v 0.181619 0.205571 25.014999
v 0.170144 0.177881 25.014999
v 0.188764 0.203692 25.025982
v 0.170144 0.177881 25.014999
v 0.176513 0.174127 25.025982
v 0.188764 0.203692 25.025982
v 0.188764 0.203692 25.025982
v 0.176513 0.174127 25.025982
v 0.198525 0.201125 25.029999
v 0.176513 0.174127 25.025982
v 0.185213 0.169000 25.029999
v 0.198525 0.201125 25.029999
v 0.185213 0.169000 -25.029999
v 0.163025 0.141125 -25.029999
v 0.176513 0.174127 -25.025980
v 0.163025 0.141125 -25.029999
v 0.155978 0.148329 -25.025980
v 0.176513 0.174127 -25.025980
v 0.176513 0.174127 -25.025980
v 0.155978 0.148329 -25.025980
v 0.170144 0.177881 -25.014999
v 0.155978 0.148329 -25.025980
v 0.150820 0.153603 -25.014999
v 0.170144 0.177881 -25.014999
v 0.170144 0.177881 -25.014999
v 0.150820 0.153603 -25.014999
v 0.167813 0.179255 -25.000000
v 0.150820 0.153603 -25.014999
v 0.148931 0.155533 -25.000000
v 0.167813 0.179255 -25.000000
v 0.167813 0.179255 -25.000000
v 0.148931 0.155533 -25.000000
v 0.167813 0.179255 25.000000
v 0.148931 0.155533 -25.000000
v 0.148931 0.155533 25.000000
v 0.167813 0.179255 25.000000
v 0.167813 0.179255 25.000000
v 0.148931 0.155533 25.000000
v 0.170144 0.177881 25.014999
v 0.148931 0.155533 25.000000
v 0.150820 0.153603 25.014999
v 0.170144 0.177881 25.014999
v 0.170144 0.177881 25.014999
v 0.150820 0.153603 25.014999
v 0.176513 0.174127 25.025982
v 0.150820 0.153603 25.014999
v 0.155978 0.148329 25.025982
v 0.176513 0.174127 25.025982
v 0.176513 0.174127 25.025982
v 0.155978 0.148329 25.025982
v 0.185213 0.169000 25.029999
v 0.155978 0.148329 25.025982
v 0.163025 0.141125 25.029999
v 0.185213 0.169000 25.029999
v 0.163025 0.141125 -25.029999
v 0.131963 0.117500 -25.029999
v 0.155978 0.148329 -25.025980
v 0.131963 0.117500 -25.029999
v 0.126628 0.126006 -25.025980
v 0.155978 0.148329 -25.025980
v 0.155978 0.148329 -25.025980
v 0.126628 0.126006 -25.025980
v 0.150820 0.153603 -25.014999
v 0.126628 0.126006 -25.025980
v 0.122723 0.132233 -25.014999
v 0.150820 0.153603 -25.014999
v 0.150820 0.153603 -25.014999
v 0.122723 0.132233 -25.014999
v 0.148931 0.155533 -25.000000
v 0.122723 0.132233 -25.014999
v 0.121293 0.134512 -25.000000
v 0.148931 0.155533 -25.000000
v 0.148931 0.155533 -25.000000
v 0.121293 0.134512 -25.000000
v 0.148931 0.155533 25.000000
v 0.121293 0.134512 -25.000000
v 0.121293 0.134512 25.000000
v 0.148931 0.155533 25.000000
v 0.148931 0.155533 25.000000
v 0.121293 0.134512 25.000000
v 0.150820 0.153603 25.014999
v 0.121293 0.134512 25.000000
v 0.122723 0.132233 25.014999
v 0.150820 0.153603 25.014999
v 0.150820 0.153603 25.014999
v 0.122723 0.132233 25.014999
v 0.155978 0.148329 25.025982
v 0.122723 0.132233 25.014999
v 0.126628 0.126006 25.025982
v 0.155978 0.148329 25.025982
v 0.155978 0.148329 25.025982
v 0.126628 0.126006 25.025982
v 0.163025 0.141125 25.029999
v 0.126628 0.126006 25.025982
v 0.131963 0.117500 25.029999
v 0.163025 0.141125 25.029999
v 0.131963 0.117500 -25.029999
v 0.100963 0.101750 -25.029999
v 0.126628 0.126006 -25.025980
v 0.100963 0.101750 -25.029999
v 0.097105 0.111007 -25.025980
v 0.126628 0.126006 -25.025980
v 0.126628 0.126006 -25.025980
v 0.097105 0.111007 -25.025980
v 0.122723 0.132233 -25.014999
v 0.097105 0.111007 -25.025980
v 0.094282 0.117783 -25.014999
v 0.122723 0.132233 -25.014999
v 0.122723 0.132233 -25.014999
v 0.094282 0.117783 -25.014999
v 0.121293 0.134512 -25.000000
v 0.094282 0.117783 -25.014999
v 0.093248 0.120264 -25.000000
v 0.121293 0.134512 -25.000000
v 0.121293 0.134512 -25.000000
v 0.093248 0.120264 -25.000000
v 0.121293 0.134512 25.000000
v 0.093248 0.120264 -25.000000
v 0.093248 0.120264 25.000000
v 0.121293 0.134512 25.000000
v 0.121293 0.134512 25.000000
v 0.093248 0.120264 25.000000
v 0.122723 0.132233 25.014999
v 0.093248 0.120264 25.000000
v 0.094282 0.117783 25.014999
v 0.122723 0.132233 25.014999
v 0.122723 0.132233 25.014999
v 0.094282 0.117783 25.014999
v 0.126628 0.126006 25.025982
v 0.094282 0.117783 25.014999
v 0.097105 0.111007 25.025982
v 0.126628 0.126006 25.025982
v 0.126628 0.126006 25.025982
v 0.097105 0.111007 25.025982
v 0.131963 0.117500 25.029999
v 0.097105 0.111007 25.025982
v 0.100963 0.101750 25.029999
v 0.131963 0.117500 25.029999
v 0.100963 0.101750 -25.029999
v 0.066963 0.090500 -25.029999
v 0.097105 0.111007 -25.025980
v 0.066963 0.090500 -25.029999
v 0.064483 0.100213 -25.025980
v 0.097105 0.111007 -25.025980
v 0.097105 0.111007 -25.025980
v 0.064483 0.100213 -25.025980
v 0.094282 0.117783 -25.014999
v 0.064483 0.100213 -25.025980
v 0.062667 0.107323 -25.014999
v 0.094282 0.117783 -25.014999
v 0.094282 0.117783 -25.014999
v 0.062667 0.107323 -25.014999
v 0.093248 0.120264 -25.000000
v 0.062667 0.107323 -25.014999
v 0.062003 0.109925 -25.000000
v 0.093248 0.120264 -25.000000
v 0.093248 0.120264 -25.000000
v 0.062003 0.109925 -25.000000
v 0.093248 0.120264 25.000000
v 0.062003 0.109925 -25.000000
v 0.062003 0.109925 25.000000
v 0.093248 0.120264 25.000000
v 0.093248 0.120264 25.000000
v 0.062003 0.109925 25.000000
v 0.094282 0.117783 25.014999
v 0.062003 0.109925 25.000000
v 0.062667 0.107323 25.014999
v 0.094282 0.117783 25.014999
v 0.094282 0.117783 25.014999
v 0.062667 0.107323 25.014999
v 0.097105 0.111007 25.025982
v 0.062667 0.107323 25.014999
v 0.064483 0.100213 25.025982
v 0.097105 0.111007 25.025982
v 0.097105 0.111007 25.025982
v 0.064483 0.100213 25.025982
v 0.100963 0.101750 25.029999
v 0.064483 0.100213 25.025982
v 0.066963 0.090500 25.029999
v 0.100963 0.101750 25.029999
v 0.066963 0.090500 -25.029999
v 0.029963 0.083750 -25.029999
v 0.064483 0.100213 -25.025980
v 0.029963 0.083750 -25.029999
v 0.028780 0.093699 -25.025980
v 0.064483 0.100213 -25.025980
v 0.064483 0.100213 -25.025980
v 0.028780 0.093699 -25.025980
v 0.062667 0.107323 -25.014999
v 0.028780 0.093699 -25.025980
v 0.027914 0.100983 -25.014999
v 0.062667 0.107323 -25.014999
v 0.062667 0.107323 -25.014999
v 0.027914 0.100983 -25.014999
v 0.062003 0.109925 -25.000000
v 0.027914 0.100983 -25.014999
v 0.027597 0.103649 -25.000000
v 0.062003 0.109925 -25.000000
v 0.062003 0.109925 -25.000000
v 0.027597 0.103649 -25.000000
v 0.062003 0.109925 25.000000
v 0.027597 0.103649 -25.000000
v 0.027597 0.103649 25.000000
v 0.062003 0.109925 25.000000
v 0.062003 0.109925 25.000000
v 0.027597 0.103649 25.000000
v 0.062667 0.107323 25.014999
v 0.027597 0.103649 25.000000
v 0.027914 0.100983 25.014999
v 0.062667 0.107323 25.014999
v 0.062667 0.107323 25.014999
v 0.027914 0.100983 25.014999
v 0.064483 0.100213 25.025982
v 0.027914 0.100983 25.014999
v 0.028780 0.093699 25.025982
v 0.064483 0.100213 25.025982
v 0.064483 0.100213 25.025982
v 0.028780 0.093699 25.025982
v 0.066963 0.090500 25.029999
v 0.028780 0.093699 25.025982
v 0.029963 0.083750 25.029999
v 0.066963 0.090500 25.029999
v 0.029963 0.083750 -25.029999
v -0.010037 0.081500 -25.029999
v 0.028780 0.093699 -25.025980
v -0.010037 0.081500 -25.029999
v -0.010318 0.091500 -25.025980
v 0.028780 0.093699 -25.025980
v 0.028780 0.093699 -25.025980
v -0.010318 0.091500 -25.025980
v 0.027914 0.100983 -25.014999
v -0.010318 0.091500 -25.025980
v -0.010524 0.098821 -25.014999
v 0.027914 0.100983 -25.014999
v 0.027914 0.100983 -25.014999
v -0.010524 0.098821 -25.014999
v 0.027597 0.103649 -25.000000
v -0.010524 0.098821 -25.014999
v -0.010599 0.101500 -25.000000
v 0.027597 0.103649 -25.000000
v 0.027597 0.103649 -25.000000
v -0.010599 0.101500 -25.000000
v 0.027597 0.103649 25.000000
v -0.010599 0.101500 -25.000000
v -0.010599 0.101500 25.000000
v 0.027597 0.103649 25.000000
v 0.027597 0.103649 25.000000
v -0.010599 0.101500 25.000000
v 0.027914 0.100983 25.014999
v -0.010599 0.101500 25.000000
v -0.010524 0.098821 25.014999
v 0.027914 0.100983 25.014999
v 0.027914 0.100983 25.014999
v -0.010524 0.098821 25.014999
v 0.028780 0.093699 25.025982
v -0.010524 0.098821 25.014999
v -0.010318 0.091500 25.025982
v 0.028780 0.093699 25.025982
v 0.028780 0.093699 25.025982
v -0.010318 0.091500 25.025982
v 0.029963 0.083750 25.029999
v -0.010318 0.091500 25.025982
v -0.010037 0.081500 25.029999
v 0.029963 0.083750 25.029999
v -0.010037 0.081500 -25.029999
v -0.250037 0.081500 -25.029999
v -0.010318 0.091500 -25.025980
v -0.250037 0.081500 -25.029999
v -0.240037 0.091500 -25.025980
v -0.010318 0.091500 -25.025980
v -0.010318 0.091500 -25.025980
v -0.240037 0.091500 -25.025980
v -0.010524 0.098821 -25.014999
v -0.240037 0.091500 -25.025980
v -0.232717 0.098821 -25.014999
v -0.010524 0.098821 -25.014999
v -0.010524 0.098821 -25.014999
v -0.232717 0.098821 -25.014999
v -0.010599 0.101500 -25.000000
v -0.232717 0.098821 -25.014999
v -0.230037 0.101500 -25.000000
v -0.010599 0.101500 -25.000000
v -0.010599 0.101500 -25.000000
v -0.230037 0.101500 -25.000000
v -0.010599 0.101500 25.000000
v -0.230037 0.101500 -25.000000
v -0.230037 0.101500 25.000000
v -0.010599 0.101500 25.000000
v -0.010599 0.101500 25.000000
v -0.230037 0.101500 25.000000
v -0.010524 0.098821 25.014999
v -0.230037 0.101500 25.000000
v -0.232717 0.098821 25.014999
v -0.010524 0.098821 25.014999
v -0.010524 0.098821 25.014999
v -0.232717 0.098821 25.014999
v -0.010318 0.091500 25.025982
v -0.232717 0.098821 25.014999
v -0.240037 0.091500 25.025982
v -0.010318 0.091500 25.025982
v -0.010318 0.091500 25.025982
v -0.240037 0.091500 25.025982
v -0.010037 0.081500 25.029999
v -0.240037 0.091500 25.025982
v -0.250037 0.081500 25.029999
v -0.010037 0.081500 25.029999
v -0.250037 0.081500 -25.029999
v -0.250037 0.392500 -25.029999
v -0.240037 0.091500 -25.025980
v -0.250037 0.392500 -25.029999
v -0.240037 0.382500 -25.025980
v -0.240037 0.091500 -25.025980
v -0.240037 0.091500 -25.025980
v -0.240037 0.382500 -25.025980
v -0.232717 0.098821 -25.014999
v -0.240037 0.382500 -25.025980
v -0.232717 0.375179 -25.014999
v -0.232717 0.098821 -25.014999
v -0.232717 0.098821 -25.014999
v -0.232717 0.375179 -25.014999
v -0.230037 0.101500 -25.000000
v -0.232717 0.375179 -25.014999
v -0.230037 0.372500 -25.000000
v -0.230037 0.101500 -25.000000
v -0.230037 0.101500 -25.000000
v -0.230037 0.372500 -25.000000
v -0.230037 0.101500 25.000000
v -0.230037 0.372500 -25.000000
v -0.230037 0.372500 25.000000
v -0.230037 0.101500 25.000000
v -0.230037 0.101500 25.000000
v -0.230037 0.372500 25.000000
v -0.232717 0.098821 25.014999
v -0.230037 0.372500 25.000000
v -0.232717 0.375179 25.014999
v -0.232717 0.098821 25.014999
v -0.232717 0.098821 25.014999
v -0.232717 0.375179 25.014999
v -0.240037 0.091500 25.025982
v -0.232717 0.375179 25.014999
v -0.240037 0.382500 25.025982
v -0.240037 0.091500 25.025982
v -0.240037 0.091500 25.025982
v -0.240037 0.382500 25.025982
v -0.250037 0.081500 25.029999
v -0.240037 0.382500 25.025982
v -0.250037 0.392500 25.029999
v -0.250037 0.081500 25.029999
v -0.250037 0.392500 -25.029999
v 0.003963 0.392500 -25.029999
v -0.240037 0.382500 -25.025980
v 0.003963 0.392500 -25.029999
v 0.003633 0.382500 -25.025980
v -0.240037 0.382500 -25.025980
v -0.240037 0.382500 -25.025980
v 0.003633 0.382500 -25.025980
v -0.232717 0.375179 -25.014999
v 0.003633 0.382500 -25.025980
v 0.003392 0.375179 -25.014999
v -0.232717 0.375179 -25.014999
v -0.232717 0.375179 -25.014999
v 0.003392 0.375179 -25.014999
v -0.230037 0.372500 -25.000000
v 0.003392 0.375179 -25.014999
v 0.003303 0.372500 -25.000000
v -0.230037 0.372500 -25.000000
v -0.230037 0.372500 -25.000000
v 0.003303 0.372500 -25.000000
v -0.230037 0.372500 25.000000
v 0.003303 0.372500 -25.000000
v 0.003303 0.372500 25.000000
v -0.230037 0.372500 25.000000
v -0.230037 0.372500 25.000000
v 0.003303 0.372500 25.000000
v -0.232717 0.375179 25.014999
v 0.003303 0.372500 25.000000
v 0.003392 0.375179 25.014999
v -0.232717 0.375179 25.014999
v -0.232717 0.375179 25.014999
v 0.003392 0.375179 25.014999
v -0.240037 0.382500 25.025982
v 0.003392 0.375179 25.014999
v 0.003633 0.382500 25.025982
v -0.240037 0.382500 25.025982
v -0.240037 0.382500 25.025982
v 0.003633 0.382500 25.025982
v -0.250037 0.392500 25.029999
v 0.003633 0.382500 25.025982
v 0.003963 0.392500 25.029999
v -0.250037 0.392500 25.029999
v 0.029963 -0.382500 -25.029999
v -0.250037 -0.382500 -25.029999
v 0.029621 -0.372500 -25.025980
v -0.250037 -0.382500 -25.029999
v -0.240037 -0.372500 -25.025980
v 0.029621 -0.372500 -25.025980
v 0.029621 -0.372500 -25.025980
v -0.240037 -0.372500 -25.025980
v 0.029370 -0.365179 -25.014999
v -0.240037 -0.372500 -25.025980
v -0.232717 -0.365179 -25.014999
v 0.029370 -0.365179 -25.014999
v 0.029370 -0.365179 -25.014999
v -0.232717 -0.365179 -25.014999
v 0.029279 -0.362500 -25.000000
v -0.232717 -0.365179 -25.014999
v -0.230037 -0.362500 -25.000000
v 0.029279 -0.362500 -25.000000
v 0.029279 -0.362500 -25.000000
v -0.230037 -0.362500 -25.000000
v 0.029279 -0.362500 25.000000
v -0.230037 -0.362500 -25.000000
v -0.230037 -0.362500 25.000000
v 0.029279 -0.362500 25.000000
v 0.029279 -0.362500 25.000000
v -0.230037 -0.362500 25.000000
v 0.029370 -0.365179 25.014999
v -0.230037 -0.362500 25.000000
v -0.232717 -0.365179 25.014999
v 0.029370 -0.365179 25.014999
v 0.029370 -0.365179 25.014999
v -0.232717 -0.365179 25.014999
v 0.029621 -0.372500 25.025982
v -0.232717 -0.365179 25.014999
v -0.240037 -0.372500 25.025982
v 0.029621 -0.372500 25.025982
v 0.029621 -0.372500 25.025982
v -0.240037 -0.372500 25.025982
v 0.029963 -0.382500 25.029999
v -0.240037 -0.372500 25.025982
v -0.250037 -0.382500 25.029999
v 0.029963 -0.382500 25.029999
v -0.250037 -0.382500 -25.029999
v -0.250037 -0.029500 -25.029999
v -0.240037 -0.372500 -25.025980
v -0.250037 -0.029500 -25.029999
v -0.240037 -0.039500 -25.025980
v -0.240037 -0.372500 -25.025980
v -0.240037 -0.372500 -25.025980
v -0.240037 -0.039500 -25.025980
v -0.232717 -0.365179 -25.014999
v -0.240037 -0.039500 -25.025980
v -0.232717 -0.046821 -25.014999
v -0.232717 -0.365179 -25.014999
v -0.232717 -0.365179 -25.014999
v -0.232717 -0.046821 -25.014999
v -0.230037 -0.362500 -25.000000
v -0.232717 -0.046821 -25.014999
v -0.230037 -0.049500 -25.000000
v -0.230037 -0.362500 -25.000000
v -0.230037 -0.362500 -25.000000
v -0.230037 -0.049500 -25.000000
v -0.230037 -0.362500 25.000000
v -0.230037 -0.049500 -25.000000
v -0.230037 -0.049500 25.000000
v -0.230037 -0.362500 25.000000
v -0.230037 -0.362500 25.000000
v -0.230037 -0.049500 25.000000
v -0.232717 -0.365179 25.014999
v -0.230037 -0.049500 25.000000
v -0.232717 -0.046821 25.014999
v -0.232717 -0.365179 25.014999
v -0.232717 -0.365179 25.014999
v -0.232717 -0.046821 25.014999
v -0.240037 -0.372500 25.025982
v -0.232717 -0.046821 25.014999
v -0.240037 -0.039500 25.025982
v -0.240037 -0.372500 25.025982
v -0.240037 -0.372500 25.025982
v -0.240037 -0.039500 25.025982
v -0.250037 -0.382500 25.029999
v -0.240037 -0.039500 25.025982
v -0.250037 -0.029500 25.029999
v -0.250037 -0.382500 25.029999
v -0.250037 -0.029500 -25.029999
v 0.012963 -0.029500 -25.029999
v -0.240037 -0.039500 -25.025980
v 0.012963 -0.029500 -25.029999
v 0.012674 -0.039500 -25.025980
v -0.240037 -0.039500 -25.025980
v -0.240037 -0.039500 -25.025980
v 0.012674 -0.039500 -25.025980
v -0.232717 -0.046821 -25.014999
v 0.012674 -0.039500 -25.025980
v 0.012462 -0.046821 -25.014999
v -0.232717 -0.046821 -25.014999
v -0.232717 -0.046821 -25.014999
v 0.012462 -0.046821 -25.014999
v -0.230037 -0.049500 -25.000000
v 0.012462 -0.046821 -25.014999
v 0.012385 -0.049500 -25.000000
v -0.230037 -0.049500 -25.000000
v -0.230037 -0.049500 -25.000000
v 0.012385 -0.049500 -25.000000
v -0.230037 -0.049500 25.000000
v 0.012385 -0.049500 -25.000000
v 0.012385 -0.049500 25.000000
v -0.230037 -0.049500 25.000000
v -0.230037 -0.049500 25.000000
v 0.012385 -0.049500 25.000000
v -0.232717 -0.046821 25.014999
v 0.012385 -0.049500 25.000000
v 0.012462 -0.046821 25.014999
v -0.232717 -0.046821 25.014999
v -0.232717 -0.046821 25.014999
v 0.012462 -0.046821 25.014999
v -0.240037 -0.039500 25.025982
v 0.012462 -0.046821 25.014999
v 0.012674 -0.039500 25.025982
v -0.240037 -0.039500 25.025982
v -0.240037 -0.039500 25.025982
v 0.012674 -0.039500 25.025982
v -0.250037 -0.029500 25.029999
v 0.012674 -0.039500 25.025982
v 0.012963 -0.029500 25.029999
v -0.250037 -0.029500 25.029999
v 0.012963 -0.029500 -25.029999
v 0.057275 -0.032062 -25.029999
v 0.012674 -0.039500 -25.025980
v 0.057275 -0.032062 -25.029999
v 0.056059 -0.042009 -25.025980
v 0.012674 -0.039500 -25.025980
v 0.012674 -0.039500 -25.025980
v 0.056059 -0.042009 -25.025980
v 0.012462 -0.046821 -25.014999
v 0.056059 -0.042009 -25.025980
v 0.055168 -0.049290 -25.014999
v 0.012462 -0.046821 -25.014999
v 0.012462 -0.046821 -25.014999
v 0.055168 -0.049290 -25.014999
v 0.012385 -0.049500 -25.000000
v 0.055168 -0.049290 -25.014999
v 0.054842 -0.051955 -25.000000
v 0.012385 -0.049500 -25.000000
v 0.012385 -0.049500 -25.000000
v 0.054842 -0.051955 -25.000000
v 0.012385 -0.049500 25.000000
v 0.054842 -0.051955 -25.000000
v 0.054842 -0.051955 25.000000
v 0.012385 -0.049500 25.000000
v 0.012385 -0.049500 25.000000
v 0.054842 -0.051955 25.000000
v 0.012462 -0.046821 25.014999
v 0.054842 -0.051955 25.000000
v 0.055168 -0.049290 25.014999
v 0.012462 -0.046821 25.014999
v 0.012462 -0.046821 25.014999
v 0.055168 -0.049290 25.014999
v 0.012674 -0.039500 25.025982
v 0.055168 -0.049290 25.014999
v 0.056059 -0.042009 25.025982
v 0.012674 -0.039500 25.025982
v 0.012674 -0.039500 25.025982
v 0.056059 -0.042009 25.025982
v 0.012963 -0.029500 25.029999
v 0.056059 -0.042009 25.025982
v 0.057275 -0.032062 25.029999
v 0.012963 -0.029500 25.029999
v 0.057275 -0.032062 -25.029999
v 0.098213 -0.039750 -25.029999
v 0.056059 -0.042009 -25.025980
v 0.098213 -0.039750 -25.029999
v 0.095663 -0.049446 -25.025980
v 0.056059 -0.042009 -25.025980
v 0.056059 -0.042009 -25.025980
v 0.095663 -0.049446 -25.025980
v 0.055168 -0.049290 -25.014999
v 0.095663 -0.049446 -25.025980
v 0.093796 -0.056544 -25.014999
v 0.055168 -0.049290 -25.014999
v 0.055168 -0.049290 -25.014999
v 0.093796 -0.056544 -25.014999
v 0.054842 -0.051955 -25.000000
v 0.093796 -0.056544 -25.014999
v 0.093113 -0.059142 -25.000000
v 0.054842 -0.051955 -25.000000
v 0.054842 -0.051955 -25.000000
v 0.093113 -0.059142 -25.000000
v 0.054842 -0.051955 25.000000
v 0.093113 -0.059142 -25.000000
v 0.093113 -0.059142 25.000000
v 0.054842 -0.051955 25.000000
v 0.054842 -0.051955 25.000000
v 0.093113 -0.059142 25.000000
v 0.055168 -0.049290 25.014999
v 0.093113 -0.059142 25.000000
v 0.093796 -0.056544 25.014999
v 0.055168 -0.049290 25.014999
v 0.055168 -0.049290 25.014999
v 0.093796 -0.056544 25.014999
v 0.056059 -0.042009 25.025982
v 0.093796 -0.056544 25.014999
v 0.095663 -0.049446 25.025982
v 0.056059 -0.042009 25.025982
v 0.056059 -0.042009 25.025982
v 0.095663 -0.049446 25.025982
v 0.057275 -0.032062 25.029999
v 0.095663 -0.049446 25.025982
v 0.098213 -0.039750 25.029999
v 0.057275 -0.032062 25.029999
v 0.098213 -0.039750 -25.029999
v 0.135775 -0.052562 -25.029999
v 0.095663 -0.049446 -25.025980
v 0.135775 -0.052562 -25.029999
v 0.131814 -0.061777 -25.025980
v 0.095663 -0.049446 -25.025980
v 0.095663 -0.049446 -25.025980
v 0.131814 -0.061777 -25.025980
v 0.093796 -0.056544 -25.014999
v 0.131814 -0.061777 -25.025980
v 0.128915 -0.068523 -25.014999
v 0.093796 -0.056544 -25.014999
v 0.093796 -0.056544 -25.014999
v 0.128915 -0.068523 -25.014999
v 0.093113 -0.059142 -25.000000
v 0.128915 -0.068523 -25.014999
v 0.127854 -0.070992 -25.000000
v 0.093113 -0.059142 -25.000000
v 0.093113 -0.059142 -25.000000
v 0.127854 -0.070992 -25.000000
v 0.093113 -0.059142 25.000000
v 0.127854 -0.070992 -25.000000
v 0.127854 -0.070992 25.000000
v 0.093113 -0.059142 25.000000
v 0.093113 -0.059142 25.000000
v 0.127854 -0.070992 25.000000
v 0.093796 -0.056544 25.014999
v 0.127854 -0.070992 25.000000
v 0.128915 -0.068523 25.014999
v 0.093796 -0.056544 25.014999
v 0.093796 -0.056544 25.014999
v 0.128915 -0.068523 25.014999
v 0.095663 -0.049446 25.025982
v 0.128915 -0.068523 25.014999
v 0.131814 -0.061777 25.025982
v 0.095663 -0.049446 25.025982
v 0.095663 -0.049446 25.025982
v 0.131814 -0.061777 25.025982
v 0.098213 -0.039750 25.029999
v 0.131814 -0.061777 25.025982
v 0.135775 -0.052562 25.029999
v 0.098213 -0.039750 25.029999
v 0.135775 -0.052562 -25.029999
v 0.169963 -0.070500 -25.029999
v 0.131814 -0.061777 -25.025980
v 0.169963 -0.070500 -25.029999
v 0.164521 -0.078938 -25.025980
v 0.131814 -0.061777 -25.025980
v 0.131814 -0.061777 -25.025980
v 0.164521 -0.078938 -25.025980
v 0.128915 -0.068523 -25.014999
v 0.164521 -0.078938 -25.025980
v 0.160537 -0.085114 -25.014999
v 0.128915 -0.068523 -25.014999
v 0.128915 -0.068523 -25.014999
v 0.160537 -0.085114 -25.014999
v 0.127854 -0.070992 -25.000000
v 0.160537 -0.085114 -25.014999
v 0.159079 -0.087375 -25.000000
v 0.127854 -0.070992 -25.000000
v 0.127854 -0.070992 -25.000000
v 0.159079 -0.087375 -25.000000
v 0.127854 -0.070992 25.000000
v 0.159079 -0.087375 -25.000000
v 0.159079 -0.087375 25.000000
v 0.127854 -0.070992 25.000000
v 0.127854 -0.070992 25.000000
v 0.159079 -0.087375 25.000000
v 0.128915 -0.068523 25.014999
v 0.159079 -0.087375 25.000000
v 0.160537 -0.085114 25.014999
v 0.128915 -0.068523 25.014999
v 0.128915 -0.068523 25.014999
v 0.160537 -0.085114 25.014999
v 0.131814 -0.061777 25.025982
v 0.160537 -0.085114 25.014999
v 0.164521 -0.078938 25.025982
v 0.131814 -0.061777 25.025982
v 0.131814 -0.061777 25.025982
v 0.164521 -0.078938 25.025982
v 0.135775 -0.052562 25.029999
v 0.164521 -0.078938 25.025982
v 0.169963 -0.070500 25.029999
v 0.135775 -0.052562 25.029999
v 0.169963 -0.070500 -25.029999
v 0.203213 -0.096438 -25.029999
v 0.164521 -0.078938 -25.025980
v 0.203213 -0.096438 -25.029999
v 0.196065 -0.103544 -25.025980
v 0.164521 -0.078938 -25.025980
v 0.164521 -0.078938 -25.025980
v 0.196065 -0.103544 -25.025980
v 0.160537 -0.085114 -25.014999
v 0.196065 -0.103544 -25.025980
v 0.190832 -0.108747 -25.014999
v 0.160537 -0.085114 -25.014999
v 0.160537 -0.085114 -25.014999
v 0.190832 -0.108747 -25.014999
v 0.159079 -0.087375 -25.000000
v 0.190832 -0.108747 -25.014999
v 0.188917 -0.110651 -25.000000
v 0.159079 -0.087375 -25.000000
v 0.159079 -0.087375 -25.000000
v 0.188917 -0.110651 -25.000000
v 0.159079 -0.087375 25.000000
v 0.188917 -0.110651 -25.000000
v 0.188917 -0.110651 25.000000
v 0.159079 -0.087375 25.000000
v 0.159079 -0.087375 25.000000
v 0.188917 -0.110651 25.000000
v 0.160537 -0.085114 25.014999
v 0.188917 -0.110651 25.000000
v 0.190832 -0.108747 25.014999
v 0.160537 -0.085114 25.014999
v 0.160537 -0.085114 25.014999
v 0.190832 -0.108747 25.014999
v 0.164521 -0.078938 25.025982
v 0.190832 -0.108747 25.014999
v 0.196065 -0.103544 25.025982
v 0.164521 -0.078938 25.025982
v 0.164521 -0.078938 25.025982
v 0.196065 -0.103544 25.025982
v 0.169963 -0.070500 25.029999
v 0.196065 -0.103544 25.025982
v 0.203213 -0.096438 25.029999
v 0.169963 -0.070500 25.029999
v 0.203213 -0.096438 -25.029999
v 0.226963 -0.127250 -25.029999
v 0.196065 -0.103544 -25.025980
v 0.226963 -0.127250 -25.029999
v 0.218192 -0.132252 -25.025980
v 0.196065 -0.103544 -25.025980
v 0.196065 -0.103544 -25.025980
v 0.218192 -0.132252 -25.025980
v 0.190832 -0.108747 -25.014999
v 0.218192 -0.132252 -25.025980
v 0.211772 -0.135913 -25.014999
v 0.190832 -0.108747 -25.014999
v 0.190832 -0.108747 -25.014999
v 0.211772 -0.135913 -25.014999
v 0.188917 -0.110651 -25.000000
v 0.211772 -0.135913 -25.014999
v 0.209422 -0.137254 -25.000000
v 0.188917 -0.110651 -25.000000
v 0.188917 -0.110651 -25.000000
v 0.209422 -0.137254 -25.000000
v 0.188917 -0.110651 25.000000
v 0.209422 -0.137254 -25.000000
v 0.209422 -0.137254 25.000000
v 0.188917 -0.110651 25.000000
v 0.188917 -0.110651 25.000000
v 0.209422 -0.137254 25.000000
v 0.190832 -0.108747 25.014999
v 0.209422 -0.137254 25.000000
v 0.211772 -0.135913 25.014999
v 0.190832 -0.108747 25.014999
v 0.190832 -0.108747 25.014999
v 0.211772 -0.135913 25.014999
v 0.196065 -0.103544 25.025982
v 0.211772 -0.135913 25.014999
v 0.218192 -0.132252 25.025982
v 0.196065 -0.103544 25.025982
v 0.196065 -0.103544 25.025982
v 0.218192 -0.132252 25.025982
v 0.203213 -0.096438 25.029999
v 0.218192 -0.132252 25.025982
v 0.226963 -0.127250 25.029999
v 0.203213 -0.096438 25.029999
v 0.226963 -0.127250 -25.029999
v 0.241213 -0.162937 -25.029999
v 0.218192 -0.132252 -25.025980
v 0.241213 -0.162937 -25.029999
v 0.231435 -0.165416 -25.025980
v 0.218192 -0.132252 -25.025980
v 0.218192 -0.132252 -25.025980
v 0.231435 -0.165416 -25.025980
v 0.211772 -0.135913 -25.014999
v 0.231435 -0.165416 -25.025980
v 0.224277 -0.167230 -25.014999
v 0.211772 -0.135913 -25.014999
v 0.211772 -0.135913 -25.014999
v 0.224277 -0.167230 -25.014999
v 0.209422 -0.137254 -25.000000
v 0.224277 -0.167230 -25.014999
v 0.221657 -0.167894 -25.000000
v 0.209422 -0.137254 -25.000000
v 0.209422 -0.137254 -25.000000
v 0.221657 -0.167894 -25.000000
v 0.209422 -0.137254 25.000000
v 0.221657 -0.167894 -25.000000
v 0.221657 -0.167894 25.000000
v 0.209422 -0.137254 25.000000
v 0.209422 -0.137254 25.000000
v 0.221657 -0.167894 25.000000
v 0.211772 -0.135913 25.014999
v 0.221657 -0.167894 25.000000
v 0.224277 -0.167230 25.014999
v 0.211772 -0.135913 25.014999
v 0.211772 -0.135913 25.014999
v 0.224277 -0.167230 25.014999
v 0.218192 -0.132252 25.025982
v 0.224277 -0.167230 25.014999
v 0.231435 -0.165416 25.025982
v 0.218192 -0.132252 25.025982
v 0.218192 -0.132252 25.025982
v 0.231435 -0.165416 25.025982
v 0.226963 -0.127250 25.029999
v 0.231435 -0.165416 25.025982
v 0.241213 -0.162937 25.029999
v 0.226963 -0.127250 25.029999
v 0.241213 -0.162937 -25.029999
v 0.245963 -0.203500 -25.029999
v 0.231435 -0.165416 -25.025980
v 0.245963 -0.203500 -25.029999
v 0.235900 -0.203544 -25.025980
v 0.231435 -0.165416 -25.025980
v 0.231435 -0.165416 -25.025980
v 0.235900 -0.203544 -25.025980
v 0.224277 -0.167230 -25.014999
v 0.235900 -0.203544 -25.025980
v 0.228533 -0.203577 -25.014999
v 0.224277 -0.167230 -25.014999
v 0.224277 -0.167230 -25.014999
v 0.228533 -0.203577 -25.014999
v 0.221657 -0.167894 -25.000000
v 0.228533 -0.203577 -25.014999
v 0.225836 -0.203589 -25.000000
v 0.221657 -0.167894 -25.000000
v 0.221657 -0.167894 -25.000000
v 0.225836 -0.203589 -25.000000
v 0.221657 -0.167894 25.000000
v 0.225836 -0.203589 -25.000000
v 0.225836 -0.203589 25.000000
v 0.221657 -0.167894 25.000000
v 0.221657 -0.167894 25.000000
v 0.225836 -0.203589 25.000000
v 0.224277 -0.167230 25.014999
v 0.225836 -0.203589 25.000000
v 0.228533 -0.203577 25.014999
v 0.224277 -0.167230 25.014999
v 0.224277 -0.167230 25.014999
v 0.228533 -0.203577 25.014999
v 0.231435 -0.165416 25.025982
v 0.228533 -0.203577 25.014999
v 0.235900 -0.203544 25.025982
v 0.231435 -0.165416 25.025982
v 0.231435 -0.165416 25.025982
v 0.235900 -0.203544 25.025982
v 0.241213 -0.162937 25.029999
v 0.235900 -0.203544 25.025982
v 0.245963 -0.203500 25.029999
v 0.241213 -0.162937 25.029999
v 0.245963 -0.203500 -25.029999
v 0.241650 -0.243375 -25.029999
v 0.235900 -0.203544 -25.025980
v 0.241650 -0.243375 -25.029999
v 0.231838 -0.241098 -25.025980
v 0.235900 -0.203544 -25.025980
v 0.235900 -0.203544 -25.025980
v 0.231838 -0.241098 -25.025980
v 0.228533 -0.203577 -25.014999
v 0.231838 -0.241098 -25.025980
v 0.224655 -0.239431 -25.014999
v 0.228533 -0.203577 -25.014999
v 0.228533 -0.203577 -25.014999
v 0.224655 -0.239431 -25.014999
v 0.225836 -0.203589 -25.000000
v 0.224655 -0.239431 -25.014999
v 0.222026 -0.238821 -25.000000
v 0.225836 -0.203589 -25.000000
v 0.225836 -0.203589 -25.000000
v 0.222026 -0.238821 -25.000000
v 0.225836 -0.203589 25.000000
v 0.222026 -0.238821 -25.000000
v 0.222026 -0.238821 25.000000
v 0.225836 -0.203589 25.000000
v 0.225836 -0.203589 25.000000
v 0.222026 -0.238821 25.000000
v 0.228533 -0.203577 25.014999
v 0.222026 -0.238821 25.000000
v 0.224655 -0.239431 25.014999
v 0.228533 -0.203577 25.014999
v 0.228533 -0.203577 25.014999
v 0.224655 -0.239431 25.014999
v 0.235900 -0.203544 25.025982
v 0.224655 -0.239431 25.014999
v 0.231838 -0.241098 25.025982
v 0.235900 -0.203544 25.025982
v 0.235900 -0.203544 25.025982
v 0.231838 -0.241098 25.025982
v 0.245963 -0.203500 25.029999
v 0.231838 -0.241098 25.025982
v 0.241650 -0.243375 25.029999
v 0.245963 -0.203500 25.029999
v 0.241650 -0.243375 -25.029999
v 0.228713 -0.279000 -25.029999
v 0.231838 -0.241098 -25.025980
v 0.228713 -0.279000 -25.029999
v 0.219749 -0.274387 -25.025980
v 0.231838 -0.241098 -25.025980
v 0.231838 -0.241098 -25.025980
v 0.219749 -0.274387 -25.025980
v 0.224655 -0.239431 -25.014999
v 0.219749 -0.274387 -25.025980
v 0.213187 -0.271011 -25.014999
v 0.224655 -0.239431 -25.014999
v 0.224655 -0.239431 -25.014999
v 0.213187 -0.271011 -25.014999
v 0.222026 -0.238821 -25.000000
v 0.213187 -0.271011 -25.014999
v 0.210785 -0.269775 -25.000000
v 0.222026 -0.238821 -25.000000
v 0.222026 -0.238821 -25.000000
v 0.210785 -0.269775 -25.000000
v 0.222026 -0.238821 25.000000
v 0.210785 -0.269775 -25.000000
v 0.210785 -0.269775 25.000000
v 0.222026 -0.238821 25.000000
v 0.222026 -0.238821 25.000000
v 0.210785 -0.269775 25.000000
v 0.224655 -0.239431 25.014999
v 0.210785 -0.269775 25.000000
v 0.213187 -0.271011 25.014999
v 0.224655 -0.239431 25.014999
v 0.224655 -0.239431 25.014999
v 0.213187 -0.271011 25.014999
v 0.231838 -0.241098 25.025982
v 0.213187 -0.271011 25.014999
v 0.219749 -0.274387 25.025982
v 0.231838 -0.241098 25.025982
v 0.231838 -0.241098 25.025982
v 0.219749 -0.274387 25.025982
v 0.241650 -0.243375 25.029999
v 0.219749 -0.274387 25.025982
v 0.228713 -0.279000 25.029999
v 0.241650 -0.243375 25.029999
v 0.228713 -0.279000 -25.029999
v 0.207150 -0.310375 -25.029999
v 0.219749 -0.274387 -25.025980
v 0.207150 -0.310375 -25.029999
v 0.199582 -0.303731 -25.025980
v 0.219749 -0.274387 -25.025980
v 0.219749 -0.274387 -25.025980
v 0.199582 -0.303731 -25.025980
v 0.213187 -0.271011 -25.014999
v 0.199582 -0.303731 -25.025980
v 0.194042 -0.298868 -25.014999
v 0.213187 -0.271011 -25.014999
v 0.213187 -0.271011 -25.014999
v 0.194042 -0.298868 -25.014999
v 0.210785 -0.269775 -25.000000
v 0.194042 -0.298868 -25.014999
v 0.192014 -0.297088 -25.000000
v 0.210785 -0.269775 -25.000000
v 0.210785 -0.269775 -25.000000
v 0.192014 -0.297088 -25.000000
v 0.210785 -0.269775 25.000000
v 0.192014 -0.297088 -25.000000
v 0.192014 -0.297088 25.000000
v 0.210785 -0.269775 25.000000
v 0.210785 -0.269775 25.000000
v 0.192014 -0.297088 25.000000
v 0.213187 -0.271011 25.014999
v 0.192014 -0.297088 25.000000
v 0.194042 -0.298868 25.014999
v 0.213187 -0.271011 25.014999
v 0.213187 -0.271011 25.014999
v 0.194042 -0.298868 25.014999
v 0.219749 -0.274387 25.025982
v 0.194042 -0.298868 25.014999
v 0.199582 -0.303731 25.025982
v 0.219749 -0.274387 25.025982
v 0.219749 -0.274387 25.025982
v 0.199582 -0.303731 25.025982
v 0.228713 -0.279000 25.029999
v 0.199582 -0.303731 25.025982
v 0.207150 -0.310375 25.029999
v 0.228713 -0.279000 25.029999
v 0.207150 -0.310375 -25.029999
v 0.176963 -0.337500 -25.029999
v 0.199582 -0.303731 -25.025980
v 0.176963 -0.337500 -25.029999
v 0.170975 -0.329437 -25.025980
v 0.199582 -0.303731 -25.025980
v 0.199582 -0.303731 -25.025980
v 0.170975 -0.329437 -25.025980
v 0.194042 -0.298868 -25.014999
v 0.170975 -0.329437 -25.025980
v 0.166591 -0.323534 -25.014999
v 0.194042 -0.298868 -25.014999
v 0.194042 -0.298868 -25.014999
v 0.166591 -0.323534 -25.014999
v 0.192014 -0.297088 -25.000000
v 0.166591 -0.323534 -25.014999
v 0.164987 -0.321373 -25.000000
v 0.192014 -0.297088 -25.000000
v 0.192014 -0.297088 -25.000000
v 0.164987 -0.321373 -25.000000
v 0.192014 -0.297088 25.000000
v 0.164987 -0.321373 -25.000000
v 0.164987 -0.321373 25.000000
v 0.192014 -0.297088 25.000000
v 0.192014 -0.297088 25.000000
v 0.164987 -0.321373 25.000000
v 0.194042 -0.298868 25.014999
v 0.164987 -0.321373 25.000000
v 0.166591 -0.323534 25.014999
v 0.194042 -0.298868 25.014999
v 0.194042 -0.298868 25.014999
v 0.166591 -0.323534 25.014999
v 0.199582 -0.303731 25.025982
v 0.166591 -0.323534 25.014999
v 0.170975 -0.329437 25.025982
v 0.199582 -0.303731 25.025982
v 0.199582 -0.303731 25.025982
v 0.170975 -0.329437 25.025982
v 0.207150 -0.310375 25.029999
v 0.170975 -0.329437 25.025982
v 0.176963 -0.337500 25.029999
v 0.207150 -0.310375 25.029999
v 0.176963 -0.337500 -25.029999
v 0.144525 -0.357188 -25.029999
v 0.170975 -0.329437 -25.025980
v 0.144525 -0.357188 -25.029999
v 0.140050 -0.348206 -25.025980
v 0.170975 -0.329437 -25.025980
v 0.170975 -0.329437 -25.025980
v 0.140050 -0.348206 -25.025980
v 0.166591 -0.323534 -25.014999
v 0.140050 -0.348206 -25.025980
v 0.136774 -0.341631 -25.014999
v 0.166591 -0.323534 -25.014999
v 0.166591 -0.323534 -25.014999
v 0.136774 -0.341631 -25.014999
v 0.164987 -0.321373 -25.000000
v 0.136774 -0.341631 -25.014999
v 0.135575 -0.339224 -25.000000
v 0.164987 -0.321373 -25.000000
v 0.164987 -0.321373 -25.000000
v 0.135575 -0.339224 -25.000000
v 0.164987 -0.321373 25.000000
v 0.135575 -0.339224 -25.000000
v 0.135575 -0.339224 25.000000
v 0.164987 -0.321373 25.000000
v 0.164987 -0.321373 25.000000
v 0.135575 -0.339224 25.000000
v 0.166591 -0.323534 25.014999
v 0.135575 -0.339224 25.000000
v 0.136774 -0.341631 25.014999
v 0.166591 -0.323534 25.014999
v 0.166591 -0.323534 25.014999
v 0.136774 -0.341631 25.014999
v 0.170975 -0.329437 25.025982
v 0.136774 -0.341631 25.014999
v 0.140050 -0.348206 25.025982
v 0.170975 -0.329437 25.025982
v 0.170975 -0.329437 25.025982
v 0.140050 -0.348206 25.025982
v 0.176963 -0.337500 25.029999
v 0.140050 -0.348206 25.025982
v 0.144525 -0.357188 25.029999
v 0.176963 -0.337500 25.029999
v 0.144525 -0.357188 -25.029999
v 0.109213 -0.371250 -25.029999
v 0.140050 -0.348206 -25.025980
v 0.109213 -0.371250 -25.029999
v 0.106265 -0.361660 -25.025980
v 0.140050 -0.348206 -25.025980
v 0.140050 -0.348206 -25.025980
v 0.106265 -0.361660 -25.025980
v 0.136774 -0.341631 -25.014999
v 0.106265 -0.361660 -25.025980
v 0.104107 -0.354640 -25.014999
v 0.136774 -0.341631 -25.014999
v 0.136774 -0.341631 -25.014999
v 0.104107 -0.354640 -25.014999
v 0.135575 -0.339224 -25.000000
v 0.104107 -0.354640 -25.014999
v 0.103317 -0.352070 -25.000000
v 0.135575 -0.339224 -25.000000
v 0.135575 -0.339224 -25.000000
v 0.103317 -0.352070 -25.000000
v 0.135575 -0.339224 25.000000
v 0.103317 -0.352070 -25.000000
v 0.103317 -0.352070 25.000000
v 0.135575 -0.339224 25.000000
v 0.135575 -0.339224 25.000000
v 0.103317 -0.352070 25.000000
v 0.136774 -0.341631 25.014999
v 0.103317 -0.352070 25.000000
v 0.104107 -0.354640 25.014999
v 0.136774 -0.341631 25.014999
v 0.136774 -0.341631 25.014999
v 0.104107 -0.354640 25.014999
v 0.140050 -0.348206 25.025982
v 0.104107 -0.354640 25.014999
v 0.106265 -0.361660 25.025982
v 0.140050 -0.348206 25.025982
v 0.140050 -0.348206 25.025982
v 0.106265 -0.361660 25.025982
v 0.144525 -0.357188 25.029999
v 0.106265 -0.361660 25.025982
v 0.109213 -0.371250 25.029999
v 0.144525 -0.357188 25.029999
v 0.109213 -0.371250 -25.029999
v 0.071025 -0.379687 -25.029999
v 0.106265 -0.361660 -25.025980
v 0.071025 -0.379687 -25.029999
v 0.069597 -0.369762 -25.025980
v 0.106265 -0.361660 -25.025980
v 0.106265 -0.361660 -25.025980
v 0.069597 -0.369762 -25.025980
v 0.104107 -0.354640 -25.014999
v 0.069597 -0.369762 -25.025980
v 0.068551 -0.362496 -25.014999
v 0.104107 -0.354640 -25.014999
v 0.104107 -0.354640 -25.014999
v 0.068551 -0.362496 -25.014999
v 0.103317 -0.352070 -25.000000
v 0.068551 -0.362496 -25.014999
v 0.068169 -0.359836 -25.000000
v 0.103317 -0.352070 -25.000000
v 0.103317 -0.352070 -25.000000
v 0.068169 -0.359836 -25.000000
v 0.103317 -0.352070 25.000000
v 0.068169 -0.359836 -25.000000
v 0.068169 -0.359836 25.000000
v 0.103317 -0.352070 25.000000
v 0.103317 -0.352070 25.000000
v 0.068169 -0.359836 25.000000
v 0.104107 -0.354640 25.014999
v 0.068169 -0.359836 25.000000
v 0.068551 -0.362496 25.014999
v 0.104107 -0.354640 25.014999
v 0.104107 -0.354640 25.014999
v 0.068551 -0.362496 25.014999
v 0.106265 -0.361660 25.025982
v 0.068551 -0.362496 25.014999
v 0.069597 -0.369762 25.025982
v 0.106265 -0.361660 25.025982
v 0.106265 -0.361660 25.025982
v 0.069597 -0.369762 25.025982
v 0.109213 -0.371250 25.029999
v 0.069597 -0.369762 25.025982
v 0.071025 -0.379687 25.029999
v 0.109213 -0.371250 25.029999
v 0.071025 -0.379687 -25.029999
v 0.029963 -0.382500 -25.029999
v 0.069597 -0.369762 -25.025980
v 0.029963 -0.382500 -25.029999
v 0.029621 -0.372500 -25.025980
v 0.069597 -0.369762 -25.025980
v 0.069597 -0.369762 -25.025980
v 0.029621 -0.372500 -25.025980
v 0.068551 -0.362496 -25.014999
v 0.029621 -0.372500 -25.025980
v 0.029370 -0.365179 -25.014999
v 0.068551 -0.362496 -25.014999
v 0.068551 -0.362496 -25.014999
v 0.029370 -0.365179 -25.014999
v 0.068169 -0.359836 -25.000000
v 0.029370 -0.365179 -25.014999
v 0.029279 -0.362500 -25.000000
v 0.068169 -0.359836 -25.000000
v 0.068169 -0.359836 -25.000000
v 0.029279 -0.362500 -25.000000
v 0.068169 -0.359836 25.000000
v 0.029279 -0.362500 -25.000000
v 0.029279 -0.362500 25.000000
v 0.068169 -0.359836 25.000000
v 0.068169 -0.359836 25.000000
v 0.029279 -0.362500 25.000000
v 0.068551 -0.362496 25.014999
v 0.029279 -0.362500 25.000000
v 0.029370 -0.365179 25.014999
v 0.068551 -0.362496 25.014999
v 0.068551 -0.362496 25.014999
v 0.029370 -0.365179 25.014999
v 0.069597 -0.369762 25.025982
v 0.029370 -0.365179 25.014999
v 0.029621 -0.372500 25.025982
v 0.069597 -0.369762 25.025982
v 0.069597 -0.369762 25.025982
v 0.029621 -0.372500 25.025982
v 0.071025 -0.379687 25.029999
v 0.029621 -0.372500 25.025982
v 0.029963 -0.382500 25.029999
v 0.071025 -0.379687 25.029999