# Generated mesh
# vertices: 3396, faces: 0

v 0.460527 -0.507505 -25.029999
v 0.371527 -0.507505 -25.029999
v 0.340527 -0.371505 -25.029999
v 0.016527 -0.072505 -25.029999
v 0.016527 0.041495 -25.029999
v 0.460527 0.041495 -25.029999
v 0.444527 0.201495 -25.029999
v 0.311527 0.201495 -25.029999
v 0.295652 0.248058 -25.029999
v 0.401527 0.340995 -25.029999
v 0.430027 0.275120 -25.029999
v 0.444527 0.201495 -25.029999
v 0.302527 0.449495 -25.029999
v 0.359027 0.399120 -25.029999
v 0.401527 0.340995 -25.029999
v 0.175277 0.513995 -25.029999
v 0.241714 0.487120 -25.029999
v 0.302527 0.449495 -25.029999
v 0.025527 0.535495 -25.029999
v 0.103214 0.530120 -25.029999
v 0.175277 0.513995 -25.029999
v -0.178223 0.494995 -25.029999
v -0.082161 0.525370 -25.029999
v 0.025527 0.535495 -25.029999
v -0.335473 0.373495 -25.029999
v -0.262661 0.444370 -25.029999
v -0.178223 0.494995 -25.029999
v -0.429223 0.202995 -25.029999
v -0.390161 0.293370 -25.029999
v -0.335473 0.373495 -25.029999
v -0.460473 -0.008505 -25.029999
v -0.452661 0.102370 -25.029999
v -0.429223 0.202995 -25.029999
v -0.428973 -0.207505 -25.029999
v -0.452598 -0.112005 -25.029999
v -0.460473 -0.008505 -25.029999
v -0.334473 -0.374505 -25.029999
v -0.389598 -0.295005 -25.029999
v -0.428973 -0.207505 -25.029999
v -0.181973 -0.495255 -25.029999
v -0.263098 -0.444942 -25.029999
v -0.334473 -0.374505 -25.029999
v 0.009527 -0.535505 -25.029999
v -0.091098 -0.525442 -25.029999
v -0.181973 -0.495255 -25.029999
v 0.104777 -0.524755 -25.029999
v 0.057839 -0.532817 -25.029999
v 0.009527 -0.535505 -25.029999
v 0.194527 -0.492505 -25.029999
v 0.150339 -0.511317 -25.029999
v 0.104777 -0.524755 -25.029999
v 0.274027 -0.440755 -25.029999
v 0.235902 -0.468817 -25.029999
v 0.194527 -0.492505 -25.029999
v 0.340527 -0.371505 -25.029999
v 0.308902 -0.408317 -25.029999
v 0.274027 -0.440755 -25.029999
v 0.460527 0.041495 -25.029999
v 0.460527 -0.507505 -25.029999
v 0.340527 -0.371505 -25.029999
v 0.335527 -0.072505 -25.029999
v 0.016527 -0.072505 -25.029999
v 0.460527 0.041495 -25.029999
v 0.444527 0.201495 -25.029999
v 0.295652 0.248058 -25.029999
v 0.273027 0.289745 -25.029999
v 0.302527 0.449495 -25.029999
v 0.401527 0.340995 -25.029999
v 0.444527 0.201495 -25.029999
v 0.025527 0.535495 -25.029999
v 0.175277 0.513995 -25.029999
v 0.302527 0.449495 -25.029999
v -0.335473 0.373495 -25.029999
v -0.178223 0.494995 -25.029999
v 0.025527 0.535495 -25.029999
v -0.460473 -0.008505 -25.029999
v -0.429223 0.202995 -25.029999
v -0.335473 0.373495 -25.029999
v -0.334473 -0.374505 -25.029999
v -0.428973 -0.207505 -25.029999
v -0.460473 -0.008505 -25.029999
v 0.009527 -0.535505 -25.029999
v -0.181973 -0.495255 -25.029999
v -0.334473 -0.374505 -25.029999
v 0.194527 -0.492505 -25.029999
v 0.104777 -0.524755 -25.029999
v 0.009527 -0.535505 -25.029999
v 0.340527 -0.371505 -25.029999
v 0.274027 -0.440755 -25.029999
v 0.194527 -0.492505 -25.029999
v 0.335527 -0.072505 -25.029999
v 0.460527 0.041495 -25.029999
v 0.340527 -0.371505 -25.029999
v 0.444527 0.201495 -25.029999
v 0.273027 0.289745 -25.029999
v 0.243652 0.326558 -25.029999
v 0.025527 0.535495 -25.029999
v 0.302527 0.449495 -25.029999
v 0.444527 0.201495 -25.029999
v -0.334473 -0.374505 -25.029999
v -0.460473 -0.008505 -25.029999
v -0.335473 0.373495 -25.029999
v 0.194527 -0.492505 -25.029999
v 0.009527 -0.535505 -25.029999
v -0.334473 -0.374505 -25.029999
v 0.330277 -0.141505 -25.029999
v 0.335527 -0.072505 -25.029999
v 0.340527 -0.371505 -25.029999
v 0.444527 0.201495 -25.029999
v 0.243652 0.326558 -25.029999
v 0.207527 0.358495 -25.029999
v 0.314527 -0.204505 -25.029999
v 0.330277 -0.141505 -25.029999
v 0.340527 -0.371505 -25.029999
v 0.025527 0.535495 -25.029999
v 0.444527 0.201495 -25.029999
v 0.207527 0.358495 -25.029999
v 0.314527 -0.204505 -25.029999
v 0.340527 -0.371505 -25.029999
v 0.194527 -0.492505 -25.029999
v 0.025527 0.535495 -25.029999
v 0.207527 0.358495 -25.029999
v 0.166527 0.384745 -25.029999
v 0.288277 -0.261505 -25.029999
v 0.314527 -0.204505 -25.029999
v 0.194527 -0.492505 -25.029999
v 0.025527 0.535495 -25.029999
v 0.166527 0.384745 -25.029999
v 0.122527 0.403495 -25.029999
v 0.251527 -0.312505 -25.029999
v 0.288277 -0.261505 -25.029999
v 0.194527 -0.492505 -25.029999
v 0.025527 0.535495 -25.029999
v 0.122527 0.403495 -25.029999
v 0.075527 0.414745 -25.029999
v 0.204589 -0.356692 -25.029999
v 0.251527 -0.312505 -25.029999
v 0.194527 -0.492505 -25.029999
v 0.025527 0.535495 -25.029999
v 0.075527 0.414745 -25.029999
v 0.025527 0.418495 -25.029999
v 0.150777 -0.388255 -25.029999
v 0.204589 -0.356692 -25.029999
v 0.194527 -0.492505 -25.029999
v 0.025527 0.535495 -25.029999
v 0.025527 0.418495 -25.029999
v -0.052098 0.410308 -25.029999
v 0.090089 -0.407192 -25.029999
v 0.150777 -0.388255 -25.029999
v 0.194527 -0.492505 -25.029999
v 0.025527 0.535495 -25.029999
v -0.052098 0.410308 -25.029999
v -0.120973 0.385745 -25.029999
v 0.022527 -0.413505 -25.029999
v 0.090089 -0.407192 -25.029999
v 0.194527 -0.492505 -25.029999
v 0.025527 0.535495 -25.029999
v -0.120973 0.385745 -25.029999
v -0.181098 0.344808 -25.029999
v -0.053411 -0.405380 -25.029999
v 0.022527 -0.413505 -25.029999
v 0.194527 -0.492505 -25.029999
v -0.335473 0.373495 -25.029999
v 0.025527 0.535495 -25.029999
v -0.181098 0.344808 -25.029999
v -0.053411 -0.405380 -25.029999
v 0.194527 -0.492505 -25.029999
v -0.334473 -0.374505 -25.029999
v -0.335473 0.373495 -25.029999
v -0.181098 0.344808 -25.029999
v -0.232473 0.287495 -25.029999
v -0.121223 -0.381005 -25.029999
v -0.053411 -0.405380 -25.029999
v -0.334473 -0.374505 -25.029999
v -0.335473 0.373495 -25.029999
v -0.232473 0.287495 -25.029999
v -0.270098 0.225245 -25.029999
v -0.180911 -0.340380 -25.029999
v -0.121223 -0.381005 -25.029999
v -0.334473 -0.374505 -25.029999
v -0.335473 0.373495 -25.029999
v -0.270098 0.225245 -25.029999
v -0.296973 0.156495 -25.029999
v -0.232473 -0.283505 -25.029999
v -0.180911 -0.340380 -25.029999
v -0.334473 -0.374505 -25.029999
v -0.335473 0.373495 -25.029999
v -0.296973 0.156495 -25.029999
v -0.313098 0.081245 -25.029999
v -0.270098 -0.221567 -25.029999
v -0.232473 -0.283505 -25.029999
v -0.334473 -0.374505 -25.029999
v -0.335473 0.373495 -25.029999
v -0.313098 0.081245 -25.029999
v -0.318473 -0.000505 -25.029999
v -0.296973 -0.153755 -25.029999
v -0.270098 -0.221567 -25.029999
v -0.334473 -0.374505 -25.029999
v -0.334473 -0.374505 -25.029999
v -0.335473 0.373495 -25.029999
v -0.318473 -0.000505 -25.029999
v -0.313098 -0.080067 -25.029999
v -0.296973 -0.153755 -25.029999
v -0.334473 -0.374505 -25.029999
v -0.334473 -0.374505 -25.029999
v -0.318473 -0.000505 -25.029999
v -0.313098 -0.080067 -25.029999
v 0.340527 -0.371505 25.029999
v 0.371527 -0.507505 25.029999
v 0.460527 -0.507505 25.029999
v 0.460527 0.041495 25.029999
v 0.016527 0.041495 25.029999
v 0.016527 -0.072505 25.029999
v 0.295652 0.248058 25.029999
v 0.311527 0.201495 25.029999
v 0.444527 0.201495 25.029999
v 0.444527 0.201495 25.029999
v 0.430027 0.275120 25.029999
v 0.401527 0.340995 25.029999
v 0.401527 0.340995 25.029999
v 0.359027 0.399120 25.029999
v 0.302527 0.449495 25.029999
v 0.302527 0.449495 25.029999
v 0.241714 0.487120 25.029999
v 0.175277 0.513995 25.029999
v 0.175277 0.513995 25.029999
v 0.103214 0.530120 25.029999
v 0.025527 0.535495 25.029999
v 0.025527 0.535495 25.029999
v -0.082161 0.525370 25.029999
v -0.178223 0.494995 25.029999
v -0.178223 0.494995 25.029999
v -0.262661 0.444370 25.029999
v -0.335473 0.373495 25.029999
v -0.335473 0.373495 25.029999
v -0.390161 0.293370 25.029999
v -0.429223 0.202995 25.029999
v -0.429223 0.202995 25.029999
v -0.452661 0.102370 25.029999
v -0.460473 -0.008505 25.029999
v -0.460473 -0.008505 25.029999
v -0.452598 -0.112005 25.029999
v -0.428973 -0.207505 25.029999
v -0.428973 -0.207505 25.029999
v -0.389598 -0.295005 25.029999
v -0.334473 -0.374505 25.029999
v -0.334473 -0.374505 25.029999
v -0.263098 -0.444942 25.029999
v -0.181973 -0.495255 25.029999
v -0.181973 -0.495255 25.029999
v -0.091098 -0.525442 25.029999
v 0.009527 -0.535505 25.029999
v 0.009527 -0.535505 25.029999
v 0.057839 -0.532817 25.029999
v 0.104777 -0.524755 25.029999
v 0.104777 -0.524755 25.029999
v 0.150339 -0.511317 25.029999
v 0.194527 -0.492505 25.029999
v 0.194527 -0.492505 25.029999
v 0.235902 -0.468817 25.029999
v 0.274027 -0.440755 25.029999
v 0.274027 -0.440755 25.029999
v 0.308902 -0.408317 25.029999
v 0.340527 -0.371505 25.029999
v 0.340527 -0.371505 25.029999
v 0.460527 -0.507505 25.029999
v 0.460527 0.041495 25.029999
v 0.460527 0.041495 25.029999
v 0.016527 -0.072505 25.029999
v 0.335527 -0.072505 25.029999
v 0.273027 0.289745 25.029999
v 0.295652 0.248058 25.029999
v 0.444527 0.201495 25.029999
v 0.444527 0.201495 25.029999
v 0.401527 0.340995 25.029999
v 0.302527 0.449495 25.029999
v 0.302527 0.449495 25.029999
v 0.175277 0.513995 25.029999
v 0.025527 0.535495 25.029999
v 0.025527 0.535495 25.029999
v -0.178223 0.494995 25.029999
v -0.335473 0.373495 25.029999
v -0.335473 0.373495 25.029999
v -0.429223 0.202995 25.029999
v -0.460473 -0.008505 25.029999
v -0.460473 -0.008505 25.029999
v -0.428973 -0.207505 25.029999
v -0.334473 -0.374505 25.029999
v -0.334473 -0.374505 25.029999
v -0.181973 -0.495255 25.029999
v 0.009527 -0.535505 25.029999
v 0.009527 -0.535505 25.029999
v 0.104777 -0.524755 25.029999
v 0.194527 -0.492505 25.029999
v 0.194527 -0.492505 25.029999
v 0.274027 -0.440755 25.029999
v 0.340527 -0.371505 25.029999
v 0.340527 -0.371505 25.029999
v 0.460527 0.041495 25.029999
v 0.335527 -0.072505 25.029999
v 0.243652 0.326558 25.029999
v 0.273027 0.289745 25.029999
v 0.444527 0.201495 25.029999
v 0.444527 0.201495 25.029999
v 0.302527 0.449495 25.029999
v 0.025527 0.535495 25.029999
v -0.335473 0.373495 25.029999
v -0.460473 -0.008505 25.029999
v -0.334473 -0.374505 25.029999
v -0.334473 -0.374505 25.029999
v 0.009527 -0.535505 25.029999
v 0.194527 -0.492505 25.029999
v 0.340527 -0.371505 25.029999
v 0.335527 -0.072505 25.029999
v 0.330277 -0.141505 25.029999
v 0.207527 0.358495 25.029999
v 0.243652 0.326558 25.029999
v 0.444527 0.201495 25.029999
v 0.340527 -0.371505 25.029999
v 0.330277 -0.141505 25.029999
v 0.314527 -0.204505 25.029999
v 0.207527 0.358495 25.029999
v 0.444527 0.201495 25.029999
v 0.025527 0.535495 25.029999
v 0.194527 -0.492505 25.029999
v 0.340527 -0.371505 25.029999
v 0.314527 -0.204505 25.029999
v 0.166527 0.384745 25.029999
v 0.207527 0.358495 25.029999
v 0.025527 0.535495 25.029999
v 0.194527 -0.492505 25.029999
v 0.314527 -0.204505 25.029999
v 0.288277 -0.261505 25.029999
v 0.122527 0.403495 25.029999
v 0.166527 0.384745 25.029999
v 0.025527 0.535495 25.029999
v 0.194527 -0.492505 25.029999
v 0.288277 -0.261505 25.029999
v 0.251527 -0.312505 25.029999
v 0.075527 0.414745 25.029999
v 0.122527 0.403495 25.029999
v 0.025527 0.535495 25.029999
v 0.194527 -0.492505 25.029999
v 0.251527 -0.312505 25.029999
v 0.204589 -0.356692 25.029999
v 0.025527 0.418495 25.029999
v 0.075527 0.414745 25.029999
v 0.025527 0.535495 25.029999
v 0.194527 -0.492505 25.029999
v 0.204589 -0.356692 25.029999
v 0.150777 -0.388255 25.029999
v -0.052098 0.410308 25.029999
v 0.025527 0.418495 25.029999
v 0.025527 0.535495 25.029999
v 0.194527 -0.492505 25.029999
v 0.150777 -0.388255 25.029999
v 0.090089 -0.407192 25.029999
v -0.120973 0.385745 25.029999
v -0.052098 0.410308 25.029999
v 0.025527 0.535495 25.029999
v 0.194527 -0.492505 25.029999
v 0.090089 -0.407192 25.029999
v 0.022527 -0.413505 25.029999
v -0.181098 0.344808 25.029999
v -0.120973 0.385745 25.029999
v 0.025527 0.535495 25.029999
v 0.194527 -0.492505 25.029999
v 0.022527 -0.413505 25.029999
v -0.053411 -0.405380 25.029999
v -0.181098 0.344808 25.029999
v 0.025527 0.535495 25.029999
v -0.335473 0.373495 25.029999
v -0.334473 -0.374505 25.029999
v 0.194527 -0.492505 25.029999
v -0.053411 -0.405380 25.029999
v -0.232473 0.287495 25.029999
v -0.181098 0.344808 25.029999
v -0.335473 0.373495 25.029999
v -0.334473 -0.374505 25.029999
v -0.053411 -0.405380 25.029999
v -0.121223 -0.381005 25.029999
v -0.270098 0.225245 25.029999
v -0.232473 0.287495 25.029999
v -0.335473 0.373495 25.029999
v -0.334473 -0.374505 25.029999
v -0.121223 -0.381005 25.029999
v -0.180911 -0.340380 25.029999
v -0.296973 0.156495 25.029999
v -0.270098 0.225245 25.029999
v -0.335473 0.373495 25.029999
v -0.334473 -0.374505 25.029999
v -0.180911 -0.340380 25.029999
v -0.232473 -0.283505 25.029999
v -0.313098 0.081245 25.029999
v -0.296973 0.156495 25.029999
v -0.335473 0.373495 25.029999
v -0.334473 -0.374505 25.029999
v -0.232473 -0.283505 25.029999
v -0.270098 -0.221567 25.029999
v -0.318473 -0.000505 25.029999
v -0.313098 0.081245 25.029999
v -0.335473 0.373495 25.029999
v -0.334473 -0.374505 25.029999
v -0.270098 -0.221567 25.029999
v -0.296973 -0.153755 25.029999
v -0.318473 -0.000505 25.029999
v -0.335473 0.373495 25.029999
v -0.334473 -0.374505 25.029999
v -0.334473 -0.374505 25.029999
v -0.296973 -0.153755 25.029999
v -0.313098 -0.080067 25.029999
v -0.313098 -0.080067 25.029999
v -0.318473 -0.000505 25.029999
v -0.334473 -0.374505 25.029999
v 0.460527 -0.507505 -25.029999
v 0.460527 0.041495 -25.029999
v 0.470527 -0.517505 -25.025980
v 0.460527 0.041495 -25.029999
v 0.470527 0.051495 -25.025980
v 0.470527 -0.517505 -25.025980
v 0.470527 -0.517505 -25.025980
v 0.470527 0.051495 -25.025980
v 0.477847 -0.524825 -25.014999
v 0.470527 0.051495 -25.025980
v 0.477847 0.058816 -25.014999
v 0.477847 -0.524825 -25.014999
v 0.477847 -0.524825 -25.014999
v 0.477847 0.058816 -25.014999
v 0.480527 -0.527505 -25.000000
v 0.477847 0.058816 -25.014999
v 0.480527 0.061495 -25.000000
v 0.480527 -0.527505 -25.000000
v 0.480527 -0.527505 -25.000000
v 0.480527 0.061495 -25.000000
v 0.480527 -0.527505 25.000000
v 0.480527 0.061495 -25.000000
v 0.480527 0.061495 25.000000
v 0.480527 -0.527505 25.000000
v 0.480527 -0.527505 25.000000
v 0.480527 0.061495 25.000000
v 0.477847 -0.524825 25.014999
v 0.480527 0.061495 25.000000
v 0.477847 0.058816 25.014999
v 0.477847 -0.524825 25.014999
v 0.477847 -0.524825 25.014999
v 0.477847 0.058816 25.014999
v 0.470527 -0.517505 25.025982
v 0.477847 0.058816 25.014999
v 0.470527 0.051495 25.025982
v 0.470527 -0.517505 25.025982
v 0.470527 -0.517505 25.025982
v 0.470527 0.051495 25.025982
v 0.460527 -0.507505 25.029999
v 0.470527 0.051495 25.025982
v 0.460527 0.041495 25.029999
v 0.460527 -0.507505 25.029999
v 0.460527 0.041495 -25.029999
v 0.016527 0.041495 -25.029999
v 0.470527 0.051495 -25.025980
v 0.016527 0.041495 -25.029999
v 0.006527 0.051495 -25.025980
v 0.470527 0.051495 -25.025980
v 0.470527 0.051495 -25.025980
v 0.006527 0.051495 -25.025980
v 0.477847 0.058816 -25.014999
v 0.006527 0.051495 -25.025980
v -0.000794 0.058816 -25.014999
v 0.477847 0.058816 -25.014999
v 0.477847 0.058816 -25.014999
v -0.000794 0.058816 -25.014999
v 0.480527 0.061495 -25.000000
v -0.000794 0.058816 -25.014999
v -0.003473 0.061495 -25.000000
v 0.480527 0.061495 -25.000000
v 0.480527 0.061495 -25.000000
v -0.003473 0.061495 -25.000000
v 0.480527 0.061495 25.000000
v -0.003473 0.061495 -25.000000
v -0.003473 0.061495 25.000000
v 0.480527 0.061495 25.000000
v 0.480527 0.061495 25.000000
v -0.003473 0.061495 25.000000
v 0.477847 0.058816 25.014999
v -0.003473 0.061495 25.000000
v -0.000794 0.058816 25.014999
v 0.477847 0.058816 25.014999
v 0.477847 0.058816 25.014999
v -0.000794 0.058816 25.014999
v 0.470527 0.051495 25.025982
v -0.000794 0.058816 25.014999
v 0.006527 0.051495 25.025982
v 0.470527 0.051495 25.025982
v 0.470527 0.051495 25.025982
v 0.006527 0.051495 25.025982
v 0.460527 0.041495 25.029999
v 0.006527 0.051495 25.025982
v 0.016527 0.041495 25.029999
v 0.460527 0.041495 25.029999
v 0.016527 0.041495 -25.029999
v 0.016527 -0.072505 -25.029999
v 0.006527 0.051495 -25.025980
v 0.016527 -0.072505 -25.029999
v 0.006527 -0.082505 -25.025980
v 0.006527 0.051495 -25.025980
v 0.006527 0.051495 -25.025980
v 0.006527 -0.082505 -25.025980
v -0.000794 0.058816 -25.014999
v 0.006527 -0.082505 -25.025980
v -0.000794 -0.089825 -25.014999
v -0.000794 0.058816 -25.014999
v -0.000794 0.058816 -25.014999
v -0.000794 -0.089825 -25.014999
v -0.003473 0.061495 -25.000000
v -0.000794 -0.089825 -25.014999
v -0.003473 -0.092505 -25.000000
v -0.003473 0.061495 -25.000000
v -0.003473 0.061495 -25.000000
v -0.003473 -0.092505 -25.000000
v -0.003473 0.061495 25.000000
v -0.003473 -0.092505 -25.000000
v -0.003473 -0.092505 25.000000
v -0.003473 0.061495 25.000000
v -0.003473 0.061495 25.000000
v -0.003473 -0.092505 25.000000
v -0.000794 0.058816 25.014999
v -0.003473 -0.092505 25.000000
v -0.000794 -0.089825 25.014999
v -0.000794 0.058816 25.014999
v -0.000794 0.058816 25.014999
v -0.000794 -0.089825 25.014999
v 0.006527 0.051495 25.025982
v -0.000794 -0.089825 25.014999
v 0.006527 -0.082505 25.025982
v 0.006527 0.051495 25.025982
v 0.006527 0.051495 25.025982
v 0.006527 -0.082505 25.025982
v 0.016527 0.041495 25.029999
v 0.006527 -0.082505 25.025982
v 0.016527 -0.072505 25.029999
v 0.016527 0.041495 25.029999
v 0.016527 -0.072505 -25.029999
v 0.335527 -0.072505 -25.029999
v 0.006527 -0.082505 -25.025980
v 0.335527 -0.072505 -25.029999
v 0.325154 -0.082118 -25.025980
v 0.006527 -0.082505 -25.025980
v 0.006527 -0.082505 -25.025980
v 0.325154 -0.082118 -25.025980
v -0.000794 -0.089825 -25.014999
v 0.325154 -0.082118 -25.025980
v 0.317561 -0.089155 -25.014999
v -0.000794 -0.089825 -25.014999
v -0.000794 -0.089825 -25.014999
v 0.317561 -0.089155 -25.014999
v -0.003473 -0.092505 -25.000000
v 0.317561 -0.089155 -25.014999
v 0.314782 -0.091731 -25.000000
v -0.003473 -0.092505 -25.000000
v -0.003473 -0.092505 -25.000000
v 0.314782 -0.091731 -25.000000
v -0.003473 -0.092505 25.000000
v 0.314782 -0.091731 -25.000000
v 0.314782 -0.091731 25.000000
v -0.003473 -0.092505 25.000000
v -0.003473 -0.092505 25.000000
v 0.314782 -0.091731 25.000000
v -0.000794 -0.089825 25.014999
v 0.314782 -0.091731 25.000000
v 0.317561 -0.089155 25.014999
v -0.000794 -0.089825 25.014999
v -0.000794 -0.089825 25.014999
v 0.317561 -0.089155 25.014999
v 0.006527 -0.082505 25.025982
v 0.317561 -0.089155 25.014999
v 0.325154 -0.082118 25.025982
v 0.006527 -0.082505 25.025982
v 0.006527 -0.082505 25.025982
v 0.325154 -0.082118 25.025982
v 0.016527 -0.072505 25.029999
v 0.325154 -0.082118 25.025982
v 0.335527 -0.072505 25.029999
v 0.016527 -0.072505 25.029999
v 0.335527 -0.072505 -25.029999
v 0.330277 -0.141505 -25.029999
v 0.325154 -0.082118 -25.025980
v 0.330277 -0.141505 -25.029999
v 0.320370 -0.139901 -25.025980
v 0.325154 -0.082118 -25.025980
v 0.325154 -0.082118 -25.025980
v 0.320370 -0.139901 -25.025980
v 0.317561 -0.089155 -25.014999
v 0.320370 -0.139901 -25.025980
v 0.313118 -0.138727 -25.014999
v 0.317561 -0.089155 -25.014999
v 0.317561 -0.089155 -25.014999
v 0.313118 -0.138727 -25.014999
v 0.314782 -0.091731 -25.000000
v 0.313118 -0.138727 -25.014999
v 0.310463 -0.138298 -25.000000
v 0.314782 -0.091731 -25.000000
v 0.314782 -0.091731 -25.000000
v 0.310463 -0.138298 -25.000000
v 0.314782 -0.091731 25.000000
v 0.310463 -0.138298 -25.000000
v 0.310463 -0.138298 25.000000
v 0.314782 -0.091731 25.000000
v 0.314782 -0.091731 25.000000
v 0.310463 -0.138298 25.000000
v 0.317561 -0.089155 25.014999
v 0.310463 -0.138298 25.000000
v 0.313118 -0.138727 25.014999
v 0.317561 -0.089155 25.014999
v 0.317561 -0.089155 25.014999
v 0.313118 -0.138727 25.014999
v 0.325154 -0.082118 25.025982
v 0.313118 -0.138727 25.014999
v 0.320370 -0.139901 25.025982
v 0.325154 -0.082118 25.025982
v 0.325154 -0.082118 25.025982
v 0.320370 -0.139901 25.025982
v 0.335527 -0.072505 25.029999
v 0.320370 -0.139901 25.025982
v 0.330277 -0.141505 25.029999
v 0.335527 -0.072505 25.029999
v 0.330277 -0.141505 -25.029999
v 0.314527 -0.204505 -25.029999
v 0.320370 -0.139901 -25.025980
v 0.314527 -0.204505 -25.029999
v 0.305052 -0.201172 -25.025980
v 0.320370 -0.139901 -25.025980
v 0.320370 -0.139901 -25.025980
v 0.305052 -0.201172 -25.025980
v 0.313118 -0.138727 -25.014999
v 0.305052 -0.201172 -25.025980
v 0.298116 -0.198732 -25.014999
v 0.313118 -0.138727 -25.014999
v 0.313118 -0.138727 -25.014999
v 0.298116 -0.198732 -25.014999
v 0.310463 -0.138298 -25.000000
v 0.298116 -0.198732 -25.014999
v 0.295578 -0.197838 -25.000000
v 0.310463 -0.138298 -25.000000
v 0.310463 -0.138298 -25.000000
v 0.295578 -0.197838 -25.000000
v 0.310463 -0.138298 25.000000
v 0.295578 -0.197838 -25.000000
v 0.295578 -0.197838 25.000000
v 0.310463 -0.138298 25.000000
v 0.310463 -0.138298 25.000000
v 0.295578 -0.197838 25.000000
v 0.313118 -0.138727 25.014999
v 0.295578 -0.197838 25.000000
v 0.298116 -0.198732 25.014999
v 0.313118 -0.138727 25.014999
v 0.313118 -0.138727 25.014999
v 0.298116 -0.198732 25.014999
v 0.320370 -0.139901 25.025982
v 0.298116 -0.198732 25.014999
v 0.305052 -0.201172 25.025982
v 0.320370 -0.139901 25.025982
v 0.320370 -0.139901 25.025982
v 0.305052 -0.201172 25.025982
v 0.330277 -0.141505 25.029999
v 0.305052 -0.201172 25.025982
v 0.314527 -0.204505 25.029999
v 0.330277 -0.141505 25.029999
v 0.314527 -0.204505 -25.029999
v 0.288277 -0.261505 -25.029999
v 0.305052 -0.201172 -25.025980
v 0.288277 -0.261505 -25.029999
v 0.279598 -0.256443 -25.025980
v 0.305052 -0.201172 -25.025980
v 0.305052 -0.201172 -25.025980
v 0.279598 -0.256443 -25.025980
v 0.298116 -0.198732 -25.014999
v 0.279598 -0.256443 -25.025980
v 0.273245 -0.252738 -25.014999
v 0.298116 -0.198732 -25.014999
v 0.298116 -0.198732 -25.014999
v 0.273245 -0.252738 -25.014999
v 0.295578 -0.197838 -25.000000
v 0.273245 -0.252738 -25.014999
v 0.270920 -0.251382 -25.000000
v 0.295578 -0.197838 -25.000000
v 0.295578 -0.197838 -25.000000
v 0.270920 -0.251382 -25.000000
v 0.295578 -0.197838 25.000000
v 0.270920 -0.251382 -25.000000
v 0.270920 -0.251382 25.000000
v 0.295578 -0.197838 25.000000
v 0.295578 -0.197838 25.000000
v 0.270920 -0.251382 25.000000
v 0.298116 -0.198732 25.014999
v 0.270920 -0.251382 25.000000
v 0.273245 -0.252738 25.014999
v 0.298116 -0.198732 25.014999
v 0.298116 -0.198732 25.014999
v 0.273245 -0.252738 25.014999
v 0.305052 -0.201172 25.025982
v 0.273245 -0.252738 25.014999
v 0.279598 -0.256443 25.025982
v 0.305052 -0.201172 25.025982
v 0.305052 -0.201172 25.025982
v 0.279598 -0.256443 25.025982
v 0.314527 -0.204505 25.029999
v 0.279598 -0.256443 25.025982
v 0.288277 -0.261505 25.029999
v 0.314527 -0.204505 25.029999
v 0.288277 -0.261505 -25.029999
v 0.251527 -0.312505 -25.029999
v 0.279598 -0.256443 -25.025980
v 0.251527 -0.312505 -25.029999
v 0.243974 -0.305881 -25.025980
v 0.279598 -0.256443 -25.025980
v 0.279598 -0.256443 -25.025980
v 0.243974 -0.305881 -25.025980
v 0.273245 -0.252738 -25.014999
v 0.243974 -0.305881 -25.025980
v 0.238445 -0.301032 -25.014999
v 0.273245 -0.252738 -25.014999
v 0.273245 -0.252738 -25.014999
v 0.238445 -0.301032 -25.014999
v 0.270920 -0.251382 -25.000000
v 0.238445 -0.301032 -25.014999
v 0.236422 -0.299257 -25.000000
v 0.270920 -0.251382 -25.000000
v 0.270920 -0.251382 -25.000000
v 0.236422 -0.299257 -25.000000
v 0.270920 -0.251382 25.000000
v 0.236422 -0.299257 -25.000000
v 0.236422 -0.299257 25.000000
v 0.270920 -0.251382 25.000000
v 0.270920 -0.251382 25.000000
v 0.236422 -0.299257 25.000000
v 0.273245 -0.252738 25.014999
v 0.236422 -0.299257 25.000000
v 0.238445 -0.301032 25.014999
v 0.273245 -0.252738 25.014999
v 0.273245 -0.252738 25.014999
v 0.238445 -0.301032 25.014999
v 0.279598 -0.256443 25.025982
v 0.238445 -0.301032 25.014999
v 0.243974 -0.305881 25.025982
v 0.279598 -0.256443 25.025982
v 0.279598 -0.256443 25.025982
v 0.243974 -0.305881 25.025982
v 0.288277 -0.261505 25.029999
v 0.243974 -0.305881 25.025982
v 0.251527 -0.312505 25.029999
v 0.288277 -0.261505 25.029999
v 0.251527 -0.312505 -25.029999
v 0.204589 -0.356692 -25.029999
v 0.243974 -0.305881 -25.025980
v 0.204589 -0.356692 -25.029999
v 0.198556 -0.348637 -25.025980
v 0.243974 -0.305881 -25.025980
v 0.243974 -0.305881 -25.025980
v 0.198556 -0.348637 -25.025980
v 0.238445 -0.301032 -25.014999
v 0.198556 -0.348637 -25.025980
v 0.194140 -0.342741 -25.014999
v 0.238445 -0.301032 -25.014999
v 0.238445 -0.301032 -25.014999
v 0.194140 -0.342741 -25.014999
v 0.236422 -0.299257 -25.000000
v 0.194140 -0.342741 -25.014999
v 0.192524 -0.340583 -25.000000
v 0.236422 -0.299257 -25.000000
v 0.236422 -0.299257 -25.000000
v 0.192524 -0.340583 -25.000000
v 0.236422 -0.299257 25.000000
v 0.192524 -0.340583 -25.000000
v 0.192524 -0.340583 25.000000
v 0.236422 -0.299257 25.000000
v 0.236422 -0.299257 25.000000
v 0.192524 -0.340583 25.000000
v 0.238445 -0.301032 25.014999
v 0.192524 -0.340583 25.000000
v 0.194140 -0.342741 25.014999
v 0.238445 -0.301032 25.014999
v 0.238445 -0.301032 25.014999
v 0.194140 -0.342741 25.014999
v 0.243974 -0.305881 25.025982
v 0.194140 -0.342741 25.014999
v 0.198556 -0.348637 25.025982
v 0.243974 -0.305881 25.025982
v 0.243974 -0.305881 25.025982
v 0.198556 -0.348637 25.025982
v 0.251527 -0.312505 25.029999
v 0.198556 -0.348637 25.025982
v 0.204589 -0.356692 25.029999
v 0.251527 -0.312505 25.029999
v 0.204589 -0.356692 -25.029999
v 0.150777 -0.388255 -25.029999
v 0.198556 -0.348637 -25.025980
v 0.150777 -0.388255 -25.029999
v 0.146705 -0.379050 -25.025980
v 0.198556 -0.348637 -25.025980
v 0.198556 -0.348637 -25.025980
v 0.146705 -0.379050 -25.025980
v 0.194140 -0.342741 -25.014999
v 0.146705 -0.379050 -25.025980
v 0.143724 -0.372311 -25.014999
v 0.194140 -0.342741 -25.014999
v 0.194140 -0.342741 -25.014999
v 0.143724 -0.372311 -25.014999
v 0.192524 -0.340583 -25.000000
v 0.143724 -0.372311 -25.014999
v 0.142633 -0.369845 -25.000000
v 0.192524 -0.340583 -25.000000
v 0.192524 -0.340583 -25.000000
v 0.142633 -0.369845 -25.000000
v 0.192524 -0.340583 25.000000
v 0.142633 -0.369845 -25.000000
v 0.142633 -0.369845 25.000000
v 0.192524 -0.340583 25.000000
v 0.192524 -0.340583 25.000000
v 0.142633 -0.369845 25.000000
v 0.194140 -0.342741 25.014999
v 0.142633 -0.369845 25.000000
v 0.143724 -0.372311 25.014999
v 0.194140 -0.342741 25.014999
v 0.194140 -0.342741 25.014999
v 0.143724 -0.372311 25.014999
v 0.198556 -0.348637 25.025982
v 0.143724 -0.372311 25.014999
v 0.146705 -0.379050 25.025982
v 0.198556 -0.348637 25.025982
v 0.198556 -0.348637 25.025982
v 0.146705 -0.379050 25.025982
v 0.204589 -0.356692 25.029999
v 0.146705 -0.379050 25.025982
v 0.150777 -0.388255 25.029999
v 0.204589 -0.356692 25.029999
v 0.150777 -0.388255 -25.029999
v 0.090089 -0.407192 -25.029999
v 0.146705 -0.379050 -25.025980
v 0.090089 -0.407192 -25.029999
v 0.088113 -0.397333 -25.025980
v 0.146705 -0.379050 -25.025980
v 0.146705 -0.379050 -25.025980
v 0.088113 -0.397333 -25.025980
v 0.143724 -0.372311 -25.014999
v 0.088113 -0.397333 -25.025980
v 0.086667 -0.390116 -25.014999
v 0.143724 -0.372311 -25.014999
v 0.143724 -0.372311 -25.014999
v 0.086667 -0.390116 -25.014999
v 0.142633 -0.369845 -25.000000
v 0.086667 -0.390116 -25.014999
v 0.086137 -0.387474 -25.000000
v 0.142633 -0.369845 -25.000000
v 0.142633 -0.369845 -25.000000
v 0.086137 -0.387474 -25.000000
v 0.142633 -0.369845 25.000000
v 0.086137 -0.387474 -25.000000
v 0.086137 -0.387474 25.000000
v 0.142633 -0.369845 25.000000
v 0.142633 -0.369845 25.000000
v 0.086137 -0.387474 25.000000
v 0.143724 -0.372311 25.014999
v 0.086137 -0.387474 25.000000
v 0.086667 -0.390116 25.014999
v 0.143724 -0.372311 25.014999
v 0.143724 -0.372311 25.014999
v 0.086667 -0.390116 25.014999
v 0.146705 -0.379050 25.025982
v 0.086667 -0.390116 25.014999
v 0.088113 -0.397333 25.025982
v 0.146705 -0.379050 25.025982
v 0.146705 -0.379050 25.025982
v 0.088113 -0.397333 25.025982
v 0.150777 -0.388255 25.029999
v 0.088113 -0.397333 25.025982
v 0.090089 -0.407192 25.029999
v 0.150777 -0.388255 25.029999
v 0.090089 -0.407192 -25.029999
v 0.022527 -0.413505 -25.029999
v 0.088113 -0.397333 -25.025980
v 0.022527 -0.413505 -25.029999
v 0.022594 -0.403455 -25.025980
v 0.088113 -0.397333 -25.025980
v 0.088113 -0.397333 -25.025980
v 0.022594 -0.403455 -25.025980
v 0.086667 -0.390116 -25.014999
v 0.022594 -0.403455 -25.025980
v 0.022644 -0.396098 -25.014999
v 0.086667 -0.390116 -25.014999
v 0.086667 -0.390116 -25.014999
v 0.022644 -0.396098 -25.014999
v 0.086137 -0.387474 -25.000000
v 0.022644 -0.396098 -25.014999
v 0.022662 -0.393405 -25.000000
v 0.086137 -0.387474 -25.000000
v 0.086137 -0.387474 -25.000000
v 0.022662 -0.393405 -25.000000
v 0.086137 -0.387474 25.000000
v 0.022662 -0.393405 -25.000000
v 0.022662 -0.393405 25.000000
v 0.086137 -0.387474 25.000000
v 0.086137 -0.387474 25.000000
v 0.022662 -0.393405 25.000000
v 0.086667 -0.390116 25.014999
v 0.022662 -0.393405 25.000000
v 0.022644 -0.396098 25.014999
v 0.086667 -0.390116 25.014999
v 0.086667 -0.390116 25.014999
v 0.022644 -0.396098 25.014999
v 0.088113 -0.397333 25.025982
v 0.022644 -0.396098 25.014999
v 0.022594 -0.403455 25.025982
v 0.088113 -0.397333 25.025982
v 0.088113 -0.397333 25.025982
v 0.022594 -0.403455 25.025982
v 0.090089 -0.407192 25.029999
v 0.022594 -0.403455 25.025982
v 0.022527 -0.413505 25.029999
v 0.090089 -0.407192 25.029999
v 0.022527 -0.413505 -25.029999
v -0.053411 -0.405380 -25.029999
v 0.022594 -0.403455 -25.025980
v -0.053411 -0.405380 -25.029999
v -0.051156 -0.395564 -25.025980
v 0.022594 -0.403455 -25.025980
v 0.022594 -0.403455 -25.025980
v -0.051156 -0.395564 -25.025980
v 0.022644 -0.396098 -25.014999
v -0.051156 -0.395564 -25.025980
v -0.049505 -0.388378 -25.014999
v 0.022644 -0.396098 -25.014999
v 0.022644 -0.396098 -25.014999
v -0.049505 -0.388378 -25.014999
v 0.022662 -0.393405 -25.000000
v -0.049505 -0.388378 -25.014999
v -0.048900 -0.385748 -25.000000
v 0.022662 -0.393405 -25.000000
v 0.022662 -0.393405 -25.000000
v -0.048900 -0.385748 -25.000000
v 0.022662 -0.393405 25.000000
v -0.048900 -0.385748 -25.000000
v -0.048900 -0.385748 25.000000
v 0.022662 -0.393405 25.000000
v 0.022662 -0.393405 25.000000
v -0.048900 -0.385748 25.000000
v 0.022644 -0.396098 25.014999
v -0.048900 -0.385748 25.000000
v -0.049505 -0.388378 25.014999
v 0.022644 -0.396098 25.014999
v 0.022644 -0.396098 25.014999
v -0.049505 -0.388378 25.014999
v 0.022594 -0.403455 25.025982
v -0.049505 -0.388378 25.014999
v -0.051156 -0.395564 25.025982
v 0.022594 -0.403455 25.025982
v 0.022594 -0.403455 25.025982
v -0.051156 -0.395564 25.025982
v 0.022527 -0.413505 25.029999
v -0.051156 -0.395564 25.025982
v -0.053411 -0.405380 25.029999
v 0.022527 -0.413505 25.029999
v -0.053411 -0.405380 -25.029999
v -0.121223 -0.381005 -25.029999
v -0.051156 -0.395564 -25.025980
v -0.121223 -0.381005 -25.029999
v -0.116646 -0.372024 -25.025980
v -0.051156 -0.395564 -25.025980
v -0.051156 -0.395564 -25.025980
v -0.116646 -0.372024 -25.025980
v -0.049505 -0.388378 -25.014999
v -0.116646 -0.372024 -25.025980
v -0.113295 -0.365449 -25.014999
v -0.049505 -0.388378 -25.014999
v -0.049505 -0.388378 -25.014999
v -0.113295 -0.365449 -25.014999
v -0.048900 -0.385748 -25.000000
v -0.113295 -0.365449 -25.014999
v -0.112069 -0.363042 -25.000000
v -0.048900 -0.385748 -25.000000
v -0.048900 -0.385748 -25.000000
v -0.112069 -0.363042 -25.000000
v -0.048900 -0.385748 25.000000
v -0.112069 -0.363042 -25.000000
v -0.112069 -0.363042 25.000000
v -0.048900 -0.385748 25.000000
v -0.048900 -0.385748 25.000000
v -0.112069 -0.363042 25.000000
v -0.049505 -0.388378 25.014999
v -0.112069 -0.363042 25.000000
v -0.113295 -0.365449 25.014999
v -0.049505 -0.388378 25.014999
v -0.049505 -0.388378 25.014999
v -0.113295 -0.365449 25.014999
v -0.051156 -0.395564 25.025982
v -0.113295 -0.365449 25.014999
v -0.116646 -0.372024 25.025982
v -0.051156 -0.395564 25.025982
v -0.051156 -0.395564 25.025982
v -0.116646 -0.372024 25.025982
v -0.053411 -0.405380 25.029999
v -0.116646 -0.372024 25.025982
v -0.121223 -0.381005 25.029999
v -0.053411 -0.405380 25.029999
v -0.121223 -0.381005 -25.029999
v -0.180911 -0.340380 -25.029999
v -0.116646 -0.372024 -25.025980
v -0.180911 -0.340380 -25.029999
v -0.174301 -0.332782 -25.025980
v -0.116646 -0.372024 -25.025980
v -0.116646 -0.372024 -25.025980
v -0.174301 -0.332782 -25.025980
v -0.113295 -0.365449 -25.014999
v -0.174301 -0.332782 -25.025980
v -0.169462 -0.327220 -25.014999
v -0.113295 -0.365449 -25.014999
v -0.113295 -0.365449 -25.014999
v -0.169462 -0.327220 -25.014999
v -0.112069 -0.363042 -25.000000
v -0.169462 -0.327220 -25.014999
v -0.167691 -0.325184 -25.000000
v -0.112069 -0.363042 -25.000000
v -0.112069 -0.363042 -25.000000
v -0.167691 -0.325184 -25.000000
v -0.112069 -0.363042 25.000000
v -0.167691 -0.325184 -25.000000
v -0.167691 -0.325184 25.000000
v -0.112069 -0.363042 25.000000
v -0.112069 -0.363042 25.000000
v -0.167691 -0.325184 25.000000
v -0.113295 -0.365449 25.014999
v -0.167691 -0.325184 25.000000
v -0.169462 -0.327220 25.014999
v -0.113295 -0.365449 25.014999
v -0.113295 -0.365449 25.014999
v -0.169462 -0.327220 25.014999
v -0.116646 -0.372024 25.025982
v -0.169462 -0.327220 25.014999
v -0.174301 -0.332782 25.025982
v -0.116646 -0.372024 25.025982
v -0.116646 -0.372024 25.025982
v -0.174301 -0.332782 25.025982
v -0.121223 -0.381005 25.029999
v -0.174301 -0.332782 25.025982
v -0.180911 -0.340380 25.029999
v -0.121223 -0.381005 25.029999
v -0.180911 -0.340380 -25.029999
v -0.232473 -0.283505 -25.029999
v -0.174301 -0.332782 -25.025980
v -0.232473 -0.283505 -25.029999
v -0.224423 -0.277496 -25.025980
v -0.174301 -0.332782 -25.025980
v -0.174301 -0.332782 -25.025980
v -0.224423 -0.277496 -25.025980
v -0.169462 -0.327220 -25.014999
v -0.224423 -0.277496 -25.025980
v -0.218529 -0.273098 -25.014999
v -0.169462 -0.327220 -25.014999
v -0.169462 -0.327220 -25.014999
v -0.218529 -0.273098 -25.014999
v -0.167691 -0.325184 -25.000000
v -0.218529 -0.273098 -25.014999
v -0.216372 -0.271488 -25.000000
v -0.167691 -0.325184 -25.000000
v -0.167691 -0.325184 -25.000000
v -0.216372 -0.271488 -25.000000
v -0.167691 -0.325184 25.000000
v -0.216372 -0.271488 -25.000000
v -0.216372 -0.271488 25.000000
v -0.167691 -0.325184 25.000000
v -0.167691 -0.325184 25.000000
v -0.216372 -0.271488 25.000000
v -0.169462 -0.327220 25.014999
v -0.216372 -0.271488 25.000000
v -0.218529 -0.273098 25.014999
v -0.169462 -0.327220 25.014999
v -0.169462 -0.327220 25.014999
v -0.218529 -0.273098 25.014999
v -0.174301 -0.332782 25.025982
v -0.218529 -0.273098 25.014999
v -0.224423 -0.277496 25.025982
v -0.174301 -0.332782 25.025982
v -0.174301 -0.332782 25.025982
v -0.224423 -0.277496 25.025982
v -0.180911 -0.340380 25.029999
v -0.224423 -0.277496 25.025982
v -0.232473 -0.283505 25.029999
v -0.180911 -0.340380 25.029999
v -0.232473 -0.283505 -25.029999
v -0.270098 -0.221567 -25.029999
v -0.224423 -0.277496 -25.025980
v -0.270098 -0.221567 -25.029999
v -0.261113 -0.217097 -25.025980
v -0.224423 -0.277496 -25.025980
v -0.224423 -0.277496 -25.025980
v -0.261113 -0.217097 -25.025980
v -0.218529 -0.273098 -25.014999
v -0.261113 -0.217097 -25.025980
v -0.254535 -0.213825 -25.014999
v -0.218529 -0.273098 -25.014999
v -0.218529 -0.273098 -25.014999
v -0.254535 -0.213825 -25.014999
v -0.216372 -0.271488 -25.000000
v -0.254535 -0.213825 -25.014999
v -0.252128 -0.212628 -25.000000
v -0.216372 -0.271488 -25.000000
v -0.216372 -0.271488 -25.000000
v -0.252128 -0.212628 -25.000000
v -0.216372 -0.271488 25.000000
v -0.252128 -0.212628 -25.000000
v -0.252128 -0.212628 25.000000
v -0.216372 -0.271488 25.000000
v -0.216372 -0.271488 25.000000
v -0.252128 -0.212628 25.000000
v -0.218529 -0.273098 25.014999
v -0.252128 -0.212628 25.000000
v -0.254535 -0.213825 25.014999
v -0.218529 -0.273098 25.014999
v -0.218529 -0.273098 25.014999
v -0.254535 -0.213825 25.014999
v -0.224423 -0.277496 25.025982
v -0.254535 -0.213825 25.014999
v -0.261113 -0.217097 25.025982
v -0.224423 -0.277496 25.025982
v -0.224423 -0.277496 25.025982
v -0.261113 -0.217097 25.025982
v -0.232473 -0.283505 25.029999
v -0.261113 -0.217097 25.025982
v -0.270098 -0.221567 25.029999
v -0.232473 -0.283505 25.029999
v -0.270098 -0.221567 -25.029999
v -0.296973 -0.153755 -25.029999
v -0.261113 -0.217097 -25.025980
v -0.296973 -0.153755 -25.029999
v -0.287378 -0.150825 -25.025980
v -0.261113 -0.217097 -25.025980
v -0.261113 -0.217097 -25.025980
v -0.287378 -0.150825 -25.025980
v -0.254535 -0.213825 -25.014999
v -0.287378 -0.150825 -25.025980
v -0.280353 -0.148679 -25.014999
v -0.254535 -0.213825 -25.014999
v -0.254535 -0.213825 -25.014999
v -0.280353 -0.148679 -25.014999
v -0.252128 -0.212628 -25.000000
v -0.280353 -0.148679 -25.014999
v -0.277782 -0.147894 -25.000000
v -0.252128 -0.212628 -25.000000
v -0.252128 -0.212628 -25.000000
v -0.277782 -0.147894 -25.000000
v -0.252128 -0.212628 25.000000
v -0.277782 -0.147894 -25.000000
v -0.277782 -0.147894 25.000000
v -0.252128 -0.212628 25.000000
v -0.252128 -0.212628 25.000000
v -0.277782 -0.147894 25.000000
v -0.254535 -0.213825 25.014999
v -0.277782 -0.147894 25.000000
v -0.280353 -0.148679 25.014999
v -0.254535 -0.213825 25.014999
v -0.254535 -0.213825 25.014999
v -0.280353 -0.148679 25.014999
v -0.261113 -0.217097 25.025982
v -0.280353 -0.148679 25.014999
v -0.287378 -0.150825 25.025982
v -0.261113 -0.217097 25.025982
v -0.261113 -0.217097 25.025982
v -0.287378 -0.150825 25.025982
v -0.270098 -0.221567 25.029999
v -0.287378 -0.150825 25.025982
v -0.296973 -0.153755 25.029999
v -0.270098 -0.221567 25.029999
v -0.296973 -0.153755 -25.029999
v -0.313098 -0.080067 -25.029999
v -0.287378 -0.150825 -25.025980
v -0.313098 -0.080067 -25.029999
v -0.303171 -0.078654 -25.025980
v -0.287378 -0.150825 -25.025980
v -0.287378 -0.150825 -25.025980
v -0.303171 -0.078654 -25.025980
v -0.280353 -0.148679 -25.014999
v -0.303171 -0.078654 -25.025980
v -0.295904 -0.077619 -25.014999
v -0.280353 -0.148679 -25.014999
v -0.280353 -0.148679 -25.014999
v -0.295904 -0.077619 -25.014999
v -0.277782 -0.147894 -25.000000
v -0.295904 -0.077619 -25.014999
v -0.293244 -0.077240 -25.000000
v -0.277782 -0.147894 -25.000000
v -0.277782 -0.147894 -25.000000
v -0.293244 -0.077240 -25.000000
v -0.277782 -0.147894 25.000000
v -0.293244 -0.077240 -25.000000
v -0.293244 -0.077240 25.000000
v -0.277782 -0.147894 25.000000
v -0.277782 -0.147894 25.000000
v -0.293244 -0.077240 25.000000
v -0.280353 -0.148679 25.014999
v -0.293244 -0.077240 25.000000
v -0.295904 -0.077619 25.014999
v -0.280353 -0.148679 25.014999
v -0.280353 -0.148679 25.014999
v -0.295904 -0.077619 25.014999
v -0.287378 -0.150825 25.025982
v -0.295904 -0.077619 25.014999
v -0.303171 -0.078654 25.025982
v -0.287378 -0.150825 25.025982
v -0.287378 -0.150825 25.025982
v -0.303171 -0.078654 25.025982
v -0.296973 -0.153755 25.029999
v -0.303171 -0.078654 25.025982
v -0.313098 -0.080067 25.029999
v -0.296973 -0.153755 25.029999
v -0.313098 -0.080067 -25.029999
v -0.318473 -0.000505 -25.029999
v -0.303171 -0.078654 -25.025980
v -0.318473 -0.000505 -25.029999
v -0.308451 -0.000496 -25.025980
v -0.303171 -0.078654 -25.025980
v -0.303171 -0.078654 -25.025980
v -0.308451 -0.000496 -25.025980
v -0.295904 -0.077619 -25.014999
v -0.308451 -0.000496 -25.025980
v -0.301114 -0.000489 -25.014999
v -0.295904 -0.077619 -25.014999
v -0.295904 -0.077619 -25.014999
v -0.301114 -0.000489 -25.014999
v -0.293244 -0.077240 -25.000000
v -0.301114 -0.000489 -25.014999
v -0.298429 -0.000487 -25.000000
v -0.293244 -0.077240 -25.000000
v -0.293244 -0.077240 -25.000000
v -0.298429 -0.000487 -25.000000
v -0.293244 -0.077240 25.000000
v -0.298429 -0.000487 -25.000000
v -0.298429 -0.000487 25.000000
v -0.293244 -0.077240 25.000000
v -0.293244 -0.077240 25.000000
v -0.298429 -0.000487 25.000000
v -0.295904 -0.077619 25.014999
v -0.298429 -0.000487 25.000000
v -0.301114 -0.000489 25.014999
v -0.295904 -0.077619 25.014999
v -0.295904 -0.077619 25.014999
v -0.301114 -0.000489 25.014999
v -0.303171 -0.078654 25.025982
v -0.301114 -0.000489 25.014999
v -0.308451 -0.000496 25.025982
v -0.303171 -0.078654 25.025982
v -0.303171 -0.078654 25.025982
v -0.308451 -0.000496 25.025982
v -0.313098 -0.080067 25.029999
v -0.308451 -0.000496 25.025982
v -0.318473 -0.000505 25.029999
v -0.313098 -0.080067 25.029999
v -0.318473 -0.000505 -25.029999
v -0.313098 0.081245 -25.029999
v -0.308451 -0.000496 -25.025980
v -0.313098 0.081245 -25.029999
v -0.303168 0.079862 -25.025980
v -0.308451 -0.000496 -25.025980
v -0.308451 -0.000496 -25.025980
v -0.303168 0.079862 -25.025980
v -0.301114 -0.000489 -25.014999
v -0.303168 0.079862 -25.025980
v -0.295898 0.078850 -25.014999
v -0.301114 -0.000489 -25.014999
v -0.301114 -0.000489 -25.014999
v -0.295898 0.078850 -25.014999
v -0.298429 -0.000487 -25.000000
v -0.295898 0.078850 -25.014999
v -0.293237 0.078479 -25.000000
v -0.298429 -0.000487 -25.000000
v -0.298429 -0.000487 -25.000000
v -0.293237 0.078479 -25.000000
v -0.298429 -0.000487 25.000000
v -0.293237 0.078479 -25.000000
v -0.293237 0.078479 25.000000
v -0.298429 -0.000487 25.000000
v -0.298429 -0.000487 25.000000
v -0.293237 0.078479 25.000000
v -0.301114 -0.000489 25.014999
v -0.293237 0.078479 25.000000
v -0.295898 0.078850 25.014999
v -0.301114 -0.000489 25.014999
v -0.301114 -0.000489 25.014999
v -0.295898 0.078850 25.014999
v -0.308451 -0.000496 25.025982
v -0.295898 0.078850 25.014999
v -0.303168 0.079862 25.025982
v -0.308451 -0.000496 25.025982
v -0.308451 -0.000496 25.025982
v -0.303168 0.079862 25.025982
v -0.318473 -0.000505 25.029999
v -0.303168 0.079862 25.025982
v -0.313098 0.081245 25.029999
v -0.318473 -0.000505 25.029999
v -0.313098 0.081245 -25.029999
v -0.296973 0.156495 -25.029999
v -0.303168 0.079862 -25.025980
v -0.296973 0.156495 -25.029999
v -0.287365 0.153608 -25.025980
v -0.303168 0.079862 -25.025980
v -0.303168 0.079862 -25.025980
v -0.287365 0.153608 -25.025980
v -0.295898 0.078850 -25.014999
v -0.287365 0.153608 -25.025980
v -0.280331 0.151495 -25.014999
v -0.295898 0.078850 -25.014999
v -0.295898 0.078850 -25.014999
v -0.280331 0.151495 -25.014999
v -0.293237 0.078479 -25.000000
v -0.280331 0.151495 -25.014999
v -0.277756 0.150722 -25.000000
v -0.293237 0.078479 -25.000000
v -0.293237 0.078479 -25.000000
v -0.277756 0.150722 -25.000000
v -0.293237 0.078479 25.000000
v -0.277756 0.150722 -25.000000
v -0.277756 0.150722 25.000000
v -0.293237 0.078479 25.000000
v -0.293237 0.078479 25.000000
v -0.277756 0.150722 25.000000
v -0.295898 0.078850 25.014999
v -0.277756 0.150722 25.000000
v -0.280331 0.151495 25.014999
v -0.295898 0.078850 25.014999
v -0.295898 0.078850 25.014999
v -0.280331 0.151495 25.014999
v -0.303168 0.079862 25.025982
v -0.280331 0.151495 25.014999
v -0.287365 0.153608 25.025982
v -0.303168 0.079862 25.025982
v -0.303168 0.079862 25.025982
v -0.287365 0.153608 25.025982
v -0.313098 0.081245 25.029999
v -0.287365 0.153608 25.025982
v -0.296973 0.156495 25.029999
v -0.313098 0.081245 25.029999
v -0.296973 0.156495 -25.029999
v -0.270098 0.225245 -25.029999
v -0.287365 0.153608 -25.025980
v -0.270098 0.225245 -25.029999
v -0.261097 0.220806 -25.025980
v -0.287365 0.153608 -25.025980
v -0.287365 0.153608 -25.025980
v -0.261097 0.220806 -25.025980
v -0.280331 0.151495 -25.014999
v -0.261097 0.220806 -25.025980
v -0.254507 0.217556 -25.014999
v -0.280331 0.151495 -25.014999
v -0.280331 0.151495 -25.014999
v -0.254507 0.217556 -25.014999
v -0.277756 0.150722 -25.000000
v -0.254507 0.217556 -25.014999
v -0.252095 0.216367 -25.000000
v -0.277756 0.150722 -25.000000
v -0.277756 0.150722 -25.000000
v -0.252095 0.216367 -25.000000
v -0.277756 0.150722 25.000000
v -0.252095 0.216367 -25.000000
v -0.252095 0.216367 25.000000
v -0.277756 0.150722 25.000000
v -0.277756 0.150722 25.000000
v -0.252095 0.216367 25.000000
v -0.280331 0.151495 25.014999
v -0.252095 0.216367 25.000000
v -0.254507 0.217556 25.014999
v -0.280331 0.151495 25.014999
v -0.280331 0.151495 25.014999
v -0.254507 0.217556 25.014999
v -0.287365 0.153608 25.025982
v -0.254507 0.217556 25.014999
v -0.261097 0.220806 25.025982
v -0.287365 0.153608 25.025982
v -0.287365 0.153608 25.025982
v -0.261097 0.220806 25.025982
v -0.296973 0.156495 25.029999
v -0.261097 0.220806 25.025982
v -0.270098 0.225245 25.029999
v -0.296973 0.156495 25.029999
v -0.270098 0.225245 -25.029999
v -0.232473 0.287495 -25.029999
v -0.261097 0.220806 -25.025980
v -0.232473 0.287495 -25.029999
v -0.224401 0.281519 -25.025980
v -0.261097 0.220806 -25.025980
v -0.261097 0.220806 -25.025980
v -0.224401 0.281519 -25.025980
v -0.254507 0.217556 -25.014999
v -0.224401 0.281519 -25.025980
v -0.218491 0.277145 -25.014999
v -0.254507 0.217556 -25.014999
v -0.254507 0.217556 -25.014999
v -0.218491 0.277145 -25.014999
v -0.252095 0.216367 -25.000000
v -0.218491 0.277145 -25.014999
v -0.216328 0.275543 -25.000000
v -0.252095 0.216367 -25.000000
v -0.252095 0.216367 -25.000000
v -0.216328 0.275543 -25.000000
v -0.252095 0.216367 25.000000
v -0.216328 0.275543 -25.000000
v -0.216328 0.275543 25.000000
v -0.252095 0.216367 25.000000
v -0.252095 0.216367 25.000000
v -0.216328 0.275543 25.000000
v -0.254507 0.217556 25.014999
v -0.216328 0.275543 25.000000
v -0.218491 0.277145 25.014999
v -0.254507 0.217556 25.014999
v -0.254507 0.217556 25.014999
v -0.218491 0.277145 25.014999
v -0.261097 0.220806 25.025982
v -0.218491 0.277145 25.014999
v -0.224401 0.281519 25.025982
v -0.261097 0.220806 25.025982
v -0.261097 0.220806 25.025982
v -0.224401 0.281519 25.025982
v -0.270098 0.225245 25.029999
v -0.224401 0.281519 25.025982
v -0.232473 0.287495 25.029999
v -0.270098 0.225245 25.029999
v -0.232473 0.287495 -25.029999
v -0.181098 0.344808 -25.029999
v -0.224401 0.281519 -25.025980
v -0.181098 0.344808 -25.029999
v -0.174464 0.337227 -25.025980
v -0.224401 0.281519 -25.025980
v -0.224401 0.281519 -25.025980
v -0.174464 0.337227 -25.025980
v -0.218491 0.277145 -25.014999
v -0.174464 0.337227 -25.025980
v -0.169608 0.331677 -25.014999
v -0.218491 0.277145 -25.014999
v -0.218491 0.277145 -25.014999
v -0.169608 0.331677 -25.014999
v -0.216328 0.275543 -25.000000
v -0.169608 0.331677 -25.014999
v -0.167830 0.329646 -25.000000
v -0.216328 0.275543 -25.000000
v -0.216328 0.275543 -25.000000
v -0.167830 0.329646 -25.000000
v -0.216328 0.275543 25.000000
v -0.167830 0.329646 -25.000000
v -0.167830 0.329646 25.000000
v -0.216328 0.275543 25.000000
v -0.216328 0.275543 25.000000
v -0.167830 0.329646 25.000000
v -0.218491 0.277145 25.014999
v -0.167830 0.329646 25.000000
v -0.169608 0.331677 25.014999
v -0.218491 0.277145 25.014999
v -0.218491 0.277145 25.014999
v -0.169608 0.331677 25.014999
v -0.224401 0.281519 25.025982
v -0.169608 0.331677 25.014999
v -0.174464 0.337227 25.025982
v -0.224401 0.281519 25.025982
v -0.224401 0.281519 25.025982
v -0.174464 0.337227 25.025982
v -0.232473 0.287495 25.029999
v -0.174464 0.337227 25.025982
v -0.181098 0.344808 25.029999
v -0.232473 0.287495 25.029999
v -0.181098 0.344808 -25.029999
v -0.120973 0.385745 -25.029999
v -0.174464 0.337227 -25.025980
v -0.120973 0.385745 -25.029999
v -0.116406 0.376757 -25.025980
v -0.174464 0.337227 -25.025980
v -0.174464 0.337227 -25.025980
v -0.116406 0.376757 -25.025980
v -0.169608 0.331677 -25.014999
v -0.116406 0.376757 -25.025980
v -0.113062 0.370178 -25.014999
v -0.169608 0.331677 -25.014999
v -0.169608 0.331677 -25.014999
v -0.113062 0.370178 -25.014999
v -0.167830 0.329646 -25.000000
v -0.113062 0.370178 -25.014999
v -0.111838 0.367769 -25.000000
v -0.167830 0.329646 -25.000000
v -0.167830 0.329646 -25.000000
v -0.111838 0.367769 -25.000000
v -0.167830 0.329646 25.000000
v -0.111838 0.367769 -25.000000
v -0.111838 0.367769 25.000000
v -0.167830 0.329646 25.000000
v -0.167830 0.329646 25.000000
v -0.111838 0.367769 25.000000
v -0.169608 0.331677 25.014999
v -0.111838 0.367769 25.000000
v -0.113062 0.370178 25.014999
v -0.169608 0.331677 25.014999
v -0.169608 0.331677 25.014999
v -0.113062 0.370178 25.014999
v -0.174464 0.337227 25.025982
v -0.113062 0.370178 25.014999
v -0.116406 0.376757 25.025982
v -0.174464 0.337227 25.025982
v -0.174464 0.337227 25.025982
v -0.116406 0.376757 25.025982
v -0.181098 0.344808 25.029999
v -0.116406 0.376757 25.025982
v -0.120973 0.385745 25.029999
v -0.181098 0.344808 25.029999
v -0.120973 0.385745 -25.029999
v -0.052098 0.410308 -25.029999
v -0.116406 0.376757 -25.025980
v -0.052098 0.410308 -25.029999
v -0.049863 0.400488 -25.025980
v -0.116406 0.376757 -25.025980
v -0.116406 0.376757 -25.025980
v -0.049863 0.400488 -25.025980
v -0.113062 0.370178 -25.014999
v -0.049863 0.400488 -25.025980
v -0.048226 0.393300 -25.014999
v -0.113062 0.370178 -25.014999
v -0.113062 0.370178 -25.014999
v -0.048226 0.393300 -25.014999
v -0.111838 0.367769 -25.000000
v -0.048226 0.393300 -25.014999
v -0.047628 0.390668 -25.000000
v -0.111838 0.367769 -25.000000
v -0.111838 0.367769 -25.000000
v -0.047628 0.390668 -25.000000
v -0.111838 0.367769 25.000000
v -0.047628 0.390668 -25.000000
v -0.047628 0.390668 25.000000
v -0.111838 0.367769 25.000000
v -0.111838 0.367769 25.000000
v -0.047628 0.390668 25.000000
v -0.113062 0.370178 25.014999
v -0.047628 0.390668 25.000000
v -0.048226 0.393300 25.014999
v -0.113062 0.370178 25.014999
v -0.113062 0.370178 25.014999
v -0.048226 0.393300 25.014999
v -0.116406 0.376757 25.025982
v -0.048226 0.393300 25.014999
v -0.049863 0.400488 25.025982
v -0.116406 0.376757 25.025982
v -0.116406 0.376757 25.025982
v -0.049863 0.400488 25.025982
v -0.120973 0.385745 25.029999
v -0.049863 0.400488 25.025982
v -0.052098 0.410308 25.029999
v -0.120973 0.385745 25.029999
v -0.052098 0.410308 -25.029999
v 0.025527 0.418495 -25.029999
v -0.049863 0.400488 -25.025980
v 0.025527 0.418495 -25.029999
v 0.025679 0.408456 -25.025980
v -0.049863 0.400488 -25.025980
v -0.049863 0.400488 -25.025980
v 0.025679 0.408456 -25.025980
v -0.048226 0.393300 -25.014999
v 0.025679 0.408456 -25.025980
v 0.025790 0.401106 -25.014999
v -0.048226 0.393300 -25.014999
v -0.048226 0.393300 -25.014999
v 0.025790 0.401106 -25.014999
v -0.047628 0.390668 -25.000000
v 0.025790 0.401106 -25.014999
v 0.025830 0.398416 -25.000000
v -0.047628 0.390668 -25.000000
v -0.047628 0.390668 -25.000000
v 0.025830 0.398416 -25.000000
v -0.047628 0.390668 25.000000
v 0.025830 0.398416 -25.000000
v 0.025830 0.398416 25.000000
v -0.047628 0.390668 25.000000
v -0.047628 0.390668 25.000000
v 0.025830 0.398416 25.000000
v -0.048226 0.393300 25.014999
v 0.025830 0.398416 25.000000
v 0.025790 0.401106 25.014999
v -0.048226 0.393300 25.014999
v -0.048226 0.393300 25.014999
v 0.025790 0.401106 25.014999
v -0.049863 0.400488 25.025982
v 0.025790 0.401106 25.014999
v 0.025679 0.408456 25.025982
v -0.049863 0.400488 25.025982
v -0.049863 0.400488 25.025982
v 0.025679 0.408456 25.025982
v -0.052098 0.410308 25.029999
v 0.025679 0.408456 25.025982
v 0.025527 0.418495 25.029999
v -0.052098 0.410308 25.029999
v 0.025527 0.418495 -25.029999
v 0.075527 0.414745 -25.029999
v 0.025679 0.408456 -25.025980
v 0.075527 0.414745 -25.029999
v 0.073979 0.404833 -25.025980
v 0.025679 0.408456 -25.025980
v 0.025679 0.408456 -25.025980
v 0.073979 0.404833 -25.025980
v 0.025790 0.401106 -25.014999
v 0.073979 0.404833 -25.025980
v 0.072846 0.397577 -25.014999
v 0.025790 0.401106 -25.014999
v 0.025790 0.401106 -25.014999
v 0.072846 0.397577 -25.014999
v 0.025830 0.398416 -25.000000
v 0.072846 0.397577 -25.014999
v 0.072431 0.394921 -25.000000
v 0.025830 0.398416 -25.000000
v 0.025830 0.398416 -25.000000
v 0.072431 0.394921 -25.000000
v 0.025830 0.398416 25.000000
v 0.072431 0.394921 -25.000000
v 0.072431 0.394921 25.000000
v 0.025830 0.398416 25.000000
v 0.025830 0.398416 25.000000
v 0.072431 0.394921 25.000000
v 0.025790 0.401106 25.014999
v 0.072431 0.394921 25.000000
v 0.072846 0.397577 25.014999
v 0.025790 0.401106 25.014999
v 0.025790 0.401106 25.014999
v 0.072846 0.397577 25.014999
v 0.025679 0.408456 25.025982
v 0.072846 0.397577 25.014999
v 0.073979 0.404833 25.025982
v 0.025679 0.408456 25.025982
v 0.025679 0.408456 25.025982
v 0.073979 0.404833 25.025982
v 0.025527 0.418495 25.029999
v 0.073979 0.404833 25.025982
v 0.075527 0.414745 25.029999
v 0.025527 0.418495 25.029999
v 0.075527 0.414745 -25.029999
v 0.122527 0.403495 -25.029999
v 0.073979 0.404833 -25.025980
v 0.122527 0.403495 -25.029999
v 0.119381 0.393966 -25.025980
v 0.073979 0.404833 -25.025980
v 0.073979 0.404833 -25.025980
v 0.119381 0.393966 -25.025980
v 0.072846 0.397577 -25.014999
v 0.119381 0.393966 -25.025980
v 0.117077 0.386990 -25.014999
v 0.072846 0.397577 -25.014999
v 0.072846 0.397577 -25.014999
v 0.117077 0.386990 -25.014999
v 0.072431 0.394921 -25.000000
v 0.117077 0.386990 -25.014999
v 0.116234 0.384436 -25.000000
v 0.072431 0.394921 -25.000000
v 0.072431 0.394921 -25.000000
v 0.116234 0.384436 -25.000000
v 0.072431 0.394921 25.000000
v 0.116234 0.384436 -25.000000
v 0.116234 0.384436 25.000000
v 0.072431 0.394921 25.000000
v 0.072431 0.394921 25.000000
v 0.116234 0.384436 25.000000
v 0.072846 0.397577 25.014999
v 0.116234 0.384436 25.000000
v 0.117077 0.386990 25.014999
v 0.072846 0.397577 25.014999
v 0.072846 0.397577 25.014999
v 0.117077 0.386990 25.014999
v 0.073979 0.404833 25.025982
v 0.117077 0.386990 25.014999
v 0.119381 0.393966 25.025982
v 0.073979 0.404833 25.025982
v 0.073979 0.404833 25.025982
v 0.119381 0.393966 25.025982
v 0.075527 0.414745 25.029999
v 0.119381 0.393966 25.025982
v 0.122527 0.403495 25.029999
v 0.075527 0.414745 25.029999
v 0.122527 0.403495 -25.029999
v 0.166527 0.384745 -25.029999
v 0.119381 0.393966 -25.025980
v 0.166527 0.384745 -25.029999
v 0.161838 0.375873 -25.025980
v 0.119381 0.393966 -25.025980
v 0.119381 0.393966 -25.025980
v 0.161838 0.375873 -25.025980
v 0.117077 0.386990 -25.014999
v 0.161838 0.375873 -25.025980
v 0.158406 0.369378 -25.014999
v 0.117077 0.386990 -25.014999
v 0.117077 0.386990 -25.014999
v 0.158406 0.369378 -25.014999
v 0.116234 0.384436 -25.000000
v 0.158406 0.369378 -25.014999
v 0.157150 0.367001 -25.000000
v 0.116234 0.384436 -25.000000
v 0.116234 0.384436 -25.000000
v 0.157150 0.367001 -25.000000
v 0.116234 0.384436 25.000000
v 0.157150 0.367001 -25.000000
v 0.157150 0.367001 25.000000
v 0.116234 0.384436 25.000000
v 0.116234 0.384436 25.000000
v 0.157150 0.367001 25.000000
v 0.117077 0.386990 25.014999
v 0.157150 0.367001 25.000000
v 0.158406 0.369378 25.014999
v 0.117077 0.386990 25.014999
v 0.117077 0.386990 25.014999
v 0.158406 0.369378 25.014999
v 0.119381 0.393966 25.025982
v 0.158406 0.369378 25.014999
v 0.161838 0.375873 25.025982
v 0.119381 0.393966 25.025982
v 0.119381 0.393966 25.025982
v 0.161838 0.375873 25.025982
v 0.122527 0.403495 25.029999
v 0.161838 0.375873 25.025982
v 0.166527 0.384745 25.029999
v 0.122527 0.403495 25.029999
v 0.166527 0.384745 -25.029999
v 0.207527 0.358495 -25.029999
v 0.161838 0.375873 -25.025980
v 0.207527 0.358495 -25.029999
v 0.201483 0.350491 -25.025980
v 0.161838 0.375873 -25.025980
v 0.161838 0.375873 -25.025980
v 0.201483 0.350491 -25.025980
v 0.158406 0.369378 -25.014999
v 0.201483 0.350491 -25.025980
v 0.197059 0.344631 -25.014999
v 0.158406 0.369378 -25.014999
v 0.158406 0.369378 -25.014999
v 0.197059 0.344631 -25.014999
v 0.157150 0.367001 -25.000000
v 0.197059 0.344631 -25.014999
v 0.195439 0.342486 -25.000000
v 0.157150 0.367001 -25.000000
v 0.157150 0.367001 -25.000000
v 0.195439 0.342486 -25.000000
v 0.157150 0.367001 25.000000
v 0.195439 0.342486 -25.000000
v 0.195439 0.342486 25.000000
v 0.157150 0.367001 25.000000
v 0.157150 0.367001 25.000000
v 0.195439 0.342486 25.000000
v 0.158406 0.369378 25.014999
v 0.195439 0.342486 25.000000
v 0.197059 0.344631 25.014999
v 0.158406 0.369378 25.014999
v 0.158406 0.369378 25.014999
v 0.197059 0.344631 25.014999
v 0.161838 0.375873 25.025982
v 0.197059 0.344631 25.014999
v 0.201483 0.350491 25.025982
v 0.161838 0.375873 25.025982
v 0.161838 0.375873 25.025982
v 0.201483 0.350491 25.025982
v 0.166527 0.384745 25.029999
v 0.201483 0.350491 25.025982
v 0.207527 0.358495 25.029999
v 0.166527 0.384745 25.029999
v 0.207527 0.358495 -25.029999
v 0.243652 0.326558 -25.029999
v 0.201483 0.350491 -25.025980
v 0.243652 0.326558 -25.029999
v 0.236377 0.319641 -25.025980
v 0.201483 0.350491 -25.025980
v 0.201483 0.350491 -25.025980
v 0.236377 0.319641 -25.025980
v 0.197059 0.344631 -25.014999
v 0.236377 0.319641 -25.025980
v 0.231052 0.314578 -25.014999
v 0.197059 0.344631 -25.014999
v 0.197059 0.344631 -25.014999
v 0.231052 0.314578 -25.014999
v 0.195439 0.342486 -25.000000
v 0.231052 0.314578 -25.014999
v 0.229103 0.312725 -25.000000
v 0.195439 0.342486 -25.000000
v 0.195439 0.342486 -25.000000
v 0.229103 0.312725 -25.000000
v 0.195439 0.342486 25.000000
v 0.229103 0.312725 -25.000000
v 0.229103 0.312725 25.000000
v 0.195439 0.342486 25.000000
v 0.195439 0.342486 25.000000
v 0.229103 0.312725 25.000000
v 0.197059 0.344631 25.014999
v 0.229103 0.312725 25.000000
v 0.231052 0.314578 25.014999
v 0.197059 0.344631 25.014999
v 0.197059 0.344631 25.014999
v 0.231052 0.314578 25.014999
v 0.201483 0.350491 25.025982
v 0.231052 0.314578 25.014999
v 0.236377 0.319641 25.025982
v 0.201483 0.350491 25.025982
v 0.201483 0.350491 25.025982
v 0.236377 0.319641 25.025982
v 0.207527 0.358495 25.029999
v 0.236377 0.319641 25.025982
v 0.243652 0.326558 25.029999
v 0.207527 0.358495 25.029999
v 0.243652 0.326558 -25.029999
v 0.273027 0.289745 -25.029999
v 0.236377 0.319641 -25.025980
v 0.273027 0.289745 -25.029999
v 0.264659 0.284199 -25.025980
v 0.236377 0.319641 -25.025980
v 0.236377 0.319641 -25.025980
v 0.264659 0.284199 -25.025980
v 0.231052 0.314578 -25.014999
v 0.264659 0.284199 -25.025980
v 0.258534 0.280138 -25.014999
v 0.231052 0.314578 -25.014999
v 0.231052 0.314578 -25.014999
v 0.258534 0.280138 -25.014999
v 0.229103 0.312725 -25.000000
v 0.258534 0.280138 -25.014999
v 0.256292 0.278652 -25.000000
v 0.229103 0.312725 -25.000000
v 0.229103 0.312725 -25.000000
v 0.256292 0.278652 -25.000000
v 0.229103 0.312725 25.000000
v 0.256292 0.278652 -25.000000
v 0.256292 0.278652 25.000000
v 0.229103 0.312725 25.000000
v 0.229103 0.312725 25.000000
v 0.256292 0.278652 25.000000
v 0.231052 0.314578 25.014999
v 0.256292 0.278652 25.000000
v 0.258534 0.280138 25.014999
v 0.231052 0.314578 25.014999
v 0.231052 0.314578 25.014999
v 0.258534 0.280138 25.014999
v 0.236377 0.319641 25.025982
v 0.258534 0.280138 25.014999
v 0.264659 0.284199 25.025982
v 0.236377 0.319641 25.025982
v 0.236377 0.319641 25.025982
v 0.264659 0.284199 25.025982
v 0.243652 0.326558 25.029999
v 0.264659 0.284199 25.025982
v 0.273027 0.289745 25.029999
v 0.243652 0.326558 25.029999
v 0.273027 0.289745 -25.029999
v 0.295652 0.248058 -25.029999
v 0.264659 0.284199 -25.025980
v 0.295652 0.248058 -25.029999
v 0.286460 0.244031 -25.025980
v 0.264659 0.284199 -25.025980
v 0.264659 0.284199 -25.025980
v 0.286460 0.244031 -25.025980
v 0.258534 0.280138 -25.014999
v 0.286460 0.244031 -25.025980
v 0.279730 0.241083 -25.014999
v 0.258534 0.280138 -25.014999
v 0.258534 0.280138 -25.014999
v 0.279730 0.241083 -25.014999
v 0.256292 0.278652 -25.000000
v 0.279730 0.241083 -25.014999
v 0.277267 0.240004 -25.000000
v 0.256292 0.278652 -25.000000
v 0.256292 0.278652 -25.000000
v 0.277267 0.240004 -25.000000
v 0.256292 0.278652 25.000000
v 0.277267 0.240004 -25.000000
v 0.277267 0.240004 25.000000
v 0.256292 0.278652 25.000000
v 0.256292 0.278652 25.000000
v 0.277267 0.240004 25.000000
v 0.258534 0.280138 25.014999
v 0.277267 0.240004 25.000000
v 0.279730 0.241083 25.014999
v 0.258534 0.280138 25.014999
v 0.258534 0.280138 25.014999
v 0.279730 0.241083 25.014999
v 0.264659 0.284199 25.025982
v 0.279730 0.241083 25.014999
v 0.286460 0.244031 25.025982
v 0.264659 0.284199 25.025982
v 0.264659 0.284199 25.025982
v 0.286460 0.244031 25.025982
v 0.273027 0.289745 25.029999
v 0.286460 0.244031 25.025982
v 0.295652 0.248058 25.029999
v 0.273027 0.289745 25.029999
v 0.295652 0.248058 -25.029999
v 0.311527 0.201495 -25.029999
v 0.286460 0.244031 -25.025980
v 0.311527 0.201495 -25.029999
v 0.304371 0.191495 -25.025980
v 0.286460 0.244031 -25.025980
v 0.286460 0.244031 -25.025980
v 0.304371 0.191495 -25.025980
v 0.279730 0.241083 -25.014999
v 0.304371 0.191495 -25.025980
v 0.299133 0.184175 -25.014999
v 0.279730 0.241083 -25.014999
v 0.279730 0.241083 -25.014999
v 0.299133 0.184175 -25.014999
v 0.277267 0.240004 -25.000000
v 0.299133 0.184175 -25.014999
v 0.297215 0.181495 -25.000000
v 0.277267 0.240004 -25.000000
v 0.277267 0.240004 -25.000000
v 0.297215 0.181495 -25.000000
v 0.277267 0.240004 25.000000
v 0.297215 0.181495 -25.000000
v 0.297215 0.181495 25.000000
v 0.277267 0.240004 25.000000
v 0.277267 0.240004 25.000000
v 0.297215 0.181495 25.000000
v 0.279730 0.241083 25.014999
v 0.297215 0.181495 25.000000
v 0.299133 0.184175 25.014999
v 0.279730 0.241083 25.014999
v 0.279730 0.241083 25.014999
v 0.299133 0.184175 25.014999
v 0.286460 0.244031 25.025982
v 0.299133 0.184175 25.014999
v 0.304371 0.191495 25.025982
v 0.286460 0.244031 25.025982
v 0.286460 0.244031 25.025982
v 0.304371 0.191495 25.025982
v 0.295652 0.248058 25.029999
v 0.304371 0.191495 25.025982
v 0.311527 0.201495 25.029999
v 0.295652 0.248058 25.029999
v 0.311527 0.201495 -25.029999
v 0.444527 0.201495 -25.029999
v 0.304371 0.191495 -25.025980
v 0.444527 0.201495 -25.029999
v 0.455450 0.192513 -25.025980
v 0.304371 0.191495 -25.025980
v 0.304371 0.191495 -25.025980
v 0.455450 0.192513 -25.025980
v 0.299133 0.184175 -25.014999
v 0.455450 0.192513 -25.025980
v 0.463447 0.185938 -25.014999
v 0.299133 0.184175 -25.014999
v 0.299133 0.184175 -25.014999
v 0.463447 0.185938 -25.014999
v 0.297215 0.181495 -25.000000
v 0.463447 0.185938 -25.014999
v 0.466374 0.183531 -25.000000
v 0.297215 0.181495 -25.000000
v 0.297215 0.181495 -25.000000
v 0.466374 0.183531 -25.000000
v 0.297215 0.181495 25.000000
v 0.466374 0.183531 -25.000000
v 0.466374 0.183531 25.000000
v 0.297215 0.181495 25.000000
v 0.297215 0.181495 25.000000
v 0.466374 0.183531 25.000000
v 0.299133 0.184175 25.014999
v 0.466374 0.183531 25.000000
v 0.463447 0.185938 25.014999
v 0.299133 0.184175 25.014999
v 0.299133 0.184175 25.014999
v 0.463447 0.185938 25.014999
v 0.304371 0.191495 25.025982
v 0.463447 0.185938 25.014999
v 0.455450 0.192513 25.025982
v 0.304371 0.191495 25.025982
v 0.304371 0.191495 25.025982
v 0.455450 0.192513 25.025982
v 0.311527 0.201495 25.029999
v 0.455450 0.192513 25.025982
v 0.444527 0.201495 25.029999
v 0.311527 0.201495 25.029999
v 0.444527 0.201495 -25.029999
v 0.430027 0.275120 -25.029999
v 0.455450 0.192513 -25.025980
v 0.430027 0.275120 -25.029999
v 0.439631 0.278106 -25.025980
v 0.455450 0.192513 -25.025980
v 0.455450 0.192513 -25.025980
v 0.439631 0.278106 -25.025980
v 0.463447 0.185938 -25.014999
v 0.439631 0.278106 -25.025980
v 0.446662 0.280291 -25.014999
v 0.463447 0.185938 -25.014999
v 0.463447 0.185938 -25.014999
v 0.446662 0.280291 -25.014999
v 0.466374 0.183531 -25.000000
v 0.446662 0.280291 -25.014999
v 0.449235 0.281091 -25.000000
v 0.466374 0.183531 -25.000000
v 0.466374 0.183531 -25.000000
v 0.449235 0.281091 -25.000000
v 0.466374 0.183531 25.000000
v 0.449235 0.281091 -25.000000
v 0.449235 0.281091 25.000000
v 0.466374 0.183531 25.000000
v 0.466374 0.183531 25.000000
v 0.449235 0.281091 25.000000
v 0.463447 0.185938 25.014999
v 0.449235 0.281091 25.000000
v 0.446662 0.280291 25.014999
v 0.463447 0.185938 25.014999
v 0.463447 0.185938 25.014999
v 0.446662 0.280291 25.014999
v 0.455450 0.192513 25.025982
v 0.446662 0.280291 25.014999
v 0.439631 0.278106 25.025982
v 0.455450 0.192513 25.025982
v 0.455450 0.192513 25.025982
v 0.439631 0.278106 25.025982
v 0.444527 0.201495 25.029999
v 0.439631 0.278106 25.025982
v 0.430027 0.275120 25.029999
v 0.444527 0.201495 25.029999
v 0.430027 0.275120 -25.029999
v 0.401527 0.340995 -25.029999
v 0.439631 0.278106 -25.025980
v 0.401527 0.340995 -25.029999
v 0.410260 0.345994 -25.025980
v 0.439631 0.278106 -25.025980
v 0.439631 0.278106 -25.025980
v 0.410260 0.345994 -25.025980
v 0.446662 0.280291 -25.014999
v 0.410260 0.345994 -25.025980
v 0.416653 0.349653 -25.014999
v 0.446662 0.280291 -25.014999
v 0.446662 0.280291 -25.014999
v 0.416653 0.349653 -25.014999
v 0.449235 0.281091 -25.000000
v 0.416653 0.349653 -25.014999
v 0.418993 0.350992 -25.000000
v 0.449235 0.281091 -25.000000
v 0.449235 0.281091 -25.000000
v 0.418993 0.350992 -25.000000
v 0.449235 0.281091 25.000000
v 0.418993 0.350992 -25.000000
v 0.418993 0.350992 25.000000
v 0.449235 0.281091 25.000000
v 0.449235 0.281091 25.000000
v 0.418993 0.350992 25.000000
v 0.446662 0.280291 25.014999
v 0.418993 0.350992 25.000000
v 0.416653 0.349653 25.014999
v 0.446662 0.280291 25.014999
v 0.446662 0.280291 25.014999
v 0.416653 0.349653 25.014999
v 0.439631 0.278106 25.025982
v 0.416653 0.349653 25.014999
v 0.410260 0.345994 25.025982
v 0.439631 0.278106 25.025982
v 0.439631 0.278106 25.025982
v 0.410260 0.345994 25.025982
v 0.430027 0.275120 25.029999
v 0.410260 0.345994 25.025982
v 0.401527 0.340995 25.029999
v 0.430027 0.275120 25.029999
v 0.401527 0.340995 -25.029999
v 0.359027 0.399120 -25.029999
v 0.410260 0.345994 -25.025980
v 0.359027 0.399120 -25.029999
v 0.366473 0.405879 -25.025980
v 0.410260 0.345994 -25.025980
v 0.410260 0.345994 -25.025980
v 0.366473 0.405879 -25.025980
v 0.416653 0.349653 -25.014999
v 0.366473 0.405879 -25.025980
v 0.371924 0.410826 -25.014999
v 0.416653 0.349653 -25.014999
v 0.416653 0.349653 -25.014999
v 0.371924 0.410826 -25.014999
v 0.418993 0.350992 -25.000000
v 0.371924 0.410826 -25.014999
v 0.373920 0.412637 -25.000000
v 0.418993 0.350992 -25.000000
v 0.418993 0.350992 -25.000000
v 0.373920 0.412637 -25.000000
v 0.418993 0.350992 25.000000
v 0.373920 0.412637 -25.000000
v 0.373920 0.412637 25.000000
v 0.418993 0.350992 25.000000
v 0.418993 0.350992 25.000000
v 0.373920 0.412637 25.000000
v 0.416653 0.349653 25.014999
v 0.373920 0.412637 25.000000
v 0.371924 0.410826 25.014999
v 0.416653 0.349653 25.014999
v 0.416653 0.349653 25.014999
v 0.371924 0.410826 25.014999
v 0.410260 0.345994 25.025982
v 0.371924 0.410826 25.014999
v 0.366473 0.405879 25.025982
v 0.410260 0.345994 25.025982
v 0.410260 0.345994 25.025982
v 0.366473 0.405879 25.025982
v 0.401527 0.340995 25.029999
v 0.366473 0.405879 25.025982
v 0.359027 0.399120 25.029999
v 0.401527 0.340995 25.029999
v 0.359027 0.399120 -25.029999
v 0.302527 0.449495 -25.029999
v 0.366473 0.405879 -25.025980
v 0.302527 0.449495 -25.029999
v 0.308530 0.457540 -25.025980
v 0.366473 0.405879 -25.025980
v 0.366473 0.405879 -25.025980
v 0.308530 0.457540 -25.025980
v 0.371924 0.410826 -25.014999
v 0.308530 0.457540 -25.025980
v 0.312925 0.463429 -25.014999
v 0.371924 0.410826 -25.014999
v 0.371924 0.410826 -25.014999
v 0.312925 0.463429 -25.014999
v 0.373920 0.412637 -25.000000
v 0.312925 0.463429 -25.014999
v 0.314534 0.465585 -25.000000
v 0.373920 0.412637 -25.000000
v 0.373920 0.412637 -25.000000
v 0.314534 0.465585 -25.000000
v 0.373920 0.412637 25.000000
v 0.314534 0.465585 -25.000000
v 0.314534 0.465585 25.000000
v 0.373920 0.412637 25.000000
v 0.373920 0.412637 25.000000
v 0.314534 0.465585 25.000000
v 0.371924 0.410826 25.014999
v 0.314534 0.465585 25.000000
v 0.312925 0.463429 25.014999
v 0.371924 0.410826 25.014999
v 0.371924 0.410826 25.014999
v 0.312925 0.463429 25.014999
v 0.366473 0.405879 25.025982
v 0.312925 0.463429 25.014999
v 0.308530 0.457540 25.025982
v 0.366473 0.405879 25.025982
v 0.366473 0.405879 25.025982
v 0.308530 0.457540 25.025982
v 0.359027 0.399120 25.029999
v 0.308530 0.457540 25.025982
v 0.302527 0.449495 25.029999
v 0.359027 0.399120 25.029999
v 0.302527 0.449495 -25.029999
v 0.241714 0.487120 -25.029999
v 0.308530 0.457540 -25.025980
v 0.241714 0.487120 -25.029999
v 0.246253 0.496072 -25.025980
v 0.308530 0.457540 -25.025980
v 0.308530 0.457540 -25.025980
v 0.246253 0.496072 -25.025980
v 0.312925 0.463429 -25.014999
v 0.246253 0.496072 -25.025980
v 0.249575 0.502625 -25.014999
v 0.312925 0.463429 -25.014999
v 0.312925 0.463429 -25.014999
v 0.249575 0.502625 -25.014999
v 0.314534 0.465585 -25.000000
v 0.249575 0.502625 -25.014999
v 0.250791 0.505023 -25.000000
v 0.314534 0.465585 -25.000000
v 0.314534 0.465585 -25.000000
v 0.250791 0.505023 -25.000000
v 0.314534 0.465585 25.000000
v 0.250791 0.505023 -25.000000
v 0.250791 0.505023 25.000000
v 0.314534 0.465585 25.000000
v 0.314534 0.465585 25.000000
v 0.250791 0.505023 25.000000
v 0.312925 0.463429 25.014999
v 0.250791 0.505023 25.000000
v 0.249575 0.502625 25.014999
v 0.312925 0.463429 25.014999
v 0.312925 0.463429 25.014999
v 0.249575 0.502625 25.014999
v 0.308530 0.457540 25.025982
v 0.249575 0.502625 25.014999
v 0.246253 0.496072 25.025982
v 0.308530 0.457540 25.025982
v 0.308530 0.457540 25.025982
v 0.246253 0.496072 25.025982
v 0.302527 0.449495 25.029999
v 0.246253 0.496072 25.025982
v 0.241714 0.487120 25.029999
v 0.302527 0.449495 25.029999
v 0.241714 0.487120 -25.029999
v 0.175277 0.513995 -25.029999
v 0.246253 0.496072 -25.025980
v 0.175277 0.513995 -25.029999
v 0.178264 0.523574 -25.025980
v 0.246253 0.496072 -25.025980
v 0.246253 0.496072 -25.025980
v 0.178264 0.523574 -25.025980
v 0.249575 0.502625 -25.014999
v 0.178264 0.523574 -25.025980
v 0.180450 0.530586 -25.014999
v 0.249575 0.502625 -25.014999
v 0.249575 0.502625 -25.014999
v 0.180450 0.530586 -25.014999
v 0.250791 0.505023 -25.000000
v 0.180450 0.530586 -25.014999
v 0.181251 0.533153 -25.000000
v 0.250791 0.505023 -25.000000
v 0.250791 0.505023 -25.000000
v 0.181251 0.533153 -25.000000
v 0.250791 0.505023 25.000000
v 0.181251 0.533153 -25.000000
v 0.181251 0.533153 25.000000
v 0.250791 0.505023 25.000000
v 0.250791 0.505023 25.000000
v 0.181251 0.533153 25.000000
v 0.249575 0.502625 25.014999
v 0.181251 0.533153 25.000000
v 0.180450 0.530586 25.014999
v 0.249575 0.502625 25.014999
v 0.249575 0.502625 25.014999
v 0.180450 0.530586 25.014999
v 0.246253 0.496072 25.025982
v 0.180450 0.530586 25.014999
v 0.178264 0.523574 25.025982
v 0.246253 0.496072 25.025982
v 0.246253 0.496072 25.025982
v 0.178264 0.523574 25.025982
v 0.241714 0.487120 25.029999
v 0.178264 0.523574 25.025982
v 0.175277 0.513995 25.029999
v 0.241714 0.487120 25.029999
v 0.175277 0.513995 -25.029999
v 0.103214 0.530120 -25.029999
v 0.178264 0.523574 -25.025980
v 0.103214 0.530120 -25.029999
v 0.104659 0.540044 -25.025980
v 0.178264 0.523574 -25.025980
v 0.178264 0.523574 -25.025980
v 0.104659 0.540044 -25.025980
v 0.180450 0.530586 -25.014999
v 0.104659 0.540044 -25.025980
v 0.105717 0.547309 -25.014999
v 0.180450 0.530586 -25.014999
v 0.180450 0.530586 -25.014999
v 0.105717 0.547309 -25.014999
v 0.181251 0.533153 -25.000000
v 0.105717 0.547309 -25.014999
v 0.106105 0.549968 -25.000000
v 0.181251 0.533153 -25.000000
v 0.181251 0.533153 -25.000000
v 0.106105 0.549968 -25.000000
v 0.181251 0.533153 25.000000
v 0.106105 0.549968 -25.000000
v 0.106105 0.549968 25.000000
v 0.181251 0.533153 25.000000
v 0.181251 0.533153 25.000000
v 0.106105 0.549968 25.000000
v 0.180450 0.530586 25.014999
v 0.106105 0.549968 25.000000
v 0.105717 0.547309 25.014999
v 0.180450 0.530586 25.014999
v 0.180450 0.530586 25.014999
v 0.105717 0.547309 25.014999
v 0.178264 0.523574 25.025982
v 0.105717 0.547309 25.014999
v 0.104659 0.540044 25.025982
v 0.178264 0.523574 25.025982
v 0.178264 0.523574 25.025982
v 0.104659 0.540044 25.025982
v 0.175277 0.513995 25.029999
v 0.104659 0.540044 25.025982
v 0.103214 0.530120 25.029999
v 0.175277 0.513995 25.029999
v 0.103214 0.530120 -25.029999
v 0.025527 0.535495 -25.029999
v 0.104659 0.540044 -25.025980
v 0.025527 0.535495 -25.029999
v 0.025403 0.545528 -25.025980
v 0.104659 0.540044 -25.025980
v 0.104659 0.540044 -25.025980
v 0.025403 0.545528 -25.025980
v 0.105717 0.547309 -25.014999
v 0.025403 0.545528 -25.025980
v 0.025312 0.552872 -25.014999
v 0.105717 0.547309 -25.014999
v 0.105717 0.547309 -25.014999
v 0.025312 0.552872 -25.014999
v 0.106105 0.549968 -25.000000
v 0.025312 0.552872 -25.014999
v 0.025279 0.555560 -25.000000
v 0.106105 0.549968 -25.000000
v 0.106105 0.549968 -25.000000
v 0.025279 0.555560 -25.000000
v 0.106105 0.549968 25.000000
v 0.025279 0.555560 -25.000000
v 0.025279 0.555560 25.000000
v 0.106105 0.549968 25.000000
v 0.106105 0.549968 25.000000
v 0.025279 0.555560 25.000000
v 0.105717 0.547309 25.014999
v 0.025279 0.555560 25.000000
v 0.025312 0.552872 25.014999
v 0.105717 0.547309 25.014999
v 0.105717 0.547309 25.014999
v 0.025312 0.552872 25.014999
v 0.104659 0.540044 25.025982
v 0.025312 0.552872 25.014999
v 0.025403 0.545528 25.025982
v 0.104659 0.540044 25.025982
v 0.104659 0.540044 25.025982
v 0.025403 0.545528 25.025982
v 0.103214 0.530120 25.029999
v 0.025403 0.545528 25.025982
v 0.025527 0.535495 25.029999
v 0.103214 0.530120 25.029999
v 0.025527 0.535495 -25.029999
v -0.082161 0.525370 -25.029999
v 0.025403 0.545528 -25.025980
v -0.082161 0.525370 -25.029999
v -0.084159 0.535227 -25.025980
v 0.025403 0.545528 -25.025980
v 0.025403 0.545528 -25.025980
v -0.084159 0.535227 -25.025980
v 0.025312 0.552872 -25.014999
v -0.084159 0.535227 -25.025980
v -0.085621 0.542442 -25.014999
v 0.025312 0.552872 -25.014999
v 0.025312 0.552872 -25.014999
v -0.085621 0.542442 -25.014999
v 0.025279 0.555560 -25.000000
v -0.085621 0.542442 -25.014999
v -0.086157 0.545083 -25.000000
v 0.025279 0.555560 -25.000000
v 0.025279 0.555560 -25.000000
v -0.086157 0.545083 -25.000000
v 0.025279 0.555560 25.000000
v -0.086157 0.545083 -25.000000
v -0.086157 0.545083 25.000000
v 0.025279 0.555560 25.000000
v 0.025279 0.555560 25.000000
v -0.086157 0.545083 25.000000
v 0.025312 0.552872 25.014999
v -0.086157 0.545083 25.000000
v -0.085621 0.542442 25.014999
v 0.025312 0.552872 25.014999
v 0.025312 0.552872 25.014999
v -0.085621 0.542442 25.014999
v 0.025403 0.545528 25.025982
v -0.085621 0.542442 25.014999
v -0.084159 0.535227 25.025982
v 0.025403 0.545528 25.025982
v 0.025403 0.545528 25.025982
v -0.084159 0.535227 25.025982
v 0.025527 0.535495 25.029999
v -0.084159 0.535227 25.025982
v -0.082161 0.525370 25.029999
v 0.025527 0.535495 25.029999
v -0.082161 0.525370 -25.029999
v -0.178223 0.494995 -25.029999
v -0.084159 0.535227 -25.025980
v -0.178223 0.494995 -25.029999
v -0.182358 0.504176 -25.025980
v -0.084159 0.535227 -25.025980
v -0.084159 0.535227 -25.025980
v -0.182358 0.504176 -25.025980
v -0.085621 0.542442 -25.014999
v -0.182358 0.504176 -25.025980
v -0.185385 0.510897 -25.014999
v -0.085621 0.542442 -25.014999
v -0.085621 0.542442 -25.014999
v -0.185385 0.510897 -25.014999
v -0.086157 0.545083 -25.000000
v -0.185385 0.510897 -25.014999
v -0.186493 0.513356 -25.000000
v -0.086157 0.545083 -25.000000
v -0.086157 0.545083 -25.000000
v -0.186493 0.513356 -25.000000
v -0.086157 0.545083 25.000000
v -0.186493 0.513356 -25.000000
v -0.186493 0.513356 25.000000
v -0.086157 0.545083 25.000000
v -0.086157 0.545083 25.000000
v -0.186493 0.513356 25.000000
v -0.085621 0.542442 25.014999
v -0.186493 0.513356 25.000000
v -0.185385 0.510897 25.014999
v -0.085621 0.542442 25.014999
v -0.085621 0.542442 25.014999
v -0.185385 0.510897 25.014999
v -0.084159 0.535227 25.025982
v -0.185385 0.510897 25.014999
v -0.182358 0.504176 25.025982
v -0.084159 0.535227 25.025982
v -0.084159 0.535227 25.025982
v -0.182358 0.504176 25.025982
v -0.082161 0.525370 25.029999
v -0.182358 0.504176 25.025982
v -0.178223 0.494995 25.029999
v -0.082161 0.525370 25.029999
v -0.178223 0.494995 -25.029999
v -0.262661 0.444370 -25.029999
v -0.182358 0.504176 -25.025980
v -0.262661 0.444370 -25.029999
v -0.268801 0.452348 -25.025980
v -0.182358 0.504176 -25.025980
v -0.182358 0.504176 -25.025980
v -0.268801 0.452348 -25.025980
v -0.185385 0.510897 -25.014999
v -0.268801 0.452348 -25.025980
v -0.273297 0.458188 -25.014999
v -0.185385 0.510897 -25.014999
v -0.185385 0.510897 -25.014999
v -0.273297 0.458188 -25.014999
v -0.186493 0.513356 -25.000000
v -0.273297 0.458188 -25.014999
v -0.274942 0.460326 -25.000000
v -0.186493 0.513356 -25.000000
v -0.186493 0.513356 -25.000000
v -0.274942 0.460326 -25.000000
v -0.186493 0.513356 25.000000
v -0.274942 0.460326 -25.000000
v -0.274942 0.460326 25.000000
v -0.186493 0.513356 25.000000
v -0.186493 0.513356 25.000000
v -0.274942 0.460326 25.000000
v -0.185385 0.510897 25.014999
v -0.274942 0.460326 25.000000
v -0.273297 0.458188 25.014999
v -0.185385 0.510897 25.014999
v -0.185385 0.510897 25.014999
v -0.273297 0.458188 25.014999
v -0.182358 0.504176 25.025982
v -0.273297 0.458188 25.014999
v -0.268801 0.452348 25.025982
v -0.182358 0.504176 25.025982
v -0.182358 0.504176 25.025982
v -0.268801 0.452348 25.025982
v -0.178223 0.494995 25.029999
v -0.268801 0.452348 25.025982
v -0.262661 0.444370 25.029999
v -0.178223 0.494995 25.029999
v -0.262661 0.444370 -25.029999
v -0.335473 0.373495 -25.029999
v -0.268801 0.452348 -25.025980
v -0.335473 0.373495 -25.029999
v -0.343167 0.379961 -25.025980
v -0.268801 0.452348 -25.025980
v -0.268801 0.452348 -25.025980
v -0.343167 0.379961 -25.025980
v -0.273297 0.458188 -25.014999
v -0.343167 0.379961 -25.025980
v -0.348800 0.384695 -25.014999
v -0.273297 0.458188 -25.014999
v -0.273297 0.458188 -25.014999
v -0.348800 0.384695 -25.014999
v -0.274942 0.460326 -25.000000
v -0.348800 0.384695 -25.014999
v -0.350861 0.386427 -25.000000
v -0.274942 0.460326 -25.000000
v -0.274942 0.460326 -25.000000
v -0.350861 0.386427 -25.000000
v -0.274942 0.460326 25.000000
v -0.350861 0.386427 -25.000000
v -0.350861 0.386427 25.000000
v -0.274942 0.460326 25.000000
v -0.274942 0.460326 25.000000
v -0.350861 0.386427 25.000000
v -0.273297 0.458188 25.014999
v -0.350861 0.386427 25.000000
v -0.348800 0.384695 25.014999
v -0.273297 0.458188 25.014999
v -0.273297 0.458188 25.014999
v -0.348800 0.384695 25.014999
v -0.268801 0.452348 25.025982
v -0.348800 0.384695 25.014999
v -0.343167 0.379961 25.025982
v -0.268801 0.452348 25.025982
v -0.268801 0.452348 25.025982
v -0.343167 0.379961 25.025982
v -0.262661 0.444370 25.029999
v -0.343167 0.379961 25.025982
v -0.335473 0.373495 25.029999
v -0.262661 0.444370 25.029999
v -0.335473 0.373495 -25.029999
v -0.390161 0.293370 -25.029999
v -0.343167 0.379961 -25.025980
v -0.390161 0.293370 -25.029999
v -0.398960 0.298217 -25.025980
v -0.343167 0.379961 -25.025980
v -0.343167 0.379961 -25.025980
v -0.398960 0.298217 -25.025980
v -0.348800 0.384695 -25.014999
v -0.398960 0.298217 -25.025980
v -0.405402 0.301765 -25.014999
v -0.348800 0.384695 -25.014999
v -0.348800 0.384695 -25.014999
v -0.405402 0.301765 -25.014999
v -0.350861 0.386427 -25.000000
v -0.405402 0.301765 -25.014999
v -0.407759 0.303063 -25.000000
v -0.350861 0.386427 -25.000000
v -0.350861 0.386427 -25.000000
v -0.407759 0.303063 -25.000000
v -0.350861 0.386427 25.000000
v -0.407759 0.303063 -25.000000
v -0.407759 0.303063 25.000000
v -0.350861 0.386427 25.000000
v -0.350861 0.386427 25.000000
v -0.407759 0.303063 25.000000
v -0.348800 0.384695 25.014999
v -0.407759 0.303063 25.000000
v -0.405402 0.301765 25.014999
v -0.348800 0.384695 25.014999
v -0.348800 0.384695 25.014999
v -0.405402 0.301765 25.014999
v -0.343167 0.379961 25.025982
v -0.405402 0.301765 25.014999
v -0.398960 0.298217 25.025982
v -0.343167 0.379961 25.025982
v -0.343167 0.379961 25.025982
v -0.398960 0.298217 25.025982
v -0.335473 0.373495 25.029999
v -0.398960 0.298217 25.025982
v -0.390161 0.293370 25.029999
v -0.335473 0.373495 25.029999
v -0.390161 0.293370 -25.029999
v -0.429223 0.202995 -25.029999
v -0.398960 0.298217 -25.025980
v -0.429223 0.202995 -25.029999
v -0.438759 0.206138 -25.025980
v -0.398960 0.298217 -25.025980
v -0.398960 0.298217 -25.025980
v -0.438759 0.206138 -25.025980
v -0.405402 0.301765 -25.014999
v -0.438759 0.206138 -25.025980
v -0.445739 0.208439 -25.014999
v -0.405402 0.301765 -25.014999
v -0.405402 0.301765 -25.014999
v -0.445739 0.208439 -25.014999
v -0.407759 0.303063 -25.000000
v -0.445739 0.208439 -25.014999
v -0.448294 0.209282 -25.000000
v -0.407759 0.303063 -25.000000
v -0.407759 0.303063 -25.000000
v -0.448294 0.209282 -25.000000
v -0.407759 0.303063 25.000000
v -0.448294 0.209282 -25.000000
v -0.448294 0.209282 25.000000
v -0.407759 0.303063 25.000000
v -0.407759 0.303063 25.000000
v -0.448294 0.209282 25.000000
v -0.405402 0.301765 25.014999
v -0.448294 0.209282 25.000000
v -0.445739 0.208439 25.014999
v -0.405402 0.301765 25.014999
v -0.405402 0.301765 25.014999
v -0.445739 0.208439 25.014999
v -0.398960 0.298217 25.025982
v -0.445739 0.208439 25.014999
v -0.438759 0.206138 25.025982
v -0.398960 0.298217 25.025982
v -0.398960 0.298217 25.025982
v -0.438759 0.206138 25.025982
v -0.390161 0.293370 25.029999
v -0.438759 0.206138 25.025982
v -0.429223 0.202995 25.029999
v -0.390161 0.293370 25.029999
v -0.429223 0.202995 -25.029999
v -0.452661 0.102370 -25.029999
v -0.438759 0.206138 -25.025980
v -0.452661 0.102370 -25.029999
v -0.462580 0.103865 -25.025980
v -0.438759 0.206138 -25.025980
v -0.438759 0.206138 -25.025980
v -0.462580 0.103865 -25.025980
v -0.445739 0.208439 -25.014999
v -0.462580 0.103865 -25.025980
v -0.469842 0.104960 -25.014999
v -0.445739 0.208439 -25.014999
v -0.445739 0.208439 -25.014999
v -0.469842 0.104960 -25.014999
v -0.448294 0.209282 -25.000000
v -0.469842 0.104960 -25.014999
v -0.472500 0.105360 -25.000000
v -0.448294 0.209282 -25.000000
v -0.448294 0.209282 -25.000000
v -0.472500 0.105360 -25.000000
v -0.448294 0.209282 25.000000
v -0.472500 0.105360 -25.000000
v -0.472500 0.105360 25.000000
v -0.448294 0.209282 25.000000
v -0.448294 0.209282 25.000000
v -0.472500 0.105360 25.000000
v -0.445739 0.208439 25.014999
v -0.472500 0.105360 25.000000
v -0.469842 0.104960 25.014999
v -0.445739 0.208439 25.014999
v -0.445739 0.208439 25.014999
v -0.469842 0.104960 25.014999
v -0.438759 0.206138 25.025982
v -0.469842 0.104960 25.014999
v -0.462580 0.103865 25.025982
v -0.438759 0.206138 25.025982
v -0.438759 0.206138 25.025982
v -0.462580 0.103865 25.025982
v -0.429223 0.202995 25.029999
v -0.462580 0.103865 25.025982
v -0.452661 0.102370 25.029999
v -0.429223 0.202995 25.029999
v -0.452661 0.102370 -25.029999
v -0.460473 -0.008505 -25.029999
v -0.462580 0.103865 -25.025980
v -0.460473 -0.008505 -25.029999
v -0.470500 -0.008533 -25.025980
v -0.462580 0.103865 -25.025980
v -0.462580 0.103865 -25.025980
v -0.470500 -0.008533 -25.025980
v -0.469842 0.104960 -25.014999
v -0.470500 -0.008533 -25.025980
v -0.477840 -0.008553 -25.014999
v -0.469842 0.104960 -25.014999
v -0.469842 0.104960 -25.014999
v -0.477840 -0.008553 -25.014999
v -0.472500 0.105360 -25.000000
v -0.477840 -0.008553 -25.014999
v -0.480527 -0.008561 -25.000000
v -0.472500 0.105360 -25.000000
v -0.472500 0.105360 -25.000000
v -0.480527 -0.008561 -25.000000
v -0.472500 0.105360 25.000000
v -0.480527 -0.008561 -25.000000
v -0.480527 -0.008561 25.000000
v -0.472500 0.105360 25.000000
v -0.472500 0.105360 25.000000
v -0.480527 -0.008561 25.000000
v -0.469842 0.104960 25.014999
v -0.480527 -0.008561 25.000000
v -0.477840 -0.008553 25.014999
v -0.469842 0.104960 25.014999
v -0.469842 0.104960 25.014999
v -0.477840 -0.008553 25.014999
v -0.462580 0.103865 25.025982
v -0.477840 -0.008553 25.014999
v -0.470500 -0.008533 25.025982
v -0.462580 0.103865 25.025982
v -0.462580 0.103865 25.025982
v -0.470500 -0.008533 25.025982
v -0.452661 0.102370 25.029999
v -0.470500 -0.008533 25.025982
v -0.460473 -0.008505 25.029999
v -0.452661 0.102370 25.029999
v -0.460473 -0.008505 -25.029999
v -0.452598 -0.112005 -25.029999
v -0.470500 -0.008533 -25.025980
v -0.452598 -0.112005 -25.029999
v -0.462506 -0.113596 -25.025980
v -0.470500 -0.008533 -25.025980
v -0.470500 -0.008533 -25.025980
v -0.462506 -0.113596 -25.025980
v -0.477840 -0.008553 -25.014999
v -0.462506 -0.113596 -25.025980
v -0.469759 -0.114761 -25.014999
v -0.477840 -0.008553 -25.014999
v -0.477840 -0.008553 -25.014999
v -0.469759 -0.114761 -25.014999
v -0.480527 -0.008561 -25.000000
v -0.469759 -0.114761 -25.014999
v -0.472414 -0.115187 -25.000000
v -0.480527 -0.008561 -25.000000
v -0.480527 -0.008561 -25.000000
v -0.472414 -0.115187 -25.000000
v -0.480527 -0.008561 25.000000
v -0.472414 -0.115187 -25.000000
v -0.472414 -0.115187 25.000000
v -0.480527 -0.008561 25.000000
v -0.480527 -0.008561 25.000000
v -0.472414 -0.115187 25.000000
v -0.477840 -0.008553 25.014999
v -0.472414 -0.115187 25.000000
v -0.469759 -0.114761 25.014999
v -0.477840 -0.008553 25.014999
v -0.477840 -0.008553 25.014999
v -0.469759 -0.114761 25.014999
v -0.470500 -0.008533 25.025982
v -0.469759 -0.114761 25.014999
v -0.462506 -0.113596 25.025982
v -0.470500 -0.008533 25.025982
v -0.470500 -0.008533 25.025982
v -0.462506 -0.113596 25.025982
v -0.460473 -0.008505 25.029999
v -0.462506 -0.113596 25.025982
v -0.452598 -0.112005 25.029999
v -0.460473 -0.008505 25.029999
v -0.452598 -0.112005 -25.029999
v -0.428973 -0.207505 -25.029999
v -0.462506 -0.113596 -25.025980
v -0.428973 -0.207505 -25.029999
v -0.438463 -0.210784 -25.025980
v -0.462506 -0.113596 -25.025980
v -0.462506 -0.113596 -25.025980
v -0.438463 -0.210784 -25.025980
v -0.469759 -0.114761 -25.014999
v -0.438463 -0.210784 -25.025980
v -0.445411 -0.213184 -25.014999
v -0.469759 -0.114761 -25.014999
v -0.469759 -0.114761 -25.014999
v -0.445411 -0.213184 -25.014999
v -0.472414 -0.115187 -25.000000
v -0.445411 -0.213184 -25.014999
v -0.447954 -0.214063 -25.000000
v -0.472414 -0.115187 -25.000000
v -0.472414 -0.115187 -25.000000
v -0.447954 -0.214063 -25.000000
v -0.472414 -0.115187 25.000000
v -0.447954 -0.214063 -25.000000
v -0.447954 -0.214063 25.000000
v -0.472414 -0.115187 25.000000
v -0.472414 -0.115187 25.000000
v -0.447954 -0.214063 25.000000
v -0.469759 -0.114761 25.014999
v -0.447954 -0.214063 25.000000
v -0.445411 -0.213184 25.014999
v -0.469759 -0.114761 25.014999
v -0.469759 -0.114761 25.014999
v -0.445411 -0.213184 25.014999
v -0.462506 -0.113596 25.025982
v -0.445411 -0.213184 25.014999
v -0.438463 -0.210784 25.025982
v -0.462506 -0.113596 25.025982
v -0.462506 -0.113596 25.025982
v -0.438463 -0.210784 25.025982
v -0.452598 -0.112005 25.029999
v -0.438463 -0.210784 25.025982
v -0.428973 -0.207505 25.029999
v -0.452598 -0.112005 25.029999
v -0.428973 -0.207505 -25.029999
v -0.389598 -0.295005 -25.029999
v -0.438463 -0.210784 -25.025980
v -0.389598 -0.295005 -25.029999
v -0.398340 -0.299947 -25.025980
v -0.438463 -0.210784 -25.025980
v -0.438463 -0.210784 -25.025980
v -0.398340 -0.299947 -25.025980
v -0.445411 -0.213184 -25.014999
v -0.398340 -0.299947 -25.025980
v -0.404739 -0.303565 -25.014999
v -0.445411 -0.213184 -25.014999
v -0.445411 -0.213184 -25.014999
v -0.404739 -0.303565 -25.014999
v -0.447954 -0.214063 -25.000000
v -0.404739 -0.303565 -25.014999
v -0.407082 -0.304889 -25.000000
v -0.447954 -0.214063 -25.000000
v -0.447954 -0.214063 -25.000000
v -0.407082 -0.304889 -25.000000
v -0.447954 -0.214063 25.000000
v -0.407082 -0.304889 -25.000000
v -0.407082 -0.304889 25.000000
v -0.447954 -0.214063 25.000000
v -0.447954 -0.214063 25.000000
v -0.407082 -0.304889 25.000000
v -0.445411 -0.213184 25.014999
v -0.407082 -0.304889 25.000000
v -0.404739 -0.303565 25.014999
v -0.445411 -0.213184 25.014999
v -0.445411 -0.213184 25.014999
v -0.404739 -0.303565 25.014999
v -0.438463 -0.210784 25.025982
v -0.404739 -0.303565 25.014999
v -0.398340 -0.299947 25.025982
v -0.438463 -0.210784 25.025982
v -0.438463 -0.210784 25.025982
v -0.398340 -0.299947 25.025982
v -0.428973 -0.207505 25.029999
v -0.398340 -0.299947 25.025982
v -0.389598 -0.295005 25.029999
v -0.428973 -0.207505 25.029999
v -0.389598 -0.295005 -25.029999
v -0.334473 -0.374505 -25.029999
v -0.398340 -0.299947 -25.025980
v -0.334473 -0.374505 -25.029999
v -0.342160 -0.380968 -25.025980
v -0.398340 -0.299947 -25.025980
v -0.398340 -0.299947 -25.025980
v -0.342160 -0.380968 -25.025980
v -0.404739 -0.303565 -25.014999
v -0.342160 -0.380968 -25.025980
v -0.347788 -0.385700 -25.014999
v -0.404739 -0.303565 -25.014999
v -0.404739 -0.303565 -25.014999
v -0.347788 -0.385700 -25.014999
v -0.407082 -0.304889 -25.000000
v -0.347788 -0.385700 -25.014999
v -0.349847 -0.387432 -25.000000
v -0.407082 -0.304889 -25.000000
v -0.407082 -0.304889 -25.000000
v -0.349847 -0.387432 -25.000000
v -0.407082 -0.304889 25.000000
v -0.349847 -0.387432 -25.000000
v -0.349847 -0.387432 25.000000
v -0.407082 -0.304889 25.000000
v -0.407082 -0.304889 25.000000
v -0.349847 -0.387432 25.000000
v -0.404739 -0.303565 25.014999
v -0.349847 -0.387432 25.000000
v -0.347788 -0.385700 25.014999
v -0.404739 -0.303565 25.014999
v -0.404739 -0.303565 25.014999
v -0.347788 -0.385700 25.014999
v -0.398340 -0.299947 25.025982
v -0.347788 -0.385700 25.014999
v -0.342160 -0.380968 25.025982
v -0.398340 -0.299947 25.025982
v -0.398340 -0.299947 25.025982
v -0.342160 -0.380968 25.025982
v -0.389598 -0.295005 25.029999
v -0.342160 -0.380968 25.025982
v -0.334473 -0.374505 25.029999
v -0.389598 -0.295005 25.029999
v -0.334473 -0.374505 -25.029999
v -0.263098 -0.444942 -25.029999
v -0.342160 -0.380968 -25.025980
v -0.263098 -0.444942 -25.029999
v -0.269323 -0.452849 -25.025980
v -0.342160 -0.380968 -25.025980
v -0.342160 -0.380968 -25.025980
v -0.269323 -0.452849 -25.025980
v -0.347788 -0.385700 -25.014999
v -0.269323 -0.452849 -25.025980
v -0.273880 -0.458637 -25.014999
v -0.347788 -0.385700 -25.014999
v -0.347788 -0.385700 -25.014999
v -0.273880 -0.458637 -25.014999
v -0.349847 -0.387432 -25.000000
v -0.273880 -0.458637 -25.014999
v -0.275548 -0.460755 -25.000000
v -0.349847 -0.387432 -25.000000
v -0.349847 -0.387432 -25.000000
v -0.275548 -0.460755 -25.000000
v -0.349847 -0.387432 25.000000
v -0.275548 -0.460755 -25.000000
v -0.275548 -0.460755 25.000000
v -0.349847 -0.387432 25.000000
v -0.349847 -0.387432 25.000000
v -0.275548 -0.460755 25.000000
v -0.347788 -0.385700 25.014999
v -0.275548 -0.460755 25.000000
v -0.273880 -0.458637 25.014999
v -0.347788 -0.385700 25.014999
v -0.347788 -0.385700 25.014999
v -0.273880 -0.458637 25.014999
v -0.342160 -0.380968 25.025982
v -0.273880 -0.458637 25.014999
v -0.269323 -0.452849 25.025982
v -0.342160 -0.380968 25.025982
v -0.342160 -0.380968 25.025982
v -0.269323 -0.452849 25.025982
v -0.334473 -0.374505 25.029999
v -0.269323 -0.452849 25.025982
v -0.263098 -0.444942 25.029999
v -0.334473 -0.374505 25.029999
v -0.263098 -0.444942 -25.029999
v -0.181973 -0.495255 -25.029999
v -0.269323 -0.452849 -25.025980
v -0.181973 -0.495255 -25.029999
v -0.186243 -0.504374 -25.025980
v -0.269323 -0.452849 -25.025980
v -0.269323 -0.452849 -25.025980
v -0.186243 -0.504374 -25.025980
v -0.273880 -0.458637 -25.014999
v -0.186243 -0.504374 -25.025980
v -0.189369 -0.511049 -25.014999
v -0.273880 -0.458637 -25.014999
v -0.273880 -0.458637 -25.014999
v -0.189369 -0.511049 -25.014999
v -0.275548 -0.460755 -25.000000
v -0.189369 -0.511049 -25.014999
v -0.190513 -0.513493 -25.000000
v -0.275548 -0.460755 -25.000000
v -0.275548 -0.460755 -25.000000
v -0.190513 -0.513493 -25.000000
v -0.275548 -0.460755 25.000000
v -0.190513 -0.513493 -25.000000
v -0.190513 -0.513493 25.000000
v -0.275548 -0.460755 25.000000
v -0.275548 -0.460755 25.000000
v -0.190513 -0.513493 25.000000
v -0.273880 -0.458637 25.014999
v -0.190513 -0.513493 25.000000
v -0.189369 -0.511049 25.014999
v -0.273880 -0.458637 25.014999
v -0.273880 -0.458637 25.014999
v -0.189369 -0.511049 25.014999
v -0.269323 -0.452849 25.025982
v -0.189369 -0.511049 25.014999
v -0.186243 -0.504374 25.025982
v -0.269323 -0.452849 25.025982
v -0.269323 -0.452849 25.025982
v -0.186243 -0.504374 25.025982
v -0.263098 -0.444942 25.029999
v -0.186243 -0.504374 25.025982
v -0.181973 -0.495255 25.029999
v -0.263098 -0.444942 25.029999
v -0.181973 -0.495255 -25.029999
v -0.091098 -0.525442 -25.029999
v -0.186243 -0.504374 -25.025980
v -0.091098 -0.525442 -25.029999
v -0.093198 -0.535282 -25.025980
v -0.186243 -0.504374 -25.025980
v -0.186243 -0.504374 -25.025980
v -0.093198 -0.535282 -25.025980
v -0.189369 -0.511049 -25.014999
v -0.093198 -0.535282 -25.025980
v -0.094734 -0.542485 -25.014999
v -0.189369 -0.511049 -25.014999
v -0.189369 -0.511049 -25.014999
v -0.094734 -0.542485 -25.014999
v -0.190513 -0.513493 -25.000000
v -0.094734 -0.542485 -25.014999
v -0.095297 -0.545122 -25.000000
v -0.190513 -0.513493 -25.000000
v -0.190513 -0.513493 -25.000000
v -0.095297 -0.545122 -25.000000
v -0.190513 -0.513493 25.000000
v -0.095297 -0.545122 -25.000000
v -0.095297 -0.545122 25.000000
v -0.190513 -0.513493 25.000000
v -0.190513 -0.513493 25.000000
v -0.095297 -0.545122 25.000000
v -0.189369 -0.511049 25.014999
v -0.095297 -0.545122 25.000000
v -0.094734 -0.542485 25.014999
v -0.189369 -0.511049 25.014999
v -0.189369 -0.511049 25.014999
v -0.094734 -0.542485 25.014999
v -0.186243 -0.504374 25.025982
v -0.094734 -0.542485 25.014999
v -0.093198 -0.535282 25.025982
v -0.186243 -0.504374 25.025982
v -0.186243 -0.504374 25.025982
v -0.093198 -0.535282 25.025982
v -0.181973 -0.495255 25.029999
v -0.093198 -0.535282 25.025982
v -0.091098 -0.525442 25.029999
v -0.181973 -0.495255 25.029999
v -0.091098 -0.525442 -25.029999
v 0.009527 -0.535505 -25.029999
v -0.093198 -0.535282 -25.025980
v 0.009527 -0.535505 -25.029999
v 0.009306 -0.545532 -25.025980
v -0.093198 -0.535282 -25.025980
v -0.093198 -0.535282 -25.025980
v 0.009306 -0.545532 -25.025980
v -0.094734 -0.542485 -25.014999
v 0.009306 -0.545532 -25.025980
v 0.009144 -0.552873 -25.014999
v -0.094734 -0.542485 -25.014999
v -0.094734 -0.542485 -25.014999
v 0.009144 -0.552873 -25.014999
v -0.095297 -0.545122 -25.000000
v 0.009144 -0.552873 -25.014999
v 0.009085 -0.555560 -25.000000
v -0.095297 -0.545122 -25.000000
v -0.095297 -0.545122 -25.000000
v 0.009085 -0.555560 -25.000000
v -0.095297 -0.545122 25.000000
v 0.009085 -0.555560 -25.000000
v 0.009085 -0.555560 25.000000
v -0.095297 -0.545122 25.000000
v -0.095297 -0.545122 25.000000
v 0.009085 -0.555560 25.000000
v -0.094734 -0.542485 25.014999
v 0.009085 -0.555560 25.000000
v 0.009144 -0.552873 25.014999
v -0.094734 -0.542485 25.014999
v -0.094734 -0.542485 25.014999
v 0.009144 -0.552873 25.014999
v -0.093198 -0.535282 25.025982
v 0.009144 -0.552873 25.014999
v 0.009306 -0.545532 25.025982
v -0.093198 -0.535282 25.025982
v -0.093198 -0.535282 25.025982
v 0.009306 -0.545532 25.025982
v -0.091098 -0.525442 25.029999
v 0.009306 -0.545532 25.025982
v 0.009527 -0.535505 25.029999
v -0.091098 -0.525442 25.029999
v 0.009527 -0.535505 -25.029999
v 0.057839 -0.532817 -25.029999
v 0.009306 -0.545532 -25.025980
v 0.057839 -0.532817 -25.029999
v 0.058967 -0.542770 -25.025980
v 0.009306 -0.545532 -25.025980
v 0.009306 -0.545532 -25.025980
v 0.058967 -0.542770 -25.025980
v 0.009144 -0.552873 -25.014999
v 0.058967 -0.542770 -25.025980
v 0.059793 -0.550056 -25.014999
v 0.009144 -0.552873 -25.014999
v 0.009144 -0.552873 -25.014999
v 0.059793 -0.550056 -25.014999
v 0.009085 -0.555560 -25.000000
v 0.059793 -0.550056 -25.014999
v 0.060095 -0.552723 -25.000000
v 0.009085 -0.555560 -25.000000
v 0.009085 -0.555560 -25.000000
v 0.060095 -0.552723 -25.000000
v 0.009085 -0.555560 25.000000
v 0.060095 -0.552723 -25.000000
v 0.060095 -0.552723 25.000000
v 0.009085 -0.555560 25.000000
v 0.009085 -0.555560 25.000000
v 0.060095 -0.552723 25.000000
v 0.009144 -0.552873 25.014999
v 0.060095 -0.552723 25.000000
v 0.059793 -0.550056 25.014999
v 0.009144 -0.552873 25.014999
v 0.009144 -0.552873 25.014999
v 0.059793 -0.550056 25.014999
v 0.009306 -0.545532 25.025982
v 0.059793 -0.550056 25.014999
v 0.058967 -0.542770 25.025982
v 0.009306 -0.545532 25.025982
v 0.009306 -0.545532 25.025982
v 0.058967 -0.542770 25.025982
v 0.009527 -0.535505 25.029999
v 0.058967 -0.542770 25.025982
v 0.057839 -0.532817 25.029999
v 0.009527 -0.535505 25.029999
v 0.057839 -0.532817 -25.029999
v 0.104777 -0.524755 -25.029999
v 0.058967 -0.542770 -25.025980
v 0.104777 -0.524755 -25.029999
v 0.107045 -0.534512 -25.025980
v 0.058967 -0.542770 -25.025980
v 0.058967 -0.542770 -25.025980
v 0.107045 -0.534512 -25.025980
v 0.059793 -0.550056 -25.014999
v 0.107045 -0.534512 -25.025980
v 0.108706 -0.541654 -25.014999
v 0.059793 -0.550056 -25.014999
v 0.059793 -0.550056 -25.014999
v 0.108706 -0.541654 -25.014999
v 0.060095 -0.552723 -25.000000
v 0.108706 -0.541654 -25.014999
v 0.109314 -0.544268 -25.000000
v 0.060095 -0.552723 -25.000000
v 0.060095 -0.552723 -25.000000
v 0.109314 -0.544268 -25.000000
v 0.060095 -0.552723 25.000000
v 0.109314 -0.544268 -25.000000
v 0.109314 -0.544268 25.000000
v 0.060095 -0.552723 25.000000
v 0.060095 -0.552723 25.000000
v 0.109314 -0.544268 25.000000
v 0.059793 -0.550056 25.014999
v 0.109314 -0.544268 25.000000
v 0.108706 -0.541654 25.014999
v 0.059793 -0.550056 25.014999
v 0.059793 -0.550056 25.014999
v 0.108706 -0.541654 25.014999
v 0.058967 -0.542770 25.025982
v 0.108706 -0.541654 25.014999
v 0.107045 -0.534512 25.025982
v 0.058967 -0.542770 25.025982
v 0.058967 -0.542770 25.025982
v 0.107045 -0.534512 25.025982
v 0.057839 -0.532817 25.029999
v 0.107045 -0.534512 25.025982
v 0.104777 -0.524755 25.029999
v 0.057839 -0.532817 25.029999
v 0.104777 -0.524755 -25.029999
v 0.150339 -0.511317 -25.029999
v 0.107045 -0.534512 -25.025980
v 0.150339 -0.511317 -25.029999
v 0.153724 -0.520745 -25.025980
v 0.107045 -0.534512 -25.025980
v 0.107045 -0.534512 -25.025980
v 0.153724 -0.520745 -25.025980
v 0.108706 -0.541654 -25.014999
v 0.153724 -0.520745 -25.025980
v 0.156201 -0.527646 -25.014999
v 0.108706 -0.541654 -25.014999
v 0.108706 -0.541654 -25.014999
v 0.156201 -0.527646 -25.014999
v 0.109314 -0.544268 -25.000000
v 0.156201 -0.527646 -25.014999
v 0.157108 -0.530173 -25.000000
v 0.109314 -0.544268 -25.000000
v 0.109314 -0.544268 -25.000000
v 0.157108 -0.530173 -25.000000
v 0.109314 -0.544268 25.000000
v 0.157108 -0.530173 -25.000000
v 0.157108 -0.530173 25.000000
v 0.109314 -0.544268 25.000000
v 0.109314 -0.544268 25.000000
v 0.157108 -0.530173 25.000000
v 0.108706 -0.541654 25.014999
v 0.157108 -0.530173 25.000000
v 0.156201 -0.527646 25.014999
v 0.108706 -0.541654 25.014999
v 0.108706 -0.541654 25.014999
v 0.156201 -0.527646 25.014999
v 0.107045 -0.534512 25.025982
v 0.156201 -0.527646 25.014999
v 0.153724 -0.520745 25.025982
v 0.107045 -0.534512 25.025982
v 0.107045 -0.534512 25.025982
v 0.153724 -0.520745 25.025982
v 0.104777 -0.524755 25.029999
v 0.153724 -0.520745 25.025982
v 0.150339 -0.511317 25.029999
v 0.104777 -0.524755 25.029999
v 0.150339 -0.511317 -25.029999
v 0.194527 -0.492505 -25.029999
v 0.153724 -0.520745 -25.025980
v 0.194527 -0.492505 -25.029999
v 0.198985 -0.501475 -25.025980
v 0.153724 -0.520745 -25.025980
v 0.153724 -0.520745 -25.025980
v 0.198985 -0.501475 -25.025980
v 0.156201 -0.527646 -25.014999
v 0.198985 -0.501475 -25.025980
v 0.202249 -0.508042 -25.014999
v 0.156201 -0.527646 -25.014999
v 0.156201 -0.527646 -25.014999
v 0.202249 -0.508042 -25.014999
v 0.157108 -0.530173 -25.000000
v 0.202249 -0.508042 -25.014999
v 0.203443 -0.510446 -25.000000
v 0.157108 -0.530173 -25.000000
v 0.157108 -0.530173 -25.000000
v 0.203443 -0.510446 -25.000000
v 0.157108 -0.530173 25.000000
v 0.203443 -0.510446 -25.000000
v 0.203443 -0.510446 25.000000
v 0.157108 -0.530173 25.000000
v 0.157108 -0.530173 25.000000
v 0.203443 -0.510446 25.000000
v 0.156201 -0.527646 25.014999
v 0.203443 -0.510446 25.000000
v 0.202249 -0.508042 25.014999
v 0.156201 -0.527646 25.014999
v 0.156201 -0.527646 25.014999
v 0.202249 -0.508042 25.014999
v 0.153724 -0.520745 25.025982
v 0.202249 -0.508042 25.014999
v 0.198985 -0.501475 25.025982
v 0.153724 -0.520745 25.025982
v 0.153724 -0.520745 25.025982
v 0.198985 -0.501475 25.025982
v 0.150339 -0.511317 25.029999
v 0.198985 -0.501475 25.025982
v 0.194527 -0.492505 25.029999
v 0.150339 -0.511317 25.029999
v 0.194527 -0.492505 -25.029999
v 0.235902 -0.468817 -25.029999
v 0.198985 -0.501475 -25.025980
v 0.235902 -0.468817 -25.029999
v 0.241368 -0.477211 -25.025980
v 0.198985 -0.501475 -25.025980
v 0.198985 -0.501475 -25.025980
v 0.241368 -0.477211 -25.025980
v 0.202249 -0.508042 -25.014999
v 0.241368 -0.477211 -25.025980
v 0.245369 -0.483355 -25.014999
v 0.202249 -0.508042 -25.014999
v 0.202249 -0.508042 -25.014999
v 0.245369 -0.483355 -25.014999
v 0.203443 -0.510446 -25.000000
v 0.245369 -0.483355 -25.014999
v 0.246834 -0.485604 -25.000000
v 0.203443 -0.510446 -25.000000
v 0.203443 -0.510446 -25.000000
v 0.246834 -0.485604 -25.000000
v 0.203443 -0.510446 25.000000
v 0.246834 -0.485604 -25.000000
v 0.246834 -0.485604 25.000000
v 0.203443 -0.510446 25.000000
v 0.203443 -0.510446 25.000000
v 0.246834 -0.485604 25.000000
v 0.202249 -0.508042 25.014999
v 0.246834 -0.485604 25.000000
v 0.245369 -0.483355 25.014999
v 0.202249 -0.508042 25.014999
v 0.202249 -0.508042 25.014999
v 0.245369 -0.483355 25.014999
v 0.198985 -0.501475 25.025982
v 0.245369 -0.483355 25.014999
v 0.241368 -0.477211 25.025982
v 0.198985 -0.501475 25.025982
v 0.198985 -0.501475 25.025982
v 0.241368 -0.477211 25.025982
v 0.194527 -0.492505 25.029999
v 0.241368 -0.477211 25.025982
v 0.235902 -0.468817 25.029999
v 0.194527 -0.492505 25.029999
v 0.235902 -0.468817 -25.029999
v 0.274027 -0.440755 -25.029999
v 0.241368 -0.477211 -25.025980
v 0.274027 -0.440755 -25.029999
v 0.280417 -0.448468 -25.025980
v 0.241368 -0.477211 -25.025980
v 0.241368 -0.477211 -25.025980
v 0.280417 -0.448468 -25.025980
v 0.245369 -0.483355 -25.014999
v 0.280417 -0.448468 -25.025980
v 0.285095 -0.454114 -25.014999
v 0.245369 -0.483355 -25.014999
v 0.245369 -0.483355 -25.014999
v 0.285095 -0.454114 -25.014999
v 0.246834 -0.485604 -25.000000
v 0.285095 -0.454114 -25.014999
v 0.286807 -0.456181 -25.000000
v 0.246834 -0.485604 -25.000000
v 0.246834 -0.485604 -25.000000
v 0.286807 -0.456181 -25.000000
v 0.246834 -0.485604 25.000000
v 0.286807 -0.456181 -25.000000
v 0.286807 -0.456181 25.000000
v 0.246834 -0.485604 25.000000
v 0.246834 -0.485604 25.000000
v 0.286807 -0.456181 25.000000
v 0.245369 -0.483355 25.014999
v 0.286807 -0.456181 25.000000
v 0.285095 -0.454114 25.014999
v 0.245369 -0.483355 25.014999
v 0.245369 -0.483355 25.014999
v 0.285095 -0.454114 25.014999
v 0.241368 -0.477211 25.025982
v 0.285095 -0.454114 25.014999
v 0.280417 -0.448468 25.025982
v 0.241368 -0.477211 25.025982
v 0.241368 -0.477211 25.025982
v 0.280417 -0.448468 25.025982
v 0.235902 -0.468817 25.029999
v 0.280417 -0.448468 25.025982
v 0.274027 -0.440755 25.029999
v 0.235902 -0.468817 25.029999
v 0.274027 -0.440755 -25.029999
v 0.308902 -0.408317 -25.029999
v 0.280417 -0.448468 -25.025980
v 0.308902 -0.408317 -25.029999
v 0.316122 -0.415258 -25.025980
v 0.280417 -0.448468 -25.025980
v 0.280417 -0.448468 -25.025980
v 0.316122 -0.415258 -25.025980
v 0.285095 -0.454114 -25.014999
v 0.316122 -0.415258 -25.025980
v 0.321408 -0.420339 -25.014999
v 0.285095 -0.454114 -25.014999
v 0.285095 -0.454114 -25.014999
v 0.321408 -0.420339 -25.014999
v 0.286807 -0.456181 -25.000000
v 0.321408 -0.420339 -25.014999
v 0.323343 -0.422199 -25.000000
v 0.286807 -0.456181 -25.000000
v 0.286807 -0.456181 -25.000000
v 0.323343 -0.422199 -25.000000
v 0.286807 -0.456181 25.000000
v 0.323343 -0.422199 -25.000000
v 0.323343 -0.422199 25.000000
v 0.286807 -0.456181 25.000000
v 0.286807 -0.456181 25.000000
v 0.323343 -0.422199 25.000000
v 0.285095 -0.454114 25.014999
v 0.323343 -0.422199 25.000000
v 0.321408 -0.420339 25.014999
v 0.285095 -0.454114 25.014999
v 0.285095 -0.454114 25.014999
v 0.321408 -0.420339 25.014999
v 0.280417 -0.448468 25.025982
v 0.321408 -0.420339 25.014999
v 0.316122 -0.415258 25.025982
v 0.280417 -0.448468 25.025982
v 0.280417 -0.448468 25.025982
v 0.316122 -0.415258 25.025982
v 0.274027 -0.440755 25.029999
v 0.316122 -0.415258 25.025982
v 0.308902 -0.408317 25.029999
v 0.274027 -0.440755 25.029999
v 0.308902 -0.408317 -25.029999
v 0.340527 -0.371505 -25.029999
v 0.316122 -0.415258 -25.025980
v 0.340527 -0.371505 -25.029999
v 0.337127 -0.385232 -25.025980
v 0.316122 -0.415258 -25.025980
v 0.316122 -0.415258 -25.025980
v 0.337127 -0.385232 -25.025980
v 0.321408 -0.420339 -25.014999
v 0.337127 -0.385232 -25.025980
v 0.334637 -0.395281 -25.014999
v 0.321408 -0.420339 -25.014999
v 0.321408 -0.420339 -25.014999
v 0.334637 -0.395281 -25.014999
v 0.323343 -0.422199 -25.000000
v 0.334637 -0.395281 -25.014999
v 0.333726 -0.398959 -25.000000
v 0.323343 -0.422199 -25.000000
v 0.323343 -0.422199 -25.000000
v 0.333726 -0.398959 -25.000000
v 0.323343 -0.422199 25.000000
v 0.333726 -0.398959 -25.000000
v 0.333726 -0.398959 25.000000
v 0.323343 -0.422199 25.000000
v 0.323343 -0.422199 25.000000
v 0.333726 -0.398959 25.000000
v 0.321408 -0.420339 25.014999
v 0.333726 -0.398959 25.000000
v 0.334637 -0.395281 25.014999
v 0.321408 -0.420339 25.014999
v 0.321408 -0.420339 25.014999
v 0.334637 -0.395281 25.014999
v 0.316122 -0.415258 25.025982
v 0.334637 -0.395281 25.014999
v 0.337127 -0.385232 25.025982
v 0.316122 -0.415258 25.025982
v 0.316122 -0.415258 25.025982
v 0.337127 -0.385232 25.025982
v 0.308902 -0.408317 25.029999
v 0.337127 -0.385232 25.025982
v 0.340527 -0.371505 25.029999
v 0.308902 -0.408317 25.029999
v 0.340527 -0.371505 -25.029999
v 0.371527 -0.507505 -25.029999
v 0.337127 -0.385232 -25.025980
v 0.371527 -0.507505 -25.029999
v 0.363550 -0.517505 -25.025980
v 0.337127 -0.385232 -25.025980
v 0.337127 -0.385232 -25.025980
v 0.363550 -0.517505 -25.025980
v 0.334637 -0.395281 -25.014999
v 0.363550 -0.517505 -25.025980
v 0.357710 -0.524825 -25.014999
v 0.334637 -0.395281 -25.014999
v 0.334637 -0.395281 -25.014999
v 0.357710 -0.524825 -25.014999
v 0.333726 -0.398959 -25.000000
v 0.357710 -0.524825 -25.014999
v 0.355573 -0.527505 -25.000000
v 0.333726 -0.398959 -25.000000
v 0.333726 -0.398959 -25.000000
v 0.355573 -0.527505 -25.000000
v 0.333726 -0.398959 25.000000
v 0.355573 -0.527505 -25.000000
v 0.355573 -0.527505 25.000000
v 0.333726 -0.398959 25.000000
v 0.333726 -0.398959 25.000000
v 0.355573 -0.527505 25.000000
v 0.334637 -0.395281 25.014999
v 0.355573 -0.527505 25.000000
v 0.357710 -0.524825 25.014999
v 0.334637 -0.395281 25.014999
v 0.334637 -0.395281 25.014999
v 0.357710 -0.524825 25.014999
v 0.337127 -0.385232 25.025982
v 0.357710 -0.524825 25.014999
v 0.363550 -0.517505 25.025982
v 0.337127 -0.385232 25.025982
v 0.337127 -0.385232 25.025982
v 0.363550 -0.517505 25.025982
v 0.340527 -0.371505 25.029999
v 0.363550 -0.517505 25.025982
v 0.371527 -0.507505 25.029999
v 0.340527 -0.371505 25.029999
v 0.371527 -0.507505 -25.029999
v 0.460527 -0.507505 -25.029999
v 0.363550 -0.517505 -25.025980
v 0.460527 -0.507505 -25.029999
v 0.470527 -0.517505 -25.025980
v 0.363550 -0.517505 -25.025980
v 0.363550 -0.517505 -25.025980
v 0.470527 -0.517505 -25.025980
v 0.357710 -0.524825 -25.014999
v 0.470527 -0.517505 -25.025980
v 0.477847 -0.524825 -25.014999
v 0.357710 -0.524825 -25.014999
v 0.357710 -0.524825 -25.014999
v 0.477847 -0.524825 -25.014999
v 0.355573 -0.527505 -25.000000
v 0.477847 -0.524825 -25.014999
v 0.480527 -0.527505 -25.000000
v 0.355573 -0.527505 -25.000000
v 0.355573 -0.527505 -25.000000
v 0.480527 -0.527505 -25.000000
v 0.355573 -0.527505 25.000000
v 0.480527 -0.527505 -25.000000
v 0.480527 -0.527505 25.000000
v 0.355573 -0.527505 25.000000
v 0.355573 -0.527505 25.000000
v 0.480527 -0.527505 25.000000
v 0.357710 -0.524825 25.014999
v 0.480527 -0.527505 25.000000
v 0.477847 -0.524825 25.014999
v 0.357710 -0.524825 25.014999
v 0.357710 -0.524825 25.014999
v 0.477847 -0.524825 25.014999
v 0.363550 -0.517505 25.025982
v 0.477847 -0.524825 25.014999
v 0.470527 -0.517505 25.025982
v 0.363550 -0.517505 25.025982
v 0.363550 -0.517505 25.025982
v 0.470527 -0.517505 25.025982
v 0.371527 -0.507505 25.029999
v 0.470527 -0.517505 25.025982
v 0.460527 -0.507505 25.029999
v 0.371527 -0.507505 25.029999