# Generated mesh
# vertices: 4308, faces: 0

v 0.394365 -0.216500 -25.029999
v 0.386490 -0.286437 -25.029999
v 0.362865 -0.349250 -25.029999
v 0.353615 -0.076250 -25.029999
v 0.384178 -0.140687 -25.029999
v 0.394365 -0.216500 -25.029999
v 0.231365 0.018500 -25.029999
v 0.302678 -0.023187 -25.029999
v 0.353615 -0.076250 -25.029999
v 0.081365 0.060250 -25.029999
v 0.156365 0.039438 -25.029999
v 0.231365 0.018500 -25.029999
v -0.068635 0.101500 -25.029999
v 0.006365 0.080938 -25.029999
v 0.081365 0.060250 -25.029999
v 0.362365 0.208500 -25.029999
v 0.231365 0.208500 -25.029999
v 0.227365 0.255875 -25.029999
v 0.334365 0.344250 -25.029999
v 0.355365 0.280188 -25.029999
v 0.362365 0.208500 -25.029999
v 0.250365 0.449500 -25.029999
v 0.299365 0.400688 -25.029999
v 0.334365 0.344250 -25.029999
v 0.135865 0.512500 -25.029999
v 0.196490 0.486250 -25.029999
v 0.250365 0.449500 -25.029999
v -0.005635 0.533500 -25.029999
v 0.068490 0.528250 -25.029999
v 0.135865 0.512500 -25.029999
v -0.140135 0.514250 -25.029999
v -0.075760 0.528688 -25.029999
v -0.005635 0.533500 -25.029999
v -0.251635 0.456500 -25.029999
v -0.198760 0.490188 -25.029999
v -0.140135 0.514250 -25.029999
v -0.333385 0.358750 -25.029999
v -0.299322 0.411313 -25.029999
v -0.251635 0.456500 -25.029999
v -0.360635 0.231500 -25.029999
v -0.353822 0.298813 -25.029999
v -0.333385 0.358750 -25.029999
v -0.320385 0.097500 -25.029999
v -0.350572 0.159250 -25.029999
v -0.360635 0.231500 -25.029999
v -0.199635 0.005500 -25.029999
v -0.270072 0.046250 -25.029999
v -0.320385 0.097500 -25.029999
v -0.052135 -0.037000 -25.029999
v -0.126010 -0.015875 -25.029999
v -0.199635 0.005500 -25.029999
v 0.096365 -0.078500 -25.029999
v 0.021990 -0.057875 -25.029999
v -0.052135 -0.037000 -25.029999
v -0.393635 -0.170500 -25.029999
v -0.262635 -0.170500 -25.029999
v -0.258322 -0.225937 -25.029999
v -0.364635 -0.322250 -25.029999
v -0.386385 -0.250687 -25.029999
v -0.393635 -0.170500 -25.029999
v -0.277635 -0.439500 -25.029999
v -0.328385 -0.385187 -25.029999
v -0.364635 -0.322250 -25.029999
v -0.152385 -0.510000 -25.029999
v -0.218822 -0.480625 -25.029999
v -0.277635 -0.439500 -25.029999
v 0.003365 -0.533500 -25.029999
v -0.078322 -0.527625 -25.029999
v -0.152385 -0.510000 -25.029999
v 0.146115 -0.513500 -25.029999
v 0.077303 -0.528500 -25.029999
v 0.003365 -0.533500 -25.029999
v 0.268365 -0.453500 -25.029999
v 0.209803 -0.488500 -25.029999
v 0.146115 -0.513500 -25.029999
v 0.362865 -0.349250 -25.029999
v 0.323490 -0.404937 -25.029999
v 0.268365 -0.453500 -25.029999
v 0.353615 -0.076250 -25.029999
v 0.394365 -0.216500 -25.029999
v 0.362865 -0.349250 -25.029999
v 0.081365 0.060250 -25.029999
v 0.231365 0.018500 -25.029999
v 0.353615 -0.076250 -25.029999
v 0.362365 0.208500 -25.029999
v 0.227365 0.255875 -25.029999
v 0.215365 0.298000 -25.029999
v 0.250365 0.449500 -25.029999
v 0.334365 0.344250 -25.029999
v 0.362365 0.208500 -25.029999
v -0.005635 0.533500 -25.029999
v 0.135865 0.512500 -25.029999
v 0.250365 0.449500 -25.029999
v -0.251635 0.456500 -25.029999
v -0.140135 0.514250 -25.029999
v -0.005635 0.533500 -25.029999
v -0.360635 0.231500 -25.029999
v -0.333385 0.358750 -25.029999
v -0.251635 0.456500 -25.029999
v -0.199635 0.005500 -25.029999
v -0.320385 0.097500 -25.029999
v -0.360635 0.231500 -25.029999
v 0.096365 -0.078500 -25.029999
v -0.052135 -0.037000 -25.029999
v -0.199635 0.005500 -25.029999
v -0.393635 -0.170500 -25.029999
v -0.258322 -0.225937 -25.029999
v -0.245385 -0.275250 -25.029999
v -0.277635 -0.439500 -25.029999
v -0.364635 -0.322250 -25.029999
v -0.393635 -0.170500 -25.029999
v 0.003365 -0.533500 -25.029999
v -0.152385 -0.510000 -25.029999
v -0.277635 -0.439500 -25.029999
v 0.268365 -0.453500 -25.029999
v 0.146115 -0.513500 -25.029999
v 0.003365 -0.533500 -25.029999
v 0.353615 -0.076250 -25.029999
v 0.362865 -0.349250 -25.029999
v 0.268365 -0.453500 -25.029999
v -0.068635 0.101500 -25.029999
v 0.081365 0.060250 -25.029999
v 0.353615 -0.076250 -25.029999
v 0.362365 0.208500 -25.029999
v 0.215365 0.298000 -25.029999
v 0.195365 0.334875 -25.029999
v -0.005635 0.533500 -25.029999
v 0.250365 0.449500 -25.029999
v 0.362365 0.208500 -25.029999
v -0.360635 0.231500 -25.029999
v -0.251635 0.456500 -25.029999
v -0.005635 0.533500 -25.029999
v 0.096365 -0.078500 -25.029999
v -0.199635 0.005500 -25.029999
v -0.360635 0.231500 -25.029999
v -0.393635 -0.170500 -25.029999
v -0.245385 -0.275250 -25.029999
v -0.223822 -0.318437 -25.029999
v 0.268365 -0.453500 -25.029999
v 0.003365 -0.533500 -25.029999
v -0.277635 -0.439500 -25.029999
v -0.139072 0.128500 -25.029999
v -0.068635 0.101500 -25.029999
v 0.353615 -0.076250 -25.029999
v 0.362365 0.208500 -25.029999
v 0.195365 0.334875 -25.029999
v 0.167365 0.366500 -25.029999
v 0.166365 -0.107187 -25.029999
v 0.096365 -0.078500 -25.029999
v -0.360635 0.231500 -25.029999
v -0.393635 -0.170500 -25.029999
v -0.223822 -0.318437 -25.029999
v -0.193635 -0.355500 -25.029999
v -0.005635 0.533500 -25.029999
v 0.362365 0.208500 -25.029999
v 0.167365 0.366500 -25.029999
v -0.277635 -0.439500 -25.029999
v -0.393635 -0.170500 -25.029999
v -0.193635 -0.355500 -25.029999
v -0.005635 0.533500 -25.029999
v 0.167365 0.366500 -25.029999
v 0.132990 0.392313 -25.029999
v -0.277635 -0.439500 -25.029999
v -0.193635 -0.355500 -25.029999
v -0.156260 -0.384812 -25.029999
v -0.005635 0.533500 -25.029999
v 0.132990 0.392313 -25.029999
v 0.093865 0.410750 -25.029999
v -0.277635 -0.439500 -25.029999
v -0.156260 -0.384812 -25.029999
v -0.113135 -0.405750 -25.029999
v -0.005635 0.533500 -25.029999
v 0.093865 0.410750 -25.029999
v 0.049990 0.421813 -25.029999
v -0.277635 -0.439500 -25.029999
v -0.113135 -0.405750 -25.029999
v -0.064260 -0.418312 -25.029999
v -0.005635 0.533500 -25.029999
v 0.049990 0.421813 -25.029999
v 0.001365 0.425500 -25.029999
v -0.277635 -0.439500 -25.029999
v -0.064260 -0.418312 -25.029999
v -0.009635 -0.422500 -25.029999
v -0.005635 0.533500 -25.029999
v 0.001365 0.425500 -25.029999
v -0.040385 0.422875 -25.029999
v -0.277635 -0.439500 -25.029999
v -0.009635 -0.422500 -25.029999
v 0.036803 -0.419750 -25.029999
v -0.005635 0.533500 -25.029999
v -0.040385 0.422875 -25.029999
v -0.079635 0.415000 -25.029999
v 0.268365 -0.453500 -25.029999
v -0.277635 -0.439500 -25.029999
v 0.036803 -0.419750 -25.029999
v -0.005635 0.533500 -25.029999
v -0.079635 0.415000 -25.029999
v -0.116385 0.401875 -25.029999
v 0.268365 -0.453500 -25.029999
v 0.036803 -0.419750 -25.029999
v 0.081115 -0.411500 -25.029999
v -0.005635 0.533500 -25.029999
v -0.116385 0.401875 -25.029999
v -0.150635 0.383500 -25.029999
v 0.268365 -0.453500 -25.029999
v 0.081115 -0.411500 -25.029999
v 0.123303 -0.397750 -25.029999
v -0.005635 0.533500 -25.029999
v -0.150635 0.383500 -25.029999
v -0.185197 0.356500 -25.029999
v 0.268365 -0.453500 -25.029999
v 0.123303 -0.397750 -25.029999
v 0.163365 -0.378500 -25.029999
v -0.360635 0.231500 -25.029999
v -0.005635 0.533500 -25.029999
v -0.185197 0.356500 -25.029999
v 0.268365 -0.453500 -25.029999
v 0.163365 -0.378500 -25.029999
v 0.204053 -0.349437 -25.029999
v -0.360635 0.231500 -25.029999
v -0.185197 0.356500 -25.029999
v -0.209885 0.325500 -25.029999
v 0.268365 -0.453500 -25.029999
v 0.204053 -0.349437 -25.029999
v 0.233115 -0.316250 -25.029999
v -0.360635 0.231500 -25.029999
v -0.209885 0.325500 -25.029999
v -0.224697 0.290500 -25.029999
v 0.268365 -0.453500 -25.029999
v 0.233115 -0.316250 -25.029999
v 0.250553 -0.278937 -25.029999
v -0.360635 0.231500 -25.029999
v -0.224697 0.290500 -25.029999
v -0.229635 0.251500 -25.029999
v 0.268365 -0.453500 -25.029999
v 0.250553 -0.278937 -25.029999
v 0.256365 -0.237500 -25.029999
v -0.360635 0.231500 -25.029999
v -0.229635 0.251500 -25.029999
v -0.219572 0.203500 -25.029999
v 0.353615 -0.076250 -25.029999
v 0.268365 -0.453500 -25.029999
v 0.256365 -0.237500 -25.029999
v -0.360635 0.231500 -25.029999
v -0.219572 0.203500 -25.029999
v -0.189385 0.162500 -25.029999
v 0.353615 -0.076250 -25.029999
v 0.256365 -0.237500 -25.029999
v 0.246365 -0.186687 -25.029999
v -0.360635 0.231500 -25.029999
v -0.189385 0.162500 -25.029999
v -0.139072 0.128500 -25.029999
v 0.353615 -0.076250 -25.029999
v 0.246365 -0.186687 -25.029999
v 0.216365 -0.143250 -25.029999
v 0.166365 -0.107187 -25.029999
v -0.360635 0.231500 -25.029999
v -0.139072 0.128500 -25.029999
v 0.353615 -0.076250 -25.029999
v 0.216365 -0.143250 -25.029999
v 0.166365 -0.107187 -25.029999
v 0.166365 -0.107187 -25.029999
v -0.139072 0.128500 -25.029999
v 0.353615 -0.076250 -25.029999
v 0.362865 -0.349250 25.029999
v 0.386490 -0.286437 25.029999
v 0.394365 -0.216500 25.029999
v 0.394365 -0.216500 25.029999
v 0.384178 -0.140687 25.029999
v 0.353615 -0.076250 25.029999
v 0.353615 -0.076250 25.029999
v 0.302678 -0.023187 25.029999
v 0.231365 0.018500 25.029999
v 0.231365 0.018500 25.029999
v 0.156365 0.039438 25.029999
v 0.081365 0.060250 25.029999
v 0.081365 0.060250 25.029999
v 0.006365 0.080938 25.029999
v -0.068635 0.101500 25.029999
v 0.227365 0.255875 25.029999
v 0.231365 0.208500 25.029999
v 0.362365 0.208500 25.029999
v 0.362365 0.208500 25.029999
v 0.355365 0.280188 25.029999
v 0.334365 0.344250 25.029999
v 0.334365 0.344250 25.029999
v 0.299365 0.400688 25.029999
v 0.250365 0.449500 25.029999
v 0.250365 0.449500 25.029999
v 0.196490 0.486250 25.029999
v 0.135865 0.512500 25.029999
v 0.135865 0.512500 25.029999
v 0.068490 0.528250 25.029999
v -0.005635 0.533500 25.029999
v -0.005635 0.533500 25.029999
v -0.075760 0.528688 25.029999
v -0.140135 0.514250 25.029999
v -0.140135 0.514250 25.029999
v -0.198760 0.490188 25.029999
v -0.251635 0.456500 25.029999
v -0.251635 0.456500 25.029999
v -0.299322 0.411313 25.029999
v -0.333385 0.358750 25.029999
v -0.333385 0.358750 25.029999
v -0.353822 0.298813 25.029999
v -0.360635 0.231500 25.029999
v -0.360635 0.231500 25.029999
v -0.350572 0.159250 25.029999
v -0.320385 0.097500 25.029999
v -0.320385 0.097500 25.029999
v -0.270072 0.046250 25.029999
v -0.199635 0.005500 25.029999
v -0.199635 0.005500 25.029999
v -0.126010 -0.015875 25.029999
v -0.052135 -0.037000 25.029999
v -0.052135 -0.037000 25.029999
v 0.021990 -0.057875 25.029999
v 0.096365 -0.078500 25.029999
v -0.258322 -0.225937 25.029999
v -0.262635 -0.170500 25.029999
v -0.393635 -0.170500 25.029999
v -0.393635 -0.170500 25.029999
v -0.386385 -0.250687 25.029999
v -0.364635 -0.322250 25.029999
v -0.364635 -0.322250 25.029999
v -0.328385 -0.385187 25.029999
v -0.277635 -0.439500 25.029999
v -0.277635 -0.439500 25.029999
v -0.218822 -0.480625 25.029999
v -0.152385 -0.510000 25.029999
v -0.152385 -0.510000 25.029999
v -0.078322 -0.527625 25.029999
v 0.003365 -0.533500 25.029999
v 0.003365 -0.533500 25.029999
v 0.077303 -0.528500 25.029999
v 0.146115 -0.513500 25.029999
v 0.146115 -0.513500 25.029999
v 0.209803 -0.488500 25.029999
v 0.268365 -0.453500 25.029999
v 0.268365 -0.453500 25.029999
v 0.323490 -0.404937 25.029999
v 0.362865 -0.349250 25.029999
v 0.362865 -0.349250 25.029999
v 0.394365 -0.216500 25.029999
v 0.353615 -0.076250 25.029999
v 0.353615 -0.076250 25.029999
v 0.231365 0.018500 25.029999
v 0.081365 0.060250 25.029999
v 0.215365 0.298000 25.029999
v 0.227365 0.255875 25.029999
v 0.362365 0.208500 25.029999
v 0.362365 0.208500 25.029999
v 0.334365 0.344250 25.029999
v 0.250365 0.449500 25.029999
v 0.250365 0.449500 25.029999
v 0.135865 0.512500 25.029999
v -0.005635 0.533500 25.029999
v -0.005635 0.533500 25.029999
v -0.140135 0.514250 25.029999
v -0.251635 0.456500 25.029999
v -0.251635 0.456500 25.029999
v -0.333385 0.358750 25.029999
v -0.360635 0.231500 25.029999
v -0.360635 0.231500 25.029999
v -0.320385 0.097500 25.029999
v -0.199635 0.005500 25.029999
v -0.199635 0.005500 25.029999
v -0.052135 -0.037000 25.029999
v 0.096365 -0.078500 25.029999
v -0.245385 -0.275250 25.029999
v -0.258322 -0.225937 25.029999
v -0.393635 -0.170500 25.029999
v -0.393635 -0.170500 25.029999
v -0.364635 -0.322250 25.029999
v -0.277635 -0.439500 25.029999
v -0.277635 -0.439500 25.029999
v -0.152385 -0.510000 25.029999
v 0.003365 -0.533500 25.029999
v 0.003365 -0.533500 25.029999
v 0.146115 -0.513500 25.029999
v 0.268365 -0.453500 25.029999
v 0.268365 -0.453500 25.029999
v 0.362865 -0.349250 25.029999
v 0.353615 -0.076250 25.029999
v 0.353615 -0.076250 25.029999
v 0.081365 0.060250 25.029999
v -0.068635 0.101500 25.029999
v 0.195365 0.334875 25.029999
v 0.215365 0.298000 25.029999
v 0.362365 0.208500 25.029999
v 0.362365 0.208500 25.029999
v 0.250365 0.449500 25.029999
v -0.005635 0.533500 25.029999
v -0.005635 0.533500 25.029999
v -0.251635 0.456500 25.029999
v -0.360635 0.231500 25.029999
v -0.360635 0.231500 25.029999
v -0.199635 0.005500 25.029999
v 0.096365 -0.078500 25.029999
v -0.223822 -0.318437 25.029999
v -0.245385 -0.275250 25.029999
v -0.393635 -0.170500 25.029999
v -0.277635 -0.439500 25.029999
v 0.003365 -0.533500 25.029999
v 0.268365 -0.453500 25.029999
v 0.353615 -0.076250 25.029999
v -0.068635 0.101500 25.029999
v -0.139072 0.128500 25.029999
v 0.167365 0.366500 25.029999
v 0.195365 0.334875 25.029999
v 0.362365 0.208500 25.029999
v -0.360635 0.231500 25.029999
v 0.096365 -0.078500 25.029999
v 0.166365 -0.107187 25.029999
v -0.193635 -0.355500 25.029999
v -0.223822 -0.318437 25.029999
v -0.393635 -0.170500 25.029999
v 0.167365 0.366500 25.029999
v 0.362365 0.208500 25.029999
v -0.005635 0.533500 25.029999
v -0.193635 -0.355500 25.029999
v -0.393635 -0.170500 25.029999
v -0.277635 -0.439500 25.029999
v 0.132990 0.392313 25.029999
v 0.167365 0.366500 25.029999
v -0.005635 0.533500 25.029999
v -0.156260 -0.384812 25.029999
v -0.193635 -0.355500 25.029999
v -0.277635 -0.439500 25.029999
v 0.093865 0.410750 25.029999
v 0.132990 0.392313 25.029999
v -0.005635 0.533500 25.029999
v -0.113135 -0.405750 25.029999
v -0.156260 -0.384812 25.029999
v -0.277635 -0.439500 25.029999
v 0.049990 0.421813 25.029999
v 0.093865 0.410750 25.029999
v -0.005635 0.533500 25.029999
v -0.064260 -0.418312 25.029999
v -0.113135 -0.405750 25.029999
v -0.277635 -0.439500 25.029999
v 0.001365 0.425500 25.029999
v 0.049990 0.421813 25.029999
v -0.005635 0.533500 25.029999
v -0.009635 -0.422500 25.029999
v -0.064260 -0.418312 25.029999
v -0.277635 -0.439500 25.029999
v -0.040385 0.422875 25.029999
v 0.001365 0.425500 25.029999
v -0.005635 0.533500 25.029999
v 0.036803 -0.419750 25.029999
v -0.009635 -0.422500 25.029999
v -0.277635 -0.439500 25.029999
v -0.079635 0.415000 25.029999
v -0.040385 0.422875 25.029999
v -0.005635 0.533500 25.029999
v 0.036803 -0.419750 25.029999
v -0.277635 -0.439500 25.029999
v 0.268365 -0.453500 25.029999
v -0.116385 0.401875 25.029999
v -0.079635 0.415000 25.029999
v -0.005635 0.533500 25.029999
v 0.081115 -0.411500 25.029999
v 0.036803 -0.419750 25.029999
v 0.268365 -0.453500 25.029999
v -0.150635 0.383500 25.029999
v -0.116385 0.401875 25.029999
v -0.005635 0.533500 25.029999
v 0.123303 -0.397750 25.029999
v 0.081115 -0.411500 25.029999
v 0.268365 -0.453500 25.029999
v -0.185197 0.356500 25.029999
v -0.150635 0.383500 25.029999
v -0.005635 0.533500 25.029999
v 0.163365 -0.378500 25.029999
v 0.123303 -0.397750 25.029999
v 0.268365 -0.453500 25.029999
v -0.185197 0.356500 25.029999
v -0.005635 0.533500 25.029999
v -0.360635 0.231500 25.029999
v 0.204053 -0.349437 25.029999
v 0.163365 -0.378500 25.029999
v 0.268365 -0.453500 25.029999
v -0.209885 0.325500 25.029999
v -0.185197 0.356500 25.029999
v -0.360635 0.231500 25.029999
v 0.233115 -0.316250 25.029999
v 0.204053 -0.349437 25.029999
v 0.268365 -0.453500 25.029999
v -0.224697 0.290500 25.029999
v -0.209885 0.325500 25.029999
v -0.360635 0.231500 25.029999
v 0.250553 -0.278937 25.029999
v 0.233115 -0.316250 25.029999
v 0.268365 -0.453500 25.029999
v -0.229635 0.251500 25.029999
v -0.224697 0.290500 25.029999
v -0.360635 0.231500 25.029999
v 0.256365 -0.237500 25.029999
v 0.250553 -0.278937 25.029999
v 0.268365 -0.453500 25.029999
v -0.219572 0.203500 25.029999
v -0.229635 0.251500 25.029999
v -0.360635 0.231500 25.029999
v 0.256365 -0.237500 25.029999
v 0.268365 -0.453500 25.029999
v 0.353615 -0.076250 25.029999
v -0.189385 0.162500 25.029999
v -0.219572 0.203500 25.029999
v -0.360635 0.231500 25.029999
v 0.246365 -0.186687 25.029999
v 0.256365 -0.237500 25.029999
v 0.353615 -0.076250 25.029999
v -0.139072 0.128500 25.029999
v -0.189385 0.162500 25.029999
v -0.360635 0.231500 25.029999
v 0.216365 -0.143250 25.029999
v 0.246365 -0.186687 25.029999
v 0.353615 -0.076250 25.029999
v -0.139072 0.128500 25.029999
v -0.360635 0.231500 25.029999
v 0.166365 -0.107187 25.029999
v 0.166365 -0.107187 25.029999
v 0.216365 -0.143250 25.029999
v 0.353615 -0.076250 25.029999
v 0.353615 -0.076250 25.029999
v -0.139072 0.128500 25.029999
v 0.166365 -0.107187 25.029999
v 0.394365 -0.216500 -25.029999
v 0.384178 -0.140687 -25.029999
v 0.404441 -0.216392 -25.025980
v 0.384178 -0.140687 -25.029999
v 0.393881 -0.137811 -25.025980
v 0.404441 -0.216392 -25.025980
v 0.404441 -0.216392 -25.025980
v 0.393881 -0.137811 -25.025980
v 0.411816 -0.216313 -25.014999
v 0.393881 -0.137811 -25.025980
v 0.400984 -0.135705 -25.014999
v 0.411816 -0.216313 -25.014999
v 0.411816 -0.216313 -25.014999
v 0.400984 -0.135705 -25.014999
v 0.414516 -0.216284 -25.000000
v 0.400984 -0.135705 -25.014999
v 0.403584 -0.134934 -25.000000
v 0.414516 -0.216284 -25.000000
v 0.414516 -0.216284 -25.000000
v 0.403584 -0.134934 -25.000000
v 0.414516 -0.216284 25.000000
v 0.403584 -0.134934 -25.000000
v 0.403584 -0.134934 25.000000
v 0.414516 -0.216284 25.000000
v 0.414516 -0.216284 25.000000
v 0.403584 -0.134934 25.000000
v 0.411816 -0.216313 25.014999
v 0.403584 -0.134934 25.000000
v 0.400984 -0.135705 25.014999
v 0.411816 -0.216313 25.014999
v 0.411816 -0.216313 25.014999
v 0.400984 -0.135705 25.014999
v 0.404441 -0.216392 25.025982
v 0.400984 -0.135705 25.014999
v 0.393881 -0.137811 25.025982
v 0.404441 -0.216392 25.025982
v 0.404441 -0.216392 25.025982
v 0.393881 -0.137811 25.025982
v 0.394365 -0.216500 25.029999
v 0.393881 -0.137811 25.025982
v 0.384178 -0.140687 25.029999
v 0.394365 -0.216500 25.029999
v 0.384178 -0.140687 -25.029999
v 0.353615 -0.076250 -25.029999
v 0.393881 -0.137811 -25.025980
v 0.353615 -0.076250 -25.029999
v 0.361954 -0.070497 -25.025980
v 0.393881 -0.137811 -25.025980
v 0.393881 -0.137811 -25.025980
v 0.361954 -0.070497 -25.025980
v 0.400984 -0.135705 -25.014999
v 0.361954 -0.070497 -25.025980
v 0.368059 -0.066285 -25.014999
v 0.400984 -0.135705 -25.014999
v 0.400984 -0.135705 -25.014999
v 0.368059 -0.066285 -25.014999
v 0.403584 -0.134934 -25.000000
v 0.368059 -0.066285 -25.014999
v 0.370293 -0.064744 -25.000000
v 0.403584 -0.134934 -25.000000
v 0.403584 -0.134934 -25.000000
v 0.370293 -0.064744 -25.000000
v 0.403584 -0.134934 25.000000
v 0.370293 -0.064744 -25.000000
v 0.370293 -0.064744 25.000000
v 0.403584 -0.134934 25.000000
v 0.403584 -0.134934 25.000000
v 0.370293 -0.064744 25.000000
v 0.400984 -0.135705 25.014999
v 0.370293 -0.064744 25.000000
v 0.368059 -0.066285 25.014999
v 0.400984 -0.135705 25.014999
v 0.400984 -0.135705 25.014999
v 0.368059 -0.066285 25.014999
v 0.393881 -0.137811 25.025982
v 0.368059 -0.066285 25.014999
v 0.361954 -0.070497 25.025982
v 0.393881 -0.137811 25.025982
v 0.393881 -0.137811 25.025982
v 0.361954 -0.070497 25.025982
v 0.384178 -0.140687 25.029999
v 0.361954 -0.070497 25.025982
v 0.353615 -0.076250 25.029999
v 0.384178 -0.140687 25.029999
v 0.353615 -0.076250 -25.029999
v 0.302678 -0.023187 -25.029999
v 0.361954 -0.070497 -25.025980
v 0.302678 -0.023187 -25.029999
v 0.308927 -0.015257 -25.025980
v 0.361954 -0.070497 -25.025980
v 0.361954 -0.070497 -25.025980
v 0.308927 -0.015257 -25.025980
v 0.368059 -0.066285 -25.014999
v 0.308927 -0.015257 -25.025980
v 0.313502 -0.009452 -25.014999
v 0.368059 -0.066285 -25.014999
v 0.368059 -0.066285 -25.014999
v 0.313502 -0.009452 -25.014999
v 0.370293 -0.064744 -25.000000
v 0.313502 -0.009452 -25.014999
v 0.315176 -0.007327 -25.000000
v 0.370293 -0.064744 -25.000000
v 0.370293 -0.064744 -25.000000
v 0.315176 -0.007327 -25.000000
v 0.370293 -0.064744 25.000000
v 0.315176 -0.007327 -25.000000
v 0.315176 -0.007327 25.000000
v 0.370293 -0.064744 25.000000
v 0.370293 -0.064744 25.000000
v 0.315176 -0.007327 25.000000
v 0.368059 -0.066285 25.014999
v 0.315176 -0.007327 25.000000
v 0.313502 -0.009452 25.014999
v 0.368059 -0.066285 25.014999
v 0.368059 -0.066285 25.014999
v 0.313502 -0.009452 25.014999
v 0.361954 -0.070497 25.025982
v 0.313502 -0.009452 25.014999
v 0.308927 -0.015257 25.025982
v 0.361954 -0.070497 25.025982
v 0.361954 -0.070497 25.025982
v 0.308927 -0.015257 25.025982
v 0.353615 -0.076250 25.029999
v 0.308927 -0.015257 25.025982
v 0.302678 -0.023187 25.029999
v 0.353615 -0.076250 25.029999
v 0.302678 -0.023187 -25.029999
v 0.231365 0.018500 -25.029999
v 0.308927 -0.015257 -25.025980
v 0.231365 0.018500 -25.029999
v 0.235297 0.027785 -25.025980
v 0.308927 -0.015257 -25.025980
v 0.308927 -0.015257 -25.025980
v 0.235297 0.027785 -25.025980
v 0.313502 -0.009452 -25.014999
v 0.235297 0.027785 -25.025980
v 0.238176 0.034581 -25.014999
v 0.313502 -0.009452 -25.014999
v 0.313502 -0.009452 -25.014999
v 0.238176 0.034581 -25.014999
v 0.315176 -0.007327 -25.000000
v 0.238176 0.034581 -25.014999
v 0.239230 0.037069 -25.000000
v 0.315176 -0.007327 -25.000000
v 0.315176 -0.007327 -25.000000
v 0.239230 0.037069 -25.000000
v 0.315176 -0.007327 25.000000
v 0.239230 0.037069 -25.000000
v 0.239230 0.037069 25.000000
v 0.315176 -0.007327 25.000000
v 0.315176 -0.007327 25.000000
v 0.239230 0.037069 25.000000
v 0.313502 -0.009452 25.014999
v 0.239230 0.037069 25.000000
v 0.238176 0.034581 25.014999
v 0.313502 -0.009452 25.014999
v 0.313502 -0.009452 25.014999
v 0.238176 0.034581 25.014999
v 0.308927 -0.015257 25.025982
v 0.238176 0.034581 25.014999
v 0.235297 0.027785 25.025982
v 0.308927 -0.015257 25.025982
v 0.308927 -0.015257 25.025982
v 0.235297 0.027785 25.025982
v 0.302678 -0.023187 25.029999
v 0.235297 0.027785 25.025982
v 0.231365 0.018500 25.029999
v 0.302678 -0.023187 25.029999
v 0.231365 0.018500 -25.029999
v 0.156365 0.039438 -25.029999
v 0.235297 0.027785 -25.025980
v 0.156365 0.039438 -25.029999
v 0.159047 0.049071 -25.025980
v 0.235297 0.027785 -25.025980
v 0.235297 0.027785 -25.025980
v 0.159047 0.049071 -25.025980
v 0.238176 0.034581 -25.014999
v 0.159047 0.049071 -25.025980
v 0.161010 0.056124 -25.014999
v 0.238176 0.034581 -25.014999
v 0.238176 0.034581 -25.014999
v 0.161010 0.056124 -25.014999
v 0.239230 0.037069 -25.000000
v 0.161010 0.056124 -25.014999
v 0.161728 0.058705 -25.000000
v 0.239230 0.037069 -25.000000
v 0.239230 0.037069 -25.000000
v 0.161728 0.058705 -25.000000
v 0.239230 0.037069 25.000000
v 0.161728 0.058705 -25.000000
v 0.161728 0.058705 25.000000
v 0.239230 0.037069 25.000000
v 0.239230 0.037069 25.000000
v 0.161728 0.058705 25.000000
v 0.238176 0.034581 25.014999
v 0.161728 0.058705 25.000000
v 0.161010 0.056124 25.014999
v 0.238176 0.034581 25.014999
v 0.238176 0.034581 25.014999
v 0.161010 0.056124 25.014999
v 0.235297 0.027785 25.025982
v 0.161010 0.056124 25.014999
v 0.159047 0.049071 25.025982
v 0.235297 0.027785 25.025982
v 0.235297 0.027785 25.025982
v 0.159047 0.049071 25.025982
v 0.231365 0.018500 25.029999
v 0.159047 0.049071 25.025982
v 0.156365 0.039438 25.029999
v 0.231365 0.018500 25.029999
v 0.156365 0.039438 -25.029999
v 0.081365 0.060250 -25.029999
v 0.159047 0.049071 -25.025980
v 0.081365 0.060250 -25.029999
v 0.084032 0.069888 -25.025980
v 0.159047 0.049071 -25.025980
v 0.159047 0.049071 -25.025980
v 0.084032 0.069888 -25.025980
v 0.161010 0.056124 -25.014999
v 0.084032 0.069888 -25.025980
v 0.085984 0.076943 -25.014999
v 0.161010 0.056124 -25.014999
v 0.161010 0.056124 -25.014999
v 0.085984 0.076943 -25.014999
v 0.161728 0.058705 -25.000000
v 0.085984 0.076943 -25.014999
v 0.086698 0.079526 -25.000000
v 0.161728 0.058705 -25.000000
v 0.161728 0.058705 -25.000000
v 0.086698 0.079526 -25.000000
v 0.161728 0.058705 25.000000
v 0.086698 0.079526 -25.000000
v 0.086698 0.079526 25.000000
v 0.161728 0.058705 25.000000
v 0.161728 0.058705 25.000000
v 0.086698 0.079526 25.000000
v 0.161010 0.056124 25.014999
v 0.086698 0.079526 25.000000
v 0.085984 0.076943 25.014999
v 0.161010 0.056124 25.014999
v 0.161010 0.056124 25.014999
v 0.085984 0.076943 25.014999
v 0.159047 0.049071 25.025982
v 0.085984 0.076943 25.014999
v 0.084032 0.069888 25.025982
v 0.159047 0.049071 25.025982
v 0.159047 0.049071 25.025982
v 0.084032 0.069888 25.025982
v 0.156365 0.039438 25.029999
v 0.084032 0.069888 25.025982
v 0.081365 0.060250 25.029999
v 0.156365 0.039438 25.029999
v 0.081365 0.060250 -25.029999
v 0.006365 0.080938 -25.029999
v 0.084032 0.069888 -25.025980
v 0.006365 0.080938 -25.029999
v 0.009017 0.090580 -25.025980
v 0.084032 0.069888 -25.025980
v 0.084032 0.069888 -25.025980
v 0.009017 0.090580 -25.025980
v 0.085984 0.076943 -25.014999
v 0.009017 0.090580 -25.025980
v 0.010958 0.097638 -25.014999
v 0.085984 0.076943 -25.014999
v 0.085984 0.076943 -25.014999
v 0.010958 0.097638 -25.014999
v 0.086698 0.079526 -25.000000
v 0.010958 0.097638 -25.014999
v 0.011668 0.100222 -25.000000
v 0.086698 0.079526 -25.000000
v 0.086698 0.079526 -25.000000
v 0.011668 0.100222 -25.000000
v 0.086698 0.079526 25.000000
v 0.011668 0.100222 -25.000000
v 0.011668 0.100222 25.000000
v 0.086698 0.079526 25.000000
v 0.086698 0.079526 25.000000
v 0.011668 0.100222 25.000000
v 0.085984 0.076943 25.014999
v 0.011668 0.100222 25.000000
v 0.010958 0.097638 25.014999
v 0.085984 0.076943 25.014999
v 0.085984 0.076943 25.014999
v 0.010958 0.097638 25.014999
v 0.084032 0.069888 25.025982
v 0.010958 0.097638 25.014999
v 0.009017 0.090580 25.025982
v 0.084032 0.069888 25.025982
v 0.084032 0.069888 25.025982
v 0.009017 0.090580 25.025982
v 0.081365 0.060250 25.029999
v 0.009017 0.090580 25.025982
v 0.006365 0.080938 25.029999
v 0.081365 0.060250 25.029999
v 0.006365 0.080938 -25.029999
v -0.068635 0.101500 -25.029999
v 0.009017 0.090580 -25.025980
v -0.068635 0.101500 -25.029999
v -0.065516 0.111014 -25.025980
v 0.009017 0.090580 -25.025980
v 0.009017 0.090580 -25.025980
v -0.065516 0.111014 -25.025980
v 0.010958 0.097638 -25.014999
v -0.065516 0.111014 -25.025980
v -0.063232 0.117978 -25.014999
v 0.010958 0.097638 -25.014999
v 0.010958 0.097638 -25.014999
v -0.063232 0.117978 -25.014999
v 0.011668 0.100222 -25.000000
v -0.063232 0.117978 -25.014999
v -0.062396 0.120528 -25.000000
v 0.011668 0.100222 -25.000000
v 0.011668 0.100222 -25.000000
v -0.062396 0.120528 -25.000000
v 0.011668 0.100222 25.000000
v -0.062396 0.120528 -25.000000
v -0.062396 0.120528 25.000000
v 0.011668 0.100222 25.000000
v 0.011668 0.100222 25.000000
v -0.062396 0.120528 25.000000
v 0.010958 0.097638 25.014999
v -0.062396 0.120528 25.000000
v -0.063232 0.117978 25.014999
v 0.010958 0.097638 25.014999
v 0.010958 0.097638 25.014999
v -0.063232 0.117978 25.014999
v 0.009017 0.090580 25.025982
v -0.063232 0.117978 25.014999
v -0.065516 0.111014 25.025982
v 0.009017 0.090580 25.025982
v 0.009017 0.090580 25.025982
v -0.065516 0.111014 25.025982
v 0.006365 0.080938 25.029999
v -0.065516 0.111014 25.025982
v -0.068635 0.101500 25.029999
v 0.006365 0.080938 25.029999
v -0.068635 0.101500 -25.029999
v -0.139072 0.128500 -25.029999
v -0.065516 0.111014 -25.025980
v -0.139072 0.128500 -25.029999
v -0.134423 0.137427 -25.025980
v -0.065516 0.111014 -25.025980
v -0.065516 0.111014 -25.025980
v -0.134423 0.137427 -25.025980
v -0.063232 0.117978 -25.014999
v -0.134423 0.137427 -25.025980
v -0.131019 0.143963 -25.014999
v -0.063232 0.117978 -25.014999
v -0.063232 0.117978 -25.014999
v -0.131019 0.143963 -25.014999
v -0.062396 0.120528 -25.000000
v -0.131019 0.143963 -25.014999
v -0.129773 0.146355 -25.000000
v -0.062396 0.120528 -25.000000
v -0.062396 0.120528 -25.000000
v -0.129773 0.146355 -25.000000
v -0.062396 0.120528 25.000000
v -0.129773 0.146355 -25.000000
v -0.129773 0.146355 25.000000
v -0.062396 0.120528 25.000000
v -0.062396 0.120528 25.000000
v -0.129773 0.146355 25.000000
v -0.063232 0.117978 25.014999
v -0.129773 0.146355 25.000000
v -0.131019 0.143963 25.014999
v -0.063232 0.117978 25.014999
v -0.063232 0.117978 25.014999
v -0.131019 0.143963 25.014999
v -0.065516 0.111014 25.025982
v -0.131019 0.143963 25.014999
v -0.134423 0.137427 25.025982
v -0.065516 0.111014 25.025982
v -0.065516 0.111014 25.025982
v -0.134423 0.137427 25.025982
v -0.068635 0.101500 25.029999
v -0.134423 0.137427 25.025982
v -0.139072 0.128500 25.029999
v -0.068635 0.101500 25.029999
v -0.139072 0.128500 -25.029999
v -0.189385 0.162500 -25.029999
v -0.134423 0.137427 -25.025980
v -0.189385 0.162500 -25.029999
v -0.182356 0.169819 -25.025980
v -0.134423 0.137427 -25.025980
v -0.134423 0.137427 -25.025980
v -0.182356 0.169819 -25.025980
v -0.131019 0.143963 -25.014999
v -0.182356 0.169819 -25.025980
v -0.177210 0.175177 -25.014999
v -0.131019 0.143963 -25.014999
v -0.131019 0.143963 -25.014999
v -0.177210 0.175177 -25.014999
v -0.129773 0.146355 -25.000000
v -0.177210 0.175177 -25.014999
v -0.175326 0.177138 -25.000000
v -0.129773 0.146355 -25.000000
v -0.129773 0.146355 -25.000000
v -0.175326 0.177138 -25.000000
v -0.129773 0.146355 25.000000
v -0.175326 0.177138 -25.000000
v -0.175326 0.177138 25.000000
v -0.129773 0.146355 25.000000
v -0.129773 0.146355 25.000000
v -0.175326 0.177138 25.000000
v -0.131019 0.143963 25.014999
v -0.175326 0.177138 25.000000
v -0.177210 0.175177 25.014999
v -0.131019 0.143963 25.014999
v -0.131019 0.143963 25.014999
v -0.177210 0.175177 25.014999
v -0.134423 0.137427 25.025982
v -0.177210 0.175177 25.014999
v -0.182356 0.169819 25.025982
v -0.134423 0.137427 25.025982
v -0.134423 0.137427 25.025982
v -0.182356 0.169819 25.025982
v -0.139072 0.128500 25.029999
v -0.182356 0.169819 25.025982
v -0.189385 0.162500 25.029999
v -0.139072 0.128500 25.029999
v -0.189385 0.162500 -25.029999
v -0.219572 0.203500 -25.029999
v -0.182356 0.169819 -25.025980
v -0.219572 0.203500 -25.029999
v -0.210231 0.207679 -25.025980
v -0.182356 0.169819 -25.025980
v -0.182356 0.169819 -25.025980
v -0.210231 0.207679 -25.025980
v -0.177210 0.175177 -25.014999
v -0.210231 0.207679 -25.025980
v -0.203393 0.210738 -25.014999
v -0.177210 0.175177 -25.014999
v -0.177210 0.175177 -25.014999
v -0.203393 0.210738 -25.014999
v -0.175326 0.177138 -25.000000
v -0.203393 0.210738 -25.014999
v -0.200890 0.211858 -25.000000
v -0.175326 0.177138 -25.000000
v -0.175326 0.177138 -25.000000
v -0.200890 0.211858 -25.000000
v -0.175326 0.177138 25.000000
v -0.200890 0.211858 -25.000000
v -0.200890 0.211858 25.000000
v -0.175326 0.177138 25.000000
v -0.175326 0.177138 25.000000
v -0.200890 0.211858 25.000000
v -0.177210 0.175177 25.014999
v -0.200890 0.211858 25.000000
v -0.203393 0.210738 25.014999
v -0.177210 0.175177 25.014999
v -0.177210 0.175177 25.014999
v -0.203393 0.210738 25.014999
v -0.182356 0.169819 25.025982
v -0.203393 0.210738 25.014999
v -0.210231 0.207679 25.025982
v -0.182356 0.169819 25.025982
v -0.182356 0.169819 25.025982
v -0.210231 0.207679 25.025982
v -0.189385 0.162500 25.029999
v -0.210231 0.207679 25.025982
v -0.219572 0.203500 25.029999
v -0.189385 0.162500 25.029999
v -0.219572 0.203500 -25.029999
v -0.229635 0.251500 -25.029999
v -0.210231 0.207679 -25.025980
v -0.229635 0.251500 -25.029999
v -0.219503 0.251909 -25.025980
v -0.210231 0.207679 -25.025980
v -0.210231 0.207679 -25.025980
v -0.219503 0.251909 -25.025980
v -0.203393 0.210738 -25.014999
v -0.219503 0.251909 -25.025980
v -0.212086 0.252209 -25.014999
v -0.203393 0.210738 -25.014999
v -0.203393 0.210738 -25.014999
v -0.212086 0.252209 -25.014999
v -0.200890 0.211858 -25.000000
v -0.212086 0.252209 -25.014999
v -0.209372 0.252318 -25.000000
v -0.200890 0.211858 -25.000000
v -0.200890 0.211858 -25.000000
v -0.209372 0.252318 -25.000000
v -0.200890 0.211858 25.000000
v -0.209372 0.252318 -25.000000
v -0.209372 0.252318 25.000000
v -0.200890 0.211858 25.000000
v -0.200890 0.211858 25.000000
v -0.209372 0.252318 25.000000
v -0.203393 0.210738 25.014999
v -0.209372 0.252318 25.000000
v -0.212086 0.252209 25.014999
v -0.203393 0.210738 25.014999
v -0.203393 0.210738 25.014999
v -0.212086 0.252209 25.014999
v -0.210231 0.207679 25.025982
v -0.212086 0.252209 25.014999
v -0.219503 0.251909 25.025982
v -0.210231 0.207679 25.025982
v -0.210231 0.207679 25.025982
v -0.219503 0.251909 25.025982
v -0.219572 0.203500 25.029999
v -0.219503 0.251909 25.025982
v -0.229635 0.251500 25.029999
v -0.219572 0.203500 25.029999
v -0.229635 0.251500 -25.029999
v -0.224697 0.290500 -25.029999
v -0.219503 0.251909 -25.025980
v -0.224697 0.290500 -25.029999
v -0.214950 0.287874 -25.025980
v -0.219503 0.251909 -25.025980
v -0.219503 0.251909 -25.025980
v -0.214950 0.287874 -25.025980
v -0.212086 0.252209 -25.014999
v -0.214950 0.287874 -25.025980
v -0.207814 0.285952 -25.014999
v -0.212086 0.252209 -25.014999
v -0.212086 0.252209 -25.014999
v -0.207814 0.285952 -25.014999
v -0.209372 0.252318 -25.000000
v -0.207814 0.285952 -25.014999
v -0.205203 0.285248 -25.000000
v -0.209372 0.252318 -25.000000
v -0.209372 0.252318 -25.000000
v -0.205203 0.285248 -25.000000
v -0.209372 0.252318 25.000000
v -0.205203 0.285248 -25.000000
v -0.205203 0.285248 25.000000
v -0.209372 0.252318 25.000000
v -0.209372 0.252318 25.000000
v -0.205203 0.285248 25.000000
v -0.212086 0.252209 25.014999
v -0.205203 0.285248 25.000000
v -0.207814 0.285952 25.014999
v -0.212086 0.252209 25.014999
v -0.212086 0.252209 25.014999
v -0.207814 0.285952 25.014999
v -0.219503 0.251909 25.025982
v -0.207814 0.285952 25.014999
v -0.214950 0.287874 25.025982
v -0.219503 0.251909 25.025982
v -0.219503 0.251909 25.025982
v -0.214950 0.287874 25.025982
v -0.229635 0.251500 25.029999
v -0.214950 0.287874 25.025982
v -0.224697 0.290500 25.029999
v -0.229635 0.251500 25.029999
v -0.224697 0.290500 -25.029999
v -0.209885 0.325500 -25.029999
v -0.214950 0.287874 -25.025980
v -0.209885 0.325500 -25.029999
v -0.201209 0.320342 -25.025980
v -0.214950 0.287874 -25.025980
v -0.214950 0.287874 -25.025980
v -0.201209 0.320342 -25.025980
v -0.207814 0.285952 -25.014999
v -0.201209 0.320342 -25.025980
v -0.194858 0.316565 -25.014999
v -0.207814 0.285952 -25.014999
v -0.207814 0.285952 -25.014999
v -0.194858 0.316565 -25.014999
v -0.205203 0.285248 -25.000000
v -0.194858 0.316565 -25.014999
v -0.192534 0.315183 -25.000000
v -0.205203 0.285248 -25.000000
v -0.205203 0.285248 -25.000000
v -0.192534 0.315183 -25.000000
v -0.205203 0.285248 25.000000
v -0.192534 0.315183 -25.000000
v -0.192534 0.315183 25.000000
v -0.205203 0.285248 25.000000
v -0.205203 0.285248 25.000000
v -0.192534 0.315183 25.000000
v -0.207814 0.285952 25.014999
v -0.192534 0.315183 25.000000
v -0.194858 0.316565 25.014999
v -0.207814 0.285952 25.014999
v -0.207814 0.285952 25.014999
v -0.194858 0.316565 25.014999
v -0.214950 0.287874 25.025982
v -0.194858 0.316565 25.014999
v -0.201209 0.320342 25.025982
v -0.214950 0.287874 25.025982
v -0.214950 0.287874 25.025982
v -0.201209 0.320342 25.025982
v -0.224697 0.290500 25.029999
v -0.201209 0.320342 25.025982
v -0.209885 0.325500 25.029999
v -0.224697 0.290500 25.029999
v -0.209885 0.325500 -25.029999
v -0.185197 0.356500 -25.029999
v -0.201209 0.320342 -25.025980
v -0.185197 0.356500 -25.029999
v -0.178111 0.349347 -25.025980
v -0.201209 0.320342 -25.025980
v -0.201209 0.320342 -25.025980
v -0.178111 0.349347 -25.025980
v -0.194858 0.316565 -25.014999
v -0.178111 0.349347 -25.025980
v -0.172923 0.344110 -25.014999
v -0.194858 0.316565 -25.014999
v -0.194858 0.316565 -25.014999
v -0.172923 0.344110 -25.014999
v -0.192534 0.315183 -25.000000
v -0.172923 0.344110 -25.014999
v -0.171024 0.342193 -25.000000
v -0.192534 0.315183 -25.000000
v -0.192534 0.315183 -25.000000
v -0.171024 0.342193 -25.000000
v -0.192534 0.315183 25.000000
v -0.171024 0.342193 -25.000000
v -0.171024 0.342193 25.000000
v -0.192534 0.315183 25.000000
v -0.192534 0.315183 25.000000
v -0.171024 0.342193 25.000000
v -0.194858 0.316565 25.014999
v -0.171024 0.342193 25.000000
v -0.172923 0.344110 25.014999
v -0.194858 0.316565 25.014999
v -0.194858 0.316565 25.014999
v -0.172923 0.344110 25.014999
v -0.201209 0.320342 25.025982
v -0.172923 0.344110 25.014999
v -0.178111 0.349347 25.025982
v -0.201209 0.320342 25.025982
v -0.201209 0.320342 25.025982
v -0.178111 0.349347 25.025982
v -0.209885 0.325500 25.029999
v -0.178111 0.349347 25.025982
v -0.185197 0.356500 25.029999
v -0.209885 0.325500 25.029999
v -0.185197 0.356500 -25.029999
v -0.150635 0.383500 -25.029999
v -0.178111 0.349347 -25.025980
v -0.150635 0.383500 -25.029999
v -0.145153 0.375093 -25.025980
v -0.178111 0.349347 -25.025980
v -0.178111 0.349347 -25.025980
v -0.145153 0.375093 -25.025980
v -0.172923 0.344110 -25.014999
v -0.145153 0.375093 -25.025980
v -0.141140 0.368938 -25.014999
v -0.172923 0.344110 -25.014999
v -0.172923 0.344110 -25.014999
v -0.141140 0.368938 -25.014999
v -0.171024 0.342193 -25.000000
v -0.141140 0.368938 -25.014999
v -0.139671 0.366685 -25.000000
v -0.171024 0.342193 -25.000000
v -0.171024 0.342193 -25.000000
v -0.139671 0.366685 -25.000000
v -0.171024 0.342193 25.000000
v -0.139671 0.366685 -25.000000
v -0.139671 0.366685 25.000000
v -0.171024 0.342193 25.000000
v -0.171024 0.342193 25.000000
v -0.139671 0.366685 25.000000
v -0.172923 0.344110 25.014999
v -0.139671 0.366685 25.000000
v -0.141140 0.368938 25.014999
v -0.172923 0.344110 25.014999
v -0.172923 0.344110 25.014999
v -0.141140 0.368938 25.014999
v -0.178111 0.349347 25.025982
v -0.141140 0.368938 25.014999
v -0.145153 0.375093 25.025982
v -0.178111 0.349347 25.025982
v -0.178111 0.349347 25.025982
v -0.145153 0.375093 25.025982
v -0.185197 0.356500 25.029999
v -0.145153 0.375093 25.025982
v -0.150635 0.383500 25.029999
v -0.185197 0.356500 25.029999
v -0.150635 0.383500 -25.029999
v -0.116385 0.401875 -25.029999
v -0.145153 0.375093 -25.025980
v -0.116385 0.401875 -25.029999
v -0.112317 0.392709 -25.025980
v -0.145153 0.375093 -25.025980
v -0.145153 0.375093 -25.025980
v -0.112317 0.392709 -25.025980
v -0.141140 0.368938 -25.014999
v -0.112317 0.392709 -25.025980
v -0.109339 0.386000 -25.014999
v -0.141140 0.368938 -25.014999
v -0.141140 0.368938 -25.014999
v -0.109339 0.386000 -25.014999
v -0.139671 0.366685 -25.000000
v -0.109339 0.386000 -25.014999
v -0.108249 0.383544 -25.000000
v -0.139671 0.366685 -25.000000
v -0.139671 0.366685 -25.000000
v -0.108249 0.383544 -25.000000
v -0.139671 0.366685 25.000000
v -0.108249 0.383544 -25.000000
v -0.108249 0.383544 25.000000
v -0.139671 0.366685 25.000000
v -0.139671 0.366685 25.000000
v -0.108249 0.383544 25.000000
v -0.141140 0.368938 25.014999
v -0.108249 0.383544 25.000000
v -0.109339 0.386000 25.014999
v -0.141140 0.368938 25.014999
v -0.141140 0.368938 25.014999
v -0.109339 0.386000 25.014999
v -0.145153 0.375093 25.025982
v -0.109339 0.386000 25.014999
v -0.112317 0.392709 25.025982
v -0.145153 0.375093 25.025982
v -0.145153 0.375093 25.025982
v -0.112317 0.392709 25.025982
v -0.150635 0.383500 25.029999
v -0.112317 0.392709 25.025982
v -0.116385 0.401875 25.029999
v -0.150635 0.383500 25.029999
v -0.116385 0.401875 -25.029999
v -0.079635 0.415000 -25.029999
v -0.112317 0.392709 -25.025980
v -0.079635 0.415000 -25.029999
v -0.076955 0.405338 -25.025980
v -0.112317 0.392709 -25.025980
v -0.112317 0.392709 -25.025980
v -0.076955 0.405338 -25.025980
v -0.109339 0.386000 -25.014999
v -0.076955 0.405338 -25.025980
v -0.074994 0.398265 -25.014999
v -0.109339 0.386000 -25.014999
v -0.109339 0.386000 -25.014999
v -0.074994 0.398265 -25.014999
v -0.108249 0.383544 -25.000000
v -0.074994 0.398265 -25.014999
v -0.074276 0.395677 -25.000000
v -0.108249 0.383544 -25.000000
v -0.108249 0.383544 -25.000000
v -0.074276 0.395677 -25.000000
v -0.108249 0.383544 25.000000
v -0.074276 0.395677 -25.000000
v -0.074276 0.395677 25.000000
v -0.108249 0.383544 25.000000
v -0.108249 0.383544 25.000000
v -0.074276 0.395677 25.000000
v -0.109339 0.386000 25.014999
v -0.074276 0.395677 25.000000
v -0.074994 0.398265 25.014999
v -0.109339 0.386000 25.014999
v -0.109339 0.386000 25.014999
v -0.074994 0.398265 25.014999
v -0.112317 0.392709 25.025982
v -0.074994 0.398265 25.014999
v -0.076955 0.405338 25.025982
v -0.112317 0.392709 25.025982
v -0.112317 0.392709 25.025982
v -0.076955 0.405338 25.025982
v -0.116385 0.401875 25.029999
v -0.076955 0.405338 25.025982
v -0.079635 0.415000 25.029999
v -0.116385 0.401875 25.029999
v -0.079635 0.415000 -25.029999
v -0.040385 0.422875 -25.029999
v -0.076955 0.405338 -25.025980
v -0.040385 0.422875 -25.029999
v -0.039082 0.412937 -25.025980
v -0.076955 0.405338 -25.025980
v -0.076955 0.405338 -25.025980
v -0.039082 0.412937 -25.025980
v -0.074994 0.398265 -25.014999
v -0.039082 0.412937 -25.025980
v -0.038127 0.405662 -25.014999
v -0.074994 0.398265 -25.014999
v -0.074994 0.398265 -25.014999
v -0.038127 0.405662 -25.014999
v -0.074276 0.395677 -25.000000
v -0.038127 0.405662 -25.014999
v -0.037778 0.402999 -25.000000
v -0.074276 0.395677 -25.000000
v -0.074276 0.395677 -25.000000
v -0.037778 0.402999 -25.000000
v -0.074276 0.395677 25.000000
v -0.037778 0.402999 -25.000000
v -0.037778 0.402999 25.000000
v -0.074276 0.395677 25.000000
v -0.074276 0.395677 25.000000
v -0.037778 0.402999 25.000000
v -0.074994 0.398265 25.014999
v -0.037778 0.402999 25.000000
v -0.038127 0.405662 25.014999
v -0.074994 0.398265 25.014999
v -0.074994 0.398265 25.014999
v -0.038127 0.405662 25.014999
v -0.076955 0.405338 25.025982
v -0.038127 0.405662 25.014999
v -0.039082 0.412937 25.025982
v -0.076955 0.405338 25.025982
v -0.076955 0.405338 25.025982
v -0.039082 0.412937 25.025982
v -0.079635 0.415000 25.029999
v -0.039082 0.412937 25.025982
v -0.040385 0.422875 25.029999
v -0.079635 0.415000 25.029999
v -0.040385 0.422875 -25.029999
v 0.001365 0.425500 -25.029999
v -0.039082 0.412937 -25.025980
v 0.001365 0.425500 -25.029999
v 0.001301 0.415476 -25.025980
v -0.039082 0.412937 -25.025980
v -0.039082 0.412937 -25.025980
v 0.001301 0.415476 -25.025980
v -0.038127 0.405662 -25.014999
v 0.001301 0.415476 -25.025980
v 0.001253 0.408138 -25.014999
v -0.038127 0.405662 -25.014999
v -0.038127 0.405662 -25.014999
v 0.001253 0.408138 -25.014999
v -0.037778 0.402999 -25.000000
v 0.001253 0.408138 -25.014999
v 0.001236 0.405452 -25.000000
v -0.037778 0.402999 -25.000000
v -0.037778 0.402999 -25.000000
v 0.001236 0.405452 -25.000000
v -0.037778 0.402999 25.000000
v 0.001236 0.405452 -25.000000
v 0.001236 0.405452 25.000000
v -0.037778 0.402999 25.000000
v -0.037778 0.402999 25.000000
v 0.001236 0.405452 25.000000
v -0.038127 0.405662 25.014999
v 0.001236 0.405452 25.000000
v 0.001253 0.408138 25.014999
v -0.038127 0.405662 25.014999
v -0.038127 0.405662 25.014999
v 0.001253 0.408138 25.014999
v -0.039082 0.412937 25.025982
v 0.001253 0.408138 25.014999
v 0.001301 0.415476 25.025982
v -0.039082 0.412937 25.025982
v -0.039082 0.412937 25.025982
v 0.001301 0.415476 25.025982
v -0.040385 0.422875 25.029999
v 0.001301 0.415476 25.025982
v 0.001365 0.425500 25.029999
v -0.040385 0.422875 25.029999
v 0.001365 0.425500 -25.029999
v 0.049990 0.421813 -25.029999
v 0.001301 0.415476 -25.025980
v 0.049990 0.421813 -25.029999
v 0.048378 0.411906 -25.025980
v 0.001301 0.415476 -25.025980
v 0.001301 0.415476 -25.025980
v 0.048378 0.411906 -25.025980
v 0.001253 0.408138 -25.014999
v 0.048378 0.411906 -25.025980
v 0.047198 0.404654 -25.014999
v 0.001253 0.408138 -25.014999
v 0.001253 0.408138 -25.014999
v 0.047198 0.404654 -25.014999
v 0.001236 0.405452 -25.000000
v 0.047198 0.404654 -25.014999
v 0.046766 0.402000 -25.000000
v 0.001236 0.405452 -25.000000
v 0.001236 0.405452 -25.000000
v 0.046766 0.402000 -25.000000
v 0.001236 0.405452 25.000000
v 0.046766 0.402000 -25.000000
v 0.046766 0.402000 25.000000
v 0.001236 0.405452 25.000000
v 0.001236 0.405452 25.000000
v 0.046766 0.402000 25.000000
v 0.001253 0.408138 25.014999
v 0.046766 0.402000 25.000000
v 0.047198 0.404654 25.014999
v 0.001253 0.408138 25.014999
v 0.001253 0.408138 25.014999
v 0.047198 0.404654 25.014999
v 0.001301 0.415476 25.025982
v 0.047198 0.404654 25.014999
v 0.048378 0.411906 25.025982
v 0.001301 0.415476 25.025982
v 0.001301 0.415476 25.025982
v 0.048378 0.411906 25.025982
v 0.001365 0.425500 25.029999
v 0.048378 0.411906 25.025982
v 0.049990 0.421813 25.029999
v 0.001365 0.425500 25.029999
v 0.049990 0.421813 -25.029999
v 0.093865 0.410750 -25.029999
v 0.048378 0.411906 -25.025980
v 0.093865 0.410750 -25.029999
v 0.090480 0.401291 -25.025980
v 0.048378 0.411906 -25.025980
v 0.048378 0.411906 -25.025980
v 0.090480 0.401291 -25.025980
v 0.047198 0.404654 -25.014999
v 0.090480 0.401291 -25.025980
v 0.088001 0.394366 -25.014999
v 0.047198 0.404654 -25.014999
v 0.047198 0.404654 -25.014999
v 0.088001 0.394366 -25.014999
v 0.046766 0.402000 -25.000000
v 0.088001 0.394366 -25.014999
v 0.087094 0.391831 -25.000000
v 0.046766 0.402000 -25.000000
v 0.046766 0.402000 -25.000000
v 0.087094 0.391831 -25.000000
v 0.046766 0.402000 25.000000
v 0.087094 0.391831 -25.000000
v 0.087094 0.391831 25.000000
v 0.046766 0.402000 25.000000
v 0.046766 0.402000 25.000000
v 0.087094 0.391831 25.000000
v 0.047198 0.404654 25.014999
v 0.087094 0.391831 25.000000
v 0.088001 0.394366 25.014999
v 0.047198 0.404654 25.014999
v 0.047198 0.404654 25.014999
v 0.088001 0.394366 25.014999
v 0.048378 0.411906 25.025982
v 0.088001 0.394366 25.014999
v 0.090480 0.401291 25.025982
v 0.048378 0.411906 25.025982
v 0.048378 0.411906 25.025982
v 0.090480 0.401291 25.025982
v 0.049990 0.421813 25.029999
v 0.090480 0.401291 25.025982
v 0.093865 0.410750 25.029999
v 0.049990 0.421813 25.029999
v 0.093865 0.410750 -25.029999
v 0.132990 0.392313 -25.029999
v 0.090480 0.401291 -25.025980
v 0.132990 0.392313 -25.029999
v 0.127803 0.383702 -25.025980
v 0.090480 0.401291 -25.025980
v 0.090480 0.401291 -25.025980
v 0.127803 0.383702 -25.025980
v 0.088001 0.394366 -25.014999
v 0.127803 0.383702 -25.025980
v 0.124005 0.377399 -25.014999
v 0.088001 0.394366 -25.014999
v 0.088001 0.394366 -25.014999
v 0.124005 0.377399 -25.014999
v 0.087094 0.391831 -25.000000
v 0.124005 0.377399 -25.014999
v 0.122615 0.375092 -25.000000
v 0.087094 0.391831 -25.000000
v 0.087094 0.391831 -25.000000
v 0.122615 0.375092 -25.000000
v 0.087094 0.391831 25.000000
v 0.122615 0.375092 -25.000000
v 0.122615 0.375092 25.000000
v 0.087094 0.391831 25.000000
v 0.087094 0.391831 25.000000
v 0.122615 0.375092 25.000000
v 0.088001 0.394366 25.014999
v 0.122615 0.375092 25.000000
v 0.124005 0.377399 25.014999
v 0.088001 0.394366 25.014999
v 0.088001 0.394366 25.014999
v 0.124005 0.377399 25.014999
v 0.090480 0.401291 25.025982
v 0.124005 0.377399 25.014999
v 0.127803 0.383702 25.025982
v 0.090480 0.401291 25.025982
v 0.090480 0.401291 25.025982
v 0.127803 0.383702 25.025982
v 0.093865 0.410750 25.029999
v 0.127803 0.383702 25.025982
v 0.132990 0.392313 25.029999
v 0.093865 0.410750 25.029999
v 0.132990 0.392313 -25.029999
v 0.167365 0.366500 -25.029999
v 0.127803 0.383702 -25.025980
v 0.167365 0.366500 -25.029999
v 0.160550 0.359112 -25.025980
v 0.127803 0.383702 -25.025980
v 0.127803 0.383702 -25.025980
v 0.160550 0.359112 -25.025980
v 0.124005 0.377399 -25.014999
v 0.160550 0.359112 -25.025980
v 0.155561 0.353704 -25.014999
v 0.124005 0.377399 -25.014999
v 0.124005 0.377399 -25.014999
v 0.155561 0.353704 -25.014999
v 0.122615 0.375092 -25.000000
v 0.155561 0.353704 -25.014999
v 0.153735 0.351724 -25.000000
v 0.122615 0.375092 -25.000000
v 0.122615 0.375092 -25.000000
v 0.153735 0.351724 -25.000000
v 0.122615 0.375092 25.000000
v 0.153735 0.351724 -25.000000
v 0.153735 0.351724 25.000000
v 0.122615 0.375092 25.000000
v 0.122615 0.375092 25.000000
v 0.153735 0.351724 25.000000
v 0.124005 0.377399 25.014999
v 0.153735 0.351724 25.000000
v 0.155561 0.353704 25.014999
v 0.124005 0.377399 25.014999
v 0.124005 0.377399 25.014999
v 0.155561 0.353704 25.014999
v 0.127803 0.383702 25.025982
v 0.155561 0.353704 25.014999
v 0.160550 0.359112 25.025982
v 0.127803 0.383702 25.025982
v 0.127803 0.383702 25.025982
v 0.160550 0.359112 25.025982
v 0.132990 0.392313 25.029999
v 0.160550 0.359112 25.025982
v 0.167365 0.366500 25.029999
v 0.132990 0.392313 25.029999
v 0.167365 0.366500 -25.029999
v 0.195365 0.334875 -25.029999
v 0.160550 0.359112 -25.025980
v 0.195365 0.334875 -25.029999
v 0.187120 0.329102 -25.025980
v 0.160550 0.359112 -25.025980
v 0.160550 0.359112 -25.025980
v 0.187120 0.329102 -25.025980
v 0.155561 0.353704 -25.014999
v 0.187120 0.329102 -25.025980
v 0.181084 0.324876 -25.014999
v 0.155561 0.353704 -25.014999
v 0.155561 0.353704 -25.014999
v 0.181084 0.324876 -25.014999
v 0.153735 0.351724 -25.000000
v 0.181084 0.324876 -25.014999
v 0.178875 0.323329 -25.000000
v 0.153735 0.351724 -25.000000
v 0.153735 0.351724 -25.000000
v 0.178875 0.323329 -25.000000
v 0.153735 0.351724 25.000000
v 0.178875 0.323329 -25.000000
v 0.178875 0.323329 25.000000
v 0.153735 0.351724 25.000000
v 0.153735 0.351724 25.000000
v 0.178875 0.323329 25.000000
v 0.155561 0.353704 25.014999
v 0.178875 0.323329 25.000000
v 0.181084 0.324876 25.014999
v 0.155561 0.353704 25.014999
v 0.155561 0.353704 25.014999
v 0.181084 0.324876 25.014999
v 0.160550 0.359112 25.025982
v 0.181084 0.324876 25.014999
v 0.187120 0.329102 25.025982
v 0.160550 0.359112 25.025982
v 0.160550 0.359112 25.025982
v 0.187120 0.329102 25.025982
v 0.167365 0.366500 25.029999
v 0.187120 0.329102 25.025982
v 0.195365 0.334875 25.029999
v 0.167365 0.366500 25.029999
v 0.195365 0.334875 -25.029999
v 0.215365 0.298000 -25.029999
v 0.187120 0.329102 -25.025980
v 0.215365 0.298000 -25.029999
v 0.206050 0.294201 -25.025980
v 0.187120 0.329102 -25.025980
v 0.187120 0.329102 -25.025980
v 0.206050 0.294201 -25.025980
v 0.181084 0.324876 -25.014999
v 0.206050 0.294201 -25.025980
v 0.199230 0.291420 -25.014999
v 0.181084 0.324876 -25.014999
v 0.181084 0.324876 -25.014999
v 0.199230 0.291420 -25.014999
v 0.178875 0.323329 -25.000000
v 0.199230 0.291420 -25.014999
v 0.196734 0.290402 -25.000000
v 0.178875 0.323329 -25.000000
v 0.178875 0.323329 -25.000000
v 0.196734 0.290402 -25.000000
v 0.178875 0.323329 25.000000
v 0.196734 0.290402 -25.000000
v 0.196734 0.290402 25.000000
v 0.178875 0.323329 25.000000
v 0.178875 0.323329 25.000000
v 0.196734 0.290402 25.000000
v 0.181084 0.324876 25.014999
v 0.196734 0.290402 25.000000
v 0.199230 0.291420 25.014999
v 0.181084 0.324876 25.014999
v 0.181084 0.324876 25.014999
v 0.199230 0.291420 25.014999
v 0.187120 0.329102 25.025982
v 0.199230 0.291420 25.014999
v 0.206050 0.294201 25.025982
v 0.187120 0.329102 25.025982
v 0.187120 0.329102 25.025982
v 0.206050 0.294201 25.025982
v 0.195365 0.334875 25.029999
v 0.206050 0.294201 25.025982
v 0.215365 0.298000 25.029999
v 0.195365 0.334875 25.029999
v 0.215365 0.298000 -25.029999
v 0.227365 0.255875 -25.029999
v 0.206050 0.294201 -25.025980
v 0.227365 0.255875 -25.029999
v 0.217482 0.254068 -25.025980
v 0.206050 0.294201 -25.025980
v 0.206050 0.294201 -25.025980
v 0.217482 0.254068 -25.025980
v 0.199230 0.291420 -25.014999
v 0.217482 0.254068 -25.025980
v 0.210247 0.252745 -25.014999
v 0.199230 0.291420 -25.014999
v 0.199230 0.291420 -25.014999
v 0.210247 0.252745 -25.014999
v 0.196734 0.290402 -25.000000
v 0.210247 0.252745 -25.014999
v 0.207599 0.252260 -25.000000
v 0.196734 0.290402 -25.000000
v 0.196734 0.290402 -25.000000
v 0.207599 0.252260 -25.000000
v 0.196734 0.290402 25.000000
v 0.207599 0.252260 -25.000000
v 0.207599 0.252260 25.000000
v 0.196734 0.290402 25.000000
v 0.196734 0.290402 25.000000
v 0.207599 0.252260 25.000000
v 0.199230 0.291420 25.014999
v 0.207599 0.252260 25.000000
v 0.210247 0.252745 25.014999
v 0.199230 0.291420 25.014999
v 0.199230 0.291420 25.014999
v 0.210247 0.252745 25.014999
v 0.206050 0.294201 25.025982
v 0.210247 0.252745 25.014999
v 0.217482 0.254068 25.025982
v 0.206050 0.294201 25.025982
v 0.206050 0.294201 25.025982
v 0.217482 0.254068 25.025982
v 0.215365 0.298000 25.029999
v 0.217482 0.254068 25.025982
v 0.227365 0.255875 25.029999
v 0.215365 0.298000 25.029999
v 0.227365 0.255875 -25.029999
v 0.231365 0.208500 -25.029999
v 0.217482 0.254068 -25.025980
v 0.231365 0.208500 -25.029999
v 0.222174 0.198500 -25.025980
v 0.217482 0.254068 -25.025980
v 0.217482 0.254068 -25.025980
v 0.222174 0.198500 -25.025980
v 0.210247 0.252745 -25.014999
v 0.222174 0.198500 -25.025980
v 0.215445 0.191180 -25.014999
v 0.210247 0.252745 -25.014999
v 0.210247 0.252745 -25.014999
v 0.215445 0.191180 -25.014999
v 0.207599 0.252260 -25.000000
v 0.215445 0.191180 -25.014999
v 0.212983 0.188500 -25.000000
v 0.207599 0.252260 -25.000000
v 0.207599 0.252260 -25.000000
v 0.212983 0.188500 -25.000000
v 0.207599 0.252260 25.000000
v 0.212983 0.188500 -25.000000
v 0.212983 0.188500 25.000000
v 0.207599 0.252260 25.000000
v 0.207599 0.252260 25.000000
v 0.212983 0.188500 25.000000
v 0.210247 0.252745 25.014999
v 0.212983 0.188500 25.000000
v 0.215445 0.191180 25.014999
v 0.210247 0.252745 25.014999
v 0.210247 0.252745 25.014999
v 0.215445 0.191180 25.014999
v 0.217482 0.254068 25.025982
v 0.215445 0.191180 25.014999
v 0.222174 0.198500 25.025982
v 0.217482 0.254068 25.025982
v 0.217482 0.254068 25.025982
v 0.222174 0.198500 25.025982
v 0.227365 0.255875 25.029999
v 0.222174 0.198500 25.025982
v 0.231365 0.208500 25.029999
v 0.227365 0.255875 25.029999
v 0.231365 0.208500 -25.029999
v 0.362365 0.208500 -25.029999
v 0.222174 0.198500 -25.025980
v 0.362365 0.208500 -25.029999
v 0.372840 0.198998 -25.025980
v 0.222174 0.198500 -25.025980
v 0.222174 0.198500 -25.025980
v 0.372840 0.198998 -25.025980
v 0.215445 0.191180 -25.014999
v 0.372840 0.198998 -25.025980
v 0.380508 0.192043 -25.014999
v 0.215445 0.191180 -25.014999
v 0.215445 0.191180 -25.014999
v 0.380508 0.192043 -25.014999
v 0.212983 0.188500 -25.000000
v 0.380508 0.192043 -25.014999
v 0.383314 0.189497 -25.000000
v 0.212983 0.188500 -25.000000
v 0.212983 0.188500 -25.000000
v 0.383314 0.189497 -25.000000
v 0.212983 0.188500 25.000000
v 0.383314 0.189497 -25.000000
v 0.383314 0.189497 25.000000
v 0.212983 0.188500 25.000000
v 0.212983 0.188500 25.000000
v 0.383314 0.189497 25.000000
v 0.215445 0.191180 25.014999
v 0.383314 0.189497 25.000000
v 0.380508 0.192043 25.014999
v 0.215445 0.191180 25.014999
v 0.215445 0.191180 25.014999
v 0.380508 0.192043 25.014999
v 0.222174 0.198500 25.025982
v 0.380508 0.192043 25.014999
v 0.372840 0.198998 25.025982
v 0.222174 0.198500 25.025982
v 0.222174 0.198500 25.025982
v 0.372840 0.198998 25.025982
v 0.231365 0.208500 25.029999
v 0.372840 0.198998 25.025982
v 0.362365 0.208500 25.029999
v 0.231365 0.208500 25.029999
v 0.362365 0.208500 -25.029999
v 0.355365 0.280188 -25.029999
v 0.372840 0.198998 -25.025980
v 0.355365 0.280188 -25.029999
v 0.365211 0.282256 -25.025980
v 0.372840 0.198998 -25.025980
v 0.372840 0.198998 -25.025980
v 0.365211 0.282256 -25.025980
v 0.380508 0.192043 -25.014999
v 0.365211 0.282256 -25.025980
v 0.372418 0.283770 -25.014999
v 0.380508 0.192043 -25.014999
v 0.380508 0.192043 -25.014999
v 0.372418 0.283770 -25.014999
v 0.383314 0.189497 -25.000000
v 0.372418 0.283770 -25.014999
v 0.375056 0.284324 -25.000000
v 0.383314 0.189497 -25.000000
v 0.383314 0.189497 -25.000000
v 0.375056 0.284324 -25.000000
v 0.383314 0.189497 25.000000
v 0.375056 0.284324 -25.000000
v 0.375056 0.284324 25.000000
v 0.383314 0.189497 25.000000
v 0.383314 0.189497 25.000000
v 0.375056 0.284324 25.000000
v 0.380508 0.192043 25.014999
v 0.375056 0.284324 25.000000
v 0.372418 0.283770 25.014999
v 0.380508 0.192043 25.014999
v 0.380508 0.192043 25.014999
v 0.372418 0.283770 25.014999
v 0.372840 0.198998 25.025982
v 0.372418 0.283770 25.014999
v 0.365211 0.282256 25.025982
v 0.372840 0.198998 25.025982
v 0.372840 0.198998 25.025982
v 0.365211 0.282256 25.025982
v 0.362365 0.208500 25.029999
v 0.365211 0.282256 25.025982
v 0.355365 0.280188 25.029999
v 0.362365 0.208500 25.029999
v 0.355365 0.280188 -25.029999
v 0.334365 0.344250 -25.029999
v 0.365211 0.282256 -25.025980
v 0.334365 0.344250 -25.029999
v 0.343495 0.348503 -25.025980
v 0.365211 0.282256 -25.025980
v 0.365211 0.282256 -25.025980
v 0.343495 0.348503 -25.025980
v 0.372418 0.283770 -25.014999
v 0.343495 0.348503 -25.025980
v 0.350178 0.351616 -25.014999
v 0.372418 0.283770 -25.014999
v 0.372418 0.283770 -25.014999
v 0.350178 0.351616 -25.014999
v 0.375056 0.284324 -25.000000
v 0.350178 0.351616 -25.014999
v 0.352624 0.352756 -25.000000
v 0.375056 0.284324 -25.000000
v 0.375056 0.284324 -25.000000
v 0.352624 0.352756 -25.000000
v 0.375056 0.284324 25.000000
v 0.352624 0.352756 -25.000000
v 0.352624 0.352756 25.000000
v 0.375056 0.284324 25.000000
v 0.375056 0.284324 25.000000
v 0.352624 0.352756 25.000000
v 0.372418 0.283770 25.014999
v 0.352624 0.352756 25.000000
v 0.350178 0.351616 25.014999
v 0.372418 0.283770 25.014999
v 0.372418 0.283770 25.014999
v 0.350178 0.351616 25.014999
v 0.365211 0.282256 25.025982
v 0.350178 0.351616 25.014999
v 0.343495 0.348503 25.025982
v 0.365211 0.282256 25.025982
v 0.365211 0.282256 25.025982
v 0.343495 0.348503 25.025982
v 0.355365 0.280188 25.029999
v 0.343495 0.348503 25.025982
v 0.334365 0.344250 25.029999
v 0.355365 0.280188 25.029999
v 0.334365 0.344250 -25.029999
v 0.299365 0.400688 -25.029999
v 0.343495 0.348503 -25.025980
v 0.299365 0.400688 -25.029999
v 0.307249 0.406949 -25.025980
v 0.343495 0.348503 -25.025980
v 0.343495 0.348503 -25.025980
v 0.307249 0.406949 -25.025980
v 0.350178 0.351616 -25.014999
v 0.307249 0.406949 -25.025980
v 0.313020 0.411533 -25.014999
v 0.350178 0.351616 -25.014999
v 0.350178 0.351616 -25.014999
v 0.313020 0.411533 -25.014999
v 0.352624 0.352756 -25.000000
v 0.313020 0.411533 -25.014999
v 0.315133 0.413211 -25.000000
v 0.352624 0.352756 -25.000000
v 0.352624 0.352756 -25.000000
v 0.315133 0.413211 -25.000000
v 0.352624 0.352756 25.000000
v 0.315133 0.413211 -25.000000
v 0.315133 0.413211 25.000000
v 0.352624 0.352756 25.000000
v 0.352624 0.352756 25.000000
v 0.315133 0.413211 25.000000
v 0.350178 0.351616 25.014999
v 0.315133 0.413211 25.000000
v 0.313020 0.411533 25.014999
v 0.350178 0.351616 25.014999
v 0.350178 0.351616 25.014999
v 0.313020 0.411533 25.014999
v 0.343495 0.348503 25.025982
v 0.313020 0.411533 25.014999
v 0.307249 0.406949 25.025982
v 0.343495 0.348503 25.025982
v 0.343495 0.348503 25.025982
v 0.307249 0.406949 25.025982
v 0.334365 0.344250 25.029999
v 0.307249 0.406949 25.025982
v 0.299365 0.400688 25.029999
v 0.334365 0.344250 25.029999
v 0.299365 0.400688 -25.029999
v 0.250365 0.449500 -25.029999
v 0.307249 0.406949 -25.025980
v 0.250365 0.449500 -25.029999
v 0.256766 0.457239 -25.025980
v 0.307249 0.406949 -25.025980
v 0.307249 0.406949 -25.025980
v 0.256766 0.457239 -25.025980
v 0.313020 0.411533 -25.014999
v 0.256766 0.457239 -25.025980
v 0.261452 0.462904 -25.014999
v 0.313020 0.411533 -25.014999
v 0.313020 0.411533 -25.014999
v 0.261452 0.462904 -25.014999
v 0.315133 0.413211 -25.000000
v 0.261452 0.462904 -25.014999
v 0.263167 0.464978 -25.000000
v 0.315133 0.413211 -25.000000
v 0.315133 0.413211 -25.000000
v 0.263167 0.464978 -25.000000
v 0.315133 0.413211 25.000000
v 0.263167 0.464978 -25.000000
v 0.263167 0.464978 25.000000
v 0.315133 0.413211 25.000000
v 0.315133 0.413211 25.000000
v 0.263167 0.464978 25.000000
v 0.313020 0.411533 25.014999
v 0.263167 0.464978 25.000000
v 0.261452 0.462904 25.014999
v 0.313020 0.411533 25.014999
v 0.313020 0.411533 25.014999
v 0.261452 0.462904 25.014999
v 0.307249 0.406949 25.025982
v 0.261452 0.462904 25.014999
v 0.256766 0.457239 25.025982
v 0.307249 0.406949 25.025982
v 0.307249 0.406949 25.025982
v 0.256766 0.457239 25.025982
v 0.299365 0.400688 25.029999
v 0.256766 0.457239 25.025982
v 0.250365 0.449500 25.029999
v 0.299365 0.400688 25.029999
v 0.250365 0.449500 -25.029999
v 0.196490 0.486250 -25.029999
v 0.256766 0.457239 -25.025980
v 0.196490 0.486250 -25.029999
v 0.201338 0.495048 -25.025980
v 0.256766 0.457239 -25.025980
v 0.256766 0.457239 -25.025980
v 0.201338 0.495048 -25.025980
v 0.261452 0.462904 -25.014999
v 0.201338 0.495048 -25.025980
v 0.204887 0.501489 -25.014999
v 0.261452 0.462904 -25.014999
v 0.261452 0.462904 -25.014999
v 0.204887 0.501489 -25.014999
v 0.263167 0.464978 -25.000000
v 0.204887 0.501489 -25.014999
v 0.206186 0.503846 -25.000000
v 0.263167 0.464978 -25.000000
v 0.263167 0.464978 -25.000000
v 0.206186 0.503846 -25.000000
v 0.263167 0.464978 25.000000
v 0.206186 0.503846 -25.000000
v 0.206186 0.503846 25.000000
v 0.263167 0.464978 25.000000
v 0.263167 0.464978 25.000000
v 0.206186 0.503846 25.000000
v 0.261452 0.462904 25.014999
v 0.206186 0.503846 25.000000
v 0.204887 0.501489 25.014999
v 0.261452 0.462904 25.014999
v 0.261452 0.462904 25.014999
v 0.204887 0.501489 25.014999
v 0.256766 0.457239 25.025982
v 0.204887 0.501489 25.014999
v 0.201338 0.495048 25.025982
v 0.256766 0.457239 25.025982
v 0.256766 0.457239 25.025982
v 0.201338 0.495048 25.025982
v 0.250365 0.449500 25.029999
v 0.201338 0.495048 25.025982
v 0.196490 0.486250 25.029999
v 0.250365 0.449500 25.029999
v 0.196490 0.486250 -25.029999
v 0.135865 0.512500 -25.029999
v 0.201338 0.495048 -25.025980
v 0.135865 0.512500 -25.029999
v 0.139015 0.522033 -25.025980
v 0.201338 0.495048 -25.025980
v 0.201338 0.495048 -25.025980
v 0.139015 0.522033 -25.025980
v 0.204887 0.501489 -25.014999
v 0.139015 0.522033 -25.025980
v 0.141321 0.529012 -25.014999
v 0.204887 0.501489 -25.014999
v 0.204887 0.501489 -25.014999
v 0.141321 0.529012 -25.014999
v 0.206186 0.503846 -25.000000
v 0.141321 0.529012 -25.014999
v 0.142165 0.531566 -25.000000
v 0.206186 0.503846 -25.000000
v 0.206186 0.503846 -25.000000
v 0.142165 0.531566 -25.000000
v 0.206186 0.503846 25.000000
v 0.142165 0.531566 -25.000000
v 0.142165 0.531566 25.000000
v 0.206186 0.503846 25.000000
v 0.206186 0.503846 25.000000
v 0.142165 0.531566 25.000000
v 0.204887 0.501489 25.014999
v 0.142165 0.531566 25.000000
v 0.141321 0.529012 25.014999
v 0.204887 0.501489 25.014999
v 0.204887 0.501489 25.014999
v 0.141321 0.529012 25.014999
v 0.201338 0.495048 25.025982
v 0.141321 0.529012 25.014999
v 0.139015 0.522033 25.025982
v 0.201338 0.495048 25.025982
v 0.201338 0.495048 25.025982
v 0.139015 0.522033 25.025982
v 0.196490 0.486250 25.029999
v 0.139015 0.522033 25.025982
v 0.135865 0.512500 25.029999
v 0.196490 0.486250 25.029999
v 0.135865 0.512500 -25.029999
v 0.068490 0.528250 -25.029999
v 0.139015 0.522033 -25.025980
v 0.068490 0.528250 -25.029999
v 0.069991 0.538169 -25.025980
v 0.139015 0.522033 -25.025980
v 0.139015 0.522033 -25.025980
v 0.069991 0.538169 -25.025980
v 0.141321 0.529012 -25.014999
v 0.069991 0.538169 -25.025980
v 0.071090 0.545430 -25.014999
v 0.141321 0.529012 -25.014999
v 0.141321 0.529012 -25.014999
v 0.071090 0.545430 -25.014999
v 0.142165 0.531566 -25.000000
v 0.071090 0.545430 -25.014999
v 0.071492 0.548088 -25.000000
v 0.142165 0.531566 -25.000000
v 0.142165 0.531566 -25.000000
v 0.071492 0.548088 -25.000000
v 0.142165 0.531566 25.000000
v 0.071492 0.548088 -25.000000
v 0.071492 0.548088 25.000000
v 0.142165 0.531566 25.000000
v 0.142165 0.531566 25.000000
v 0.071492 0.548088 25.000000
v 0.141321 0.529012 25.014999
v 0.071492 0.548088 25.000000
v 0.071090 0.545430 25.014999
v 0.141321 0.529012 25.014999
v 0.141321 0.529012 25.014999
v 0.071090 0.545430 25.014999
v 0.139015 0.522033 25.025982
v 0.071090 0.545430 25.014999
v 0.069991 0.538169 25.025982
v 0.139015 0.522033 25.025982
v 0.139015 0.522033 25.025982
v 0.069991 0.538169 25.025982
v 0.135865 0.512500 25.029999
v 0.069991 0.538169 25.025982
v 0.068490 0.528250 25.029999
v 0.135865 0.512500 25.029999
v 0.068490 0.528250 -25.029999
v -0.005635 0.533500 -25.029999
v 0.069991 0.538169 -25.025980
v -0.005635 0.533500 -25.029999
v -0.005624 0.543524 -25.025980
v 0.069991 0.538169 -25.025980
v 0.069991 0.538169 -25.025980
v -0.005624 0.543524 -25.025980
v 0.071090 0.545430 -25.014999
v -0.005624 0.543524 -25.025980
v -0.005616 0.550863 -25.014999
v 0.071090 0.545430 -25.014999
v 0.071090 0.545430 -25.014999
v -0.005616 0.550863 -25.014999
v 0.071492 0.548088 -25.000000
v -0.005616 0.550863 -25.014999
v -0.005613 0.553549 -25.000000
v 0.071492 0.548088 -25.000000
v 0.071492 0.548088 -25.000000
v -0.005613 0.553549 -25.000000
v 0.071492 0.548088 25.000000
v -0.005613 0.553549 -25.000000
v -0.005613 0.553549 25.000000
v 0.071492 0.548088 25.000000
v 0.071492 0.548088 25.000000
v -0.005613 0.553549 25.000000
v 0.071090 0.545430 25.014999
v -0.005613 0.553549 25.000000
v -0.005616 0.550863 25.014999
v 0.071090 0.545430 25.014999
v 0.071090 0.545430 25.014999
v -0.005616 0.550863 25.014999
v 0.069991 0.538169 25.025982
v -0.005616 0.550863 25.014999
v -0.005624 0.543524 25.025982
v 0.069991 0.538169 25.025982
v 0.069991 0.538169 25.025982
v -0.005624 0.543524 25.025982
v 0.068490 0.528250 25.029999
v -0.005624 0.543524 25.025982
v -0.005635 0.533500 25.029999
v 0.068490 0.528250 25.029999
v -0.005635 0.533500 -25.029999
v -0.075760 0.528688 -25.029999
v -0.005624 0.543524 -25.025980
v -0.075760 0.528688 -25.029999
v -0.077205 0.538612 -25.025980
v -0.005624 0.543524 -25.025980
v -0.005624 0.543524 -25.025980
v -0.077205 0.538612 -25.025980
v -0.005616 0.550863 -25.014999
v -0.077205 0.538612 -25.025980
v -0.078262 0.545877 -25.014999
v -0.005616 0.550863 -25.014999
v -0.005616 0.550863 -25.014999
v -0.078262 0.545877 -25.014999
v -0.005613 0.553549 -25.000000
v -0.078262 0.545877 -25.014999
v -0.078650 0.548536 -25.000000
v -0.005613 0.553549 -25.000000
v -0.005613 0.553549 -25.000000
v -0.078650 0.548536 -25.000000
v -0.005613 0.553549 25.000000
v -0.078650 0.548536 -25.000000
v -0.078650 0.548536 25.000000
v -0.005613 0.553549 25.000000
v -0.005613 0.553549 25.000000
v -0.078650 0.548536 25.000000
v -0.005616 0.550863 25.014999
v -0.078650 0.548536 25.000000
v -0.078262 0.545877 25.014999
v -0.005616 0.550863 25.014999
v -0.005616 0.550863 25.014999
v -0.078262 0.545877 25.014999
v -0.005624 0.543524 25.025982
v -0.078262 0.545877 25.014999
v -0.077205 0.538612 25.025982
v -0.005624 0.543524 25.025982
v -0.005624 0.543524 25.025982
v -0.077205 0.538612 25.025982
v -0.005635 0.533500 25.029999
v -0.077205 0.538612 25.025982
v -0.075760 0.528688 25.029999
v -0.005635 0.533500 25.029999
v -0.075760 0.528688 -25.029999
v -0.140135 0.514250 -25.029999
v -0.077205 0.538612 -25.025980
v -0.140135 0.514250 -25.029999
v -0.143149 0.523822 -25.025980
v -0.077205 0.538612 -25.025980
v -0.077205 0.538612 -25.025980
v -0.143149 0.523822 -25.025980
v -0.078262 0.545877 -25.014999
v -0.143149 0.523822 -25.025980
v -0.145355 0.530830 -25.014999
v -0.078262 0.545877 -25.014999
v -0.078262 0.545877 -25.014999
v -0.145355 0.530830 -25.014999
v -0.078650 0.548536 -25.000000
v -0.145355 0.530830 -25.014999
v -0.146163 0.533395 -25.000000
v -0.078650 0.548536 -25.000000
v -0.078650 0.548536 -25.000000
v -0.146163 0.533395 -25.000000
v -0.078650 0.548536 25.000000
v -0.146163 0.533395 -25.000000
v -0.146163 0.533395 25.000000
v -0.078650 0.548536 25.000000
v -0.078650 0.548536 25.000000
v -0.146163 0.533395 25.000000
v -0.078262 0.545877 25.014999
v -0.146163 0.533395 25.000000
v -0.145355 0.530830 25.014999
v -0.078262 0.545877 25.014999
v -0.078262 0.545877 25.014999
v -0.145355 0.530830 25.014999
v -0.077205 0.538612 25.025982
v -0.145355 0.530830 25.014999
v -0.143149 0.523822 25.025982
v -0.077205 0.538612 25.025982
v -0.077205 0.538612 25.025982
v -0.143149 0.523822 25.025982
v -0.075760 0.528688 25.029999
v -0.143149 0.523822 25.025982
v -0.140135 0.514250 25.029999
v -0.075760 0.528688 25.029999
v -0.140135 0.514250 -25.029999
v -0.198760 0.490188 -25.029999
v -0.143149 0.523822 -25.025980
v -0.198760 0.490188 -25.029999
v -0.203381 0.499100 -25.025980
v -0.143149 0.523822 -25.025980
v -0.143149 0.523822 -25.025980
v -0.203381 0.499100 -25.025980
v -0.145355 0.530830 -25.014999
v -0.203381 0.499100 -25.025980
v -0.206765 0.505625 -25.014999
v -0.145355 0.530830 -25.014999
v -0.145355 0.530830 -25.014999
v -0.206765 0.505625 -25.014999
v -0.146163 0.533395 -25.000000
v -0.206765 0.505625 -25.014999
v -0.208003 0.508013 -25.000000
v -0.146163 0.533395 -25.000000
v -0.146163 0.533395 -25.000000
v -0.208003 0.508013 -25.000000
v -0.146163 0.533395 25.000000
v -0.208003 0.508013 -25.000000
v -0.208003 0.508013 25.000000
v -0.146163 0.533395 25.000000
v -0.146163 0.533395 25.000000
v -0.208003 0.508013 25.000000
v -0.145355 0.530830 25.014999
v -0.208003 0.508013 25.000000
v -0.206765 0.505625 25.014999
v -0.145355 0.530830 25.014999
v -0.145355 0.530830 25.014999
v -0.206765 0.505625 25.014999
v -0.143149 0.523822 25.025982
v -0.206765 0.505625 25.014999
v -0.203381 0.499100 25.025982
v -0.143149 0.523822 25.025982
v -0.143149 0.523822 25.025982
v -0.203381 0.499100 25.025982
v -0.140135 0.514250 25.029999
v -0.203381 0.499100 25.025982
v -0.198760 0.490188 25.029999
v -0.140135 0.514250 25.029999
v -0.198760 0.490188 -25.029999
v -0.251635 0.456500 -25.029999
v -0.203381 0.499100 -25.025980
v -0.251635 0.456500 -25.029999
v -0.257817 0.464418 -25.025980
v -0.203381 0.499100 -25.025980
v -0.203381 0.499100 -25.025980
v -0.257817 0.464418 -25.025980
v -0.206765 0.505625 -25.014999
v -0.257817 0.464418 -25.025980
v -0.262343 0.470215 -25.014999
v -0.206765 0.505625 -25.014999
v -0.206765 0.505625 -25.014999
v -0.262343 0.470215 -25.014999
v -0.208003 0.508013 -25.000000
v -0.262343 0.470215 -25.014999
v -0.263999 0.472337 -25.000000
v -0.208003 0.508013 -25.000000
v -0.208003 0.508013 -25.000000
v -0.263999 0.472337 -25.000000
v -0.208003 0.508013 25.000000
v -0.263999 0.472337 -25.000000
v -0.263999 0.472337 25.000000
v -0.208003 0.508013 25.000000
v -0.208003 0.508013 25.000000
v -0.263999 0.472337 25.000000
v -0.206765 0.505625 25.014999
v -0.263999 0.472337 25.000000
v -0.262343 0.470215 25.014999
v -0.206765 0.505625 25.014999
v -0.206765 0.505625 25.014999
v -0.262343 0.470215 25.014999
v -0.203381 0.499100 25.025982
v -0.262343 0.470215 25.014999
v -0.257817 0.464418 25.025982
v -0.203381 0.499100 25.025982
v -0.203381 0.499100 25.025982
v -0.257817 0.464418 25.025982
v -0.198760 0.490188 25.029999
v -0.257817 0.464418 25.025982
v -0.251635 0.456500 25.029999
v -0.198760 0.490188 25.029999
v -0.251635 0.456500 -25.029999
v -0.299322 0.411313 -25.029999
v -0.257817 0.464418 -25.025980
v -0.299322 0.411313 -25.029999
v -0.307066 0.417751 -25.025980
v -0.257817 0.464418 -25.025980
v -0.257817 0.464418 -25.025980
v -0.307066 0.417751 -25.025980
v -0.262343 0.470215 -25.014999
v -0.307066 0.417751 -25.025980
v -0.312735 0.422465 -25.014999
v -0.262343 0.470215 -25.014999
v -0.262343 0.470215 -25.014999
v -0.312735 0.422465 -25.014999
v -0.263999 0.472337 -25.000000
v -0.312735 0.422465 -25.014999
v -0.314810 0.424190 -25.000000
v -0.263999 0.472337 -25.000000
v -0.263999 0.472337 -25.000000
v -0.314810 0.424190 -25.000000
v -0.263999 0.472337 25.000000
v -0.314810 0.424190 -25.000000
v -0.314810 0.424190 25.000000
v -0.263999 0.472337 25.000000
v -0.263999 0.472337 25.000000
v -0.314810 0.424190 25.000000
v -0.262343 0.470215 25.014999
v -0.314810 0.424190 25.000000
v -0.312735 0.422465 25.014999
v -0.262343 0.470215 25.014999
v -0.262343 0.470215 25.014999
v -0.312735 0.422465 25.014999
v -0.257817 0.464418 25.025982
v -0.312735 0.422465 25.014999
v -0.307066 0.417751 25.025982
v -0.257817 0.464418 25.025982
v -0.257817 0.464418 25.025982
v -0.307066 0.417751 25.025982
v -0.251635 0.456500 25.029999
v -0.307066 0.417751 25.025982
v -0.299322 0.411313 25.029999
v -0.251635 0.456500 25.029999
v -0.299322 0.411313 -25.029999
v -0.333385 0.358750 -25.029999
v -0.307066 0.417751 -25.025980
v -0.333385 0.358750 -25.029999
v -0.342450 0.363149 -25.025980
v -0.307066 0.417751 -25.025980
v -0.307066 0.417751 -25.025980
v -0.342450 0.363149 -25.025980
v -0.312735 0.422465 -25.014999
v -0.342450 0.363149 -25.025980
v -0.349086 0.366370 -25.014999
v -0.312735 0.422465 -25.014999
v -0.312735 0.422465 -25.014999
v -0.349086 0.366370 -25.014999
v -0.314810 0.424190 -25.000000
v -0.349086 0.366370 -25.014999
v -0.351515 0.367549 -25.000000
v -0.314810 0.424190 -25.000000
v -0.314810 0.424190 -25.000000
v -0.351515 0.367549 -25.000000
v -0.314810 0.424190 25.000000
v -0.351515 0.367549 -25.000000
v -0.351515 0.367549 25.000000
v -0.314810 0.424190 25.000000
v -0.314810 0.424190 25.000000
v -0.351515 0.367549 25.000000
v -0.312735 0.422465 25.014999
v -0.351515 0.367549 25.000000
v -0.349086 0.366370 25.014999
v -0.312735 0.422465 25.014999
v -0.312735 0.422465 25.014999
v -0.349086 0.366370 25.014999
v -0.307066 0.417751 25.025982
v -0.349086 0.366370 25.014999
v -0.342450 0.363149 25.025982
v -0.307066 0.417751 25.025982
v -0.307066 0.417751 25.025982
v -0.342450 0.363149 25.025982
v -0.299322 0.411313 25.029999
v -0.342450 0.363149 25.025982
v -0.333385 0.358750 25.029999
v -0.299322 0.411313 25.029999
v -0.333385 0.358750 -25.029999
v -0.353822 0.298813 -25.029999
v -0.342450 0.363149 -25.025980
v -0.353822 0.298813 -25.029999
v -0.363656 0.300957 -25.025980
v -0.342450 0.363149 -25.025980
v -0.342450 0.363149 -25.025980
v -0.363656 0.300957 -25.025980
v -0.349086 0.366370 -25.014999
v -0.363656 0.300957 -25.025980
v -0.370855 0.302528 -25.014999
v -0.349086 0.366370 -25.014999
v -0.349086 0.366370 -25.014999
v -0.370855 0.302528 -25.014999
v -0.351515 0.367549 -25.000000
v -0.370855 0.302528 -25.014999
v -0.373490 0.303102 -25.000000
v -0.351515 0.367549 -25.000000
v -0.351515 0.367549 -25.000000
v -0.373490 0.303102 -25.000000
v -0.351515 0.367549 25.000000
v -0.373490 0.303102 -25.000000
v -0.373490 0.303102 25.000000
v -0.351515 0.367549 25.000000
v -0.351515 0.367549 25.000000
v -0.373490 0.303102 25.000000
v -0.349086 0.366370 25.014999
v -0.373490 0.303102 25.000000
v -0.370855 0.302528 25.014999
v -0.349086 0.366370 25.014999
v -0.349086 0.366370 25.014999
v -0.370855 0.302528 25.014999
v -0.342450 0.363149 25.025982
v -0.370855 0.302528 25.014999
v -0.363656 0.300957 25.025982
v -0.342450 0.363149 25.025982
v -0.342450 0.363149 25.025982
v -0.363656 0.300957 25.025982
v -0.333385 0.358750 25.029999
v -0.363656 0.300957 25.025982
v -0.353822 0.298813 25.029999
v -0.333385 0.358750 25.029999
v -0.353822 0.298813 -25.029999
v -0.360635 0.231500 -25.029999
v -0.363656 0.300957 -25.025980
v -0.360635 0.231500 -25.029999
v -0.370705 0.231311 -25.025980
v -0.363656 0.300957 -25.025980
v -0.363656 0.300957 -25.025980
v -0.370705 0.231311 -25.025980
v -0.370855 0.302528 -25.014999
v -0.370705 0.231311 -25.025980
v -0.378077 0.231173 -25.014999
v -0.370855 0.302528 -25.014999
v -0.370855 0.302528 -25.014999
v -0.378077 0.231173 -25.014999
v -0.373490 0.303102 -25.000000
v -0.378077 0.231173 -25.014999
v -0.380775 0.231122 -25.000000
v -0.373490 0.303102 -25.000000
v -0.373490 0.303102 -25.000000
v -0.380775 0.231122 -25.000000
v -0.373490 0.303102 25.000000
v -0.380775 0.231122 -25.000000
v -0.380775 0.231122 25.000000
v -0.373490 0.303102 25.000000
v -0.373490 0.303102 25.000000
v -0.380775 0.231122 25.000000
v -0.370855 0.302528 25.014999
v -0.380775 0.231122 25.000000
v -0.378077 0.231173 25.014999
v -0.370855 0.302528 25.014999
v -0.370855 0.302528 25.014999
v -0.378077 0.231173 25.014999
v -0.363656 0.300957 25.025982
v -0.378077 0.231173 25.014999
v -0.370705 0.231311 25.025982
v -0.363656 0.300957 25.025982
v -0.363656 0.300957 25.025982
v -0.370705 0.231311 25.025982
v -0.353822 0.298813 25.029999
v -0.370705 0.231311 25.025982
v -0.360635 0.231500 25.029999
v -0.353822 0.298813 25.029999
v -0.360635 0.231500 -25.029999
v -0.350572 0.159250 -25.029999
v -0.370705 0.231311 -25.025980
v -0.350572 0.159250 -25.029999
v -0.360257 0.156291 -25.025980
v -0.370705 0.231311 -25.025980
v -0.370705 0.231311 -25.025980
v -0.360257 0.156291 -25.025980
v -0.378077 0.231173 -25.014999
v -0.360257 0.156291 -25.025980
v -0.367346 0.154125 -25.014999
v -0.378077 0.231173 -25.014999
v -0.378077 0.231173 -25.014999
v -0.367346 0.154125 -25.014999
v -0.380775 0.231122 -25.000000
v -0.367346 0.154125 -25.014999
v -0.369941 0.153332 -25.000000
v -0.380775 0.231122 -25.000000
v -0.380775 0.231122 -25.000000
v -0.369941 0.153332 -25.000000
v -0.380775 0.231122 25.000000
v -0.369941 0.153332 -25.000000
v -0.369941 0.153332 25.000000
v -0.380775 0.231122 25.000000
v -0.380775 0.231122 25.000000
v -0.369941 0.153332 25.000000
v -0.378077 0.231173 25.014999
v -0.369941 0.153332 25.000000
v -0.367346 0.154125 25.014999
v -0.378077 0.231173 25.014999
v -0.378077 0.231173 25.014999
v -0.367346 0.154125 25.014999
v -0.370705 0.231311 25.025982
v -0.367346 0.154125 25.014999
v -0.360257 0.156291 25.025982
v -0.370705 0.231311 25.025982
v -0.370705 0.231311 25.025982
v -0.360257 0.156291 25.025982
v -0.360635 0.231500 25.029999
v -0.360257 0.156291 25.025982
v -0.350572 0.159250 25.029999
v -0.360635 0.231500 25.029999
v -0.350572 0.159250 -25.029999
v -0.320385 0.097500 -25.029999
v -0.360257 0.156291 -25.025980
v -0.320385 0.097500 -25.029999
v -0.328657 0.091652 -25.025980
v -0.360257 0.156291 -25.025980
v -0.360257 0.156291 -25.025980
v -0.328657 0.091652 -25.025980
v -0.367346 0.154125 -25.014999
v -0.328657 0.091652 -25.025980
v -0.334712 0.087370 -25.014999
v -0.367346 0.154125 -25.014999
v -0.367346 0.154125 -25.014999
v -0.334712 0.087370 -25.014999
v -0.369941 0.153332 -25.000000
v -0.334712 0.087370 -25.014999
v -0.336929 0.085803 -25.000000
v -0.369941 0.153332 -25.000000
v -0.369941 0.153332 -25.000000
v -0.336929 0.085803 -25.000000
v -0.369941 0.153332 25.000000
v -0.336929 0.085803 -25.000000
v -0.336929 0.085803 25.000000
v -0.369941 0.153332 25.000000
v -0.369941 0.153332 25.000000
v -0.336929 0.085803 25.000000
v -0.367346 0.154125 25.014999
v -0.336929 0.085803 25.000000
v -0.334712 0.087370 25.014999
v -0.367346 0.154125 25.014999
v -0.367346 0.154125 25.014999
v -0.334712 0.087370 25.014999
v -0.360257 0.156291 25.025982
v -0.334712 0.087370 25.014999
v -0.328657 0.091652 25.025982
v -0.360257 0.156291 25.025982
v -0.360257 0.156291 25.025982
v -0.328657 0.091652 25.025982
v -0.350572 0.159250 25.029999
v -0.328657 0.091652 25.025982
v -0.320385 0.097500 25.029999
v -0.350572 0.159250 25.029999
v -0.320385 0.097500 -25.029999
v -0.270072 0.046250 -25.029999
v -0.328657 0.091652 -25.025980
v -0.270072 0.046250 -25.029999
v -0.276256 0.038275 -25.025980
v -0.328657 0.091652 -25.025980
v -0.328657 0.091652 -25.025980
v -0.276256 0.038275 -25.025980
v -0.334712 0.087370 -25.014999
v -0.276256 0.038275 -25.025980
v -0.280783 0.032436 -25.014999
v -0.334712 0.087370 -25.014999
v -0.334712 0.087370 -25.014999
v -0.280783 0.032436 -25.014999
v -0.336929 0.085803 -25.000000
v -0.280783 0.032436 -25.014999
v -0.282440 0.030299 -25.000000
v -0.336929 0.085803 -25.000000
v -0.336929 0.085803 -25.000000
v -0.282440 0.030299 -25.000000
v -0.336929 0.085803 25.000000
v -0.282440 0.030299 -25.000000
v -0.282440 0.030299 25.000000
v -0.336929 0.085803 25.000000
v -0.336929 0.085803 25.000000
v -0.282440 0.030299 25.000000
v -0.334712 0.087370 25.014999
v -0.282440 0.030299 25.000000
v -0.280783 0.032436 25.014999
v -0.334712 0.087370 25.014999
v -0.334712 0.087370 25.014999
v -0.280783 0.032436 25.014999
v -0.328657 0.091652 25.025982
v -0.280783 0.032436 25.014999
v -0.276256 0.038275 25.025982
v -0.328657 0.091652 25.025982
v -0.328657 0.091652 25.025982
v -0.276256 0.038275 25.025982
v -0.320385 0.097500 25.029999
v -0.276256 0.038275 25.025982
v -0.270072 0.046250 25.029999
v -0.320385 0.097500 25.029999
v -0.270072 0.046250 -25.029999
v -0.199635 0.005500 -25.029999
v -0.276256 0.038275 -25.025980
v -0.199635 0.005500 -25.029999
v -0.203590 -0.003765 -25.025980
v -0.276256 0.038275 -25.025980
v -0.276256 0.038275 -25.025980
v -0.203590 -0.003765 -25.025980
v -0.280783 0.032436 -25.014999
v -0.203590 -0.003765 -25.025980
v -0.206486 -0.010547 -25.014999
v -0.280783 0.032436 -25.014999
v -0.280783 0.032436 -25.014999
v -0.206486 -0.010547 -25.014999
v -0.282440 0.030299 -25.000000
v -0.206486 -0.010547 -25.014999
v -0.207546 -0.013029 -25.000000
v -0.282440 0.030299 -25.000000
v -0.282440 0.030299 -25.000000
v -0.207546 -0.013029 -25.000000
v -0.282440 0.030299 25.000000
v -0.207546 -0.013029 -25.000000
v -0.207546 -0.013029 25.000000
v -0.282440 0.030299 25.000000
v -0.282440 0.030299 25.000000
v -0.207546 -0.013029 25.000000
v -0.280783 0.032436 25.014999
v -0.207546 -0.013029 25.000000
v -0.206486 -0.010547 25.014999
v -0.280783 0.032436 25.014999
v -0.280783 0.032436 25.014999
v -0.206486 -0.010547 25.014999
v -0.276256 0.038275 25.025982
v -0.206486 -0.010547 25.014999
v -0.203590 -0.003765 25.025982
v -0.276256 0.038275 25.025982
v -0.276256 0.038275 25.025982
v -0.203590 -0.003765 25.025982
v -0.270072 0.046250 25.029999
v -0.203590 -0.003765 25.025982
v -0.199635 0.005500 25.029999
v -0.270072 0.046250 25.029999
v -0.199635 0.005500 -25.029999
v -0.126010 -0.015875 -25.029999
v -0.203590 -0.003765 -25.025980
v -0.126010 -0.015875 -25.029999
v -0.128779 -0.025484 -25.025980
v -0.203590 -0.003765 -25.025980
v -0.203590 -0.003765 -25.025980
v -0.128779 -0.025484 -25.025980
v -0.206486 -0.010547 -25.014999
v -0.128779 -0.025484 -25.025980
v -0.130805 -0.032518 -25.014999
v -0.206486 -0.010547 -25.014999
v -0.206486 -0.010547 -25.014999
v -0.130805 -0.032518 -25.014999
v -0.207546 -0.013029 -25.000000
v -0.130805 -0.032518 -25.014999
v -0.131547 -0.035093 -25.000000
v -0.207546 -0.013029 -25.000000
v -0.207546 -0.013029 -25.000000
v -0.131547 -0.035093 -25.000000
v -0.207546 -0.013029 25.000000
v -0.131547 -0.035093 -25.000000
v -0.131547 -0.035093 25.000000
v -0.207546 -0.013029 25.000000
v -0.207546 -0.013029 25.000000
v -0.131547 -0.035093 25.000000
v -0.206486 -0.010547 25.014999
v -0.131547 -0.035093 25.000000
v -0.130805 -0.032518 25.014999
v -0.206486 -0.010547 25.014999
v -0.206486 -0.010547 25.014999
v -0.130805 -0.032518 25.014999
v -0.203590 -0.003765 25.025982
v -0.130805 -0.032518 25.014999
v -0.128779 -0.025484 25.025982
v -0.203590 -0.003765 25.025982
v -0.203590 -0.003765 25.025982
v -0.128779 -0.025484 25.025982
v -0.199635 0.005500 25.029999
v -0.128779 -0.025484 25.025982
v -0.126010 -0.015875 25.029999
v -0.199635 0.005500 25.029999
v -0.126010 -0.015875 -25.029999
v -0.052135 -0.037000 -25.029999
v -0.128779 -0.025484 -25.025980
v -0.052135 -0.037000 -25.029999
v -0.054865 -0.046620 -25.025980
v -0.128779 -0.025484 -25.025980
v -0.128779 -0.025484 -25.025980
v -0.054865 -0.046620 -25.025980
v -0.130805 -0.032518 -25.014999
v -0.054865 -0.046620 -25.025980
v -0.056863 -0.053663 -25.014999
v -0.130805 -0.032518 -25.014999
v -0.130805 -0.032518 -25.014999
v -0.056863 -0.053663 -25.014999
v -0.131547 -0.035093 -25.000000
v -0.056863 -0.053663 -25.014999
v -0.057595 -0.056240 -25.000000
v -0.131547 -0.035093 -25.000000
v -0.131547 -0.035093 -25.000000
v -0.057595 -0.056240 -25.000000
v -0.131547 -0.035093 25.000000
v -0.057595 -0.056240 -25.000000
v -0.057595 -0.056240 25.000000
v -0.131547 -0.035093 25.000000
v -0.131547 -0.035093 25.000000
v -0.057595 -0.056240 25.000000
v -0.130805 -0.032518 25.014999
v -0.057595 -0.056240 25.000000
v -0.056863 -0.053663 25.014999
v -0.130805 -0.032518 25.014999
v -0.130805 -0.032518 25.014999
v -0.056863 -0.053663 25.014999
v -0.128779 -0.025484 25.025982
v -0.056863 -0.053663 25.014999
v -0.054865 -0.046620 25.025982
v -0.128779 -0.025484 25.025982
v -0.128779 -0.025484 25.025982
v -0.054865 -0.046620 25.025982
v -0.126010 -0.015875 25.029999
v -0.054865 -0.046620 25.025982
v -0.052135 -0.037000 25.029999
v -0.126010 -0.015875 25.029999
v -0.052135 -0.037000 -25.029999
v 0.021990 -0.057875 -25.029999
v -0.054865 -0.046620 -25.025980
v 0.021990 -0.057875 -25.029999
v 0.019299 -0.067506 -25.025980
v -0.054865 -0.046620 -25.025980
v -0.054865 -0.046620 -25.025980
v 0.019299 -0.067506 -25.025980
v -0.056863 -0.053663 -25.014999
v 0.019299 -0.067506 -25.025980
v 0.017328 -0.074556 -25.014999
v -0.056863 -0.053663 -25.014999
v -0.056863 -0.053663 -25.014999
v 0.017328 -0.074556 -25.014999
v -0.057595 -0.056240 -25.000000
v 0.017328 -0.074556 -25.014999
v 0.016607 -0.077137 -25.000000
v -0.057595 -0.056240 -25.000000
v -0.057595 -0.056240 -25.000000
v 0.016607 -0.077137 -25.000000
v -0.057595 -0.056240 25.000000
v 0.016607 -0.077137 -25.000000
v 0.016607 -0.077137 25.000000
v -0.057595 -0.056240 25.000000
v -0.057595 -0.056240 25.000000
v 0.016607 -0.077137 25.000000
v -0.056863 -0.053663 25.014999
v 0.016607 -0.077137 25.000000
v 0.017328 -0.074556 25.014999
v -0.056863 -0.053663 25.014999
v -0.056863 -0.053663 25.014999
v 0.017328 -0.074556 25.014999
v -0.054865 -0.046620 25.025982
v 0.017328 -0.074556 25.014999
v 0.019299 -0.067506 25.025982
v -0.054865 -0.046620 25.025982
v -0.054865 -0.046620 25.025982
v 0.019299 -0.067506 25.025982
v -0.052135 -0.037000 25.029999
v 0.019299 -0.067506 25.025982
v 0.021990 -0.057875 25.029999
v -0.052135 -0.037000 25.029999
v 0.021990 -0.057875 -25.029999
v 0.096365 -0.078500 -25.029999
v 0.019299 -0.067506 -25.025980
v 0.096365 -0.078500 -25.029999
v 0.093122 -0.087978 -25.025980
v 0.019299 -0.067506 -25.025980
v 0.019299 -0.067506 -25.025980
v 0.093122 -0.087978 -25.025980
v 0.017328 -0.074556 -25.014999
v 0.093122 -0.087978 -25.025980
v 0.090747 -0.094916 -25.014999
v 0.017328 -0.074556 -25.014999
v 0.017328 -0.074556 -25.014999
v 0.090747 -0.094916 -25.014999
v 0.016607 -0.077137 -25.000000
v 0.090747 -0.094916 -25.014999
v 0.089878 -0.097456 -25.000000
v 0.016607 -0.077137 -25.000000
v 0.016607 -0.077137 -25.000000
v 0.089878 -0.097456 -25.000000
v 0.016607 -0.077137 25.000000
v 0.089878 -0.097456 -25.000000
v 0.089878 -0.097456 25.000000
v 0.016607 -0.077137 25.000000
v 0.016607 -0.077137 25.000000
v 0.089878 -0.097456 25.000000
v 0.017328 -0.074556 25.014999
v 0.089878 -0.097456 25.000000
v 0.090747 -0.094916 25.014999
v 0.017328 -0.074556 25.014999
v 0.017328 -0.074556 25.014999
v 0.090747 -0.094916 25.014999
v 0.019299 -0.067506 25.025982
v 0.090747 -0.094916 25.014999
v 0.093122 -0.087978 25.025982
v 0.019299 -0.067506 25.025982
v 0.019299 -0.067506 25.025982
v 0.093122 -0.087978 25.025982
v 0.021990 -0.057875 25.029999
v 0.093122 -0.087978 25.025982
v 0.096365 -0.078500 25.029999
v 0.021990 -0.057875 25.029999
v 0.096365 -0.078500 -25.029999
v 0.166365 -0.107187 -25.029999
v 0.093122 -0.087978 -25.025980
v 0.166365 -0.107187 -25.029999
v 0.161477 -0.115991 -25.025980
v 0.093122 -0.087978 -25.025980
v 0.093122 -0.087978 -25.025980
v 0.161477 -0.115991 -25.025980
v 0.090747 -0.094916 -25.014999
v 0.161477 -0.115991 -25.025980
v 0.157898 -0.122436 -25.014999
v 0.090747 -0.094916 -25.014999
v 0.090747 -0.094916 -25.014999
v 0.157898 -0.122436 -25.014999
v 0.089878 -0.097456 -25.000000
v 0.157898 -0.122436 -25.014999
v 0.156588 -0.124795 -25.000000
v 0.089878 -0.097456 -25.000000
v 0.089878 -0.097456 -25.000000
v 0.156588 -0.124795 -25.000000
v 0.089878 -0.097456 25.000000
v 0.156588 -0.124795 -25.000000
v 0.156588 -0.124795 25.000000
v 0.089878 -0.097456 25.000000
v 0.089878 -0.097456 25.000000
v 0.156588 -0.124795 25.000000
v 0.090747 -0.094916 25.014999
v 0.156588 -0.124795 25.000000
v 0.157898 -0.122436 25.014999
v 0.090747 -0.094916 25.014999
v 0.090747 -0.094916 25.014999
v 0.157898 -0.122436 25.014999
v 0.093122 -0.087978 25.025982
v 0.157898 -0.122436 25.014999
v 0.161477 -0.115991 25.025982
v 0.093122 -0.087978 25.025982
v 0.093122 -0.087978 25.025982
v 0.161477 -0.115991 25.025982
v 0.096365 -0.078500 25.029999
v 0.161477 -0.115991 25.025982
v 0.166365 -0.107187 25.029999
v 0.096365 -0.078500 25.029999
v 0.166365 -0.107187 -25.029999
v 0.216365 -0.143250 -25.029999
v 0.161477 -0.115991 -25.025980
v 0.216365 -0.143250 -25.029999
v 0.209117 -0.150352 -25.025980
v 0.161477 -0.115991 -25.025980
v 0.161477 -0.115991 -25.025980
v 0.209117 -0.150352 -25.025980
v 0.157898 -0.122436 -25.014999
v 0.209117 -0.150352 -25.025980
v 0.203811 -0.155551 -25.014999
v 0.157898 -0.122436 -25.014999
v 0.157898 -0.122436 -25.014999
v 0.203811 -0.155551 -25.014999
v 0.156588 -0.124795 -25.000000
v 0.203811 -0.155551 -25.014999
v 0.201869 -0.157454 -25.000000
v 0.156588 -0.124795 -25.000000
v 0.156588 -0.124795 -25.000000
v 0.201869 -0.157454 -25.000000
v 0.156588 -0.124795 25.000000
v 0.201869 -0.157454 -25.000000
v 0.201869 -0.157454 25.000000
v 0.156588 -0.124795 25.000000
v 0.156588 -0.124795 25.000000
v 0.201869 -0.157454 25.000000
v 0.157898 -0.122436 25.014999
v 0.201869 -0.157454 25.000000
v 0.203811 -0.155551 25.014999
v 0.157898 -0.122436 25.014999
v 0.157898 -0.122436 25.014999
v 0.203811 -0.155551 25.014999
v 0.161477 -0.115991 25.025982
v 0.203811 -0.155551 25.014999
v 0.209117 -0.150352 25.025982
v 0.161477 -0.115991 25.025982
v 0.161477 -0.115991 25.025982
v 0.209117 -0.150352 25.025982
v 0.166365 -0.107187 25.029999
v 0.209117 -0.150352 25.025982
v 0.216365 -0.143250 25.029999
v 0.166365 -0.107187 25.029999
v 0.216365 -0.143250 -25.029999
v 0.246365 -0.186687 -25.029999
v 0.209117 -0.150352 -25.025980
v 0.246365 -0.186687 -25.029999
v 0.236955 -0.190659 -25.025980
v 0.209117 -0.150352 -25.025980
v 0.209117 -0.150352 -25.025980
v 0.236955 -0.190659 -25.025980
v 0.203811 -0.155551 -25.014999
v 0.236955 -0.190659 -25.025980
v 0.230066 -0.193566 -25.014999
v 0.203811 -0.155551 -25.014999
v 0.203811 -0.155551 -25.014999
v 0.230066 -0.193566 -25.014999
v 0.201869 -0.157454 -25.000000
v 0.230066 -0.193566 -25.014999
v 0.227545 -0.194631 -25.000000
v 0.201869 -0.157454 -25.000000
v 0.201869 -0.157454 -25.000000
v 0.227545 -0.194631 -25.000000
v 0.201869 -0.157454 25.000000
v 0.227545 -0.194631 -25.000000
v 0.227545 -0.194631 25.000000
v 0.201869 -0.157454 25.000000
v 0.201869 -0.157454 25.000000
v 0.227545 -0.194631 25.000000
v 0.203811 -0.155551 25.014999
v 0.227545 -0.194631 25.000000
v 0.230066 -0.193566 25.014999
v 0.203811 -0.155551 25.014999
v 0.203811 -0.155551 25.014999
v 0.230066 -0.193566 25.014999
v 0.209117 -0.150352 25.025982
v 0.230066 -0.193566 25.014999
v 0.236955 -0.190659 25.025982
v 0.209117 -0.150352 25.025982
v 0.209117 -0.150352 25.025982
v 0.236955 -0.190659 25.025982
v 0.216365 -0.143250 25.029999
v 0.236955 -0.190659 25.025982
v 0.246365 -0.186687 25.029999
v 0.216365 -0.143250 25.029999
v 0.246365 -0.186687 -25.029999
v 0.256365 -0.237500 -25.029999
v 0.236955 -0.190659 -25.025980
v 0.256365 -0.237500 -25.029999
v 0.246228 -0.237779 -25.025980
v 0.236955 -0.190659 -25.025980
v 0.236955 -0.190659 -25.025980
v 0.246228 -0.237779 -25.025980
v 0.230066 -0.193566 -25.014999
v 0.246228 -0.237779 -25.025980
v 0.238807 -0.237983 -25.014999
v 0.230066 -0.193566 -25.014999
v 0.230066 -0.193566 -25.014999
v 0.238807 -0.237983 -25.014999
v 0.227545 -0.194631 -25.000000
v 0.238807 -0.237983 -25.014999
v 0.236091 -0.238057 -25.000000
v 0.227545 -0.194631 -25.000000
v 0.227545 -0.194631 -25.000000
v 0.236091 -0.238057 -25.000000
v 0.227545 -0.194631 25.000000
v 0.236091 -0.238057 -25.000000
v 0.236091 -0.238057 25.000000
v 0.227545 -0.194631 25.000000
v 0.227545 -0.194631 25.000000
v 0.236091 -0.238057 25.000000
v 0.230066 -0.193566 25.014999
v 0.236091 -0.238057 25.000000
v 0.238807 -0.237983 25.014999
v 0.230066 -0.193566 25.014999
v 0.230066 -0.193566 25.014999
v 0.238807 -0.237983 25.014999
v 0.236955 -0.190659 25.025982
v 0.238807 -0.237983 25.014999
v 0.246228 -0.237779 25.025982
v 0.236955 -0.190659 25.025982
v 0.236955 -0.190659 25.025982
v 0.246228 -0.237779 25.025982
v 0.246365 -0.186687 25.029999
v 0.246228 -0.237779 25.025982
v 0.256365 -0.237500 25.029999
v 0.246365 -0.186687 25.029999
v 0.256365 -0.237500 -25.029999
v 0.250553 -0.278937 -25.029999
v 0.246228 -0.237779 -25.025980
v 0.250553 -0.278937 -25.029999
v 0.240858 -0.276063 -25.025980
v 0.246228 -0.237779 -25.025980
v 0.246228 -0.237779 -25.025980
v 0.240858 -0.276063 -25.025980
v 0.238807 -0.237983 -25.014999
v 0.240858 -0.276063 -25.025980
v 0.233761 -0.273958 -25.014999
v 0.238807 -0.237983 -25.014999
v 0.238807 -0.237983 -25.014999
v 0.233761 -0.273958 -25.014999
v 0.236091 -0.238057 -25.000000
v 0.233761 -0.273958 -25.014999
v 0.231163 -0.273188 -25.000000
v 0.236091 -0.238057 -25.000000
v 0.236091 -0.238057 -25.000000
v 0.231163 -0.273188 -25.000000
v 0.236091 -0.238057 25.000000
v 0.231163 -0.273188 -25.000000
v 0.231163 -0.273188 25.000000
v 0.236091 -0.238057 25.000000
v 0.236091 -0.238057 25.000000
v 0.231163 -0.273188 25.000000
v 0.238807 -0.237983 25.014999
v 0.231163 -0.273188 25.000000
v 0.233761 -0.273958 25.014999
v 0.238807 -0.237983 25.014999
v 0.238807 -0.237983 25.014999
v 0.233761 -0.273958 25.014999
v 0.246228 -0.237779 25.025982
v 0.233761 -0.273958 25.014999
v 0.240858 -0.276063 25.025982
v 0.246228 -0.237779 25.025982
v 0.246228 -0.237779 25.025982
v 0.240858 -0.276063 25.025982
v 0.256365 -0.237500 25.029999
v 0.240858 -0.276063 25.025982
v 0.250553 -0.278937 25.029999
v 0.256365 -0.237500 25.029999
v 0.250553 -0.278937 -25.029999
v 0.233115 -0.316250 -25.029999
v 0.240858 -0.276063 -25.025980
v 0.233115 -0.316250 -25.029999
v 0.224657 -0.310730 -25.025980
v 0.240858 -0.276063 -25.025980
v 0.240858 -0.276063 -25.025980
v 0.224657 -0.310730 -25.025980
v 0.233761 -0.273958 -25.014999
v 0.224657 -0.310730 -25.025980
v 0.218465 -0.306689 -25.014999
v 0.233761 -0.273958 -25.014999
v 0.233761 -0.273958 -25.014999
v 0.218465 -0.306689 -25.014999
v 0.231163 -0.273188 -25.000000
v 0.218465 -0.306689 -25.014999
v 0.216198 -0.305210 -25.000000
v 0.231163 -0.273188 -25.000000
v 0.231163 -0.273188 -25.000000
v 0.216198 -0.305210 -25.000000
v 0.231163 -0.273188 25.000000
v 0.216198 -0.305210 -25.000000
v 0.216198 -0.305210 25.000000
v 0.231163 -0.273188 25.000000
v 0.231163 -0.273188 25.000000
v 0.216198 -0.305210 25.000000
v 0.233761 -0.273958 25.014999
v 0.216198 -0.305210 25.000000
v 0.218465 -0.306689 25.014999
v 0.233761 -0.273958 25.014999
v 0.233761 -0.273958 25.014999
v 0.218465 -0.306689 25.014999
v 0.240858 -0.276063 25.025982
v 0.218465 -0.306689 25.014999
v 0.224657 -0.310730 25.025982
v 0.240858 -0.276063 25.025982
v 0.240858 -0.276063 25.025982
v 0.224657 -0.310730 25.025982
v 0.250553 -0.278937 25.029999
v 0.224657 -0.310730 25.025982
v 0.233115 -0.316250 25.029999
v 0.250553 -0.278937 25.029999
v 0.233115 -0.316250 -25.029999
v 0.204053 -0.349437 -25.029999
v 0.224657 -0.310730 -25.025980
v 0.204053 -0.349437 -25.029999
v 0.197295 -0.341975 -25.025980
v 0.224657 -0.310730 -25.025980
v 0.224657 -0.310730 -25.025980
v 0.197295 -0.341975 -25.025980
v 0.218465 -0.306689 -25.014999
v 0.197295 -0.341975 -25.025980
v 0.192348 -0.336513 -25.014999
v 0.218465 -0.306689 -25.014999
v 0.218465 -0.306689 -25.014999
v 0.192348 -0.336513 -25.014999
v 0.216198 -0.305210 -25.000000
v 0.192348 -0.336513 -25.014999
v 0.190537 -0.334513 -25.000000
v 0.216198 -0.305210 -25.000000
v 0.216198 -0.305210 -25.000000
v 0.190537 -0.334513 -25.000000
v 0.216198 -0.305210 25.000000
v 0.190537 -0.334513 -25.000000
v 0.190537 -0.334513 25.000000
v 0.216198 -0.305210 25.000000
v 0.216198 -0.305210 25.000000
v 0.190537 -0.334513 25.000000
v 0.218465 -0.306689 25.014999
v 0.190537 -0.334513 25.000000
v 0.192348 -0.336513 25.014999
v 0.218465 -0.306689 25.014999
v 0.218465 -0.306689 25.014999
v 0.192348 -0.336513 25.014999
v 0.224657 -0.310730 25.025982
v 0.192348 -0.336513 25.014999
v 0.197295 -0.341975 25.025982
v 0.224657 -0.310730 25.025982
v 0.224657 -0.310730 25.025982
v 0.197295 -0.341975 25.025982
v 0.233115 -0.316250 25.029999
v 0.197295 -0.341975 25.025982
v 0.204053 -0.349437 25.029999
v 0.233115 -0.316250 25.029999
v 0.204053 -0.349437 -25.029999
v 0.163365 -0.378500 -25.029999
v 0.197295 -0.341975 -25.025980
v 0.163365 -0.378500 -25.029999
v 0.158256 -0.369861 -25.025980
v 0.197295 -0.341975 -25.025980
v 0.197295 -0.341975 -25.025980
v 0.158256 -0.369861 -25.025980
v 0.192348 -0.336513 -25.014999
v 0.158256 -0.369861 -25.025980
v 0.154515 -0.363536 -25.014999
v 0.192348 -0.336513 -25.014999
v 0.192348 -0.336513 -25.014999
v 0.154515 -0.363536 -25.014999
v 0.190537 -0.334513 -25.000000
v 0.154515 -0.363536 -25.014999
v 0.153146 -0.361221 -25.000000
v 0.190537 -0.334513 -25.000000
v 0.190537 -0.334513 -25.000000
v 0.153146 -0.361221 -25.000000
v 0.190537 -0.334513 25.000000
v 0.153146 -0.361221 -25.000000
v 0.153146 -0.361221 25.000000
v 0.190537 -0.334513 25.000000
v 0.190537 -0.334513 25.000000
v 0.153146 -0.361221 25.000000
v 0.192348 -0.336513 25.014999
v 0.153146 -0.361221 25.000000
v 0.154515 -0.363536 25.014999
v 0.192348 -0.336513 25.014999
v 0.192348 -0.336513 25.014999
v 0.154515 -0.363536 25.014999
v 0.197295 -0.341975 25.025982
v 0.154515 -0.363536 25.014999
v 0.158256 -0.369861 25.025982
v 0.197295 -0.341975 25.025982
v 0.197295 -0.341975 25.025982
v 0.158256 -0.369861 25.025982
v 0.204053 -0.349437 25.029999
v 0.158256 -0.369861 25.025982
v 0.163365 -0.378500 25.029999
v 0.204053 -0.349437 25.029999
v 0.163365 -0.378500 -25.029999
v 0.123303 -0.397750 -25.029999
v 0.158256 -0.369861 -25.025980
v 0.123303 -0.397750 -25.029999
v 0.119571 -0.388448 -25.025980
v 0.158256 -0.369861 -25.025980
v 0.158256 -0.369861 -25.025980
v 0.119571 -0.388448 -25.025980
v 0.154515 -0.363536 -25.014999
v 0.119571 -0.388448 -25.025980
v 0.116840 -0.381639 -25.014999
v 0.154515 -0.363536 -25.014999
v 0.154515 -0.363536 -25.014999
v 0.116840 -0.381639 -25.014999
v 0.153146 -0.361221 -25.000000
v 0.116840 -0.381639 -25.014999
v 0.115840 -0.379147 -25.000000
v 0.153146 -0.361221 -25.000000
v 0.153146 -0.361221 -25.000000
v 0.115840 -0.379147 -25.000000
v 0.153146 -0.361221 25.000000
v 0.115840 -0.379147 -25.000000
v 0.115840 -0.379147 25.000000
v 0.153146 -0.361221 25.000000
v 0.153146 -0.361221 25.000000
v 0.115840 -0.379147 25.000000
v 0.154515 -0.363536 25.014999
v 0.115840 -0.379147 25.000000
v 0.116840 -0.381639 25.014999
v 0.154515 -0.363536 25.014999
v 0.154515 -0.363536 25.014999
v 0.116840 -0.381639 25.014999
v 0.158256 -0.369861 25.025982
v 0.116840 -0.381639 25.014999
v 0.119571 -0.388448 25.025982
v 0.158256 -0.369861 25.025982
v 0.158256 -0.369861 25.025982
v 0.119571 -0.388448 25.025982
v 0.163365 -0.378500 25.029999
v 0.119571 -0.388448 25.025982
v 0.123303 -0.397750 25.029999
v 0.163365 -0.378500 25.029999
v 0.123303 -0.397750 -25.029999
v 0.081115 -0.411500 -25.029999
v 0.119571 -0.388448 -25.025980
v 0.081115 -0.411500 -25.029999
v 0.078640 -0.401789 -25.025980
v 0.119571 -0.388448 -25.025980
v 0.119571 -0.388448 -25.025980
v 0.078640 -0.401789 -25.025980
v 0.116840 -0.381639 -25.014999
v 0.078640 -0.401789 -25.025980
v 0.076828 -0.394680 -25.014999
v 0.116840 -0.381639 -25.014999
v 0.116840 -0.381639 -25.014999
v 0.076828 -0.394680 -25.014999
v 0.115840 -0.379147 -25.000000
v 0.076828 -0.394680 -25.014999
v 0.076165 -0.392078 -25.000000
v 0.115840 -0.379147 -25.000000
v 0.115840 -0.379147 -25.000000
v 0.076165 -0.392078 -25.000000
v 0.115840 -0.379147 25.000000
v 0.076165 -0.392078 -25.000000
v 0.076165 -0.392078 25.000000
v 0.115840 -0.379147 25.000000
v 0.115840 -0.379147 25.000000
v 0.076165 -0.392078 25.000000
v 0.116840 -0.381639 25.014999
v 0.076165 -0.392078 25.000000
v 0.076828 -0.394680 25.014999
v 0.116840 -0.381639 25.014999
v 0.116840 -0.381639 25.014999
v 0.076828 -0.394680 25.014999
v 0.119571 -0.388448 25.025982
v 0.076828 -0.394680 25.014999
v 0.078640 -0.401789 25.025982
v 0.119571 -0.388448 25.025982
v 0.119571 -0.388448 25.025982
v 0.078640 -0.401789 25.025982
v 0.123303 -0.397750 25.029999
v 0.078640 -0.401789 25.025982
v 0.081115 -0.411500 25.029999
v 0.123303 -0.397750 25.029999
v 0.081115 -0.411500 -25.029999
v 0.036803 -0.419750 -25.029999
v 0.078640 -0.401789 -25.025980
v 0.036803 -0.419750 -25.029999
v 0.035587 -0.409804 -25.025980
v 0.078640 -0.401789 -25.025980
v 0.078640 -0.401789 -25.025980
v 0.035587 -0.409804 -25.025980
v 0.076828 -0.394680 -25.014999
v 0.035587 -0.409804 -25.025980
v 0.034697 -0.402524 -25.014999
v 0.076828 -0.394680 -25.014999
v 0.076828 -0.394680 -25.014999
v 0.034697 -0.402524 -25.014999
v 0.076165 -0.392078 -25.000000
v 0.034697 -0.402524 -25.014999
v 0.034372 -0.399859 -25.000000
v 0.076165 -0.392078 -25.000000
v 0.076165 -0.392078 -25.000000
v 0.034372 -0.399859 -25.000000
v 0.076165 -0.392078 25.000000
v 0.034372 -0.399859 -25.000000
v 0.034372 -0.399859 25.000000
v 0.076165 -0.392078 25.000000
v 0.076165 -0.392078 25.000000
v 0.034372 -0.399859 25.000000
v 0.076828 -0.394680 25.014999
v 0.034372 -0.399859 25.000000
v 0.034697 -0.402524 25.014999
v 0.076828 -0.394680 25.014999
v 0.076828 -0.394680 25.014999
v 0.034697 -0.402524 25.014999
v 0.078640 -0.401789 25.025982
v 0.034697 -0.402524 25.014999
v 0.035587 -0.409804 25.025982
v 0.078640 -0.401789 25.025982
v 0.078640 -0.401789 25.025982
v 0.035587 -0.409804 25.025982
v 0.081115 -0.411500 25.029999
v 0.035587 -0.409804 25.025982
v 0.036803 -0.419750 25.029999
v 0.081115 -0.411500 25.029999
v 0.036803 -0.419750 -25.029999
v -0.009635 -0.422500 -25.029999
v 0.035587 -0.409804 -25.025980
v -0.009635 -0.422500 -25.029999
v -0.009548 -0.412477 -25.025980
v 0.035587 -0.409804 -25.025980
v 0.035587 -0.409804 -25.025980
v -0.009548 -0.412477 -25.025980
v 0.034697 -0.402524 -25.014999
v -0.009548 -0.412477 -25.025980
v -0.009484 -0.405140 -25.014999
v 0.034697 -0.402524 -25.014999
v 0.034697 -0.402524 -25.014999
v -0.009484 -0.405140 -25.014999
v 0.034372 -0.399859 -25.000000
v -0.009484 -0.405140 -25.014999
v -0.009461 -0.402455 -25.000000
v 0.034372 -0.399859 -25.000000
v 0.034372 -0.399859 -25.000000
v -0.009461 -0.402455 -25.000000
v 0.034372 -0.399859 25.000000
v -0.009461 -0.402455 -25.000000
v -0.009461 -0.402455 25.000000
v 0.034372 -0.399859 25.000000
v 0.034372 -0.399859 25.000000
v -0.009461 -0.402455 25.000000
v 0.034697 -0.402524 25.014999
v -0.009461 -0.402455 25.000000
v -0.009484 -0.405140 25.014999
v 0.034697 -0.402524 25.014999
v 0.034697 -0.402524 25.014999
v -0.009484 -0.405140 25.014999
v 0.035587 -0.409804 25.025982
v -0.009484 -0.405140 25.014999
v -0.009548 -0.412477 25.025982
v 0.035587 -0.409804 25.025982
v 0.035587 -0.409804 25.025982
v -0.009548 -0.412477 25.025982
v 0.036803 -0.419750 25.029999
v -0.009548 -0.412477 25.025982
v -0.009635 -0.422500 25.029999
v 0.036803 -0.419750 25.029999
v -0.009635 -0.422500 -25.029999
v -0.064260 -0.418312 -25.029999
v -0.009548 -0.412477 -25.025980
v -0.064260 -0.418312 -25.029999
v -0.062620 -0.408409 -25.025980
v -0.009548 -0.412477 -25.025980
v -0.009548 -0.412477 -25.025980
v -0.062620 -0.408409 -25.025980
v -0.009484 -0.405140 -25.014999
v -0.062620 -0.408409 -25.025980
v -0.061420 -0.401159 -25.014999
v -0.009484 -0.405140 -25.014999
v -0.009484 -0.405140 -25.014999
v -0.061420 -0.401159 -25.014999
v -0.009461 -0.402455 -25.000000
v -0.061420 -0.401159 -25.014999
v -0.060981 -0.398505 -25.000000
v -0.009461 -0.402455 -25.000000
v -0.009461 -0.402455 -25.000000
v -0.060981 -0.398505 -25.000000
v -0.009461 -0.402455 25.000000
v -0.060981 -0.398505 -25.000000
v -0.060981 -0.398505 25.000000
v -0.009461 -0.402455 25.000000
v -0.009461 -0.402455 25.000000
v -0.060981 -0.398505 25.000000
v -0.009484 -0.405140 25.014999
v -0.060981 -0.398505 25.000000
v -0.061420 -0.401159 25.014999
v -0.009484 -0.405140 25.014999
v -0.009484 -0.405140 25.014999
v -0.061420 -0.401159 25.014999
v -0.009548 -0.412477 25.025982
v -0.061420 -0.401159 25.014999
v -0.062620 -0.408409 25.025982
v -0.009548 -0.412477 25.025982
v -0.009548 -0.412477 25.025982
v -0.062620 -0.408409 25.025982
v -0.009635 -0.422500 25.029999
v -0.062620 -0.408409 25.025982
v -0.064260 -0.418312 25.029999
v -0.009635 -0.422500 25.029999
v -0.064260 -0.418312 -25.029999
v -0.113135 -0.405750 -25.029999
v -0.062620 -0.408409 -25.025980
v -0.113135 -0.405750 -25.029999
v -0.109672 -0.396315 -25.025980
v -0.062620 -0.408409 -25.025980
v -0.062620 -0.408409 -25.025980
v -0.109672 -0.396315 -25.025980
v -0.061420 -0.401159 -25.014999
v -0.109672 -0.396315 -25.025980
v -0.107137 -0.389408 -25.014999
v -0.061420 -0.401159 -25.014999
v -0.061420 -0.401159 -25.014999
v -0.107137 -0.389408 -25.014999
v -0.060981 -0.398505 -25.000000
v -0.107137 -0.389408 -25.014999
v -0.106209 -0.386880 -25.000000
v -0.060981 -0.398505 -25.000000
v -0.060981 -0.398505 -25.000000
v -0.106209 -0.386880 -25.000000
v -0.060981 -0.398505 25.000000
v -0.106209 -0.386880 -25.000000
v -0.106209 -0.386880 25.000000
v -0.060981 -0.398505 25.000000
v -0.060981 -0.398505 25.000000
v -0.106209 -0.386880 25.000000
v -0.061420 -0.401159 25.014999
v -0.106209 -0.386880 25.000000
v -0.107137 -0.389408 25.014999
v -0.061420 -0.401159 25.014999
v -0.061420 -0.401159 25.014999
v -0.107137 -0.389408 25.014999
v -0.062620 -0.408409 25.025982
v -0.107137 -0.389408 25.014999
v -0.109672 -0.396315 25.025982
v -0.062620 -0.408409 25.025982
v -0.062620 -0.408409 25.025982
v -0.109672 -0.396315 25.025982
v -0.064260 -0.418312 25.029999
v -0.109672 -0.396315 25.025982
v -0.113135 -0.405750 25.029999
v -0.064260 -0.418312 25.029999
v -0.113135 -0.405750 -25.029999
v -0.156260 -0.384812 -25.029999
v -0.109672 -0.396315 -25.025980
v -0.156260 -0.384812 -25.029999
v -0.150930 -0.376284 -25.025980
v -0.109672 -0.396315 -25.025980
v -0.109672 -0.396315 -25.025980
v -0.150930 -0.376284 -25.025980
v -0.107137 -0.389408 -25.014999
v -0.150930 -0.376284 -25.025980
v -0.147029 -0.370040 -25.014999
v -0.107137 -0.389408 -25.014999
v -0.107137 -0.389408 -25.014999
v -0.147029 -0.370040 -25.014999
v -0.106209 -0.386880 -25.000000
v -0.147029 -0.370040 -25.014999
v -0.145600 -0.367755 -25.000000
v -0.106209 -0.386880 -25.000000
v -0.106209 -0.386880 -25.000000
v -0.145600 -0.367755 -25.000000
v -0.106209 -0.386880 25.000000
v -0.145600 -0.367755 -25.000000
v -0.145600 -0.367755 25.000000
v -0.106209 -0.386880 25.000000
v -0.106209 -0.386880 25.000000
v -0.145600 -0.367755 25.000000
v -0.107137 -0.389408 25.014999
v -0.145600 -0.367755 25.000000
v -0.147029 -0.370040 25.014999
v -0.107137 -0.389408 25.014999
v -0.107137 -0.389408 25.014999
v -0.147029 -0.370040 25.014999
v -0.109672 -0.396315 25.025982
v -0.147029 -0.370040 25.014999
v -0.150930 -0.376284 25.025982
v -0.109672 -0.396315 25.025982
v -0.109672 -0.396315 25.025982
v -0.150930 -0.376284 25.025982
v -0.113135 -0.405750 25.029999
v -0.150930 -0.376284 25.025982
v -0.156260 -0.384812 25.029999
v -0.113135 -0.405750 25.029999
v -0.156260 -0.384812 -25.029999
v -0.193635 -0.355500 -25.029999
v -0.150930 -0.376284 -25.025980
v -0.193635 -0.355500 -25.029999
v -0.186586 -0.348320 -25.025980
v -0.150930 -0.376284 -25.025980
v -0.150930 -0.376284 -25.025980
v -0.186586 -0.348320 -25.025980
v -0.147029 -0.370040 -25.014999
v -0.186586 -0.348320 -25.025980
v -0.181426 -0.343063 -25.014999
v -0.147029 -0.370040 -25.014999
v -0.147029 -0.370040 -25.014999
v -0.181426 -0.343063 -25.014999
v -0.145600 -0.367755 -25.000000
v -0.181426 -0.343063 -25.014999
v -0.179537 -0.341140 -25.000000
v -0.145600 -0.367755 -25.000000
v -0.145600 -0.367755 -25.000000
v -0.179537 -0.341140 -25.000000
v -0.145600 -0.367755 25.000000
v -0.179537 -0.341140 -25.000000
v -0.179537 -0.341140 25.000000
v -0.145600 -0.367755 25.000000
v -0.145600 -0.367755 25.000000
v -0.179537 -0.341140 25.000000
v -0.147029 -0.370040 25.014999
v -0.179537 -0.341140 25.000000
v -0.181426 -0.343063 25.014999
v -0.147029 -0.370040 25.014999
v -0.147029 -0.370040 25.014999
v -0.181426 -0.343063 25.014999
v -0.150930 -0.376284 25.025982
v -0.181426 -0.343063 25.014999
v -0.186586 -0.348320 25.025982
v -0.150930 -0.376284 25.025982
v -0.150930 -0.376284 25.025982
v -0.186586 -0.348320 25.025982
v -0.156260 -0.384812 25.029999
v -0.186586 -0.348320 25.025982
v -0.193635 -0.355500 25.029999
v -0.156260 -0.384812 25.029999
v -0.193635 -0.355500 -25.029999
v -0.223822 -0.318437 -25.029999
v -0.186586 -0.348320 -25.025980
v -0.223822 -0.318437 -25.029999
v -0.215370 -0.312980 -25.025980
v -0.186586 -0.348320 -25.025980
v -0.186586 -0.348320 -25.025980
v -0.215370 -0.312980 -25.025980
v -0.181426 -0.343063 -25.014999
v -0.215370 -0.312980 -25.025980
v -0.209182 -0.308985 -25.014999
v -0.181426 -0.343063 -25.014999
v -0.181426 -0.343063 -25.014999
v -0.209182 -0.308985 -25.014999
v -0.179537 -0.341140 -25.000000
v -0.209182 -0.308985 -25.014999
v -0.206917 -0.307523 -25.000000
v -0.179537 -0.341140 -25.000000
v -0.179537 -0.341140 -25.000000
v -0.206917 -0.307523 -25.000000
v -0.179537 -0.341140 25.000000
v -0.206917 -0.307523 -25.000000
v -0.206917 -0.307523 25.000000
v -0.179537 -0.341140 25.000000
v -0.179537 -0.341140 25.000000
v -0.206917 -0.307523 25.000000
v -0.181426 -0.343063 25.014999
v -0.206917 -0.307523 25.000000
v -0.209182 -0.308985 25.014999
v -0.181426 -0.343063 25.014999
v -0.181426 -0.343063 25.014999
v -0.209182 -0.308985 25.014999
v -0.186586 -0.348320 25.025982
v -0.209182 -0.308985 25.014999
v -0.215370 -0.312980 25.025982
v -0.186586 -0.348320 25.025982
v -0.186586 -0.348320 25.025982
v -0.215370 -0.312980 25.025982
v -0.193635 -0.355500 25.029999
v -0.215370 -0.312980 25.025982
v -0.223822 -0.318437 25.029999
v -0.193635 -0.355500 25.029999
v -0.223822 -0.318437 -25.029999
v -0.245385 -0.275250 -25.029999
v -0.215370 -0.312980 -25.025980
v -0.245385 -0.275250 -25.029999
v -0.235975 -0.271710 -25.025980
v -0.215370 -0.312980 -25.025980
v -0.215370 -0.312980 -25.025980
v -0.235975 -0.271710 -25.025980
v -0.209182 -0.308985 -25.014999
v -0.235975 -0.271710 -25.025980
v -0.229087 -0.269119 -25.014999
v -0.209182 -0.308985 -25.014999
v -0.209182 -0.308985 -25.014999
v -0.229087 -0.269119 -25.014999
v -0.206917 -0.307523 -25.000000
v -0.229087 -0.269119 -25.014999
v -0.226565 -0.268170 -25.000000
v -0.206917 -0.307523 -25.000000
v -0.206917 -0.307523 -25.000000
v -0.226565 -0.268170 -25.000000
v -0.206917 -0.307523 25.000000
v -0.226565 -0.268170 -25.000000
v -0.226565 -0.268170 25.000000
v -0.206917 -0.307523 25.000000
v -0.206917 -0.307523 25.000000
v -0.226565 -0.268170 25.000000
v -0.209182 -0.308985 25.014999
v -0.226565 -0.268170 25.000000
v -0.229087 -0.269119 25.014999
v -0.209182 -0.308985 25.014999
v -0.209182 -0.308985 25.014999
v -0.229087 -0.269119 25.014999
v -0.215370 -0.312980 25.025982
v -0.229087 -0.269119 25.014999
v -0.235975 -0.271710 25.025982
v -0.215370 -0.312980 25.025982
v -0.215370 -0.312980 25.025982
v -0.235975 -0.271710 25.025982
v -0.223822 -0.318437 25.029999
v -0.235975 -0.271710 25.025982
v -0.245385 -0.275250 25.029999
v -0.223822 -0.318437 25.029999
v -0.245385 -0.275250 -25.029999
v -0.258322 -0.225937 -25.029999
v -0.235975 -0.271710 -25.025980
v -0.258322 -0.225937 -25.029999
v -0.248422 -0.224268 -25.025980
v -0.235975 -0.271710 -25.025980
v -0.235975 -0.271710 -25.025980
v -0.248422 -0.224268 -25.025980
v -0.229087 -0.269119 -25.014999
v -0.248422 -0.224268 -25.025980
v -0.241174 -0.223045 -25.014999
v -0.229087 -0.269119 -25.014999
v -0.229087 -0.269119 -25.014999
v -0.241174 -0.223045 -25.014999
v -0.226565 -0.268170 -25.000000
v -0.241174 -0.223045 -25.014999
v -0.238522 -0.222598 -25.000000
v -0.226565 -0.268170 -25.000000
v -0.226565 -0.268170 -25.000000
v -0.238522 -0.222598 -25.000000
v -0.226565 -0.268170 25.000000
v -0.238522 -0.222598 -25.000000
v -0.238522 -0.222598 25.000000
v -0.226565 -0.268170 25.000000
v -0.226565 -0.268170 25.000000
v -0.238522 -0.222598 25.000000
v -0.229087 -0.269119 25.014999
v -0.238522 -0.222598 25.000000
v -0.241174 -0.223045 25.014999
v -0.229087 -0.269119 25.014999
v -0.229087 -0.269119 25.014999
v -0.241174 -0.223045 25.014999
v -0.235975 -0.271710 25.025982
v -0.241174 -0.223045 25.014999
v -0.248422 -0.224268 25.025982
v -0.235975 -0.271710 25.025982
v -0.235975 -0.271710 25.025982
v -0.248422 -0.224268 25.025982
v -0.245385 -0.275250 25.029999
v -0.248422 -0.224268 25.025982
v -0.258322 -0.225937 25.029999
v -0.245385 -0.275250 25.029999
v -0.258322 -0.225937 -25.029999
v -0.262635 -0.170500 -25.029999
v -0.248422 -0.224268 -25.025980
v -0.262635 -0.170500 -25.029999
v -0.253383 -0.160500 -25.025980
v -0.248422 -0.224268 -25.025980
v -0.248422 -0.224268 -25.025980
v -0.253383 -0.160500 -25.025980
v -0.241174 -0.223045 -25.014999
v -0.253383 -0.160500 -25.025980
v -0.246609 -0.153179 -25.014999
v -0.241174 -0.223045 -25.014999
v -0.241174 -0.223045 -25.014999
v -0.246609 -0.153179 -25.014999
v -0.238522 -0.222598 -25.000000
v -0.246609 -0.153179 -25.014999
v -0.244130 -0.150500 -25.000000
v -0.238522 -0.222598 -25.000000
v -0.238522 -0.222598 -25.000000
v -0.244130 -0.150500 -25.000000
v -0.238522 -0.222598 25.000000
v -0.244130 -0.150500 -25.000000
v -0.244130 -0.150500 25.000000
v -0.238522 -0.222598 25.000000
v -0.238522 -0.222598 25.000000
v -0.244130 -0.150500 25.000000
v -0.241174 -0.223045 25.014999
v -0.244130 -0.150500 25.000000
v -0.246609 -0.153179 25.014999
v -0.241174 -0.223045 25.014999
v -0.241174 -0.223045 25.014999
v -0.246609 -0.153179 25.014999
v -0.248422 -0.224268 25.025982
v -0.246609 -0.153179 25.014999
v -0.253383 -0.160500 25.025982
v -0.248422 -0.224268 25.025982
v -0.248422 -0.224268 25.025982
v -0.253383 -0.160500 25.025982
v -0.258322 -0.225937 25.029999
v -0.253383 -0.160500 25.025982
v -0.262635 -0.170500 25.029999
v -0.258322 -0.225937 25.029999
v -0.262635 -0.170500 -25.029999
v -0.393635 -0.170500 -25.029999
v -0.253383 -0.160500 -25.025980
v -0.393635 -0.170500 -25.029999
v -0.404075 -0.160961 -25.025980
v -0.253383 -0.160500 -25.025980
v -0.253383 -0.160500 -25.025980
v -0.404075 -0.160961 -25.025980
v -0.246609 -0.153179 -25.014999
v -0.404075 -0.160961 -25.025980
v -0.411718 -0.153978 -25.014999
v -0.246609 -0.153179 -25.014999
v -0.246609 -0.153179 -25.014999
v -0.411718 -0.153978 -25.014999
v -0.244130 -0.150500 -25.000000
v -0.411718 -0.153978 -25.014999
v -0.414516 -0.151422 -25.000000
v -0.244130 -0.150500 -25.000000
v -0.244130 -0.150500 -25.000000
v -0.414516 -0.151422 -25.000000
v -0.244130 -0.150500 25.000000
v -0.414516 -0.151422 -25.000000
v -0.414516 -0.151422 25.000000
v -0.244130 -0.150500 25.000000
v -0.244130 -0.150500 25.000000
v -0.414516 -0.151422 25.000000
v -0.246609 -0.153179 25.014999
v -0.414516 -0.151422 25.000000
v -0.411718 -0.153978 25.014999
v -0.246609 -0.153179 25.014999
v -0.246609 -0.153179 25.014999
v -0.411718 -0.153978 25.014999
v -0.253383 -0.160500 25.025982
v -0.411718 -0.153978 25.014999
v -0.404075 -0.160961 25.025982
v -0.253383 -0.160500 25.025982
v -0.253383 -0.160500 25.025982
v -0.404075 -0.160961 25.025982
v -0.262635 -0.170500 25.029999
v -0.404075 -0.160961 25.025982
v -0.393635 -0.170500 25.029999
v -0.262635 -0.170500 25.029999
v -0.393635 -0.170500 -25.029999
v -0.386385 -0.250687 -25.029999
v -0.404075 -0.160961 -25.025980
v -0.386385 -0.250687 -25.029999
v -0.396252 -0.252612 -25.025980
v -0.404075 -0.160961 -25.025980
v -0.404075 -0.160961 -25.025980
v -0.396252 -0.252612 -25.025980
v -0.411718 -0.153978 -25.014999
v -0.396252 -0.252612 -25.025980
v -0.403475 -0.254021 -25.014999
v -0.411718 -0.153978 -25.014999
v -0.411718 -0.153978 -25.014999
v -0.403475 -0.254021 -25.014999
v -0.414516 -0.151422 -25.000000
v -0.403475 -0.254021 -25.014999
v -0.406118 -0.254536 -25.000000
v -0.414516 -0.151422 -25.000000
v -0.414516 -0.151422 -25.000000
v -0.406118 -0.254536 -25.000000
v -0.414516 -0.151422 25.000000
v -0.406118 -0.254536 -25.000000
v -0.406118 -0.254536 25.000000
v -0.414516 -0.151422 25.000000
v -0.414516 -0.151422 25.000000
v -0.406118 -0.254536 25.000000
v -0.411718 -0.153978 25.014999
v -0.406118 -0.254536 25.000000
v -0.403475 -0.254021 25.014999
v -0.411718 -0.153978 25.014999
v -0.411718 -0.153978 25.014999
v -0.403475 -0.254021 25.014999
v -0.404075 -0.160961 25.025982
v -0.403475 -0.254021 25.014999
v -0.396252 -0.252612 25.025982
v -0.404075 -0.160961 25.025982
v -0.404075 -0.160961 25.025982
v -0.396252 -0.252612 25.025982
v -0.393635 -0.170500 25.029999
v -0.396252 -0.252612 25.025982
v -0.386385 -0.250687 25.029999
v -0.393635 -0.170500 25.029999
v -0.386385 -0.250687 -25.029999
v -0.364635 -0.322250 -25.029999
v -0.396252 -0.252612 -25.025980
v -0.364635 -0.322250 -25.029999
v -0.373870 -0.326251 -25.025980
v -0.396252 -0.252612 -25.025980
v -0.396252 -0.252612 -25.025980
v -0.373870 -0.326251 -25.025980
v -0.403475 -0.254021 -25.014999
v -0.373870 -0.326251 -25.025980
v -0.380631 -0.329180 -25.014999
v -0.403475 -0.254021 -25.014999
v -0.403475 -0.254021 -25.014999
v -0.380631 -0.329180 -25.014999
v -0.406118 -0.254536 -25.000000
v -0.380631 -0.329180 -25.014999
v -0.383106 -0.330252 -25.000000
v -0.406118 -0.254536 -25.000000
v -0.406118 -0.254536 -25.000000
v -0.383106 -0.330252 -25.000000
v -0.406118 -0.254536 25.000000
v -0.383106 -0.330252 -25.000000
v -0.383106 -0.330252 25.000000
v -0.406118 -0.254536 25.000000
v -0.406118 -0.254536 25.000000
v -0.383106 -0.330252 25.000000
v -0.403475 -0.254021 25.014999
v -0.383106 -0.330252 25.000000
v -0.380631 -0.329180 25.014999
v -0.403475 -0.254021 25.014999
v -0.403475 -0.254021 25.014999
v -0.380631 -0.329180 25.014999
v -0.396252 -0.252612 25.025982
v -0.380631 -0.329180 25.014999
v -0.373870 -0.326251 25.025982
v -0.396252 -0.252612 25.025982
v -0.396252 -0.252612 25.025982
v -0.373870 -0.326251 25.025982
v -0.386385 -0.250687 25.029999
v -0.373870 -0.326251 25.025982
v -0.364635 -0.322250 25.029999
v -0.386385 -0.250687 25.029999
v -0.364635 -0.322250 -25.029999
v -0.328385 -0.385187 -25.029999
v -0.373870 -0.326251 -25.025980
v -0.328385 -0.385187 -25.029999
v -0.336476 -0.391175 -25.025980
v -0.373870 -0.326251 -25.025980
v -0.373870 -0.326251 -25.025980
v -0.336476 -0.391175 -25.025980
v -0.380631 -0.329180 -25.014999
v -0.336476 -0.391175 -25.025980
v -0.342400 -0.395558 -25.014999
v -0.380631 -0.329180 -25.014999
v -0.380631 -0.329180 -25.014999
v -0.342400 -0.395558 -25.014999
v -0.383106 -0.330252 -25.000000
v -0.342400 -0.395558 -25.014999
v -0.344568 -0.397162 -25.000000
v -0.383106 -0.330252 -25.000000
v -0.383106 -0.330252 -25.000000
v -0.344568 -0.397162 -25.000000
v -0.383106 -0.330252 25.000000
v -0.344568 -0.397162 -25.000000
v -0.344568 -0.397162 25.000000
v -0.383106 -0.330252 25.000000
v -0.383106 -0.330252 25.000000
v -0.344568 -0.397162 25.000000
v -0.380631 -0.329180 25.014999
v -0.344568 -0.397162 25.000000
v -0.342400 -0.395558 25.014999
v -0.380631 -0.329180 25.014999
v -0.380631 -0.329180 25.014999
v -0.342400 -0.395558 25.014999
v -0.373870 -0.326251 25.025982
v -0.342400 -0.395558 25.014999
v -0.336476 -0.391175 25.025982
v -0.373870 -0.326251 25.025982
v -0.373870 -0.326251 25.025982
v -0.336476 -0.391175 25.025982
v -0.364635 -0.322250 25.029999
v -0.336476 -0.391175 25.025982
v -0.328385 -0.385187 25.029999
v -0.364635 -0.322250 25.029999
v -0.328385 -0.385187 -25.029999
v -0.277635 -0.439500 -25.029999
v -0.336476 -0.391175 -25.025980
v -0.277635 -0.439500 -25.029999
v -0.284225 -0.447094 -25.025980
v -0.336476 -0.391175 -25.025980
v -0.336476 -0.391175 -25.025980
v -0.284225 -0.447094 -25.025980
v -0.342400 -0.395558 -25.014999
v -0.284225 -0.447094 -25.025980
v -0.289050 -0.452653 -25.014999
v -0.342400 -0.395558 -25.014999
v -0.342400 -0.395558 -25.014999
v -0.289050 -0.452653 -25.014999
v -0.344568 -0.397162 -25.000000
v -0.289050 -0.452653 -25.014999
v -0.290816 -0.454688 -25.000000
v -0.344568 -0.397162 -25.000000
v -0.344568 -0.397162 -25.000000
v -0.290816 -0.454688 -25.000000
v -0.344568 -0.397162 25.000000
v -0.290816 -0.454688 -25.000000
v -0.290816 -0.454688 25.000000
v -0.344568 -0.397162 25.000000
v -0.344568 -0.397162 25.000000
v -0.290816 -0.454688 25.000000
v -0.342400 -0.395558 25.014999
v -0.290816 -0.454688 25.000000
v -0.289050 -0.452653 25.014999
v -0.342400 -0.395558 25.014999
v -0.342400 -0.395558 25.014999
v -0.289050 -0.452653 25.014999
v -0.336476 -0.391175 25.025982
v -0.289050 -0.452653 25.014999
v -0.284225 -0.447094 25.025982
v -0.336476 -0.391175 25.025982
v -0.336476 -0.391175 25.025982
v -0.284225 -0.447094 25.025982
v -0.328385 -0.385187 25.029999
v -0.284225 -0.447094 25.025982
v -0.277635 -0.439500 25.029999
v -0.328385 -0.385187 25.029999
v -0.277635 -0.439500 -25.029999
v -0.218822 -0.480625 -25.029999
v -0.284225 -0.447094 -25.025980
v -0.218822 -0.480625 -25.029999
v -0.223756 -0.489378 -25.025980
v -0.284225 -0.447094 -25.025980
v -0.284225 -0.447094 -25.025980
v -0.223756 -0.489378 -25.025980
v -0.289050 -0.452653 -25.014999
v -0.223756 -0.489378 -25.025980
v -0.227367 -0.495785 -25.014999
v -0.289050 -0.452653 -25.014999
v -0.289050 -0.452653 -25.014999
v -0.227367 -0.495785 -25.014999
v -0.290816 -0.454688 -25.000000
v -0.227367 -0.495785 -25.014999
v -0.228689 -0.498130 -25.000000
v -0.290816 -0.454688 -25.000000
v -0.290816 -0.454688 -25.000000
v -0.228689 -0.498130 -25.000000
v -0.290816 -0.454688 25.000000
v -0.228689 -0.498130 -25.000000
v -0.228689 -0.498130 25.000000
v -0.290816 -0.454688 25.000000
v -0.290816 -0.454688 25.000000
v -0.228689 -0.498130 25.000000
v -0.289050 -0.452653 25.014999
v -0.228689 -0.498130 25.000000
v -0.227367 -0.495785 25.014999
v -0.289050 -0.452653 25.014999
v -0.289050 -0.452653 25.014999
v -0.227367 -0.495785 25.014999
v -0.284225 -0.447094 25.025982
v -0.227367 -0.495785 25.014999
v -0.223756 -0.489378 25.025982
v -0.284225 -0.447094 25.025982
v -0.284225 -0.447094 25.025982
v -0.223756 -0.489378 25.025982
v -0.277635 -0.439500 25.029999
v -0.223756 -0.489378 25.025982
v -0.218822 -0.480625 25.029999
v -0.277635 -0.439500 25.029999
v -0.218822 -0.480625 -25.029999
v -0.152385 -0.510000 -25.029999
v -0.223756 -0.489378 -25.025980
v -0.152385 -0.510000 -25.029999
v -0.155591 -0.519516 -25.025980
v -0.223756 -0.489378 -25.025980
v -0.223756 -0.489378 -25.025980
v -0.155591 -0.519516 -25.025980
v -0.227367 -0.495785 -25.014999
v -0.155591 -0.519516 -25.025980
v -0.157938 -0.526483 -25.014999
v -0.227367 -0.495785 -25.014999
v -0.227367 -0.495785 -25.014999
v -0.157938 -0.526483 -25.014999
v -0.228689 -0.498130 -25.000000
v -0.157938 -0.526483 -25.014999
v -0.158797 -0.529033 -25.000000
v -0.228689 -0.498130 -25.000000
v -0.228689 -0.498130 -25.000000
v -0.158797 -0.529033 -25.000000
v -0.228689 -0.498130 25.000000
v -0.158797 -0.529033 -25.000000
v -0.158797 -0.529033 25.000000
v -0.228689 -0.498130 25.000000
v -0.228689 -0.498130 25.000000
v -0.158797 -0.529033 25.000000
v -0.227367 -0.495785 25.014999
v -0.158797 -0.529033 25.000000
v -0.157938 -0.526483 25.014999
v -0.227367 -0.495785 25.014999
v -0.227367 -0.495785 25.014999
v -0.157938 -0.526483 25.014999
v -0.223756 -0.489378 25.025982
v -0.157938 -0.526483 25.014999
v -0.155591 -0.519516 25.025982
v -0.223756 -0.489378 25.025982
v -0.223756 -0.489378 25.025982
v -0.155591 -0.519516 25.025982
v -0.218822 -0.480625 25.029999
v -0.155591 -0.519516 25.025982
v -0.152385 -0.510000 25.029999
v -0.218822 -0.480625 25.029999
v -0.152385 -0.510000 -25.029999
v -0.078322 -0.527625 -25.029999
v -0.155591 -0.519516 -25.025980
v -0.078322 -0.527625 -25.029999
v -0.079849 -0.537541 -25.025980
v -0.155591 -0.519516 -25.025980
v -0.155591 -0.519516 -25.025980
v -0.079849 -0.537541 -25.025980
v -0.157938 -0.526483 -25.014999
v -0.079849 -0.537541 -25.025980
v -0.080966 -0.544800 -25.014999
v -0.157938 -0.526483 -25.014999
v -0.157938 -0.526483 -25.014999
v -0.080966 -0.544800 -25.014999
v -0.158797 -0.529033 -25.000000
v -0.080966 -0.544800 -25.014999
v -0.081375 -0.547457 -25.000000
v -0.158797 -0.529033 -25.000000
v -0.158797 -0.529033 -25.000000
v -0.081375 -0.547457 -25.000000
v -0.158797 -0.529033 25.000000
v -0.081375 -0.547457 -25.000000
v -0.081375 -0.547457 25.000000
v -0.158797 -0.529033 25.000000
v -0.158797 -0.529033 25.000000
v -0.081375 -0.547457 25.000000
v -0.157938 -0.526483 25.014999
v -0.081375 -0.547457 25.000000
v -0.080966 -0.544800 25.014999
v -0.157938 -0.526483 25.014999
v -0.157938 -0.526483 25.014999
v -0.080966 -0.544800 25.014999
v -0.155591 -0.519516 25.025982
v -0.080966 -0.544800 25.014999
v -0.079849 -0.537541 25.025982
v -0.155591 -0.519516 25.025982
v -0.155591 -0.519516 25.025982
v -0.079849 -0.537541 25.025982
v -0.152385 -0.510000 25.029999
v -0.079849 -0.537541 25.025982
v -0.078322 -0.527625 25.029999
v -0.152385 -0.510000 25.029999
v -0.078322 -0.527625 -25.029999
v 0.003365 -0.533500 -25.029999
v -0.079849 -0.537541 -25.025980
v 0.003365 -0.533500 -25.029999
v 0.003344 -0.543524 -25.025980
v -0.079849 -0.537541 -25.025980
v -0.079849 -0.537541 -25.025980
v 0.003344 -0.543524 -25.025980
v -0.080966 -0.544800 -25.014999
v 0.003344 -0.543524 -25.025980
v 0.003328 -0.550863 -25.014999
v -0.080966 -0.544800 -25.014999
v -0.080966 -0.544800 -25.014999
v 0.003328 -0.550863 -25.014999
v -0.081375 -0.547457 -25.000000
v 0.003328 -0.550863 -25.014999
v 0.003322 -0.553549 -25.000000
v -0.081375 -0.547457 -25.000000
v -0.081375 -0.547457 -25.000000
v 0.003322 -0.553549 -25.000000
v -0.081375 -0.547457 25.000000
v 0.003322 -0.553549 -25.000000
v 0.003322 -0.553549 25.000000
v -0.081375 -0.547457 25.000000
v -0.081375 -0.547457 25.000000
v 0.003322 -0.553549 25.000000
v -0.080966 -0.544800 25.014999
v 0.003322 -0.553549 25.000000
v 0.003328 -0.550863 25.014999
v -0.080966 -0.544800 25.014999
v -0.080966 -0.544800 25.014999
v 0.003328 -0.550863 25.014999
v -0.079849 -0.537541 25.025982
v 0.003328 -0.550863 25.014999
v 0.003344 -0.543524 25.025982
v -0.079849 -0.537541 25.025982
v -0.079849 -0.537541 25.025982
v 0.003344 -0.543524 25.025982
v -0.078322 -0.527625 25.029999
v 0.003344 -0.543524 25.025982
v 0.003365 -0.533500 25.029999
v -0.078322 -0.527625 25.029999
v 0.003365 -0.533500 -25.029999
v 0.077303 -0.528500 -25.029999
v 0.003344 -0.543524 -25.025980
v 0.077303 -0.528500 -25.029999
v 0.078713 -0.538427 -25.025980
v 0.003344 -0.543524 -25.025980
v 0.003344 -0.543524 -25.025980
v 0.078713 -0.538427 -25.025980
v 0.003328 -0.550863 -25.014999
v 0.078713 -0.538427 -25.025980
v 0.079745 -0.545695 -25.014999
v 0.003328 -0.550863 -25.014999
v 0.003328 -0.550863 -25.014999
v 0.079745 -0.545695 -25.014999
v 0.003322 -0.553549 -25.000000
v 0.079745 -0.545695 -25.014999
v 0.080122 -0.548355 -25.000000
v 0.003322 -0.553549 -25.000000
v 0.003322 -0.553549 -25.000000
v 0.080122 -0.548355 -25.000000
v 0.003322 -0.553549 25.000000
v 0.080122 -0.548355 -25.000000
v 0.080122 -0.548355 25.000000
v 0.003322 -0.553549 25.000000
v 0.003322 -0.553549 25.000000
v 0.080122 -0.548355 25.000000
v 0.003328 -0.550863 25.014999
v 0.080122 -0.548355 25.000000
v 0.079745 -0.545695 25.014999
v 0.003328 -0.550863 25.014999
v 0.003328 -0.550863 25.014999
v 0.079745 -0.545695 25.014999
v 0.003344 -0.543524 25.025982
v 0.079745 -0.545695 25.014999
v 0.078713 -0.538427 25.025982
v 0.003344 -0.543524 25.025982
v 0.003344 -0.543524 25.025982
v 0.078713 -0.538427 25.025982
v 0.003365 -0.533500 25.029999
v 0.078713 -0.538427 25.025982
v 0.077303 -0.528500 25.029999
v 0.003365 -0.533500 25.029999
v 0.077303 -0.528500 -25.029999
v 0.146115 -0.513500 -25.029999
v 0.078713 -0.538427 -25.025980
v 0.146115 -0.513500 -25.029999
v 0.149026 -0.523100 -25.025980
v 0.078713 -0.538427 -25.025980
v 0.078713 -0.538427 -25.025980
v 0.149026 -0.523100 -25.025980
v 0.079745 -0.545695 -25.014999
v 0.149026 -0.523100 -25.025980
v 0.151156 -0.530128 -25.014999
v 0.079745 -0.545695 -25.014999
v 0.079745 -0.545695 -25.014999
v 0.151156 -0.530128 -25.014999
v 0.080122 -0.548355 -25.000000
v 0.151156 -0.530128 -25.014999
v 0.151936 -0.532701 -25.000000
v 0.080122 -0.548355 -25.000000
v 0.080122 -0.548355 -25.000000
v 0.151936 -0.532701 -25.000000
v 0.080122 -0.548355 25.000000
v 0.151936 -0.532701 -25.000000
v 0.151936 -0.532701 25.000000
v 0.080122 -0.548355 25.000000
v 0.080122 -0.548355 25.000000
v 0.151936 -0.532701 25.000000
v 0.079745 -0.545695 25.014999
v 0.151936 -0.532701 25.000000
v 0.151156 -0.530128 25.014999
v 0.079745 -0.545695 25.014999
v 0.079745 -0.545695 25.014999
v 0.151156 -0.530128 25.014999
v 0.078713 -0.538427 25.025982
v 0.151156 -0.530128 25.014999
v 0.149026 -0.523100 25.025982
v 0.078713 -0.538427 25.025982
v 0.078713 -0.538427 25.025982
v 0.149026 -0.523100 25.025982
v 0.077303 -0.528500 25.029999
v 0.149026 -0.523100 25.025982
v 0.146115 -0.513500 25.029999
v 0.077303 -0.528500 25.029999
v 0.146115 -0.513500 -25.029999
v 0.209803 -0.488500 -25.029999
v 0.149026 -0.523100 -25.025980
v 0.209803 -0.488500 -25.029999
v 0.214225 -0.497507 -25.025980
v 0.149026 -0.523100 -25.025980
v 0.149026 -0.523100 -25.025980
v 0.214225 -0.497507 -25.025980
v 0.151156 -0.530128 -25.014999
v 0.214225 -0.497507 -25.025980
v 0.217462 -0.504101 -25.014999
v 0.151156 -0.530128 -25.014999
v 0.151156 -0.530128 -25.014999
v 0.217462 -0.504101 -25.014999
v 0.151936 -0.532701 -25.000000
v 0.217462 -0.504101 -25.014999
v 0.218647 -0.506514 -25.000000
v 0.151936 -0.532701 -25.000000
v 0.151936 -0.532701 -25.000000
v 0.218647 -0.506514 -25.000000
v 0.151936 -0.532701 25.000000
v 0.218647 -0.506514 -25.000000
v 0.218647 -0.506514 25.000000
v 0.151936 -0.532701 25.000000
v 0.151936 -0.532701 25.000000
v 0.218647 -0.506514 25.000000
v 0.151156 -0.530128 25.014999
v 0.218647 -0.506514 25.000000
v 0.217462 -0.504101 25.014999
v 0.151156 -0.530128 25.014999
v 0.151156 -0.530128 25.014999
v 0.217462 -0.504101 25.014999
v 0.149026 -0.523100 25.025982
v 0.217462 -0.504101 25.014999
v 0.214225 -0.497507 25.025982
v 0.149026 -0.523100 25.025982
v 0.149026 -0.523100 25.025982
v 0.214225 -0.497507 25.025982
v 0.146115 -0.513500 25.029999
v 0.214225 -0.497507 25.025982
v 0.209803 -0.488500 25.029999
v 0.146115 -0.513500 25.029999
v 0.209803 -0.488500 -25.029999
v 0.268365 -0.453500 -25.029999
v 0.214225 -0.497507 -25.025980
v 0.268365 -0.453500 -25.029999
v 0.274285 -0.461612 -25.025980
v 0.214225 -0.497507 -25.025980
v 0.214225 -0.497507 -25.025980
v 0.274285 -0.461612 -25.025980
v 0.217462 -0.504101 -25.014999
v 0.274285 -0.461612 -25.025980
v 0.278619 -0.467550 -25.014999
v 0.217462 -0.504101 -25.014999
v 0.217462 -0.504101 -25.014999
v 0.278619 -0.467550 -25.014999
v 0.218647 -0.506514 -25.000000
v 0.278619 -0.467550 -25.014999
v 0.280205 -0.469724 -25.000000
v 0.218647 -0.506514 -25.000000
v 0.218647 -0.506514 -25.000000
v 0.280205 -0.469724 -25.000000
v 0.218647 -0.506514 25.000000
v 0.280205 -0.469724 -25.000000
v 0.280205 -0.469724 25.000000
v 0.218647 -0.506514 25.000000
v 0.218647 -0.506514 25.000000
v 0.280205 -0.469724 25.000000
v 0.217462 -0.504101 25.014999
v 0.280205 -0.469724 25.000000
v 0.278619 -0.467550 25.014999
v 0.217462 -0.504101 25.014999
v 0.217462 -0.504101 25.014999
v 0.278619 -0.467550 25.014999
v 0.214225 -0.497507 25.025982
v 0.278619 -0.467550 25.014999
v 0.274285 -0.461612 25.025982
v 0.214225 -0.497507 25.025982
v 0.214225 -0.497507 25.025982
v 0.274285 -0.461612 25.025982
v 0.209803 -0.488500 25.029999
v 0.274285 -0.461612 25.025982
v 0.268365 -0.453500 25.029999
v 0.209803 -0.488500 25.029999
v 0.268365 -0.453500 -25.029999
v 0.323490 -0.404937 -25.029999
v 0.274285 -0.461612 -25.025980
v 0.323490 -0.404937 -25.029999
v 0.330979 -0.411667 -25.025980
v 0.274285 -0.461612 -25.025980
v 0.274285 -0.461612 -25.025980
v 0.330979 -0.411667 -25.025980
v 0.278619 -0.467550 -25.014999
v 0.330979 -0.411667 -25.025980
v 0.336462 -0.416593 -25.014999
v 0.278619 -0.467550 -25.014999
v 0.278619 -0.467550 -25.014999
v 0.336462 -0.416593 -25.014999
v 0.280205 -0.469724 -25.000000
v 0.336462 -0.416593 -25.014999
v 0.338468 -0.418396 -25.000000
v 0.280205 -0.469724 -25.000000
v 0.280205 -0.469724 -25.000000
v 0.338468 -0.418396 -25.000000
v 0.280205 -0.469724 25.000000
v 0.338468 -0.418396 -25.000000
v 0.338468 -0.418396 25.000000
v 0.280205 -0.469724 25.000000
v 0.280205 -0.469724 25.000000
v 0.338468 -0.418396 25.000000
v 0.278619 -0.467550 25.014999
v 0.338468 -0.418396 25.000000
v 0.336462 -0.416593 25.014999
v 0.278619 -0.467550 25.014999
v 0.278619 -0.467550 25.014999
v 0.336462 -0.416593 25.014999
v 0.274285 -0.461612 25.025982
v 0.336462 -0.416593 25.014999
v 0.330979 -0.411667 25.025982
v 0.274285 -0.461612 25.025982
v 0.274285 -0.461612 25.025982
v 0.330979 -0.411667 25.025982
v 0.268365 -0.453500 25.029999
v 0.330979 -0.411667 25.025982
v 0.323490 -0.404937 25.029999
v 0.268365 -0.453500 25.029999
v 0.323490 -0.404937 -25.029999
v 0.362865 -0.349250 -25.029999
v 0.330979 -0.411667 -25.025980
v 0.362865 -0.349250 -25.029999
v 0.371772 -0.353974 -25.025980
v 0.330979 -0.411667 -25.025980
v 0.330979 -0.411667 -25.025980
v 0.371772 -0.353974 -25.025980
v 0.336462 -0.416593 -25.014999
v 0.371772 -0.353974 -25.025980
v 0.378293 -0.357432 -25.014999
v 0.336462 -0.416593 -25.014999
v 0.336462 -0.416593 -25.014999
v 0.378293 -0.357432 -25.014999
v 0.338468 -0.418396 -25.000000
v 0.378293 -0.357432 -25.014999
v 0.380680 -0.358697 -25.000000
v 0.338468 -0.418396 -25.000000
v 0.338468 -0.418396 -25.000000
v 0.380680 -0.358697 -25.000000
v 0.338468 -0.418396 25.000000
v 0.380680 -0.358697 -25.000000
v 0.380680 -0.358697 25.000000
v 0.338468 -0.418396 25.000000
v 0.338468 -0.418396 25.000000
v 0.380680 -0.358697 25.000000
v 0.336462 -0.416593 25.014999
v 0.380680 -0.358697 25.000000
v 0.378293 -0.357432 25.014999
v 0.336462 -0.416593 25.014999
v 0.336462 -0.416593 25.014999
v 0.378293 -0.357432 25.014999
v 0.330979 -0.411667 25.025982
v 0.378293 -0.357432 25.014999
v 0.371772 -0.353974 25.025982
v 0.330979 -0.411667 25.025982
v 0.330979 -0.411667 25.025982
v 0.371772 -0.353974 25.025982
v 0.323490 -0.404937 25.029999
v 0.371772 -0.353974 25.025982
v 0.362865 -0.349250 25.029999
v 0.323490 -0.404937 25.029999
v 0.362865 -0.349250 -25.029999
v 0.386490 -0.286437 -25.029999
v 0.371772 -0.353974 -25.025980
v 0.386490 -0.286437 -25.029999
v 0.396288 -0.288793 -25.025980
v 0.371772 -0.353974 -25.025980
v 0.371772 -0.353974 -25.025980
v 0.396288 -0.288793 -25.025980
v 0.378293 -0.357432 -25.014999
v 0.396288 -0.288793 -25.025980
v 0.403461 -0.290517 -25.014999
v 0.378293 -0.357432 -25.014999
v 0.378293 -0.357432 -25.014999
v 0.403461 -0.290517 -25.014999
v 0.380680 -0.358697 -25.000000
v 0.403461 -0.290517 -25.014999
v 0.406086 -0.291149 -25.000000
v 0.380680 -0.358697 -25.000000
v 0.380680 -0.358697 -25.000000
v 0.406086 -0.291149 -25.000000
v 0.380680 -0.358697 25.000000
v 0.406086 -0.291149 -25.000000
v 0.406086 -0.291149 25.000000
v 0.380680 -0.358697 25.000000
v 0.380680 -0.358697 25.000000
v 0.406086 -0.291149 25.000000
v 0.378293 -0.357432 25.014999
v 0.406086 -0.291149 25.000000
v 0.403461 -0.290517 25.014999
v 0.378293 -0.357432 25.014999
v 0.378293 -0.357432 25.014999
v 0.403461 -0.290517 25.014999
v 0.371772 -0.353974 25.025982
v 0.403461 -0.290517 25.014999
v 0.396288 -0.288793 25.025982
v 0.371772 -0.353974 25.025982
v 0.371772 -0.353974 25.025982
v 0.396288 -0.288793 25.025982
v 0.362865 -0.349250 25.029999
v 0.396288 -0.288793 25.025982
v 0.386490 -0.286437 25.029999
v 0.362865 -0.349250 25.029999
v 0.386490 -0.286437 -25.029999
v 0.394365 -0.216500 -25.029999
v 0.396288 -0.288793 -25.025980
v 0.394365 -0.216500 -25.029999
v 0.404441 -0.216392 -25.025980
v 0.396288 -0.288793 -25.025980
v 0.396288 -0.288793 -25.025980
v 0.404441 -0.216392 -25.025980
v 0.403461 -0.290517 -25.014999
v 0.404441 -0.216392 -25.025980
v 0.411816 -0.216313 -25.014999
v 0.403461 -0.290517 -25.014999
v 0.403461 -0.290517 -25.014999
v 0.411816 -0.216313 -25.014999
v 0.406086 -0.291149 -25.000000
v 0.411816 -0.216313 -25.014999
v 0.414516 -0.216284 -25.000000
v 0.406086 -0.291149 -25.000000
v 0.406086 -0.291149 -25.000000
v 0.414516 -0.216284 -25.000000
v 0.406086 -0.291149 25.000000
v 0.414516 -0.216284 -25.000000
v 0.414516 -0.216284 25.000000
v 0.406086 -0.291149 25.000000
v 0.406086 -0.291149 25.000000
v 0.414516 -0.216284 25.000000
v 0.403461 -0.290517 25.014999
v 0.414516 -0.216284 25.000000
v 0.411816 -0.216313 25.014999
v 0.403461 -0.290517 25.014999
v 0.403461 -0.290517 25.014999
v 0.411816 -0.216313 25.014999
v 0.396288 -0.288793 25.025982
v 0.411816 -0.216313 25.014999
v 0.404441 -0.216392 25.025982
v 0.396288 -0.288793 25.025982
v 0.396288 -0.288793 25.025982
v 0.404441 -0.216392 25.025982
v 0.386490 -0.286437 25.029999
v 0.404441 -0.216392 25.025982
v 0.394365 -0.216500 25.029999
v 0.386490 -0.286437 25.029999