# Blender 4.5.1 LTS
# www.blender.org
mtllib cow_head.mtl
o cow_head
v 0.433520 0.387984 -0.000003
v 0.502460 0.102049 -0.000003
v 0.389591 0.358824 -0.000003
v 0.469299 0.063338 -0.000003
v 0.634513 0.357608 -0.000018
v 0.657603 0.335775 0.000009
v 0.606898 0.380720 -0.000049
v 0.679091 0.318900 0.000033
v 0.712828 0.291358 0.000071
v 0.720558 0.283410 0.000080
v 0.748201 0.258653 0.000112
v 0.763536 0.247925 0.000129
v 0.801994 0.227582 0.000169
v 0.811116 0.213937 0.000182
v 0.774290 0.243342 0.000140
v 0.789668 0.235534 0.000156
v 0.811185 0.201270 0.000185
v 0.805064 0.184260 0.000185
v 0.801984 0.173457 0.000185
v 0.795793 0.165812 0.000182
v 0.789753 0.153089 0.000180
v 0.780473 0.143940 0.000175
v 0.763471 0.135237 0.000163
v 0.746603 0.134951 0.000148
v 0.685122 0.138142 0.000092
v 0.668170 0.135437 0.000078
v 0.703575 0.139697 0.000108
v 0.728181 0.135106 0.000131
v 0.635951 0.130672 0.000050
v 0.591347 0.121544 0.000013
v 0.545197 0.112561 -0.000025
v 0.534566 0.429250 -0.000128
v 0.557652 0.418221 -0.000104
v 0.513102 0.432273 -0.000148
v 0.569940 0.408849 -0.000091
v 0.494603 0.426346 -0.000163
v 0.485259 0.418999 -0.000169
v 0.479202 0.412564 -0.000172
v 0.445450 0.396845 -0.000198
v 0.435324 0.382105 -0.025221
v 0.438446 0.374978 -0.040662
v 0.440555 0.365009 -0.054296
v 0.450077 0.324966 -0.074455
v 0.461358 0.290683 -0.080057
v 0.462040 0.254669 -0.084846
v 0.479258 0.212261 -0.090679
v 0.488190 0.168893 -0.083517
v 0.492660 0.128418 -0.067365
v 0.498869 0.107184 -0.050422
v 0.501498 0.099548 -0.031172
v 0.390150 0.355761 -0.017257
v 0.390469 0.347667 -0.030316
v 0.393699 0.326618 -0.053359
v 0.404080 0.304927 -0.064937
v 0.412372 0.280038 -0.069244
v 0.422531 0.240149 -0.080441
v 0.438791 0.193292 -0.087171
v 0.451465 0.137515 -0.077567
v 0.455871 0.105818 -0.065077
v 0.457970 0.088371 -0.052432
v 0.462640 0.074025 -0.041576
v 0.473733 0.066822 -0.033210
v 0.632077 0.321332 -0.105556
v 0.636713 0.322749 -0.104006
v 0.641477 0.322304 -0.099539
v 0.644525 0.317514 -0.098492
v 0.641421 0.314802 -0.101783
v 0.636731 0.316461 -0.103095
v 0.644737 0.329060 -0.089659
v 0.649572 0.315887 -0.081803
v 0.646288 0.308980 -0.090116
v 0.636848 0.306714 -0.097838
v 0.624476 0.311740 -0.101686
v 0.619798 0.321339 -0.105270
v 0.625994 0.330549 -0.104523
v 0.638422 0.332965 -0.098437
v 0.609072 0.310334 -0.103045
v 0.625995 0.305748 -0.103882
v 0.622846 0.333859 -0.107231
v 0.638476 0.338957 -0.096278
v 0.647865 0.331924 -0.087934
v 0.651173 0.309362 -0.077850
v 0.639959 0.303495 -0.096702
v 0.647859 0.304106 -0.087523
v 0.633793 0.295996 -0.098804
v 0.624476 0.299370 -0.101362
v 0.643125 0.293831 -0.093028
v 0.646401 0.297727 -0.085005
v 0.635549 0.344513 -0.089532
v 0.643360 0.339278 -0.084018
v 0.652626 0.326605 -0.080837
v 0.620008 0.345261 -0.096821
v 0.629349 0.346168 -0.090748
v 0.613703 0.334987 -0.102289
v 0.607492 0.336939 -0.106577
v 0.615353 0.350137 -0.099342
v 0.627831 0.357039 -0.091243
v 0.637132 0.356586 -0.086821
v 0.649662 0.348046 -0.078695
v 0.658915 0.330736 -0.075963
v 0.662024 0.313635 -0.074588
v 0.654342 0.301269 -0.074085
v 0.647891 0.290078 -0.085780
v 0.638507 0.286186 -0.093660
v 0.627598 0.286786 -0.099551
v 0.618359 0.296302 -0.101517
v 0.665281 0.323759 -0.067483
v 0.663674 0.311535 -0.068627
v 0.659030 0.294676 -0.070150
v 0.652586 0.286562 -0.081608
v 0.635466 0.276742 -0.091463
v 0.626166 0.277190 -0.095825
v 0.607629 0.283786 -0.099378
v 0.598431 0.291293 -0.096918
v 0.654402 0.347449 -0.072661
v 0.660546 0.334930 -0.070974
v 0.638824 0.360719 -0.081839
v 0.629396 0.362969 -0.089125
v 0.616949 0.354416 -0.095865
v 0.603701 0.336348 -0.103245
v 0.605952 0.310481 -0.104479
v 0.606236 0.360413 -0.093455
v 0.596836 0.338068 -0.101600
v 0.621913 0.369882 -0.080561
v 0.631412 0.367335 -0.070205
v 0.648576 0.355279 -0.057906
v 0.659477 0.339237 -0.051989
v 0.665564 0.322577 -0.055261
v 0.666997 0.307432 -0.058340
v 0.598333 0.307178 -0.101521
v 0.605462 0.380553 -0.062184
v 0.621167 0.374428 -0.047697
v 0.644444 0.354926 -0.037780
v 0.661380 0.337606 -0.035166
v 0.670622 0.320654 -0.035500
v 0.674915 0.301814 -0.048244
v 0.671633 0.282471 -0.056179
v 0.666634 0.267150 -0.072988
v 0.646365 0.246759 -0.085313
v 0.637031 0.244050 -0.088459
v 0.615372 0.241730 -0.095903
v 0.601463 0.246611 -0.098209
v 0.584616 0.269711 -0.097104
v 0.575431 0.294166 -0.094526
v 0.573873 0.303678 -0.096671
v 0.570786 0.328427 -0.097307
v 0.588175 0.374538 -0.079328
v 0.575523 0.352637 -0.091975
v 0.675578 0.320678 -0.020169
v 0.686028 0.297258 -0.033499
v 0.685697 0.269207 -0.047026
v 0.688440 0.236572 -0.061008
v 0.595323 0.235896 -0.099102
v 0.581435 0.248425 -0.100669
v 0.575308 0.263725 -0.099048
v 0.561487 0.277814 -0.100405
v 0.558445 0.293112 -0.098855
v 0.553895 0.309917 -0.097124
v 0.553964 0.334427 -0.094756
v 0.587908 0.392308 -0.023551
v 0.578258 0.395740 -0.043060
v 0.560574 0.384916 -0.074583
v 0.546647 0.362276 -0.079550
v 0.686762 0.224645 -0.065223
v 0.675860 0.202003 -0.070260
v 0.641750 0.201996 -0.084913
v 0.609186 0.223220 -0.096029
v 0.703223 0.295915 -0.020104
v 0.720142 0.277393 -0.020768
v 0.713655 0.266353 -0.034028
v 0.711962 0.253157 -0.041466
v 0.705440 0.229892 -0.055907
v 0.699160 0.216402 -0.060167
v 0.693058 0.193164 -0.059171
v 0.691349 0.182888 -0.064746
v 0.647859 0.189622 -0.084731
v 0.604490 0.200424 -0.099644
v 0.589009 0.210180 -0.104544
v 0.568960 0.229147 -0.108385
v 0.553624 0.252251 -0.107376
v 0.549124 0.273541 -0.103632
v 0.546125 0.291765 -0.100280
v 0.544565 0.308713 -0.100125
v 0.750911 0.253989 -0.019124
v 0.744432 0.246020 -0.032087
v 0.738020 0.236189 -0.042131
v 0.728565 0.220223 -0.052758
v 0.720810 0.206642 -0.055411
v 0.716135 0.191494 -0.058287
v 0.714537 0.182281 -0.059141
v 0.764717 0.246181 -0.018618
v 0.773917 0.240185 -0.020993
v 0.772009 0.235431 -0.035271
v 0.764407 0.238209 -0.031725
v 0.758020 0.228530 -0.043335
v 0.768602 0.222823 -0.048753
v 0.751598 0.215633 -0.053736
v 0.763824 0.209689 -0.056114
v 0.743914 0.201755 -0.053319
v 0.762221 0.189902 -0.059511
v 0.746862 0.191477 -0.059002
v 0.729860 0.180918 -0.061209
v 0.790776 0.234093 -0.021973
v 0.803033 0.226438 -0.022997
v 0.798295 0.227029 -0.028971
v 0.785923 0.232055 -0.032819
v 0.813845 0.216921 -0.021068
v 0.807463 0.217809 -0.030075
v 0.780968 0.219600 -0.047832
v 0.791767 0.214574 -0.043947
v 0.805798 0.201451 -0.036240
v 0.816993 0.201181 -0.018042
v 0.810875 0.180862 -0.015183
v 0.806322 0.171420 -0.012950
v 0.800131 0.163776 -0.013546
v 0.796917 0.159940 -0.021564
v 0.804509 0.166460 -0.025731
v 0.809026 0.176114 -0.029523
v 0.783833 0.175420 -0.053691
v 0.797963 0.172665 -0.041942
v 0.793407 0.161711 -0.039795
v 0.776186 0.162909 -0.051683
v 0.777644 0.172649 -0.056916
v 0.802550 0.182028 -0.042724
v 0.810501 0.188635 -0.031447
v 0.776560 0.155136 -0.035419
v 0.762694 0.153935 -0.038314
v 0.790067 0.185991 -0.051293
v 0.779233 0.200170 -0.054291
v 0.777782 0.209239 -0.051861
v 0.799819 0.192921 -0.027684
v 0.792070 0.194728 -0.030430
v 0.784277 0.206040 -0.035296
v 0.790536 0.199511 -0.031452
v 0.762255 0.163504 -0.057443
v 0.745687 0.154241 -0.040991
v 0.746850 0.162099 -0.058803
v 0.739196 0.158880 -0.057356
v 0.765236 0.177827 -0.062329
v 0.763717 0.171449 -0.059810
v 0.749801 0.178133 -0.065042
v 0.728372 0.163820 -0.059728
v 0.746766 0.170189 -0.062639
v 0.720738 0.168256 -0.057601
v 0.722291 0.157239 -0.055602
v 0.730031 0.152361 -0.053152
v 0.713025 0.169911 -0.058782
v 0.711554 0.158896 -0.056713
v 0.712048 0.142947 -0.035101
v 0.756538 0.146145 -0.037405
v 0.741072 0.148101 -0.041478
v 0.775066 0.148849 -0.034472
v 0.735225 0.139275 -0.029853
v 0.750656 0.137464 -0.027285
v 0.767674 0.136860 -0.021537
v 0.689833 0.169013 -0.064533
v 0.686826 0.157846 -0.060861
v 0.699503 0.146916 -0.043729
v 0.682455 0.149171 -0.050837
v 0.792341 0.150280 -0.017710
v 0.783267 0.142049 -0.012155
v 0.744837 0.134423 -0.012001
v 0.724740 0.136588 -0.017466
v 0.690891 0.136758 -0.018245
v 0.672289 0.132719 -0.024346
v 0.709233 0.137190 -0.023250
v 0.693693 0.137938 -0.030539
v 0.675089 0.133905 -0.036699
v 0.643122 0.128159 -0.024110
v 0.648699 0.130373 -0.047190
v 0.600861 0.123643 -0.056034
v 0.593739 0.118206 -0.031649
v 0.650030 0.146857 -0.058031
v 0.603675 0.141830 -0.068203
v 0.651115 0.173433 -0.077070
v 0.652824 0.154028 -0.068164
v 0.606102 0.172162 -0.094693
v 0.606374 0.153967 -0.082535
v 0.576631 0.187388 -0.107980
v 0.564581 0.166340 -0.097394
v 0.551183 0.148979 -0.077117
v 0.537239 0.154006 -0.080928
v 0.548352 0.137079 -0.065859
v 0.531254 0.147339 -0.075293
v 0.541532 0.111862 -0.028011
v 0.534936 0.117004 -0.048945
v 0.517554 0.137393 -0.068215
v 0.556651 0.206064 -0.108812
v 0.542846 0.184250 -0.105980
v 0.504918 0.163686 -0.083924
v 0.527781 0.175277 -0.092575
v 0.495570 0.210762 -0.091497
v 0.510675 0.221089 -0.103191
v 0.522824 0.226253 -0.109176
v 0.536584 0.240327 -0.111174
v 0.533663 0.277064 -0.107554
v 0.532216 0.296647 -0.102586
v 0.532375 0.314566 -0.096175
v 0.521544 0.291628 -0.098142
v 0.518468 0.273262 -0.099847
v 0.501545 0.265477 -0.098687
v 0.492546 0.258455 -0.089916
v 0.506211 0.289925 -0.096431
v 0.494105 0.287687 -0.088645
v 0.538726 0.427948 -0.023585
v 0.557218 0.418432 -0.021894
v 0.537000 0.428839 -0.032761
v 0.555161 0.416074 -0.045239
v 0.538264 0.429875 -0.043513
v 0.553439 0.413592 -0.051580
v 0.512661 0.429468 -0.022833
v 0.515361 0.429294 -0.036836
v 0.516760 0.431538 -0.044373
v 0.516473 0.431214 -0.056740
v 0.536416 0.425060 -0.057798
v 0.550237 0.414333 -0.059156
v 0.518958 0.435233 -0.082676
v 0.539008 0.428697 -0.079152
v 0.549713 0.419622 -0.081798
v 0.527771 0.439923 -0.099390
v 0.541605 0.433773 -0.100306
v 0.552285 0.424613 -0.101439
v 0.541134 0.445060 -0.120848
v 0.550354 0.441838 -0.119854
v 0.561202 0.432229 -0.116353
v 0.551600 0.449161 -0.131517
v 0.559384 0.447149 -0.127271
v 0.568683 0.437693 -0.125301
v 0.566827 0.451246 -0.137810
v 0.573062 0.449446 -0.135088
v 0.577749 0.442852 -0.131153
v 0.560905 0.400596 -0.060732
v 0.555784 0.405889 -0.083266
v 0.555265 0.412684 -0.105763
v 0.562644 0.420095 -0.119140
v 0.568610 0.424048 -0.128138
v 0.580787 0.426049 -0.132848
v 0.591533 0.444647 -0.134400
v 0.594580 0.430915 -0.135798
v 0.589876 0.452739 -0.138200
v 0.588230 0.456405 -0.144009
v 0.606905 0.445196 -0.134460
v 0.603782 0.432154 -0.135716
v 0.603695 0.451597 -0.139936
v 0.602055 0.456504 -0.145539
v 0.619223 0.446538 -0.133089
v 0.619225 0.434724 -0.132711
v 0.617622 0.452737 -0.137042
v 0.615881 0.456358 -0.144355
v 0.665411 0.457954 -0.130206
v 0.555626 0.387963 -0.089617
v 0.555257 0.397242 -0.105736
v 0.560956 0.408459 -0.126367
v 0.533968 0.385644 -0.097061
v 0.535075 0.395066 -0.114720
v 0.531065 0.374041 -0.088874
v 0.545398 0.403124 -0.134244
v 0.571637 0.416549 -0.130515
v 0.555933 0.410237 -0.144623
v 0.582282 0.419905 -0.133477
v 0.574373 0.416224 -0.142952
v 0.596034 0.423417 -0.138138
v 0.595782 0.422882 -0.148946
v 0.605202 0.425170 -0.139560
v 0.608109 0.425871 -0.147278
v 0.620608 0.427884 -0.138121
v 0.625093 0.430071 -0.145724
v 0.592484 0.423775 -0.158086
v 0.564837 0.422285 -0.157588
v 0.609478 0.429571 -0.156175
v 0.629592 0.433407 -0.150110
v 0.540449 0.418488 -0.149668
v 0.525356 0.412738 -0.137531
v 0.513590 0.399510 -0.112271
v 0.513787 0.392537 -0.103648
v 0.500338 0.386429 -0.088483
v 0.604739 0.438752 -0.159812
v 0.624876 0.441233 -0.155345
v 0.584659 0.436803 -0.164366
v 0.558596 0.434956 -0.160839
v 0.538871 0.429354 -0.150101
v 0.522301 0.423459 -0.136424
v 0.504498 0.409937 -0.107951
v 0.501692 0.407252 -0.095803
v 0.494384 0.399483 -0.079361
v 0.520767 0.437190 -0.135060
v 0.538835 0.441875 -0.151990
v 0.558630 0.447181 -0.159658
v 0.586195 0.449324 -0.166292
v 0.504465 0.424025 -0.109689
v 0.498717 0.420687 -0.091334
v 0.496039 0.416139 -0.076269
v 0.491812 0.415932 -0.057646
v 0.488550 0.395234 -0.067294
v 0.490477 0.415193 -0.049965
v 0.487198 0.397421 -0.057809
v 0.607743 0.447866 -0.163575
v 0.626347 0.451640 -0.157420
v 0.495392 0.426234 -0.036669
v 0.498291 0.423900 -0.044683
v 0.498148 0.424494 -0.050824
v 0.500914 0.425820 -0.064623
v 0.506598 0.427592 -0.083128
v 0.584821 0.456234 -0.157870
v 0.558896 0.452287 -0.148348
v 0.540717 0.449907 -0.138914
v 0.527140 0.445661 -0.126667
v 0.510779 0.437310 -0.103930
v 0.481208 0.401559 -0.052649
v 0.486066 0.417527 -0.041915
v 0.604790 0.456200 -0.158037
v 0.620300 0.457058 -0.152108
v 0.452283 0.389522 -0.039219
v 0.459433 0.379366 -0.062012
v 0.451501 0.354094 -0.071994
v 0.474788 0.388717 -0.062984
v 0.485452 0.390659 -0.067664
v 0.494225 0.381564 -0.085772
v 0.475658 0.377440 -0.090361
v 0.465041 0.370861 -0.086130
v 0.457312 0.354064 -0.087575
v 0.500063 0.378311 -0.100084
v 0.483012 0.375692 -0.104563
v 0.469235 0.367906 -0.103476
v 0.463102 0.355388 -0.101444
v 0.505738 0.377012 -0.118886
v 0.488707 0.373039 -0.125077
v 0.479634 0.364802 -0.119461
v 0.472024 0.352139 -0.115888
v 0.516982 0.381228 -0.098675
v 0.516828 0.377239 -0.105198
v 0.519732 0.376411 -0.113067
v 0.510120 0.381263 -0.130919
v 0.494487 0.374660 -0.142017
v 0.485341 0.361846 -0.136843
v 0.527071 0.382462 -0.128096
v 0.517393 0.389177 -0.148867
v 0.498813 0.380416 -0.153904
v 0.491225 0.363030 -0.149268
v 0.491608 0.369262 -0.198045
v 0.498383 0.380686 -0.172412
v 0.507332 0.395593 -0.183520
v 0.497552 0.391885 -0.208398
v 0.513833 0.398899 -0.169489
v 0.532800 0.392034 -0.147428
v 0.525938 0.401137 -0.177275
v 0.519596 0.403386 -0.184632
v 0.509839 0.407320 -0.208711
v 0.497007 0.401897 -0.232103
v 0.490989 0.379577 -0.224880
v 0.489033 0.387642 -0.244119
v 0.489157 0.365098 -0.170605
v 0.479414 0.350245 -0.128585
v 0.484986 0.350954 -0.151811
v 0.484601 0.354084 -0.168463
v 0.491254 0.306822 -0.079007
v 0.497006 0.311666 -0.097216
v 0.506449 0.300119 -0.154124
v 0.502685 0.301427 -0.183277
v 0.506763 0.308220 -0.205880
v 0.498551 0.336755 -0.229196
v 0.495137 0.359820 -0.243850
v 0.487399 0.328957 -0.180260
v 0.485367 0.348184 -0.203039
v 0.486486 0.324937 -0.154362
v 0.468154 0.325645 -0.081272
v 0.475583 0.325112 -0.092318
v 0.478317 0.328155 -0.107531
v 0.484132 0.329630 -0.122967
v 0.534094 0.354166 -0.090866
v 0.526116 0.350775 -0.103351
v 0.540753 0.347582 -0.134887
v 0.545220 0.365180 -0.141010
v 0.543331 0.380391 -0.154939
v 0.532145 0.388612 -0.175530
v 0.522509 0.393313 -0.191815
v 0.514406 0.396598 -0.209854
v 0.506219 0.395604 -0.231405
v 0.498286 0.382763 -0.241704
v 0.540842 0.341057 -0.130899
v 0.522403 0.331708 -0.129855
v 0.528463 0.339643 -0.132268
v 0.529991 0.349153 -0.134485
v 0.529768 0.359343 -0.144317
v 0.531026 0.371244 -0.155538
v 0.527475 0.384038 -0.175864
v 0.517904 0.390244 -0.192005
v 0.514385 0.388950 -0.210592
v 0.506304 0.387507 -0.227508
v 0.503025 0.382166 -0.235670
v 0.507950 0.321854 -0.155158
v 0.504324 0.321003 -0.178321
v 0.505356 0.332579 -0.201911
v 0.501910 0.344871 -0.217667
v 0.500127 0.363061 -0.229729
v 0.500001 0.369737 -0.235282
v 0.538784 0.349144 -0.086839
v 0.532518 0.340231 -0.090657
v 0.509660 0.381747 -0.215800
v 0.504735 0.380012 -0.229777
v 0.505014 0.377324 -0.217701
v 0.514687 0.381474 -0.197399
v 0.527387 0.367252 -0.114130
v 0.516788 0.377750 -0.174643
v 0.527918 0.326351 -0.090311
v 0.518633 0.368622 -0.160125
v 0.514400 0.357847 -0.144105
v 0.506932 0.344529 -0.134397
v 0.506582 0.347574 -0.149538
v 0.506208 0.355286 -0.165808
v 0.507166 0.362286 -0.189838
v 0.506829 0.369848 -0.204543
v 0.503365 0.338804 -0.154932
v 0.501356 0.340878 -0.176330
v 0.502392 0.350597 -0.197060
v 0.503571 0.359723 -0.211648
v 0.520237 0.313985 -0.089809
v 0.435324 0.382105 0.025215
v 0.438446 0.374978 0.040656
v 0.440555 0.365009 0.054290
v 0.450077 0.324966 0.074449
v 0.461358 0.290683 0.080051
v 0.462040 0.254669 0.084840
v 0.479258 0.212261 0.090673
v 0.488190 0.168893 0.083511
v 0.492660 0.128418 0.067359
v 0.498869 0.107184 0.050416
v 0.501498 0.099548 0.031166
v 0.390150 0.355761 0.017251
v 0.390469 0.347667 0.030310
v 0.393699 0.326618 0.053353
v 0.404080 0.304927 0.064931
v 0.412372 0.280038 0.069238
v 0.422531 0.240149 0.080435
v 0.438791 0.193292 0.087165
v 0.451465 0.137515 0.077561
v 0.455871 0.105818 0.065070
v 0.457970 0.088371 0.052426
v 0.462640 0.074025 0.041570
v 0.473733 0.066822 0.033204
v 0.632077 0.321332 0.105550
v 0.636713 0.322749 0.104000
v 0.641477 0.322304 0.099533
v 0.644525 0.317514 0.098486
v 0.641421 0.314802 0.101777
v 0.636731 0.316461 0.103089
v 0.644737 0.329060 0.089653
v 0.649572 0.315887 0.081797
v 0.646288 0.308980 0.090110
v 0.636848 0.306714 0.097832
v 0.624476 0.311740 0.101680
v 0.619798 0.321339 0.105264
v 0.625994 0.330549 0.104517
v 0.638422 0.332965 0.098431
v 0.609072 0.310334 0.103039
v 0.625995 0.305748 0.103876
v 0.622846 0.333859 0.107225
v 0.638476 0.338957 0.096272
v 0.647865 0.331924 0.087928
v 0.651173 0.309362 0.077844
v 0.639959 0.303495 0.096696
v 0.647859 0.304106 0.087517
v 0.633793 0.295996 0.098798
v 0.624476 0.299370 0.101356
v 0.643125 0.293831 0.093022
v 0.646401 0.297727 0.084999
v 0.635549 0.344513 0.089526
v 0.643360 0.339278 0.084012
v 0.652626 0.326605 0.080831
v 0.620008 0.345261 0.096815
v 0.629349 0.346168 0.090742
v 0.613703 0.334987 0.102283
v 0.607492 0.336939 0.106571
v 0.615353 0.350137 0.099336
v 0.627831 0.357039 0.091237
v 0.637132 0.356586 0.086815
v 0.649662 0.348046 0.078689
v 0.658915 0.330736 0.075957
v 0.662024 0.313635 0.074582
v 0.654342 0.301269 0.074079
v 0.647891 0.290078 0.085774
v 0.638507 0.286186 0.093654
v 0.627598 0.286786 0.099545
v 0.618359 0.296302 0.101511
v 0.665281 0.323759 0.067477
v 0.663674 0.311535 0.068621
v 0.659030 0.294676 0.070144
v 0.652586 0.286562 0.081602
v 0.635466 0.276742 0.091457
v 0.626166 0.277190 0.095819
v 0.607629 0.283786 0.099372
v 0.598431 0.291293 0.096912
v 0.654402 0.347449 0.072655
v 0.660546 0.334930 0.070968
v 0.638824 0.360719 0.081833
v 0.629396 0.362969 0.089119
v 0.616949 0.354416 0.095859
v 0.603701 0.336348 0.103239
v 0.605952 0.310481 0.104473
v 0.606236 0.360413 0.093449
v 0.596836 0.338068 0.101594
v 0.621913 0.369882 0.080555
v 0.631412 0.367335 0.070199
v 0.648576 0.355279 0.057900
v 0.659477 0.339237 0.051983
v 0.665564 0.322577 0.055255
v 0.666997 0.307432 0.058334
v 0.598333 0.307178 0.101515
v 0.605462 0.380553 0.062178
v 0.621167 0.374428 0.047691
v 0.644444 0.354926 0.037774
v 0.661380 0.337606 0.035160
v 0.670622 0.320654 0.035494
v 0.674915 0.301814 0.048238
v 0.671633 0.282471 0.056173
v 0.666634 0.267150 0.072982
v 0.646365 0.246759 0.085307
v 0.637031 0.244050 0.088453
v 0.615372 0.241730 0.095896
v 0.601463 0.246611 0.098202
v 0.584616 0.269711 0.097098
v 0.575431 0.294166 0.094520
v 0.573873 0.303678 0.096665
v 0.570786 0.328427 0.097301
v 0.588175 0.374538 0.079322
v 0.575523 0.352637 0.091969
v 0.675578 0.320678 0.020163
v 0.686028 0.297258 0.033493
v 0.685697 0.269207 0.047020
v 0.688440 0.236572 0.061002
v 0.595323 0.235896 0.099096
v 0.581435 0.248425 0.100663
v 0.575308 0.263725 0.099042
v 0.561487 0.277814 0.100399
v 0.558445 0.293112 0.098849
v 0.553895 0.309917 0.097118
v 0.553964 0.334427 0.094750
v 0.587908 0.392308 0.023545
v 0.578258 0.395740 0.043054
v 0.560574 0.384916 0.074577
v 0.546647 0.362276 0.079544
v 0.686762 0.224645 0.065217
v 0.675860 0.202003 0.070254
v 0.641750 0.201996 0.084907
v 0.609186 0.223220 0.096023
v 0.703223 0.295915 0.020098
v 0.720142 0.277393 0.020762
v 0.713655 0.266353 0.034022
v 0.711962 0.253157 0.041460
v 0.705440 0.229892 0.055901
v 0.699160 0.216402 0.060161
v 0.693058 0.193164 0.059165
v 0.691349 0.182888 0.064740
v 0.647859 0.189622 0.084725
v 0.604490 0.200424 0.099638
v 0.589009 0.210180 0.104538
v 0.568960 0.229147 0.108379
v 0.553624 0.252251 0.107370
v 0.549124 0.273541 0.103626
v 0.546125 0.291765 0.100274
v 0.544565 0.308713 0.100119
v 0.750911 0.253989 0.019118
v 0.744432 0.246020 0.032081
v 0.738020 0.236189 0.042124
v 0.728565 0.220223 0.052752
v 0.720810 0.206642 0.055405
v 0.716135 0.191494 0.058281
v 0.714537 0.182281 0.059135
v 0.764717 0.246181 0.018612
v 0.773917 0.240185 0.020986
v 0.772009 0.235431 0.035264
v 0.764407 0.238209 0.031719
v 0.758020 0.228530 0.043329
v 0.768602 0.222823 0.048747
v 0.751598 0.215633 0.053730
v 0.763824 0.209689 0.056108
v 0.743914 0.201755 0.053313
v 0.762221 0.189902 0.059505
v 0.746862 0.191477 0.058996
v 0.729860 0.180918 0.061203
v 0.790776 0.234093 0.021967
v 0.803033 0.226438 0.022991
v 0.798295 0.227029 0.028965
v 0.785923 0.232055 0.032813
v 0.813845 0.216921 0.021061
v 0.807463 0.217809 0.030069
v 0.780968 0.219600 0.047826
v 0.791767 0.214574 0.043941
v 0.805798 0.201451 0.036233
v 0.816993 0.201181 0.018036
v 0.810875 0.180862 0.015177
v 0.806322 0.171420 0.012944
v 0.800131 0.163776 0.013540
v 0.796917 0.159940 0.021558
v 0.804509 0.166460 0.025725
v 0.809026 0.176114 0.029517
v 0.783833 0.175420 0.053684
v 0.797963 0.172665 0.041936
v 0.793407 0.161711 0.039789
v 0.776186 0.162909 0.051677
v 0.777644 0.172649 0.056910
v 0.802550 0.182028 0.042718
v 0.810501 0.188635 0.031441
v 0.776560 0.155136 0.035413
v 0.762694 0.153935 0.038309
v 0.790067 0.185991 0.051287
v 0.779233 0.200170 0.054285
v 0.777782 0.209239 0.051855
v 0.799819 0.192921 0.027678
v 0.792070 0.194728 0.030424
v 0.784277 0.206040 0.035290
v 0.790536 0.199511 0.031446
v 0.762255 0.163504 0.057437
v 0.745687 0.154241 0.040985
v 0.746850 0.162099 0.058796
v 0.739196 0.158880 0.057349
v 0.765236 0.177827 0.062323
v 0.763717 0.171449 0.059804
v 0.749801 0.178133 0.065036
v 0.728372 0.163820 0.059721
v 0.746766 0.170189 0.062633
v 0.720738 0.168256 0.057595
v 0.722291 0.157239 0.055596
v 0.730031 0.152361 0.053146
v 0.713025 0.169911 0.058777
v 0.711554 0.158896 0.056707
v 0.712048 0.142947 0.035095
v 0.756538 0.146145 0.037399
v 0.741072 0.148101 0.041472
v 0.775066 0.148849 0.034466
v 0.735225 0.139275 0.029847
v 0.750656 0.137464 0.027279
v 0.767674 0.136860 0.021531
v 0.689833 0.169013 0.064527
v 0.686826 0.157846 0.060855
v 0.699503 0.146916 0.043723
v 0.682455 0.149171 0.050831
v 0.792341 0.150280 0.017704
v 0.783267 0.142049 0.012149
v 0.744837 0.134423 0.011995
v 0.724740 0.136588 0.017460
v 0.690891 0.136758 0.018240
v 0.672289 0.132719 0.024340
v 0.709233 0.137190 0.023244
v 0.693693 0.137938 0.030533
v 0.675089 0.133905 0.036693
v 0.643122 0.128159 0.024104
v 0.648699 0.130373 0.047184
v 0.600861 0.123643 0.056028
v 0.593739 0.118206 0.031643
v 0.650030 0.146857 0.058024
v 0.603675 0.141830 0.068197
v 0.651115 0.173433 0.077064
v 0.652824 0.154028 0.068158
v 0.606102 0.172162 0.094687
v 0.606374 0.153967 0.082529
v 0.576631 0.187388 0.107974
v 0.564581 0.166340 0.097388
v 0.551183 0.148979 0.077111
v 0.537239 0.154006 0.080922
v 0.548352 0.137079 0.065853
v 0.531254 0.147339 0.075287
v 0.541532 0.111862 0.028005
v 0.534936 0.117004 0.048939
v 0.517554 0.137393 0.068209
v 0.556651 0.206064 0.108806
v 0.542846 0.184250 0.105974
v 0.504918 0.163686 0.083918
v 0.527781 0.175277 0.092569
v 0.495570 0.210762 0.091491
v 0.510675 0.221089 0.103185
v 0.522824 0.226253 0.109170
v 0.536584 0.240327 0.111168
v 0.533663 0.277064 0.107548
v 0.532216 0.296647 0.102580
v 0.532375 0.314566 0.096169
v 0.521544 0.291628 0.098136
v 0.518468 0.273262 0.099841
v 0.501545 0.265477 0.098681
v 0.492546 0.258455 0.089910
v 0.506211 0.289925 0.096425
v 0.494105 0.287687 0.088639
v 0.538726 0.427948 0.023579
v 0.557218 0.418432 0.021888
v 0.537000 0.428839 0.032755
v 0.555161 0.416074 0.045233
v 0.538264 0.429875 0.043507
v 0.553439 0.413592 0.051574
v 0.512661 0.429468 0.022827
v 0.515361 0.429294 0.036830
v 0.516760 0.431538 0.044367
v 0.516473 0.431214 0.056734
v 0.536416 0.425060 0.057792
v 0.550237 0.414333 0.059150
v 0.518958 0.435233 0.082670
v 0.539008 0.428697 0.079146
v 0.549713 0.419622 0.081792
v 0.527771 0.439923 0.099384
v 0.541605 0.433773 0.100299
v 0.552285 0.424613 0.101433
v 0.541134 0.445060 0.120842
v 0.550354 0.441838 0.119848
v 0.561202 0.432229 0.116347
v 0.551600 0.449161 0.131511
v 0.559384 0.447149 0.127265
v 0.568683 0.437693 0.125295
v 0.566827 0.451246 0.137803
v 0.573062 0.449446 0.135082
v 0.577749 0.442852 0.131147
v 0.560905 0.400596 0.060726
v 0.555784 0.405889 0.083260
v 0.555265 0.412684 0.105756
v 0.562644 0.420095 0.119134
v 0.568610 0.424048 0.128132
v 0.580787 0.426049 0.132842
v 0.591533 0.444647 0.134394
v 0.594580 0.430915 0.135792
v 0.589876 0.452739 0.138194
v 0.588230 0.456405 0.144003
v 0.606905 0.445196 0.134454
v 0.603782 0.432154 0.135710
v 0.603695 0.451597 0.139930
v 0.602055 0.456504 0.145533
v 0.619223 0.446538 0.133083
v 0.619225 0.434724 0.132705
v 0.617622 0.452737 0.137036
v 0.615881 0.456358 0.144349
v 0.665411 0.457954 0.130200
v 0.555626 0.387963 0.089611
v 0.555257 0.397242 0.105730
v 0.560956 0.408459 0.126361
v 0.533968 0.385644 0.097055
v 0.535075 0.395066 0.114714
v 0.531065 0.374041 0.088868
v 0.545398 0.403124 0.134238
v 0.571637 0.416549 0.130509
v 0.555933 0.410237 0.144617
v 0.582282 0.419905 0.133471
v 0.574373 0.416224 0.142946
v 0.596034 0.423417 0.138132
v 0.595782 0.422882 0.148940
v 0.605202 0.425170 0.139554
v 0.608109 0.425871 0.147272
v 0.620608 0.427884 0.138115
v 0.625093 0.430071 0.145718
v 0.592484 0.423775 0.158080
v 0.564837 0.422285 0.157582
v 0.609478 0.429571 0.156169
v 0.629592 0.433407 0.150104
v 0.540449 0.418488 0.149662
v 0.525356 0.412738 0.137525
v 0.513590 0.399510 0.112265
v 0.513787 0.392537 0.103642
v 0.500338 0.386429 0.088477
v 0.604739 0.438752 0.159806
v 0.624876 0.441233 0.155339
v 0.584659 0.436803 0.164360
v 0.558596 0.434956 0.160833
v 0.538871 0.429354 0.150095
v 0.522301 0.423459 0.136418
v 0.504498 0.409937 0.107945
v 0.501692 0.407252 0.095797
v 0.494384 0.399483 0.079355
v 0.520767 0.437190 0.135054
v 0.538835 0.441875 0.151984
v 0.558630 0.447181 0.159652
v 0.586195 0.449324 0.166286
v 0.504465 0.424025 0.109683
v 0.498717 0.420687 0.091328
v 0.496039 0.416139 0.076262
v 0.491812 0.415932 0.057640
v 0.488550 0.395234 0.067288
v 0.490477 0.415193 0.049959
v 0.487198 0.397421 0.057803
v 0.607743 0.447866 0.163569
v 0.626347 0.451640 0.157414
v 0.495392 0.426234 0.036663
v 0.498291 0.423900 0.044677
v 0.498148 0.424494 0.050818
v 0.500914 0.425820 0.064617
v 0.506598 0.427592 0.083122
v 0.584821 0.456234 0.157864
v 0.558896 0.452287 0.148341
v 0.540717 0.449907 0.138908
v 0.527140 0.445661 0.126661
v 0.510779 0.437310 0.103924
v 0.481208 0.401559 0.052643
v 0.486066 0.417527 0.041909
v 0.604790 0.456200 0.158031
v 0.620300 0.457058 0.152102
v 0.452283 0.389522 0.039213
v 0.459433 0.379366 0.062006
v 0.451501 0.354094 0.071988
v 0.474788 0.388717 0.062978
v 0.485452 0.390659 0.067658
v 0.494225 0.381564 0.085766
v 0.475658 0.377440 0.090355
v 0.465041 0.370861 0.086124
v 0.457312 0.354064 0.087569
v 0.500063 0.378311 0.100078
v 0.483012 0.375692 0.104557
v 0.469235 0.367906 0.103470
v 0.463102 0.355388 0.101438
v 0.505738 0.377012 0.118880
v 0.488707 0.373039 0.125071
v 0.479634 0.364802 0.119455
v 0.472024 0.352139 0.115882
v 0.516982 0.381228 0.098669
v 0.516828 0.377239 0.105192
v 0.519732 0.376411 0.113061
v 0.510120 0.381263 0.130913
v 0.494487 0.374660 0.142011
v 0.485341 0.361846 0.136837
v 0.527071 0.382462 0.128089
v 0.517393 0.389177 0.148861
v 0.498813 0.380416 0.153898
v 0.491225 0.363030 0.149262
v 0.491608 0.369262 0.198039
v 0.498383 0.380686 0.172406
v 0.507332 0.395593 0.183514
v 0.497552 0.391885 0.208392
v 0.513833 0.398899 0.169483
v 0.532800 0.392034 0.147422
v 0.525938 0.401137 0.177269
v 0.519596 0.403386 0.184626
v 0.509839 0.407320 0.208705
v 0.497007 0.401897 0.232097
v 0.490989 0.379577 0.224874
v 0.489033 0.387642 0.244113
v 0.489157 0.365098 0.170599
v 0.479414 0.350245 0.128579
v 0.484986 0.350954 0.151805
v 0.484601 0.354084 0.168457
v 0.491254 0.306822 0.079001
v 0.497006 0.311666 0.097210
v 0.506449 0.300119 0.154118
v 0.502685 0.301427 0.183271
v 0.506763 0.308220 0.205874
v 0.498551 0.336755 0.229190
v 0.495137 0.359820 0.243844
v 0.487399 0.328957 0.180254
v 0.485367 0.348184 0.203033
v 0.486486 0.324937 0.154356
v 0.468154 0.325645 0.081266
v 0.475583 0.325112 0.092312
v 0.478317 0.328155 0.107525
v 0.484132 0.329630 0.122961
v 0.534094 0.354166 0.090860
v 0.526116 0.350775 0.103345
v 0.540753 0.347582 0.134881
v 0.545220 0.365180 0.141004
v 0.543331 0.380391 0.154933
v 0.532145 0.388612 0.175524
v 0.522509 0.393313 0.191809
v 0.514406 0.396598 0.209847
v 0.506219 0.395604 0.231399
v 0.498286 0.382763 0.241698
v 0.540842 0.341057 0.130893
v 0.522403 0.331708 0.129849
v 0.528463 0.339643 0.132262
v 0.529991 0.349153 0.134479
v 0.529768 0.359343 0.144311
v 0.531026 0.371244 0.155532
v 0.527475 0.384038 0.175858
v 0.517904 0.390244 0.191999
v 0.514385 0.388950 0.210586
v 0.506304 0.387507 0.227502
v 0.503025 0.382166 0.235664
v 0.507950 0.321854 0.155152
v 0.504324 0.321003 0.178315
v 0.505356 0.332579 0.201905
v 0.501910 0.344871 0.217661
v 0.500127 0.363061 0.229723
v 0.500001 0.369737 0.235276
v 0.538784 0.349144 0.086833
v 0.532518 0.340231 0.090651
v 0.509660 0.381747 0.215794
v 0.504735 0.380012 0.229771
v 0.505014 0.377324 0.217695
v 0.514687 0.381474 0.197393
v 0.527387 0.367252 0.114124
v 0.516788 0.377750 0.174637
v 0.527918 0.326351 0.090305
v 0.518633 0.368622 0.160119
v 0.514400 0.357847 0.144099
v 0.506932 0.344529 0.134391
v 0.506582 0.347574 0.149532
v 0.506208 0.355286 0.165802
v 0.507166 0.362286 0.189832
v 0.506829 0.369848 0.204537
v 0.503365 0.338804 0.154926
v 0.501356 0.340878 0.176324
v 0.502392 0.350597 0.197054
v 0.503571 0.359723 0.211642
v 0.520237 0.313985 0.089803
vn -0.5529 0.7681 -0.3232
vn -0.8984 0.3836 -0.2140
vn -0.5724 0.8200 0.0040
vn -0.8971 0.4417 0.0065
vn 0.5206 -0.8537 -0.0088
vn -0.2156 -0.9765 -0.0041
vn 0.4874 -0.8382 -0.2448
vn 0.2704 -0.8636 -0.4255
vn -0.4575 -0.6687 -0.5861
vn -0.6387 -0.5542 -0.5338
vn 0.3016 -0.7328 -0.6100
vn 0.1786 -0.4566 -0.8716
vn -0.0177 -0.2593 -0.9656
vn -0.4615 -0.3409 -0.8190
vn -0.0796 -0.0356 -0.9962
vn -0.5912 -0.1769 -0.7869
vn -0.8775 -0.1942 -0.4384
vn -0.1676 0.0937 -0.9814
vn -0.1969 0.1241 -0.9725
vn -0.6605 -0.0577 -0.7486
vn -0.3630 0.1518 -0.9193
vn -0.7641 -0.0190 -0.6448
vn -0.5815 0.4980 -0.6433
vn -0.9272 -0.0488 -0.3714
vn -0.5781 0.6518 -0.4909
vn -0.9651 0.1546 -0.2112
vn 0.4725 -0.1534 -0.8679
vn 0.7505 0.2464 -0.6132
vn 0.1826 -0.0391 -0.9824
vn 0.8907 0.0066 -0.4545
vn 0.5438 -0.2534 -0.8000
vn 0.1015 -0.4023 -0.9099
vn 0.8870 -0.0420 -0.4598
vn 0.7697 -0.0152 -0.6382
vn 0.8417 -0.1108 -0.5285
vn 0.4827 -0.1279 -0.8664
vn 0.5802 0.0540 -0.8127
vn 0.0191 -0.1345 -0.9907
vn 0.4107 0.0070 -0.9117
vn 0.6201 0.2928 -0.7279
vn 0.2261 -0.0443 -0.9731
vn 0.1152 -0.2043 -0.9721
vn 0.1043 0.2561 -0.9610
vn 0.5786 0.5392 -0.6120
vn 0.8102 0.2330 -0.5378
vn 0.6807 0.0023 -0.7326
vn 0.8916 -0.1199 -0.4366
vn 0.4209 -0.1634 -0.8923
vn 0.0710 -0.2238 -0.9721
vn 0.7818 -0.2301 -0.5795
vn 0.8798 -0.0732 -0.4697
vn 0.7101 -0.1273 -0.6924
vn 0.6724 0.3547 -0.6497
vn 0.5361 0.4536 -0.7119
vn 0.6621 0.0287 -0.7489
vn 0.4331 0.3387 -0.8353
vn 0.3443 0.3579 -0.8680
vn 0.1528 0.1865 -0.9705
vn -0.0325 0.4914 -0.8703
vn -0.1207 0.2548 -0.9594
vn 0.4768 0.1584 -0.8646
vn 0.5194 0.3908 -0.7599
vn 0.6668 0.3381 -0.6642
vn 0.7196 0.1782 -0.6712
vn 0.7246 -0.1421 -0.6743
vn 0.6250 -0.0501 -0.7790
vn 0.6717 0.1220 -0.7308
vn 0.5657 -0.2777 -0.7765
vn 0.1681 -0.2823 -0.9445
vn -0.0160 -0.1482 -0.9888
vn 0.9667 0.1389 -0.2151
vn 0.9497 -0.1224 -0.2883
vn 0.7849 0.0881 -0.6134
vn 0.6803 0.1045 -0.7255
vn 0.4802 -0.1660 -0.8613
vn 0.2532 -0.1936 -0.9479
vn -0.0499 -0.0316 -0.9983
vn 0.0675 -0.1331 -0.9888
vn 0.8896 0.3665 -0.2726
vn 0.8221 0.5149 -0.2431
vn 0.6248 0.6837 -0.3770
vn 0.4187 0.5825 -0.6967
vn -0.0223 0.5493 -0.8353
vn -0.4005 0.2560 -0.8798
vn 0.0489 -0.2024 -0.9781
vn -0.1710 0.2127 -0.9620
vn -0.0221 0.5671 -0.8233
vn 0.2583 0.8821 -0.3938
vn 0.5084 0.8554 -0.0989
vn 0.7158 0.6979 0.0242
vn 0.8541 0.5190 -0.0344
vn 0.9630 0.2263 -0.1466
vn 0.9019 0.1181 -0.4154
vn -0.2146 -0.1209 -0.9692
vn 0.2214 0.9437 -0.2456
vn 0.5213 0.8534 -0.0034
vn 0.6736 0.7308 0.1101
vn 0.7797 0.6262 0.0024
vn 0.8805 0.4012 -0.2525
vn 0.8225 0.2843 -0.4927
vn 0.7763 0.2394 -0.5831
vn 0.6683 0.1674 -0.7248
vn 0.4204 -0.0343 -0.9067
vn 0.3369 -0.0964 -0.9366
vn 0.2388 -0.0651 -0.9689
vn 0.1173 -0.0054 -0.9931
vn 0.0123 0.0737 -0.9972
vn 0.1061 -0.0684 -0.9920
vn -0.0102 -0.0589 -0.9982
vn -0.1197 0.0969 -0.9881
vn -0.1688 0.3936 -0.9036
vn 0.0712 0.7622 -0.6434
vn 0.6810 0.7323 0.0029
vn 0.6601 0.7511 0.0069
vn 0.8051 0.5807 -0.1206
vn 0.6582 0.5129 -0.5512
vn 0.5764 0.3597 -0.7337
vn 0.4917 0.2779 -0.8252
vn 0.2170 0.0593 -0.9744
vn 0.2124 0.1551 -0.9648
vn 0.1939 0.1665 -0.9668
vn 0.2071 0.1524 -0.9664
vn 0.0807 0.1195 -0.9896
vn 0.1404 0.0714 -0.9875
vn -0.0934 0.2734 -0.9574
vn 0.5813 0.8137 0.0019
vn 0.5538 0.8262 -0.1033
vn 0.6268 0.7241 -0.2878
vn 0.5773 0.3343 -0.7450
vn 0.1911 0.2328 -0.9536
vn 0.4443 0.0793 -0.8924
vn 0.4495 0.0208 -0.8931
vn 0.4092 0.1079 -0.9061
vn 0.2774 0.0172 -0.9606
vn 0.5909 0.6932 -0.4127
vn 0.6547 0.7547 -0.0424
vn 0.6912 0.7227 -0.0062
vn 0.6904 0.7233 -0.0112
vn 0.6012 0.6506 -0.4640
vn 0.4345 0.4766 -0.7643
vn 0.3643 0.4257 -0.8283
vn 0.3327 0.3064 -0.8919
vn 0.2776 0.0226 -0.9604
vn 0.3408 0.1543 -0.9274
vn 0.3747 0.1292 -0.9181
vn 0.3423 -0.0963 -0.9346
vn 0.2944 -0.0544 -0.9541
vn 0.2985 0.0422 -0.9535
vn 0.1593 0.0964 -0.9825
vn 0.1937 0.1408 -0.9709
vn 0.2344 0.2150 -0.9481
vn 0.1922 0.1464 -0.9704
vn 0.0816 0.1600 -0.9837
vn 0.4990 0.7828 -0.3718
vn 0.6034 0.7973 -0.0158
vn 0.3465 0.6184 -0.7054
vn 0.2358 0.5425 -0.8063
vn 0.1439 0.3152 -0.9380
vn 0.1452 0.1330 -0.9804
vn 0.0252 0.1121 -0.9934
vn 0.0394 0.0318 -0.9987
vn 0.4003 0.8824 -0.2474
vn 0.1747 0.8033 -0.5694
vn 0.4652 0.8442 -0.2662
vn 0.1601 0.7736 -0.6132
vn 0.1962 0.1624 -0.9670
vn 0.1097 0.6717 -0.7327
vn 0.0907 0.5856 -0.8055
vn -0.0476 0.3665 -0.9292
vn 0.0549 0.2591 -0.9643
vn 0.1053 0.2117 -0.9716
vn 0.0213 0.4015 -0.9156
vn 0.4911 0.8711 0.0004
vn -0.1326 0.0808 -0.9879
vn 0.6091 0.7612 -0.2229
vn 0.5263 0.6695 -0.5242
vn 0.4310 0.8810 -0.1954
vn 0.3694 0.7791 -0.5065
vn 0.9538 0.2993 0.0258
vn 0.8930 0.4004 -0.2055
vn 0.6764 0.7360 0.0268
vn 0.5954 0.4041 -0.6944
vn 0.4818 0.8761 0.0183
vn 0.4315 0.9020 0.0146
vn 0.4607 0.3220 -0.8271
vn 0.3503 -0.0595 -0.9347
vn 0.4993 -0.3513 -0.7920
vn 0.9938 -0.0137 -0.1106
vn 0.9957 -0.0926 -0.0030
vn 0.9513 -0.3083 -0.0045
vn 0.9294 -0.3257 0.1737
vn 0.8407 -0.4947 0.2201
vn 0.8769 -0.4805 -0.0072
vn 0.8467 -0.5320 -0.0061
vn 0.7545 -0.6333 0.1723
vn 0.6837 -0.6968 -0.2166
vn 0.7531 -0.6420 -0.1437
vn 0.8871 -0.3581 -0.2913
vn 0.6483 -0.3851 -0.6567
vn 0.5244 -0.7404 -0.4204
vn 0.4851 -0.1547 -0.8607
vn 0.3037 -0.7047 -0.6412
vn 0.4203 -0.2335 -0.8768
vn 0.6842 0.3493 -0.6402
vn 0.7059 0.1508 -0.6920
vn 0.3732 -0.6487 -0.6632
vn 0.1610 -0.6096 -0.7762
vn 0.5795 0.2446 -0.7774
vn 0.5564 0.2629 -0.7882
vn 0.6376 0.2067 -0.7421
vn 0.4150 0.1833 -0.8912
vn 0.5322 0.2593 -0.8059
vn 0.4097 -0.1163 -0.9048
vn 0.5645 -0.1693 -0.8079
vn 0.3702 -0.5837 -0.7226
vn 0.1672 -0.6548 -0.7371
vn 0.1384 -0.6730 -0.7266
vn 0.1723 -0.6550 -0.7357
vn 0.1842 -0.3596 -0.9147
vn 0.2636 -0.0103 -0.9646
vn 0.0505 0.0590 -0.9970
vn -0.1811 -0.2853 -0.9412
vn 0.0594 -0.3551 -0.9329
vn -0.1032 -0.1411 -0.9846
vn -0.1229 -0.5409 -0.8321
vn 0.0159 -0.7320 -0.6811
vn 0.1715 -0.1305 -0.9765
vn 0.0987 -0.5186 -0.8493
vn 0.0285 -0.7977 -0.6024
vn 0.1656 -0.5636 -0.8093
vn 0.3095 -0.6987 -0.6450
vn 0.3845 -0.5182 -0.7640
vn 0.0120 -0.8713 -0.4906
vn 0.0485 -0.9154 -0.3996
vn 0.2532 -0.9143 -0.3163
vn 0.2800 -0.2332 -0.9313
vn 0.2117 -0.5852 -0.7827
vn 0.1648 -0.7998 -0.5772
vn 0.1858 -0.7548 -0.6291
vn 0.7692 -0.6165 -0.1682
vn 0.7983 -0.6021 -0.0142
vn 0.5677 -0.8232 -0.0096
vn 0.5906 -0.8070 -0.0033
vn 0.2034 -0.9770 0.0636
vn -0.0080 -0.9923 -0.1232
vn 0.0055 -1.0000 -0.0005
vn -0.0511 -0.9966 -0.0651
vn 0.1277 -0.9918 -0.0006
vn 0.1540 -0.9881 -0.0005
vn 0.1056 -0.9935 0.0420
vn 0.1751 -0.9840 0.0338
vn 0.0109 -0.9907 -0.1357
vn 0.1699 -0.9451 -0.2792
vn -0.0190 -0.9998 -0.0009
vn -0.1143 -0.9934 0.0005
vn 0.2353 -0.9019 -0.3621
vn 0.1752 -0.9845 -0.0059
vn 0.1638 -0.9855 0.0437
vn 0.2545 -0.8352 -0.4875
vn 0.1367 -0.8260 -0.5468
vn 0.1590 -0.9860 -0.0506
vn 0.1810 -0.9835 0.0072
vn 0.2259 -0.7124 -0.6644
vn 0.1206 -0.6744 -0.7284
vn 0.2803 -0.3565 -0.8913
vn 0.2327 -0.6442 -0.7286
vn 0.2487 -0.3660 -0.8968
vn 0.1446 -0.6718 -0.7265
vn 0.1510 -0.2319 -0.9610
vn -0.0240 -0.6093 -0.7926
vn -0.0251 -0.7145 -0.6992
vn 0.0131 -0.6535 -0.7569
vn -0.0964 -0.6175 -0.7807
vn -0.0161 -0.6064 -0.7950
vn 0.2082 -0.9781 0.0062
vn 0.1873 -0.9728 -0.1362
vn 0.1429 -0.8227 -0.5502
vn 0.0681 -0.5536 -0.8300
vn -0.2236 -0.3805 -0.8973
vn -0.0027 -0.0484 -0.9988
vn -0.1564 -0.4256 -0.8913
vn -0.2767 -0.4404 -0.8541
vn -0.4729 -0.1584 -0.8668
vn -0.2651 -0.1525 -0.9521
vn -0.2616 -0.0563 -0.9635
vn -0.0593 0.0611 -0.9964
vn -0.1187 0.1761 -0.9772
vn -0.1868 0.2299 -0.9551
vn -0.2678 0.3485 -0.8982
vn -0.2773 0.1312 -0.9518
vn -0.3149 0.2237 -0.9224
vn -0.5063 0.1332 -0.8520
vn -0.4355 0.0492 -0.8988
vn -0.3314 0.1234 -0.9354
vn -0.4068 0.2143 -0.8880
vn 0.2625 0.9649 -0.0122
vn 0.5408 0.8411 0.0034
vn 0.3036 0.9527 -0.0098
vn 0.5597 0.8258 -0.0692
vn 0.6020 0.7526 -0.2667
vn 0.3093 0.9483 0.0715
vn 0.4058 0.9110 -0.0737
vn 0.6333 0.6914 -0.3477
vn -0.0774 0.9966 -0.0296
vn -0.0749 0.9964 -0.0394
vn -0.1327 0.9878 0.0818
vn -0.1529 0.9829 0.1028
vn -0.0813 0.9964 0.0237
vn 0.4662 0.8821 -0.0678
vn 0.7038 0.7097 -0.0301
vn -0.1769 0.9765 0.1228
vn 0.4826 0.8429 0.2379
vn 0.7879 0.5939 0.1626
vn 0.0449 0.9593 0.2788
vn 0.5036 0.7764 0.3788
vn 0.8019 0.4530 0.3895
vn 0.0777 0.9259 0.3697
vn 0.2928 0.7555 0.5861
vn 0.6738 0.3477 0.6520
vn -0.0251 0.9419 0.3349
vn 0.1706 0.7652 0.6207
vn 0.5464 0.2325 0.8046
vn 0.0774 0.7157 0.6942
vn -0.0466 0.9383 0.3426
vn 0.2392 0.2936 0.9255
vn 0.6062 0.7953 -0.0003
vn 0.7923 0.5086 -0.3370
vn 0.9766 0.2070 -0.0584
vn 0.9543 0.0595 0.2928
vn 0.8935 -0.1367 0.4277
vn 0.6212 -0.1428 0.7705
vn 0.2842 -0.0510 0.9574
vn 0.1491 -0.1517 0.9771
vn 0.1018 0.1993 0.9746
vn 0.0654 0.7065 0.7047
vn -0.0269 0.9587 0.2831
vn -0.0633 0.2717 0.9603
vn 0.0055 -0.2724 0.9622
vn -0.0281 0.7044 0.7092
vn -0.0094 0.9520 0.3059
vn -0.1501 0.2595 0.9540
vn -0.0077 -0.3290 0.9443
vn -0.1719 0.6944 0.6988
vn -0.0618 0.9685 0.2413
vn 0.9054 0.2959 0.3044
vn 0.7228 -0.6122 -0.3206
vn 0.7799 -0.5840 -0.2254
vn 0.7004 -0.7107 -0.0662
vn 0.1082 -0.7892 -0.6045
vn -0.0041 -0.8878 -0.4602
vn 0.6436 0.0067 -0.7654
vn 0.0671 -0.8971 -0.4368
vn 0.4880 -0.6419 0.5915
vn 0.1542 -0.8667 -0.4744
vn 0.3582 -0.6289 0.6901
vn 0.2516 -0.9584 -0.1347
vn 0.3020 -0.7649 0.5691
vn 0.2599 -0.9618 -0.0856
vn 0.2478 -0.9545 -0.1657
vn 0.1726 -0.8639 0.4732
vn 0.2563 -0.8764 0.4078
vn 0.4105 -0.9002 -0.1450
vn 0.2030 -0.7292 -0.6535
vn -0.0339 -0.6021 -0.7977
vn 0.2942 -0.6274 -0.7210
vn 0.5452 -0.6413 -0.5399
vn -0.3772 -0.4338 -0.8183
vn -0.5780 -0.4736 -0.6645
vn -0.5538 -0.6353 -0.5382
vn -0.4192 -0.7006 -0.5775
vn -0.6266 0.1144 -0.7709
vn 0.2027 -0.3243 -0.9240
vn 0.4209 -0.2813 -0.8624
vn 0.0281 -0.2412 -0.9701
vn -0.2570 -0.1095 -0.9602
vn -0.5333 -0.1162 -0.8379
vn -0.7465 -0.1000 -0.6578
vn -0.8590 -0.2881 -0.4232
vn -0.8811 -0.2589 -0.3958
vn -0.9009 -0.0019 -0.4341
vn -0.7635 0.3893 -0.5153
vn -0.5504 0.3890 -0.7388
vn -0.3298 0.5312 -0.7804
vn -0.0403 0.3166 -0.9477
vn -0.9049 0.2030 -0.3741
vn -0.9309 0.3433 -0.1248
vn -0.9013 0.4008 -0.1646
vn -0.8625 0.3584 -0.3572
vn -0.8856 0.4418 -0.1433
vn -0.7419 0.5735 -0.3475
vn -0.5472 0.6373 -0.5427
vn 0.2157 0.0862 -0.9726
vn 0.3934 0.3194 -0.8621
vn -0.4141 0.8939 -0.1717
vn -0.4652 0.8851 -0.0147
vn -0.4609 0.8735 -0.1569
vn -0.5947 0.8038 0.0160
vn -0.6073 0.7921 -0.0617
vn -0.6247 0.7801 0.0349
vn -0.1125 0.9310 -0.3472
vn -0.2291 0.9625 -0.1454
vn -0.3082 0.9437 -0.1203
vn -0.3892 0.9210 -0.0181
vn -0.5842 0.8100 0.0509
vn -0.7395 0.6172 -0.2687
vn -0.5201 0.6640 -0.5372
vn -0.6357 0.7719 -0.0005
vn -0.6747 0.7381 -0.0002
vn 0.1003 0.8769 -0.4700
vn 0.0645 0.9432 -0.3259
vn -0.5384 0.7615 -0.3610
vn -0.5091 0.8607 -0.0017
vn -0.6114 0.6393 -0.4663
vn -0.4345 0.7566 -0.4886
vn -0.5106 0.6660 -0.5438
vn -0.3658 0.7860 -0.4984
vn -0.3979 0.8433 -0.3613
vn -0.7391 0.5773 -0.3471
vn -0.9258 -0.0128 -0.3777
vn -0.8233 0.1587 -0.5449
vn -0.3022 0.9274 -0.2206
vn -0.1425 0.9702 -0.1960
vn -0.7191 0.5780 -0.3857
vn -0.9052 0.0029 -0.4250
vn -0.1604 0.9866 0.0303
vn -0.4806 0.8601 -0.1714
vn -0.7855 0.4214 -0.4533
vn -0.8728 -0.0354 -0.4867
vn 0.3357 0.9150 -0.2239
vn 0.4001 0.8796 -0.2575
vn -0.3169 0.9139 0.2536
vn 0.3539 0.9249 0.1388
vn -0.6644 0.7471 0.0187
vn -0.8749 0.3052 -0.3761
vn 0.4094 0.7797 0.4738
vn -0.3125 0.8726 0.3754
vn -0.7411 0.6618 0.1133
vn -0.9081 0.3924 -0.1460
vn -0.6603 0.7373 0.1430
vn -0.8539 0.4778 0.2062
vn -0.8396 0.5358 0.0890
vn -0.9568 0.2793 0.0806
vn -0.4032 0.8767 0.2625
vn 0.4128 0.8326 0.3694
vn 0.5490 0.8332 -0.0670
vn 0.1844 0.9778 -0.0998
vn 0.1029 0.9915 -0.0799
vn -0.3086 0.8710 -0.3823
vn -0.9929 0.1093 0.0459
vn -0.6062 0.3447 -0.7167
vn -0.8902 0.4526 0.0522
vn -0.9286 -0.0453 -0.3683
vn -0.9759 0.2046 -0.0759
vn -0.9864 0.1595 -0.0395
vn -0.9356 -0.3276 -0.1317
vn -0.9956 -0.0548 -0.0756
vn -0.1090 -0.5179 -0.8484
vn 0.0393 -0.4561 -0.8890
vn 0.3388 -0.8516 -0.4000
vn -0.9286 -0.3673 -0.0523
vn 0.1142 -0.9202 -0.3745
vn -0.5352 -0.2788 -0.7974
vn -0.6914 -0.6320 -0.3501
vn -0.7393 -0.5990 -0.3075
vn -0.3665 -0.7845 -0.5002
vn -0.5012 -0.2096 -0.8396
vn -0.8557 -0.4917 -0.1614
vn 0.2702 -0.9594 -0.0803
vn 0.3316 0.2392 -0.9126
vn 0.7923 -0.0117 -0.6101
vn 0.4140 0.0318 -0.9097
vn 0.7575 0.3798 -0.5309
vn 0.5722 0.1033 -0.8136
vn 0.9126 -0.2828 -0.2953
vn 0.9382 -0.2211 -0.2662
vn 0.9364 -0.1329 -0.3249
vn 0.8608 -0.1261 -0.4930
vn 0.8645 -0.4419 -0.2396
vn 0.8796 0.2485 -0.4056
vn 0.8940 -0.2626 -0.3631
vn 0.9166 -0.3498 -0.1933
vn 0.8931 0.3934 0.2184
vn 0.9983 -0.0334 -0.0481
vn 0.9818 -0.1052 -0.1580
vn 0.8016 -0.3889 -0.4541
vn 0.9730 0.0164 -0.2301
vn 0.8519 -0.1214 -0.5094
vn 0.8856 -0.1551 -0.4378
vn 0.7463 -0.6157 -0.2527
vn 0.5177 -0.6670 -0.5358
vn 0.4518 -0.6686 -0.5907
vn 0.2102 -0.6617 -0.7197
vn 0.7151 -0.5716 -0.4024
vn 0.3743 -0.1570 -0.9139
vn -0.0193 -0.4882 -0.8725
vn 0.5675 -0.7000 -0.4335
vn 0.4593 -0.7254 -0.5127
vn 0.6551 -0.0694 -0.7523
vn 0.9041 -0.3990 -0.1529
vn 0.8795 -0.4508 -0.1522
vn 0.9121 -0.3796 -0.1552
vn 0.9149 -0.3389 -0.2192
vn 0.9873 0.0143 -0.1580
vn 0.9990 -0.0355 -0.0261
vn 0.9968 -0.0771 0.0224
vn 0.9840 -0.1079 -0.1418
vn 0.9985 0.0315 -0.0454
vn 0.9364 0.0969 -0.3373
vn 0.9975 0.0702 -0.0042
vn 0.9701 -0.0089 -0.2425
vn 0.9546 -0.1599 -0.2513
vn 0.9092 -0.1886 -0.3712
vn 0.0753 -0.2089 -0.9750
vn 0.2259 -0.2641 -0.9377
vn 0.8662 -0.4028 -0.2959
vn 0.6788 -0.7064 -0.2007
vn -0.8561 0.4757 0.2022
vn -0.5567 0.7666 0.3201
vn 0.2697 -0.8635 0.4261
vn 0.4808 -0.8399 0.2520
vn -0.4575 -0.6687 0.5861
vn -0.5221 -0.6424 0.5610
vn 0.3009 -0.7327 0.6104
vn -0.5299 -0.4818 0.6979
vn 0.1802 -0.4577 0.8706
vn -0.0151 -0.2596 0.9656
vn -0.4939 -0.3494 0.7962
vn -0.5409 -0.1795 0.8217
vn -0.0607 -0.0097 0.9981
vn -0.1714 0.1115 0.9789
vn -0.7309 -0.0676 0.6791
vn -0.7135 -0.0452 0.6992
vn -0.1976 0.1074 0.9744
vn -0.3630 0.1518 0.9193
vn -0.6461 0.0099 0.7632
vn -0.5711 0.4993 0.6515
vn -0.9000 0.0431 0.4337
vn -0.9026 0.2800 0.3270
vn -0.5738 0.6589 0.4865
vn 0.8907 0.0066 0.4545
vn 0.7505 0.2464 0.6132
vn 0.5442 -0.2532 0.7999
vn 0.5121 -0.1943 0.8367
vn 0.1647 -0.0783 0.9832
vn 0.1015 -0.4012 0.9104
vn 0.8883 -0.0334 0.4580
vn 0.7697 -0.0152 0.6382
vn 0.8346 -0.1089 0.5400
vn 0.4828 -0.1281 0.8663
vn 0.5801 0.0540 0.8128
vn 0.0191 -0.1345 0.9907
vn 0.3646 -0.0695 0.9286
vn 0.6559 0.2710 0.7045
vn 0.2563 -0.0839 0.9629
vn 0.1152 -0.2043 0.9721
vn 0.5772 0.5438 0.6093
vn 0.0818 0.2568 0.9630
vn 0.8141 0.2252 0.5352
vn 0.6083 0.1217 0.7843
vn 0.8991 -0.1198 0.4210
vn 0.3694 -0.1095 0.9228
vn 0.1380 -0.1934 0.9714
vn 0.7055 -0.1661 0.6890
vn 0.8995 -0.0214 0.4365
vn 0.7158 -0.1294 0.6862
vn 0.6877 0.3657 0.6272
vn 0.5054 0.4915 0.7092
vn 0.6621 0.0287 0.7489
vn 0.4290 0.3377 0.8378
vn 0.3828 0.3960 0.8346
vn 0.1510 0.1936 0.9694
vn -0.0255 0.4959 0.8680
vn -0.1182 0.2566 0.9593
vn 0.4410 0.1769 0.8799
vn 0.5073 0.3776 0.7746
vn 0.6668 0.3381 0.6642
vn 0.7449 0.1642 0.6467
vn 0.7306 -0.2024 0.6521
vn 0.6958 -0.0286 0.7176
vn 0.7494 0.0617 0.6592
vn 0.5322 -0.2975 0.7927
vn 0.2405 -0.2647 0.9339
vn -0.0187 -0.1269 0.9917
vn 0.9595 0.1463 0.2406
vn 0.9194 -0.1737 0.3529
vn 0.7777 0.0857 0.6227
vn 0.6928 0.1164 0.7117
vn 0.4689 -0.1676 0.8672
vn 0.2723 -0.2088 0.9393
vn -0.0622 -0.0364 0.9974
vn -0.1509 -0.0766 0.9856
vn 0.8942 0.3510 0.2780
vn 0.8282 0.5040 0.2451
vn 0.6045 0.6907 0.3969
vn 0.4212 0.5876 0.6908
vn 0.0755 0.5097 0.8570
vn -0.4005 0.2560 0.8798
vn 0.0489 -0.2025 0.9781
vn -0.1710 0.2127 0.9620
vn -0.0221 0.5950 0.8034
vn 0.2276 0.8854 0.4054
vn 0.5153 0.8520 0.0924
vn 0.6976 0.7146 -0.0510
vn 0.8541 0.5190 0.0344
vn 0.9630 0.2263 0.1466
vn 0.9019 0.1181 0.4154
vn -0.2292 -0.1495 0.9618
vn 0.5337 0.8457 -0.0021
vn 0.2153 0.9375 0.2733
vn 0.6668 0.7379 -0.1040
vn 0.7775 0.6288 -0.0056
vn 0.8584 0.4380 0.2671
vn 0.7989 0.3094 0.5157
vn 0.7445 0.2265 0.6281
vn 0.6665 0.1803 0.7234
vn 0.4158 -0.0310 0.9089
vn 0.3449 -0.0683 0.9362
vn 0.2329 -0.0600 0.9706
vn 0.1201 -0.0034 0.9928
vn 0.0162 0.0947 0.9954
vn 0.1559 -0.0830 0.9843
vn 0.0261 -0.0743 0.9969
vn -0.1172 0.1045 0.9876
vn -0.1831 0.4275 0.8853
vn 0.0690 0.7530 0.6544
vn 0.7291 0.6690 0.1444
vn 0.6623 0.4620 0.5899
vn 0.5843 0.3438 0.7351
vn 0.4935 0.2791 0.8238
vn 0.2158 0.0633 0.9744
vn 0.2124 0.1552 0.9648
vn 0.1939 0.1665 0.9668
vn 0.2219 0.1424 0.9646
vn 0.0840 0.1171 0.9896
vn 0.0436 0.1358 0.9898
vn -0.1300 0.2377 0.9626
vn 0.5538 0.8263 0.1031
vn 0.6268 0.7241 0.2878
vn 0.6077 0.2466 0.7549
vn 0.2266 0.2431 0.9431
vn 0.4443 0.0793 0.8924
vn 0.4516 0.0197 0.8920
vn 0.4048 0.0929 0.9097
vn 0.2893 0.0218 0.9570
vn 0.6316 0.6596 0.4075
vn 0.5926 0.6454 0.4820
vn 0.4431 0.4761 0.7596
vn 0.3613 0.4287 0.8281
vn 0.3262 0.3064 0.8943
vn 0.2891 0.0008 0.9573
vn 0.3606 0.1677 0.9175
vn 0.3747 0.1292 0.9181
vn 0.3798 -0.0620 0.9230
vn 0.3267 -0.0253 0.9448
vn 0.2591 0.0561 0.9642
vn 0.1620 0.0819 0.9834
vn 0.1638 0.1577 0.9738
vn 0.2075 0.1787 0.9618
vn 0.1814 0.1553 0.9711
vn 0.1131 0.2202 0.9689
vn 0.5128 0.7579 0.4033
vn 0.3565 0.6290 0.6909
vn 0.2490 0.5294 0.8110
vn 0.1569 0.3110 0.9374
vn 0.1074 0.1155 0.9875
vn 0.0137 0.1350 0.9907
vn 0.0589 0.0437 0.9973
vn 0.1759 0.8213 0.5427
vn 0.3765 0.8889 0.2612
vn 0.2102 0.8056 0.5540
vn 0.4527 0.8374 0.3062
vn 0.1872 0.1802 0.9657
vn 0.1054 0.5640 0.8190
vn 0.0833 0.6651 0.7421
vn -0.0377 0.3739 0.9267
vn 0.0549 0.2591 0.9643
vn 0.1395 0.2429 0.9600
vn 0.0018 0.4133 0.9106
vn -0.1536 0.1362 0.9787
vn 0.5191 0.6951 0.4973
vn 0.6259 0.7550 0.1955
vn 0.3732 0.7776 0.5061
vn 0.4309 0.8830 0.1862
vn 0.8839 0.4360 0.1692
vn 0.5954 0.4041 0.6944
vn 0.4358 0.3106 0.8447
vn 0.3532 -0.0702 0.9329
vn 0.5002 -0.3514 0.7914
vn 0.9933 -0.0248 0.1124
vn 0.9387 -0.3118 -0.1472
vn 0.8386 -0.5010 -0.2139
vn 0.8070 -0.5735 -0.1407
vn 0.7018 -0.6568 0.2756
vn 0.7516 -0.6474 0.1264
vn 0.9003 -0.3358 0.2769
vn 0.3037 -0.7047 0.6412
vn 0.5244 -0.7404 0.4204
vn 0.4184 -0.1807 0.8901
vn 0.6483 -0.3851 0.6568
vn 0.4773 -0.1577 0.8645
vn 0.7344 0.3339 0.5908
vn 0.7059 0.1508 0.6920
vn 0.3791 -0.6451 0.6634
vn 0.1600 -0.5961 0.7868
vn 0.5851 0.2441 0.7734
vn 0.5442 0.2496 0.8010
vn 0.5998 0.2603 0.7566
vn 0.4150 0.1833 0.8912
vn 0.5322 0.2593 0.8059
vn 0.4258 -0.1304 0.8954
vn 0.6032 -0.0839 0.7932
vn 0.2862 -0.5594 0.7779
vn 0.1819 -0.6639 0.7253
vn 0.1268 -0.6806 0.7216
vn 0.1674 -0.6857 0.7083
vn 0.3093 -0.0126 0.9509
vn 0.1994 -0.3574 0.9124
vn 0.0200 0.0381 0.9991
vn -0.1810 -0.2853 0.9412
vn 0.0455 -0.3488 0.9361
vn -0.1032 -0.1411 0.9846
vn -0.1228 -0.5409 0.8321
vn 0.0626 -0.7530 0.6551
vn 0.1715 -0.1305 0.9765
vn 0.0987 -0.5186 0.8493
vn 0.0413 -0.7951 0.6051
vn 0.1759 -0.5860 0.7910
vn 0.2404 -0.6569 0.7147
vn 0.3922 -0.5240 0.7560
vn -0.0060 -0.8937 0.4487
vn 0.0453 -0.8994 0.4348
vn 0.2565 -0.9383 0.2318
vn 0.2772 -0.2350 0.9316
vn 0.2086 -0.5827 0.7855
vn 0.1648 -0.7998 0.5772
vn 0.2061 -0.7444 0.6352
vn 0.7301 -0.6555 0.1928
vn 0.5503 -0.8350 0.0056
vn 0.0093 -0.9964 0.0844
vn -0.0499 -0.9930 0.1071
vn 0.1057 -0.9935 -0.0426
vn 0.1751 -0.9840 -0.0342
vn 0.0151 -0.9906 0.1357
vn 0.1699 -0.9451 0.2792
vn 0.2546 -0.9097 0.3280
vn 0.1679 -0.9849 -0.0416
vn 0.2226 -0.8515 0.4748
vn 0.1420 -0.8306 0.5384
vn 0.1475 -0.9880 0.0457
vn 0.2061 -0.6971 0.6867
vn 0.1315 -0.6675 0.7329
vn 0.2348 -0.6428 0.7292
vn 0.2964 -0.3681 0.8813
vn 0.2348 -0.3856 0.8923
vn 0.1446 -0.6718 0.7265
vn 0.1338 -0.2218 0.9659
vn -0.0125 -0.6101 0.7922
vn -0.0257 -0.7032 0.7106
vn -0.0101 -0.6626 0.7489
vn -0.0253 -0.6143 0.7886
vn -0.1030 -0.6177 0.7796
vn 0.2089 -0.9681 0.1384
vn 0.1428 -0.8214 0.5522
vn 0.0758 -0.5540 0.8290
vn -0.2219 -0.3613 0.9057
vn 0.0237 -0.0443 0.9987
vn -0.1615 -0.4402 0.8833
vn -0.2789 -0.4443 0.8514
vn -0.4595 -0.1124 0.8810
vn -0.3152 -0.1164 0.9419
vn -0.2958 -0.0404 0.9544
vn -0.0133 0.0469 0.9988
vn -0.0989 0.1809 0.9785
vn -0.1868 0.2299 0.9551
vn -0.2678 0.3485 0.8982
vn -0.2983 0.1262 0.9461
vn -0.3146 0.2239 0.9224
vn -0.4819 0.1128 0.8689
vn -0.4513 0.0517 0.8909
vn -0.3318 0.1238 0.9352
vn -0.4167 0.2047 0.8857
vn 0.5635 0.8241 0.0577
vn 0.2879 0.9576 -0.0045
vn 0.2724 0.9613 -0.0404
vn 0.5227 0.7946 0.3089
vn 0.6361 0.7057 0.3120
vn 0.4431 0.8960 0.0287
vn -0.0326 0.9961 0.0815
vn -0.1071 0.9912 -0.0781
vn -0.1332 0.9832 -0.1247
vn -0.0751 0.9970 -0.0211
vn 0.4561 0.8868 0.0749
vn 0.7158 0.6963 0.0533
vn 0.4756 0.8521 -0.2184
vn -0.1601 0.9810 -0.1093
vn 0.7879 0.5939 -0.1626
vn 0.4902 0.7678 -0.4125
vn 0.0684 0.9338 -0.3512
vn 0.8019 0.4530 -0.3895
vn 0.3016 0.7118 -0.6343
vn 0.0656 0.9363 -0.3449
vn 0.6575 0.3370 -0.6738
vn 0.2002 0.7798 -0.5931
vn -0.0276 0.9593 -0.2809
vn 0.5232 0.2640 -0.8103
vn 0.0884 0.7125 -0.6961
vn -0.0378 0.9483 -0.3151
vn 0.2625 0.3347 -0.9050
vn 0.7937 0.5116 0.3290
vn 0.9727 0.2226 0.0662
vn 0.9543 0.0595 -0.2928
vn 0.8593 -0.1260 -0.4957
vn 0.6512 -0.0682 -0.7558
vn 0.3431 -0.0610 -0.9373
vn 0.0854 0.2066 -0.9747
vn 0.1612 -0.1829 -0.9698
vn 0.0567 0.6984 -0.7134
vn -0.0468 0.9602 -0.2755
vn -0.0212 -0.3048 -0.9522
vn -0.0792 0.2881 -0.9543
vn 0.0054 0.7272 -0.6864
vn 0.0005 0.9455 -0.3257
vn 0.0067 -0.3391 -0.9407
vn -0.1395 0.2696 -0.9528
vn -0.1888 0.7009 -0.6878
vn -0.0803 0.9535 -0.2906
vn 0.9054 0.2959 -0.3044
vn 0.7154 -0.6167 0.3284
vn 0.7936 -0.5751 0.1985
vn 0.6942 -0.7153 0.0800
vn 0.1000 -0.7937 0.6001
vn -0.0330 -0.8906 0.4535
vn 0.6436 0.0067 0.7654
vn 0.0488 -0.8728 0.4856
vn 0.5597 -0.6665 -0.4924
vn 0.1441 -0.8690 0.4734
vn 0.3993 -0.6157 -0.6794
vn 0.2516 -0.9584 0.1347
vn 0.3129 -0.7393 -0.5962
vn 0.2599 -0.9618 0.0856
vn 0.2478 -0.9545 0.1657
vn 0.1476 -0.8582 -0.4915
vn 0.2563 -0.8764 -0.4078
vn 0.4105 -0.9002 0.1450
vn 0.1977 -0.7349 0.6488
vn -0.0579 -0.5960 0.8009
vn 0.3005 -0.6286 0.7173
vn 0.5452 -0.6413 0.5399
vn -0.3580 -0.4233 0.8323
vn -0.5731 -0.4752 0.6677
vn -0.5418 -0.6348 0.5509
vn -0.4135 -0.7075 0.5731
vn -0.6270 0.1144 0.7706
vn 0.2098 -0.3136 0.9261
vn 0.4209 -0.2813 0.8624
vn 0.0483 -0.2579 0.9650
vn -0.2902 -0.1530 0.9446
vn -0.4991 -0.1388 0.8554
vn -0.7465 -0.1000 0.6578
vn -0.8719 -0.2596 0.4151
vn -0.8843 -0.2421 0.3993
vn -0.9009 -0.0019 0.4341
vn -0.7611 0.3924 0.5165
vn -0.5593 0.3804 0.7365
vn -0.3405 0.5389 0.7705
vn -0.0230 0.3277 0.9445
vn -0.9187 0.2172 0.3298
vn -0.8951 0.3977 0.2015
vn -0.9320 0.3350 0.1383
vn -0.8625 0.3578 0.3578
vn -0.8741 0.4640 0.1438
vn -0.7267 0.5880 0.3553
vn -0.5472 0.6373 0.5427
vn 0.2157 0.0862 0.9726
vn 0.3934 0.3194 0.8621
vn -0.4173 0.8908 0.1800
vn -0.4664 0.8684 0.1686
vn -0.6279 0.7779 -0.0232
vn -0.6295 0.7761 0.0359
vn -0.5810 0.8135 0.0261
vn -0.1994 0.9712 0.1302
vn -0.1227 0.9346 0.3339
vn -0.3161 0.9419 0.1134
vn -0.3910 0.9191 0.0495
vn -0.6240 0.7777 -0.0758
vn -0.7398 0.6170 0.2684
vn -0.5203 0.6641 0.5369
vn 0.0941 0.8733 0.4779
vn 0.0774 0.9410 0.3295
vn -0.5383 0.7619 0.3601
vn -0.6114 0.6393 0.4663
vn -0.4498 0.7608 0.4678
vn -0.4670 0.7294 0.4999
vn -0.3443 0.7859 0.5137
vn -0.4064 0.8335 0.3743
vn -0.7381 0.5812 0.3428
vn -0.9276 -0.0170 0.3731
vn -0.8233 0.1587 0.5449
vn -0.3105 0.9259 0.2152
vn -0.1377 0.9727 0.1870
vn -0.7148 0.5785 0.3930
vn -0.9004 -0.0065 0.4349
vn -0.5102 0.8440 0.1656
vn -0.1336 0.9891 -0.0618
vn -0.7865 0.4207 0.4521
vn -0.8739 -0.0320 0.4851
vn 0.3357 0.9150 0.2239
vn 0.4001 0.8796 0.2575
vn -0.2664 0.9344 -0.2367
vn 0.3536 0.9255 -0.1356
vn -0.6632 0.7484 0.0056
vn -0.8671 0.3846 0.3165
vn -0.3164 0.8694 -0.3794
vn 0.3944 0.7854 -0.4771
vn -0.7227 0.6768 -0.1400
vn -0.8994 0.4082 0.1565
vn -0.6272 0.7612 -0.1646
vn -0.8343 0.5461 -0.0757
vn -0.8397 0.5383 -0.0719
vn -0.9461 0.3176 -0.0629
vn -0.3895 0.8995 -0.1979
vn 0.4128 0.8326 -0.3694
vn 0.4777 0.8613 0.1729
vn 0.1950 0.9768 -0.0880
vn 0.0692 0.9967 0.0423
vn -0.3632 0.8657 0.3444
vn -0.9821 0.1781 -0.0612
vn -0.6062 0.3447 0.7167
vn -0.8978 0.4389 -0.0375
vn -0.9325 -0.0510 0.3575
vn -0.9773 0.1877 0.0983
vn -0.9848 0.1734 -0.0128
vn -0.9848 -0.0905 0.1481
vn -0.9402 -0.3142 0.1318
vn -0.0679 -0.3655 0.9283
vn 0.0978 -0.5956 0.7973
vn 0.3511 -0.8168 0.4578
vn 0.1584 -0.9476 0.2775
vn -0.9305 -0.3639 0.0418
vn -0.5352 -0.2788 0.7974
vn -0.6914 -0.6320 0.3501
vn -0.7393 -0.5990 0.3075
vn -0.3665 -0.7845 0.5002
vn -0.5012 -0.2096 0.8396
vn -0.8557 -0.4917 0.1614
vn 0.2702 -0.9594 0.0803
vn 0.7923 -0.0117 0.6101
vn 0.3316 0.2392 0.9126
vn 0.4220 0.0199 0.9064
vn 0.7421 0.3217 0.5881
vn 0.5722 0.1033 0.8136
vn 0.9363 -0.2284 0.2667
vn 0.8444 -0.4286 0.3214
vn 0.8604 -0.1261 0.4937
vn 0.9259 -0.1502 0.3467
vn 0.8690 -0.4331 0.2391
vn 0.9282 0.1997 0.3139
vn 0.9433 -0.1728 0.2833
vn 0.8950 -0.3717 0.2468
vn 0.8931 0.3934 -0.2184
vn 0.9983 -0.0334 0.0481
vn 0.9841 -0.1106 0.1390
vn 0.8016 -0.3889 0.4541
vn 0.9736 0.0303 0.2261
vn 0.8436 -0.0947 0.5286
vn 0.8579 -0.1617 0.4877
vn 0.7933 -0.4188 0.4419
vn 0.5635 -0.6560 0.5022
vn 0.4280 -0.6688 0.6079
vn 0.2124 -0.6609 0.7198
vn 0.6578 -0.6823 0.3190
vn 0.3743 -0.1570 0.9139
vn -0.0064 -0.4972 0.8676
vn 0.5380 -0.6905 0.4835
vn 0.4609 -0.7225 0.5153
vn 0.6725 0.1081 0.7322
vn 0.8968 -0.4180 0.1448
vn 0.8923 -0.4119 0.1850
vn 0.9214 -0.3638 0.1369
vn 0.9149 -0.3389 0.2192
vn 0.9486 0.1089 0.2971
vn 0.9989 -0.0327 0.0340
vn 0.9968 -0.0792 -0.0141
vn 0.9906 -0.1116 0.0788
vn 0.9313 0.0190 0.3636
vn 0.9982 0.0221 0.0559
vn 0.9975 0.0630 0.0316
vn 0.9719 -0.0498 0.2301
vn 0.9524 -0.1426 0.2695
vn 0.9092 -0.1886 0.3712
vn 0.0753 -0.2089 0.9750
vn 0.2742 -0.2623 0.9252
vn 0.8662 -0.4028 0.2959
vn 0.6788 -0.7064 0.2007
s 1
f 40//1 51//2 1//3
f 3//4 1//3 51//2
f 2//5 4//6 50//7
f 62//8 50//7 4//6
f 62//8 61//9 50//7
f 61//9 60//10 50//7
f 49//11 50//7 60//10
f 49//11 60//10 48//12
f 47//13 48//12 58//14
f 47//13 58//14 46//15
f 57//16 46//15 58//14
f 57//16 56//17 46//15
f 45//18 46//15 56//17
f 45//18 56//17 44//19
f 55//20 44//19 56//17
f 44//19 55//20 43//21
f 54//22 43//21 55//20
f 43//21 54//22 42//23
f 53//24 42//23 54//22
f 42//23 53//24 41//25
f 52//26 41//25 53//24
f 52//26 51//2 41//25
f 40//1 41//25 51//2
f 64//27 65//28 63//29
f 66//30 67//31 65//28
f 63//29 65//28 67//31
f 68//32 63//29 67//31
f 66//30 65//28 70//33
f 69//34 70//33 65//28
f 71//35 67//31 70//33
f 66//30 70//33 67//31
f 71//35 72//36 67//31
f 67//31 72//36 68//32
f 73//37 68//32 72//36
f 68//32 73//37 63//29
f 74//38 63//29 73//37
f 74//38 75//39 63//29
f 69//34 65//28 76//40
f 64//27 76//40 65//28
f 73//37 78//41 74//38
f 77//42 74//38 78//41
f 79//43 80//44 75//39
f 76//40 75//39 80//44
f 70//33 69//34 81//45
f 83//46 78//41 72//36
f 73//37 72//36 78//41
f 71//35 84//47 72//36
f 83//46 72//36 84//47
f 83//46 85//48 78//41
f 86//49 78//41 85//48
f 87//50 85//48 84//47
f 83//46 84//47 85//48
f 88//51 87//50 84//47
f 82//52 88//51 84//47
f 90//53 81//45 89//54
f 80//44 89//54 81//45
f 91//55 81//45 90//53
f 91//55 82//52 81//45
f 92//56 93//57 79//43
f 80//44 79//43 93//57
f 77//42 94//58 79//43
f 92//56 79//43 94//58
f 96//59 92//56 95//60
f 94//58 95//60 92//56
f 97//61 93//57 96//59
f 92//56 96//59 93//57
f 98//62 89//54 97//61
f 93//57 97//61 89//54
f 99//63 90//53 98//62
f 89//54 98//62 90//53
f 91//55 90//53 100//64
f 99//63 100//64 90//53
f 82//52 91//55 101//65
f 100//64 101//65 91//55
f 102//66 82//52 101//65
f 103//67 88//51 102//66
f 82//52 102//66 88//51
f 103//67 104//68 88//51
f 87//50 88//51 104//68
f 87//50 104//68 85//48
f 105//69 85//48 104//68
f 85//48 105//69 86//49
f 106//70 86//49 105//69
f 86//49 106//70 77//42
f 107//71 108//72 101//65
f 108//72 109//73 101//65
f 102//66 101//65 109//73
f 109//73 110//74 102//66
f 103//67 102//66 110//74
f 111//75 104//68 110//74
f 103//67 110//74 104//68
f 104//68 111//75 105//69
f 112//76 105//69 111//75
f 105//69 112//76 106//70
f 113//77 106//70 112//76
f 113//77 114//78 106//70
f 77//42 106//70 114//78
f 116//79 100//64 115//80
f 99//63 115//80 100//64
f 99//63 98//62 115//80
f 117//81 115//80 98//62
f 98//62 97//61 117//81
f 118//82 117//81 97//61
f 97//61 96//59 118//82
f 119//83 118//82 96//59
f 96//59 95//60 119//83
f 120//84 119//83 95//60
f 120//84 95//60 121//85
f 77//42 121//85 95//60
f 77//42 114//78 121//85
f 120//84 123//86 119//83
f 122//87 119//83 123//86
f 124//88 118//82 122//87
f 119//83 122//87 118//82
f 125//89 117//81 124//88
f 118//82 124//88 117//81
f 126//90 115//80 125//89
f 117//81 125//89 115//80
f 127//91 116//79 126//90
f 115//80 126//90 116//79
f 107//71 116//79 128//92
f 127//91 128//92 116//79
f 129//93 108//72 128//92
f 107//71 128//92 108//72
f 129//93 109//73 108//72
f 121//85 114//78 130//94
f 131//95 132//96 124//88
f 125//89 124//88 132//96
f 133//97 126//90 132//96
f 125//89 132//96 126//90
f 134//98 127//91 133//97
f 126//90 133//97 127//91
f 128//92 127//91 135//99
f 134//98 135//99 127//91
f 136//100 129//93 135//99
f 128//92 135//99 129//93
f 136//100 137//101 129//93
f 109//73 129//93 137//101
f 137//101 138//102 109//73
f 110//74 109//73 138//102
f 139//103 111//75 138//102
f 110//74 138//102 111//75
f 111//75 139//103 112//76
f 140//104 112//76 139//103
f 140//104 141//105 112//76
f 112//76 141//105 113//77
f 142//106 113//77 141//105
f 142//106 143//107 113//77
f 114//78 113//77 143//107
f 114//78 143//107 130//94
f 144//108 130//94 143//107
f 123//86 130//94 145//109
f 144//108 145//109 130//94
f 123//86 145//109 146//110
f 123//86 148//111 122//87
f 147//112 122//87 148//111
f 123//86 146//110 148//111
f 134//98 133//97 6//113
f 5//114 6//113 133//97
f 135//99 134//98 149//115
f 6//113 149//115 134//98
f 150//116 136//100 149//115
f 135//99 149//115 136//100
f 151//117 137//101 150//116
f 136//100 150//116 137//101
f 151//117 152//118 137//101
f 152//118 138//102 137//101
f 153//119 154//120 142//106
f 143//107 142//106 154//120
f 154//120 155//121 143//107
f 143//107 155//121 144//108
f 156//122 144//108 155//121
f 144//108 156//122 145//109
f 157//123 145//109 156//122
f 146//110 145//109 158//124
f 157//123 158//124 145//109
f 148//111 146//110 159//125
f 158//124 159//125 146//110
f 7//126 132//96 160//127
f 131//95 160//127 132//96
f 131//95 147//112 160//127
f 161//128 160//127 147//112
f 161//128 147//112 162//129
f 147//112 148//111 162//129
f 163//130 162//129 148//111
f 148//111 159//125 163//130
f 164//131 139//103 152//118
f 138//102 152//118 139//103
f 164//131 165//132 139//103
f 140//104 139//103 165//132
f 166//133 141//105 165//132
f 140//104 165//132 141//105
f 166//133 167//134 141//105
f 142//106 141//105 167//134
f 167//134 153//119 142//106
f 168//135 150//116 8//136
f 149//115 8//136 150//116
f 9//137 168//135 8//136
f 10//138 169//139 9//137
f 168//135 9//137 169//139
f 169//139 170//140 168//135
f 150//116 168//135 170//140
f 171//141 151//117 170//140
f 150//116 170//140 151//117
f 171//141 172//142 151//117
f 152//118 151//117 172//142
f 173//143 164//131 172//142
f 152//118 172//142 164//131
f 173//143 174//144 164//131
f 165//132 164//131 174//144
f 174//144 175//145 165//132
f 176//146 166//133 175//145
f 165//132 175//145 166//133
f 166//133 176//146 167//134
f 177//147 167//134 176//146
f 167//134 177//147 153//119
f 178//148 153//119 177//147
f 153//119 178//148 154//120
f 179//149 154//120 178//148
f 154//120 179//149 155//121
f 180//150 155//121 179//149
f 155//121 180//150 156//122
f 181//151 156//122 180//150
f 157//123 156//122 182//152
f 181//151 182//152 156//122
f 157//123 182//152 158//124
f 183//153 158//124 182//152
f 184//154 169//139 11//155
f 10//138 11//155 169//139
f 184//154 185//156 169//139
f 170//140 169//139 185//156
f 186//157 171//141 185//156
f 170//140 185//156 171//141
f 186//157 187//158 171//141
f 172//142 171//141 187//158
f 188//159 173//143 187//158
f 172//142 187//158 173//143
f 188//159 189//160 173//143
f 174//144 173//143 189//160
f 189//160 190//161 174//144
f 175//145 174//144 190//161
f 192//162 193//163 191//164
f 194//165 191//164 193//163
f 197//166 195//167 196//168
f 198//169 199//170 196//168
f 197//166 196//168 199//170
f 198//169 200//171 199//170
f 201//172 199//170 200//171
f 184//154 11//155 191//164
f 12//173 191//164 11//155
f 191//164 194//165 184//154
f 185//156 184//154 194//165
f 195//167 186//157 194//165
f 185//156 194//165 186//157
f 195//167 197//166 186//157
f 187//158 186//157 197//166
f 199//170 188//159 197//166
f 187//158 197//166 188//159
f 199//170 201//172 188//159
f 189//160 188//159 201//172
f 201//172 202//174 189//160
f 190//161 189//160 202//174
f 204//175 205//176 203//177
f 206//178 203//177 205//176
f 14//179 207//180 13//181
f 204//175 13//181 207//180
f 208//182 205//176 207//180
f 204//175 207//180 205//176
f 16//183 203//177 15//184
f 192//162 15//184 203//177
f 206//178 193//163 203//177
f 192//162 203//177 193//163
f 206//178 209//185 193//163
f 196//168 193//163 209//185
f 205//176 210//186 206//178
f 209//185 206//178 210//186
f 208//182 211//187 205//176
f 210//186 205//176 211//187
f 212//188 208//182 207//180
f 212//188 207//180 17//189
f 14//179 17//189 207//180
f 212//188 211//187 208//182
f 18//190 213//191 17//189
f 212//188 17//189 213//191
f 214//192 213//191 19//193
f 18//190 19//193 213//191
f 20//194 215//195 19//193
f 214//192 19//193 215//195
f 216//196 217//197 215//195
f 214//192 215//195 217//197
f 214//192 217//197 213//191
f 218//198 213//191 217//197
f 220//199 221//200 219//201
f 222//202 223//203 221//200
f 219//201 221//200 223//203
f 225//204 218//198 224//205
f 220//199 224//205 218//198
f 217//197 221//200 218//198
f 220//199 218//198 221//200
f 216//196 226//206 217//197
f 221//200 217//197 226//206
f 221//200 226//206 222//202
f 227//207 222//202 226//206
f 228//208 224//205 219//201
f 220//199 219//201 224//205
f 229//209 228//208 200//171
f 219//201 200//171 228//208
f 230//210 229//209 198//169
f 200//171 198//169 229//209
f 230//210 198//169 209//185
f 196//168 209//185 198//169
f 225//204 224//205 231//211
f 224//205 228//208 231//211
f 232//212 231//211 228//208
f 234//213 229//209 233//214
f 230//210 233//214 229//209
f 230//210 209//185 233//214
f 209//185 210//186 233//214
f 210//186 211//187 233//214
f 234//213 233//214 211//187
f 211//187 232//212 234//213
f 212//188 231//211 211//187
f 232//212 211//187 231//211
f 227//207 236//215 222//202
f 235//216 222//202 236//215
f 235//216 236//215 237//217
f 236//215 238//218 237//217
f 223//203 240//219 239//220
f 223//203 239//220 219//201
f 200//171 219//201 239//220
f 200//171 239//220 201//172
f 241//221 201//172 239//220
f 241//221 202//174 201//172
f 241//221 242//222 202//174
f 239//220 240//219 241//221
f 243//223 241//221 240//219
f 235//216 237//217 240//219
f 243//223 240//219 237//217
f 242//222 241//221 243//223
f 237//217 238//218 243//223
f 242//222 243//223 238//218
f 242//222 244//224 202//174
f 190//161 202//174 244//224
f 242//222 245//225 244//224
f 238//218 245//225 242//222
f 246//226 245//225 238//218
f 244//224 247//227 190//161
f 245//225 248//228 244//224
f 247//227 244//224 248//228
f 246//226 249//229 245//225
f 245//225 249//229 248//228
f 227//207 250//230 236//215
f 251//231 236//215 250//230
f 252//232 250//230 226//206
f 227//207 226//206 250//230
f 251//231 253//233 246//226
f 249//229 246//226 253//233
f 254//234 253//233 250//230
f 251//231 250//230 253//233
f 255//235 254//234 252//232
f 250//230 252//232 254//234
f 190//161 247//227 175//145
f 256//236 175//145 247//227
f 248//228 257//237 247//227
f 256//236 247//227 257//237
f 249//229 258//238 248//228
f 248//228 258//238 257//237
f 259//239 257//237 258//238
f 260//240 252//232 216//196
f 226//206 216//196 252//232
f 21//241 215//195 20//194
f 260//240 216//196 21//241
f 215//195 21//241 216//196
f 261//242 260//240 22//243
f 21//241 22//243 260//240
f 261//242 255//235 260//240
f 252//232 260//240 255//235
f 22//243 23//244 261//242
f 262//245 255//235 23//244
f 261//242 23//244 255//235
f 24//246 262//245 23//244
f 262//245 263//247 255//235
f 254//234 255//235 263//247
f 25//248 26//249 264//250
f 265//251 264//250 26//249
f 263//247 266//252 254//234
f 253//233 254//234 266//252
f 266//252 267//253 253//233
f 249//229 253//233 267//253
f 25//248 264//250 27//254
f 24//246 28//255 262//245
f 263//247 262//245 28//255
f 28//255 27//254 263//247
f 264//250 263//247 27//254
f 263//247 264//250 266//252
f 264//250 267//253 266//252
f 249//229 267//253 258//238
f 267//253 268//256 258//238
f 259//239 258//238 268//256
f 264//250 265//251 267//253
f 268//256 267//253 265//251
f 26//249 29//257 265//251
f 269//258 265//251 29//257
f 265//251 269//258 268//256
f 270//259 268//256 269//258
f 270//259 269//258 271//260
f 272//261 271//260 269//258
f 30//262 272//261 29//257
f 269//258 29//257 272//261
f 259//239 268//256 273//263
f 270//259 273//263 268//256
f 270//259 271//260 273//263
f 274//264 273//263 271//260
f 256//236 257//237 275//265
f 276//266 275//265 257//237
f 273//263 276//266 259//239
f 257//237 259//239 276//266
f 176//146 275//265 177//147
f 277//267 177//147 275//265
f 275//265 276//266 277//267
f 278//268 277//267 276//266
f 276//266 273//263 278//268
f 274//264 278//268 273//263
f 177//147 277//267 178//148
f 279//269 178//148 277//267
f 277//267 278//268 279//269
f 280//270 279//269 278//268
f 278//268 274//264 280//270
f 281//271 280//270 274//264
f 281//271 283//272 282//273
f 284//274 282//273 283//272
f 30//262 31//275 272//261
f 285//276 272//261 31//275
f 285//276 286//277 272//261
f 271//260 272//261 286//277
f 271//260 286//277 283//272
f 286//277 287//278 283//272
f 284//274 283//272 287//278
f 281//271 274//264 283//272
f 271//260 283//272 274//264
f 280//270 289//279 279//269
f 288//280 279//269 289//279
f 284//274 287//278 290//281
f 291//282 282//273 290//281
f 284//274 290//281 282//273
f 293//283 291//282 292//284
f 290//281 292//284 291//282
f 280//270 281//271 282//273
f 289//279 280//270 291//282
f 282//273 291//282 280//270
f 294//285 289//279 293//283
f 291//282 293//283 289//279
f 295//286 288//280 294//285
f 289//279 294//285 288//280
f 179//149 288//280 180//150
f 295//286 180//150 288//280
f 181//151 180//150 296//287
f 295//286 296//287 180//150
f 181//151 296//287 182//152
f 297//288 182//152 296//287
f 182//152 297//288 183//153
f 298//289 183//153 297//288
f 296//287 300//290 297//288
f 299//291 297//288 300//290
f 296//287 295//286 300//290
f 294//285 300//290 295//286
f 300//290 294//285 301//292
f 293//283 301//292 294//285
f 293//283 292//284 301//292
f 302//293 301//292 292//284
f 299//291 300//290 303//294
f 301//292 303//294 300//290
f 301//292 302//293 303//294
f 304//295 303//294 302//293
f 5//114 133//97 7//126
f 132//96 7//126 133//97
f 8//136 149//115 6//113
f 192//162 191//164 15//184
f 12//173 15//184 191//164
f 13//181 204//175 16//183
f 203//177 16//183 204//175
f 32//296 33//297 305//298
f 306//299 305//298 33//297
f 306//299 308//300 305//298
f 307//301 305//298 308//300
f 307//301 308//300 309//302
f 310//303 309//302 308//300
f 34//304 32//296 311//305
f 305//298 311//305 32//296
f 305//298 307//301 311//305
f 312//306 311//305 307//301
f 312//306 307//301 313//307
f 309//302 313//307 307//301
f 313//307 309//302 314//308
f 315//309 314//308 309//302
f 309//302 310//303 315//309
f 316//310 315//309 310//303
f 314//308 315//309 317//311
f 318//312 317//311 315//309
f 315//309 316//310 318//312
f 319//313 318//312 316//310
f 317//311 318//312 320//314
f 321//315 320//314 318//312
f 318//312 319//313 321//315
f 322//316 321//315 319//313
f 320//314 321//315 323//317
f 324//318 323//317 321//315
f 321//315 322//316 324//318
f 325//319 324//318 322//316
f 323//317 324//318 326//320
f 327//321 326//320 324//318
f 325//319 328//322 324//318
f 327//321 324//318 328//322
f 327//321 330//323 326//320
f 329//324 326//320 330//323
f 331//325 330//323 328//322
f 327//321 328//322 330//323
f 7//126 160//127 35//326
f 35//326 160//127 33//297
f 161//128 306//299 160//127
f 33//297 160//127 306//299
f 306//299 161//128 308//300
f 308//300 161//128 310//303
f 316//310 310//303 332//327
f 316//310 332//327 319//313
f 333//328 319//313 332//327
f 319//313 333//328 322//316
f 334//329 322//316 333//328
f 322//316 334//329 325//319
f 335//330 325//319 334//329
f 335//330 336//331 325//319
f 328//322 325//319 336//331
f 328//322 336//331 331//325
f 337//332 331//325 336//331
f 337//332 339//333 331//325
f 338//334 331//325 339//333
f 330//323 331//325 340//335
f 338//334 340//335 331//325
f 330//323 340//335 329//324
f 341//336 329//324 340//335
f 338//334 339//333 342//337
f 343//338 342//337 339//333
f 338//334 342//337 340//335
f 344//339 340//335 342//337
f 340//335 344//339 341//336
f 345//340 341//336 344//339
f 342//337 343//338 346//341
f 347//342 346//341 343//338
f 342//337 346//341 344//339
f 348//343 344//339 346//341
f 344//339 348//343 345//340
f 349//344 345//340 348//343
f 349//344 348//343 350//345
f 348//343 346//341 350//345
f 346//341 347//342 350//345
f 310//303 161//128 332//327
f 161//128 162//129 332//327
f 333//328 332//327 351//346
f 162//129 351//346 332//327
f 333//328 351//346 334//329
f 352//347 334//329 351//346
f 334//329 352//347 335//330
f 353//348 335//330 352//347
f 351//346 354//349 352//347
f 355//350 352//347 354//349
f 351//346 162//129 354//349
f 356//351 354//349 162//129
f 352//347 355//350 353//348
f 357//352 353//348 355//350
f 335//330 353//348 336//331
f 358//353 336//331 353//348
f 353//348 357//352 358//353
f 359//354 358//353 357//352
f 336//331 358//353 337//332
f 360//355 337//332 358//353
f 358//353 359//354 360//355
f 361//356 360//355 359//354
f 337//332 360//355 339//333
f 362//357 339//333 360//355
f 360//355 361//356 362//357
f 363//358 362//357 361//356
f 363//358 365//359 362//357
f 364//360 362//357 365//359
f 364//360 365//359 366//361
f 367//362 366//361 365//359
f 339//333 362//357 343//338
f 364//360 343//338 362//357
f 364//360 366//361 343//338
f 347//342 343//338 366//361
f 363//358 361//356 368//363
f 369//364 368//363 361//356
f 370//365 365//359 368//363
f 363//358 368//363 365//359
f 365//359 370//365 367//362
f 371//366 367//362 370//365
f 372//367 369//364 359//354
f 361//356 359//354 369//364
f 359//354 357//352 372//367
f 373//368 372//367 357//352
f 357//352 355//350 373//368
f 374//369 373//368 355//350
f 355//350 354//349 374//369
f 375//370 374//369 354//349
f 375//370 354//349 376//371
f 356//351 376//371 354//349
f 350//345 367//362 371//366
f 377//372 378//373 370//365
f 371//366 370//365 378//373
f 379//374 377//372 368//363
f 370//365 368//363 377//372
f 380//375 379//374 369//364
f 368//363 369//364 379//374
f 381//376 380//375 372//367
f 369//364 372//367 380//375
f 382//377 381//376 373//368
f 372//367 373//368 381//376
f 383//378 382//377 374//369
f 373//368 374//369 382//377
f 378//373 350//345 371//366
f 383//378 374//369 384//379
f 375//370 384//379 374//369
f 376//371 385//380 375//370
f 384//379 375//370 385//380
f 386//381 387//382 382//377
f 381//376 382//377 387//382
f 388//383 380//375 387//382
f 381//376 387//382 380//375
f 389//384 379//374 388//383
f 380//375 388//383 379//374
f 390//385 386//381 383//378
f 382//377 383//378 386//381
f 390//385 383//378 391//386
f 384//379 391//386 383//378
f 384//379 385//380 391//386
f 392//387 391//386 385//380
f 385//380 394//388 392//387
f 393//389 392//387 394//388
f 393//389 394//388 395//390
f 396//391 395//390 394//388
f 397//392 377//372 389//384
f 379//374 389//384 377//372
f 398//393 378//373 397//392
f 377//372 397//392 378//373
f 399//394 36//395 311//305
f 34//304 311//305 36//395
f 400//396 399//394 312//306
f 311//305 312//306 399//394
f 401//397 400//396 313//307
f 312//306 313//307 400//396
f 402//398 401//397 314//308
f 313//307 314//308 401//397
f 403//399 402//398 317//311
f 314//308 317//311 402//398
f 404//400 405//401 341//336
f 329//324 341//336 405//401
f 405//401 406//402 329//324
f 326//320 329//324 406//402
f 407//403 323//317 406//402
f 326//320 406//402 323//317
f 317//311 320//314 403//399
f 408//404 403//399 320//314
f 410//405 395//390 409//406
f 396//391 409//406 395//390
f 409//406 38//407 410//405
f 37//408 410//405 38//407
f 399//394 410//405 36//395
f 37//408 36//395 410//405
f 399//394 400//396 410//405
f 395//390 410//405 400//396
f 400//396 401//397 395//390
f 393//389 395//390 401//397
f 401//397 402//398 393//389
f 392//387 393//389 402//398
f 402//398 403//399 392//387
f 391//386 392//387 403//399
f 320//314 323//317 408//404
f 407//403 408//404 323//317
f 403//399 408//404 391//386
f 390//385 391//386 408//404
f 407//403 386//381 408//404
f 390//385 408//404 386//381
f 407//403 406//402 386//381
f 387//382 386//381 406//402
f 406//402 405//401 387//382
f 388//383 387//382 405//401
f 411//409 404//400 345//340
f 341//336 345//340 404//400
f 412//410 411//409 349//344
f 345//340 349//344 411//409
f 349//344 350//345 412//410
f 389//384 388//383 404//400
f 405//401 404//400 388//383
f 397//392 389//384 411//409
f 404//400 411//409 389//384
f 411//409 412//410 397//392
f 398//393 397//392 412//410
f 412//410 350//345 398//393
f 409//406 413//411 38//407
f 39//412 38//407 413//411
f 414//413 413//411 416//414
f 409//406 416//414 413//411
f 394//388 417//415 396//391
f 409//406 396//391 417//415
f 417//415 416//414 409//406
f 417//415 418//416 416//414
f 419//417 416//414 418//416
f 416//414 419//417 414//413
f 420//418 414//413 419//417
f 421//419 415//420 420//418
f 414//413 420//418 415//420
f 385//380 376//371 394//388
f 376//371 418//416 394//388
f 417//415 394//388 418//416
f 423//421 419//417 422//422
f 418//416 422//422 419//417
f 424//423 420//418 423//421
f 419//417 423//421 420//418
f 424//423 425//424 420//418
f 421//419 420//418 425//424
f 426//425 427//426 422//422
f 423//421 422//422 427//426
f 423//421 427//426 424//423
f 428//427 424//423 427//426
f 428//427 429//428 424//423
f 425//424 424//423 429//428
f 356//351 430//429 376//371
f 376//371 430//429 418//416
f 422//422 418//416 430//429
f 431//430 426//425 430//429
f 422//422 430//429 426//425
f 433//431 426//425 432//432
f 431//430 432//432 426//425
f 433//431 434//433 426//425
f 427//426 426//425 434//433
f 435//434 428//427 434//433
f 427//426 434//433 428//427
f 436//435 437//436 432//432
f 433//431 432//432 437//436
f 437//436 438//437 433//431
f 434//433 433//431 438//437
f 439//438 435//434 438//437
f 434//433 438//437 435//434
f 442//439 443//440 441//441
f 440//442 441//441 443//440
f 437//436 444//443 438//437
f 441//441 438//437 444//443
f 444//443 442//439 441//441
f 436//435 445//444 437//436
f 446//445 444//443 445//444
f 437//436 445//444 444//443
f 446//445 447//446 444//443
f 442//439 444//443 447//446
f 448//447 443//440 447//446
f 442//439 447//446 443//440
f 448//447 449//448 443//440
f 450//449 443//440 449//448
f 449//448 451//450 450//449
f 438//437 441//441 439//438
f 452//451 439//438 441//441
f 441//441 440//442 452//451
f 428//427 435//434 429//428
f 453//452 429//428 435//434
f 435//434 439//438 453//452
f 454//453 453//452 439//438
f 439//438 452//451 454//453
f 455//454 454//453 452//451
f 452//451 440//442 455//454
f 443//440 450//449 440//442
f 455//454 440//442 463//455
f 464//456 463//455 440//442
f 440//442 450//449 464//456
f 451//450 462//457 450//449
f 464//456 450//449 461//458
f 462//457 461//458 450//449
f 460//459 463//455 461//458
f 464//456 461//458 463//455
f 463//455 460//459 465//460
f 459//461 465//460 460//459
f 454//453 455//454 465//460
f 463//455 465//460 455//454
f 415//420 421//419 466//462
f 467//463 466//462 421//419
f 421//419 425//424 467//463
f 468//464 467//463 425//424
f 457//465 456//466 467//463
f 466//462 467//463 456//466
f 468//464 457//465 467//463
f 454//453 465//460 453//452
f 469//467 453//452 465//460
f 429//428 453//452 469//467
f 425//424 429//428 468//464
f 469//467 468//464 429//428
f 469//467 457//465 468//464
f 458//468 457//465 469//467
f 465//460 459//461 469//467
f 458//468 469//467 459//461
f 162//129 163//130 356//351
f 163//130 497//469 470//470
f 497//469 498//471 470//470
f 356//351 163//130 470//470
f 163//130 159//125 497//469
f 497//469 159//125 498//471
f 478//472 479//473 449//448
f 451//450 449//448 479//473
f 499//474 500//475 489//476
f 490//477 489//476 500//475
f 501//478 500//475 499//474
f 448//447 477//479 449//448
f 478//472 449//448 477//479
f 488//480 489//476 477//479
f 478//472 477//479 489//476
f 499//474 489//476 502//481
f 488//480 502//481 489//476
f 356//351 470//470 503//482
f 471//483 503//482 470//470
f 503//482 471//483 473//484
f 472//485 473//484 471//483
f 356//351 431//430 430//429
f 356//351 432//432 431//430
f 356//351 503//482 432//432
f 432//432 503//482 436//435
f 503//482 445//444 436//435
f 470//470 498//471 471//483
f 503//482 473//484 445//444
f 474//486 445//444 473//484
f 445//444 474//486 446//445
f 475//487 446//445 474//486
f 447//446 446//445 476//488
f 475//487 476//488 446//445
f 477//479 448//447 476//488
f 447//446 476//488 448//447
f 477//479 476//488 488//480
f 487//489 488//480 476//488
f 476//488 475//487 487//489
f 486//490 487//489 475//487
f 474//486 485//491 475//487
f 486//490 475//487 485//491
f 473//484 484//492 474//486
f 485//491 474//486 484//492
f 488//480 487//489 502//481
f 486//490 504//493 487//489
f 502//481 487//489 504//493
f 498//471 505//494 471//483
f 472//485 471//483 505//494
f 473//484 472//485 484//492
f 483//495 484//492 472//485
f 486//490 485//491 504//493
f 506//496 504//493 485//491
f 485//491 484//492 506//496
f 507//497 506//496 484//492
f 484//492 483//495 507//497
f 508//498 507//497 483//495
f 507//497 508//498 509//499
f 506//496 507//497 510//500
f 509//499 510//500 507//497
f 504//493 506//496 511//501
f 510//500 511//501 506//496
f 504//493 511//501 502//481
f 512//502 502//481 511//501
f 502//481 512//502 499//474
f 501//478 499//474 512//502
f 509//499 508//498 513//503
f 509//499 513//503 510//500
f 514//504 510//500 513//503
f 511//501 510//500 515//505
f 514//504 515//505 510//500
f 511//501 515//505 512//502
f 516//506 512//502 515//505
f 501//478 512//502 516//506
f 514//504 513//503 492//507
f 491//508 492//507 513//503
f 514//504 492//507 515//505
f 493//509 515//505 492//507
f 515//505 493//509 516//506
f 494//510 516//506 493//509
f 501//478 516//506 495//511
f 494//510 495//511 516//506
f 501//478 495//511 500//475
f 496//512 500//475 495//511
f 490//477 500//475 496//512
f 298//289 517//513 505//494
f 298//289 297//288 517//513
f 299//291 517//513 297//288
f 498//471 183//153 505//494
f 298//289 505//494 183//153
f 498//471 159//125 183//153
f 158//124 183//153 159//125
f 457//465 517//513 303//294
f 299//291 303//294 517//513
f 472//485 482//514 483//495
f 480//515 482//514 472//485
f 480//515 481//516 482//514
f 483//495 482//514 508//498
f 482//514 491//508 508//498
f 513//503 508//498 491//508
f 472//485 505//494 480//515
f 517//513 481//516 505//494
f 480//515 505//494 481//516
f 482//514 481//516 491//508
f 225//204 231//211 212//188
f 213//191 218//198 212//188
f 225//204 212//188 218//198
f 240//219 223//203 235//216
f 222//202 235//216 223//203
f 229//209 234//213 228//208
f 232//212 228//208 234//213
f 236//215 251//231 238//218
f 246//226 238//218 251//231
f 193//163 196//168 194//165
f 195//167 194//165 196//168
f 275//265 176//146 256//236
f 175//145 256//236 176//146
f 288//280 179//149 279//269
f 178//148 279//269 179//149
f 123//86 120//84 130//94
f 121//85 130//94 120//84
f 75//39 74//38 79//43
f 77//42 79//43 74//38
f 75//39 76//40 63//29
f 64//27 63//29 76//40
f 78//41 86//49 77//42
f 81//45 69//34 80//44
f 76//40 80//44 69//34
f 94//58 77//42 95//60
f 70//33 82//52 71//35
f 84//47 71//35 82//52
f 82//52 70//33 81//45
f 89//54 80//44 93//57
f 131//95 124//88 147//112
f 122//87 147//112 124//88
f 116//79 107//71 100//64
f 101//65 100//64 107//71
f 451//450 479//473 462//457
f 490//477 496//512 479//473
f 462//457 479//473 496//512
f 457//465 458//468 481//516
f 491//508 481//516 458//468
f 491//508 458//468 492//507
f 459//461 492//507 458//468
f 492//507 459//461 493//509
f 460//459 493//509 459//461
f 493//509 460//459 494//510
f 461//458 494//510 460//459
f 461//458 462//457 494//510
f 495//511 494//510 462//457
f 495//511 462//457 496//512
f 398//393 350//345 378//373
f 457//465 303//294 456//466
f 304//295 456//466 303//294
f 50//7 285//276 2//5
f 31//275 2//5 285//276
f 456//466 304//295 44//19
f 44//19 304//295 45//18
f 302//293 45//18 304//295
f 45//18 302//293 46//15
f 292//284 46//15 302//293
f 46//15 292//284 47//13
f 290//281 47//13 292//284
f 290//281 287//278 47//13
f 48//12 47//13 287//278
f 48//12 287//278 49//11
f 286//277 49//11 287//278
f 286//277 285//276 49//11
f 50//7 49//11 285//276
f 413//411 414//413 41//25
f 42//23 41//25 414//413
f 1//3 39//412 40//1
f 413//411 40//1 39//412
f 40//1 413//411 41//25
f 456//466 44//19 466//462
f 44//19 43//21 466//462
f 466//462 43//21 415//420
f 43//21 42//23 415//420
f 415//420 42//23 414//413
f 366//361 350//345 347//342
f 367//362 350//345 366//361
f 517//513 457//465 481//516
f 479//473 478//472 490//477
f 489//476 490//477 478//472
f 529//517 518//518 3//4
f 1//3 3//4 518//518
f 4//6 2//5 540//519
f 528//520 540//519 2//5
f 540//519 528//520 539//521
f 539//521 528//520 538//522
f 527//523 538//522 528//520
f 538//522 527//523 537//524
f 526//525 537//524 527//523
f 526//525 525//526 537//524
f 536//527 537//524 525//526
f 536//527 525//526 535//528
f 524//529 535//528 525//526
f 524//529 523//530 535//528
f 534//531 535//528 523//530
f 534//531 523//530 533//532
f 522//533 533//532 523//530
f 522//533 521//534 533//532
f 532//535 533//532 521//534
f 521//534 520//536 532//535
f 531//537 532//535 520//536
f 531//537 520//536 530//538
f 519//539 530//538 520//536
f 519//539 518//518 530//538
f 529//517 530//538 518//518
f 544//540 543//541 545//542
f 542//543 541//544 543//541
f 545//542 543//541 541//544
f 546//545 545//542 541//544
f 544//540 548//546 543//541
f 547//547 543//541 548//546
f 549//548 548//546 545//542
f 544//540 545//542 548//546
f 549//548 545//542 550//549
f 550//549 545//542 551//550
f 546//545 551//550 545//542
f 546//545 541//544 551//550
f 552//551 551//550 541//544
f 552//551 541//544 553//552
f 547//547 554//553 543//541
f 542//543 543//541 554//553
f 551//550 552//551 556//554
f 555//555 556//554 552//551
f 558//556 557//557 554//553
f 553//552 554//553 557//557
f 548//546 559//558 547//547
f 561//559 550//549 556//554
f 551//550 556//554 550//549
f 549//548 550//549 562//560
f 561//559 562//560 550//549
f 563//561 561//559 564//562
f 556//554 564//562 561//559
f 562//560 561//559 565//563
f 563//561 565//563 561//559
f 566//564 562//560 565//563
f 560//565 562//560 566//564
f 559//558 568//566 558//556
f 567//567 558//556 568//566
f 569//568 568//566 559//558
f 569//568 559//558 560//565
f 570//569 557//557 571//570
f 558//556 571//570 557//557
f 555//555 557//557 572//571
f 570//569 572//571 557//557
f 570//569 574//572 572//571
f 573//573 572//571 574//572
f 575//574 574//572 571//570
f 570//569 571//570 574//572
f 567//567 576//575 571//570
f 575//574 571//570 576//575
f 577//576 576//575 568//566
f 567//567 568//566 576//575
f 569//568 578//577 568//566
f 577//576 568//566 578//577
f 560//565 579//578 569//568
f 578//577 569//568 579//578
f 580//579 579//578 560//565
f 581//580 580//579 566//564
f 560//565 566//564 580//579
f 582//581 581//580 565//563
f 566//564 565//563 581//580
f 582//581 565//563 583//582
f 563//561 583//582 565//563
f 563//561 564//562 583//582
f 584//583 583//582 564//562
f 564//562 555//555 584//583
f 585//584 579//578 586//585
f 587//586 586//585 580//579
f 579//578 580//579 586//585
f 588//587 587//586 581//580
f 580//579 581//580 587//586
f 589//588 588//587 582//581
f 581//580 582//581 588//587
f 589//588 582//581 590//589
f 583//582 590//589 582//581
f 590//589 583//582 591//590
f 584//583 591//590 583//582
f 591//590 584//583 592//591
f 555//555 592//591 584//583
f 594//592 593//593 578//577
f 577//576 578//577 593//593
f 577//576 593//593 576//575
f 595//594 576//575 593//593
f 576//575 595//594 575//574
f 596//595 575//574 595//594
f 574//572 575//574 597//596
f 596//595 597//596 575//574
f 574//572 597//596 573//573
f 598//597 573//573 597//596
f 598//597 599//598 573//573
f 555//555 573//573 599//598
f 555//555 599//598 592//591
f 598//597 597//596 601//599
f 600//600 601//599 597//596
f 602//601 600//600 596//595
f 597//596 596//595 600//600
f 595//594 603//602 596//595
f 602//601 596//595 603//602
f 593//593 604//603 595//594
f 603//602 595//594 604//603
f 605//604 604//603 594//592
f 593//593 594//592 604//603
f 585//584 606//605 594//592
f 605//604 594//592 606//605
f 607//606 606//605 586//585
f 585//584 586//585 606//605
f 607//606 586//585 587//586
f 599//598 608//607 592//591
f 610//608 609//609 603//602
f 602//601 603//602 609//609
f 604//603 611//610 603//602
f 610//608 603//602 611//610
f 612//611 611//610 605//604
f 604//603 605//604 611//610
f 606//605 613//612 605//604
f 612//611 605//604 613//612
f 614//613 613//612 607//606
f 606//605 607//606 613//612
f 614//613 607//606 615//614
f 587//586 615//614 607//606
f 616//615 615//614 588//587
f 587//586 588//587 615//614
f 617//616 616//615 589//588
f 588//587 589//588 616//615
f 617//616 589//588 618//617
f 590//589 618//617 589//588
f 618//617 590//589 619//618
f 619//618 590//589 620//619
f 591//590 620//619 590//589
f 620//619 591//590 621//620
f 592//591 621//620 591//590
f 621//620 592//591 622//621
f 608//607 622//621 592//591
f 601//599 623//622 608//607
f 622//621 608//607 623//622
f 601//599 624//623 623//622
f 601//599 600//600 626//624
f 625//625 626//624 600//600
f 601//599 626//624 624//623
f 6//113 5//114 612//611
f 611//610 612//611 5//114
f 613//612 627//626 612//611
f 6//113 612//611 627//626
f 614//613 628//627 613//612
f 627//626 613//612 628//627
f 615//614 629//628 614//613
f 628//627 614//613 629//628
f 629//628 615//614 630//629
f 630//629 615//614 616//615
f 631//630 620//619 632//631
f 621//620 632//631 620//619
f 632//631 621//620 633//632
f 621//620 622//621 633//632
f 634//633 633//632 622//621
f 622//621 623//622 634//633
f 635//634 634//633 623//622
f 623//622 624//623 635//634
f 636//635 635//634 624//623
f 626//624 637//636 624//623
f 636//635 624//623 637//636
f 7//126 638//637 610//608
f 609//609 610//608 638//637
f 609//609 638//637 625//625
f 639//638 625//625 638//637
f 639//638 640//639 625//625
f 626//624 625//625 641//640
f 640//639 641//640 625//625
f 626//624 641//640 637//636
f 642//641 630//629 617//616
f 616//615 617//616 630//629
f 642//641 617//616 643//642
f 618//617 643//642 617//616
f 643//642 618//617 644//643
f 619//618 644//643 618//617
f 644//643 619//618 645//644
f 620//619 645//644 619//618
f 645//644 620//619 631//630
f 628//627 646//645 627//626
f 8//136 627//626 646//645
f 9//137 8//136 646//645
f 647//646 10//138 646//645
f 9//137 646//645 10//138
f 647//646 646//645 648//647
f 628//627 648//647 646//645
f 649//648 648//647 629//628
f 628//627 629//628 648//647
f 650//649 649//648 630//629
f 629//628 630//629 649//648
f 651//650 650//649 642//641
f 630//629 642//641 650//649
f 651//650 642//641 652//651
f 643//642 652//651 642//641
f 652//651 643//642 653//652
f 654//653 653//652 644//643
f 643//642 644//643 653//652
f 644//643 645//644 654//653
f 655//654 654//653 645//644
f 655//654 645//644 656//655
f 631//630 656//655 645//644
f 631//630 632//631 656//655
f 657//656 656//655 632//631
f 632//631 633//632 657//656
f 658//657 657//656 633//632
f 633//632 634//633 658//657
f 659//658 658//657 634//633
f 634//633 635//634 659//658
f 660//659 659//658 635//634
f 635//634 636//635 660//659
f 661//660 660//659 636//635
f 11//155 10//138 662//661
f 647//646 662//661 10//138
f 663//662 662//661 648//647
f 647//646 648//647 662//661
f 664//663 663//662 649//648
f 648//647 649//648 663//662
f 665//664 664//663 650//649
f 649//648 650//649 664//663
f 666//665 665//664 651//650
f 650//649 651//650 665//664
f 667//666 666//665 652//651
f 651//650 652//651 666//665
f 667//666 652//651 668//667
f 653//652 668//667 652//651
f 671//668 670//669 672//670
f 669//671 672//670 670//669
f 675//672 674//673 673//674
f 676//675 674//673 677//676
f 675//672 677//676 674//673
f 676//675 677//676 678//677
f 679//678 678//677 677//676
f 662//661 669//671 11//155
f 12//173 11//155 669//671
f 672//670 669//671 663//662
f 662//661 663//662 669//671
f 673//674 672//670 664//663
f 663//662 664//663 672//670
f 675//672 673//674 665//664
f 664//663 665//664 673//674
f 677//676 675//672 666//665
f 665//664 666//665 675//672
f 677//676 666//665 679//678
f 667//666 679//678 666//665
f 680//679 679//678 668//667
f 667//666 668//667 679//678
f 683//680 682//681 684//682
f 681//683 684//682 682//681
f 685//684 14//179 682//681
f 13//181 682//681 14//179
f 686//685 685//684 683//680
f 682//681 683//680 685//684
f 681//683 16//183 670//669
f 15//184 670//669 16//183
f 681//683 670//669 684//682
f 671//668 684//682 670//669
f 684//682 671//668 687//686
f 674//673 687//686 671//668
f 688//687 683//680 687//686
f 684//682 687//686 683//680
f 686//685 683//680 689//688
f 688//687 689//688 683//680
f 690//689 685//684 686//685
f 690//689 17//189 685//684
f 14//179 685//684 17//189
f 690//689 686//685 689//688
f 18//190 17//189 691//690
f 690//689 691//690 17//189
f 692//691 19//193 691//690
f 18//190 691//690 19//193
f 693//692 20//194 692//691
f 19//193 692//691 20//194
f 693//692 692//691 694//693
f 695//694 694//693 692//691
f 695//694 692//691 696//695
f 691//690 696//695 692//691
f 700//696 699//697 701//698
f 698//699 697//700 699//697
f 701//698 699//697 697//700
f 703//701 702//702 696//695
f 698//699 696//695 702//702
f 695//694 696//695 699//697
f 698//699 699//697 696//695
f 694//693 695//694 704//703
f 699//697 704//703 695//694
f 699//697 700//696 704//703
f 705//704 704//703 700//696
f 706//705 697//700 702//702
f 698//699 702//702 697//700
f 706//705 707//706 697//700
f 678//677 697//700 707//706
f 708//707 676//675 707//706
f 678//677 707//706 676//675
f 687//686 674//673 708//707
f 676//675 708//707 674//673
f 703//701 709//708 702//702
f 702//702 709//708 706//705
f 710//709 706//705 709//708
f 707//706 712//710 708//707
f 711//711 708//707 712//710
f 708//707 711//711 687//686
f 687//686 711//711 688//687
f 689//688 688//687 712//710
f 711//711 712//710 688//687
f 689//688 712//710 710//709
f 690//689 689//688 709//708
f 710//709 709//708 689//688
f 705//704 700//696 714//712
f 713//713 714//712 700//696
f 713//713 715//714 714//712
f 714//712 715//714 716//715
f 701//698 717//716 718//717
f 697//700 678//677 701//698
f 717//716 701//698 678//677
f 717//716 678//677 719//718
f 679//678 719//718 678//677
f 719//718 679//678 680//679
f 719//718 680//679 720//719
f 718//717 717//716 721//720
f 719//718 721//720 717//716
f 718//717 721//720 713//713
f 715//714 713//713 721//720
f 720//719 721//720 719//718
f 715//714 721//720 716//715
f 720//719 716//715 721//720
f 720//719 680//679 722//721
f 668//667 722//721 680//679
f 720//719 722//721 723//722
f 716//715 720//719 723//722
f 724//723 716//715 723//722
f 722//721 668//667 725//724
f 723//722 722//721 726//725
f 725//724 726//725 722//721
f 724//723 723//722 727//726
f 723//722 726//725 727//726
f 728//727 705//704 729//728
f 714//712 729//728 705//704
f 704//703 705//704 730//729
f 728//727 730//729 705//704
f 731//730 729//728 727//726
f 724//723 727//726 729//728
f 732//731 728//727 731//730
f 729//728 731//730 728//727
f 733//732 730//729 732//731
f 728//727 732//731 730//729
f 668//667 653//652 725//724
f 734//733 725//724 653//652
f 726//725 725//724 735//734
f 734//733 735//734 725//724
f 727//726 726//725 736//735
f 726//725 735//734 736//735
f 737//736 736//735 735//734
f 738//737 694//693 730//729
f 704//703 730//729 694//693
f 21//241 20//194 693//692
f 21//241 693//692 738//737
f 694//693 738//737 693//692
f 739//738 22//243 738//737
f 21//241 738//737 22//243
f 739//738 738//737 733//732
f 730//729 733//732 738//737
f 22//243 739//738 23//244
f 23//244 739//738 740//739
f 733//732 740//739 739//738
f 24//246 23//244 740//739
f 741//740 740//739 732//731
f 733//732 732//731 740//739
f 25//248 742//741 26//249
f 743//742 26//249 742//741
f 744//743 741//740 731//730
f 732//731 731//730 741//740
f 744//743 731//730 745//744
f 727//726 745//744 731//730
f 25//248 27//254 742//741
f 24//246 740//739 28//255
f 741//740 28//255 740//739
f 28//255 741//740 27//254
f 742//741 27//254 741//740
f 741//740 744//743 742//741
f 742//741 744//743 745//744
f 727//726 736//735 745//744
f 745//744 736//735 746//745
f 737//736 746//745 736//735
f 742//741 745//744 743//742
f 746//745 743//742 745//744
f 26//249 743//742 29//257
f 747//746 29//257 743//742
f 743//742 746//745 747//746
f 748//747 747//746 746//745
f 748//747 749//748 747//746
f 750//749 747//746 749//748
f 29//257 747//746 30//262
f 750//749 30//262 747//746
f 746//745 737//736 748//747
f 751//750 748//747 737//736
f 751//750 752//751 748//747
f 749//748 748//747 752//751
f 735//734 734//733 754//752
f 753//753 754//752 734//733
f 751//750 737//736 754//752
f 735//734 754//752 737//736
f 753//753 654//653 755//754
f 655//654 755//754 654//653
f 753//753 755//754 754//752
f 756//755 754//752 755//754
f 754//752 756//755 751//750
f 752//751 751//750 756//755
f 755//754 655//654 757//756
f 656//655 757//756 655//654
f 755//754 757//756 756//755
f 758//757 756//755 757//756
f 756//755 758//757 752//751
f 759//758 752//751 758//757
f 761//759 759//758 762//760
f 760//761 762//760 759//758
f 31//275 30//262 763//762
f 750//749 763//762 30//262
f 763//762 750//749 764//763
f 749//748 764//763 750//749
f 749//748 761//759 764//763
f 765//764 764//763 762//760
f 761//759 762//760 764//763
f 752//751 759//758 749//748
f 761//759 749//748 759//758
f 758//757 757//756 767//765
f 766//766 767//765 757//756
f 762//760 768//767 765//764
f 769//768 768//767 760//761
f 762//760 760//761 768//767
f 769//768 771//769 768//767
f 770//770 768//767 771//769
f 758//757 760//761 759//758
f 758//757 767//765 760//761
f 769//768 760//761 767//765
f 772//771 771//769 767//765
f 769//768 767//765 771//769
f 773//772 772//771 766//766
f 767//765 766//766 772//771
f 657//656 658//657 766//766
f 773//772 766//766 658//657
f 658//657 659//658 773//772
f 774//773 773//772 659//658
f 659//658 660//659 774//773
f 775//774 774//773 660//659
f 660//659 661//660 775//774
f 776//775 775//774 661//660
f 774//773 775//774 778//776
f 777//777 778//776 775//774
f 773//772 774//773 772//771
f 778//776 772//771 774//773
f 772//771 778//776 771//769
f 779//778 771//769 778//776
f 771//769 779//778 770//770
f 780//779 770//770 779//778
f 778//776 777//777 779//778
f 781//780 779//778 777//777
f 779//778 781//780 780//779
f 782//781 780//779 781//780
f 611//610 5//114 610//608
f 7//126 610//608 5//114
f 8//136 6//113 627//626
f 670//669 15//184 669//671
f 12//173 669//671 15//184
f 682//681 13//181 681//683
f 16//183 681//683 13//181
f 33//297 32//296 784//782
f 783//783 784//782 32//296
f 783//783 785//784 784//782
f 786//785 784//782 785//784
f 786//785 785//784 788//786
f 787//787 788//786 785//784
f 32//296 34//304 783//783
f 789//788 783//783 34//304
f 789//788 790//789 783//783
f 785//784 783//783 790//789
f 785//784 790//789 787//787
f 791//790 787//787 790//789
f 791//790 792//791 787//787
f 793//792 787//787 792//791
f 788//786 787//787 794//793
f 793//792 794//793 787//787
f 793//792 792//791 796//794
f 795//795 796//794 792//791
f 793//792 796//794 794//793
f 797//796 794//793 796//794
f 796//794 795//795 799//797
f 798//798 799//797 795//795
f 796//794 799//797 797//796
f 800//799 797//796 799//797
f 799//797 798//798 802//800
f 801//801 802//800 798//798
f 799//797 802//800 800//799
f 803//802 800//799 802//800
f 802//800 801//801 805//803
f 804//804 805//803 801//801
f 806//805 803//802 805//803
f 802//800 805//803 803//802
f 805//803 804//804 808//806
f 807//807 808//806 804//804
f 809//808 806//805 808//806
f 805//803 808//806 806//805
f 7//126 35//326 638//637
f 35//326 33//297 638//637
f 639//638 638//637 784//782
f 33//297 784//782 638//637
f 784//782 786//785 639//638
f 786//785 788//786 639//638
f 794//793 810//809 788//786
f 794//793 797//796 810//809
f 811//810 810//809 797//796
f 797//796 800//799 811//810
f 812//811 811//810 800//799
f 800//799 803//802 812//811
f 813//812 812//811 803//802
f 803//802 806//805 813//812
f 814//813 813//812 806//805
f 814//813 806//805 815//814
f 809//808 815//814 806//805
f 809//808 816//815 815//814
f 817//816 815//814 816//815
f 809//808 808//806 816//815
f 818//817 816//815 808//806
f 808//806 807//807 818//817
f 819//818 818//817 807//807
f 817//816 816//815 821//819
f 820//820 821//819 816//815
f 816//815 818//817 820//820
f 822//821 820//820 818//817
f 818//817 819//818 822//821
f 823//822 822//821 819//818
f 821//819 820//820 825//823
f 824//824 825//823 820//820
f 820//820 822//821 824//824
f 826//825 824//824 822//821
f 826//825 822//821 827//826
f 823//822 827//826 822//821
f 827//826 828//827 826//825
f 826//825 828//827 824//824
f 824//824 828//827 825//823
f 788//786 810//809 639//638
f 639//638 810//809 640//639
f 810//809 811//810 640//639
f 829//828 640//639 811//810
f 811//810 812//811 829//828
f 830//829 829//828 812//811
f 812//811 813//812 830//829
f 831//830 830//829 813//812
f 832//831 829//828 833//832
f 830//829 833//832 829//828
f 829//828 832//831 640//639
f 834//833 640//639 832//831
f 833//832 830//829 835//834
f 831//830 835//834 830//829
f 831//830 813//812 836//835
f 814//813 836//835 813//812
f 831//830 836//835 835//834
f 837//836 835//834 836//835
f 836//835 814//813 838//837
f 815//814 838//837 814//813
f 836//835 838//837 837//836
f 839//838 837//836 838//837
f 838//837 815//814 840//839
f 817//816 840//839 815//814
f 838//837 840//839 839//838
f 841//840 839//838 840//839
f 841//840 840//839 843//841
f 842//842 843//841 840//839
f 842//842 844//843 843//841
f 845//844 843//841 844//843
f 840//839 817//816 842//842
f 821//819 842//842 817//816
f 842//842 821//819 844//843
f 825//823 844//843 821//819
f 841//840 846//845 839//838
f 847//846 839//838 846//845
f 848//847 846//845 843//841
f 841//840 843//841 846//845
f 843//841 845//844 848//847
f 849//848 848//847 845//844
f 850//849 837//836 847//846
f 839//838 847//846 837//836
f 835//834 837//836 851//850
f 850//849 851//850 837//836
f 835//834 851//850 833//832
f 852//851 833//832 851//850
f 833//832 852//851 832//831
f 853//852 832//831 852//851
f 853//852 854//853 832//831
f 834//833 832//831 854//853
f 828//827 849//848 845//844
f 855//854 848//847 856//855
f 849//848 856//855 848//847
f 855//854 857//856 848//847
f 846//845 848//847 857//856
f 858//857 847//846 857//856
f 846//845 857//856 847//846
f 858//857 859//858 847//846
f 850//849 847//846 859//858
f 860//859 851//850 859//858
f 850//849 859//858 851//850
f 861//860 852//851 860//859
f 851//850 860//859 852//851
f 856//855 849//848 828//827
f 852//851 861//860 853//852
f 862//861 853//852 861//860
f 854//853 853//852 863//862
f 862//861 863//862 853//852
f 864//863 860//859 865//864
f 859//858 865//864 860//859
f 866//865 865//864 858//857
f 859//858 858//857 865//864
f 866//865 858//857 867//866
f 857//856 867//866 858//857
f 868//867 861//860 864//863
f 860//859 864//863 861//860
f 861//860 868//867 862//861
f 869//868 862//861 868//867
f 862//861 869//868 863//862
f 870//869 863//862 869//868
f 863//862 870//869 872//870
f 871//871 872//870 870//869
f 871//871 873//872 872//870
f 874//873 872//870 873//872
f 875//874 867//866 855//854
f 857//856 855//854 867//866
f 876//875 875//874 856//855
f 855//854 856//855 875//874
f 36//395 877//876 34//304
f 789//788 34//304 877//876
f 878//877 790//789 877//876
f 789//788 877//876 790//789
f 879//878 791//790 878//877
f 790//789 878//877 791//790
f 879//878 880//879 791//790
f 792//791 791//790 880//879
f 881//880 795//795 880//879
f 792//791 880//879 795//795
f 883//881 882//882 807//807
f 819//818 807//807 882//882
f 884//883 883//881 804//804
f 807//807 804//804 883//881
f 885//884 884//883 801//801
f 804//804 801//801 884//883
f 795//795 881//880 798//798
f 886//885 798//798 881//880
f 888//886 887//887 873//872
f 874//873 873//872 887//887
f 887//887 888//886 38//407
f 37//408 38//407 888//886
f 877//876 36//395 888//886
f 37//408 888//886 36//395
f 877//876 888//886 878//877
f 873//872 878//877 888//886
f 879//878 878//877 871//871
f 873//872 871//871 878//877
f 880//879 879//878 870//869
f 871//871 870//869 879//878
f 881//880 880//879 869//868
f 870//869 869//868 880//879
f 801//801 798//798 885//884
f 886//885 885//884 798//798
f 886//885 881//880 868//867
f 869//868 868//867 881//880
f 885//884 886//885 864//863
f 868//867 864//863 886//885
f 884//883 885//884 865//864
f 864//863 865//864 885//884
f 883//881 884//883 866//865
f 865//864 866//865 884//883
f 889//888 823//822 882//882
f 819//818 882//882 823//822
f 889//888 890//889 823//822
f 827//826 823//822 890//889
f 827//826 890//889 828//827
f 867//866 882//882 866//865
f 883//881 866//865 882//882
f 875//874 889//888 867//866
f 882//882 867//866 889//888
f 889//888 875//874 890//889
f 876//875 890//889 875//874
f 890//889 876//875 828//827
f 887//887 38//407 891//890
f 39//412 891//890 38//407
f 892//891 894//892 891//890
f 887//887 891//890 894//892
f 872//870 874//873 895//893
f 887//887 895//893 874//873
f 895//893 887//887 894//892
f 896//894 895//893 897//895
f 894//892 897//895 895//893
f 894//892 892//891 897//895
f 898//896 897//895 892//891
f 899//897 898//896 893//898
f 892//891 893//898 898//896
f 863//862 872//870 854//853
f 896//894 854//853 895//893
f 872//870 895//893 854//853
f 901//899 900//900 897//895
f 896//894 897//895 900//900
f 902//901 901//899 898//896
f 897//895 898//896 901//899
f 903//902 902//901 899//897
f 898//896 899//897 902//901
f 905//903 904//904 901//899
f 900//900 901//899 904//904
f 901//899 902//901 905//903
f 906//905 905//903 902//901
f 907//906 906//905 903//902
f 902//901 903//902 906//905
f 834//833 854//853 908//907
f 854//853 896//894 908//907
f 900//900 908//907 896//894
f 909//908 908//907 904//904
f 900//900 904//904 908//907
f 911//909 910//910 904//904
f 909//908 904//904 910//910
f 912//911 911//909 905//903
f 904//904 905//903 911//909
f 913//912 912//911 906//905
f 905//903 906//905 912//911
f 915//913 914//914 911//909
f 910//910 911//909 914//914
f 916//915 915//913 912//911
f 911//909 912//911 915//913
f 917//916 916//915 913//912
f 912//911 913//912 916//915
f 920//917 919//918 921//919
f 918//920 921//919 919//918
f 915//913 916//915 922//921
f 919//918 922//921 916//915
f 922//921 919//918 920//917
f 914//914 915//913 923//922
f 924//923 923//922 922//921
f 915//913 922//921 923//922
f 925//924 924//923 920//917
f 922//921 920//917 924//923
f 926//925 925//924 921//919
f 920//917 921//919 925//924
f 927//926 926//925 928//927
f 921//919 928//927 926//925
f 927//926 928//927 929//928
f 919//918 916//915 930//929
f 917//916 930//929 916//915
f 919//918 930//929 918//920
f 906//905 907//906 913//912
f 931//930 913//912 907//906
f 917//916 913//912 932//931
f 931//930 932//931 913//912
f 917//916 932//931 930//929
f 933//932 930//929 932//931
f 930//929 933//932 918//920
f 921//919 918//920 928//927
f 918//920 933//932 942//933
f 941//934 942//933 933//932
f 918//920 942//933 928//927
f 929//928 928//927 940//935
f 928//927 942//933 940//935
f 939//936 940//935 942//933
f 938//937 939//936 941//934
f 942//933 941//934 939//936
f 938//937 941//934 937//938
f 943//939 937//938 941//934
f 932//931 943//939 933//932
f 941//934 933//932 943//939
f 893//898 944//940 899//897
f 945//941 899//897 944//940
f 899//897 945//941 903//902
f 946//942 903//902 945//941
f 935//943 945//941 934//944
f 944//940 934//944 945//941
f 946//942 945//941 935//943
f 932//931 931//930 943//939
f 947//945 943//939 931//930
f 907//906 947//945 931//930
f 903//902 946//942 907//906
f 947//945 907//906 946//942
f 947//945 946//942 935//943
f 936//946 947//945 935//943
f 943//939 947//945 937//938
f 936//946 937//938 947//945
f 640//639 834//833 641//640
f 641//640 948//947 975//948
f 975//948 948//947 976//949
f 834//833 948//947 641//640
f 641//640 975//948 637//636
f 975//948 976//949 637//636
f 956//950 927//926 957//951
f 929//928 957//951 927//926
f 978//952 977//953 968//954
f 967//955 968//954 977//953
f 979//956 977//953 978//952
f 955//957 926//925 956//950
f 927//926 956//950 926//925
f 955//957 956//950 966//958
f 967//955 966//958 956//950
f 980//959 966//958 977//953
f 967//955 977//953 966//958
f 834//833 981//960 948//947
f 949//961 948//947 981//960
f 981//960 951//962 949//961
f 950//963 949//961 951//962
f 834//833 908//907 909//908
f 834//833 909//908 910//910
f 834//833 910//910 981//960
f 910//910 914//914 981//960
f 981//960 914//914 923//922
f 948//947 949//961 976//949
f 981//960 923//922 951//962
f 952//964 951//962 923//922
f 923//922 924//923 952//964
f 953//965 952//964 924//923
f 924//923 925//924 953//965
f 954//966 953//965 925//924
f 926//925 955//957 925//924
f 954//966 925//924 955//957
f 954//966 955//957 965//967
f 966//958 965//967 955//957
f 954//966 965//967 953//965
f 964//968 953//965 965//967
f 963//969 952//964 964//968
f 953//965 964//968 952//964
f 962//970 951//962 963//969
f 952//964 963//969 951//962
f 966//958 980//959 965//967
f 965//967 980//959 964//968
f 982//971 964//968 980//959
f 976//949 949//961 983//972
f 950//963 983//972 949//961
f 951//962 962//970 950//963
f 961//973 950//963 962//970
f 964//968 982//971 963//969
f 984//974 963//969 982//971
f 963//969 984//974 962//970
f 985//975 962//970 984//974
f 961//973 962//970 986//976
f 985//975 986//976 962//970
f 985//975 987//977 986//976
f 985//975 984//974 987//977
f 988//978 987//977 984//974
f 984//974 982//971 988//978
f 989//979 988//978 982//971
f 982//971 980//959 989//979
f 990//980 989//979 980//959
f 980//959 977//953 990//980
f 979//956 990//980 977//953
f 987//977 991//981 986//976
f 987//977 988//978 991//981
f 992//982 991//981 988//978
f 988//978 989//979 992//982
f 993//983 992//982 989//979
f 989//979 990//980 993//983
f 994//984 993//983 990//980
f 979//956 994//984 990//980
f 991//981 992//982 969//985
f 970//986 969//985 992//982
f 992//982 993//983 970//986
f 971//987 970//986 993//983
f 993//983 994//984 971//987
f 972//988 971//987 994//984
f 994//984 979//956 972//988
f 973//989 972//988 979//956
f 979//956 978//952 973//989
f 974//990 973//989 978//952
f 968//954 974//990 978//952
f 776//775 983//972 995//991
f 776//775 995//991 775//774
f 777//777 775//774 995//991
f 976//949 983//972 661//660
f 776//775 661//660 983//972
f 637//636 976//949 636//635
f 661//660 636//635 976//949
f 935//943 781//780 995//991
f 777//777 995//991 781//780
f 950//963 961//973 960//992
f 958//993 950//963 960//992
f 958//993 960//992 959//994
f 961//973 986//976 960//992
f 986//976 991//981 960//992
f 969//985 960//992 991//981
f 950//963 958//993 983//972
f 995//991 983//972 959//994
f 958//993 959//994 983//972
f 960//992 969//985 959//994
f 703//701 690//689 709//708
f 696//695 691//690 703//701
f 690//689 703//701 691//690
f 718//717 713//713 701//698
f 700//696 701//698 713//713
f 707//706 706//705 712//710
f 710//709 712//710 706//705
f 729//728 714//712 724//723
f 716//715 724//723 714//712
f 672//670 673//674 671//668
f 674//673 671//668 673//674
f 753//753 734//733 654//653
f 653//652 654//653 734//733
f 657//656 766//766 656//655
f 757//756 656//655 766//766
f 601//599 608//607 598//597
f 599//598 598//597 608//607
f 553//552 557//557 552//551
f 555//555 552//551 557//557
f 554//553 553//552 542//543
f 541//544 542//543 553//552
f 556//554 555//555 564//562
f 559//558 558//556 547//547
f 554//553 547//547 558//556
f 572//571 573//573 555//555
f 560//565 548//546 562//560
f 549//548 562//560 548//546
f 560//565 559//558 548//546
f 567//567 571//570 558//556
f 602//601 609//609 600//600
f 625//625 600//600 609//609
f 585//584 594//592 579//578
f 578//577 579//578 594//592
f 929//928 940//935 957//951
f 968//954 957//951 974//990
f 940//935 974//990 957//951
f 935//943 959//994 936//946
f 969//985 936//946 959//994
f 969//985 970//986 936//946
f 937//938 936//946 970//986
f 970//986 971//987 937//938
f 938//937 937//938 971//987
f 938//937 971//987 939//936
f 972//988 939//936 971//987
f 972//988 973//989 939//936
f 940//935 939//936 973//989
f 973//989 974//990 940//935
f 876//875 856//855 828//827
f 935//943 934//944 781//780
f 782//781 781//780 934//944
f 763//762 528//520 31//275
f 2//5 31//275 528//520
f 934//944 522//533 782//781
f 782//781 522//533 780//779
f 523//530 780//779 522//533
f 780//779 523//530 770//770
f 524//529 770//770 523//530
f 524//529 525//526 770//770
f 768//767 770//770 525//526
f 768//767 525//526 765//764
f 526//525 765//764 525//526
f 526//525 527//523 765//764
f 764//763 765//764 527//523
f 764//763 527//523 763//762
f 528//520 763//762 527//523
f 891//890 519//539 892//891
f 520//536 892//891 519//539
f 1//3 518//518 39//412
f 891//890 39//412 518//518
f 518//518 519//539 891//890
f 934//944 944//940 522//533
f 522//533 944//940 521//534
f 944//940 893//898 521//534
f 521//534 893//898 520//536
f 893//898 892//891 520//536
f 844//843 825//823 828//827
f 845//844 844//843 828//827
f 995//991 959//994 935//943
f 957//951 968//954 956//950
f 967//955 956//950 968//954
f 51//2 529//517 3//4
f 52//26 53//24 54//22
f 51//2 52//26 54//22
f 55//20 56//17 57//16
f 61//9 62//8 4//6
f 60//10 61//9 4//6
f 4//6 540//519 539//521
f 4//6 539//521 538//522
f 538//522 537//524 536//527
f 533//532 532//535 531//537
f 533//532 531//537 530//538
f 534//531 533//532 530//538
f 51//2 530//538 529//517
l 57 59
l 58 59
l 59 60
l 59 534
l 59 530
l 4 59
l 4 534
l 54 59
l 534 536
l 534 538
l 54 530
l 55 59
l 48 59
