####
#
# OBJ File Generated by Meshlab
#
####
# Object hand.obj
#
# Vertices: 1905
# Faces: 3769
#
####
vn 0.5244650378610733 0.8448042875788702 0.1060289571284212
v 0.1344270000000000 0.0750950000000000 0.0036540000000000
vn 0.7569879201704646 0.5740595668404359 -0.3121296244110215
v 0.0423520000000000 0.1119290000000000 -0.0374880000000000
vn 0.6192794800106398 0.7813834488615610 -0.0770248757413078
v -0.0693850000000000 0.1040830000000000 -0.0218050000000000
vn -0.8201535611977454 0.1287484565897381 0.5574692556369510
v -0.1171440000000000 -0.0655860000000000 0.0115920000000000
vn 0.1648375007697013 -0.3038584909755449 0.9383488774448784
v 0.0602620000000000 -0.3412580000000000 0.0723820000000000
vn 0.0568279685774004 0.7839567066606458 -0.6182090779575792
v -0.0528370000000000 0.0807790000000000 -0.0538070000000000
vn -0.7849145097357471 -0.6178108445093233 -0.0471059742810681
v -0.2339850000000000 -0.2235290000000000 0.0712770000000000
vn 0.5979753834113305 0.2463554201703025 -0.7627151813008484
v -0.1298960000000000 0.1913520000000000 -0.0663980000000000
vn -0.4222591802966543 0.9011867497266030 0.0977733438744875
v -0.2231580000000000 0.4229690000000000 0.0113760000000000
vn 0.9167084732733950 0.0033043042826499 -0.3995430597594819
v 0.1583660000000000 0.3661390000000000 -0.0060810000000000
vn 0.8561983839867965 0.0467453228142688 -0.5145281353370171
v 0.2090320000000000 -0.3968380000000000 -0.1005680000000000
vn 0.9713495171446943 -0.0940914690848331 -0.2182359067344953
v 0.2388500000000000 -0.2427600000000000 -0.0196670000000000
vn 0.9683080757873720 -0.2471735586918467 0.0358427433180724
v 0.2174410000000000 -0.3414680000000000 -0.0269210000000000
vn -0.2437575564374652 0.3491069722621400 0.9048240578132289
v 0.2058750000000000 0.0556250000000000 0.0395490000000000
vn 0.5568138918656607 -0.0252282868855288 0.8302540715746222
v 0.2390630000000000 0.0188010000000000 0.0418030000000000
vn -0.0955723430854366 0.9728690583914894 0.2106934324121574
v -0.0488100000000000 0.0993390000000000 -0.0051860000000000
vn 0.3547490153558442 0.8898538348058199 0.2869029257178040
v -0.0694050000000000 0.1023530000000000 -0.0090630000000000
vn -0.0996873980240813 0.0530498241744682 0.9936036125287823
v -0.0809240000000000 0.0244030000000000 0.0292170000000000
vn -0.6494240927979049 0.6173491028796018 0.4439914783724676
v -0.0324400000000000 0.1062050000000000 -0.0116260000000000
vn -0.7086240838661794 -0.6956742503039196 -0.1178526420106796
v -0.1351990000000000 -0.3161110000000000 0.0319090000000000
vn -0.4628813849562783 -0.7720933160290292 0.4354454441193011
v -0.1640280000000000 -0.2840600000000000 0.1044430000000000
vn -0.6152612116843130 -0.7846274315322149 0.0762458856851333
v -0.1888640000000000 -0.2755780000000000 0.0679000000000000
vn -0.5232070507919911 -0.8096889964509073 0.2658159344882645
v -0.1516440000000000 -0.2972800000000000 0.0880470000000000
vn -0.8375993926782632 -0.2102721699878466 -0.5041952716097272
v -0.3216720000000000 -0.1099850000000000 0.0774040000000000
vn -0.7902631669402990 -0.5559051912393175 -0.2577858516883096
v -0.3025790000000000 -0.1513470000000000 0.0788950000000000
vn 0.1322285872031150 -0.2570115983358389 0.9573195072947828
v -0.3086970000000000 -0.0838650000000000 0.1815750000000000
vn -0.4246564534216592 0.9029665087697503 0.0657143866098339
v -0.3623770000000000 -0.0076190000000000 0.1463820000000000
vn -0.0000480054851469 0.9660096342025262 0.2585060624499448
v -0.3510710000000000 -0.0055090000000000 0.1486490000000000
vn -0.4665696045880289 0.6873548877349644 0.5566471614779193
v -0.3636510000000000 -0.0182240000000000 0.1696680000000000
vn -0.0209960235607158 0.9685083155805858 -0.2480943563362420
v -0.3479310000000000 -0.0052360000000000 0.1323870000000000
vn -0.2935748353236487 0.0110067284131704 -0.9558727258345283
v -0.1474970000000000 0.1332880000000000 -0.0719780000000000
vn 0.3704058859818935 0.2789833429835771 -0.8859840709446621
v -0.1390260000000000 0.2053610000000000 -0.0673780000000000
vn -0.0833772566920097 0.3615127027421284 -0.9286316809276951
v -0.1674480000000000 0.2558460000000000 -0.0516520000000000
vn -0.9708452595675604 -0.2207119689214068 0.0935184941604170
v -0.2137750000000000 0.2714990000000000 -0.0027710000000000
vn 0.8642427637652194 0.3603812908562380 -0.3510124933392642
v -0.1257130000000000 0.2207480000000000 -0.0423710000000000
vn -0.2685408741839262 0.7721789815055587 -0.5758692728506797
v -0.2197120000000000 0.4189660000000000 -0.0096320000000000
vn -0.1934679507355520 0.3172607767695000 -0.9283941789788428
v -0.2144640000000000 0.4079060000000000 -0.0158220000000000
vn 0.3481316500030356 0.2927086476727108 -0.8905762189974403
v -0.1846450000000000 0.3700400000000000 -0.0247950000000000
vn -0.4859969911641340 0.0616781792183128 -0.8717813526267479
v -0.2247260000000000 0.3753660000000000 -0.0173080000000000
vn -0.5678399898927816 0.6184408212093984 -0.5432206702072472
v -0.2304670000000000 0.4156360000000000 -0.0043290000000000
vn -0.8117578828297193 0.2989624856541608 -0.5016677903107770
v -0.2370670000000000 0.4055100000000000 -0.0084390000000000
vn 0.2137989166489949 0.7001171203723282 -0.6812679656356044
v -0.2063570000000000 0.4172450000000000 -0.0125890000000000
vn 0.5942241645856521 0.7015970617088763 0.3932673457381824
v -0.1923930000000000 0.4160400000000000 0.0192070000000000
vn 0.1010804704313612 0.0718889806412684 -0.9922775382722991
v -0.0237460000000000 0.2199430000000000 -0.0865780000000000
vn -0.8600035802497086 -0.1383799640203977 -0.4911668021308003
v -0.0611950000000000 0.2211950000000000 -0.0714380000000000
vn 0.4165001979284276 0.3044542802162482 -0.8566418016788504
v -0.0339040000000000 0.4530310000000000 -0.0190860000000000
vn 0.8131911537840045 0.5541207295936639 -0.1779616937490344
v -0.0292490000000000 0.4854520000000000 0.0056060000000000
vn 0.3614017921237919 0.6005909285399409 -0.7132175553120121
v -0.0418020000000000 0.4915370000000000 -0.0083460000000000
vn -0.0184965649097555 0.9282885151521785 -0.3714004708170186
v -0.0545780000000000 0.4969090000000000 -0.0017980000000000
vn -0.2538668213397444 0.6598301505998319 -0.7072310862668987
v -0.0663470000000000 0.4903230000000000 -0.0087410000000000
vn 0.0715292209731035 0.9933460830241404 0.0902614529440923
v -0.0506670000000000 0.5000000000000000 0.0144680000000000
vn 0.2494170892989790 0.7116047251686570 0.6568179585572134
v -0.0426090000000000 0.4898620000000000 0.0328880000000000
vn -0.7468113991100490 0.2258516932471030 0.6255107887292654
v -0.0711980000000000 0.4776370000000000 0.0274990000000000
vn -0.4281655863519578 0.8027468418880844 0.4150563076289661
v -0.0621190000000000 0.4959280000000000 0.0223390000000000
vn -0.1196328533375147 0.4014160345308035 0.9080490887743291
v 0.0905780000000000 0.1077710000000000 0.0008030000000000
vn -0.9704259692054733 0.0358573254312769 0.2387209469328845
v 0.0798070000000000 0.1964060000000000 -0.0116150000000000
vn 0.1197570999415542 -0.0940615609603754 0.9883373208390374
v 0.1188770000000000 0.2188890000000000 0.0144410000000000
vn 0.7933772200002451 0.1657317606736348 -0.5857350683446396
v 0.1456010000000000 0.2236290000000000 -0.0484150000000000
vn -0.9898148100310787 0.1095193370832239 -0.0909513971744828
v 0.0928050000000000 0.3348370000000000 -0.0144800000000000
vn 0.9874881289753058 -0.1073435563427643 0.1155186393814333
v 0.1551550000000000 0.2552530000000000 -0.0109330000000000
vn -0.7181302642689288 0.3188359531519619 -0.6185730017699758
v 0.1076360000000000 0.4182760000000000 -0.0038690000000000
vn -0.0844217445420201 0.9022181873814631 -0.4229365335444422
v 0.1320710000000000 0.4490720000000000 0.0098100000000000
vn -0.2108847773331982 0.5847717021131814 -0.7833068792604723
v 0.1251150000000000 0.4414480000000000 0.0004330000000000
vn 0.6817123995211625 0.4823925988084546 -0.5500596194540410
v 0.1556300000000000 0.4368700000000000 0.0089170000000000
vn -0.2640944758911648 0.3499822720745245 -0.8987583195928281
v 0.1194690000000000 0.4126510000000000 -0.0098170000000000
vn 0.3386253631508006 0.9360393350713744 -0.0957247440849437
v 0.1422270000000000 0.4502880000000000 0.0169380000000000
vn -0.8460606503600806 0.1606849824706482 0.5082929394755401
v 0.1073210000000000 0.4159570000000000 0.0333460000000000
vn 0.4434386724319110 0.7515307412455379 0.4884298196821699
v 0.1513630000000000 0.4435330000000000 0.0365670000000000
vn -0.7493046435416086 0.5605076411246408 0.3526666065959089
v 0.1120070000000000 0.4378800000000000 0.0315210000000000
vn 0.2340965153885520 -0.3186642426524522 0.9185052650571343
v 0.3166670000000000 0.1742260000000000 0.0668550000000000
vn -0.1400563274122301 0.3248368251031693 -0.9353423235418631
v 0.3416780000000000 0.2656310000000000 0.0279580000000000
vn 0.6350998535067527 0.5549771625044837 -0.5372602024849533
v 0.3687170000000000 0.2795520000000000 0.0373850000000000
vn 0.0540987308364238 0.5890254516947844 -0.8063016461459341
v 0.3544100000000000 0.2841030000000000 0.0299510000000000
vn 0.5608780262655406 0.6277523032225072 0.5397618784717099
v 0.3691910000000000 0.2752260000000000 0.0727930000000000
vn 0.9474261769058652 0.3193070277508062 0.0206557823013838
v 0.3767190000000000 0.2732810000000000 0.0525530000000000
vn -0.3168196046238955 0.9483067374483030 0.0184301339147052
v 0.3460080000000000 0.2868830000000000 0.0525150000000000
vn 0.1482448052933118 0.9254313970024434 0.3487122124985790
v 0.3586860000000000 0.2855910000000000 0.0613440000000000
vn 0.6125582457686208 -0.4020681139938668 0.6805245236215112
v 0.3605810000000000 0.2308130000000000 0.0747400000000000
vn 0.1242375700662778 0.9805691214824996 -0.1518197094552136
v 0.3585420000000000 0.2867750000000000 0.0429950000000000
vn 0.6055082971890529 0.7952709389274997 0.0300638609061898
v 0.3699880000000000 0.2822290000000000 0.0505330000000000
vn 0.7910858941333011 0.0563202491194188 -0.6091068359840021
v 0.3758140000000000 0.2669170000000000 0.0375770000000000
vn -0.2713262417707582 0.4158781425711018 -0.8680019821741000
v 0.3236840000000000 0.2454430000000000 0.0219970000000000
vn -0.5250899079466982 0.4716370988339900 -0.7084059821712302
v -0.1564450000000000 -0.1852160000000000 0.0027740000000000
vn -0.6375748027531060 0.2487652306854471 -0.7291188043771428
v -0.1472950000000000 -0.2078810000000000 -0.0170610000000000
vn 0.3062413665772869 0.3172654339375921 0.8975293141871563
v -0.0263090000000000 -0.1215830000000000 0.0505590000000000
vn -0.6850083673690127 0.3121712734660955 0.6582648651242112
v -0.1085890000000000 -0.0730510000000000 0.0249840000000000
vn -0.1543490872010470 0.2576498637407872 0.9538306490119497
v 0.0786210000000000 -0.1882860000000000 0.0445770000000000
vn -0.0739390635105325 0.7361992872563488 0.6727136272816460
v 0.1658850000000000 0.0628310000000000 0.0229650000000000
vn 0.3667923831789822 0.1744205302736660 0.9138056829878746
v 0.0532140000000000 -0.2874880000000000 0.0779150000000000
vn 0.7228215703285735 0.5426196451787962 -0.4278935593506547
v -0.0785040000000000 0.1030670000000000 -0.0499800000000000
vn 0.2648326734600551 0.8999108679301062 0.3464449232551728
v 0.0539150000000000 0.1106740000000000 -0.0065480000000000
vn 0.1283884987468505 0.7212175914250794 0.6807066763360979
v 0.0569620000000000 0.1015740000000000 0.0086560000000000
vn 0.2762251291768382 0.4510079202170195 0.8486999080433304
v 0.0219040000000000 0.1178950000000000 -0.0009640000000000
vn -0.4213347703918239 0.9014500651723607 -0.0993216555420592
v 0.1840380000000000 0.0714790000000000 0.0044980000000000
vn 0.5378567775121238 0.0733552818604418 -0.8398387282731423
v 0.2303670000000000 0.0008000000000000 -0.0454920000000000
vn 0.1780150234041484 0.2599769289520934 -0.9490640904886555
v 0.2098560000000000 0.0083340000000000 -0.0521530000000000
vn 0.6707314225137909 -0.0495181438735649 -0.7400454798726518
v 0.2436800000000000 0.0075370000000000 -0.0353840000000000
vn 0.3100270437668278 0.2126211520109862 0.9266474398878587
v 0.2178020000000000 0.0151900000000000 0.0539750000000000
vn 0.5140559421641707 0.0663823522769853 0.8551841156335173
v 0.2296730000000000 0.0010670000000000 0.0509530000000000
vn 0.1262401679885748 0.5393433482076480 -0.8325696203503826
v 0.1808370000000000 0.0151760000000000 -0.0505680000000000
vn 0.7280061485008760 0.1825925767890791 -0.6608078379123880
v 0.1879140000000000 -0.3196620000000000 -0.1033600000000000
vn -0.9617104474480952 -0.2285571378876705 0.1512436775200237
v -0.1634520000000000 0.0883240000000000 -0.0241050000000000
vn -0.7200688341848542 -0.4803665931320935 0.5007482503597297
v -0.0649940000000000 -0.4015860000000000 0.0185970000000000
vn -0.3331257507668223 0.0608506733795756 0.9409168027648848
v -0.0070440000000000 -0.4228960000000000 0.0534740000000000
vn -0.8009053136151834 -0.0191599721040156 -0.5984843975342534
v -0.0631170000000000 -0.3634100000000000 -0.1035990000000000
vn -0.4462645878152479 0.1428054112259748 -0.8834333773333828
v -0.0040120000000000 -0.4471560000000000 -0.1588460000000000
vn 0.9475244300551461 0.0224196706250300 -0.3188962414606604
v 0.2175740000000000 -0.3911340000000000 -0.0830520000000000
vn 0.1192590495454688 0.1927264467836153 -0.9739783343646170
v 0.0920840000000000 -0.3719190000000000 -0.1665040000000000
vn 0.2814148845513502 0.0843106166108288 0.9558751919992757
v 0.1244720000000000 -0.4143740000000000 0.0489510000000000
vn -0.9875259537875124 -0.1351192139874533 -0.0808411319037321
v -0.0861190000000000 -0.3931250000000000 -0.0378420000000000
vn -0.0357217686179802 -0.0157484243188436 0.9992376806237229
v 0.0290110000000000 -0.4011090000000000 0.0587260000000000
vn 0.1210266278390849 0.1152815002849580 0.9859324170783457
v 0.0923980000000000 -0.4303520000000000 0.0570180000000000
vn -0.6687203741839265 0.1505335190073264 -0.7281158704537214
v -0.0431510000000000 -0.4647470000000000 -0.1342720000000000
vn -0.1692765572299094 0.8617844240465250 -0.4781977139669202
v 0.1741200000000000 0.0650200000000000 -0.0061970000000000
vn -0.3767768019358895 -0.0054863654257928 -0.9262878285486527
v -0.0638780000000000 -0.1459220000000000 -0.1154530000000000
vn -0.2773442274990451 -0.0010603742829260 -0.9607700323591167
v -0.0506900000000000 -0.1386270000000000 -0.1204540000000000
vn 0.5967266121019580 0.8016402012311848 0.0359212775294082
v 0.0453460000000000 0.1152710000000000 -0.0173920000000000
vn 0.5078889690540196 0.1590239129328722 -0.8466169087779687
v 0.1673410000000000 -0.0532300000000000 -0.0866900000000000
vn 0.2224538238378682 0.4252830929163239 -0.8772961798272213
v 0.1885360000000000 -0.0011830000000000 -0.0595960000000000
vn 0.7083092688573012 0.2482516274267881 -0.6608094348076354
v 0.1368020000000000 0.0363650000000000 -0.0822130000000000
vn 0.6098133284228929 0.2345586255276933 -0.7570402602691300
v 0.1383430000000000 -0.0078950000000000 -0.0954070000000000
vn 0.5423592719867264 0.2024499587745051 -0.8153897437926414
v 0.1288840000000000 0.0203170000000000 -0.0945990000000000
vn 0.8393733470197816 -0.0021726555240920 -0.5435509763405660
v 0.2270110000000000 -0.2415310000000000 -0.0474270000000000
vn 0.9779336904999255 -0.1807733791612174 0.1047219288011377
v 0.2389050000000000 -0.2530840000000000 0.0082910000000000
vn 0.9895891393851485 -0.1243987516105800 -0.0723760029891849
v 0.2402640000000000 -0.2446600000000000 -0.0091670000000000
vn 0.9894989525772627 -0.0694479911071962 -0.1267627681130171
v 0.2460540000000000 -0.1961580000000000 -0.0017020000000000
vn 0.8513956894395952 -0.3221464424608384 0.4139408769540669
v 0.2043080000000000 -0.3580530000000000 0.0008620000000000
vn 0.5784670169978917 -0.2011094068954025 0.7905257217217795
v 0.1809230000000000 -0.3758840000000000 0.0225310000000000
vn 0.2115735265208280 -0.3404859673321287 0.9161364248437267
v 0.1170270000000000 -0.3736270000000000 0.0503130000000000
vn 0.7639928359736131 -0.3046165243209931 0.5687914553609202
v 0.2568590000000000 0.0235200000000000 0.0266170000000000
vn 0.4269268328185014 0.7145924993618294 -0.5541579551674568
v 0.0490520000000000 0.0993770000000000 -0.0461660000000000
vn -0.1182119115706299 0.9414802750562686 -0.3156593664740370
v 0.0528330000000000 0.1071030000000000 -0.0300930000000000
vn -0.3862476965149948 0.7113594152245324 -0.5871801250964407
v 0.0599540000000000 0.1027940000000000 -0.0409130000000000
vn 0.1267356318224548 0.9787220619883250 -0.1613728756758232
v -0.0569970000000000 0.1001090000000000 -0.0173950000000000
vn -0.1250517290131674 0.5405583383583411 -0.8319607850746851
v 0.0614290000000000 0.0660210000000000 -0.0768330000000000
vn 0.0822028779911038 0.1663999471347090 -0.9826259432986418
v 0.0687470000000000 -0.1815610000000000 -0.1378260000000000
vn -0.0080642833282730 0.4965293861684833 -0.8679824514387088
v -0.0497540000000000 0.0483830000000000 -0.0832580000000000
vn 0.8571117710096982 -0.0641892541130323 -0.5111155951964599
v 0.2429480000000000 -0.0927960000000000 -0.0247280000000000
vn -0.0976735745301322 0.1854106077609092 0.9777948554621450
v -0.0884190000000000 0.0526060000000000 0.0263400000000000
vn 0.7084341984155220 0.0679115352411293 0.7025019643364349
v 0.2340470000000000 -0.0809110000000000 0.0508450000000000
vn -0.8992702551929015 -0.1738944621765524 -0.4013399109852161
v -0.1394180000000000 0.0117870000000000 -0.0668340000000000
vn -0.9609394260226365 -0.1744233859192845 0.2148764807040038
v -0.1421340000000000 -0.0009090000000000 -0.0276510000000000
vn -0.4850948692015005 -0.0632472556630493 0.8721712862307908
v -0.1144210000000000 0.0281220000000000 0.0213870000000000
vn 0.4376857382502145 0.2325794401558769 0.8685263372800756
v 0.0432470000000000 -0.2671020000000000 0.0769320000000000
vn 0.2921461932963603 0.2598984719484075 0.9203821956238226
v 0.0290690000000000 -0.1536460000000000 0.0387260000000000
vn -0.9789185789748536 0.1667911065216866 0.1178946246574672
v -0.1276620000000000 -0.1052830000000000 -0.0028490000000000
vn -0.1895396858970324 -0.7008052893319433 0.6877111704156227
v -0.0674210000000000 -0.3395760000000000 0.0982310000000000
vn -0.2865665558290961 -0.7482136489089004 0.5983777608389858
v -0.0610610000000000 -0.3664860000000000 0.0689070000000000
vn -0.5027677967887592 -0.7444629064231368 0.4393171103794987
v -0.0841020000000000 -0.3571570000000000 0.0650500000000000
vn 0.1395863132556348 -0.1375939043178612 0.9806036807223737
v 0.0653510000000000 -0.3238600000000000 0.0757320000000000
vn -0.8947769547170515 -0.1207188125757810 -0.4298850655670338
v -0.1296640000000000 -0.0119670000000000 -0.0785340000000000
vn -0.6393406321796244 -0.6835641369018406 0.3521130880637637
v -0.0793760000000000 -0.3738820000000000 0.0408610000000000
vn -0.8324824487370898 -0.5208892407190058 0.1888051149939435
v -0.0852410000000000 -0.3779740000000000 0.0161290000000000
vn 0.8695460148219518 -0.0227243707120788 -0.4933288265275016
v 0.2265720000000000 -0.2052800000000000 -0.0479090000000000
vn 0.7260247195539709 -0.4543829780882663 0.5161629740888201
v 0.1955550000000000 -0.3575870000000000 0.0170980000000000
vn 0.5677021801014319 -0.4433988554509545 0.6936221519623381
v 0.1814740000000000 -0.3610290000000000 0.0294690000000000
vn -0.7574565040079660 -0.6168521229793396 -0.2138997496770670
v -0.1087140000000000 -0.3408830000000000 0.0128960000000000
vn -0.4823429212169798 0.1726326558889194 0.8588033957039343
v 0.2367960000000000 0.1038980000000000 0.0477130000000000
vn -0.3920058182141191 0.1555284078430699 0.9067206586595890
v 0.2172640000000000 0.0644030000000000 0.0419880000000000
vn -0.5780381438172790 0.3426172044404441 0.7405979715835640
v 0.2088660000000000 0.0728520000000000 0.0351710000000000
vn -0.4855711460979965 0.5617611530525483 0.6698097259656278
v 0.1974400000000000 0.0706720000000000 0.0273090000000000
vn -0.6457261465720064 0.7395016762462335 0.1901973040352527
v 0.1938680000000000 0.0765720000000000 0.0155460000000000
vn -0.7446490405720478 0.6563317821947363 -0.1213523714486455
v 0.2032350000000000 0.0878180000000000 0.0083850000000000
vn -0.1911576152684755 0.3740737018795608 0.9074842321974476
v -0.0055690000000000 0.1135130000000000 0.0010550000000000
vn -0.5304837877625563 0.1720304029852308 -0.8300557158226370
v -0.0160100000000000 0.0593140000000000 -0.0986460000000000
vn 0.2926675414302586 0.3024107402234019 -0.9071347498529102
v -0.1088750000000000 0.1168190000000000 -0.0731050000000000
vn 0.1180951531812944 0.5258507004074169 0.8423387535167284
v 0.0879040000000000 0.0915980000000000 0.0150270000000000
vn 0.6041338344889293 0.4960682861743648 0.6236493930709237
v 0.1229520000000000 0.0850600000000000 0.0016470000000000
vn 0.1842759989363658 0.5980462299045792 0.7799891429455436
v 0.1194650000000000 0.0701850000000000 0.0222380000000000
vn -0.5004281747348750 0.7425725564184690 -0.4451490091931701
v -0.0468620000000000 0.0922370000000000 -0.0371720000000000
vn -0.6034271834274771 0.7948555325194210 0.0638773568962410
v -0.0421700000000000 0.1007700000000000 -0.0207570000000000
vn -0.5041329613727138 0.6910509868243944 -0.5179753766991329
v 0.1943950000000000 0.0716010000000000 -0.0114100000000000
vn 0.9574035316283679 -0.2818475171941418 0.0627730410050912
v 0.2608860000000000 0.0146910000000000 0.0035550000000000
vn 0.5117707761466307 0.3009576044260128 0.8046832873997265
v 0.0052890000000000 -0.2415810000000000 0.0933250000000000
vn 0.2476382710674915 -0.3904182361297651 0.8867067652837812
v -0.0165340000000000 -0.3231820000000000 0.1065200000000000
vn 0.1250060896756136 -0.4807611268991447 0.8678952796315215
v -0.0355750000000000 -0.3272790000000000 0.1084700000000000
vn 0.4803769087364615 0.2016274987773336 0.8535715419867261
v -0.0061320000000000 -0.2551850000000000 0.1046050000000000
vn -0.3667063185061932 0.7426294156909191 0.5603820365770110
v -0.1229880000000000 -0.1313480000000000 0.0620430000000000
vn -0.9642222509177364 0.1923557554524785 -0.1824135800302153
v -0.1346500000000000 -0.1505940000000000 -0.0074410000000000
vn -0.8312492455526902 0.2264282202848638 -0.5076957285882092
v -0.1390680000000000 -0.1800200000000000 -0.0142170000000000
vn -0.6113561361808578 -0.7890499620170213 0.0603641631678061
v -0.1492730000000000 -0.3052650000000000 0.0578630000000000
vn -0.5114079844507565 -0.7461050705542792 0.4263673265310192
v -0.1274330000000000 -0.3096700000000000 0.0945620000000000
vn -0.3330882284923251 -0.6413768645957787 0.6911497302329885
v -0.1227110000000000 -0.3014380000000000 0.1088390000000000
vn -0.3411272645241916 -0.7240012885360834 0.5995450972164924
v -0.1395980000000000 -0.2912260000000000 0.1108880000000000
vn 0.0676493542466755 -0.2202460436998404 0.9730957019248292
v -0.0671760000000000 -0.2943590000000000 0.1246310000000000
vn -0.0731509803068346 -0.3914613407756287 0.9172823735133562
v -0.0738560000000000 -0.3046520000000000 0.1212270000000000
vn -0.3969874056237154 -0.7090327577015154 0.5828151922199145
v -0.0967090000000000 -0.3289170000000000 0.0964650000000000
vn -0.2256230724887302 -0.5812541984454332 0.7818169772717284
v -0.0833190000000000 -0.3206470000000000 0.1105940000000000
vn -0.3913723389067241 -0.7499868498149078 0.5332423627614290
v -0.0784660000000000 -0.3532980000000000 0.0760330000000000
vn -0.0388326518082217 -0.5558861218833182 0.8303509165714615
v -0.0574160000000000 -0.3282670000000000 0.1091180000000000
vn 0.0742930094602088 -0.3688666463570816 0.9265084705228684
v -0.0538520000000000 -0.3105310000000000 0.1188110000000000
vn -0.1572109274762583 -0.3980638906628796 0.9037864035447678
v -0.1084860000000000 -0.2885840000000000 0.1229740000000000
vn -0.5864371354671808 -0.7825006096655127 0.2092469402838388
v -0.1432880000000000 -0.3079260000000000 0.0697560000000000
vn 0.5132493198565116 0.3884989688945556 0.7652736025988975
v 0.0019810000000000 -0.2245560000000000 0.0881700000000000
vn -0.6471104677927456 -0.7447921685086107 0.1628885146389858
v -0.1924150000000000 -0.2711460000000000 0.0805940000000000
vn -0.5169008689787414 -0.5335051046752505 0.6694667989784648
v -0.2108760000000000 -0.2356860000000000 0.1117650000000000
vn -0.4875031423693881 -0.6261659244373404 0.6084874043507418
v -0.1770710000000000 -0.2651020000000000 0.1175610000000000
vn -0.0554269726058565 0.4651634210178002 -0.8834878847243840
v -0.2126310000000000 -0.1639320000000000 0.0278570000000000
vn 0.0485059666967738 0.6349965159889792 -0.7709906587479964
v -0.1974790000000000 -0.1567480000000000 0.0336840000000000
vn -0.2352767035631040 -0.5870389484983930 0.7746161279668661
v -0.2631430000000000 -0.1653450000000000 0.1406980000000000
vn 0.2935743003906028 0.6907445126205294 -0.6608223274336268
v -0.2400880000000000 -0.1144390000000000 0.0612860000000000
vn -0.1235704593381510 0.3281417276461414 -0.9365112642976399
v -0.2544020000000000 -0.1408120000000000 0.0414180000000000
vn -0.3642028855287782 -0.1201328028405885 -0.9235390451162182
v -0.2843480000000000 -0.1371350000000000 0.0490860000000000
vn -0.6113693089467157 -0.7044478063538184 0.3605285788967476
v -0.2606290000000000 -0.1869260000000000 0.1142170000000000
vn -0.6616985498869429 -0.7244234822454764 0.1933019592473260
v -0.2741340000000000 -0.1809930000000000 0.0980090000000000
vn -0.6826328835516176 -0.4915708716582664 -0.5407128853940286
v -0.2888280000000000 -0.1640030000000000 0.0696620000000000
vn -0.5213338534839818 -0.5641441948645513 0.6402752069322765
v -0.2315440000000000 -0.2047660000000000 0.1235700000000000
vn -0.6949828172866568 -0.6799838987004170 0.2337108923103127
v -0.2416680000000000 -0.2100060000000000 0.0983080000000000
vn -0.6341369333997674 -0.6433006923790607 0.4289925044601127
v -0.2378600000000000 -0.2065620000000000 0.1135730000000000
vn -0.1711873036977982 -0.4520131722838012 0.8754307506220081
v -0.2487350000000000 -0.1678580000000000 0.1422070000000000
vn -0.2843400039562036 -0.4022221383622114 0.8702689891990384
v -0.2242200000000000 -0.1899470000000000 0.1374750000000000
vn -0.2893644620909019 -0.3664913672103687 0.8842806601069130
v -0.1624430000000000 -0.2564350000000000 0.1298490000000000
vn -0.0415108738902487 -0.2315150418993531 0.9719452827825281
v -0.1507930000000000 -0.2446290000000000 0.1352280000000000
vn 0.0290883825474277 -0.0003467838224540 0.9995767833146961
v -0.1496440000000000 -0.2331390000000000 0.1365650000000000
vn 0.0726357591650330 0.7404844928020897 -0.6681367842067606
v -0.1923430000000000 -0.1452620000000000 0.0454000000000000
vn 0.2106192124430812 0.8554336925419642 -0.4731519259327563
v -0.1938070000000000 -0.1348990000000000 0.0575970000000000
vn 0.0578182742096955 0.8959760932763432 -0.4403224811938110
v -0.1765560000000000 -0.1379490000000000 0.0568980000000000
vn 0.2255321395936759 0.2232670432872516 0.9483074825140141
v -0.1499120000000000 -0.2069220000000000 0.1340820000000000
vn 0.2548844163723487 0.3779167318517921 0.8900634123909307
v -0.1391780000000000 -0.2007230000000000 0.1294970000000000
vn 0.2581072495822905 0.2852902035419261 0.9230331237155422
v -0.1864320000000000 -0.1760370000000000 0.1344730000000000
vn -0.0279134153884845 -0.0596134967989181 0.9978311842394760
v -0.1561210000000000 -0.2152230000000000 0.1365180000000000
vn 0.0828839355492487 -0.1248281835052630 0.9887103609402728
v -0.2174940000000000 -0.1831050000000000 0.1401500000000000
vn -0.2626695536266773 -0.2127308047667342 0.9411430870493921
v -0.1592820000000000 -0.2505680000000000 0.1328210000000000
vn 0.3055715815216057 0.7818253847636644 0.5434842006034147
v -0.1456670000000000 -0.1509210000000000 0.0929440000000000
vn 0.6516164695165051 0.5782131220442427 0.4909842789241785
v -0.2408750000000000 -0.1068660000000000 0.1278580000000000
vn 0.4507936844004474 0.8031186912159324 -0.3895964860266038
v -0.2266970000000000 -0.1129950000000000 0.0725420000000000
vn 0.5644120993407081 0.8234025183245146 -0.0587134987431495
v -0.2257830000000000 -0.1093100000000000 0.0853500000000000
vn 0.1768776126184566 0.6239284923515896 -0.7612013837259282
v -0.2436850000000000 -0.1236570000000000 0.0519390000000000
vn -0.1900371144280509 0.2945153683147481 -0.9365610460436031
v -0.2236940000000000 -0.1679290000000000 0.0270980000000000
vn -0.5537590796897012 -0.0906676438616954 -0.8277259570762440
v -0.2302850000000000 -0.1874570000000000 0.0250870000000000
vn -0.4905261328061287 -0.0436699311436138 -0.8703315748312112
v -0.2540220000000000 -0.1684550000000000 0.0376960000000000
vn -0.6169083578324827 -0.2379305770676492 -0.7502087166466974
v -0.2183660000000000 -0.2133500000000000 0.0202200000000000
vn -0.7167084514757197 -0.3991139533798858 -0.5718715308535249
v -0.2367680000000000 -0.2057230000000000 0.0363890000000000
vn -0.6551248444774489 -0.2798671669746330 -0.7017733302128195
v -0.2569190000000000 -0.1781250000000000 0.0422920000000000
vn -0.7602724042448237 -0.5650002386756389 -0.3205629448957981
v -0.2383180000000000 -0.2137260000000000 0.0486240000000000
vn -0.7097372830263631 -0.6920676609880279 -0.1315877718365822
v -0.2838640000000000 -0.1724140000000000 0.0780120000000000
vn -0.7147952677105854 -0.6992036093702862 0.0134921422360205
v -0.2569820000000000 -0.1989260000000000 0.0790140000000000
vn -0.7263864639760869 -0.6824822879572897 0.0811210920593419
v -0.2441000000000000 -0.2107550000000000 0.0859900000000000
vn -0.7287439688415440 -0.6399838859090776 0.2436244110383674
v -0.2224800000000000 -0.2321050000000000 0.0955710000000000
vn -0.7360794935860013 -0.6655852740234073 0.1232202180056579
v -0.2083640000000000 -0.2570540000000000 0.0725770000000000
vn -0.6873481119758634 -0.6605503969265895 0.3020360013033894
v -0.2007370000000000 -0.2591340000000000 0.0933120000000000
vn 0.4500157298664192 0.2023574657744067 0.8697915261245960
v -0.2401860000000000 -0.1344770000000000 0.1442270000000000
vn 0.1425968551450681 -0.2014349169320441 0.9690666185269808
v -0.2473310000000000 -0.1512950000000000 0.1475540000000000
vn 0.5570325055269346 0.4849282593131459 0.6742101831817048
v -0.2272790000000000 -0.1253080000000000 0.1315170000000000
vn 0.3765958787384617 0.2766303293978911 0.8841104031592548
v -0.2142740000000000 -0.1529180000000000 0.1373870000000000
vn 0.2526341176814197 0.0070580355159010 0.9675361423316376
v -0.2249850000000000 -0.1615500000000000 0.1422490000000000
vn 0.1765866000872930 0.0871370619450362 0.9804204736260853
v -0.1987000000000000 -0.1805340000000000 0.1385560000000000
vn 0.4533152633377807 0.7670813536399269 0.4539729825914049
v -0.1798100000000000 -0.1409980000000000 0.1038680000000000
vn 0.6058057184732895 0.6539511756252031 0.4531526137665723
v -0.2142900000000000 -0.1232560000000000 0.1154170000000000
vn -0.7662818000071794 -0.6093514933105858 -0.2037227541977480
v -0.2504370000000000 -0.2028230000000000 0.0578940000000000
vn -0.7409244064048487 -0.5456982084940678 -0.3914645440394156
v -0.2574680000000000 -0.1873590000000000 0.0489380000000000
vn -0.9333701547444501 -0.2642513343045463 -0.2428814248776307
v -0.3762040000000000 -0.0363210000000000 0.1453090000000000
vn -0.9354309246118625 -0.3496332409182609 0.0522071079910519
v -0.3756970000000000 -0.0432280000000000 0.1568270000000000
vn -0.8403864475134117 -0.5125119584042002 -0.1763011949150629
v -0.3552370000000000 -0.0687470000000000 0.1443330000000000
vn -0.8434943872706097 -0.3081205937675443 -0.4399760429151964
v -0.3527580000000000 -0.0511720000000000 0.1129010000000000
vn -0.8848936443251992 -0.3800045052436032 -0.2693692896887692
v -0.3500310000000000 -0.0675580000000000 0.1221820000000000
vn -0.0305948444053687 0.3766156416100466 -0.9258642524638611
v -0.2815720000000000 -0.1095720000000000 0.0522270000000000
vn -0.6201477012717161 -0.0845375878528015 -0.7799168063629839
v -0.3051210000000000 -0.1207120000000000 0.0597320000000000
vn -0.5274606336316957 -0.2667252121947167 -0.8066244114509140
v -0.2926790000000000 -0.1402790000000000 0.0548110000000000
vn -0.6338375824398055 -0.4666231912912123 -0.6168571280580840
v -0.2964090000000000 -0.1477010000000000 0.0623140000000000
vn -0.8091345782552967 -0.3496479187811590 -0.4722791199742236
v -0.3131550000000000 -0.1259860000000000 0.0717340000000000
vn 0.1440148283513087 -0.2639594384327233 0.9537217330423085
v -0.2677690000000000 -0.1363190000000000 0.1552200000000000
vn -0.0010101220817965 -0.4112735322073167 0.9115114159236279
v -0.2713160000000000 -0.1455630000000000 0.1523400000000000
vn 0.0310670104362618 -0.3399947506215270 0.9399140441616769
v -0.2950100000000000 -0.1047540000000000 0.1726120000000000
vn 0.0670649268902995 -0.4793612088971384 0.8750514996192355
v -0.2964120000000000 -0.1192400000000000 0.1667830000000000
vn -0.2412564962544809 -0.6403341733274277 0.7292238678787822
v -0.2855200000000000 -0.1439530000000000 0.1517330000000000
vn 0.6041464131860276 0.1774661747732925 0.7768609066273013
v -0.2574200000000000 -0.1159320000000000 0.1499430000000000
vn 0.4068241929702662 -0.0220354569996025 0.9132406663355013
v -0.2618360000000000 -0.1280540000000000 0.1540590000000000
vn -0.5023971067049754 -0.6608878041668428 0.5575163293375347
v -0.2988530000000000 -0.1391410000000000 0.1491700000000000
vn -0.5468433349280588 -0.7365185963771945 0.3981240061027794
v -0.2981820000000000 -0.1457410000000000 0.1403660000000000
vn 0.5302558938027020 0.7186222738512643 -0.4499007830759310
v -0.2668080000000000 -0.0790430000000000 0.0862680000000000
vn 0.6549128624077217 0.7224798022092620 -0.2216124501299284
v -0.2613310000000000 -0.0790840000000000 0.0972200000000000
vn 0.5406394460402898 0.7686334753988535 -0.3419233391880828
v -0.2462830000000000 -0.0960140000000000 0.0826090000000000
vn 0.3803481963806186 0.6296517743951315 -0.6774023121536217
v -0.2625600000000000 -0.0935080000000000 0.0695450000000000
vn -0.5605110967428907 -0.7494443933322907 0.3523640329699902
v -0.2963190000000000 -0.1548520000000000 0.1240910000000000
vn -0.2596046016547499 0.2364233578522767 0.9363276385227197
v -0.3509280000000000 -0.0351000000000000 0.1842190000000000
vn -0.3777775577249072 -0.2098410323688573 0.9018042237724199
v -0.3441940000000000 -0.0628380000000000 0.1837930000000000
vn -0.1437526458693150 -0.1544732654319279 0.9774830878702550
v -0.3363980000000000 -0.0590880000000000 0.1866800000000000
vn -0.5875382755186281 -0.2022927430684659 0.7835026617073054
v -0.3608280000000000 -0.0510120000000000 0.1793560000000000
vn -0.8622843390210688 -0.4028022432470946 0.3069463658590975
v -0.3712980000000000 -0.0519430000000000 0.1676070000000000
vn -0.8032307531463868 0.1627840829761327 0.5729936295714882
v -0.3733520000000000 -0.0296900000000000 0.1672800000000000
vn 0.1336208629608211 0.2313857822459121 0.9636420937028710
v -0.3319350000000000 -0.0472280000000000 0.1862650000000000
vn 0.4850573405716337 0.3441090456114987 0.8039330451510982
v -0.3089130000000000 -0.0546830000000000 0.1793750000000000
vn -0.2361951014388510 -0.4330540731878597 0.8698712799901458
v -0.3285150000000000 -0.0795310000000000 0.1820620000000000
vn -0.3190992543317807 -0.5555670404398825 0.7678026630989057
v -0.3103060000000000 -0.1155650000000000 0.1660120000000000
vn -0.4070514901396903 -0.5206969917072578 0.7504556797053837
v -0.3426730000000000 -0.0758410000000000 0.1781840000000000
vn -0.6759716646345260 0.0727028306239956 -0.7333325350961093
v -0.3473450000000000 -0.0421020000000000 0.0988780000000000
vn -0.5183642880687697 0.2516495486972673 -0.8172949097452027
v -0.3331430000000000 -0.0535190000000000 0.0855670000000000
vn -0.9940737171927219 0.0337248552138937 0.1033444673286688
v -0.3787770000000000 -0.0316640000000000 0.1560370000000000
vn -0.5577998613422537 0.3006874559676064 -0.7735931543843260
v -0.3522020000000000 -0.0277260000000000 0.1048350000000000
vn -0.6700384076136093 0.2808251122577839 -0.6871577611058626
v -0.3657560000000000 -0.0229000000000000 0.1179250000000000
vn -0.8022247556571510 -0.1040603648806233 -0.5878833913895986
v -0.3369810000000000 -0.0634690000000000 0.0908240000000000
vn -0.8681167475300242 -0.4866936754410250 -0.0974811722518691
v -0.3449850000000000 -0.0826610000000000 0.1316890000000000
vn -0.9198216741503367 -0.3671327852583320 -0.1383531920547233
v -0.3245230000000000 -0.1183570000000000 0.0940960000000000
vn 0.6503110433404010 0.3819577323119850 0.6566611284647547
v -0.2520250000000000 -0.1105870000000000 0.1428540000000000
vn 0.6626005541035012 0.7475639583051653 -0.0459198643818354
v -0.2429760000000000 -0.0952400000000000 0.1006990000000000
vn 0.7483288323085406 0.6604458629996609 0.0617674734983480
v -0.2565390000000000 -0.0818260000000000 0.1122770000000000
vn 0.7715532011872024 0.4786496471844243 0.4190467432017656
v -0.2504580000000000 -0.0943540000000000 0.1284360000000000
vn 0.6757882838059696 0.7044889305515278 0.2168076156433325
v -0.2395240000000000 -0.0997440000000000 0.1119060000000000
vn -0.0651418956864260 0.7868982899202984 -0.6136347567950245
v -0.3438440000000000 -0.0158600000000000 0.1131680000000000
vn -0.5569697447278934 0.7223655813272964 -0.4098446905492645
v -0.3642090000000000 -0.0136050000000000 0.1244810000000000
vn -0.8599058843677754 0.5079663075722380 0.0503199801381196
v -0.3742900000000000 -0.0174990000000000 0.1476670000000000
vn -0.0459076724737588 0.6265813256428279 -0.7780027814627133
v -0.3342080000000000 -0.0273140000000000 0.1000950000000000
vn 0.0393497222947734 0.7497374393370659 0.6605644339590374
v -0.3510880000000000 -0.0172180000000000 0.1736290000000000
vn 0.5684766758531560 0.8145782096467329 -0.1153109248062338
v -0.3119720000000000 -0.0233100000000000 0.1306520000000000
vn 0.7531594410142703 0.3314378097509277 0.5682427603397863
v -0.2773900000000000 -0.0754410000000000 0.1596460000000000
vn 0.5423382551658014 0.1283662930083861 0.8302959182141024
v -0.2949790000000000 -0.0754140000000000 0.1762780000000000
vn 0.6310668299084687 0.7474881445982017 -0.2074033024674720
v -0.2916330000000000 -0.0418210000000000 0.1191440000000000
vn 0.6584817703805659 0.0629370002830881 0.7499604603389717
v -0.2762220000000000 -0.0935450000000000 0.1637530000000000
vn 0.4953456693962527 0.6847741235640606 -0.5345250859477513
v -0.2897690000000000 -0.0617720000000000 0.0841630000000000
vn 0.3952489262345365 0.8065990005429926 -0.4395183029561926
v -0.3179390000000000 -0.0237040000000000 0.1141140000000000
vn 0.2790274833709704 0.4862022420454808 0.8281008654467223
v -0.3331690000000000 -0.0338100000000000 0.1820950000000000
vn 0.3377805007655897 0.8752401387757776 -0.3462066330651467
v -0.3354370000000000 -0.0118820000000000 0.1232890000000000
vn -0.6619793067903699 -0.1972555530168802 -0.7231000236380485
v -0.1788540000000000 0.1654820000000000 -0.0581200000000000
vn 0.7647181149716568 0.2666191339128217 0.5866177989677546
v -0.1080250000000000 0.1579120000000000 0.0074240000000000
vn -0.3991690953396124 -0.0629493469059481 0.9147138421658820
v -0.1556170000000000 0.1344900000000000 0.0154520000000000
vn -0.6065002027491906 0.0425831931418579 -0.7939421740448318
v -0.1424160000000000 0.0925800000000000 -0.0758620000000000
vn -0.7648698936875107 0.0179250818865551 -0.6439353517006318
v -0.1513050000000000 0.0832030000000000 -0.0682820000000000
vn 0.0641897722111989 0.3126961020182256 -0.9476818141792538
v -0.1155040000000000 0.1029880000000000 -0.0794690000000000
vn -0.3990018861010289 0.0413695897792825 0.9160164037446685
v -0.1262190000000000 0.0621050000000000 0.0154690000000000
vn 0.9056767652468508 0.3993779723931229 0.1422913632627031
v -0.0869250000000000 0.1299910000000000 -0.0173500000000000
vn 0.5056523876930384 0.2392069891681126 0.8289123470871065
v -0.0952730000000000 0.1133660000000000 0.0067970000000000
vn 0.5802146462753298 0.3387000665638764 0.7406977988067871
v -0.1134680000000000 0.1567130000000000 0.0132320000000000
vn 0.4830207596183563 0.0222226260994106 0.8753268536192362
v -0.1129440000000000 0.1377710000000000 0.0151520000000000
vn -0.5591508037827900 -0.1314716885603697 -0.8185753317417677
v -0.1593490000000000 0.1280570000000000 -0.0661200000000000
vn -0.8982981723076768 -0.2382918878186657 -0.3691576490180094
v -0.1854020000000000 0.1621690000000000 -0.0466010000000000
vn 0.0499560637263677 0.0801555353431411 -0.9955297493549962
v -0.1480090000000000 0.1850830000000000 -0.0718390000000000
vn -0.2555910056160330 -0.0825602367054193 -0.9632533649893625
v -0.1603470000000000 0.1751840000000000 -0.0700200000000000
vn 0.0200446438342590 0.0951630453692816 -0.9952598691043469
v -0.1340350000000000 0.1356180000000000 -0.0739110000000000
vn -0.2007080380932976 0.1554156666953065 -0.9672446712132318
v -0.1338830000000000 0.1002060000000000 -0.0785670000000000
vn -0.5583059741222209 -0.0840950989929869 -0.8253620136550976
v -0.1718570000000000 0.1735800000000000 -0.0649420000000000
vn -0.8846724948652291 -0.1656913896448886 -0.4357762501863508
v -0.1876760000000000 0.1788140000000000 -0.0493590000000000
vn -0.5050388027976154 0.2201593703932836 -0.8345451810997320
v -0.1928180000000000 0.2596230000000000 -0.0432990000000000
vn -0.3319775186104498 0.2134004722795559 -0.9188314130285875
v -0.1784890000000000 0.2525360000000000 -0.0507900000000000
vn -0.3225863639138670 0.1337489829576438 -0.9370428204594634
v -0.1645510000000000 0.2001380000000000 -0.0674550000000000
vn -0.2570635206445234 0.1348227672715612 -0.9569436596681548
v -0.1976430000000000 0.3081490000000000 -0.0349870000000000
vn -0.9158414884174627 -0.0911010139514569 -0.3910690135389186
v -0.2111950000000000 0.2714300000000000 -0.0228650000000000
vn -0.9028183018523578 -0.1718452585791592 -0.3941932532962569
v -0.2203120000000000 0.3165180000000000 -0.0172960000000000
vn -0.9602028415055168 -0.1242738547278418 -0.2501329890194706
v -0.2134010000000000 0.2706420000000000 -0.0147860000000000
vn -0.6757079131735045 0.0122742905248081 -0.7370672682101821
v -0.2038450000000000 0.2654150000000000 -0.0337300000000000
vn -0.8295324651955674 -0.2627416181430990 0.4927907581135330
v -0.2122410000000000 0.2763180000000000 0.0080980000000000
vn -0.7464501526327687 -0.3047137033069761 0.5915756322326542
v -0.2084960000000000 0.2876790000000000 0.0192170000000000
vn 0.9550667719243237 0.2471990479573087 0.1635239794496583
v -0.1628740000000000 0.3381150000000000 0.0018860000000000
vn 0.0404702113458726 -0.1548634820071354 0.9871066122431993
v -0.1953270000000000 0.3144140000000000 0.0314940000000000
vn 0.9331243308171420 0.3225392188994877 0.1588944162290466
v -0.1257290000000000 0.2274360000000000 -0.0057690000000000
vn 0.9306941897902102 0.3431830637143947 -0.1266242862579925
v -0.1498650000000000 0.2959100000000000 -0.0134570000000000
vn 0.9513864806081741 0.2999331100397092 0.0700278088897549
v -0.1552700000000000 0.3119260000000000 -0.0024720000000000
vn 0.9384184575249872 0.3098343895649256 0.1528837781432470
v -0.1428030000000000 0.2760460000000000 -0.0034210000000000
vn 0.8805682480631774 0.2536453215107682 0.4003293786104708
v -0.1561340000000000 0.3030630000000000 0.0079660000000000
vn -0.7660664485765593 -0.0310168825478247 -0.6420125772617794
v -0.1847340000000000 0.1912610000000000 -0.0545110000000000
vn -0.5867771023204699 0.0965319627828369 -0.8039740122377624
v -0.1776690000000000 0.1975310000000000 -0.0604600000000000
vn -0.8124469038186984 -0.0430089312643988 -0.5814466960151247
v -0.2371160000000000 0.3802690000000000 -0.0082200000000000
vn -0.3584572622019329 0.2039077835369660 -0.9110049434485724
v -0.2235190000000000 0.3984530000000000 -0.0156300000000000
vn -0.7380867772046924 -0.0304977792237164 -0.6740161680390259
v -0.2056270000000000 0.3052610000000000 -0.0320340000000000
vn -0.7264756110438680 -0.1084140163772048 -0.6785864628854614
v -0.2235000000000000 0.3487340000000000 -0.0190430000000000
vn -0.6679974692784970 -0.0273799522753830 -0.7436596797265004
v -0.2149920000000000 0.3150920000000000 -0.0246720000000000
vn -0.9316451719022338 -0.2226386412139561 -0.2871747013747218
v -0.2261930000000000 0.3249450000000000 -0.0065340000000000
vn -0.9818300205275131 -0.1503429518169276 -0.1157877697769332
v -0.2386850000000000 0.3706490000000000 0.0020140000000000
vn -0.8836648306703144 -0.3056294571539360 0.3545801770491336
v -0.2302730000000000 0.3443610000000000 0.0165340000000000
vn -0.9512315413769393 -0.2842789120666697 0.1197666683340691
v -0.2240040000000000 0.3156790000000000 0.0025090000000000
vn -0.8747958796871111 -0.3191463796080287 0.3645240146623284
v -0.2211490000000000 0.3144670000000000 0.0122060000000000
vn -0.7018826834792604 -0.2758267441156091 0.6567193509121949
v -0.2155130000000000 0.3153340000000000 0.0220270000000000
vn -0.8540093442120059 -0.2095669523810235 -0.4761824571194425
v -0.2335120000000000 0.3609200000000000 -0.0086520000000000
vn -0.9606776054655942 -0.2776205457906273 0.0050369546162612
v -0.2357580000000000 0.3556410000000000 0.0082240000000000
vn -0.3853107754916844 -0.2462717253162070 0.8893176280720940
v -0.2070770000000000 0.3176280000000000 0.0294800000000000
vn 0.9425163030637224 0.3196869960180986 -0.0972792014565167
v -0.1613630000000000 0.3310510000000000 -0.0091330000000000
vn 0.7166054663778412 0.1495844641760003 0.6812496558785006
v -0.1698760000000000 0.3240840000000000 0.0192600000000000
vn 0.8775306384445318 0.2389990400970847 0.4157155727463242
v -0.1632960000000000 0.3259980000000000 0.0101340000000000
vn 0.9597612483245779 0.2742208097550900 -0.0605086251018064
v -0.1725360000000000 0.3795250000000000 -0.0016650000000000
vn 0.1678283321407892 -0.0572141735715100 0.9841545555822877
v -0.1860970000000000 0.3094200000000000 0.0294420000000000
vn 0.4307028464299278 -0.0272952168515590 0.9020809438260983
v -0.1793540000000000 0.3222930000000000 0.0273680000000000
vn 0.6256007087745148 0.0259952414804605 0.7797102029608163
v -0.1829370000000000 0.3537360000000000 0.0316630000000000
vn 0.9005601574683735 0.3371329541384686 0.2744681657577207
v -0.1769500000000000 0.3906790000000000 0.0116200000000000
vn 0.8819568356022527 0.1654582678557030 0.4413340024659909
v -0.1737490000000000 0.3681620000000000 0.0190130000000000
vn 0.6300808345327159 0.1792240651352832 0.7555639459575476
v -0.1858760000000000 0.3766210000000000 0.0314010000000000
vn 0.0556731103516634 -0.1386119350042363 0.9887806815761284
v -0.2013500000000000 0.3448790000000000 0.0380880000000000
vn -0.4532024361305841 -0.2355818077823634 0.8597143500764062
v -0.2177200000000000 0.3506700000000000 0.0349440000000000
vn 0.4437517616262067 0.3913629564491017 -0.8061757937156491
v -0.1910080000000000 0.3985420000000000 -0.0176320000000000
vn 0.6619845090744183 0.5908038577830972 -0.4612237107674660
v -0.1881730000000000 0.4072530000000000 -0.0076660000000000
vn -0.9990593255053725 0.0429485590412046 -0.0059904421401221
v -0.2403580000000000 0.3916820000000000 0.0041220000000000
vn 0.6971220649323648 0.3544219373857725 0.6232222050634521
v -0.1876750000000000 0.3978960000000000 0.0265810000000000
vn 0.2357959256694800 0.5500968384233659 0.8011203091885079
v -0.2047990000000000 0.4138400000000000 0.0288830000000000
vn 0.4976898988592372 0.8572976375080649 -0.1317024118859366
v -0.1966990000000000 0.4208090000000000 0.0025040000000000
vn 0.7485661758531307 0.2912149815859207 -0.5956865911438092
v -0.1750930000000000 0.3707270000000000 -0.0163410000000000
vn -0.4790550709076190 0.0170766613717512 -0.8776187251159188
v -0.2120820000000000 0.3393810000000000 -0.0270460000000000
vn -0.1891295826672488 0.1379583782940712 -0.9722126757137978
v -0.2010160000000000 0.3543670000000000 -0.0296230000000000
vn 0.8549783321143660 0.4277566406902706 -0.2933194639984047
v -0.1800590000000000 0.3977270000000000 -0.0035180000000000
vn 0.8257848930398356 0.5635302859273650 0.0226478976907204
v -0.1875940000000000 0.4130100000000000 0.0064470000000000
vn 0.1492488319310901 0.9126211017551632 0.3805883744919138
v -0.2086770000000000 0.4224660000000000 0.0196560000000000
vn 0.0768375930136980 0.9890647440101124 -0.1258845362070821
v -0.2082500000000000 0.4250140000000000 0.0059770000000000
vn -0.2532158923265818 0.7279535577824429 0.6371540862186608
v -0.2216600000000000 0.4162740000000000 0.0274220000000000
vn -0.8818009991647451 0.4638981147184187 0.0850031589575014
v -0.2363970000000000 0.4099530000000000 0.0093820000000000
vn -0.7037310089218995 0.5511493897585892 0.4483269089074400
v -0.2311230000000000 0.4123490000000000 0.0228900000000000
vn -0.8720823979011878 0.1296709234299142 0.4718662341042721
v -0.2356930000000000 0.3951160000000000 0.0268300000000000
vn -0.9400401115950210 -0.1194972973211457 0.3194448066964967
v -0.2378860000000000 0.3736830000000000 0.0180320000000000
vn -0.7386963223529461 -0.2348904735778896 0.6317865215122803
v -0.2300950000000000 0.3634200000000000 0.0291320000000000
vn -0.5201603072492689 0.0037726459031111 0.8540603151448005
v -0.2249620000000000 0.3795340000000000 0.0368460000000000
vn -0.2152158139450794 -0.0316523528708152 0.9760534216863840
v -0.2152920000000000 0.3778030000000000 0.0400690000000000
vn 0.1721756782070621 0.2537088384472627 0.9518336835433379
v -0.2047360000000000 0.3962230000000000 0.0364360000000000
vn 0.1829814866471069 0.0172380274096784 0.9829652211321812
v -0.2025350000000000 0.3740830000000000 0.0393600000000000
vn -0.3352886375458591 0.3419295303096360 0.8778756892834390
v -0.2248240000000000 0.4036340000000000 0.0344200000000000
vn 0.6049231841916503 0.3517385580154498 0.7143863996694275
v 0.0219070000000000 0.1385210000000000 -0.0076950000000000
vn 0.0043319071768547 0.4467392691485002 0.8946537095328421
v 0.0090020000000000 0.1159660000000000 0.0016370000000000
vn 0.5119574574725905 0.6595622078102975 0.5503428529258891
v 0.0342150000000000 0.1203890000000000 -0.0089730000000000
vn 0.7712191497138472 0.4512653760656602 0.4489772638775474
v 0.0327930000000000 0.1287100000000000 -0.0152770000000000
vn -0.2239898666328259 0.2414937008213182 -0.9441977187588586
v -0.0465770000000000 0.2363780000000000 -0.0826190000000000
vn -0.5859396825260252 -0.0284852177332303 -0.8098538638618644
v -0.0544990000000000 0.2263330000000000 -0.0807570000000000
vn -0.3124871171315084 -0.0412743323254634 -0.9490248843512620
v -0.0428910000000000 0.2015550000000000 -0.0852320000000000
vn 0.6313019763674048 0.1332245616637618 -0.7640085279655635
v -0.0004790000000000 0.2298690000000000 -0.0763870000000000
vn 0.5916065989590266 0.0715560080183107 -0.8030450608680791
v -0.0073360000000000 0.2142060000000000 -0.0826270000000000
vn 0.2553592353707715 0.0698155836615639 -0.9643222724737048
v -0.0123080000000000 0.1852640000000000 -0.0863900000000000
vn -0.9097895462773066 0.1074935657924329 0.4009091103950625
v -0.0371770000000000 0.1100240000000000 -0.0226150000000000
vn 0.8575648314253096 0.2453803643924477 0.4520741495298200
v 0.0275150000000000 0.1496890000000000 -0.0182950000000000
vn 0.9925266308732444 0.0595706461521285 -0.1064998832131957
v 0.0171170000000000 0.2200490000000000 -0.0415650000000000
vn 0.9740817384892310 0.0737253492119192 0.2138441947432244
v 0.0158140000000000 0.2264930000000000 -0.0217210000000000
vn -0.8137769010480440 -0.2927346275206313 -0.5020693111224774
v -0.0496200000000000 0.1795950000000000 -0.0741980000000000
vn 0.1372132074991515 0.0783085373226301 -0.9874412937841850
v -0.0216150000000000 0.1720030000000000 -0.0882860000000000
vn -0.4711303172396721 -0.1236626264150026 -0.8733520361262057
v -0.0312540000000000 0.1733890000000000 -0.0876020000000000
vn 0.0670585221055012 0.2481745755014530 -0.9663915017671147
v -0.0274450000000000 0.2373670000000000 -0.0835780000000000
vn 0.5267391786070102 0.2263158689829063 -0.8193454492257365
v -0.0175870000000000 0.3577650000000000 -0.0387020000000000
vn 0.2770638474379986 0.1882018190768354 -0.9422397251968437
v -0.0346140000000000 0.3655330000000000 -0.0448060000000000
vn -0.0886774344762890 0.2049179234349321 -0.9747537931548760
v -0.0485950000000000 0.3464530000000000 -0.0506990000000000
vn -0.9187999830217618 -0.1591672755771516 0.3612095923207981
v -0.0726880000000000 0.3519750000000000 -0.0115730000000000
vn -0.7812472645816958 -0.1593470494334909 0.6035405781059450
v -0.0667070000000000 0.3563860000000000 0.0019790000000000
vn -0.5640905029579046 0.1304322487769968 -0.8153461430286365
v -0.0670070000000000 0.3583880000000000 -0.0418190000000000
vn 0.9058229987692235 0.0560831571388794 0.4199278204478327
v 0.0044020000000000 0.2774180000000000 -0.0112790000000000
vn 0.2753504475470426 -0.0021252312181139 0.9613415701133042
v -0.0152930000000000 0.2517610000000000 0.0035340000000000
vn -0.2652645698376617 -0.1732494280236515 0.9484826533354830
v -0.0346920000000000 0.2485680000000000 0.0029050000000000
vn 0.6263696267442387 -0.0241159082469986 0.7791530746019716
v -0.0028310000000000 0.2754720000000000 -0.0017150000000000
vn 0.7306589425516318 0.0019079970058261 0.6827399718902922
v -0.0066120000000000 0.3113880000000000 0.0005640000000000
vn 0.9602829421767526 0.1644734801978072 0.2253999673380214
v 0.0099500000000000 0.2661000000000000 -0.0241710000000000
vn -0.8395303875973130 -0.1215375462511458 0.5295444770290367
v -0.0607970000000000 0.2687630000000000 -0.0101680000000000
vn -0.5590783767927701 -0.1580768783372431 0.8139060567030534
v -0.0443790000000000 0.2464120000000000 -0.0005120000000000
vn -0.3227902666693251 -0.2361821140370700 0.9165284789642527
v -0.0511790000000000 0.3788110000000000 0.0192820000000000
vn 0.4589868915135951 0.3523491580741260 -0.8155863560795643
v -0.0096510000000000 0.2644990000000000 -0.0701850000000000
vn 0.8326471613685290 0.0758923799129314 -0.5485791203974885
v 0.0042840000000000 0.2324980000000000 -0.0707140000000000
vn -0.9682762598029092 0.0336693958311453 -0.2476034258374761
v -0.0657300000000000 0.2488590000000000 -0.0612890000000000
vn -0.8381484522760035 0.2025683983337926 -0.5064318472843329
v -0.0591940000000000 0.2743110000000000 -0.0640180000000000
vn 0.0963881587612020 0.3493544466729461 -0.9320197387611837
v -0.0229070000000000 0.2678570000000000 -0.0728140000000000
vn 0.1038345296531231 0.2654892996237679 -0.9585060366200079
v -0.0319540000000000 0.3054400000000000 -0.0611180000000000
vn -0.1138809141837892 0.2798661526509381 -0.9532607586516012
v -0.0421870000000000 0.3201380000000000 -0.0572470000000000
vn -0.3654371879478499 0.3113383310128980 -0.8772252306602170
v -0.0504860000000000 0.2782680000000000 -0.0674080000000000
vn -0.5546210463188661 0.2077017595818374 -0.8057639071382974
v -0.0609340000000000 0.2507940000000000 -0.0721240000000000
vn -0.1140590737305870 0.2604382246888516 -0.9587296067299892
v -0.0385600000000000 0.2782770000000000 -0.0699220000000000
vn 0.7387421119639767 0.2788621221562227 -0.6135927059846226
v -0.0004190000000000 0.2504940000000000 -0.0697510000000000
vn 0.7645471258672881 0.3070740774057663 -0.5667214512557882
v -0.0222050000000000 0.4585480000000000 -0.0085090000000000
vn -0.7195911209798030 0.4815274679684386 -0.5003198139179929
v -0.0735160000000000 0.4841220000000000 -0.0088070000000000
vn -0.1232487509458711 0.3793189413127386 -0.9170206574290819
v -0.0582620000000000 0.4621940000000000 -0.0196780000000000
vn -0.6525200041875117 0.2809590916124903 -0.7037610624177882
v -0.0761160000000000 0.4523570000000000 -0.0204700000000000
vn -0.1651663932089985 0.3353491365890137 -0.9275025709631934
v -0.0624620000000000 0.4313970000000000 -0.0324100000000000
vn 0.7582321314195272 0.2188859436323210 -0.6141441024411040
v -0.0182060000000000 0.3879680000000000 -0.0301630000000000
vn 0.9213833760896528 0.1294941166392013 -0.3664477425520129
v -0.0136310000000000 0.3979960000000000 -0.0199190000000000
vn 0.9747008212246951 0.1459725509124078 -0.1692640643610734
v -0.0107180000000000 0.3975760000000000 -0.0095750000000000
vn -0.3434051833333348 0.1810191232856281 -0.9215774286866520
v -0.0568990000000000 0.3557980000000000 -0.0470910000000000
vn -0.0427828030597100 0.2407745657805703 -0.9696376850326784
v -0.0422700000000000 0.3654680000000000 -0.0462410000000000
vn 0.1377184638555185 0.2306925215998329 -0.9632313248598110
v -0.0533400000000000 0.4051120000000000 -0.0393430000000000
vn -0.3406125985427901 0.1989770235231211 -0.9189076133234545
v -0.0613820000000000 0.4012020000000000 -0.0396660000000000
vn -0.6961428144690123 0.0332741793393855 -0.7171317946182922
v -0.0706830000000000 0.3918190000000000 -0.0372440000000000
vn -0.8919811751122384 -0.0290198682911208 -0.4511401450655399
v -0.0772760000000000 0.3948490000000000 -0.0287060000000000
vn 0.2545829056910205 0.2817150092015281 -0.9251076681773316
v -0.0398890000000000 0.4269310000000000 -0.0315120000000000
vn -0.4903888457094104 0.8609304928282787 -0.1353420353114635
v -0.0658290000000000 0.4958400000000000 0.0033100000000000
vn 0.7576636428150414 0.4721916769795437 0.4505339327370221
v -0.0295430000000000 0.4835550000000000 0.0268740000000000
vn 0.4354302942055300 0.8744766773417105 -0.2137545313519400
v -0.0411270000000000 0.4954460000000000 0.0017520000000000
vn -0.9827319250929865 -0.1425299576017266 0.1179965024442796
v -0.0767540000000000 0.3771460000000000 -0.0121840000000000
vn -0.7037700802677327 -0.2140878189747407 0.6774024504580624
v -0.0612250000000000 0.3725730000000000 0.0118930000000000
vn 0.1784007402722236 -0.1147327579298429 0.9772459107758571
v -0.0357620000000000 0.3783190000000000 0.0211660000000000
vn 0.5663307290763786 0.8096330165618084 0.1541553884781321
v -0.0364270000000000 0.4937900000000000 0.0187050000000000
vn 0.2244394550575874 0.1372391619500575 0.9647757995724702
v -0.0415510000000000 0.4731560000000000 0.0378810000000000
vn -0.4556563363752242 -0.0206914330404271 0.8899152587296399
v -0.0614110000000000 0.4671010000000000 0.0350640000000000
vn -0.8687301240183715 0.4676110799934239 0.1632416904176393
v -0.0756460000000000 0.4852670000000000 0.0136370000000000
vn -0.8678447541713025 0.1743016923065974 -0.4652573510611175
v -0.0781850000000000 0.4195240000000000 -0.0259540000000000
vn -0.4560428885396625 0.2040982775287674 -0.8662382910736461
v -0.0708390000000000 0.4186910000000000 -0.0330530000000000
vn -0.9213090285053490 -0.1066550736285587 0.3739175968897649
v -0.0797590000000000 0.4411370000000000 0.0121210000000000
vn -0.9687122244095701 -0.0566107899972863 0.2416440455201528
v -0.0804360000000000 0.4146940000000000 -0.0026080000000000
vn 0.8435273146710669 -0.0256037678170798 0.5364756438808641
v -0.0109610000000000 0.3966550000000000 0.0013910000000000
vn 0.9977927243964960 0.0326389229540658 0.0578306134310931
v -0.0126270000000000 0.4284760000000000 0.0052540000000000
vn 0.9621200208172820 0.1709048705073846 -0.2124066636888006
v -0.0152590000000000 0.4423610000000000 -0.0023180000000000
vn 0.9142550651118030 0.3446666915423316 -0.2129378962483572
v -0.0206660000000000 0.4668350000000000 0.0030080000000000
vn 0.9542420561062270 0.2672133497610634 0.1342353309216018
v -0.0180280000000000 0.4612370000000000 0.0152530000000000
vn -0.9683082150670704 0.2413540003925798 -0.0642452109353118
v -0.0798650000000000 0.4730940000000000 -0.0000280000000000
vn -0.8724046191411737 0.2342569413875454 -0.4289916851325860
v -0.0805650000000000 0.4590400000000000 -0.0115090000000000
vn 0.9041060292990999 -0.0155848127662983 0.4270238885543226
v -0.0164790000000000 0.4322250000000000 0.0197820000000000
vn 0.6305624815781449 -0.2283469492985296 0.7417874544450495
v -0.0244230000000000 0.4207310000000000 0.0274520000000000
vn 0.5347229424409842 -0.0397393481440505 0.8440925062079048
v -0.0277890000000000 0.4468700000000000 0.0329650000000000
vn 0.8985401144996997 0.0555922273555400 0.4353563676949224
v -0.0201480000000000 0.4518110000000000 0.0255240000000000
vn 0.7383952891219752 0.1850211089867541 0.6484902360342725
v -0.0246780000000000 0.4670680000000000 0.0292840000000000
vn 0.0521418233240387 -0.1189216925791416 0.9915335906032418
v -0.0427970000000000 0.4457490000000000 0.0366410000000000
vn -0.3588363158658097 -0.1551992249012201 0.9204073549281933
v -0.0598240000000000 0.4430250000000000 0.0333420000000000
vn -0.4899340392349900 -0.2717387768409570 0.8283252225785883
v -0.0604280000000000 0.4113920000000000 0.0251490000000000
vn -0.1638270474269327 -0.2299708604971133 0.9593091794899029
v -0.0488610000000000 0.4172680000000000 0.0311150000000000
vn 0.2414334845185026 -0.2758223758056722 0.9303934058010991
v -0.0352970000000000 0.4156180000000000 0.0303770000000000
vn -0.9440030678460041 0.0484940422833832 0.3263533909129031
v -0.0797210000000000 0.4654230000000000 0.0130020000000000
vn -0.7040982820932583 -0.1112717731493678 0.7013303085233933
v -0.0718910000000000 0.4432050000000000 0.0255950000000000
vn -0.7149104068308747 -0.2333271647583047 0.6591369693703761
v -0.0708710000000000 0.3983140000000000 0.0112850000000000
vn -0.7512691368813867 -0.2355745653704152 0.6165219445567498
v -0.0676170000000000 0.4092780000000000 0.0192280000000000
vn -0.2903533215393700 0.4087124713165229 0.8652450892443111
v -0.0573050000000000 0.4887090000000000 0.0339110000000000
vn -0.3309670691204483 0.2621505582490278 -0.9064975918156338
v 0.0965550000000000 0.0780260000000000 -0.0895310000000000
vn 0.4797320941537992 0.0261272381247977 -0.8770259319237832
v 0.1184230000000000 0.1619570000000000 -0.0773550000000000
vn -0.8631800586480289 0.2042398932615679 -0.4617426256616219
v 0.0812980000000000 0.2118180000000000 -0.0596660000000000
vn 0.6349980335745998 0.0794747178468964 -0.7684147750919080
v 0.1271210000000000 0.1373570000000000 -0.0738840000000000
vn 0.0422928274219908 0.0965155738871597 -0.9944325320231060
v 0.1089500000000000 0.1599240000000000 -0.0795270000000000
vn 0.4074495112511813 0.0772310331898987 -0.9099561875681677
v 0.1212690000000000 0.1946070000000000 -0.0745090000000000
vn -0.0939761661736184 0.1091457407870325 -0.9895734876497846
v 0.1039470000000000 0.1972560000000000 -0.0767710000000000
vn -0.4482444841633409 0.0649098339853268 -0.8915512300867168
v 0.0983260000000000 0.1604860000000000 -0.0778130000000000
vn -0.4656602170625194 0.1857135255232600 -0.8652577931940336
v 0.0914850000000000 0.2003920000000000 -0.0724400000000000
vn -0.8204470466726964 0.0436212896044884 -0.5700559855832512
v 0.0848460000000000 0.1994610000000000 -0.0665940000000000
vn -0.6106594951025320 0.3514328780575823 -0.7096406930702926
v 0.0721250000000000 0.0916060000000000 -0.0680360000000000
vn -0.7858015803917251 0.4355094839620131 -0.4391439008263787
v 0.0661980000000000 0.1092120000000000 -0.0434690000000000
vn -0.9558108500270975 0.1729357864914402 -0.2377368981060036
v 0.0707030000000000 0.1266400000000000 -0.0460260000000000
vn -0.9186584888582703 0.1077439413987251 -0.3800760765169355
v 0.0757740000000000 0.1373380000000000 -0.0565250000000000
vn -0.3501307917720845 0.7058759186358040 0.6157496375501272
v 0.0759420000000000 0.1090860000000000 -0.0030480000000000
vn 0.3488131142206030 0.5328373683903554 0.7709823280689158
v 0.1102210000000000 0.0920400000000000 0.0060010000000000
vn 0.4057627995654818 0.1934415907292600 0.8932731393392035
v 0.1205960000000000 0.0976010000000000 -0.0007120000000000
vn 0.1832603419552565 0.3355361256849066 0.9240298455281654
v 0.1040540000000000 0.1013050000000000 0.0031320000000000
vn 0.5541891048946330 -0.1235751918996188 0.8231668166070945
v 0.1265210000000000 0.1411900000000000 0.0007110000000000
vn 0.0700062897128371 -0.1243605435485848 0.9897644035875117
v 0.1106830000000000 0.1552910000000000 0.0069380000000000
vn -0.8840749939271823 0.1234144454331539 0.4507552326607865
v 0.0748360000000000 0.1412520000000000 -0.0167150000000000
vn -0.6650275119185913 -0.0172115442569751 0.7466205000772871
v 0.0951120000000000 0.2274780000000000 0.0091200000000000
vn -0.5994060945881048 -0.0131474627425287 0.8003371027223902
v 0.0931990000000000 0.1898870000000000 0.0062270000000000
vn -0.2630812070180021 -0.0860171101787000 0.9609314935365874
v 0.1060490000000000 0.2228860000000000 0.0134950000000000
vn 0.2920094000154881 -0.1776996329164217 0.9397623905881548
v 0.1211540000000000 0.1826380000000000 0.0098300000000000
vn 0.2412241804961104 -0.1245860060735502 0.9624392042277898
v 0.1293980000000000 0.2239130000000000 0.0137150000000000
vn -0.1485418196210510 -0.0635207062408827 0.9868639458924046
v 0.1092610000000000 0.1950850000000000 0.0119160000000000
vn 0.3904722352327608 -0.1969830276742310 0.8992936785725922
v 0.1289050000000000 0.1896410000000000 0.0083300000000000
vn 0.7904270796710228 0.0111078880938411 -0.6124554241288368
v 0.1434520000000000 0.1959590000000000 -0.0558390000000000
vn 0.9918446302634205 -0.0551271948010130 -0.1149139756991727
v 0.1522480000000000 0.2116210000000000 -0.0315970000000000
vn 0.8618817024104491 -0.1936463519353260 0.4686800843136030
v 0.1435230000000000 0.1834340000000000 -0.0074700000000000
vn 0.9581328363635941 -0.1273733979202606 0.2564322237631242
v 0.1460370000000000 0.1676440000000000 -0.0207750000000000
vn 0.4295740488780887 0.0563707006232005 -0.9012704813993050
v 0.1276390000000000 0.1785200000000000 -0.0722420000000000
vn 0.7751458872608888 -0.2082603645336301 0.5964700110037796
v 0.1477500000000000 0.2310080000000000 0.0028850000000000
vn 0.6175286901396039 -0.1996145586197676 0.7607971772039512
v 0.1385980000000000 0.2102870000000000 0.0065910000000000
vn 0.5662810207649048 -0.2014348780510317 0.7992182401734984
v 0.1423990000000000 0.2443210000000000 0.0133860000000000
vn 0.9356717477328372 0.0061713092560512 -0.3528176518212262
v 0.1482540000000000 0.1999450000000000 -0.0460900000000000
vn 0.6488123277013411 0.1361355612666250 -0.7486719390904059
v 0.1360980000000000 0.2098140000000000 -0.0636870000000000
vn 0.2646430096002281 0.2844998517095722 -0.9214249355465506
v 0.1181640000000000 0.2546200000000000 -0.0571620000000000
vn -0.0297223101466418 0.3430479471379900 -0.9388475330126601
v 0.1051720000000000 0.2271810000000000 -0.0685610000000000
vn 0.0944891432543939 0.2474447941969090 -0.9642836074682074
v 0.1155920000000000 0.2172900000000000 -0.0712250000000000
vn -0.1330845346391218 0.3722702843963033 -0.9185332557917453
v 0.1132270000000000 0.3256180000000000 -0.0374440000000000
vn -0.7784634367771757 0.2590355310004339 -0.5717475590506629
v 0.0963990000000000 0.3311170000000000 -0.0248090000000000
vn 0.8628149214763774 -0.1926072812584487 0.4673893949202758
v 0.1563220000000000 0.3229380000000000 0.0225780000000000
vn 0.9334357786915732 -0.1503743637187630 0.3257072271145260
v 0.1576600000000000 0.3034020000000000 0.0110170000000000
vn 0.9953551635507962 -0.0898964898464774 -0.0344487954223323
v 0.1588060000000000 0.3057140000000000 0.0026580000000000
vn -0.2698925187971338 -0.1165239510433014 0.9558138925180975
v 0.1064130000000000 0.2523690000000000 0.0161920000000000
vn -0.6137952374218251 -0.0512356353847987 0.7878009369028457
v 0.1002400000000000 0.2840390000000000 0.0146950000000000
vn -0.8684975546628163 0.0590504573560092 0.4921636323731717
v 0.0904880000000000 0.2556330000000000 0.0042430000000000
vn -0.9356578104108604 0.0518968066745823 0.3490718884042882
v 0.0917900000000000 0.3146860000000000 0.0001450000000000
vn -0.8756325031721880 0.0132713722949246 0.4827955986396497
v 0.0983900000000000 0.3338730000000000 0.0142690000000000
vn -0.1441890181530614 -0.1524384610486955 0.9777382280739366
v 0.1220510000000000 0.2725880000000000 0.0228260000000000
vn 0.0796659361048409 -0.1196275924071871 0.9896173895801343
v 0.1375860000000000 0.2929300000000000 0.0268300000000000
vn 0.0415968725594833 -0.2351816077163635 0.9710609206353722
v 0.1280560000000000 0.2630950000000000 0.0216870000000000
vn 0.5108853005499738 -0.2045030260822066 0.8349698928734995
v 0.1457630000000000 0.2756250000000000 0.0206000000000000
vn 0.5211065160704992 -0.2144516210750698 0.8261104654506812
v 0.1483820000000000 0.3046040000000000 0.0259070000000000
vn 0.9346233059206257 -0.1765240960134369 0.3087369747157592
v 0.1533300000000000 0.2859770000000000 0.0149110000000000
vn -0.3020639076969526 -0.1090726687969221 0.9470272163926250
v 0.1165930000000000 0.2865770000000000 0.0235630000000000
vn 0.7284298995034986 0.1279357911568185 -0.6730693239558626
v 0.1429260000000000 0.2673720000000000 -0.0392960000000000
vn 0.1911073277669807 0.3311830929684583 -0.9240106861966528
v 0.1236270000000000 0.2786780000000000 -0.0481250000000000
vn 0.4981890036336617 0.1816457327865976 -0.8478281337741272
v 0.1326090000000000 0.2705480000000000 -0.0464740000000000
vn -0.1399302028513330 0.3900902509486805 -0.9100819383136776
v 0.1082280000000000 0.2728480000000000 -0.0507570000000000
vn -0.3678602411152927 0.3551860533343407 -0.8593728588472953
v 0.0974060000000000 0.2594180000000000 -0.0521760000000000
vn 0.9625996559615091 -0.0724871381064590 0.2610507941989829
v 0.1521750000000000 0.2367430000000000 -0.0044440000000000
vn 0.9707013930921764 -0.1218240683846892 0.2071176038175182
v 0.1523230000000000 0.2133950000000000 -0.0189370000000000
vn -0.5490258398186014 0.2802163094814205 -0.7874321857227403
v 0.0913520000000000 0.2225430000000000 -0.0667090000000000
vn 0.4145018194366656 0.3186009861737991 -0.8524562471427942
v 0.1267400000000000 0.2214820000000000 -0.0663580000000000
vn 0.3474975094807918 0.6186733829290700 -0.7046195612951339
v 0.1465130000000000 0.4422170000000000 0.0055460000000000
vn 0.3356281811219536 0.3205803210108750 -0.8857663246123851
v 0.1385910000000000 0.4095660000000000 -0.0079820000000000
vn 0.1809296055016553 0.2134528234177036 -0.9600533162423982
v 0.1240450000000000 0.3210360000000000 -0.0379710000000000
vn 0.0793740035086197 0.2201425560292271 -0.9722330083842722
v 0.1244630000000000 0.3559290000000000 -0.0297720000000000
vn 0.3223960202998312 0.2039373589216246 -0.9243756594214840
v 0.1314150000000000 0.3253610000000000 -0.0348830000000000
vn 0.7252012080873413 0.1537792652844670 -0.6711446530795208
v 0.1613690000000000 0.4145470000000000 0.0073960000000000
vn 0.9193541195680961 0.2861308980106986 -0.2700316870975736
v 0.1622550000000000 0.4264260000000000 0.0122900000000000
vn -0.9315019249462126 0.2140778499543143 -0.2940660435691927
v 0.0988400000000000 0.4042010000000000 0.0029810000000000
vn -0.8842825453122501 0.4351380956059048 -0.1694084348801874
v 0.1056780000000000 0.4287130000000000 0.0076430000000000
vn -0.6049570323471065 0.7650236613478171 -0.2208297683550888
v 0.1141280000000000 0.4432120000000000 0.0145160000000000
vn -0.9923073165649351 0.1226858627228081 0.0165640749714012
v 0.0915470000000000 0.3267030000000000 -0.0076190000000000
vn 0.9916298831090644 -0.1240485858426321 -0.0358067490223053
v 0.1658970000000000 0.3772950000000000 0.0144790000000000
vn -0.6565677451995425 -0.1120579148926345 0.7458966548212316
v 0.1063920000000000 0.3482290000000000 0.0253260000000000
vn -0.4790147949616453 -0.1543772651954631 0.8641252722832626
v 0.1166840000000000 0.3379890000000000 0.0303950000000000
vn -0.1172607269248039 -0.2246289735911385 0.9673632958431172
v 0.1312620000000000 0.3319090000000000 0.0334620000000000
vn 0.2545619091018926 -0.2578051647787850 0.9320594033900325
v 0.1422930000000000 0.3332620000000000 0.0337730000000000
vn 0.5238635663693383 -0.2518941844909819 0.8137052805840828
v 0.1514000000000000 0.3339800000000000 0.0306750000000000
vn 0.9822767369219155 -0.1502694387780736 0.1120335122691268
v 0.1662370000000000 0.3816960000000000 0.0247750000000000
vn 0.8304296789053137 -0.1311940273944348 0.5414560698424625
v 0.1629270000000000 0.3819520000000000 0.0348180000000000
vn 0.9733728063287256 -0.1336499272684578 0.1862339304232104
v 0.1614650000000000 0.3408600000000000 0.0177070000000000
vn -0.1714134735484824 0.7577101524437728 0.6296766995607178
v 0.1319760000000000 0.4460960000000000 0.0390330000000000
vn 0.0771605607080737 0.4048701190214467 0.9111127452707350
v 0.1426010000000000 0.4329310000000000 0.0474040000000000
vn -0.1266505038503586 -0.2500312616499358 0.9599187559747916
v 0.1349140000000000 0.3672250000000000 0.0425090000000000
vn -0.4150023758995328 -0.1328780627273547 0.9000646912547832
v 0.1212740000000000 0.3798950000000000 0.0414210000000000
vn -0.5478735317732423 -0.0142929530714861 0.8364390621406980
v 0.1183760000000000 0.4129090000000000 0.0433430000000000
vn 0.3632110109145805 0.2150512581152105 -0.9065487951199723
v 0.1397270000000000 0.3730650000000000 -0.0208580000000000
vn 0.1605778260053915 0.3424591763431687 -0.9257086336065690
v 0.1284040000000000 0.3847490000000000 -0.0209320000000000
vn -0.0942982810363030 0.2490834219506685 -0.9638803261312805
v 0.1153100000000000 0.3749000000000000 -0.0249560000000000
vn 0.6331686060819564 0.2118708022510561 -0.7444516635925573
v 0.1520570000000000 0.4040940000000000 -0.0036100000000000
vn 0.6667459467679571 0.1201706911294754 -0.7355330362818280
v 0.1507580000000000 0.3680480000000000 -0.0144840000000000
vn 0.9092684724364931 0.1196070323759167 -0.3986539888665768
v 0.1637420000000000 0.3798950000000000 0.0061300000000000
vn 0.9988789490604612 0.0043069464066173 -0.0471412275669552
v 0.1672860000000000 0.4064630000000000 0.0206210000000000
vn -0.8013641022583505 0.3095894162876884 -0.5118300195712596
v 0.1003640000000000 0.3871410000000000 -0.0112460000000000
vn -0.9422349393328944 0.1018125229504602 -0.3191042608158010
v 0.0951470000000000 0.3726910000000000 -0.0075540000000000
vn -0.9913350075986296 0.0783491786278080 0.1054339078179926
v 0.0953110000000000 0.3817800000000000 0.0044460000000000
vn -0.4749861268875294 0.3230944068644456 -0.8185341675930796
v 0.1073950000000000 0.3839720000000000 -0.0196260000000000
vn -0.6027558476631968 0.3537739858621038 -0.7152128040206364
v 0.1042780000000000 0.3254010000000000 -0.0343170000000000
vn -0.7571853783034519 0.1473110335731564 -0.6363723456209163
v 0.0992600000000000 0.3571510000000000 -0.0209520000000000
vn 0.2159373942435671 -0.2039475819472862 0.9548698474583609
v 0.1480580000000000 0.3772250000000000 0.0450170000000000
vn 0.7029852645949668 -0.3170493060688479 0.6366250507823319
v 0.1559980000000000 0.3709310000000000 0.0395300000000000
vn 0.9345625370022630 0.2694655539149759 0.2323385023735601
v 0.1635770000000000 0.4251840000000000 0.0348140000000000
vn 0.2157833747489570 0.0331903242649828 0.9758770094418335
v 0.1478040000000000 0.4158720000000000 0.0504070000000000
vn 0.6170235148538364 -0.1230544582549394 0.7772641651465741
v 0.1580730000000000 0.4012240000000000 0.0451040000000000
vn 0.8147043105641553 0.0007110231206689 0.5798761771225874
v 0.1625920000000000 0.4123640000000000 0.0407130000000000
vn 0.6136845449826811 0.3373954222746335 0.7138316386078173
v 0.1555050000000000 0.4277060000000000 0.0461250000000000
vn -0.7254080405446739 -0.1117344722812555 0.6791896512883320
v 0.1087190000000000 0.3791580000000000 0.0331680000000000
vn 0.8032812419862960 0.5897543219625009 0.0832411316567976
v 0.1582890000000000 0.4388490000000000 0.0281170000000000
vn -0.3105050126359349 0.9477543582439329 0.0731321650000080
v 0.1247070000000000 0.4501250000000000 0.0217680000000000
vn -0.9717900927002339 0.2198472557674394 0.0853885230062971
v 0.1004810000000000 0.4106700000000000 0.0186790000000000
vn -0.9752695882998372 0.0045848242792083 0.2209710603762284
v 0.0954630000000000 0.3603230000000000 0.0091130000000000
vn -0.8568373369678478 -0.0008609836254038 0.5155861098643403
v 0.1019600000000000 0.3920000000000000 0.0251630000000000
vn -0.2678089527077668 0.1752920402864808 0.9473917170113806
v 0.1289220000000000 0.4249520000000000 0.0475620000000000
vn -0.1244258282942688 -0.1197767602779916 0.9849729645785176
v 0.1335680000000000 0.3956270000000000 0.0480790000000000
vn -0.5607562659243200 0.3088629685543947 0.7682161654654114
v 0.1172430000000000 0.4345240000000000 0.0393620000000000
vn -0.6567754407290667 0.7233962426351296 -0.2129410636690751
v 0.2006150000000000 0.0820280000000000 -0.0034750000000000
vn -0.4448510236221747 0.4805718166676521 -0.7557501543546359
v 0.2086610000000000 0.0638500000000000 -0.0280420000000000
vn -0.1857413520365616 0.3325065252768200 -0.9246294180870331
v 0.2158210000000000 0.0423860000000000 -0.0415300000000000
vn -0.2658707777921887 0.3296538583273771 -0.9058924125998905
v 0.2304620000000000 0.0751060000000000 -0.0339950000000000
vn -0.1166233431750720 0.1795356708129431 -0.9768141781999359
v 0.2396750000000000 0.0727310000000000 -0.0370740000000000
vn 0.1400977475595722 0.1386189546609494 -0.9803863557483040
v 0.2633290000000000 0.1140520000000000 -0.0306060000000000
vn -0.1229027902117243 0.1929108616194629 -0.9734887280433243
v 0.2499250000000000 0.1078280000000000 -0.0313420000000000
vn 0.8858156269898708 -0.1766094898600669 -0.4291150930367155
v 0.2556890000000000 0.0163390000000000 -0.0203770000000000
vn 0.7966803201033366 -0.2657654407664125 -0.5428344112657927
v 0.2545930000000000 0.0267940000000000 -0.0275280000000000
vn 0.5437257182124514 -0.2162915721675021 -0.8109132500851518
v 0.2500650000000000 0.0411270000000000 -0.0365080000000000
vn 0.0984326784087626 0.2178744737317714 -0.9710003715330808
v 0.2209900000000000 0.0327210000000000 -0.0450260000000000
vn 0.1802949751158712 0.0435745686359669 -0.9826469248494888
v 0.2514930000000000 0.0702380000000000 -0.0370230000000000
vn 0.3885717158877893 -0.0805414753796825 -0.9178916561096322
v 0.2557180000000000 0.0603440000000000 -0.0355380000000000
vn 0.2047739825422716 0.0335742698176127 -0.9782332975727168
v 0.2356490000000000 0.0397910000000000 -0.0426350000000000
vn 0.9379323550045670 -0.3466855295743863 0.0095938010879077
v 0.2691830000000000 0.0367680000000000 0.0056570000000000
vn 0.9546222215014959 -0.2011008642919124 -0.2196698809500167
v 0.2604120000000000 0.0160670000000000 -0.0064340000000000
vn 0.5595807496649156 -0.4171603189634124 0.7161331251148736
v 0.2886090000000000 0.1075980000000000 0.0492290000000000
vn 0.8416181248350283 -0.4613421483925734 0.2807888068739486
v 0.2815590000000000 0.0692390000000000 0.0258790000000000
vn -0.1336126621765130 -0.0668893872324533 0.9887737184926448
v 0.2864930000000000 0.1445680000000000 0.0625800000000000
vn -0.7566693102824987 0.5564338680166402 0.3432679789911199
v 0.2228430000000000 0.1108600000000000 0.0271780000000000
vn -0.7604524141890691 0.5696748188452587 0.3117414417873222
v 0.2072070000000000 0.0916510000000000 0.0187470000000000
vn -0.6515225497367583 0.3018253938316072 0.6960027290340955
v 0.2191360000000000 0.0972180000000000 0.0347330000000000
vn -0.2601833379506191 0.0079836781836045 0.9655262251930470
v 0.2393460000000000 0.0813220000000000 0.0499070000000000
vn -0.4837154027879948 0.1259882784622907 0.8661099022616912
v 0.2559190000000000 0.1337130000000000 0.0528450000000000
vn 0.7025075498720202 -0.3366252760824660 0.6270299561226835
v 0.2610380000000000 0.0377410000000000 0.0301490000000000
vn 0.9106651549767794 -0.2994679037541725 0.2846189560310418
v 0.2649560000000000 0.0304180000000000 0.0153140000000000
vn 0.2533934154236290 -0.1317282482038987 0.9583524642035832
v 0.2386810000000000 0.0406330000000000 0.0446190000000000
vn -0.6396750233272233 0.6243171291039712 -0.4483792890385234
v 0.2139430000000000 0.0909060000000000 -0.0110360000000000
vn 0.8721543140110316 -0.3687776471805856 -0.3214807917930689
v 0.3340100000000000 0.1717420000000000 0.0371000000000000
vn 0.5333879491364037 -0.4873860258614556 0.6913408403320590
v 0.3200150000000000 0.1639510000000000 0.0600600000000000
vn 0.7991533400060621 -0.4580778223073063 0.3892539632005705
v 0.3148470000000000 0.1349490000000000 0.0384210000000000
vn -0.2136798536551601 0.5924507386331678 -0.7767515963517059
v 0.2783170000000000 0.1642040000000000 -0.0065270000000000
vn -0.1459597528763636 0.4488113706463513 -0.8816258299975189
v 0.2982290000000000 0.1945370000000000 0.0049620000000000
vn 0.2029686534169484 0.2284364816296363 -0.9521662142665972
v 0.3011570000000000 0.1843380000000000 0.0017390000000000
vn -0.5408228787710775 0.6504275458777995 -0.5333428741074053
v 0.2652790000000000 0.1611860000000000 -0.0030860000000000
vn -0.2832485590383874 0.4976647395473970 -0.8198170898523027
v 0.2818840000000000 0.1827190000000000 0.0048360000000000
vn 0.0492517838104542 0.4600695944141608 -0.8865157810705221
v 0.2641620000000000 0.1415070000000000 -0.0206500000000000
vn 0.6773099991560604 -0.0357487033116185 -0.7348286842895800
v 0.3023520000000000 0.1463990000000000 -0.0010590000000000
vn 0.7579096421499925 -0.3419292120774740 -0.5555694270423348
v 0.3326050000000000 0.1864250000000000 0.0205200000000000
vn 0.7626896351889662 -0.2027846370341637 -0.6141521890852821
v 0.3179880000000000 0.1568000000000000 0.0141320000000000
vn 0.3833664629741375 0.0909359399861137 -0.9191087040636385
v 0.3046860000000000 0.1720090000000000 0.0010800000000000
vn 0.6451780000467883 -0.0522470390284944 -0.7622437898522896
v 0.3179150000000000 0.1739300000000000 0.0094510000000000
vn 0.3639180686170383 0.2201950635582057 -0.9050291560599817
v 0.2720640000000000 0.1133380000000000 -0.0283580000000000
vn 0.3021655081482652 0.3513538795280715 -0.8861413301647059
v 0.2871920000000000 0.1590950000000000 -0.0082450000000000
vn 0.5803004143301522 0.1255484307191784 -0.8046670247202911
v 0.2933590000000000 0.1481100000000000 -0.0080510000000000
vn 0.8848494587286356 -0.4437686025959879 0.1418127735348428
v 0.3327110000000000 0.1689510000000000 0.0464530000000000
vn 0.6114853612676248 -0.5060056616296169 0.6083123567330981
v 0.3278320000000000 0.1675910000000000 0.0556490000000000
vn 0.0419641951116897 -0.3121150703077289 0.9491170576991173
v 0.3242060000000000 0.2032590000000000 0.0759490000000000
vn 0.2084567355166756 -0.3412782909055179 0.9165560089674495
v 0.3422370000000000 0.2156250000000000 0.0782810000000000
vn -0.3661333310135199 0.4326502591598715 -0.8238690048605060
v 0.3031110000000000 0.2174520000000000 0.0159910000000000
vn -0.7268888403612442 0.5344041216571995 -0.4313291649240552
v 0.2919310000000000 0.2086500000000000 0.0205730000000000
vn -0.8083913350602385 0.5884903499254850 0.0135113820205592
v 0.2821170000000000 0.2016320000000000 0.0388790000000000
vn -0.8458136308086002 0.5314801344312092 -0.0461320782466704
v 0.2945340000000000 0.2196100000000000 0.0334340000000000
vn -0.1238515342897634 -0.1940548572541102 0.9731410534090926
v 0.3052730000000000 0.1758220000000000 0.0680570000000000
vn -0.6430870555619148 0.1663413727551928 0.7475089208020361
v 0.3064490000000000 0.2193130000000000 0.0710780000000000
vn -0.7849252565381135 0.5811205867720263 -0.2149213932541675
v 0.2780290000000000 0.1934360000000000 0.0258940000000000
vn -0.8595595523224544 0.4170264372467954 0.2953748917028430
v 0.2806000000000000 0.1975940000000000 0.0475770000000000
vn -0.5899981674636304 0.1101410940428963 0.7998569258264828
v 0.2895490000000000 0.1903940000000000 0.0630890000000000
vn -0.7256361667920294 0.4425324467292686 0.5268939049136715
v 0.2865210000000000 0.2000410000000000 0.0573830000000000
vn -0.6911870017774345 0.3175571632753903 0.6491671407475951
v 0.2723180000000000 0.1767980000000000 0.0528800000000000
vn 0.7610720457010224 -0.4507699196314756 0.4664502340099034
v 0.2918820000000000 0.0993730000000000 0.0399320000000000
vn 0.3691710182991004 -0.3554932663023949 0.8586834672110905
v 0.2956530000000000 0.1384160000000000 0.0605110000000000
vn -0.6519195561501101 0.6293748197677200 -0.4229518040526526
v 0.2691100000000000 0.1762410000000000 0.0114550000000000
vn -0.5774329947386871 0.5628132193968153 -0.5914494202037092
v 0.2503290000000000 0.1374040000000000 -0.0154400000000000
vn -0.7976170052722071 0.4529122500500598 0.3983435786543921
v 0.2533520000000000 0.1555910000000000 0.0388010000000000
vn -0.6658364385533982 0.3185138352689989 0.6746930960346044
v 0.2517650000000000 0.1423420000000000 0.0471170000000000
vn -0.2419641652119407 0.4371644968956698 -0.8662219954533852
v 0.2559300000000000 0.1261270000000000 -0.0270090000000000
vn 0.3755675529743763 -0.0334147707700623 -0.9261924563756839
v 0.3544720000000000 0.2550460000000000 0.0292900000000000
vn 0.7276490679909468 -0.2563760578946200 -0.6362374955866095
v 0.3555580000000000 0.2209260000000000 0.0326670000000000
vn 0.7100074322326504 0.1349034136078111 0.6911515862467208
v 0.3721110000000000 0.2636220000000000 0.0752680000000000
vn 0.7783151132748776 -0.2311958415716933 0.5837585693485543
v 0.3712720000000000 0.2468550000000000 0.0720320000000000
vn 0.9078347713858691 -0.3960727840137397 0.1377039492039807
v 0.3737520000000000 0.2404270000000000 0.0559440000000000
vn 0.9926801139764474 -0.1150925360302982 0.0366046372174594
v 0.3787770000000000 0.2570540000000000 0.0555140000000000
vn 0.7741288110014315 -0.5301985842804753 0.3458526350983750
v 0.3602760000000000 0.2194800000000000 0.0652420000000000
vn 0.6500762382924408 -0.5661258863180274 0.5068553691618327
v 0.3478340000000000 0.2104740000000000 0.0722270000000000
vn 0.3274151630779798 -0.1749969902775268 0.9285339866587691
v 0.3584350000000000 0.2420090000000000 0.0815720000000000
vn -0.8239495610129592 0.5589367864949727 -0.0932565794420154
v 0.3111500000000000 0.2492840000000000 0.0498670000000000
vn -0.8209206418565923 0.4655157273854164 0.3307331361242581
v 0.3093740000000000 0.2444090000000000 0.0592360000000000
vn -0.7327069196026162 0.4887228693943009 0.4735932082467468
v 0.3239050000000000 0.2588040000000000 0.0707980000000000
vn -0.7670033372512773 0.2907859887458863 0.5719697451740614
v 0.3083250000000000 0.2354650000000000 0.0671490000000000
vn -0.5204300579675998 0.2563420407627507 0.8145190684701181
v 0.3213570000000000 0.2410950000000000 0.0767430000000000
vn -0.3267200278608993 -0.0337775040673475 0.9445173919063394
v 0.3233430000000000 0.2248460000000000 0.0795300000000000
vn -0.5099335899326612 0.7416247764408100 -0.4358444961537394
v 0.3365240000000000 0.2780720000000000 0.0374280000000000
vn -0.2138836774817513 0.1536679162256362 0.9646968145639091
v 0.3424130000000000 0.2530930000000000 0.0823300000000000
vn 0.1982041705453083 0.1335517720774311 0.9710195831976944
v 0.3551040000000000 0.2533870000000000 0.0829760000000000
vn 0.0357366066158602 0.5246757337421711 0.8505517440871528
v 0.3564580000000000 0.2739920000000000 0.0760380000000000
vn -0.3363250687011121 0.4462016378619950 0.8293307823374613
v 0.3383110000000000 0.2649100000000000 0.0771570000000000
vn -0.3698082108325472 0.7934392790615669 0.4834211390114122
v 0.3420410000000000 0.2811000000000000 0.0669390000000000
vn -0.8107757127463194 0.5358668758492116 -0.2355619557320398
v 0.3200740000000000 0.2605810000000000 0.0394410000000000
vn 0.8742281242996348 -0.4103294811323482 -0.2595282327555140
v 0.3380820000000000 0.1836200000000000 0.0307100000000000
vn 0.8339701306709768 -0.5503760719526504 -0.0397492210062614
v 0.3628790000000000 0.2189310000000000 0.0531940000000000
vn -0.7254570385945536 0.6871059931084528 0.0399679795344616
v 0.3287390000000000 0.2747560000000000 0.0516300000000000
vn -0.6639925727337580 0.6235839761844199 0.4126219674234928
v 0.3301160000000000 0.2737810000000000 0.0624870000000000
vn 0.8172616991384536 -0.2755010288236681 -0.5061447404037983
v 0.3712020000000000 0.2406900000000000 0.0433880000000000
vn 0.8631603264997341 -0.1838761092849798 -0.4702593190901065
v 0.3752380000000000 0.2608650000000000 0.0397080000000000
vn -0.5114371149355075 0.5242285939823427 -0.6808938674402499
v 0.3271760000000000 0.2624340000000000 0.0305300000000000
vn 0.6245126577870987 0.0722037878746443 -0.7776699513805632
v 0.2826530000000000 0.1080500000000000 -0.0223340000000000
vn 0.8113510610382437 -0.0930812649418573 -0.5771008004403909
v 0.2928240000000000 0.1095340000000000 -0.0119060000000000
vn -0.5389720423015081 0.4398719870833824 -0.7183465546633172
v 0.2267930000000000 0.0924020000000000 -0.0244650000000000
vn -0.7158549810067166 0.5189219150452655 -0.4671955610380173
v 0.2352700000000000 0.1196830000000000 -0.0134110000000000
vn -0.5218775621918422 0.4155643285463727 -0.7449497291230478
v 0.2420390000000000 0.1143730000000000 -0.0257610000000000
vn -0.6126739676521172 -0.1729380390850657 0.7711828862201394
v -0.0387790000000000 0.1958770000000000 -0.0038900000000000
vn -0.6428362210754864 0.0671180136078326 -0.7630575110191413
v -0.1942650000000000 0.2347120000000000 -0.0432830000000000
vn -0.8802601312380355 -0.0649691680058714 -0.4700224553799757
v -0.1982130000000000 0.2288830000000000 -0.0384520000000000
vn 0.0346585625007460 0.2781428070962013 -0.9599142476836289
v -0.1494630000000000 0.2075000000000000 -0.0685820000000000
vn 0.5219162149170491 0.4312243569963752 -0.7359680825550272
v -0.1394400000000000 0.2344130000000000 -0.0539810000000000
vn -0.5948505053073010 -0.5966507321776896 0.5386657406290803
v -0.1868360000000000 -0.2625720000000000 0.1109680000000000
vn -0.5715006373463355 -0.7676504408947363 0.2899996932875093
v -0.1812750000000000 -0.2764940000000000 0.0933880000000000
vn -0.3649377897898208 -0.6870972897508230 0.6282656476367255
v -0.1584500000000000 -0.2797220000000000 0.1148910000000000
vn 0.0401242473714727 0.7386101966074524 -0.6729376064988294
v 0.1714740000000000 0.0595920000000000 -0.0128590000000000
vn 0.3541698442828465 0.8900368134473439 -0.2870508528277914
v -0.1992900000000000 -0.1263790000000000 0.0713690000000000
vn 0.3547043802795131 0.8902369958362142 0.2857672022031900
v -0.1715160000000000 -0.1384390000000000 0.0895410000000000
vn 0.2516814914539883 0.9655476380806638 -0.0661376251187461
v -0.1733980000000000 -0.1350710000000000 0.0717790000000000
vn 0.5458101653858906 0.7850849202731061 0.2928018635890101
v -0.2127030000000000 -0.1194520000000000 0.1065320000000000
vn 0.4463312747320365 0.8844224227779970 0.1363281749440422
v -0.1875640000000000 -0.1301840000000000 0.0865820000000000
vn 0.4768641361509801 0.8786163401164667 -0.0251778182796859
v -0.2132530000000000 -0.1161010000000000 0.0934040000000000
vn -0.6416906039582101 0.6460773798442762 -0.4133003605675932
v -0.1482760000000000 -0.1484760000000000 0.0293650000000000
vn -0.8929801352931889 0.3693846459368712 -0.2571798229213372
v -0.1368460000000000 -0.1398300000000000 0.0165760000000000
vn -0.7426209027735586 0.0502299027638630 -0.6678256895568766
v -0.1354070000000000 -0.2254720000000000 -0.0328570000000000
vn -0.6096480772948658 0.0656931294678714 -0.7899453364577772
v -0.1474870000000000 -0.2350400000000000 -0.0231560000000000
vn -0.6467050174221716 -0.1135595726441251 -0.7542392484496364
v -0.1436470000000000 -0.2493520000000000 -0.0252270000000000
vn 0.3215641283873478 0.5315244065124989 0.7836314928689513
v -0.0478760000000000 -0.1571110000000000 0.0754970000000000
vn 0.2022210709952285 0.9346186049769877 0.2925657219778353
v -0.1557030000000000 -0.1406670000000000 0.0802570000000000
vn -0.1669961252902257 0.9792577681390879 -0.1147454473053451
v -0.1520870000000000 -0.1388140000000000 0.0549430000000000
vn -0.1534819429453101 0.5003488356032793 -0.8521116921508443
v -0.1955900000000000 -0.1798570000000000 0.0161550000000000
vn -0.0774039466811580 0.6715718762194268 -0.7368852313008447
v -0.1740020000000000 -0.1600780000000000 0.0304030000000000
vn -0.3334990769116372 0.6130945397593752 -0.7161657985524900
v -0.1629920000000000 -0.1722060000000000 0.0165370000000000
vn -0.4437424011377928 0.0325670439032752 -0.8955624317063933
v -0.2043010000000000 -0.2074440000000000 0.0096930000000000
vn -0.2996674370337335 0.4151216326052132 -0.8589956096074157
v -0.1781370000000000 -0.1957300000000000 0.0039520000000000
vn 0.3427061929276521 0.4338110935991928 0.8332829053804640
v -0.1800180000000000 -0.1659440000000000 0.1275970000000000
vn 0.4148939264386804 0.6153939233717217 0.6701890396607917
v -0.1743600000000000 -0.1565250000000000 0.1174000000000000
vn 0.3790364754131157 0.4237940385721268 0.8226359846111334
v -0.2040420000000000 -0.1488800000000000 0.1303700000000000
vn 0.1351669916437379 0.2866288176031156 0.9484586471161628
v -0.0475710000000000 -0.0736860000000000 0.0399100000000000
vn -0.0965203279937932 0.3604233211644884 0.9277816854436881
v -0.0727360000000000 -0.0729460000000000 0.0419440000000000
vn 0.4641758958231824 0.4508447523000013 0.7624170427399276
v -0.0216520000000000 -0.1973270000000000 0.0891110000000000
vn 0.2043761109093518 0.5224406579879490 0.8278201279086462
v -0.0686400000000000 -0.1462710000000000 0.0747820000000000
vn -0.0822918637099080 0.6127547991335830 0.7859768478179955
v -0.1066920000000000 -0.1375130000000000 0.0709770000000000
vn -0.6898643322306244 -0.3891328578428139 -0.6104611552450155
v -0.1385730000000000 -0.2775430000000000 -0.0189290000000000
vn -0.6796628885905746 -0.5617424272386665 -0.4717030880890306
v -0.1934160000000000 -0.2565230000000000 0.0232080000000000
vn -0.6335259246130096 -0.4787203404905030 -0.6078418696041661
v -0.1903310000000000 -0.2510310000000000 0.0148050000000000
vn -0.6033418371502105 -0.2778734078361091 -0.7475058506538635
v -0.1815540000000000 -0.2441770000000000 0.0030730000000000
vn 0.3342676933666477 0.4064722121328403 0.8503207923690776
v -0.0324790000000000 -0.1430980000000000 0.0615060000000000
vn 0.3607936830144199 0.2993484697679635 0.8832997293922765
v -0.0034810000000000 -0.1451500000000000 0.0501010000000000
vn -0.0526547705188246 0.0124633311075449 0.9985349971429712
v 0.0182330000000000 0.0500370000000000 0.0216290000000000
vn 0.0958206591286786 0.4161074421707228 0.9042527289725391
v -0.0741510000000000 -0.1154460000000000 0.0604470000000000
vn -0.0183449838480977 0.2635414758869051 0.9644736139755017
v -0.0614240000000000 -0.0575050000000000 0.0368830000000000
vn -0.2382050327732325 0.2832171385008467 0.9290029143231444
v -0.0860360000000000 -0.0672010000000000 0.0368320000000000
vn -0.2403579602170344 0.5266042946168126 0.8154237964711575
v -0.1001640000000000 -0.1119610000000000 0.0571070000000000
vn -0.1065748260425850 0.4811785947444772 0.8701200873521555
v -0.0884220000000000 -0.1117840000000000 0.0588750000000000
vn -0.4445726649490942 0.3986231309250798 0.8021563096252171
v -0.1006670000000000 -0.0765580000000000 0.0342110000000000
vn -0.7156040092283934 0.6253515985532999 0.3112013498734892
v -0.1220790000000000 -0.1155990000000000 0.0444560000000000
vn -0.5742639909998333 0.5717050344514758 0.5859814179850588
v -0.1103640000000000 -0.1094780000000000 0.0509740000000000
vn -0.9310266325050405 0.2234174735408777 0.2885724208633522
v -0.1220760000000000 -0.0913850000000000 0.0110180000000000
vn -0.8701496771550711 0.4326975869299879 0.2358226825644454
v -0.1253110000000000 -0.1110340000000000 0.0274350000000000
vn -0.9636907420572919 0.2644546760935146 -0.0369307184514504
v -0.1316490000000000 -0.1249740000000000 0.0101520000000000
vn -0.8585335152763114 0.5103564597400142 -0.0495629614625575
v -0.1351490000000000 -0.1314120000000000 0.0273400000000000
vn -0.4524381032339088 0.3709021398356533 0.8110063904849557
v -0.0215280000000000 0.1102930000000000 -0.0040590000000000
vn -0.2037396627619857 0.8104350814283349 0.5492587082676799
v -0.0417610000000000 0.0976750000000000 0.0014210000000000
vn -0.1981827379989661 0.5792570099518688 0.7906863592985868
v -0.0324610000000000 0.0936100000000000 0.0087100000000000
vn -0.1044148394462180 0.4726006903994432 0.8750692136839178
v 0.0058800000000000 0.0998530000000000 0.0135540000000000
vn -0.0535883931924326 0.1662067619466629 0.9846337371826432
v 0.0294630000000000 0.0641250000000000 0.0224620000000000
vn -0.1837291713194718 0.3897567087202973 0.9024041775245621
v 0.1532740000000000 0.0356970000000000 0.0386730000000000
vn 0.2434690849645192 0.3621874483358233 0.8997461069293522
v -0.0523330000000000 -0.1206340000000000 0.0583300000000000
vn 0.2466908202404782 0.2849989267344780 0.9262393054547381
v -0.0307740000000000 -0.0970770000000000 0.0439190000000000
vn 0.2602218900382240 0.2274250830059346 0.9383828640617209
v -0.0046430000000000 -0.1154750000000000 0.0414250000000000
vn 0.0631035333246139 0.0731700544273308 0.9953210975444311
v 0.0159730000000000 0.0072600000000000 0.0208230000000000
vn -0.2266667780950969 0.0869507563128090 0.9700833663580768
v 0.0821390000000000 -0.0589470000000000 0.0325530000000000
vn -0.2673057874962513 0.1923815103807844 0.9442123545233969
v 0.1085630000000000 -0.2303480000000000 0.0662310000000000
vn 0.3822516852476009 0.3586570095305266 0.8516154053561906
v 0.0211760000000000 -0.1785910000000000 0.0517470000000000
vn -0.2240387734750405 0.5670951508437457 0.7925968192399643
v 0.1852340000000000 0.0486740000000000 0.0391130000000000
vn -0.1129513773933950 0.2567967068479832 0.9598424025312520
v 0.1371830000000000 0.0399980000000000 0.0345020000000000
vn 0.0627543652837149 0.4214841411903371 0.9046618198878972
v 0.0916850000000000 0.0691190000000000 0.0263020000000000
vn -0.0803601263228360 0.1446268069616470 0.9862176924013564
v 0.0845380000000000 0.0529320000000000 0.0301870000000000
vn -0.1166021454329624 0.1822538253898961 0.9763132093806678
v 0.0640500000000000 -0.1600370000000000 0.0355280000000000
vn -0.0685158550441069 0.2970272657259229 0.9524076758526029
v 0.0593670000000000 0.0715180000000000 0.0228460000000000
vn -0.1225221604705965 0.1252370774607668 0.9845323735777829
v 0.0582170000000000 0.0595860000000000 0.0252220000000000
vn 0.4569672321504425 0.1211160289551544 0.8811991013788529
v 0.2176480000000000 -0.0817810000000000 0.0621520000000000
vn 0.5726001684968466 0.0984633338613638 0.8139004969419104
v 0.2251570000000000 -0.0881040000000000 0.0588340000000000
vn 0.9672558060924437 -0.1665333446698498 0.1915276760510872
v 0.2522440000000000 -0.0297980000000000 0.0141920000000000
vn 0.9386358545353618 -0.0321574910677929 -0.3434073795783892
v 0.2469730000000000 -0.0941340000000000 -0.0156050000000000
vn -0.3442457981876543 0.1617883096771755 0.9248347816134227
v 0.1314010000000000 -0.0464470000000000 0.0467290000000000
vn -0.1525342555959181 0.0512558686447820 0.9869681538931578
v 0.0649620000000000 -0.1094530000000000 0.0323660000000000
vn 0.1341419159372416 0.1407948369078260 0.9809091498649529
v 0.0355910000000000 -0.1331840000000000 0.0324550000000000
vn -0.0114906925403703 0.0717889047757186 0.9973536570023922
v 0.0394410000000000 -0.0917750000000000 0.0288480000000000
vn 0.1663390577269114 0.1806252815805905 0.9693842507119949
v -0.0138380000000000 -0.0805230000000000 0.0360020000000000
vn 0.1847698848340527 0.1536355225239374 0.9706988286163776
v 0.0054280000000000 -0.0890730000000000 0.0336960000000000
vn 0.1507704577647624 0.1183210472634818 0.9814623776996636
v 0.0291660000000000 -0.0897940000000000 0.0292940000000000
vn 0.1252963268022882 0.1257477972815860 0.9841180427005102
v -0.0126940000000000 -0.0382850000000000 0.0296760000000000
vn 0.0728276884610981 0.1474140602837665 0.9863899951966603
v -0.0358370000000000 -0.0435740000000000 0.0327740000000000
vn -0.1115302813384141 0.1763232780812531 0.9779934038383160
v -0.0707060000000000 -0.0451290000000000 0.0339540000000000
vn -0.4170912986180357 0.0205172059705418 0.9086329802930790
v -0.0976090000000000 -0.0321830000000000 0.0251700000000000
vn -0.6391469831723624 -0.0238207635528633 0.7687156204510394
v -0.1096090000000000 -0.0426150000000000 0.0180020000000000
vn -0.9795250450039399 -0.0924812561590559 0.1788236658534677
v -0.1316140000000000 -0.0587840000000000 -0.0237280000000000
vn -0.9066810823571052 -0.0747146128557009 0.4151471323778724
v -0.1249020000000000 -0.0568090000000000 -0.0034310000000000
vn -0.0363790229627022 0.0872186959872684 0.9955247188084080
v 0.0329070000000000 -0.0215950000000000 0.0229960000000000
vn -0.0562874771331684 -0.0087726195142457 0.9983760619450175
v 0.0306600000000000 0.0130430000000000 0.0202230000000000
vn 0.2991208781039432 0.3012382152607904 -0.9054182668517461
v -0.1014810000000000 0.0884400000000000 -0.0803010000000000
vn 0.5100361969661059 0.3789795967672228 -0.7721641943385518
v -0.0893440000000000 0.0882590000000000 -0.0735430000000000
vn 0.2497349541900387 0.1639187847726510 -0.9543390826401046
v 0.1088790000000000 -0.2073360000000000 -0.1369160000000000
vn 0.3157631050273904 0.1355205277255424 -0.9391101362824553
v 0.1218580000000000 -0.2741020000000000 -0.1467260000000000
vn 0.1180922474660478 0.1604473967445540 -0.9799545162742572
v 0.0998990000000000 -0.4786680000000000 -0.1830820000000000
vn 0.0574648982547981 0.0714366494624190 0.9957884266158898
v -0.0100200000000000 0.0209630000000000 0.0221560000000000
vn -0.0095991881346731 0.0791734484817474 0.9968146370527788
v -0.0070130000000000 0.0476330000000000 0.0203850000000000
vn -0.3060700550828401 0.1530157560157123 -0.9396314702012313
v 0.0209340000000000 -0.4669990000000000 -0.1723910000000000
vn -0.0629431074243132 0.2668262591081651 0.9616870138865938
v -0.0289870000000000 0.0748230000000000 0.0166150000000000
vn 0.0201673018936035 0.3154409676471064 0.9487308764155351
v -0.0793220000000000 0.0653530000000000 0.0237210000000000
vn -0.2835411652600997 0.0671240524269481 0.9566079495742910
v -0.1046640000000000 0.0426950000000000 0.0247350000000000
vn -0.1768766923683871 0.1778543631290153 0.9680301964364496
v -0.1163720000000000 0.0726170000000000 0.0164870000000000
vn -0.6157301462181566 -0.0711604322585023 0.7847372680833699
v -0.1290400000000000 0.0402010000000000 0.0132310000000000
vn -0.9752674506198040 -0.2177128604408222 -0.0381380408545488
v -0.1495710000000000 0.0329120000000000 -0.0354370000000000
vn -0.9405652913946632 -0.1991717998930271 0.2750773104984204
v -0.1477380000000000 0.0313010000000000 -0.0214650000000000
vn -0.8602200109984349 -0.1981751056695885 0.4698384404991782
v -0.1414210000000000 0.0194370000000000 -0.0104400000000000
vn 0.0314671112509061 0.0822074479181679 0.9961183445837671
v -0.0493880000000000 -0.0067290000000000 0.0300260000000000
vn -0.1686966777172771 0.0842242428668444 0.9820629856789532
v -0.0778780000000000 -0.0276070000000000 0.0308890000000000
vn -0.2803118714680757 -0.0204611380042684 0.9596908859344425
v -0.1024800000000000 0.0169880000000000 0.0254910000000000
vn -0.2182816331069084 -0.0037561154940068 0.9758785888852038
v -0.0916450000000000 0.0146430000000000 0.0282150000000000
vn -0.8423120268014657 -0.1680872078854456 0.5121104764119574
v -0.1377140000000000 0.0275450000000000 0.0001470000000000
vn -0.8095215331374626 -0.0507502901525614 0.5848925503339933
v -0.1191340000000000 -0.0469910000000000 0.0071090000000000
vn -0.7930932080825449 -0.0998702317342201 0.6008569714222265
v -0.1192890000000000 -0.0237810000000000 0.0112460000000000
vn -0.5737628903640059 -0.0926544792306575 0.8137636592522657
v -0.1142610000000000 -0.0171190000000000 0.0166000000000000
vn -0.8737420972006371 -0.0893902899100533 0.4781047203795722
v -0.1284370000000000 -0.0320750000000000 -0.0037500000000000
vn -0.1546537775027260 0.0092610635222394 0.9879253219786273
v 0.0756760000000000 0.0387380000000000 0.0301710000000000
vn -0.2937346111784907 0.1050360150418157 0.9500986336901850
v 0.1189690000000000 -0.0087490000000000 0.0371890000000000
vn -0.2472512867318865 0.1719898349852826 0.9535650464814457
v 0.1370670000000000 0.0095490000000000 0.0398580000000000
vn -0.1182562431451681 0.1271860579885370 0.9848041265198514
v 0.1230500000000000 0.0292610000000000 0.0343430000000000
vn 0.1404749859581381 0.0737903852185826 0.9873306221167022
v 0.2019610000000000 -0.0342140000000000 0.0633960000000000
vn 0.3949278696221869 0.0291265438991479 0.9182503047841433
v 0.2156210000000000 -0.0324720000000000 0.0596840000000000
vn 0.5212984077731616 0.0322701782396522 0.8527640973033208
v 0.2284770000000000 -0.0474840000000000 0.0536640000000000
vn 0.6057938905690528 0.0112209039474274 0.7955424900429977
v 0.2349740000000000 -0.0245250000000000 0.0471320000000000
vn 0.9335342388066185 0.0142030565607610 0.3582067812871209
v 0.2457530000000000 -0.0901340000000000 0.0342410000000000
vn 0.9511299305821369 -0.0917603814456515 0.2948421400474634
v 0.2501110000000000 -0.0300220000000000 0.0227050000000000
vn 0.8024909903101185 -0.0272204657964104 0.5960429990469747
v 0.2425550000000000 -0.0073900000000000 0.0402090000000000
vn 0.8186485859641601 -0.0046442689967840 0.5742759993804084
v 0.2438630000000000 -0.0321500000000000 0.0363940000000000
vn 0.9497631307453663 -0.0631691585366098 -0.3065283883860302
v 0.2498140000000000 -0.0438020000000000 -0.0126340000000000
vn 0.9279618121348980 -0.0381073517750314 -0.3707218700859314
v 0.2462840000000000 -0.0502390000000000 -0.0214090000000000
vn 0.8357674145928304 -0.0673541227946964 -0.5449369237328048
v 0.2417480000000000 -0.0262860000000000 -0.0325110000000000
vn 0.6526159532370319 -0.0242250338092968 -0.7573015022548539
v 0.2329960000000000 -0.0215330000000000 -0.0436270000000000
vn 0.6710856637951292 0.0085466652220271 -0.7413305513482049
v 0.2223440000000000 -0.0382510000000000 -0.0530430000000000
vn 0.7782858236688633 -0.0397046234201143 -0.6266535881610714
v 0.2342530000000000 -0.0612640000000000 -0.0399980000000000
vn 0.0685794133136757 0.2129112378615308 -0.9746618228194960
v 0.0947990000000000 -0.0352490000000000 -0.1170900000000000
vn 0.2672400656580684 0.1074923641754214 -0.9576158618940320
v 0.1129170000000000 -0.0788410000000000 -0.1200930000000000
vn -0.1992050920856349 0.0166606116113761 -0.9798161844488428
v -0.0483330000000000 -0.1033140000000000 -0.1212330000000000
vn -0.7974948526621898 -0.2326805549484546 -0.5566522427208854
v -0.1076240000000000 -0.2765520000000000 -0.0547070000000000
vn 0.4706724240377297 0.1310363397076174 -0.8725233217092123
v 0.1338780000000000 -0.0581300000000000 -0.1087280000000000
vn -0.4091289909488374 -0.7446431854040639 0.5273708327130681
v -0.0715780000000000 -0.3734340000000000 0.0525100000000000
vn -0.4010945418396288 -0.4052396343563558 0.8215254148553076
v -0.0406890000000000 -0.4003620000000000 0.0387800000000000
vn -0.2725443809315373 -0.3467733169561948 0.8974785942126104
v -0.0258190000000000 -0.3970420000000000 0.0459180000000000
vn -0.7869910635937667 0.1703083422108616 -0.5929925247395114
v -0.1379880000000000 -0.2051480000000000 -0.0260560000000000
vn -0.7569105009834195 -0.1061986194238410 -0.6448320298601018
v -0.1066200000000000 -0.1351580000000000 -0.0868780000000000
vn 0.1495099142990245 0.5999999774716986 0.7859050913184488
v -0.0903560000000000 -0.1704770000000000 0.0989490000000000
vn 0.0357859535503454 0.5657261272085612 0.8238163111532177
v -0.0917010000000000 -0.1437290000000000 0.0761250000000000
vn 0.0601419278409336 0.6893317105233892 0.7219451096741872
v -0.1105110000000000 -0.1508120000000000 0.0833200000000000
vn 0.0682037193380046 0.7930410575291325 0.6053380326243659
v -0.1303880000000000 -0.1456760000000000 0.0793360000000000
vn -0.1288317043590212 0.9241930184063938 0.3595408970907606
v -0.1351700000000000 -0.1393640000000000 0.0690960000000000
vn -0.2872908213201504 0.9277675628391474 0.2381414145601353
v -0.1401210000000000 -0.1356270000000000 0.0539480000000000
vn -0.1857639333379626 0.7710152474892580 -0.6091200614081653
v -0.1613260000000000 -0.1510620000000000 0.0369090000000000
vn -0.4705593999459592 0.1000363589834855 -0.8766792902788488
v -0.1787320000000000 -0.2157930000000000 -0.0021210000000000
vn -0.4313735035998517 0.3293721663857642 -0.8398993251588770
v -0.1594870000000000 -0.2077900000000000 -0.0084280000000000
vn -0.5898756202714918 -0.0444131415537552 -0.8062718061960550
v -0.1742750000000000 -0.2322020000000000 -0.0047690000000000
vn -0.5260943270479023 0.1072762238267679 -0.8436329597932291
v -0.1638920000000000 -0.2270220000000000 -0.0111830000000000
vn 0.3849041331991806 0.5113779107105749 0.7683368015938550
v -0.0376820000000000 -0.1818870000000000 0.0888120000000000
vn 0.4194502932858661 0.4731918058052135 0.7746941114925310
v -0.0276890000000000 -0.1627540000000000 0.0694990000000000
vn 0.4693072663246204 0.4309990304869089 0.7707078081181327
v -0.0015590000000000 -0.1835990000000000 0.0670240000000000
vn 0.4102170141241185 0.3996359653191823 0.8197640493132753
v -0.0072820000000000 -0.1652800000000000 0.0601530000000000
vn 0.4209630469920955 0.3675822951094153 0.8292607366740725
v 0.0309490000000000 -0.2115320000000000 0.0610410000000000
vn 0.3302895464834296 -0.1606385648562639 0.9301097069511157
v 0.0467100000000000 -0.3183960000000000 0.0815810000000000
vn 0.2788953727054331 -0.3445990507826254 0.8963642481063214
v 0.0405050000000000 -0.3380020000000000 0.0787510000000000
vn 0.2211718327459969 -0.4225614681246901 0.8789339144987427
v 0.0326720000000000 -0.3583520000000000 0.0711910000000000
vn -0.0056748603385394 0.4852237879300026 0.8743715866763958
v -0.0510420000000000 0.0822870000000000 0.0139180000000000
vn 0.0922582748899061 0.7344849048747571 0.6723245758006005
v -0.0669360000000000 0.0931990000000000 0.0069330000000000
vn 0.1642783845883953 0.3694359794081852 0.9146199590407714
v -0.0916540000000000 0.0909200000000000 0.0115220000000000
vn 0.4133463044711654 0.8117633366795762 -0.4125349897922255
v -0.0600740000000000 0.0920000000000000 -0.0411820000000000
vn 0.6784791341380380 0.3640475943480816 -0.6380716367216718
v -0.0962460000000000 0.1201850000000000 -0.0624900000000000
vn 0.6445125786058814 0.4741765905629990 -0.5998000474998711
v -0.0817240000000000 0.0932480000000000 -0.0632670000000000
vn -0.9076410272000812 0.4116964543611499 0.0818156171500209
v 0.0678600000000000 0.1192580000000000 -0.0273140000000000
vn -0.5947359669355791 0.7475298840036201 0.2957840464844855
v 0.0645630000000000 0.1116100000000000 -0.0197820000000000
vn -0.2196716588119073 -0.0196873194777875 0.9753751953820666
v 0.0970520000000000 0.1268810000000000 0.0015540000000000
vn -0.5267414159575615 0.1590665186178259 0.8350097744157418
v 0.0836970000000000 0.1208390000000000 -0.0042190000000000
vn -0.7914741245267629 0.3182548457319880 0.5218070173662890
v 0.0732200000000000 0.1246990000000000 -0.0146850000000000
vn 0.2353972347221510 -0.1595169047563413 0.9587191971490511
v 0.1192710000000000 0.1337730000000000 0.0028180000000000
vn 0.1271586270352641 -0.0222852130729200 0.9916320148365527
v 0.1072090000000000 0.1201960000000000 0.0027420000000000
vn 0.0547162893663300 0.9918692436152640 0.1148979166393544
v 0.0609540000000000 0.1100370000000000 -0.0132470000000000
vn 0.0307733955803793 0.8066271758366750 0.5902589239699840
v 0.0666360000000000 0.1039490000000000 0.0053290000000000
vn 0.0260906804446812 0.4449813363749538 0.8951596989766093
v 0.0583620000000000 0.0892070000000000 0.0165970000000000
vn 0.2291804091377462 0.7585537950025810 0.6099774423326141
v 0.0322770000000000 0.1151320000000000 -0.0015090000000000
vn 0.0802819318040070 0.5264200717394866 0.8464258499689211
v 0.0301900000000000 0.1026140000000000 0.0118010000000000
vn -0.1181970793762626 0.0532015741744418 0.9915639378942150
v -0.0106440000000000 0.1305980000000000 -0.0010230000000000
vn -0.3124811944092954 0.8375953363747373 0.4480954760135734
v 0.1812510000000000 0.0674640000000000 0.0203310000000000
vn -0.2549459946077137 0.6307091386701723 -0.7329451017855383
v 0.1823800000000000 0.0527880000000000 -0.0216440000000000
vn -0.2434097234199321 0.4324782635824032 -0.8681671832506580
v 0.2004050000000000 0.0383720000000000 -0.0391230000000000
vn -0.0306955425566618 0.4478291044579930 -0.8935921199672164
v 0.1993730000000000 0.0177870000000000 -0.0490820000000000
vn 0.4175822768206430 0.1658272111582638 -0.8933791905595073
v 0.2231190000000000 0.0054750000000000 -0.0489350000000000
vn 0.9323595373903981 -0.1322606968714957 -0.3364710999480180
v 0.2511120000000000 -0.0198890000000000 -0.0162960000000000
vn 0.9890586871753236 -0.1418300524711399 0.0405850901078074
v 0.2554100000000000 -0.0142860000000000 0.0031150000000000
vn 0.8168043115718375 -0.1574478884887435 0.5550143052283364
v 0.2516270000000000 0.0096360000000000 0.0274490000000000
vn 0.9244704094412071 -0.2179145417957045 0.3128381603026958
v 0.2572320000000000 0.0074700000000000 0.0142020000000000
vn 0.1164699115678791 0.1676724719066043 0.9789385587788947
v 0.2206130000000000 0.0380850000000000 0.0468470000000000
vn -0.0102235943333477 0.4898605822263650 0.8717408376918876
v 0.1478840000000000 0.0541510000000000 0.0290710000000000
vn -0.0372303568920063 0.9978346506195406 0.0542209419751572
v 0.1659660000000000 0.0681950000000000 0.0077230000000000
vn 0.2743470101207183 0.9583214706672867 0.0797099548106222
v 0.1444410000000000 0.0716210000000000 0.0079910000000000
vn 0.1237189807002548 0.7574210978655864 0.6410981939785666
v 0.1437570000000000 0.0654850000000000 0.0205660000000000
vn -0.8979328355085392 -0.2008480252267345 -0.3916333664004071
v -0.1516200000000000 0.0573580000000000 -0.0597220000000000
vn -0.9506180958823596 -0.2105885777268369 -0.2279861546497621
v -0.1493400000000000 0.0415990000000000 -0.0554420000000000
vn -0.9647542990880978 -0.1936345462420221 -0.1781987791559725
v -0.1462930000000000 0.0247610000000000 -0.0517570000000000
vn -0.5561403401236403 0.0426268211362873 -0.8299945037209442
v -0.1275210000000000 0.0563490000000000 -0.0851480000000000
vn -0.6214344341482383 0.0028252028622228 -0.7834610789845569
v -0.1297670000000000 0.0301830000000000 -0.0844790000000000
vn -0.8505997021955386 -0.1223402435759675 -0.5113834289714854
v -0.1413530000000000 0.0352020000000000 -0.0712210000000000
vn -0.1580944638415981 0.1723521294824458 -0.9722658504573242
v -0.1142470000000000 0.0747440000000000 -0.0862870000000000
vn -0.1752224910617405 0.1377033383908100 -0.9748512036316848
v -0.1173240000000000 0.0600990000000000 -0.0884540000000000
vn 0.1685474238295520 0.3542640037840543 -0.9198308439834538
v -0.0808130000000000 0.0510740000000000 -0.0884200000000000
vn 0.2182394432189724 0.2899932747731578 -0.9318129887535443
v -0.1005690000000000 0.0662820000000000 -0.0877420000000000
vn -0.7687902253922225 0.4414671237109721 -0.4626752295333488
v -0.0447540000000000 0.0832980000000000 -0.0542630000000000
vn -0.4536718006002859 0.5181093388925606 -0.7250824851645559
v -0.0413490000000000 0.0691250000000000 -0.0694780000000000
vn 0.5133622927743581 0.6144243708726262 -0.5991175584434423
v -0.0695680000000000 0.0868780000000000 -0.0561380000000000
vn 0.3129063152758253 0.5525377503364428 -0.7725229267236337
v -0.0710530000000000 0.0647820000000000 -0.0760900000000000
vn 0.0161137147674267 0.3771542504852177 -0.9260102696716315
v 0.0680740000000000 0.0258030000000000 -0.0983670000000000
vn 0.0382898575424758 0.2937873142797702 -0.9551036073524466
v 0.0733640000000000 -0.0044620000000000 -0.1092320000000000
vn 0.4543796761077017 0.1691706332164953 -0.8745972826377807
v 0.1247530000000000 -0.0205750000000000 -0.1076350000000000
vn 0.5471338047546791 0.1825136495319317 -0.8169047480760556
v 0.1427860000000000 -0.0371590000000000 -0.0992150000000000
vn 0.3344458220540749 0.5723383600998895 -0.7487154290307790
v 0.1703630000000000 0.0130390000000000 -0.0553790000000000
vn 0.2599578613846922 0.6935764093134048 -0.6718434897714061
v 0.1622850000000000 0.0468070000000000 -0.0239600000000000
vn 0.1725367682519068 -0.3675882971185063 0.9138434808120615
v 0.1286340000000000 -0.3395010000000000 0.0666040000000000
vn 0.0598014357251147 -0.1540970589254968 0.9862443331729348
v 0.1054930000000000 -0.3265790000000000 0.0728830000000000
vn 0.4359293921662220 0.1503137235672538 -0.8873394781891175
v 0.2141380000000000 -0.0134500000000000 -0.0557510000000000
vn 0.4712993733749420 0.0923589164878430 -0.8771241253104253
v 0.1341310000000000 -0.1608020000000000 -0.1209980000000000
vn 0.5678493908668490 0.0651984723936809 -0.8205462988093232
v 0.1876880000000000 -0.0997060000000000 -0.0802680000000000
vn 0.0281984467856480 0.1180577875512250 -0.9926062695738864
v 0.0429700000000000 -0.1460950000000000 -0.1349820000000000
vn 0.0866147444306094 0.1166381805159606 -0.9893904289476155
v 0.0384560000000000 -0.0728950000000000 -0.1299530000000000
vn -0.0015654336206030 0.0641509259759783 -0.9979389801556025
v 0.0302570000000000 -0.0806530000000000 -0.1312500000000000
vn -0.2415901844994465 0.0346052554513449 -0.9697611350475283
v -0.0347160000000000 -0.1598030000000000 -0.1253770000000000
vn -0.2777840564422555 0.0478407382283783 -0.9594515525821248
v -0.0290090000000000 -0.1903030000000000 -0.1287530000000000
vn -0.1389131292108142 0.0475437752534915 -0.9891626418175654
v -0.0111710000000000 -0.1223450000000000 -0.1246460000000000
vn -0.2319442381372261 0.1144897380696543 -0.9659678929817924
v -0.0054550000000000 -0.2011770000000000 -0.1347410000000000
vn -0.1786881811663635 0.0700747006560482 -0.9814071888056569
v -0.0135150000000000 -0.0759390000000000 -0.1226900000000000
vn -0.2039340958710280 0.0336064059784195 -0.9784076318275936
v 0.0030550000000000 -0.1251410000000000 -0.1274730000000000
vn -0.1853461764625718 0.0113114856997791 -0.9826081849658941
v 0.0114110000000000 -0.0973860000000000 -0.1295060000000000
vn -0.1733126593765836 0.1204269385331484 -0.9774763805715971
v 0.0079470000000000 -0.1712410000000000 -0.1325750000000000
vn -0.1129641955904851 0.0766242164319523 -0.9906401061792238
v 0.0297150000000000 -0.1402940000000000 -0.1340370000000000
vn -0.1219811068688590 0.1276814274566630 -0.9842855595047998
v 0.0305520000000000 -0.1810710000000000 -0.1383940000000000
vn -0.2771821783809690 0.0779551596484129 -0.9576497444641079
v 0.0014230000000000 -0.2435410000000000 -0.1409120000000000
vn 0.1737330485570761 0.1930924375687388 -0.9656770362770503
v 0.0574230000000000 -0.0451260000000000 -0.1226570000000000
vn 0.1094860353305929 0.1512704869858598 -0.9824103255944784
v 0.0756020000000000 -0.0585970000000000 -0.1223760000000000
vn 0.1237371002119547 0.1086988375417483 -0.9863435977123841
v 0.0930040000000000 -0.1316060000000000 -0.1281770000000000
vn 0.1218928213251056 0.1751905106445104 -0.9769597868333793
v 0.0887450000000000 -0.2055650000000000 -0.1399650000000000
vn 0.5007999466567723 0.1069947618319047 -0.8589246383525786
v 0.1462800000000000 -0.1115340000000000 -0.1074890000000000
vn 0.4240076390286608 0.1150669648769951 -0.8983190500258453
v 0.1268900000000000 -0.0767610000000000 -0.1147650000000000
vn 0.5194408720156535 0.1032141805036073 -0.8482499710713737
v 0.1653560000000000 -0.0863220000000000 -0.0924520000000000
vn 0.5955444629045238 0.0824561962152650 -0.7990793254799377
v 0.1880940000000000 -0.1632280000000000 -0.0860550000000000
vn 0.6505301200089517 0.0566878972665925 -0.7573618984769640
v 0.1997790000000000 -0.1328840000000000 -0.0745750000000000
vn 0.6559851104541614 0.0224112755395789 -0.7544410312218780
v 0.2132140000000000 -0.0826730000000000 -0.0608550000000000
vn 0.4540868931472758 0.1420980231100907 -0.8795528666885570
v 0.1943750000000000 -0.0413680000000000 -0.0709460000000000
vn 0.5479532661636479 0.0732294582951603 -0.8332974646177606
v 0.2117150000000000 -0.0414510000000000 -0.0612340000000000
vn 0.5544063207691758 0.0611080230677108 -0.8299996632577280
v 0.2022760000000000 -0.0738430000000000 -0.0688590000000000
vn 0.6894026701609510 0.0072932227400666 -0.7243416095165421
v 0.2180260000000000 -0.1082320000000000 -0.0569730000000000
vn 0.9565101757987630 -0.0370138950077463 -0.2893410706584448
v 0.2493730000000000 -0.1177320000000000 -0.0049660000000000
vn 0.9975149377006006 -0.0346311998642859 -0.0613565730800450
v 0.2495960000000000 -0.1487770000000000 0.0050890000000000
vn 0.5871174228021273 -0.0601810506316435 0.8072616508834418
v 0.2164660000000000 -0.1993280000000000 0.0686430000000000
vn 0.9297396593504097 -0.1258057346323760 0.3460593633534459
v 0.2417220000000000 -0.1985260000000000 0.0336540000000000
vn 0.7553383109860782 -0.1877695911784734 0.6278587552828802
v 0.2224740000000000 -0.2450870000000000 0.0549950000000000
vn 0.6590376423987307 -0.1331871779047644 0.7402233186973290
v 0.2169950000000000 -0.2337760000000000 0.0638180000000000
vn 0.3045430158855718 -0.0992789451384042 0.9473105312026918
v 0.1936720000000000 -0.2422000000000000 0.0769840000000000
vn 0.4508288075791316 0.0640319718940864 -0.8903107844074075
v 0.1279430000000000 -0.2735840000000000 -0.1439980000000000
vn 0.1959929241383654 0.0820167387030540 -0.9771693958880454
v 0.1063400000000000 -0.2756400000000000 -0.1511110000000000
vn 0.5619829577100947 0.0923767477365899 -0.8219742646342552
v 0.1472860000000000 -0.2752180000000000 -0.1328360000000000
vn 0.9793133063522823 -0.1809138373267934 -0.0906401206147437
v 0.2329430000000000 -0.2821440000000000 -0.0226650000000000
vn 0.4766473254388822 -0.2441153189947027 0.8445205966606586
v 0.1979300000000000 -0.2732820000000000 0.0692860000000000
vn 0.9600551338663188 -0.2106203067069219 -0.1842097346494121
v 0.2238870000000000 -0.3178330000000000 -0.0368050000000000
vn 0.9215767994670706 -0.3457565084912939 0.1764897717147951
v 0.2228640000000000 -0.3228680000000000 0.0009190000000000
vn -0.6298992878099907 -0.5706697589666807 -0.5268423990316051
v -0.1723530000000000 -0.2763220000000000 0.0188100000000000
vn -0.6649224601826091 -0.6657394778613408 -0.3386282173145291
v -0.1850060000000000 -0.2734960000000000 0.0333690000000000
vn -0.7434476416186809 -0.6168331456678147 -0.2584617468353291
v -0.2072940000000000 -0.2554740000000000 0.0472060000000000
vn -0.7351177193723766 -0.6758849953162516 -0.0527390914892041
v -0.2076740000000000 -0.2587120000000000 0.0610470000000000
vn 0.7766101538456049 0.5794541804046801 0.2472034015855086
v -0.0785500000000000 0.1130440000000000 -0.0153480000000000
vn 0.7758550852964586 0.3358676444191517 0.5340803423193512
v -0.0898890000000000 0.1237070000000000 -0.0024470000000000
vn 0.4938184258773755 0.5515982671212292 0.6722222206776924
v -0.0825260000000000 0.1018670000000000 0.0032430000000000
vn 0.1767349934947964 0.0039512566348028 0.9842505421107981
v -0.1063000000000000 0.1038370000000000 0.0131560000000000
vn -0.0215336882544964 0.2251484626194176 0.9740864797595082
v -0.1041920000000000 0.0852410000000000 0.0140430000000000
vn -0.0570317564909152 0.0224807028799816 0.9981192297263805
v -0.1221420000000000 0.0852990000000000 0.0137750000000000
vn -0.8201903944688071 -0.1833817993680277 0.5419029733094723
v -0.1494970000000000 0.0764870000000000 -0.0012670000000000
vn -0.6159899065042049 -0.0805840305288983 0.7836214960736201
v -0.1414420000000000 0.0765130000000000 0.0062210000000000
vn -0.4115817420455324 -0.1104845211443260 0.9046511151832366
v -0.1327700000000000 0.0818330000000000 0.0116630000000000
vn -0.8890850819824142 -0.3458674306721203 0.2998390191362520
v -0.1606390000000000 0.0861800000000000 -0.0167680000000000
vn -0.9366519511329272 -0.3241598329046291 0.1326782769338050
v -0.1620990000000000 0.0790930000000000 -0.0326250000000000
vn -0.9220661562291370 -0.2234332650566677 -0.3160246503090252
v -0.1682770000000000 0.1037880000000000 -0.0444210000000000
vn -0.6243578260330508 -0.0941174135394487 -0.7754477529401496
v -0.1440970000000000 0.0765330000000000 -0.0744710000000000
vn -0.8515217288076400 -0.0895640819929912 -0.5166130278895420
v -0.1556970000000000 0.0823290000000000 -0.0620930000000000
vn -0.8005035484411710 -0.2774151711428352 -0.5312578392389944
v -0.1689030000000000 0.1266690000000000 -0.0568090000000000
vn 0.3996663029959181 0.2050295724849181 -0.8934370266875147
v -0.1214110000000000 0.1468260000000000 -0.0705590000000000
vn 0.1247249334265844 -0.5406061595898499 0.8319787684762441
v 0.0116660000000000 -0.3694680000000000 0.0697070000000000
vn -0.0540802291065650 -0.6086712838403517 0.7915772843177850
v -0.0068200000000000 -0.3861130000000000 0.0579350000000000
vn 0.4446150514616890 0.7118897296560212 0.5436271413606909
v -0.3338090000000000 -0.0201700000000000 0.1701380000000000
vn 0.3608456306677217 0.8587189250423181 0.3638574426917499
v -0.3337720000000000 -0.0135240000000000 0.1592170000000000
vn 0.1771907008891796 0.3104805660075108 -0.9339193078901715
v -0.1655560000000000 0.2913980000000000 -0.0387500000000000
vn 0.2878651624391310 0.1407952789065793 -0.9472646608480183
v -0.1888610000000000 0.3533900000000000 -0.0299420000000000
vn 0.0620445542814354 0.2675458562548068 -0.9615454685478479
v -0.1966900000000000 0.3829920000000000 -0.0237180000000000
vn 0.8458565530676773 0.3350722504990837 -0.4150340691773953
v -0.1578900000000000 0.3086750000000000 -0.0216850000000000
vn 0.7690175993368807 0.3379266844866247 -0.5426025136525059
v -0.1663890000000000 0.3324430000000000 -0.0211750000000000
vn 0.6873418550950058 0.1492714235024758 -0.7108299489752107
v 0.1860200000000000 -0.4986190000000000 -0.1433600000000000
vn -0.5083850469540676 0.1695079100582675 -0.8442817731428228
v -0.0129820000000000 -0.4654320000000000 -0.1574240000000000
vn -0.4254486754162152 -0.0161835498487887 -0.9048378403343218
v -0.0280710000000000 -0.2779860000000000 -0.1309020000000000
vn -0.1099470794878404 0.1677305167775712 -0.9796826595656490
v 0.0402880000000000 -0.2717840000000000 -0.1536750000000000
vn -0.2258981999444914 0.0055305714371147 -0.9741352144550661
v 0.0300930000000000 -0.2871450000000000 -0.1531510000000000
vn 0.0178724296862832 0.0978339935939728 -0.9950422533513656
v 0.0637710000000000 -0.2792720000000000 -0.1559490000000000
vn -0.3040366318288488 0.0898069318843956 0.9484178622799554
v -0.0007280000000000 -0.4747050000000000 0.0604770000000000
vn 0.6874698434065633 0.0077398837865371 0.7261716798426708
v 0.1962640000000000 -0.4051250000000000 0.0107580000000000
vn -0.7038833574108438 -0.0087906948713233 0.7102611793162553
v -0.0552290000000000 -0.4340300000000000 0.0252380000000000
vn -0.4528445803686342 0.0034115672253450 0.8915829446775115
v -0.0297090000000000 -0.4213000000000000 0.0437700000000000
vn -0.0605292331142853 0.1588689984817934 -0.9854424657279532
v 0.0669870000000000 -0.4962790000000000 -0.1863040000000000
vn 0.1489474504138837 0.1322655321295084 0.9799594308060420
v 0.0968200000000000 -0.4801190000000000 0.0631840000000000
vn 0.8854300194627931 -0.0025595730314112 0.4647656713011565
v 0.2096290000000000 -0.4018910000000000 -0.0063970000000000
vn 0.9484263229190363 0.0506565724265202 0.3129239870388219
v 0.2192680000000000 -0.3926150000000000 -0.0282180000000000
vn -0.9109664591318740 -0.0191420871128894 -0.4120360309944972
v -0.0736320000000000 -0.4152870000000000 -0.0838850000000000
vn 0.8993518008751342 -0.3868771064700192 0.2036969384945153
v 0.2119790000000000 -0.3481210000000000 -0.0072190000000000
vn 0.9977781236840314 0.0581584995949073 0.0325023817964601
v 0.2171090000000000 -0.3533930000000000 -0.0483770000000000
vn 0.9518180274800251 -0.1506580828520162 0.2671040707952413
v 0.2124060000000000 -0.3584340000000000 -0.0202830000000000
vn 0.9490060701719664 0.1384619211449505 0.2832238958308610
v 0.2152610000000000 -0.3689800000000000 -0.0289550000000000
vn 0.9965494018157514 -0.0261044092136267 -0.0787899077311039
v 0.2218720000000000 -0.3977410000000000 -0.0644550000000000
vn 0.6139143689759793 0.2156875049217069 -0.7593339501072461
v 0.1744120000000000 -0.3523710000000000 -0.1261460000000000
vn 0.8680649022241054 0.0145178374840812 0.4962384083496965
v 0.2040380000000000 -0.3737590000000000 -0.0027520000000000
vn 0.7527953243803005 -0.1802018298614393 0.6331086005621365
v 0.1932820000000000 -0.3718280000000000 0.0114620000000000
vn 0.9911124007987915 0.1226785420089467 0.0514410761300235
v 0.2222040000000000 -0.3793400000000000 -0.0523710000000000
vn 0.9735514487193907 0.1269550153549845 0.1899473631630385
v 0.2203240000000000 -0.3814920000000000 -0.0368530000000000
vn 0.9702710829377064 0.1451402625084083 -0.1936706736031061
v 0.2195630000000000 -0.3714850000000000 -0.0704400000000000
vn 0.8717380545035767 0.1748126502301069 -0.4577262300216642
v 0.2118940000000000 -0.3689290000000000 -0.0899080000000000
vn 0.5530782358810231 0.1519924308818831 0.8191475849621674
v 0.1754270000000000 -0.4413070000000000 0.0275620000000000
vn -0.7168242376161349 0.0496200580451370 -0.6954860618341998
v -0.0506830000000000 -0.4000220000000000 -0.1183270000000000
vn 0.4289780749317476 -0.0811130342750072 0.8996657639915802
v 0.1601160000000000 -0.3836890000000000 0.0338040000000000
vn 0.4271864815935538 0.1296420681346737 0.8948210123334638
v 0.1539820000000000 -0.4478960000000000 0.0409630000000000
vn 0.5180159272474829 0.0858891539733341 0.8510479142490600
v 0.1639750000000000 -0.4305410000000000 0.0334310000000000
vn 0.2046840856980922 0.1237835748184391 0.9709696450801661
v 0.1095090000000000 -0.4435750000000000 0.0558000000000000
vn 0.3175347141875317 0.1201673793265350 0.9406016724584511
v 0.1252840000000000 -0.4417270000000000 0.0514200000000000
vn 0.2342170620689850 -0.0410191713512759 0.9713185859528417
v 0.1132310000000000 -0.3835780000000000 0.0490820000000000
vn 0.4351367001757240 -0.3811369491058015 0.8157148265089362
v 0.1602020000000000 -0.3694960000000000 0.0376800000000000
vn 0.1422936982796494 -0.3513697136235142 0.9253603772466324
v 0.0477030000000000 -0.3625680000000000 0.0659220000000000
vn -0.5050886668340137 0.0904229005313478 -0.8583176205201294
v -0.0201520000000000 -0.3864120000000000 -0.1417880000000000
vn -0.9742391796990300 -0.1795650996462060 0.1364345840628730
v -0.0842540000000000 -0.3996450000000000 -0.0217670000000000
vn -0.9897100698987452 -0.0942078441870683 -0.1076980019993220
v -0.0842770000000000 -0.3997180000000000 -0.0509070000000000
vn -0.7686846167533836 -0.1173797490544202 0.6287654208674527
v -0.0624220000000000 -0.4079580000000000 0.0193460000000000
vn -0.1970194426468045 -0.1679340652116879 0.9659096691516340
v 0.0082500000000000 -0.3944090000000000 0.0556000000000000
vn -0.0578252698852274 -0.3600245088989243 0.9311490703183831
v 0.0129960000000000 -0.3858970000000000 0.0593050000000000
vn 0.1055153832982722 0.1921456926169642 -0.9756774757552651
v 0.0866300000000000 -0.2524450000000000 -0.1493470000000000
vn 0.0103579663979568 0.1526613733842112 -0.9882242749540943
v 0.0521490000000000 -0.2019400000000000 -0.1428060000000000
vn -0.1152190677404006 0.1391882301975826 -0.9835401379727712
v 0.0288710000000000 -0.2244780000000000 -0.1446970000000000
vn -0.3225870331352857 0.0429796694195821 -0.9455635113886098
v -0.0174550000000000 -0.2425180000000000 -0.1351940000000000
vn 0.0840455145768379 -0.2964716716098479 0.9513363755330587
v 0.0434480000000000 -0.3816850000000000 0.0596200000000000
vn 0.1767653326029686 -0.2162247250589208 0.9602087718110870
v 0.0934810000000000 -0.3767370000000000 0.0540070000000000
vn 0.2991015002357961 -0.1195525472246899 0.9467024247400997
v 0.1378980000000000 -0.3821900000000000 0.0423430000000000
vn -0.1888949016430359 0.0956825092764949 0.9773247022110008
v 0.0118990000000000 -0.4752910000000000 0.0637170000000000
vn -0.1661080950094078 0.0925980548040496 0.9817503251941666
v 0.0136750000000000 -0.4327460000000000 0.0598950000000000
vn -0.0557995988900069 0.1019138129353550 0.9932270533451512
v 0.0321600000000000 -0.4761890000000000 0.0665560000000000
vn 0.0242479113637285 0.1014973569273451 0.9945402582757823
v 0.0434350000000000 -0.4301570000000000 0.0618570000000000
vn 0.0739154115507765 0.1141587917724802 0.9907089795678280
v 0.0705120000000000 -0.4784110000000000 0.0651100000000000
vn 0.0840290959383509 0.0851222294777169 0.9928208887228986
v 0.0608750000000000 -0.4177770000000000 0.0592530000000000
vn 0.0740932142727558 -0.1467060082093916 0.9864013091810034
v 0.0503290000000000 -0.3879050000000000 0.0579570000000000
vn 0.1602839668616751 0.0768901487033768 0.9840716208688564
v 0.0998170000000000 -0.4131520000000000 0.0539460000000000
vn 0.1302108568899056 -0.0835271525416556 0.9879617135983962
v 0.0797510000000000 -0.3851200000000000 0.0548670000000000
vn 0.6965474770594461 0.6263222014968947 -0.3500601549936863
v 0.1494250000000000 0.0551890000000000 -0.0226790000000000
vn 0.7796698935284075 0.5330993942532387 0.3285116329328862
v 0.1351310000000000 0.0760250000000000 -0.0091140000000000
vn 0.8323829525099387 -0.1403371907231999 0.5361381289096659
v 0.2318490000000000 -0.2099090000000000 0.0496860000000000
vn 0.1351731143695967 -0.3325687186722325 0.9333414576200575
v 0.0833080000000000 -0.3688770000000000 0.0589820000000000
vn 0.2947231283550235 -0.3939793488676689 0.8705851769232209
v 0.1415270000000000 -0.3725400000000000 0.0438140000000000
vn -0.0032153158596729 0.3074641336059600 0.9515542382280996
v 0.2012290000000000 0.0238160000000000 0.0536830000000000
vn 0.9551213189177250 -0.0209475441553008 0.2954732924355890
v 0.2486880000000000 -0.1109580000000000 0.0256620000000000
vn 0.2253560970120103 0.0775197448701629 0.9711875816209647
v 0.2003710000000000 -0.1512160000000000 0.0777820000000000
vn 0.6967914871279264 0.0393662320773966 0.7161926579057352
v 0.2297090000000000 -0.1293900000000000 0.0593710000000000
vn 0.2574385268444079 0.1213103436683943 0.9586496781490292
v 0.2065700000000000 -0.0771900000000000 0.0656320000000000
vn 0.0836249924190093 0.1205394067420522 0.9891800200495331
v 0.1958450000000000 -0.0737720000000000 0.0672010000000000
vn -0.0321444031418716 0.0994116937307402 0.9945270496553819
v 0.1795600000000000 -0.1515020000000000 0.0798370000000000
vn -0.2025034414700897 0.1516017297211709 0.9674757215239662
v 0.1646560000000000 -0.1058340000000000 0.0716360000000000
vn -0.9944968732857039 0.0923237999121889 -0.0495205512361576
v -0.1309500000000000 -0.1243640000000000 -0.0157970000000000
vn -0.6725253640655986 -0.7049220494471850 0.2253764381908955
v -0.0957840000000000 -0.3554000000000000 0.0484300000000000
vn 0.0542805604330282 -0.6151529615276735 0.7865370014708839
v -0.0355250000000000 -0.3418130000000000 0.0986590000000000
vn -0.0720271982749827 0.2434519017387410 -0.9672348495833092
v -0.0016260000000000 0.0666000000000000 -0.1018670000000000
vn -0.7158603712340142 -0.0477528287204834 -0.6966086392271428
v -0.1236110000000000 -0.0140020000000000 -0.0864970000000000
vn -0.7201138534826911 -0.0884567521034994 -0.6881943337674391
v -0.1171760000000000 -0.0177180000000000 -0.0928030000000000
vn -0.3576814529319764 0.2560116265078984 -0.8980657132533513
v 0.0848700000000000 0.0585940000000000 -0.0890850000000000
vn -0.8588738276345231 -0.5028149655176471 -0.0975338846550823
v -0.0975600000000000 -0.3541190000000000 0.0067290000000000
vn -0.5631768866976202 -0.7438792836004313 0.3598269107775083
v -0.1123020000000000 -0.3298110000000000 0.0791570000000000
vn -0.7531035483314407 -0.6578276735186290 -0.0098892590046741
v -0.1015740000000000 -0.3520490000000000 0.0313130000000000
vn -0.6063531160398862 -0.7546071766560977 0.2508065142850828
v -0.1290730000000000 -0.3170770000000000 0.0752510000000000
vn -0.6533877486672663 -0.7514023826507753 0.0920809928175137
v -0.1326690000000000 -0.3190020000000000 0.0538420000000000
vn 0.0501415136495389 -0.0880957023140355 0.9948492226678021
v -0.0841840000000000 -0.2586830000000000 0.1304490000000000
vn 0.1872215422190400 0.2178909741136033 0.9578473873895305
v -0.1201350000000000 -0.2206810000000000 0.1307860000000000
vn 0.4040324376933430 0.1997063001369813 0.8926786560555668
v -0.0255670000000000 -0.2533270000000000 0.1139140000000000
vn 0.2998224558556948 0.6614905668858807 0.6874130671478803
v -0.1357850000000000 -0.1665900000000000 0.1061710000000000
vn -0.4056919983496811 -0.5205181998142090 0.7513153839348810
v -0.2178630000000000 -0.2095040000000000 0.1300310000000000
vn -0.4495711941899370 -0.3959437664834904 0.8006961190973148
v -0.1716110000000000 -0.2600690000000000 0.1243740000000000
vn 0.2346363034121252 0.7208570111040397 -0.6521587035862081
v -0.2179840000000000 -0.1305090000000000 0.0535750000000000
vn -0.2258389260770191 0.1879218079093113 -0.9558672363777694
v -0.2510840000000000 -0.1568830000000000 0.0367910000000000
vn 0.5077846137945704 0.5970936383593607 0.6209943421837915
v -0.2041950000000000 -0.1379030000000000 0.1227240000000000
vn -0.9265367214187573 0.0834323234194056 -0.3668361368123642
v -0.3753860000000000 -0.0266520000000000 0.1318590000000000
vn -0.7124628177251798 -0.5822266060899999 0.3916744981742079
v -0.3528510000000000 -0.0743300000000000 0.1699780000000000
vn -0.1277419093034715 0.3724298353270253 -0.9192268612077154
v -0.3000940000000000 -0.0868260000000000 0.0612170000000000
vn -0.8683494003995952 -0.4959188006752817 -0.0058191032344762
v -0.3190870000000000 -0.1322100000000000 0.1052010000000000
vn 0.2408630668323354 0.0326569909299465 0.9700095380868805
v -0.3157090000000000 -0.0606880000000000 0.1843950000000000
vn 0.7946774990967352 0.5414975003175665 0.2743503773993857
v -0.2750650000000000 -0.0633950000000000 0.1443490000000000
vn 0.4829124535276142 -0.2079704150410500 0.8506138187777067
v -0.2875100000000000 -0.0977480000000000 0.1714350000000000
vn -0.1269168362837962 0.5007303431844310 -0.8562483518711811
v -0.3264240000000000 -0.0489970000000000 0.0836290000000000
vn -0.0782329619259637 0.6348772395827520 -0.7686419805917938
v -0.3237080000000000 -0.0399840000000000 0.0899350000000000
vn 0.0343450974131524 0.5082538306097384 -0.8605222007329086
v -0.3079840000000000 -0.0594660000000000 0.0769510000000000
vn 0.2298616259302458 0.5919416788871680 -0.7725080463794177
v -0.2930770000000000 -0.0758780000000000 0.0683650000000000
vn 0.7996662071395360 0.3044362165074421 -0.5175447296975427
v -0.1261420000000000 0.2048540000000000 -0.0569070000000000
vn -0.8611443035488562 -0.2881817684435197 0.4187860513461747
v -0.1627990000000000 0.1129170000000000 -0.0009610000000000
vn -0.9539294620965357 -0.2607153573806381 -0.1484792368316188
v -0.1860830000000000 0.1561840000000000 -0.0355670000000000
vn -0.9052449295419859 -0.3921345409987290 0.1635913179060585
v -0.1832140000000000 0.1463840000000000 -0.0277320000000000
vn -0.1693448308389444 -0.1548411181299995 0.9733172948244478
v -0.1613830000000000 0.1790520000000000 0.0204760000000000
vn 0.7768210563932918 0.2173774354840541 0.5910127721854967
v -0.1489760000000000 0.2700590000000000 0.0122120000000000
vn 0.9277275016934209 0.3446635388280886 -0.1432784966566246
v -0.1221400000000000 0.2200930000000000 -0.0300550000000000
vn 0.9321504877056477 0.3438468897301423 0.1134230342259917
v -0.1354760000000000 0.2584940000000000 -0.0135870000000000
vn 0.8310442511722533 0.2858693143009585 0.4771207265825376
v -0.1337280000000000 0.2386800000000000 0.0047670000000000
vn 0.3552847554998783 0.0312367875387329 0.9342360545459867
v -0.1600680000000000 0.2689580000000000 0.0207730000000000
vn -0.9956153539376952 0.0881661185652632 -0.0312538404144807
v -0.0422430000000000 0.1082040000000000 -0.0421120000000000
vn -0.1533049593180005 0.2349116861240832 -0.9598510765586746
v -0.0093330000000000 0.0980010000000000 -0.0946810000000000
vn 0.1891666482737191 0.1363523655293120 -0.9724320087262902
v -0.0078550000000000 0.1454160000000000 -0.0886090000000000
vn 0.7863909425325669 0.3463347576816349 -0.5115090626023591
v 0.0299850000000000 0.1092470000000000 -0.0646820000000000
vn 0.8467657672932963 0.2069235629912965 -0.4900718053705826
v 0.0247540000000000 0.1329580000000000 -0.0626820000000000
vn 0.9191070899541356 0.2823185401409396 -0.2748424986946693
v 0.0340970000000000 0.1266680000000000 -0.0422070000000000
vn -0.9524965097917274 -0.1691358528255928 0.2532655960124417
v -0.0650630000000000 0.2387910000000000 -0.0331880000000000
vn 0.9076966089869567 0.2761159273445577 0.3159855387517518
v 0.0220080000000000 0.1724630000000000 -0.0159850000000000
vn 0.8571577044265758 0.1298753633785928 -0.4984105333251309
v 0.0193220000000000 0.1602730000000000 -0.0624940000000000
vn 0.9568607113654527 0.1623150881954087 -0.2409800638835433
v 0.0176140000000000 0.1961070000000000 -0.0536880000000000
vn -0.2948411867397620 -0.0146067106235002 -0.9554346228846065
v -0.0411120000000000 0.2129650000000000 -0.0863460000000000
vn 0.9948266875383709 0.0628217857221103 0.0798328566451046
v -0.0088180000000000 0.3699650000000000 -0.0040060000000000
vn 0.9818857942920549 0.1450860384947369 -0.1218619235092071
v -0.0065880000000000 0.3554980000000000 -0.0182690000000000
vn 0.7932168397344710 0.0252748800018383 0.6084145179090906
v -0.0131380000000000 0.3485060000000000 0.0065970000000000
vn 0.4086201459956006 -0.0995502825719473 0.9072592339162934
v -0.0172470000000000 0.3028880000000000 0.0078560000000000
vn -0.9852739876660607 -0.0335402369483647 -0.1676610322468125
v -0.0690940000000000 0.2833770000000000 -0.0400790000000000
vn -0.9906149626517222 -0.0114836388137896 0.1361988318970515
v -0.0701390000000000 0.2971460000000000 -0.0286300000000000
vn -0.5898488476269322 -0.0814228170637123 0.8033981962978192
v -0.0522900000000000 0.2863020000000000 0.0018940000000000
vn 0.8980149041154519 0.3224830291018828 -0.2992890374333643
v -0.0016880000000000 0.3144490000000000 -0.0369410000000000
vn 0.6795935518273288 0.2977638620408621 -0.6704396220221670
v -0.0010200000000000 0.2923380000000000 -0.0502550000000000
vn 0.3516002691785488 0.2285762471072312 -0.9078161432646734
v -0.0109220000000000 0.2356500000000000 -0.0811180000000000
vn 0.6574551213748023 0.1249272895832330 -0.7430652297715397
v 0.1263660000000000 0.0721050000000000 -0.0836090000000000
vn -0.0619164948538581 0.2870981496540536 -0.9558980071797569
v 0.1044910000000000 0.0746230000000000 -0.0915870000000000
vn -0.2558015270554749 0.1815267743076952 -0.9495333637979922
v 0.1011520000000000 0.1089000000000000 -0.0847450000000000
vn 0.9792497405598377 0.1962747110059808 0.0504597208970608
v 0.1463100000000000 0.0662140000000000 -0.0328430000000000
vn 0.6798007186175321 -0.1416485168937641 0.7195878546980098
v 0.1351950000000000 0.1559350000000000 -0.0033520000000000
vn -0.8110862525991498 0.0594046441287466 -0.5819022075062144
v 0.0812860000000000 0.1533750000000000 -0.0639450000000000
vn -0.9793482836066912 0.1202184892162635 -0.1625560034178584
v 0.0746550000000000 0.1630960000000000 -0.0457670000000000
vn 0.9916064138023528 -0.0542908336229676 0.1173423431271090
v 0.1445830000000000 0.1313600000000000 -0.0290350000000000
vn 0.6082333284627938 0.1686030651197656 -0.7756450377455471
v 0.1395710000000000 0.3243740000000000 -0.0306490000000000
vn 0.6420909491804877 0.1361551155889271 -0.7544408508819406
v 0.1447440000000000 0.3020630000000000 -0.0305100000000000
vn 0.8735132993689700 0.0805072810667021 -0.4800969626239923
v 0.1538520000000000 0.3227270000000000 -0.0161070000000000
vn 0.9621162305578391 -0.0741006340507437 -0.2623765517923672
v 0.1573440000000000 0.3034170000000000 -0.0081450000000000
vn 0.9380242489182370 -0.0179605614039369 -0.3461039246749923
v 0.1601660000000000 0.3418590000000000 -0.0025210000000000
vn -0.9942519544060906 0.0962084541068521 0.0469785538095721
v 0.0875460000000000 0.2928000000000000 -0.0144330000000000
vn 0.9063470271891644 0.0318420704754032 -0.4213325869823070
v 0.1500550000000000 0.2628300000000000 -0.0301660000000000
vn -0.8814463421399594 0.1821551005301204 -0.4357428889597021
v 0.0917210000000000 0.2831460000000000 -0.0367400000000000
vn -0.9729257866258429 0.1986230198583596 -0.1181706803772859
v 0.0807140000000000 0.2414440000000000 -0.0350490000000000
vn -0.8417750539748582 0.2846531288608528 -0.4586800134465764
v 0.0865210000000000 0.2558100000000000 -0.0437600000000000
vn 0.0680608344723104 -0.2351897913595450 0.9695635537968547
v 0.2640910000000000 0.1033600000000000 0.0553250000000000
vn 0.9036666177336871 -0.4002980412904404 -0.1521450693673482
v 0.2909200000000000 0.0831020000000000 0.0006220000000000
vn 0.8317892394123240 -0.4749017941268966 0.2873933665430053
v 0.2988530000000000 0.1034740000000000 0.0324260000000000
vn -0.8215031929282683 0.5691468892668060 0.0347033492126986
v 0.2579690000000000 0.1666620000000000 0.0286350000000000
vn -0.7432312913636788 0.5902006437193887 -0.3150721309336918
v 0.2454110000000000 0.1421770000000000 -0.0001650000000000
vn -0.8055363515366151 0.5776284908473855 -0.1321230975811980
v 0.2520500000000000 0.1562970000000000 0.0145760000000000
vn 0.8391764644933905 -0.2558453476611489 -0.4799229308133954
v 0.2891850000000000 0.0874890000000000 -0.0110610000000000
vn 0.2377699551150032 0.0891813496238749 -0.9672187629093397
v -0.1349650000000000 0.1794620000000000 -0.0703350000000000
vn 0.2226142396123810 0.4191807664090940 0.8801876989565839
v -0.1299470000000000 -0.1940530000000000 0.1236010000000000
vn -0.6038870244028555 0.7956108891060844 0.0482055483703999
v -0.1379950000000000 -0.1330820000000000 0.0421160000000000
vn -0.7828013395769777 0.4046993284046222 -0.4726949506239061
v -0.1443890000000000 -0.1736290000000000 -0.0001830000000000
vn -0.6961901643590419 -0.2487801168745788 -0.6733704095797506
v -0.1363170000000000 -0.2656410000000000 -0.0271790000000000
vn -0.7452345772861170 -0.0636668843602508 -0.6637559435914988
v -0.1277120000000000 -0.2327270000000000 -0.0414320000000000
vn -0.6432582743444093 -0.7540086223169679 -0.1330029697379761
v -0.1849280000000000 -0.2783500000000000 0.0497790000000000
vn 0.2667467047105190 0.5401129698366203 0.7982005859057894
v -0.0685020000000000 -0.1773930000000000 0.0988820000000000
vn 0.2015105542110681 0.3868441550907664 0.8998583756423337
v -0.1028350000000000 -0.2070770000000000 0.1234480000000000
vn 0.0595324072160001 0.1032343288318080 0.9928738922147740
v 0.0290740000000000 -0.0525450000000000 0.0257440000000000
vn 0.0762058795847660 0.2357596678220022 0.9688188906834814
v -0.0406930000000000 0.0639520000000000 0.0190070000000000
vn -0.0410983614242167 0.2042274105238145 0.9780603710809378
v 0.0804050000000000 -0.2710350000000000 0.0694500000000000
vn -0.2936325800755755 0.0726681621835124 0.9531522680679260
v 0.0829050000000000 -0.1009340000000000 0.0366680000000000
vn -0.1120019195858770 0.0176226682087943 0.9935517156012974
v 0.1321590000000000 -0.2705040000000000 0.0777770000000000
vn -0.2440005139532434 0.1139525986823817 0.9630568801706809
v 0.1346600000000000 -0.2388010000000000 0.0761640000000000
vn -0.1657056625204193 0.1864889408670553 0.9683819021145288
v 0.0881110000000000 -0.2439150000000000 0.0640050000000000
vn 0.2406448556367688 -0.3989900705763598 0.8848146568841578
v 0.1508300000000000 -0.3346140000000000 0.0631800000000000
vn -0.1331878337720064 0.0705866183405836 0.9885739882509358
v 0.0627570000000000 -0.0615600000000000 0.0292460000000000
vn -0.1182606136533140 0.0797278998996210 0.9897766865490102
v 0.0510160000000000 -0.0436890000000000 0.0262970000000000
vn 0.1993970775144896 0.3072892220005043 0.9304913430661274
v 0.0501180000000000 -0.1924990000000000 0.0461690000000000
vn 0.8644998209027596 -0.0431443038106392 -0.5007780233874004
v 0.2404220000000000 -0.0608890000000000 -0.0312930000000000
vn 0.7083161600038739 -0.0062502117028686 -0.7058676592188056
v 0.2259540000000000 -0.0719940000000000 -0.0490930000000000
vn -0.2228070150382213 0.0897294904209634 0.9707242927827406
v 0.0894930000000000 -0.0298090000000000 0.0306310000000000
vn -0.3693585289813231 0.1622918195456333 0.9150058154882518
v 0.1236140000000000 -0.2082820000000000 0.0679420000000000
vn -0.2682832270605223 0.0721463328393162 0.9606346947387602
v 0.0710320000000000 -0.1562310000000000 0.0364660000000000
vn -0.9643953356165349 -0.1611352171577352 0.2097071253739379
v -0.1324360000000000 -0.0403650000000000 -0.0162910000000000
vn -0.1187002134144893 0.0230285544014228 0.9926630571435282
v 0.0432600000000000 0.0017520000000000 0.0216030000000000
vn 0.0694608825560761 0.4534508929889228 0.8885704662220545
v -0.0744260000000000 0.0786670000000000 0.0177270000000000
vn -0.1289744523534617 0.0567531238330039 -0.9900225621546817
v 0.0180280000000000 -0.0802080000000000 -0.1304830000000000
vn 0.1028629891361836 0.3219920410612839 -0.9411377853211281
v -0.0650380000000000 0.0170510000000000 -0.0986400000000000
vn 0.3922056551357452 0.3292364579129146 -0.8589400903791243
v 0.0140990000000000 0.0800730000000000 -0.0938290000000000
vn 0.4919485646698850 0.4764048902403297 -0.7287146151096049
v 0.0375980000000000 0.0684590000000000 -0.0834670000000000
vn 0.4316981377114744 0.4075322485265802 -0.8047075147575762
v 0.0267130000000000 0.0592890000000000 -0.0957230000000000
vn 0.0156158966852085 0.3129303438603434 -0.9496476944963137
v 0.0139060000000000 0.0160360000000000 -0.1192840000000000
vn 0.2624044280525034 0.3882180339017242 -0.8834198742907692
v 0.0267620000000000 0.0285460000000000 -0.1113250000000000
vn 0.1006272712047266 0.0905463853761156 -0.9907953897678422
v 0.0647210000000000 -0.0887940000000000 -0.1273730000000000
vn 0.9023912998315795 0.0764836520332136 -0.4240756924888935
v 0.2107310000000000 -0.4527430000000000 -0.0980780000000000
vn 0.0989223438306972 0.2432859659791692 -0.9648970456212538
v 0.0773500000000000 -0.0301890000000000 -0.1166030000000000
vn -0.7465071698355789 -0.1824090627938724 0.6398859110769163
v -0.1335670000000000 0.0260610000000000 0.0057460000000000
vn 0.1102033160736976 0.1193352771446385 0.9867189674649884
v -0.0350410000000000 -0.0014400000000000 0.0278640000000000
vn -0.8237581263945899 -0.1518877365646335 -0.5462166829017101
v -0.1285900000000000 -0.0371080000000000 -0.0732650000000000
vn -0.2896479302992266 0.1695658813063620 0.9419933589841126
v 0.1701140000000000 -0.0112400000000000 0.0565090000000000
vn -0.2247661085560273 0.2518722318445661 0.9412972831524679
v 0.1804300000000000 0.0079230000000000 0.0554270000000000
vn 0.1976519150750992 0.2136160713066959 -0.9567141132786943
v 0.1133870000000000 -0.0200420000000000 -0.1121070000000000
vn -0.1959805646766223 0.1508481296233088 -0.9689357357731119
v 0.0020170000000000 -0.0106420000000000 -0.1232240000000000
vn -0.9301745278208630 -0.0433997833085365 -0.3645432849498214
v -0.1245070000000000 -0.1630590000000000 -0.0480790000000000
vn -0.0598256004008867 0.1900000961887547 -0.9799596221196756
v -0.0417770000000000 -0.0441070000000000 -0.1154580000000000
vn 0.5818435976198926 0.1668450275267608 -0.7960029928953376
v 0.1640730000000000 -0.3163670000000000 -0.1241390000000000
vn -0.7893971312997959 -0.6022028379736647 0.1191801620745535
v -0.0897220000000000 -0.3673430000000000 0.0275420000000000
vn -0.9208621480314945 -0.3450673251669449 -0.1814977835262782
v -0.0948960000000000 -0.3519150000000000 -0.0137750000000000
vn -0.9110474884149423 0.0265829921720279 -0.4114435786107341
v -0.1270560000000000 -0.1797700000000000 -0.0412300000000000
vn -0.7061165763404398 -0.0948012857938603 -0.7017208111700027
v -0.1037340000000000 -0.1062940000000000 -0.0935150000000000
vn 0.1067836331914968 -0.3507925401410560 0.9303450163588827
v 0.1070880000000000 -0.3406120000000000 0.0687940000000000
vn 0.0256480205535965 0.2044543926460115 0.9785400249194884
v 0.0040830000000000 0.1328570000000000 -0.0005730000000000
vn -0.1772331888797119 0.4024436268100028 0.8981244479466860
v 0.1839010000000000 0.0325790000000000 0.0478560000000000
vn 0.3862621840478248 0.8724668824589863 -0.2993377092631364
v 0.1492290000000000 0.0639280000000000 -0.0084260000000000
vn 0.8624023990943050 0.3245792132945260 -0.3884719247686937
v 0.1500290000000000 0.0309430000000000 -0.0619270000000000
vn 0.0035592744110547 0.1404844611777585 -0.9900764857995878
v 0.0406370000000000 -0.1806750000000000 -0.1393370000000000
vn -0.0628335212773531 0.1545021177353582 -0.9859924159034784
v -0.0279170000000000 -0.0727550000000000 -0.1201150000000000
vn -0.6613176192953039 -0.0588450568463880 -0.7477942669573879
v -0.0551350000000000 -0.3100440000000000 -0.1114310000000000
vn -0.7773633850122594 -0.0551567129170220 -0.6266290008150524
v -0.0715040000000000 -0.3197900000000000 -0.0946410000000000
vn -0.6507587816560030 -0.1119150876253722 -0.7509913589778513
v -0.0756590000000000 -0.2627380000000000 -0.1001600000000000
vn -0.3489436913840064 0.0005929629972802 -0.9371435048263351
v -0.0001540000000000 -0.2880050000000000 -0.1432440000000000
vn -0.0981611598261664 -0.0227459946902684 -0.9949105519729561
v 0.0499690000000000 -0.3025390000000000 -0.1548630000000000
vn 0.1961749954803593 0.0905318823860361 -0.9763807399882087
v 0.0996630000000000 -0.3088020000000000 -0.1529300000000000
vn 0.5395420179157731 0.1618626687440448 -0.8262535248762519
v 0.1575500000000000 -0.2194030000000000 -0.1162100000000000
vn 0.5999549287495646 0.1012552780223961 -0.7936003100690625
v 0.1792440000000000 -0.1933490000000000 -0.0961080000000000
vn -0.3235191956086729 0.1039382111500020 0.9404957088342588
v 0.0933230000000000 -0.0656270000000000 0.0362910000000000
vn 0.9611803555366053 -0.0755542544794415 -0.2653749776459361
v 0.2468160000000000 -0.1694150000000000 -0.0087880000000000
vn 0.8681261839608336 -0.0520203383189154 0.4936099807771177
v 0.2357580000000000 -0.1746140000000000 0.0512180000000000
vn 0.9264242388450012 -0.0163829239437879 0.3761246196189664
v 0.2429710000000000 -0.1517680000000000 0.0388920000000000
vn -0.2890243252197188 0.0617314884298748 0.9553293477997619
v 0.1535310000000000 -0.1895330000000000 0.0773180000000000
vn 0.7040701246255301 0.0597591433984322 -0.7076115490790664
v 0.1934850000000000 -0.2360740000000000 -0.0877220000000000
vn 0.9361923230797542 -0.2266871394672086 0.2686203175612514
v 0.2350880000000000 -0.2560200000000000 0.0243960000000000
vn 0.1937309367495570 -0.0278501453023162 0.9806593157426177
v 0.1819010000000000 -0.2285540000000000 0.0809640000000000
vn 0.6206682418132150 0.0913206215520166 -0.7787371043451351
v 0.1663680000000000 -0.2729830000000000 -0.1174540000000000
vn 0.8260721471692569 -0.2956213682500586 0.4798049752817666
v 0.2171750000000000 -0.2922180000000000 0.0420230000000000
vn 0.8560984563158666 0.4931422341352413 -0.1546162022741907
v -0.0837080000000000 0.1213240000000000 -0.0352070000000000
vn 0.6159303346168172 0.2491735768251327 -0.7473569103922072
v -0.1152520000000000 0.1600560000000000 -0.0626860000000000
vn -0.5902896122785903 -0.4517954411110517 0.6689088525556091
v -0.0522460000000000 -0.4004250000000000 0.0326210000000000
vn 0.9343160345440381 0.2791791614778624 0.2216135000184364
v 0.1424200000000000 0.0706160000000000 -0.0210630000000000
vn 0.6389728894347659 0.4280153928916458 -0.6391529316331079
v -0.1477330000000000 0.2598860000000000 -0.0433170000000000
vn 0.3097334174051600 0.3088787115696924 -0.8992547757346455
v -0.1749060000000000 0.3210600000000000 -0.0326520000000000
vn 0.7288637584772845 0.1233829108346394 -0.6734495370050665
v 0.1892310000000000 -0.4481220000000000 -0.1300290000000000
vn -0.4002424826758664 0.1534117617694725 -0.9034770536168837
v 0.0047410000000000 -0.4568660000000000 -0.1645570000000000
vn 0.1604811238861123 0.1928250001311541 -0.9680208304580386
v 0.1014990000000000 -0.3281820000000000 -0.1559490000000000
vn -0.9978021211625142 -0.0604005005569461 0.0272526427352947
v -0.0823180000000000 -0.4338740000000000 -0.0381160000000000
vn 0.9299643141252556 -0.0361470046624704 0.3658685125936286
v 0.2127950000000000 -0.4357420000000000 -0.0179380000000000
vn -0.5920692958291094 -0.0308658201233987 0.8052957531767645
v -0.0419950000000000 -0.4288400000000000 0.0361790000000000
vn 0.3138934670449534 0.2066370006670816 -0.9266995420856812
v 0.1153170000000000 -0.3543000000000000 -0.1583850000000000
vn -0.7180287010711651 0.0008551723094954 -0.6960129690734049
v -0.0537450000000000 -0.3634100000000000 -0.1140620000000000
vn -0.8279120601187363 0.0115292215000296 -0.5607394205524999
v -0.0615680000000000 -0.4135520000000000 -0.1053610000000000
vn -0.1924799839676500 0.1169537966128944 -0.9743065560847073
v 0.0514130000000000 -0.4404590000000000 -0.1766960000000000
vn -0.4172911608498953 0.1200906374890201 -0.9008031560024796
v 0.0051920000000000 -0.4010120000000000 -0.1569270000000000
vn 0.8473937046850585 0.0549484166780000 -0.5281141739858086
v 0.2052010000000000 -0.4437540000000000 -0.1074870000000000
vn 0.7130736446918470 0.1012746525699643 -0.6937358445350208
v 0.1823660000000000 -0.4304550000000000 -0.1346650000000000
vn 0.8942971478610604 0.0507720290938354 -0.4445838642925173
v 0.2105920000000000 -0.3232040000000000 -0.0724990000000000
vn 0.8341324647639848 0.1595131351436775 -0.5279948777624596
v 0.2031730000000000 -0.3321170000000000 -0.0878000000000000
vn 0.7744285037101551 0.2263641605662619 -0.5907789429663024
v 0.2015840000000000 -0.3571370000000000 -0.1007830000000000
vn 0.5054777270144815 0.1956976641934168 -0.8403539086132188
v 0.1540370000000000 -0.3378260000000000 -0.1369590000000000
vn 0.8540525464554584 -0.4034437210499342 0.3283708449882998
v 0.2179720000000000 -0.3248850000000000 0.0143530000000000
vn 0.4776320194546162 0.2026838757701298 -0.8548607491834584
v 0.1495800000000000 -0.3710030000000000 -0.1475440000000000
vn 0.8359575725201395 -0.0074670228211567 0.5487432737778424
v 0.2064530000000000 -0.4354830000000000 -0.0039580000000000
vn 0.6823153379533782 0.0962012916361226 0.7247006906862371
v 0.1908050000000000 -0.4383740000000000 0.0149100000000000
vn 0.8433136637118565 0.0827459992890919 0.5310133371192624
v 0.2027390000000000 -0.4498950000000000 0.0032070000000000
vn 0.3677508565364748 0.1466907104522379 0.9182816250931447
v 0.1433600000000000 -0.4832020000000000 0.0513910000000000
vn -0.4861243558363539 0.0471021149870708 0.8726193336308993
v -0.0249080000000000 -0.4740790000000000 0.0493750000000000
vn -0.3013745003521488 0.1580178575543997 -0.9403210979401718
v 0.0138900000000000 -0.3616690000000000 -0.1544270000000000
vn -0.2061054675957028 0.1627681458244671 -0.9648974385560477
v 0.0397300000000000 -0.3780960000000000 -0.1646020000000000
vn -0.9596874860217711 -0.0300134482794726 0.2794622015507433
v -0.0768440000000000 -0.4433890000000000 -0.0094780000000000
vn -0.9814334735979435 -0.0140366993440336 0.1912885463717048
v -0.0801790000000000 -0.4788130000000000 -0.0243290000000000
vn 0.4168163631961366 0.1541831724157557 -0.8958189932769677
v 0.1442300000000000 -0.4999970000000000 -0.1735610000000000
vn 0.6093130973732993 0.1555326615020025 -0.7775262957453335
v 0.1713500000000000 -0.4996690000000000 -0.1567740000000000
vn -0.5581848146718126 0.1203569072201206 -0.8209408794512558
v -0.0196710000000000 -0.4410920000000000 -0.1486470000000000
vn -0.8717809852683164 0.0207788429045628 -0.4894549554475376
v -0.0683720000000000 -0.4418530000000000 -0.0954720000000000
vn -0.3812465262226247 -0.0049962893450758 -0.9244599089933332
v -0.0642300000000000 -0.1177690000000000 -0.1161090000000000
vn -0.4762764095779307 -0.0532329854822393 -0.8776827621277535
v -0.0841510000000000 -0.1082960000000000 -0.1072630000000000
vn -0.5051813140377202 -0.0167648023246599 -0.8628503817870961
v -0.0631650000000000 -0.1798370000000000 -0.1155820000000000
vn -0.0297163941965655 0.3739627617961364 -0.9269675230048573
v -0.0519470000000000 0.0192610000000000 -0.0967680000000000
vn -0.0454449730936940 0.2788631418527768 -0.9592549726410136
v -0.0431690000000000 -0.0154810000000000 -0.1080670000000000
vn 0.6559832773965889 0.4978327858349596 -0.5673168930358350
v 0.1593220000000000 0.0143780000000000 -0.0610020000000000
vn 0.3618319455257195 0.4501225776573682 -0.8163744902188941
v 0.1745800000000000 -0.0087230000000000 -0.0689840000000000
vn 0.5505580360577894 0.4305838971738041 -0.7151806460096699
v 0.1594500000000000 -0.0003350000000000 -0.0715960000000000
vn 0.4552536347007843 0.3064690331005540 -0.8359550585062192
v 0.1671690000000000 -0.0230470000000000 -0.0790450000000000
vn 0.2525516262571022 0.2359494919028951 -0.9383738665082584
v 0.1149410000000000 0.0766150000000000 -0.0893890000000000
vn 0.4203624103106060 0.1782084767267604 -0.8896837543872460
v 0.1201240000000000 0.0252350000000000 -0.0988210000000000
vn 0.9594061147427724 -0.1192716449281708 -0.2555663939376747
v 0.2311850000000000 -0.2808610000000000 -0.0325700000000000
vn 0.9191270296017021 -0.0167795063824860 -0.3936038003133507
v 0.2345720000000000 -0.2382460000000000 -0.0328280000000000
vn 0.9949774066681608 -0.0996100352960990 0.0098894432710463
v 0.2442580000000000 -0.2159190000000000 0.0079200000000000
vn -0.2331078805854193 0.6757723653683206 -0.6992799340846830
v 0.0614150000000000 0.0849020000000000 -0.0621900000000000
vn 0.3821540808811155 0.6245286750908903 -0.6811183395380916
v 0.0453350000000000 0.0856840000000000 -0.0647070000000000
vn 0.2413811867754806 0.5707734766550066 -0.7848265802188515
v 0.0499390000000000 0.0685080000000000 -0.0771780000000000
vn -0.1417930488955387 0.2363143657890280 -0.9612753257036388
v -0.0969390000000000 0.0182990000000000 -0.1007280000000000
vn -0.3878663723881509 0.0627619288508671 -0.9195763249765486
v -0.1025920000000000 -0.0098790000000000 -0.1030420000000000
vn 0.9979749393065827 -0.0137845906155835 -0.0620967436954915
v 0.2512700000000000 -0.0955790000000000 0.0046660000000000
vn 0.9864737555298885 -0.0242832929718835 0.1621106144988644
v 0.2502950000000000 -0.1207990000000000 0.0157740000000000
vn 0.0776304390796304 0.1319503709782694 0.9882118267492049
v -0.0685940000000000 0.0348420000000000 0.0285460000000000
vn 0.8168250696775711 0.0223041233450319 0.5764541019266329
v 0.2405080000000000 -0.0944950000000000 0.0438340000000000
vn 0.1072215297537721 0.0108764359715858 0.9941756618917087
v 0.1889900000000000 -0.1613620000000000 0.0803130000000000
vn 0.4356422975986304 0.0857903461490117 0.8960222123645256
v 0.2157130000000000 -0.1238050000000000 0.0691680000000000
vn 0.6637681046575856 -0.0846961807453605 0.7431274858370034
v 0.2262210000000000 -0.1775090000000000 0.0626490000000000
vn -0.1069099872236142 0.1590596638288330 0.9814633350128293
v 0.1830590000000000 -0.0682430000000000 0.0662940000000000
vn -0.2155793440093345 0.1192411752319186 0.9691785638187711
v 0.1645000000000000 -0.1438690000000000 0.0764530000000000
vn -0.3755341157433650 0.1096566399748053 0.9202986195916437
v 0.1444630000000000 -0.1353860000000000 0.0689380000000000
vn 0.0645028845595856 0.1228885945414131 0.9903220542909912
v 0.1917090000000000 -0.1259770000000000 0.0765730000000000
vn -0.4082371556372074 0.1338673083182805 0.9030071807692677
v 0.1273440000000000 -0.1024870000000000 0.0570050000000000
vn -0.3219904248581096 0.1877520816818977 0.9279392879514305
v 0.1465330000000000 -0.0948890000000000 0.0638470000000000
vn 0.4096087598423156 0.0694910275436750 0.9096107194571558
v 0.0419910000000000 -0.2948080000000000 0.0843370000000000
vn -0.9941124330211255 0.0316702489571127 0.1036217440685730
v -0.1287700000000000 -0.0950200000000000 -0.0217380000000000
vn 0.3161149297716255 -0.4038673940849366 0.8584651880947315
v 0.0068110000000000 -0.3324950000000000 0.0945370000000000
vn 0.3916773747134680 -0.1876819490940899 0.9007576367268885
v 0.0059990000000000 -0.3192610000000000 0.0997890000000000
vn -0.1853494995868914 -0.7235345157808448 0.6649386193301356
v -0.0469420000000000 -0.3699640000000000 0.0698820000000000
vn 0.0565752662532858 -0.6523476042605177 0.7558054263260701
v -0.0175400000000000 -0.3653110000000000 0.0767430000000000
vn 0.1842414174134363 -0.5441061329052439 0.8185374861571026
v -0.0081520000000000 -0.3426660000000000 0.0938050000000000
vn 0.9940266917146320 -0.1082753991546740 0.0136884658293054
v 0.2527640000000000 -0.0368460000000000 0.0010120000000000
vn -0.1804665984823126 0.2541866190905801 -0.9501689163025300
v 0.0980960000000000 0.0429620000000000 -0.0982820000000000
vn 0.1183468851432103 0.1806601905471284 -0.9763994624785365
v 0.0975830000000000 0.0154230000000000 -0.1054180000000000
vn -0.1213623154837010 0.3125730840937536 -0.9421089403463666
v 0.0876080000000000 0.0265470000000000 -0.1010730000000000
vn 0.2437491360137102 0.2237019687226712 -0.9436862761967936
v 0.1106230000000000 0.0359530000000000 -0.0994370000000000
vn -0.3560531038605345 0.4144252538761351 -0.8375427727471477
v -0.0375140000000000 0.0482840000000000 -0.0859630000000000
vn -0.4317267932897022 0.2519267542172304 -0.8661090499846783
v -0.0244930000000000 0.0198850000000000 -0.1042570000000000
vn -0.2491754827122711 0.3100460212435781 -0.9174873533330764
v -0.0373040000000000 0.0172710000000000 -0.0993550000000000
vn -0.2783210992954010 0.2967468472597428 -0.9134980428705923
v -0.0095060000000000 0.0329770000000000 -0.1091840000000000
vn -0.2732822241133317 0.2381258820395777 -0.9319940398342383
v 0.0026220000000000 0.0138850000000000 -0.1185560000000000
vn -0.5747956866117006 0.0091749150080184 -0.8182455252472690
v -0.1112850000000000 -0.0155770000000000 -0.0980230000000000
vn -0.2843626595414427 0.4164672980396668 -0.8635350991836158
v 0.0718530000000000 0.0633460000000000 -0.0798910000000000
vn -0.1817483948967606 0.3829224678859889 -0.9057250711670485
v 0.0771730000000000 0.0421680000000000 -0.0917550000000000
vn -0.7742158100588685 -0.1309248791783151 -0.6192322306429422
v -0.0796930000000000 -0.3070900000000000 -0.0862660000000000
vn -0.9074613870278796 -0.2311940337443273 -0.3508035772543713
v -0.0915340000000000 -0.3264200000000000 -0.0558140000000000
vn -0.9438554832700311 -0.2361466543333325 -0.2310229087087899
v -0.0931990000000000 -0.3445660000000000 -0.0351150000000000
vn -0.8621534386221100 -0.3764114797899016 -0.3391251187311963
v -0.0994240000000000 -0.3274430000000000 -0.0338680000000000
vn 0.7621862482934360 0.0251353536211252 -0.6468696444498828
v 0.2102970000000000 -0.2181560000000000 -0.0687150000000000
vn -0.7746221918799433 -0.4791296640808611 -0.4127895648449382
v -0.1102150000000000 -0.3196810000000000 -0.0194140000000000
vn -0.7488728742051497 -0.4202964472288201 -0.5123868799320974
v -0.1135760000000000 -0.3024460000000000 -0.0299460000000000
vn -0.8307516270978770 -0.3076996612172713 -0.4638670634578471
v -0.1017950000000000 -0.3061250000000000 -0.0468180000000000
vn -0.7799800021917825 0.5969722387211088 -0.1877640603981881
v 0.2156470000000000 0.1013330000000000 0.0025090000000000
vn -0.0412458493515385 0.1759388314486228 0.9835366325154153
v 0.0131290000000000 0.0854810000000000 0.0191220000000000
vn -0.6272453491781216 0.2603302006298441 -0.7340241539448423
v -0.0312800000000000 0.0550520000000000 -0.0868370000000000
vn -0.8691665478684061 0.0915536805101213 -0.4859706119217174
v -0.0381640000000000 0.0845310000000000 -0.0668700000000000
vn -0.7500643998749000 0.1210129189293023 -0.6501994074839780
v -0.0279410000000000 0.0698710000000000 -0.0864280000000000
vn 0.8411795085637696 0.4205704101092194 -0.3399081707064102
v -0.0866170000000000 0.1203080000000000 -0.0462970000000000
vn 0.4624825112672688 0.0416712897392422 0.8856485930567430
v 0.0006890000000000 -0.2904990000000000 0.1056640000000000
vn 0.0829252470626261 -0.0338623076825417 0.9959802947438345
v -0.1229440000000000 -0.2439570000000000 0.1336610000000000
vn 0.3080461820092715 0.2120018440065087 0.9274496039609650
v -0.0475020000000000 -0.2431760000000000 0.1205790000000000
vn 0.0000359248304858 -0.1771346191963607 0.9841866313822631
v -0.0781240000000000 -0.2778930000000000 0.1286090000000000
vn 0.1857666407576235 -0.0003426097784783 0.9825938315500294
v -0.0578740000000000 -0.2675590000000000 0.1267200000000000
vn 0.3528706024478643 0.4424685897847502 0.8244415594703943
v -0.0492370000000000 -0.1984380000000000 0.1041650000000000
vn 0.2121208262979469 -0.3004588159085496 0.9299081970783506
v -0.0353100000000000 -0.3096960000000000 0.1162050000000000
vn 0.2287178876283748 -0.1283483807423212 0.9649947259128613
v -0.0439910000000000 -0.2919190000000000 0.1224200000000000
vn 0.3466860373785994 -0.1326638548369680 0.9285521488352286
v -0.0135220000000000 -0.2997840000000000 0.1116590000000000
vn 0.1726365133521224 0.1503373075171653 0.9734450822856480
v -0.0818340000000000 -0.2443590000000000 0.1293450000000000
vn -0.2085100075955220 -0.5139729577713384 0.8320789478242419
v -0.1554360000000000 -0.2699620000000000 0.1246890000000000
vn -0.0535284328649276 -0.3143432438662432 0.9477990461646776
v -0.1274630000000000 -0.2658730000000000 0.1299080000000000
vn 0.4342525173190209 0.3366567435809125 0.8355160011655008
v -0.0246720000000000 -0.2199930000000000 0.1029170000000000
vn 0.3214702685502310 0.0724814417614686 0.9441415715020821
v -0.0398750000000000 -0.2673720000000000 0.1219580000000000
vn 0.4009360707402682 0.0581295283322088 0.9142599330142548
v -0.0142860000000000 -0.2753000000000000 0.1121660000000000
vn -0.6852170500941384 -0.5693758849425901 -0.4541901539070718
v -0.1466700000000000 -0.2923560000000000 0.0047150000000000
vn -0.6938245428051735 -0.6595387561652296 -0.2891645429806595
v -0.1360770000000000 -0.3098930000000000 0.0152670000000000
vn 0.2635244064363739 0.5506244309298413 0.7920654160330101
v -0.1308060000000000 -0.1815720000000000 0.1163460000000000
vn 0.1765289647145872 0.7011051464063304 0.6908611280853441
v -0.1185020000000000 -0.1629680000000000 0.0972440000000000
vn 0.0309851159623321 0.4354167192366941 -0.8996956169716259
v -0.2519100000000000 -0.1277230000000000 0.0470130000000000
vn -0.7411004633758647 -0.6710124937610221 0.0226348492527122
v -0.3000970000000000 -0.1569380000000000 0.0983920000000000
vn -0.4781047686489018 -0.6768922842965519 0.5596719268062101
v -0.2579190000000000 -0.1792200000000000 0.1295520000000000
vn -0.0378923405197091 -0.2685356227723300 0.9625241762325845
v -0.2344550000000000 -0.1682690000000000 0.1428620000000000
vn -0.3920332576663662 -0.5736659913915938 0.7191781804283252
v -0.2395450000000000 -0.1872100000000000 0.1334750000000000
vn -0.1341019019488614 -0.3937247279125211 0.9093940391952815
v -0.2133500000000000 -0.2060820000000000 0.1339440000000000
vn 0.0243065448140388 0.4891868706615080 -0.8718402361967496
v -0.2322270000000000 -0.1468650000000000 0.0381310000000000
vn -0.2769542868270953 0.2588675767280561 -0.9253560940130232
v -0.2255330000000000 -0.1787550000000000 0.0239800000000000
vn -0.7463734671886363 -0.5438143136714105 -0.3836569297209503
v -0.2105430000000000 -0.2442860000000000 0.0346280000000000
vn -0.3260648714868486 0.0985456209379864 -0.9401970326352936
v -0.2862560000000000 -0.1216940000000000 0.0496110000000000
vn -0.4990110287224821 0.0570559102481249 -0.8647153383160772
v -0.3048760000000000 -0.1007160000000000 0.0590060000000000
vn -0.4218378297295088 0.2542820053154783 -0.8702835786005828
v -0.3173110000000000 -0.0799040000000000 0.0695810000000000
vn -0.7480415463136978 -0.6550110640430608 0.1067443252345952
v -0.3070310000000000 -0.1478240000000000 0.1123660000000000
vn -0.8515517878526561 -0.4845917460222726 -0.2000759663028781
v -0.3167190000000000 -0.1315410000000000 0.0863140000000000
vn -0.6409429437815565 -0.6727543219287092 0.3695859374257564
v -0.3175070000000000 -0.1228070000000000 0.1493200000000000
vn -0.4980600695163181 -0.5810569280831764 0.6436684033568393
v -0.3245520000000000 -0.1065960000000000 0.1636050000000000
vn -0.8856622801776357 -0.2971227316184696 -0.3568198534640833
v -0.3437060000000000 -0.0700440000000000 0.1075540000000000
vn -0.7891375551185374 -0.6112754735757541 0.0600351106126664
v -0.3402570000000000 -0.0924350000000000 0.1531140000000000
vn 0.6881119549012273 0.7160945735618056 0.1170918410366288
v -0.2951250000000000 -0.0371140000000000 0.1397050000000000
vn 0.5795951612415557 0.7833864826072457 0.2244439082123245
v -0.3180780000000000 -0.0193110000000000 0.1465460000000000
vn 0.6658754080218946 0.4344543071395137 0.6065141350369344
v -0.2930870000000000 -0.0568990000000000 0.1675890000000000
vn 0.7463354521785684 0.5666217499701057 0.3491750066689007
v -0.2876250000000000 -0.0509690000000000 0.1526020000000000
vn 0.6261054289765541 0.6607093769077377 0.4140713840297036
v -0.3076230000000000 -0.0342880000000000 0.1615410000000000
vn 0.5236935271280778 0.5151319768306848 0.6785161280991515
v -0.3120090000000000 -0.0383300000000000 0.1714370000000000
vn 0.7561272340839211 0.6542786008874868 -0.0138245541451344
v -0.2833080000000000 -0.0491190000000000 0.1279890000000000
vn 0.6218642990407022 0.7134490930213955 -0.3229166846813035
v -0.2921230000000000 -0.0465300000000000 0.1048600000000000
vn 0.3933824839980257 0.9193657489217723 -0.0041037778999365
v -0.3348090000000000 -0.0078950000000000 0.1378440000000000
vn 0.3765506902420126 0.7216372714589666 -0.5809038010888907
v -0.3096990000000000 -0.0399970000000000 0.0949070000000000
vn 0.8271068758670537 0.3853098627241786 0.4091827532789195
v -0.1059970000000000 0.1714420000000000 -0.0050450000000000
vn 0.9169149026450234 0.3934307828690110 -0.0669274263553029
v -0.0996370000000000 0.1621080000000000 -0.0216030000000000
vn 0.9370570082974274 0.3300871643533064 0.1138710987470835
v -0.1174040000000000 0.2092380000000000 -0.0172100000000000
vn 0.9184663485734686 0.3315332410715974 -0.2156508210109151
v -0.1088230000000000 0.1823790000000000 -0.0342040000000000
vn 0.5962997755013579 0.1441146068832660 0.7897199236564263
v -0.1326770000000000 0.2108560000000000 0.0130550000000000
vn 0.4881852248487548 0.2259141286057173 0.8429934713482009
v -0.1190580000000000 0.1570540000000000 0.0165430000000000
vn -0.8143133699407143 -0.2740842751030768 0.5116361457882137
v -0.1866300000000000 0.1899470000000000 0.0062840000000000
vn -0.8750688867001802 -0.3556466217877311 0.3282832982962758
v -0.1829330000000000 0.1588330000000000 -0.0075480000000000
vn -0.8222768831703977 -0.3129503475278076 0.4753133780841863
v -0.1563020000000000 0.0839100000000000 -0.0083050000000000
vn -0.7962910518114314 -0.3174481502263636 0.5149244922538685
v -0.1774640000000000 0.1566120000000000 0.0016590000000000
vn -0.5305868312620163 -0.2081075750089792 0.8216865897136296
v -0.1710060000000000 0.1558690000000000 0.0096480000000000
vn 0.1352111499311009 -0.1186773044295460 0.9836837105226691
v -0.1317550000000000 0.1398240000000000 0.0212500000000000
vn 0.0182121290313304 0.0378780328668172 0.9991163961132289
v -0.1267190000000000 0.1536610000000000 0.0201720000000000
vn 0.2241256555427892 0.0154658732638968 0.9744375286757484
v -0.1503550000000000 0.2016070000000000 0.0214290000000000
vn -0.1371526866848293 -0.1020147473899435 0.9852827674582049
v -0.1588980000000000 0.1940820000000000 0.0218400000000000
vn -0.5173487028111817 -0.1954210777930346 0.8331632025322507
v -0.1725760000000000 0.1863490000000000 0.0171680000000000
vn -0.6394317647419079 -0.3105409505799944 0.7033429719929836
v -0.1596760000000000 0.1201600000000000 0.0071500000000000
vn -0.2308220271665776 -0.2032834019619691 0.9515235416223187
v -0.1448860000000000 0.1290710000000000 0.0188760000000000
vn 0.9031330508347853 0.3435250996040541 0.2575678520931481
v -0.0991950000000000 0.1592130000000000 -0.0140930000000000
vn -0.9531172888793348 -0.2881474870043877 0.0924037844049857
v -0.1949920000000000 0.1845970000000000 -0.0226660000000000
vn -0.9332473142820665 -0.3167158238574988 0.1695303433122680
v -0.1853440000000000 0.1579560000000000 -0.0165660000000000
vn -0.1626715082639646 0.2827997168313590 -0.9452842432619037
v -0.1595100000000000 0.2247360000000000 -0.0622700000000000
vn 0.2501499513762542 0.3720119865465994 -0.8938859455725381
v -0.1583470000000000 0.2559070000000000 -0.0506320000000000
vn -0.9544411629510059 -0.2661467593267816 -0.1349369073477807
v -0.2075560000000000 0.2410580000000000 -0.0137530000000000
vn -0.8286868103117424 -0.2157625115262839 0.5164539757182823
v -0.2077590000000000 0.2633450000000000 0.0102630000000000
vn -0.7065345730410817 -0.2340184248540890 0.6678654609473882
v -0.1964710000000000 0.2466040000000000 0.0180550000000000
vn -0.9241503014072967 -0.1539909636493258 -0.3496183684006815
v -0.2041240000000000 0.2375810000000000 -0.0285690000000000
vn -0.8561182026817447 -0.3438889928720046 0.3857486015768011
v -0.1979690000000000 0.2218590000000000 0.0051030000000000
vn -0.5733854256893188 -0.2320530501888048 0.7857356651604601
v -0.1838560000000000 0.2151520000000000 0.0180570000000000
vn 0.2377616364019321 0.0564761362708373 0.9696802825093399
v -0.1525720000000000 0.2222110000000000 0.0212360000000000
vn 0.4165995754396760 0.0621625429569660 0.9069622991043261
v -0.1427940000000000 0.2128660000000000 0.0185570000000000
vn 0.1375700194824540 0.0279593193288793 0.9900973518812495
v -0.1658230000000000 0.2292540000000000 0.0236890000000000
vn 0.8855978215710052 0.3873579341161715 -0.2562622276222966
v -0.1355680000000000 0.2546970000000000 -0.0260030000000000
vn 0.8379730299479177 0.3973702464853778 -0.3740295286311713
v -0.1458650000000000 0.2753580000000000 -0.0285760000000000
vn -0.3850416110016893 -0.1974622037884727 0.9015273905279991
v -0.1908670000000000 0.2757940000000000 0.0273590000000000
vn -0.3223914109355542 -0.1830813688173115 0.9287330028307178
v -0.2005680000000000 0.2944260000000000 0.0270920000000000
vn 0.4615233888560505 0.0441158581332193 0.8860304467680535
v -0.1738020000000000 0.3012750000000000 0.0249770000000000
vn 0.6782281278437671 0.1643836376169778 0.7162294508642805
v -0.1634300000000000 0.2998350000000000 0.0177840000000000
vn -0.0669484988161966 0.2286726629714907 -0.9711985954045571
v -0.1856570000000000 0.3095780000000000 -0.0365940000000000
vn -0.9398488127800569 0.1949811851611790 -0.2804755721075536
v -0.0425370000000000 0.0971090000000000 -0.0435710000000000
vn 0.9094375112001483 0.4151015840283457 0.0247808022315327
v 0.0362990000000000 0.1281210000000000 -0.0253140000000000
vn 0.2543701907158475 0.2642675777162551 -0.9303001953365196
v 0.0047150000000000 0.1092510000000000 -0.0901150000000000
vn 0.5835717112515235 0.1459058019528975 -0.7988463899796069
v 0.0011760000000000 0.1527880000000000 -0.0844000000000000
vn 0.6001334265817168 0.1019798692468668 -0.7933725332828703
v 0.0074380000000000 0.1648400000000000 -0.0776780000000000
vn 0.6532627477567102 0.2046782539582671 -0.7289407347308474
v 0.0154610000000000 0.1223190000000000 -0.0793220000000000
vn 0.1371204773758449 0.2626511782978026 -0.9550980751854735
v -0.0031730000000000 0.0990270000000000 -0.0942850000000000
vn -0.4241246327843725 0.0768489841535986 -0.9023372592883889
v -0.0169870000000000 0.0980980000000000 -0.0930860000000000
vn -0.3994306490607784 0.0147582332594595 -0.9166446155091650
v -0.0311830000000000 0.1434970000000000 -0.0863240000000000
vn -0.1665126569372373 0.0760109412276078 -0.9831052191364845
v -0.0200990000000000 0.1377430000000000 -0.0897990000000000
vn -0.7624614538073801 -0.1860452486427679 -0.6197093648763001
v -0.0478420000000000 0.1893840000000000 -0.0799890000000000
vn 0.6416969146891639 0.4434123488255641 -0.6257879501775376
v 0.0336500000000000 0.0936540000000000 -0.0696400000000000
vn 0.7896120313658311 0.1233121015108744 0.6010881512251739
v 0.0085980000000000 0.2447470000000000 -0.0104160000000000
vn 0.3006166993299034 0.0161315406022314 0.9536086060233480
v 0.0025110000000000 0.2225340000000000 -0.0019650000000000
vn -0.9838878961725794 -0.1730860551097079 0.0447864409353388
v -0.0653560000000000 0.2319750000000000 -0.0483360000000000
vn -0.9752570094300658 -0.1906932958902070 -0.1118473623294459
v -0.0585040000000000 0.1993470000000000 -0.0550530000000000
vn -0.5109574206472892 -0.0843402698392653 0.8554584929550404
v -0.0310200000000000 0.1882110000000000 -0.0005920000000000
vn -0.8716161438431683 -0.1978098432684370 0.4485048090021796
v -0.0522700000000000 0.2105300000000000 -0.0147130000000000
vn -0.4893518549839700 -0.1393209158774521 0.8608858486598648
v -0.0486390000000000 0.2192240000000000 -0.0077550000000000
vn 0.0695158137403249 -0.0807336908251689 0.9943086154739716
v -0.0167400000000000 0.1868650000000000 0.0028660000000000
vn -0.0970149168963814 0.1000008001408449 0.9902464066437096
v -0.0102860000000000 0.1955130000000000 0.0031520000000000
vn -0.4521604485797556 -0.0481330596912353 0.8906369278807803
v -0.0225130000000000 0.1301610000000000 -0.0050610000000000
vn 0.7698291385617514 0.1478057038917447 0.6208998077937677
v 0.0184840000000000 0.1717670000000000 -0.0100610000000000
vn 0.5116480345240561 0.0725514913992439 0.8561264917425554
v 0.0126890000000000 0.1780440000000000 -0.0051890000000000
vn 0.3935677455652014 0.2233350631103991 0.8917543827961817
v 0.0140070000000000 0.1408390000000000 -0.0035230000000000
vn -0.9029867121396379 -0.2237997298412903 0.3667815134684574
v -0.0506390000000000 0.1687240000000000 -0.0342670000000000
vn -0.9242004504854570 -0.2086912824743104 0.3198460191118626
v -0.0539920000000000 0.1989280000000000 -0.0232930000000000
vn -0.9782615979677760 -0.2073197660305158 -0.0047708022999820
v -0.0472050000000000 0.1431330000000000 -0.0509640000000000
vn -0.9795540017081702 -0.1869115712567048 0.0744178894343282
v -0.0532230000000000 0.1750570000000000 -0.0428000000000000
vn -0.9234445260815441 -0.2468532148228203 -0.2937919290614885
v -0.0517100000000000 0.1709940000000000 -0.0623880000000000
vn -0.9659086448868935 -0.1655830437309968 0.1990043852821941
v -0.0435840000000000 0.1367700000000000 -0.0310970000000000
vn 0.9732541536859909 0.2224764345233159 -0.0572764211064049
v 0.0304300000000000 0.1474980000000000 -0.0336580000000000
vn 0.9514161915649274 0.2732208663623502 0.1419774228963754
v 0.0258820000000000 0.1679130000000000 -0.0265000000000000
vn 0.7958016859596834 0.1537144296982153 -0.5857231007278763
v 0.0125230000000000 0.1867950000000000 -0.0668530000000000
vn 0.9469349199376426 0.1697558178011973 -0.2729417881624893
v 0.0243020000000000 0.1696040000000000 -0.0442860000000000
vn 0.9320179960704124 0.1951446442120743 -0.3053866775683505
v 0.0255370000000000 0.1506730000000000 -0.0518380000000000
vn 0.9531079433991061 0.3026049238276071 -0.0039380585082194
v 0.0259700000000000 0.1690830000000000 -0.0337720000000000
vn 0.9763502171155191 0.1539649750267019 0.1517729883856342
v 0.0131280000000000 0.2474330000000000 -0.0234310000000000
vn 0.9052976583998469 0.1880011818467995 -0.3809090512444681
v 0.0100910000000000 0.2367300000000000 -0.0590150000000000
vn -0.8400647848660066 -0.1200967254734561 -0.5290254566262228
v -0.0376620000000000 0.1253210000000000 -0.0778070000000000
vn -0.7978366848413885 0.0049605238736990 -0.6028532304999298
v -0.0300480000000000 0.0889620000000000 -0.0828150000000000
vn -0.9549506742185392 -0.0236228712776002 -0.2958228688965061
v -0.0386070000000000 0.1007430000000000 -0.0668240000000000
vn -0.8849609436725234 -0.0935979738698582 -0.4561617558078427
v -0.0437310000000000 0.1411030000000000 -0.0706540000000000
vn -0.9767945750622008 -0.1628793871330289 -0.1390779039827089
v -0.0435700000000000 0.1288710000000000 -0.0627620000000000
vn -0.5100540819306156 0.0781885419763526 -0.8565812193887565
v -0.0221790000000000 0.0876670000000000 -0.0905270000000000
vn -0.6468197025577727 -0.0665715699546872 -0.7597318595773398
v -0.0342330000000000 0.1301270000000000 -0.0827870000000000
vn 0.8707882361898869 0.2651349496008602 -0.4140426381587471
v -0.0080470000000000 0.3268230000000000 -0.0415690000000000
vn 0.3484068615015380 0.2754089921299844 -0.8959701702136039
v -0.0273320000000000 0.3728220000000000 -0.0403620000000000
vn -0.9925508073270511 -0.1218313088328757 0.0001645068010067
v -0.0741740000000000 0.3503260000000000 -0.0229070000000000
vn -0.4547224890038141 -0.2402950039341754 0.8576046694593323
v -0.0580980000000000 0.3376180000000000 0.0066340000000000
vn -0.9429311660617555 -0.0146736138813487 -0.3326642468391803
v -0.0730790000000000 0.3560550000000000 -0.0328990000000000
vn 0.9687549443718009 0.2442210817776969 0.0432425828382224
v 0.0015840000000000 0.3072270000000000 -0.0195080000000000
vn 0.3444369938899222 -0.1251192097265368 0.9304344902235088
v -0.0206180000000000 0.3480060000000000 0.0124840000000000
vn 0.9653831432994785 0.0950477944995399 0.2429018390090772
v -0.0071970000000000 0.3471780000000000 -0.0031950000000000
vn 0.4778484322503105 -0.0286686091116580 0.8779743655981781
v -0.0070520000000000 0.2633020000000000 0.0015710000000000
vn -0.0640760884238922 -0.1269895173909018 0.9898322672883115
v -0.0265570000000000 0.2505900000000000 0.0038890000000000
vn -0.3231059227660469 -0.1238884772117224 0.9382186354404083
v -0.0463380000000000 0.2931680000000000 0.0061370000000000
vn 0.9037279109362889 0.0577486529621433 0.4241944790727349
v -0.0005680000000000 0.3083580000000000 -0.0095880000000000
vn 0.9710627977289291 0.2251208610384122 -0.0797348154333408
v 0.0028390000000000 0.3016170000000000 -0.0307970000000000
vn -0.9962284094610613 -0.0165870548845355 -0.0851693946963429
v -0.0674520000000000 0.2491900000000000 -0.0506980000000000
vn -0.9832706925298406 -0.0380552487479855 -0.1781306915009789
v -0.0712130000000000 0.3173390000000000 -0.0320270000000000
vn -0.8318051810877897 0.1320564851821499 -0.5391300635624450
v -0.0666740000000000 0.2889600000000000 -0.0497270000000000
vn -0.9272721556396657 -0.0968867440143070 0.3616342188035775
v -0.0691580000000000 0.3249130000000000 -0.0110580000000000
vn -0.9716340207946663 -0.0971496224380421 0.2156137298377254
v -0.0666930000000000 0.2658560000000000 -0.0245580000000000
vn -0.8505520330040619 -0.1710263203792054 0.4973039683032970
v -0.0617190000000000 0.2479380000000000 -0.0180680000000000
vn -0.4871486330049446 -0.1983337103970317 0.8504998228580415
v -0.0526680000000000 0.3527560000000000 0.0126940000000000
vn -0.6839895281353100 -0.0516234954576671 0.7276629302898204
v -0.0571660000000000 0.2812970000000000 -0.0028070000000000
vn 0.3645042283548617 -0.1709975097815642 0.9153668768094740
v -0.0296930000000000 0.3596770000000000 0.0168210000000000
vn 0.0042844844483236 -0.3192298420480260 0.9476676374863733
v -0.0377610000000000 0.3531220000000000 0.0165030000000000
vn -0.2122878145977753 -0.2454032754503438 0.9458917042513605
v -0.0454030000000000 0.3528810000000000 0.0153090000000000
vn 0.9049615740256918 0.2409622844356386 -0.3506875062167182
v 0.0068200000000000 0.2728580000000000 -0.0462620000000000
vn 0.9662821956853375 0.1988850309609104 -0.1635342861946721
v 0.0121930000000000 0.2540210000000000 -0.0353230000000000
vn 0.5722607218736897 0.2546166737252865 -0.7795434661785541
v -0.0116330000000000 0.3079810000000000 -0.0536920000000000
vn 0.3224996544350318 0.3134329023573876 -0.8931706380133134
v -0.0235560000000000 0.3303570000000000 -0.0515370000000000
vn -0.8670035817715577 -0.0019381489219205 -0.4982981364344508
v -0.0697140000000000 0.3287550000000000 -0.0393270000000000
vn -0.7265183485006663 0.1285024216881002 -0.6750246046716802
v -0.0632070000000000 0.3186910000000000 -0.0497000000000000
vn -0.3749763279259979 0.2348873523682161 -0.8967835219229802
v -0.0533600000000000 0.3123870000000000 -0.0570270000000000
vn 0.7297533615338134 0.2334162539789073 -0.6426327751589969
v -0.0226240000000000 0.4172960000000000 -0.0260950000000000
vn 0.5643868211640173 -0.0069376895215154 0.8254813047916219
v -0.0221620000000000 0.3735550000000000 0.0159690000000000
vn 0.7535682012492217 -0.0330911235619906 0.6565363231439807
v -0.0134020000000000 0.3740290000000000 0.0070440000000000
vn -0.9990604222539137 -0.0276856475676705 -0.0333433292367498
v -0.0816180000000000 0.4120880000000000 -0.0160320000000000
vn -0.9973744531888502 -0.0007244993118258 -0.0724132254977594
v -0.0825950000000000 0.4451740000000000 -0.0024120000000000
vn 0.8057734532590687 0.0798520470282275 -0.5868158080763991
v 0.1357330000000000 0.0789860000000000 -0.0725270000000000
vn -0.5763538020016646 0.2297005703204927 -0.7842537490587255
v 0.0886110000000000 0.0982310000000000 -0.0809950000000000
vn 0.2346757099159489 0.1338453363318247 -0.9628150066952977
v 0.1134770000000000 0.1096970000000000 -0.0841110000000000
vn 0.7566502939389096 -0.0598898805403542 -0.6510710674657753
v 0.1350130000000000 0.1698070000000000 -0.0658620000000000
vn -0.0106145007116448 0.1226446269688033 -0.9923938874511096
v 0.1065850000000000 0.1308520000000000 -0.0822660000000000
vn -0.6293480138961545 0.0201722211114362 -0.7768617373126296
v 0.0893900000000000 0.1681240000000000 -0.0722360000000000
vn -0.3164443750498218 -0.1156425031627584 0.9415358564396681
v 0.0995780000000000 0.1673810000000000 0.0071700000000000
vn 0.9984534992188674 0.0554220434185091 -0.0043597019297246
v 0.1458940000000000 0.0877620000000000 -0.0408570000000000
vn 0.9704788757095639 0.0048713761523255 0.2411369351548688
v 0.1426220000000000 0.1080300000000000 -0.0244100000000000
vn 0.8570949038460505 -0.1192548997030456 0.5011652369208645
v 0.1413390000000000 0.1501400000000000 -0.0141250000000000
vn -0.7618080470675347 -0.0261147137041625 0.6472762324937464
v 0.0823930000000000 0.1737840000000000 -0.0050620000000000
vn -0.9511000426131637 0.0610367558674622 0.3027923766781686
v 0.0750520000000000 0.1590060000000000 -0.0204980000000000
vn -0.9360062469672966 0.0679785698606614 -0.3453566557602378
v 0.0789260000000000 0.1736170000000000 -0.0572820000000000
vn -0.4080455282470124 0.0871126144889654 -0.9087960383246141
v 0.0946600000000000 0.1369760000000000 -0.0782810000000000
vn -0.7089780969366334 0.1049412693059910 -0.6973789415092467
v 0.0860690000000000 0.1407170000000000 -0.0719130000000000
vn -0.7614889212020137 0.1809300130363982 -0.6224138119203672
v 0.0777960000000000 0.1086300000000000 -0.0674590000000000
vn 0.8662337151222345 0.0860640013319709 -0.4921708427571287
v 0.1362010000000000 0.1057400000000000 -0.0670100000000000
vn 0.9381677387982988 0.0733819755852340 -0.3383140250378264
v 0.1418750000000000 0.0919100000000000 -0.0578510000000000
vn 0.9813260672311709 0.0568280417652069 -0.1837654032774820
v 0.1446550000000000 0.0942400000000000 -0.0483460000000000
vn 0.9817402312692665 0.0129806234160923 -0.1897830912465512
v 0.1442310000000000 0.1296800000000000 -0.0461180000000000
vn 0.8231596807200766 0.0337824338229243 -0.5668040994927800
v 0.1372090000000000 0.1295520000000000 -0.0633580000000000
vn -0.9960253789877651 0.0827950305375152 -0.0328394173299527
v 0.0771940000000000 0.2149370000000000 -0.0362960000000000
vn -0.9809776393540065 0.0258340306209720 -0.1923940590281193
v 0.0783460000000000 0.2091500000000000 -0.0506890000000000
vn -0.9900982972662964 0.1395767879672491 -0.0149560025115760
v 0.0719080000000000 0.1434520000000000 -0.0338820000000000
vn 0.8681604673634838 -0.0012270741014856 -0.4962820742242931
v 0.1401500000000000 0.1584650000000000 -0.0581200000000000
vn 0.9925095751498060 -0.1202931461425220 0.0213143666827212
v 0.1485900000000000 0.1763040000000000 -0.0320720000000000
vn -0.7005678931138812 -0.0013129911362130 0.7135845452308043
v 0.0859900000000000 0.2173710000000000 -0.0000900000000000
vn -0.9451938002842001 0.0968997448415418 0.3117998065329033
v 0.0798180000000000 0.2236400000000000 -0.0159030000000000
vn -0.8405127887996890 0.0321657276072224 0.5408360359958158
v 0.0935780000000000 0.2939170000000000 0.0069360000000000
vn -0.4420813233005688 -0.0002388813126223 0.8969749419713666
v 0.1101450000000000 0.2933490000000000 0.0218030000000000
vn -0.9849572265914706 0.0586540341884237 0.1625391216251090
v 0.0871780000000000 0.2702830000000000 -0.0039190000000000
vn -0.5827320054766972 -0.0702070351531210 0.8096260754250169
v 0.1029280000000000 0.3116010000000000 0.0185470000000000
vn -0.3748938530650920 0.3169215053096660 -0.8712148749913908
v 0.0980670000000000 0.2797600000000000 -0.0444190000000000
vn -0.9440765038816793 0.0935330573989668 -0.3161821025803755
v 0.0883710000000000 0.2896720000000000 -0.0259910000000000
vn 0.9821874247331129 0.0148964561962210 -0.1873124616487908
v 0.1542930000000000 0.2660370000000000 -0.0191990000000000
vn 0.9658642019457174 0.0432413200311651 -0.2554144311540063
v 0.1502670000000000 0.2262630000000000 -0.0379080000000000
vn 0.5377413972519488 -0.1114137391775642 -0.8357159615587078
v 0.2761240000000000 0.0847450000000000 -0.0263880000000000
vn 0.8773753376660235 -0.4139146235107949 -0.2426668524940069
v 0.2738570000000000 0.0515650000000000 -0.0077960000000000
vn 0.7497708732099980 -0.2534719297542635 -0.6112246874207281
v 0.2663680000000000 0.0526290000000000 -0.0242360000000000
vn 0.5320577732565784 -0.3825113180054853 0.7553804455471150
v 0.2738130000000000 0.0811550000000000 0.0461440000000000
vn -0.4036724833621742 0.1346181322538554 0.9049455699900955
v 0.2746040000000000 0.1452020000000000 0.0602690000000000
vn -0.8287164560838973 0.4712155121826022 0.3019685024869874
v 0.2298050000000000 0.1230880000000000 0.0222800000000000
vn -0.1812093064020582 0.0028231762024867 0.9834404999538177
v 0.2550360000000000 0.1106140000000000 0.0544000000000000
vn 0.5806809874850417 -0.1840294185767697 0.7930591175137531
v 0.2480180000000000 0.0325010000000000 0.0386830000000000
vn -0.1295420607442501 0.0234827272255293 0.9912958266936184
v 0.2293860000000000 0.0495590000000000 0.0460380000000000
vn 0.8735604717610777 -0.4738132607094742 0.1113242837498600
v 0.2879200000000000 0.0760330000000000 0.0116170000000000
vn 0.8812990439713138 -0.4707757980674996 0.0410139372550016
v 0.3203730000000000 0.1445290000000000 0.0313080000000000
vn 0.8556668737082195 -0.2924277934308406 -0.4269896800480913
v 0.3204540000000000 0.1511090000000000 0.0220290000000000
vn 0.8577000332886917 -0.1984769865771996 -0.4742968887688503
v 0.3055940000000000 0.1270490000000000 0.0046290000000000
vn -0.2965810719913876 -0.0066212052374008 0.9549847262535898
v 0.3005860000000000 0.1877800000000000 0.0684080000000000
vn 0.0382100082351734 -0.2149869284004848 0.9758691592050610
v 0.2811010000000000 0.1119470000000000 0.0553080000000000
vn -0.8183293962084563 0.5581251041380231 -0.1372347165699122
v 0.2324810000000000 0.1271560000000000 0.0114530000000000
vn 0.4879299514732763 -0.0410719756612201 -0.8719159680098596
v 0.3340090000000000 0.2024410000000000 0.0173870000000000
vn 0.4391423211884021 0.0891510656810023 -0.8939832824103613
v 0.3339050000000000 0.2208150000000000 0.0174040000000000
vn 0.5055823683276706 -0.0016309415607874 -0.8627768013025205
v 0.3523000000000000 0.2303760000000000 0.0279780000000000
vn 0.1241323800289169 0.1362217530196035 -0.9828706864245279
v 0.3247250000000000 0.2248650000000000 0.0149040000000000
vn 0.0081934639705557 -0.1304191543635323 0.9914250911305726
v 0.3379330000000000 0.2301820000000000 0.0827400000000000
vn -0.7160504387693218 -0.0425091097356921 0.6967530012333932
v -0.0324820000000000 0.1315060000000000 -0.0119920000000000
vn -0.8014053814066809 -0.1334394065384771 0.5830466014265681
v -0.0391400000000000 0.1366450000000000 -0.0197060000000000
vn 0.7466787912209260 0.2875044078392791 -0.5998433113854337
v 0.1430820000000000 0.0216830000000000 -0.0789520000000000
vn 0.9368308771723025 0.1319996118789469 -0.3239197586446086
v 0.1462800000000000 0.0554220000000000 -0.0578660000000000
vn 0.5596722464278707 0.2487486588905261 -0.7905005257927065
v 0.1584780000000000 -0.0310200000000000 -0.0866200000000000
vn 0.6375935156812459 0.3032348362425676 -0.7081829868403871
v 0.1488420000000000 -0.0027530000000000 -0.0824220000000000
vn -0.7365468545092024 -0.2830063339205300 -0.6143339043821863
v -0.1167870000000000 -0.2754770000000000 -0.0429270000000000
vn -0.8682261460444675 0.0566138477567552 -0.4929282215160197
v -0.1290380000000000 -0.1941090000000000 -0.0383100000000000
vn -0.9646915799207121 -0.0889127449123105 -0.2479207119670299
v -0.1269200000000000 -0.0970130000000000 -0.0530400000000000
vn -0.9624614189995224 -0.0999766835828826 -0.2523344599478909
v -0.1309450000000000 -0.0718660000000000 -0.0477030000000000
vn -0.9967372824706371 -0.0490112775208183 -0.0641302144766926
v -0.1297480000000000 -0.0962290000000000 -0.0360560000000000
vn 0.2236166593325576 0.4469577090156152 0.8661549491981556
v -0.0711390000000000 -0.1922240000000000 0.1083260000000000
vn 0.2262418972606474 0.2938216666273628 0.9286998611737926
v -0.0696250000000000 -0.2281320000000000 0.1231470000000000
vn 0.3019044063773534 0.3504997901250058 0.8865684556379528
v -0.0581280000000000 -0.2174260000000000 0.1162750000000000
vn -0.6665044244239009 -0.4027074733626028 -0.6273743245633130
v -0.2131200000000000 -0.2291960000000000 0.0230110000000000
vn -0.7098258386611942 -0.4748550599375670 -0.5202498926675737
v -0.1390500000000000 -0.2876970000000000 -0.0104720000000000
vn -0.7828059538574608 0.3423401743291856 0.5196326044866447
v -0.1146320000000000 -0.0852780000000000 0.0241430000000000
vn -0.4779860759731024 0.1923023723814030 0.8570584045164715
v -0.0956080000000000 -0.0523690000000000 0.0280540000000000
vn 0.0495294717879000 0.0640396808940662 0.9967174879048716
v 0.0805140000000000 -0.3056950000000000 0.0750360000000000
vn 0.2762243897389199 0.0552550870569297 0.9595034975797078
v 0.0611640000000000 -0.3055790000000000 0.0772280000000000
vn 0.2179252294348384 0.2195517152735503 0.9509498612945979
v 0.0633730000000000 -0.2744200000000000 0.0719040000000000
vn 0.3534788223287197 -0.2960512396105200 0.8873592202091416
v 0.1844450000000000 -0.2907660000000000 0.0701720000000000
vn 0.0567492321309961 -0.1052614221072693 0.9928240315728148
v 0.1710710000000000 -0.2513710000000000 0.0802080000000000
vn 0.1405026707761600 -0.1495677379402362 0.9787177791744701
v 0.1773080000000000 -0.2673320000000000 0.0773980000000000
vn -0.1912243670067384 0.1622181859614858 0.9680488115824724
v 0.0955250000000000 -0.2620930000000000 0.0694280000000000
vn 0.0033374116893495 0.2840957074390744 0.9587901181686781
v 0.0710780000000000 -0.2393950000000000 0.0606770000000000
vn 0.1912929126778784 -0.2832317581969009 0.9397801831853584
v 0.1596290000000000 -0.3025850000000000 0.0738500000000000
vn -0.2584576363933773 0.0732475694507821 0.9632416331115997
v 0.1397270000000000 -0.2128970000000000 0.0747810000000000
vn -0.0146947105635865 0.1015404448541986 0.9947228777605670
v 0.0474860000000000 -0.1437870000000000 0.0327140000000000
vn 0.0155632858001351 0.3461143146958592 0.9380632522904409
v 0.1274470000000000 0.0500250000000000 0.0314110000000000
vn 0.0614946409534655 0.2877162730220584 0.9557393762801136
v 0.0633270000000000 -0.1974320000000000 0.0462700000000000
vn 0.1468534088411743 0.2899603287345658 0.9457045437513079
v 0.0480430000000000 -0.1671370000000000 0.0375700000000000
vn -0.1557738229986664 0.0220768102806341 0.9875460143791849
v 0.0741350000000000 -0.0068180000000000 0.0270780000000000
vn 0.0293314788987182 0.1606466740480049 0.9865760540692887
v 0.1813680000000000 -0.1064970000000000 0.0738320000000000
vn -0.2577026860819264 0.1441708270539658 0.9554078177473406
v 0.1595740000000000 -0.0610220000000000 0.0600390000000000
vn -0.3035126418454603 0.1427678580493931 0.9420708120666820
v 0.1099470000000000 -0.0374660000000000 0.0374880000000000
vn 0.7479178472858884 0.0228246119655623 -0.6633987720819687
v 0.2138920000000000 -0.1638160000000000 -0.0631420000000000
vn 0.7627351813216149 0.0159653421919764 -0.6465138444170986
v 0.2211630000000000 -0.1850140000000000 -0.0551970000000000
vn -0.4090519299424971 0.1085180272731224 0.9060355160627360
v 0.1262450000000000 -0.1840830000000000 0.0658470000000000
vn -0.3127425749023689 0.0609006774813339 0.9478835315194323
v 0.0805370000000000 -0.1483500000000000 0.0390280000000000
vn -0.3503339760638875 0.1606865419864560 0.9227382838268402
v 0.0857890000000000 -0.1784460000000000 0.0443120000000000
vn -0.4236542733875354 0.0987375986415583 0.9004265340687034
v 0.0952910000000000 -0.1568110000000000 0.0465330000000000
vn -0.4237536494180185 0.0911870611639565 0.9011757678062542
v 0.1127010000000000 -0.1219980000000000 0.0523990000000000
vn -0.1249162531335279 0.0563435505641479 0.9905661684172874
v 0.0530090000000000 -0.1033570000000000 0.0301910000000000
vn -0.0277663394124064 0.1171319477319371 0.9927281285508927
v -0.0613950000000000 -0.0254570000000000 0.0319940000000000
vn -0.9688305174876641 0.0204140474166878 0.2468819455785582
v -0.1267870000000000 -0.0811980000000000 -0.0098030000000000
vn -0.1374931681208637 -0.0071637221990837 0.9904768093218247
v 0.0454840000000000 0.0459570000000000 0.0243840000000000
vn 0.1022695793049626 0.1052598190610803 0.9891720293457628
v 0.0127360000000000 -0.0320090000000000 0.0251780000000000
vn -0.2487110992175702 0.0578247427489776 -0.9668500857175338
v 0.0016260000000000 -0.0554620000000000 -0.1263770000000000
vn 0.6265454902201737 0.3349433545464175 -0.7037426361461659
v 0.0237340000000000 0.0865300000000000 -0.0832860000000000
vn 0.2128163956396862 0.3250372541144944 -0.9214444992427065
v 0.0106540000000000 0.0679200000000000 -0.0998220000000000
vn 0.0361355022151748 0.1285704156458822 -0.9910418122865968
v 0.0810090000000000 -0.4449980000000000 -0.1796840000000000
vn 0.5429940115751098 0.1016668472822389 -0.8335594493239576
v 0.1665780000000000 -0.1478730000000000 -0.0988370000000000
vn 0.0937261035290986 0.1262295822081081 0.9875634207952516
v -0.0342880000000000 0.0359920000000000 0.0230660000000000
vn -0.9177455063144467 -0.1742602568375731 -0.3568985129228517
v -0.1319780000000000 -0.0384770000000000 -0.0648000000000000
vn -0.9749262649338912 -0.1904188710414416 -0.1151496048336891
v -0.1419360000000000 -0.0063000000000000 -0.0414100000000000
vn -0.1634466545426276 0.0330618860136718 0.9859980237363773
v 0.1036030000000000 0.0124330000000000 0.0327560000000000
vn -0.1198511309113238 0.1435115221842228 0.9823645705234102
v 0.1843010000000000 -0.0214480000000000 0.0618680000000000
vn -0.0679203500139417 0.1107363856616207 0.9915262371438208
v 0.1920000000000000 -0.0339640000000000 0.0639760000000000
vn -0.0568509628215976 0.1818103687672080 0.9816888294337413
v 0.1970380000000000 -0.0006360000000000 0.0598320000000000
vn 0.2413705849202199 0.1345125538945795 -0.9610653534385831
v 0.1055870000000000 -0.0542550000000000 -0.1188900000000000
vn 0.3406171594095898 0.2119388047414044 -0.9160032171125421
v 0.1202360000000000 -0.2176720000000000 -0.1359250000000000
vn -0.3765510155766001 0.1010964056917038 -0.9208631002621669
v -0.1040240000000000 0.0128490000000000 -0.0998320000000000
vn -0.1664668917839774 0.1658381172914096 -0.9720012823000914
v -0.0849830000000000 -0.0112890000000000 -0.1080800000000000
vn -0.3583404430155834 -0.0363740331335340 -0.9328821236431729
v -0.0821930000000000 -0.0632480000000000 -0.1120710000000000
vn -0.5170846326827087 -0.0739902333040341 -0.8527302785869650
v -0.0920980000000000 -0.0593630000000000 -0.1073600000000000
vn -0.3177218680725997 -0.0184345951005450 -0.9480047364079658
v -0.0712640000000000 -0.0744550000000000 -0.1160460000000000
vn -0.3037308964524786 0.1985225451132160 -0.9318456640570610
v -0.0261280000000000 -0.0179430000000000 -0.1126650000000000
vn 0.0222641639054049 0.1516324014177733 -0.9881861777245584
v 0.0191220000000000 -0.0202750000000000 -0.1265170000000000
vn -0.1055775722506530 0.0759514195649677 -0.9915063076469681
v 0.0133580000000000 -0.0419290000000000 -0.1278760000000000
vn -0.9750746334949261 0.0467130848496511 -0.2169040036941801
v -0.1301680000000000 -0.1424580000000000 -0.0313420000000000
vn -0.9685073934952156 -0.0290451132593679 -0.2472848764903625
v -0.1256540000000000 -0.1328520000000000 -0.0502910000000000
vn -0.7843262723700819 -0.1396270379073934 -0.6044307973252683
v -0.1126830000000000 -0.0646460000000000 -0.0904990000000000
vn -0.6762615187196560 -0.1113798024711171 -0.7281928988259082
v -0.1077430000000000 -0.0566630000000000 -0.0964980000000000
vn -0.7837686840320447 -0.1532412308619203 -0.6018502929255752
v -0.1142560000000000 -0.2486560000000000 -0.0557580000000000
vn -0.7968980827916757 -0.1459051297284474 -0.5862295956038696
v -0.1058890000000000 -0.2466520000000000 -0.0681750000000000
vn -0.7731353844010957 -0.1588424791756304 -0.6140282926676175
v -0.0866890000000000 -0.2617980000000000 -0.0886120000000000
vn -0.2797862964569005 0.0536060226705015 -0.9585645636306306
v -0.0758360000000000 -0.0441170000000000 -0.1144950000000000
vn 0.0005254474057449 0.2412555476875836 -0.9704614802324654
v -0.0726370000000000 -0.0112940000000000 -0.1089500000000000
vn -0.0764514917576224 0.1257898608290621 -0.9891067082578298
v -0.0588710000000000 -0.0491750000000000 -0.1173270000000000
vn -0.0183654237655238 0.2116516536943182 -0.9771725992363750
v -0.0892870000000000 0.0184990000000000 -0.1011090000000000
vn 0.0951027647456108 0.3466696338609163 -0.9331535935184944
v -0.0825750000000000 0.0222800000000000 -0.0996750000000000
vn -0.8324357383893414 -0.0587031959347139 -0.5510033359601760
v -0.1154580000000000 -0.0794220000000000 -0.0845870000000000
vn -0.5710816128352003 -0.0950087512346248 -0.8153766790081647
v -0.0962910000000000 -0.0914920000000000 -0.1013070000000000
vn -0.6309839471331813 -0.0681485604501858 -0.7727968893369059
v -0.0773540000000000 -0.2178460000000000 -0.1048310000000000
vn -0.8492669440583358 -0.1037282642441604 -0.5176737437099829
v -0.1176550000000000 -0.0940480000000000 -0.0783040000000000
vn -0.9315185706321856 -0.0650873767824852 -0.3578222826361498
v -0.1241910000000000 -0.0914590000000000 -0.0647420000000000
vn -0.8112478343707211 -0.0679808812697959 -0.5807370756294081
v -0.1181190000000000 -0.2152340000000000 -0.0554640000000000
vn -0.7486407881266626 -0.1104657327610696 -0.6537081093566528
v -0.0929290000000000 -0.2275600000000000 -0.0884120000000000
vn 0.1784932071477872 0.1514897103022748 -0.9722093615444309
v 0.0318920000000000 -0.0281000000000000 -0.1257760000000000
vn 0.2068164684474605 0.2574434703143902 -0.9439013761889556
v 0.0267240000000000 0.0015790000000000 -0.1207310000000000
vn -0.8734935350879809 -0.1577908367377621 -0.4605552040755803
v -0.0833790000000000 -0.3319700000000000 -0.0731900000000000
vn -0.9528568572203839 -0.3033882935958098 0.0043991995994076
v -0.0907530000000000 -0.3675160000000000 -0.0074660000000000
vn -0.8388910105055962 -0.0732076203485536 -0.5393537955885744
v -0.1111480000000000 -0.1773270000000000 -0.0723610000000000
vn -0.7388154641785006 -0.0578621678276124 -0.6714191533051437
v -0.0996390000000000 -0.1892580000000000 -0.0866350000000000
vn -0.8898475660161536 -0.0888359925135653 -0.4475259497383999
v -0.1180730000000000 -0.1301250000000000 -0.0697770000000000
vn -0.6675009577889488 -0.0291070366026578 -0.7440398186730651
v -0.0907260000000000 -0.1980620000000000 -0.0952750000000000
vn -0.6237129751008111 -0.0835363821800975 -0.7771768122783616
v -0.0885200000000000 -0.1401140000000000 -0.1021800000000000
vn 0.2315350855383378 0.3521368415113547 0.9068578438846751
v 0.0493140000000000 -0.2239870000000000 0.0586330000000000
vn 0.3829168821875047 0.3361596835056987 0.8604483299543030
v 0.0439420000000000 -0.2380710000000000 0.0657520000000000
vn 0.7318793278278837 0.0605640867560779 0.6787375346137914
v 0.1328020000000000 0.0997590000000000 -0.0081850000000000
vn 0.7036476348001370 -0.0855155524866395 0.7053843607020769
v 0.1373610000000000 0.1172440000000000 -0.0123840000000000
vn 0.3814231340777731 -0.0314998847091270 0.9238637075097176
v -0.0030050000000000 0.1976150000000000 0.0018860000000000
vn -0.3896434343102522 -0.0513628246515276 0.9195324107081428
v -0.0240820000000000 0.1855920000000000 0.0015830000000000
vn 0.2155143925045322 0.2824561260370492 -0.9347577672785313
v 0.0583500000000000 -0.0100410000000000 -0.1133680000000000
vn 0.2138259622324599 0.4737124387341504 -0.8543272108881389
v 0.0509640000000000 0.0408330000000000 -0.0940230000000000
vn 0.2540453934186534 0.3666097965821979 -0.8950185445747597
v 0.0532360000000000 0.0214630000000000 -0.1026460000000000
vn 0.8772670809857912 0.4081600476688824 -0.2526021458847984
v 0.1495720000000000 0.0487900000000000 -0.0399870000000000
vn 0.5149978695135873 0.5836691818185104 -0.6277798026312862
v 0.1570100000000000 0.0286870000000000 -0.0476730000000000
vn 0.0120113545103370 -0.1068279258406089 0.9942049696231759
v 0.1460480000000000 -0.2896360000000000 0.0780710000000000
vn -0.0566176506358951 -0.0209153775914307 0.9981768323381783
v 0.1086780000000000 -0.2965350000000000 0.0744820000000000
vn -0.1095053897432389 0.1109841313151375 0.9877707690620358
v 0.1009250000000000 -0.2808630000000000 0.0727850000000000
vn 0.0650568671422827 -0.2036062003146419 0.9768890004657977
v 0.1249260000000000 -0.3119290000000000 0.0742560000000000
vn 0.3886253409824312 -0.4949282018364284 0.7771849325438887
v 0.1642230000000000 -0.3425330000000000 0.0536860000000000
vn 0.4028130876723334 0.2676071808011983 -0.8752873889092174
v 0.1968730000000000 -0.0259360000000000 -0.0665480000000000
vn 0.0898648863823010 0.1366191375878491 -0.9865391596080961
v 0.0641220000000000 -0.1534540000000000 -0.1338190000000000
vn 0.2451806013547015 0.0906009128753215 -0.9652346591920047
v 0.1100410000000000 -0.1288420000000000 -0.1253030000000000
vn -0.1092489917916185 0.0896438933143811 -0.9899639539821411
v -0.0459330000000000 -0.0840600000000000 -0.1208130000000000
vn -0.1591110085389070 0.0788897826545361 -0.9841036983745421
v -0.0247000000000000 -0.1641590000000000 -0.1273880000000000
vn -0.2206159295535111 0.1116303163547114 -0.9689516417746488
v -0.0268530000000000 -0.0446140000000000 -0.1167330000000000
vn -0.1329246185418756 0.0610102404605217 -0.9892465801530202
v -0.0328950000000000 -0.1317880000000000 -0.1238680000000000
vn -0.1461917034085000 0.0961778157575270 -0.9845698622295078
v -0.0033440000000000 -0.1514920000000000 -0.1281990000000000
vn -0.2292566878782284 0.1081513501067574 -0.9673389563814694
v 0.0284860000000000 -0.3222790000000000 -0.1517470000000000
vn 0.0915915416224468 0.1034753442490639 -0.9904058979205249
v 0.0771820000000000 -0.2787780000000000 -0.1551050000000000
vn 0.3587865408946013 0.0999455072605302 -0.9280534002153765
v 0.1239770000000000 -0.1629750000000000 -0.1257850000000000
vn -0.2960813567563962 0.0235574771401358 -0.9548721775463371
v -0.0426620000000000 -0.1754560000000000 -0.1240140000000000
vn -0.5618679313713754 -0.0651901947408216 -0.8246542707135550
v -0.0702190000000000 -0.2183660000000000 -0.1100170000000000
vn -0.4822658617738738 -0.0397152028024668 -0.8751241861780885
v -0.0572390000000000 -0.2268930000000000 -0.1174940000000000
vn -0.3812969901233500 0.0213487205335386 -0.9242060578975095
v -0.0297610000000000 -0.2419700000000000 -0.1304580000000000
vn -0.6897609720836693 -0.0072849218461853 -0.7240005050439444
v -0.0621150000000000 -0.3231690000000000 -0.1046090000000000
vn -0.5367916970514313 -0.0541049922699782 -0.8419782204951088
v -0.0473040000000000 -0.2709980000000000 -0.1204770000000000
vn -0.5633319012696582 -0.0420729243552971 -0.8251587956557851
v -0.0459530000000000 -0.3071110000000000 -0.1186400000000000
vn -0.2762679047750816 0.0005062076437587 -0.9610805317688044
v 0.0186380000000000 -0.3090240000000000 -0.1484490000000000
vn -0.3926331033871894 0.0161681636339673 -0.9195530635092517
v -0.0075480000000000 -0.3141750000000000 -0.1392230000000000
vn -0.0751570219478575 0.0417904592532873 -0.9962956285999295
v 0.0499500000000000 -0.2823330000000000 -0.1563410000000000
vn 0.1553951407412424 0.1015367993887565 -0.9826202870915586
v 0.1002790000000000 -0.0789250000000000 -0.1226320000000000
vn 0.1280395432277338 0.1512971304950560 -0.9801607284899734
v 0.0897660000000000 -0.1658100000000000 -0.1330540000000000
vn 0.3567932547998009 0.0544656688964905 -0.9325942656059076
v 0.1203150000000000 -0.3025650000000000 -0.1469680000000000
vn 0.5381185363725183 0.0725936825976746 -0.8397372196462455
v 0.1468090000000000 -0.3018000000000000 -0.1340650000000000
vn 0.6393094385705242 0.0948486847365100 -0.7630774330029655
v 0.1691910000000000 -0.2221000000000000 -0.1079760000000000
vn 0.3394982402263710 0.0828780423715917 -0.9369483310064916
v 0.1214170000000000 -0.1201440000000000 -0.1215450000000000
vn 0.4268327132443023 0.1013166582386807 -0.8986371735399408
v 0.1330490000000000 -0.1284000000000000 -0.1172490000000000
vn 0.4762540488833066 0.1212598158802816 -0.8709065035782758
v 0.1499230000000000 -0.1738770000000000 -0.1134440000000000
vn 0.6892234730516126 0.0536972748879499 -0.7225563001346544
v 0.1954590000000000 -0.2071960000000000 -0.0839310000000000
vn 0.6717429857367253 0.0422797325813072 -0.7395767609426103
v 0.2014170000000000 -0.1649620000000000 -0.0753840000000000
vn -0.3801432253923857 0.1495968109756403 0.9127496493202242
v 0.1055670000000000 -0.0849700000000000 0.0440750000000000
vn 0.8218593882926370 0.0072416420437237 -0.5696443666848316
v 0.2340340000000000 -0.1350630000000000 -0.0380590000000000
vn 0.8006947424263582 -0.0196184924692605 -0.5987512373298459
v 0.2293810000000000 -0.1097210000000000 -0.0445720000000000
vn 0.9353354721833419 -0.0246095685483045 -0.3529049781618721
v 0.2435660000000000 -0.1587020000000000 -0.0195320000000000
vn 0.8606791184730976 -0.0325284722518185 -0.5081076200150262
v 0.2382070000000000 -0.1595960000000000 -0.0306900000000000
vn 0.8654498563044098 -0.0177835502605995 0.5006798293947992
v 0.2382610000000000 -0.1378180000000000 0.0485110000000000
vn 0.9775626697977667 -0.0840941563535811 0.1931305244777270
v 0.2464900000000000 -0.1818460000000000 0.0207210000000000
vn 0.9716100688928414 -0.0556457716334233 0.2299509124256063
v 0.2469350000000000 -0.1537080000000000 0.0272840000000000
vn 0.4080633684233924 -0.0301095407831834 0.9124569594807093
v 0.2089080000000000 -0.1605380000000000 0.0749770000000000
vn 0.2253445966364790 -0.0002177755207802 0.9742791003303751
v 0.1956170000000000 -0.1966210000000000 0.0789670000000000
vn 0.4418756279333918 -0.0589877710048915 0.8951348347094671
v 0.2047460000000000 -0.2079680000000000 0.0751410000000000
vn 0.6412371084565187 -0.0142534439800788 0.7672104079540564
v 0.2195070000000000 -0.1637090000000000 0.0690850000000000
vn -0.1399440238709354 0.0465251191389950 0.9890657629662011
v 0.1650510000000000 -0.1714300000000000 0.0790750000000000
vn -0.3592568755943529 0.0932144967915675 0.9285717823227662
v 0.1452470000000000 -0.1652380000000000 0.0725560000000000
vn 0.7816117849525909 0.0318472616894348 -0.6229516590764564
v 0.2089770000000000 -0.2504320000000000 -0.0722930000000000
vn 0.7142571489175613 0.0646082463839070 -0.6968948986176846
v 0.1897490000000000 -0.2663550000000000 -0.0948280000000000
vn 0.5206689754182355 -0.1232382589653251 0.8448172284962708
v 0.2033660000000000 -0.2412210000000000 0.0725890000000000
vn 0.7129171269431557 -0.2386541358107322 0.6593886362165706
v 0.2127750000000000 -0.2697170000000000 0.0587860000000000
vn -0.0924662219223887 -0.0278016879734943 0.9953276163903140
v 0.1601300000000000 -0.2451890000000000 0.0803870000000000
vn -0.0640033783819646 -0.0029384525085993 0.9979453557447672
v 0.1723050000000000 -0.2277640000000000 0.0812260000000000
vn 0.8544842271783196 0.0071255133807505 -0.5194284672238619
v 0.2125880000000000 -0.3036460000000000 -0.0683520000000000
vn 0.8210772370492336 0.0073545622277969 -0.5707697269600362
v 0.2130520000000000 -0.2718560000000000 -0.0681070000000000
vn 0.7727119148828846 0.0864528931888298 -0.6288419466426411
v 0.1950440000000000 -0.3029300000000000 -0.0918280000000000
vn 0.9816441460494838 -0.1886195607813835 -0.0282388352702028
v 0.2365000000000000 -0.2694730000000000 -0.0087520000000000
vn 0.9180483934274145 -0.0828839341933296 -0.3877078807272030
v 0.2211670000000000 -0.3082550000000000 -0.0505930000000000
vn 0.8906423110583171 -0.0453716372102317 -0.4524352863002210
v 0.2269740000000000 -0.2706410000000000 -0.0460880000000000
vn 0.8790616213458704 -0.1972590099441309 0.4339810466744264
v 0.2298310000000000 -0.2555000000000000 0.0384660000000000
vn 0.8610134129603090 -0.3178610502068371 0.3970141753940873
v 0.2217950000000000 -0.2998290000000000 0.0281580000000000
vn 0.9567972152666346 -0.2459993148629182 0.1549949223200166
v 0.2290070000000000 -0.2960510000000000 0.0062120000000000
vn 0.9562870711385606 -0.2921053399389887 0.0137661887376746
v 0.2257080000000000 -0.3195660000000000 -0.0189330000000000
vn 0.5029051744300990 -0.3794917805498239 0.7765773458108058
v 0.1933410000000000 -0.3032980000000000 0.0598850000000000
vn 0.5534554715885442 -0.4808543906733607 0.6800485982184311
v 0.1916670000000000 -0.3326310000000000 0.0439890000000000
vn 0.6754986383009847 -0.3693091518816191 0.6382102631500018
v 0.2062130000000000 -0.3023870000000000 0.0503400000000000
vn 0.7459655611377156 -0.4335254593619617 0.5055601424969072
v 0.2099500000000000 -0.3255660000000000 0.0296230000000000
vn -0.6373532714610105 -0.7035456975561949 -0.3143314473738111
v -0.1570990000000000 -0.2929470000000000 0.0225110000000000
vn -0.6440698766559459 -0.7536968263364228 -0.1308246458233271
v -0.1501290000000000 -0.3034720000000000 0.0372790000000000
vn 0.7101343200929685 0.6562477951642899 -0.2550452484719242
v -0.0723200000000000 0.1025010000000000 -0.0368110000000000
vn -0.9601592892833449 -0.2485334901660971 -0.1277702761551394
v -0.1636020000000000 0.0860220000000000 -0.0408780000000000
vn -0.9378950329074642 -0.3071777134863872 -0.1612289043093133
v -0.1725860000000000 0.1221990000000000 -0.0479470000000000
vn 0.7312155562440044 0.3612128942431002 -0.5786614341212779
v -0.1578810000000000 0.2966970000000000 -0.0301610000000000
vn 0.8852603676989683 0.0975844267103986 -0.4547431814168192
v 0.2095970000000000 -0.4953430000000000 -0.1099270000000000
vn 0.7975348296782468 0.1197917932582616 -0.5912597751564534
v 0.1981880000000000 -0.4973270000000000 -0.1289360000000000
vn 0.5805377455154388 0.1352018775489695 -0.8029298713705232
v 0.1590480000000000 -0.4504300000000000 -0.1565650000000000
vn 0.4939441020199359 0.1559121873506048 -0.8554008498448368
v 0.1559630000000000 -0.5000000000000000 -0.1673120000000000
vn 0.0682179808591104 0.1468430818358657 -0.9868046495656835
v 0.0890070000000000 -0.4977870000000000 -0.1866800000000000
vn 0.2190150608235344 0.1460078789571319 -0.9647352499079231
v 0.1186230000000000 -0.4993190000000000 -0.1826350000000000
vn 0.3399764694289649 0.1581072577551561 -0.9270480544609112
v 0.1331410000000000 -0.4523100000000000 -0.1705130000000000
vn 0.3320275265147638 0.1484043788562265 -0.9315223357347828
v 0.1309790000000000 -0.4997220000000000 -0.1788370000000000
vn -0.2763631262556958 0.1602435121305692 -0.9475998307652015
v 0.0231450000000000 -0.4936900000000000 -0.1778710000000000
vn -0.1795285270828810 0.1547680783465357 -0.9715021100792175
v 0.0440560000000000 -0.4950100000000000 -0.1829220000000000
vn -0.5860968230586224 0.1849666604407348 -0.7888458965640829
v -0.0291940000000000 -0.4905490000000000 -0.1528220000000000
vn -0.4032820390848376 0.1688445418404563 -0.8993637293343899
v -0.0025400000000000 -0.4921400000000000 -0.1682940000000000
vn -0.8654662437854934 0.1277334898848715 -0.4844092654250743
v -0.0647900000000000 -0.4875650000000000 -0.1111050000000000
vn -0.8416391493687196 0.1061160285606759 -0.5295119741161739
v -0.0577710000000000 -0.4559200000000000 -0.1153010000000000
vn -0.7499109570197368 0.1511038019880890 -0.6440506172394271
v -0.0512060000000000 -0.4891080000000000 -0.1320360000000000
vn 0.0547664153840029 0.0348612887988576 -0.9978904400229864
v 0.0790650000000000 -0.3014640000000000 -0.1554360000000000
vn 0.0271822768568158 0.1481241814059238 -0.9885951399373276
v 0.0771340000000000 -0.3205980000000000 -0.1570610000000000
vn -0.0893495516403990 0.1043140023188240 -0.9905227137940291
v 0.0538430000000000 -0.3176510000000000 -0.1556570000000000
vn -0.4798663795895648 0.0149400257535458 -0.8772143713882525
v -0.0310330000000000 -0.3136480000000000 -0.1280480000000000
vn 0.3811912424477578 0.0859963631666504 0.9204878392478874
v 0.1418780000000000 -0.4334430000000000 0.0443030000000000
vn 0.9992703269807180 0.0194956793512866 0.0328440573388941
v 0.2197780000000000 -0.4396270000000000 -0.0508800000000000
vn 0.9501490653003648 0.0354676463785570 -0.3097721739750177
v 0.2153890000000000 -0.4422680000000000 -0.0840140000000000
vn -0.9906963448939464 -0.0048984491059638 -0.1360027845675632
v -0.0807800000000000 -0.4442520000000000 -0.0549910000000000
vn -0.9210921841310561 0.1034656972579932 -0.3753452248578606
v -0.0726920000000000 -0.4860470000000000 -0.0936980000000000
vn -0.9821276062072237 0.0320922752236077 -0.1854601062132792
v -0.0804090000000000 -0.4831220000000000 -0.0643570000000000
vn 0.9322536743830382 0.1157529044217195 0.3427890775932928
v 0.2183970000000000 -0.4873670000000000 -0.0185860000000000
vn 0.9908493653888891 0.0279871469194670 0.1320388379066703
v 0.2188890000000000 -0.4389860000000000 -0.0405280000000000
vn 0.9591665696929847 0.0273730195837331 0.2815141370913037
v 0.2168660000000000 -0.4400900000000000 -0.0293710000000000
vn 0.9807874696763798 -0.0448659496157790 0.1898499035840651
v 0.2185460000000000 -0.4230250000000000 -0.0354580000000000
vn -0.8861795914746284 -0.0236275097327108 0.4627390975892260
v -0.0722300000000000 -0.4411590000000000 0.0015360000000000
vn -0.8009793096829800 -0.0184784274702164 0.5984067957318037
v -0.0651330000000000 -0.4405050000000000 0.0132600000000000
vn 0.9901664536241981 0.0722726946687274 0.1197791790028616
v 0.2225470000000000 -0.4888960000000000 -0.0391470000000000
vn -0.3537317892649986 0.1093619086185402 -0.9289315336485744
v 0.0030860000000000 -0.3267290000000000 -0.1445780000000000
vn -0.5023120913077829 0.0606455563719060 -0.8625570586450173
v -0.0289380000000000 -0.3318130000000000 -0.1304000000000000
vn -0.5882698148832739 0.0708264298312983 -0.8055571002322249
v -0.0393350000000000 -0.3591180000000000 -0.1261740000000000
vn -0.9538094818995181 -0.0531066548889379 -0.2956808337465927
v -0.0805510000000000 -0.3777730000000000 -0.0715520000000000
vn -0.9388205546616702 -0.1175548779010137 -0.3237233646594445
v -0.0867630000000000 -0.3491190000000000 -0.0574160000000000
vn -0.8507615941933793 -0.0605829714023640 -0.5220482864846894
v -0.0724340000000000 -0.3444230000000000 -0.0906030000000000
vn -0.8403321426457635 -0.0245924580947710 -0.5415137126991683
v -0.0700390000000000 -0.3842100000000000 -0.0933570000000000
vn -0.8927925470887763 -0.0197688852572100 -0.4500340643089392
v -0.0765080000000000 -0.3681280000000000 -0.0821330000000000
vn -0.9716415980190862 -0.1649284707839792 -0.1694438093403660
v -0.0895040000000000 -0.3574360000000000 -0.0411770000000000
vn -0.7596052782281700 0.0801070500793246 -0.6454321667034367
v -0.0498720000000000 -0.4364680000000000 -0.1218270000000000
vn -0.6536753468488599 0.1071441888298586 -0.7491519630368824
v -0.0368340000000000 -0.4423010000000000 -0.1359080000000000
vn -0.6556817119661712 0.0902598483673871 -0.7496230068279705
v -0.0391900000000000 -0.4070950000000000 -0.1297490000000000
vn -0.1874856426388885 0.1463765767057700 -0.9712996610707650
v 0.0390280000000000 -0.4677430000000000 -0.1776490000000000
vn 0.2659187772727788 0.1309061526352440 -0.9550658527536142
v 0.1206000000000000 -0.4279750000000000 -0.1707560000000000
vn 0.5898194081522143 0.1305168231761439 -0.7969180789987003
v 0.1696780000000000 -0.4237780000000000 -0.1442840000000000
vn 0.4618096797366315 0.1561147959696777 -0.8731322867589398
v 0.1502630000000000 -0.4249130000000000 -0.1574270000000000
vn 0.8254118772640535 0.1109975630899191 -0.5535113132172915
v 0.1997920000000000 -0.4490260000000000 -0.1164640000000000
vn 0.9773835508306804 -0.0830721596233026 -0.1944747049390513
v 0.2174430000000000 -0.3338400000000000 -0.0515790000000000
vn 0.6499754581719738 0.1911804053188713 -0.7355147560696826
v 0.1768690000000000 -0.3242800000000000 -0.1155810000000000
vn 0.3408755322664901 0.1593820142458690 -0.9264994576560565
v 0.1251920000000000 -0.3237420000000000 -0.1481700000000000
vn 0.4653987796863202 0.1538070411148794 -0.8716348834058730
v 0.1370710000000000 -0.3174380000000000 -0.1417470000000000
vn 0.9564964932508375 0.0760783760884840 -0.2816496744017107
v 0.2203280000000000 -0.4923950000000000 -0.0805340000000000
vn 0.9961915214920843 -0.0314642156815364 0.0813170070700568
v 0.2221570000000000 -0.3964750000000000 -0.0476120000000000
vn 0.9882061959338461 -0.0088936175531090 -0.1528705919553400
v 0.2190380000000000 -0.4382710000000000 -0.0674240000000000
vn 0.6395967679388816 0.1421270929554167 -0.7554573872100125
v 0.1818370000000000 -0.3879160000000000 -0.1291430000000000
vn 0.0983116701568456 0.1407694435690673 -0.9851491152451120
v 0.0911080000000000 -0.4191250000000000 -0.1754010000000000
vn 0.1979173626866728 0.1683935854585256 -0.9656460624491637
v 0.1048960000000000 -0.4142590000000000 -0.1724450000000000
vn -0.3343183771746265 0.1325033477988460 -0.9330991831018942
v 0.0202230000000000 -0.4191860000000000 -0.1656020000000000
vn -0.2290845678237512 0.1361146018042372 -0.9638428689162353
v 0.0376420000000000 -0.4190190000000000 -0.1709530000000000
vn -0.0848932319353088 0.1587233943300407 -0.9836666220137431
v 0.0632890000000000 -0.4179010000000000 -0.1751030000000000
vn 0.9352585633381620 0.1568373775240421 -0.3173223230628731
v 0.2137380000000000 -0.3471640000000000 -0.0715200000000000
vn 0.7427589939186576 0.1621148481290626 -0.6496367084525277
v 0.1982610000000000 -0.3765050000000000 -0.1115680000000000
vn 0.3322510361537067 0.1731478201843637 -0.9271618420427965
v 0.1277990000000000 -0.3920890000000000 -0.1618520000000000
vn 0.4069242274889736 0.1820410990076499 -0.8951389341072084
v 0.1382930000000000 -0.3803530000000000 -0.1552980000000000
vn 0.5397022139412344 0.1657212573164172 -0.8253835382053580
v 0.1643460000000000 -0.3789010000000000 -0.1401560000000000
vn 0.7561550705337485 0.1387668357989925 0.6395101833344308
v 0.1988080000000000 -0.4854820000000000 0.0155770000000000
vn 0.4860770261282537 0.1509448568770134 0.8607814907702714
v 0.1674840000000000 -0.4842270000000000 0.0404440000000000
vn 0.6574055457740543 0.1452573321955136 0.7394039868900898
v 0.1871910000000000 -0.4849580000000000 0.0271890000000000
vn 0.2534857227280851 0.1393293189844330 0.9572524898083863
v 0.1220560000000000 -0.4818950000000000 0.0584740000000000
vn -0.6940949181364564 0.0122279872870248 0.7197796335990997
v -0.0505340000000000 -0.4741520000000000 0.0307180000000000
vn -0.5794315755894960 0.0834562912842177 -0.8107367616279393
v -0.0279020000000000 -0.3973670000000000 -0.1377240000000000
vn -0.0284652276154598 0.1818297843110565 -0.9829179316474976
v 0.0655220000000000 -0.3671470000000000 -0.1662440000000000
vn 0.0350140573295454 0.1770596545180350 -0.9835770913005637
v 0.0798080000000000 -0.3913800000000000 -0.1710630000000000
vn 0.2353119421998642 0.1832344821883016 -0.9544911808892280
v 0.1126480000000000 -0.3790210000000000 -0.1640780000000000
vn -0.4377743522369168 0.1247849643198972 -0.8903832484965279
v -0.0039620000000000 -0.3586390000000000 -0.1468720000000000
vn -0.1532703780485646 0.1811671880369325 -0.9714353510098555
v 0.0497130000000000 -0.3613230000000000 -0.1634970000000000
vn -0.9159530872826107 -0.0172816320806972 0.4009130667489918
v -0.0730000000000000 -0.4764730000000000 -0.0007020000000000
vn -0.8259656579775099 -0.0058829403505298 0.5636897398876543
v -0.0624460000000000 -0.4749560000000000 0.0168610000000000
vn -0.9998285696511831 -0.0099876834364563 -0.0155909425257881
v -0.0815680000000000 -0.4804700000000000 -0.0407310000000000
vn 0.3783694789728235 0.7953053295894127 0.4736306262357932
v 0.1256320000000000 0.0757400000000000 0.0134850000000000
vn -0.6441822156045744 0.0142927187823503 -0.7647385117074923
v -0.3185670000000000 -0.0933760000000000 0.0698470000000000
vn -0.6162272455306629 -0.6733477533297907 0.4084933107792774
v -0.3388600000000000 -0.0926520000000000 0.1601870000000000
vn -0.9188907531219739 -0.2824871955115764 0.2753920263895382
v -0.2061710000000000 0.2389640000000000 -0.0036160000000000
vn 0.1386190128839794 -0.2118556387395697 0.9674202590401547
v 0.2626250000000000 0.0833090000000000 0.0515150000000000
vn 0.9083650906776478 -0.4156610939051888 -0.0458117566977130
v 0.3064520000000000 0.1147070000000000 0.0226860000000000
vn 0.3735134410795725 -0.4129242543846439 0.8306511117634061
v 0.1743240000000000 -0.3193620000000000 0.0622230000000000
vn -0.3798234620505736 0.1994669062867755 -0.9032978971370957
v -0.0055020000000000 0.0026220000000000 -0.1183110000000000
vn -0.8478143402771142 -0.2017551344957969 -0.4904138151857719
v -0.0913710000000000 -0.2976350000000000 -0.0713790000000000
vn 0.6632210587068084 0.1226612380248847 -0.7383034931341059
v 0.1742600000000000 -0.3034520000000000 -0.1132410000000000
vn -0.8893590224856607 -0.2599778237861883 0.3761011303662192
v -0.0755410000000000 -0.4023710000000000 0.0012440000000000
vn -0.4759988939630027 -0.0395310038872003 -0.8785569717882094
v -0.0805640000000000 -0.1395000000000000 -0.1071230000000000
vn 0.2644293868546114 0.1171439757157354 0.9572640118176413
v 0.2115290000000000 -0.0011890000000000 0.0586310000000000
vn -0.0912278046440658 -0.6937441399824588 0.7144204335682336
v -0.0368460000000000 -0.3649670000000000 0.0767380000000000
vn -0.8028149646350803 -0.5202022982959018 -0.2913377788849846
v -0.1046150000000000 -0.3387650000000000 -0.0038570000000000
vn -0.2086234853601918 -0.5510975114738800 0.8079404521395513
v -0.1269880000000000 -0.2852540000000000 0.1203120000000000
vn -0.7889852093044708 -0.5747748968027253 0.2171086306534054
v -0.3154320000000000 -0.1321060000000000 0.1346440000000000
vn 0.8349526561237349 0.3516453875358900 -0.4233197177744659
v -0.1088790000000000 0.1670500000000000 -0.0503590000000000
vn -0.9544630004262478 -0.2300445833705358 0.1899470201903708
v -0.1957110000000000 0.1980520000000000 -0.0081900000000000
vn -0.0694322255548800 -0.0725632128600342 0.9949440919940807
v -0.1400910000000000 0.1342030000000000 0.0206970000000000
vn -0.9636738466239553 -0.1424618857406311 -0.2259144272599979
v -0.1956030000000000 0.1897500000000000 -0.0349110000000000
vn -0.0827915850396802 -0.1053044697732254 0.9909876498182999
v -0.1744550000000000 0.2231090000000000 0.0230680000000000
vn -0.3072153556148888 -0.1585473817714851 0.9383397321907584
v -0.1893750000000000 0.2455260000000000 0.0225840000000000
vn 0.5418637029815710 0.1776916529798743 0.8214678349469197
v -0.1411870000000000 0.2317030000000000 0.0146370000000000
vn 0.0957624604426792 -0.0585757747990244 0.9936792388777469
v -0.1872980000000000 0.2899410000000000 0.0289690000000000
vn 0.8884093766608389 0.0567572107200625 0.4555297997852370
v 0.0138580000000000 0.2185120000000000 -0.0134550000000000
vn 0.8679375668946886 0.2257968599210804 -0.4423801058170540
v -0.0099230000000000 0.3554810000000000 -0.0297890000000000
vn 0.6072133751241549 -0.0629257930285092 0.7920430932986320
v -0.0116500000000000 0.2991010000000000 0.0048590000000000
vn 0.1429499545494704 -0.1266559506727916 0.9815923699038596
v -0.0248370000000000 0.3024840000000000 0.0097470000000000
vn -0.9309251403297171 -0.2056535448745836 0.3018029201028616
v -0.0748820000000000 0.3948630000000000 0.0033140000000000
vn 0.6024021827817896 0.1113623120018331 -0.7903860105324118
v 0.1245120000000000 0.1064140000000000 -0.0791220000000000
vn 0.3432849716473453 0.0921346533409388 -0.9347013608071973
v 0.1177380000000000 0.1342130000000000 -0.0795850000000000
vn -0.5937296330313377 -0.0437132112791788 0.8034763705424914
v 0.0885370000000000 0.1530570000000000 -0.0000240000000000
vn 0.9635993474825034 -0.1027991624049359 -0.2467967377015698
v 0.1473040000000000 0.1732580000000000 -0.0417370000000000
vn 0.9285321945664521 0.0417933993696100 -0.3688919562998639
v 0.1516040000000000 0.2878210000000000 -0.0236400000000000
vn -0.9811295136539780 0.1542742868722798 0.1165517989872223
v 0.0790230000000000 0.2302830000000000 -0.0243590000000000
vn 0.9232406241065614 -0.3417338485145360 -0.1756266687572567
v 0.3012850000000000 0.1061640000000000 0.0087750000000000
vn -0.0076022489037369 0.1294438175626093 0.9915576150211463
v -0.0205220000000000 0.0600250000000000 0.0190550000000000
vn 0.2898595482179964 0.1364893522313614 0.9472867037145208
v 0.2036020000000000 -0.1120630000000000 0.0723130000000000
vn -0.3062099284563112 0.1403058560092650 0.9415677067977046
v 0.1090640000000000 -0.0549080000000000 0.0404800000000000
vn 0.1720871295529119 0.4274325910189719 -0.8875175491093389
v -0.0681830000000000 0.0477630000000000 -0.0857600000000000
vn -0.9949566427527871 -0.0829741002097662 0.0563611367564786
v -0.1319310000000000 -0.0674620000000000 -0.0369690000000000
vn -0.9866672975921446 -0.1194907508054648 -0.1104970783964939
v -0.1354450000000000 -0.0336420000000000 -0.0555450000000000
vn 0.1992480366318893 0.1344266691624956 -0.9706851654971421
v 0.1124820000000000 -0.1612910000000000 -0.1287800000000000
vn -0.9398714864928392 0.0985828922227483 -0.3269908289826167
v -0.1331430000000000 -0.1645180000000000 -0.0236260000000000
vn -0.0389257961113167 0.5788870795795616 -0.8144780730584135
v 0.1891660000000000 0.0232190000000000 -0.0448810000000000
vn 0.4825952481305998 0.1893798246195156 -0.8551240310673338
v 0.1362170000000000 -0.2274130000000000 -0.1312250000000000
vn -0.0756869451454280 0.0268813933599826 0.9967692195416042
v 0.1692320000000000 -0.2004670000000000 0.0808910000000000
vn -0.9605921730610411 -0.0820388021009792 0.2655792009998203
v -0.0800550000000000 -0.4311860000000000 -0.0184300000000000
vn -0.9730075467272552 -0.0497170523192649 -0.2253542294266781
v -0.0802090000000000 -0.4146490000000000 -0.0652700000000000
vn 0.7470291225196936 0.0680445229585648 -0.6612998056878575
v 0.1971460000000000 -0.3991010000000000 -0.1161710000000000
vn 0.8595491286780931 0.1286853336655873 0.4945860696462321
v 0.2095810000000000 -0.4861950000000000 0.0007610000000000
vn 0.9638691154754286 -0.1374582206435910 0.2281700370559482
v 0.2428620000000000 -0.2122570000000000 0.0211910000000000
vn 0.9973277847732970 -0.0644272465777403 0.0344444424776980
v 0.2481990000000000 -0.1709150000000000 0.0125720000000000
vn -0.7193403567743740 -0.5593371932666369 -0.4119361059003172
v -0.1276290000000000 -0.3094880000000000 -0.0028280000000000
vn 0.8202610328831464 0.2549639060273969 0.5120207462171104
v -0.1258800000000000 0.2126080000000000 0.0053650000000000
vn -0.7065122271503677 -0.1641821211864097 -0.6883928413121091
v -0.1258920000000000 -0.2516190000000000 -0.0407470000000000
vn -0.9428163906602347 0.0106551544974950 -0.3331421936426579
v -0.0747840000000000 -0.4524910000000000 -0.0802390000000000
vn 0.9934127685526087 0.0649438922477086 -0.0944106039402298
v 0.2230460000000000 -0.4905010000000000 -0.0591740000000000
# 1905 vertices, 0 vertices normals

f 1779//1779 1904//1904 1289//1289
f 618//618 172//172 94//94
f 618//618 162//162 163//163
f 172//172 114//114 94//94
f 162//162 618//618 94//94
f 1230//1230 1075//1075 1//1
f 94//94 916//916 905//905
f 859//859 116//116 1290//1290
f 1290//1290 1858//1858 1291//1291
f 115//115 947//947 1706//1706
f 404//404 902//902 91//91
f 902//902 903//903 92//92
f 92//92 91//91 902//902
f 91//91 92//92 900//900
f 903//903 901//901 92//92
f 899//899 132//132 117//117
f 1297//1297 937//937 1296//1296
f 1296//1296 1695//1695 1298//1298
f 1218//1218 122//122 935//935
f 1227//1227 1063//1063 129//129
f 937//937 100//100 119//119
f 14//14 161//161 787//787
f 130//130 912//912 913//913
f 130//130 15//15 912//912
f 1568//1568 14//14 914//914
f 3//3 17//17 134//134
f 775//775 16//16 887//887
f 1232//1232 136//136 1059//1059
f 926//926 927//927 1307//1307
f 1643//1643 1661//1661 1644//1644
f 1293//1293 1334//1334 1336//1336
f 1729//1729 1727//1727 972//972
f 1314//1314 1319//1319 1081//1081
f 140//140 794//794 795//795
f 99//99 98//98 1859//1859
f 1316//1316 843//843 1639//1639
f 1319//1319 1317//1317 1085//1085
f 921//921 924//924 141//141
f 921//921 142//142 827//827
f 142//142 829//829 828//828
f 143//143 1213//1213 837//837
f 1322//1322 1325//1325 883//883
f 144//144 1356//1356 1322//1322
f 782//782 804//804 803//803
f 1087//1087 1323//1323 1591//1591
f 1087//1087 146//146 1323//1323
f 1324//1324 1325//1325 175//175
f 1324//1324 1006//1006 885//885
f 883//883 1324//1324 884//884
f 1325//1325 1356//1356 1364//1364
f 147//147 189//189 148//148
f 1860//1860 148//148 1326//1326
f 1088//1088 149//149 1095//1095
f 1151//1151 1093//1093 497//497
f 1338//1338 1335//1335 1337//1337
f 1091//1091 1339//1339 1092//1092
f 1686//1686 1340//1340 1341//1341
f 1855//1855 1672//1672 1343//1343
f 1672//1672 1235//1235 1803//1803
f 103//103 153//153 1857//1857
f 1037//1037 156//156 128//128
f 626//626 631//631 627//627
f 639//639 159//159 640//640
f 639//639 637//637 638//638
f 161//161 638//638 162//162
f 171//171 19//19 412//412
f 1351//1351 761//761 778//778
f 1486//1486 1090//1090 165//165
f 1354//1354 1482//1482 1486//1486
f 890//890 1005//1005 1253//1253
f 151//151 923//923 1091//1091
f 511//511 900//900 55//55
f 167//167 512//512 514//514
f 167//167 792//792 789//789
f 170//170 1129//1129 1442//1442
f 929//929 6//6 170//170
f 825//825 994//994 995//995
f 175//175 1364//1364 1362//1362
f 1089//1089 190//190 147//147
f 175//175 1089//1089 1328//1328
f 178//178 1177//1177 872//872
f 769//769 768//768 178//178
f 179//179 772//772 1087//1087
f 1761//1761 1098//1098 181//181
f 182//182 183//183 184//184
f 1365//1365 1099//1099 1360//1360
f 185//185 1360//1360 1359//1359
f 1594//1594 1358//1358 1368//1368
f 1370//1370 1363//1363 1364//1364
f 1099//1099 1365//1365 1357//1357
f 183//183 182//182 187//187
f 189//189 1095//1095 149//149
f 188//188 147//147 190//190
f 191//191 176//176 1362//1362
f 192//192 1099//1099 1367//1367
f 1862//1862 1367//1367 1366//1366
f 725//725 22//22 23//23
f 177//177 1101//1101 1370//1370
f 1371//1371 1372//1372 1760//1760
f 1761//1761 1372//1372 20//20
f 1096//1096 20//20 157//157
f 1373//1373 219//219 1176//1176
f 1102//1102 1374//1374 224//224
f 240//240 195//195 241//241
f 240//240 22//22 195//195
f 196//196 241//241 724//724
f 274//274 273//273 201//201
f 273//273 227//227 226//226
f 203//203 202//202 1106//1106
f 236//236 205//205 1376//1376
f 237//237 208//208 204//204
f 204//204 208//208 209//209
f 1378//1378 1379//1379 211//211
f 196//196 207//207 209//209
f 197//197 725//725 21//21
f 223//223 1104//1104 212//212
f 221//221 196//196 223//223
f 214//214 218//218 221//221
f 218//218 1100//1100 219//219
f 218//218 747//747 220//220
f 247//247 1380//1380 221//221
f 196//196 221//221 1380//1380
f 729//729 732//732 248//248
f 731//731 227//227 299//299
f 227//227 731//731 733//733
f 201//201 226//226 1105//1105
f 226//226 733//733 728//728
f 728//728 216//216 1105//1105
f 1382//1382 198//198 742//742
f 230//230 234//234 231//231
f 233//233 230//230 232//232
f 7//7 988//988 989//989
f 238//238 250//250 7//7
f 242//242 246//246 245//245
f 246//246 243//243 1378//1378
f 267//267 242//242 295//295
f 1107//1107 245//245 749//749
f 244//244 1107//1107 249//249
f 247//247 749//749 245//245
f 222//222 245//245 246//246
f 731//731 248//248 732//732
f 731//731 1107//1107 248//248
f 253//253 254//254 280//280
f 254//254 1109//1109 280//280
f 255//255 290//290 287//287
f 1391//1391 255//255 287//287
f 292//292 1391//1391 287//287
f 252//252 253//253 289//289
f 254//254 253//253 252//252
f 291//291 255//255 1108//1108
f 293//293 254//254 256//256
f 1391//1391 293//293 256//256
f 1849//1849 1109//1109 1392//1392
f 1109//1109 254//254 1392//1392
f 1392//1392 254//254 293//293
f 257//257 258//258 1385//1385
f 1384//1384 259//259 258//258
f 274//274 1110//1110 1118//1118
f 1386//1386 292//292 288//288
f 259//259 1384//1384 203//203
f 265//265 1114//1114 264//264
f 270//270 266//266 269//269
f 271//271 1118//1118 310//310
f 1863//1863 269//269 1389//1389
f 275//275 1376//1376 205//205
f 277//277 1109//1109 286//286
f 284//284 1112//1112 278//278
f 277//277 276//276 279//279
f 1109//1109 279//279 280//280
f 282//282 277//277 278//278
f 264//264 1390//1390 285//285
f 1109//1109 277//277 279//279
f 281//281 302//302 289//289
f 1108//1108 301//301 291//291
f 1388//1388 294//294 24//24
f 296//296 272//272 297//297
f 272//272 1399//1399 297//297
f 30//30 301//301 27//27
f 303//303 287//287 290//290
f 1116//1116 311//311 1402//1402
f 29//29 28//28 27//27
f 1399//1399 308//308 1393//1393
f 1394//1394 1008//1008 1397//1397
f 1396//1396 306//306 1113//1113
f 306//306 1395//1395 307//307
f 1395//1395 1398//1398 283//283
f 1397//1397 1008//1008 1398//1398
f 298//298 297//297 1113//1113
f 1396//1396 1399//1399 1393//1393
f 1400//1400 1399//1399 272//272
f 308//308 1402//1402 311//311
f 1115//1115 1402//1402 1117//1117
f 29//29 276//276 304//304
f 30//30 1401//1401 313//313
f 30//30 313//313 300//300
f 1000//1000 1411//1411 999//999
f 1764//1764 1120//1120 1122//1122
f 314//314 328//328 325//325
f 8//8 1864//1864 1253//1253
f 1403//1403 323//323 315//315
f 1123//1123 1415//1415 1416//1416
f 1419//1419 998//998 1420//1420
f 1120//1120 1001//1001 102//102
f 317//317 925//925 1002//1002
f 991//991 324//324 322//322
f 322//322 324//324 993//993
f 1422//1422 1409//1409 1865//1865
f 1004//1004 1121//1121 326//326
f 328//328 314//314 331//331
f 328//328 1175//1175 329//329
f 330//330 166//166 319//319
f 351//351 331//331 350//350
f 332//332 331//331 314//314
f 8//8 327//327 32//32
f 722//722 32//32 327//327
f 334//334 720//720 333//333
f 1867//1867 350//350 332//332
f 1424//1424 720//720 334//334
f 1424//1424 722//722 335//335
f 34//34 1426//1426 1850//1850
f 338//338 34//34 360//360
f 339//339 354//354 337//337
f 1437//1437 341//341 1427//1427
f 1429//1429 1430//1430 1426//1426
f 1429//1429 720//720 721//721
f 354//354 338//338 356//356
f 361//361 342//342 362//362
f 360//360 342//342 361//361
f 366//366 368//368 347//347
f 371//371 1439//1439 367//367
f 1438//1438 344//344 365//365
f 362//362 1438//1438 365//365
f 345//345 1435//1435 1126//1126
f 1435//1435 345//345 1125//1125
f 1430//1430 1869//1869 1428//1428
f 1868//1868 1432//1432 1434//1434
f 1902//1902 1870//1870 1407//1407
f 1126//1126 1124//1124 1127//1127
f 1435//1435 723//723 1256//1256
f 349//349 346//346 347//347
f 1434//1434 1869//1869 1868//1868
f 1437//1437 1427//1427 1428//1428
f 350//350 1867//1867 721//721
f 351//351 721//721 720//720
f 378//378 37//37 42//42
f 37//37 378//378 1012//1012
f 352//352 380//380 41//41
f 353//353 352//352 41//41
f 392//392 40//40 41//41
f 40//40 353//353 41//41
f 36//36 390//390 42//42
f 40//40 37//37 353//353
f 37//37 40//40 36//36
f 353//353 1012//1012 39//39
f 39//39 1012//1012 386//386
f 39//39 363//363 352//352
f 352//352 353//353 39//39
f 336//336 356//356 385//385
f 357//357 385//385 338//338
f 359//359 377//377 396//396
f 396//396 364//364 359//359
f 359//359 357//357 360//360
f 365//365 376//376 377//377
f 362//362 359//359 361//361
f 369//369 374//374 343//343
f 343//343 1014//1014 384//384
f 387//387 369//369 384//384
f 344//344 371//371 376//376
f 374//374 375//375 372//372
f 398//398 396//396 377//377
f 1012//1012 353//353 37//37
f 379//379 387//387 378//378
f 355//355 386//386 385//385
f 363//363 39//39 355//355
f 386//386 355//355 39//39
f 378//378 42//42 379//379
f 42//42 390//390 383//383
f 40//40 9//9 36//36
f 36//36 9//9 390//390
f 9//9 40//40 392//392
f 380//380 392//392 41//41
f 373//373 375//375 374//374
f 381//381 388//388 43//43
f 381//381 43//43 382//382
f 389//389 391//391 382//382
f 383//383 389//389 43//43
f 383//383 388//388 379//379
f 388//388 381//381 373//373
f 389//389 9//9 391//391
f 9//9 392//392 393//393
f 9//9 393//393 391//391
f 395//395 394//394 380//380
f 401//401 394//394 397//397
f 399//399 398//398 400//400
f 399//399 375//375 381//381
f 37//37 36//36 42//42
f 43//43 389//389 382//382
f 394//394 401//401 393//393
f 393//393 401//401 391//391
f 1472//1472 1129//1129 412//412
f 1129//1129 171//171 412//412
f 1466//1466 93//93 402//402
f 405//405 402//402 404//404
f 117//117 1443//1443 405//405
f 1447//1447 1131//1131 1445//1445
f 1445//1445 1137//1137 1133//1133
f 1139//1139 419//419 44//44
f 1457//1457 1452//1452 416//416
f 45//45 408//408 1452//1452
f 411//411 408//408 44//44
f 411//411 418//418 408//408
f 1475//1475 411//411 410//410
f 1446//1446 417//417 411//411
f 1133//1133 1477//1477 1134//1134
f 427//427 1454//1454 1496//1496
f 1872//1872 1683//1683 1465//1465
f 1468//1468 1470//1470 1467//1467
f 1462//1462 1460//1460 719//719
f 1582//1582 1684//1684 1458//1458
f 1466//1466 413//413 1464//1464
f 1465//1465 904//904 1466//1466
f 1467//1467 1469//1469 1472//1472
f 1476//1476 1478//1478 1473//1473
f 1479//1479 414//414 1513//1513
f 415//415 1454//1454 1872//1872
f 418//418 1471//1471 416//416
f 1471//1471 418//418 1484//1484
f 1450//1450 1131//1131 1451//1451
f 1482//1482 1449//1449 1486//1486
f 410//410 44//44 1149//1149
f 407//407 406//406 1139//1139
f 1139//1139 45//45 407//407
f 455//455 457//457 456//456
f 464//464 458//458 1492//1492
f 454//454 1516//1516 425//425
f 1521//1521 1509//1509 1494//1494
f 1142//1142 430//430 1495//1495
f 1496//1496 1498//1498 1497//1497
f 426//426 1874//1874 429//429
f 431//431 1496//1496 1454//1454
f 431//431 1512//1512 1500//1500
f 1500//1500 426//426 431//431
f 1145//1145 1146//1146 1504//1504
f 1460//1460 1135//1135 1459//1459
f 433//433 1506//1506 1460//1460
f 1491//1491 423//423 1504//1504
f 1511//1511 466//466 434//434
f 1148//1148 440//440 1514//1514
f 1512//1512 435//435 1148//1148
f 445//445 1480//1480 436//436
f 445//445 436//436 409//409
f 1144//1144 438//438 1501//1501
f 437//437 438//438 443//443
f 45//45 437//437 443//443
f 1512//1512 431//431 1513//1513
f 441//441 1515//1515 440//440
f 440//440 1518//1518 441//441
f 441//441 1517//1517 422//422
f 443//443 439//439 406//406
f 439//439 443//443 444//444
f 443//443 406//406 407//407
f 443//443 407//407 45//45
f 1148//1148 1500//1500 1512//1512
f 48//48 47//47 446//446
f 448//448 447//447 50//50
f 448//448 481//481 447//447
f 478//478 446//446 47//47
f 47//47 48//48 463//463
f 48//48 50//50 49//49
f 48//48 49//49 463//463
f 49//49 50//50 461//461
f 448//448 50//50 48//48
f 447//447 461//461 50//50
f 448//448 450//450 449//449
f 450//450 471//471 449//449
f 420//420 1489//1489 451//451
f 452//452 1140//1140 451//451
f 458//458 464//464 459//459
f 450//450 46//46 460//460
f 463//463 49//49 51//51
f 49//49 461//461 51//51
f 481//481 480//480 447//447
f 447//447 470//470 461//461
f 47//47 463//463 467//467
f 1522//1522 1876//1876 474//474
f 1876//1876 465//465 494//494
f 494//494 489//489 495//495
f 1509//1509 1520//1520 466//466
f 491//491 434//434 466//466
f 468//468 462//462 52//52
f 462//462 467//467 52//52
f 496//496 54//54 53//53
f 54//54 470//470 53//53
f 471//471 450//450 472//472
f 472//472 459//459 471//471
f 1523//1523 474//474 473//473
f 1523//1523 449//449 471//471
f 477//477 46//46 446//446
f 478//478 479//479 477//477
f 47//47 479//479 478//478
f 475//475 1520//1520 1521//1521
f 485//485 477//477 479//479
f 462//462 486//486 479//479
f 484//484 486//486 468//468
f 487//487 483//483 484//484
f 52//52 54//54 496//496
f 469//469 492//492 493//493
f 474//474 495//495 473//473
f 495//495 489//489 493//493
f 446//446 46//46 48//48
f 52//52 496//496 468//468
f 497//497 1525//1525 1152//1152
f 1299//1299 497//497 1152//1152
f 1546//1546 506//506 1536//1536
f 499//499 505//505 506//506
f 501//501 504//504 503//503
f 501//501 529//529 498//498
f 1526//1526 1528//1528 1878//1878
f 501//501 1537//1537 504//504
f 1878//1878 501//501 498//498
f 503//503 1529//1529 505//505
f 1529//1529 1536//1536 506//506
f 505//505 1529//1529 506//506
f 507//507 1304//1304 508//508
f 509//509 510//510 1539//1539
f 1547//1547 510//510 509//509
f 55//55 895//895 511//511
f 1530//1530 1534//1534 1879//1879
f 521//521 527//527 524//524
f 1530//1530 521//521 523//523
f 1532//1532 1543//1543 1157//1157
f 1154//1154 528//528 527//527
f 1535//1535 1879//1879 1534//1534
f 1534//1534 56//56 1535//1535
f 545//545 543//543 544//544
f 543//543 518//518 520//520
f 520//520 522//522 543//543
f 1550//1550 520//520 518//518
f 531//531 561//561 530//530
f 524//524 527//527 531//531
f 1538//1538 504//504 1537//1537
f 1155//1155 1538//1538 510//510
f 1541//1541 1531//1531 1584//1584
f 533//533 1549//1549 1880//1880
f 526//526 527//527 1549//1549
f 528//528 1154//1154 1533//1533
f 528//528 1533//1533 1157//1157
f 527//527 526//526 561//561
f 529//529 525//525 1527//1527
f 502//502 525//525 529//529
f 505//505 499//499 562//562
f 1550//1550 1551//1551 56//56
f 530//530 522//522 531//531
f 562//562 1166//1166 1167//1167
f 562//562 1167//1167 559//559
f 562//562 559//559 536//536
f 533//533 534//534 58//58
f 534//534 533//533 525//525
f 555//555 1559//1559 58//58
f 535//535 559//559 558//558
f 563//563 536//536 535//535
f 537//537 534//534 502//502
f 539//539 574//574 59//59
f 547//547 59//59 574//574
f 574//574 1163//1163 546//546
f 540//540 1162//1162 583//583
f 547//547 577//577 576//576
f 550//550 532//532 551//551
f 552//552 541//541 540//540
f 60//60 532//532 560//560
f 553//553 542//542 541//541
f 548//548 551//551 549//549
f 549//549 1555//1555 1553//1553
f 555//555 1159//1159 1881//1881
f 556//556 1556//1556 566//566
f 535//535 556//556 557//557
f 1556//1556 1165//1165 600//600
f 1556//1556 558//558 559//559
f 1165//1165 1554//1554 1557//1557
f 1557//1557 1554//1554 1163//1163
f 1881//1881 1558//1558 1164//1164
f 1558//1558 553//553 60//60
f 60//60 1164//1164 1558//1558
f 526//526 58//58 1559//1559
f 537//537 505//505 562//562
f 534//534 537//537 563//563
f 64//64 565//565 564//564
f 572//572 63//63 61//61
f 63//63 65//65 61//61
f 66//66 64//64 564//564
f 564//564 63//63 62//62
f 564//564 62//62 66//66
f 573//573 62//62 63//63
f 565//565 65//65 63//63
f 565//565 569//569 592//592
f 66//66 610//610 64//64
f 66//66 68//68 610//610
f 64//64 610//610 570//570
f 591//591 589//589 567//567
f 592//592 590//590 565//565
f 595//595 570//570 604//604
f 65//65 571//571 61//61
f 62//62 611//611 66//66
f 590//590 592//592 589//589
f 590//590 65//65 565//565
f 611//611 62//62 573//573
f 539//539 59//59 601//601
f 613//613 601//601 59//59
f 10//10 583//583 1162//1162
f 1162//1162 593//593 10//10
f 59//59 547//547 613//613
f 609//609 598//598 613//613
f 609//609 586//586 587//587
f 576//576 613//613 547//547
f 578//578 579//579 586//586
f 586//586 576//576 577//577
f 583//583 580//580 540//540
f 602//602 587//587 586//586
f 615//615 617//617 588//588
f 617//617 69//69 67//67
f 68//68 66//66 584//584
f 66//66 611//611 584//584
f 599//599 590//590 591//591
f 596//596 65//65 599//599
f 593//593 567//567 589//589
f 595//595 592//592 569//569
f 596//596 598//598 571//571
f 571//571 65//65 596//596
f 567//567 539//539 601//601
f 581//581 594//594 595//595
f 604//604 607//607 595//595
f 607//607 605//605 606//606
f 614//614 587//587 588//588
f 610//610 608//608 604//604
f 584//584 611//611 69//69
f 573//573 572//572 69//69
f 612//612 61//61 571//571
f 571//571 614//614 612//612
f 569//569 565//565 64//64
f 615//615 588//588 616//616
f 605//605 608//608 585//585
f 585//585 608//608 68//68
f 585//585 68//68 584//584
f 69//69 617//617 584//584
f 619//619 645//645 716//716
f 716//716 621//621 619//619
f 621//621 631//631 620//620
f 1560//1560 1561//1561 1562//1562
f 1560//1560 623//623 660//660
f 624//624 718//718 684//684
f 630//630 622//622 629//629
f 97//97 628//628 631//631
f 626//626 632//632 633//633
f 632//632 173//173 633//633
f 634//634 1168//1168 1563//1563
f 1565//1565 683//683 682//682
f 1350//1350 1565//1565 1575//1575
f 1565//1565 641//641 683//683
f 1567//1567 130//130 642//642
f 642//642 130//130 643//643
f 644//644 642//642 1851//1851
f 1350//1350 716//716 645//645
f 1569//1569 678//678 635//635
f 635//635 1561//1561 1569//1569
f 654//654 714//714 660//660
f 1570//1570 647//647 648//648
f 648//648 1852//1852 1570//1570
f 1572//1572 1852//1852 1883//1883
f 655//655 1571//1571 1572//1572
f 661//661 653//653 658//658
f 650//650 659//659 651//651
f 680//680 1171//1171 673//673
f 673//673 650//650 653//653
f 655//655 661//661 658//658
f 657//657 646//646 1571//1571
f 715//715 1883//1883 1174//1174
f 651//651 659//659 658//658
f 714//714 654//654 662//662
f 664//664 70//70 647//647
f 664//664 665//665 70//70
f 650//650 673//673 668//668
f 669//669 676//676 670//670
f 636//636 679//679 671//671
f 1573//1573 676//676 675//675
f 672//672 670//670 676//676
f 670//670 672//672 697//697
f 675//675 674//674 677//677
f 677//677 1171//1171 682//682
f 636//636 677//677 1564//1564
f 1574//1574 1566//1566 1168//1168
f 679//679 648//648 647//647
f 682//682 1173//1173 1565//1565
f 717//717 1172//1172 681//681
f 682//682 1564//1564 677//677
f 654//654 684//684 681//681
f 652//652 654//654 681//681
f 81//81 72//72 75//75
f 685//685 711//711 1578//1578
f 712//712 81//81 75//75
f 72//72 73//73 79//79
f 72//72 79//79 80//80
f 75//75 72//72 80//80
f 685//685 72//72 81//81
f 72//72 685//685 73//73
f 1576//1576 667//667 1579//1579
f 1577//1577 82//82 1578//1578
f 1578//1578 82//82 685//685
f 82//82 1577//1577 1579//1579
f 82//82 706//706 713//713
f 78//78 688//688 693//693
f 688//688 702//702 693//693
f 702//702 688//688 687//687
f 687//687 75//75 74//74
f 687//687 690//690 75//75
f 75//75 80//80 74//74
f 687//687 688//688 690//690
f 80//80 77//77 74//74
f 689//689 691//691 708//708
f 78//78 689//689 688//688
f 82//82 694//694 706//706
f 666//666 699//699 665//665
f 670//670 82//82 667//667
f 696//696 701//701 704//704
f 698//698 1580//1580 701//701
f 79//79 700//700 76//76
f 700//700 79//79 73//73
f 76//76 700//700 709//709
f 77//77 80//80 79//79
f 77//77 79//79 76//76
f 704//704 702//702 703//703
f 74//74 77//77 703//703
f 709//709 705//705 76//76
f 705//705 709//709 710//710
f 76//76 705//705 77//77
f 707//707 663//663 646//646
f 685//685 81//81 712//712
f 73//73 685//685 71//71
f 73//73 71//71 700//700
f 703//703 687//687 74//74
f 75//75 690//690 712//712
f 71//71 82//82 713//713
f 77//77 705//705 703//703
f 703//703 705//705 704//704
f 714//714 1174//1174 1560//1560
f 1562//1562 630//630 1560//1560
f 723//723 1424//1424 1425//1425
f 725//725 241//241 195//195
f 21//21 726//726 197//197
f 726//726 184//184 1366//1366
f 197//197 726//726 1366//1366
f 1373//1373 867//867 1374//1374
f 906//906 938//938 727//727
f 731//731 732//732 733//733
f 773//773 734//734 1177//1177
f 1596//1596 755//755 1348//1348
f 738//738 736//736 1180//1180
f 736//736 1668//1668 1180//1180
f 84//84 736//736 737//737
f 738//738 755//755 758//758
f 1635//1635 1653//1653 1590//1590
f 83//83 180//180 84//84
f 730//730 740//740 741//741
f 873//873 217//217 741//741
f 746//746 742//742 744//744
f 1595//1595 745//745 758//758
f 758//758 874//874 876//876
f 748//748 1102//1102 224//224
f 1107//1107 731//731 249//249
f 749//749 747//747 748//748
f 1368//1368 752//752 1361//1361
f 753//753 762//762 868//868
f 1383//1383 757//757 756//756
f 757//757 1383//1383 1595//1595
f 1181//1181 989//989 988//988
f 1181//1181 988//988 987//987
f 881//881 760//760 759//759
f 759//759 760//760 85//85
f 778//778 761//761 1627//1627
f 1627//1627 761//761 813//813
f 807//807 764//764 763//763
f 762//762 751//751 766//766
f 766//766 767//767 765//765
f 765//765 767//767 769//769
f 1597//1597 767//767 86//86
f 767//767 764//764 1598//1598
f 769//769 771//771 768//768
f 771//771 769//769 1597//1597
f 771//771 146//146 772//772
f 1184//1184 1192//1192 1193//1193
f 1884//1884 822//822 1185//1185
f 774//774 776//776 164//164
f 901//901 778//778 792//792
f 792//792 778//778 793//793
f 1691//1691 1692//1692 1599//1599
f 1692//1692 1605//1605 1186//1186
f 1601//1601 1599//1599 1186//1186
f 841//841 1217//1217 779//779
f 85//85 781//781 780//780
f 781//781 85//85 782//782
f 812//812 1628//1628 1184//1184
f 783//783 1201//1201 813//813
f 761//761 819//819 783//783
f 1628//1628 812//812 783//783
f 1605//1605 1189//1189 785//785
f 1606//1606 87//87 1611//1611
f 1605//1605 785//785 1190//1190
f 785//785 1606//1606 1190//1190
f 760//760 786//786 145//145
f 1693//1693 1191//1191 1607//1607
f 1198//1198 87//87 785//785
f 882//882 1194//1194 786//786
f 145//145 1609//1609 800//800
f 779//779 88//88 915//915
f 915//915 88//88 918//918
f 779//779 788//788 841//841
f 1610//1610 789//789 790//790
f 87//87 1194//1194 1611//1611
f 839//839 1201//1201 1613//1613
f 790//790 793//793 839//839
f 792//792 167//167 901//901
f 798//798 840//840 1616//1616
f 1316//1316 1321//1321 1086//1086
f 1083//1083 1885//1885 794//794
f 140//140 847//847 850//850
f 847//847 1329//1329 848//848
f 797//797 1309//1309 972//972
f 1329//1329 847//847 1309//1309
f 798//798 1321//1321 1615//1615
f 761//761 783//783 813//813
f 1622//1622 1739//1739 1318//1318
f 800//800 799//799 1624//1624
f 804//804 782//782 800//800
f 1184//1184 802//802 803//803
f 750//750 802//802 806//806
f 1625//1625 807//807 806//806
f 1598//1598 807//807 831//831
f 810//810 1626//1626 811//811
f 1200//1200 811//811 838//838
f 1201//1201 839//839 1627//1627
f 1203//1203 1629//1629 1650//1650
f 1203//1203 951//951 1629//1629
f 814//814 925//925 319//319
f 166//166 815//815 814//814
f 1887//1887 1662//1662 927//927
f 927//927 926//926 928//928
f 1209//1209 1207//1207 1686//1686
f 1241//1241 1633//1633 965//965
f 805//805 783//783 1214//1214
f 1351//1351 903//903 777//777
f 775//775 886//886 776//776
f 1311//1311 823//823 139//139
f 824//824 826//826 143//143
f 824//824 139//139 825//825
f 826//826 320//320 997//997
f 834//834 828//828 829//829
f 823//823 1311//1311 1185//1185
f 806//806 805//805 1214//1214
f 1634//1634 830//830 1214//1214
f 830//830 831//831 1625//1625
f 831//831 830//830 833//833
f 833//833 808//808 831//831
f 836//836 838//838 835//835
f 836//836 809//809 837//837
f 838//838 142//142 1200//1200
f 1889//1889 151//151 1635//1635
f 1889//1889 1200//1200 1636//1636
f 841//841 1637//1637 840//840
f 1216//1216 1640//1640 1217//1217
f 846//846 1859//1859 844//844
f 1859//1859 843//843 844//844
f 848//848 911//911 913//913
f 851//851 853//853 910//910
f 855//855 853//853 856//856
f 1641//1641 858//858 1716//1716
f 1717//1717 1890//1890 816//816
f 1646//1646 1654//1654 1339//1339
f 859//859 1291//1291 1647//1647
f 1650//1650 1700//1700 1219//1219
f 1652//1652 1676//1676 1220//1220
f 1657//1657 860//860 1656//1656
f 1661//1661 1204//1204 1659//1659
f 1294//1294 1660//1660 1659//1659
f 1660//1660 1233//1233 1698//1698
f 1698//1698 1647//1647 1660//1660
f 1233//1233 1660//1660 1221//1221
f 1226//1226 1666//1666 1663//1663
f 1291//1291 1226//1226 1664//1664
f 1292//1292 1675//1675 1678//1678
f 1676//1676 1667//1667 1666//1666
f 1668//1668 1656//1656 1655//1655
f 1670//1670 1650//1650 1649//1649
f 1670//1670 1649//1649 1671//1671
f 1818//1818 1222//1222 1274//1274
f 1223//1223 152//152 1088//1088
f 1326//1326 1007//1007 1860//1860
f 1007//1007 1326//1326 864//864
f 1028//1028 1039//1039 1033//1033
f 865//865 180//180 1588//1588
f 1891//1891 179//179 1651//1651
f 1674//1674 1676//1676 866//866
f 1678//1678 1674//1674 866//866
f 1678//1678 866//866 1226//1226
f 1592//1592 1361//1361 1182//1182
f 867//867 1182//1182 753//753
f 869//869 870//870 1374//1374
f 178//178 870//870 754//754
f 741//741 871//871 872//872
f 741//741 872//872 1177//1177
f 734//734 873//873 741//741
f 734//734 741//741 1177//1177
f 746//746 744//744 83//83
f 744//744 873//873 734//734
f 877//877 874//874 875//875
f 879//879 752//752 880//880
f 879//879 739//739 878//878
f 786//786 881//881 880//880
f 1606//1606 1611//1611 1679//1679
f 1679//1679 882//882 1680//1680
f 1606//1606 1680//1680 1601//1601
f 89//89 1601//1601 144//144
f 884//884 1051//1051 5//5
f 1006//1006 1327//1327 1007//1007
f 3//3 889//889 1762//1762
f 6//6 889//889 170//170
f 889//889 90//90 1762//1762
f 890//890 1253//1253 1864//1864
f 890//890 1355//1355 90//90
f 55//55 894//894 895//895
f 899//899 900//900 511//511
f 511//511 896//896 893//893
f 511//511 893//893 899//899
f 900//900 901//901 167//167
f 900//900 899//899 91//91
f 901//901 900//900 92//92
f 1892//1892 906//906 907//907
f 908//908 1892//1892 907//907
f 95//95 97//97 854//854
f 97//97 910//910 853//853
f 913//913 911//911 173//173
f 787//787 1229//1229 14//14
f 98//98 914//914 1079//1079
f 1763//1763 1003//1003 919//919
f 827//827 920//920 921//921
f 924//924 922//922 923//923
f 919//919 922//922 924//924
f 932//932 137//137 1887//1887
f 932//932 931//931 6//6
f 932//932 930//930 137//137
f 931//931 889//889 6//6
f 932//932 891//891 931//931
f 959//959 958//958 1212//1212
f 1689//1689 1892//1892 100//100
f 1153//1153 1074//1074 1688//1688
f 1227//1227 150//150 5//5
f 939//939 1693//1693 940//940
f 1191//1191 939//939 1078//1078
f 1694//1694 156//156 1757//1757
f 155//155 1275//1275 1759//1759
f 155//155 1757//1757 156//156
f 101//101 1748//1748 1272//1272
f 96//96 941//941 119//119
f 941//941 969//969 1695//1695
f 1722//1722 1633//1633 942//942
f 964//964 943//943 962//962
f 1210//1210 955//955 946//946
f 953//953 946//946 955//955
f 1701//1701 116//116 859//859
f 1706//1706 1699//1699 948//948
f 949//949 953//953 952//952
f 1702//1702 1701//1701 949//949
f 950//950 956//956 1060//1060
f 951//951 1203//1203 953//953
f 1060//1060 1058//1058 1018//1018
f 980//980 1781//1781 1704//1704
f 1020//1020 1238//1238 1715//1715
f 1234//1234 1711//1711 1712//1712
f 1020//1020 1018//1018 1058//1058
f 1235//1235 1234//1234 1710//1710
f 1019//1019 1715//1715 1238//1238
f 136//136 1696//1696 1717//1717
f 980//980 1718//1718 1239//1239
f 817//817 979//979 1718//1718
f 1720//1720 1241//1241 1724//1724
f 966//966 1633//1633 943//943
f 971//971 943//943 967//967
f 1695//1695 969//969 968//968
f 1187//1187 1623//1623 1726//1726
f 1727//1727 966//966 971//971
f 138//138 856//856 1195//1195
f 1733//1733 1244//1244 1732//1732
f 1313//1313 1734//1734 1081//1081
f 974//974 1076//1076 1315//1315
f 1738//1738 1313//1313 1085//1085
f 977//977 1736//1736 1742//1742
f 1249//1249 1736//1736 1735//1735
f 1744//1744 1608//1608 1189//1189
f 1719//1719 981//981 1250//1250
f 1749//1749 1248//1248 1754//1754
f 1756//1756 983//983 1602//1602
f 983//983 978//978 1604//1604
f 986//986 1760//1760 987//987
f 240//240 7//7 989//989
f 1252//1252 90//90 1355//1355
f 17//17 990//990 992//992
f 994//994 993//993 995//995
f 997//997 1411//1411 996//996
f 1411//1411 997//997 1120//1120
f 318//318 317//317 1002//1002
f 1004//1004 1001//1001 1764//1764
f 1404//1404 1355//1355 1864//1864
f 885//885 1062//1062 1051//1051
f 1062//1062 885//885 1006//1006
f 1006//1006 1007//1007 1057//1057
f 862//862 1326//1326 148//148
f 152//152 1254//1254 862//862
f 304//304 1009//1009 28//28
f 1401//1401 28//28 1009//1009
f 1257//1257 1013//1013 1765//1765
f 1014//1014 1011//1011 384//384
f 1017//1017 957//957 1237//1237
f 1017//1017 1714//1714 1784//1784
f 1061//1061 1017//1017 1709//1709
f 1018//1018 1715//1715 1019//1019
f 1048//1048 1045//1045 1785//1785
f 1046//1046 1045//1045 1042//1042
f 1821//1821 1786//1786 1905//1905
f 1055//1055 1795//1795 1796//1796
f 1021//1021 1066//1066 104//104
f 1798//1798 1703//1703 1282//1282
f 1843//1843 1282//1282 1703//1703
f 1805//1805 105//105 1804//1804
f 110//110 1801//1801 1054//1054
f 1054//1054 1801//1801 1896//1896
f 106//106 1016//1016 1288//1288
f 106//106 1825//1825 1259//1259
f 1632//1632 1810//1810 1267//1267
f 1270//1270 1768//1768 1812//1812
f 1270//1270 1814//1814 1258//1258
f 1269//1269 1897//1897 11//11
f 1830//1830 1824//1824 1841//1841
f 1029//1029 1266//1266 1289//1289
f 1755//1755 1030//1030 13//13
f 1036//1036 1033//1033 1032//1032
f 1032//1032 1031//1031 13//13
f 1821//1821 107//107 1034//1034
f 11//11 107//107 1787//1787
f 1040//1040 1041//1041 1828//1828
f 1040//1040 1828//1828 1031//1031
f 1036//1036 1022//1022 1027//1027
f 1820//1820 1039//1039 1028//1028
f 107//107 1040//1040 1034//1034
f 11//11 1041//1041 107//107
f 1041//1041 1829//1829 1273//1273
f 1832//1832 1831//1831 1276//1276
f 1279//1279 1262//1262 1277//1277
f 1045//1045 1834//1834 1042//1042
f 1285//1285 1844//1844 1284//1284
f 1022//1022 1044//1044 1046//1046
f 1278//1278 1046//1046 1042//1042
f 1278//1278 1277//1277 1022//1022
f 1072//1072 109//109 1049//1049
f 1795//1795 1845//1845 1796//1796
f 1904//1904 1790//1790 1788//1788
f 1846//1846 1285//1285 1261//1261
f 1261//1261 1284//1284 1895//1895
f 1895//1895 1053//1053 1261//1261
f 1896//1896 1261//1261 1054//1054
f 1263//1263 1055//1055 1023//1023
f 1066//1066 1056//1056 104//104
f 1056//1056 1007//1007 864//864
f 1058//1058 1060//1060 1059//1059
f 1071//1071 1051//1051 1062//1062
f 1063//1063 1072//1072 1049//1049
f 1065//1065 1067//1067 1066//1066
f 1068//1068 1066//1066 1067//1067
f 111//111 1056//1056 1066//1066
f 111//111 1070//1070 1071//1071
f 1067//1067 1069//1069 1068//1068
f 112//112 1069//1069 1026//1026
f 1072//1072 1063//1063 1073//1073
f 1049//1049 109//109 1064//1064
f 113//113 1808//1808 1288//1288
f 970//970 964//964 118//118
f 964//964 970//970 943//943
f 94//94 905//905 162//162
f 1230//1230 1255//1255 1075//1075
f 1255//1255 1230//1230 1074//1074
f 1//1 1075//1075 168//168
f 94//94 114//114 916//916
f 905//905 916//916 88//88
f 907//907 906//906 619//619
f 907//907 619//619 620//620
f 907//907 628//628 908//908
f 1290//1290 116//116 115//115
f 1858//1858 1290//1290 115//115
f 1858//1858 115//115 1292//1292
f 1648//1648 1294//1294 1336//1336
f 899//899 117//117 91//91
f 899//899 893//893 132//132
f 2//2 117//117 132//132
f 91//91 117//117 404//404
f 968//968 1298//1298 1695//1695
f 118//118 1298//1298 968//968
f 1298//1298 118//118 1585//1585
f 1296//1296 937//937 119//119
f 1695//1695 119//119 941//941
f 1297//1297 1296//1296 1298//1298
f 120//120 1333//1333 1150//1150
f 1300//1300 1331//1331 1333//1333
f 1333//1333 120//120 1300//1300
f 1150//1150 1333//1333 1299//1299
f 1150//1150 1584//1584 120//120
f 121//121 935//935 122//122
f 122//122 1331//1331 1300//1300
f 122//122 1586//1586 121//121
f 1751//1751 12//12 1301//1301
f 126//126 154//154 1243//1243
f 1244//1244 1076//1076 975//975
f 1076//1076 977//977 976//976
f 1227//1227 129//129 939//939
f 129//129 1078//1078 939//939
f 156//156 1050//1050 128//128
f 1030//1030 127//127 1032//1032
f 1032//1032 13//13 1030//1030
f 127//127 1037//1037 1036//1036
f 1064//1064 1078//1078 129//129
f 1063//1063 1227//1227 1077//1077
f 937//937 1295//1295 1689//1689
f 937//937 1297//1297 1295//1295
f 161//161 905//905 787//787
f 14//14 160//160 161//161
f 905//905 161//161 162//162
f 843//843 1859//1859 1640//1640
f 643//643 130//130 913//913
f 15//15 130//130 1567//1567
f 15//15 1567//1567 644//644
f 644//644 1568//1568 914//914
f 644//644 914//914 15//15
f 98//98 15//15 914//914
f 14//14 1568//1568 159//159
f 159//159 160//160 14//14
f 1304//1304 1305//1305 131//131
f 1305//1305 1453//1453 131//131
f 132//132 131//131 2//2
f 133//133 131//131 132//132
f 132//132 508//508 133//133
f 17//17 887//887 16//16
f 134//134 17//17 16//16
f 171//171 134//134 16//16
f 1304//1304 1306//1306 1305//1305
f 1686//1686 1341//1341 933//933
f 1206//1206 1686//1686 1207//1207
f 1305//1305 1306//1306 1206//1206
f 1206//1206 1453//1453 1305//1305
f 933//933 1341//1341 1332//1332
f 934//934 857//857 1212//1212
f 1059//1059 136//136 961//961
f 926//926 923//923 922//922
f 1307//1307 1662//1662 1661//1661
f 1307//1307 923//923 926//926
f 1661//1661 1643//1643 1307//1307
f 1643//1643 1091//1091 923//923
f 972//972 1728//1728 138//138
f 972//972 1310//1310 973//973
f 18//18 830//830 1311//1311
f 139//139 18//18 1311//1311
f 1885//1885 1614//1614 1319//1319
f 1081//1081 1085//1085 1313//1313
f 1081//1081 1734//1734 1314//1314
f 1737//1737 1731//1731 1082//1082
f 845//845 843//843 1083//1083
f 794//794 140//140 845//845
f 845//845 850//850 846//846
f 1859//1859 846//846 99//99
f 849//849 99//99 846//846
f 1316//1316 1084//1084 843//843
f 1615//1615 1216//1216 798//798
f 1318//1318 1086//1086 1321//1321
f 1319//1319 1086//1086 1317//1317
f 1614//1614 1083//1083 1084//1084
f 1320//1320 1726//1726 1623//1623
f 1320//1320 1623//1623 1318//1318
f 1726//1726 1321//1321 798//798
f 924//924 921//921 920//920
f 142//142 921//921 1636//1636
f 827//827 142//142 828//828
f 142//142 836//836 829//829
f 1213//1213 143//143 826//826
f 837//837 832//832 143//143
f 837//837 829//829 836//836
f 1680//1680 174//174 144//144
f 144//144 1322//1322 89//89
f 800//800 760//760 145//145
f 1626//1626 146//146 770//770
f 1626//1626 770//770 4//4
f 175//175 1328//1328 1324//1324
f 1324//1324 883//883 1325//1325
f 148//148 1860//1860 147//147
f 1096//1096 1223//1223 1088//1088
f 149//149 152//152 862//862
f 1860//1860 1327//1327 1089//1089
f 911//911 796//796 1329//1329
f 1329//1329 910//910 911//911
f 150//150 1227//1227 940//940
f 150//150 940//940 1599//1599
f 150//150 1599//1599 1600//1600
f 1332//1332 1333//1333 1331//1331
f 1093//1093 1151//1151 1330//1330
f 1331//1331 934//934 1332//1332
f 1331//1331 122//122 1218//1218
f 1334//1334 1335//1335 1336//1336
f 1352//1352 1337//1337 1334//1334
f 1335//1335 1854//1854 1648//1648
f 1854//1854 1338//1338 1219//1219
f 1653//1653 1635//1635 1215//1215
f 1091//1091 1215//1215 151//151
f 151//151 1636//1636 141//141
f 1339//1339 1091//1091 1643//1643
f 1092//1092 1215//1215 1091//1091
f 507//507 135//135 1304//1304
f 135//135 507//507 1340//1340
f 1340//1340 1093//1093 1341//1341
f 1341//1341 1330//1330 1332//1332
f 1340//1340 1686//1686 135//135
f 854//854 941//941 95//95
f 1855//1855 1342//1342 1672//1672
f 1235//1235 1672//1672 1342//1342
f 1343//1343 1672//1672 1802//1802
f 1345//1345 1224//1224 1861//1861
f 1673//1673 1857//1857 153//153
f 153//153 103//103 152//152
f 1724//1724 1618//1618 1346//1346
f 154//154 1346//1346 1618//1618
f 155//155 1037//1037 127//127
f 1037//1037 155//155 156//156
f 1098//1098 1096//1096 1088//1088
f 1096//1096 157//157 1094//1094
f 1901//1901 1348//1348 1347//1347
f 1655//1655 860//860 1587//1587
f 1349//1349 860//860 1855//1855
f 631//631 626//626 97//97
f 97//97 626//626 625//625
f 159//159 639//639 160//160
f 640//640 159//159 1568//1568
f 160//160 638//638 161//161
f 639//639 640//640 158//158
f 638//638 160//160 639//639
f 162//162 638//638 163//163
f 163//163 638//638 1350//1350
f 909//909 97//97 95//95
f 628//628 97//97 909//909
f 628//628 909//909 96//96
f 628//628 907//907 620//620
f 775//775 774//774 19//19
f 403//403 164//164 777//777
f 1337//1337 165//165 1090//1090
f 1486//1486 1130//1130 1090//1090
f 1130//1130 1486//1486 1449//1449
f 1090//1090 1130//1130 1448//1448
f 1090//1090 1205//1205 1631//1631
f 165//165 1352//1352 1354//1354
f 165//165 1354//1354 1486//1486
f 166//166 329//329 1005//1005
f 166//166 330//330 329//329
f 890//890 166//166 1005//1005
f 1339//1339 1643//1643 1308//1308
f 141//141 923//923 151//151
f 924//924 920//920 919//919
f 900//900 167//167 55//55
f 514//514 55//55 167//167
f 168//168 1847//1847 1//1
f 168//168 512//512 1847//1847
f 169//169 1847//1847 512//512
f 512//512 789//789 169//169
f 789//789 512//512 167//167
f 1129//1129 170//170 171//171
f 1442//1442 929//929 170//170
f 906//906 172//172 619//619
f 913//913 173//173 643//643
f 825//825 998//998 320//320
f 998//998 825//825 995//995
f 174//174 1680//1680 194//194
f 1860//1860 1089//1089 147//147
f 1089//1089 175//175 176//176
f 176//176 175//175 1362//1362
f 1089//1089 176//176 190//190
f 1356//1356 177//177 1370//1370
f 1356//1356 144//144 177//177
f 177//177 144//144 174//174
f 1177//1177 178//178 768//768
f 768//768 773//773 1177//1177
f 1176//1176 1100//1100 1183//1183
f 1178//1178 1891//1891 180//180
f 772//772 179//179 735//735
f 179//179 1178//1178 735//735
f 1087//1087 772//772 146//146
f 1761//1761 20//20 1098//1098
f 1098//1098 1097//1097 193//193
f 181//181 1098//1098 193//193
f 193//193 182//182 23//23
f 182//182 193//193 1097//1097
f 1095//1095 1098//1098 1088//1088
f 1369//1369 1358//1358 1360//1360
f 1369//1369 1360//1360 1363//1363
f 1360//1360 1099//1099 1359//1359
f 185//185 191//191 1363//1363
f 191//191 1362//1362 1363//1363
f 1359//1359 186//186 185//185
f 192//192 183//183 188//188
f 183//183 192//192 1862//1862
f 192//192 188//188 186//186
f 1099//1099 192//192 1359//1359
f 1357//1357 1365//1365 1100//1100
f 23//23 21//21 725//725
f 183//183 187//187 188//188
f 182//182 1097//1097 1095//1095
f 182//182 1095//1095 187//187
f 188//188 187//187 147//147
f 1095//1095 189//189 187//187
f 147//147 187//187 189//189
f 185//185 186//186 191//191
f 191//191 186//186 190//190
f 186//186 188//188 190//190
f 191//191 190//190 176//176
f 1359//1359 192//192 186//186
f 1367//1367 1099//1099 1357//1357
f 192//192 1367//1367 1862//1862
f 1862//1862 184//184 183//183
f 184//184 1862//1862 1366//1366
f 1367//1367 1357//1357 213//213
f 213//213 1357//1357 214//214
f 213//213 1366//1366 1367//1367
f 1366//1366 213//213 223//223
f 1366//1366 223//223 212//212
f 22//22 1181//1181 181//181
f 22//22 725//725 195//195
f 181//181 23//23 22//22
f 23//23 181//181 193//193
f 880//880 752//752 194//194
f 194//194 752//752 1368//1368
f 174//174 1368//1368 177//177
f 986//986 1371//1371 1760//1760
f 1372//1372 1761//1761 1760//1760
f 23//23 182//182 184//184
f 23//23 184//184 21//21
f 1373//1373 748//748 747//747
f 22//22 240//240 989//989
f 1181//1181 22//22 989//989
f 724//724 1104//1104 196//196
f 198//198 199//199 742//742
f 200//200 243//243 263//263
f 210//210 1377//1377 1379//1379
f 210//210 1378//1378 243//243
f 243//243 200//200 210//210
f 243//243 262//262 263//263
f 201//201 273//273 226//226
f 1375//1375 1384//1384 257//257
f 257//257 201//201 1375//1375
f 201//201 257//257 274//274
f 1375//1375 203//203 1384//1384
f 203//203 1375//1375 202//202
f 231//231 203//203 1106//1106
f 1377//1377 205//205 204//204
f 1377//1377 210//210 200//200
f 205//205 1377//1377 275//275
f 275//275 266//266 270//270
f 25//25 236//236 1376//1376
f 205//205 236//236 237//237
f 206//206 234//234 251//251
f 251//251 236//236 206//206
f 251//251 237//237 236//236
f 236//236 25//25 206//206
f 203//203 260//260 259//259
f 203//203 206//206 260//260
f 231//231 206//206 203//203
f 206//206 231//231 234//234
f 209//209 1379//1379 204//204
f 204//204 1379//1379 1377//1377
f 207//207 211//211 1379//1379
f 1379//1379 209//209 207//207
f 208//208 237//237 238//238
f 222//222 1378//1378 211//211
f 1379//1379 1378//1378 210//210
f 211//211 1103//1103 1380//1380
f 209//209 239//239 196//196
f 239//239 241//241 196//196
f 196//196 1103//1103 207//207
f 1366//1366 1104//1104 197//197
f 1104//1104 1366//1366 212//212
f 223//223 214//214 221//221
f 215//215 873//873 743//743
f 215//215 216//216 217//217
f 216//216 730//730 217//217
f 1100//1100 214//214 1357//1357
f 218//218 214//214 1100//1100
f 219//219 1373//1373 747//747
f 747//747 218//218 219//219
f 220//220 221//221 218//218
f 221//221 220//220 247//247
f 214//214 223//223 213//213
f 1380//1380 247//247 222//222
f 1380//1380 222//222 211//211
f 729//729 224//224 740//740
f 224//224 729//729 248//248
f 225//225 249//249 299//299
f 249//249 731//731 299//299
f 299//299 227//227 296//296
f 296//296 227//227 273//273
f 226//226 728//728 1105//1105
f 1105//1105 216//216 215//215
f 198//198 229//229 1381//1381
f 198//198 1381//1381 199//199
f 1381//1381 202//202 1375//1375
f 1381//1381 1375//1375 228//228
f 1381//1381 228//228 1105//1105
f 228//228 201//201 1105//1105
f 199//199 1381//1381 1105//1105
f 199//199 1105//1105 215//215
f 230//230 1382//1382 745//745
f 198//198 1382//1382 229//229
f 1381//1381 1106//1106 202//202
f 1106//1106 1381//1381 229//229
f 229//229 231//231 1106//1106
f 231//231 229//229 1382//1382
f 231//231 1382//1382 230//230
f 232//232 1595//1595 233//233
f 232//232 230//230 745//745
f 234//234 230//230 233//233
f 234//234 233//233 251//251
f 1595//1595 235//235 233//233
f 235//235 1595//1595 1383//1383
f 1383//1383 7//7 235//235
f 7//7 250//250 235//235
f 7//7 1383//1383 988//988
f 237//237 251//251 250//250
f 250//250 238//238 237//237
f 237//237 204//204 205//205
f 209//209 208//208 239//239
f 208//208 238//238 239//239
f 7//7 239//239 238//238
f 240//240 241//241 239//239
f 239//239 7//7 240//240
f 242//242 243//243 246//246
f 268//268 242//242 267//267
f 242//242 268//268 243//243
f 243//243 268//268 262//262
f 225//225 295//295 244//244
f 225//225 244//244 249//249
f 295//295 242//242 244//244
f 244//244 242//242 245//245
f 245//245 1107//1107 244//244
f 749//749 247//247 220//220
f 245//245 222//222 247//247
f 246//246 1378//1378 222//222
f 250//250 233//233 235//235
f 233//233 250//250 251//251
f 255//255 254//254 252//252
f 254//254 255//255 256//256
f 255//255 252//252 1108//1108
f 256//256 255//255 1391//1391
f 257//257 1385//1385 1110//1110
f 258//258 257//257 1384//1384
f 1385//1385 24//24 1848//1848
f 1118//1118 271//271 274//274
f 1375//1375 201//201 228//228
f 1110//1110 274//274 257//257
f 1848//1848 1110//1110 1385//1385
f 292//292 1386//1386 1848//1848
f 1386//1386 1118//1118 1110//1110
f 260//260 258//258 259//259
f 258//258 260//260 261//261
f 261//261 24//24 258//258
f 24//24 1385//1385 258//258
f 262//262 266//266 263//263
f 266//266 262//262 265//265
f 265//265 269//269 266//266
f 263//263 266//266 200//200
f 267//267 309//309 268//268
f 309//309 265//265 268//268
f 268//268 265//265 262//262
f 265//265 309//309 1114//1114
f 200//200 275//275 1377//1377
f 266//266 275//275 200//200
f 265//265 1389//1389 269//269
f 269//269 1863//1863 270//270
f 271//271 272//272 273//273
f 274//274 271//271 273//273
f 1387//1387 270//270 1863//1863
f 1111//1111 294//294 1388//1388
f 1388//1388 1387//1387 1111//1111
f 1376//1376 275//275 1387//1387
f 261//261 25//25 1388//1388
f 260//260 25//25 261//261
f 206//206 25//25 260//260
f 1390//1390 1392//1392 1389//1389
f 1389//1389 285//285 1390//1390
f 1389//1389 265//265 285//285
f 284//284 1849//1849 1390//1390
f 276//276 281//281 279//279
f 276//276 29//29 281//281
f 286//286 278//278 277//277
f 278//278 286//286 284//284
f 277//277 282//282 276//276
f 281//281 280//280 279//279
f 281//281 253//253 280//280
f 253//253 281//281 289//289
f 29//29 27//27 302//302
f 29//29 302//302 281//281
f 1112//1112 284//284 26//26
f 278//278 1112//1112 282//282
f 1112//1112 307//307 283//283
f 282//282 1398//1398 312//312
f 264//264 285//285 265//265
f 26//26 1390//1390 264//264
f 1390//1390 26//26 284//284
f 1849//1849 284//284 286//286
f 1849//1849 286//286 1109//1109
f 288//288 292//292 287//287
f 288//288 1116//1116 1115//1115
f 1116//1116 288//288 287//287
f 302//302 252//252 289//289
f 291//291 300//300 290//290
f 290//290 255//255 291//291
f 302//302 301//301 1108//1108
f 1391//1391 292//292 24//24
f 24//24 292//292 1848//1848
f 1863//1863 294//294 1111//1111
f 293//293 1389//1389 1392//1392
f 294//294 1863//1863 293//293
f 1391//1391 294//294 293//293
f 1389//1389 293//293 1863//1863
f 1392//1392 1390//1390 1849//1849
f 225//225 298//298 295//295
f 298//298 1113//1113 306//306
f 298//298 309//309 295//295
f 309//309 298//298 306//306
f 295//295 309//309 267//267
f 272//272 296//296 273//273
f 296//296 297//297 299//299
f 1399//1399 1400//1400 308//308
f 299//299 297//297 298//298
f 299//299 298//298 225//225
f 303//303 290//290 300//300
f 300//300 291//291 301//301
f 30//30 300//300 301//301
f 27//27 301//301 302//302
f 1116//1116 287//287 303//303
f 30//30 27//27 28//28
f 28//28 29//29 304//304
f 1396//1396 1393//1393 1397//1397
f 1393//1393 308//308 305//305
f 1393//1393 305//305 1394//1394
f 305//305 1401//1401 1394//1394
f 1397//1397 1393//1393 1394//1394
f 309//309 306//306 307//307
f 306//306 1396//1396 1395//1395
f 307//307 1395//1395 283//283
f 1008//1008 1394//1394 1009//1009
f 1398//1398 282//282 283//283
f 1398//1398 1008//1008 312//312
f 1399//1399 1396//1396 1113//1113
f 310//310 272//272 271//271
f 310//310 1402//1402 1400//1400
f 272//272 310//310 1400//1400
f 305//305 313//313 1401//1401
f 305//305 308//308 311//311
f 1402//1402 308//308 1400//1400
f 311//311 1116//1116 303//303
f 313//313 311//311 300//300
f 303//303 300//300 311//311
f 1117//1117 288//288 1115//1115
f 1402//1402 1115//1115 1116//1116
f 310//310 1117//1117 1402//1402
f 276//276 282//282 312//312
f 276//276 312//312 304//304
f 996//996 1000//1000 828//828
f 1411//1411 1000//1000 996//996
f 1000//1000 102//102 1763//1763
f 102//102 1001//1001 1763//1763
f 1120//1120 1764//1764 1001//1001
f 1764//1764 1122//1122 1121//1121
f 1121//1121 1004//1004 1764//1764
f 332//332 1121//1121 1422//1422
f 332//332 1422//1422 1867//1867
f 335//335 722//722 327//327
f 335//335 327//327 328//328
f 335//335 331//331 351//351
f 331//331 335//335 328//328
f 314//314 325//325 1004//1004
f 314//314 1004//1004 326//326
f 314//314 326//326 332//332
f 1119//1119 8//8 32//32
f 1405//1405 1902//1902 1403//1403
f 1403//1403 1406//1406 1405//1405
f 1125//1125 1119//1119 35//35
f 1902//1902 1405//1405 345//345
f 1403//1403 1407//1407 1408//1408
f 1122//1122 1412//1412 1410//1410
f 1412//1412 1122//1122 1120//1120
f 1120//1120 999//999 1411//1411
f 1412//1412 1419//1419 1413//1413
f 1866//1866 1415//1415 316//316
f 1416//1416 1407//1407 1433//1433
f 1408//1408 1416//1416 1415//1415
f 1418//1418 1412//1412 1413//1413
f 1123//1123 1416//1416 1417//1417
f 1413//1413 1415//1415 1123//1123
f 1413//1413 1419//1419 316//316
f 1419//1419 1420//1420 316//316
f 1120//1120 102//102 999//999
f 1419//1419 1412//1412 1120//1120
f 324//324 1866//1866 993//993
f 324//324 1408//1408 1415//1415
f 324//324 1415//1415 1414//1414
f 1866//1866 324//324 1414//1414
f 1002//1002 925//925 922//922
f 925//925 814//814 928//928
f 925//925 317//317 330//330
f 922//922 925//925 926//926
f 320//320 998//998 997//997
f 321//321 1252//1252 1404//1404
f 321//321 1404//1404 1421//1421
f 1404//1404 1864//1864 1406//1406
f 1421//1421 315//315 991//991
f 321//321 1421//1421 991//991
f 324//324 991//991 315//315
f 315//315 1421//1421 1403//1403
f 323//323 1408//1408 324//324
f 324//324 315//315 323//323
f 1121//1121 332//332 326//326
f 1121//1121 1423//1423 1422//1422
f 328//328 329//329 31//31
f 325//325 328//328 31//31
f 31//31 329//329 330//330
f 330//330 319//319 925//925
f 330//330 325//325 31//31
f 325//325 330//330 317//317
f 331//331 332//332 350//350
f 327//327 8//8 1175//1175
f 33//33 1424//1424 334//334
f 1425//1425 1256//1256 723//723
f 1424//1424 33//33 1425//1425
f 721//721 1865//1865 1429//1429
f 351//351 1424//1424 335//335
f 333//333 33//33 334//334
f 33//33 333//333 1010//1010
f 1010//1010 340//340 336//336
f 336//336 340//340 354//354
f 1426//1426 340//340 1429//1429
f 339//339 1426//1426 34//34
f 34//34 338//338 339//339
f 338//338 360//360 357//357
f 341//341 1437//1437 342//342
f 1427//1427 341//341 34//34
f 1427//1427 34//34 1850//1850
f 1865//1865 721//721 1867//1867
f 340//340 1426//1426 337//337
f 354//354 339//339 338//338
f 340//340 1010//1010 333//333
f 337//337 354//354 340//340
f 342//342 360//360 341//341
f 341//341 360//360 34//34
f 347//347 1013//1013 366//366
f 1013//1013 347//347 346//346
f 366//366 1013//1013 1014//1014
f 1440//1440 368//368 367//367
f 368//368 1440//1440 349//349
f 349//349 347//347 368//368
f 368//368 366//366 343//343
f 370//370 1438//1438 1871//1871
f 371//371 370//370 1439//1439
f 367//367 1439//1439 1440//1440
f 1438//1438 362//362 342//342
f 1438//1438 370//370 344//344
f 1126//1126 1127//1127 345//345
f 1417//1417 1418//1418 1123//1123
f 1417//1417 1431//1431 1418//1418
f 1868//1868 1869//1869 1431//1431
f 1868//1868 1416//1416 1432//1432
f 1870//1870 1433//1433 1407//1407
f 1416//1416 1433//1433 1432//1432
f 1416//1416 1868//1868 1417//1417
f 35//35 1435//1435 1125//1125
f 723//723 1435//1435 35//35
f 348//348 1436//1436 346//346
f 1436//1436 1126//1126 1435//1435
f 346//346 1765//1765 1013//1013
f 346//346 349//349 348//348
f 1124//1124 1128//1128 1870//1870
f 1124//1124 1126//1126 348//348
f 1440//1440 1124//1124 349//349
f 1869//1869 1128//1128 1437//1437
f 1437//1437 1428//1428 1869//1869
f 342//342 1437//1437 1438//1438
f 1439//1439 1871//1871 1128//1128
f 1871//1871 1439//1439 370//370
f 1128//1128 1124//1124 1440//1440
f 721//721 351//351 350//350
f 336//336 1257//1257 1441//1441
f 338//338 385//385 356//356
f 385//385 357//357 355//355
f 356//356 336//336 354//354
f 357//357 359//359 364//364
f 364//364 355//355 357//357
f 363//363 364//364 358//358
f 359//359 362//362 377//377
f 360//360 361//361 359//359
f 355//355 364//364 363//363
f 364//364 396//396 395//395
f 344//344 376//376 365//365
f 365//365 377//377 362//362
f 1014//1014 343//343 366//366
f 372//372 343//343 374//374
f 367//367 343//343 372//372
f 343//343 367//367 368//368
f 343//343 384//384 369//369
f 372//372 376//376 371//371
f 371//371 344//344 370//370
f 372//372 371//371 367//367
f 374//374 369//369 373//373
f 375//375 373//373 381//381
f 400//400 377//377 376//376
f 400//400 376//376 372//372
f 375//375 400//400 372//372
f 377//377 400//400 398//398
f 396//396 398//398 397//397
f 363//363 358//358 352//352
f 395//395 358//358 364//364
f 358//358 395//395 380//380
f 352//352 358//358 380//380
f 42//42 383//383 379//379
f 382//382 391//391 401//401
f 388//388 383//383 43//43
f 384//384 1012//1012 378//378
f 384//384 378//378 387//387
f 384//384 1011//1011 38//38
f 385//385 1257//1257 336//336
f 387//387 373//373 369//369
f 387//387 379//379 388//388
f 373//373 387//387 388//388
f 389//389 390//390 9//9
f 394//394 392//392 380//380
f 392//392 394//394 393//393
f 395//395 397//397 394//394
f 397//397 395//395 396//396
f 397//397 399//399 401//401
f 382//382 399//399 381//381
f 382//382 401//401 399//399
f 399//399 397//397 398//398
f 399//399 400//400 375//375
f 1012//1012 384//384 38//38
f 1485//1485 1472//1472 1469//1469
f 1129//1129 1483//1483 1442//1442
f 413//413 402//402 405//405
f 1228//1228 93//93 1466//1466
f 93//93 1228//1228 403//403
f 93//93 404//404 402//402
f 404//404 117//117 405//405
f 117//117 2//2 1443//1443
f 1443//1443 2//2 1134//1134
f 1443//1443 1473//1473 413//413
f 1447//1447 1133//1133 1132//1132
f 1447//1447 1132//1132 1630//1630
f 1444//1444 1630//1630 1205//1205
f 1444//1444 1205//1205 1448//1448
f 417//417 1446//1446 1445//1445
f 1137//1137 1445//1445 1446//1446
f 1487//1487 1451//1451 1449//1449
f 1451//1451 1487//1487 1450//1450
f 1130//1130 1444//1444 1448//1448
f 1444//1444 1449//1449 1451//1451
f 436//436 410//410 409//409
f 410//410 436//436 1138//1138
f 419//419 1139//1139 406//406
f 44//44 419//419 1149//1149
f 45//45 1139//1139 408//408
f 418//418 416//416 1452//1452
f 1452//1452 1457//1457 45//45
f 418//418 1452//1452 408//408
f 418//418 411//411 417//417
f 44//44 408//408 1139//1139
f 411//411 1475//1475 1446//1446
f 410//410 411//411 44//44
f 2//2 1132//1132 1134//1134
f 1465//1465 1136//1136 1872//1872
f 1135//1135 1460//1460 1506//1506
f 1460//1460 428//428 433//433
f 1462//1462 1684//1684 1461//1461
f 1460//1460 1455//1455 1497//1497
f 1472//1472 412//412 1582//1582
f 1582//1582 412//412 1581//1581
f 1581//1581 412//412 19//19
f 1581//1581 19//19 774//774
f 774//774 1463//1463 1581//1581
f 1684//1684 1582//1582 1581//1581
f 413//413 1136//1136 1464//1464
f 413//413 1466//1466 402//402
f 1466//1466 1464//1464 1465//1465
f 1136//1136 1465//1465 1464//1464
f 1683//1683 1872//1872 1455//1455
f 1466//1466 904//904 1228//1228
f 1467//1467 719//719 1468//1468
f 1473//1473 1478//1478 1474//1474
f 1473//1473 1474//1474 413//413
f 1138//1138 1136//1136 1478//1478
f 1872//1872 414//414 415//415
f 1137//1137 1476//1476 1477//1477
f 1138//1138 1478//1478 1476//1476
f 1476//1476 1475//1475 1138//1138
f 1137//1137 1477//1477 1133//1133
f 1137//1137 1446//1446 1475//1475
f 1872//1872 1138//1138 414//414
f 1454//1454 415//415 1479//1479
f 1480//1480 1513//1513 414//414
f 414//414 436//436 1480//1480
f 1457//1457 416//416 1471//1471
f 1456//1456 45//45 1457//1457
f 1484//1484 418//418 1450//1450
f 1484//1484 1450//1450 1487//1487
f 1484//1484 1487//1487 1481//1481
f 1484//1484 1469//1469 1471//1471
f 417//417 1445//1445 1131//1131
f 1131//1131 1450//1450 417//417
f 417//417 1450//1450 418//418
f 1482//1482 1483//1483 1481//1481
f 1481//1481 1485//1485 1484//1484
f 409//409 410//410 1149//1149
f 406//406 439//439 419//419
f 419//419 435//435 1149//1149
f 1488//1488 1515//1515 420//420
f 1515//1515 1488//1488 1514//1514
f 420//420 421//421 1489//1489
f 420//420 422//422 421//421
f 422//422 1515//1515 441//441
f 454//454 455//455 422//422
f 421//421 422//422 455//455
f 1490//1490 1504//1504 423//423
f 1490//1490 423//423 464//464
f 464//464 1492//1492 1490//1490
f 423//423 1491//1491 424//424
f 1507//1507 424//424 1491//1491
f 465//465 1507//1507 434//434
f 425//425 1516//1516 1492//1492
f 1141//1141 1140//1140 1495//1495
f 1495//1495 1488//1488 1141//1141
f 1488//1488 1495//1495 1493//1493
f 1521//1521 1494//1494 1142//1142
f 430//430 1142//1142 1494//1494
f 1142//1142 1140//1140 1521//1521
f 1140//1140 1142//1142 1495//1495
f 1496//1496 431//431 426//426
f 1454//1454 427//427 1455//1455
f 1496//1496 1497//1497 427//427
f 1496//1496 426//426 429//429
f 1875//1875 1874//1874 1143//1143
f 428//428 1508//1508 433//433
f 1499//1499 1874//1874 426//426
f 1874//1874 1499//1499 430//430
f 431//431 1454//1454 1479//1479
f 1498//1498 1496//1496 1875//1875
f 426//426 1493//1493 1499//1499
f 1499//1499 1493//1493 1495//1495
f 1144//1144 1505//1505 1145//1145
f 1505//1505 1144//1144 1501//1501
f 1517//1517 1145//1145 1502//1502
f 1145//1145 1517//1517 1503//1503
f 1145//1145 1503//1503 1144//1144
f 1504//1504 1502//1502 1145//1145
f 433//433 1508//1508 432//432
f 1146//1146 1497//1497 1498//1498
f 432//432 1505//1505 1506//1506
f 1508//1508 428//428 1146//1146
f 1506//1506 433//433 432//432
f 432//432 1145//1145 1505//1505
f 1509//1509 1521//1521 1520//1520
f 1509//1509 466//466 1510//1510
f 466//466 1511//1511 1510//1510
f 1511//1511 434//434 1507//1507
f 1514//1514 440//440 1515//1515
f 440//440 1148//1148 439//439
f 435//435 1512//1512 445//445
f 445//445 1513//1513 1480//1480
f 1456//1456 437//437 45//45
f 437//437 1456//1456 1501//1501
f 1501//1501 438//438 437//437
f 1147//1147 1514//1514 1488//1488
f 1514//1514 1147//1147 1148//1148
f 1517//1517 441//441 1518//1518
f 442//442 1503//1503 1518//1518
f 422//422 420//420 1515//1515
f 439//439 1148//1148 435//435
f 440//440 442//442 1518//1518
f 442//442 440//440 444//444
f 422//422 1516//1516 454//454
f 438//438 442//442 443//443
f 438//438 1144//1144 1503//1503
f 440//440 439//439 444//444
f 444//444 443//443 442//442
f 435//435 419//419 439//439
f 409//409 1149//1149 445//445
f 1500//1500 1148//1148 1147//1147
f 481//481 448//448 449//449
f 48//48 46//46 448//448
f 46//46 477//477 1519//1519
f 451//451 1141//1141 1873//1873
f 420//420 451//451 1873//1873
f 1140//1140 453//453 475//475
f 1519//1519 453//453 452//452
f 452//452 451//451 1519//1519
f 1519//1519 456//456 460//460
f 451//451 456//456 1519//1519
f 455//455 458//458 457//457
f 455//455 1489//1489 421//421
f 456//456 451//451 1489//1489
f 1489//1489 455//455 456//456
f 456//456 472//472 450//450
f 456//456 450//450 460//460
f 455//455 425//425 458//458
f 425//425 455//455 454//454
f 1492//1492 458//458 425//425
f 46//46 450//450 448//448
f 463//463 51//51 467//467
f 51//51 461//461 54//54
f 447//447 480//480 470//470
f 480//480 492//492 470//470
f 470//470 54//54 461//461
f 467//467 462//462 47//47
f 459//459 1876//1876 1522//1522
f 1876//1876 459//459 464//464
f 424//424 464//464 423//423
f 464//464 465//465 1876//1876
f 465//465 464//464 424//424
f 434//434 494//494 465//465
f 489//489 494//494 434//434
f 475//475 466//466 1520//1520
f 475//475 491//491 466//466
f 491//491 475//475 483//483
f 434//434 491//491 490//490
f 434//434 490//490 489//489
f 467//467 51//51 52//52
f 468//468 487//487 484//484
f 468//468 469//469 487//487
f 487//487 469//469 488//488
f 470//470 492//492 53//53
f 496//496 53//53 469//469
f 472//472 456//456 457//457
f 457//457 459//459 472//472
f 459//459 457//457 458//458
f 474//474 471//471 1522//1522
f 1522//1522 471//471 459//459
f 475//475 453//453 476//476
f 453//453 1519//1519 476//476
f 476//476 1519//1519 477//477
f 477//477 482//482 476//476
f 477//477 446//446 478//478
f 462//462 479//479 47//47
f 1523//1523 473//473 492//492
f 492//492 481//481 1523//1523
f 481//481 492//492 480//480
f 483//483 476//476 482//482
f 476//476 483//483 475//475
f 477//477 485//485 482//482
f 482//482 484//484 483//483
f 484//484 482//482 485//485
f 484//484 485//485 486//486
f 486//486 485//485 479//479
f 468//468 486//486 462//462
f 487//487 490//490 491//491
f 483//483 487//487 491//491
f 487//487 488//488 490//490
f 490//490 488//488 489//489
f 51//51 54//54 52//52
f 492//492 469//469 53//53
f 493//493 492//492 473//473
f 469//469 493//493 488//488
f 473//473 495//495 493//493
f 474//474 494//494 495//495
f 494//494 474//474 1876//1876
f 493//493 489//489 488//488
f 449//449 1523//1523 481//481
f 469//469 468//468 496//496
f 1299//1299 1526//1526 1877//1877
f 1540//1540 1524//1524 1877//1877
f 497//497 507//507 1525//1525
f 1299//1299 1152//1152 1526//1526
f 500//500 1877//1877 1878//1878
f 1878//1878 498//498 500//500
f 1548//1548 498//498 1527//1527
f 1544//1544 1877//1877 500//500
f 506//506 1546//1546 499//499
f 1536//1536 56//56 1546//1546
f 498//498 1548//1548 500//500
f 529//529 503//503 502//502
f 503//503 529//529 501//501
f 502//502 503//503 537//537
f 1526//1526 1152//1152 1528//1528
f 1528//1528 1152//1152 1537//1537
f 1537//1537 501//501 1528//1528
f 1878//1878 1528//1528 501//501
f 1529//1529 503//503 504//504
f 1536//1536 1529//1529 1155//1155
f 508//508 1539//1539 507//507
f 508//508 1304//1304 133//133
f 508//508 132//132 892//892
f 892//892 132//132 893//893
f 509//509 508//508 892//892
f 509//509 892//892 1547//1547
f 1539//1539 508//508 509//509
f 507//507 1539//1539 1525//1525
f 507//507 497//497 1340//1340
f 56//56 1536//1536 1156//1156
f 1156//1156 1155//1155 510//510
f 510//510 1547//1547 1156//1156
f 513//513 512//512 168//168
f 512//512 513//513 514//514
f 1879//1879 516//516 1530//1530
f 1879//1879 1535//1535 517//517
f 516//516 1879//1879 894//894
f 516//516 1154//1154 521//521
f 515//515 516//516 897//897
f 1681//1681 168//168 1075//1075
f 168//168 1681//1681 513//513
f 1543//1543 1532//1532 1542//1542
f 1531//1531 1255//1255 1153//1153
f 1154//1154 516//516 515//515
f 1547//1547 517//517 1535//1535
f 543//543 545//545 518//518
f 522//522 520//520 57//57
f 543//543 532//532 550//550
f 548//548 544//544 543//543
f 543//543 550//550 548//548
f 1550//1550 523//523 520//520
f 519//519 56//56 1534//1534
f 523//523 1550//1550 519//519
f 523//523 524//524 57//57
f 523//523 519//519 1530//1530
f 521//521 1530//1530 516//516
f 524//524 523//523 521//521
f 57//57 531//531 522//522
f 520//520 523//523 57//57
f 531//531 57//57 524//524
f 527//527 521//521 1154//1154
f 504//504 1155//1155 1529//1529
f 1537//1537 1539//1539 1538//1538
f 1539//1539 1152//1152 1525//1525
f 510//510 1538//1538 1539//1539
f 1584//1584 1150//1150 1524//1524
f 1527//1527 1880//1880 1548//1548
f 1880//1880 1527//1527 525//525
f 1880//1880 525//525 533//533
f 1549//1549 533//533 526//526
f 528//528 1880//1880 1549//1549
f 1157//1157 1682//1682 1532//1532
f 1549//1549 527//527 528//528
f 530//530 561//561 560//560
f 561//561 531//531 527//527
f 545//545 1882//1882 1551//1551
f 1551//1551 1545//1545 56//56
f 522//522 530//530 532//532
f 559//559 535//535 536//536
f 1559//1559 555//555 1164//1164
f 58//58 526//526 533//533
f 563//563 58//58 534//534
f 535//535 555//555 58//58
f 555//555 535//535 557//557
f 535//535 58//58 563//563
f 536//536 563//563 537//537
f 537//537 562//562 536//536
f 1159//1159 568//568 1158//1158
f 1158//1158 1160//1160 1159//1159
f 1158//1158 1162//1162 1160//1160
f 568//568 1159//1159 566//566
f 566//566 1556//1556 538//538
f 1557//1557 600//600 1165//1165
f 539//539 1163//1163 574//574
f 1163//1163 539//539 1557//1557
f 546//546 1555//1555 547//547
f 547//547 574//574 546//546
f 538//538 1556//1556 600//600
f 1161//1161 1159//1159 1160//1160
f 1160//1160 542//542 1161//1161
f 541//541 552//552 553//553
f 542//542 540//540 541//541
f 1552//1552 1553//1553 1555//1555
f 544//544 1554//1554 545//545
f 1552//1552 1163//1163 1554//1554
f 1163//1163 1552//1552 546//546
f 1554//1554 544//544 1552//1552
f 1555//1555 578//578 577//577
f 577//577 547//547 1555//1555
f 1555//1555 546//546 1552//1552
f 544//544 548//548 554//554
f 551//551 548//548 550//550
f 532//532 543//543 522//522
f 532//532 60//60 551//551
f 551//551 60//60 553//553
f 553//553 549//549 551//551
f 549//549 553//553 552//552
f 540//540 579//579 552//552
f 579//579 540//540 580//580
f 552//552 578//578 549//549
f 560//560 532//532 530//530
f 553//553 1161//1161 542//542
f 549//549 1553//1553 554//554
f 1555//1555 549//549 578//578
f 549//549 554//554 548//548
f 578//578 552//552 579//579
f 557//557 1159//1159 555//555
f 556//556 535//535 558//558
f 566//566 1159//1159 556//556
f 556//556 1159//1159 557//557
f 1556//1556 556//556 558//558
f 1167//1167 1556//1556 559//559
f 1554//1554 1165//1165 1167//1167
f 1554//1554 1167//1167 1166//1166
f 1881//1881 553//553 1558//1558
f 553//553 1881//1881 1161//1161
f 1164//1164 60//60 1559//1559
f 1545//1545 499//499 1546//1546
f 499//499 1545//1545 1166//1166
f 1166//1166 562//562 499//499
f 1545//1545 1882//1882 1166//1166
f 1559//1559 561//561 526//526
f 561//561 1559//1559 560//560
f 560//560 1559//1559 60//60
f 505//505 537//537 503//503
f 572//572 573//573 63//63
f 564//564 565//565 63//63
f 569//569 64//64 570//570
f 567//567 601//601 591//591
f 538//538 568//568 566//566
f 589//589 591//591 590//590
f 567//567 1158//1158 568//568
f 568//568 538//538 567//567
f 567//567 593//593 1158//1158
f 595//595 569//569 570//570
f 570//570 610//610 604//604
f 61//61 612//612 572//572
f 597//597 613//613 598//598
f 601//601 613//613 597//597
f 597//597 599//599 601//601
f 575//575 10//10 594//594
f 1162//1162 540//540 542//542
f 576//576 586//586 609//609
f 609//609 613//613 576//576
f 577//577 578//578 586//586
f 586//586 603//603 602//602
f 583//583 603//603 580//580
f 603//603 581//581 582//582
f 586//586 580//580 603//603
f 580//580 586//586 579//579
f 575//575 603//603 583//583
f 603//603 575//575 581//581
f 583//583 10//10 575//575
f 584//584 615//615 585//585
f 587//587 602//602 616//616
f 587//587 616//616 588//588
f 588//588 617//617 67//67
f 590//590 599//599 65//65
f 593//593 594//594 10//10
f 592//592 594//594 593//593
f 592//592 593//593 589//589
f 1162//1162 1158//1158 593//593
f 592//592 595//595 594//594
f 594//594 581//581 575//575
f 598//598 596//596 597//597
f 538//538 539//539 567//567
f 591//591 601//601 599//599
f 539//539 538//538 600//600
f 599//599 597//597 596//596
f 582//582 602//602 603//603
f 602//602 582//582 606//606
f 582//582 595//595 606//606
f 595//595 582//582 581//581
f 606//606 616//616 602//602
f 606//606 595//595 607//607
f 608//608 607//607 604//604
f 605//605 607//607 608//608
f 587//587 614//614 609//609
f 614//614 588//588 67//67
f 611//611 573//573 69//69
f 572//572 67//67 69//69
f 614//614 67//67 612//612
f 67//67 572//572 612//612
f 614//614 571//571 598//598
f 598//598 609//609 614//614
f 615//615 605//605 585//585
f 605//605 615//615 616//616
f 616//616 606//606 605//605
f 608//608 610//610 68//68
f 617//617 615//615 584//584
f 619//619 172//172 645//645
f 618//618 645//645 172//172
f 645//645 163//163 1350//1350
f 619//619 621//621 620//620
f 716//716 622//622 621//621
f 624//624 716//716 718//718
f 622//622 716//716 624//624
f 624//624 629//629 622//622
f 624//624 1560//1560 629//629
f 629//629 1560//1560 630//630
f 623//623 1560//1560 624//624
f 1560//1560 660//660 714//714
f 1561//1561 1560//1560 1174//1174
f 1169//1169 1561//1561 1174//1174
f 1562//1562 626//626 627//627
f 620//620 631//631 628//628
f 631//631 621//621 622//622
f 622//622 630//630 631//631
f 631//631 630//630 627//627
f 632//632 626//626 1561//1561
f 632//632 642//642 643//643
f 632//632 643//643 173//173
f 678//678 1569//1569 1170//1170
f 678//678 634//634 1563//1563
f 1563//1563 635//635 678//678
f 635//635 1563//1563 642//642
f 642//642 632//632 635//635
f 1168//1168 634//634 1574//1574
f 640//640 644//644 1851//1851
f 1563//1563 1168//1168 1851//1851
f 1564//1564 683//683 641//641
f 641//641 1574//1574 1564//1564
f 1564//1564 1574//1574 636//636
f 637//637 1350//1350 638//638
f 1565//1565 1350//1350 637//637
f 158//158 637//637 639//639
f 641//641 1565//1565 158//158
f 158//158 1565//1565 637//637
f 1851//1851 158//158 640//640
f 158//158 1168//1168 1566//1566
f 1566//1566 641//641 158//158
f 1851//1851 642//642 1563//1563
f 716//716 1350//1350 717//717
f 717//717 1575//1575 1172//1172
f 1575//1575 717//717 1350//1350
f 1561//1561 635//635 632//632
f 663//663 1570//1570 646//646
f 1572//1572 1570//1570 1852//1852
f 1571//1571 646//646 1570//1570
f 1571//1571 655//655 657//657
f 657//657 658//658 659//659
f 1883//1883 1569//1569 1169//1169
f 1569//1569 1883//1883 1170//1170
f 1852//1852 648//648 1170//1170
f 1170//1170 1883//1883 1852//1852
f 647//647 1570//1570 664//664
f 634//634 1170//1170 648//648
f 664//664 1570//1570 663//663
f 646//646 656//656 707//707
f 649//649 680//680 653//653
f 653//653 661//661 649//649
f 651//651 653//653 650//650
f 650//650 668//668 667//667
f 680//680 649//649 652//652
f 673//673 653//653 680//680
f 661//661 654//654 649//649
f 649//649 654//654 652//652
f 658//658 653//653 651//651
f 658//658 657//657 655//655
f 661//661 655//655 662//662
f 659//659 646//646 657//657
f 659//659 1576//1576 656//656
f 646//646 659//659 656//656
f 1572//1572 662//662 655//655
f 662//662 1572//1572 715//715
f 659//659 650//650 1576//1576
f 662//662 715//715 714//714
f 662//662 654//654 661//661
f 663//663 692//692 664//664
f 692//692 708//708 691//691
f 665//665 692//692 666//666
f 70//70 1573//1573 671//671
f 665//665 664//664 692//692
f 668//668 669//669 670//670
f 669//669 668//668 673//673
f 670//670 697//697 695//695
f 670//670 695//695 694//694
f 671//671 647//647 70//70
f 647//647 671//671 679//679
f 665//665 672//672 1573//1573
f 672//672 665//665 699//699
f 1573//1573 70//70 665//665
f 676//676 1573//1573 672//672
f 676//676 669//669 674//674
f 673//673 674//674 669//669
f 1171//1171 680//680 1173//1173
f 673//673 677//677 674//674
f 677//677 673//673 1171//1171
f 674//674 675//675 676//676
f 671//671 677//677 636//636
f 677//677 671//671 675//675
f 1170//1170 634//634 678//678
f 648//648 679//679 634//634
f 1574//1574 634//634 679//679
f 636//636 1574//1574 679//679
f 1173//1173 682//682 1171//1171
f 1565//1565 1173//1173 1575//1575
f 652//652 1173//1173 680//680
f 652//652 1172//1172 1173//1173
f 1575//1575 1173//1173 1172//1172
f 1564//1564 682//682 683//683
f 675//675 671//671 1573//1573
f 660//660 684//684 654//654
f 684//684 660//660 623//623
f 624//624 684//684 623//623
f 686//686 708//708 707//707
f 707//707 1576//1576 686//686
f 1576//1576 707//707 656//656
f 1576//1576 1579//1579 1577//1577
f 685//685 82//82 71//71
f 1579//1579 667//667 82//82
f 667//667 1576//1576 650//650
f 702//702 687//687 703//703
f 690//690 688//688 689//689
f 711//711 690//690 689//689
f 690//690 711//711 712//712
f 691//691 78//78 692//692
f 692//692 707//707 708//708
f 689//689 78//78 691//691
f 670//670 667//667 668//668
f 82//82 670//670 694//694
f 666//666 692//692 78//78
f 78//78 1580//1580 666//666
f 1580//1580 78//78 693//693
f 693//693 701//701 1580//1580
f 709//709 696//696 710//710
f 696//696 706//706 694//694
f 706//706 696//696 709//709
f 698//698 695//695 697//697
f 696//696 694//694 695//695
f 695//695 698//698 696//696
f 697//697 699//699 698//698
f 699//699 666//666 1580//1580
f 701//701 693//693 702//702
f 1580//1580 698//698 699//699
f 701//701 696//696 698//698
f 699//699 697//697 672//672
f 702//702 704//704 701//701
f 710//710 704//704 705//705
f 704//704 710//710 696//696
f 700//700 706//706 709//709
f 706//706 700//700 713//713
f 663//663 707//707 692//692
f 708//708 686//686 711//711
f 689//689 708//708 711//711
f 1578//1578 711//711 686//686
f 71//71 713//713 700//700
f 1883//1883 1169//1169 1174//1174
f 1883//1883 715//715 1572//1572
f 1174//1174 714//714 715//715
f 627//627 630//630 1562//1562
f 718//718 716//716 717//717
f 717//717 684//684 718//718
f 684//684 717//717 681//681
f 1458//1458 1467//1467 1582//1582
f 1582//1582 1467//1467 1472//1472
f 1429//1429 333//333 720//720
f 333//333 1429//1429 340//340
f 720//720 1424//1424 351//351
f 723//723 32//32 722//722
f 1424//1424 723//723 722//722
f 8//8 1253//1253 1175//1175
f 1175//1175 328//328 327//327
f 35//35 1119//1119 723//723
f 32//32 723//723 1119//1119
f 725//725 197//197 724//724
f 724//724 241//241 725//725
f 184//184 726//726 21//21
f 1373//1373 1183//1183 867//867
f 867//867 1592//1592 1182//1182
f 1102//1102 1373//1373 1374//1374
f 1892//1892 938//938 906//906
f 1892//1892 1689//1689 938//938
f 1230//1230 114//114 727//727
f 1584//1584 1524//1524 1541//1541
f 1586//1586 1585//1585 121//121
f 1583//1583 122//122 120//120
f 1586//1586 122//122 1583//1583
f 1297//1297 1583//1583 1295//1295
f 1586//1586 1297//1297 1298//1298
f 1298//1298 1585//1585 1586//1586
f 728//728 732//732 730//730
f 730//730 216//216 728//728
f 729//729 730//730 732//732
f 730//730 729//729 740//740
f 733//733 226//226 227//227
f 733//733 732//732 728//728
f 773//773 735//735 734//734
f 773//773 768//768 771//771
f 1178//1178 744//744 734//734
f 1901//1901 1371//1371 1596//1596
f 736//736 84//84 865//865
f 736//736 865//865 1588//1588
f 877//877 84//84 737//737
f 877//877 738//738 876//876
f 737//737 736//736 738//738
f 738//738 1903//1903 1179//1179
f 738//738 877//877 737//737
f 876//876 738//738 758//758
f 180//180 865//865 84//84
f 875//875 84//84 877//877
f 84//84 875//875 83//83
f 180//180 83//83 1178//1178
f 754//754 766//766 765//765
f 754//754 765//765 178//178
f 769//769 178//178 765//765
f 143//143 832//832 824//824
f 837//837 833//833 832//832
f 832//832 18//18 824//824
f 18//18 832//832 833//833
f 824//824 18//18 139//139
f 1183//1183 1373//1373 1176//1176
f 1592//1592 1594//1594 1361//1361
f 1182//1182 739//739 753//753
f 753//753 739//739 759//759
f 740//740 224//224 870//870
f 740//740 870//870 871//871
f 217//217 730//730 741//741
f 741//741 740//740 871//871
f 873//873 215//215 217//217
f 743//743 742//742 199//199
f 199//199 215//215 743//743
f 873//873 744//744 743//743
f 742//742 743//743 744//744
f 874//874 745//745 746//746
f 745//745 742//742 746//746
f 742//742 745//745 1382//1382
f 745//745 1595//1595 232//232
f 874//874 758//758 745//745
f 748//748 1373//1373 1102//1102
f 248//248 748//748 224//224
f 248//248 1107//1107 748//748
f 749//749 220//220 747//747
f 1107//1107 749//749 748//748
f 1361//1361 752//752 878//878
f 752//752 879//879 878//878
f 753//753 780//780 762//762
f 868//868 766//766 754//754
f 766//766 868//868 762//762
f 1371//1371 755//755 1596//1596
f 755//755 986//986 758//758
f 758//758 986//986 757//757
f 755//755 738//738 1179//1179
f 755//755 1371//1371 986//986
f 879//879 881//881 759//759
f 881//881 786//786 760//760
f 760//760 800//800 782//782
f 85//85 760//760 782//782
f 1351//1351 820//820 761//761
f 751//751 762//762 750//750
f 750//750 762//762 780//780
f 751//751 750//750 763//763
f 763//763 764//764 751//751
f 86//86 767//767 1598//1598
f 767//767 751//751 764//764
f 1597//1597 769//769 767//767
f 4//4 770//770 1597//1597
f 770//770 771//771 1597//1597
f 4//4 1597//1597 86//86
f 4//4 86//86 1598//1598
f 146//146 771//771 770//770
f 773//773 771//771 772//772
f 773//773 772//772 735//735
f 1184//1184 1193//1193 812//812
f 1185//1185 822//822 886//886
f 19//19 16//16 775//775
f 16//16 19//19 171//171
f 774//774 775//775 776//776
f 776//776 777//777 164//164
f 1185//1185 1634//1634 1884//1884
f 820//820 1634//1634 819//819
f 1214//1214 783//783 819//819
f 1214//1214 819//819 1634//1634
f 778//778 903//903 1351//1351
f 778//778 1627//1627 793//793
f 779//779 1217//1217 1229//1229
f 759//759 85//85 780//780
f 759//759 780//780 753//753
f 782//782 802//802 781//781
f 802//802 750//750 781//781
f 781//781 750//750 780//780
f 803//803 802//802 782//782
f 784//784 1193//1193 1192//1192
f 1242//1242 784//784 1187//1187
f 1187//1187 1624//1624 799//799
f 1604//1604 1188//1188 1690//1690
f 1605//1605 1188//1188 1189//1189
f 1191//1191 1693//1693 939//939
f 1693//1693 1607//1607 1690//1690
f 1191//1191 1694//1694 1853//1853
f 1694//1694 1757//1757 1853//1853
f 1621//1621 1198//1198 1619//1619
f 1621//1621 1619//1619 1622//1622
f 87//87 1198//1198 1621//1621
f 1621//1621 791//791 87//87
f 1612//1612 786//786 1194//1194
f 786//786 1612//1612 145//145
f 1194//1194 882//882 1679//1679
f 1612//1612 791//791 1609//1609
f 1624//1624 1187//1187 1192//1192
f 1192//1192 801//801 1624//1624
f 779//779 1229//1229 787//787
f 88//88 779//779 787//787
f 841//841 788//788 842//842
f 842//842 788//788 1610//1610
f 789//789 1610//1610 169//169
f 842//842 1610//1610 790//790
f 1637//1637 842//842 790//790
f 1637//1637 790//790 839//839
f 1612//1612 87//87 791//791
f 791//791 1621//1621 1199//1199
f 1194//1194 87//87 1612//1612
f 789//789 792//792 790//790
f 839//839 1613//1613 1637//1637
f 1637//1637 1613//1613 1197//1197
f 793//793 1627//1627 839//839
f 790//790 792//792 793//793
f 840//840 1216//1216 841//841
f 1616//1616 840//840 1197//1197
f 1084//1084 1316//1316 1614//1614
f 795//795 1312//1312 140//140
f 1083//1083 1614//1614 1885//1885
f 1885//1885 795//795 794//794
f 795//795 1885//1885 1314//1314
f 795//795 1314//1314 1082//1082
f 847//847 140//140 1312//1312
f 850//850 845//845 140//140
f 848//848 1329//1329 796//796
f 1309//1309 847//847 1080//1080
f 852//852 1309//1309 797//797
f 1309//1309 852//852 851//851
f 797//797 1195//1195 852//852
f 1309//1309 851//851 1329//1329
f 1309//1309 1080//1080 1310//1310
f 967//967 1728//1728 971//971
f 1196//1196 138//138 1728//1728
f 1195//1195 797//797 138//138
f 1321//1321 1726//1726 1320//1320
f 1321//1321 1316//1316 1615//1615
f 1616//1616 1886//1886 798//798
f 1886//1886 784//784 1242//1242
f 1886//1886 1197//1197 784//784
f 1726//1726 1886//1886 1242//1242
f 1197//1197 1886//1886 1616//1616
f 966//966 1727//1727 1617//1617
f 820//820 1351//1351 1884//1884
f 1199//1199 1622//1622 1620//1620
f 1622//1622 1199//1199 1621//1621
f 1199//1199 1609//1609 791//791
f 1609//1609 1620//1620 799//799
f 1620//1620 1609//1609 1199//1199
f 800//800 1624//1624 801//801
f 799//799 800//800 1609//1609
f 804//804 800//800 801//801
f 1184//1184 804//804 801//801
f 1184//1184 803//803 804//804
f 802//802 1184//1184 805//805
f 805//805 1184//1184 1628//1628
f 802//802 805//805 806//806
f 763//763 750//750 806//806
f 831//831 807//807 1625//1625
f 807//807 1598//1598 764//764
f 1598//1598 831//831 808//808
f 1598//1598 808//808 809//809
f 835//835 4//4 809//809
f 4//4 835//835 811//811
f 4//4 1598//1598 809//809
f 835//835 809//809 836//836
f 811//811 835//835 838//838
f 1626//1626 1888//1888 1323//1323
f 811//811 1626//1626 4//4
f 1200//1200 810//810 811//811
f 1613//1613 812//812 1193//1193
f 812//812 1613//1613 1201//1201
f 1201//1201 783//783 812//812
f 1201//1201 1627//1627 813//813
f 1202//1202 888//888 823//823
f 994//994 823//823 888//888
f 994//994 139//139 823//823
f 166//166 814//814 319//319
f 890//890 815//815 166//166
f 1887//1887 1293//1293 1204//1204
f 1662//1662 1887//1887 1204//1204
f 1662//1662 1307//1307 927//927
f 1205//1205 1090//1090 1448//1448
f 1205//1205 1206//1206 1207//1207
f 1206//1206 1205//1205 1630//1630
f 1671//1671 1208//1208 1209//1209
f 1209//1209 1337//1337 1631//1631
f 1209//1209 1631//1631 1207//1207
f 1650//1650 1670//1670 945//945
f 1020//1020 1058//1058 1704//1704
f 1642//1642 1058//1058 816//816
f 817//817 1058//1058 1642//1642
f 1025//1025 818//818 1770//1770
f 1772//1772 1632//1632 1811//1811
f 819//819 761//761 820//820
f 783//783 805//805 1628//1628
f 857//857 959//959 1212//1212
f 1259//1259 1825//1825 821//821
f 1810//1810 1775//1775 1774//1774
f 817//817 1642//1642 1893//1893
f 1893//1893 1250//1250 981//981
f 903//903 778//778 901//901
f 777//777 822//822 1351//1351
f 777//777 776//776 822//822
f 1351//1351 822//822 1884//1884
f 776//776 886//886 822//822
f 139//139 994//994 825//825
f 825//825 320//320 824//824
f 834//834 826//826 996//996
f 826//826 824//824 320//320
f 826//826 834//834 1213//1213
f 996//996 826//826 997//997
f 828//828 1000//1000 827//827
f 996//996 828//828 834//834
f 1202//1202 1185//1185 886//886
f 1185//1185 1202//1202 823//823
f 1311//1311 1634//1634 1185//1185
f 830//830 1634//1634 1311//1311
f 806//806 830//830 1625//1625
f 833//833 830//830 18//18
f 833//833 837//837 808//808
f 829//829 837//837 1213//1213
f 836//836 142//142 838//838
f 837//837 809//809 808//808
f 810//810 1889//1889 1888//1888
f 829//829 1213//1213 834//834
f 1635//1635 151//151 1215//1215
f 141//141 1636//1636 921//921
f 1888//1888 1889//1889 1590//1590
f 1636//1636 1200//1200 142//142
f 1636//1636 151//151 1889//1889
f 1637//1637 841//841 842//842
f 840//840 1637//1637 1197//1197
f 1216//1216 1217//1217 841//841
f 1216//1216 1615//1615 1638//1638
f 1640//1640 1216//1216 1638//1638
f 843//843 1638//1638 1639//1639
f 846//846 844//844 845//845
f 845//845 1083//1083 794//794
f 848//848 850//850 847//847
f 848//848 849//849 850//850
f 846//846 850//850 849//849
f 1329//1329 851//851 910//910
f 853//853 855//855 854//854
f 853//853 851//851 852//852
f 853//853 852//852 1195//1195
f 853//853 1195//1195 856//856
f 855//855 856//856 1196//1196
f 1196//1196 969//969 855//855
f 857//857 934//934 1218//1218
f 1641//1641 963//963 858//858
f 1890//1890 1705//1705 816//816
f 1339//1339 1658//1658 1646//1646
f 1664//1664 1647//1647 1291//1291
f 1291//1291 859//859 1290//1290
f 1647//1647 1664//1664 1645//1645
f 1697//1697 1722//1722 1705//1705
f 1697//1697 1705//1705 1890//1890
f 1890//1890 1717//1717 960//960
f 1697//1697 1890//1890 960//960
f 1700//1700 1650//1650 1629//1629
f 1219//1219 1700//1700 1648//1648
f 1338//1338 1208//1208 1219//1219
f 1219//1219 1649//1649 1650//1650
f 1220//1220 1651//1651 1652//1652
f 1651//1651 179//179 1087//1087
f 1087//1087 1652//1652 1651//1651
f 1652//1652 1087//1087 1591//1591
f 1590//1590 1653//1653 1663//1663
f 1855//1855 1657//1657 1342//1342
f 860//860 1657//1657 1855//1855
f 1204//1204 1661//1661 1662//1662
f 1647//1647 1698//1698 859//859
f 1660//1660 1645//1645 1658//1658
f 1226//1226 1676//1676 1666//1666
f 1226//1226 1291//1291 1678//1678
f 1678//1678 1291//1291 1858//1858
f 1669//1669 1665//1665 1236//1236
f 1676//1676 1589//1589 1667//1667
f 1675//1675 1668//1668 1674//1674
f 1671//1671 1219//1219 1208//1208
f 1670//1670 1685//1685 958//958
f 936//936 1585//1585 118//118
f 118//118 861//861 936//936
f 1718//1718 1818//1818 1817//1817
f 1710//1710 1803//1803 1235//1235
f 1802//1802 1805//1805 1801//1801
f 1803//1803 1802//1802 1672//1672
f 1344//1344 1806//1806 1224//1224
f 1806//1806 1344//1344 1802//1802
f 152//152 1223//1223 153//153
f 153//153 1094//1094 1673//1673
f 148//148 149//149 862//862
f 149//149 148//148 189//189
f 152//152 149//149 1088//1088
f 1327//1327 1860//1860 1007//1007
f 863//863 862//862 1254//1254
f 864//864 1326//1326 863//863
f 1039//1039 1038//1038 1033//1033
f 1031//1031 1033//1033 1038//1038
f 1225//1225 1588//1588 180//180
f 1225//1225 180//180 1891//1891
f 1891//1891 1178//1178 179//179
f 1674//1674 1678//1678 1675//1675
f 1674//1674 1220//1220 1676//1676
f 1675//1675 1292//1292 1677//1677
f 1182//1182 1361//1361 878//878
f 1182//1182 878//878 739//739
f 867//867 869//869 1374//1374
f 867//867 753//753 868//868
f 868//868 869//869 867//867
f 869//869 868//868 754//754
f 870//870 178//178 871//871
f 754//754 870//870 869//869
f 872//872 871//871 178//178
f 744//744 1178//1178 83//83
f 875//875 874//874 746//746
f 746//746 83//83 875//875
f 876//876 874//874 877//877
f 880//880 881//881 879//879
f 879//879 759//759 739//739
f 1680//1680 882//882 194//194
f 882//882 786//786 880//880
f 882//882 880//880 194//194
f 5//5 1051//1051 1077//1077
f 5//5 1077//1077 1227//1227
f 1680//1680 1606//1606 1679//1679
f 144//144 1601//1601 1680//1680
f 1600//1600 1601//1601 89//89
f 1322//1322 883//883 1600//1600
f 883//883 5//5 150//150
f 1600//1600 883//883 150//150
f 1600//1600 89//89 1322//1322
f 1324//1324 885//885 884//884
f 1328//1328 1327//1327 1006//1006
f 1006//1006 1324//1324 1328//1328
f 1051//1051 884//884 885//885
f 886//886 775//775 887//887
f 887//887 992//992 888//888
f 886//886 887//887 1202//1202
f 888//888 1202//1202 887//887
f 3//3 134//134 889//889
f 134//134 171//171 170//170
f 889//889 134//134 170//170
f 1355//1355 890//890 1864//1864
f 815//815 890//890 891//891
f 891//891 890//890 90//90
f 891//891 90//90 931//931
f 1547//1547 892//892 517//517
f 896//896 517//517 892//892
f 892//892 893//893 896//896
f 896//896 511//511 895//895
f 894//894 1879//1879 895//895
f 895//895 517//517 896//896
f 517//517 895//895 1879//1879
f 897//897 1682//1682 515//515
f 898//898 1682//1682 897//897
f 513//513 898//898 514//514
f 897//897 894//894 898//898
f 894//894 897//897 516//516
f 898//898 55//55 514//514
f 55//55 898//898 894//894
f 1532//1532 1681//1681 1255//1255
f 1682//1682 513//513 1681//1681
f 1682//1682 898//898 513//513
f 404//404 93//93 902//902
f 93//93 403//403 903//903
f 777//777 903//903 403//403
f 902//902 93//93 903//903
f 1684//1684 1581//1581 1463//1463
f 1684//1684 1463//1463 904//904
f 774//774 904//904 1463//1463
f 774//774 164//164 904//904
f 164//164 1228//1228 904//904
f 164//164 403//403 1228//1228
f 1461//1461 1465//1465 1683//1683
f 1461//1461 1684//1684 904//904
f 1461//1461 1683//1683 1462//1462
f 88//88 787//787 905//905
f 906//906 727//727 114//114
f 114//114 172//172 906//906
f 96//96 909//909 941//941
f 96//96 119//119 908//908
f 96//96 908//908 628//628
f 910//910 97//97 625//625
f 633//633 910//910 625//625
f 911//911 910//910 633//633
f 173//173 911//911 633//633
f 911//911 848//848 796//796
f 15//15 849//849 912//912
f 849//849 913//913 912//912
f 849//849 848//848 913//913
f 15//15 98//98 99//99
f 99//99 849//849 15//15
f 914//914 14//14 1079//1079
f 1229//1229 1079//1079 14//14
f 788//788 779//779 915//915
f 788//788 915//915 1610//1610
f 1610//1610 918//918 169//169
f 918//918 1610//1610 915//915
f 916//916 1230//1230 917//917
f 1847//1847 917//917 1//1
f 917//917 1847//1847 918//918
f 169//169 918//918 1847//1847
f 916//916 918//918 88//88
f 918//918 916//916 917//917
f 727//727 1074//1074 1230//1230
f 1230//1230 916//916 114//114
f 919//919 1000//1000 1763//1763
f 919//919 827//827 1000//1000
f 827//827 919//919 920//920
f 1000//1000 999//999 102//102
f 922//922 919//919 1002//1002
f 1002//1002 1003//1003 318//318
f 923//923 141//141 924//924
f 1002//1002 919//919 1003//1003
f 928//928 926//926 925//925
f 932//932 1887//1887 927//927
f 928//928 932//932 927//927
f 932//932 928//928 815//815
f 815//815 928//928 814//814
f 6//6 929//929 930//930
f 929//929 1353//1353 930//930
f 1352//1352 1334//1334 930//930
f 930//930 1334//1334 137//137
f 930//930 932//932 6//6
f 891//891 932//932 815//815
f 1209//1209 1686//1686 1687//1687
f 933//933 934//934 1687//1687
f 958//958 1685//1685 1212//1212
f 1685//1685 1670//1670 1671//1671
f 1641//1641 935//935 861//861
f 935//935 1641//1641 1218//1218
f 935//935 121//121 936//936
f 861//861 935//935 936//936
f 938//938 1688//1688 1074//1074
f 1689//1689 100//100 937//937
f 1584//1584 1153//1153 1688//1688
f 1153//1153 1584//1584 1531//1531
f 1584//1584 1688//1688 1231//1231
f 1231//1231 1688//1688 1689//1689
f 1690//1690 1188//1188 1691//1691
f 1691//1691 940//940 1693//1693
f 1227//1227 939//939 940//940
f 940//940 1691//1691 1599//1599
f 1694//1694 1191//1191 1078//1078
f 156//156 1694//1694 1050//1050
f 155//155 1759//1759 1757//1757
f 1856//1856 1748//1748 101//101
f 1856//1856 101//101 1816//1816
f 941//941 854//854 855//855
f 941//941 855//855 969//969
f 1705//1705 1722//1722 942//942
f 1232//1232 1696//1696 136//136
f 1696//1696 1232//1232 944//944
f 963//963 1721//1721 858//858
f 960//960 1716//1716 1697//1697
f 1716//1716 1721//1721 1697//1697
f 962//962 943//943 1633//1633
f 1210//1210 946//946 945//945
f 952//952 953//953 955//955
f 946//946 953//953 1203//1203
f 955//955 1210//1210 944//944
f 1698//1698 951//951 859//859
f 116//116 1701//1701 947//947
f 859//859 949//949 1701//1701
f 947//947 1701//1701 1699//1699
f 948//948 1292//1292 1706//1706
f 947//947 115//115 116//116
f 1699//1699 1706//1706 947//947
f 948//948 954//954 950//950
f 950//950 1709//1709 948//948
f 951//951 1698//1698 1233//1233
f 951//951 1233//1233 1700//1700
f 859//859 951//951 949//949
f 954//954 948//948 1699//1699
f 1701//1701 1702//1702 1699//1699
f 954//954 1699//1699 1702//1702
f 1629//1629 951//951 1700//1700
f 953//953 949//949 951//951
f 955//955 954//954 1702//1702
f 1702//1702 952//952 955//955
f 956//956 950//950 954//954
f 956//956 944//944 1232//1232
f 956//956 954//954 955//955
f 956//956 1059//1059 1060//1060
f 1059//1059 956//956 1232//1232
f 1703//1703 1798//1798 1713//1713
f 1020//1020 1704//1704 1781//1781
f 1642//1642 1240//1240 1893//1893
f 1709//1709 950//950 1061//1061
f 1236//1236 1708//1708 1711//1711
f 1669//1669 1236//1236 1657//1657
f 1707//1707 1236//1236 1665//1665
f 1708//1708 1236//1236 1707//1707
f 1709//1709 1711//1711 1708//1708
f 957//957 1018//1018 1019//1019
f 1018//1018 1020//1020 1715//1715
f 1236//1236 1342//1342 1657//1657
f 1712//1712 1017//1017 1784//1784
f 1237//1237 1019//1019 1713//1713
f 959//959 945//945 958//958
f 959//959 1716//1716 1210//1210
f 960//960 944//944 1210//1210
f 1716//1716 960//960 1210//1210
f 960//960 1717//1717 1696//1696
f 136//136 1717//1717 961//961
f 816//816 1058//1058 961//961
f 1058//1058 817//817 980//980
f 1718//1718 980//980 817//817
f 1856//1856 1719//1719 1250//1250
f 1250//1250 1893//1893 1240//1240
f 1250//1250 1240//1240 1720//1720
f 963//963 964//964 962//962
f 963//963 1641//1641 861//861
f 962//962 1721//1721 963//963
f 964//964 963//963 861//861
f 118//118 964//964 861//861
f 1633//1633 1722//1722 962//962
f 1633//1633 1241//1241 1723//1723
f 942//942 1633//1633 1723//1723
f 1240//1240 1723//1723 1241//1241
f 1633//1633 966//966 965//965
f 966//966 1617//1617 1725//1725
f 966//966 1725//1725 965//965
f 943//943 971//971 966//966
f 967//967 943//943 970//970
f 970//970 1196//1196 967//967
f 1196//1196 970//970 969//969
f 968//968 969//969 970//970
f 970//970 118//118 968//968
f 1727//1727 1729//1729 1730//1730
f 1617//1617 1730//1730 1618//1618
f 1728//1728 972//972 1727//1727
f 1729//1729 973//973 1243//1243
f 973//973 1733//1733 1900//1900
f 1082//1082 1731//1731 1312//1312
f 1312//1312 1080//1080 847//847
f 1737//1737 1244//1244 1731//1731
f 1731//1731 1244//1244 1245//1245
f 1731//1731 1310//1310 1080//1080
f 1735//1735 1894//1894 1249//1249
f 1315//1315 1734//1734 974//974
f 1246//1246 1894//1894 1738//1738
f 1735//1735 1738//1738 1894//1894
f 1739//1739 1738//1738 1317//1317
f 1740//1740 1741//1741 1247//1247
f 123//123 1346//1346 154//154
f 1743//1743 1752//1752 976//976
f 124//124 1303//1303 1899//1899
f 978//978 983//983 1742//1742
f 983//983 1743//1743 1742//1742
f 1736//1736 977//977 974//974
f 1742//1742 1249//1249 978//978
f 1249//1249 1742//1742 1736//1736
f 1608//1608 1745//1745 1894//1894
f 1189//1189 1188//1188 1744//1744
f 1745//1745 1603//1603 1249//1249
f 1745//1745 1608//1608 1744//1744
f 979//979 817//817 1893//1893
f 1893//1893 981//981 979//979
f 1747//1747 1741//1741 1740//1740
f 1748//1748 1856//1856 1741//1741
f 1750//1750 1747//1747 1751//1751
f 1248//1248 1753//1753 1754//1754
f 1756//1756 1758//1758 983//983
f 1602//1602 983//983 1604//1604
f 1758//1758 1743//1743 983//983
f 978//978 1603//1603 1604//1604
f 1755//1755 13//13 984//984
f 985//985 1755//1755 1754//1754
f 1275//1275 1754//1754 1753//1753
f 1759//1759 1275//1275 1753//1753
f 1753//1753 1758//1758 1759//1759
f 1602//1602 1853//1853 1756//1756
f 1181//1181 1760//1760 1761//1761
f 987//987 1760//1760 1181//1181
f 756//756 986//986 987//987
f 756//756 988//988 1383//1383
f 988//988 756//756 987//987
f 90//90 1252//1252 1762//1762
f 990//990 1252//1252 321//321
f 1252//1252 3//3 1762//1762
f 3//3 1252//1252 990//990
f 90//90 889//889 931//931
f 990//990 17//17 3//3
f 990//990 321//321 991//991
f 990//990 991//991 992//992
f 17//17 992//992 887//887
f 888//888 992//992 322//322
f 992//992 991//991 322//322
f 888//888 993//993 994//994
f 993//993 888//888 322//322
f 993//993 1420//1420 995//995
f 1420//1420 993//993 1866//1866
f 995//995 1420//1420 998//998
f 998//998 1120//1120 997//997
f 1120//1120 998//998 1419//1419
f 1003//1003 1763//1763 1001//1001
f 317//317 1001//1001 325//325
f 325//325 1001//1001 1004//1004
f 1001//1001 317//317 1003//1003
f 1003//1003 317//317 318//318
f 1355//1355 1404//1404 1252//1252
f 329//329 1175//1175 1005//1005
f 1006//1006 1057//1057 1062//1062
f 862//862 863//863 1326//1326
f 1254//1254 152//152 103//103
f 304//304 312//312 1008//1008
f 304//304 1008//1008 1009//1009
f 1401//1401 30//30 28//28
f 1394//1394 1401//1401 1009//1009
f 1688//1688 938//938 1689//1689
f 1010//1010 336//336 1441//1441
f 1256//1256 1425//1425 1010//1010
f 1425//1425 33//33 1010//1010
f 1441//1441 1257//1257 1010//1010
f 1011//1011 385//385 386//386
f 1257//1257 385//385 1011//1011
f 38//38 386//386 1012//1012
f 1011//1011 1014//1014 1257//1257
f 386//386 38//38 1011//1011
f 1765//1765 346//346 1436//1436
f 1010//1010 1436//1436 1256//1256
f 1257//1257 1765//1765 1010//1010
f 1013//1013 1257//1257 1014//1014
f 1211//1211 1766//1766 1814//1814
f 1769//1769 1768//1768 1287//1287
f 1779//1779 113//113 1780//1780
f 1260//1260 1782//1782 1239//1239
f 1017//1017 1237//1237 1714//1714
f 1017//1017 1712//1712 1711//1711
f 957//957 1017//1017 1061//1061
f 1281//1281 104//104 1024//1024
f 1047//1047 1836//1836 1048//1048
f 1048//1048 1280//1280 1045//1045
f 1787//1787 1269//1269 11//11
f 1279//1279 1793//1793 1262//1262
f 1793//1793 1797//1797 1792//1792
f 1793//1793 1792//1792 1794//1794
f 1262//1262 1793//1793 1794//1794
f 1277//1277 1262//1262 1027//1027
f 1795//1795 1055//1055 1857//1857
f 1796//1796 1023//1023 1055//1055
f 1795//1795 1895//1895 1284//1284
f 109//109 1044//1044 1064//1064
f 104//104 1281//1281 1021//1021
f 1260//1260 1839//1839 1782//1782
f 1801//1801 1806//1806 1802//1802
f 1673//1673 110//110 1053//1053
f 1029//1029 1289//1289 1904//1904
f 1289//1289 1807//1807 1779//1779
f 1267//1267 1825//1825 1826//1826
f 1812//1812 1813//1813 1832//1832
f 1750//1750 1815//1815 1271//1271
f 13//13 1815//1815 984//984
f 1273//1273 1035//1035 1816//1816
f 1819//1819 1211//1211 1787//1787
f 1905//1905 1787//1787 1821//1821
f 1072//1072 112//112 1047//1047
f 1026//1026 1047//1047 112//112
f 112//112 1068//1068 1069//1069
f 1034//1034 1786//1786 1821//1821
f 1786//1786 1034//1034 1794//1794
f 1027//1027 1794//1794 1028//1028
f 1794//1794 1034//1034 1820//1820
f 1786//1786 1794//1794 1792//1792
f 1794//1794 1027//1027 1262//1262
f 1034//1034 1038//1038 1820//1820
f 1794//1794 1820//1820 1028//1028
f 1829//1829 11//11 1897//1897
f 1840//1840 1824//1824 1823//1823
f 1029//1029 1804//1804 1266//1266
f 1275//1275 155//155 127//127
f 985//985 1275//1275 1030//1030
f 1030//1030 1755//1755 985//985
f 1272//1272 1271//1271 1828//1828
f 1828//1828 1271//1271 1815//1815
f 1815//1815 1031//1031 1828//1828
f 1031//1031 1815//1815 13//13
f 127//127 1036//1036 1032//1032
f 1032//1032 1033//1033 1031//1031
f 107//107 1821//1821 1787//1787
f 1828//1828 1273//1273 1272//1272
f 1031//1031 1038//1038 1040//1040
f 1273//1273 1828//1828 1041//1041
f 1264//1264 1276//1276 1831//1831
f 1274//1274 1264//1264 1817//1817
f 1274//1274 1817//1817 1818//1818
f 1035//1035 1276//1276 1274//1274
f 1022//1022 1037//1037 128//128
f 1022//1022 1036//1036 1037//1037
f 1033//1033 1036//1036 1028//1028
f 1027//1027 1028//1028 1036//1036
f 1820//1820 1038//1038 1039//1039
f 1034//1034 1040//1040 1038//1038
f 107//107 1041//1041 1040//1040
f 11//11 1829//1829 1041//1041
f 1276//1276 1035//1035 1832//1832
f 1279//1279 1835//1835 1833//1833
f 1278//1278 1042//1042 1835//1835
f 1045//1045 1280//1280 1834//1834
f 1042//1042 1834//1834 1835//1835
f 1836//1836 1047//1047 1026//1026
f 1021//1021 1065//1065 1066//1066
f 1023//1023 1837//1837 1263//1263
f 1263//1263 1837//1837 1281//1281
f 1263//1263 1281//1281 1024//1024
f 1841//1841 1840//1840 108//108
f 1801//1801 1029//1029 1896//1896
f 1842//1842 1800//1800 1799//1799
f 1283//1283 1268//1268 1282//1282
f 1044//1044 1785//1785 1046//1046
f 1044//1044 1022//1022 128//128
f 1044//1044 109//109 1785//1785
f 1046//1046 1278//1278 1022//1022
f 1022//1022 1277//1277 1027//1027
f 1045//1045 1046//1046 1785//1785
f 109//109 1047//1047 1048//1048
f 1048//1048 1785//1785 109//109
f 109//109 1072//1072 1047//1047
f 1044//1044 128//128 1050//1050
f 1044//1044 1078//1078 1064//1064
f 1078//1078 1044//1044 1050//1050
f 1077//1077 1073//1073 1063//1063
f 1077//1077 1071//1071 1073//1073
f 1284//1284 1261//1261 1285//1285
f 1796//1796 1837//1837 1023//1023
f 1053//1053 1054//1054 1261//1261
f 1261//1261 1896//1896 1788//1788
f 1054//1054 1053//1053 110//110
f 1895//1895 1857//1857 1053//1053
f 1263//1263 1024//1024 863//863
f 1055//1055 1263//1263 1254//1254
f 1024//1024 104//104 864//864
f 1801//1801 1804//1804 1029//1029
f 1804//1804 1801//1801 1805//1805
f 1804//1804 1043//1043 1266//1266
f 864//864 863//863 1024//1024
f 1254//1254 1263//1263 863//863
f 864//864 104//104 1056//1056
f 1007//1007 1056//1056 1057//1057
f 961//961 1058//1058 1059//1059
f 1060//1060 957//957 950//950
f 957//957 1060//1060 1018//1018
f 1057//1057 111//111 1062//1062
f 111//111 1057//1057 1056//1056
f 111//111 1071//1071 1062//1062
f 1071//1071 1077//1077 1051//1051
f 129//129 1063//1063 1049//1049
f 129//129 1049//1049 1064//1064
f 1066//1066 1068//1068 111//111
f 1068//1068 112//112 1070//1070
f 1073//1073 1071//1071 1070//1070
f 1070//1070 111//111 1068//1068
f 1070//1070 112//112 1072//1072
f 1070//1070 1072//1072 1073//1073
f 123//123 1302//1302 1751//1751
f 12//12 1749//1749 1301//1301
f 1730//1730 1243//1243 154//154
f 1243//1243 1730//1730 1729//1729
f 1303//1303 12//12 126//126
f 1732//1732 975//975 1899//1899
f 135//135 1306//1306 1304//1304
f 923//923 1307//1307 1643//1643
f 1310//1310 972//972 1309//1309
f 1314//1314 1737//1737 1082//1082
f 843//843 845//845 844//844
f 1333//1333 1332//1332 1330//1330
f 1333//1333 1151//1151 1299//1299
f 1215//1215 1654//1654 1653//1653
f 1654//1654 1092//1092 1339//1339
f 1340//1340 497//497 1093//1093
f 1093//1093 1330//1330 1341//1341
f 1802//1802 1344//1344 1343//1343
f 1344//1344 1224//1224 1345//1345
f 1224//1224 1094//1094 1861//1861
f 1724//1724 1346//1346 1247//1247
f 1901//1901 1347//1347 1861//1861
f 1358//1358 1369//1369 1101//1101
f 1365//1365 1183//1183 1100//1100
f 1368//1368 1101//1101 177//177
f 196//196 1380//1380 1103//1103
f 252//252 302//302 1108//1108
f 1110//1110 1848//1848 1386//1386
f 1397//1397 1398//1398 1395//1395
f 26//26 1114//1114 307//307
f 1118//1118 1386//1386 1117//1117
f 1404//1404 1403//1403 1421//1421
f 1409//1409 1422//1422 1410//1410
f 1122//1122 1410//1410 1423//1423
f 1870//1870 1432//1432 1433//1433
f 389//389 383//383 390//390
f 1449//1449 1444//1444 1130//1130
f 1444//1444 1451//1451 1131//1131
f 410//410 1138//1138 1475//1475
f 1132//1132 131//131 1453//1453
f 1468//1468 1456//1456 1457//1457
f 1459//1459 1456//1456 1468//1468
f 1475//1475 1476//1476 1137//1137
f 1485//1485 1481//1481 1483//1483
f 424//424 1507//1507 465//465
f 1141//1141 1488//1488 1873//1873
f 1491//1491 1494//1494 1510//1510
f 1146//1146 1145//1145 1508//1508
f 1510//1510 1494//1494 1509//1509
f 1517//1517 1502//1502 1516//1516
f 1149//1149 435//435 445//445
f 471//471 474//474 1523//1523
f 1527//1527 498//498 529//529
f 1152//1152 1539//1539 1537//1537
f 1542//1542 1532//1532 1531//1531
f 1682//1682 1157//1157 1533//1533
f 1535//1535 1156//1156 1547//1547
f 1545//1545 1551//1551 1882//1882
f 525//525 502//502 534//534
f 542//542 1160//1160 1162//1162
f 1166//1166 545//545 1554//1554
f 158//158 1851//1851 1168//1168
f 1172//1172 652//652 681//681
f 1467//1467 1458//1458 719//719
f 1178//1178 734//734 735//735
f 1903//1903 1180//1180 1655//1655
f 1635//1635 1590//1590 1889//1889
f 1667//1667 1663//1663 1666//1666
f 1590//1590 1591//1591 1888//1888
f 1591//1591 1590//1590 1589//1589
f 1604//1604 1744//1744 1188//1188
f 1690//1690 1607//1607 1604//1604
f 1728//1728 967//967 1196//1196
f 1618//1618 1730//1730 154//154
f 1619//1619 1246//1246 1739//1739
f 1622//1622 1318//1318 1623//1623
f 1623//1623 1620//1620 1622//1622
f 799//799 1620//1620 1187//1187
f 1888//1888 1626//1626 810//810
f 1205//1205 1207//1207 1631//1631
f 1810//1810 1025//1025 1775//1775
f 1638//1638 843//843 1640//1640
f 816//816 1723//1723 1642//1642
f 1645//1645 1664//1664 1646//1646
f 860//860 1655//1655 1656//1656
f 1659//1659 1658//1658 1644//1644
f 1659//1659 1204//1204 1294//1294
f 1660//1660 1294//1294 1221//1221
f 1665//1665 1669//1669 1677//1677
f 1676//1676 1226//1226 866//866
f 1652//1652 1591//1591 1589//1589
f 105//105 1710//1710 1265//1265
f 1712//1712 1710//1710 1234//1234
f 1224//1224 1673//1673 1094//1094
f 1225//1225 1891//1891 1220//1220
f 1225//1225 1220//1220 1674//1674
f 1681//1681 1532//1532 1682//1682
f 515//515 1533//1533 1154//1154
f 1074//1074 727//727 938//938
f 1746//1746 1271//1271 1748//1748
f 1061//1061 950//950 957//957
f 1798//1798 1799//1799 1714//1714
f 1723//1723 816//816 1705//1705
f 1240//1240 1642//1642 1723//1723
f 1708//1708 948//948 1709//1709
f 1711//1711 1709//1709 1017//1017
f 961//961 1717//1717 816//816
f 1704//1704 1058//1058 980//980
f 1720//1720 1741//1741 1250//1250
f 1247//1247 1720//1720 1724//1724
f 1241//1241 1725//1725 1724//1724
f 1243//1243 1900//1900 126//126
f 1310//1310 1245//1245 1733//1733
f 1738//1738 1739//1739 1246//1246
f 1317//1317 1318//1318 1739//1739
f 976//976 1752//1752 1076//1076
f 1742//1742 976//976 977//977
f 1608//1608 1894//1894 1246//1246
f 1745//1745 1249//1249 1894//1894
f 1741//1741 1747//1747 1748//1748
f 982//982 1754//1754 1755//1755
f 1301//1301 1749//1749 982//982
f 1758//1758 1251//1251 1743//1743
f 1771//1771 1770//1770 818//818
f 1259//1259 821//821 1777//1777
f 1774//1774 1777//1777 821//821
f 1776//1776 1780//1780 113//113
f 1016//1016 113//113 1288//1288
f 1789//1789 1779//1779 1778//1778
f 1783//1783 1781//1781 1782//1782
f 1781//1781 1783//1783 1238//1238
f 1790//1790 1846//1846 1788//1788
f 1789//1789 1790//1790 1904//1904
f 1797//1797 1786//1786 1792//1792
f 1782//1782 1843//1843 1783//1783
f 1842//1842 1799//1799 1798//1798
f 1282//1282 1842//1842 1798//1798
f 1800//1800 1842//1842 1052//1052
f 1807//1807 1289//1289 1266//1266
f 1808//1808 1807//1807 1809//1809
f 1632//1632 1772//1772 818//818
f 1772//1772 1769//1769 1286//1286
f 1270//1270 1269//1269 1814//1814
f 1273//1273 101//101 1272//1272
f 1274//1274 1816//1816 1035//1035
f 1822//1822 1897//1897 1270//1270
f 1897//1897 1822//1822 1829//1829
f 1827//1827 1823//1823 1632//1632
f 1840//1840 1283//1283 1839//1839
f 1824//1824 1830//1830 1811//1811
f 1826//1826 1827//1827 1267//1267
f 1043//1043 1809//1809 1807//1807
f 1288//1288 1809//1809 1838//1838
f 1278//1278 1279//1279 1277//1277
f 1279//1279 1833//1833 1898//1898
f 1825//1825 1283//1283 1826//1826
f 1842//1842 1282//1282 1268//1268
f 1043//1043 1838//1838 1809//1809
f 1857//1857 1673//1673 1053//1053
f 103//103 1857//1857 1055//1055
f 1769//1769 1772//1772 1768//1768
f 1015//1015 1768//1768 1258//1258
f 1768//1768 1015//1015 1287//1287
f 1807//1807 1808//1808 113//113
f 1259//1259 1016//1016 106//106
f 1016//1016 1259//1259 1777//1777
f 113//113 1779//1779 1807//1807
f 1221//1221 1648//1648 1700//1700
f 1293//1293 1294//1294 1204//1204
f 1294//1294 1293//1293 1336//1336
f 1648//1648 1221//1221 1294//1294
f 119//119 1695//1695 1296//1296
f 1300//1300 120//120 122//122
f 12//12 1751//1751 1302//1302
f 125//125 1303//1303 124//124
f 125//125 124//124 1749//1749
f 126//126 1302//1302 154//154
f 1302//1302 126//126 12//12
f 126//126 1899//1899 1303//1303
f 12//12 1303//1303 125//125
f 1732//1732 126//126 1900//1900
f 1899//1899 126//126 1732//1732
f 1244//1244 1733//1733 1245//1245
f 1244//1244 1315//1315 1076//1076
f 1076//1076 1899//1899 975//975
f 1640//1640 1079//1079 1217//1217
f 1079//1079 1229//1229 1217//1217
f 133//133 1304//1304 131//131
f 131//131 1132//1132 2//2
f 135//135 1686//1686 1306//1306
f 1306//1306 1686//1686 1206//1206
f 1453//1453 1206//1206 1630//1630
f 933//933 1332//1332 934//934
f 137//137 1293//1293 1887//1887
f 1334//1334 1293//1293 137//137
f 972//972 138//138 797//797
f 1312//1312 795//795 1082//1082
f 1319//1319 1314//1314 1885//1885
f 1314//1314 1734//1734 1737//1737
f 843//843 1084//1084 1083//1083
f 1615//1615 1639//1639 1638//1638
f 1639//1639 1615//1615 1316//1316
f 1318//1318 1317//1317 1086//1086
f 1085//1085 1081//1081 1319//1319
f 1086//1086 1319//1319 1614//1614
f 1726//1726 798//798 1886//1886
f 1320//1320 1318//1318 1321//1321
f 1323//1323 146//146 1626//1626
f 1327//1327 1328//1328 1089//1089
f 1333//1333 1330//1330 1151//1151
f 1334//1334 1337//1337 1335//1335
f 1337//1337 1352//1352 165//165
f 1335//1335 1338//1338 1854//1854
f 1336//1336 1335//1335 1648//1648
f 1337//1337 1208//1208 1338//1338
f 1631//1631 1337//1337 1090//1090
f 1337//1337 1209//1209 1208//1208
f 1654//1654 1215//1215 1092//1092
f 853//853 854//854 97//97
f 1342//1342 1234//1234 1235//1235
f 1343//1343 1345//1345 1349//1349
f 1343//1343 1344//1344 1345//1345
f 157//157 1861//1861 1094//1094
f 1096//1096 1094//1094 1223//1223
f 1725//1725 1618//1618 1724//1724
f 1618//1618 1725//1725 1617//1617
f 154//154 1302//1302 123//123
f 1346//1346 123//123 1740//1740
f 1372//1372 1901//1901 157//157
f 1347//1347 1345//1345 1861//1861
f 1861//1861 157//157 1901//1901
f 1348//1348 1345//1345 1347//1347
f 1349//1349 1348//1348 1587//1587
f 1345//1345 1348//1348 1349//1349
f 1587//1587 860//860 1349//1349
f 1349//1349 1855//1855 1343//1343
f 163//163 645//645 618//618
f 1352//1352 930//930 1354//1354
f 1354//1354 930//930 1353//1353
f 1354//1354 1353//1353 1482//1482
f 929//929 1483//1483 1353//1353
f 175//175 1325//1325 1364//1364
f 1325//1325 1322//1322 1356//1356
f 219//219 1100//1100 1176//1176
f 1761//1761 181//181 1181//1181
f 1098//1098 1095//1095 1097//1097
f 1096//1096 1098//1098 20//20
f 1358//1358 1593//1593 1365//1365
f 1358//1358 1365//1365 1360//1360
f 1360//1360 185//185 1363//1363
f 1368//1368 1361//1361 1594//1594
f 1594//1594 1593//1593 1358//1358
f 1362//1362 1364//1364 1363//1363
f 1363//1363 1370//1370 1369//1369
f 1364//1364 1356//1356 1370//1370
f 1183//1183 1365//1365 1593//1593
f 194//194 1368//1368 174//174
f 1368//1368 1358//1358 1101//1101
f 1101//1101 1369//1369 1370//1370
f 157//157 20//20 1372//1372
f 224//224 1374//1374 870//870
f 211//211 207//207 1103//1103
f 1104//1104 724//724 197//197
f 223//223 196//196 1104//1104
f 288//288 1117//1117 1386//1386
f 270//270 1387//1387 275//275
f 1387//1387 1388//1388 1376//1376
f 1376//1376 1388//1388 25//25
f 1112//1112 26//26 307//307
f 282//282 1112//1112 283//283
f 294//294 1391//1391 24//24
f 1388//1388 24//24 261//261
f 1395//1395 1396//1396 1397//1397
f 1113//1113 297//297 1399//1399
f 1114//1114 26//26 264//264
f 1114//1114 309//309 307//307
f 313//313 305//305 311//311
f 1117//1117 310//310 1118//1118
f 1403//1403 1404//1404 1406//1406
f 1405//1405 1406//1406 1125//1125
f 1119//1119 1125//1125 1406//1406
f 8//8 1406//1406 1864//1864
f 1406//1406 8//8 1119//1119
f 1407//1407 1403//1403 1902//1902
f 323//323 1403//1403 1408//1408
f 1410//1410 1422//1422 1423//1423
f 1409//1409 1410//1410 1412//1412
f 1412//1412 1418//1418 1409//1409
f 1415//1415 1866//1866 1414//1414
f 1416//1416 1408//1408 1407//1407
f 1413//1413 1123//1123 1418//1418
f 1415//1415 1413//1413 316//316
f 1866//1866 316//316 1420//1420
f 1423//1423 1121//1121 1122//1122
f 337//337 1426//1426 339//339
f 1850//1850 1428//1428 1427//1427
f 1428//1428 1850//1850 1430//1430
f 1865//1865 1867//1867 1422//1422
f 1426//1426 1430//1430 1850//1850
f 1125//1125 345//345 1405//1405
f 1431//1431 1865//1865 1409//1409
f 1430//1430 1429//1429 1865//1865
f 1865//1865 1431//1431 1430//1430
f 1431//1431 1417//1417 1868//1868
f 1869//1869 1430//1430 1431//1431
f 1418//1418 1431//1431 1409//1409
f 1870//1870 1434//1434 1432//1432
f 1870//1870 1902//1902 1127//1127
f 1902//1902 345//345 1127//1127
f 1870//1870 1127//1127 1124//1124
f 1435//1435 1256//1256 1436//1436
f 1436//1436 348//348 1126//1126
f 1124//1124 348//348 349//349
f 1438//1438 1437//1437 1871//1871
f 1437//1437 1128//1128 1871//1871
f 1434//1434 1870//1870 1128//1128
f 1439//1439 1128//1128 1440//1440
f 1128//1128 1869//1869 1434//1434
f 1472//1472 1485//1485 1129//1129
f 1485//1485 1483//1483 1129//1129
f 1483//1483 929//929 1442//1442
f 1443//1443 413//413 405//405
f 1444//1444 1447//1447 1630//1630
f 1453//1453 1630//1630 1132//1132
f 1131//1131 1447//1447 1444//1444
f 1445//1445 1133//1133 1447//1447
f 1132//1132 1133//1133 1134//1134
f 1134//1134 1477//1477 1473//1473
f 1455//1455 1872//1872 1454//1454
f 1455//1455 1462//1462 1683//1683
f 1468//1468 1457//1457 1470//1470
f 1456//1456 1459//1459 1135//1135
f 1460//1460 1497//1497 428//428
f 1462//1462 1458//1458 1684//1684
f 1455//1455 1460//1460 1462//1462
f 1497//1497 1455//1455 427//427
f 1458//1458 1462//1462 719//719
f 1471//1471 1470//1470 1457//1457
f 1470//1470 1471//1471 1469//1469
f 1469//1469 1484//1484 1485//1485
f 1469//1469 1467//1467 1470//1470
f 1136//1136 1138//1138 1872//1872
f 1136//1136 413//413 1474//1474
f 1477//1477 1476//1476 1473//1473
f 1478//1478 1136//1136 1474//1474
f 415//415 414//414 1479//1479
f 436//436 414//414 1138//1138
f 1481//1481 1449//1449 1482//1482
f 1482//1482 1353//1353 1483//1483
f 1449//1449 1481//1481 1487//1487
f 1488//1488 1493//1493 1147//1147
f 1873//1873 1488//1488 420//420
f 1516//1516 1490//1490 1492//1492
f 1516//1516 1504//1504 1490//1490
f 1504//1504 1516//1516 1502//1502
f 1516//1516 422//422 1517//1517
f 1147//1147 1493//1493 1500//1500
f 430//430 1143//1143 1874//1874
f 1143//1143 430//430 1494//1494
f 1499//1499 1495//1495 430//430
f 429//429 1875//1875 1496//1496
f 1875//1875 429//429 1874//1874
f 431//431 1479//1479 1513//1513
f 1875//1875 1491//1491 1498//1498
f 1491//1491 1510//1510 1511//1511
f 1497//1497 1146//1146 428//428
f 426//426 1500//1500 1493//1493
f 1505//1505 1501//1501 1135//1135
f 1145//1145 432//432 1508//1508
f 1135//1135 1501//1501 1456//1456
f 1505//1505 1135//1135 1506//1506
f 1491//1491 1511//1511 1507//1507
f 1504//1504 1498//1498 1491//1491
f 1498//1498 1504//1504 1146//1146
f 1494//1494 1875//1875 1143//1143
f 1494//1494 1491//1491 1875//1875
f 1513//1513 445//445 1512//1512
f 1518//1518 1503//1503 1517//1517
f 1503//1503 442//442 438//438
f 46//46 1519//1519 460//460
f 1140//1140 452//452 453//453
f 1141//1141 451//451 1140//1140
f 475//475 1521//1521 1140//1140
f 1299//1299 1877//1877 1150//1150
f 1150//1150 1877//1877 1524//1524
f 497//497 1299//1299 1151//1151
f 500//500 1548//1548 1544//1544
f 1877//1877 1544//1544 1540//1540
f 1534//1534 1530//1530 519//519
f 1075//1075 1255//1255 1681//1681
f 1531//1531 1541//1541 1542//1542
f 1255//1255 1531//1531 1532//1532
f 1533//1533 515//515 1682//1682
f 518//518 1551//1551 1550//1550
f 56//56 519//519 1550//1550
f 56//56 1156//1156 1535//1535
f 1155//1155 504//504 1538//1538
f 1155//1155 1156//1156 1536//1536
f 1524//1524 1540//1540 1541//1541
f 1157//1157 1548//1548 1880//1880
f 1542//1542 1540//1540 1543//1543
f 1543//1543 1540//1540 1544//1544
f 1540//1540 1542//1542 1541//1541
f 1544//1544 1548//1548 1543//1543
f 1546//1546 56//56 1545//1545
f 1880//1880 528//528 1157//1157
f 1551//1551 518//518 545//545
f 545//545 1166//1166 1882//1882
f 1159//1159 1161//1161 1881//1881
f 600//600 1557//1557 539//539
f 544//544 554//554 1553//1553
f 1553//1553 1552//1552 544//544
f 555//555 1881//1881 1164//1164
f 1556//1556 1167//1167 1165//1165
f 626//626 633//633 625//625
f 1561//1561 626//626 1562//1562
f 1566//1566 1574//1574 641//641
f 644//644 640//640 1568//1568
f 1569//1569 1561//1561 1169//1169
f 1570//1570 1572//1572 1571//1571
f 686//686 1577//1577 1578//1578
f 1577//1577 686//686 1576//1576
f 711//711 685//685 712//712
f 1459//1459 719//719 1460//1460
f 1468//1468 719//719 1459//1459
f 1175//1175 1253//1253 1005//1005
f 120//120 1231//1231 1583//1583
f 1231//1231 120//120 1584//1584
f 1689//1689 1295//1295 1231//1231
f 1583//1583 1297//1297 1586//1586
f 1295//1295 1583//1583 1231//1231
f 1596//1596 1348//1348 1901//1901
f 1587//1587 1348//1348 755//755
f 1587//1587 755//755 1179//1179
f 1179//1179 1903//1903 1587//1587
f 1655//1655 1587//1587 1903//1903
f 1180//1180 1903//1903 738//738
f 1668//1668 736//736 1588//1588
f 1180//1180 1668//1668 1655//1655
f 1590//1590 1667//1667 1589//1589
f 1590//1590 1663//1663 1667//1667
f 1592//1592 867//867 1183//1183
f 1593//1593 1592//1592 1183//1183
f 1592//1592 1593//1593 1594//1594
f 757//757 1595//1595 758//758
f 757//757 986//986 756//756
f 767//767 766//766 751//751
f 1692//1692 1186//1186 1599//1599
f 1186//1186 1605//1605 1190//1190
f 1186//1186 1190//1190 1606//1606
f 1186//1186 1606//1606 1601//1601
f 1599//1599 1601//1601 1600//1600
f 1192//1192 1187//1187 784//784
f 1744//1744 1604//1604 1603//1603
f 1604//1604 1607//1607 1602//1602
f 1603//1603 978//978 1249//1249
f 1188//1188 1605//1605 1692//1692
f 1189//1189 1198//1198 785//785
f 1606//1606 785//785 87//87
f 1191//1191 1853//1853 1607//1607
f 1602//1602 1607//1607 1853//1853
f 1198//1198 1189//1189 1608//1608
f 1609//1609 145//145 1612//1612
f 1193//1193 784//784 1197//1197
f 1192//1192 1184//1184 801//801
f 1614//1614 1316//1316 1086//1086
f 856//856 138//138 1196//1196
f 1730//1730 1617//1617 1727//1727
f 1619//1619 1608//1608 1246//1246
f 1739//1739 1622//1622 1619//1619
f 807//807 763//763 806//806
f 1888//1888 1591//1591 1323//1323
f 1613//1613 1193//1193 1197//1197
f 945//945 1203//1203 1650//1650
f 1203//1203 945//945 946//946
f 1671//1671 1687//1687 1685//1685
f 1687//1687 1671//1671 1209//1209
f 945//945 959//959 1210//1210
f 958//958 945//945 1670//1670
f 818//818 1025//1025 1632//1632
f 1258//1258 1768//1768 1270//1270
f 1269//1269 1787//1787 1211//1211
f 1814//1814 1269//1269 1211//1211
f 1212//1212 1685//1685 934//934
f 1810//1810 1632//1632 1025//1025
f 1774//1774 821//821 1810//1810
f 806//806 1214//1214 830//830
f 1889//1889 810//810 1200//1200
f 1216//1216 840//840 798//798
f 1641//1641 857//857 1218//1218
f 1218//1218 934//934 1331//1331
f 1641//1641 1716//1716 959//959
f 1641//1641 959//959 857//857
f 1644//1644 1308//1308 1643//1643
f 1658//1658 1339//1339 1308//1308
f 1644//1644 1658//1658 1308//1308
f 1646//1646 1658//1658 1645//1645
f 1645//1645 1660//1660 1647//1647
f 1219//1219 1671//1671 1649//1649
f 1220//1220 1891//1891 1651//1651
f 1663//1663 1664//1664 1226//1226
f 1646//1646 1653//1653 1654//1654
f 1664//1664 1663//1663 1653//1653
f 1653//1653 1646//1646 1664//1664
f 1669//1669 1657//1657 1656//1656
f 1658//1658 1659//1659 1660//1660
f 1644//1644 1661//1661 1659//1659
f 1292//1292 1665//1665 1677//1677
f 1669//1669 1675//1675 1677//1677
f 1589//1589 1676//1676 1652//1652
f 1674//1674 1668//1668 1588//1588
f 1588//1588 1225//1225 1674//1674
f 1668//1668 1669//1669 1656//1656
f 1669//1669 1668//1668 1675//1675
f 1585//1585 936//936 121//121
f 1817//1817 1239//1239 1718//1718
f 1818//1818 1718//1718 1719//1719
f 1719//1719 1856//1856 1222//1222
f 1710//1710 1799//1799 1800//1800
f 1710//1710 1712//1712 1799//1799
f 1784//1784 1799//1799 1712//1712
f 1802//1802 1803//1803 1805//1805
f 1803//1803 1710//1710 105//105
f 1673//1673 1224//1224 1806//1806
f 153//153 1223//1223 1094//1094
f 1665//1665 1292//1292 1707//1707
f 1679//1679 1611//1611 1194//1194
f 884//884 5//5 883//883
f 904//904 1465//1465 1461//1461
f 1230//1230 1//1 917//917
f 1687//1687 1686//1686 933//933
f 1685//1685 1687//1687 934//934
f 1691//1691 1188//1188 1692//1692
f 1690//1690 1691//1691 1693//1693
f 1694//1694 1078//1078 1050//1050
f 1748//1748 1271//1271 1272//1272
f 1816//1816 1222//1222 1856//1856
f 909//909 95//95 941//941
f 1722//1722 1697//1697 1721//1721
f 1721//1721 1716//1716 858//858
f 944//944 960//960 1696//1696
f 1700//1700 1233//1233 1221//1221
f 952//952 1702//1702 949//949
f 944//944 956//956 955//955
f 1784//1784 1714//1714 1799//1799
f 1798//1798 1714//1714 1713//1713
f 1703//1703 1713//1713 1238//1238
f 980//980 1239//1239 1781//1781
f 1238//1238 1020//1020 1781//1781
f 1292//1292 948//948 1708//1708
f 1292//1292 1678//1678 1858//1858
f 1706//1706 1292//1292 115//115
f 1236//1236 1711//1711 1234//1234
f 1234//1234 1342//1342 1236//1236
f 1237//1237 1713//1713 1714//1714
f 1019//1019 1238//1238 1713//1713
f 1718//1718 979//979 1719//1719
f 981//981 1719//1719 979//979
f 1721//1721 962//962 1722//1722
f 1240//1240 1241//1241 1720//1720
f 1241//1241 965//965 1725//1725
f 1623//1623 1187//1187 1620//1620
f 1242//1242 1187//1187 1726//1726
f 1727//1727 971//971 1728//1728
f 1900//1900 1243//1243 973//973
f 973//973 1729//1729 972//972
f 1080//1080 1312//1312 1731//1731
f 1244//1244 1737//1737 1315//1315
f 1732//1732 1244//1244 975//975
f 1733//1733 1732//1732 1900//1900
f 1310//1310 1731//1731 1245//1245
f 1733//1733 973//973 1310//1310
f 1734//1734 1313//1313 1735//1735
f 1735//1735 974//974 1734//1734
f 1734//1734 1315//1315 1737//1737
f 974//974 1735//1735 1736//1736
f 1608//1608 1619//1619 1198//1198
f 1738//1738 1735//1735 1313//1313
f 1085//1085 1317//1317 1738//1738
f 1346//1346 1740//1740 1247//1247
f 1740//1740 1751//1751 1747//1747
f 1899//1899 1248//1248 124//124
f 1899//1899 1752//1752 1248//1248
f 1899//1899 1076//1076 1752//1752
f 976//976 1742//1742 1743//1743
f 1745//1745 1744//1744 1603//1603
f 1747//1747 1746//1746 1748//1748
f 1856//1856 1250//1250 1741//1741
f 1741//1741 1720//1720 1247//1247
f 1747//1747 1750//1750 1746//1746
f 1749//1749 12//12 125//125
f 982//982 1755//1755 984//984
f 1301//1301 982//982 984//984
f 1301//1301 984//984 1750//1750
f 1751//1751 1301//1301 1750//1750
f 1751//1751 1740//1740 123//123
f 1743//1743 1251//1251 1752//1752
f 1248//1248 1251//1251 1753//1753
f 1251//1251 1248//1248 1752//1752
f 1754//1754 982//982 1749//1749
f 1248//1248 1749//1749 124//124
f 1756//1756 1757//1757 1758//1758
f 1853//1853 1757//1757 1756//1756
f 1758//1758 1757//1757 1759//1759
f 1758//1758 1753//1753 1251//1251
f 1074//1074 1153//1153 1255//1255
f 1436//1436 1010//1010 1765//1765
f 1211//1211 1819//1819 1766//1766
f 1814//1814 1766//1766 1767//1767
f 1814//1814 1767//1767 1258//1258
f 1258//1258 1767//1767 1015//1015
f 1772//1772 1773//1773 1771//1771
f 1772//1772 1286//1286 1773//1773
f 113//113 1016//1016 1776//1776
f 1777//1777 1776//1776 1016//1016
f 1904//1904 1779//1779 1789//1789
f 1780//1780 1778//1778 1779//1779
f 1238//1238 1783//1783 1703//1703
f 1781//1781 1239//1239 1782//1782
f 1239//1239 1817//1817 1260//1260
f 957//957 1019//1019 1237//1237
f 1280//1280 1048//1048 1836//1836
f 1905//1905 1786//1786 1797//1797
f 1791//1791 1279//1279 1898//1898
f 1793//1793 1279//1279 1791//1791
f 1797//1797 1793//1793 1791//1791
f 1837//1837 1796//1796 1845//1845
f 1843//1843 1782//1782 1839//1839
f 1843//1843 1703//1703 1783//1783
f 1710//1710 1800//1800 1265//1265
f 105//105 1805//1805 1803//1803
f 110//110 1673//1673 1806//1806
f 1801//1801 110//110 1806//1806
f 821//821 1267//1267 1810//1810
f 818//818 1772//1772 1771//1771
f 1811//1811 1632//1632 1823//1823
f 1632//1632 1267//1267 1827//1827
f 1811//1811 1823//1823 1824//1824
f 1811//1811 1813//1813 1772//1772
f 1813//1813 1830//1830 1831//1831
f 1768//1768 1772//1772 1813//1813
f 1813//1813 1812//1812 1768//1768
f 1269//1269 1270//1270 1897//1897
f 1271//1271 1746//1746 1750//1750
f 1815//1815 1750//1750 984//984
f 1816//1816 1274//1274 1222//1222
f 1273//1273 1816//1816 101//101
f 1260//1260 1817//1817 1264//1264
f 1222//1222 1818//1818 1719//1719
f 1787//1787 1905//1905 1819//1819
f 1812//1812 1822//1822 1270//1270
f 1813//1813 1811//1811 1830//1830
f 1812//1812 1832//1832 1822//1822
f 1823//1823 1827//1827 1840//1840
f 1840//1840 1841//1841 1824//1824
f 1268//1268 1052//1052 1842//1842
f 1268//1268 1838//1838 1052//1052
f 1825//1825 106//106 1268//1268
f 1825//1825 1267//1267 821//821
f 1827//1827 1826//1826 1283//1283
f 1266//1266 1043//1043 1807//1807
f 1838//1838 1268//1268 1288//1288
f 1288//1288 1268//1268 106//106
f 1275//1275 127//127 1030//1030
f 1035//1035 1829//1829 1822//1822
f 1035//1035 1273//1273 1829//1829
f 1831//1831 1841//1841 1264//1264
f 1264//1264 1274//1274 1276//1276
f 1831//1831 1832//1832 1813//1813
f 1841//1841 1831//1831 1830//1830
f 1822//1822 1832//1832 1035//1035
f 1835//1835 1279//1279 1278//1278
f 1839//1839 1283//1283 1843//1843
f 1283//1283 1825//1825 1268//1268
f 1283//1283 1840//1840 1827//1827
f 1804//1804 1265//1265 1043//1043
f 1809//1809 1288//1288 1808//1808
f 1839//1839 1260//1260 108//108
f 1839//1839 108//108 1840//1840
f 1264//1264 108//108 1260//1260
f 108//108 1264//1264 1841//1841
f 1282//1282 1843//1843 1283//1283
f 1284//1284 1844//1844 1795//1795
f 1845//1845 1795//1795 1844//1844
f 1788//1788 1846//1846 1261//1261
f 1895//1895 1795//1795 1857//1857
f 1265//1265 1804//1804 105//105
f 1800//1800 1043//1043 1265//1265
f 1838//1838 1043//1043 1800//1800
f 1052//1052 1838//1838 1800//1800
f 1254//1254 103//103 1055//1055
f 1859//1859 98//98 1079//1079
f 1859//1859 1079//1079 1640//1640
f 1863//1863 1111//1111 1387//1387
f 1443//1443 1134//1134 1473//1473
f 1526//1526 1878//1878 1877//1877
f 1548//1548 1157//1157 1543//1543
f 642//642 644//644 1567//1567
f 1634//1634 820//820 1884//1884
f 1854//1854 1219//1219 1648//1648
f 1707//1707 1292//1292 1708//1708
f 908//908 100//100 1892//1892
f 100//100 908//908 119//119
f 1754//1754 1275//1275 985//985
f 1076//1076 974//974 977//977
f 1371//1371 1901//1901 1372//1372
f 1723//1723 1705//1705 942//942
f 1896//1896 1904//1904 1788//1788
f 1904//1904 1896//1896 1029//1029
# 3769 faces, 0 coords texture

# End of File
