####
#
# OBJ File Generated by Meshlab
#
####
# Object max.obj
#
# Vertices: 1867
# Faces: 3599
#
####
vn 0.8939815034320775 0.0761774550717555 0.4415813253072568
v 0.3100430000000000 0.2958150000000000 -0.0809410000000000
vn 0.7960019132755056 -0.1801534944255290 0.5778630222708540
v 0.2876830000000000 -0.1172870000000000 -0.0497510000000000
vn -0.4808305113992482 -0.1180394169940316 0.8688318107339571
v -0.1810050000000000 -0.0725860000000000 0.0283340000000000
vn 0.3066580536896100 -0.3982608530800210 0.8644935690976967
v 0.1198060000000000 -0.2321560000000000 0.1236980000000000
vn 0.4085655276104392 -0.6167019114624276 0.6728692012917457
v 0.0899600000000000 0.1565380000000000 0.0631100000000000
vn -0.9117121436029686 -0.1734578040033314 0.3724155708844916
v -0.2428440000000000 -0.2857320000000000 -0.0858520000000000
vn 0.3440079439140571 -0.0961340445019162 0.9340325369127815
v 0.1901650000000000 0.1450460000000000 0.0315660000000000
vn -0.4417513549496673 0.1175206916903833 0.8894068964342176
v -0.1895630000000000 0.3101000000000000 0.0570780000000000
vn -0.8541352969960814 0.1796112138901615 0.4880499014141058
v 0.0029860000000000 -0.0761180000000000 0.1824690000000000
vn 0.2056477457476848 0.3181567398293748 0.9254649067198816
v 0.0355000000000000 -0.1887780000000000 0.1329030000000000
vn 0.9292994275331522 0.2709708581570487 0.2509529199196299
v 0.0957670000000000 -0.0604590000000000 0.1786990000000000
vn 0.0853317529535532 0.4203816859873490 0.9033259267973590
v -0.0001490000000000 0.4881700000000000 0.0400810000000000
vn 0.2290548454652752 -0.5253220329547570 0.8194941363189611
v 0.1062440000000000 -0.2573170000000000 0.1021940000000000
vn -0.3182904271503453 -0.0916501034188928 0.9435525753914071
v -0.1180080000000000 0.2130340000000000 0.0970190000000000
vn -0.5612744509490862 0.2763421016290946 0.7801320616273997
v 0.0220300000000000 0.0474430000000000 0.1738390000000000
vn 0.9387601870221913 -0.0641353415784845 0.3385498031644256
v 0.3072550000000000 0.1731880000000000 -0.0643900000000000
vn -0.7250920182976719 -0.6746968312058380 -0.1379338644489078
v -0.1938610000000000 -0.4215530000000000 -0.1432250000000000
vn 0.0785491854441897 -0.4049495788721352 0.9109587608873053
v 0.1557510000000000 0.1169820000000000 0.0161630000000000
vn 0.9828100522991158 -0.1787115424272112 -0.0463312605386077
v 0.3201940000000000 -0.2295870000000000 -0.2301260000000000
vn 0.3533870678803256 -0.5876822992377887 0.7278372726217944
v 0.1491510000000000 0.1785150000000000 0.0627520000000000
vn -0.5587978367752551 0.3506560284379870 0.7515220072196109
v -0.2191540000000000 0.4615220000000000 0.0105050000000000
vn 0.7820118097992875 0.1581636338022455 0.6028613391791784
v 0.1321440000000000 -0.1419910000000000 0.0796590000000000
vn -0.6508693142947546 0.4355328143448703 0.6218362351441999
v 0.0101760000000000 0.0843830000000000 0.1457110000000000
vn 0.9183558726238460 -0.2771708057058275 0.2824868770079004
v 0.1358150000000000 -0.1109880000000000 0.1026420000000000
vn 0.8840110768490300 -0.3208700931028308 0.3399511720238642
v 0.1325250000000000 -0.1265740000000000 0.0844710000000000
vn -0.2023331031647760 -0.2879427518989763 0.9360289990126143
v -0.0132380000000000 -0.3453350000000000 0.0872210000000000
vn 0.1336834391608318 -0.3400459338842287 0.9308584752490225
v 0.0317400000000000 -0.4497130000000000 0.0952950000000000
vn -0.8369326266686321 -0.5133828106550874 0.1896888719493754
v -0.2164060000000000 -0.3945640000000000 -0.1108530000000000
vn 0.8029345157084173 0.0916170096040307 0.5889842842006093
v 0.2850750000000000 0.1908070000000000 -0.0172070000000000
vn -0.5756333662656186 -0.2251826629288120 0.7860909590867977
v -0.2210240000000000 -0.0613120000000000 0.0080680000000000
vn -0.5331368517975870 -0.1564368930409322 0.8314400734575269
v -0.1414600000000000 -0.3409240000000000 0.0089150000000000
vn -0.2878430011404287 -0.9541162816904183 -0.0825138031345145
v 0.0412000000000000 -0.1459810000000000 0.1837350000000000
vn -0.5623290933585022 -0.8217403257914582 -0.0923516525610279
v 0.0311720000000000 -0.1405770000000000 0.1800740000000000
vn -0.4221782668706384 -0.5133785601830088 0.7471331641190376
v -0.0731500000000000 -0.2613140000000000 0.0791100000000000
vn -0.4039056708673299 -0.5528943043600344 0.7288127998652641
v -0.0501280000000000 -0.2526530000000000 0.1020670000000000
vn -0.7833445981372144 -0.3045304511723840 0.5418786255961667
v -0.2014160000000000 -0.3630800000000000 -0.0497280000000000
vn -0.5627700627505271 0.1443943994357251 0.8139042412245829
v -0.2153140000000000 0.2613490000000000 0.0561930000000000
vn -0.4181458665107127 -0.8893464720721010 0.1849780714920364
v 0.0057150000000000 -0.1152360000000000 0.1409950000000000
vn 0.2272010102011450 -0.0511418610171024 0.9725040930583719
v 0.0543120000000000 -0.2075080000000000 0.1291530000000000
vn 0.1892747967693300 0.2266243670140365 0.9554142806047102
v 0.0596610000000000 -0.1932450000000000 0.1263360000000000
vn -0.7150974324478802 0.0490099572914567 0.6973045863844142
v -0.2430440000000000 0.2570050000000000 0.0322260000000000
vn 0.3680909756393719 -0.7449715009387549 0.5563510550380166
v 0.0675170000000000 -0.1426790000000000 0.1246100000000000
vn 0.5857389150431264 -0.4245539856431310 0.6904084564072441
v 0.0794610000000000 -0.1411370000000000 0.1178880000000000
vn 0.6904498188974900 0.0750569201585699 0.7194758552729433
v 0.2294990000000000 -0.1072570000000000 0.0132550000000000
vn -0.6278022900940764 0.1703719710556867 0.7594983054827925
v -0.0611010000000000 -0.0325290000000000 0.0864000000000000
vn 0.7736902089955391 0.1963677054767591 0.6023646609407226
v 0.2849660000000000 0.4002430000000000 -0.0611460000000000
vn -0.8164589068702713 0.2524447190533209 0.5192942491635080
v -0.3296170000000000 0.4429840000000000 -0.1004250000000000
vn -0.1459031867439897 0.4075512151466042 0.9014512006373250
v -0.1099540000000000 0.4578250000000000 0.0546740000000000
vn 0.0006254190444511 0.4192399967326241 0.9078752304092498
v -0.0563210000000000 0.4835090000000000 0.0464620000000000
vn 0.0620577248316724 0.7989738386586535 0.5981552005355903
v 0.0417790000000000 0.1074340000000000 0.1347980000000000
vn 0.7168029520331437 0.5947092085235226 0.3640253909466972
v 0.0581830000000000 0.1269230000000000 0.0858990000000000
vn 0.0316559721199499 -0.0275667755740140 0.9991185977218086
v 0.0144970000000000 -0.2116500000000000 0.1384050000000000
vn 0.1527591228487053 -0.4915740864960321 0.8573328221129096
v 0.0463170000000000 -0.3328610000000000 0.0859110000000000
vn 0.1135157899667783 -0.0417383924069776 0.9926590915452794
v 0.0200940000000000 -0.3527780000000000 0.0860430000000000
vn 0.9291119669971850 -0.1545452510068397 0.3359564230281279
v 0.3065290000000000 -0.2016370000000000 -0.1193570000000000
vn 0.5043826576462515 -0.0731498531083398 0.8603762163472051
v 0.0894980000000000 -0.1155500000000000 0.2358120000000000
vn 0.9221032235922006 0.2083801838445223 0.3260419359864543
v 0.1149580000000000 -0.0283260000000000 0.0920210000000000
vn 0.8519691173349810 -0.2644995853695604 0.4518723187436736
v 0.2684140000000000 0.0824400000000000 -0.0554200000000000
vn -0.6974229404340498 -0.2116411445968225 0.6846964787919321
v -0.2066000000000000 -0.2788620000000000 -0.0258660000000000
vn -0.3069287883974259 0.3858481503697797 0.8700091515088265
v 0.0011800000000000 -0.1664050000000000 0.1183120000000000
vn 0.5983054696992308 0.1872144546540136 0.7790900544202726
v 0.2422660000000000 0.2790940000000000 0.0015590000000000
vn -0.6969137968782814 -0.2040579036348641 0.6875111138627813
v -0.0670940000000000 -0.1035640000000000 0.0815170000000000
vn -0.6097054362166875 -0.1672914336682401 0.7747727778316966
v -0.0469560000000000 -0.3070710000000000 0.0846580000000000
vn -0.5368791483650283 -0.2979091834578699 0.7893103942444362
v -0.0558780000000000 -0.2348300000000000 0.1091760000000000
vn 0.8482187897240625 -0.1399622022932935 0.5108184282974310
v 0.1393690000000000 -0.1075100000000000 0.0701240000000000
vn 0.1726435680588595 -0.4150624548908429 0.8932621994397238
v 0.1850130000000000 0.1111200000000000 0.0106750000000000
vn 0.1776197125442644 0.1510518396442461 0.9724374424382176
v 0.0783780000000000 -0.1087810000000000 0.2392070000000000
vn -0.3590327147986372 -0.3394893071333764 0.8693920404779539
v -0.0270530000000000 -0.3336580000000000 0.0869810000000000
vn 0.9472877390531826 -0.2611544021725828 0.1855918038744981
v 0.1018020000000000 -0.1198470000000000 0.2155980000000000
vn -0.6242000356655233 -0.4344847699517887 0.6493052442072994
v -0.1586430000000000 -0.3976730000000000 -0.0225710000000000
vn 0.1210269858813979 0.2170855034167020 0.9686208509498342
v 0.0329660000000000 0.1450010000000000 0.0900180000000000
vn 0.4663539659531430 -0.0215737043647755 0.8843350913085808
v 0.0475980000000000 0.1472180000000000 0.0855020000000000
vn -0.7846962334468152 -0.1074004793157419 0.6105054940433625
v -0.2135470000000000 -0.2519320000000000 -0.0261790000000000
vn -0.7327637310817784 -0.1533960264146705 0.6629683050427830
v -0.2022780000000000 -0.1948510000000000 -0.0055280000000000
vn 0.5709060135401919 -0.1592646869396193 0.8054198179816979
v 0.1466920000000000 -0.1207880000000000 0.0596210000000000
vn -0.9385451047700800 -0.2823561835223617 0.1985146642915984
v -0.3041620000000000 -0.1134310000000000 -0.1461530000000000
vn -0.7337813849701159 0.1437900317597650 0.6639949591961255
v -0.2933920000000000 0.0661610000000000 -0.0722650000000000
vn -0.6396793573182024 0.0320025383122936 0.7679753624710508
v -0.2227560000000000 0.2236810000000000 0.0542490000000000
vn 0.4827353088304738 0.2574438291522562 0.8370718585878818
v 0.1148660000000000 0.0804840000000000 0.0203460000000000
vn 0.5280633506051615 -0.1484572164139648 0.8361277131170018
v 0.1425460000000000 -0.2219460000000000 0.1171520000000000
vn -0.0994885319220737 0.2831744486080445 0.9538942623118772
v -0.0845540000000000 0.3138050000000000 0.0928840000000000
vn -0.4531051871810703 0.0618318692364698 0.8893101311108129
v -0.1966680000000000 0.2370290000000000 0.0705220000000000
vn -0.2970956313895791 0.1833373574978884 0.9370814261071013
v -0.1839590000000000 0.2483620000000000 0.0741380000000000
vn 0.2606248216308700 0.0933987406924272 0.9609117428707726
v 0.1244750000000000 -0.3517190000000000 0.0747090000000000
vn 0.9542619196114069 -0.0277786335681401 0.2976785788340163
v 0.3453640000000000 0.2237130000000000 -0.1740120000000000
vn 0.9214571373847532 -0.1378490156671999 0.3632002104105670
v 0.3235830000000000 0.1488200000000000 -0.1364790000000000
vn 0.1644562253908455 -0.4210606859324454 0.8919989062169830
v 0.0170920000000000 -0.3391370000000000 0.0905360000000000
vn -0.5760769679439485 0.1349039112231085 0.8061862450707122
v -0.2298360000000000 0.2874100000000000 0.0400800000000000
vn 0.1664269821117096 -0.0893576215243434 0.9819965759108842
v 0.0619680000000000 -0.1653740000000000 0.1159380000000000
vn 0.9213831955065941 -0.1552321483630488 0.3563088367591376
v 0.3059410000000000 -0.1739670000000000 -0.1041290000000000
vn 0.9271028247879977 0.2290011947302677 0.2967133382277000
v 0.0968050000000000 -0.0336480000000000 0.1551880000000000
vn 0.6382785796102890 0.1826262114868682 0.7478289387878928
v 0.2134150000000000 -0.0902110000000000 0.0242360000000000
vn 0.9064339701943106 0.3616193387980168 0.2181946641993442
v 0.0773380000000000 0.0805930000000000 0.1222550000000000
vn 0.8933920528511518 0.4002625918859438 0.2040600339095124
v 0.0740770000000000 0.1072860000000000 0.0746300000000000
vn 0.8833627524301941 0.1898571288243998 0.4285143151092001
v 0.1235570000000000 -0.0642740000000000 0.0837560000000000
vn 0.7589530334086727 0.2269229232029773 0.6103247332402562
v 0.2694500000000000 0.4176700000000000 -0.0485400000000000
vn 0.8924078411182467 0.3605103391233490 0.2713679061640088
v 0.0927110000000000 0.0641540000000000 0.0693490000000000
vn 0.8542778660160489 0.2622823954236529 0.4487953572463694
v 0.3167180000000000 0.4477210000000000 -0.1369080000000000
vn 0.8005955187085035 0.3847541732168989 0.4593593817655658
v 0.3335340000000000 0.0561550000000000 -0.1459980000000000
vn 0.4921645777107649 -0.7330378854923022 0.4694991873046839
v 0.1288680000000000 -0.1144070000000000 0.1152500000000000
vn 0.7527116416510942 0.3416385588740909 0.5627684067299347
v 0.3189550000000000 0.0622070000000000 -0.1311770000000000
vn 0.9945522084399099 -0.0598140112817592 0.0853708893106046
v 0.1382370000000000 -0.1075690000000000 0.0894240000000000
vn 0.9226316062206705 0.1946434648904714 0.3329637229160219
v 0.1365670000000000 -0.0933080000000000 0.0777850000000000
vn 0.9613887341751763 -0.2576118084733402 0.0967876951691025
v 0.3432470000000000 -0.1100450000000000 -0.2056950000000000
vn 0.8975822665315546 0.3547412591820207 0.2617340517434285
v 0.0832170000000000 0.0849500000000000 0.0715920000000000
vn -0.8858671056663328 -0.1649526484996765 0.4336243706842324
v -0.2498510000000000 -0.2282160000000000 -0.0800170000000000
vn 0.9158041674677696 0.3227653396304572 0.2390089169506048
v 0.0999540000000000 0.0411130000000000 0.0741070000000000
vn -0.8717708011673215 -0.0986723438215753 0.4798743989804448
v -0.2838750000000000 0.1612630000000000 -0.0283160000000000
vn -0.7545057266091031 -0.1631840440553271 0.6356823705907050
v -0.2175500000000000 -0.1993860000000000 -0.0248510000000000
vn 0.4402807543250248 -0.8792723505733230 -0.1817498029937046
v 0.0785420000000000 -0.1433240000000000 0.1857880000000000
vn 0.8077044776501012 -0.3632399314483654 0.4644030889059245
v 0.2171970000000000 -0.4235670000000000 -0.0160410000000000
vn -0.1021073815768231 -0.5472006391659870 0.8307499883381643
v -0.0040990000000000 -0.2436680000000000 0.1277440000000000
vn 0.7293398316700985 -0.5624791219734051 0.3894619972262501
v 0.2248550000000000 -0.4292630000000000 -0.0348000000000000
vn 0.7865397714548239 -0.4006255149037503 0.4699514706093582
v 0.2462590000000000 -0.4081740000000000 -0.0474280000000000
vn 0.0689161651473296 -0.4599689994737456 0.8852565061633308
v 0.1128730000000000 -0.4516640000000000 0.0881040000000000
vn 0.3310153499894197 -0.3903551758103880 0.8590993393021690
v 0.1309650000000000 -0.4496040000000000 0.0856230000000000
vn 0.4728871743272478 -0.5167653715928674 0.7136744853778063
v 0.1442660000000000 -0.4639190000000000 0.0695910000000000
vn -0.7354786770559731 -0.3280942105267386 0.5928113566851025
v -0.2746850000000000 0.1295340000000000 -0.0251860000000000
vn -0.4696034913911471 -0.3483468789458805 0.8112502775357978
v -0.1454680000000000 -0.2135080000000000 0.0279110000000000
vn -0.0772843118546541 -0.2044091346666268 0.9758299241189488
v 0.0212430000000000 -0.4414210000000000 0.0984500000000000
vn 0.3728080630437161 -0.4847572884309252 0.7912171127084459
v 0.2157560000000000 0.1886400000000000 0.0371690000000000
vn 0.7566714959228259 0.1402517829712639 0.6385747290891602
v 0.2836550000000000 0.3812400000000000 -0.0542680000000000
vn -0.4708577651490041 0.4317166543431952 0.7693592758663559
v -0.2067790000000000 0.4788130000000000 0.0091750000000000
vn -0.4067580924690355 -0.1945021126104176 0.8925899295875100
v -0.1244150000000000 -0.3392320000000000 0.0180450000000000
vn -0.4248754780353318 -0.3523127559484525 0.8338804171823765
v -0.1088660000000000 -0.3211890000000000 0.0286220000000000
vn -0.4504765278915517 -0.1296801288250790 0.8833198526053192
v -0.1081360000000000 -0.3339800000000000 0.0254330000000000
vn -0.5495401668710322 -0.0020866999921200 0.8354646914612854
v -0.1605270000000000 -0.0903950000000000 0.0397210000000000
vn -0.5209910793009955 0.0908916035679133 0.8487090265159415
v -0.1476760000000000 -0.0831680000000000 0.0473670000000000
vn -0.3560544138953247 0.2179359015203745 0.9086964274025503
v -0.0207230000000000 -0.2054150000000000 0.1282640000000000
vn 0.4891723948698752 -0.3666557718321344 0.7913746982810687
v 0.2529420000000000 0.1794410000000000 0.0102490000000000
vn -0.4166550512671084 -0.4709696524422803 0.7775513839817927
v -0.0463770000000000 -0.2686420000000000 0.0887990000000000
vn -0.7189104912144033 0.3183648350444276 0.6179090041656616
v -0.2851050000000000 0.4446080000000000 -0.0395430000000000
vn 0.3078118389299259 -0.5896744006163364 0.7466833151158138
v 0.0827740000000000 -0.1315760000000000 0.2330480000000000
vn -0.0456279751823942 -0.5038863156581680 0.8625640085078856
v -0.1190130000000000 0.1754840000000000 0.0602910000000000
vn -0.5104407821172823 -0.2803324038778042 0.8129353918286426
v -0.1386360000000000 -0.3267410000000000 0.0142670000000000
vn 0.4796788155154484 -0.5795175385196505 0.6588381109907212
v 0.1075800000000000 0.1444620000000000 0.0304470000000000
vn -0.8201094782687114 -0.3689759460637806 0.4373524835646415
v -0.2079900000000000 -0.3821040000000000 -0.0731480000000000
vn 0.1158971502315603 0.0505366711620738 0.9919747453620276
v 0.1601660000000000 0.0962070000000000 0.0127410000000000
vn -0.4702569949704108 -0.4281903008651310 0.7716938673634951
v -0.2296000000000000 0.1412560000000000 0.0238620000000000
vn -0.3474962553891045 -0.3517382244827270 0.8692103162804091
v -0.0251750000000000 -0.2375190000000000 0.1258580000000000
vn 0.2496310153096144 -0.2816721245213830 0.9264691956363696
v 0.1724940000000000 0.1615180000000000 0.0362770000000000
vn -0.5676250468441338 0.1866820844752080 0.8018426314004427
v -0.2477000000000000 0.3783810000000000 0.0171390000000000
vn -0.7716743193604638 -0.6283549175132571 0.0984319179761966
v -0.2065650000000000 -0.4098190000000000 -0.1172070000000000
vn -0.7100111214802513 0.0669962667762190 0.7009962251056747
v -0.0854170000000000 -0.2108360000000000 0.0910880000000000
vn -0.0743285500532112 -0.7517842271200286 0.6552066410687003
v -0.1138090000000000 0.1800670000000000 0.0649060000000000
vn -0.0063871469261793 -0.5519196611869229 0.8338728272041581
v -0.1436500000000000 0.1812860000000000 0.0631020000000000
vn -0.5484368167164621 0.0597345664916483 0.8340556573970161
v -0.0496000000000000 -0.3815290000000000 0.0649880000000000
vn -0.7565292633627083 0.1946075006719553 0.6243327593183724
v -0.0303760000000000 -0.0097040000000000 0.1098790000000000
vn -0.8513090694282803 -0.0780758223743338 0.5188227387747445
v -0.2863650000000000 0.2124390000000000 -0.0280800000000000
vn -0.7146253190326060 0.0441078979846644 0.6981154250787763
v -0.2508350000000000 0.2893040000000000 0.0223580000000000
vn -0.3090079401793034 -0.0434290534412395 0.9500673714128605
v 0.0081850000000000 -0.1540400000000000 0.1178620000000000
vn -0.8151000421943099 -0.0616002231232108 0.5760358788530492
v -0.3042310000000000 0.2494290000000000 -0.0475990000000000
vn 0.3582630968473221 -0.7270183994788632 0.5857403863970440
v 0.1227720000000000 -0.1230740000000000 0.1054930000000000
vn -0.8644277021298676 -0.3350299244182323 0.3748595704190976
v -0.2269260000000000 -0.3583220000000000 -0.0925440000000000
vn -0.8124763924135173 -0.1131551108586845 0.5719073637026149
v -0.3092620000000000 0.1075760000000000 -0.0933120000000000
vn -0.8372070807105005 -0.4334530211032372 0.3334708120730776
v -0.2145710000000000 -0.3873190000000000 -0.0928830000000000
vn 0.0011726478688693 -0.0769487799480535 0.9970343575632094
v 0.0661830000000000 -0.3445150000000000 0.0809560000000000
vn -0.0448698554642908 0.2640693721557771 0.9634594245529322
v -0.0758460000000000 0.2790330000000000 0.1061800000000000
vn -0.9333092954872866 -0.3346190815733294 0.1302452655724815
v -0.3283340000000000 -0.0524210000000000 -0.1674860000000000
vn 0.0421752513860027 0.2188927969171328 0.9748370077240206
v -0.0572320000000000 0.3294440000000000 0.0888150000000000
vn -0.1352636167619844 -0.4249692097446404 0.8950446495843002
v 0.0546630000000000 -0.1294420000000000 0.2368470000000000
vn 0.0837645177932361 0.2275428563637015 0.9701586231522732
v 0.0046180000000000 0.2855100000000000 0.0949690000000000
vn -0.6610716420327424 -0.5632128695016808 0.4957575493402158
v -0.1821800000000000 -0.4102980000000000 -0.0600450000000000
vn -0.6704283577768402 -0.6513506285759239 0.3553423359837638
v -0.1813230000000000 -0.4203100000000000 -0.0722220000000000
vn -0.4710109320374241 -0.0247652565318250 0.8817796686078387
v -0.1686870000000000 -0.0750550000000000 0.0347370000000000
vn 0.0861501052117954 0.2280299312457666 0.9698353003618952
v 0.0439410000000000 -0.3517250000000000 0.0823640000000000
vn -0.8423179346252178 0.2933817205564964 0.4521367747175820
v -0.0012010000000000 0.0826910000000000 0.1298360000000000
vn 0.1260014876670199 0.2925992096027233 0.9478973191467308
v 0.0409130000000000 0.4316550000000000 0.0574500000000000
vn -0.8229724405870990 -0.1891219941320826 0.5356764259976524
v -0.2437930000000000 -0.2010960000000000 -0.0590700000000000
vn -0.0003021813965989 -0.2172390189565453 0.9761183930903060
v 0.0682070000000000 -0.3379070000000000 0.0816700000000000
vn 0.1828658028672890 0.2794275243476030 0.9425923598134409
v 0.1032850000000000 -0.3806950000000000 0.0914100000000000
vn -0.9057286870208542 -0.0056644638780233 0.4238200789916092
v -0.0568120000000000 -0.1106860000000000 0.1022880000000000
vn 0.4584949908436333 0.2456172435182070 0.8540810927879240
v 0.1380660000000000 -0.3617360000000000 0.0718270000000000
vn 0.8500661402212406 0.1903987062814252 0.4910558928428837
v 0.1197980000000000 -0.0296540000000000 0.0819840000000000
vn -0.7362936024941487 -0.2673969012417745 0.6215871846591478
v -0.2664050000000000 -0.0899510000000000 -0.0460460000000000
vn -0.7147063326463885 -0.2602572067695500 0.6492003114599235
v -0.2562760000000000 -0.0932530000000000 -0.0357850000000000
vn 0.4592450611477892 0.2258613158071235 0.8591161969333589
v 0.2262880000000000 -0.0219180000000000 0.0167730000000000
vn -0.8146517977724885 0.1521217838506778 0.5596440040455540
v -0.0078820000000000 -0.0834430000000000 0.1664170000000000
vn -0.6780480927953730 -0.0302785329999169 0.7343936235398086
v -0.1803970000000000 -0.1497900000000000 0.0248180000000000
vn 0.8389233644897236 0.3734180760043725 0.3959375317224109
v 0.1051240000000000 0.0349950000000000 0.0653760000000000
vn 0.7411400722271272 0.2309958296701602 0.6303588819189930
v 0.1273240000000000 -0.0326540000000000 0.0725010000000000
vn 0.2844923468668699 0.4186474079281984 0.8624375063789731
v 0.1202840000000000 0.4938310000000000 0.0151150000000000
vn -0.0130769360961983 0.2832792847767439 0.9589482992105010
v 0.0136360000000000 -0.1916180000000000 0.1363740000000000
vn -0.3626230715504901 0.0674797233595556 0.9294896421771497
v -0.1594250000000000 0.0076380000000000 0.0368980000000000
vn -0.8945026334118124 -0.2373667086543231 0.3788430868340431
v -0.2347590000000000 -0.3374240000000000 -0.0935000000000000
vn -0.6681025285790417 0.1963263039471060 0.7177011869049397
v -0.1123310000000000 -0.2228950000000000 0.0615060000000000
vn -0.7042823631073025 0.2873249857290878 0.6491769447475575
v -0.0841910000000000 -0.1998890000000000 0.0893870000000000
vn 0.6881890703651391 -0.3398827676382173 0.6409957158145062
v 0.2124250000000000 -0.2610460000000000 0.0374030000000000
vn -0.8994245504042802 -0.2172822152919917 0.3792412385907724
v -0.2668400000000000 -0.1865980000000000 -0.0975070000000000
vn -0.9538219270244398 -0.1717528718206191 0.2464237864913900
v -0.2508380000000000 -0.2920110000000000 -0.1144030000000000
vn -0.9235392442190294 -0.2591280393833291 0.2827152694721239
v -0.2397430000000000 -0.3414270000000000 -0.1106820000000000
vn -0.5988233727280695 0.2146570536170248 0.7715781992818597
v -0.2679210000000000 0.0378020000000000 -0.0415340000000000
vn -0.5384003694378560 -0.3468924269176106 0.7679783111106657
v -0.0956240000000000 -0.3169360000000000 0.0401290000000000
vn 0.7168614755900024 -0.2359245278687352 0.6560863067957133
v 0.2321110000000000 -0.2930240000000000 0.0026340000000000
vn 0.8119763311801212 -0.1055268699223255 0.5740718747053076
v 0.2407020000000000 -0.2916730000000000 -0.0071020000000000
vn -0.7047086078026380 0.1622036824061988 0.6907066986085604
v -0.1302870000000000 -0.2417690000000000 0.0521230000000000
vn -0.6028394150862160 -0.1515390511681305 0.7833393617006437
v -0.1849580000000000 -0.3278200000000000 -0.0194860000000000
vn -0.5426371024542664 -0.1201420218813775 0.8313307823112848
v -0.1716160000000000 -0.3045320000000000 -0.0088900000000000
vn -0.7267356496229571 -0.1978163828089434 0.6578175843343534
v -0.2014930000000000 -0.3110150000000000 -0.0301860000000000
vn -0.5803160726455968 -0.1725773189748744 0.7958959258625683
v -0.1952690000000000 -0.3056560000000000 -0.0229890000000000
vn 0.6720805666681661 -0.7306872300467989 0.1200161812154231
v 0.2510720000000000 -0.4354230000000000 -0.1202250000000000
vn 0.1299082079820875 -0.6167997711064506 0.7763258979719232
v 0.0652720000000000 -0.4652050000000000 0.0775820000000000
vn 0.8984731567086918 0.0288304948825938 0.4380808021800811
v 0.3420930000000000 0.3097420000000000 -0.1634450000000000
vn -0.6256387460343936 -0.3630420990774419 0.6904901112673203
v -0.2451480000000000 0.1378440000000000 0.0110940000000000
vn 0.9332630324767379 0.0454017151557827 0.3563127789923295
v 0.3147100000000000 0.2345170000000000 -0.0890480000000000
vn 0.8817021279736545 -0.1819243515126706 0.4353215913016761
v 0.3023860000000000 -0.1260850000000000 -0.0778790000000000
vn -0.0022710956824367 -0.6220242626369163 0.7829946735549367
v 0.1110070000000000 -0.4635630000000000 0.0803050000000000
vn 0.3741316231388769 -0.1603423515785175 0.9134089220375179
v 0.1924590000000000 0.1663730000000000 0.0293610000000000
vn 0.9765820947788137 -0.0785542695691053 0.2002913849617309
v 0.3025970000000000 -0.2609200000000000 -0.1323060000000000
vn -0.4088548863910915 -0.5168151382293533 0.7521567620989006
v -0.0265020000000000 0.1496250000000000 0.0744380000000000
vn 0.9816202688512424 -0.1892837447680290 -0.0243579914403092
v 0.3131060000000000 -0.2667920000000000 -0.2319580000000000
vn 0.9893414404250531 -0.1455545724539794 -0.0041690161213823
v 0.3296170000000000 -0.1739950000000000 -0.2263980000000000
vn -0.6144727120502336 -0.1428214459646321 0.7759029067597326
v -0.0217160000000000 0.1336620000000000 0.0701890000000000
vn -0.1502586464370759 0.2882347710238568 0.9456971269617576
v -0.0918780000000000 0.2886890000000000 0.1012110000000000
vn 0.1232670830646369 -0.2071704805139834 0.9705079176577289
v -0.1251730000000000 0.1696510000000000 0.0582550000000000
vn 0.9622697600674698 -0.0161227719162792 0.2716191544892034
v 0.2954160000000000 -0.2599540000000000 -0.0977880000000000
vn -0.3631812035215640 -0.5719352593504666 0.7355198654831443
v 0.0394910000000000 -0.1274190000000000 0.2326340000000000
vn -0.3412362244885687 -0.0887886673287464 0.9357747654488083
v 0.0371540000000000 -0.1148470000000000 0.2355720000000000
vn -0.4461759331065107 -0.0259553191029400 0.8945688112866437
v -0.1839560000000000 -0.0408450000000000 0.0319730000000000
vn 0.1082111534891054 -0.1380943860961784 0.9844898611917122
v 0.0283730000000000 -0.3069480000000000 0.1077230000000000
vn -0.4744467931371439 0.1448028258831996 0.8682927974468750
v -0.2080040000000000 0.3763510000000000 0.0407060000000000
vn -0.1167658279715611 0.2580353012573241 0.9590534524848747
v -0.0828000000000000 0.4021350000000000 0.0761590000000000
vn -0.1895935328242233 0.2617620807746078 0.9463270604710498
v -0.1295510000000000 0.4257710000000000 0.0629140000000000
vn -0.3767892680560547 -0.4179904778043095 0.8266279743286623
v -0.1950460000000000 0.1509340000000000 0.0462310000000000
vn -0.7838396196880011 0.1566072294008737 0.6008906941422474
v 0.0030710000000000 -0.0110610000000000 0.1637050000000000
vn 0.0155689451021605 -0.3509609323439359 0.9362606645142586
v 0.0142600000000000 -0.2698810000000000 0.1050590000000000
vn -0.7449825977343583 -0.0112141997721527 0.6669896332001252
v -0.2777820000000000 -0.0138720000000000 -0.0358270000000000
vn 0.0592099260798296 -0.0199553077074750 0.9980460762649794
v 0.0448430000000000 -0.2905180000000000 0.1057680000000000
vn 0.1783188723140824 -0.1292342790639558 0.9754490662722751
v 0.0411190000000000 -0.3425840000000000 0.0824100000000000
vn 0.0296158456420718 -0.0679935627588046 0.9972460965630647
v 0.0322990000000000 -0.2752470000000000 0.1029350000000000
vn 0.6733334276353364 0.4320337576212919 0.5999741056949673
v 0.3071810000000000 0.0505510000000000 -0.1079930000000000
vn 0.0420963475861519 -0.4990947750888385 0.8655242937081128
v 0.0503400000000000 -0.2634980000000000 0.1070110000000000
vn -0.0420809454488196 0.1146005340414015 0.9925199804676775
v 0.0634870000000000 -0.1116830000000000 0.2400720000000000
vn 0.6096141204320090 0.1791925538813983 0.7721791584880870
v 0.2351830000000000 0.2264520000000000 0.0213080000000000
vn -0.3069553860088151 0.1393244131892530 0.9414707105851194
v -0.1123860000000000 -0.0290030000000000 0.0561090000000000
vn -0.8159169065211105 -0.0615559044151543 0.5748830074760027
v -0.2947450000000000 -0.0110350000000000 -0.0592890000000000
vn -0.9183777403735339 -0.2234977818001248 0.3265441279778672
v -0.2886110000000000 -0.2133430000000000 -0.1712120000000000
vn 0.4078266068439207 0.0254402187480018 0.9127049107023737
v 0.1154620000000000 -0.2714060000000000 0.0921990000000000
vn 0.2008252058453630 -0.4387934629102951 0.8758593115360246
v 0.1150750000000000 -0.3281050000000000 0.0836510000000000
vn 0.1823313867878743 0.2755855581267375 0.9438261839682057
v 0.0904080000000000 0.3999840000000000 0.0608950000000000
vn 0.0182485101479852 0.3061064809152976 0.9518223648449491
v -0.0651450000000000 0.3109990000000000 0.0939900000000000
vn 0.7737732636568542 0.0292649676225975 0.6327862973546985
v 0.2426790000000000 -0.1298100000000000 -0.0003430000000000
vn 0.9472303550195134 -0.1743947238964966 0.2689630733142957
v 0.3519340000000000 -0.0418250000000000 -0.1639210000000000
vn 0.0703469762968891 0.3912562774955803 0.9175891391282845
v -0.0324750000000000 0.4684720000000000 0.0527930000000000
vn -0.9494727767388449 -0.2563947792872088 0.1810059761060142
v -0.2543500000000000 -0.3061880000000000 -0.1479270000000000
vn -0.0649106423643847 -0.5599885334795468 0.8259536614600540
v -0.1635800000000000 0.1022440000000000 0.0367040000000000
vn -0.9132163364674705 -0.2227500108318052 0.3412013415614929
v -0.2946440000000000 -0.2253610000000000 -0.1952050000000000
vn -0.7107383149968547 0.1520942218707063 0.6868175851483247
v 0.0151040000000000 0.0322940000000000 0.1708210000000000
vn -0.6723106892070250 0.1129542237053987 0.7316007658040592
v -0.2550860000000000 0.3612910000000000 0.0144520000000000
vn 0.4640177292156106 0.0943774805615609 0.8807839906222414
v 0.1930680000000000 0.3605090000000000 0.0286010000000000
vn 0.5346266669120922 -0.3344907562266053 0.7760736183026844
v 0.2291680000000000 -0.3078060000000000 -0.0017170000000000
vn 0.6836128398501125 -0.6978080479002747 0.2138630717951847
v 0.2386700000000000 -0.4347500000000000 -0.0725680000000000
vn 0.0943305433808111 0.3321777086644358 0.9384879959018795
v -0.0137950000000000 0.4456300000000000 0.0589740000000000
vn -0.3223776376777935 0.1302292883728422 0.9376102554767565
v -0.1461130000000000 0.3744750000000000 0.0702600000000000
vn 0.1573149309264920 -0.6504124968037306 0.7431121022491359
v -0.1294080000000000 0.1269440000000000 0.0582660000000000
vn -0.2006048866955087 0.1006830276739449 0.9744847907342062
v -0.1413870000000000 0.0484150000000000 0.0404780000000000
vn -0.3489904712522360 -0.1971576160478637 0.9161520209056274
v -0.0223220000000000 -0.3540000000000000 0.0814190000000000
vn -0.3657994799421643 -0.1641890950467697 0.9160964368131584
v -0.1787940000000000 0.1512650000000000 0.0526430000000000
vn -0.1240166438520888 -0.4081763471588111 0.9044401260822930
v -0.1777400000000000 0.1678740000000000 0.0579150000000000
vn -0.5650036082483568 -0.8092521693414443 0.1608783673540468
v -0.1564340000000000 -0.4519560000000000 -0.1023760000000000
vn -0.6662088686950687 -0.3227995949006450 0.6722842886785442
v -0.0768640000000000 -0.4266120000000000 0.0370320000000000
vn -0.5564218417108028 -0.3875137375962797 0.7350019300936018
v -0.2384470000000000 0.1075780000000000 -0.0044650000000000
vn -0.4216624549446844 -0.7120721193908125 0.5613858484823949
v -0.0657110000000000 0.1641310000000000 0.0574600000000000
vn -0.6388367802338299 -0.5881501232376003 0.4959506031411484
v -0.0929980000000000 -0.4506360000000000 -0.0026130000000000
vn -0.5923360393804032 -0.5996280740964910 0.5381302715945930
v -0.1284880000000000 -0.4327110000000000 -0.0236960000000000
vn -0.4098748164471980 -0.7081562135605265 0.5749064376383289
v -0.0456040000000000 0.1609690000000000 0.0752830000000000
vn -0.5747777208161853 0.2083699480278434 0.7913359188184402
v -0.0569930000000000 0.0670570000000000 0.0475600000000000
vn -0.3801101270777112 -0.5462459012893914 0.7464125579178760
v 0.0007520000000000 -0.1234800000000000 0.1241940000000000
vn -0.6141963899755745 0.4141132952602842 0.6717685414111327
v -0.0858540000000000 -0.1810550000000000 0.0741900000000000
vn -0.8843678821206995 -0.4565745398089316 0.0971243464410997
v -0.2316650000000000 -0.3722930000000000 -0.1248740000000000
vn -0.8084375339103256 -0.5841152379375738 -0.0723750134654403
v -0.2261580000000000 -0.3810610000000000 -0.1467080000000000
vn 0.6254985829542978 0.5091729857500612 0.5911805082244622
v 0.1529730000000000 -0.1810360000000000 0.0929830000000000
vn 0.5689453885165225 0.2944548583000517 0.7678525127322822
v 0.1392810000000000 -0.0139770000000000 0.0505170000000000
vn 0.0239852020410769 0.6362250898605061 0.7711305629496470
v 0.0330200000000000 0.1327790000000000 0.0962830000000000
vn 0.4146553453545765 0.6474229682702870 0.6394563665528461
v 0.0456640000000000 0.1306750000000000 0.0941410000000000
vn -0.3164493804204067 -0.3656606965482959 0.8753011165486743
v -0.1347570000000000 -0.1988130000000000 0.0399090000000000
vn -0.7999414154052755 0.0145679507779978 0.5999012474812287
v -0.2693740000000000 0.2469470000000000 0.0003140000000000
vn -0.8016097445018119 0.0120752237937902 0.5977256950224488
v -0.3381860000000000 0.2973220000000000 -0.0940280000000000
vn -0.3317593462052275 -0.5032918915821000 0.7978928550082347
v -0.1070740000000000 -0.3035410000000000 0.0411890000000000
vn -0.7437596290418748 -0.1542887543171998 0.6503972589877205
v -0.2197200000000000 -0.1663740000000000 -0.0177700000000000
vn -0.0735765844173049 -0.6705947749528346 0.7381660612839365
v 0.0141770000000000 -0.4759670000000000 0.0793790000000000
vn -0.7072386348337091 -0.6735002507473913 0.2149672664424805
v -0.1963790000000000 -0.4173800000000000 -0.1016680000000000
vn -0.6330553779907658 -0.2040131667415065 0.7467392558270061
v -0.0883260000000000 -0.3931210000000000 0.0377740000000000
vn -0.5643473567495653 0.0060497630694898 0.8255152701777126
v -0.0850380000000000 -0.3726970000000000 0.0420120000000000
vn -0.4664051817832482 -0.8532765893540530 0.2332064931901552
v -0.1185670000000000 -0.4686600000000000 -0.0785510000000000
vn -0.7866823910714456 0.2862288727122610 0.5469952906597841
v -0.3175740000000000 0.4453060000000000 -0.0833720000000000
vn -0.5251842958127650 -0.7808594089567777 0.3382898740360432
v -0.1160530000000000 -0.4636310000000000 -0.0581950000000000
vn -0.1891436504358984 -0.1547637771252106 0.9696766743557983
v -0.0947960000000000 0.2047460000000000 0.1025290000000000
vn -0.6660257354471139 -0.2515744490699832 0.7022250467601291
v -0.2505380000000000 0.1651910000000000 0.0177760000000000
vn -0.5382013650097348 -0.8050011361126138 0.2496246413298557
v -0.0300110000000000 -0.5000000000000000 0.0159390000000000
vn -0.5456096563652341 -0.7523929722692889 0.3690730526071986
v -0.0307040000000000 -0.4921100000000000 0.0381490000000000
vn -0.8186066100141357 0.1997054487541049 0.5385173644174218
v -0.0228810000000000 -0.0109330000000000 0.1203710000000000
vn -0.5359191856585901 0.0876598490887617 0.8397061255586797
v -0.1289630000000000 -0.0982760000000000 0.0627810000000000
vn -0.0072511379492695 -0.7242056396597588 0.6895459466079402
v 0.0884240000000000 -0.4730580000000000 0.0697280000000000
vn -0.7957037180475527 -0.0547858640310182 0.6032032014070181
v -0.2949890000000000 0.0852050000000000 -0.0758870000000000
vn -0.6240433791045948 -0.2473008609760810 0.7412234110956076
v -0.1199180000000000 -0.3918220000000000 0.0115720000000000
vn -0.7990577529918764 -0.1307423685590625 0.5868672255690718
v -0.3274100000000000 0.1827950000000000 -0.0982470000000000
vn 0.2725212781631594 -0.3356874918765766 0.9016906679931490
v 0.1094470000000000 0.1884540000000000 0.0769420000000000
vn -0.6379449466401254 0.0417583375275692 0.7689489490878189
v -0.2513600000000000 0.3340560000000000 0.0209850000000000
vn -0.4997091411226067 -0.2545494567232946 0.8279464646705016
v -0.0833360000000000 -0.2907880000000000 0.0593650000000000
vn -0.5875646094155402 0.2388262594553626 0.7731299034165755
v -0.2517260000000000 0.3981460000000000 0.0083240000000000
vn -0.5498323458243799 0.2997844287839481 0.7796240682174592
v -0.2156690000000000 0.4441030000000000 0.0203870000000000
vn -0.6596120247322922 0.3908962992003701 0.6419595470900178
v -0.2699820000000000 0.4706830000000000 -0.0396580000000000
vn -0.8296000693726031 -0.1056075112646905 0.5482798359063100
v -0.3074930000000000 0.2307670000000000 -0.0556460000000000
vn -0.4206750248163330 0.0499847326960167 0.9058333455956927
v -0.0402620000000000 -0.2111830000000000 0.1227820000000000
vn -0.5304192748534099 -0.0075187412428463 0.8477021065174404
v -0.0405870000000000 -0.2980410000000000 0.0910500000000000
vn -0.0459311636392674 -0.2445342238659670 0.9685521883538397
v 0.0129810000000000 -0.2254590000000000 0.1368490000000000
vn -0.5036256009895073 -0.4693725757762208 0.7252934848302124
v -0.0705450000000000 -0.2489880000000000 0.0906910000000000
vn -0.4145837284989748 -0.3901449918613322 0.8221357657889659
v -0.1290390000000000 -0.3163480000000000 0.0237170000000000
vn -0.4131647571074717 -0.4915157216132195 0.7666206225320056
v -0.1240410000000000 -0.2876320000000000 0.0472750000000000
vn -0.5435369508827804 -0.3704730476373491 0.7532046893105117
v -0.2162230000000000 0.1197310000000000 0.0169920000000000
vn -0.5158743058495358 -0.2912977856082800 0.8056173413376676
v -0.0895660000000000 -0.2447690000000000 0.0805600000000000
vn -0.6795706847326801 -0.2623085001546743 0.6851116224372213
v -0.0475890000000000 -0.4406480000000000 0.0631840000000000
vn 0.1510692355088630 -0.6311053272182665 0.7608443678174220
v 0.0302660000000000 -0.4703740000000000 0.0835280000000000
vn -0.7490231877315895 -0.6396432407080302 -0.1726869678259972
v -0.2131780000000000 -0.3938140000000000 -0.1575510000000000
vn -0.8821055078838458 -0.3786372727491777 0.2802207855353474
v -0.2303640000000000 -0.3669790000000000 -0.1095690000000000
vn -0.6159207959793770 -0.1737249571199514 0.7684147398077431
v -0.2240050000000000 0.1914960000000000 0.0503180000000000
vn -0.5985035010309102 -0.7515857304984307 0.2773309376266618
v -0.1595270000000000 -0.4459180000000000 -0.0860320000000000
vn 0.3122635422772296 -0.0490002152216585 0.9487309729700554
v -0.1095090000000000 0.1421640000000000 0.0587490000000000
vn -0.6934219522070697 -0.2519087953511115 0.6750614453678185
v -0.1462400000000000 -0.2978820000000000 0.0197080000000000
vn -0.8635197910992563 -0.2888871440211269 0.4133736667946007
v -0.2999030000000000 -0.0743340000000000 -0.0863750000000000
vn -0.0497822490253051 -0.0114097020450226 0.9986949215757663
v 0.0658360000000000 -0.2131850000000000 0.1276680000000000
vn -0.2635811029992977 0.2475018227427814 0.9323453490422283
v -0.1045160000000000 0.2907100000000000 0.0977750000000000
vn -0.8499457457870899 0.0038921210091754 0.5268558442425002
v -0.1484550000000000 -0.2456790000000000 0.0221490000000000
vn -0.4036075603956965 -0.5251310404374350 0.7492251514468340
v -0.0189650000000000 -0.4710270000000000 0.0720240000000000
vn -0.5783591752542164 -0.3343871217580835 0.7441007439867313
v -0.0299060000000000 -0.4588860000000000 0.0713820000000000
vn -0.2814653550850036 -0.5359996431410057 0.7959155963037711
v 0.0060700000000000 -0.4672600000000000 0.0844700000000000
vn 0.4183432628345315 0.3423804806514632 0.8412874187278870
v 0.0670930000000000 -0.0119350000000000 0.2003170000000000
vn -0.9257580628263063 -0.1614187630782608 0.3419298057180289
v -0.3319990000000000 -0.0113940000000000 -0.1194760000000000
vn -0.9305985808664222 -0.1912457280271190 0.3121079185166216
v -0.2942330000000000 -0.1891360000000000 -0.1729410000000000
vn -0.9165323337948653 -0.2159538660776322 0.3366487915241366
v -0.2804420000000000 -0.1987120000000000 -0.1361490000000000
vn -0.9449688919498967 -0.3215833412194913 0.0601493798562578
v -0.2428420000000000 -0.3497940000000000 -0.1404960000000000
vn -0.9343136062321169 -0.3017879290807724 0.1896895650020728
v -0.2406590000000000 -0.3489400000000000 -0.1224050000000000
vn 0.3369948828631730 0.3918411181693310 0.8560928612223353
v 0.1519120000000000 0.4752700000000000 0.0136640000000000
vn -0.2683375907559237 0.4018575296258119 0.8755029773052437
v -0.0007070000000000 -0.1872090000000000 0.1318850000000000
vn -0.9257292187774128 -0.0482927491391455 0.3750909541462505
v -0.3470840000000000 0.0128510000000000 -0.1539820000000000
vn -0.8197793465408154 0.1426855567266378 0.5546193783909132
v 0.0044420000000000 0.0258450000000000 0.1576860000000000
vn -0.6000312970082855 -0.6106622900957169 0.5167726870352275
v -0.1528640000000000 -0.4256920000000000 -0.0422890000000000
vn -0.7839791337686063 -0.1185510208921154 0.6093622676707700
v -0.2231620000000000 -0.2161100000000000 -0.0353600000000000
vn -0.5528991273518126 -0.1528114709873862 0.8191161146676798
v -0.1282800000000000 -0.2042550000000000 0.0412960000000000
vn 0.4026698977639734 -0.4776490728224951 0.7808382141433409
v 0.2231690000000000 0.1716100000000000 0.0197320000000000
vn -0.0518982929860636 -0.3450445749996113 0.9371503659757436
v -0.1583730000000000 0.0971670000000000 0.0336330000000000
vn -0.1719417929242487 0.4886235671129087 0.8553847260197318
v 0.0192320000000000 0.1336590000000000 0.0943850000000000
vn -0.3637173089719771 0.2613025057504382 0.8941088969710151
v 0.0091800000000000 0.1357120000000000 0.0900660000000000
vn -0.1869290170221505 0.3002018150378784 0.9353803573109154
v 0.0456490000000000 -0.0013350000000000 0.1991290000000000
vn -0.4075207419237061 0.3335274275226601 0.8501095811670804
v 0.0408290000000000 -0.0228000000000000 0.2047640000000000
vn -0.6458342790624406 0.3169827807465270 0.6945646123278215
v 0.0262910000000000 -0.0508990000000000 0.2064680000000000
vn -0.1951595228019633 0.3480150005269133 0.9169505548653988
v 0.0507990000000000 -0.0691560000000000 0.2261920000000000
vn -0.2765240393710317 0.1231671894317809 0.9530814755819168
v -0.1543310000000000 0.2377030000000000 0.0832540000000000
vn 0.6179046031430524 0.2019975098613964 0.7598624266434169
v 0.1536170000000000 -0.3940240000000000 0.0729700000000000
vn -0.5020356197856293 0.0904604483541721 0.8601029843861846
v -0.2087750000000000 -0.0317960000000000 0.0187630000000000
vn 0.4474914926302707 0.2652677694024978 0.8540400309937208
v 0.2108240000000000 0.0059790000000000 0.0133210000000000
vn 0.5432542291741959 0.0882091121060004 0.8349215502224273
v 0.2119600000000000 0.3631250000000000 0.0175560000000000
vn 0.5836379670581653 0.0348735309389909 0.8112647904649007
v 0.2260400000000000 -0.0883810000000000 0.0142310000000000
vn 0.6420790554682863 0.0120106502537424 0.7665443436680200
v 0.2187220000000000 -0.1458480000000000 0.0305700000000000
vn 0.6312296784133851 0.0302644686370322 0.7750052612906912
v 0.2236930000000000 0.3525650000000000 0.0094390000000000
vn 0.5092709486550009 0.1670594115731226 0.8442358994148954
v 0.2215520000000000 0.0647130000000000 -0.0056530000000000
vn 0.2358592705176281 0.3533377598299910 0.9052750035150734
v 0.1021880000000000 0.4559860000000000 0.0404930000000000
vn 0.5620043952301711 0.0786085443613616 0.8233904034510954
v 0.2412830000000000 -0.0358910000000000 0.0096660000000000
vn 0.5644399190905528 0.2195108079498701 0.7957528403532377
v 0.2437190000000000 0.2464500000000000 0.0099810000000000
vn 0.5375800480173891 0.2877040909689006 0.7926121674648833
v 0.2410380000000000 -0.0180530000000000 0.0063880000000000
vn 0.5958508633423188 -0.0407739114081804 0.8020593723675893
v 0.2391370000000000 0.1277680000000000 0.0077140000000000
vn 0.6012830579905869 0.2667256568452580 0.7532038954718400
v 0.2623150000000000 -0.0209860000000000 -0.0084820000000000
vn -0.7135153592093022 -0.1331689283154028 0.6878676244043963
v -0.2634780000000000 -0.0306640000000000 -0.0216590000000000
vn 0.6734563795571693 0.1953819973285806 0.7129392540417764
v 0.2718540000000000 0.2564860000000000 -0.0155480000000000
vn 0.7284616054111127 0.1238166096884652 0.6738049692656761
v 0.2796930000000000 0.2438800000000000 -0.0207310000000000
vn 0.2458462867391325 0.3321944513334131 0.9106077365143967
v 0.0581590000000000 0.0003840000000000 0.1985240000000000
vn 0.3571304071404082 -0.3239451104786935 0.8760807255571105
v 0.2096630000000000 0.1664200000000000 0.0219370000000000
vn 0.3804231647508243 0.3065049512251115 0.8725439419281181
v 0.1354310000000000 0.0314140000000000 0.0329440000000000
vn 0.3527996154761302 0.3040363596446898 0.8849261682953553
v 0.1541960000000000 0.0009500000000000 0.0382010000000000
vn 0.3439159685296461 0.2909394063006158 0.8927911673240057
v 0.1343770000000000 0.4283360000000000 0.0387630000000000
vn 0.6056998800559993 0.1437471156888527 0.7826010618643983
v 0.1760280000000000 0.2911110000000000 0.0470750000000000
vn -0.7122820008837445 -0.2167414986214856 0.6675907983131298
v -0.0648370000000000 -0.1271320000000000 0.0738760000000000
vn -0.2057939115917658 -0.8778023758197947 0.4325642784106015
v -0.0274040000000000 -0.1180850000000000 0.1326740000000000
vn 0.4014322846463705 0.3840900920793084 0.8314607158549968
v 0.1800330000000000 0.4708130000000000 0.0037350000000000
vn 0.3076175137106232 0.1993043334223408 0.9304027342702573
v 0.1760250000000000 0.0212510000000000 0.0237500000000000
vn 0.3614683214261918 0.2865410500396157 0.8872625762690127
v 0.1867330000000000 0.0086660000000000 0.0232830000000000
vn 0.4229811982109409 0.1551362543342243 0.8927595692856973
v 0.2044470000000000 0.0375480000000000 0.0119890000000000
vn 0.4150778423192106 0.1734171096343539 0.8931051958765523
v 0.2040420000000000 0.0164760000000000 0.0141450000000000
vn 0.4414517823685059 0.2693953037234334 0.8558893001874881
v 0.1958680000000000 0.4221090000000000 0.0118700000000000
vn 0.7129266398430694 -0.0810792320314910 0.6965355442009072
v 0.2512210000000000 0.1237460000000000 -0.0028410000000000
vn -0.4882094365054032 -0.1723568172199923 0.8555376518101766
v -0.1699870000000000 -0.2711960000000000 -0.0025130000000000
vn 0.4663206978930139 -0.0876264948232377 0.8802650760546880
v 0.2087600000000000 -0.1460520000000000 0.0362870000000000
vn -0.1569083016620318 -0.0051778428100074 0.9875996024773256
v 0.0139680000000000 -0.4176060000000000 0.0994390000000000
vn 0.0179306722694724 0.0169936680818664 0.9996948065470223
v 0.0280420000000000 -0.4149530000000000 0.1002740000000000
vn 0.0980635617468167 -0.0594123001743863 0.9934051119485530
v 0.0888950000000000 0.2369910000000000 0.0948100000000000
vn 0.3325524664672876 -0.0157938746909563 0.9429524964539677
v 0.1177440000000000 0.0997180000000000 0.0162950000000000
vn 0.8825054628485214 0.3238557985288935 0.3410301010200266
v 0.0889370000000000 -0.0542330000000000 0.1940870000000000
vn 0.4857607959566548 0.5596876471514622 0.6714061265267228
v 0.1335820000000000 -0.1786350000000000 0.1084020000000000
vn 0.5054980475674642 0.1942746121903529 0.8406718140652568
v 0.1647680000000000 0.3073670000000000 0.0515970000000000
vn 0.7307044056047183 0.3766945611745786 0.5693612905803723
v 0.0810170000000000 -0.0489400000000000 0.2060630000000000
vn 0.8895983331436678 0.0924653569495331 0.4472862209281695
v 0.3031530000000000 0.2601930000000000 -0.0665670000000000
vn -0.5900723683959703 0.0808995440799053 0.8032869125183315
v -0.0702200000000000 -0.2076880000000000 0.1037910000000000
vn 0.2574318447912016 0.2926141542047379 0.9209265997062114
v 0.1112100000000000 0.4241380000000000 0.0474940000000000
vn -0.1084759481192708 0.1641765161334640 0.9804483873360716
v -0.0901160000000000 0.3711810000000000 0.0816880000000000
vn -0.0331622236414432 -0.2957082327275405 0.9547025233130526
v -0.1422230000000000 0.0968550000000000 0.0346300000000000
vn 0.4005033415529223 0.1774749737674312 0.8989436618004452
v 0.1738620000000000 0.3846400000000000 0.0341620000000000
vn 0.3416864293794974 0.2553212804849474 0.9044674829475168
v 0.1319950000000000 0.4034000000000000 0.0472250000000000
vn 0.3411080334798870 0.1965574961249895 0.9192445051304682
v 0.1266480000000000 0.3371850000000000 0.0616590000000000
vn -0.3458640068135942 0.5203435517316070 0.7807820931362235
v 0.0262800000000000 0.0780320000000000 0.1619960000000000
vn -0.5666119322725436 0.4155751961205987 0.7115111907592884
v -0.0721810000000000 -0.1942890000000000 0.0976120000000000
vn -0.8309994388977370 0.2616683744331931 0.4908865392054834
v -0.0448780000000000 -0.0807840000000000 0.1086320000000000
vn 0.8436371646837901 -0.5359149320237805 -0.0327340800732557
v 0.2765740000000000 -0.4023400000000000 -0.1913560000000000
vn -0.5047672890081871 -0.8577567940586671 -0.0972793204824268
v 0.0329360000000000 -0.1380980000000000 0.1609390000000000
vn -0.4926387166835917 0.1676662671889508 0.8539292228699444
v -0.1954970000000000 -0.0123550000000000 0.0220830000000000
vn 0.9602426864456767 -0.0831123853389952 0.2665076256523483
v 0.2928140000000000 -0.3177760000000000 -0.0955190000000000
vn 0.8771224418920535 -0.1824738010811878 0.4442516559882522
v 0.3076080000000000 0.0959500000000000 -0.1201820000000000
vn 0.3426312032329731 -0.2851118119198266 0.8951620597829861
v 0.1037680000000000 0.1325750000000000 0.0256470000000000
vn 0.0310676981785160 -0.4077322466606395 0.9125728536193458
v 0.1193960000000000 0.1412500000000000 0.0259770000000000
vn -0.2319547850397460 -0.5384600605279953 0.8100973650823418
v -0.0184600000000000 0.1583660000000000 0.0850770000000000
vn 0.7048159160955673 0.2254609248627196 0.6726082781072601
v 0.2033090000000000 -0.1907290000000000 0.0340590000000000
vn 0.2695525016702661 0.1895417781522781 0.9441479561902222
v 0.1780800000000000 0.0429290000000000 0.0211750000000000
vn 0.4070029633685294 0.4311250933050211 0.8052823987471553
v 0.0713780000000000 -0.0604030000000000 0.2215300000000000
vn 0.2436079928263844 -0.2476838667963701 0.9377141611172876
v 0.0968890000000000 0.2070640000000000 0.0888240000000000
vn 0.2448804343752022 -0.1081840449216343 0.9634987209563934
v 0.1015090000000000 0.2297200000000000 0.0923230000000000
vn -0.0833055247761455 0.0931490086064030 0.9921610009153833
v 0.0103780000000000 -0.2945540000000000 0.1089050000000000
vn -0.0590715599995188 0.4100267187279850 0.9101585799894351
v -0.0806790000000000 0.4609190000000000 0.0562920000000000
vn -0.0846710107250701 0.3474073827419629 0.9338837884657675
v -0.0930630000000000 0.4470950000000000 0.0610970000000000
vn -0.8406497487536870 0.1220721051989363 0.5276423040779261
v -0.1373000000000000 -0.2426170000000000 0.0429670000000000
vn 0.9648694945020683 0.1225100092521396 0.2324180634382018
v 0.3598910000000000 0.0191640000000000 -0.1902480000000000
vn -0.5301173323360525 -0.5104905881328660 0.6770339529038909
v -0.0338880000000000 0.1494080000000000 0.0695790000000000
vn -0.5330066175872771 -0.1716765161107223 0.8285113876249710
v -0.0465540000000000 -0.2785410000000000 0.0849720000000000
vn -0.2703775400442703 -0.6391467192586480 0.7199912896004480
v -0.0474200000000000 0.1699070000000000 0.0859390000000000
vn 0.7489019974464795 -0.6326253195004907 -0.1973094101850574
v 0.2698790000000000 -0.4087200000000000 -0.2056110000000000
vn -0.4819648050386825 -0.3011600377554649 0.8228077286724716
v -0.0387100000000000 -0.1449420000000000 0.0946920000000000
vn -0.1165422965795257 -0.3174572517828285 0.9410838360095576
v 0.0284480000000000 -0.1518440000000000 0.1228250000000000
vn -0.2846504393652960 -0.7629327317389358 0.5804375713291731
v 0.0296680000000000 -0.1404200000000000 0.1326270000000000
vn -0.4297512353727966 -0.3543461888440214 0.8305134882392172
v -0.0176230000000000 -0.1404710000000000 0.1062680000000000
vn 0.1220174834248425 -0.3433682036516901 0.9312411129560806
v 0.0747180000000000 -0.1244840000000000 0.2384400000000000
vn -0.2613001661124644 -0.5478146323873008 0.7947460926182430
v -0.0210260000000000 -0.2641980000000000 0.1033260000000000
vn 0.6919821799744869 0.1738035060120320 0.7006803864071568
v 0.2694310000000000 0.2813020000000000 -0.0208530000000000
vn -0.2826264934750717 0.4112287781655867 0.8666101529490777
v 0.0337200000000000 0.0567390000000000 0.1757470000000000
vn -0.4881091330829909 0.2334104407959429 0.8409928895825546
v 0.0341920000000000 0.0039770000000000 0.1930380000000000
vn 0.9063971263850482 -0.1185222235122474 0.4054586684418520
v 0.2920380000000000 -0.1987990000000000 -0.0826430000000000
vn 0.3559719198905870 -0.5031476195534411 0.7874810887806228
v 0.2346310000000000 0.1185030000000000 0.0060720000000000
vn 0.8592981328989860 0.0700005830921490 0.5066622515671322
v 0.2919270000000000 0.2062470000000000 -0.0322580000000000
vn -0.4897284597650191 0.6049088666923803 0.6278943372042164
v 0.0079040000000000 0.1195160000000000 0.1005140000000000
vn -0.5078145174107374 0.6690764177703039 0.5426427582586520
v 0.0115800000000000 0.0994380000000000 0.1336690000000000
vn 0.2069881318858123 0.2544148861838786 0.9446845923092350
v 0.1228690000000000 0.0828480000000000 0.0166230000000000
vn -0.2277063003845970 -0.8986153299858172 0.3750204387491978
v -0.1074320000000000 0.1849290000000000 0.0774400000000000
vn 0.3202555263512148 0.2649326658279157 0.9095312421345515
v 0.1147200000000000 0.2909210000000000 0.0803900000000000
vn 0.4096496753072146 0.1962115630277468 0.8908917813376114
v 0.1456140000000000 0.3366240000000000 0.0539210000000000
vn -0.1001698701317664 0.3029633456065499 0.9477231707290221
v 0.0204410000000000 -0.1651410000000000 0.1210220000000000
vn -0.5881679519512659 0.1204479229955771 0.7997191745503573
v -0.2121940000000000 0.0131070000000000 0.0057580000000000
vn -0.0762844509787382 -0.9162642935512718 0.3932434702596615
v -0.0052460000000000 -0.1158420000000000 0.1327080000000000
vn -0.4538237840899982 0.0942422876761098 0.8860938800193849
v -0.2097690000000000 0.3445120000000000 0.0437070000000000
vn -0.4453911383463317 0.0909915789634290 0.8907004358594987
v -0.1855620000000000 0.3448290000000000 0.0561220000000000
vn 0.6025326093762403 -0.7920266000808920 -0.0982258591337419
v 0.2379440000000000 -0.4442250000000000 -0.1653580000000000
vn 0.6078855192111138 -0.7939679738049682 -0.0094895787824226
v 0.2462850000000000 -0.4408050000000000 -0.1392670000000000
vn -0.0262550608468430 -0.1801904322931701 0.9832812821822294
v -0.1537160000000000 0.1681840000000000 0.0583210000000000
vn 0.4804578815294215 0.4180471885544160 0.7709713173769884
v 0.1972250000000000 0.4761050000000000 -0.0087860000000000
vn 0.5461357127410533 0.4565100473624198 0.7023776476554354
v 0.2174180000000000 0.4876850000000000 -0.0295830000000000
vn 0.0028905030494134 -0.4725876556703582 0.8812789301351283
v 0.0706080000000000 -0.2441280000000000 0.1201050000000000
vn -0.8867999201101147 0.0934295690720365 0.4526111104642790
v -0.3334650000000000 0.0574580000000000 -0.1329620000000000
vn -0.8175003689519507 0.0677100109824591 0.5719340007170230
v -0.3497570000000000 0.3201490000000000 -0.1123300000000000
vn -0.2581393818089522 -0.0030570596812514 0.9661028485339422
v -0.0855680000000000 -0.1444680000000000 0.0628720000000000
vn -0.8577577500777585 0.1430452050425227 0.4937506572105848
v -0.3177560000000000 0.0320620000000000 -0.0944780000000000
vn -0.2364068723473692 0.7961518434005460 0.5570045178962620
v 0.0242480000000000 0.1062000000000000 0.1329500000000000
vn 0.0349134018802045 0.8382353826596690 0.5441897625153836
v 0.0337730000000000 0.1258830000000000 0.1046470000000000
vn -0.0082332356150647 0.3560613152640337 0.9344263232613651
v -0.0642810000000000 0.4434080000000000 0.0641600000000000
vn -0.2295133411492065 0.4354460192603405 0.8704656170951562
v -0.1367460000000000 0.4656100000000000 0.0455330000000000
vn -0.2726157003247136 0.4694445043059809 0.8398229202119800
v -0.1532130000000000 0.4812870000000000 0.0320770000000000
vn -0.0499354243852040 0.1787331891244709 0.9826295845825453
v -0.0666390000000000 0.3934390000000000 0.0798750000000000
vn 0.0649622609209572 0.2117519783006858 0.9751620400434911
v 0.0045290000000000 0.3262270000000000 0.0850100000000000
vn 0.2558891603345655 0.2942652257111324 0.9208304483239286
v 0.1053650000000000 0.3208840000000000 0.0728750000000000
vn -0.7191543408379768 -0.3633743487457158 0.5922635534350584
v -0.1871700000000000 -0.3750320000000000 -0.0381770000000000
vn -0.5733749732813415 -0.2119235977721164 0.7914098361291342
v -0.1234960000000000 -0.3740270000000000 0.0141790000000000
vn -0.3440788757187486 -0.3814684685850225 0.8579577697996095
v -0.1154590000000000 -0.2720670000000000 0.0601630000000000
vn -0.4168037791318559 -0.2578806322135273 0.8716491204782774
v -0.1061360000000000 -0.2530980000000000 0.0691490000000000
vn -0.2155570233889997 -0.0306151815005671 0.9760112091207568
v -0.1672240000000000 0.1579750000000000 0.0568590000000000
vn -0.0901589017276595 -0.4847807279089646 0.8699764469727423
v -0.1663240000000000 0.1898560000000000 0.0720500000000000
vn 0.2521604201179166 -0.9627808007701779 0.0973049443465790
v 0.0748360000000000 -0.1451200000000000 0.2042890000000000
vn -0.1225607144346812 -0.9785644848997166 0.1655005141086047
v 0.0483560000000000 -0.1466360000000000 0.2015490000000000
vn -0.8879925161930156 -0.4557015704701527 0.0616876799388134
v -0.2636730000000000 -0.3060280000000000 -0.2116870000000000
vn -0.9086095390437066 -0.3005144576306285 0.2900340778490560
v -0.2937710000000000 -0.1322310000000000 -0.1254820000000000
vn 0.8216507488361487 0.3419152128304715 0.4560526660069968
v 0.1023680000000000 0.0631610000000000 0.0431210000000000
vn -0.8977569009241849 0.0255549841970546 0.4397493486358920
v -0.3289370000000000 0.0075080000000000 -0.1092860000000000
vn -0.9051169840587849 0.0848165970722605 0.4166165983604245
v -0.3335970000000000 0.0305950000000000 -0.1247600000000000
vn 0.7402562187204618 -0.6706304278140520 -0.0477028294299771
v 0.2534790000000000 -0.4343780000000000 -0.1397910000000000
vn -0.7773014084032036 0.1927215003047217 0.5988830802541455
v -0.3054980000000000 0.0323100000000000 -0.0742890000000000
vn 0.7107576736108530 0.4556084439502990 0.5359519336698727
v 0.2932660000000000 0.0393340000000000 -0.0847270000000000
vn 0.8754184495759593 0.0282961633061443 0.4825369056188093
v 0.3295150000000000 -0.0130590000000000 -0.1005120000000000
vn -0.5326042804687408 -0.3036636401694994 0.7900133379034711
v -0.1756980000000000 -0.2034080000000000 0.0173930000000000
vn 0.1193454332091707 -0.9610136459058629 0.2494182029340208
v 0.0509350000000000 -0.1405930000000000 0.1383950000000000
vn 0.8975835376714779 -0.0850184016483450 0.4325686815782150
v 0.3190100000000000 0.1047370000000000 -0.1406990000000000
vn -0.8706650936692701 -0.4803258174952685 -0.1059688808725607
v -0.2378340000000000 -0.3576450000000000 -0.1765990000000000
vn 0.8124253647193258 -0.0252059456154507 0.5825201173060904
v 0.2950040000000000 -0.0363650000000000 -0.0397220000000000
vn 0.8615049110839882 -0.0122670183724107 0.5076010327397104
v 0.3057680000000000 -0.0315110000000000 -0.0562850000000000
vn 0.5137395299416440 -0.5086938397843047 0.6908706628167380
v 0.2543120000000000 0.1108390000000000 -0.0100230000000000
vn 0.7011975991731016 0.0502332578418736 0.7111951537520979
v 0.2521380000000000 0.1411590000000000 -0.0084300000000000
vn 0.8399003805994526 -0.1537025498675854 0.5205217352167893
v 0.2782210000000000 -0.3402370000000000 -0.0694290000000000
vn 0.8332525183167545 -0.0438010087558042 0.5511548896188446
v 0.2519210000000000 -0.1819840000000000 -0.0098080000000000
vn -0.7174620797550518 0.1769898221084475 0.6737379067438434
v -0.2941280000000000 0.0253240000000000 -0.0584140000000000
vn 0.9206109298418856 0.0585274829651765 0.3860700060784567
v 0.3112700000000000 0.3522000000000000 -0.0977690000000000
vn 0.6532096970288975 0.3798474652044206 0.6550061029373637
v 0.1496630000000000 -0.1485020000000000 0.0616300000000000
vn 0.7343768403520017 0.2291170081280861 0.6389022248678159
v 0.1048570000000000 0.0836330000000000 0.0279970000000000
vn 0.5745239910767543 0.3698371890998379 0.7301661709747777
v 0.1246360000000000 0.0299540000000000 0.0394360000000000
vn 0.9014921695731845 0.0128310136680910 0.4326051702031335
v 0.3383180000000000 0.3261900000000000 -0.1562680000000000
vn 0.6788975158894954 -0.1093397554857970 0.7260461285547759
v 0.0567570000000000 0.1428870000000000 0.0784400000000000
vn 0.9561586611257991 -0.0735053505069725 0.2834741226302084
v 0.3423100000000000 0.2047530000000000 -0.1697260000000000
vn 0.7042997735862953 0.0882647819070669 0.7043941774327717
v 0.2628330000000000 0.3537300000000000 -0.0270360000000000
vn 0.9203137863961345 -0.0104560143052785 0.3910411824016213
v 0.3425170000000000 0.1165230000000000 -0.1890540000000000
vn 0.9483186011617677 0.0300957063801528 0.3158893463668373
v 0.3340910000000000 0.2490370000000000 -0.1386760000000000
vn -0.8315135665476389 0.0308561721738056 0.5546468113006745
v -0.3234930000000000 0.3850200000000000 -0.0761990000000000
vn 0.9386235433030424 -0.0419526634845272 0.3423825608640073
v 0.3296130000000000 0.2230390000000000 -0.1220270000000000
vn 0.9260305023765572 0.0464095083299738 0.3745846582613752
v 0.3205300000000000 0.3255800000000000 -0.1188610000000000
vn -0.2552800145621988 0.0899433589160420 0.9626745588993321
v -0.1284220000000000 0.0113710000000000 0.0469130000000000
vn 0.5610171054018224 -0.1490484026680528 0.8142753717930209
v 0.1219130000000000 -0.1388220000000000 0.0907810000000000
vn -0.7961416941886715 -0.1452862923492801 0.5874098194870351
v -0.3223970000000000 0.1504400000000000 -0.0982170000000000
vn 0.8573600603754439 0.0320129799427298 0.5137206400254926
v 0.3163460000000000 0.0877260000000000 -0.1369610000000000
vn 0.9287247378584962 -0.2397016533276007 0.2828665386391294
v 0.3133800000000000 0.1312270000000000 -0.1000270000000000
vn 0.9139813742469542 -0.1024029703966271 0.3926215470190049
v 0.3333900000000000 -0.0395140000000000 -0.1132760000000000
vn 0.8165266477465556 -0.2861269151464013 0.5014136236168463
v 0.1288080000000000 -0.1039740000000000 0.1247070000000000
vn 0.8962414923388830 0.2054938739250669 0.3930947152906548
v 0.1286000000000000 -0.0919440000000000 0.1215480000000000
vn 0.9684911502322439 -0.0633015187637172 0.2408688639987158
v 0.3203920000000000 0.1882700000000000 -0.1087530000000000
vn 0.9265175244521175 -0.1791318950263387 0.3308731495110968
v 0.3379820000000000 -0.0656470000000000 -0.1358990000000000
vn 0.9087415069091055 -0.1820619144958792 0.3755560316526197
v 0.3218930000000000 -0.0924690000000000 -0.1074980000000000
vn 0.7253835091763318 0.4844331111421417 0.4890228271197328
v 0.0708620000000000 0.0735460000000000 0.1517910000000000
vn -0.8091110485399450 -0.1818869674627626 0.5587991071912973
v -0.3324350000000000 0.1250830000000000 -0.1193340000000000
vn 0.9437337506073644 -0.1624993714974511 0.2880287524319239
v 0.3106330000000000 -0.2095520000000000 -0.1350840000000000
vn 0.8533860709032030 0.2743486034770798 0.4432437904343042
v 0.0834830000000000 -0.0220720000000000 0.1861740000000000
vn 0.8690032415358043 -0.3087857059010828 0.3866325827338333
v 0.3005330000000000 0.1361550000000000 -0.0681600000000000
vn 0.8827879695511298 -0.1694284770984932 0.4381545297767435
v 0.3150870000000000 -0.0728880000000000 -0.0822220000000000
vn -0.9286975555475904 -0.1918333707214333 0.3173654174568853
v -0.2460790000000000 -0.2975360000000000 -0.1007320000000000
vn 0.9584832714718459 -0.0432558280731507 0.2818488099076059
v 0.2998280000000000 -0.2389080000000000 -0.1136870000000000
vn 0.1584290679226094 -0.0503834491913283 0.9860840423030677
v 0.0960210000000000 -0.2940710000000000 0.1020360000000000
vn 0.6915830958636959 -0.3438157015356317 0.6352193203084644
v 0.2902580000000000 0.1559360000000000 -0.0288980000000000
vn 0.9004638077016129 -0.0458157901333019 0.4325110916427159
v 0.2842250000000000 -0.2144380000000000 -0.0686320000000000
vn -0.4513113470039316 -0.4397122790642058 0.7765121890258123
v -0.0769120000000000 -0.2712370000000000 0.0681670000000000
vn 0.9083047813973205 0.0151845700577427 0.4180333155657898
v 0.2830230000000000 -0.2379810000000000 -0.0670110000000000
vn 0.5572339185927315 -0.3063728008256263 0.7717681432166336
v 0.2589550000000000 0.1500810000000000 -0.0126360000000000
vn 0.8436951933772850 0.0313556263483071 0.5359060042286995
v 0.2401190000000000 -0.2702400000000000 -0.0083420000000000
vn 0.0245248376034368 -0.3350858569804359 0.9418683564024285
v -0.0232700000000000 0.1819510000000000 0.0963580000000000
vn 0.9555079450035969 -0.1816662478772412 0.2323831779996313
v 0.3179150000000000 -0.2142250000000000 -0.1637310000000000
vn 0.4638484369849131 0.2504346280567909 0.8497806332087769
v 0.2104420000000000 0.2192920000000000 0.0430770000000000
vn 0.5054708942697311 0.0335233666158459 0.8621921821362670
v 0.2033870000000000 -0.0638760000000000 0.0275450000000000
vn 0.8519117363472619 -0.0582573793026743 0.5204348866386433
v 0.2191760000000000 -0.2492140000000000 0.0329850000000000
vn 0.3840833365639663 0.1307535675975058 0.9139931592383038
v 0.1793560000000000 -0.0414390000000000 0.0373160000000000
vn 0.3802315832608506 -0.5693756002428978 0.7288589499615042
v 0.1756270000000000 0.1793480000000000 0.0441140000000000
vn 0.5890227167008814 0.2149933359879270 0.7789930068306746
v 0.1981990000000000 -0.0993450000000000 0.0418190000000000
vn 0.3445227294486990 -0.0387944305051455 0.9379760556938541
v 0.1775800000000000 -0.1045660000000000 0.0549830000000000
vn 0.3900270236234941 0.1112444167242620 0.9140588605724891
v 0.1692970000000000 -0.0859400000000000 0.0569130000000000
vn 0.3942351042222451 -0.7470540694234813 0.5352465786501508
v 0.1033150000000000 0.1549300000000000 0.0515950000000000
vn 0.1516932273851201 -0.1101513517988572 0.9822707592422625
v 0.1026080000000000 -0.2204950000000000 0.1310280000000000
vn 0.8402240241125930 0.2767226895617109 0.4663133521418549
v 0.0801640000000000 0.0005660000000000 0.1765720000000000
vn 0.9362288429400082 0.2240998920121001 0.2706562248450583
v 0.1090950000000000 -0.0884230000000000 0.1577430000000000
vn 0.9240175791066744 0.1929391460100576 0.3300999840029537
v 0.0810300000000000 0.0414000000000000 0.1512500000000000
vn 0.9256447655457133 0.2253651256888116 0.3039610635280243
v 0.0897500000000000 -0.0094060000000000 0.1567730000000000
vn 0.8785944907423783 0.4475876990850441 0.1665442057379875
v 0.0729160000000000 0.1025610000000000 0.0937460000000000
vn 0.9313797393884818 0.2270323017024213 0.2845841089034039
v 0.1065040000000000 -0.0268840000000000 0.1177580000000000
vn 0.4917401479200783 -0.1640404303765168 0.8551504920921386
v 0.2293460000000000 -0.3393900000000000 -0.0120950000000000
vn 0.8172019577213990 -0.1363818413721268 0.5599829940634454
v 0.2307710000000000 -0.2708160000000000 0.0142080000000000
vn 0.9237622886623190 0.3454386531438866 0.1653341191632631
v 0.0828990000000000 0.0764790000000000 0.0904400000000000
vn -0.3921247047385494 0.1129738901622604 0.9129485834784514
v -0.1488310000000000 0.2762680000000000 0.0800390000000000
vn 0.7087000054498618 0.3694568376674524 0.6010373926604996
v 0.1777210000000000 -0.2016680000000000 0.0807600000000000
vn 0.9074547898721372 -0.0610317716468796 0.4156933090485800
v 0.3321590000000000 0.1090990000000000 -0.1648750000000000
vn 0.7179333661119153 0.4696226989279425 0.5138348007627058
v 0.1821120000000000 -0.1956580000000000 0.0704430000000000
vn 0.7791744737689055 -0.1190016025581150 0.6154069856733426
v 0.1681270000000000 -0.2989860000000000 0.0617750000000000
vn 0.7707937146126351 0.0189976015042828 0.6368014923433674
v 0.0929700000000000 0.1164530000000000 0.0362180000000000
vn 0.7571517386161328 0.1094393994600824 0.6440064149962978
v 0.1704720000000000 -0.3980720000000000 0.0571420000000000
vn 0.7940094889842082 -0.5298408127541742 0.2980228926492605
v 0.1749430000000000 -0.4661720000000000 0.0271570000000000
vn 0.8239828377234717 -0.2333024540555160 0.5163547695808075
v 0.1991380000000000 -0.4264200000000000 0.0150720000000000
vn 0.7755768719602443 -0.0182878444559690 0.6309881697983862
v 0.1985180000000000 -0.3955940000000000 0.0219400000000000
vn 0.8082749487640021 -0.4710186696312952 0.3533171663807386
v 0.1973350000000000 -0.4462500000000000 0.0015620000000000
vn 0.7544657655908217 -0.6269347438246469 0.1942530193767388
v 0.1899240000000000 -0.4597210000000000 -0.0066820000000000
vn -0.5213971836330753 -0.0755391808515948 0.8499640045647623
v -0.2107430000000000 0.2136560000000000 0.0626370000000000
vn 0.8313813257600956 -0.3893323863748726 0.3965165621976374
v 0.2042740000000000 -0.4347320000000000 0.0001100000000000
vn 0.7619741904754200 -0.5773341966251606 0.2933948848506198
v 0.2112440000000000 -0.4417190000000000 -0.0263850000000000
vn -0.8221583065895381 0.1545396559053795 0.5478806564010723
v -0.0577610000000000 -0.0958770000000000 0.0952350000000000
vn 0.8134047068609441 0.0093110784349092 0.5816236641289970
v 0.2433170000000000 -0.1679500000000000 0.0030620000000000
vn 0.7596453979982463 -0.5392250615052232 0.3635590768290271
v 0.2420770000000000 -0.4224200000000000 -0.0563310000000000
vn 0.7499380400082869 -0.0579720576241867 0.6589629554712064
v 0.2623340000000000 -0.2480500000000000 -0.0311790000000000
vn 0.8321047130495443 -0.1667118130023959 0.5289696758096721
v 0.2665700000000000 -0.3570090000000000 -0.0563340000000000
vn 0.6466823490587205 0.0421327168708416 0.7615948881032334
v 0.2638500000000000 -0.0363300000000000 -0.0070760000000000
vn 0.7753179794901558 -0.0855730347832753 0.6257469827312654
v 0.2680370000000000 -0.3401820000000000 -0.0558750000000000
vn 0.6956446873999919 -0.0733174214852399 0.7146348890160089
v 0.2682540000000000 -0.0509500000000000 -0.0117330000000000
vn 0.8457041027403684 -0.2402641309554346 0.4765057376195361
v 0.2586880000000000 -0.3839980000000000 -0.0524530000000000
vn 0.8866341934034693 -0.2572607733800311 0.3843132857028078
v 0.2813480000000000 -0.3541600000000000 -0.0826280000000000
vn 0.8538105344922354 0.1207598835543722 0.5063838679440900
v 0.2918600000000000 0.2734460000000000 -0.0476790000000000
vn 0.5834030265876075 -0.2538757320968809 0.7714842974556853
v 0.1503430000000000 -0.4435350000000000 0.0763440000000000
vn 0.5659458497465452 0.0384062585224395 0.8235473601809240
v 0.1465400000000000 -0.2948120000000000 0.0831560000000000
vn 0.5986388268066680 0.1094150526182367 0.7935111223543654
v 0.1546000000000000 -0.3590590000000000 0.0603730000000000
vn 0.7057105372416493 -0.0918794312641439 0.7025174785987037
v 0.1655740000000000 -0.3449360000000000 0.0511670000000000
vn 0.8070802156615556 -0.0116768487193329 0.5903263306779419
v 0.1761000000000000 -0.3431230000000000 0.0384310000000000
vn 0.7384092210044768 0.3374253886709093 0.5838629371829038
v 0.2624120000000000 0.4964690000000000 -0.0803350000000000
vn 0.9534080965325396 -0.2618216663254250 0.1498746693366751
v 0.2920010000000000 -0.3531300000000000 -0.1170510000000000
vn 0.7812990579314916 0.2659929669745522 0.5646410573058238
v 0.2844090000000000 0.4321500000000000 -0.0733160000000000
vn 0.7966796376674846 -0.1016583707487454 0.5957911803498908
v 0.2037630000000000 -0.2402590000000000 0.0571520000000000
vn 0.5542490182496899 0.1864476157743293 0.8111999213149143
v 0.1843370000000000 0.2488760000000000 0.0474400000000000
vn 0.5707900962037040 0.1334518836472281 0.8101785363898336
v 0.1649780000000000 0.2748750000000000 0.0587650000000000
vn 0.6623882610802405 0.1369574629697893 0.7365354335807436
v 0.2125780000000000 -0.3712460000000000 0.0021670000000000
vn 0.8357639372902548 0.1918805106018006 0.5144710980961742
v 0.2948560000000000 0.4077390000000000 -0.0778880000000000
vn 0.5923823370671421 0.2253162062818118 0.7735087419788109
v 0.1912380000000000 -0.1764850000000000 0.0403750000000000
vn 0.8339441965013870 0.2347675754748840 0.4994209273021113
v 0.2977300000000000 0.4359570000000000 -0.0956340000000000
vn 0.7843612612552257 0.2344296961578354 0.5742996860537682
v 0.3188600000000000 0.0082650000000000 -0.0887130000000000
vn 0.9870031261045650 -0.0834625481749251 0.1373274630653485
v 0.3001320000000000 -0.3002940000000000 -0.1387260000000000
vn 0.9863147189225929 -0.1362503524149062 0.0928391980978959
v 0.2979580000000000 -0.3382080000000000 -0.1423400000000000
vn 0.6487476796216206 0.1437495459767269 0.7473034967247565
v 0.2359690000000000 0.0656470000000000 -0.0165330000000000
vn 0.9232734986762253 0.0866919954400483 0.3742332756033125
v 0.3124100000000000 0.3318810000000000 -0.0976350000000000
vn 0.9792562202160793 -0.1943437332825599 0.0573390661060587
v 0.3012440000000000 -0.3402080000000000 -0.1947040000000000
vn 0.9848035567407006 -0.1103996415632129 0.1340666765963110
v 0.3029460000000000 -0.3060630000000000 -0.1617310000000000
vn 0.8583631370904592 0.2194730230629866 0.4637287105968522
v 0.3082230000000000 0.4320000000000000 -0.1120890000000000
vn 0.0090222673145410 0.3463332778533350 0.9380681528246601
v 0.0941650000000000 -0.1897600000000000 0.1275540000000000
vn 0.9867467152834101 -0.1359748001670660 0.0885537892861016
v 0.3012250000000000 -0.3215320000000000 -0.1578300000000000
vn 0.8792151114899650 0.1466416351368385 0.4532957297086336
v 0.3115360000000000 0.4165600000000000 -0.1125650000000000
vn 0.8808497530537825 0.1778532140659932 0.4387162486066435
v 0.3215670000000000 0.4282580000000000 -0.1369450000000000
vn 0.9813366692025997 -0.1878657805706454 0.0410461955475749
v 0.3150770000000000 -0.2605110000000000 -0.2005590000000000
vn -0.1080934795557252 -0.0687141637809600 0.9917631589111483
v -0.0714060000000000 0.2519700000000000 0.1090080000000000
vn 0.7821350186833722 0.3318997221721098 0.5273588787260886
v 0.2791270000000000 0.4916690000000000 -0.1008590000000000
vn 0.9589021832533962 -0.2374908212049624 0.1552569251120959
v 0.3412520000000000 -0.1056200000000000 -0.1829870000000000
vn -0.7267572971435838 0.4893925479412189 0.4819945695421828
v -0.0031670000000000 0.1076440000000000 0.1006510000000000
vn 0.9519548550316002 -0.3020093619198771 -0.0507178400024488
v 0.2982450000000000 -0.3532830000000000 -0.2072270000000000
vn 0.9201210041048425 -0.3912632161849810 -0.0170421086043091
v 0.2903230000000000 -0.3755180000000000 -0.1965910000000000
vn 0.8199584760634008 0.3359470478614610 0.4634734928396171
v 0.3010550000000000 0.4850210000000000 -0.1331020000000000
vn 0.8605894420002388 0.2788718159938821 0.4261646660177167
v 0.3420380000000000 0.0635180000000000 -0.1681590000000000
vn 0.9839116031856583 -0.1778150704243375 -0.0173135162984157
v 0.3190780000000000 -0.2402120000000000 -0.2128160000000000
vn 0.8811031537637295 0.2207365300571739 0.4182494670958087
v 0.3461780000000000 0.0801800000000000 -0.1869910000000000
vn 0.9637236421186970 -0.2601878906715112 0.0594895215091162
v 0.3392330000000000 -0.1274970000000000 -0.2206610000000000
vn 0.6139497077823218 -0.4316348287679935 0.6608760329353960
v 0.0766520000000000 0.1453310000000000 0.0608160000000000
vn 0.6400857133039546 0.4430680133812095 0.6276790701804514
v 0.0660510000000000 0.0683460000000000 0.1631630000000000
vn -0.2268387420766564 0.2163161648241863 0.9496059719319565
v 0.0408240000000000 -0.1061660000000000 0.2357630000000000
vn -0.5781789055493773 -0.7039342800474206 0.4125356742778060
v -0.1143030000000000 -0.4547970000000000 -0.0355150000000000
vn 0.9809502306860762 -0.1910533617454883 -0.0351462356829502
v 0.3040380000000000 -0.3289150000000000 -0.2137570000000000
vn 0.9748761752587130 -0.1401422818980406 0.1731374706334629
v 0.3077980000000000 -0.2796660000000000 -0.1687480000000000
vn -0.5743909532682711 0.2367156748887059 0.7836075051105312
v -0.2540920000000000 -0.0012150000000000 -0.0152580000000000
vn 0.0619269764095955 0.1780638836828436 0.9820683799616746
v 0.0087020000000000 0.3415740000000000 0.0817270000000000
vn 0.7317195412689547 -0.1148073132838003 0.6718673929740197
v 0.2545180000000000 -0.1188860000000000 -0.0133490000000000
vn 0.7689783021012585 -0.1348364506966777 0.6248931928425755
v 0.2714880000000000 -0.1331760000000000 -0.0339400000000000
vn -0.6646919738947616 -0.0862852600851989 0.7421182073847234
v -0.2057870000000000 -0.1226310000000000 0.0015970000000000
vn -0.4962333273300569 0.1557878951765968 0.8540975451102680
v -0.0923050000000000 -0.1722280000000000 0.0646950000000000
vn 0.6241276237529969 0.1069630558952808 0.7739661581374089
v 0.1383940000000000 -0.0528330000000000 0.0660230000000000
vn 0.4571166945335607 0.1015650558389117 0.8835886299693709
v 0.1498270000000000 -0.0669980000000000 0.0619920000000000
vn -0.8150754765004573 0.0851950223459946 0.5730565205763024
v -0.3187250000000000 0.4050430000000000 -0.0707760000000000
vn 0.8917363436622768 -0.3726683798902718 -0.2567578081028770
v 0.2867870000000000 -0.3646170000000000 -0.2400720000000000
vn 0.5306402276375823 -0.0996840372523976 0.8417149407785259
v 0.2342410000000000 -0.0711130000000000 0.0099160000000000
vn 0.9357877726433884 -0.3030306070548702 -0.1802045941675256
v 0.2994690000000000 -0.3418710000000000 -0.2247980000000000
vn 0.8508039950336769 -0.5225227954345198 0.0557000025675948
v 0.2679690000000000 -0.4147160000000000 -0.1294440000000000
vn 0.7465067368509678 0.1700990659806816 0.6432682174556891
v 0.2683770000000000 0.3977330000000000 -0.0413730000000000
vn 0.6742776918834796 0.1537865899228667 0.7222875320730542
v 0.2443350000000000 0.3982320000000000 -0.0135270000000000
vn 0.2882200011544923 0.4122252909488254 0.8642913515919621
v 0.0954610000000000 -0.1572820000000000 0.1098140000000000
vn 0.1102623309062278 0.3583130474976642 0.9270674076765195
v 0.0630460000000000 -0.1774530000000000 0.1183220000000000
vn 0.9637009946279399 -0.0852083466781631 0.2530216010728994
v 0.3565020000000000 -0.0225980000000000 -0.1698570000000000
vn 0.7617353523745308 -0.0545183983865781 0.6455904252544423
v 0.2193110000000000 -0.3876130000000000 -0.0028350000000000
vn 0.9476343023480067 -0.2164875268347902 0.2347815574919856
v 0.3442040000000000 -0.0831680000000000 -0.1681550000000000
vn 0.9438705690500686 -0.0232208897646693 0.3294983143502206
v 0.3505520000000000 -0.0093510000000000 -0.1503330000000000
vn 0.9729717451876077 0.0046993848976925 0.2308763713509126
v 0.3579730000000000 -0.0057500000000000 -0.1738290000000000
vn 0.4816974635967470 0.1728582302556701 0.8591202394294635
v 0.1370160000000000 -0.2757370000000000 0.0831750000000000
vn 0.4475440966236346 -0.0299148164357601 0.8937613693458391
v 0.1398420000000000 -0.3529130000000000 0.0694380000000000
vn 0.3121001063826035 0.3644390442112510 0.8773697662048524
v 0.1208320000000000 0.4491200000000000 0.0366380000000000
vn 0.4852830639943418 0.1626677781668847 0.8590922777830753
v 0.1668100000000000 -0.1561830000000000 0.0506310000000000
vn 0.2936149259139725 -0.0105923865659443 0.9558650933198523
v 0.1489950000000000 0.2059760000000000 0.0703790000000000
vn 0.3584794859554661 -0.1985204475334811 0.9121853375604165
v 0.1668800000000000 0.1986930000000000 0.0659980000000000
vn 0.4492655935828258 0.0505058785291941 0.8919694964832965
v 0.1871420000000000 -0.1619040000000000 0.0406520000000000
vn 0.5236225820546953 0.0533797534652298 0.8502764218078526
v 0.1972760000000000 -0.1130220000000000 0.0455310000000000
vn 0.4733498188920639 -0.1179072729775511 0.8729477784689343
v 0.1855640000000000 0.2046210000000000 0.0575190000000000
vn 0.2339342533243264 -0.3742266431943553 0.8973456327664802
v 0.2012560000000000 0.1300070000000000 0.0232140000000000
vn 0.3608368374844872 0.1991069181746627 0.9111274399606137
v 0.1902460000000000 0.0618270000000000 0.0118100000000000
vn 0.7301285454696729 -0.2148582231638045 0.6486511011547215
v 0.2393980000000000 -0.3310100000000000 -0.0169170000000000
vn 0.7762791721528767 0.1177763762618826 0.6192894089811839
v 0.2844080000000000 0.3322010000000000 -0.0472980000000000
vn 0.5319652773098476 0.2873356275389935 0.7965244383466398
v 0.2226770000000000 0.4446920000000000 -0.0088490000000000
vn -0.1458216150386834 -0.1459797031015710 0.9784814678213826
v -0.0803760000000000 0.2390560000000000 0.1056470000000000
vn -0.1401014487563080 -0.5800653998321924 0.8024311284925968
v -0.0484610000000000 0.1808380000000000 0.0941630000000000
vn 0.1702731061588830 -0.1148519833139556 0.9786807912940033
v -0.0203310000000000 0.2269390000000000 0.1058370000000000
vn -0.0499522498419426 0.1793538575029738 0.9825156316998377
v 0.0127210000000000 -0.3640430000000000 0.0876080000000000
vn 0.0741267677083878 0.2719918984115602 0.9594402688586623
v 0.0371500000000000 -0.3608050000000000 0.0858990000000000
vn 0.1466105739980743 -0.1138636584921105 0.9826191565742788
v 0.0017980000000000 0.2169820000000000 0.0989240000000000
vn 0.0593402179554125 -0.1086360445174680 0.9923088976546584
v 0.0543720000000000 -0.2725050000000000 0.1029470000000000
vn 0.0951584247996951 -0.4485709716554276 0.8886669553762794
v 0.0594040000000000 -0.3095070000000000 0.1024260000000000
vn 0.3289296448383926 -0.0850970844166495 0.9405125065464439
v 0.1207770000000000 -0.2979170000000000 0.0960590000000000
vn 0.2445145425713574 0.1115894822241852 0.9632032111283984
v 0.1084300000000000 -0.2878580000000000 0.0988330000000000
vn 0.0843469846399375 -0.1769188682692435 0.9806045585415561
v 0.0811420000000000 0.2041880000000000 0.0909510000000000
vn 0.0264387549900633 0.3345023261398085 0.9420239837932114
v 0.0574160000000000 -0.0267640000000000 0.2092570000000000
vn 0.4247448930465678 0.1216807576844827 0.8970984165854882
v 0.1315710000000000 -0.2901470000000000 0.0909510000000000
vn 0.3766376959327719 0.0414269001387235 0.9254338755131829
v 0.1314950000000000 -0.4158550000000000 0.0912090000000000
vn 0.0322925824108246 -0.2661014618132922 0.9634039657080871
v 0.0756250000000000 -0.4356020000000000 0.0930660000000000
vn 0.9829610137582304 -0.0034042613709268 0.1837826336624608
v 0.3629420000000000 -0.0056590000000000 -0.2004040000000000
vn 0.9773431884465738 -0.1505507744985202 0.1487775396186552
v 0.3249150000000000 -0.1950330000000000 -0.1801990000000000
vn 0.9864879905495770 -0.1467498566050455 0.0728417743321523
v 0.3301690000000000 -0.1702590000000000 -0.1986220000000000
vn 0.7171577632166480 0.4057107852382666 0.5666423046326875
v 0.0911220000000000 -0.0825340000000000 0.2202170000000000
vn 0.9034596875022741 0.2453377729439857 0.3515252056754659
v 0.1007610000000000 -0.0985420000000000 0.2143950000000000
vn 0.6475567167041741 0.3047402246905033 0.6984294481956582
v 0.0695990000000000 0.0257640000000000 0.1815180000000000
vn 0.8748962619558338 0.1909994635311115 0.4450570028058617
v 0.2165750000000000 -0.2198020000000000 0.0258530000000000
vn 0.7820404595713553 0.0183555890421064 0.6229572954419434
v 0.2202900000000000 -0.2136740000000000 0.0177140000000000
vn 0.6120178873547359 -0.0813205187576847 0.7866518154729109
v 0.2149340000000000 -0.1919800000000000 0.0245460000000000
vn 0.9274901997871480 -0.1257021867198572 0.3520807997500610
v 0.2980820000000000 -0.2091550000000000 -0.1018290000000000
vn 0.9382526012860811 -0.1986572110290619 0.2832267089913253
v 0.3305850000000000 -0.1116490000000000 -0.1418020000000000
vn 0.8184053446300503 0.5111968307447369 0.2624699832695260
v 0.0698130000000000 0.1038320000000000 0.1089670000000000
vn 0.8783527969654756 0.2779375145495989 0.3889050039134458
v 0.1118620000000000 -0.0850070000000000 0.1480140000000000
vn 0.8213968913619100 -0.0917864305269147 0.5629230835843549
v 0.1729370000000000 -0.4341800000000000 0.0547930000000000
vn 0.9606672639916281 -0.2261269293315307 0.1611986964151157
v 0.3544460000000000 -0.0681530000000000 -0.2038690000000000
vn 0.9677357062605065 -0.1692996235214778 0.1866152199151088
v 0.3568420000000000 -0.0371940000000000 -0.1805070000000000
vn -0.1731787353335428 0.1541376847050991 0.9727541826083433
v -0.1167860000000000 0.0371280000000000 0.0477020000000000
vn 0.5950965815253759 0.0403365851355909 0.8026412763846691
v 0.2247250000000000 -0.3562930000000000 -0.0095490000000000
vn -0.0105399185591609 -0.1028590408526292 0.9946400996499404
v 0.0126820000000000 0.1744000000000000 0.0916860000000000
vn 0.7216064710737865 0.1095169559009955 0.6835862325080986
v 0.1296970000000000 -0.0671030000000000 0.0737980000000000
vn 0.6729330480534194 0.1032990557419936 0.7324550620484146
v 0.1437610000000000 -0.1338380000000000 0.0609020000000000
vn 0.6035817793782686 -0.4449615904485004 0.6615876499966608
v 0.2005870000000000 -0.2497390000000000 0.0566020000000000
vn 0.6368274591429183 0.4366147587837874 0.6354670248673411
v 0.1692000000000000 -0.1681020000000000 0.0544410000000000
vn 0.6941519577823531 0.4735177598260701 0.5421567952504390
v 0.1915860000000000 -0.1891620000000000 0.0480570000000000
vn 0.4572420134547043 -0.3187363293992768 0.8302631471123861
v 0.2097960000000000 -0.3170310000000000 0.0013340000000000
vn 0.5241535488319534 -0.4362614039910881 0.7313952724994833
v 0.2035300000000000 -0.3081920000000000 0.0094920000000000
vn -0.7022832944111521 0.0704996905436489 0.7083981705398941
v -0.0555530000000000 -0.0738750000000000 0.0916410000000000
vn 0.8856150207370519 0.0415787930930211 0.4625551199693274
v 0.2304390000000000 -0.2560320000000000 0.0133270000000000
vn 0.7316811295360416 -0.0197698371220194 0.6813603145333833
v 0.2410570000000000 -0.2499880000000000 -0.0120510000000000
vn 0.7855316060084315 -0.1579612916362969 0.5983212567729871
v 0.2436720000000000 -0.3129610000000000 -0.0149360000000000
vn 0.8564998161925874 -0.4907791211851557 -0.1598246510110071
v 0.2847910000000000 -0.3861240000000000 -0.2081160000000000
vn 0.7699375065171347 -0.1303381922809626 0.6246664643560660
v 0.2580010000000000 -0.2899690000000000 -0.0337570000000000
vn 0.8334033116373689 -0.0742636219688051 0.5476530239156366
v 0.2721540000000000 -0.1688140000000000 -0.0421810000000000
vn 0.8270380276370323 -0.0551515067689324 0.5594340105350799
v 0.2748960000000000 -0.2764270000000000 -0.0496220000000000
vn 0.8547528192285537 0.0044591486925057 0.5190161211501791
v 0.2708020000000000 -0.2417510000000000 -0.0427070000000000
vn 0.8596841276135001 -0.0996007826575521 0.5010218406650736
v 0.2803650000000000 -0.2779230000000000 -0.0586560000000000
vn 0.8008457156140067 -0.1339059237133466 0.5837082690669757
v 0.2754840000000000 -0.3118720000000000 -0.0593900000000000
vn 0.7908645443228014 -0.1950047709536928 0.5800917270901089
v 0.2645470000000000 0.1152310000000000 -0.0211760000000000
vn 0.5679513848823421 -0.4508242906826699 0.6886135950884917
v 0.2724450000000000 0.1435540000000000 -0.0253180000000000
vn -0.2368242015837565 -0.2031949186505466 0.9500663779856721
v -0.0568740000000000 0.1370750000000000 0.0433990000000000
vn 0.7816663133510748 -0.3615128173392648 0.5082383864601009
v 0.2698770000000000 0.1031220000000000 -0.0337760000000000
vn 0.8857329388320033 0.2921656398058654 0.3607165091659266
v 0.3474710000000000 0.0534100000000000 -0.1721630000000000
vn 0.8248447305078479 -0.1508713379310065 0.5448568710627992
v 0.2923690000000000 -0.1056320000000000 -0.0528320000000000
vn 0.6678445686683009 0.0522917996950125 0.7424615813528049
v 0.2771170000000000 0.1926720000000000 -0.0081660000000000
vn 0.8384737814378798 -0.1492005229417465 0.5241191866314111
v 0.2742680000000000 0.1219710000000000 -0.0378280000000000
vn 0.7606494220711277 0.3248929435375782 0.5620115941351632
v 0.2962960000000000 -0.0077700000000000 -0.0475060000000000
vn 0.7071257990608428 -0.3997400454388838 0.5832503753750043
v 0.2801430000000000 0.1323420000000000 -0.0403070000000000
vn -0.6722760150487138 0.1584753301597741 0.7231393567777736
v -0.0444930000000000 0.0953150000000000 0.0551000000000000
vn 0.6657657553617967 0.1313880696214806 0.7345019633388853
v 0.2591120000000000 0.3016750000000000 -0.0161040000000000
vn 0.7628413303646748 -0.4416063934025964 0.4722889983827744
v 0.2950850000000000 0.1484640000000000 -0.0410470000000000
vn 0.4853612938637665 0.7591293796453384 0.4337591490426155
v 0.0575690000000000 0.1131540000000000 0.1175680000000000
vn 0.8593147746664591 -0.1568569020630194 0.4867997846292917
v 0.3041220000000000 -0.0965780000000000 -0.0694860000000000
vn 0.7633551791445904 -0.4279258647702018 0.4839094179015379
v 0.2930980000000000 0.1296770000000000 -0.0597010000000000
vn 0.8407115825015077 -0.2438117814266242 0.4834871769606582
v 0.2886270000000000 0.0801520000000000 -0.0946610000000000
vn 0.8239976315942009 -0.3770729380698185 0.4228993999789340
v 0.2888850000000000 0.0920400000000000 -0.0861180000000000
vn 0.9229252589343167 -0.1918508833359927 0.3337696885342104
v 0.3257000000000000 -0.1133380000000000 -0.1285110000000000
vn 0.8282795595402433 0.3178923951299785 0.4614080584107152
v 0.3381800000000000 0.0281090000000000 -0.1273750000000000
vn 0.8797185216273240 0.0923021234325527 0.4664500409643859
v 0.3049620000000000 0.3396990000000000 -0.0811000000000000
vn 0.9456044971027128 0.0777034373647428 0.3159023755542670
v 0.3279640000000000 0.2646660000000000 -0.1232390000000000
vn 0.8992237279894231 0.0865488115325930 0.4288426171022415
v 0.3443090000000000 0.0967010000000000 -0.1905360000000000
vn 0.9025925115816551 0.2456878653291110 0.3535028017806142
v 0.3519790000000000 0.0637950000000000 -0.1921930000000000
vn 0.8999936345930057 0.0167412314764144 0.4355814376907313
v 0.3385590000000000 0.3475280000000000 -0.1580940000000000
vn -0.2723215190532488 0.0657590036973773 0.9599566363608616
v -0.1344920000000000 0.0298810000000000 0.0443860000000000
vn 0.1767684392772350 -0.5010025669885987 0.8472008892501975
v 0.0365190000000000 -0.4578990000000000 0.0903640000000000
vn 0.9739275145870290 -0.1580521987456016 0.1627412019189153
v 0.3130700000000000 -0.2587730000000000 -0.1784040000000000
vn 0.7323860227239971 -0.0691395997978919 0.6773702307145717
v 0.2511550000000000 0.0786580000000000 -0.0332790000000000
vn 0.2394507226194775 -0.2051791302717264 0.9489809671104832
v 0.1867630000000000 0.1019400000000000 0.0074450000000000
vn 0.5466253146781849 -0.6183730190914749 0.5646375603984115
v 0.1550330000000000 -0.4708080000000000 0.0551480000000000
vn 0.4801220735180858 -0.7250716510875933 0.4937143863711135
v 0.1504700000000000 -0.4828770000000000 0.0437400000000000
vn 0.6554174513096128 -0.6821433556780947 0.3242042671265136
v 0.1588680000000000 -0.4870630000000000 0.0225870000000000
vn 0.7015505097347804 -0.7055898772677888 0.0998489228189112
v 0.1839320000000000 -0.4675680000000000 -0.0148540000000000
vn 0.5222421035426580 -0.8449566288444880 0.1153753901796136
v 0.1929250000000000 -0.4609520000000000 -0.0504960000000000
vn 0.6081633042223600 0.1977339877009751 0.7687903911374101
v 0.2458240000000000 0.0173810000000000 -0.0140490000000000
vn 0.7959573434699077 -0.5801151132006586 0.1729692539514306
v 0.2583200000000000 -0.4257300000000000 -0.1145630000000000
vn 0.2149209239129692 -0.2389745119551487 0.9469425426604268
v 0.0299190000000000 -0.2283300000000000 0.1338350000000000
vn 0.2103497150851951 0.0414075695130330 0.9767488984127909
v 0.0351710000000000 -0.2041080000000000 0.1360370000000000
vn 0.8620682780262119 -0.5050875003519586 0.0415319275874825
v 0.2811470000000000 -0.3929810000000000 -0.1669890000000000
vn 0.6359377358860723 -0.7124333125955270 0.2966849695893954
v 0.0767190000000000 -0.1326680000000000 0.1307520000000000
vn -0.0448862299077931 -0.6063435398879002 0.7939349708892254
v -0.1562490000000000 0.1199950000000000 0.0552560000000000
vn 0.3715377766297272 -0.6511567482902697 0.6617813609441423
v 0.1359970000000000 -0.2416830000000000 0.1082820000000000
vn -0.7999352420035312 0.0058394062294370 0.6000579221505533
v -0.2724440000000000 0.2911550000000000 -0.0048180000000000
vn -0.0867330918837886 0.3179277680292675 0.9441394521405228
v 0.0386800000000000 0.0405390000000000 0.1836130000000000
vn -0.4263650070721365 0.2555979023227190 0.8676880736028372
v 0.0295550000000000 0.0383490000000000 0.1812250000000000
vn 0.7607237079224299 -0.6075724302651314 0.2283750909938986
v 0.2006520000000000 -0.4493680000000000 -0.0135820000000000
vn 0.8472361265139322 0.2952563364646088 0.4416046214739676
v 0.1151680000000000 0.0060780000000000 0.0704510000000000
vn -0.4672298944239525 0.0644198193704191 0.8817858655188712
v -0.0544930000000000 0.1074080000000000 0.0450940000000000
vn 0.4064882836385107 -0.6474240210000886 0.6446777584938810
v 0.1759760000000000 -0.2494520000000000 0.0758780000000000
vn 0.1037508029359779 -0.1897001747276388 0.9763450284599411
v 0.0601950000000000 -0.4283580000000000 0.0963240000000000
vn 0.0704078412552953 0.0155316897798597 0.9973973643951297
v 0.0958510000000000 -0.4057240000000000 0.0969870000000000
vn 0.5309207963473657 0.2046656024966617 0.8223351501429071
v 0.2163560000000000 0.3874930000000000 0.0106180000000000
vn 0.7524618086168398 0.3170946324615032 0.5772800192603053
v 0.2630860000000000 0.4512180000000000 -0.0550360000000000
vn 0.7399958128852889 0.2134412103444629 0.6378471969358581
v 0.2481080000000000 0.4292050000000000 -0.0253300000000000
vn 0.0175046916343365 0.3757265846700876 0.9265652267071857
v 0.0689830000000000 -0.3720750000000000 0.0920110000000000
vn -0.1740073333143089 0.1245820151137900 0.9768320067765134
v -0.0888580000000000 0.2713480000000000 0.1062290000000000
vn -0.2243411720320101 -0.0508482328847907 0.9731831768705203
v -0.1078570000000000 0.2365290000000000 0.0997910000000000
vn 0.9181086241868969 0.0281314609615997 0.3953291983876345
v 0.3136440000000000 0.2487600000000000 -0.0871970000000000
vn -0.2491960348254608 -0.3121342370901891 0.9167734476212720
v -0.1665770000000000 0.2012810000000000 0.0782020000000000
vn -0.2618666199255456 -0.1457732134895843 0.9540314688718030
v -0.1561260000000000 0.1344260000000000 0.0618990000000000
vn -0.3943442672753700 -0.2415449067782494 0.8866502449537463
v -0.1498470000000000 -0.1698480000000000 0.0478500000000000
vn -0.5876490861585669 -0.0705209728035408 0.8060368130128075
v -0.1588830000000000 -0.1593520000000000 0.0436070000000000
vn 0.9263837110468975 -0.1110586666718863 0.3598321726361350
v 0.3250510000000000 0.1951590000000000 -0.1200190000000000
vn -0.0785385485338662 -0.2806643405691501 0.9565872800362116
v -0.1038410000000000 -0.1258510000000000 0.0683810000000000
vn -0.1678009870250798 -0.2224710578199045 0.9603902629587109
v -0.1139080000000000 -0.1262850000000000 0.0673680000000000
vn -0.3414968684405853 -0.4975663570861704 0.7973754505509129
v -0.1761880000000000 0.1142600000000000 0.0460850000000000
vn -0.2074247120720606 -0.2516828421380313 0.9453204408004439
v -0.0791270000000000 -0.0949470000000000 0.0807960000000000
vn -0.2626993858247682 -0.1244212482838443 0.9568220240268196
v -0.0149870000000000 -0.2268490000000000 0.1320600000000000
vn -0.4506125617402086 -0.2293557542294952 0.8627538798543569
v -0.1618660000000000 -0.2403170000000000 0.0079810000000000
vn -0.5414807360129421 -0.2465656516198181 0.8037437352590543
v -0.1850660000000000 0.1246770000000000 0.0452150000000000
vn -0.4161114817410894 0.1985023169917441 0.8873827048754919
v -0.1024760000000000 -0.0773500000000000 0.0741240000000000
vn -0.5652441148016533 -0.3140106309385018 0.7628213515232118
v -0.1953910000000000 0.1140770000000000 0.0336290000000000
vn -0.7300640192600599 -0.0950541278794503 0.6767357243081851
v -0.1543790000000000 -0.2438170000000000 0.0131920000000000
vn -0.6957705049939849 -0.2595068079579372 0.6697459376538970
v -0.1338340000000000 -0.2779530000000000 0.0446570000000000
vn -0.4294929959159238 -0.2518345081145238 0.8672457246835409
v -0.0020220000000000 -0.1459860000000000 0.1146560000000000
vn -0.3939331161288536 -0.4083423552751442 0.8234520149379435
v 0.0118050000000000 -0.1415200000000000 0.1230150000000000
vn -0.5706166838639709 -0.7861783790063147 0.2373186812686440
v 0.0272440000000000 -0.1336120000000000 0.1453640000000000
vn -0.2179336790368493 -0.9485129359314867 0.2298436901724630
v 0.0372800000000000 -0.1407910000000000 0.1364640000000000
vn -0.6908041216598033 -0.4620761373925609 0.5561252635424855
v -0.1867230000000000 -0.3966300000000000 -0.0533080000000000
vn 0.6425681667297459 0.3464154046782691 0.6834489874944321
v 0.2785280000000000 -0.0063820000000000 -0.0290380000000000
vn 0.6941068868126838 0.1297815669872038 0.7080765315624789
v 0.2765510000000000 -0.0237430000000000 -0.0207430000000000
vn 0.4962757817644542 0.3716146488099329 0.7846100313046921
v 0.1372160000000000 0.0066370000000000 0.0436170000000000
vn -0.9083870501374114 -0.0760756832663058 0.4111513803433194
v 0.0095010000000000 -0.1041520000000000 0.2070560000000000
vn 0.6014028759159772 0.5294794354091495 0.5983026895466875
v 0.1369730000000000 -0.1545600000000000 0.0832410000000000
vn 0.4516128530394274 -0.0708577721806297 0.8893958663560263
v 0.2069320000000000 -0.1776490000000000 0.0314020000000000
vn 0.1092921182589765 0.3459014839239682 0.9318837890561583
v 0.0688260000000000 -0.0748230000000000 0.2291090000000000
vn 0.5373829540367990 0.3243399380875684 0.7784748970082694
v 0.2364150000000000 0.0059490000000000 -0.0036240000000000
vn 0.8143346412325509 0.3056600153701670 0.4933873195498257
v 0.2953570000000000 0.4606540000000000 -0.1053590000000000
vn 0.5440447760860926 0.1299517215546973 0.8289317412660731
v 0.2204910000000000 0.0174650000000000 0.0044930000000000
vn -0.6704165121968784 -0.0635365052445228 0.7392596382023610
v -0.2601190000000000 0.0701490000000000 -0.0401100000000000
vn -0.8985256445028300 -0.2553959291722974 0.3569658044308906
v -0.2661050000000000 -0.2344790000000000 -0.1283530000000000
vn -0.6978731704723145 -0.7138068184714279 0.0587610741785553
v -0.1889460000000000 -0.4283750000000000 -0.1177900000000000
vn 0.6636652386672942 0.2984911542903239 0.6858946579432685
v 0.1591580000000000 -0.1996200000000000 0.0993860000000000
vn 0.0935593761620801 -0.7752510881449916 0.6246858358104247
v 0.0697100000000000 -0.4838650000000000 0.0576060000000000
vn -0.4202657556820474 -0.2452830964361978 0.8736205682123496
v -0.1721760000000000 0.1278440000000000 0.0537060000000000
vn -0.1579672124070248 0.1816222643038969 0.9705976060724028
v 0.0146520000000000 -0.3948130000000000 0.0974030000000000
vn 0.6747596444989997 0.3106891863980265 0.6694562357696850
v 0.2443560000000000 0.4458750000000000 -0.0277300000000000
vn -0.1983805878784135 0.2294217741690646 0.9528960026624803
v -0.1134740000000000 0.3212310000000000 0.0862050000000000
vn -0.3016556821464654 -0.0518332320364918 0.9520069146205830
v -0.1503910000000000 0.2175740000000000 0.0854580000000000
vn -0.6446427033609675 -0.7636991861887471 -0.0346314599477018
v 0.0076360000000000 -0.1194680000000000 0.1741110000000000
vn -0.4789957655098870 -0.8687441092487365 0.1258837927185894
v 0.0310030000000000 -0.1410060000000000 0.2025950000000000
vn -0.4308554955941790 0.0281495990897699 0.9019817858401463
v -0.1746880000000000 0.0601100000000000 0.0302750000000000
vn -0.3375027929799017 -0.1649217168675398 0.9267646368071176
v -0.1854280000000000 0.2096420000000000 0.0744870000000000
vn -0.5533289744984999 0.0475063819297687 0.8316069923084950
v -0.1976420000000000 0.0104870000000000 0.0158260000000000
vn -0.4655407036548781 -0.1296811242612600 0.8754739626344444
v -0.1871140000000000 0.0807230000000000 0.0239020000000000
vn -0.6103586628905701 -0.0775663304640701 0.7883183157917708
v -0.1258330000000000 -0.2578000000000000 0.0571430000000000
vn -0.6181574429440557 0.0518973221792839 0.7843392401783083
v -0.1082200000000000 -0.2372540000000000 0.0674770000000000
vn -0.6945348909174507 -0.0495636097782007 0.7177497710790574
v -0.0985140000000000 -0.2275660000000000 0.0766870000000000
vn 0.9458558405557185 -0.1744443863335891 0.2737259303817106
v 0.3229240000000000 -0.1507580000000000 -0.1435690000000000
vn 0.9634834019375704 -0.2008537390652355 0.1770805175458905
v 0.3351460000000000 -0.1295060000000000 -0.1785850000000000
vn -0.3820330102619091 -0.7936747204197985 0.4734249858602511
v -0.0180180000000000 -0.4971250000000000 0.0429270000000000
vn -0.6615381074223581 -0.7462517789982370 0.0739973970488895
v -0.1783500000000000 -0.4389030000000000 -0.1255440000000000
vn -0.7545492336434750 -0.6507936289698177 -0.0843984982113986
v -0.2026330000000000 -0.4143510000000000 -0.1329690000000000
vn 0.0634367531467143 -0.0855838050278403 0.9943094038915449
v 0.0718330000000000 -0.4181240000000000 0.0969100000000000
vn -0.9153755997052697 -0.3474982412179996 0.2033039198210778
v -0.2597160000000000 -0.3030750000000000 -0.1703360000000000
vn 0.9601130108518703 -0.2735143618880853 0.0580766754722589
v 0.2953790000000000 -0.3590630000000000 -0.1763880000000000
vn 0.5526648051689631 -0.4660646818425692 0.6909018204249696
v 0.1808870000000000 -0.2707430000000000 0.0501940000000000
vn 0.7103094688565692 -0.1425549688608668 0.6893029372531179
v 0.1739730000000000 -0.2789690000000000 0.0545580000000000
vn -0.6635325123566559 -0.1057735795583959 0.7406325370337628
v -0.1645070000000000 -0.2862210000000000 -0.0015130000000000
vn 0.8367234440114069 0.0599759822193604 0.5443314797056230
v 0.2606450000000000 0.0654820000000000 -0.0443190000000000
vn 0.2213311111740973 0.3492010400178996 0.9105334551112643
v 0.1059470000000000 -0.3587290000000000 0.0811600000000000
vn 0.8076915522715440 -0.1936958423395615 0.5568808463662144
v 0.2165540000000000 -0.4001490000000000 -0.0022050000000000
vn 0.8167416325704275 -0.1935336573131334 0.5435787239335212
v 0.2021180000000000 -0.4148210000000000 0.0143830000000000
vn -0.7803529045983583 -0.6100813150816824 -0.1372957875286440
v -0.2275780000000000 -0.3746470000000000 -0.1716180000000000
vn -0.6791242801484493 -0.1434124275874852 0.7198771337709754
v -0.1567820000000000 -0.3141380000000000 0.0017720000000000
vn -0.8576369729901718 -0.3270780952985161 0.3968359133648945
v 0.0141600000000000 -0.1198250000000000 0.2121180000000000
vn -0.5511828179626687 -0.1027835165331345 0.8280296189822044
v -0.0425900000000000 0.1272850000000000 0.0489470000000000
vn -0.7401171372109525 0.4652434805948519 0.4855668099969888
v 0.0034530000000000 0.0937850000000000 0.1299240000000000
vn -0.5720786803106782 0.3115368083063125 0.7587297282987591
v -0.0609120000000000 0.0110140000000000 0.0697840000000000
vn -0.4259211548121610 0.2588266401506675 0.8669486375972871
v -0.0756840000000000 0.0012980000000000 0.0630830000000000
vn -0.9351905438104857 -0.3242559137902959 0.1423964505859198
v -0.3152290000000000 -0.0911630000000000 -0.1667940000000000
vn 0.8669266772475882 -0.0227899625210946 0.4979144041747970
v 0.2688810000000000 -0.2138700000000000 -0.0402360000000000
vn -0.3483007808081575 0.0725641712882763 0.9345699583945941
v -0.0125360000000000 -0.3694010000000000 0.0832750000000000
vn 0.8575708340877735 -0.0007571483944550 0.5143653285830113
v 0.2936280000000000 0.1765680000000000 -0.0291060000000000
vn 0.9332282651400703 0.0576509563013231 0.3546284991102628
v 0.3317690000000000 0.2673060000000000 -0.1347540000000000
vn 0.9287871939189453 0.0183276899964215 0.3701600251128783
v 0.3096390000000000 0.2129000000000000 -0.0655370000000000
vn -0.5230360686286386 -0.0015736888499101 0.8523090955849888
v -0.1900570000000000 0.0387180000000000 0.0230600000000000
vn -0.1072839258399423 0.0999154494461540 0.9891951588126293
v -0.1497900000000000 0.1454080000000000 0.0629680000000000
vn 0.4871367848512375 0.7142347125108487 0.5025599748182743
v 0.0587070000000000 0.0996670000000000 0.1370470000000000
vn 0.2683847857624873 0.8180087881760307 0.5087545864540244
v 0.0509690000000000 0.1109280000000000 0.1268830000000000
vn -0.6834565921122778 -0.5797735715990739 0.4435647555583345
v -0.0413210000000000 -0.4806140000000000 0.0415870000000000
vn 0.0799174260824981 0.0939073267723575 0.9923681872101796
v 0.0117480000000000 0.2653010000000000 0.0979940000000000
vn -0.5635522326019107 -0.8246637480289701 -0.0483589062760246
v 0.0150720000000000 -0.1204360000000000 0.1568100000000000
vn 0.5529737761938630 0.4004121086835453 0.7306778675048919
v 0.2281830000000000 0.4619780000000000 -0.0214020000000000
vn 0.4886805905405143 0.3914850392351639 0.7796991371574145
v 0.0624520000000000 0.0155000000000000 0.1910040000000000
vn -0.6141617713135481 0.0601489338709130 0.7868846322118620
v -0.2406350000000000 0.3074180000000000 0.0301990000000000
vn 0.0653029729008922 -0.0180106404604771 0.9977029310172987
v 0.0440070000000000 0.2549270000000000 0.0963840000000000
vn -0.4710724822352818 0.1071229814941434 0.8755657504245443
v -0.1173420000000000 -0.0914900000000000 0.0692830000000000
vn 0.0810442003928511 -0.0782786720333616 0.9936318669846378
v 0.0528100000000000 0.2227110000000000 0.0938240000000000
vn 0.2674234186401125 0.2527806230094249 0.9298315287157142
v 0.1385270000000000 0.0410500000000000 0.0293450000000000
vn -0.3811992590957229 0.3390332684501806 0.8600834655711385
v -0.0687790000000000 0.0362700000000000 0.0547620000000000
vn -0.5799567279969096 0.2456563674936396 0.7767259122502277
v -0.2266090000000000 0.4276190000000000 0.0172160000000000
vn 0.5786416586442158 -0.1368441225321735 0.8040195998916136
v 0.2050740000000000 -0.3270320000000000 0.0008830000000000
vn 0.5756700677465808 0.0688319309678419 0.8147798097522332
v 0.2081390000000000 -0.3411810000000000 -0.0014000000000000
vn -0.8470734266904197 0.1340683780665975 0.5142881291625755
v -0.0176240000000000 -0.0014680000000000 0.1264930000000000
vn -0.1406740759569618 0.0633186920479998 0.9880291228455695
v -0.1570920000000000 0.0862580000000000 0.0329920000000000
vn -0.2919914738720152 -0.2595311784784954 0.9205349241520451
v -0.1235260000000000 -0.1776640000000000 0.0504390000000000
vn -0.2402583342670971 -0.2720539720045852 0.9318060791450805
v -0.1374810000000000 -0.1612560000000000 0.0550570000000000
vn -0.3101719752288858 0.4376311294413696 0.8439622860806535
v -0.1623590000000000 0.4668630000000000 0.0369730000000000
vn 0.1151836421672403 0.0831272696633350 0.9898598818092429
v -0.1304430000000000 0.1625880000000000 0.0590480000000000
vn -0.1299883106386101 -0.1917748893845701 0.9727925939782108
v -0.1027720000000000 -0.1478780000000000 0.0602080000000000
vn 0.1160134272140202 -0.1201846914512447 0.9859495548185143
v -0.0707150000000000 0.1330320000000000 0.0431500000000000
vn -0.5184819802437927 -0.5076394659322699 0.6880978192019468
v -0.0473170000000000 0.1422180000000000 0.0511150000000000
vn -0.2719562872850940 -0.2578062934714141 0.9271330502428649
v -0.0778220000000000 -0.1252900000000000 0.0673160000000000
vn -0.0955143856168244 -0.0750037836009743 0.9925983248957146
v -0.0802520000000000 0.2270920000000000 0.1040930000000000
vn 0.8103071539302173 -0.4253549501136661 0.4030824763039344
v 0.1733750000000000 -0.4582590000000000 0.0410770000000000
vn 0.6891228320364351 -0.4302176446425255 0.5831144832743574
v 0.1629090000000000 -0.4602040000000000 0.0565000000000000
vn -0.0455544270938440 -0.0429187495708822 0.9980394657063535
v -0.1329690000000000 0.0918480000000000 0.0344850000000000
vn -0.0059297934966940 -0.2395951796275098 0.9708547715535769
v -0.0963860000000000 0.1051850000000000 0.0362480000000000
vn 0.5087155888834453 -0.4823870988161200 0.7130996680147429
v 0.2013950000000000 -0.2842870000000000 0.0287390000000000
vn 0.1235948152475978 0.3760295541268694 0.9183278804800930
v 0.0891130000000000 -0.3718380000000000 0.0903340000000000
vn 0.0259781170243104 -0.4111622604762616 0.9111919298347204
v -0.1116180000000000 0.1087720000000000 0.0373770000000000
vn 0.4221573405938667 0.0328079571276265 0.9059287045523096
v 0.0843550000000000 -0.1507670000000000 0.1119430000000000
vn 0.2482620234688010 -0.2348791495303662 0.9397860143772455
v -0.0858400000000000 0.1317510000000000 0.0480140000000000
vn 0.1606264900495167 -0.2047069297731601 0.9655538325734194
v -0.1010760000000000 0.1605750000000000 0.0532800000000000
vn 0.1912878112667759 -0.1426318827997047 0.9711153995637067
v -0.0817600000000000 0.1526450000000000 0.0467090000000000
vn -0.0907043857216119 -0.1082632089997690 0.9899756522197590
v -0.0681120000000000 0.1195340000000000 0.0420170000000000
vn -0.8791771837601996 -0.4739674668597131 -0.0490134666604079
v -0.2374920000000000 -0.3627190000000000 -0.1564100000000000
vn 0.3796967123853024 -0.1635011819623861 0.9105480602915454
v 0.2195040000000000 0.1344740000000000 0.0194640000000000
vn -0.9374830712448056 -0.3330476293320025 0.1010186503856579
v -0.2514430000000000 -0.3227960000000000 -0.1665470000000000
vn 0.2864809244921275 0.2427217567165869 0.9268305285857550
v 0.1146200000000000 -0.1976970000000000 0.1262820000000000
vn 0.5163971628995935 0.3811361065139479 0.7668567261624817
v 0.1375910000000000 -0.1891050000000000 0.1133760000000000
vn 0.3671743741767998 0.5126159162364862 0.7761494066021717
v 0.1158190000000000 -0.1744220000000000 0.1150790000000000
vn -0.0516869047594589 0.2579943014719532 0.9647628746403883
v 0.0684690000000000 -0.1935140000000000 0.1256620000000000
vn 0.0297583241552818 0.1448312368526766 0.9890087739626949
v -0.0634760000000000 0.3550230000000000 0.0851350000000000
vn 0.0864227241497863 0.2083407803467724 0.9742305846128154
v -0.0032180000000000 0.3885510000000000 0.0745070000000000
vn 0.0758162438869412 0.1603969522646830 0.9841365326351201
v -0.0119180000000000 0.3598260000000000 0.0798510000000000
vn 0.4497954097513008 0.2210399256770227 0.8653470059018843
v 0.1383990000000000 -0.3954150000000000 0.0836030000000000
vn 0.7726981927943566 -0.1413046346564800 0.6188461061337739
v 0.2424510000000000 -0.1870990000000000 0.0037350000000000
vn 0.6815196258890500 -0.1599064860389393 0.7141154775319799
v 0.2352250000000000 -0.1902290000000000 0.0114390000000000
vn 0.3426255147598031 -0.1474968565204190 0.9278213373016245
v 0.1344360000000000 0.2119230000000000 0.0748490000000000
vn 0.6697190320791391 0.4032464751877883 0.6235933757823325
v 0.2731510000000000 0.0126420000000000 -0.0364970000000000
vn 0.7511564234184585 0.3668053769002648 0.5488331650276289
v 0.2755600000000000 0.0257160000000000 -0.0483540000000000
vn -0.4870116570997639 0.1392017308789683 0.8622311314080704
v 0.0294170000000000 -0.1040600000000000 0.2308900000000000
vn 0.2377839776559390 -0.3447513918914789 0.9080777817780852
v 0.0864110000000000 0.1874280000000000 0.0848270000000000
vn 0.5914781436027928 -0.0310570485791382 0.8057226975664439
v 0.2370510000000000 0.1521730000000000 0.0038330000000000
vn 0.6688600465401917 0.0394574822070069 0.7423404510331740
v 0.1530970000000000 -0.2119380000000000 0.1082510000000000
vn -0.2146046656959892 0.1587605255376707 0.9637115403441611
v -0.1091090000000000 0.0078220000000000 0.0516350000000000
vn 0.4395144355163064 -0.1063793860685968 0.8919139460690427
v 0.2208660000000000 0.1546740000000000 0.0147400000000000
vn 0.0071640685658937 0.1799446150662952 0.9836506552787051
v 0.0483090000000000 -0.3910270000000000 0.0976100000000000
vn 0.1459809051534861 -0.0130792919301852 0.9892009439204826
v 0.0876550000000000 -0.2779610000000000 0.1004820000000000
vn 0.0498397993949744 -0.5258042786422038 0.8491441897332987
v 0.0678420000000000 -0.3293190000000000 0.0861480000000000
vn -0.9622578847636073 -0.2169235737474262 0.1643287143590957
v -0.2481290000000000 -0.3236860000000000 -0.1318120000000000
vn 0.1067011152827717 0.2648558026656260 0.9583664621593139
v 0.0859950000000000 -0.1627390000000000 0.1133390000000000
vn 0.1544010951868926 -0.3635119736766623 0.9187052556716903
v 0.0515850000000000 -0.2399640000000000 0.1230370000000000
vn 0.1959448100729176 0.4438560624781299 0.8744126183941415
v 0.1084500000000000 -0.1808460000000000 0.1218100000000000
vn 0.1565740883834902 -0.0207060402130035 0.9874491453971573
v 0.1034860000000000 -0.3494060000000000 0.0786180000000000
vn 0.2414083634096083 -0.2788834341277088 0.9294869726064107
v 0.1126090000000000 -0.3411600000000000 0.0782110000000000
vn 0.2040758774918670 0.2890976496791050 0.9352943842320138
v 0.0913580000000000 0.2995360000000000 0.0840900000000000
vn 0.1922231735825697 0.1804266486034640 0.9646224525748752
v 0.0817190000000000 0.3329570000000000 0.0751920000000000
vn 0.1746568256407445 0.2800925654188833 0.9439508186627984
v 0.0842400000000000 0.3234850000000000 0.0769670000000000
vn -0.8688619934918737 0.2032558524046597 0.4514043583402611
v -0.0095440000000000 0.0673370000000000 0.1189870000000000
vn -0.8273252308881526 0.1500117457435523 0.5413219360739380
v -0.0281430000000000 -0.0347080000000000 0.1231160000000000
vn 0.3454898893673545 -0.2869190640320601 0.8934842959111816
v 0.1347600000000000 -0.3373400000000000 0.0749310000000000
vn -0.8117655933977318 0.1307773539803063 0.5691519173836965
v -0.0369470000000000 -0.0657690000000000 0.1149650000000000
vn -0.8615830698036585 0.1436474072364302 0.4868675756527184
v -0.0058920000000000 0.0214000000000000 0.1421470000000000
vn 0.0583928132120387 -0.6071965792208869 0.7924030499358499
v -0.1501630000000000 0.1081780000000000 0.0415550000000000
vn -0.8123243299190147 0.0518547438162750 0.5808960910226305
v -0.3034530000000000 0.3856180000000000 -0.0474160000000000
vn -0.8385484434282794 0.2162140682652948 0.5000879769682331
v -0.0229780000000000 0.0523980000000000 0.1006690000000000
vn -0.7403575625464461 0.1751419397531263 0.6489961329004953
v -0.0387830000000000 -0.0283050000000000 0.1072210000000000
vn -0.7563648653233279 0.2307747279124678 0.6120908555609620
v -0.0445490000000000 0.0576890000000000 0.0632130000000000
vn -0.8231650709825409 0.2534414461013463 0.5081010719456975
v -0.0241430000000000 0.0757370000000000 0.0864810000000000
vn -0.7621927340464564 0.1878146514406940 0.6195061685495944
v -0.0326160000000000 0.0792110000000000 0.0734730000000000
vn -0.8597837108717437 -0.2043285995569702 0.4679976430738743
v -0.2287710000000000 -0.3075420000000000 -0.0689520000000000
vn -0.8546856944608953 -0.1748970192367230 0.4887979095147673
v -0.2346320000000000 -0.2765840000000000 -0.0652150000000000
vn -0.8940734696497725 -0.1418573810114316 0.4248636420323523
v -0.2428550000000000 -0.2577950000000000 -0.0754980000000000
vn -0.8062428771176684 -0.0046801407467158 0.5915661580749995
v -0.2842050000000000 0.2666480000000000 -0.0195060000000000
vn -0.7322919279036485 0.0545938477125862 0.6787989718017349
v -0.2603400000000000 0.3430920000000000 0.0112550000000000
vn -0.0974903337831611 -0.3482834819740307 0.9323058784556134
v 0.1433070000000000 0.1383780000000000 0.0299040000000000
vn 0.3942740473755623 0.1437384516018720 0.9076823415144690
v 0.1328740000000000 0.2592430000000000 0.0802380000000000
vn 0.3421220734406649 0.1843116322915959 0.9214020344380991
v 0.1270480000000000 0.3897050000000000 0.0524580000000000
vn -0.8272713455615138 0.0097931149871915 0.5617172026132812
v -0.3069570000000000 0.0154740000000000 -0.0732740000000000
vn -0.1972689707568889 -0.0625196613847087 0.9783538445352270
v -0.0050490000000000 -0.3596760000000000 0.0853440000000000
vn 0.5244075023369666 0.0588131200676719 0.8494338046019889
v 0.1509060000000000 0.2526480000000000 0.0714510000000000
vn 0.4498522160294571 -0.0180671817989005 0.8929202431769770
v 0.1535680000000000 0.2251140000000000 0.0681680000000000
vn -0.8140029884337537 0.0253980865034608 0.5803051542273951
v -0.3048630000000000 0.3652960000000000 -0.0477270000000000
vn -0.8099980445919761 -0.0139036237542716 0.5862677349161174
v -0.3007890000000000 0.3403980000000000 -0.0419800000000000
vn -0.8302038789642512 0.0145178189465879 0.5572708069563173
v -0.3160660000000000 0.3575370000000000 -0.0640020000000000
vn -0.8040821552485035 0.0142266859410696 0.5943479528172499
v -0.3185030000000000 0.3028220000000000 -0.0674750000000000
vn 0.3766676740908843 0.1230421324135259 0.9181405649169934
v 0.1649760000000000 0.2235330000000000 0.0628720000000000
vn 0.2958200456650942 -0.1732238491415245 0.9394061947162664
v 0.1936280000000000 -0.1529170000000000 0.0396390000000000
vn 0.3355778366759664 -0.1518223242616041 0.9296975300535560
v 0.1896390000000000 -0.1176330000000000 0.0491280000000000
vn -0.8616348818778496 0.1238169082150628 0.4921937662866191
v -0.3170150000000000 0.0578160000000000 -0.1022720000000000
vn 0.4380567761086049 0.1506344044735130 0.8862367274573119
v 0.1646180000000000 0.3360670000000000 0.0443930000000000
vn -0.8157727427305302 -0.0067226700161815 0.5783335006082233
v -0.3191030000000000 0.3249340000000000 -0.0688570000000000
vn -0.8276063109613957 0.0343501939027690 0.5602569573291452
v -0.3341830000000000 0.3284610000000000 -0.0907200000000000
vn 0.4031861439064894 -0.0002444870109628 0.9151179561061608
v 0.2075270000000000 0.0896680000000000 0.0000260000000000
vn -0.8344671565175557 0.1517488110682088 0.5297516994148204
v -0.3284130000000000 0.4160040000000000 -0.0869700000000000
vn -0.8718014973183643 0.0035864026068508 0.4898461870728398
v -0.3278850000000000 0.0731240000000000 -0.1238610000000000
vn -0.8635407847356164 -0.0973066436386602 0.4948017079618611
v -0.3387770000000000 0.0921660000000000 -0.1408090000000000
vn -0.8524898400300658 0.1422195809680809 0.5030255097256762
v -0.3397110000000000 0.4112680000000000 -0.1047780000000000
vn 0.4068477727806676 -0.1231288470239295 0.9051597520957104
v 0.2104870000000000 0.2001520000000000 0.0452190000000000
vn 0.5199169676572136 -0.1601122867263443 0.8390771134892124
v 0.2261340000000000 0.0904750000000000 -0.0102720000000000
vn -0.0142353602204863 -0.2148540161363946 0.9765424242036057
v 0.0040670000000000 -0.3504780000000000 0.0873990000000000
vn -0.9256740940377244 -0.3165391676500413 0.2071965901525820
v -0.3407820000000000 -0.0175740000000000 -0.1583130000000000
vn -0.3792384898466492 0.0152593122739074 0.9251731303965548
v -0.0698590000000000 -0.0688970000000000 0.0845920000000000
vn -0.0887286302859568 0.2123502993893792 0.9731570174010046
v -0.1156110000000000 0.0531500000000000 0.0431530000000000
vn -0.9295505980754922 -0.1962566667139013 0.3121201793986466
v -0.2870610000000000 -0.1698270000000000 -0.1400690000000000
vn -0.7337139180994671 -0.0688291672127413 0.6759633363784820
v -0.2789570000000000 0.0777020000000000 -0.0576390000000000
vn -0.6555595258398296 0.0448936702512607 0.7538078445147869
v -0.2592130000000000 -0.0156470000000000 -0.0164040000000000
vn -0.6435599196270770 0.0489959047672854 0.7638259167936273
v -0.2426430000000000 0.0523750000000000 -0.0268770000000000
vn -0.7119868148231188 -0.1659520298801484 0.6823010327536434
v -0.2308960000000000 -0.1379460000000000 -0.0243600000000000
vn -0.7974830260223321 0.0057090749824456 0.6033143705143358
v -0.2727280000000000 0.3361430000000000 -0.0045270000000000
vn -0.8434122893743822 0.1606575566218917 0.5126839763758441
v -0.0062920000000000 -0.0110730000000000 0.1502860000000000
vn 0.7503577231992884 0.1838479001870080 0.6349513657218229
v 0.2522130000000000 0.0621490000000000 -0.0313620000000000
vn -0.5090976625099384 0.4220549038104409 0.7501261415231950
v -0.2219640000000000 0.4771960000000000 -0.0002210000000000
vn -0.3742086483817062 0.4420547583748837 0.8152027220725283
v -0.0166020000000000 -0.1835290000000000 0.1226370000000000
vn -0.0229008030087459 -0.1818496793245395 0.9830596357043232
v -0.0742480000000000 0.2031380000000000 0.1037840000000000
vn 0.0083634498660017 -0.3252412898550773 0.9455940757427282
v -0.0447780000000000 0.1915610000000000 0.0990690000000000
vn -0.5478287688168838 0.2904255993819637 0.7845614133260725
v -0.0598950000000000 -0.1548960000000000 0.0788790000000000
vn -0.5237279593145459 0.4916459181702408 0.6956962812742082
v -0.0610460000000000 -0.1693300000000000 0.0861630000000000
vn -0.5146473334109811 0.3554358417516764 0.7802586011132743
v -0.0556090000000000 0.0464990000000000 0.0575270000000000
vn -0.2046609215980824 0.2685388958093169 0.9412761383399330
v -0.0736220000000000 0.0658750000000000 0.0424070000000000
vn -0.4282393309105608 0.2240438469184812 0.8754515578370075
v -0.0985600000000000 -0.0456460000000000 0.0658290000000000
vn -0.6022156407588329 -0.0892664580188416 0.7933270583423957
v -0.0671150000000000 -0.3492990000000000 0.0537640000000000
vn -0.6991748839669732 0.2498936591148724 0.6698564329495905
v -0.0992570000000000 -0.1919500000000000 0.0654140000000000
vn -0.3571995882170060 0.0625971210751114 0.9319281381151173
v -0.1437940000000000 0.2383440000000000 0.0866050000000000
vn -0.3124710313827949 0.2096991051824365 0.9264923851992837
v -0.1709490000000000 0.2655150000000000 0.0729240000000000
vn -0.4887416491842428 0.2645331415092493 0.8313566126494176
v -0.2006330000000000 0.4375820000000000 0.0326610000000000
vn -0.6063209616967293 -0.2323085041218451 0.7605311632798646
v -0.2083160000000000 0.0825870000000000 0.0109290000000000
vn -0.6379682412130406 0.0226849524763835 0.7697284690945788
v -0.2081930000000000 0.0415100000000000 0.0091020000000000
vn -0.4038013060523087 0.1083257482003667 0.9084107207135331
v -0.1602680000000000 0.3262110000000000 0.0698130000000000
vn -0.4404413379148118 0.2072827561475324 0.8735246343748374
v -0.2058870000000000 0.2980450000000000 0.0514280000000000
vn -0.5692160032748314 0.0293963845003129 0.8216623358741332
v -0.1922240000000000 0.0597580000000000 0.0198710000000000
vn -0.5205732233477027 -0.2149690359188500 0.8263121884188220
v -0.1942470000000000 -0.2752710000000000 -0.0136600000000000
vn -0.4386125974950870 0.2116536297697680 0.8733966626475593
v -0.1846600000000000 0.4264840000000000 0.0438840000000000
vn -0.6703663850982630 -0.1508413969369321 0.7265368419429273
v -0.1723540000000000 -0.1741260000000000 0.0303260000000000
vn -0.6787642547639169 -0.1483729119867974 0.7192110715522548
v -0.1919370000000000 -0.2268160000000000 -0.0004990000000000
vn -0.7129610801637211 -0.1103117390677023 0.6924722509932359
v -0.2067550000000000 -0.1610550000000000 -0.0024830000000000
vn -0.6075107763923322 -0.1587922937265532 0.7782773695927732
v -0.1983350000000000 -0.1042080000000000 0.0109030000000000
vn 0.9518258136339491 -0.2483107615307067 -0.1799149415921622
v 0.3021150000000000 -0.3216460000000000 -0.2396380000000000
vn -0.3087553256964465 -0.4030261816422882 0.8615335430294740
v -0.1823240000000000 0.0955140000000000 0.0287600000000000
vn -0.4260566239275739 0.1438614989751879 0.8931850996966137
v -0.1809450000000000 0.3754180000000000 0.0549730000000000
vn -0.0261185515253641 -0.0173182547089201 0.9995088290355687
v 0.0104040000000000 -0.2774960000000000 0.1037920000000000
vn -0.2746326563386204 -0.2830615466722948 0.9189412738950632
v -0.0147920000000000 -0.2715000000000000 0.1009580000000000
vn -0.2596855889588609 0.0137101210563667 0.9655958924248328
v -0.0112670000000000 -0.2788220000000000 0.1013920000000000
vn -0.3867410422446185 0.2202199724303608 0.8955079731561956
v -0.1999120000000000 0.2641970000000000 0.0646270000000000
vn -0.2576986670341894 -0.0849088909204235 0.9624873387486537
v -0.1737210000000000 0.0830110000000000 0.0293070000000000
vn -0.3957051968509119 0.4575644197073533 0.7962739472085307
v -0.1879010000000000 0.4803230000000000 0.0182360000000000
vn -0.6978111642416699 -0.1153943094676775 0.7069255494054258
v -0.2201040000000000 -0.1375640000000000 -0.0132140000000000
vn -0.6338975279377546 -0.0495330977766300 0.7718292533320142
v -0.1861100000000000 -0.1103820000000000 0.0198990000000000
vn -0.6142864806801615 -0.0441374890039982 0.7878477021087285
v -0.2045790000000000 0.0661220000000000 0.0101850000000000
vn -0.1301881994664093 -0.4834149846513628 0.8656563898766167
v -0.0040230000000000 -0.2651100000000000 0.1062370000000000
vn -0.3470279457228059 0.2571441678929172 0.9019137884554534
v -0.1660450000000000 0.4264880000000000 0.0520420000000000
vn -0.3956497809266770 -0.1096660566231420 0.9118303608004080
v -0.0282760000000000 -0.2785730000000000 0.0948610000000000
vn -0.9142162672118943 -0.2368602041352522 0.3287945566188054
v -0.2851770000000000 -0.1617120000000000 -0.1291400000000000
vn -0.3823748166009256 0.1819095219211608 0.9059240726814932
v -0.1865740000000000 0.2909080000000000 0.0616450000000000
vn -0.6860044872740167 -0.0502791930594083 0.7258580069030087
v -0.2222880000000000 0.0640530000000000 -0.0055240000000000
vn -0.5616558246755482 0.1040504044508611 0.8208021978172585
v -0.2433830000000000 0.3482720000000000 0.0259060000000000
vn 0.9615158282066560 -0.2668631673621896 0.0653556578536876
v 0.2944600000000000 -0.3549100000000000 -0.1473380000000000
vn -0.5205316107284113 0.1973324432238776 0.8307266392043660
v -0.2183480000000000 0.4051590000000000 0.0285480000000000
vn -0.4887295753769069 0.1851252169866999 0.8525679188120648
v -0.2190330000000000 0.2935950000000000 0.0455110000000000
vn -0.8135698236101975 0.2334777412916859 0.5325338359505477
v 0.0148760000000000 -0.0897560000000000 0.2120370000000000
vn -0.4042939740014831 0.1134338082859280 0.9075677130241244
v -0.1382420000000000 0.2924410000000000 0.0839070000000000
vn -0.3332139177169059 0.1198440589416699 0.9352036604805054
v -0.1071500000000000 0.2744200000000000 0.1004080000000000
vn -0.7908228110445543 0.2346988962725431 0.5652572066060187
v 0.0126060000000000 -0.0585620000000000 0.1911050000000000
vn -0.5006368640782813 0.0396793567635009 0.8647475232532901
v -0.1047250000000000 -0.1783440000000000 0.0574320000000000
vn -0.4992372413938533 0.2447525474351729 0.8311789021200243
v -0.2249740000000000 0.0050310000000000 0.0000340000000000
vn -0.5591532595851854 -0.0586184817989950 0.8269894230803941
v -0.1029790000000000 -0.3652510000000000 0.0297120000000000
vn -0.5397480211589968 0.0142177862975172 0.8417065570659085
v -0.0949080000000000 -0.3444650000000000 0.0320890000000000
vn -0.6079954132454739 0.1765068163092381 0.7740716512499617
v -0.2272210000000000 0.0229000000000000 -0.0078000000000000
vn -0.6758851225007951 -0.1641169399930463 0.7185018658217973
v -0.2409560000000000 0.0692940000000000 -0.0232890000000000
vn -0.7876405487455506 0.1795284920515653 0.5893995983316406
v -0.0030780000000000 -0.0404750000000000 0.1651580000000000
vn -0.7762612288562055 0.0948546732258051 0.6232343825094051
v -0.0372480000000000 -0.0440720000000000 0.1125120000000000
vn -0.6608801709204192 0.0506129620039969 0.7487828308404110
v -0.0529040000000000 -0.0498170000000000 0.0949470000000000
vn -0.3597935086023387 0.1119949629864995 0.9262860030429433
v -0.0632240000000000 0.0805890000000000 0.0424740000000000
vn -0.4749648017964941 -0.2657451707776478 0.8389207002230759
v -0.0785700000000000 -0.2777190000000000 0.0639010000000000
vn -0.0960099689118154 -0.5633380971880725 0.8206291940493429
v -0.0740740000000000 0.1923570000000000 0.1007780000000000
vn -0.6184330969247450 -0.0631641542276979 0.7832948322622642
v -0.0620990000000000 -0.4013630000000000 0.0568710000000000
vn -0.6124085943162597 -0.1463832765627072 0.7768704203085278
v -0.0658440000000000 -0.2977130000000000 0.0713630000000000
vn -0.4140365483769710 0.4153280556071425 0.8099853966792699
v -0.0237200000000000 -0.1631680000000000 0.1051810000000000
vn -0.4582092552699427 0.0750681035815583 0.8856687068027373
v -0.0252930000000000 -0.1510890000000000 0.0999800000000000
vn 0.3515115497213754 0.4330209586993276 0.8300195658775715
v 0.1549980000000000 0.5000000000000000 -0.0003160000000000
vn -0.2232643713894716 -0.0933659672637638 0.9702761548265348
v 0.0083680000000000 0.1559890000000000 0.0897700000000000
vn 0.0707496764459063 0.1686523100386946 0.9831331962666157
v 0.0819920000000000 -0.3863850000000000 0.0959320000000000
vn -0.4538397165434854 0.1011224360982303 0.8853269252684501
v -0.0067330000000000 -0.1567050000000000 0.1116710000000000
vn 0.3691088472605641 0.3831208158078260 0.8467450025649537
v 0.1241710000000000 0.0537360000000000 0.0291850000000000
vn 0.6709381681717538 0.0414321452230328 0.7403548823588245
v 0.2456650000000000 0.3488800000000000 -0.0103830000000000
vn 0.3825215870619433 0.1491569707351856 0.9118275239938280
v 0.1459590000000000 0.3593460000000000 0.0497160000000000
vn 0.6694707875181992 0.3450704337956647 0.6578261627358962
v 0.0740950000000000 -0.0052550000000000 0.1913740000000000
vn 0.2951921680216620 0.4234664531403127 0.8564681821313820
v 0.1397840000000000 0.4877690000000000 0.0117310000000000
vn 0.4556954325117235 0.2084526841041406 0.8653838173190741
v 0.1463940000000000 0.2832750000000000 0.0686800000000000
vn -0.3538671218191018 0.0611457874262132 0.9332948370024842
v -0.1340090000000000 -0.0525550000000000 0.0509150000000000
vn 0.2732387036729297 0.2505185055220522 0.9287524369853004
v 0.1027000000000000 0.3947580000000000 0.0594480000000000
vn 0.2732032183038472 0.2144983850835611 0.9377368737044336
v 0.1067010000000000 0.2828610000000000 0.0850780000000000
vn 0.2639938881075353 0.2126725913792674 0.9407856269724221
v 0.1050590000000000 0.3366220000000000 0.0686930000000000
vn 0.2671190271825792 0.1746589526499123 0.9477033689801194
v 0.0991070000000000 0.3783450000000000 0.0641040000000000
vn 0.1644031124228729 0.2954523040294273 0.9411054949735311
v 0.0795960000000000 0.4271610000000000 0.0530520000000000
vn 0.1546518748708956 0.4134561230257320 0.8972941724604299
v 0.0616220000000000 0.4909460000000000 0.0323500000000000
vn 0.3864997071285655 0.4145127819915442 0.8238914552021787
v 0.0732690000000000 -0.0454920000000000 0.2122000000000000
vn 0.7800647145475034 -0.1565474058497558 0.6057986058416064
v 0.2856020000000000 -0.0935400000000000 -0.0401710000000000
vn 0.7668409116812271 -0.1506383906736589 0.6239095218276081
v 0.2697500000000000 -0.2837160000000000 -0.0446470000000000
vn 0.1073518996286409 0.1965065510409485 0.9746079955777672
v 0.0429430000000000 0.3400370000000000 0.0797110000000000
vn 0.7835179111704008 -0.0138790802830449 0.6212141772413671
v 0.1682630000000000 -0.4214230000000000 0.0622310000000000
vn 0.0729614487420800 0.1727261984185866 0.9822638583279545
v 0.0436660000000000 0.2800500000000000 0.0947390000000000
vn 0.9120856350787934 0.2860145774516228 0.2937608819568799
v 0.1048720000000000 0.0148450000000000 0.0887600000000000
vn -0.6769491261852530 0.1660304287826781 0.7170591170017032
v -0.0312560000000000 0.1174190000000000 0.0611180000000000
vn -0.5758437557170085 -0.2707341556973908 0.7714317765950214
v -0.1401350000000000 -0.3135540000000000 0.0189580000000000
vn 0.0030098843443380 0.2636462518639522 0.9646147388850760
v 0.0718550000000000 -0.3535260000000000 0.0821660000000000
vn 0.0865443644471231 0.2446889858153850 0.9657315223202988
v -0.0064950000000000 0.3136030000000000 0.0888600000000000
vn 0.0838889960889840 0.3797463133415910 0.9212792051482833
v 0.0019400000000000 0.4661750000000000 0.0499540000000000
vn 0.0944129852116133 0.2861785792326700 0.9535135075140794
v -0.0371470000000000 0.2913960000000000 0.0980170000000000
vn -0.3238735481996169 0.2429687202318329 0.9143697970545044
v -0.0797800000000000 0.0231880000000000 0.0544400000000000
vn -0.2927939478304994 0.1651171238627610 0.9418110423652509
v -0.0976740000000000 -0.0096040000000000 0.0577020000000000
vn 0.0776145318467903 0.2104295604135047 0.9745231575239157
v -0.0348220000000000 0.3349910000000000 0.0859760000000000
vn 0.1330891018127860 0.1782674426214954 0.9749400032206380
v -0.0304070000000000 0.3893100000000000 0.0779610000000000
vn 0.0767132176762205 0.1904716056558075 0.9786907834820247
v -0.0454710000000000 0.3953900000000000 0.0793230000000000
vn 0.8097283777216190 0.3403394616601518 0.4780261552982151
v 0.2007630000000000 -0.2091850000000000 0.0544520000000000
vn -0.1177756394148564 0.1996366453991607 0.9727662147577862
v -0.0932090000000000 0.3281170000000000 0.0884150000000000
vn -0.1918024736786649 0.1915808218098065 0.9625531672616449
v -0.1210030000000000 0.3795720000000000 0.0760170000000000
vn 0.9050673688935166 -0.2167954440280299 0.3658589799538295
v 0.3132590000000000 0.1084820000000000 -0.1246570000000000
vn -0.2693104738209245 0.1409845908986067 0.9526779171469767
v -0.1283670000000000 -0.0056370000000000 0.0494690000000000
vn -0.1504028463349787 -0.2148455017052934 0.9649976135780530
v -0.1238450000000000 -0.1532360000000000 0.0594150000000000
vn -0.9345112863353632 -0.1877364343165247 0.3023965723052129
v -0.2995710000000000 -0.1790750000000000 -0.1830600000000000
vn -0.8423462306157893 0.0119909364051934 0.5388033455830598
v -0.3397210000000000 0.3631220000000000 -0.1011800000000000
vn -0.8181860727149544 0.0526030461750081 0.5725421119432083
v -0.3110010000000000 0.0769040000000000 -0.0962880000000000
vn -0.4515440656009924 0.5011855785466576 0.7381876270145542
v -0.0507240000000000 -0.1862200000000000 0.1073760000000000
vn -0.7861032491647443 0.2098223403891052 0.5813916641355208
v -0.3159140000000000 0.4246430000000000 -0.0711590000000000
vn -0.7864191225498649 0.1018494658522140 0.6092385821609786
v -0.2970180000000000 0.4004970000000000 -0.0406010000000000
vn -0.8021583336552627 0.0303223162463458 0.5963409803835964
v -0.3001120000000000 0.2941030000000000 -0.0433420000000000
vn -0.7861198720787900 0.0518336547420278 0.6158967599840993
v -0.2902930000000000 0.3709030000000000 -0.0286130000000000
vn 0.9340540968147552 -0.1938974916601290 0.2999111650997380
v 0.3452060000000000 -0.0549640000000000 -0.1509530000000000
vn -0.9124756579537123 -0.2886693859451362 0.2899278518183403
v -0.2614070000000000 -0.2867510000000000 -0.1549520000000000
vn 0.1558711406418958 0.4265804487536171 0.8909171163784861
v 0.0534660000000000 0.0499970000000000 0.1801420000000000
vn -0.5862350482321286 -0.1195354073947977 0.8012738324712929
v -0.1627980000000000 -0.3386260000000000 -0.0059100000000000
vn -0.8463860311854214 0.2019912594333067 0.4927780609227012
v -0.3364700000000000 0.4308330000000000 -0.1068870000000000
vn -0.1893048277784319 -0.4548326872930193 0.8702246312013862
v -0.0921580000000000 0.1939380000000000 0.0992180000000000
vn -0.5559463062367024 0.2685237334883552 0.7866503093085526
v -0.2449510000000000 0.0359330000000000 -0.0252730000000000
vn 0.3809892751111409 0.1947875978574606 0.9038279504259688
v 0.1568500000000000 -0.0181740000000000 0.0418670000000000
vn -0.8329049910519249 0.3069365667095378 0.4604988815375715
v -0.0144870000000000 0.0927800000000000 0.0934990000000000
vn -0.7585105407718449 0.2731182066091253 0.5916656190422244
v -0.0209980000000000 0.0943700000000000 0.0814740000000000
vn 0.3387807393726782 0.0060618161039843 0.9408458242536994
v 0.1247490000000000 -0.2122660000000000 0.1249980000000000
vn 0.1144541858848886 0.2757256890128530 0.9543980216617253
v 0.0367260000000000 0.3960260000000000 0.0697990000000000
vn -0.6873586099615038 -0.0704248654567678 0.7228958982019370
v -0.0517740000000000 -0.1468210000000000 0.0848900000000000
vn -0.7088249927706710 -0.4438303092305841 0.5482533960058452
v -0.0513890000000000 -0.1346130000000000 0.0926160000000000
vn 0.1474813974111270 -0.1083259854801177 0.9831148042255404
v 0.0344540000000000 0.1850860000000000 0.0919990000000000
vn 0.7877940867066636 0.2427589141259450 0.5660817843407489
v 0.0706460000000000 0.0410760000000000 0.1738330000000000
vn -0.7931469841362310 0.2654497530066799 0.5481371089283174
v -0.0338530000000000 0.0302510000000000 0.0923020000000000
vn -0.7749432409575812 -0.4296737646608504 0.4635120594508111
v -0.0519300000000000 -0.1197890000000000 0.1081530000000000
vn 0.5969602790352491 -0.1429033288892105 0.7894409818640907
v 0.2424230000000000 0.1924550000000000 0.0219770000000000
vn -0.8058783720775337 0.1994812260137965 0.5574650570983769
v -0.0298130000000000 0.0244230000000000 0.1009000000000000
vn -0.3739390804398353 0.3608976297516317 0.8543549993764095
v -0.1771940000000000 0.4496050000000000 0.0392180000000000
vn -0.3559493364000029 0.4448817045353433 0.8218152705359795
v -0.1739710000000000 0.4768670000000000 0.0266840000000000
vn -0.5079925989828556 -0.1654777859757518 0.8453168765186265
v -0.0446570000000000 -0.2255550000000000 0.1197440000000000
vn -0.8332332775751576 0.1262664013054306 0.5383113421085757
v -0.0140960000000000 -0.0507900000000000 0.1524400000000000
vn -0.8369724033015081 0.1946015850275541 0.5114757269083855
v 0.0059550000000000 0.0693270000000000 0.1475050000000000
vn -0.7004879660167637 0.1676555617348458 0.6936917341911107
v 0.0231250000000000 -0.0066400000000000 0.1862850000000000
vn -0.6602740803587109 0.2404555342165003 0.7114908817905651
v 0.0264270000000000 -0.0240450000000000 0.1947670000000000
vn -0.7453268712650997 0.0577059934970003 0.6641971644660203
v 0.0201800000000000 -0.1049060000000000 0.2243190000000000
vn 0.6503206487025741 -0.0686135115504186 0.7565548492368440
v 0.2589530000000000 0.1878510000000000 0.0074410000000000
vn -0.8351755147517396 0.1787939738213855 0.5201101561057280
v -0.0188450000000000 -0.0714600000000000 0.1477700000000000
vn 0.7572047709121030 -0.1938629564622591 0.6237452116206278
v 0.1819190000000000 -0.2904950000000000 0.0429580000000000
vn 0.7720395481385856 -0.2503553082966367 0.5841893149636210
v 0.1876670000000000 -0.2983160000000000 0.0318890000000000
vn 0.2925251612592279 0.4287808973573852 0.8547373702440172
v 0.1072790000000000 0.4922800000000000 0.0202290000000000
vn -0.3377651907659174 0.1434424477982365 0.9302359593546755
v -0.0030580000000000 -0.3985460000000000 0.0926850000000000
vn -0.7389151875927783 0.2538874955595072 0.6241357906283299
v -0.0156630000000000 0.1161400000000000 0.0768690000000000
vn -0.9336721587851797 -0.2298548395258380 0.2746325775576768
v -0.3452990000000000 -0.0017660000000000 -0.1566340000000000
vn -0.7212956681152277 -0.6569995266217193 -0.2192810552169154
v -0.2060820000000000 -0.3976240000000000 -0.1694770000000000
vn -0.6378065217403017 -0.7107694979264130 0.2966640551920181
v -0.0662910000000000 -0.4751960000000000 0.0009200000000000
vn -0.4277829711318487 -0.4718698421748749 0.7709348751064946
v -0.1906080000000000 0.1065960000000000 0.0329280000000000
vn 0.3924314271320137 0.3372923676445670 0.8557052259556751
v 0.0629690000000000 0.0428760000000000 0.1797430000000000
vn -0.4301800564037455 -0.2829546679531804 0.8572524569553451
v -0.1798510000000000 -0.2272950000000000 0.0070390000000000
vn -0.3283996538764947 -0.1054559504984473 0.9386334267637539
v 0.0019680000000000 -0.4317790000000000 0.0956660000000000
vn -0.3955507809415786 0.0028118060092312 0.9184398039302705
v -0.0028420000000000 -0.4141250000000000 0.0939660000000000
vn 0.8403004445244519 0.1184318680431706 0.5290265168815393
v 0.3018970000000000 -0.0197470000000000 -0.0513540000000000
vn 0.6847273339971842 -0.0004606064780238 0.7287991945102443
v 0.2307670000000000 -0.3685140000000000 -0.0140110000000000
vn 0.7665169942570376 -0.1496187996612829 0.6245525696873510
v 0.2412370000000000 -0.3807500000000000 -0.0264670000000000
vn 0.0069174611748062 -0.7951527289980399 0.6063697603755192
v 0.0866000000000000 -0.4858090000000000 0.0530280000000000
vn 0.0292410737059864 -0.7911219930624741 0.6109590425727239
v 0.1102310000000000 -0.4865980000000000 0.0542240000000000
vn -0.0799581092460015 -0.8103363742817564 0.5804839888245856
v 0.0098890000000000 -0.4968030000000000 0.0530650000000000
vn 0.3877325089589698 -0.1667841900021344 0.9065575191137704
v 0.1319150000000000 -0.4362440000000000 0.0891860000000000
vn 0.5377226608475411 -0.1423750291604570 0.8310136527654641
v 0.2233230000000000 -0.1718750000000000 0.0243730000000000
vn 0.2124606839856101 -0.6047518498333269 0.7675517297769161
v 0.1271620000000000 -0.4658540000000000 0.0766850000000000
vn -0.9293423489321281 -0.3348405142828642 0.1555783676354201
v -0.3266020000000000 -0.0486630000000000 -0.1446910000000000
vn 0.6949343575735337 0.1206204371044560 0.7088842986105630
v 0.1706210000000000 -0.3624820000000000 0.0477850000000000
vn -0.8988913500763650 -0.3427766895289692 0.2729441002722912
v -0.2743270000000000 -0.2716820000000000 -0.1753270000000000
vn -0.9301389226140166 -0.3671695556214901 -0.0053011379112272
v -0.2463560000000000 -0.3385310000000000 -0.1802190000000000
vn -0.9029850614289723 -0.4218959977650376 0.0813741107844413
v -0.2536870000000000 -0.3235640000000000 -0.1923220000000000
vn -0.8164783245186782 -0.5768778409779717 -0.0239812881173258
v -0.2203170000000000 -0.3911770000000000 -0.1285690000000000
vn -0.5065981117549956 -0.2039142978895840 0.8377215004298689
v -0.1895040000000000 0.1388120000000000 0.0447600000000000
vn -0.7992240461136381 0.3287070497901590 0.5031824714077342
v -0.0288560000000000 -0.0789170000000000 0.1350750000000000
vn -0.9089941571654360 -0.2930291986751146 0.2964177979860841
v -0.3260680000000000 -0.0425150000000000 -0.1311040000000000
vn -0.0371908872203207 -0.8380072794197455 0.5443901519565558
v 0.0579550000000000 -0.1398460000000000 0.2255480000000000
vn 0.3948323636510064 -0.5107386335498043 0.7637103199600213
v 0.1603060000000000 -0.2614710000000000 0.0720920000000000
vn -0.6941579871546579 -0.4069046340557461 0.5937788373235889
v -0.0729640000000000 -0.4426960000000000 0.0312790000000000
vn -0.5413347997879242 -0.2979596433305556 0.7862421290447976
v -0.1622610000000000 -0.1841200000000000 0.0365670000000000
vn -0.3076826608076764 -0.3955699795669068 0.8653645309947395
v -0.1502730000000000 -0.1881790000000000 0.0416450000000000
vn 0.5563576152678265 -0.8301997202048166 0.0351372808472943
v 0.2292670000000000 -0.4518140000000000 -0.1324490000000000
vn 0.5796374351308160 -0.8044619014692722 0.1298518112288458
v 0.2178000000000000 -0.4571560000000000 -0.1020970000000000
vn 0.9784388837718516 -0.1781868072100258 0.1044356857572651
v 0.3100540000000000 -0.2795640000000000 -0.1823430000000000
vn 0.7435964091887300 0.1557039485513756 0.6502466152523498
v 0.1990410000000000 -0.3783180000000000 0.0189300000000000
vn -0.6771382682480017 0.1267885611351947 0.7248506235351972
v -0.2747540000000000 0.0601930000000000 -0.0529970000000000
vn 0.8685498314956435 0.1299964137116289 0.4782490173863448
v 0.3302680000000000 0.0893290000000000 -0.1603040000000000
vn 0.9344689494956526 0.2075144066572721 0.2893191204503630
v 0.3558500000000000 0.0418320000000000 -0.1889260000000000
vn 0.9199666026880217 0.0515832876960025 0.3885879750701647
v 0.3376040000000000 0.2829900000000000 -0.1509380000000000
vn 0.9085045246076754 0.0455123122190829 0.4153891647646269
v 0.3270350000000000 0.3109410000000000 -0.1326410000000000
vn 0.8948561794789618 0.0068546763728417 0.4463019509929793
v 0.3356650000000000 0.3634290000000000 -0.1520440000000000
vn 0.8133388788125302 0.2669621932104908 0.5169246130803029
v 0.3253270000000000 0.0750880000000000 -0.1464650000000000
vn 0.9357422470143939 0.0856639323931797 0.3421229864235807
v 0.3223820000000000 0.3050660000000000 -0.1200100000000000
vn 0.9076392793909264 0.2648982992563298 0.3256068634992569
v 0.3473330000000000 0.0334250000000000 -0.1535830000000000
vn 0.6957182601090661 0.0110082301009380 0.7182304097021086
v 0.1611700000000000 -0.4173890000000000 0.0700400000000000
vn 0.9414363369443393 0.0953191431939157 0.3234376051444889
v 0.3165240000000000 0.2972870000000000 -0.0976890000000000
vn 0.7005052733714955 0.0083691038823921 0.7135981502771236
v 0.1600440000000000 -0.2946390000000000 0.0710120000000000
vn 0.6152168585765068 -0.2279842274965575 0.7546730477074508
v 0.1521270000000000 -0.3101490000000000 0.0757540000000000
vn 0.8625423063470541 -0.3266833056310054 0.3863920128360624
v 0.3010860000000000 0.1020470000000000 -0.1007890000000000
vn -0.1480558945802266 -0.4526127652691696 0.8793299362556949
v -0.1850280000000000 0.1806540000000000 0.0655300000000000
vn 0.8499027017143582 0.1682941881913011 0.4993420309163503
v 0.3267370000000000 0.0016770000000000 -0.0985080000000000
vn 0.8648084868169578 0.0940681039534026 0.4932113876908921
v 0.3007490000000000 0.3158910000000000 -0.0680890000000000
vn -0.4054994238066547 0.0879757381891920 0.9098519037637597
v -0.1698030000000000 0.3622000000000000 0.0619820000000000
vn 0.9874582020356952 -0.1542892570126017 0.0334831958291263
v 0.3275260000000000 -0.1894920000000000 -0.1991770000000000
vn 0.9801848871138656 -0.1750399513903930 0.0927286497843423
v 0.3202560000000000 -0.2296410000000000 -0.1929690000000000
vn 0.9604263772756153 -0.1536786598198777 0.2323016214949944
v 0.3091140000000000 -0.2400150000000000 -0.1501460000000000
vn 0.9061012461741963 0.0961040164165849 0.4120006671234519
v 0.3018680000000000 0.2309290000000000 -0.0508500000000000
vn 0.2048195583651790 0.4273073389754884 0.8806005828801046
v 0.0905700000000000 0.4978140000000000 0.0223880000000000
vn 0.8880185189153891 0.0001485701561339 0.4598076641273255
v 0.3223510000000000 -0.0322800000000000 -0.0876440000000000
vn 0.8305912323949536 -0.3801219212494688 0.4069711656300048
v 0.3035970000000000 0.1171530000000000 -0.0874110000000000
vn 0.8704288274822559 -0.1809465924102530 0.4578340168477904
v 0.2774490000000000 0.0776000000000000 -0.0740360000000000
vn -0.7330691850095156 -0.2332445886130887 0.6389104255466455
v -0.2756860000000000 0.0866130000000000 -0.0515180000000000
vn -0.6605313890124564 -0.2970814802938703 0.6895222100815011
v -0.2539660000000000 0.0830240000000000 -0.0305460000000000
vn 0.8192786297464946 -0.3376974624423447 0.4634036584886954
v 0.2822710000000000 0.1160960000000000 -0.0545170000000000
vn 0.8417169666200708 -0.1853213407261347 0.5071178844956807
v 0.2954540000000000 -0.1185380000000000 -0.0618740000000000
vn 0.7879297776304605 -0.1381484297316610 0.6000680602114142
v 0.2902180000000000 -0.0637600000000000 -0.0389980000000000
vn 0.9358298646006858 -0.2064881507502647 0.2856310699507283
v 0.2898340000000000 -0.3418050000000000 -0.0966450000000000
vn 0.6405364984903066 -0.1492695006011049 0.7532805654549136
v 0.2395330000000000 0.0830500000000000 -0.0206350000000000
vn 0.8474427691620664 -0.0061013422527145 0.5308516992698090
v 0.2616910000000000 -0.1698690000000000 -0.0256520000000000
vn 0.8159171058566870 -0.0434034013735157 0.5765374412123269
v 0.2599920000000000 -0.2184400000000000 -0.0261280000000000
vn 0.8940751130346855 0.0587983901669790 0.4440410359029738
v 0.2373380000000000 -0.2548480000000000 -0.0064690000000000
vn -0.6229724224775879 -0.4162423612818864 0.6623048070993334
v -0.2547340000000000 0.1074840000000000 -0.0174190000000000
vn 0.7331210126887568 -0.2090723325006267 0.6471648480387042
v 0.1950920000000000 -0.3183170000000000 0.0131890000000000
vn 0.6669055401645747 0.5498764925006354 0.5028646373458722
v 0.1580630000000000 -0.1710870000000000 0.0757980000000000
vn 0.7616072727453487 -0.0657406525869669 0.6446956868933060
v 0.0735200000000000 0.1339420000000000 0.0578590000000000
vn 0.8330931387507348 -0.3049999594127935 0.4614443053334206
v 0.1765990000000000 -0.4453460000000000 0.0450130000000000
vn 0.7120168356859222 0.5603080408374222 0.4231866314910433
v 0.0666180000000000 0.0907140000000000 0.1400470000000000
vn 0.9517755525045388 0.2391272581774309 0.1922015922182335
v 0.1031510000000000 -0.0875450000000000 0.1913530000000000
vn 0.9496527278667366 0.0986089955210836 0.2973818462139019
v 0.3514780000000000 0.0153670000000000 -0.1541940000000000
vn 0.9168776241960925 -0.1673771334660024 0.3623814529487301
v 0.3115060000000000 -0.1398440000000000 -0.1055970000000000
vn 0.1197571354149244 -0.5152387712573875 0.8486384607772552
v 0.0240080000000000 -0.3205430000000000 0.1020740000000000
vn 0.5916362655941306 -0.4201057765444977 0.6880971339482355
v 0.1927780000000000 -0.2885230000000000 0.0317910000000000
vn 0.9358970546628990 -0.1173820733056556 0.3321417648230593
v 0.3322920000000000 0.1904100000000000 -0.1389950000000000
vn 0.0713310995777873 -0.7588414436413008 0.6473573492634576
v 0.0288540000000000 -0.4825600000000000 0.0719340000000000
vn 0.0697579562807231 -0.5993488283723237 0.7974426684497510
v 0.0472230000000000 -0.2532170000000000 0.1153800000000000
vn -0.0311864724827521 -0.4728105727382798 0.8806120407086099
v 0.0190030000000000 -0.4589150000000000 0.0922810000000000
vn -0.2828794323245233 -0.3136622440657846 0.9064189006278343
v 0.0059370000000000 -0.4501160000000000 0.0933170000000000
vn 0.1435709735301403 -0.0959507909493108 0.9849775739963876
v 0.1151100000000000 -0.4278410000000000 0.0952090000000000
vn 0.0713584879073842 -0.1898584416231882 0.9792148581123482
v -0.0014630000000000 0.1796560000000000 0.0928650000000000
vn 0.0356641739849997 -0.1642838475549692 0.9857681695644790
v -0.0318590000000000 0.2250810000000000 0.1063150000000000
vn -0.0076845720066185 -0.1524620169621287 0.9882794547783105
v -0.0495760000000000 0.2171780000000000 0.1044160000000000
vn 0.0123460132353761 -0.4898270093704660 0.8717322277215506
v 0.1510410000000000 0.1292880000000000 0.0253490000000000
vn 0.4390505659220623 0.4424892342504145 0.7819449329307011
v 0.1789900000000000 0.4984340000000000 -0.0105800000000000
vn 0.5276935357521441 0.0078894063056965 0.8493981926008229
v 0.2152060000000000 0.2097180000000000 0.0435450000000000
vn 0.4474356835161793 0.0871428878744043 0.8900603497568681
v 0.1865880000000000 0.2149630000000000 0.0566220000000000
vn 0.4418996534696747 0.2293017722603261 0.8672631627722089
v 0.1838290000000000 0.2341410000000000 0.0519280000000000
vn 0.3760652337245770 -0.0375796876270698 0.9258308198918046
v 0.1585440000000000 -0.1337630000000000 0.0525710000000000
vn 0.2813539293636586 -0.1415610125007646 0.9491050764648705
v 0.1746850000000000 -0.1365200000000000 0.0483540000000000
vn 0.1623554442495284 0.1884933538512524 0.9685612862779748
v 0.0909280000000000 0.2710500000000000 0.0912950000000000
vn 0.3972800112528640 0.4016936459017381 0.8251126029222273
v 0.1091570000000000 -0.1506880000000000 0.0998430000000000
vn 0.4455991872799911 0.0880075359430092 0.8908961992918430
v 0.1038970000000000 -0.1426630000000000 0.0997220000000000
vn 0.5406141780651159 0.1762576972154192 0.8225992551949562
v 0.2257650000000000 0.2786690000000000 0.0131880000000000
vn -0.3127951763831893 -0.2560926390698806 0.9146451431269034
v -0.1939920000000000 0.1922390000000000 0.0680210000000000
vn 0.8238895403581995 0.0399707091179503 0.5653391616551635
v 0.3045690000000000 0.0790200000000000 -0.1193370000000000
vn 0.9851067977144343 -0.1437659370233531 0.0943183569015585
v 0.3050090000000000 -0.3049870000000000 -0.1775230000000000
vn 0.9819649047074964 -0.1842616143869421 -0.0423389110194783
v 0.3167950000000000 -0.2475020000000000 -0.2340390000000000
vn 0.9855000192181366 -0.1696029121567600 -0.0049562394008701
v 0.3258980000000000 -0.1980930000000000 -0.2249770000000000
vn 0.9861576854587554 -0.1654277177381075 -0.0112556481195726
v 0.3229200000000000 -0.2146150000000000 -0.2307090000000000
vn -0.6735664173511406 0.0314169933738099 0.7384587015833038
v -0.2187210000000000 0.0278760000000000 -0.0008970000000000
vn 0.9837223734778813 -0.1790009710686662 0.0157779680414907
v 0.3324240000000000 -0.1551470000000000 -0.2173310000000000
vn 0.9334730554146153 -0.0440435634566504 0.3559328859952988
v 0.2915300000000000 -0.2231000000000000 -0.0878150000000000
vn 0.9431842119855358 0.0144814183706838 0.3319545613230782
v 0.2933700000000000 -0.2516410000000000 -0.0912460000000000
vn 0.7882650950741398 -0.6138362335407342 0.0429327180630642
v 0.2594590000000000 -0.4275440000000000 -0.1302960000000000
vn 0.9664237832290636 -0.1470485660779272 0.2107173235015323
v 0.3235030000000000 -0.1809130000000000 -0.1635680000000000
vn 0.9487886619156715 -0.0259662543518858 0.3148425458148930
v 0.3187060000000000 0.2146900000000000 -0.0984480000000000
vn 0.9563516882120808 -0.0661891663859413 0.2846233347900996
v 0.3148550000000000 0.1779690000000000 -0.0835230000000000
vn 0.6672938092647528 0.0888072437647277 0.7394810650529519
v 0.2583430000000000 0.3352900000000000 -0.0202800000000000
vn 0.7283625660377353 -0.0821970842882455 0.6802437884534022
v 0.2426380000000000 -0.3451750000000000 -0.0242680000000000
vn 0.0944761433582735 -0.2525540583796223 0.9629593480163788
v 0.1368360000000000 0.1088120000000000 0.0135870000000000
vn 0.9410341720794935 -0.1015262110054890 0.3227183221596369
v 0.3363970000000000 0.1599300000000000 -0.1622470000000000
vn -0.6743817859926025 0.1842386181719133 0.7150282080418446
v -0.2607430000000000 0.3849550000000000 0.0046830000000000
vn -0.5417053921238403 -0.7773176940216345 0.3198944680747776
v -0.0872140000000000 -0.4716120000000000 -0.0306450000000000
vn -0.6067686225949931 -0.7090553680358773 0.3592663687205934
v -0.0842660000000000 -0.4661530000000000 -0.0134100000000000
vn -0.3218828814261250 -0.4571485276596135 0.8290998940438136
v -0.1192970000000000 0.2019560000000000 0.0936670000000000
vn -0.2209955620333483 0.0793118094549388 0.9720445455032131
v 0.0039920000000000 -0.2025340000000000 0.1371310000000000
vn -0.7824360829203849 -0.1743449946244090 0.5978273989987574
v -0.2345600000000000 -0.1816770000000000 -0.0402340000000000
vn -0.7681841447404465 -0.2824416677243317 0.5745605486826318
v -0.2700770000000000 -0.1081470000000000 -0.0590230000000000
vn -0.8131240905315963 -0.2630838633809346 0.5192456973588958
v -0.2637980000000000 -0.1411050000000000 -0.0673120000000000
vn -0.7861148992965091 -0.2176995328388834 0.5784723662421321
v -0.2482570000000000 -0.1552410000000000 -0.0510930000000000
vn 0.1184660237475995 -0.7279532988396989 0.6753145903398158
v 0.0675210000000000 -0.4751560000000000 0.0684220000000000
vn -0.7641809527331122 -0.3110503129372406 0.5650444002921873
v -0.2776610000000000 0.1071580000000000 -0.0431540000000000
vn 0.6100361906148042 0.2644373871656459 0.7469462593849604
v 0.1421570000000000 -0.0431140000000000 0.0611500000000000
vn 0.5167463863490136 0.2554945692596052 0.8171264879283285
v 0.1593170000000000 -0.0596840000000000 0.0552790000000000
vn 0.5848389880725221 0.3851288913545742 0.7138901141452406
v 0.1127350000000000 0.0656070000000000 0.0295220000000000
vn -0.7344405146806916 0.0725182584381300 0.6747875462607926
v -0.2822790000000000 0.0068310000000000 -0.0408400000000000
vn -0.4863963994238726 0.1139219149913146 0.8662795968463094
v -0.2241830000000000 0.3100220000000000 0.0398220000000000
vn -0.6838337393196647 0.2567052388345679 0.6829888998534107
v -0.2787840000000000 0.4333080000000000 -0.0280040000000000
vn -0.7257185032954229 -0.0691618501021220 0.6845066051289082
v -0.1583350000000000 -0.2778950000000000 0.0060880000000000
vn -0.8673512806605603 0.0233107299587639 0.4971502447000055
v -0.0448160000000000 -0.1014810000000000 0.1302680000000000
vn -0.6557773753685525 0.3431801191372322 0.6724458638311992
v -0.0493420000000000 0.0459600000000000 0.0630190000000000
vn -0.6316565757621180 0.2766230543547574 0.7242165809313680
v -0.2634900000000000 0.4311920000000000 -0.0130510000000000
vn -0.5366690243832491 -0.0452058275543062 0.8425810295886456
v -0.0487910000000000 -0.3649840000000000 0.0650290000000000
vn -0.5312228352434937 -0.2087476650812001 0.8211130930870675
v -0.0424630000000000 -0.3534510000000000 0.0711580000000000
vn -0.8395527589898539 -0.1327000375858252 0.5268224225460082
v -0.3056300000000000 0.1617850000000000 -0.0705050000000000
vn -0.1384207869444472 0.2329575518190135 0.9625853026055258
v -0.0858460000000000 0.0401860000000000 0.0506070000000000
vn -0.0702962895232852 0.1017741563111327 0.9923207408829141
v 0.0219220000000000 0.1464260000000000 0.0908110000000000
vn -0.5729811673704307 0.3289530472509387 0.7506546972764109
v 0.0268840000000000 -0.0793390000000000 0.2212140000000000
vn 0.3924676172266826 0.2805120964655203 0.8759464214008347
v 0.1551500000000000 0.4185240000000000 0.0327790000000000
vn 0.3751692876398060 -0.1845183079852933 0.9084057461454573
v 0.1240010000000000 0.2246790000000000 0.0833410000000000
vn 0.4804504234438874 -0.4894093982759795 0.7277677043478454
v 0.1785250000000000 -0.2435310000000000 0.0792350000000000
vn 0.6556506034181662 -0.0230835257665490 0.7547114926086522
v 0.1736300000000000 -0.2179820000000000 0.0898180000000000
vn 0.6358575865534623 -0.2067349595798293 0.7436032450910450
v 0.1821280000000000 -0.2356660000000000 0.0801850000000000
vn 0.5726839523291531 0.0160099530468145 0.8196198949196505
v 0.1478060000000000 -0.4198550000000000 0.0820060000000000
vn 0.3671198823735049 -0.6363137570696519 0.6784746086110873
v 0.1344690000000000 -0.2559420000000000 0.0907440000000000
vn 0.3877497776121017 -0.4835466144856558 0.7847501395866243
v 0.1156440000000000 -0.2638350000000000 0.0933570000000000
vn -0.7047909224533815 -0.5551714898208183 0.4416496037782041
v -0.0042830000000000 -0.1081280000000000 0.1742880000000000
vn 0.4784914860672318 0.1682806988700284 0.8618163981666785
v 0.2024350000000000 0.3814010000000000 0.0204560000000000
vn 0.4407736289807384 0.2530760106709589 0.8612033098043824
v 0.1832640000000000 0.4021680000000000 0.0256090000000000
vn 0.7434775048563943 0.1887339038953673 0.6415767399874504
v 0.2926440000000000 -0.0177050000000000 -0.0388620000000000
vn 0.8276796761287657 -0.4577298126590736 0.3246995108195742
v 0.2525340000000000 -0.4098020000000000 -0.0617210000000000
vn 0.8810549318163597 -0.3212510217323475 0.3471886924397057
v 0.2759680000000000 -0.3787600000000000 -0.0899630000000000
vn 0.9515623094738027 -0.2186150414159822 0.2161865741797375
v 0.3351760000000000 -0.1102810000000000 -0.1580670000000000
vn 0.9030135886391980 0.0306108495641105 0.4285200515984298
v 0.3236730000000000 0.3618350000000000 -0.1279750000000000
vn 0.9840403825397079 -0.1687855815125409 -0.0563555942616060
v 0.3081720000000000 -0.2947830000000000 -0.2347430000000000
vn 0.9231494986630524 0.2903376450342570 0.2519901882893797
v 0.1157720000000000 -0.0606870000000000 0.1139580000000000
vn 0.5280585604764774 0.2398591098303502 0.8146298325858823
v 0.2030160000000000 0.2596890000000000 0.0316040000000000
vn -0.9398911022105580 -0.2221846630174648 0.2593042450582675
v -0.2589950000000000 -0.2776940000000000 -0.1383790000000000
vn 0.5817576750036368 0.1210521073667619 0.8043036708087491
v 0.1970170000000000 0.2792750000000000 0.0319560000000000
vn -0.9306772422861466 -0.2060180647392007 0.3023184210261891
v -0.2603940000000000 -0.2433190000000000 -0.1191740000000000
vn -0.8505045837096207 -0.1055835195180881 0.5152611701798403
v -0.2365580000000000 -0.2487480000000000 -0.0618700000000000
vn -0.8068967948232667 0.1814971714165870 0.5621177272348887
v -0.3056520000000000 0.0564560000000000 -0.0837910000000000
vn -0.7268757051607757 0.2834483686269298 0.6255467461107580
v -0.0470420000000000 0.0110280000000000 0.0845800000000000
vn 0.8175430033425013 0.1155016428540062 0.5641655857846599
v 0.2913440000000000 0.3762830000000000 -0.0632040000000000
vn 0.7410385531519249 -0.0090537929452383 0.6714014384671859
v 0.2336380000000000 -0.1622520000000000 0.0167040000000000
vn 0.9423011777787172 -0.3336865732449777 -0.0268656135769544
v 0.1054300000000000 -0.1105420000000000 0.1797940000000000
vn 0.7327268108302816 0.1220494061449888 0.6694888820213075
v 0.2686670000000000 0.3797900000000000 -0.0374280000000000
vn -0.3810533188360363 0.2300892460920433 0.8954648552773230
v -0.0944620000000000 -0.0185850000000000 0.0608790000000000
vn 0.6270222052093477 0.2119539043594380 0.7496123642264692
v 0.2391820000000000 0.4205530000000000 -0.0139410000000000
vn 0.7498978636173500 0.1509154982504529 0.6441100112014655
v 0.1808140000000000 -0.3663430000000000 0.0376790000000000
vn -0.2414435310694715 0.1801501195768765 0.9535465147129123
v -0.0014980000000000 -0.3728600000000000 0.0874400000000000
vn 0.9364938791721816 0.0142346802779797 0.3503949031456122
v 0.3420080000000000 0.2690260000000000 -0.1616020000000000
vn 0.7223458210742529 0.1315726914937293 0.6788999496462342
v 0.2747110000000000 0.2877890000000000 -0.0275820000000000
vn 0.0272478476567190 -0.9956778557047992 -0.0887871750714556
v 0.0554890000000000 -0.1479670000000000 0.1863590000000000
vn -0.7736646634199306 -0.6240641456130483 0.1094848424923811
v 0.0152370000000000 -0.1286060000000000 0.1924080000000000
vn 0.0477423148357845 0.2285775114594521 0.9723543554842159
v 0.0312200000000000 0.3286340000000000 0.0830340000000000
vn 0.1971250152445682 -0.9709425263205013 -0.1356920740028373
v 0.0673540000000000 -0.1462450000000000 0.1833860000000000
vn -0.8429988113036141 -0.4522464329458550 0.2912493227948242
v 0.0031360000000000 -0.1143500000000000 0.1842780000000000
vn 0.5166096063133786 -0.3974533776908821 0.7583833642867207
v 0.0672250000000000 0.1564710000000000 0.0753440000000000
vn 0.3533518023942396 -0.4016878741548410 0.8448605538795778
v 0.0674430000000000 0.1684100000000000 0.0814360000000000
vn 0.2952180797107914 -0.5444435419446715 0.7851289798794931
v 0.0993350000000000 0.1738240000000000 0.0744020000000000
vn -0.3441055759367359 -0.8065032226557025 0.4807742759915651
v -0.0608840000000000 0.1720100000000000 0.0790990000000000
vn -0.8330268565833628 -0.1652582259267971 0.5279734604829763
v -0.2386320000000000 -0.2254130000000000 -0.0601270000000000
vn -0.2409109205628423 -0.8753244819523825 0.4192481122776310
v -0.0839260000000000 0.1761590000000000 0.0630930000000000
vn -0.2424289563864860 -0.8657978007404471 0.4377469238479743
v -0.0823460000000000 0.1811200000000000 0.0852230000000000
vn -0.1985401010508777 0.4505384619756888 0.8704004380486535
v -0.1211300000000000 0.4880120000000000 0.0374160000000000
vn 0.8996038523368048 0.0753098722157239 0.4301643081517008
v 0.3182910000000000 0.3849730000000000 -0.1200310000000000
vn -0.2889400847911731 -0.4002541323436893 0.8696610011623322
v -0.1449860000000000 0.2037710000000000 0.0845560000000000
vn 0.7963506040415326 0.1231533486670005 0.5921646461540830
v 0.2844350000000000 0.2811970000000000 -0.0382110000000000
vn -0.0547931262247418 0.4344417106410171 0.8990317643853449
v -0.0770770000000000 0.4868310000000000 0.0439900000000000
vn -0.0221941598572480 0.5461986116956646 0.8373616278824577
v 0.0427690000000000 0.0774250000000000 0.1651610000000000
vn -0.1159688212033562 0.4299340836547493 0.8953814361603970
v -0.1020570000000000 0.4806970000000000 0.0449770000000000
vn 0.1421384055768401 0.0539241478613183 0.9883768815272364
v -0.0305960000000000 0.2509510000000000 0.1084190000000000
vn 0.1497434838880539 0.2438585537907347 0.9581805126259664
v -0.0307220000000000 0.2692170000000000 0.1045440000000000
vn -0.8870665328382418 0.0230326111748441 0.4610666601922211
v -0.3415260000000000 0.0662620000000000 -0.1502310000000000
vn -0.7299424155153661 0.0697014805737088 0.6799454196017688
v -0.1388810000000000 -0.2215080000000000 0.0326100000000000
vn 0.0814483332599547 0.1872040377498844 0.9789386177178399
v 0.0345100000000000 0.3769170000000000 0.0750670000000000
vn 0.3552433485845192 0.2569570994484336 0.8987631569715714
v 0.1279180000000000 0.3226500000000000 0.0650900000000000
vn 0.1715976292352781 -0.4190752578777607 0.8915885720866551
v 0.0411440000000000 -0.3156200000000000 0.1019380000000000
vn -0.2583974286546186 -0.2754452487300516 0.9259377321487237
v -0.0079420000000000 -0.3115760000000000 0.1039280000000000
vn -0.8273982750324163 0.2005651190866394 0.5245814783988698
v -0.0120080000000000 -0.0326470000000000 0.1494940000000000
vn -0.0761777249721945 -0.2822653186376085 0.9563070867208242
v -0.0039820000000000 0.1630770000000000 0.0889120000000000
vn -0.0666658888867183 -0.3005285407785561 0.9514400955585461
v 0.0076100000000000 -0.3110830000000000 0.1076250000000000
vn 0.2968113755949174 0.6007008194502018 0.7423351890011066
v 0.0521780000000000 0.0782230000000000 0.1634070000000000
vn 0.3715775470234766 0.6688893108733256 0.6438301145080303
v 0.0545450000000000 0.0904250000000000 0.1519650000000000
vn -0.6017095323137277 0.0420180064934043 0.7976090056243820
v -0.1551240000000000 -0.1190910000000000 0.0464510000000000
vn -0.2377280214123881 0.3830876417453983 0.8925969115884842
v 0.0399020000000000 -0.0471560000000000 0.2142020000000000
vn -0.4738536705184826 -0.0013209198179405 0.8806026085056733
v -0.0035960000000000 0.1391930000000000 0.0838080000000000
vn -0.6190912891118766 0.3210475156873314 0.7166969153113382
v -0.0042750000000000 0.1213760000000000 0.0870350000000000
vn -0.6393393528654966 0.2677534528969334 0.7208004441863903
v -0.0636910000000000 -0.0158540000000000 0.0787060000000000
vn -0.5134921719850899 0.2555897076233615 0.8191457078365482
v -0.0787880000000000 -0.0199150000000000 0.0689530000000000
vn -0.3467208163337006 -0.3253339791301314 0.8797400056518104
v -0.0098180000000000 0.1491550000000000 0.0826900000000000
vn -0.6353291153138716 -0.7185049256355932 0.2830328374444985
v -0.0446060000000000 -0.4872530000000000 0.0221610000000000
vn -0.7977360954266772 -0.1856238912764547 0.5737254509264742
v -0.2898050000000000 0.1000710000000000 -0.0652780000000000
vn -0.8403601493567484 -0.0573369525480732 0.5389872848644980
v -0.2725690000000000 0.1993480000000000 -0.0045180000000000
vn -0.7281352841038756 0.2403171656387615 0.6419241917409877
v -0.0230830000000000 -0.0847980000000000 0.1481060000000000
vn 0.1810541907716686 -0.5470755203402261 0.8172684718306996
v -0.1044350000000000 0.1266340000000000 0.0496260000000000
vn 0.0973820025885400 -0.5658656432343132 0.8187263397368272
v -0.1317350000000000 0.1120490000000000 0.0406220000000000
vn -0.5715890090630106 -0.6130580319959891 0.5453859680295877
v 0.0191870000000000 -0.1345770000000000 0.1320400000000000
vn 0.5823166669900141 -0.3689947420712604 0.7243964243902680
v 0.2226390000000000 -0.2888630000000000 0.0135390000000000
vn -0.1980214207127375 -0.7390113739954515 0.6439329981017157
v -0.0156910000000000 -0.1241640000000000 0.1188730000000000
vn 0.8442023751869340 -0.0405360488800528 0.5344896429959455
v 0.2485530000000000 -0.2920410000000000 -0.0213770000000000
vn -0.3844045313533602 -0.6835372000116177 0.6204917827620938
v -0.0417990000000000 -0.1276360000000000 0.1094480000000000
vn 0.5514893840478293 -0.3931822099445346 0.7357086441422841
v 0.1407510000000000 -0.2330390000000000 0.1128670000000000
vn -0.0239175350661382 0.0960805402566213 0.9950861677766182
v 0.0910550000000000 -0.2087370000000000 0.1319160000000000
vn 0.1256502356864080 0.1530822172145864 0.9801927632076336
v 0.0355090000000000 -0.1668340000000000 0.1221960000000000
vn 0.2919886561881649 -0.2659587879066302 0.9186993783565250
v 0.0709130000000000 -0.1543320000000000 0.1158410000000000
vn 0.0595894080168411 -0.6750147944183045 0.7353938603011428
v 0.0473290000000000 -0.1476320000000000 0.1257730000000000
vn 0.0784726387062722 -0.2745067544600532 0.9583778413184870
v 0.0445320000000000 -0.1558370000000000 0.1212010000000000
vn -0.8537440602072475 0.0194613329450280 0.5203290652854660
v -0.0045250000000000 -0.0961120000000000 0.1761170000000000
vn -0.5108939994147277 0.3126338019230440 0.8007792625044478
v -0.0446940000000000 -0.1635310000000000 0.0936310000000000
vn -0.8694759001908028 -0.2842070648437711 0.4040272308648038
v -0.0609650000000000 -0.1214530000000000 0.0834430000000000
vn 0.6536696783182234 0.4406464955099349 0.6152614221956090
v 0.3095690000000000 0.0227210000000000 -0.0861440000000000
vn 0.7294497944328695 0.4162762651863460 0.5427863930169505
v 0.3295380000000000 0.0344910000000000 -0.1191370000000000
vn 0.7282756270099942 0.3707382066508065 0.5763399979461288
v 0.3153170000000000 0.0175930000000000 -0.0890490000000000
vn -0.4998838202207773 -0.7098347997662275 0.4962365598404870
v -0.0403520000000000 -0.1187260000000000 0.1245240000000000
vn -0.4202546255980732 -0.9006078534673366 0.1108672356306377
v 0.0002020000000000 -0.1157500000000000 0.1670320000000000
vn 0.6910534169539866 0.4595521520703316 0.5579041086456942
v 0.2864700000000000 0.0171280000000000 -0.0549160000000000
vn 0.6849674700891071 0.4048457786893666 0.6057387724069911
v 0.2883680000000000 0.0019970000000000 -0.0439520000000000
vn -0.6623595402362664 -0.4660825552903377 0.5865551049236816
v -0.0395810000000000 -0.1101570000000000 0.1354370000000000
vn 0.7595447607443873 0.1236398487742137 0.6385960728197764
v 0.2777880000000000 0.2185020000000000 -0.0152150000000000
vn 0.6664128704859461 0.1295286007792992 0.7342453456650838
v 0.2645330000000000 0.2183780000000000 -0.0020000000000000
vn 0.3248833782389305 -0.9287481704889903 -0.1785430658340262
v 0.0641430000000000 -0.1398700000000000 0.1567590000000000
vn -0.8389327164646014 0.0604709751339110 0.5408651943060107
v -0.3434410000000000 0.3382010000000000 -0.1061690000000000
vn 0.7359062787156974 0.1594677741679398 0.6580364563979243
v 0.1979740000000000 -0.3471450000000000 0.0083250000000000
vn 0.7479553614119813 -0.0036951697376506 0.6637387460858996
v 0.1966210000000000 -0.3358660000000000 0.0086570000000000
vn -0.3045560818972938 -0.8489283690410584 0.4319331166010050
v 0.0418880000000000 -0.1407130000000000 0.2192900000000000
vn -0.6103657541459024 -0.6730622500873288 0.4176611708948845
v 0.0249930000000000 -0.1319970000000000 0.2170800000000000
vn -0.6208761734857559 -0.2868038775489388 0.7295589852921962
v 0.0263740000000000 -0.1228960000000000 0.2274510000000000
vn 0.5171954193749038 0.4458662925980350 0.7305560534979508
v 0.1212880000000000 -0.1554690000000000 0.0959440000000000
vn 0.6040045981434633 -0.7759664699648213 -0.1818089186808155
v 0.0778660000000000 -0.1301540000000000 0.1511660000000000
vn 0.4356636032021354 -0.0573862846061625 0.8982783751065329
v 0.1339760000000000 0.2413290000000000 0.0810110000000000
vn 0.2751515908937711 0.0576555810043901 0.9596704830345013
v 0.1062190000000000 0.2495240000000000 0.0914730000000000
vn 0.2314552645976478 0.1420071803423909 0.9624252808510573
v 0.1157340000000000 -0.4081930000000000 0.0950570000000000
vn 0.0206572076847051 -0.0512095055311101 0.9984742692297734
v 0.0613620000000000 0.2341110000000000 0.0942300000000000
vn 0.6814610091438474 0.1969319032041004 0.7048607795281704
v 0.1407250000000000 -0.0847680000000000 0.0676170000000000
vn 0.5584786624741721 0.0162482551122409 0.8293597396587727
v 0.1480480000000000 -0.0936370000000000 0.0635930000000000
vn 0.3702698560087477 -0.1501550634142464 0.9167080727594390
v 0.1550000000000000 -0.1097960000000000 0.0587650000000000
vn -0.7424330911180644 0.1667786455308324 0.6488281657016569
v -0.2882060000000000 0.4153670000000000 -0.0326700000000000
vn -0.2594612995558922 -0.4375047046683961 0.8609700734786240
v -0.0898720000000000 -0.2744350000000000 0.0620150000000000
vn 0.1071235878103671 -0.1428161233288095 0.9839350038757462
v 0.0544280000000000 0.2013150000000000 0.0910400000000000
vn 0.0593200452009493 -0.1300236458505994 0.9897348047618996
v 0.0340190000000000 -0.4337410000000000 0.0991060000000000
vn 0.0979645647869506 -0.1094966643628047 0.9891478274451816
v 0.0330690000000000 0.2076060000000000 0.0954100000000000
vn 0.0998607399567727 -0.0389720789855390 0.9942379039620400
v 0.0191170000000000 0.2286540000000000 0.0975830000000000
vn 0.1673910440887347 -0.0007832410191292 0.9858902702088044
v 0.0057580000000000 0.2422440000000000 0.0993810000000000
vn 0.5248911473134283 -0.8168208356037883 0.2393595746894659
v 0.1079850000000000 -0.1088670000000000 0.1427300000000000
vn 0.3883418027792939 -0.8268999747607114 0.4067272746630877
v 0.1163330000000000 -0.1110770000000000 0.1294960000000000
vn -0.0216431194634171 0.0840821559073479 0.9962237531989813
v -0.0643650000000000 0.2611130000000000 0.1098070000000000
vn 0.4469328123712574 0.3303404612474414 0.8313400272384015
v 0.1993210000000000 0.4524610000000000 0.0011800000000000
vn 0.7346546347355691 0.0974652206253482 0.6714038266423566
v 0.2742090000000000 0.3387110000000000 -0.0365280000000000
vn -0.6207649853561492 -0.3779041830452692 0.6869055694872966
v -0.1147240000000000 -0.4118790000000000 0.0069590000000000
vn 0.8301423167737236 -0.3744151192188905 0.4131307933353052
v 0.1138020000000000 -0.1009370000000000 0.1463560000000000
vn 0.5056020708701525 0.1057409731601237 0.8562624553996065
v 0.1848110000000000 0.3215570000000000 0.0361190000000000
vn 0.6300090483727041 -0.6175644963414246 0.4708531531455242
v 0.0914900000000000 -0.1226980000000000 0.1154610000000000
vn 0.3823286901997163 0.3085980944066354 0.8709718645161637
v 0.1502380000000000 0.4511600000000000 0.0237970000000000
vn 0.5153646584900003 -0.8471464849359557 0.1293912742040195
v 0.0928220000000000 -0.1161520000000000 0.1309730000000000
vn 0.5495568118285667 -0.2629090652215726 0.7930108032032981
v 0.0949900000000000 -0.1324350000000000 0.1052310000000000
vn 0.2176472636503272 -0.8766250488621751 0.4291365660636651
v 0.1030530000000000 -0.1165170000000000 0.1147310000000000
vn 0.5026818648297263 0.2791871692071969 0.8181475828488285
v 0.1521720000000000 -0.0296090000000000 0.0472490000000000
vn 0.2987450564831897 -0.6474648227151701 0.7010996324155856
v 0.1012080000000000 -0.1222680000000000 0.1072020000000000
vn 0.2694776084941317 -0.4505694986691771 0.8510986695967101
v 0.1122840000000000 -0.1315750000000000 0.0984710000000000
vn -0.5812926102631002 -0.6952879476493267 0.4226979667648030
v -0.1534980000000000 -0.4382610000000000 -0.0600780000000000
vn -0.6240605120789815 -0.1105700803018992 0.7735132413900560
v -0.2437750000000000 -0.0400870000000000 -0.0051250000000000
vn 0.7426596209377262 -0.0185997926478588 0.6694107372473863
v 0.2858180000000000 -0.0405080000000000 -0.0285280000000000
vn 0.6484994949785210 0.1246428149017055 0.7509411253260687
v 0.2541970000000000 0.2018040000000000 0.0097530000000000
vn 0.6921352746765945 0.0673918267603932 0.7186147112564925
v 0.2430740000000000 0.3732800000000000 -0.0089850000000000
vn 0.7343196627227709 -0.6580774432121118 -0.1664593394019264
v 0.0998640000000000 -0.1168530000000000 0.1715460000000000
vn -0.0028031677499493 -0.9939759149723874 -0.1095628710164669
v 0.0501410000000000 -0.1411070000000000 0.1537420000000000
vn 0.5493953209926931 0.1834070863708222 0.8151850231329704
v 0.2263320000000000 0.0421680000000000 -0.0010830000000000
vn 0.6738030513473432 -0.7227115315232429 -0.1538749173788187
v 0.0886120000000000 -0.1361450000000000 0.1862470000000000
vn 0.6012443342728723 0.0694480960354278 0.7960415896558575
v 0.2202310000000000 0.3100850000000000 0.0128490000000000
vn 0.6831635121822037 0.0686671773291546 0.7270298717250360
v 0.2192630000000000 -0.1271510000000000 0.0286760000000000
vn 0.4730704676126685 0.3656054620246277 0.8015840435104044
v 0.0861040000000000 -0.0942120000000000 0.2313480000000000
vn 0.8478129729879158 0.0727147605658318 0.5252863280433303
v 0.0997840000000000 -0.1110360000000000 0.2256610000000000
vn 0.5491863537252180 0.0396462888111320 0.8347589596197841
v 0.2052520000000000 0.3251490000000000 0.0235390000000000
vn 0.5736276057842870 0.0902057262375557 0.8141340779233737
v 0.1888180000000000 0.2999010000000000 0.0358040000000000
vn -0.2729242673084941 0.1004258251350827 0.9567794928613694
v -0.1375010000000000 -0.0257220000000000 0.0500810000000000
vn -0.4822114351061888 0.1752364831003983 0.8583497578746286
v -0.1300110000000000 -0.0661720000000000 0.0547910000000000
vn 0.2974173733261012 -0.2068291021696161 0.9320754414421147
v 0.1209710000000000 0.1127800000000000 0.0178560000000000
vn 0.0085957385049170 -0.3750782794385414 0.9269532876973784
v 0.1246050000000000 0.1214380000000000 0.0213870000000000
vn -0.6610388281235891 0.1167911742722716 0.7412067790604023
v -0.1191100000000000 -0.2075760000000000 0.0486040000000000
vn -0.2932918951482637 0.0218113144601050 0.9557741002987380
v -0.1795470000000000 0.2342990000000000 0.0774850000000000
vn -0.3597550265692330 0.0461432890066335 0.9319051012510987
v -0.1573510000000000 -0.0294400000000000 0.0443560000000000
vn -0.3471023138033646 0.0116888703088158 0.9377544209777176
v -0.1191490000000000 0.2434130000000000 0.0966010000000000
vn -0.2801129942366791 0.3048535600944315 0.9102752426368154
v 0.0360170000000000 -0.0823430000000000 0.2269790000000000
vn 0.0825260334751591 0.1080238680764258 0.9907170623970620
v 0.0465480000000000 0.2695880000000000 0.0958280000000000
vn -0.5431643469311290 0.0564728490828860 0.8377250799273839
v -0.0646710000000000 -0.1439110000000000 0.0722460000000000
vn -0.1086907799626005 0.1640675912995310 0.9804428284384008
v -0.1345470000000000 0.0710180000000000 0.0397410000000000
vn 0.3734054893370128 -0.9233988417018225 0.0888983671206527
v 0.0673060000000000 -0.1371110000000000 0.1398480000000000
vn 0.6004561369855833 -0.7992506716432485 0.0255106141471830
v 0.0748490000000000 -0.1323320000000000 0.1445240000000000
vn -0.2739535316102068 -0.9192336541954030 0.2827701390049197
v -0.0158570000000000 -0.1135570000000000 0.1516930000000000
vn 0.1155466404442819 0.0491321872311018 0.9920861868103638
v -0.1287130000000000 0.1446400000000000 0.0638900000000000
vn 0.2372912051298791 -0.3522144085729892 0.9053385523446955
v -0.1217220000000000 0.1339570000000000 0.0612050000000000
vn -0.7809849528646526 0.3273203765442806 0.5319058887603205
v -0.3206270000000000 0.4610190000000000 -0.0975240000000000
vn 0.0136951888679568 -0.3045987574366814 0.9523822965437256
v -0.1394580000000000 0.1323090000000000 0.0629160000000000
vn -0.0450382349444342 -0.5707518167781545 0.8198865293670374
v -0.0878780000000000 0.1693520000000000 0.0532660000000000
vn -0.1618269339338640 -0.6274358097724678 0.7616668222186997
v -0.1471290000000000 0.1934940000000000 0.0768120000000000
vn -0.2136232223148893 -0.4447247286147292 0.8698189665938304
v -0.0686280000000000 0.1565710000000000 0.0491220000000000
vn -0.5299098747391641 -0.3343707581061767 0.7793533991569063
v -0.2081130000000000 0.1342340000000000 0.0297440000000000
vn -0.3695720466306614 -0.3628066644355198 0.8554459811059938
v -0.1695890000000000 -0.2153110000000000 0.0158390000000000
vn -0.1412155370219869 -0.6879090381452473 0.7119264901249793
v -0.0689680000000000 0.1822420000000000 0.0935370000000000
vn -0.2551142970733897 -0.7450125882892865 0.6163383313726710
v -0.1195050000000000 0.1933460000000000 0.0859980000000000
vn -0.2376031231663635 -0.7630510936198943 0.6010805140636928
v -0.0944840000000000 0.1875230000000000 0.0927320000000000
vn -0.0738607592814519 0.1438186380987597 0.9868438516674183
v -0.0831660000000000 0.0902170000000000 0.0385210000000000
vn -0.1843858858666003 0.0000289865311533 0.9828539282380522
v -0.0754930000000000 0.1010400000000000 0.0376420000000000
vn -0.9022161219724427 -0.2839959580935391 0.3245802905900778
v -0.3078810000000000 -0.0759030000000000 -0.1063470000000000
vn -0.8985878055094844 -0.2627197168270193 0.3514517124442276
v -0.2726670000000000 -0.2579470000000000 -0.1592900000000000
vn -0.1559076294555896 -0.7233084377810618 0.6726943696153985
v 0.0067860000000000 -0.4866600000000000 0.0660240000000000
vn -0.9268249697769411 -0.3265808827624383 0.1853116359327679
v -0.3129410000000000 -0.0853710000000000 -0.1375300000000000
vn -0.9085817365412727 -0.2728452058097948 0.3162826610648393
v -0.2895100000000000 -0.2476530000000000 -0.1983560000000000
vn 0.4289187279984887 -0.7556650928562226 0.4949737288086662
v 0.1372060000000000 -0.4948310000000000 0.0369840000000000
vn -0.5181823590377405 -0.6468939236869349 0.5594776977494316
v -0.0287560000000000 -0.4825580000000000 0.0546860000000000
vn -0.8188978778640255 -0.0409092853590060 0.5724794284524214
v -0.1385200000000000 -0.2633680000000000 0.0430990000000000
vn 0.9139794681703909 0.0309584385335564 0.4045776895066429
v 0.3016850000000000 0.1920020000000000 -0.0503000000000000
vn -0.2699485388641097 0.7468854055947500 0.6076923376797654
v 0.0195420000000000 0.1226020000000000 0.1044380000000000
vn -0.8571025475109167 -0.2742246543296469 0.4360918045642249
v -0.2709310000000000 -0.1471090000000000 -0.0836690000000000
vn -0.8727758893079819 -0.3106967128550788 0.3764701842957952
v -0.2892420000000000 -0.1191210000000000 -0.1002390000000000
vn -0.5138765934770015 -0.1553175106703251 0.8436867413653281
v -0.0368090000000000 -0.4329650000000000 0.0741040000000000
vn -0.4486302533983503 -0.2468085617357271 0.8589624145384207
v -0.0072040000000000 -0.4449540000000000 0.0890100000000000
vn -0.6099438707335779 -0.1608001470937304 0.7759586247018427
v -0.0763070000000000 -0.2163220000000000 0.0987770000000000
vn -0.6083508285317354 -0.0730682329459484 0.7902976039182377
v -0.0420000000000000 -0.4162030000000000 0.0739450000000000
vn -0.4405018155027181 -0.0557251677805480 0.8960205668480156
v -0.1411060000000000 -0.1315670000000000 0.0562600000000000
vn 0.1839016249777114 -0.2099775354954888 0.9602549801577693
v 0.0592620000000000 0.1778570000000000 0.0865980000000000
vn 0.0099232295107868 -0.3881664318397664 0.9215358651234689
v 0.1532800000000000 0.1532500000000000 0.0359640000000000
vn -0.0321471671256860 -0.5955131500434492 0.8027020915452517
v 0.1279460000000000 0.1486930000000000 0.0303360000000000
vn 0.6567997236156099 0.4081394947617525 0.6340633058883632
v 0.2380730000000000 0.4641980000000000 -0.0318040000000000
vn 0.1830207683337728 -0.6789176421781350 0.7110374346669783
v 0.1490960000000000 0.1610100000000000 0.0405640000000000
vn 0.2178923786844878 -0.7721689700583815 0.5968902688017238
v 0.1155490000000000 0.1526680000000000 0.0348570000000000
vn 0.3642332178260655 -0.6948430773625690 0.6201026212437621
v 0.1507450000000000 0.1681350000000000 0.0485620000000000
vn 0.1311857895352840 0.2792652643082328 0.9512103872303209
v 0.1446520000000000 0.0686900000000000 0.0192360000000000
vn 0.1900806254802563 0.2319386686843446 0.9539778874722246
v 0.1668820000000000 0.0625060000000000 0.0180700000000000
vn 0.8801202729623078 -0.1052775740408781 0.4629308128919702
v 0.3144430000000000 -0.0532400000000000 -0.0740360000000000
vn -0.4622925164486744 0.0618688157171360 0.8845664920611176
v -0.0318630000000000 -0.4020950000000000 0.0798650000000000
vn 0.1831485905596675 -0.2054227218021213 0.9613834298256942
v 0.1640650000000000 0.1061480000000000 0.0125240000000000
vn 0.6165141988118611 -0.4452944489391664 0.6493251084066696
v 0.2521870000000000 0.0897990000000000 -0.0295840000000000
vn 0.3396322972411422 -0.3477619881698595 0.8739058886715725
v 0.2124140000000000 0.1032520000000000 0.0003560000000000
vn 0.3314013253465145 -0.5536266715074293 0.7639834226959238
v 0.2343020000000000 0.1038380000000000 -0.0080630000000000
vn -0.2448325472473112 0.1508927039405883 0.9577517505626868
v -0.1306600000000000 0.3298630000000000 0.0810050000000000
vn 0.2077799900216502 -0.5449743914591964 0.8122994450326072
v 0.2135560000000000 0.1126900000000000 0.0060400000000000
vn 0.4718982091028070 -0.4535651602265560 0.7560361933626075
v 0.2396700000000000 0.0963020000000000 -0.0164450000000000
vn -0.5170792122240453 -0.8174758945466740 0.2536971622247199
v -0.1427680000000000 -0.4561350000000000 -0.0797320000000000
vn -0.6416739424852420 -0.7399792092324556 0.2017060272752300
v -0.1741310000000000 -0.4372470000000000 -0.0962210000000000
vn -0.2820571862250292 -0.7211156316840618 0.6328001180781460
v -0.0140720000000000 -0.4845040000000000 0.0628050000000000
vn -0.2841852974830910 -0.4276273503472592 0.8581221159773413
v -0.1979840000000000 0.1781400000000000 0.0612090000000000
vn 0.2545779037336223 -0.7502020337461337 0.6102352001431575
v 0.1264350000000000 -0.4931300000000000 0.0446910000000000
vn 0.4747786360581476 -0.8644084163162257 0.1654791121091715
v 0.2018550000000000 -0.4609160000000000 -0.0750890000000000
vn 0.5112259282514272 -0.8425639902463814 0.1695109808347597
v 0.2171660000000000 -0.4527700000000000 -0.0764660000000000
vn 0.5480191431496675 -0.2636316985145166 0.7938345837010727
v 0.2293320000000000 0.1886670000000000 0.0306260000000000
vn -0.6622286540677204 -0.4349519029482981 0.6101393708435064
v -0.1014110000000000 -0.4278340000000000 0.0100940000000000
vn -0.4497199940874893 -0.4152170430946167 0.7907886784986946
v -0.2078080000000000 0.1737280000000000 0.0544210000000000
vn 0.4606112744608555 -0.4038945601468760 0.7903837284024184
v 0.2367900000000000 0.1635380000000000 0.0083240000000000
vn 0.6422965296462642 -0.7471180619849267 0.1710841005478097
v 0.2025090000000000 -0.4533680000000000 -0.0378570000000000
vn 0.5588669190940172 -0.1635412359428448 0.8129711131944651
v 0.1523210000000000 -0.3452020000000000 0.0630210000000000
vn -0.7560410418685888 0.0900019113334587 0.6483067167372115
v -0.2687550000000000 0.3771410000000000 -0.0023210000000000
vn -0.8395172001402883 -0.1909317522470920 0.5086805841119418
v -0.3419450000000000 0.1191920000000000 -0.1372610000000000
vn 0.0365419136787279 -0.5410022572818742 0.8402269015930240
v 0.0287900000000000 -0.2632550000000000 0.1072650000000000
vn 0.0040308727173711 -0.6338149683911800 0.7734741998983703
v 0.0089460000000000 -0.2619340000000000 0.1098090000000000
vn 0.6883470526187349 -0.1475328874343583 0.7102199534484946
v 0.2734720000000000 -0.0814730000000000 -0.0224320000000000
vn 0.6898346870313888 -0.0816603352751960 0.7193467134915182
v 0.2497270000000000 -0.1041180000000000 -0.0060560000000000
vn 0.8012410895048946 -0.0262963834314872 0.5977635123587199
v 0.2569690000000000 -0.1470740000000000 -0.0184980000000000
vn 0.8158710559874712 -0.0235435163630055 0.5777543793336001
v 0.2349960000000000 -0.2323250000000000 -0.0033150000000000
vn -0.3365012546394824 0.0078046432650187 0.9416506747035017
v -0.0146020000000000 -0.2997120000000000 0.1040250000000000
vn 0.6843955967821039 -0.2034666885609159 0.7001456803775363
v 0.2244400000000000 -0.2085360000000000 0.0143340000000000
vn 0.1555802250210622 0.3424270107898420 0.9265735458472408
v 0.0793310000000000 0.4523980000000000 0.0459950000000000
vn 0.1246089346582836 0.2411975679200407 0.9624429056483221
v 0.0734680000000000 0.2954610000000000 0.0880750000000000
vn 0.0631833141685217 0.4342399343445965 0.8985786266271207
v -0.0307390000000000 0.4924490000000000 0.0410840000000000
vn -0.8131153849784090 -0.2244838555754104 0.5370757575029915
v -0.3514300000000000 0.1387050000000000 -0.1433250000000000
vn 0.1017735068803503 0.2949522456138940 0.9500764843446008
v -0.0459680000000000 0.4130210000000000 0.0745830000000000
vn 0.0865398816866908 0.2286591422392022 0.9696524354365773
v -0.0568900000000000 0.2718800000000000 0.1075350000000000
vn -0.4821377115200638 -0.2443783330229385 0.8413218513025355
v -0.2084480000000000 0.1899610000000000 0.0603130000000000
vn -0.5578999641877110 -0.3389616498564345 0.7575306131675172
v -0.2201580000000000 0.1781690000000000 0.0485900000000000
vn 0.7340509253867228 -0.1869041804811075 0.6528675717613655
v 0.1637620000000000 -0.4421570000000000 0.0649290000000000
vn 0.9221429988288923 -0.1184615847925766 0.3682650440094591
v 0.3326720000000000 0.1575090000000000 -0.1529260000000000
vn -0.4581795833374838 -0.7429157272423629 0.4880037823917359
v 0.0056040000000000 -0.1189170000000000 0.1323470000000000
vn -0.8382843350965725 -0.3078115587752066 0.4500349073306146
v -0.2836560000000000 -0.1082830000000000 -0.0812690000000000
vn -0.8124830650878101 -0.2510977368968769 0.5261380004055820
v -0.2922310000000000 -0.0713170000000000 -0.0708590000000000
vn 0.1111648451631399 0.2731115846420210 0.9555377750430275
v -0.0021590000000000 0.4107160000000000 0.0690480000000000
vn 0.9290114828495173 -0.3643638283570675 0.0646271252549784
v 0.2887130000000000 -0.3764950000000000 -0.1690650000000000
vn 0.4906626056423486 -0.0398329281435360 0.8704387085026567
v 0.2359380000000000 -0.0453470000000000 0.0131360000000000
vn -0.7625551039327025 -0.4958232231574582 0.4155346493903181
v -0.2017600000000000 -0.3992800000000000 -0.0788220000000000
vn -0.8079030120532740 -0.2135552941776420 0.5492602838763679
v -0.2112470000000000 -0.3358830000000000 -0.0511800000000000
vn -0.8989633889221175 0.0764123608770932 0.4313072877692316
v -0.3470250000000000 0.0323010000000000 -0.1541840000000000
vn -0.7693301165413928 -0.5770696538212086 0.2740835391282695
v -0.2032620000000000 -0.4066760000000000 -0.0940590000000000
vn 0.5266954388718423 0.0978578530160002 0.8444026025982490
v 0.1720450000000000 0.2447370000000000 0.0564700000000000
vn 0.9362542973247181 0.2121008936137188 0.2800733862209338
v 0.0921510000000000 0.0187650000000000 0.1297800000000000
vn -0.6775092090025210 0.2871425878245044 0.6771487325353456
v 0.0124100000000000 0.0672910000000000 0.1574960000000000
vn 0.5208998038684374 -0.3578664174509150 0.7749806588494135
v 0.2686660000000000 0.1681610000000000 -0.0056590000000000
vn -0.3871184558695859 0.1389112007102943 0.9115058855774721
v -0.1606240000000000 0.3754750000000000 0.0647820000000000
vn -0.9281143867767884 -0.1687531643675550 0.3318524590445023
v -0.2525660000000000 -0.2429290000000000 -0.0937800000000000
vn -0.8789621186327770 -0.1113472877342380 0.4637104436205949
v -0.2967080000000000 0.1640680000000000 -0.0543370000000000
vn -0.9314745081771681 -0.2265332022607179 0.2846716510114893
v -0.2954760000000000 -0.1499860000000000 -0.1505950000000000
vn -0.9281160215120293 -0.1840078920705521 0.3236382954293796
v -0.3001170000000000 -0.1933880000000000 -0.1923260000000000
vn -0.8150453545644664 0.1340810345356070 0.5636695363249150
v 0.0039540000000000 -0.0616210000000000 0.1798400000000000
vn -0.3703813223267931 0.1644760802448287 0.9142019990673576
v -0.1616730000000000 -0.0044120000000000 0.0375160000000000
vn -0.4651130962730967 0.0765392101220766 0.8819362544930001
v -0.1812080000000000 0.0074710000000000 0.0259650000000000
vn 0.6186459490037746 -0.0734040511542618 0.7822333635529500
v 0.2425860000000000 -0.0898010000000000 0.0018270000000000
vn -0.5395335403695597 0.1204999814288418 0.8332966538345977
v -0.2358620000000000 -0.0190080000000000 0.0007210000000000
vn 0.5939172760921744 0.3529620355698570 0.7229661614526887
v 0.2622920000000000 0.0047410000000000 -0.0217680000000000
vn -0.9507415372505459 -0.1990993953399048 0.2375920034886547
v -0.3073030000000000 -0.1298160000000000 -0.1765460000000000
vn -0.0126275694395474 -0.4931682821522702 0.8698422787891080
v 0.0818240000000000 -0.4521990000000000 0.0860190000000000
vn 0.6765605580438856 0.3955175581046209 0.6211535015841931
v 0.2401460000000000 0.4882340000000000 -0.0500260000000000
vn 0.6341834100418479 0.1681276586078794 0.7546817162478006
v 0.2565040000000000 0.2418420000000000 0.0014560000000000
vn 0.6164698915138550 0.1088757130142726 0.7798146907904016
v 0.2257350000000000 0.3772680000000000 0.0060690000000000
vn 0.4567013809520708 0.1131385151207673 0.8823964670332376
v 0.1917380000000000 -0.0540220000000000 0.0328770000000000
vn 0.3937804643961428 0.0809065560354820 0.9156369777648975
v 0.2053940000000000 -0.0342570000000000 0.0275800000000000
vn 0.6536249089466531 0.1295771241663588 0.7456435122075801
v 0.2080890000000000 -0.1132890000000000 0.0373000000000000
vn 0.5313361335415958 0.2092594918718136 0.8209094823758694
v 0.2185910000000000 0.4110800000000000 0.0027000000000000
vn 0.5964776293066953 -0.0940918134734182 0.7970954575042741
v 0.2536900000000000 -0.0499380000000000 0.0003660000000000
vn 0.3463535770969577 0.2172111321767974 0.9126108281686206
v 0.1865420000000000 -0.0153500000000000 0.0332950000000000
vn -0.9056461064100432 -0.2535802194313431 0.3398561493595200
v -0.2646970000000000 -0.2656310000000000 -0.1461620000000000
vn -0.0034441962394978 -0.0816631046340175 0.9966540397017399
v -0.0452850000000000 0.2432990000000000 0.1092280000000000
vn 0.0881044459579901 0.0547693791401095 0.9946044046308273
v 0.0920460000000000 0.2510240000000000 0.0939550000000000
vn 0.1551375897518894 0.1927537304597209 0.9689057372313551
v 0.0678880000000000 0.3686700000000000 0.0720430000000000
vn 0.3106184452524355 0.2944071838654741 0.9037923387357080
v 0.1209490000000000 -0.3864890000000000 0.0883990000000000
vn 0.1079698478992490 0.3871148417232331 0.9156880534670141
v 0.0375220000000000 0.4719070000000000 0.0445280000000000
vn 0.0606886108391200 -0.0069480423936473 0.9981325649538311
v 0.0621900000000000 -0.4065350000000000 0.0979810000000000
vn 0.0805190387097035 0.2552512616452863 0.9635162052782272
v 0.0470090000000000 0.2965040000000000 0.0907160000000000
vn -0.2793329349234877 -0.0527015673699486 0.9587469198197101
v -0.0936740000000000 -0.0899510000000000 0.0794670000000000
vn 0.0285423276308146 0.4624778789446110 0.8861712853733803
v 0.0608490000000000 -0.0618860000000000 0.2241230000000000
vn 0.0036788168082477 0.3672637643738546 0.9301095600437816
v 0.0492570000000000 0.0167330000000000 0.1932890000000000
vn 0.1044333243436105 0.3205518170243586 0.9414564320078357
v 0.0295530000000000 0.4531170000000000 0.0524860000000000
vn -0.0261636002786645 0.3372452624959302 0.9410531860338763
v 0.0339170000000000 -0.3770140000000000 0.0933610000000000
vn 0.1804423287276889 0.1334785510965195 0.9744865532168735
v -0.0027150000000000 0.2651580000000000 0.1000770000000000
vn -0.0253272355523986 0.2227944220077323 0.9745363906296747
v -0.0788580000000000 0.3278640000000000 0.0894820000000000
vn -0.0340659695132262 0.2720622045994206 0.9616764874684350
v -0.0644200000000000 0.4080500000000000 0.0768210000000000
vn -0.4211040398674187 0.0738003569375756 0.9040049197450343
v -0.1270720000000000 0.2642140000000000 0.0919350000000000
vn -0.3066788539641985 0.2225763761778499 0.9254230585514617
v -0.1495330000000000 0.4171680000000000 0.0602390000000000
vn -0.2322975253051474 0.3386141630775373 0.9117994890875972
v -0.1380380000000000 0.4426810000000000 0.0557120000000000
vn -0.3647146249788314 0.0053887205028819 0.9311037557747752
v -0.1702230000000000 0.0363980000000000 0.0325020000000000
vn -0.8083174463168930 0.0030802611237467 0.5887388368123394
v -0.3027450000000000 0.2634060000000000 -0.0446580000000000
vn 0.0260804132523898 -0.5044770782964192 0.8630311057650780
v 0.0928250000000000 -0.2352420000000000 0.1271580000000000
vn -0.8361863876866967 -0.1603938260113591 0.5244674876719349
v -0.3097310000000000 0.1377600000000000 -0.0834160000000000
vn -0.3038860145458743 -0.1287022930850788 0.9439751108573081
v -0.1082960000000000 -0.1706220000000000 0.0560540000000000
vn -0.7465600801555835 0.1626766895690703 0.6451235086314382
v -0.1059770000000000 -0.2177640000000000 0.0667980000000000
vn -0.2992892005396149 0.3714038851432682 0.8789113314441021
v -0.1566430000000000 0.4488990000000000 0.0476570000000000
vn 0.1947962818266302 -0.7584185213059236 0.6219772947034774
v 0.0552980000000000 -0.4876880000000000 0.0569690000000000
vn -0.8991392368360769 -0.2588169424346045 0.3529340208744972
v -0.2773100000000000 -0.2274550000000000 -0.1501300000000000
vn -0.8939169231387775 -0.3238259967922317 0.3099181477868289
v -0.3008530000000000 -0.1012310000000000 -0.1137450000000000
vn 0.1851278045131634 -0.7302914225548560 0.6575729116523436
v 0.0380840000000000 -0.4883390000000000 0.0623680000000000
vn -0.8323541614315748 -0.0436461324124768 0.5525229090933447
v -0.2817740000000000 0.2278360000000000 -0.0189800000000000
vn 0.7817992280725309 -0.5715986413133204 -0.2491284010986315
v 0.2740810000000000 -0.3923230000000000 -0.2316290000000000
vn 0.8413248567815862 -0.4799643900393113 -0.2486094721760121
v 0.2801510000000000 -0.3824880000000000 -0.2320150000000000
vn 0.8985846821266609 -0.3964323512627389 -0.1881142204077734
v 0.2872840000000000 -0.3757330000000000 -0.2203840000000000
vn 0.6985897888031765 -0.1066647219239370 0.7075273451088816
v 0.2804500000000000 0.1764100000000000 -0.0111340000000000
vn -0.4781524898534235 -0.8646305650851240 0.1542212124435248
v -0.1343910000000000 -0.4638050000000000 -0.0967610000000000
vn -0.6191996838263853 -0.2572770270348553 0.7418896703077963
v -0.0686870000000000 -0.3116650000000000 0.0646630000000000
vn -0.5886168550096769 -0.2079179777123986 0.7812171993386370
v -0.0906850000000000 -0.3356890000000000 0.0360190000000000
vn -0.5220271783239910 -0.3238874318477150 0.7890402756400865
v -0.2028190000000000 0.1000140000000000 0.0225080000000000
vn -0.6081816734723157 -0.2768158303738402 0.7439677735674142
v -0.2276600000000000 0.1005170000000000 0.0005460000000000
vn 0.7214948365734313 -0.4823349790559946 0.4967878508749293
v 0.0956080000000000 -0.1266160000000000 0.2263540000000000
vn 0.8672239645934937 -0.4976765953656361 -0.0155113397233087
v 0.0979830000000000 -0.1292720000000000 0.2052140000000000
vn -0.6507710404325504 -0.1841696155360919 0.7365993521906083
v -0.2234610000000000 -0.1179380000000000 -0.0125110000000000
vn -0.6469249793807517 -0.2400217303748865 0.7237939209478478
v -0.2269160000000000 0.0793830000000000 -0.0066120000000000
vn -0.5018746078380407 -0.1992167315517529 0.8416855540385909
v -0.1863210000000000 -0.2915690000000000 -0.0142390000000000
vn -0.7717482430509366 -0.1182038658017183 0.6248459773874854
v -0.2563150000000000 0.1782490000000000 0.0152010000000000
vn -0.7824396255897458 -0.2029821859716319 0.5887159454993184
v -0.2740830000000000 0.1471270000000000 -0.0163720000000000
vn -0.7584900497699302 -0.2462869750030114 0.6033536030752406
v -0.2467310000000000 -0.1413340000000000 -0.0433880000000000
vn -0.7514188944602158 -0.2013034067240050 0.6283681910229837
v -0.2385360000000000 -0.1436430000000000 -0.0347370000000000
vn -0.7590311681014758 0.0159841320329475 0.6508580439494180
v -0.2552600000000000 0.2322610000000000 0.0197720000000000
vn -0.4743667927784379 0.2766401041875032 0.8357310564196032
v -0.0502860000000000 -0.1968730000000000 0.1133650000000000
vn -0.4686892446602398 -0.0011176984791347 0.8833624073334362
v -0.0290930000000000 -0.3739780000000000 0.0760790000000000
vn -0.3805130182716779 -0.0989735535302399 0.9194640170378472
v -0.1392660000000000 -0.1527520000000000 0.0558130000000000
vn -0.3436647330651612 -0.0878339409146408 0.9349758018636926
v -0.1180550000000000 -0.1099440000000000 0.0690210000000000
vn -0.4228358699377732 0.0033419497333362 0.9062001205395783
v -0.1498450000000000 -0.0640300000000000 0.0444850000000000
vn -0.2622159632256496 0.0820577583232436 0.9615140731828157
v -0.1585680000000000 0.0662510000000000 0.0365300000000000
vn -0.8948098924965847 -0.2566600551329474 0.3652955959074827
v -0.2695780000000000 -0.2111540000000000 -0.1192870000000000
vn -0.1091922950055255 -0.1826301404329810 0.9770994189522660
v 0.0854780000000000 -0.2226520000000000 0.1307080000000000
vn -0.0618464663357793 -0.2626998956068182 0.9628934413786107
v 0.0658130000000000 -0.2332040000000000 0.1236860000000000
vn -0.6835492234118427 -0.5229853342965882 0.5091628416172498
v -0.0891710000000000 -0.4469320000000000 0.0066120000000000
vn -0.6791772281206788 -0.6147408209538713 0.4010137352451557
v -0.0697350000000000 -0.4666700000000000 0.0112780000000000
vn -0.6630163062899286 -0.3476067819441315 0.6630074680877319
v -0.1787340000000000 -0.3741670000000000 -0.0282350000000000
vn -0.7623191499032187 -0.1998468767451947 0.6155735045841600
v -0.2792420000000000 -0.0567280000000000 -0.0467720000000000
vn -0.3998985565301370 0.1247780166840261 0.9080262061402820
v -0.1648710000000000 0.2791350000000000 0.0725540000000000
vn -0.6083049319548577 -0.7496430664934574 0.2607688298429892
v -0.0616920000000000 -0.4815110000000000 -0.0063730000000000
vn 0.0579997812036767 -0.7456674999094464 0.6637891268762403
v 0.1153440000000000 -0.4754180000000000 0.0691710000000000
vn 0.2240169040211851 -0.6949760346146654 0.6832457376552294
v 0.1152990000000000 -0.2452200000000000 0.1157810000000000
vn 0.0971543739417928 -0.3948489229168999 0.9135947436885472
v 0.0778630000000000 -0.2659210000000000 0.1034900000000000
vn 0.0881522772958933 -0.6147238366647745 0.7838008552200537
v 0.0753760000000000 -0.2533400000000000 0.1131690000000000
vn -0.5025038141958336 -0.4775725126892611 0.7207041083845053
v -0.2404880000000000 0.1324130000000000 0.0112500000000000
vn -0.5656825382783226 -0.1927613644565467 0.8017769778809095
v -0.1552870000000000 -0.3571550000000000 -0.0037070000000000
vn 0.9251551287120267 -0.0591914612898945 0.3749458077218630
v 0.2892400000000000 -0.2899410000000000 -0.0792560000000000
vn 0.4116723818542174 -0.2785917930642491 0.8677052857138315
v 0.1369930000000000 -0.3123840000000000 0.0854380000000000
vn 0.2848563308051298 -0.7255364869058470 0.6264612334123796
v 0.1353770000000000 -0.4747480000000000 0.0647840000000000
vn -0.5873020200295845 -0.3072004453011385 0.7488018587556736
v -0.1637060000000000 -0.3765810000000000 -0.0160550000000000
vn 0.5843106690529954 0.0182843118968821 0.8113240573095921
v 0.1086180000000000 0.0992620000000000 0.0210270000000000
vn -0.4377464745645530 0.4003747506038061 0.8050329701852248
v -0.1972810000000000 0.4619280000000000 0.0241450000000000
vn 0.2421141101630286 -0.5312079197755599 0.8119106500272596
v 0.1637000000000000 0.1662930000000000 0.0406070000000000
vn -0.8718591150502359 -0.2117250367764094 0.4416267567820677
v -0.2621150000000000 -0.1705170000000000 -0.0783930000000000
vn -0.8886105995911606 -0.2762356652482416 0.3661489581292011
v -0.2786370000000000 -0.1548540000000000 -0.1072100000000000
vn -0.7615818152166551 -0.3978901214961627 0.5115433412205396
v -0.1998100000000000 -0.3832230000000000 -0.0602230000000000
vn -0.8980005022071815 -0.4183809834822418 0.1362073812099840
v -0.2623950000000000 -0.3053560000000000 -0.1883260000000000
vn -0.8961577896455167 -0.4031650130020005 0.1853623164204592
v -0.2837780000000000 -0.2672070000000000 -0.2031380000000000
vn -0.7610101318638615 -0.1285956265829896 0.6358669232034928
v -0.3320530000000000 0.1785590000000000 -0.1047370000000000
vn 0.0919641455533166 -0.1425074253252967 0.9855121661652906
v 0.0669730000000000 -0.3007780000000000 0.1043440000000000
vn 0.1130255834177335 -0.4473090288430286 0.8872090228399324
v 0.0934060000000000 -0.3101180000000000 0.0984040000000000
vn -0.7576519033098931 -0.1449391741029104 0.6363617125670451
v -0.3589340000000000 0.2122220000000000 -0.1298290000000000
vn -0.5758901327282195 -0.0355420226332683 0.8167541366001214
v -0.0631110000000000 -0.0922230000000000 0.0868100000000000
vn -0.8639173615023849 -0.1033197649797694 0.4929217165628665
v -0.2975750000000000 0.1795740000000000 -0.0527000000000000
vn -0.6764413013611181 -0.2959170371351567 0.6744332976255156
v -0.0241430000000000 -0.1079840000000000 0.1516630000000000
vn -0.9101021829445869 -0.2193791828067121 0.3515491299243348
v -0.2592840000000000 -0.2197070000000000 -0.0985940000000000
vn -0.8346859997335451 -0.1280823036815527 0.5356250604036734
v -0.3123560000000000 0.2152820000000000 -0.0664960000000000
vn -0.8030299626039893 -0.2041933081482058 0.5598642443197523
v -0.2148080000000000 -0.3018980000000000 -0.0451830000000000
vn -0.3237841174639039 0.1683679366662175 0.9310295823339243
v -0.1329960000000000 0.3105910000000000 0.0833280000000000
vn 0.8407214786758381 -0.1300951145156002 0.5256069410427197
v 0.3024880000000000 -0.0547040000000000 -0.0547140000000000
vn -0.8455139683173881 -0.2082162527011820 0.4916829481396119
v -0.2811620000000000 0.1368280000000000 -0.0311830000000000
vn -0.8068422906036675 -0.0181233505832817 0.5904888333042905
v -0.2656350000000000 0.2173630000000000 0.0065470000000000
vn -0.8378163727381276 -0.0964186264539883 0.5373706114448883
v -0.3233430000000000 0.0949220000000000 -0.1140460000000000
vn 0.9815863705476032 -0.0883429193967425 0.1693627047128266
v 0.3616410000000000 -0.0223520000000000 -0.1982010000000000
vn -0.7711870133361269 -0.1467523709187717 0.6194629384324969
v -0.3441040000000000 0.1753730000000000 -0.1192910000000000
vn -0.1445644861050155 0.3220070153898255 0.9356348600800044
v -0.1176630000000000 0.4397810000000000 0.0608390000000000
vn 0.0807615367032077 0.4192959139672067 0.9042502478405748
v 0.0209290000000000 0.4850450000000000 0.0400230000000000
vn 0.6507693429766163 -0.7487599916460255 0.1259275075272563
v 0.0910850000000000 -0.1370450000000000 0.2131190000000000
vn 0.3305902153028600 -0.8543449465557793 0.4010047653589809
v 0.0814570000000000 -0.1388360000000000 0.2236930000000000
vn -0.8580392522749796 -0.2469817042461930 0.4502984336226812
v -0.2273390000000000 -0.3417210000000000 -0.0800120000000000
vn -0.8284516408596204 -0.2953844826285888 0.4758317834899675
v -0.2181730000000000 -0.3509880000000000 -0.0688090000000000
vn -0.9541622961603166 -0.2453170089728016 0.1714464280605191
v -0.3100910000000000 -0.1085500000000000 -0.1721660000000000
vn -0.8111151474845263 -0.1599995528342505 0.5625765375608861
v -0.2194400000000000 -0.2622660000000000 -0.0364220000000000
vn -0.6987774047719053 -0.2299868437997079 0.6773597199858354
v -0.2567230000000000 -0.0522590000000000 -0.0214240000000000
vn 0.9098365980425254 0.0370500711131496 0.4133093963278777
v 0.3413020000000000 0.2967360000000000 -0.1605470000000000
vn 0.8890358232220663 0.0469623810440825 0.4554227045224394
v 0.3355720000000000 0.3789410000000000 -0.1525630000000000
vn -0.8721499196272671 -0.2012687413439307 0.4459208578346404
v -0.2536690000000000 -0.2026590000000000 -0.0761100000000000
vn -0.7115534040486888 -0.4928408556354312 0.5007990057930022
v -0.0749250000000000 -0.4523360000000000 0.0206420000000000
vn -0.6388767489249931 0.3522619355265281 0.6839210688830515
v -0.2704460000000000 0.4491200000000000 -0.0273010000000000
vn -0.5599836510479156 -0.2909937641227860 0.7757196270565149
v -0.0437550000000000 -0.3305710000000000 0.0782470000000000
vn -0.6078050710426883 -0.2167197616148463 0.7639407964890975
v -0.1687920000000000 -0.3601310000000000 -0.0140060000000000
vn -0.7079056344573406 -0.2360530956671669 0.6656940353717296
v -0.2437400000000000 -0.1101140000000000 -0.0288240000000000
vn 0.9557528672377084 -0.2701516854976036 0.1164238961283430
v 0.3501900000000000 -0.0895460000000000 -0.2150960000000000
vn 0.9747356043661297 -0.1699177217538138 0.1449774789923921
v 0.3593590000000000 -0.0464210000000000 -0.2082440000000000
vn -0.6735293081420799 -0.2350475477702329 0.7007930660051161
v -0.0683530000000000 -0.4220970000000000 0.0469040000000000
vn 0.8698626766537856 -0.0865971896246951 0.4856334528364129
v 0.2839960000000000 -0.1980360000000000 -0.0665770000000000
vn -0.6330908421568625 -0.2369602735139542 0.7369164229092107
v -0.2339510000000000 -0.0789300000000000 -0.0079570000000000
vn -0.5740456023626641 -0.6800763264812211 0.4560349071813403
v -0.1338920000000000 -0.4392000000000000 -0.0376440000000000
vn -0.6131077228812475 -0.5238388949345489 0.5913473871567557
v -0.1533210000000000 -0.4129780000000000 -0.0298530000000000
vn 0.8870067154515683 0.0982994152291130 0.4511721530740065
v 0.3281420000000000 0.4020130000000000 -0.1418460000000000
vn 0.8381077842685160 0.3086649672035564 0.4497791457701725
v 0.3097160000000000 0.4722630000000000 -0.1400820000000000
vn 0.9334036830695882 -0.1212894085699086 0.3377076306524470
v 0.3472670000000000 -0.0345140000000000 -0.1453820000000000
vn 0.9845857370152244 -0.1739796327318764 0.0179447446532045
v 0.3105230000000000 -0.2834860000000000 -0.2071030000000000
vn -0.2357630337854247 -0.6445443174168364 0.7273090228960155
v -0.0197010000000000 -0.2484390000000000 0.1204290000000000
vn 0.1196609809432812 -0.4359612475224577 0.8919747980174967
v 0.0652000000000000 -0.4507260000000000 0.0873820000000000
vn 0.2300832544170539 -0.2812483157921400 0.9316442888253768
v 0.1142150000000000 -0.3071550000000000 0.0958170000000000
vn 0.0885735358441622 -0.5652655011706762 0.8201400136161674
v 0.0215600000000000 -0.2419820000000000 0.1290930000000000
vn 0.9336956050219287 0.0250316573161835 0.3571917318398336
v 0.3298340000000000 0.2392870000000000 -0.1240160000000000
vn -0.6054423948530857 0.2381935215295739 0.7594098714237921
v -0.2723350000000000 0.0135120000000000 -0.0340430000000000
vn 0.9192115250494650 0.0307730150487672 0.3925597964145655
v 0.3182400000000000 0.2683990000000000 -0.0951340000000000
vn -0.4456419382483586 0.1367841155317962 0.8846995922981034
v -0.1748190000000000 -0.0230930000000000 0.0354310000000000
vn 0.9206333044004500 0.0208249103326578 0.3898725970600462
v 0.3447140000000000 0.0046510000000000 -0.1337120000000000
vn 0.5358446488584676 0.2579150865830485 0.8039591534416436
v 0.2207910000000000 0.2456550000000000 0.0254120000000000
vn 0.6823659348151030 0.1956428758825788 0.7043440892918067
v 0.1654070000000000 -0.3754770000000000 0.0559780000000000
vn 0.9879027960042495 -0.0593268192360704 0.1432773330513828
v 0.2982290000000000 -0.2942370000000000 -0.1190520000000000
vn 0.9287096634364372 -0.3588654865684562 0.0933483989673352
v 0.2867970000000000 -0.3741770000000000 -0.1371680000000000
vn 0.9743831034458333 -0.1321214903990274 0.1819930754012528
v 0.2948710000000000 -0.3340980000000000 -0.1113950000000000
vn 0.8660950993612855 0.0710359977096063 0.4948061902318582
v 0.2869040000000000 0.0687540000000000 -0.0944970000000000
vn 0.7522267218422602 0.2814606447031978 0.5957641013267813
v 0.2896860000000000 0.0615470000000000 -0.0959320000000000
vn 0.8876544656823613 -0.0833782706246203 0.4528991207121176
v 0.2661300000000000 0.0735360000000000 -0.0543390000000000
vn -0.7063434986291789 0.3824067489130881 0.5956877876287323
v -0.2844040000000000 0.4688420000000000 -0.0542690000000000
vn 0.8530810961882750 0.1948080226518316 0.4840480117061678
v 0.2730520000000000 0.0636190000000000 -0.0651290000000000
vn 0.9014185066105036 0.1551328779966424 0.4042010218994607
v 0.3425570000000000 0.0178440000000000 -0.1306830000000000
vn -0.7518654933904586 0.3282063122461978 0.5718206855741347
v -0.3063740000000000 0.4622320000000000 -0.0782270000000000
vn 0.8981678251093613 -0.4228230910916475 0.1204790088688650
v 0.2749420000000000 -0.4007190000000000 -0.1257280000000000
vn 0.9358874197135976 -0.1557708338051148 0.3159907988494027
v 0.3186610000000000 0.1244080000000000 -0.1311780000000000
vn 0.9100734886039957 -0.3466605676656295 0.2271402565946780
v 0.2813480000000000 -0.3778460000000000 -0.1048490000000000
vn 0.9618767306268931 -0.1260443227903232 0.2427055495262696
v 0.3200590000000000 0.1588310000000000 -0.1190040000000000
vn 0.9074778482078784 0.0101670058127617 0.4199768886555572
v 0.2838250000000000 -0.2716130000000000 -0.0650640000000000
vn 0.8341952566162179 0.1240074634719422 0.5373457200371630
v 0.2928630000000000 0.2388440000000000 -0.0367700000000000
vn -0.6587902348681611 -0.1809622451345964 0.7302383804472341
v -0.1885750000000000 -0.1971630000000000 0.0082500000000000
vn 0.7774080857558318 0.1863501156238315 0.6007581065690566
v 0.2838280000000000 0.2571310000000000 -0.0289630000000000
vn 0.8285567197217008 -0.1606037796791642 0.5363769086722335
v 0.2824730000000000 -0.1519650000000000 -0.0537120000000000
vn 0.7753539020627199 0.2762714846930212 0.5678911808626965
v 0.2692170000000000 0.0337310000000000 -0.0442440000000000
vn 0.9116996765359545 -0.1358491429433119 0.3877482561737751
v 0.3239500000000000 -0.0600940000000000 -0.0971270000000000
vn -0.8057232947447694 -0.0096622300960887 0.5922133176611309
v -0.2966860000000000 0.3067530000000000 -0.0390270000000000
vn 0.9675998102713124 -0.1135277735415185 0.2255261665475338
v 0.3171340000000000 0.1536660000000000 -0.1002140000000000
vn 0.6962579611773396 0.2539177241011033 0.6713796548038153
v 0.2599440000000000 0.0233680000000000 -0.0285040000000000
vn 0.8630758936277790 -0.3543602689493580 0.3599010997881911
v 0.2591870000000000 -0.3928300000000000 -0.0595670000000000
vn -0.5698149065674627 -0.2452536588826753 0.7843223922967992
v -0.1556020000000000 -0.2274710000000000 0.0156360000000000
vn 0.7718769716062601 -0.5827515775895263 0.2541781649175774
v 0.2463150000000000 -0.4273910000000000 -0.0768360000000000
vn 0.6537696267901129 0.1466924722757401 0.7423385977196307
v 0.2394610000000000 0.0401410000000000 -0.0109050000000000
vn 0.6976855827283648 -0.6382917874091733 0.3252974358629114
v 0.2366490000000000 -0.4305680000000000 -0.0588190000000000
vn 0.7607108987708285 -0.1037616026475516 0.6407436759791624
v 0.2640080000000000 0.1306700000000000 -0.0223440000000000
vn 0.7906391377682090 -0.1193038726254998 0.6005467007699749
v 0.2581440000000000 -0.3230340000000000 -0.0429940000000000
vn 0.7307572649041154 -0.1384569444677086 0.6684485726804438
v 0.2516880000000000 -0.2197850000000000 -0.0158350000000000
vn 0.9741340413869620 -0.2086648084875448 0.0867286983066207
v 0.3356510000000000 -0.1359220000000000 -0.1927540000000000
vn 0.7738379622293615 -0.3099346914669172 0.5523724244004368
v 0.2258820000000000 -0.4100770000000000 -0.0207020000000000
vn 0.6275920452430676 -0.7408119314258463 0.2394282919889180
v 0.2286450000000000 -0.4434850000000000 -0.0709370000000000
vn 0.6852397945963058 -0.6785107807484653 -0.2647065248718300
v 0.2588690000000000 -0.4121400000000000 -0.2253460000000000
vn 0.9177705779437417 -0.0183562738685101 0.3966865430922439
v 0.3389740000000000 -0.0168190000000000 -0.1215980000000000
vn 0.7036975252223854 -0.7064451190443132 -0.0757963506664828
v 0.2561090000000000 -0.4268320000000000 -0.1881780000000000
vn 0.7495928803350571 -0.6588216805322044 -0.0637534862710629
v 0.2678170000000000 -0.4139850000000000 -0.1924630000000000
vn -0.6210010402760728 -0.1571212021494041 0.7679001470316055
v -0.2036860000000000 -0.2522770000000000 -0.0154560000000000
vn -0.6818360951792488 -0.0485920461558805 0.7298892740416860
v -0.2306450000000000 0.2107760000000000 0.0469190000000000
vn -0.7201500397516968 -0.1244747774177804 0.6825613159507531
v -0.2480670000000000 0.1885960000000000 0.0260850000000000
vn 0.8258624977558946 0.2034257641965316 0.5258983678064155
v 0.2083520000000000 -0.2025660000000000 0.0318120000000000
vn 0.8435198496701379 -0.1423980753127849 0.5178774482053474
v 0.2522120000000000 -0.3064300000000000 -0.0288250000000000
vn -0.7491821035098826 0.0010127671269281 0.6623633067156230
v -0.2609860000000000 0.3105520000000000 0.0106990000000000
vn 0.7473279599285096 -0.6365646916776124 0.1904896680097854
v 0.1677980000000000 -0.4811350000000000 0.0104850000000000
vn -0.8242566256779371 -0.1405691653446993 0.5484900407302904
v -0.2887150000000000 -0.0481210000000000 -0.0578370000000000
vn -0.8326979685522798 -0.1272031228237794 0.5389187867506431
v -0.3030070000000000 -0.0332320000000000 -0.0768080000000000
vn 0.6839789836036743 -0.1548057837799466 0.7128870312305879
v 0.0976850000000000 0.1274520000000000 0.0302750000000000
vn 0.6925664207989998 -0.5944877067145555 0.4085781679763756
v 0.1638730000000000 -0.4721620000000000 0.0411850000000000
vn -0.6471664646662457 0.0999140735652647 0.7557729453446900
v -0.2382550000000000 0.2781740000000000 0.0350030000000000
vn 0.7240349910561029 0.3477785018733823 0.5956705846028447
v 0.1244080000000000 0.0058890000000000 0.0555640000000000
vn -0.8299334046722476 -0.0603747225831755 0.5545858244511268
v -0.1535140000000000 -0.2802560000000000 0.0125210000000000
vn 0.6804197644243014 0.4004334729653640 0.6137442284125164
v 0.1079270000000000 0.0576650000000000 0.0385200000000000
vn 0.8135797489360629 0.0901911653054911 0.5744158300586523
v 0.0674060000000000 0.1307770000000000 0.0652350000000000
vn 0.7650373884141829 0.1405757437068278 0.6284554515712939
v 0.1977770000000000 -0.2229080000000000 0.0648890000000000
vn -0.8702302742717407 -0.1947290237021429 0.4525261065054052
v -0.3066770000000000 -0.0450800000000000 -0.0861050000000000
vn -0.8623196491416599 -0.1583727095282838 0.4809604012607215
v -0.3248750000000000 -0.0067080000000000 -0.1029570000000000
vn 0.8007639294994569 0.3042247947664828 0.5159693822911204
v 0.1009570000000000 0.0757130000000000 0.0375380000000000
vn 0.8392817459340219 0.2439253742342401 0.4859079776527914
v 0.0831300000000000 0.1077810000000000 0.0519360000000000
vn 0.8466933375203599 0.3246413548081662 0.4215665818669124
v 0.0763100000000000 0.1097960000000000 0.0629080000000000
vn -0.6185674641167134 -0.2593073134376269 0.7417101924161342
v -0.0619990000000000 -0.3304110000000000 0.0633240000000000
vn -0.7146153391391927 -0.3996821678242840 0.5740897854780709
v -0.0447540000000000 -0.4588620000000000 0.0563450000000000
vn -0.6417140546932054 -0.4744873442576028 0.6025486139296755
v -0.0381390000000000 -0.4696260000000000 0.0571970000000000
vn -0.2991470089687450 -0.4534105410576039 0.8396010649605590
v -0.0977430000000000 -0.2900500000000000 0.0517550000000000
vn -0.4845543027364836 -0.0473791970278479 0.8734771544743208
v -0.1200730000000000 -0.3571960000000000 0.0193000000000000
vn 0.7490339571240344 0.3197268548447654 0.5802782689074134
v 0.0582680000000000 0.1342630000000000 0.0782870000000000
vn -0.5103705680074947 -0.1290378836721852 0.8502182707335282
v -0.2104790000000000 -0.0519930000000000 0.0175370000000000
vn 0.9260481300678788 -0.1975387156309929 0.3215794095159742
v 0.3069650000000000 0.1545330000000000 -0.0719550000000000
vn 0.9452810035982840 -0.1548507061052995 0.2871673432946566
v 0.3187450000000000 -0.1838720000000000 -0.1479950000000000
vn -0.6134825546205802 -0.3835250237313356 0.6903243522780326
v -0.1277680000000000 -0.4073220000000000 -0.0023310000000000
vn -0.6163717051284697 -0.5001844674897256 0.6081952150412254
v -0.1233970000000000 -0.4245510000000000 -0.0105430000000000
vn 0.1058492198779594 -0.5304739184032421 0.8410668014760408
v 0.0713200000000000 -0.3164640000000000 0.0962500000000000
vn 0.8730354428250982 0.3582082754971466 0.3309017179413627
v 0.1294070000000000 -0.0745290000000000 0.0782840000000000
vn 0.8396463846019011 0.4335414299197932 0.3271632274080592
v 0.0679960000000000 0.1194550000000000 0.0736370000000000
vn 0.9521711078481314 0.2537482963671326 0.1702409570874177
v 0.1359920000000000 -0.0932950000000000 0.1000150000000000
vn -0.8190175461095849 -0.1132394363536097 0.5624829679367641
v -0.3250140000000000 0.2233980000000000 -0.0851260000000000
vn 0.8699647015330241 0.4349638331338092 0.2323098834576353
v 0.1229630000000000 -0.0751390000000000 0.1121460000000000
vn -0.7908690044328291 -0.0976225422183992 0.6041490354856511
v -0.3364240000000000 0.2439960000000000 -0.0967980000000000
vn 0.8946572361087237 0.3082375885207069 0.3233852484286177
v 0.1138670000000000 -0.0682610000000000 0.1287060000000000
vn 0.7012409814570358 0.6573029863105000 0.2760685967517345
v 0.0642910000000000 0.1134580000000000 0.1052200000000000
vn -0.7771864286666881 -0.0572125243651870 0.6266641701518300
v -0.3488090000000000 0.2708520000000000 -0.1085970000000000
vn -0.7860396565253732 0.0039314870436732 0.6181635720253165
v -0.3536440000000000 0.2840950000000000 -0.1139990000000000
vn 0.9356879056157316 0.2499721345239831 0.2490021591190917
v 0.0943360000000000 0.0264950000000000 0.1156950000000000
vn 0.9389239074024816 0.2792793022833779 0.2010596116184603
v 0.0835740000000000 0.0602920000000000 0.1222770000000000
vn -0.7487880425939993 -0.0558235298683572 0.6604545410407014
v -0.3629420000000000 0.2576620000000000 -0.1258340000000000
vn 0.8993910606021740 0.2927839769594539 0.3246124811905766
v 0.0771900000000000 0.0621190000000000 0.1470770000000000
vn 0.9209155507186901 0.2389024483659893 0.3079613102472901
v 0.1039520000000000 -0.0689960000000000 0.1551150000000000
vn 0.8746748079540498 0.2384099976197452 0.4220244701027406
v 0.0764480000000000 0.0471950000000000 0.1610820000000000
vn 0.9478114454891269 -0.1240256363312162 0.2937194330180567
v 0.3035890000000000 -0.2302280000000000 -0.1240460000000000
vn 0.9153808950465252 0.0653914600172434 0.3972427141441816
v 0.1139880000000000 -0.0943220000000000 0.1482760000000000
vn 0.9685566413657400 -0.1008353354304529 0.2274428886444795
v 0.1087270000000000 -0.0984360000000000 0.1632360000000000
vn 0.7517724150543935 -0.6591791485285783 0.0179188757577928
v 0.1050520000000000 -0.1096730000000000 0.1591080000000000
vn 0.8316170488387064 -0.1184544631864341 0.5425694648909154
v 0.2365220000000000 -0.2789300000000000 0.0007530000000000
vn 0.9954221827350250 -0.0362346680775315 0.0884405277480259
v 0.1058760000000000 -0.1044920000000000 0.1977880000000000
vn -0.7851829319244539 -0.1776711986487197 0.5932290523779542
v -0.3383070000000000 0.1563930000000000 -0.1169700000000000
vn -0.7940173073072941 -0.1867936231089506 0.5784847950139269
v -0.3555710000000000 0.1676070000000000 -0.1368380000000000
vn -0.6142005992334528 0.3671879576934323 0.6985203129660537
v -0.2525570000000000 0.4780330000000000 -0.0270620000000000
vn -0.6564329967898386 0.2373198812856446 0.7160830920166175
v -0.2832680000000000 0.0450130000000000 -0.0557680000000000
vn 0.8851448616052289 -0.1465298279555692 0.4416419177265350
v 0.2998650000000000 -0.1534830000000000 -0.0834400000000000
vn 0.9310094846256221 0.2068557844724062 0.3007191779176031
v 0.0993070000000000 -0.0495640000000000 0.1584970000000000
vn -0.8127850671658371 -0.0610950535663542 0.5793512138780327
v -0.3343610000000000 0.2674270000000000 -0.0900560000000000
vn 0.8001581727542441 -0.3734998371856877 0.4693024293532413
v 0.2843680000000000 0.1076510000000000 -0.0641220000000000
vn 0.9082064443021231 -0.1312684480961762 0.3974036349387310
v 0.2995250000000000 0.1611630000000000 -0.0406720000000000
vn 0.4452259668607983 -0.2466184117780776 0.8607863831433010
v 0.1363190000000000 -0.2662000000000000 0.0832980000000000
vn 0.5363321017575917 -0.0776058308963682 0.8404315627314152
v 0.1558260000000000 -0.2714970000000000 0.0702820000000000
vn 0.6140172173841247 -0.4805708207626587 0.6261266189736396
v 0.0887220000000000 0.1441690000000000 0.0491540000000000
vn 0.2202350568670113 -0.7752379290507232 0.5920326621799933
v 0.1283380000000000 0.1689010000000000 0.0618410000000000
vn 0.2331126314831072 -0.6946072082272667 0.6805727935509497
v 0.1186340000000000 0.1681440000000000 0.0646130000000000
vn 0.0515178775227218 -0.4286907044001514 0.9019812571536372
v 0.1735450000000000 0.1387600000000000 0.0326080000000000
vn -0.8348175370119781 -0.1905717532257369 0.5164901613484263
v -0.3016770000000000 0.1144040000000000 -0.0791250000000000
vn 0.2213971710441443 -0.5315954334029599 0.8175509695662829
v 0.1311540000000000 0.1773880000000000 0.0687390000000000
vn 0.9758810371937574 -0.0377293754052412 0.2150178957137448
v 0.2958460000000000 -0.2832580000000000 -0.1020530000000000
vn 0.8113898152491845 -0.3137166211588865 0.4931819636995518
v 0.2651120000000000 0.0869770000000000 -0.0458910000000000
vn 0.4600752502188422 -0.5113906927827259 0.7258170041210619
v 0.1685120000000000 -0.2573830000000000 0.0711010000000000
vn 0.4758932096347018 -0.5405819692122230 0.6937555676073648
v 0.2012440000000000 -0.2614860000000000 0.0462000000000000
vn 0.5216249237104766 0.2149823786463218 0.8256452118407815
v 0.1794330000000000 -0.0879460000000000 0.0522240000000000
vn 0.2501348111845850 -0.2732947510121052 0.9288393592558852
v 0.1413430000000000 0.1854380000000000 0.0696250000000000
vn 0.5034502860915798 0.2568890722548464 0.8249520070830488
v 0.1752300000000000 -0.0546720000000000 0.0425670000000000
vn 0.9868344958683468 -0.0577979481945054 0.1510532189288632
v 0.2957880000000000 -0.3150060000000000 -0.1088420000000000
vn 0.5752383239800400 0.2334918684354207 0.7839530712990228
v 0.1909390000000000 -0.0757740000000000 0.0384990000000000
vn 0.4380353096501398 -0.5494118626669990 0.7115277033682417
v 0.1686620000000000 0.1892620000000000 0.0597340000000000
vn 0.8934777415698474 0.1700428189399519 0.4156717034466021
v 0.2111310000000000 -0.2260930000000000 0.0433340000000000
vn 0.8557940888363732 0.1117516991725611 0.5051020047918711
v 0.2060640000000000 -0.2264680000000000 0.0540590000000000
vn 0.2558479613917661 0.0878809839142247 0.9627142635891217
v 0.1823880000000000 0.0921070000000000 0.0089170000000000
vn 0.3346177150429687 -0.5149082096252747 0.7892404706044394
v 0.1886270000000000 0.1791030000000000 0.0366180000000000
vn 0.9709009149493324 -0.1693977663681225 0.1692802708529271
v 0.3297190000000000 -0.1550250000000000 -0.1745480000000000
vn 0.4230042447267596 -0.4328389172853587 0.7960639927960454
v 0.1917260000000000 0.1963810000000000 0.0512340000000000
vn 0.9519135421005316 -0.0722502446709382 0.2977255624070745
v 0.3431900000000000 0.1780750000000000 -0.1788280000000000
vn -0.8566378568804105 0.1642550373100848 0.4890724536074383
v -0.0143880000000000 0.0321410000000000 0.1226950000000000
vn 0.6504386595586736 -0.7326812297127231 -0.2002692332290903
v 0.2482670000000000 -0.4308820000000000 -0.1984900000000000
vn 0.9324401337643312 0.2262607600940498 0.2817116706620774
v 0.1027590000000000 0.0008500000000000 0.1091340000000000
vn -0.5516863055690838 -0.1829805274305394 0.8137323557710957
v -0.1939560000000000 -0.0884170000000000 0.0170220000000000
vn 0.8749598089923117 0.3268542713102757 0.3572276836617877
v 0.0940420000000000 0.0742170000000000 0.0527690000000000
vn 0.7878632110139324 0.3478271340214887 0.5082202726861779
v 0.2899450000000000 0.0527480000000000 -0.0912720000000000
vn 0.7770528699523649 -0.2796861113101173 0.5638834245116784
v 0.2445350000000000 -0.3936260000000000 -0.0351910000000000
vn 0.8272301882373426 0.1274809156891830 0.5472100435882534
v 0.2939310000000000 0.3246150000000000 -0.0589200000000000
vn 0.9384876841531626 -0.0875181678345650 0.3340380771584501
v 0.3401160000000000 0.1554960000000000 -0.1739920000000000
vn 0.9318733413493047 -0.0832281880663668 0.3531078367774806
v 0.3425730000000000 0.1375760000000000 -0.1850850000000000
vn -0.7101188568556857 0.1210650210940628 0.6935953213549444
v -0.0308500000000000 -0.1009350000000000 0.1473260000000000
vn -0.0857806402796822 -0.4335495944481063 0.8970375861172655
v 0.0027950000000000 -0.3356600000000000 0.0938490000000000
vn 0.8561536978019961 -0.4613284863385749 0.2327592606804885
v 0.2654670000000000 -0.4114270000000000 -0.1073660000000000
vn 0.1022877667841365 -0.2880597506979330 0.9521338103408359
v 0.1169440000000000 -0.4366420000000000 0.0932480000000000
vn 0.8550296568352626 -0.0839490556172917 0.5117390370033716
v 0.1379750000000000 -0.1223880000000000 0.0685290000000000
vn -0.2898778380744614 0.6886467773797643 0.6646325714240476
v 0.0255030000000000 0.0958660000000000 0.1464210000000000
vn -0.0190587979422975 0.6829394472899543 0.7302263166692134
v 0.0380660000000000 0.0905810000000000 0.1546820000000000
vn -0.4578208275284301 -0.2487030599945398 0.8535495754966644
v -0.0283840000000000 -0.3106310000000000 0.0961540000000000
vn -0.8285353630818030 -0.2092252038477346 0.5193784421765876
v -0.2589280000000000 -0.1604490000000000 -0.0685350000000000
vn -0.3378034408524536 -0.5184954554614318 0.7855261281549361
v -0.0918140000000000 -0.2579960000000000 0.0727280000000000
vn 0.1061789356661403 -0.5488911415965743 0.8291227582798671
v 0.1848690000000000 0.1186030000000000 0.0154140000000000
vn -0.7621347590751839 -0.1139782892919360 0.6373064871625702
v -0.3411640000000000 0.2347340000000000 -0.1043300000000000
vn -0.7150288631817703 -0.2466250076071099 0.6541481716245781
v -0.1940420000000000 -0.3497620000000000 -0.0336620000000000
vn -0.2379047072957021 -0.0350652650042452 0.9706553340072512
v -0.0907720000000000 0.2591800000000000 0.1064430000000000
vn -0.7288645077798072 -0.1323502684159780 0.6717439510327712
v -0.3573640000000000 0.2321330000000000 -0.1224200000000000
vn -0.6215484982886359 -0.1841248337204339 0.7614299113395560
v -0.1505780000000000 -0.3248230000000000 0.0057310000000000
vn 0.9004266789867625 -0.1349424245163149 0.4135484709614198
v 0.2864270000000000 -0.3283430000000000 -0.0807050000000000
vn -0.4988685963584888 0.1735838243843162 0.8491164699141255
v -0.0745110000000000 -0.0523760000000000 0.0805730000000000
vn 0.4837166541525221 0.1715283505801631 0.8582518415026781
v 0.1386850000000000 -0.2058260000000000 0.1180110000000000
vn -0.8390599791772850 0.0460844544298879 0.5420835492826853
v -0.3407500000000000 0.3865160000000000 -0.1021560000000000
vn 0.8902813867060662 0.1045209520024340 0.4432543548316573
v 0.3032980000000000 0.3818200000000000 -0.0851260000000000
vn -0.9387417765846325 -0.1858503305302164 0.2902129072535148
v -0.3038460000000000 -0.1550920000000000 -0.1809390000000000
# 1867 vertices, 0 vertices normals

f 302//302 1644//1644 21//21
f 376//376 412//412 863//863
f 107//107 1069//1069 180//180
f 660//660 810//810 857//857
f 559//559 1766//1766 496//496
f 1852//1852 1851//1851 400//400
f 1708//1708 752//752 1536//1536
f 836//836 835//835 563//563
f 153//153 24//24 100//100
f 1256//1256 1684//1684 176//176
f 257//257 26//26 68//68
f 27//27 1400//1400 120//120
f 270//270 28//28 316//316
f 976//976 1512//1512 1094//1094
f 988//988 284//284 1271//1271
f 1853//1853 1682//1682 68//68
f 448//448 449//449 1161//1161
f 805//805 825//825 1500//1500
f 32//32 814//814 33//33
f 300//300 1604//1604 1043//1043
f 131//131 308//308 34//34
f 592//592 1866//1866 605//605
f 1817//1817 1260//1260 1663//1663
f 99//99 615//615 1171//1171
f 1658//1658 1298//1298 1547//1547
f 42//42 43//43 753//753
f 48//48 1324//1324 461//461
f 458//458 1851//1851 50//50
f 275//275 1787//1787 51//51
f 314//314 1215//1215 281//281
f 771//771 1700//1700 1702//1702
f 229//229 53//53 87//87
f 90//90 1806//1806 434//434
f 56//56 1608//1608 1432//1432
f 195//195 251//251 705//705
f 62//62 569//569 1655//1655
f 1655//1655 780//780 62//62
f 197//197 1098//1098 198//198
f 296//296 1032//1032 467//467
f 1431//1431 233//233 67//67
f 656//656 1856//1856 1497//1497
f 180//180 97//97 107//107
f 68//68 1338//1338 1853//1853
f 181//181 631//631 1261//1261
f 1684//1684 1615//1615 1616//1616
f 1437//1437 1755//1755 1643//1643
f 527//527 1602//1602 1545//1545
f 59//59 1675//1675 1660//1660
f 73//73 59//59 1746//1746
f 1812//1812 1821//1821 1157//1157
f 1105//1105 4//4 80//80
f 89//89 917//917 1365//1365
f 531//531 1545//1545 1509//1509
f 571//571 1289//1289 114//114
f 567//567 836//836 562//562
f 95//95 631//631 181//181
f 1780//1780 695//695 95//95
f 1023//1023 586//586 1708//1708
f 596//596 597//597 604//604
f 1318//1318 72//72 1317//1317
f 295//295 1817//1817 155//155
f 46//46 1302//1302 592//592
f 311//311 1606//1606 785//785
f 99//99 101//101 1372//1372
f 1758//1758 180//180 760//760
f 1766//1766 559//559 1204//1204
f 1701//1701 227//227 625//625
f 1752//1752 561//561 745//745
f 113//113 1741//1741 1735//1735
f 1740//1740 113//113 114//114
f 803//803 192//192 974//974
f 1641//1641 117//117 1146//1146
f 96//96 766//766 767//767
f 108//108 1663//1663 1614//1614
f 1636//1636 1635//1635 13//13
f 1018//1018 131//131 422//422
f 1592//1592 989//989 1439//1439
f 1857//1857 1860//1860 1654//1654
f 297//297 1654//1654 1651//1651
f 70//70 792//792 1691//1691
f 1305//1305 1408//1408 122//122
f 125//125 124//124 126//126
f 1772//1772 1033//1033 126//126
f 1587//1587 815//815 850//850
f 1587//1587 850//850 1553//1553
f 128//128 1436//1436 1622//1622
f 846//846 1491//1491 1128//1128
f 129//129 1618//1618 305//305
f 176//176 1689//1689 1676//1676
f 1495//1495 435//435 1497//1497
f 289//289 1614//1614 204//204
f 838//838 1098//1098 1861//1861
f 313//313 1479//1479 1687//1687
f 1248//1248 439//439 138//138
f 1117//1117 35//35 140//140
f 1165//1165 77//77 1805//1805
f 3//3 127//127 165//165
f 148//148 1348//1348 933//933
f 1467//1467 159//159 844//844
f 270//270 316//316 333//333
f 316//316 154//154 191//191
f 1497//1497 892//892 656//656
f 1753//1753 236//236 1754//1754
f 1747//1747 1617//1617 1748//1748
f 943//943 1058//1058 1391//1391
f 426//426 151//151 443//443
f 1358//1358 1800//1800 552//552
f 154//154 156//156 137//137
f 1075//1075 160//160 241//241
f 217//217 1156//1156 161//161
f 1420//1420 163//163 164//164
f 1637//1637 262//262 311//311
f 899//899 1106//1106 1535//1535
f 1119//1119 1836//1836 929//929
f 1680//1680 1628//1628 854//854
f 854//854 1628//1628 1351//1351
f 1391//1391 386//386 415//415
f 1370//1370 1112//1112 172//172
f 278//278 455//455 1789//1789
f 1764//1764 945//945 477//477
f 353//353 765//765 1286//1286
f 476//476 97//97 180//180
f 14//14 990//990 812//812
f 1031//1031 625//625 1555//1555
f 196//196 820//820 186//186
f 787//787 468//468 819//819
f 1099//1099 961//961 47//47
f 916//916 333//333 191//191
f 532//532 195//195 1360//1360
f 1800//1800 194//194 195//195
f 1353//1353 149//149 108//108
f 935//935 925//925 1103//1103
f 203//203 1169//1169 1677//1677
f 1285//1285 813//813 1316//1316
f 731//731 517//517 1209//1209
f 708//708 845//845 1688//1688
f 1807//1807 1794//1794 1786//1786
f 925//925 167//167 1103//1103
f 1182//1182 254//254 1546//1546
f 867//867 1384//1384 1383//1383
f 1796//1796 525//525 209//209
f 1082//1082 1496//1496 811//811
f 1654//1654 1667//1667 1651//1651
f 220//220 230//230 416//416
f 796//796 9//9 1368//1368
f 1515//1515 1016//1016 226//226
f 691//691 243//243 644//644
f 377//377 370//370 1567//1567
f 1429//1429 1434//1434 1297//1297
f 914//914 1652//1652 526//526
f 1072//1072 170//170 157//157
f 1155//1155 968//968 1147//1147
f 1147//1147 1467//1467 1155//1155
f 866//866 1202//1202 1384//1384
f 1220//1220 1219//1219 1569//1569
f 49//49 460//460 244//244
f 1527//1527 1075//1075 241//241
f 1159//1159 119//119 1160//1160
f 648//648 84//84 173//173
f 245//245 828//828 893//893
f 246//246 1011//1011 342//342
f 902//902 492//492 570//570
f 1661//1661 323//323 811//811
f 1016//1016 112//112 1696//1696
f 1177//1177 583//583 558//558
f 1104//1104 936//936 935//935
f 1022//1022 941//941 299//299
f 841//841 23//23 438//438
f 61//61 360//360 1560//1560
f 1586//1586 461//461 1593//1593
f 1355//1355 1451//1451 255//255
f 1500//1500 260//260 318//318
f 1459//1459 982//982 1041//1041
f 266//266 876//876 421//421
f 320//320 309//309 310//310
f 204//204 1614//1614 118//118
f 264//264 1507//1507 1778//1778
f 1017//1017 1586//1586 1593//1593
f 989//989 187//187 269//269
f 275//275 51//51 1773//1773
f 1038//1038 928//928 1037//1037
f 1398//1398 300//300 1040//1040
f 310//310 279//279 1771//1771
f 279//279 193//193 1771//1771
f 1634//1634 1284//1284 1283//1283
f 189//189 1679//1679 1646//1646
f 285//285 1499//1499 1603//1603
f 1499//1499 285//285 287//287
f 405//405 219//219 1703//1703
f 1089//1089 956//956 1300//1300
f 1676//1676 175//175 176//176
f 293//293 1436//1436 128//128
f 962//962 956//956 1089//1089
f 1272//1272 1768//1768 988//988
f 1783//1783 1857//1857 297//297
f 1751//1751 859//859 299//299
f 21//21 865//865 302//302
f 304//304 152//152 1808//1808
f 827//827 1574//1574 763//763
f 854//854 1470//1470 1770//1770
f 1132//1132 1632//1632 1351//1351
f 287//287 1420//1420 1499//1499
f 1612//1612 832//832 382//382
f 1071//1071 135//135 309//309
f 279//279 310//310 309//309
f 181//181 273//273 1758//1758
f 1050//1050 1760//1760 497//497
f 143//143 28//28 1152//1152
f 319//319 1451//1451 1355//1355
f 1559//1559 766//766 585//585
f 323//323 81//81 811//811
f 832//832 320//320 1759//1759
f 961//961 964//964 1865//1865
f 73//73 1299//1299 1675//1675
f 1047//1047 344//344 1275//1275
f 981//981 1100//1100 1041//1041
f 367//367 1578//1578 345//345
f 373//373 62//62 877//877
f 312//312 469//469 1855//1855
f 806//806 272//272 895//895
f 383//383 1564//1564 654//654
f 802//802 378//378 379//379
f 177//177 359//359 361//361
f 1427//1427 802//802 1734//1734
f 1427//1427 1734//1734 598//598
f 354//354 1554//1554 635//635
f 360//360 234//234 1560//1560
f 1378//1378 1846//1846 1268//1268
f 538//538 1417//1417 1825//1825
f 1277//1277 380//380 1413//1413
f 1445//1445 373//373 877//877
f 1434//1434 390//390 372//372
f 378//378 376//376 379//379
f 387//387 439//439 1248//1248
f 1392//1392 901//901 1572//1572
f 441//441 922//922 1058//1058
f 1388//1388 896//896 389//389
f 555//555 272//272 806//806
f 1724//1724 365//365 366//366
f 719//719 29//29 1379//1379
f 781//781 1254//1254 129//129
f 307//307 1254//1254 781//781
f 874//874 630//630 456//456
f 245//245 1296//1296 1096//1096
f 146//146 215//215 134//134
f 786//786 382//382 1267//1267
f 403//403 613//613 752//752
f 1011//1011 246//246 1005//1005
f 1438//1438 409//409 408//408
f 882//882 1463//1463 890//890
f 1145//1145 383//383 798//798
f 386//386 414//414 415//415
f 809//809 664//664 1309//1309
f 419//419 1334//1334 324//324
f 529//529 1043//1043 422//422
f 266//266 410//410 423//423
f 425//425 1369//1369 1045//1045
f 514//514 24//24 1782//1782
f 427//427 789//789 426//426
f 1018//1018 1009//1009 1008//1008
f 758//758 432//432 15//15
f 572//572 709//709 710//710
f 489//489 435//435 1495//1495
f 847//847 1810//1810 1472//1472
f 471//471 1232//1232 1179//1179
f 450//450 471//471 259//259
f 453//453 1636//1636 1589//1589
f 956//956 454//454 478//478
f 881//881 869//869 1446//1446
f 458//458 50//50 459//459
f 1526//1526 253//253 460//460
f 1324//1324 462//462 461//461
f 1080//1080 463//463 898//898
f 1575//1575 1314//1314 162//162
f 163//163 1538//1538 164//164
f 1522//1522 1062//1062 1573//1573
f 467//467 1777//1777 296//296
f 690//690 644//644 610//610
f 471//471 450//450 146//146
f 828//828 1096//1096 1149//1149
f 476//476 1263//1263 1765//1765
f 478//478 329//329 477//477
f 329//329 478//478 336//336
f 1180//1180 1373//1373 595//595
f 747//747 1510//1510 746//746
f 481//481 231//231 1841//1841
f 842//842 1348//1348 1301//1301
f 1381//1381 1312//1312 1426//1426
f 484//484 42//42 1447//1447
f 485//485 1166//1166 556//556
f 322//322 40//40 39//39
f 891//891 1150//1150 486//486
f 483//483 1723//1723 1135//1135
f 713//713 716//716 720//720
f 578//578 1862//1862 491//491
f 883//883 701//701 1358//1358
f 1200//1200 704//704 1519//1519
f 495//495 22//22 797//797
f 1424//1424 1305//1305 639//639
f 1845//1845 556//556 502//502
f 911//911 507//507 1085//1085
f 498//498 506//506 1169//1169
f 642//642 1694//1694 243//243
f 1175//1175 506//506 599//599
f 512//512 516//516 1694//1694
f 510//510 101//101 1171//1171
f 517//517 1727//1727 523//523
f 1245//1245 1775//1775 1729//1729
f 523//523 1662//1662 727//727
f 1209//1209 206//206 1806//1806
f 670//670 1698//1698 669//669
f 1472//1472 1810//1810 16//16
f 525//525 1240//1240 1241//1241
f 685//685 525//525 1796//1796
f 1200//1200 552//552 532//532
f 710//710 845//845 1199//1199
f 1492//1492 1856//1856 18//18
f 1277//1277 397//397 1287//1287
f 1749//1749 1829//1829 682//682
f 1394//1394 1395//1395 632//632
f 4//4 1589//1589 1634//1634
f 521//521 545//545 1053//1053
f 1793//1793 620//620 1795//1795
f 1414//1414 1799//1799 1389//1389
f 550//550 1838//1838 548//548
f 687//687 553//553 549//549
f 560//560 350//350 1174//1174
f 564//564 1205//1205 561//561
f 1706//1706 1308//1308 1148//1148
f 689//689 560//560 1067//1067
f 563//563 1308//1308 560//560
f 565//565 1752//1752 746//746
f 567//567 759//759 568//568
f 1470//1470 824//824 1501//1501
f 576//576 794//794 574//574
f 598//598 741//741 1197//1197
f 1848//1848 749//749 637//637
f 581//581 1640//1640 1177//1177
f 1295//1295 1297//1297 589//589
f 1281//1281 697//697 588//588
f 1145//1145 1303//1303 355//355
f 1373//1373 1180//1180 1372//1372
f 603//603 897//897 1363//1363
f 1325//1325 1692//1692 605//605
f 1695//1695 623//623 1293//1293
f 616//616 211//211 1235//1235
f 1601//1601 613//613 706//706
f 104//104 610//610 1739//1739
f 1739//1739 1239//1239 618//618
f 1863//1863 1349//1349 987//987
f 1481//1481 908//908 671//671
f 1335//1335 900//900 626//626
f 1084//1084 510//510 485//485
f 633//633 1091//1091 961//961
f 917//917 919//919 640//640
f 1722//1722 1379//1379 436//436
f 238//238 647//647 1811//1811
f 798//798 411//411 684//684
f 834//834 84//84 920//920
f 673//673 1640//1640 581//581
f 673//673 581//581 647//647
f 507//507 184//184 1085//1085
f 904//904 1824//1824 651//651
f 495//495 698//698 650//650
f 953//953 655//655 1224//1224
f 1822//1822 188//188 697//697
f 593//593 411//411 798//798
f 362//362 490//490 909//909
f 878//878 1569//1569 661//661
f 670//670 669//669 673//673
f 674//674 1392//1392 1217//1217
f 1217//1217 1392//1392 764//764
f 676//676 420//420 646//646
f 677//677 1243//1243 534//534
f 545//545 858//858 1053//1053
f 685//685 55//55 90//90
f 588//588 1830//1830 1762//1762
f 698//698 653//653 650//650
f 700//700 1202//1202 866//866
f 695//695 632//632 631//631
f 811//811 81//81 1082//1082
f 1200//1200 532//532 704//704
f 1721//1721 709//709 711//711
f 531//531 909//909 490//490
f 1730//1730 1734//1734 748//748
f 1806//1806 1725//1725 1688//1688
f 1736//1736 722//722 714//714
f 613//613 612//612 829//829
f 1231//1231 1297//1297 1295//1295
f 1331//1331 1219//1219 663//663
f 1178//1178 1189//1189 730//730
f 1178//1178 407//407 1084//1084
f 599//599 1//1 1175//1175
f 740//740 1185//1185 624//624
f 742//742 1831//1831 960//960
f 307//307 112//112 1699//1699
f 1699//1699 918//918 750//750
f 800//800 748//748 802//802
f 201//201 1242//1242 749//749
f 1356//1356 754//754 930//930
f 718//718 1194//1194 727//727
f 1290//1290 1848//1848 1719//1719
f 1770//1770 326//326 1769//1769
f 755//755 1279//1279 1362//1362
f 1578//1578 758//758 433//433
f 171//171 764//764 1392//1392
f 884//884 768//768 1048//1048
f 1565//1565 1307//1307 660//660
f 1455//1455 1326//1326 772//772
f 772//772 1440//1440 816//816
f 1700//1700 205//205 505//505
f 969//969 784//784 1576//1576
f 787//787 310//310 468//468
f 272//272 389//389 895//895
f 508//508 1229//1229 1388//1388
f 574//574 359//359 1566//1566
f 804//804 1465//1465 1568//1568
f 786//786 1732//1732 782//782
f 1466//1466 1213//1213 281//281
f 807//807 294//294 1259//1259
f 810//810 1307//1307 767//767
f 808//808 258//258 1153//1153
f 754//754 779//779 246//246
f 791//791 404//404 790//790
f 1063//1063 1345//1345 1577//1577
f 822//822 1291//1291 686//686
f 1833//1833 1739//1739 823//823
f 1125//1125 830//830 831//831
f 884//884 920//920 1072//1072
f 1210//1210 220//220 1341//1341
f 1618//1618 1117//1117 305//305
f 842//842 1076//1076 843//843
f 1295//1295 535//535 1705//1705
f 847//847 436//436 29//29
f 852//852 726//726 853//853
f 1079//1079 1526//1526 1080//1080
f 911//911 1274//1274 692//692
f 288//288 981//981 878//878
f 1593//1593 461//461 872//872
f 1401//1401 1399//1399 862//862
f 384//384 1137//1137 1136//1136
f 870//870 774//774 1160//1160
f 871//871 1620//1620 774//774
f 1056//1056 987//987 235//235
f 1086//1086 1480//1480 1620//1620
f 1243//1243 1776//1776 534//534
f 881//881 882//882 885//885
f 4//4 755//755 1362//1362
f 795//795 370//370 369//369
f 1756//1756 879//879 880//880
f 71//71 275//275 72//72
f 1822//1822 1211//1211 883//883
f 887//887 875//875 889//889
f 890//890 875//875 887//887
f 1272//1272 1619//1619 257//257
f 1150//1150 332//332 893//893
f 897//897 641//641 40//40
f 898//898 1079//1079 1080//1080
f 901//901 350//350 173//173
f 905//905 1730//1730 1556//1556
f 909//909 912//912 892//892
f 912//912 341//341 368//368
f 1345//1345 1063//1063 672//672
f 1062//1062 1669//1669 1573//1573
f 603//603 641//641 897//897
f 1523//1523 1228//1228 922//922
f 416//416 230//230 1007//1007
f 932//932 1836//1836 925//925
f 1124//1124 926//926 928//928
f 868//868 929//929 1836//1836
f 930//930 246//246 342//342
f 45//45 933//933 1348//1348
f 1057//1057 240//240 1060//1060
f 1660//1660 1675//1675 938//938
f 1500//1500 282//282 805//805
f 756//756 1093//1093 940//940
f 1050//1050 863//863 1488//1488
f 480//480 1805//1805 77//77
f 950//950 951//951 958//958
f 653//653 954//954 1227//1227
f 957//957 397//397 1052//1052
f 493//493 192//192 1805//1805
f 959//959 952//952 958//958
f 1247//1247 658//658 551//551
f 1223//1223 121//121 1506//1506
f 157//157 53//53 229//229
f 345//345 1121//1121 346//346
f 1021//1021 1034//1034 1238//1238
f 833//833 1820//1820 741//741
f 988//988 1033//1033 284//284
f 1439//1439 870//870 340//340
f 991//991 554//554 1631//1631
f 37//37 996//996 1025//1025
f 444//444 994//994 1238//1238
f 1002//1002 280//280 74//74
f 179//179 1344//1344 1014//1014
f 818//818 1005//1005 1606//1606
f 1020//1020 996//996 1010//1010
f 416//416 1007//1007 1009//1009
f 619//619 5//5 1317//1317
f 189//189 1019//1019 331//331
f 299//299 1265//1265 1022//1022
f 1611//1611 1035//1035 1021//1021
f 1036//1036 1121//1121 225//225
f 924//924 1066//1066 1575//1575
f 981//981 982//982 1220//1220
f 1043//1043 1040//1040 300//300
f 954//954 955//955 1227//1227
f 1022//1022 142//142 249//249
f 1044//1044 1049//1049 1045//1045
f 399//399 442//442 1052//1052
f 1052//1052 1060//1060 399//399
f 788//788 151//151 789//789
f 1400//1400 384//384 120//120
f 358//358 1061//1061 394//394
f 1060//1060 944//944 1057//1057
f 1064//1064 2//2 718//718
f 884//884 171//171 834//834
f 1444//1444 1068//1068 855//855
f 799//799 1443//1443 621//621
f 1482//1482 1816//1816 141//141
f 936//936 267//267 934//934
f 843//843 911//911 1077//1077
f 1077//1077 1085//1085 235//235
f 1079//1079 898//898 900//900
f 1027//1027 323//323 1661//1661
f 611//611 1129//1129 1103//1103
f 237//237 331//331 330//330
f 1090//1090 984//984 401//401
f 945//945 457//457 477//477
f 644//644 686//686 1291//1291
f 1100//1100 288//288 1253//1253
f 1629//1629 466//466 792//792
f 224//224 1457//1457 1153//1153
f 425//425 1361//1361 1108//1108
f 1108//1108 1361//1361 1112//1112
f 1110//1110 547//547 1795//1795
f 986//986 1462//1462 970//970
f 731//731 686//686 516//516
f 462//462 1116//1116 872//872
f 140//140 305//305 1117//1117
f 1320//1320 662//662 1459//1459
f 1441//1441 219//219 1622//1622
f 1133//1133 1005//1005 779//779
f 782//782 1135//1135 382//382
f 723//723 1104//1104 1070//1070
f 1476//1476 1491//1491 1479//1479
f 1142//1142 294//294 1141//1141
f 327//327 1466//1466 281//281
f 1213//1213 1466//1466 1143//1143
f 580//580 117//117 880//880
f 1150//1150 893//893 1151//1151
f 891//891 486//486 837//837
f 1032//1032 296//296 283//283
f 31//31 1772//1772 124//124
f 1124//1124 928//928 1154//1154
f 744//744 1503//1503 1469//1469
f 743//743 117//117 1641//1641
f 1234//1234 624//624 601//601
f 6//6 190//190 524//524
f 617//617 735//735 1166//1166
f 1292//1292 737//737 1170//1170
f 615//615 1166//1166 1171//1171
f 297//297 1659//1659 1783//1783
f 558//558 1176//1176 1177//1177
f 1184//1184 1236//1236 1183//1183
f 1127//1127 649//649 182//182
f 728//728 1809//1809 1189//1189
f 1190//1190 1809//1809 58//58
f 725//725 722//722 728//728
f 1725//1725 1194//1194 2//2
f 1195//1195 1516//1516 1064//1064
f 1195//1195 1662//1662 487//487
f 1725//1725 206//206 1194//1194
f 1709//1709 406//406 1196//1196
f 966//966 598//598 1197//1197
f 1199//1199 1738//1738 572//572
f 723//723 761//761 1039//1039
f 1304//1304 1207//1207 1801//1801
f 1243//1243 678//678 1833//1833
f 1208//1208 646//646 420//420
f 1666//1666 646//646 642//642
f 533//533 666//666 663//663
f 535//535 1225//1225 1224//1224
f 1227//1227 650//650 653//653
f 1229//1229 1230//1230 640//640
f 1231//1231 61//61 1429//1429
f 566//566 1528//1528 1232//1232
f 1234//1234 623//623 1695//1695
f 678//678 212//212 1239//1239
f 132//132 1713//1713 1716//1716
f 479//479 637//637 1242//1242
f 1348//1348 148//148 1301//1301
f 631//631 1262//1262 1261//1261
f 1272//1272 988//988 1271//1271
f 8//8 446//446 1265//1265
f 1681//1681 1266//1266 1270//1270
f 1859//1859 769//769 1028//1028
f 1073//1073 1078//1078 1075//1075
f 643//643 1140//1140 1139//1139
f 1516//1516 1517//1517 627//627
f 1390//1390 904//904 948//948
f 1368//1368 1657//1657 1285//1285
f 1288//1288 1377//1377 793//793
f 1299//1299 938//938 1675//1675
f 1801//1801 1609//1609 1304//1304
f 1363//1363 322//322 1625//1625
f 643//643 1164//1164 563//563
f 1309//1309 946//946 846//846
f 32//32 1312//1312 473//473
f 1386//1386 839//839 1313//1313
f 1255//1255 1854//1854 169//169
f 263//263 266//266 1320//1320
f 914//914 13//13 1635//1635
f 1449//1449 445//445 38//38
f 1330//1330 417//417 1328//1328
f 870//870 1030//1030 1591//1591
f 1473//1473 459//459 274//274
f 1371//1371 595//595 1373//1373
f 1247//1247 693//693 1139//1139
f 853//853 459//459 50//50
f 521//521 391//391 388//388
f 648//648 173//173 582//582
f 898//898 1082//1082 1582//1582
f 1155//1155 1764//1764 329//329
f 1036//1036 1339//1339 1118//1118
f 1329//1329 1342//1342 1852//1852
f 348//348 1276//1276 1443//1443
f 1299//1299 106//106 939//939
f 878//878 770//770 288//288
f 789//789 1357//1357 268//268
f 1378//1378 374//374 1657//1657
f 1624//1624 189//189 331//331
f 894//894 1105//1105 1864//1864
f 1366//1366 427//427 426//426
f 1049//1049 60//60 151//151
f 1375//1375 856//856 813//813
f 1108//1108 373//373 1107//1107
f 231//231 1373//1373 1372//1372
f 1361//1361 428//428 1359//1359
f 478//478 457//457 956//956
f 273//273 1261//1261 1417//1417
f 1391//1391 1278//1278 1390//1390
f 671//671 862//862 1399//1399
f 694//694 1109//1109 1401//1401
f 1404//1404 1410//1410 1799//1799
f 860//860 1403//1403 1402//1402
f 1405//1405 1410//1410 1404//1404
f 1407//1407 1413//1413 380//380
f 1448//1448 1389//1389 1381//1381
f 1412//1412 1416//1416 1414//1414
f 1418//1418 1419//1419 153//153
f 153//153 1419//1419 508//508
f 513//513 1405//1405 100//100
f 1517//1517 242//242 627//627
f 1389//1389 1428//1428 110//110
f 1433//1433 1411//1411 1434//1434
f 350//350 901//901 1282//1282
f 345//345 346//346 672//672
f 753//753 1448//1448 1447//1447
f 1451//1451 319//319 1450//1450
f 1453//1453 754//754 255//255
f 1047//1047 1350//1350 1346//1346
f 1732//1732 119//119 1458//1458
f 1697//1697 763//763 27//27
f 624//624 596//596 601//601
f 854//854 291//291 1470//1470
f 343//343 274//274 71//71
f 436//436 1472//1472 849//849
f 213//213 1347//1347 1346//1346
f 1474//1474 1533//1533 1475//1475
f 437//437 1473//1473 343//343
f 1480//1480 775//775 1620//1620
f 1286//1286 397//397 250//250
f 1438//1438 942//942 409//409
f 1814//1814 1485//1485 1487//1487
f 1488//1488 1489//1489 138//138
f 1727//1727 1188//1188 1490//1490
f 966//966 1495//1495 1494//1494
f 1498//1498 1493//1493 489//489
f 1493//1493 1498//1498 1197//1197
f 1215//1215 1216//1216 327//327
f 876//876 715//715 840//840
f 1456//1456 715//715 876//876
f 768//768 913//913 1048//1048
f 258//258 224//224 1153//1153
f 777//777 1621//1621 778//778
f 1516//1516 1554//1554 1517//1517
f 1397//1397 1094//1094 1512//1512
f 1521//1521 1519//1519 1738//1738
f 1647//1647 475//475 1019//1019
f 1508//1508 1528//1528 1529//1529
f 1746//1746 382//382 1135//1135
f 339//339 169//169 1321//1321
f 1248//1248 1438//1438 1437//1437
f 1350//1350 410//410 210//210
f 1541//1541 156//156 28//28
f 9//9 796//796 1026//1026
f 1029//1029 1036//1036 1551//1551
f 1545//1545 1123//1123 130//130
f 248//248 225//225 1120//1120
f 337//337 1544//1544 1119//1119
f 178//178 1118//1118 1124//1124
f 248//248 433//433 758//758
f 934//934 932//932 935//935
f 1104//1104 723//723 936//936
f 1584//1584 554//554 990//990
f 351//351 1421//1421 1774//1774
f 648//648 1511//1511 927//927
f 363//363 800//800 361//361
f 1557//1557 1549//1549 76//76
f 447//447 221//221 446//446
f 1424//1424 1561//1561 356//356
f 1034//1034 1021//1021 974//974
f 1566//1566 1516//1516 576//576
f 1055//1055 943//943 947//947
f 1392//1392 1572//1572 171//171
f 1106//1106 1571//1571 240//240
f 413//413 1577//1577 799//799
f 1074//1074 1579//1579 1573//1573
f 1581//1581 162//162 1332//1332
f 1078//1078 160//160 1075//1075
f 160//160 1582//1582 241//241
f 1585//1585 254//254 1083//1083
f 1010//1010 991//991 1020//1020
f 1553//1553 184//184 1587//1587
f 152//152 1588//1588 1808//1808
f 1592//1592 821//821 144//144
f 1115//1115 1017//1017 1593//1593
f 804//804 1624//1624 1595//1595
f 1149//1149 1465//1465 1468//1468
f 706//706 1600//1600 1601//1601
f 403//403 1745//1745 424//424
f 300//300 193//193 1604//1604
f 1439//1439 340//340 1334//1334
f 1538//1538 137//137 156//156
f 693//693 867//867 591//591
f 724//724 659//659 1408//1408
f 993//993 1606//1606 1607//1607
f 1114//1114 932//932 1111//1111
f 214//214 1028//1028 769//769
f 1619//1619 1271//1271 147//147
f 1480//1480 1086//1086 778//778
f 126//126 1605//1605 125//125
f 1589//1589 1625//1625 1626//1626
f 622//622 265//265 1690//1690
f 1627//1627 1628//1628 1680//1680
f 1445//1445 983//983 1107//1107
f 1534//1534 175//175 1630//1630
f 1631//1631 1020//1020 991//991
f 1132//1132 1252//1252 1632//1632
f 141//141 539//539 1645//1645
f 939//939 106//106 1547//1547
f 36//36 1648//1648 466//466
f 1659//1659 149//149 304//304
f 1664//1664 1598//1598 1353//1353
f 1138//1138 487//487 488//488
f 509//509 1273//1273 297//297
f 1525//1525 1802//1802 1803//1803
f 1669//1669 12//12 1074//1074
f 472//472 1312//1312 1315//1315
f 1169//1169 1168//1168 1677//1677
f 121//121 368//368 341//341
f 371//371 394//394 398//398
f 803//803 1191//1191 972//972
f 1531//1531 1844//1844 1249//1249
f 1266//1266 1681//1681 132//132
f 1158//1158 1769//1769 313//313
f 59//59 1612//1612 998//998
f 618//618 1685//1685 104//104
f 1686//1686 691//691 690//690
f 845//845 530//530 528//528
f 1690//1690 287//287 622//622
f 1720//1720 1718//1718 86//86
f 211//211 616//616 607//607
f 294//294 207//207 1558//1558
f 505//505 1244//1244 776//776
f 1177//1177 927//927 1511//1511
f 200//200 198//198 1612//1612
f 766//766 801//801 609//609
f 586//586 1023//1023 597//597
f 360//360 1231//1231 1705//1705
f 1023//1023 1536//1536 829//829
f 1//1 1702//1702 1175//1175
f 1714//1714 1841//1841 1710//1710
f 586//586 1196//1196 1719//1719
f 1722//1722 579//579 1724//1724
f 515//515 1729//1729 1720//1720
f 749//749 1848//1848 1733//1733
f 1722//1722 1724//1724 366//366
f 741//741 1820//1820 1493//1493
f 277//277 41//41 150//150
f 1725//1725 2//2 628//628
f 940//940 152//152 1598//1598
f 1180//1180 1743//1743 1704//1704
f 1729//1729 1775//1775 511//511
f 1732//1732 1135//1135 782//782
f 571//571 1735//1735 1733//1733
f 1736//1736 531//531 490//490
f 1658//1658 1547//1547 106//106
f 114//114 113//113 571//571
f 1738//1738 704//704 572//572
f 1737//1737 658//658 1247//1247
f 482//482 512//512 1743//1743
f 111//111 835//835 836//836
f 1299//1299 73//73 339//339
f 1746//1746 339//339 73//73
f 1243//1243 822//822 1776//1776
f 1202//1202 1126//1126 584//584
f 1775//1775 1245//1245 16//16
f 227//227 1753//1753 1630//1630
f 558//558 583//583 584//584
f 1689//1689 1684//1684 1610//1610
f 1089//1089 155//155 1665//1665
f 1813//1813 559//559 1755//1755
f 535//535 1223//1223 234//234
f 169//169 1646//1646 1679//1679
f 1548//1548 1663//1663 108//108
f 1763//1763 1464//1464 321//321
f 1767//1767 1204//1204 1761//1761
f 1682//1682 1853//1853 63//63
f 1768//1768 193//193 1605//1605
f 283//283 1507//1507 261//261
f 1777//1777 1691//1691 1778//1778
f 915//915 1653//1653 1779//1779
f 1636//1636 232//232 1635//1635
f 51//51 549//549 1781//1781
f 1782//1782 1780//1780 1784//1784
f 1786//1786 1784//1784 1294//1294
f 93//93 1791//1791 553//553
f 1785//1785 1808//1808 1788//1788
f 687//687 852//852 1206//1206
f 1797//1797 546//546 1798//1798
f 1304//1304 1799//1799 1798//1798
f 280//280 1616//1616 1255//1255
f 1775//1775 725//725 522//522
f 277//277 1664//1664 1617//1617
f 1364//1364 89//89 1367//1367
f 1365//1365 886//886 43//43
f 42//42 1366//1366 1365//1365
f 11//11 521//521 388//388
f 544//544 894//894 1363//1363
f 927//927 921//921 84//84
f 1849//1849 1217//1217 675//675
f 742//742 1497//1497 66//66
f 543//543 1319//1319 5//5
f 136//136 543//543 1813//1813
f 136//136 1755//1755 408//408
f 1815//1815 1814//1814 1818//1818
f 185//185 154//154 1672//1672
f 762//762 697//697 1279//1279
f 1825//1825 542//542 1823//1823
f 1818//1818 20//20 1824//1824
f 1289//1289 1731//1731 114//114
f 1828//1828 1487//1487 539//539
f 1819//1819 406//406 1826//1826
f 588//588 1829//1829 1830//1830
f 1102//1102 538//538 1567//1567
f 537//537 682//682 1829//1829
f 655//655 1828//1828 1834//1834
f 714//714 725//725 527//527
f 312//312 34//34 308//308
f 231//231 1233//1233 1711//1711
f 1191//1191 1352//1352 972//972
f 1664//1664 1613//1613 1748//1748
f 183//183 1254//1254 52//52
f 659//659 733//733 1302//1302
f 946//946 664//664 967//967
f 693//693 591//591 1139//1139
f 133//133 1671//1671 1608//1608
f 1210//1210 1847//1847 87//87
f 1847//1847 1341//1341 1338//1338
f 1395//1395 103//103 65//65
f 1849//1849 115//115 116//116
f 1850//1850 65//65 25//25
f 1852//1852 1343//1343 50//50
f 792//792 1538//1538 163//163
f 1031//1031 351//351 405//405
f 1644//1644 302//302 992//992
f 25//25 22//22 1850//1850
f 22//22 25//25 508//508
f 369//369 376//376 863//863
f 24//24 514//514 513//513
f 1782//1782 24//24 102//102
f 1004//1004 636//636 634//634
f 613//613 403//403 706//706
f 1846//1846 1154//1154 1268//1268
f 479//479 448//448 1744//1744
f 23//23 400//400 1851//1851
f 496//496 1766//1766 1765//1765
f 1788//1788 1789//1789 1792//1792
f 400//400 23//23 1544//1544
f 1510//1510 568//568 759//759
f 24//24 153//153 25//25
f 1256//1256 176//176 175//175
f 68//68 1847//1847 1338//1338
f 257//257 68//68 1272//1272
f 1847//1847 68//68 26//26
f 1658//1658 106//106 1679//1679
f 1210//1210 53//53 1337//1337
f 668//668 915//915 1779//1779
f 1312//1312 472//472 473//473
f 1697//1697 202//202 1558//1558
f 1428//1428 472//472 110//110
f 472//472 1428//1428 1670//1670
f 316//316 28//28 156//156
f 1671//1671 1156//1156 472//472
f 233//233 218//218 161//161
f 1290//1290 577//577 1731//1731
f 529//529 34//34 1855//1855
f 766//766 1484//1484 810//810
f 31//31 1638//1638 467//467
f 729//729 1178//1178 730//730
f 33//33 404//404 32//32
f 326//326 1476//1476 313//313
f 54//54 87//87 967//967
f 35//35 64//64 308//308
f 35//35 1117//1117 64//64
f 140//140 35//35 1696//1696
f 1257//1257 1256//1256 1533//1533
f 1257//1257 1533//1533 1474//1474
f 1260//1260 1817//1817 1352//1352
f 101//101 99//99 1171//1171
f 301//301 1250//1250 142//142
f 1805//1805 192//192 1165//1165
f 790//790 856//856 38//38
f 1185//1185 1184//1184 534//534
f 1617//1617 78//78 41//41
f 242//242 1517//1517 44//44
f 1447//1447 42//42 753//753
f 1728//1728 976//976 950//950
f 1728//1728 756//756 976//976
f 46//46 587//587 96//96
f 587//587 46//46 592//592
f 961//961 286//286 47//47
f 132//132 303//303 1713//1713
f 48//48 418//418 417//417
f 104//104 1685//1685 610//610
f 1614//1614 1353//1353 108//108
f 1787//1787 275//275 726//726
f 327//327 281//281 1215//1215
f 52//52 750//750 751//751
f 239//239 1640//1640 1698//1698
f 1640//1640 239//239 927//927
f 1698//1698 1640//1640 669//669
f 781//781 140//140 112//112
f 1589//1589 13//13 1634//1634
f 13//13 1589//1589 1636//1636
f 520//520 1776//1776 55//55
f 326//326 1770//1770 325//325
f 1770//1770 1470//1470 325//325
f 87//87 53//53 1210//1210
f 87//87 54//54 229//229
f 229//229 665//665 166//166
f 122//122 638//638 1305//1305
f 638//638 639//639 1305//1305
f 429//429 133//133 56//56
f 133//133 1608//1608 56//56
f 321//321 1596//1596 1533//1533
f 1042//1042 284//284 283//283
f 1809//1809 1820//1820 58//58
f 705//705 1360//1360 195//195
f 129//129 1254//1254 335//335
f 1201//1201 118//118 1260//1260
f 62//62 172//172 569//569
f 1370//1370 62//62 373//373
f 1683//1683 1098//1098 197//197
f 534//534 1184//1184 677//677
f 1231//1231 1295//1295 1705//1705
f 1184//1184 1185//1185 740//740
f 1604//1604 1682//1682 63//63
f 65//65 102//102 25//25
f 1497//1497 742//742 1494//1494
f 680//680 69//69 1801//1801
f 97//97 476//476 1840//1840
f 429//429 67//67 233//233
f 1432//1432 1608//1608 69//69
f 1558//1558 1849//1849 675//675
f 69//69 680//680 1432//1432
f 438//438 1851//1851 458//458
f 1534//1534 1753//1753 1763//1763
f 1684//1684 1256//1256 1615//1615
f 1437//1437 1643//1643 387//387
f 1755//1755 1437//1437 408//408
f 713//713 1493//1493 716//716
f 489//489 1495//1495 1498//1498
f 830//830 762//762 1821//1821
f 1821//1821 831//831 830//830
f 1616//1616 280//280 975//975
f 65//65 1396//1396 1395//1395
f 75//75 65//65 1850//1850
f 59//59 73//73 1675//1675
f 199//199 59//59 1660//1660
f 280//280 109//109 74//74
f 1850//1850 22//22 696//696
f 1746//1746 59//59 998//998
f 696//696 75//75 1850//1850
f 1723//1723 74//74 1001//1001
f 316//316 156//156 154//154
f 1539//1539 1672//1672 1673//1673
f 1089//1089 77//77 295//295
f 1486//1486 1815//1815 543//543
f 831//831 1821//1821 1812//1812
f 496//496 1263//1263 79//79
f 519//519 509//509 1802//1802
f 1105//1105 544//544 4//4
f 448//448 479//479 449//449
f 1744//1744 448//448 1837//1837
f 5//5 1813//1813 543//543
f 241//241 214//214 158//158
f 82//82 1440//1440 83//83
f 1659//1659 297//297 1273//1273
f 1233//1233 729//729 1710//1710
f 1233//1233 1178//1178 729//729
f 1857//1857 1792//1792 1860//1860
f 96//96 767//767 638//638
f 84//84 1572//1572 173//173
f 638//638 767//767 639//639
f 505//505 85//85 503//503
f 937//937 185//185 1672//1672
f 1091//1091 1716//1716 286//286
f 972//972 1352//1352 295//295
f 972//972 295//295 77//77
f 972//972 77//77 1165//1165
f 89//89 1366//1366 1367//1367
f 41//41 37//37 1757//1757
f 92//92 354//354 536//536
f 548//548 1838//1838 1543//1543
f 93//93 1206//1206 518//518
f 1294//1294 550//550 1786//1786
f 57//57 174//174 760//760
f 174//174 181//181 760//760
f 1758//1758 760//760 181//181
f 561//561 1205//1205 879//879
f 562//562 564//564 567//567
f 643//643 1740//1740 1140//1140
f 1140//1140 1740//1740 1842//1842
f 57//57 1294//1294 95//95
f 549//549 105//105 94//94
f 105//105 549//549 553//553
f 1843//1843 659//659 1327//1327
f 1311//1311 1327//1327 659//659
f 95//95 181//181 174//174
f 1615//1615 1257//1257 1258//1258
f 46//46 96//96 638//638
f 1181//1181 599//599 733//733
f 1023//1023 604//604 597//597
f 596//596 624//624 209//209
f 596//596 604//604 601//601
f 105//105 1766//1766 1767//1767
f 99//99 1173//1173 717//717
f 24//24 513//513 100//100
f 1606//1606 311//311 1607//1607
f 1607//1607 311//311 262//262
f 304//304 1598//1598 152//152
f 197//197 1858//1858 1683//1683
f 102//102 103//103 1782//1782
f 97//97 1840//1840 105//105
f 97//97 105//105 553//553
f 1204//1204 1767//1767 1766//1766
f 1273//1273 1590//1590 1548//1548
f 1701//1701 1101//1101 192//192
f 1752//1752 565//565 561//561
f 472//472 1315//1315 110//110
f 979//979 21//21 123//123
f 21//21 1644//1644 123//123
f 568//568 113//113 111//111
f 1735//1735 571//571 113//113
f 1305//1305 1424//1424 501//501
f 112//112 1016//1016 1515//1515
f 1699//1699 1514//1514 1214//1214
f 1699//1699 1214//1214 918//918
f 232//232 230//230 667//667
f 803//803 972//972 1165//1165
f 232//232 1214//1214 1514//1514
f 1236//1236 1184//1184 1237//1237
f 573//573 1140//1140 577//577
f 1545//1545 130//130 1509//1509
f 1696//1696 112//112 140//140
f 115//115 1146//1146 116//116
f 1722//1722 436//436 1186//1186
f 116//116 117//117 580//580
f 1633//1633 1641//1641 1146//1146
f 1142//1142 1641//1641 1633//1633
f 307//307 1699//1699 750//750
f 120//120 1136//1136 1216//1216
f 607//607 1184//1184 740//740
f 573//573 1247//1247 1140//1140
f 1247//1247 573//573 575//575
f 53//53 157//157 170//170
f 382//382 998//998 1612//1612
f 276//276 1160//1160 119//119
f 119//119 483//483 1458//1458
f 276//276 119//119 340//340
f 1159//1159 1160//1160 774//774
f 822//822 823//823 1291//1291
f 823//823 822//822 1833//1833
f 607//607 1163//1163 1695//1695
f 13//13 238//238 1284//1284
f 1136//1136 120//120 384//384
f 125//125 193//193 279//279
f 1771//1771 468//468 310//310
f 53//53 668//668 1337//1337
f 1018//1018 430//430 131//131
f 186//186 1592//1592 1439//1439
f 1106//1106 899//899 1335//1335
f 1642//1642 1638//1638 1683//1683
f 1215//1215 120//120 1216//1216
f 1400//1400 27//27 763//763
f 763//763 1697//1697 675//675
f 318//318 1420//1420 164//164
f 1012//1012 123//123 1644//1644
f 124//124 309//309 135//135
f 883//883 552//552 188//188
f 124//124 1772//1772 126//126
f 1623//1623 815//815 1587//1587
f 128//128 165//165 127//127
f 1441//1441 1622//1622 1056//1056
f 1623//1623 1587//1587 256//256
f 1642//1642 467//467 1638//1638
f 1622//1622 1436//1436 1056//1056
f 82//82 816//816 1440//1440
f 1621//1621 293//293 1480//1480
f 1621//1621 1576//1576 861//861
f 1491//1491 1476//1476 1137//1137
f 846//846 1128//1128 1309//1309
f 1618//1618 129//129 980//980
f 311//311 1457//1457 139//139
f 1033//1033 1772//1772 1032//1032
f 34//34 422//422 131//131
f 430//430 35//35 131//131
f 35//35 430//430 1696//1696
f 430//430 1018//1018 1008//1008
f 317//317 566//566 1747//1747
f 393//393 64//64 1117//1117
f 1192//1192 262//262 1201//1201
f 1610//1610 975//975 1013//1013
f 289//289 1613//1613 1614//1614
f 1861//1861 31//31 135//135
f 31//31 124//124 135//135
f 145//145 888//888 1454//1454
f 1486//1486 136//136 409//409
f 136//136 408//408 409//409
f 75//75 696//696 1226//1226
f 138//138 18//18 1248//1248
f 1114//1114 868//868 1836//1836
f 1858//1858 466//466 1629//1629
f 1612//1612 59//59 200//200
f 309//309 125//125 279//279
f 1647//1647 1475//1475 475//475
f 1804//1804 303//303 1681//1681
f 1512//1512 941//941 249//249
f 143//143 282//282 1541//1541
f 1478//1478 393//393 144//144
f 64//64 393//393 1478//1478
f 1117//1117 1618//1618 393//393
f 146//146 134//134 145//145
f 260//260 1603//1603 1499//1499
f 1499//1499 318//318 260//260
f 706//706 424//424 1599//1599
f 1468//1468 1650//1650 1149//1149
f 1149//1149 1649//1649 828//828
f 844//844 76//76 1467//1467
f 464//464 1078//1078 1073//1073
f 1598//1598 304//304 149//149
f 1596//1596 1464//1464 1467//1467
f 332//332 270//270 333//333
f 333//333 316//316 191//191
f 1001//1001 339//339 1746//1746
f 892//892 1497//1497 435//435
f 240//240 1061//1061 1106//1106
f 1747//1747 1748//1748 317//317
f 443//443 151//151 60//60
f 1553//1553 817//817 405//405
f 1800//1800 1358//1358 194//194
f 552//552 883//883 1358//1358
f 1287//1287 380//380 1277//1277
f 1334//1334 340//340 119//119
f 1416//1416 100//100 1405//1405
f 153//153 508//508 25//25
f 1590//1590 519//519 155//155
f 223//223 1586//1586 1585//1585
f 1585//1585 1586//1586 1017//1017
f 254//254 1496//1496 1083//1083
f 81//81 323//323 214//214
f 1265//1265 996//996 8//8
f 1309//1309 1128//1128 809//809
f 157//157 166//166 1072//1072
f 932//932 1114//1114 1836//1836
f 1527//1527 158//158 1406//1406
f 1075//1075 1332//1332 162//162
f 1156//1156 217//217 1385//1385
f 338//338 163//163 1420//1420
f 1073//1073 1075//1075 162//162
f 933//933 292//292 148//148
f 809//809 1580//1580 664//664
f 809//809 913//913 1580//1580
f 139//139 1637//1637 311//311
f 1689//1689 1421//1421 1676//1676
f 166//166 768//768 1072//1072
f 1535//1535 1579//1579 253//253
f 799//799 1577//1577 348//348
f 929//929 337//337 1119//1119
f 768//768 166//166 665//665
f 768//768 665//665 1580//1580
f 925//925 1119//1119 167//167
f 1397//1397 1512//1512 1250//1250
f 920//920 915//915 170//170
f 1573//1573 1579//1579 1522//1522
f 240//240 1571//1571 1060//1060
f 952//952 1808//1808 1588//1588
f 330//330 1549//1549 1087//1087
f 1391//1391 1570//1570 386//386
f 350//350 582//582 173//173
f 1055//1055 590//590 390//390
f 390//390 1336//1336 1055//1055
f 455//455 278//278 959//959
f 968//968 159//159 1147//1147
f 390//390 1434//1434 1411//1411
f 175//175 1534//1534 1256//1256
f 352//352 377//377 1567//1567
f 114//114 577//577 1842//1842
f 1564//1564 44//44 92//92
f 447//447 446//446 8//8
f 352//352 177//177 800//800
f 1533//1533 1596//1596 1475//1475
f 1407//1407 857//857 451//451
f 353//353 1561//1561 765//765
f 1368//1368 9//9 178//178
f 178//178 9//9 1551//1551
f 1723//1723 1002//1002 74//74
f 180//180 1760//1760 476//476
f 625//625 973//973 1555//1555
f 1571//1571 1335//1335 1066//1066
f 794//794 793//793 363//363
f 426//426 1364//1364 1367//1367
f 8//8 996//996 1020//1020
f 83//83 1010//1010 82//82
f 544//544 1363//1363 1625//1625
f 544//544 1625//1625 1589//1589
f 990//990 1442//1442 1584//1584
f 524//524 937//937 6//6
f 190//190 6//6 1547//1547
f 524//524 191//191 185//185
f 395//395 222//222 1083//1083
f 196//196 819//819 820//820
f 187//187 144//144 393//393
f 1471//1471 787//787 819//819
f 1101//1101 1701//1701 625//625
f 625//625 1034//1034 1101//1101
f 1764//1764 1155//1155 1763//1763
f 1764//1764 1763//1763 1754//1754
f 1465//1465 804//804 1595//1595
f 524//524 916//916 191//191
f 916//916 524//524 190//190
f 992//992 865//865 1024//1024
f 1471//1471 196//196 419//419
f 193//193 1768//1768 1604//1604
f 1817//1817 295//295 1352//1352
f 532//532 1800//1800 195//195
f 1138//1138 721//721 1288//1288
f 10//10 641//641 1364//1364
f 1664//1664 1353//1353 1613//1613
f 199//199 197//197 200//200
f 252//252 1162//1162 201//201
f 1162//1162 252//252 1741//1741
f 1505//1505 1162//1162 1741//1741
f 925//925 935//935 932//932
f 1434//1434 1429//1429 1433//1433
f 202//202 1597//1597 1259//1259
f 118//118 1663//1663 1260//1260
f 1036//1036 1029//1029 1121//1121
f 118//118 1614//1614 1663//1663
f 1026//1026 1029//1029 9//9
f 118//118 1201//1201 204//204
f 995//995 1027//1027 1661//1661
f 1522//1522 1187//1187 1062//1062
f 771//771 1186//1186 205//205
f 1209//1209 517//517 206//206
f 1198//1198 570//570 492//492
f 845//845 708//708 1198//1198
f 368//368 7//7 912//912
f 662//662 1320//1320 423//423
f 533//533 423//423 410//410
f 210//210 266//266 421//421
f 535//535 589//589 1225//1225
f 1054//1054 649//649 334//334
f 416//416 1009//1009 1520//1520
f 1717//1717 637//637 752//752
f 1192//1192 803//803 1035//1035
f 1293//1293 211//211 1695//1695
f 212//212 1183//1183 1236//1236
f 208//208 368//368 1832//1832
f 542//542 1396//1396 541//541
f 1475//1475 1596//1596 475//475
f 214//214 241//241 81//81
f 659//659 724//724 1311//1311
f 838//838 1861//1861 1071//1071
f 1861//1861 135//135 1071//1071
f 867//867 866//866 1384//1384
f 209//209 216//216 1819//1819
f 1496//1496 395//395 1083//1083
f 1306//1306 843//843 1077//1077
f 1774//1774 219//219 351//351
f 216//216 209//209 525//525
f 1654//1654 297//297 1857//1857
f 1308//1308 1383//1383 584//584
f 452//452 857//857 1484//1484
f 218//218 217//217 161//161
f 1484//1484 1559//1559 452//452
f 1441//1441 1703//1703 219//219
f 219//219 405//405 351//351
f 1436//1436 784//784 987//987
f 1549//1549 330//330 971//971
f 1854//1854 1257//1257 1474//1474
f 632//632 542//542 1262//1262
f 248//248 337//337 225//225
f 221//221 447//447 1006//1006
f 1064//1064 627//627 628//628
f 1661//1661 1496//1496 995//995
f 1529//1529 224//224 1508//1508
f 222//222 1668//1668 223//223
f 1582//1582 81//81 241//241
f 49//49 244//244 1524//1524
f 1007//1007 230//230 226//226
f 226//226 1016//1016 1007//1007
f 226//226 230//230 1514//1514
f 644//644 243//243 1095//1095
f 810//810 1484//1484 857//857
f 1630//1630 1676//1676 364//364
f 667//667 230//230 228//228
f 800//800 363//363 1556//1556
f 1556//1556 748//748 800//800
f 793//793 905//905 1556//1556
f 667//667 1652//1652 914//914
f 860//860 862//862 1393//1393
f 649//649 1127//1127 358//358
f 501//501 1408//1408 1305//1305
f 1444//1444 1523//1523 1068//1068
f 621//621 1443//1443 907//907
f 1652//1652 667//667 228//228
f 920//920 239//239 915//915
f 170//170 1072//1072 920//920
f 916//916 893//893 332//332
f 1480//1480 1344//1344 775//775
f 240//240 1057//1057 394//394
f 240//240 394//394 1061//1061
f 1344//1344 293//293 128//128
f 1505//1505 1741//1741 1510//1510
f 1527//1527 241//241 158//158
f 1818//1818 1824//1824 298//298
f 1738//1738 492//492 902//902
f 924//924 1523//1523 922//922
f 1245//1245 849//849 16//16
f 691//691 642//642 243//243
f 483//483 119//119 1159//1159
f 1812//1812 1157//1157 1811//1811
f 1706//1706 350//350 560//560
f 1390//1390 943//943 1391//1391
f 828//828 245//245 1096//1096
f 657//657 357//357 960//960
f 1252//1252 622//622 1251//1251
f 902//902 1521//1521 1738//1738
f 700//700 551//551 251//251
f 840//840 421//421 876//876
f 323//323 1027//1027 1028//1028
f 292//292 1339//1339 977//977
f 926//926 1124//1124 1118//1118
f 430//430 1016//1016 1696//1696
f 1514//1514 1515//1515 226//226
f 39//39 750//750 918//918
f 1124//1124 1154//1154 1354//1354
f 1177//1177 1511//1511 583//583
f 941//941 1022//1022 249//249
f 1326//1326 14//14 812//812
f 438//438 23//23 1851//1851
f 639//639 765//765 1561//1561
f 800//800 177//177 361//361
f 250//250 1433//1433 353//353
f 397//397 957//957 250//250
f 1411//1411 250//250 957//957
f 649//649 1413//1413 334//334
f 924//924 1575//1575 1523//1523
f 923//923 1571//1571 1066//1066
f 201//201 1733//1733 252//252
f 1066//1066 924//924 923//923
f 168//168 1061//1061 1522//1522
f 162//162 855//855 1068//1068
f 1579//1579 1535//1535 168//168
f 1580//1580 913//913 768//768
f 12//12 244//244 1074//1074
f 254//254 1585//1585 1546//1546
f 256//256 970//970 1446//1446
f 256//256 1446//1446 1623//1623
f 1115//1115 1116//1116 1644//1644
f 1283//1283 1279//1279 755//755
f 1619//1619 846//846 257//257
f 1502//1502 224//224 259//259
f 1500//1500 825//825 260//260
f 1621//1621 777//777 1576//1576
f 911//911 1085//1085 1077//1077
f 1440//1440 772//772 812//812
f 738//738 256//256 1587//1587
f 1158//1158 1627//1627 1680//1680
f 1627//1627 1158//1158 1507//1507
f 1778//1778 1691//1691 265//265
f 982//982 1459//1459 662//662
f 266//266 423//423 1320//1320
f 674//674 1282//1282 901//901
f 787//787 1759//1759 320//320
f 320//320 310//310 787//787
f 1507//1507 264//264 1627//1627
f 371//371 649//649 394//394
f 270//270 332//332 891//891
f 1477//1477 327//327 1216//1216
f 1773//1773 72//72 275//275
f 181//181 1261//1261 273//273
f 248//248 758//758 15//15
f 1650//1650 474//474 1649//1649
f 1160//1160 276//276 870//870
f 275//275 71//71 274//274
f 928//928 1038//1038 702//702
f 1788//1788 1808//1808 278//278
f 460//460 417//417 418//418
f 300//300 1398//1398 1771//1771
f 629//629 1002//1002 179//179
f 1746//1746 1135//1135 1001//1001
f 1213//1213 314//314 281//281
f 1284//1284 1634//1634 13//13
f 938//938 939//939 6//6
f 6//6 937//937 938//938
f 164//164 282//282 1500//1500
f 1042//1042 283//283 1687//1687
f 264//264 1778//1778 265//265
f 1215//1215 314//314 739//739
f 222//222 395//395 463//463
f 285//285 1251//1251 287//287
f 419//419 196//196 1334//1334
f 1553//1553 405//405 1703//1703
f 1351//1351 1628//1628 1132//1132
f 1351//1351 1632//1632 290//290
f 291//291 290//290 824//824
f 868//868 977//977 929//929
f 1300//1300 956//956 457//457
f 1436//1436 293//293 861//861
f 791//791 1426//1426 404//404
f 814//814 473//473 1385//1385
f 956//956 962//962 454//454
f 78//78 1617//1617 1747//1747
f 88//88 150//150 1757//1757
f 155//155 1089//1089 295//295
f 962//962 1333//1333 454//454
f 1673//1673 36//36 1539//1539
f 1255//1255 1616//1616 1258//1258
f 1018//1018 422//422 306//306
f 1768//1768 1682//1682 1604//1604
f 1003//1003 1689//1689 1610//1610
f 1839//1839 1689//1689 1003//1003
f 1409//1409 296//296 1777//1777
f 556//556 1718//1718 485//485
f 82//82 1010//1010 37//37
f 1348//1348 1349//1349 45//45
f 941//941 1751//1751 299//299
f 78//78 1747//1747 566//566
f 78//78 566//566 82//82
f 414//414 908//908 298//298
f 865//865 21//21 1270//1270
f 1270//1270 301//301 865//865
f 304//304 1808//1808 1783//1783
f 645//645 646//646 1208//1208
f 763//763 385//385 1400//1400
f 23//23 1119//1119 1544//1544
f 264//264 622//622 1252//1252
f 76//76 1674//1674 1557//1557
f 850//850 815//815 997//997
f 850//850 817//817 1553//1553
f 1297//1297 1434//1434 372//372
f 306//306 1520//1520 1018//1018
f 308//308 1478//1478 312//312
f 309//309 124//124 125//125
f 1457//1457 785//785 783//783
f 821//821 312//312 1478//1478
f 313//313 1476//1476 1479//1479
f 969//969 1038//1038 1863//1863
f 1038//1038 969//969 702//702
f 205//205 849//849 1244//1244
f 1245//1245 1244//1244 849//849
f 1006//1006 999//999 221//221
f 605//605 594//594 592//592
f 1034//1034 444//444 1238//1238
f 510//510 1084//1084 407//407
f 510//510 407//407 1233//1233
f 1760//1760 1050//1050 1263//1263
f 1383//1383 1164//1164 591//591
f 1639//1639 712//712 1862//1862
f 711//711 1065//1065 712//712
f 1836//1836 1119//1119 925//925
f 315//315 1131//1131 17//17
f 315//315 17//17 826//826
f 315//315 1152//1152 271//271
f 143//143 1541//1541 28//28
f 1059//1059 1060//1060 923//923
f 1119//1119 23//23 167//167
f 734//734 848//848 1172//1172
f 1806//1806 1688//1688 434//434
f 1199//1199 572//572 710//710
f 1502//1502 1179//1179 1232//1232
f 1111//1111 1301//1301 1114//1114
f 148//148 1114//1114 1301//1301
f 322//322 39//39 1626//1626
f 766//766 1559//1559 1484//1484
f 1759//1759 786//786 1267//1267
f 324//324 1759//1759 1471//1471
f 326//326 325//325 1477//1477
f 320//320 832//832 838//838
f 208//208 141//141 7//7
f 641//641 10//10 40//40
f 832//832 1612//1612 198//198
f 327//327 1477//1477 325//325
f 183//183 751//751 10//10
f 1468//1468 237//237 247//247
f 751//751 183//183 52//52
f 1576//1576 784//784 861//861
f 77//77 1089//1089 1300//1300
f 504//504 961//961 1865//1865
f 1298//1298 1658//1658 804//804
f 329//329 336//336 1130//1130
f 1339//1339 292//292 926//926
f 109//109 1001//1001 74//74
f 163//163 338//338 1691//1691
f 712//712 1639//1639 711//711
f 1862//1862 712//712 491//491
f 7//7 368//368 208//208
f 692//692 1274//1274 970//970
f 694//694 1047//1047 1275//1275
f 343//343 1275//1275 344//344
f 1100//1100 981//981 288//288
f 757//757 1097//1097 432//432
f 328//328 345//345 672//672
f 347//347 1276//1276 1345//1345
f 877//877 62//62 780//780
f 83//83 1440//1440 349//349
f 349//349 554//554 991//991
f 312//312 820//820 469//469
f 1076//1076 842//842 864//864
f 994//994 850//850 997//997
f 1542//1542 947//947 948//948
f 955//955 383//383 654//654
f 1433//1433 356//356 353//353
f 1433//1433 1429//1429 356//356
f 383//383 1430//1430 1564//1564
f 357//357 378//378 1427//1427
f 1430//1430 383//383 355//355
f 352//352 379//379 377//377
f 536//536 1563//1563 1562//1562
f 353//353 356//356 1561//1561
f 378//378 802//802 1427//1427
f 61//61 724//724 1429//1429
f 598//598 357//357 1427//1427
f 1265//1265 859//859 88//88
f 973//973 364//364 1421//1421
f 354//354 44//44 1554//1554
f 435//435 362//362 892//892
f 535//535 965//965 1223//1223
f 361//361 359//359 363//363
f 973//973 227//227 364//364
f 1560//1560 1380//1380 366//366
f 366//366 1380//1380 1379//1379
f 365//365 1560//1560 366//366
f 363//363 574//574 794//794
f 1578//1578 681//681 1134//1134
f 367//367 1053//1053 858//858
f 863//863 497//497 369//369
f 371//371 1277//1277 1413//1413
f 456//456 1445//1445 877//877
f 160//160 898//898 1582//1582
f 376//376 370//370 377//377
f 1374//1374 1359//1359 374//374
f 589//589 1542//1542 1225//1225
f 378//378 357//357 657//657
f 375//375 451//451 1222//1222
f 381//381 489//489 713//713
f 1581//1581 1403//1403 855//855
f 798//798 383//383 954//954
f 809//809 385//385 913//913
f 809//809 384//384 385//385
f 442//442 957//957 1052//1052
f 385//385 763//763 1574//1574
f 385//385 1574//1574 913//913
f 944//944 398//398 1057//1057
f 860//860 1570//1570 1444//1444
f 1570//1570 1393//1393 386//386
f 1570//1570 860//860 1393//1393
f 1437//1437 387//387 1248//1248
f 901//901 1392//1392 674//674
f 590//590 372//372 390//390
f 608//608 1569//1569 1406//1406
f 1336//1336 465//465 441//441
f 441//441 465//465 922//922
f 1204//1204 1813//1813 619//619
f 619//619 1813//1813 5//5
f 679//679 1207//1207 388//388
f 724//724 1408//1408 1246//1246
f 389//389 272//272 797//797
f 497//497 1758//1758 795//795
f 1123//1123 719//719 1423//1423
f 1379//1379 29//29 436//436
f 794//794 1422//1422 1288//1288
f 1376//1376 1371//1371 481//481
f 999//999 1024//1024 221//221
f 1265//1265 446//446 1022//1022
f 1548//1548 1656//1656 1273//1273
f 401//401 393//393 1618//1618
f 1031//1031 405//405 444//444
f 898//898 463//463 395//395
f 463//463 1583//1583 222//222
f 215//215 873//873 888//888
f 245//245 190//190 1296//1296
f 816//816 566//566 1232//1232
f 1246//1246 1051//1051 1429//1429
f 1051//1051 356//356 1429//1429
f 146//146 873//873 215//215
f 944//944 397//397 398//398
f 382//382 786//786 782//782
f 1267//1267 382//382 832//832
f 362//362 435//435 381//381
f 1852//1852 400//400 1329//1329
f 23//23 841//841 167//167
f 677//677 1183//1183 678//678
f 187//187 401//401 269//269
f 432//432 1544//1544 15//15
f 402//402 1268//1268 1154//1154
f 856//856 790//790 404//404
f 342//342 1011//1011 869//869
f 1005//1005 818//818 1011//1011
f 444//444 405//405 817//817
f 1709//1709 1826//1826 406//406
f 1437//1437 1438//1438 408//408
f 1486//1486 409//409 1483//1483
f 890//890 1463//1463 761//761
f 1121//1121 345//345 433//433
f 1218//1218 533//533 1340//1340
f 1340//1340 410//410 1350//1350
f 378//378 657//657 412//412
f 1435//1435 1552//1552 1441//1441
f 412//412 657//657 1489//1489
f 944//944 1052//1052 397//397
f 432//432 1329//1329 400//400
f 138//138 1489//1489 1831//1831
f 1489//1489 657//657 1831//1831
f 1397//1397 1266//1266 132//132
f 812//812 772//772 1326//1326
f 414//414 386//386 671//671
f 1689//1689 1839//1839 30//30
f 1330//1330 48//48 417//417
f 163//163 1691//1691 792//792
f 1629//1629 1683//1683 1858//1858
f 630//630 1591//1591 1030//1030
f 630//630 1030//1030 989//989
f 559//559 496//496 1643//1643
f 376//376 378//378 412//412
f 376//376 377//377 379//379
f 1349//1349 1348//1348 843//843
f 843//843 1348//1348 842//842
f 1039//1039 761//761 1463//1463
f 1070//1070 761//761 723//723
f 986//986 267//267 1039//1039
f 1471//1471 419//419 324//324
f 983//983 630//630 269//269
f 420//420 1173//1173 1208//1208
f 422//422 34//34 529//529
f 423//423 533//533 662//662
f 410//410 266//266 210//210
f 1837//1837 1745//1745 1744//1744
f 1745//1745 1837//1837 424//424
f 1369//1369 425//425 1107//1107
f 1044//1044 1090//1090 980//980
f 1045//1045 428//428 425//425
f 151//151 426//426 789//789
f 789//789 427//427 1357//1357
f 233//233 161//161 429//429
f 429//429 1156//1156 133//133
f 1327//1327 431//431 1724//1724
f 428//428 1049//1049 788//788
f 758//758 757//757 432//432
f 610//610 1685//1685 690//690
f 943//943 1055//1055 441//441
f 439//439 1263//1263 1050//1050
f 439//439 1050//1050 1488//1488
f 438//438 611//611 841//841
f 1473//1473 438//438 458//458
f 440//440 1322//1322 1323//1323
f 183//183 443//443 335//335
f 605//605 1866//1866 1325//1325
f 1359//1359 268//268 445//445
f 436//436 847//847 1472//1472
f 445//445 268//268 1532//1532
f 445//445 1532//1532 38//38
f 1182//1182 1006//1006 447//447
f 471//471 816//816 1232//1232
f 470//470 450//450 259//259
f 1714//1714 906//906 481//481
f 906//906 1714//1714 1726//1726
f 1094//1094 1092//1092 931//931
f 478//478 454//454 1540//1540
f 456//456 983//983 1445//1445
f 456//456 777//777 874//874
f 1106//1106 1061//1061 168//168
f 869//869 1623//1623 1446//1446
f 726//726 459//459 853//853
f 48//48 1668//1668 418//418
f 253//253 1526//1526 1535//1535
f 244//244 460//460 253//253
f 417//417 460//460 49//49
f 1668//1668 48//48 1586//1586
f 48//48 461//461 1586//1586
f 692//692 738//738 507//507
f 1324//1324 48//48 1330//1330
f 734//734 503//503 848//848
f 1314//1314 626//626 464//464
f 162//162 1314//1314 464//464
f 1538//1538 792//792 1648//1648
f 469//469 819//819 468//468
f 1059//1059 1336//1336 399//399
f 548//548 91//91 550//550
f 1648//1648 792//792 466//466
f 610//610 644//644 1291//1291
f 1398//1398 469//469 468//468
f 469//469 1398//1398 1855//1855
f 372//372 589//589 1297//1297
f 1086//1086 1591//1591 874//874
f 870//870 1086//1086 871//871
f 351//351 1031//1031 1555//1555
f 471//471 146//146 1455//1455
f 258//258 470//470 259//259
f 178//178 1657//1657 1368//1368
f 1354//1354 1657//1657 178//178
f 1657//1657 1354//1354 1846//1846
f 32//32 473//473 814//814
f 1765//1765 1263//1263 496//496
f 1549//1549 1019//1019 475//475
f 149//149 1353//1353 1598//1598
f 336//336 478//478 1540//1540
f 479//479 201//201 449//449
f 201//201 1161//1161 449//449
f 478//478 477//477 457//457
f 1796//1796 1185//1185 520//520
f 1092//1092 1091//1091 633//633
f 1092//1092 633//633 931//931
f 392//392 1722//1722 1186//1186
f 1240//1240 530//530 1241//1241
f 1397//1397 1091//1091 1092//1092
f 1186//1186 771//771 392//392
f 1311//1311 431//431 1327//1327
f 1270//1270 1397//1397 1250//1250
f 1397//1397 1270//1270 1266//1266
f 724//724 431//431 1311//1311
f 431//431 724//724 61//61
f 3//3 219//219 1774//1774
f 763//763 675//675 827//827
f 1292//1292 1170//1170 1678//1678
f 1381//1381 1315//1315 1312//1312
f 484//484 1366//1366 42//42
f 1466//1466 1501//1501 1143//1143
f 1501//1501 824//824 1143//1143
f 1505//1505 1504//1504 1162//1162
f 1714//1714 833//833 1726//1726
f 1710//1710 1711//1711 1233//1233
f 1161//1161 201//201 1162//1162
f 40//40 322//322 897//897
f 488//488 487//487 1662//1662
f 1188//1188 1138//1138 488//488
f 1458//1458 483//483 1135//1135
f 1135//1135 1723//1723 1001//1001
f 1376//1376 905//905 1377//1377
f 1493//1493 713//713 489//489
f 1739//1739 1833//1833 678//678
f 712//712 575//575 491//491
f 701//701 883//883 1211//1211
f 492//492 845//845 1198//1198
f 492//492 1199//1199 845//845
f 492//492 1738//1738 1199//1199
f 990//990 14//14 1442//1442
f 990//990 349//349 812//812
f 703//703 188//188 552//552
f 494//494 1325//1325 1866//1866
f 903//903 684//684 1521//1521
f 411//411 1749//1749 684//684
f 719//719 1602//1602 29//29
f 1602//1602 847//847 29//29
f 147//147 284//284 1042//1042
f 505//505 500//500 85//85
f 1530//1530 880//880 1205//1205
f 879//879 1205//1205 880//880
f 1212//1212 1835//1835 500//500
f 503//503 85//85 1310//1310
f 1310//1310 1677//1677 1168//1168
f 737//737 506//506 498//498
f 556//556 1845//1845 1531//1531
f 645//645 1694//1694 642//642
f 508//508 1388//1388 22//22
f 1169//1169 203//203 498//498
f 951//951 931//931 504//504
f 645//645 1208//1208 1704//1704
f 243//243 1694//1694 1095//1095
f 1212//1212 505//505 776//776
f 506//506 737//737 1292//1292
f 506//506 1292//1292 494//494
f 22//22 1388//1388 797//797
f 506//506 1175//1175 1172//1172
f 1715//1715 1704//1704 1208//1208
f 1212//1212 1720//1720 86//86
f 516//516 644//644 1095//1095
f 1694//1694 645//645 1743//1743
f 880//880 1530//1530 580//580
f 1095//1095 1694//1694 516//516
f 516//516 512//512 1727//1727
f 1720//1720 511//511 1718//1718
f 1720//1720 1212//1212 776//776
f 511//511 1720//1720 1729//1729
f 1743//1743 1180//1180 482//482
f 1244//1244 505//505 205//205
f 514//514 1410//1410 513//513
f 1410//1410 514//514 1797//1797
f 1797//1797 514//514 688//688
f 515//515 1244//1244 1245//1245
f 733//733 1843//1843 1181//1181
f 1188//1188 1727//1727 512//512
f 517//517 727//727 206//206
f 521//521 548//548 545//545
f 727//727 517//517 523//523
f 822//822 731//731 1209//1209
f 1189//1189 511//511 522//522
f 522//522 511//511 1775//1775
f 512//512 482//482 1188//1188
f 90//90 1209//1209 1806//1806
f 1809//1809 1190//1190 730//730
f 520//520 55//55 1796//1796
f 206//206 727//727 1194//1194
f 1490//1490 1188//1188 488//488
f 1698//1698 670//670 526//526
f 206//206 1725//1725 1806//1806
f 1552//1552 1435//1435 1085//1085
f 525//525 685//685 1240//1240
f 1653//1653 1698//1698 526//526
f 1652//1652 1653//1653 526//526
f 1819//1819 216//216 1639//1639
f 1241//1241 216//216 525//525
f 527//527 1545//1545 714//714
f 1240//1240 685//685 434//434
f 228//228 668//668 1652//1652
f 530//530 1721//1721 1241//1241
f 1721//1721 216//216 1241//1241
f 434//434 1688//1688 528//528
f 61//61 365//365 431//431
f 552//552 1200//1200 703//703
f 1287//1287 765//765 380//380
f 380//380 765//765 1565//1565
f 1655//1655 702//702 969//969
f 1856//1856 1492//1492 66//66
f 66//66 1492//1492 742//742
f 642//642 691//691 1666//1666
f 536//536 1827//1827 92//92
f 397//397 1277//1277 398//398
f 1830//1830 1829//1829 1081//1081
f 539//539 1487//1487 1645//1645
f 92//92 1827//1827 540//540
f 540//540 1827//1827 1823//1823
f 540//540 541//541 654//654
f 541//541 540//540 1823//1823
f 542//542 541//541 1823//1823
f 542//542 1825//1825 1262//1262
f 632//632 1395//1395 542//542
f 620//620 1793//1793 518//518
f 1389//1389 1799//1799 1425//1425
f 548//548 521//521 91//91
f 1807//1807 550//550 91//91
f 547//547 1791//1791 1793//1793
f 251//251 195//195 194//194
f 550//550 1807//1807 1786//1786
f 1790//1790 547//547 1543//1543
f 1834//1834 1224//1224 655//655
f 1206//1206 93//93 687//687
f 553//553 687//687 93//93
f 866//866 867//867 551//551
f 705//705 251//251 658//658
f 658//658 251//251 551//551
f 188//188 703//703 537//537
f 549//549 94//94 1781//1781
f 549//549 1787//1787 687//687
f 553//553 1791//1791 107//107
f 553//553 107//107 97//97
f 1027//1027 554//554 1584//1584
f 1203//1203 555//555 557//557
f 555//555 1203//1203 272//272
f 1767//1767 94//94 105//105
f 699//699 557//557 1081//1081
f 557//557 1762//1762 1081//1081
f 1762//1762 557//557 555//555
f 699//699 593//593 698//698
f 593//593 798//798 653//653
f 584//584 1126//1126 558//558
f 561//561 1756//1756 745//745
f 1205//1205 564//564 562//562
f 560//560 689//689 563//563
f 1409//1409 283//283 296//296
f 564//564 561//561 565//565
f 1706//1706 560//560 1308//1308
f 565//565 759//759 564//564
f 1308//1308 563//563 1164//1164
f 317//317 1528//1528 566//566
f 836//836 567//567 111//111
f 111//111 567//567 568//568
f 759//759 567//567 564//564
f 242//242 570//570 1518//1518
f 1470//1470 291//291 824//824
f 628//628 708//708 1725//1725
f 1735//1735 1741//1741 252//252
f 575//575 712//712 1737//1737
f 1737//1737 712//712 707//707
f 575//575 573//573 491//491
f 573//573 1290//1290 578//578
f 573//573 578//578 491//491
f 1719//1719 578//578 1290//1290
f 1226//1226 495//495 650//650
f 598//598 978//978 741//741
f 1714//1714 1712//1712 833//833
f 578//578 1719//1719 1196//1196
f 1848//1848 1717//1717 1719//1719
f 1572//1572 84//84 834//834
f 766//766 96//96 587//587
f 1144//1144 580//580 1282//1282
f 1717//1717 1848//1848 637//637
f 637//637 749//749 1242//1242
f 639//639 767//767 1307//1307
f 1229//1229 508//508 1230//1230
f 1230//1230 1419//1419 1415//1415
f 1419//1419 1230//1230 508//508
f 589//589 372//372 590//590
f 1511//1511 582//582 583//583
f 46//46 122//122 1302//1302
f 643//643 1139//1139 591//591
f 583//583 1148//1148 584//584
f 1708//1708 586//586 1719//1719
f 1181//1181 1327//1327 579//579
f 596//596 1707//1707 1826//1826
f 1145//1145 798//798 684//684
f 242//242 355//355 1303//1303
f 699//699 411//411 593//593
f 961//961 504//504 633//633
f 801//801 587//587 594//594
f 504//504 1865//1865 1088//1088
f 1372//1372 1180//1180 732//732
f 596//596 209//209 1707//1707
f 597//597 1826//1826 1709//1709
f 598//598 966//966 357//357
f 734//734 1172//1172 1175//1175
f 594//594 602//602 801//801
f 1363//1363 897//897 322//322
f 1234//1234 601//601 604//604
f 605//605 1692//1692 606//606
f 608//608 769//769 1859//1859
f 717//717 615//615 99//99
f 607//607 616//616 1184//1184
f 211//211 607//607 1695//1695
f 98//98 801//801 602//602
f 611//611 167//167 841//841
f 613//613 1601//1601 612//612
f 1739//1739 610//610 823//823
f 1239//1239 1739//1739 678//678
f 736//736 615//615 717//717
f 618//618 104//104 1739//1739
f 671//671 908//908 414//414
f 1761//1761 619//619 499//499
f 269//269 630//630 989//989
f 1110//1110 1795//1795 620//620
f 172//172 1112//1112 1268//1268
f 218//218 233//233 621//621
f 1163//1163 740//740 624//624
f 1521//1521 684//684 683//683
f 683//683 684//684 1749//1749
f 1835//1835 1212//1212 1249//1249
f 1247//1247 575//575 1737//1737
f 900//900 1335//1335 899//899
f 627//627 1064//1064 1516//1516
f 629//629 179//179 1014//1014
f 630//630 874//874 1591//1591
f 614//614 609//609 801//801
f 1705//1705 535//535 234//234
f 632//632 695//695 1394//1394
f 234//234 360//360 1705//1705
f 1084//1084 485//485 1718//1718
f 1183//1183 677//677 1184//1184
f 661//661 1859//1859 770//770
f 1004//1004 623//623 636//636
f 623//623 612//612 636//636
f 678//678 1183//1183 212//212
f 612//612 623//623 600//600
f 604//604 829//829 600//600
f 769//769 608//608 1406//1406
f 328//328 521//521 1053//1053
f 919//919 917//917 603//603
f 640//640 886//886 917//917
f 1566//1566 576//576 574//574
f 919//919 603//603 894//894
f 1284//1284 238//238 1811//1811
f 238//238 673//673 647//647
f 641//641 603//603 917//917
f 171//171 1572//1572 834//834
f 896//896 1229//1229 640//640
f 1444//1444 1570//1570 1228//1228
f 642//642 646//646 645//645
f 1572//1572 901//901 173//173
f 835//835 643//643 563//563
f 908//908 1481//1481 1318//1318
f 1640//1640 673//673 669//669
f 927//927 1177//1177 1640//1640
f 581//581 1812//1812 647//647
f 184//184 1552//1552 1085//1085
f 350//350 1282//1282 1174//1174
f 1263//1263 476//476 1760//1760
f 1174//1174 580//580 1530//1530
f 580//580 1174//1174 1282//1282
f 439//439 387//387 79//79
f 101//101 510//510 1233//1233
f 394//394 649//649 358//358
f 1186//1186 849//849 205//205
f 651//651 948//948 904//904
f 651//651 953//953 948//948
f 541//541 1227//1227 955//955
f 1645//1645 1487//1487 1485//1485
f 651//651 652//652 953//953
f 655//655 953//953 652//652
f 1207//1207 680//680 1801//1801
f 966//966 960//960 357//357
f 490//490 362//362 381//381
f 1248//1248 1221//1221 1438//1438
f 380//380 660//660 1407//1407
f 981//981 1220//1220 878//878
f 487//487 1288//1288 1422//1422
f 533//533 1219//1219 982//982
f 533//533 982//982 662//662
f 54//54 664//664 665//665
f 665//665 229//229 54//54
f 1331//1331 663//663 1403//1403
f 663//663 666//666 1403//1403
f 666//666 1402//1402 1403//1403
f 1063//1063 328//328 672//672
f 666//666 1401//1401 1402//1402
f 1337//1337 228//228 220//220
f 905//905 1376//1376 906//906
f 1726//1726 905//905 906//906
f 526//526 670//670 914//914
f 670//670 673//673 238//238
f 1105//1105 80//80 1864//1864
f 1849//1849 116//116 1144//1144
f 1144//1144 1217//1217 1849//1849
f 1243//1243 1833//1833 822//822
f 1864//1864 80//80 910//910
f 1278//1278 415//415 414//414
f 675//675 764//764 827//827
f 1362//1362 80//80 4//4
f 1816//1816 656//656 7//7
f 827//827 1048//1048 1574//1574
f 679//679 799//799 1431//1431
f 680//680 1431//1431 1432//1432
f 521//521 1807//1807 91//91
f 681//681 1578//1578 858//858
f 1053//1053 367//367 328//328
f 1519//1519 682//682 703//703
f 11//11 1207//1207 546//546
f 11//11 546//546 1794//1794
f 684//684 903//903 1145//1145
f 518//518 1793//1793 93//93
f 434//434 685//685 90//90
f 686//686 731//731 822//822
f 256//256 738//738 692//692
f 690//690 691//691 644//644
f 797//797 272//272 1203//1203
f 256//256 692//692 970//970
f 1812//1812 1176//1176 831//831
f 1176//1176 1812//1812 581//581
f 1340//1340 694//694 1218//1218
f 495//495 1226//1226 696//696
f 1319//1319 543//543 1815//1815
f 1762//1762 1830//1830 1081//1081
f 150//150 88//88 859//859
f 697//697 537//537 588//588
f 497//497 863//863 1050//1050
f 1755//1755 136//136 1813//1813
f 698//698 593//593 653//653
f 584//584 1384//1384 1202//1202
f 1202//1202 701//701 1126//1126
f 1202//1202 700//700 701//701
f 701//701 700//700 251//251
f 631//631 95//95 695//695
f 569//569 402//402 702//702
f 1519//1519 703//703 1200//1200
f 1519//1519 1521//1521 683//683
f 532//532 572//572 704//704
f 424//424 706//706 403//403
f 532//532 707//707 572//572
f 572//572 1065//1065 709//709
f 708//708 628//628 1518//1518
f 1065//1065 707//707 712//712
f 709//709 1721//1721 710//710
f 530//530 710//710 1721//1721
f 531//531 1509//1509 909//909
f 1736//1736 714//714 531//531
f 722//722 1736//1736 720//720
f 840//840 890//890 761//761
f 716//716 1493//1493 1820//1820
f 1173//1173 99//99 732//732
f 1376//1376 481//481 906//906
f 1195//1195 727//727 1662//1662
f 1193//1193 722//722 720//720
f 595//595 721//721 1138//1138
f 725//725 728//728 522//522
f 726//726 687//687 1787//1787
f 1219//1219 1331//1331 1569//1569
f 481//481 1371//1371 231//231
f 728//728 1189//1189 522//522
f 785//785 779//779 783//783
f 728//728 722//722 1193//1193
f 1359//1359 788//788 268//268
f 1178//1178 511//511 1189//1189
f 579//579 1//1 1181//1181
f 1866//1866 1302//1302 733//733
f 732//732 99//99 1372//1372
f 733//733 599//599 494//494
f 931//931 951//951 949//949
f 1166//1166 615//615 617//617
f 502//502 556//556 735//735
f 1167//1167 736//736 717//717
f 1678//1678 1325//1325 1292//1292
f 1697//1697 739//739 202//202
f 307//307 781//781 112//112
f 1163//1163 1234//1234 1695//1695
f 1469//1469 745//745 744//744
f 624//624 1234//1234 1163//1163
f 606//606 98//98 602//602
f 748//748 1734//1734 802//802
f 201//201 479//479 1242//1242
f 750//750 52//52 307//307
f 39//39 751//751 750//750
f 613//613 1536//1536 752//752
f 656//656 912//912 7//7
f 43//43 1415//1415 1412//1412
f 754//754 1356//1356 255//255
f 1453//1453 773//773 754//754
f 718//718 2//2 1194//1194
f 1470//1470 1501//1501 325//325
f 1769//1769 326//326 313//313
f 930//930 396//396 1356//1356
f 1634//1634 1283//1283 755//755
f 1026//1026 1122//1122 1276//1276
f 1157//1157 762//762 1283//1283
f 762//762 1157//1157 1821//1821
f 1279//1279 1283//1283 762//762
f 345//345 1578//1578 433//433
f 758//758 1578//1578 757//757
f 759//759 746//746 1510//1510
f 760//760 1069//1069 57//57
f 1359//1359 1374//1374 1361//1361
f 445//445 374//374 1359//1359
f 764//764 171//171 1048//1048
f 171//171 884//884 1048//1048
f 360//360 61//61 1231//1231
f 767//767 766//766 810//810
f 1322//1322 263//263 1320//1320
f 263//263 1322//1322 1454//1454
f 1406//1406 158//158 769//769
f 471//471 1455//1455 772//772
f 779//779 754//754 808//808
f 773//773 470//470 258//258
f 773//773 258//258 808//808
f 775//775 1159//1159 774//774
f 1591//1591 1086//1086 870//870
f 890//890 840//840 715//715
f 305//305 781//781 129//129
f 779//779 785//785 1133//1133
f 785//785 1606//1606 1133//1133
f 784//784 969//969 1863//1863
f 788//788 1359//1359 428//428
f 1297//1297 1231//1231 1429//1429
f 1269//1269 864//864 842//842
f 1269//1269 842//842 1301//1301
f 1765//1765 1840//1840 476//476
f 273//273 795//795 1758//1758
f 1316//1316 1368//1368 1285//1285
f 796//796 839//839 1122//1122
f 556//556 86//86 1718//1718
f 86//86 556//556 1531//1531
f 442//442 390//390 957//957
f 1431//1431 680//680 679//679
f 233//233 1431//1431 799//799
f 799//799 621//621 233//233
f 1379//1379 1722//1722 366//366
f 1566//1566 359//359 1537//1537
f 352//352 800//800 802//802
f 352//352 802//802 379//379
f 294//294 1142//1142 1633//1633
f 1191//1191 803//803 1192//1192
f 1298//1298 804//804 1568//1568
f 910//910 1362//1362 1280//1280
f 910//910 1280//1280 806//806
f 294//294 807//807 1141//1141
f 810//810 660//660 1307//1307
f 808//808 1153//1153 783//783
f 808//808 783//783 779//779
f 246//246 779//779 1005//1005
f 809//809 1137//1137 384//384
f 1137//1137 809//809 1128//1128
f 790//790 1357//1357 427//427
f 811//811 1496//1496 1661//1661
f 427//427 791//791 790//790
f 738//738 184//184 507//507
f 1063//1063 1577//1577 413//413
f 1577//1577 1345//1345 348//348
f 404//404 813//813 856//856
f 813//813 1285//1285 1375//1375
f 813//813 1313//1313 1316//1316
f 1386//1386 1313//1313 814//814
f 1313//1313 33//33 814//814
f 818//818 997//997 815//815
f 819//819 469//469 820//820
f 820//820 312//312 821//821
f 820//820 1592//1592 186//186
f 1166//1166 485//485 510//510
f 17//17 805//805 826//826
f 801//801 98//98 1693//1693
f 600//600 829//829 612//612
f 558//558 1125//1125 831//831
f 830//830 1125//1125 1211//1211
f 198//198 838//838 832//832
f 768//768 884//884 1072//1072
f 1637//1637 139//139 204//204
f 1122//1122 839//839 1387//1387
f 421//421 213//213 210//210
f 167//167 611//611 1103//1103
f 864//864 1269//1269 985//985
f 589//589 535//535 1295//1295
f 761//761 1070//1070 840//840
f 527//527 1810//1810 847//847
f 1124//1124 1354//1354 178//178
f 994//994 817//817 850//850
f 450//450 470//470 851//851
f 832//832 1759//1759 1267//1267
f 838//838 198//198 1098//1098
f 852//852 687//687 726//726
f 342//342 869//869 396//396
f 396//396 869//869 881//881
f 1252//1252 1132//1132 1628//1628
f 1252//1252 1628//1628 264//264
f 223//223 1585//1585 1083//1083
f 1526//1526 1079//1079 1535//1535
f 857//857 1407//1407 660//660
f 1401//1401 862//862 1402//1402
f 806//806 1280//1280 555//555
f 234//234 1506//1506 1113//1113
f 679//679 388//388 391//391
f 391//391 413//413 679//679
f 799//799 679//679 413//413
f 413//413 391//391 1063//1063
f 862//862 860//860 1402//1402
f 784//784 1436//1436 861//861
f 1774//1774 1421//1421 30//30
f 1399//1399 1109//1109 1481//1481
f 863//863 412//412 1489//1489
f 1102//1102 1567//1567 370//370
f 864//864 986//986 1274//1274
f 189//189 1624//1624 1658//1658
f 1567//1567 538//538 1563//1563
f 538//538 1562//1562 1563//1563
f 865//865 992//992 302//302
f 187//187 393//393 401//401
f 700//700 866//866 551//551
f 1551//1551 9//9 1029//1029
f 421//421 840//840 213//213
f 468//468 1771//1771 1398//1398
f 869//869 1011//1011 1623//1623
f 774//774 870//870 871//871
f 1440//1440 812//812 349//349
f 213//213 840//840 1070//1070
f 774//774 1620//1620 775//775
f 470//470 773//773 851//851
f 851//851 873//873 450//450
f 873//873 851//851 1450//1450
f 873//873 146//146 450//450
f 184//184 738//738 1587//1587
f 1086//1086 1620//1620 871//871
f 534//534 1776//1776 520//520
f 396//396 930//930 342//342
f 875//875 890//890 715//715
f 876//876 266//266 263//263
f 881//881 1356//1356 396//396
f 777//777 456//456 877//877
f 770//770 1859//1859 1442//1442
f 1356//1356 881//881 885//885
f 258//258 259//259 224//224
f 755//755 4//4 1634//1634
f 770//770 878//878 661//661
f 743//743 1756//1756 880//880
f 72//72 1773//1773 499//499
f 881//881 1462//1462 882//882
f 319//319 1355//1355 887//887
f 1355//1355 1356//1356 885//885
f 917//917 89//89 641//641
f 1456//1456 875//875 715//715
f 889//889 319//319 887//887
f 319//319 889//889 888//888
f 882//882 1462//1462 1463//1463
f 92//92 44//44 354//354
f 1355//1355 882//882 887//887
f 882//882 1355//1355 885//885
f 887//887 882//882 890//890
f 875//875 1456//1456 889//889
f 661//661 608//608 1859//1859
f 1152//1152 315//315 826//826
f 1272//1272 1271//1271 1619//1619
f 332//332 1150//1150 891//891
f 76//76 1549//1549 475//475
f 1078//1078 898//898 160//160
f 1526//1526 1583//1583 1080//1080
f 463//463 1080//1080 1583//1583
f 893//893 828//828 1649//1649
f 474//474 1151//1151 1649//1649
f 894//894 896//896 919//919
f 896//896 894//894 895//895
f 896//896 895//895 389//389
f 1649//1649 1149//1149 1650//1650
f 898//898 1078//1078 900//900
f 159//159 1467//1467 1147//1147
f 1079//1079 899//899 1535//1535
f 899//899 1079//1079 900//900
f 900//900 464//464 626//626
f 1831//1831 657//657 960//960
f 904//904 1390//1390 1278//1278
f 905//905 1726//1726 1730//1730
f 218//218 621//621 907//907
f 298//298 908//908 1319//1319
f 895//895 910//910 806//806
f 910//910 895//895 1864//1864
f 362//362 909//909 892//892
f 341//341 912//912 1509//1509
f 864//864 1274//1274 1076//1076
f 912//912 656//656 892//892
f 1345//1345 672//672 346//346
f 1303//1303 570//570 242//242
f 620//620 1134//1134 1110//1110
f 670//670 238//238 914//914
f 239//239 920//920 921//921
f 692//692 507//507 911//911
f 333//333 916//916 332//332
f 39//39 918//918 1626//1626
f 603//603 1363//1363 894//894
f 922//922 1228//1228 1058//1058
f 230//230 220//220 228//228
f 924//924 922//922 465//465
f 1058//1058 1228//1228 1391//1391
f 928//928 926//926 1037//1037
f 930//930 754//754 246//246
f 298//298 1278//1278 414//414
f 1278//1278 298//298 904//904
f 1108//1108 1112//1112 1370//1370
f 934//934 935//935 936//936
f 36//36 466//466 1858//1858
f 1539//1539 937//937 1672//1672
f 937//937 1660//1660 938//938
f 931//931 633//633 504//504
f 1643//1643 1755//1755 559//559
f 442//442 399//399 1336//1336
f 1438//1438 1221//1221 942//942
f 1588//1588 1093//1093 952//952
f 943//943 1390//1390 947//947
f 480//480 945//945 493//493
f 1300//1300 480//480 77//77
f 26//26 946//946 967//967
f 950//950 1094//1094 949//949
f 945//945 1754//1754 236//236
f 1390//1390 948//948 947//947
f 1417//1417 1102//1102 273//273
f 949//949 951//951 950//950
f 948//948 953//953 1542//1542
f 953//953 1225//1225 1542//1542
f 798//798 954//954 653//653
f 952//952 959//959 278//278
f 383//383 1145//1145 355//355
f 121//121 1223//1223 965//965
f 1550//1550 237//237 330//330
f 1847//1847 26//26 967//967
f 1537//1537 359//359 177//177
f 1144//1144 1282//1282 674//674
f 229//229 166//166 157//157
f 1333//1333 1540//1540 454//454
f 127//127 1839//1839 1014//1014
f 1035//1035 803//803 974//974
f 1035//1035 974//974 1021//1021
f 1808//1808 952//952 278//278
f 1339//1339 225//225 977//977
f 978//978 833//833 741//741
f 983//983 984//984 1369//1369
f 934//934 985//985 1269//1269
f 1820//1820 833//833 1712//1712
f 784//784 1863//1863 987//987
f 975//975 280//280 1013//1013
f 989//989 1030//1030 1439//1439
f 1028//1028 1027//1027 1584//1584
f 1015//1015 1021//1021 994//994
f 554//554 349//349 990//990
f 995//995 1020//1020 1631//1631
f 993//993 1021//1021 1015//1015
f 337//337 977//977 225//225
f 996//996 37//37 1010//1010
f 1025//1025 88//88 37//37
f 993//993 1607//1607 1611//1611
f 1238//1238 994//994 1021//1021
f 994//994 444//444 817//817
f 444//444 1034//1034 1031//1031
f 1006//1006 1017//1017 999//999
f 1344//1344 179//179 775//775
f 1015//1015 997//997 818//818
f 382//382 1746//1746 998//998
f 1723//1723 1000//1000 1002//1002
f 1002//1002 629//629 1013//1013
f 179//179 1002//1002 1000//1000
f 1003//1003 1014//1014 1839//1839
f 993//993 818//818 1606//1606
f 1606//1606 1005//1005 1133//1133
f 1006//1006 1585//1585 1017//1017
f 629//629 1014//1014 1003//1003
f 1009//1009 1016//1016 1008//1008
f 818//818 815//815 1011//1011
f 501//501 1051//1051 1246//1246
f 370//370 273//273 1102//1102
f 1723//1723 483//483 1000//1000
f 1116//1116 1115//1115 872//872
f 1644//1644 1116//1116 1012//1012
f 1317//1317 72//72 499//499
f 416//416 1338//1338 1341//1341
f 499//499 619//619 1317//1317
f 619//619 1761//1761 1204//1204
f 273//273 370//370 795//795
f 430//430 1008//1008 1016//1016
f 1016//1016 1009//1009 1007//1007
f 1000//1000 483//483 1159//1159
f 1009//1009 1018//1018 1520//1520
f 331//331 1019//1019 971//971
f 1024//1024 999//999 992//992
f 1021//1021 993//993 1611//1611
f 221//221 142//142 1022//1022
f 1344//1344 127//127 1014//1014
f 1000//1000 775//775 179//179
f 1015//1015 994//994 997//997
f 829//829 604//604 1023//1023
f 1022//1022 446//446 221//221
f 1000//1000 1159//1159 775//775
f 1265//1265 88//88 1025//1025
f 1025//1025 996//996 1265//1265
f 819//819 196//196 1471//1471
f 859//859 1751//1751 150//150
f 1121//1121 1029//1029 347//347
f 1032//1032 284//284 1033//1033
f 1611//1611 1192//1192 1035//1035
f 1576//1576 780//780 969//969
f 1551//1551 1036//1036 1118//1118
f 926//926 933//933 1037//1037
f 1037//1037 933//933 1038//1038
f 986//986 970//970 1274//1274
f 1575//1575 1066//1066 1314//1314
f 1041//1041 1323//1323 1459//1459
f 1043//1043 529//529 1040//1040
f 1687//1687 1479//1479 1042//1042
f 981//981 1041//1041 982//982
f 939//939 1547//1547 6//6
f 63//63 422//422 1043//1043
f 422//422 63//63 306//306
f 954//954 383//383 955//955
f 1369//1369 1044//1044 1045//1045
f 1048//1048 827//827 764//764
f 1574//1574 1048//1048 913//913
f 1047//1047 1346//1346 344//344
f 1262//1262 1825//1825 1417//1417
f 1417//1417 538//538 1102//1102
f 863//863 1489//1489 1488//1488
f 1044//1044 60//60 1049//1049
f 1049//1049 428//428 1045//1045
f 268//268 788//788 789//789
f 521//521 1063//1063 391//391
f 1055//1055 1336//1336 441//441
f 793//793 794//794 1288//1288
f 384//384 1400//1400 385//385
f 1336//1336 1059//1059 465//465
f 1059//1059 924//924 465//465
f 1060//1060 1052//1052 944//944
f 1061//1061 358//358 1522//1522
f 1187//1187 1522//1522 358//358
f 924//924 1059//1059 923//923
f 521//521 328//328 1063//1063
f 1064//1064 727//727 1195//1195
f 1563//1563 352//352 1567//1567
f 1066//1066 626//626 1314//1314
f 563//563 562//562 836//836
f 626//626 1066//1066 1335//1335
f 920//920 884//884 834//834
f 1575//1575 1068//1068 1523//1523
f 1069//1069 760//760 180//180
f 289//289 139//139 1529//1529
f 1129//1129 213//213 1070//1070
f 309//309 320//320 1071//1071
f 1073//1073 162//162 464//464
f 141//141 1816//1816 7//7
f 911//911 843//843 1076//1076
f 464//464 900//900 1078//1078
f 1306//1306 1077//1077 235//235
f 1829//1829 1749//1749 1081//1081
f 1582//1582 1082//1082 81//81
f 934//934 267//267 985//985
f 985//985 986//986 864//864
f 986//986 985//985 267//267
f 1083//1083 222//222 223//223
f 1251//1251 622//622 287//287
f 765//765 1287//1287 1286//1286
f 1333//1333 962//962 963//963
f 873//873 319//319 888//888
f 319//319 873//873 1450//1450
f 1435//1435 235//235 1085//1085
f 874//874 778//778 1086//1086
f 963//963 962//962 1665//1665
f 1103//1103 1129//1129 1104//1104
f 286//286 961//961 1091//1091
f 329//329 1764//1764 477//477
f 959//959 951//951 1088//1088
f 1435//1435 1056//1056 235//235
f 1089//1089 1665//1665 962//962
f 237//237 1550//1550 247//247
f 1618//1618 1090//1090 401//401
f 401//401 984//984 269//269
f 330//330 331//331 971//971
f 951//951 959//959 958//958
f 1093//1093 1728//1728 952//952
f 457//457 945//945 480//480
f 594//594 587//587 592//592
f 1094//1094 931//931 949//949
f 686//686 644//644 516//516
f 196//196 186//186 1439//1439
f 764//764 675//675 1217//1217
f 961//961 1099//1099 964//964
f 1253//1253 1461//1461 1100//1100
f 1253//1253 288//288 14//14
f 288//288 770//770 14//14
f 1034//1034 974//974 1101//1101
f 1024//1024 301//301 142//142
f 301//301 1024//1024 865//865
f 70//70 1629//1629 792//792
f 1153//1153 1457//1457 783//783
f 1819//1819 1707//1707 209//209
f 517//517 731//731 516//516
f 1108//1108 1107//1107 425//425
f 1134//1134 681//681 1110//1110
f 681//681 547//547 1110//1110
f 1506//1506 234//234 1223//1223
f 1112//1112 1361//1361 1374//1374
f 1593//1593 872//872 1115//1115
f 1585//1585 1006//1006 1546//1546
f 305//305 140//140 781//781
f 1529//1529 1748//1748 289//289
f 1339//1339 926//926 1118//1118
f 1748//1748 1529//1529 317//317
f 225//225 1339//1339 1036//1036
f 1122//1122 907//907 1276//1276
f 1660//1660 1539//1539 199//199
f 130//130 1123//1123 1113//1113
f 1123//1123 1423//1423 1113//1113
f 175//175 1676//1676 1630//1630
f 696//696 22//22 495//495
f 1128//1128 1491//1491 1137//1137
f 271//271 837//837 315//315
f 315//315 837//837 1131//1131
f 1622//1622 219//219 165//165
f 683//683 1749//1749 682//682
f 983//983 269//269 984//984
f 1592//1592 820//820 821//821
f 818//818 993//993 1015//1015
f 142//142 221//221 1024//1024
f 1477//1477 1137//1137 1476//1476
f 1137//1137 1477//1477 1136//1136
f 816//816 471//471 772//772
f 805//805 17//17 825//825
f 1139//1139 1140//1140 1247//1247
f 595//595 1188//1188 482//482
f 595//595 482//482 1180//1180
f 325//325 1466//1466 327//327
f 1144//1144 116//116 580//580
f 116//116 1146//1146 117//117
f 1138//1138 1188//1188 595//595
f 1633//1633 1146//1146 207//207
f 207//207 1146//1146 115//115
f 880//880 117//117 743//743
f 1303//1303 1145//1145 903//903
f 583//583 582//582 1148//1148
f 582//582 1706//1706 1148//1148
f 893//893 1649//1649 1151//1151
f 76//76 1596//1596 1467//1467
f 1665//1665 1513//1513 963//963
f 1178//1178 1233//1233 407//407
f 271//271 891//891 837//837
f 283//283 284//284 1032//1032
f 1152//1152 28//28 270//270
f 1154//1154 928//928 402//402
f 968//968 329//329 1130//1130
f 259//259 1179//1179 1502//1502
f 1671//1671 133//133 1156//1156
f 1156//1156 473//473 472//472
f 473//473 1156//1156 1385//1385
f 329//329 968//968 1155//1155
f 747//747 1505//1505 1510//1510
f 746//746 759//759 565//565
f 1503//1503 744//744 1641//1641
f 744//744 743//743 1641//1641
f 1474//1474 1646//1646 1854//1854
f 576//576 1195//1195 1422//1422
f 1195//1195 576//576 1516//1516
f 1164//1164 643//643 591//591
f 735//735 556//556 1166//1166
f 1167//1167 717//717 1173//1173
f 1168//1168 1172//1172 848//848
f 1172//1172 1168//1168 1169//1169
f 158//158 214//214 769//769
f 1//1 599//599 1181//1181
f 494//494 1866//1866 733//733
f 1177//1177 1176//1176 581//581
f 511//511 1178//1178 1084//1084
f 1180//1180 1704//1704 1715//1715
f 1180//1180 1715//1715 732//732
f 259//259 471//471 1179//1179
f 1702//1702 1//1 392//392
f 1//1 579//579 392//392
f 1302//1302 1866//1866 592//592
f 1754//1754 945//945 1764//1764
f 534//534 520//520 1185//1185
f 182//182 649//649 1054//1054
f 1185//1185 209//209 624//624
f 436//436 849//849 1186//1186
f 358//358 1127//1127 1187//1187
f 1191//1191 1192//1192 1260//1260
f 1193//1193 720//720 716//716
f 1662//1662 523//523 1490//1490
f 725//725 714//714 722//722
f 1422//1422 1195//1195 487//487
f 1862//1862 578//578 1196//1196
f 1196//1196 406//406 1862//1862
f 1709//1709 1196//1196 586//586
f 1725//1725 708//708 1688//1688
f 707//707 532//532 1360//1360
f 204//204 1201//1201 1637//1637
f 1637//1637 1201//1201 262//262
f 570//570 1198//1198 1518//1518
f 682//682 1519//1519 683//683
f 698//698 557//557 699//699
f 495//495 1203//1203 698//698
f 1203//1203 495//495 797//797
f 562//562 563//563 689//689
f 562//562 689//689 1205//1205
f 1205//1205 689//689 1530//1530
f 1784//1784 1786//1786 514//514
f 1271//1271 284//284 147//147
f 11//11 388//388 1207//1207
f 1207//1207 679//679 680//680
f 1207//1207 1304//1304 1798//1798
f 678//678 1243//1243 677//677
f 1173//1173 420//420 1167//1167
f 527//527 847//847 1602//1602
f 646//646 1666//1666 676//676
f 90//90 822//822 1209//1209
f 822//822 90//90 1776//1776
f 1211//1211 1125//1125 1126//1126
f 1211//1211 1822//1822 830//830
f 883//883 188//188 1822//1822
f 1597//1597 314//314 1213//1213
f 1597//1597 202//202 314//314
f 294//294 1633//1633 207//207
f 453//453 918//918 1214//1214
f 918//918 453//453 1626//1626
f 1477//1477 1216//1216 1136//1136
f 671//671 1399//1399 1481//1481
f 1795//1795 547//547 1793//1793
f 1217//1217 1144//1144 674//674
f 228//228 1337//1337 668//668
f 1401//1401 1218//1218 694//694
f 666//666 533//533 1218//1218
f 1219//1219 533//533 663//663
f 1219//1219 1220//1220 982//982
f 18//18 1816//1816 1221//1221
f 1046//1046 375//375 1222//1222
f 1224//1224 1834//1834 965//965
f 965//965 535//535 1224//1224
f 1039//1039 267//267 723//723
f 334//334 1046//1046 1054//1054
f 1225//1225 953//953 1224//1224
f 650//650 1227//1227 1226//1226
f 1226//1226 541//541 1396//1396
f 541//541 1226//1226 1227//1227
f 640//640 1230//1230 886//886
f 1716//1716 1091//1091 132//132
f 752//752 1745//1745 403//403
f 600//600 1234//1234 604//604
f 1234//1234 600//600 623//623
f 616//616 1235//1235 19//19
f 1293//1293 623//623 1004//1004
f 1237//1237 1184//1184 616//616
f 1237//1237 616//616 19//19
f 660//660 380//380 1565//1565
f 752//752 1744//1744 1745//1745
f 1744//1744 752//752 479//479
f 637//637 479//479 752//752
f 861//861 293//293 1621//1621
f 1429//1429 724//724 1246//1246
f 289//289 1748//1748 1613//1613
f 1757//1757 150//150 41//41
f 148//148 868//868 1114//1114
f 1212//1212 86//86 1531//1531
f 18//18 138//138 1492//1492
f 172//172 402//402 569//569
f 402//402 172//172 1268//1268
f 1454//1454 889//889 1456//1456
f 335//335 1254//1254 183//183
f 1326//1326 1460//1460 1253//1253
f 14//14 1326//1326 1253//1253
f 1257//1257 1615//1615 1256//1256
f 1258//1258 1257//1257 1854//1854
f 1065//1065 711//711 709//709
f 308//308 131//131 35//35
f 1201//1201 1260//1260 1192//1192
f 1262//1262 631//631 632//632
f 1263//1263 439//439 79//79
f 1264//1264 236//236 227//227
f 504//504 1088//1088 951//951
f 1274//1274 911//911 1076//1076
f 1276//1276 1029//1029 1026//1026
f 371//371 398//398 1277//1277
f 598//598 1734//1734 978//978
f 551//551 867//867 693//693
f 697//697 1281//1281 1279//1279
f 1280//1280 1279//1279 1281//1281
f 1362//1362 910//910 80//80
f 1279//1279 1280//1280 1362//1362
f 139//139 289//289 204//204
f 1502//1502 1508//1508 224//224
f 1544//1544 432//432 400//400
f 1285//1285 1657//1657 1449//1449
f 397//397 1286//1286 1287//1287
f 1288//1288 721//721 1377//1377
f 610//610 1291//1291 823//823
f 1523//1523 1444//1444 1228//1228
f 1294//1294 57//57 550//550
f 1240//1240 528//528 530//530
f 939//939 938//938 1299//1299
f 480//480 1300//1300 457//457
f 1302//1302 122//122 1408//1408
f 1304//1304 1428//1428 1425//1425
f 570//570 903//903 902//902
f 903//903 570//570 1303//1303
f 1609//1609 1801//1801 69//69
f 1565//1565 639//639 1307//1307
f 1148//1148 1308//1308 584//584
f 893//893 916//916 245//245
f 1058//1058 943//943 441//441
f 1312//1312 32//32 1426//1426
f 32//32 404//404 1426//1426
f 813//813 33//33 1313//1313
f 813//813 404//404 33//33
f 1313//1313 796//796 1316//1316
f 796//796 1313//1313 839//839
f 1318//1318 5//5 1319//1319
f 5//5 1318//1318 1317//1317
f 1320//1320 1323//1323 1322//1322
f 339//339 1255//1255 169//169
f 1255//1255 339//339 109//109
f 1323//1323 1461//1461 440//440
f 462//462 872//872 461//461
f 238//238 13//13 914//914
f 1325//1325 1678//1678 1692//1692
f 1462//1462 1446//1446 970//970
f 1455//1455 1460//1460 1326//1326
f 1233//1233 231//231 101//101
f 579//579 1327//1327 1724//1724
f 1328//1328 417//417 49//49
f 978//978 1726//1726 833//833
f 1331//1331 1332//1332 1527//1527
f 870//870 1439//1439 1030//1030
f 1732//1732 324//324 1334//1334
f 1732//1732 1334//1334 119//119
f 595//595 1376//1376 721//721
f 1152//1152 826//826 143//143
f 275//275 274//274 459//459
f 459//459 1473//1473 458//458
f 721//721 1376//1376 1377//1377
f 1376//1376 595//595 1371//1371
f 693//693 1247//1247 551//551
f 852//852 50//50 1343//1343
f 459//459 726//726 275//275
f 1511//1511 648//648 582//582
f 582//582 350//350 1706//1706
f 1549//1549 971//971 1019//1019
f 1336//1336 390//390 442//442
f 1082//1082 898//898 395//395
f 1568//1568 1465//1465 1096//1096
f 1210//1210 1337//1337 220//220
f 1059//1059 399//399 1060//1060
f 1852//1852 1342//1342 1343//1343
f 1342//1342 518//518 1343//1343
f 339//339 1321//1321 1299//1299
f 1276//1276 348//348 1345//1345
f 346//346 1121//1121 347//347
f 1120//1120 1121//1121 433//433
f 1369//1369 1090//1090 1044//1044
f 1129//1129 611//611 1347//1347
f 1347//1347 213//213 1129//1129
f 267//267 936//936 723//723
f 1349//1349 1306//1306 987//987
f 1306//1306 1349//1349 843//843
f 983//983 456//456 630//630
f 106//106 1299//1299 1321//1321
f 974//974 192//192 1101//1101
f 192//192 803//803 1165//1165
f 1512//1512 976//976 941//941
f 14//14 770//770 1442//1442
f 222//222 460//460 418//418
f 1115//1115 1644//1644 992//992
f 1340//1340 1047//1047 694//694
f 694//694 71//71 1109//1109
f 1346//1346 1350//1350 213//213
f 494//494 599//599 506//506
f 290//290 291//291 1351//1351
f 1154//1154 1846//1846 1354//1354
f 1341//1341 220//220 416//416
f 1338//1338 416//416 1520//1520
f 255//255 1356//1356 1355//1355
f 754//754 773//773 808//808
f 374//374 1378//1378 1374//1374
f 194//194 1358//1358 251//251
f 1360//1360 1750//1750 707//707
f 1360//1360 705//705 1750//1750
f 1065//1065 572//572 707//707
f 1507//1507 283//283 1409//1409
f 1143//1143 1597//1597 1213//1213
f 1318//1318 1319//1319 908//908
f 395//395 1496//1496 1082//1082
f 282//282 143//143 805//805
f 805//805 143//143 826//826
f 895//895 894//894 1864//1864
f 1367//1367 1366//1366 426//426
f 1366//1366 791//791 427//427
f 335//335 980//980 129//129
f 337//337 929//929 977//977
f 10//10 443//443 183//183
f 443//443 10//10 1364//1364
f 335//335 60//60 980//980
f 980//980 60//60 1044//1044
f 443//443 60//60 335//335
f 788//788 1049//1049 151//151
f 796//796 1122//1122 1026//1026
f 1118//1118 178//178 1551//1551
f 984//984 1090//1090 1369//1369
f 934//934 1269//1269 1111//1111
f 1269//1269 1301//1301 1111//1111
f 1321//1321 1679//1679 106//106
f 373//373 1108//1108 1370//1370
f 814//814 1385//1385 1386//1386
f 1265//1265 299//299 859//859
f 222//222 418//418 1668//1668
f 786//786 1759//1759 324//324
f 702//702 1655//1655 569//569
f 1386//1386 1387//1387 839//839
f 780//780 1655//1655 969//969
f 231//231 1372//1372 101//101
f 428//428 1361//1361 425//425
f 1373//1373 231//231 1371//1371
f 493//493 236//236 1264//1264
f 1449//1449 1375//1375 1285//1285
f 1374//1374 1268//1268 1112//1112
f 907//907 1387//1387 218//218
f 1380//1380 234//234 1423//1423
f 719//719 1380//1380 1423//1423
f 1379//1379 1380//1380 719//719
f 1382//1382 455//455 959//959
f 584//584 1383//1383 1384//1384
f 1386//1386 1385//1385 217//217
f 293//293 1344//1344 1480//1480
f 1417//1417 1261//1261 1262//1262
f 1387//1387 907//907 1122//1122
f 218//218 1387//1387 217//217
f 1388//1388 389//389 797//797
f 1229//1229 896//896 1388//1388
f 217//217 1387//1387 1386//1386
f 1414//1414 1404//1404 1799//1799
f 1278//1278 1391//1391 415//415
f 862//862 671//671 1393//1393
f 103//103 1394//1394 1780//1780
f 1780//1780 1394//1394 695//695
f 1396//1396 542//542 1395//1395
f 1393//1393 671//671 386//386
f 1397//1397 132//132 1091//1091
f 1040//1040 529//529 1398//1398
f 529//529 1855//1855 1398//1398
f 1401//1401 1109//1109 1399//1399
f 868//868 148//148 292//292
f 1401//1401 666//666 1218//1218
f 71//71 694//694 1275//1275
f 1449//1449 38//38 1375//1375
f 38//38 856//856 1375//1375
f 324//324 1732//1732 786//786
f 1403//1403 860//860 855//855
f 1331//1331 1403//1403 1581//1581
f 451//451 452//452 1222//1222
f 1409//1409 1778//1778 1507//1507
f 334//334 375//375 1046//1046
f 1411//1411 1433//1433 250//250
f 1782//1782 1784//1784 514//514
f 1407//1407 375//375 1413//1413
f 1412//1412 753//753 43//43
f 753//753 1412//1412 1414//1414
f 370//370 376//376 369//369
f 1381//1381 1389//1389 110//110
f 1415//1415 1418//1418 1412//1412
f 1412//1412 1418//1418 1416//1416
f 1426//1426 791//791 484//484
f 1416//1416 1418//1418 153//153
f 497//497 795//795 369//369
f 1414//1414 1405//1405 1404//1404
f 513//513 1410//1410 1405//1405
f 794//794 576//576 1422//1422
f 359//359 574//574 363//363
f 100//100 1416//1416 153//153
f 1676//1676 1421//1421 364//364
f 1038//1038 45//45 1863//1863
f 234//234 1380//1380 1560//1560
f 110//110 1315//1315 1381//1381
f 234//234 1113//1113 1423//1423
f 1863//1863 45//45 1349//1349
f 44//44 1517//1517 1554//1554
f 1424//1424 356//356 1051//1051
f 1424//1424 1051//1051 501//501
f 635//635 1537//1537 536//536
f 1428//1428 1389//1389 1425//1425
f 1430//1430 242//242 44//44
f 1428//1428 1304//1304 1609//1609
f 355//355 242//242 1430//1430
f 1609//1609 1670//1670 1428//1428
f 1405//1405 1414//1414 1416//1416
f 1431//1431 56//56 1432//1432
f 753//753 1414//1414 1448//1448
f 1448//1448 1414//1414 1389//1389
f 276//276 340//340 870//870
f 235//235 987//987 1306//1306
f 987//987 1056//1056 1436//1436
f 1441//1441 1056//1056 1435//1435
f 1859//1859 1028//1028 1442//1442
f 907//907 1443//1443 1276//1276
f 346//346 347//347 1345//1345
f 345//345 328//328 367//367
f 757//757 1134//1134 1097//1097
f 860//860 1444//1444 855//855
f 1445//1445 1107//1107 373//373
f 1071//1071 320//320 838//838
f 1011//1011 815//815 1623//1623
f 881//881 1446//1446 1462//1462
f 1447//1447 1448//1448 1381//1381
f 1447//1447 1381//1381 1426//1426
f 1447//1447 1426//1426 484//484
f 374//374 445//445 1449//1449
f 773//773 1453//1453 851//851
f 1450//1450 851//851 1453//1453
f 1450//1450 1453//1453 1451//1451
f 1451//1451 1453//1453 255//255
f 146//146 1460//1460 1455//1455
f 1460//1460 146//146 145//145
f 1350//1350 1047//1047 1340//1340
f 224//224 139//139 1457//1457
f 533//533 410//410 1340//1340
f 145//145 440//440 1460//1460
f 1461//1461 1041//1041 1100//1100
f 1041//1041 1461//1461 1323//1323
f 1320//1320 1459//1459 1323//1323
f 1460//1460 440//440 1461//1461
f 1366//1366 484//484 791//791
f 739//739 1697//1697 27//27
f 1461//1461 1253//1253 1460//1460
f 1039//1039 1462//1462 986//986
f 1462//1462 1039//1039 1463//1463
f 1595//1595 331//331 237//237
f 1087//1087 1549//1549 1867//1867
f 209//209 1185//1185 1796//1796
f 1275//1275 343//343 71//71
f 343//343 1473//1473 274//274
f 437//437 1347//1347 611//611
f 438//438 1473//1473 437//437
f 611//611 438//438 437//437
f 1763//1763 1155//1155 1464//1464
f 1347//1347 437//437 344//344
f 1347//1347 344//344 1346//1346
f 271//271 270//270 891//891
f 270//270 271//271 1152//1152
f 344//344 437//437 343//343
f 489//489 381//381 435//435
f 1478//1478 308//308 64//64
f 1478//1478 144//144 821//821
f 1611//1611 262//262 1192//1192
f 905//905 793//793 1377//1377
f 778//778 874//874 777//777
f 1420//1420 318//318 1499//1499
f 1351//1351 291//291 854//854
f 1109//1109 72//72 1481//1481
f 353//353 1286//1286 250//250
f 1482//1482 1483//1483 942//942
f 1482//1482 141//141 1645//1645
f 1482//1482 1645//1645 1485//1485
f 1485//1485 1483//1483 1482//1482
f 409//409 942//942 1483//1483
f 1814//1814 1483//1483 1485//1485
f 1308//1308 1164//1164 1383//1383
f 138//138 439//439 1488//1488
f 1492//1492 138//138 1831//1831
f 503//503 734//734 1700//1700
f 1168//1168 848//848 1310//1310
f 1491//1491 846//846 1619//1619
f 1490//1490 523//523 1727//1727
f 1310//1310 848//848 503//503
f 1221//1221 1248//1248 18//18
f 190//190 245//245 916//916
f 1495//1495 966//966 1498//1498
f 966//966 1494//1494 960//960
f 639//639 1565//1565 765//765
f 236//236 493//493 945//945
f 960//960 1494//1494 742//742
f 1802//1802 1525//1525 519//519
f 1197//1197 1498//1498 966//966
f 254//254 1182//1182 995//995
f 1494//1494 1495//1495 1497//1497
f 1420//1420 287//287 1690//1690
f 164//164 1500//1500 318//318
f 1254//1254 307//307 52//52
f 1466//1466 325//325 1501//1501
f 263//263 1456//1456 876//876
f 1502//1502 1232//1232 1528//1528
f 747//747 1504//1504 1505//1505
f 341//341 1506//1506 121//121
f 1113//1113 341//341 130//130
f 261//261 1507//1507 1158//1158
f 780//780 777//777 877//877
f 1502//1502 1528//1528 1508//1508
f 1832//1832 121//121 1834//1834
f 1733//1733 201//201 749//749
f 785//785 1457//1457 311//311
f 341//341 1113//1113 1506//1506
f 1094//1094 1397//1397 1092//1092
f 1513//1513 1665//1665 519//519
f 627//627 1518//1518 628//628
f 1518//1518 627//627 242//242
f 202//202 739//739 314//314
f 1521//1521 902//902 903//903
f 1338//1338 1520//1520 1853//1853
f 620//620 1342//1342 1097//1097
f 620//620 1097//1097 1134//1134
f 1525//1525 1513//1513 519//519
f 244//244 12//12 1524//1524
f 1074//1074 244//244 253//253
f 1529//1529 1528//1528 317//317
f 1174//1174 1530//1530 1067//1067
f 180//180 497//497 1760//1760
f 1067//1067 1530//1530 689//689
f 38//38 1357//1357 790//790
f 1268//1268 1374//1374 1378//1378
f 1325//1325 494//494 1292//1292
f 829//829 1536//1536 613//613
f 510//510 1171//1171 1166//1166
f 635//635 1566//1566 1537//1537
f 8//8 995//995 447//447
f 164//164 1538//1538 1541//1541
f 447//447 995//995 1182//1182
f 1566//1566 635//635 1554//1554
f 213//213 1350//1350 210//210
f 1539//1539 1858//1858 199//199
f 1541//1541 1538//1538 156//156
f 1029//1029 1276//1276 347//347
f 1368//1368 1316//1316 796//796
f 589//589 590//590 1542//1542
f 947//947 1542//1542 590//590
f 254//254 995//995 1496//1496
f 1543//1543 1838//1838 1790//1790
f 15//15 1544//1544 248//248
f 1545//1545 719//719 1123//1123
f 1298//1298 190//190 1547//1547
f 1454//1454 1456//1456 263//263
f 237//237 1468//1468 1465//1465
f 1465//1465 1595//1595 237//237
f 330//330 1087//1087 1550//1550
f 1120//1120 225//225 1121//1121
f 337//337 248//248 1544//1544
f 402//402 928//928 702//702
f 1553//1553 1552//1552 184//184
f 433//433 248//248 1120//1120
f 932//932 934//934 1111//1111
f 1070//1070 1104//1104 1129//1129
f 1103//1103 1104//1104 935//935
f 1034//1034 625//625 1031//1031
f 1631//1631 1027//1027 995//995
f 1421//1421 351//351 1555//1555
f 793//793 1556//1556 363//363
f 1557//1557 1867//1867 1549//1549
f 748//748 1556//1556 1730//1730
f 365//365 61//61 1560//1560
f 1424//1424 639//639 1561//1561
f 1421//1421 1555//1555 973//973
f 1407//1407 451//451 375//375
f 1430//1430 44//44 1564//1564
f 1563//1563 536//536 1537//1537
f 1563//1563 1537//1537 177//177
f 536//536 354//354 635//635
f 1357//1357 38//38 1532//1532
f 1357//1357 1532//1532 268//268
f 1516//1516 1566//1566 1554//1554
f 352//352 1563//1563 177//177
f 155//155 1817//1817 1590//1590
f 1590//1590 1817//1817 1663//1663
f 1298//1298 1568//1568 1296//1296
f 1296//1296 1568//1568 1096//1096
f 957//957 390//390 1411//1411
f 189//189 1647//1647 1019//1019
f 590//590 1055//1055 947//947
f 1569//1569 878//878 1220//1220
f 1569//1569 608//608 661//661
f 334//334 1413//1413 375//375
f 649//649 371//371 1413//1413
f 1391//1391 1228//1228 1570//1570
f 1060//1060 1571//1571 923//923
f 1571//1571 1106//1106 1335//1335
f 1579//1579 168//168 1522//1522
f 1068//1068 1575//1575 162//162
f 1576//1576 777//777 780//780
f 1578//1578 367//367 858//858
f 168//168 1535//1535 1106//1106
f 1134//1134 757//757 1578//1578
f 253//253 1579//1579 1074//1074
f 855//855 162//162 1581//1581
f 1580//1580 665//665 664//664
f 1581//1581 1332//1332 1331//1331
f 1527//1527 1569//1569 1331//1331
f 1569//1569 1527//1527 1406//1406
f 1527//1527 1332//1332 1075//1075
f 1526//1526 460//460 1583//1583
f 460//460 222//222 1583//1583
f 1443//1443 799//799 348//348
f 223//223 1668//1668 1586//1586
f 1182//1182 1546//1546 1006//1006
f 349//349 991//991 83//83
f 991//991 1010//1010 83//83
f 1094//1094 950//950 976//976
f 1588//1588 940//940 1093//1093
f 1442//1442 1028//1028 1584//1584
f 187//187 1592//1592 144//144
f 992//992 999//999 1115//1115
f 1115//1115 999//999 1017//1017
f 937//937 524//524 185//185
f 807//807 1259//1259 1594//1594
f 1596//1596 321//321 1464//1464
f 1155//1155 1467//1467 1464//1464
f 1149//1149 1096//1096 1465//1465
f 1594//1594 1259//1259 1597//1597
f 1596//1596 76//76 475//475
f 1598//1598 1664//1664 277//277
f 634//634 636//636 1601//1601
f 1601//1601 636//636 612//612
f 1600//1600 706//706 1599//1599
f 1600//1600 634//634 1601//1601
f 1476//1476 326//326 1477//1477
f 1482//1482 1221//1221 1816//1816
f 1221//1221 1482//1482 942//942
f 888//888 145//145 134//134
f 1454//1454 888//888 889//889
f 134//134 215//215 888//888
f 196//196 1439//1439 1334//1334
f 1033//1033 988//988 1605//1605
f 591//591 867//867 1383//1383
f 1246//1246 1408//1408 501//501
f 804//804 1658//1658 1624//1624
f 1670//1670 69//69 1608//1608
f 69//69 1670//1670 1609//1609
f 629//629 1003//1003 1610//1610
f 1353//1353 1614//1614 1613//1613
f 1028//1028 214//214 323//323
f 1610//1610 1684//1684 975//975
f 1684//1684 1616//1616 975//975
f 1751//1751 756//756 150//150
f 262//262 1611//1611 1607//1607
f 1858//1858 1539//1539 36//36
f 1618//1618 980//980 1090//1090
f 1480//1480 778//778 1621//1621
f 816//816 82//82 566//566
f 126//126 1033//1033 1605//1605
f 125//125 1605//1605 193//193
f 1626//1626 1625//1625 322//322
f 622//622 264//264 265//265
f 1107//1107 983//983 1369//1369
f 264//264 1628//1628 1627//1627
f 1479//1479 1491//1491 147//147
f 147//147 1491//1491 1619//1619
f 1042//1042 1479//1479 147//147
f 1027//1027 1631//1631 554//554
f 1020//1020 995//995 8//8
f 1632//1632 1252//1252 1251//1251
f 232//232 1636//1636 1214//1214
f 1635//1635 232//232 667//667
f 224//224 1529//1529 139//139
f 1098//1098 31//31 1861//1861
f 1862//1862 406//406 1639//1639
f 1778//1778 1409//1409 1777//1777
f 1641//1641 1142//1142 1503//1503
f 230//230 232//232 1514//1514
f 1515//1515 1514//1514 1699//1699
f 1515//1515 1699//1699 112//112
f 79//79 387//387 1643//1643
f 79//79 1643//1643 496//496
f 1592//1592 187//187 989//989
f 145//145 1454//1454 1322//1322
f 145//145 1322//1322 440//440
f 141//141 208//208 1832//1832
f 539//539 141//141 1832//1832
f 190//190 1298//1298 1296//1296
f 1647//1647 1474//1474 1475//1475
f 1646//1646 1647//1647 189//189
f 137//137 36//36 1673//1673
f 36//36 137//137 1648//1648
f 1212//1212 1531//1531 1249//1249
f 1652//1652 1779//1779 1653//1653
f 172//172 62//62 1370//1370
f 1656//1656 108//108 149//149
f 108//108 1656//1656 1548//1548
f 1657//1657 374//374 1449//1449
f 1659//1659 1273//1273 1656//1656
f 149//149 1659//1659 1656//1656
f 937//937 1539//1539 1660//1660
f 1138//1138 1288//1288 487//487
f 488//488 1662//1662 1490//1490
f 1651//1651 509//509 297//297
f 1686//1686 1666//1666 691//691
f 1654//1654 1803//1803 1667//1667
f 509//509 1651//1651 1802//1802
f 1273//1273 509//509 1590//1590
f 493//493 1701//1701 192//192
f 1665//1665 155//155 519//519
f 1156//1156 429//429 161//161
f 1573//1573 1669//1669 1074//1074
f 453//453 1589//1589 1626//1626
f 472//472 1670//1670 1671//1671
f 1672//1672 154//154 1673//1673
f 1673//1673 154//154 137//137
f 1534//1534 321//321 1533//1533
f 1256//1256 1534//1534 1533//1533
f 76//76 844//844 1674//1674
f 292//292 977//977 868//868
f 1002//1002 1013//1013 280//280
f 109//109 280//280 1255//1255
f 368//368 121//121 1832//1832
f 398//398 394//394 1057//1057
f 1763//1763 321//321 1534//1534
f 505//505 1212//1212 500//500
f 1158//1158 1680//1680 1769//1769
f 1270//1270 1804//1804 1681//1681
f 282//282 164//164 1541//1541
f 132//132 1681//1681 303//303
f 1768//1768 1272//1272 1682//1682
f 1098//1098 1683//1683 1638//1638
f 292//292 933//933 926//926
f 197//197 199//199 1858//1858
f 1715//1715 1208//1208 1173//1173
f 200//200 59//59 199//199
f 1802//1802 1651//1651 1667//1667
f 165//165 128//128 1622//1622
f 127//127 3//3 1839//1839
f 313//313 1687//1687 1158//1158
f 261//261 1158//1158 1687//1687
f 127//127 1344//1344 128//128
f 845//845 528//528 1688//1688
f 530//530 845//845 710//710
f 1610//1610 1013//1013 629//629
f 732//732 1715//1715 1173//1173
f 338//338 1420//1420 1690//1690
f 615//615 736//736 617//617
f 431//431 365//365 1724//1724
f 338//338 1690//1690 265//265
f 338//338 265//265 1691//1691
f 1700//1700 505//505 503//503
f 506//506 1172//1172 1169//1169
f 801//801 1693//1693 614//614
f 512//512 1694//1694 1743//1743
f 294//294 202//202 1259//1259
f 202//202 294//294 1558//1558
f 1088//1088 1382//1382 959//959
f 239//239 1698//1698 1653//1653
f 1743//1743 645//645 1704//1704
f 606//606 602//602 605//605
f 594//594 605//605 602//602
f 205//205 1700//1700 771//771
f 1702//1702 1700//1700 734//734
f 752//752 1708//1708 1717//1717
f 1140//1140 1842//1842 577//577
f 1701//1701 493//493 1264//1264
f 198//198 200//200 197//197
f 432//432 1097//1097 1329//1329
f 1329//1329 1097//1097 1342//1342
f 1703//1703 1441//1441 1552//1552
f 607//607 740//740 1163//1163
f 1552//1552 1553//1553 1703//1703
f 801//801 766//766 587//587
f 1709//1709 586//586 597//597
f 597//597 596//596 1826//1826
f 733//733 659//659 1843//1843
f 609//609 585//585 766//766
f 1536//1536 1023//1023 1708//1708
f 1711//1711 1710//1710 1841//1841
f 1710//1710 729//729 1190//1190
f 729//729 730//730 1190//1190
f 1843//1843 1327//1327 1181//1181
f 1720//1720 776//776 515//515
f 1714//1714 1190//1190 1712//1712
f 130//130 341//341 1509//1509
f 1712//1712 1190//1190 58//58
f 1175//1175 1702//1702 734//734
f 1190//1190 1714//1714 1710//1710
f 1452//1452 286//286 1716//1716
f 1717//1717 1708//1708 1719//1719
f 46//46 638//638 122//122
f 286//286 1452//1452 47//47
f 1714//1714 481//481 1841//1841
f 727//727 1064//1064 718//718
f 711//711 1639//1639 1721//1721
f 1722//1722 392//392 579//579
f 708//708 1518//1518 1198//1198
f 1733//1733 1848//1848 1289//1289
f 912//912 909//909 1509//1509
f 1820//1820 1712//1712 58//58
f 1038//1038 933//933 45//45
f 41//41 277//277 1617//1617
f 628//628 2//2 1064//1064
f 940//940 1598//1598 277//277
f 1093//1093 756//756 1728//1728
f 1728//1728 950//950 958//958
f 958//958 952//952 1728//1728
f 719//719 1545//1545 1602//1602
f 1084//1084 1718//1718 511//511
f 577//577 1290//1290 573//573
f 1730//1730 1726//1726 978//978
f 1635//1635 667//667 914//914
f 1731//1731 1848//1848 1290//1290
f 1730//1730 978//978 1734//1734
f 1135//1135 1732//1732 1458//1458
f 720//720 1736//1736 713//713
f 331//331 1595//1595 1624//1624
f 1289//1289 571//571 1733//1733
f 1733//1733 1735//1735 252//252
f 577//577 114//114 1731//1731
f 713//713 1736//1736 381//381
f 381//381 1736//1736 490//490
f 1729//1729 515//515 1245//1245
f 1679//1679 189//189 1658//1658
f 515//515 776//776 1244//1244
f 771//771 1702//1702 392//392
f 704//704 1738//1738 1519//1519
f 1737//1737 707//707 1750//1750
f 658//658 1737//1737 1750//1750
f 1741//1741 113//113 1510//1510
f 424//424 1742//1742 1599//1599
f 424//424 1837//1837 1742//1742
f 1750//1750 705//705 658//658
f 517//517 516//516 1727//1727
f 1510//1510 113//113 568//568
f 113//113 1740//1740 111//111
f 835//835 111//111 1740//1740
f 339//339 1001//1001 109//109
f 1748//1748 1617//1617 1664//1664
f 150//150 756//756 277//277
f 277//277 756//756 940//940
f 411//411 1081//1081 1749//1749
f 941//941 976//976 1751//1751
f 756//756 1751//1751 976//976
f 1630//1630 1753//1753 1534//1534
f 227//227 1630//1630 364//364
f 227//227 236//236 1753//1753
f 1067//1067 560//560 1174//1174
f 1081//1081 411//411 699//699
f 559//559 1813//1813 1204//1204
f 745//745 1756//1756 744//744
f 1766//1766 1840//1840 1765//1765
f 879//879 1756//1756 561//561
f 1126//1126 1125//1125 558//558
f 588//588 1762//1762 1281//1281
f 82//82 37//37 78//78
f 37//37 41//41 78//78
f 1757//1757 37//37 88//88
f 497//497 180//180 1758//1758
f 1270//1270 1250//1250 301//301
f 744//744 1756//1756 743//743
f 1689//1689 176//176 1684//1684
f 558//558 831//831 1176//1176
f 1759//1759 787//787 1471//1471
f 1854//1854 1255//1255 1258//1258
f 1663//1663 1548//1548 1590//1590
f 1763//1763 1753//1753 1754//1754
f 1762//1762 555//555 1280//1280
f 1280//1280 1281//1281 1762//1762
f 1766//1766 105//105 1840//1840
f 1767//1767 1761//1761 1781//1781
f 1767//1767 1781//1781 94//94
f 57//57 1069//1069 1838//1838
f 169//169 1679//1679 1321//1321
f 1615//1615 1258//1258 1616//1616
f 1781//1781 1761//1761 1773//1773
f 988//988 1768//1768 1605//1605
f 557//557 698//698 1203//1203
f 1604//1604 63//63 1043//1043
f 25//25 102//102 24//24
f 854//854 1769//1769 1680//1680
f 1769//1769 854//854 1770//1770
f 193//193 300//300 1771//1771
f 261//261 1687//1687 283//283
f 1772//1772 467//467 1032//1032
f 1772//1772 31//31 467//467
f 1781//1781 1773//1773 51//51
f 1777//1777 467//467 1642//1642
f 1777//1777 1642//1642 70//70
f 103//103 102//102 65//65
f 1839//1839 1774//1774 30//30
f 1761//1761 499//499 1773//1773
f 165//165 219//219 3//3
f 68//68 1682//1682 1272//1272
f 55//55 1776//1776 90//90
f 1691//1691 1777//1777 70//70
f 1653//1653 915//915 239//239
f 1779//1779 1652//1652 668//668
f 453//453 1214//1214 1636//1636
f 170//170 915//915 53//53
f 915//915 668//668 53//53
f 107//107 1791//1791 1790//1790
f 739//739 27//27 1215//1215
f 27//27 120//120 1215//1215
f 103//103 1780//1780 1782//1782
f 1472//1472 16//16 849//849
f 1857//1857 1783//1783 1785//1785
f 549//549 51//51 1787//1787
f 1784//1784 1780//1780 95//95
f 95//95 1294//1294 1784//1784
f 1857//1857 1785//1785 1788//1788
f 1838//1838 550//550 57//57
f 1792//1792 1857//1857 1788//1788
f 688//688 1786//1786 1794//1794
f 1810//1810 1775//1775 16//16
f 547//547 1790//1790 1791//1791
f 1793//1793 1791//1791 93//93
f 688//688 514//514 1786//1786
f 625//625 227//227 973//973
f 227//227 1701//1701 1264//1264
f 547//547 548//548 1543//1543
f 688//688 1794//1794 546//546
f 547//547 545//545 548//548
f 688//688 546//546 1797//1797
f 1798//1798 1799//1799 1410//1410
f 1410//1410 1797//1797 1798//1798
f 547//547 681//681 545//545
f 714//714 1545//1545 531//531
f 1304//1304 1425//1425 1799//1799
f 1800//1800 532//532 552//552
f 1207//1207 1798//1798 546//546
f 725//725 1775//1775 1810//1810
f 55//55 685//685 1796//1796
f 1809//1809 730//730 1189//1189
f 249//249 142//142 1250//1250
f 249//249 1250//1250 1512//1512
f 1805//1805 480//480 493//493
f 1364//1364 426//426 443//443
f 858//858 545//545 681//681
f 1364//1364 641//641 89//89
f 42//42 1365//1365 43//43
f 1365//1365 917//917 886//886
f 518//518 1342//1342 620//620
f 1366//1366 89//89 1365//1365
f 1804//1804 1270//1270 21//21
f 1343//1343 518//518 1206//1206
f 1343//1343 1206//1206 852//852
f 1794//1794 1807//1807 11//11
f 521//521 11//11 1807//1807
f 43//43 886//886 1415//1415
f 4//4 544//544 1589//1589
f 1659//1659 304//304 1783//1783
f 1783//1783 1808//1808 1785//1785
f 544//544 1105//1105 894//894
f 742//742 1492//1492 1831//1831
f 1415//1415 886//886 1230//1230
f 72//72 1109//1109 71//71
f 1481//1481 72//72 1318//1318
f 640//640 919//919 896//896
f 1284//1284 1811//1811 1283//1283
f 1419//1419 1418//1418 1415//1415
f 921//921 927//927 239//239
f 84//84 921//921 920//920
f 1193//1193 1809//1809 728//728
f 647//647 1812//1812 1811//1811
f 648//648 927//927 84//84
f 1283//1283 1811//1811 1157//1157
f 1849//1849 1558//1558 115//115
f 298//298 1815//1815 1818//1818
f 1815//1815 298//298 1319//1319
f 1815//1815 1486//1486 1814//1814
f 527//527 725//725 1810//1810
f 543//543 136//136 1486//1486
f 1396//1396 65//65 75//75
f 656//656 1816//1816 1856//1856
f 1816//1816 18//18 1856//1856
f 1193//1193 1820//1820 1809//1809
f 185//185 191//191 154//154
f 830//830 697//697 762//762
f 697//697 830//830 1822//1822
f 955//955 654//654 541//541
f 1802//1802 1667//1667 1803//1803
f 434//434 528//528 1240//1240
f 1483//1483 1814//1814 1486//1486
f 1820//1820 1193//1193 716//716
f 1818//1818 1814//1814 20//20
f 1824//1824 904//904 298//298
f 20//20 652//652 1824//1824
f 20//20 1814//1814 1487//1487
f 1823//1823 1827//1827 1825//1825
f 651//651 1824//1824 652//652
f 1487//1487 1828//1828 20//20
f 1825//1825 1562//1562 538//538
f 1707//1707 1819//1819 1826//1826
f 1819//1819 1639//1639 406//406
f 20//20 1828//1828 652//652
f 1825//1825 1827//1827 1562//1562
f 1827//1827 536//536 1562//1562
f 537//537 697//697 188//188
f 701//701 1211//1211 1126//1126
f 1564//1564 540//540 654//654
f 1358//1358 701//701 251//251
f 92//92 540//540 1564//1564
f 216//216 1721//1721 1639//1639
f 539//539 1832//1832 1834//1834
f 682//682 537//537 703//703
f 1829//1829 588//588 537//537
f 1828//1828 655//655 652//652
f 1834//1834 1828//1828 539//539
f 1844//1844 1835//1835 1249//1249
f 34//34 312//312 1855//1855
f 1774//1774 1839//1839 3//3
f 1683//1683 1629//1629 1642//1642
f 70//70 1642//1642 1629//1629
f 257//257 846//846 946//946
f 257//257 946//946 26//26
f 75//75 1226//1226 1396//1396
f 87//87 1847//1847 967//967
f 1558//1558 675//675 1697//1697
f 231//231 1711//1711 1841//1841
f 1646//1646 1474//1474 1647//1647
f 1352//1352 1191//1191 1260//1260
f 965//965 1834//1834 121//121
f 114//114 1842//1842 1740//1740
f 1740//1740 643//643 835//835
f 152//152 940//940 1588//1588
f 174//174 57//57 95//95
f 1302//1302 1408//1408 659//659
f 946//946 1309//1309 664//664
f 967//967 664//664 54//54
f 1844//1844 1531//1531 1845//1845
f 1069//1069 107//107 1790//1790
f 1790//1790 1838//1838 1069//1069
f 519//519 1590//1590 509//509
f 1608//1608 1671//1671 1670//1670
f 1846//1846 1378//1378 1657//1657
f 1210//1210 1341//1341 1847//1847
f 10//10 39//39 40//40
f 39//39 10//10 751//751
f 103//103 1395//1395 1394//1394
f 1848//1848 1731//1731 1289//1289
f 1558//1558 207//207 115//115
f 50//50 1851//1851 1852//1852
f 1197//1197 741//741 1493//1493
f 50//50 852//852 853//853
f 1789//1789 1788//1788 278//278
f 1421//1421 1689//1689 30//30
f 429//429 56//56 67//67
f 67//67 56//56 1431//1431
f 1520//1520 306//306 1853//1853
f 306//306 63//63 1853//1853
f 1646//1646 169//169 1854//1854
f 137//137 1538//1538 1648//1648
f 451//451 857//857 452//452
f 31//31 1098//1098 1638//1638
f 66//66 1497//1497 1856//1856
# 3599 faces, 0 coords texture

# End of File
