####
#
# OBJ File Generated by Meshlab
#
####
# Object spot_cowhead.obj
#
# Vertices: 4537
# Faces: 9024
#
####
vn -0.7675682151825707 0.6338816888148091 0.0950423044056086
v -0.1703860000000000 -0.2545170000000000 -0.3528850000000000
vn -0.9050455692055973 -0.3493326056506568 0.2426092502165551
v -0.1483030000000000 -0.4303160000000000 -0.1487190000000000
vn -0.7567833881671305 -0.1277210188332365 -0.6410664901104083
v -0.1685920000000000 -0.2121260000000000 -0.2687490000000000
vn -0.5970008715512209 -0.7656185550280635 -0.2396209247203230
v -0.1979920000000000 -0.3579140000000000 -0.0312240000000000
vn -0.8195946585807188 0.0367467579748437 -0.5717641746422151
v -0.2441270000000000 -0.0740280000000000 -0.2379910000000000
vn -0.9769689779485006 -0.1320810263375529 -0.1675894346546973
v -0.3476140000000000 -0.2249420000000000 0.1125500000000000
vn -0.7097318317739510 0.3850597444892245 0.5899234866833879
v -0.2741800000000000 -0.0265630000000000 0.2646040000000000
vn -0.4249674921002355 0.6048337746209551 0.6734825430074663
v -0.2002120000000000 0.2296610000000000 0.1800660000000000
vn -0.3339089474359140 -0.9398731075667425 -0.0717171980425527
v -0.2040470000000000 -0.4202070000000000 0.1815010000000000
vn -0.5440634469220192 -0.6304567116984232 0.5536418521009249
v -0.2878420000000000 -0.3343270000000000 0.3314910000000000
vn -0.3517686583485101 0.2892409573565234 0.8902800006689868
v -0.2440350000000000 -0.1910820000000000 0.3993490000000000
vn -0.9025016682436537 0.1088044549653316 0.4167161256744438
v -0.2850900000000000 0.1419190000000000 0.1054430000000000
vn -0.2179247770537210 0.5192257193979357 -0.8263857718171230
v -0.1975690000000000 0.1843820000000000 -0.1327070000000000
vn -0.7677851025689312 -0.4131894226447427 -0.4896739091351713
v -0.2829160000000000 0.0503250000000000 -0.1374390000000000
vn -0.4580715188077881 -0.1800761832965485 0.8704843777268344
v -0.3992890000000000 0.1816320000000000 0.0539980000000000
vn -0.3446185513294421 0.9356330777736824 0.0763465641358075
v -0.4617430000000000 0.2530780000000000 -0.0378130000000000
vn -0.2333787082625843 0.0509561281761577 -0.9710498707744019
v -0.4540330000000000 0.1781750000000000 -0.1254030000000000
vn -0.4788369642091624 -0.8532334530732368 0.2066587434967946
v -0.4072000000000000 0.0974670000000000 -0.0598080000000000
vn 0.0000000000000000 0.4567290432419395 0.8896058571408478
v 0.0000000000000000 -0.0076820000000000 0.3161130000000000
vn 0.0000000000000000 0.2849128064971741 0.9585534375786796
v 0.0000000000000000 -0.1872990000000000 0.4239280000000000
vn 0.0000000000000000 -0.6731263173621289 0.7395275254339749
v 0.0000000000000000 -0.4689990000000000 -0.0373790000000000
vn 0.0000000000000000 -0.9996707912358674 -0.0256575359271880
v 0.0000000000000000 -0.4267530000000000 0.0385080000000000
vn 0.0000000000000000 -0.9974782834911391 0.0709723464707962
v 0.0000000000000000 -0.4435810000000000 0.1950690000000000
vn -0.0000000172792242 -0.6895672864825081 0.7242216217520369
v 0.0000000000000000 -0.3558400000000000 0.3718550000000000
vn -0.0000001713985999 0.5986819034527222 0.8009868778439482
v 0.0000000000000000 0.2657440000000000 0.1926820000000000
vn 0.0054153746523475 0.9984822077612343 0.0548083433577949
v 0.0000000000000000 0.3430830000000000 0.0418650000000000
vn 0.0000000000000000 0.9999994939459489 0.0010060357081945
v 0.0000000000000000 -0.2006010000000000 -0.4281950000000000
vn -0.0000000000000000 0.2718847254743729 -0.9623298270622839
v 0.0000000000000000 -0.1734580000000000 -0.3320370000000000
vn 0.0000000000000000 0.1901636547361715 -0.9817524048442061
v 0.0000000000000000 -0.0163180000000000 -0.3479980000000000
vn 0.0000000000000000 0.6345055217329141 -0.7729183287323715
v 0.0000000000000000 0.2214300000000000 -0.2217210000000000
vn -0.0134483097693841 0.9273676650302912 -0.3739095570062529
v 0.0000000000000000 0.3231080000000000 -0.0846470000000000
vn 0.1224673906346251 0.4780368954466786 -0.8697600041522072
v -0.1763670000000000 0.4448780000000000 -0.0389630000000000
vn -0.4646901418224064 0.3580742992319916 0.8098431134007316
v -0.2206960000000000 0.4304850000000000 0.0470530000000000
vn 0.6221911851673877 0.6463075431314997 0.4417744772973264
v -0.1650320000000000 0.4515200000000000 0.0139960000000000
vn -0.8807865448446878 0.0980500105179364 -0.4632507505206973
v -0.2374210000000000 0.4196680000000000 -0.0135270000000000
vn 0.3460150396573269 0.1793160566857882 -0.9209339521081834
v -0.1252560000000000 0.3483130000000000 -0.0495770000000000
vn -0.1451394738399416 0.8866061998386879 -0.4391628166649192
v -0.0927190000000000 0.3192470000000000 -0.0614140000000000
vn -0.3151267276340932 -0.0740356633393298 0.9461574214075232
v -0.1851540000000000 0.3288160000000000 0.0683270000000000
vn -0.4767776913275500 0.8636123695446486 0.1638801642110749
v -0.1739170000000000 0.2968230000000000 0.0882990000000000
vn -0.2429817867652299 0.9697363011699156 0.0239030854424049
v -0.0849930000000000 0.3303320000000000 0.0277360000000000
vn 0.8005682579995679 0.3701445993636800 0.4712572968617442
v -0.1120730000000000 0.3558070000000000 0.0206370000000000
vn -0.4091170554835256 0.8977776157153752 0.1631520383964172
v -0.2367080000000000 0.2579720000000000 0.0174120000000000
vn -0.9106552765881719 0.0721272638324740 -0.4068225965137148
v -0.2136480000000000 0.2986270000000000 -0.0252270000000000
vn -0.2788471498358074 0.7864842796400320 -0.5510778029530375
v -0.1985370000000000 0.2664110000000000 -0.0781000000000000
vn 0.0338259287455379 0.9994259605292868 0.0018857265481371
v -0.3009340000000000 0.2657720000000000 -0.0381720000000000
vn 0.7675682151825707 0.6338816888148091 0.0950423044056086
v 0.1703860000000000 -0.2545170000000000 -0.3528850000000000
vn 0.9050455692055973 -0.3493326056506568 0.2426092502165551
v 0.1483030000000000 -0.4303160000000000 -0.1487190000000000
vn 0.7567833881671305 -0.1277210188332365 -0.6410664901104083
v 0.1685920000000000 -0.2121260000000000 -0.2687490000000000
vn 0.5969994805549911 -0.7656184459059768 -0.2396247389264880
v 0.1979920000000000 -0.3579140000000000 -0.0312240000000000
vn 0.8195946585807188 0.0367467579748437 -0.5717641746422151
v 0.2441270000000000 -0.0740280000000000 -0.2379910000000000
vn 0.9769689779485004 -0.1320810263375529 -0.1675894346546973
v 0.3476140000000000 -0.2249420000000000 0.1125500000000000
vn 0.7097318317739510 0.3850597444892245 0.5899234866833879
v 0.2741800000000000 -0.0265630000000000 0.2646040000000000
vn 0.4249674921002355 0.6048337746209551 0.6734825430074663
v 0.2002120000000000 0.2296610000000000 0.1800660000000000
vn 0.3339089474359139 -0.9398731075667425 -0.0717171980425527
v 0.2040470000000000 -0.4202070000000000 0.1815010000000000
vn 0.5440634469220194 -0.6304567116984233 0.5536418521009249
v 0.2878420000000000 -0.3343270000000000 0.3314910000000000
vn 0.3517686583485101 0.2892409573565234 0.8902800006689868
v 0.2440350000000000 -0.1910820000000000 0.3993490000000000
vn 0.9025016682436537 0.1088044549653316 0.4167161256744439
v 0.2850900000000000 0.1419190000000000 0.1054430000000000
vn 0.2179247770537210 0.5192257193979357 -0.8263857718171230
v 0.1975690000000000 0.1843820000000000 -0.1327070000000000
vn 0.7677851025689312 -0.4131894226447427 -0.4896739091351713
v 0.2829160000000000 0.0503250000000000 -0.1374390000000000
vn 0.4580715188077881 -0.1800761832965485 0.8704843777268344
v 0.3992890000000000 0.1816320000000000 0.0539980000000000
vn 0.3446185513294421 0.9356330777736824 0.0763465641358075
v 0.4617430000000000 0.2530780000000000 -0.0378130000000000
vn 0.2333787082625843 0.0509561281761577 -0.9710498707744019
v 0.4540330000000000 0.1781750000000000 -0.1254030000000000
vn 0.4788401153967801 -0.8532314028648338 0.2066599067359366
v 0.4072000000000000 0.0974670000000000 -0.0598080000000000
vn -0.1224957342942275 0.4780533226774583 -0.8697469837583571
v 0.1763670000000000 0.4448780000000000 -0.0389630000000000
vn 0.4646898559525785 0.3580628801153095 0.8098483263292587
v 0.2206960000000000 0.4304850000000000 0.0470520000000000
vn -0.6221911851673877 0.6463075431314997 0.4417744772973264
v 0.1650320000000000 0.4515200000000000 0.0139960000000000
vn 0.8807865448446878 0.0980500105179364 -0.4632507505206973
v 0.2374210000000000 0.4196680000000000 -0.0135270000000000
vn -0.3460150396573269 0.1793160566857883 -0.9209339521081834
v 0.1252560000000000 0.3483130000000000 -0.0495770000000000
vn 0.1451565879877090 0.8866059820963043 -0.4391575998144792
v 0.0927190000000000 0.3192470000000000 -0.0614140000000000
vn 0.3151267276340932 -0.0740356633393298 0.9461574214075232
v 0.1851540000000000 0.3288160000000000 0.0683270000000000
vn 0.4767798133717445 0.8636104348561634 0.1638841858409550
v 0.1739170000000000 0.2968230000000000 0.0882990000000000
vn 0.2429809409307905 0.9697365024376354 0.0239035182433339
v 0.0849930000000000 0.3303320000000000 0.0277360000000000
vn -0.8005682579995679 0.3701445993636800 0.4712572968617442
v 0.1120730000000000 0.3558070000000000 0.0206370000000000
vn 0.4091201429726961 0.8977770761726833 0.1631472651098651
v 0.2367080000000000 0.2579720000000000 0.0174120000000000
vn 0.9106552765881719 0.0721272638324739 -0.4068225965137148
v 0.2136480000000000 0.2986270000000000 -0.0252270000000000
vn 0.2788471498358074 0.7864842796400320 -0.5510778029530375
v 0.1985370000000000 0.2664110000000000 -0.0781000000000000
vn -0.0338256036554716 0.9994259673935375 0.0018879186515040
v 0.3009340000000000 0.2657720000000000 -0.0381720000000000
vn -0.8434940730930449 -0.5275714273629165 0.1009263973753153
v -0.1585480000000000 -0.3892270000000000 -0.1073060000000000
vn -0.8222253216774240 -0.4250334050585640 -0.3785394629054934
v -0.2065150000000000 -0.2758530000000000 -0.1658150000000000
vn -0.8416798970975194 0.5198221588658533 -0.1461501760996290
v -0.1596870000000000 -0.2418100000000000 -0.3029760000000000
vn -0.9940475153221394 0.0119705351288908 0.1082877812618257
v -0.1831710000000000 -0.3442920000000000 -0.2552370000000000
vn -0.9894578357644235 -0.1163722230327335 -0.0862014904210056
v -0.1827940000000000 -0.3142910000000000 -0.2107350000000000
vn -0.7646441660186700 -0.5437959950020304 -0.3458398692941059
v -0.2928180000000000 -0.2957740000000000 0.0342110000000000
vn -0.9573261059917417 -0.0623464276191307 -0.2822049782513079
v -0.3137870000000000 -0.1409210000000000 -0.0690770000000000
vn -0.6711679230943357 -0.3302395664891593 -0.6636832435238124
v -0.2072400000000000 -0.1532620000000000 -0.2573040000000000
vn -0.7884916069925398 -0.4437756708490534 -0.4258452062249788
v -0.2657430000000000 -0.2184350000000000 -0.1226090000000000
vn -0.4209255134321111 -0.8609173477878387 -0.2857324490145754
v -0.2104100000000000 -0.3999610000000000 0.1021950000000000
vn -0.4595861053396348 -0.8648446254978085 0.2020504529227825
v -0.2538490000000000 -0.3952060000000000 0.2498960000000000
vn -0.9447337088463567 -0.3204797175998763 0.0690722084235827
v -0.3451340000000000 -0.2922460000000000 0.2487650000000000
vn -0.7189301416735440 -0.6650254624876163 -0.2021894795393420
v -0.2962790000000000 -0.3569360000000000 0.1652050000000000
vn -0.5207030671047119 -0.1706634172001237 0.8365060154818507
v -0.2799880000000000 -0.2536050000000000 0.3854710000000000
vn -0.5224944125294338 0.5203788535043344 0.6754298170062053
v -0.2672200000000000 -0.1358430000000000 0.3550620000000000
vn -0.9556913558679725 0.2818417165912706 0.0849663410305650
v -0.3394750000000000 -0.1325070000000000 0.1893860000000000
vn -0.9082863426951032 0.1899300608637265 0.3727499049682701
v -0.3347220000000000 -0.2076760000000000 0.3138450000000000
vn -0.9693054103010791 0.1999475761430965 0.1430663774461259
v -0.2912450000000000 0.0511920000000000 0.1570280000000000
vn -0.9580751393775735 -0.2723475045837822 0.0889879994922331
v -0.3041690000000000 0.0602610000000000 -0.0115450000000000
vn -0.8518764085406452 0.2244683770956719 -0.4732024220731831
v -0.2551330000000000 0.0058370000000000 -0.1872450000000000
vn -0.9773720927657310 0.1951702356412874 -0.0815620708568610
v -0.3134040000000000 -0.0344490000000000 0.0091940000000000
vn -0.4162934596908544 0.4104839199082946 -0.8112969289448468
v -0.2314050000000000 0.1024870000000000 -0.1702000000000000
vn -0.3055863479460546 -0.9516575883458512 -0.0310615275340909
v -0.3454960000000000 0.0699530000000000 -0.0881660000000000
vn -0.6251428397274792 -0.6830693389173936 -0.3776409778723941
v -0.4501390000000000 0.1285540000000000 -0.1049710000000000
vn 0.0157730461914743 0.2796120819325434 -0.9599834866554686
v -0.3499920000000000 0.1783020000000000 -0.1313600000000000
vn -0.2399334167097997 -0.3216443271500857 -0.9159568124961627
v -0.3497420000000000 0.1067500000000000 -0.1353690000000000
vn -0.2843305087034575 -0.2075921243532952 0.9359816620676492
v -0.3374260000000000 0.1707170000000000 0.0736530000000000
vn -0.5174477701865848 -0.6572123547717045 0.5480143482285500
v -0.4077340000000000 0.1320020000000000 0.0120890000000000
vn -0.2583445290229612 -0.8241415066262630 0.5040326193607888
v -0.3398890000000000 0.1002630000000000 0.0086680000000000
vn -0.5630935386324362 0.4213297750355317 0.7109197475235229
v -0.4455330000000000 0.2299090000000000 0.0187690000000000
vn -0.5845411654229884 0.5629153777115987 -0.5843268806599119
v -0.4866130000000000 0.2262240000000000 -0.0945600000000000
vn -0.8411399071149572 -0.3953962754135839 0.3689789181616022
v -0.4834920000000000 0.1820800000000000 -0.0414060000000000
vn 0.0000000000000000 0.9844105061631254 -0.1758862000148376
v 0.0000000000000000 -0.1974200000000000 -0.3652500000000000
vn -0.2242820521895161 0.9743112833964802 0.0203736131298071
v -0.1011830000000000 -0.2100160000000000 -0.4105650000000000
vn -0.3337041354561753 0.1519142510942526 -0.9303567113177176
v -0.0940880000000000 -0.1806970000000000 -0.3199350000000000
vn -0.2852220052125069 0.9390536799927601 -0.1919025633872872
v -0.0920270000000000 -0.2055300000000000 -0.3522570000000000
vn 0.0000000000000000 -0.2307191696990348 -0.9730203824860957
v 0.0000000000000000 -0.1122480000000000 -0.3433190000000000
vn -0.4056434035722929 0.2154065254962451 -0.8882868106146355
v -0.1322610000000000 -0.0295460000000000 -0.3218200000000000
vn -0.3011249000619715 -0.2171741888555620 -0.9285252641999551
v -0.1132900000000000 -0.1200430000000000 -0.3258500000000000
vn -0.0000000000000000 0.3750578790224627 0.9270013955670032
v 0.0000000000000000 0.1357020000000000 0.2557500000000000
vn -0.1546470301411046 0.5944127284198063 0.7891500518666004
v -0.1119110000000000 0.2554050000000000 0.1885800000000000
vn -0.3932801206988113 0.3686664541731011 0.8422682424445084
v -0.2283910000000000 0.1229160000000000 0.2305810000000000
vn -0.1307992332402758 0.4668348697758452 0.8746180680417742
v -0.1454300000000000 -0.0101690000000000 0.3092460000000000
vn -0.1188277636052079 0.3840311973671083 0.9156418524976728
v -0.1299480000000000 0.1306950000000000 0.2500120000000000
vn 0.0000000000000000 0.5739527019770061 0.8188884514348056
v 0.0000000000000000 -0.1084090000000000 0.3805700000000000
vn -0.0972663733838576 0.2670311174174144 0.9587667260285784
v -0.1486180000000000 -0.1872460000000000 0.4195000000000000
vn -0.1056435181238877 0.5857930203035102 0.8035458819769405
v -0.1482540000000000 -0.1106310000000000 0.3760550000000000
vn 0.0000000000000000 -0.8449284667569460 0.5348793191587765
v 0.0000000000000000 -0.4398890000000000 -0.0063620000000000
vn -0.2658299160920882 -0.9624828766576459 -0.0544166137433804
v -0.1001100000000000 -0.4131220000000000 0.0178690000000000
vn -0.5748919059446524 -0.5810022098270773 0.5761386366625464
v -0.0819890000000000 -0.4653250000000000 -0.0685900000000000
vn -0.4840237724211215 -0.7560566046093865 0.4405671326344626
v -0.0895510000000000 -0.4298670000000000 -0.0341890000000000
vn -0.0000001457300093 -0.9851202667460923 -0.1718664017371822
v 0.0000000000000000 -0.4373850000000000 0.1074980000000000
vn -0.1196485554549589 -0.9922075909547468 0.0347608922399830
v -0.1224790000000000 -0.4384960000000000 0.1897630000000000
vn -0.1497384858171252 -0.9620976526124229 -0.2279177323133516
v -0.1099310000000000 -0.4282380000000000 0.0982370000000000
vn 0.0000000000000000 -0.9038173578949854 0.4279184309745581
v 0.0000000000000000 -0.4159450000000000 0.2900050000000000
vn -0.1212789610524423 -0.6808591334703709 0.7223034362205513
v -0.1631370000000000 -0.3523950000000000 0.3658100000000000
vn -0.1115762373346028 -0.9042481402330262 0.4121723476258028
v -0.1462500000000000 -0.4127070000000000 0.2837780000000000
vn 0.0000000000000000 -0.2797762889663046 0.9600652207700489
v 0.0000000000000000 -0.2734860000000000 0.4201920000000000
vn -0.1092595740711965 -0.2981085443004776 0.9482582144589261
v -0.1599760000000000 -0.2704820000000000 0.4151730000000000
vn -0.5311846531090976 0.5831694888492998 -0.6146187530303758
v -0.0899530000000000 0.2050400000000000 -0.1839600000000000
vn -0.0000000000000000 0.4869965303033978 -0.8734039039713823
v 0.0000000000000000 0.1045860000000000 -0.2980410000000000
vn -0.5004143226966382 0.5405268815473457 -0.6763255103607778
v -0.1389020000000000 0.0840810000000000 -0.2562980000000000
vn -0.8329800402851653 0.4765179192602594 0.2812026406533146
v -0.2477990000000000 0.1935820000000000 0.1566600000000000
vn -0.8733053484759699 0.3062302199843526 0.3788942077831223
v -0.2640880000000000 0.1258780000000000 0.1961370000000000
vn -0.9269641034939072 0.2944768887204717 0.2324239936909432
v -0.2399330000000000 0.4323600000000000 0.0197600000000000
vn 0.1721552612507832 0.6790502773705920 0.7136198475565242
v -0.1953350000000000 0.4519330000000000 0.0367140000000000
vn 0.4966549989726171 0.8420146133159319 -0.2105830072867499
v -0.1680260000000000 0.4607770000000000 -0.0162600000000000
vn -0.4624484654903570 0.3788092765232656 -0.8016513885633418
v -0.2126250000000000 0.4412030000000000 -0.0332130000000000
vn -0.3844154777727219 0.9220820605842543 -0.0446028474143187
v -0.2121300000000000 0.4663090000000000 0.0009770000000000
vn -0.6847543435269146 0.7199802322044252 0.1128714058381767
v -0.2101870000000000 0.2728830000000000 0.0594090000000000
vn -0.4442439065810411 0.3921720684053458 0.8055112787716184
v -0.1745320000000000 0.3036430000000000 0.0725880000000000
vn -0.8726492000555661 -0.3016519743046061 0.3840435652898171
v -0.2127260000000000 0.3129110000000000 0.0330170000000000
vn -0.8207189419489911 0.5681265179023587 0.0604373889431838
v -0.2201170000000000 0.2726670000000000 -0.0098300000000000
vn -0.9082338174836414 0.2193003455263801 0.3563968170889046
v -0.2044850000000000 0.2862000000000000 0.0390570000000000
vn -0.2482003552207420 0.0602043460817956 -0.9668360876493807
v -0.1708100000000000 0.3262450000000000 -0.0518960000000000
vn 0.1841600989996782 0.6235160497003087 -0.7598110249940776
v -0.1112410000000000 0.3233150000000000 -0.0530230000000000
vn -0.2963035998550410 0.6867220162554770 -0.6637899133784395
v -0.1347300000000000 0.2918320000000000 -0.0833020000000000
vn -0.4892636616008114 0.7362093254362185 -0.4675648602896871
v -0.2019430000000000 0.2768680000000000 -0.0573790000000000
vn -0.2947760940767192 0.5857782847149409 -0.7549641418751587
v -0.1558880000000000 0.3001610000000000 -0.0642570000000000
vn -0.2862099984585072 0.9550214102465570 0.0775754004376318
v -0.1224810000000000 0.3180260000000000 0.0750310000000000
vn 0.5451449706579126 0.7413034040494577 0.3915178464783822
v -0.0988330000000000 0.3311270000000000 0.0223680000000000
vn 0.4903468082229280 0.2555074686754835 0.8332322252029346
v -0.1450990000000000 0.3445810000000000 0.0586220000000000
vn 0.2493908875202027 0.6824276759923020 0.6870928992950160
v -0.1327160000000000 0.3200070000000000 0.0619220000000000
vn -0.1523989131451464 0.9838953272318887 -0.0934053334849395
v -0.0753710000000000 0.3319230000000000 -0.0216360000000000
vn 0.8997030782032889 0.3915417157848061 -0.1929493609002553
v -0.1041790000000000 0.3579980000000000 -0.0211720000000000
vn 0.6307096509631022 0.7587558901794367 -0.1627723419380964
v -0.0907380000000000 0.3334250000000000 -0.0208650000000000
vn -0.0346054919080172 0.9674226790147427 -0.2507903906806283
v -0.2626590000000000 0.2615390000000000 -0.0652330000000000
vn 0.0109379537208809 0.9714357172144000 0.2370506454084101
v -0.2668270000000000 0.2602550000000000 -0.0118580000000000
vn -0.2812154514385748 0.9593511044492113 -0.0237345373722958
v -0.2297850000000000 0.2663570000000000 -0.0423010000000000
vn -0.0567205429532457 0.9983708183871172 0.0062039503646348
v -0.3806710000000000 0.2645220000000000 -0.0331510000000000
vn -0.3929895980448718 0.7507374852979783 0.5309919057735230
v -0.2685730000000000 0.2245800000000000 0.0683900000000000
vn -0.0256915574381706 0.8123253067519437 0.5826384298059661
v -0.3433820000000000 0.2404690000000000 0.0368110000000000
vn -0.1571187592404209 0.5412553131914994 -0.8260486556109892
v -0.1969500000000000 0.2434950000000000 -0.0974550000000000
vn 0.0002163358073292 0.7433743657325697 -0.6688755531266771
v -0.3508950000000000 0.2432980000000000 -0.0931180000000000
vn -0.1790109777276839 0.8949982116571672 -0.4085746822594999
v -0.0536710000000000 0.3194520000000000 -0.0745330000000000
vn 0.0000011322526204 0.8173042438641012 -0.5762063631724732
v 0.0000000000000000 0.2893060000000000 -0.1482320000000000
vn -0.3658871311619770 0.6712276118177550 -0.6446550243219171
v -0.0858680000000000 0.2780650000000000 -0.1188150000000000
vn -0.1889599306018460 0.9813681129117833 0.0347961432763934
v -0.0542450000000000 0.3373050000000000 0.0381630000000000
vn -0.4965067651200069 0.7961602368464841 0.3458466559829902
v -0.1798640000000000 0.2824080000000000 0.1253940000000000
vn 0.0000000000000000 0.9287765415140179 0.3706401704257917
v 0.0000000000000000 0.3272370000000000 0.1176220000000000
vn -0.1955524943799832 0.9167506399639229 0.3483209526679448
v -0.0961110000000000 0.3176940000000000 0.1120870000000000
vn 0.0000000000000000 0.9855425768098716 -0.1694279472075323
v 0.0000000000000000 0.3401470000000000 -0.0240190000000000
vn -0.1365122676721921 0.9802163982785828 -0.1433185728395269
v -0.0437410000000000 0.3366440000000000 -0.0227860000000000
vn -0.7297533628749435 0.6521342156961057 0.2053801209736124
v -0.2269870000000000 0.2464570000000000 0.1033060000000000
vn -0.3367938857963178 0.0481086540670935 0.9403485714851008
v -0.2074100000000000 0.3846720000000000 0.0628580000000000
vn -0.8621558336236730 -0.1865629184547714 -0.4710430935767002
v -0.2308810000000000 0.3680580000000000 -0.0182670000000000
vn -0.9171574056098175 -0.2291420423182410 0.3260616778729055
v -0.2334390000000000 0.3721080000000000 0.0295940000000000
vn 0.7675888276456263 0.4389512455251041 0.4670430341259494
v -0.1373780000000000 0.4106970000000000 0.0180300000000000
vn 0.4430530430918645 0.3356949334741345 0.8312718644624242
v -0.1694300000000000 0.4007700000000000 0.0540280000000000
vn 0.2739835743282661 0.2214785961514503 -0.9358847324564550
v -0.1503620000000000 0.4033060000000000 -0.0481110000000000
vn 0.8544513539923642 0.4778738660738575 -0.2038368263691334
v -0.1302820000000000 0.4135650000000000 -0.0220290000000000
vn -0.3089082951383161 -0.0207441758335718 -0.9508655763901253
v -0.1942160000000000 0.3848850000000000 -0.0469430000000000
vn 0.9940475153221394 0.0119705351288908 0.1082877812618257
v 0.1831710000000000 -0.3442920000000000 -0.2552370000000000
vn 0.8416798970975194 0.5198221588658533 -0.1461501760996290
v 0.1596870000000000 -0.2418100000000000 -0.3029760000000000
vn 0.8222253216774240 -0.4250334050585640 -0.3785394629054933
v 0.2065150000000000 -0.2758530000000000 -0.1658150000000000
vn 0.8434940730930449 -0.5275714273629165 0.1009263973753153
v 0.1585480000000000 -0.3892270000000000 -0.1073060000000000
vn 0.9894578357644235 -0.1163722230327335 -0.0862014904210056
v 0.1827940000000000 -0.3142910000000000 -0.2107350000000000
vn 0.6711679230943357 -0.3302395664891593 -0.6636832435238124
v 0.2072400000000000 -0.1532620000000000 -0.2573040000000000
vn 0.9573262175583844 -0.0623441544847334 -0.2822051019683031
v 0.3137870000000000 -0.1409210000000000 -0.0690770000000000
vn 0.7646450237938783 -0.5437965160400513 -0.3458371534840659
v 0.2928180000000000 -0.2957740000000000 0.0342110000000000
vn 0.7884916069925398 -0.4437756708490533 -0.4258452062249788
v 0.2657430000000000 -0.2184350000000000 -0.1226090000000000
vn 0.9447337088463567 -0.3204797175998763 0.0690722084235827
v 0.3451340000000000 -0.2922460000000000 0.2487650000000000
vn 0.4595861053396348 -0.8648446254978084 0.2020504529227825
v 0.2538490000000000 -0.3952060000000000 0.2498960000000000
vn 0.4209253550020920 -0.8609174274076936 -0.2857324425088643
v 0.2104100000000000 -0.3999610000000000 0.1021940000000000
vn 0.7189301416735440 -0.6650254624876163 -0.2021894795393420
v 0.2962790000000000 -0.3569360000000000 0.1652050000000000
vn 0.9556913558679725 0.2818417165912706 0.0849663410305650
v 0.3394750000000000 -0.1325070000000000 0.1893860000000000
vn 0.5120453489135719 0.5240859519059797 0.6805464537199364
v 0.2672200000000000 -0.1358430000000000 0.3550620000000000
vn 0.5207030671047118 -0.1706634172001237 0.8365060154818507
v 0.2799880000000000 -0.2536050000000000 0.3854710000000000
vn 0.9082863426951032 0.1899300608637265 0.3727499049682701
v 0.3347220000000000 -0.2076760000000000 0.3138450000000000
vn 0.8518764085406452 0.2244683770956719 -0.4732024220731831
v 0.2551330000000000 0.0058370000000000 -0.1872450000000000
vn 0.9580751393775735 -0.2723475045837822 0.0889879994922331
v 0.3041690000000000 0.0602610000000000 -0.0115450000000000
vn 0.9693054103010791 0.1999475761430964 0.1430663774461259
v 0.2912450000000000 0.0511920000000000 0.1570280000000000
vn 0.9773719893115810 0.1951709623308495 -0.0815615716619842
v 0.3134040000000000 -0.0344490000000000 0.0091940000000000
vn -0.0157730461914743 0.2796120819325434 -0.9599834866554686
v 0.3499920000000000 0.1783020000000000 -0.1313600000000000
vn 0.6251402777607695 -0.6830705880471821 -0.3776429595081374
v 0.4501390000000000 0.1285540000000000 -0.1049710000000000
vn 0.3055861160723242 -0.9516576768130258 -0.0310610982849359
v 0.3454960000000000 0.0699530000000000 -0.0881660000000000
vn 0.4162934596908544 0.4104839199082946 -0.8112969289448468
v 0.2314050000000000 0.1024870000000000 -0.1702000000000000
vn 0.2399334167097996 -0.3216443271500857 -0.9159568124961627
v 0.3497420000000000 0.1067500000000000 -0.1353690000000000
vn 0.5174481113320923 -0.6572064078099235 0.5480211579970496
v 0.4077340000000000 0.1320020000000000 0.0120890000000000
vn 0.2843305087034576 -0.2075921243532952 0.9359816620676492
v 0.3374260000000000 0.1707170000000000 0.0736530000000000
vn 0.2583362437351359 -0.8241420783294139 0.5040359311593714
v 0.3398890000000000 0.1002630000000000 0.0086680000000000
vn 0.5845411654229883 0.5629153777115987 -0.5843268806599119
v 0.4866130000000000 0.2262240000000000 -0.0945600000000000
vn 0.5630935386324362 0.4213297750355317 0.7109197475235228
v 0.4455330000000000 0.2299090000000000 0.0187690000000000
vn 0.8411400240016830 -0.3953973029383033 0.3689775506064886
v 0.4834920000000000 0.1820800000000000 -0.0414070000000000
vn 0.3337068448324237 0.1519218299951746 -0.9303545019415479
v 0.0940880000000000 -0.1806970000000000 -0.3199350000000000
vn 0.2242820521895161 0.9743112833964802 0.0203736131298071
v 0.1011830000000000 -0.2100160000000000 -0.4105650000000000
vn 0.2852220052125070 0.9390536799927601 -0.1919025633872872
v 0.0920270000000000 -0.2055300000000000 -0.3522570000000000
vn 0.4056434035722928 0.2154065254962451 -0.8882868106146355
v 0.1322610000000000 -0.0295460000000000 -0.3218200000000000
vn 0.3011249000619715 -0.2171741888555619 -0.9285252641999551
v 0.1132900000000000 -0.1200430000000000 -0.3258500000000000
vn 0.1307992332402758 0.4668348697758452 0.8746180680417743
v 0.1454300000000000 -0.0101690000000000 0.3092460000000000
vn 0.3932801206988112 0.3686664541731011 0.8422682424445084
v 0.2283910000000000 0.1229160000000000 0.2305810000000000
vn 0.1546470301411046 0.5944127284198063 0.7891500518666004
v 0.1119110000000000 0.2554050000000000 0.1885800000000000
vn 0.1188277636052079 0.3840311973671083 0.9156418524976728
v 0.1299480000000000 0.1306950000000000 0.2500120000000000
vn 0.0972663733838576 0.2670311174174144 0.9587667260285784
v 0.1486180000000000 -0.1872460000000000 0.4195000000000000
vn 0.1056435181238877 0.5857930203035102 0.8035458819769405
v 0.1482540000000000 -0.1106310000000000 0.3760550000000000
vn 0.5748919059446524 -0.5810022098270773 0.5761386366625464
v 0.0819890000000000 -0.4653250000000000 -0.0685900000000000
vn 0.2658299657962918 -0.9624827338157168 -0.0544188973736737
v 0.1001100000000000 -0.4131220000000000 0.0178690000000000
vn 0.4840237724211215 -0.7560566046093865 0.4405671326344626
v 0.0895510000000000 -0.4298670000000000 -0.0341890000000000
vn 0.1196489692268915 -0.9922075680566267 0.0347601216064738
v 0.1224790000000000 -0.4384960000000000 0.1897630000000000
vn 0.1497376233115676 -0.9620986230588779 -0.2279142024385802
v 0.1099310000000000 -0.4282380000000000 0.0982370000000000
vn 0.1212789610524423 -0.6808591334703707 0.7223034362205513
v 0.1631370000000000 -0.3523950000000000 0.3658100000000000
vn 0.1115762373346028 -0.9042481402330262 0.4121723476258028
v 0.1462500000000000 -0.4127070000000000 0.2837780000000000
vn 0.1092595740711965 -0.2981085443004776 0.9482582144589262
v 0.1599760000000000 -0.2704820000000000 0.4151730000000000
vn 0.5314233095454017 0.5854626954975235 -0.6122276523096503
v 0.0899530000000000 0.2050400000000000 -0.1839600000000000
vn 0.4865548380255922 0.5281198756638882 -0.6959553049748589
v 0.1389020000000000 0.0840810000000000 -0.2562980000000000
vn 0.8329800402851653 0.4765179192602595 0.2812026406533146
v 0.2477990000000000 0.1935820000000000 0.1566600000000000
vn 0.8733053484759699 0.3062302199843527 0.3788942077831223
v 0.2640880000000000 0.1258780000000000 0.1961370000000000
vn 0.4624484654903570 0.3788092765232656 -0.8016513885633417
v 0.2126250000000000 0.4412030000000000 -0.0332130000000000
vn -0.4966550817861587 0.8420138254951708 -0.2105859620463150
v 0.1680260000000000 0.4607770000000000 -0.0162600000000000
vn -0.1721552612507832 0.6790502773705920 0.7136198475565242
v 0.1953350000000000 0.4519330000000000 0.0367140000000000
vn 0.9269641034939072 0.2944768887204717 0.2324239936909432
v 0.2399330000000000 0.4323600000000000 0.0197600000000000
vn 0.3844154777727221 0.9220820605842543 -0.0446028474143187
v 0.2121300000000000 0.4663090000000000 0.0009770000000000
vn 0.8207185946884186 0.5681268852649598 0.0604386513069457
v 0.2201170000000000 0.2726670000000000 -0.0098300000000000
vn 0.8726445969099275 -0.3016574903388100 0.3840496921055933
v 0.2127260000000000 0.3129110000000000 0.0330170000000000
vn 0.4442409371668391 0.3922089232693656 0.8054949722084014
v 0.1745320000000000 0.3036430000000000 0.0725880000000000
vn 0.6847562094852315 0.7199787613522274 0.1128694678517189
v 0.2101870000000000 0.2728830000000000 0.0594080000000000
vn 0.9082338174836414 0.2193003455263801 0.3563968170889046
v 0.2044850000000000 0.2862000000000000 0.0390570000000000
vn 0.4892636616008113 0.7362093254362188 -0.4675648602896871
v 0.2019430000000000 0.2768680000000000 -0.0573790000000000
vn 0.2963192531768818 0.6867165027226806 -0.6637886298250564
v 0.1347300000000000 0.2918320000000000 -0.0833030000000000
vn -0.1841463080959350 0.6235207981486182 -0.7598104707693539
v 0.1112410000000000 0.3233150000000000 -0.0530230000000000
vn 0.2482002424659681 0.0601786866559982 -0.9668377140514296
v 0.1708100000000000 0.3262450000000000 -0.0518960000000000
vn 0.2947760940767192 0.5857782847149409 -0.7549641418751587
v 0.1558880000000000 0.3001610000000000 -0.0642570000000000
vn -0.4903468082229280 0.2555074686754835 0.8332322252029346
v 0.1450990000000000 0.3445810000000000 0.0586220000000000
vn -0.5451449706579126 0.7413034040494577 0.3915178464783822
v 0.0988330000000000 0.3311270000000000 0.0223680000000000
vn 0.2862088293173535 0.9550216970214764 0.0775761834521987
v 0.1224810000000000 0.3180260000000000 0.0750300000000000
vn -0.2493908875202027 0.6824276759923020 0.6870928992950160
v 0.1327160000000000 0.3200070000000000 0.0619220000000000
vn -0.8997043765795276 0.3915380582912022 -0.1929507286153613
v 0.1041790000000000 0.3579980000000000 -0.0211720000000000
vn 0.1523989131451464 0.9838953272318887 -0.0934053334849395
v 0.0753710000000000 0.3319230000000000 -0.0216360000000000
vn -0.6307018445373906 0.7587634840680900 -0.1627671912333262
v 0.0907380000000000 0.3334250000000000 -0.0208650000000000
vn -0.0109379537208809 0.9714357172144000 0.2370506454084101
v 0.2668270000000000 0.2602550000000000 -0.0118580000000000
vn 0.0346054919080172 0.9674226790147427 -0.2507903906806283
v 0.2626590000000000 0.2615390000000000 -0.0652330000000000
vn 0.2732953009707511 0.9610167699093933 -0.0419099799597045
v 0.2297850000000000 0.2663570000000000 -0.0423010000000000
vn 0.3929895980448718 0.7507374852979783 0.5309919057735230
v 0.2685730000000000 0.2245800000000000 0.0683900000000000
vn 0.0567205804802309 0.9983708211341187 0.0062031651574985
v 0.3806710000000000 0.2645220000000000 -0.0331510000000000
vn 0.0256970265486707 0.8123265444970494 0.5826364629269610
v 0.3433820000000000 0.2404690000000000 0.0368110000000000
vn 0.1571187399625664 0.5412619831815215 -0.8260442888338263
v 0.1969500000000000 0.2434950000000000 -0.0974560000000000
vn -0.0002163358073292 0.7433743657325697 -0.6688755531266772
v 0.3508950000000000 0.2432980000000000 -0.0931180000000000
vn 0.1790109777276839 0.8949982116571672 -0.4085746822594999
v 0.0536710000000000 0.3194520000000000 -0.0745330000000000
vn 0.3772721597918186 0.6548864404081725 -0.6548201796031714
v 0.0858680000000000 0.2780650000000000 -0.1188150000000000
vn 0.4965067651200069 0.7961602368464841 0.3458466559829902
v 0.1798640000000000 0.2824080000000000 0.1253940000000000
vn 0.1889617788559738 0.9813678437331446 0.0347936979659303
v 0.0542450000000000 0.3373050000000000 0.0381630000000000
vn 0.1955524943799832 0.9167506399639228 0.3483209526679447
v 0.0961110000000000 0.3176940000000000 0.1120870000000000
vn 0.1365122676721921 0.9802163982785828 -0.1433185728395269
v 0.0437410000000000 0.3366440000000000 -0.0227860000000000
vn 0.7297533628749435 0.6521342156961060 0.2053801209736124
v 0.2269870000000000 0.2464570000000000 0.1033060000000000
vn 0.8621608482268039 -0.1865588463789890 -0.4710355279833771
v 0.2308810000000000 0.3680580000000000 -0.0182670000000000
vn 0.3367938857963178 0.0481086540670935 0.9403485714851008
v 0.2074100000000000 0.3846720000000000 0.0628580000000000
vn 0.9171574056098175 -0.2291420423182410 0.3260616778729055
v 0.2334390000000000 0.3721080000000000 0.0295940000000000
vn -0.7675800309255170 0.4389536287077324 0.4670552515160242
v 0.1373780000000000 0.4106970000000000 0.0180300000000000
vn -0.4430530430918645 0.3356949334741344 0.8312718644624242
v 0.1694300000000000 0.4007700000000000 0.0540280000000000
vn -0.2739835743282661 0.2214785961514503 -0.9358847324564550
v 0.1503620000000000 0.4033060000000000 -0.0481110000000000
vn -0.8544513539923642 0.4778738660738575 -0.2038368263691335
v 0.1302820000000000 0.4135650000000000 -0.0220290000000000
vn 0.3089082951383161 -0.0207441758335718 -0.9508655763901253
v 0.1942160000000000 0.3848850000000000 -0.0469430000000000
vn -0.8881142824960893 -0.4082942953578345 0.2110658418709813
v -0.1519730000000000 -0.4092170000000000 -0.1295160000000000
vn -0.9421249920385486 -0.3341697324407932 -0.0270386629997399
v -0.1767160000000000 -0.3542830000000000 -0.1575140000000000
vn -0.9986085583144024 -0.0267935971158939 0.0454208147749688
v -0.1814900000000000 -0.3297530000000000 -0.2331010000000000
vn -0.9717173869873863 -0.1889536695739962 0.1416397916580200
v -0.1706760000000000 -0.3916780000000000 -0.2007030000000000
vn -0.9673781778733100 -0.2361294484783446 0.0917733323783526
v -0.1721030000000000 -0.3729340000000000 -0.1800430000000000
vn -0.7418913505344767 -0.6678474830947778 -0.0598077196196328
v -0.1712980000000000 -0.3715390000000000 -0.0783930000000000
vn -0.7683502475038754 -0.5623990603828070 -0.3055244573536942
v -0.2095730000000000 -0.3147250000000000 -0.1023740000000000
vn -0.9315549813162045 -0.2665234836410301 -0.2473268069838272
v -0.1900900000000000 -0.2968800000000000 -0.1880520000000000
vn -0.8712291451706333 -0.4594723221439310 -0.1727569442566961
v -0.1878280000000000 -0.3355660000000000 -0.1314810000000000
vn -0.8273933184317073 -0.2894643532848383 -0.4812802559756195
v -0.1926390000000000 -0.2407250000000000 -0.2226340000000000
vn -0.8645790047408231 0.2608083482518645 -0.4295138531450435
v -0.1604640000000000 -0.2301520000000000 -0.2829230000000000
vn -0.9800674883214334 0.1609506550515704 -0.1164585976808389
v -0.1771830000000000 -0.2750100000000000 -0.2608770000000000
vn -0.9450434438768364 -0.0434082847950130 -0.3240503201611810
v -0.1807760000000000 -0.2603890000000000 -0.2401440000000000
vn -0.7980466418384761 0.6018060481563789 0.0308389016135970
v -0.1638110000000000 -0.2492250000000000 -0.3269510000000000
vn -0.9517769821921191 0.2864476993852874 0.1098557767536072
v -0.1837550000000000 -0.2959680000000000 -0.3075540000000000
vn -0.9668146077049872 0.2524694220276985 0.0390986607091822
v -0.1790930000000000 -0.2863150000000000 -0.2836970000000000
vn -0.6679469694859312 -0.6512809561362756 -0.3601110413869300
v -0.2497100000000000 -0.3256260000000000 -0.0014320000000000
vn -0.7809682373343170 -0.4982155031627720 -0.3766562420605772
v -0.2823670000000000 -0.2575610000000000 -0.0435440000000000
vn -0.7578447366041704 -0.4897878951291959 -0.4310210818350620
v -0.2338620000000000 -0.2496960000000000 -0.1445610000000000
vn -0.7245523824230721 -0.5764109810935881 -0.3778547683962417
v -0.2444500000000000 -0.2881960000000000 -0.0738060000000000
vn -0.8800133774743988 -0.3817814033715919 -0.2825233008190991
v -0.3269250000000000 -0.2629230000000000 0.0730620000000000
vn -0.9709901916908094 -0.0911486350955951 -0.2210655422277646
v -0.3348340000000000 -0.1828210000000000 0.0248360000000000
vn -0.8741481474118720 -0.3039418475694155 -0.3787933073227169
v -0.2945720000000000 -0.1822690000000000 -0.0979780000000000
vn -0.8820084214075514 -0.3410381072620884 -0.3251986376989479
v -0.3145280000000000 -0.2228530000000000 -0.0105580000000000
vn -0.9219132885774007 -0.0366060824805402 -0.3856629137858993
v -0.2841450000000000 -0.1046820000000000 -0.1608860000000000
vn -0.7402335731410254 -0.2081047551205810 -0.6393329868629282
v -0.2284640000000000 -0.1153420000000000 -0.2510830000000000
vn -0.7620479337496076 -0.3922209457910659 -0.5152142043371044
v -0.2410340000000000 -0.1826340000000000 -0.1962880000000000
vn -0.8383645079937758 -0.2710604643238806 -0.4729388717549833
v -0.2663030000000000 -0.1457030000000000 -0.1813640000000000
vn -0.6599261629338771 -0.3281053310621252 -0.6759026196161567
v -0.1855760000000000 -0.1860890000000000 -0.2615580000000000
vn -0.7447384673355097 -0.4100060250950124 -0.5265545315126859
v -0.2144180000000000 -0.2146110000000000 -0.2089370000000000
vn -0.4627183579610311 -0.8271707021247779 -0.3188735654648236
v -0.2064030000000000 -0.3805330000000000 0.0440680000000000
vn -0.5794470231864360 -0.7696763976821719 -0.2680287114683293
v -0.2562810000000000 -0.3805950000000000 0.1276030000000000
vn -0.7489639987683571 -0.5911234770289314 -0.2993759567068451
v -0.2984420000000000 -0.3291640000000000 0.1046330000000000
vn -0.6188658744034431 -0.7101159917643941 -0.3357682351553413
v -0.2552390000000000 -0.3562130000000000 0.0675170000000000
vn -0.3792629903819810 -0.9054138339040276 -0.1907495045910414
v -0.2089940000000000 -0.4137260000000000 0.1495000000000000
vn -0.3950667970604806 -0.9177347929134522 0.0410496740118125
v -0.2272570000000000 -0.4123560000000000 0.2100290000000000
vn -0.6369688935065283 -0.7701435161165592 -0.0339056527542540
v -0.2826490000000000 -0.3788800000000000 0.2140810000000000
vn -0.5162813250786448 -0.8442204290616702 -0.1440328453165044
v -0.2483630000000000 -0.3989020000000000 0.1759120000000000
vn -0.5093279733120364 -0.7718297161529103 0.3806099116748948
v -0.2752510000000000 -0.3686600000000000 0.2921710000000000
vn -0.8155883329172678 -0.4896990110399082 0.3082378137019658
v -0.3247180000000000 -0.3164800000000000 0.2967100000000000
vn -0.8424161456049492 -0.5316772703037629 -0.0874889585401524
v -0.3270750000000000 -0.3276590000000000 0.2074760000000000
vn -0.7364704598510426 -0.6655169528471693 0.1212371528856252
v -0.3091870000000000 -0.3512350000000000 0.2562940000000000
vn -0.9762695195745318 -0.1992309729808429 -0.0848813557550764
v -0.3518470000000000 -0.2617060000000000 0.1874480000000000
vn -0.8734509551349703 -0.4364648243939244 -0.2158283717229710
v -0.3319700000000000 -0.2981380000000000 0.1462150000000000
vn -0.9717485925653085 -0.0533756709578933 0.2299036985286156
v -0.3474810000000000 -0.2509270000000000 0.2844150000000000
vn -0.9428918640458311 0.2674153914649310 0.1986049876610244
v -0.3419360000000000 -0.1732220000000000 0.2585060000000000
vn -0.9920718383840312 0.1204024874050379 -0.0360098391000068
v -0.3511330000000000 -0.1806080000000000 0.1507770000000000
vn -0.9960508636969375 0.0655804510798815 0.0598488209135654
v -0.3548070000000000 -0.2190560000000000 0.2247610000000000
vn -0.5526634497186019 -0.4196135959687299 0.7200607900888131
v -0.2891290000000000 -0.2944960000000000 0.3632600000000000
vn -0.7868694695316872 0.0229926279713017 0.6166909898627468
v -0.3150920000000000 -0.2345950000000000 0.3557360000000000
vn -0.8409875795266110 -0.2421997327381684 0.4838173007898042
v -0.3264890000000000 -0.2760880000000000 0.3303460000000000
vn -0.4448585933839567 0.0915049885446520 0.8909139514924495
v -0.2624950000000000 -0.2166370000000000 0.3969650000000000
vn -0.4283900904248046 0.4348582285204696 0.7920733877071409
v -0.2565070000000000 -0.1691340000000000 0.3840780000000000
vn -0.7512622643864902 0.3889429335729828 0.5332245348186122
v -0.3079090000000000 -0.1672950000000000 0.3372130000000000
vn -0.6418670683999504 0.2687136057192601 0.7181919413395053
v -0.2916270000000000 -0.1971000000000000 0.3725490000000000
vn -0.5773684937783549 0.5204481610222631 0.6291099538877593
v -0.2726180000000000 -0.0915060000000000 0.3146250000000000
vn -0.8922447001480466 0.3691873700259615 0.2600001555211774
v -0.3150180000000000 -0.0830360000000000 0.2293560000000000
vn -0.8137592206838707 0.4236332892004705 0.3979079881494841
v -0.3147160000000000 -0.1282710000000000 0.2892070000000000
vn -0.9212470081190216 0.2458331749546216 0.3014465128733154
v -0.2900910000000000 0.0128500000000000 0.2033090000000000
vn -0.9770293316250287 0.2069125983268506 0.0509986450602478
v -0.3057480000000000 0.0072790000000000 0.0997460000000000
vn -0.9653571882538640 0.2608769838255811 0.0053570884500239
v -0.3298060000000000 -0.0868020000000000 0.1067360000000000
vn -0.9532006488881899 0.2778448123291469 0.1192089896816297
v -0.3121730000000000 -0.0383040000000000 0.1604820000000000
vn -0.9547774946434151 -0.1587455602754670 0.2513956698419271
v -0.2994590000000000 0.0926330000000000 0.0543400000000000
vn -0.9957434384573666 0.0577048460062909 -0.0718690163873904
v -0.3029400000000000 0.0238620000000000 -0.0091440000000000
vn -0.9749802604024154 0.1706362864573882 0.1424666612568376
v -0.2870200000000000 0.0937800000000000 0.1262700000000000
vn -0.9905051162883293 0.1202013562755328 0.0667176779884129
v -0.2992010000000000 0.0535400000000000 0.0676420000000000
vn -0.8561649492057010 0.0432530105039344 -0.5148890723582568
v -0.2647760000000000 0.0328460000000000 -0.1619880000000000
vn -0.9557896444304161 0.1363404462494286 -0.2605329889209528
v -0.2901120000000000 -0.0176720000000000 -0.1064720000000000
vn -0.8815945377553956 -0.4587955750090922 -0.1108949563863320
v -0.2986730000000000 0.0464180000000000 -0.0810010000000000
vn -0.9672906566052544 -0.0612494537109520 -0.2461651682596174
v -0.2909550000000000 0.0192440000000000 -0.0932810000000000
vn -0.9731632505885417 0.1435368357728784 -0.1798623487010363
v -0.3185860000000000 -0.0936880000000000 -0.0344440000000000
vn -0.8436834990763585 0.2255438528778177 -0.4871633440800953
v -0.2507910000000000 -0.0316340000000000 -0.2146890000000000
vn -0.9438911982285320 0.1482342277516838 -0.2951203477050813
v -0.2901810000000000 -0.0607830000000000 -0.1330970000000000
vn -0.9847610491590374 0.1407488793812295 -0.1021539476090874
v -0.3388380000000000 -0.1365770000000000 0.0626860000000000
vn -0.2979875268499410 0.5085747558245163 -0.8078088583197695
v -0.2101660000000000 0.1431680000000000 -0.1553200000000000
vn -0.2650007102544338 0.0679927833512239 -0.9618480155288565
v -0.2884420000000000 0.1040850000000000 -0.1488510000000000
vn -0.0838240895285129 0.0437312059329275 -0.9955205189459270
v -0.3495210000000000 0.1412000000000000 -0.1384760000000000
vn -0.0083737013077503 0.4091204304772789 -0.9124419732193902
v -0.2722820000000000 0.1798150000000000 -0.1281810000000000
vn -0.1015585132056902 0.2981022267585961 -0.9491158679513351
v -0.2782570000000000 0.1411250000000000 -0.1427400000000000
vn -0.5972874533675619 0.1136247464622810 -0.7939377274327470
v -0.2581210000000000 0.0701350000000000 -0.1663140000000000
vn -0.4393290564386082 -0.8672993770978197 -0.2340550590235046
v -0.3111080000000000 0.0608070000000000 -0.1117010000000000
vn -0.3566290468476883 -0.7396297987531653 -0.5707569392840194
v -0.3481750000000000 0.0811250000000000 -0.1192760000000000
vn -0.4501301415500427 -0.4112745530058587 -0.7926134604698369
v -0.3006030000000000 0.0755350000000000 -0.1400020000000000
vn -0.3701868111916690 -0.9231407402437488 0.1037925745030312
v -0.3808100000000000 0.0829390000000000 -0.0705550000000000
vn -0.5691671714503413 -0.8222180764152246 0.0024830946952784
v -0.4288630000000000 0.1075950000000000 -0.0811950000000000
vn -0.3340904733061597 -0.5392760070247162 -0.7730232492580961
v -0.4060550000000000 0.1138300000000000 -0.1230160000000000
vn -0.4089039057234516 -0.8506840749739516 -0.3303546586167946
v -0.3938200000000000 0.0915340000000000 -0.1022600000000000
vn -0.4934984575565152 -0.3344040797863694 -0.8028905179484758
v -0.4585440000000000 0.1557230000000000 -0.1205720000000000
vn -0.0658792013365014 0.1706582591670576 -0.9831254698202738
v -0.4153770000000000 0.1780150000000000 -0.1312080000000000
vn -0.1767898504517876 -0.1418068223882701 -0.9739795551762760
v -0.4114710000000000 0.1446290000000000 -0.1324610000000000
vn -0.5655121234066467 -0.7387294462278863 0.3667081176575537
v -0.3170590000000000 0.0839090000000000 -0.0032320000000000
vn -0.2509388880769901 -0.9205048651707730 0.2995003633514002
v -0.3427360000000000 0.0774880000000000 -0.0419360000000000
vn -0.4530578583773351 -0.8774643409870859 0.1574639871800587
v -0.3166320000000000 0.0640620000000000 -0.0621050000000000
vn -0.5203211126102630 -0.2110858589628002 0.8274712683338044
v -0.3084140000000000 0.1579010000000000 0.0826580000000000
vn -0.2944534454094257 -0.6467376072014936 0.7035820036909735
v -0.3371950000000000 0.1333470000000000 0.0511820000000000
vn -0.5986616643324884 -0.5762735454490764 0.5563389366871659
v -0.3131920000000000 0.1174330000000000 0.0504170000000000
vn -0.3068859133326962 -0.1653929139425425 0.9372652880671253
v -0.3715310000000000 0.1784900000000000 0.0653550000000000
vn -0.5132925988937275 -0.4558541482056224 0.7271366470510542
v -0.4040730000000000 0.1597400000000000 0.0413290000000000
vn -0.3060728913860097 -0.7771974405723765 0.5498031679850119
v -0.3705680000000000 0.1147240000000000 0.0163750000000000
vn -0.3082673087471871 -0.5821128244458970 0.7524067556670306
v -0.3684860000000000 0.1452750000000000 0.0500230000000000
vn -0.4998683637779043 -0.7824566234353019 0.3713398057523956
v -0.4089750000000000 0.1092420000000000 -0.0273210000000000
vn -0.3269720310206352 -0.8757766523064452 0.3551120192349963
v -0.3741420000000000 0.0921170000000000 -0.0277770000000000
vn -0.5369993397970425 0.0728969985179106 0.8404271156171844
v -0.4210650000000000 0.2046130000000000 0.0435970000000000
vn -0.8142996293879418 -0.0797325609543676 0.5749424599925793
v -0.4731650000000000 0.2097590000000000 -0.0075900000000000
vn -0.6919837283771570 -0.5429305570520110 0.4757992537619642
v -0.4488360000000000 0.1555650000000000 -0.0097610000000000
vn -0.6882092633923501 -0.3128404275657152 0.6545982559260751
v -0.4413830000000000 0.1835770000000000 0.0215630000000000
vn -0.5002531882518600 0.7558841918680865 0.4223574743363480
v -0.4608770000000000 0.2467350000000000 -0.0127860000000000
vn -0.4904600779824564 0.8502369848348315 -0.1911700330188215
v -0.4799230000000000 0.2449370000000000 -0.0642860000000000
vn -0.9979086894002586 -0.0501125036717297 0.0408287226742301
v -0.5000000000000000 0.2070940000000000 -0.0728970000000000
vn -0.8740051282764447 0.3517363022214593 0.3352560356593896
v -0.4895320000000000 0.2306490000000000 -0.0402360000000000
vn -0.4027546455894682 0.2454296294302343 -0.8817896531791692
v -0.4746930000000000 0.2004460000000000 -0.1159300000000000
vn -0.8079630887069704 -0.5864026683179628 0.0576849883129549
v -0.4760370000000000 0.1529640000000000 -0.0760970000000000
vn -0.8603905024015147 -0.3255992458663970 -0.3920628960619744
v -0.4887950000000000 0.1792430000000000 -0.1006500000000000
vn -0.6550606198928519 -0.6979627449092919 0.2893848492652636
v -0.4457980000000000 0.1291160000000000 -0.0474990000000000
vn 0.0000000000000000 0.8487629067665070 -0.5287736076027904
v 0.0000000000000000 -0.1893350000000000 -0.3430680000000000
vn -0.1057725358697806 0.9750006098093656 -0.1954123371925156
v -0.0475360000000000 -0.1990400000000000 -0.3623530000000000
vn -0.3468093839849324 0.7443236292453608 -0.5707062170039912
v -0.0909540000000000 -0.1969290000000000 -0.3312240000000000
vn -0.1331411128179373 0.1975149321711224 -0.9712164000093071
v -0.0482680000000000 -0.1749370000000000 -0.3295190000000000
vn -0.1334049697584101 0.8075801920004089 -0.5744713635442071
v -0.0468180000000000 -0.1908780000000000 -0.3405420000000000
vn -0.0000000000000000 0.9994558898179481 -0.0329836976128128
v 0.0000000000000000 -0.2003090000000000 -0.3948640000000000
vn -0.0743043834415290 0.9972236297572528 0.0048878272416255
v -0.0525900000000000 -0.2024010000000000 -0.4239500000000000
vn -0.2489783816873713 0.9682038305429815 -0.0243127121941422
v -0.0959040000000000 -0.2090450000000000 -0.3797870000000000
vn -0.0890462195996707 0.9953579076365004 -0.0365158387620354
v -0.0497020000000000 -0.2020170000000000 -0.3913540000000000
vn -0.4673188774822329 0.8825656050786246 0.0518750371657424
v -0.1417800000000000 -0.2264040000000000 -0.3871660000000000
vn -0.5528602447205260 0.8139515547364123 -0.1784052026980643
v -0.1304250000000000 -0.2190630000000000 -0.3330890000000000
vn -0.5000484451093055 0.8659972711216750 -0.0005281605607342
v -0.1351060000000000 -0.2239340000000000 -0.3587800000000000
vn -0.5711352897228612 0.0423945841966532 -0.8197604406556688
v -0.1350120000000000 -0.1925050000000000 -0.3005800000000000
vn -0.6270295539907352 0.5705877542847355 -0.5303428637046811
v -0.1297290000000000 -0.2093880000000000 -0.3127910000000000
vn 0.0000000000000000 -0.0880217474242426 -0.9961185531754656
v 0.0000000000000000 -0.0681970000000000 -0.3506130000000000
vn -0.1285182796820459 -0.2164734850473709 -0.9677924788192006
v -0.0578390000000000 -0.1138420000000000 -0.3394540000000000
vn -0.3507935980235982 -0.0576958122645040 -0.9346737638517503
v -0.1242210000000000 -0.0778470000000000 -0.3289480000000000
vn -0.2117370133837350 0.2063564832896344 -0.9552928550804045
v -0.0672800000000000 -0.0192900000000000 -0.3412300000000000
vn -0.1634448893729309 -0.0587244592672596 -0.9848031305909005
v -0.0633070000000000 -0.0702460000000000 -0.3454670000000000
vn 0.0000000000000000 -0.1968528937733996 -0.9804330360677564
v 0.0000000000000000 -0.1476210000000000 -0.3343750000000000
vn -0.2822322585967457 -0.2102967352257653 -0.9360129461501930
v -0.1023010000000000 -0.1547790000000000 -0.3202660000000000
vn -0.1133013872647612 -0.2050703965847122 -0.9721671297099432
v -0.0523380000000000 -0.1490730000000000 -0.3314000000000000
vn -0.4989103924642763 -0.2576120678442415 -0.8274807809201105
v -0.1639430000000000 -0.1326900000000000 -0.2996880000000000
vn -0.4856715330618570 -0.2501359846336028 -0.8375888915003131
v -0.1475110000000000 -0.1665320000000000 -0.2980020000000000
vn -0.6265517935927659 0.1324884892641726 -0.7680362297171828
v -0.1924440000000000 -0.0483720000000000 -0.2897740000000000
vn -0.5560135703219878 -0.1135265230332419 -0.8233836518815385
v -0.1802670000000000 -0.0927240000000000 -0.2991190000000000
vn 0.0000000000000000 0.3778638729356720 0.9258611632043189
v 0.0000000000000000 0.0610860000000000 0.2853910000000000
vn -0.0555634291199077 0.3780495116147249 0.9241164818962514
v -0.0667850000000000 0.1343040000000000 0.2543560000000000
vn -0.1268858795118001 0.3868307073653665 0.9133794268647214
v -0.1387990000000000 0.0578150000000000 0.2787670000000000
vn -0.0450548942890868 0.4611927054721315 0.8861553729002013
v -0.0739360000000000 -0.0080150000000000 0.3148010000000000
vn -0.0502615375633709 0.3847968305176951 0.9216318012445655
v -0.0709110000000000 0.0603130000000000 0.2839920000000000
vn 0.0000000000000000 0.4369302322498760 0.8994953986241783
v 0.0000000000000000 0.2069820000000000 0.2254340000000000
vn -0.0876337514500069 0.5862021380846184 0.8054113103947701
v -0.0573660000000000 0.2629910000000000 0.1913680000000000
vn -0.1276516684132193 0.4464295246813016 0.8856668284655064
v -0.1207910000000000 0.1992670000000000 0.2204320000000000
vn -0.0672926459463061 0.4351707142786224 0.8978296883238929
v -0.0621250000000000 0.2048610000000000 0.2240560000000000
vn -0.2439837089036593 0.5985569793644732 0.7630212921299721
v -0.1607120000000000 0.2439150000000000 0.1853890000000000
vn -0.3616876996427474 0.4772318545497676 0.8008943531640907
v -0.2132300000000000 0.1822000000000000 0.2071670000000000
vn -0.2081102004683875 0.3828447342356805 0.9000666941560601
v -0.1856150000000000 0.1259440000000000 0.2424060000000000
vn -0.2084405596215518 0.4578211820238545 0.8642640212313220
v -0.1724700000000000 0.1912700000000000 0.2150410000000000
vn -0.5456751167850127 0.3242730902896111 0.7727131614225866
v -0.2470920000000000 0.0548680000000000 0.2486070000000000
vn -0.3033501712992274 0.4578220398155614 0.8356899266066620
v -0.2121450000000000 -0.0156770000000000 0.2964490000000000
vn -0.2527390753701345 0.3728541206677943 0.8928061180805693
v -0.2000790000000000 0.0540810000000000 0.2680760000000000
vn 0.0000000000000000 0.5075946761093501 0.8615959869831360
v 0.0000000000000000 -0.1481910000000000 0.4069160000000000
vn -0.0281924731830741 0.5789531613466656 0.8148732548209711
v -0.0760020000000000 -0.1084260000000000 0.3797620000000000
vn -0.0940701343129261 0.4967499254211051 0.8627805754793478
v -0.1474790000000000 -0.1495520000000000 0.4027260000000000
vn -0.0240948822504442 0.2601382031779840 0.9652707143059233
v -0.0774870000000000 -0.1870860000000000 0.4233030000000000
vn -0.0245475627765192 0.4977927167619904 0.8669485730425132
v -0.0763990000000000 -0.1481100000000000 0.4062510000000000
vn -0.0000000167440584 0.5507688460019849 0.8346578210701926
v 0.0000000000000000 -0.0631680000000000 0.3489500000000000
vn -0.1224323097351445 0.5670701580986839 0.8145193461955654
v -0.1481820000000000 -0.0655450000000000 0.3431580000000000
vn -0.0364864234551033 0.5548596249946721 0.8311435119485844
v -0.0754380000000000 -0.0632830000000000 0.3478790000000000
vn -0.2527667398328956 0.5789411391983497 0.7752007047068304
v -0.2130750000000000 -0.1181720000000000 0.3679390000000000
vn -0.2829462200648241 0.5641899205773458 0.7756488703465998
v -0.2153460000000000 -0.0729250000000000 0.3327270000000000
vn -0.2217652817743278 0.2786255634790085 0.9344452660137769
v -0.2069820000000000 -0.1886860000000000 0.4105560000000000
vn -0.2313556478468908 0.4944437551518789 0.8378543651498477
v -0.2083120000000000 -0.1550420000000000 0.3948000000000000
vn 0.0000055835420130 -0.7249969853545255 0.6887520389775075
v 0.0000000000000000 -0.4534450000000000 -0.0227370000000000
vn -0.2503671752364471 -0.8112097026306002 0.5284459252582950
v -0.0459280000000000 -0.4377660000000000 -0.0137320000000000
vn -0.5386428703696886 -0.6341137186104814 0.5547644996481751
v -0.0854650000000000 -0.4465220000000000 -0.0524900000000000
vn -0.3147056403509785 -0.6453604861758491 0.6960389377140853
v -0.0419740000000000 -0.4688980000000000 -0.0456420000000000
vn -0.2817713232734914 -0.6938911842978392 0.6626612601732862
v -0.0439050000000000 -0.4522800000000000 -0.0305980000000000
vn 0.0000000000000000 -0.9625329058542929 0.2711649039748525
v 0.0000000000000000 -0.4303260000000000 0.0134750000000000
vn -0.1260505010028513 -0.9919317930240630 -0.0135125565677886
v -0.0504470000000000 -0.4236120000000000 0.0327540000000000
vn -0.3876693349481471 -0.8938512081014049 0.2252609698028493
v -0.0946680000000000 -0.4176640000000000 -0.0114810000000000
vn -0.1949345374549879 -0.9391768977761975 0.2827495018398578
v -0.0481220000000000 -0.4274730000000000 0.0067770000000000
vn -0.4139007538981180 -0.9011944048911269 -0.1285877541428317
v -0.1484240000000000 -0.3934740000000000 -0.0032570000000000
vn -0.6826121171455291 -0.6730520772305424 0.2846780617851515
v -0.1283510000000000 -0.4142180000000000 -0.0657040000000000
vn -0.5656972491883022 -0.8174819719321987 0.1082120502838358
v -0.1375830000000000 -0.3993090000000000 -0.0393470000000000
vn -0.7734882479559669 -0.4836791901907707 0.4095978164619643
v -0.1180850000000000 -0.4539190000000000 -0.1037680000000000
vn -0.7431139410559456 -0.5439446818237783 0.3897510150389979
v -0.1223180000000000 -0.4331580000000000 -0.0861740000000000
vn 0.0000000000000000 -0.9848624928361648 -0.1733374460540348
v 0.0000000000000000 -0.4303510000000000 0.0701100000000000
vn -0.0611957646080366 -0.9797471047858455 -0.1906585667044403
v -0.0556780000000000 -0.4352050000000000 0.1042790000000000
vn -0.1841079105518319 -0.9581948284676644 -0.2190135794193179
v -0.1051400000000000 -0.4183840000000000 0.0553850000000000
vn -0.0808262163546161 -0.9801807791062355 -0.1808666995897533
v -0.0528900000000000 -0.4275200000000000 0.0656110000000000
vn 0.0000000000000000 -0.9964856833074204 -0.0837632554485756
v 0.0000000000000000 -0.4433120000000000 0.1495300000000000
vn -0.0416838911503267 -0.9963682676156222 0.0742477508562479
v -0.0636090000000000 -0.4426340000000000 0.1935180000000000
vn -0.1318870783321452 -0.9815016751071942 -0.1387813399949078
v -0.1150470000000000 -0.4365010000000000 0.1432790000000000
vn -0.0506189975721545 -0.9936015515689754 -0.1009637251913503
v -0.0591060000000000 -0.4418110000000000 0.1473160000000000
vn -0.2276349022634157 -0.9734810642260058 -0.0227369493320576
v -0.1717450000000000 -0.4299970000000000 0.1850930000000000
vn -0.2666144227157393 -0.9261101619740285 -0.2669020747172858
v -0.1615280000000000 -0.4161480000000000 0.0947100000000000
vn -0.2451664682911252 -0.9530930721892374 -0.1775021086368768
v -0.1650550000000000 -0.4266610000000000 0.1414350000000000
vn -0.3061522727762734 -0.9152021122553400 -0.2620608318640660
v -0.1562370000000000 -0.4023180000000000 0.0445720000000000
vn 0.0000000000000000 -0.9643788427560946 0.2645249471116395
v 0.0000000000000000 -0.4343430000000000 0.2427640000000000
vn -0.0342787493781377 -0.8995023264805287 0.4355692046015042
v -0.0755660000000000 -0.4154370000000000 0.2889010000000000
vn -0.1110403995817588 -0.9654714305202254 0.2356585379525910
v -0.1337600000000000 -0.4304730000000000 0.2371540000000000
vn -0.0357960800599199 -0.9623509155908366 0.2694426764894942
v -0.0694360000000000 -0.4337170000000000 0.2415370000000000
vn 0.0000000000000000 -0.8160185868291199 0.5780256620163209
v 0.0000000000000000 -0.3894280000000000 0.3339750000000000
vn -0.0366900801559634 -0.6777156751080899 0.7344081302184330
v -0.0839700000000000 -0.3552420000000000 0.3708950000000000
vn -0.1176282168960075 -0.8127837874051489 0.5705664882563710
v -0.1567750000000000 -0.3862130000000000 0.3276260000000000
vn -0.0356853759270808 -0.8084356690985430 0.5875017641455504
v -0.0807840000000000 -0.3888970000000000 0.3329400000000000
vn -0.2863813420435579 -0.6719380657725396 0.6829970444263936
v -0.2326960000000000 -0.3458920000000000 0.3536570000000000
vn -0.2500737503325444 -0.9051585510690536 0.3437311694059583
v -0.2072090000000000 -0.4062510000000000 0.2720290000000000
vn -0.2682917686017571 -0.8147891220949043 0.5139437842958668
v -0.2231850000000000 -0.3799270000000000 0.3150630000000000
vn -0.2312413585480399 -0.9590231772039821 0.1637131017433740
v -0.1879280000000000 -0.4231340000000000 0.2282180000000000
vn 0.0000000000000000 -0.4894657757585043 0.8720225079441044
v 0.0000000000000000 -0.3164090000000000 0.4010370000000000
vn -0.0306567736951307 -0.2998413177647548 0.9534963798503384
v -0.0825650000000000 -0.2729410000000000 0.4194630000000000
vn -0.1183659756582621 -0.5074376964328842 0.8535200525150863
v -0.1637740000000000 -0.3129070000000000 0.3955090000000000
vn -0.0348395490646692 -0.5064410092183292 0.8615704904434058
v -0.0842960000000000 -0.3157970000000000 0.4001920000000000
vn -0.0000000147462468 -0.0220392432073937 0.9997571063807675
v 0.0000000000000000 -0.2296050000000000 0.4281950000000000
vn -0.1006219490122923 -0.0378012303875933 0.9942063620587789
v -0.1537560000000000 -0.2279090000000000 0.4235080000000000
vn -0.0263771900192109 -0.0449420918230329 0.9986413030859782
v -0.0798780000000000 -0.2292150000000000 0.4275460000000000
vn -0.2618781378360202 -0.2720669551389691 0.9259586453211335
v -0.2272060000000000 -0.2648290000000000 0.4045910000000000
vn -0.2363806718168543 -0.0069921287824212 0.9716353678857634
v -0.2159200000000000 -0.2250280000000000 0.4135840000000000
vn -0.2780118479514082 -0.4938658805956113 0.8238967801746554
v -0.2336280000000000 -0.3063170000000000 0.3841340000000000
vn -0.4479899068909949 0.4260048310399626 -0.7860184013459295
v -0.1355800000000000 0.0236630000000000 -0.2980160000000000
vn -0.3196294987447205 0.5034839109281248 -0.8027084993749093
v -0.0650130000000000 0.0992840000000000 -0.2871630000000000
vn 0.0000000000000000 0.3886886619943586 -0.9213691573072300
v 0.0000000000000000 0.0422400000000000 -0.3290190000000000
vn -0.2636721354720750 0.4122935677916974 -0.8720613619082024
v -0.0683690000000000 0.0378850000000000 -0.3203020000000000
vn -0.6502051489449656 0.4237889009069597 -0.6305840401988668
v -0.2057330000000000 0.0375460000000000 -0.2341870000000000
vn -0.6402129796043698 0.3506171887014238 -0.6835165892158029
v -0.1981310000000000 -0.0021860000000000 -0.2666750000000000
vn -0.5248767776204295 0.5493493512528431 -0.6501689461923530
v -0.1855390000000000 0.0982630000000000 -0.2051440000000000
vn -0.6467630162689805 0.3767514541595358 -0.6631409673480637
v -0.2264250000000000 0.0595910000000000 -0.1986950000000000
vn -0.4611290511450741 0.5730284348586261 -0.6774942147601829
v -0.1385470000000000 0.1934440000000000 -0.1542270000000000
vn -0.5105999654020490 0.5860247828978786 -0.6291761511380742
v -0.1070840000000000 0.1519100000000000 -0.2206750000000000
vn -0.4854162552839242 0.5927999135978222 -0.6426191107837881
v -0.1557670000000000 0.1466140000000000 -0.1844240000000000
vn 0.0000000000000000 0.5541068711731738 -0.8324455389505525
v 0.0000000000000000 0.1668920000000000 -0.2609250000000000
vn -0.4008993146382888 0.6039986249937010 -0.6888144891973955
v -0.0444320000000000 0.2162140000000000 -0.2101950000000000
vn -0.3781087292938899 0.5557777440462847 -0.7403680760639145
v -0.0541490000000000 0.1616650000000000 -0.2492340000000000
vn -0.7036122571578578 0.3398578876099301 0.6240403895634807
v -0.2537660000000000 0.1238980000000000 0.2138670000000000
vn -0.9382171374362236 0.2266505155359651 0.2614921544296488
v -0.2766510000000000 0.0942860000000000 0.1873120000000000
vn -0.8298739108007617 0.2357359645729077 0.5057052967679204
v -0.2703400000000000 0.0695120000000000 0.2185130000000000
vn -0.6718004850079773 0.5747113989499300 0.4673231390163141
v -0.2278660000000000 0.2134170000000000 0.1706580000000000
vn -0.8587133482868895 0.3898264142267392 0.3326360657611291
v -0.2580130000000000 0.1573960000000000 0.1809480000000000
vn -0.6321606712664558 0.4800274441730668 0.6082323063966737
v -0.2402430000000000 0.1725860000000000 0.1959360000000000
vn -0.8891427441753479 0.3677684362577719 0.2723445570832015
v -0.2651210000000000 0.1689230000000000 0.1371420000000000
vn -0.9405804238771568 0.2747403117196925 0.1995650954832390
v -0.2730360000000000 0.1298410000000000 0.1613490000000000
vn -0.9697841005238456 0.1731849907399332 -0.1718306065681114
v -0.2413850000000000 0.4266920000000000 0.0006960000000000
vn -0.7399835546067269 0.6672409386385340 0.0849344966215804
v -0.2297270000000000 0.4536140000000000 0.0110050000000000
vn -0.5083502977465486 0.7048928072482327 -0.4946777790346979
v -0.2148090000000000 0.4584330000000000 -0.0179230000000000
vn -0.7401226549769417 0.2241883295853124 -0.6340016155086912
v -0.2289230000000000 0.4307270000000000 -0.0234760000000000
vn -0.7975743865844588 0.5076348755383797 -0.3258556904544683
v -0.2316610000000000 0.4463350000000000 -0.0080290000000000
vn -0.7348738116890338 0.3386064451852052 0.5876275658720150
v -0.2313120000000000 0.4332230000000000 0.0368480000000000
vn -0.1843250390962697 0.5549689540874424 0.8111927884055978
v -0.2109590000000000 0.4421520000000000 0.0445850000000000
vn -0.1243477093334255 0.9038899530359643 0.4092928047060834
v -0.2053620000000000 0.4642800000000000 0.0202640000000000
vn -0.5003419831015250 0.6936432470341165 0.5181862076416167
v -0.2218450000000000 0.4525550000000000 0.0293210000000000
vn 0.4621525756588974 0.6879872255604734 0.5595431835680328
v -0.1780800000000000 0.4545080000000000 0.0247620000000000
vn 0.5897216365435244 0.7832092030188356 0.1970069432761896
v -0.1656190000000000 0.4585430000000000 0.0005900000000000
vn 0.0570722466105103 0.9871309768332835 -0.1493827073091016
v -0.1904460000000000 0.4691000000000000 -0.0086630000000000
vn 0.2424201920479907 0.9292392293058762 0.2788313203469737
v -0.1856120000000000 0.4665190000000000 0.0094740000000000
vn 0.2929651463715474 0.7024889699667549 -0.6485990056163712
v -0.1721960000000000 0.4547210000000000 -0.0306190000000000
vn -0.1520919886550980 0.4446266537818772 -0.8827089926661380
v -0.1925470000000000 0.4457910000000000 -0.0383560000000000
vn -0.1091545587144123 0.7868753742285344 -0.6073816162385605
v -0.1936510000000000 0.4616750000000000 -0.0253630000000000
vn -0.6250358190983932 0.7727683890185908 0.1102689520110376
v -0.2237660000000000 0.2634960000000000 0.0377770000000000
vn -0.7611995368463822 0.6229476936502611 0.1803092789644326
v -0.2057310000000000 0.2797120000000000 0.0465580000000000
vn -0.9185662533652148 0.3459668804652090 0.1911621191548258
v -0.2138950000000000 0.2786180000000000 0.0139990000000000
vn -0.5673999458127846 0.8185991627031640 0.0891779811014359
v -0.2260590000000000 0.2660230000000000 0.0009040000000000
vn -0.7293037043998671 0.6743250417353195 0.1157663372370873
v -0.2169600000000000 0.2715790000000000 0.0230560000000000
vn -0.6345699280189350 0.7599068750915154 0.1409345509188275
v -0.1941710000000000 0.2845260000000000 0.0777640000000000
vn -0.4794340239706162 0.8135529697781018 0.3290510325535746
v -0.1734200000000000 0.2994650000000000 0.0782500000000000
vn -0.7883753149751173 0.2282069182295354 0.5713019912533676
v -0.1914230000000000 0.2947560000000000 0.0601910000000000
vn -0.6897266774832668 0.6733713381190776 0.2661731604944728
v -0.1914980000000000 0.2893590000000000 0.0665610000000000
vn -0.3398592157304389 0.0137438521327726 0.9403758929341199
v -0.1781450000000000 0.3124100000000000 0.0697870000000000
vn -0.7103154515393582 -0.2484113226027929 0.6585922669658131
v -0.2013280000000000 0.3207060000000000 0.0553550000000000
vn -0.9063611976861472 -0.1641398785812427 0.3893166829051481
v -0.2066170000000000 0.2959530000000000 0.0350380000000000
vn -0.7527600402494057 -0.1606316191679373 0.6383962756213415
v -0.1945010000000000 0.3040740000000000 0.0569950000000000
vn -0.9589805105843034 -0.2636305147513794 0.1041889246100153
v -0.2179660000000000 0.3056400000000000 0.0054130000000000
vn -0.9733967365148329 0.2271391007874700 -0.0301101683112607
v -0.2168390000000000 0.2813940000000000 -0.0172850000000000
vn -0.9807314894228987 -0.0195859639987582 0.1943762734198345
v -0.2140010000000000 0.2883330000000000 0.0084640000000000
vn -0.5464486157960539 0.0663261340053759 -0.8348621169046285
v -0.1946420000000000 0.3129160000000000 -0.0429470000000000
vn -0.2642199496110728 0.3179634103272800 -0.9105421944756695
v -0.1627950000000000 0.3093460000000000 -0.0570000000000000
vn -0.4237140885218292 0.6338529275911350 -0.6470678769435732
v -0.1805830000000000 0.2874510000000000 -0.0623030000000000
vn -0.6625178289678058 0.5049323262849422 -0.5532752228071142
v -0.2060250000000000 0.2842030000000000 -0.0438370000000000
vn -0.4758493201254395 0.3971750154890877 -0.7847416336651190
v -0.1868370000000000 0.2962070000000000 -0.0518250000000000
vn 0.0076191532516480 0.0902410367819292 -0.9958908091674762
v -0.1463360000000000 0.3384420000000000 -0.0541730000000000
vn 0.2921398377264459 0.3175706575414508 -0.9021104104719424
v -0.1175130000000000 0.3318620000000000 -0.0507150000000000
vn -0.1014670548704017 0.5802218847258178 -0.8081132354201030
v -0.1316690000000000 0.3127740000000000 -0.0613620000000000
vn -0.0384878177571792 0.2933660501083706 -0.9552251297616198
v -0.1384040000000000 0.3217450000000000 -0.0568930000000000
vn -0.0678923611276244 0.8564483694427093 -0.5117487838573148
v -0.1038430000000000 0.3200010000000000 -0.0565670000000000
vn -0.2201451741194022 0.7892012297218350 -0.5733214816466250
v -0.1106130000000000 0.3066290000000000 -0.0756160000000000
vn -0.3166592233814138 0.7080278251894868 -0.6312079966262513
v -0.1474370000000000 0.2952910000000000 -0.0730290000000000
vn -0.2105999282762722 0.7669804544268516 -0.6061259380171824
v -0.1233380000000000 0.3086720000000000 -0.0675830000000000
vn -0.3285106679837370 0.6407606234343241 -0.6939067404752135
v -0.1649180000000000 0.2773800000000000 -0.0827870000000000
vn -0.3767394277993421 0.8001852195617171 -0.4666594239232620
v -0.1996400000000000 0.2717660000000000 -0.0685770000000000
vn -0.3775195333341028 0.7045952760654898 -0.6008531425376734
v -0.1739530000000000 0.2821380000000000 -0.0726370000000000
vn -0.3413437686579758 0.9304150465241102 0.1334626269781480
v -0.1485250000000000 0.3082740000000000 0.0871990000000000
vn -0.1666804968369768 0.9595370401183634 0.2269499517846803
v -0.1282410000000000 0.3174360000000000 0.0665610000000000
vn -0.0048919117158938 0.5773014357488565 0.8165164551202092
v -0.1540800000000000 0.3122370000000000 0.0724710000000000
vn -0.2552572401550225 0.9070570022492481 0.3348004420831141
v -0.1512470000000000 0.3090320000000000 0.0777300000000000
vn -0.2627543083261484 0.9640455470997544 0.0397033572029199
v -0.1006720000000000 0.3254230000000000 0.0535970000000000
vn -0.0228894165674005 0.9902889923937757 0.1371268979920592
v -0.0930510000000000 0.3288820000000000 0.0242690000000000
vn 0.4145722216578553 0.7235177829653209 0.5519527975856420
v -0.1134230000000000 0.3264510000000000 0.0440600000000000
vn -0.0817884023214001 0.9794438921337953 0.1843917552590541
v -0.1080440000000000 0.3241550000000000 0.0474240000000000
vn 0.7672200058419840 0.4424469759982359 0.4643426924867478
v -0.1044640000000000 0.3393430000000000 0.0213760000000000
vn 0.6664886361342293 0.3214509276716856 0.6726531045070318
v -0.1263730000000000 0.3510670000000000 0.0415340000000000
vn 0.4581047792363632 0.3375053133755154 0.8223321559346310
v -0.1377280000000000 0.3282270000000000 0.0597350000000000
vn 0.6338872286722421 0.3988952449127071 0.6626232450738928
v -0.1188530000000000 0.3346440000000000 0.0424500000000000
vn 0.1925953969739015 0.1394021236601751 0.9713259293272771
v -0.1655820000000000 0.3369610000000000 0.0686410000000000
vn 0.1638587354476852 0.2226892130910891 0.9610202022800338
v -0.1584000000000000 0.3206320000000000 0.0699360000000000
vn -0.2073472590520000 0.9782438574212937 -0.0067874576337862
v -0.0766150000000000 0.3326520000000000 0.0022200000000000
vn 0.0674889142048642 0.9928659749432998 -0.0982975190904616
v -0.0844420000000000 0.3309890000000000 -0.0211790000000000
vn 0.6295713985327156 0.7615489150425451 0.1538931582205098
v -0.0911810000000000 0.3336010000000000 0.0001320000000000
vn 0.0296008190332676 0.9983340585406294 0.0495267510579407
v -0.0851480000000000 0.3313190000000000 0.0008810000000000
vn -0.1182151052622264 0.9606323430787623 -0.2514173628030646
v -0.0808690000000000 0.3276280000000000 -0.0430940000000000
vn 0.4829426496946377 0.7072564422581570 -0.5162893781497511
v -0.0974450000000000 0.3301480000000000 -0.0390930000000000
vn 0.0450938664995684 0.9491000612576452 -0.3117300385347123
v -0.0907370000000000 0.3273850000000000 -0.0407240000000000
vn 0.7159887312092675 0.3084399044263295 -0.6262786617303993
v -0.1110600000000000 0.3547940000000000 -0.0380250000000000
vn 0.8626986966129064 0.4696166025114048 -0.1876464907959581
v -0.0965550000000000 0.3416300000000000 -0.0208210000000000
vn 0.6771749859103903 0.4014771106625303 -0.6166442800118469
v -0.1034130000000000 0.3384410000000000 -0.0381960000000000
vn 0.8967503253780980 0.4013188904335651 0.1864993354289702
v -0.1045420000000000 0.3582340000000000 -0.0009690000000000
vn 0.8546706934750115 0.4858097458160120 0.1831035133063393
v -0.0969120000000000 0.3418040000000000 -0.0003710000000000
vn -0.5613180725854574 0.8275694168205529 -0.0071331432227963
v -0.2241410000000000 0.2688130000000000 -0.0281530000000000
vn -0.0881047854796478 0.9913211542654475 0.0975700562744847
v -0.2445930000000000 0.2637110000000000 -0.0294440000000000
vn -0.1517927326746402 0.9625738129624358 0.2245230965983741
v -0.2507090000000000 0.2574470000000000 0.0018080000000000
vn -0.2855319889239117 0.9524283586813895 0.1065443798641182
v -0.2342260000000000 0.2637860000000000 -0.0159950000000000
vn -0.4445627437451316 0.8701670851059521 -0.2125399041874520
v -0.2171480000000000 0.2702000000000000 -0.0511070000000000
vn -0.7677561572614615 0.6000806576932997 -0.2246189823890467
v -0.2165950000000000 0.2750570000000000 -0.0366200000000000
vn -0.1277320616230900 0.9233854249004484 -0.3619998308216918
v -0.2324120000000000 0.2615300000000000 -0.0731340000000000
vn -0.0837574803407119 0.9929938016240764 -0.0833546304840937
v -0.2412920000000000 0.2643530000000000 -0.0543470000000000
vn -0.2327220796339408 0.9492196757078766 -0.2117131098913986
v -0.2217240000000000 0.2662350000000000 -0.0628830000000000
vn 0.0174881842295030 0.9884776920561714 -0.1503529704384311
v -0.2858360000000000 0.2642740000000000 -0.0517930000000000
vn 0.0480040664332915 0.9871521547499672 0.1524015517583888
v -0.2852940000000000 0.2640850000000000 -0.0264720000000000
vn 0.0134530912827026 0.9998330917728691 0.0123613482616086
v -0.2605860000000000 0.2643290000000000 -0.0416850000000000
vn 0.0212264191111662 0.9237755249718520 0.3823456794508032
v -0.3005080000000000 0.2537970000000000 0.0106040000000000
vn -0.0795704218953671 0.7676554021223214 0.6359038697411822
v -0.2981550000000000 0.2281840000000000 0.0539420000000000
vn -0.3600703631058493 0.8845982375139461 0.2963701938455386
v -0.2529040000000000 0.2452590000000000 0.0411900000000000
vn -0.0727118784465606 0.9094259557319068 0.4094599049649190
v -0.2753720000000000 0.2469740000000000 0.0263470000000000
vn -0.0162336134052020 0.9998516110741504 0.0057641676099846
v -0.3334730000000000 0.2662530000000000 -0.0352290000000000
vn -0.0274725223706805 0.9441482674811541 0.3283737345265721
v -0.3685440000000000 0.2586990000000000 -0.0001980000000000
vn 0.0216593053739831 0.9626611467549432 0.2698414182796524
v -0.3223090000000000 0.2621930000000000 -0.0113180000000000
vn -0.1784141738891270 0.7315991302855325 0.6579749958174040
v -0.4016270000000000 0.2381160000000000 0.0325290000000000
vn -0.1408372799078297 0.9898623011449443 0.0183707746216342
v -0.4299230000000000 0.2602830000000000 -0.0351460000000000
vn -0.1562855538854243 0.9184205123455347 0.3634261797802847
v -0.4183810000000000 0.2549580000000000 -0.0003510000000000
vn -0.1330119072104216 0.4528854680700160 0.8815909399212588
v -0.3422500000000000 0.2067670000000000 0.0669670000000000
vn -0.2399077753030910 0.3877226679285535 0.8900086472183775
v -0.3846510000000000 0.2107730000000000 0.0573790000000000
vn -0.5906537497997506 0.4430934356976456 0.6743859096164079
v -0.2780140000000000 0.1925480000000000 0.0935290000000000
vn -0.2408896751742527 0.4325753750869667 0.8688214484362209
v -0.3061790000000000 0.1970330000000000 0.0784570000000000
vn -0.1957848504056963 0.6512904005332161 -0.7331364856047623
v -0.1980380000000000 0.2582870000000000 -0.0867900000000000
vn -0.0099540746008596 0.5927672591442288 -0.8053122952528911
v -0.2668730000000000 0.2393560000000000 -0.0954060000000000
vn -0.0273049329547797 0.8834197368233677 -0.4677862858477860
v -0.2975220000000000 0.2562240000000000 -0.0762420000000000
vn -0.0629172153184844 0.7740324856073575 -0.6300120119815682
v -0.2499630000000000 0.2539830000000000 -0.0831290000000000
vn -0.1787918547245103 0.5096349947801211 -0.8416089619173713
v -0.1949540000000000 0.2186030000000000 -0.1127790000000000
vn 0.0454865999794330 0.4869794473501280 -0.8722281737486326
v -0.3528220000000000 0.2124940000000000 -0.1165420000000000
vn 0.0140809088654017 0.4923753686521452 -0.8702690528510069
v -0.2711720000000000 0.2136460000000000 -0.1114260000000000
vn -0.0787871829743175 0.7536094560015207 -0.6525836096808311
v -0.4347160000000000 0.2364430000000000 -0.0991240000000000
vn -0.0388840440591021 0.4617900368087773 -0.8861365543875042
v -0.4259260000000000 0.2096350000000000 -0.1201090000000000
vn -0.0356051114537424 0.9389763086047958 -0.3421341373164595
v -0.3773790000000000 0.2589500000000000 -0.0644850000000000
vn -0.1203134085902115 0.9409160242325940 -0.3165465511670175
v -0.4368160000000000 0.2537720000000000 -0.0692460000000000
vn -0.0195264425680511 0.9574134346121299 -0.2880594266203442
v -0.3252010000000000 0.2626850000000000 -0.0584580000000000
vn -0.1497302398746474 0.8840106480819874 -0.4428386041717062
v -0.0757470000000000 0.3188530000000000 -0.0675560000000000
vn -0.2653978010687891 0.8083065193331397 -0.5255516891718607
v -0.0650840000000000 0.3035130000000000 -0.0977180000000000
vn -0.2943282022134279 0.6495925137108676 -0.7009996259004765
v -0.1152480000000000 0.2870490000000000 -0.0959560000000000
vn -0.2139120880598236 0.7867619072814521 -0.5790054575155038
v -0.0911270000000000 0.3044100000000000 -0.0855980000000000
vn -0.0045020040685509 0.8839622934468012 -0.4675365180642451
v 0.0000000000000000 0.3090620000000000 -0.1155030000000000
vn -0.3214021451113926 0.7624876288742182 -0.5615276279325603
v -0.0388920000000000 0.2856660000000000 -0.1397590000000000
vn -0.1541135687074388 0.9109778187241977 -0.3825812616069429
v -0.0278060000000000 0.3216580000000000 -0.0813880000000000
vn -0.2327119201405289 0.8484621365095047 -0.4753495189165909
v -0.0333830000000000 0.3067300000000000 -0.1098180000000000
vn -0.4998206859378277 0.5904818642082421 -0.6336485224079660
v -0.0844770000000000 0.2452440000000000 -0.1509810000000000
vn 0.0000012479649294 0.7325957165247926 -0.6806640258805868
v 0.0000000000000000 0.2613860000000000 -0.1837950000000000
vn -0.3991521319151314 0.6710566729153962 -0.6247883780315737
v -0.0406780000000000 0.2566210000000000 -0.1734870000000000
vn -0.3395479456170066 0.5213555178964924 -0.7828765014905931
v -0.1394970000000000 0.2564000000000000 -0.1076980000000000
vn -0.4118205769250459 0.5418813690356047 -0.7326447940941240
v -0.1341790000000000 0.2304340000000000 -0.1281110000000000
vn -0.3032990020243357 0.5463696312728256 -0.7806983677412414
v -0.1521780000000000 0.2703030000000000 -0.0933950000000000
vn -0.1171718355534322 0.9918230011298366 0.0505756402119018
v -0.0290090000000000 0.3412140000000000 0.0410430000000000
vn -0.1976757009001475 0.9718105499538283 0.1284856889776948
v -0.0692610000000000 0.3317370000000000 0.0729210000000000
vn -0.1193804910870141 0.9203533923417196 0.3724217119783861
v -0.0467510000000000 0.3243930000000000 0.1162760000000000
vn -0.0000990274594345 0.9815202985165192 0.1913580251612282
v 0.0000000000000000 0.3387640000000000 0.0789310000000000
vn -0.1230333367121370 0.9769237320777150 0.1745932981555326
v -0.0372990000000000 0.3363920000000000 0.0776820000000000
vn -0.2541965371252945 0.9535232989448452 0.1617944340292583
v -0.1134060000000000 0.3192210000000000 0.0888490000000000
vn -0.2346390140286455 0.9718691889491212 0.0203669503618638
v -0.0726050000000000 0.3334090000000000 0.0330460000000000
vn -0.2458237675214850 0.9671960635890026 0.0640503700182977
v -0.0890450000000000 0.3281430000000000 0.0631190000000000
vn -0.4985864101740697 0.8367382325763409 0.2264524712489477
v -0.1754990000000000 0.2925130000000000 0.1040300000000000
vn -0.3022798160560974 0.8636221372429252 0.4034646414111823
v -0.1438840000000000 0.2994270000000000 0.1243590000000000
vn -0.3335551913998996 0.9149988725684635 0.2269757640996433
v -0.1450760000000000 0.3068790000000000 0.1023190000000000
vn -0.1834014434019215 0.7834772135304980 0.5937401506017409
v -0.1036640000000000 0.2930070000000000 0.1532870000000000
vn -0.4759391016791308 0.7248010620170438 0.4981419396033901
v -0.1885760000000000 0.2624270000000000 0.1517310000000000
vn -0.2785588306414779 0.7610898033659510 0.5857877508825446
v -0.1502980000000000 0.2792440000000000 0.1538990000000000
vn -0.0000004081328679 0.7997456526531888 0.6003389801288589
v 0.0000000000000000 0.3046300000000000 0.1562140000000000
vn -0.1104862190924430 0.7867890712547809 0.6072526267911041
v -0.0527060000000000 0.3015610000000000 0.1549970000000000
vn -0.1366758328304062 0.9488108325438183 -0.2847414981480947
v -0.0465120000000000 0.3302770000000000 -0.0496260000000000
vn -0.0904324349495847 0.9832863217274780 -0.1580189362473237
v -0.0226840000000000 0.3390460000000000 -0.0235910000000000
vn -0.0000000000000000 0.9594007490056912 -0.2820464550518556
v 0.0000000000000000 0.3333820000000000 -0.0544920000000000
vn -0.1046475630778156 0.9545148538608917 -0.2791957759365195
v -0.0240440000000000 0.3323070000000000 -0.0529390000000000
vn -0.1571091419157539 0.9801232849411103 -0.1211406779027699
v -0.0616350000000000 0.3340650000000000 -0.0221420000000000
vn -0.1268633139264938 0.9528117231810000 -0.2757816523056622
v -0.0658740000000000 0.3286740000000000 -0.0461660000000000
vn -0.1644464457261390 0.9856770950484561 -0.0373902498637937
v -0.0460780000000000 0.3388790000000000 0.0063550000000000
vn -0.2010175944809272 0.9792489876666857 -0.0257555210173049
v -0.0636670000000000 0.3354880000000000 0.0043240000000000
vn 0.0000000000000000 0.9985472094358731 -0.0538838614784658
v 0.0000000000000000 0.3433870000000000 0.0077690000000000
vn -0.1025455280239532 0.9937970425451563 -0.0430331605949362
v -0.0241850000000000 0.3419800000000000 0.0074670000000000
vn -0.6721622817809801 0.7024355392611099 0.2340559337721214
v -0.2063010000000000 0.2641730000000000 0.1175160000000000
vn -0.7859914345449923 0.5645395331397095 0.2520170239176395
v -0.2371850000000000 0.2236270000000000 0.1298900000000000
vn -0.6848789657815104 0.6488109298747756 0.3316401355461637
v -0.2162340000000000 0.2435910000000000 0.1435200000000000
vn -0.6933034741085570 0.7058905903422983 0.1450819329041592
v -0.2176250000000000 0.2624070000000000 0.0789850000000000
vn -0.6494912524376319 0.7409410694665419 0.1707847902618183
v -0.1990140000000000 0.2770080000000000 0.0950850000000000
vn -0.6786691200283151 0.6727082122659331 0.2947403716323312
v -0.2463180000000000 0.2318330000000000 0.0857140000000000
vn -0.6113610092461927 0.7671889346166771 0.1940588956353323
v -0.2345280000000000 0.2510040000000000 0.0596820000000000
vn -0.7751472116689961 0.5205230041640422 0.3580539098764612
v -0.2562880000000000 0.2042360000000000 0.1122370000000000
vn -0.3287180381868286 -0.0510694652545108 0.9430463196944363
v -0.1959000000000000 0.3547050000000000 0.0666380000000000
vn -0.7439428930716451 -0.1291140315924758 0.6556512325117128
v -0.2230060000000000 0.3777360000000000 0.0504020000000000
vn -0.8861116304247728 -0.2997626288884845 0.3534806143875724
v -0.2228700000000000 0.3398400000000000 0.0316090000000000
vn -0.7245343161118443 -0.2302745781709414 0.6496334685224718
v -0.2119460000000000 0.3468720000000000 0.0536680000000000
vn -0.4167518365951047 0.1815231701883190 0.8907116510854620
v -0.2163680000000000 0.4121980000000000 0.0555660000000000
vn -0.9565104599373905 -0.0459175265425187 0.2880613142832253
v -0.2403060000000000 0.4041630000000000 0.0258600000000000
vn -0.7801906310347452 0.0290344364297959 0.6248676505843539
v -0.2306600000000000 0.4076400000000000 0.0444070000000000
vn -0.8816236709688117 -0.0757249138253588 -0.4658384271543283
v -0.2366370000000000 0.3988370000000000 -0.0160260000000000
vn -0.9711029057458176 -0.2377472910884257 -0.0208655704965188
v -0.2365740000000000 0.3679460000000000 0.0050440000000000
vn -0.9928681744175329 -0.0949823410821966 -0.0720495878637789
v -0.2423370000000000 0.3998680000000000 0.0042690000000000
vn -0.8636316581248640 -0.1977672809196084 -0.4637116147803101
v -0.2215660000000000 0.3336390000000000 -0.0204140000000000
vn -0.9546671289310004 -0.2963032418090492 0.0285492877685026
v -0.2269210000000000 0.3344080000000000 0.0050250000000000
vn 0.7955424972319360 0.3811136716928352 0.4710249508749837
v -0.1233480000000000 0.3816090000000000 0.0195670000000000
vn 0.6338265129601558 0.3884751116733330 0.6688430601263357
v -0.1512810000000000 0.4065970000000000 0.0379090000000000
vn 0.4823605842525232 0.2680153417404824 0.8339640539923149
v -0.1561760000000000 0.3704720000000000 0.0571960000000000
vn 0.6607395883969817 0.3322755304392531 0.6730647578029177
v -0.1375690000000000 0.3769190000000000 0.0402910000000000
vn 0.7099281501715445 0.5375057608258659 0.4550709600414160
v -0.1525730000000000 0.4360620000000000 0.0160160000000000
vn 0.3642382475946153 0.4512673850571244 0.8146706366212720
v -0.1829440000000000 0.4294810000000000 0.0476820000000000
vn 0.5777703337237378 0.4950603810597834 0.6489196102551554
v -0.1657290000000000 0.4337510000000000 0.0334440000000000
vn 0.1351842545730249 0.2322377766062492 0.9632189950538357
v -0.1888640000000000 0.3929120000000000 0.0633630000000000
vn 0.0340618933845225 0.3631479319664765 0.9311086762175148
v -0.2003230000000000 0.4210140000000000 0.0559410000000000
vn 0.1468301499335979 0.1431968918619508 0.9787418235834994
v -0.1764870000000000 0.3628190000000000 0.0670550000000000
vn 0.3214917594060916 0.1594439934839407 -0.9333920192372915
v -0.1365520000000000 0.3741090000000000 -0.0492990000000000
vn 0.6545797867593783 0.3934512254019260 -0.6455396471137693
v -0.1367940000000000 0.4099290000000000 -0.0378400000000000
vn 0.8926825020583217 0.4055297910773930 -0.1966304632238363
v -0.1155300000000000 0.3838020000000000 -0.0218920000000000
vn 0.6996862120992337 0.3216300639920719 -0.6379602703418781
v -0.1223760000000000 0.3805460000000000 -0.0383740000000000
vn 0.2024941738689875 0.3419846951359427 -0.9176287799768993
v -0.1649070000000000 0.4289570000000000 -0.0443430000000000
vn 0.7559628563157808 0.6182175626054243 -0.2152375551735671
v -0.1478200000000000 0.4409070000000000 -0.0204900000000000
vn 0.5456393469895090 0.5260723683129397 -0.6523232069415261
v -0.1534220000000000 0.4362810000000000 -0.0351000000000000
vn 0.8636390831291586 0.4694922352961413 0.1835880581314017
v -0.1303750000000000 0.4134300000000000 -0.0026980000000000
vn 0.7872302387311919 0.5849562693208167 0.1951786725272586
v -0.1471500000000000 0.4397920000000000 -0.0026120000000000
vn 0.8950061923095326 0.4125533099004532 0.1695985914380561
v -0.1158740000000000 0.3840380000000000 -0.0018940000000000
vn -0.5762652299475376 -0.0938066165179458 -0.8118612587449697
v -0.2156170000000000 0.3747670000000000 -0.0358910000000000
vn -0.2654874960889492 -0.0374713562013525 -0.9633858452794767
v -0.1819240000000000 0.3531150000000000 -0.0492700000000000
vn -0.5353414406651640 -0.1015364673058133 -0.8385105173541963
v -0.2049550000000000 0.3415010000000000 -0.0385760000000000
vn -0.3850970574530473 0.1040057300931004 -0.9169967635977816
v -0.2051740000000000 0.4155870000000000 -0.0423590000000000
vn -0.6414166613809071 0.0081543764950111 -0.7671493809206578
v -0.2237530000000000 0.4059080000000000 -0.0318200000000000
vn -0.0440630271401855 0.0830503251328236 -0.9955707373836254
v -0.1708850000000000 0.3947400000000000 -0.0511290000000000
vn -0.1044695230383451 0.1925448823004248 -0.9757113236280780
v -0.1837560000000000 0.4229050000000000 -0.0466660000000000
vn -0.0151142527137937 0.0352799118238837 -0.9992631721356505
v -0.1576500000000000 0.3645570000000000 -0.0529200000000000
vn 0.9717173869873863 -0.1889536695739962 0.1416397916580200
v 0.1706760000000000 -0.3916780000000000 -0.2007030000000000
vn 0.9986085583144024 -0.0267935971158939 0.0454208147749688
v 0.1814900000000000 -0.3297530000000000 -0.2331010000000000
vn 0.9421249920385486 -0.3341697324407932 -0.0270386629997399
v 0.1767160000000000 -0.3542830000000000 -0.1575140000000000
vn 0.8881142824960893 -0.4082942953578345 0.2110658418709813
v 0.1519730000000000 -0.4092170000000000 -0.1295160000000000
vn 0.9673781778733100 -0.2361294484783446 0.0917733323783526
v 0.1721030000000000 -0.3729340000000000 -0.1800430000000000
vn 0.9517769821921191 0.2864476993852874 0.1098557767536072
v 0.1837550000000000 -0.2959680000000000 -0.3075540000000000
vn 0.7980466418384761 0.6018060481563789 0.0308389016135970
v 0.1638110000000000 -0.2492250000000000 -0.3269510000000000
vn 0.9800674883214334 0.1609506550515704 -0.1164585976808389
v 0.1771830000000000 -0.2750100000000000 -0.2608770000000000
vn 0.9668146077049872 0.2524694220276985 0.0390986607091822
v 0.1790930000000000 -0.2863150000000000 -0.2836970000000000
vn 0.8645790047408231 0.2608083482518645 -0.4295138531450435
v 0.1604640000000000 -0.2301520000000000 -0.2829230000000000
vn 0.8273933184317073 -0.2894643532848383 -0.4812802559756195
v 0.1926390000000000 -0.2407250000000000 -0.2226340000000000
vn 0.9315549813162045 -0.2665234836410301 -0.2473268069838272
v 0.1900900000000000 -0.2968800000000000 -0.1880520000000000
vn 0.9450434438768364 -0.0434082847950130 -0.3240503201611810
v 0.1807760000000000 -0.2603890000000000 -0.2401440000000000
vn 0.7683502475038754 -0.5623990603828071 -0.3055244573536942
v 0.2095730000000000 -0.3147250000000000 -0.1023740000000000
vn 0.7418927079801313 -0.6678460110244083 -0.0598073189893490
v 0.1712980000000000 -0.3715390000000000 -0.0783940000000000
vn 0.8712291451706334 -0.4594723221439310 -0.1727569442566961
v 0.1878280000000000 -0.3355660000000000 -0.1314810000000000
vn 0.7578447366041704 -0.4897878951291959 -0.4310210818350621
v 0.2338620000000000 -0.2496960000000000 -0.1445610000000000
vn 0.7809698403588234 -0.4982127189426083 -0.3766566010754723
v 0.2823670000000000 -0.2575610000000000 -0.0435440000000000
vn 0.6679495727071235 -0.6512794539831230 -0.3601089295474583
v 0.2497100000000000 -0.3256260000000000 -0.0014320000000000
vn 0.7245493490241341 -0.5764131311451145 -0.3778573051724530
v 0.2444500000000000 -0.2881960000000000 -0.0738060000000000
vn 0.6599261629338771 -0.3281053310621252 -0.6759026196161567
v 0.1855760000000000 -0.1860890000000000 -0.2615580000000000
vn 0.7620479337496076 -0.3922209457910659 -0.5152142043371044
v 0.2410340000000000 -0.1826340000000000 -0.1962880000000000
vn 0.7447384673355097 -0.4100060250950124 -0.5265545315126859
v 0.2144180000000000 -0.2146110000000000 -0.2089370000000000
vn 0.7402335731410254 -0.2081047551205810 -0.6393329868629282
v 0.2284640000000000 -0.1153420000000000 -0.2510830000000000
vn 0.9219132885774007 -0.0366060824805402 -0.3856629137858993
v 0.2841450000000000 -0.1046820000000000 -0.1608860000000000
vn 0.8741468541486229 -0.3039422732608293 -0.3787959502253231
v 0.2945720000000000 -0.1822690000000000 -0.0979780000000000
vn 0.8383645079937757 -0.2710604643238806 -0.4729388717549833
v 0.2663030000000000 -0.1457030000000000 -0.1813640000000000
vn 0.9709901916908092 -0.0911486350955951 -0.2210655422277644
v 0.3348340000000000 -0.1828210000000000 0.0248360000000000
vn 0.8800133774743988 -0.3817814033715919 -0.2825233008190992
v 0.3269250000000000 -0.2629230000000000 0.0730620000000000
vn 0.8820084821816129 -0.3410404510783465 -0.3251960148709787
v 0.3145280000000000 -0.2228530000000000 -0.0105580000000000
vn 0.7489639987683570 -0.5911234770289314 -0.2993759567068452
v 0.2984420000000000 -0.3291640000000000 0.1046330000000000
vn 0.5794470231864360 -0.7696763976821719 -0.2680287114683293
v 0.2562810000000000 -0.3805950000000000 0.1276030000000000
vn 0.4603974599076382 -0.8301315931787062 -0.3145086913221599
v 0.2064030000000000 -0.3805330000000000 0.0440680000000000
vn 0.6188658744034431 -0.7101159917643941 -0.3357682351553413
v 0.2552390000000000 -0.3562130000000000 0.0675170000000000
vn 0.9762695195745316 -0.1992309729808429 -0.0848813557550764
v 0.3518470000000000 -0.2617060000000000 0.1874480000000000
vn 0.8424161456049492 -0.5316772703037629 -0.0874889585401524
v 0.3270750000000000 -0.3276590000000000 0.2074760000000000
vn 0.8734509551349703 -0.4364648243939244 -0.2158283717229710
v 0.3319700000000000 -0.2981380000000000 0.1462150000000000
vn 0.8155883329172678 -0.4896990110399082 0.3082378137019657
v 0.3247180000000000 -0.3164800000000000 0.2967100000000000
vn 0.5093279733120364 -0.7718297161529104 0.3806099116748948
v 0.2752510000000000 -0.3686600000000000 0.2921710000000000
vn 0.6369688935065283 -0.7701435161165593 -0.0339056527542540
v 0.2826490000000000 -0.3788800000000000 0.2140810000000000
vn 0.7364704598510426 -0.6655169528471693 0.1212371528856252
v 0.3091870000000000 -0.3512350000000000 0.2562940000000000
vn 0.3950667970604807 -0.9177347929134521 0.0410496740118125
v 0.2272570000000000 -0.4123560000000000 0.2100290000000000
vn 0.3792629903819810 -0.9054138339040276 -0.1907495045910414
v 0.2089940000000000 -0.4137260000000000 0.1495000000000000
vn 0.5162813250786448 -0.8442204290616703 -0.1440328453165045
v 0.2483630000000000 -0.3989020000000000 0.1759120000000000
vn 0.9920718383840312 0.1204024874050379 -0.0360098391000067
v 0.3511330000000000 -0.1806080000000000 0.1507770000000000
vn 0.9428918640458311 0.2674153914649310 0.1986049876610244
v 0.3419360000000000 -0.1732220000000000 0.2585060000000000
vn 0.9717485925653085 -0.0533756709578933 0.2299036985286156
v 0.3474810000000000 -0.2509270000000000 0.2844150000000000
vn 0.9960508636969375 0.0655804510798815 0.0598488209135654
v 0.3548070000000000 -0.2190560000000000 0.2247610000000000
vn 0.8922447001480466 0.3691873700259615 0.2600001555211774
v 0.3150180000000000 -0.0830360000000000 0.2293560000000000
vn 0.5773684937783548 0.5204481610222631 0.6291099538877593
v 0.2726180000000000 -0.0915060000000000 0.3146250000000000
vn 0.7512622643864902 0.3889429335729828 0.5332245348186122
v 0.3079090000000000 -0.1672950000000000 0.3372130000000000
vn 0.8137592206838707 0.4236332892004704 0.3979079881494841
v 0.3147160000000000 -0.1282710000000000 0.2892070000000000
vn 0.4283900904248046 0.4348582285204696 0.7920733877071409
v 0.2565070000000000 -0.1691340000000000 0.3840780000000000
vn 0.4448585933839567 0.0915049885446520 0.8909139514924495
v 0.2624950000000000 -0.2166370000000000 0.3969650000000000
vn 0.7868694695316873 0.0229926279713017 0.6166909898627468
v 0.3150920000000000 -0.2345950000000000 0.3557360000000000
vn 0.6418670683999503 0.2687136057192601 0.7181919413395053
v 0.2916270000000000 -0.1971000000000000 0.3725490000000000
vn 0.5526634497186020 -0.4196135959687300 0.7200607900888131
v 0.2891290000000000 -0.2944960000000000 0.3632600000000000
vn 0.8409875795266110 -0.2421997327381684 0.4838173007898044
v 0.3264890000000000 -0.2760880000000000 0.3303460000000000
vn 0.9653571882538640 0.2608769838255811 0.0053570884500239
v 0.3298060000000000 -0.0868020000000000 0.1067360000000000
vn 0.9770294051782032 0.2069123443321432 0.0509982664421349
v 0.3057480000000000 0.0072790000000000 0.0997450000000000
vn 0.9325070225510865 0.2259719111547257 0.2817221117732648
v 0.2900910000000000 0.0128500000000000 0.2033090000000000
vn 0.9532006488881899 0.2778448123291468 0.1192089896816297
v 0.3121730000000000 -0.0383040000000000 0.1604820000000000
vn 0.9731634571741559 0.1435342406646749 -0.1798633019202640
v 0.3185860000000000 -0.0936880000000000 -0.0344440000000000
vn 0.9847610491590374 0.1407488793812295 -0.1021539476090874
v 0.3388380000000000 -0.1365770000000000 0.0626860000000000
vn 0.8436834990763585 0.2255438528778177 -0.4871633440800953
v 0.2507910000000000 -0.0316340000000000 -0.2146890000000000
vn 0.9557893152852436 0.1363420494342564 -0.2605333574470496
v 0.2901120000000000 -0.0176720000000000 -0.1064720000000000
vn 0.9438911982285320 0.1482342277516838 -0.2951203477050813
v 0.2901810000000000 -0.0607830000000000 -0.1330970000000000
vn 0.8815941192765467 -0.4587960265134425 -0.1108964152373113
v 0.2986730000000000 0.0464180000000000 -0.0810010000000000
vn 0.9957435154829045 0.0577040308600358 -0.0718686036893064
v 0.3029400000000000 0.0238620000000000 -0.0091440000000000
vn 0.8561649492057010 0.0432530105039344 -0.5148890723582568
v 0.2647760000000000 0.0328460000000000 -0.1619880000000000
vn 0.9672906566052544 -0.0612494537109520 -0.2461651682596174
v 0.2909550000000000 0.0192440000000000 -0.0932810000000000
vn 0.9749802604024154 0.1706362864573882 0.1424666612568376
v 0.2870200000000000 0.0937800000000000 0.1262700000000000
vn 0.9547787529317021 -0.1587428849133866 0.2513925803192270
v 0.2994590000000000 0.0926330000000000 0.0543400000000000
vn 0.9905051162883293 0.1202013562755328 0.0667176779884129
v 0.2992010000000000 0.0535400000000000 0.0676420000000000
vn 0.0083737013077503 0.4091204304772789 -0.9124419732193902
v 0.2722820000000000 0.1798150000000000 -0.1281810000000000
vn 0.0838240895285129 0.0437312059329275 -0.9955205189459270
v 0.3495210000000000 0.1412000000000000 -0.1384760000000000
vn 0.2650007102544338 0.0679927833512239 -0.9618480155288565
v 0.2884420000000000 0.1040850000000000 -0.1488510000000000
vn 0.2979875268499409 0.5085747558245163 -0.8078088583197695
v 0.2101660000000000 0.1431680000000000 -0.1553200000000000
vn 0.1015585132056901 0.2981022267585960 -0.9491158679513351
v 0.2782570000000000 0.1411250000000000 -0.1427400000000000
vn 0.0658792013365014 0.1706582591670575 -0.9831254698202737
v 0.4153770000000000 0.1780150000000000 -0.1312080000000000
vn 0.4934984575565152 -0.3344040797863694 -0.8028905179484758
v 0.4585440000000000 0.1557230000000000 -0.1205720000000000
vn 0.3340904733061595 -0.5392760070247162 -0.7730232492580961
v 0.4060550000000000 0.1138300000000000 -0.1230160000000000
vn 0.1767898504517875 -0.1418068223882701 -0.9739795551762760
v 0.4114710000000000 0.1446290000000000 -0.1324610000000000
vn 0.5691671861294034 -0.8222180608577534 0.0024848808528059
v 0.4288630000000000 0.1075950000000000 -0.0811950000000000
vn 0.3701868111916690 -0.9231407402437488 0.1037925745030312
v 0.3808100000000000 0.0829390000000000 -0.0705550000000000
vn 0.3566290468476883 -0.7396297987531653 -0.5707569392840194
v 0.3481750000000000 0.0811250000000000 -0.1192760000000000
vn 0.4089039057234516 -0.8506840749739516 -0.3303546586167946
v 0.3938200000000000 0.0915340000000000 -0.1022600000000000
vn 0.4393275208618865 -0.8672995276155420 -0.2340573835861762
v 0.3111080000000000 0.0608070000000000 -0.1117010000000000
vn 0.5972874533675619 0.1136247464622810 -0.7939377274327470
v 0.2581210000000000 0.0701350000000000 -0.1663140000000000
vn 0.4501301415500428 -0.4112745530058588 -0.7926134604698369
v 0.3006030000000000 0.0755350000000000 -0.1400020000000000
vn 0.2509346694501107 -0.9205069703969354 0.2994974275659464
v 0.3427360000000000 0.0774880000000000 -0.0419370000000000
vn 0.5655068805792655 -0.7387319570033382 0.3667111447986369
v 0.3170590000000000 0.0839090000000000 -0.0032320000000000
vn 0.4530575845704697 -0.8774645021282820 0.1574638770256147
v 0.3166320000000000 0.0640620000000000 -0.0621050000000000
vn 0.4998683637779043 -0.7824566234353019 0.3713398057523956
v 0.4089750000000000 0.1092420000000000 -0.0273210000000000
vn 0.3060728913860097 -0.7771974405723765 0.5498031679850119
v 0.3705680000000000 0.1147240000000000 0.0163750000000000
vn 0.3269720310206352 -0.8757766523064454 0.3551120192349963
v 0.3741420000000000 0.0921170000000000 -0.0277770000000000
vn 0.5132970834960584 -0.4558674377155803 0.7271251496854390
v 0.4040730000000000 0.1597400000000000 0.0413280000000000
vn 0.3068859133326962 -0.1653929139425425 0.9372652880671253
v 0.3715310000000000 0.1784900000000000 0.0653550000000000
vn 0.2944670014105977 -0.6467310820385617 0.7035823282356390
v 0.3371950000000000 0.1333470000000000 0.0511820000000000
vn 0.3082546473811660 -0.5821203633250309 0.7524061104019868
v 0.3684860000000000 0.1452750000000000 0.0500230000000000
vn 0.5203090540701585 -0.2110857437680987 0.8274788801114416
v 0.3084140000000000 0.1579010000000000 0.0826570000000000
vn 0.5986627083679740 -0.5762728840721507 0.5563384983017872
v 0.3131920000000000 0.1174330000000000 0.0504170000000000
vn 0.6919818791296469 -0.5429268453612802 0.4758061785456882
v 0.4488360000000000 0.1555650000000000 -0.0097610000000000
vn 0.8143041273004283 -0.0797295143925198 0.5749365119699918
v 0.4731650000000000 0.2097590000000000 -0.0075900000000000
vn 0.5369744194303736 0.0729081217490214 0.8404420733521395
v 0.4210650000000000 0.2046130000000000 0.0435970000000000
vn 0.6882148895057717 -0.3128480989685113 0.6545886745387112
v 0.4413830000000000 0.1835770000000000 0.0215620000000000
vn 0.8079634586282439 -0.5864022153278752 0.0576844119329167
v 0.4760370000000000 0.1529640000000000 -0.0760970000000000
vn 0.6550586679297171 -0.6979648517083756 0.2893841864198006
v 0.4457980000000000 0.1291160000000000 -0.0474990000000000
vn 0.4027546455894682 0.2454296294302343 -0.8817896531791694
v 0.4746930000000000 0.2004460000000000 -0.1159300000000000
vn 0.9979087208022912 -0.0501108244040614 0.0408300162169947
v 0.5000000000000000 0.2070940000000000 -0.0728970000000000
vn 0.8603879553931777 -0.3255956409679285 -0.3920714791935662
v 0.4887950000000000 0.1792430000000000 -0.1006510000000000
vn 0.4904583239572374 0.8502380250163747 -0.1911699068297937
v 0.4799230000000000 0.2449370000000000 -0.0642860000000000
vn 0.5002531882518600 0.7558841918680865 0.4223574743363480
v 0.4608770000000000 0.2467350000000000 -0.0127860000000000
vn 0.8740064167676591 0.3517311565404251 0.3352580751714891
v 0.4895320000000000 0.2306490000000000 -0.0402360000000000
vn 0.1331411128179373 0.1975149321711224 -0.9712164000093071
v 0.0482680000000000 -0.1749370000000000 -0.3295190000000000
vn 0.3468076556761538 0.7443232223325172 -0.5707077979675312
v 0.0909530000000000 -0.1969290000000000 -0.3312240000000000
vn 0.1057725358697806 0.9750006098093656 -0.1954123371925156
v 0.0475360000000000 -0.1990400000000000 -0.3623530000000000
vn 0.1334037379319935 0.8075798472349340 -0.5744721342639454
v 0.0468170000000000 -0.1908780000000000 -0.3405420000000000
vn 0.5711352897228612 0.0423945841966532 -0.8197604406556688
v 0.1350120000000000 -0.1925050000000000 -0.3005800000000000
vn 0.5528602447205260 0.8139515547364125 -0.1784052026980643
v 0.1304250000000000 -0.2190630000000000 -0.3330890000000000
vn 0.6270295539907352 0.5705877542847355 -0.5303428637046811
v 0.1297290000000000 -0.2093880000000000 -0.3127910000000000
vn 0.4673188774822329 0.8825656050786246 0.0518750371657424
v 0.1417800000000000 -0.2264040000000000 -0.3871660000000000
vn 0.2489763366998305 0.9682042904633968 -0.0243153386117281
v 0.0959040000000000 -0.2090450000000000 -0.3797870000000000
vn 0.5000484451093055 0.8659972711216750 -0.0005281605607342
v 0.1351060000000000 -0.2239340000000000 -0.3587800000000000
vn 0.0743043834415290 0.9972236297572528 0.0048878272416255
v 0.0525900000000000 -0.2024010000000000 -0.4239500000000000
vn 0.0890476123316503 0.9953578332627467 -0.0365144697417585
v 0.0497020000000000 -0.2020170000000000 -0.3913540000000000
vn 0.2117375840625004 0.2063539984522311 -0.9552932653474285
v 0.0672800000000000 -0.0192900000000000 -0.3412300000000000
vn 0.3507903709579152 -0.0576973476458530 -0.9346748802219100
v 0.1242210000000000 -0.0778470000000000 -0.3289480000000000
vn 0.1285182796820459 -0.2164734850473709 -0.9677924788192006
v 0.0578390000000000 -0.1138420000000000 -0.3394540000000000
vn 0.1634480595463651 -0.0587209874710186 -0.9848028114607291
v 0.0633070000000000 -0.0702460000000000 -0.3454670000000000
vn 0.6265517935927659 0.1324884892641726 -0.7680362297171828
v 0.1924440000000000 -0.0483720000000000 -0.2897740000000000
vn 0.4989103924642763 -0.2576120678442415 -0.8274807809201105
v 0.1639430000000000 -0.1326900000000000 -0.2996880000000000
vn 0.5560135703219878 -0.1135265230332419 -0.8233836518815385
v 0.1802670000000000 -0.0927240000000000 -0.2991190000000000
vn 0.2822255791504728 -0.2103037035755616 -0.9360133945278680
v 0.1023010000000000 -0.1547790000000000 -0.3202660000000000
vn 0.4856715330618570 -0.2501359846336028 -0.8375888915003131
v 0.1475110000000000 -0.1665320000000000 -0.2980020000000000
vn 0.1133034551587751 -0.2050690235001640 -0.9721671783442252
v 0.0523380000000000 -0.1490730000000000 -0.3314000000000000
vn 0.0450550075473698 0.4611928330131772 0.8861553007640286
v 0.0739360000000000 -0.0080150000000000 0.3148010000000000
vn 0.1268858795118001 0.3868307073653665 0.9133794268647214
v 0.1387990000000000 0.0578150000000000 0.2787670000000000
vn 0.0555634291199077 0.3780495116147249 0.9241164818962514
v 0.0667850000000000 0.1343040000000000 0.2543560000000000
vn 0.0502616865770600 0.3847969726096745 0.9216317337922230
v 0.0709110000000000 0.0603130000000000 0.2839920000000000
vn 0.3033501712992274 0.4578220398155613 0.8356899266066620
v 0.2121450000000000 -0.0156770000000000 0.2964490000000000
vn 0.5456751167850127 0.3242730902896111 0.7727131614225866
v 0.2470920000000000 0.0548680000000000 0.2486070000000000
vn 0.2081102004683875 0.3828447342356804 0.9000666941560601
v 0.1856150000000000 0.1259440000000000 0.2424060000000000
vn 0.2527390753701345 0.3728541206677943 0.8928061180805693
v 0.2000790000000000 0.0540810000000000 0.2680760000000000
vn 0.3616876996427473 0.4772318545497675 0.8008943531640906
v 0.2132300000000000 0.1822000000000000 0.2071670000000000
vn 0.2439837089036594 0.5985569793644732 0.7630212921299721
v 0.1607120000000000 0.2439150000000000 0.1853890000000000
vn 0.1276516684132193 0.4464295246813016 0.8856668284655064
v 0.1207910000000000 0.1992670000000000 0.2204320000000000
vn 0.2084405596215518 0.4578211820238545 0.8642640212313220
v 0.1724700000000000 0.1912700000000000 0.2150410000000000
vn 0.0876337514500069 0.5862021380846184 0.8054113103947701
v 0.0573660000000000 0.2629910000000000 0.1913680000000000
vn 0.0672926459463061 0.4351707142786223 0.8978296883238929
v 0.0621250000000000 0.2048610000000000 0.2240560000000000
vn 0.0240949936154604 0.2601384138068956 0.9652706547620223
v 0.0774870000000000 -0.1870860000000000 0.4233030000000000
vn 0.0940701343129261 0.4967499254211051 0.8627805754793478
v 0.1474790000000000 -0.1495520000000000 0.4027260000000000
vn 0.0281929316243678 0.5789531720229746 0.8148732313746473
v 0.0760040000000000 -0.1084260000000000 0.3797620000000000
vn 0.0245475627765192 0.4977927167619904 0.8669485730425132
v 0.0763990000000000 -0.1481100000000000 0.4062510000000000
vn 0.2217652817743278 0.2786255634790085 0.9344452660137769
v 0.2069820000000000 -0.1886860000000000 0.4105560000000000
vn 0.2527667398328956 0.5789411391983497 0.7752007047068304
v 0.2130750000000000 -0.1181720000000000 0.3679390000000000
vn 0.2313556478468908 0.4944437551518789 0.8378543651498477
v 0.2083120000000000 -0.1550420000000000 0.3948000000000000
vn 0.1224323097351445 0.5670701580986839 0.8145193461955654
v 0.1481820000000000 -0.0655450000000000 0.3431580000000000
vn 0.2982826879225847 0.5626406323993399 0.7710142390766522
v 0.2153460000000000 -0.0729250000000000 0.3327270000000000
vn 0.0364864234551033 0.5548596249946721 0.8311435119485844
v 0.0754380000000000 -0.0632830000000000 0.3478790000000000
vn 0.3147056403509785 -0.6453604861758491 0.6960389377140853
v 0.0419740000000000 -0.4688980000000000 -0.0456420000000000
vn 0.5386428703696886 -0.6341137186104814 0.5547644996481751
v 0.0854650000000000 -0.4465220000000000 -0.0524900000000000
vn 0.2503616429993932 -0.8112155650068362 0.5284395469732406
v 0.0459280000000000 -0.4377660000000000 -0.0137320000000000
vn 0.2817697494926612 -0.6938911343168186 0.6626619816975782
v 0.0439040000000000 -0.4522800000000000 -0.0305980000000000
vn 0.7734882479559669 -0.4836791901907707 0.4095978164619643
v 0.1180850000000000 -0.4539190000000000 -0.1037680000000000
vn 0.6826110055409924 -0.6730558669556114 0.2846717672529991
v 0.1283510000000000 -0.4142180000000000 -0.0657040000000000
vn 0.7431148871826324 -0.5439387297609490 0.3897575178410146
v 0.1223180000000000 -0.4331580000000000 -0.0861740000000000
vn 0.4138998706570486 -0.9011946371689158 -0.1285889692316754
v 0.1484240000000000 -0.3934740000000000 -0.0032570000000000
vn 0.3876693349481471 -0.8938512081014049 0.2252609698028493
v 0.0946680000000000 -0.4176640000000000 -0.0114810000000000
vn 0.5656978312933488 -0.8174816273157866 0.1082116106115018
v 0.1375830000000000 -0.3993090000000000 -0.0393470000000000
vn 0.1260506070350563 -0.9919317601807082 -0.0135139783519178
v 0.0504470000000000 -0.4236120000000000 0.0327540000000000
vn 0.1949342926844524 -0.9391753326776245 0.2827548691454939
v 0.0481220000000000 -0.4274730000000000 0.0067770000000000
vn 0.1841102592996048 -0.9581938717951660 -0.2190157904691377
v 0.1051410000000000 -0.4183840000000000 0.0553840000000000
vn 0.0611962501647480 -0.9797470012867302 -0.1906589427103624
v 0.0556780000000000 -0.4352050000000000 0.1042790000000000
vn 0.0808250783020463 -0.9801810376442003 -0.1808658070509922
v 0.0528900000000000 -0.4275200000000000 0.0656110000000000
vn 0.2737431390890888 -0.9225957151346265 -0.2718121414081405
v 0.1615280000000000 -0.4161480000000000 0.0947100000000000
vn 0.3075451315452625 -0.9126839611159188 -0.2691170362213498
v 0.1562370000000000 -0.4023180000000000 0.0445720000000000
vn 0.2276349022634157 -0.9734810642260057 -0.0227369493320576
v 0.1717450000000000 -0.4299970000000000 0.1850930000000000
vn 0.1318870783321452 -0.9815016751071942 -0.1387813399949078
v 0.1150470000000000 -0.4365010000000000 0.1432790000000000
vn 0.2451664682911253 -0.9530930721892374 -0.1775021086368768
v 0.1650550000000000 -0.4266610000000000 0.1414350000000000
vn 0.0416838911503267 -0.9963682676156222 0.0742477508562479
v 0.0636090000000000 -0.4426340000000000 0.1935180000000000
vn 0.0506189975721545 -0.9936015515689757 -0.1009637251913503
v 0.0591060000000000 -0.4418110000000000 0.1473160000000000
vn 0.1110403995817588 -0.9654714305202254 0.2356585379525910
v 0.1337600000000000 -0.4304730000000000 0.2371540000000000
vn 0.0342787493781377 -0.8995023264805287 0.4355692046015042
v 0.0755660000000000 -0.4154370000000000 0.2889010000000000
vn 0.0357958133456689 -0.9623508324043072 0.2694430090346733
v 0.0694360000000000 -0.4337170000000000 0.2415370000000000
vn 0.2500737503325444 -0.9051585510690536 0.3437311694059583
v 0.2072090000000000 -0.4062510000000000 0.2720290000000000
vn 0.2312413585480399 -0.9590231772039821 0.1637131017433740
v 0.1879280000000000 -0.4231340000000000 0.2282180000000000
vn 0.2863813420435579 -0.6719380657725396 0.6829970444263935
v 0.2326960000000000 -0.3458920000000000 0.3536570000000000
vn 0.1176282168960075 -0.8127837874051489 0.5705664882563710
v 0.1567750000000000 -0.3862130000000000 0.3276260000000000
vn 0.2682917686017571 -0.8147891220949043 0.5139437842958668
v 0.2231850000000000 -0.3799270000000000 0.3150630000000000
vn 0.0366900801559634 -0.6777156751080899 0.7344081302184330
v 0.0839700000000000 -0.3552420000000000 0.3708950000000000
vn 0.0356854623458622 -0.8084357556891375 0.5875016397428139
v 0.0807840000000000 -0.3888970000000000 0.3329400000000000
vn 0.1183659756582621 -0.5074376964328842 0.8535200525150863
v 0.1637740000000000 -0.3129070000000000 0.3955090000000000
vn 0.0306567736951307 -0.2998413177647548 0.9534963798503384
v 0.0825650000000000 -0.2729410000000000 0.4194630000000000
vn 0.0348395490646692 -0.5064410092183292 0.8615704904434058
v 0.0842960000000000 -0.3157970000000000 0.4001920000000000
vn 0.2618781378360202 -0.2720669551389691 0.9259586453211335
v 0.2272060000000000 -0.2648290000000000 0.4045910000000000
vn 0.2780118479514082 -0.4938658805956113 0.8238967801746554
v 0.2336280000000000 -0.3063170000000000 0.3841340000000000
vn 0.1006219490122923 -0.0378012303875933 0.9942063620587788
v 0.1537560000000000 -0.2279090000000000 0.4235080000000000
vn 0.2363806718168543 -0.0069921287824212 0.9716353678857634
v 0.2159200000000000 -0.2250280000000000 0.4135840000000000
vn 0.0263771900192109 -0.0449420918230329 0.9986413030859782
v 0.0798780000000000 -0.2292150000000000 0.4275460000000000
vn 0.3196294987447205 0.5034839109281248 -0.8027084993749093
v 0.0650130000000000 0.0992840000000000 -0.2871630000000000
vn 0.4479899068909948 0.4260048310399626 -0.7860184013459295
v 0.1355800000000000 0.0236630000000000 -0.2980160000000000
vn 0.2636721354720750 0.4122935677916974 -0.8720613619082024
v 0.0683690000000000 0.0378850000000000 -0.3203020000000000
vn 0.4008991744073312 0.6039971448310747 -0.6888158687163283
v 0.0444320000000000 0.2162140000000000 -0.2101950000000000
vn 0.5105999654020490 0.5860247828978785 -0.6291761511380740
v 0.1070840000000000 0.1519100000000000 -0.2206750000000000
vn 0.3781057944560752 0.5557810669852188 -0.7403670804266705
v 0.0541490000000000 0.1616650000000000 -0.2492340000000000
vn 0.5248767776204295 0.5493493512528431 -0.6501689461923530
v 0.1855390000000000 0.0982630000000000 -0.2051440000000000
vn 0.4639912622549083 0.5740916731517985 -0.6746338706060240
v 0.1385470000000000 0.1934440000000000 -0.1542270000000000
vn 0.4854162552839242 0.5927999135978222 -0.6426191107837881
v 0.1557670000000000 0.1466140000000000 -0.1844240000000000
vn 0.6502051489449655 0.4237889009069597 -0.6305840401988668
v 0.2057330000000000 0.0375460000000000 -0.2341870000000000
vn 0.6467630162689805 0.3767514541595358 -0.6631409673480637
v 0.2264250000000000 0.0595910000000000 -0.1986950000000000
vn 0.6402129796043698 0.3506171887014239 -0.6835165892158029
v 0.1981310000000000 -0.0021860000000000 -0.2666750000000000
vn 0.9382171374362236 0.2266505155359651 0.2614921544296488
v 0.2766510000000000 0.0942860000000000 0.1873120000000000
vn 0.7036122571578578 0.3398578876099301 0.6240403895634807
v 0.2537660000000000 0.1238980000000000 0.2138670000000000
vn 0.8298739108007617 0.2357359645729077 0.5057052967679203
v 0.2703400000000000 0.0695120000000000 0.2185130000000000
vn 0.8891427441753479 0.3677684362577718 0.2723445570832015
v 0.2651210000000000 0.1689230000000000 0.1371420000000000
vn 0.8587133482868893 0.3898264142267392 0.3326360657611291
v 0.2580130000000000 0.1573960000000000 0.1809480000000000
vn 0.9405804238771568 0.2747403117196925 0.1995650954832390
v 0.2730360000000000 0.1298410000000000 0.1613490000000000
vn 0.6718004850079773 0.5747113989499300 0.4673231390163141
v 0.2278660000000000 0.2134170000000000 0.1706580000000000
vn 0.6321606712664559 0.4800274441730669 0.6082323063966738
v 0.2402430000000000 0.1725860000000000 0.1959360000000000
vn 0.7401226549769417 0.2241883295853124 -0.6340016155086912
v 0.2289230000000000 0.4307270000000000 -0.0234760000000000
vn 0.5083502977465485 0.7048928072482326 -0.4946777790346979
v 0.2148090000000000 0.4584330000000000 -0.0179230000000000
vn 0.7399835546067269 0.6672409386385340 0.0849344966215804
v 0.2297270000000000 0.4536140000000000 0.0110050000000000
vn 0.9697841005238456 0.1731849907399332 -0.1718306065681114
v 0.2413850000000000 0.4266920000000000 0.0006960000000000
vn 0.7975743865844588 0.5076348755383797 -0.3258556904544683
v 0.2316610000000000 0.4463350000000000 -0.0080290000000000
vn 0.1521228688503678 0.4446327145495279 -0.8827006185140304
v 0.1925470000000000 0.4457910000000000 -0.0383560000000000
vn -0.2929651463715474 0.7024889699667549 -0.6485990056163712
v 0.1721960000000000 0.4547210000000000 -0.0306190000000000
vn -0.0570722466105103 0.9871309768332835 -0.1493827073091017
v 0.1904460000000000 0.4691000000000000 -0.0086630000000000
vn 0.1091545587144123 0.7868753742285344 -0.6073816162385604
v 0.1936510000000000 0.4616750000000000 -0.0253630000000000
vn -0.5897217190115989 0.7832101818553178 0.1970028049652205
v 0.1656190000000000 0.4585430000000000 0.0005900000000000
vn -0.4621669000344125 0.6879758299606439 0.5595453635788117
v 0.1780800000000000 0.4545080000000000 0.0247620000000000
vn 0.1243477093334254 0.9038899530359644 0.4092928047060832
v 0.2053620000000000 0.4642800000000000 0.0202640000000000
vn -0.2424195022123224 0.9292413838552760 0.2788247397162981
v 0.1856120000000000 0.4665190000000000 0.0094730000000000
vn 0.1843250390962697 0.5549689540874423 0.8111927884055977
v 0.2109590000000000 0.4421520000000000 0.0445850000000000
vn 0.7348738116890338 0.3386064451852052 0.5876275658720150
v 0.2313120000000000 0.4332230000000000 0.0368480000000000
vn 0.5003419831015251 0.6936432470341166 0.5181862076416167
v 0.2218450000000000 0.4525550000000000 0.0293210000000000
vn 0.5673974747539648 0.8186010885538575 0.0891760251483728
v 0.2260590000000000 0.2660230000000000 0.0009040000000000
vn 0.9185633882919073 0.3459780727822491 0.1911556299028924
v 0.2138950000000000 0.2786180000000000 0.0139990000000000
vn 0.7611995368463822 0.6229476936502611 0.1803092789644326
v 0.2057310000000000 0.2797120000000000 0.0465580000000000
vn 0.6250352677254085 0.7727684376887034 0.1102717362318523
v 0.2237660000000000 0.2634960000000000 0.0377770000000000
vn 0.7293037043998671 0.6743250417353195 0.1157663372370873
v 0.2169600000000000 0.2715790000000000 0.0230560000000000
vn 0.9733968519071704 0.2271386929189614 -0.0301095147133933
v 0.2168390000000000 0.2813940000000000 -0.0172850000000000
vn 0.9589794875781678 -0.2636330236540527 0.1041919922227061
v 0.2179660000000000 0.3056400000000000 0.0054130000000000
vn 0.9063634619893365 -0.1641253256512853 0.3893175468053865
v 0.2066170000000000 0.2959530000000000 0.0350370000000000
vn 0.9807299551330321 -0.0195987966783047 0.1943827211290233
v 0.2140010000000000 0.2883330000000000 0.0084640000000000
vn 0.7103229689321970 -0.2484068304916182 0.6585858534560680
v 0.2013280000000000 0.3207060000000000 0.0553550000000000
vn 0.3398592157304389 0.0137438521327726 0.9403758929341199
v 0.1781450000000000 0.3124100000000000 0.0697870000000000
vn 0.7883782569671589 0.2282007963006545 0.5713003767801764
v 0.1914230000000000 0.2947560000000000 0.0601900000000000
vn 0.7527784046678437 -0.1606243445644509 0.6383764511626168
v 0.1945010000000000 0.3040740000000000 0.0569950000000000
vn 0.4794340239706162 0.8135529697781018 0.3290510325535747
v 0.1734200000000000 0.2994650000000000 0.0782500000000000
vn 0.6345682751120374 0.7599073779497030 0.1409392818164660
v 0.1941710000000000 0.2845260000000000 0.0777640000000000
vn 0.6897266774832668 0.6733713381190776 0.2661731604944728
v 0.1914980000000000 0.2893590000000000 0.0665610000000000
vn 0.6625178289678058 0.5049323262849422 -0.5532752228071142
v 0.2060250000000000 0.2842030000000000 -0.0438370000000000
vn 0.4237140885218292 0.6338529275911350 -0.6470678769435732
v 0.1805830000000000 0.2874510000000000 -0.0623030000000000
vn 0.2642199496110728 0.3179634103272800 -0.9105421944756695
v 0.1627950000000000 0.3093460000000000 -0.0570000000000000
vn 0.5464486157960539 0.0663261340053759 -0.8348621169046285
v 0.1946420000000000 0.3129160000000000 -0.0429470000000000
vn 0.4758559206308033 0.3971385096452067 -0.7847561066709799
v 0.1868370000000000 0.2962070000000000 -0.0518250000000000
vn 0.3767394277993421 0.8001852195617171 -0.4666594239232620
v 0.1996400000000000 0.2717660000000000 -0.0685770000000000
vn 0.3285106679837370 0.6407606234343241 -0.6939067404752135
v 0.1649180000000000 0.2773800000000000 -0.0827870000000000
vn 0.3166748265083713 0.7080386539207039 -0.6311880217574243
v 0.1474370000000000 0.2952910000000000 -0.0730290000000000
vn 0.3775195333341029 0.7045952760654897 -0.6008531425376734
v 0.1739530000000000 0.2821380000000000 -0.0726370000000000
vn 0.2201370043609826 0.7892168254758190 -0.5733031499101009
v 0.1106130000000000 0.3066290000000000 -0.0756170000000000
vn 0.0678798271909173 0.8564380926556129 -0.5117676450391789
v 0.1038430000000000 0.3200010000000000 -0.0565670000000000
vn 0.1014614870850663 0.5802016628140173 -0.8081284533453430
v 0.1316690000000000 0.3127740000000000 -0.0613630000000000
vn 0.2105999282762722 0.7669804544268516 -0.6061259380171824
v 0.1233380000000000 0.3086720000000000 -0.0675830000000000
vn -0.2921391154266039 0.3175972290978568 -0.9021012899376240
v 0.1175130000000000 0.3318620000000000 -0.0507150000000000
vn -0.0076191532516481 0.0902410367819292 -0.9958908091674762
v 0.1463360000000000 0.3384420000000000 -0.0541730000000000
vn 0.0384878177571792 0.2933660501083706 -0.9552251297616198
v 0.1384040000000000 0.3217450000000000 -0.0568930000000000
vn 0.0048919117158938 0.5773014357488565 0.8165164551202092
v 0.1540800000000000 0.3122370000000000 0.0724710000000000
vn 0.1666720793947723 0.9595377482596025 0.2269531396899247
v 0.1282410000000000 0.3174360000000000 0.0665610000000000
vn 0.3413437686579758 0.9304150465241102 0.1334626269781480
v 0.1485250000000000 0.3082740000000000 0.0871990000000000
vn 0.2552572401550225 0.9070570022492481 0.3348004420831141
v 0.1512470000000000 0.3090320000000000 0.0777300000000000
vn -0.4581047792363632 0.3375053133755153 0.8223321559346310
v 0.1377280000000000 0.3282270000000000 0.0597350000000000
vn -0.1926208966039662 0.1393783618459915 0.9713242828430741
v 0.1655820000000000 0.3369610000000000 0.0686410000000000
vn -0.1638284716901407 0.2226902316120524 0.9610251258985080
v 0.1584000000000000 0.3206320000000000 0.0699360000000000
vn -0.6664906075092113 0.3214602258853927 0.6726467076227424
v 0.1263730000000000 0.3510670000000000 0.0415340000000000
vn -0.7672200058419840 0.4424469759982359 0.4643426924867478
v 0.1044640000000000 0.3393430000000000 0.0213760000000000
vn -0.4145364658488127 0.7235478135670429 0.5519402865926059
v 0.1134230000000000 0.3264510000000000 0.0440600000000000
vn -0.6339090191500520 0.3988636352032456 0.6626214273268496
v 0.1188530000000000 0.3346440000000000 0.0424500000000000
vn 0.0228894165674005 0.9902889923937757 0.1371268979920592
v 0.0930510000000000 0.3288820000000000 0.0242690000000000
vn 0.2627531819488135 0.9640457988769057 0.0397046980036680
v 0.1006720000000000 0.3254230000000000 0.0535970000000000
vn 0.0817911776952805 0.9794429753457443 0.1843953939150724
v 0.1080440000000000 0.3241550000000000 0.0474240000000000
vn -0.6295713985327156 0.7615489150425451 0.1538931582205098
v 0.0911810000000000 0.3336010000000000 0.0001320000000000
vn -0.0674859695799511 0.9928660277855628 -0.0982990070101024
v 0.0844420000000000 0.3309890000000000 -0.0211790000000000
vn 0.2073472590520000 0.9782438574212937 -0.0067874576337862
v 0.0766150000000000 0.3326520000000000 0.0022200000000000
vn -0.0296027500211045 0.9983340245843634 0.0495262813905460
v 0.0851480000000000 0.3313190000000000 0.0008810000000000
vn -0.8967502478090064 0.4013205884123646 0.1864960545717767
v 0.1045420000000000 0.3582340000000000 -0.0009690000000000
vn -0.8626986966129064 0.4696166025114048 -0.1876464907959581
v 0.0965550000000000 0.3416300000000000 -0.0208210000000000
vn -0.8546706934750115 0.4858097458160121 0.1831035133063393
v 0.0969120000000000 0.3418040000000000 -0.0003710000000000
vn -0.7159887312092675 0.3084399044263295 -0.6262786617303993
v 0.1110600000000000 0.3547940000000000 -0.0380250000000000
vn -0.4829459166863755 0.7072703756053178 -0.5162672344310349
v 0.0974450000000000 0.3301480000000000 -0.0390930000000000
vn -0.6771749859103903 0.4014771106625304 -0.6166442800118469
v 0.1034130000000000 0.3384410000000000 -0.0381960000000000
vn 0.1182151052622264 0.9606323430787623 -0.2514173628030646
v 0.0808690000000000 0.3276280000000000 -0.0430940000000000
vn -0.0451052309161858 0.9490964130965984 -0.3117395014931028
v 0.0907370000000000 0.3273850000000000 -0.0407240000000000
vn 0.1517877655201265 0.9625735221049330 0.2245277015891612
v 0.2507090000000000 0.2574470000000000 0.0018080000000000
vn 0.0881047854796478 0.9913211542654475 0.0975700562744847
v 0.2445930000000000 0.2637110000000000 -0.0294440000000000
vn 0.5613180725854574 0.8275694168205529 -0.0071331432227963
v 0.2241410000000000 0.2688130000000000 -0.0281530000000000
vn 0.2855319889239117 0.9524283586813895 0.1065443798641182
v 0.2342260000000000 0.2637860000000000 -0.0159950000000000
vn -0.0480040664332916 0.9871521547499672 0.1524015517583888
v 0.2852940000000000 0.2640850000000000 -0.0264720000000000
vn -0.0174881842295030 0.9884776920561714 -0.1503529704384311
v 0.2858360000000000 0.2642740000000000 -0.0517930000000000
vn 0.0837574803407119 0.9929938016240764 -0.0833546304840937
v 0.2412920000000000 0.2643530000000000 -0.0543470000000000
vn -0.0134530912827026 0.9998330917728691 0.0123613482616086
v 0.2605860000000000 0.2643290000000000 -0.0416850000000000
vn 0.1277320616230900 0.9233854249004484 -0.3619998308216918
v 0.2324120000000000 0.2615300000000000 -0.0731340000000000
vn 0.4445623851640659 0.8701646978590730 -0.2125504276567439
v 0.2171480000000000 0.2702000000000000 -0.0511070000000000
vn 0.2327220796339408 0.9492196757078766 -0.2117131098913986
v 0.2217240000000000 0.2662350000000000 -0.0628830000000000
vn 0.7677582190184867 0.6000817544854303 -0.2246090048578842
v 0.2165950000000000 0.2750570000000000 -0.0366200000000000
vn 0.3600703631058493 0.8845982375139461 0.2963701938455386
v 0.2529040000000000 0.2452590000000000 0.0411900000000000
vn 0.0795704218953671 0.7676554021223214 0.6359038697411822
v 0.2981550000000000 0.2281840000000000 0.0539420000000000
vn -0.0212264191111662 0.9237755249718520 0.3823456794508032
v 0.3005080000000000 0.2537970000000000 0.0106040000000000
vn 0.0727118784465606 0.9094259557319068 0.4094599049649190
v 0.2753720000000000 0.2469740000000000 0.0263470000000000
vn 0.1330119072104216 0.4528854680700158 0.8815909399212590
v 0.3422500000000000 0.2067670000000000 0.0669670000000000
vn 0.5906733325086805 0.4430898473955753 0.6743711154832001
v 0.2780140000000000 0.1925480000000000 0.0935290000000000
vn 0.2408743751352015 0.4325723679494513 0.8688271875867092
v 0.3061790000000000 0.1970330000000000 0.0784560000000000
vn 0.1784063836937136 0.7315994327550069 0.6579767718163638
v 0.4016270000000000 0.2381160000000000 0.0325290000000000
vn 0.2399356793217035 0.3877232598954672 0.8900008671481532
v 0.3846510000000000 0.2107730000000000 0.0573790000000000
vn 0.1408366778543443 0.9898623807428957 0.0183711012451205
v 0.4299230000000000 0.2602830000000000 -0.0351460000000000
vn 0.0274725223706805 0.9441482674811541 0.3283737345265720
v 0.3685440000000000 0.2586990000000000 -0.0001980000000000
vn 0.1562855538854242 0.9184205123455347 0.3634261797802847
v 0.4183810000000000 0.2549580000000000 -0.0003510000000000
vn 0.0162336134052020 0.9998516110741504 0.0057641676099846
v 0.3334730000000000 0.2662530000000000 -0.0352290000000000
vn -0.0216598802573426 0.9626621485818688 0.2698377980842884
v 0.3223090000000000 0.2621930000000000 -0.0113180000000000
vn 0.0273029402433328 0.8834188897226394 -0.4677880019146365
v 0.2975220000000000 0.2562240000000000 -0.0762430000000000
vn 0.0099540746008596 0.5927672591442288 -0.8053122952528911
v 0.2668730000000000 0.2393560000000000 -0.0954060000000000
vn 0.1957848504056963 0.6512904005332161 -0.7331364856047623
v 0.1980380000000000 0.2582870000000000 -0.0867900000000000
vn 0.0629172153184845 0.7740324856073575 -0.6300120119815682
v 0.2499630000000000 0.2539830000000000 -0.0831290000000000
vn 0.0356079219345284 0.9389782967687584 -0.3421283883175233
v 0.3773790000000000 0.2589500000000000 -0.0644850000000000
vn 0.0195220279828469 0.9574130766567952 -0.2880609155543430
v 0.3252010000000000 0.2626850000000000 -0.0584580000000000
vn 0.0787890994400575 0.7536060379040145 -0.6525873255312563
v 0.4347160000000000 0.2364430000000000 -0.0991240000000000
vn 0.1203151907800257 0.9409140668500834 -0.3165516919417785
v 0.4368160000000000 0.2537720000000000 -0.0692460000000000
vn -0.0454865999794330 0.4869794473501281 -0.8722281737486326
v 0.3528220000000000 0.2124940000000000 -0.1165420000000000
vn 0.0388840440591021 0.4617900368087772 -0.8861365543875042
v 0.4259260000000000 0.2096350000000000 -0.1201090000000000
vn 0.1787918547245103 0.5096349947801211 -0.8416089619173714
v 0.1949540000000000 0.2186030000000000 -0.1127790000000000
vn -0.0140809088654017 0.4923753686521452 -0.8702690528510068
v 0.2711720000000000 0.2136460000000000 -0.1114260000000000
vn 0.2943142813739997 0.6495747182719189 -0.7010219605413679
v 0.1152480000000000 0.2870490000000000 -0.0959560000000000
vn 0.2653978010687891 0.8083065193331397 -0.5255516891718607
v 0.0650840000000000 0.3035130000000000 -0.0977180000000000
vn 0.1497152512900933 0.8840114853891727 -0.4428420003016568
v 0.0757470000000000 0.3188530000000000 -0.0675560000000000
vn 0.2139120880598236 0.7867619072814522 -0.5790054575155039
v 0.0911270000000000 0.3044100000000000 -0.0855980000000000
vn 0.3395479456170066 0.5213555178964924 -0.7828765014905931
v 0.1394970000000000 0.2564000000000000 -0.1076980000000000
vn 0.3032990020243357 0.5463696312728256 -0.7806983677412414
v 0.1521780000000000 0.2703030000000000 -0.0933950000000000
vn 0.4998177429380305 0.5904854943591431 -0.6336474609716126
v 0.0844760000000000 0.2452440000000000 -0.1509810000000000
vn 0.4118205769250459 0.5418813690356047 -0.7326447940941240
v 0.1341790000000000 0.2304340000000000 -0.1281110000000000
vn 0.3220115086650643 0.7621400051787545 -0.5616504257929279
v 0.0388920000000000 0.2856660000000000 -0.1397590000000000
vn 0.3991495670529766 0.6710590863131691 -0.6247874244876860
v 0.0406780000000000 0.2566210000000000 -0.1734870000000000
vn 0.1448809884827573 0.9150165032168526 -0.3765027198003528
v 0.0278050000000000 0.3216580000000000 -0.0813880000000000
vn 0.2290993206861935 0.8502482526160346 -0.4739107618365556
v 0.0333830000000000 0.3067300000000000 -0.1098180000000000
vn 0.1193804910870140 0.9203533923417195 0.3724217119783861
v 0.0467510000000000 0.3243930000000000 0.1162760000000000
vn 0.1976839309833518 0.9718092461378239 0.1284828881680501
v 0.0692620000000000 0.3317370000000000 0.0729210000000000
vn 0.1171707166257956 0.9918232328718224 0.0505736878335393
v 0.0290090000000000 0.3412140000000000 0.0410430000000000
vn 0.1230307267531144 0.9769235266632234 0.1745962866915876
v 0.0372990000000000 0.3363920000000000 0.0776820000000000
vn 0.1834021103252882 0.7834773822289992 0.5937397219858425
v 0.1036650000000000 0.2930070000000000 0.1532870000000000
vn 0.1104878115367689 0.7867890167171810 0.6072524077144750
v 0.0527060000000000 0.3015610000000000 0.1549970000000000
vn 0.4759391016791307 0.7248010620170438 0.4981419396033901
v 0.1885760000000000 0.2624270000000000 0.1517310000000000
vn 0.3022798160560974 0.8636221372429252 0.4034646414111824
v 0.1438840000000000 0.2994270000000000 0.1243590000000000
vn 0.2785588306414779 0.7610898033659510 0.5857877508825446
v 0.1502980000000000 0.2792440000000000 0.1538990000000000
vn 0.2541974304198252 0.9535221206152192 0.1617999748622147
v 0.1134060000000000 0.3192210000000000 0.0888490000000000
vn 0.4985864101740698 0.8367382325763408 0.2264524712489477
v 0.1754990000000000 0.2925130000000000 0.1040300000000000
vn 0.3335579083583365 0.9149987845971462 0.2269721259480043
v 0.1450760000000000 0.3068790000000000 0.1023190000000000
vn 0.2346397388976114 0.9718690181045181 0.0203667517935608
v 0.0726050000000000 0.3334090000000000 0.0330460000000000
vn 0.2458239738410033 0.9671965418956668 0.0640423549698280
v 0.0890450000000000 0.3281430000000000 0.0631190000000000
vn 0.0904324349495847 0.9832863217274780 -0.1580189362473237
v 0.0226840000000000 0.3390460000000000 -0.0235910000000000
vn 0.1366778642023764 0.9488111106681064 -0.2847395963153552
v 0.0465120000000000 0.3302770000000000 -0.0496260000000000
vn 0.1046482406283299 0.9545145676780671 -0.2791965003787619
v 0.0240440000000000 0.3323070000000000 -0.0529400000000000
vn 0.1644464457261390 0.9856770950484561 -0.0373902498637937
v 0.0460780000000000 0.3388790000000000 0.0063550000000000
vn 0.1025455280239532 0.9937970425451563 -0.0430331605949362
v 0.0241850000000000 0.3419800000000000 0.0074670000000000
vn 0.1571074181137514 0.9801229867880688 -0.1211453257177759
v 0.0616350000000000 0.3340650000000000 -0.0221440000000000
vn 0.2010175944809272 0.9792489876666857 -0.0257555210173049
v 0.0636670000000000 0.3354880000000000 0.0043240000000000
vn 0.1268633139264938 0.9528117231810000 -0.2757816523056622
v 0.0658740000000000 0.3286740000000000 -0.0461660000000000
vn 0.7859914345449923 0.5645395331397095 0.2520170239176395
v 0.2371850000000000 0.2236270000000000 0.1298900000000000
vn 0.6721622817809801 0.7024355392611099 0.2340559337721214
v 0.2063010000000000 0.2641730000000000 0.1175160000000000
vn 0.6848789657815104 0.6488109298747756 0.3316401355461638
v 0.2162340000000000 0.2435910000000000 0.1435200000000000
vn 0.6783250620348238 0.6682774184931599 0.3054184050570142
v 0.2463180000000000 0.2318330000000000 0.0857140000000000
vn 0.7751435978664839 0.5205290890150536 0.3580528874003966
v 0.2562880000000000 0.2042360000000000 0.1122370000000000
vn 0.6933034741085570 0.7058905903422983 0.1450819329041592
v 0.2176250000000000 0.2624070000000000 0.0789850000000000
vn 0.6113601102795714 0.7671896085722005 0.1940590633229587
v 0.2345280000000000 0.2510040000000000 0.0596810000000000
vn 0.6494912524376319 0.7409410694665420 0.1707847902618184
v 0.1990140000000000 0.2770080000000000 0.0950850000000000
vn 0.8861097493731065 -0.2997660393044340 0.3534824376764185
v 0.2228700000000000 0.3398400000000000 0.0316080000000000
vn 0.7439428930716451 -0.1291140315924758 0.6556512325117128
v 0.2230060000000000 0.3777360000000000 0.0504020000000000
vn 0.3287222303074964 -0.0510699203769172 0.9430448337880657
v 0.1959000000000000 0.3547050000000000 0.0666370000000000
vn 0.7245343161118443 -0.2302745781709414 0.6496334685224718
v 0.2119460000000000 0.3468720000000000 0.0536680000000000
vn 0.8636284480125087 -0.1977653511464280 -0.4637184163578534
v 0.2215660000000000 0.3336390000000000 -0.0204150000000000
vn 0.9711029057458176 -0.2377472910884257 -0.0208655704965188
v 0.2365740000000000 0.3679460000000000 0.0050440000000000
vn 0.9546671289310004 -0.2963032418090492 0.0285492877685026
v 0.2269210000000000 0.3344080000000000 0.0050250000000000
vn 0.8816236709688117 -0.0757249138253588 -0.4658384271543283
v 0.2366370000000000 0.3988370000000000 -0.0160260000000000
vn 0.9565104599373905 -0.0459175265425187 0.2880613142832253
v 0.2403060000000000 0.4041630000000000 0.0258600000000000
vn 0.9928681744175329 -0.0949823410821966 -0.0720495878637789
v 0.2423370000000000 0.3998680000000000 0.0042690000000000
vn 0.4167518365951047 0.1815231701883190 0.8907116510854620
v 0.2163680000000000 0.4121980000000000 0.0555660000000000
vn 0.7801906310347452 0.0290344364297959 0.6248676505843539
v 0.2306600000000000 0.4076400000000000 0.0444070000000000
vn -0.4823605842525231 0.2680153417404824 0.8339640539923150
v 0.1561760000000000 0.3704720000000000 0.0571960000000000
vn -0.6338397368082876 0.3884732617388186 0.6688316028394620
v 0.1512810000000000 0.4065970000000000 0.0379090000000000
vn -0.7955417442827303 0.3811071789265263 0.4710314758848455
v 0.1233480000000000 0.3816090000000000 0.0195670000000000
vn -0.6607404822512088 0.3322768490355005 0.6730632293547755
v 0.1375690000000000 0.3769190000000000 0.0402900000000000
vn -0.1351842545730249 0.2322377766062492 0.9632189950538357
v 0.1888640000000000 0.3929120000000000 0.0633630000000000
vn -0.1468301499335979 0.1431968918619508 0.9787418235834994
v 0.1764870000000000 0.3628190000000000 0.0670550000000000
vn -0.3642382475946154 0.4512673850571245 0.8146706366212719
v 0.1829440000000000 0.4294810000000000 0.0476820000000000
vn -0.0340618933845225 0.3631479319664766 0.9311086762175148
v 0.2003230000000000 0.4210140000000000 0.0559410000000000
vn -0.7099281501715445 0.5375057608258659 0.4550709600414160
v 0.1525730000000000 0.4360620000000000 0.0160160000000000
vn -0.5777575795694466 0.4950723836960135 0.6489218089659197
v 0.1657290000000000 0.4337510000000000 0.0334440000000000
vn -0.8926797942086517 0.4055331758327678 -0.1966357757647089
v 0.1155300000000000 0.3838020000000000 -0.0218920000000000
vn -0.6545797867593783 0.3934512254019260 -0.6455396471137693
v 0.1367940000000000 0.4099290000000000 -0.0378400000000000
vn -0.3214917594060917 0.1594439934839407 -0.9333920192372915
v 0.1365520000000000 0.3741090000000000 -0.0492990000000000
vn -0.6996862120992337 0.3216300639920719 -0.6379602703418781
v 0.1223760000000000 0.3805460000000000 -0.0383740000000000
vn -0.8636390831291586 0.4694922352961413 0.1835880581314017
v 0.1303750000000000 0.4134300000000000 -0.0026980000000000
vn -0.8950061923095326 0.4125533099004532 0.1695985914380561
v 0.1158740000000000 0.3840380000000000 -0.0018940000000000
vn -0.7559628563157808 0.6182175626054244 -0.2152375551735672
v 0.1478200000000000 0.4409070000000000 -0.0204900000000000
vn -0.7872302387311920 0.5849562693208166 0.1951786725272586
v 0.1471500000000000 0.4397920000000000 -0.0026120000000000
vn -0.2025199852517586 0.3419773840242133 -0.9176258084805501
v 0.1649070000000000 0.4289570000000000 -0.0443440000000000
vn -0.5456393469895089 0.5260723683129398 -0.6523232069415261
v 0.1534220000000000 0.4362810000000000 -0.0351000000000000
vn 0.2654697948890331 -0.0374318143675243 -0.9633922603357005
v 0.1819240000000000 0.3531150000000000 -0.0492700000000000
vn 0.5762647343615172 -0.0938067597623225 -0.8118615939642323
v 0.2156170000000000 0.3747670000000000 -0.0358910000000000
vn 0.5353459511328962 -0.1015735008405854 -0.8385031523689116
v 0.2049550000000000 0.3415010000000000 -0.0385760000000000
vn 0.0440630271401855 0.0830503251328236 -0.9955707373836254
v 0.1708850000000000 0.3947400000000000 -0.0511290000000000
vn 0.0151142527137937 0.0352799118238837 -0.9992631721356505
v 0.1576500000000000 0.3645570000000000 -0.0529200000000000
vn 0.3850970574530472 0.1040057300931004 -0.9169967635977815
v 0.2051740000000000 0.4155870000000000 -0.0423590000000000
vn 0.1044599215138255 0.1925603361935241 -0.9757093018529456
v 0.1837560000000000 0.4229050000000000 -0.0466660000000000
vn 0.6414131931721996 0.0081730686520937 -0.7671520817761305
v 0.2237530000000000 0.4059080000000000 -0.0318200000000000
vn -0.8951147429578261 -0.3740632768273810 0.2425824846700748
v -0.1499570000000000 -0.4196980000000000 -0.1393060000000000
vn -0.9354039426259990 -0.3246658334296239 0.1400412822105850
v -0.1633160000000000 -0.3923530000000000 -0.1541500000000000
vn -0.9687269193407210 -0.2121400080980535 0.1287042062591353
v -0.1711890000000000 -0.3822990000000000 -0.1904900000000000
vn -0.9450586374347891 -0.2718042817284622 0.1816221468983740
v -0.1605970000000000 -0.4125780000000000 -0.1740940000000000
vn -0.9392622227694440 -0.2954552175101706 0.1746215660341563
v -0.1617600000000000 -0.4024270000000000 -0.1642820000000000
vn -0.8718038859317804 -0.4620209455500610 0.1627717123681959
v -0.1547160000000000 -0.3990150000000000 -0.1189750000000000
vn -0.9013308989643699 -0.4323891643259157 0.0253420825035557
v -0.1691750000000000 -0.3727500000000000 -0.1316420000000000
vn -0.9596582460160520 -0.2785389030197280 0.0383683509935123
v -0.1738120000000000 -0.3635910000000000 -0.1691290000000000
vn -0.9237572986687491 -0.3725263811254390 0.0888625259701727
v -0.1656570000000000 -0.3824350000000000 -0.1433770000000000
vn -0.9711866591629594 -0.2299853812461792 -0.0624755750428866
v -0.1812350000000000 -0.3345550000000000 -0.1841400000000000
vn -0.9979881242004791 -0.0619851675622884 -0.0133245246475856
v -0.1815820000000000 -0.3221950000000000 -0.2219610000000000
vn -0.9884757859383234 -0.1382762418327579 0.0616060188473712
v -0.1782040000000000 -0.3517900000000000 -0.2065690000000000
vn -0.9843117772769090 -0.1763413056839202 0.0058368676242486
v -0.1791350000000000 -0.3432540000000000 -0.1955510000000000
vn -0.9962115414981475 -0.0123979761784331 0.0860747046034068
v -0.1821440000000000 -0.3370800000000000 -0.2441830000000000
vn -0.9883230341936089 -0.0959481879347037 0.1183702889849706
v -0.1782850000000000 -0.3685900000000000 -0.2279490000000000
vn -0.9877610233478268 -0.1193342321431231 0.1004365560623485
v -0.1780500000000000 -0.3602170000000000 -0.2173250000000000
vn -0.7998278195004086 -0.5997093024122511 0.0249842300948653
v -0.1638330000000000 -0.3799920000000000 -0.0941330000000000
vn -0.8180391167839320 -0.5610559210904641 -0.1266027520265463
v -0.1816320000000000 -0.3542660000000000 -0.1037370000000000
vn -0.9125882347393354 -0.3967550552216084 -0.0988339009219124
v -0.1812130000000000 -0.3450220000000000 -0.1449660000000000
vn -0.8658532395466513 -0.4980427668234679 -0.0474507110736384
v -0.1742620000000000 -0.3633750000000000 -0.1186240000000000
vn -0.6787780388962804 -0.7193154879738295 -0.1478025800623622
v -0.1816680000000000 -0.3640930000000000 -0.0590260000000000
vn -0.7042179811639082 -0.6489252032871904 -0.2880505433845041
v -0.2063610000000000 -0.3351670000000000 -0.0687330000000000
vn -0.8218754628023871 -0.5153849282105707 -0.2426913665888154
v -0.1970830000000000 -0.3256720000000000 -0.1170560000000000
vn -0.7662447052209804 -0.6101942259870998 -0.2013257516881957
v -0.1919980000000000 -0.3453770000000000 -0.0863930000000000
vn -0.8020554242478568 -0.4916183291741206 -0.3391437967214447
v -0.2095200000000000 -0.2949140000000000 -0.1347900000000000
vn -0.8811328800537593 -0.3484344483445481 -0.3196846616511305
v -0.1969640000000000 -0.2869290000000000 -0.1768210000000000
vn -0.9071946821993443 -0.3633206282261442 -0.2121224403371566
v -0.1905360000000000 -0.3162360000000000 -0.1599000000000000
vn -0.8578083499647963 -0.4305946512793671 -0.2806297935363846
v -0.1986010000000000 -0.3060840000000000 -0.1473780000000000
vn -0.9681987064682052 -0.1864766167344618 -0.1667864988677537
v -0.1854990000000000 -0.3059270000000000 -0.1993940000000000
vn -0.9458134125943286 -0.2942844950597745 -0.1372356532541155
v -0.1848900000000000 -0.3256370000000000 -0.1722060000000000
vn -0.9451649751572314 -0.1625038431539688 -0.2832943181502595
v -0.1868260000000000 -0.2781000000000000 -0.2149840000000000
vn -0.9730480633972514 0.0710876261241264 -0.2193718663158403
v -0.1781190000000000 -0.2682220000000000 -0.2501790000000000
vn -0.9945856528935106 0.0119532487132254 -0.1032303196914020
v -0.1814550000000000 -0.2942230000000000 -0.2365120000000000
vn -0.9788604483637176 -0.0672625710095294 -0.1931527094564553
v -0.1832400000000000 -0.2865970000000000 -0.2255770000000000
vn -0.8312897296403763 -0.3589995747010338 -0.4243544400131887
v -0.2008730000000000 -0.2576630000000000 -0.1952820000000000
vn -0.8940479248371480 -0.1689792655670128 -0.4148786761245052
v -0.1855010000000000 -0.2512960000000000 -0.2309140000000000
vn -0.8939041891130102 -0.2633083393449722 -0.3627726824302029
v -0.1925810000000000 -0.2685250000000000 -0.2048470000000000
vn -0.8056286686277252 -0.2136527115742903 -0.5525531351119743
v -0.1818640000000000 -0.2254180000000000 -0.2473090000000000
vn -0.8267935830246315 0.0667353701926185 -0.5585326860932545
v -0.1634560000000000 -0.2220670000000000 -0.2749780000000000
vn -0.9232118628739462 0.0966966581641380 -0.3719268914030094
v -0.1719780000000000 -0.2442420000000000 -0.2629740000000000
vn -0.8756584172558617 -0.0605553481564028 -0.4791193860601094
v -0.1757760000000000 -0.2356680000000000 -0.2544730000000000
vn -0.8643379841695423 0.4170760276578349 -0.2810114522130599
v -0.1593090000000000 -0.2366440000000000 -0.2923360000000000
vn -0.9342929921052010 0.3323259717249346 -0.1290583334007878
v -0.1699400000000000 -0.2573190000000000 -0.2832300000000000
vn -0.9403958275500177 0.2331191945343867 -0.2476108411725062
v -0.1701410000000000 -0.2513790000000000 -0.2726240000000000
vn -0.9939579736258274 0.1024963313163026 0.0392689283319245
v -0.1818330000000000 -0.3076530000000000 -0.2590120000000000
vn -0.9621810690288832 0.2593204606774059 0.0834295455848439
v -0.1812520000000000 -0.2912450000000000 -0.2955610000000000
vn -0.9845096081301289 0.1386882251769522 0.1072679248271683
v -0.1850800000000000 -0.3197580000000000 -0.2819710000000000
vn -0.9902173065993044 0.1129249374761768 0.0819612360034962
v -0.1832760000000000 -0.3137880000000000 -0.2704640000000000
vn -0.9748847464983165 0.2209283654030354 -0.0281138472154889
v -0.1776220000000000 -0.2809730000000000 -0.2720930000000000
vn -0.9973323808828423 0.0691072003659640 -0.0235014233641275
v -0.1811060000000000 -0.3011870000000000 -0.2476770000000000
vn -0.8158359652997655 0.5767839346535856 -0.0416169490583845
v -0.1612890000000000 -0.2459160000000000 -0.3145960000000000
vn -0.9058938691598197 0.4217074313972083 0.0389761481295984
v -0.1731320000000000 -0.2665650000000000 -0.3065460000000000
vn -0.9190226598755309 0.3929173823057556 -0.0318320800026773
v -0.1710450000000000 -0.2623010000000000 -0.2946010000000000
vn -0.7926140308899011 0.6051023907160887 0.0749272633033982
v -0.1669450000000000 -0.2520040000000000 -0.3397950000000000
vn -0.8842756471845231 0.4541025250613469 0.1088461139834650
v -0.1789410000000000 -0.2738950000000000 -0.3313910000000000
vn -0.9009006805781262 0.4258353540785064 0.0839179060195253
v -0.1758730000000000 -0.2703500000000000 -0.3188730000000000
vn -0.6356620988312808 -0.6970929368881126 -0.3316551423543994
v -0.2256350000000000 -0.3405860000000000 -0.0171050000000000
vn -0.6960836984129013 -0.6173352314738080 -0.3665579037273607
v -0.2473150000000000 -0.3074550000000000 -0.0375180000000000
vn -0.7298931984272087 -0.5854109504666140 -0.3529163328091732
v -0.2258960000000000 -0.3021100000000000 -0.0881130000000000
vn -0.6980429186292268 -0.6265199354832695 -0.3467114855230939
v -0.2257210000000000 -0.3220960000000000 -0.0528980000000000
vn -0.7130948158612340 -0.6015618290084629 -0.3600265955062565
v -0.2722040000000000 -0.3108570000000000 0.0158040000000000
vn -0.7726594521044271 -0.5228225949843526 -0.3600748606158367
v -0.2882350000000000 -0.2770580000000000 -0.0040890000000000
vn -0.7443821426086866 -0.5460620041854839 -0.3843325556731222
v -0.2636330000000000 -0.2733560000000000 -0.0589830000000000
vn -0.7283765187405575 -0.5763461862661076 -0.3705303233527578
v -0.2683800000000000 -0.2925430000000000 -0.0212170000000000
vn -0.7872747932616141 -0.4711967764085070 -0.3977084331480970
v -0.2749550000000000 -0.2378350000000000 -0.0833250000000000
vn -0.7635821584994357 -0.4785039803714373 -0.4335622538806092
v -0.2497200000000000 -0.2346860000000000 -0.1338010000000000
vn -0.7465151131165885 -0.5322415331811489 -0.3992920438044154
v -0.2401040000000000 -0.2687650000000000 -0.1096790000000000
vn -0.7573656073880398 -0.5126040343245856 -0.4045175407073279
v -0.2575510000000000 -0.2538760000000000 -0.0967580000000000
vn -0.7756016950949204 -0.4751602558438814 -0.4155294716771164
v -0.2191370000000000 -0.2634300000000000 -0.1551470000000000
vn -0.7595327274118300 -0.5282500971205899 -0.3795548325109748
v -0.2237240000000000 -0.2824600000000000 -0.1222900000000000
vn -0.8210153137813380 -0.4725955224727803 -0.3202925641896969
v -0.3112540000000000 -0.2798740000000000 0.0534010000000000
vn -0.8814514896511425 -0.3616945950402278 -0.3036779401116705
v -0.3216300000000000 -0.2432610000000000 0.0321980000000000
vn -0.8290299029867629 -0.4305155423414643 -0.3568834372119184
v -0.2995710000000000 -0.2407850000000000 -0.0273820000000000
vn -0.8251503853031341 -0.4526891325036699 -0.3379340038338316
v -0.3062030000000000 -0.2607030000000000 0.0137780000000000
vn -0.9351678591590481 -0.2680232046496022 -0.2315699396839752
v -0.3392410000000000 -0.2446910000000000 0.0928810000000000
vn -0.9746300374469663 -0.1104381546473041 -0.1946784633805782
v -0.3422530000000000 -0.2042530000000000 0.0699420000000000
vn -0.9326949431228492 -0.2272970322726864 -0.2800289309930213
v -0.3265220000000000 -0.2035910000000000 0.0068670000000000
vn -0.9345778483680918 -0.2470767178114595 -0.2559635537633914
v -0.3338640000000000 -0.2245160000000000 0.0509810000000000
vn -0.9654999053534600 -0.0747304583550816 -0.2494499776638585
v -0.3253500000000000 -0.1614460000000000 -0.0218200000000000
vn -0.9208592427159058 -0.1957211594618157 -0.3372113326144469
v -0.3057820000000000 -0.1622650000000000 -0.0841570000000000
vn -0.8801928543690867 -0.3211610795973086 -0.3494511411764040
v -0.3055370000000000 -0.2023170000000000 -0.0542640000000000
vn -0.9285468128489353 -0.2096651335510605 -0.3063353523854217
v -0.3171750000000000 -0.1826100000000000 -0.0384990000000000
vn -0.8275749774433824 -0.3858041749443312 -0.4077680655778589
v -0.2809600000000000 -0.2009770000000000 -0.1107330000000000
vn -0.8306583673568769 -0.4075376579930318 -0.3793675448131567
v -0.2912070000000000 -0.2206880000000000 -0.0691840000000000
vn -0.8611159080998241 -0.2886211146711029 -0.4185418079277449
v -0.2815500000000000 -0.1633230000000000 -0.1407590000000000
vn -0.7953657980651928 -0.3449544011611642 -0.4983971392249975
v -0.2542180000000000 -0.1647340000000000 -0.1893150000000000
vn -0.7809242112922774 -0.4176854103536776 -0.4644311296577938
v -0.2544710000000000 -0.1999130000000000 -0.1605710000000000
vn -0.8166348299287289 -0.3657695628296513 -0.4464528882812626
v -0.2686770000000000 -0.1822210000000000 -0.1511340000000000
vn -0.9440824426837182 -0.0517608664615634 -0.3256211819269322
v -0.3001360000000000 -0.1220410000000000 -0.1159870000000000
vn -0.8839759943972072 -0.1682075630335954 -0.4362254658634312
v -0.2765320000000000 -0.1256510000000000 -0.1720240000000000
vn -0.9070736394943607 -0.1837650439839837 -0.3787450608839923
v -0.2923020000000000 -0.1432520000000000 -0.1291450000000000
vn -0.8846062570506915 -0.0101345500773701 -0.4662285500497530
v -0.2655590000000000 -0.0887190000000000 -0.2021080000000000
vn -0.7827733872400759 -0.1005027638002204 -0.6141376219522912
v -0.2373110000000000 -0.0950040000000000 -0.2457010000000000
vn -0.8012495155563950 -0.2464910314380091 -0.5451984824275182
v -0.2486640000000000 -0.1296350000000000 -0.2185530000000000
vn -0.8462323493402397 -0.1431726802146906 -0.5132176873123532
v -0.2582690000000000 -0.1095410000000000 -0.2113560000000000
vn -0.7009664265284021 -0.2842999894231771 -0.6540791885498144
v -0.2182270000000000 -0.1348330000000000 -0.2547460000000000
vn -0.7278984282554858 -0.3645608431292710 -0.5807402774046831
v -0.2253250000000000 -0.1669630000000000 -0.2288390000000000
vn -0.7595647517804200 -0.3196313910391994 -0.5664778563325272
v -0.2374480000000000 -0.1488320000000000 -0.2242100000000000
vn -0.7578543895148374 -0.4491921449040167 -0.4731629119548804
v -0.2253060000000000 -0.2315210000000000 -0.1778750000000000
vn -0.7708250090288318 -0.3733745143199791 -0.5161591590895401
v -0.2025360000000000 -0.2284580000000000 -0.2154460000000000
vn -0.7799100750262274 -0.4242521477639197 -0.4601634383458614
v -0.2120680000000000 -0.2453070000000000 -0.1864010000000000
vn -0.7436314560643715 -0.4142768929969242 -0.5247732019457527
v -0.2275090000000000 -0.1992980000000000 -0.2026900000000000
vn -0.7597998847241464 -0.4456329921431323 -0.4734082503365705
v -0.2397270000000000 -0.2163680000000000 -0.1693760000000000
vn -0.6556583979190569 -0.3461387597985948 -0.6710439808263736
v -0.1961440000000000 -0.1704180000000000 -0.2593700000000000
vn -0.7143940527300535 -0.3706590125791273 -0.5935090848654263
v -0.2011810000000000 -0.1993420000000000 -0.2370600000000000
vn -0.7112010330350316 -0.3823168504482140 -0.5899380615566875
v -0.2130020000000000 -0.1838550000000000 -0.2329520000000000
vn -0.6914654335407469 -0.2640702224232518 -0.6724154012570217
v -0.1761790000000000 -0.2000630000000000 -0.2644800000000000
vn -0.7438946387735806 -0.3209447706682381 -0.5861870184374915
v -0.1905660000000000 -0.2132530000000000 -0.2416750000000000
vn -0.5028989529991278 -0.8113078105362647 -0.2981145411334938
v -0.2027640000000000 -0.3696980000000000 0.0102670000000000
vn -0.5456412702631029 -0.7690601223392654 -0.3328995830775125
v -0.2312240000000000 -0.3686600000000000 0.0532230000000000
vn -0.6418317773775934 -0.6816827228187001 -0.3512273266117009
v -0.2526430000000000 -0.3417900000000000 0.0338300000000000
vn -0.5774888051429194 -0.7418070219594459 -0.3409237775607052
v -0.2280710000000000 -0.3557500000000000 0.0188050000000000
vn -0.4394293093389359 -0.8420534650484867 -0.3128064003401193
v -0.2090260000000000 -0.3907690000000000 0.0745790000000000
vn -0.5018815360640544 -0.8175384857189067 -0.2823928967350670
v -0.2338740000000000 -0.3907240000000000 0.1128840000000000
vn -0.5998537117647116 -0.7379846164995660 -0.3091184729065650
v -0.2566260000000000 -0.3691650000000000 0.0988800000000000
vn -0.5224702068159730 -0.7917902123419834 -0.3163750031673033
v -0.2332900000000000 -0.3803810000000000 0.0845370000000000
vn -0.6518009667731709 -0.7189371160385872 -0.2414227058411842
v -0.2772200000000000 -0.3693920000000000 0.1453700000000000
vn -0.7374040454726782 -0.6239677350278747 -0.2586494526665622
v -0.2985630000000000 -0.3437700000000000 0.1362710000000000
vn -0.6858541667162077 -0.6517944595659982 -0.3236789218918722
v -0.2778070000000000 -0.3431020000000000 0.0850280000000000
vn -0.6712635390804215 -0.6822935862887509 -0.2896216898135605
v -0.2785460000000000 -0.3570000000000000 0.1164940000000000
vn -0.7573248551760107 -0.5649056479355514 -0.3276288642094120
v -0.2963730000000000 -0.3131550000000000 0.0705320000000000
vn -0.6993049314254585 -0.6253329220306691 -0.3463110588887104
v -0.2755190000000000 -0.3277150000000000 0.0513420000000000
vn -0.4013876549790129 -0.8828945026882081 -0.2436908852488959
v -0.2103310000000000 -0.4076670000000000 0.1273100000000000
vn -0.4482986611679212 -0.8762400633338144 -0.1767248194334975
v -0.2292430000000000 -0.4067200000000000 0.1606740000000000
vn -0.5528312092875564 -0.8054997549219831 -0.2134193029186514
v -0.2536850000000000 -0.3904570000000000 0.1533740000000000
vn -0.4779796150361205 -0.8462017050695099 -0.2355380265421625
v -0.2325840000000000 -0.3994960000000000 0.1384010000000000
vn -0.3543247444653900 -0.9264677344787901 -0.1269311326242473
v -0.2066070000000000 -0.4179820000000000 0.1683360000000000
vn -0.3598754623581064 -0.9326095971641897 -0.0269998309214522
v -0.2141570000000000 -0.4174770000000000 0.1932750000000000
vn -0.4637216515438979 -0.8838636349312737 -0.0612152328712056
v -0.2398410000000000 -0.4060780000000000 0.1949380000000000
vn -0.4086019433708815 -0.9063711120383398 -0.1074051168982302
v -0.2236770000000000 -0.4124190000000000 0.1792940000000000
vn -0.4278074745588006 -0.8963169018018649 0.1166052153890524
v -0.2408020000000000 -0.4049580000000000 0.2292230000000000
vn -0.5601172930911728 -0.8250981864231355 0.0740378331764916
v -0.2703770000000000 -0.3877290000000000 0.2337010000000000
vn -0.5787586964064311 -0.8098635004941229 -0.0957051822073094
v -0.2662860000000000 -0.3897330000000000 0.1940390000000000
vn -0.5134504448297299 -0.8581192191978412 0.0002152845553984
v -0.2556260000000000 -0.3979240000000000 0.2134190000000000
vn -0.6878385508168926 -0.7145917052939992 -0.1274237918723634
v -0.2911290000000000 -0.3686270000000000 0.1911960000000000
vn -0.6228201835504633 -0.7620389997819226 -0.1771766964742661
v -0.2733090000000000 -0.3802630000000000 0.1712870000000000
vn -0.6898194899783057 -0.7228905082875160 0.0397288846292866
v -0.2970870000000000 -0.3660080000000000 0.2350640000000000
vn -0.8031113789511527 -0.5957859738415215 0.0071544652412168
v -0.3199460000000000 -0.3402040000000000 0.2334720000000000
vn -0.7822554122767604 -0.6045340794742994 -0.1503829003506622
v -0.3130450000000000 -0.3430400000000000 0.1861300000000000
vn -0.7478667133299693 -0.6606434504035031 -0.0651583496720372
v -0.3068160000000000 -0.3552610000000000 0.2121550000000000
vn -0.4869480862572166 -0.8235735901209099 0.2908747203622027
v -0.2654600000000000 -0.3830270000000000 0.2710890000000000
vn -0.6368381374994172 -0.7307905971604776 0.2457280808701079
v -0.2944160000000000 -0.3607300000000000 0.2758810000000000
vn -0.6018011464804096 -0.7829331538904637 0.1576421791082448
v -0.2834390000000000 -0.3752660000000000 0.2547460000000000
vn -0.5427843035879241 -0.7057657903203792 0.4552799677034152
v -0.2828390000000000 -0.3523460000000000 0.3125140000000000
vn -0.6940985639532374 -0.5701803811747109 0.4394559323089348
v -0.3085100000000000 -0.3262070000000000 0.3157330000000000
vn -0.7789164253127386 -0.5906440955533260 0.2107812960535598
v -0.3185350000000000 -0.3346870000000000 0.2770750000000000
vn -0.6676749840855880 -0.6625196613842523 0.3395258663277443
v -0.3029050000000000 -0.3443120000000000 0.2964330000000000
vn -0.8977866017966830 -0.4020559344761763 0.1798061266666207
v -0.3368120000000000 -0.3051560000000000 0.2743960000000000
vn -0.8983242256681280 -0.4391078052829934 -0.0140684369178269
v -0.3379200000000000 -0.3107440000000000 0.2285770000000000
vn -0.8542142650831693 -0.5122503748293480 0.0889805754960778
v -0.3300870000000000 -0.3234890000000000 0.2544500000000000
vn -0.8112620272875979 -0.5218705728246902 -0.2636380630729310
v -0.3166620000000000 -0.3142370000000000 0.1252040000000000
vn -0.8779745967561642 -0.4049528921528563 -0.2552915247082990
v -0.3304990000000000 -0.2812260000000000 0.1110910000000000
vn -0.8169999243307361 -0.4939263004181208 -0.2975700478859385
v -0.3148800000000000 -0.2977310000000000 0.0905910000000000
vn -0.8633193543830150 -0.4782756246271254 -0.1610345280839700
v -0.3309550000000000 -0.3136260000000000 0.1783670000000000
vn -0.8011610929570903 -0.5582277805329965 -0.2156910943293789
v -0.3161890000000000 -0.3293520000000000 0.1570980000000000
vn -0.9674651278973233 -0.2523115631752447 -0.0187109965175675
v -0.3500310000000000 -0.2777590000000000 0.2197910000000000
vn -0.9311146878591965 -0.3296752812656008 -0.1560116885855619
v -0.3438650000000000 -0.2806890000000000 0.1671390000000000
vn -0.9210159230470408 -0.3777338521861814 -0.0951147013158080
v -0.3423930000000000 -0.2964690000000000 0.1994680000000000
vn -0.9780976036077060 -0.1599269553063859 -0.1332232966987829
v -0.3509260000000000 -0.2440970000000000 0.1517090000000000
vn -0.9346324703032264 -0.2938010707672266 -0.2003573713915207
v -0.3426940000000000 -0.2634220000000000 0.1316050000000000
vn -0.9980777301360575 -0.0610627227020292 -0.0105919074141732
v -0.3554200000000000 -0.2410080000000000 0.2066140000000000
vn -0.9950371945702727 0.0993932356243739 0.0046868042245011
v -0.3541790000000000 -0.2006440000000000 0.1895980000000000
vn -0.9950076736990040 0.0045240546944420 -0.0996958485054334
v -0.3514550000000000 -0.2034480000000000 0.1317550000000000
vn -0.9978049848753398 -0.0220969447575621 -0.0624254530644689
v -0.3546580000000000 -0.2230330000000000 0.1709750000000000
vn -0.9705049569123017 -0.1862632123033027 0.1530560170365955
v -0.3482710000000000 -0.2721150000000000 0.2673740000000000
vn -0.9909078173669121 0.0156378044776121 0.1336306721986476
v -0.3526860000000000 -0.2358230000000000 0.2563420000000000
vn -0.9915405207998476 -0.1151290897573769 0.0599390382272241
v -0.3534030000000000 -0.2573700000000000 0.2387270000000000
vn -0.9505742447995305 0.0733950879572029 0.3016981375274906
v -0.3429150000000000 -0.2292570000000000 0.2999010000000000
vn -0.9308107440731332 0.2389078363676288 0.2766123721747791
v -0.3397060000000000 -0.1913210000000000 0.2878870000000000
vn -0.9760134843357055 0.1759196857590650 0.1282573294486800
v -0.3502380000000000 -0.1963080000000000 0.2420180000000000
vn -0.9695451088456331 0.1348608429061506 0.2044378511043203
v -0.3480610000000000 -0.2136340000000000 0.2727070000000000
vn -0.9502670460848869 0.2803519015318111 0.1356294674198832
v -0.3417470000000000 -0.1535580000000000 0.2256800000000000
vn -0.9767659797636660 0.2128965465859359 0.0245617838950671
v -0.3470170000000000 -0.1568270000000000 0.1698950000000000
vn -0.9771918326350274 0.2006466841650905 0.0695487624976223
v -0.3497790000000000 -0.1773480000000000 0.2077680000000000
vn -0.8377574196954092 -0.3691147181267841 0.4023889046773964
v -0.3273200000000000 -0.2967370000000000 0.3145040000000000
vn -0.9262680178626851 -0.1415570212044483 0.3492694788160797
v -0.3388620000000000 -0.2643500000000000 0.3090530000000000
vn -0.9233599848107445 -0.2733943948286459 0.2695586083332903
v -0.3396890000000000 -0.2852390000000000 0.2926140000000000
vn -0.5530154775026402 -0.5287863535950569 0.6438624650452689
v -0.2898790000000000 -0.3148440000000000 0.3484710000000000
vn -0.7116497697969543 -0.3404132706053968 0.6145513895059377
v -0.3100230000000000 -0.2861380000000000 0.3483850000000000
vn -0.7098689949413918 -0.4591102572155421 0.5341383544928946
v -0.3108300000000000 -0.3066060000000000 0.3331030000000000
vn -0.5425779127857863 -0.3014061219810410 0.7840685927834181
v -0.2857720000000000 -0.2738830000000000 0.3756580000000000
vn -0.6681895841448202 -0.0791927322033976 0.7397642805695159
v -0.2996690000000000 -0.2451020000000000 0.3720320000000000
vn -0.8248943942708593 -0.1109215999551161 0.5542974264453241
v -0.3223640000000000 -0.2551640000000000 0.3441270000000000
vn -0.6987805698946361 -0.2141078480056181 0.6825419727460950
v -0.3062500000000000 -0.2654280000000000 0.3614150000000000
vn -0.8648070604092336 0.1170142407736556 0.4882790346948199
v -0.3266470000000000 -0.2221100000000000 0.3364000000000000
vn -0.9070459391636447 -0.0102282942572937 0.4209074081592384
v -0.3344680000000000 -0.2431040000000000 0.3236650000000000
vn -0.7246473328965404 0.1528303139405056 0.6719591788693545
v -0.3048170000000000 -0.2150100000000000 0.3650620000000000
vn -0.7044557268849199 0.3409776542429158 0.6224759980642127
v -0.3011370000000000 -0.1834160000000000 0.3563950000000000
vn -0.8428212043921240 0.2956919220595235 0.4496873410001155
v -0.3230520000000000 -0.1867610000000000 0.3262570000000000
vn -0.7970932989672203 0.2361692529374958 0.5557574621257898
v -0.3155390000000000 -0.2019820000000000 0.3472090000000000
vn -0.4874587380876074 -0.0367570128703987 0.8723719967232343
v -0.2719580000000000 -0.2342610000000000 0.3925000000000000
vn -0.5550583728659904 0.1785695854326041 0.8124180610189480
v -0.2790010000000000 -0.2082680000000000 0.3859170000000000
vn -0.6189938191483360 0.0554506323556474 0.7834359445592960
v -0.2904390000000000 -0.2257880000000000 0.3800740000000000
vn -0.3931435391233691 0.2110774132982259 0.8949214955742665
v -0.2524150000000000 -0.2015210000000000 0.3990850000000000
vn -0.3875853654492621 0.3570937625529587 0.8498597703358675
v -0.2498600000000000 -0.1820300000000000 0.3937160000000000
vn -0.5408344344404706 0.3654661719367157 0.7575833892670688
v -0.2756120000000000 -0.1815550000000000 0.3786400000000000
vn -0.4758027700045347 0.2852073102808922 0.8320267509030890
v -0.2657960000000000 -0.1933270000000000 0.3899430000000000
vn -0.4625504814841976 0.4902889516024807 0.7386905955914678
v -0.2624180000000000 -0.1537500000000000 0.3711270000000000
vn -0.6401956577308227 0.4614604469030268 0.6141691752006594
v -0.2892980000000000 -0.1500610000000000 0.3467910000000000
vn -0.5903846082423467 0.4267044774447401 0.6851053227636914
v -0.2834320000000000 -0.1671070000000000 0.3642660000000000
vn -0.8957592069820177 0.3447969806084485 0.2805895316476434
v -0.3301280000000000 -0.1502590000000000 0.2743520000000000
vn -0.8513276821718039 0.4089900876226952 0.3285852793330279
v -0.3154340000000000 -0.1059660000000000 0.2607190000000000
vn -0.9313449584771876 0.3306096717283711 0.1526231086001867
v -0.3288760000000000 -0.1080530000000000 0.2095310000000000
vn -0.9149664603139164 0.3433491252566702 0.2120088552068091
v -0.3303730000000000 -0.1296910000000000 0.2435260000000000
vn -0.7926709058088678 0.4111321802135680 0.4501590446464309
v -0.3123220000000000 -0.1488130000000000 0.3147610000000000
vn -0.8728812594161148 0.3306650396304636 0.3588020882413047
v -0.3278020000000000 -0.1694020000000000 0.3019510000000000
vn -0.5352241143209213 0.5368404471634355 0.6521790258347381
v -0.2705410000000000 -0.1153740000000000 0.3360830000000000
vn -0.7235539153439897 0.4734227085593989 0.5023352173704976
v -0.2956030000000000 -0.1081030000000000 0.3027220000000000
vn -0.6811650545751216 0.4825307538127031 0.5506162366391101
v -0.2932430000000000 -0.1304920000000000 0.3261850000000000
vn -0.6214145870063958 0.4772252926617253 0.6213693998738602
v -0.2736900000000000 -0.0633960000000000 0.2911230000000000
vn -0.8368773507351197 0.3733098678838250 0.4003449042602250
v -0.2977010000000000 -0.0570290000000000 0.2478870000000000
vn -0.7784352339652358 0.4447413333105628 0.4429940552271907
v -0.2967100000000000 -0.0825990000000000 0.2766730000000000
vn -0.8486607632201896 0.3048518639268583 0.4322502169240007
v -0.2851820000000000 -0.0057560000000000 0.2312630000000000
vn -0.9468787241659493 0.2582683886925778 0.1916197305185549
v -0.3012350000000000 -0.0133650000000000 0.1846020000000000
vn -0.9305163939435829 0.3209925314332562 0.1763605266671115
v -0.3140110000000000 -0.0606150000000000 0.1951800000000000
vn -0.9132683369506581 0.3085017171772208 0.2660218698191659
v -0.2997180000000000 -0.0344420000000000 0.2162090000000000
vn -0.9539968623505012 0.2144275679410267 0.2095490508981019
v -0.2917990000000000 0.0316600000000000 0.1783580000000000
vn -0.9734062856512242 0.2083912453380100 0.0951487883325919
v -0.2988350000000000 0.0290340000000000 0.1318380000000000
vn -0.9677937926590617 0.2401587463895012 0.0754913996638845
v -0.3092630000000000 -0.0157030000000000 0.1275470000000000
vn -0.9652117877130914 0.2260056067775180 0.1314825865459916
v -0.3007300000000000 0.0076710000000000 0.1560270000000000
vn -0.9783813261202955 0.2068062009796711 -0.0010844055733961
v -0.3111090000000000 -0.0136660000000000 0.0607680000000000
vn -0.9710209271640270 0.2371160852260634 -0.0299052025002266
v -0.3226340000000000 -0.0621960000000000 0.0611880000000000
vn -0.9580513864756024 0.2805867901822435 0.0583831657877642
v -0.3218360000000000 -0.0625490000000000 0.1334630000000000
vn -0.9687633590558177 0.2468271818337757 0.0239561361426491
v -0.3166040000000000 -0.0385230000000000 0.0938560000000000
vn -0.9605022827672270 0.2748798792942022 0.0433176264140894
v -0.3354580000000000 -0.1102470000000000 0.1496030000000000
vn -0.9456881173451839 0.3084983913490732 0.1024828143990774
v -0.3259780000000000 -0.0856980000000000 0.1724330000000000
vn -0.9256283872976537 -0.1097518112242435 0.3621693368601802
v -0.2938290000000000 0.1145350000000000 0.0822150000000000
vn -0.9917825634676268 0.0262341627490038 0.1252162749263907
v -0.2979660000000000 0.0745610000000000 0.0593280000000000
vn -0.9837456930626705 0.1421373509698529 0.1097332440052644
v -0.2936790000000000 0.0733900000000000 0.0997080000000000
vn -0.9680533246293362 0.1288823576989566 0.2150862583896213
v -0.2850820000000000 0.1164240000000000 0.1152670000000000
vn -0.9820657239044249 0.0653193321735885 0.1768623724155994
v -0.2922320000000000 0.0954720000000000 0.0897920000000000
vn -0.9629601199229022 -0.2081976891605393 0.1713520635016731
v -0.3029940000000000 0.0743360000000000 0.0226300000000000
vn -0.9984250557902047 -0.0554067123434171 -0.0088036468364205
v -0.3021430000000000 0.0439780000000000 -0.0119250000000000
vn -0.9945820432901271 0.1037868466925816 0.0059033565406691
v -0.3026660000000000 0.0362590000000000 0.0309870000000000
vn -0.9979098846255695 -0.0098291208661137 0.0638690108705479
v -0.3014470000000000 0.0570310000000000 0.0250210000000000
vn -0.9869019742978128 0.1374995036658819 -0.0843704902126061
v -0.3063370000000000 -0.0007190000000000 -0.0028810000000000
vn -0.9841879647588128 0.1729636870963437 0.0381786978555329
v -0.3020950000000000 0.0307360000000000 0.0804460000000000
vn -0.9857536590511663 0.1675910230986647 -0.0142468468083253
v -0.3061740000000000 0.0119770000000000 0.0413570000000000
vn -0.9744979223681963 0.1854859598562184 0.1262883921676334
v -0.2893620000000000 0.0719680000000000 0.1399280000000000
vn -0.9793916522891460 0.1817970588492496 0.0879876174248341
v -0.2961820000000000 0.0510930000000000 0.1133940000000000
vn -0.8392541396996349 -0.1402144341064518 -0.5253497896309021
v -0.2726310000000000 0.0426510000000000 -0.1497990000000000
vn -0.9292988791199229 -0.0478399024192580 -0.3662170626868318
v -0.2795650000000000 0.0241680000000000 -0.1308430000000000
vn -0.9588103779121349 -0.2017287264972673 -0.1999704481011620
v -0.2936730000000000 0.0341120000000000 -0.0876970000000000
vn -0.8183161315180345 -0.5092432669890549 -0.2665145473021558
v -0.2920610000000000 0.0462530000000000 -0.1119350000000000
vn -0.9089748790781439 -0.2371366569299158 -0.3428277630895388
v -0.2846790000000000 0.0363240000000000 -0.1216700000000000
vn -0.8561685304603206 0.1556053089159662 -0.4927092806986508
v -0.2590470000000000 0.0206590000000000 -0.1743540000000000
vn -0.9204744326359094 0.1555320224345659 -0.3585200257461422
v -0.2742960000000000 -0.0068410000000000 -0.1509330000000000
vn -0.9672686697640444 0.0639294959741133 -0.2455694199964478
v -0.2900220000000000 0.0018270000000000 -0.0987760000000000
vn -0.9278034126550582 0.0743708256348284 -0.3655814652851287
v -0.2762560000000000 0.0097810000000000 -0.1403110000000000
vn -0.9735651725151843 0.1497389633863982 -0.1724792674771269
v -0.3029620000000000 -0.0267660000000000 -0.0547440000000000
vn -0.9878184084518333 -0.0020034813787103 -0.1555981297639921
v -0.2988910000000000 0.0186660000000000 -0.0516410000000000
vn -0.9833299321606032 0.0992113107038388 -0.1523790023115060
v -0.3005010000000000 -0.0028880000000000 -0.0512790000000000
vn -0.9323129118027429 -0.3616515982965574 -0.0008694454763338
v -0.3027180000000000 0.0510220000000000 -0.0468130000000000
vn -0.9877807116907038 -0.1240736412184034 -0.0943132926294783
v -0.2995240000000000 0.0365010000000000 -0.0503070000000000
vn -0.9392022409985799 0.0806422574551336 -0.3337603583647787
v -0.2883850000000000 -0.0829020000000000 -0.1475410000000000
vn -0.9086222247712822 0.1722202516721477 -0.3804547772937901
v -0.2720600000000000 -0.0460990000000000 -0.1770700000000000
vn -0.8378691357062472 0.1577124399728240 -0.5225917122464580
v -0.2482720000000000 -0.0526290000000000 -0.2273350000000000
vn -0.9029750987886738 0.1074499335484110 -0.4160414435462252
v -0.2698320000000000 -0.0673390000000000 -0.1902980000000000
vn -0.9722664198241117 0.0610657313783692 -0.2257631177443055
v -0.3177880000000000 -0.1181910000000000 -0.0525490000000000
vn -0.9628429772281911 0.1428584548259448 -0.2291830340297828
v -0.3055530000000000 -0.0762460000000000 -0.0846650000000000
vn -0.9600237992423230 0.0680219417808236 -0.2715277524024060
v -0.3042620000000000 -0.0997200000000000 -0.1009840000000000
vn -0.9724444430710804 0.1836430905565073 -0.1436211002291471
v -0.3169770000000000 -0.0670270000000000 -0.0146320000000000
vn -0.9478679027656919 0.1691318429147005 -0.2700756535099856
v -0.2904610000000000 -0.0387900000000000 -0.1186600000000000
vn -0.9647544120135066 0.1706150378934819 -0.2003482801151013
v -0.3048820000000000 -0.0515730000000000 -0.0675620000000000
vn -0.8472079269883210 0.2490028523378673 -0.4692934135226680
v -0.2527300000000000 -0.0118700000000000 -0.2010080000000000
vn -0.9130594911587929 0.1905096171922524 -0.3605945803282515
v -0.2732230000000000 -0.0257010000000000 -0.1635670000000000
vn -0.9886413609312334 0.1334088329419390 -0.0692123020070021
v -0.3460030000000000 -0.1589640000000000 0.1082260000000000
vn -0.9865063519902152 0.0400574332768181 -0.1587470299634955
v -0.3387510000000000 -0.1603730000000000 0.0432890000000000
vn -0.9912853637601868 0.0240307144485403 -0.1295216289193693
v -0.3461460000000000 -0.1822560000000000 0.0888930000000000
vn -0.9757529662971517 0.2135878787238574 -0.0478159683008968
v -0.3356650000000000 -0.1117650000000000 0.0834900000000000
vn -0.9761474683279453 0.2167581332145790 -0.0123301160689440
v -0.3422860000000000 -0.1348150000000000 0.1283320000000000
vn -0.9798699954075888 0.1433904683467914 -0.1389027202297331
v -0.3296900000000000 -0.1143080000000000 0.0149010000000000
vn -0.9757269393208553 0.2001884602288170 -0.0887779267316565
v -0.3272330000000000 -0.0881300000000000 0.0357770000000000
vn -0.9803445244137635 0.0525304418687094 -0.1901714124915469
v -0.3292910000000000 -0.1387130000000000 -0.0041580000000000
vn -0.2537494715167707 0.5234439122747362 -0.8133988421478591
v -0.2026340000000000 0.1642320000000000 -0.1442410000000000
vn -0.1798717271304883 0.4117206478205666 -0.8933824880404294
v -0.2429680000000000 0.1419310000000000 -0.1473010000000000
vn -0.0459306210589893 0.3618640918051253 -0.9310986827996199
v -0.2746180000000000 0.1607070000000000 -0.1360890000000000
vn -0.0866159923320967 0.4656822440354220 -0.8807029677833837
v -0.2335700000000000 0.1815910000000000 -0.1287130000000000
vn -0.1258575024800444 0.4474472299344731 -0.8854099985280562
v -0.2373230000000000 0.1621030000000000 -0.1383960000000000
vn -0.3512831893924390 0.4738304031382137 -0.8075177211133846
v -0.2198590000000000 0.1222350000000000 -0.1644660000000000
vn -0.3326785593857149 0.2547593245798612 -0.9079772368648117
v -0.2587910000000000 0.1033630000000000 -0.1581220000000000
vn -0.1749215393347388 0.2066743776473595 -0.9626464339002363
v -0.2829480000000000 0.1219560000000000 -0.1472800000000000
vn -0.2485383449016656 0.3524448338456818 -0.9022257645451223
v -0.2502180000000000 0.1220320000000000 -0.1542650000000000
vn -0.2219406473057862 -0.1198619421323646 -0.9676649543626896
v -0.3191580000000000 0.1050740000000000 -0.1415480000000000
vn -0.1568068915000392 -0.1156540043609539 -0.9808342112984088
v -0.3497340000000000 0.1232530000000000 -0.1383810000000000
vn -0.0621788032876499 0.1809680450659084 -0.9815214531974016
v -0.3143400000000000 0.1408490000000000 -0.1402580000000000
vn -0.1346380430175228 0.0555715430943186 -0.9893353329233359
v -0.3166030000000000 0.1222740000000000 -0.1423680000000000
vn -0.0257380465287514 0.1704753885629763 -0.9850257330928903
v -0.3494810000000000 0.1598110000000000 -0.1360150000000000
vn 0.0281360565281070 0.3547821902737254 -0.9345255265575282
v -0.3117420000000000 0.1788020000000000 -0.1295770000000000
vn -0.0076475867237418 0.2759244442856475 -0.9611489038972887
v -0.3126330000000000 0.1599690000000000 -0.1358010000000000
vn -0.4974565646013600 0.2999664388448428 -0.8139761064685843
v -0.2444970000000000 0.0849690000000000 -0.1710420000000000
vn -0.5342181962112281 -0.1446676800102700 -0.8328758498103229
v -0.2783030000000000 0.0731380000000000 -0.1523980000000000
vn -0.3647595089240517 -0.1370774503693006 -0.9209561733599144
v -0.2944880000000000 0.0884000000000000 -0.1465980000000000
vn -0.4313170020355238 0.0974040655812029 -0.8969270270001571
v -0.2684050000000000 0.0868790000000000 -0.1577100000000000
vn -0.6992579150536660 -0.1561762410599542 -0.6976011395942406
v -0.2712640000000000 0.0584370000000000 -0.1553390000000000
vn -0.6121744579475542 -0.6952021566276633 -0.3767444683825684
v -0.2959400000000000 0.0561190000000000 -0.1245620000000000
vn -0.4765033499690435 -0.6924624634480104 -0.5417012960883442
v -0.3063040000000000 0.0661250000000000 -0.1285430000000000
vn -0.6040361685124912 -0.4520181455502370 -0.6563687250487139
v -0.2877330000000000 0.0626990000000000 -0.1415600000000000
vn -0.3330131449191072 -0.9354730908055056 -0.1182892289681526
v -0.3278250000000000 0.0651600000000000 -0.0993900000000000
vn -0.3431338817942138 -0.8914839390209300 -0.2958302310998003
v -0.3468990000000000 0.0733870000000000 -0.1057180000000000
vn -0.3760657314694956 -0.6140699937686961 -0.6938966842169135
v -0.3241750000000000 0.0779780000000000 -0.1290020000000000
vn -0.3800978898178408 -0.8282277843828311 -0.4117818977715405
v -0.3262630000000000 0.0694440000000000 -0.1165190000000000
vn -0.3174884712620784 -0.5553530812541084 -0.7686247626490030
v -0.3491730000000000 0.0924770000000000 -0.1290810000000000
vn -0.3121782910709537 -0.3528070638003226 -0.8820838340637550
v -0.3217450000000000 0.0900810000000000 -0.1372190000000000
vn -0.3623184945549981 -0.8122270726732488 -0.4571788390991482
v -0.3717580000000000 0.0856320000000000 -0.1107040000000000
vn -0.3897061785221541 -0.7263010113094541 -0.5662295783447938
v -0.4005330000000000 0.1012880000000000 -0.1140190000000000
vn -0.2484263435509118 -0.4217364507033047 -0.8720222003929161
v -0.3789960000000000 0.1095350000000000 -0.1294770000000000
vn -0.3172314573546961 -0.6380764826952188 -0.7015857785730224
v -0.3757710000000000 0.0961370000000000 -0.1216970000000000
vn -0.3267123930526712 -0.9442446781239320 0.0407553684859905
v -0.3635240000000000 0.0759590000000000 -0.0785600000000000
vn -0.3919111610792495 -0.9118132972700456 -0.1224832753605241
v -0.3868630000000000 0.0851850000000000 -0.0878640000000000
vn -0.3601777015294612 -0.9151739440982422 -0.1809106833899584
v -0.3674950000000000 0.0786840000000000 -0.0963680000000000
vn -0.4301310979841111 -0.8878649759186886 0.1633493896036638
v -0.3962490000000000 0.0906570000000000 -0.0641320000000000
vn -0.5121842018882143 -0.8522431190626467 0.1065317292946300
v -0.4167630000000000 0.1009190000000000 -0.0690570000000000
vn -0.4888486360922303 -0.8548197657014388 -0.1740981882642769
v -0.4132560000000000 0.0988660000000000 -0.0929240000000000
vn -0.4512076663853345 -0.8923104691159882 -0.0139164830724434
v -0.4038160000000000 0.0927400000000000 -0.0795970000000000
vn -0.6087570276753411 -0.7774686217547067 -0.1579791867390160
v -0.4405180000000000 0.1169610000000000 -0.0935940000000000
vn -0.4680630174555905 -0.6364568041180038 -0.6130577037948910
v -0.4300580000000000 0.1200370000000000 -0.1151320000000000
vn -0.4968373304792288 -0.7785510684097778 -0.3834200058946677
v -0.4224510000000000 0.1081550000000000 -0.1050000000000000
vn -0.1025462295401526 -0.0396926251954051 -0.9939359970904543
v -0.3821030000000000 0.1422770000000000 -0.1360120000000000
vn -0.1114092381075973 0.0222114945714532 -0.9935263615894584
v -0.4129560000000000 0.1613020000000000 -0.1331100000000000
vn -0.0073436619211327 0.2355723331480297 -0.9718290726690481
v -0.3850710000000000 0.1780630000000000 -0.1319940000000000
vn -0.0469001232104966 0.1051363612132341 -0.9933512591191902
v -0.3832800000000000 0.1601560000000000 -0.1352110000000000
vn -0.2558980329050583 -0.3284169760384101 -0.9092076146871561
v -0.4094370000000000 0.1285400000000000 -0.1291300000000000
vn -0.1717190290965686 -0.2121979650332303 -0.9620211009545935
v -0.3808900000000000 0.1251590000000000 -0.1341740000000000
vn -0.5883008103340549 -0.5282796878340380 -0.6122276765895720
v -0.4561370000000000 0.1419130000000000 -0.1140430000000000
vn -0.3038123939581580 -0.2452159059386407 -0.9206341231738614
v -0.4370110000000000 0.1488030000000000 -0.1274140000000000
vn -0.3970183867256815 -0.4418950459478862 -0.8044284734943516
v -0.4347320000000000 0.1339430000000000 -0.1226260000000000
vn -0.3627235926338452 -0.1169706193177323 -0.9245266191750362
v -0.4573890000000000 0.1686720000000000 -0.1243190000000000
vn -0.1606682346972342 0.0954215609339484 -0.9823850793187991
v -0.4393070000000000 0.1780880000000000 -0.1287280000000000
vn -0.2165033353833128 -0.0630048763931930 -0.9742467302067682
v -0.4374330000000000 0.1635470000000000 -0.1294280000000000
vn -0.6879869385937445 -0.7252349680237777 0.0266122806230028
v -0.3064490000000000 0.0561480000000000 -0.0721660000000000
vn -0.4176278824175555 -0.9086025263883742 0.0053292464844506
v -0.3145340000000000 0.0602150000000000 -0.0889580000000000
vn -0.6249932013318562 -0.7695761626806353 -0.1309046527924285
v -0.3021710000000000 0.0539560000000000 -0.1007760000000000
vn -0.8070760080485310 -0.5425850535696874 0.2328728770707892
v -0.3092320000000000 0.0733410000000000 -0.0083230000000000
vn -0.5135729849071046 -0.8147157653745474 0.2692229760324560
v -0.3174560000000000 0.0720560000000000 -0.0329320000000000
vn -0.7595616706572664 -0.6355806674484612 0.1382146288715885
v -0.3087950000000000 0.0626310000000000 -0.0406950000000000
vn -0.3584419505131055 -0.8160050666788012 0.4534921159919824
v -0.3273700000000000 0.0926540000000000 0.0027550000000000
vn -0.2501744005587240 -0.8789342889830520 0.4060631538996612
v -0.3413350000000000 0.0872680000000000 -0.0163970000000000
vn -0.2975953276534862 -0.9226340732829328 0.2453230274070456
v -0.3288500000000000 0.0709220000000000 -0.0517240000000000
vn -0.3253200908627936 -0.8762821979780535 0.3553819747648650
v -0.3284020000000000 0.0800260000000000 -0.0245060000000000
vn -0.2674361505849667 -0.9493041270065744 0.1652258448566102
v -0.3441150000000000 0.0715190000000000 -0.0663820000000000
vn -0.2948324297977005 -0.9501737456435929 0.1012111230508232
v -0.3286730000000000 0.0658100000000000 -0.0772390000000000
vn -0.8137520928226385 -0.4021499455151984 0.4196223930498693
v -0.3047550000000000 0.1065870000000000 0.0515150000000000
vn -0.5934941884050593 -0.6606771951880788 0.4596414821225703
v -0.3154910000000000 0.0993320000000000 0.0252050000000000
vn -0.8230503063609453 -0.4664569487268437 0.3240464599152362
v -0.3077840000000000 0.0882180000000000 0.0229870000000000
vn -0.7204621781670446 -0.1242770329903759 0.6822678864653581
v -0.2962760000000000 0.1502820000000000 0.0906630000000000
vn -0.5832218056823220 -0.4528499924595007 0.6743731976480694
v -0.3105970000000000 0.1373220000000000 0.0704470000000000
vn -0.7692454493876899 -0.3450318536387481 0.5377866292229107
v -0.3004540000000000 0.1277750000000000 0.0755480000000000
vn -0.3708327459542530 -0.2304410735033900 0.8996554819321859
v -0.3221210000000000 0.1648270000000000 0.0774630000000000
vn -0.3065230967137618 -0.4848719593105316 0.8191109657765376
v -0.3367460000000000 0.1518830000000000 0.0656650000000000
vn -0.4084230237805684 -0.6447130970498222 0.6461699901251711
v -0.3241120000000000 0.1261810000000000 0.0506110000000000
vn -0.4127089598556507 -0.4967897089508795 0.7634600837865508
v -0.3227440000000000 0.1453070000000000 0.0675710000000000
vn -0.2741239671724305 -0.7505138836952436 0.6013193502643422
v -0.3383760000000000 0.1158810000000000 0.0316880000000000
vn -0.3871692739331086 -0.7416627555806883 0.5477557031255537
v -0.3257970000000000 0.1083340000000000 0.0284000000000000
vn -0.2665342336308487 -0.6193252475492864 0.7385091333564071
v -0.3521240000000000 0.1394430000000000 0.0512190000000000
vn -0.3044919615677134 -0.6949959360779361 0.6513565031346501
v -0.3691870000000000 0.1293530000000000 0.0350460000000000
vn -0.2504467178783665 -0.8073293650917051 0.5343180118287034
v -0.3543410000000000 0.1074280000000000 0.0135320000000000
vn -0.2538931233589639 -0.7297548534971426 0.6348197663182786
v -0.3529080000000000 0.1226290000000000 0.0341860000000000
vn -0.2661930638053503 -0.1785005376677941 0.9472480197045697
v -0.3543620000000000 0.1752330000000000 0.0698010000000000
vn -0.3117862423104072 -0.4154749458998039 0.8544998001377830
v -0.3689570000000000 0.1617890000000000 0.0604100000000000
vn -0.2772002321826749 -0.4504574166483762 0.8486743468871568
v -0.3524530000000000 0.1572020000000000 0.0634760000000000
vn -0.3908581945758649 -0.1739686778915970 0.9038610351406599
v -0.3875400000000000 0.1806000000000000 0.0597600000000000
vn -0.4900330602432385 -0.3088206208638154 0.8151671141538612
v -0.4015610000000000 0.1724960000000000 0.0500040000000000
vn -0.3987304632957696 -0.5378587998288232 0.7427798658328312
v -0.3858680000000000 0.1516380000000000 0.0468980000000000
vn -0.3937549890452136 -0.3829200241184385 0.8356609741582637
v -0.3853460000000000 0.1661730000000000 0.0558760000000000
vn -0.5199102789432388 -0.5680372750692678 0.6379866424785433
v -0.4061570000000000 0.1458140000000000 0.0284810000000000
vn -0.4012623904466474 -0.7327290065319710 0.5496332386234598
v -0.3884180000000000 0.1227240000000000 0.0162190000000000
vn -0.4005839303576805 -0.6478849754755280 0.6479024411840624
v -0.3870050000000000 0.1368230000000000 0.0334260000000000
vn -0.2717912030266728 -0.9026551322028603 0.3336813663738962
v -0.3579170000000000 0.0845230000000000 -0.0336520000000000
vn -0.3450077335197875 -0.9058959587183132 0.2456057324033124
v -0.3768010000000000 0.0854920000000000 -0.0500620000000000
vn -0.2941931154339045 -0.9321375236642389 0.2111161950405368
v -0.3603850000000000 0.0781230000000000 -0.0571490000000000
vn -0.3146511477939734 -0.8347020331077158 0.4519592582498789
v -0.3721430000000000 0.1020870000000000 -0.0051000000000000
vn -0.2576222154700010 -0.8623144288193306 0.4359410739381187
v -0.3559560000000000 0.0945090000000000 -0.0095860000000000
vn -0.5098916033267658 -0.7294693708887879 0.4559440643236581
v -0.4087220000000000 0.1195930000000000 -0.0072130000000000
vn -0.4056831121261487 -0.8384166758519026 0.3639762220105709
v -0.3911610000000000 0.1003600000000000 -0.0252220000000000
vn -0.4031223521922199 -0.7942257561170005 0.4546403166057655
v -0.3897720000000000 0.1103360000000000 -0.0039670000000000
vn -0.4885505867800395 -0.8261845842007718 0.2806017765194603
v -0.4083390000000000 0.1016100000000000 -0.0461220000000000
vn -0.4131670022347337 -0.8707289632980764 0.2666910211053626
v -0.3926750000000000 0.0934990000000000 -0.0456420000000000
vn -0.4973507672644708 -0.0883221336034720 0.8630419543783331
v -0.4086620000000000 0.1916160000000000 0.0509210000000000
vn -0.6459598496542134 -0.1436560603289956 0.7497324916031438
v -0.4331510000000000 0.1955910000000000 0.0337240000000000
vn -0.6141126042330975 -0.3995154886036961 0.6806269783719955
v -0.4228990000000000 0.1707850000000000 0.0327980000000000
vn -0.5818386379338345 -0.2557199617816000 0.7720564102147701
v -0.4175420000000000 0.1829020000000000 0.0429260000000000
vn -0.5577160822900021 0.2414586541732113 0.7941350577074112
v -0.4338220000000000 0.2178140000000000 0.0325700000000000
vn -0.7338326582060155 0.1529987031386000 0.6618768968533346
v -0.4614840000000000 0.2211560000000000 0.0069320000000000
vn -0.7519229883581270 -0.2118828534816771 0.6242735586095621
v -0.4585620000000000 0.1969230000000000 0.0078760000000000
vn -0.6947790672666406 -0.0116284267029340 0.7191292146620880
v -0.4482530000000000 0.2087670000000000 0.0214770000000000
vn -0.8409293642683512 -0.2584850061984383 0.4754190844737096
v -0.4805200000000000 0.1964810000000000 -0.0239770000000000
vn -0.7641741695647818 -0.4771979259891539 0.4339584980175250
v -0.4677010000000000 0.1687320000000000 -0.0249850000000000
vn -0.6977714875082237 -0.4402211308979572 0.5650843362998875
v -0.4464940000000000 0.1698520000000000 0.0069820000000000
vn -0.7679290813754408 -0.3610370371558588 0.5290909031344150
v -0.4649720000000000 0.1832540000000000 -0.0077670000000000
vn -0.6143626802564731 -0.6051663654437441 0.5062925707964626
v -0.4283600000000000 0.1431360000000000 0.0030130000000000
vn -0.6203937011641347 -0.5118728927754033 0.5942203271494563
v -0.4264380000000000 0.1570980000000000 0.0193650000000000
vn -0.5470694917475812 0.5989545768788646 0.5847806306940266
v -0.4548020000000000 0.2395880000000000 0.0031240000000000
vn -0.7151649191975189 0.5666884860343437 0.4091494814188452
v -0.4772160000000000 0.2396990000000000 -0.0251140000000000
vn -0.8661468450586205 0.1014711218526718 0.4893804800203606
v -0.4839240000000000 0.2210250000000000 -0.0241640000000000
vn -0.7489769984047793 0.3485489371029836 0.5635131713677574
v -0.4714890000000000 0.2314870000000000 -0.0091630000000000
vn -0.4208108258622555 0.8775880646688857 0.2296898726279557
v -0.4630120000000000 0.2512350000000000 -0.0273750000000000
vn -0.4121478254700488 0.9108049728758780 -0.0238426371209493
v -0.4710410000000000 0.2504730000000000 -0.0492000000000000
vn -0.7569474193249651 0.6469001528513670 0.0924705175618336
v -0.4886840000000000 0.2385640000000000 -0.0541960000000000
vn -0.5982158237531597 0.7761291088522883 0.1994026945742743
v -0.4776180000000000 0.2457320000000000 -0.0392220000000000
vn -0.5396415379922098 0.7458021311240487 -0.3905972243683123
v -0.4854130000000000 0.2367450000000000 -0.0799280000000000
vn -0.9059539118162965 0.2986742827542926 -0.3000686296265558
v -0.4977780000000000 0.2176680000000000 -0.0855580000000000
vn -0.9669454687969936 0.1436418307742403 0.2106738826356668
v -0.4973200000000000 0.2196740000000000 -0.0566270000000000
vn -0.8680786479120196 0.4905329978564972 -0.0762682047327554
v -0.4956780000000000 0.2291080000000000 -0.0701700000000000
vn -0.9281112984621951 -0.2711652020532688 0.2551055680737452
v -0.4947490000000000 0.1950490000000000 -0.0577790000000000
vn -0.9173721891533730 -0.1053281149231737 0.3838414448371603
v -0.4917840000000000 0.2087100000000000 -0.0407470000000000
vn -0.9560970314239761 -0.1782417642062015 -0.2326119945207497
v -0.4969950000000000 0.1932280000000000 -0.0876530000000000
vn -0.8543134967713181 -0.4929430077634882 -0.1647896851488238
v -0.4851910000000000 0.1662040000000000 -0.0892910000000000
vn -0.8266908477424088 -0.5051505551401397 0.2478006434627364
v -0.4820270000000000 0.1673180000000000 -0.0590600000000000
vn -0.9138303535031298 -0.4016043202237258 0.0602333378950903
v -0.4924920000000000 0.1805510000000000 -0.0741290000000000
vn -0.4895108350775005 0.4115419767120104 -0.7687732720026752
v -0.4826190000000000 0.2137020000000000 -0.1066240000000000
vn -0.7410058284140870 -0.0310681031799973 -0.6707794982117072
v -0.4857580000000000 0.1910440000000000 -0.1096270000000000
vn -0.8254167924885761 0.1482258669020512 -0.5447166337271206
v -0.4941610000000000 0.2045460000000000 -0.0987740000000000
vn -0.3045217546112683 0.1138791028353138 -0.9456733320263920
v -0.4640960000000000 0.1877220000000000 -0.1222910000000000
vn -0.6989357300787218 -0.3704317761847593 -0.6117754035689311
v -0.4758920000000000 0.1663060000000000 -0.1116380000000000
vn -0.5735621273413327 -0.1248284911640139 -0.8095951666563977
v -0.4734990000000000 0.1784620000000000 -0.1179310000000000
vn -0.7405325714588852 -0.6608114074113934 -0.1222284518574316
v -0.4654370000000000 0.1397870000000000 -0.0916800000000000
vn -0.7567544375427873 -0.5483848209666818 -0.3558044538684697
v -0.4730150000000000 0.1529960000000000 -0.1027640000000000
vn -0.6764896326192532 -0.6270117975525951 0.3862874353231431
v -0.4487680000000000 0.1418650000000000 -0.0284080000000000
vn -0.5819082180950745 -0.7415714213690286 0.3338482480441280
v -0.4275830000000000 0.1187530000000000 -0.0354060000000000
vn -0.6001503561553365 -0.6806873566800774 0.4201003123808786
v -0.4288700000000000 0.1301940000000000 -0.0158670000000000
vn -0.7284047665862298 -0.6567465535954199 0.1952190061315713
v -0.4624270000000000 0.1405610000000000 -0.0616140000000000
vn -0.7489349089945381 -0.5723270065200050 0.3339735014895542
v -0.4669690000000000 0.1543320000000000 -0.0433130000000000
vn -0.6333827555996064 -0.7593787452168327 0.1488966293169791
v -0.4394370000000000 0.1176860000000000 -0.0655730000000000
vn -0.6857292827263766 -0.7275898261133231 0.0197077585725324
v -0.4537270000000000 0.1279340000000000 -0.0787530000000000
vn -0.5606947642983418 -0.7973445563427199 0.2233003353312712
v -0.4241170000000000 0.1092910000000000 -0.0537310000000000
vn -0.0000000000000000 0.6247650593047690 -0.7808127948951072
v 0.0000000000000000 -0.1825330000000000 -0.3359270000000000
vn -0.0576578549095361 0.8177813650282415 -0.5726335746179897
v -0.0235760000000000 -0.1896620000000000 -0.3425100000000000
vn -0.1412023118982613 0.5541419451183410 -0.8203588311068808
v -0.0472260000000000 -0.1840410000000000 -0.3334580000000000
vn -0.0583794244545652 0.2056246909558580 -0.9768880843114331
v -0.0242870000000000 -0.1737720000000000 -0.3314920000000000
vn -0.0615218386328835 0.5664598002020543 -0.8217897286570807
v -0.0237730000000000 -0.1828540000000000 -0.3353890000000000
vn 0.0000000000000000 0.9480507224698090 -0.3181192034827087
v 0.0000000000000000 -0.1941900000000000 -0.3529980000000000
vn -0.0450232799755308 0.9796177124835488 -0.1957601635898992
v -0.0239580000000000 -0.1977570000000000 -0.3645840000000000
vn -0.1189306491979460 0.9287708416682015 -0.3510558706933923
v -0.0469510000000000 -0.1957690000000000 -0.3503250000000000
vn -0.0510410443665069 0.9354637168845615 -0.3497176663860395
v -0.0236530000000000 -0.1945210000000000 -0.3523950000000000
vn -0.1847838192589405 0.9633649660742153 -0.1943781939439324
v -0.0703530000000000 -0.2015410000000000 -0.3583220000000000
vn -0.3154511034237824 0.8813790577343003 -0.3516554534428767
v -0.0910520000000000 -0.2020240000000000 -0.3407250000000000
vn -0.2293952249916734 0.7853679451454317 -0.5749565387827690
v -0.0693880000000000 -0.1932210000000000 -0.3368770000000000
vn -0.2061873824448942 0.9129140883459146 -0.3522422896531175
v -0.0695350000000000 -0.1981860000000000 -0.3465220000000000
vn -0.3585549231815472 0.4860005893398353 -0.7970205732749989
v -0.0919070000000000 -0.1899260000000000 -0.3241580000000000
vn -0.2254397696190452 0.1809931550496793 -0.9572974397225111
v -0.0716370000000000 -0.1771710000000000 -0.3257800000000000
vn -0.2404887230905520 0.5292294645418189 -0.8136838132389359
v -0.0700440000000000 -0.1863230000000000 -0.3298200000000000
vn 0.0000000000000000 0.9962641760530662 -0.0863579267543245
v 0.0000000000000000 -0.1993520000000000 -0.3793600000000000
vn -0.0370012290809036 0.9985459654128431 -0.0392028570927615
v -0.0250690000000000 -0.2006570000000000 -0.3940290000000000
vn -0.0958441748120382 0.9907207478321314 -0.0963654189506884
v -0.0484830000000000 -0.2010150000000000 -0.3761800000000000
vn -0.0403532157032797 0.9943542271107715 -0.0981391308772652
v -0.0244450000000000 -0.1996950000000000 -0.3786150000000000
vn -0.0000000000000000 0.9999848318256431 -0.0055078234031622
v 0.0000000000000000 -0.2006180000000000 -0.4112970000000000
vn -0.0273203713823220 0.9996250967411744 0.0018064530798447
v -0.0265450000000000 -0.2009590000000000 -0.4271610000000000
vn -0.0851475516344364 0.9963580907981205 -0.0045220959504521
v -0.0511010000000000 -0.2023710000000000 -0.4074270000000000
vn -0.0349063720355133 0.9993606541979715 -0.0077348582611990
v -0.0257840000000000 -0.2009700000000000 -0.4103650000000000
vn -0.1388633571970133 0.9902520686080498 0.0108539691105476
v -0.0776360000000000 -0.2052970000000000 -0.4184540000000000
vn -0.2424599346730523 0.9701086984703321 0.0101140115946756
v -0.0984550000000000 -0.2096900000000000 -0.3949730000000000
vn -0.1586235051880007 0.9868303095921135 -0.0316942214323979
v -0.0734590000000000 -0.2047070000000000 -0.3866640000000000
vn -0.1532082843459633 0.9881931263651835 0.0012516438675050
v -0.0754800000000000 -0.2051630000000000 -0.4023440000000000
vn -0.2629761860401948 0.9607893502308519 -0.0879053471566456
v -0.0937020000000000 -0.2077640000000000 -0.3654130000000000
vn -0.1689748524388843 0.9812138652822847 -0.0930959173167963
v -0.0717040000000000 -0.2036070000000000 -0.3718460000000000
vn -0.3629300658867130 0.9317122471252628 -0.0139303923943071
v -0.1165990000000000 -0.2153480000000000 -0.3705490000000000
vn -0.5200106436612115 0.8513076577357831 -0.0697438338454891
v -0.1323920000000000 -0.2219490000000000 -0.3454290000000000
vn -0.4088877604499921 0.8932152110388544 -0.1870224214446087
v -0.1121770000000000 -0.2112810000000000 -0.3439240000000000
vn -0.3803931691062476 0.9213392613283123 -0.0802184669032348
v -0.1140670000000000 -0.2137800000000000 -0.3566750000000000
vn -0.3336437119145441 0.9420867681372657 0.0339763859256173
v -0.1227310000000000 -0.2169290000000000 -0.4001710000000000
vn -0.4930483104150526 0.8691496136689464 0.0385008137054665
v -0.1383190000000000 -0.2253180000000000 -0.3728050000000000
vn -0.3558385622764467 0.9342766404138114 0.0224961502064935
v -0.1195580000000000 -0.2162940000000000 -0.3851730000000000
vn -0.6182050718704990 0.7825950560937034 0.0732630008345578
v -0.1578320000000000 -0.2388100000000000 -0.3714410000000000
vn -0.6518310798899101 0.7582146790115838 0.0150580151718204
v -0.1509900000000000 -0.2351200000000000 -0.3443040000000000
vn -0.6454996963199111 0.7616376997824399 0.0569048005094157
v -0.1542700000000000 -0.2371080000000000 -0.3577260000000000
vn -0.7048222114532494 0.6899635644478692 -0.1648512358963133
v -0.1463880000000000 -0.2291490000000000 -0.3195180000000000
vn -0.6722406351455290 0.7381721644655739 -0.0565188823964676
v -0.1482690000000000 -0.2325630000000000 -0.3314700000000000
vn -0.4827639177141986 0.6754419465189406 -0.5574201078503922
v -0.1111790000000000 -0.2022390000000000 -0.3232910000000000
vn -0.6225074641304092 0.3223446201953635 -0.7131468312577950
v -0.1314990000000000 -0.2019970000000000 -0.3055060000000000
vn -0.4524257385259982 0.1063420920105789 -0.8854390496166400
v -0.1153150000000000 -0.1857340000000000 -0.3116480000000000
vn -0.4898534752587386 0.4182119001481777 -0.7649459976700229
v -0.1124980000000000 -0.1950750000000000 -0.3161580000000000
vn -0.5941518108629152 0.7312709261303888 -0.3350021764775898
v -0.1294540000000000 -0.2149760000000000 -0.3220970000000000
vn -0.4468340991499822 0.8246149261451962 -0.3469142709883475
v -0.1111430000000000 -0.2075360000000000 -0.3326710000000000
vn -0.7611343816460514 0.4286099199931950 -0.4867935800313210
v -0.1462690000000000 -0.2186120000000000 -0.2994300000000000
vn -0.7412532768342864 0.5937082412184410 -0.3131359191976195
v -0.1456290000000000 -0.2245940000000000 -0.3087400000000000
vn -0.6762908996281908 -0.0378324627799212 -0.7356625067516340
v -0.1528730000000000 -0.2012280000000000 -0.2863930000000000
vn -0.7397052073889547 0.2015065738297722 -0.6420524175369561
v -0.1485910000000000 -0.2109190000000000 -0.2918840000000000
vn 0.0000000000000000 0.0282229702352904 -0.9996016526352374
v 0.0000000000000000 -0.0431820000000000 -0.3510610000000000
vn -0.0776674590661463 -0.0662568592613799 -0.9947752481857528
v -0.0318030000000000 -0.0686480000000000 -0.3493720000000000
vn -0.2026291207958417 0.0695134479892980 -0.9767851964245483
v -0.0655720000000000 -0.0456250000000000 -0.3451430000000000
vn -0.1214517779431052 0.2106353929785047 -0.9699908230799141
v -0.0337840000000000 -0.0170060000000000 -0.3462690000000000
vn -0.1000650089112773 0.0664508548443414 -0.9927594259849878
v -0.0329340000000000 -0.0437330000000000 -0.3495920000000000
vn 0.0000000000000000 -0.1762516413437597 -0.9843451421750558
v 0.0000000000000000 -0.0912550000000000 -0.3476890000000000
vn -0.0582619994067749 -0.2212489466501468 -0.9734754455204946
v -0.0290690000000000 -0.1125880000000000 -0.3424370000000000
vn -0.1441112943531208 -0.1543467716082695 -0.9774502590587271
v -0.0606680000000000 -0.0930270000000000 -0.3432290000000000
vn -0.0668260124856810 -0.1602787271206597 -0.9848070946575500
v -0.0304840000000000 -0.0916370000000000 -0.3466420000000000
vn -0.2100503932992809 -0.2135247738975048 -0.9540890960527937
v -0.0860130000000000 -0.1162480000000000 -0.3340370000000000
vn -0.3237727676411284 -0.1546972532686305 -0.9334023541673467
v -0.1189400000000000 -0.0997930000000000 -0.3281940000000000
vn -0.2552216359545307 -0.0536191787212295 -0.9653946862366470
v -0.0942130000000000 -0.0732320000000000 -0.3387200000000000
vn -0.2304519524131532 -0.1505894299583721 -0.9613608694001324
v -0.0902540000000000 -0.0956640000000000 -0.3371710000000000
vn -0.3947794535013056 0.0687023606688132 -0.9162036720793815
v -0.1287790000000000 -0.0543750000000000 -0.3271460000000000
vn -0.3109499330226138 0.2159790664266568 -0.9255610093444416
v -0.1002020000000000 -0.0233960000000000 -0.3330310000000000
vn -0.2990560585066467 0.0754439544470373 -0.9512484867834811
v -0.0976180000000000 -0.0490940000000000 -0.3376750000000000
vn -0.0000000000000000 -0.2434946487611262 -0.9699022404473019
v 0.0000000000000000 -0.1310740000000000 -0.3385370000000000
vn -0.0497545244712918 -0.2072417829956208 -0.9770237103957260
v -0.0263180000000000 -0.1479280000000000 -0.3337230000000000
vn -0.1176603229250944 -0.2382981037203624 -0.9640384132245156
v -0.0550010000000000 -0.1325650000000000 -0.3351690000000000
vn -0.0523238523406869 -0.2420318672555727 -0.9688564340030007
v -0.0276490000000000 -0.1313890000000000 -0.3377860000000000
vn -0.0000000000000000 -0.0480010243698079 -0.9988472864554667
v 0.0000000000000000 -0.1617850000000000 -0.3318630000000000
vn -0.1183108141225176 -0.0812018897221564 -0.9896508497279319
v -0.0500330000000000 -0.1632380000000000 -0.3291750000000000
vn -0.0517709695872841 -0.0798932004205055 -0.9954581072222786
v -0.0251660000000000 -0.1620930000000000 -0.3312810000000000
vn -0.2971685658076226 -0.0988983421734768 -0.9496894026002283
v -0.0976710000000000 -0.1689250000000000 -0.3189600000000000
vn -0.1910697414714149 -0.2048967362845951 -0.9599529578859413
v -0.0777660000000000 -0.1512810000000000 -0.3270380000000000
vn -0.2004400143046525 -0.0863723494419170 -0.9758911916384091
v -0.0743000000000000 -0.1654420000000000 -0.3251870000000000
vn -0.2858168279441888 -0.2397314214649000 -0.9278133359821579
v -0.1076260000000000 -0.1384280000000000 -0.3228850000000000
vn -0.1958952163524150 -0.2361738073104526 -0.9517599471246549
v -0.0817600000000000 -0.1348350000000000 -0.3303240000000000
vn -0.3827982372063941 -0.2248647295896972 -0.8960476343243308
v -0.1256500000000000 -0.1597890000000000 -0.3107150000000000
vn -0.4840177640651241 -0.2761328065777878 -0.8303478049593869
v -0.1554870000000000 -0.1504850000000000 -0.2987200000000000
vn -0.3989177873965772 -0.2317819072605814 -0.8872100914469281
v -0.1393740000000000 -0.1254650000000000 -0.3145590000000000
vn -0.3838139989221363 -0.2527604801140426 -0.8881435435355689
v -0.1323050000000000 -0.1435760000000000 -0.3124900000000000
vn -0.5127126139925585 -0.1584257185515371 -0.8438169630638787
v -0.1405170000000000 -0.1806100000000000 -0.2983500000000000
vn -0.4041163749302999 -0.1222217640649210 -0.9065052652368060
v -0.1198430000000000 -0.1739070000000000 -0.3101340000000000
vn -0.5810355855975866 -0.2853895694900762 -0.7622010508360234
v -0.1675860000000000 -0.1752260000000000 -0.2817440000000000
vn -0.6117931904911368 -0.2068486612438210 -0.7634937612124375
v -0.1593970000000000 -0.1892560000000000 -0.2832520000000000
vn -0.5921496353037785 -0.2917878636337110 -0.7511448941753361
v -0.1866720000000000 -0.1418980000000000 -0.2807620000000000
vn -0.5772833954591541 -0.3082582071294399 -0.7561221852746376
v -0.1768690000000000 -0.1593640000000000 -0.2811530000000000
vn -0.4511234506352584 -0.0777153336730693 -0.8890714027562808
v -0.1530330000000000 -0.0843340000000000 -0.3159720000000000
vn -0.5890350142673147 0.0072555411862456 -0.8080749402680415
v -0.1871260000000000 -0.0709870000000000 -0.2959510000000000
vn -0.5130329515923234 0.1812956279420395 -0.8390048187403755
v -0.1631710000000000 -0.0379650000000000 -0.3077460000000000
vn -0.4884540922129599 0.0307193577433309 -0.8720486917943575
v -0.1587580000000000 -0.0617060000000000 -0.3135150000000000
vn -0.5244049382448266 -0.2025653131795494 -0.8270228259491457
v -0.1723700000000000 -0.1133640000000000 -0.3000930000000000
vn -0.4226553646137715 -0.1720565206101931 -0.8898084043650711
v -0.1464280000000000 -0.1056520000000000 -0.3160200000000000
vn -0.6551947496751717 -0.1594865183922953 -0.7384334028530896
v -0.2055380000000000 -0.1030490000000000 -0.2777130000000000
vn -0.6197179587908168 -0.2418521990036548 -0.7466305414254361
v -0.1964190000000000 -0.1230510000000000 -0.2798550000000000
vn -0.7258146340579873 0.0973859812024060 -0.6809618841407459
v -0.2195920000000000 -0.0604860000000000 -0.2668660000000000
vn -0.6930329265273406 -0.0450337722557356 -0.7194979653239948
v -0.2134530000000000 -0.0821190000000000 -0.2736240000000000
vn -0.0000000567941669 0.4091303281656413 0.9124759583545593
v 0.0000000000000000 0.0253970000000000 0.3005060000000000
vn -0.0226389736003975 0.3822877941616711 0.9237659440081802
v -0.0356450000000000 0.0609000000000000 0.2850830000000000
vn -0.0480519392551261 0.4126650777634651 0.9096145033629879
v -0.0725980000000000 0.0248710000000000 0.2991340000000000
vn -0.0167461777209124 0.4538904472225270 0.8909001220405541
v -0.0371210000000000 -0.0077180000000000 0.3158520000000000
vn -0.0231982630746113 0.4067848804514577 0.9132293806193569
v -0.0364660000000000 0.0252940000000000 0.3002210000000000
vn 0.0000000000000000 0.3690386296458251 0.9294140572581909
v 0.0000000000000000 0.0982370000000000 0.2705450000000000
vn -0.0276574201899619 0.3747351657537196 0.9267192793160008
v -0.0336190000000000 0.1353280000000000 0.2554090000000000
vn -0.0524512561717396 0.3737377801685591 0.9260501808221216
v -0.0689490000000000 0.0971710000000000 0.2691430000000000
vn -0.0249354361539663 0.3710017998652916 0.9282973061043135
v -0.0346860000000000 0.0979600000000000 0.2702190000000000
vn -0.0855049689292743 0.3816215833174369 0.9203552941308571
v -0.0990460000000000 0.1327280000000000 0.2525650000000000
vn -0.1218549414196085 0.3765538472923625 0.9183455631410999
v -0.1345180000000000 0.0942290000000000 0.2643450000000000
vn -0.0845229514173632 0.3868159777742933 0.9182751602990333
v -0.1054230000000000 0.0592940000000000 0.2819440000000000
vn -0.0842702275403603 0.3761106020060888 0.9227347093335729
v -0.1023680000000000 0.0959130000000000 0.2672170000000000
vn -0.1306438521914027 0.4157529701038343 0.9000453609315650
v -0.1425260000000000 0.0226240000000000 0.2936200000000000
vn -0.0821956728644391 0.4644282100127131 0.8817881316431683
v -0.1101420000000000 -0.0087670000000000 0.3126890000000000
vn -0.0843348209751448 0.4150056889089172 0.9059017143952898
v -0.1080630000000000 0.0240190000000000 0.2970120000000000
vn 0.0000000000000000 0.3966834509667719 0.9179554671818740
v 0.0000000000000000 0.1723320000000000 0.2407870000000000
vn -0.0354189318560002 0.4308791367924441 0.9017142944099191
v -0.0312790000000000 0.2064190000000000 0.2250690000000000
vn -0.0604507946647280 0.3977381210032464 0.9155053732912821
v -0.0644930000000000 0.1705750000000000 0.2393970000000000
vn -0.0311189445745159 0.3938232347788261 0.9186592790784348
v -0.0324740000000000 0.1718620000000000 0.2404310000000000
vn 0.0000000000000000 0.5013599153005723 0.8652388313811412
v 0.0000000000000000 0.2385010000000000 0.2094720000000000
vn -0.0473832561639625 0.5823357304923521 0.8115663398806280
v -0.0288590000000000 0.2650270000000000 0.1923060000000000
vn -0.0762498546939126 0.4954178510186451 0.8653017465319394
v -0.0597320000000000 0.2360400000000000 0.2081170000000000
vn -0.0407704416366645 0.4910192910876511 0.8701941317134539
v -0.0300640000000000 0.2378550000000000 0.2090990000000000
vn -0.1230825711396121 0.5907753048770850 0.7973927638429192
v -0.0851670000000000 0.2597460000000000 0.1900620000000000
vn -0.1389765817793316 0.5066056789495273 0.8509031647449792
v -0.1162930000000000 0.2293880000000000 0.2048690000000000
vn -0.0976526570498093 0.4407742544310318 0.8922903200202724
v -0.0921060000000000 0.2024350000000000 0.2224820000000000
vn -0.1086382951276196 0.5010716507717393 0.8585597950199207
v -0.0886080000000000 0.2331760000000000 0.2066620000000000
vn -0.1207967040181836 0.4071065423442732 0.9053576196613325
v -0.1253580000000000 0.1660390000000000 0.2354270000000000
vn -0.0899350813795702 0.4025837787857345 0.9109544347528304
v -0.0956060000000000 0.1685930000000000 0.2377190000000000
vn -0.1626201121244409 0.4516811906290882 0.8772336069511494
v -0.1477460000000000 0.1954890000000000 0.2179900000000000
vn -0.2025840807818275 0.4140013168254486 0.8874472378009729
v -0.1788420000000000 0.1598290000000000 0.2290070000000000
vn -0.1583497039187446 0.3843533709118572 0.9095041822540115
v -0.1590400000000000 0.1283020000000000 0.2466700000000000
vn -0.1568343085230727 0.4106667700754134 0.8981958603923297
v -0.1532940000000000 0.1630340000000000 0.2325560000000000
vn -0.1915785515172844 0.5964444426496279 0.7794560189201917
v -0.1372450000000000 0.2500780000000000 0.1871140000000000
vn -0.2231795868544079 0.5177073269179010 0.8259358302356287
v -0.1664440000000000 0.2195420000000000 0.2005030000000000
vn -0.1745151344232307 0.5115990641467878 0.8413149620810109
v -0.1423940000000000 0.2247940000000000 0.2028750000000000
vn -0.3187524929954871 0.6020110242113343 0.7321062593211329
v -0.1818530000000000 0.2370610000000000 0.1831310000000000
vn -0.3896461150237623 0.5374107287344668 0.7479074900600864
v -0.2065250000000000 0.2076370000000000 0.1939320000000000
vn -0.2713087335093518 0.4662380981518801 0.8420294572954496
v -0.1944640000000000 0.1867830000000000 0.2114720000000000
vn -0.2915311114738776 0.5264883746422558 0.7986360888473304
v -0.1879760000000000 0.2137740000000000 0.1975810000000000
vn -0.3535021659609910 0.4229834222819336 0.8343388059628721
v -0.2204700000000000 0.1538060000000000 0.2194800000000000
vn -0.2757100227899456 0.3798947795909126 0.8829858094968116
v -0.2089670000000000 0.1240180000000000 0.2370870000000000
vn -0.2643722774644516 0.4180096528273010 0.8691232530840827
v -0.2014260000000000 0.1566700000000000 0.2246810000000000
vn -0.1801649012680489 0.3834696321212752 0.9058099412083355
v -0.1706650000000000 0.0558440000000000 0.2742920000000000
vn -0.2843186901722223 0.3999827746333456 0.8713074442556785
v -0.2068880000000000 0.0182060000000000 0.2814700000000000
vn -0.2012059833306381 0.4659187236962247 0.8616471987891748
v -0.1794970000000000 -0.0124100000000000 0.3042020000000000
vn -0.1934938644537025 0.4126524919453964 0.8901000198348648
v -0.1756530000000000 0.0205770000000000 0.2887290000000000
vn -0.2257007607298643 0.3677169852733562 0.9021326872181470
v -0.1928400000000000 0.0903450000000000 0.2552420000000000
vn -0.1673452390840201 0.3740492209244596 0.9121856999984801
v -0.1649790000000000 0.0921620000000000 0.2604280000000000
vn -0.4579093497220922 0.3348420410512041 0.8235288914068249
v -0.2371330000000000 0.0899870000000000 0.2401790000000000
vn -0.3553151154988016 0.3531270061932602 0.8654781835465630
v -0.2261000000000000 0.0532220000000000 0.2596770000000000
vn -0.3069862199470255 0.3568036767408319 0.8822984738890012
v -0.2171950000000000 0.0894090000000000 0.2485660000000000
vn -0.6390031748684871 0.3352044663090451 0.6923242797089105
v -0.2586580000000000 0.0174130000000000 0.2561940000000000
vn -0.4593784184492771 0.4434263762041926 0.7696392125856496
v -0.2431760000000000 -0.0201510000000000 0.2848750000000000
vn -0.4084774073257870 0.3766943306940308 0.8314130074321542
v -0.2356740000000000 0.0158390000000000 0.2709730000000000
vn 0.0000000000000000 0.4178776058806646 0.9085033332373876
v 0.0000000000000000 -0.1675300000000000 0.4168420000000000
vn -0.0072501985851139 0.4957612112364678 0.8684286131017487
v -0.0385320000000000 -0.1481010000000000 0.4068130000000000
vn -0.0238645821281169 0.4004482003347201 0.9160085810561680
v -0.0768020000000000 -0.1673890000000000 0.4162080000000000
vn -0.0071811344548689 0.2586397140080987 0.9659471671089211
v -0.0391410000000000 -0.1872130000000000 0.4238520000000000
vn -0.0069984976794439 0.3986648083888694 0.9170700036433951
v -0.0387750000000000 -0.1674420000000000 0.4167560000000000
vn 0.0000000000000000 0.5514899627896687 0.8341815275719366
v 0.0000000000000000 -0.1286830000000000 0.3946560000000000
vn -0.0086589024071942 0.5763771050267952 0.8171379664475477
v -0.0382350000000000 -0.1083230000000000 0.3804220000000000
vn -0.0219987278698121 0.5537357548303200 0.8324018078996499
v -0.0761690000000000 -0.1286540000000000 0.3939350000000000
vn -0.0056380040821983 0.5519700574295722 0.8338448708309981
v -0.0383680000000000 -0.1285930000000000 0.3945320000000000
vn -0.0597118151066261 0.5826644193542954 0.8105163006104159
v -0.1128320000000000 -0.1090750000000000 0.3783770000000000
vn -0.1011266174020457 0.5598933568114075 0.8223702549650457
v -0.1478100000000000 -0.1305620000000000 0.3904150000000000
vn -0.0496098131390378 0.4922792724928062 0.8690224302710853
v -0.1129360000000000 -0.1485010000000000 0.4049730000000000
vn -0.0530022557273351 0.5545137866136211 0.8304849314365901
v -0.1128380000000000 -0.1292000000000000 0.3926380000000000
vn -0.0912478711733535 0.3933457681245262 0.9148513172668319
v -0.1476260000000000 -0.1682360000000000 0.4125640000000000
vn -0.0527755620605470 0.2628914474925436 0.9633809354997993
v -0.1142440000000000 -0.1870530000000000 0.4219600000000000
vn -0.0525492979215955 0.4031691505039186 0.9136154592441482
v -0.1133350000000000 -0.1675840000000000 0.4149070000000000
vn 0.0000000000000000 0.5757142695773103 0.8176509523048719
v 0.0000000000000000 -0.0867700000000000 0.3651660000000000
vn -0.0151913748543937 0.5487958468155125 0.8358183658236267
v -0.0378870000000000 -0.0631170000000000 0.3487450000000000
vn -0.0364346182113565 0.5787817734970303 0.8146681393447427
v -0.0757910000000000 -0.0868300000000000 0.3642330000000000
vn -0.0118893048877681 0.5739014697689475 0.8188380471291788
v -0.0380910000000000 -0.0866970000000000 0.3649900000000000
vn -0.0000000457549071 0.5027383597888455 0.8644386280105831
v 0.0000000000000000 -0.0370050000000000 0.3324300000000000
vn -0.0409585481222425 0.5150287733327887 0.8561937631021620
v -0.0748520000000000 -0.0372060000000000 0.3312250000000000
vn -0.0156097009628176 0.5119091015102675 0.8588977872988159
v -0.0375790000000000 -0.0369900000000000 0.3321960000000000
vn -0.1263990992835664 0.5232017705694701 0.8427829939986180
v -0.1472460000000000 -0.0393920000000000 0.3259870000000000
vn -0.0714770630652590 0.5593542239900232 0.8258413174212610
v -0.1123160000000000 -0.0639870000000000 0.3461010000000000
vn -0.0774531354027327 0.5192088509155307 0.8511305310863078
v -0.1115100000000000 -0.0379190000000000 0.3292460000000000
vn -0.1160868382773160 0.5884271237257322 0.8001733349985102
v -0.1484480000000000 -0.0891250000000000 0.3600750000000000
vn -0.0717534498980297 0.5836348477928435 0.8088397906072349
v -0.1127070000000000 -0.0875220000000000 0.3626710000000000
vn -0.2013203279983231 0.5682533417815457 0.7978460159007835
v -0.1827010000000000 -0.0682770000000000 0.3387980000000000
vn -0.2769935564917402 0.5841306265442203 0.7629324877045895
v -0.2147100000000000 -0.0968440000000000 0.3510000000000000
vn -0.1685280941249387 0.5854442960728373 0.7930026845392112
v -0.1818010000000000 -0.1134530000000000 0.3725820000000000
vn -0.1770834700438994 0.5877175771393151 0.7894488546819892
v -0.1826230000000000 -0.0919930000000000 0.3562180000000000
vn -0.3048564137476080 0.5283887829935813 0.7923811336746409
v -0.2147290000000000 -0.0459610000000000 0.3140390000000000
vn -0.1980592961669370 0.5251183851093962 0.8276612814563440
v -0.1817530000000000 -0.0418890000000000 0.3211760000000000
vn -0.4062531368905676 0.5511818542112304 0.7288051539024980
v -0.2455920000000000 -0.0802240000000000 0.3246490000000000
vn -0.4395728329743025 0.5087910769534293 0.7402076495980811
v -0.2458680000000000 -0.0521560000000000 0.3038000000000000
vn -0.3749356556187000 0.5625636064742846 0.7368483173736788
v -0.2416800000000000 -0.1254240000000000 0.3621060000000000
vn -0.4052811652014756 0.5682036963987150 0.7161646015629165
v -0.2441900000000000 -0.1043980000000000 0.3443220000000000
vn -0.1571834856750926 0.5011885621648322 0.8509426402444386
v -0.1793620000000000 -0.1515470000000000 0.3992550000000000
vn -0.2111238038923194 0.4042148013050941 0.8899646812294972
v -0.2066590000000000 -0.1718580000000000 0.4041940000000000
vn -0.1541602666317506 0.2726348109320171 0.9496867231145705
v -0.1798120000000000 -0.1877990000000000 0.4156000000000000
vn -0.1441796120900048 0.4059606773677292 0.9024456592442063
v -0.1789300000000000 -0.1695590000000000 0.4088870000000000
vn -0.2414517973286873 0.5498895734351243 0.7995764419954376
v -0.2106960000000000 -0.1373590000000000 0.3826270000000000
vn -0.1621430248410531 0.5581146746520278 0.8137675647465036
v -0.1805160000000000 -0.1330740000000000 0.3870410000000000
vn -0.3228781105154160 0.4752340346727925 0.8184756184753544
v -0.2340490000000000 -0.1606020000000000 0.3896020000000000
vn -0.3418686795652142 0.5298983967211501 0.7761014721572763
v -0.2380840000000000 -0.1440430000000000 0.3772850000000000
vn -0.2936137723157408 0.2725599228985277 0.9162434398870581
v -0.2292820000000000 -0.1898850000000000 0.4046660000000000
vn -0.2992456162793555 0.3852339114426905 0.8729529738835615
v -0.2302240000000000 -0.1754450000000000 0.3988010000000000
vn 0.0000000000000000 -0.6884827669465113 0.7252527005242213
v 0.0000000000000000 -0.4610970000000000 -0.0301660000000000
vn -0.1413595498588962 -0.7114220683336072 0.6884011318639900
v -0.0220980000000000 -0.4532480000000000 -0.0247730000000000
vn -0.2888120562461535 -0.6609384450612605 0.6926384107215481
v -0.0429330000000000 -0.4604570000000000 -0.0382340000000000
vn -0.1701614772331623 -0.6645331157536345 0.7276268341207563
v -0.0211100000000000 -0.4691090000000000 -0.0395220000000000
vn -0.1448590110029562 -0.6784313991833968 0.7202407261001725
v -0.0216030000000000 -0.4610520000000000 -0.0322570000000000
vn 0.0000088025881906 -0.7794946494443337 0.6264088851622155
v 0.0000000000000000 -0.4462920000000000 -0.0148740000000000
vn -0.1248553026084205 -0.8278586826646973 0.5468648415716918
v -0.0231080000000000 -0.4394220000000000 -0.0082740000000000
vn -0.2690604658107625 -0.7459771521332896 0.6091999296066954
v -0.0448990000000000 -0.4446290000000000 -0.0225070000000000
vn -0.1347258205406077 -0.7633180422291748 0.6318184230355107
v -0.0225990000000000 -0.4459540000000000 -0.0168510000000000
vn -0.3715511090370646 -0.7863939354982553 0.4934919974881996
v -0.0681710000000000 -0.4346660000000000 -0.0224630000000000
vn -0.5165759169353143 -0.6883132704524588 0.5092878986992323
v -0.0873930000000000 -0.4377920000000000 -0.0437520000000000
vn -0.4157358218169529 -0.6675546958791596 0.6176847533069483
v -0.0651240000000000 -0.4501640000000000 -0.0399310000000000
vn -0.3978128681405809 -0.7202123901031805 0.5683652303612783
v -0.0665960000000000 -0.4420100000000000 -0.0315650000000000
vn -0.5511576103769603 -0.5995743775251346 0.5802894573735647
v -0.0836880000000000 -0.4557900000000000 -0.0606780000000000
vn -0.4513247597749273 -0.6172909242736938 0.6444050558642703
v -0.0623490000000000 -0.4678180000000000 -0.0554340000000000
vn -0.4259424425238373 -0.6342414295640874 0.6452215469754017
v -0.0637200000000000 -0.4588560000000000 -0.0478050000000000
vn 0.0000000000000000 -0.9101925012579078 0.4141854785647050
v 0.0000000000000000 -0.4344830000000000 0.0030160000000000
vn -0.0955435245777451 -0.9512057001797362 0.2933924860265508
v -0.0241590000000000 -0.4296650000000000 0.0117240000000000
vn -0.2254783158730445 -0.8798829621682124 0.4182887781869696
v -0.0470050000000000 -0.4319550000000000 -0.0040470000000000
vn -0.1116676191920143 -0.8947728469241284 0.4323330836649882
v -0.0236270000000000 -0.4339070000000000 0.0011790000000000
vn -0.0000000000000000 -0.9928352206002725 0.1194915257899412
v 0.0000000000000000 -0.4276660000000000 0.0252350000000000
vn -0.0596596449572449 -0.9982078543812510 -0.0046697125344405
v -0.0252730000000000 -0.4260130000000000 0.0369710000000000
vn -0.1607700216550747 -0.9779053085289082 0.1336196381076055
v -0.0492720000000000 -0.4246000000000000 0.0189680000000000
vn -0.0776699611134977 -0.9867303377535853 0.1425854750573262
v -0.0247070000000000 -0.4269490000000000 0.0235820000000000
vn -0.1954215423677204 -0.9802599820940513 -0.0300131351843094
v -0.0754270000000000 -0.4193760000000000 0.0262550000000000
vn -0.3276600906772109 -0.9407595319799789 0.0872374229686606
v -0.0974050000000000 -0.4142240000000000 0.0022230000000000
vn -0.2935888488779053 -0.9196522616261243 0.2608549510753073
v -0.0716900000000000 -0.4235420000000000 -0.0010610000000000
vn -0.2451154374863292 -0.9625703746382467 0.1156576680323044
v -0.0735520000000000 -0.4204240000000000 0.0117340000000000
vn -0.4407892608053873 -0.8283738657721385 0.3456899854846295
v -0.0920130000000000 -0.4230180000000000 -0.0235250000000000
vn -0.3366112525317346 -0.8569863278466493 0.3902144263772577
v -0.0698830000000000 -0.4283990000000000 -0.0123760000000000
vn -0.4782483997093908 -0.8607819370789512 0.1741635006940757
v -0.1168570000000000 -0.4096280000000000 -0.0241800000000000
vn -0.6309016810810890 -0.7484846318269212 0.2042885819814075
v -0.1326040000000000 -0.4059990000000000 -0.0534920000000000
vn -0.5875293424142083 -0.7199256828816070 0.3694810995569051
v -0.1097770000000000 -0.4231150000000000 -0.0486360000000000
vn -0.5385395123675786 -0.7936791071208921 0.2829287340279777
v -0.1131430000000000 -0.4155840000000000 -0.0372080000000000
vn -0.3385265415427515 -0.9369033281425717 -0.0872464004213150
v -0.1244030000000000 -0.4046760000000000 0.0079950000000000
vn -0.4921519181539802 -0.8705000243730618 -0.0040245526281714
v -0.1431170000000000 -0.3947670000000000 -0.0227710000000000
vn -0.4100680380372986 -0.9108397433924185 0.0470655504278229
v -0.1206870000000000 -0.4058050000000000 -0.0092210000000000
vn -0.4906519365169297 -0.8526986145468197 -0.1793481250030811
v -0.1722930000000000 -0.3789540000000000 -0.0157770000000000
vn -0.6526003031913631 -0.7572320456175522 0.0266921966948800
v -0.1561730000000000 -0.3865840000000000 -0.0571740000000000
vn -0.5766442701078567 -0.8140385306515399 -0.0694453480548491
v -0.1644080000000000 -0.3807090000000000 -0.0385950000000000
vn -0.7683336315111120 -0.6103368982305460 0.1927493225598027
v -0.1447730000000000 -0.4029860000000000 -0.0852940000000000
vn -0.7180401989849428 -0.6864427354024457 0.1149549635938859
v -0.1497240000000000 -0.3941690000000000 -0.0724450000000000
vn -0.6481145367967334 -0.5935779455877294 0.4770878008339829
v -0.1046340000000000 -0.4409760000000000 -0.0679920000000000
vn -0.7557070007229151 -0.5061893126369239 0.4155469995446180
v -0.1200890000000000 -0.4434250000000000 -0.0951500000000000
vn -0.6826567075642217 -0.5366358425950558 0.4959856772729141
v -0.1006500000000000 -0.4608730000000000 -0.0848040000000000
vn -0.6615145651480362 -0.5571451820913839 0.5019837907436488
v -0.1025700000000000 -0.4507990000000000 -0.0765570000000000
vn -0.7193829165021751 -0.6021920292819845 0.3461978903951760
v -0.1249970000000000 -0.4233470000000000 -0.0764770000000000
vn -0.6239242840551383 -0.6501811983898876 0.4335699447915787
v -0.1069880000000000 -0.4316650000000000 -0.0587910000000000
vn -0.8231197661029088 -0.4829213965054176 0.2987654187618609
v -0.1382020000000000 -0.4226960000000000 -0.1067700000000000
vn -0.8022032317089276 -0.5405402463376572 0.2535472680290155
v -0.1410340000000000 -0.4125580000000000 -0.0966070000000000
vn -0.8473656133057456 -0.4215548426817682 0.3228978662031190
v -0.1340520000000000 -0.4439140000000000 -0.1251750000000000
vn -0.8334298461250503 -0.4455581544530829 0.3269137846410547
v -0.1359750000000000 -0.4332110000000000 -0.1161650000000000
vn 0.0000000000000000 -0.9922065950809261 -0.1246036623776172
v 0.0000000000000000 -0.4278370000000000 0.0535150000000000
vn -0.0369841882937657 -0.9846016966102088 -0.1708556959792376
v -0.0264850000000000 -0.4296690000000000 0.0688490000000000
vn -0.0983442414838564 -0.9874193621008881 -0.1238200852658414
v -0.0516420000000000 -0.4247900000000000 0.0483640000000000
vn -0.0456699516167774 -0.9923803928657257 -0.1144351841654875
v -0.0258590000000000 -0.4271120000000000 0.0521100000000000
vn -0.0000000779634410 -0.9824895571666573 -0.1863176590086389
v 0.0000000000000000 -0.4337220000000000 0.0881510000000000
vn -0.0273017420723356 -0.9833698534746091 -0.1795504000472884
v -0.0279280000000000 -0.4368580000000000 0.1065420000000000
vn -0.0693378846140927 -0.9772803833136117 -0.2002880679113036
v -0.0542240000000000 -0.4311960000000000 0.0843120000000000
vn -0.0313198288556164 -0.9813750363623429 -0.1895312805983879
v -0.0271680000000000 -0.4331110000000000 0.0870430000000000
vn -0.1014713217119883 -0.9729332859402167 -0.2076159723614608
v -0.0830720000000000 -0.4323560000000000 0.1013100000000000
vn -0.1636490951008480 -0.9572499867799211 -0.2385192580956816
v -0.1075460000000000 -0.4231400000000000 0.0763660000000000
vn -0.1298801580456904 -0.9716644407619557 -0.1974825539251062
v -0.0791350000000000 -0.4237950000000000 0.0609410000000000
vn -0.1131699947893013 -0.9695220217267618 -0.2173007171323692
v -0.0810540000000000 -0.4278990000000000 0.0805540000000000
vn -0.2156634277827541 -0.9628521375352261 -0.1624962989142798
v -0.1026760000000000 -0.4147770000000000 0.0357380000000000
vn -0.1553097251475105 -0.9778789822368317 -0.1401127594977099
v -0.0772740000000000 -0.4207260000000000 0.0427500000000000
vn 0.0000000000000000 -0.9910075920061755 -0.1338056522951175
v 0.0000000000000000 -0.4407720000000000 0.1280050000000000
vn -0.0210671731532759 -0.9954155985067357 -0.0932950184351075
v -0.0297510000000000 -0.4429710000000000 0.1488680000000000
vn -0.0500635931255758 -0.9870407748763472 -0.1524603075389037
v -0.0572870000000000 -0.4389380000000000 0.1253290000000000
vn -0.0225809388532894 -0.9887066766070602 -0.1481526538173585
v -0.0287830000000000 -0.4403370000000000 0.1272000000000000
vn -0.0000000000000000 -0.9997482311801543 -0.0224382319301883
v 0.0000000000000000 -0.4444390000000000 0.1719330000000000
vn -0.0176111899299483 -0.9962443013412052 0.0847769900056929
v -0.0321010000000000 -0.4433980000000000 0.1946440000000000
vn -0.0457592633675720 -0.9986758078051791 -0.0235100132014078
v -0.0611950000000000 -0.4432370000000000 0.1700930000000000
vn -0.0199791729274853 -0.9997280015143616 -0.0120314436886943
v -0.0308500000000000 -0.4441830000000000 0.1713990000000000
vn -0.0746230568093957 -0.9955492986066543 0.0575586087064330
v -0.0939330000000000 -0.4410720000000000 0.1918400000000000
vn -0.1251097277420156 -0.9901822861288384 -0.0623425718188293
v -0.1183340000000000 -0.4385580000000000 0.1663630000000000
vn -0.0861186119427544 -0.9892400234996541 -0.1182698633780251
v -0.0876700000000000 -0.4396990000000000 0.1453070000000000
vn -0.0797634231810547 -0.9959781613654607 -0.0408080678973718
v -0.0905250000000000 -0.4414220000000000 0.1683160000000000
vn -0.1314921806985566 -0.9733472884764020 -0.1878958818888116
v -0.1123390000000000 -0.4328770000000000 0.1205560000000000
vn -0.0864444845403614 -0.9819489802168802 -0.1682365933546582
v -0.0852310000000000 -0.4364830000000000 0.1229340000000000
vn -0.1861110792149316 -0.9695332412381414 -0.1592732253949710
v -0.1408430000000000 -0.4320820000000000 0.1416640000000000
vn -0.2570449701598358 -0.9386763488916211 -0.2298142627145339
v -0.1632770000000000 -0.4220970000000000 0.1185460000000000
vn -0.2023338427288469 -0.9474648363167033 -0.2477325171025004
v -0.1360770000000000 -0.4227840000000000 0.0956610000000000
vn -0.1927511337668240 -0.9575973211321489 -0.2141363373931101
v -0.1383300000000000 -0.4280260000000000 0.1187380000000000
vn -0.1718318022697894 -0.9851001992950719 0.0071714069418617
v -0.1486570000000000 -0.4346910000000000 0.1874350000000000
vn -0.2344843800709135 -0.9661003087844227 -0.1080151325944761
v -0.1674990000000000 -0.4294450000000000 0.1634940000000000
vn -0.1781316870949912 -0.9802752256742704 -0.0856129895632120
v -0.1441180000000000 -0.4344650000000000 0.1645320000000000
vn -0.2879810452143952 -0.9562210780408480 -0.0520400567603742
v -0.1910240000000000 -0.4247570000000000 0.1829760000000000
vn -0.3105329646083375 -0.9314324749938562 -0.1897440971898113
v -0.1876850000000000 -0.4204580000000000 0.1435680000000000
vn -0.2954342084534116 -0.9471592756451421 -0.1249317214916838
v -0.1881050000000000 -0.4238050000000000 0.1639160000000000
vn -0.3413888492747267 -0.8971923451006344 -0.2801777105404747
v -0.1863000000000000 -0.4084870000000000 0.0965120000000000
vn -0.3263304996114328 -0.9140378757938810 -0.2409214947603524
v -0.1872520000000000 -0.4152550000000000 0.1210480000000000
vn -0.2429473539566702 -0.9391109787258178 -0.2429961992338330
v -0.1308260000000000 -0.4111810000000000 0.0494850000000000
vn -0.3477379277053154 -0.9104546647107200 -0.2239433793209864
v -0.1527250000000000 -0.3965320000000000 0.0197030000000000
vn -0.2794202341614589 -0.9411726278413588 -0.1900484605129615
v -0.1277750000000000 -0.4067970000000000 0.0278000000000000
vn -0.2907812542690431 -0.9139688972525609 -0.2830320070604383
v -0.1591770000000000 -0.4092050000000000 0.0698130000000000
vn -0.2204990075986896 -0.9398569173948250 -0.2608623439155029
v -0.1335860000000000 -0.4168400000000000 0.0723410000000000
vn -0.3792837002659987 -0.8777319034753752 -0.2927978489231547
v -0.1814190000000000 -0.3919270000000000 0.0419760000000000
vn -0.3575909450190506 -0.8839473569174919 -0.3012736069405392
v -0.1843230000000000 -0.4004460000000000 0.0701150000000000
vn -0.4192515639971650 -0.8733583377488642 -0.2479381777187049
v -0.1776860000000000 -0.3837290000000000 0.0122120000000000
vn 0.0000000000000000 -0.9849588976105803 0.1727888017718464
v 0.0000000000000000 -0.4401730000000000 0.2187980000000000
vn -0.0140457099981266 -0.9608990643965558 0.2765424127913689
v -0.0350380000000000 -0.4342440000000000 0.2424860000000000
vn -0.0383264503131308 -0.9835546569728761 0.1764973652873134
v -0.0664070000000000 -0.4394150000000000 0.2174430000000000
vn -0.0156315513485225 -0.9825268419455990 0.1854633641958605
v -0.0335190000000000 -0.4400410000000000 0.2184560000000000
vn -0.0000000000000000 -0.9372123566042380 0.3487592273020609
v 0.0000000000000000 -0.4262230000000000 0.2666180000000000
vn -0.0126729958794591 -0.8981286679473373 0.4395501006558645
v -0.0380880000000000 -0.4158670000000000 0.2898050000000000
vn -0.0344786288086770 -0.9341798809189352 0.3551326150070668
v -0.0725400000000000 -0.4256790000000000 0.2654660000000000
vn -0.0130744531761486 -0.9326677281329772 0.3604996082846912
v -0.0365840000000000 -0.4261420000000000 0.2663850000000000
vn -0.0664747539520155 -0.9016470138764773 0.4273333235948845
v -0.1118240000000000 -0.4144510000000000 0.2869930000000000
vn -0.1100812177419266 -0.9386691176661900 0.3267757840480701
v -0.1400630000000000 -0.4227480000000000 0.2606780000000000
vn -0.0672061807084841 -0.9641806858097687 0.2565909865641868
v -0.1025570000000000 -0.4325360000000000 0.2397980000000000
vn -0.0659777309275675 -0.9363688213187761 0.3447613224880879
v -0.1072420000000000 -0.4246200000000000 0.2636380000000000
vn -0.1146291919709514 -0.9837436198831176 0.1382339997516780
v -0.1277600000000000 -0.4357620000000000 0.2134380000000000
vn -0.0703132831921941 -0.9844047658029710 0.1612553852469179
v -0.0980310000000000 -0.4380660000000000 0.2157670000000000
vn 0.0000000000000000 -0.8638008782111130 0.5038333482429581
v 0.0000000000000000 -0.4036350000000000 0.3125750000000000
vn -0.0129492634565429 -0.8074381244990617 0.5898101318910781
v -0.0406920000000000 -0.3893410000000000 0.3338080000000000
vn -0.0348559365365814 -0.8579362811001587 0.5125723375877663
v -0.0783600000000000 -0.4031290000000000 0.3115080000000000
vn -0.0126858584870683 -0.8567936492003467 0.5155033575879009
v -0.0394810000000000 -0.4035570000000000 0.3123950000000000
vn -0.0000000341424130 -0.7587258599606034 0.6514100624238480
v 0.0000000000000000 -0.3734530000000000 0.3538520000000000
vn -0.0133038458951800 -0.6768497964291555 0.7360009244275498
v -0.0422850000000000 -0.3557340000000000 0.3717060000000000
vn -0.0364071519887475 -0.7491586769129673 0.6613892923914634
v -0.0827000000000000 -0.3728880000000000 0.3528520000000000
vn -0.0132077493388120 -0.7482795391356585 0.6632520536480304
v -0.0416490000000000 -0.3733550000000000 0.3536950000000000
vn -0.0718152604348940 -0.6791980912660553 0.7304331052117063
v -0.1244540000000000 -0.3541880000000000 0.3690520000000000
vn -0.1200431916371628 -0.7531496059536094 0.6468039140214648
v -0.1606040000000000 -0.3701270000000000 0.3476160000000000
vn -0.0697779356357675 -0.8102762139802829 0.5818792802258812
v -0.1196780000000000 -0.3879150000000000 0.3310030000000000
vn -0.0711936900406072 -0.7508470042750672 0.6566279271166885
v -0.1225510000000000 -0.3718700000000000 0.3509490000000000
vn -0.1145146124903740 -0.8625075577556794 0.4929169466964115
v -0.1519060000000000 -0.4004670000000000 0.3062200000000000
vn -0.0680128851204123 -0.8599206959626047 0.5058761153808184
v -0.1160360000000000 -0.4021620000000000 0.3095650000000000
vn -0.1825611876347930 -0.8150857599935193 0.5498241688259629
v -0.1914760000000000 -0.3836070000000000 0.3224420000000000
vn -0.2599187248602722 -0.8642615430314067 0.4306904244396226
v -0.2158390000000000 -0.3941740000000000 0.2938540000000000
vn -0.1719982102425608 -0.9062810585342297 0.3860974729461875
v -0.1782350000000000 -0.4100060000000000 0.2789540000000000
vn -0.1774303929736328 -0.8647605082463724 0.4697954012404739
v -0.1853690000000000 -0.3978540000000000 0.3011240000000000
vn -0.1888194886306331 -0.6815017045810440 0.7070379249845072
v -0.1994180000000000 -0.3496880000000000 0.3608010000000000
vn -0.2747958151856851 -0.7541492005397359 0.5964446690865064
v -0.2289150000000000 -0.3637530000000000 0.3351630000000000
vn -0.1864975557636644 -0.7550899403697163 0.6285362707486634
v -0.1962590000000000 -0.3674810000000000 0.3424770000000000
vn -0.4102816299272208 -0.6537873286636764 0.6357917214175384
v -0.2623700000000000 -0.3408310000000000 0.3440090000000000
vn -0.3775024835728051 -0.8065530329398912 0.4549330499665052
v -0.2513080000000000 -0.3750020000000000 0.3051030000000000
vn -0.3975822508805044 -0.7391848037020492 0.5436305544768014
v -0.2579760000000000 -0.3587680000000000 0.3252990000000000
vn -0.3462184053483026 -0.8958131454058614 0.2786604103853569
v -0.2326040000000000 -0.4013490000000000 0.2625080000000000
vn -0.3635683297713431 -0.8557881152120960 0.3680282209953530
v -0.2427310000000000 -0.3892810000000000 0.2839830000000000
vn -0.1657318214571061 -0.9646258258278645 0.2050121447681093
v -0.1624080000000000 -0.4272990000000000 0.2334880000000000
vn -0.2257911437417700 -0.9716565894345149 0.0700130817509822
v -0.1789270000000000 -0.4278600000000000 0.2066110000000000
vn -0.1670715229362823 -0.9800785037538877 0.1073928894447482
v -0.1549610000000000 -0.4322740000000000 0.2104670000000000
vn -0.2402920627461899 -0.9367800211142463 0.2543676799877950
v -0.1976310000000000 -0.4159180000000000 0.2500880000000000
vn -0.1677472336143465 -0.9397509033733719 0.2978743111173994
v -0.1703740000000000 -0.4198480000000000 0.2563640000000000
vn -0.3085937574223484 -0.9452241837211000 0.1064008241920006
v -0.2097490000000000 -0.4180970000000000 0.2207600000000000
vn -0.3276578891546287 -0.9253739733445709 0.1905867706091222
v -0.2212880000000000 -0.4109550000000000 0.2412430000000000
vn -0.2916863020127499 -0.9562214319564181 0.0236574361532261
v -0.1989490000000000 -0.4227750000000000 0.2016300000000000
vn -0.0000000000000000 -0.5946690563838448 0.8039705923599119
v 0.0000000000000000 -0.3367200000000000 0.3876300000000000
vn -0.0122494531486654 -0.5054996261540600 0.8627398674314666
v -0.0424490000000000 -0.3163010000000000 0.4009160000000000
vn -0.0409467122130807 -0.5962457709403540 0.8017570376333981
v -0.0844580000000000 -0.3361060000000000 0.3867240000000000
vn -0.0159455524577741 -0.5951629772815475 0.8034468058497592
v -0.0425280000000000 -0.3366100000000000 0.3874940000000000
vn 0.0000000000000000 -0.3898486732289971 0.9208789344868252
v 0.0000000000000000 -0.2952260000000000 0.4119380000000000
vn -0.0103092128117972 -0.2991018435587382 0.9541655031025620
v -0.0416040000000000 -0.2733840000000000 0.4200970000000000
vn -0.0329453577564035 -0.4083401218360407 0.9122351387121798
v -0.0836200000000000 -0.2946350000000000 0.4111540000000000
vn -0.0113412754358932 -0.4074030547448362 0.9131780365602664
v -0.0421180000000000 -0.2951200000000000 0.4118310000000000
vn -0.0626398742938487 -0.3001518029655031 0.9518325174761622
v -0.1222370000000000 -0.2720190000000000 0.4179380000000000
vn -0.1143213059868115 -0.4085254246527967 0.9055592837632012
v -0.1623190000000000 -0.2918800000000000 0.4066790000000000
vn -0.0692940395007400 -0.5074504830723003 0.8588901811753112
v -0.1249380000000000 -0.3147240000000000 0.3985090000000000
vn -0.0663082893201912 -0.4091928238100516 0.9100354079428921
v -0.1238920000000000 -0.2936100000000000 0.4095550000000000
vn -0.1304200308752047 -0.5982372404694866 0.7906344412318277
v -0.1641200000000000 -0.3332010000000000 0.3818300000000000
vn -0.0781520899336795 -0.5975584406399319 0.7980076195494445
v -0.1251880000000000 -0.3350280000000000 0.3849570000000000
vn 0.0000000000000000 -0.1575471018905040 0.9875114736983582
v 0.0000000000000000 -0.2515060000000000 0.4256570000000000
vn -0.0083533799103086 -0.0453386115789522 0.9989367504222513
v -0.0403150000000000 -0.2295120000000000 0.4281190000000000
vn -0.0283502445839396 -0.1791324028228448 0.9834164153048010
v -0.0812640000000000 -0.2510320000000000 0.4249740000000000
vn -0.0092637758732917 -0.1788457657294587 0.9838335095620666
v -0.0409800000000000 -0.2514100000000000 0.4255740000000000
vn -0.0000000266083940 0.1265240112514866 0.9919635449838028
v 0.0000000000000000 -0.2080960000000000 0.4276650000000000
vn -0.0249551887302146 0.1024635480608930 0.9944236822774346
v -0.0785660000000000 -0.2077970000000000 0.4270350000000000
vn -0.0076631173335364 0.1013793020826218 0.9948183320295082
v -0.0396770000000000 -0.2080080000000000 0.4275930000000000
vn -0.0983569672167089 0.1110178275163291 0.9889393049997992
v -0.1508180000000000 -0.2072180000000000 0.4231070000000000
vn -0.0559291364850089 -0.0431865432787848 0.9975003028428969
v -0.1179430000000000 -0.2286870000000000 0.4261240000000000
vn -0.0538852454210983 0.1051314630220984 0.9929973594168019
v -0.1158770000000000 -0.2075160000000000 0.4256530000000000
vn -0.1044025598986892 -0.1746948062192185 0.9790719228772881
v -0.1569650000000000 -0.2490780000000000 0.4208220000000000
vn -0.0589779213498184 -0.1785178558845762 0.9821674907690787
v -0.1201570000000000 -0.2502840000000000 0.4235080000000000
vn -0.1601107406046081 -0.0264197018728517 0.9867454332785096
v -0.1865690000000000 -0.2268560000000000 0.4193480000000000
vn -0.2498004788647351 -0.1436216010168188 0.9575868401770748
v -0.2217920000000000 -0.2445760000000000 0.4105580000000000
vn -0.1740625974839407 -0.2904183971908823 0.9409353679877394
v -0.1951380000000000 -0.2681930000000000 0.4108130000000000
vn -0.1667794795656873 -0.1643846001827905 0.9721945836192170
v -0.1909900000000000 -0.2473270000000000 0.4165690000000000
vn -0.2255619113793575 0.1368832380365839 0.9645645666721906
v -0.2105270000000000 -0.2064040000000000 0.4136350000000000
vn -0.1555802834487221 0.1214831635731147 0.9803247504629694
v -0.1826010000000000 -0.2069560000000000 0.4190560000000000
vn -0.3330373721103631 0.0288848462799585 0.9424711000519892
v -0.2413490000000000 -0.2219230000000000 0.4061550000000000
vn -0.3097196417940911 0.1633659247856491 0.9366884850930269
v -0.2338960000000000 -0.2052370000000000 0.4069800000000000
vn -0.3774802180135759 -0.2353164678300488 0.8956198105091316
v -0.2556610000000000 -0.2600740000000000 0.3962330000000000
vn -0.3575074468792532 -0.1042810187938497 0.9280699836462737
v -0.2489280000000000 -0.2403720000000000 0.4025980000000000
vn -0.1861407256118503 -0.5042427457342833 0.8432620492130812
v -0.2002000000000000 -0.3101700000000000 0.3908340000000000
vn -0.2904266684160137 -0.5793555238745383 0.7615770001968509
v -0.2341920000000000 -0.3265860000000000 0.3700470000000000
vn -0.2019392000973147 -0.5964117483217004 0.7768613685387564
v -0.2006550000000000 -0.3304460000000000 0.3769810000000000
vn -0.2716278684994607 -0.3897162992075215 0.8799656284119474
v -0.2312240000000000 -0.2855710000000000 0.3957150000000000
vn -0.1809654672319579 -0.4035785524050045 0.8968700305552640
v -0.1982840000000000 -0.2892790000000000 0.4021730000000000
vn -0.3996713562342101 -0.4693115118440517 0.7874068274129693
v -0.2634670000000000 -0.3011580000000000 0.3750590000000000
vn -0.3918196090754878 -0.3592684888361012 0.8469967809108581
v -0.2605760000000000 -0.2805180000000000 0.3869840000000000
vn -0.4015445492709089 -0.5700923141260165 0.7167682528720605
v -0.2641340000000000 -0.3214440000000000 0.3606650000000000
vn -0.2369346596118720 0.3293246169927849 -0.9140061617501066
v -0.0682480000000000 0.0086340000000000 -0.3327030000000000
vn -0.1351967753024751 0.4015856978375278 -0.9057873697729273
v -0.0342350000000000 0.0411830000000000 -0.3266950000000000
vn 0.0000000000000000 0.3261779763390110 -0.9453083770661231
v 0.0000000000000000 0.0122890000000000 -0.3403940000000000
vn -0.1253801858731248 0.3159839613449592 -0.9404434832371205
v -0.0342610000000000 0.0114250000000000 -0.3383720000000000
vn -0.4283484982083650 0.3421900501737531 -0.8363154510378978
v -0.1343110000000000 -0.0035310000000000 -0.3120030000000000
vn -0.3637664659842765 0.4245117588623936 -0.8291343225393983
v -0.1023000000000000 0.0322090000000000 -0.3104210000000000
vn -0.3376511555964589 0.3409552868289480 -0.8773489553807912
v -0.1016890000000000 0.0037160000000000 -0.3237810000000000
vn -0.4660151173467279 0.4825240300455303 -0.7416201661449988
v -0.1367210000000000 0.0520320000000000 -0.2801840000000000
vn -0.4174370212567071 0.5199275008111576 -0.7452662122923535
v -0.0992540000000000 0.0931190000000000 -0.2746210000000000
vn -0.2916006124587276 0.4669550614472888 -0.8348185751422004
v -0.0675360000000000 0.0681970000000000 -0.3047700000000000
vn -0.3764042971824019 0.4725723704778710 -0.7968658354601155
v -0.1022530000000000 0.0620500000000000 -0.2934530000000000
vn -0.2025386274999935 0.4946002789535594 -0.8451914980816360
v -0.0321600000000000 0.1031950000000000 -0.2951700000000000
vn 0.0000000000000000 0.4404583488418291 -0.8977730464519023
v 0.0000000000000000 0.0731380000000000 -0.3146440000000000
vn -0.1669050546149525 0.4607435560201072 -0.8716983872475191
v -0.0335790000000000 0.0718980000000000 -0.3120290000000000
vn -0.7480590569767293 0.2964281200517376 -0.5937491195089719
v -0.2259780000000000 -0.0168220000000000 -0.2440560000000000
vn -0.6324186855208614 0.2641642311598613 -0.7281921897272623
v -0.1957160000000000 -0.0250960000000000 -0.2797720000000000
vn -0.7426262345791560 0.2224490086596751 -0.6316824473270665
v -0.2233810000000000 -0.0383760000000000 -0.2567270000000000
vn -0.7523792384598247 0.3274544020391912 -0.5715759758070401
v -0.2322440000000000 0.0204740000000000 -0.2145300000000000
vn -0.6382061665420952 0.4082977056152002 -0.6526759322795707
v -0.2008770000000000 0.0193300000000000 -0.2512120000000000
vn -0.7504799547309065 0.3307934625812387 -0.5721499127506804
v -0.2285460000000000 0.0031390000000000 -0.2297070000000000
vn -0.5585616574707617 0.4933461099347693 -0.6667971885181775
v -0.1757030000000000 0.0575330000000000 -0.2476170000000000
vn -0.5365550856800952 0.4064068411083021 -0.7395553525809931
v -0.1677620000000000 0.0117540000000000 -0.2840490000000000
vn -0.5377514234417136 0.4585609981886342 -0.7074922031560873
v -0.1699320000000000 0.0367090000000000 -0.2670700000000000
vn -0.5248421722033786 0.3228904384166210 -0.7875801286573713
v -0.1658390000000000 -0.0133080000000000 -0.2977650000000000
vn -0.6326685474892976 0.2882299893490353 -0.7187864649933507
v -0.2409000000000000 0.0658680000000000 -0.1818720000000000
vn -0.7508599915903736 0.2150929745418789 -0.6244551908116631
v -0.2466470000000000 0.0446840000000000 -0.1843760000000000
vn -0.7398405981211534 0.0780608146589461 -0.6682382797973455
v -0.2576130000000000 0.0526050000000000 -0.1696550000000000
vn -0.4880364736367204 0.5067433757122470 -0.7106557194394422
v -0.2074810000000000 0.1010350000000000 -0.1859270000000000
vn -0.5701041781942311 0.4871795012372860 -0.6615416536996515
v -0.2053590000000000 0.0774780000000000 -0.2056310000000000
vn -0.5471190146193480 0.4280048183413202 -0.7193557251586777
v -0.2237650000000000 0.0821180000000000 -0.1870850000000000
vn -0.5324529605776801 0.5571667183321360 -0.6372276616367667
v -0.1640990000000000 0.0934260000000000 -0.2276890000000000
vn -0.6509202207553472 0.4149906914152148 -0.6356772705158901
v -0.2144750000000000 0.0505590000000000 -0.2164070000000000
vn -0.5755051276412700 0.5044003926253611 -0.6437189541857431
v -0.1884260000000000 0.0702040000000000 -0.2264730000000000
vn -0.7530180083690010 0.2891492868348345 -0.5910639297021005
v -0.2382350000000000 0.0341470000000000 -0.1993770000000000
vn -0.3598061770016119 0.5554165341469008 -0.7497012662305762
v -0.1662380000000000 0.1884380000000000 -0.1417040000000000
vn -0.4740222963260839 0.5909721551787841 -0.6527287142366952
v -0.1455440000000000 0.1708460000000000 -0.1694940000000000
vn -0.4136071213014079 0.5681300490894833 -0.7114473954765342
v -0.1815500000000000 0.1447350000000000 -0.1681770000000000
vn -0.3855936557867181 0.5711701731483447 -0.7246255349645940
v -0.1724340000000000 0.1671730000000000 -0.1551410000000000
vn -0.5184340957842888 0.5792264720992247 -0.6290650064562587
v -0.1134620000000000 0.1990830000000000 -0.1688040000000000
vn -0.5251439592200291 0.5885613598136487 -0.6146701130110536
v -0.0969730000000000 0.1800600000000000 -0.2021280000000000
vn -0.5173721715020283 0.5956544078734006 -0.6144280775943302
v -0.1314660000000000 0.1487780000000000 -0.2026110000000000
vn -0.5201129369734685 0.5936748004912007 -0.6140299374253391
v -0.1207830000000000 0.1751680000000000 -0.1856910000000000
vn -0.4953676272177961 0.5715779208201180 -0.6541479911576289
v -0.1202910000000000 0.1208950000000000 -0.2387450000000000
vn -0.5002856286597638 0.5801973229040717 -0.6427171666070959
v -0.1690530000000000 0.1218630000000000 -0.1971900000000000
vn -0.5174738095188592 0.5847021726856814 -0.6247753401973247
v -0.1455070000000000 0.1205740000000000 -0.2181730000000000
vn -0.4463787730956700 0.5482536526706868 -0.7072226829385878
v -0.1933210000000000 0.1222980000000000 -0.1790320000000000
vn -0.0000000000000000 0.5939357165563177 -0.8045125012072425
v 0.0000000000000000 0.1956550000000000 -0.2413510000000000
vn -0.2269010862398333 0.5488198608657230 -0.8045574295117237
v -0.0271070000000000 0.1653630000000000 -0.2577270000000000
vn -0.4042026909824323 0.5778239208372274 -0.7090413959077804
v -0.0487170000000000 0.1904270000000000 -0.2296160000000000
vn -0.2235888512702585 0.6244876885114841 -0.7483469465997906
v -0.0221480000000000 0.2199390000000000 -0.2184930000000000
vn -0.2471819694567515 0.5813557858426421 -0.7751945073610659
v -0.0243870000000000 0.1941260000000000 -0.2380950000000000
vn 0.0000000000000000 0.5204940496179966 -0.8538652963508112
v 0.0000000000000000 0.1361860000000000 -0.2799780000000000
vn -0.3486232994028501 0.5312591474886557 -0.7721564047025042
v -0.0600650000000000 0.1308630000000000 -0.2685340000000000
vn -0.2046255777584485 0.5190737562708094 -0.8298739714426123
v -0.0298500000000000 0.1347000000000000 -0.2769110000000000
vn -0.4666912032227503 0.5700773420557793 -0.6761739013812347
v -0.0810590000000000 0.1566940000000000 -0.2365500000000000
vn -0.4405730237985773 0.5503469328511718 -0.7092345621881989
v -0.0910110000000000 0.1252930000000000 -0.2556720000000000
vn -0.4946005716745182 0.5907379686655235 -0.6374942563475933
v -0.0669880000000000 0.2109990000000000 -0.1982210000000000
vn -0.4896273284902741 0.5814009532307741 -0.6497984385775518
v -0.0729320000000000 0.1854420000000000 -0.2171980000000000
vn -0.6990357590657379 0.2782924633940698 0.6587126174330108
v -0.2614140000000000 0.0606190000000000 0.2343810000000000
vn -0.8959569305176288 0.2187295641775390 0.3865469653381498
v -0.2798060000000000 0.0409230000000000 0.2140800000000000
vn -0.7962548720652899 0.2631459207195355 0.5447314963548158
v -0.2724860000000000 0.0268640000000000 0.2360850000000000
vn -0.5424807187303570 0.3562113633437425 0.7608075541361217
v -0.2431810000000000 0.1230340000000000 0.2227560000000000
vn -0.7465450861620891 0.2817678713390785 0.6027248966222345
v -0.2616460000000000 0.0972730000000000 0.2182080000000000
vn -0.5969522714498740 0.3083165347429088 0.7406678742965437
v -0.2517490000000000 0.0927110000000000 0.2298600000000000
vn -0.8254739575849095 0.3195628761404978 0.4652658525423072
v -0.2605740000000000 0.1250330000000000 0.2041670000000000
vn -0.9003070767199269 0.2748449352795511 0.3375017468979960
v -0.2696240000000000 0.1127990000000000 0.1937410000000000
vn -0.9063343988645514 0.2204416048488051 0.3605044469719002
v -0.2751400000000000 0.0805820000000000 0.2025170000000000
vn -0.8532659945834375 0.2701837868724368 0.4460245103117167
v -0.2674310000000000 0.1033630000000000 0.2058240000000000
vn -0.9608751927904549 0.1978501246967427 0.1938406356711356
v -0.2838530000000000 0.0733470000000000 0.1752970000000000
vn -0.9424646720642753 0.1980723275774655 0.2693096636937177
v -0.2832650000000000 0.0563210000000000 0.1936090000000000
vn -0.5507790904944679 0.5992128990313943 0.5810217681881453
v -0.2153310000000000 0.2218630000000000 0.1759190000000000
vn -0.6511923851054838 0.5309230946119403 0.5422814261878346
v -0.2339650000000000 0.1941870000000000 0.1838460000000000
vn -0.4858250806690077 0.4861249160616440 0.7263997225887492
v -0.2282630000000000 0.1776930000000000 0.2020120000000000
vn -0.5156556408569316 0.5435019125740720 0.6623480437660799
v -0.2216220000000000 0.2012760000000000 0.1893820000000000
vn -0.7681022726435482 0.5305521016291993 0.3585155034536947
v -0.2384700000000000 0.2040730000000000 0.1642500000000000
vn -0.8478231569011837 0.4362048162137427 0.3015315123399973
v -0.2531650000000000 0.1758050000000000 0.1694840000000000
vn -0.7673816826045792 0.4455247290785143 0.4611215338524992
v -0.2498430000000000 0.1662040000000000 0.1888670000000000
vn -0.7679052441944527 0.4922652009275016 0.4098737706836882
v -0.2442480000000000 0.1858640000000000 0.1772420000000000
vn -0.8670858308433770 0.3389921374426900 0.3650294408711259
v -0.2617950000000000 0.1395710000000000 0.1901480000000000
vn -0.6353665074200078 0.4171988592141866 0.6498111364998930
v -0.2467370000000000 0.1490800000000000 0.2061930000000000
vn -0.7794427639552239 0.3853038395456577 0.4939736115919710
v -0.2549970000000000 0.1459540000000000 0.1981790000000000
vn -0.4798727315464871 0.4258049479827527 0.7670803789639767
v -0.2354010000000000 0.1514860000000000 0.2133050000000000
vn -0.9614009577188121 0.2164777196973471 0.1698399110103039
v -0.2801400000000000 0.1126800000000000 0.1464080000000000
vn -0.9219785656825300 0.3163861895966357 0.2232830120150347
v -0.2693550000000000 0.1494370000000000 0.1492120000000000
vn -0.8903760539328944 0.2935042374456281 0.3479737708281297
v -0.2741710000000000 0.1557890000000000 0.1238300000000000
vn -0.9429642586343031 0.2351927447697296 0.2355902793961160
v -0.2773500000000000 0.1340780000000000 0.1346060000000000
vn -0.9461004014134897 0.2450761104577233 0.2117350479447073
v -0.2757080000000000 0.1110820000000000 0.1738200000000000
vn -0.9652385173527672 0.2055085926200318 0.1614955819146937
v -0.2825590000000000 0.0922850000000000 0.1597680000000000
vn -0.9096934690968083 0.3324831433518196 0.2488227314163789
v -0.2657020000000000 0.1450110000000000 0.1723190000000000
vn -0.9126433114180389 0.2950654725265982 0.2828755080359061
v -0.2687430000000000 0.1273960000000000 0.1829870000000000
vn -0.8700597312510669 0.4235523612629630 0.2521893362612497
v -0.2565070000000000 0.1816920000000000 0.1478540000000000
vn -0.8944323608211070 0.3773611346957838 0.2399777613386113
v -0.2614140000000000 0.1635040000000000 0.1604890000000000
vn -0.9323073143459268 0.1203004937126738 -0.3410731048170938
v -0.2397140000000000 0.4229150000000000 -0.0076840000000000
vn -0.9026013778165538 0.3539090290494703 -0.2450696878867722
v -0.2375590000000000 0.4374390000000000 -0.0032110000000000
vn -0.7815150283673863 0.3759272095263342 -0.4979086197021166
v -0.2307120000000000 0.4396530000000000 -0.0164880000000000
vn -0.8347876463421637 0.1508523893694477 -0.5295027309996041
v -0.2344050000000000 0.4246330000000000 -0.0179820000000000
vn -0.8771417095207480 0.2504381692468677 -0.4097598623624538
v -0.2362350000000000 0.4320810000000000 -0.0114660000000000
vn -0.9714681364982015 0.2365880970817923 0.0166051825623217
v -0.2415420000000000 0.4299850000000000 0.0101090000000000
vn -0.8631726885380430 0.4811639627548991 0.1530168314533034
v -0.2359590000000000 0.4439710000000000 0.0156460000000000
vn -0.7962628461613785 0.5886711550586983 -0.1393978157104287
v -0.2314070000000000 0.4509950000000000 0.0013270000000000
vn -0.8962500812006178 0.4404083176322616 -0.0526906605406227
v -0.2375590000000000 0.4414720000000000 0.0060660000000000
vn -0.5775310390781259 0.8161700666215093 0.0180089214663510
v -0.2216460000000000 0.4611170000000000 0.0060460000000000
vn -0.4673360243574882 0.8382896113774714 -0.2808337013151110
v -0.2140300000000000 0.4635770000000000 -0.0087230000000000
vn -0.6763072433165185 0.6068564058325721 -0.4175330110752731
v -0.2239660000000000 0.4533990000000000 -0.0131030000000000
vn -0.6485237101969946 0.7310538383884885 -0.2120784823827783
v -0.2234450000000000 0.4584100000000000 -0.0037290000000000
vn -0.5080966761362804 0.5384201396552680 -0.6722659599539942
v -0.2143730000000000 0.4509510000000000 -0.0262200000000000
vn -0.6178250111605903 0.3064495229287245 -0.7241415231024759
v -0.2215210000000000 0.4364680000000000 -0.0287280000000000
vn -0.6554331312634858 0.4795325136202434 -0.5834860570940775
v -0.2232960000000000 0.4460840000000000 -0.0215970000000000
vn -0.8534703225438737 0.3090094158876264 0.4196445989520708
v -0.2363070000000000 0.4333820000000000 0.0288560000000000
vn -0.6406301840433056 0.5294663451883160 0.5561100220330212
v -0.2277120000000000 0.4437520000000000 0.0331560000000000
vn -0.6365317810636542 0.7031721239560266 0.3168221201038571
v -0.2263910000000000 0.4541710000000000 0.0204290000000000
vn -0.7684739710004286 0.5200833792136523 0.3727747772590586
v -0.2324810000000000 0.4447280000000000 0.0248110000000000
vn -0.5885837838571236 0.3556325583114444 0.7260128186535605
v -0.2255990000000000 0.4320560000000000 0.0431930000000000
vn -0.3512822130736086 0.4517258010038507 0.8200881705557868
v -0.2169290000000000 0.4358600000000000 0.0464890000000000
vn -0.3432985530731475 0.6433449617239471 0.6842904088779093
v -0.2165310000000000 0.4486520000000000 0.0374060000000000
vn -0.4915071711714467 0.5089883190231239 0.7066481385987350
v -0.2222400000000000 0.4410540000000000 0.0402800000000000
vn -0.0080071755350231 0.6303629101608843 0.7762592908516149
v -0.2036070000000000 0.4477290000000000 0.0412850000000000
vn 0.0266690447369712 0.8099396240568300 0.5859066200645784
v -0.2007030000000000 0.4594220000000000 0.0290460000000000
vn -0.3266455718490728 0.8201713026104290 0.4697038479358077
v -0.2142380000000000 0.4594920000000000 0.0250470000000000
vn -0.1686963589536741 0.7443145879857056 0.6461712873437218
v -0.2091850000000000 0.4549340000000000 0.0336640000000000
vn -0.2660493045340393 0.9444069642467251 0.1931663879644669
v -0.2092070000000000 0.4665610000000000 0.0107740000000000
vn -0.4666386958029546 0.8468600271086147 0.2551008076524142
v -0.2184840000000000 0.4615160000000000 0.0157390000000000
vn 0.0814585991857003 0.9337268237452360 0.3485953459777344
v -0.1956910000000000 0.4666390000000000 0.0149010000000000
vn 0.1670232057902371 0.9817153075911703 0.0913143119599892
v -0.1882500000000000 0.4690430000000000 0.0004720000000000
vn -0.1695908467607860 0.9803126324376097 -0.1011241186770176
v -0.2015900000000000 0.4690200000000000 -0.0039950000000000
vn -0.0501352971089489 0.9891066231890051 0.1383999275557652
v -0.1990040000000000 0.4691090000000000 0.0055610000000000
vn 0.3139327204970408 0.7186377233152582 0.6204885733271719
v -0.1866030000000000 0.4541100000000000 0.0309940000000000
vn 0.3541742742591952 0.8230302947040717 0.4440514806329344
v -0.1823560000000000 0.4616610000000000 0.0177720000000000
vn 0.1812259346790245 0.8422913731219634 0.5076439730401924
v -0.1915810000000000 0.4616320000000000 0.0235420000000000
vn 0.5644342391975640 0.6678705936030979 0.4851421027098273
v -0.1704340000000000 0.4533780000000000 0.0186560000000000
vn 0.6267741413505596 0.6934901317427172 0.3552824410377431
v -0.1651260000000000 0.4550980000000000 0.0083580000000000
vn 0.4202534517110134 0.8729234624522073 0.2477734146865412
v -0.1755100000000000 0.4638740000000000 0.0044950000000000
vn 0.5098021844216016 0.7673056311864378 0.3890293062335351
v -0.1735610000000000 0.4596050000000000 0.0123590000000000
vn 0.5403676418844944 0.8414011006099125 0.0068556178874713
v -0.1665810000000000 0.4605920000000000 -0.0078430000000000
vn 0.2844128318651812 0.9403675623445049 -0.1865963256891241
v -0.1791170000000000 0.4664020000000000 -0.0128200000000000
vn 0.3755361891212770 0.9252881828072570 0.0530504421990307
v -0.1773180000000000 0.4662430000000000 -0.0041210000000000
vn -0.3116589973555350 0.7666108103090893 -0.5614058557626418
v -0.2045240000000000 0.4612400000000000 -0.0219800000000000
vn -0.1477351795932876 0.6218501074039962 -0.7690752633079402
v -0.1939110000000000 0.4546960000000000 -0.0324080000000000
vn -0.3093874743200751 0.4078280361089905 -0.8590434702023693
v -0.2026660000000000 0.4442820000000000 -0.0364050000000000
vn -0.3265406689572855 0.5948911744699187 -0.7344900830200020
v -0.2043290000000000 0.4538360000000000 -0.0297920000000000
vn -0.0401391439640070 0.9163038106411914 -0.3984672831315869
v -0.1923700000000000 0.4665610000000000 -0.0173610000000000
vn -0.2599419520759700 0.9017881774361647 -0.3452654986923751
v -0.2035200000000000 0.4663490000000000 -0.0132780000000000
vn 0.3994337103482414 0.7967589045332392 -0.4534621914607984
v -0.1699660000000000 0.4586290000000000 -0.0239750000000000
vn 0.0963504264358808 0.7669500473181580 -0.6344322030322067
v -0.1827300000000000 0.4595960000000000 -0.0281590000000000
vn 0.1840117077434645 0.8813300188251982 -0.4351977588762486
v -0.1810340000000000 0.4640430000000000 -0.0209380000000000
vn 0.1907239065565793 0.5785713539890296 -0.7930192808570914
v -0.1745040000000000 0.4496250000000000 -0.0358230000000000
vn 0.0054921977372738 0.4689481903458489 -0.8832085996724489
v -0.1831740000000000 0.4458200000000000 -0.0391190000000000
vn 0.0309058515307415 0.6197259706260745 -0.7842095062371597
v -0.1838640000000000 0.4534900000000000 -0.0341700000000000
vn -0.5403859095306771 0.8317926203123706 0.1269019526035103
v -0.2302040000000000 0.2601510000000000 0.0271520000000000
vn -0.6630538587471287 0.7416633608463411 0.1014644744659559
v -0.2198500000000000 0.2678900000000000 0.0295650000000000
vn -0.6687056800062727 0.7373679559508893 0.0955050316169553
v -0.2217210000000000 0.2684140000000000 0.0115080000000000
vn -0.4768391518086011 0.8709475521720181 0.1186371976574948
v -0.2306710000000000 0.2623760000000000 0.0082880000000000
vn -0.5922273712868404 0.7993370193807793 0.1016221931771332
v -0.2253640000000000 0.2646560000000000 0.0184630000000000
vn -0.6706003261721172 0.7340564714493361 0.1070341032624658
v -0.2171690000000000 0.2678070000000000 0.0487180000000000
vn -0.7055450389041635 0.6969634954099845 0.1282500843805526
v -0.2075630000000000 0.2765620000000000 0.0521930000000000
vn -0.7583647312662676 0.6355520806218286 0.1447635561483157
v -0.2116660000000000 0.2753910000000000 0.0349410000000000
vn -0.6985562170453371 0.7067945762154382 0.1116272308164408
v -0.2139690000000000 0.2719130000000000 0.0410060000000000
vn -0.8460562568134024 0.4603286454477450 0.2688612067352565
v -0.2047000000000000 0.2827770000000000 0.0422600000000000
vn -0.9253561193541689 0.2678183271166241 0.2683083972488483
v -0.2096200000000000 0.2822460000000000 0.0267010000000000
vn -0.8258428779391410 0.5430335093394790 0.1519807510563332
v -0.2150060000000000 0.2750080000000000 0.0179630000000000
vn -0.8483289680361030 0.4878025395063798 0.2058801701036968
v -0.2102290000000000 0.2786850000000000 0.0302620000000000
vn -0.8856892429990377 0.4479255815913310 0.1221361461315176
v -0.2173720000000000 0.2753970000000000 0.0016050000000000
vn -0.6885747677178197 0.7214481722042287 0.0733302399118395
v -0.2226240000000000 0.2693190000000000 -0.0050350000000000
vn -0.7752034723604517 0.6225952767273055 0.1069331465783562
v -0.2191130000000000 0.2718500000000000 0.0059880000000000
vn -0.6722118844681431 0.7297326935270995 0.1249855126703575
v -0.2025960000000000 0.2785230000000000 0.0692790000000000
vn -0.6446716834347292 0.7448361943278469 0.1720972521472729
v -0.1925430000000000 0.2870830000000000 0.0714540000000000
vn -0.7392119593180478 0.6361349660034148 0.2211288860122242
v -0.1990420000000000 0.2844120000000000 0.0572970000000000
vn -0.6874859931323849 0.7107440585508276 0.1490164168186730
v -0.2004740000000000 0.2816720000000000 0.0625390000000000
vn -0.5670687065043273 0.8087336494525020 0.1561504606036967
v -0.1846860000000000 0.2906940000000000 0.0842930000000000
vn -0.4838594784418586 0.8538374774957096 0.1919415722185686
v -0.1735230000000000 0.2981420000000000 0.0826310000000000
vn -0.6068581953774137 0.7313444353254966 0.3112208984334103
v -0.1829920000000000 0.2944210000000000 0.0737450000000000
vn -0.5757595219542763 0.7943578625041928 0.1936402828875049
v -0.1836130000000000 0.2926270000000000 0.0783480000000000
vn -0.4849714589691482 0.6514639706088884 0.5834358396463462
v -0.1737190000000000 0.3011720000000000 0.0749660000000000
vn -0.6553320949016130 0.2908960175542945 0.6970791578887685
v -0.1834650000000000 0.2991990000000000 0.0677780000000000
vn -0.7578848531827037 0.4961074204755108 0.4236602136917819
v -0.1911010000000000 0.2917780000000000 0.0628750000000000
vn -0.6511384733045004 0.5606852682609931 0.5115180529930323
v -0.1829120000000000 0.2964780000000000 0.0702870000000000
vn -0.8656978257650104 0.2054752069847783 0.4564506696021995
v -0.1984250000000000 0.2903960000000000 0.0504180000000000
vn -0.8181603256052643 0.4628478968549300 0.3411532001644659
v -0.1983440000000000 0.2871760000000000 0.0533310000000000
vn -0.7644240177948074 -0.0125091398984403 0.6445924622871766
v -0.1925310000000000 0.2987130000000000 0.0582980000000000
vn -0.8433536331617050 -0.1787296169437033 0.5067646134647813
v -0.2011250000000000 0.2999680000000000 0.0468850000000000
vn -0.9152792959426094 -0.0139942651139099 0.4025766647021696
v -0.2050970000000000 0.2904250000000000 0.0367090000000000
vn -0.8561665549255427 -0.0317808016623385 0.5157216408806466
v -0.1993280000000000 0.2945080000000000 0.0483360000000000
vn -0.3827845444645781 0.1528474980866275 0.9111057210048149
v -0.1759700000000000 0.3072620000000000 0.0709240000000000
vn -0.5910365976041658 -0.1041456547018866 0.7998933822074081
v -0.1868170000000000 0.3082330000000000 0.0648150000000000
vn -0.6156606721396308 0.0485226628485383 0.7865160443186554
v -0.1847360000000000 0.3029830000000000 0.0660190000000000
vn -0.3405075156439510 -0.0608644384650364 0.9382697650038182
v -0.1811690000000000 0.3194670000000000 0.0689850000000000
vn -0.5549070086814895 -0.1788374275281842 0.8124625445097533
v -0.1937640000000000 0.3247360000000000 0.0632760000000000
vn -0.7144796891441878 -0.2247194133946131 0.6625858125888343
v -0.1974080000000000 0.3112630000000000 0.0560820000000000
vn -0.5788776340608993 -0.1687666869150387 0.7977584159203693
v -0.1897970000000000 0.3153510000000000 0.0639660000000000
vn -0.8077686018371620 -0.2870233108036565 0.5149053359029637
v -0.2076990000000000 0.3167540000000000 0.0450920000000000
vn -0.8779155036949541 -0.2643324392799400 0.3992401907578344
v -0.2091330000000000 0.3032810000000000 0.0338650000000000
vn -0.8118025111498207 -0.2583315581755699 0.5236807127834929
v -0.2038920000000000 0.3072320000000000 0.0458700000000000
vn -0.9693450384986628 0.1254794235560161 0.2112465635272584
v -0.2135320000000000 0.2828510000000000 0.0108820000000000
vn -0.9935372352030595 0.0715490274905012 0.0881163942193725
v -0.2159300000000000 0.2847920000000000 -0.0049270000000000
vn -0.9231357915733023 0.3829752718120036 0.0339153578317357
v -0.2182880000000000 0.2764730000000000 -0.0137760000000000
vn -0.9621562484878994 0.2433268187765227 0.1226678962067454
v -0.2163360000000000 0.2794810000000000 -0.0019390000000000
vn -0.9531303369119888 -0.1134133621529907 0.2804995011460686
v -0.2109030000000000 0.2920630000000000 0.0220070000000000
vn -0.9524478271610863 0.0391072918975837 0.3021816610195970
v -0.2098080000000000 0.2865180000000000 0.0239940000000000
vn -0.9212650524178739 -0.2960482431179055 0.2522422267192655
v -0.2162580000000000 0.3092040000000000 0.0196560000000000
vn -0.9766840542189548 -0.1555522847502468 0.1479585919891238
v -0.2153840000000000 0.2956880000000000 0.0066020000000000
vn -0.9289198953008636 -0.2439658821514167 0.2785470812274177
v -0.2130160000000000 0.2994380000000000 0.0206070000000000
vn -0.9841657517279027 -0.1540571604048468 -0.0876593660360799
v -0.2175200000000000 0.3022290000000000 -0.0093120000000000
vn -0.9834734267593217 0.1109101641499975 -0.1431046971503655
v -0.2154660000000000 0.2880860000000000 -0.0207600000000000
vn -0.9995357375407075 -0.0218340478589735 0.0212504995952092
v -0.2160790000000000 0.2920130000000000 -0.0076390000000000
vn -0.7149684663547858 0.0682749502620604 -0.6958150783685265
v -0.2049800000000000 0.3060900000000000 -0.0357110000000000
vn -0.5049866356643217 0.2306458948981002 -0.8317397242930533
v -0.1904510000000000 0.3032130000000000 -0.0469610000000000
vn -0.5726097650027568 0.4552167503776111 -0.6818326533682114
v -0.1973670000000000 0.2899410000000000 -0.0479160000000000
vn -0.7651929732747860 0.3148491122570278 -0.5615601037839619
v -0.2090760000000000 0.2898560000000000 -0.0356920000000000
vn -0.6311523920844829 0.2746178524008313 -0.7254182883749144
v -0.2009000000000000 0.2964530000000000 -0.0413250000000000
vn -0.3842031355851454 0.0709579655402509 -0.9205177443878694
v -0.1830720000000000 0.3196670000000000 -0.0482980000000000
vn -0.2795253421845594 0.1890632497229900 -0.9413398274166388
v -0.1664990000000000 0.3166140000000000 -0.0541330000000000
vn -0.3737165977445520 0.3506362662148572 -0.8587142210218369
v -0.1751280000000000 0.3027560000000000 -0.0549530000000000
vn -0.3868771444978220 0.2230139321481675 -0.8947574314488951
v -0.1788030000000000 0.3099770000000000 -0.0512560000000000
vn -0.2788165709401208 0.4632384863872619 -0.8412320871785807
v -0.1593690000000000 0.3040070000000000 -0.0604060000000000
vn -0.3671657759552904 0.6028874257820339 -0.7083191687375557
v -0.1684080000000000 0.2936810000000000 -0.0637820000000000
vn -0.4491748121383013 0.5379393857593661 -0.7133464834071573
v -0.1836310000000000 0.2911430000000000 -0.0570080000000000
vn -0.3720508235029752 0.4952299687839600 -0.7850639864042905
v -0.1717600000000000 0.2974950000000000 -0.0591920000000000
vn -0.4656171555414342 0.6783151171203731 -0.5684094178947764
v -0.1919220000000000 0.2817520000000000 -0.0600810000000000
vn -0.5690184868325259 0.6412842387608614 -0.5147547831343827
v -0.2036980000000000 0.2800370000000000 -0.0509920000000000
vn -0.5143077631355745 0.5884516274201833 -0.6238687417758799
v -0.1944540000000000 0.2852320000000000 -0.0541690000000000
vn -0.1248329178575123 0.0704499351571731 -0.9896734558709401
v -0.1583980000000000 0.3325560000000000 -0.0538700000000000
vn 0.0058187399398693 0.1678947635921622 -0.9857877513054442
v -0.1420450000000000 0.3289490000000000 -0.0553140000000000
vn -0.1570666107975779 0.3188143582783496 -0.9347125144813919
v -0.1503970000000000 0.3157390000000000 -0.0576700000000000
vn -0.1381094655006082 0.1806643277694807 -0.9737998645567465
v -0.1540850000000000 0.3229930000000000 -0.0555050000000000
vn 0.1602731202322438 0.1245782941137008 -0.9791796441750312
v -0.1351220000000000 0.3437470000000000 -0.0527580000000000
vn 0.3457929769669745 0.2295945187812469 -0.9097876532608723
v -0.1210370000000000 0.3389320000000000 -0.0500050000000000
vn 0.1124663488822265 0.2945954814743126 -0.9489809390414642
v -0.1272850000000000 0.3271810000000000 -0.0545980000000000
vn 0.1602947614449176 0.1875089465699102 -0.9690954464909839
v -0.1308670000000000 0.3343170000000000 -0.0535000000000000
vn 0.2813413436278073 0.4537008799858812 -0.8455782399433758
v -0.1143550000000000 0.3267680000000000 -0.0517180000000000
vn 0.0274455961062908 0.5927930502567421 -0.8048870348202150
v -0.1207790000000000 0.3184250000000000 -0.0578970000000000
vn -0.0449514072824393 0.4286149921779366 -0.9023683058838200
v -0.1350610000000000 0.3164740000000000 -0.0589100000000000
vn 0.1032318335825955 0.4304718184794303 -0.8966812153882715
v -0.1240350000000000 0.3219990000000000 -0.0560610000000000
vn -0.2066885714533443 0.5791524213656080 -0.7885824669981758
v -0.1435070000000000 0.3066050000000000 -0.0634670000000000
vn -0.1698909543929011 0.4411833823013842 -0.8811891322506081
v -0.1469870000000000 0.3104050000000000 -0.0603350000000000
vn -0.1642973369160392 0.7002934970907216 -0.6946908686709110
v -0.1278780000000000 0.3102910000000000 -0.0642510000000000
vn -0.2678890983662286 0.7348922623705827 -0.6230319363278065
v -0.1349380000000000 0.3020980000000000 -0.0710450000000000
vn -0.3094368217816552 0.6682093556038767 -0.6765686294893667
v -0.1520250000000000 0.2973730000000000 -0.0684620000000000
vn -0.2437842502400308 0.6808207589758636 -0.6906897519743833
v -0.1396080000000000 0.3039550000000000 -0.0670340000000000
vn 0.0506754993060469 0.7737314328296052 -0.6314837002025696
v -0.1078460000000000 0.3211710000000000 -0.0546360000000000
vn -0.1431101924097101 0.8066536274584215 -0.5734364813443822
v -0.1128890000000000 0.3147330000000000 -0.0627280000000000
vn -0.0663406709357359 0.7295620491866589 -0.6806894532504228
v -0.1171770000000000 0.3161170000000000 -0.0601170000000000
vn -0.1325598122208990 0.8838092575852403 -0.4486748180927767
v -0.0989090000000000 0.3194710000000000 -0.0588230000000000
vn -0.1809765078830088 0.8373763373657721 -0.5157987720171074
v -0.1009040000000000 0.3133620000000000 -0.0691640000000000
vn -0.2285758945938207 0.7904432558644454 -0.5682891162683389
v -0.1177000000000000 0.3075680000000000 -0.0713680000000000
vn -0.1806607221174427 0.8345774666582096 -0.5204249759863272
v -0.1075780000000000 0.3139280000000000 -0.0657410000000000
vn -0.2587864787939659 0.7403220500218157 -0.6204456629269935
v -0.1218770000000000 0.2993510000000000 -0.0804380000000000
vn -0.3121492184635389 0.7113303925473600 -0.6297395795493727
v -0.1417860000000000 0.2935610000000000 -0.0779720000000000
vn -0.2724447108937409 0.7502031974200027 -0.6024691212724766
v -0.1291450000000000 0.3006820000000000 -0.0755090000000000
vn -0.3996573853667720 0.6862523944094495 -0.6077266042301364
v -0.1774410000000000 0.2845600000000000 -0.0675050000000000
vn -0.3840807688069717 0.7483500807066278 -0.5407902733398865
v -0.1871150000000000 0.2764420000000000 -0.0709040000000000
vn -0.4192208190828913 0.7942931218523706 -0.4397184797407144
v -0.2006110000000000 0.2742070000000000 -0.0632190000000000
vn -0.4223912095681984 0.7286247177258321 -0.5391583132981125
v -0.1895330000000000 0.2789260000000000 -0.0656460000000000
vn -0.3538283288829823 0.6936862686972535 -0.6273793703181177
v -0.1605850000000000 0.2885290000000000 -0.0734530000000000
vn -0.3614907908423168 0.6673884534702083 -0.6510891339216469
v -0.1647870000000000 0.2908080000000000 -0.0685310000000000
vn -0.3215936468481915 0.6443917494391487 -0.6937844042363838
v -0.1492050000000000 0.2843730000000000 -0.0838780000000000
vn -0.3542011142856139 0.6890635849437114 -0.6322443724884786
v -0.1698640000000000 0.2798550000000000 -0.0777230000000000
vn -0.3406818052475604 0.6846270184197867 -0.6443770272308724
v -0.1554940000000000 0.2864990000000000 -0.0785630000000000
vn -0.3132145508742208 0.6907211163886570 -0.6517675847228577
v -0.1814900000000000 0.2712570000000000 -0.0806530000000000
vn -0.3274547682327444 0.8154227063741665 -0.4773459800721794
v -0.1989700000000000 0.2692630000000000 -0.0735150000000000
vn -0.3482831239146686 0.7361518942787627 -0.5803268511330738
v -0.1844910000000000 0.2739900000000000 -0.0758930000000000
vn -0.4018572981637697 0.9020527949371676 0.1575165612199537
v -0.1616390000000000 0.3027150000000000 0.0892140000000000
vn -0.3200830854900399 0.9288429417304843 0.1865411696667411
v -0.1499580000000000 0.3085180000000000 0.0818460000000000
vn -0.3493659808144161 0.8729385129924546 0.3404728535200760
v -0.1626780000000000 0.3043590000000000 0.0794760000000000
vn -0.3927709308905818 0.8981527535312761 0.1976173756822323
v -0.1621170000000000 0.3034670000000000 0.0837150000000000
vn -0.3066020622877667 0.9460488544498502 0.1048176530695784
v -0.1352470000000000 0.3134090000000000 0.0824170000000000
vn -0.2643331880272580 0.9589464044027074 0.1027120206717091
v -0.1256350000000000 0.3174920000000000 0.0702300000000000
vn -0.2050828655172851 0.9378620749840358 0.2799209648773341
v -0.1396070000000000 0.3134150000000000 0.0733220000000000
vn -0.2819835741819978 0.9487488357426489 0.1426916625753375
v -0.1376100000000000 0.3132200000000000 0.0772680000000000
vn 0.0309275796134609 0.8817529583924354 0.4706965107003037
v -0.1305250000000000 0.3181710000000000 0.0638490000000000
vn 0.1407148590626207 0.6388179011916216 0.7563802070097541
v -0.1433220000000000 0.3162570000000000 0.0683090000000000
vn -0.1547160718008806 0.8019632356280603 0.5769903862522123
v -0.1525640000000000 0.3101570000000000 0.0746670000000000
vn -0.0486464130301834 0.8493036242193979 0.5256585207024542
v -0.1414450000000000 0.3143180000000000 0.0703960000000000
vn -0.2024009313115066 0.4959142658477051 0.8444542047577042
v -0.1646100000000000 0.3080110000000000 0.0740240000000000
vn -0.3011086035094018 0.7372433085285816 0.6048189091971652
v -0.1634620000000000 0.3057520000000000 0.0763080000000000
vn -0.2715303828472054 0.9608212288295089 0.0556220947232529
v -0.1108970000000000 0.3220330000000000 0.0652010000000000
vn -0.2223775909726673 0.9720851492636602 0.0748242581937198
v -0.1047350000000000 0.3244900000000000 0.0500930000000000
vn -0.1162429753699292 0.9712384618733183 0.2078062098569161
v -0.1176290000000000 0.3210270000000000 0.0577550000000000
vn -0.2373563288540943 0.9670996747991465 0.0915433894734734
v -0.1146000000000000 0.3212550000000000 0.0609780000000000
vn -0.2547634955565309 0.9665776813873933 0.0286905415701453
v -0.0919790000000000 0.3281910000000000 0.0408860000000000
vn -0.1788262212157436 0.9822144598772363 0.0572358053474112
v -0.0894390000000000 0.3292870000000000 0.0257660000000000
vn -0.0287226408106612 0.9838364225424523 0.1767509648735505
v -0.0997600000000000 0.3267850000000000 0.0360890000000000
vn -0.1994739268798768 0.9776331585924574 0.0666600308705063
v -0.0962710000000000 0.3271740000000000 0.0381610000000000
vn 0.2654180329390035 0.9245091476318148 0.2735618828270586
v -0.0960930000000000 0.3294000000000000 0.0231630000000000
vn 0.4835312221603191 0.7325068102665026 0.4791986332507034
v -0.1053800000000000 0.3290370000000000 0.0334720000000000
vn 0.1585697743393135 0.9123381859259784 0.3774846502406078
v -0.1108550000000000 0.3247120000000000 0.0454570000000000
vn 0.2148344658442556 0.9189432573077815 0.3307407476165852
v -0.1027090000000000 0.3273090000000000 0.0345620000000000
vn 0.3379841311604097 0.7089275846398050 0.6190221375851714
v -0.1226430000000000 0.3234230000000000 0.0536910000000000
vn 0.0980566092116603 0.9013459734146054 0.4218534551229716
v -0.1202280000000000 0.3216510000000000 0.0553770000000000
vn 0.5686769201468770 0.5215679428334540 0.6360608787692742
v -0.1160040000000000 0.3296640000000000 0.0431030000000000
vn 0.5545320435475564 0.3722866118885442 0.7442424949487363
v -0.1278970000000000 0.3316160000000000 0.0517730000000000
vn 0.3933132017083164 0.4681787713416878 0.7912732545884140
v -0.1350410000000000 0.3232550000000000 0.0606090000000000
vn 0.4889630173842657 0.5000449458563891 0.7147518588670861
v -0.1251170000000000 0.3266450000000000 0.0525420000000000
vn 0.7023102063743062 0.5543988576487003 0.4465448249171584
v -0.1015340000000000 0.3343460000000000 0.0218000000000000
vn 0.7034360727648840 0.4214341698395517 0.5723381273554689
v -0.1109310000000000 0.3372420000000000 0.0321810000000000
vn 0.6388096946698262 0.5383125920962945 0.5496742009467173
v -0.1080330000000000 0.3322520000000000 0.0327140000000000
vn 0.7920562013468072 0.3898849461491745 0.4697198129463151
v -0.1078890000000000 0.3464010000000000 0.0210160000000000
vn 0.7361636982388405 0.3469750141292041 0.5810949569264494
v -0.1185030000000000 0.3536930000000000 0.0313580000000000
vn 0.6585958699841655 0.3419469777443593 0.6703161526110637
v -0.1222240000000000 0.3416800000000000 0.0419720000000000
vn 0.7280252481816539 0.3669439347720878 0.5790780489226119
v -0.1143330000000000 0.3442930000000000 0.0317640000000000
vn 0.5871512789347876 0.2920016694425565 0.7549757616559640
v -0.1353500000000000 0.3480030000000000 0.0507580000000000
vn 0.4828925553022232 0.2771658220476637 0.8306587067636936
v -0.1410050000000000 0.3352310000000000 0.0591320000000000
vn 0.5794313203045705 0.3131249392779268 0.7524706754766574
v -0.1312260000000000 0.3386360000000000 0.0512300000000000
vn 0.3642007646198078 0.2070442881035701 0.9080145735691875
v -0.1552890000000000 0.3408750000000000 0.0647190000000000
vn 0.1862804091788156 0.1618600893381726 0.9690721957808983
v -0.1615480000000000 0.3276340000000000 0.0692270000000000
vn 0.3333093899050998 0.2895633194519512 0.8972502073719779
v -0.1480090000000000 0.3245420000000000 0.0659260000000000
vn 0.3572218272602192 0.2290964700098392 0.9054873679725747
v -0.1512240000000000 0.3315390000000000 0.0652660000000000
vn -0.0379189601065484 0.0453992011099926 0.9982489995001310
v -0.1756500000000000 0.3329160000000000 0.0699800000000000
vn -0.0644162068844352 0.1304863626568504 0.9893552756473312
v -0.1685590000000000 0.3165650000000000 0.0713580000000000
vn -0.0436439401689849 0.0683660985922544 0.9967052137165735
v -0.1716420000000000 0.3235850000000000 0.0706020000000000
vn 0.1076153822190750 0.3546148595527538 0.9287988107734759
v -0.1559680000000000 0.3156140000000000 0.0709550000000000
vn -0.1139671330527603 0.2655848904406919 0.9573276129692176
v -0.1662630000000000 0.3114940000000000 0.0724370000000000
vn 0.2717802153129860 0.4207293900761578 0.8655185121593710
v -0.1454430000000000 0.3195560000000000 0.0668800000000000
vn -0.2293615227566468 0.9732587528100070 0.0126764331521863
v -0.0798880000000000 0.3318400000000000 0.0148180000000000
vn -0.1497075804344249 0.9886628544913806 0.0115499138276239
v -0.0813310000000000 0.3316780000000000 0.0014560000000000
vn 0.0046648875304052 0.9948839985830493 0.1009161443364332
v -0.0881870000000000 0.3304140000000000 0.0124840000000000
vn -0.1721612198735870 0.9843553119289242 0.0374851203672673
v -0.0844710000000000 0.3308110000000000 0.0134890000000000
vn -0.1818151814140982 0.9822913032716367 -0.0452441744787972
v -0.0751260000000000 0.3327010000000000 -0.0099620000000000
vn -0.0996070865893572 0.9912675761949377 -0.0864119244421402
v -0.0803960000000000 0.3311850000000000 -0.0213980000000000
vn 0.0101495549243201 0.9997774224181942 -0.0184957334991057
v -0.0839070000000000 0.3315320000000000 -0.0103880000000000
vn -0.1410721825828722 0.9894817170524384 -0.0320089193860550
v -0.0799850000000000 0.3318240000000000 -0.0102140000000000
vn 0.3526180331252098 0.9266923048326756 -0.1300072877911539
v -0.0877930000000000 0.3316360000000000 -0.0209960000000000
vn 0.6033506346940135 0.7974649053682784 0.0042114510912271
v -0.0900620000000000 0.3338730000000000 -0.0106170000000000
vn 0.3361199916371517 0.9358588473285341 0.1057902126793806
v -0.0883390000000000 0.3318640000000000 0.0004550000000000
vn 0.2946343666486301 0.9555949836727633 -0.0053681625358868
v -0.0871730000000000 0.3321160000000000 -0.0105140000000000
vn 0.5950094289799568 0.7520446926196923 0.2835358173626365
v -0.0941020000000000 0.3326670000000000 0.0111910000000000
vn 0.3063729623862559 0.9307585624502391 0.1995597813795003
v -0.0913080000000000 0.3309390000000000 0.0117370000000000
vn -0.1299147980568472 0.9777866306226901 -0.1644854103602369
v -0.0773020000000000 0.3302540000000000 -0.0327110000000000
vn -0.0803485995590241 0.9630423068791159 -0.2570867902282310
v -0.0863490000000000 0.3272890000000000 -0.0418170000000000
vn 0.0668401488721951 0.9773973349943263 -0.2005663083489625
v -0.0867260000000000 0.3296280000000000 -0.0313400000000000
vn -0.0831345531400332 0.9828961473922848 -0.1643283588295434
v -0.0825290000000000 0.3296940000000000 -0.0319720000000000
vn -0.1225462838195861 0.9300004309944900 -0.3465279305800213
v -0.0860240000000000 0.3239800000000000 -0.0526930000000000
vn -0.0005883016189903 0.9076365426335433 -0.4197565489393025
v -0.0964520000000000 0.3241970000000000 -0.0491830000000000
vn -0.0964301638316592 0.9295876317594756 -0.3557640487503045
v -0.0918210000000000 0.3239030000000000 -0.0508070000000000
vn 0.3461023813030716 0.6661500822826497 -0.6606490819876786
v -0.1034620000000000 0.3272040000000000 -0.0466910000000000
vn 0.2614096455769089 0.8713914626035062 -0.4151408388740830
v -0.0943360000000000 0.3282330000000000 -0.0398160000000000
vn 0.1673246550896616 0.8252973296506606 -0.5393392044628451
v -0.1002270000000000 0.3251900000000000 -0.0478120000000000
vn 0.5790024164085954 0.7395943493891705 -0.3431565242635164
v -0.0932020000000000 0.3322020000000000 -0.0304210000000000
vn 0.3233215249742988 0.9060381504819874 -0.2730532207454686
v -0.0901860000000000 0.3303620000000000 -0.0308200000000000
vn 0.6230964333095652 0.5308966241936717 -0.5743688790460899
v -0.1003700000000000 0.3334460000000000 -0.0385540000000000
vn 0.8014015195418931 0.4469453066742337 -0.3974864743834939
v -0.0990800000000000 0.3404360000000000 -0.0300040000000000
vn 0.7930436517306531 0.5818082006293921 -0.1805020335899281
v -0.0935640000000000 0.3366570000000000 -0.0208020000000000
vn 0.7335353815559409 0.5626008816048481 -0.3813215074225789
v -0.0960690000000000 0.3354580000000000 -0.0301470000000000
vn 0.4886269818389944 0.3595357816949080 -0.7949702474306485
v -0.1095560000000000 0.3355990000000000 -0.0451740000000000
vn 0.4663967878152488 0.4918337440293510 -0.7352371077072269
v -0.1064670000000000 0.3305660000000000 -0.0458130000000000
vn 0.5449006692852939 0.2469249409590555 -0.8013184973185168
v -0.1172380000000000 0.3519820000000000 -0.0445850000000000
vn 0.7109445569601066 0.3352339411871598 -0.6182038835246196
v -0.1068750000000000 0.3454520000000000 -0.0380200000000000
vn 0.5419456375105324 0.2863027537478849 -0.7901428093577014
v -0.1130420000000000 0.3426290000000000 -0.0447660000000000
vn 0.8368531104699770 0.3619083944391521 -0.4107300640703083
v -0.1067090000000000 0.3567860000000000 -0.0301390000000000
vn 0.8899717267207257 0.4141079422017889 -0.1909579478396486
v -0.0999970000000000 0.3486440000000000 -0.0209390000000000
vn 0.8278671283474645 0.3875625320348851 -0.4055012966248465
v -0.1025290000000000 0.3474420000000000 -0.0299990000000000
vn 0.7803614297619949 0.5954074015830709 0.1911179350032611
v -0.0939470000000000 0.3368190000000000 -0.0001290000000000
vn 0.8219077790818330 0.4609518896237451 0.3346505014744003
v -0.0997910000000000 0.3408790000000000 0.0104520000000000
vn 0.7556437339648667 0.5702328378350551 0.3222375800154501
v -0.0968390000000000 0.3358860000000000 0.0107830000000000
vn 0.8784202671153311 0.4777998916904231 0.0092248480556810
v -0.0958330000000000 0.3420700000000000 -0.0108690000000000
vn 0.8014748812241143 0.5976436464166984 0.0214496308719842
v -0.0928560000000000 0.3370930000000000 -0.0107260000000000
vn 0.9150003670872983 0.4033526579702402 0.0089978629936111
v -0.1034600000000000 0.3584680000000000 -0.0113670000000000
vn 0.8842490021509151 0.4232263253618064 0.1974415855787565
v -0.1003530000000000 0.3488470000000000 -0.0006360000000000
vn 0.9054237446159440 0.4244105859427993 0.0091376816168912
v -0.0992740000000000 0.3490970000000000 -0.0110740000000000
vn 0.8556088527570840 0.3907625890484942 0.3394673623248986
v -0.1074160000000000 0.3573340000000000 0.0097800000000000
vn 0.8410308510234775 0.4105072755976981 0.3523505134210545
v -0.1032260000000000 0.3479330000000000 0.0101390000000000
vn -0.4309692178658426 0.8973921881879533 0.0946192043474303
v -0.2300830000000000 0.2645420000000000 -0.0081490000000000
vn -0.2280254843313978 0.9611455388519309 0.1555751639576925
v -0.2414410000000000 0.2609450000000000 -0.0079170000000000
vn -0.2916875878369147 0.9372814595672185 0.1908450068862868
v -0.2435030000000000 0.2571590000000000 0.0091270000000000
vn -0.3335005156423302 0.9317024817154934 0.1439023684012548
v -0.2359280000000000 0.2612130000000000 -0.0003720000000000
vn -0.7132470429917429 0.7007744354447201 0.0139228693403640
v -0.2221950000000000 0.2705090000000000 -0.0196550000000000
vn -0.4077975000759586 0.9116067143587497 0.0517145750039922
v -0.2286100000000000 0.2662990000000000 -0.0226630000000000
vn -0.5617027027893887 0.8255561258554159 0.0542877218318481
v -0.2256210000000000 0.2675180000000000 -0.0144840000000000
vn -0.3923367037800456 0.9197482352806289 -0.0116230187635414
v -0.2264920000000000 0.2674660000000000 -0.0356080000000000
vn -0.1687518142912010 0.9854126769925536 0.0220154762791379
v -0.2365940000000000 0.2650060000000000 -0.0364290000000000
vn -0.1902952243195950 0.9761536748717224 0.1044592295375886
v -0.2389180000000000 0.2635700000000000 -0.0229780000000000
vn -0.2602348447974735 0.9640838058558440 0.0531059397783898
v -0.2320980000000000 0.2655120000000000 -0.0298760000000000
vn -0.0202669951050790 0.9856480655775561 0.1675921827909413
v -0.2544480000000000 0.2622140000000000 -0.0212750000000000
vn -0.0416163453138014 0.9684009879759743 0.2459016191282179
v -0.2584430000000000 0.2585680000000000 -0.0050240000000000
vn -0.1086600911311650 0.9793610156799351 0.1704258946338058
v -0.2475120000000000 0.2613520000000000 -0.0147510000000000
vn -0.9021354352819161 0.4052694748122879 -0.1480145573721723
v -0.2168750000000000 0.2780920000000000 -0.0277280000000000
vn -0.6982630962108458 0.7097672654231931 -0.0930541638172396
v -0.2203690000000000 0.2716560000000000 -0.0327050000000000
vn -0.8391676095998029 0.5420061620529835 -0.0450226975552077
v -0.2194590000000000 0.2738850000000000 -0.0239410000000000
vn -0.7442735470814923 0.5394071238435106 -0.3938233637833147
v -0.2121240000000000 0.2792400000000000 -0.0402020000000000
vn -0.8870522443864175 0.3258378864512735 -0.3270596084538509
v -0.2139080000000000 0.2835750000000000 -0.0314030000000000
vn -0.4876923467532821 0.8024856876337059 -0.3437628485763620
v -0.2101580000000000 0.2730830000000000 -0.0544560000000000
vn -0.6009149585245950 0.7639247449443513 -0.2352024589222912
v -0.2165510000000000 0.2724550000000000 -0.0443220000000000
vn -0.6084465203986675 0.6956133166767912 -0.3819881483458197
v -0.2108330000000000 0.2758360000000000 -0.0477910000000000
vn -0.3566133060549759 0.9290116087311087 -0.0988148814064852
v -0.2234970000000000 0.2680230000000000 -0.0471250000000000
vn -0.5222633446824416 0.8462862885477341 -0.1050738626738854
v -0.2215400000000000 0.2697230000000000 -0.0403430000000000
vn -0.3418549060636638 0.9099294427515329 -0.2348693943750199
v -0.2187920000000000 0.2682000000000000 -0.0572510000000000
vn -0.1531384306408990 0.9791165375042873 -0.1337139747612723
v -0.2317130000000000 0.2649450000000000 -0.0590790000000000
vn -0.1632671223706892 0.9857702105278455 -0.0400117331376881
v -0.2345520000000000 0.2653740000000000 -0.0485160000000000
vn -0.2559807330020152 0.9578789805646926 -0.1301603738627716
v -0.2267590000000000 0.2664940000000000 -0.0533260000000000
vn -0.3246042418906702 0.8831329167713422 -0.3386861931958918
v -0.2111040000000000 0.2684360000000000 -0.0659750000000000
vn -0.4119833323608746 0.8446601614591821 -0.3417878662278364
v -0.2102200000000000 0.2707000000000000 -0.0604840000000000
vn -0.1923350765514045 0.8679987513610977 -0.4578049649834965
v -0.2156780000000000 0.2632440000000000 -0.0757490000000000
vn -0.1716180666697583 0.9478799091114409 -0.2684602709814269
v -0.2261830000000000 0.2640850000000000 -0.0681330000000000
vn -0.2444412806607270 0.8958620213834462 -0.3710521512560056
v -0.2128970000000000 0.2660350000000000 -0.0710300000000000
vn -0.0752846544025060 0.9521105478354175 -0.2963405566439338
v -0.2482390000000000 0.2610370000000000 -0.0697830000000000
vn -0.0514351320550860 0.9861930915049764 -0.1574090640920443
v -0.2504960000000000 0.2631290000000000 -0.0598880000000000
vn -0.1057274125369509 0.9738654829370825 -0.2010167539832544
v -0.2387450000000000 0.2631910000000000 -0.0645200000000000
vn -0.0156807152907157 0.9974956833975708 0.0689672151908763
v -0.2516810000000000 0.2640230000000000 -0.0357340000000000
vn 0.0386866079458802 0.9961506291649237 0.0786592040384871
v -0.2717490000000000 0.2643390000000000 -0.0342450000000000
vn 0.0380696628917892 0.9777858801907319 0.2061200457668813
v -0.2759800000000000 0.2622420000000000 -0.0191770000000000
vn 0.0197995096519758 0.9906819561277225 0.1347488078629666
v -0.2625510000000000 0.2633080000000000 -0.0278940000000000
vn -0.0277833698664622 0.9988002707940052 -0.0403249726681269
v -0.2506740000000000 0.2642410000000000 -0.0484670000000000
vn -0.0693158980985140 0.9974944621840907 0.0141458185648019
v -0.2426040000000000 0.2646320000000000 -0.0426300000000000
vn -0.0037709629691487 0.9781327316318497 -0.2079474432367495
v -0.2751720000000000 0.2628050000000000 -0.0590110000000000
vn 0.0228560986372332 0.9976829648260341 -0.0640804217450185
v -0.2717060000000000 0.2644430000000000 -0.0471290000000000
vn -0.0080681503336882 0.9930501340172665 -0.1174152301811053
v -0.2613480000000000 0.2636810000000000 -0.0539310000000000
vn 0.0312610424492359 0.9967627815304118 -0.0740722929356430
v -0.2947070000000000 0.2653810000000000 -0.0442500000000000
vn 0.0459539001362245 0.9959709492007034 0.0770071906416523
v -0.2941630000000000 0.2653440000000000 -0.0332360000000000
vn 0.0423984087530168 0.9990916596882856 0.0042697162105706
v -0.2819690000000000 0.2650120000000000 -0.0399650000000000
vn -0.0907134910715585 0.9454069820367709 0.3130123014415491
v -0.2624810000000000 0.2529660000000000 0.0134170000000000
vn -0.1887635839634317 0.9054709642918508 0.3801192473338681
v -0.2636380000000000 0.2452870000000000 0.0335090000000000
vn -0.3948778884520788 0.8931379398229939 0.2153510475023643
v -0.2444210000000000 0.2524040000000000 0.0285780000000000
vn -0.2308334018293890 0.9346936587189624 0.2703029873131846
v -0.2531540000000000 0.2520140000000000 0.0206230000000000
vn 0.0230872208470650 0.9509657277778083 0.3084334041986732
v -0.2823990000000000 0.2575790000000000 -0.0011260000000000
vn -0.0058935357311164 0.9126360189626372 0.4087306730949060
v -0.2879380000000000 0.2499400000000000 0.0190120000000000
vn -0.0153399762420708 0.9465277373497430 0.3222575484864065
v -0.2722720000000000 0.2549300000000000 0.0063650000000000
vn 0.0053267436360852 0.8846577912209342 0.4662104870488578
v -0.3204970000000000 0.2485270000000000 0.0230120000000000
vn -0.0311466228422525 0.7795337502032140 0.6255853420434624
v -0.3173350000000000 0.2331890000000000 0.0465230000000000
vn -0.0712654817458287 0.8522558164741433 0.5182482555663128
v -0.2879930000000000 0.2389490000000000 0.0400350000000000
vn -0.0129376707613226 0.8602435204422830 0.5097192386131204
v -0.3043850000000000 0.2431010000000000 0.0325070000000000
vn -0.2031090322460088 0.7727290904139207 0.6013621819238092
v -0.2821270000000000 0.2251450000000000 0.0610030000000000
vn -0.3453220204102875 0.8403723615018917 0.4177642831112912
v -0.2612560000000000 0.2361230000000000 0.0546580000000000
vn -0.1745566565019955 0.8595474699816504 0.4803208516387648
v -0.2737110000000000 0.2364930000000000 0.0471720000000000
vn 0.0111993935402350 0.9999308887131164 0.0035765041210839
v -0.3141660000000000 0.2662370000000000 -0.0368990000000000
vn 0.0053878909742669 0.9863397015762577 0.1646358518832037
v -0.3298430000000000 0.2650660000000000 -0.0232060000000000
vn 0.0399693836253990 0.9747585572377522 0.2196547369495621
v -0.3023510000000000 0.2633740000000000 -0.0186910000000000
vn 0.0299076493954130 0.9904657065250810 0.1344738513816456
v -0.3103130000000000 0.2653950000000000 -0.0277360000000000
vn -0.0366630749071660 0.9989792481696493 0.0263871306654178
v -0.3560470000000000 0.2656780000000000 -0.0338060000000000
vn -0.0453857202761092 0.9814802115619981 0.1861094589407920
v -0.3762860000000000 0.2630340000000000 -0.0168880000000000
vn -0.0002737604202824 0.9520687556278352 0.3058839806405322
v -0.3445620000000000 0.2605190000000000 -0.0047650000000000
vn -0.0192792625710167 0.9833885307458335 0.1804863087114049
v -0.3521840000000000 0.2642630000000000 -0.0193800000000000
vn -0.0155421822617152 0.8941627927578039 0.4474721674228558
v -0.3578970000000000 0.2516410000000000 0.0170480000000000
vn 0.0270825676647200 0.9411066736452445 0.3370233869467653
v -0.3122480000000000 0.2581590000000000 0.0002230000000000
vn 0.0080891275349708 0.9174470206386472 0.3977757286926798
v -0.3339460000000000 0.2548030000000000 0.0099770000000000
vn 0.0385294029801701 0.9607535003193441 0.2747147552100537
v -0.2927360000000000 0.2605820000000000 -0.0096490000000000
vn -0.2936125197173991 0.8707465151347238 0.3944517646632271
v -0.4410220000000000 0.2516670000000000 -0.0047760000000000
vn -0.1496088229661576 0.9688089293212774 0.1975511542817228
v -0.4247670000000000 0.2590910000000000 -0.0176950000000000
vn -0.2349270484524850 0.9710022827627980 0.0443153334054825
v -0.4495810000000000 0.2567770000000000 -0.0366960000000000
vn -0.2591388960595774 0.9406625823355473 0.2190911653692209
v -0.4453990000000000 0.2556910000000000 -0.0207830000000000
vn -0.3448660021552701 0.6280910864994302 0.6975450004246367
v -0.4253660000000000 0.2352580000000000 0.0270990000000000
vn -0.1643071815307960 0.8414689803521567 0.5147165289773663
v -0.4103890000000000 0.2479620000000000 0.0166510000000000
vn -0.3226543528653633 0.7671903844490239 0.5543582619443788
v -0.4341840000000000 0.2448190000000000 0.0115640000000000
vn -0.0783857710939620 0.7790318081464441 0.6220651997870374
v -0.3749550000000000 0.2394010000000000 0.0356620000000000
vn -0.0741097239921150 0.9362269330342458 0.3434921813827827
v -0.3936860000000000 0.2570750000000000 0.0012240000000000
vn -0.0678762875431174 0.8729570848926793 0.4830514853771172
v -0.3841690000000000 0.2497980000000000 0.0188760000000000
vn -0.0858485389979048 0.9962788960242145 0.0076413145922452
v -0.4061250000000000 0.2627940000000000 -0.0337810000000000
vn -0.0839059097846911 0.9786257024121097 0.1877539157557258
v -0.4011050000000000 0.2614240000000000 -0.0163620000000000
vn -0.2145494806086584 0.1506481896578485 0.9650252034653644
v -0.3396390000000000 0.1890740000000000 0.0736630000000000
vn -0.1566014524033824 0.4412433098456351 0.8836177491549272
v -0.3633340000000000 0.2097960000000000 0.0622920000000000
vn -0.2796074285693206 0.1266577061363203 0.9517234426897017
v -0.3771400000000000 0.1949710000000000 0.0640060000000000
vn -0.2187450334552665 0.1559571440074311 0.9632382776715738
v -0.3583140000000000 0.1928710000000000 0.0690420000000000
vn -0.0722596672018142 0.6521553249854835 0.7546336678077393
v -0.3441290000000000 0.2236110000000000 0.0548330000000000
vn -0.2037089467292088 0.5850613990083853 0.7849877861551908
v -0.3929310000000000 0.2254370000000000 0.0464950000000000
vn -0.1061721083930192 0.6398629865349520 0.7611194662219282
v -0.3684450000000000 0.2256860000000000 0.0506490000000000
vn -0.3778725517527485 0.2696923899567489 0.8857078239641351
v -0.4043970000000000 0.2093590000000000 0.0513160000000000
vn -0.3639464485281184 0.4615902551465229 0.8089977867445235
v -0.4150520000000000 0.2230920000000000 0.0406900000000000
vn -0.3839938823197931 0.0484267947725405 0.9220648262942422
v -0.3945590000000000 0.1950960000000000 0.0579560000000000
vn -0.7401696024807255 0.2472870405830245 0.6252983920683104
v -0.2813810000000000 0.1710810000000000 0.1022570000000000
vn -0.3735224193310563 0.4448930820465756 0.8139724490449129
v -0.2911690000000000 0.1932620000000000 0.0854880000000000
vn -0.3805240073076118 0.1316863601051506 0.9153470284131661
v -0.3073520000000000 0.1780730000000000 0.0844140000000000
vn -0.5263590061847683 0.1732695030137168 0.8324204922595085
v -0.2936130000000000 0.1726080000000000 0.0924450000000000
vn -0.4837644383129697 0.6224860800655942 0.6152097596334989
v -0.2739530000000000 0.2102180000000000 0.0817930000000000
vn -0.1508656084724011 0.6348272538031342 0.7577822418142451
v -0.3036650000000000 0.2139750000000000 0.0675230000000000
vn -0.2743711784435890 0.6343286523554726 0.7227362016948965
v -0.2876430000000000 0.2107540000000000 0.0743920000000000
vn -0.1618255986043368 0.4410144689283388 0.8827903000329145
v -0.3232020000000000 0.2020240000000000 0.0723190000000000
vn -0.0868430998182745 0.6426143938246202 0.7612522688723951
v -0.3225150000000000 0.2189840000000000 0.0607310000000000
vn -0.2681802915574681 0.1303360263291759 0.9545113155226982
v -0.3226720000000000 0.1838520000000000 0.0784710000000000
vn -0.2335457638617033 0.7265949193134990 -0.6461549345242699
v -0.1982800000000000 0.2629240000000000 -0.0823940000000000
vn -0.1104489215274306 0.7134928265714331 -0.6919024657887369
v -0.2237490000000000 0.2552050000000000 -0.0848290000000000
vn -0.0933599767512854 0.8653396185569830 -0.4924137074621853
v -0.2406510000000000 0.2583490000000000 -0.0780130000000000
vn -0.1476518596153872 0.8051691977194387 -0.5743705175197920
v -0.2195340000000000 0.2598090000000000 -0.0802340000000000
vn -0.1702047382382049 0.5860695816191206 -0.7921822975692231
v -0.1976480000000000 0.2519820000000000 -0.0916800000000000
vn -0.0618142430088777 0.5622349545777470 -0.8246640862873793
v -0.2303950000000000 0.2403830000000000 -0.0957340000000000
vn -0.0333207024961357 0.6761085838805933 -0.7360481734153973
v -0.2594140000000000 0.2478750000000000 -0.0888380000000000
vn -0.0811817697613917 0.6267028862540579 -0.7750180724468572
v -0.2276080000000000 0.2489050000000000 -0.0898810000000000
vn 0.0053816900301017 0.6456709549190719 -0.7635967884861183
v -0.3059410000000000 0.2402020000000000 -0.0952080000000000
vn -0.0222484065320553 0.8216598836643336 -0.5695437156035504
v -0.3205640000000000 0.2514140000000000 -0.0831650000000000
vn -0.0370937796719947 0.8320159171708659 -0.5535102213003552
v -0.2753730000000000 0.2543810000000000 -0.0806950000000000
vn -0.0177903874621655 0.7406925735874578 -0.6716085270053787
v -0.2922170000000000 0.2486900000000000 -0.0873760000000000
vn -0.0294013856201369 0.9328202337711714 -0.3591405991957929
v -0.2782770000000000 0.2594180000000000 -0.0704740000000000
vn -0.0551019909475021 0.9053074229272237 -0.4211677107596097
v -0.2605810000000000 0.2582980000000000 -0.0750030000000000
vn -0.1555215209904222 0.5156611134675673 -0.8425595958543314
v -0.1957820000000000 0.2323070000000000 -0.1045090000000000
vn -0.0523231349420315 0.4963877568032127 -0.8665226393151608
v -0.2315950000000000 0.2153740000000000 -0.1106910000000000
vn 0.0058459422556645 0.5356712070900486 -0.8444064085816935
v -0.2702110000000000 0.2277620000000000 -0.1031030000000000
vn -0.0524454411083374 0.5217653706787353 -0.8514754099017974
v -0.2313930000000000 0.2291140000000000 -0.1027340000000000
vn -0.1905838757742914 0.5086805835403944 -0.8395962423831193
v -0.1952800000000000 0.2025670000000000 -0.1221990000000000
vn 0.0107721992639074 0.4497521152173343 -0.8930884584298199
v -0.2714970000000000 0.1975630000000000 -0.1198730000000000
vn -0.0628317629138276 0.4778549160162257 -0.8761888202940429
v -0.2319910000000000 0.1994410000000000 -0.1194140000000000
vn 0.0421800573049287 0.3932801185576382 -0.9184506470753031
v -0.3514280000000000 0.1958910000000000 -0.1248710000000000
vn 0.0462192080170236 0.4913425308616330 -0.8697392150390624
v -0.3121570000000000 0.2129400000000000 -0.1137070000000000
vn 0.0424591119270275 0.4222619478133156 -0.9054789181661121
v -0.3119310000000000 0.1965170000000000 -0.1221620000000000
vn 0.0350559486276386 0.5967243897951563 -0.8016801625894298
v -0.3532030000000000 0.2280270000000000 -0.1063650000000000
vn 0.0295500218068311 0.5675385956153484 -0.8228163456678373
v -0.3113740000000000 0.2278930000000000 -0.1043530000000000
vn -0.1621345201344729 0.4009660901925253 -0.9016310730539868
v -0.4542140000000000 0.2062880000000000 -0.1192660000000000
vn -0.0418668301621293 0.3164172850642311 -0.9476957688228625
v -0.4202230000000000 0.1942250000000000 -0.1268870000000000
vn -0.1453062829769995 0.2437547943295054 -0.9588898186803260
v -0.4459420000000000 0.1923440000000000 -0.1253670000000000
vn -0.2505990068557311 0.7146428941777645 -0.6530587045313384
v -0.4650340000000000 0.2322180000000000 -0.0987000000000000
vn -0.0506557849937454 0.6036459900227038 -0.7956415714228217
v -0.4309200000000000 0.2239460000000000 -0.1108360000000000
vn -0.1894492702756344 0.5591049916128853 -0.8071620545749069
v -0.4609950000000000 0.2198930000000000 -0.1103420000000000
vn -0.0075237126296302 0.7395762796349671 -0.6730306979251152
v -0.3973300000000000 0.2396950000000000 -0.0969740000000000
vn 0.0202325428270277 0.4864272710896176 -0.8734867796086326
v -0.3914370000000000 0.2115470000000000 -0.1189390000000000
vn 0.0092226238000028 0.6029162378830673 -0.7977511850866612
v -0.3940200000000000 0.2266840000000000 -0.1090190000000000
vn 0.0148539180657681 0.3624139335722177 -0.9318988689073550
v -0.3881220000000000 0.1952680000000000 -0.1265840000000000
vn -0.1265728436374497 0.9787534807503853 -0.1613100715161165
v -0.4342270000000000 0.2584520000000000 -0.0524740000000000
vn -0.2310114560400164 0.9269624734215544 -0.2955914072608770
v -0.4617910000000000 0.2499360000000000 -0.0687470000000000
vn -0.2261660650526484 0.9668304777519807 -0.1186917786052513
v -0.4558350000000000 0.2548060000000000 -0.0527560000000000
vn -0.0525780812400295 0.9825489250241289 -0.1784184836474224
v -0.3812470000000000 0.2630440000000000 -0.0491120000000000
vn -0.0586838140851067 0.9409918991116697 -0.3333023488825691
v -0.4075250000000000 0.2566530000000000 -0.0674480000000000
vn -0.0795827221351649 0.9844445508149424 -0.1566381713003677
v -0.4084450000000000 0.2611290000000000 -0.0509330000000000
vn -0.0200843472304135 0.8718033430102041 -0.4894441235856863
v -0.3684280000000000 0.2525930000000000 -0.0789870000000000
vn -0.0963635173491592 0.8740746075656723 -0.4761382708132315
v -0.4368300000000000 0.2464100000000000 -0.0850270000000000
vn -0.0333153451323584 0.8629933082393970 -0.5041156987366423
v -0.4028260000000000 0.2495970000000000 -0.0829560000000000
vn -0.2305752302211553 0.8491240439466086 -0.4752088185210994
v -0.4650780000000000 0.2423190000000000 -0.0844490000000000
vn -0.0003141930058044 0.9732461284658415 -0.2297648247861405
v -0.3037680000000000 0.2637280000000000 -0.0553980000000000
vn -0.0187783155881775 0.9865511053338283 -0.1623708453764784
v -0.3318170000000000 0.2652250000000000 -0.0471750000000000
vn 0.0062450051193061 0.9910587771168954 -0.1332797817023416
v -0.3114550000000000 0.2655000000000000 -0.0462910000000000
vn -0.0230794017589773 0.9238336439479783 -0.3820978140793897
v -0.3139500000000000 0.2593390000000000 -0.0684880000000000
vn -0.0118735386532755 0.9537784194196675 -0.3002761158153774
v -0.2926910000000000 0.2614640000000000 -0.0636980000000000
vn -0.0308493561899127 0.9451752457418678 -0.3251031714078900
v -0.3498380000000000 0.2610270000000000 -0.0614870000000000
vn -0.0278955210478132 0.8923646109961482 -0.4504522626729320
v -0.3389990000000000 0.2561110000000000 -0.0738750000000000
vn -0.0385204337156716 0.9857745954247041 -0.1635989706618521
v -0.3553930000000000 0.2644070000000000 -0.0479870000000000
vn -0.1424003123371287 0.8841120214323431 -0.4450484070358014
v -0.0849470000000000 0.3189940000000000 -0.0643460000000000
vn -0.1798663034222674 0.8377034929829893 -0.5156558646396914
v -0.0825970000000000 0.3121350000000000 -0.0772040000000000
vn -0.2091016223674709 0.7843841305537369 -0.5839675053106549
v -0.1017250000000000 0.3055060000000000 -0.0803370000000000
vn -0.1733715213549814 0.8353239840302706 -0.5217050481707604
v -0.0925270000000000 0.3126900000000000 -0.0730080000000000
vn -0.1634209626916921 0.8865117429908347 -0.4328862650769513
v -0.0652700000000000 0.3189590000000000 -0.0709730000000000
vn -0.2210988142829196 0.8537208475332121 -0.4714615878413225
v -0.0586710000000000 0.3122680000000000 -0.0863740000000000
vn -0.2335353468040335 0.7946474231865052 -0.5603540975277749
v -0.0789040000000000 0.3035570000000000 -0.0914660000000000
vn -0.1966763153290329 0.8437346978969434 -0.4994298614954338
v -0.0712620000000000 0.3119200000000000 -0.0816810000000000
vn -0.3131600869932178 0.7546970708686996 -0.5765094024702505
v -0.0734140000000000 0.2928110000000000 -0.1084620000000000
vn -0.3206478768150619 0.6482415232030801 -0.6906286025711238
v -0.1025600000000000 0.2834590000000000 -0.1048840000000000
vn -0.2517788190489487 0.7274432712096753 -0.6383053449957029
v -0.1017670000000000 0.2958940000000000 -0.0921910000000000
vn -0.2730243981939956 0.7352257901082332 -0.6204036714515242
v -0.0887520000000000 0.2937710000000000 -0.0999600000000000
vn -0.2854819025348083 0.6600770183491741 -0.6948369687720785
v -0.1259280000000000 0.2897510000000000 -0.0890290000000000
vn -0.2467708877616159 0.7282610023970164 -0.6393278042921620
v -0.1127800000000000 0.2977550000000000 -0.0858410000000000
vn -0.0043107849718652 0.9089436107313212 -0.4168967853601594
v 0.0000000000000000 0.3166600000000000 -0.0999160000000000
vn -0.1441012883774471 0.8718393566864474 -0.4681142540240805
v -0.0167670000000000 0.3083310000000000 -0.1138780000000000
vn -0.1903635008936110 0.8832285352904626 -0.4285663215608433
v -0.0304430000000000 0.3148340000000000 -0.0955270000000000
vn -0.0950042623612350 0.9226459492732425 -0.3737628157306112
v -0.0140250000000000 0.3226550000000000 -0.0837100000000000
vn -0.1179299190842764 0.9001351112782655 -0.4193439109237675
v -0.0153600000000000 0.3160810000000000 -0.0986510000000000
vn 0.0123456102428234 0.8519340830290242 -0.5235034900372949
v 0.0000000000000000 0.3000360000000000 -0.1315580000000000
vn -0.1986379894546349 0.8023711679646198 -0.5627996605938143
v -0.0190950000000000 0.2882490000000000 -0.1458870000000000
vn -0.2770305098189830 0.8082291446814309 -0.5196342428256215
v -0.0364460000000000 0.2970700000000000 -0.1244340000000000
vn -0.1714773536274760 0.8388477503059046 -0.5166526579817818
v -0.0180700000000000 0.2991420000000000 -0.1295660000000000
vn -0.3759079744524475 0.7210867547005044 -0.5820026520030235
v -0.0600910000000000 0.2821410000000000 -0.1307560000000000
vn -0.2591654743795453 0.8335226555355465 -0.4879274942023618
v -0.0497010000000000 0.3048470000000000 -0.1041330000000000
vn -0.3087397699028861 0.7885359114153658 -0.5318748639376103
v -0.0554360000000000 0.2944350000000000 -0.1170100000000000
vn -0.1746395492809937 0.9044238811763895 -0.3892537359933332
v -0.0411020000000000 0.3204710000000000 -0.0781670000000000
vn -0.2119298126247991 0.8733136462164790 -0.4386445370147633
v -0.0449720000000000 0.3134010000000000 -0.0912120000000000
vn -0.4185973158969467 0.6343869267969882 -0.6498688438700108
v -0.0419580000000000 0.2380980000000000 -0.1914890000000000
vn -0.2463630914310992 0.7166666514661014 -0.6524524027520148
v -0.0201360000000000 0.2600630000000000 -0.1808770000000000
vn 0.0000023747651305 0.6813658183523167 -0.7319430453084710
v 0.0000000000000000 0.2431680000000000 -0.2025070000000000
vn -0.2582749193921658 0.6702502288915740 -0.6957432692335318
v -0.0208480000000000 0.2417490000000000 -0.1993940000000000
vn -0.5219754369010101 0.5860187658323048 -0.6197770965148535
v -0.0860210000000000 0.2265430000000000 -0.1670320000000000
vn -0.4763425045784619 0.6270876342875783 -0.6163269564569818
v -0.0620290000000000 0.2515860000000000 -0.1629880000000000
vn -0.4993965848337360 0.6041689810014318 -0.6209532135773939
v -0.0635950000000000 0.2328260000000000 -0.1802240000000000
vn -0.4499580923079186 0.6075780065016723 -0.6545125523487479
v -0.0846180000000000 0.2618140000000000 -0.1354460000000000
vn -0.3644801948415552 0.7149541841259804 -0.5966529159980832
v -0.0399790000000000 0.2723310000000000 -0.1561760000000000
vn -0.4366091521366642 0.6660523265641400 -0.6047699947492431
v -0.0615760000000000 0.2679410000000000 -0.1462900000000000
vn 0.0000021321518659 0.7786886237412055 -0.6274105731110062
v 0.0000000000000000 0.2765930000000000 -0.1656740000000000
vn -0.2248756251237471 0.7618272918480482 -0.6074949634529266
v -0.0196690000000000 0.2753940000000000 -0.1630170000000000
vn -0.2614426855782128 0.5156684227915918 -0.8159251190478718
v -0.1669830000000000 0.2489040000000000 -0.1018380000000000
vn -0.3730181564117382 0.5266984451041338 -0.7638365027360736
v -0.1357360000000000 0.2449090000000000 -0.1171490000000000
vn -0.3261236003662532 0.5261597376269999 -0.7853657286796000
v -0.1627730000000000 0.2238150000000000 -0.1189670000000000
vn -0.2787198777841163 0.5107063949236635 -0.8133229419560734
v -0.1642350000000000 0.2377020000000000 -0.1096950000000000
vn -0.3925095966117904 0.5678339799236815 -0.7235335429761924
v -0.1134940000000000 0.2657730000000000 -0.1138540000000000
vn -0.4763621461481329 0.5610155018728862 -0.6770086501481785
v -0.1083030000000000 0.2378850000000000 -0.1390690000000000
vn -0.4403135529561994 0.5463701379995446 -0.7124630849282277
v -0.1092670000000000 0.2535420000000000 -0.1257320000000000
vn -0.4426618563801821 0.5526825299616791 -0.7061108283982117
v -0.1349360000000000 0.2132920000000000 -0.1404520000000000
vn -0.5114699861682894 0.5713763650322017 -0.6418157856671944
v -0.1095010000000000 0.2198610000000000 -0.1533450000000000
vn -0.3336931552539301 0.5328707418619375 -0.7776230774637446
v -0.1632290000000000 0.2073560000000000 -0.1296410000000000
vn -0.3073308420043657 0.5834208773733083 -0.7517764517446969
v -0.1588610000000000 0.2743820000000000 -0.0878510000000000
vn -0.2610672360912075 0.5709309748390680 -0.7783840441639392
v -0.1741360000000000 0.2634690000000000 -0.0900070000000000
vn -0.2811362949598422 0.6255692414213089 -0.7277537412090856
v -0.1779380000000000 0.2679350000000000 -0.0852230000000000
vn -0.3160946414526127 0.5761866080732325 -0.7537195568127494
v -0.1323010000000000 0.2783410000000000 -0.0958670000000000
vn -0.3084848901375418 0.6000062889004718 -0.7381256843090562
v -0.1414070000000000 0.2818070000000000 -0.0894090000000000
vn -0.3156050014387299 0.5271640342202325 -0.7889813458450770
v -0.1453490000000000 0.2645870000000000 -0.0998950000000000
vn -0.3389143708689085 0.5644089679227446 -0.7527147973481816
v -0.1220840000000000 0.2735180000000000 -0.1039580000000000
vn -0.2550952790090756 0.5351299276495384 -0.8053336942914296
v -0.1703830000000000 0.2573090000000000 -0.0954100000000000
vn -0.0655503689983482 0.9962655988893127 0.0561961350441445
v -0.0147400000000000 0.3425460000000000 0.0416770000000000
vn -0.1210351395536916 0.9873681196439521 0.1022481848444493
v -0.0328090000000000 0.3394780000000000 0.0590280000000000
vn -0.0688525794521749 0.9799467711867463 0.1869856891407801
v -0.0189470000000000 0.3380750000000000 0.0786500000000000
vn 0.0001348518371346 0.9933593704693078 0.1150527831727795
v 0.0000000000000000 0.3415970000000000 0.0600900000000000
vn -0.0677734166665641 0.9914297464410842 0.1116862653378100
v -0.0167100000000000 0.3409810000000000 0.0598530000000000
vn -0.1576211507086685 0.9865663667140879 0.0429229183285467
v -0.0423340000000000 0.3393740000000000 0.0398950000000000
vn -0.1956167637925370 0.9779736683632855 0.0728119887888895
v -0.0607390000000000 0.3351920000000000 0.0551820000000000
vn -0.1651827199197850 0.9740399505603133 0.1547929060143391
v -0.0544610000000000 0.3341090000000000 0.0758990000000000
vn -0.1630170093810613 0.9826188513278757 0.0888011692915201
v -0.0476890000000000 0.3374330000000000 0.0575090000000000
vn -0.1943077080534144 0.9585576164491290 0.2083550108310178
v -0.0802020000000000 0.3264750000000000 0.0913430000000000
vn -0.1585661577450699 0.9210744876036416 0.3556382458393002
v -0.0703390000000000 0.3214350000000000 0.1146420000000000
vn -0.1219028195079633 0.9563716927810628 0.2655049676429674
v -0.0422170000000000 0.3315070000000000 0.0968370000000000
vn -0.1636242762021579 0.9560860656079516 0.2431594772728945
v -0.0627250000000000 0.3289110000000000 0.0950300000000000
vn -0.0672059937527983 0.9208304697799169 0.3841283643895571
v -0.0233330000000000 0.3264410000000000 0.1172790000000000
vn -0.0077739978885559 0.9616153350894993 0.2742909263492665
v 0.0000000000000000 0.3341300000000000 0.0981780000000000
vn -0.0686412874197083 0.9577669710044869 0.2792325248144553
v -0.0212280000000000 0.3333770000000000 0.0978620000000000
vn -0.2620035877432300 0.9641391717903954 0.0423057611798408
v -0.0956010000000000 0.3266640000000000 0.0580680000000000
vn -0.2432006575730925 0.9691724879394541 0.0394731399468575
v -0.0798630000000000 0.3312010000000000 0.0481930000000000
vn -0.2484807354006875 0.9684688199921789 0.0180407549090980
v -0.0794470000000000 0.3317310000000000 0.0302650000000000
vn -0.2579219729456337 0.9657753539134312 0.0274630960603266
v -0.0866250000000000 0.3295490000000000 0.0443700000000000
vn -0.2766495332296025 0.9552234544313493 0.1049437366786754
v -0.1185480000000000 0.3187290000000000 0.0811330000000000
vn -0.2462757413800696 0.9637820725440749 0.1023346268393292
v -0.1001890000000000 0.3241440000000000 0.0770860000000000
vn -0.2676385655002705 0.9612876605218107 0.0655410709819531
v -0.1062760000000000 0.3230620000000000 0.0705800000000000
vn -0.2276183909904403 0.9437168111444847 0.2399759330562301
v -0.1066230000000000 0.3191210000000000 0.0984870000000000
vn -0.2218542236845736 0.9700173575069881 0.0992322002601729
v -0.0805270000000000 0.3297910000000000 0.0683660000000000
vn -0.2206427798511509 0.9635727040799186 0.1511436656022008
v -0.0920930000000000 0.3250840000000000 0.0846830000000000
vn -0.2141911869694075 0.9764217815053224 0.0268819647088629
v -0.0642700000000000 0.3352930000000000 0.0357790000000000
vn -0.2215310388988805 0.9735709963444532 0.0555293965503992
v -0.0713490000000000 0.3330990000000000 0.0519370000000000
vn -0.4926992304449677 0.8507919836632839 0.1827579515458388
v -0.1744900000000000 0.2951250000000000 0.0954430000000000
vn -0.4038737326785022 0.8828806843419572 0.2395990510586616
v -0.1609050000000000 0.2998980000000000 0.1045890000000000
vn -0.3405493976672769 0.9276068548588834 0.1535305525531169
v -0.1467750000000000 0.3079560000000000 0.0939760000000000
vn -0.4056478859564632 0.8958087408695353 0.1815943071816677
v -0.1611030000000000 0.3017410000000000 0.0961580000000000
vn -0.4997944357504783 0.8185021435689879 0.2833015407050112
v -0.1772040000000000 0.2884530000000000 0.1140240000000000
vn -0.3871528520828748 0.8357582015780924 0.3893852817185673
v -0.1631060000000000 0.2910090000000000 0.1260700000000000
vn -0.3184447456596416 0.8945303352560862 0.3137011687392959
v -0.1437970000000000 0.3043600000000000 0.1123740000000000
vn -0.3968787489739286 0.8629124105638937 0.3128409025490427
v -0.1614400000000000 0.2965370000000000 0.1145460000000000
vn -0.2393045275586920 0.8942345137205724 0.3782564970504045
v -0.1222760000000000 0.3079190000000000 0.1201620000000000
vn -0.2863122739392283 0.9408599914439428 0.1811291204965448
v -0.1288060000000000 0.3133930000000000 0.0971660000000000
vn -0.2623206221988780 0.9269882742768391 0.2681056331419414
v -0.1246910000000000 0.3120510000000000 0.1073690000000000
vn -0.3007245534766895 0.9461154086165395 0.1201265021325617
v -0.1323190000000000 0.3136570000000000 0.0889490000000000
vn -0.2639984264666503 0.6857928737849914 0.6782278120873954
v -0.1552180000000000 0.2636650000000000 0.1696920000000000
vn -0.3626937664804294 0.7463522450552748 0.5580426131194559
v -0.1706960000000000 0.2711380000000000 0.1534310000000000
vn -0.4549231186348761 0.6710902968920627 0.5853911252733867
v -0.1941490000000000 0.2478110000000000 0.1658590000000000
vn -0.3437561795375205 0.6805462074315318 0.6470614720259014
v -0.1759870000000000 0.2560590000000000 0.1682440000000000
vn -0.1707105518839407 0.6946532435689278 0.6987952337234765
v -0.1076890000000000 0.2763240000000000 0.1714080000000000
vn -0.2203062202146482 0.7743140285790008 0.5932140882350092
v -0.1277680000000000 0.2866510000000000 0.1535600000000000
vn -0.2084108020926126 0.6909697442582128 0.6921890999509120
v -0.1322980000000000 0.2704720000000000 0.1706110000000000
vn -0.1914710394815721 0.8536592328043766 0.4843601503919262
v -0.0998760000000000 0.3063140000000000 0.1341520000000000
vn -0.2894966165846780 0.8208669925342842 0.4923099527266777
v -0.1462850000000000 0.2911100000000000 0.1384940000000000
vn -0.2299146734978303 0.8390428181486933 0.4930987651814641
v -0.1238650000000000 0.2992930000000000 0.1361500000000000
vn -0.4891855661962753 0.7661761708963318 0.4167391953918713
v -0.1837340000000000 0.2738470000000000 0.1381030000000000
vn -0.3763898577206072 0.7982284921630731 0.4702785869079389
v -0.1662970000000000 0.2826650000000000 0.1392020000000000
vn -0.0000005501889667 0.7046815995546604 0.7095236734942554
v 0.0000000000000000 0.2875610000000000 0.1748430000000000
vn -0.0605350768584620 0.7855438651969541 0.6158379172486619
v -0.0264560000000000 0.3038280000000000 0.1558410000000000
vn -0.0998430719447631 0.6916781194093556 0.7152710955399848
v -0.0550770000000000 0.2845910000000000 0.1735940000000000
vn -0.0543596773257298 0.6887225394151839 0.7229842938698897
v -0.0276920000000000 0.2867910000000000 0.1744650000000000
vn 0.0000000000000000 0.8755596053053358 0.4831101091444521
v 0.0000000000000000 0.3176300000000000 0.1370530000000000
vn -0.1167196197707693 0.8640234408362983 0.4897346465648216
v -0.0500900000000000 0.3146190000000000 0.1357770000000000
vn -0.0647917421674883 0.8642665536712832 0.4988440180578140
v -0.0250390000000000 0.3168180000000000 0.1366920000000000
vn -0.1513980645202154 0.7868693242789816 0.5982602214490543
v -0.0785430000000000 0.2979660000000000 0.1539560000000000
vn -0.1577978574435366 0.8616868426483173 0.4822816826223068
v -0.0751590000000000 0.3112710000000000 0.1344790000000000
vn -0.1384240225096843 0.6944667283625151 0.7060840978167564
v -0.0818460000000000 0.2810660000000000 0.1724880000000000
vn -0.1254313074513532 0.9340716324890538 -0.3343309325956516
v -0.0256540000000000 0.3274780000000000 -0.0672260000000000
vn -0.0626737718301015 0.9594168514307000 -0.2749387268381637
v -0.0121210000000000 0.3330630000000000 -0.0540480000000000
vn -0.0000000000000000 0.9429934825074759 -0.3328111956476568
v 0.0000000000000000 0.3286820000000000 -0.0695470000000000
vn -0.0764602191222441 0.9418194793656068 -0.3273070472496366
v -0.0129340000000000 0.3283160000000000 -0.0688820000000000
vn -0.1481685547114026 0.9248589556138203 -0.3502598915314850
v -0.0495890000000000 0.3254420000000000 -0.0622980000000000
vn -0.1251135071765154 0.9540000907695174 -0.2724526328258629
v -0.0355740000000000 0.3313120000000000 -0.0513910000000000
vn -0.1494456775059675 0.9279779231899998 -0.3413546008870500
v -0.0379430000000000 0.3264320000000000 -0.0649180000000000
vn -0.1315466607178526 0.9687521435625361 -0.2102730615104408
v -0.0445330000000000 0.3339980000000000 -0.0364710000000000
vn -0.1182746743518356 0.9808748067575449 -0.1545823886324586
v -0.0335170000000000 0.3379330000000000 -0.0231970000000000
vn -0.0930986722508776 0.9711880303065487 -0.2193774077119380
v -0.0230350000000000 0.3361590000000000 -0.0384290000000000
vn -0.1154895280303424 0.9702619298467564 -0.2127297731991845
v -0.0340730000000000 0.3351360000000000 -0.0375090000000000
vn -0.0514273748156071 0.9858741211309099 -0.1593971216927427
v -0.0114440000000000 0.3398350000000000 -0.0238920000000000
vn -0.0000000000000000 0.9738815847672374 -0.2270565102595695
v 0.0000000000000000 0.3372040000000000 -0.0393570000000000
vn -0.0542921660797547 0.9743645301022639 -0.2183257272539425
v -0.0116130000000000 0.3369020000000000 -0.0390910000000000
vn -0.1311073099409850 0.9232259382004576 -0.3611990314410095
v -0.0701450000000000 0.3243460000000000 -0.0572020000000000
vn -0.1317893452747682 0.9499107073292011 -0.2833746928950869
v -0.0566630000000000 0.3294000000000000 -0.0478700000000000
vn -0.1412671914717616 0.9218796015407348 -0.3608068470480800
v -0.0603750000000000 0.3247690000000000 -0.0597060000000000
vn -0.1221460889368607 0.9567103583736768 -0.2641696862585476
v -0.0739930000000000 0.3280860000000000 -0.0445590000000000
vn -0.1241320064642006 0.9262505390341367 -0.3558808563411955
v -0.0787470000000000 0.3241060000000000 -0.0548440000000000
vn -0.1571482165816780 0.9816252691726723 -0.1082417153729393
v -0.0690790000000000 0.3329050000000000 -0.0218800000000000
vn -0.1358443432186851 0.9714807945671149 -0.1943486048386533
v -0.0630110000000000 0.3318940000000000 -0.0344710000000000
vn -0.1346185260575381 0.9745690074460975 -0.1791454776644502
v -0.0707490000000000 0.3309990000000000 -0.0335520000000000
vn -0.1452713586629558 0.9792376226340795 -0.1413856809234047
v -0.0531520000000000 0.3353320000000000 -0.0224400000000000
vn -0.1347405723162007 0.9690496238607170 -0.2068521323731173
v -0.0542260000000000 0.3329050000000000 -0.0354510000000000
vn -0.1811596940443226 0.9813210469688740 -0.0647315072409129
v -0.0618270000000000 0.3352430000000000 -0.0092030000000000
vn -0.1849606388885103 0.9822126934583607 -0.0323695361601973
v -0.0554490000000000 0.3371610000000000 0.0054110000000000
vn -0.1485329657535376 0.9850141310203058 -0.0876648149189307
v -0.0442260000000000 0.3382580000000000 -0.0085260000000000
vn -0.1648317768438932 0.9832077643235327 -0.0783133291107316
v -0.0535300000000000 0.3367350000000000 -0.0088230000000000
vn -0.2102738033194442 0.9774906459020466 -0.0172326669896330
v -0.0707240000000000 0.3339540000000000 0.0032180000000000
vn -0.1833830760687768 0.9812815571309480 -0.0587975598661656
v -0.0690500000000000 0.3338700000000000 -0.0096040000000000
vn -0.2209916793778823 0.9752735339506625 0.0020522234598374
v -0.0672330000000000 0.3348580000000000 0.0184150000000000
vn -0.2321332285766954 0.9726705687177043 0.0051116475756096
v -0.0741690000000000 0.3332200000000000 0.0165270000000000
vn -0.1788097920877611 0.9838795954954093 0.0028283955383549
v -0.0493880000000000 0.3385480000000000 0.0219030000000000
vn -0.2021826686295338 0.9793462545073716 0.0017556446744572
v -0.0589990000000000 0.3366640000000000 0.0202750000000000
vn -0.0946376412086982 0.9906384524653767 -0.0983827899759774
v -0.0230480000000000 0.3409820000000000 -0.0083260000000000
vn -0.0570995481392690 0.9973925269870244 -0.0441337593314837
v -0.0122350000000000 0.3429880000000000 0.0077020000000000
vn 0.0000000000000000 0.9938184941380160 -0.1110171189918299
v 0.0000000000000000 0.3422090000000000 -0.0083510000000000
vn -0.0529867698846838 0.9935147123399395 -0.1006027762105740
v -0.0116410000000000 0.3418620000000000 -0.0083340000000000
vn -0.1379394507675858 0.9895946063760287 -0.0409294875781448
v -0.0355610000000000 0.3405480000000000 0.0070280000000000
vn -0.1262571438536899 0.9875103281716624 -0.0942469383067921
v -0.0339880000000000 0.3397270000000000 -0.0083760000000000
vn -0.1108981250626606 0.9938089429382869 0.0067372689920372
v -0.0261530000000000 0.3420540000000000 0.0238900000000000
vn -0.1493345002207167 0.9887760193831767 0.0046033179977649
v -0.0383170000000000 0.3404210000000000 0.0230930000000000
vn 0.0000000000000000 0.9999999488521687 0.0003198369271604
v 0.0000000000000000 0.3436790000000000 0.0244670000000000
vn -0.0617807498206190 0.9980541596192000 0.0084281325579621
v -0.0132580000000000 0.3432150000000000 0.0243320000000000
vn -0.5927373756219264 0.6911974699733349 0.4134107655145087
v -0.2035500000000000 0.2532060000000000 0.1483770000000000
vn -0.6830185017715470 0.6146603232253872 0.3945610387382589
v -0.2219080000000000 0.2298120000000000 0.1571090000000000
vn -0.5772546315343297 0.6503603350147148 0.4937697084792801
v -0.2092450000000000 0.2390760000000000 0.1621310000000000
vn -0.6001485812059659 0.7472923252557454 0.2852645457997317
v -0.1940770000000000 0.2733690000000000 0.1224240000000000
vn -0.6802163973967128 0.6780847614734675 0.2784002675467608
v -0.2109840000000000 0.2549720000000000 0.1302150000000000
vn -0.5994309515829621 0.7231202828612759 0.3431903127988506
v -0.1984330000000000 0.2645400000000000 0.1350210000000000
vn -0.7140126826605145 0.6692780281185883 0.2055548833709122
v -0.2170870000000000 0.2551070000000000 0.1110250000000000
vn -0.7574311736313818 0.6097874211780201 0.2333609182884898
v -0.2320140000000000 0.2359350000000000 0.1164490000000000
vn -0.7480109002494937 0.6044956151600470 0.2739794597414529
v -0.2272400000000000 0.2336930000000000 0.1373080000000000
vn -0.7313229817732649 0.6387065739046243 0.2392082958036311
v -0.2219800000000000 0.2453610000000000 0.1239390000000000
vn -0.8120295869429173 0.5193223786470890 0.2662934790144977
v -0.2424590000000000 0.2095170000000000 0.1433780000000000
vn -0.7611437674240976 0.5681884401833891 0.3127651862874425
v -0.2327690000000000 0.2199740000000000 0.1508410000000000
vn -0.5903166294120347 0.7829879387100309 0.1961024346463634
v -0.1880700000000000 0.2847880000000000 0.1006980000000000
vn -0.6631810684482328 0.7220465815558663 0.1970776611271509
v -0.2023280000000000 0.2714130000000000 0.1057480000000000
vn -0.5971757768368958 0.7662372321232369 0.2371952690661658
v -0.1906720000000000 0.2799780000000000 0.1109480000000000
vn -0.6392859342862143 0.7548408047011845 0.1467271405768889
v -0.1963110000000000 0.2812740000000000 0.0856990000000000
vn -0.5743825672799636 0.8009029227395047 0.1692311282010404
v -0.1861230000000000 0.2882220000000000 0.0917770000000000
vn -0.6840296928810743 0.7191026800306604 0.1224529086210068
v -0.2135910000000000 0.2682300000000000 0.0684450000000000
vn -0.6861953140170786 0.7118615804019053 0.1496298144378474
v -0.2087330000000000 0.2694530000000000 0.0876830000000000
vn -0.6760925302068190 0.7253310497947116 0.1295907357886485
v -0.2053640000000000 0.2745290000000000 0.0777420000000000
vn -0.7090171504246531 0.6840992821031687 0.1711807601035644
v -0.2221410000000000 0.2552160000000000 0.0907110000000000
vn -0.6986164928177797 0.6930837845588520 0.1776791027233198
v -0.2126560000000000 0.2630590000000000 0.0988600000000000
vn -0.6705130342740514 0.7244481471433183 0.1599598479907312
v -0.2260920000000000 0.2561540000000000 0.0694830000000000
vn -0.6311696422067682 0.7328739255148804 0.2540092361647301
v -0.2405100000000000 0.2423840000000000 0.0724200000000000
vn -0.7246120585688267 0.6473613040483996 0.2363486970503595
v -0.2365530000000000 0.2385090000000000 0.0947120000000000
vn -0.6940823381110552 0.6918294877300233 0.1990519224461405
v -0.2312660000000000 0.2481860000000000 0.0817390000000000
vn -0.6085759634382961 0.7804790572442795 0.1431353832154385
v -0.2288030000000000 0.2579540000000000 0.0479740000000000
vn -0.6634593591059083 0.7375098610221050 0.1260987062183148
v -0.2213000000000000 0.2626230000000000 0.0583440000000000
vn -0.5059733016507513 0.8259354707873765 0.2486395304690562
v -0.2433330000000000 0.2472690000000000 0.0500820000000000
vn -0.5109470081070807 0.8411886549315295 0.1770163882834211
v -0.2364060000000000 0.2544660000000000 0.0378730000000000
vn -0.5783854959865321 0.7055737114849057 0.4094337012189255
v -0.2568140000000000 0.2270000000000000 0.0767840000000000
vn -0.5228984897248803 0.7852851640071792 0.3315182960767883
v -0.2503480000000000 0.2382240000000000 0.0632340000000000
vn -0.7967808178931549 0.5368350534615290 0.2773958428175742
v -0.2466810000000000 0.2135060000000000 0.1214180000000000
vn -0.8388143541879429 0.4352379220957325 0.3270449974820794
v -0.2607940000000000 0.1873520000000000 0.1248690000000000
vn -0.8366951030810821 0.4769197985399560 0.2692374606936139
v -0.2516100000000000 0.1983970000000000 0.1347670000000000
vn -0.7156203355750913 0.6041495393205821 0.3505579402183358
v -0.2515200000000000 0.2190910000000000 0.0990860000000000
vn -0.7559187479211416 0.5969719301502339 0.2687217169378719
v -0.2416760000000000 0.2269130000000000 0.1080030000000000
vn -0.7081507346631876 0.5025102132960020 0.4959899419637402
v -0.2665600000000000 0.1967290000000000 0.1026920000000000
vn -0.6451829362186353 0.6084104037875456 0.4621425747270815
v -0.2620940000000000 0.2132610000000000 0.0901870000000000
vn -0.8011459155082630 0.3873545674198690 0.4562035304153106
v -0.2705790000000000 0.1771210000000000 0.1135490000000000
vn -0.3481913179067010 -0.0822144983264154 0.9338113205564229
v -0.1902110000000000 0.3408370000000000 0.0676240000000000
vn -0.5686152221433013 -0.1575648385478430 0.8073723123815408
v -0.2044610000000000 0.3507180000000000 0.0615650000000000
vn -0.7145585184512732 -0.2481622430365890 0.6540807479507179
v -0.2063380000000000 0.3328260000000000 0.0546130000000000
vn -0.5586064825447963 -0.1772139163903905 0.8102802141830380
v -0.1988090000000000 0.3367900000000000 0.0625480000000000
vn -0.3447293086243959 -0.0144949031043870 0.9385902202555386
v -0.2017800000000000 0.3695910000000000 0.0651280000000000
vn -0.5865342667936984 -0.0621056232175679 0.8075397485211092
v -0.2157140000000000 0.3810230000000000 0.0579580000000000
vn -0.7304961652202967 -0.1890544208192939 0.6562269261216903
v -0.2176640000000000 0.3620930000000000 0.0523270000000000
vn -0.5621327195555762 -0.1167950933278053 0.8187586407358405
v -0.2102520000000000 0.3657270000000000 0.0601070000000000
vn -0.8485271951309102 -0.1890785134448603 0.4942174773080692
v -0.2290080000000000 0.3747760000000000 0.0407570000000000
vn -0.8999509317133836 -0.2733038157637981 0.3396959593477094
v -0.2283660000000000 0.3556730000000000 0.0307510000000000
vn -0.8224785841520277 -0.2755110735348994 0.4976169480342517
v -0.2181500000000000 0.3432260000000000 0.0434980000000000
vn -0.8363775591583771 -0.2453967179140533 0.4901561275484436
v -0.2237810000000000 0.3587280000000000 0.0423530000000000
vn -0.8762657220773202 -0.3105736431087642 0.3683780619397176
v -0.2174810000000000 0.3253420000000000 0.0323140000000000
vn -0.8122574814378797 -0.2903109394326383 0.5059222690235443
v -0.2126200000000000 0.3289940000000000 0.0443570000000000
vn -0.3901030981474654 0.1016333419345077 0.9151449265679029
v -0.2123510000000000 0.3991180000000000 0.0595870000000000
vn -0.6304638264616206 0.1023952892102393 0.7694352268195959
v -0.2238870000000000 0.4095180000000000 0.0511810000000000
vn -0.7696188990479195 -0.0685241335131464 0.6348158735842550
v -0.2274810000000000 0.3930500000000000 0.0477030000000000
vn -0.6182868752864746 0.0106852565237379 0.7858798668635743
v -0.2203760000000000 0.3958100000000000 0.0548990000000000
vn -0.4449069165480408 0.2783872169085634 0.8512099582768162
v -0.2192300000000000 0.4231800000000000 0.0510420000000000
vn -0.7759898288048929 0.1628794820699282 0.6093521641152880
v -0.2321160000000000 0.4211080000000000 0.0406940000000000
vn -0.6287297935848190 0.2199202749502145 0.7458779520300979
v -0.2258870000000000 0.4215710000000000 0.0470530000000000
vn -0.9613679137293050 0.1014304152389085 0.2558976461717191
v -0.2412400000000000 0.4189520000000000 0.0231420000000000
vn -0.8837507240052928 -0.0251306815857911 0.4672826838896929
v -0.2362780000000000 0.4059590000000000 0.0357870000000000
vn -0.8855235191715418 0.1160019892240834 0.4498795788765075
v -0.2374220000000000 0.4203320000000000 0.0325350000000000
vn -0.9339385045189573 -0.1544504469986186 0.3223413240632058
v -0.2375630000000000 0.3884090000000000 0.0279870000000000
vn -0.8631022502175860 -0.1120315237103747 0.4924463862843052
v -0.2333230000000000 0.3906470000000000 0.0385480000000000
vn -0.9899999599315695 -0.0878450255572813 0.1103781265483851
v -0.2423110000000000 0.4019360000000000 0.0151680000000000
vn -0.9829260942145919 -0.1784249743836593 -0.0449535518979079
v -0.2401350000000000 0.3843600000000000 0.0048580000000000
vn -0.9566404652690176 -0.2419467798666120 0.1621751396548031
v -0.2360210000000000 0.3696950000000000 0.0174790000000000
vn -0.9739759596248496 -0.1790072844550445 0.1390223801583186
v -0.2398580000000000 0.3861460000000000 0.0165700000000000
vn -0.9936317117751078 0.0218788734063938 -0.1105320598439025
v -0.2428660000000000 0.4140740000000000 0.0030350000000000
vn -0.9967003720722610 0.0419644142069969 0.0694791785449432
v -0.2429990000000000 0.4166770000000000 0.0130780000000000
vn -0.8936183511193615 0.0186701948940915 -0.4484391445506630
v -0.2376090000000000 0.4112330000000000 -0.0147210000000000
vn -0.9605081291995748 -0.0873469904417325 -0.2641867464546714
v -0.2404280000000000 0.3985470000000000 -0.0062740000000000
vn -0.9641495689542540 0.0015982624673368 -0.2653545821017828
v -0.2410010000000000 0.4117020000000000 -0.0062970000000000
vn -0.8716561434492754 -0.1389345052417321 -0.4700135858040395
v -0.2343430000000000 0.3842200000000000 -0.0172040000000000
vn -0.9481176669844491 -0.2171905202846080 -0.2321662495938344
v -0.2349210000000000 0.3672650000000000 -0.0070820000000000
vn -0.9550575445959874 -0.1620684514628432 -0.2481912640499656
v -0.2383220000000000 0.3835500000000000 -0.0065870000000000
vn -0.9297270829487810 -0.3067273554558241 0.2037789995230788
v -0.2259020000000000 0.3367760000000000 0.0185510000000000
vn -0.9533233574737431 -0.2952321028508407 0.0633449409287008
v -0.2220320000000000 0.3189140000000000 0.0050140000000000
vn -0.9221828656030805 -0.3130935180207461 0.2270489184327543
v -0.2207400000000000 0.3219180000000000 0.0190230000000000
vn -0.9607353890908481 -0.2774594094369863 0.0019463461499800
v -0.2319690000000000 0.3510240000000000 0.0050670000000000
vn -0.9413929639110079 -0.2835129688997006 0.1827558041883351
v -0.2311830000000000 0.3529710000000000 0.0180880000000000
vn -0.8582555515404826 -0.2081852128420027 -0.4691016152219812
v -0.2264030000000000 0.3510300000000000 -0.0192330000000000
vn -0.9464217991493810 -0.2615205782824508 -0.1894538604242765
v -0.2256020000000000 0.3331160000000000 -0.0082720000000000
vn -0.9434106247629541 -0.2526755940264755 -0.2147823020356661
v -0.2304630000000000 0.3502410000000000 -0.0076080000000000
vn -0.8794052469738617 -0.1489966028580890 -0.4521575211489799
v -0.2170240000000000 0.3163880000000000 -0.0221270000000000
vn -0.9565351889695110 -0.2486475632202866 -0.1523641085284697
v -0.2209920000000000 0.3165210000000000 -0.0091810000000000
vn 0.8008046950616873 0.3692909343705868 0.4715252338516539
v -0.1172810000000000 0.3678450000000000 0.0201570000000000
vn 0.7309325400303517 0.3576750868480745 0.5812109377609826
v -0.1297420000000000 0.3795160000000000 0.0302050000000000
vn 0.6662517545151818 0.3206486728928027 0.6732703975205848
v -0.1315560000000000 0.3630940000000000 0.0410060000000000
vn 0.7361672115017596 0.3461627152253447 0.5815747684498879
v -0.1237010000000000 0.3657280000000000 0.0308560000000000
vn 0.7851680084100476 0.4036141960823353 0.4696879594903507
v -0.1301020000000000 0.3961940000000000 0.0188610000000000
vn 0.7042916858096429 0.4141744189556140 0.5765698327021550
v -0.1436040000000000 0.4088240000000000 0.0282510000000000
vn 0.6502923081486502 0.3542854123347569 0.6720132145795141
v -0.1442110000000000 0.3917010000000000 0.0392910000000000
vn 0.7208141797133332 0.3796423235121882 0.5799126007619265
v -0.1364380000000000 0.3941750000000000 0.0293540000000000
vn 0.5516088143861937 0.3607675748918167 0.7520468554539239
v -0.1600180000000000 0.4039390000000000 0.0466260000000000
vn 0.4598020949221646 0.2917347964690882 0.8387328788323064
v -0.1626570000000000 0.3854590000000000 0.0559190000000000
vn 0.5804993546093135 0.3034204416778114 0.7556166586770122
v -0.1464930000000000 0.3738830000000000 0.0494220000000000
vn 0.5692283083931543 0.3260920252765398 0.7547470596000442
v -0.1530690000000000 0.3887890000000000 0.0482770000000000
vn 0.4893351104219043 0.2548873630690704 0.8340165357210123
v -0.1502410000000000 0.3565870000000000 0.0580380000000000
vn 0.5866082762934671 0.2912462296166983 0.7556893302925910
v -0.1405130000000000 0.3600200000000000 0.0502020000000000
vn 0.7431708133346486 0.4836980974765629 0.4623129813287426
v -0.1450060000000000 0.4242110000000000 0.0170680000000000
vn 0.6510857846166791 0.5143134455371614 0.5581836443409791
v -0.1583600000000000 0.4348730000000000 0.0249950000000000
vn 0.6107977379603465 0.4344709475102234 0.6619373981518891
v -0.1585730000000000 0.4207650000000000 0.0360480000000000
vn 0.6818332828834550 0.4586312166087522 0.5698778654276250
v -0.1510550000000000 0.4225800000000000 0.0268450000000000
vn 0.6621632463998447 0.6028458234336934 0.4451030760237126
v -0.1596720000000000 0.4455700000000000 0.0149150000000000
vn 0.5298930448238079 0.5777080852468217 0.6208596695613308
v -0.1723840000000000 0.4451030000000000 0.0298350000000000
vn 0.6098378732518204 0.5856470728381586 0.5339618660764018
v -0.1650940000000000 0.4451370000000000 0.0225670000000000
vn 0.2878058797572617 0.5490597677079126 0.7846662647659077
v -0.1893600000000000 0.4417670000000000 0.0428660000000000
vn 0.4766585738679521 0.4892947277520797 0.7303336726128601
v -0.1740980000000000 0.4320750000000000 0.0411310000000000
vn 0.4121022646869496 0.5872075828077625 0.6966770974654988
v -0.1806840000000000 0.4440970000000000 0.0367710000000000
vn 0.3975681039181329 0.3829765654977300 0.8338276518720782
v -0.1762460000000000 0.4156300000000000 0.0513420000000000
vn 0.5156494781226026 0.4119024873784365 0.7512935222689893
v -0.1671190000000000 0.4185290000000000 0.0443300000000000
vn 0.2142434545572027 0.4151168282496664 0.8841819728332697
v -0.1917400000000000 0.4256030000000000 0.0527230000000000
vn 0.0929140413143102 0.2905860679251375 0.9523270016409542
v -0.1947390000000000 0.4075380000000000 0.0601450000000000
vn 0.3133477082382199 0.2886375306575051 0.9047107767887996
v -0.1791300000000000 0.3970130000000000 0.0597340000000000
vn 0.2734798890266777 0.3429261147892284 0.8986714806276657
v -0.1855140000000000 0.4118290000000000 0.0567330000000000
vn -0.0539260932811890 0.4536777302319973 0.8895327388887786
v -0.2056440000000000 0.4327460000000000 0.0507590000000000
vn 0.1248646748902927 0.5108733056948503 0.8505394044328326
v -0.1977820000000000 0.4377600000000000 0.0476060000000000
vn -0.1819218506303316 0.2898770594104492 0.9396146713897064
v -0.2085230000000000 0.4162880000000000 0.0570200000000000
vn -0.2498608746641402 0.3761413726850346 0.8922371943977053
v -0.2126360000000000 0.4273960000000000 0.0520900000000000
vn -0.0965253383160979 0.1510687446865636 0.9837993156339299
v -0.1983760000000000 0.3887160000000000 0.0645320000000000
vn -0.1341950110014761 0.2151120447040436 0.9673254401935055
v -0.2037460000000000 0.4031630000000000 0.0612160000000000
vn 0.3426770298533258 0.2188896987546927 0.9135971502746618
v -0.1662820000000000 0.3667510000000000 0.0632080000000000
vn 0.1901877809176628 0.1392814903902187 0.9718175108652316
v -0.1706780000000000 0.3489570000000000 0.0679950000000000
vn 0.3625374347637837 0.2066235433045305 0.9087757257691119
v -0.1604050000000000 0.3528730000000000 0.0641030000000000
vn 0.1635902902921025 0.1864532770414670 0.9687483638193375
v -0.1826640000000000 0.3777380000000000 0.0655880000000000
vn 0.3216998808917684 0.2464940865848343 0.9141935527627233
v -0.1726220000000000 0.3817260000000000 0.0618220000000000
vn -0.0794886948376093 0.0565054730788485 0.9952329771993836
v -0.1864670000000000 0.3587700000000000 0.0683330000000000
vn -0.0689343664798750 0.0986429157353504 0.9927324051793852
v -0.1924830000000000 0.3736440000000000 0.0668230000000000
vn -0.0606041287790837 0.0389545549301322 0.9974014649202815
v -0.1807230000000000 0.3449190000000000 0.0693040000000000
vn 0.3369884458285152 0.1572604142994184 -0.9282822574370672
v -0.1304920000000000 0.3603370000000000 -0.0494250000000000
vn 0.5250105354765487 0.2425014447613764 -0.8158167606314991
v -0.1285390000000000 0.3777330000000000 -0.0446590000000000
vn 0.7115483256624587 0.3056872426287839 -0.6326565339431520
v -0.1162680000000000 0.3667810000000000 -0.0382100000000000
vn 0.5384834436459751 0.2337292569605333 -0.8095716246014609
v -0.1224570000000000 0.3639810000000000 -0.0446260000000000
vn 0.3359283668763121 0.1944248979127916 -0.9216024584382435
v -0.1432400000000000 0.3887310000000000 -0.0489440000000000
vn 0.4826008342232636 0.3045202967100754 -0.8211965804231149
v -0.1426600000000000 0.4069220000000000 -0.0437940000000000
vn 0.6655453272481076 0.3439547840887657 -0.6623779313055803
v -0.1292600000000000 0.3952180000000000 -0.0383180000000000
vn 0.5281578150661503 0.2735683118801409 -0.8038716944386090
v -0.1353260000000000 0.3923440000000000 -0.0444570000000000
vn 0.7837043573751641 0.4492826333809901 -0.4288969521615001
v -0.1326920000000000 0.4121900000000000 -0.0305010000000000
vn 0.8709764116020832 0.4310972326931248 -0.2357016469969792
v -0.1225240000000000 0.3986010000000000 -0.0221020000000000
vn 0.8275082443292159 0.3739974555213036 -0.4187553090180102
v -0.1180460000000000 0.3825640000000000 -0.0307000000000000
vn 0.7940801940481124 0.3964896809881011 -0.4606870719810424
v -0.1250050000000000 0.3973160000000000 -0.0307810000000000
vn 0.8999014633989537 0.3902223290668988 -0.1946892140567278
v -0.1093850000000000 0.3699920000000000 -0.0215350000000000
vn 0.8361062787295835 0.3588422991818311 -0.4149198657414046
v -0.1119150000000000 0.3687730000000000 -0.0304290000000000
vn 0.2415176263865358 0.2757782239896830 -0.9303846555687115
v -0.1577220000000000 0.4169370000000000 -0.0465480000000000
vn 0.3920686699275302 0.4256368525336457 -0.8155460917854421
v -0.1582830000000000 0.4326470000000000 -0.0405100000000000
vn 0.6100503238470490 0.4528546458916936 -0.6502009474527235
v -0.1448540000000000 0.4238090000000000 -0.0367410000000000
vn 0.4430245740992088 0.3604705696467935 -0.8208472422824670
v -0.1503820000000000 0.4205710000000000 -0.0424400000000000
vn 0.1442388401396302 0.4076419872683607 -0.9016779731207124
v -0.1715000000000000 0.4386970000000000 -0.0415850000000000
vn 0.4458791906206471 0.6133875897548315 -0.6518799061991674
v -0.1624810000000000 0.4467670000000000 -0.0329960000000000
vn 0.2985730518206359 0.5022520599455638 -0.8115398948954696
v -0.1661510000000000 0.4425040000000000 -0.0381220000000000
vn 0.6572462909386537 0.7214013988572940 -0.2181910510862497
v -0.1575910000000000 0.4520770000000000 -0.0187740000000000
vn 0.6737354638411485 0.5893377661212467 -0.4458267849579826
v -0.1499770000000000 0.4391930000000000 -0.0283410000000000
vn 0.5671748636254713 0.6876762398595694 -0.4532262825609653
v -0.1596220000000000 0.4501500000000000 -0.0264390000000000
vn 0.8165227553941314 0.5379952944331668 -0.2094078630122219
v -0.1387150000000000 0.4278670000000000 -0.0215330000000000
vn 0.7406131111302585 0.5103638120533760 -0.4370594913376273
v -0.1410080000000000 0.4263440000000000 -0.0296920000000000
vn 0.7778978073086077 0.6283751346701414 0.0044375119990906
v -0.1468260000000000 0.4409450000000000 -0.0118000000000000
vn 0.8349721099049447 0.5187569589403427 0.1836104387878109
v -0.1385230000000000 0.4273010000000000 -0.0028800000000000
vn 0.8702505940228067 0.4925920851866883 0.0041159706488754
v -0.1294920000000000 0.4139160000000000 -0.0126720000000000
vn 0.8344023420695814 0.5511429132153838 0.0037710424629324
v -0.1378460000000000 0.4280730000000000 -0.0125040000000000
vn 0.7149028190283783 0.6733214049625301 0.1885530295820306
v -0.1561740000000000 0.4503600000000000 -0.0016170000000000
vn 0.6858557417158365 0.7276722522624411 0.0097465297786493
v -0.1564100000000000 0.4519720000000000 -0.0103250000000000
vn 0.7566246373488308 0.5551378634227256 0.3454578277463137
v -0.1489520000000000 0.4379320000000000 0.0067370000000000
vn 0.7103453425418914 0.6208256529879823 0.3316398693177411
v -0.1569800000000000 0.4477700000000000 0.0068250000000000
vn 0.8213402318082000 0.4608991620804667 0.3361133529135317
v -0.1329850000000000 0.4122940000000000 0.0076250000000000
vn 0.7937445789078681 0.5082338352471500 0.3341674911842022
v -0.1408690000000000 0.4259000000000000 0.0070690000000000
vn 0.9089549254390662 0.4168237628928418 0.0076742561798067
v -0.1148070000000000 0.3842780000000000 -0.0122040000000000
vn 0.8971907020697518 0.4003085312061994 0.1865527377529504
v -0.1097540000000000 0.3702530000000000 -0.0014120000000000
vn 0.9154325310122655 0.4023790644717982 0.0086237833505916
v -0.1086690000000000 0.3704740000000000 -0.0117800000000000
vn 0.8818943429033920 0.4336170286774562 0.1850368622624382
v -0.1227870000000000 0.3987190000000000 -0.0023460000000000
vn 0.8949518807031109 0.4460932646910156 -0.0078695885074293
v -0.1217800000000000 0.3990380000000000 -0.0125360000000000
vn 0.8551133791263947 0.4006700874403105 0.3290054556836601
v -0.1187230000000000 0.3831320000000000 0.0087820000000000
vn 0.8401436532137746 0.4243553056297145 0.3377591102376432
v -0.1255560000000000 0.3977400000000000 0.0082070000000000
vn 0.8571502837423773 0.3871624830080179 0.3397036985836749
v -0.1126280000000000 0.3693640000000000 0.0093170000000000
vn -0.6976734378744507 -0.1422536162832039 -0.7021507549941081
v -0.2144290000000000 0.3367200000000000 -0.0304790000000000
vn -0.5218185800038194 -0.0573094139912540 -0.8511292502497940
v -0.1995820000000000 0.3260730000000000 -0.0403180000000000
vn -0.6914598220284920 -0.0932495513909375 -0.7163712973631168
v -0.2095340000000000 0.3201650000000000 -0.0323880000000000
vn -0.7235199614713773 -0.1337305979683492 -0.6772259538141492
v -0.2242730000000000 0.3707290000000000 -0.0278830000000000
vn -0.5531009903961233 -0.1116110594749681 -0.8256041822966395
v -0.2104400000000000 0.3580180000000000 -0.0372240000000000
vn -0.7079037606059643 -0.1544375807755531 -0.6892178896141105
v -0.2195250000000000 0.3537940000000000 -0.0291030000000000
vn -0.4374962217622492 -0.0575859315104853 -0.8973744572004636
v -0.2054270000000000 0.3796560000000000 -0.0422560000000000
vn -0.2846972936900784 -0.0401007722323822 -0.9577783559007333
v -0.1880830000000000 0.3687800000000000 -0.0482320000000000
vn -0.3919699554235840 -0.0675539603690870 -0.9174944231349231
v -0.1939050000000000 0.3471260000000000 -0.0448200000000000
vn -0.4117139805146894 -0.0746580734260320 -0.9082498391527868
v -0.1997560000000000 0.3631860000000000 -0.0435990000000000
vn -0.2515254335311755 -0.0090977792796242 -0.9678079286196892
v -0.1760590000000000 0.3386740000000000 -0.0503830000000000
vn -0.3782965959877842 -0.0315981493153616 -0.9251449845423686
v -0.1882250000000000 0.3323350000000000 -0.0462700000000000
vn -0.7679120951704289 -0.0292056271247036 -0.6398890883858037
v -0.2310160000000000 0.4016050000000000 -0.0245500000000000
vn -0.6058855341188222 -0.0543790858500748 -0.7936911455772074
v -0.2200650000000000 0.3908910000000000 -0.0342000000000000
vn -0.7441283599561525 -0.0911552427473631 -0.6617882634412883
v -0.2281250000000000 0.3868680000000000 -0.0264320000000000
vn -0.6862445768167414 0.1010666045912323 -0.7203151547940740
v -0.2266550000000000 0.4193310000000000 -0.0284160000000000
vn -0.7970021143485575 0.0565137182100981 -0.6013267243171539
v -0.2328880000000000 0.4143340000000000 -0.0220380000000000
vn -0.4334938100032459 0.2179898457243832 -0.8743932432549610
v -0.2094710000000000 0.4292610000000000 -0.0384990000000000
vn -0.5120146530064450 0.0473569381123856 -0.8576702836867495
v -0.2150310000000000 0.4108040000000000 -0.0378080000000000
vn -0.5638007425060699 0.1475925622952308 -0.8126162429491134
v -0.2187250000000000 0.4245530000000000 -0.0340180000000000
vn -0.3323669603237914 0.0275588833173806 -0.9427474272759498
v -0.2000010000000000 0.4006400000000000 -0.0450800000000000
vn -0.4706184973024904 -0.0182083018683720 -0.8821489033829925
v -0.2105570000000000 0.3956840000000000 -0.0404390000000000
vn -0.2389798252509648 0.1393472415394375 -0.9609739795636342
v -0.1945070000000000 0.4195490000000000 -0.0453210000000000
vn -0.0777712069784920 0.1226474509230006 -0.9893984243706875
v -0.1775750000000000 0.4093180000000000 -0.0493140000000000
vn -0.1771302703316578 0.0275302809749887 -0.9838022926186297
v -0.1825010000000000 0.3899370000000000 -0.0499140000000000
vn -0.1991588505156068 0.0777799244061685 -0.9768756500295588
v -0.1887910000000000 0.4051550000000000 -0.0480510000000000
vn -0.1327497621014520 0.2960005839271015 -0.9459181544810432
v -0.1889540000000000 0.4351290000000000 -0.0430610000000000
vn -0.2748164830785779 0.2477920537785615 -0.9290182983733551
v -0.1992620000000000 0.4327210000000000 -0.0415100000000000
vn 0.0402663604963858 0.2582773593492892 -0.9652312810202192
v -0.1736420000000000 0.4258750000000000 -0.0463670000000000
vn 0.0131718990139918 0.3517173903393780 -0.9360135567443576
v -0.1794010000000000 0.4366790000000000 -0.0431590000000000
vn 0.0925230698646377 0.1388229559278999 -0.9859856329836980
v -0.1599710000000000 0.3992210000000000 -0.0505420000000000
vn 0.0677604001771159 0.1900082379187439 -0.9794413702161305
v -0.1670030000000000 0.4132150000000000 -0.0488260000000000
vn -0.1444122270224854 -0.0049062141650158 -0.9895054510961389
v -0.1696590000000000 0.3589840000000000 -0.0519840000000000
vn -0.0001393600014459 0.0475432774356347 -0.9988691692856819
v -0.1516230000000000 0.3505840000000000 -0.0534700000000000
vn -0.1303188535315739 0.0151517441291767 -0.9913563542258960
v -0.1636870000000000 0.3448140000000000 -0.0527970000000000
vn -0.0254479826412368 0.0486273602264669 -0.9984927541133670
v -0.1641580000000000 0.3795490000000000 -0.0522350000000000
vn -0.1625226644251268 -0.0019078391920454 -0.9867029662962278
v -0.1760280000000000 0.3742860000000000 -0.0511240000000000
vn 0.1351497737482640 0.0878314283946043 -0.9869246064629033
v -0.1464360000000000 0.3696580000000000 -0.0520390000000000
vn 0.1433669178961876 0.1130765753746469 -0.9831884941121359
v -0.1530400000000000 0.3844140000000000 -0.0515230000000000
vn 0.1509865785287883 0.0928349865574300 -0.9841670175204268
v -0.1403870000000000 0.3558150000000000 -0.0523600000000000
vn 0.9450586374347891 -0.2718042817284622 0.1816221468983740
v 0.1605970000000000 -0.4125780000000000 -0.1740940000000000
vn 0.9687269193407210 -0.2121400080980535 0.1287042062591353
v 0.1711890000000000 -0.3822990000000000 -0.1904900000000000
vn 0.9354039426259990 -0.3246658334296239 0.1400412822105850
v 0.1633160000000000 -0.3923530000000000 -0.1541500000000000
vn 0.8951147429578260 -0.3740632768273810 0.2425824846700749
v 0.1499570000000000 -0.4196980000000000 -0.1393060000000000
vn 0.9392622227694440 -0.2954552175101706 0.1746215660341563
v 0.1617600000000000 -0.4024270000000000 -0.1642820000000000
vn 0.9883230341936089 -0.0959481879347037 0.1183702889849706
v 0.1782850000000000 -0.3685900000000000 -0.2279490000000000
vn 0.9962115414981475 -0.0123979761784331 0.0860747046034068
v 0.1821440000000000 -0.3370800000000000 -0.2441830000000000
vn 0.9884757859383234 -0.1382762418327579 0.0616060188473712
v 0.1782040000000000 -0.3517900000000000 -0.2065690000000000
vn 0.9877610233478268 -0.1193342321431231 0.1004365560623485
v 0.1780500000000000 -0.3602170000000000 -0.2173250000000000
vn 0.9979881242004791 -0.0619851675622884 -0.0133245246475856
v 0.1815820000000000 -0.3221950000000000 -0.2219610000000000
vn 0.9711866591629594 -0.2299853812461792 -0.0624755750428866
v 0.1812350000000000 -0.3345550000000000 -0.1841400000000000
vn 0.9596582460160520 -0.2785389030197280 0.0383683509935123
v 0.1738120000000000 -0.3635910000000000 -0.1691290000000000
vn 0.9843117772769088 -0.1763413056839202 0.0058368676242486
v 0.1791350000000000 -0.3432540000000000 -0.1955510000000000
vn 0.9013308989643699 -0.4323891643259156 0.0253420825035557
v 0.1691750000000000 -0.3727500000000000 -0.1316420000000000
vn 0.8718038859317804 -0.4620209455500610 0.1627717123681958
v 0.1547160000000000 -0.3990150000000000 -0.1189750000000000
vn 0.9237572986687491 -0.3725263811254390 0.0888625259701726
v 0.1656570000000000 -0.3824350000000000 -0.1433770000000000
vn 0.9845096081301289 0.1386882251769522 0.1072679248271683
v 0.1850800000000000 -0.3197580000000000 -0.2819710000000000
vn 0.9621810690288832 0.2593204606774059 0.0834295455848439
v 0.1812520000000000 -0.2912450000000000 -0.2955610000000000
vn 0.9939579736258274 0.1024963313163026 0.0392689283319245
v 0.1818330000000000 -0.3076530000000000 -0.2590120000000000
vn 0.9902173065993044 0.1129249374761768 0.0819612360034962
v 0.1832760000000000 -0.3137880000000000 -0.2704640000000000
vn 0.8842756471845231 0.4541025250613469 0.1088461139834650
v 0.1789410000000000 -0.2738950000000000 -0.3313910000000000
vn 0.7926140308899011 0.6051023907160887 0.0749272633033982
v 0.1669450000000000 -0.2520040000000000 -0.3397950000000000
vn 0.9058938691598197 0.4217074313972083 0.0389761481295984
v 0.1731320000000000 -0.2665650000000000 -0.3065460000000000
vn 0.9009006805781262 0.4258353540785064 0.0839179060195253
v 0.1758730000000000 -0.2703500000000000 -0.3188730000000000
vn 0.8158359652997654 0.5767839346535856 -0.0416169490583845
v 0.1612890000000000 -0.2459160000000000 -0.3145960000000000
vn 0.9342929921052010 0.3323259717249346 -0.1290583334007878
v 0.1699400000000000 -0.2573190000000000 -0.2832300000000000
vn 0.9748847464983165 0.2209283654030355 -0.0281138472154889
v 0.1776220000000000 -0.2809730000000000 -0.2720930000000000
vn 0.9190226598755309 0.3929173823057557 -0.0318320800026773
v 0.1710450000000000 -0.2623010000000000 -0.2946010000000000
vn 0.9945856528935106 0.0119532487132254 -0.1032303196914020
v 0.1814550000000000 -0.2942230000000000 -0.2365120000000000
vn 0.9973323808828420 0.0691072003659640 -0.0235014233641274
v 0.1811060000000000 -0.3011870000000000 -0.2476770000000000
vn 0.9730480633972514 0.0710876261241264 -0.2193718663158403
v 0.1781190000000000 -0.2682220000000000 -0.2501790000000000
vn 0.9451649751572314 -0.1625038431539689 -0.2832943181502596
v 0.1868260000000000 -0.2781000000000000 -0.2149840000000000
vn 0.9681987064682052 -0.1864766167344618 -0.1667864988677537
v 0.1854990000000000 -0.3059270000000000 -0.1993940000000000
vn 0.9788604483637176 -0.0672625710095294 -0.1931527094564553
v 0.1832400000000000 -0.2865970000000000 -0.2255770000000000
vn 0.8643379841695423 0.4170760276578348 -0.2810114522130598
v 0.1593090000000000 -0.2366440000000000 -0.2923360000000000
vn 0.9232118628739461 0.0966966581641381 -0.3719268914030094
v 0.1719780000000000 -0.2442420000000000 -0.2629740000000000
vn 0.9403958275500177 0.2331191945343867 -0.2476108411725063
v 0.1701410000000000 -0.2513790000000000 -0.2726240000000000
vn 0.8267935830246316 0.0667353701926185 -0.5585326860932545
v 0.1634560000000000 -0.2220670000000000 -0.2749780000000000
vn 0.8056286686277252 -0.2136527115742903 -0.5525531351119745
v 0.1818640000000000 -0.2254180000000000 -0.2473090000000000
vn 0.8940479248371481 -0.1689792655670128 -0.4148786761245055
v 0.1855010000000000 -0.2512960000000000 -0.2309140000000000
vn 0.8756584172558617 -0.0605553481564028 -0.4791193860601093
v 0.1757760000000000 -0.2356680000000000 -0.2544730000000000
vn 0.8312897296403763 -0.3589995747010338 -0.4243544400131886
v 0.2008730000000000 -0.2576630000000000 -0.1952820000000000
vn 0.8811328800537594 -0.3484344483445481 -0.3196846616511305
v 0.1969640000000000 -0.2869290000000000 -0.1768210000000000
vn 0.8939041891130102 -0.2633083393449722 -0.3627726824302029
v 0.1925810000000000 -0.2685250000000000 -0.2048470000000000
vn 0.9125882347393354 -0.3967550552216084 -0.0988339009219124
v 0.1812130000000000 -0.3450220000000000 -0.1449660000000000
vn 0.8180392106433638 -0.5610555593339179 -0.1266037487220919
v 0.1816320000000000 -0.3542660000000000 -0.1037370000000000
vn 0.7998278102550200 -0.5997093337353065 0.0249837742027581
v 0.1638330000000000 -0.3799920000000000 -0.0941330000000000
vn 0.8658532395466514 -0.4980427668234680 -0.0474507110736384
v 0.1742620000000000 -0.3633750000000000 -0.1186240000000000
vn 0.9071946821993443 -0.3633206282261443 -0.2121224403371566
v 0.1905360000000000 -0.3162360000000000 -0.1599000000000000
vn 0.9458134125943286 -0.2942844950597745 -0.1372356532541155
v 0.1848900000000000 -0.3256370000000000 -0.1722060000000000
vn 0.8020554242478568 -0.4916183291741206 -0.3391437967214447
v 0.2095200000000000 -0.2949140000000000 -0.1347900000000000
vn 0.8218754628023871 -0.5153849282105707 -0.2426913665888154
v 0.1970830000000000 -0.3256720000000000 -0.1170560000000000
vn 0.8578083499647963 -0.4305946512793671 -0.2806297935363847
v 0.1986010000000000 -0.3060840000000000 -0.1473780000000000
vn 0.7042174148270393 -0.6489251387339097 -0.2880520733712880
v 0.2063610000000000 -0.3351670000000000 -0.0687330000000000
vn 0.6787793268747503 -0.7193145520566532 -0.1478012199103830
v 0.1816680000000000 -0.3640930000000000 -0.0590260000000000
vn 0.7662456800513250 -0.6101931055224852 -0.2013254374775026
v 0.1919980000000000 -0.3453770000000000 -0.0863930000000000
vn 0.7298931984272087 -0.5854109504666140 -0.3529163328091732
v 0.2258960000000000 -0.3021100000000000 -0.0881130000000000
vn 0.6960834961422925 -0.6173354877841497 -0.3665578561709307
v 0.2473150000000000 -0.3074550000000000 -0.0375180000000000
vn 0.6356644347386511 -0.6970907416070029 -0.3316552794306011
v 0.2256350000000000 -0.3405860000000000 -0.0171060000000000
vn 0.6980434992002071 -0.6265178403271795 -0.3467141026495709
v 0.2257210000000000 -0.3220960000000000 -0.0528980000000000
vn 0.7756016950949204 -0.4751602558438814 -0.4155294716771164
v 0.2191370000000000 -0.2634300000000000 -0.1551470000000000
vn 0.7465151131165885 -0.5322415331811489 -0.3992920438044154
v 0.2401040000000000 -0.2687650000000000 -0.1096790000000000
vn 0.7595327274118300 -0.5282500971205899 -0.3795548325109749
v 0.2237240000000000 -0.2824600000000000 -0.1222900000000000
vn 0.7635821584994357 -0.4785039803714373 -0.4335622538806092
v 0.2497200000000000 -0.2346860000000000 -0.1338010000000000
vn 0.7872762224212333 -0.4711939324009020 -0.3977089735959286
v 0.2749550000000000 -0.2378350000000000 -0.0833250000000000
vn 0.7443820090607800 -0.5460619867634685 -0.3843328390842635
v 0.2636330000000000 -0.2733560000000000 -0.0589840000000000
vn 0.7573641483135019 -0.5126037477968679 -0.4045206355601270
v 0.2575510000000000 -0.2538760000000000 -0.0967580000000000
vn 0.7726592896284497 -0.5228227340305251 -0.3600750073688903
v 0.2882350000000000 -0.2770580000000000 -0.0040900000000000
vn 0.7130931028631314 -0.6015642152267564 -0.3600260012938624
v 0.2722040000000000 -0.3108570000000000 0.0158040000000000
vn 0.7283749632717647 -0.5763486149706604 -0.3705296032711245
v 0.2683800000000000 -0.2925430000000000 -0.0212170000000000
vn 0.7708250090288318 -0.3733745143199792 -0.5161591590895401
v 0.2025360000000000 -0.2284580000000000 -0.2154460000000000
vn 0.7578543895148374 -0.4491921449040167 -0.4731629119548804
v 0.2253060000000000 -0.2315210000000000 -0.1778750000000000
vn 0.7799100750262276 -0.4242521477639196 -0.4601634383458616
v 0.2120680000000000 -0.2453070000000000 -0.1864010000000000
vn 0.6914654335407469 -0.2640702224232519 -0.6724154012570217
v 0.1761790000000000 -0.2000630000000000 -0.2644800000000000
vn 0.7143940527300535 -0.3706590125791274 -0.5935090848654263
v 0.2011810000000000 -0.1993420000000000 -0.2370600000000000
vn 0.7438946387735806 -0.3209447706682381 -0.5861870184374915
v 0.1905660000000000 -0.2132530000000000 -0.2416750000000000
vn 0.6556583979190569 -0.3461387597985948 -0.6710439808263735
v 0.1961440000000000 -0.1704180000000000 -0.2593700000000000
vn 0.7278984282554858 -0.3645608431292710 -0.5807402774046831
v 0.2253250000000000 -0.1669630000000000 -0.2288390000000000
vn 0.7436314560643715 -0.4142768929969242 -0.5247732019457528
v 0.2275090000000000 -0.1992980000000000 -0.2026900000000000
vn 0.7112010330350316 -0.3823168504482140 -0.5899380615566875
v 0.2130020000000000 -0.1838550000000000 -0.2329520000000000
vn 0.7809242112922774 -0.4176854103536776 -0.4644311296577938
v 0.2544710000000000 -0.1999130000000000 -0.1605710000000000
vn 0.7597998847241464 -0.4456329921431322 -0.4734082503365705
v 0.2397270000000000 -0.2163680000000000 -0.1693760000000000
vn 0.7953657980651927 -0.3449544011611642 -0.4983971392249975
v 0.2542180000000000 -0.1647340000000000 -0.1893150000000000
vn 0.8611159080998241 -0.2886211146711029 -0.4185418079277449
v 0.2815500000000000 -0.1633230000000000 -0.1407590000000000
vn 0.8275749774433824 -0.3858041749443312 -0.4077680655778591
v 0.2809600000000000 -0.2009770000000000 -0.1107330000000000
vn 0.8166348299287289 -0.3657695628296513 -0.4464528882812626
v 0.2686770000000000 -0.1822210000000000 -0.1511340000000000
vn 0.7009664265284021 -0.2842999894231771 -0.6540791885498142
v 0.2182270000000000 -0.1348330000000000 -0.2547460000000000
vn 0.8012495155563949 -0.2464910314380091 -0.5451984824275181
v 0.2486640000000000 -0.1296350000000000 -0.2185530000000000
vn 0.7595647517804199 -0.3196313910391995 -0.5664778563325271
v 0.2374480000000000 -0.1488320000000000 -0.2242100000000000
vn 0.7827733872400759 -0.1005027638002204 -0.6141376219522912
v 0.2373110000000000 -0.0950040000000000 -0.2457010000000000
vn 0.8846062570506915 -0.0101345500773701 -0.4662285500497530
v 0.2655590000000000 -0.0887190000000000 -0.2021080000000000
vn 0.8839759943972072 -0.1682075630335954 -0.4362254658634312
v 0.2765320000000000 -0.1256510000000000 -0.1720240000000000
vn 0.8462323493402397 -0.1431726802146906 -0.5132176873123532
v 0.2582690000000000 -0.1095410000000000 -0.2113560000000000
vn 0.9440824426837182 -0.0517608664615634 -0.3256211819269322
v 0.3001360000000000 -0.1220410000000000 -0.1159870000000000
vn 0.9208587507016130 -0.1957190236936546 -0.3372139158170479
v 0.3057820000000000 -0.1622650000000000 -0.0841570000000000
vn 0.9070736394943607 -0.1837650439839837 -0.3787450608839923
v 0.2923020000000000 -0.1432520000000000 -0.1291450000000000
vn 0.8290298858021283 -0.4305155218540235 -0.3568835018457253
v 0.2995710000000000 -0.2407850000000000 -0.0273820000000000
vn 0.8814514896511425 -0.3616945950402278 -0.3036779401116705
v 0.3216300000000000 -0.2432610000000000 0.0321980000000000
vn 0.8210153137813380 -0.4725955224727803 -0.3202925641896969
v 0.3112540000000000 -0.2798740000000000 0.0534010000000000
vn 0.8251525639787525 -0.4526868600281556 -0.3379317281894965
v 0.3062030000000000 -0.2607030000000000 0.0137780000000000
vn 0.8801907006685586 -0.3211642740716901 -0.3494536299948769
v 0.3055370000000000 -0.2023170000000000 -0.0542650000000000
vn 0.8306559171281160 -0.4075405521810945 -0.3793698006799919
v 0.2912070000000000 -0.2206880000000000 -0.0691840000000000
vn 0.9655006129245119 -0.0747278919919500 -0.2494480078109090
v 0.3253500000000000 -0.1614460000000000 -0.0218200000000000
vn 0.9326955942313100 -0.2272969144423815 -0.2800268579734383
v 0.3265220000000000 -0.2035910000000000 0.0068670000000000
vn 0.9285479400492789 -0.2096627685632948 -0.3063335543302677
v 0.3171750000000000 -0.1826100000000000 -0.0385000000000000
vn 0.9746300374469663 -0.1104381546473041 -0.1946784633805782
v 0.3422530000000000 -0.2042530000000000 0.0699420000000000
vn 0.9351678591590481 -0.2680232046496022 -0.2315699396839752
v 0.3392410000000000 -0.2446910000000000 0.0928810000000000
vn 0.9345778483680917 -0.2470767178114595 -0.2559635537633913
v 0.3338640000000000 -0.2245160000000000 0.0509810000000000
vn 0.6418317773775934 -0.6816827228187001 -0.3512273266117009
v 0.2526430000000000 -0.3417900000000000 0.0338300000000000
vn 0.5456412702631029 -0.7690601223392654 -0.3328995830775125
v 0.2312240000000000 -0.3686600000000000 0.0532230000000000
vn 0.5161069440775229 -0.8026032615955826 -0.2991013653447497
v 0.2027640000000000 -0.3696980000000000 0.0102660000000000
vn 0.5774928655152544 -0.7418060626889944 -0.3409189869116006
v 0.2280710000000000 -0.3557500000000000 0.0188050000000000
vn 0.7573248551760106 -0.5649056479355513 -0.3276288642094120
v 0.2963730000000000 -0.3131550000000000 0.0705320000000000
vn 0.6858541667162077 -0.6517944595659982 -0.3236789218918722
v 0.2778070000000000 -0.3431020000000000 0.0850280000000000
vn 0.6993049314254585 -0.6253329220306691 -0.3463110588887104
v 0.2755190000000000 -0.3277150000000000 0.0513420000000000
vn 0.7374040454726782 -0.6239677350278747 -0.2586494526665622
v 0.2985630000000000 -0.3437700000000000 0.1362710000000000
vn 0.6518009667731707 -0.7189371160385872 -0.2414227058411842
v 0.2772200000000000 -0.3693920000000000 0.1453700000000000
vn 0.5998537117647116 -0.7379846164995660 -0.3091184729065650
v 0.2566260000000000 -0.3691650000000000 0.0988800000000000
vn 0.6712635390804215 -0.6822935862887509 -0.2896216898135605
v 0.2785460000000000 -0.3570000000000000 0.1164940000000000
vn 0.5018842801441965 -0.8175375090982374 -0.2823908471632730
v 0.2338740000000000 -0.3907240000000000 0.1128840000000000
vn 0.4394279932688490 -0.8420528821891594 -0.3128098181461738
v 0.2090260000000000 -0.3907690000000000 0.0745790000000000
vn 0.5224721693993125 -0.7917884268884168 -0.3163762305369069
v 0.2332900000000000 -0.3803810000000000 0.0845370000000000
vn 0.8779745967561642 -0.4049528921528563 -0.2552915247082990
v 0.3304990000000000 -0.2812260000000000 0.1110910000000000
vn 0.8112620272875979 -0.5218705728246902 -0.2636380630729310
v 0.3166620000000000 -0.3142370000000000 0.1252040000000000
vn 0.8169999243307361 -0.4939263004181209 -0.2975700478859385
v 0.3148800000000000 -0.2977310000000000 0.0905910000000000
vn 0.9780976036077060 -0.1599269553063859 -0.1332232966987829
v 0.3509260000000000 -0.2440970000000000 0.1517090000000000
vn 0.9311146878591963 -0.3296752812656007 -0.1560116885855619
v 0.3438650000000000 -0.2806890000000000 0.1671390000000000
vn 0.9346324703032263 -0.2938010707672266 -0.2003573713915207
v 0.3426940000000000 -0.2634220000000000 0.1316050000000000
vn 0.9674651278973233 -0.2523115631752446 -0.0187109965175675
v 0.3500310000000000 -0.2777590000000000 0.2197910000000000
vn 0.8983242256681280 -0.4391078052829934 -0.0140684369178269
v 0.3379200000000000 -0.3107440000000000 0.2285770000000000
vn 0.8633193543830150 -0.4782756246271254 -0.1610345280839700
v 0.3309550000000000 -0.3136260000000000 0.1783670000000000
vn 0.9210159230470408 -0.3777338521861814 -0.0951147013158080
v 0.3423930000000000 -0.2964690000000000 0.1994680000000000
vn 0.7822554122767603 -0.6045340794742994 -0.1503829003506622
v 0.3130450000000000 -0.3430400000000000 0.1861300000000000
vn 0.8011610929570903 -0.5582277805329965 -0.2156910943293789
v 0.3161890000000000 -0.3293520000000000 0.1570980000000000
vn 0.8031113789511528 -0.5957859738415217 0.0071544652412168
v 0.3199460000000000 -0.3402040000000000 0.2334720000000000
vn 0.6898194899783057 -0.7228905082875160 0.0397288846292866
v 0.2970870000000000 -0.3660080000000000 0.2350640000000000
vn 0.6878385508168926 -0.7145917052939990 -0.1274237918723634
v 0.2911290000000000 -0.3686270000000000 0.1911960000000000
vn 0.7478667133299693 -0.6606434504035031 -0.0651583496720372
v 0.3068160000000000 -0.3552610000000000 0.2121550000000000
vn 0.8977866017966830 -0.4020559344761763 0.1798061266666207
v 0.3368120000000000 -0.3051560000000000 0.2743960000000000
vn 0.7789164253127386 -0.5906440955533260 0.2107812960535598
v 0.3185350000000000 -0.3346870000000000 0.2770750000000000
vn 0.8542142650831693 -0.5122503748293480 0.0889805754960778
v 0.3300870000000000 -0.3234890000000000 0.2544500000000000
vn 0.6940985639532374 -0.5701803811747109 0.4394559323089348
v 0.3085100000000000 -0.3262070000000000 0.3157330000000000
vn 0.5427843035879241 -0.7057657903203792 0.4552799677034152
v 0.2828390000000000 -0.3523460000000000 0.3125140000000000
vn 0.6368381374994172 -0.7307905971604776 0.2457280808701079
v 0.2944160000000000 -0.3607300000000000 0.2758810000000000
vn 0.6676749840855880 -0.6625196613842523 0.3395258663277443
v 0.3029050000000000 -0.3443120000000000 0.2964330000000000
vn 0.4869480862572166 -0.8235735901209099 0.2908747203622027
v 0.2654600000000000 -0.3830270000000000 0.2710890000000000
vn 0.5601172930911728 -0.8250981864231355 0.0740378331764916
v 0.2703770000000000 -0.3877290000000000 0.2337010000000000
vn 0.6018011464804096 -0.7829331538904637 0.1576421791082448
v 0.2834390000000000 -0.3752660000000000 0.2547460000000000
vn 0.5528312092875564 -0.8054997549219831 -0.2134193029186514
v 0.2536850000000000 -0.3904570000000000 0.1533740000000000
vn 0.4482986611679211 -0.8762400633338145 -0.1767248194334975
v 0.2292430000000000 -0.4067200000000000 0.1606740000000000
vn 0.4013884552786178 -0.8828950674681741 -0.2436875208323422
v 0.2103310000000000 -0.4076670000000000 0.1273100000000000
vn 0.4779796150361205 -0.8462017050695099 -0.2355380265421625
v 0.2325840000000000 -0.3994960000000000 0.1384010000000000
vn 0.5787586964064311 -0.8098635004941229 -0.0957051822073094
v 0.2662860000000000 -0.3897330000000000 0.1940390000000000
vn 0.6228201835504633 -0.7620389997819226 -0.1771766964742661
v 0.2733090000000000 -0.3802630000000000 0.1712870000000000
vn 0.4278074745588005 -0.8963169018018649 0.1166052153890523
v 0.2408020000000000 -0.4049580000000000 0.2292230000000000
vn 0.4637216515438979 -0.8838636349312737 -0.0612152328712056
v 0.2398410000000000 -0.4060780000000000 0.1949380000000000
vn 0.5134504448297299 -0.8581192191978412 0.0002152845553984
v 0.2556260000000000 -0.3979240000000000 0.2134190000000000
vn 0.3598754623581064 -0.9326095971641897 -0.0269998309214522
v 0.2141570000000000 -0.4174770000000000 0.1932750000000000
vn 0.3543247444653899 -0.9264677344787901 -0.1269311326242473
v 0.2066070000000000 -0.4179820000000000 0.1683360000000000
vn 0.4086019433708815 -0.9063711120383396 -0.1074051168982302
v 0.2236770000000000 -0.4124190000000000 0.1792940000000000
vn 0.9950076736990040 0.0045240546944420 -0.0996958485054334
v 0.3514550000000000 -0.2034480000000000 0.1317550000000000
vn 0.9950371945702727 0.0993932356243739 0.0046868042245011
v 0.3541790000000000 -0.2006440000000000 0.1895980000000000
vn 0.9980777301360575 -0.0610627227020292 -0.0105919074141732
v 0.3554200000000000 -0.2410080000000000 0.2066140000000000
vn 0.9978049848753399 -0.0220969447575621 -0.0624254530644689
v 0.3546580000000000 -0.2230330000000000 0.1709750000000000
vn 0.9767659797636660 0.2128965465859359 0.0245617838950671
v 0.3470170000000000 -0.1568270000000000 0.1698950000000000
vn 0.9502670460848869 0.2803519015318111 0.1356294674198832
v 0.3417470000000000 -0.1535580000000000 0.2256800000000000
vn 0.9760134843357055 0.1759196857590651 0.1282573294486800
v 0.3502380000000000 -0.1963080000000000 0.2420180000000000
vn 0.9771918326350274 0.2006466841650905 0.0695487624976223
v 0.3497790000000000 -0.1773480000000000 0.2077680000000000
vn 0.9308107440731332 0.2389078363676288 0.2766123721747790
v 0.3397060000000000 -0.1913210000000000 0.2878870000000000
vn 0.9505742447995305 0.0733950879572029 0.3016981375274906
v 0.3429150000000000 -0.2292570000000000 0.2999010000000000
vn 0.9909078173669121 0.0156378044776121 0.1336306721986476
v 0.3526860000000000 -0.2358230000000000 0.2563420000000000
vn 0.9695451088456331 0.1348608429061505 0.2044378511043203
v 0.3480610000000000 -0.2136340000000000 0.2727070000000000
vn 0.9705049569123017 -0.1862632123033027 0.1530560170365955
v 0.3482710000000000 -0.2721150000000000 0.2673740000000000
vn 0.9915405207998477 -0.1151290897573769 0.0599390382272241
v 0.3534030000000000 -0.2573700000000000 0.2387270000000000
vn 0.9313449584771876 0.3306096717283711 0.1526231086001867
v 0.3288760000000000 -0.1080530000000000 0.2095310000000000
vn 0.8513276821718041 0.4089900876226952 0.3285852793330278
v 0.3154340000000000 -0.1059660000000000 0.2607190000000000
vn 0.8957592069820177 0.3447969806084485 0.2805895316476434
v 0.3301280000000000 -0.1502590000000000 0.2743520000000000
vn 0.9149664603139164 0.3433491252566702 0.2120088552068091
v 0.3303730000000000 -0.1296910000000000 0.2435260000000000
vn 0.8368773507351197 0.3733098678838250 0.4003449042602250
v 0.2977010000000000 -0.0570290000000000 0.2478870000000000
vn 0.6214145870063958 0.4772252926617253 0.6213693998738603
v 0.2736900000000000 -0.0633960000000000 0.2911230000000000
vn 0.7235539153439897 0.4734227085593989 0.5023352173704976
v 0.2956030000000000 -0.1081030000000000 0.3027220000000000
vn 0.7784352339652360 0.4447413333105628 0.4429940552271907
v 0.2967100000000000 -0.0825990000000000 0.2766730000000000
vn 0.5564449441897344 0.5319829431146010 0.6382500860327481
v 0.2705410000000000 -0.1153740000000000 0.3360830000000000
vn 0.6401956577308227 0.4614604469030268 0.6141691752006594
v 0.2892980000000000 -0.1500610000000000 0.3467910000000000
vn 0.7926709058088678 0.4111321802135680 0.4501590446464308
v 0.3123220000000000 -0.1488130000000000 0.3147610000000000
vn 0.6811650545751216 0.4825307538127031 0.5506162366391101
v 0.2932430000000000 -0.1304920000000000 0.3261850000000000
vn 0.8428212043921240 0.2956919220595235 0.4496873410001155
v 0.3230520000000000 -0.1867610000000000 0.3262570000000000
vn 0.8728812594161148 0.3306650396304637 0.3588020882413047
v 0.3278020000000000 -0.1694020000000000 0.3019510000000000
vn 0.7044557268849199 0.3409776542429158 0.6224759980642127
v 0.3011370000000000 -0.1834160000000000 0.3563950000000000
vn 0.7246473328965404 0.1528303139405056 0.6719591788693545
v 0.3048170000000000 -0.2150100000000000 0.3650620000000000
vn 0.8648070604092337 0.1170142407736556 0.4882790346948199
v 0.3266470000000000 -0.2221100000000000 0.3364000000000000
vn 0.7970932989672203 0.2361692529374959 0.5557574621257899
v 0.3155390000000000 -0.2019820000000000 0.3472090000000000
vn 0.4625504814841976 0.4902889516024807 0.7386905955914677
v 0.2624180000000000 -0.1537500000000000 0.3711270000000000
vn 0.5408344344404706 0.3654661719367157 0.7575833892670688
v 0.2756120000000000 -0.1815550000000000 0.3786400000000000
vn 0.5903846082423467 0.4267044774447401 0.6851053227636914
v 0.2834320000000000 -0.1671070000000000 0.3642660000000000
vn 0.3875853654492620 0.3570937625529587 0.8498597703358673
v 0.2498600000000000 -0.1820300000000000 0.3937160000000000
vn 0.3931435391233691 0.2110774132982259 0.8949214955742665
v 0.2524150000000000 -0.2015210000000000 0.3990850000000000
vn 0.5550583728659904 0.1785695854326041 0.8124180610189480
v 0.2790010000000000 -0.2082680000000000 0.3859170000000000
vn 0.4758027700045347 0.2852073102808922 0.8320267509030889
v 0.2657960000000000 -0.1933270000000000 0.3899430000000000
vn 0.4874587380876074 -0.0367570128703987 0.8723719967232343
v 0.2719580000000000 -0.2342610000000000 0.3925000000000000
vn 0.6681895841448202 -0.0791927322033976 0.7397642805695159
v 0.2996690000000000 -0.2451020000000000 0.3720320000000000
vn 0.6189938191483360 0.0554506323556474 0.7834359445592958
v 0.2904390000000000 -0.2257880000000000 0.3800740000000000
vn 0.9262680178626851 -0.1415570212044483 0.3492694788160797
v 0.3388620000000000 -0.2643500000000000 0.3090530000000000
vn 0.8377574196954092 -0.3691147181267841 0.4023889046773964
v 0.3273200000000000 -0.2967370000000000 0.3145040000000000
vn 0.9233599848107445 -0.2733943948286459 0.2695586083332903
v 0.3396890000000000 -0.2852390000000000 0.2926140000000000
vn 0.8248943942708593 -0.1109215999551161 0.5542974264453241
v 0.3223640000000000 -0.2551640000000000 0.3441270000000000
vn 0.9070459391636448 -0.0102282942572937 0.4209074081592385
v 0.3344680000000000 -0.2431040000000000 0.3236650000000000
vn 0.5425779127857863 -0.3014061219810410 0.7840685927834181
v 0.2857720000000000 -0.2738830000000000 0.3756580000000000
vn 0.7116497697969543 -0.3404132706053968 0.6145513895059377
v 0.3100230000000000 -0.2861380000000000 0.3483850000000000
vn 0.6987805698946361 -0.2141078480056181 0.6825419727460950
v 0.3062500000000000 -0.2654280000000000 0.3614150000000000
vn 0.5530154775026402 -0.5287863535950569 0.6438624650452689
v 0.2898790000000000 -0.3148440000000000 0.3484710000000000
vn 0.7098689949413918 -0.4591102572155421 0.5341383544928946
v 0.3108300000000000 -0.3066060000000000 0.3331030000000000
vn 0.9305163939435829 0.3209925314332561 0.1763605266671115
v 0.3140110000000000 -0.0606150000000000 0.1951800000000000
vn 0.9379185556302750 0.2723996772368819 0.2147258690648643
v 0.3012350000000000 -0.0133650000000000 0.1846020000000000
vn 0.8664060693461895 0.2965028119320786 0.4017792995121282
v 0.2851820000000000 -0.0057560000000000 0.2312630000000000
vn 0.9076895956968881 0.3293570285082395 0.2600452761267593
v 0.2997180000000000 -0.0344420000000000 0.2162090000000000
vn 0.9605022827672269 0.2748798792942023 0.0433176264140894
v 0.3354580000000000 -0.1102470000000000 0.1496030000000000
vn 0.9580513864756024 0.2805867901822435 0.0583831657877642
v 0.3218360000000000 -0.0625490000000000 0.1334630000000000
vn 0.9456881173451839 0.3084983913490732 0.1024828143990774
v 0.3259780000000000 -0.0856980000000000 0.1724330000000000
vn 0.9710209271640270 0.2371160852260634 -0.0299052025002266
v 0.3226340000000000 -0.0621960000000000 0.0611880000000000
vn 0.9783813377823860 0.2068061470281445 -0.0010841727364468
v 0.3111090000000000 -0.0136660000000000 0.0607680000000000
vn 0.9677937647569839 0.2401590156763066 0.0754909006893631
v 0.3092630000000000 -0.0157030000000000 0.1275470000000000
vn 0.9687632952730300 0.2468274459225162 0.0239559944712675
v 0.3166040000000000 -0.0385230000000000 0.0938560000000000
vn 0.9734064025020723 0.2083910288160079 0.0951480671216149
v 0.2988350000000000 0.0290340000000000 0.1318380000000000
vn 0.9558349428448484 0.2015525508354734 0.2139068285223721
v 0.2917990000000000 0.0316600000000000 0.1783580000000000
vn 0.9631198463398306 0.2258459532427007 0.1462660828430057
v 0.3007300000000000 0.0076710000000000 0.1560270000000000
vn 0.9865063519902152 0.0400574332768181 -0.1587470299634955
v 0.3387510000000000 -0.1603730000000000 0.0432890000000000
vn 0.9886413609312334 0.1334088329419390 -0.0692123020070021
v 0.3460030000000000 -0.1589640000000000 0.1082260000000000
vn 0.9912853637601868 0.0240307144485403 -0.1295216289193693
v 0.3461460000000000 -0.1822560000000000 0.0888930000000000
vn 0.9722664198241117 0.0610657313783692 -0.2257631177443055
v 0.3177880000000000 -0.1181910000000000 -0.0525490000000000
vn 0.9798701278936539 0.1433895467274991 -0.1389027370175143
v 0.3296900000000000 -0.1143080000000000 0.0149010000000000
vn 0.9803445244137633 0.0525304418687094 -0.1901714124915469
v 0.3292910000000000 -0.1387130000000000 -0.0041580000000000
vn 0.9724445149290567 0.1836431811062994 -0.1436204979017637
v 0.3169770000000000 -0.0670270000000000 -0.0146330000000000
vn 0.9757529662971517 0.2135878787238574 -0.0478159683008968
v 0.3356650000000000 -0.1117650000000000 0.0834900000000000
vn 0.9757270064732164 0.2001884783990935 -0.0887771477074562
v 0.3272330000000000 -0.0881300000000000 0.0357770000000000
vn 0.9761474683279455 0.2167581332145790 -0.0123301160689440
v 0.3422860000000000 -0.1348150000000000 0.1283320000000000
vn 0.8378691357062472 0.1577124399728240 -0.5225917122464580
v 0.2482720000000000 -0.0526290000000000 -0.2273350000000000
vn 0.9086222247712822 0.1722202516721477 -0.3804547772937901
v 0.2720600000000000 -0.0460990000000000 -0.1770700000000000
vn 0.9392022409985799 0.0806422574551336 -0.3337603583647787
v 0.2883850000000000 -0.0829020000000000 -0.1475410000000000
vn 0.9029750987886739 0.1074499335484110 -0.4160414435462252
v 0.2698320000000000 -0.0673390000000000 -0.1902980000000000
vn 0.8472079269883210 0.2490028523378673 -0.4692934135226679
v 0.2527300000000000 -0.0118700000000000 -0.2010080000000000
vn 0.9204744326359094 0.1555320224345659 -0.3585200257461421
v 0.2742960000000000 -0.0068410000000000 -0.1509330000000000
vn 0.9478675623363807 0.1691313090289809 -0.2700771826286528
v 0.2904610000000000 -0.0387900000000000 -0.1186600000000000
vn 0.9130594911587928 0.1905096171922524 -0.3605945803282515
v 0.2732230000000000 -0.0257010000000000 -0.1635670000000000
vn 0.9735648954434013 0.1497414128072486 -0.1724787049196742
v 0.3029620000000000 -0.0267660000000000 -0.0547440000000000
vn 0.9628429518058330 0.1428565272547663 -0.2291843423502977
v 0.3055530000000000 -0.0762460000000000 -0.0846650000000000
vn 0.9647541007841974 0.1706148735909663 -0.2003499187162627
v 0.3048820000000000 -0.0515730000000000 -0.0675630000000000
vn 0.9600237992423230 0.0680219417808236 -0.2715277524024060
v 0.3042620000000000 -0.0997200000000000 -0.1009840000000000
vn 0.8183161315180345 -0.5092432669890549 -0.2665145473021558
v 0.2920610000000000 0.0462530000000000 -0.1119350000000000
vn 0.9588099341994895 -0.2017297377127629 -0.1999715554840502
v 0.2936730000000000 0.0341120000000000 -0.0876970000000000
vn 0.9292988791199229 -0.0478399024192580 -0.3662170626868318
v 0.2795650000000000 0.0241680000000000 -0.1308430000000000
vn 0.8392541396996349 -0.1402144341064518 -0.5253497896309021
v 0.2726310000000000 0.0426510000000000 -0.1497990000000000
vn 0.9089748790781439 -0.2371366569299159 -0.3428277630895389
v 0.2846790000000000 0.0363240000000000 -0.1216700000000000
vn 0.9323133537084541 -0.3616504580146764 -0.0008698934817819
v 0.3027180000000000 0.0510220000000000 -0.0468130000000000
vn 0.9984250768721896 -0.0554063910525359 -0.0088032779858212
v 0.3021430000000000 0.0439780000000000 -0.0119250000000000
vn 0.9878183284913677 -0.0020057325444369 -0.1555986083918498
v 0.2988910000000000 0.0186660000000000 -0.0516410000000000
vn 0.9877805622207299 -0.1240741991817129 -0.0943141240552833
v 0.2995240000000000 0.0365010000000000 -0.0503080000000000
vn 0.9869019742978128 0.1374995036658819 -0.0843704902126061
v 0.3063370000000000 -0.0007190000000000 -0.0028810000000000
vn 0.9672686697640444 0.0639294959741133 -0.2455694199964478
v 0.2900220000000000 0.0018270000000000 -0.0987760000000000
vn 0.9833299321606032 0.0992113107038388 -0.1523790023115060
v 0.3005010000000000 -0.0028880000000000 -0.0512790000000000
vn 0.8561685304603206 0.1556053089159662 -0.4927092806986508
v 0.2590470000000000 0.0206590000000000 -0.1743540000000000
vn 0.9278034126550582 0.0743708256348284 -0.3655814652851287
v 0.2762560000000000 0.0097810000000000 -0.1403110000000000
vn 0.9680533246293362 0.1288823576989566 0.2150862583896213
v 0.2850820000000000 0.1164240000000000 0.1152670000000000
vn 0.9837456930626705 0.1421373509698529 0.1097332440052644
v 0.2936790000000000 0.0733900000000000 0.0997080000000000
vn 0.9917825634676268 0.0262341627490038 0.1252162749263907
v 0.2979660000000000 0.0745610000000000 0.0593280000000000
vn 0.9256314501224709 -0.1097472126882999 0.3621629023675960
v 0.2938290000000000 0.1145350000000000 0.0822150000000000
vn 0.9820657239044249 0.0653193321735885 0.1768623724155993
v 0.2922320000000000 0.0954720000000000 0.0897920000000000
vn 0.9744979223681965 0.1854859598562184 0.1262883921676334
v 0.2893620000000000 0.0719680000000000 0.1399280000000000
vn 0.9841880097734467 0.1729633502297802 0.0381790635751142
v 0.3020950000000000 0.0307360000000000 0.0804460000000000
vn 0.9793917353585473 0.1817966582009216 0.0879875205830373
v 0.2961820000000000 0.0510930000000000 0.1133940000000000
vn 0.9945820432901271 0.1037868466925816 0.0059033565406691
v 0.3026660000000000 0.0362590000000000 0.0309870000000000
vn 0.9857536590511663 0.1675910230986646 -0.0142468468083253
v 0.3061740000000000 0.0119770000000000 0.0413570000000000
vn 0.9629615532154087 -0.2081923900414165 0.1713504472063330
v 0.3029940000000000 0.0743360000000000 0.0226300000000000
vn 0.9979098846255695 -0.0098291208661137 0.0638690108705479
v 0.3014470000000000 0.0570310000000000 0.0250210000000000
vn 0.0866159923320967 0.4656822440354221 -0.8807029677833837
v 0.2335700000000000 0.1815910000000000 -0.1287130000000000
vn 0.0459306210589893 0.3618640918051253 -0.9310986827996199
v 0.2746180000000000 0.1607070000000000 -0.1360890000000000
vn 0.1798717271304883 0.4117206478205666 -0.8933824880404294
v 0.2429680000000000 0.1419310000000000 -0.1473010000000000
vn 0.2537494715167709 0.5234439122747363 -0.8133988421478591
v 0.2026340000000000 0.1642320000000000 -0.1442410000000000
vn 0.1258575024800444 0.4474472299344731 -0.8854099985280560
v 0.2373230000000000 0.1621030000000000 -0.1383960000000000
vn -0.0281360565281071 0.3547821902737254 -0.9345255265575282
v 0.3117420000000000 0.1788020000000000 -0.1295770000000000
vn 0.0257380465287514 0.1704753885629763 -0.9850257330928903
v 0.3494810000000000 0.1598110000000000 -0.1360150000000000
vn 0.0621788032876499 0.1809680450659083 -0.9815214531974016
v 0.3143400000000000 0.1408490000000000 -0.1402580000000000
vn 0.0076475867237418 0.2759244442856475 -0.9611489038972887
v 0.3126330000000000 0.1599690000000000 -0.1358010000000000
vn 0.1568068915000392 -0.1156540043609539 -0.9808342112984088
v 0.3497340000000000 0.1232530000000000 -0.1383810000000000
vn 0.2219406473057862 -0.1198619421323646 -0.9676649543626896
v 0.3191580000000000 0.1050740000000000 -0.1415480000000000
vn 0.1749215393347388 0.2066743776473595 -0.9626464339002363
v 0.2829480000000000 0.1219560000000000 -0.1472800000000000
vn 0.1346380430175228 0.0555715430943186 -0.9893353329233359
v 0.3166030000000000 0.1222740000000000 -0.1423680000000000
vn 0.3326785593857149 0.2547593245798612 -0.9079772368648117
v 0.2587910000000000 0.1033630000000000 -0.1581220000000000
vn 0.3512831893924390 0.4738304031382137 -0.8075177211133844
v 0.2198590000000000 0.1222350000000000 -0.1644660000000000
vn 0.2485383449016657 0.3524448338456819 -0.9022257645451223
v 0.2502180000000000 0.1220320000000000 -0.1542650000000000
vn 0.0073436619211327 0.2355723331480297 -0.9718290726690481
v 0.3850710000000000 0.1780630000000000 -0.1319940000000000
vn 0.1114092381075973 0.0222114945714532 -0.9935263615894584
v 0.4129560000000000 0.1613020000000000 -0.1331100000000000
vn 0.1025462295401526 -0.0396926251954051 -0.9939359970904543
v 0.3821030000000000 0.1422770000000000 -0.1360120000000000
vn 0.0469001232104966 0.1051363612132341 -0.9933512591191902
v 0.3832800000000000 0.1601560000000000 -0.1352110000000000
vn 0.1606682346972342 0.0954215609339484 -0.9823850793187991
v 0.4393070000000000 0.1780880000000000 -0.1287280000000000
vn 0.3627235926338452 -0.1169706193177323 -0.9245266191750362
v 0.4573890000000000 0.1686720000000000 -0.1243190000000000
vn 0.3038123939581580 -0.2452159059386406 -0.9206341231738613
v 0.4370110000000000 0.1488030000000000 -0.1274140000000000
vn 0.2165033353833128 -0.0630048763931930 -0.9742467302067681
v 0.4374330000000000 0.1635470000000000 -0.1294280000000000
vn 0.5882987089833688 -0.5282776341669038 -0.6122314678677668
v 0.4561370000000000 0.1419130000000000 -0.1140430000000000
vn 0.4680630174555905 -0.6364568041180038 -0.6130577037948910
v 0.4300580000000000 0.1200370000000000 -0.1151320000000000
vn 0.2558980329050583 -0.3284169760384101 -0.9092076146871561
v 0.4094370000000000 0.1285400000000000 -0.1291300000000000
vn 0.3970183867256814 -0.4418950459478861 -0.8044284734943516
v 0.4347320000000000 0.1339430000000000 -0.1226260000000000
vn 0.2484263435509119 -0.4217364507033047 -0.8720222003929161
v 0.3789960000000000 0.1095350000000000 -0.1294770000000000
vn 0.1717190290965686 -0.2121979650332303 -0.9620211009545935
v 0.3808900000000000 0.1251590000000000 -0.1341740000000000
vn 0.3897061785221542 -0.7263010113094542 -0.5662295783447937
v 0.4005330000000000 0.1012880000000000 -0.1140190000000000
vn 0.3623195705501366 -0.8122241620742485 -0.4571831573222589
v 0.3717580000000000 0.0856320000000000 -0.1107040000000000
vn 0.3174884712620784 -0.5553530812541084 -0.7686247626490030
v 0.3491730000000000 0.0924770000000000 -0.1290810000000000
vn 0.3172314573546961 -0.6380764826952188 -0.7015857785730224
v 0.3757710000000000 0.0961370000000000 -0.1216970000000000
vn 0.6087570276753412 -0.7774686217547065 -0.1579791867390160
v 0.4405180000000000 0.1169610000000000 -0.0935940000000000
vn 0.4888486360922303 -0.8548197657014388 -0.1740981882642769
v 0.4132560000000000 0.0988660000000000 -0.0929240000000000
vn 0.4968373304792288 -0.7785510684097776 -0.3834200058946678
v 0.4224510000000000 0.1081550000000000 -0.1050000000000000
vn 0.5121859470010295 -0.8522417741620905 0.1065340981456693
v 0.4167630000000000 0.1009190000000000 -0.0690570000000000
vn 0.4301310979841111 -0.8878649759186886 0.1633493896036638
v 0.3962490000000000 0.0906570000000000 -0.0641320000000000
vn 0.3919142780823873 -0.9118118107036394 -0.1224843683761791
v 0.3868630000000000 0.0851850000000000 -0.0878640000000000
vn 0.4512076663853345 -0.8923104691159882 -0.0139164830724434
v 0.4038160000000000 0.0927400000000000 -0.0795970000000000
vn 0.3267123603941504 -0.9442446363379590 0.0407565983943531
v 0.3635240000000000 0.0759590000000000 -0.0785600000000000
vn 0.3431338676592678 -0.8914819694697371 -0.2958361826679607
v 0.3468990000000000 0.0733870000000000 -0.1057180000000000
vn 0.3601786993036051 -0.9151724897848388 -0.1809160537624632
v 0.3674950000000000 0.0786840000000000 -0.0963690000000000
vn 0.3647595089240517 -0.1370774503693006 -0.9209561733599144
v 0.2944880000000000 0.0884000000000000 -0.1465980000000000
vn 0.5342181962112281 -0.1446676800102700 -0.8328758498103229
v 0.2783030000000000 0.0731380000000000 -0.1523980000000000
vn 0.4974565646013600 0.2999664388448428 -0.8139761064685843
v 0.2444970000000000 0.0849690000000000 -0.1710420000000000
vn 0.4313170020355239 0.0974040655812030 -0.8969270270001571
v 0.2684050000000000 0.0868790000000000 -0.1577100000000000
vn 0.3760657314694956 -0.6140699937686961 -0.6938966842169135
v 0.3241750000000000 0.0779780000000000 -0.1290020000000000
vn 0.3121782910709537 -0.3528070638003226 -0.8820838340637550
v 0.3217450000000000 0.0900810000000000 -0.1372190000000000
vn 0.3330139926966135 -0.9354721864470583 -0.1182939941510981
v 0.3278250000000000 0.0651600000000000 -0.0993910000000000
vn 0.4765033499690435 -0.6924624634480104 -0.5417012960883441
v 0.3063040000000000 0.0661250000000000 -0.1285430000000000
vn 0.3800976724950464 -0.8282257175501561 -0.4117862554194560
v 0.3262630000000000 0.0694440000000000 -0.1165190000000000
vn 0.6121744579475542 -0.6952021566276633 -0.3767444683825684
v 0.2959400000000000 0.0561190000000000 -0.1245620000000000
vn 0.6992579150536660 -0.1561762410599542 -0.6976011395942406
v 0.2712640000000000 0.0584370000000000 -0.1553390000000000
vn 0.6040361685124912 -0.4520181455502369 -0.6563687250487140
v 0.2877330000000000 0.0626990000000000 -0.1415600000000000
vn 0.4176253215250941 -0.9086037015904764 0.0053295663187826
v 0.3145340000000000 0.0602150000000000 -0.0889580000000000
vn 0.6879820896218156 -0.7252396277657813 0.0266106497055400
v 0.3064490000000000 0.0561480000000000 -0.0721680000000000
vn 0.6249919105082791 -0.7695771095424179 -0.1309052491978398
v 0.3021710000000000 0.0539560000000000 -0.1007760000000000
vn 0.2674332498576162 -0.9493041708126936 0.1652302882289386
v 0.3441150000000000 0.0715190000000000 -0.0663820000000000
vn 0.2976003404946220 -0.9226324885051111 0.2453229065789636
v 0.3288500000000000 0.0709220000000000 -0.0517250000000000
vn 0.2948328583075673 -0.9501733910828524 0.1012132033891970
v 0.3286730000000000 0.0658100000000000 -0.0772390000000000
vn 0.2501737518245544 -0.8789362897345868 0.4060592228796491
v 0.3413350000000000 0.0872680000000000 -0.0163970000000000
vn 0.3584447617515917 -0.8160014148770965 0.4534964649161243
v 0.3273700000000000 0.0926540000000000 0.0027550000000000
vn 0.5135770313974166 -0.8147140190922948 0.2692205414070349
v 0.3174560000000000 0.0720560000000000 -0.0329320000000000
vn 0.3253244359147188 -0.8762828986482586 0.3553762695135619
v 0.3284020000000000 0.0800260000000000 -0.0245060000000000
vn 0.8070764232598473 -0.5425835003497296 0.2328750569862018
v 0.3092320000000000 0.0733410000000000 -0.0083230000000000
vn 0.7595601677879188 -0.6355827303174502 0.1382134017821869
v 0.3087950000000000 0.0626310000000000 -0.0406950000000000
vn 0.3450077335197875 -0.9058959587183132 0.2456057324033124
v 0.3768010000000000 0.0854920000000000 -0.0500620000000000
vn 0.2717862976273682 -0.9026573465005913 0.3336793718984128
v 0.3579170000000000 0.0845230000000000 -0.0336520000000000
vn 0.2941895353343623 -0.9321383052052268 0.2111177331937787
v 0.3603850000000000 0.0781230000000000 -0.0571490000000000
vn 0.4885539754238082 -0.8261837698400142 0.2805982743185269
v 0.4083390000000000 0.1016100000000000 -0.0461220000000000
vn 0.4056831121261487 -0.8384166758519026 0.3639762220105708
v 0.3911610000000000 0.1003600000000000 -0.0252220000000000
vn 0.4131670022347337 -0.8707289632980763 0.2666910211053626
v 0.3926750000000000 0.0934990000000000 -0.0456420000000000
vn 0.5098916033267658 -0.7294693708887879 0.4559440643236581
v 0.4087220000000000 0.1195930000000000 -0.0072130000000000
vn 0.4012623904466474 -0.7327290065319710 0.5496332386234598
v 0.3884180000000000 0.1227240000000000 0.0162190000000000
vn 0.3146511477939734 -0.8347020331077158 0.4519592582498789
v 0.3721430000000000 0.1020870000000000 -0.0051000000000000
vn 0.4031223521922199 -0.7942257561170005 0.4546403166057655
v 0.3897720000000000 0.1103360000000000 -0.0039670000000000
vn 0.2504467178783665 -0.8073293650917051 0.5343180118287034
v 0.3543410000000000 0.1074280000000000 0.0135320000000000
vn 0.2576222154700010 -0.8623144288193304 0.4359410739381187
v 0.3559560000000000 0.0945090000000000 -0.0095860000000000
vn 0.3044840354990970 -0.6949945950993784 0.6513616391136612
v 0.3691870000000000 0.1293530000000000 0.0350460000000000
vn 0.2665343681414405 -0.6193270865969178 0.7385075425524216
v 0.3521240000000000 0.1394430000000000 0.0512180000000000
vn 0.2741121554624139 -0.7505192807818446 0.6013179985685213
v 0.3383760000000000 0.1158810000000000 0.0316880000000000
vn 0.2538975743095130 -0.7297476832117102 0.6348262286696152
v 0.3529080000000000 0.1226290000000000 0.0341860000000000
vn 0.5199116288806018 -0.5680303076806057 0.6379917458016175
v 0.4061570000000000 0.1458140000000000 0.0284800000000000
vn 0.3987460602528789 -0.5378537435802070 0.7427751543701260
v 0.3858680000000000 0.1516380000000000 0.0468980000000000
vn 0.4005923622071160 -0.6478786662487027 0.6479035369259262
v 0.3870050000000000 0.1368230000000000 0.0334260000000000
vn 0.4900369867073309 -0.3088341907461621 0.8151596127660904
v 0.4015610000000000 0.1724960000000000 0.0500040000000000
vn 0.3908581945758649 -0.1739686778915970 0.9038610351406599
v 0.3875400000000000 0.1806000000000000 0.0597600000000000
vn 0.3117862423104072 -0.4154749458998039 0.8544998001377830
v 0.3689570000000000 0.1617890000000000 0.0604100000000000
vn 0.3937621234302563 -0.3829257114663732 0.8356550063570898
v 0.3853460000000000 0.1661730000000000 0.0558760000000000
vn 0.2661930638053503 -0.1785005376677941 0.9472480197045698
v 0.3543620000000000 0.1752330000000000 0.0698010000000000
vn 0.3065322230099510 -0.4848753343413058 0.8191055526633820
v 0.3367460000000000 0.1518830000000000 0.0656650000000000
vn 0.2771955965990899 -0.4504688533098259 0.8486697905686316
v 0.3524530000000000 0.1572020000000000 0.0634760000000000
vn 0.5934962990936775 -0.6606757455152233 0.4596408404939796
v 0.3154910000000000 0.0993320000000000 0.0252050000000000
vn 0.8137510845924905 -0.4021504790868830 0.4196238369000695
v 0.3047550000000000 0.1065870000000000 0.0515150000000000
vn 0.8230472974025688 -0.4664613205700983 0.3240478092046413
v 0.3077840000000000 0.0882180000000000 0.0229860000000000
vn 0.4084194938273036 -0.6447193387851551 0.6461659935792672
v 0.3241120000000000 0.1261810000000000 0.0506110000000000
vn 0.3871686363861926 -0.7416636768483581 0.5477549063610755
v 0.3257970000000000 0.1083340000000000 0.0283990000000000
vn 0.3708180954062547 -0.2304508585878280 0.8996590142356218
v 0.3221210000000000 0.1648270000000000 0.0774630000000000
vn 0.5832153888676829 -0.4528491167784313 0.6743793351081512
v 0.3105970000000000 0.1373220000000000 0.0704470000000000
vn 0.4126995800264728 -0.4967873363792803 0.7634666980681952
v 0.3227440000000000 0.1453070000000000 0.0675710000000000
vn 0.7204757713706638 -0.1242637297776775 0.6822559551440994
v 0.2962760000000000 0.1502820000000000 0.0906630000000000
vn 0.7692420394881628 -0.3450374393502361 0.5377879230056436
v 0.3004540000000000 0.1277750000000000 0.0755470000000000
vn 0.6141094491489163 -0.3995227054509994 0.6806255889217864
v 0.4228990000000000 0.1707850000000000 0.0327980000000000
vn 0.6459669556356530 -0.1436629638964343 0.7497250462878361
v 0.4331510000000000 0.1955910000000000 0.0337240000000000
vn 0.4973445865558941 -0.0882911932014973 0.8630486819563555
v 0.4086620000000000 0.1916160000000000 0.0509210000000000
vn 0.5818372002714467 -0.2557294489329737 0.7720543512789251
v 0.4175420000000000 0.1829020000000000 0.0429260000000000
vn 0.6143654979753780 -0.6051619202408857 0.5062944648994591
v 0.4283600000000000 0.1431360000000000 0.0030130000000000
vn 0.6977687756184646 -0.4402174825694927 0.5650905270946304
v 0.4464940000000000 0.1698520000000000 0.0069810000000000
vn 0.6203957736743089 -0.5118678832443686 0.5942224786306770
v 0.4264380000000000 0.1570980000000000 0.0193650000000000
vn 0.7641772942952294 -0.4771971922981674 0.4339538023181365
v 0.4677010000000000 0.1687320000000000 -0.0249850000000000
vn 0.8409328853973964 -0.2584817801590127 0.4754146101909756
v 0.4805200000000000 0.1964810000000000 -0.0239770000000000
vn 0.7519162382992238 -0.2118922166720034 0.6242785108393286
v 0.4585620000000000 0.1969230000000000 0.0078760000000000
vn 0.7679246279738645 -0.3610387904933961 0.5290961703795136
v 0.4649720000000000 0.1832540000000000 -0.0077670000000000
vn 0.7338326582060155 0.1529987031386000 0.6618768968533347
v 0.4614840000000000 0.2211560000000000 0.0069320000000000
vn 0.5577160822900021 0.2414586541732112 0.7941350577074110
v 0.4338220000000000 0.2178140000000000 0.0325700000000000
vn 0.6947794431524954 -0.0116373884234599 0.7191287065354783
v 0.4482530000000000 0.2087670000000000 0.0214770000000000
vn 0.5819094743969835 -0.7415726326187342 0.3338433677010017
v 0.4275830000000000 0.1187530000000000 -0.0354060000000000
vn 0.6764896326192533 -0.6270117975525951 0.3862874353231432
v 0.4487680000000000 0.1418650000000000 -0.0284080000000000
vn 0.6001503561553367 -0.6806873566800774 0.4201003123808786
v 0.4288700000000000 0.1301940000000000 -0.0158670000000000
vn 0.6333805940596929 -0.7593801753657723 0.1488985303152421
v 0.4394370000000000 0.1176860000000000 -0.0655730000000000
vn 0.5606961478797831 -0.7973438984942468 0.2232992102242386
v 0.4241170000000000 0.1092910000000000 -0.0537320000000000
vn 0.7405322019495559 -0.6608107327321118 -0.1222343379815660
v 0.4654370000000000 0.1397870000000000 -0.0916810000000000
vn 0.7284049702783975 -0.6567465766674981 0.1952181684916874
v 0.4624270000000000 0.1405610000000000 -0.0616140000000000
vn 0.6857288935924262 -0.7275902058039603 0.0197072806510132
v 0.4537270000000000 0.1279340000000000 -0.0787530000000000
vn 0.8266906937477934 -0.5051486850347020 0.2478049694386772
v 0.4820270000000000 0.1673180000000000 -0.0590600000000000
vn 0.7489368792578766 -0.5723239971819143 0.3339742402299749
v 0.4669690000000000 0.1543320000000000 -0.0433130000000000
vn 0.8543111229635090 -0.4929477249905672 -0.1647878806449450
v 0.4851910000000000 0.1662040000000000 -0.0892910000000000
vn 0.9560981561686439 -0.1782353666462519 -0.2326122736387649
v 0.4969950000000000 0.1932280000000000 -0.0876530000000000
vn 0.9281105648206665 -0.2711638862592081 0.2551096357589554
v 0.4947490000000000 0.1950490000000000 -0.0577790000000000
vn 0.9138302431327037 -0.4016043981137456 0.0602344930394515
v 0.4924920000000000 0.1805510000000000 -0.0741290000000000
vn 0.6989304763659334 -0.3704374490310493 -0.6117779708049792
v 0.4758920000000000 0.1663060000000000 -0.1116380000000000
vn 0.7567553117121070 -0.5483819212546439 -0.3558070637811696
v 0.4730150000000000 0.1529960000000000 -0.1027640000000000
vn 0.3045217546112683 0.1138791028353138 -0.9456733320263920
v 0.4640960000000000 0.1877220000000000 -0.1222910000000000
vn 0.7410025888542618 -0.0310569046562520 -0.6707835954944442
v 0.4857580000000000 0.1910440000000000 -0.1096270000000000
vn 0.5735549880562203 -0.1248254495033855 -0.8096006934483855
v 0.4734990000000000 0.1784620000000000 -0.1179310000000000
vn 0.4895108350775005 0.4115419767120104 -0.7687732720026752
v 0.4826190000000000 0.2137020000000000 -0.1066240000000000
vn 0.9059524909059706 0.2986743547221835 -0.3000728479095612
v 0.4977780000000000 0.2176680000000000 -0.0855580000000000
vn 0.8254167924885762 0.1482258669020512 -0.5447166337271206
v 0.4941610000000000 0.2045460000000000 -0.0987740000000000
vn 0.8661477054273545 0.1014693721699523 0.4893793200518021
v 0.4839240000000000 0.2210250000000000 -0.0241650000000000
vn 0.7151686712759356 0.5666820036541808 0.4091519013274845
v 0.4772160000000000 0.2396990000000000 -0.0251140000000000
vn 0.5470694917475812 0.5989545768788646 0.5847806306940266
v 0.4548020000000000 0.2395880000000000 0.0031240000000000
vn 0.7489823844709241 0.3485454629508564 0.5635081614392309
v 0.4714890000000000 0.2314870000000000 -0.0091630000000000
vn 0.9669464692072746 0.1436430624275813 0.2106684511359284
v 0.4973200000000000 0.2196740000000000 -0.0566280000000000
vn 0.9173719220488269 -0.1053273921974773 0.3838422815289114
v 0.4917840000000000 0.2087100000000000 -0.0407470000000000
vn 0.5396382074309881 0.7458022494321014 -0.3906015998721558
v 0.4854130000000000 0.2367450000000000 -0.0799280000000000
vn 0.7569485904581610 0.6468988759172928 0.0924698639576484
v 0.4886840000000000 0.2385640000000000 -0.0541960000000000
vn 0.8680774918975371 0.4905342742956297 -0.0762731525645906
v 0.4956780000000000 0.2291080000000000 -0.0701710000000000
vn 0.4121478254700488 0.9108049728758780 -0.0238426371209493
v 0.4710410000000000 0.2504730000000000 -0.0492000000000000
vn 0.4208108258622555 0.8775880646688857 0.2296898726279557
v 0.4630120000000000 0.2512350000000000 -0.0273750000000000
vn 0.5982158237531596 0.7761291088522883 0.1994026945742744
v 0.4776180000000000 0.2457320000000000 -0.0392220000000000
vn 0.0583794244545652 0.2056246909558579 -0.9768880843114330
v 0.0242870000000000 -0.1737720000000000 -0.3314920000000000
vn 0.1412009963777068 0.5541382311177185 -0.8203615662838362
v 0.0472260000000000 -0.1840410000000000 -0.3334580000000000
vn 0.0576590983083047 0.8177820417398447 -0.5726324830029155
v 0.0235760000000000 -0.1896620000000000 -0.3425100000000000
vn 0.0615225549098707 0.5664584487467611 -0.8217906065907391
v 0.0237730000000000 -0.1828540000000000 -0.3353890000000000
vn 0.2254397696190452 0.1809931550496793 -0.9572974397225111
v 0.0716370000000000 -0.1771710000000000 -0.3257800000000000
vn 0.3585518165760747 0.4859914544045086 -0.7970275409769648
v 0.0919070000000000 -0.1899260000000000 -0.3241580000000000
vn 0.2293965978150199 0.7853682309485921 -0.5749556006576272
v 0.0693880000000000 -0.1932210000000000 -0.3368770000000000
vn 0.2404909285427954 0.5292248316948397 -0.8136861746436354
v 0.0700440000000000 -0.1863230000000000 -0.3298200000000000
vn 0.3154508827483797 0.8813829075875866 -0.3516460020897718
v 0.0910520000000000 -0.2020240000000000 -0.3407250000000000
vn 0.1847838192589405 0.9633649660742153 -0.1943781939439324
v 0.0703530000000000 -0.2015410000000000 -0.3583220000000000
vn 0.1189308773525683 0.9287721793391376 -0.3510522543693136
v 0.0469510000000000 -0.1957690000000000 -0.3503250000000000
vn 0.2061859040105705 0.9129152881420788 -0.3522400455141480
v 0.0695350000000000 -0.1981860000000000 -0.3465220000000000
vn 0.0450232799755308 0.9796177124835488 -0.1957601635898991
v 0.0239580000000000 -0.1977570000000000 -0.3645840000000000
vn 0.0510410443665069 0.9354637168845615 -0.3497176663860395
v 0.0236530000000000 -0.1945210000000000 -0.3523950000000000
vn 0.4524242655588909 0.1063477788862795 -0.8854391192281110
v 0.1153150000000000 -0.1857340000000000 -0.3116480000000000
vn 0.6225074641304092 0.3223446201953635 -0.7131468312577950
v 0.1314990000000000 -0.2019970000000000 -0.3055060000000000
vn 0.4827593228427975 0.6754395899425018 -0.5574269427886211
v 0.1111790000000000 -0.2022390000000000 -0.3232910000000000
vn 0.4898534752587386 0.4182119001481777 -0.7649459976700229
v 0.1124980000000000 -0.1950750000000000 -0.3161580000000000
vn 0.6762908996281908 -0.0378324627799212 -0.7356625067516340
v 0.1528730000000000 -0.2012280000000000 -0.2863930000000000
vn 0.7611343816460514 0.4286099199931950 -0.4867935800313210
v 0.1462690000000000 -0.2186120000000000 -0.2994300000000000
vn 0.7397052073889547 0.2015065738297722 -0.6420524175369561
v 0.1485910000000000 -0.2109190000000000 -0.2918840000000000
vn 0.7048222114532494 0.6899635644478692 -0.1648512358963133
v 0.1463880000000000 -0.2291490000000000 -0.3195180000000000
vn 0.5941518108629152 0.7312709261303888 -0.3350021764775898
v 0.1294540000000000 -0.2149760000000000 -0.3220970000000000
vn 0.7412532768342864 0.5937082412184410 -0.3131359191976195
v 0.1456290000000000 -0.2245940000000000 -0.3087400000000000
vn 0.4088877604499921 0.8932152110388544 -0.1870224214446087
v 0.1121770000000000 -0.2112810000000000 -0.3439240000000000
vn 0.4468300891589533 0.8246190798405240 -0.3469095625450091
v 0.1111430000000000 -0.2075360000000000 -0.3326710000000000
vn 0.5200106436612115 0.8513076577357830 -0.0697438338454891
v 0.1323920000000000 -0.2219490000000000 -0.3454290000000000
vn 0.3629300658867131 0.9317122471252628 -0.0139303923943071
v 0.1165990000000000 -0.2153480000000000 -0.3705490000000000
vn 0.2629761860401948 0.9607893502308519 -0.0879053471566456
v 0.0937020000000000 -0.2077640000000000 -0.3654130000000000
vn 0.3803931691062475 0.9213392613283123 -0.0802184669032348
v 0.1140670000000000 -0.2137800000000000 -0.3566750000000000
vn 0.6518310798899101 0.7582146790115838 0.0150580151718204
v 0.1509900000000000 -0.2351200000000000 -0.3443040000000000
vn 0.6722406351455290 0.7381721644655739 -0.0565188823964676
v 0.1482690000000000 -0.2325630000000000 -0.3314700000000000
vn 0.6182050718704990 0.7825950560937034 0.0732630008345578
v 0.1578320000000000 -0.2388100000000000 -0.3714410000000000
vn 0.4930483104150526 0.8691496136689464 0.0385008137054665
v 0.1383190000000000 -0.2253180000000000 -0.3728050000000000
vn 0.6454996963199111 0.7616376997824399 0.0569048005094157
v 0.1542700000000000 -0.2371080000000000 -0.3577260000000000
vn 0.3336437119145441 0.9420867681372657 0.0339763859256173
v 0.1227310000000000 -0.2169290000000000 -0.4001710000000000
vn 0.2424580298396064 0.9701091562334850 0.0101157678034011
v 0.0984550000000000 -0.2096900000000000 -0.3949730000000000
vn 0.3558385622764468 0.9342766404138114 0.0224961502064935
v 0.1195580000000000 -0.2162940000000000 -0.3851730000000000
vn 0.0958452490225924 0.9907205215518962 -0.0963666768947445
v 0.0484830000000000 -0.2010150000000000 -0.3761800000000000
vn 0.0370012290809036 0.9985459654128431 -0.0392028570927615
v 0.0250690000000000 -0.2006570000000000 -0.3940290000000000
vn 0.0403532157032797 0.9943542271107715 -0.0981391308772652
v 0.0244450000000000 -0.1996950000000000 -0.3786150000000000
vn 0.1586224286699111 0.9868304634955029 -0.0316948172436721
v 0.0734580000000000 -0.2047070000000000 -0.3866640000000000
vn 0.1689742820196004 0.9812136117514275 -0.0930996247558463
v 0.0717040000000000 -0.2036070000000000 -0.3718460000000000
vn 0.1388633571970133 0.9902520686080499 0.0108539691105476
v 0.0776360000000000 -0.2052970000000000 -0.4184540000000000
vn 0.0851475516344363 0.9963580907981205 -0.0045220959504521
v 0.0511010000000000 -0.2023710000000000 -0.4074270000000000
vn 0.1532082087426263 0.9881931339228049 0.0012549269704479
v 0.0754800000000000 -0.2051630000000000 -0.4023440000000000
vn 0.0273203713823220 0.9996250967411744 0.0018064530798447
v 0.0265450000000000 -0.2009590000000000 -0.4271610000000000
vn 0.0349063720355133 0.9993606541979715 -0.0077348582611990
v 0.0257840000000000 -0.2009700000000000 -0.4103650000000000
vn 0.1214517779431052 0.2106353929785047 -0.9699908230799144
v 0.0337840000000000 -0.0170060000000000 -0.3462690000000000
vn 0.2026290949361990 0.0695118684205414 -0.9767853141985818
v 0.0655710000000000 -0.0456250000000000 -0.3451430000000000
vn 0.0776674590661463 -0.0662568592613799 -0.9947752481857528
v 0.0318030000000000 -0.0686480000000000 -0.3493720000000000
vn 0.1000662057286592 0.0664507751071467 -0.9927593106885119
v 0.0329340000000000 -0.0437330000000000 -0.3495920000000000
vn 0.3109486983805957 0.2159777098977983 -0.9255617406757455
v 0.1002020000000000 -0.0233960000000000 -0.3330310000000000
vn 0.3947794535013056 0.0687023606688132 -0.9162036720793815
v 0.1287790000000000 -0.0543750000000000 -0.3271460000000000
vn 0.2552197350072019 -0.0536174057440008 -0.9653952872601651
v 0.0942120000000000 -0.0732320000000000 -0.3387200000000000
vn 0.2990519193898320 0.0754409014962363 -0.9512500301659351
v 0.0976180000000000 -0.0490940000000000 -0.3376750000000000
vn 0.3237717208046826 -0.1546949211402627 -0.9334031037984514
v 0.1189400000000000 -0.0997930000000000 -0.3281940000000000
vn 0.2100503932992809 -0.2135247738975049 -0.9540890960527937
v 0.0860130000000000 -0.1162480000000000 -0.3340370000000000
vn 0.1441112943531208 -0.1543467716082695 -0.9774502590587271
v 0.0606680000000000 -0.0930270000000000 -0.3432290000000000
vn 0.2304535123763861 -0.1505861173172520 -0.9613610143461725
v 0.0902540000000000 -0.0956640000000000 -0.3371710000000000
vn 0.0582619994067748 -0.2212489466501467 -0.9734754455204946
v 0.0290690000000000 -0.1125880000000000 -0.3424370000000000
vn 0.0668260124856810 -0.1602787271206597 -0.9848070946575500
v 0.0304840000000000 -0.0916370000000000 -0.3466420000000000
vn 0.5130329515923234 0.1812956279420395 -0.8390048187403755
v 0.1631710000000000 -0.0379650000000000 -0.3077460000000000
vn 0.5890350142673147 0.0072555411862456 -0.8080749402680416
v 0.1871260000000000 -0.0709870000000000 -0.2959510000000000
vn 0.4511234506352584 -0.0777153336730693 -0.8890714027562808
v 0.1530330000000000 -0.0843340000000000 -0.3159720000000000
vn 0.4884540922129599 0.0307193577433309 -0.8720486917943575
v 0.1587580000000000 -0.0617060000000000 -0.3135150000000000
vn 0.7258146340579873 0.0973859812024060 -0.6809618841407459
v 0.2195920000000000 -0.0604860000000000 -0.2668660000000000
vn 0.6551947496751717 -0.1594865183922954 -0.7384334028530896
v 0.2055380000000000 -0.1030490000000000 -0.2777130000000000
vn 0.6930329265273405 -0.0450337722557356 -0.7194979653239948
v 0.2134530000000000 -0.0821190000000000 -0.2736240000000000
vn 0.5921496353037785 -0.2917878636337110 -0.7511448941753361
v 0.1866720000000000 -0.1418980000000000 -0.2807620000000000
vn 0.5244049382448265 -0.2025653131795493 -0.8270228259491457
v 0.1723700000000000 -0.1133640000000000 -0.3000930000000000
vn 0.6197179587908168 -0.2418521990036549 -0.7466305414254361
v 0.1964190000000000 -0.1230510000000000 -0.2798550000000000
vn 0.3989177873965772 -0.2317819072605814 -0.8872100914469281
v 0.1393740000000000 -0.1254650000000000 -0.3145590000000000
vn 0.4226553646137715 -0.1720565206101931 -0.8898084043650711
v 0.1464280000000000 -0.1056520000000000 -0.3160200000000000
vn 0.4840177640651241 -0.2761328065777878 -0.8303478049593869
v 0.1554870000000000 -0.1504850000000000 -0.2987200000000000
vn 0.3827982372063941 -0.2248647295896972 -0.8960476343243308
v 0.1256500000000000 -0.1597890000000000 -0.3107150000000000
vn 0.2858168279441888 -0.2397314214649000 -0.9278133359821579
v 0.1076260000000000 -0.1384280000000000 -0.3228850000000000
vn 0.3838139989221363 -0.2527604801140425 -0.8881435435355689
v 0.1323050000000000 -0.1435760000000000 -0.3124900000000000
vn 0.5810355855975866 -0.2853895694900762 -0.7622010508360234
v 0.1675860000000000 -0.1752260000000000 -0.2817440000000000
vn 0.5772833954591541 -0.3082582071294399 -0.7561221852746376
v 0.1768690000000000 -0.1593640000000000 -0.2811530000000000
vn 0.5127126139925585 -0.1584257185515371 -0.8438169630638787
v 0.1405170000000000 -0.1806100000000000 -0.2983500000000000
vn 0.6117931904911368 -0.2068486612438210 -0.7634937612124375
v 0.1593970000000000 -0.1892560000000000 -0.2832520000000000
vn 0.2971668023135349 -0.0988926592746797 -0.9496905462014090
v 0.0976700000000000 -0.1689250000000000 -0.3189600000000000
vn 0.4041114940402421 -0.1222238175328132 -0.9065071642365927
v 0.1198430000000000 -0.1739070000000000 -0.3101340000000000
vn 0.1176610462939989 -0.2382996728071330 -0.9640379370776934
v 0.0550010000000000 -0.1325650000000000 -0.3351690000000000
vn 0.0497545244712918 -0.2072417829956208 -0.9770237103957260
v 0.0263180000000000 -0.1479280000000000 -0.3337230000000000
vn 0.0523238523406869 -0.2420318672555728 -0.9688564340030007
v 0.0276490000000000 -0.1313890000000000 -0.3377860000000000
vn 0.1910698221109086 -0.2048986287650227 -0.9599525378937852
v 0.0777650000000000 -0.1512810000000000 -0.3270380000000000
vn 0.1958932173947616 -0.2361770970943377 -0.9517595422094912
v 0.0817600000000000 -0.1348350000000000 -0.3303240000000000
vn 0.1183108141225176 -0.0812018897221564 -0.9896508497279319
v 0.0500330000000000 -0.1632380000000000 -0.3291750000000000
vn 0.2004452679508241 -0.0863656445313693 -0.9758907059711162
v 0.0743000000000000 -0.1654420000000000 -0.3251870000000000
vn 0.0517709695872841 -0.0798932004205055 -0.9954581072222786
v 0.0251660000000000 -0.1620930000000000 -0.3312810000000000
vn 0.0167462521492404 0.4538904364133617 0.8909001261485162
v 0.0371210000000000 -0.0077180000000000 0.3158520000000000
vn 0.0480522362182479 0.4126649464803165 0.9096145472346093
v 0.0725980000000000 0.0248710000000000 0.2991340000000000
vn 0.0226389361959522 0.3822879659588921 0.9237658738289311
v 0.0356450000000000 0.0609000000000000 0.2850830000000000
vn 0.0231985294276304 0.4067848882923091 0.9132293703607046
v 0.0364670000000000 0.0252940000000000 0.3002210000000000
vn 0.0821956728644391 0.4644282100127131 0.8817881316431683
v 0.1101420000000000 -0.0087670000000000 0.3126890000000000
vn 0.1306438521914027 0.4157529701038343 0.9000453609315650
v 0.1425260000000000 0.0226240000000000 0.2936200000000000
vn 0.0845229514173632 0.3868159777742932 0.9182751602990333
v 0.1054230000000000 0.0592940000000000 0.2819440000000000
vn 0.0843348209751448 0.4150056889089173 0.9059017143952898
v 0.1080630000000000 0.0240190000000000 0.2970120000000000
vn 0.1218549414196085 0.3765538472923625 0.9183455631410999
v 0.1345180000000000 0.0942290000000000 0.2643450000000000
vn 0.0855049689292743 0.3816215833174368 0.9203552941308571
v 0.0990460000000000 0.1327280000000000 0.2525650000000000
vn 0.0524512561717396 0.3737377801685591 0.9260501808221216
v 0.0689490000000000 0.0971710000000000 0.2691430000000000
vn 0.0842702275403603 0.3761106020060889 0.9227347093335729
v 0.1023680000000000 0.0959130000000000 0.2672170000000000
vn 0.0276574201899619 0.3747351657537196 0.9267192793160008
v 0.0336190000000000 0.1353280000000000 0.2554090000000000
vn 0.0249354361539663 0.3710017998652916 0.9282973061043135
v 0.0346860000000000 0.0979600000000000 0.2702190000000000
vn 0.2012059833306381 0.4659187236962247 0.8616471987891748
v 0.1794970000000000 -0.0124100000000000 0.3042020000000000
vn 0.2843186901722224 0.3999827746333456 0.8713074442556785
v 0.2068880000000000 0.0182060000000000 0.2814700000000000
vn 0.1801649012680488 0.3834696321212751 0.9058099412083355
v 0.1706650000000000 0.0558440000000000 0.2742920000000000
vn 0.1934938644537025 0.4126524919453964 0.8901000198348649
v 0.1756530000000000 0.0205770000000000 0.2887290000000000
vn 0.4593784184492772 0.4434263762041926 0.7696392125856496
v 0.2431760000000000 -0.0201510000000000 0.2848750000000000
vn 0.6390031748684871 0.3352044663090451 0.6923242797089105
v 0.2586580000000000 0.0174130000000000 0.2561940000000000
vn 0.3553151154988017 0.3531270061932603 0.8654781835465631
v 0.2261000000000000 0.0532220000000000 0.2596770000000000
vn 0.4084774073257870 0.3766943306940308 0.8314130074321542
v 0.2356740000000000 0.0158390000000000 0.2709730000000000
vn 0.4579093497220922 0.3348420410512041 0.8235288914068249
v 0.2371330000000000 0.0899870000000000 0.2401790000000000
vn 0.2757100227899456 0.3798947795909126 0.8829858094968115
v 0.2089670000000000 0.1240180000000000 0.2370870000000000
vn 0.2257007607298642 0.3677169852733562 0.9021326872181470
v 0.1928400000000000 0.0903450000000000 0.2552420000000000
vn 0.3069862199470255 0.3568036767408319 0.8822984738890012
v 0.2171950000000000 0.0894090000000000 0.2485660000000000
vn 0.1583497039187446 0.3843533709118572 0.9095041822540115
v 0.1590400000000000 0.1283020000000000 0.2466700000000000
vn 0.1673452390840201 0.3740492209244596 0.9121856999984801
v 0.1649790000000000 0.0921620000000000 0.2604280000000000
vn 0.2025840807818275 0.4140013168254486 0.8874472378009729
v 0.1788420000000000 0.1598290000000000 0.2290070000000000
vn 0.1626201121244409 0.4516811906290880 0.8772336069511495
v 0.1477460000000000 0.1954890000000000 0.2179900000000000
vn 0.1207967040181836 0.4071065423442732 0.9053576196613325
v 0.1253580000000000 0.1660390000000000 0.2354270000000000
vn 0.1568343085230726 0.4106667700754133 0.8981958603923297
v 0.1532940000000000 0.1630340000000000 0.2325560000000000
vn 0.3535021659609910 0.4229834222819336 0.8343388059628721
v 0.2204700000000000 0.1538060000000000 0.2194800000000000
vn 0.2713087335093518 0.4662380981518801 0.8420294572954496
v 0.1944640000000000 0.1867830000000000 0.2114720000000000
vn 0.2643722774644516 0.4180096528273010 0.8691232530840827
v 0.2014260000000000 0.1566700000000000 0.2246810000000000
vn 0.3896461150237623 0.5374107287344668 0.7479074900600864
v 0.2065250000000000 0.2076370000000000 0.1939320000000000
vn 0.3187524929954871 0.6020110242113343 0.7321062593211329
v 0.1818530000000000 0.2370610000000000 0.1831310000000000
vn 0.2231795868544079 0.5177073269179010 0.8259358302356287
v 0.1664440000000000 0.2195420000000000 0.2005030000000000
vn 0.2915311114738776 0.5264883746422558 0.7986360888473305
v 0.1879760000000000 0.2137740000000000 0.1975810000000000
vn 0.1915785515172844 0.5964444426496279 0.7794560189201916
v 0.1372450000000000 0.2500780000000000 0.1871140000000000
vn 0.1389765817793316 0.5066056789495272 0.8509031647449792
v 0.1162930000000000 0.2293880000000000 0.2048690000000000
vn 0.1745151344232307 0.5115990641467878 0.8413149620810109
v 0.1423940000000000 0.2247940000000000 0.2028750000000000
vn 0.0604507946647280 0.3977381210032465 0.9155053732912821
v 0.0644930000000000 0.1705750000000000 0.2393970000000000
vn 0.0354189318560002 0.4308791367924442 0.9017142944099191
v 0.0312790000000000 0.2064190000000000 0.2250690000000000
vn 0.0311189445745159 0.3938232347788261 0.9186592790784350
v 0.0324740000000000 0.1718620000000000 0.2404310000000000
vn 0.0976526570498093 0.4407742544310318 0.8922903200202724
v 0.0921060000000000 0.2024350000000000 0.2224820000000000
vn 0.0899350813795702 0.4025837787857345 0.9109544347528304
v 0.0956060000000000 0.1685930000000000 0.2377190000000000
vn 0.1230825711396121 0.5907753048770849 0.7973927638429193
v 0.0851670000000000 0.2597460000000000 0.1900620000000000
vn 0.0762498546939126 0.4954178510186452 0.8653017465319394
v 0.0597320000000000 0.2360400000000000 0.2081170000000000
vn 0.1086382951276196 0.5010716507717392 0.8585597950199207
v 0.0886080000000000 0.2331760000000000 0.2066620000000000
vn 0.0473836931474797 0.5823352439099289 0.8115666635120427
v 0.0288590000000000 0.2650270000000000 0.1923060000000000
vn 0.0407704416366645 0.4910192910876511 0.8701941317134539
v 0.0300640000000000 0.2378550000000000 0.2090990000000000
vn 0.0071811212758994 0.2586399407006563 0.9659471065082091
v 0.0391410000000000 -0.1872130000000000 0.4238520000000000
vn 0.0238645821281169 0.4004482003347201 0.9160085810561680
v 0.0768020000000000 -0.1673890000000000 0.4162080000000000
vn 0.0072501985851139 0.4957612112364678 0.8684286131017487
v 0.0385320000000000 -0.1481010000000000 0.4068130000000000
vn 0.0069984976794439 0.3986648083888695 0.9170700036433951
v 0.0387750000000000 -0.1674420000000000 0.4167560000000000
vn 0.0527755620605470 0.2628914474925436 0.9633809354997993
v 0.1142440000000000 -0.1870530000000000 0.4219600000000000
vn 0.0912478711733535 0.3933457681245262 0.9148513172668319
v 0.1476260000000000 -0.1682360000000000 0.4125640000000000
vn 0.0496098131390378 0.4922792724928062 0.8690224302710853
v 0.1129360000000000 -0.1485010000000000 0.4049730000000000
vn 0.0525492979215955 0.4031691505039186 0.9136154592441482
v 0.1133350000000000 -0.1675840000000000 0.4149070000000000
vn 0.1011266174020457 0.5598933568114075 0.8223702549650457
v 0.1478100000000000 -0.1305620000000000 0.3904150000000000
vn 0.0597125479956204 0.5826648113290934 0.8105159648339463
v 0.1128320000000000 -0.1090750000000000 0.3783770000000000
vn 0.0219985931687378 0.5537351561842594 0.8324022096944421
v 0.0761690000000000 -0.1286540000000000 0.3939350000000000
vn 0.0530025749284491 0.5545134163258090 0.8304851583054534
v 0.1128380000000000 -0.1292000000000000 0.3926380000000000
vn 0.0086586245365475 0.5763769299733756 0.8171380928677854
v 0.0382350000000000 -0.1083230000000000 0.3804220000000000
vn 0.0056380040821983 0.5519700574295723 0.8338448708309981
v 0.0383680000000000 -0.1285930000000000 0.3945320000000000
vn 0.1541602666317506 0.2726348109320171 0.9496867231145705
v 0.1798120000000000 -0.1877990000000000 0.4156000000000000
vn 0.2111238038923194 0.4042148013050941 0.8899646812294972
v 0.2066590000000000 -0.1718580000000000 0.4041940000000000
vn 0.1571834856750926 0.5011885621648322 0.8509426402444386
v 0.1793620000000000 -0.1515470000000000 0.3992550000000000
vn 0.1441796120900048 0.4059606773677292 0.9024456592442063
v 0.1789300000000000 -0.1695590000000000 0.4088870000000000
vn 0.2936137723157409 0.2725599228985277 0.9162434398870581
v 0.2292820000000000 -0.1898850000000000 0.4046660000000000
vn 0.3228781105154161 0.4752340346727925 0.8184756184753544
v 0.2340490000000000 -0.1606020000000000 0.3896020000000000
vn 0.2992456162793555 0.3852339114426905 0.8729529738835615
v 0.2302240000000000 -0.1754450000000000 0.3988010000000000
vn 0.3617651435616152 0.5613824630686958 0.7442954460849323
v 0.2416800000000000 -0.1254240000000000 0.3621060000000000
vn 0.2414517973286872 0.5498895734351242 0.7995764419954376
v 0.2106960000000000 -0.1373590000000000 0.3826270000000000
vn 0.3418686795652142 0.5298983967211501 0.7761014721572763
v 0.2380840000000000 -0.1440430000000000 0.3772850000000000
vn 0.1685280941249387 0.5854442960728373 0.7930026845392113
v 0.1818010000000000 -0.1134530000000000 0.3725820000000000
vn 0.1621430248410531 0.5581146746520278 0.8137675647465036
v 0.1805160000000000 -0.1330740000000000 0.3870410000000000
vn 0.2769935564917402 0.5841306265442203 0.7629324877045895
v 0.2147100000000000 -0.0968440000000000 0.3510000000000000
vn 0.2013203279983231 0.5682533417815457 0.7978460159007835
v 0.1827010000000000 -0.0682770000000000 0.3387980000000000
vn 0.1160868382773160 0.5884271237257322 0.8001733349985102
v 0.1484480000000000 -0.0891250000000000 0.3600750000000000
vn 0.1770834700438994 0.5877175771393149 0.7894488546819892
v 0.1826230000000000 -0.0919930000000000 0.3562180000000000
vn 0.4143986398966347 0.5533387942134835 0.7225579188343224
v 0.2455920000000000 -0.0802240000000000 0.3246490000000000
vn 0.4088893388241732 0.5694977240417921 0.7130791336921516
v 0.2441900000000000 -0.1043980000000000 0.3443220000000000
vn 0.2995821807487436 0.5231417652052689 0.7978553819306744
v 0.2147290000000000 -0.0459610000000000 0.3140390000000000
vn 0.4195604154881280 0.5159668239312284 0.7468248083437976
v 0.2458680000000000 -0.0521560000000000 0.3038000000000000
vn 0.1263990992835664 0.5232017705694704 0.8427829939986180
v 0.1472460000000000 -0.0393920000000000 0.3259870000000000
vn 0.1980592961669370 0.5251183851093962 0.8276612814563440
v 0.1817530000000000 -0.0418890000000000 0.3211760000000000
vn 0.0364349810197663 0.5787823723621968 0.8146676976540047
v 0.0757910000000000 -0.0868300000000000 0.3642330000000000
vn 0.0151915110978831 0.5487956903537851 0.8358184660796119
v 0.0378870000000000 -0.0631170000000000 0.3487450000000000
vn 0.0118891836168892 0.5739016315411236 0.8188379355082177
v 0.0380910000000000 -0.0866970000000000 0.3649900000000000
vn 0.0714770630652590 0.5593542239900232 0.8258413174212610
v 0.1123160000000000 -0.0639870000000000 0.3461010000000000
vn 0.0717534498980296 0.5836348477928434 0.8088397906072348
v 0.1127070000000000 -0.0875220000000000 0.3626710000000000
vn 0.0409587753999038 0.5150286562574471 0.8561938226543033
v 0.0748520000000000 -0.0372060000000000 0.3312250000000000
vn 0.0774531354027327 0.5192088509155307 0.8511305310863078
v 0.1115100000000000 -0.0379190000000000 0.3292460000000000
vn 0.0156098817422760 0.5119091149701720 0.8588977759910940
v 0.0375800000000000 -0.0369900000000000 0.3321960000000000
vn 0.1701614772331623 -0.6645331157536345 0.7276268341207563
v 0.0211100000000000 -0.4691090000000000 -0.0395220000000000
vn 0.2888111961112352 -0.6609323883329489 0.6926445488512140
v 0.0429330000000000 -0.4604570000000000 -0.0382340000000000
vn 0.1413594549147062 -0.7114099600833577 0.6884136643039652
v 0.0220980000000000 -0.4532480000000000 -0.0247730000000000
vn 0.1448611280674625 -0.6784289285623298 0.7202426274977004
v 0.0216030000000000 -0.4610520000000000 -0.0322570000000000
vn 0.4513247597749273 -0.6172909242736938 0.6444050558642703
v 0.0623490000000000 -0.4678180000000000 -0.0554340000000000
vn 0.5511576103769603 -0.5995743775251346 0.5802894573735647
v 0.0836880000000000 -0.4557900000000000 -0.0606780000000000
vn 0.4157323966697147 -0.6675519119138547 0.6176900673148404
v 0.0651240000000000 -0.4501640000000000 -0.0399310000000000
vn 0.4259424425238373 -0.6342414295640874 0.6452215469754016
v 0.0637200000000000 -0.4588560000000000 -0.0478050000000000
vn 0.5165759169353143 -0.6883132704524588 0.5092878986992323
v 0.0873930000000000 -0.4377920000000000 -0.0437520000000000
vn 0.3715511090370646 -0.7863939354982553 0.4934919974881996
v 0.0681710000000000 -0.4346660000000000 -0.0224630000000000
vn 0.2690531486146206 -0.7459771894149952 0.6092031156298062
v 0.0448990000000000 -0.4446290000000000 -0.0225070000000000
vn 0.3978094990043939 -0.7202164252097533 0.5683624753271075
v 0.0665960000000000 -0.4420100000000000 -0.0315650000000000
vn 0.1248576965015157 -0.8278686453065579 0.5468492129852797
v 0.0231080000000000 -0.4394220000000000 -0.0082740000000000
vn 0.1347266366506804 -0.7633163155506153 0.6318203350565957
v 0.0225990000000000 -0.4459540000000000 -0.0168520000000000
vn 0.6826567075642217 -0.5366358425950558 0.4959856772729141
v 0.1006500000000000 -0.4608730000000000 -0.0848040000000000
vn 0.7557070007229151 -0.5061893126369239 0.4155469995446180
v 0.1200890000000000 -0.4434250000000000 -0.0951500000000000
vn 0.6481178563199537 -0.5935731793864160 0.4770892212493693
v 0.1046340000000000 -0.4409760000000000 -0.0679920000000000
vn 0.6615145651480361 -0.5571451820913839 0.5019837907436488
v 0.1025700000000000 -0.4507990000000000 -0.0765570000000000
vn 0.8473656133057456 -0.4215548426817682 0.3228978662031190
v 0.1340520000000000 -0.4439140000000000 -0.1251750000000000
vn 0.8231197661029088 -0.4829213965054176 0.2987654187618609
v 0.1382020000000000 -0.4226960000000000 -0.1067700000000000
vn 0.8334298461250503 -0.4455581544530829 0.3269137846410547
v 0.1359750000000000 -0.4332110000000000 -0.1161650000000000
vn 0.7683315511093137 -0.6103398777260882 0.1927481808662786
v 0.1447730000000000 -0.4029860000000000 -0.0852940000000000
vn 0.7193844015995846 -0.6021902478391018 0.3461979031460025
v 0.1249970000000000 -0.4233470000000000 -0.0764780000000000
vn 0.8022023914078366 -0.5405392427610100 0.2535520661617690
v 0.1410340000000000 -0.4125580000000000 -0.0966070000000000
vn 0.5875293424142083 -0.7199256828816070 0.3694810995569051
v 0.1097770000000000 -0.4231150000000000 -0.0486360000000000
vn 0.6239267639818286 -0.6501823834830788 0.4335645988724476
v 0.1069880000000000 -0.4316650000000000 -0.0587910000000000
vn 0.6309026612558403 -0.7484837139461404 0.2042889179022956
v 0.1326040000000000 -0.4059990000000000 -0.0534920000000000
vn 0.4782483997093908 -0.8607819370789512 0.1741635006940757
v 0.1168570000000000 -0.4096280000000000 -0.0241800000000000
vn 0.4407892608053873 -0.8283738657721385 0.3456899854846295
v 0.0920130000000000 -0.4230180000000000 -0.0235250000000000
vn 0.5385395123675786 -0.7936791071208921 0.2829287340279777
v 0.1131430000000000 -0.4155840000000000 -0.0372080000000000
vn 0.6526019318023175 -0.7572306011464549 0.0266933567627231
v 0.1561730000000000 -0.3865840000000000 -0.0571750000000000
vn 0.7180408333444315 -0.6864418919887206 0.1149560375664543
v 0.1497240000000000 -0.3941690000000000 -0.0724450000000000
vn 0.4906504752393592 -0.8526994992644775 -0.1793479163567285
v 0.1722930000000000 -0.3789540000000000 -0.0157780000000000
vn 0.4921512248274529 -0.8705004139735688 -0.0040250680346366
v 0.1431170000000000 -0.3947670000000000 -0.0227710000000000
vn 0.5766442933101533 -0.8140383931806007 -0.0694467668130027
v 0.1644080000000000 -0.3807090000000000 -0.0385950000000000
vn 0.3385251097145363 -0.9369037391621562 -0.0872475422962249
v 0.1244030000000000 -0.4046760000000000 0.0079950000000000
vn 0.3276600906772109 -0.9407595319799789 0.0872374229686606
v 0.0974050000000000 -0.4142240000000000 0.0022230000000000
vn 0.4100680380372985 -0.9108397433924186 0.0470655504278229
v 0.1206870000000000 -0.4058050000000000 -0.0092210000000000
vn 0.2254783158730445 -0.8798829621682124 0.4182887781869696
v 0.0470050000000000 -0.4319550000000000 -0.0040470000000000
vn 0.0955454471609598 -0.9512047049241149 0.2933950866272976
v 0.0241590000000000 -0.4296650000000000 0.0117240000000000
vn 0.1116676191920142 -0.8947728469241284 0.4323330836649882
v 0.0236270000000000 -0.4339070000000000 0.0011790000000000
vn 0.2935888488779053 -0.9196522616261243 0.2608549510753073
v 0.0716900000000000 -0.4235420000000000 -0.0010610000000000
vn 0.3366112525317346 -0.8569863278466493 0.3902144263772577
v 0.0698830000000000 -0.4283990000000000 -0.0123760000000000
vn 0.1954200908268804 -0.9802602222379532 -0.0300147430309196
v 0.0754270000000000 -0.4193760000000000 0.0262550000000000
vn 0.1607711850911274 -0.9779045612561006 0.1336237071739450
v 0.0492720000000000 -0.4246000000000000 0.0189670000000000
vn 0.2451145451760681 -0.9625702620923675 0.1156604957561575
v 0.0735520000000000 -0.4204240000000000 0.0117340000000000
vn 0.0596596449572449 -0.9982078543812510 -0.0046697125344405
v 0.0252730000000000 -0.4260130000000000 0.0369710000000000
vn 0.0776716818640785 -0.9867303266180028 0.1425846147686877
v 0.0247070000000000 -0.4269490000000000 0.0235820000000000
vn 0.0983433166982069 -0.9874193308277084 -0.1238210691625503
v 0.0516420000000000 -0.4247900000000000 0.0483640000000000
vn 0.0369841882937657 -0.9846016966102088 -0.1708556959792376
v 0.0264850000000000 -0.4296690000000000 0.0688490000000000
vn 0.0456699516167774 -0.9923803928657257 -0.1144351841654875
v 0.0258590000000000 -0.4271120000000000 0.0521100000000000
vn 0.2156645955408548 -0.9628509336142095 -0.1625018826612325
v 0.1026760000000000 -0.4147770000000000 0.0357370000000000
vn 0.1298750681845824 -0.9716653188583403 -0.1974815808929272
v 0.0791360000000000 -0.4237950000000000 0.0609410000000000
vn 0.1553057811119916 -0.9778790964032689 -0.1401163344179423
v 0.0772740000000000 -0.4207260000000000 0.0427500000000000
vn 0.1636493373865024 -0.9572517274115532 -0.2385121060670842
v 0.1075460000000000 -0.4231400000000000 0.0763650000000000
vn 0.1014713217119883 -0.9729332859402167 -0.2076159723614608
v 0.0830720000000000 -0.4323560000000000 0.1013100000000000
vn 0.0693378846140927 -0.9772803833136117 -0.2002880679113036
v 0.0542240000000000 -0.4311960000000000 0.0843120000000000
vn 0.1131673315063945 -0.9695231997190197 -0.2172968483119707
v 0.0810540000000000 -0.4278990000000000 0.0805540000000000
vn 0.0273020992571931 -0.9833698246706615 -0.1795505034895278
v 0.0279290000000000 -0.4368580000000000 0.1065420000000000
vn 0.0313200472997019 -0.9813749368649421 -0.1895317596881198
v 0.0271680000000000 -0.4331110000000000 0.0870430000000000
vn 0.3477380553873090 -0.9104547874233935 -0.2239426821605835
v 0.1527250000000000 -0.3965320000000000 0.0197020000000000
vn 0.2429534657293609 -0.9391088293851853 -0.2429983951816950
v 0.1308260000000000 -0.4111810000000000 0.0494850000000000
vn 0.2794201163731695 -0.9411727670617244 -0.1900479442335054
v 0.1277750000000000 -0.4067970000000000 0.0278000000000000
vn 0.3767279788504250 -0.8800173674624565 -0.2892152536013992
v 0.1814190000000000 -0.3919270000000000 0.0419760000000000
vn 0.4180592512296274 -0.8705555350561758 -0.2595371319183030
v 0.1776860000000000 -0.3837290000000000 0.0122120000000000
vn 0.3413855902701702 -0.8971929904216424 -0.2801796150581952
v 0.1863000000000000 -0.4084870000000000 0.0965120000000000
vn 0.2810868988176117 -0.9183746296614675 -0.2785286249333452
v 0.1591770000000000 -0.4092050000000000 0.0698130000000000
vn 0.3548383815157002 -0.8859002767433857 -0.2987815634695543
v 0.1843230000000000 -0.4004460000000000 0.0701150000000000
vn 0.2055389935060401 -0.9466298084394548 -0.2482855773547980
v 0.1360770000000000 -0.4227840000000000 0.0956610000000000
vn 0.2205050770391491 -0.9398558030865426 -0.2608612282507870
v 0.1335860000000000 -0.4168400000000000 0.0723410000000000
vn 0.2540925314741918 -0.9392352964820648 -0.2308117052735511
v 0.1632770000000000 -0.4220970000000000 0.1185460000000000
vn 0.1861110792149316 -0.9695332412381414 -0.1592732253949710
v 0.1408430000000000 -0.4320820000000000 0.1416640000000000
vn 0.1314921806985566 -0.9733472884764020 -0.1878958818888116
v 0.1123390000000000 -0.4328770000000000 0.1205560000000000
vn 0.1854984740199316 -0.9604321406244579 -0.2077508589435878
v 0.1383300000000000 -0.4280260000000000 0.1187380000000000
vn 0.3105329646083375 -0.9314324749938562 -0.1897440971898113
v 0.1876850000000000 -0.4204580000000000 0.1435680000000000
vn 0.3263286491304411 -0.9140389452096792 -0.2409199439579015
v 0.1872520000000000 -0.4152550000000000 0.1210480000000000
vn 0.2879810452143952 -0.9562210780408480 -0.0520400567603742
v 0.1910240000000000 -0.4247570000000000 0.1829760000000000
vn 0.2344843800709135 -0.9661003087844227 -0.1080151325944761
v 0.1674990000000000 -0.4294450000000000 0.1634940000000000
vn 0.2954342084534115 -0.9471592756451421 -0.1249317214916838
v 0.1881050000000000 -0.4238050000000000 0.1639160000000000
vn 0.1718318022697894 -0.9851001992950719 0.0071714069418617
v 0.1486570000000000 -0.4346910000000000 0.1874350000000000
vn 0.1251097277420156 -0.9901822861288384 -0.0623425718188293
v 0.1183340000000000 -0.4385580000000000 0.1663630000000000
vn 0.1781316870949911 -0.9802752256742704 -0.0856129895632120
v 0.1441180000000000 -0.4344650000000000 0.1645320000000000
vn 0.0500638769131945 -0.9870408030974429 -0.1524600316449383
v 0.0572870000000000 -0.4389380000000000 0.1253290000000000
vn 0.0210671731532759 -0.9954155985067357 -0.0932950184351075
v 0.0297510000000000 -0.4429710000000000 0.1488680000000000
vn 0.0225808768472009 -0.9887067494871402 -0.1481521768972188
v 0.0287830000000000 -0.4403370000000000 0.1272000000000000
vn 0.0861186119427544 -0.9892400234996541 -0.1182698633780252
v 0.0876700000000000 -0.4396990000000000 0.1453070000000000
vn 0.0864444845403614 -0.9819489802168799 -0.1682365933546582
v 0.0852310000000000 -0.4364830000000000 0.1229340000000000
vn 0.0746227430175729 -0.9955493770666430 0.0575576584543928
v 0.0939330000000000 -0.4410720000000000 0.1918400000000000
vn 0.0457592633675720 -0.9986758078051791 -0.0235100132014078
v 0.0611950000000000 -0.4432370000000000 0.1700930000000000
vn 0.0797634231810547 -0.9959781613654607 -0.0408080678973718
v 0.0905250000000000 -0.4414220000000000 0.1683160000000000
vn 0.0176111899299483 -0.9962443013412052 0.0847769900056929
v 0.0321010000000000 -0.4433980000000000 0.1946440000000000
vn 0.0199791729274853 -0.9997280015143616 -0.0120314436886943
v 0.0308500000000000 -0.4441830000000000 0.1713990000000000
vn 0.0383259023224090 -0.9835547227090153 0.1764971179593740
v 0.0664070000000000 -0.4394150000000000 0.2174430000000000
vn 0.0140457099981266 -0.9608990643965558 0.2765424127913689
v 0.0350380000000000 -0.4342440000000000 0.2424860000000000
vn 0.0156315513485225 -0.9825268419455990 0.1854633641958605
v 0.0335190000000000 -0.4400410000000000 0.2184560000000000
vn 0.1146301990348298 -0.9837434471343647 0.1382343940176710
v 0.1277600000000000 -0.4357620000000000 0.2134380000000000
vn 0.0672067341856152 -0.9641804358695991 0.2565917807849928
v 0.1025570000000000 -0.4325360000000000 0.2397980000000000
vn 0.0703137208513007 -0.9844047666020629 0.1612551895325647
v 0.0980320000000000 -0.4380660000000000 0.2157670000000000
vn 0.1100812177419266 -0.9386691176661900 0.3267757840480701
v 0.1400630000000000 -0.4227480000000000 0.2606780000000000
vn 0.0664747539520155 -0.9016470138764775 0.4273333235948845
v 0.1118240000000000 -0.4144510000000000 0.2869930000000000
vn 0.0344786288086770 -0.9341798809189352 0.3551326150070668
v 0.0725400000000000 -0.4256790000000000 0.2654660000000000
vn 0.0659777309275675 -0.9363688213187761 0.3447613224880879
v 0.1072420000000000 -0.4246200000000000 0.2636380000000000
vn 0.0126729958794591 -0.8981286679473373 0.4395501006558645
v 0.0380880000000000 -0.4158670000000000 0.2898050000000000
vn 0.0130744531761486 -0.9326677281329772 0.3604996082846912
v 0.0365840000000000 -0.4261420000000000 0.2663850000000000
vn 0.2257911437417700 -0.9716565894345149 0.0700130817509822
v 0.1789270000000000 -0.4278600000000000 0.2066110000000000
vn 0.1657318214571061 -0.9646258258278645 0.2050121447681093
v 0.1624080000000000 -0.4272990000000000 0.2334880000000000
vn 0.1670715229362824 -0.9800785037538877 0.1073928894447482
v 0.1549610000000000 -0.4322740000000000 0.2104670000000000
vn 0.3085937574223484 -0.9452241837211000 0.1064008241920006
v 0.2097490000000000 -0.4180970000000000 0.2207600000000000
vn 0.2916863020127500 -0.9562214319564183 0.0236574361532261
v 0.1989490000000000 -0.4227750000000000 0.2016300000000000
vn 0.3462184053483026 -0.8958131454058614 0.2786604103853569
v 0.2326040000000000 -0.4013490000000000 0.2625080000000000
vn 0.2402920627461899 -0.9367800211142463 0.2543676799877950
v 0.1976310000000000 -0.4159180000000000 0.2500880000000000
vn 0.3276578891546288 -0.9253739733445709 0.1905867706091222
v 0.2212880000000000 -0.4109550000000000 0.2412430000000000
vn 0.1719982102425608 -0.9062810585342297 0.3860974729461875
v 0.1782350000000000 -0.4100060000000000 0.2789540000000000
vn 0.1677472336143465 -0.9397509033733719 0.2978743111173994
v 0.1703740000000000 -0.4198480000000000 0.2563640000000000
vn 0.2599187248602722 -0.8642615430314067 0.4306904244396226
v 0.2158390000000000 -0.3941740000000000 0.2938540000000000
vn 0.1825611876347930 -0.8150857599935193 0.5498241688259629
v 0.1914760000000000 -0.3836070000000000 0.3224420000000000
vn 0.1145146124903740 -0.8625075577556794 0.4929169466964115
v 0.1519060000000000 -0.4004670000000000 0.3062200000000000
vn 0.1774303929736328 -0.8647605082463724 0.4697954012404738
v 0.1853690000000000 -0.3978540000000000 0.3011240000000000
vn 0.3775024835728052 -0.8065530329398912 0.4549330499665052
v 0.2513080000000000 -0.3750020000000000 0.3051030000000000
vn 0.3635683297713430 -0.8557881152120960 0.3680282209953530
v 0.2427310000000000 -0.3892810000000000 0.2839830000000000
vn 0.4102816299272208 -0.6537873286636764 0.6357917214175384
v 0.2623700000000000 -0.3408310000000000 0.3440090000000000
vn 0.2747958151856851 -0.7541492005397359 0.5964446690865064
v 0.2289150000000000 -0.3637530000000000 0.3351630000000000
vn 0.3975822508805044 -0.7391848037020492 0.5436305544768014
v 0.2579760000000000 -0.3587680000000000 0.3252990000000000
vn 0.1888194886306331 -0.6815017045810440 0.7070379249845070
v 0.1994180000000000 -0.3496880000000000 0.3608010000000000
vn 0.1200431916371628 -0.7531496059536094 0.6468039140214648
v 0.1606040000000000 -0.3701270000000000 0.3476160000000000
vn 0.1864975557636644 -0.7550899403697163 0.6285362707486635
v 0.1962590000000000 -0.3674810000000000 0.3424770000000000
vn 0.0348559365365815 -0.8579362811001590 0.5125723375877663
v 0.0783600000000000 -0.4031290000000000 0.3115080000000000
vn 0.0129492450689787 -0.8074382259203743 0.5898099934510282
v 0.0406920000000000 -0.3893410000000000 0.3338080000000000
vn 0.0126858584870683 -0.8567936492003467 0.5155033575879009
v 0.0394810000000000 -0.4035570000000000 0.3123950000000000
vn 0.0697779356357675 -0.8102762139802829 0.5818792802258810
v 0.1196780000000000 -0.3879150000000000 0.3310030000000000
vn 0.0680128851204123 -0.8599206959626047 0.5058761153808184
v 0.1160360000000000 -0.4021620000000000 0.3095650000000000
vn 0.0718152604348939 -0.6791980912660553 0.7304331052117062
v 0.1244540000000000 -0.3541880000000000 0.3690520000000000
vn 0.0364073326985114 -0.7491585794703578 0.6613893928176769
v 0.0827000000000000 -0.3728880000000000 0.3528520000000000
vn 0.0711936900406072 -0.7508470042750672 0.6566279271166885
v 0.1225510000000000 -0.3718700000000000 0.3509490000000000
vn 0.0133039381627116 -0.6768496670372826 0.7360010417525795
v 0.0422850000000000 -0.3557340000000000 0.3717060000000000
vn 0.0132078945273312 -0.7482795401436106 0.6632520496196160
v 0.0416500000000000 -0.3733550000000000 0.3536950000000000
vn 0.0409467122130807 -0.5962457709403540 0.8017570376333981
v 0.0844580000000000 -0.3361060000000000 0.3867240000000000
vn 0.0122494531486654 -0.5054996261540600 0.8627398674314664
v 0.0424490000000000 -0.3163010000000000 0.4009160000000000
vn 0.0159455524577741 -0.5951629772815475 0.8034468058497592
v 0.0425280000000000 -0.3366100000000000 0.3874940000000000
vn 0.1304200308752047 -0.5982372404694866 0.7906344412318277
v 0.1641200000000000 -0.3332010000000000 0.3818300000000000
vn 0.0692940395007400 -0.5074504830723002 0.8588901811753112
v 0.1249380000000000 -0.3147240000000000 0.3985090000000000
vn 0.0781520899336796 -0.5975584406399319 0.7980076195494445
v 0.1251880000000000 -0.3350280000000000 0.3849570000000000
vn 0.1143213059868115 -0.4085254246527967 0.9055592837632012
v 0.1623190000000000 -0.2918800000000000 0.4066790000000000
vn 0.0626398742938487 -0.3001518029655031 0.9518325174761622
v 0.1222370000000000 -0.2720190000000000 0.4179380000000000
vn 0.0329453577564035 -0.4083401218360407 0.9122351387121798
v 0.0836200000000000 -0.2946350000000000 0.4111540000000000
vn 0.0663082893201912 -0.4091928238100515 0.9100354079428921
v 0.1238920000000000 -0.2936100000000000 0.4095550000000000
vn 0.0103092128117972 -0.2991018435587382 0.9541655031025620
v 0.0416040000000000 -0.2733840000000000 0.4200970000000000
vn 0.0113412754358932 -0.4074030547448362 0.9131780365602664
v 0.0421180000000000 -0.2951200000000000 0.4118310000000000
vn 0.2904266684160137 -0.5793555238745384 0.7615770001968508
v 0.2341920000000000 -0.3265860000000000 0.3700470000000000
vn 0.1861407256118503 -0.5042427457342833 0.8432620492130812
v 0.2002000000000000 -0.3101700000000000 0.3908340000000000
vn 0.2019392000973146 -0.5964117483217004 0.7768613685387564
v 0.2006550000000000 -0.3304460000000000 0.3769810000000000
vn 0.3996713562342101 -0.4693115118440517 0.7874068274129693
v 0.2634670000000000 -0.3011580000000000 0.3750590000000000
vn 0.4015445492709089 -0.5700923141260165 0.7167682528720605
v 0.2641340000000000 -0.3214440000000000 0.3606650000000000
vn 0.3774802180135759 -0.2353164678300488 0.8956198105091316
v 0.2556610000000000 -0.2600740000000000 0.3962330000000000
vn 0.2716278684994607 -0.3897162992075215 0.8799656284119474
v 0.2312240000000000 -0.2855710000000000 0.3957150000000000
vn 0.3918196090754877 -0.3592684888361013 0.8469967809108579
v 0.2605760000000000 -0.2805180000000000 0.3869840000000000
vn 0.1740625974839407 -0.2904183971908822 0.9409353679877394
v 0.1951380000000000 -0.2681930000000000 0.4108130000000000
vn 0.1809654672319579 -0.4035785524050045 0.8968700305552640
v 0.1982840000000000 -0.2892790000000000 0.4021730000000000
vn 0.2498004788647351 -0.1436216010168188 0.9575868401770748
v 0.2217920000000000 -0.2445760000000000 0.4105580000000000
vn 0.1601107406046081 -0.0264197018728517 0.9867454332785096
v 0.1865690000000000 -0.2268560000000000 0.4193480000000000
vn 0.1044025598986892 -0.1746948062192185 0.9790719228772881
v 0.1569650000000000 -0.2490780000000000 0.4208220000000000
vn 0.1667794795656872 -0.1643846001827904 0.9721945836192170
v 0.1909900000000000 -0.2473270000000000 0.4165690000000000
vn 0.3330373721103631 0.0288848462799585 0.9424711000519892
v 0.2413490000000000 -0.2219230000000000 0.4061550000000000
vn 0.3575074468792532 -0.1042810187938497 0.9280699836462738
v 0.2489280000000000 -0.2403720000000000 0.4025980000000000
vn 0.2255619113793576 0.1368832380365839 0.9645645666721906
v 0.2105270000000000 -0.2064040000000000 0.4136350000000000
vn 0.3097196417940911 0.1633659247856491 0.9366884850930269
v 0.2338960000000000 -0.2052370000000000 0.4069800000000000
vn 0.0983569672167089 0.1110178275163291 0.9889393049997992
v 0.1508180000000000 -0.2072180000000000 0.4231070000000000
vn 0.1555802834487221 0.1214831635731147 0.9803247504629694
v 0.1826010000000000 -0.2069560000000000 0.4190560000000000
vn 0.0283502445839396 -0.1791324028228448 0.9834164153048010
v 0.0812640000000000 -0.2510320000000000 0.4249740000000000
vn 0.0083535031573382 -0.0453388562616390 0.9989367382862074
v 0.0403150000000000 -0.2295120000000000 0.4281190000000000
vn 0.0092637758732917 -0.1788457657294587 0.9838335095620666
v 0.0409800000000000 -0.2514100000000000 0.4255740000000000
vn 0.0559291364850089 -0.0431865432787848 0.9975003028428969
v 0.1179430000000000 -0.2286870000000000 0.4261240000000000
vn 0.0589779213498184 -0.1785178558845763 0.9821674907690787
v 0.1201570000000000 -0.2502840000000000 0.4235080000000000
vn 0.0249554255071530 0.1024633378304109 0.9944236979971908
v 0.0785660000000000 -0.2077970000000000 0.4270350000000000
vn 0.0538852454210983 0.1051314630220983 0.9929973594168019
v 0.1158770000000000 -0.2075160000000000 0.4256530000000000
vn 0.0076633262332725 0.1013792975308693 0.9948183308841820
v 0.0396790000000000 -0.2080080000000000 0.4275930000000000
vn 0.1351967753024751 0.4015856978375278 -0.9057873697729273
v 0.0342350000000000 0.0411830000000000 -0.3266950000000000
vn 0.2369346596118720 0.3293246169927849 -0.9140061617501066
v 0.0682480000000000 0.0086340000000000 -0.3327030000000000
vn 0.1253801858731247 0.3159839613449592 -0.9404434832371205
v 0.0342610000000000 0.0114250000000000 -0.3383720000000000
vn 0.2025386274999935 0.4946002789535595 -0.8451914980816360
v 0.0321600000000000 0.1031950000000000 -0.2951700000000000
vn 0.2916006124587276 0.4669550614472887 -0.8348185751422004
v 0.0675360000000000 0.0681970000000000 -0.3047700000000000
vn 0.1669050546149525 0.4607435560201072 -0.8716983872475192
v 0.0335790000000000 0.0718980000000000 -0.3120290000000000
vn 0.4149136246973899 0.5204875856590677 -0.7462836975408669
v 0.0992540000000000 0.0931190000000000 -0.2746210000000000
vn 0.4681384083730906 0.4811569315467430 -0.7411709909531217
v 0.1367210000000000 0.0520320000000000 -0.2801840000000000
vn 0.3637664659842766 0.4245117588623937 -0.8291343225393983
v 0.1023000000000000 0.0322090000000000 -0.3104210000000000
vn 0.3899661262957512 0.4801016975855967 -0.7857663649694573
v 0.1022530000000000 0.0620500000000000 -0.2934530000000000
vn 0.4283484982083650 0.3421900501737531 -0.8363154510378978
v 0.1343110000000000 -0.0035310000000000 -0.3120030000000000
vn 0.3376511555964589 0.3409552868289480 -0.8773489553807913
v 0.1016890000000000 0.0037160000000000 -0.3237810000000000
vn 0.2235897929561960 0.6244898742768789 -0.7483448412406233
v 0.0221480000000000 0.2199390000000000 -0.2184930000000000
vn 0.4042017323872763 0.5778234166320837 -0.7090423532672432
v 0.0487160000000000 0.1904270000000000 -0.2296160000000000
vn 0.2269031513899600 0.5488209668312789 -0.8045560926720307
v 0.0271070000000000 0.1653630000000000 -0.2577270000000000
vn 0.2471863876260633 0.5813540769295362 -0.7751943801458989
v 0.0243870000000000 0.1941260000000000 -0.2380950000000000
vn 0.4945985723568431 0.5907365212434332 -0.6374971487714900
v 0.0669880000000000 0.2109990000000000 -0.1982210000000000
vn 0.5251439592200291 0.5885613598136485 -0.6146701130110535
v 0.0969730000000000 0.1800600000000000 -0.2021280000000000
vn 0.4666912032227503 0.5700773420557793 -0.6761739013812347
v 0.0810590000000000 0.1566940000000000 -0.2365500000000000
vn 0.4896222303418677 0.5814036513337527 -0.6497998659363013
v 0.0729320000000000 0.1854420000000000 -0.2171980000000000
vn 0.4979492774646264 0.5723072505705159 -0.6515450314574375
v 0.1202910000000000 0.1208950000000000 -0.2387450000000000
vn 0.3486232994028501 0.5312591474886557 -0.7721564047025042
v 0.0600650000000000 0.1308630000000000 -0.2685340000000000
vn 0.4405730237985773 0.5503469328511718 -0.7092345621881989
v 0.0910110000000000 0.1252930000000000 -0.2556720000000000
vn 0.2046255777584485 0.5190737562708093 -0.8298739714426122
v 0.0298500000000000 0.1347000000000000 -0.2769110000000000
vn 0.4136071213014079 0.5681300490894833 -0.7114473954765342
v 0.1815500000000000 0.1447350000000000 -0.1681770000000000
vn 0.4740222963260839 0.5909721551787841 -0.6527287142366952
v 0.1455440000000000 0.1708460000000000 -0.1694940000000000
vn 0.3598061770016119 0.5554165341469007 -0.7497012662305762
v 0.1662380000000000 0.1884380000000000 -0.1417040000000000
vn 0.3855936557867179 0.5711701731483446 -0.7246255349645940
v 0.1724340000000000 0.1671730000000000 -0.1551410000000000
vn 0.4880364736367205 0.5067433757122470 -0.7106557194394423
v 0.2074810000000000 0.1010350000000000 -0.1859270000000000
vn 0.5002856286597638 0.5801973229040717 -0.6427171666070959
v 0.1690530000000000 0.1218630000000000 -0.1971900000000000
vn 0.4463787730956700 0.5482536526706868 -0.7072226829385878
v 0.1933210000000000 0.1222980000000000 -0.1790320000000000
vn 0.5315359451888323 0.5589699196538838 -0.6364135195722554
v 0.1640990000000000 0.0934260000000000 -0.2276890000000000
vn 0.5173721715020283 0.5956544078734006 -0.6144280775943303
v 0.1314660000000000 0.1487780000000000 -0.2026110000000000
vn 0.5177097102147772 0.5885753557328393 -0.6209313219457470
v 0.1455070000000000 0.1205740000000000 -0.2181730000000000
vn 0.5247240667378008 0.5834998739761460 -0.6198326797257191
v 0.1134620000000000 0.1990830000000000 -0.1688040000000000
vn 0.5201129369734685 0.5936748004912007 -0.6140299374253391
v 0.1207830000000000 0.1751680000000000 -0.1856910000000000
vn 0.7508599915903736 0.2150929745418789 -0.6244551908116631
v 0.2466470000000000 0.0446840000000000 -0.1843760000000000
vn 0.6326685474892976 0.2882299893490353 -0.7187864649933507
v 0.2409000000000000 0.0658680000000000 -0.1818720000000000
vn 0.7398405981211534 0.0780608146589461 -0.6682382797973455
v 0.2576130000000000 0.0526050000000000 -0.1696550000000000
vn 0.7523792384598245 0.3274544020391912 -0.5715759758070402
v 0.2322440000000000 0.0204740000000000 -0.2145300000000000
vn 0.6509202207553472 0.4149906914152148 -0.6356772705158901
v 0.2144750000000000 0.0505590000000000 -0.2164070000000000
vn 0.7530180083690010 0.2891492868348345 -0.5910639297021006
v 0.2382350000000000 0.0341470000000000 -0.1993770000000000
vn 0.5585616574707618 0.4933461099347693 -0.6667971885181775
v 0.1757030000000000 0.0575330000000000 -0.2476170000000000
vn 0.5701041781942311 0.4871795012372861 -0.6615416536996515
v 0.2053590000000000 0.0774780000000000 -0.2056310000000000
vn 0.5755051276412700 0.5044003926253611 -0.6437189541857431
v 0.1884260000000000 0.0702040000000000 -0.2264730000000000
vn 0.5471190146193480 0.4280048183413203 -0.7193557251586777
v 0.2237650000000000 0.0821180000000000 -0.1870850000000000
vn 0.6324186855208614 0.2641642311598613 -0.7281921897272623
v 0.1957160000000000 -0.0250960000000000 -0.2797720000000000
vn 0.7480590569767293 0.2964281200517376 -0.5937491195089719
v 0.2259780000000000 -0.0168220000000000 -0.2440560000000000
vn 0.7426262345791560 0.2224490086596751 -0.6316824473270665
v 0.2233810000000000 -0.0383760000000000 -0.2567270000000000
vn 0.5365550856800951 0.4064068411083021 -0.7395553525809930
v 0.1677620000000000 0.0117540000000000 -0.2840490000000000
vn 0.5248421722033785 0.3228904384166211 -0.7875801286573713
v 0.1658390000000000 -0.0133080000000000 -0.2977650000000000
vn 0.6382061665420951 0.4082977056152002 -0.6526759322795708
v 0.2008770000000000 0.0193300000000000 -0.2512120000000000
vn 0.5377514234417136 0.4585609981886342 -0.7074922031560873
v 0.1699320000000000 0.0367090000000000 -0.2670700000000000
vn 0.7504799547309065 0.3307934625812387 -0.5721499127506804
v 0.2285460000000000 0.0031390000000000 -0.2297070000000000
vn 0.8959569305176288 0.2187295641775390 0.3865469653381498
v 0.2798060000000000 0.0409230000000000 0.2140800000000000
vn 0.6990357590657379 0.2782924633940698 0.6587126174330108
v 0.2614140000000000 0.0606190000000000 0.2343810000000000
vn 0.7962548720652899 0.2631459207195355 0.5447314963548158
v 0.2724860000000000 0.0268640000000000 0.2360850000000000
vn 0.9608751927904546 0.1978501246967425 0.1938406356711355
v 0.2838530000000000 0.0733470000000000 0.1752970000000000
vn 0.9063343988645514 0.2204416048488050 0.3605044469719001
v 0.2751400000000000 0.0805820000000000 0.2025170000000000
vn 0.9424646720642753 0.1980723275774655 0.2693096636937176
v 0.2832650000000000 0.0563210000000000 0.1936090000000000
vn 0.9003070767199269 0.2748449352795511 0.3375017468979960
v 0.2696240000000000 0.1127990000000000 0.1937410000000000
vn 0.8254739575849095 0.3195628761404978 0.4652658525423073
v 0.2605740000000000 0.1250330000000000 0.2041670000000000
vn 0.7465450861620891 0.2817678713390785 0.6027248966222345
v 0.2616460000000000 0.0972730000000000 0.2182080000000000
vn 0.8532659945834375 0.2701837868724368 0.4460245103117167
v 0.2674310000000000 0.1033630000000000 0.2058240000000000
vn 0.5424807187303569 0.3562113633437425 0.7608075541361217
v 0.2431810000000000 0.1230340000000000 0.2227560000000000
vn 0.5969522714498740 0.3083165347429088 0.7406678742965437
v 0.2517490000000000 0.0927110000000000 0.2298600000000000
vn 0.8903760539328944 0.2935042374456281 0.3479737708281297
v 0.2741710000000000 0.1557890000000000 0.1238300000000000
vn 0.9219785656825300 0.3163861895966357 0.2232830120150347
v 0.2693550000000000 0.1494370000000000 0.1492120000000000
vn 0.9614009577188121 0.2164777196973470 0.1698399110103039
v 0.2801400000000000 0.1126800000000000 0.1464080000000000
vn 0.9429642586343031 0.2351927447697296 0.2355902793961160
v 0.2773500000000000 0.1340780000000000 0.1346060000000000
vn 0.8700597312510668 0.4235523612629630 0.2521893362612497
v 0.2565070000000000 0.1816920000000000 0.1478540000000000
vn 0.8478231569011837 0.4362048162137427 0.3015315123399974
v 0.2531650000000000 0.1758050000000000 0.1694840000000000
vn 0.9096934690968083 0.3324831433518196 0.2488227314163789
v 0.2657020000000000 0.1450110000000000 0.1723190000000000
vn 0.8944323608211070 0.3773611346957838 0.2399777613386113
v 0.2614140000000000 0.1635040000000000 0.1604890000000000
vn 0.8670858308433770 0.3389921374426901 0.3650294408711260
v 0.2617950000000000 0.1395710000000000 0.1901480000000000
vn 0.9461004014134897 0.2450761104577232 0.2117350479447073
v 0.2757080000000000 0.1110820000000000 0.1738200000000000
vn 0.9126433114180389 0.2950654725265981 0.2828755080359061
v 0.2687430000000000 0.1273960000000000 0.1829870000000000
vn 0.9652385173527672 0.2055085926200318 0.1614955819146937
v 0.2825590000000000 0.0922850000000000 0.1597680000000000
vn 0.4858250806690077 0.4861249160616440 0.7263997225887492
v 0.2282630000000000 0.1776930000000000 0.2020120000000000
vn 0.6511923851054838 0.5309230946119404 0.5422814261878346
v 0.2339650000000000 0.1941870000000000 0.1838460000000000
vn 0.5507790904944679 0.5992128990313943 0.5810217681881453
v 0.2153310000000000 0.2218630000000000 0.1759190000000000
vn 0.5156556408569316 0.5435019125740720 0.6623480437660799
v 0.2216220000000000 0.2012760000000000 0.1893820000000000
vn 0.6353665074200078 0.4171988592141866 0.6498111364998930
v 0.2467370000000000 0.1490800000000000 0.2061930000000000
vn 0.4798727315464871 0.4258049479827527 0.7670803789639767
v 0.2354010000000000 0.1514860000000000 0.2133050000000000
vn 0.7673816826045792 0.4455247290785143 0.4611215338524992
v 0.2498430000000000 0.1662040000000000 0.1888670000000000
vn 0.7794427639552239 0.3853038395456577 0.4939736115919710
v 0.2549970000000000 0.1459540000000000 0.1981790000000000
vn 0.7681022726435482 0.5305521016291992 0.3585155034536947
v 0.2384700000000000 0.2040730000000000 0.1642500000000000
vn 0.7679052441944526 0.4922652009275014 0.4098737706836881
v 0.2442480000000000 0.1858640000000000 0.1772420000000000
vn 0.8347876463421638 0.1508523893694477 -0.5295027309996040
v 0.2344050000000000 0.4246330000000000 -0.0179820000000000
vn 0.7815150283673864 0.3759272095263342 -0.4979086197021165
v 0.2307120000000000 0.4396530000000000 -0.0164880000000000
vn 0.9026013778165538 0.3539090290494703 -0.2450696878867722
v 0.2375590000000000 0.4374390000000000 -0.0032110000000000
vn 0.9323073143459268 0.1203004937126738 -0.3410731048170937
v 0.2397140000000000 0.4229150000000000 -0.0076840000000000
vn 0.8771417095207480 0.2504381692468677 -0.4097598623624537
v 0.2362350000000000 0.4320810000000000 -0.0114660000000000
vn 0.6178250111605903 0.3064495229287246 -0.7241415231024759
v 0.2215210000000000 0.4364680000000000 -0.0287280000000000
vn 0.5080966761362805 0.5384201396552679 -0.6722659599539943
v 0.2143730000000000 0.4509510000000000 -0.0262200000000000
vn 0.6763072433165185 0.6068564058325721 -0.4175330110752731
v 0.2239660000000000 0.4533990000000000 -0.0131030000000000
vn 0.6554331312634858 0.4795325136202434 -0.5834860570940776
v 0.2232960000000000 0.4460840000000000 -0.0215970000000000
vn 0.4673360243574882 0.8382896113774714 -0.2808337013151110
v 0.2140300000000000 0.4635770000000000 -0.0087230000000000
vn 0.5775310390781259 0.8161700666215093 0.0180089214663510
v 0.2216460000000000 0.4611170000000000 0.0060460000000000
vn 0.7962628461613785 0.5886711550586984 -0.1393978157104287
v 0.2314070000000000 0.4509950000000000 0.0013270000000000
vn 0.6485237101969946 0.7310538383884885 -0.2120784823827783
v 0.2234450000000000 0.4584100000000000 -0.0037290000000000
vn 0.8631726885380430 0.4811639627548990 0.1530168314533034
v 0.2359590000000000 0.4439710000000000 0.0156460000000000
vn 0.9714681364982015 0.2365880970817923 0.0166051825623217
v 0.2415420000000000 0.4299850000000000 0.0101090000000000
vn 0.8962500812006178 0.4404083176322616 -0.0526906605406227
v 0.2375590000000000 0.4414720000000000 0.0060660000000000
vn 0.3093874743200751 0.4078280361089904 -0.8590434702023693
v 0.2026660000000000 0.4442820000000000 -0.0364050000000000
vn 0.1477351795932876 0.6218501074039962 -0.7690752633079402
v 0.1939110000000000 0.4546960000000000 -0.0324080000000000
vn 0.3116589973555350 0.7666108103090893 -0.5614058557626418
v 0.2045240000000000 0.4612400000000000 -0.0219800000000000
vn 0.3265406689572855 0.5948911744699187 -0.7344900830200020
v 0.2043290000000000 0.4538360000000000 -0.0297920000000000
vn -0.0055116443363044 0.4689452287840345 -0.8832100509943258
v 0.1831740000000000 0.4458200000000000 -0.0391200000000000
vn -0.1907503318556994 0.5785759566914473 -0.7930095669255933
v 0.1745040000000000 0.4496250000000000 -0.0358230000000000
vn -0.0963504264358808 0.7669500473181580 -0.6344322030322067
v 0.1827300000000000 0.4595960000000000 -0.0281590000000000
vn -0.0308983817967395 0.6197499080683352 -0.7841908833005092
v 0.1838640000000000 0.4534900000000000 -0.0341700000000000
vn -0.3994337103482414 0.7967589045332392 -0.4534621914607985
v 0.1699660000000000 0.4586290000000000 -0.0239750000000000
vn -0.2844115589831146 0.9403677857797252 -0.1865971398080128
v 0.1791170000000000 0.4664020000000000 -0.0128200000000000
vn 0.0401391439640070 0.9163038106411914 -0.3984672831315869
v 0.1923700000000000 0.4665610000000000 -0.0173610000000000
vn -0.1840117077434645 0.8813300188251982 -0.4351977588762486
v 0.1810340000000000 0.4640430000000000 -0.0209380000000000
vn 0.1695908467607860 0.9803126324376097 -0.1011241186770176
v 0.2015900000000000 0.4690200000000000 -0.0039950000000000
vn 0.2599419520759700 0.9017881774361647 -0.3452654986923751
v 0.2035200000000000 0.4663490000000000 -0.0132780000000000
vn -0.1670238524612432 0.9817145390841236 0.0913213910310813
v 0.1882500000000000 0.4690430000000000 0.0004720000000000
vn -0.0814643934850387 0.9337296791725099 0.3485863434308871
v 0.1956910000000000 0.4666390000000000 0.0149010000000000
vn 0.2660493045340393 0.9444069642467250 0.1931663879644669
v 0.2092070000000000 0.4665610000000000 0.0107740000000000
vn 0.0501306680963580 0.9891064805649641 0.1384026236044787
v 0.1990040000000000 0.4691090000000000 0.0055610000000000
vn -0.5403666194008757 0.8414018321462355 0.0068464222939613
v 0.1665810000000000 0.4605920000000000 -0.0078440000000000
vn -0.4202461977990149 0.8729267163684895 0.2477742542832041
v 0.1755100000000000 0.4638740000000000 0.0044950000000000
vn -0.3755364009051155 0.9252882687819374 0.0530474433856850
v 0.1773180000000000 0.4662430000000000 -0.0041210000000000
vn -0.6267741413505596 0.6934901317427172 0.3552824410377431
v 0.1651260000000000 0.4550980000000000 0.0083580000000000
vn -0.5644313932301215 0.6678645605655913 0.4851537190178323
v 0.1704340000000000 0.4533780000000000 0.0186560000000000
vn -0.3541716157512167 0.8230361723328413 0.4440427069864767
v 0.1823560000000000 0.4616610000000000 0.0177720000000000
vn -0.5098021844216016 0.7673056311864378 0.3890293062335350
v 0.1735610000000000 0.4596050000000000 0.0123590000000000
vn -0.3139327204970409 0.7186377233152582 0.6204885733271719
v 0.1866030000000000 0.4541100000000000 0.0309940000000000
vn -0.0266690447369712 0.8099396240568301 0.5859066200645784
v 0.2007030000000000 0.4594220000000000 0.0290460000000000
vn -0.1812259346790245 0.8422913731219633 0.5076439730401924
v 0.1915810000000000 0.4616320000000000 0.0235420000000000
vn 0.6365317810636542 0.7031721239560265 0.3168221201038571
v 0.2263910000000000 0.4541710000000000 0.0204290000000000
vn 0.6406301840433056 0.5294663451883160 0.5561100220330212
v 0.2277120000000000 0.4437520000000000 0.0331560000000000
vn 0.8534703225438736 0.3090094158876264 0.4196445989520708
v 0.2363070000000000 0.4333820000000000 0.0288560000000000
vn 0.7684739710004286 0.5200833792136522 0.3727747772590586
v 0.2324810000000000 0.4447280000000000 0.0248110000000000
vn 0.3266455718490728 0.8201713026104289 0.4697038479358078
v 0.2142380000000000 0.4594920000000000 0.0250470000000000
vn 0.4666386958029545 0.8468600271086147 0.2551008076524142
v 0.2184840000000000 0.4615160000000000 0.0157390000000000
vn 0.0080071755350231 0.6303629101608844 0.7762592908516149
v 0.2036070000000000 0.4477290000000000 0.0412850000000000
vn 0.3432985530731475 0.6433449617239471 0.6842904088779093
v 0.2165310000000000 0.4486520000000000 0.0374060000000000
vn 0.1686963589536741 0.7443145879857056 0.6461712873437218
v 0.2091850000000000 0.4549340000000000 0.0336640000000000
vn 0.3512979278533795 0.4516877205314012 0.8201024137307906
v 0.2169290000000000 0.4358600000000000 0.0464890000000000
vn 0.5885604148723673 0.3556108848599819 0.7260423793514864
v 0.2255990000000000 0.4320560000000000 0.0431930000000000
vn 0.4915071711714467 0.5089883190231238 0.7066481385987349
v 0.2222400000000000 0.4410540000000000 0.0402800000000000
vn 0.4768424598519257 0.8709459227801191 0.1186358633594884
v 0.2306710000000000 0.2623760000000000 0.0082880000000000
vn 0.6687056800062726 0.7373679559508893 0.0955050316169553
v 0.2217210000000000 0.2684140000000000 0.0115080000000000
vn 0.6630538587471286 0.7416633608463411 0.1014644744659559
v 0.2198500000000000 0.2678900000000000 0.0295650000000000
vn 0.5403859095306771 0.8317926203123706 0.1269019526035103
v 0.2302040000000000 0.2601510000000000 0.0271520000000000
vn 0.5922273712868403 0.7993370193807793 0.1016221931771332
v 0.2253640000000000 0.2646560000000000 0.0184630000000000
vn 0.6885752920084782 0.7214477265447967 0.0733297013411567
v 0.2226240000000000 0.2693190000000000 -0.0050360000000000
vn 0.8856872752599648 0.4479300697760816 0.1221339552826078
v 0.2173720000000000 0.2753970000000000 0.0016050000000000
vn 0.8258428779391410 0.5430335093394790 0.1519807510563332
v 0.2150060000000000 0.2750080000000000 0.0179630000000000
vn 0.7752043926505969 0.6225944892023577 0.1069310601746498
v 0.2191130000000000 0.2718500000000000 0.0059880000000000
vn 0.9253561193541689 0.2678183271166241 0.2683083972488483
v 0.2096200000000000 0.2822460000000000 0.0267010000000000
vn 0.8460562568134024 0.4603286454477450 0.2688612067352565
v 0.2047000000000000 0.2827770000000000 0.0422600000000000
vn 0.7583647312662676 0.6355520806218286 0.1447635561483157
v 0.2116660000000000 0.2753910000000000 0.0349410000000000
vn 0.8483289680361030 0.4878025395063798 0.2058801701036969
v 0.2102290000000000 0.2786850000000000 0.0302620000000000
vn 0.7055483369958838 0.6969594195386755 0.1282540902999024
v 0.2075630000000000 0.2765620000000000 0.0521930000000000
vn 0.6706003059912646 0.7340560276665613 0.1070372731846750
v 0.2171690000000000 0.2678070000000000 0.0487170000000000
vn 0.6985574347464988 0.7067928780278037 0.1116303629375335
v 0.2139690000000000 0.2719130000000000 0.0410060000000000
vn 0.9231355206430507 0.3829761809256199 0.0339124663023895
v 0.2182880000000000 0.2764730000000000 -0.0137770000000000
vn 0.9935374231334073 0.0715483502044166 0.0881148251797320
v 0.2159300000000000 0.2847920000000000 -0.0049270000000000
vn 0.9693454041917229 0.1254802750390081 0.2112443796850468
v 0.2135320000000000 0.2828510000000000 0.0108810000000000
vn 0.9621567761458314 0.2433231557057861 0.1226710235305717
v 0.2163360000000000 0.2794810000000000 -0.0019390000000000
vn 0.9834734267593217 0.1109101641499975 -0.1431046971503655
v 0.2154660000000000 0.2880860000000000 -0.0207600000000000
vn 0.9841657517279027 -0.1540571604048468 -0.0876593660360799
v 0.2175200000000000 0.3022290000000000 -0.0093120000000000
vn 0.9766843020987162 -0.1555475701148809 0.1479619122115557
v 0.2153840000000000 0.2956880000000000 0.0066020000000000
vn 0.9995357375407075 -0.0218340478589735 0.0212504995952092
v 0.2160790000000000 0.2920130000000000 -0.0076390000000000
vn 0.9212629455503443 -0.2960567878895403 0.2522398927616945
v 0.2162580000000000 0.3092040000000000 0.0196560000000000
vn 0.8779064022619001 -0.2643527254240043 0.3992467725961827
v 0.2091330000000000 0.3032810000000000 0.0338650000000000
vn 0.9531297370476256 -0.1134055707362785 0.2805046895891458
v 0.2109030000000000 0.2920630000000000 0.0220070000000000
vn 0.9289186574211635 -0.2439685853170943 0.2785488418091855
v 0.2130160000000000 0.2994380000000000 0.0206060000000000
vn 0.9152840377753831 -0.0139590239421591 0.4025671072556391
v 0.2050970000000000 0.2904250000000000 0.0367090000000000
vn 0.9524491765119958 0.0391227585389862 0.3021754058918784
v 0.2098080000000000 0.2865180000000000 0.0239940000000000
vn 0.8433676681702503 -0.1787026877431466 0.5067507530122181
v 0.2011250000000000 0.2999680000000000 0.0468840000000000
vn 0.7644087152478897 -0.0125488585851302 0.6446098371893506
v 0.1925310000000000 0.2987130000000000 0.0582980000000000
vn 0.8656913711704244 0.2054629685880500 0.4564684199592085
v 0.1984250000000000 0.2903960000000000 0.0504180000000000
vn 0.8561757271943645 -0.0317552367231008 0.5157079882102477
v 0.1993280000000000 0.2945080000000000 0.0483360000000000
vn 0.8077680194028247 -0.2870275552839778 0.5149038835916280
v 0.2076990000000000 0.3167540000000000 0.0450920000000000
vn 0.7144849987167330 -0.2247330204637145 0.6625754720196075
v 0.1974080000000000 0.3112630000000000 0.0560820000000000
vn 0.8118016046252979 -0.2583504362484896 0.5236728051159488
v 0.2038920000000000 0.3072320000000000 0.0458690000000000
vn 0.5549070086814895 -0.1788374275281841 0.8124625445097533
v 0.1937640000000000 0.3247360000000000 0.0632760000000000
vn 0.3405075156439510 -0.0608644384650364 0.9382697650038182
v 0.1811690000000000 0.3194670000000000 0.0689850000000000
vn 0.5910365976041658 -0.1041456547018866 0.7998933822074081
v 0.1868170000000000 0.3082330000000000 0.0648150000000000
vn 0.5788776340608994 -0.1687666869150387 0.7977584159203693
v 0.1897970000000000 0.3153510000000000 0.0639660000000000
vn 0.3827501016844093 0.1528348785892637 0.9111223076772840
v 0.1759700000000000 0.3072620000000000 0.0709240000000000
vn 0.6553464794789899 0.2909080105883334 0.6970606295079588
v 0.1834650000000000 0.2991990000000000 0.0677780000000000
vn 0.6156615408164793 0.0484942766109222 0.7865171150683640
v 0.1847360000000000 0.3029830000000000 0.0660190000000000
vn 0.7392119593180477 0.6361349660034148 0.2211288860122241
v 0.1990420000000000 0.2844120000000000 0.0572970000000000
vn 0.6446716834347292 0.7448361943278469 0.1720972521472729
v 0.1925430000000000 0.2870830000000000 0.0714540000000000
vn 0.6722130194276930 0.7297321138338491 0.1249827930216255
v 0.2025960000000000 0.2785230000000000 0.0692790000000000
vn 0.6874881993314326 0.7107417580396154 0.1490172109482034
v 0.2004740000000000 0.2816720000000000 0.0625390000000000
vn 0.7578820017958348 0.4961368611963561 0.4236308373055083
v 0.1911010000000000 0.2917780000000000 0.0628750000000000
vn 0.8181524800077430 0.4628672359792932 0.3411457772185796
v 0.1983440000000000 0.2871760000000000 0.0533310000000000
vn 0.4849714589691482 0.6514639706088884 0.5834358396463462
v 0.1737190000000000 0.3011720000000000 0.0749660000000000
vn 0.6068581953774137 0.7313444353254966 0.3112208984334103
v 0.1829920000000000 0.2944210000000000 0.0737450000000000
vn 0.6511384733045004 0.5606852682609932 0.5115180529930324
v 0.1829120000000000 0.2964780000000000 0.0702870000000000
vn 0.4838622254441655 0.8538350417464290 0.1919454825571405
v 0.1735230000000000 0.2981420000000000 0.0826310000000000
vn 0.5670697539837962 0.8087325410671198 0.1561523971505918
v 0.1846860000000000 0.2906940000000000 0.0842920000000000
vn 0.5757600693008330 0.7943554955690831 0.1936483649760468
v 0.1836130000000000 0.2926270000000000 0.0783480000000000
vn 0.7651929732747860 0.3148491122570278 -0.5615601037839619
v 0.2090760000000000 0.2898560000000000 -0.0356920000000000
vn 0.5726097650027567 0.4552167503776111 -0.6818326533682114
v 0.1973670000000000 0.2899410000000000 -0.0479160000000000
vn 0.5050276232496688 0.2306473430840664 -0.8317144358991563
v 0.1904510000000000 0.3032130000000000 -0.0469610000000000
vn 0.7149684663547858 0.0682749502620604 -0.6958150783685265
v 0.2049800000000000 0.3060900000000000 -0.0357110000000000
vn 0.6311523920844829 0.2746178524008313 -0.7254182883749144
v 0.2009000000000000 0.2964530000000000 -0.0413250000000000
vn 0.5690184868325259 0.6412842387608614 -0.5147547831343827
v 0.2036980000000000 0.2800370000000000 -0.0509920000000000
vn 0.4656171555414342 0.6783151171203731 -0.5684094178947764
v 0.1919220000000000 0.2817520000000000 -0.0600810000000000
vn 0.4491748121383012 0.5379393857593661 -0.7133464834071573
v 0.1836310000000000 0.2911430000000000 -0.0570080000000000
vn 0.5143077631355746 0.5884516274201833 -0.6238687417758799
v 0.1944540000000000 0.2852320000000000 -0.0541690000000000
vn 0.3671657759552904 0.6028874257820339 -0.7083191687375558
v 0.1684080000000000 0.2936810000000000 -0.0637820000000000
vn 0.2788165709401208 0.4632384863872619 -0.8412320871785807
v 0.1593690000000000 0.3040070000000000 -0.0604060000000000
vn 0.3736766198938696 0.3505924071974740 -0.8587495256244239
v 0.1751280000000000 0.3027560000000000 -0.0549530000000000
vn 0.3720508235029752 0.4952299687839600 -0.7850639864042905
v 0.1717600000000000 0.2974950000000000 -0.0591920000000000
vn 0.2794864167114710 0.1890794841521680 -0.9413481245248924
v 0.1664990000000000 0.3166140000000000 -0.0541330000000000
vn 0.3842231529878722 0.0710003496060112 -0.9205061211441684
v 0.1830720000000000 0.3196670000000000 -0.0482980000000000
vn 0.3868694342239382 0.2230037857655011 -0.8947632940602248
v 0.1788030000000000 0.3099770000000000 -0.0512580000000000
vn 0.4192208190828913 0.7942931218523706 -0.4397184797407144
v 0.2006110000000000 0.2742070000000000 -0.0632190000000000
vn 0.3840807688069718 0.7483500807066279 -0.5407902733398865
v 0.1871150000000000 0.2764420000000000 -0.0709040000000000
vn 0.3996573853667720 0.6862523944094494 -0.6077266042301364
v 0.1774410000000000 0.2845600000000000 -0.0675050000000000
vn 0.4223912095681984 0.7286247177258321 -0.5391583132981124
v 0.1895330000000000 0.2789260000000000 -0.0656460000000000
vn 0.3274547682327444 0.8154227063741665 -0.4773459800721794
v 0.1989700000000000 0.2692630000000000 -0.0735150000000000
vn 0.3132145508742208 0.6907211163886570 -0.6517675847228577
v 0.1814900000000000 0.2712570000000000 -0.0806530000000000
vn 0.3542011142856139 0.6890635849437114 -0.6322443724884786
v 0.1698640000000000 0.2798550000000000 -0.0777230000000000
vn 0.3482831239146686 0.7361518942787627 -0.5803268511330738
v 0.1844910000000000 0.2739900000000000 -0.0758930000000000
vn 0.3216074662345561 0.6443733540620380 -0.6937950837509792
v 0.1492050000000000 0.2843730000000000 -0.0838780000000000
vn 0.3121656332968238 0.7113409398696161 -0.6297195285631566
v 0.1417860000000000 0.2935610000000000 -0.0779730000000000
vn 0.3538283288829823 0.6936862686972535 -0.6273793703181177
v 0.1605850000000000 0.2885290000000000 -0.0734530000000000
vn 0.3406964705860849 0.6846247253163671 -0.6443717098194750
v 0.1554940000000000 0.2864990000000000 -0.0785630000000000
vn 0.3094368217816552 0.6682093556038767 -0.6765686294893667
v 0.1520250000000000 0.2973730000000000 -0.0684620000000000
vn 0.3614907908423168 0.6673884534702081 -0.6510891339216470
v 0.1647870000000000 0.2908080000000000 -0.0685310000000000
vn 0.2678904686811664 0.7349047505658182 -0.6230166164602495
v 0.1349380000000000 0.3020980000000000 -0.0710450000000000
vn 0.1642672012580538 0.7002725189519239 -0.6947191416619909
v 0.1278780000000000 0.3102910000000000 -0.0642510000000000
vn 0.2067153757729784 0.5791573751474330 -0.7885718028381258
v 0.1435070000000000 0.3066050000000000 -0.0634670000000000
vn 0.2437798001447823 0.6808017851853484 -0.6907100247787146
v 0.1396080000000000 0.3039550000000000 -0.0670340000000000
vn 0.2588063860515491 0.7403390339847462 -0.6204170930087833
v 0.1218770000000000 0.2993510000000000 -0.0804390000000000
vn 0.2285965558676308 0.7904568784984288 -0.5682618567878521
v 0.1177000000000000 0.3075680000000000 -0.0713680000000000
vn 0.2724480703623407 0.7502245008272312 -0.6024410737278533
v 0.1291450000000000 0.3006820000000000 -0.0755090000000000
vn 0.1809637242351567 0.8373814049700061 -0.5157950301441463
v 0.1009040000000000 0.3133620000000000 -0.0691640000000000
vn 0.1325598122208990 0.8838092575852404 -0.4486748180927767
v 0.0989090000000000 0.3194710000000000 -0.0588230000000000
vn 0.1431101924097100 0.8066536274584215 -0.5734364813443821
v 0.1128890000000000 0.3147330000000000 -0.0627280000000000
vn 0.1806647622143056 0.8345851576146109 -0.5204112396782408
v 0.1075780000000000 0.3139280000000000 -0.0657410000000000
vn -0.0506508648952816 0.7737297675042241 -0.6314877170327380
v 0.1078460000000000 0.3211710000000000 -0.0546360000000000
vn -0.0275129798807565 0.5927556918895296 -0.8049122471863912
v 0.1207790000000000 0.3184250000000000 -0.0578970000000000
vn 0.0663406709357359 0.7295620491866589 -0.6806894532504228
v 0.1171770000000000 0.3161170000000000 -0.0601170000000000
vn 0.1570666107975779 0.3188143582783496 -0.9347125144813919
v 0.1503970000000000 0.3157390000000000 -0.0576700000000000
vn -0.0058187399398693 0.1678947635921622 -0.9857877513054442
v 0.1420450000000000 0.3289490000000000 -0.0553140000000000
vn 0.1248169968395113 0.0704437592719591 -0.9896759035561083
v 0.1583980000000000 0.3325560000000000 -0.0538700000000000
vn 0.1381094655006082 0.1806643277694807 -0.9737998645567466
v 0.1540850000000000 0.3229930000000000 -0.0555050000000000
vn 0.0450170986259089 0.4286562624737862 -0.9023454269143883
v 0.1350610000000000 0.3164740000000000 -0.0589100000000000
vn 0.1698909543929012 0.4411833823013842 -0.8811891322506081
v 0.1469870000000000 0.3104050000000000 -0.0603350000000000
vn -0.2813745603763770 0.4536891937061827 -0.8455734576529909
v 0.1143550000000000 0.3267680000000000 -0.0517180000000000
vn -0.1124317188201394 0.2946316185006650 -0.9489738236552302
v 0.1272850000000000 0.3271810000000000 -0.0545980000000000
vn -0.1032339751748312 0.4304952287669655 -0.8966697298216777
v 0.1240350000000000 0.3219990000000000 -0.0560620000000000
vn -0.3457929769669745 0.2295945187812469 -0.9097876532608723
v 0.1210370000000000 0.3389320000000000 -0.0500050000000000
vn -0.1602731202322438 0.1245782941137008 -0.9791796441750312
v 0.1351220000000000 0.3437470000000000 -0.0527580000000000
vn -0.1602947614449176 0.1875089465699102 -0.9690954464909839
v 0.1308670000000000 0.3343170000000000 -0.0535000000000000
vn 0.3493659808144161 0.8729385129924546 0.3404728535200760
v 0.1626780000000000 0.3043590000000000 0.0794760000000000
vn 0.3200830854900399 0.9288429417304843 0.1865411696667411
v 0.1499580000000000 0.3085180000000000 0.0818460000000000
vn 0.4018580946870098 0.9020511483592260 0.1575239584264180
v 0.1616390000000000 0.3027150000000000 0.0892140000000000
vn 0.3927709308905817 0.8981527535312762 0.1976173756822322
v 0.1621170000000000 0.3034670000000000 0.0837150000000000
vn 0.2024376658017845 0.4959656971956292 0.8444151932965076
v 0.1646100000000000 0.3080110000000000 0.0740240000000000
vn 0.1547160718008806 0.8019632356280600 0.5769903862522123
v 0.1525640000000000 0.3101570000000000 0.0746670000000000
vn 0.3011086035094018 0.7372433085285816 0.6048189091971652
v 0.1634620000000000 0.3057520000000000 0.0763080000000000
vn -0.1407148590626207 0.6388179011916215 0.7563802070097541
v 0.1433220000000000 0.3162570000000000 0.0683090000000000
vn -0.0309275796134609 0.8817529583924354 0.4706965107003037
v 0.1305250000000000 0.3181710000000000 0.0638490000000000
vn 0.2050828655172851 0.9378620749840358 0.2799209648773341
v 0.1396070000000000 0.3134150000000000 0.0733220000000000
vn 0.0486464130301834 0.8493036242193979 0.5256585207024543
v 0.1414450000000000 0.3143180000000000 0.0703960000000000
vn 0.2643305092495234 0.9589467453570520 0.1027157312635443
v 0.1256350000000000 0.3174920000000000 0.0702300000000000
vn 0.3065992329540672 0.9460496286509027 0.1048189414250426
v 0.1352470000000000 0.3134090000000000 0.0824170000000000
vn 0.2819835741819978 0.9487488357426489 0.1426916625753375
v 0.1376100000000000 0.3132200000000000 0.0772680000000000
vn -0.4828925553022232 0.2771658220476637 0.8306587067636936
v 0.1410050000000000 0.3352310000000000 0.0591320000000000
vn -0.3333093899050998 0.2895633194519512 0.8972502073719779
v 0.1480090000000000 0.3245420000000000 0.0659260000000000
vn -0.1862797541505808 0.1618704509413489 0.9690705909817114
v 0.1615480000000000 0.3276340000000000 0.0692260000000000
vn -0.3641953010981054 0.2070254184724350 0.9080210673571255
v 0.1552890000000000 0.3408750000000000 0.0647190000000000
vn -0.3571916707576145 0.2291061372902542 0.9054968184357819
v 0.1512240000000000 0.3315390000000000 0.0652660000000000
vn -0.3933132017083164 0.4681787713416878 0.7912732545884140
v 0.1350410000000000 0.3232550000000000 0.0606090000000000
vn -0.1075758157155285 0.3546370787875712 0.9287949107430318
v 0.1559680000000000 0.3156140000000000 0.0709550000000000
vn -0.2717802153129860 0.4207293900761578 0.8655185121593710
v 0.1454430000000000 0.3195560000000000 0.0668800000000000
vn 0.0643748170308167 0.1304658259154239 0.9893606780140674
v 0.1685590000000000 0.3165650000000000 0.0713580000000000
vn 0.1139718249029045 0.2655986419709932 0.9573232393039803
v 0.1662630000000000 0.3114940000000000 0.0724360000000000
vn 0.0379189601065484 0.0453992011099926 0.9982489995001310
v 0.1756500000000000 0.3329160000000000 0.0699800000000000
vn 0.0436102057866011 0.0683630407720494 0.9967069000501850
v 0.1716420000000000 0.3235850000000000 0.0706020000000000
vn -0.5545320435475564 0.3722866118885442 0.7442424949487363
v 0.1278970000000000 0.3316160000000000 0.0517730000000000
vn -0.5686729859654669 0.5215765788510530 0.6360573145771939
v 0.1160040000000000 0.3296640000000000 0.0431020000000000
vn -0.3379734328677020 0.7089467763832934 0.6190059991077288
v 0.1226430000000000 0.3234230000000000 0.0536910000000000
vn -0.4889846395201408 0.5000331488308817 0.7147453199452455
v 0.1251170000000000 0.3266450000000000 0.0525420000000000
vn -0.5871512789347876 0.2920016694425565 0.7549757616559640
v 0.1353500000000000 0.3480030000000000 0.0507580000000000
vn -0.6585958699841654 0.3419469777443594 0.6703161526110637
v 0.1222240000000000 0.3416800000000000 0.0419720000000000
vn -0.5794313203045705 0.3131249392779268 0.7524706754766574
v 0.1312260000000000 0.3386360000000000 0.0512300000000000
vn -0.7361541324969436 0.3469871903441111 0.5810998046332247
v 0.1185030000000000 0.3536930000000000 0.0313580000000000
vn -0.7920562013468072 0.3898849461491745 0.4697198129463151
v 0.1078890000000000 0.3464010000000000 0.0210160000000000
vn -0.7034397945753176 0.4214166308975610 0.5723464672825227
v 0.1109310000000000 0.3372420000000000 0.0321810000000000
vn -0.7280252481816539 0.3669439347720878 0.5790780489226119
v 0.1143330000000000 0.3442930000000000 0.0317640000000000
vn -0.7023102063743062 0.5543988576487003 0.4465448249171584
v 0.1015340000000000 0.3343460000000000 0.0218000000000000
vn -0.4835312221603191 0.7325068102665026 0.4791986332507034
v 0.1053800000000000 0.3290370000000000 0.0334720000000000
vn -0.6387899472338261 0.5383282384812633 0.5496818270296607
v 0.1080330000000000 0.3322520000000000 0.0327140000000000
vn 0.1162294912070570 0.9712372790033520 0.2078192802603109
v 0.1176290000000000 0.3210270000000000 0.0577540000000000
vn 0.2223814898024183 0.9720844029657542 0.0748223663350087
v 0.1047350000000000 0.3244900000000000 0.0500930000000000
vn 0.2715290999142906 0.9608214284560647 0.0556249091629148
v 0.1108970000000000 0.3220330000000000 0.0652010000000000
vn 0.2373614536362064 0.9670991698332951 0.0915354359549265
v 0.1146000000000000 0.3212550000000000 0.0609780000000000
vn -0.1585771224197078 0.9123327278278380 0.3774947549030334
v 0.1108550000000000 0.3247120000000000 0.0454570000000000
vn -0.0980783502228791 0.9013368460591171 0.4218679024929033
v 0.1202280000000000 0.3216510000000000 0.0553770000000000
vn -0.2654180329390034 0.9245091476318148 0.2735618828270586
v 0.0960930000000000 0.3294000000000000 0.0231630000000000
vn 0.0287226408106612 0.9838364225424523 0.1767509648735505
v 0.0997600000000000 0.3267850000000000 0.0360890000000000
vn -0.2148344658442556 0.9189432573077815 0.3307407476165852
v 0.1027090000000000 0.3273090000000000 0.0345620000000000
vn 0.1788262212157436 0.9822144598772363 0.0572358053474112
v 0.0894390000000000 0.3292870000000000 0.0257660000000000
vn 0.2547628870191245 0.9665778380230154 0.0286906681768519
v 0.0919790000000000 0.3281910000000000 0.0408860000000000
vn 0.1994739268798768 0.9776331585924574 0.0666600308705063
v 0.0962710000000000 0.3271740000000000 0.0381610000000000
vn -0.0046648875304052 0.9948839985830493 0.1009161443364332
v 0.0881870000000000 0.3304140000000000 0.0124840000000000
vn 0.1497077246928884 0.9886628342957443 0.0115497727070296
v 0.0813310000000000 0.3316780000000000 0.0014560000000000
vn 0.2293612283382689 0.9732588184115775 0.0126767235222908
v 0.0798880000000000 0.3318400000000000 0.0148180000000000
vn 0.1721612198735870 0.9843553119289242 0.0374851203672673
v 0.0844710000000000 0.3308110000000000 0.0134890000000000
vn -0.5950094289799568 0.7520446926196923 0.2835358173626365
v 0.0941020000000000 0.3326670000000000 0.0111910000000000
vn -0.3361199916371517 0.9358588473285341 0.1057902126793806
v 0.0883390000000000 0.3318640000000000 0.0004550000000000
vn -0.3063729623862560 0.9307585624502391 0.1995597813795004
v 0.0913080000000000 0.3309390000000000 0.0117370000000000
vn -0.6033506346940135 0.7974649053682784 0.0042114510912271
v 0.0900620000000000 0.3338730000000000 -0.0106170000000000
vn -0.3526261538247023 0.9266899280635775 -0.1300022033056330
v 0.0877930000000000 0.3316360000000000 -0.0209960000000000
vn -0.0101507030137938 0.9997773715997860 -0.0184978502899481
v 0.0839070000000000 0.3315320000000000 -0.0103890000000000
vn -0.2946334185388703 0.9555952694843383 -0.0053693220478865
v 0.0871730000000000 0.3321160000000000 -0.0105140000000000
vn 0.0996048258071286 0.9912677309906714 -0.0864127546866631
v 0.0803960000000000 0.3311850000000000 -0.0213980000000000
vn 0.1818151814140983 0.9822913032716367 -0.0452441744787972
v 0.0751260000000000 0.3327010000000000 -0.0099620000000000
vn 0.1410700658143766 0.9894820150350138 -0.0320090370579317
v 0.0799850000000000 0.3318240000000000 -0.0102140000000000
vn -0.8219077790818330 0.4609518896237451 0.3346505014744003
v 0.0997910000000000 0.3408790000000000 0.0104520000000000
vn -0.7803614297619951 0.5954074015830709 0.1911179350032611
v 0.0939470000000000 0.3368190000000000 -0.0001290000000000
vn -0.7556437339648666 0.5702328378350551 0.3222375800154500
v 0.0968390000000000 0.3358860000000000 0.0107830000000000
vn -0.8556088527570840 0.3907625890484943 0.3394673623248986
v 0.1074160000000000 0.3573340000000000 0.0097800000000000
vn -0.8842490021509151 0.4232263253618064 0.1974415855787565
v 0.1003530000000000 0.3488470000000000 -0.0006360000000000
vn -0.8410308510234775 0.4105072755976981 0.3523505134210545
v 0.1032260000000000 0.3479330000000000 0.0101390000000000
vn -0.9150004639226942 0.4033525771046241 0.0089916385777382
v 0.1034600000000000 0.3584680000000000 -0.0113680000000000
vn -0.8899720769250741 0.4141065345527825 -0.1909593682812005
v 0.0999970000000000 0.3486440000000000 -0.0209390000000000
vn -0.8784202671153311 0.4777998916904232 0.0092248480556810
v 0.0958330000000000 0.3420700000000000 -0.0108690000000000
vn -0.9054236536133919 0.4244108160406348 0.0091360114436755
v 0.0992740000000000 0.3490970000000000 -0.0110740000000000
vn -0.7930436517306531 0.5818082006293921 -0.1805020335899280
v 0.0935640000000000 0.3366570000000000 -0.0208020000000000
vn -0.8014748812241143 0.5976436464166984 0.0214496308719842
v 0.0928560000000000 0.3370930000000000 -0.0107260000000000
vn -0.8014015195418931 0.4469453066742337 -0.3974864743834939
v 0.0990800000000000 0.3404360000000000 -0.0300040000000000
vn -0.6230910093444695 0.5309136837081362 -0.5743589944673515
v 0.1003700000000000 0.3334460000000000 -0.0385540000000000
vn -0.5789787102398062 0.7396122061676437 -0.3431580358623144
v 0.0932020000000000 0.3322020000000000 -0.0304210000000000
vn -0.7335353815559409 0.5626008816048481 -0.3813215074225789
v 0.0960690000000000 0.3354580000000000 -0.0301470000000000
vn -0.8368526650287457 0.3619039032547112 -0.4107349289301930
v 0.1067090000000000 0.3567860000000000 -0.0301390000000000
vn -0.7109445569601066 0.3352339411871598 -0.6182038835246196
v 0.1068750000000000 0.3454520000000000 -0.0380200000000000
vn -0.8278671283474643 0.3875625320348851 -0.4055012966248465
v 0.1025290000000000 0.3474420000000000 -0.0299990000000000
vn -0.5449006692852939 0.2469249409590555 -0.8013184973185168
v 0.1172380000000000 0.3519820000000000 -0.0445850000000000
vn -0.4886269818389944 0.3595357816949080 -0.7949702474306485
v 0.1095560000000000 0.3355990000000000 -0.0451740000000000
vn -0.5419456375105324 0.2863027537478848 -0.7901428093577011
v 0.1130420000000000 0.3426290000000000 -0.0447660000000000
vn -0.3460593134395961 0.6661886582327994 -0.6606327445893807
v 0.1034610000000000 0.3272040000000000 -0.0466910000000000
vn -0.4663755308861802 0.4918563005307014 -0.7352355022840544
v 0.1064670000000000 0.3305660000000000 -0.0458130000000000
vn -0.0668611737184517 0.9773950681709195 -0.2005703471706487
v 0.0867260000000000 0.3296280000000000 -0.0313400000000000
vn 0.0803485995590241 0.9630423068791159 -0.2570867902282310
v 0.0863490000000000 0.3272890000000000 -0.0418170000000000
vn 0.1299147980568472 0.9777866306226901 -0.1644854103602368
v 0.0773020000000000 0.3302540000000000 -0.0327110000000000
vn 0.0831345531400332 0.9828961473922848 -0.1643283588295434
v 0.0825290000000000 0.3296940000000000 -0.0319720000000000
vn -0.2614096200729024 0.8713924419372684 -0.4151387992803673
v 0.0943360000000000 0.3282330000000000 -0.0398160000000000
vn -0.3233129325775804 0.9060405283383608 -0.2730555046806944
v 0.0901860000000000 0.3303620000000000 -0.0308210000000000
vn 0.0005551044861920 0.9076290887756103 -0.4197727111990066
v 0.0964520000000000 0.3241970000000000 -0.0491830000000000
vn -0.1673327210763257 0.8252949498586827 -0.5393403435632709
v 0.1002270000000000 0.3251900000000000 -0.0478130000000000
vn 0.1225516241649815 0.9300033365543134 -0.3465182439820007
v 0.0860240000000000 0.3239800000000000 -0.0526930000000000
vn 0.0964301638316592 0.9295876317594756 -0.3557640487503046
v 0.0918210000000000 0.3239030000000000 -0.0508070000000000
vn 0.2916861170665112 0.9372815217469330 0.1908469494186774
v 0.2435030000000000 0.2571590000000000 0.0091260000000000
vn 0.2280254843313978 0.9611455388519309 0.1555751639576925
v 0.2414410000000000 0.2609450000000000 -0.0079170000000000
vn 0.4309666963890123 0.8973935184275161 0.0946180727336173
v 0.2300830000000000 0.2645420000000000 -0.0081490000000000
vn 0.3335008397087756 0.9317015379574153 0.1439077276636965
v 0.2359280000000000 0.2612130000000000 -0.0003720000000000
vn 0.0416163453138014 0.9684009879759743 0.2459016191282179
v 0.2584430000000000 0.2585680000000000 -0.0050240000000000
vn 0.0202669951050790 0.9856480655775561 0.1675921827909413
v 0.2544480000000000 0.2622140000000000 -0.0212750000000000
vn 0.1902952243195950 0.9761536748717224 0.1044592295375886
v 0.2389180000000000 0.2635700000000000 -0.0229780000000000
vn 0.1086600911311650 0.9793610156799351 0.1704258946338058
v 0.2475120000000000 0.2613520000000000 -0.0147510000000000
vn 0.1687518142912010 0.9854126769925536 0.0220154762791379
v 0.2365940000000000 0.2650060000000000 -0.0364290000000000
vn 0.3923367037800456 0.9197482352806289 -0.0116230187635414
v 0.2264920000000000 0.2674660000000000 -0.0356080000000000
vn 0.4077975000759586 0.9116067143587496 0.0517145750039922
v 0.2286100000000000 0.2662990000000000 -0.0226630000000000
vn 0.2602348447974735 0.9640838058558440 0.0531059397783898
v 0.2320980000000000 0.2655120000000000 -0.0298760000000000
vn 0.7132459666524279 0.7007755593139744 0.0139214410974626
v 0.2221950000000000 0.2705090000000000 -0.0196550000000000
vn 0.5617035764271682 0.8255553722450530 0.0542901426251586
v 0.2256210000000000 0.2675180000000000 -0.0144840000000000
vn -0.0380696628917892 0.9777858801907319 0.2061200457668813
v 0.2759800000000000 0.2622420000000000 -0.0191770000000000
vn -0.0386866079458802 0.9961506291649237 0.0786592040384871
v 0.2717490000000000 0.2643390000000000 -0.0342450000000000
vn 0.0156807152907157 0.9974956833975708 0.0689672151908763
v 0.2516810000000000 0.2640230000000000 -0.0357340000000000
vn -0.0197995096519758 0.9906819561277225 0.1347488078629666
v 0.2625510000000000 0.2633080000000000 -0.0278940000000000
vn -0.0459513798458421 0.9959711132962444 0.0770065722500517
v 0.2941630000000000 0.2653440000000000 -0.0332360000000000
vn -0.0312610424492359 0.9967627815304118 -0.0740722929356430
v 0.2947070000000000 0.2653810000000000 -0.0442500000000000
vn -0.0228560986372332 0.9976829648260341 -0.0640804217450185
v 0.2717060000000000 0.2644430000000000 -0.0471290000000000
vn -0.0423984087530168 0.9990916596882856 0.0042697162105706
v 0.2819690000000000 0.2650120000000000 -0.0399650000000000
vn 0.0037709629691487 0.9781327316318497 -0.2079474432367495
v 0.2751720000000000 0.2628050000000000 -0.0590110000000000
vn 0.0514351320550860 0.9861930915049764 -0.1574090640920443
v 0.2504960000000000 0.2631290000000000 -0.0598880000000000
vn 0.0277833698664622 0.9988002707940052 -0.0403249726681269
v 0.2506740000000000 0.2642410000000000 -0.0484670000000000
vn 0.0080681503336882 0.9930501340172666 -0.1174152301811052
v 0.2613480000000000 0.2636810000000000 -0.0539310000000000
vn 0.1416298181243103 0.9892755573758161 -0.0357052684746016
v 0.2345520000000000 0.2653740000000000 -0.0485160000000000
vn 0.0693158980985140 0.9974944621840907 0.0141458185648019
v 0.2426040000000000 0.2646320000000000 -0.0426300000000000
vn 0.1531384306408990 0.9791165375042873 -0.1337139747612723
v 0.2317130000000000 0.2649450000000000 -0.0590790000000000
vn 0.3418549060636638 0.9099294427515329 -0.2348693943750199
v 0.2187920000000000 0.2682000000000000 -0.0572510000000000
vn 0.3969180613409469 0.9108615883262334 -0.1130805884896056
v 0.2234970000000000 0.2680230000000000 -0.0471250000000000
vn 0.2558248146830586 0.9605882344308248 -0.1087377950183359
v 0.2267590000000000 0.2664940000000000 -0.0533260000000000
vn 0.0752846544025060 0.9521105478354175 -0.2963405566439338
v 0.2482390000000000 0.2610370000000000 -0.0697830000000000
vn 0.1716180666697583 0.9478799091114409 -0.2684602709814269
v 0.2261830000000000 0.2640850000000000 -0.0681330000000000
vn 0.1057274125369509 0.9738654829370825 -0.2010167539832544
v 0.2387450000000000 0.2631910000000000 -0.0645200000000000
vn 0.1923350765514045 0.8679987513610977 -0.4578049649834966
v 0.2156780000000000 0.2632440000000000 -0.0757490000000000
vn 0.3246042418906703 0.8831329167713422 -0.3386861931958919
v 0.2111040000000000 0.2684360000000000 -0.0659750000000000
vn 0.2444412806607270 0.8958620213834462 -0.3710521512560056
v 0.2128970000000000 0.2660350000000000 -0.0710300000000000
vn 0.4876923467532821 0.8024856876337059 -0.3437628485763620
v 0.2101580000000000 0.2730830000000000 -0.0544560000000000
vn 0.4119833323608745 0.8446601614591821 -0.3417878662278364
v 0.2102200000000000 0.2707000000000000 -0.0604840000000000
vn 0.6982630962108458 0.7097672654231931 -0.0930541638172396
v 0.2203690000000000 0.2716560000000000 -0.0327050000000000
vn 0.9021354352819163 0.4052694748122879 -0.1480145573721723
v 0.2168750000000000 0.2780920000000000 -0.0277280000000000
vn 0.8391683062730116 0.5420050806384149 -0.0450227310258976
v 0.2194590000000000 0.2738850000000000 -0.0239410000000000
vn 0.6009101738741995 0.7639280980542825 -0.2352037923538772
v 0.2165510000000000 0.2724550000000000 -0.0443230000000000
vn 0.5222679193173408 0.8462842738042788 -0.1050673515584171
v 0.2215400000000000 0.2697230000000000 -0.0403430000000000
vn 0.7442671418531487 0.5394169957034800 -0.3938219474635421
v 0.2121240000000000 0.2792400000000000 -0.0402020000000000
vn 0.6084359000221080 0.6956190094412694 -0.3819946979582757
v 0.2108330000000000 0.2758360000000000 -0.0477910000000000
vn 0.8870522443864176 0.3258378864512735 -0.3270596084538508
v 0.2139080000000000 0.2835750000000000 -0.0314030000000000
vn 0.3948778884520788 0.8931379398229939 0.2153510475023643
v 0.2444210000000000 0.2524040000000000 0.0285780000000000
vn 0.1887635839634317 0.9054709642918508 0.3801192473338681
v 0.2636380000000000 0.2452870000000000 0.0335090000000000
vn 0.0907134910715585 0.9454069820367709 0.3130123014415491
v 0.2624810000000000 0.2529660000000000 0.0134170000000000
vn 0.2308298748272713 0.9346949660833055 0.2703014784749700
v 0.2531540000000000 0.2520140000000000 0.0206230000000000
vn 0.3453220204102875 0.8403723615018917 0.4177642831112912
v 0.2612560000000000 0.2361230000000000 0.0546580000000000
vn 0.2031090322460089 0.7727290904139207 0.6013621819238091
v 0.2821270000000000 0.2251450000000000 0.0610030000000000
vn 0.0712654817458287 0.8522558164741433 0.5182482555663127
v 0.2879930000000000 0.2389490000000000 0.0400350000000000
vn 0.1745566565019956 0.8595474699816504 0.4803208516387648
v 0.2737110000000000 0.2364930000000000 0.0471720000000000
vn 0.0311466228422525 0.7795337502032139 0.6255853420434624
v 0.3173350000000000 0.2331890000000000 0.0465230000000000
vn -0.0053267436360852 0.8846577912209345 0.4662104870488578
v 0.3204970000000000 0.2485270000000000 0.0230120000000000
vn 0.0058935357311164 0.9126360189626374 0.4087306730949059
v 0.2879380000000000 0.2499400000000000 0.0190120000000000
vn 0.0129376707613226 0.8602435204422830 0.5097192386131204
v 0.3043850000000000 0.2431010000000000 0.0325070000000000
vn -0.0230872208470650 0.9509657277778085 0.3084334041986732
v 0.2823990000000000 0.2575790000000000 -0.0011260000000000
vn 0.0153399762420708 0.9465277373497430 0.3222575484864065
v 0.2722720000000000 0.2549300000000000 0.0063650000000000
vn 0.3804990884261518 0.1316860727079745 0.9153574285281230
v 0.3073520000000000 0.1780730000000000 0.0844140000000000
vn 0.3735301228090044 0.4448884443527880 0.8139714487840752
v 0.2911690000000000 0.1932620000000000 0.0854870000000000
vn 0.7401786665043394 0.2472920718554234 0.6252856729922012
v 0.2813810000000000 0.1710810000000000 0.1022570000000000
vn 0.5263712641911006 0.1732751983163006 0.8324115555915290
v 0.2936130000000000 0.1726080000000000 0.0924440000000000
vn 0.2145494806086584 0.1506481896578485 0.9650252034653644
v 0.3396390000000000 0.1890740000000000 0.0736630000000000
vn 0.1618119469233910 0.4410088545117158 0.8827956071906599
v 0.3232020000000000 0.2020240000000000 0.0723190000000000
vn 0.2681685704935903 0.1303447256954126 0.9545134206928741
v 0.3226720000000000 0.1838520000000000 0.0784710000000000
vn 0.0722596672018142 0.6521553249854836 0.7546336678077393
v 0.3441290000000000 0.2236110000000000 0.0548330000000000
vn 0.1508635976747624 0.6348169273452204 0.7577912929379702
v 0.3036650000000000 0.2139750000000000 0.0675230000000000
vn 0.0868430998182745 0.6426143938246203 0.7612522688723951
v 0.3225150000000000 0.2189840000000000 0.0607310000000000
vn 0.4837718631108744 0.6224810185219792 0.6152090425555145
v 0.2739530000000000 0.2102180000000000 0.0817930000000000
vn 0.2743785369619702 0.6343139202668849 0.7227463379431712
v 0.2876430000000000 0.2107540000000000 0.0743920000000000
vn 0.3448660021552700 0.6280910864994302 0.6975450004246367
v 0.4253660000000000 0.2352580000000000 0.0270990000000000
vn 0.2037191708851905 0.5850481802995222 0.7849949847878447
v 0.3929310000000000 0.2254370000000000 0.0464950000000000
vn 0.3778721639649009 0.2697023538520013 0.8857049554039838
v 0.4043970000000000 0.2093590000000000 0.0513140000000000
vn 0.3639330212559308 0.4615718091941109 0.8090143515394553
v 0.4150520000000000 0.2230920000000000 0.0406900000000000
vn 0.0783830946896159 0.7790339382250588 0.6220628694596985
v 0.3749550000000000 0.2394010000000000 0.0356610000000000
vn 0.1566014524033824 0.4412433098456350 0.8836177491549273
v 0.3633340000000000 0.2097960000000000 0.0622920000000000
vn 0.1061751505531010 0.6398707630422336 0.7611125041731848
v 0.3684450000000000 0.2256860000000000 0.0506490000000000
vn 0.2796074285693207 0.1266577061363203 0.9517234426897017
v 0.3771400000000000 0.1949710000000000 0.0640060000000000
vn 0.2187450334552665 0.1559571440074311 0.9632382776715738
v 0.3583140000000000 0.1928710000000000 0.0690420000000000
vn 0.3840115295133017 0.0484532190881115 0.9220560887282584
v 0.3945590000000000 0.1950960000000000 0.0579560000000000
vn 0.2349275037713586 0.9710021372139919 0.0443161087824552
v 0.4495810000000000 0.2567770000000000 -0.0366960000000000
vn 0.1496080926707404 0.9688092891392811 0.1975499427609746
v 0.4247670000000000 0.2590910000000000 -0.0176950000000000
vn 0.2936125197173991 0.8707465151347238 0.3944517646632271
v 0.4410220000000000 0.2516670000000000 -0.0047760000000000
vn 0.2591388960595774 0.9406625823355473 0.2190911653692209
v 0.4453990000000000 0.2556910000000000 -0.0207830000000000
vn 0.0858482898886607 0.9962789451681413 0.0076377050118569
v 0.4061250000000000 0.2627940000000000 -0.0337820000000000
vn 0.0453857202761092 0.9814802115619981 0.1861094589407921
v 0.3762860000000000 0.2630340000000000 -0.0168880000000000
vn 0.0741097239921150 0.9362269330342458 0.3434921813827828
v 0.3936860000000000 0.2570750000000000 0.0012240000000000
vn 0.0839065036495330 0.9786259911461052 0.1877521453901778
v 0.4011050000000000 0.2614240000000000 -0.0163620000000000
vn 0.0155445352491883 0.8941600441354357 0.4474775780925815
v 0.3578970000000000 0.2516410000000000 0.0170480000000000
vn 0.1643071815307960 0.8414689803521567 0.5147165289773663
v 0.4103890000000000 0.2479620000000000 0.0166510000000000
vn 0.0678726174757986 0.8729536245463744 0.4830582544459122
v 0.3841690000000000 0.2497980000000000 0.0188760000000000
vn 0.3226543528653633 0.7671903844490239 0.5543582619443788
v 0.4341840000000000 0.2448190000000000 0.0115640000000000
vn -0.0399662337450287 0.9747595519388120 0.2196508958877336
v 0.3023510000000000 0.2633740000000000 -0.0186910000000000
vn -0.0053905436329601 0.9863396550158318 0.1646360439958123
v 0.3298430000000000 0.2650660000000000 -0.0232060000000000
vn -0.0112005631311326 0.9999308667455156 0.0035789824123048
v 0.3141660000000000 0.2662370000000000 -0.0368990000000000
vn -0.0299068542693314 0.9904659888793298 0.1344719485283230
v 0.3103130000000000 0.2653950000000000 -0.0277370000000000
vn -0.0270825676647200 0.9411066736452445 0.3370233869467653
v 0.3122480000000000 0.2581590000000000 0.0002230000000000
vn -0.0385294029801701 0.9607535003193441 0.2747147552100536
v 0.2927360000000000 0.2605820000000000 -0.0096490000000000
vn 0.0002737604202824 0.9520687556278352 0.3058839806405322
v 0.3445620000000000 0.2605190000000000 -0.0047650000000000
vn -0.0080891275349708 0.9174470206386472 0.3977757286926798
v 0.3339460000000000 0.2548030000000000 0.0099770000000000
vn 0.0366630749071660 0.9989792481696493 0.0263871306654178
v 0.3560470000000000 0.2656780000000000 -0.0338060000000000
vn 0.0192792625710167 0.9833885307458335 0.1804863087114049
v 0.3521840000000000 0.2642630000000000 -0.0193800000000000
vn 0.0933599767512854 0.8653396185569829 -0.4924137074621852
v 0.2406510000000000 0.2583490000000000 -0.0780130000000000
vn 0.1104489215274306 0.7134928265714331 -0.6919024657887369
v 0.2237490000000000 0.2552050000000000 -0.0848290000000000
vn 0.2335457638617033 0.7265949193134990 -0.6461549345242699
v 0.1982800000000000 0.2629240000000000 -0.0823940000000000
vn 0.1476518596153872 0.8051691977194385 -0.5743705175197920
v 0.2195340000000000 0.2598090000000000 -0.0802340000000000
vn 0.0293959250799233 0.9328221027692100 -0.3591361916793197
v 0.2782770000000000 0.2594180000000000 -0.0704740000000000
vn 0.0370871380313817 0.8320133250878984 -0.5535145626528903
v 0.2753730000000000 0.2543810000000000 -0.0806950000000000
vn 0.0551019909475021 0.9053074229272238 -0.4211677107596096
v 0.2605810000000000 0.2582980000000000 -0.0750030000000000
vn 0.0222536304285232 0.8216563522572218 -0.5695486061154983
v 0.3205640000000000 0.2514140000000000 -0.0831650000000000
vn -0.0053816900301017 0.6456709549190719 -0.7635967884861183
v 0.3059410000000000 0.2402020000000000 -0.0952080000000000
vn 0.0333207024961357 0.6761085838805933 -0.7360481734153973
v 0.2594140000000000 0.2478750000000000 -0.0888380000000000
vn 0.0177886014504541 0.7406836227445551 -0.6716184457386788
v 0.2922170000000000 0.2486900000000000 -0.0873760000000000
vn 0.0618219443536635 0.5622265090011439 -0.8246692669020224
v 0.2303950000000000 0.2403830000000000 -0.0957340000000000
vn 0.1702063074331903 0.5860907864171868 -0.7921662723108336
v 0.1976480000000000 0.2519820000000000 -0.0916800000000000
vn 0.0811864016451807 0.6267139071667984 -0.7750086752750790
v 0.2276080000000000 0.2489050000000000 -0.0898810000000000
vn 0.0187769281517074 0.9865517523220403 -0.1623670747396080
v 0.3318170000000000 0.2652250000000000 -0.0471750000000000
vn 0.0003141930058044 0.9732461284658415 -0.2297648247861405
v 0.3037680000000000 0.2637280000000000 -0.0553980000000000
vn -0.0062450051193061 0.9910587771168954 -0.1332797817023416
v 0.3114550000000000 0.2655000000000000 -0.0462910000000000
vn 0.0525774263361513 0.9825488025916722 -0.1784193508718646
v 0.3812470000000000 0.2630440000000000 -0.0491120000000000
vn 0.0308484152518994 0.9451746930817655 -0.3251048674416251
v 0.3498380000000000 0.2610270000000000 -0.0614880000000000
vn 0.0385221282143285 0.9857752808427032 -0.1635944415844512
v 0.3553930000000000 0.2644070000000000 -0.0479870000000000
vn 0.0200804563657433 0.8717989927407227 -0.4894520318973095
v 0.3684280000000000 0.2525930000000000 -0.0789870000000000
vn 0.0230845427484565 0.9238361005592527 -0.3820915638817076
v 0.3139500000000000 0.2593390000000000 -0.0684880000000000
vn 0.0278917066841180 0.8923617006329161 -0.4504582643728239
v 0.3389990000000000 0.2561110000000000 -0.0738750000000000
vn 0.0118729049230223 0.9537811326841821 -0.3002675224934716
v 0.2926910000000000 0.2614640000000000 -0.0636980000000000
vn 0.2310114560400164 0.9269624734215544 -0.2955914072608770
v 0.4617910000000000 0.2499360000000000 -0.0687470000000000
vn 0.1265727543593103 0.9787529985160839 -0.1613130675105786
v 0.4342270000000000 0.2584520000000000 -0.0524750000000000
vn 0.2261682505320460 0.9668297475199378 -0.1186935624278206
v 0.4558350000000000 0.2548060000000000 -0.0527560000000000
vn 0.2505990068557312 0.7146428941777644 -0.6530587045313385
v 0.4650340000000000 0.2322180000000000 -0.0987000000000000
vn 0.0963687731120185 0.8740756872598904 -0.4761352250254486
v 0.4368300000000000 0.2464100000000000 -0.0850270000000000
vn 0.2305752302211553 0.8491240439466086 -0.4752088185210995
v 0.4650780000000000 0.2423190000000000 -0.0844490000000000
vn 0.0075202638601249 0.7395705199458343 -0.6730370655903896
v 0.3973300000000000 0.2396950000000000 -0.0969740000000000
vn 0.0586846283545885 0.9409933200367326 -0.3332981938761913
v 0.4075250000000000 0.2566530000000000 -0.0674480000000000
vn 0.0333152618494372 0.8629923966477255 -0.5041172647867938
v 0.4028260000000000 0.2495970000000000 -0.0829570000000000
vn 0.0795806654627523 0.9844445506048799 -0.1566392175314403
v 0.4084450000000000 0.2611290000000000 -0.0509330000000000
vn 0.0418668301621293 0.3164172850642311 -0.9476957688228625
v 0.4202230000000000 0.1942250000000000 -0.1268870000000000
vn 0.1621345201344729 0.4009660901925253 -0.9016310730539868
v 0.4542140000000000 0.2062880000000000 -0.1192660000000000
vn 0.1453062829769995 0.2437547943295054 -0.9588898186803260
v 0.4459420000000000 0.1923440000000000 -0.1253670000000000
vn -0.0421800573049287 0.3932801185576382 -0.9184506470753031
v 0.3514280000000000 0.1958910000000000 -0.1248710000000000
vn -0.0202325428270277 0.4864272710896176 -0.8734867796086326
v 0.3914370000000000 0.2115470000000000 -0.1189390000000000
vn -0.0148539180657681 0.3624139335722177 -0.9318988689073550
v 0.3881220000000000 0.1952680000000000 -0.1265840000000000
vn -0.0350559486276386 0.5967243897951563 -0.8016801625894298
v 0.3532030000000000 0.2280270000000000 -0.1063650000000000
vn 0.0506557849937454 0.6036459900227038 -0.7956415714228217
v 0.4309200000000000 0.2239460000000000 -0.1108360000000000
vn -0.0092226238000028 0.6029162378830673 -0.7977511850866612
v 0.3940200000000000 0.2266840000000000 -0.1090190000000000
vn 0.1894492702756344 0.5591049916128852 -0.8071620545749070
v 0.4609950000000000 0.2198930000000000 -0.1103420000000000
vn -0.0058459422556645 0.5356712070900486 -0.8444064085816934
v 0.2702110000000000 0.2277620000000000 -0.1031030000000000
vn 0.0523231349420315 0.4963877568032127 -0.8665226393151608
v 0.2315950000000000 0.2153740000000000 -0.1106910000000000
vn 0.1555198520306871 0.5156432475561039 -0.8425708378968191
v 0.1957820000000000 0.2323070000000000 -0.1045090000000000
vn 0.0524454411083374 0.5217653706787353 -0.8514754099017974
v 0.2313930000000000 0.2291140000000000 -0.1027340000000000
vn -0.0462192080170236 0.4913425308616330 -0.8697392150390624
v 0.3121570000000000 0.2129400000000000 -0.1137070000000000
vn -0.0295500218068311 0.5675385956153484 -0.8228163456678373
v 0.3113740000000000 0.2278930000000000 -0.1043530000000000
vn -0.0107721992639074 0.4497521152173343 -0.8930884584298199
v 0.2714970000000000 0.1975630000000000 -0.1198730000000000
vn -0.0424591119270275 0.4222619478133156 -0.9054789181661121
v 0.3119310000000000 0.1965170000000000 -0.1221620000000000
vn 0.1905838757742913 0.5086805835403941 -0.8395962423831191
v 0.1952800000000000 0.2025670000000000 -0.1221990000000000
vn 0.0628317629138276 0.4778549160162257 -0.8761888202940429
v 0.2319910000000000 0.1994410000000000 -0.1194140000000000
vn 0.2090729994717452 0.7843875896186856 -0.5839731073808760
v 0.1017250000000000 0.3055060000000000 -0.0803370000000000
vn 0.1798612673971775 0.8376988808976281 -0.5156651136475517
v 0.0825970000000000 0.3121350000000000 -0.0772040000000000
vn 0.1424034101103241 0.8841122351158391 -0.4450469913474600
v 0.0849470000000000 0.3189940000000000 -0.0643470000000000
vn 0.1733840092573305 0.8353188420432228 -0.5217091310887928
v 0.0925270000000000 0.3126900000000000 -0.0730080000000000
vn 0.2854824092379546 0.6600521864788670 -0.6948603493797585
v 0.1259280000000000 0.2897510000000000 -0.0890300000000000
vn 0.2517649603059905 0.7274403585010055 -0.6383141308055554
v 0.1017670000000000 0.2958940000000000 -0.0921910000000000
vn 0.2467423464882079 0.7282541717507252 -0.6393466006612989
v 0.1127800000000000 0.2977550000000000 -0.0858420000000000
vn 0.3206478768150619 0.6482415232030801 -0.6906286025711238
v 0.1025600000000000 0.2834590000000000 -0.1048840000000000
vn 0.3131600869932178 0.7546970708686996 -0.5765094024702505
v 0.0734140000000000 0.2928110000000000 -0.1084620000000000
vn 0.2335353468040335 0.7946474231865052 -0.5603540975277749
v 0.0789040000000000 0.3035570000000000 -0.0914660000000000
vn 0.2730243981939956 0.7352257901082332 -0.6204036714515242
v 0.0887520000000000 0.2937710000000000 -0.0999600000000000
vn 0.2210988142829196 0.8537208475332121 -0.4714615878413225
v 0.0586710000000000 0.3122680000000000 -0.0863740000000000
vn 0.1634209626916921 0.8865117429908347 -0.4328862650769513
v 0.0652700000000000 0.3189590000000000 -0.0709730000000000
vn 0.1966763153290330 0.8437346978969434 -0.4994298614954338
v 0.0712620000000000 0.3119200000000000 -0.0816810000000000
vn 0.2610672360912075 0.5709309748390680 -0.7783840441639392
v 0.1741360000000000 0.2634690000000000 -0.0900070000000000
vn 0.3073308420043657 0.5834208773733083 -0.7517764517446969
v 0.1588610000000000 0.2743820000000000 -0.0878510000000000
vn 0.2811362949598422 0.6255692414213089 -0.7277537412090856
v 0.1779380000000000 0.2679350000000000 -0.0852230000000000
vn 0.2614334283173073 0.5156624542550456 -0.8159318573446697
v 0.1669830000000000 0.2489040000000000 -0.1018380000000000
vn 0.3156050014387299 0.5271640342202325 -0.7889813458450770
v 0.1453490000000000 0.2645870000000000 -0.0998950000000000
vn 0.2550921676418225 0.5351425410907512 -0.8053262982932632
v 0.1703830000000000 0.2573090000000000 -0.0954100000000000
vn 0.3778625047224741 0.5615354796528795 -0.7361371017791921
v 0.1134940000000000 0.2657730000000000 -0.1138540000000000
vn 0.3160951001318036 0.5761720511814262 -0.7537304923578806
v 0.1323010000000000 0.2783410000000000 -0.0958670000000000
vn 0.3389143708689086 0.5644089679227448 -0.7527147973481816
v 0.1220840000000000 0.2735180000000000 -0.1039580000000000
vn 0.3084982523987878 0.5999866023845931 -0.7381361021016963
v 0.1414070000000000 0.2818070000000000 -0.0894090000000000
vn 0.5254567339424702 0.5825952478502870 -0.6200628983714273
v 0.0860210000000000 0.2265430000000000 -0.1670320000000000
vn 0.4763570539542494 0.5610143863309112 -0.6770131575366755
v 0.1083030000000000 0.2378850000000000 -0.1390690000000000
vn 0.4318484107980525 0.5484501072372389 -0.7160373104543208
v 0.1349360000000000 0.2132920000000000 -0.1404520000000000
vn 0.5056925375881229 0.5666561383454801 -0.6505196986280068
v 0.1095010000000000 0.2198610000000000 -0.1533450000000000
vn 0.4574091561554500 0.6158595385730921 -0.6414778972136900
v 0.0846180000000000 0.2618140000000000 -0.1354460000000000
vn 0.3730181564117382 0.5266984451041337 -0.7638365027360736
v 0.1357360000000000 0.2449090000000000 -0.1171490000000000
vn 0.4313928862584500 0.5653538128887969 -0.7030471135974483
v 0.1092670000000000 0.2535420000000000 -0.1257320000000000
vn 0.3261236003662533 0.5261597376270000 -0.7853657286796000
v 0.1627730000000000 0.2238150000000000 -0.1189670000000000
vn 0.2787198777841163 0.5107063949236637 -0.8133229419560734
v 0.1642350000000000 0.2377020000000000 -0.1096950000000000
vn 0.3336931552539301 0.5328707418619375 -0.7776230774637446
v 0.1632290000000000 0.2073560000000000 -0.1296410000000000
vn 0.2463616119314668 0.7166669465682665 -0.6524526372565650
v 0.0201360000000000 0.2600630000000000 -0.1808770000000000
vn 0.4185927717562125 0.6343865115540765 -0.6498721761944428
v 0.0419580000000000 0.2380980000000000 -0.1914890000000000
vn 0.2582721692045484 0.6702503522555616 -0.6957441713127556
v 0.0208470000000000 0.2417490000000000 -0.1993940000000000
vn 0.1986361374105431 0.8023695383127887 -0.5628026376113943
v 0.0190950000000000 0.2882490000000000 -0.1458870000000000
vn 0.3644808211147622 0.7149544693117502 -0.5966521916918285
v 0.0399790000000000 0.2723310000000000 -0.1561760000000000
vn 0.2248730167569209 0.7618277050864077 -0.6074954107624344
v 0.0196680000000000 0.2753940000000000 -0.1630170000000000
vn 0.3852376047781488 0.7104045416841752 -0.5889969227587627
v 0.0600910000000000 0.2821410000000000 -0.1307560000000000
vn 0.4763493075201576 0.6270922417632870 -0.6163170105922451
v 0.0620290000000000 0.2515860000000000 -0.1629880000000000
vn 0.4366122947255657 0.6660489413942575 -0.6047714541560842
v 0.0615750000000000 0.2679410000000000 -0.1462900000000000
vn 0.4993965848337360 0.6041689810014319 -0.6209532135773940
v 0.0635950000000000 0.2328260000000000 -0.1802240000000000
vn 0.0797282568051001 0.9254958872091927 -0.3702712084752058
v 0.0140250000000000 0.3226550000000000 -0.0837100000000000
vn 0.1872433457552041 0.8848483442210515 -0.4265950506038024
v 0.0304420000000000 0.3148340000000000 -0.0955270000000000
vn 0.1373521905781906 0.8730506852756356 -0.4678855380144974
v 0.0167670000000000 0.3083310000000000 -0.1138780000000000
vn 0.1121879702177338 0.9011349997776102 -0.4187715027484933
v 0.0153590000000000 0.3160810000000000 -0.0986510000000000
vn 0.1798650544064221 0.9032432546420622 -0.3896154323778633
v 0.0411020000000000 0.3204710000000000 -0.0781670000000000
vn 0.2729419835906166 0.8268722106003408 -0.4917164029504458
v 0.0497010000000000 0.3048470000000000 -0.1041330000000000
vn 0.2244396022073729 0.8677213559695425 -0.4434935324842686
v 0.0449720000000000 0.3134010000000000 -0.0912120000000000
vn 0.2749227941843633 0.8096724461820729 -0.5185055324019219
v 0.0364460000000000 0.2970700000000000 -0.1244340000000000
vn 0.3223839106479204 0.7808192973561181 -0.5351540329957829
v 0.0554360000000000 0.2944350000000000 -0.1170100000000000
vn 0.1913673045901474 0.8329956366683027 -0.5191308351711260
v 0.0180700000000000 0.2991420000000000 -0.1295660000000000
vn 0.0689384255678438 0.9825604669434166 0.1726916971952102
v 0.0189470000000000 0.3380750000000000 0.0786500000000000
vn 0.1210330561597532 0.9873684770503889 0.1022471996869632
v 0.0328100000000000 0.3394780000000000 0.0590280000000000
vn 0.0710795062536564 0.9961561075040779 0.0511929025653022
v 0.0147400000000000 0.3425460000000000 0.0416770000000000
vn 0.0676286757308084 0.9926422537293584 0.1004376340322553
v 0.0167100000000000 0.3409810000000000 0.0598530000000000
vn 0.0672059937527983 0.9208304697799169 0.3841283643895570
v 0.0233330000000000 0.3264410000000000 0.1172790000000000
vn 0.1219014691339633 0.9563714516405140 0.2655064562491793
v 0.0422170000000000 0.3315070000000000 0.0968370000000000
vn 0.0643830537819124 0.9599184399368356 0.2727845506163190
v 0.0212280000000000 0.3333770000000000 0.0978620000000000
vn 0.1585661577450699 0.9210744876036416 0.3556382458393002
v 0.0703390000000000 0.3214350000000000 0.1146420000000000
vn 0.1943116251589617 0.9585569586041590 0.2083543842582339
v 0.0802020000000000 0.3264750000000000 0.0913430000000000
vn 0.1651822696586642 0.9740398379179429 0.1547940952982376
v 0.0544620000000000 0.3341090000000000 0.0758990000000000
vn 0.1636247930783608 0.9560849901583305 0.2431633580209173
v 0.0627250000000000 0.3289110000000000 0.0950300000000000
vn 0.1956202323424158 0.9779733444455856 0.0728070206244916
v 0.0607390000000000 0.3351920000000000 0.0551820000000000
vn 0.1576207105861974 0.9865666198168173 0.0429187168671403
v 0.0423340000000000 0.3393740000000000 0.0398950000000000
vn 0.1630197570730516 0.9826186489287698 0.0887983647441903
v 0.0476900000000000 0.3374330000000000 0.0575090000000000
vn 0.0998440048552533 0.6916777795696115 0.7152712939466508
v 0.0550770000000000 0.2845910000000000 0.1735940000000000
vn 0.0605356146317816 0.7855444414958529 0.6158371292769874
v 0.0264570000000000 0.3038280000000000 0.1558410000000000
vn 0.0543608027494410 0.6887221194226300 0.7229846093399480
v 0.0276930000000000 0.2867910000000000 0.1744650000000000
vn 0.1707114996930389 0.6946515434201579 0.6987966922478569
v 0.1076890000000000 0.2763240000000000 0.1714080000000000
vn 0.1513959441895195 0.7868701558021266 0.5982596643522784
v 0.0785430000000000 0.2979660000000000 0.1539560000000000
vn 0.1384228298252288 0.6944659512536603 0.7060850959569422
v 0.0818460000000000 0.2810660000000000 0.1724880000000000
vn 0.1914702868247160 0.8536606150871708 0.4843580117147377
v 0.0998760000000000 0.3063140000000000 0.1341520000000000
vn 0.1167201896463945 0.8640237461268219 0.4897339721296481
v 0.0500900000000000 0.3146190000000000 0.1357770000000000
vn 0.1577978574435366 0.8616868426483173 0.4822816826223066
v 0.0751590000000000 0.3112710000000000 0.1344790000000000
vn 0.0647915439796117 0.8642670120690101 0.4988432496065707
v 0.0250390000000000 0.3168180000000000 0.1366920000000000
vn 0.4549231186348761 0.6710902968920627 0.5853911252733864
v 0.1941490000000000 0.2478110000000000 0.1658590000000000
vn 0.3626937664804294 0.7463522450552749 0.5580426131194560
v 0.1706960000000000 0.2711380000000000 0.1534310000000000
vn 0.2639984264666503 0.6857928737849914 0.6782278120873954
v 0.1552180000000000 0.2636650000000000 0.1696920000000000
vn 0.3437561795375205 0.6805462074315318 0.6470614720259014
v 0.1759870000000000 0.2560590000000000 0.1682440000000000
vn 0.4891855661962753 0.7661761708963318 0.4167391953918713
v 0.1837340000000000 0.2738470000000000 0.1381030000000000
vn 0.3871528520828748 0.8357582015780924 0.3893852817185673
v 0.1631060000000000 0.2910090000000000 0.1260700000000000
vn 0.2894966165846780 0.8208669925342841 0.4923099527266778
v 0.1462850000000000 0.2911100000000000 0.1384940000000000
vn 0.3763898577206072 0.7982284921630730 0.4702785869079389
v 0.1662970000000000 0.2826650000000000 0.1392020000000000
vn 0.2393045275586920 0.8942345137205724 0.3782564970504044
v 0.1222760000000000 0.3079190000000000 0.1201620000000000
vn 0.2203087155284934 0.7743130733246322 0.5932144084062256
v 0.1277680000000000 0.2866510000000000 0.1535600000000000
vn 0.2299163873567842 0.8390433556488762 0.4930970514678409
v 0.1238650000000000 0.2992930000000000 0.1361500000000000
vn 0.2084108020926127 0.6909697442582128 0.6921890999509120
v 0.1322980000000000 0.2704720000000000 0.1706110000000000
vn 0.3405517376617961 0.9276054293675262 0.1535339746877498
v 0.1467750000000000 0.3079560000000000 0.0939760000000000
vn 0.4038727847870799 0.8828831675045582 0.2395914986919347
v 0.1609050000000000 0.2998980000000000 0.1045890000000000
vn 0.4926970128087537 0.8507947653795125 0.1827509802221347
v 0.1744900000000000 0.2951250000000000 0.0954430000000000
vn 0.4056475074176902 0.8958088521238828 0.1815946039460052
v 0.1611030000000000 0.3017410000000000 0.0961570000000000
vn 0.2766564288202276 0.9552220550694236 0.1049382956855364
v 0.1185480000000000 0.3187290000000000 0.0811330000000000
vn 0.2863122739392283 0.9408599914439428 0.1811291204965448
v 0.1288060000000000 0.3133930000000000 0.0971660000000000
vn 0.3007246318198489 0.9461157049873868 0.1201239717668233
v 0.1323190000000000 0.3136570000000000 0.0889490000000000
vn 0.2276183909904403 0.9437168111444847 0.2399759330562300
v 0.1066230000000000 0.3191210000000000 0.0984870000000000
vn 0.3184447456596416 0.8945303352560862 0.3137011687392959
v 0.1437970000000000 0.3043600000000000 0.1123740000000000
vn 0.2623206221988780 0.9269882742768391 0.2681056331419414
v 0.1246910000000000 0.3120510000000000 0.1073690000000000
vn 0.4997944357504783 0.8185021435689879 0.2833015407050112
v 0.1772040000000000 0.2884530000000000 0.1140240000000000
vn 0.3968787489739285 0.8629124105638937 0.3128409025490426
v 0.1614400000000000 0.2965370000000000 0.1145460000000000
vn 0.2484804862971688 0.9684688837544704 0.0180407629797792
v 0.0794470000000000 0.3317310000000000 0.0302640000000000
vn 0.2432011576637244 0.9691723473084841 0.0394735116703238
v 0.0798630000000000 0.3312010000000000 0.0481930000000000
vn 0.2620034747272178 0.9641392156755939 0.0423054609632713
v 0.0956010000000000 0.3266640000000000 0.0580670000000000
vn 0.2579214326094388 0.9657754777358124 0.0274638162835769
v 0.0866250000000000 0.3295490000000000 0.0443700000000000
vn 0.2141911869694075 0.9764217815053224 0.0268819647088629
v 0.0642700000000000 0.3352930000000000 0.0357790000000000
vn 0.2218557096358323 0.9700171978981388 0.0992304382930166
v 0.0805270000000000 0.3297910000000000 0.0683650000000000
vn 0.2215343105415521 0.9735703989727227 0.0555268178178134
v 0.0713490000000000 0.3330990000000000 0.0519370000000000
vn 0.2462763742933032 0.9637821698656338 0.1023321870871309
v 0.1001900000000000 0.3241440000000000 0.0770860000000000
vn 0.2206369934567311 0.9635731704897096 0.1511491390342117
v 0.0920930000000000 0.3250840000000000 0.0846830000000000
vn 0.2676451469743116 0.9612865588260767 0.0655303526727807
v 0.1062760000000000 0.3230620000000000 0.0705800000000000
vn 0.0626663340976597 0.9594162045749535 -0.2749426794256422
v 0.0121210000000000 0.3330630000000000 -0.0540480000000000
vn 0.1254262140615930 0.9340687373841292 -0.3343409317863939
v 0.0256540000000000 0.3274780000000000 -0.0672260000000000
vn 0.0764618226252742 0.9418190167139739 -0.3273080039301582
v 0.0129340000000000 0.3283160000000000 -0.0688820000000000
vn 0.0514273748156071 0.9858741211309099 -0.1593971216927427
v 0.0114440000000000 0.3398350000000000 -0.0238920000000000
vn 0.0931017641406069 0.9711890157599766 -0.2193717328670103
v 0.0230350000000000 0.3361590000000000 -0.0384290000000000
vn 0.0542886501569257 0.9743652974642787 -0.2183231768765892
v 0.0116130000000000 0.3369020000000000 -0.0390910000000000
vn 0.1182746743518356 0.9808748067575449 -0.1545823886324586
v 0.0335170000000000 0.3379330000000000 -0.0231970000000000
vn 0.1315505412282135 0.9687514415258616 -0.2102738681912933
v 0.0445330000000000 0.3339980000000000 -0.0364710000000000
vn 0.1251211672144729 0.9540001846783278 -0.2724487862857974
v 0.0355740000000000 0.3313120000000000 -0.0513910000000000
vn 0.1154895280303424 0.9702619298467566 -0.2127297731991845
v 0.0340730000000000 0.3351360000000000 -0.0375090000000000
vn 0.1481685547114026 0.9248589556138203 -0.3502598915314850
v 0.0495890000000000 0.3254420000000000 -0.0622980000000000
vn 0.1494498849094907 0.9279765654430131 -0.3413564499011690
v 0.0379430000000000 0.3264320000000000 -0.0649180000000000
vn 0.0570995481392690 0.9973925269870244 -0.0441337593314837
v 0.0122350000000000 0.3429880000000000 0.0077020000000000
vn 0.0946376412086982 0.9906384524653767 -0.0983827899759774
v 0.0230480000000000 0.3409820000000000 -0.0083260000000000
vn 0.0529867698846838 0.9935147123399395 -0.1006027762105740
v 0.0116410000000000 0.3418620000000000 -0.0083340000000000
vn 0.1108981250626606 0.9938089429382869 0.0067372689920372
v 0.0261530000000000 0.3420540000000000 0.0238900000000000
vn 0.0617807498206190 0.9980541596192000 0.0084281325579621
v 0.0132580000000000 0.3432150000000000 0.0243320000000000
vn 0.1788097920877611 0.9838795954954093 0.0028283955383549
v 0.0493880000000000 0.3385480000000000 0.0219030000000000
vn 0.1379394507675858 0.9895946063760287 -0.0409294875781448
v 0.0355610000000000 0.3405480000000000 0.0070280000000000
vn 0.1493345002207167 0.9887760193831767 0.0046033179977649
v 0.0383170000000000 0.3404210000000000 0.0230930000000000
vn 0.1485329657535376 0.9850141310203058 -0.0876648149189307
v 0.0442260000000000 0.3382580000000000 -0.0085260000000000
vn 0.1262571438536899 0.9875103281716624 -0.0942469383067921
v 0.0339880000000000 0.3397270000000000 -0.0083760000000000
vn 0.1849606388885103 0.9822126934583607 -0.0323695361601973
v 0.0554490000000000 0.3371610000000000 0.0054110000000000
vn 0.1811600364865552 0.9813213558789360 -0.0647258655880071
v 0.0618270000000000 0.3352430000000000 -0.0092030000000000
vn 0.1452631164591092 0.9792382840845385 -0.1413895681433252
v 0.0531520000000000 0.3353320000000000 -0.0224400000000000
vn 0.1648278701808622 0.9832086098374292 -0.0783109363575146
v 0.0535300000000000 0.3367350000000000 -0.0088230000000000
vn 0.2209916793778823 0.9752735339506625 0.0020522234598374
v 0.0672330000000000 0.3348580000000000 0.0184150000000000
vn 0.2021826686295337 0.9793462545073714 0.0017556446744572
v 0.0589990000000000 0.3366640000000000 0.0202750000000000
vn 0.2102738033194441 0.9774906459020466 -0.0172326669896330
v 0.0707240000000000 0.3339540000000000 0.0032180000000000
vn 0.2321335543803551 0.9726704900371078 0.0051118237171614
v 0.0741690000000000 0.3332200000000000 0.0165270000000000
vn 0.1571583822785579 0.9816232994512164 -0.1082448190635204
v 0.0690790000000000 0.3329050000000000 -0.0218800000000000
vn 0.1833865773989190 0.9812810469813873 -0.0587951534143978
v 0.0690500000000000 0.3338700000000000 -0.0096040000000000
vn 0.1317864668748404 0.9499118924600054 -0.2833720588055532
v 0.0566630000000000 0.3294000000000000 -0.0478700000000000
vn 0.1311073099409850 0.9232259382004575 -0.3611990314410095
v 0.0701450000000000 0.3243460000000000 -0.0572020000000000
vn 0.1412671914717616 0.9218796015407348 -0.3608068470480800
v 0.0603750000000000 0.3247690000000000 -0.0597060000000000
vn 0.1358463947379174 0.9714792311723879 -0.1943549856253139
v 0.0630110000000000 0.3318940000000000 -0.0344710000000000
vn 0.1347336252802711 0.9690494866921017 -0.2068572999935215
v 0.0542250000000000 0.3329050000000000 -0.0354510000000000
vn 0.1221460889368607 0.9567103583736767 -0.2641696862585475
v 0.0739930000000000 0.3280860000000000 -0.0445590000000000
vn 0.1346185260575380 0.9745690074460975 -0.1791454776644502
v 0.0707490000000000 0.3309990000000000 -0.0335520000000000
vn 0.1241227972159732 0.9262541403984912 -0.3558746950907504
v 0.0787470000000000 0.3241060000000000 -0.0548440000000000
vn 0.6830185017715470 0.6146603232253872 0.3945610387382589
v 0.2219080000000000 0.2298120000000000 0.1571090000000000
vn 0.5927373756219264 0.6911974699733349 0.4134107655145087
v 0.2035500000000000 0.2532060000000000 0.1483770000000000
vn 0.5772546315343297 0.6503603350147148 0.4937697084792801
v 0.2092450000000000 0.2390760000000000 0.1621310000000000
vn 0.8120295869429173 0.5193223786470890 0.2662934790144977
v 0.2424590000000000 0.2095170000000000 0.1433780000000000
vn 0.7480109002494937 0.6044956151600470 0.2739794597414529
v 0.2272400000000000 0.2336930000000000 0.1373080000000000
vn 0.7611437674240976 0.5681884401833891 0.3127651862874425
v 0.2327690000000000 0.2199740000000000 0.1508410000000000
vn 0.7574311736313820 0.6097874211780200 0.2333609182884898
v 0.2320140000000000 0.2359350000000000 0.1164490000000000
vn 0.7140126826605145 0.6692780281185883 0.2055548833709122
v 0.2170870000000000 0.2551070000000000 0.1110250000000000
vn 0.6802163973967128 0.6780847614734675 0.2784002675467608
v 0.2109840000000000 0.2549720000000000 0.1302150000000000
vn 0.7313229817732649 0.6387065739046244 0.2392082958036311
v 0.2219800000000000 0.2453610000000000 0.1239390000000000
vn 0.6001485812059659 0.7472923252557454 0.2852645457997317
v 0.1940770000000000 0.2733690000000000 0.1224240000000000
vn 0.5994309515829620 0.7231202828612759 0.3431903127988506
v 0.1984330000000000 0.2645400000000000 0.1350210000000000
vn 0.8388143541879429 0.4352379220957325 0.3270449974820794
v 0.2607940000000000 0.1873520000000000 0.1248690000000000
vn 0.7967823186131625 0.5368350219676795 0.2773915931213379
v 0.2466810000000000 0.2135060000000000 0.1214180000000000
vn 0.8366951030810822 0.4769197985399560 0.2692374606936140
v 0.2516100000000000 0.1983970000000000 0.1347670000000000
vn 0.7081507346631875 0.5025102132960019 0.4959899419637402
v 0.2665600000000000 0.1967290000000000 0.1026920000000000
vn 0.8011459155082630 0.3873545674198690 0.4562035304153106
v 0.2705790000000000 0.1771210000000000 0.1135490000000000
vn 0.5783835779361012 0.7055728442575069 0.4094379052068896
v 0.2568140000000000 0.2270000000000000 0.0767840000000000
vn 0.7156189171379626 0.6041503367786560 0.3505594614391777
v 0.2515200000000000 0.2190910000000000 0.0990850000000000
vn 0.6451742560386455 0.6084167571719695 0.4621463284905817
v 0.2620940000000000 0.2132610000000000 0.0901870000000000
vn 0.7175951427953424 0.6543901407376898 0.2383920190397296
v 0.2365530000000000 0.2385090000000000 0.0947120000000000
vn 0.7559231338924722 0.5969674588730894 0.2687193120949624
v 0.2416760000000000 0.2269130000000000 0.1080030000000000
vn 0.6392037657466614 0.7268433491443769 0.2512315498894849
v 0.2405100000000000 0.2423840000000000 0.0724200000000000
vn 0.6705149007224378 0.7244472483520206 0.1599560948021840
v 0.2260920000000000 0.2561540000000000 0.0694830000000000
vn 0.7090171504246531 0.6840992821031686 0.1711807601035644
v 0.2221410000000000 0.2552160000000000 0.0907110000000000
vn 0.6946755733412403 0.6932203363314544 0.1920193039762520
v 0.2312660000000000 0.2481860000000000 0.0817390000000000
vn 0.5059704239802493 0.8259358224641759 0.2486442181665849
v 0.2433330000000000 0.2472690000000000 0.0500820000000000
vn 0.5228952170887905 0.7852874301796697 0.3315180899249344
v 0.2503480000000000 0.2382240000000000 0.0632340000000000
vn 0.6085743787554114 0.7804796528429427 0.1431388731988099
v 0.2288030000000000 0.2579540000000000 0.0479740000000000
vn 0.5109470081070806 0.8411886549315295 0.1770163882834211
v 0.2364060000000000 0.2544660000000000 0.0378730000000000
vn 0.6840288901435823 0.7191040003965945 0.1224496388829041
v 0.2135910000000000 0.2682300000000000 0.0684450000000000
vn 0.6634587276068975 0.7375110364648542 0.1260951539702185
v 0.2213000000000000 0.2626230000000000 0.0583440000000000
vn 0.6631810684482328 0.7220465815558663 0.1970776611271509
v 0.2023280000000000 0.2714130000000000 0.1057480000000000
vn 0.5903166294120347 0.7829879387100311 0.1961024346463634
v 0.1880700000000000 0.2847880000000000 0.1006980000000000
vn 0.5971757768368957 0.7662372321232370 0.2371952690661658
v 0.1906720000000000 0.2799780000000000 0.1109480000000000
vn 0.6861953140170786 0.7118615804019053 0.1496298144378474
v 0.2087330000000000 0.2694530000000000 0.0876830000000000
vn 0.6986164928177797 0.6930837845588520 0.1776791027233198
v 0.2126560000000000 0.2630590000000000 0.0988600000000000
vn 0.6392840512664958 0.7548426913144305 0.1467256390869840
v 0.1963110000000000 0.2812740000000000 0.0856990000000000
vn 0.6760925302068190 0.7253310497947114 0.1295907357886485
v 0.2053640000000000 0.2745290000000000 0.0777420000000000
vn 0.5743810950004521 0.8009054761997005 0.1692240405480636
v 0.1861230000000000 0.2882220000000000 0.0917770000000000
vn 0.7145649900740760 -0.2481722875892196 0.6540698667827233
v 0.2063380000000000 0.3328260000000000 0.0546130000000000
vn 0.5685988603927713 -0.1575464418009060 0.8073874253640043
v 0.2044610000000000 0.3507180000000000 0.0615650000000000
vn 0.3481869590067802 -0.0821851736715303 0.9338155271819971
v 0.1902110000000000 0.3408370000000000 0.0676240000000000
vn 0.5586064825447963 -0.1772139163903905 0.8102802141830380
v 0.1988090000000000 0.3367900000000000 0.0625480000000000
vn 0.8762660783158075 -0.3105589363660546 0.3683896130949134
v 0.2174810000000000 0.3253420000000000 0.0323140000000000
vn 0.8224811077172228 -0.2755290528439476 0.4976028220249230
v 0.2181500000000000 0.3432260000000000 0.0434980000000000
vn 0.8122645517009489 -0.2903072856724072 0.5059130141986623
v 0.2126200000000000 0.3289940000000000 0.0443560000000000
vn 0.8999502691760330 -0.2733111017477483 0.3396918525243394
v 0.2283660000000000 0.3556730000000000 0.0307510000000000
vn 0.8485271951309102 -0.1890785134448603 0.4942174773080692
v 0.2290080000000000 0.3747760000000000 0.0407570000000000
vn 0.7304961652202967 -0.1890544208192939 0.6562269261216903
v 0.2176640000000000 0.3620930000000000 0.0523270000000000
vn 0.8363775591583771 -0.2453967179140532 0.4901561275484436
v 0.2237810000000000 0.3587280000000000 0.0423530000000000
vn 0.5865342667936984 -0.0621056232175679 0.8075397485211092
v 0.2157140000000000 0.3810230000000000 0.0579580000000000
vn 0.3447358197438559 -0.0145188945989476 0.9385874579841542
v 0.2017800000000000 0.3695910000000000 0.0651280000000000
vn 0.5621165415226878 -0.1167996120438002 0.8187691032110275
v 0.2102520000000000 0.3657270000000000 0.0601070000000000
vn 0.9533233574737431 -0.2952321028508407 0.0633449409287007
v 0.2220320000000000 0.3189140000000000 0.0050140000000000
vn 0.9297268783903176 -0.3067237742069456 0.2037853231585680
v 0.2259020000000000 0.3367760000000000 0.0185510000000000
vn 0.9221828656030805 -0.3130935180207461 0.2270489184327543
v 0.2207400000000000 0.3219180000000000 0.0190230000000000
vn 0.8794034058987833 -0.1490049370192303 -0.4521583554878920
v 0.2170240000000000 0.3163880000000000 -0.0221270000000000
vn 0.9464239442396978 -0.2615185983155084 -0.1894458775082352
v 0.2256020000000000 0.3331160000000000 -0.0082720000000000
vn 0.9565350883929697 -0.2486505673845923 -0.1523598372681400
v 0.2209920000000000 0.3165210000000000 -0.0091810000000000
vn 0.8582616262267891 -0.2081845959907328 -0.4690907747320580
v 0.2264030000000000 0.3510300000000000 -0.0192330000000000
vn 0.9481176669844491 -0.2171905202846080 -0.2321662495938344
v 0.2349210000000000 0.3672650000000000 -0.0070820000000000
vn 0.9607353890908481 -0.2774594094369863 0.0019463461499800
v 0.2319690000000000 0.3510240000000000 0.0050670000000000
vn 0.9434106247629542 -0.2526755940264755 -0.2147823020356661
v 0.2304630000000000 0.3502410000000000 -0.0076080000000000
vn 0.9566404652690176 -0.2419467798666120 0.1621751396548031
v 0.2360210000000000 0.3696950000000000 0.0174790000000000
vn 0.9413915700663781 -0.2835152066399578 0.1827595125071788
v 0.2311830000000000 0.3529710000000000 0.0180880000000000
vn 0.9829260942145919 -0.1784249743836593 -0.0449535518979079
v 0.2401350000000000 0.3843600000000000 0.0048580000000000
vn 0.9899999599315695 -0.0878450255572813 0.1103781265483851
v 0.2423110000000000 0.4019360000000000 0.0151680000000000
vn 0.9339385045189573 -0.1544504469986186 0.3223413240632058
v 0.2375630000000000 0.3884090000000000 0.0279870000000000
vn 0.9739759596248496 -0.1790072844550445 0.1390223801583185
v 0.2398580000000000 0.3861460000000000 0.0165700000000000
vn 0.8716561434492754 -0.1389345052417321 -0.4700135858040395
v 0.2343430000000000 0.3842200000000000 -0.0172040000000000
vn 0.9605081291995748 -0.0873469904417325 -0.2641867464546714
v 0.2404280000000000 0.3985470000000000 -0.0062740000000000
vn 0.9550575445959874 -0.1620684514628432 -0.2481912640499656
v 0.2383220000000000 0.3835500000000000 -0.0065870000000000
vn 0.8936183511193614 0.0186701948940915 -0.4484391445506631
v 0.2376090000000000 0.4112330000000000 -0.0147210000000000
vn 0.9936317117751078 0.0218788734063938 -0.1105320598439025
v 0.2428660000000000 0.4140740000000000 0.0030350000000000
vn 0.9641495689542540 0.0015982624673368 -0.2653545821017827
v 0.2410010000000000 0.4117020000000000 -0.0062970000000000
vn 0.9613679137293047 0.1014304152389084 0.2558976461717191
v 0.2412400000000000 0.4189520000000000 0.0231420000000000
vn 0.9967003720722610 0.0419644142069969 0.0694791785449432
v 0.2429990000000000 0.4166770000000000 0.0130780000000000
vn 0.7696188990479195 -0.0685241335131464 0.6348158735842550
v 0.2274810000000000 0.3930500000000000 0.0477030000000000
vn 0.6304638264616206 0.1023952892102393 0.7694352268195959
v 0.2238870000000000 0.4095180000000000 0.0511810000000000
vn 0.3901030981474654 0.1016333419345077 0.9151449265679029
v 0.2123510000000000 0.3991180000000000 0.0595870000000000
vn 0.6182868752864746 0.0106852565237379 0.7858798668635743
v 0.2203760000000000 0.3958100000000000 0.0548990000000000
vn 0.8837507240052928 -0.0251306815857911 0.4672826838896929
v 0.2362780000000000 0.4059590000000000 0.0357870000000000
vn 0.8631022502175860 -0.1120315237103746 0.4924463862843052
v 0.2333230000000000 0.3906470000000000 0.0385480000000000
vn 0.7759898288048929 0.1628794820699282 0.6093521641152880
v 0.2321160000000000 0.4211080000000000 0.0406940000000000
vn 0.8855235191715418 0.1160019892240834 0.4498795788765075
v 0.2374220000000000 0.4203320000000000 0.0325350000000000
vn 0.4449146870178449 0.2784154842618809 0.8511966514261177
v 0.2192300000000000 0.4231800000000000 0.0510420000000000
vn 0.6287129466386112 0.2199395222853607 0.7458864774654936
v 0.2258870000000000 0.4215710000000000 0.0470530000000000
vn -0.6662537606971890 0.3206579072565010 0.6732640142401299
v 0.1315560000000000 0.3630940000000000 0.0410060000000000
vn -0.7309304616200009 0.3576680860406773 0.5812178597599793
v 0.1297420000000000 0.3795160000000000 0.0302050000000000
vn -0.8007957920586476 0.3692949493377004 0.4715372093640421
v 0.1172810000000000 0.3678450000000000 0.0201570000000000
vn -0.7361675924477007 0.3461648367841721 0.5815730234492859
v 0.1237010000000000 0.3657280000000000 0.0308550000000000
vn -0.4893351104219043 0.2548873630690704 0.8340165357210123
v 0.1502410000000000 0.3565870000000000 0.0580380000000000
vn -0.5805150421490438 0.3034186141837932 0.7556053403764960
v 0.1464930000000000 0.3738830000000000 0.0494220000000000
vn -0.5866117064024454 0.2912559670005201 0.7556829147189998
v 0.1405130000000000 0.3600200000000000 0.0502020000000000
vn -0.4598020949221646 0.2917347964690882 0.8387328788323064
v 0.1626570000000000 0.3854590000000000 0.0559190000000000
vn -0.5516088143861937 0.3607675748918167 0.7520468554539239
v 0.1600180000000000 0.4039390000000000 0.0466260000000000
vn -0.6503063420803415 0.3542827240205081 0.6720010512720156
v 0.1442110000000000 0.3917010000000000 0.0392910000000000
vn -0.5692283083931543 0.3260920252765398 0.7547470596000442
v 0.1530690000000000 0.3887890000000000 0.0482770000000000
vn -0.7042930858279237 0.4141741272505236 0.5765683320919109
v 0.1436040000000000 0.4088240000000000 0.0282500000000000
vn -0.7851680084100476 0.4036141960823353 0.4696879594903507
v 0.1301020000000000 0.3961940000000000 0.0188610000000000
vn -0.7208036147896240 0.3796440553826300 0.5799245986495503
v 0.1364380000000000 0.3941750000000000 0.0293540000000000
vn -0.1901877809176627 0.1392814903902187 0.9718175108652315
v 0.1706780000000000 0.3489570000000000 0.0679950000000000
vn -0.3426770298533257 0.2188896987546927 0.9135971502746618
v 0.1662820000000000 0.3667510000000000 0.0632080000000000
vn -0.3625374347637837 0.2066235433045305 0.9087757257691119
v 0.1604050000000000 0.3528730000000000 0.0641030000000000
vn 0.0795190383987967 0.0564797698412076 0.9952320122116324
v 0.1864670000000000 0.3587700000000000 0.0683330000000000
vn 0.0606202461958984 0.0389580421462621 0.9974003492596535
v 0.1807230000000000 0.3449190000000000 0.0693040000000000
vn 0.0965253383160979 0.1510687446865636 0.9837993156339299
v 0.1983760000000000 0.3887160000000000 0.0645320000000000
vn -0.1635902902921025 0.1864532770414670 0.9687483638193375
v 0.1826640000000000 0.3777380000000000 0.0655880000000000
vn 0.0689343664798750 0.0986429157353504 0.9927324051793852
v 0.1924830000000000 0.3736440000000000 0.0668230000000000
vn -0.3133477082382199 0.2886375306575051 0.9047107767887996
v 0.1791300000000000 0.3970130000000000 0.0597340000000000
vn -0.3216998808917684 0.2464940865848343 0.9141935527627233
v 0.1726220000000000 0.3817260000000000 0.0618220000000000
vn -0.0929140413143102 0.2905860679251375 0.9523270016409542
v 0.1947390000000000 0.4075380000000000 0.0601450000000000
vn -0.2142434545572027 0.4151168282496665 0.8841819728332695
v 0.1917400000000000 0.4256030000000000 0.0527230000000000
vn -0.3975681039181329 0.3829765654977300 0.8338276518720782
v 0.1762460000000000 0.4156300000000000 0.0513420000000000
vn -0.2734798890266777 0.3429261147892284 0.8986714806276657
v 0.1855140000000000 0.4118290000000000 0.0567330000000000
vn 0.1819218506303316 0.2898770594104493 0.9396146713897064
v 0.2085230000000000 0.4162880000000000 0.0570200000000000
vn 0.1341950110014761 0.2151120447040436 0.9673254401935056
v 0.2037460000000000 0.4031630000000000 0.0612160000000000
vn 0.0539260932811890 0.4536777302319973 0.8895327388887786
v 0.2056440000000000 0.4327460000000000 0.0507590000000000
vn 0.2498891159241539 0.3761434074763475 0.8922284274527051
v 0.2126360000000000 0.4273960000000000 0.0520900000000000
vn -0.2878058797572618 0.5490597677079128 0.7846662647659078
v 0.1893600000000000 0.4417670000000000 0.0428660000000000
vn -0.1248646748902927 0.5108733056948505 0.8505394044328325
v 0.1977820000000000 0.4377600000000000 0.0476060000000000
vn -0.6107977379603465 0.4344709475102234 0.6619373981518892
v 0.1585730000000000 0.4207650000000000 0.0360480000000000
vn -0.6510857846166791 0.5143134455371614 0.5581836443409791
v 0.1583600000000000 0.4348730000000000 0.0249950000000000
vn -0.7431703291508769 0.4836919642870321 0.4623201764512659
v 0.1450060000000000 0.4242110000000000 0.0170680000000000
vn -0.6818433887407294 0.4586222774501027 0.5698729681753992
v 0.1510550000000000 0.4225800000000000 0.0268450000000000
vn -0.4766629411082492 0.4893038116188884 0.7303247363394322
v 0.1740980000000000 0.4320750000000000 0.0411310000000000
vn -0.5156494781226030 0.4119024873784366 0.7512935222689892
v 0.1671190000000000 0.4185290000000000 0.0443300000000000
vn -0.5298935362081414 0.5777066348638629 0.6208605997477233
v 0.1723840000000000 0.4451030000000000 0.0298340000000000
vn -0.4121218939899591 0.5872041671777229 0.6966683648216315
v 0.1806840000000000 0.4440970000000000 0.0367710000000000
vn -0.6621632463998447 0.6028458234336933 0.4451030760237126
v 0.1596720000000000 0.4455700000000000 0.0149150000000000
vn -0.6098231443583240 0.5856517039153371 0.5339736082485624
v 0.1650940000000000 0.4451370000000000 0.0225670000000000
vn -0.7115483256624587 0.3056872426287839 -0.6326565339431520
v 0.1162680000000000 0.3667810000000000 -0.0382100000000000
vn -0.5250105354765487 0.2425014447613764 -0.8158167606314991
v 0.1285390000000000 0.3777330000000000 -0.0446590000000000
vn -0.3369884458285152 0.1572604142994184 -0.9282822574370672
v 0.1304920000000000 0.3603370000000000 -0.0494250000000000
vn -0.5384834436459751 0.2337292569605333 -0.8095716246014609
v 0.1224570000000000 0.3639810000000000 -0.0446260000000000
vn -0.8999003868062471 0.3902209986739240 -0.1946968567283307
v 0.1093850000000000 0.3699920000000000 -0.0215360000000000
vn -0.8275082443292159 0.3739974555213035 -0.4187553090180101
v 0.1180460000000000 0.3825640000000000 -0.0307000000000000
vn -0.8361009488867311 0.3588433598243299 -0.4149296884782945
v 0.1119150000000000 0.3687730000000000 -0.0304290000000000
vn -0.8709764116020832 0.4310972326931248 -0.2357016469969792
v 0.1225240000000000 0.3986010000000000 -0.0221020000000000
vn -0.7837043573751641 0.4492826333809901 -0.4288969521615001
v 0.1326920000000000 0.4121900000000000 -0.0305010000000000
vn -0.6655453272481076 0.3439547840887657 -0.6623779313055803
v 0.1292600000000000 0.3952180000000000 -0.0383180000000000
vn -0.7940801940481124 0.3964896809881011 -0.4606870719810424
v 0.1250050000000000 0.3973160000000000 -0.0307810000000000
vn -0.4826008342232636 0.3045202967100754 -0.8211965804231149
v 0.1426600000000000 0.4069220000000000 -0.0437940000000000
vn -0.3359283668763121 0.1944248979127916 -0.9216024584382435
v 0.1432400000000000 0.3887310000000000 -0.0489440000000000
vn -0.5281578150661503 0.2735683118801409 -0.8038716944386090
v 0.1353260000000000 0.3923440000000000 -0.0444570000000000
vn -0.8971915422311582 0.4003073907766912 0.1865511442967679
v 0.1097540000000000 0.3702530000000000 -0.0014120000000000
vn -0.9089544933939449 0.4168246781180569 0.0076757182553360
v 0.1148070000000000 0.3842780000000000 -0.0122040000000000
vn -0.9154330419692954 0.4023778693255275 0.0086253085678750
v 0.1086690000000000 0.3704740000000000 -0.0117800000000000
vn -0.8551133791263945 0.4006700874403105 0.3290054556836601
v 0.1187230000000000 0.3831320000000000 0.0087820000000000
vn -0.8571502837423773 0.3871624830080179 0.3397036985836749
v 0.1126280000000000 0.3693640000000000 0.0093170000000000
vn -0.8213402318082000 0.4608991620804666 0.3361133529135317
v 0.1329850000000000 0.4122940000000000 0.0076250000000000
vn -0.8818943429033920 0.4336170286774562 0.1850368622624382
v 0.1227870000000000 0.3987190000000000 -0.0023460000000000
vn -0.8401436532137746 0.4243553056297145 0.3377591102376432
v 0.1255560000000000 0.3977400000000000 0.0082070000000000
vn -0.8702505940228067 0.4925920851866883 0.0041159706488754
v 0.1294920000000000 0.4139160000000000 -0.0126720000000000
vn -0.8949518807031109 0.4460932646910157 -0.0078695885074293
v 0.1217800000000000 0.3990380000000000 -0.0125360000000000
vn -0.8349721099049447 0.5187569589403427 0.1836104387878109
v 0.1385230000000000 0.4273010000000000 -0.0028800000000000
vn -0.7778978073086077 0.6283751346701414 0.0044375119990906
v 0.1468260000000000 0.4409450000000000 -0.0118000000000000
vn -0.8165227553941314 0.5379952944331668 -0.2094078630122218
v 0.1387150000000000 0.4278670000000000 -0.0215330000000000
vn -0.8344023420695814 0.5511429132153838 0.0037710424629324
v 0.1378460000000000 0.4280730000000000 -0.0125040000000000
vn -0.7566246373488308 0.5551378634227256 0.3454578277463136
v 0.1489520000000000 0.4379320000000000 0.0067370000000000
vn -0.7937445789078681 0.5082338352471500 0.3341674911842023
v 0.1408690000000000 0.4259000000000000 0.0070690000000000
vn -0.7149028190283784 0.6733214049625300 0.1885530295820306
v 0.1561740000000000 0.4503600000000000 -0.0016170000000000
vn -0.7103453425418914 0.6208256529879823 0.3316398693177411
v 0.1569800000000000 0.4477700000000000 0.0068250000000000
vn -0.6572462909386537 0.7214013988572940 -0.2181910510862497
v 0.1575910000000000 0.4520770000000000 -0.0187740000000000
vn -0.6858551406158739 0.7276728671463260 0.0097429210109319
v 0.1564100000000000 0.4519720000000000 -0.0103250000000000
vn -0.6100503238470490 0.4528546458916936 -0.6502009474527235
v 0.1448540000000000 0.4238090000000000 -0.0367410000000000
vn -0.3920996149659041 0.4256417514320513 -0.8155286576089436
v 0.1582830000000000 0.4326470000000000 -0.0405100000000000
vn -0.2415422239746486 0.2757666433652501 -0.9303817025524759
v 0.1577220000000000 0.4169370000000000 -0.0465480000000000
vn -0.4430245740992088 0.3604705696467935 -0.8208472422824670
v 0.1503820000000000 0.4205710000000000 -0.0424400000000000
vn -0.6737354638411486 0.5893377661212467 -0.4458267849579824
v 0.1499770000000000 0.4391930000000000 -0.0283410000000000
vn -0.7406131111302585 0.5103638120533760 -0.4370594913376273
v 0.1410080000000000 0.4263440000000000 -0.0296920000000000
vn -0.4458791906206471 0.6133875897548315 -0.6518799061991674
v 0.1624810000000000 0.4467670000000000 -0.0329960000000000
vn -0.5671748636254713 0.6876762398595694 -0.4532262825609653
v 0.1596220000000000 0.4501500000000000 -0.0264390000000000
vn -0.1442011084568060 0.4076700481682149 -0.9016713215725305
v 0.1715000000000000 0.4386970000000000 -0.0415860000000000
vn -0.2985996143206788 0.5022818380552015 -0.8115116915284895
v 0.1661510000000000 0.4425040000000000 -0.0381220000000000
vn 0.5218185800038194 -0.0573094139912540 -0.8511292502497940
v 0.1995820000000000 0.3260730000000000 -0.0403180000000000
vn 0.6976658523610777 -0.1422585041362462 -0.7021573017851545
v 0.2144290000000000 0.3367200000000000 -0.0304790000000000
vn 0.6914528738728836 -0.0932529046389584 -0.7163775673409433
v 0.2095340000000000 0.3201650000000000 -0.0323880000000000
vn 0.2515084527349201 -0.0091046046458139 -0.9678122774469902
v 0.1760590000000000 0.3386740000000000 -0.0503840000000000
vn 0.3919691115037189 -0.0675534034505571 -0.9174948246770831
v 0.1939050000000000 0.3471260000000000 -0.0448210000000000
vn 0.3783118292811559 -0.0316385171761532 -0.9251373757755330
v 0.1882250000000000 0.3323350000000000 -0.0462700000000000
vn 0.2846972936900784 -0.0401007722323822 -0.9577783559007333
v 0.1880830000000000 0.3687800000000000 -0.0482320000000000
vn 0.4374833882455633 -0.0575901617131237 -0.8973804423337062
v 0.2054270000000000 0.3796560000000000 -0.0422560000000000
vn 0.5530978526091365 -0.1115931944582942 -0.8256086993181184
v 0.2104400000000000 0.3580180000000000 -0.0372250000000000
vn 0.4116962980341952 -0.0746234575910914 -0.9082606992279748
v 0.1997560000000000 0.3631860000000000 -0.0435990000000000
vn 0.7235258808508099 -0.1337114700108163 -0.6772234066588412
v 0.2242730000000000 0.3707290000000000 -0.0278830000000000
vn 0.7079117073297053 -0.1544482516947613 -0.6892073361289571
v 0.2195250000000000 0.3537940000000000 -0.0291040000000000
vn 0.0001393600014459 0.0475432774356347 -0.9988691692856819
v 0.1516230000000000 0.3505840000000000 -0.0534700000000000
vn 0.1444122270224854 -0.0049062141650158 -0.9895054510961389
v 0.1696590000000000 0.3589840000000000 -0.0519840000000000
vn 0.1303020569640843 0.0151703723232496 -0.9913582771906949
v 0.1636870000000000 0.3448140000000000 -0.0527970000000000
vn -0.1351497737482640 0.0878314283946043 -0.9869246064629033
v 0.1464360000000000 0.3696580000000000 -0.0520390000000000
vn -0.1509865785287882 0.0928349865574300 -0.9841670175204266
v 0.1403870000000000 0.3558150000000000 -0.0523600000000000
vn -0.0925230698646377 0.1388229559278999 -0.9859856329836980
v 0.1599710000000000 0.3992210000000000 -0.0505420000000000
vn 0.0254479826412368 0.0486273602264669 -0.9984927541133670
v 0.1641580000000000 0.3795490000000000 -0.0522350000000000
vn -0.1433669178961876 0.1130765753746469 -0.9831884941121359
v 0.1530400000000000 0.3844140000000000 -0.0515230000000000
vn 0.1771238096894192 0.0275147304156731 -0.9838038908498276
v 0.1825010000000000 0.3899370000000000 -0.0499140000000000
vn 0.1625226644251269 -0.0019078391920454 -0.9867029662962278
v 0.1760280000000000 0.3742860000000000 -0.0511240000000000
vn 0.0777428291010318 0.1226491110883712 -0.9894004487934096
v 0.1775750000000000 0.4093180000000000 -0.0493140000000000
vn 0.2389974809819703 0.1393615011195962 -0.9609675208299007
v 0.1945070000000000 0.4195490000000000 -0.0453210000000000
vn 0.3323863208118953 0.0275504042348181 -0.9427408493131237
v 0.2000010000000000 0.4006400000000000 -0.0450800000000000
vn 0.1991571041468662 0.0777826814777783 -0.9768757865409300
v 0.1887910000000000 0.4051550000000000 -0.0480520000000000
vn -0.0402201850840970 0.2582531205752578 -0.9652396916957685
v 0.1736420000000000 0.4258750000000000 -0.0463670000000000
vn -0.0677499262856049 0.1899905962474384 -0.9794455170277915
v 0.1670030000000000 0.4132150000000000 -0.0488260000000000
vn 0.1327638130010036 0.2959811118137873 -0.9459222755633302
v 0.1889540000000000 0.4351290000000000 -0.0430610000000000
vn -0.0131570247451370 0.3516954399768687 -0.9360220137365000
v 0.1794010000000000 0.4366790000000000 -0.0431590000000000
vn 0.4334938100032459 0.2179898457243832 -0.8743932432549610
v 0.2094710000000000 0.4292610000000000 -0.0384990000000000
vn 0.2748164830785780 0.2477920537785616 -0.9290182983733551
v 0.1992620000000000 0.4327210000000000 -0.0415100000000000
vn 0.6058847726866159 -0.0543769983127706 -0.7936918698594441
v 0.2200650000000000 0.3908910000000000 -0.0342010000000000
vn 0.7679205143334548 -0.0292007243287614 -0.6398792084171184
v 0.2310160000000000 0.4016050000000000 -0.0245500000000000
vn 0.7441393297966127 -0.0911671079158442 -0.6617742940641537
v 0.2281250000000000 0.3868680000000000 -0.0264320000000000
vn 0.5120146530064450 0.0473569381123856 -0.8576702836867495
v 0.2150310000000000 0.4108040000000000 -0.0378080000000000
vn 0.4706024165040521 -0.0181931454705417 -0.8821577948635008
v 0.2105570000000000 0.3956840000000000 -0.0404390000000000
vn 0.6862445768167416 0.1010666045912323 -0.7203151547940739
v 0.2266550000000000 0.4193310000000000 -0.0284160000000000
vn 0.5638007425060699 0.1475925622952308 -0.8126162429491134
v 0.2187250000000000 0.4245530000000000 -0.0340180000000000
vn 0.7970021143485575 0.0565137182100981 -0.6013267243171539
v 0.2328880000000000 0.4143340000000000 -0.0220380000000000
# 4537 vertices, 0 vertices normals

f 1146//1146 1144//1144 1145//1145
f 293//293 1145//1145 1144//1144
f 1154//1154 1152//1152 1153//1153
f 292//292 1153//1153 1152//1152
f 1161//1161 1160//1160 1148//1148
f 291//291 1148//1148 1160//1160
f 1169//1169 1167//1167 1168//1168
f 297//297 1168//1168 1167//1167
f 1175//1175 1173//1173 1174//1174
f 301//301 1174//1174 1173//1173
f 1182//1182 1180//1180 1181//1181
f 300//300 1181//1181 1180//1180
f 1189//1189 1187//1187 1188//1188
f 304//304 1188//1188 1187//1187
f 1194//1194 1192//1192 1193//1193
f 303//303 1193//1193 1192//1192
f 1201//1201 1200//1200 1163//1163
f 296//296 1163//1163 1200//1200
f 1209//1209 1207//1207 1208//1208
f 308//308 1208//1208 1207//1207
f 1215//1215 1214//1214 1203//1203
f 307//307 1203//1203 1214//1214
f 1223//1223 1221//1221 1222//1222
f 312//312 1222//1222 1221//1221
f 1229//1229 1227//1227 1228//1228
f 316//316 1228//1228 1227//1227
f 1236//1236 1234//1234 1235//1235
f 315//315 1235//1235 1234//1234
f 1242//1242 1241//1241 1176//1176
f 299//299 1176//1176 1241//1241
f 1247//1247 1245//1245 1246//1246
f 318//318 1246//1246 1245//1245
f 1198//1198 1253//1253 306//306
f 1252//1252 306//306 1253//1253
f 1260//1260 1261//1261 322//322
f 1259//1259 322//322 1261//1261
f 1255//1255 1267//1267 321//321
f 1266//1266 321//321 1267//1267
f 1274//1274 1275//1275 326//326
f 1273//1273 326//326 1275//1275
f 1280//1280 1281//1281 330//330
f 1279//1279 330//330 1281//1281
f 1287//1287 1288//1288 329//329
f 1286//1286 329//329 1288//1288
f 1212//1212 1294//1294 310//310
f 1293//1293 310//310 1294//1294
f 1298//1298 1299//1299 332//332
f 1297//1297 332//332 1299//1299
f 1304//1304 1305//1305 336//336
f 1303//1303 336//336 1305//1305
f 1311//1311 1312//1312 335//335
f 1310//1310 335//335 1312//1312
f 1306//1306 1318//1318 334//334
f 1317//1317 334//334 1318//1318
f 1324//1324 1325//1325 339//339
f 1323//1323 339//339 1325//1325
f 1330//1330 1331//1331 343//343
f 1329//1329 343//343 1331//1331
f 1337//1337 1338//1338 342//342
f 1336//1336 342//342 1338//1338
f 1344//1344 1345//1345 346//346
f 1343//1343 346//346 1345//1345
f 1350//1350 1348//1348 1349//1349
f 345//345 1349//1349 1348//1348
f 1352//1352 1357//1357 346//346
f 1356//1356 346//346 1357//1357
f 1364//1364 1365//1365 350//350
f 1363//1363 350//350 1365//1365
f 1371//1371 1372//1372 354//354
f 1370//1370 354//354 1372//1372
f 1379//1379 1362//1362 1378//1378
f 349//349 1378//1378 1362//1362
f 358//358 1385//1385 1384//1384
f 1386//1386 1384//1384 1385//1385
f 1377//1377 353//353 1393//1393
f 1392//1392 1393//1393 353//353
f 1397//1397 361//361 1399//1399
f 1398//1398 1399//1399 361//361
f 1391//1391 357//357 1405//1405
f 1404//1404 1405//1405 357//357
f 1410//1410 1409//1409 1217//1217
f 311//311 1217//1217 1409//1409
f 1414//1414 1403//1403 1413//1413
f 360//360 1413//1413 1403//1403
f 1419//1419 1420//1420 367//367
f 1418//1418 367//367 1420//1420
f 1427//1427 1428//1428 366//366
f 1426//1426 366//366 1428//1428
f 1422//1422 1435//1435 365//365
f 1434//1434 365//365 1435//1435
f 1442//1442 1443//1443 371//371
f 1441//1441 371//371 1443//1443
f 1449//1449 1447//1447 1448//1448
f 375//375 1448//1448 1447//1447
f 1456//1456 1454//1454 1455//1455
f 374//374 1455//1455 1454//1454
f 1463//1463 1461//1461 1462//1462
f 378//378 1462//1462 1461//1461
f 1468//1468 1466//1466 1467//1467
f 377//377 1467//1467 1466//1466
f 1437//1437 1474//1474 370//370
f 1473//1473 370//370 1474//1474
f 1480//1480 1481//1481 381//381
f 1479//1479 381//381 1481//1481
f 1485//1485 380//380 1486//1486
f 1475//1475 1486//1486 380//380
f 1492//1492 1493//1493 384//384
f 1491//1491 384//384 1493//1493
f 1498//1498 1499//1499 388//388
f 1497//1497 388//388 1499//1499
f 1505//1505 1506//1506 387//387
f 1504//1504 387//387 1506//1506
f 1450//1450 1512//1512 373//373
f 1511//1511 373//373 1512//1512
f 1516//1516 1517//1517 390//390
f 1515//1515 390//390 1517//1517
f 1522//1522 387//387 1523//1523
f 1504//1504 1523//1523 387//387
f 1530//1530 1531//1531 394//394
f 1529//1529 394//394 1531//1531
f 1525//1525 1537//1537 393//393
f 1536//1536 393//393 1537//1537
f 1544//1544 1545//1545 398//398
f 1543//1543 398//398 1545//1545
f 1550//1550 1551//1551 401//401
f 1549//1549 401//401 1551//1551
f 1557//1557 1469//1469 1556//1556
f 377//377 1556//1556 1469//1469
f 1515//1515 1562//1562 390//390
f 1561//1561 390//390 1562//1562
f 1566//1566 1457//1457 1565//1565
f 374//374 1565//1565 1457//1457
f 407//407 1571//1571 1570//1570
f 1572//1572 1570//1570 1571//1571
f 1580//1580 1578//1578 1579//1579
f 406//406 1579//1579 1578//1578
f 1587//1587 1586//1586 1574//1574
f 405//405 1574//1574 1586//1586
f 1595//1595 1593//1593 1594//1594
f 411//411 1594//1594 1593//1593
f 1601//1601 1599//1599 1600//1600
f 414//414 1600//1600 1599//1599
f 303//303 1606//1606 1195//1195
f 1607//1607 1195//1195 1606//1606
f 416//416 1612//1612 1611//1611
f 1613//1613 1611//1611 1612//1612
f 300//300 1616//1616 1183//1183
f 1617//1617 1183//1183 1616//1616
f 1623//1623 1624//1624 421//421
f 1622//1622 421//421 1624//1624
f 420//420 1631//1631 1630//1630
f 1632//1632 1630//1630 1631//1631
f 419//419 1626//1626 1638//1638
f 1639//1639 1638//1638 1626//1626
f 424//424 1644//1644 1643//1643
f 1645//1645 1643//1643 1644//1644
f 426//426 1650//1650 1649//1649
f 1651//1651 1649//1649 1650//1650
f 318//318 1654//1654 1248//1248
f 1655//1655 1248//1248 1654//1654
f 428//428 1660//1660 1659//1659
f 1661//1661 1659//1659 1660//1660
f 315//315 1664//1664 1237//1237
f 1665//1665 1237//1237 1664//1664
f 1672//1672 1670//1670 1671//1671
f 433//433 1671//1671 1670//1670
f 1680//1680 1678//1678 1679//1679
f 432//432 1679//1679 1678//1678
f 1687//1687 1686//1686 1674//1674
f 431//431 1674//1674 1686//1686
f 1695//1695 1693//1693 1694//1694
f 437//437 1694//1694 1693//1693
f 1701//1701 1699//1699 1700//1700
f 441//441 1700//1700 1699//1699
f 1708//1708 1706//1706 1707//1707
f 440//440 1707//1707 1706//1706
f 1715//1715 1713//1713 1714//1714
f 444//444 1714//1714 1713//1713
f 443//443 1719//1719 1718//1718
f 1720//1720 1718//1718 1719//1719
f 449//449 1727//1727 1726//1726
f 1728//1728 1726//1726 1727//1727
f 1734//1734 448//448 1736//1736
f 1735//1735 1736//1736 448//448
f 1730//1730 1743//1743 447//447
f 1742//1742 447//447 1743//1743
f 1749//1749 1747//1747 1748//1748
f 452//452 1748//1748 1747//1747
f 1753//1753 454//454 1755//1755
f 1754//1754 1755//1755 454//454
f 1759//1759 1351//1351 1758//1758
f 345//345 1758//1758 1351//1351
f 1765//1765 1763//1763 1764//1764
f 456//456 1764//1764 1763//1763
f 1768//1768 1769//1769 342//342
f 1339//1339 342//342 1769//1769
f 461//461 1775//1775 1774//1774
f 1776//1776 1774//1774 1775//1775
f 460//460 1783//1783 1782//1782
f 1784//1784 1782//1782 1783//1783
f 459//459 1778//1778 1790//1790
f 1791//1791 1790//1790 1778//1778
f 465//465 1798//1798 1797//1797
f 1799//1799 1797//1797 1798//1798
f 468//468 1804//1804 1803//1803
f 1805//1805 1803//1803 1804//1804
f 1811//1811 1162//1162 1810//1810
f 295//295 1810//1810 1162//1162
f 470//470 1816//1816 1815//1815
f 1817//1817 1815//1815 1816//1816
f 290//290 1820//1820 1147//1147
f 1821//1821 1147//1147 1820//1820
f 464//464 1793//1793 1826//1826
f 1827//1827 1826//1826 1793//1793
f 1835//1835 1833//1833 1834//1834
f 474//474 1834//1834 1833//1833
f 1841//1841 1840//1840 1829//1829
f 473//473 1829//1829 1840//1840
f 1848//1848 1849//1849 478//478
f 1847//1847 478//478 1849//1849
f 1853//1853 481//481 1855//1855
f 1854//1854 1855//1855 481//481
f 1860//1860 1861//1861 324//324
f 1268//1268 324//324 1861//1861
f 1866//1866 1865//1865 1806//1806
f 467//467 1806//1806 1865//1865
f 1869//1869 1870//1870 320//320
f 1254//1254 320//320 1870//1870
f 1874//1874 477//477 1875//1875
f 1843//1843 1875//1875 477//477
f 1882//1882 1883//1883 486//486
f 1881//1881 486//486 1883//1883
f 1888//1888 485//485 1889//1889
f 1877//1877 1889//1889 485//485
f 1895//1895 490//490 1897//1897
f 1896//1896 1897//1897 490//490
f 1902//1902 1903//1903 493//493
f 1901//1901 493//493 1903//1903
f 1908//1908 1909//1909 328//328
f 1285//1285 328//328 1909//1909
f 1856//1856 1914//1914 480//480
f 1913//1913 480//480 1914//1914
f 1917//1917 1918//1918 325//325
f 1272//1272 325//325 1918//1918
f 1922//1922 489//489 1923//1923
f 1891//1891 1923//1923 489//489
f 498//498 1930//1930 1929//1929
f 1931//1931 1929//1929 1930//1930
f 497//497 1925//1925 1936//1936
f 1937//1937 1936//1936 1925//1925
f 501//501 1942//1942 1941//1941
f 1943//1943 1941//1941 1942//1942
f 1949//1949 1947//1947 1948//1948
f 503//503 1948//1948 1947//1947
f 1953//1953 1335//1335 1952//1952
f 341//341 1952//1952 1335//1335
f 1957//1957 492//492 1958//1958
f 1904//1904 1958//1958 492//492
f 1962//1962 1322//1322 1961//1961
f 338//338 1961//1961 1322//1322
f 1967//1967 1965//1965 1966//1966
f 508//508 1966//1966 1965//1965
f 1974//1974 1972//1972 1973//1973
f 507//507 1973//1973 1972//1972
f 428//428 1666//1666 1979//1979
f 1980//1980 1979//1979 1666//1666
f 1971//1971 506//506 1986//1986
f 1985//1985 1986//1986 506//506
f 1382//1382 1990//1990 356//356
f 1989//1989 356//356 1990//1990
f 1995//1995 1996//1996 510//510
f 1984//1984 510//510 1996//1996
f 2001//2001 2000//2000 1416//1416
f 364//364 1416//1416 2000//2000
f 2008//2008 1994//1994 2007//2007
f 512//512 2007//2007 1994//1994
f 2012//2012 518//518 2014//2014
f 2013//2013 2014//2014 518//518
f 2018//2018 2019//2019 515//515
f 2006//2006 515//515 2019//2019
f 1354//1354 2024//2024 348//348
f 2023//2023 348//348 2024//2024
f 2030//2030 2031//2031 521//521
f 2029//2029 521//521 2031//2031
f 1706//1706 2037//2037 440//440
f 2036//2036 440//440 2037//2037
f 2043//2043 2044//2044 520//520
f 2028//2028 520//520 2044//2044
f 2049//2049 2047//2047 2048//2048
f 526//526 2048//2048 2047//2047
f 2053//2053 2042//2042 2052//2052
f 524//524 2052//2052 2042//2042
f 2058//2058 531//531 2060//2060
f 2059//2059 2060//2060 531//531
f 2068//2068 2066//2066 2067//2067
f 530//530 2067//2067 2066//2066
f 2075//2075 2074//2074 2062//2062
f 529//529 2062//2062 2074//2074
f 2083//2083 2081//2081 2082//2082
f 535//535 2082//2082 2081//2081
f 2089//2089 2087//2087 2088//2088
f 539//539 2088//2088 2087//2087
f 2095//2095 2096//2096 538//538
f 2094//2094 538//538 2096//2096
f 2103//2103 2101//2101 2102//2102
f 542//542 2102//2102 2101//2101
f 2108//2108 2106//2106 2107//2107
f 541//541 2107//2107 2106//2106
f 2116//2116 2114//2114 2115//2115
f 547//547 2115//2115 2114//2114
f 546//546 2123//2123 2122//2122
f 2124//2124 2122//2122 2123//2123
f 545//545 2118//2118 2130//2130
f 2131//2131 2130//2130 2118//2118
f 551//551 2138//2138 2137//2137
f 2139//2139 2137//2137 2138//2138
f 555//555 2144//2144 2143//2143
f 2145//2145 2143//2143 2144//2144
f 2151//2151 2152//2152 554//554
f 2150//2150 554//554 2152//2152
f 2159//2159 2157//2157 2158//2158
f 558//558 2158//2158 2157//2157
f 2163//2163 2164//2164 557//557
f 2162//2162 557//557 2164//2164
f 2171//2171 2172//2172 563//563
f 2170//2170 563//563 2172//2172
f 2179//2179 2180//2180 562//562
f 2178//2178 562//562 2180//2180
f 2174//2174 2187//2187 561//561
f 2186//2186 561//561 2187//2187
f 2194//2194 2195//2195 567//567
f 2193//2193 567//567 2195//2195
f 2200//2200 2201//2201 571//571
f 2199//2199 571//571 2201//2201
f 2207//2207 2208//2208 570//570
f 2206//2206 570//570 2208//2208
f 2214//2214 2215//2215 574//574
f 2213//2213 574//574 2215//2215
f 2219//2219 2220//2220 573//573
f 2218//2218 573//573 2220//2220
f 2133//2133 2227//2227 550//550
f 2226//2226 550//550 2227//2227
f 2235//2235 2233//2233 2234//2234
f 578//578 2234//2234 2233//2233
f 2229//2229 2241//2241 577//577
f 2240//2240 577//577 2241//2241
f 2249//2249 2247//2247 2248//2248
f 582//582 2248//2248 2247//2247
f 2255//2255 2253//2253 2254//2254
f 586//586 2254//2254 2253//2253
f 2262//2262 2260//2260 2261//2261
f 585//585 2261//2261 2260//2260
f 586//586 2264//2264 2268//2268
f 2269//2269 2268//2268 2264//2264
f 578//578 2273//2273 2236//2236
f 2274//2274 2236//2236 2273//2273
f 2279//2279 2278//2278 2243//2243
f 581//581 2243//2243 2278//2278
f 2287//2287 2285//2285 2286//2286
f 592//592 2286//2286 2285//2285
f 2292//2292 591//591 2293//2293
f 2281//2281 2293//2293 591//591
f 2297//2297 595//595 2299//2299
f 2298//2298 2299//2299 595//595
f 2304//2304 2305//2305 598//598
f 2303//2303 598//598 2305//2305
f 2310//2310 2308//2308 2309//2309
f 597//597 2309//2309 2308//2308
f 2316//2316 2315//2315 2256//2256
f 584//584 2256//2256 2315//2315
f 2320//2320 2321//2321 600//600
f 2319//2319 600//600 2321//2321
f 2326//2326 2327//2327 604//604
f 2325//2325 604//604 2327//2327
f 2333//2333 2334//2334 603//603
f 2332//2332 603//603 2334//2334
f 2328//2328 2340//2340 602//602
f 2339//2339 602//602 2340//2340
f 2344//2344 2345//2345 606//606
f 2343//2343 606//606 2345//2345
f 2351//2351 2349//2349 2350//2350
f 609//609 2350//2350 2349//2349
f 2356//2356 2354//2354 2355//2355
f 608//608 2355//2355 2354//2354
f 2363//2363 2361//2361 2362//2362
f 612//612 2362//2362 2361//2361
f 2368//2368 2366//2366 2367//2367
f 611//611 2367//2367 2366//2366
f 2373//2373 616//616 2375//2375
f 2374//2374 2375//2375 616//616
f 2381//2381 2382//2382 615//615
f 2380//2380 615//615 2382//2382
f 2389//2389 2388//2388 2370//2370
f 612//612 2370//2370 2388//2388
f 2396//2396 2379//2379 2395//2395
f 614//614 2395//2395 2379//2379
f 2400//2400 2401//2401 622//622
f 2399//2399 622//622 2401//2401
f 2406//2406 2407//2407 619//619
f 2394//2394 619//619 2407//2407
f 1500//1500 2413//2413 386//386
f 2412//2412 386//386 2413//2413
f 2417//2417 2418//2418 392//392
f 1524//1524 392//392 2418//2418
f 1487//1487 2423//2423 383//383
f 2422//2422 383//383 2423//2423
f 2427//2427 2428//2428 624//624
f 2414//2414 624//624 2428//2428
f 2354//2354 2433//2433 608//608
f 2432//2432 608//608 2433//2433
f 2440//2440 2441//2441 630//630
f 2439//2439 630//630 2441//2441
f 2446//2446 629//629 2447//2447
f 2435//2435 2447//2447 629//629
f 633//633 2452//2452 2451//2451
f 2453//2453 2451//2451 2452//2452
f 2458//2458 2457//2457 1470//1470
f 378//378 1470//1470 2457//2457
f 2464//2464 2454//2454 2463//2463
f 633//633 2463//2463 2454//2454
f 2468//2468 2467//2467 1539//1539
f 397//397 1539//1539 2467//2467
f 2462//2462 635//635 2474//2474
f 2473//2473 2474//2474 635//635
f 618//618 2386//2386 2477//2477
f 2478//2478 2477//2477 2386//2386
f 2482//2482 2472//2472 2481//2481
f 637//637 2481//2481 2472//2472
f 2487//2487 2486//2486 2206//2206
f 570//570 2206//2206 2486//2486
f 2495//2495 2493//2493 2494//2494
f 642//642 2494//2494 2493//2493
f 2502//2502 2500//2500 2501//2501
f 646//646 2501//2501 2500//2500
f 2508//2508 2509//2509 641//641
f 2492//2492 641//641 2509//2509
f 2514//2514 2515//2515 649//649
f 2513//2513 649//649 2515//2515
f 2520//2520 2521//2521 645//645
f 2507//2507 645//645 2521//2521
f 2526//2526 632//632 2527//2527
f 2444//2444 2527//2527 632//632
f 2532//2532 2002//2002 2531//2531
f 514//514 2531//2531 2002//2002
f 2535//2535 628//628 2536//2536
f 2430//2430 2536//2536 628//628
f 2539//2539 2540//2540 651//651
f 2528//2528 651//651 2540//2540
f 2544//2544 657//657 2546//2546
f 2545//2545 2546//2546 657//657
f 2553//2553 2554//2554 656//656
f 2552//2552 656//656 2554//2554
f 660//660 2560//2560 2559//2559
f 2561//2561 2559//2559 2560//2560
f 2567//2567 2551//2551 2566//2566
f 655//655 2566//2566 2551//2551
f 2573//2573 2572//2572 2224//2224
f 576//576 2224//2224 2572//2572
f 2565//2565 659//659 2580//2580
f 2579//2579 2580//2580 659//659
f 2584//2584 2585//2585 666//666
f 2583//2583 666//666 2585//2585
f 2590//2590 2591//2591 663//663
f 2578//2578 663//663 2591//2591
f 2597//2597 2596//2596 1689//1689
f 436//436 1689//1689 2596//2596
f 2602//2602 2589//2589 2601//2601
f 665//665 2601//2601 2589//2589
f 2606//2606 2607//2607 672//672
f 2605//2605 672//672 2607//2607
f 2613//2613 2614//2614 671//671
f 2612//2612 671//671 2614//2614
f 2620//2620 2619//2619 2608//2608
f 670//670 2608//2608 2619//2619
f 674//674 2624//2624 2623//2623
f 2625//2625 2623//2623 2624//2624
f 2630//2630 2631//2631 676//676
f 2629//2629 676//676 2631//2631
f 2634//2634 2635//2635 660//660
f 2560//2560 660//660 2635//2635
f 2639//2639 678//678 2641//2641
f 2640//2640 2641//2641 678//678
f 2644//2644 2645//2645 654//654
f 2547//2547 654//654 2645//2645
f 2650//2650 2649//2649 2034//2034
f 523//523 2034//2034 2649//2649
f 2657//2657 2655//2655 2656//2656
f 681//681 2656//2656 2655//2655
f 2662//2662 2661//2661 2651//2651
f 680//680 2651//2651 2661//2661
f 2666//2666 2667//2667 683//683
f 2665//2665 683//683 2667//2667
f 2671//2671 685//685 2673//2673
f 2672//2672 2673//2673 685//685
f 2676//2676 2677//2677 616//616
f 2374//2374 616//616 2677//2677
f 2682//2682 2681//2681 2054//2054
f 526//526 2054//2054 2681//2681
f 626//626 2685//2685 2424//2424
f 2686//2686 2424//2424 2685//2685
f 2691//2691 2690//2690 2150//2150
f 554//554 2150//2150 2690//2690
f 2699//2699 2697//2697 2698//2698
f 690//690 2698//2698 2697//2697
f 2693//2693 2705//2705 689//689
f 2704//2704 689//689 2705//2705
f 2710//2710 2711//2711 693//693
f 2709//2709 693//693 2711//2711
f 2717//2717 2715//2715 2716//2716
f 696//696 2716//2716 2715//2715
f 695//695 2721//2721 2720//2720
f 2722//2722 2720//2720 2721//2721
f 2728//2728 2727//2727 2162//2162
f 557//557 2162//2162 2727//2727
f 698//698 2732//2732 2731//2731
f 2733//2733 2731//2731 2732//2732
f 2260//2260 2739//2739 585//585
f 2738//2738 585//585 2739//2739
f 2746//2746 2747//2747 702//702
f 2745//2745 702//702 2747//2747
f 2741//2741 2753//2753 701//701
f 2752//2752 701//701 2753//2753
f 705//705 2758//2758 2757//2757
f 2759//2759 2757//2757 2758//2758
f 707//707 2764//2764 2763//2763
f 2765//2765 2763//2763 2764//2764
f 2769//2769 2706//2706 2768//2768
f 692//692 2768//2768 2706//2706
f 2266//2266 2774//2774 588//588
f 2773//2773 588//588 2774//2774
f 688//688 2777//2777 2692//2692
f 2778//2778 2692//2692 2777//2777
f 2308//2308 2783//2783 597//597
f 2782//2782 597//597 2783//2783
f 712//712 2790//2790 2789//2789
f 2791//2791 2789//2789 2790//2790
f 2785//2785 2797//2797 711//711
f 2796//2796 711//711 2797//2797
f 2802//2802 2803//2803 715//715
f 2801//2801 715//715 2803//2803
f 717//717 2808//2808 2807//2807
f 2809//2809 2807//2807 2808//2808
f 2812//2812 2813//2813 704//704
f 2754//2754 704//704 2813//2813
f 600//600 2319//2319 2817//2817
f 2818//2818 2817//2817 2319//2319
f 2821//2821 2822//2822 700//700
f 2740//2740 700//700 2822//2822
f 2168//2168 2826//2826 560//560
f 2825//2825 560//560 2826//2826
f 2832//2832 2833//2833 721//721
f 2831//2831 721//721 2833//2833
f 2827//2827 2838//2838 720//720
f 2837//2837 720//720 2838//2838
f 2842//2842 2843//2843 723//723
f 2841//2841 723//723 2843//2843
f 725//725 2848//2848 2847//2847
f 2849//2849 2847//2847 2848//2848
f 2853//2853 2798//2798 2852//2852
f 714//714 2852//2852 2798//2798
f 2184//2184 2858//2858 565//565
f 2857//2857 565//565 2858//2858
f 2861//2861 2862//2862 710//710
f 2784//2784 710//710 2862//2862
f 2868//2868 2866//2866 2867//2867
f 731//731 2867//2867 2866//2866
f 730//730 2875//2875 2874//2874
f 2876//2876 2874//2874 2875//2875
f 729//729 2870//2870 2882//2882
f 2883//2883 2882//2882 2870//2870
f 735//735 2890//2890 2889//2889
f 2891//2891 2889//2889 2890//2890
f 739//739 2896//2896 2895//2895
f 2897//2897 2895//2895 2896//2896
f 738//738 2903//2903 2902//2902
f 2904//2904 2902//2902 2903//2903
f 2911//2911 2909//2909 2910//2910
f 742//742 2910//2910 2909//2909
f 2916//2916 2914//2914 2915//2915
f 741//741 2915//2915 2914//2914
f 2923//2923 2921//2921 2922//2922
f 746//746 2922//2922 2921//2921
f 2930//2930 2928//2928 2929//2929
f 745//745 2929//2929 2928//2928
f 744//744 2924//2924 2935//2935
f 2936//2936 2935//2935 2924//2924
f 749//749 2942//2942 2941//2941
f 2943//2943 2941//2941 2942//2942
f 753//753 2948//2948 2947//2947
f 2949//2949 2947//2947 2948//2948
f 752//752 2955//2955 2954//2954
f 2956//2956 2954//2954 2955//2955
f 2963//2963 2961//2961 2962//2962
f 756//756 2962//2962 2961//2961
f 2968//2968 2966//2966 2967//2967
f 755//755 2967//2967 2966//2966
f 2974//2974 2975//2975 760//760
f 2973//2973 760//760 2975//2975
f 2981//2981 2982//2982 759//759
f 2980//2980 759//759 2982//2982
f 2976//2976 2988//2988 758//758
f 2987//2987 758//758 2988//2988
f 2994//2994 2995//2995 763//763
f 2993//2993 763//763 2995//2995
f 3000//3000 3001//3001 767//767
f 2999//2999 767//767 3001//3001
f 3007//3007 3008//3008 766//766
f 3006//3006 766//766 3008//3008
f 3014//3014 3015//3015 770//770
f 3013//3013 770//770 3015//3015
f 3019//3019 3020//3020 769//769
f 3018//3018 769//769 3020//3020
f 2989//2989 3027//3027 762//762
f 3026//3026 762//762 3027//3027
f 3034//3034 3035//3035 774//774
f 3033//3033 774//774 3035//3035
f 3029//3029 3041//3041 773//773
f 3040//3040 773//773 3041//3041
f 3048//3048 3049//3049 778//778
f 3047//3047 778//778 3049//3049
f 3054//3054 3055//3055 782//782
f 3053//3053 782//782 3055//3055
f 3061//3061 3062//3062 781//781
f 3060//3060 781//781 3062//3062
f 3002//3002 3068//3068 765//765
f 3067//3067 765//765 3068//3068
f 3072//3072 3073//3073 784//784
f 3071//3071 784//784 3073//3073
f 3079//3079 3077//3077 3078//3078
f 788//788 3078//3078 3077//3077
f 3085//3085 3086//3086 787//787
f 3084//3084 787//787 3086//3086
f 3092//3092 3091//3091 3024//3024
f 772//772 3024//3024 3091//3091
f 3098//3098 3083//3083 3097//3097
f 786//786 3097//3097 3083//3083
f 3102//3102 752//752 3103//3103
f 2954//2954 3103//3103 752//752
f 3109//3109 3110//3110 790//790
f 3096//3096 790//790 3110//3110
f 3116//3116 3114//3114 3115//3115
f 797//797 3115//3115 3114//3114
f 3123//3123 3108//3108 3122//3122
f 793//793 3122//3122 3108//3108
f 3129//3129 3130//3130 800//800
f 3128//3128 800//800 3130//3130
f 3135//3135 3121//3121 3134//3134
f 796//796 3134//3134 3121//3121
f 3141//3141 3142//3142 805//805
f 3140//3140 805//805 3142//3142
f 3149//3149 3150//3150 804//804
f 3148//3148 804//804 3150//3150
f 803//803 3144//3144 3156//3156
f 3157//3157 3156//3156 3144//3144
f 3165//3165 3163//3163 3164//3164
f 809//809 3164//3164 3163//3163
f 3171//3171 3169//3169 3170//3170
f 813//813 3170//3170 3169//3169
f 3177//3177 3178//3178 812//812
f 3176//3176 812//812 3178//3178
f 3184//3184 3185//3185 816//816
f 3183//3183 816//816 3185//3185
f 3189//3189 3190//3190 815//815
f 3188//3188 815//815 3190//3190
f 3195//3195 795//795 3196//3196
f 3112//3112 3196//3196 795//795
f 3201//3201 819//819 3203//3203
f 3202//3202 3203//3203 819//819
f 3197//3197 3208//3208 818//818
f 3207//3207 818//818 3208//3208
f 3214//3214 3215//3215 822//822
f 3213//3213 822//822 3215//3215
f 3220//3220 3221//3221 826//826
f 3219//3219 826//826 3221//3221
f 3227//3227 3228//3228 825//825
f 3226//3226 825//825 3228//3228
f 3233//3233 800//800 3234//3234
f 3136//3136 3234//3234 800//800
f 3238//3238 3239//3239 828//828
f 3237//3237 828//828 3239//3239
f 3244//3244 3245//3245 832//832
f 3243//3243 832//832 3245//3245
f 3251//3251 3252//3252 831//831
f 3250//3250 831//831 3252//3252
f 3246//3246 3258//3258 830//830
f 3257//3257 830//830 3258//3258
f 3263//3263 3261//3261 3262//3262
f 834//834 3262//3262 3261//3261
f 3268//3268 3269//3269 837//837
f 3267//3267 837//837 3269//3269
f 3273//3273 3274//3274 836//836
f 3272//3272 836//836 3274//3274
f 3280//3280 3281//3281 840//840
f 3279//3279 840//840 3281//3281
f 3285//3285 3286//3286 839//839
f 3284//3284 839//839 3286//3286
f 3293//3293 3292//3292 1568//1568
f 404//404 1568//1568 3292//3292
f 844//844 3300//3300 3299//3299
f 3301//3301 3299//3299 3300//3300
f 3307//3307 3306//3306 3295//3295
f 843//843 3295//3295 3306//3306
f 3313//3313 3311//3311 3312//3312
f 847//847 3312//3312 3311//3311
f 3319//3319 3317//3317 3318//3318
f 850//850 3318//3318 3317//3317
f 3324//3324 3322//3322 3323//3323
f 849//849 3323//3323 3322//3322
f 409//409 1584//1584 3329//3329
f 3330//3330 3329//3329 1584//1584
f 852//852 3334//3334 3333//3333
f 3335//3335 3333//3333 3334//3334
f 3341//3341 3340//3340 1620//1620
f 418//418 1620//1620 3340//3340
f 3349//3349 3347//3347 3348//3348
f 856//856 3348//3348 3347//3347
f 3355//3355 3354//3354 3343//3343
f 855//855 3343//3343 3354//3354
f 3361//3361 3359//3359 3360//3360
f 859//859 3360//3360 3359//3359
f 3367//3367 3365//3365 3366//3366
f 861//861 3366//3366 3365//3365
f 3371//3371 3308//3308 3370//3370
f 846//846 3370//3370 3308//3308
f 3376//3376 3375//3375 1636//1636
f 423//423 1636//1636 3375//3375
f 3380//3380 3294//3294 3379//3379
f 842//842 3379//3379 3294//3294
f 3385//3385 3384//3384 1668//1668
f 430//430 1668//1668 3384//3384
f 3393//3393 3391//3391 3392//3392
f 866//866 3392//3392 3391//3391
f 3399//3399 3398//3398 3387//3387
f 865//865 3387//3387 3398//3398
f 3407//3407 3405//3405 3406//3406
f 870//870 3406//3406 3405//3405
f 3413//3413 3411//3411 3412//3412
f 874//874 3412//3412 3411//3411
f 3420//3420 3418//3418 3419//3419
f 873//873 3419//3419 3418//3418
f 3426//3426 3425//3425 1684//1684
f 435//435 1684//1684 3425//3425
f 3431//3431 3429//3429 3430//3430
f 876//876 3430//3430 3429//3429
f 3437//3437 3436//3436 1724//1724
f 446//446 1724//1724 3436//3436
f 3443//3443 880//880 3445//3445
f 3444//3444 3445//3445 880//880
f 3439//3439 3451//3451 879//879
f 3450//3450 879//879 3451//3451
f 3456//3456 3457//3457 883//883
f 3455//3455 883//883 3457//3457
f 3461//3461 885//885 3463//3463
f 3462//3462 3463//3463 885//885
f 3467//3467 3400//3400 3466//3466
f 868//868 3466//3466 3400//3400
f 1740//1740 3472//3472 451//451
f 3471//3471 451//451 3472//3472
f 3476//3476 3386//3386 3475//3475
f 864//864 3475//3475 3386//3386
f 458//458 1772//1772 3480//3480
f 3481//3481 3480//3480 1772//1772
f 3489//3489 3487//3487 3488//3488
f 890//890 3488//3488 3487//3487
f 3495//3495 3494//3494 3483//3483
f 889//889 3483//3483 3494//3494
f 3501//3501 3499//3499 3500//3500
f 893//893 3500//3500 3499//3499
f 3507//3507 3505//3505 3506//3506
f 896//896 3506//3506 3505//3505
f 3512//3512 3510//3510 3511//3511
f 895//895 3511//3511 3510//3510
f 463//463 1788//1788 3517//3517
f 3518//3518 3517//3517 1788//1788
f 3523//3523 3521//3521 3522//3522
f 898//898 3522//3522 3521//3521
f 472//472 1824//1824 3527//3527
f 3528//3528 3527//3527 1824//1824
f 3535//3535 3533//3533 3534//3534
f 901//901 3534//3534 3533//3533
f 3540//3540 3539//3539 3529//3529
f 900//900 3529//3529 3539//3539
f 3544//3544 3545//3545 903//903
f 3543//3543 903//903 3545//3545
f 3550//3550 3551//3551 906//906
f 3549//3549 906//906 3551//3551
f 3555//3555 3556//3556 905//905
f 3554//3554 905//905 3556//3556
f 476//476 1838//1838 3561//3561
f 3562//3562 3561//3561 1838//1838
f 3566//3566 3567//3567 908//908
f 3565//3565 908//908 3567//3567
f 3571//3571 484//484 3572//3572
f 1872//1872 3572//3572 484//484
f 3578//3578 3579//3579 911//911
f 3577//3577 911//911 3579//3579
f 3573//3573 3584//3584 910//910
f 3583//3583 910//910 3584//3584
f 3588//3588 3589//3589 913//913
f 3587//3587 913//913 3589//3589
f 3594//3594 3595//3595 916//916
f 3593//3593 916//916 3595//3595
f 3599//3599 3600//3600 915//915
f 3598//3598 915//915 3600//3600
f 3605//3605 488//488 3606//3606
f 1886//1886 3606//3606 488//488
f 3609//3609 918//918 3611//3611
f 3610//3610 3611//3611 918//918
f 3616//3616 3615//3615 1920//1920
f 496//496 1920//1920 3615//3615
f 3623//3623 3621//3621 3622//3622
f 921//921 3622//3622 3621//3621
f 3628//3628 3627//3627 3617//3617
f 920//920 3617//3617 3627//3627
f 3633//3633 3631//3631 3632//3632
f 923//923 3632//3632 3631//3631
f 3639//3639 3637//3637 3638//3638
f 925//925 3638//3638 3637//3637
f 3643//3643 3452//3452 3642//3642
f 882//882 3642//3642 3452//3452
f 3648//3648 3647//3647 1934//1934
f 500//500 1934//1934 3647//3647
f 3652//3652 3438//3438 3651//3651
f 878//878 3651//3651 3438//3438
f 3656//3656 3655//3655 3338//3338
f 854//854 3338//3338 3655//3655
f 3663//3663 3661//3661 3662//3662
f 929//929 3662//3662 3661//3661
f 3668//3668 517//517 3669//3669
f 2010//2010 3669//3669 517//517
f 3675//3675 3676//3676 928//928
f 3660//3660 928//928 3676//3676
f 3681//3681 3679//3679 3680//3680
f 935//935 3680//3680 3679//3679
f 3687//3687 3674//3674 3686//3686
f 932//932 3686//3686 3674//3674
f 3192//3192 3692//3692 816//816
f 3691//3691 816//816 3692//3692
f 3697//3697 3698//3698 934//934
f 3685//3685 934//934 3698//3698
f 3702//3702 3701//3701 3100//3100
f 792//792 3100//3100 3701//3701
f 3706//3706 3696//3696 3705//3705
f 937//937 3705//3705 3696//3696
f 3401//3401 3710//3710 869//869
f 3709//3709 869//869 3710//3710
f 3716//3716 3717//3717 941//941
f 3715//3715 941//941 3717//3717
f 3723//3723 3722//3722 3126//3126
f 799//799 3126//3126 3722//3722
f 3730//3730 3714//3714 3729//3729
f 940//940 3729//3729 3714//3714
f 3734//3734 3735//3735 946//946
f 3733//3733 946//946 3735//3735
f 3738//3738 3739//3739 944//944
f 3728//3728 944//944 3739//3739
f 3744//3744 951//951 3746//3746
f 3745//3745 3746//3746 951//951
f 3754//3754 3752//3752 3753//3753
f 950//950 3753//3753 3752//3752
f 3761//3761 3760//3760 3748//3748
f 949//949 3748//3748 3760//3760
f 3769//3769 3767//3767 3768//3768
f 955//955 3768//3768 3767//3767
f 3775//3775 3773//3773 3774//3774
f 959//959 3774//3774 3773//3773
f 3781//3781 3782//3782 958//958
f 3780//3780 958//958 3782//3782
f 3789//3789 3787//3787 3788//3788
f 962//962 3788//3788 3787//3787
f 3794//3794 3792//3792 3793//3793
f 961//961 3793//3793 3792//3792
f 3802//3802 3800//3800 3801//3801
f 967//967 3801//3801 3800//3800
f 3810//3810 3808//3808 3809//3809
f 966//966 3809//3809 3808//3808
f 3817//3817 3816//3816 3804//3804
f 965//965 3804//3804 3816//3816
f 3823//3823 971//971 3825//3825
f 3824//3824 3825//3825 971//971
f 3831//3831 3829//3829 3830//3830
f 975//975 3830//3830 3829//3829
f 3838//3838 3836//3836 3837//3837
f 974//974 3837//3837 3836//3836
f 3845//3845 3843//3843 3844//3844
f 978//978 3844//3844 3843//3843
f 3850//3850 3848//3848 3849//3849
f 977//977 3849//3849 3848//3848
f 3857//3857 3858//3858 983//983
f 3856//3856 983//983 3858//3858
f 3865//3865 3866//3866 982//982
f 3864//3864 982//982 3866//3866
f 3860//3860 3873//3873 981//981
f 3872//3872 981//981 3873//3873
f 3880//3880 3881//3881 987//987
f 3879//3879 987//987 3881//3881
f 3886//3886 3887//3887 991//991
f 3885//3885 991//991 3887//3887
f 3893//3893 3894//3894 990//990
f 3892//3892 990//990 3894//3894
f 3901//3901 3899//3899 3900//3900
f 994//994 3900//3900 3899//3899
f 3905//3905 3906//3906 993//993
f 3904//3904 993//993 3906//3906
f 3912//3912 3913//3913 998//998
f 3911//3911 998//998 3913//3913
f 997//997 3919//3919 3918//3918
f 3920//3920 3918//3918 3919//3919
f 3928//3928 3926//3926 3927//3927
f 1001//1001 3927//3927 3926//3926
f 3933//3933 3839//3839 3932//3932
f 974//974 3932//3932 3839//3839
f 1005//1005 3938//3938 3937//3937
f 3939//3939 3937//3937 3938//3938
f 1004//1004 3945//3945 3944//3944
f 3946//3946 3944//3944 3945//3945
f 3952//3952 3953//3953 1008//1008
f 3951//3951 1008//1008 3953//3953
f 3958//3958 3956//3956 3957//3957
f 1007//1007 3957//3957 3956//3956
f 1012//1012 3964//3964 3963//3963
f 3965//3965 3963//3963 3964//3964
f 3970//3970 1011//1011 3972//3972
f 3971//3971 3972//3972 1011//1011
f 1010//1010 3966//3966 3977//3977
f 3978//3978 3977//3977 3966//3966
f 3984//3984 3985//3985 1015//1015
f 3983//3983 1015//1015 3985//3985
f 3989//3989 1018//1018 3991//3991
f 3990//3990 3991//3991 1018//1018
f 993//993 3996//3996 3907//3907
f 3997//3997 3907//3907 3996//3996
f 4001//4001 1020//1020 4003//4003
f 4002//4002 4003//4003 1020//1020
f 3895//3895 990//990 4007//4007
f 4006//4006 4007//4007 990//990
f 3798//3798 4013//4013 964//964
f 4012//4012 964//964 4013//4013
f 4020//4020 4021//4021 1024//1024
f 4019//4019 1024//1024 4021//4021
f 4027//4027 4026//4026 4015//4015
f 1023//1023 4015//4015 4026//4026
f 4035//4035 4033//4033 4034//4034
f 1028//1028 4034//4034 4033//4033
f 4040//4040 4041//4041 1031//1031
f 4039//4039 1031//1031 4041//4041
f 4047//4047 3874//3874 4046//4046
f 985//985 4046//4046 3874//3874
f 3814//3814 4052//4052 969//969
f 4051//4051 969//969 4052//4052
f 4055//4055 4056//4056 980//980
f 3859//3859 980//980 4056//4056
f 4060//4060 1022//1022 4061//4061
f 4010//4010 4061//4061 1022//1022
f 4068//4068 4069//4069 1036//1036
f 4067//4067 1036//1036 4069//4069
f 4074//4074 4075//4075 1039//1039
f 4073//4073 1039//1039 4075//4075
f 4080//4080 4081//4081 1035//1035
f 4066//4066 1035//1035 4081//4081
f 3254//3254 4087//4087 832//832
f 4086//4086 832//832 4087//4087
f 4091//4091 4092//4092 825//825
f 3229//3229 825//825 4092//4092
f 3288//3288 4097//4097 840//840
f 4096//4096 840//840 4097//4097
f 4103//4103 4104//4104 1041//1041
f 4088//4088 1041//1041 4104//4104
f 1046//1046 4108//4108 4107//4107
f 4109//4109 4107//4107 4108//4108
f 4113//4113 4102//4102 4112//4112
f 1044//1044 4112//4112 4102//4102
f 4118//4118 4119//4119 1050//1050
f 4117//4117 1050//1050 4119//4119
f 4125//4125 4126//4126 1049//1049
f 4124//4124 1049//1049 4126//4126
f 4132//4132 4131//4131 4029//4029
f 1027//1027 4029//4029 4131//4131
f 4138//4138 4123//4123 4137//4137
f 1048//1048 4137//4137 4123//4123
f 4142//4142 4141//4141 4094//4094
f 1043//1043 4094//4094 4141//4141
f 4147//4147 4148//4148 1052//1052
f 4136//4136 1052//1052 4148//4148
f 4152//4152 4151//4151 3272//3272
f 836//836 3272//3272 4151//4151
f 4158//4158 4146//4146 4157//4157
f 1054//1054 4157//4157 4146//4146
f 4161//4161 1058//1058 4163//4163
f 4162//4162 4163//4163 1058//1058
f 4166//4166 4167//4167 802//802
f 3143//3143 802//802 4167//4167
f 4173//4173 4171//4171 4172//4172
f 1062//1062 4172//4172 4171//4171
f 4180//4180 4178//4178 4179//4179
f 1061//1061 4179//4179 4178//4178
f 3875//3875 4186//4186 986//986
f 4185//4185 986//986 4186//4186
f 4191//4191 4192//4192 1060//1060
f 4177//4177 1060//1060 4192//4192
f 3688//3688 4197//4197 935//935
f 4196//4196 935//935 4197//4197
f 4201//4201 4202//4202 1058//1058
f 4162//4162 1058//1058 4202//4202
f 3666//3666 4206//4206 931//931
f 4205//4205 931//931 4206//4206
f 4211//4211 4212//4212 1066//1066
f 4198//4198 1066//1066 4212//4212
f 4216//4216 644//644 4217//4217
f 2498//2498 4217//4217 644//644
f 4210//4210 1068//1068 4222//4222
f 4221//4221 4222//4222 1068//1068
f 4226//4226 4227//4227 1074//1074
f 4225//4225 1074//1074 4227//4227
f 4233//4233 4234//4234 1073//1073
f 4232//4232 1073//1073 4234//4234
f 4240//4240 4239//4239 2594//2594
f 668//668 2594//2594 4239//4239
f 4246//4246 4231//4231 4245//4245
f 1072//1072 4245//4245 4231//4231
f 3418//3418 4251//4251 873//873
f 4250//4250 873//873 4251//4251
f 4257//4257 4258//4258 1076//1076
f 4244//4244 1076//1076 4258//4258
f 1082//1082 4262//4262 4261//4261
f 4263//4263 4261//4261 4262//4262
f 4269//4269 4256//4256 4268//4268
f 1079//1079 4268//4268 4256//4256
f 4274//4274 1008//1008 4275//4275
f 3960//3960 4275//4275 1008//1008
f 4267//4267 1081//1081 4280//4280
f 4279//4279 4280//4280 1081//1081
f 4214//4214 4284//4284 1070//1070
f 4283//4283 1070//1070 4284//4284
f 1087//1087 4290//4290 4289//4289
f 4291//4291 4289//4289 4290//4290
f 4285//4285 4296//4296 1086//1086
f 4295//4295 1086//1086 4296//4296
f 4300//4300 4301//4301 1089//1089
f 4299//4299 1089//1089 4301//4301
f 4306//4306 4307//4307 1091//1091
f 4305//4305 1091//1091 4307//4307
f 4310//4310 4311//4311 1012//1012
f 3964//3964 1012//1012 4311//4311
f 4316//4316 4315//4315 4182//4182
f 1062//1062 4182//4182 4315//4315
f 1020//1020 4319//4319 4002//4002
f 4320//4320 4002//4002 4319//4319
f 4324//4324 4323//4323 4248//4248
f 1078//1078 4248//4248 4323//4323
f 4331//4331 4329//4329 4330//4330
f 1095//1095 4330//4330 4329//4329
f 4336//4336 4335//4335 4325//4325
f 1094//1094 4325//4325 4335//4335
f 4341//4341 4339//4339 4340//4340
f 1097//1097 4340//4340 4339//4339
f 4346//4346 4347//4347 1099//1099
f 4345//4345 1099//1099 4347//4347
f 4350//4350 4351//4351 967//967
f 3801//3801 967//967 4351//4351
f 4356//4356 4355//4355 4270//4270
f 1082//1082 4270//4270 4355//4355
f 4359//4359 4360//4360 978//978
f 3844//3844 978//978 4360//4360
f 4365//4365 4363//4363 4364//4364
f 1104//1104 4364//4364 4363//4363
f 4372//4372 4370//4370 4371//4371
f 1103//1103 4371//4371 4370//4370
f 4378//4378 4377//4377 4366//4366
f 1102//1102 4366//4366 4377//4377
f 4385//4385 4383//4383 4384//4384
f 1107//1107 4384//4384 4383//4383
f 4391//4391 4389//4389 4390//4390
f 1110//1110 4390//4390 4389//4389
f 4397//4397 3745//3745 4396//4396
f 951//951 4396//4396 3745//3745
f 4402//4402 4403//4403 1112//1112
f 4401//4401 1112//1112 4403//4403
f 4406//4406 4407//4407 962//962
f 3788//3788 962//962 4407//4407
f 4412//4412 4413//4413 1116//1116
f 4411//4411 1116//1116 4413//4413
f 4419//4419 4420//4420 1115//1115
f 4418//4418 1115//1115 4420//4420
f 4414//4414 4426//4426 1114//1114
f 4425//4425 1114//1114 4426//4426
f 4431//4431 4429//4429 4430//4430
f 1118//1118 4430//4430 4429//4429
f 4437//4437 4435//4435 4436//4436
f 1120//1120 4436//4436 4435//4435
f 4441//4441 3795//3795 4440//4440
f 961//961 4440//4440 3795//3795
f 4446//4446 4447//4447 1122//1122
f 4445//4445 1122//1122 4447//4447
f 4450//4450 4451//4451 958//958
f 3783//3783 958//958 4451//4451
f 4456//4456 4457//4457 1126//1126
f 4455//4455 1126//1126 4457//4457
f 4463//4463 4464//4464 1125//1125
f 4462//4462 1125//1125 4464//4464
f 4470//4470 4469//4469 4458//4458
f 1124//1124 4458//4458 4469//4469
f 4474//4474 4475//4475 1128//1128
f 4473//4473 1128//1128 4475//4475
f 4480//4480 4481//4481 1130//1130
f 4479//4479 1130//1130 4481//4481
f 957//957 4484//4484 3779//3779
f 4485//4485 3779//3779 4484//4484
f 4491//4491 4489//4489 4490//4490
f 1132//1132 4490//4490 4489//4489
f 4494//4494 4495//4495 954//954
f 3766//3766 954//954 4495//4495
f 4379//4379 4500//4500 1106//1106
f 4499//4499 1106//1106 4500//4500
f 4506//4506 4507//4507 1135//1135
f 4505//4505 1135//1135 4507//4507
f 4501//4501 4512//4512 1134//1134
f 4511//4511 1134//1134 4512//4512
f 4517//4517 4515//4515 4516//4516
f 1137//1137 4516//4516 4515//4515
f 4523//4523 4521//4521 4522//4522
f 1139//1139 4522//4522 4521//4521
f 4527//4527 3762//3762 4526//4526
f 953//953 4526//4526 3762//3762
f 4392//4392 4532//4532 1109//1109
f 4531//4531 1109//1109 4532//4532
f 4535//4535 4536//4536 948//948
f 3747//3747 948//948 4536//4536
f 1143//1143 294//294 1146//1146
f 1144//1144 1146//1146 294//294
f 1151//1151 82//82 1154//1154
f 1152//1152 1154//1154 82//82
f 1159//1159 298//298 1161//1161
f 1160//1160 1161//1161 298//298
f 1166//1166 79//79 1169//1169
f 1167//1167 1169//1169 79//79
f 1172//1172 302//302 1175//1175
f 1173//1173 1175//1175 302//302
f 1179//1179 3//3 1182//1182
f 1180//1180 1182//1182 3//3
f 1186//1186 305//305 1189//1189
f 1187//1187 1189//1189 305//305
f 1184//1184 80//80 1194//1194
f 1192//1192 1194//1194 80//80
f 1199//1199 309//309 1201//1201
f 1200//1200 1201//1201 309//309
f 1206//1206 86//86 1209//1209
f 1207//1207 1209//1209 86//86
f 1213//1213 313//313 1215//1215
f 1214//1214 1215//1215 313//313
f 1220//1220 84//84 1223//1223
f 1221//1221 1223//1223 84//84
f 1226//1226 317//317 1229//1229
f 1227//1227 1229//1229 317//317
f 1233//1233 5//5 1236//1236
f 1234//1234 1236//1236 5//5
f 1240//1240 319//319 1242//1242
f 1241//1241 1242//1242 319//319
f 1238//1238 85//85 1247//1247
f 1245//1245 1247//1247 85//85
f 1253//1253 1251//1251 1252//1252
f 323//323 1252//1252 1251//1251
f 1261//1261 1258//1258 1259//1259
f 90//90 1259//1259 1258//1258
f 1267//1267 1265//1265 1266//1266
f 327//327 1266//1266 1265//1265
f 1275//1275 1272//1272 1273//1273
f 88//88 1273//1273 1272//1272
f 1281//1281 1278//1278 1279//1279
f 331//331 1279//1279 1278//1278
f 1288//1288 1285//1285 1286//1286
f 10//10 1286//1286 1285//1285
f 1294//1294 1292//1292 1293//1293
f 333//333 1293//1293 1292//1292
f 1299//1299 1290//1290 1297//1297
f 89//89 1297//1297 1290//1290
f 1305//1305 1302//1302 1303//1303
f 337//337 1303//1303 1302//1302
f 1312//1312 1309//1309 1310//1310
f 94//94 1310//1310 1309//1309
f 1318//1318 1316//1316 1317//1317
f 340//340 1317//1317 1316//1316
f 1325//1325 1322//1322 1323//1323
f 91//91 1323//1323 1322//1322
f 1331//1331 1328//1328 1329//1329
f 344//344 1329//1329 1328//1328
f 1338//1338 1335//1335 1336//1336
f 11//11 1336//1336 1335//1335
f 1345//1345 1342//1342 1343//1343
f 347//347 1343//1343 1342//1342
f 1340//1340 92//92 1350//1350
f 1348//1348 1350//1350 92//92
f 1357//1357 1355//1355 1356//1356
f 351//351 1356//1356 1355//1355
f 1365//1365 1362//1362 1363//1363
f 98//98 1363//1363 1362//1362
f 1372//1372 1369//1369 1370//1370
f 355//355 1370//1370 1369//1369
f 1377//1377 98//98 1379//1379
f 1362//1362 1379//1379 98//98
f 1384//1384 1386//1386 359//359
f 1383//1383 359//359 1386//1386
f 98//98 1377//1377 1391//1391
f 1393//1393 1391//1391 1377//1377
f 362//362 1397//1397 1396//1396
f 1399//1399 1396//1396 1397//1397
f 98//98 1391//1391 1403//1403
f 1405//1405 1403//1403 1391//1391
f 1408//1408 363//363 1410//1410
f 1409//1409 1410//1410 363//363
f 1363//1363 98//98 1414//1414
f 1403//1403 1414//1414 98//98
f 1420//1420 1417//1417 1418//1418
f 368//368 1418//1418 1417//1417
f 1428//1428 1425//1425 1426//1426
f 103//103 1426//1426 1425//1425
f 1435//1435 1433//1433 1434//1434
f 372//372 1434//1434 1433//1433
f 1443//1443 1440//1440 1441//1441
f 100//100 1441//1441 1440//1440
f 1446//1446 376//376 1449//1449
f 1447//1447 1449//1449 376//376
f 1456//1456 1453//1453 1454//1454
f 18//18 1454//1454 1453//1453
f 1460//1460 379//379 1463//1463
f 1461//1461 1463//1463 379//379
f 1458//1458 101//101 1468//1468
f 1466//1466 1468//1468 101//101
f 382//382 1473//1473 1472//1472
f 1474//1474 1472//1472 1473//1473
f 106//106 1479//1479 1478//1478
f 1481//1481 1478//1478 1479//1479
f 385//385 1485//1485 1484//1484
f 1486//1486 1484//1484 1485//1485
f 1493//1493 1490//1490 1491//1491
f 104//104 1491//1491 1490//1490
f 1499//1499 1496//1496 1497//1497
f 389//389 1497//1497 1496//1496
f 1506//1506 1503//1503 1504//1504
f 15//15 1504//1504 1503//1503
f 1512//1512 1510//1510 1511//1511
f 391//391 1511//1511 1510//1510
f 1517//1517 1508//1508 1515//1515
f 105//105 1515//1515 1508//1508
f 1523//1523 1521//1521 1522//1522
f 395//395 1522//1522 1521//1521
f 1531//1531 1528//1528 1529//1529
f 109//109 1529//1529 1528//1528
f 1537//1537 1535//1535 1536//1536
f 399//399 1536//1536 1535//1535
f 1545//1545 1542//1542 1543//1543
f 108//108 1543//1543 1542//1542
f 1548//1548 402//402 1551//1551
f 1549//1549 1551//1551 402//402
f 1557//1557 1555//1555 1469//1469
f 17//17 1469//1469 1555//1555
f 1562//1562 1560//1560 1561//1561
f 403//403 1561//1561 1560//1560
f 1558//1558 101//101 1566//1566
f 1457//1457 1566//1566 101//101
f 1570//1570 1572//1572 408//408
f 1569//1569 408//408 1572//1572
f 1577//1577 113//113 1580//1580
f 1578//1578 1580//1580 113//113
f 1585//1585 412//412 1587//1587
f 1586//1586 1587//1587 412//412
f 1592//1592 111//111 1595//1595
f 1593//1593 1595//1595 111//111
f 1598//1598 415//415 1601//1601
f 1599//1599 1601//1601 415//415
f 1195//1195 1607//1607 1//1
f 1605//1605 1//1 1607//1607
f 1611//1611 1613//1613 417//417
f 1610//1610 417//417 1613//1613
f 1183//1183 1617//1617 80//80
f 1608//1608 80//80 1617//1617
f 1622//1622 1624//1624 422//422
f 1621//1621 422//422 1624//1624
f 1630//1630 1632//1632 116//116
f 1629//1629 116//116 1632//1632
f 1638//1638 1639//1639 425//425
f 1637//1637 425//425 1639//1639
f 1643//1643 1645//1645 112//112
f 1582//1582 112//112 1645//1645
f 1649//1649 1651//1651 427//427
f 1648//1648 427//427 1651//1651
f 1248//1248 1655//1655 3//3
f 1618//1618 3//3 1655//1655
f 1659//1659 1661//1661 429//429
f 1658//1658 429//429 1661//1661
f 1237//1237 1665//1665 85//85
f 1656//1656 85//85 1665//1665
f 1669//1669 434//434 1672//1672
f 1670//1670 1672//1672 434//434
f 1677//1677 121//121 1680//1680
f 1678//1678 1680//1680 121//121
f 1685//1685 438//438 1687//1687
f 1686//1686 1687//1687 438//438
f 1692//1692 118//118 1695//1695
f 1693//1693 1695//1695 118//118
f 1698//1698 442//442 1701//1701
f 1699//1699 1701//1701 442//442
f 1705//1705 8//8 1708//1708
f 1706//1706 1708//1708 8//8
f 1712//1712 445//445 1715//1715
f 1713//1713 1715//1715 445//445
f 1718//1718 1720//1720 119//119
f 1710//1710 119//119 1720//1720
f 1726//1726 1728//1728 450//450
f 1725//1725 450//450 1728//1728
f 124//124 1734//1734 1733//1733
f 1736//1736 1733//1733 1734//1734
f 1742//1742 1743//1743 453//453
f 1741//1741 453//453 1743//1743
f 1682//1682 120//120 1749//1749
f 1747//1747 1749//1749 120//120
f 455//455 1753//1753 1752//1752
f 1755//1755 1752//1752 1753//1753
f 7//7 1351//1351 1722//1722
f 1759//1759 1722//1722 1351//1351
f 1765//1765 1762//1762 1763//1763
f 457//457 1763//1763 1762//1762
f 92//92 1339//1339 1760//1760
f 1769//1769 1760//1760 1339//1339
f 1774//1774 1776//1776 462//462
f 1773//1773 462//462 1776//1776
f 1782//1782 1784//1784 128//128
f 1781//1781 128//128 1784//1784
f 1790//1790 1791//1791 466//466
f 1789//1789 466//466 1791//1791
f 1797//1797 1799//1799 126//126
f 1796//1796 126//126 1799//1799
f 1803//1803 1805//1805 469//469
f 1802//1802 469//469 1805//1805
f 1809//1809 4//4 1811//1811
f 1162//1162 1811//1811 4//4
f 1815//1815 1817//1817 471//471
f 1814//1814 471//471 1817//1817
f 1147//1147 1821//1821 78//78
f 1812//1812 78//78 1821//1821
f 1826//1826 1827//1827 475//475
f 1825//1825 475//475 1827//1827
f 1832//1832 131//131 1835//1835
f 1833//1833 1835//1835 131//131
f 479//479 1840//1840 1839//1839
f 1841//1841 1839//1839 1840//1840
f 1849//1849 1846//1846 1847//1847
f 130//130 1847//1847 1846//1846
f 1855//1855 1852//1852 1853//1853
f 482//482 1853//1853 1852//1852
f 1861//1861 1859//1859 1268//1268
f 9//9 1268//1268 1859//1859
f 1864//1864 483//483 1866//1866
f 1865//1865 1866//1866 483//483
f 1870//1870 1862//1862 1254//1254
f 87//87 1254//1254 1862//1862
f 487//487 1874//1874 1873//1873
f 1875//1875 1873//1873 1874//1874
f 1883//1883 1880//1880 1881//1881
f 134//134 1881//1881 1880//1880
f 491//491 1888//1888 1887//1887
f 1889//1889 1887//1887 1888//1888
f 133//133 1895//1895 1894//1894
f 1897//1897 1894//1894 1895//1895
f 1903//1903 1900//1900 1901//1901
f 494//494 1901//1901 1900//1900
f 1907//1907 10//10 1909//1909
f 1285//1285 1909//1909 10//10
f 1914//1914 1912//1912 1913//1913
f 495//495 1913//1913 1912//1912
f 1918//1918 1910//1910 1272//1272
f 88//88 1272//1272 1910//1910
f 1922//1922 1923//1923 499//499
f 1921//1921 499//499 1923//1923
f 1929//1929 1931//1931 136//136
f 1928//1928 136//136 1931//1931
f 1936//1936 1937//1937 502//502
f 1935//1935 502//502 1937//1937
f 1738//1738 123//123 1943//1943
f 1941//1941 1943//1943 123//123
f 1946//1946 504//504 1949//1949
f 1947//1947 1949//1949 504//504
f 1770//1770 11//11 1953//1953
f 1335//1335 1953//1953 11//11
f 1957//1957 1958//1958 505//505
f 1956//1956 505//505 1958//1958
f 1954//1954 91//91 1962//1962
f 1322//1322 1962//1962 91//91
f 1964//1964 509//509 1967//1967
f 1965//1965 1967//1967 509//509
f 139//139 1972//1972 1971//1971
f 1974//1974 1971//1971 1972//1972
f 1979//1979 1980//1980 511//511
f 1978//1978 511//511 1980//1980
f 139//139 1971//1971 1984//1984
f 1986//1986 1984//1984 1971//1971
f 1990//1990 1988//1988 1989//1989
f 513//513 1989//1989 1988//1988
f 1996//1996 1994//1994 1984//1984
f 139//139 1984//1984 1994//1994
f 1999//1999 516//516 2001//2001
f 2000//2000 2001//2001 516//516
f 2006//2006 139//139 2008//2008
f 1994//1994 2008//2008 139//139
f 519//519 2012//2012 2011//2011
f 2014//2014 2011//2011 2012//2012
f 2019//2019 1972//1972 2006//2006
f 139//139 2006//2006 1972//1972
f 2024//2024 2022//2022 2023//2023
f 522//522 2023//2023 2022//2022
f 2031//2031 2028//2028 2029//2029
f 141//141 2029//2029 2028//2028
f 2037//2037 2035//2035 2036//2036
f 525//525 2036//2036 2035//2035
f 2044//2044 2042//2042 2028//2028
f 141//141 2028//2028 2042//2042
f 2046//2046 527//527 2049//2049
f 2047//2047 2049//2049 527//527
f 2029//2029 141//141 2053//2053
f 2042//2042 2053//2053 141//141
f 532//532 2058//2058 2057//2057
f 2060//2060 2057//2057 2058//2058
f 2065//2065 146//146 2068//2068
f 2066//2066 2068//2068 146//146
f 2073//2073 536//536 2075//2075
f 2074//2074 2075//2075 536//536
f 2080//2080 143//143 2083//2083
f 2081//2081 2083//2083 143//143
f 2086//2086 540//540 2089//2089
f 2087//2087 2089//2089 540//540
f 2096//2096 2093//2093 2094//2094
f 34//34 2094//2094 2093//2093
f 2100//2100 543//543 2103//2103
f 2101//2101 2103//2103 543//543
f 2098//2098 144//144 2108//2108
f 2106//2106 2108//2108 144//144
f 2113//2113 548//548 2116//2116
f 2114//2114 2116//2116 548//548
f 2122//2122 2124//2124 151//151
f 2121//2121 151//151 2124//2124
f 2130//2130 2131//2131 552//552
f 2129//2129 552//552 2131//2131
f 2137//2137 2139//2139 148//148
f 2136//2136 148//148 2139//2139
f 2143//2143 2145//2145 556//556
f 2142//2142 556//556 2145//2145
f 2152//2152 2149//2149 2150//2150
f 38//38 2150//2150 2149//2149
f 2157//2157 2159//2159 559//559
f 2156//2156 559//559 2159//2159
f 2164//2164 2154//2154 2162//2162
f 149//149 2162//2162 2154//2154
f 2172//2172 2169//2169 2170//2170
f 564//564 2170//2170 2169//2169
f 2180//2180 2177//2177 2178//2178
f 156//156 2178//2178 2177//2177
f 2186//2186 2187//2187 568//568
f 2185//2185 568//568 2187//2187
f 2195//2195 2192//2192 2193//2193
f 153//153 2193//2193 2192//2192
f 2201//2201 2198//2198 2199//2199
f 572//572 2199//2199 2198//2198
f 2208//2208 2205//2205 2206//2206
f 37//37 2206//2206 2205//2205
f 2215//2215 2212//2212 2213//2213
f 575//575 2213//2213 2212//2212
f 2220//2220 2210//2210 2218//2218
f 154//154 2218//2218 2210//2210
f 2227//2227 2225//2225 2226//2226
f 579//579 2226//2226 2225//2225
f 2232//2232 160//160 2235//2235
f 2233//2233 2235//2235 160//160
f 2241//2241 2239//2239 2240//2240
f 583//583 2240//2240 2239//2239
f 2246//2246 158//158 2249//2249
f 2247//2247 2249//2249 158//158
f 2252//2252 587//587 2255//2255
f 2253//2253 2255//2255 587//587
f 2259//2259 41//41 2262//2262
f 2260//2260 2262//2262 41//41
f 2268//2268 2269//2269 589//589
f 2267//2267 589//589 2269//2269
f 2236//2236 2274//2274 148//148
f 2146//2146 148//148 2274//2274
f 2277//2277 593//593 2279//2279
f 2278//2278 2279//2279 593//593
f 2287//2287 2284//2284 2285//2285
f 163//163 2285//2285 2284//2284
f 596//596 2292//2292 2291//2291
f 2293//2293 2291//2291 2292//2292
f 153//153 2297//2297 2202//2202
f 2299//2299 2202//2202 2297//2297
f 2305//2305 2302//2302 2303//2303
f 599//599 2303//2303 2302//2302
f 2189//2189 36//36 2310//2310
f 2308//2308 2310//2310 36//36
f 2314//2314 601//601 2316//2316
f 2315//2315 2316//2316 601//601
f 2321//2321 2312//2312 2319//2319
f 162//162 2319//2319 2312//2312
f 2327//2327 2324//2324 2325//2325
f 605//605 2325//2325 2324//2324
f 2334//2334 2331//2331 2332//2332
f 166//166 2332//2332 2331//2331
f 2340//2340 2338//2338 2339//2339
f 607//607 2339//2339 2338//2338
f 2345//2345 2182//2182 2343//2343
f 155//155 2343//2343 2182//2182
f 2348//2348 610//610 2351//2351
f 2349//2349 2351//2351 610//610
f 2354//2354 2356//2356 44//44
f 2222//2222 44//44 2356//2356
f 2360//2360 613//613 2363//2363
f 2361//2361 2363//2363 613//613
f 2358//2358 164//164 2368//2368
f 2366//2366 2368//2368 164//164
f 617//617 2373//2373 2372//2372
f 2375//2375 2372//2372 2373//2373
f 2382//2382 2379//2379 2380//2380
f 169//169 2380//2380 2379//2379
f 2387//2387 620//620 2389//2389
f 2388//2388 2389//2389 620//620
f 2394//2394 169//169 2396//2396
f 2379//2379 2396//2396 169//169
f 2401//2401 2398//2398 2399//2399
f 623//623 2399//2399 2398//2398
f 2407//2407 2405//2405 2394//2394
f 169//169 2394//2394 2405//2405
f 2413//2413 2411//2411 2412//2412
f 625//625 2412//2412 2411//2411
f 2418//2418 2402//2402 1524//1524
f 107//107 1524//1524 2402//2402
f 2423//2423 2421//2421 2422//2422
f 627//627 2422//2422 2421//2421
f 2428//2428 2380//2380 2414//2414
f 169//169 2414//2414 2380//2380
f 2433//2433 2431//2431 2432//2432
f 631//631 2432//2432 2431//2431
f 2441//2441 2438//2438 2439//2439
f 171//171 2439//2439 2438//2438
f 634//634 2446//2446 2445//2445
f 2447//2447 2445//2445 2446//2446
f 2453//2453 1430//1430 2451//2451
f 102//102 2451//2451 1430//1430
f 2456//2456 636//636 2458//2458
f 2457//2457 2458//2458 636//636
f 171//171 2454//2454 2462//2462
f 2464//2464 2462//2462 2454//2454
f 2466//2466 638//638 2468//2468
f 2467//2467 2468//2468 638//638
f 2474//2474 2472//2472 2462//2462
f 171//171 2462//2462 2472//2472
f 2477//2477 2478//2478 639//639
f 2476//2476 639//639 2478//2478
f 2439//2439 171//171 2482//2482
f 2472//2472 2482//2482 171//171
f 2485//2485 643//643 2487//2487
f 2486//2486 2487//2487 643//643
f 2492//2492 174//174 2495//2495
f 2493//2493 2495//2495 174//174
f 2499//2499 647//647 2502//2502
f 2500//2500 2502//2502 647//647
f 174//174 2492//2492 2507//2507
f 2509//2509 2507//2507 2492//2492
f 2515//2515 2512//2512 2513//2513
f 650//650 2513//2513 2512//2512
f 2521//2521 2519//2519 2507//2507
f 174//174 2507//2507 2519//2519
f 652//652 2526//2526 2525//2525
f 2527//2527 2525//2525 2526//2526
f 2516//2516 137//137 2532//2532
f 2002//2002 2532//2532 137//137
f 2536//2536 2534//2534 2535//2535
f 653//653 2535//2535 2534//2534
f 2540//2540 2493//2493 2528//2528
f 174//174 2528//2528 2493//2493
f 2546//2546 2543//2543 2544//2544
f 658//658 2544//2544 2543//2543
f 2554//2554 2551//2551 2552//2552
f 178//178 2552//2552 2551//2551
f 661//661 2559//2559 2558//2558
f 2561//2561 2558//2558 2559//2559
f 178//178 2551//2551 2565//2565
f 2567//2567 2565//2565 2551//2551
f 2571//2571 664//664 2573//2573
f 2572//2572 2573//2573 664//664
f 178//178 2565//2565 2578//2578
f 2580//2580 2578//2578 2565//2565
f 2585//2585 2582//2582 2583//2583
f 667//667 2583//2583 2582//2582
f 2591//2591 2589//2589 2578//2578
f 178//178 2578//2578 2589//2589
f 2595//2595 669//669 2597//2597
f 2596//2596 2597//2597 669//669
f 2552//2552 178//178 2602//2602
f 2589//2589 2602//2602 178//178
f 2607//2607 2604//2604 2605//2605
f 673//673 2605//2605 2604//2604
f 2614//2614 2611//2611 2612//2612
f 180//180 2612//2612 2611//2611
f 2618//2618 675//675 2620//2620
f 2619//2619 2620//2620 675//675
f 2623//2623 2625//2625 161//161
f 2290//2290 161//161 2625//2625
f 2631//2631 2628//2628 2629//2629
f 677//677 2629//2629 2628//2628
f 2635//2635 2276//2276 2560//2560
f 40//40 2560//2560 2276//2276
f 679//679 2639//2639 2638//2638
f 2641//2641 2638//2638 2639//2639
f 2645//2645 2636//2636 2547//2547
f 175//175 2547//2547 2636//2636
f 2648//2648 682//682 2650//2650
f 2649//2649 2650//2650 682//682
f 2654//2654 181//181 2657//2657
f 2655//2655 2657//2657 181//181
f 2660//2660 684//684 2662//2662
f 2661//2661 2662//2662 684//684
f 2667//2667 2128//2128 2665//2665
f 147//147 2665//2665 2128//2128
f 2673//2673 2670//2670 2671//2671
f 686//686 2671//2671 2670//2670
f 2677//2677 2112//2112 2374//2374
f 42//42 2374//2374 2112//2112
f 2680//2680 687//687 2682//2682
f 2681//2681 2682//2682 687//687
f 168//168 2424//2424 2678//2678
f 2686//2686 2678//2678 2424//2424
f 2690//2690 2691//2691 691//691
f 2689//2689 691//691 2691//2691
f 2697//2697 2699//2699 184//184
f 2696//2696 184//184 2699//2699
f 2705//2705 2703//2703 2704//2704
f 694//694 2704//2704 2703//2703
f 2711//2711 2072//2072 2709//2709
f 142//142 2709//2709 2072//2072
f 2714//2714 697//697 2717//2717
f 2715//2715 2717//2717 697//697
f 2722//2722 2056//2056 2720//2720
f 35//35 2720//2720 2056//2056
f 2726//2726 699//699 2728//2728
f 2727//2727 2728//2728 699//699
f 2731//2731 2733//2733 183//183
f 2724//2724 183//183 2733//2733
f 2739//2739 2737//2737 2738//2738
f 703//703 2738//2738 2737//2737
f 2747//2747 2744//2744 2745//2745
f 186//186 2745//2745 2744//2744
f 2753//2753 2751//2751 2752//2752
f 706//706 2752//2752 2751//2751
f 2090//2090 143//143 2759//2759
f 2757//2757 2759//2759 143//143
f 2762//2762 708//708 2765//2765
f 2763//2763 2765//2765 708//708
f 2077//2077 33//33 2769//2769
f 2706//2706 2769//2769 33//33
f 2774//2774 2772//2772 2773//2773
f 709//709 2773//2773 2772//2772
f 2692//2692 2778//2778 182//182
f 2770//2770 182//182 2778//2778
f 2783//2783 2781//2781 2782//2782
f 713//713 2782//2782 2781//2781
f 2791//2791 2788//2788 2789//2789
f 188//188 2789//2789 2788//2788
f 2797//2797 2795//2795 2796//2796
f 716//716 2796//2796 2795//2795
f 144//144 2801//2801 2106//2106
f 2803//2803 2106//2106 2801//2801
f 2807//2807 2809//2809 718//718
f 2806//2806 718//718 2809//2809
f 2813//2813 2094//2094 2754//2754
f 34//34 2754//2754 2094//2094
f 2817//2817 2818//2818 719//719
f 2816//2816 719//719 2818//2818
f 2822//2822 2814//2814 2740//2740
f 185//185 2740//2740 2814//2814
f 2826//2826 2824//2824 2825//2825
f 722//722 2825//2825 2824//2824
f 2833//2833 2830//2830 2831//2831
f 189//189 2831//2831 2830//2830
f 2838//2838 2836//2836 2837//2837
f 724//724 2837//2837 2836//2836
f 2843//2843 2070//2070 2841//2841
f 145//145 2841//2841 2070//2070
f 2846//2846 726//726 2849//2849
f 2847//2847 2849//2849 726//726
f 2110//2110 32//32 2853//2853
f 2798//2798 2853//2853 32//32
f 2858//2858 2856//2856 2857//2857
f 727//727 2857//2857 2856//2856
f 2784//2784 2862//2862 187//187
f 2854//2854 187//187 2862//2862
f 2866//2866 2868//2868 732//732
f 2865//2865 732//732 2868//2868
f 2874//2874 2876//2876 194//194
f 2873//2873 194//194 2876//2876
f 2882//2882 2883//2883 736//736
f 2881//2881 736//736 2883//2883
f 2889//2889 2891//2891 191//191
f 2888//2888 191//191 2891//2891
f 2895//2895 2897//2897 740//740
f 2894//2894 740//740 2897//2897
f 2902//2902 2904//2904 48//48
f 2901//2901 48//48 2904//2904
f 2908//2908 743//743 2911//2911
f 2909//2909 2911//2911 743//743
f 2914//2914 2916//2916 192//192
f 2906//2906 192//192 2916//2916
f 2920//2920 747//747 2923//2923
f 2921//2921 2923//2923 747//747
f 2927//2927 198//198 2930//2930
f 2928//2928 2930//2930 198//198
f 2935//2935 2936//2936 750//750
f 2934//2934 750//750 2936//2936
f 2941//2941 2943//2943 195//195
f 2940//2940 195//195 2943//2943
f 2947//2947 2949//2949 754//754
f 2946//2946 754//754 2949//2949
f 2954//2954 2956//2956 50//50
f 2953//2953 50//50 2956//2956
f 2960//2960 757//757 2963//2963
f 2961//2961 2963//2963 757//757
f 2958//2958 196//196 2968//2968
f 2966//2966 2968//2968 196//196
f 2975//2975 2972//2972 2973//2973
f 761//761 2973//2973 2972//2972
f 2982//2982 2979//2979 2980//2980
f 202//202 2980//2980 2979//2979
f 2988//2988 2986//2986 2987//2987
f 764//764 2987//2987 2986//2986
f 2995//2995 2992//2992 2993//2993
f 199//199 2993//2993 2992//2992
f 3001//3001 2998//2998 2999//2999
f 768//768 2999//2999 2998//2998
f 3008//3008 3005//3005 3006//3006
f 55//55 3006//3006 3005//3005
f 3015//3015 3012//3012 3013//3013
f 771//771 3013//3013 3012//3012
f 3020//3020 3010//3010 3018//3018
f 200//200 3018//3018 3010//3010
f 3027//3027 3025//3025 3026//3026
f 775//775 3026//3026 3025//3025
f 3035//3035 3032//3032 3033//3033
f 206//206 3033//3033 3032//3032
f 3041//3041 3039//3039 3040//3040
f 779//779 3040//3040 3039//3039
f 3046//3046 204//204 3049//3049
f 3047//3047 3049//3049 204//204
f 3055//3055 3052//3052 3053//3053
f 783//783 3053//3053 3052//3052
f 3062//3062 3059//3059 3060//3060
f 56//56 3060//3060 3059//3059
f 3068//3068 3066//3066 3067//3067
f 785//785 3067//3067 3066//3066
f 3073//3073 3064//3064 3071//3071
f 205//205 3071//3071 3064//3064
f 3079//3079 3076//3076 3077//3077
f 789//789 3077//3077 3076//3076
f 3086//3086 3083//3083 3084//3084
f 210//210 3084//3084 3083//3083
f 3090//3090 791//791 3092//3092
f 3091//3091 3092//3092 791//791
f 3096//3096 210//210 3098//3098
f 3083//3083 3098//3098 210//210
f 794//794 3102//3102 3101//3101
f 3103//3103 3101//3101 3102//3102
f 210//210 3096//3096 3108//3108
f 3110//3110 3108//3108 3096//3096
f 3113//3113 798//798 3116//3116
f 3114//3114 3116//3116 798//798
f 210//210 3108//3108 3121//3121
f 3123//3123 3121//3121 3108//3108
f 3130//3130 3127//3127 3128//3128
f 801//801 3128//3128 3127//3127
f 3084//3084 210//210 3135//3135
f 3121//3121 3135//3135 210//210
f 3142//3142 3139//3139 3140//3140
f 806//806 3140//3140 3139//3139
f 3150//3150 3147//3147 3148//3148
f 215//215 3148//3148 3147//3147
f 3156//3156 3157//3157 810//810
f 3155//3155 810//810 3157//3157
f 3162//3162 212//212 3165//3165
f 3163//3163 3165//3165 212//212
f 3168//3168 814//814 3171//3171
f 3169//3169 3171//3171 814//814
f 3178//3178 3175//3175 3176//3176
f 63//63 3176//3176 3175//3175
f 3185//3185 3182//3182 3183//3183
f 817//817 3183//3183 3182//3182
f 3190//3190 3180//3180 3188//3188
f 213//213 3188//3188 3180//3180
f 820//820 3195//3195 3194//3194
f 3196//3196 3194//3194 3195//3195
f 218//218 3201//3201 3200//3200
f 3203//3203 3200//3200 3201//3201
f 3208//3208 3206//3206 3207//3207
f 823//823 3207//3207 3206//3206
f 3215//3215 3212//3212 3213//3213
f 216//216 3213//3213 3212//3212
f 3221//3221 3218//3218 3219//3219
f 827//827 3219//3219 3218//3218
f 3228//3228 3225//3225 3226//3226
f 60//60 3226//3226 3225//3225
f 829//829 3233//3233 3232//3232
f 3234//3234 3232//3232 3233//3233
f 3239//3239 3230//3230 3237//3237
f 217//217 3237//3237 3230//3230
f 3245//3245 3242//3242 3243//3243
f 833//833 3243//3243 3242//3242
f 3252//3252 3249//3249 3250//3250
f 221//221 3250//3250 3249//3249
f 3258//3258 3256//3256 3257//3257
f 835//835 3257//3257 3256//3256
f 3172//3172 212//212 3263//3263
f 3261//3261 3263//3263 212//212
f 3266//3266 838//838 3269//3269
f 3267//3267 3269//3269 838//838
f 3274//3274 3159//3159 3272//3272
f 62//62 3272//3272 3159//3159
f 3281//3281 3278//3278 3279//3279
f 841//841 3279//3279 3278//3278
f 3286//3286 3276//3276 3284//3284
f 219//219 3284//3284 3276//3276
f 3291//3291 845//845 3293//3293
f 3292//3292 3293//3293 845//845
f 3299//3299 3301//3301 224//224
f 3298//3298 224//224 3301//3301
f 3305//3305 848//848 3307//3307
f 3306//3306 3307//3307 848//848
f 2898//2898 191//191 3313//3313
f 3311//3311 3313//3313 191//191
f 3316//3316 851//851 3319//3319
f 3317//3317 3319//3319 851//851
f 2885//2885 46//46 3324//3324
f 3322//3322 3324//3324 46//46
f 3329//3329 3330//3330 853//853
f 3328//3328 853//853 3330//3330
f 3326//3326 223//223 3335//3335
f 3333//3333 3335//3335 223//223
f 3339//3339 857//857 3341//3341
f 3340//3340 3341//3341 857//857
f 3346//3346 226//226 3349//3349
f 3347//3347 3349//3349 226//226
f 3353//3353 860//860 3355//3355
f 3354//3354 3355//3355 860//860
f 2950//2950 195//195 3361//3361
f 3359//3359 3361//3361 195//195
f 3364//3364 862//862 3367//3367
f 3365//3365 3367//3367 862//862
f 2937//2937 48//48 3371//3371
f 3308//3308 3371//3371 48//48
f 3374//3374 863//863 3376//3376
f 3375//3375 3376//3376 863//863
f 3372//3372 222//222 3380//3380
f 3294//3294 3380//3380 222//222
f 3383//3383 867//867 3385//3385
f 3384//3384 3385//3385 867//867
f 3390//3390 230//230 3393//3393
f 3391//3391 3393//3393 230//230
f 3397//3397 871//871 3399//3399
f 3398//3398 3399//3399 871//871
f 3404//3404 228//228 3407//3407
f 3405//3405 3407//3407 228//228
f 3410//3410 875//875 3413//3413
f 3411//3411 3413//3413 875//875
f 3417//3417 53//53 3420//3420
f 3418//3418 3420//3420 53//53
f 3424//3424 877//877 3426//3426
f 3425//3425 3426//3426 877//877
f 3422//3422 229//229 3431//3431
f 3429//3429 3431//3431 229//229
f 3435//3435 881//881 3437//3437
f 3436//3436 3437//3437 881//881
f 232//232 3443//3443 3442//3442
f 3445//3445 3442//3442 3443//3443
f 3451//3451 3449//3449 3450//3450
f 884//884 3450//3450 3449//3449
f 204//204 3455//3455 3056//3056
f 3457//3457 3056//3056 3455//3455
f 886//886 3461//3461 3460//3460
f 3463//3463 3460//3460 3461//3461
f 52//52 3400//3400 3043//3043
f 3467//3467 3043//3043 3400//3400
f 3470//3470 887//887 3472//3472
f 3471//3471 3472//3472 887//887
f 3468//3468 227//227 3476//3476
f 3386//3386 3476//3476 227//227
f 3479//3479 891//891 3481//3481
f 3480//3480 3481//3481 891//891
f 3486//3486 235//235 3489//3489
f 3487//3487 3489//3489 235//235
f 3493//3493 894//894 3495//3495
f 3494//3494 3495//3495 894//894
f 2878//2878 193//193 3501//3501
f 3499//3499 3501//3501 193//193
f 3504//3504 897//897 3507//3507
f 3505//3505 3507//3507 897//897
f 2918//2918 49//49 3512//3512
f 3510//3510 3512//3512 49//49
f 3516//3516 899//899 3518//3518
f 3517//3517 3518//3518 899//899
f 3514//3514 234//234 3523//3523
f 3521//3521 3523//3523 234//234
f 3526//3526 902//902 3528//3528
f 3527//3527 3528//3528 902//902
f 3532//3532 237//237 3535//3535
f 3533//3533 3535//3535 237//237
f 3538//3538 904//904 3540//3540
f 3539//3539 3540//3540 904//904
f 3545//3545 2984//2984 3543//3543
f 201//201 3543//3543 2984//2984
f 3551//3551 3548//3548 3549//3549
f 907//907 3549//3549 3548//3548
f 3556//3556 3022//3022 3554//3554
f 54//54 3554//3554 3022//3022
f 909//909 3561//3561 3560//3560
f 3562//3562 3560//3560 3561//3561
f 3567//3567 3558//3558 3565//3565
f 236//236 3565//3565 3558//3558
f 912//912 3571//3571 3570//3570
f 3572//3572 3570//3570 3571//3571
f 3579//3579 3576//3576 3577//3577
f 239//239 3577//3577 3576//3576
f 3584//3584 3582//3582 3583//3583
f 914//914 3583//3583 3582//3582
f 3589//3589 3018//3018 3587//3587
f 200//200 3587//3587 3018//3018
f 3595//3595 3592//3592 3593//3593
f 917//917 3593//3593 3592//3592
f 3006//3006 55//55 3600//3600
f 3598//3598 3600//3600 55//55
f 919//919 3605//3605 3604//3604
f 3606//3606 3604//3604 3605//3605
f 238//238 3609//3609 3602//3602
f 3611//3611 3602//3602 3609//3609
f 3614//3614 922//922 3616//3616
f 3615//3615 3616//3616 922//922
f 3620//3620 240//240 3623//3623
f 3621//3621 3623//3623 240//240
f 3626//3626 924//924 3628//3628
f 3627//3627 3628//3628 924//924
f 3071//3071 205//205 3633//3633
f 3631//3631 3633//3633 205//205
f 3636//3636 926//926 3639//3639
f 3637//3637 3639//3639 926//926
f 3060//3060 56//56 3643//3643
f 3452//3452 3643//3643 56//56
f 3646//3646 927//927 3648//3648
f 3647//3647 3648//3648 927//927
f 3438//3438 3652//3652 231//231
f 3644//3644 231//231 3652//3652
f 3654//3654 930//930 3656//3656
f 3655//3655 3656//3656 930//930
f 3660//3660 242//242 3663//3663
f 3661//3661 3663//3663 242//242
f 933//933 3668//3668 3667//3667
f 3669//3669 3667//3667 3668//3668
f 3676//3676 3674//3674 3660//3660
f 242//242 3660//3660 3674//3674
f 3678//3678 936//936 3681//3681
f 3679//3679 3681//3681 936//936
f 242//242 3674//3674 3685//3685
f 3687//3687 3685//3685 3674//3674
f 3692//3692 3690//3690 3691//3691
f 938//938 3691//3691 3690//3690
f 3698//3698 3696//3696 3685//3685
f 242//242 3685//3685 3696//3696
f 3700//3700 939//939 3702//3702
f 3701//3701 3702//3702 939//939
f 242//242 3696//3696 3661//3661
f 3706//3706 3661//3661 3696//3696
f 3710//3710 3708//3708 3709//3709
f 942//942 3709//3709 3708//3708
f 3717//3717 3714//3714 3715//3715
f 244//244 3715//3715 3714//3714
f 3721//3721 945//945 3723//3723
f 3722//3722 3723//3723 945//945
f 3728//3728 244//244 3730//3730
f 3714//3714 3730//3730 244//244
f 3735//3735 3732//3732 3733//3733
f 947//947 3733//3733 3732//3732
f 3739//3739 3715//3715 3728//3728
f 244//244 3728//3728 3715//3715
f 952//952 3744//3744 3743//3743
f 3746//3746 3743//3743 3744//3744
f 3751//3751 249//249 3754//3754
f 3752//3752 3754//3754 249//249
f 3759//3759 956//956 3761//3761
f 3760//3760 3761//3761 956//956
f 3766//3766 246//246 3769//3769
f 3767//3767 3769//3769 246//246
f 3772//3772 960//960 3775//3775
f 3773//3773 3775//3775 960//960
f 3782//3782 3779//3779 3780//3780
f 66//66 3780//3780 3779//3779
f 3786//3786 963//963 3789//3789
f 3787//3787 3789//3789 963//963
f 3784//3784 247//247 3794//3794
f 3792//3792 3794//3794 247//247
f 3799//3799 968//968 3802//3802
f 3800//3800 3802//3802 968//968
f 3807//3807 254//254 3810//3810
f 3808//3808 3810//3810 254//254
f 3815//3815 972//972 3817//3817
f 3816//3816 3817//3817 972//972
f 3825//3825 3822//3822 3823//3823
f 251//251 3823//3823 3822//3822
f 3828//3828 976//976 3831//3831
f 3829//3829 3831//3831 976//976
f 3838//3838 3835//3835 3836//3836
f 70//70 3836//3836 3835//3835
f 3842//3842 979//979 3845//3845
f 3843//3843 3845//3845 979//979
f 3840//3840 252//252 3850//3850
f 3848//3848 3850//3850 252//252
f 3858//3858 3855//3855 3856//3856
f 984//984 3856//3856 3855//3855
f 3866//3866 3863//3863 3864//3864
f 259//259 3864//3864 3863//3863
f 3873//3873 3871//3871 3872//3872
f 988//988 3872//3872 3871//3871
f 3881//3881 3878//3878 3879//3879
f 256//256 3879//3879 3878//3878
f 3887//3887 3884//3884 3885//3885
f 992//992 3885//3885 3884//3884
f 3894//3894 3891//3891 3892//3892
f 69//69 3892//3892 3891//3891
f 3898//3898 995//995 3901//3901
f 3899//3899 3901//3901 995//995
f 3906//3906 3896//3896 3904//3904
f 257//257 3904//3904 3896//3896
f 3913//3913 3910//3910 3911//3911
f 999//999 3911//3911 3910//3910
f 3918//3918 3920//3920 263//263
f 3917//3917 263//263 3920//3920
f 3925//3925 1002//1002 3928//3928
f 3926//3926 3928//3928 1002//1002
f 3914//3914 252//252 3933//3933
f 3839//3839 3933//3933 252//252
f 3937//3937 3939//3939 1006//1006
f 3936//3936 1006//1006 3939//3939
f 3944//3944 3946//3946 73//73
f 3943//3943 73//73 3946//3946
f 3953//3953 3950//3950 3951//3951
f 1009//1009 3951//3951 3950//3950
f 3956//3956 3958//3958 261//261
f 3948//3948 261//261 3958//3958
f 3963//3963 3965//3965 1013//1013
f 3962//3962 1013//1013 3965//3965
f 3972//3972 3969//3969 3970//3970
f 266//266 3970//3970 3969//3969
f 3977//3977 3978//3978 1016//1016
f 3976//3976 1016//1016 3978//3978
f 3985//3985 3982//3982 3983//3983
f 264//264 3983//3983 3982//3982
f 3991//3991 3988//3988 3989//3989
f 1019//1019 3989//3989 3988//3988
f 3995//3995 68//68 3997//3997
f 3907//3907 3997//3997 68//68
f 1021//1021 4001//4001 4000//4000
f 4003//4003 4000//4000 4001//4001
f 257//257 3895//3895 3998//3998
f 4007//4007 3998//3998 3895//3895
f 4013//4013 4011//4011 4012//4012
f 1025//1025 4012//4012 4011//4011
f 4021//4021 4018//4018 4019//4019
f 269//269 4019//4019 4018//4018
f 4025//4025 1029//1029 4027//4027
f 4026//4026 4027//4027 1029//1029
f 4032//4032 268//268 4035//4035
f 4033//4033 4035//4035 268//268
f 4038//4038 1032//1032 4041//4041
f 4039//4039 4041//4041 1032//1032
f 4045//4045 76//76 4047//4047
f 3874//3874 4047//4047 76//76
f 4052//4052 4050//4050 4051//4051
f 1033//1033 4051//4051 4050//4050
f 4056//4056 4048//4048 3859//3859
f 255//255 3859//3859 4048//4048
f 1037//1037 4060//4060 4059//4059
f 4061//4061 4059//4059 4060//4060
f 4069//4069 4066//4066 4067//4067
f 272//272 4067//4067 4066//4066
f 4075//4075 4072//4072 4073//4073
f 1040//1040 4073//4073 4072//4072
f 4081//4081 4079//4079 4066//4066
f 272//272 4066//4066 4079//4079
f 4087//4087 4085//4085 4086//4086
f 1042//1042 4086//4086 4085//4085
f 4092//4092 4076//4076 3229//3229
f 217//217 3229//3229 4076//4076
f 4097//4097 4095//4095 4096//4096
f 1045//1045 4096//4096 4095//4095
f 4104//4104 4102//4102 4088//4088
f 272//272 4088//4088 4102//4102
f 4106//4106 1047//1047 4109//4109
f 4107//4107 4109//4109 1047//1047
f 4067//4067 272//272 4113//4113
f 4102//4102 4113//4113 272//272
f 4119//4119 4116//4116 4117//4117
f 1051//1051 4117//4117 4116//4116
f 4126//4126 4123//4123 4124//4124
f 274//274 4124//4124 4123//4123
f 4130//4130 1053//1053 4132//4132
f 4131//4131 4132//4132 1053//1053
f 4136//4136 274//274 4138//4138
f 4123//4123 4138//4138 274//274
f 4140//4140 1055//1055 4142//4142
f 4141//4141 4142//4142 1055//1055
f 4148//4148 4146//4146 4136//4136
f 274//274 4136//4136 4146//4146
f 4150//4150 1057//1057 4152//4152
f 4151//4151 4152//4152 1057//1057
f 274//274 4146//4146 4156//4156
f 4158//4158 4156//4156 4146//4146
f 1059//1059 4161//4161 4160//4160
f 4163//4163 4160//4160 4161//4161
f 4167//4167 4153//4153 3143//3143
f 211//211 3143//3143 4153//4153
f 4170//4170 1063//1063 4173//4173
f 4171//4171 4173//4173 1063//1063
f 4177//4177 276//276 4180//4180
f 4178//4178 4180//4180 276//276
f 4186//4186 4184//4184 4185//4185
f 1065//1065 4185//4185 4184//4184
f 4192//4192 4190//4190 4177//4177
f 276//276 4177//4177 4190//4190
f 4197//4197 4195//4195 4196//4196
f 1067//1067 4196//4196 4195//4195
f 4202//4202 4187//4187 4162//4162
f 273//273 4162//4162 4187//4187
f 4206//4206 4204//4204 4205//4205
f 1069//1069 4205//4205 4204//4204
f 4212//4212 4210//4210 4198//4198
f 276//276 4198//4198 4210//4210
f 1071//1071 4216//4216 4215//4215
f 4217//4217 4215//4215 4216//4216
f 276//276 4210//4210 4178//4178
f 4222//4222 4178//4178 4210//4210
f 4227//4227 4224//4224 4225//4225
f 1075//1075 4225//4225 4224//4224
f 4234//4234 4231//4231 4232//4232
f 279//279 4232//4232 4231//4231
f 4238//4238 1077//1077 4240//4240
f 4239//4239 4240//4240 1077//1077
f 4244//4244 279//279 4246//4246
f 4231//4231 4246//4246 279//279
f 4251//4251 4249//4249 4250//4250
f 1080//1080 4250//4250 4249//4249
f 4258//4258 4256//4256 4244//4244
f 279//279 4244//4244 4256//4256
f 4261//4261 4263//4263 1083//1083
f 4260//4260 1083//1083 4263//4263
f 279//279 4256//4256 4267//4267
f 4269//4269 4267//4267 4256//4256
f 1085//1085 4274//4274 4273//4273
f 4275//4275 4273//4273 4274//4274
f 279//279 4267//4267 4232//4232
f 4280//4280 4232//4232 4267//4267
f 4284//4284 4282//4282 4283//4283
f 1088//1088 4283//4283 4282//4282
f 4291//4291 4288//4288 4289//4289
f 280//280 4289//4289 4288//4288
f 1090//1090 4295//4295 4294//4294
f 4296//4296 4294//4294 4295//4295
f 4301//4301 4236//4236 4299//4299
f 278//278 4299//4299 4236//4236
f 4307//4307 4304//4304 4305//4305
f 1092//1092 4305//4305 4304//4304
f 4311//4311 4272//4272 3964//3964
f 72//72 3964//3964 4272//4272
f 4314//4314 1093//1093 4316//4316
f 4315//4315 4316//4316 1093//1093
f 4312//4312 265//265 4320//4320
f 4002//4002 4320//4320 265//265
f 4322//4322 1096//1096 4324//4324
f 4323//4323 4324//4324 1096//1096
f 4328//4328 281//281 4331//4331
f 4329//4329 4331//4331 281//281
f 4334//4334 1098//1098 4336//4336
f 4335//4335 4336//4336 1098//1098
f 270//270 4339//4339 4082//4082
f 4341//4341 4082//4082 4339//4339
f 4347//4347 4344//4344 4345//4345
f 1100//1100 4345//4345 4344//4344
f 4351//4351 4058//4058 3801//3801
f 74//74 3801//3801 4058//4058
f 4354//4354 1101//1101 4356//4356
f 4355//4355 4356//4356 1101//1101
f 4360//4360 4352//4352 3844//3844
f 253//253 3844//3844 4352//4352
f 4362//4362 1105//1105 4365//4365
f 4363//4363 4365//4365 1105//1105
f 4369//4369 284//284 4372//4372
f 4370//4370 4372//4372 284//284
f 4376//4376 1108//1108 4378//4378
f 4377//4377 4378//4378 1108//1108
f 4382//4382 282//282 4385//4385
f 4383//4383 4385//4385 282//282
f 4388//4388 1111//1111 4391//4391
f 4389//4389 4391//4391 1111//1111
f 4397//4397 4395//4395 3745//3745
f 67//67 3745//3745 4395//4395
f 4403//4403 4400//4400 4401//4401
f 1113//1113 4401//4401 4400//4400
f 4407//4407 4398//4398 3788//3788
f 248//248 3788//3788 4398//4398
f 4413//4413 4410//4410 4411//4411
f 1117//1117 4411//4411 4410//4410
f 4420//4420 4417//4417 4418//4418
f 286//286 4418//4418 4417//4417
f 4426//4426 4424//4424 4425//4425
f 1119//1119 4425//4425 4424//4424
f 4374//4374 283//283 4431//4431
f 4429//4429 4431//4431 283//283
f 4434//4434 1121//1121 4437//4437
f 4435//4435 4437//4437 1121//1121
f 4408//4408 65//65 4441//4441
f 3795//3795 4441//4441 65//65
f 4447//4447 4444//4444 4445//4445
f 1123//1123 4445//4445 4444//4444
f 4442//4442 247//247 4451//4451
f 3783//3783 4451//4451 247//247
f 4457//4457 4454//4454 4455//4455
f 1127//1127 4455//4455 4454//4454
f 4464//4464 4461//4461 4462//4462
f 288//288 4462//4462 4461//4461
f 4468//4468 1129//1129 4470//4470
f 4469//4469 4470//4470 1129//1129
f 4475//4475 4422//4422 4473//4473
f 285//285 4473//4473 4422//4422
f 4478//4478 1131//1131 4481//4481
f 4479//4479 4481//4481 1131//1131
f 4485//4485 4452//4452 3779//3779
f 66//66 3779//3779 4452//4452
f 4491//4491 4488//4488 4489//4489
f 1133//1133 4489//4489 4488//4488
f 246//246 3766//3766 4486//4486
f 4495//4495 4486//4486 3766//3766
f 4500//4500 4498//4498 4499//4499
f 1136//1136 4499//4499 4498//4498
f 4507//4507 4504//4504 4505//4505
f 289//289 4505//4505 4504//4504
f 4512//4512 4510//4510 4511//4511
f 1138//1138 4511//4511 4510//4510
f 4466//4466 287//287 4517//4517
f 4515//4515 4517//4517 287//287
f 4520//4520 1140//1140 4523//4523
f 4521//4521 4523//4523 1140//1140
f 4496//4496 64//64 4527//4527
f 3762//3762 4527//4527 64//64
f 4532//4532 4530//4530 4531//4531
f 1141//1141 4531//4531 4530//4530
f 4536//4536 4528//4528 3747//3747
f 245//245 3747//3747 4528//4528
f 78//78 1148//1148 1147//1147
f 1150//1150 1147//1147 1148//1148
f 294//294 1153//1153 1144//1144
f 1157//1157 1144//1144 1153//1153
f 4//4 1163//1163 1162//1162
f 1165//1165 1162//1162 1163//1163
f 298//298 1168//1168 1160//1160
f 1171//1171 1160//1160 1168//1168
f 79//79 1176//1176 1167//1167
f 1178//1178 1167//1167 1176//1176
f 302//302 1181//1181 1173//1173
f 1185//1185 1173//1173 1181//1181
f 82//82 1174//1174 1152//1152
f 1191//1191 1152//1152 1174//1174
f 305//305 1193//1193 1187//1187
f 1197//1197 1187//1187 1193//1193
f 83//83 1203//1203 1202//1202
f 1205//1205 1202//1202 1203//1203
f 309//309 1208//1208 1200//1200
f 1211//1211 1200//1200 1208//1208
f 6//6 1217//1217 1216//1216
f 1219//1219 1216//1216 1217//1217
f 313//313 1222//1222 1214//1214
f 1225//1225 1214//1214 1222//1222
f 84//84 1230//1230 1221//1221
f 1232//1232 1221//1221 1230//1230
f 317//317 1235//1235 1227//1227
f 1239//1239 1227//1227 1235//1235
f 86//86 1228//1228 1207//1207
f 1244//1244 1207//1207 1228//1228
f 319//319 1246//1246 1241//1241
f 1249//1249 1241//1241 1246//1246
f 1254//1254 87//87 1257//1257
f 1255//1255 1257//1257 87//87
f 1252//1252 323//323 1263//1263
f 1260//1260 1263//1263 323//323
f 1268//1268 9//9 1271//1271
f 1269//1269 1271//1271 9//9
f 1266//1266 327//327 1277//1277
f 1274//1274 1277//1277 327//327
f 1273//1273 88//88 1284//1284
f 1282//1282 1284//1284 88//88
f 1279//1279 331//331 1291//1291
f 1287//1287 1291//1291 331//331
f 1259//1259 90//90 1296//1296
f 1280//1280 1296//1296 90//90
f 1293//1293 333//333 1301//1301
f 1298//1298 1301//1301 333//333
f 1297//1297 89//89 1308//1308
f 1306//1306 1308//1308 89//89
f 1303//1303 337//337 1315//1315
f 1311//1311 1315//1315 337//337
f 1286//1286 10//10 1321//1321
f 1319//1319 1321//1321 10//10
f 1317//1317 340//340 1327//1327
f 1324//1324 1327//1327 340//340
f 1323//1323 91//91 1334//1334
f 1332//1332 1334//1334 91//91
f 1329//1329 344//344 1341//1341
f 1337//1337 1341//1341 344//344
f 1310//1310 94//94 1347//1347
f 1330//1330 1347//1347 94//94
f 347//347 1349//1349 1343//1343
f 1353//1353 1343//1343 1349//1349
f 1359//1359 1361//1361 95//95
f 1358//1358 95//95 1361//1361
f 1356//1356 351//351 1367//1367
f 1364//1364 1367//1367 351//351
f 1373//1373 96//96 1376//1376
f 1374//1374 1376//1376 96//96
f 1378//1378 1381//1381 355//355
f 1370//1370 355//355 1381//1381
f 1390//1390 1387//1387 1388//1388
f 97//97 1388//1388 1387//1387
f 1395//1395 1384//1384 1392//1392
f 359//359 1392//1392 1384//1384
f 1400//1400 1402//1402 84//84
f 1230//1230 84//84 1402//1402
f 1404//1404 1407//1407 362//362
f 1397//1397 362//362 1407//1407
f 93//93 1366//1366 1314//1314
f 1412//1412 1314//1314 1366//1366
f 363//363 1413//1413 1409//1409
f 1415//1415 1409//1409 1413//1413
f 1421//1421 99//99 1424//1424
f 1422//1422 1424//1424 99//99
f 1418//1418 368//368 1431//1431
f 1427//1427 1431//1431 368//368
f 1436//1436 14//14 1439//1439
f 1437//1437 1439//1439 14//14
f 1442//1442 1445//1445 372//372
f 1434//1434 372//372 1445//1445
f 1441//1441 100//100 1452//1452
f 1450//1450 1452//1452 100//100
f 376//376 1455//1455 1447//1447
f 1459//1459 1447//1447 1455//1455
f 1465//1465 1426//1426 1448//1448
f 103//103 1448//1448 1426//1426
f 379//379 1467//1467 1461//1461
f 1471//1471 1461//1461 1467//1467
f 1475//1475 1477//1477 96//96
f 1394//1394 96//96 1477//1477
f 1473//1473 382//382 1483//1483
f 1480//1480 1483//1483 382//382
f 12//12 1487//1487 1368//1368
f 1489//1489 1368//1368 1487//1487
f 1492//1492 1495//1495 385//385
f 1485//1485 385//385 1495//1495
f 1491//1491 104//104 1502//1502
f 1500//1500 1502//1502 104//104
f 1497//1497 389//389 1509//1509
f 1505//1505 1509//1509 389//389
f 1479//1479 106//106 1514//1514
f 1498//1498 1514//1514 106//106
f 1511//1511 391//391 1519//1519
f 1516//1516 1519//1519 391//391
f 1524//1524 107//107 1527//1527
f 1525//1525 1527//1527 107//107
f 1522//1522 395//395 1533//1533
f 1530//1530 1533//1533 395//395
f 1539//1539 1541//1541 16//16
f 1538//1538 16//16 1541//1541
f 1536//1536 399//399 1547//1547
f 1544//1544 1547//1547 399//399
f 1543//1543 108//108 1554//1554
f 1552//1552 1554//1554 108//108
f 402//402 1556//1556 1549//1549
f 1559//1559 1549//1549 1556//1556
f 1529//1529 109//109 1564//1564
f 1550//1550 1564//1564 109//109
f 1561//1561 403//403 1567//1567
f 1565//1565 1567//1567 403//403
f 110//110 1574//1574 1573//1573
f 1576//1576 1573//1573 1574//1574
f 1583//1583 1570//1570 1579//1579
f 408//408 1579//1579 1570//1570
f 27//27 1589//1589 1588//1588
f 1591//1591 1588//1588 1589//1589
f 412//412 1594//1594 1586//1586
f 1597//1597 1586//1586 1594//1594
f 111//111 1602//1602 1593//1593
f 1604//1604 1593//1593 1602//1602
f 415//415 1606//1606 1599//1599
f 1609//1609 1599//1599 1606//1606
f 113//113 1600//1600 1578//1578
f 1615//1615 1578//1578 1600//1600
f 1619//1619 1611//1611 1616//1616
f 417//417 1616//1616 1611//1611
f 1628//1628 1625//1625 1626//1626
f 114//114 1626//1626 1625//1625
f 1635//1635 1622//1622 1631//1631
f 422//422 1631//1631 1622//1622
f 1642//1642 1640//1640 1571//1571
f 28//28 1571//1571 1640//1640
f 1647//1647 1638//1638 1644//1644
f 425//425 1644//1644 1638//1638
f 1653//1653 1643//1643 1612//1612
f 112//112 1612//1612 1643//1643
f 1657//1657 1649//1649 1654//1654
f 427//427 1654//1654 1649//1649
f 1663//1663 1630//1630 1650//1650
f 116//116 1650//1650 1630//1630
f 1667//1667 1659//1659 1664//1664
f 429//429 1664//1664 1659//1659
f 1676//1676 1673//1673 1674//1674
f 117//117 1674//1674 1673//1673
f 434//434 1679//1679 1670//1670
f 1683//1683 1670//1670 1679//1679
f 25//25 1689//1689 1688//1688
f 1691//1691 1688//1688 1689//1689
f 438//438 1694//1694 1686//1686
f 1697//1697 1686//1686 1694//1694
f 118//118 1702//1702 1693//1693
f 1704//1704 1693//1693 1702//1702
f 442//442 1707//1707 1699//1699
f 1711//1711 1699//1699 1707//1707
f 121//121 1700//1700 1678//1678
f 1717//1717 1678//1678 1700//1700
f 445//445 1719//1719 1713//1713
f 1723//1723 1713//1713 1719//1719
f 1729//1729 122//122 1732//1732
f 1730//1730 1732//1732 122//122
f 450//450 1735//1735 1726//1726
f 1739//1739 1726//1726 1735//1735
f 1746//1746 1744//1744 1671//1671
f 19//19 1671//1671 1744//1744
f 1751//1751 1742//1742 1748//1748
f 453//453 1748//1748 1742//1742
f 120//120 1714//1714 1747//1747
f 1757//1757 1747//1747 1714//1714
f 455//455 1758//1758 1753//1753
f 1761//1761 1753//1753 1758//1758
f 1754//1754 1767//1767 124//124
f 1734//1734 124//124 1767//1767
f 1763//1763 457//457 1771//1771
f 1768//1768 1771//1771 457//457
f 125//125 1778//1778 1777//1777
f 1780//1780 1777//1777 1778//1778
f 1787//1787 1774//1774 1783//1783
f 462//462 1783//1783 1774//1774
f 22//22 1793//1793 1792//1792
f 1795//1795 1792//1792 1793//1793
f 1801//1801 1790//1790 1798//1798
f 466//466 1798//1798 1790//1790
f 126//126 1806//1806 1797//1797
f 1808//1808 1797//1797 1806//1806
f 1813//1813 1803//1803 1810//1810
f 469//469 1810//1810 1803//1803
f 1819//1819 1782//1782 1804//1804
f 128//128 1804//1804 1782//1782
f 1823//1823 1815//1815 1820//1820
f 471//471 1820//1820 1815//1815
f 129//129 1829//1829 1828//1828
f 1831//1831 1828//1828 1829//1829
f 475//475 1834//1834 1826//1826
f 1837//1837 1826//1826 1834//1834
f 1843//1843 1845//1845 23//23
f 1842//1842 23//23 1845//1845
f 1848//1848 1851//1851 479//479
f 1840//1840 479//479 1851//1851
f 1847//1847 130//130 1858//1858
f 1856//1856 1858//1858 130//130
f 1853//1853 482//482 1863//1863
f 1860//1860 1863//1863 482//482
f 131//131 1854//1854 1833//1833
f 1868//1868 1833//1833 1854//1854
f 483//483 1869//1869 1865//1865
f 1871//1871 1865//1865 1869//1869
f 1877//1877 1879//1879 132//132
f 1876//1876 132//132 1879//1879
f 1874//1874 487//487 1885//1885
f 1882//1882 1885//1885 487//487
f 1891//1891 1893//1893 24//24
f 1890//1890 24//24 1893//1893
f 1896//1896 1899//1899 491//491
f 1888//1888 491//491 1899//1899
f 1904//1904 1906//1906 133//133
f 1895//1895 133//133 1906//1906
f 1901//1901 494//494 1911//1911
f 1908//1908 1911//1911 494//494
f 1881//1881 134//134 1916//1916
f 1902//1902 1916//1916 134//134
f 1913//1913 495//495 1919//1919
f 1917//1917 1919//1919 495//495
f 1927//1927 1924//1924 1925//1925
f 135//135 1925//1925 1924//1924
f 1933//1933 1922//1922 1930//1930
f 499//499 1930//1930 1922//1922
f 1940//1940 1938//1938 1727//1727
f 20//20 1727//1727 1938//1938
f 1945//1945 1936//1936 1942//1942
f 502//502 1942//1942 1936//1936
f 123//123 1764//1764 1941//1941
f 1951//1951 1941//1941 1764//1764
f 504//504 1952//1952 1947//1947
f 1955//1955 1947//1947 1952//1952
f 1960//1960 1929//1929 1948//1948
f 136//136 1948//1948 1929//1929
f 505//505 1961//1961 1957//1957
f 1963//1963 1957//1957 1961//1961
f 1970//1970 1634//1634 1968//1968
f 115//115 1968//1968 1634//1634
f 509//509 1973//1973 1965//1965
f 1977//1977 1965//1965 1973//1973
f 97//97 1981//1981 1406//1406
f 1983//1983 1406//1406 1981//1981
f 1985//1985 1987//1987 511//511
f 1979//1979 511//511 1987//1987
f 1432//1432 99//99 1993//1993
f 1991//1991 1993//1993 99//99
f 1989//1989 513//513 1997//1997
f 1995//1995 1997//1997 513//513
f 137//137 2003//2003 2002//2002
f 2005//2005 2002//2002 2003//2003
f 516//516 2007//2007 2000//2000
f 2009//2009 2000//2000 2007//2007
f 1975//1975 2017//2017 138//138
f 2015//2015 138//138 2017//2017
f 2012//2012 519//519 2021//2021
f 2018//2018 2021//2021 519//519
f 1718//1718 119//119 2027//2027
f 2025//2025 2027//2027 119//119
f 2023//2023 522//522 2033//2033
f 2030//2030 2033//2033 522//522
f 2038//2038 140//140 2041//2041
f 2039//2039 2041//2041 140//140
f 2043//2043 2045//2045 525//525
f 2036//2036 525//525 2045//2045
f 95//95 2032//2032 1380//1380
f 2051//2051 1380//1380 2032//2032
f 527//527 2052//2052 2047//2047
f 2055//2055 2047//2047 2052//2052
f 142//142 2062//2062 2061//2061
f 2064//2064 2061//2061 2062//2062
f 532//532 2067//2067 2058//2058
f 2071//2071 2058//2058 2067//2067
f 2079//2079 2076//2076 2077//2077
f 33//33 2077//2077 2076//2076
f 536//536 2082//2082 2074//2074
f 2085//2085 2074//2074 2082//2082
f 143//143 2090//2090 2081//2081
f 2092//2092 2081//2081 2090//2090
f 540//540 2095//2095 2087//2087
f 2099//2099 2087//2087 2095//2095
f 146//146 2088//2088 2066//2066
f 2105//2105 2066//2066 2088//2088
f 543//543 2107//2107 2101//2101
f 2111//2111 2101//2101 2107//2107
f 147//147 2118//2118 2117//2117
f 2120//2120 2117//2117 2118//2118
f 2127//2127 2114//2114 2123//2123
f 548//548 2123//2123 2114//2114
f 2135//2135 2132//2132 2133//2133
f 39//39 2133//2133 2132//2132
f 2141//2141 2130//2130 2138//2138
f 552//552 2138//2138 2130//2130
f 2148//2148 2137//2137 2146//2146
f 148//148 2146//2146 2137//2137
f 2143//2143 556//556 2155//2155
f 2151//2151 2155//2155 556//556
f 2161//2161 2122//2122 2144//2144
f 151//151 2144//2144 2122//2122
f 2167//2167 2157//2157 2163//2163
f 559//559 2163//2163 2157//2157
f 2176//2176 2173//2173 2174//2174
f 152//152 2174//2174 2173//2173
f 2170//2170 564//564 2183//2183
f 2179//2179 2183//2183 564//564
f 36//36 2189//2189 2188//2188
f 2191//2191 2188//2188 2189//2189
f 2186//2186 568//568 2197//2197
f 2194//2194 2197//2197 568//568
f 2193//2193 153//153 2204//2204
f 2202//2202 2204//2204 153//153
f 2199//2199 572//572 2211//2211
f 2207//2207 2211//2211 572//572
f 2178//2178 156//156 2217//2217
f 2200//2200 2217//2217 156//156
f 2213//2213 575//575 2223//2223
f 2219//2219 2223//2223 575//575
f 157//157 2229//2229 2228//2228
f 2231//2231 2228//2228 2229//2229
f 579//579 2234//2234 2226//2226
f 2237//2237 2226//2226 2234//2234
f 2242//2242 40//40 2245//2245
f 2243//2243 2245//2245 40//40
f 2251//2251 2240//2240 2248//2248
f 583//583 2248//2248 2240//2240
f 158//158 2256//2256 2247//2247
f 2258//2258 2247//2247 2256//2256
f 587//587 2261//2261 2253//2253
f 2265//2265 2253//2253 2261//2261
f 38//38 2149//2149 2270//2270
f 2272//2272 2270//2270 2149//2149
f 2275//2275 2268//2268 2273//2273
f 589//589 2273//2273 2268//2268
f 2280//2280 161//161 2283//2283
f 2281//2281 2283//2283 161//161
f 593//593 2286//2286 2278//2278
f 2289//2289 2278//2278 2286//2286
f 2205//2205 2296//2296 37//37
f 2294//2294 37//37 2296//2296
f 2298//2298 2301//2301 596//596
f 2292//2292 596//596 2301//2301
f 2192//2192 2307//2307 153//153
f 2297//2297 153//153 2307//2307
f 2303//2303 599//599 2313//2313
f 2309//2309 2313//2313 599//599
f 2285//2285 163//163 2318//2318
f 2304//2304 2318//2318 163//163
f 601//601 2320//2320 2315//2315
f 2323//2323 2315//2315 2320//2320
f 2126//2126 150//150 2330//2330
f 2328//2328 2330//2330 150//150
f 2325//2325 605//605 2337//2337
f 2333//2333 2337//2337 605//605
f 2166//2166 43//43 2342//2342
f 2171//2171 2342//2342 43//43
f 2339//2339 607//607 2347//2347
f 2344//2344 2347//2347 607//607
f 2343//2343 155//155 2353//2353
f 2214//2214 2353//2353 155//155
f 610//610 2355//2355 2349//2349
f 2359//2359 2349//2349 2355//2355
f 2365//2365 2332//2332 2350//2350
f 166//166 2350//2350 2332//2332
f 613//613 2367//2367 2361//2361
f 2371//2371 2361//2361 2367//2367
f 2336//2336 165//165 2378//2378
f 2376//2376 2378//2378 165//165
f 2381//2381 2385//2385 617//617
f 2373//2373 617//617 2385//2385
f 167//167 2391//2391 2390//2390
f 2393//2393 2390//2390 2391//2391
f 620//620 2395//2395 2388//2388
f 2397//2397 2388//2388 2395//2395
f 1534//1534 107//107 2404//2404
f 2402//2402 2404//2404 107//107
f 2399//2399 623//623 2409//2409
f 2406//2406 2409//2409 623//623
f 2414//2414 169//169 2416//2416
f 2405//2405 2416//2416 169//169
f 2412//2412 625//625 2419//2419
f 2417//2417 2419//2419 625//625
f 2424//2424 168//168 2426//2426
f 2383//2383 2426//2426 168//168
f 2422//2422 627//627 2429//2429
f 2427//2427 2429//2429 627//627
f 2435//2435 2437//2437 170//170
f 2434//2434 170//170 2437//2437
f 2432//2432 631//631 2443//2443
f 2440//2440 2443//2443 631//631
f 2448//2448 13//13 2450//2450
f 1419//1419 2450//2450 13//13
f 2452//2452 2455//2455 634//634
f 2446//2446 634//634 2455//2455
f 108//108 2459//2459 1552//1552
f 2461//2461 1552//1552 2459//2459
f 636//636 2463//2463 2457//2457
f 2465//2465 2457//2457 2463//2463
f 2471//2471 2408//2408 2469//2469
f 167//167 2469//2469 2408//2408
f 2475//2475 2467//2467 2473//2473
f 638//638 2473//2473 2467//2467
f 164//164 2442//2442 2366//2366
f 2480//2480 2366//2366 2442//2442
f 2483//2483 2477//2477 2481//2481
f 639//639 2481//2481 2477//2477
f 172//172 2489//2489 2488//2488
f 2491//2491 2488//2488 2489//2489
f 643//643 2494//2494 2486//2486
f 2497//2497 2486//2486 2494//2494
f 173//173 2504//2504 2503//2503
f 2506//2506 2503//2503 2504//2504
f 647//647 2508//2508 2500//2500
f 2511//2511 2500//2500 2508//2508
f 2020//2020 137//137 2518//2518
f 2516//2516 2518//2518 137//137
f 2513//2513 650//650 2523//2523
f 2520//2520 2523//2523 650//650
f 174//174 2519//2519 2528//2528
f 2530//2530 2528//2528 2519//2519
f 652//652 2531//2531 2526//2526
f 2533//2533 2526//2526 2531//2531
f 2218//2218 154//154 2538//2538
f 2496//2496 2538//2538 154//154
f 2535//2535 653//653 2541//2541
f 2539//2539 2541//2541 653//653
f 2547//2547 175//175 2550//2550
f 2548//2548 2550//2550 175//175
f 2544//2544 658//658 2557//2557
f 2553//2553 2557//2557 658//658
f 2562//2562 2564//2564 157//157
f 2238//2238 157//157 2564//2564
f 661//661 2566//2566 2559//2559
f 2569//2569 2559//2559 2566//2566
f 176//176 2575//2575 2574//2574
f 2577//2577 2574//2574 2575//2575
f 664//664 2579//2579 2572//2572
f 2581//2581 2572//2572 2579//2579
f 1702//1702 118//118 2588//2588
f 2586//2586 2588//2588 118//118
f 2583//2583 667//667 2593//2593
f 2590//2590 2593//2593 667//667
f 2600//2600 2598//2598 2555//2555
f 177//177 2555//2555 2598//2598
f 669//669 2601//2601 2596//2596
f 2603//2603 2596//2596 2601//2601
f 2510//2510 172//172 2610//2610
f 2608//2608 2610//2610 172//172
f 2605//2605 673//673 2617//2617
f 2613//2613 2617//2617 673//673
f 37//37 2294//2294 2484//2484
f 2622//2622 2484//2484 2294//2294
f 675//675 2624//2624 2619//2619
f 2627//2627 2619//2619 2624//2624
f 2633//2633 2623//2623 2280//2280
f 161//161 2280//2280 2623//2623
f 2629//2629 677//677 2637//2637
f 2634//2634 2637//2637 677//677
f 2612//2612 180//180 2643//2643
f 2630//2630 2643//2643 180//180
f 2644//2644 2647//2647 679//679
f 2639//2639 679//679 2647//2647
f 176//176 2651//2651 2592//2592
f 2653//2653 2592//2592 2651//2651
f 682//682 2656//2656 2649//2649
f 2659//2659 2649//2649 2656//2656
f 2664//2664 2570//2570 2132//2132
f 39//39 2132//2132 2570//2570
f 2669//2669 2661//2661 2666//2666
f 684//684 2666//2666 2661//2661
f 2665//2665 147//147 2675//2675
f 2117//2117 2675//2675 147//147
f 2671//2671 686//686 2679//2679
f 2676//2676 2679//2679 686//686
f 181//181 2672//2672 2655//2655
f 2684//2684 2655//2655 2672//2672
f 687//687 2685//2685 2681//2681
f 2687//2687 2681//2681 2685//2685
f 2695//2695 2692//2692 2693//2693
f 182//182 2693//2693 2692//2692
f 691//691 2698//2698 2690//2690
f 2701//2701 2690//2690 2698//2698
f 2706//2706 33//33 2708//2708
f 2076//2076 2708//2708 33//33
f 2704//2704 694//694 2713//2713
f 2710//2710 2713//2713 694//694
f 2719//2719 2709//2709 2061//2061
f 142//142 2061//2061 2709//2709
f 697//697 2721//2721 2715//2715
f 2725//2725 2715//2715 2721//2721
f 184//184 2716//2716 2697//2697
f 2730//2730 2697//2697 2716//2716
f 699//699 2732//2732 2727//2727
f 2735//2735 2727//2727 2732//2732
f 2740//2740 185//185 2743//2743
f 2741//2741 2743//2743 185//185
f 2738//2738 703//703 2749//2749
f 2746//2746 2749//2749 703//703
f 2754//2754 34//34 2756//2756
f 2093//2093 2756//2756 34//34
f 2752//2752 706//706 2761//2761
f 2758//2758 2761//2761 706//706
f 143//143 2080//2080 2757//2757
f 2767//2767 2757//2757 2080//2080
f 708//708 2768//2768 2763//2763
f 2771//2771 2763//2763 2768//2768
f 2776//2776 2745//2745 2764//2764
f 186//186 2764//2764 2745//2745
f 2773//2773 709//709 2779//2779
f 2777//2777 2779//2779 709//709
f 2787//2787 2784//2784 2785//2785
f 187//187 2785//2785 2784//2784
f 2793//2793 2782//2782 2790//2790
f 713//713 2790//2790 2782//2782
f 2798//2798 32//32 2800//2800
f 2109//2109 2800//2800 32//32
f 2796//2796 716//716 2805//2805
f 2802//2802 2805//2805 716//716
f 2801//2801 144//144 2811//2811
f 2097//2097 2811//2811 144//144
f 2807//2807 718//718 2815//2815
f 2812//2812 2815//2815 718//718
f 2789//2789 188//188 2820//2820
f 2808//2808 2820//2820 188//188
f 2823//2823 2817//2817 2821//2821
f 719//719 2821//2821 2817//2817
f 2731//2731 183//183 2829//2829
f 2827//2827 2829//2829 183//183
f 2825//2825 722//722 2835//2835
f 2832//2832 2835//2835 722//722
f 2720//2720 35//35 2840//2840
f 2059//2059 2840//2840 35//35
f 2837//2837 724//724 2845//2845
f 2842//2842 2845//2845 724//724
f 145//145 2102//2102 2841//2841
f 2851//2851 2841//2841 2102//2102
f 726//726 2852//2852 2847//2847
f 2855//2855 2847//2847 2852//2852
f 2831//2831 189//189 2860//2860
f 2848//2848 2860//2860 189//189
f 2857//2857 727//727 2863//2863
f 2861//2861 2863//2863 727//727
f 2872//2872 2869//2869 2870//2870
f 190//190 2870//2870 2869//2869
f 2879//2879 2866//2866 2875//2875
f 732//732 2875//2875 2866//2866
f 2887//2887 2884//2884 2885//2885
f 46//46 2885//2885 2884//2884
f 2893//2893 2882//2882 2890//2890
f 736//736 2890//2890 2882//2882
f 2900//2900 2889//2889 2898//2898
f 191//191 2898//2898 2889//2889
f 2907//2907 2895//2895 2903//2903
f 740//740 2903//2903 2895//2895
f 2913//2913 2874//2874 2896//2896
f 194//194 2896//2896 2874//2874
f 743//743 2915//2915 2909//2909
f 2919//2919 2909//2909 2915//2915
f 2926//2926 2914//2914 2924//2924
f 192//192 2924//2924 2914//2914
f 747//747 2929//2929 2921//2921
f 2933//2933 2921//2921 2929//2929
f 2939//2939 2902//2902 2937//2937
f 48//48 2937//2937 2902//2902
f 2945//2945 2935//2935 2942//2942
f 750//750 2942//2942 2935//2935
f 2952//2952 2941//2941 2950//2950
f 195//195 2950//2950 2941//2941
f 2959//2959 2947//2947 2955//2955
f 754//754 2955//2955 2947//2947
f 198//198 2948//2948 2928//2928
f 2965//2965 2928//2928 2948//2948
f 757//757 2967//2967 2961//2961
f 2971//2971 2961//2961 2967//2967
f 2932//2932 197//197 2978//2978
f 2976//2976 2978//2978 197//197
f 2973//2973 761//761 2985//2985
f 2981//2981 2985//2985 761//761
f 2970//2970 51//51 2991//2991
f 2989//2989 2991//2991 51//51
f 2987//2987 764//764 2997//2997
f 2994//2994 2997//2997 764//764
f 2993//2993 199//199 3004//3004
f 3002//3002 3004//3004 199//199
f 2999//2999 768//768 3011//3011
f 3007//3007 3011//3011 768//768
f 2980//2980 202//202 3017//3017
f 3000//3000 3017//3017 202//202
f 3013//3013 771//771 3023//3023
f 3019//3019 3023//3023 771//771
f 3028//3028 203//203 3031//3031
f 3029//3029 3031//3031 203//203
f 3026//3026 775//775 3037//3037
f 3034//3034 3037//3037 775//775
f 52//52 3043//3043 3042//3042
f 3045//3045 3042//3042 3043//3043
f 3040//3040 779//779 3051//3051
f 3048//3048 3051//3051 779//779
f 3047//3047 204//204 3058//3058
f 3056//3056 3058//3058 204//204
f 3053//3053 783//783 3065//3065
f 3061//3061 3065//3065 783//783
f 3033//3033 206//206 3070//3070
f 3054//3054 3070//3070 206//206
f 3067//3067 785//785 3075//3075
f 3072//3072 3075//3075 785//785
f 3038//3038 203//203 3082//3082
f 3080//3080 3082//3082 203//203
f 3077//3077 789//789 3089//3089
f 3085//3085 3089//3089 789//789
f 196//196 3093//3093 2966//2966
f 3095//3095 2966//2966 3093//3093
f 791//791 3097//3097 3091//3091
f 3099//3099 3091//3091 3097//3097
f 3105//3105 3107//3107 207//207
f 3104//3104 207//207 3107//3107
f 3109//3109 3111//3111 794//794
f 3102//3102 794//794 3111//3111
f 208//208 3118//3118 3117//3117
f 3120//3120 3117//3117 3118//3118
f 798//798 3122//3122 3114//3114
f 3125//3125 3114//3114 3122//3122
f 3087//3087 3133//3133 209//209
f 3131//3131 209//209 3133//3133
f 3128//3128 801//801 3137//3137
f 3134//3134 3137//3137 801//801
f 3143//3143 211//211 3146//3146
f 3144//3144 3146//3146 211//211
f 3140//3140 806//806 3153//3153
f 3149//3149 3153//3153 806//806
f 3161//3161 3158//3158 3159//3159
f 62//62 3159//3159 3158//3158
f 3167//3167 3156//3156 3164//3164
f 810//810 3164//3164 3156//3156
f 212//212 3172//3172 3163//3163
f 3174//3174 3163//3163 3172//3172
f 814//814 3177//3177 3169//3169
f 3181//3181 3169//3169 3177//3177
f 3148//3148 215//215 3187//3187
f 3170//3170 3187//3187 215//215
f 3189//3189 3193//3193 817//817
f 3183//3183 817//817 3193//3193
f 3188//3188 213//213 3199//3199
f 3197//3197 3199//3199 213//213
f 3202//3202 3205//3205 820//820
f 3195//3195 820//820 3205//3205
f 3176//3176 63//63 3211//3211
f 3209//3209 3211//3211 63//63
f 3207//3207 823//823 3217//3217
f 3214//3214 3217//3217 823//823
f 3213//3213 216//216 3224//3224
f 3222//3222 3224//3224 216//216
f 3219//3219 827//827 3231//3231
f 3227//3227 3231//3231 827//827
f 3220//3220 3236//3236 218//218
f 3201//3201 218//218 3236//3236
f 3238//3238 3241//3241 829//829
f 3233//3233 829//829 3241//3241
f 3222//3222 216//216 3248//3248
f 3246//3246 3248//3248 216//216
f 3243//3243 833//833 3255//3255
f 3251//3251 3255//3255 833//833
f 3209//3209 63//63 3260//3260
f 3175//3175 3260//3260 63//63
f 3257//3257 835//835 3265//3265
f 3262//3262 3265//3265 835//835
f 212//212 3162//3162 3261//3261
f 3271//3271 3261//3261 3162//3162
f 838//838 3273//3273 3267//3267
f 3277//3277 3267//3267 3273//3273
f 3250//3250 221//221 3283//3283
f 3268//3268 3283//3283 221//221
f 3279//3279 841//841 3289//3289
f 3285//3285 3289//3289 841//841
f 222//222 3295//3295 3294//3294
f 3297//3297 3294//3294 3295//3295
f 3303//3303 3292//3292 3300//3300
f 845//845 3300//3300 3292//3292
f 48//48 2901//2901 3308//3308
f 3310//3310 3308//3308 2901//2901
f 848//848 3312//3312 3306//3306
f 3315//3315 3306//3306 3312//3312
f 191//191 2888//2888 3311//3311
f 3321//3321 3311//3311 2888//2888
f 851//851 3323//3323 3317//3317
f 3327//3327 3317//3317 3323//3323
f 3332//3332 3299//3299 3318//3318
f 224//224 3318//3318 3299//3299
f 3337//3337 3329//3329 3334//3334
f 853//853 3334//3334 3329//3329
f 3342//3342 225//225 3345//3345
f 3343//3343 3345//3345 225//225
f 857//857 3348//3348 3340//3340
f 3351//3351 3340//3340 3348//3348
f 50//50 2953//2953 3356//3356
f 3358//3358 3356//3356 2953//2953
f 860//860 3360//3360 3354//3354
f 3363//3363 3354//3354 3360//3360
f 195//195 2940//2940 3359//3359
f 3369//3369 3359//3359 2940//2940
f 862//862 3370//3370 3365//3365
f 3373//3373 3365//3365 3370//3370
f 226//226 3366//3366 3347//3347
f 3378//3378 3347//3347 3366//3366
f 863//863 3379//3379 3375//3375
f 3381//3381 3375//3375 3379//3379
f 227//227 3387//3387 3386//3386
f 3389//3389 3386//3386 3387//3387
f 867//867 3392//3392 3384//3384
f 3395//3395 3384//3384 3392//3392
f 52//52 3401//3401 3400//3400
f 3403//3403 3400//3400 3401//3401
f 871//871 3406//3406 3398//3398
f 3409//3409 3398//3398 3406//3406
f 228//228 3414//3414 3405//3405
f 3416//3416 3405//3405 3414//3414
f 875//875 3419//3419 3411//3411
f 3423//3423 3411//3411 3419//3419
f 230//230 3412//3412 3391//3391
f 3428//3428 3391//3391 3412//3412
f 877//877 3430//3430 3425//3425
f 3433//3433 3425//3425 3430//3430
f 3441//3441 3438//3438 3439//3439
f 231//231 3439//3439 3438//3438
f 881//881 3444//3444 3436//3436
f 3447//3447 3436//3436 3444//3444
f 3452//3452 56//56 3454//3454
f 3059//3059 3454//3454 56//56
f 3456//3456 3459//3459 884//884
f 3450//3450 884//884 3459//3459
f 3046//3046 3465//3465 204//204
f 3455//3455 204//204 3465//3465
f 886//886 3466//3466 3461//3461
f 3469//3469 3461//3461 3466//3466
f 3462//3462 3474//3474 232//232
f 3443//3443 232//232 3474//3474
f 887//887 3475//3475 3471//3471
f 3477//3477 3471//3471 3475//3475
f 233//233 3483//3483 3482//3482
f 3485//3485 3482//3482 3483//3483
f 891//891 3488//3488 3480//3480
f 3491//3491 3480//3480 3488//3488
f 47//47 2867//2867 3496//3496
f 3498//3498 3496//3496 2867//2867
f 894//894 3500//3500 3494//3494
f 3503//3503 3494//3494 3500//3500
f 193//193 2910//2910 3499//3499
f 3509//3509 3499//3499 2910//2910
f 897//897 3511//3511 3505//3505
f 3515//3515 3505//3505 3511//3511
f 235//235 3506//3506 3487//3487
f 3520//3520 3487//3487 3506//3506
f 899//899 3522//3522 3517//3517
f 3525//3525 3517//3517 3522//3522
f 234//234 3529//3529 3521//3521
f 3531//3531 3521//3521 3529//3529
f 902//902 3534//3534 3527//3527
f 3537//3537 3527//3527 3534//3534
f 49//49 2974//2974 3510//3510
f 3542//3542 3510//3510 2974//2974
f 904//904 3544//3544 3539//3539
f 3547//3547 3539//3539 3544//3544
f 3543//3543 201//201 3553//3553
f 3014//3014 3553//3553 201//201
f 3549//3549 907//907 3559//3559
f 3555//3555 3559//3559 907//907
f 237//237 3550//3550 3533//3533
f 3564//3564 3533//3533 3550//3550
f 3566//3566 3569//3569 909//909
f 3561//3561 909//909 3569//3569
f 3565//3565 236//236 3575//3575
f 3573//3573 3575//3575 236//236
f 3578//3578 3581//3581 912//912
f 3571//3571 912//912 3581//3581
f 3554//3554 54//54 3586//3586
f 3021//3021 3586//3586 54//54
f 3583//3583 914//914 3591//3591
f 3588//3588 3591//3591 914//914
f 3587//3587 200//200 3597//3597
f 3009//3009 3597//3597 200//200
f 3593//3593 917//917 3603//3603
f 3599//3599 3603//3603 917//917
f 3577//3577 239//239 3608//3608
f 3594//3594 3608//3608 239//239
f 3610//3610 3613//3613 919//919
f 3605//3605 919//919 3613//3613
f 3617//3617 3619//3619 238//238
f 3609//3609 238//238 3619//3619
f 922//922 3622//3622 3615//3615
f 3625//3625 3615//3615 3622//3622
f 55//55 3074//3074 3598//3598
f 3630//3630 3598//3598 3074//3074
f 924//924 3632//3632 3627//3627
f 3635//3635 3627//3627 3632//3632
f 205//205 3063//3063 3631//3631
f 3641//3641 3631//3631 3063//3063
f 926//926 3642//3642 3637//3637
f 3645//3645 3637//3637 3642//3642
f 240//240 3638//3638 3621//3621
f 3650//3650 3621//3621 3638//3638
f 927//927 3651//3651 3647//3647
f 3653//3653 3647//3647 3651//3651
f 1976//1976 138//138 3659//3659
f 3657//3657 3659//3659 138//138
f 930//930 3662//3662 3655//3655
f 3665//3665 3655//3655 3662//3662
f 3670//3670 241//241 3673//3673
f 3671//3671 3673//3673 241//241
f 3675//3675 3677//3677 933//933
f 3668//3668 933//933 3677//3677
f 214//214 3682//3682 3152//3152
f 3684//3684 3152//3152 3682//3682
f 936//936 3686//3686 3679//3679
f 3689//3689 3679//3679 3686//3686
f 3124//3124 207//207 3695//3695
f 3693//3693 3695//3695 207//207
f 3691//3691 938//938 3699//3699
f 3697//3697 3699//3699 938//938
f 3664//3664 3704//3704 225//225
f 3352//3352 225//225 3704//3704
f 939//939 3705//3705 3701//3701
f 3707//3707 3701//3701 3705//3705
f 3088//3088 209//209 3713//3713
f 3711//3711 3713//3713 209//209
f 3709//3709 942//942 3719//3719
f 3716//3716 3719//3719 942//942
f 243//243 3725//3725 3724//3724
f 3727//3727 3724//3724 3725//3725
f 945//945 3729//3729 3722//3722
f 3731//3731 3722//3722 3729//3729
f 3414//3414 228//228 3737//3737
f 3718//3718 3737//3737 228//228
f 3733//3733 947//947 3741//3741
f 3738//3738 3741//3741 947//947
f 245//245 3748//3748 3747//3747
f 3750//3750 3747//3747 3748//3748
f 952//952 3753//3753 3744//3744
f 3757//3757 3744//3744 3753//3753
f 3765//3765 3762//3762 3763//3763
f 64//64 3763//3763 3762//3762
f 956//956 3768//3768 3760//3760
f 3771//3771 3760//3760 3768//3768
f 246//246 3776//3776 3767//3767
f 3778//3778 3767//3767 3776//3776
f 960//960 3781//3781 3773//3773
f 3785//3785 3773//3773 3781//3781
f 249//249 3774//3774 3752//3752
f 3791//3791 3752//3752 3774//3774
f 963//963 3793//3793 3787//3787
f 3797//3797 3787//3787 3793//3793
f 250//250 3804//3804 3803//3803
f 3806//3806 3803//3803 3804//3804
f 968//968 3809//3809 3800//3800
f 3813//3813 3800//3800 3809//3809
f 75//75 3819//3819 3818//3818
f 3821//3821 3818//3818 3819//3819
f 972//972 3824//3824 3816//3816
f 3827//3827 3816//3816 3824//3824
f 3823//3823 251//251 3834//3834
f 3832//3832 3834//3834 251//251
f 976//976 3837//3837 3829//3829
f 3841//3841 3829//3829 3837//3837
f 254//254 3830//3830 3808//3808
f 3847//3847 3808//3808 3830//3830
f 979//979 3849//3849 3843//3843
f 3853//3853 3843//3843 3849//3849
f 3859//3859 255//255 3862//3862
f 3860//3860 3862//3862 255//255
f 3856//3856 984//984 3869//3869
f 3865//3865 3869//3869 984//984
f 3874//3874 76//76 3877//3877
f 3875//3875 3877//3877 76//76
f 3872//3872 988//988 3883//3883
f 3880//3880 3883//3883 988//988
f 3879//3879 256//256 3890//3890
f 3888//3888 3890//3890 256//256
f 3885//3885 992//992 3897//3897
f 3893//3893 3897//3897 992//992
f 3864//3864 259//259 3903//3903
f 3886//3886 3903//3903 259//259
f 995//995 3905//3905 3899//3899
f 3909//3909 3899//3899 3905//3905
f 252//252 3914//3914 3848//3848
f 3916//3916 3848//3848 3914//3914
f 3923//3923 3911//3911 3919//3919
f 999//999 3919//3919 3911//3911
f 263//263 3917//3917 3929//3929
f 3931//3931 3929//3929 3917//3917
f 1002//1002 3932//3932 3926//3926
f 3935//3935 3926//3926 3932//3932
f 260//260 3940//3940 3924//3924
f 3942//3942 3924//3924 3940//3940
f 3949//3949 3937//3937 3945//3945
f 1006//1006 3945//3945 3937//3937
f 3955//3955 3918//3918 3938//3938
f 263//263 3938//3938 3918//3918
f 3951//3951 1009//1009 3961//3961
f 3957//3957 3961//3961 1009//1009
f 3968//3968 3956//3956 3966//3966
f 261//261 3966//3966 3956//3956
f 3975//3975 3963//3963 3971//3971
f 1013//1013 3971//3971 3963//3963
f 3981//3981 3944//3944 3979//3979
f 73//73 3979//3979 3944//3944
f 3977//3977 1016//1016 3987//3987
f 3984//3984 3987//3987 1016//1016
f 3983//3983 264//264 3994//3994
f 3992//3992 3994//3994 264//264
f 3989//3989 1019//1019 3999//3999
f 3996//3996 3999//3999 1019//1019
f 3990//3990 4005//4005 266//266
f 3970//3970 266//266 4005//4005
f 4006//4006 4009//4009 1021//1021
f 4001//4001 1021//1021 4009//4009
f 267//267 4015//4015 4014//4014
f 4017//4017 4014//4014 4015//4015
f 4012//4012 1025//1025 4023//4023
f 4020//4020 4023//4023 1025//1025
f 77//77 4029//4029 4028//4028
f 4031//4031 4028//4028 4029//4029
f 1029//1029 4034//4034 4026//4026
f 4037//4037 4026//4026 4034//4034
f 268//268 4042//4042 4033//4033
f 4044//4044 4033//4033 4042//4042
f 1032//1032 4046//4046 4039//4039
f 4049//4049 4039//4039 4046//4046
f 4019//4019 269//269 4054//4054
f 4040//4040 4054//4054 269//269
f 4051//4051 1033//1033 4057//4057
f 4055//4055 4057//4057 1033//1033
f 270//270 4063//4063 4062//4062
f 4065//4065 4062//4062 4063//4063
f 4068//4068 4071//4071 1037//1037
f 4060//4060 1037//1037 4071//4071
f 3237//3237 217//217 4078//4078
f 4076//4076 4078//4078 217//217
f 4073//4073 1040//1040 4083//4083
f 4080//4080 4083//4083 1040//1040
f 4088//4088 272//272 4090//4090
f 4079//4079 4090//4090 272//272
f 4086//4086 1042//1042 4093//4093
f 4091//4091 4093//4093 1042//1042
f 4098//4098 271//271 4101//4101
f 4099//4099 4101//4101 271//271
f 4096//4096 1045//1045 4105//4105
f 4103//4103 4105//4105 1045//1045
f 267//267 4070//4070 4024//4024
f 4111//4111 4024//4024 4070//4070
f 1047//1047 4112//4112 4107//4107
f 4115//4115 4107//4107 4112//4112
f 4042//4042 268//268 4122//4122
f 4120//4120 4122//4122 268//268
f 4117//4117 1051//1051 4129//4129
f 4125//4125 4129//4129 1051//1051
f 4133//4133 4135//4135 271//271
f 4114//4114 271//271 4135//4135
f 1053//1053 4137//4137 4131//4131
f 4139//4139 4131//4131 4137//4137
f 219//219 4143//4143 3284//3284
f 4145//4145 3284//3284 4143//4143
f 1055//1055 4147//4147 4141//4141
f 4149//4149 4141//4141 4147//4147
f 4155//4155 3154//3154 4153//4153
f 211//211 4153//4153 3154//3154
f 1057//1057 4157//4157 4151//4151
f 4159//4159 4151//4151 4157//4157
f 4156//4156 4165//4165 274//274
f 4124//4124 274//274 4165//4165
f 4161//4161 1059//1059 4169//4169
f 4166//4166 4169//4169 1059//1059
f 256//256 4174//4174 3888//3888
f 4176//4176 3888//3888 4174//4174
f 1063//1063 4179//4179 4171//4171
f 4183//4183 4171//4171 4179//4179
f 4187//4187 4189//4189 273//273
f 4128//4128 273//273 4189//4189
f 4185//4185 1065//1065 4193//4193
f 4191//4191 4193//4193 1065//1065
f 4198//4198 276//276 4200//4200
f 4190//4190 4200//4200 276//276
f 1067//1067 4201//4201 4196//4196
f 4203//4203 4196//4196 4201//4201
f 2522//2522 173//173 4209//4209
f 4207//4207 4209//4209 173//173
f 4205//4205 1069//1069 4213//4213
f 4211//4211 4213//4213 1069//1069
f 4218//4218 275//275 4220//4220
f 4181//4181 4220//4220 275//275
f 4221//4221 4223//4223 1071//1071
f 4216//4216 1071//1071 4223//4223
f 4228//4228 4230//4230 177//177
f 2556//2556 177//177 4230//4230
f 4225//4225 1075//1075 4237//4237
f 4233//4233 4237//4237 1075//1075
f 229//229 4241//4241 3429//3429
f 4243//4243 3429//3429 4241//4241
f 1077//1077 4245//4245 4239//4239
f 4247//4247 4239//4239 4245//4245
f 4252//4252 277//277 4255//4255
f 4253//4253 4255//4255 277//277
f 4250//4250 1080//1080 4259//4259
f 4257//4257 4259//4259 1080//1080
f 4264//4264 4266//4266 262//262
f 3922//3922 262//262 4266//4266
f 4271//4271 4261//4261 4268//4268
f 1083//1083 4268//4268 4261//4261
f 4278//4278 4276//4276 4235//4235
f 278//278 4235//4235 4276//4276
f 4279//4279 4281//4281 1085//1085
f 4274//4274 1085//1085 4281//4281
f 2616//2616 179//179 4287//4287
f 4285//4285 4287//4287 179//179
f 4283//4283 1088//1088 4293//4293
f 4290//4290 4293//4293 1088//1088
f 4226//4226 4298//4298 26//26
f 2646//2646 26//26 4298//4298
f 4300//4300 4303//4303 1090//1090
f 4295//4295 1090//1090 4303//4303
f 4276//4276 4309//4309 278//278
f 4299//4299 278//278 4309//4309
f 4305//4305 1092//1092 4313//4313
f 4310//4310 4313//4313 1092//1092
f 280//280 4306//4306 4289//4289
f 4318//4318 4289//4289 4306//4306
f 1093//1093 4319//4319 4315//4315
f 4321//4321 4315//4315 4319//4319
f 243//243 4325//4325 3740//3740
f 4327//4327 3740//3740 4325//4325
f 1096//1096 4330//4330 4323//4323
f 4333//4333 4323//4323 4330//4330
f 57//57 4074//4074 3720//3720
f 4338//4338 3720//3720 4074//4074
f 1098//1098 4340//4340 4335//4335
f 4343//4343 4335//4335 4340//4340
f 4339//4339 270//270 4349//4349
f 4062//4062 4349//4349 270//270
f 4345//4345 1100//1100 4353//4353
f 4350//4350 4353//4353 1100//1100
f 281//281 4346//4346 4329//4329
f 4358//4358 4329//4329 4346//4346
f 1101//1101 4359//4359 4355//4355
f 4361//4361 4355//4355 4359//4359
f 251//251 4366//4366 3832//3832
f 4368//4368 3832//3832 4366//4366
f 1105//1105 4371//4371 4363//4363
f 4375//4375 4363//4363 4371//4371
f 75//75 4379//4379 3819//3819
f 4381//4381 3819//3819 4379//4379
f 1108//1108 4384//4384 4377//4377
f 4387//4387 4377//4377 4384//4384
f 282//282 4392//4392 4383//4383
f 4394//4394 4383//4383 4392//4392
f 1111//1111 4396//4396 4389//4389
f 4399//4399 4389//4389 4396//4396
f 284//284 4390//4390 4370//4370
f 4405//4405 4370//4370 4390//4390
f 4401//4401 1113//1113 4409//4409
f 4406//4406 4409//4409 1113//1113
f 3940//3940 260//260 4416//4416
f 4414//4414 4416//4416 260//260
f 4411//4411 1117//1117 4423//4423
f 4419//4419 4423//4423 1117//1117
f 3934//3934 70//70 4428//4428
f 4364//4364 4428//4428 70//70
f 1119//1119 4430//4430 4425//4425
f 4433//4433 4425//4425 4430//4430
f 283//283 4402//4402 4429//4429
f 4439//4439 4429//4429 4402//4402
f 1121//1121 4440//4440 4435//4435
f 4443//4443 4435//4435 4440//4440
f 4418//4418 286//286 4449//4449
f 4436//4436 4449//4449 286//286
f 4445//4445 1123//1123 4453//4453
f 4450//4450 4453//4453 1123//1123
f 264//264 4458//4458 3992//3992
f 4460//4460 3992//3992 4458//4458
f 4455//4455 1127//1127 4467//4467
f 4463//4463 4467//4467 1127//1127
f 3979//3979 73//73 4472//4472
f 4412//4412 4472//4472 73//73
f 1129//1129 4474//4474 4469//4469
f 4477//4477 4469//4469 4474//4474
f 4473//4473 285//285 4483//4483
f 4446//4446 4483//4483 285//285
f 4487//4487 4479//4479 4484//4484
f 1131//1131 4484//4484 4479//4479
f 4462//4462 288//288 4493//4493
f 4480//4480 4493//4493 288//288
f 4494//4494 4497//4497 1133//1133
f 4489//4489 1133//1133 4497//4497
f 3868//3868 258//258 4503//4503
f 4501//4501 4503//4503 258//258
f 4499//4499 1136//1136 4509//4509
f 4506//4506 4509//4509 1136//1136
f 3908//3908 68//68 4514//4514
f 4456//4456 4514//4514 68//68
f 4511//4511 1138//1138 4519//4519
f 4516//4516 4519//4519 1138//1138
f 287//287 4490//4490 4515//4515
f 4525//4525 4515//4515 4490//4490
f 1140//1140 4526//4526 4521//4521
f 4529//4529 4521//4521 4526//4526
f 4505//4505 289//289 4534//4534
f 4522//4522 4534//4534 289//289
f 4531//4531 1141//1141 4537//4537
f 4535//4535 4537//4537 1141//1141
f 1146//1146 1142//1142 1143//1143
f 290//290 1143//1143 1142//1142
f 291//291 1151//1151 1149//1149
f 1154//1154 1149//1149 1151//1151
f 295//295 1159//1159 1158//1158
f 1161//1161 1158//1158 1159//1159
f 296//296 1166//1166 1164//1164
f 1169//1169 1164//1164 1166//1166
f 297//297 1172//1172 1170//1170
f 1175//1175 1170//1170 1172//1172
f 299//299 1179//1179 1177//1177
f 1182//1182 1177//1177 1179//1179
f 292//292 1186//1186 1155//1155
f 1189//1189 1155//1155 1186//1186
f 301//301 1184//1184 1190//1190
f 1194//1194 1190//1190 1184//1184
f 306//306 1199//1199 1198//1198
f 1201//1201 1198//1198 1199//1199
f 307//307 1206//1206 1204//1204
f 1209//1209 1204//1204 1206//1206
f 310//310 1213//1213 1212//1212
f 1215//1215 1212//1212 1213//1213
f 311//311 1220//1220 1218//1218
f 1223//1223 1218//1218 1220//1220
f 312//312 1226//1226 1224//1224
f 1229//1229 1224//1224 1226//1226
f 314//314 1233//1233 1231//1231
f 1236//1236 1231//1231 1233//1233
f 308//308 1240//1240 1210//1210
f 1242//1242 1210//1210 1240//1240
f 316//316 1238//1238 1243//1243
f 1247//1247 1243//1243 1238//1238
f 1250//1250 320//320 1253//1253
f 1251//1251 1253//1253 320//320
f 1256//1256 321//321 1261//1261
f 1258//1258 1261//1261 321//321
f 1264//1264 324//324 1267//1267
f 1265//1265 1267//1267 324//324
f 1270//1270 325//325 1275//1275
f 1272//1272 1275//1275 325//325
f 1276//1276 326//326 1281//1281
f 1278//1278 1281//1281 326//326
f 1283//1283 328//328 1288//1288
f 1285//1285 1288//1288 328//328
f 1262//1262 322//322 1294//1294
f 1292//1292 1294//1294 322//322
f 1295//1295 330//330 1299//1299
f 1290//1290 1299//1299 330//330
f 1300//1300 332//332 1305//1305
f 1302//1302 1305//1305 332//332
f 1307//1307 334//334 1312//1312
f 1309//1309 1312//1312 334//334
f 1289//1289 329//329 1318//1318
f 1316//1316 1318//1318 329//329
f 1320//1320 338//338 1325//1325
f 1322//1322 1325//1325 338//338
f 1326//1326 339//339 1331//1331
f 1328//1328 1331//1331 339//339
f 1333//1333 341//341 1338//1338
f 1335//1335 1338//1338 341//341
f 1313//1313 335//335 1345//1345
f 1342//1342 1345//1345 335//335
f 1346//1346 343//343 1350//1350
f 1340//1340 1350//1350 343//343
f 1355//1355 1357//1357 348//348
f 1354//1354 348//348 1357//1357
f 1360//1360 349//349 1365//1365
f 1362//1362 1365//1365 349//349
f 1368//1368 352//352 1372//1372
f 1369//1369 1372//1372 352//352
f 1379//1379 1375//1375 1377//1377
f 353//353 1377//1377 1375//1375
f 1386//1386 1382//1382 1383//1383
f 356//356 1383//1383 1382//1382
f 1393//1393 1389//1389 1391//1391
f 357//357 1391//1391 1389//1389
f 1396//1396 1399//1399 314//314
f 1233//1233 314//314 1399//1399
f 1401//1401 360//360 1405//1405
f 1403//1403 1405//1405 360//360
f 336//336 1408//1408 1304//1304
f 1410//1410 1304//1304 1408//1408
f 350//350 1363//1363 1411//1411
f 1414//1414 1411//1411 1363//1363
f 1416//1416 364//364 1420//1420
f 1417//1417 1420//1420 364//364
f 1423//1423 365//365 1428//1428
f 1425//1425 1428//1428 365//365
f 1432//1432 369//369 1435//1435
f 1433//1433 1435//1435 369//369
f 1438//1438 370//370 1443//1443
f 1440//1440 1443//1443 370//370
f 1449//1449 1444//1444 1446//1446
f 371//371 1446//1446 1444//1444
f 1451//1451 373//373 1456//1456
f 1453//1453 1456//1456 373//373
f 366//366 1460//1460 1429//1429
f 1463//1463 1429//1429 1460//1460
f 375//375 1458//1458 1464//1464
f 1468//1468 1464//1464 1458//1458
f 1472//1472 1474//1474 358//358
f 1385//1385 358//358 1474//1474
f 1478//1478 1481//1481 380//380
f 1476//1476 380//380 1481//1481
f 1484//1484 1486//1486 352//352
f 1373//1373 352//352 1486//1486
f 1488//1488 383//383 1493//1493
f 1490//1490 1493//1493 383//383
f 1494//1494 384//384 1499//1499
f 1496//1496 1499//1499 384//384
f 1501//1501 386//386 1506//1506
f 1503//1503 1506//1506 386//386
f 1482//1482 381//381 1512//1512
f 1510//1510 1512//1512 381//381
f 1513//1513 388//388 1517//1517
f 1508//1508 1517//1517 388//388
f 1520//1520 392//392 1523//1523
f 1521//1521 1523//1523 392//392
f 1526//1526 393//393 1531//1531
f 1528//1528 1531//1531 393//393
f 1534//1534 396//396 1537//1537
f 1535//1535 1537//1537 396//396
f 1540//1540 397//397 1545//1545
f 1542//1542 1545//1545 397//397
f 1546//1546 398//398 1551//1551
f 1548//1548 1551//1551 398//398
f 1553//1553 400//400 1557//1557
f 1555//1555 1557//1557 400//400
f 1532//1532 394//394 1562//1562
f 1560//1560 1562//1562 394//394
f 401//401 1558//1558 1563//1563
f 1566//1566 1563//1563 1558//1558
f 1572//1572 1568//1568 1569//1569
f 404//404 1569//1569 1568//1568
f 405//405 1577//1577 1575//1575
f 1580//1580 1575//1575 1577//1577
f 409//409 1585//1585 1584//1584
f 1587//1587 1584//1584 1585//1585
f 410//410 1592//1592 1590//1590
f 1595//1595 1590//1590 1592//1592
f 411//411 1598//1598 1596//1596
f 1601//1601 1596//1596 1598//1598
f 413//413 1605//1605 1603//1603
f 1607//1607 1603//1603 1605//1605
f 1613//1613 1581//1581 1610//1610
f 406//406 1610//1610 1581//1581
f 1617//1617 1614//1614 1608//1608
f 414//414 1608//1608 1614//1614
f 1624//1624 1620//1620 1621//1621
f 418//418 1621//1621 1620//1620
f 1632//1632 1627//1627 1629//1629
f 419//419 1629//1629 1627//1627
f 1639//1639 1636//1636 1637//1637
f 423//423 1637//1637 1636//1636
f 1645//1645 1641//1641 1582//1582
f 407//407 1582//1582 1641//1641
f 1651//1651 1646//1646 1648//1648
f 424//424 1648//1648 1646//1646
f 1655//1655 1652//1652 1618//1618
f 416//416 1618//1618 1652//1652
f 1661//1661 1633//1633 1658//1658
f 420//420 1658//1658 1633//1633
f 1665//1665 1662//1662 1656//1656
f 426//426 1656//1656 1662//1662
f 1672//1672 1668//1668 1669//1669
f 430//430 1669//1669 1668//1668
f 431//431 1677//1677 1675//1675
f 1680//1680 1675//1675 1677//1677
f 1687//1687 1684//1684 1685//1685
f 435//435 1685//1685 1684//1684
f 436//436 1692//1692 1690//1690
f 1695//1695 1690//1690 1692//1692
f 437//437 1698//1698 1696//1696
f 1701//1701 1696//1696 1698//1698
f 439//439 1705//1705 1703//1703
f 1708//1708 1703//1703 1705//1705
f 432//432 1712//1712 1681//1681
f 1715//1715 1681//1681 1712//1712
f 441//441 1710//1710 1716//1716
f 1720//1720 1716//1716 1710//1710
f 1728//1728 1724//1724 1725//1725
f 446//446 1725//1725 1724//1724
f 1733//1733 1736//1736 447//447
f 1731//1731 447//447 1736//1736
f 1740//1740 451//451 1743//1743
f 1741//1741 1743//1743 451//451
f 433//433 1682//1682 1745//1745
f 1749//1749 1745//1745 1682//1682
f 1752//1752 1755//1755 452//452
f 1750//1750 452//452 1755//1755
f 444//444 1722//1722 1756//1756
f 1759//1759 1756//1756 1722//1722
f 1737//1737 448//448 1765//1765
f 1762//1762 1765//1765 448//448
f 1766//1766 454//454 1769//1769
f 1760//1760 1769//1769 454//454
f 458//458 1773//1773 1772//1772
f 1776//1776 1772//1772 1773//1773
f 1784//1784 1779//1779 1781//1781
f 459//459 1781//1781 1779//1779
f 463//463 1789//1789 1788//1788
f 1791//1791 1788//1788 1789//1789
f 1799//1799 1794//1794 1796//1796
f 464//464 1796//1796 1794//1794
f 1805//1805 1800//1800 1802//1802
f 465//465 1802//1802 1800//1800
f 467//467 1809//1809 1807//1807
f 1811//1811 1807//1807 1809//1809
f 1817//1817 1785//1785 1814//1814
f 460//460 1814//1814 1785//1785
f 1821//1821 1818//1818 1812//1812
f 468//468 1812//1812 1818//1818
f 472//472 1825//1825 1824//1824
f 1827//1827 1824//1824 1825//1825
f 473//473 1832//1832 1830//1830
f 1835//1835 1830//1830 1832//1832
f 476//476 1839//1839 1838//1838
f 1841//1841 1838//1838 1839//1839
f 1844//1844 477//477 1849//1849
f 1846//1846 1849//1849 477//477
f 1850//1850 478//478 1855//1855
f 1852//1852 1855//1855 478//478
f 1857//1857 480//480 1861//1861
f 1859//1859 1861//1861 480//480
f 474//474 1864//1864 1836//1836
f 1866//1866 1836//1836 1864//1864
f 1867//1867 481//481 1870//1870
f 1862//1862 1870//1870 481//481
f 1873//1873 1875//1875 484//484
f 1872//1872 484//484 1875//1875
f 1878//1878 485//485 1883//1883
f 1880//1880 1883//1883 485//485
f 1887//1887 1889//1889 488//488
f 1886//1886 488//488 1889//1889
f 1894//1894 1897//1897 489//489
f 1892//1892 489//489 1897//1897
f 1898//1898 490//490 1903//1903
f 1900//1900 1903//1903 490//490
f 1905//1905 492//492 1909//1909
f 1907//1907 1909//1909 492//492
f 1884//1884 486//486 1914//1914
f 1912//1912 1914//1914 486//486
f 1915//1915 493//493 1918//1918
f 1910//1910 1918//1918 493//493
f 1923//1923 1920//1920 1921//1921
f 496//496 1921//1921 1920//1920
f 1931//1931 1926//1926 1928//1928
f 497//497 1928//1928 1926//1926
f 1937//1937 1934//1934 1935//1935
f 500//500 1935//1935 1934//1934
f 1943//1943 1939//1939 1738//1738
f 449//449 1738//1738 1939//1939
f 501//501 1946//1946 1944//1944
f 1949//1949 1944//1944 1946//1946
f 456//456 1770//1770 1950//1950
f 1953//1953 1950//1950 1770//1770
f 1958//1958 1932//1932 1956//1956
f 498//498 1956//1956 1932//1932
f 503//503 1954//1954 1959//1959
f 1962//1962 1959//1959 1954//1954
f 1967//1967 1623//1623 1964//1964
f 421//421 1964//1964 1623//1623
f 1974//1974 1969//1969 1971//1971
f 506//506 1971//1971 1969//1969
f 1980//1980 1398//1398 1978//1978
f 361//361 1978//1978 1398//1398
f 1986//1986 1982//1982 1984//1984
f 510//510 1984//1984 1982//1982
f 1436//1436 369//369 1990//1990
f 1988//1988 1990//1990 369//369
f 1992//1992 512//512 1996//1996
f 1994//1994 1996//1996 512//512
f 514//514 1999//1999 1998//1998
f 2001//2001 1998//1998 1999//1999
f 515//515 2006//2006 2004//2004
f 2008//2008 2004//2004 2006//2006
f 2011//2011 2014//2014 517//517
f 2010//2010 517//517 2014//2014
f 2016//2016 507//507 2019//2019
f 1972//1972 2019//2019 507//507
f 1721//1721 443//443 2024//2024
f 2022//2022 2024//2024 443//443
f 2026//2026 520//520 2031//2031
f 2028//2028 2031//2031 520//520
f 2034//2034 523//523 2037//2037
f 2035//2035 2037//2037 523//523
f 2040//2040 524//524 2044//2044
f 2042//2042 2044//2044 524//524
f 354//354 2046//2046 1371//1371
f 2049//2049 1371//1371 2046//2046
f 521//521 2029//2029 2050//2050
f 2053//2053 2050//2050 2029//2029
f 2057//2057 2060//2060 528//528
f 2056//2056 528//528 2060//2060
f 529//529 2065//2065 2063//2063
f 2068//2068 2063//2063 2065//2065
f 533//533 2073//2073 2072//2072
f 2075//2075 2072//2072 2073//2073
f 534//534 2080//2080 2078//2078
f 2083//2083 2078//2078 2080//2080
f 535//535 2086//2086 2084//2084
f 2089//2089 2084//2084 2086//2086
f 2091//2091 537//537 2096//2096
f 2093//2093 2096//2096 537//537
f 530//530 2100//2100 2069//2069
f 2103//2103 2069//2069 2100//2100
f 539//539 2098//2098 2104//2104
f 2108//2108 2104//2104 2098//2098
f 544//544 2113//2113 2112//2112
f 2116//2116 2112//2112 2113//2113
f 2124//2124 2119//2119 2121//2121
f 545//545 2121//2121 2119//2119
f 549//549 2129//2129 2128//2128
f 2131//2131 2128//2128 2129//2129
f 2139//2139 2134//2134 2136//2136
f 550//550 2136//2136 2134//2134
f 2145//2145 2140//2140 2142//2142
f 551//551 2142//2142 2140//2140
f 2152//2152 2147//2147 2149//2149
f 553//553 2149//2149 2147//2147
f 2159//2159 2125//2125 2156//2156
f 546//546 2156//2156 2125//2125
f 2154//2154 2164//2164 555//555
f 2160//2160 555//555 2164//2164
f 2168//2168 560//560 2172//2172
f 2169//2169 2172//2172 560//560
f 2175//2175 561//561 2180//2180
f 2177//2177 2180//2180 561//561
f 2187//2187 2184//2184 2185//2185
f 565//565 2185//2185 2184//2184
f 2190//2190 566//566 2195//2195
f 2192//2192 2195//2195 566//566
f 2196//2196 567//567 2201//2201
f 2198//2198 2201//2201 567//567
f 2203//2203 569//569 2208//2208
f 2205//2205 2208//2208 569//569
f 2181//2181 562//562 2215//2215
f 2212//2212 2215//2215 562//562
f 2216//2216 571//571 2220//2220
f 2210//2210 2220//2220 571//571
f 2224//2224 576//576 2227//2227
f 2225//2225 2227//2227 576//576
f 577//577 2232//2232 2230//2230
f 2235//2235 2230//2230 2232//2232
f 2238//2238 580//580 2241//2241
f 2239//2239 2241//2241 580//580
f 2249//2249 2244//2244 2246//2246
f 581//581 2246//2246 2244//2244
f 582//582 2252//2252 2250//2250
f 2255//2255 2250//2250 2252//2252
f 584//584 2259//2259 2257//2257
f 2262//2262 2257//2257 2259//2259
f 588//588 2267//2267 2266//2266
f 2269//2269 2266//2266 2267//2267
f 2274//2274 2271//2271 2146//2146
f 553//553 2146//2146 2271//2271
f 590//590 2277//2277 2276//2276
f 2279//2279 2276//2276 2277//2277
f 2284//2284 2287//2287 591//591
f 2282//2282 591//591 2287//2287
f 2291//2291 2293//2293 594//594
f 2290//2290 594//594 2293//2293
f 2202//2202 2299//2299 569//569
f 2295//2295 569//569 2299//2299
f 2302//2302 2305//2305 595//595
f 2300//2300 595//595 2305//2305
f 566//566 2189//2189 2306//2306
f 2310//2310 2306//2306 2189//2189
f 592//592 2314//2314 2288//2288
f 2316//2316 2288//2288 2314//2314
f 2317//2317 598//598 2321//2321
f 2312//2312 2321//2321 598//598
f 2115//2115 547//547 2327//2327
f 2324//2324 2327//2327 547//547
f 2329//2329 602//602 2334//2334
f 2331//2331 2334//2334 602//602
f 2158//2158 558//558 2340//2340
f 2338//2338 2340//2340 558//558
f 2341//2341 563//563 2345//2345
f 2182//2182 2345//2345 563//563
f 2346//2346 606//606 2351//2351
f 2348//2348 2351//2351 606//606
f 2356//2356 2352//2352 2222//2222
f 574//574 2222//2222 2352//2352
f 603//603 2360//2360 2335//2335
f 2363//2363 2335//2335 2360//2360
f 609//609 2358//2358 2364//2364
f 2368//2368 2364//2364 2358//2358
f 2372//2372 2375//2375 604//604
f 2326//2326 604//604 2375//2375
f 2377//2377 614//614 2382//2382
f 2379//2379 2382//2382 614//614
f 618//618 2387//2387 2386//2386
f 2389//2389 2386//2386 2387//2387
f 619//619 2394//2394 2392//2392
f 2396//2396 2392//2392 2394//2394
f 1538//1538 396//396 2401//2401
f 2398//2398 2401//2401 396//396
f 2403//2403 621//621 2407//2407
f 2405//2405 2407//2407 621//621
f 2410//2410 624//624 2413//2413
f 2411//2411 2413//2413 624//624
f 2415//2415 621//621 2418//2418
f 2402//2402 2418//2418 621//621
f 2420//2420 626//626 2423//2423
f 2421//2421 2423//2423 626//626
f 2425//2425 615//615 2428//2428
f 2380//2380 2428//2428 615//615
f 2430//2430 628//628 2433//2433
f 2431//2431 2433//2433 628//628
f 2436//2436 629//629 2441//2441
f 2438//2438 2441//2441 629//629
f 2445//2445 2447//2447 632//632
f 2444//2444 632//632 2447//2447
f 2449//2449 367//367 2453//2453
f 1430//1430 2453//2453 367//367
f 400//400 2456//2456 1555//1555
f 2458//2458 1555//1555 2456//2456
f 2464//2464 2460//2460 2462//2462
f 635//635 2462//2462 2460//2460
f 622//622 2466//2466 2400//2400
f 2468//2468 2400//2400 2466//2466
f 2470//2470 637//637 2474//2474
f 2472//2472 2474//2474 637//637
f 611//611 2476//2476 2369//2369
f 2478//2478 2369//2369 2476//2476
f 630//630 2439//2439 2479//2479
f 2482//2482 2479//2479 2439//2439
f 640//640 2485//2485 2484//2484
f 2487//2487 2484//2484 2485//2485
f 641//641 2492//2492 2490//2490
f 2495//2495 2490//2490 2492//2492
f 644//644 2499//2499 2498//2498
f 2502//2502 2498//2498 2499//2499
f 645//645 2507//2507 2505//2505
f 2509//2509 2505//2505 2507//2507
f 2013//2013 518//518 2515//2515
f 2512//2512 2515//2515 518//518
f 2517//2517 648//648 2521//2521
f 2519//2519 2521//2521 648//648
f 2525//2525 2527//2527 651//651
f 2524//2524 651//651 2527//2527
f 2516//2516 2532//2532 648//648
f 2529//2529 648//648 2532//2532
f 2221//2221 573//573 2536//2536
f 2534//2534 2536//2536 573//573
f 2537//2537 642//642 2540//2540
f 2493//2493 2540//2540 642//642
f 2542//2542 654//654 2546//2546
f 2543//2543 2546//2546 654//654
f 2549//2549 655//655 2554//2554
f 2551//2551 2554//2554 655//655
f 2558//2558 2561//2561 580//580
f 2242//2242 580//580 2561//2561
f 2565//2565 2567//2567 659//659
f 2563//2563 659//659 2567//2567
f 662//662 2571//2571 2570//2570
f 2573//2573 2570//2570 2571//2571
f 663//663 2578//2578 2576//2576
f 2580//2580 2576//2576 2578//2578
f 1705//1705 439//439 2585//2585
f 2582//2582 2585//2585 439//439
f 2587//2587 665//665 2591//2591
f 2589//2589 2591//2591 665//665
f 668//668 2595//2595 2594//2594
f 2597//2597 2594//2594 2595//2595
f 656//656 2552//2552 2599//2599
f 2602//2602 2599//2599 2552//2552
f 2501//2501 646//646 2607//2607
f 2604//2604 2607//2607 646//646
f 670//670 2611//2611 2609//2609
f 2614//2614 2609//2609 2611//2611
f 640//640 2618//2618 2488//2488
f 2620//2620 2488//2488 2618//2618
f 594//594 2290//2290 2621//2621
f 2625//2625 2621//2621 2290//2290
f 2626//2626 674//674 2631//2631
f 2628//2628 2631//2631 674//674
f 2632//2632 590//590 2635//2635
f 2276//2276 2635//2635 590//590
f 2615//2615 671//671 2641//2641
f 2638//2638 2641//2641 671//671
f 2642//2642 676//676 2645//2645
f 2636//2636 2645//2645 676//676
f 666//666 2648//2648 2584//2584
f 2650//2650 2584//2584 2648//2648
f 680//680 2654//2654 2652//2652
f 2657//2657 2652//2652 2654//2654
f 662//662 2660//2660 2574//2574
f 2662//2662 2574//2574 2660//2660
f 2663//2663 549//549 2667//2667
f 2128//2128 2667//2667 549//549
f 2668//2668 683//683 2673//2673
f 2670//2670 2673//2673 683//683
f 2674//2674 544//544 2677//2677
f 2112//2112 2677//2677 544//544
f 681//681 2680//2680 2658//2658
f 2682//2682 2658//2658 2680//2680
f 2686//2686 2683//2683 2678//2678
f 685//685 2678//2678 2683//2683
f 2691//2691 2688//2688 2689//2689
f 688//688 2689//2689 2688//2688
f 2699//2699 2694//2694 2696//2696
f 689//689 2696//2696 2694//2694
f 2702//2702 692//692 2705//2705
f 2703//2703 2705//2705 692//692
f 2707//2707 533//533 2711//2711
f 2072//2072 2711//2711 533//533
f 2717//2717 2712//2712 2714//2714
f 693//693 2714//2714 2712//2712
f 528//528 2056//2056 2718//2718
f 2722//2722 2718//2718 2056//2056
f 690//690 2726//2726 2700//2700
f 2728//2728 2700//2700 2726//2726
f 696//696 2724//2724 2729//2729
f 2733//2733 2729//2729 2724//2724
f 2736//2736 700//700 2739//2739
f 2737//2737 2739//2739 700//700
f 2742//2742 701//701 2747//2747
f 2744//2744 2747//2747 701//701
f 2750//2750 704//704 2753//2753
f 2751//2751 2753//2753 704//704
f 2755//2755 537//537 2759//2759
f 2090//2090 2759//2759 537//537
f 705//705 2762//2762 2760//2760
f 2765//2765 2760//2760 2762//2762
f 534//534 2077//2077 2766//2766
f 2769//2769 2766//2766 2077//2077
f 2748//2748 702//702 2774//2774
f 2772//2772 2774//2774 702//702
f 2778//2778 2775//2775 2770//2770
f 707//707 2770//2770 2775//2775
f 2780//2780 710//710 2783//2783
f 2781//2781 2783//2783 710//710
f 2786//2786 711//711 2791//2791
f 2788//2788 2791//2791 711//711
f 2797//2797 2794//2794 2795//2795
f 714//714 2795//2795 2794//2794
f 2799//2799 541//541 2803//2803
f 2106//2106 2803//2803 541//541
f 2804//2804 715//715 2809//2809
f 2806//2806 2809//2809 715//715
f 538//538 2094//2094 2810//2810
f 2813//2813 2810//2810 2094//2094
f 2818//2818 2792//2792 2816//2816
f 712//712 2816//2816 2792//2792
f 2819//2819 717//717 2822//2822
f 2814//2814 2822//2822 717//717
f 2734//2734 698//698 2826//2826
f 2824//2824 2826//2826 698//698
f 2828//2828 720//720 2833//2833
f 2830//2830 2833//2833 720//720
f 2723//2723 695//695 2838//2838
f 2836//2836 2838//2838 695//695
f 2839//2839 531//531 2843//2843
f 2070//2070 2843//2843 531//531
f 2849//2849 2844//2844 2846//2846
f 723//723 2846//2846 2844//2844
f 542//542 2110//2110 2850//2850
f 2853//2853 2850//2850 2110//2110
f 2834//2834 721//721 2858//2858
f 2856//2856 2858//2858 721//721
f 2862//2862 2859//2859 2854//2854
f 725//725 2854//2854 2859//2859
f 2868//2868 2864//2864 2865//2865
f 728//728 2865//2865 2864//2864
f 2876//2876 2871//2871 2873//2873
f 729//729 2873//2873 2871//2871
f 2883//2883 2880//2880 2881//2881
f 733//733 2881//2881 2880//2880
f 2891//2891 2886//2886 2888//2888
f 734//734 2888//2888 2886//2886
f 2897//2897 2892//2892 2894//2894
f 735//735 2894//2894 2892//2892
f 2904//2904 2899//2899 2901//2901
f 737//737 2901//2901 2899//2899
f 2911//2911 2877//2877 2908//2908
f 730//730 2908//2908 2877//2877
f 2916//2916 2912//2912 2906//2906
f 739//739 2906//2906 2912//2912
f 741//741 2920//2920 2917//2917
f 2923//2923 2917//2917 2920//2920
f 744//744 2927//2927 2925//2925
f 2930//2930 2925//2925 2927//2927
f 2936//2936 2905//2905 2934//2934
f 738//738 2934//2934 2905//2905
f 2943//2943 2938//2938 2940//2940
f 748//748 2940//2940 2938//2938
f 2949//2949 2944//2944 2946//2946
f 749//749 2946//2946 2944//2944
f 2956//2956 2951//2951 2953//2953
f 751//751 2953//2953 2951//2951
f 745//745 2960//2960 2931//2931
f 2963//2963 2931//2931 2960//2960
f 753//753 2958//2958 2964//2964
f 2968//2968 2964//2964 2958//2958
f 2922//2922 746//746 2975//2975
f 2972//2972 2975//2975 746//746
f 2977//2977 758//758 2982//2982
f 2979//2979 2982//2982 758//758
f 2962//2962 756//756 2988//2988
f 2986//2986 2988//2988 756//756
f 2990//2990 762//762 2995//2995
f 2992//2992 2995//2995 762//762
f 2996//2996 763//763 3001//3001
f 2998//2998 3001//3001 763//763
f 3003//3003 765//765 3008//3008
f 3005//3005 3008//3008 765//765
f 2983//2983 759//759 3015//3015
f 3012//3012 3015//3015 759//759
f 3016//3016 767//767 3020//3020
f 3010//3010 3020//3020 767//767
f 3024//3024 772//772 3027//3027
f 3025//3025 3027//3027 772//772
f 3030//3030 773//773 3035//3035
f 3032//3032 3035//3035 773//773
f 3038//3038 776//776 3041//3041
f 3039//3039 3041//3041 776//776
f 777//777 3046//3046 3044//3044
f 3049//3049 3044//3044 3046//3046
f 3050//3050 778//778 3055//3055
f 3052//3052 3055//3055 778//778
f 3057//3057 780//780 3062//3062
f 3059//3059 3062//3062 780//780
f 3036//3036 774//774 3068//3068
f 3066//3066 3068//3068 774//774
f 3069//3069 782//782 3073//3073
f 3064//3064 3073//3073 782//782
f 3042//3042 776//776 3079//3079
f 3076//3076 3079//3079 776//776
f 3081//3081 786//786 3086//3086
f 3083//3083 3086//3086 786//786
f 755//755 3090//3090 2969//2969
f 3092//3092 2969//2969 3090//3090
f 790//790 3096//3096 3094//3094
f 3098//3098 3094//3094 3096//3096
f 3101//3101 3103//3103 792//792
f 3100//3100 792//792 3103//3103
f 3108//3108 3110//3110 793//793
f 3106//3106 793//793 3110//3110
f 795//795 3113//3113 3112//3112
f 3116//3116 3112//3112 3113//3113
f 3121//3121 3123//3123 796//796
f 3119//3119 796//796 3123//3123
f 3126//3126 799//799 3130//3130
f 3127//3127 3130//3130 799//799
f 787//787 3084//3084 3132//3132
f 3135//3135 3132//3132 3084//3084
f 3138//3138 802//802 3142//3142
f 3139//3139 3142//3142 802//802
f 3145//3145 803//803 3150//3150
f 3147//3147 3150//3150 803//803
f 3157//3157 3154//3154 3155//3155
f 807//807 3155//3155 3154//3154
f 808//808 3162//3162 3160//3160
f 3165//3165 3160//3160 3162//3162
f 809//809 3168//3168 3166//3166
f 3171//3171 3166//3166 3168//3168
f 811//811 3175//3175 3173//3173
f 3178//3178 3173//3173 3175//3175
f 3151//3151 804//804 3185//3185
f 3182//3182 3185//3185 804//804
f 3186//3186 813//813 3190//3190
f 3180//3180 3190//3190 813//813
f 3191//3191 815//815 3196//3196
f 3194//3194 3196//3196 815//815
f 3198//3198 818//818 3203//3203
f 3200//3200 3203//3203 818//818
f 3179//3179 812//812 3208//3208
f 3206//3206 3208//3208 812//812
f 3210//3210 821//821 3215//3215
f 3212//3212 3215//3215 821//821
f 3216//3216 822//822 3221//3221
f 3218//3218 3221//3221 822//822
f 3223//3223 824//824 3228//3228
f 3225//3225 3228//3228 824//824
f 3232//3232 3234//3234 819//819
f 3204//3204 819//819 3234//3234
f 3235//3235 826//826 3239//3239
f 3230//3230 3239//3239 826//826
f 3242//3242 3245//3245 824//824
f 3225//3225 824//824 3245//3245
f 3247//3247 830//830 3252//3252
f 3249//3249 3252//3252 830//830
f 3212//3212 821//821 3258//3258
f 3256//3256 3258//3258 821//821
f 811//811 3172//3172 3259//3259
f 3263//3263 3259//3259 3172//3172
f 3264//3264 834//834 3269//3269
f 3266//3266 3269//3269 834//834
f 808//808 3159//3159 3270//3270
f 3274//3274 3270//3270 3159//3159
f 3253//3253 831//831 3281//3281
f 3278//3278 3281//3281 831//831
f 3282//3282 837//837 3286//3286
f 3276//3276 3286//3286 837//837
f 842//842 3291//3291 3290//3290
f 3293//3293 3290//3290 3291//3291
f 3301//3301 3296//3296 3298//3298
f 843//843 3298//3298 3296//3296
f 846//846 3305//3305 3304//3304
f 3307//3307 3304//3304 3305//3305
f 737//737 2898//2898 3309//3309
f 3313//3313 3309//3309 2898//2898
f 847//847 3316//3316 3314//3314
f 3319//3319 3314//3314 3316//3316
f 734//734 2885//2885 3320//3320
f 3324//3324 3320//3320 2885//2885
f 3330//3330 3302//3302 3328//3328
f 844//844 3328//3328 3302//3302
f 850//850 3326//3326 3331//3331
f 3335//3335 3331//3331 3326//3326
f 3338//3338 854//854 3341//3341
f 3339//3339 3341//3341 854//854
f 855//855 3346//3346 3344//3344
f 3349//3349 3344//3344 3346//3346
f 858//858 3353//3353 3352//3352
f 3355//3355 3352//3352 3353//3353
f 751//751 2950//2950 3357//3357
f 3361//3361 3357//3357 2950//2950
f 859//859 3364//3364 3362//3362
f 3367//3367 3362//3362 3364//3364
f 748//748 2937//2937 3368//3368
f 3371//3371 3368//3368 2937//2937
f 856//856 3374//3374 3350//3350
f 3376//3376 3350//3350 3374//3374
f 861//861 3372//3372 3377//3377
f 3380//3380 3377//3377 3372//3372
f 864//864 3383//3383 3382//3382
f 3385//3385 3382//3382 3383//3383
f 865//865 3390//3390 3388//3388
f 3393//3393 3388//3388 3390//3390
f 868//868 3397//3397 3396//3396
f 3399//3399 3396//3396 3397//3397
f 869//869 3404//3404 3402//3402
f 3407//3407 3402//3402 3404//3404
f 870//870 3410//3410 3408//3408
f 3413//3413 3408//3408 3410//3410
f 872//872 3417//3417 3415//3415
f 3420//3420 3415//3415 3417//3417
f 866//866 3424//3424 3394//3394
f 3426//3426 3394//3394 3424//3424
f 874//874 3422//3422 3427//3427
f 3431//3431 3427//3427 3422//3422
f 878//878 3435//3435 3434//3434
f 3437//3437 3434//3434 3435//3435
f 3442//3442 3445//3445 879//879
f 3440//3440 879//879 3445//3445
f 3451//3451 3448//3448 3449//3449
f 882//882 3449//3449 3448//3448
f 3453//3453 780//780 3457//3457
f 3056//3056 3457//3457 780//780
f 3460//3460 3463//3463 883//883
f 3458//3458 883//883 3463//3463
f 777//777 3043//3043 3464//3464
f 3467//3467 3464//3464 3043//3043
f 3446//3446 880//880 3472//3472
f 3470//3470 3472//3472 880//880
f 885//885 3468//3468 3473//3473
f 3476//3476 3473//3473 3468//3468
f 888//888 3479//3479 3478//3478
f 3481//3481 3478//3478 3479//3479
f 889//889 3486//3486 3484//3484
f 3489//3489 3484//3484 3486//3486
f 892//892 3493//3493 3492//3492
f 3495//3495 3492//3492 3493//3493
f 731//731 2878//2878 3497//3497
f 3501//3501 3497//3497 2878//2878
f 893//893 3504//3504 3502//3502
f 3507//3507 3502//3502 3504//3504
f 742//742 2918//2918 3508//3508
f 3512//3512 3508//3508 2918//2918
f 890//890 3516//3516 3490//3490
f 3518//3518 3490//3490 3516//3516
f 896//896 3514//3514 3519//3519
f 3523//3523 3519//3519 3514//3514
f 898//898 3526//3526 3524//3524
f 3528//3528 3524//3524 3526//3526
f 900//900 3532//3532 3530//3530
f 3535//3535 3530//3530 3532//3532
f 895//895 3538//3538 3513//3513
f 3540//3540 3513//3513 3538//3538
f 3541//3541 760//760 3545//3545
f 2984//2984 3545//3545 760//760
f 903//903 3548//3548 3546//3546
f 3551//3551 3546//3546 3548//3548
f 3552//3552 770//770 3556//3556
f 3022//3022 3556//3556 770//770
f 3562//3562 3536//3536 3560//3560
f 901//901 3560//3560 3536//3536
f 3563//3563 906//906 3567//3567
f 3558//3558 3567//3567 906//906
f 3570//3570 3572//3572 908//908
f 3568//3568 908//908 3572//3572
f 3574//3574 910//910 3579//3579
f 3576//3576 3579//3579 910//910
f 3557//3557 905//905 3584//3584
f 3582//3582 3584//3584 905//905
f 3585//3585 769//769 3589//3589
f 3018//3018 3589//3589 769//769
f 3590//3590 913//913 3595//3595
f 3592//3592 3595//3595 913//913
f 3596//3596 766//766 3600//3600
f 3006//3006 3600//3600 766//766
f 3604//3604 3606//3606 911//911
f 3580//3580 911//911 3606//3606
f 3602//3602 3611//3611 916//916
f 3607//3607 916//916 3611//3611
f 3614//3614 3616//3616 918//918
f 3612//3612 918//918 3616//3616
f 920//920 3620//3620 3618//3618
f 3623//3623 3618//3618 3620//3620
f 3626//3626 3628//3628 915//915
f 3601//3601 915//915 3628//3628
f 784//784 3071//3071 3629//3629
f 3633//3633 3629//3629 3071//3071
f 923//923 3636//3636 3634//3634
f 3639//3639 3634//3634 3636//3636
f 781//781 3060//3060 3640//3640
f 3643//3643 3640//3640 3060//3060
f 921//921 3646//3646 3624//3624
f 3648//3648 3624//3624 3646//3646
f 925//925 3644//3644 3649//3649
f 3652//3652 3649//3649 3644//3644
f 508//508 3654//3654 1966//1966
f 3656//3656 1966//1966 3654//3654
f 928//928 3660//3660 3658//3658
f 3663//3663 3658//3658 3660//3660
f 3667//3667 3669//3669 931//931
f 3666//3666 931//931 3669//3669
f 3672//3672 932//932 3676//3676
f 3674//3674 3676//3676 932//932
f 805//805 3678//3678 3141//3141
f 3681//3681 3141//3141 3678//3678
f 934//934 3685//3685 3683//3683
f 3687//3687 3683//3683 3685//3685
f 3115//3115 797//797 3692//3692
f 3690//3690 3692//3692 797//797
f 3694//3694 937//937 3698//3698
f 3696//3696 3698//3698 937//937
f 858//858 3700//3700 3356//3356
f 3702//3702 3356//3356 3700//3700
f 3661//3661 3706//3706 929//929
f 3703//3703 929//929 3706//3706
f 3078//3078 788//788 3710//3710
f 3708//3708 3710//3710 788//788
f 3712//3712 940//940 3717//3717
f 3714//3714 3717//3717 940//940
f 943//943 3721//3721 3720//3720
f 3723//3723 3720//3720 3721//3721
f 944//944 3728//3728 3726//3726
f 3730//3730 3726//3726 3728//3728
f 3417//3417 872//872 3735//3735
f 3732//3732 3735//3735 872//872
f 3736//3736 941//941 3739//3739
f 3715//3715 3739//3739 941//941
f 3743//3743 3746//3746 948//948
f 3742//3742 948//948 3746//3746
f 949//949 3751//3751 3749//3749
f 3754//3754 3749//3749 3751//3751
f 953//953 3759//3759 3758//3758
f 3761//3761 3758//3758 3759//3759
f 954//954 3766//3766 3764//3764
f 3769//3769 3764//3764 3766//3766
f 955//955 3772//3772 3770//3770
f 3775//3775 3770//3770 3772//3772
f 3777//3777 957//957 3782//3782
f 3779//3779 3782//3782 957//957
f 950//950 3786//3786 3755//3755
f 3789//3789 3755//3755 3786//3786
f 959//959 3784//3784 3790//3790
f 3794//3794 3790//3790 3784//3784
f 964//964 3799//3799 3798//3798
f 3802//3802 3798//3798 3799//3799
f 965//965 3807//3807 3805//3805
f 3810//3810 3805//3805 3807//3807
f 3817//3817 3814//3814 3815//3815
f 969//969 3815//3815 3814//3814
f 3820//3820 970//970 3825//3825
f 3822//3822 3825//3825 970//970
f 971//971 3828//3828 3826//3826
f 3831//3831 3826//3826 3828//3828
f 3833//3833 973//973 3838//3838
f 3835//3835 3838//3838 973//973
f 966//966 3842//3842 3811//3811
f 3845//3845 3811//3811 3842//3842
f 975//975 3840//3840 3846//3846
f 3850//3850 3846//3846 3840//3840
f 3854//3854 980//980 3858//3858
f 3855//3855 3858//3858 980//980
f 3861//3861 981//981 3866//3866
f 3863//3863 3866//3866 981//981
f 3870//3870 985//985 3873//3873
f 3871//3871 3873//3873 985//985
f 3876//3876 986//986 3881//3881
f 3878//3878 3881//3881 986//986
f 3882//3882 987//987 3887//3887
f 3884//3884 3887//3887 987//987
f 3889//3889 989//989 3894//3894
f 3891//3891 3894//3894 989//989
f 3867//3867 982//982 3901//3901
f 3898//3898 3901//3901 982//982
f 3902//3902 991//991 3906//3906
f 3896//3896 3906//3906 991//991
f 3851//3851 977//977 3913//3913
f 3910//3910 3913//3913 977//977
f 3920//3920 3915//3915 3917//3917
f 996//996 3917//3917 3915//3915
f 1000//1000 3925//3925 3924//3924
f 3928//3928 3924//3924 3925//3925
f 996//996 3914//3914 3930//3930
f 3933//3933 3930//3930 3914//3914
f 3939//3939 3929//3929 3936//3936
f 1000//1000 3936//3936 3929//3929
f 3946//3946 3941//3941 3943//3943
f 1003//1003 3943//3943 3941//3941
f 3921//3921 997//997 3953//3953
f 3950//3950 3953//3953 997//997
f 3958//3958 3954//3954 3948//3948
f 1005//1005 3948//3948 3954//3954
f 3965//3965 3959//3959 3962//3962
f 1007//1007 3962//3962 3959//3959
f 3972//3972 3967//3967 3969//3969
f 1010//1010 3969//3969 3967//3967
f 3978//3978 3947//3947 3976//3976
f 1004//1004 3976//3976 3947//3947
f 3980//3980 1014//1014 3985//3985
f 3982//3982 3985//3985 1014//1014
f 3986//3986 1015//1015 3991//3991
f 3988//3988 3991//3991 1015//1015
f 1017//1017 3995//3995 3993//3993
f 3997//3997 3993//3993 3995//3995
f 4000//4000 4003//4003 1011//1011
f 3973//3973 1011//1011 4003//4003
f 3998//3998 4007//4007 1018//1018
f 4004//4004 1018//1018 4007//4007
f 4010//4010 1022//1022 4013//4013
f 4011//4011 4013//4013 1022//1022
f 4016//4016 1023//1023 4021//4021
f 4018//4018 4021//4021 1023//1023
f 1026//1026 4025//4025 4024//4024
f 4027//4027 4024//4024 4025//4025
f 1027//1027 4032//4032 4030//4030
f 4035//4035 4030//4030 4032//4032
f 1028//1028 4038//4038 4036//4036
f 4041//4041 4036//4036 4038//4038
f 4047//4047 4043//4043 4045//4045
f 1030//1030 4045//4045 4043//4043
f 4022//4022 1024//1024 4052//4052
f 4050//4050 4052//4052 1024//1024
f 4053//4053 1031//1031 4056//4056
f 4048//4048 4056//4056 1031//1031
f 4059//4059 4061//4061 1034//1034
f 4058//4058 1034//1034 4061//4061
f 4064//4064 1035//1035 4069//4069
f 4066//4066 4069//4069 1035//1035
f 3240//3240 828//828 4075//4075
f 4072//4072 4075//4075 828//828
f 4077//4077 1038//1038 4081//4081
f 4079//4079 4081//4081 1038//1038
f 4084//4084 1041//1041 4087//4087
f 4085//4085 4087//4087 1041//1041
f 4089//4089 1038//1038 4092//4092
f 4076//4076 4092//4092 1038//1038
f 4094//4094 1043//1043 4097//4097
f 4095//4095 4097//4097 1043//1043
f 4100//4100 1044//1044 4104//4104
f 4102//4102 4104//4104 1044//1044
f 1026//1026 4106//4106 4028//4028
f 4109//4109 4028//4028 4106//4106
f 1036//1036 4067//4067 4110//4110
f 4113//4113 4110//4110 4067//4067
f 4045//4045 1030//1030 4119//4119
f 4116//4116 4119//4119 1030//1030
f 4121//4121 1048//1048 4126//4126
f 4123//4123 4126//4126 1048//1048
f 1046//1046 4130//4130 4108//4108
f 4132//4132 4108//4108 4130//4130
f 1052//1052 4136//4136 4134//4134
f 4138//4138 4134//4134 4136//4136
f 839//839 4140//4140 3287//3287
f 4142//4142 3287//3287 4140//4140
f 4146//4146 4148//4148 1054//1054
f 4144//4144 1054//1054 4148//4148
f 807//807 4150//4150 3158//3158
f 4152//4152 3158//3158 4150//4150
f 4158//4158 4154//4154 4156//4156
f 1056//1056 4156//4156 4154//4154
f 4160//4160 4163//4163 1049//1049
f 4127//4127 1049//1049 4163//4163
f 1056//1056 4153//4153 4164//4164
f 4167//4167 4164//4164 4153//4153
f 989//989 4170//4170 3891//3891
f 4173//4173 3891//3891 4170//4170
f 1060//1060 4177//4177 4175//4175
f 4180//4180 4175//4175 4177//4177
f 4184//4184 4186//4186 1050//1050
f 4118//4118 1050//1050 4186//4186
f 4188//4188 1064//1064 4192//4192
f 4190//4190 4192//4192 1064//1064
f 4194//4194 1066//1066 4197//4197
f 4195//4195 4197//4197 1066//1066
f 4199//4199 1064//1064 4202//4202
f 4187//4187 4202//4202 1064//1064
f 2514//2514 649//649 4206//4206
f 4204//4204 4206//4206 649//649
f 4208//4208 1068//1068 4212//4212
f 4210//4210 4212//4212 1068//1068
f 4215//4215 4217//4217 1070//1070
f 4214//4214 1070//1070 4217//4217
f 4219//4219 1061//1061 4222//4222
f 4178//4178 4222//4222 1061//1061
f 657//657 4224//4224 2545//2545
f 4227//4227 2545//2545 4224//4224
f 4229//4229 1072//1072 4234//4234
f 4231//4231 4234//4234 1072//1072
f 876//876 4238//4238 3432//3432
f 4240//4240 3432//3432 4238//4238
f 1076//1076 4244//4244 4242//4242
f 4246//4246 4242//4242 4244//4244
f 4248//4248 1078//1078 4251//4251
f 4249//4249 4251//4251 1078//1078
f 4254//4254 1079//1079 4258//4258
f 4256//4256 4258//4258 1079//1079
f 4263//4263 3912//3912 4260//4260
f 998//998 4260//4260 3912//3912
f 4267//4267 4269//4269 1081//1081
f 4265//4265 1081//1081 4269//4269
f 1084//1084 4273//4273 4272//4272
f 4275//4275 4272//4272 4273//4273
f 4280//4280 4277//4277 4232//4232
f 1073//1073 4232//4232 4277//4277
f 2606//2606 672//672 4284//4284
f 4282//4282 4284//4284 672//672
f 4286//4286 1086//1086 4291//4291
f 4288//4288 4291//4291 1086//1086
f 4294//4294 4296//4296 678//678
f 2640//2640 678//678 4296//4296
f 4297//4297 1074//1074 4301//4301
f 4236//4236 4301//4301 1074//1074
f 4302//4302 1089//1089 4307//4307
f 4304//4304 4307//4307 1089//1089
f 4308//4308 1084//1084 4311//4311
f 4272//4272 4311//4311 1084//1084
f 1087//1087 4314//4314 4292//4292
f 4316//4316 4292//4292 4314//4314
f 1091//1091 4312//4312 4317//4317
f 4320//4320 4317//4317 4312//4312
f 946//946 4322//4322 3734//3734
f 4324//4324 3734//3734 4322//4322
f 1094//1094 4328//4328 4326//4326
f 4331//4331 4326//4326 4328//4328
f 943//943 4334//4334 3724//3724
f 4336//4336 3724//3724 4334//4334
f 1039//1039 4082//4082 4337//4337
f 4341//4341 4337//4337 4082//4082
f 1097//1097 4344//4344 4342//4342
f 4347//4347 4342//4342 4344//4344
f 4348//4348 1034//1034 4351//4351
f 4058//4058 4351//4351 1034//1034
f 1095//1095 4354//4354 4332//4332
f 4356//4356 4332//4332 4354//4354
f 4357//4357 1099//1099 4360//4360
f 4352//4352 4360//4360 1099//1099
f 973//973 4362//4362 3835//3835
f 4365//4365 3835//3835 4362//4362
f 1102//1102 4369//4369 4367//4367
f 4372//4372 4367//4367 4369//4369
f 970//970 4376//4376 3822//3822
f 4378//4378 3822//3822 4376//4376
f 1106//1106 4382//4382 4380//4380
f 4385//4385 4380//4380 4382//4382
f 1107//1107 4388//4388 4386//4386
f 4391//4391 4386//4386 4388//4388
f 1109//1109 4395//4395 4393//4393
f 4397//4397 4393//4393 4395//4395
f 4373//4373 1103//1103 4403//4403
f 4400//4400 4403//4403 1103//1103
f 4404//4404 1110//1110 4407//4407
f 4398//4398 4407//4407 1110//1110
f 3943//3943 1003//1003 4413//4413
f 4410//4410 4413//4413 1003//1003
f 4415//4415 1114//1114 4420//4420
f 4417//4417 4420//4420 1114//1114
f 3927//3927 1001//1001 4426//4426
f 4424//4424 4426//4426 1001//1001
f 1104//1104 4374//4374 4427//4427
f 4431//4431 4427//4427 4374//4374
f 1118//1118 4434//4434 4432//4432
f 4437//4437 4432//4432 4434//4434
f 1112//1112 4408//4408 4438//4438
f 4441//4441 4438//4438 4408//4408
f 4421//4421 1115//1115 4447//4447
f 4444//4444 4447//4447 1115//1115
f 1120//1120 4442//4442 4448//4448
f 4451//4451 4448//4448 4442//4442
f 3995//3995 1017//1017 4457//4457
f 4454//4454 4457//4457 1017//1017
f 1124//1124 4461//4461 4459//4459
f 4464//4464 4459//4459 4461//4461
f 1014//1014 4468//4468 3982//3982
f 4470//4470 3982//3982 4468//4468
f 4471//4471 1116//1116 4475//4475
f 4422//4422 4475//4475 1116//1116
f 1128//1128 4478//4478 4476//4476
f 4481//4481 4476//4476 4478//4478
f 4482//4482 1122//1122 4485//4485
f 4452//4452 4485//4485 1122//1122
f 4465//4465 1125//1125 4491//4491
f 4488//4488 4491//4491 1125//1125
f 4492//4492 1130//1130 4495//4495
f 4486//4486 4495//4495 1130//1130
f 3857//3857 983//983 4500//4500
f 4498//4498 4500//4500 983//983
f 4502//4502 1134//1134 4507//4507
f 4504//4504 4507//4507 1134//1134
f 3900//3900 994//994 4512//4512
f 4510//4510 4512//4512 994//994
f 4513//4513 1126//1126 4517//4517
f 4466//4466 4517//4517 1126//1126
f 1137//1137 4520//4520 4518//4518
f 4523//4523 4518//4518 4520//4520
f 1132//1132 4496//4496 4524//4524
f 4527//4527 4524//4524 4496//4496
f 4508//4508 1135//1135 4532//4532
f 4530//4530 4532//4532 1135//1135
f 4533//4533 1139//1139 4536//4536
f 4528//4528 4536//4536 1139//1139
f 1148//1148 291//291 1150//1150
f 1149//1149 1150//1150 291//291
f 1153//1153 292//292 1157//1157
f 1155//1155 1157//1157 292//292
f 1163//1163 296//296 1165//1165
f 1164//1164 1165//1165 296//296
f 1168//1168 297//297 1171//1171
f 1170//1170 1171//1171 297//297
f 1176//1176 299//299 1178//1178
f 1177//1177 1178//1178 299//299
f 1181//1181 300//300 1185//1185
f 1183//1183 1185//1185 300//300
f 1174//1174 301//301 1191//1191
f 1190//1190 1191//1191 301//301
f 1193//1193 303//303 1197//1197
f 1195//1195 1197//1197 303//303
f 1203//1203 307//307 1205//1205
f 1204//1204 1205//1205 307//307
f 1208//1208 308//308 1211//1211
f 1210//1210 1211//1211 308//308
f 1217//1217 311//311 1219//1219
f 1218//1218 1219//1219 311//311
f 1222//1222 312//312 1225//1225
f 1224//1224 1225//1225 312//312
f 1230//1230 314//314 1232//1232
f 1231//1231 1232//1232 314//314
f 1235//1235 315//315 1239//1239
f 1237//1237 1239//1239 315//315
f 1228//1228 316//316 1244//1244
f 1243//1243 1244//1244 316//316
f 1246//1246 318//318 1249//1249
f 1248//1248 1249//1249 318//318
f 1257//1257 1255//1255 1256//1256
f 321//321 1256//1256 1255//1255
f 1263//1263 1260//1260 1262//1262
f 322//322 1262//1262 1260//1260
f 1271//1271 1269//1269 1270//1270
f 325//325 1270//1270 1269//1269
f 1277//1277 1274//1274 1276//1276
f 326//326 1276//1276 1274//1274
f 1284//1284 1282//1282 1283//1283
f 328//328 1283//1283 1282//1282
f 1291//1291 1287//1287 1289//1289
f 329//329 1289//1289 1287//1287
f 1296//1296 1280//1280 1295//1295
f 330//330 1295//1295 1280//1280
f 1301//1301 1298//1298 1300//1300
f 332//332 1300//1300 1298//1298
f 1308//1308 1306//1306 1307//1307
f 334//334 1307//1307 1306//1306
f 1315//1315 1311//1311 1313//1313
f 335//335 1313//1313 1311//1311
f 1321//1321 1319//1319 1320//1320
f 338//338 1320//1320 1319//1319
f 1327//1327 1324//1324 1326//1326
f 339//339 1326//1326 1324//1324
f 1334//1334 1332//1332 1333//1333
f 341//341 1333//1333 1332//1332
f 1341//1341 1337//1337 1339//1339
f 342//342 1339//1339 1337//1337
f 1347//1347 1330//1330 1346//1346
f 343//343 1346//1346 1330//1330
f 1349//1349 345//345 1353//1353
f 1351//1351 1353//1353 345//345
f 1361//1361 1359//1359 1360//1360
f 349//349 1360//1360 1359//1359
f 1367//1367 1364//1364 1366//1366
f 350//350 1366//1366 1364//1364
f 1376//1376 1374//1374 1375//1375
f 353//353 1375//1375 1374//1374
f 1378//1378 349//349 1381//1381
f 1359//1359 1381//1381 349//349
f 1389//1389 1390//1390 357//357
f 1388//1388 357//357 1390//1390
f 1374//1374 1395//1395 353//353
f 1392//1392 353//353 1395//1395
f 1402//1402 1400//1400 1401//1401
f 360//360 1401//1401 1400//1400
f 357//357 1388//1388 1404//1404
f 1407//1407 1404//1404 1388//1388
f 1366//1366 350//350 1412//1412
f 1411//1411 1412//1412 350//350
f 1413//1413 360//360 1415//1415
f 1400//1400 1415//1415 360//360
f 1424//1424 1422//1422 1423//1423
f 365//365 1423//1423 1422//1422
f 1431//1431 1427//1427 1429//1429
f 366//366 1429//1429 1427//1427
f 1439//1439 1437//1437 1438//1438
f 370//370 1438//1438 1437//1437
f 1445//1445 1442//1442 1444//1444
f 371//371 1444//1444 1442//1442
f 1452//1452 1450//1450 1451//1451
f 373//373 1451//1451 1450//1450
f 1455//1455 374//374 1459//1459
f 1457//1457 1459//1459 374//374
f 1448//1448 375//375 1465//1465
f 1464//1464 1465//1465 375//375
f 1467//1467 377//377 1471//1471
f 1469//1469 1471//1471 377//377
f 380//380 1476//1476 1475//1475
f 1477//1477 1475//1475 1476//1476
f 1483//1483 1480//1480 1482//1482
f 381//381 1482//1482 1480//1480
f 1489//1489 1487//1487 1488//1488
f 383//383 1488//1488 1487//1487
f 384//384 1494//1494 1492//1492
f 1495//1495 1492//1492 1494//1494
f 1502//1502 1500//1500 1501//1501
f 386//386 1501//1501 1500//1500
f 1509//1509 1505//1505 1507//1507
f 387//387 1507//1507 1505//1505
f 1514//1514 1498//1498 1513//1513
f 388//388 1513//1513 1498//1498
f 1519//1519 1516//1516 1518//1518
f 390//390 1518//1518 1516//1516
f 1527//1527 1525//1525 1526//1526
f 393//393 1526//1526 1525//1525
f 1533//1533 1530//1530 1532//1532
f 394//394 1532//1532 1530//1530
f 1541//1541 1539//1539 1540//1540
f 397//397 1540//1540 1539//1539
f 1547//1547 1544//1544 1546//1546
f 398//398 1546//1546 1544//1544
f 1554//1554 1552//1552 1553//1553
f 400//400 1553//1553 1552//1552
f 1556//1556 377//377 1559//1559
f 1466//1466 1559//1559 377//377
f 1564//1564 1550//1550 1563//1563
f 401//401 1563//1563 1550//1550
f 1565//1565 374//374 1567//1567
f 1454//1454 1567//1567 374//374
f 1574//1574 405//405 1576//1576
f 1575//1575 1576//1576 405//405
f 1581//1581 1583//1583 406//406
f 1579//1579 406//406 1583//1583
f 1589//1589 410//410 1591//1591
f 1590//1590 1591//1591 410//410
f 1594//1594 411//411 1597//1597
f 1596//1596 1597//1597 411//411
f 1602//1602 413//413 1604//1604
f 1603//1603 1604//1604 413//413
f 1192//1192 1609//1609 303//303
f 1606//1606 303//303 1609//1609
f 1600//1600 414//414 1615//1615
f 1614//1614 1615//1615 414//414
f 1180//1180 1619//1619 300//300
f 1616//1616 300//300 1619//1619
f 1627//1627 1628//1628 419//419
f 1626//1626 419//419 1628//1628
f 1633//1633 1635//1635 420//420
f 1631//1631 420//420 1635//1635
f 1641//1641 1642//1642 407//407
f 1571//1571 407//407 1642//1642
f 1646//1646 1647//1647 424//424
f 1644//1644 424//424 1647//1647
f 1652//1652 1653//1653 416//416
f 1612//1612 416//416 1653//1653
f 1245//1245 1657//1657 318//318
f 1654//1654 318//318 1657//1657
f 1662//1662 1663//1663 426//426
f 1650//1650 426//426 1663//1663
f 1234//1234 1667//1667 315//315
f 1664//1664 315//315 1667//1667
f 1674//1674 431//431 1676//1676
f 1675//1675 1676//1676 431//431
f 1679//1679 432//432 1683//1683
f 1681//1681 1683//1683 432//432
f 1689//1689 436//436 1691//1691
f 1690//1690 1691//1691 436//436
f 1694//1694 437//437 1697//1697
f 1696//1696 1697//1697 437//437
f 1702//1702 439//439 1704//1704
f 1703//1703 1704//1704 439//439
f 1707//1707 440//440 1711//1711
f 1709//1709 1711//1711 440//440
f 1700//1700 441//441 1717//1717
f 1716//1716 1717//1717 441//441
f 1721//1721 1723//1723 443//443
f 1719//1719 443//443 1723//1723
f 1732//1732 1730//1730 1731//1731
f 447//447 1731//1731 1730//1730
f 1735//1735 448//448 1739//1739
f 1737//1737 1739//1739 448//448
f 1671//1671 433//433 1746//1746
f 1745//1745 1746//1746 433//433
f 1750//1750 1751//1751 452//452
f 1748//1748 452//452 1751//1751
f 1714//1714 444//444 1757//1757
f 1756//1756 1757//1757 444//444
f 1758//1758 345//345 1761//1761
f 1348//1348 1761//1761 345//345
f 454//454 1766//1766 1754//1754
f 1767//1767 1754//1754 1766//1766
f 1771//1771 1768//1768 1336//1336
f 342//342 1336//1336 1768//1768
f 1779//1779 1780//1780 459//459
f 1778//1778 459//459 1780//1780
f 1785//1785 1787//1787 460//460
f 1783//1783 460//460 1787//1787
f 1794//1794 1795//1795 464//464
f 1793//1793 464//464 1795//1795
f 1800//1800 1801//1801 465//465
f 1798//1798 465//465 1801//1801
f 1806//1806 467//467 1808//1808
f 1807//1807 1808//1808 467//467
f 1810//1810 295//295 1813//1813
f 1158//1158 1813//1813 295//295
f 1818//1818 1819//1819 468//468
f 1804//1804 468//468 1819//1819
f 1142//1142 1823//1823 290//290
f 1820//1820 290//290 1823//1823
f 1830//1830 1831//1831 473//473
f 1829//1829 473//473 1831//1831
f 1834//1834 474//474 1837//1837
f 1836//1836 1837//1837 474//474
f 477//477 1844//1844 1843//1843
f 1845//1845 1843//1843 1844//1844
f 478//478 1850//1850 1848//1848
f 1851//1851 1848//1848 1850//1850
f 1858//1858 1856//1856 1857//1857
f 480//480 1857//1857 1856//1856
f 1863//1863 1860//1860 1264//1264
f 324//324 1264//1264 1860//1860
f 1867//1867 1868//1868 481//481
f 1854//1854 481//481 1868//1868
f 320//320 1250//1250 1869//1869
f 1871//1871 1869//1869 1250//1250
f 485//485 1878//1878 1877//1877
f 1879//1879 1877//1877 1878//1878
f 1885//1885 1882//1882 1884//1884
f 486//486 1884//1884 1882//1882
f 489//489 1892//1892 1891//1891
f 1893//1893 1891//1891 1892//1892
f 1899//1899 1896//1896 1898//1898
f 490//490 1898//1898 1896//1896
f 1906//1906 1904//1904 1905//1905
f 492//492 1905//1905 1904//1904
f 1911//1911 1908//1908 1282//1282
f 328//328 1282//1282 1908//1908
f 1916//1916 1902//1902 1915//1915
f 493//493 1915//1915 1902//1902
f 1919//1919 1917//1917 1269//1269
f 325//325 1269//1269 1917//1917
f 1926//1926 1927//1927 497//497
f 1925//1925 497//497 1927//1927
f 1932//1932 1933//1933 498//498
f 1930//1930 498//498 1933//1933
f 1939//1939 1940//1940 449//449
f 1727//1727 449//449 1940//1940
f 1944//1944 1945//1945 501//501
f 1942//1942 501//501 1945//1945
f 1764//1764 456//456 1951//1951
f 1950//1950 1951//1951 456//456
f 1952//1952 341//341 1955//1955
f 1332//1332 1955//1955 341//341
f 1948//1948 503//503 1960//1960
f 1959//1959 1960//1960 503//503
f 1961//1961 338//338 1963//1963
f 1319//1319 1963//1963 338//338
f 1969//1969 1970//1970 506//506
f 1968//1968 506//506 1970//1970
f 1973//1973 507//507 1977//1977
f 1975//1975 1977//1977 507//507
f 1982//1982 1983//1983 510//510
f 1981//1981 510//510 1983//1983
f 506//506 1968//1968 1985//1985
f 1987//1987 1985//1985 1968//1968
f 1993//1993 1991//1991 1992//1992
f 512//512 1992//1992 1991//1991
f 1997//1997 1995//1995 1981//1981
f 510//510 1981//1981 1995//1995
f 2003//2003 515//515 2005//2005
f 2004//2004 2005//2005 515//515
f 2007//2007 512//512 2009//2009
f 1991//1991 2009//2009 512//512
f 2017//2017 1975//1975 2016//2016
f 507//507 2016//2016 1975//1975
f 2021//2021 2018//2018 2003//2003
f 515//515 2003//2003 2018//2018
f 2027//2027 2025//2025 2026//2026
f 520//520 2026//2026 2025//2025
f 2033//2033 2030//2030 2032//2032
f 521//521 2032//2032 2030//2030
f 2041//2041 2039//2039 2040//2040
f 524//524 2040//2040 2039//2039
f 2045//2045 2043//2043 2025//2025
f 520//520 2025//2025 2043//2043
f 2032//2032 521//521 2051//2051
f 2050//2050 2051//2051 521//521
f 2052//2052 524//524 2055//2055
f 2039//2039 2055//2055 524//524
f 2062//2062 529//529 2064//2064
f 2063//2063 2064//2064 529//529
f 2067//2067 530//530 2071//2071
f 2069//2069 2071//2071 530//530
f 2077//2077 534//534 2079//2079
f 2078//2078 2079//2079 534//534
f 2082//2082 535//535 2085//2085
f 2084//2084 2085//2085 535//535
f 2092//2092 2090//2090 2091//2091
f 537//537 2091//2091 2090//2090
f 2097//2097 2099//2099 538//538
f 2095//2095 538//538 2099//2099
f 2088//2088 539//539 2105//2105
f 2104//2104 2105//2105 539//539
f 2107//2107 541//541 2111//2111
f 2109//2109 2111//2111 541//541
f 2119//2119 2120//2120 545//545
f 2118//2118 545//545 2120//2120
f 2125//2125 2127//2127 546//546
f 2123//2123 546//546 2127//2127
f 2134//2134 2135//2135 550//550
f 2133//2133 550//550 2135//2135
f 2140//2140 2141//2141 551//551
f 2138//2138 551//551 2141//2141
f 2147//2147 2148//2148 553//553
f 2146//2146 553//553 2148//2148
f 2155//2155 2151//2151 2153//2153
f 554//554 2153//2153 2151//2151
f 2160//2160 2161//2161 555//555
f 2144//2144 555//555 2161//2161
f 2167//2167 2163//2163 2165//2165
f 557//557 2165//2165 2163//2163
f 2176//2176 2174//2174 2175//2175
f 561//561 2175//2175 2174//2174
f 2183//2183 2179//2179 2181//2181
f 562//562 2181//2181 2179//2179
f 2190//2190 2191//2191 566//566
f 2189//2189 566//566 2191//2191
f 2197//2197 2194//2194 2196//2196
f 567//567 2196//2196 2194//2194
f 2204//2204 2202//2202 2203//2203
f 569//569 2203//2203 2202//2202
f 2211//2211 2207//2207 2209//2209
f 570//570 2209//2209 2207//2207
f 2217//2217 2200//2200 2216//2216
f 571//571 2216//2216 2200//2200
f 2223//2223 2219//2219 2221//2221
f 573//573 2221//2221 2219//2219
f 2229//2229 577//577 2231//2231
f 2230//2230 2231//2231 577//577
f 2234//2234 578//578 2237//2237
f 2236//2236 2237//2237 578//578
f 2244//2244 2245//2245 581//581
f 2243//2243 581//581 2245//2245
f 2248//2248 582//582 2251//2251
f 2250//2250 2251//2251 582//582
f 2256//2256 584//584 2258//2258
f 2257//2257 2258//2258 584//584
f 2261//2261 585//585 2265//2265
f 2263//2263 2265//2265 585//585
f 2271//2271 2272//2272 553//553
f 2149//2149 553//553 2272//2272
f 2233//2233 2275//2275 578//578
f 2273//2273 578//578 2275//2275
f 2283//2283 2281//2281 2282//2282
f 591//591 2282//2282 2281//2281
f 2286//2286 592//592 2289//2289
f 2288//2288 2289//2289 592//592
f 569//569 2295//2295 2205//2205
f 2296//2296 2205//2205 2295//2295
f 595//595 2300//2300 2298//2298
f 2301//2301 2298//2298 2300//2300
f 566//566 2306//2306 2192//2192
f 2307//2307 2192//2192 2306//2306
f 2313//2313 2309//2309 2311//2311
f 597//597 2311//2311 2309//2309
f 2318//2318 2304//2304 2317//2317
f 598//598 2317//2317 2304//2304
f 2323//2323 2320//2320 2322//2322
f 600//600 2322//2322 2320//2320
f 2330//2330 2328//2328 2329//2329
f 602//602 2329//2329 2328//2328
f 2335//2335 2337//2337 603//603
f 2333//2333 603//603 2337//2337
f 2342//2342 2171//2171 2341//2341
f 563//563 2341//2341 2171//2171
f 2347//2347 2344//2344 2346//2346
f 606//606 2346//2346 2344//2344
f 574//574 2352//2352 2214//2214
f 2353//2353 2214//2214 2352//2352
f 2355//2355 608//608 2359//2359
f 2357//2357 2359//2359 608//608
f 2350//2350 609//609 2365//2365
f 2364//2364 2365//2365 609//609
f 2367//2367 611//611 2371//2371
f 2369//2369 2371//2371 611//611
f 2378//2378 2376//2376 2377//2377
f 614//614 2377//2377 2376//2376
f 615//615 2383//2383 2381//2381
f 2385//2385 2381//2381 2383//2383
f 2391//2391 619//619 2393//2393
f 2392//2392 2393//2393 619//619
f 2395//2395 614//614 2397//2397
f 2376//2376 2397//2397 614//614
f 2404//2404 2402//2402 2403//2403
f 621//621 2403//2403 2402//2402
f 2409//2409 2406//2406 2391//2391
f 619//619 2391//2391 2406//2406
f 2416//2416 2405//2405 2415//2415
f 621//621 2415//2415 2405//2405
f 2419//2419 2417//2417 1520//1520
f 392//392 1520//1520 2417//2417
f 2426//2426 2383//2383 2425//2425
f 615//615 2425//2425 2383//2383
f 2429//2429 2427//2427 2410//2410
f 624//624 2410//2410 2427//2427
f 2437//2437 2435//2435 2436//2436
f 629//629 2436//2436 2435//2435
f 2443//2443 2440//2440 2442//2442
f 630//630 2442//2442 2440//2440
f 2450//2450 1419//1419 2449//2449
f 367//367 2449//2449 1419//1419
f 633//633 2454//2454 2452//2452
f 2455//2455 2452//2452 2454//2454
f 2459//2459 635//635 2461//2461
f 2460//2460 2461//2461 635//635
f 2463//2463 633//633 2465//2465
f 2451//2451 2465//2465 633//633
f 637//637 2470//2470 2469//2469
f 2471//2471 2469//2469 2470//2470
f 2459//2459 2475//2475 635//635
f 2473//2473 635//635 2475//2475
f 2442//2442 630//630 2480//2480
f 2479//2479 2480//2480 630//630
f 2481//2481 637//637 2483//2483
f 2469//2469 2483//2483 637//637
f 2489//2489 641//641 2491//2491
f 2490//2490 2491//2491 641//641
f 2494//2494 642//642 2497//2497
f 2496//2496 2497//2497 642//642
f 2504//2504 645//645 2506//2506
f 2505//2505 2506//2506 645//645
f 2511//2511 2508//2508 2489//2489
f 641//641 2489//2489 2508//2508
f 2518//2518 2516//2516 2517//2517
f 648//648 2517//2517 2516//2516
f 2523//2523 2520//2520 2504//2504
f 645//645 2504//2504 2520//2520
f 648//648 2529//2529 2519//2519
f 2530//2530 2519//2519 2529//2529
f 2531//2531 514//514 2533//2533
f 1998//1998 2533//2533 514//514
f 2538//2538 2496//2496 2537//2537
f 642//642 2537//2537 2496//2496
f 2541//2541 2539//2539 2524//2524
f 651//651 2524//2524 2539//2539
f 2550//2550 2548//2548 2549//2549
f 655//655 2549//2549 2548//2548
f 2557//2557 2553//2553 2555//2555
f 656//656 2555//2555 2553//2553
f 659//659 2563//2563 2562//2562
f 2564//2564 2562//2562 2563//2563
f 2566//2566 655//655 2569//2569
f 2548//2548 2569//2569 655//655
f 2575//2575 663//663 2577//2577
f 2576//2576 2577//2577 663//663
f 659//659 2562//2562 2579//2579
f 2581//2581 2579//2579 2562//2562
f 2588//2588 2586//2586 2587//2587
f 665//665 2587//2587 2586//2586
f 2593//2593 2590//2590 2575//2575
f 663//663 2575//2575 2590//2590
f 2555//2555 656//656 2600//2600
f 2599//2599 2600//2600 656//656
f 2601//2601 665//665 2603//2603
f 2586//2586 2603//2603 665//665
f 2608//2608 670//670 2610//2610
f 2609//2609 2610//2610 670//670
f 2617//2617 2613//2613 2615//2615
f 671//671 2615//2615 2613//2613
f 2294//2294 594//594 2622//2622
f 2621//2621 2622//2622 594//594
f 2626//2626 2627//2627 674//674
f 2624//2624 674//674 2627//2627
f 2633//2633 2280//2280 2632//2632
f 590//590 2632//2632 2280//2280
f 2637//2637 2634//2634 2568//2568
f 660//660 2568//2568 2634//2634
f 676//676 2642//2642 2630//2630
f 2643//2643 2630//2630 2642//2642
f 2647//2647 2644//2644 2542//2542
f 654//654 2542//2542 2644//2644
f 2651//2651 680//680 2653//2653
f 2652//2652 2653//2653 680//680
f 2656//2656 681//681 2659//2659
f 2658//2658 2659//2659 681//681
f 549//549 2663//2663 2132//2132
f 2664//2664 2132//2132 2663//2663
f 2669//2669 2666//2666 2668//2668
f 683//683 2668//2668 2666//2666
f 2675//2675 2117//2117 2674//2674
f 544//544 2674//2674 2117//2117
f 2679//2679 2676//2676 2384//2384
f 616//616 2384//2384 2676//2676
f 2672//2672 685//685 2684//2684
f 2683//2683 2684//2684 685//685
f 2420//2420 2687//2687 626//626
f 2685//2685 626//626 2687//2687
f 2695//2695 2693//2693 2694//2694
f 689//689 2694//2694 2693//2693
f 2698//2698 690//690 2701//2701
f 2700//2700 2701//2701 690//690
f 2708//2708 2076//2076 2707//2707
f 533//533 2707//2707 2076//2076
f 2713//2713 2710//2710 2712//2712
f 693//693 2712//2712 2710//2710
f 2061//2061 528//528 2719//2719
f 2718//2718 2719//2719 528//528
f 2723//2723 2725//2725 695//695
f 2721//2721 695//695 2725//2725
f 2716//2716 696//696 2730//2730
f 2729//2729 2730//2730 696//696
f 2732//2732 698//698 2735//2735
f 2734//2734 2735//2735 698//698
f 2743//2743 2741//2741 2742//2742
f 701//701 2742//2742 2741//2741
f 2749//2749 2746//2746 2748//2748
f 702//702 2748//2748 2746//2746
f 2756//2756 2093//2093 2755//2755
f 537//537 2755//2755 2093//2093
f 2760//2760 2761//2761 705//705
f 2758//2758 705//705 2761//2761
f 2080//2080 534//534 2767//2767
f 2766//2766 2767//2767 534//534
f 2702//2702 2771//2771 692//692
f 2768//2768 692//692 2771//2771
f 2775//2775 2776//2776 707//707
f 2764//2764 707//707 2776//2776
f 2688//2688 2779//2779 688//688
f 2777//2777 688//688 2779//2779
f 2787//2787 2785//2785 2786//2786
f 711//711 2786//2786 2785//2785
f 2792//2792 2793//2793 712//712
f 2790//2790 712//712 2793//2793
f 2800//2800 2109//2109 2799//2799
f 541//541 2799//2799 2109//2109
f 2805//2805 2802//2802 2804//2804
f 715//715 2804//2804 2802//2802
f 2097//2097 538//538 2811//2811
f 2810//2810 2811//2811 538//538
f 2815//2815 2812//2812 2750//2750
f 704//704 2750//2750 2812//2812
f 2819//2819 2820//2820 717//717
f 2808//2808 717//717 2820//2820
f 2823//2823 2821//2821 2736//2736
f 700//700 2736//2736 2821//2821
f 2829//2829 2827//2827 2828//2828
f 720//720 2828//2828 2827//2827
f 2835//2835 2832//2832 2834//2834
f 721//721 2834//2834 2832//2832
f 2840//2840 2059//2059 2839//2839
f 531//531 2839//2839 2059//2059
f 2845//2845 2842//2842 2844//2844
f 723//723 2844//2844 2842//2842
f 2102//2102 542//542 2851//2851
f 2850//2850 2851//2851 542//542
f 2852//2852 714//714 2855//2855
f 2794//2794 2855//2855 714//714
f 2860//2860 2848//2848 2859//2859
f 725//725 2859//2859 2848//2848
f 2863//2863 2861//2861 2780//2780
f 710//710 2780//2780 2861//2861
f 2871//2871 2872//2872 729//729
f 2870//2870 729//729 2872//2872
f 2877//2877 2879//2879 730//730
f 2875//2875 730//730 2879//2879
f 2886//2886 2887//2887 734//734
f 2885//2885 734//734 2887//2887
f 2892//2892 2893//2893 735//735
f 2890//2890 735//735 2893//2893
f 2899//2899 2900//2900 737//737
f 2898//2898 737//737 2900//2900
f 2905//2905 2907//2907 738//738
f 2903//2903 738//738 2907//2907
f 2912//2912 2913//2913 739//739
f 2896//2896 739//739 2913//2913
f 2915//2915 741//741 2919//2919
f 2917//2917 2919//2919 741//741
f 2924//2924 744//744 2926//2926
f 2925//2925 2926//2926 744//744
f 2929//2929 745//745 2933//2933
f 2931//2931 2933//2933 745//745
f 2938//2938 2939//2939 748//748
f 2937//2937 748//748 2939//2939
f 2944//2944 2945//2945 749//749
f 2942//2942 749//749 2945//2945
f 2951//2951 2952//2952 751//751
f 2950//2950 751//751 2952//2952
f 2957//2957 2959//2959 752//752
f 2955//2955 752//752 2959//2959
f 2948//2948 753//753 2965//2965
f 2964//2964 2965//2965 753//753
f 2967//2967 755//755 2971//2971
f 2969//2969 2971//2971 755//755
f 2978//2978 2976//2976 2977//2977
f 758//758 2977//2977 2976//2976
f 2985//2985 2981//2981 2983//2983
f 759//759 2983//2983 2981//2981
f 2991//2991 2989//2989 2990//2990
f 762//762 2990//2990 2989//2989
f 2997//2997 2994//2994 2996//2996
f 763//763 2996//2996 2994//2994
f 3004//3004 3002//3002 3003//3003
f 765//765 3003//3003 3002//3002
f 3011//3011 3007//3007 3009//3009
f 766//766 3009//3009 3007//3007
f 3017//3017 3000//3000 3016//3016
f 767//767 3016//3016 3000//3000
f 3023//3023 3019//3019 3021//3021
f 769//769 3021//3021 3019//3019
f 3031//3031 3029//3029 3030//3030
f 773//773 3030//3030 3029//3029
f 3037//3037 3034//3034 3036//3036
f 774//774 3036//3036 3034//3034
f 3043//3043 777//777 3045//3045
f 3044//3044 3045//3045 777//777
f 3051//3051 3048//3048 3050//3050
f 778//778 3050//3050 3048//3048
f 3058//3058 3056//3056 3057//3057
f 780//780 3057//3057 3056//3056
f 3065//3065 3061//3061 3063//3063
f 781//781 3063//3063 3061//3061
f 3070//3070 3054//3054 3069//3069
f 782//782 3069//3069 3054//3054
f 3075//3075 3072//3072 3074//3074
f 784//784 3074//3074 3072//3072
f 3082//3082 3080//3080 3081//3081
f 786//786 3081//3081 3080//3080
f 3089//3089 3085//3085 3087//3087
f 787//787 3087//3087 3085//3085
f 3093//3093 790//790 3095//3095
f 3094//3094 3095//3095 790//790
f 3097//3097 786//786 3099//3099
f 3080//3080 3099//3099 786//786
f 793//793 3106//3106 3105//3105
f 3107//3107 3105//3105 3106//3106
f 3111//3111 3109//3109 3093//3093
f 790//790 3093//3093 3109//3109
f 3118//3118 796//796 3120//3120
f 3119//3119 3120//3120 796//796
f 3122//3122 793//793 3125//3125
f 3105//3105 3125//3125 793//793
f 3087//3087 787//787 3133//3133
f 3132//3132 3133//3133 787//787
f 3137//3137 3134//3134 3118//3118
f 796//796 3118//3118 3134//3134
f 3146//3146 3144//3144 3145//3145
f 803//803 3145//3145 3144//3144
f 3153//3153 3149//3149 3151//3151
f 804//804 3151//3151 3149//3149
f 3160//3160 3161//3161 808//808
f 3159//3159 808//808 3161//3161
f 3164//3164 809//809 3167//3167
f 3166//3166 3167//3167 809//809
f 3172//3172 811//811 3174//3174
f 3173//3173 3174//3174 811//811
f 3181//3181 3177//3177 3179//3179
f 812//812 3179//3179 3177//3177
f 3187//3187 3170//3170 3186//3186
f 813//813 3186//3186 3170//3170
f 3193//3193 3189//3189 3191//3191
f 815//815 3191//3191 3189//3189
f 3199//3199 3197//3197 3198//3198
f 818//818 3198//3198 3197//3197
f 819//819 3204//3204 3202//3202
f 3205//3205 3202//3202 3204//3204
f 3211//3211 3209//3209 3210//3210
f 821//821 3210//3210 3209//3209
f 3217//3217 3214//3214 3216//3216
f 822//822 3216//3216 3214//3214
f 3224//3224 3222//3222 3223//3223
f 824//824 3223//3223 3222//3222
f 3231//3231 3227//3227 3229//3229
f 825//825 3229//3229 3227//3227
f 826//826 3235//3235 3220//3220
f 3236//3236 3220//3220 3235//3235
f 3241//3241 3238//3238 3240//3240
f 828//828 3240//3240 3238//3238
f 3248//3248 3246//3246 3247//3247
f 830//830 3247//3247 3246//3246
f 3255//3255 3251//3251 3253//3253
f 831//831 3253//3253 3251//3251
f 3259//3259 3260//3260 811//811
f 3175//3175 811//811 3260//3260
f 3265//3265 3262//3262 3264//3264
f 834//834 3264//3264 3262//3262
f 3162//3162 808//808 3271//3271
f 3270//3270 3271//3271 808//808
f 3277//3277 3273//3273 3275//3275
f 836//836 3275//3275 3273//3273
f 3283//3283 3268//3268 3282//3282
f 837//837 3282//3282 3268//3268
f 3289//3289 3285//3285 3287//3287
f 839//839 3287//3287 3285//3285
f 3295//3295 843//843 3297//3297
f 3296//3296 3297//3297 843//843
f 3302//3302 3303//3303 844//844
f 3300//3300 844//844 3303//3303
f 2901//2901 737//737 3310//3310
f 3309//3309 3310//3310 737//737
f 3312//3312 847//847 3315//3315
f 3314//3314 3315//3315 847//847
f 2888//2888 734//734 3321//3321
f 3320//3320 3321//3321 734//734
f 3323//3323 849//849 3327//3327
f 3325//3325 3327//3327 849//849
f 3331//3331 3332//3332 850//850
f 3318//3318 850//850 3332//3332
f 3336//3336 3337//3337 852//852
f 3334//3334 852//852 3337//3337
f 3343//3343 855//855 3345//3345
f 3344//3344 3345//3345 855//855
f 3348//3348 856//856 3351//3351
f 3350//3350 3351//3351 856//856
f 2953//2953 751//751 3358//3358
f 3357//3357 3358//3358 751//751
f 3360//3360 859//859 3363//3363
f 3362//3362 3363//3363 859//859
f 2940//2940 748//748 3369//3369
f 3368//3368 3369//3369 748//748
f 3370//3370 846//846 3373//3373
f 3304//3304 3373//3373 846//846
f 3366//3366 861//861 3378//3378
f 3377//3377 3378//3378 861//861
f 3379//3379 842//842 3381//3381
f 3290//3290 3381//3381 842//842
f 3387//3387 865//865 3389//3389
f 3388//3388 3389//3389 865//865
f 3392//3392 866//866 3395//3395
f 3394//3394 3395//3395 866//866
f 3401//3401 869//869 3403//3403
f 3402//3402 3403//3403 869//869
f 3406//3406 870//870 3409//3409
f 3408//3408 3409//3409 870//870
f 3414//3414 872//872 3416//3416
f 3415//3415 3416//3416 872//872
f 3419//3419 873//873 3423//3423
f 3421//3421 3423//3423 873//873
f 3412//3412 874//874 3428//3428
f 3427//3427 3428//3428 874//874
f 3430//3430 876//876 3433//3433
f 3432//3432 3433//3433 876//876
f 3440//3440 3441//3441 879//879
f 3439//3439 879//879 3441//3441
f 3447//3447 3444//3444 3446//3446
f 880//880 3446//3446 3444//3444
f 3454//3454 3059//3059 3453//3453
f 780//780 3453//3453 3059//3059
f 883//883 3458//3458 3456//3456
f 3459//3459 3456//3456 3458//3458
f 3046//3046 777//777 3465//3465
f 3464//3464 3465//3465 777//777
f 3466//3466 868//868 3469//3469
f 3396//3396 3469//3469 868//868
f 3462//3462 885//885 3474//3474
f 3473//3473 3474//3474 885//885
f 3475//3475 864//864 3477//3477
f 3382//3382 3477//3477 864//864
f 3483//3483 889//889 3485//3485
f 3484//3484 3485//3485 889//889
f 3488//3488 890//890 3491//3491
f 3490//3490 3491//3491 890//890
f 2867//2867 731//731 3498//3498
f 3497//3497 3498//3498 731//731
f 3500//3500 893//893 3503//3503
f 3502//3502 3503//3503 893//893
f 2910//2910 742//742 3509//3509
f 3508//3508 3509//3509 742//742
f 3511//3511 895//895 3515//3515
f 3513//3513 3515//3515 895//895
f 3506//3506 896//896 3520//3520
f 3519//3519 3520//3520 896//896
f 3522//3522 898//898 3525//3525
f 3524//3524 3525//3525 898//898
f 3529//3529 900//900 3531//3531
f 3530//3530 3531//3531 900//900
f 3534//3534 901//901 3537//3537
f 3536//3536 3537//3537 901//901
f 2974//2974 760//760 3542//3542
f 3541//3541 3542//3542 760//760
f 3544//3544 903//903 3547//3547
f 3546//3546 3547//3547 903//903
f 3553//3553 3014//3014 3552//3552
f 770//770 3552//3552 3014//3014
f 3559//3559 3555//3555 3557//3557
f 905//905 3557//3557 3555//3555
f 906//906 3563//3563 3550//3550
f 3564//3564 3550//3550 3563//3563
f 908//908 3568//3568 3566//3566
f 3569//3569 3566//3566 3568//3568
f 3575//3575 3573//3573 3574//3574
f 910//910 3574//3574 3573//3573
f 911//911 3580//3580 3578//3578
f 3581//3581 3578//3578 3580//3580
f 3586//3586 3021//3021 3585//3585
f 769//769 3585//3585 3021//3021
f 3591//3591 3588//3588 3590//3590
f 913//913 3590//3590 3588//3588
f 3597//3597 3009//3009 3596//3596
f 766//766 3596//3596 3009//3009
f 3603//3603 3599//3599 3601//3601
f 915//915 3601//3601 3599//3599
f 3608//3608 3594//3594 3607//3607
f 916//916 3607//3607 3594//3594
f 918//918 3612//3612 3610//3610
f 3613//3613 3610//3610 3612//3612
f 3617//3617 920//920 3619//3619
f 3618//3618 3619//3619 920//920
f 3622//3622 921//921 3625//3625
f 3624//3624 3625//3625 921//921
f 3074//3074 784//784 3630//3630
f 3629//3629 3630//3630 784//784
f 3632//3632 923//923 3635//3635
f 3634//3634 3635//3635 923//923
f 3063//3063 781//781 3641//3641
f 3640//3640 3641//3641 781//781
f 3642//3642 882//882 3645//3645
f 3448//3448 3645//3645 882//882
f 3638//3638 925//925 3650//3650
f 3649//3649 3650//3650 925//925
f 3651//3651 878//878 3653//3653
f 3434//3434 3653//3653 878//878
f 3657//3657 928//928 3659//3659
f 3658//3658 3659//3659 928//928
f 3662//3662 929//929 3665//3665
f 3664//3664 3665//3665 929//929
f 3673//3673 3671//3671 3672//3672
f 932//932 3672//3672 3671//3671
f 3677//3677 3675//3675 3657//3657
f 928//928 3657//3657 3675//3675
f 3682//3682 934//934 3684//3684
f 3683//3683 3684//3684 934//934
f 3686//3686 932//932 3689//3689
f 3671//3671 3689//3689 932//932
f 3695//3695 3693//3693 3694//3694
f 937//937 3694//3694 3693//3693
f 3699//3699 3697//3697 3682//3682
f 934//934 3682//3682 3697//3697
f 929//929 3703//3703 3664//3664
f 3704//3704 3664//3664 3703//3703
f 3705//3705 937//937 3707//3707
f 3693//3693 3707//3707 937//937
f 3713//3713 3711//3711 3712//3712
f 940//940 3712//3712 3711//3711
f 3719//3719 3716//3716 3718//3718
f 941//941 3718//3718 3716//3716
f 3725//3725 944//944 3727//3727
f 3726//3726 3727//3727 944//944
f 3729//3729 940//940 3731//3731
f 3711//3711 3731//3731 940//940
f 3737//3737 3718//3718 3736//3736
f 941//941 3736//3736 3718//3718
f 3741//3741 3738//3738 3725//3725
f 944//944 3725//3725 3738//3738
f 3748//3748 949//949 3750//3750
f 3749//3749 3750//3750 949//949
f 3753//3753 950//950 3757//3757
f 3755//3755 3757//3757 950//950
f 3763//3763 954//954 3765//3765
f 3764//3764 3765//3765 954//954
f 3768//3768 955//955 3771//3771
f 3770//3770 3771//3771 955//955
f 3776//3776 957//957 3778//3778
f 3777//3777 3778//3778 957//957
f 3785//3785 3781//3781 3783//3783
f 958//958 3783//3783 3781//3781
f 3774//3774 959//959 3791//3791
f 3790//3790 3791//3791 959//959
f 3793//3793 961//961 3797//3797
f 3795//3795 3797//3797 961//961
f 3804//3804 965//965 3806//3806
f 3805//3805 3806//3806 965//965
f 3809//3809 966//966 3813//3813
f 3811//3811 3813//3813 966//966
f 3821//3821 3819//3819 3820//3820
f 970//970 3820//3820 3819//3819
f 3824//3824 971//971 3827//3827
f 3826//3826 3827//3827 971//971
f 3834//3834 3832//3832 3833//3833
f 973//973 3833//3833 3832//3832
f 3837//3837 974//974 3841//3841
f 3839//3839 3841//3841 974//974
f 3830//3830 975//975 3847//3847
f 3846//3846 3847//3847 975//975
f 3849//3849 977//977 3853//3853
f 3851//3851 3853//3853 977//977
f 3862//3862 3860//3860 3861//3861
f 981//981 3861//3861 3860//3860
f 3869//3869 3865//3865 3867//3867
f 982//982 3867//3867 3865//3865
f 3877//3877 3875//3875 3876//3876
f 986//986 3876//3876 3875//3875
f 3883//3883 3880//3880 3882//3882
f 987//987 3882//3882 3880//3880
f 3890//3890 3888//3888 3889//3889
f 989//989 3889//3889 3888//3888
f 3897//3897 3893//3893 3895//3895
f 990//990 3895//3895 3893//3893
f 3903//3903 3886//3886 3902//3902
f 991//991 3902//3902 3886//3886
f 3905//3905 993//993 3909//3909
f 3907//3907 3909//3909 993//993
f 3915//3915 3916//3916 996//996
f 3914//3914 996//996 3916//3916
f 3921//3921 3923//3923 997//997
f 3919//3919 997//997 3923//3923
f 3917//3917 996//996 3931//3931
f 3930//3930 3931//3931 996//996
f 3932//3932 974//974 3935//3935
f 3836//3836 3935//3935 974//974
f 3941//3941 3942//3942 1003//1003
f 3940//3940 1003//1003 3942//3942
f 3947//3947 3949//3949 1004//1004
f 3945//3945 1004//1004 3949//3949
f 3954//3954 3955//3955 1005//1005
f 3938//3938 1005//1005 3955//3955
f 3957//3957 1007//1007 3961//3961
f 3959//3959 3961//3961 1007//1007
f 3967//3967 3968//3968 1010//1010
f 3966//3966 1010//1010 3968//3968
f 3975//3975 3971//3971 3973//3973
f 1011//1011 3973//3973 3971//3971
f 3981//3981 3979//3979 3980//3980
f 1014//1014 3980//3980 3979//3979
f 3987//3987 3984//3984 3986//3986
f 1015//1015 3986//3986 3984//3984
f 3994//3994 3992//3992 3993//3993
f 1017//1017 3993//3993 3992//3992
f 993//993 3904//3904 3996//3996
f 3999//3999 3996//3996 3904//3904
f 1018//1018 4004//4004 3990//3990
f 4005//4005 3990//3990 4004//4004
f 990//990 3892//3892 4006//4006
f 4009//4009 4006//4006 3892//3892
f 4015//4015 1023//1023 4017//4017
f 4016//4016 4017//4017 1023//1023
f 4023//4023 4020//4020 4022//4022
f 1024//1024 4022//4022 4020//4020
f 4029//4029 1027//1027 4031//4031
f 4030//4030 4031//4031 1027//1027
f 4034//4034 1028//1028 4037//4037
f 4036//4036 4037//4037 1028//1028
f 4043//4043 4044//4044 1030//1030
f 4042//4042 1030//1030 4044//4044
f 985//985 3870//3870 4046//4046
f 4049//4049 4046//4046 3870//3870
f 4054//4054 4040//4040 4053//4053
f 1031//1031 4053//4053 4040//4040
f 4057//4057 4055//4055 3854//3854
f 980//980 3854//3854 4055//4055
f 1035//1035 4064//4064 4063//4063
f 4065//4065 4063//4063 4064//4064
f 4071//4071 4068//4068 4070//4070
f 1036//1036 4070//4070 4068//4068
f 4078//4078 4076//4076 4077//4077
f 1038//1038 4077//4077 4076//4076
f 4083//4083 4080//4080 4063//4063
f 1035//1035 4063//4063 4080//4080
f 4090//4090 4079//4079 4089//4089
f 1038//1038 4089//4089 4079//4079
f 4093//4093 4091//4091 3226//3226
f 825//825 3226//3226 4091//4091
f 4101//4101 4099//4099 4100//4100
f 1044//1044 4100//4100 4099//4099
f 4105//4105 4103//4103 4084//4084
f 1041//1041 4084//4084 4103//4103
f 4070//4070 1036//1036 4111//4111
f 4110//4110 4111//4111 1036//1036
f 4112//4112 1044//1044 4115//4115
f 4099//4099 4115//4115 1044//1044
f 4122//4122 4120//4120 4121//4121
f 1048//1048 4121//4121 4120//4120
f 4129//4129 4125//4125 4127//4127
f 1049//1049 4127//4127 4125//4125
f 4133//4133 1052//1052 4135//4135
f 4134//4134 4135//4135 1052//1052
f 4137//4137 1048//1048 4139//4139
f 4120//4120 4139//4139 1048//1048
f 4143//4143 1054//1054 4145//4145
f 4144//4144 4145//4145 1054//1054
f 1052//1052 4133//4133 4147//4147
f 4149//4149 4147//4147 4133//4133
f 4154//4154 4155//4155 1056//1056
f 4153//4153 1056//1056 4155//4155
f 4143//4143 4159//4159 1054//1054
f 4157//4157 1054//1054 4159//4159
f 1056//1056 4164//4164 4156//4156
f 4165//4165 4156//4156 4164//4164
f 4169//4169 4166//4166 3138//3138
f 802//802 3138//3138 4166//4166
f 4174//4174 1060//1060 4176//4176
f 4175//4175 4176//4176 1060//1060
f 4179//4179 1061//1061 4183//4183
f 4181//4181 4183//4183 1061//1061
f 4189//4189 4187//4187 4188//4188
f 1064//1064 4188//4188 4187//4187
f 4193//4193 4191//4191 4174//4174
f 1060//1060 4174//4174 4191//4191
f 4200//4200 4190//4190 4199//4199
f 1064//1064 4199//4199 4190//4190
f 4201//4201 1058//1058 4203//4203
f 4168//4168 4203//4203 1058//1058
f 4209//4209 4207//4207 4208//4208
f 1068//1068 4208//4208 4207//4207
f 4213//4213 4211//4211 4194//4194
f 1066//1066 4194//4194 4211//4211
f 4220//4220 4181//4181 4219//4219
f 1061//1061 4219//4219 4181//4181
f 4221//4221 1068//1068 4223//4223
f 4207//4207 4223//4223 1068//1068
f 4230//4230 4228//4228 4229//4229
f 1072//1072 4229//4229 4228//4228
f 4237//4237 4233//4233 4235//4235
f 1073//1073 4235//4235 4233//4233
f 4241//4241 1076//1076 4243//4243
f 4242//4242 4243//4243 1076//1076
f 4245//4245 1072//1072 4247//4247
f 4228//4228 4247//4247 1072//1072
f 4255//4255 4253//4253 4254//4254
f 1079//1079 4254//4254 4253//4253
f 4259//4259 4257//4257 4241//4241
f 1076//1076 4241//4241 4257//4257
f 1081//1081 4265//4265 4264//4264
f 4266//4266 4264//4264 4265//4265
f 4268//4268 1079//1079 4271//4271
f 4253//4253 4271//4271 1079//1079
f 4277//4277 4278//4278 1073//1073
f 4235//4235 1073//1073 4278//4278
f 1081//1081 4264//4264 4279//4279
f 4281//4281 4279//4279 4264//4264
f 4287//4287 4285//4285 4286//4286
f 1086//1086 4286//4286 4285//4285
f 4290//4290 1087//1087 4293//4293
f 4292//4292 4293//4293 1087//1087
f 4298//4298 4226//4226 4297//4297
f 1074//1074 4297//4297 4226//4226
f 1089//1089 4302//4302 4300//4300
f 4303//4303 4300//4300 4302//4302
f 4309//4309 4276//4276 4308//4308
f 1084//1084 4308//4308 4276//4276
f 4313//4313 4310//4310 3974//3974
f 1012//1012 3974//3974 4310//4310
f 4306//4306 1091//1091 4318//4318
f 4317//4317 4318//4318 1091//1091
f 4319//4319 1020//1020 4321//4321
f 4008//4008 4321//4321 1020//1020
f 4325//4325 1094//1094 4327//4327
f 4326//4326 4327//4327 1094//1094
f 4330//4330 1095//1095 4333//4333
f 4332//4332 4333//4333 1095//1095
f 4074//4074 1039//1039 4338//4338
f 4337//4337 4338//4338 1039//1039
f 4340//4340 1097//1097 4343//4343
f 4342//4342 4343//4343 1097//1097
f 4349//4349 4062//4062 4348//4348
f 1034//1034 4348//4348 4062//4062
f 4353//4353 4350//4350 3812//3812
f 967//967 3812//3812 4350//4350
f 4358//4358 4346//4346 4357//4357
f 1099//1099 4357//4357 4346//4346
f 978//978 3852//3852 4359//4359
f 4361//4361 4359//4359 3852//3852
f 4366//4366 1102//1102 4368//4368
f 4367//4367 4368//4368 1102//1102
f 4375//4375 4371//4371 4373//4373
f 1103//1103 4373//4373 4371//4371
f 4379//4379 1106//1106 4381//4381
f 4380//4380 4381//4381 1106//1106
f 4384//4384 1107//1107 4387//4387
f 4386//4386 4387//4387 1107//1107
f 4392//4392 1109//1109 4394//4394
f 4393//4393 4394//4394 1109//1109
f 4396//4396 951//951 4399//4399
f 3756//3756 4399//4399 951//951
f 4405//4405 4390//4390 4404//4404
f 1110//1110 4404//4404 4390//4390
f 4409//4409 4406//4406 3796//3796
f 962//962 3796//3796 4406//4406
f 4416//4416 4414//4414 4415//4415
f 1114//1114 4415//4415 4414//4414
f 4423//4423 4419//4419 4421//4421
f 1115//1115 4421//4421 4419//4419
f 4364//4364 1104//1104 4428//4428
f 4427//4427 4428//4428 1104//1104
f 4430//4430 1118//1118 4433//4433
f 4432//4432 4433//4433 1118//1118
f 4402//4402 1112//1112 4439//4439
f 4438//4438 4439//4439 1112//1112
f 4440//4440 961//961 4443//4443
f 3792//3792 4443//4443 961//961
f 4436//4436 1120//1120 4449//4449
f 4448//4448 4449//4449 1120//1120
f 4453//4453 4450//4450 3780//3780
f 958//958 3780//3780 4450//4450
f 4458//4458 1124//1124 4460//4460
f 4459//4459 4460//4460 1124//1124
f 4467//4467 4463//4463 4465//4465
f 1125//1125 4465//4465 4463//4463
f 4472//4472 4412//4412 4471//4471
f 1116//1116 4471//4471 4412//4412
f 4474//4474 1128//1128 4477//4477
f 4476//4476 4477//4477 1128//1128
f 4483//4483 4446//4446 4482//4482
f 1122//1122 4482//4482 4446//4446
f 3776//3776 4487//4487 957//957
f 4484//4484 957//957 4487//4487
f 4493//4493 4480//4480 4492//4492
f 1130//1130 4492//4492 4480//4480
f 4497//4497 4494//4494 3763//3763
f 954//954 3763//3763 4494//4494
f 4503//4503 4501//4501 4502//4502
f 1134//1134 4502//4502 4501//4501
f 4509//4509 4506//4506 4508//4508
f 1135//1135 4508//4508 4506//4506
f 4514//4514 4456//4456 4513//4513
f 1126//1126 4513//4513 4456//4456
f 4519//4519 4516//4516 4518//4518
f 1137//1137 4518//4518 4516//4516
f 4490//4490 1132//1132 4525//4525
f 4524//4524 4525//4525 1132//1132
f 4526//4526 953//953 4529//4529
f 3758//3758 4529//4529 953//953
f 4534//4534 4522//4522 4533//4533
f 1139//1139 4533//4533 4522//4522
f 4537//4537 4535//4535 3742//3742
f 948//948 3742//3742 4535//4535
f 1150//1150 1149//1149 1143//1143
f 294//294 1143//1143 1149//1149
f 1157//1157 1155//1155 1156//1156
f 81//81 1156//1156 1155//1155
f 1165//1165 1164//1164 1159//1159
f 298//298 1159//1159 1164//1164
f 1171//1171 1170//1170 1151//1151
f 82//82 1151//1151 1170//1170
f 1178//1178 1177//1177 1172//1172
f 302//302 1172//1172 1177//1177
f 1185//1185 1183//1183 1184//1184
f 80//80 1184//1184 1183//1183
f 1191//1191 1190//1190 1186//1186
f 305//305 1186//1186 1190//1190
f 1197//1197 1195//1195 1196//1196
f 1//1 1196//1196 1195//1195
f 1205//1205 1204//1204 1199//1199
f 309//309 1199//1199 1204//1204
f 1211//1211 1210//1210 1166//1166
f 79//79 1166//1166 1210//1210
f 1219//1219 1218//1218 1213//1213
f 313//313 1213//1213 1218//1218
f 1225//1225 1224//1224 1206//1206
f 86//86 1206//1206 1224//1224
f 1232//1232 1231//1231 1226//1226
f 317//317 1226//1226 1231//1231
f 1239//1239 1237//1237 1238//1238
f 85//85 1238//1238 1237//1237
f 1244//1244 1243//1243 1240//1240
f 319//319 1240//1240 1243//1243
f 1249//1249 1248//1248 1179//1179
f 3//3 1179//1179 1248//1248
f 1251//1251 1257//1257 323//323
f 1256//1256 323//323 1257//1257
f 1202//1202 1263//1263 83//83
f 1262//1262 83//83 1263//1263
f 1265//1265 1271//1271 327//327
f 1270//1270 327//327 1271//1271
f 1258//1258 1277//1277 90//90
f 1276//1276 90//90 1277//1277
f 1278//1278 1284//1284 331//331
f 1283//1283 331//331 1284//1284
f 1290//1290 1291//1291 89//89
f 1289//1289 89//89 1291//1291
f 1292//1292 1296//1296 333//333
f 1295//1295 333//333 1296//1296
f 1216//1216 1301//1301 6//6
f 1300//1300 6//6 1301//1301
f 1302//1302 1308//1308 337//337
f 1307//1307 337//337 1308//1308
f 1314//1314 1315//1315 93//93
f 1313//1313 93//93 1315//1315
f 1316//1316 1321//1321 340//340
f 1320//1320 340//340 1321//1321
f 1309//1309 1327//1327 94//94
f 1326//1326 94//94 1327//1327
f 1328//1328 1334//1334 344//344
f 1333//1333 344//344 1334//1334
f 1340//1340 1341//1341 92//92
f 1339//1339 92//92 1341//1341
f 1342//1342 1347//1347 347//347
f 1346//1346 347//347 1347//1347
f 1353//1353 1351//1351 1352//1352
f 7//7 1352//1352 1351//1351
f 1355//1355 1361//1361 351//351
f 1360//1360 351//351 1361//1361
f 1344//1344 1367//1367 93//93
f 1366//1366 93//93 1367//1367
f 1369//1369 1376//1376 355//355
f 1375//1375 355//355 1376//1376
f 1359//1359 95//95 1381//1381
f 1380//1380 1381//1381 95//95
f 359//359 1383//1383 1389//1389
f 1390//1390 1389//1389 1383//1383
f 96//96 1394//1394 1374//1374
f 1395//1395 1374//1374 1394//1394
f 1401//1401 362//362 1402//1402
f 1396//1396 1402//1402 362//362
f 1388//1388 97//97 1407//1407
f 1406//1406 1407//1407 97//97
f 1412//1412 1411//1411 1408//1408
f 363//363 1408//1408 1411//1411
f 1415//1415 1400//1400 1220//1220
f 84//84 1220//1220 1400//1400
f 1417//1417 1424//1424 368//368
f 1423//1423 368//368 1424//1424
f 1430//1430 1431//1431 102//102
f 1429//1429 102//102 1431//1431
f 1438//1438 372//372 1439//1439
f 1433//1433 1439//1439 372//372
f 1425//1425 1445//1445 103//103
f 1444//1444 103//103 1445//1445
f 376//376 1446//1446 1451//1451
f 1452//1452 1451//1451 1446//1446
f 1459//1459 1457//1457 1458//1458
f 101//101 1458//1458 1457//1457
f 1465//1465 1464//1464 1460//1460
f 379//379 1460//1460 1464//1464
f 1471//1471 1469//1469 1470//1470
f 17//17 1470//1470 1469//1469
f 1476//1476 382//382 1477//1477
f 1472//1472 1477//1477 382//382
f 1440//1440 1483//1483 100//100
f 1482//1482 100//100 1483//1483
f 1488//1488 385//385 1489//1489
f 1484//1484 1489//1489 385//385
f 1494//1494 106//106 1495//1495
f 1478//1478 1495//1495 106//106
f 1496//1496 1502//1502 389//389
f 1501//1501 389//389 1502//1502
f 1508//1508 1509//1509 105//105
f 1507//1507 105//105 1509//1509
f 1510//1510 1514//1514 391//391
f 1513//1513 391//391 1514//1514
f 1453//1453 1519//1519 18//18
f 1518//1518 18//18 1519//1519
f 1521//1521 1527//1527 395//395
f 1526//1526 395//395 1527//1527
f 1507//1507 1533//1533 105//105
f 1532//1532 105//105 1533//1533
f 1535//1535 1541//1541 399//399
f 1540//1540 399//399 1541//1541
f 1528//1528 1547//1547 109//109
f 1546//1546 109//109 1547//1547
f 1554//1554 1553//1553 1548//1548
f 402//402 1548//1548 1553//1553
f 1559//1559 1466//1466 1558//1558
f 101//101 1558//1558 1466//1466
f 1560//1560 1564//1564 403//403
f 1563//1563 403//403 1564//1564
f 1518//1518 1567//1567 18//18
f 1454//1454 18//18 1567//1567
f 1576//1576 1575//1575 1569//1569
f 408//408 1569//1569 1575//1575
f 112//112 1582//1582 1581//1581
f 1583//1583 1581//1581 1582//1582
f 1591//1591 1590//1590 1585//1585
f 412//412 1585//1585 1590//1590
f 1597//1597 1596//1596 1577//1577
f 113//113 1577//1577 1596//1596
f 1604//1604 1603//1603 1598//1598
f 415//415 1598//1598 1603//1603
f 80//80 1608//1608 1192//1192
f 1609//1609 1192//1192 1608//1608
f 417//417 1610//1610 1614//1614
f 1615//1615 1614//1614 1610//1610
f 3//3 1618//1618 1180//1180
f 1619//1619 1180//1180 1618//1618
f 422//422 1621//1621 1627//1627
f 1628//1628 1627//1627 1621//1621
f 1634//1634 1635//1635 115//115
f 1633//1633 115//115 1635//1635
f 425//425 1637//1637 1641//1641
f 1642//1642 1641//1641 1637//1637
f 116//116 1629//1629 1646//1646
f 1647//1647 1646//1646 1629//1629
f 427//427 1648//1648 1652//1652
f 1653//1653 1652//1652 1648//1648
f 85//85 1656//1656 1245//1245
f 1657//1657 1245//1245 1656//1656
f 429//429 1658//1658 1662//1662
f 1663//1663 1662//1662 1658//1658
f 5//5 1666//1666 1234//1234
f 1667//1667 1234//1234 1666//1666
f 1676//1676 1675//1675 1669//1669
f 434//434 1669//1669 1675//1675
f 1683//1683 1681//1681 1682//1682
f 120//120 1682//1682 1681//1681
f 1691//1691 1690//1690 1685//1685
f 438//438 1685//1685 1690//1690
f 1697//1697 1696//1696 1677//1677
f 121//121 1677//1677 1696//1696
f 1704//1704 1703//1703 1698//1698
f 442//442 1698//1698 1703//1703
f 1711//1711 1709//1709 1710//1710
f 119//119 1710//1710 1709//1709
f 1717//1717 1716//1716 1712//1712
f 445//445 1712//1712 1716//1716
f 7//7 1722//1722 1721//1721
f 1723//1723 1721//1721 1722//1722
f 450//450 1725//1725 1731//1731
f 1732//1732 1731//1731 1725//1725
f 1739//1739 1737//1737 1738//1738
f 123//123 1738//1738 1737//1737
f 453//453 1741//1741 1745//1745
f 1746//1746 1745//1745 1741//1741
f 1750//1750 124//124 1751//1751
f 1733//1733 1751//1751 124//124
f 1757//1757 1756//1756 1752//1752
f 455//455 1752//1752 1756//1756
f 1761//1761 1348//1348 1760//1760
f 92//92 1760//1760 1348//1348
f 1766//1766 457//457 1767//1767
f 1762//1762 1767//1767 457//457
f 1770//1770 1771//1771 11//11
f 1336//1336 11//11 1771//1771
f 462//462 1773//1773 1779//1779
f 1780//1780 1779//1779 1773//1773
f 127//127 1786//1786 1785//1785
f 1787//1787 1785//1785 1786//1786
f 466//466 1789//1789 1794//1794
f 1795//1795 1794//1794 1789//1789
f 128//128 1781//1781 1800//1800
f 1801//1801 1800//1800 1781//1781
f 469//469 1802//1802 1807//1807
f 1808//1808 1807//1807 1802//1802
f 78//78 1812//1812 1158//1158
f 1813//1813 1158//1158 1812//1812
f 471//471 1814//1814 1818//1818
f 1819//1819 1818//1818 1814//1814
f 2//2 1822//1822 1142//1142
f 1823//1823 1142//1142 1822//1822
f 475//475 1825//1825 1830//1830
f 1831//1831 1830//1830 1825//1825
f 1837//1837 1836//1836 1796//1796
f 126//126 1796//1796 1836//1836
f 1844//1844 479//479 1845//1845
f 1839//1839 1845//1845 479//479
f 131//131 1832//1832 1850//1850
f 1851//1851 1850//1850 1832//1832
f 1852//1852 1858//1858 482//482
f 1857//1857 482//482 1858//1858
f 1862//1862 1863//1863 87//87
f 1264//1264 87//87 1863//1863
f 1868//1868 1867//1867 1864//1864
f 483//483 1864//1864 1867//1867
f 4//4 1809//1809 1250//1250
f 1871//1871 1250//1250 1809//1809
f 1878//1878 487//487 1879//1879
f 1873//1873 1879//1879 487//487
f 1846//1846 1885//1885 130//130
f 1884//1884 130//130 1885//1885
f 1892//1892 491//491 1893//1893
f 1887//1887 1893//1893 491//491
f 1880//1880 1899//1899 134//134
f 1898//1898 134//134 1899//1899
f 1900//1900 1906//1906 494//494
f 1905//1905 494//494 1906//1906
f 1910//1910 1911//1911 88//88
f 1282//1282 88//88 1911//1911
f 1912//1912 1916//1916 495//495
f 1915//1915 495//495 1916//1916
f 1859//1859 1919//1919 9//9
f 1269//1269 9//9 1919//1919
f 499//499 1921//1921 1926//1926
f 1927//1927 1926//1926 1921//1921
f 1932//1932 133//133 1933//1933
f 1894//1894 1933//1933 133//133
f 502//502 1935//1935 1939//1939
f 1940//1940 1939//1939 1935//1935
f 136//136 1928//1928 1944//1944
f 1945//1945 1944//1944 1928//1928
f 1951//1951 1950//1950 1946//1946
f 504//504 1946//1946 1950//1950
f 1955//1955 1332//1332 1954//1954
f 91//91 1954//1954 1332//1332
f 1960//1960 1959//1959 1956//1956
f 505//505 1956//1956 1959//1959
f 1963//1963 1319//1319 1907//1907
f 10//10 1907//1907 1319//1319
f 509//509 1964//1964 1969//1969
f 1970//1970 1969//1969 1964//1964
f 1976//1976 1977//1977 138//138
f 1975//1975 138//138 1977//1977
f 511//511 1978//1978 1982//1982
f 1983//1983 1982//1982 1978//1978
f 1968//1968 115//115 1987//1987
f 1660//1660 1987//1987 115//115
f 1988//1988 1993//1993 513//513
f 1992//1992 513//513 1993//1993
f 1387//1387 1997//1997 97//97
f 1981//1981 97//97 1997//1997
f 2005//2005 2004//2004 1999//1999
f 516//516 1999//1999 2004//2004
f 2009//2009 1991//1991 1421//1421
f 99//99 1421//1421 1991//1991
f 2016//2016 519//519 2017//2017
f 2011//2011 2017//2017 519//519
f 2020//2020 2021//2021 137//137
f 2003//2003 137//137 2021//2021
f 2022//2022 2027//2027 522//522
f 2026//2026 522//522 2027//2027
f 1358//1358 2033//2033 95//95
f 2032//2032 95//95 2033//2033
f 2035//2035 2041//2041 525//525
f 2040//2040 525//525 2041//2041
f 1709//1709 2045//2045 119//119
f 2025//2025 119//119 2045//2045
f 2051//2051 2050//2050 2046//2046
f 527//527 2046//2046 2050//2050
f 2055//2055 2039//2039 2054//2054
f 140//140 2054//2054 2039//2039
f 2064//2064 2063//2063 2057//2057
f 532//532 2057//2057 2063//2063
f 2071//2071 2069//2069 2070//2070
f 145//145 2070//2070 2069//2069
f 2079//2079 2078//2078 2073//2073
f 536//536 2073//2073 2078//2078
f 2085//2085 2084//2084 2065//2065
f 146//146 2065//2065 2084//2084
f 2092//2092 2091//2091 2086//2086
f 540//540 2086//2086 2091//2091
f 2099//2099 2097//2097 2098//2098
f 144//144 2098//2098 2097//2097
f 2105//2105 2104//2104 2100//2100
f 543//543 2100//2100 2104//2104
f 2111//2111 2109//2109 2110//2110
f 32//32 2110//2110 2109//2109
f 548//548 2113//2113 2119//2119
f 2120//2120 2119//2119 2113//2113
f 150//150 2126//2126 2125//2125
f 2127//2127 2125//2125 2126//2126
f 552//552 2129//2129 2134//2134
f 2135//2135 2134//2134 2129//2129
f 151//151 2121//2121 2140//2140
f 2141//2141 2140//2140 2121//2121
f 556//556 2142//2142 2147//2147
f 2148//2148 2147//2147 2142//2142
f 2154//2154 2155//2155 149//149
f 2153//2153 149//149 2155//2155
f 559//559 2156//2156 2160//2160
f 2161//2161 2160//2160 2156//2156
f 43//43 2166//2166 2165//2165
f 2167//2167 2165//2165 2166//2166
f 2169//2169 2176//2176 564//564
f 2175//2175 564//564 2176//2176
f 2182//2182 2183//2183 155//155
f 2181//2181 155//155 2183//2183
f 568//568 2185//2185 2190//2190
f 2191//2191 2190//2190 2185//2185
f 2177//2177 2197//2197 156//156
f 2196//2196 156//156 2197//2197
f 2198//2198 2204//2204 572//572
f 2203//2203 572//572 2204//2204
f 2210//2210 2211//2211 154//154
f 2209//2209 154//154 2211//2211
f 2212//2212 2217//2217 575//575
f 2216//2216 575//575 2217//2217
f 2222//2222 2223//2223 44//44
f 2221//2221 44//44 2223//2223
f 2231//2231 2230//2230 2225//2225
f 579//579 2225//2225 2230//2230
f 148//148 2136//2136 2236//2236
f 2237//2237 2236//2236 2136//2136
f 2239//2239 2245//2245 583//583
f 2244//2244 583//583 2245//2245
f 2251//2251 2250//2250 2232//2232
f 160//160 2232//2232 2250//2250
f 2258//2258 2257//2257 2252//2252
f 587//587 2252//2252 2257//2257
f 2265//2265 2263//2263 2264//2264
f 159//159 2264//2264 2263//2263
f 589//589 2267//2267 2271//2271
f 2272//2272 2271//2271 2267//2267
f 160//160 2254//2254 2233//2233
f 2275//2275 2233//2233 2254//2254
f 2283//2283 2282//2282 2277//2277
f 593//593 2277//2277 2282//2282
f 2289//2289 2288//2288 2246//2246
f 158//158 2246//2246 2288//2288
f 2295//2295 596//596 2296//2296
f 2291//2291 2296//2296 596//596
f 2300//2300 163//163 2301//2301
f 2284//2284 2301//2301 163//163
f 2302//2302 2307//2307 599//599
f 2306//2306 599//599 2307//2307
f 2312//2312 2313//2313 162//162
f 2311//2311 162//162 2313//2313
f 2314//2314 2318//2318 601//601
f 2317//2317 601//601 2318//2318
f 2323//2323 2322//2322 2259//2259
f 41//41 2259//2259 2322//2322
f 2324//2324 2330//2330 605//605
f 2329//2329 605//605 2330//2330
f 165//165 2336//2336 2335//2335
f 2337//2337 2335//2335 2336//2336
f 2338//2338 2342//2342 607//607
f 2341//2341 607//607 2342//2342
f 2331//2331 2347//2347 166//166
f 2346//2346 166//166 2347//2347
f 610//610 2348//2348 2352//2352
f 2353//2353 2352//2352 2348//2348
f 2359//2359 2357//2357 2358//2358
f 164//164 2358//2358 2357//2357
f 2365//2365 2364//2364 2360//2360
f 613//613 2360//2360 2364//2364
f 2371//2371 2369//2369 2370//2370
f 45//45 2370//2370 2369//2369
f 2377//2377 617//617 2378//2378
f 2372//2372 2378//2378 617//617
f 168//168 2384//2384 2383//2383
f 2385//2385 2383//2383 2384//2384
f 2393//2393 2392//2392 2387//2387
f 620//620 2387//2387 2392//2392
f 2397//2397 2376//2376 2362//2362
f 165//165 2362//2362 2376//2376
f 2398//2398 2404//2404 623//623
f 2403//2403 623//623 2404//2404
f 2408//2408 2409//2409 167//167
f 2391//2391 167//167 2409//2409
f 2411//2411 2416//2416 625//625
f 2415//2415 625//625 2416//2416
f 1503//1503 2419//2419 15//15
f 1520//1520 15//15 2419//2419
f 2421//2421 2426//2426 627//627
f 2425//2425 627//627 2426//2426
f 1490//1490 2429//2429 104//104
f 2410//2410 104//104 2429//2429
f 2431//2431 2437//2437 631//631
f 2436//2436 631//631 2437//2437
f 2357//2357 2443//2443 164//164
f 2442//2442 164//164 2443//2443
f 2445//2445 2450//2450 634//634
f 2449//2449 634//634 2450//2450
f 2454//2454 171//171 2455//2455
f 2438//2438 2455//2455 171//171
f 2461//2461 2460//2460 2456//2456
f 636//636 2456//2456 2460//2460
f 2465//2465 2451//2451 1462//1462
f 102//102 1462//1462 2451//2451
f 638//638 2466//2466 2470//2470
f 2471//2471 2470//2470 2466//2466
f 108//108 1542//1542 2459//2459
f 2475//2475 2459//2459 1542//1542
f 2480//2480 2479//2479 2476//2476
f 639//639 2476//2476 2479//2479
f 2469//2469 167//167 2483//2483
f 2390//2390 2483//2483 167//167
f 2491//2491 2490//2490 2485//2485
f 643//643 2485//2485 2490//2490
f 2497//2497 2496//2496 2209//2209
f 154//154 2209//2209 2496//2496
f 2506//2506 2505//2505 2499//2499
f 647//647 2499//2499 2505//2505
f 2510//2510 2511//2511 172//172
f 2489//2489 172//172 2511//2511
f 2512//2512 2518//2518 650//650
f 2517//2517 650//650 2518//2518
f 2522//2522 2523//2523 173//173
f 2504//2504 173//173 2523//2523
f 2529//2529 652//652 2530//2530
f 2525//2525 2530//2530 652//652
f 2533//2533 1998//1998 2448//2448
f 13//13 2448//2448 1998//1998
f 2534//2534 2538//2538 653//653
f 2537//2537 653//653 2538//2538
f 2524//2524 170//170 2541//2541
f 2434//2434 2541//2541 170//170
f 2543//2543 2550//2550 658//658
f 2549//2549 658//658 2550//2550
f 2555//2555 177//177 2557//2557
f 2556//2556 2557//2557 177//177
f 2563//2563 661//661 2564//2564
f 2558//2558 2564//2564 661//661
f 2569//2569 2548//2548 2568//2568
f 175//175 2568//2568 2548//2548
f 2577//2577 2576//2576 2571//2571
f 664//664 2571//2571 2576//2576
f 2562//2562 157//157 2581//2581
f 2228//2228 2581//2581 157//157
f 2582//2582 2588//2588 667//667
f 2587//2587 667//667 2588//2588
f 2592//2592 2593//2593 176//176
f 2575//2575 176//176 2593//2593
f 2600//2600 2599//2599 2595//2595
f 669//669 2595//2595 2599//2599
f 2603//2603 2586//2586 1692//1692
f 118//118 1692//1692 2586//2586
f 2604//2604 2610//2610 673//673
f 2609//2609 673//673 2610//2610
f 2616//2616 2617//2617 179//179
f 2615//2615 179//179 2617//2617
f 2622//2622 2621//2621 2618//2618
f 675//675 2618//2618 2621//2621
f 180//180 2611//2611 2626//2626
f 2627//2627 2626//2626 2611//2611
f 2628//2628 2633//2633 677//677
f 2632//2632 677//677 2633//2633
f 2568//2568 175//175 2637//2637
f 2636//2636 2637//2637 175//175
f 2642//2642 679//679 2643//2643
f 2638//2638 2643//2643 679//679
f 2542//2542 26//26 2647//2647
f 2646//2646 2647//2647 26//26
f 2653//2653 2652//2652 2648//2648
f 682//682 2648//2648 2652//2652
f 2659//2659 2658//2658 2038//2038
f 140//140 2038//2038 2658//2658
f 684//684 2660//2660 2663//2663
f 2664//2664 2663//2663 2660//2660
f 2669//2669 2668//2668 2654//2654
f 181//181 2654//2654 2668//2668
f 2670//2670 2675//2675 686//686
f 2674//2674 686//686 2675//2675
f 2678//2678 2679//2679 168//168
f 2384//2384 168//168 2679//2679
f 2684//2684 2683//2683 2680//2680
f 687//687 2680//2680 2683//2683
f 2687//2687 2420//2420 2048//2048
f 12//12 2048//2048 2420//2420
f 691//691 2689//2689 2694//2694
f 2695//2695 2694//2694 2689//2689
f 2701//2701 2700//2700 2153//2153
f 149//149 2153//2153 2700//2700
f 2703//2703 2708//2708 694//694
f 2707//2707 694//694 2708//2708
f 184//184 2696//2696 2712//2712
f 2713//2713 2712//2712 2696//2696
f 2719//2719 2718//2718 2714//2714
f 697//697 2714//2714 2718//2718
f 183//183 2724//2724 2723//2723
f 2725//2725 2723//2723 2724//2724
f 2730//2730 2729//2729 2726//2726
f 699//699 2726//2726 2729//2729
f 2735//2735 2734//2734 2165//2165
f 43//43 2165//2165 2734//2734
f 2737//2737 2743//2743 703//703
f 2742//2742 703//703 2743//2743
f 2263//2263 2749//2749 159//159
f 2748//2748 159//159 2749//2749
f 2751//2751 2756//2756 706//706
f 2755//2755 706//706 2756//2756
f 2744//2744 2761//2761 186//186
f 2760//2760 186//186 2761//2761
f 2767//2767 2766//2766 2762//2762
f 708//708 2762//2762 2766//2766
f 182//182 2770//2770 2702//2702
f 2771//2771 2702//2702 2770//2770
f 709//709 2772//2772 2775//2775
f 2776//2776 2775//2775 2772//2772
f 2270//2270 2779//2779 38//38
f 2688//2688 38//38 2779//2779
f 2781//2781 2787//2787 713//713
f 2786//2786 713//713 2787//2787
f 162//162 2311//2311 2792//2792
f 2793//2793 2792//2792 2311//2311
f 2799//2799 716//716 2800//2800
f 2795//2795 2800//2800 716//716
f 2788//2788 2805//2805 188//188
f 2804//2804 188//188 2805//2805
f 2811//2811 2810//2810 2806//2806
f 718//718 2806//2806 2810//2810
f 2814//2814 2815//2815 185//185
f 2750//2750 185//185 2815//2815
f 719//719 2816//2816 2819//2819
f 2820//2820 2819//2819 2816//2816
f 2322//2322 2823//2823 41//41
f 2736//2736 41//41 2823//2823
f 2824//2824 2829//2829 722//722
f 2828//2828 722//722 2829//2829
f 2173//2173 2835//2835 152//152
f 2834//2834 152//152 2835//2835
f 2836//2836 2840//2840 724//724
f 2839//2839 724//724 2840//2840
f 2830//2830 2845//2845 189//189
f 2844//2844 189//189 2845//2845
f 2851//2851 2850//2850 2846//2846
f 726//726 2846//2846 2850//2850
f 187//187 2854//2854 2794//2794
f 2855//2855 2794//2794 2854//2854
f 2856//2856 2860//2860 727//727
f 2859//2859 727//727 2860//2860
f 2188//2188 2863//2863 36//36
f 2780//2780 36//36 2863//2863
f 732//732 2865//2865 2871//2871
f 2872//2872 2871//2871 2865//2865
f 193//193 2878//2878 2877//2877
f 2879//2879 2877//2877 2878//2878
f 736//736 2881//2881 2886//2886
f 2887//2887 2886//2886 2881//2881
f 194//194 2873//2873 2892//2892
f 2893//2893 2892//2892 2873//2873
f 740//740 2894//2894 2899//2899
f 2900//2900 2899//2899 2894//2894
f 192//192 2906//2906 2905//2905
f 2907//2907 2905//2905 2906//2906
f 743//743 2908//2908 2912//2912
f 2913//2913 2912//2912 2908//2908
f 2919//2919 2917//2917 2918//2918
f 49//49 2918//2918 2917//2917
f 2926//2926 2925//2925 2920//2920
f 747//747 2920//2920 2925//2925
f 2933//2933 2931//2931 2932//2932
f 197//197 2932//2932 2931//2931
f 750//750 2934//2934 2938//2938
f 2939//2939 2938//2938 2934//2934
f 198//198 2927//2927 2944//2944
f 2945//2945 2944//2944 2927//2927
f 754//754 2946//2946 2951//2951
f 2952//2952 2951//2951 2946//2946
f 196//196 2958//2958 2957//2957
f 2959//2959 2957//2957 2958//2958
f 2965//2965 2964//2964 2960//2960
f 757//757 2960//2960 2964//2964
f 2971//2971 2969//2969 2970//2970
f 51//51 2970//2970 2969//2969
f 2972//2972 2978//2978 761//761
f 2977//2977 761//761 2978//2978
f 2984//2984 2985//2985 201//201
f 2983//2983 201//201 2985//2985
f 2986//2986 2991//2991 764//764
f 2990//2990 764//764 2991//2991
f 2979//2979 2997//2997 202//202
f 2996//2996 202//202 2997//2997
f 2998//2998 3004//3004 768//768
f 3003//3003 768//768 3004//3004
f 3010//3010 3011//3011 200//200
f 3009//3009 200//200 3011//3011
f 3012//3012 3017//3017 771//771
f 3016//3016 771//771 3017//3017
f 3022//3022 3023//3023 54//54
f 3021//3021 54//54 3023//3023
f 3025//3025 3031//3031 775//775
f 3030//3030 775//775 3031//3031
f 2992//2992 3037//3037 199//199
f 3036//3036 199//199 3037//3037
f 3045//3045 3044//3044 3039//3039
f 779//779 3039//3039 3044//3044
f 3032//3032 3051//3051 206//206
f 3050//3050 206//206 3051//3051
f 3052//3052 3058//3058 783//783
f 3057//3057 783//783 3058//3058
f 3064//3064 3065//3065 205//205
f 3063//3063 205//205 3065//3065
f 3066//3066 3070//3070 785//785
f 3069//3069 785//785 3070//3070
f 3005//3005 3075//3075 55//55
f 3074//3074 55//55 3075//3075
f 3076//3076 3082//3082 789//789
f 3081//3081 789//789 3082//3082
f 3087//3087 209//209 3089//3089
f 3088//3088 3089//3089 209//209
f 3095//3095 3094//3094 3090//3090
f 791//791 3090//3090 3094//3094
f 3099//3099 3080//3080 3028//3028
f 203//203 3028//3028 3080//3080
f 3106//3106 794//794 3107//3107
f 3101//3101 3107//3107 794//794
f 3093//3093 196//196 3111//3111
f 2957//2957 3111//3111 196//196
f 3120//3120 3119//3119 3113//3113
f 798//798 3113//3113 3119//3119
f 3125//3125 3105//3105 3124//3124
f 207//207 3124//3124 3105//3105
f 3132//3132 801//801 3133//3133
f 3127//3127 3133//3133 801//801
f 3136//3136 3137//3137 208//208
f 3118//3118 208//208 3137//3137
f 3139//3139 3146//3146 806//806
f 3145//3145 806//806 3146//3146
f 3152//3152 3153//3153 214//214
f 3151//3151 214//214 3153//3153
f 810//810 3155//3155 3160//3160
f 3161//3161 3160//3160 3155//3155
f 3167//3167 3166//3166 3147//3147
f 215//215 3147//3147 3166//3166
f 3174//3174 3173//3173 3168//3168
f 814//814 3168//3168 3173//3173
f 3180//3180 3181//3181 213//213
f 3179//3179 213//213 3181//3181
f 3186//3186 817//817 3187//3187
f 3182//3182 3187//3187 817//817
f 3192//3192 3193//3193 59//59
f 3191//3191 59//59 3193//3193
f 3194//3194 3199//3199 820//820
f 3198//3198 820//820 3199//3199
f 3204//3204 208//208 3205//3205
f 3117//3117 3205//3205 208//208
f 3206//3206 3211//3211 823//823
f 3210//3210 823//823 3211//3211
f 3200//3200 3217//3217 218//218
f 3216//3216 218//218 3217//3217
f 3218//3218 3224//3224 827//827
f 3223//3223 827//827 3224//3224
f 3230//3230 3231//3231 217//217
f 3229//3229 217//217 3231//3231
f 3235//3235 829//829 3236//3236
f 3232//3232 3236//3236 829//829
f 57//57 3129//3129 3240//3240
f 3241//3241 3240//3240 3129//3129
f 3242//3242 3248//3248 833//833
f 3247//3247 833//833 3248//3248
f 3254//3254 3255//3255 220//220
f 3253//3253 220//220 3255//3255
f 3256//3256 3260//3260 835//835
f 3259//3259 835//835 3260//3260
f 3249//3249 3265//3265 221//221
f 3264//3264 221//221 3265//3265
f 3271//3271 3270//3270 3266//3266
f 838//838 3266//3266 3270//3270
f 3276//3276 3277//3277 219//219
f 3275//3275 219//219 3277//3277
f 3278//3278 3283//3283 841//841
f 3282//3282 841//841 3283//3283
f 3287//3287 61//61 3289//3289
f 3288//3288 3289//3289 61//61
f 3297//3297 3296//3296 3291//3291
f 845//845 3291//3291 3296//3296
f 110//110 1573//1573 3302//3302
f 3303//3303 3302//3302 1573//1573
f 3310//3310 3309//3309 3305//3305
f 848//848 3305//3305 3309//3309
f 224//224 3298//3298 3314//3314
f 3315//3315 3314//3314 3298//3298
f 3321//3321 3320//3320 3316//3316
f 851//851 3316//3316 3320//3320
f 3327//3327 3325//3325 3326//3326
f 223//223 3326//3326 3325//3325
f 853//853 3328//3328 3331//3331
f 3332//3332 3331//3331 3328//3328
f 27//27 1588//1588 3336//3336
f 3337//3337 3336//3336 1588//1588
f 3345//3345 3344//3344 3339//3339
f 857//857 3339//3339 3344//3344
f 3351//3351 3350//3350 1625//1625
f 114//114 1625//1625 3350//3350
f 3358//3358 3357//3357 3353//3353
f 860//860 3353//3353 3357//3357
f 3363//3363 3362//3362 3346//3346
f 226//226 3346//3346 3362//3362
f 3369//3369 3368//3368 3364//3364
f 862//862 3364//3364 3368//3368
f 3373//3373 3304//3304 3372//3372
f 222//222 3372//3372 3304//3304
f 3378//3378 3377//3377 3374//3374
f 863//863 3374//3374 3377//3377
f 3381//3381 3290//3290 1640//1640
f 28//28 1640//1640 3290//3290
f 3389//3389 3388//3388 3383//3383
f 867//867 3383//3383 3388//3388
f 3395//3395 3394//3394 1673//1673
f 117//117 1673//1673 3394//3394
f 3403//3403 3402//3402 3397//3397
f 871//871 3397//3397 3402//3402
f 3409//3409 3408//3408 3390//3390
f 230//230 3390//3390 3408//3408
f 3416//3416 3415//3415 3410//3410
f 875//875 3410//3410 3415//3415
f 3423//3423 3421//3421 3422//3422
f 229//229 3422//3422 3421//3421
f 3428//3428 3427//3427 3424//3424
f 877//877 3424//3424 3427//3427
f 3433//3433 3432//3432 1688//1688
f 25//25 1688//1688 3432//3432
f 881//881 3435//3435 3440//3440
f 3441//3441 3440//3440 3435//3435
f 1729//1729 3447//3447 122//122
f 3446//3446 122//122 3447//3447
f 3449//3449 3454//3454 884//884
f 3453//3453 884//884 3454//3454
f 3458//3458 232//232 3459//3459
f 3442//3442 3459//3459 232//232
f 3465//3465 3464//3464 3460//3460
f 886//886 3460//3460 3464//3464
f 3469//3469 3396//3396 3468//3468
f 227//227 3468//3468 3396//3396
f 3474//3474 3473//3473 3470//3470
f 887//887 3470//3470 3473//3473
f 3477//3477 3382//3382 1744//1744
f 19//19 1744//1744 3382//3382
f 3485//3485 3484//3484 3479//3479
f 891//891 3479//3479 3484//3484
f 125//125 1777//1777 3490//3490
f 3491//3491 3490//3490 1777//1777
f 3498//3498 3497//3497 3493//3493
f 894//894 3493//3493 3497//3497
f 3503//3503 3502//3502 3486//3486
f 235//235 3486//3486 3502//3502
f 3509//3509 3508//3508 3504//3504
f 897//897 3504//3504 3508//3508
f 3515//3515 3513//3513 3514//3514
f 234//234 3514//3514 3513//3513
f 3520//3520 3519//3519 3516//3516
f 899//899 3516//3516 3519//3519
f 22//22 1792//1792 3524//3524
f 3525//3525 3524//3524 1792//1792
f 3531//3531 3530//3530 3526//3526
f 902//902 3526//3526 3530//3530
f 129//129 1828//1828 3536//3536
f 3537//3537 3536//3536 1828//1828
f 3542//3542 3541//3541 3538//3538
f 904//904 3538//3538 3541//3541
f 3547//3547 3546//3546 3532//3532
f 237//237 3532//3532 3546//3546
f 3548//3548 3553//3553 907//907
f 3552//3552 907//907 3553//3553
f 3558//3558 3559//3559 236//236
f 3557//3557 236//236 3559//3559
f 3563//3563 909//909 3564//3564
f 3560//3560 3564//3564 909//909
f 3568//3568 23//23 3569//3569
f 1842//1842 3569//3569 23//23
f 3570//3570 3575//3575 912//912
f 3574//3574 912//912 3575//3575
f 3580//3580 132//132 3581//3581
f 1876//1876 3581//3581 132//132
f 3582//3582 3586//3586 914//914
f 3585//3585 914//914 3586//3586
f 3576//3576 3591//3591 239//239
f 3590//3590 239//239 3591//3591
f 3592//3592 3597//3597 917//917
f 3596//3596 917//917 3597//3597
f 3601//3601 238//238 3603//3603
f 3602//3602 3603//3603 238//238
f 3607//3607 919//919 3608//3608
f 3604//3604 3608//3608 919//919
f 3612//3612 24//24 3613//3613
f 1890//1890 3613//3613 24//24
f 3619//3619 3618//3618 3614//3614
f 922//922 3614//3614 3618//3618
f 3625//3625 3624//3624 1924//1924
f 135//135 1924//1924 3624//3624
f 3630//3630 3629//3629 3626//3626
f 924//924 3626//3626 3629//3629
f 3635//3635 3634//3634 3620//3620
f 240//240 3620//3620 3634//3634
f 3641//3641 3640//3640 3636//3636
f 926//926 3636//3636 3640//3640
f 231//231 3644//3644 3448//3448
f 3645//3645 3448//3448 3644//3644
f 3650//3650 3649//3649 3646//3646
f 927//927 3646//3646 3649//3649
f 3653//3653 3434//3434 1938//1938
f 20//20 1938//1938 3434//3434
f 3659//3659 3658//3658 3654//3654
f 930//930 3654//3654 3658//3658
f 3665//3665 3664//3664 3342//3342
f 225//225 3342//3342 3664//3664
f 3667//3667 3673//3673 933//933
f 3672//3672 933//933 3673//3673
f 3657//3657 138//138 3677//3677
f 2015//2015 3677//3677 138//138
f 3684//3684 3683//3683 3678//3678
f 936//936 3678//3678 3683//3683
f 3689//3689 3671//3671 3688//3688
f 241//241 3688//3688 3671//3671
f 3690//3690 3695//3695 938//938
f 3694//3694 938//938 3695//3695
f 3184//3184 3699//3699 214//214
f 3682//3682 214//214 3699//3699
f 3703//3703 939//939 3704//3704
f 3700//3700 3704//3704 939//939
f 3707//3707 3693//3693 3104//3104
f 207//207 3104//3104 3693//3693
f 3708//3708 3713//3713 942//942
f 3712//3712 942//942 3713//3713
f 3404//3404 3719//3719 228//228
f 3718//3718 228//228 3719//3719
f 3727//3727 3726//3726 3721//3721
f 945//945 3721//3721 3726//3726
f 3731//3731 3711//3711 3131//3131
f 209//209 3131//3131 3711//3711
f 3736//3736 947//947 3737//3737
f 3732//3732 3737//3737 947//947
f 3740//3740 3741//3741 243//243
f 3725//3725 243//243 3741//3741
f 3750//3750 3749//3749 3743//3743
f 952//952 3743//3743 3749//3749
f 248//248 3756//3756 3755//3755
f 3757//3757 3755//3755 3756//3756
f 3765//3765 3764//3764 3759//3759
f 956//956 3759//3759 3764//3764
f 3771//3771 3770//3770 3751//3751
f 249//249 3751//3751 3770//3770
f 3778//3778 3777//3777 3772//3772
f 960//960 3772//3772 3777//3777
f 3785//3785 3783//3783 3784//3784
f 247//247 3784//3784 3783//3783
f 3791//3791 3790//3790 3786//3786
f 963//963 3786//3786 3790//3790
f 3797//3797 3795//3795 3796//3796
f 65//65 3796//3796 3795//3795
f 3806//3806 3805//3805 3799//3799
f 968//968 3799//3799 3805//3805
f 3813//3813 3811//3811 3812//3812
f 253//253 3812//3812 3811//3811
f 3821//3821 3820//3820 3815//3815
f 972//972 3815//3815 3820//3820
f 3827//3827 3826//3826 3807//3807
f 254//254 3807//3807 3826//3826
f 3828//3828 3834//3834 976//976
f 3833//3833 976//976 3834//3834
f 3841//3841 3839//3839 3840//3840
f 252//252 3840//3840 3839//3839
f 3847//3847 3846//3846 3842//3842
f 979//979 3842//3842 3846//3846
f 3853//3853 3851//3851 3852//3852
f 71//71 3852//3852 3851//3851
f 3855//3855 3862//3862 984//984
f 3861//3861 984//984 3862//3862
f 3869//3869 3867//3867 3868//3868
f 258//258 3868//3868 3867//3867
f 3871//3871 3877//3877 988//988
f 3876//3876 988//988 3877//3877
f 3863//3863 3883//3883 259//259
f 3882//3882 259//259 3883//3883
f 3884//3884 3890//3890 992//992
f 3889//3889 992//992 3890//3890
f 3896//3896 3897//3897 257//257
f 3895//3895 257//257 3897//3897
f 3898//3898 3903//3903 995//995
f 3902//3902 995//995 3903//3903
f 3909//3909 3907//3907 3908//3908
f 68//68 3908//3908 3907//3907
f 999//999 3910//3910 3915//3915
f 3916//3916 3915//3915 3910//3910
f 262//262 3922//3922 3921//3921
f 3923//3923 3921//3921 3922//3922
f 3931//3931 3930//3930 3925//3925
f 1002//1002 3925//3925 3930//3930
f 3935//3935 3836//3836 3934//3934
f 70//70 3934//3934 3836//3836
f 1006//1006 3936//3936 3941//3941
f 3942//3942 3941//3941 3936//3936
f 261//261 3948//3948 3947//3947
f 3949//3949 3947//3947 3948//3948
f 3955//3955 3954//3954 3950//3950
f 1009//1009 3950//3950 3954//3954
f 3960//3960 3961//3961 72//72
f 3959//3959 72//72 3961//3961
f 1013//1013 3962//3962 3967//3967
f 3968//3968 3967//3967 3962//3962
f 3974//3974 3975//3975 265//265
f 3973//3973 265//265 3975//3975
f 1016//1016 3976//3976 3980//3980
f 3981//3981 3980//3980 3976//3976
f 3969//3969 3987//3987 266//266
f 3986//3986 266//266 3987//3987
f 3988//3988 3994//3994 1019//1019
f 3993//3993 1019//1019 3994//3994
f 3904//3904 257//257 3999//3999
f 3998//3998 3999//3999 257//257
f 4004//4004 1021//1021 4005//4005
f 4000//4000 4005//4005 1021//1021
f 3892//3892 69//69 4009//4009
f 4008//4008 4009//4009 69//69
f 4011//4011 4017//4017 1025//1025
f 4016//4016 1025//1025 4017//4017
f 3803//3803 4023//4023 250//250
f 4022//4022 250//250 4023//4023
f 4031//4031 4030//4030 4025//4025
f 1029//1029 4025//4025 4030//4030
f 4037//4037 4036//4036 4018//4018
f 269//269 4018//4018 4036//4036
f 4044//4044 4043//4043 4038//4038
f 1032//1032 4038//4038 4043//4043
f 4048//4048 4049//4049 255//255
f 3870//3870 255//255 4049//4049
f 4050//4050 4054//4054 1033//1033
f 4053//4053 1033//1033 4054//4054
f 3818//3818 4057//4057 75//75
f 3854//3854 75//75 4057//4057
f 4064//4064 1037//1037 4065//4065
f 4059//4059 4065//4065 1037//1037
f 4014//4014 4071//4071 267//267
f 4070//4070 267//267 4071//4071
f 4072//4072 4078//4078 1040//1040
f 4077//4077 1040//1040 4078//4078
f 4082//4082 4083//4083 270//270
f 4063//4063 270//270 4083//4083
f 4085//4085 4090//4090 1042//1042
f 4089//4089 1042//1042 4090//4090
f 3244//3244 4093//4093 60//60
f 3226//3226 60//60 4093//4093
f 4095//4095 4101//4101 1045//1045
f 4100//4100 1045//1045 4101//4101
f 3280//3280 4105//4105 220//220
f 4084//4084 220//220 4105//4105
f 4111//4111 4110//4110 4106//4106
f 1047//1047 4106//4106 4110//4110
f 4115//4115 4099//4099 4114//4114
f 271//271 4114//4114 4099//4099
f 4116//4116 4122//4122 1051//1051
f 4121//4121 1051//1051 4122//4122
f 4127//4127 273//273 4129//4129
f 4128//4128 4129//4129 273//273
f 4135//4135 4134//4134 4130//4130
f 1053//1053 4130//4130 4134//4134
f 4139//4139 4120//4120 4032//4032
f 268//268 4032//4032 4120//4120
f 4145//4145 4144//4144 4140//4140
f 1055//1055 4140//4140 4144//4144
f 4149//4149 4133//4133 4098//4098
f 271//271 4098//4098 4133//4133
f 1057//1057 4150//4150 4154//4154
f 4155//4155 4154//4154 4150//4150
f 4159//4159 4143//4143 3275//3275
f 219//219 3275//3275 4143//4143
f 4164//4164 1059//1059 4165//4165
f 4160//4160 4165//4165 1059//1059
f 4168//4168 4169//4169 58//58
f 3138//3138 58//58 4169//4169
f 4176//4176 4175//4175 4170//4170
f 1063//1063 4170//4170 4175//4175
f 4183//4183 4181//4181 4182//4182
f 275//275 4182//4182 4181//4181
f 4184//4184 4189//4189 1065//1065
f 4188//4188 1065//1065 4189//4189
f 3878//3878 4193//4193 256//256
f 4174//4174 256//256 4193//4193
f 4195//4195 4200//4200 1067//1067
f 4199//4199 1067//1067 4200//4200
f 4203//4203 4168//4168 3680//3680
f 58//58 3680//3680 4168//4168
f 4204//4204 4209//4209 1069//1069
f 4208//4208 1069//1069 4209//4209
f 3670//3670 4213//4213 241//241
f 4194//4194 241//241 4213//4213
f 4219//4219 1071//1071 4220//4220
f 4215//4215 4220//4220 1071//1071
f 4223//4223 4207//4207 2503//2503
f 173//173 2503//2503 4207//4207
f 4224//4224 4230//4230 1075//1075
f 4229//4229 1075//1075 4230//4230
f 4236//4236 4237//4237 278//278
f 4235//4235 278//278 4237//4237
f 4243//4243 4242//4242 4238//4238
f 1077//1077 4238//4238 4242//4242
f 4247//4247 4228//4228 2598//2598
f 177//177 2598//2598 4228//4228
f 4249//4249 4255//4255 1080//1080
f 4254//4254 1080//1080 4255//4255
f 3421//3421 4259//4259 229//229
f 4241//4241 229//229 4259//4259
f 1083//1083 4260//4260 4265//4265
f 4266//4266 4265//4265 4260//4260
f 4271//4271 4253//4253 4270//4270
f 277//277 4270//4270 4253//4253
f 1085//1085 4273//4273 4277//4277
f 4278//4278 4277//4277 4273//4273
f 4264//4264 262//262 4281//4281
f 3952//3952 4281//4281 262//262
f 4282//4282 4287//4287 1088//1088
f 4286//4286 1088//1088 4287//4287
f 4218//4218 4293//4293 275//275
f 4292//4292 275//275 4293//4293
f 4297//4297 1090//1090 4298//4298
f 4294//4294 4298//4298 1090//1090
f 4288//4288 4303//4303 280//280
f 4302//4302 280//280 4303//4303
f 4304//4304 4309//4309 1092//1092
f 4308//4308 1092//1092 4309//4309
f 4313//4313 3974//3974 4312//4312
f 265//265 4312//4312 3974//3974
f 4318//4318 4317//4317 4314//4314
f 1093//1093 4314//4314 4317//4317
f 4321//4321 4008//4008 4172//4172
f 69//69 4172//4172 4008//4008
f 4327//4327 4326//4326 4322//4322
f 1096//1096 4322//4322 4326//4326
f 4333//4333 4332//4332 4252//4252
f 277//277 4252//4252 4332//4332
f 4338//4338 4337//4337 4334//4334
f 1098//1098 4334//4334 4337//4337
f 4343//4343 4342//4342 4328//4328
f 281//281 4328//4328 4342//4342
f 4344//4344 4349//4349 1100//1100
f 4348//4348 1100//1100 4349//4349
f 4352//4352 4353//4353 253//253
f 3812//3812 253//253 4353//4353
f 4358//4358 4357//4357 4354//4354
f 1101//1101 4354//4354 4357//4357
f 4361//4361 3852//3852 4262//4262
f 71//71 4262//4262 3852//3852
f 4368//4368 4367//4367 4362//4362
f 1105//1105 4362//4362 4367//4367
f 4375//4375 4373//4373 4374//4374
f 283//283 4374//4374 4373//4373
f 4381//4381 4380//4380 4376//4376
f 1108//1108 4376//4376 4380//4380
f 4387//4387 4386//4386 4369//4369
f 284//284 4369//4369 4386//4386
f 4394//4394 4393//4393 4388//4388
f 1111//1111 4388//4388 4393//4393
f 4399//4399 3756//3756 4398//4398
f 248//248 4398//4398 3756//3756
f 4400//4400 4405//4405 1113//1113
f 4404//4404 1113//1113 4405//4405
f 4408//4408 4409//4409 65//65
f 3796//3796 65//65 4409//4409
f 4410//4410 4416//4416 1117//1117
f 4415//4415 1117//1117 4416//4416
f 4422//4422 4423//4423 285//285
f 4421//4421 285//285 4423//4423
f 4424//4424 4428//4428 1119//1119
f 4427//4427 1119//1119 4428//4428
f 4433//4433 4432//4432 4417//4417
f 286//286 4417//4417 4432//4432
f 4439//4439 4438//4438 4434//4434
f 1121//1121 4434//4434 4438//4438
f 4443//4443 3792//3792 4442//4442
f 247//247 4442//4442 3792//3792
f 4444//4444 4449//4449 1123//1123
f 4448//4448 1123//1123 4449//4449
f 4452//4452 4453//4453 66//66
f 3780//3780 66//66 4453//4453
f 4460//4460 4459//4459 4454//4454
f 1127//1127 4454//4454 4459//4459
f 4467//4467 4465//4465 4466//4466
f 287//287 4466//4466 4465//4465
f 4472//4472 4471//4471 4468//4468
f 1129//1129 4468//4468 4471//4471
f 4461//4461 4477//4477 288//288
f 4476//4476 288//288 4477//4477
f 4478//4478 4483//4483 1131//1131
f 4482//4482 1131//1131 4483//4483
f 4486//4486 4487//4487 246//246
f 3776//3776 246//246 4487//4487
f 4488//4488 4493//4493 1133//1133
f 4492//4492 1133//1133 4493//4493
f 4496//4496 4497//4497 64//64
f 3763//3763 64//64 4497//4497
f 4498//4498 4503//4503 1136//1136
f 4502//4502 1136//1136 4503//4503
f 4382//4382 4509//4509 282//282
f 4508//4508 282//282 4509//4509
f 4510//4510 4514//4514 1138//1138
f 4513//4513 1138//1138 4514//4514
f 4504//4504 4519//4519 289//289
f 4518//4518 289//289 4519//4519
f 4525//4525 4524//4524 4520//4520
f 1140//1140 4520//4520 4524//4524
f 4529//4529 3758//3758 4528//4528
f 245//245 4528//4528 3758//3758
f 4530//4530 4534//4534 1141//1141
f 4533//4533 1141//1141 4534//4534
f 4395//4395 4537//4537 67//67
f 3742//3742 67//67 4537//4537
f 1145//1145 2//2 1146//1146
f 1142//1142 1146//1146 2//2
f 1149//1149 1154//1154 294//294
f 1153//1153 294//294 1154//1154
f 1158//1158 1161//1161 78//78
f 1148//1148 78//78 1161//1161
f 1164//1164 1169//1169 298//298
f 1168//1168 298//298 1169//1169
f 1170//1170 1175//1175 82//82
f 1174//1174 82//82 1175//1175
f 1177//1177 1182//1182 302//302
f 1181//1181 302//302 1182//1182
f 1155//1155 1189//1189 81//81
f 1188//1188 81//81 1189//1189
f 1190//1190 1194//1194 305//305
f 1193//1193 305//305 1194//1194
f 4//4 1198//1198 1163//1163
f 1201//1201 1163//1163 1198//1198
f 1204//1204 1209//1209 309//309
f 1208//1208 309//309 1209//1209
f 1212//1212 1215//1215 83//83
f 1203//1203 83//83 1215//1215
f 1218//1218 1223//1223 313//313
f 1222//1222 313//313 1223//1223
f 1224//1224 1229//1229 86//86
f 1228//1228 86//86 1229//1229
f 1231//1231 1236//1236 317//317
f 1235//1235 317//317 1236//1236
f 1210//1210 1242//1242 79//79
f 1176//1176 79//79 1242//1242
f 1243//1243 1247//1247 319//319
f 1246//1246 319//319 1247//1247
f 4//4 1250//1250 1198//1198
f 1253//1253 1198//1198 1250//1250
f 323//323 1256//1256 1260//1260
f 1261//1261 1260//1260 1256//1256
f 87//87 1264//1264 1255//1255
f 1267//1267 1255//1255 1264//1264
f 327//327 1270//1270 1274//1274
f 1275//1275 1274//1274 1270//1270
f 90//90 1276//1276 1280//1280
f 1281//1281 1280//1280 1276//1276
f 331//331 1283//1283 1287//1287
f 1288//1288 1287//1287 1283//1283
f 83//83 1262//1262 1212//1212
f 1294//1294 1212//1212 1262//1262
f 333//333 1295//1295 1298//1298
f 1299//1299 1298//1298 1295//1295
f 6//6 1300//1300 1304//1304
f 1305//1305 1304//1304 1300//1300
f 337//337 1307//1307 1311//1311
f 1312//1312 1311//1311 1307//1307
f 89//89 1289//1289 1306//1306
f 1318//1318 1306//1306 1289//1289
f 340//340 1320//1320 1324//1324
f 1325//1325 1324//1324 1320//1320
f 94//94 1326//1326 1330//1330
f 1331//1331 1330//1330 1326//1326
f 344//344 1333//1333 1337//1337
f 1338//1338 1337//1337 1333//1333
f 93//93 1313//1313 1344//1344
f 1345//1345 1344//1344 1313//1313
f 1346//1346 1350//1350 347//347
f 1349//1349 347//347 1350//1350
f 7//7 1354//1354 1352//1352
f 1357//1357 1352//1352 1354//1354
f 351//351 1360//1360 1364//1364
f 1365//1365 1364//1364 1360//1360
f 12//12 1368//1368 1371//1371
f 1372//1372 1371//1371 1368//1368
f 1379//1379 1378//1378 1375//1375
f 355//355 1375//1375 1378//1378
f 1385//1385 14//14 1386//1386
f 1382//1382 1386//1386 14//14
f 1393//1393 1392//1392 1389//1389
f 359//359 1389//1389 1392//1392
f 1399//1399 1398//1398 1233//1233
f 5//5 1233//1233 1398//1398
f 1405//1405 1404//1404 1401//1401
f 362//362 1401//1401 1404//1404
f 1304//1304 1410//1410 6//6
f 1217//1217 6//6 1410//1410
f 1411//1411 1414//1414 363//363
f 1413//1413 363//363 1414//1414
f 13//13 1416//1416 1419//1419
f 1420//1420 1419//1419 1416//1416
f 368//368 1423//1423 1427//1427
f 1428//1428 1427//1427 1423//1423
f 99//99 1432//1432 1422//1422
f 1435//1435 1422//1422 1432//1432
f 1443//1443 1442//1442 1438//1438
f 372//372 1438//1438 1442//1442
f 1448//1448 103//103 1449//1449
f 1444//1444 1449//1449 103//103
f 1451//1451 1456//1456 376//376
f 1455//1455 376//376 1456//1456
f 1429//1429 1463//1463 102//102
f 1462//1462 102//102 1463//1463
f 1464//1464 1468//1468 379//379
f 1467//1467 379//379 1468//1468
f 1474//1474 1437//1437 1385//1385
f 14//14 1385//1385 1437//1437
f 1481//1481 1480//1480 1476//1476
f 382//382 1476//1476 1480//1480
f 1486//1486 1475//1475 1373//1373
f 96//96 1373//1373 1475//1475
f 1493//1493 1492//1492 1488//1488
f 385//385 1488//1488 1492//1492
f 106//106 1494//1494 1498//1498
f 1499//1499 1498//1498 1494//1494
f 389//389 1501//1501 1505//1505
f 1506//1506 1505//1505 1501//1501
f 100//100 1482//1482 1450//1450
f 1512//1512 1450//1450 1482//1482
f 391//391 1513//1513 1516//1516
f 1517//1517 1516//1516 1513//1513
f 1523//1523 1504//1504 1520//1520
f 15//15 1520//1520 1504//1504
f 395//395 1526//1526 1530//1530
f 1531//1531 1530//1530 1526//1526
f 107//107 1534//1534 1525//1525
f 1537//1537 1525//1525 1534//1534
f 399//399 1540//1540 1544//1544
f 1545//1545 1544//1544 1540//1540
f 109//109 1546//1546 1550//1550
f 1551//1551 1550//1550 1546//1546
f 1553//1553 1557//1557 402//402
f 1556//1556 402//402 1557//1557
f 105//105 1532//1532 1515//1515
f 1562//1562 1515//1515 1532//1532
f 403//403 1563//1563 1565//1565
f 1566//1566 1565//1565 1563//1563
f 1571//1571 28//28 1572//1572
f 1568//1568 1572//1572 28//28
f 1575//1575 1580//1580 408//408
f 1579//1579 408//408 1580//1580
f 1584//1584 1587//1587 110//110
f 1574//1574 110//110 1587//1587
f 1590//1590 1595//1595 412//412
f 1594//1594 412//412 1595//1595
f 1596//1596 1601//1601 113//113
f 1600//1600 113//113 1601//1601
f 1603//1603 1607//1607 415//415
f 1606//1606 415//415 1607//1607
f 1612//1612 112//112 1613//1613
f 1581//1581 1613//1613 112//112
f 1616//1616 417//417 1617//1617
f 1614//1614 1617//1617 417//417
f 1623//1623 29//29 1624//1624
f 1620//1620 1624//1624 29//29
f 1631//1631 422//422 1632//1632
f 1627//1627 1632//1632 422//422
f 1626//1626 114//114 1639//1639
f 1636//1636 1639//1639 114//114
f 1644//1644 425//425 1645//1645
f 1641//1641 1645//1645 425//425
f 1650//1650 116//116 1651//1651
f 1646//1646 1651//1651 116//116
f 1654//1654 427//427 1655//1655
f 1652//1652 1655//1655 427//427
f 115//115 1633//1633 1660//1660
f 1661//1661 1660//1660 1633//1633
f 1664//1664 429//429 1665//1665
f 1662//1662 1665//1665 429//429
f 19//19 1668//1668 1671//1671
f 1672//1672 1671//1671 1668//1668
f 1675//1675 1680//1680 434//434
f 1679//1679 434//434 1680//1680
f 1674//1674 117//117 1687//1687
f 1684//1684 1687//1687 117//117
f 1690//1690 1695//1695 438//438
f 1694//1694 438//438 1695//1695
f 1696//1696 1701//1701 121//121
f 1700//1700 121//121 1701//1701
f 1703//1703 1708//1708 442//442
f 1707//1707 442//442 1708//1708
f 1681//1681 1715//1715 120//120
f 1714//1714 120//120 1715//1715
f 1716//1716 1720//1720 445//445
f 1719//1719 445//445 1720//1720
f 1727//1727 20//20 1728//1728
f 1724//1724 1728//1728 20//20
f 1731//1731 1736//1736 450//450
f 1735//1735 450//450 1736//1736
f 122//122 1740//1740 1730//1730
f 1743//1743 1730//1730 1740//1740
f 1748//1748 453//453 1749//1749
f 1745//1745 1749//1749 453//453
f 1755//1755 1754//1754 1750//1750
f 124//124 1750//1750 1754//1754
f 1759//1759 1758//1758 1756//1756
f 455//455 1756//1756 1758//1758
f 1737//1737 1765//1765 123//123
f 1764//1764 123//123 1765//1765
f 457//457 1766//1766 1768//1768
f 1769//1769 1768//1768 1766//1766
f 1772//1772 1776//1776 21//21
f 1775//1775 21//21 1776//1776
f 1783//1783 462//462 1784//1784
f 1779//1779 1784//1784 462//462
f 1788//1788 1791//1791 125//125
f 1778//1778 125//125 1791//1791
f 1798//1798 466//466 1799//1799
f 1794//1794 1799//1799 466//466
f 1804//1804 128//128 1805//1805
f 1800//1800 1805//1805 128//128
f 1807//1807 1811//1811 469//469
f 1810//1810 469//469 1811//1811
f 1816//1816 127//127 1817//1817
f 1785//1785 1817//1817 127//127
f 1820//1820 471//471 1821//1821
f 1818//1818 1821//1821 471//471
f 1824//1824 1827//1827 22//22
f 1793//1793 22//22 1827//1827
f 1830//1830 1835//1835 475//475
f 1834//1834 475//475 1835//1835
f 1838//1838 1841//1841 129//129
f 1829//1829 129//129 1841//1841
f 1849//1849 1848//1848 1844//1844
f 479//479 1844//1844 1848//1848
f 1854//1854 131//131 1855//1855
f 1850//1850 1855//1855 131//131
f 482//482 1857//1857 1860//1860
f 1861//1861 1860//1860 1857//1857
f 1836//1836 1866//1866 126//126
f 1806//1806 126//126 1866//1866
f 1870//1870 1869//1869 1867//1867
f 483//483 1867//1867 1869//1869
f 1875//1875 1843//1843 1872//1872
f 23//23 1872//1872 1843//1843
f 487//487 1878//1878 1882//1882
f 1883//1883 1882//1882 1878//1878
f 1889//1889 1877//1877 1886//1886
f 132//132 1886//1886 1877//1877
f 1897//1897 1896//1896 1892//1892
f 491//491 1892//1892 1896//1896
f 134//134 1898//1898 1902//1902
f 1903//1903 1902//1902 1898//1898
f 494//494 1905//1905 1908//1908
f 1909//1909 1908//1908 1905//1905
f 130//130 1884//1884 1856//1856
f 1914//1914 1856//1856 1884//1884
f 495//495 1915//1915 1917//1917
f 1918//1918 1917//1917 1915//1915
f 1923//1923 1891//1891 1920//1920
f 24//24 1920//1920 1891//1891
f 1930//1930 499//499 1931//1931
f 1926//1926 1931//1931 499//499
f 1925//1925 135//135 1937//1937
f 1934//1934 1937//1937 135//135
f 1942//1942 502//502 1943//1943
f 1939//1939 1943//1943 502//502
f 1944//1944 1949//1949 136//136
f 1948//1948 136//136 1949//1949
f 1950//1950 1953//1953 504//504
f 1952//1952 504//504 1953//1953
f 1958//1958 1904//1904 1932//1932
f 133//133 1932//1932 1904//1904
f 1959//1959 1962//1962 505//505
f 1961//1961 505//505 1962//1962
f 1966//1966 29//29 1967//1967
f 1623//1623 1967//1967 29//29
f 1969//1969 1974//1974 509//509
f 1973//1973 509//509 1974//1974
f 1398//1398 1980//1980 5//5
f 1666//1666 5//5 1980//1980
f 1986//1986 1985//1985 1982//1982
f 511//511 1982//1982 1985//1985
f 14//14 1436//1436 1382//1382
f 1990//1990 1382//1382 1436//1436
f 513//513 1992//1992 1995//1995
f 1996//1996 1995//1995 1992//1992
f 1998//1998 2001//2001 13//13
f 1416//1416 13//13 2001//2001
f 2004//2004 2008//2008 516//516
f 2007//2007 516//516 2008//2008
f 2014//2014 2013//2013 2010//2010
f 30//30 2010//2010 2013//2013
f 519//519 2016//2016 2018//2018
f 2019//2019 2018//2018 2016//2016
f 7//7 1721//1721 1354//1354
f 2024//2024 1354//1354 1721//1721
f 522//522 2026//2026 2030//2030
f 2031//2031 2030//2030 2026//2026
f 8//8 2034//2034 1706//1706
f 2037//2037 1706//1706 2034//2034
f 525//525 2040//2040 2043//2043
f 2044//2044 2043//2043 2040//2040
f 1371//1371 2049//2049 12//12
f 2048//2048 12//12 2049//2049
f 2050//2050 2053//2053 527//527
f 2052//2052 527//527 2053//2053
f 2060//2060 2059//2059 2056//2056
f 35//35 2056//2056 2059//2059
f 2063//2063 2068//2068 532//532
f 2067//2067 532//532 2068//2068
f 2072//2072 2075//2075 142//142
f 2062//2062 142//142 2075//2075
f 2078//2078 2083//2083 536//536
f 2082//2082 536//536 2083//2083
f 2084//2084 2089//2089 146//146
f 2088//2088 146//146 2089//2089
f 540//540 2091//2091 2095//2095
f 2096//2096 2095//2095 2091//2091
f 2069//2069 2103//2103 145//145
f 2102//2102 145//145 2103//2103
f 2104//2104 2108//2108 543//543
f 2107//2107 543//543 2108//2108
f 2112//2112 2116//2116 42//42
f 2115//2115 42//42 2116//2116
f 2123//2123 548//548 2124//2124
f 2119//2119 2124//2124 548//548
f 2128//2128 2131//2131 147//147
f 2118//2118 147//147 2131//2131
f 2138//2138 552//552 2139//2139
f 2134//2134 2139//2139 552//552
f 2144//2144 151//151 2145//2145
f 2140//2140 2145//2145 151//151
f 556//556 2147//2147 2151//2151
f 2152//2152 2151//2151 2147//2147
f 2158//2158 150//150 2159//2159
f 2125//2125 2159//2159 150//150
f 2164//2164 2163//2163 2160//2160
f 559//559 2160//2160 2163//2163
f 43//43 2168//2168 2171//2171
f 2172//2172 2171//2171 2168//2168
f 564//564 2175//2175 2179//2179
f 2180//2180 2179//2179 2175//2175
f 2174//2174 152//152 2187//2187
f 2184//2184 2187//2187 152//152
f 568//568 2190//2190 2194//2194
f 2195//2195 2194//2194 2190//2190
f 156//156 2196//2196 2200//2200
f 2201//2201 2200//2200 2196//2196
f 572//572 2203//2203 2207//2207
f 2208//2208 2207//2207 2203//2203
f 155//155 2181//2181 2214//2214
f 2215//2215 2214//2214 2181//2181
f 575//575 2216//2216 2219//2219
f 2220//2220 2219//2219 2216//2216
f 39//39 2224//2224 2133//2133
f 2227//2227 2133//2133 2224//2224
f 2230//2230 2235//2235 579//579
f 2234//2234 579//579 2235//2235
f 157//157 2238//2238 2229//2229
f 2241//2241 2229//2229 2238//2238
f 2248//2248 583//583 2249//2249
f 2244//2244 2249//2249 583//583
f 2250//2250 2255//2255 160//160
f 2254//2254 160//160 2255//2255
f 2257//2257 2262//2262 587//587
f 2261//2261 587//587 2262//2262
f 2266//2266 2269//2269 159//159
f 2264//2264 159//159 2269//2269
f 2273//2273 589//589 2274//2274
f 2271//2271 2274//2274 589//589
f 2276//2276 2279//2279 40//40
f 2243//2243 40//40 2279//2279
f 2282//2282 2287//2287 593//593
f 2286//2286 593//593 2287//2287
f 2293//2293 2281//2281 2290//2290
f 161//161 2290//2290 2281//2281
f 2299//2299 2298//2298 2295//2295
f 596//596 2295//2295 2298//2298
f 163//163 2300//2300 2304//2304
f 2305//2305 2304//2304 2300//2300
f 2306//2306 2310//2310 599//599
f 2309//2309 599//599 2310//2310
f 2288//2288 2316//2316 158//158
f 2256//2256 158//158 2316//2316
f 601//601 2317//2317 2320//2320
f 2321//2321 2320//2320 2317//2317
f 42//42 2115//2115 2326//2326
f 2327//2327 2326//2326 2115//2115
f 605//605 2329//2329 2333//2333
f 2334//2334 2333//2333 2329//2329
f 150//150 2158//2158 2328//2328
f 2340//2340 2328//2328 2158//2158
f 607//607 2341//2341 2344//2344
f 2345//2345 2344//2344 2341//2341
f 2351//2351 2350//2350 2346//2346
f 166//166 2346//2346 2350//2350
f 2355//2355 610//610 2356//2356
f 2352//2352 2356//2356 610//610
f 2335//2335 2363//2363 165//165
f 2362//2362 165//165 2363//2363
f 2364//2364 2368//2368 613//613
f 2367//2367 613//613 2368//2368
f 2326//2326 2375//2375 42//42
f 2374//2374 42//42 2375//2375
f 617//617 2377//2377 2381//2381
f 2382//2382 2381//2381 2377//2377
f 2386//2386 2389//2389 45//45
f 2370//2370 45//45 2389//2389
f 2392//2392 2396//2396 620//620
f 2395//2395 620//620 2396//2396
f 2401//2401 2400//2400 1538//1538
f 16//16 1538//1538 2400//2400
f 623//623 2403//2403 2406//2406
f 2407//2407 2406//2406 2403//2403
f 104//104 2410//2410 1500//1500
f 2413//2413 1500//1500 2410//2410
f 625//625 2415//2415 2417//2417
f 2418//2418 2417//2417 2415//2415
f 12//12 2420//2420 1487//1487
f 2423//2423 1487//1487 2420//2420
f 627//627 2425//2425 2427//2427
f 2428//2428 2427//2427 2425//2425
f 44//44 2430//2430 2354//2354
f 2433//2433 2354//2354 2430//2430
f 631//631 2436//2436 2440//2440
f 2441//2441 2440//2440 2436//2436
f 2447//2447 2435//2435 2444//2444
f 170//170 2444//2444 2435//2435
f 2453//2453 2452//2452 2449//2449
f 634//634 2449//2449 2452//2452
f 1555//1555 2458//2458 17//17
f 1470//1470 17//17 2458//2458
f 2460//2460 2464//2464 636//636
f 2463//2463 636//636 2464//2464
f 2400//2400 2468//2468 16//16
f 1539//1539 16//16 2468//2468
f 2474//2474 2473//2473 2470//2470
f 638//638 2470//2470 2473//2473
f 2386//2386 45//45 2478//2478
f 2369//2369 2478//2478 45//45
f 2479//2479 2482//2482 639//639
f 2481//2481 639//639 2482//2482
f 2484//2484 2487//2487 37//37
f 2206//2206 37//37 2487//2487
f 2490//2490 2495//2495 643//643
f 2494//2494 643//643 2495//2495
f 2498//2498 2502//2502 31//31
f 2501//2501 31//31 2502//2502
f 2505//2505 2509//2509 647//647
f 2508//2508 647//647 2509//2509
f 30//30 2013//2013 2514//2514
f 2515//2515 2514//2514 2013//2013
f 650//650 2517//2517 2520//2520
f 2521//2521 2520//2520 2517//2517
f 2527//2527 2444//2444 2524//2524
f 170//170 2524//2524 2444//2444
f 2532//2532 2531//2531 2529//2529
f 652//652 2529//2529 2531//2531
f 44//44 2221//2221 2430//2430
f 2536//2536 2430//2430 2221//2221
f 653//653 2537//2537 2539//2539
f 2540//2540 2539//2539 2537//2537
f 2546//2546 2545//2545 2542//2542
f 26//26 2542//2542 2545//2545
f 658//658 2549//2549 2553//2553
f 2554//2554 2553//2553 2549//2549
f 2561//2561 2560//2560 2242//2242
f 40//40 2242//2242 2560//2560
f 2567//2567 2566//2566 2563//2563
f 661//661 2563//2563 2566//2566
f 2570//2570 2573//2573 39//39
f 2224//2224 39//39 2573//2573
f 2576//2576 2580//2580 664//664
f 2579//2579 664//664 2580//2580
f 8//8 1705//1705 2584//2584
f 2585//2585 2584//2584 1705//1705
f 667//667 2587//2587 2590//2590
f 2591//2591 2590//2590 2587//2587
f 2594//2594 2597//2597 25//25
f 1689//1689 25//25 2597//2597
f 2599//2599 2602//2602 669//669
f 2601//2601 669//669 2602//2602
f 31//31 2501//2501 2606//2606
f 2607//2607 2606//2606 2501//2501
f 673//673 2609//2609 2613//2613
f 2614//2614 2613//2613 2609//2609
f 2488//2488 2620//2620 172//172
f 2608//2608 172//172 2620//2620
f 2621//2621 2625//2625 675//675
f 2624//2624 675//675 2625//2625
f 180//180 2626//2626 2630//2630
f 2631//2631 2630//2630 2626//2626
f 677//677 2632//2632 2634//2634
f 2635//2635 2634//2634 2632//2632
f 2641//2641 2640//2640 2615//2615
f 179//179 2615//2615 2640//2640
f 679//679 2642//2642 2644//2644
f 2645//2645 2644//2644 2642//2642
f 2584//2584 2650//2650 8//8
f 2034//2034 8//8 2650//2650
f 2652//2652 2657//2657 682//682
f 2656//2656 682//682 2657//2657
f 2574//2574 2662//2662 176//176
f 2651//2651 176//176 2662//2662
f 684//684 2663//2663 2666//2666
f 2667//2667 2666//2666 2663//2663
f 2672//2672 181//181 2673//2673
f 2668//2668 2673//2673 181//181
f 686//686 2674//2674 2676//2676
f 2677//2677 2676//2676 2674//2674
f 2658//2658 2682//2682 140//140
f 2054//2054 140//140 2682//2682
f 2683//2683 2686//2686 687//687
f 2685//2685 687//687 2686//2686
f 2150//2150 38//38 2691//2691
f 2688//2688 2691//2691 38//38
f 2698//2698 691//691 2699//2699
f 2694//2694 2699//2699 691//691
f 182//182 2702//2702 2693//2693
f 2705//2705 2693//2693 2702//2702
f 694//694 2707//2707 2710//2710
f 2711//2711 2710//2710 2707//2707
f 2716//2716 184//184 2717//2717
f 2712//2712 2717//2717 184//184
f 2718//2718 2722//2722 697//697
f 2721//2721 697//697 2722//2722
f 2700//2700 2728//2728 149//149
f 2162//2162 149//149 2728//2728
f 2729//2729 2733//2733 699//699
f 2732//2732 699//699 2733//2733
f 41//41 2736//2736 2260//2260
f 2739//2739 2260//2260 2736//2736
f 703//703 2742//2742 2746//2746
f 2747//2747 2746//2746 2742//2742
f 185//185 2750//2750 2741//2741
f 2753//2753 2741//2741 2750//2750
f 706//706 2755//2755 2758//2758
f 2759//2759 2758//2758 2755//2755
f 2764//2764 186//186 2765//2765
f 2760//2760 2765//2765 186//186
f 2766//2766 2769//2769 708//708
f 2768//2768 708//708 2769//2769
f 159//159 2748//2748 2266//2266
f 2774//2774 2266//2266 2748//2748
f 2777//2777 709//709 2778//2778
f 2775//2775 2778//2778 709//709
f 36//36 2780//2780 2308//2308
f 2783//2783 2308//2308 2780//2780
f 2790//2790 713//713 2791//2791
f 2786//2786 2791//2791 713//713
f 2785//2785 187//187 2797//2797
f 2794//2794 2797//2797 187//187
f 2803//2803 2802//2802 2799//2799
f 716//716 2799//2799 2802//2802
f 188//188 2804//2804 2808//2808
f 2809//2809 2808//2808 2804//2804
f 2812//2812 718//718 2813//2813
f 2810//2810 2813//2813 718//718
f 2319//2319 162//162 2818//2818
f 2792//2792 2818//2818 162//162
f 719//719 2819//2819 2821//2821
f 2822//2822 2821//2821 2819//2819
f 43//43 2734//2734 2168//2168
f 2826//2826 2168//2168 2734//2734
f 722//722 2828//2828 2832//2832
f 2833//2833 2832//2832 2828//2828
f 183//183 2723//2723 2827//2827
f 2838//2838 2827//2827 2723//2723
f 724//724 2839//2839 2842//2842
f 2843//2843 2842//2842 2839//2839
f 189//189 2844//2844 2848//2848
f 2849//2849 2848//2848 2844//2844
f 2850//2850 2853//2853 726//726
f 2852//2852 726//726 2853//2853
f 152//152 2834//2834 2184//2184
f 2858//2858 2184//2184 2834//2834
f 727//727 2859//2859 2861//2861
f 2862//2862 2861//2861 2859//2859
f 2864//2864 2868//2868 47//47
f 2867//2867 47//47 2868//2868
f 2875//2875 732//732 2876//2876
f 2871//2871 2876//2876 732//732
f 2870//2870 190//190 2883//2883
f 2880//2880 2883//2883 190//190
f 2890//2890 736//736 2891//2891
f 2886//2886 2891//2891 736//736
f 2896//2896 194//194 2897//2897
f 2892//2892 2897//2897 194//194
f 2903//2903 740//740 2904//2904
f 2899//2899 2904//2904 740//740
f 2910//2910 193//193 2911//2911
f 2877//2877 2911//2911 193//193
f 2915//2915 743//743 2916//2916
f 2912//2912 2916//2916 743//743
f 49//49 2917//2917 2922//2922
f 2923//2923 2922//2922 2917//2917
f 2925//2925 2930//2930 747//747
f 2929//2929 747//747 2930//2930
f 2924//2924 192//192 2936//2936
f 2905//2905 2936//2936 192//192
f 2942//2942 750//750 2943//2943
f 2938//2938 2943//2943 750//750
f 2948//2948 198//198 2949//2949
f 2944//2944 2949//2949 198//198
f 2955//2955 754//754 2956//2956
f 2951//2951 2956//2956 754//754
f 2931//2931 2963//2963 197//197
f 2962//2962 197//197 2963//2963
f 2964//2964 2968//2968 757//757
f 2967//2967 757//757 2968//2968
f 49//49 2922//2922 2974//2974
f 2975//2975 2974//2974 2922//2922
f 761//761 2977//2977 2981//2981
f 2982//2982 2981//2981 2977//2977
f 197//197 2962//2962 2976//2976
f 2988//2988 2976//2976 2962//2962
f 764//764 2990//2990 2994//2994
f 2995//2995 2994//2994 2990//2990
f 202//202 2996//2996 3000//3000
f 3001//3001 3000//3000 2996//2996
f 768//768 3003//3003 3007//3007
f 3008//3008 3007//3007 3003//3003
f 201//201 2983//2983 3014//3014
f 3015//3015 3014//3014 2983//2983
f 771//771 3016//3016 3019//3019
f 3020//3020 3019//3019 3016//3016
f 51//51 3024//3024 2989//2989
f 3027//3027 2989//2989 3024//3024
f 775//775 3030//3030 3034//3034
f 3035//3035 3034//3034 3030//3030
f 203//203 3038//3038 3029//3029
f 3041//3041 3029//3029 3038//3038
f 3044//3044 3049//3049 779//779
f 3048//3048 779//779 3049//3049
f 206//206 3050//3050 3054//3054
f 3055//3055 3054//3054 3050//3050
f 783//783 3057//3057 3061//3061
f 3062//3062 3061//3061 3057//3057
f 199//199 3036//3036 3002//3002
f 3068//3068 3002//3002 3036//3036
f 785//785 3069//3069 3072//3072
f 3073//3073 3072//3072 3069//3069
f 52//52 3042//3042 3078//3078
f 3079//3079 3078//3078 3042//3042
f 789//789 3081//3081 3085//3085
f 3086//3086 3085//3085 3081//3081
f 2969//2969 3092//3092 51//51
f 3024//3024 51//51 3092//3092
f 3094//3094 3098//3098 791//791
f 3097//3097 791//791 3098//3098
f 3103//3103 2954//2954 3100//3100
f 50//50 3100//3100 2954//2954
f 3110//3110 3109//3109 3106//3106
f 794//794 3106//3106 3109//3109
f 3112//3112 3116//3116 59//59
f 3115//3115 59//59 3116//3116
f 3123//3123 3122//3122 3119//3119
f 798//798 3119//3119 3122//3122
f 57//57 3126//3126 3129//3129
f 3130//3130 3129//3129 3126//3126
f 3135//3135 3134//3134 3132//3132
f 801//801 3132//3132 3134//3134
f 58//58 3138//3138 3141//3141
f 3142//3142 3141//3141 3138//3138
f 806//806 3145//3145 3149//3149
f 3150//3150 3149//3149 3145//3145
f 3144//3144 211//211 3157//3157
f 3154//3154 3157//3157 211//211
f 3160//3160 3165//3165 810//810
f 3164//3164 810//810 3165//3165
f 3166//3166 3171//3171 215//215
f 3170//3170 215//215 3171//3171
f 3173//3173 3178//3178 814//814
f 3177//3177 814//814 3178//3178
f 214//214 3151//3151 3184//3184
f 3185//3185 3184//3184 3151//3151
f 3190//3190 3189//3189 3186//3186
f 817//817 3186//3186 3189//3189
f 3196//3196 3112//3112 3191//3191
f 59//59 3191//3191 3112//3112
f 3203//3203 3202//3202 3198//3198
f 820//820 3198//3198 3202//3202
f 213//213 3179//3179 3197//3197
f 3208//3208 3197//3197 3179//3179
f 823//823 3210//3210 3214//3214
f 3215//3215 3214//3214 3210//3210
f 218//218 3216//3216 3220//3220
f 3221//3221 3220//3220 3216//3216
f 827//827 3223//3223 3227//3227
f 3228//3228 3227//3227 3223//3223
f 3234//3234 3136//3136 3204//3204
f 208//208 3204//3204 3136//3136
f 3239//3239 3238//3238 3235//3235
f 829//829 3235//3235 3238//3238
f 3245//3245 3244//3244 3225//3225
f 60//60 3225//3225 3244//3244
f 833//833 3247//3247 3251//3251
f 3252//3252 3251//3251 3247//3247
f 216//216 3212//3212 3246//3246
f 3258//3258 3246//3246 3212//3212
f 835//835 3259//3259 3262//3262
f 3263//3263 3262//3262 3259//3259
f 221//221 3264//3264 3268//3268
f 3269//3269 3268//3268 3264//3264
f 3270//3270 3274//3274 838//838
f 3273//3273 838//838 3274//3274
f 220//220 3253//3253 3280//3280
f 3281//3281 3280//3280 3253//3253
f 841//841 3282//3282 3285//3285
f 3286//3286 3285//3285 3282//3282
f 3290//3290 3293//3293 28//28
f 1568//1568 28//28 3293//3293
f 3300//3300 845//845 3301//3301
f 3296//3296 3301//3301 845//845
f 3304//3304 3307//3307 222//222
f 3295//3295 222//222 3307//3307
f 3309//3309 3313//3313 848//848
f 3312//3312 848//848 3313//3313
f 3314//3314 3319//3319 224//224
f 3318//3318 224//224 3319//3319
f 3320//3320 3324//3324 851//851
f 3323//3323 851//851 3324//3324
f 1584//1584 110//110 3330//3330
f 3302//3302 3330//3330 110//110
f 3334//3334 853//853 3335//3335
f 3331//3331 3335//3335 853//853
f 3338//3338 3341//3341 29//29
f 1620//1620 29//29 3341//3341
f 3344//3344 3349//3349 857//857
f 3348//3348 857//857 3349//3349
f 225//225 3352//3352 3343//3343
f 3355//3355 3343//3343 3352//3352
f 3357//3357 3361//3361 860//860
f 3360//3360 860//860 3361//3361
f 3362//3362 3367//3367 226//226
f 3366//3366 226//226 3367//3367
f 3368//3368 3371//3371 862//862
f 3370//3370 862//862 3371//3371
f 3350//3350 3376//3376 114//114
f 1636//1636 114//114 3376//3376
f 3377//3377 3380//3380 863//863
f 3379//3379 863//863 3380//3380
f 19//19 3382//3382 1668//1668
f 3385//3385 1668//1668 3382//3382
f 3388//3388 3393//3393 867//867
f 3392//3392 867//867 3393//3393
f 3396//3396 3399//3399 227//227
f 3387//3387 227//227 3399//3399
f 3402//3402 3407//3407 871//871
f 3406//3406 871//871 3407//3407
f 3408//3408 3413//3413 230//230
f 3412//3412 230//230 3413//3413
f 3415//3415 3420//3420 875//875
f 3419//3419 875//875 3420//3420
f 3394//3394 3426//3426 117//117
f 1684//1684 117//117 3426//3426
f 3427//3427 3431//3431 877//877
f 3430//3430 877//877 3431//3431
f 3434//3434 3437//3437 20//20
f 1724//1724 20//20 3437//3437
f 3444//3444 881//881 3445//3445
f 3440//3440 3445//3445 881//881
f 3439//3439 231//231 3451//3451
f 3448//3448 3451//3451 231//231
f 884//884 3453//3453 3456//3456
f 3457//3457 3456//3456 3453//3453
f 3463//3463 3462//3462 3458//3458
f 232//232 3458//3458 3462//3462
f 3464//3464 3467//3467 886//886
f 3466//3466 886//886 3467//3467
f 122//122 3446//3446 1740//1740
f 3472//3472 1740//1740 3446//3446
f 3473//3473 3476//3476 887//887
f 3475//3475 887//887 3476//3476
f 1772//1772 21//21 3481//3481
f 3478//3478 3481//3481 21//21
f 3484//3484 3489//3489 891//891
f 3488//3488 891//891 3489//3489
f 3492//3492 3495//3495 233//233
f 3483//3483 233//233 3495//3495
f 3497//3497 3501//3501 894//894
f 3500//3500 894//894 3501//3501
f 3502//3502 3507//3507 235//235
f 3506//3506 235//235 3507//3507
f 3508//3508 3512//3512 897//897
f 3511//3511 897//897 3512//3512
f 1788//1788 125//125 3518//3518
f 3490//3490 3518//3518 125//125
f 3519//3519 3523//3523 899//899
f 3522//3522 899//899 3523//3523
f 1824//1824 22//22 3528//3528
f 3524//3524 3528//3528 22//22
f 3530//3530 3535//3535 902//902
f 3534//3534 902//902 3535//3535
f 3513//3513 3540//3540 234//234
f 3529//3529 234//234 3540//3540
f 3541//3541 3545//3545 904//904
f 3544//3544 904//904 3545//3545
f 3546//3546 3551//3551 237//237
f 3550//3550 237//237 3551//3551
f 907//907 3552//3552 3555//3555
f 3556//3556 3555//3555 3552//3552
f 1838//1838 129//129 3562//3562
f 3536//3536 3562//3562 129//129
f 3567//3567 3566//3566 3563//3563
f 909//909 3563//3563 3566//3566
f 3572//3572 1872//1872 3568//3568
f 23//23 3568//3568 1872//1872
f 912//912 3574//3574 3578//3578
f 3579//3579 3578//3578 3574//3574
f 236//236 3557//3557 3573//3573
f 3584//3584 3573//3573 3557//3557
f 914//914 3585//3585 3588//3588
f 3589//3589 3588//3588 3585//3585
f 239//239 3590//3590 3594//3594
f 3595//3595 3594//3594 3590//3590
f 917//917 3596//3596 3599//3599
f 3600//3600 3599//3599 3596//3596
f 3606//3606 1886//1886 3580//3580
f 132//132 3580//3580 1886//1886
f 3611//3611 3610//3610 3607//3607
f 919//919 3607//3607 3610//3610
f 3616//3616 1920//1920 3612//3612
f 24//24 3612//3612 1920//1920
f 3618//3618 3623//3623 922//922
f 3622//3622 922//922 3623//3623
f 3628//3628 3617//3617 3601//3601
f 238//238 3601//3601 3617//3617
f 3629//3629 3633//3633 924//924
f 3632//3632 924//924 3633//3633
f 3634//3634 3639//3639 240//240
f 3638//3638 240//240 3639//3639
f 3640//3640 3643//3643 926//926
f 3642//3642 926//926 3643//3643
f 3624//3624 3648//3648 135//135
f 1934//1934 135//135 3648//3648
f 3649//3649 3652//3652 927//927
f 3651//3651 927//927 3652//3652
f 1966//1966 3656//3656 29//29
f 3338//3338 29//29 3656//3656
f 3658//3658 3663//3663 930//930
f 3662//3662 930//930 3663//3663
f 3669//3669 2010//2010 3666//3666
f 30//30 3666//3666 2010//2010
f 933//933 3672//3672 3675//3675
f 3676//3676 3675//3675 3672//3672
f 3141//3141 3681//3681 58//58
f 3680//3680 58//58 3681//3681
f 3683//3683 3687//3687 936//936
f 3686//3686 936//936 3687//3687
f 59//59 3115//3115 3192//3192
f 3692//3692 3192//3192 3115//3115
f 938//938 3694//3694 3697//3697
f 3698//3698 3697//3697 3694//3694
f 3100//3100 50//50 3702//3702
f 3356//3356 3702//3702 50//50
f 3706//3706 3705//3705 3703//3703
f 939//939 3703//3703 3705//3705
f 52//52 3078//3078 3401//3401
f 3710//3710 3401//3401 3078//3078
f 942//942 3712//3712 3716//3716
f 3717//3717 3716//3716 3712//3712
f 3720//3720 3723//3723 57//57
f 3126//3126 57//57 3723//3723
f 3726//3726 3730//3730 945//945
f 3729//3729 945//945 3730//3730
f 53//53 3417//3417 3734//3734
f 3735//3735 3734//3734 3417//3417
f 947//947 3736//3736 3738//3738
f 3739//3739 3738//3738 3736//3736
f 3746//3746 3745//3745 3742//3742
f 67//67 3742//3742 3745//3745
f 3749//3749 3754//3754 952//952
f 3753//3753 952//952 3754//3754
f 3758//3758 3761//3761 245//245
f 3748//3748 245//245 3761//3761
f 3764//3764 3769//3769 956//956
f 3768//3768 956//956 3769//3769
f 3770//3770 3775//3775 249//249
f 3774//3774 249//249 3775//3775
f 960//960 3777//3777 3781//3781
f 3782//3782 3781//3781 3777//3777
f 3755//3755 3789//3789 248//248
f 3788//3788 248//248 3789//3789
f 3790//3790 3794//3794 963//963
f 3793//3793 963//963 3794//3794
f 3798//3798 3802//3802 74//74
f 3801//3801 74//74 3802//3802
f 3805//3805 3810//3810 968//968
f 3809//3809 968//968 3810//3810
f 3814//3814 3817//3817 250//250
f 3804//3804 250//250 3817//3817
f 3825//3825 3824//3824 3820//3820
f 972//972 3820//3820 3824//3824
f 3826//3826 3831//3831 254//254
f 3830//3830 254//254 3831//3831
f 976//976 3833//3833 3837//3837
f 3838//3838 3837//3837 3833//3833
f 3811//3811 3845//3845 253//253
f 3844//3844 253//253 3845//3845
f 3846//3846 3850//3850 979//979
f 3849//3849 979//979 3850//3850
f 75//75 3854//3854 3857//3857
f 3858//3858 3857//3857 3854//3854
f 984//984 3861//3861 3865//3865
f 3866//3866 3865//3865 3861//3861
f 255//255 3870//3870 3860//3860
f 3873//3873 3860//3860 3870//3870
f 988//988 3876//3876 3880//3880
f 3881//3881 3880//3880 3876//3876
f 259//259 3882//3882 3886//3886
f 3887//3887 3886//3886 3882//3882
f 992//992 3889//3889 3893//3893
f 3894//3894 3893//3893 3889//3889
f 3867//3867 3901//3901 258//258
f 3900//3900 258//258 3901//3901
f 995//995 3902//3902 3905//3905
f 3906//3906 3905//3905 3902//3902
f 71//71 3851//3851 3912//3912
f 3913//3913 3912//3912 3851//3851
f 3919//3919 999//999 3920//3920
f 3915//3915 3920//3920 999//999
f 3924//3924 3928//3928 260//260
f 3927//3927 260//260 3928//3928
f 3930//3930 3933//3933 1002//1002
f 3932//3932 1002//1002 3933//3933
f 3938//3938 263//263 3939//3939
f 3929//3929 3939//3939 263//263
f 3945//3945 1006//1006 3946//3946
f 3941//3941 3946//3946 1006//1006
f 262//262 3921//3921 3952//3952
f 3953//3953 3952//3952 3921//3921
f 3954//3954 3958//3958 1009//1009
f 3957//3957 1009//1009 3958//3958
f 3964//3964 72//72 3965//3965
f 3959//3959 3965//3965 72//72
f 3971//3971 1013//1013 3972//3972
f 3967//3967 3972//3972 1013//1013
f 3966//3966 261//261 3978//3978
f 3947//3947 3978//3978 261//261
f 1016//1016 3980//3980 3984//3984
f 3985//3985 3984//3984 3980//3980
f 266//266 3986//3986 3990//3990
f 3991//3991 3990//3990 3986//3986
f 3996//3996 1019//1019 3997//3997
f 3993//3993 3997//3997 1019//1019
f 4003//4003 4002//4002 3973//3973
f 265//265 3973//3973 4002//4002
f 4007//4007 4006//4006 4004//4004
f 1021//1021 4004//4004 4006//4006
f 74//74 4010//4010 3798//3798
f 4013//4013 3798//3798 4010//4010
f 1025//1025 4016//4016 4020//4020
f 4021//4021 4020//4020 4016//4016
f 4024//4024 4027//4027 267//267
f 4015//4015 267//267 4027//4027
f 4030//4030 4035//4035 1029//1029
f 4034//4034 1029//1029 4035//4035
f 4036//4036 4041//4041 269//269
f 4040//4040 269//269 4041//4041
f 4043//4043 4047//4047 1032//1032
f 4046//4046 1032//1032 4047//4047
f 250//250 4022//4022 3814//3814
f 4052//4052 3814//3814 4022//4022
f 1033//1033 4053//4053 4055//4055
f 4056//4056 4055//4055 4053//4053
f 4058//4058 4061//4061 74//74
f 4010//4010 74//74 4061//4061
f 1037//1037 4064//4064 4068//4068
f 4069//4069 4068//4068 4064//4064
f 57//57 3240//3240 4074//4074
f 4075//4075 4074//4074 3240//3240
f 1040//1040 4077//4077 4080//4080
f 4081//4081 4080//4080 4077//4077
f 220//220 4084//4084 3254//3254
f 4087//4087 3254//3254 4084//4084
f 1042//1042 4089//4089 4091//4091
f 4092//4092 4091//4091 4089//4089
f 4097//4097 3288//3288 4094//4094
f 61//61 4094//4094 3288//3288
f 1045//1045 4100//4100 4103//4103
f 4104//4104 4103//4103 4100//4100
f 4108//4108 77//77 4109//4109
f 4028//4028 4109//4109 77//77
f 4110//4110 4113//4113 1047//1047
f 4112//4112 1047//1047 4113//4113
f 76//76 4045//4045 4118//4118
f 4119//4119 4118//4118 4045//4045
f 1051//1051 4121//4121 4125//4125
f 4126//4126 4125//4125 4121//4121
f 4108//4108 4132//4132 77//77
f 4029//4029 77//77 4132//4132
f 4134//4134 4138//4138 1053//1053
f 4137//4137 1053//1053 4138//4138
f 3287//3287 4142//4142 61//61
f 4094//4094 61//61 4142//4142
f 4148//4148 4147//4147 4144//4144
f 1055//1055 4144//4144 4147//4147
f 3158//3158 4152//4152 62//62
f 3272//3272 62//62 4152//4152
f 4157//4157 1057//1057 4158//4158
f 4154//4154 4158//4158 1057//1057
f 4163//4163 4162//4162 4127//4127
f 273//273 4127//4127 4162//4162
f 4167//4167 4166//4166 4164//4164
f 1059//1059 4164//4164 4166//4166
f 3891//3891 4173//4173 69//69
f 4172//4172 69//69 4173//4173
f 4175//4175 4180//4180 1063//1063
f 4179//4179 1063//1063 4180//4180
f 76//76 4118//4118 3875//3875
f 4186//4186 3875//3875 4118//4118
f 1065//1065 4188//4188 4191//4191
f 4192//4192 4191//4191 4188//4188
f 241//241 4194//4194 3688//3688
f 4197//4197 3688//3688 4194//4194
f 1067//1067 4199//4199 4201//4201
f 4202//4202 4201//4201 4199//4199
f 30//30 2514//2514 3666//3666
f 4206//4206 3666//3666 2514//2514
f 1069//1069 4208//4208 4211//4211
f 4212//4212 4211//4211 4208//4208
f 4217//4217 2498//2498 4214//4214
f 31//31 4214//4214 2498//2498
f 4222//4222 4221//4221 4219//4219
f 1071//1071 4219//4219 4221//4221
f 2545//2545 4227//4227 26//26
f 4226//4226 26//26 4227//4227
f 1075//1075 4229//4229 4233//4233
f 4234//4234 4233//4233 4229//4229
f 3432//3432 4240//4240 25//25
f 2594//2594 25//25 4240//4240
f 4242//4242 4246//4246 1077//1077
f 4245//4245 1077//1077 4246//4246
f 53//53 4248//4248 3418//3418
f 4251//4251 3418//3418 4248//4248
f 1080//1080 4254//4254 4257//4257
f 4258//4258 4257//4257 4254//4254
f 4262//4262 71//71 4263//4263
f 3912//3912 4263//4263 71//71
f 4268//4268 1083//1083 4269//4269
f 4265//4265 4269//4269 1083//1083
f 4275//4275 3960//3960 4272//4272
f 72//72 4272//4272 3960//3960
f 4280//4280 4279//4279 4277//4277
f 1085//1085 4277//4277 4279//4279
f 31//31 2606//2606 4214//4214
f 4284//4284 4214//4214 2606//2606
f 1088//1088 4286//4286 4290//4290
f 4291//4291 4290//4290 4286//4286
f 4296//4296 4285//4285 2640//2640
f 179//179 2640//2640 4285//4285
f 1090//1090 4297//4297 4300//4300
f 4301//4301 4300//4300 4297//4297
f 280//280 4302//4302 4306//4306
f 4307//4307 4306//4306 4302//4302
f 1092//1092 4308//4308 4310//4310
f 4311//4311 4310//4310 4308//4308
f 4292//4292 4316//4316 275//275
f 4182//4182 275//275 4316//4316
f 4317//4317 4320//4320 1093//1093
f 4319//4319 1093//1093 4320//4320
f 3734//3734 4324//4324 53//53
f 4248//4248 53//53 4324//4324
f 4326//4326 4331//4331 1096//1096
f 4330//4330 1096//1096 4331//4331
f 3724//3724 4336//4336 243//243
f 4325//4325 243//243 4336//4336
f 4337//4337 4341//4341 1098//1098
f 4340//4340 1098//1098 4341//4341
f 4342//4342 4347//4347 281//281
f 4346//4346 281//281 4347//4347
f 1100//1100 4348//4348 4350//4350
f 4351//4351 4350//4350 4348//4348
f 4332//4332 4356//4356 277//277
f 4270//4270 277//277 4356//4356
f 1101//1101 4357//4357 4359//4359
f 4360//4360 4359//4359 4357//4357
f 3835//3835 4365//4365 70//70
f 4364//4364 70//70 4365//4365
f 4367//4367 4372//4372 1105//1105
f 4371//4371 1105//1105 4372//4372
f 3822//3822 4378//4378 251//251
f 4366//4366 251//251 4378//4378
f 4380//4380 4385//4385 1108//1108
f 4384//4384 1108//1108 4385//4385
f 4386//4386 4391//4391 284//284
f 4390//4390 284//284 4391//4391
f 4393//4393 4397//4397 1111//1111
f 4396//4396 1111//1111 4397//4397
f 283//283 4373//4373 4402//4402
f 4403//4403 4402//4402 4373//4373
f 1113//1113 4404//4404 4406//4406
f 4407//4407 4406//4406 4404//4404
f 73//73 3943//3943 4412//4412
f 4413//4413 4412//4412 3943//3943
f 1117//1117 4415//4415 4419//4419
f 4420//4420 4419//4419 4415//4415
f 260//260 3927//3927 4414//4414
f 4426//4426 4414//4414 3927//3927
f 4427//4427 4431//4431 1119//1119
f 4430//4430 1119//1119 4431//4431
f 4432//4432 4437//4437 286//286
f 4436//4436 286//286 4437//4437
f 4438//4438 4441//4441 1121//1121
f 4440//4440 1121//1121 4441//4441
f 285//285 4421//4421 4446//4446
f 4447//4447 4446//4446 4421//4421
f 1123//1123 4448//4448 4450//4450
f 4451//4451 4450//4450 4448//4448
f 68//68 3995//3995 4456//4456
f 4457//4457 4456//4456 3995//3995
f 4459//4459 4464//4464 1127//1127
f 4463//4463 1127//1127 4464//4464
f 3982//3982 4470//4470 264//264
f 4458//4458 264//264 4470//4470
f 1129//1129 4471//4471 4474//4474
f 4475//4475 4474//4474 4471//4471
f 288//288 4476//4476 4480//4480
f 4481//4481 4480//4480 4476//4476
f 4482//4482 4485//4485 1131//1131
f 4484//4484 1131//1131 4485//4485
f 4465//4465 4491//4491 287//287
f 4490//4490 287//287 4491//4491
f 4495//4495 4494//4494 4492//4492
f 1133//1133 4492//4492 4494//4494
f 75//75 3857//3857 4379//4379
f 4500//4500 4379//4379 3857//3857
f 1136//1136 4502//4502 4506//4506
f 4507//4507 4506//4506 4502//4502
f 258//258 3900//3900 4501//4501
f 4512//4512 4501//4501 3900//3900
f 1138//1138 4513//4513 4516//4516
f 4517//4517 4516//4516 4513//4513
f 289//289 4518//4518 4522//4522
f 4523//4523 4522//4522 4518//4518
f 4524//4524 4527//4527 1140//1140
f 4526//4526 1140//1140 4527//4527
f 282//282 4508//4508 4392//4392
f 4532//4532 4392//4392 4508//4508
f 1141//1141 4533//4533 4535//4535
f 4536//4536 4535//4535 4533//4533
f 1143//1143 290//290 1150//1150
f 1147//1147 1150//1150 290//290
f 1144//1144 1157//1157 293//293
f 1156//1156 293//293 1157//1157
f 1162//1162 1165//1165 295//295
f 1159//1159 295//295 1165//1165
f 1160//1160 1171//1171 291//291
f 1151//1151 291//291 1171//1171
f 1167//1167 1178//1178 297//297
f 1172//1172 297//297 1178//1178
f 1173//1173 1185//1185 301//301
f 1184//1184 301//301 1185//1185
f 1152//1152 1191//1191 292//292
f 1186//1186 292//292 1191//1191
f 1187//1187 1197//1197 304//304
f 1196//1196 304//304 1197//1197
f 1202//1202 1205//1205 306//306
f 1199//1199 306//306 1205//1205
f 1200//1200 1211//1211 296//296
f 1166//1166 296//296 1211//1211
f 1216//1216 1219//1219 310//310
f 1213//1213 310//310 1219//1219
f 1214//1214 1225//1225 307//307
f 1206//1206 307//307 1225//1225
f 1221//1221 1232//1232 312//312
f 1226//1226 312//312 1232//1232
f 1227//1227 1239//1239 316//316
f 1238//1238 316//316 1239//1239
f 1207//1207 1244//1244 308//308
f 1240//1240 308//308 1244//1244
f 1241//1241 1249//1249 299//299
f 1179//1179 299//299 1249//1249
f 320//320 1254//1254 1251//1251
f 1257//1257 1251//1251 1254//1254
f 306//306 1252//1252 1202//1202
f 1263//1263 1202//1202 1252//1252
f 324//324 1268//1268 1265//1265
f 1271//1271 1265//1265 1268//1268
f 321//321 1266//1266 1258//1258
f 1277//1277 1258//1258 1266//1266
f 326//326 1273//1273 1278//1278
f 1284//1284 1278//1278 1273//1273
f 330//330 1279//1279 1290//1290
f 1291//1291 1290//1290 1279//1279
f 322//322 1259//1259 1292//1292
f 1296//1296 1292//1292 1259//1259
f 310//310 1293//1293 1216//1216
f 1301//1301 1216//1216 1293//1293
f 332//332 1297//1297 1302//1302
f 1308//1308 1302//1302 1297//1297
f 336//336 1303//1303 1314//1314
f 1315//1315 1314//1314 1303//1303
f 329//329 1286//1286 1316//1316
f 1321//1321 1316//1316 1286//1286
f 334//334 1317//1317 1309//1309
f 1327//1327 1309//1309 1317//1317
f 339//339 1323//1323 1328//1328
f 1334//1334 1328//1328 1323//1323
f 343//343 1329//1329 1340//1340
f 1341//1341 1340//1340 1329//1329
f 335//335 1310//1310 1342//1342
f 1347//1347 1342//1342 1310//1310
f 1343//1343 1353//1353 346//346
f 1352//1352 346//346 1353//1353
f 1361//1361 1355//1355 1358//1358
f 348//348 1358//1358 1355//1355
f 346//346 1356//1356 1344//1344
f 1367//1367 1344//1344 1356//1356
f 352//352 1373//1373 1369//1369
f 1376//1376 1369//1369 1373//1373
f 354//354 1370//1370 1380//1380
f 1381//1381 1380//1380 1370//1370
f 1383//1383 356//356 1390//1390
f 1387//1387 1390//1390 356//356
f 1394//1394 358//358 1395//1395
f 1384//1384 1395//1395 358//358
f 1402//1402 1396//1396 1230//1230
f 314//314 1230//1230 1396//1396
f 361//361 1397//1397 1406//1406
f 1407//1407 1406//1406 1397//1397
f 1314//1314 1412//1412 336//336
f 1408//1408 336//336 1412//1412
f 1409//1409 1415//1415 311//311
f 1220//1220 311//311 1415//1415
f 364//364 1421//1421 1417//1417
f 1424//1424 1417//1417 1421//1421
f 367//367 1418//1418 1430//1430
f 1431//1431 1430//1430 1418//1418
f 369//369 1436//1436 1433//1433
f 1439//1439 1433//1433 1436//1436
f 365//365 1434//1434 1425//1425
f 1445//1445 1425//1425 1434//1434
f 371//371 1441//1441 1446//1446
f 1452//1452 1446//1446 1441//1441
f 1447//1447 1459//1459 375//375
f 1458//1458 375//375 1459//1459
f 1426//1426 1465//1465 366//366
f 1460//1460 366//366 1465//1465
f 1461//1461 1471//1471 378//378
f 1470//1470 378//378 1471//1471
f 1477//1477 1472//1472 1394//1394
f 358//358 1394//1394 1472//1472
f 370//370 1473//1473 1440//1440
f 1483//1483 1440//1440 1473//1473
f 1489//1489 1484//1484 1368//1368
f 352//352 1368//1368 1484//1484
f 1495//1495 1478//1478 1485//1485
f 380//380 1485//1485 1478//1478
f 384//384 1491//1491 1496//1496
f 1502//1502 1496//1496 1491//1491
f 388//388 1497//1497 1508//1508
f 1509//1509 1508//1508 1497//1497
f 381//381 1479//1479 1510//1510
f 1514//1514 1510//1510 1479//1479
f 373//373 1511//1511 1453//1453
f 1519//1519 1453//1453 1511//1511
f 392//392 1524//1524 1521//1521
f 1527//1527 1521//1521 1524//1524
f 1533//1533 1507//1507 1522//1522
f 387//387 1522//1522 1507//1507
f 396//396 1538//1538 1535//1535
f 1541//1541 1535//1535 1538//1538
f 393//393 1536//1536 1528//1528
f 1547//1547 1528//1528 1536//1536
f 398//398 1543//1543 1548//1548
f 1554//1554 1548//1548 1543//1543
f 1549//1549 1559//1559 401//401
f 1558//1558 401//401 1559//1559
f 394//394 1529//1529 1560//1560
f 1564//1564 1560//1560 1529//1529
f 390//390 1561//1561 1518//1518
f 1567//1567 1518//1518 1561//1561
f 1573//1573 1576//1576 404//404
f 1569//1569 404//404 1576//1576
f 1582//1582 407//407 1583//1583
f 1570//1570 1583//1583 407//407
f 1588//1588 1591//1591 409//409
f 1585//1585 409//409 1591//1591
f 1586//1586 1597//1597 405//405
f 1577//1577 405//405 1597//1597
f 1593//1593 1604//1604 411//411
f 1598//1598 411//411 1604//1604
f 1599//1599 1609//1609 414//414
f 1608//1608 414//414 1609//1609
f 1578//1578 1615//1615 406//406
f 1610//1610 406//406 1615//1615
f 1618//1618 416//416 1619//1619
f 1611//1611 1619//1619 416//416
f 1621//1621 418//418 1628//1628
f 1625//1625 1628//1628 418//418
f 421//421 1622//1622 1634//1634
f 1635//1635 1634//1634 1622//1622
f 1637//1637 423//423 1642//1642
f 1640//1640 1642//1642 423//423
f 1629//1629 419//419 1647//1647
f 1638//1638 1647//1647 419//419
f 1648//1648 424//424 1653//1653
f 1643//1643 1653//1653 424//424
f 1656//1656 426//426 1657//1657
f 1649//1649 1657//1657 426//426
f 1658//1658 420//420 1663//1663
f 1630//1630 1663//1663 420//420
f 1666//1666 428//428 1667//1667
f 1659//1659 1667//1667 428//428
f 1669//1669 430//430 1676//1676
f 1673//1673 1676//1676 430//430
f 1670//1670 1683//1683 433//433
f 1682//1682 433//433 1683//1683
f 1688//1688 1691//1691 435//435
f 1685//1685 435//435 1691//1691
f 1686//1686 1697//1697 431//431
f 1677//1677 431//431 1697//1697
f 1693//1693 1704//1704 437//437
f 1698//1698 437//437 1704//1704
f 1699//1699 1711//1711 441//441
f 1710//1710 441//441 1711//1711
f 1678//1678 1717//1717 432//432
f 1712//1712 432//432 1717//1717
f 1713//1713 1723//1723 444//444
f 1722//1722 444//444 1723//1723
f 1725//1725 446//446 1732//1732
f 1729//1729 1732//1732 446//446
f 1726//1726 1739//1739 449//449
f 1738//1738 449//449 1739//1739
f 1741//1741 451//451 1746//1746
f 1744//1744 1746//1746 451//451
f 1751//1751 1733//1733 1742//1742
f 447//447 1742//1742 1733//1733
f 1747//1747 1757//1757 452//452
f 1752//1752 452//452 1757//1757
f 1761//1761 1760//1760 1753//1753
f 454//454 1753//1753 1760//1760
f 1767//1767 1762//1762 1734//1734
f 448//448 1734//1734 1762//1762
f 1763//1763 1771//1771 456//456
f 1770//1770 456//456 1771//1771
f 1777//1777 1780//1780 458//458
f 1773//1773 458//458 1780//1780
f 1786//1786 461//461 1787//1787
f 1774//1774 1787//1787 461//461
f 1792//1792 1795//1795 463//463
f 1789//1789 463//463 1795//1795
f 1781//1781 459//459 1801//1801
f 1790//1790 1801//1801 459//459
f 1802//1802 465//465 1808//1808
f 1797//1797 1808//1808 465//465
f 1812//1812 468//468 1813//1813
f 1803//1803 1813//1813 468//468
f 1814//1814 460//460 1819//1819
f 1782//1782 1819//1819 460//460
f 1822//1822 470//470 1823//1823
f 1815//1815 1823//1823 470//470
f 1828//1828 1831//1831 472//472
f 1825//1825 472//472 1831//1831
f 1796//1796 464//464 1837//1837
f 1826//1826 1837//1837 464//464
f 1845//1845 1839//1839 1842//1842
f 476//476 1842//1842 1839//1839
f 1832//1832 473//473 1851//1851
f 1840//1840 1851//1851 473//473
f 478//478 1847//1847 1852//1852
f 1858//1858 1852//1852 1847//1847
f 481//481 1853//1853 1862//1862
f 1863//1863 1862//1862 1853//1853
f 1833//1833 1868//1868 474//474
f 1864//1864 474//474 1868//1868
f 1865//1865 1871//1871 467//467
f 1809//1809 467//467 1871//1871
f 1879//1879 1873//1873 1876//1876
f 484//484 1876//1876 1873//1873
f 477//477 1874//1874 1846//1846
f 1885//1885 1846//1846 1874//1874
f 1893//1893 1887//1887 1890//1890
f 488//488 1890//1890 1887//1887
f 485//485 1888//1888 1880//1880
f 1899//1899 1880//1880 1888//1888
f 490//490 1895//1895 1900//1900
f 1906//1906 1900//1900 1895//1895
f 493//493 1901//1901 1910//1910
f 1911//1911 1910//1910 1901//1901
f 486//486 1881//1881 1912//1912
f 1916//1916 1912//1912 1881//1881
f 480//480 1913//1913 1859//1859
f 1919//1919 1859//1859 1913//1913
f 1921//1921 496//496 1927//1927
f 1924//1924 1927//1927 496//496
f 1933//1933 1894//1894 1922//1922
f 489//489 1922//1922 1894//1894
f 1935//1935 500//500 1940//1940
f 1938//1938 1940//1940 500//500
f 1928//1928 497//497 1945//1945
f 1936//1936 1945//1945 497//497
f 1941//1941 1951//1951 501//501
f 1946//1946 501//501 1951//1951
f 1947//1947 1955//1955 503//503
f 1954//1954 503//503 1955//1955
f 1956//1956 498//498 1960//1960
f 1929//1929 1960//1960 498//498
f 1907//1907 492//492 1963//1963
f 1957//1957 1963//1963 492//492
f 1964//1964 421//421 1970//1970
f 1634//1634 1970//1970 421//421
f 508//508 1965//1965 1976//1976
f 1977//1977 1976//1976 1965//1965
f 1978//1978 361//361 1983//1983
f 1406//1406 1983//1983 361//361
f 1987//1987 1660//1660 1979//1979
f 428//428 1979//1979 1660//1660
f 369//369 1432//1432 1988//1988
f 1993//1993 1988//1988 1432//1432
f 356//356 1989//1989 1387//1387
f 1997//1997 1387//1387 1989//1989
f 2002//2002 2005//2005 514//514
f 1999//1999 514//514 2005//2005
f 2000//2000 2009//2009 364//364
f 1421//1421 364//364 2009//2009
f 2017//2017 2011//2011 2015//2015
f 517//517 2015//2015 2011//2011
f 2021//2021 2020//2020 2012//2012
f 518//518 2012//2012 2020//2020
f 443//443 1718//1718 2022//2022
f 2027//2027 2022//2022 1718//1718
f 348//348 2023//2023 1358//1358
f 2033//2033 1358//1358 2023//2023
f 523//523 2038//2038 2035//2035
f 2041//2041 2035//2035 2038//2038
f 2045//2045 1709//1709 2036//2036
f 440//440 2036//2036 1709//1709
f 1380//1380 2051//2051 354//354
f 2046//2046 354//354 2051//2051
f 2047//2047 2055//2055 526//526
f 2054//2054 526//526 2055//2055
f 2064//2064 2057//2057 2061//2061
f 528//528 2061//2061 2057//2057
f 531//531 2058//2058 2070//2070
f 2071//2071 2070//2070 2058//2058
f 2076//2076 2079//2079 533//533
f 2073//2073 533//533 2079//2079
f 2074//2074 2085//2085 529//529
f 2065//2065 529//529 2085//2085
f 2081//2081 2092//2092 535//535
f 2086//2086 535//535 2092//2092
f 2087//2087 2099//2099 539//539
f 2098//2098 539//539 2099//2099
f 2066//2066 2105//2105 530//530
f 2100//2100 530//530 2105//2105
f 2101//2101 2111//2111 542//542
f 2110//2110 542//542 2111//2111
f 2117//2117 2120//2120 544//544
f 2113//2113 544//544 2120//2120
f 2114//2114 2127//2127 547//547
f 2126//2126 547//547 2127//2127
f 2129//2129 549//549 2135//2135
f 2132//2132 2135//2135 549//549
f 2121//2121 545//545 2141//2141
f 2130//2130 2141//2141 545//545
f 2142//2142 551//551 2148//2148
f 2137//2137 2148//2148 551//551
f 2155//2155 2154//2154 2143//2143
f 555//555 2143//2143 2154//2154
f 2156//2156 546//546 2161//2161
f 2122//2122 2161//2161 546//546
f 2166//2166 558//558 2167//2167
f 2157//2157 2167//2167 558//558
f 560//560 2173//2173 2169//2169
f 2176//2176 2169//2169 2173//2173
f 563//563 2170//2170 2182//2182
f 2183//2183 2182//2182 2170//2170
f 2188//2188 2191//2191 565//565
f 2185//2185 565//565 2191//2191
f 561//561 2186//2186 2177//2177
f 2197//2197 2177//2177 2186//2186
f 567//567 2193//2193 2198//2198
f 2204//2204 2198//2198 2193//2193
f 571//571 2199//2199 2210//2210
f 2211//2211 2210//2210 2199//2199
f 562//562 2178//2178 2212//2212
f 2217//2217 2212//2212 2178//2178
f 574//574 2213//2213 2222//2222
f 2223//2223 2222//2222 2213//2213
f 2228//2228 2231//2231 576//576
f 2225//2225 576//576 2231//2231
f 2136//2136 550//550 2237//2237
f 2226//2226 2237//2237 550//550
f 580//580 2242//2242 2239//2239
f 2245//2245 2239//2239 2242//2242
f 2240//2240 2251//2251 577//577
f 2232//2232 577//577 2251//2251
f 2247//2247 2258//2258 582//582
f 2252//2252 582//582 2258//2258
f 2253//2253 2265//2265 586//586
f 2264//2264 586//586 2265//2265
f 2270//2270 2272//2272 588//588
f 2267//2267 588//588 2272//2272
f 2254//2254 586//586 2275//2275
f 2268//2268 2275//2275 586//586
f 2280//2280 2283//2283 590//590
f 2277//2277 590//590 2283//2283
f 2278//2278 2289//2289 581//581
f 2246//2246 581//581 2289//2289
f 2296//2296 2291//2291 2294//2294
f 594//594 2294//2294 2291//2291
f 2301//2301 2284//2284 2292//2292
f 591//591 2292//2292 2284//2284
f 2307//2307 2302//2302 2297//2297
f 595//595 2297//2297 2302//2302
f 598//598 2303//2303 2312//2312
f 2313//2313 2312//2312 2303//2303
f 2285//2285 2318//2318 592//592
f 2314//2314 592//592 2318//2318
f 2315//2315 2323//2323 584//584
f 2259//2259 584//584 2323//2323
f 547//547 2126//2126 2324//2324
f 2330//2330 2324//2324 2126//2126
f 2336//2336 604//604 2337//2337
f 2325//2325 2337//2337 604//604
f 558//558 2166//2166 2338//2338
f 2342//2342 2338//2338 2166//2166
f 602//602 2339//2339 2331//2331
f 2347//2347 2331//2331 2339//2339
f 606//606 2343//2343 2348//2348
f 2353//2353 2348//2348 2343//2343
f 2349//2349 2359//2359 609//609
f 2358//2358 609//609 2359//2359
f 2332//2332 2365//2365 603//603
f 2360//2360 603//603 2365//2365
f 2361//2361 2371//2371 612//612
f 2370//2370 612//612 2371//2371
f 2378//2378 2372//2372 2336//2336
f 604//604 2336//2336 2372//2372
f 2385//2385 2384//2384 2373//2373
f 616//616 2373//2373 2384//2384
f 2390//2390 2393//2393 618//618
f 2387//2387 618//618 2393//2393
f 2388//2388 2397//2397 612//612
f 2362//2362 612//612 2397//2397
f 396//396 1534//1534 2398//2398
f 2404//2404 2398//2398 1534//1534
f 622//622 2399//2399 2408//2408
f 2409//2409 2408//2408 2399//2399
f 624//624 2414//2414 2411//2411
f 2416//2416 2411//2411 2414//2414
f 386//386 2412//2412 1503//1503
f 2419//2419 1503//1503 2412//2412
f 626//626 2424//2424 2421//2421
f 2426//2426 2421//2421 2424//2424
f 383//383 2422//2422 1490//1490
f 2429//2429 1490//1490 2422//2422
f 628//628 2434//2434 2431//2431
f 2437//2437 2431//2431 2434//2434
f 608//608 2432//2432 2357//2357
f 2443//2443 2357//2357 2432//2432
f 632//632 2448//2448 2445//2445
f 2450//2450 2445//2445 2448//2448
f 2455//2455 2438//2438 2446//2446
f 629//629 2446//2446 2438//2438
f 1552//1552 2461//2461 400//400
f 2456//2456 400//400 2461//2461
f 2457//2457 2465//2465 378//378
f 1462//1462 378//378 2465//2465
f 2408//2408 2471//2471 622//622
f 2466//2466 622//622 2471//2471
f 2467//2467 2475//2475 397//397
f 1542//1542 397//397 2475//2475
f 2366//2366 2480//2480 611//611
f 2476//2476 611//611 2480//2480
f 2390//2390 618//618 2483//2483
f 2477//2477 2483//2483 618//618
f 2488//2488 2491//2491 640//640
f 2485//2485 640//640 2491//2491
f 2486//2486 2497//2497 570//570
f 2209//2209 570//570 2497//2497
f 2503//2503 2506//2506 644//644
f 2499//2499 644//644 2506//2506
f 2500//2500 2511//2511 646//646
f 2510//2510 646//646 2511//2511
f 518//518 2020//2020 2512//2512
f 2518//2518 2512//2512 2020//2020
f 649//649 2513//2513 2522//2522
f 2523//2523 2522//2522 2513//2513
f 2530//2530 2525//2525 2528//2528
f 651//651 2528//2528 2525//2525
f 2526//2526 2533//2533 632//632
f 2448//2448 632//632 2533//2533
f 573//573 2218//2218 2534//2534
f 2538//2538 2534//2534 2218//2218
f 2541//2541 2434//2434 2535//2535
f 628//628 2535//2535 2434//2434
f 654//654 2547//2547 2543//2543
f 2550//2550 2543//2543 2547//2547
f 2557//2557 2556//2556 2544//2544
f 657//657 2544//2544 2556//2556
f 2564//2564 2558//2558 2238//2238
f 580//580 2238//2238 2558//2558
f 2559//2559 2569//2569 660//660
f 2568//2568 660//660 2569//2569
f 2574//2574 2577//2577 662//662
f 2571//2571 662//662 2577//2577
f 2581//2581 2228//2228 2572//2572
f 576//576 2572//2572 2228//2228
f 439//439 1702//1702 2582//2582
f 2588//2588 2582//2582 1702//1702
f 666//666 2583//2583 2592//2592
f 2593//2593 2592//2592 2583//2583
f 2598//2598 2600//2600 668//668
f 2595//2595 668//668 2600//2600
f 2596//2596 2603//2603 436//436
f 1692//1692 436//436 2603//2603
f 646//646 2510//2510 2604//2604
f 2610//2610 2604//2604 2510//2510
f 672//672 2605//2605 2616//2616
f 2617//2617 2616//2616 2605//2605
f 2484//2484 2622//2622 640//640
f 2618//2618 640//640 2622//2622
f 2619//2619 2627//2627 670//670
f 2611//2611 670//670 2627//2627
f 2628//2628 674//674 2633//2633
f 2623//2623 2633//2633 674//674
f 2637//2637 2636//2636 2629//2629
f 676//676 2629//2629 2636//2636
f 671//671 2612//2612 2638//2638
f 2643//2643 2638//2638 2612//2612
f 2647//2647 2646//2646 2639//2639
f 678//678 2639//2639 2646//2646
f 2592//2592 2653//2653 666//666
f 2648//2648 666//666 2653//2653
f 2649//2649 2659//2659 523//523
f 2038//2038 523//523 2659//2659
f 2660//2660 662//662 2664//2664
f 2570//2570 2664//2664 662//662
f 2661//2661 2669//2669 680//680
f 2654//2654 680//680 2669//2669
f 683//683 2665//2665 2670//2670
f 2675//2675 2670//2670 2665//2665
f 685//685 2671//2671 2678//2678
f 2679//2679 2678//2678 2671//2671
f 2655//2655 2684//2684 681//681
f 2680//2680 681//681 2684//2684
f 2681//2681 2687//2687 526//526
f 2048//2048 526//526 2687//2687
f 2689//2689 688//688 2695//2695
f 2692//2692 2695//2695 688//688
f 2690//2690 2701//2701 554//554
f 2153//2153 554//554 2701//2701
f 692//692 2706//2706 2703//2703
f 2708//2708 2703//2703 2706//2706
f 689//689 2704//2704 2696//2696
f 2713//2713 2696//2696 2704//2704
f 2714//2714 693//693 2719//2719
f 2709//2709 2719//2719 693//693
f 2715//2715 2725//2725 696//696
f 2724//2724 696//696 2725//2725
f 2697//2697 2730//2730 690//690
f 2726//2726 690//690 2730//2730
f 2727//2727 2735//2735 557//557
f 2165//2165 557//557 2735//2735
f 700//700 2740//2740 2737//2737
f 2743//2743 2737//2737 2740//2740
f 585//585 2738//2738 2263//2263
f 2749//2749 2263//2263 2738//2738
f 704//704 2754//2754 2751//2751
f 2756//2756 2751//2751 2754//2754
f 701//701 2752//2752 2744//2744
f 2761//2761 2744//2744 2752//2752
f 2757//2757 2767//2767 705//705
f 2762//2762 705//705 2767//2767
f 2770//2770 707//707 2771//2771
f 2763//2763 2771//2771 707//707
f 702//702 2745//2745 2772//2772
f 2776//2776 2772//2772 2745//2745
f 588//588 2773//2773 2270//2270
f 2779//2779 2270//2270 2773//2773
f 710//710 2784//2784 2781//2781
f 2787//2787 2781//2781 2784//2784
f 2311//2311 597//597 2793//2793
f 2782//2782 2793//2793 597//597
f 2795//2795 714//714 2800//2800
f 2798//2798 2800//2800 714//714
f 711//711 2796//2796 2788//2788
f 2805//2805 2788//2788 2796//2796
f 715//715 2801//2801 2806//2806
f 2811//2811 2806//2806 2801//2801
f 717//717 2807//2807 2814//2814
f 2815//2815 2814//2814 2807//2807
f 2816//2816 712//712 2820//2820
f 2789//2789 2820//2820 712//712
f 2322//2322 600//600 2823//2823
f 2817//2817 2823//2823 600//600
f 698//698 2731//2731 2824//2824
f 2829//2829 2824//2824 2731//2731
f 560//560 2825//2825 2173//2173
f 2835//2835 2173//2173 2825//2825
f 695//695 2720//2720 2836//2836
f 2840//2840 2836//2836 2720//2720
f 720//720 2837//2837 2830//2830
f 2845//2845 2830//2830 2837//2837
f 2841//2841 2851//2851 723//723
f 2846//2846 723//723 2851//2851
f 2847//2847 2855//2855 725//725
f 2854//2854 725//725 2855//2855
f 721//721 2831//2831 2856//2856
f 2860//2860 2856//2856 2831//2831
f 565//565 2857//2857 2188//2188
f 2863//2863 2188//2188 2857//2857
f 2865//2865 728//728 2872//2872
f 2869//2869 2872//2872 728//728
f 2866//2866 2879//2879 731//731
f 2878//2878 731//731 2879//2879
f 2881//2881 733//733 2887//2887
f 2884//2884 2887//2887 733//733
f 2873//2873 729//729 2893//2893
f 2882//2882 2893//2893 729//729
f 2894//2894 735//735 2900//2900
f 2889//2889 2900//2900 735//735
f 2906//2906 739//739 2907//2907
f 2895//2895 2907//2907 739//739
f 2908//2908 730//730 2913//2913
f 2874//2874 2913//2913 730//730
f 2909//2909 2919//2919 742//742
f 2918//2918 742//742 2919//2919
f 2914//2914 2926//2926 741//741
f 2920//2920 741//741 2926//2926
f 2921//2921 2933//2933 746//746
f 2932//2932 746//746 2933//2933
f 2934//2934 738//738 2939//2939
f 2902//2902 2939//2939 738//738
f 2927//2927 744//744 2945//2945
f 2935//2935 2945//2945 744//744
f 2946//2946 749//749 2952//2952
f 2941//2941 2952//2952 749//749
f 2958//2958 753//753 2959//2959
f 2947//2947 2959//2959 753//753
f 2928//2928 2965//2965 745//745
f 2960//2960 745//745 2965//2965
f 2961//2961 2971//2971 756//756
f 2970//2970 756//756 2971//2971
f 746//746 2932//2932 2972//2972
f 2978//2978 2972//2972 2932//2932
f 760//760 2973//2973 2984//2984
f 2985//2985 2984//2984 2973//2973
f 756//756 2970//2970 2986//2986
f 2991//2991 2986//2986 2970//2970
f 758//758 2987//2987 2979//2979
f 2997//2997 2979//2979 2987//2987
f 763//763 2993//2993 2998//2998
f 3004//3004 2998//2998 2993//2993
f 767//767 2999//2999 3010//3010
f 3011//3011 3010//3010 2999//2999
f 759//759 2980//2980 3012//3012
f 3017//3017 3012//3012 2980//2980
f 770//770 3013//3013 3022//3022
f 3023//3023 3022//3022 3013//3013
f 772//772 3028//3028 3025//3025
f 3031//3031 3025//3025 3028//3028
f 762//762 3026//3026 2992//2992
f 3037//3037 2992//2992 3026//3026
f 3042//3042 3045//3045 776//776
f 3039//3039 776//776 3045//3045
f 773//773 3040//3040 3032//3032
f 3051//3051 3032//3032 3040//3040
f 778//778 3047//3047 3052//3052
f 3058//3058 3052//3052 3047//3047
f 782//782 3053//3053 3064//3064
f 3065//3065 3064//3064 3053//3053
f 774//774 3033//3033 3066//3066
f 3070//3070 3066//3066 3033//3033
f 765//765 3067//3067 3005//3005
f 3075//3075 3005//3005 3067//3067
f 776//776 3038//3038 3076//3076
f 3082//3082 3076//3076 3038//3038
f 3077//3077 3089//3089 788//788
f 3088//3088 788//788 3089//3089
f 2966//2966 3095//3095 755//755
f 3090//3090 755//755 3095//3095
f 3091//3091 3099//3099 772//772
f 3028//3028 772//772 3099//3099
f 792//792 3104//3104 3101//3101
f 3107//3107 3101//3101 3104//3104
f 3111//3111 2957//2957 3102//3102
f 752//752 3102//3102 2957//2957
f 3117//3117 3120//3120 795//795
f 3113//3113 795//795 3120//3120
f 3114//3114 3125//3125 797//797
f 3124//3124 797//797 3125//3125
f 799//799 3131//3131 3127//3127
f 3133//3133 3127//3127 3131//3131
f 800//800 3128//3128 3136//3136
f 3137//3137 3136//3136 3128//3128
f 802//802 3143//3143 3139//3139
f 3146//3146 3139//3139 3143//3143
f 805//805 3140//3140 3152//3152
f 3153//3153 3152//3152 3140//3140
f 3158//3158 3161//3161 807//807
f 3155//3155 807//807 3161//3161
f 3147//3147 803//803 3167//3167
f 3156//3156 3167//3167 803//803
f 3163//3163 3174//3174 809//809
f 3168//3168 809//809 3174//3174
f 813//813 3169//3169 3180//3180
f 3181//3181 3180//3180 3169//3169
f 804//804 3148//3148 3182//3182
f 3187//3187 3182//3182 3148//3148
f 816//816 3183//3183 3192//3192
f 3193//3193 3192//3192 3183//3183
f 815//815 3188//3188 3194//3194
f 3199//3199 3194//3194 3188//3188
f 3205//3205 3117//3117 3195//3195
f 795//795 3195//3195 3117//3117
f 812//812 3176//3176 3206//3206
f 3211//3211 3206//3206 3176//3176
f 818//818 3207//3207 3200//3200
f 3217//3217 3200//3200 3207//3207
f 822//822 3213//3213 3218//3218
f 3224//3224 3218//3218 3213//3213
f 826//826 3219//3219 3230//3230
f 3231//3231 3230//3230 3219//3219
f 3236//3236 3232//3232 3201//3201
f 819//819 3201//3201 3232//3232
f 3241//3241 3129//3129 3233//3233
f 800//800 3233//3233 3129//3129
f 3248//3248 3242//3242 3222//3222
f 824//824 3222//3222 3242//3242
f 832//832 3243//3243 3254//3254
f 3255//3255 3254//3254 3243//3243
f 821//821 3209//3209 3256//3256
f 3260//3260 3256//3256 3209//3209
f 830//830 3257//3257 3249//3249
f 3265//3265 3249//3249 3257//3257
f 3261//3261 3271//3271 834//834
f 3266//3266 834//834 3271//3271
f 837//837 3267//3267 3276//3276
f 3277//3277 3276//3276 3267//3267
f 831//831 3250//3250 3278//3278
f 3283//3283 3278//3278 3250//3250
f 840//840 3279//3279 3288//3288
f 3289//3289 3288//3288 3279//3279
f 3294//3294 3297//3297 842//842
f 3291//3291 842//842 3297//3297
f 1573//1573 404//404 3303//3303
f 3292//3292 3303//3303 404//404
f 3308//3308 3310//3310 846//846
f 3305//3305 846//846 3310//3310
f 3298//3298 843//843 3315//3315
f 3306//3306 3315//3315 843//843
f 3311//3311 3321//3321 847//847
f 3316//3316 847//847 3321//3321
f 3317//3317 3327//3327 850//850
f 3326//3326 850//850 3327//3327
f 3328//3328 844//844 3332//3332
f 3299//3299 3332//3332 844//844
f 1588//1588 409//409 3337//3337
f 3329//3329 3337//3337 409//409
f 854//854 3342//3342 3339//3339
f 3345//3345 3339//3339 3342//3342
f 3340//3340 3351//3351 418//418
f 1625//1625 418//418 3351//3351
f 3356//3356 3358//3358 858//858
f 3353//3353 858//858 3358//3358
f 3354//3354 3363//3363 855//855
f 3346//3346 855//855 3363//3363
f 3359//3359 3369//3369 859//859
f 3364//3364 859//859 3369//3369
f 3365//3365 3373//3373 861//861
f 3372//3372 861//861 3373//3373
f 3347//3347 3378//3378 856//856
f 3374//3374 856//856 3378//3378
f 3375//3375 3381//3381 423//423
f 1640//1640 423//423 3381//3381
f 3386//3386 3389//3389 864//864
f 3383//3383 864//864 3389//3389
f 3384//3384 3395//3395 430//430
f 1673//1673 430//430 3395//3395
f 3400//3400 3403//3403 868//868
f 3397//3397 868//868 3403//3403
f 3398//3398 3409//3409 865//865
f 3390//3390 865//865 3409//3409
f 3405//3405 3416//3416 870//870
f 3410//3410 870//870 3416//3416
f 3411//3411 3423//3423 874//874
f 3422//3422 874//874 3423//3423
f 3391//3391 3428//3428 866//866
f 3424//3424 866//866 3428//3428
f 3425//3425 3433//3433 435//435
f 1688//1688 435//435 3433//3433
f 3435//3435 878//878 3441//3441
f 3438//3438 3441//3441 878//878
f 3436//3436 3447//3447 446//446
f 1729//1729 446//446 3447//3447
f 3449//3449 882//882 3454//3454
f 3452//3452 3454//3454 882//882
f 3459//3459 3442//3442 3450//3450
f 879//879 3450//3450 3442//3442
f 3465//3465 3460//3460 3455//3455
f 883//883 3455//3455 3460//3460
f 3461//3461 3469//3469 885//885
f 3468//3468 885//885 3469//3469
f 3474//3474 3470//3470 3443//3443
f 880//880 3443//3443 3470//3470
f 3471//3471 3477//3477 451//451
f 1744//1744 451//451 3477//3477
f 3482//3482 3485//3485 888//888
f 3479//3479 888//888 3485//3485
f 1777//1777 458//458 3491//3491
f 3480//3480 3491//3491 458//458
f 3496//3496 3498//3498 892//892
f 3493//3493 892//892 3498//3498
f 3494//3494 3503//3503 889//889
f 3486//3486 889//889 3503//3503
f 3499//3499 3509//3509 893//893
f 3504//3504 893//893 3509//3509
f 3505//3505 3515//3515 896//896
f 3514//3514 896//896 3515//3515
f 3487//3487 3520//3520 890//890
f 3516//3516 890//890 3520//3520
f 1792//1792 463//463 3525//3525
f 3517//3517 3525//3525 463//463
f 3521//3521 3531//3531 898//898
f 3526//3526 898//898 3531//3531
f 1828//1828 472//472 3537//3537
f 3527//3527 3537//3537 472//472
f 3510//3510 3542//3542 895//895
f 3538//3538 895//895 3542//3542
f 3539//3539 3547//3547 900//900
f 3532//3532 900//900 3547//3547
f 903//903 3543//3543 3548//3548
f 3553//3553 3548//3548 3543//3543
f 906//906 3549//3549 3558//3558
f 3559//3559 3558//3558 3549//3549
f 3533//3533 3564//3564 901//901
f 3560//3560 901//901 3564//3564
f 3569//3569 1842//1842 3561//3561
f 476//476 3561//3561 1842//1842
f 908//908 3565//3565 3570//3570
f 3575//3575 3570//3570 3565//3565
f 3581//3581 1876//1876 3571//3571
f 484//484 3571//3571 1876//1876
f 905//905 3554//3554 3582//3582
f 3586//3586 3582//3582 3554//3554
f 910//910 3583//3583 3576//3576
f 3591//3591 3576//3576 3583//3583
f 913//913 3587//3587 3592//3592
f 3597//3597 3592//3592 3587//3587
f 916//916 3593//3593 3602//3602
f 3603//3603 3602//3602 3593//3593
f 911//911 3577//3577 3604//3604
f 3608//3608 3604//3604 3577//3577
f 3613//3613 1890//1890 3605//3605
f 488//488 3605//3605 1890//1890
f 3619//3619 3614//3614 3609//3609
f 918//918 3609//3609 3614//3614
f 3615//3615 3625//3625 496//496
f 1924//1924 496//496 3625//3625
f 3598//3598 3630//3630 915//915
f 3626//3626 915//915 3630//3630
f 3627//3627 3635//3635 920//920
f 3620//3620 920//920 3635//3635
f 3631//3631 3641//3641 923//923
f 3636//3636 923//923 3641//3641
f 3637//3637 3645//3645 925//925
f 3644//3644 925//925 3645//3645
f 3621//3621 3650//3650 921//921
f 3646//3646 921//921 3650//3650
f 3647//3647 3653//3653 500//500
f 1938//1938 500//500 3653//3653
f 508//508 1976//1976 3654//3654
f 3659//3659 3654//3654 1976//1976
f 3655//3655 3665//3665 854//854
f 3342//3342 854//854 3665//3665
f 3673//3673 3667//3667 3670//3670
f 931//931 3670//3670 3667//3667
f 3677//3677 2015//2015 3668//3668
f 517//517 3668//3668 2015//2015
f 3152//3152 3684//3684 805//805
f 3678//3678 805//805 3684//3684
f 3679//3679 3689//3689 935//935
f 3688//3688 935//935 3689//3689
f 797//797 3124//3124 3690//3690
f 3695//3695 3690//3690 3124//3124
f 816//816 3691//3691 3184//3184
f 3699//3699 3184//3184 3691//3691
f 3704//3704 3700//3700 3352//3352
f 858//858 3352//3352 3700//3700
f 3701//3701 3707//3707 792//792
f 3104//3104 792//792 3707//3707
f 788//788 3088//3088 3708//3708
f 3713//3713 3708//3708 3088//3088
f 869//869 3709//3709 3404//3404
f 3719//3719 3404//3404 3709//3709
f 3724//3724 3727//3727 943//943
f 3721//3721 943//943 3727//3727
f 3722//3722 3731//3731 799//799
f 3131//3131 799//799 3731//3731
f 3737//3737 3732//3732 3414//3414
f 872//872 3414//3414 3732//3732
f 946//946 3733//3733 3740//3740
f 3741//3741 3740//3740 3733//3733
f 948//948 3747//3747 3743//3743
f 3750//3750 3743//3743 3747//3747
f 3757//3757 3756//3756 3744//3744
f 951//951 3744//3744 3756//3756
f 3762//3762 3765//3765 953//953
f 3759//3759 953//953 3765//3765
f 3760//3760 3771//3771 949//949
f 3751//3751 949//949 3771//3771
f 3767//3767 3778//3778 955//955
f 3772//3772 955//955 3778//3778
f 3773//3773 3785//3785 959//959
f 3784//3784 959//959 3785//3785
f 3752//3752 3791//3791 950//950
f 3786//3786 950//950 3791//3791
f 3787//3787 3797//3797 962//962
f 3796//3796 962//962 3797//3797
f 3803//3803 3806//3806 964//964
f 3799//3799 964//964 3806//3806
f 3800//3800 3813//3813 967//967
f 3812//3812 967//967 3813//3813
f 3818//3818 3821//3821 969//969
f 3815//3815 969//969 3821//3821
f 3816//3816 3827//3827 965//965
f 3807//3807 965//965 3827//3827
f 3834//3834 3828//3828 3823//3823
f 971//971 3823//3823 3828//3828
f 3829//3829 3841//3841 975//975
f 3840//3840 975//975 3841//3841
f 3808//3808 3847//3847 966//966
f 3842//3842 966//966 3847//3847
f 3843//3843 3853//3853 978//978
f 3852//3852 978//978 3853//3853
f 980//980 3859//3859 3855//3855
f 3862//3862 3855//3855 3859//3859
f 983//983 3856//3856 3868//3868
f 3869//3869 3868//3868 3856//3856
f 985//985 3874//3874 3871//3871
f 3877//3877 3871//3871 3874//3874
f 981//981 3872//3872 3863//3863
f 3883//3883 3863//3863 3872//3872
f 987//987 3879//3879 3884//3884
f 3890//3890 3884//3884 3879//3879
f 991//991 3885//3885 3896//3896
f 3897//3897 3896//3896 3885//3885
f 982//982 3864//3864 3898//3898
f 3903//3903 3898//3898 3864//3864
f 3899//3899 3909//3909 994//994
f 3908//3908 994//994 3909//3909
f 3848//3848 3916//3916 977//977
f 3910//3910 977//977 3916//3916
f 3922//3922 998//998 3923//3923
f 3911//3911 3923//3923 998//998
f 3929//3929 3931//3931 1000//1000
f 3925//3925 1000//1000 3931//3931
f 3926//3926 3935//3935 1001//1001
f 3934//3934 1001//1001 3935//3935
f 3936//3936 1000//1000 3942//3942
f 3924//3924 3942//3942 1000//1000
f 3948//3948 1005//1005 3949//3949
f 3937//3937 3949//3949 1005//1005
f 3950//3950 997//997 3955//3955
f 3918//3918 3955//3955 997//997
f 1008//1008 3951//3951 3960//3960
f 3961//3961 3960//3960 3951//3951
f 3962//3962 1007//1007 3968//3968
f 3956//3956 3968//3968 1007//1007
f 3974//3974 1012//1012 3975//3975
f 3963//3963 3975//3975 1012//1012
f 3976//3976 1004//1004 3981//3981
f 3944//3944 3981//3981 1004//1004
f 3969//3969 1010//1010 3987//3987
f 3977//3977 3987//3987 1010//1010
f 1015//1015 3983//3983 3988//3988
f 3994//3994 3988//3988 3983//3983
f 3999//3999 3998//3998 3989//3989
f 1018//1018 3989//3989 3998//3998
f 4005//4005 4000//4000 3970//3970
f 1011//1011 3970//3970 4000//4000
f 4009//4009 4008//4008 4001//4001
f 1020//1020 4001//4001 4008//4008
f 4014//4014 4017//4017 1022//1022
f 4011//4011 1022//1022 4017//4017
f 964//964 4012//4012 3803//3803
f 4023//4023 3803//3803 4012//4012
f 4028//4028 4031//4031 1026//1026
f 4025//4025 1026//1026 4031//4031
f 4026//4026 4037//4037 1023//1023
f 4018//4018 1023//1023 4037//4037
f 4033//4033 4044//4044 1028//1028
f 4038//4038 1028//1028 4044//4044
f 1031//1031 4039//4039 4048//4048
f 4049//4049 4048//4048 4039//4039
f 1024//1024 4019//4019 4050//4050
f 4054//4054 4050//4050 4019//4019
f 969//969 4051//4051 3818//3818
f 4057//4057 3818//3818 4051//4051
f 4065//4065 4059//4059 4062//4062
f 1034//1034 4062//4062 4059//4059
f 4071//4071 4014//4014 4060//4060
f 1022//1022 4060//4060 4014//4014
f 828//828 3237//3237 4072//4072
f 4078//4078 4072//4072 3237//3237
f 1039//1039 4073//4073 4082//4082
f 4083//4083 4082//4082 4073//4073
f 1041//1041 4088//4088 4085//4085
f 4090//4090 4085//4085 4088//4088
f 832//832 4086//4086 3244//3244
f 4093//4093 3244//3244 4086//4086
f 1043//1043 4098//4098 4095//4095
f 4101//4101 4095//4095 4098//4098
f 840//840 4096//4096 3280//3280
f 4105//4105 3280//3280 4096//4096
f 4024//4024 4111//4111 1026//1026
f 4106//4106 1026//1026 4111//4111
f 4114//4114 1046//1046 4115//4115
f 4107//4107 4115//4115 1046//1046
f 1030//1030 4042//4042 4116//4116
f 4122//4122 4116//4116 4042//4042
f 1050//1050 4117//4117 4128//4128
f 4129//4129 4128//4128 4117//4117
f 4114//4114 4135//4135 1046//1046
f 4130//4130 1046//1046 4135//4135
f 4131//4131 4139//4139 1027//1027
f 4032//4032 1027//1027 4139//4139
f 3284//3284 4145//4145 839//839
f 4140//4140 839//839 4145//4145
f 4141//4141 4149//4149 1043//1043
f 4098//4098 1043//1043 4149//4149
f 3154//3154 4155//4155 807//807
f 4150//4150 807//807 4155//4155
f 4151//4151 4159//4159 836//836
f 3275//3275 836//836 4159//4159
f 4165//4165 4160//4160 4124//4124
f 1049//1049 4124//4124 4160//4160
f 1058//1058 4161//4161 4168//4168
f 4169//4169 4168//4168 4161//4161
f 3888//3888 4176//4176 989//989
f 4170//4170 989//989 4176//4176
f 4171//4171 4183//4183 1062//1062
f 4182//4182 1062//1062 4183//4183
f 4189//4189 4184//4184 4128//4128
f 1050//1050 4128//4128 4184//4184
f 986//986 4185//4185 3878//3878
f 4193//4193 3878//3878 4185//4185
f 1066//1066 4198//4198 4195//4195
f 4200//4200 4195//4195 4198//4198
f 4196//4196 4203//4203 935//935
f 3680//3680 935//935 4203//4203
f 649//649 2522//2522 4204//4204
f 4209//4209 4204//4204 2522//2522
f 931//931 4205//4205 3670//3670
f 4213//4213 3670//3670 4205//4205
f 4220//4220 4215//4215 4218//4218
f 1070//1070 4218//4218 4215//4215
f 4223//4223 2503//2503 4216//4216
f 644//644 4216//4216 2503//2503
f 2556//2556 4230//4230 657//657
f 4224//4224 657//657 4230//4230
f 1074//1074 4225//4225 4236//4236
f 4237//4237 4236//4236 4225//4225
f 3429//3429 4243//4243 876//876
f 4238//4238 876//876 4243//4243
f 4239//4239 4247//4247 668//668
f 2598//2598 668//668 4247//4247
f 1078//1078 4252//4252 4249//4249
f 4255//4255 4249//4249 4252//4252
f 873//873 4250//4250 3421//3421
f 4259//4259 3421//3421 4250//4250
f 4266//4266 4260//4260 3922//3922
f 998//998 3922//3922 4260//4260
f 4261//4261 4271//4271 1082//1082
f 4270//4270 1082//1082 4271//4271
f 4273//4273 1084//1084 4278//4278
f 4276//4276 4278//4278 1084//1084
f 4281//4281 3952//3952 4274//4274
f 1008//1008 4274//4274 3952//3952
f 672//672 2616//2616 4282//4282
f 4287//4287 4282//4282 2616//2616
f 1070//1070 4283//4283 4218//4218
f 4293//4293 4218//4218 4283//4283
f 4298//4298 4294//4294 2646//2646
f 678//678 2646//2646 4294//4294
f 1086//1086 4295//4295 4288//4288
f 4303//4303 4288//4288 4295//4295
f 4309//4309 4304//4304 4299//4299
f 1089//1089 4299//4299 4304//4304
f 4305//4305 4313//4313 1091//1091
f 4312//4312 1091//1091 4313//4313
f 4289//4289 4318//4318 1087//1087
f 4314//4314 1087//1087 4318//4318
f 4315//4315 4321//4321 1062//1062
f 4172//4172 1062//1062 4321//4321
f 3740//3740 4327//4327 946//946
f 4322//4322 946//946 4327//4327
f 4323//4323 4333//4333 1078//1078
f 4252//4252 1078//1078 4333//4333
f 3720//3720 4338//4338 943//943
f 4334//4334 943//943 4338//4338
f 4335//4335 4343//4343 1094//1094
f 4328//4328 1094//1094 4343//4343
f 1097//1097 4339//4339 4344//4344
f 4349//4349 4344//4344 4339//4339
f 1099//1099 4345//4345 4352//4352
f 4353//4353 4352//4352 4345//4345
f 4329//4329 4358//4358 1095//1095
f 4354//4354 1095//1095 4358//4358
f 4355//4355 4361//4361 1082//1082
f 4262//4262 1082//1082 4361//4361
f 3832//3832 4368//4368 973//973
f 4362//4362 973//973 4368//4368
f 4363//4363 4375//4375 1104//1104
f 4374//4374 1104//1104 4375//4375
f 3819//3819 4381//4381 970//970
f 4376//4376 970//970 4381//4381
f 4377//4377 4387//4387 1102//1102
f 4369//4369 1102//1102 4387//4387
f 4383//4383 4394//4394 1107//1107
f 4388//4388 1107//1107 4394//4394
f 4389//4389 4399//4399 1110//1110
f 4398//4398 1110//1110 4399//4399
f 1103//1103 4370//4370 4400//4400
f 4405//4405 4400//4400 4370//4370
f 1112//1112 4401//4401 4408//4408
f 4409//4409 4408//4408 4401//4401
f 1003//1003 3940//3940 4410//4410
f 4416//4416 4410//4410 3940//3940
f 1116//1116 4411//4411 4422//4422
f 4423//4423 4422//4422 4411//4411
f 1001//1001 3934//3934 4424//4424
f 4428//4428 4424//4424 3934//3934
f 1114//1114 4425//4425 4417//4417
f 4433//4433 4417//4417 4425//4425
f 4429//4429 4439//4439 1118//1118
f 4434//4434 1118//1118 4439//4439
f 4435//4435 4443//4443 1120//1120
f 4442//4442 1120//1120 4443//4443
f 1115//1115 4418//4418 4444//4444
f 4449//4449 4444//4444 4418//4418
f 1122//1122 4445//4445 4452//4452
f 4453//4453 4452//4452 4445//4445
f 3992//3992 4460//4460 1017//1017
f 4454//4454 1017//1017 4460//4460
f 1126//1126 4455//4455 4466//4466
f 4467//4467 4466//4466 4455//4455
f 3979//3979 4472//4472 1014//1014
f 4468//4468 1014//1014 4472//4472
f 4469//4469 4477//4477 1124//1124
f 4461//4461 1124//1124 4477//4477
f 1128//1128 4473//4473 4478//4478
f 4483//4483 4478//4478 4473//4473
f 1130//1130 4479//4479 4486//4486
f 4487//4487 4486//4486 4479//4479
f 1125//1125 4462//4462 4488//4488
f 4493//4493 4488//4488 4462//4462
f 4489//4489 4497//4497 1132//1132
f 4496//4496 1132//1132 4497//4497
f 983//983 3868//3868 4498//4498
f 4503//4503 4498//4498 3868//3868
f 1106//1106 4499//4499 4382//4382
f 4509//4509 4382//4382 4499//4499
f 994//994 3908//3908 4510//4510
f 4514//4514 4510//4510 3908//3908
f 1134//1134 4511//4511 4504//4504
f 4519//4519 4504//4504 4511//4511
f 4515//4515 4525//4525 1137//1137
f 4520//4520 1137//1137 4525//4525
f 4521//4521 4529//4529 1139//1139
f 4528//4528 1139//1139 4529//4529
f 1135//1135 4505//4505 4530//4530
f 4534//4534 4530//4530 4505//4505
f 1109//1109 4531//4531 4395//4395
f 4537//4537 4395//4395 4531//4531
# 9024 faces, 0 coords texture

# End of File
