v -0.500000 0.042000 0.000000
v -0.497000 0.047000 0.000000
v -0.492000 0.050000 0.000000
v -0.486000 0.052000 0.000000
v -0.480000 0.054000 0.000000
v -0.472000 0.054000 0.000000
v -0.465000 0.053000 0.000000
v -0.459000 0.053000 0.000000
v -0.453000 0.055000 0.000000
v -0.446000 0.056000 0.000000
v -0.440000 0.058000 0.000000
v -0.435000 0.061000 0.000000
v -0.429000 0.063000 0.000000
v -0.422000 0.062000 0.000000
v -0.415000 0.061000 0.000000
v -0.408000 0.060000 0.000000
v -0.401000 0.061000 0.000000
v -0.396000 0.064000 0.000000
v -0.390000 0.066000 0.000000
v -0.383000 0.067000 0.000000
v -0.375000 0.067000 0.000000
v -0.367000 0.067000 0.000000
v -0.362000 0.070000 0.000000
v -0.356000 0.072000 0.000000
v -0.348000 0.072000 0.000000
v -0.340000 0.072000 0.000000
v -0.333000 0.073000 0.000000
v -0.328000 0.076000 0.000000
v -0.324000 0.080000 0.000000
v -0.319000 0.083000 0.000000
v -0.312000 0.084000 0.000000
v -0.305000 0.083000 0.000000
v -0.299000 0.085000 0.000000
v -0.292000 0.084000 0.000000
v -0.286000 0.086000 0.000000
v -0.280000 0.088000 0.000000
v -0.272000 0.088000 0.000000
v -0.266000 0.086000 0.000000
v -0.260000 0.084000 0.000000
v -0.255000 0.081000 0.000000
v -0.249000 0.079000 0.000000
v -0.241000 0.079000 0.000000
v -0.235000 0.081000 0.000000
v -0.228000 0.082000 0.000000
v -0.220000 0.082000 0.000000
v -0.214000 0.084000 0.000000
v -0.207000 0.085000 0.000000
v -0.200000 0.086000 0.000000
v -0.194000 0.086000 0.000000
v -0.187000 0.087000 0.000000
v -0.181000 0.087000 0.000000
v -0.175000 0.085000 0.000000
v -0.168000 0.086000 0.000000
v -0.161000 0.087000 0.000000
v -0.153000 0.087000 0.000000
v -0.146000 0.086000 0.000000
v -0.139000 0.085000 0.000000
v -0.131000 0.085000 0.000000
v -0.125000 0.087000 0.000000
v -0.117000 0.087000 0.000000
v -0.109000 0.087000 0.000000
v -0.103000 0.085000 0.000000
v -0.096000 0.084000 0.000000
v -0.089000 0.085000 0.000000
v -0.083000 0.083000 0.000000
v -0.078000 0.080000 0.000000
v -0.072000 0.078000 0.000000
v -0.065000 0.079000 0.000000
v -0.058000 0.080000 0.000000
v -0.051000 0.081000 0.000000
v -0.043000 0.081000 0.000000
v -0.036000 0.080000 0.000000
v -0.029000 0.079000 0.000000
v -0.023000 0.077000 0.000000
v -0.016000 0.076000 0.000000
v -0.008000 0.076000 0.000000
v 0.000000 0.076000 0.000000
v 0.008000 0.076000 0.000000
v 0.016000 0.076000 0.000000
v 0.022000 0.074000 0.000000
v 0.029000 0.073000 0.000000
v 0.037000 0.073000 0.000000
v 0.045000 0.073000 0.000000
v 0.053000 0.073000 0.000000
v 0.059000 0.071000 0.000000
v 0.065000 0.069000 0.000000
v 0.073000 0.069000 0.000000
v 0.080000 0.070000 0.000000
v 0.088000 0.070000 0.000000
v 0.094000 0.072000 0.000000
v 0.101000 0.073000 0.000000
v 0.109000 0.073000 0.000000
v 0.116000 0.074000 0.000000
v 0.121000 0.077000 0.000000
v 0.126000 0.078000 0.000000
v 0.130000 0.074000 0.000000
v 0.136000 0.072000 0.000000
v 0.142000 0.070000 0.000000
v 0.147000 0.067000 0.000000
v 0.153000 0.065000 0.000000
v 0.161000 0.065000 0.000000
v 0.166000 0.068000 0.000000
v 0.173000 0.067000 0.000000
v 0.181000 0.067000 0.000000
v 0.188000 0.066000 0.000000
v 0.194000 0.064000 0.000000
v 0.201000 0.063000 0.000000
v 0.208000 0.062000 0.000000
v 0.215000 0.061000 0.000000
v 0.222000 0.060000 0.000000
v 0.229000 0.061000 0.000000
v 0.237000 0.061000 0.000000
v 0.243000 0.059000 0.000000
v 0.249000 0.057000 0.000000
v 0.256000 0.056000 0.000000
v 0.263000 0.055000 0.000000
v 0.271000 0.055000 0.000000
v 0.279000 0.055000 0.000000
v 0.287000 0.055000 0.000000
v 0.294000 0.054000 0.000000
v 0.302000 0.054000 0.000000
v 0.309000 0.053000 0.000000
v 0.315000 0.051000 0.000000
v 0.322000 0.052000 0.000000
v 0.328000 0.050000 0.000000
v 0.336000 0.050000 0.000000
v 0.344000 0.050000 0.000000
v 0.351000 0.049000 0.000000
v 0.356000 0.046000 0.000000
v 0.363000 0.045000 0.000000
v 0.370000 0.044000 0.000000
v 0.376000 0.042000 0.000000
v 0.382000 0.040000 0.000000
v 0.390000 0.040000 0.000000
v 0.396000 0.038000 0.000000
v 0.402000 0.036000 0.000000
v 0.409000 0.035000 0.000000
v 0.415000 0.033000 0.000000
v 0.423000 0.033000 0.000000
v 0.431000 0.033000 0.000000
v 0.438000 0.032000 0.000000
v 0.443000 0.031000 0.000000
v 0.451000 0.031000 0.000000
v 0.457000 0.029000 0.000000
v 0.462000 0.026000 0.000000
v 0.468000 0.024000 0.000000
v 0.474000 0.022000 0.000000
v 0.482000 0.022000 0.000000
v 0.489000 0.021000 0.000000
v 0.493000 0.017000 0.000000
v 0.497000 0.013000 0.000000
v 0.500000 0.008000 0.000000
v 0.498000 0.002000 0.000000
v 0.493000 -0.001000 0.000000
v 0.486000 -0.002000 0.000000
v 0.478000 -0.002000 0.000000
v 0.471000 -0.001000 0.000000
v 0.464000 0.000000 0.000000
v 0.457000 0.001000 0.000000
v 0.449000 0.001000 0.000000
v 0.441000 0.001000 0.000000
v 0.434000 0.002000 0.000000
v 0.428000 0.004000 0.000000
v 0.420000 0.004000 0.000000
v 0.413000 0.005000 0.000000
v 0.405000 0.005000 0.000000
v 0.397000 0.005000 0.000000
v 0.389000 0.005000 0.000000
v 0.382000 0.006000 0.000000
v 0.375000 0.007000 0.000000
v 0.368000 0.008000 0.000000
v 0.361000 0.009000 0.000000
v 0.354000 0.010000 0.000000
v 0.346000 0.010000 0.000000
v 0.339000 0.011000 0.000000
v 0.331000 0.011000 0.000000
v 0.323000 0.011000 0.000000
v 0.315000 0.011000 0.000000
v 0.307000 0.011000 0.000000
v 0.299000 0.011000 0.000000
v 0.291000 0.011000 0.000000
v 0.283000 0.011000 0.000000
v 0.276000 0.010000 0.000000
v 0.270000 0.008000 0.000000
v 0.265000 0.005000 0.000000
v 0.259000 0.003000 0.000000
v 0.252000 0.002000 0.000000
v 0.245000 0.001000 0.000000
v 0.238000 0.000000 0.000000
v 0.230000 0.000000 0.000000
v 0.223000 -0.001000 0.000000
v 0.217000 -0.003000 0.000000
v 0.210000 -0.004000 0.000000
v 0.203000 -0.005000 0.000000
v 0.196000 -0.006000 0.000000
v 0.189000 -0.007000 0.000000
v 0.183000 -0.009000 0.000000
v 0.176000 -0.010000 0.000000
v 0.168000 -0.010000 0.000000
v 0.165000 -0.015000 0.000000
v 0.164000 -0.022000 0.000000
v 0.163000 -0.029000 0.000000
v 0.161000 -0.035000 0.000000
v 0.159000 -0.041000 0.000000
v 0.156000 -0.046000 0.000000
v 0.153000 -0.051000 0.000000
v 0.152000 -0.058000 0.000000
v 0.155000 -0.063000 0.000000
v 0.153000 -0.069000 0.000000
v 0.152000 -0.076000 0.000000
v 0.148000 -0.080000 0.000000
v 0.145000 -0.085000 0.000000
v 0.140000 -0.088000 0.000000
v 0.137000 -0.083000 0.000000
v 0.132000 -0.084000 0.000000
v 0.127000 -0.087000 0.000000
v 0.120000 -0.088000 0.000000
v 0.118000 -0.084000 0.000000
v 0.119000 -0.081000 0.000000
v 0.114000 -0.084000 0.000000
v 0.107000 -0.085000 0.000000
v 0.103000 -0.081000 0.000000
v 0.104000 -0.076000 0.000000
v 0.104000 -0.068000 0.000000
v 0.098000 -0.066000 0.000000
v 0.092000 -0.068000 0.000000
v 0.087000 -0.071000 0.000000
v 0.081000 -0.071000 0.000000
v 0.082000 -0.064000 0.000000
v 0.085000 -0.059000 0.000000
v 0.087000 -0.053000 0.000000
v 0.091000 -0.049000 0.000000
v 0.096000 -0.046000 0.000000
v 0.100000 -0.042000 0.000000
v 0.103000 -0.037000 0.000000
v 0.105000 -0.031000 0.000000
v 0.100000 -0.028000 0.000000
v 0.092000 -0.028000 0.000000
v 0.084000 -0.028000 0.000000
v 0.076000 -0.028000 0.000000
v 0.068000 -0.028000 0.000000
v 0.060000 -0.028000 0.000000
v 0.053000 -0.029000 0.000000
v 0.045000 -0.029000 0.000000
v 0.038000 -0.030000 0.000000
v 0.031000 -0.031000 0.000000
v 0.024000 -0.032000 0.000000
v 0.017000 -0.031000 0.000000
v 0.010000 -0.030000 0.000000
v 0.002000 -0.030000 0.000000
v -0.005000 -0.029000 0.000000
v -0.013000 -0.029000 0.000000
v -0.021000 -0.029000 0.000000
v -0.029000 -0.029000 0.000000
v -0.037000 -0.029000 0.000000
v -0.044000 -0.030000 0.000000
v -0.052000 -0.030000 0.000000
v -0.059000 -0.031000 0.000000
v -0.066000 -0.030000 0.000000
v -0.074000 -0.030000 0.000000
v -0.081000 -0.029000 0.000000
v -0.088000 -0.028000 0.000000
v -0.094000 -0.030000 0.000000
v -0.097000 -0.035000 0.000000
v -0.099000 -0.041000 0.000000
v -0.101000 -0.047000 0.000000
v -0.104000 -0.052000 0.000000
v -0.107000 -0.057000 0.000000
v -0.106000 -0.064000 0.000000
v -0.108000 -0.070000 0.000000
v -0.112000 -0.074000 0.000000
v -0.117000 -0.077000 0.000000
v -0.119000 -0.083000 0.000000
v -0.124000 -0.086000 0.000000
v -0.127000 -0.081000 0.000000
v -0.131000 -0.085000 0.000000
v -0.138000 -0.086000 0.000000
v -0.139000 -0.081000 0.000000
v -0.143000 -0.083000 0.000000
v -0.148000 -0.086000 0.000000
v -0.154000 -0.088000 0.000000
v -0.155000 -0.083000 0.000000
v -0.154000 -0.076000 0.000000
v -0.155000 -0.069000 0.000000
v -0.161000 -0.067000 0.000000
v -0.167000 -0.069000 0.000000
v -0.174000 -0.068000 0.000000
v -0.179000 -0.071000 0.000000
v -0.184000 -0.072000 0.000000
v -0.186000 -0.066000 0.000000
v -0.184000 -0.060000 0.000000
v -0.181000 -0.055000 0.000000
v -0.177000 -0.051000 0.000000
v -0.172000 -0.048000 0.000000
v -0.166000 -0.046000 0.000000
v -0.165000 -0.039000 0.000000
v -0.167000 -0.033000 0.000000
v -0.174000 -0.032000 0.000000
v -0.180000 -0.030000 0.000000
v -0.185000 -0.027000 0.000000
v -0.193000 -0.027000 0.000000
v -0.201000 -0.027000 0.000000
v -0.208000 -0.028000 0.000000
v -0.215000 -0.027000 0.000000
v -0.222000 -0.026000 0.000000
v -0.229000 -0.025000 0.000000
v -0.236000 -0.024000 0.000000
v -0.243000 -0.023000 0.000000
v -0.250000 -0.022000 0.000000
v -0.258000 -0.022000 0.000000
v -0.265000 -0.023000 0.000000
v -0.272000 -0.024000 0.000000
v -0.279000 -0.023000 0.000000
v -0.286000 -0.022000 0.000000
v -0.293000 -0.021000 0.000000
v -0.298000 -0.018000 0.000000
v -0.303000 -0.015000 0.000000
v -0.310000 -0.014000 0.000000
v -0.316000 -0.012000 0.000000
v -0.323000 -0.011000 0.000000
v -0.330000 -0.012000 0.000000
v -0.337000 -0.013000 0.000000
v -0.344000 -0.014000 0.000000
v -0.352000 -0.014000 0.000000
v -0.360000 -0.014000 0.000000
v -0.368000 -0.014000 0.000000
v -0.376000 -0.014000 0.000000
v -0.383000 -0.015000 0.000000
v -0.390000 -0.016000 0.000000
v -0.398000 -0.016000 0.000000
v -0.406000 -0.016000 0.000000
v -0.414000 -0.016000 0.000000
v -0.421000 -0.015000 0.000000
v -0.429000 -0.015000 0.000000
v -0.436000 -0.016000 0.000000
v -0.444000 -0.016000 0.000000
v -0.452000 -0.016000 0.000000
v -0.459000 -0.015000 0.000000
v -0.467000 -0.015000 0.000000
v -0.475000 -0.015000 0.000000
v -0.481000 -0.013000 0.000000
v -0.485000 -0.009000 0.000000
v -0.484000 -0.004000 0.000000
v -0.480000 0.000000 0.000000
v -0.477000 0.005000 0.000000
v -0.472000 0.008000 0.000000
v -0.468000 0.004000 0.000000
v -0.462000 0.002000 0.000000
v -0.457000 0.005000 0.000000
v -0.453000 0.009000 0.000000
v -0.448000 0.008000 0.000000
v -0.443000 0.005000 0.000000
v -0.437000 0.003000 0.000000
v -0.433000 0.007000 0.000000
v -0.429000 0.011000 0.000000
v -0.424000 0.008000 0.000000
v -0.418000 0.006000 0.000000
v -0.413000 0.009000 0.000000
v -0.408000 0.012000 0.000000
v -0.402000 0.010000 0.000000
v -0.397000 0.009000 0.000000
v -0.392000 0.012000 0.000000
v -0.386000 0.012000 0.000000
v -0.380000 0.010000 0.000000
v -0.374000 0.012000 0.000000
v -0.370000 0.014000 0.000000
v -0.364000 0.012000 0.000000
v -0.359000 0.013000 0.000000
v -0.354000 0.016000 0.000000
v -0.349000 0.013000 0.000000
v -0.343000 0.013000 0.000000
v -0.337000 0.015000 0.000000
v -0.332000 0.014000 0.000000
v -0.327000 0.015000 0.000000
v -0.323000 0.017000 0.000000
v -0.316000 0.016000 0.000000
v -0.311000 0.019000 0.000000
v -0.304000 0.018000 0.000000
v -0.307000 0.021000 0.000000
v -0.315000 0.021000 0.000000
v -0.320000 0.020000 0.000000
v -0.326000 0.020000 0.000000
v -0.330000 0.016000 0.000000
v -0.336000 0.018000 0.000000
v -0.340000 0.018000 0.000000
v -0.345000 0.015000 0.000000
v -0.350000 0.018000 0.000000
v -0.356000 0.020000 0.000000
v -0.361000 0.017000 0.000000
v -0.366000 0.016000 0.000000
v -0.371000 0.019000 0.000000
v -0.376000 0.016000 0.000000
v -0.381000 0.013000 0.000000
v -0.386000 0.016000 0.000000
v -0.392000 0.016000 0.000000
v -0.396000 0.012000 0.000000
v -0.402000 0.012000 0.000000
v -0.407000 0.015000 0.000000
v -0.412000 0.014000 0.000000
v -0.417000 0.011000 0.000000
v -0.423000 0.011000 0.000000
v -0.428000 0.014000 0.000000
v -0.433000 0.011000 0.000000
v -0.438000 0.008000 0.000000
v -0.443000 0.009000 0.000000
v -0.448000 0.012000 0.000000
v -0.454000 0.012000 0.000000
v -0.457000 0.007000 0.000000
v -0.462000 0.004000 0.000000
v -0.467000 0.007000 0.000000
v -0.471000 0.011000 0.000000
v -0.477000 0.009000 0.000000
v -0.481000 0.005000 0.000000
v -0.486000 0.002000 0.000000
v -0.489000 0.007000 0.000000
v -0.490000 0.014000 0.000000
v -0.494000 0.018000 0.000000
v -0.496000 0.024000 0.000000
v -0.497000 0.031000 0.000000
v -0.500000 0.036000 0.000000
v 0.123000 -0.084000 0.000000
v -0.338000 0.025091 0.000000
v -0.144545 -0.074909 0.000000
v -0.369000 0.007000 0.000000
v -0.321455 0.008909 0.000000
v -0.300182 0.024818 0.000000
v -0.479500 -0.007500 0.000000
v -0.483500 0.011500 0.000000
v -0.451500 0.003500 0.000000
v -0.462722 0.015278 0.000000
v -0.439100 0.015500 0.000000
v -0.427909 -0.002091 0.000000
v -0.401273 0.000636 0.000000
v -0.172950 -0.059050 0.000000
v -0.133000 -0.079000 0.000000
v -0.399000 0.019000 0.000000
v -0.484909 0.023091 0.000000
v -0.411273 0.023364 0.000000
v -0.364900 0.023500 0.000000
v -0.336273 0.005636 0.000000
v -0.331500 0.021500 0.000000
v -0.318909 0.070909 0.000000
v 0.108500 -0.079500 0.000000
v 0.095208 -0.057208 0.000000
v 0.132727 -0.074636 0.000000
v 0.143167 -0.071167 0.000000
v 0.124500 0.072500 0.000000
v 0.484167 0.012167 0.000000
v 0.438727 0.022636 0.000000
v -0.117091 -0.064909 0.000000
v -0.319273 0.029364 0.000000
v -0.359727 0.003636 0.000000
v -0.328257 0.008286 0.000000
v -0.466180 0.011820 0.000000
v -0.431737 0.001737 0.000000
v -0.400316 0.005421 0.000000
v -0.176306 -0.055694 0.000000
v -0.179259 -0.059445 0.000000
v -0.170915 -0.053659 0.000000
v -0.488737 0.019263 0.000000
v -0.410316 0.018579 0.000000
v -0.335316 0.010421 0.000000
v -0.322737 0.074737 0.000000
v 0.091782 -0.053782 0.000000
v 0.105091 -0.051091 0.000000
v 0.125347 -0.076704 0.000000
v 0.133684 -0.079421 0.000000
v 0.146876 -0.074876 0.000000
v 0.487876 0.015876 0.000000
v 0.439684 0.027421 0.000000
v -0.113263 -0.068737 0.000000
v -0.318316 0.024579 0.000000
v -0.360684 0.008421 0.000000
v -0.461150 0.010248 0.000000
v -0.469877 0.018975 0.000000
v -0.436497 -0.006500 0.000000
v -0.426485 0.003160 0.000000
v -0.406787 0.005640 0.000000
v -0.392313 0.001332 0.000000
v -0.181093 -0.064302 0.000000
v -0.483078 0.017432 0.000000
v -0.490359 0.024713 0.000000
v -0.404719 0.020438 0.000000
v -0.418842 0.019362 0.000000
v -0.340104 0.008891 0.000000
v -0.326984 0.068639 0.000000
v -0.316674 0.076972 0.000000
v 0.090221 -0.058769 0.000000
v 0.097269 -0.051722 0.000000
v 0.101263 -0.047263 0.000000
v 0.139900 -0.076988 0.000000
v 0.128810 -0.080227 0.000000
v 0.490800 0.009242 0.000000
v 0.433839 0.027870 0.000000
v 0.447169 0.023436 0.000000
v -0.111641 -0.063287 0.000000
v -0.119326 -0.070972 0.000000
v -0.311000 0.028031 0.000000
v -0.324293 0.025872 0.000000
v -0.364411 0.005188 0.000000
v -0.353530 0.007364 0.000000
v -0.435339 -0.001675 0.000000
v -0.420259 -0.001346 0.000000
v -0.346000 0.007811 0.000000
v 0.087837 -0.064016 0.000000
v 0.094096 -0.062401 0.000000
v 0.109052 -0.043303 0.000000
v -0.369919 -0.002041 0.000000
v -0.441777 -0.001330 0.000000
v -0.342026 0.002745 0.000000
v 0.099201 -0.060779 0.000000
v 0.104370 -0.043734 0.000000
v -0.363847 -0.000955 0.000000
v -0.467839 -0.005518 0.000000
v -0.473083 -0.000750 0.000000
v -0.154455 -0.057364 0.000000
v -0.122154 -0.078615 0.000000
v -0.127772 -0.073315 0.000000
v -0.155364 -0.032455 0.000000
v -0.290182 -0.010636 0.000000
v -0.177182 -0.019636 0.000000
v -0.378818 0.026364 0.000000
v -0.489636 0.038818 0.000000
v -0.428455 0.051364 0.000000
v -0.359182 0.059636 0.000000
v -0.308769 0.009615 0.000000
v -0.234455 0.069364 0.000000
v -0.262818 0.073636 0.000000
v -0.298455 0.073364 0.000000
v -0.197000 0.075364 0.000000
v -0.124455 0.075364 0.000000
v -0.111364 -0.044182 0.000000
v 0.107818 -0.020636 0.000000
v 0.147786 -0.063929 0.000000
v 0.182455 0.002636 0.000000
v 0.258455 0.014636 0.000000
v 0.216455 0.008636 0.000000
v 0.094545 0.060364 0.000000
v 0.139182 0.059636 0.000000
v 0.052455 0.061364 0.000000
v 0.236455 0.049364 0.000000
v 0.168231 0.058615 0.000000
v -0.029545 0.067364 0.000000
v -0.089545 0.073364 0.000000
v 0.015455 0.064364 0.000000
v 0.467455 0.012364 0.000000
v 0.408455 0.023364 0.000000
v 0.321455 0.040364 0.000000
v 0.389455 0.028364 0.000000
v 0.348182 0.038636 0.000000
v 0.369455 0.032364 0.000000
v -0.349455 0.029636 0.000000
v -0.148308 -0.079821 0.000000
v -0.375250 0.005750 0.000000
v -0.456031 -0.002281 0.000000
v -0.433237 0.017063 0.000000
v -0.452455 0.043364 0.000000
v -0.166098 -0.061706 0.000000
v -0.137867 -0.074399 0.000000
v 0.110722 -0.072000 0.000000
v 0.434266 0.012799 0.000000
v -0.175854 -0.063246 0.000000
v -0.170737 -0.063989 0.000000
v -0.475920 0.015759 0.000000
v -0.412500 0.002500 0.000000
v -0.389000 0.006574 0.000000
v -0.399310 0.029858 0.000000
v -0.423209 0.016318 0.000000
v -0.426421 0.025581 0.000000
v -0.427890 0.019883 0.000000
v -0.416320 0.015534 0.000000
v 0.141619 -0.081523 0.000000
v 0.137605 -0.071873 0.000000
v 0.139388 -0.063663 0.000000
v 0.131154 -0.066173 0.000000
v 0.133398 -0.070134 0.000000
v 0.127352 -0.070943 0.000000
v 0.493164 0.004393 0.000000
v 0.486814 0.004298 0.000000
v 0.427000 0.027436 0.000000
v 0.452497 0.025490 0.000000
v -0.117242 -0.054437 0.000000
v -0.327973 0.036517 0.000000
v 0.110259 -0.036086 0.000000
v -0.446678 0.001006 0.000000
v -0.447917 -0.007903 0.000000
v -0.445887 -0.003644 0.000000
v -0.450842 -0.002094 0.000000
v -0.442101 -0.008062 0.000000
v -0.453265 -0.006956 0.000000
v -0.460334 -0.007983 0.000000
v -0.451274 -0.011288 0.000000
v -0.456201 -0.010929 0.000000
v -0.349378 0.001070 0.000000
v -0.335164 -0.003739 0.000000
v -0.365806 -0.007515 0.000000
v -0.466244 -0.000731 0.000000
v -0.461728 -0.003085 0.000000
v -0.156368 -0.063105 0.000000
v -0.125456 -0.065268 0.000000
v -0.161105 -0.034368 0.000000
v -0.297206 -0.011010 0.000000
v -0.293052 -0.015421 0.000000
v -0.286878 -0.015872 0.000000
v -0.180052 -0.024421 0.000000
v -0.173289 -0.025226 0.000000
v -0.187099 -0.016940 0.000000
v -0.184631 -0.021674 0.000000
v -0.190484 -0.021715 0.000000
v -0.375948 0.021579 0.000000
v -0.370893 0.025240 0.000000
v -0.382234 0.021061 0.000000
v -0.487067 0.045202 0.000000
v -0.494330 0.041998 0.000000
v -0.494421 0.035948 0.000000
v -0.490790 0.030909 0.000000
v -0.430368 0.057105 0.000000
v -0.439455 0.046364 0.000000
v -0.357243 0.065729 0.000000
v -0.311372 0.013954 0.000000
v -0.315798 0.010201 0.000000
v -0.309455 -0.002364 0.000000
v -0.236368 0.075105 0.000000
v -0.259948 0.078421 0.000000
v -0.266711 0.079226 0.000000
v -0.254101 0.071659 0.000000
v -0.255656 0.076223 0.000000
v -0.300368 0.079105 0.000000
v -0.308487 0.070510 0.000000
v -0.285455 0.074364 0.000000
v -0.197000 0.081105 0.000000
v -0.213455 0.072364 0.000000
v -0.181545 0.075364 0.000000
v -0.109545 0.075364 0.000000
v -0.126368 0.081105 0.000000
v -0.106579 -0.047052 0.000000
v -0.105774 -0.040289 0.000000
v -0.111984 -0.050638 0.000000
v 0.104948 -0.025421 0.000000
v 0.112859 -0.028136 0.000000
v 0.097901 -0.017940 0.000000
v 0.109540 -0.024923 0.000000
v 0.116278 -0.019727 0.000000
v 0.100369 -0.022674 0.000000
v 0.094516 -0.022715 0.000000
v 0.184368 -0.003105 0.000000
v 0.264414 0.011643 0.000000
v 0.218368 0.002895 0.000000
v 0.092632 0.066105 0.000000
v 0.142052 0.064421 0.000000
v 0.135289 0.065226 0.000000
v 0.147899 0.057659 0.000000
v 0.146344 0.062223 0.000000
v 0.054368 0.067105 0.000000
v 0.238368 0.055105 0.000000
v 0.165628 0.062954 0.000000
v 0.160087 0.056680 0.000000
v 0.187455 0.054364 0.000000
v -0.027632 0.073105 0.000000
v -0.083586 0.076357 0.000000
v 0.017368 0.070105 0.000000
v 0.469368 0.018105 0.000000
v 0.410368 0.029105 0.000000
v 0.323368 0.046105 0.000000
v 0.308455 0.041364 0.000000
v 0.396804 0.030413 0.000000
v 0.391368 0.034105 0.000000
v 0.351052 0.043421 0.000000
v 0.344878 0.043872 0.000000
v 0.358099 0.035940 0.000000
v 0.355631 0.040674 0.000000
v 0.360777 0.040347 0.000000
v 0.364134 0.035288 0.000000
v 0.365961 0.040728 0.000000
v 0.371387 0.038160 0.000000
v -0.351368 0.023895 0.000000
v -0.371385 0.002675 0.000000
v -0.378312 -0.002065 0.000000
v -0.454368 0.049105 0.000000
v -0.451000 0.022636 0.000000
v -0.132812 -0.073926 0.000000
v -0.130969 -0.068039 0.000000
v -0.135750 -0.069774 0.000000
v -0.141569 -0.069907 0.000000
v -0.136436 -0.060431 0.000000
v -0.134775 -0.065006 0.000000
v -0.130055 -0.062987 0.000000
v -0.140348 -0.064440 0.000000
v -0.124464 -0.057491 0.000000
v -0.144957 -0.056030 0.000000
v -0.148024 -0.065594 0.000000
v -0.141368 -0.059531 0.000000
v -0.137428 -0.051903 0.000000
v -0.146209 -0.060902 0.000000
v -0.151376 -0.061600 0.000000
v 0.432480 0.007440 0.000000
v 0.438156 0.006094 0.000000
v 0.424622 0.013036 0.000000
v 0.427694 0.009035 0.000000
v 0.422652 0.008344 0.000000
v 0.415318 0.014182 0.000000
v 0.417107 0.008748 0.000000
v -0.478204 0.022135 0.000000
v -0.416908 0.001644 0.000000
v -0.413284 -0.005792 0.000000
v -0.407207 -0.000362 0.000000
v -0.393599 0.005813 0.000000
v -0.400686 0.024385 0.000000
v -0.392752 0.023913 0.000000
v -0.406449 0.028744 0.000000
v -0.389455 0.054364 0.000000
v -0.423245 0.021723 0.000000
v -0.417811 0.026571 0.000000
v -0.433701 0.024420 0.000000
v 0.120797 -0.061818 0.000000
v 0.119025 -0.071274 0.000000
v 0.482000 0.001719 0.000000
v 0.475401 0.004806 0.000000
v 0.453473 0.015018 0.000000
v -0.115690 -0.059652 0.000000
v -0.120707 -0.061130 0.000000
v -0.324632 0.031713 0.000000
v -0.445106 -0.011539 0.000000
v -0.440246 -0.012702 0.000000
v -0.356075 -0.003784 0.000000
v -0.337419 0.000747 0.000000
v -0.342476 -0.004604 0.000000
v -0.330348 0.001491 0.000000
v -0.160669 -0.058482 0.000000
v -0.121199 -0.066838 0.000000
v -0.124722 -0.069836 0.000000
v -0.154842 -0.043589 0.000000
v -0.161627 -0.023234 0.000000
v -0.279249 -0.007398 0.000000
v -0.197256 -0.013326 0.000000
v -0.197000 -0.021854 0.000000
v -0.364813 0.034994 0.000000
v -0.481258 0.047773 0.000000
v -0.424107 0.056002 0.000000
v -0.435477 0.052213 0.000000
v -0.362426 0.064024 0.000000
v -0.369989 0.057404 0.000000
v -0.364678 0.058965 0.000000
v -0.368516 0.062209 0.000000
v -0.364566 0.048768 0.000000
v -0.374186 0.061319 0.000000
v -0.366060 0.053851 0.000000
v -0.374323 0.048661 0.000000
v -0.359490 0.053021 0.000000
v -0.369459 0.050091 0.000000
v -0.369655 0.041767 0.000000
v -0.347412 0.059245 0.000000
v -0.352000 0.067948 0.000000
v -0.316852 0.001786 0.000000
v -0.311368 -0.008105 0.000000
v -0.228795 0.074440 0.000000
v -0.244427 0.069229 0.000000
v -0.294107 0.078002 0.000000
v -0.304236 0.074626 0.000000
v -0.313633 0.072407 0.000000
v -0.313972 0.063560 0.000000
v -0.310392 0.077862 0.000000
v -0.312361 0.067929 0.000000
v -0.306462 0.063273 0.000000
v -0.280804 0.080413 0.000000
v -0.287368 0.080105 0.000000
v -0.202842 0.080892 0.000000
v -0.189559 0.079911 0.000000
v -0.215368 0.078105 0.000000
v -0.179632 0.081105 0.000000
v -0.107632 0.081105 0.000000
v -0.094545 -0.018364 0.000000
v -0.135000 0.075542 0.000000
v -0.119304 0.080270 0.000000
v -0.118814 -0.046724 0.000000
v 0.145636 -0.043182 0.000000
v 0.157636 -0.007182 0.000000
v 0.087744 -0.014326 0.000000
v 0.088000 -0.022854 0.000000
v 0.191479 0.000649 0.000000
v 0.176795 -0.002440 0.000000
v 0.259277 0.008844 0.000000
v 0.270859 0.015422 0.000000
v 0.225479 0.006649 0.000000
v 0.210795 0.003560 0.000000
v 0.084000 0.060542 0.000000
v 0.100205 0.065440 0.000000
v 0.128863 0.067334 0.000000
v 0.049000 0.068965 0.000000
v 0.060804 0.061770 0.000000
v 0.233000 0.056965 0.000000
v 0.244804 0.049770 0.000000
v 0.189368 0.060105 0.000000
v -0.035205 0.072440 0.000000
v -0.020031 0.067382 0.000000
v -0.088723 0.079156 0.000000
v -0.081260 0.064296 0.000000
v -0.077141 0.072578 0.000000
v 0.012000 0.071965 0.000000
v 0.024969 0.064382 0.000000
v 0.463265 0.019795 0.000000
v 0.476461 0.014372 0.000000
v 0.418294 0.024382 0.000000
v 0.317107 0.045002 0.000000
v 0.332173 0.039980 0.000000
v 0.310368 0.047105 0.000000
v 0.403438 0.028225 0.000000
v 0.386000 0.035965 0.000000
v 0.340000 0.046300 0.000000
v 0.334819 0.044711 0.000000
v 0.339418 0.039015 0.000000
v 0.329330 0.044675 0.000000
v 0.326806 0.039938 0.000000
v 0.323375 0.030665 0.000000
v 0.323783 0.035785 0.000000
v 0.314502 0.033947 0.000000
v 0.330585 0.032668 0.000000
v 0.319402 0.033557 0.000000
v 0.316261 0.025067 0.000000
v 0.359962 0.024914 0.000000
v 0.377781 0.032808 0.000000
v -0.345000 0.022267 0.000000
v -0.358241 0.027366 0.000000
v -0.381402 0.003653 0.000000
v -0.462000 0.044731 0.000000
v -0.446795 0.048440 0.000000
v -0.451000 0.016895 0.000000
v 0.445000 0.006574 0.000000
v 0.419854 0.012664 0.000000
v 0.421766 0.018881 0.000000
v -0.411397 -0.001787 0.000000
v -0.407624 -0.006011 0.000000
v -0.389000 0.020277 0.000000
v -0.386326 0.026790 0.000000
v -0.391368 0.060105 0.000000
v 0.125361 -0.065456 0.000000
v 0.123253 -0.072746 0.000000
v 0.119702 -0.076139 0.000000
v 0.115106 -0.074299 0.000000
v 0.451508 0.020116 0.000000
v 0.444330 0.015230 0.000000
v 0.457373 0.019449 0.000000
v 0.448926 0.016193 0.000000
v 0.447588 0.011128 0.000000
v 0.450626 0.006389 0.000000
v -0.317787 0.040038 0.000000
v -0.332136 0.030057 0.000000
v -0.359392 -0.000808 0.000000
v -0.361475 -0.005236 0.000000
v -0.354587 0.001210 0.000000
v -0.357546 -0.009081 0.000000
v -0.351542 -0.007897 0.000000
v -0.165784 -0.056053 0.000000
v -0.156673 -0.038095 0.000000
v -0.158880 -0.050595 0.000000
v -0.162936 -0.028875 0.000000
v -0.284259 -0.010559 0.000000
v -0.192687 -0.016565 0.000000
v -0.189229 -0.006846 0.000000
v -0.192329 -0.011218 0.000000
v -0.198530 -0.003537 0.000000
v -0.196513 -0.008252 0.000000
v -0.205879 -0.009471 0.000000
v -0.201024 -0.010182 0.000000
v -0.204644 -0.017960 0.000000
v -0.366477 0.029259 0.000000
v -0.476000 0.049952 0.000000
v -0.480845 0.038989 0.000000
v -0.418058 0.045977 0.000000
v -0.379000 0.063528 0.000000
v -0.384896 0.060775 0.000000
v -0.379310 0.056501 0.000000
v -0.354488 0.041897 0.000000
v -0.353242 0.061101 0.000000
v -0.345687 0.065716 0.000000
v -0.317856 0.006185 0.000000
v -0.323397 0.002605 0.000000
v -0.312273 0.005146 0.000000
v -0.303849 -0.007422 0.000000
v -0.315058 -0.003685 0.000000
v -0.232361 0.077281 0.000000
v -0.239462 0.070884 0.000000
v -0.239346 0.062259 0.000000
v -0.291769 0.071455 0.000000
v -0.302522 0.068604 0.000000
v -0.221783 0.075178 0.000000
v -0.208588 0.077175 0.000000
v -0.184478 0.079531 0.000000
v -0.187421 0.074344 0.000000
v -0.170411 0.074842 0.000000
v -0.113000 0.082965 0.000000
v -0.100031 0.075382 0.000000
v -0.104364 -0.027182 0.000000
v -0.092632 -0.024105 0.000000
v -0.129704 0.076803 0.000000
v -0.129632 0.066777 0.000000
v -0.128254 0.071800 0.000000
v -0.133383 0.070506 0.000000
v -0.120038 0.066847 0.000000
v -0.143119 0.070157 0.000000
v -0.123447 0.070482 0.000000
v -0.138300 0.071705 0.000000
v -0.137957 0.062153 0.000000
v -0.116697 0.073396 0.000000
v -0.141947 0.078179 0.000000
v -0.134463 0.065669 0.000000
v -0.139409 0.066883 0.000000
v -0.130130 0.057866 0.000000
v -0.147068 0.061944 0.000000
v -0.116284 -0.050225 0.000000
v -0.121420 -0.051272 0.000000
v -0.128179 -0.044377 0.000000
v -0.123827 -0.046871 0.000000
v -0.121582 -0.037909 0.000000
v -0.129575 -0.051856 0.000000
v 0.150421 -0.046052 0.000000
v 0.153162 -0.040897 0.000000
v 0.142940 -0.053099 0.000000
v 0.147674 -0.050631 0.000000
v 0.147347 -0.055777 0.000000
v 0.142478 -0.058822 0.000000
v 0.162421 -0.010052 0.000000
v 0.165117 -0.000136 0.000000
v 0.154940 -0.017099 0.000000
v 0.162371 -0.004714 0.000000
v 0.159674 -0.014631 0.000000
v 0.155628 0.002445 0.000000
v 0.159347 -0.019777 0.000000
v 0.157990 -0.002085 0.000000
v 0.152395 -0.026250 0.000000
v 0.159728 -0.024961 0.000000
v 0.148779 -0.004007 0.000000
v 0.154958 -0.022033 0.000000
v 0.157160 -0.030387 0.000000
v 0.153655 -0.004345 0.000000
v 0.146201 -0.019598 0.000000
v 0.150738 -0.011080 0.000000
v 0.092313 -0.017565 0.000000
v 0.095771 -0.007846 0.000000
v 0.092671 -0.012218 0.000000
v 0.086470 -0.004537 0.000000
v 0.088487 -0.009252 0.000000
v 0.079121 -0.010471 0.000000
v 0.083976 -0.011182 0.000000
v 0.080356 -0.018960 0.000000
v 0.186802 0.000896 0.000000
v 0.189579 0.009063 0.000000
v 0.186187 0.005660 0.000000
v 0.181852 0.013373 0.000000
v 0.181238 0.007954 0.000000
v 0.171937 0.011751 0.000000
v 0.176136 0.003989 0.000000
v 0.177123 0.011164 0.000000
v 0.175570 0.020651 0.000000
v 0.175009 0.015689 0.000000
v 0.166492 0.019165 0.000000
v 0.180361 -0.005281 0.000000
v 0.250776 0.010592 0.000000
v 0.264402 0.019050 0.000000
v 0.220802 0.006896 0.000000
v 0.223579 0.015063 0.000000
v 0.220187 0.011660 0.000000
v 0.215852 0.019373 0.000000
v 0.215238 0.013954 0.000000
v 0.205937 0.017751 0.000000
v 0.210136 0.009989 0.000000
v 0.211123 0.017164 0.000000
v 0.209570 0.026651 0.000000
v 0.209009 0.021689 0.000000
v 0.200492 0.025165 0.000000
v 0.214361 0.000719 0.000000
v 0.089296 0.061803 0.000000
v 0.088883 0.051785 0.000000
v 0.090726 0.056727 0.000000
v 0.098565 0.050990 0.000000
v 0.095711 0.055315 0.000000
v 0.104015 0.057689 0.000000
v 0.096639 0.068281 0.000000
v 0.041000 0.065034 0.000000
v 0.060857 0.066572 0.000000
v 0.065075 0.064124 0.000000
v 0.067112 0.055375 0.000000
v 0.056550 0.063188 0.000000
v 0.056851 0.057002 0.000000
v 0.226372 0.054395 0.000000
v 0.244857 0.054572 0.000000
v 0.249075 0.052124 0.000000
v 0.251112 0.043375 0.000000
v 0.240550 0.051188 0.000000
v 0.240851 0.045002 0.000000
v 0.181795 0.059440 0.000000
v 0.196969 0.054382 0.000000
v -0.031639 0.075281 0.000000
v -0.022622 0.071849 0.000000
v -0.084124 0.069998 0.000000
v 0.004000 0.068034 0.000000
v 0.022378 0.068849 0.000000
v 0.471793 0.014107 0.000000
v 0.471473 0.008633 0.000000
v 0.465513 0.006242 0.000000
v 0.415151 0.028119 0.000000
v 0.413416 0.023470 0.000000
v 0.420027 0.029029 0.000000
v 0.411048 0.018146 0.000000
v 0.416679 0.019516 0.000000
v 0.302795 0.046440 0.000000
v 0.315847 0.039465 0.000000
v 0.360585 0.030690 0.000000
v 0.381472 0.035476 0.000000
v 0.377222 0.037468 0.000000
v 0.383127 0.029298 0.000000
v 0.373530 0.034225 0.000000
v 0.373856 0.028119 0.000000
v -0.353681 0.027856 0.000000
v -0.354149 0.034872 0.000000
v -0.384281 0.007507 0.000000
v -0.386626 0.001406 0.000000
v -0.457090 0.045008 0.000000
v -0.457687 0.035969 0.000000
v -0.459305 0.040615 0.000000
v -0.467949 0.037896 0.000000
v -0.462847 0.036778 0.000000
v -0.467380 0.028293 0.000000
v -0.466310 0.033175 0.000000
v -0.474871 0.032848 0.000000
v -0.460289 0.029297 0.000000
v -0.462000 0.049410 0.000000
v -0.468448 0.047071 0.000000
v -0.450361 0.051281 0.000000
v -0.444927 0.017250 0.000000
v -0.457369 0.019766 0.000000
v 0.429596 0.019087 0.000000
v 0.423401 0.023759 0.000000
v -0.410655 -0.011105 0.000000
v -0.396687 0.055142 0.000000
v 0.129528 -0.055546 0.000000
v 0.120650 -0.066685 0.000000
v 0.112833 -0.064014 0.000000
v 0.460318 0.012924 0.000000
v 0.457543 0.024238 0.000000
v -0.322383 0.036841 0.000000
v -0.325753 0.046587 0.000000
v -0.325443 0.041239 0.000000
v -0.335079 0.043363 0.000000
v -0.330560 0.040942 0.000000
v -0.336022 0.036176 0.000000
v -0.348000 -0.011232 0.000000
v -0.351400 -0.003187 0.000000
v -0.347220 -0.005669 0.000000
v -0.166569 -0.051041 0.000000
v -0.160418 -0.042396 0.000000
v -0.146019 -0.037596 0.000000
v -0.158102 -0.054918 0.000000
v -0.153395 -0.051840 0.000000
v -0.162247 -0.053432 0.000000
v -0.149891 -0.055375 0.000000
v -0.146466 -0.048479 0.000000
v -0.157495 -0.027165 0.000000
v -0.167347 -0.024878 0.000000
v -0.279858 -0.016031 0.000000
v -0.287358 -0.000097 0.000000
v -0.201955 -0.022130 0.000000
v -0.207329 -0.022644 0.000000
v -0.214289 -0.015543 0.000000
v -0.209807 -0.018111 0.000000
v -0.209798 -0.012902 0.000000
v -0.214597 -0.021274 0.000000
v -0.213922 -0.004239 0.000000
v -0.214600 -0.009875 0.000000
v -0.361743 0.030994 0.000000
v -0.359470 0.035917 0.000000
v -0.363150 0.041300 0.000000
v -0.372997 0.034261 0.000000
v -0.482752 0.043301 0.000000
v -0.476351 0.043555 0.000000
v -0.422497 0.050136 0.000000
v -0.358558 0.046754 0.000000
v -0.352315 0.053928 0.000000
v -0.349838 0.064020 0.000000
v -0.335124 0.059433 0.000000
v -0.344000 0.072000 0.000000
v -0.342000 0.068095 0.000000
v -0.340714 0.062056 0.000000
v -0.335767 0.067367 0.000000
v -0.305465 0.003417 0.000000
v -0.307380 -0.010285 0.000000
v -0.320714 -0.002510 0.000000
v -0.295041 0.058955 0.000000
v -0.192117 0.075735 0.000000
v -0.193900 0.066893 0.000000
v -0.190993 0.070907 0.000000
v -0.185329 0.063747 0.000000
v -0.185860 0.069147 0.000000
v -0.176605 0.067330 0.000000
v -0.181505 0.066848 0.000000
v -0.178254 0.058932 0.000000
v -0.174138 0.079274 0.000000
v -0.102622 0.079849 0.000000
v -0.094284 0.076991 0.000000
v -0.099579 -0.030052 0.000000
v -0.099012 -0.023684 0.000000
v -0.105044 -0.033738 0.000000
v -0.083411 -0.017842 0.000000
v 0.150093 -0.033714 0.000000
v 0.155419 -0.035740 0.000000
v 0.083045 -0.023130 0.000000
v 0.078033 -0.023410 0.000000
v 0.071306 -0.017067 0.000000
v 0.072000 -0.023483 0.000000
v 0.171258 0.000240 0.000000
v 0.255339 0.011240 0.000000
v 0.252153 0.017289 0.000000
v 0.253667 0.006621 0.000000
v 0.248479 0.005882 0.000000
v 0.241278 0.012308 0.000000
v 0.245785 0.010111 0.000000
v 0.247863 0.014681 0.000000
v 0.240960 0.005937 0.000000
v 0.245385 0.023590 0.000000
v 0.200586 0.005761 0.000000
v 0.044339 0.068345 0.000000
v 0.046581 0.062744 0.000000
v 0.062063 0.056704 0.000000
v 0.062233 0.047090 0.000000
v 0.063504 0.051921 0.000000
v 0.057476 0.050924 0.000000
v 0.071432 0.047252 0.000000
v 0.246063 0.044704 0.000000
v 0.242929 0.035614 0.000000
v 0.243214 0.040601 0.000000
v 0.234231 0.038613 0.000000
v 0.248638 0.037789 0.000000
v 0.185361 0.062281 0.000000
v 0.194378 0.058849 0.000000
v -0.092801 0.062070 0.000000
v -0.079664 0.068668 0.000000
v -0.072711 0.063653 0.000000
v -0.074694 0.068231 0.000000
v -0.065588 0.069457 0.000000
v -0.071839 0.072699 0.000000
v 0.007339 0.071345 0.000000
v 0.009581 0.065744 0.000000
v 0.467908 0.002357 0.000000
v 0.461004 0.004030 0.000000
v 0.456080 0.006376 0.000000
v 0.453362 0.010270 0.000000
v 0.400502 0.016158 0.000000
v 0.408653 0.011284 0.000000
v 0.306361 0.049281 0.000000
v 0.350983 0.029356 0.000000
v 0.365836 0.027201 0.000000
v 0.384634 0.017615 0.000000
v -0.389361 -0.007094 0.000000
v -0.440239 0.022283 0.000000
v 0.425728 0.017197 0.000000
v 0.429470 0.013975 0.000000
v 0.126047 -0.059913 0.000000
v 0.120045 -0.051559 0.000000
v 0.121868 -0.056583 0.000000
v 0.114235 -0.056510 0.000000
v 0.135805 -0.057969 0.000000
v -0.161501 -0.046843 0.000000
v -0.151416 -0.036343 0.000000
v -0.146496 -0.027401 0.000000
v -0.150217 -0.031178 0.000000
v -0.151963 -0.025738 0.000000
v -0.167402 -0.013916 0.000000
v -0.287283 -0.005765 0.000000
v -0.221892 -0.018008 0.000000
v -0.210339 -0.007529 0.000000
v -0.205476 -0.002452 0.000000
v -0.358735 0.040369 0.000000
v -0.366183 0.044594 0.000000
v -0.368762 0.033031 0.000000
v -0.368506 0.037471 0.000000
v -0.372015 0.029734 0.000000
v -0.376900 0.031044 0.000000
v -0.380651 0.039573 0.000000
v -0.382347 0.030543 0.000000
v -0.377573 0.035837 0.000000
v -0.390989 0.035720 0.000000
v -0.373873 0.039148 0.000000
v -0.387398 0.031913 0.000000
v -0.383721 0.035475 0.000000
v -0.393207 0.030032 0.000000
v -0.387164 0.041254 0.000000
v -0.475494 0.038218 0.000000
v -0.472962 0.046577 0.000000
v -0.471563 0.041596 0.000000
v -0.427651 0.040188 0.000000
v -0.415402 0.053259 0.000000
v -0.356245 0.056185 0.000000
v -0.355515 0.050409 0.000000
v -0.348201 0.046973 0.000000
v -0.341184 0.053788 0.000000
v -0.331485 0.068760 0.000000
v -0.332195 0.063663 0.000000
v -0.326160 0.056354 0.000000
v -0.330208 0.059158 0.000000
v -0.333108 0.051404 0.000000
v -0.324820 0.062614 0.000000
v -0.318795 -0.007473 0.000000
v -0.300143 0.062724 0.000000
v -0.176035 0.073895 0.000000
v -0.168465 0.080261 0.000000
v -0.095547 0.070432 0.000000
v -0.107888 -0.015945 0.000000
v -0.114933 -0.029398 0.000000
v -0.101413 -0.036862 0.000000
v -0.088905 -0.019673 0.000000
v 0.064679 -0.021030 0.000000
v 0.170672 0.006050 0.000000
v 0.168467 -0.004510 0.000000
v 0.233367 0.009509 0.000000
v 0.206049 0.006321 0.000000
v 0.204622 0.012023 0.000000
v 0.203851 0.000842 0.000000
v 0.048603 0.053083 0.000000
v 0.235460 0.043964 0.000000
v 0.229412 0.047869 0.000000
v 0.238538 0.040440 0.000000
v 0.238054 0.035590 0.000000
v 0.230145 0.042368 0.000000
v 0.230783 0.030323 0.000000
v 0.240525 0.028860 0.000000
v 0.220027 0.043821 0.000000
v 0.228271 0.036229 0.000000
v 0.225291 0.044521 0.000000
v 0.221898 0.049889 0.000000
v 0.223329 0.039135 0.000000
v 0.248176 0.030423 0.000000
v 0.259779 0.036197 0.000000
v -0.087344 0.064810 0.000000
v 0.002730 0.056995 0.000000
v 0.405494 0.018639 0.000000
v 0.400429 0.022566 0.000000
v 0.356029 0.028260 0.000000
v 0.351563 0.019863 0.000000
v 0.355208 0.023311 0.000000
v 0.358373 0.016313 0.000000
v 0.385528 0.023669 0.000000
v -0.389421 -0.002385 0.000000
v -0.396345 -0.004787 0.000000
v -0.383796 -0.004668 0.000000
v -0.156014 -0.021472 0.000000
v -0.170647 -0.019414 0.000000
v -0.282512 -0.002868 0.000000
v -0.272851 0.000651 0.000000
v -0.277185 -0.002471 0.000000
v -0.269483 -0.008593 0.000000
v -0.280431 0.006604 0.000000
v -0.272471 -0.004446 0.000000
v -0.282846 0.002170 0.000000
v -0.277499 0.002534 0.000000
v -0.263625 -0.001224 0.000000
v -0.288725 0.008247 0.000000
v -0.271910 0.009651 0.000000
v -0.268503 -0.001587 0.000000
v -0.266552 0.005140 0.000000
v -0.295076 -0.003033 0.000000
v -0.224252 -0.005856 0.000000
v -0.382119 0.047342 0.000000
v -0.397549 0.044343 0.000000
v -0.423671 0.044435 0.000000
v -0.419957 0.053988 0.000000
v -0.339288 0.057828 0.000000
v -0.336689 0.054143 0.000000
v -0.338494 0.048364 0.000000
v -0.318960 0.058086 0.000000
v -0.322158 0.066971 0.000000
v -0.304274 0.051796 0.000000
v -0.294211 0.065416 0.000000
v -0.179727 0.071115 0.000000
v -0.159831 0.074103 0.000000
v -0.104772 0.066580 0.000000
v -0.104541 -0.021066 0.000000
v -0.112053 -0.036272 0.000000
v -0.109293 -0.029984 0.000000
v -0.084604 -0.023418 0.000000
v -0.089404 -0.009019 0.000000
v 0.068904 -0.020573 0.000000
v 0.066295 -0.016209 0.000000
v 0.070290 -0.007937 0.000000
v 0.056942 -0.015756 0.000000
v 0.061554 -0.017302 0.000000
v 0.062163 -0.009113 0.000000
v 0.057363 -0.022155 0.000000
v 0.162841 0.010778 0.000000
v 0.235792 0.004807 0.000000
v 0.237898 0.009283 0.000000
v 0.235907 0.014908 0.000000
v 0.196889 0.016813 0.000000
v 0.197672 0.000284 0.000000
v 0.053422 0.053579 0.000000
v 0.051710 0.046542 0.000000
v 0.048594 0.058123 0.000000
v 0.041237 0.057666 0.000000
v 0.210205 0.050171 0.000000
v 0.213738 0.035882 0.000000
v 0.254433 0.038564 0.000000
v -0.090868 0.068463 0.000000
v -0.085214 0.053767 0.000000
v 0.004922 0.062335 0.000000
v 0.392787 0.019275 0.000000
v 0.365472 0.019449 0.000000
v 0.379061 0.024237 0.000000
v -0.384807 -0.009942 0.000000
v -0.378744 -0.008370 0.000000
v -0.160741 -0.016236 0.000000
v -0.146281 -0.016879 0.000000
v -0.174114 -0.013661 0.000000
v -0.291860 -0.006340 0.000000
v -0.218859 -0.006504 0.000000
v -0.220406 0.003380 0.000000
v -0.222227 -0.011768 0.000000
v -0.221026 -0.001780 0.000000
v -0.229864 0.001899 0.000000
v -0.225964 -0.001187 0.000000
v -0.233385 -0.006557 0.000000
v -0.383211 0.043112 0.000000
v -0.378166 0.044066 0.000000
v -0.387164 0.046389 0.000000
v -0.392052 0.043821 0.000000
v -0.391844 0.049361 0.000000
v -0.395256 0.039280 0.000000
v -0.404670 0.038067 0.000000
v -0.400149 0.040115 0.000000
v -0.405753 0.046474 0.000000
v -0.400521 0.034922 0.000000
v -0.429265 0.045689 0.000000
v -0.419004 0.036073 0.000000
v -0.343570 0.049225 0.000000
v -0.346704 0.053770 0.000000
v -0.342659 0.041465 0.000000
v -0.300667 0.056678 0.000000
v -0.283173 0.060712 0.000000
v -0.297742 0.068637 0.000000
v -0.165017 0.075964 0.000000
v -0.165724 0.065841 0.000000
v -0.160444 0.080549 0.000000
v -0.163943 0.070803 0.000000
v -0.156124 0.065195 0.000000
v -0.160832 0.066885 0.000000
v -0.161445 0.057776 0.000000
v -0.100842 0.070141 0.000000
v -0.104785 0.073434 0.000000
v -0.098893 0.064041 0.000000
v -0.108948 0.069999 0.000000
v -0.112497 0.061403 0.000000
v -0.109419 0.065163 0.000000
v -0.114398 0.068089 0.000000
v -0.104831 0.058267 0.000000
v -0.100823 -0.014982 0.000000
v -0.112065 -0.022329 0.000000
v -0.076612 -0.022212 0.000000
v -0.090657 -0.014416 0.000000
v -0.095983 -0.010336 0.000000
v 0.061370 -0.023864 0.000000
v 0.047854 -0.019568 0.000000
v 0.167553 0.009733 0.000000
v 0.167988 0.014558 0.000000
v 0.164108 0.005348 0.000000
v 0.158814 0.006975 0.000000
v 0.160485 0.002096 0.000000
v 0.154086 0.016015 0.000000
v 0.157725 0.012162 0.000000
v 0.161592 0.016310 0.000000
v 0.150201 0.008700 0.000000
v 0.241089 0.018766 0.000000
v 0.229737 0.014513 0.000000
v 0.201573 0.015738 0.000000
v 0.201994 0.020562 0.000000
v 0.198031 0.011051 0.000000
v 0.216011 0.048381 0.000000
v 0.221156 0.029716 0.000000
v 0.218054 0.038923 0.000000
v 0.214655 0.043139 0.000000
v 0.218363 0.033901 0.000000
v 0.214038 0.030190 0.000000
v 0.254679 0.031899 0.000000
v 0.260790 0.045701 0.000000
v -0.084722 0.059589 0.000000
v -0.005642 0.063551 0.000000
v 0.011505 0.056514 0.000000
v 0.397295 0.019326 0.000000
v 0.394980 0.024701 0.000000
v 0.395102 0.013900 0.000000
v 0.388362 0.020157 0.000000
v 0.389445 0.014565 0.000000
v 0.372574 0.020970 0.000000
v -0.372227 -0.008677 0.000000
v -0.150583 -0.020371 0.000000
v -0.153334 -0.012585 0.000000
v -0.154050 -0.017217 0.000000
v -0.170307 -0.001891 0.000000
v -0.180954 -0.013925 0.000000
v -0.218760 -0.014711 0.000000
v -0.230697 -0.015351 0.000000
v -0.373581 0.044136 0.000000
v -0.395667 0.034267 0.000000
v -0.434685 0.041112 0.000000
v -0.422671 0.039510 0.000000
v -0.426099 0.032963 0.000000
v -0.306612 0.057297 0.000000
v -0.293818 0.047843 0.000000
v -0.287371 0.066164 0.000000
v -0.151819 0.078116 0.000000
v -0.157000 0.084095 0.000000
v -0.164069 0.083486 0.000000
v -0.094889 0.066016 0.000000
v -0.097811 0.056988 0.000000
v -0.103084 0.062412 0.000000
v -0.108629 -0.025414 0.000000
v -0.080336 -0.024617 0.000000
v -0.105787 -0.004967 0.000000
v -0.096558 -0.014581 0.000000
v 0.053053 -0.019226 0.000000
v 0.049956 -0.011841 0.000000
v 0.050763 -0.024100 0.000000
v 0.158981 0.026425 0.000000
v 0.245791 0.018904 0.000000
v 0.249866 0.021617 0.000000
v 0.257593 0.022932 0.000000
v 0.240309 0.023785 0.000000
v 0.235196 0.026544 0.000000
v 0.235764 0.020509 0.000000
v 0.226343 0.011266 0.000000
v 0.227356 0.022610 0.000000
v 0.193097 0.013067 0.000000
v 0.188352 0.021662 0.000000
v 0.187507 0.014430 0.000000
v 0.191936 0.018034 0.000000
v 0.195618 0.022315 0.000000
v 0.193002 0.032381 0.000000
v 0.195730 0.027717 0.000000
v 0.202634 0.034884 0.000000
v 0.189823 0.027392 0.000000
v 0.198171 0.032274 0.000000
v 0.195776 0.041491 0.000000
v 0.195674 0.036545 0.000000
v 0.186957 0.039199 0.000000
v 0.194715 0.006187 0.000000
v 0.217490 0.054850 0.000000
v 0.225863 0.031718 0.000000
v 0.225124 0.026920 0.000000
v 0.219956 0.023800 0.000000
v 0.250793 0.033956 0.000000
v 0.258758 0.041112 0.000000
v 0.266918 0.040243 0.000000
v -0.089908 0.057096 0.000000
v -0.076811 0.055988 0.000000
v -0.000531 0.061453 0.000000
v -0.006804 0.053443 0.000000
v -0.002538 0.056563 0.000000
v 0.000861 0.047440 0.000000
v 0.000448 0.052481 0.000000
v 0.007429 0.050515 0.000000
v 0.011650 0.061359 0.000000
v 0.016775 0.058781 0.000000
v 0.007201 0.058280 0.000000
v 0.399801 0.010249 0.000000
v 0.390565 0.024040 0.000000
v 0.384198 0.011608 0.000000
v 0.391737 0.009665 0.000000
v -0.170550 -0.008313 0.000000
v -0.225815 -0.015089 0.000000
v -0.227078 -0.010126 0.000000
v -0.228007 -0.019852 0.000000
v -0.233089 -0.019835 0.000000
v -0.239841 -0.013352 0.000000
v -0.238752 -0.018976 0.000000
v -0.313197 0.051251 0.000000
v -0.295997 0.053226 0.000000
v -0.156603 0.077662 0.000000
v -0.153624 0.071715 0.000000
v -0.101729 -0.009194 0.000000
v -0.095028 0.001985 0.000000
v 0.161713 0.021736 0.000000
v 0.168659 0.028924 0.000000
v 0.155927 0.021505 0.000000
v 0.164172 0.026309 0.000000
v 0.161781 0.035570 0.000000
v 0.161671 0.030603 0.000000
v 0.152920 0.033282 0.000000
v 0.252445 0.026677 0.000000
v 0.261382 0.029120 0.000000
v 0.235538 0.031411 0.000000
v 0.231969 0.023197 0.000000
v 0.226953 0.018093 0.000000
v 0.222449 0.019714 0.000000
v 0.208407 0.032709 0.000000
v 0.181541 0.026464 0.000000
v 0.186705 0.032886 0.000000
v 0.211583 0.056037 0.000000
v 0.214653 0.024824 0.000000
v -0.093462 0.047111 0.000000
v -0.079908 0.059675 0.000000
v 0.020215 0.062542 0.000000
v 0.025162 0.054562 0.000000
v 0.024144 0.059454 0.000000
v 0.032703 0.058684 0.000000
v 0.403995 0.012747 0.000000
v 0.377442 0.015117 0.000000
v -0.161164 -0.006725 0.000000
v -0.179177 -0.004770 0.000000
v -0.231641 -0.010832 0.000000
v -0.236309 -0.010243 0.000000
v -0.241381 -0.003215 0.000000
v -0.235379 -0.014859 0.000000
v -0.241103 -0.008359 0.000000
v -0.250360 -0.006280 0.000000
v -0.245439 -0.006014 0.000000
v -0.248371 0.002578 0.000000
v -0.247507 -0.013396 0.000000
v -0.224031 -0.021976 0.000000
v -0.219279 -0.022102 0.000000
v -0.308833 0.053106 0.000000
v -0.312560 0.057764 0.000000
v -0.308400 0.046026 0.000000
v -0.299475 0.048686 0.000000
v -0.287564 0.053507 0.000000
v -0.157792 0.070142 0.000000
v -0.147979 0.073579 0.000000
v -0.107202 -0.010386 0.000000
v -0.116101 -0.005168 0.000000
v -0.114321 -0.012329 0.000000
v -0.110915 -0.006522 0.000000
v -0.111107 0.003348 0.000000
v -0.112403 -0.001614 0.000000
v -0.120551 0.003164 0.000000
v -0.117151 -0.000374 0.000000
v -0.125124 -0.004633 0.000000
v -0.099461 -0.002956 0.000000
v 0.145274 0.022023 0.000000
v 0.152657 0.026943 0.000000
v 0.257011 0.027543 0.000000
v 0.232395 0.034560 0.000000
v 0.203905 0.029509 0.000000
v 0.207788 0.039815 0.000000
v 0.185858 0.025356 0.000000
v 0.182240 0.020225 0.000000
v 0.176463 0.036456 0.000000
v 0.204340 0.054644 0.000000
v -0.090277 0.051602 0.000000
v -0.095655 0.052041 0.000000
v -0.083908 0.043710 0.000000
v -0.102333 0.052073 0.000000
v -0.085979 0.048554 0.000000
v -0.099016 0.047594 0.000000
v -0.078612 0.048839 0.000000
v -0.108616 0.043952 0.000000
v -0.104329 0.047127 0.000000
v -0.097095 0.037507 0.000000
v -0.110361 0.052437 0.000000
v -0.096633 0.042821 0.000000
v -0.102879 0.040687 0.000000
v -0.090012 0.039569 0.000000
v 0.017514 0.049803 0.000000
v 0.379238 0.010317 0.000000
v -0.166239 -0.005261 0.000000
v -0.164817 -0.009858 0.000000
v -0.161106 0.003004 0.000000
v -0.165371 -0.000073 0.000000
v -0.171060 0.007768 0.000000
v -0.169321 0.003045 0.000000
v -0.165193 0.007247 0.000000
v -0.177180 0.002833 0.000000
v -0.175754 -0.008707 0.000000
v -0.244053 -0.017635 0.000000
v -0.298141 0.038236 0.000000
v -0.291850 0.055479 0.000000
v -0.287817 0.058602 0.000000
v -0.149147 0.067634 0.000000
v -0.093682 -0.004742 0.000000
v -0.102905 0.004592 0.000000
v 0.150527 0.020261 0.000000
v 0.145711 0.014612 0.000000
v 0.144998 0.030436 0.000000
v 0.182127 0.036230 0.000000
v -0.106264 0.054089 0.000000
v -0.109592 0.057566 0.000000
v -0.115811 0.055876 0.000000
v -0.111535 0.032150 0.000000
v 0.015636 0.054168 0.000000
v 0.012476 0.050222 0.000000
v 0.020429 0.053643 0.000000
v 0.009432 0.041422 0.000000
v 0.023998 0.047907 0.000000
v 0.014543 0.044581 0.000000
v 0.009713 0.046251 0.000000
v 0.004919 0.044107 0.000000
v -0.003019 0.038580 0.000000
v 0.003851 0.037177 0.000000
v 0.000170 0.042463 0.000000
v -0.006508 0.045926 0.000000
v -0.167203 0.017909 0.000000
v -0.297334 0.043649 0.000000
v -0.303001 0.044214 0.000000
v -0.288142 0.039513 0.000000
v -0.292154 0.042877 0.000000
v -0.285764 0.046424 0.000000
v -0.291284 0.061755 0.000000
v -0.083961 0.000703 0.000000
v -0.103768 -0.000361 0.000000
v -0.099536 0.001570 0.000000
v -0.097758 0.006941 0.000000
v 0.149538 0.030247 0.000000
v 0.147500 0.035920 0.000000
v 0.147100 0.026293 0.000000
v 0.141614 0.026114 0.000000
v 0.135645 0.034274 0.000000
v 0.136416 0.017782 0.000000
v 0.139780 0.031036 0.000000
v 0.140228 0.021191 0.000000
v 0.141279 0.037209 0.000000
v 0.132390 0.025857 0.000000
v 0.136969 0.027185 0.000000
v 0.179666 0.045647 0.000000
v 0.179102 0.031511 0.000000
v 0.173512 0.031704 0.000000
v 0.169015 0.037789 0.000000
v 0.173560 0.025995 0.000000
v -0.118393 0.061181 0.000000
v -0.117947 0.046454 0.000000
v -0.103516 0.032677 0.000000
v -0.108411 0.037639 0.000000
v 0.017587 0.033941 0.000000
v -0.155628 0.012371 0.000000
v -0.167701 0.012295 0.000000
v -0.161664 0.012148 0.000000
v -0.177406 0.015986 0.000000
v -0.173074 0.012772 0.000000
v -0.178948 0.009381 0.000000
v -0.308476 0.036852 0.000000
v -0.088053 -0.003390 0.000000
v -0.088638 0.008734 0.000000
v 0.154846 0.044128 0.000000
v 0.133258 0.045729 0.000000
v 0.179463 0.040564 0.000000
v 0.173128 0.043362 0.000000
v 0.168894 0.023752 0.000000
v -0.124802 0.062392 0.000000
v -0.115213 0.050787 0.000000
v -0.122704 0.052486 0.000000
v -0.112975 0.046346 0.000000
v -0.115614 0.039413 0.000000
v -0.101393 0.036539 0.000000
v -0.098169 0.032251 0.000000
v -0.101597 0.022984 0.000000
v -0.092163 0.033762 0.000000
v -0.101190 0.028101 0.000000
v -0.107229 0.027910 0.000000
v -0.092872 0.024865 0.000000
v 0.014565 0.038831 0.000000
v -0.158480 0.007753 0.000000
v -0.151374 0.000724 0.000000
v -0.152158 0.007038 0.000000
v -0.155918 0.003237 0.000000
v -0.158288 -0.001878 0.000000
v -0.155236 -0.006965 0.000000
v -0.158943 0.020308 0.000000
v -0.306940 0.041427 0.000000
v -0.312549 0.042178 0.000000
v -0.303325 0.037668 0.000000
v -0.304919 0.031063 0.000000
v -0.300237 0.033427 0.000000
v -0.292373 0.032861 0.000000
v -0.079153 -0.008502 0.000000
v -0.089412 0.002060 0.000000
v -0.092912 0.006381 0.000000
v -0.094458 0.014244 0.000000
v 0.152340 0.038979 0.000000
v 0.136067 0.040338 0.000000
v -0.129301 0.062289 0.000000
v -0.133607 0.060807 0.000000
v -0.138169 0.053768 0.000000
v -0.120567 0.056842 0.000000
v -0.125437 0.056529 0.000000
v -0.129618 0.050758 0.000000
v -0.104050 0.013916 0.000000
v -0.081068 0.032954 0.000000
v -0.116899 0.022398 0.000000
v -0.094272 0.029453 0.000000
v -0.087755 0.028934 0.000000
v 0.009611 0.035396 0.000000
v 0.022299 0.040232 0.000000
v -0.140572 0.005271 0.000000
v -0.145784 -0.006898 0.000000
v -0.158773 0.015718 0.000000
v -0.152737 0.018238 0.000000
v -0.317329 0.046396 0.000000
v -0.082801 -0.004550 0.000000
v -0.074070 0.000133 0.000000
v -0.079096 -0.000977 0.000000
v -0.078551 0.008488 0.000000
v -0.080158 0.003832 0.000000
v -0.083618 0.007632 0.000000
v -0.082601 0.017044 0.000000
v -0.081782 0.012195 0.000000
v -0.073595 0.016070 0.000000
v -0.086906 0.013823 0.000000
v -0.088315 0.020194 0.000000
v 0.156801 0.036555 0.000000
v 0.160369 0.041515 0.000000
v 0.145636 0.045425 0.000000
v 0.125106 0.038054 0.000000
v -0.102005 0.009435 0.000000
v -0.108439 0.009207 0.000000
v -0.086498 0.034965 0.000000
v -0.112841 0.026517 0.000000
v 0.003573 0.026076 0.000000
v -0.146614 0.004521 0.000000
v -0.150499 -0.008494 0.000000
v -0.146735 -0.011854 0.000000
v -0.137599 -0.013562 0.000000
v -0.141707 -0.010249 0.000000
v -0.134195 -0.005138 0.000000
v -0.137176 -0.008833 0.000000
v -0.129597 -0.011895 0.000000
v -0.140423 -0.003165 0.000000
v -0.149120 0.012810 0.000000
v -0.152172 0.030273 0.000000
v -0.319119 0.052105 0.000000
v -0.321169 0.043477 0.000000
v -0.082380 0.024202 0.000000
v -0.093645 0.019552 0.000000
v -0.099170 0.017681 0.000000
v -0.090552 0.016358 0.000000
v 0.164572 0.039373 0.000000
v 0.168248 0.042659 0.000000
v 0.169589 0.050639 0.000000
v 0.160579 0.049104 0.000000
v 0.145185 0.040401 0.000000
v 0.140605 0.043345 0.000000
v 0.140173 0.051515 0.000000
v 0.150031 0.043287 0.000000
v 0.151198 0.050804 0.000000
v 0.130909 0.037650 0.000000
v -0.111559 0.016514 0.000000
v -0.115943 0.009087 0.000000
v -0.082128 0.038427 0.000000
v -0.071895 0.037570 0.000000
v -0.077890 0.042796 0.000000
v -0.077132 0.036555 0.000000
v -0.072715 0.027779 0.000000
v -0.073686 0.032790 0.000000
v -0.064317 0.032006 0.000000
v -0.068891 0.033719 0.000000
v -0.063566 0.040971 0.000000
v -0.121294 0.031446 0.000000
v 0.005278 0.031587 0.000000
v -0.145967 -0.001172 0.000000
v -0.135633 0.001139 0.000000
v -0.144199 0.009774 0.000000
v -0.154152 0.024335 0.000000
v -0.321502 0.048223 0.000000
v -0.323801 0.052306 0.000000
v -0.328496 0.052281 0.000000
v -0.098973 0.013003 0.000000
v 0.128350 0.042776 0.000000
v 0.127547 0.031238 0.000000
v -0.108380 0.013552 0.000000
v -0.106626 0.018620 0.000000
v -0.112653 0.012153 0.000000
v -0.118190 0.015861 0.000000
v -0.110852 0.021689 0.000000
v -0.070103 0.046791 0.000000
v -0.117942 0.027483 0.000000
v -0.126434 0.023092 0.000000
v -0.121569 0.024089 0.000000
v -0.124885 0.027897 0.000000
v -0.122998 0.018695 0.000000
v -0.129381 0.036038 0.000000
v -0.132511 0.014800 0.000000
v -0.124598 0.010485 0.000000
v -0.133990 0.028180 0.000000
v -0.128303 0.018089 0.000000
v -0.132356 0.022453 0.000000
v -0.000565 0.033073 0.000000
v 0.012672 0.026281 0.000000
v -0.149920 -0.003789 0.000000
v -0.142047 0.001026 0.000000
v -0.129884 -0.000847 0.000000
v -0.163688 0.030814 0.000000
v 0.125568 0.052953 0.000000
v -0.106285 0.023307 0.000000
v -0.074738 0.046237 0.000000
v -0.071924 0.042360 0.000000
v -0.073039 0.051694 0.000000
v -0.137870 0.011159 0.000000
v -0.143666 0.024138 0.000000
v -0.011553 0.031476 0.000000
v 0.010087 0.030484 0.000000
v -0.124932 0.000494 0.000000
v -0.128981 0.005630 0.000000
v -0.159833 0.026230 0.000000
v 0.128395 0.048257 0.000000
v 0.133605 0.052340 0.000000
v 0.118839 0.045706 0.000000
v 0.123998 0.045552 0.000000
v -0.062880 0.054448 0.000000
v -0.070632 0.057612 0.000000
v -0.148878 0.025876 0.000000
v -0.147768 0.020521 0.000000
v -0.143493 0.033342 0.000000
v -0.141358 0.017385 0.000000
v -0.147353 0.030451 0.000000
v -0.150046 0.038069 0.000000
v -0.137911 0.023965 0.000000
v -0.006284 0.033824 0.000000
v -0.124342 0.005848 0.000000
v -0.129648 0.010638 0.000000
v -0.133973 0.007514 0.000000
v -0.157871 0.031792 0.000000
v -0.166400 0.024622 0.000000
v 0.137311 0.055287 0.000000
v 0.133211 0.059628 0.000000
v -0.067571 0.051638 0.000000
v -0.064229 0.046807 0.000000
v -0.065934 0.062608 0.000000
v -0.144786 0.014329 0.000000
v -0.137046 0.015711 0.000000
v -0.139496 0.029371 0.000000
v -0.135534 0.034367 0.000000
v -0.009906 0.039810 0.000000
v -0.005414 0.024786 0.000000
v -0.153976 0.034953 0.000000
v -0.157535 0.043478 0.000000
v -0.159423 0.037685 0.000000
v -0.053551 0.045064 0.000000
v -0.143633 0.028390 0.000000
v -0.134661 0.043315 0.000000
v -0.003945 0.029489 0.000000
v -0.168749 0.043929 0.000000
v -0.059136 0.044430 0.000000
v -0.055981 0.035822 0.000000
v -0.057044 0.050920 0.000000
v -0.055888 0.040738 0.000000
v -0.047051 0.038757 0.000000
v -0.133401 0.038675 0.000000
v -0.127913 0.042656 0.000000
v -0.140148 0.039333 0.000000
v -0.163206 0.042122 0.000000
v -0.162073 0.049921 0.000000
v -0.168051 0.036664 0.000000
v -0.164894 0.046349 0.000000
v -0.169816 0.053135 0.000000
v -0.168975 0.048568 0.000000
v -0.177493 0.049360 0.000000
v -0.173507 0.046023 0.000000
v -0.181415 0.040626 0.000000
v -0.173399 0.039816 0.000000
v -0.178222 0.044439 0.000000
v -0.186579 0.048193 0.000000
v -0.175902 0.029454 0.000000
v -0.173074 0.034254 0.000000
v -0.179331 0.034708 0.000000
v -0.170036 0.029231 0.000000
v -0.177565 0.038655 0.000000
v -0.190865 0.033973 0.000000
v -0.173210 0.022988 0.000000
v -0.184661 0.027482 0.000000
v -0.185202 0.035967 0.000000
v -0.180649 0.030101 0.000000
v -0.179460 0.023898 0.000000
v -0.187712 0.041875 0.000000
v -0.186848 0.031602 0.000000
v -0.193058 0.025666 0.000000
v -0.176783 0.020370 0.000000
v -0.172866 0.017577 0.000000
v -0.182349 0.018925 0.000000
v -0.198346 0.047041 0.000000
v -0.192300 0.045958 0.000000
v -0.193094 0.056426 0.000000
v -0.196602 0.039364 0.000000
v -0.191096 0.051313 0.000000
v -0.184884 0.055476 0.000000
v -0.196477 0.052157 0.000000
v -0.202352 0.060289 0.000000
v -0.198268 0.057052 0.000000
v -0.195100 0.061536 0.000000
v -0.205515 0.052103 0.000000
v -0.189771 0.060680 0.000000
v -0.199486 0.065332 0.000000
v -0.200989 0.050906 0.000000
v -0.204859 0.045424 0.000000
v -0.192345 0.041287 0.000000
v -0.197849 0.070250 0.000000
v -0.203186 0.073764 0.000000
v -0.207599 0.066607 0.000000
v -0.200670 0.042476 0.000000
v -0.207991 0.036524 0.000000
v -0.205170 0.040532 0.000000
v -0.213686 0.043528 0.000000
v -0.201561 0.034996 0.000000
v -0.208150 0.071886 0.000000
v -0.210090 0.048282 0.000000
v -0.207484 0.024363 0.000000
v -0.196261 0.033978 0.000000
v -0.200220 0.027679 0.000000
v -0.214502 0.058214 0.000000
v -0.206022 0.030515 0.000000
v -0.210880 0.053877 0.000000
v -0.206775 0.057293 0.000000
v -0.219228 0.050586 0.000000
v -0.214383 0.050529 0.000000
v -0.217659 0.030030 0.000000
v -0.211772 0.028631 0.000000
v -0.213529 0.034325 0.000000
v -0.217195 0.018895 0.000000
v -0.212160 0.038952 0.000000
v -0.220198 0.038814 0.000000
v -0.213110 0.022998 0.000000
v -0.218159 0.034644 0.000000
v -0.226571 0.033115 0.000000
v -0.222004 0.031893 0.000000
v -0.226454 0.024409 0.000000
v -0.221685 0.026638 0.000000
v -0.222068 0.021242 0.000000
v -0.229874 0.015050 0.000000
v -0.222603 0.013900 0.000000
v -0.226845 0.019247 0.000000
v -0.235799 0.022520 0.000000
v -0.231783 0.019621 0.000000
v -0.238931 0.013951 0.000000
v -0.207878 0.013706 0.000000
v -0.217886 0.023668 0.000000
v -0.209184 0.019090 0.000000
v -0.199991 0.018469 0.000000
v -0.204473 0.020481 0.000000
v 0.022273 -0.019091 0.000000
v -0.149693 -0.071813 0.000000
v -0.145954 -0.069483 0.000000
v -0.319944 0.013391 0.000000
v -0.484670 0.007319 0.000000
v -0.425000 -0.008837 0.000000
v -0.433130 -0.011087 0.000000
v -0.431240 -0.006171 0.000000
v 0.447000 0.028274 0.000000
v -0.311000 0.023378 0.000000
v -0.306910 0.025704 0.000000
v -0.421759 0.003136 0.000000
v 0.101514 -0.055551 0.000000
v 0.106388 -0.060833 0.000000
v -0.471000 -0.010576 0.000000
v -0.475718 -0.010331 0.000000
v -0.473122 -0.005892 0.000000
v -0.477098 -0.003573 0.000000
v 0.147860 -0.069069 0.000000
v 0.104000 -0.072000 0.000000
v -0.479259 0.012827 0.000000
v 0.106970 -0.039245 0.000000
v -0.465173 -0.010060 0.000000
v -0.349636 0.005416 0.000000
v -0.334032 -0.008776 0.000000
v -0.327864 -0.005195 0.000000
v -0.339088 -0.008378 0.000000
v -0.364000 -0.014000 0.000000
v -0.362000 -0.009949 0.000000
v -0.491549 0.045529 0.000000
v -0.274271 0.069810 0.000000
v 0.109626 -0.031479 0.000000
v 0.114679 -0.033132 0.000000
v 0.116652 -0.040865 0.000000
v 0.122624 -0.027407 0.000000
v 0.117844 -0.029149 0.000000
v 0.121697 -0.035460 0.000000
v 0.118734 -0.024160 0.000000
v 0.125364 -0.017590 0.000000
v 0.121122 -0.019940 0.000000
v 0.125553 -0.022933 0.000000
v 0.119077 -0.011246 0.000000
v 0.132019 -0.030361 0.000000
v 0.134931 -0.019927 0.000000
v 0.127738 -0.027559 0.000000
v 0.129818 -0.020108 0.000000
v 0.127045 -0.033289 0.000000
v 0.132546 -0.024885 0.000000
v 0.132054 -0.010954 0.000000
v 0.141707 -0.028530 0.000000
v 0.129645 -0.015215 0.000000
v 0.136597 -0.028038 0.000000
v 0.125543 -0.010084 0.000000
v 0.138305 -0.037078 0.000000
v 0.139642 -0.023186 0.000000
v 0.138764 -0.032310 0.000000
v 0.144153 -0.035235 0.000000
v 0.128219 -0.043855 0.000000
v 0.122869 -0.013776 0.000000
v 0.118751 -0.015841 0.000000
v 0.110978 -0.012980 0.000000
v 0.130340 0.001024 0.000000
v 0.132251 -0.036444 0.000000
v 0.140483 -0.016935 0.000000
v 0.142342 -0.039685 0.000000
v 0.136176 -0.044803 0.000000
v 0.140957 -0.044290 0.000000
v 0.139081 -0.049339 0.000000
v 0.143651 -0.048164 0.000000
v 0.132817 -0.050152 0.000000
v 0.138315 -0.053985 0.000000
v 0.148178 -0.038595 0.000000
v 0.126142 -0.038738 0.000000
v 0.122187 -0.043324 0.000000
v 0.120642 -0.001379 0.000000
v 0.129508 -0.005207 0.000000
v 0.145454 -0.013733 0.000000
v 0.135712 -0.014729 0.000000
v 0.140266 -0.011140 0.000000
v 0.134908 -0.040297 0.000000
v 0.132009 -0.045916 0.000000
v 0.127938 -0.048887 0.000000
v 0.117466 -0.046492 0.000000
v 0.121577 -0.006585 0.000000
v 0.113633 -0.005325 0.000000
v 0.125830 -0.001545 0.000000
v 0.123531 0.007734 0.000000
v 0.123372 0.002770 0.000000
v 0.114652 0.005534 0.000000
v 0.149939 -0.016141 0.000000
v 0.145004 -0.008147 0.000000
v 0.140018 0.000189 0.000000
v 0.140004 -0.005478 0.000000
v 0.144041 -0.002655 0.000000
v 0.148076 0.002505 0.000000
v 0.134900 -0.002632 0.000000
v 0.136218 -0.008491 0.000000
v 0.151870 0.004666 0.000000
v 0.154569 0.008145 0.000000
v 0.142832 0.007766 0.000000
v 0.157000 0.061229 0.000000
v 0.152182 0.060126 0.000000
v 0.295000 0.025182 0.000000
v -0.474272 0.019947 0.000000
v -0.471011 0.024273 0.000000
v -0.465263 0.022732 0.000000
v -0.472124 0.028928 0.000000
v -0.477790 0.027881 0.000000
v -0.480841 0.033016 0.000000
v -0.485184 0.036000 0.000000
v -0.483154 0.028167 0.000000
v -0.487515 0.028024 0.000000
v -0.416810 -0.010673 0.000000
v -0.418263 -0.005909 0.000000
v -0.394535 0.019751 0.000000
v -0.406919 0.024313 0.000000
v -0.415707 0.022591 0.000000
v -0.412436 0.029259 0.000000
v -0.409008 0.034064 0.000000
v -0.416921 0.031508 0.000000
v -0.413889 0.035649 0.000000
v -0.421888 0.029854 0.000000
v -0.409958 0.039446 0.000000
v -0.416038 0.040787 0.000000
v -0.411872 0.045396 0.000000
v -0.404604 0.032907 0.000000
v -0.409720 0.051086 0.000000
v -0.414667 0.048865 0.000000
v -0.403097 0.052771 0.000000
v -0.411106 0.055976 0.000000
v 0.480657 0.007446 0.000000
v 0.476311 0.009547 0.000000
v -0.345095 -0.000755 0.000000
v -0.331838 0.005668 0.000000
v -0.441488 0.052024 0.000000
v -0.245000 0.074916 0.000000
v -0.249861 0.074156 0.000000
v -0.249643 0.068937 0.000000
v -0.256698 0.062395 0.000000
v -0.246654 0.062269 0.000000
v -0.254093 0.066661 0.000000
v -0.259252 0.069152 0.000000
v -0.251677 0.062257 0.000000
v -0.254432 0.053425 0.000000
v -0.249152 0.056624 0.000000
v -0.266881 0.066745 0.000000
v -0.246122 0.045665 0.000000
v -0.243006 0.057279 0.000000
v -0.249182 0.050717 0.000000
v -0.232346 0.053281 0.000000
v -0.256608 0.042765 0.000000
v -0.242951 0.051039 0.000000
v -0.237112 0.056783 0.000000
v -0.251774 0.045694 0.000000
v -0.248999 0.035660 0.000000
v -0.248971 0.041069 0.000000
v -0.239398 0.038316 0.000000
v -0.243796 0.041042 0.000000
v -0.237938 0.045581 0.000000
v -0.237468 0.051305 0.000000
v -0.229756 0.061800 0.000000
v -0.234600 0.061001 0.000000
v -0.306031 0.078684 0.000000
v -0.276000 0.083740 0.000000
v -0.274763 0.076821 0.000000
v -0.270720 0.082790 0.000000
v -0.190162 0.084135 0.000000
v -0.135000 0.081117 0.000000
v -0.121000 0.084610 0.000000
v 0.192112 -0.003782 0.000000
v 0.278498 0.017516 0.000000
v 0.226112 0.002218 0.000000
v 0.230321 0.005080 0.000000
v 0.084000 0.066117 0.000000
v 0.077409 0.063330 0.000000
v 0.105000 0.068757 0.000000
v 0.105334 0.063150 0.000000
v 0.114354 0.058081 0.000000
v 0.111805 0.066349 0.000000
v 0.109129 0.059343 0.000000
v 0.109504 0.049450 0.000000
v 0.110712 0.054449 0.000000
v 0.115411 0.050668 0.000000
v 0.120743 0.050686 0.000000
v 0.120680 0.057088 0.000000
v 0.117062 0.054685 0.000000
v 0.126752 0.059310 0.000000
v 0.118506 0.063888 0.000000
v 0.129801 0.055454 0.000000
v 0.129818 0.062793 0.000000
v 0.124810 0.064111 0.000000
v 0.121510 0.068189 0.000000
v -0.040180 0.075738 0.000000
v -0.047000 0.075470 0.000000
v -0.043204 0.065776 0.000000
v -0.040201 0.070305 0.000000
v -0.045414 0.070501 0.000000
v -0.036115 0.064336 0.000000
v -0.055016 0.070174 0.000000
v -0.050049 0.065453 0.000000
v -0.050261 0.071691 0.000000
v -0.054189 0.075791 0.000000
v -0.060554 0.073858 0.000000
v -0.065320 0.074230 0.000000
v -0.012000 0.068877 0.000000
v 0.478000 0.019080 0.000000
v 0.482601 0.016977 0.000000
v 0.405078 0.032549 0.000000
v 0.327000 0.020760 0.000000
v 0.335260 0.035481 0.000000
v 0.337911 0.025788 0.000000
v 0.335218 0.030261 0.000000
v 0.330212 0.026286 0.000000
v 0.343013 0.031906 0.000000
v 0.327542 0.029644 0.000000
v 0.324290 0.025384 0.000000
v 0.320480 0.020044 0.000000
v 0.333707 0.020559 0.000000
v 0.313241 0.018248 0.000000
v 0.324200 0.016208 0.000000
v 0.318918 0.014808 0.000000
v 0.329500 0.016085 0.000000
v 0.335000 0.014944 0.000000
v 0.342650 0.018703 0.000000
v 0.339481 0.015488 0.000000
v 0.343983 0.014220 0.000000
v 0.338232 0.019889 0.000000
v 0.349750 0.014385 0.000000
v 0.347241 0.018254 0.000000
v 0.347424 0.024374 0.000000
v 0.354253 0.014496 0.000000
v 0.346428 0.028848 0.000000
v 0.348207 0.033581 0.000000
v 0.342757 0.025684 0.000000
v 0.353349 0.033936 0.000000
v -0.343360 0.028289 0.000000
v -0.338200 0.030846 0.000000
v -0.345076 0.034987 0.000000
v -0.340456 0.034878 0.000000
v -0.360039 0.022795 0.000000
v -0.445006 0.040752 0.000000
v -0.402000 -0.010223 0.000000
v 0.113478 -0.079027 0.000000
v 0.439887 0.011579 0.000000
v 0.439084 0.017084 0.000000
v 0.434657 0.019587 0.000000
v -0.333445 0.025658 0.000000
v -0.328857 0.025270 0.000000
v -0.384420 0.055611 0.000000
v -0.301488 -0.010994 0.000000
v -0.299332 -0.007002 0.000000
v -0.302109 -0.001622 0.000000
v -0.297045 0.005387 0.000000
v -0.300887 0.002829 0.000000
v -0.302317 0.009139 0.000000
v -0.295202 0.013557 0.000000
v -0.305263 0.013170 0.000000
v -0.300247 0.013744 0.000000
v -0.297516 0.019265 0.000000
v -0.297834 0.009858 0.000000
v -0.293407 0.008334 0.000000
v -0.292041 0.002928 0.000000
v -0.286240 0.020514 0.000000
v -0.292456 0.025111 0.000000
v -0.291702 0.018299 0.000000
v -0.289957 0.013349 0.000000
v -0.283637 0.012176 0.000000
v -0.277545 0.011972 0.000000
v -0.286206 0.015949 0.000000
v -0.280422 0.017125 0.000000
v -0.271458 0.018751 0.000000
v -0.275662 0.016403 0.000000
v -0.276988 0.023718 0.000000
v -0.289943 0.075798 0.000000
v -0.224000 0.079402 0.000000
v -0.210079 0.081551 0.000000
v -0.120161 0.076014 0.000000
v -0.114086 0.077886 0.000000
v -0.142908 0.082641 0.000000
v -0.147801 0.081240 0.000000
v -0.146099 0.077368 0.000000
v -0.116550 -0.041171 0.000000
v -0.125382 -0.053187 0.000000
v -0.133530 -0.047248 0.000000
v -0.135583 -0.036999 0.000000
v -0.140212 -0.045613 0.000000
v -0.133001 -0.041812 0.000000
v -0.127909 -0.038053 0.000000
v -0.124963 -0.028416 0.000000
v -0.124842 -0.033722 0.000000
v -0.119345 -0.032804 0.000000
v -0.131477 -0.031218 0.000000
v -0.116659 -0.036557 0.000000
v -0.133478 -0.055766 0.000000
v 0.155654 -0.011727 0.000000
v 0.266571 0.015350 0.000000
v 0.099656 0.060358 0.000000
v 0.177000 0.062757 0.000000
v 0.171980 0.062031 0.000000
v 0.174438 0.055568 0.000000
v 0.298000 0.049757 0.000000
v 0.289211 0.045478 0.000000
v 0.296274 0.042137 0.000000
v 0.292937 0.048991 0.000000
v -0.452640 0.030158 0.000000
v -0.466429 0.042579 0.000000
v -0.457875 0.014933 0.000000
v -0.456067 0.025378 0.000000
v -0.460798 0.024515 0.000000
v 0.430652 0.023993 0.000000
v 0.108986 -0.067269 0.000000
v 0.464101 0.015369 0.000000
v -0.331919 0.034488 0.000000
v -0.142484 -0.051609 0.000000
v -0.151352 -0.047229 0.000000
v -0.147663 -0.042979 0.000000
v -0.170009 -0.029060 0.000000
v -0.282121 -0.019847 0.000000
v -0.274850 -0.018952 0.000000
v -0.274485 -0.012571 0.000000
v -0.267940 -0.016147 0.000000
v -0.309470 0.001914 0.000000
v -0.097980 0.079801 0.000000
v 0.409000 0.005000 0.000000
v -0.394000 -0.011237 0.000000
v -0.436063 0.020578 0.000000
v -0.445615 0.022592 0.000000
v -0.442402 0.031574 0.000000
v -0.442687 0.026610 0.000000
v -0.437395 0.028796 0.000000
v -0.447313 0.029366 0.000000
v -0.446997 0.035228 0.000000
v -0.431448 0.030069 0.000000
v -0.437121 0.035192 0.000000
v -0.449690 0.039320 0.000000
v -0.439804 0.039758 0.000000
v -0.442537 0.036121 0.000000
v 0.116222 -0.060763 0.000000
v 0.134596 -0.062704 0.000000
v 0.130726 -0.060071 0.000000
v -0.202450 -0.005856 0.000000
v 0.173231 -0.005887 0.000000
v 0.208179 0.000014 0.000000
v 0.232211 0.052021 0.000000
v 0.243984 0.031433 0.000000
v 0.357857 0.011999 0.000000
v 0.362426 0.013640 0.000000
v 0.368559 0.014127 0.000000
v -0.396704 -0.000163 0.000000
v -0.271223 0.005030 0.000000
v -0.378784 0.051330 0.000000
v -0.374147 0.054019 0.000000
v -0.418926 0.058517 0.000000
v -0.318967 0.063102 0.000000
v -0.110067 -0.040084 0.000000
v 0.038560 0.044304 0.000000
v 0.360853 0.020302 0.000000
v -0.165246 -0.019220 0.000000
v -0.397248 0.049753 0.000000
v -0.434287 0.047126 0.000000
v -0.338297 0.040130 0.000000
v -0.348597 0.041032 0.000000
v -0.099016 -0.019145 0.000000
v -0.070000 -0.024326 0.000000
v 0.040499 -0.022490 0.000000
v 0.267000 0.049137 0.000000
v 0.258867 0.051070 0.000000
v 0.253962 0.051516 0.000000
v 0.256026 0.047024 0.000000
v -0.004000 0.070310 0.000000
v 0.370140 0.025096 0.000000
v -0.374109 -0.004303 0.000000
v -0.181523 -0.018402 0.000000
v -0.185988 -0.011433 0.000000
v -0.181668 -0.009036 0.000000
v -0.184464 -0.004544 0.000000
v -0.181624 -0.000063 0.000000
v -0.190887 0.002668 0.000000
v -0.188703 -0.001853 0.000000
v -0.193815 -0.001535 0.000000
v -0.199649 0.005651 0.000000
v -0.197767 0.001218 0.000000
v -0.202736 0.001724 0.000000
v -0.205960 0.007435 0.000000
v -0.208268 0.002367 0.000000
v -0.213909 0.007995 0.000000
v -0.210013 -0.001863 0.000000
v -0.214004 0.002259 0.000000
v -0.201256 0.012022 0.000000
v -0.209795 0.009691 0.000000
v -0.213784 0.014060 0.000000
v -0.216788 -0.001025 0.000000
v -0.193039 0.010706 0.000000
v -0.218142 0.011116 0.000000
v -0.222978 0.008332 0.000000
v -0.225342 0.003961 0.000000
v -0.229182 0.008862 0.000000
v -0.197430 0.009598 0.000000
v -0.194803 0.005524 0.000000
v -0.196383 0.014706 0.000000
v -0.189452 0.017102 0.000000
v -0.194503 0.020120 0.000000
v -0.234032 0.011452 0.000000
v -0.234773 0.016050 0.000000
v -0.238738 0.018737 0.000000
v -0.240205 0.005404 0.000000
v -0.233927 0.005812 0.000000
v -0.243974 0.025839 0.000000
v -0.235818 -0.000218 0.000000
v -0.247319 0.016685 0.000000
v -0.198397 0.023116 0.000000
v -0.287511 0.070520 0.000000
v -0.280978 0.068550 0.000000
v 0.256421 0.018618 0.000000
v 0.221975 0.055473 0.000000
v 0.222685 0.034773 0.000000
v 0.262735 0.024038 0.000000
v 0.271550 0.024211 0.000000
v 0.267068 0.027913 0.000000
v 0.275871 0.034008 0.000000
v 0.265333 0.033735 0.000000
v 0.272329 0.029719 0.000000
v 0.279829 0.025850 0.000000
v 0.276964 0.029499 0.000000
v 0.284411 0.033690 0.000000
v 0.270549 0.035912 0.000000
v 0.276586 0.044394 0.000000
v 0.274764 0.039302 0.000000
v 0.280284 0.037694 0.000000
v 0.286319 0.039785 0.000000
v 0.292848 0.034395 0.000000
v 0.291329 0.040821 0.000000
v 0.282884 0.045111 0.000000
v 0.288486 0.035760 0.000000
v 0.288991 0.029722 0.000000
v 0.285792 0.049702 0.000000
v 0.280457 0.049865 0.000000
v 0.275000 0.051091 0.000000
v 0.293726 0.029742 0.000000
v 0.302447 0.029721 0.000000
v 0.298094 0.032975 0.000000
v 0.303975 0.036304 0.000000
v 0.296481 0.037417 0.000000
v 0.300689 0.039966 0.000000
v 0.284047 0.028643 0.000000
v 0.286387 0.020529 0.000000
v 0.037334 0.061229 0.000000
v 0.035093 0.067055 0.000000
v 0.033000 0.073000 0.000000
v 0.031000 0.068955 0.000000
v 0.031042 0.063685 0.000000
v 0.379996 0.019368 0.000000
v -0.257219 0.005577 0.000000
v -0.256659 -0.012935 0.000000
v -0.112856 -0.017253 0.000000
v -0.122107 -0.017325 0.000000
v -0.117492 -0.015952 0.000000
v -0.120550 -0.010076 0.000000
v -0.118192 -0.022045 0.000000
v -0.120649 -0.005516 0.000000
v -0.123882 -0.022781 0.000000
v -0.128500 -0.018262 0.000000
v -0.132968 -0.015754 0.000000
v -0.138976 -0.022457 0.000000
v -0.133270 -0.021527 0.000000
v -0.135320 -0.026918 0.000000
v -0.128921 -0.024735 0.000000
v -0.140883 -0.027747 0.000000
v -0.143987 -0.032392 0.000000
v -0.137420 -0.031907 0.000000
v -0.140840 -0.036619 0.000000
v -0.142645 -0.041264 0.000000
v 0.212042 0.039783 0.000000
v 0.209947 0.044110 0.000000
v 0.202417 0.045205 0.000000
v 0.206565 0.047290 0.000000
v 0.202559 0.050091 0.000000
v 0.196596 0.047819 0.000000
v 0.192217 0.051360 0.000000
v 0.186422 0.047448 0.000000
v 0.191596 0.045250 0.000000
v 0.179251 0.016958 0.000000
v 0.207517 0.057652 0.000000
v 0.203197 0.059032 0.000000
v -0.080550 0.053129 0.000000
v -0.089088 0.044552 0.000000
v -0.175260 -0.001735 0.000000
v 0.150223 0.013378 0.000000
v -0.003597 0.049805 0.000000
v -0.277475 0.052300 0.000000
v -0.289415 0.049266 0.000000
v 0.166387 0.033455 0.000000
v -0.175360 0.006838 0.000000
v 0.173090 0.039086 0.000000
v -0.309347 0.032330 0.000000
v -0.314108 0.035591 0.000000
v -0.293078 0.037887 0.000000
v -0.296593 0.029146 0.000000
v -0.133258 0.054069 0.000000
v -0.135405 0.048880 0.000000
v -0.144045 0.047221 0.000000
v -0.139242 0.045534 0.000000
v 0.019772 0.044817 0.000000
v -0.048000 -0.015818 0.000000
v -0.086896 0.024491 0.000000
v -0.077675 0.020474 0.000000
v -0.071802 0.021823 0.000000
v -0.077416 0.025634 0.000000
v -0.062501 0.015768 0.000000
v -0.066405 0.025698 0.000000
v -0.068006 0.017484 0.000000
v -0.068686 0.029386 0.000000
v -0.056487 0.025914 0.000000
v -0.068567 0.007945 0.000000
v -0.063907 0.020948 0.000000
v -0.057785 0.019828 0.000000
v -0.061434 0.025280 0.000000
v -0.059535 0.030075 0.000000
v -0.054229 0.030766 0.000000
v -0.046758 0.024337 0.000000
v -0.050704 0.034819 0.000000
v -0.051400 0.026498 0.000000
v -0.043307 0.031620 0.000000
v -0.051504 0.020207 0.000000
v -0.069796 0.012803 0.000000
v -0.073501 0.009282 0.000000
v -0.075384 0.004807 0.000000
v -0.054087 0.010762 0.000000
v -0.054398 0.015922 0.000000
v -0.046638 0.013801 0.000000
v -0.046347 0.019073 0.000000
v -0.037147 0.015922 0.000000
v -0.040135 0.022205 0.000000
v -0.042191 0.016200 0.000000
v -0.040161 0.007118 0.000000
v -0.039895 0.011945 0.000000
v -0.031471 0.009060 0.000000
v -0.083115 0.028786 0.000000
v 0.174920 0.048732 0.000000
v 0.180753 0.052513 0.000000
v 0.163854 0.045216 0.000000
v 0.164523 0.053164 0.000000
v 0.137826 0.047295 0.000000
v 0.155703 0.048931 0.000000
v 0.155286 0.054282 0.000000
v 0.145766 0.052412 0.000000
v 0.143068 0.056566 0.000000
v -0.115841 0.004266 0.000000
v 0.132365 0.030705 0.000000
v -0.119993 0.011503 0.000000
v -0.163587 0.020881 0.000000
v -0.068851 0.066188 0.000000
v -0.065976 0.057940 0.000000
v -0.059887 0.060219 0.000000
v -0.006023 0.041654 0.000000
v -0.019048 0.048891 0.000000
v -0.061432 0.050253 0.000000
v -0.130969 0.046244 0.000000
v -0.126144 0.047259 0.000000
v -0.122407 0.043181 0.000000
v -0.121912 0.048219 0.000000
v -0.145024 0.038126 0.000000
v -0.147591 0.043002 0.000000
v -0.152216 0.050488 0.000000
v -0.152602 0.042419 0.000000
v -0.148669 0.047508 0.000000
v -0.145922 0.054377 0.000000
v -0.163536 0.035479 0.000000
v -0.164878 0.054098 0.000000
v -0.167325 0.059823 0.000000
v -0.171497 0.064155 0.000000
v -0.169893 0.069391 0.000000
v -0.175865 0.062824 0.000000
v -0.172693 0.058197 0.000000
v -0.176038 0.054292 0.000000
v -0.180715 0.052990 0.000000
v -0.182886 0.059731 0.000000
v -0.195887 0.029349 0.000000
v -0.210170 0.061686 0.000000
v -0.213436 0.066525 0.000000
v -0.219087 0.069427 0.000000
v -0.218821 0.062992 0.000000
v -0.224678 0.065973 0.000000
v -0.220816 0.056847 0.000000
v -0.229792 0.067019 0.000000
v -0.224554 0.060646 0.000000
v -0.228166 0.056663 0.000000
v -0.226194 0.049952 0.000000
v 0.021316 -0.025789 0.000000
v 0.000273 -0.017091 0.000000
v -0.425000 -0.015000 0.000000
v -0.423830 -0.004332 0.000000
v 0.102774 -0.063610 0.000000
v 0.110919 -0.059773 0.000000
v 0.109152 -0.054662 0.000000
v 0.113459 -0.050729 0.000000
v 0.112804 -0.046097 0.000000
v -0.326820 -0.009260 0.000000
v -0.323234 -0.006451 0.000000
v -0.326408 -0.000849 0.000000
v -0.269107 0.073406 0.000000
v 0.112223 -0.040124 0.000000
v 0.117442 -0.036545 0.000000
v 0.147347 -0.028781 0.000000
v 0.148119 -0.024021 0.000000
v 0.125289 -0.053039 0.000000
v 0.120800 0.020296 0.000000
v 0.151831 -0.000134 0.000000
v 0.143514 0.003202 0.000000
v 0.139035 0.004865 0.000000
v 0.137191 0.011215 0.000000
v 0.135020 0.002191 0.000000
v 0.134684 0.007045 0.000000
v 0.129456 0.013026 0.000000
v 0.141709 0.012267 0.000000
v 0.133797 0.014144 0.000000
v 0.130084 0.019578 0.000000
v 0.125811 0.024711 0.000000
v 0.125195 0.016740 0.000000
v 0.118755 0.013273 0.000000
v 0.115976 0.030821 0.000000
v 0.119974 0.026285 0.000000
v 0.121732 0.031863 0.000000
v 0.110445 0.021918 0.000000
v 0.117627 0.038115 0.000000
v 0.115867 0.022666 0.000000
v 0.113898 0.016921 0.000000
v 0.103313 0.013299 0.000000
v 0.113376 0.011168 0.000000
v 0.108095 0.016602 0.000000
v 0.107195 0.006806 0.000000
v 0.099848 0.023427 0.000000
v 0.103009 0.018852 0.000000
v 0.093317 0.015535 0.000000
v 0.098631 0.015827 0.000000
v 0.096491 0.006262 0.000000
v 0.098910 0.010743 0.000000
v 0.101857 0.006258 0.000000
v 0.099168 -0.000947 0.000000
v 0.105099 0.000944 0.000000
v 0.104525 -0.007501 0.000000
v 0.110280 0.002397 0.000000
v 0.115288 0.000033 0.000000
v 0.118716 0.003217 0.000000
v 0.118753 0.008003 0.000000
v 0.103143 -0.003165 0.000000
v 0.108468 -0.003855 0.000000
v 0.146247 0.010358 0.000000
v 0.295000 0.017527 0.000000
v -0.461890 0.019722 0.000000
v -0.400864 0.056584 0.000000
v -0.242996 0.064935 0.000000
v -0.261911 0.064285 0.000000
v -0.268645 0.056932 0.000000
v -0.266343 0.061583 0.000000
v -0.272538 0.063546 0.000000
v -0.261290 0.056187 0.000000
v -0.231076 0.040423 0.000000
v -0.279962 0.074953 0.000000
v 0.275239 0.014426 0.000000
v 0.273980 0.019017 0.000000
v 0.269250 0.019970 0.000000
v 0.276061 0.023156 0.000000
v 0.071199 0.063050 0.000000
v 0.069000 0.069000 0.000000
v 0.067522 0.060082 0.000000
v 0.072846 0.057247 0.000000
v 0.071265 0.052373 0.000000
v 0.080008 0.050096 0.000000
v 0.076216 0.053460 0.000000
v 0.081443 0.055533 0.000000
v 0.084267 0.051880 0.000000
v 0.086407 0.043649 0.000000
v 0.086076 0.056196 0.000000
v 0.112896 0.070726 0.000000
v 0.114218 0.062566 0.000000
v -0.045366 0.053916 0.000000
v -0.033909 0.068191 0.000000
v -0.012000 0.073562 0.000000
v -0.016171 0.071219 0.000000
v 0.343709 0.036721 0.000000
v 0.311000 0.013867 0.000000
v 0.304354 0.020031 0.000000
v 0.352351 0.038029 0.000000
v -0.349603 0.034225 0.000000
v -0.443779 0.045090 0.000000
v -0.406236 -0.011563 0.000000
v -0.402000 -0.016000 0.000000
v -0.401789 -0.004783 0.000000
v -0.284842 0.028905 0.000000
v -0.263829 0.013811 0.000000
v -0.281538 0.021897 0.000000
v -0.265418 0.031039 0.000000
v -0.131477 -0.035567 0.000000
v -0.129270 -0.058193 0.000000
v 0.170235 0.054853 0.000000
v -0.456690 0.031737 0.000000
v -0.453162 0.034802 0.000000
v -0.151467 -0.040752 0.000000
v -0.274885 -0.008160 0.000000
v -0.268911 -0.020621 0.000000
v -0.262181 -0.017733 0.000000
v -0.263509 -0.011307 0.000000
v -0.264829 -0.006280 0.000000
v -0.258969 -0.007428 0.000000
v -0.254411 -0.008755 0.000000
v -0.255188 -0.002930 0.000000
v -0.250661 -0.001560 0.000000
v -0.253296 0.002600 0.000000
v -0.250800 0.009852 0.000000
v -0.397775 -0.008958 0.000000
v -0.431401 0.035823 0.000000
v 0.372822 0.016226 0.000000
v 0.372597 0.011303 0.000000
v 0.044819 0.047277 0.000000
v 0.032218 0.049899 0.000000
v 0.031096 0.028734 0.000000
v -0.074082 -0.025696 0.000000
v -0.070000 -0.030000 0.000000
v -0.061354 -0.022478 0.000000
v -0.070329 -0.013958 0.000000
v 0.041124 -0.026869 0.000000
v 0.045196 -0.024053 0.000000
v 0.036426 -0.025306 0.000000
v 0.033471 -0.016679 0.000000
v 0.267000 0.055000 0.000000
v 0.265397 0.044705 0.000000
v 0.270980 0.044118 0.000000
v 0.271387 0.048528 0.000000
v -0.004000 0.076000 0.000000
v -0.007646 0.067616 0.000000
v -0.011252 0.063312 0.000000
v -0.015539 0.065569 0.000000
v -0.008247 0.058729 0.000000
v -0.020999 0.058511 0.000000
v -0.014089 0.054296 0.000000
v -0.015704 0.060055 0.000000
v -0.019384 0.062823 0.000000
v -0.024783 0.064382 0.000000
v -0.030434 0.060650 0.000000
v -0.000769 0.066468 0.000000
v 0.000611 0.071320 0.000000
v -0.185912 0.010913 0.000000
v -0.181959 0.013953 0.000000
v -0.186990 0.022261 0.000000
v 0.308491 0.031787 0.000000
v 0.310161 0.036582 0.000000
v 0.307221 0.025628 0.000000
v 0.312882 0.029012 0.000000
v 0.309189 0.021087 0.000000
v 0.304263 0.042383 0.000000
v 0.289788 0.024531 0.000000
v 0.283528 0.016179 0.000000
v 0.288811 0.015821 0.000000
v -0.261797 0.003472 0.000000
v -0.261519 0.008896 0.000000
v -0.256321 0.011186 0.000000
v -0.254000 -0.017960 0.000000
v -0.125375 -0.009487 0.000000
v -0.129551 -0.006837 0.000000
v 0.200962 0.040012 0.000000
v 0.183951 0.043146 0.000000
v -0.282752 0.050959 0.000000
v -0.278374 0.044783 0.000000
v -0.281201 0.055912 0.000000
v -0.275449 0.058117 0.000000
v -0.278096 0.063031 0.000000
v -0.048000 -0.023473 0.000000
v -0.033000 -0.014818 0.000000
v -0.077436 0.030195 0.000000
v -0.027503 0.024361 0.000000
v -0.042341 0.026704 0.000000
v -0.034577 0.027721 0.000000
v 0.178718 0.056361 0.000000
v -0.055791 0.064384 0.000000
v -0.060173 0.067917 0.000000
v -0.052765 0.057312 0.000000
v -0.061889 0.063999 0.000000
v -0.013196 0.045640 0.000000
v -0.010013 0.049552 0.000000
v -0.014680 0.049861 0.000000
v -0.021551 0.037493 0.000000
v -0.016035 0.040194 0.000000
v -0.020997 0.043345 0.000000
v -0.016611 0.034387 0.000000
v -0.029853 0.049573 0.000000
v -0.012339 0.035961 0.000000
v -0.022743 0.030119 0.000000
v -0.024547 0.047708 0.000000
v -0.022837 0.053131 0.000000
v -0.030044 0.040550 0.000000
v -0.025852 0.043021 0.000000
v -0.016828 0.028160 0.000000
v -0.026235 0.057295 0.000000
v -0.031475 0.055042 0.000000
v -0.011430 0.025427 0.000000
v -0.038067 0.050113 0.000000
v -0.008262 0.028517 0.000000
v -0.018960 0.017252 0.000000
v -0.016351 0.022405 0.000000
v -0.022152 0.022104 0.000000
v -0.009122 0.015508 0.000000
v -0.027766 0.016264 0.000000
v -0.020747 0.026237 0.000000
v -0.008882 0.020792 0.000000
v -0.001408 0.017806 0.000000
v -0.013777 0.017865 0.000000
v -0.015353 0.008975 0.000000
v -0.023475 0.017758 0.000000
v -0.023149 0.009913 0.000000
v -0.121185 0.037377 0.000000
v -0.124919 0.034479 0.000000
v -0.128578 0.031169 0.000000
v -0.129575 0.026581 0.000000
v -0.157054 0.048637 0.000000
v -0.156530 0.054513 0.000000
v -0.156520 0.059861 0.000000
v -0.151191 0.057177 0.000000
v -0.152083 0.062214 0.000000
v -0.142246 0.051517 0.000000
v -0.141733 0.058053 0.000000
v -0.180081 0.062879 0.000000
v -0.224899 0.071100 0.000000
v -0.224425 0.054117 0.000000
v -0.231775 0.046986 0.000000
v -0.222223 0.044907 0.000000
v -0.218172 0.042870 0.000000
v -0.227393 0.044135 0.000000
v -0.225754 0.038826 0.000000
v 0.026868 -0.027075 0.000000
v 0.013170 -0.021208 0.000000
v -0.000684 -0.023789 0.000000
v 0.150801 -0.020490 0.000000
v 0.129055 0.006529 0.000000
v 0.123367 0.012421 0.000000
v 0.121350 0.036086 0.000000
v 0.121387 0.040583 0.000000
v 0.112279 0.042861 0.000000
v 0.108418 0.011633 0.000000
v 0.091914 0.000460 0.000000
v 0.295000 0.011000 0.000000
v -0.265931 0.047040 0.000000
v -0.256729 0.057616 0.000000
v -0.235741 0.041361 0.000000
v -0.234388 0.036017 0.000000
v -0.239581 0.031306 0.000000
v 0.077558 0.058465 0.000000
v -0.040845 0.059218 0.000000
v -0.035467 0.058684 0.000000
v -0.038555 0.054941 0.000000
v -0.050764 0.050696 0.000000
v -0.046990 0.045323 0.000000
v -0.039442 0.041969 0.000000
v -0.043942 0.042011 0.000000
v -0.041873 0.036923 0.000000
v -0.041650 0.046530 0.000000
v -0.037501 0.032896 0.000000
v -0.030438 0.033474 0.000000
v 0.300338 0.016309 0.000000
v 0.304992 0.015315 0.000000
v 0.299140 0.021630 0.000000
v 0.299478 0.026213 0.000000
v -0.289620 0.028956 0.000000
v -0.287181 0.033598 0.000000
v -0.277857 0.035316 0.000000
v -0.282272 0.033115 0.000000
v -0.279463 0.028511 0.000000
v -0.282396 0.038893 0.000000
v -0.272330 0.029158 0.000000
v -0.267001 0.010044 0.000000
v -0.268682 0.014678 0.000000
v -0.265224 0.020017 0.000000
v -0.258021 0.018376 0.000000
v -0.269313 0.024171 0.000000
v -0.245527 0.007570 0.000000
v -0.241453 0.009959 0.000000
v -0.245561 0.012297 0.000000
v 0.043137 0.052509 0.000000
v 0.037189 0.053247 0.000000
v 0.036708 0.048596 0.000000
v 0.033082 0.044486 0.000000
v 0.028676 0.046558 0.000000
v 0.035547 0.036174 0.000000
v 0.028466 0.040392 0.000000
v 0.025556 0.033610 0.000000
v 0.032993 0.039938 0.000000
v 0.030272 0.035602 0.000000
v -0.065282 -0.025247 0.000000
v -0.066563 -0.019261 0.000000
v -0.058348 -0.011786 0.000000
v -0.072048 -0.019168 0.000000
v -0.076877 -0.014685 0.000000
v -0.064207 -0.013599 0.000000
v -0.081738 -0.012964 0.000000
v -0.086381 -0.012565 0.000000
v -0.059909 -0.017116 0.000000
v -0.054562 -0.021432 0.000000
v -0.054448 -0.015821 0.000000
v -0.051227 -0.008806 0.000000
v -0.064216 -0.003197 0.000000
v -0.051225 -0.013054 0.000000
v -0.046606 -0.010928 0.000000
v -0.040500 -0.015312 0.000000
v -0.045155 -0.001674 0.000000
v -0.047185 -0.006096 0.000000
v -0.039616 -0.007638 0.000000
v -0.054010 -0.000286 0.000000
v -0.067583 -0.008401 0.000000
v -0.062256 -0.008157 0.000000
v -0.056594 -0.005979 0.000000
v -0.069744 -0.003311 0.000000
v -0.067090 0.002101 0.000000
v -0.074815 -0.005242 0.000000
v -0.059224 -0.001353 0.000000
v -0.057851 0.005212 0.000000
v -0.074043 -0.010357 0.000000
v -0.059863 0.010628 0.000000
v -0.063315 0.006164 0.000000
v -0.064842 0.011320 0.000000
v 0.041455 -0.014179 0.000000
v -0.189376 0.007379 0.000000
v -0.185588 0.003566 0.000000
v -0.048000 -0.030000 0.000000
v -0.041306 -0.023860 0.000000
v -0.034069 -0.022172 0.000000
v -0.044421 -0.019646 0.000000
v -0.017000 -0.014818 0.000000
v -0.033791 0.021370 0.000000
v -0.032482 0.016807 0.000000
v -0.057512 0.055861 0.000000
v -0.018902 0.012353 0.000000
v -0.027525 0.011586 0.000000
v -0.026996 0.006413 0.000000
v -0.033872 -0.000104 0.000000
v -0.020067 0.002662 0.000000
v -0.031364 0.004135 0.000000
v -0.026377 -0.001676 0.000000
v 0.014071 -0.026500 0.000000
v 0.008942 -0.024651 0.000000
v 0.007075 -0.018042 0.000000
v 0.018132 -0.021917 0.000000
v 0.016564 -0.015172 0.000000
v -0.009000 -0.021294 0.000000
v 0.116466 0.042192 0.000000
v 0.102994 0.042829 0.000000
v 0.110814 0.035823 0.000000
v 0.095970 0.001967 0.000000
v 0.087750 0.008451 0.000000
v 0.091647 -0.004712 0.000000
v -0.259904 0.049733 0.000000
v -0.261316 0.044801 0.000000
v -0.266983 0.038998 0.000000
v -0.261075 0.038897 0.000000
v -0.255296 0.048805 0.000000
v -0.264088 0.035433 0.000000
v -0.268893 0.034489 0.000000
v -0.256963 0.030878 0.000000
v -0.273007 0.038891 0.000000
v -0.273488 0.033678 0.000000
v -0.255331 0.036778 0.000000
v -0.270075 0.043492 0.000000
v -0.271728 0.049616 0.000000
v -0.277624 0.040076 0.000000
v -0.267193 0.052012 0.000000
v -0.275846 0.048293 0.000000
v -0.243626 0.034919 0.000000
v -0.246973 0.030501 0.000000
v -0.251936 0.031530 0.000000
v -0.253554 0.024294 0.000000
v -0.248908 0.025960 0.000000
v -0.249766 0.021039 0.000000
v -0.252841 0.016447 0.000000
v -0.239007 0.026346 0.000000
v -0.232254 0.028749 0.000000
v -0.046405 0.060921 0.000000
v -0.034301 0.037238 0.000000
v -0.029801 0.028650 0.000000
v -0.025479 0.034344 0.000000
v -0.282573 0.043332 0.000000
v -0.259467 0.014238 0.000000
v 0.047095 0.035953 0.000000
v 0.021656 0.035804 0.000000
v 0.021451 0.030876 0.000000
v 0.016831 0.029019 0.000000
v 0.025987 0.028515 0.000000
v 0.021193 0.024842 0.000000
v 0.028924 0.019717 0.000000
v 0.028717 0.024537 0.000000
v 0.037225 0.022487 0.000000
v -0.079049 -0.018530 0.000000
v -0.057342 -0.025956 0.000000
v -0.052195 -0.025391 0.000000
v -0.050408 -0.019646 0.000000
v -0.042195 -0.011229 0.000000
v -0.037681 -0.011749 0.000000
v -0.032749 -0.006917 0.000000
v 0.043208 -0.018591 0.000000
v 0.046385 -0.015019 0.000000
v 0.038268 -0.017999 0.000000
v 0.044770 -0.009608 0.000000
v 0.051322 -0.001531 0.000000
v 0.035009 -0.006016 0.000000
v 0.049185 -0.006493 0.000000
v 0.039383 -0.009188 0.000000
v 0.055573 -0.008301 0.000000
v 0.042658 -0.001927 0.000000
v 0.034457 -0.011379 0.000000
v 0.025226 -0.007718 0.000000
v 0.028470 -0.013007 0.000000
v 0.054233 -0.012401 0.000000
v 0.058575 -0.011667 0.000000
v 0.059828 -0.000910 0.000000
v 0.030352 -0.008214 0.000000
v 0.028667 0.001121 0.000000
v 0.028193 -0.003784 0.000000
v 0.019735 -0.000492 0.000000
v 0.022443 -0.013065 0.000000
v 0.028068 -0.018796 0.000000
v 0.059263 -0.005505 0.000000
v 0.064983 -0.003877 0.000000
v 0.018122 -0.007418 0.000000
v 0.025358 -0.022630 0.000000
v 0.030474 -0.023371 0.000000
v 0.074833 0.003502 0.000000
v 0.034487 -0.021151 0.000000
v 0.070949 -0.001577 0.000000
v 0.075827 -0.005296 0.000000
v 0.065844 0.006353 0.000000
v 0.081191 -0.005517 0.000000
v 0.082498 0.002155 0.000000
v 0.064538 0.001312 0.000000
v 0.059813 0.005226 0.000000
v 0.069825 0.003308 0.000000
v 0.072060 0.010354 0.000000
v 0.055330 0.002147 0.000000
v 0.052114 0.011635 0.000000
v 0.048812 0.005227 0.000000
v 0.055060 0.007344 0.000000
v 0.061170 0.014661 0.000000
v 0.057066 0.011879 0.000000
v 0.054185 0.020545 0.000000
v 0.062095 0.009713 0.000000
v 0.066990 0.011403 0.000000
v 0.071384 0.019868 0.000000
v 0.070380 0.015016 0.000000
v 0.079483 0.015663 0.000000
v 0.065633 0.018527 0.000000
v 0.066131 0.029391 0.000000
v 0.060069 0.020442 0.000000
v 0.067414 0.023889 0.000000
v 0.076527 0.028914 0.000000
v 0.071262 0.027686 0.000000
v 0.071757 0.037466 0.000000
v 0.072914 0.032505 0.000000
v 0.080742 0.036768 0.000000
v 0.057274 0.028863 0.000000
v 0.057192 0.024161 0.000000
v 0.062333 0.025166 0.000000
v 0.050544 0.026630 0.000000
v -0.181205 0.005259 0.000000
v -0.036553 -0.018056 0.000000
v -0.033000 -0.026674 0.000000
v -0.028290 -0.023177 0.000000
v -0.025000 -0.026533 0.000000
v -0.019330 -0.021816 0.000000
v -0.029461 0.020372 0.000000
v -0.019525 0.007173 0.000000
v -0.015872 0.004446 0.000000
v -0.014807 -0.003884 0.000000
v -0.007583 0.005792 0.000000
v -0.024620 0.002526 0.000000
v 0.004020 -0.025442 0.000000
v 0.011772 -0.016450 0.000000
v 0.012716 -0.010366 0.000000
v 0.007893 -0.012732 0.000000
v 0.006110 -0.002998 0.000000
v 0.008374 -0.007614 0.000000
v 0.013194 -0.004811 0.000000
v 0.000150 -0.008785 0.000000
v -0.009000 -0.026185 0.000000
v -0.013711 -0.023740 0.000000
v -0.013409 -0.018561 0.000000
v -0.007061 -0.013243 0.000000
v -0.004047 -0.019891 0.000000
v 0.107630 0.044781 0.000000
v 0.103863 0.049004 0.000000
v 0.107104 0.039549 0.000000
v 0.099236 0.033902 0.000000
v 0.105181 0.033925 0.000000
v 0.102479 0.053372 0.000000
v 0.102194 0.037911 0.000000
v 0.094623 0.041668 0.000000
v 0.102228 0.028821 0.000000
v 0.109778 0.029589 0.000000
v 0.095778 0.028445 0.000000
v 0.105366 0.024214 0.000000
v 0.113559 0.026775 0.000000
v 0.091843 0.034763 0.000000
v 0.093252 0.022237 0.000000
v 0.097065 0.019975 0.000000
v 0.088006 0.027989 0.000000
v 0.086430 0.018820 0.000000
v 0.092000 0.026364 0.000000
v 0.088387 0.023204 0.000000
v 0.081996 0.025103 0.000000
v 0.090676 0.018861 0.000000
v 0.088596 0.014497 0.000000
v 0.082818 0.031091 0.000000
v 0.076449 0.022973 0.000000
v 0.083659 0.012105 0.000000
v 0.078078 0.009785 0.000000
v 0.087373 0.032821 0.000000
v 0.087649 0.038303 0.000000
v 0.075765 0.018404 0.000000
v 0.075223 0.013776 0.000000
v 0.080613 0.020417 0.000000
v 0.082423 0.007206 0.000000
v 0.114919 0.034894 0.000000
v 0.091628 0.005392 0.000000
v 0.093252 0.010334 0.000000
v 0.087452 0.002676 0.000000
v -0.272610 0.054295 0.000000
v -0.260404 0.024923 0.000000
v -0.231111 0.024232 0.000000
v -0.227733 0.028746 0.000000
v -0.231041 0.033052 0.000000
v -0.235298 0.031803 0.000000
v -0.048409 0.057044 0.000000
v 0.047738 0.041973 0.000000
v 0.042229 0.039517 0.000000
v 0.056104 0.038036 0.000000
v 0.041264 0.033095 0.000000
v 0.052703 0.041667 0.000000
v 0.058083 0.043298 0.000000
v 0.063943 0.038091 0.000000
v 0.036279 0.030685 0.000000
v 0.041093 0.027087 0.000000
v 0.046233 0.030335 0.000000
v 0.045462 0.019488 0.000000
v 0.051728 0.032367 0.000000
v 0.041891 0.022490 0.000000
v 0.039562 0.016097 0.000000
v 0.046385 0.024210 0.000000
v 0.056257 0.033394 0.000000
v 0.061520 0.032196 0.000000
v 0.060037 0.036252 0.000000
v -0.036523 -0.004040 0.000000
v -0.039778 0.001013 0.000000
v -0.036212 0.004301 0.000000
v -0.025000 -0.011118 0.000000
v -0.030580 -0.003061 0.000000
v -0.027853 -0.007133 0.000000
v -0.021829 -0.005834 0.000000
v -0.019898 -0.010586 0.000000
v -0.014087 -0.009715 0.000000
v -0.021933 -0.001382 0.000000
v -0.007813 -0.005980 0.000000
v 0.021799 -0.004624 0.000000
v 0.024393 -0.000747 0.000000
v 0.022516 0.007637 0.000000
v 0.078065 -0.000588 0.000000
v 0.046880 0.000665 0.000000
v 0.040722 0.005962 0.000000
v 0.003224 -0.020783 0.000000
v 0.011786 0.004436 0.000000
v 0.095868 0.037154 0.000000
v -0.261221 0.029366 0.000000
v -0.264832 0.026405 0.000000
v 0.055937 0.046964 0.000000
v 0.067578 0.034380 0.000000
v 0.068208 0.042246 0.000000
v 0.066841 0.046668 0.000000
v 0.063618 0.042691 0.000000
v 0.045429 0.012716 0.000000
v 0.034191 0.017755 0.000000
v 0.029022 0.011925 0.000000
v 0.035238 0.011620 0.000000
v 0.031867 0.006423 0.000000
v 0.040309 0.011048 0.000000
v 0.027256 0.007525 0.000000
v 0.035371 0.000692 0.000000
v 0.036348 0.007208 0.000000
v 0.032384 -0.002511 0.000000
v 0.038221 -0.002825 0.000000
v -0.022766 -0.016785 0.000000
v -0.027826 -0.015506 0.000000
v -0.023990 -0.021310 0.000000
v -0.011835 -0.013992 0.000000
v -0.009757 -0.009852 0.000000
v -0.004510 -0.009308 0.000000
v -0.002720 -0.004228 0.000000
v -0.006986 -0.000108 0.000000
v 0.000694 0.003574 0.000000
v -0.011292 0.002436 0.000000
v -0.003845 0.003190 0.000000
v -0.002107 0.009673 0.000000
v 0.005804 0.009613 0.000000
v -0.007058 0.010855 0.000000
v 0.001834 0.007790 0.000000
v 0.005765 0.004465 0.000000
v 0.001873 0.012939 0.000000
v 0.009419 0.017873 0.000000
v 0.004005 0.017916 0.000000
v 0.010526 -0.000486 0.000000
v 0.015132 0.000958 0.000000
v 0.018742 0.004387 0.000000
v 0.015423 0.012058 0.000000
v 0.049404 0.016083 0.000000
v 0.048343 0.009524 0.000000
v 0.039794 0.001552 0.000000
v 0.022253 0.015114 0.000000
v 0.010949 0.009514 0.000000
v 0.015285 0.007445 0.000000
v 0.019867 0.011287 0.000000
v 0.024665 0.011456 0.000000
v 0.026708 0.015792 0.000000
v 0.023784 0.020031 0.000000
v 0.016961 0.019459 0.000000
v 0.016675 0.024039 0.000000
v 0.012616 0.021486 0.000000
v 0.008173 0.023936 0.000000
v 0.013693 0.016278 0.000000
v 0.018038 0.015375 0.000000
v 0.143508 -0.066292 0.000000
v -0.112097 -0.055860 0.000000
v 0.443216 0.020210 0.000000
v -0.199681 -0.017667 0.000000
v 0.085319 -0.018667 0.000000
v 0.114622 -0.068759 0.000000
v 0.076420 -0.015198 0.000000
v 0.074242 -0.010819 0.000000
v -0.352933 0.046402 0.000000
v -0.330985 0.046621 0.000000
v 0.066623 -0.011267 0.000000
v 0.070542 -0.012894 0.000000
v -0.158534 -0.011373 0.000000
v -0.116580 0.034093 0.000000
v -0.061223 0.036261 0.000000
v -0.203102 0.068773 0.000000
v 0.111792 -0.017796 0.000000
v 0.104126 -0.014632 0.000000
v 0.103423 -0.019202 0.000000
v 0.106926 -0.011212 0.000000
v 0.110508 -0.008529 0.000000
v 0.114649 -0.010342 0.000000
v 0.100273 -0.010840 0.000000
v 0.096855 -0.013644 0.000000
v 0.123237 -0.047993 0.000000
v -0.243409 0.001451 0.000000
v -0.246325 -0.001764 0.000000
v -0.243709 0.020554 0.000000
v 0.281574 0.021298 0.000000
v -0.119776 -0.027146 0.000000
v -0.141037 -0.017584 0.000000
v -0.144276 -0.021826 0.000000
v -0.136597 -0.018459 0.000000
v -0.318574 0.034040 0.000000
v -0.314782 0.030895 0.000000
v -0.048216 0.030421 0.000000
v -0.047857 0.006139 0.000000
v -0.052874 0.005888 0.000000
v -0.044154 0.003046 0.000000
v -0.044376 0.009513 0.000000
v -0.049570 0.010340 0.000000
v 0.030137 0.054420 0.000000
v -0.000562 0.022931 0.000000
v -0.034155 0.045150 0.000000
v -0.029731 0.045150 0.000000
v 0.079704 0.043395 0.000000
v 0.076306 0.046907 0.000000
v 0.073539 0.042423 0.000000
v 0.076365 0.038608 0.000000
v 0.002931 -0.012898 0.000000
v 0.098345 0.045588 0.000000
v 0.093486 0.048491 0.000000
v 0.089129 0.047265 0.000000
v 0.001383 -0.001376 0.000000
v -0.049227 0.001292 0.000000
f 427 1948 343
f 628 529 758
f 2303 605 521
f 591 1953 338
f 555 429 349
f 348 597 598
f 608 607 609
f 338 337 593
f 419 418 616
f 589 476 509
f 599 516 729
f 301 609 736
f 341 427 342
f 592 337 723
f 427 1946 1947
f 427 343 342
f 501 1954 370
f 268 638 3155
f 215 467 492
f 213 572 214
f 347 597 348
f 344 515 345
f 587 589 509
f 629 760 763
f 568 571 484
f 587 588 586
f 435 681 559
f 432 1938 1936
f 832 2619 706
f 1627 1685 1793
f 1785 2117 2115
f 433 478 706
f 434 558 853
f 824 1244 678
f 1942 503 704
f 455 477 354
f 1153 2255 329
f 361 707 362
f 677 678 2302
f 848 452 513
f 508 596 513
f 347 346 515
f 1952 2532 584
f 1244 1307 1308
f 849 851 725
f 473 368 367
f 52 770 1097
f 724 476 589
f 1933 688 691
f 509 476 502
f 428 415 1935
f 1935 414 413
f 731 497 730
f 801 662 146
f 407 474 408
f 554 424 365
f 429 585 351
f 429 351 350
f 506 225 511
f 515 346 345
f 611 610 391
f 919 206 916
f 427 341 1946
f 415 428 416
f 2046 438 461
f 349 429 350
f 474 454 410
f 1243 1153 1242
f 449 3156 470
f 409 408 474
f 474 407 2237
f 410 454 411
f 463 442 487
f 564 412 411
f 431 404 403
f 438 2047 461
f 563 434 562
f 474 410 409
f 464 489 232
f 354 353 455
f 478 358 565
f 355 354 477
f 456 433 2279
f 33 628 758
f 404 431 405
f 452 473 500
f 3154 1949 534
f 142 141 470
f 13 739 14
f 381 472 499
f 363 362 566
f 478 456 360
f 478 359 358
f 839 2173 838
f 704 565 357
f 148 147 2136
f 2279 707 456
f 491 467 214
f 1942 356 477
f 2047 571 461
f 1048 594 850
f 614 615 523
f 289 288 480
f 799 78 1141
f 1060 313 2249
f 562 480 287
f 508 2302 1391
f 777 922 925
f 599 285 284
f 293 457 459
f 285 599 729
f 729 558 285
f 287 563 562
f 480 458 291
f 2064 726 728
f 434 457 458
f 2523 2241 1944
f 292 458 457
f 486 463 28
f 459 434 853
f 457 293 292
f 2173 219 838
f 459 294 293
f 697 561 696
f 2288 1059 733
f 433 456 478
f 280 553 282
f 849 596 1959
f 715 836 1157
f 279 423 553
f 515 597 347
f 1059 1246 606
f 277 276 435
f 484 713 712
f 1960 523 613
f 916 917 2002
f 553 280 279
f 226 225 506
f 423 279 278
f 1932 283 553
f 273 272 517
f 435 276 275
f 518 275 517
f 531 897 901
f 9 8 679
f 681 683 559
f 273 517 274
f 1053 729 516
f 514 1953 598
f 282 281 280
f 839 838 716
f 732 854 1051
f 603 315 604
f 31 30 487
f 500 424 677
f 603 602 316
f 857 604 1060
f 269 268 496
f 505 488 230
f 316 315 603
f 677 513 500
f 1085 526 878
f 504 485 371
f 844 845 1146
f 442 760 487
f 727 595 726
f 377 620 2187
f 491 446 573
f 621 876 878
f 477 356 355
f 317 316 602
f 418 482 616
f 483 436 708
f 453 2064 728
f 1252 1248 1249
f 421 492 466
f 736 1062 302
f 560 1950 223
f 478 360 359
f 736 302 301
f 299 606 605
f 576 2269 575
f 534 209 208
f 1270 463 486
f 521 605 606
f 97 96 788
f 486 28 27
f 300 609 301
f 473 452 501
f 565 358 357
f 527 882 883
f 520 604 857
f 3157 736 858
f 609 300 608
f 1067 1063 1065
f 461 483 2046
f 1169 1315 1466
f 430 454 474
f 494 141 140
f 623 882 527
f 856 1059 2247
f 398 397 483
f 422 384 441
f 877 453 728
f 296 601 297
f 461 571 399
f 762 487 760
f 608 300 605
f 556 403 402
f 440 510 726
f 388 387 676
f 744 746 742
f 475 411 454
f 460 481 437
f 707 566 362
f 14 2283 15
f 739 1076 1265
f 395 2045 396
f 417 416 460
f 884 2342 2204
f 858 609 607
f 481 460 416
f 571 568 401
f 400 399 571
f 398 483 461
f 462 485 440
f 436 397 396
f 1030 405 431
f 738 5 4
f 483 397 436
f 709 2045 833
f 2256 556 714
f 392 612 393
f 278 435 559
f 272 271 497
f 558 563 286
f 502 432 455
f 366 365 424
f 500 473 367
f 361 360 456
f 424 367 366
f 484 712 568
f 832 1034 2617
f 333 1936 2521
f 390 389 439
f 391 610 392
f 1020 557 1018
f 9 679 1029
f 676 1014 388
f 587 509 585
f 349 348 555
f 2170 389 388
f 5 738 867
f 612 392 610
f 368 501 369
f 567 708 709
f 558 286 285
f 390 439 391
f 419 615 420
f 2042 437 2041
f 615 614 1
f 523 615 616
f 2 1 614
f 1960 613 3
f 2261 2257 2259
f 617 524 739
f 2 614 1960
f 740 12 11
f 3 613 4
f 482 417 460
f 434 458 562
f 429 588 585
f 813 815 817
f 827 1031 2237
f 2240 2176 449
f 10 9 1029
f 679 1018 557
f 206 920 207
f 417 482 418
f 122 806 123
f 570 714 556
f 1331 2052 2050
f 617 13 12
f 618 2290 740
f 446 3154 573
f 682 681 518
f 946 646 2100
f 401 568 402
f 461 399 398
f 666 807 2138
f 739 13 617
f 616 615 419
f 835 1035 711
f 16 2060 2059
f 683 688 684
f 162 697 696
f 138 137 663
f 871 19 835
f 574 573 3154
f 741 619 23
f 22 741 23
f 576 577 445
f 610 611 522
f 587 586 589
f 708 710 2046
f 588 587 585
f 871 872 870
f 611 391 439
f 822 676 387
f 2095 2094 765
f 564 411 475
f 368 473 501
f 340 339 1945
f 822 386 385
f 520 857 1168
f 462 372 485
f 453 425 374
f 453 374 373
f 462 373 372
f 340 1946 341
f 619 24 23
f 676 822 552
f 24 753 25
f 1143 999 1000
f 381 499 382
f 40 39 624
f 835 18 1035
f 382 441 383
f 875 25 753
f 847 2177 2178
f 755 622 880
f 491 573 445
f 513 452 500
f 413 412 428
f 271 471 497
f 365 364 554
f 435 278 277
f 722 847 2178
f 620 377 376
f 620 376 621
f 215 492 216
f 441 384 383
f 425 1934 374
f 385 384 422
f 28 463 29
f 1941 426 1665
f 217 216 421
f 472 498 3188
f 1308 1391 2302
f 624 627 40
f 1943 444 511
f 431 403 556
f 306 1468 1469
f 426 379 378
f 623 43 42
f 2093 31 762
f 627 41 40
f 380 472 381
f 376 375 1934
f 211 572 212
f 29 463 487
f 487 30 29
f 1051 854 601
f 24 619 753
f 39 625 624
f 762 31 487
f 881 43 623
f 502 476 1938
f 579 155 154
f 32 628 33
f 1058 856 601
f 588 555 590
f 34 766 35
f 612 610 522
f 721 720 582
f 596 1391 326
f 509 353 352
f 528 624 625
f 344 343 1948
f 758 34 33
f 765 36 35
f 620 526 2187
f 2205 756 886
f 376 1934 621
f 767 631 48
f 49 48 631
f 2065 740 11
f 2038 703 2035
f 2097 888 50
f 881 44 43
f 550 668 669
f 300 299 605
f 887 2206 769
f 631 768 2097
f 46 45 769
f 986 114 113
f 135 134 667
f 49 2097 50
f 667 134 808
f 480 562 458
f 920 206 919
f 52 1205 53
f 520 1312 602
f 286 563 287
f 635 59 58
f 586 723 589
f 52 1097 1205
f 2268 1160 2524
f 1338 1340 1409
f 103 102 656
f 895 531 635
f 2170 823 439
f 774 2099 635
f 838 466 837
f 485 510 440
f 874 619 525
f 471 271 270
f 529 759 885
f 499 451 722
f 740 524 617
f 2616 2266 618
f 450 471 496
f 226 506 505
f 227 229 228
f 505 227 226
f 902 905 900
f 1018 679 1027
f 382 499 2178
f 450 496 720
f 509 502 353
f 1951 428 412
f 636 266 637
f 532 636 637
f 472 451 499
f 774 531 2207
f 481 564 703
f 26 1082 1084
f 702 165 164
f 230 229 505
f 1209 1100 1102
f 481 703 437
f 266 636 267
f 691 694 695
f 1414 261 2648
f 222 221 443
f 604 520 603
f 590 586 588
f 555 598 591
f 443 560 223
f 220 443 221
f 714 570 569
f 443 223 222
f 231 464 232
f 464 231 488
f 460 437 482
f 432 2522 477
f 489 233 232
f 512 507 1952
f 290 480 291
f 490 234 233
f 234 490 512
f 444 506 511
f 464 488 444
f 469 448 493
f 512 235 234
f 506 444 488
f 555 588 429
f 477 455 432
f 2137 149 148
f 1937 335 334
f 465 507 512
f 2818 2649 259
f 1788 1787 1743
f 1520 1405 1473
f 71 2123 72
f 733 856 1058
f 2818 2294 2649
f 66 798 67
f 1451 1802 1137
f 2269 576 574
f 1802 1820 1137
f 1550 1451 2415
f 1593 1591 1594
f 489 1943 465
f 1142 545 799
f 58 2098 895
f 51 770 52
f 2868 2519 2871
f 227 505 229
f 1751 1793 1685
f 1456 1457 1234
f 796 65 64
f 2652 245 244
f 265 264 1209
f 2760 2519 247
f 1294 1295 3099
f 505 506 488
f 465 512 490
f 697 2174 561
f 1282 3164 1285
f 472 380 1940
f 1287 1417 1419
f 214 572 491
f 1041 1043 583
f 779 1106 239
f 240 1109 241
f 239 238 779
f 500 367 424
f 639 644 237
f 462 440 2064
f 573 576 445
f 645 237 644
f 462 453 373
f 779 938 3158
f 235 584 236
f 2652 2654 245
f 1779 1810 1833
f 942 944 778
f 556 402 570
f 771 61 891
f 218 421 219
f 615 1 420
f 297 601 856
f 445 492 467
f 213 212 572
f 325 1959 1958
f 2528 2529 1956
f 468 572 211
f 528 627 624
f 214 467 215
f 491 445 467
f 210 468 211
f 510 504 1954
f 1949 468 210
f 208 207 534
f 471 450 497
f 235 1952 584
f 475 454 430
f 458 292 291
f 216 492 421
f 492 445 466
f 934 202 931
f 1026 1019 1022
f 421 218 217
f 533 639 642
f 294 459 1050
f 457 434 459
f 926 928 200
f 200 922 926
f 518 435 275
f 2106 92 91
f 1966 1968 640
f 502 455 353
f 642 236 1962
f 197 957 198
f 491 572 468
f 578 579 154
f 646 197 196
f 1217 1293 194
f 638 267 636
f 646 946 535
f 481 416 428
f 850 848 725
f 971 193 192
f 485 372 371
f 197 646 957
f 488 231 230
f 3170 642 643
f 1955 595 1957
f 219 421 466
f 464 444 489
f 1949 210 209
f 1289 189 1118
f 192 191 648
f 1424 1369 1119
f 289 480 290
f 370 504 371
f 187 1113 1114
f 496 270 269
f 1111 1113 782
f 185 184 647
f 369 501 370
f 2241 3159 1038
f 1113 186 782
f 1147 1385 1387
f 490 489 465
f 1306 1241 1011
f 139 580 140
f 1461 1147 1387
f 1737 2474 2475
f 106 105 793
f 1272 1406 884
f 336 723 337
f 960 648 2102
f 648 960 537
f 597 514 598
f 628 759 529
f 828 844 2174
f 155 579 717
f 1082 26 1081
f 718 157 156
f 718 156 717
f 4 613 738
f 571 401 400
f 712 570 568
f 493 151 150
f 2523 225 224
f 730 497 450
f 699 700 163
f 166 1502 1461
f 696 163 162
f 1939 581 143
f 699 163 696
f 2242 662 801
f 1143 1000 158
f 278 559 423
f 735 862 864
f 702 164 700
f 1572 1571 1521
f 402 568 570
f 297 2247 298
f 578 152 493
f 1253 1249 1254
f 236 639 237
f 530 631 767
f 647 536 782
f 503 477 2522
f 86 85 980
f 238 237 645
f 585 352 351
f 90 89 649
f 2107 2109 2106
f 83 1121 789
f 651 650 98
f 653 99 650
f 684 423 559
f 648 971 192
f 2377 2378 2381
f 997 81 80
f 674 675 131
f 597 515 514
f 743 741 744
f 650 651 539
f 949 947 1431
f 87 2105 88
f 789 654 84
f 654 85 84
f 564 2034 703
f 1285 1287 1358
f 654 983 980
f 1932 553 423
f 966 785 537
f 107 106 1134
f 866 611 439
f 112 791 655
f 2346 1230 1376
f 478 565 706
f 2539 2030 2540
f 1229 1374 1226
f 836 577 575
f 272 497 517
f 1133 793 105
f 101 656 102
f 2066 42 41
f 3171 3170 1991
f 658 793 991
f 824 678 554
f 2228 991 104
f 466 577 837
f 99 653 100
f 106 793 1134
f 282 553 283
f 824 1016 1017
f 100 2031 101
f 86 980 981
f 598 555 348
f 1086 755 318
f 771 1098 62
f 1136 1138 798
f 650 99 98
f 993 659 73
f 2134 67 1140
f 1951 481 428
f 993 2608 659
f 2133 68 2134
f 2167 847 2243
f 879 2182 622
f 60 2099 774
f 62 61 771
f 589 723 724
f 593 337 592
f 798 1140 67
f 576 575 577
f 63 2253 1099
f 1174 866 737
f 704 705 831
f 796 660 65
f 604 315 314
f 574 576 573
f 66 65 660
f 994 75 74
f 661 997 80
f 2156 2158 2159
f 874 525 1192
f 91 90 978
f 95 447 96
f 713 2052 712
f 647 782 185
f 90 649 978
f 93 447 94
f 876 621 425
f 638 268 267
f 2610 2135 2609
f 972 89 2104
f 591 590 555
f 661 79 799
f 445 577 466
f 94 447 95
f 434 563 558
f 130 672 674
f 1234 1303 1452
f 585 509 352
f 302 1063 303
f 73 659 74
f 79 661 80
f 526 620 621
f 602 603 520
f 74 659 994
f 468 446 491
f 287 480 288
f 485 504 510
f 2347 2592 2349
f 1240 1239 1238
f 2043 333 332
f 1954 594 510
f 2301 1305 1390
f 497 731 517
f 820 1237 1239
f 2790 2612 2680
f 1940 380 379
f 5 867 6
f 819 814 818
f 2147 2139 2146
f 629 763 764
f 817 2140 805
f 153 578 154
f 517 275 274
f 2611 669 811
f 489 490 233
f 814 815 818
f 1008 1151 673
f 180 2579 2771
f 2137 469 149
f 998 147 662
f 2303 608 605
f 1597 1520 1598
f 469 493 150
f 469 150 149
f 765 2094 36
f 2072 627 528
f 146 662 147
f 625 39 38
f 165 702 1148
f 1001 138 663
f 841 844 843
f 494 449 470
f 681 682 683
f 494 470 141
f 738 613 1074
f 470 495 1939
f 322 321 1955
f 1939 143 142
f 144 143 581
f 591 338 593
f 623 527 756
f 1040 840 842
f 152 151 493
f 666 135 667
f 548 664 804
f 2374 2233 2373
f 592 590 593
f 578 493 579
f 804 664 124
f 664 125 124
f 493 448 579
f 155 717 156
f 1006 2231 2233
f 313 2248 314
f 882 42 2066
f 987 114 986
f 989 986 655
f 111 985 791
f 2096 38 37
f 536 647 2226
f 152 578 153
f 2296 2657 2658
f 116 2296 2656
f 363 566 1016
f 987 2298 114
f 591 598 1953
f 677 508 513
f 1149 806 122
f 808 1011 549
f 675 1012 1010
f 1001 1003 138
f 840 1040 581
f 494 580 2240
f 494 140 580
f 590 591 593
f 1461 1464 167
f 2045 708 436
f 136 135 666
f 808 133 1009
f 2249 2251 2250
f 669 668 128
f 127 809 669
f 602 2180 317
f 586 590 592
f 850 501 452
f 129 671 672
f 693 2244 692
f 668 671 129
f 727 1049 1047
f 1390 1503 2382
f 805 810 812
f 606 299 298
f 612 394 393
f 668 129 128
f 835 19 18
f 709 833 834
f 2067 757 2066
f 113 112 655
f 2226 959 536
f 319 318 755
f 35 766 765
f 471 270 496
f 627 626 2067
f 621 878 526
f 767 48 47
f 889 768 1089
f 1066 1069 1064
f 1906 1897 1903
f 2310 859 2309
f 896 898 906
f 897 531 895
f 62 1098 2253
f 2098 58 57
f 635 531 774
f 637 266 265
f 636 532 638
f 1101 1100 263
f 1100 264 263
f 910 532 775
f 582 720 3155
f 1962 236 584
f 3172 644 639
f 2533 584 2532
f 928 201 200
f 1991 3170 1990
f 538 649 972
f 236 642 639
f 643 642 640
f 199 922 200
f 1985 1978 1982
f 3172 639 533
f 644 641 645
f 938 645 641
f 238 645 779
f 2100 196 195
f 646 535 781
f 183 783 184
f 184 783 2226
f 2102 191 190
f 648 537 785
f 2104 89 88
f 649 538 787
f 651 98 97
f 2477 653 539
f 447 788 96
f 788 651 97
f 2225 935 937
f 656 657 542
f 539 653 650
f 653 652 2032
f 789 84 83
f 654 540 983
f 791 112 111
f 655 541 989
f 657 656 101
f 656 542 2229
f 952 953 1212
f 535 952 781
f 1615 1611 1613
f 946 948 535
f 993 72 794
f 2669 994 543
f 995 660 544
f 66 660 798
f 799 79 78
f 997 661 1498
f 801 146 145
f 998 999 2062
f 2138 137 136
f 1002 803 1001
f 804 124 123
f 812 664 813
f 1149 2681 806
f 2579 180 2789
f 1304 1389 1387
f 663 807 547
f 808 134 133
f 666 667 549
f 669 128 127
f 2165 670 2614
f 126 809 127
f 126 812 810
f 1237 820 1008
f 129 672 130
f 2614 668 550
f 671 670 672
f 670 673 672
f 674 131 130
f 1008 673 670
f 132 131 675
f 672 673 674
f 675 673 551
f 673 675 674
f 675 551 1012
f 386 822 387
f 1014 552 1015
f 424 554 677
f 678 677 554
f 554 364 824
f 1242 1244 1017
f 1027 8 7
f 679 557 826
f 407 406 827
f 827 406 1030
f 435 518 681
f 518 731 682
f 687 686 682
f 683 684 559
f 686 683 682
f 284 283 1932
f 686 688 683
f 688 1933 684
f 687 685 686
f 689 911 2213
f 687 682 600
f 686 685 688
f 730 721 600
f 689 687 600
f 692 688 685
f 599 284 695
f 582 638 910
f 915 2224 2625
f 2625 687 689
f 519 601 854
f 688 692 694
f 284 691 695
f 693 692 685
f 694 692 690
f 910 911 582
f 2214 693 915
f 1056 695 694
f 688 694 691
f 1056 694 690
f 516 599 695
f 697 162 161
f 1156 699 696
f 160 828 161
f 161 828 697
f 830 698 1155
f 580 139 1003
f 1156 696 561
f 700 699 698
f 829 702 700
f 163 700 164
f 1002 1005 803
f 1005 1004 701
f 829 700 698
f 1148 702 701
f 2035 2034 475
f 2039 2041 2038
f 1942 704 357
f 704 503 2044
f 1936 2043 2044
f 705 1034 832
f 565 831 706
f 706 831 832
f 456 707 361
f 479 566 707
f 436 396 2045
f 708 567 710
f 833 395 394
f 834 612 522
f 1181 1186 1323
f 1402 1264 1190
f 834 1179 1183
f 1399 1173 750
f 713 484 2047
f 569 570 712
f 2048 438 2046
f 2048 710 2049
f 1403 2263 569
f 1154 1030 431
f 921 1161 574
f 2241 224 1950
f 837 836 1037
f 1037 1038 3159
f 448 2061 579
f 2136 802 2137
f 2061 718 717
f 718 999 1143
f 158 1144 159
f 581 495 840
f 3155 496 268
f 721 582 689
f 600 721 689
f 450 720 721
f 3187 1041 722
f 583 2243 722
f 592 723 586
f 724 723 336
f 336 335 724
f 724 335 1937
f 513 849 848
f 725 851 852
f 727 726 510
f 726 595 728
f 2063 727 510
f 1957 323 322
f 595 1955 1956
f 754 1087 880
f 855 1053 1054
f 558 729 853
f 721 730 450
f 731 730 600
f 682 731 600
f 731 518 517
f 2245 855 1054
f 2214 2216 693
f 1278 1277 1102
f 1642 1623 899
f 2251 2632 2633
f 1256 1061 1253
f 858 860 735
f 860 862 735
f 858 736 609
f 865 3157 864
f 749 525 743
f 741 743 525
f 523 2040 1074
f 1188 1189 1028
f 1076 1264 869
f 739 1265 2283
f 12 740 617
f 2065 11 10
f 743 744 742
f 525 619 741
f 750 745 747
f 743 742 747
f 744 741 22
f 746 872 2282
f 22 21 744
f 746 744 21
f 1070 1015 1071
f 747 749 743
f 20 870 21
f 746 21 870
f 742 2282 750
f 747 745 749
f 834 522 1179
f 1071 1072 737
f 1072 751 1175
f 1043 1045 583
f 742 750 747
f 748 1399 750
f 1177 1073 1180
f 866 1174 1176
f 749 745 1077
f 1333 1194 1332
f 874 753 619
f 753 1079 875
f 754 876 877
f 1202 880 1087
f 317 2180 1086
f 622 2252 880
f 2091 2516 2513
f 886 769 45
f 2531 528 625
f 1252 1258 1248
f 884 758 529
f 758 2204 766
f 2093 628 32
f 885 759 629
f 763 442 761
f 762 629 759
f 442 463 1270
f 583 722 1041
f 629 762 760
f 2093 762 759
f 442 763 760
f 764 763 761
f 1472 1517 1518
f 1602 1272 1088
f 2589 2095 765
f 36 2094 37
f 758 766 34
f 765 766 630
f 47 46 2206
f 767 887 1889
f 1089 631 530
f 889 888 768
f 45 2205 886
f 769 632 887
f 51 50 888
f 1204 1097 770
f 891 61 60
f 1098 771 1346
f 263 262 894
f 1279 1103 1210
f 1407 55 1408
f 54 1408 55
f 901 904 2207
f 2208 771 891
f 2285 1102 1277
f 582 911 689
f 206 205 916
f 917 916 205
f 2272 1110 1213
f 925 929 777
f 778 938 940
f 240 239 1107
f 938 779 645
f 945 3158 944
f 2273 193 971
f 962 961 964
f 948 950 535
f 957 2272 198
f 782 536 1111
f 185 782 186
f 182 2101 2590
f 988 1300 1448
f 1118 1114 1116
f 537 960 962
f 537 962 964
f 1217 2273 1215
f 942 778 940
f 2600 2601 2777
f 787 538 2227
f 91 787 2106
f 2118 2122 2605
f 2227 976 3020
f 1121 82 979
f 540 654 789
f 1287 242 1358
f 2594 2595 981
f 985 111 110
f 655 791 2274
f 988 987 1128
f 1300 1132 1447
f 1133 104 991
f 2409 1134 658
f 2123 794 72
f 2133 2129 2132
f 1454 1234 1452
f 799 1141 1142
f 63 796 64
f 544 660 796
f 1099 1206 544
f 772 894 1210
f 995 798 660
f 1138 1136 797
f 77 2672 1141
f 545 661 799
f 1498 800 997
f 1122 789 1121
f 145 144 1040
f 1039 2242 842
f 546 998 662
f 448 2062 2061
f 663 1002 1001
f 829 830 1005
f 806 804 123
f 665 2677 1007
f 812 813 805
f 809 811 669
f 1149 121 1006
f 804 806 665
f 663 137 2138
f 1386 549 1462
f 1009 133 1010
f 549 667 808
f 126 810 809
f 809 810 811
f 812 126 125
f 811 810 805
f 817 805 813
f 805 2140 811
f 125 664 812
f 813 664 548
f 548 815 813
f 2148 2141 2143
f 804 1007 548
f 177 2152 2150
f 548 1007 818
f 814 2145 815
f 2373 2371 2374
f 178 2151 2149
f 2143 2145 2146
f 2140 817 2142
f 548 818 815
f 818 816 2679
f 816 2677 2676
f 177 2150 2151
f 1237 1008 2165
f 1151 820 1305
f 1013 1306 821
f 1009 1011 808
f 385 422 822
f 822 422 2166
f 552 1014 676
f 439 1070 866
f 1016 364 363
f 1017 566 479
f 1188 6 867
f 1026 2627 1019
f 2616 557 2171
f 826 2616 2065
f 406 405 1030
f 827 680 1031
f 828 845 844
f 840 843 719
f 829 698 830
f 701 702 829
f 1156 1032 1155
f 1003 1033 580
f 704 831 565
f 832 831 705
f 705 2043 1034
f 2618 330 2172
f 394 612 833
f 834 833 612
f 1176 1177 522
f 1183 1185 834
f 1035 18 17
f 871 870 20
f 2270 575 2269
f 1037 836 715
f 836 837 577
f 838 837 716
f 716 3159 839
f 466 838 219
f 443 2173 560
f 2173 443 220
f 3156 843 495
f 842 840 719
f 470 3156 495
f 841 2175 2174
f 842 719 1039
f 801 145 1040
f 495 843 840
f 841 2174 844
f 845 828 160
f 719 843 844
f 160 159 845
f 1144 1145 159
f 2425 2426 3188
f 1199 1201 1197
f 2243 1045 1046
f 441 2177 422
f 849 513 596
f 725 1048 850
f 596 1958 1959
f 725 848 849
f 850 594 1954
f 452 848 850
f 325 324 851
f 852 851 324
f 1047 852 324
f 2063 1048 1049
f 729 1053 1055
f 294 1050 295
f 1051 601 296
f 2246 1052 2629
f 1162 732 1051
f 1050 1055 1162
f 1058 601 519
f 1059 856 733
f 314 2248 604
f 1247 1168 857
f 607 2304 860
f 858 735 3157
f 1396 521 1311
f 888 889 633
f 607 860 858
f 859 2310 862
f 1095 1273 1093
f 1171 2317 1170
f 859 862 860
f 2271 864 862
f 1857 1864 1855
f 1067 1516 304
f 2271 862 861
f 864 863 865
f 1065 1063 865
f 1063 302 1062
f 1070 439 823
f 1175 1073 1174
f 738 1074 1075
f 1028 7 6
f 2042 2040 616
f 1019 1020 1022
f 1329 1325 1327
f 739 524 1076
f 20 19 871
f 872 746 870
f 835 711 871
f 1320 1322 1186
f 2179 872 871
f 2281 2282 872
f 1046 2167 2243
f 1078 752 874
f 1192 525 749
f 752 875 1079
f 1080 1084 1083
f 1081 25 875
f 877 876 425
f 876 754 878
f 453 877 425
f 1956 728 595
f 2252 754 880
f 1085 878 2252
f 1168 1312 520
f 622 755 879
f 754 877 1087
f 755 880 1202
f 623 756 881
f 44 881 756
f 42 882 623
f 882 757 2582
f 2068 757 2067
f 1315 1467 1466
f 1337 1203 1272
f 529 885 1337
f 629 764 885
f 885 764 1203
f 2092 2515 527
f 632 769 886
f 3169 1890 1879
f 2206 767 47
f 633 770 888
f 888 770 51
f 1091 889 1089
f 890 1097 1204
f 1090 1093 1091
f 1394 1309 1245
f 60 774 891
f 2207 2208 774
f 1345 1347 1410
f 796 1099 544
f 2220 2222 2624
f 912 913 914
f 1279 1210 894
f 1100 1101 893
f 58 895 635
f 898 897 895
f 898 896 897
f 1275 1412 1347
f 898 895 773
f 896 1642 901
f 773 905 902
f 902 898 773
f 906 903 1675
f 1345 1206 892
f 909 903 907
f 898 907 906
f 896 901 897
f 901 899 904
f 773 2098 905
f 907 902 900
f 1474 1475 1407
f 1245 1058 1166
f 1350 1351 1349
f 2208 904 634
f 57 56 2209
f 2210 55 1407
f 907 898 902
f 906 1675 1674
f 909 907 900
f 906 907 903
f 2751 909 2497
f 995 1233 797
f 1093 889 1091
f 521 1246 1311
f 532 910 638
f 911 910 775
f 913 911 775
f 915 2213 913
f 775 532 2212
f 1163 519 854
f 914 913 775
f 913 912 915
f 519 1166 1058
f 519 1165 1166
f 2214 915 912
f 2224 915 693
f 917 205 204
f 1997 1999 776
f 203 1105 204
f 201 931 202
f 1962 1963 640
f 921 534 920
f 1999 916 776
f 919 918 920
f 921 920 918
f 534 207 920
f 919 1999 918
f 921 574 3154
f 199 1213 925
f 2225 926 922
f 947 950 948
f 955 956 1361
f 929 935 777
f 204 1105 917
f 199 925 922
f 1362 1364 923
f 2225 922 777
f 926 924 928
f 1363 927 1364
f 538 974 976
f 928 924 933
f 201 928 931
f 1364 925 923
f 2538 935 929
f 926 2225 924
f 1104 2002 1105
f 933 931 928
f 202 934 203
f 2029 2028 927
f 2763 2535 930
f 924 2020 2763
f 931 933 930
f 931 930 934
f 934 930 1104
f 2538 929 927
f 935 932 937
f 1968 1970 643
f 640 1963 1966
f 2009 2008 1994
f 937 2007 2020
f 3176 939 3177
f 938 778 3158
f 3170 3171 533
f 538 972 974
f 3177 938 641
f 939 2879 942
f 1611 1615 1673
f 982 2596 1123
f 939 942 940
f 941 2959 944
f 2597 2777 2105
f 1281 241 1109
f 941 944 942
f 944 943 945
f 1107 945 3160
f 1107 239 1106
f 2100 646 196
f 948 780 947
f 785 966 1215
f 1730 2471 1729
f 780 948 946
f 947 949 950
f 1120 1293 1217
f 1212 1360 1362
f 950 949 953
f 535 950 952
f 951 953 955
f 1212 951 1360
f 953 952 950
f 952 1212 1110
f 2412 955 953
f 953 951 1212
f 965 1371 1216
f 1483 1420 1481
f 2412 953 949
f 956 955 954
f 1478 1481 1420
f 1367 1480 1365
f 646 781 957
f 957 781 2272
f 1112 958 1111
f 190 189 1289
f 2658 2357 2659
f 2298 2297 115
f 2102 648 191
f 1427 962 960
f 1118 188 1114
f 2274 985 1220
f 1427 960 784
f 961 963 964
f 1119 1231 2275
f 970 1372 969
f 964 963 967
f 537 964 966
f 967 969 965
f 947 1442 1429
f 967 966 964
f 1216 1371 1373
f 963 1495 969
f 967 965 1216
f 1445 1446 1428
f 2414 992 1543
f 963 969 967
f 970 969 968
f 968 1379 1491
f 1437 1430 1433
f 648 785 971
f 971 785 2273
f 89 972 649
f 2601 2602 2604
f 786 2104 2105
f 2561 2570 2572
f 2604 972 786
f 973 3205 976
f 2966 2968 2970
f 2538 2028 2025
f 973 976 974
f 975 3020 976
f 1534 1609 1610
f 2109 92 2106
f 649 787 978
f 91 978 787
f 2380 2381 2378
f 1125 1126 1124
f 654 980 85
f 981 980 790
f 1123 2596 790
f 2594 2105 87
f 790 983 984
f 2598 1125 3102
f 984 983 540
f 980 983 790
f 540 789 1122
f 982 1123 1125
f 1374 1443 1298
f 1220 1223 1219
f 655 986 113
f 987 986 792
f 792 989 990
f 2297 2298 2299
f 1132 1300 988
f 792 1128 987
f 990 989 541
f 986 989 792
f 1130 1221 1129
f 784 2102 2103
f 2228 104 103
f 1732 1637 1704
f 2410 2411 2409
f 968 1495 1379
f 72 993 73
f 2608 993 794
f 543 994 659
f 994 795 2610
f 544 1206 1301
f 1136 995 797
f 2300 2660 76
f 996 1303 1142
f 1498 661 545
f 997 800 2380
f 999 998 546
f 147 998 802
f 546 1000 999
f 999 718 2062
f 546 2242 1039
f 158 1000 1144
f 1002 663 547
f 1003 1001 803
f 1004 1002 547
f 803 1005 830
f 1003 803 1033
f 138 1003 139
f 1004 547 1235
f 165 1148 2254
f 1004 1005 1002
f 829 1005 701
f 120 2231 121
f 2231 120 2234
f 665 1007 804
f 818 1007 816
f 2163 2165 2614
f 1008 820 1151
f 1010 133 132
f 1009 821 1011
f 675 1010 132
f 821 1009 1010
f 821 1012 1013
f 1463 1503 1559
f 1013 1012 551
f 1010 1012 821
f 673 1151 551
f 1306 1013 1390
f 2291 1046 1044
f 388 1014 823
f 1070 1071 737
f 823 1014 1015
f 1017 1016 566
f 364 1016 824
f 1017 479 1242
f 824 1017 1244
f 1027 679 8
f 1020 1018 825
f 1022 1020 2236
f 2580 2237 1031
f 1028 825 1027
f 557 1020 1019
f 1025 2037 1024
f 2236 1020 825
f 1021 1024 1022
f 1024 1026 1022
f 1025 1024 1021
f 2237 2580 430
f 1075 868 1187
f 1024 1023 1026
f 2039 2038 1025
f 2038 2035 2037
f 2035 2036 1023
f 2238 2235 2627
f 1028 1027 7
f 1018 1027 825
f 867 738 1075
f 1022 2236 1021
f 679 826 1029
f 10 1029 826
f 556 2256 431
f 827 1030 2257
f 680 2238 1031
f 2239 1023 2036
f 2175 2176 561
f 1032 2240 1033
f 803 830 1033
f 1033 830 1155
f 332 331 1034
f 2617 1034 331
f 2058 2057 1191
f 2056 567 1329
f 1995 2010 1997
f 715 1157 1159
f 715 2268 1037
f 837 1037 716
f 1159 1160 2268
f 2525 1944 2524
f 1146 1145 1039
f 1000 546 1039
f 581 1040 144
f 801 1040 842
f 3187 722 451
f 1724 1043 1041
f 1404 1517 1271
f 1196 486 27
f 1724 1041 846
f 1042 3163 1045
f 1042 1757 1758
f 552 2615 1015
f 1042 1045 1043
f 1045 1044 1046
f 1268 1334 2291
f 2166 552 822
f 324 323 1047
f 1047 323 1957
f 725 852 1048
f 1049 1048 852
f 1047 1049 852
f 1049 727 2063
f 459 853 1050
f 1050 853 1055
f 296 295 1051
f 1162 1051 295
f 2245 732 855
f 912 2218 2217
f 1054 1053 516
f 1055 1053 855
f 516 1056 1054
f 1054 1056 1057
f 1055 855 1162
f 729 1055 853
f 695 1056 516
f 1057 1056 690
f 2244 1057 690
f 2629 2245 2246
f 1165 519 1163
f 2216 2402 2246
f 1246 1059 2288
f 606 298 2247
f 2249 313 312
f 734 857 1060
f 1168 1247 1061
f 1085 2184 2185
f 3157 1062 736
f 1062 865 1063
f 865 1066 1065
f 304 303 1063
f 863 1170 1066
f 1515 1516 1169
f 1066 865 863
f 1067 1065 1064
f 1066 1170 1069
f 1064 1065 1066
f 1064 1397 1067
f 1063 1067 304
f 863 1171 1170
f 1249 1247 734
f 1313 1315 1069
f 1515 305 1516
f 1015 1070 823
f 737 866 1070
f 873 1172 1015
f 1077 1072 1172
f 1172 1072 1071
f 1173 1072 1077
f 1182 751 1399
f 1176 611 866
f 523 1074 613
f 1074 868 1075
f 2039 1187 868
f 6 1188 1028
f 1330 1264 1076
f 1265 1076 2058
f 1077 745 1173
f 1078 1193 3162
f 749 1077 1193
f 3162 1194 1078
f 753 874 1079
f 752 1079 874
f 1083 1266 1080
f 1080 1199 1197
f 1083 1082 875
f 1082 1081 875
f 26 1084 27
f 875 752 1083
f 1266 752 1195
f 1083 1084 1082
f 1084 1197 1196
f 2181 879 2180
f 2184 1085 2182
f 317 1086 318
f 879 755 1086
f 2530 877 728
f 1202 319 755
f 1088 1203 1335
f 2622 2620 2193
f 631 1089 768
f 530 1888 1091
f 1896 1889 887
f 2417 1567 2307
f 530 1091 1089
f 1090 1092 1093
f 1858 1784 1845
f 1274 1338 1341
f 1095 1093 1092
f 633 889 1093
f 2503 1094 2752
f 2504 2501 2503
f 1092 2507 2752
f 1094 1204 1273
f 1851 1853 1854
f 1396 1311 1568
f 1204 770 633
f 1097 890 1205
f 1346 771 634
f 892 1099 2253
f 63 1099 796
f 1206 1099 892
f 1101 263 894
f 1102 1100 893
f 894 772 1101
f 1276 1101 2293
f 1102 893 1278
f 637 265 1209
f 1279 1414 2920
f 797 1382 1497
f 2535 1980 2534
f 2002 1104 1987
f 203 934 1105
f 1104 1105 934
f 3158 1106 779
f 1106 945 1107
f 3160 945 943
f 240 1107 1109
f 3165 1108 3160
f 1211 1358 241
f 1107 1108 1109
f 1281 1109 1108
f 1213 1110 923
f 781 952 1110
f 1112 1111 536
f 1113 1111 958
f 2344 959 1423
f 1132 1128 1130
f 1114 1113 958
f 1113 187 186
f 958 1116 1114
f 188 187 1114
f 1117 1116 958
f 1422 1421 1112
f 1117 958 1112
f 1116 1115 1118
f 1232 1300 1380
f 1115 1116 1117
f 1118 1115 1290
f 189 188 1118
f 1221 1222 1129
f 1421 1369 1115
f 1215 966 1216
f 1442 1120 1373
f 82 1121 83
f 1121 979 1122
f 2808 1296 1297
f 1122 1296 540
f 790 984 1123
f 1126 1125 1123
f 540 1296 1294
f 2770 2879 2569
f 1126 1123 984
f 1125 1124 3102
f 1297 1296 1122
f 1126 984 1294
f 2971 2979 2987
f 2563 2565 2558
f 792 990 1128
f 1130 1128 990
f 541 1219 990
f 1132 988 1128
f 990 1219 1221
f 1130 1129 1132
f 541 1220 1219
f 1224 1487 1537
f 1129 1222 2275
f 2275 1132 1129
f 104 1133 105
f 991 793 1133
f 658 1134 793
f 1134 992 2414
f 1357 1476 1353
f 1356 772 1210
f 797 1137 1138
f 798 995 1136
f 797 1233 1382
f 797 1497 1137
f 1137 2482 1138
f 798 1138 1140
f 1743 1787 1550
f 2707 2705 2484
f 2482 1140 1138
f 2134 1139 2133
f 77 1141 78
f 1141 996 1142
f 2672 2300 2671
f 1458 1303 1460
f 158 157 1143
f 1143 157 718
f 1000 1039 1144
f 159 1145 845
f 1144 1039 1145
f 1146 1039 719
f 844 1146 719
f 845 1145 1146
f 1235 547 1236
f 1235 1236 1147
f 701 1004 1148
f 1148 1004 1235
f 121 1149 122
f 2681 1149 1006
f 2611 2144 2163
f 2276 173 172
f 820 2287 1305
f 551 1151 2301
f 168 1464 1463
f 549 1011 1241
f 1243 1242 479
f 1307 329 328
f 2266 2267 2264
f 1030 1154 2257
f 1156 1155 698
f 1033 1155 1032
f 699 1156 698
f 1156 561 2176
f 2270 836 575
f 2536 1159 1157
f 1987 1995 2002
f 465 2526 2527
f 2536 1157 1036
f 1159 1158 1160
f 1158 2013 2526
f 1943 1944 2525
f 2001 921 918
f 1036 1157 2270
f 1050 1162 295
f 732 1162 855
f 2629 854 732
f 1052 2399 1165
f 2223 2212 1277
f 1276 893 1101
f 1052 1165 1163
f 1165 1164 1166
f 1596 1630 1689
f 1309 733 1245
f 1058 1245 733
f 1344 1844 2746
f 1247 857 734
f 1061 1260 1312
f 1315 1397 1069
f 1069 1068 1313
f 864 2271 863
f 1068 1069 1170
f 1632 1633 2423
f 1895 1899 1875
f 1015 1172 1071
f 1077 1172 873
f 750 1173 745
f 751 1072 1173
f 1175 1174 737
f 1174 1073 1176
f 1072 1175 737
f 1175 751 1182
f 1177 1176 1073
f 522 611 1176
f 1182 1180 1073
f 522 1177 1179
f 1178 1320 1186
f 1181 1185 1183
f 1180 1179 1177
f 1181 1183 1184
f 1073 1175 1182
f 1180 1178 1184
f 1186 1181 1184
f 1322 711 1324
f 1173 1399 751
f 1178 1180 1182
f 1184 1183 1179
f 1400 1325 1329
f 1180 1184 1179
f 1184 1178 1186
f 567 709 1185
f 834 1185 709
f 1320 1321 1262
f 1324 1263 1323
f 1025 1021 1187
f 1189 1187 1021
f 867 1075 1188
f 1189 1188 1075
f 1187 1189 1075
f 1189 1021 2236
f 1330 1190 1264
f 1190 1330 1401
f 1328 2055 2053
f 15 1191 2060
f 1193 1192 749
f 874 1192 1078
f 3162 1077 873
f 1192 1193 1078
f 2292 1015 2615
f 1268 1200 1267
f 1195 1333 1332
f 1044 3163 1268
f 27 1084 1196
f 1197 1084 1080
f 1199 1200 1758
f 486 1196 1197
f 2284 1269 761
f 1201 486 1197
f 1199 1080 1267
f 1199 1198 1201
f 1080 1266 1267
f 1268 3163 1200
f 1269 1201 1198
f 2284 442 1270
f 320 2529 2528
f 320 319 1202
f 1404 1335 1203
f 1272 1203 1088
f 1273 1204 633
f 2502 1204 1094
f 1205 890 1338
f 1338 1409 1205
f 1346 1275 1345
f 1301 1135 1233
f 1276 1353 1207
f 1246 2288 1167
f 893 1413 1278
f 1208 1278 1413
f 1100 1209 264
f 637 1209 1102
f 1279 894 262
f 2824 2825 1103
f 1211 1281 1282
f 1211 1282 1285
f 1288 1360 1361
f 923 1110 1212
f 925 1213 923
f 199 198 2272
f 1214 1290 1291
f 1214 1370 1427
f 966 967 1216
f 1217 1215 1120
f 1292 1371 1372
f 1120 1215 1216
f 1442 1293 1120
f 194 193 2273
f 1458 545 1142
f 2653 2295 2652
f 541 2274 1220
f 1221 1219 1131
f 1229 1226 1228
f 1131 1219 1223
f 1221 1131 1222
f 990 1221 1130
f 1131 1227 1537
f 1222 1225 2275
f 1228 1223 1220
f 1378 2346 1376
f 1131 1223 1227
f 1370 961 1427
f 1222 1131 1537
f 1369 1424 1426
f 1220 1229 1228
f 1494 1298 1443
f 1230 1223 1228
f 1223 1230 1227
f 1229 1220 985
f 1228 1226 1230
f 110 2345 985
f 1443 110 109
f 1376 1230 1226
f 1444 1224 1227
f 1421 1422 1119
f 2344 1422 1112
f 959 2592 2347
f 116 2297 2296
f 1301 995 544
f 1450 1382 1233
f 2711 2666 2486
f 1587 1591 1593
f 1236 547 807
f 1235 1147 1502
f 807 666 1236
f 1388 1462 1241
f 2165 1008 670
f 2160 1239 1150
f 811 2140 2144
f 1238 2159 2158
f 1150 1239 1237
f 2161 1238 2158
f 171 2278 2277
f 1239 1240 2287
f 1011 821 1306
f 1241 1152 1388
f 1243 479 2279
f 1242 1153 1244
f 2619 2172 2641
f 329 2255 330
f 1153 1307 1244
f 328 1308 1307
f 1392 1164 3185
f 2400 2624 2222
f 1311 1246 1167
f 521 606 1246
f 2250 734 1060
f 1061 1247 1253
f 1257 1251 1254
f 2076 2072 528
f 2630 1252 1249
f 1249 1248 1254
f 310 309 2688
f 2384 2688 1514
f 2280 1258 1259
f 2187 2185 2188
f 2630 1249 734
f 1250 2634 1258
f 1249 1253 1247
f 1256 1253 1251
f 1254 1248 2280
f 1253 1254 1251
f 1319 1261 1318
f 2637 2638 2639
f 2194 426 2189
f 1085 2185 526
f 2280 1259 2800
f 2585 2586 2584
f 1250 1258 1252
f 1258 1255 1259
f 1261 1316 1318
f 2335 2903 3181
f 1256 2191 2192
f 2181 2182 879
f 1313 1316 1261
f 1469 1471 307
f 2281 1262 1321
f 2281 2179 1262
f 2059 2581 16
f 1181 1323 1325
f 1330 1076 524
f 1331 1402 1403
f 2058 1076 869
f 2283 1191 15
f 752 1266 1083
f 1267 1266 1195
f 1267 1195 1268
f 1267 1200 1199
f 1195 1332 1268
f 1268 1332 1334
f 1756 1042 1724
f 1691 846 1663
f 486 1201 1270
f 1201 1269 2284
f 1335 1404 1271
f 1519 1271 1517
f 1602 1571 1572
f 1337 884 529
f 1093 1273 633
f 1094 1273 1095
f 2501 2502 1094
f 1523 900 2211
f 1275 1346 1348
f 1623 1582 1349
f 2293 1101 772
f 1276 1207 1354
f 1208 2221 2223
f 532 637 2285
f 1413 1276 1354
f 1277 1278 1208
f 262 261 1279
f 1414 1279 261
f 2822 2920 2821
f 1135 1347 1411
f 1282 1281 1108
f 241 1281 1211
f 3161 3165 3160
f 244 243 1419
f 3091 2959 2960
f 2928 1417 1418
f 1285 1286 2941
f 1588 1499 1586
f 1285 3164 1286
f 1285 1284 1287
f 2962 2965 2942
f 1126 1294 3099
f 1287 1284 1417
f 243 242 1287
f 1480 1367 1478
f 927 929 1364
f 1290 1289 1118
f 1289 1214 2103
f 1291 1290 1115
f 1289 1290 1214
f 1291 1115 1369
f 1488 1370 1426
f 1541 1430 1540
f 1373 1120 1216
f 2100 1293 780
f 194 1293 195
f 540 1294 984
f 1295 1294 1218
f 2645 2808 2810
f 3063 2911 3061
f 1297 1122 979
f 1294 1296 1218
f 2377 979 2378
f 1459 545 1458
f 2408 2405 2407
f 1434 1435 1438
f 1226 1377 1376
f 1434 1438 1440
f 1132 2275 1447
f 1448 1300 1232
f 1301 1206 1410
f 995 1301 1233
f 1410 1347 1135
f 1744 1746 1742
f 2671 1452 1303
f 1303 1234 1460
f 1147 1236 1385
f 1386 1304 1385
f 2277 1240 2276
f 2644 1503 2643
f 1013 2301 1390
f 1241 1306 2382
f 329 1307 1153
f 1308 328 327
f 1308 327 1391
f 678 1244 1308
f 1245 1166 1392
f 1560 1563 1395
f 1353 1524 1207
f 1392 1394 1245
f 1465 1311 1167
f 607 608 2303
f 1061 1312 1168
f 1312 1260 2181
f 2322 1316 1313
f 1315 1313 1261
f 2315 2313 2314
f 2333 1920 2334
f 1398 1466 1467
f 1315 1169 1397
f 2322 1313 1068
f 2326 1318 1316
f 1898 1908 1913
f 1470 1507 1510
f 2326 1316 1314
f 1319 1318 1317
f 1508 1512 1510
f 1509 1469 1398
f 1321 1320 1178
f 1322 1320 1262
f 1182 1321 1178
f 2281 1321 748
f 2179 1322 1262
f 1324 1323 1322
f 1323 1263 1325
f 1186 1322 1323
f 711 1035 1324
f 1324 1035 2289
f 1325 1263 1327
f 1400 1185 1181
f 1326 1327 1328
f 1331 2050 2051
f 1328 1327 1263
f 1329 1327 1326
f 1324 2289 1263
f 1191 1265 2058
f 1326 2049 2056
f 567 1185 1400
f 2290 524 740
f 1330 2290 1401
f 2047 2048 713
f 1264 1402 869
f 1195 752 1333
f 1332 1194 1334
f 752 1078 1333
f 1194 1333 1078
f 3162 2292 1194
f 2169 2166 2167
f 1404 1203 764
f 1520 1473 1335
f 1088 1335 1473
f 1601 2693 2421
f 1203 1337 885
f 884 1337 1272
f 890 2502 1341
f 1340 1338 1274
f 2747 1343 1344
f 1522 1341 1343
f 1340 1274 1474
f 1340 54 1409
f 890 1341 1338
f 1343 1341 1339
f 2500 2501 2504
f 1523 1573 900
f 1344 1343 1339
f 1342 1475 1522
f 2309 859 2306
f 1394 3166 1309
f 1346 1345 892
f 1345 1275 1347
f 1098 1346 892
f 1346 634 1348
f 1275 1348 1350
f 1412 1411 1347
f 634 904 1348
f 1351 904 899
f 1353 1476 1524
f 1352 1412 1350
f 1351 1350 1348
f 1349 1581 1350
f 904 1351 1348
f 1351 899 1623
f 1582 1643 1554
f 1545 1547 1549
f 1416 1356 1357
f 1416 1357 1353
f 1524 1527 1526
f 2385 1526 2387
f 2922 257 2853
f 2855 2991 2854
f 2825 1210 1103
f 1356 1280 1357
f 1533 1415 1476
f 1529 1525 1527
f 241 1358 242
f 1285 1358 1211
f 2940 2941 2935
f 2655 2939 2948
f 1361 1360 951
f 1362 1360 1288
f 955 1361 951
f 1361 956 1367
f 1362 1288 1363
f 1212 1362 923
f 1288 1367 1366
f 1288 1366 1363
f 1364 929 925
f 1363 1364 1362
f 1480 1420 1535
f 1368 2028 2029
f 1288 1361 1367
f 2029 1366 2418
f 1478 1367 956
f 1365 1366 1367
f 1480 1576 1365
f 2578 2418 1577
f 1421 1115 1117
f 1424 1119 1225
f 1214 1291 1370
f 1369 1426 1291
f 1372 1371 965
f 1371 1292 1373
f 969 1372 965
f 1372 970 1433
f 1429 1373 1292
f 1373 1429 1442
f 1443 1374 1229
f 1377 2403 1376
f 1378 1299 1379
f 1489 1428 1490
f 1377 1226 1374
f 1378 1376 1299
f 1298 2404 1374
f 1539 1436 1491
f 1538 1491 1436
f 1375 1444 2346
f 1495 1446 1375
f 1375 1378 1379
f 1119 1485 1231
f 1536 1380 1485
f 2657 1448 1449
f 2297 116 115
f 1450 1233 1135
f 1497 1382 2415
f 75 2609 76
f 2661 2662 1383
f 1234 1454 1456
f 1500 1499 3195
f 1386 1385 1236
f 1387 1385 1304
f 1236 666 1386
f 549 1386 666
f 1388 1389 1304
f 1387 1464 1461
f 1388 1152 1389
f 1462 1304 1386
f 1463 1389 1152
f 1464 1389 1463
f 2278 1305 2277
f 1503 1463 1152
f 326 1391 327
f 508 1391 596
f 1164 1392 1166
f 1310 1393 1394
f 2689 2690 1719
f 1560 1395 1465
f 1310 1394 1392
f 1394 1393 3166
f 1465 1561 1560
f 1563 1565 1395
f 1311 1465 1568
f 860 2304 859
f 1397 1169 1516
f 1069 1397 1064
f 1509 1398 1506
f 1466 1468 1169
f 748 1321 1399
f 1182 1399 1321
f 1325 1400 1181
f 567 1400 1329
f 2616 618 2065
f 2264 1401 2266
f 1403 1402 1190
f 1402 1331 2054
f 2264 2642 1401
f 712 2052 569
f 761 1518 764
f 1404 1518 1517
f 1600 1601 2421
f 1473 1571 1088
f 2697 1336 2695
f 2204 2342 630
f 1522 1475 1274
f 2209 2210 2211
f 54 1340 1408
f 1408 1340 1474
f 54 53 1409
f 1205 1409 53
f 1301 1410 1135
f 1345 1410 1206
f 1658 1657 1655
f 1382 1450 1302
f 1350 1412 1275
f 1411 1412 1352
f 1276 1413 893
f 1208 1413 1354
f 2648 261 260
f 1414 1355 2920
f 1357 1574 1533
f 1531 1794 2390
f 2293 1416 1353
f 1356 1416 772
f 1417 1284 2940
f 1419 1417 1359
f 2816 2286 2811
f 1460 1457 1384
f 1419 1359 2653
f 1287 1419 243
f 954 1622 1641
f 1484 1672 1608
f 1112 1421 1117
f 1119 1369 1421
f 536 2344 1112
f 1119 1422 1485
f 1380 1486 1232
f 1231 1485 1380
f 1225 1222 1487
f 1225 1425 1424
f 1425 1488 1426
f 1426 1370 1291
f 1424 1425 1426
f 1445 1488 1224
f 962 1427 961
f 1427 784 2103
f 1224 1444 1445
f 961 1370 1489
f 1432 1429 1292
f 947 1429 1431
f 1433 1432 1292
f 1435 1437 1433
f 1432 1431 1429
f 1541 1431 1430
f 1292 1372 1433
f 1431 1432 1430
f 1435 1433 970
f 1430 1432 1433
f 1538 968 1491
f 1441 1493 1434
f 970 1538 1438
f 1435 1434 1437
f 1539 1299 2403
f 2404 2406 1539
f 1440 1441 1434
f 1430 1437 1540
f 970 1438 1435
f 1436 2691 1440
f 1539 2405 2691
f 2408 2411 1439
f 1436 1440 1438
f 1441 1440 1439
f 1542 1579 1639
f 1579 1619 1493
f 947 780 1442
f 1293 1442 780
f 1229 985 2345
f 1443 109 1494
f 2346 1227 1230
f 1445 1444 1375
f 1446 1445 1375
f 1445 1428 1488
f 1495 1375 1379
f 963 961 1490
f 1231 1380 1447
f 1300 1447 1380
f 1449 1448 1232
f 1448 1381 2299
f 1486 2349 2351
f 183 2590 783
f 1135 1411 1450
f 1545 1544 1450
f 1548 1302 1544
f 1697 1603 1696
f 2671 1303 996
f 1383 2664 1454
f 1546 1743 1550
f 1779 1833 1711
f 1383 1454 1452
f 2419 1456 1454
f 2462 2466 2467
f 1686 1588 2433
f 2419 1454 1453
f 1456 1455 1457
f 1585 1590 1589
f 2812 1499 1588
f 1303 1458 1142
f 1459 1458 1384
f 1585 1584 1384
f 1498 1500 800
f 1457 1460 1234
f 1458 1460 1384
f 167 166 1461
f 1502 166 1148
f 1241 1462 549
f 1304 1462 1388
f 2382 1503 1152
f 168 1463 169
f 167 1464 168
f 1387 1389 1464
f 3166 1561 1309
f 1568 1465 2417
f 1467 1315 1261
f 1468 1466 1398
f 1261 1319 1467
f 1506 1467 1319
f 1469 1468 1398
f 306 305 1515
f 1509 1506 1507
f 306 1469 307
f 1510 1507 1319
f 1471 1569 308
f 1569 1470 1514
f 308 307 1471
f 1723 1691 1472
f 1663 1519 1691
f 1520 1335 1271
f 1571 1473 2421
f 1475 1474 1274
f 1408 1474 1407
f 1342 2749 1573
f 1523 1475 1573
f 1280 1574 1357
f 1476 1415 1524
f 1557 1650 1709
f 1544 1302 1450
f 1641 1481 1478
f 1478 1420 1480
f 954 1541 1492
f 1621 1729 2422
f 1420 1483 1484
f 1577 2418 1576
f 1641 1478 956
f 1479 2422 1483
f 1622 1492 1619
f 1733 1615 1608
f 1479 1483 1481
f 1483 1482 1703
f 3175 2015 3174
f 1420 1484 1535
f 1422 1423 1485
f 1536 1485 1423
f 2347 1486 1536
f 2591 783 2590
f 1224 1425 1487
f 1225 1487 1425
f 1224 1488 1425
f 1488 1428 1489
f 1488 1489 1370
f 1490 1428 1446
f 963 1490 1446
f 961 1489 1490
f 1379 1299 1491
f 1539 1491 1299
f 1493 1437 1434
f 1619 1620 1622
f 1493 1441 1579
f 1540 1493 1492
f 109 108 1494
f 2414 2413 108
f 969 1495 968
f 963 1446 1495
f 1496 1544 1545
f 2415 1548 1550
f 2415 1382 1302
f 1137 1497 1451
f 545 1459 1498
f 1459 1586 1500
f 1584 1459 1384
f 1459 1584 1586
f 1459 1500 1498
f 2814 2812 1686
f 979 2377 1297
f 1500 1501 2381
f 1235 1502 1148
f 1147 1461 1502
f 1503 1390 2643
f 1463 1559 169
f 1525 1529 1531
f 1869 1871 1631
f 2417 1565 1567
f 2306 2304 2305
f 1507 1506 1319
f 1398 1467 1506
f 1319 1508 1510
f 1507 1470 1509
f 1317 2339 1319
f 2637 1255 2635
f 1470 1471 1509
f 1469 1509 1471
f 2638 1511 3180
f 1512 1514 1510
f 2634 1255 1258
f 1514 1470 1510
f 1508 3179 3180
f 1512 1511 1514
f 1317 2327 2337
f 1908 1898 1902
f 1511 2636 1514
f 1569 309 308
f 1169 1468 1515
f 306 1515 1468
f 304 1516 305
f 1516 1067 1397
f 764 1518 1404
f 1519 1517 1472
f 761 1269 1518
f 1518 1269 1723
f 2426 2425 1634
f 1665 1666 1664
f 1519 1598 1271
f 1662 1664 1598
f 1405 1597 1600
f 1521 2421 2693
f 1341 1522 1274
f 1342 1522 1343
f 2211 900 905
f 1407 1475 1523
f 1527 1524 1415
f 1526 1207 1524
f 1604 1415 1533
f 1720 1716 1718
f 2388 2387 1526
f 1354 1207 2385
f 1415 1604 1529
f 1526 1527 1525
f 1551 1556 1552
f 1528 1529 1604
f 1415 1529 1527
f 2478 1531 1529
f 1549 1496 1545
f 1843 1829 1828
f 2478 1529 1528
f 1531 1530 1794
f 1657 1628 1655
f 1716 1715 1718
f 1357 1533 1476
f 1533 1477 1605
f 1607 1609 1535
f 1577 1534 1614
f 1607 1535 1484
f 1535 1609 1576
f 2347 1536 1423
f 1380 1536 1486
f 1224 1537 1227
f 1222 1537 1487
f 1438 1538 1436
f 968 1538 970
f 2404 1539 2403
f 2691 2405 1439
f 1493 1540 1437
f 1541 1540 1492
f 2412 954 955
f 1431 1541 949
f 2410 2409 658
f 1621 2422 1620
f 1494 2413 1298
f 108 2413 1494
f 1545 1450 1411
f 2416 1548 1544
f 1352 1547 1411
f 1545 1411 1547
f 1555 1557 2416
f 1635 1669 1574
f 1552 1554 1551
f 1547 1552 1549
f 2416 1544 1496
f 1548 1546 1550
f 1552 1547 1580
f 1555 1496 1549
f 1741 1557 1709
f 1451 1550 1789
f 1841 2489 2488
f 1575 1606 1707
f 1580 1547 1352
f 1555 1549 1556
f 1553 1555 1556
f 1548 2416 1546
f 1581 1580 1352
f 1554 1581 1582
f 1556 1549 1552
f 1555 1553 1557
f 1626 1556 1551
f 1670 1671 1606
f 1647 1648 1553
f 1606 1477 1670
f 1457 1590 1585
f 1501 3195 2809
f 2644 1559 1503
f 170 169 1559
f 1561 1465 1167
f 1504 1659 1563
f 1309 1561 1167
f 1504 1560 1561
f 1660 1659 1504
f 1629 1630 1596
f 1504 1563 1560
f 1566 1565 1563
f 1564 1565 1566
f 1633 2990 2423
f 1566 1563 1562
f 1564 2423 1565
f 1583 1626 1646
f 1655 1630 1566
f 1632 1564 1629
f 2306 859 2304
f 2417 1465 1395
f 1568 1505 2305
f 1470 1569 1471
f 309 1569 1514
f 2427 1599 1600
f 1405 1520 1597
f 2421 1473 1405
f 1521 2695 1572
f 1336 1406 1572
f 1406 1272 1602
f 1342 1573 1475
f 900 1573 909
f 1635 1574 1280
f 1477 1533 1574
f 1606 1575 1605
f 1626 1625 1647
f 1535 1576 1480
f 1576 1534 1577
f 1534 1610 1614
f 2539 2540 2022
f 1578 1607 1608
f 1578 1613 1610
f 2692 1639 1579
f 1619 1579 1542
f 1352 1350 1581
f 1552 1580 1554
f 1582 1581 1349
f 1554 1580 1581
f 1349 1351 1623
f 2491 1643 1644
f 1643 1645 1554
f 1575 1708 1528
f 1585 1384 1457
f 1586 1584 1558
f 1591 1590 1457
f 1558 1584 1585
f 1588 1586 1558
f 1586 1499 1500
f 1587 1590 1591
f 1685 1627 1654
f 1585 1589 1558
f 2433 1654 1686
f 1685 1654 1587
f 1558 1589 2433
f 1591 1457 1455
f 1589 1590 1587
f 1594 1591 1455
f 249 2868 2869
f 1594 1455 1595
f 2485 1594 1595
f 1779 1711 1751
f 247 2519 248
f 1456 2419 1455
f 1593 1594 1592
f 1453 2664 2666
f 2468 2438 2700
f 2481 1796 1815
f 1564 1566 1629
f 1520 1271 1598
f 2427 1600 1597
f 1662 1598 1519
f 1570 1597 1598
f 1570 1666 1667
f 2077 2084 2086
f 2427 1597 1570
f 1600 1599 1601
f 2077 2079 2084
f 2068 626 2071
f 1571 1602 1088
f 1406 1602 1572
f 1280 2825 1692
f 1635 1692 1603
f 1605 1604 1533
f 1528 1604 1575
f 1606 1605 1477
f 1604 1605 1575
f 1669 1477 1574
f 1647 1553 1556
f 1608 1607 1484
f 1609 1607 1578
f 1637 1672 1703
f 2473 1638 1673
f 1610 1609 1578
f 1609 1534 1576
f 1578 1615 1613
f 1614 1616 1612
f 1798 1816 1817
f 1738 1761 2479
f 1614 1610 1617
f 1989 1990 1970
f 1615 1578 1608
f 2479 1617 1611
f 1617 1610 1613
f 1614 1612 2545
f 1733 1672 1736
f 1615 1734 1673
f 1611 1673 1738
f 1761 1616 2479
f 1611 1617 1613
f 1614 1617 1616
f 2469 2470 2230
f 2229 2230 2228
f 1620 1619 1542
f 1493 1619 1492
f 1542 2424 1620
f 1622 1620 1479
f 2424 1639 1640
f 1640 1730 2424
f 1641 1622 1479
f 1492 1622 954
f 899 901 1642
f 1677 1644 1582
f 1675 1676 2429
f 1626 1551 1646
f 1786 1651 1652
f 1648 1683 1650
f 1551 1645 1646
f 1625 1626 1583
f 1295 2645 3059
f 1589 1587 1654
f 1658 1655 1562
f 1740 1528 1708
f 1630 1629 1566
f 1869 1870 1861
f 1655 1566 1562
f 1630 1628 1689
f 1596 2481 1815
f 1881 1883 1090
f 1870 1629 1596
f 1632 1631 1633
f 1865 1862 2675
f 2307 2852 2309
f 1662 1663 1634
f 1665 1664 1634
f 1103 2920 2824
f 1635 1603 1669
f 1546 1557 1741
f 1650 1553 1648
f 1637 1703 1704
f 1732 2475 2474
f 1760 1638 1797
f 2765 2550 2575
f 2692 1579 1441
f 1639 1618 1640
f 1618 2470 2469
f 2475 2031 2032
f 1481 1641 1479
f 954 1641 956
f 896 1674 1642
f 1679 1678 908
f 1644 1643 1582
f 1645 1643 1624
f 1582 1623 1677
f 2429 1679 908
f 1645 1624 1646
f 1554 1645 1551
f 1644 1678 1679
f 1624 2491 2490
f 1626 1647 1556
f 1648 1647 1625
f 1648 1625 1651
f 1553 1650 1557
f 1625 1652 1651
f 1759 1727 1680
f 1651 1653 1683
f 1684 1650 1683
f 1652 1625 1583
f 1651 1649 1653
f 1652 1583 1710
f 1710 1766 1652
f 1727 1671 1726
f 1728 1671 1636
f 1685 1587 1593
f 1627 2912 1654
f 1659 1658 1562
f 1628 1630 1655
f 1393 1714 1713
f 1656 1712 1657
f 1660 1713 1781
f 1689 1690 1661
f 1562 1563 1659
f 1657 1658 1656
f 1504 3166 1660
f 1656 1658 1659
f 1713 1660 1393
f 1659 1660 1781
f 1628 1657 1721
f 1755 1796 1661
f 1663 1662 1519
f 1664 1662 1634
f 1691 1519 1472
f 1663 846 2426
f 1634 2425 1665
f 1598 1664 1570
f 1941 498 1940
f 1664 1666 1570
f 1665 426 1666
f 1666 2428 1667
f 426 378 2189
f 2197 2196 1256
f 2294 2821 2648
f 2853 256 2698
f 1697 1669 1603
f 1670 1669 1636
f 1669 1670 1477
f 1671 1670 1636
f 1636 1697 1701
f 1726 1649 1727
f 1703 1672 1484
f 1672 1637 1736
f 1733 1734 1615
f 1760 1738 1673
f 906 1674 896
f 1678 1674 908
f 1676 1675 903
f 908 1674 1675
f 1828 2745 1844
f 1803 1807 1722
f 1623 1642 1677
f 1642 1674 1678
f 1644 1677 1678
f 1642 1678 1677
f 1822 1778 1809
f 1679 2488 2489
f 1766 1763 1786
f 1707 1708 1575
f 1696 1603 1694
f 1692 1694 1603
f 1768 1583 3167
f 1754 1657 1712
f 1651 1683 1648
f 1684 1683 1653
f 1697 1699 1701
f 1684 2468 1709
f 1593 1779 1751
f 2868 249 248
f 2812 2814 2811
f 2645 1295 1218
f 1782 1753 1687
f 2480 1740 1765
f 1714 1716 1688
f 1752 1712 1656
f 1690 1689 1628
f 1689 1661 2481
f 1721 1657 1754
f 1710 1768 1682
f 1472 1518 1723
f 1724 1042 1043
f 1280 1692 1635
f 1668 2843 1694
f 2819 2821 2294
f 252 251 3010
f 1668 1694 1692
f 2457 1696 1694
f 2651 2822 2821
f 2468 2435 1725
f 2457 1694 1693
f 1697 1696 1695
f 1699 1697 1695
f 1697 1636 1669
f 1699 1700 1698
f 2435 1653 1702
f 1700 1699 1695
f 1699 1698 1701
f 2457 2444 2456
f 1748 1742 1746
f 1702 1701 1698
f 1636 1701 1728
f 1702 1698 1725
f 1726 1702 1653
f 1483 1703 1484
f 1703 1482 1704
f 1482 1729 1704
f 1621 1730 1729
f 1705 1736 1737
f 2476 2477 1735
f 1706 1738 1760
f 2575 2559 2019
f 1759 1606 1671
f 1707 1680 1708
f 1680 1762 1708
f 1531 2478 1530
f 1684 1709 1650
f 1709 1681 1741
f 3167 1583 1646
f 1682 1739 1766
f 250 2762 251
f 1685 1593 1751
f 1656 1781 1752
f 1721 1690 1628
f 1714 1393 1310
f 1688 1752 1781
f 3184 1716 1310
f 1688 1713 1714
f 3184 3185 2394
f 2387 2389 2385
f 1310 1716 1714
f 1718 1719 2690
f 1717 1783 1753
f 1720 1688 1716
f 1719 1718 1715
f 1718 1717 1720
f 3184 3186 1715
f 2386 2388 2689
f 1753 1720 1717
f 1782 1712 1752
f 1687 1754 1712
f 1772 1682 1770
f 1807 1808 1722
f 1661 1690 1755
f 1198 1757 1269
f 1757 1042 1756
f 846 1691 1724
f 1724 1691 1756
f 2436 1698 1700
f 1709 2468 1681
f 1649 1726 1653
f 1728 1726 1671
f 1763 1727 1649
f 1759 1680 1707
f 1701 1702 1728
f 1726 1728 1702
f 2422 1729 1482
f 1621 2424 1730
f 1731 1730 1640
f 2472 2471 1731
f 2469 1640 1618
f 2472 542 657
f 2471 1732 1704
f 2472 1732 2471
f 1672 1733 1608
f 1733 1705 1734
f 2473 1705 1735
f 1673 1734 2473
f 1705 1737 2476
f 2119 1797 1798
f 1737 1736 1637
f 1733 1736 1705
f 1732 2474 1637
f 1737 652 2476
f 1760 1673 1638
f 1738 1706 1761
f 1762 1763 1739
f 1765 1740 1764
f 1764 1708 1762
f 1739 1765 1764
f 1744 1741 1681
f 1546 1741 1743
f 2717 1810 1825
f 1749 1742 1748
f 1744 1743 1741
f 1788 1749 1767
f 2700 1746 1744
f 1744 1742 1788
f 1698 2436 1725
f 2823 2838 2651
f 2700 1744 1681
f 2442 1748 1746
f 2438 2437 1745
f 1595 2709 1825
f 2442 1746 1745
f 1748 1747 3168
f 1838 1830 1835
f 2487 1837 2860
f 1750 2742 1771
f 1804 1721 1821
f 1779 1593 1592
f 3151 1793 1711
f 1688 1720 1752
f 1782 1752 1720
f 1717 2690 1783
f 2480 1772 1775
f 1795 1783 1794
f 1790 1806 1821
f 1823 1791 1809
f 1814 1796 1755
f 1691 1723 1756
f 1757 1756 1723
f 1269 1757 1723
f 1757 1198 1758
f 1199 1758 1198
f 1758 1200 3163
f 1606 1759 1707
f 1671 1727 1759
f 1638 1798 1797
f 1797 1800 1760
f 2768 2555 2874
f 3175 2014 2015
f 1763 1762 1680
f 1764 1762 1739
f 1727 1763 1680
f 1786 1763 1649
f 1765 1739 1682
f 1708 1764 1740
f 1768 1770 1682
f 1772 1765 1682
f 1682 1766 1710
f 1739 1763 1766
f 1818 1767 1819
f 1787 1789 1550
f 1583 1768 1710
f 1771 1770 1768
f 1769 1770 1771
f 1790 1754 1687
f 1771 1768 1750
f 1770 1769 1772
f 3167 2741 1750
f 2742 2743 1771
f 1777 1772 1769
f 1811 1530 2480
f 1773 1840 1824
f 2744 1771 2743
f 1769 1778 1777
f 1795 1812 1813
f 1777 1775 1772
f 1812 1774 1813
f 1776 1824 1823
f 1755 1803 1722
f 1769 2744 1778
f 1777 1774 1812
f 1776 1809 1778
f 1774 1777 1778
f 1825 1810 1592
f 1779 1592 1810
f 2736 1826 2735
f 2916 3147 2918
f 1781 1656 1659
f 1688 1781 1713
f 1753 1782 1720
f 1712 1782 1687
f 1532 1794 1783
f 1811 1794 1530
f 1796 1814 1784
f 1845 1856 1858
f 2606 2118 2109
f 1760 1800 2767
f 1651 1786 1649
f 1766 1786 1652
f 1743 1744 1788
f 1787 1767 1789
f 1749 1788 1742
f 1767 1787 1788
f 1789 1767 1818
f 1451 1789 1802
f 1813 1687 1753
f 1809 1806 1822
f 1803 1755 1804
f 1803 1804 1791
f 3189 2453 2451
f 1833 2728 1826
f 1711 1793 1751
f 1793 1780 2914
f 1794 1532 2390
f 1740 2480 1530
f 1795 1775 1812
f 1753 1783 1795
f 1814 1755 1722
f 1796 1784 1815
f 1638 2473 1798
f 2114 1800 1785
f 1735 1816 1798
f 539 1817 1816
f 2116 2114 2115
f 2112 2111 2113
f 1785 1800 1797
f 2874 2767 1799
f 2487 1835 1837
f 794 2123 2126
f 1818 1802 1789
f 2482 1820 1139
f 1804 1755 1690
f 1831 1807 1803
f 1690 1721 1804
f 1821 1721 1754
f 1840 1842 1824
f 2749 909 1573
f 1774 1822 1790
f 1791 1804 1806
f 1831 1803 1791
f 1808 1807 1805
f 1805 1824 1842
f 1827 2495 1829
f 1823 1809 1776
f 1806 1809 1791
f 1825 1592 2485
f 1833 1810 2728
f 1775 1795 1811
f 1794 1811 1795
f 1777 1812 1775
f 1813 1774 1790
f 1687 1813 1790
f 1753 1795 1813
f 1808 1827 1722
f 1814 1722 1827
f 2498 1845 1784
f 1596 1815 1861
f 2477 1816 1735
f 1817 539 651
f 2120 651 788
f 1817 2117 2119
f 1819 1767 1749
f 1818 1801 2483
f 1819 1749 1835
f 1818 1819 2487
f 1802 2483 1820
f 2127 2130 2125
f 1790 1821 1754
f 1804 1821 1806
f 1778 1822 1774
f 1806 1790 1822
f 1776 2743 1824
f 1805 1807 1831
f 1832 1840 1841
f 1805 1823 1824
f 2710 2709 1595
f 2128 2608 2126
f 2450 2454 2461
f 2738 3000 3128
f 2492 1842 2493
f 1808 2495 1827
f 1834 1846 1848
f 1827 1829 1814
f 1834 1843 1846
f 1814 1829 2498
f 1749 3168 1838
f 543 2608 2128
f 1791 1823 1831
f 1805 1831 1823
f 2430 1679 2429
f 2432 1842 1832
f 2728 1810 1792
f 1833 1826 3196
f 1848 1850 1834
f 1845 2498 1843
f 1749 1748 3168
f 1835 1830 1837
f 2442 1747 1748
f 1830 1838 1839
f 2128 2125 2778
f 2123 2127 2126
f 1749 1838 1835
f 1838 1836 2451
f 2447 1747 2440
f 2702 2703 2787
f 1841 1840 1773
f 1842 1840 1832
f 2741 1841 2742
f 1624 1643 2491
f 1832 2430 2432
f 1808 1805 2492
f 1846 1828 1844
f 1843 1834 1845
f 2745 2495 2494
f 2499 1344 2500
f 1847 1850 1848
f 1852 1856 1845
f 1828 1846 1843
f 1844 2499 1848
f 1344 2499 1844
f 1850 1847 1849
f 1844 1848 1846
f 2504 2505 1847
f 1874 1876 1877
f 1852 1845 1834
f 1850 1849 1853
f 1834 1850 1852
f 2505 1096 2506
f 2319 2328 2330
f 1853 1852 1850
f 1861 1815 1858
f 1854 1853 1849
f 1853 1851 1859
f 1878 1872 1873
f 1891 1875 1872
f 1852 1859 1856
f 1857 1855 1856
f 1856 1859 1857
f 1856 1855 1858
f 1851 1863 1857
f 1864 1863 1867
f 1861 1858 1855
f 1784 1858 1815
f 1853 1859 1852
f 1851 1857 1859
f 1866 1863 1851
f 1854 1873 1866
f 1855 1864 1865
f 1870 1869 1631
f 1868 1862 1867
f 1865 1861 1855
f 1866 1851 1854
f 1867 1863 1860
f 1863 1864 1857
f 1864 1862 1865
f 2332 2675 1868
f 1870 1631 1632
f 1876 1878 1873
f 1860 1863 1866
f 1868 1867 1860
f 1864 1867 1862
f 1866 1887 1860
f 1930 1900 1898
f 1861 1865 1869
f 1871 1869 1865
f 1629 1870 1632
f 1861 1870 1596
f 1930 2341 1900
f 1631 1871 2674
f 1885 1872 1878
f 1873 1887 1866
f 1876 1873 1854
f 1872 1875 1887
f 1877 1876 1854
f 1880 1878 1874
f 1885 1886 1872
f 1895 1891 1893
f 1849 2506 1854
f 1876 1874 1878
f 2507 1877 2506
f 2507 1883 1877
f 1881 1879 1880
f 1882 1885 1880
f 1881 1884 1879
f 1903 1897 1882
f 1881 1880 1874
f 1879 1904 1880
f 1883 1881 1874
f 1881 1090 1884
f 2509 1904 1879
f 1916 1918 1907
f 1877 1883 1874
f 1090 1883 1092
f 1090 1888 1884
f 1889 3169 1888
f 1880 1885 1878
f 1886 1885 1882
f 1911 1893 1894
f 1891 1895 1875
f 1872 1887 1873
f 1860 1887 1875
f 1091 1888 1090
f 1889 1888 530
f 767 1889 530
f 1890 3169 1896
f 1897 1906 1894
f 1884 3169 1879
f 1872 1886 1891
f 1891 1886 1893
f 1897 1886 1882
f 2341 2508 1900
f 1894 1893 1886
f 1893 1892 1895
f 1886 1897 1894
f 1909 1914 1907
f 1902 1895 1892
f 1875 1899 1860
f 887 632 1896
f 2510 1896 632
f 1882 1904 1903
f 1890 2510 2509
f 1909 1907 1908
f 1913 1928 1898
f 1900 1899 1895
f 1860 1899 2508
f 1902 1900 1895
f 1898 1928 1930
f 632 2511 2510
f 2083 2092 883
f 1909 1908 1902
f 1900 1902 1898
f 1882 1880 1904
f 1901 1905 1906
f 2509 1879 1890
f 1901 1903 1904
f 883 2092 527
f 1907 1914 1916
f 1901 1906 1903
f 1906 1905 2757
f 2756 2757 1905
f 1919 1922 1921
f 1909 1902 1892
f 1918 1927 1907
f 1892 1911 1909
f 1911 1912 1914
f 1915 3055 1916
f 2315 1171 2313
f 1893 1911 1892
f 1911 1894 2757
f 883 2078 2083
f 1314 2324 2325
f 1927 1908 1907
f 1910 2321 1928
f 1911 1914 1909
f 1912 2759 1916
f 2514 2754 1905
f 2582 2070 2078
f 1912 1916 1914
f 1918 1916 3055
f 1920 1922 1924
f 1927 1919 1910
f 1919 1918 1917
f 1913 1927 1910
f 1922 1919 1917
f 1921 1910 1919
f 3055 2904 3054
f 2337 2327 2333
f 2327 2326 2325
f 1314 2316 2324
f 3054 1924 1922
f 1921 1922 1920
f 2070 2073 2075
f 3181 1925 2335
f 3054 1922 1917
f 1923 2335 2334
f 1925 2334 2335
f 2333 1925 2806
f 2324 2321 1910
f 861 2312 2313
f 1927 1913 1908
f 1919 1927 1918
f 1910 1928 1913
f 1926 1929 1930
f 2312 861 2310
f 2319 2330 1929
f 1926 1930 1928
f 1930 1929 2341
f 2930 2934 2850
f 1711 1833 3196
f 1933 423 684
f 691 284 1932
f 691 1932 1933
f 423 1933 1932
f 374 1934 375
f 621 1934 425
f 414 1935 415
f 413 428 1935
f 333 2043 1936
f 432 502 1938
f 1936 1937 334
f 724 1937 476
f 476 1937 1938
f 1936 1938 1937
f 470 1939 142
f 581 1939 495
f 1941 1940 379
f 472 1940 498
f 426 1941 379
f 1665 498 1941
f 356 1942 357
f 477 503 1942
f 444 1943 489
f 1943 511 1944
f 2523 1944 511
f 2524 1944 1038
f 1953 1945 339
f 514 515 1947
f 340 1945 1946
f 1947 1946 1945
f 514 1947 1945
f 515 344 1948
f 427 1947 1948
f 515 1948 1947
f 468 1949 446
f 209 534 1949
f 412 564 1951
f 2241 1950 560
f 481 1951 564
f 512 1952 235
f 2532 1952 507
f 1945 1953 514
f 338 1953 339
f 370 1954 504
f 850 1954 501
f 321 2528 1955
f 1957 595 727
f 320 2528 321
f 2530 1087 877
f 1957 727 1047
f 322 1955 1957
f 325 851 1959
f 596 326 1958
f 849 1959 851
f 2 1960 3
f 523 1960 614
f 630 2342 2343
f 2693 2695 1521
f 1963 1962 584
f 642 1962 640
f 1966 1967 1965
f 1982 1978 1973
f 3178 2013 1158
f 1977 1967 2003
f 1963 2533 1966
f 1970 1971 1969
f 1966 2533 1967
f 1968 1966 1965
f 2004 1988 2003
f 1977 1973 1975
f 1971 1970 1968
f 640 1968 643
f 1994 1974 1985
f 1972 1989 1983
f 1971 1968 1965
f 1970 1969 1989
f 1975 1965 1977
f 1976 1971 1978
f 1969 1976 1981
f 2016 2018 2005
f 1980 1986 1987
f 1971 1965 1975
f 1994 936 2007
f 1969 1971 1976
f 1977 1965 1967
f 1978 1975 1973
f 1978 1971 1975
f 1974 2008 1981
f 2003 1967 2004
f 1984 2010 1995
f 1982 1986 1980
f 1976 1978 1974
f 2026 2023 2022
f 1983 1989 1981
f 930 2534 1104
f 1985 1974 1978
f 1974 1981 1976
f 1981 1979 1983
f 1973 1993 1986
f 1982 1980 1985
f 2021 2023 2009
f 2014 2006 2016
f 1977 1993 1973
f 1993 1984 1986
f 2535 1985 1980
f 1994 1985 936
f 1973 1986 1982
f 1987 1986 1984
f 1995 1987 1984
f 1987 1104 2534
f 1036 2000 2012
f 1161 2001 2000
f 1989 1972 1990
f 1981 1989 1969
f 1972 3175 1990
f 1970 1990 643
f 1972 1983 2014
f 644 3172 641
f 2547 2544 2546
f 1983 1979 2006
f 2003 1993 1977
f 1988 2011 2010
f 936 2020 2007
f 1981 2008 1979
f 1984 1993 2010
f 2002 1995 776
f 2000 1036 1161
f 1995 1997 776
f 1998 1997 1996
f 1998 918 1999
f 1998 1996 2000
f 921 2001 1161
f 1999 919 916
f 1997 1998 1999
f 1996 2011 2000
f 2000 2011 2012
f 918 1998 2001
f 2000 2001 1998
f 916 2002 776
f 1105 2002 917
f 2004 1967 1964
f 1993 2003 1988
f 2013 2004 1964
f 1988 3178 2012
f 2542 2540 2543
f 2573 2019 2572
f 2008 2027 1979
f 2016 2006 1992
f 932 2021 937
f 2009 2027 2008
f 1974 1994 2008
f 2009 1994 2007
f 2007 2021 2009
f 932 2024 2021
f 1988 2010 1993
f 1997 2010 1996
f 2010 2011 1996
f 2012 2011 1988
f 3178 1988 2004
f 2536 1158 1159
f 2527 1964 2532
f 465 2525 2526
f 2006 2014 1983
f 2015 2014 2005
f 2573 2005 2574
f 2571 2577 2576
f 1992 2764 2018
f 2014 2016 2005
f 2549 2548 2537
f 2553 2766 3048
f 1992 2018 2016
f 2017 2575 2574
f 2764 2544 2017
f 2557 2537 2556
f 936 2535 2763
f 2020 924 2225
f 937 2021 2007
f 2024 2023 2021
f 2024 2025 2539
f 2578 2025 1368
f 2540 2542 2022
f 2006 2027 2026
f 2025 2024 932
f 2022 2023 2024
f 932 935 2538
f 2418 2578 1368
f 1992 2006 2026
f 2027 2006 1979
f 2009 2023 2027
f 2026 2027 2023
f 2029 927 1363
f 1368 2025 2028
f 1363 1366 2029
f 2418 1366 1365
f 2541 2545 1612
f 2541 2540 2030
f 2032 2031 100
f 657 101 2031
f 653 2032 100
f 2475 652 1737
f 121 2231 1006
f 2682 2033 2369
f 564 475 2034
f 475 2036 2035
f 2037 2035 1023
f 703 2034 2035
f 2580 475 430
f 1031 2238 2239
f 1024 2037 1023
f 2037 1025 2038
f 1187 2039 1025
f 703 2038 2041
f 2040 2039 868
f 2041 437 703
f 1074 2040 868
f 616 2040 523
f 2040 2041 2039
f 482 2042 616
f 437 2042 482
f 2040 2042 2041
f 1034 2043 332
f 2043 705 2044
f 704 2044 705
f 2044 503 2522
f 833 2045 395
f 708 2045 709
f 708 2046 483
f 2048 2046 710
f 2047 484 571
f 2048 2047 438
f 710 2056 2049
f 2048 2049 2051
f 2053 2051 2049
f 2051 2050 2048
f 2052 1331 1403
f 713 2048 2050
f 2053 2049 1326
f 1402 2054 869
f 569 2052 1403
f 713 2050 2052
f 1326 1328 2053
f 2053 2055 2054
f 1331 2051 2054
f 2053 2054 2051
f 2055 1328 2057
f 869 2054 2055
f 567 2056 710
f 1326 2056 1329
f 2059 2057 1328
f 2060 2057 2059
f 869 2055 2058
f 2057 2058 2055
f 2289 1328 1263
f 2581 2059 1035
f 15 2060 16
f 1191 2057 2060
f 579 2061 717
f 2062 448 802
f 2062 802 998
f 718 2061 2062
f 510 594 2063
f 2063 594 1048
f 462 2064 453
f 726 2064 440
f 826 2065 10
f 618 740 2065
f 2067 2066 41
f 882 2066 757
f 627 2067 41
f 2067 626 2068
f 2071 626 2072
f 757 2068 2070
f 2774 2089 2087
f 2073 2068 2071
f 2070 2068 2073
f 2078 883 2582
f 626 627 2072
f 2071 2069 2073
f 528 2531 2076
f 2069 2071 2072
f 2073 2069 2773
f 2773 2075 2073
f 2069 2072 2583
f 2794 2798 1599
f 2075 2074 2079
f 2070 2075 2078
f 2696 2584 2586
f 2072 2076 2583
f 2585 2583 2076
f 2077 2086 2088
f 2082 2075 2079
f 2514 1901 2512
f 2884 2084 2079
f 2079 2077 2082
f 2082 2078 2075
f 2089 2082 2077
f 2200 2202 2203
f 2806 1925 2807
f 2077 2088 2089
f 2090 2083 2078
f 2090 2078 2082
f 2517 2092 2080
f 2884 2079 2074
f 2081 2890 2086
f 2693 2694 2895
f 3056 2588 2775
f 2081 2086 2084
f 2085 2896 2088
f 2776 2896 2897
f 2756 2758 2759
f 2085 2088 2086
f 2088 2087 2089
f 2775 2588 2774
f 2083 2090 2080
f 2082 2089 2090
f 2755 2090 2089
f 2514 2516 2754
f 2511 2512 2510
f 2080 2092 2083
f 2092 2091 2515
f 628 2093 759
f 31 2093 32
f 630 2589 765
f 38 2096 625
f 2531 2095 1961
f 2096 2095 625
f 37 2094 2096
f 2095 2096 2094
f 631 2097 49
f 888 2097 768
f 905 2098 57
f 895 2098 773
f 60 59 2099
f 635 2099 59
f 1293 2100 195
f 946 2100 780
f 2684 2683 182
f 2355 2350 2354
f 2103 2102 190
f 960 2102 784
f 1289 2103 190
f 1427 2103 1214
f 2105 2104 88
f 972 2104 786
f 86 981 2595
f 2105 2594 2597
f 2107 787 2227
f 2106 787 2107
f 2112 2108 2110
f 2109 2107 2110
f 2115 2108 2116
f 2107 977 2110
f 2115 2118 2108
f 93 92 2605
f 3020 2112 977
f 2110 2108 2606
f 977 2227 3020
f 2550 2537 2557
f 977 2112 2110
f 2111 2768 2113
f 2114 2113 1799
f 2112 2113 2116
f 1800 2114 1799
f 2114 1785 2115
f 1785 2119 2117
f 2122 2121 788
f 2112 2116 2108
f 2114 2116 2113
f 1817 2120 2117
f 2117 2120 2121
f 2115 2117 2121
f 93 2605 2122
f 1797 2119 1785
f 1817 2119 1798
f 651 2120 1817
f 2121 2120 788
f 2122 788 447
f 2115 2121 2118
f 93 2122 447
f 2118 2121 2122
f 70 2124 71
f 2124 2123 71
f 69 2133 2132
f 2127 2131 2130
f 2126 2127 2125
f 1837 1830 2781
f 2127 2123 2124
f 2126 2125 2128
f 69 2132 70
f 2484 1820 2483
f 2778 2125 2905
f 2712 2714 2722
f 2708 2705 2706
f 2127 2124 2131
f 1820 2484 2708
f 2707 2130 2705
f 2132 2124 70
f 2130 2131 2129
f 2129 2131 2132
f 2132 2131 2124
f 68 2133 69
f 2706 2133 1139
f 67 2134 68
f 1140 1139 2134
f 2662 2135 2663
f 2661 2300 76
f 147 802 2136
f 2137 802 448
f 469 2137 448
f 148 2136 2137
f 666 2138 136
f 663 2138 807
f 2155 2157 2153
f 2143 2146 2139
f 2142 2143 2141
f 2142 2144 2140
f 2153 2157 2148
f 2164 2162 2144
f 2143 2142 817
f 2142 2141 2144
f 2145 2143 817
f 2143 2139 2148
f 2164 2154 2160
f 2162 2163 2144
f 815 2145 817
f 2145 814 2146
f 814 819 2146
f 2147 2146 819
f 2147 819 2149
f 2150 2147 2151
f 2150 2152 2139
f 2152 176 2153
f 2370 2678 2676
f 179 178 2612
f 2152 177 176
f 2139 2147 2150
f 2149 2151 2147
f 177 2151 178
f 2153 176 175
f 2148 2139 2152
f 2153 175 2155
f 2148 2152 2153
f 2155 175 2156
f 2159 1238 2160
f 2156 175 174
f 2155 2154 2157
f 2156 174 2158
f 2154 2155 2156
f 2164 2157 2154
f 2141 2148 2157
f 174 173 2158
f 2161 2158 173
f 1238 1239 2160
f 2156 2159 2154
f 2162 2160 1150
f 2154 2159 2160
f 2276 2161 173
f 1238 2161 1240
f 2163 2162 1150
f 2164 2144 2141
f 2165 2163 1150
f 2163 550 2611
f 2164 2141 2157
f 2160 2162 2164
f 1237 2165 1150
f 670 671 2614
f 422 2167 2166
f 1046 2169 2167
f 2167 422 2177
f 2169 1334 2168
f 1334 1194 2292
f 552 2166 2168
f 2169 1046 2291
f 2166 2169 2168
f 389 2170 439
f 388 823 2170
f 2262 2265 2628
f 2258 2262 2261
f 2641 330 2255
f 1243 2279 2619
f 219 2173 220
f 560 2173 839
f 828 2174 697
f 841 3156 2175
f 2176 2175 449
f 561 2174 2175
f 2240 449 494
f 2176 1032 1156
f 2178 2177 441
f 2167 2177 847
f 382 2178 441
f 2178 499 722
f 871 711 2179
f 2179 711 1322
f 2181 2180 602
f 1086 2180 879
f 1312 2181 602
f 2182 1085 622
f 2181 1260 2182
f 2184 1260 2183
f 2192 1260 1061
f 2190 2185 2183
f 1260 2184 2182
f 2184 2183 2185
f 2191 2186 2190
f 2190 2188 2185
f 2196 2195 2186
f 2188 2189 378
f 2187 378 377
f 526 2185 2187
f 2188 2186 2189
f 378 2187 2188
f 2195 2189 2186
f 2195 2194 2189
f 2191 2190 2183
f 2188 2190 2186
f 2192 2191 2183
f 2191 1256 2196
f 1260 2192 2183
f 1256 2192 1061
f 2198 2197 1251
f 2200 2193 2199
f 2793 2193 2620
f 2194 2793 2428
f 2186 2191 2196
f 2194 2195 2193
f 2197 1256 1251
f 2195 2196 2199
f 2198 1251 1257
f 2195 2199 2193
f 2202 2200 2198
f 2200 2199 2197
f 2196 2197 2199
f 2200 2197 2198
f 1257 2801 2202
f 2622 2193 2200
f 1257 2280 2800
f 2883 2887 2890
f 1257 2202 2198
f 2203 2202 2201
f 2804 2799 2203
f 1667 2428 2793
f 766 2204 630
f 758 884 2204
f 45 44 2205
f 756 2205 44
f 769 2206 46
f 767 2206 887
f 901 2207 531
f 2208 2207 904
f 771 2208 634
f 774 2208 891
f 2210 2209 56
f 905 57 2209
f 55 2210 56
f 1407 1523 2211
f 2209 2211 905
f 1407 2211 2210
f 2212 532 2285
f 914 775 2212
f 913 2213 911
f 2625 2213 915
f 2217 2214 912
f 1057 2244 2216
f 2218 914 2220
f 2399 2401 2400
f 2217 2216 2214
f 2215 2401 2402
f 2218 912 914
f 2217 2215 2402
f 2221 2219 2220
f 2217 2218 2624
f 1354 2385 2389
f 2397 2219 2391
f 2221 2220 914
f 2220 2219 2222
f 914 2212 2223
f 2221 1208 3183
f 2392 2395 2397
f 2397 2222 2219
f 1208 2223 1277
f 914 2223 2221
f 693 685 2224
f 2625 685 687
f 935 2225 777
f 2225 937 2020
f 184 2226 647
f 2592 2226 783
f 976 2227 538
f 2107 2227 977
f 103 2229 2228
f 542 2230 2229
f 656 2229 103
f 2230 542 2626
f 2469 1731 1640
f 2230 2704 2228
f 119 2366 2234
f 2234 2233 2231
f 2367 2366 119
f 2352 2356 2351
f 2232 2360 2362
f 2369 2371 2361
f 119 2234 120
f 2233 2234 2232
f 680 827 2257
f 2627 2628 1019
f 825 1028 2236
f 1189 2236 1028
f 474 2237 430
f 827 2237 407
f 2235 2238 680
f 2239 2238 1026
f 1023 2239 1026
f 2239 2036 2580
f 1033 2240 580
f 2176 2240 1032
f 3159 2241 560
f 1944 2241 1038
f 662 2242 546
f 842 2242 801
f 722 2243 847
f 1045 2243 583
f 692 2244 690
f 2216 2244 693
f 1054 1057 2245
f 2246 2245 1057
f 2216 2246 1057
f 1052 1163 2629
f 856 2247 297
f 606 2247 1059
f 313 1060 2248
f 604 2248 1060
f 2631 312 311
f 2631 2249 312
f 1250 1252 2630
f 1060 2249 2250
f 2632 311 310
f 1250 2250 2251
f 754 2252 878
f 622 1085 2252
f 62 2253 63
f 892 2253 1098
f 1153 1243 2255
f 1148 166 2254
f 2641 2255 1243
f 714 1154 2256
f 431 2256 1154
f 2257 1154 2259
f 680 2257 2261
f 2259 1154 2260
f 2259 2260 2258
f 2260 1154 714
f 2261 2259 2258
f 714 2263 2260
f 2642 2264 2263
f 2258 2267 2262
f 2261 2235 680
f 2265 2262 2171
f 2235 2261 2262
f 569 2263 714
f 1403 1190 2642
f 2258 2260 2264
f 2263 2264 2260
f 2171 557 2265
f 2628 557 1019
f 618 2266 1401
f 2171 2262 2267
f 2264 2267 2258
f 2171 2267 2266
f 1037 2268 1038
f 1159 2268 715
f 574 1161 2269
f 1161 1036 2270
f 2270 1157 836
f 1161 2270 2269
f 861 1171 2271
f 863 2271 1171
f 1110 2272 781
f 199 2272 1213
f 1215 2273 785
f 194 2273 1217
f 655 2274 541
f 985 2274 791
f 1119 2275 1225
f 2275 1231 1447
f 2277 2276 172
f 2161 2276 1240
f 171 2277 172
f 2287 2277 1305
f 171 170 2644
f 1305 2278 2643
f 2279 479 707
f 2619 2279 433
f 1254 2280 1257
f 1258 2280 1248
f 2282 2281 748
f 2179 2281 872
f 750 2282 748
f 2282 742 746
f 739 2283 14
f 1191 2283 1265
f 442 2284 761
f 1201 2284 1270
f 1102 2285 637
f 2212 2285 1277
f 2286 2810 2811
f 3066 2817 2647
f 1239 2287 820
f 2277 2287 1240
f 733 1309 2288
f 1167 2288 1309
f 1035 2059 2289
f 1328 2289 2059
f 1401 2290 618
f 524 2290 1330
f 1268 2291 1044
f 2169 2291 1334
f 1015 2292 873
f 2168 1334 2292
f 1416 2293 772
f 1276 2293 1353
f 258 2921 2818
f 2819 2294 2818
f 2928 2927 1359
f 245 2654 246
f 1381 2657 2296
f 2358 1449 2356
f 115 114 2298
f 2296 2297 1381
f 987 988 2298
f 2297 2299 1381
f 2298 988 2299
f 1448 2299 988
f 76 2609 2661
f 1383 1452 2671
f 551 2301 1013
f 1305 2301 1151
f 677 2302 508
f 1308 2302 678
f 521 1396 2303
f 607 2303 1396
f 607 1396 2304
f 2305 2304 1396
f 1568 2305 1396
f 2305 1505 2306
f 2307 1505 2417
f 2306 1505 2307
f 2990 1567 2423
f 2331 2673 2674
f 2990 2673 2852
f 1926 2314 2319
f 2307 2309 2306
f 2310 2309 2308
f 2308 2329 2312
f 2310 861 862
f 2328 2319 2311
f 2313 1171 861
f 2308 2312 2310
f 2312 2311 2313
f 2314 2311 2319
f 2313 2311 2314
f 2318 1068 2317
f 2315 2318 2317
f 2314 2320 2315
f 1170 2317 1068
f 2314 1926 2320
f 1926 2321 2320
f 1171 2315 2317
f 2318 2315 2316
f 2316 1314 2318
f 1314 1316 2322
f 2329 2323 2328
f 1926 2319 1929
f 1926 1928 2321
f 2315 2320 2316
f 2324 1910 1921
f 2316 2320 2321
f 1068 2318 2322
f 1314 2322 2318
f 2673 2851 2852
f 2331 2330 2323
f 2324 1921 2325
f 2316 2321 2324
f 2327 1921 1920
f 1921 2327 2325
f 1318 2326 1317
f 1314 2325 2326
f 2333 2327 1920
f 1317 2326 2327
f 2329 2328 2311
f 2328 2323 2330
f 2312 2329 2311
f 2329 2308 2851
f 2323 2673 2331
f 1929 2330 2332
f 2675 2331 1871
f 2508 2341 1868
f 2330 2331 2332
f 2675 2332 2331
f 2334 1920 1924
f 2640 2805 2807
f 1923 2334 1924
f 1925 2333 2334
f 2904 3057 2903
f 1923 2903 2335
f 3179 2336 2805
f 2336 2339 2337
f 2333 2336 2337
f 2336 3179 2339
f 2897 2338 2776
f 1259 2685 2686
f 1319 2339 1508
f 1317 2337 2339
f 2081 2883 2890
f 1255 2685 1259
f 1929 2332 2341
f 1868 2341 2332
f 884 1406 2342
f 2343 2342 1406
f 1336 2343 1406
f 1961 2095 2589
f 959 2344 536
f 1422 2344 1423
f 110 1443 2345
f 1229 2345 1443
f 1375 2346 1378
f 1227 2346 1444
f 1423 959 2347
f 783 2591 2592
f 2354 2350 2352
f 2347 2349 1486
f 2352 2349 2348
f 1486 2351 1232
f 2593 2354 2352
f 2363 2357 2359
f 2351 2349 2352
f 1449 1232 2351
f 2593 2353 2354
f 2352 2350 2356
f 3182 2375 2353
f 2359 2360 2363
f 2593 2352 2348
f 2354 2353 2375
f 2369 2365 2682
f 2362 2233 2232
f 2356 2350 2358
f 1449 2351 2356
f 2350 2359 2358
f 118 2368 2367
f 2359 2350 2355
f 2358 2357 2658
f 2360 2359 2355
f 2357 2358 2359
f 2360 2355 2364
f 2360 2232 2363
f 2361 2364 2365
f 2369 2033 2792
f 2364 2362 2360
f 2373 2362 2361
f 2366 2363 2232
f 2367 2363 2366
f 2365 2364 2355
f 2362 2364 2361
f 2355 2375 2365
f 2375 2376 2682
f 2234 2366 2232
f 2367 119 118
f 2368 118 117
f 2357 2363 2367
f 2659 117 2296
f 2357 2367 2368
f 2371 2369 2792
f 2361 2365 2369
f 2579 2789 2791
f 2677 2372 2676
f 2372 2371 2370
f 2362 2373 2233
f 2372 2370 2676
f 806 2681 665
f 2361 2371 2373
f 2374 2371 2372
f 2681 2372 665
f 1006 2233 2374
f 2354 2375 2355
f 2593 3182 2353
f 182 2683 2101
f 2376 2683 2684
f 2378 979 82
f 2809 2377 1501
f 81 2380 2379
f 2378 2379 2380
f 997 2380 81
f 2378 82 2379
f 2381 1501 2377
f 2380 800 2381
f 1500 2381 800
f 1241 2382 1152
f 1390 2382 1306
f 2640 2639 1513
f 1257 2800 2801
f 1255 2634 2635
f 2632 2251 2631
f 1207 1526 2385
f 2387 2388 2386
f 3183 2391 2219
f 3183 2389 2391
f 1526 1525 2388
f 2387 2386 2389
f 1525 2390 2388
f 2390 2689 2388
f 2389 2386 2391
f 1208 1354 2389
f 1531 2390 1525
f 2689 2390 1532
f 1719 2392 2386
f 2391 2386 2392
f 1719 2393 2392
f 2395 2393 3186
f 1719 1715 2393
f 3186 2394 2395
f 2394 2398 2396
f 2393 2395 2392
f 2396 2395 2394
f 2222 2397 2396
f 2394 3185 2398
f 2222 2396 2400
f 2392 2397 2391
f 2396 2397 2395
f 2399 2398 1164
f 2400 2215 2624
f 1165 2399 1164
f 2401 2399 1052
f 2396 2398 2400
f 2399 2400 2398
f 2402 2401 1052
f 2400 2401 2215
f 2246 2402 1052
f 2402 2216 2217
f 1376 2403 1299
f 2404 2403 1377
f 1374 2404 1377
f 1543 2407 2406
f 1298 2406 2404
f 2405 2406 2407
f 1543 2406 1298
f 1539 2406 2405
f 1543 992 2407
f 2405 2408 1439
f 2407 992 2408
f 2409 2408 992
f 1134 2409 992
f 2470 2410 658
f 1618 2692 2410
f 2411 1441 1439
f 2409 2411 2408
f 2411 2410 2692
f 949 1541 2412
f 954 2412 1541
f 2414 108 107
f 1298 2413 1543
f 2414 107 1134
f 1543 2413 2414
f 1497 2415 1451
f 1548 2415 1302
f 1555 2416 1496
f 1546 2416 1557
f 1568 2417 1505
f 1565 2417 1395
f 2029 2418 1368
f 1576 2418 1365
f 2710 2419 1453
f 1455 2419 1595
f 2796 2798 2794
f 2880 2587 2894
f 1571 2421 1521
f 1600 2421 1405
f 1483 2422 1482
f 1620 2422 1479
f 1565 2423 1567
f 1632 2423 1564
f 1620 2424 1621
f 1639 2424 1542
f 1663 2426 1634
f 498 1665 2425
f 3187 846 1041
f 2426 3187 3188
f 1570 1667 2427
f 2427 1667 2794
f 1666 426 2428
f 2194 2428 426
f 1675 2429 908
f 2430 2429 1676
f 2432 2430 2750
f 2430 1832 2488
f 2751 2497 2750
f 1808 2492 2493
f 2750 2430 1676
f 1842 2432 2431
f 1558 2433 1588
f 1654 2433 1589
f 2991 2855 2699
f 1747 2447 2448
f 1653 2435 1684
f 1702 1725 2435
f 2437 2436 1700
f 2438 2436 2437
f 2437 1700 2441
f 1745 2437 2440
f 1745 1746 2700
f 1725 2436 2438
f 2441 1700 2455
f 2453 1839 2451
f 2445 2437 2441
f 2445 2440 2437
f 2456 2455 1700
f 2441 2439 2445
f 1745 2440 2442
f 1747 2442 2440
f 2446 2443 2447
f 1836 2448 2449
f 2823 2820 2839
f 2455 2849 2441
f 2446 2445 2439
f 2447 2445 2446
f 2454 2446 2459
f 2454 2460 2461
f 2447 2443 2448
f 2440 2445 2447
f 2449 2448 2443
f 3168 2448 1836
f 2449 2443 2452
f 1838 2451 1839
f 2452 2443 2454
f 2450 2452 2454
f 1836 2449 2451
f 2449 2452 3189
f 2454 2443 2446
f 2702 3189 2450
f 2461 2464 2463
f 1825 2709 2713
f 2439 2847 2459
f 2459 2460 2454
f 2456 1700 1695
f 2455 2444 2849
f 2457 2456 1695
f 2444 2455 2456
f 1696 2457 1695
f 2457 1693 2842
f 2848 2847 2849
f 3010 3011 252
f 2439 2459 2446
f 2459 2458 3194
f 2829 2835 2837
f 2702 2463 2703
f 2464 2461 2460
f 2463 2450 2461
f 2462 2464 2466
f 1792 2715 2723
f 2463 2858 2703
f 3189 2702 2453
f 2460 3193 2466
f 2463 2464 2462
f 3193 3194 3190
f 2698 256 2854
f 2460 2466 2464
f 2467 2466 2465
f 2832 2924 2835
f 3014 3010 2762
f 2435 2468 1684
f 2438 2468 1725
f 1618 2410 2470
f 2230 1731 2469
f 658 991 2470
f 2704 2470 991
f 1729 2471 1704
f 1731 2471 1730
f 2472 1731 2626
f 657 1732 2472
f 1705 2473 1734
f 1798 2473 1735
f 2475 1732 657
f 1737 1637 2474
f 2031 2475 657
f 652 2475 2032
f 2477 2476 652
f 1705 2476 1735
f 653 2477 652
f 2477 539 1816
f 1528 1740 2478
f 1530 2478 1740
f 1617 2479 1616
f 1738 2479 1611
f 1772 2480 1765
f 1811 2480 1775
f 1689 2481 1596
f 1796 2481 1661
f 2482 1139 1140
f 1137 1820 2482
f 1818 2483 1802
f 2484 2483 1801
f 1801 2487 2860
f 2129 2705 2130
f 1594 2485 1592
f 1595 1825 2485
f 2669 2670 2724
f 2724 2716 2720
f 1818 2487 1801
f 1835 2487 1819
f 2430 2488 1679
f 1832 1841 2488
f 2489 1841 2490
f 1644 1679 2489
f 1773 2742 1841
f 1646 1624 2490
f 1644 2489 2491
f 2490 2491 2489
f 1805 1842 2492
f 2493 1842 2431
f 2496 2493 2431
f 2495 1828 1829
f 2494 2496 2497
f 2745 2746 1844
f 1808 2493 2495
f 2495 2493 2496
f 2497 2496 2431
f 2495 2496 2494
f 2750 2497 2431
f 2748 2747 2746
f 1814 2498 1784
f 1843 2498 1829
f 2500 1344 1339
f 1848 2499 1847
f 2500 1339 2501
f 1847 2499 2500
f 2502 2501 1339
f 2503 2501 1094
f 1341 2502 1339
f 2502 890 1204
f 2752 1094 1095
f 2503 1096 2504
f 2505 2504 1096
f 1847 2500 2504
f 1096 2507 2506
f 1847 2505 1849
f 1854 2506 1877
f 1849 2505 2506
f 1096 2503 2752
f 1883 2507 1092
f 1860 2508 1868
f 1899 1900 2508
f 1890 1896 2510
f 1901 1904 2509
f 2511 632 886
f 1901 2509 2510
f 2753 886 756
f 2510 2512 1901
f 2513 2512 2511
f 1901 2514 1905
f 2753 2511 886
f 2515 756 527
f 2516 2512 2513
f 2516 2091 2517
f 2091 2513 2515
f 2515 2513 2753
f 2091 2092 2517
f 2512 2516 2514
f 2517 2080 2518
f 2516 2517 2754
f 2080 2090 2755
f 2757 2756 1912
f 2760 247 246
f 2519 1931 2871
f 2938 2951 2947
f 2726 2735 1826
f 432 1936 2522
f 1936 334 2521
f 2044 2522 1936
f 225 2523 511
f 2241 2523 224
f 2268 2524 1038
f 2525 2524 1160
f 2526 2525 1160
f 2525 465 1943
f 1158 2526 1160
f 2527 2526 2013
f 1964 2527 2013
f 465 2527 507
f 320 1202 2529
f 1955 2528 1956
f 1202 1087 2529
f 2529 1087 2530
f 728 1956 2530
f 2530 1956 2529
f 2095 2531 625
f 2076 2531 1961
f 2527 2532 507
f 2532 1964 2533
f 2533 1963 584
f 1964 1967 2533
f 2535 2534 930
f 1987 2534 1980
f 2763 930 933
f 2535 936 1985
f 1036 2012 2536
f 2536 2012 3178
f 2552 2553 2551
f 2537 2548 2552
f 2028 2538 927
f 932 2538 2025
f 2024 2539 2022
f 2025 2030 2539
f 2030 2545 2541
f 2026 2542 1992
f 2546 2541 1612
f 2017 2018 2764
f 2022 2542 2026
f 2543 2540 2541
f 2541 2546 2543
f 2542 2543 2764
f 2547 1612 1616
f 2544 2549 2765
f 2578 2545 2030
f 2545 1577 1614
f 2547 2546 1612
f 2543 2546 2544
f 2548 2547 1616
f 2549 2547 2548
f 1616 1761 2548
f 2553 2552 2548
f 2549 2537 2550
f 2544 2547 2549
f 2552 2556 2537
f 2574 2575 2019
f 2768 2111 3015
f 3022 3205 3206
f 2553 2548 1761
f 3027 2556 2552
f 1761 1706 2553
f 2766 2553 1706
f 2876 3024 3048
f 2559 2561 2019
f 2555 2766 2767
f 1799 2113 2768
f 3027 2552 2551
f 2556 2554 2557
f 2560 2557 2554
f 2550 2557 2559
f 2560 2563 2558
f 2568 2558 2567
f 2769 2557 2560
f 2559 2769 2561
f 2554 3026 2563
f 2558 2561 2769
f 2558 2565 2567
f 2569 2570 2568
f 2876 3019 3024
f 2602 2603 3206
f 2554 2563 2560
f 3030 2565 2563
f 3025 2562 3023
f 2960 941 3051
f 3030 2563 2562
f 2564 3050 2567
f 2770 2877 3049
f 2558 2568 2561
f 2564 2567 2565
f 2567 2566 2568
f 2569 2877 2770
f 2566 2877 2568
f 2571 3174 2577
f 2568 2570 2561
f 2570 2569 2576
f 2561 2572 2019
f 3176 2576 939
f 3177 3171 3176
f 2577 2572 2570
f 2005 2018 2574
f 2577 2573 2572
f 2015 2005 2573
f 2017 2574 2018
f 2019 2573 2574
f 2765 2575 2017
f 2559 2575 2550
f 939 2576 2569
f 3174 2571 3173
f 2577 2015 2573
f 2570 2576 2577
f 2545 2578 1577
f 2025 2578 2030
f 180 2790 2789
f 2579 2033 2682
f 2239 2580 1031
f 475 2580 2036
f 1035 17 2581
f 16 2581 17
f 882 2582 883
f 757 2070 2582
f 2585 2076 2586
f 2585 2587 2583
f 2892 2895 2891
f 2069 2583 2587
f 2586 2076 1961
f 2585 2584 2587
f 2697 1961 2343
f 2695 2696 2697
f 3052 2894 2584
f 2773 2587 2074
f 2759 1912 2756
f 2080 2755 2518
f 630 2343 2589
f 1961 2589 2343
f 182 2590 183
f 2591 2590 2101
f 2101 3182 2593
f 2592 2591 2348
f 2592 2348 2349
f 2226 2592 959
f 2348 2591 2593
f 2101 2593 2591
f 981 2596 2594
f 2594 2596 2597
f 2596 981 790
f 2594 87 2595
f 2597 2596 982
f 982 2598 2597
f 2600 2597 2598
f 1125 2598 982
f 3200 2600 2598
f 2969 2979 2971
f 973 2604 2602
f 3200 2598 1127
f 2601 2600 2599
f 2602 2601 2599
f 2777 786 2105
f 2603 2602 2599
f 2604 973 974
f 3199 3201 3202
f 3017 3019 2876
f 972 2604 974
f 786 2601 2604
f 92 2109 2605
f 2605 2109 2118
f 2110 2606 2109
f 2108 2118 2606
f 2781 1830 2782
f 2719 2722 2714
f 659 2608 543
f 2126 2608 794
f 2610 2609 75
f 2609 2135 2661
f 994 2610 75
f 2663 2610 795
f 669 2611 550
f 811 2144 2611
f 178 2149 2612
f 2149 2680 2612
f 819 2679 2680
f 2370 2371 2792
f 668 2614 671
f 2163 2614 550
f 552 2168 2615
f 2292 2615 2168
f 557 2616 826
f 2266 2616 2171
f 2618 2617 331
f 832 2617 2172
f 706 2619 433
f 2617 2618 2172
f 832 2172 2619
f 2797 2799 2889
f 1667 2793 2794
f 2686 2383 2687
f 2899 3053 2803
f 2200 2203 2622
f 2622 2203 2797
f 2201 2801 2802
f 2880 2074 2587
f 2217 2624 2215
f 2220 2624 2218
f 2625 689 2213
f 685 2625 2224
f 2472 2626 542
f 1731 2230 2626
f 2238 2627 1026
f 2628 2627 2235
f 2262 2628 2235
f 557 2628 2265
f 854 2629 1163
f 2245 2629 732
f 734 2250 2630
f 1250 2630 2250
f 2632 2631 311
f 2249 2631 2251
f 2688 2632 310
f 2251 2633 1250
f 2632 2384 2633
f 2635 2634 2633
f 1250 2633 2634
f 2635 2633 2384
f 2384 2636 2635
f 2636 2637 2635
f 1514 2636 2384
f 2637 2636 1511
f 2638 2637 1511
f 2637 2383 2685
f 3180 1511 1512
f 2639 2638 1513
f 1513 2805 2640
f 2637 2639 2383
f 2802 2621 2803
f 2383 2639 2640
f 2619 2641 1243
f 330 2641 2172
f 1403 2642 2263
f 1401 2642 1190
f 1305 2643 1390
f 2644 2643 2278
f 171 2644 2278
f 2644 170 1559
f 2808 2645 1218
f 3059 3060 2911
f 2808 2809 2810
f 1500 3195 1501
f 2912 2913 2815
f 3060 3062 2911
f 1414 2648 1355
f 2649 2648 260
f 257 2922 2921
f 2648 2649 2294
f 2651 2819 2823
f 2823 2819 2826
f 2838 2843 2846
f 2653 2652 244
f 2654 2652 2295
f 1419 2653 244
f 2927 2653 1359
f 2295 2929 2955
f 2952 2519 2760
f 2295 2653 2927
f 2850 2929 2927
f 1448 2657 1381
f 2296 117 2656
f 2658 2657 1449
f 2358 2658 1449
f 2357 2368 2659
f 117 2659 2368
f 2296 2658 2659
f 2662 2661 2135
f 2672 2660 2300
f 2671 2661 1383
f 2663 795 2668
f 1454 2664 1453
f 2610 2663 2135
f 2668 2667 2663
f 1383 2662 2664
f 2663 2667 2662
f 2669 2668 795
f 543 2670 2669
f 2667 2664 2662
f 2720 2666 2665
f 2665 2666 2667
f 2664 2667 2666
f 795 994 2669
f 2665 2667 2668
f 2670 543 2128
f 2665 2668 2669
f 2725 2779 2780
f 2719 2714 2486
f 2672 2671 996
f 2671 2300 2661
f 1141 2672 996
f 2660 2672 77
f 2851 2673 2323
f 1633 1631 2674
f 2331 2674 1871
f 1633 2674 2673
f 1865 2675 1871
f 1868 2675 1862
f 2792 2678 2370
f 818 2679 819
f 1007 2677 816
f 2372 2677 665
f 2680 2678 2613
f 2678 2680 2679
f 816 2676 2679
f 2678 2679 2676
f 2680 2613 2790
f 819 2680 2149
f 1006 2374 2681
f 2372 2681 2374
f 2375 2682 2365
f 2579 2682 2376
f 2684 182 181
f 3182 2683 2376
f 181 2579 2684
f 2579 2376 2684
f 2637 2685 1255
f 2686 2685 2383
f 2687 2383 2640
f 2686 2621 2800
f 2902 2640 2340
f 2686 2687 2910
f 1514 2688 309
f 2632 2688 2384
f 2690 2689 1532
f 2386 2689 1719
f 1783 2690 1532
f 2690 1717 1718
f 1440 2691 1439
f 1539 2691 1436
f 1639 2692 1618
f 2411 2692 1441
f 2693 1601 2909
f 2695 2693 2420
f 2909 1599 2798
f 2081 2884 2881
f 2696 2695 2420
f 2695 1336 1572
f 2420 2892 3052
f 2696 2586 2697
f 1961 2697 2586
f 2343 1336 2697
f 2854 256 255
f 2826 2828 2820
f 2993 2855 2992
f 2834 2836 3077
f 2468 2700 1681
f 1745 2700 2438
f 2467 2862 2859
f 2717 2713 2715
f 2450 2463 2702
f 2462 2858 2463
f 2908 2907 2718
f 2787 2906 2785
f 2228 2704 991
f 2230 2470 2704
f 2706 2705 2129
f 2484 2860 2707
f 2133 2706 2129
f 2708 1139 1820
f 2781 2707 1837
f 2707 3058 2905
f 2705 2708 2484
f 1139 2708 2706
f 2419 2710 1595
f 2713 2709 2714
f 1453 2666 2710
f 2711 2710 2666
f 2486 2709 2711
f 2710 2711 2709
f 2714 2712 2713
f 2717 2715 1792
f 2714 2709 2486
f 2713 2712 2715
f 2720 2719 2486
f 2787 2785 2453
f 2712 2718 2715
f 2715 2718 2723
f 2725 2716 2724
f 2716 2725 2727
f 1810 2717 1792
f 2713 2717 1825
f 2721 2788 2908
f 2726 1792 2723
f 2486 2666 2720
f 2722 2719 3198
f 2724 2720 2665
f 2716 2719 2720
f 3197 2727 2786
f 2906 2788 2721
f 3198 2719 2716
f 2722 2721 2908
f 2734 2701 2731
f 2729 2731 2739
f 2669 2724 2665
f 2724 2670 2725
f 2779 2128 2778
f 2779 2725 2670
f 2731 2996 2739
f 2726 2723 2730
f 2782 2607 2781
f 2784 2783 2786
f 1792 2726 2728
f 1826 2728 2726
f 2732 2737 2738
f 2735 2730 2737
f 2723 2718 2734
f 2730 2729 2737
f 2729 2730 2731
f 2730 2723 2734
f 2861 2739 2740
f 3127 3133 3131
f 2996 2858 2859
f 2861 2740 2997
f 2701 2734 2718
f 2730 2734 2731
f 2730 2735 2726
f 2736 2735 2732
f 2738 2998 3124
f 3005 3003 3004
f 2737 2729 2861
f 2735 2737 2732
f 2738 2861 2997
f 3116 2855 2993
f 2996 2731 2701
f 2733 2862 2739
f 2862 2740 2739
f 2740 2862 2863
f 1646 2490 2741
f 2741 2490 1841
f 2742 1773 2743
f 1750 2741 2742
f 1824 2743 1773
f 2744 2743 1776
f 1778 2744 1776
f 1771 2744 1769
f 2495 2745 1828
f 2745 2494 2746
f 2494 2497 2748
f 1343 2747 1342
f 1344 2746 2747
f 2494 2748 2746
f 2497 909 2748
f 2749 2748 909
f 1342 2747 2749
f 2748 2749 2747
f 2432 2750 2431
f 2751 2750 1676
f 1676 903 2751
f 909 2751 903
f 1092 2752 1095
f 1096 2752 2507
f 2515 2753 756
f 2511 2753 2513
f 2517 2518 2754
f 1905 2754 2518
f 2774 2755 2089
f 2758 2755 2588
f 1905 2518 2756
f 2518 2755 2758
f 1911 2757 1912
f 2757 1894 1906
f 2758 2588 2759
f 2518 2758 2756
f 3056 2759 2588
f 1916 2759 1915
f 2654 2953 246
f 2948 2953 2955
f 3094 2762 3002
f 2870 2520 3094
f 249 2869 3002
f 3009 3120 2520
f 924 2763 933
f 936 2763 2020
f 2542 2764 1992
f 2544 2764 2543
f 2544 2765 2017
f 2549 2550 2765
f 2767 2766 1706
f 2766 2555 3048
f 1760 2767 1706
f 1799 2767 1800
f 2875 3015 3016
f 2555 2768 2876
f 2557 2769 2559
f 2558 2769 2560
f 3050 2878 3049
f 2879 2770 941
f 2584 2696 3052
f 2579 181 2771
f 2889 2888 2795
f 2773 2074 2075
f 2069 2587 2773
f 2775 2774 2087
f 2755 2774 2588
f 2776 2775 2087
f 2776 3057 2775
f 2896 2776 2087
f 2903 2776 2338
f 2600 2777 2597
f 786 2777 2601
f 2905 2125 2130
f 2780 2607 2727
f 2128 2779 2670
f 2780 2779 2778
f 2607 2780 2778
f 2725 2780 2727
f 2782 1830 1839
f 2781 2607 3058
f 2784 2782 1839
f 2782 2786 2607
f 2784 1839 2785
f 2721 2722 3198
f 2785 1839 2453
f 2783 3197 2786
f 2453 2702 2787
f 2783 2784 2785
f 2607 2786 2727
f 2782 2784 2786
f 2788 2787 2703
f 2787 2788 2906
f 2907 2788 2703
f 2712 2908 2718
f 2790 180 179
f 2791 2789 2613
f 2612 2790 179
f 2613 2789 2790
f 2613 2678 2792
f 2579 2791 2033
f 2033 2791 2792
f 2792 2791 2613
f 2193 2793 2194
f 2794 2793 2620
f 2794 2620 2796
f 2427 2794 1599
f 2796 2620 2797
f 2081 2881 2883
f 2620 2622 2797
f 2796 2795 2798
f 2799 2797 2203
f 2795 2796 2797
f 2893 2798 2795
f 2798 2893 2909
f 2804 2203 2201
f 2623 2885 2886
f 2686 2800 1259
f 2801 2800 2621
f 2802 2801 2621
f 2801 2201 2202
f 2621 2910 2803
f 3098 2799 2804
f 2340 2901 2902
f 2338 2897 2900
f 2201 2802 2804
f 2802 3053 3098
f 3179 2805 1513
f 2806 2805 2336
f 2333 2806 2336
f 2807 1925 2340
f 2640 2807 2340
f 2805 2806 2807
f 1296 2808 1218
f 2808 1297 2809
f 2809 1297 2377
f 2810 2809 2646
f 2811 2810 2646
f 2810 2286 2645
f 2812 2811 2646
f 2816 2814 2817
f 2812 2646 3195
f 1686 2812 1588
f 2647 2918 2919
f 3060 3059 2645
f 2814 1686 2815
f 2814 2815 2817
f 1686 2912 2815
f 2913 1627 2914
f 2286 2816 2813
f 2811 2814 2816
f 2647 2817 2815
f 2813 2816 2817
f 258 2818 259
f 2819 2818 2650
f 2828 2826 2827
f 2821 2819 2651
f 2828 2831 2820
f 2837 2845 2844
f 2846 2822 2651
f 2821 1355 2648
f 2824 2822 1668
f 2822 2824 2920
f 2826 2819 2650
f 2839 2838 2823
f 1692 2824 1668
f 1356 2825 1280
f 2825 1356 1210
f 1692 2825 2824
f 2826 2650 2827
f 2820 2823 2826
f 2827 2650 2921
f 2827 2922 2923
f 2923 2828 2827
f 2831 2828 2434
f 2829 2831 2832
f 2844 2839 2840
f 2840 2839 2820
f 2841 2842 1693
f 2832 2831 2434
f 2820 2831 2829
f 2833 2924 2434
f 2834 2835 2836
f 2856 2698 2854
f 2925 2836 2924
f 3192 3193 3190
f 2829 2832 2835
f 2832 2434 2924
f 2835 2834 3208
f 3083 2867 3082
f 3078 2834 3077
f 3191 3208 3190
f 2848 2444 2842
f 2830 2841 2838
f 2841 2843 2838
f 2820 2829 2840
f 2830 2838 2839
f 2829 2837 2840
f 2840 2837 2844
f 2842 2841 2830
f 2843 2841 1693
f 2830 2839 2844
f 2842 2444 2457
f 1694 2843 1693
f 2822 2846 1668
f 3191 2837 3208
f 2842 2830 2844
f 2845 2458 2847
f 2844 2845 2848
f 2838 2846 2651
f 1668 2846 2843
f 2459 2847 2458
f 2849 2847 2439
f 2844 2848 2842
f 2847 2848 2845
f 2849 2439 2441
f 2848 2849 2444
f 2930 1418 2933
f 2918 2647 2915
f 2329 2851 2323
f 2852 2851 2308
f 2309 2852 2308
f 1567 2990 2307
f 2854 255 2855
f 2922 2853 2698
f 2856 2434 2923
f 255 2992 2855
f 2993 254 2994
f 2991 2856 2854
f 2833 2434 2856
f 2997 2998 2738
f 2863 3001 2997
f 2859 2858 2462
f 2701 2703 2858
f 2467 2859 2462
f 2996 2859 2733
f 1801 2860 2484
f 1837 2707 2860
f 2737 2861 2738
f 2739 2861 2729
f 2859 2862 2733
f 2863 2862 2467
f 2866 2863 2467
f 2867 3086 3001
f 3079 3078 2864
f 2836 2925 2926
f 2866 2867 3001
f 2865 2999 2998
f 3079 2467 2465
f 2864 3081 2866
f 3081 3077 2926
f 2867 3081 3082
f 2519 2868 248
f 2869 2868 2761
f 2869 2761 2870
f 250 3002 2762
f 2872 2761 2871
f 2761 2872 3003
f 2872 2871 1931
f 2868 2871 2761
f 2937 2932 2943
f 2872 2947 2951
f 2520 3014 2762
f 3012 2995 3011
f 2767 2874 2555
f 1799 2768 2874
f 3205 3204 975
f 3024 2551 3048
f 3017 2768 3015
f 3017 2875 3021
f 2568 2877 2569
f 3049 2877 2566
f 2958 2963 2964
f 2954 3091 2960
f 942 2879 941
f 2569 2879 939
f 2881 2880 2772
f 2884 2081 2084
f 2882 2881 2772
f 2881 2882 2883
f 2882 2891 2888
f 2795 2797 2889
f 2882 2885 2883
f 2885 2887 2883
f 2074 2880 2884
f 2884 2880 2881
f 2886 2885 2882
f 2623 3097 2885
f 2886 2882 2888
f 2799 2623 2886
f 3098 3053 3097
f 2900 2898 2899
f 2891 2882 2772
f 2694 2893 2888
f 2799 2886 2889
f 2888 2889 2886
f 2898 2890 2887
f 2086 2890 2085
f 2892 2891 2772
f 2694 2888 2891
f 2892 2772 2894
f 2895 2892 2420
f 2893 2694 2909
f 2795 2888 2893
f 2880 2894 2772
f 2587 2584 2894
f 2693 2895 2420
f 2891 2895 2694
f 2088 2896 2087
f 2896 2085 2897
f 2085 2898 2897
f 2899 2898 2887
f 2890 2898 2085
f 2887 3053 2899
f 2899 2902 2901
f 3181 2900 2901
f 2898 2900 2897
f 2901 2900 2899
f 2902 2899 2803
f 2901 2340 3181
f 2910 2902 2803
f 2640 2902 2687
f 2903 2338 3181
f 2903 1923 2904
f 1923 1924 3054
f 2904 3055 3056
f 2707 2905 2130
f 2607 2778 2905
f 3197 2906 2721
f 2785 2906 2783
f 2703 2701 2907
f 2718 2907 2701
f 2908 2712 2722
f 2907 2908 2788
f 2693 2909 2694
f 1599 2909 1601
f 2686 2910 2621
f 2902 2910 2687
f 2813 3066 3062
f 2949 2931 2935
f 1654 2912 1686
f 2913 2912 1627
f 2914 2916 2913
f 2815 2913 2915
f 1793 2914 1627
f 2915 2647 2815
f 3149 2914 1780
f 2913 2916 2915
f 3134 3006 3008
f 2655 2937 2939
f 2945 2944 3089
f 2850 2928 2930
f 2916 2918 2915
f 2919 2918 2917
f 2937 2850 2934
f 2961 2962 2942
f 2920 1103 1279
f 2821 2920 1355
f 2818 2921 2650
f 257 2921 258
f 2923 2922 2698
f 2921 2922 2827
f 2856 2923 2698
f 2828 2923 2434
f 2925 2924 2833
f 2835 2924 2836
f 2991 2925 2833
f 2699 3116 3082
f 2699 2926 2925
f 2866 3081 2867
f 1359 1417 2928
f 2850 2937 2929
f 2930 2928 1418
f 2850 2927 2928
f 2929 2655 2955
f 2295 2927 2929
f 2935 2931 2933
f 2934 2936 3114
f 2950 1286 3164
f 2968 3139 2967
f 3092 2933 2931
f 1931 2948 2947
f 2935 2933 1418
f 2934 2930 2936
f 2936 2930 2933
f 2937 2934 2932
f 2940 2935 1418
f 2941 2949 2935
f 2965 2968 2967
f 3105 3072 2919
f 2939 2937 2943
f 2937 2655 2929
f 2945 2938 2943
f 3133 2736 3131
f 2947 2939 2938
f 2939 2947 2948
f 1417 2940 1418
f 2941 2940 1284
f 1285 2941 1284
f 2941 1286 2949
f 2942 2949 2950
f 2961 2942 2950
f 3113 2945 2943
f 2938 2939 2943
f 3114 3140 3111
f 3136 3089 3090
f 3113 2943 2932
f 2945 3089 3088
f 3107 3072 3105
f 3128 3126 2736
f 2951 2938 3088
f 2872 1931 2947
f 1931 2952 2948
f 2948 2952 2953
f 2950 2949 1286
f 2931 2949 2942
f 2957 2956 1283
f 2956 2950 1283
f 3119 2999 3085
f 2761 3003 2870
f 2519 2952 1931
f 2953 2952 2760
f 246 2953 2760
f 2955 2953 2654
f 3045 2975 2964
f 2961 2956 2963
f 2955 2654 2295
f 2948 2955 2655
f 1283 3161 2957
f 2956 2954 2963
f 2959 2957 943
f 2956 2957 3091
f 2954 3047 3041
f 3104 3139 3138
f 944 2959 943
f 2959 941 2960
f 3051 941 2770
f 3040 3047 2878
f 2956 2961 2950
f 2962 2961 2958
f 2972 2958 2973
f 2931 2942 2965
f 2964 2963 2954
f 2961 2963 2958
f 3030 2564 2565
f 2984 2978 2982
f 2968 2965 2962
f 2967 2931 2965
f 2962 2972 2970
f 2971 2989 3073
f 3069 3072 3104
f 2933 3092 2936
f 2972 2962 2958
f 2968 2966 3139
f 2973 2975 2977
f 2966 2970 2971
f 2962 2970 2968
f 2971 2970 2969
f 2977 2969 2973
f 2987 2989 2971
f 2973 2958 2964
f 2970 2972 2969
f 2975 2973 2964
f 2969 2972 2973
f 3040 2976 3041
f 3103 3064 3076
f 2975 3045 3044
f 2975 2974 2977
f 3036 3037 2564
f 3025 3029 2562
f 2980 2977 2974
f 2969 2977 2979
f 2980 2982 2978
f 3059 3063 1295
f 2988 2977 2980
f 2988 2986 2987
f 2974 3039 2982
f 2988 2987 2979
f 3044 3046 3039
f 2985 2603 3199
f 2974 2982 2980
f 2984 2982 2981
f 2985 3202 2984
f 3103 3101 3102
f 2985 2984 2981
f 2984 2983 3100
f 3031 3035 3034
f 2603 2599 3199
f 3065 3075 3100
f 3070 2911 3068
f 2977 2988 2979
f 2989 2987 2986
f 2980 2978 2988
f 2988 2978 3075
f 2989 3070 3068
f 3068 3067 3073
f 2673 2990 1633
f 2307 2990 2852
f 2925 2991 2699
f 2991 2833 2856
f 255 254 2992
f 2993 2992 254
f 2994 2995 3117
f 2857 3115 2995
f 254 253 2994
f 2995 2994 253
f 3011 253 252
f 3084 3115 2857
f 2739 2996 2733
f 2701 2858 2996
f 2863 2997 2740
f 2998 2997 2865
f 3086 2865 3001
f 3124 2999 3122
f 3118 2873 3013
f 2870 3005 3203
f 2520 3203 3009
f 3122 3125 3000
f 2997 3001 2865
f 2866 3001 2863
f 249 3002 250
f 3094 2869 2870
f 2951 3004 2872
f 3003 2872 3004
f 3006 3007 3008
f 3005 2870 3003
f 3007 3005 3004
f 3009 3203 3007
f 3004 3008 3007
f 3136 3135 2946
f 3008 3004 2951
f 3007 3006 3009
f 2951 2946 3008
f 3135 3134 3008
f 3121 3087 3120
f 3012 2873 3118
f 2762 3010 251
f 3011 3010 2873
f 3012 3011 2873
f 253 3011 2995
f 3014 3013 2873
f 2995 3012 2857
f 3119 3120 3087
f 3085 2999 3084
f 3013 3014 2520
f 3010 3014 2873
f 3016 3015 2111
f 3017 3015 2875
f 2111 2112 3020
f 3016 975 3204
f 3021 3019 3017
f 2768 3017 2876
f 3021 3022 3096
f 3028 3025 3018
f 3018 3023 3019
f 3026 3024 3023
f 975 3016 3020
f 3020 3016 2111
f 3022 3021 2875
f 3018 3019 3021
f 3204 3022 2875
f 3042 3043 2985
f 3025 3023 3018
f 3026 3023 2562
f 3023 3024 3019
f 3027 2554 2556
f 3028 3018 3096
f 3033 3029 3025
f 2563 3026 2562
f 3024 3026 2554
f 2551 3024 3027
f 2554 3027 3024
f 3043 3022 2603
f 2981 3035 3038
f 3028 3031 3033
f 3032 3040 3037
f 2562 3029 3030
f 3030 3029 3036
f 3042 2985 3038
f 3046 3032 3035
f 3030 3036 2564
f 3029 3033 3034
f 3028 3033 3025
f 3034 3033 3031
f 3031 3038 3035
f 3034 3032 3036
f 3035 2981 3039
f 3032 3034 3035
f 3034 3036 3029
f 3037 3036 3032
f 3040 3032 2976
f 3050 3037 2878
f 3042 3038 3031
f 2981 3038 2985
f 2982 3039 2981
f 3044 3039 2974
f 3041 2976 3045
f 2878 3037 3040
f 2964 2954 3041
f 3047 2954 2960
f 3031 3028 3042
f 3042 3028 3043
f 3022 3043 3028
f 2985 3043 2603
f 2975 3044 2974
f 3046 3044 2976
f 3041 3045 2964
f 2976 3044 3045
f 3032 3046 2976
f 3035 3039 3046
f 3047 2960 3051
f 3040 3041 3047
f 3048 2551 2553
f 2555 2876 3048
f 3050 3049 2566
f 2878 3047 3051
f 2567 3050 2566
f 3050 2564 3037
f 2770 3049 3051
f 2878 3051 3049
f 2420 3052 2696
f 2894 3052 2892
f 3097 3053 2887
f 2803 3053 2802
f 3055 3054 1917
f 1923 3054 2904
f 1918 3055 1917
f 3056 3055 1915
f 3056 1915 2759
f 3057 3056 2775
f 2903 3057 2776
f 3056 3057 2904
f 2781 3058 2707
f 2607 2905 3058
f 3060 2645 2286
f 2911 3070 3061
f 2286 2813 3060
f 3062 3060 2813
f 2986 3075 3074
f 3064 3099 3063
f 2813 2817 3066
f 3062 3066 3067
f 2911 3063 3059
f 3064 3063 3061
f 3064 3061 3076
f 1124 1126 3099
f 3075 3076 3074
f 3100 3101 3065
f 2647 2919 3066
f 3067 3066 2919
f 3071 3067 2919
f 3071 3073 3067
f 2911 3062 3068
f 3067 3068 3062
f 3071 3072 3069
f 3138 3069 3104
f 2989 2986 3070
f 3074 3070 2986
f 3072 3071 2919
f 3073 3071 3069
f 3105 2919 2917
f 3140 3092 3093
f 2971 3073 3069
f 3068 3073 2989
f 2988 3075 2986
f 3061 3070 3074
f 3100 3075 2978
f 3076 3075 3065
f 3076 3065 3103
f 3074 3076 3061
f 3077 2864 3078
f 2836 2926 3077
f 3079 2864 2866
f 2465 3193 3192
f 2467 3079 2866
f 2465 3078 3079
f 2993 3117 3116
f 2999 3083 3084
f 3077 3081 2864
f 3082 3081 2926
f 2699 3082 2926
f 3082 3080 3083
f 3084 3083 3080
f 3086 2999 2865
f 3115 3084 3080
f 3084 2857 3085
f 3118 2857 3012
f 2999 3119 3087
f 2867 3083 3086
f 2999 3086 3083
f 3009 3006 3207
f 2999 3087 3122
f 2945 3088 2938
f 2946 2951 3088
f 3089 2944 3110
f 2946 3088 3089
f 3147 3148 3141
f 3149 3150 3148
f 2956 3091 2954
f 2959 3091 2957
f 2931 2967 3092
f 3093 3092 2967
f 3107 3105 3106
f 3108 2944 3111
f 2762 3094 2520
f 2869 3094 3002
f 3132 3150 3151
f 3126 3000 3125
f 3021 3096 3018
f 3022 3028 3096
f 2885 3097 2887
f 3098 3097 2623
f 2799 3098 2623
f 2802 3098 2804
f 3063 3099 1295
f 1124 3099 3064
f 2984 3100 2978
f 3101 3100 2983
f 3201 3101 2983
f 3102 3101 1127
f 3102 1127 2598
f 3103 3102 1124
f 3064 3103 1124
f 3065 3101 3103
f 3107 3109 3072
f 3139 3093 2967
f 3153 3144 3141
f 2917 3146 3105
f 3108 3110 2944
f 3093 3109 3112
f 3108 3107 3106
f 3107 3112 3109
f 3110 3108 3106
f 3113 2944 2945
f 3093 3104 3109
f 3104 3072 3109
f 3145 3110 3106
f 3110 3090 3089
f 3111 3113 3114
f 3111 3140 3112
f 3107 3108 3112
f 3111 3112 3108
f 3114 3113 2932
f 2944 3113 3111
f 2934 3114 2932
f 3140 3114 2936
f 3116 3115 3080
f 3117 3115 3116
f 3082 3116 3080
f 3116 2699 2855
f 2994 3117 2993
f 2995 3115 3117
f 3119 3118 3013
f 2857 3118 3085
f 3118 3119 3085
f 3120 3119 3013
f 2520 3120 3013
f 3121 3120 3009
f 3125 3121 3207
f 3207 3123 3125
f 3122 3000 3124
f 3087 3121 3122
f 3130 3006 3134
f 3123 3129 3126
f 2738 3124 3000
f 2999 3124 2998
f 3121 3125 3122
f 3126 3125 3123
f 3129 3130 3127
f 3128 2736 2732
f 3095 3135 3143
f 3126 3129 3131
f 2738 3128 2732
f 3000 3126 3128
f 3130 3129 3123
f 3131 3129 3127
f 3130 3123 3207
f 3142 3130 3095
f 3132 3133 3127
f 2736 3126 3131
f 3127 3130 3142
f 3153 3137 3144
f 3151 3133 3132
f 3196 3133 1711
f 3135 3008 2946
f 3130 3134 3095
f 2946 3089 3136
f 3095 3134 3135
f 3144 3143 3136
f 3135 3136 3143
f 3141 3144 3145
f 3132 3127 3142
f 2966 2971 3138
f 2971 3069 3138
f 3138 3139 2966
f 3093 3139 3104
f 3092 3140 2936
f 3112 3140 3093
f 3146 3141 3145
f 3141 3146 3147
f 3143 3142 3095
f 3142 3137 3152
f 3144 3136 3090
f 3142 3143 3137
f 3143 3144 3137
f 3145 3144 3090
f 3110 3145 3090
f 3146 3145 3106
f 3105 3146 3106
f 3147 3146 2917
f 2918 3147 2917
f 3148 3147 2916
f 3149 3148 2916
f 3148 3150 3152
f 2914 3149 2916
f 3150 3149 1780
f 3151 3150 1780
f 3152 3150 3132
f 1793 3151 1780
f 3151 1711 3133
f 3142 3152 3132
f 3153 3152 3137
f 3141 3148 3153
f 3152 3153 3148
f 1949 3154 446
f 921 3154 534
f 582 3155 638
f 496 3155 720
f 2175 3156 449
f 843 3156 841
f 864 3157 735
f 1062 3157 865
f 944 3158 778
f 1106 3158 945
f 839 3159 560
f 1037 3159 716
f 3161 3160 943
f 1107 3160 1108
f 2957 3161 943
f 1283 3164 3165
f 1077 3162 1193
f 2292 3162 873
f 1045 3163 1044
f 1758 3163 1042
f 3165 1282 1108
f 2950 3164 1283
f 1283 3165 3161
f 1282 3165 3164
f 1660 3166 1393
f 1561 3166 1504
f 2741 3167 1646
f 1768 3167 1750
f 2448 3168 1747
f 1838 3168 1836
f 1888 3169 1884
f 1896 3169 1889
f 642 3170 533
f 1990 3170 643
f 1991 3173 3171
f 3171 3173 3176
f 533 3171 3172
f 641 3172 3171
f 3173 1991 3174
f 3176 3173 2571
f 3175 3174 1991
f 2577 3174 2015
f 1990 3175 1991
f 3175 1972 2014
f 2576 3176 2571
f 939 940 3177
f 938 3177 940
f 3171 3177 641
f 2013 3178 2004
f 2536 3178 1158
f 1513 2638 3180
f 2339 3179 1508
f 1508 3180 1512
f 1513 3180 3179
f 3181 2338 2900
f 1925 3181 2340
f 2683 3182 2101
f 2375 3182 2376
f 2221 3183 2219
f 1208 2389 3183
f 1716 3184 1715
f 3185 3184 1310
f 1392 3185 1310
f 2398 3185 1164
f 1715 3186 2393
f 2394 3186 3184
f 3188 3187 451
f 846 3187 2426
f 472 3188 451
f 2425 3188 498
f 2449 3189 2451
f 2450 3189 2452
f 3191 2458 2845
f 3078 3192 2834
f 2837 3191 2845
f 3194 3191 3190
f 2465 3192 3078
f 3208 3192 3190
f 2466 3193 2465
f 3194 3193 2460
f 2459 3194 2460
f 3191 3194 2458
f 2812 3195 1499
f 2809 3195 2646
f 1826 2736 3196
f 3133 3196 2736
f 2727 3197 2716
f 2906 3197 2783
f 2716 3197 3198
f 2721 3198 3197
f 2599 3200 3199
f 3200 3201 3199
f 2600 3200 2599
f 3201 3200 1127
f 3101 3201 1127
f 3201 2983 3202
f 2984 3202 2983
f 3199 3202 2985
f 2870 3203 2520
f 3007 3203 3005
f 3016 3204 2875
f 975 976 3205
f 3206 3205 973
f 3022 3204 3205
f 2602 3206 973
f 3022 3206 2603
f 3009 3207 3121
f 3130 3207 3006
f 2835 3208 2837
f 3192 3208 2834
