face,theta,dir0x,dir0y,dir0z,cx,cy,cz
0,3.21129e-18,0.80958,0.448139,0.379146,-0.156626,-0.0390225,0.964835
1,-0.034637,-0.770619,-0.418932,-0.480252,-0.19273,-0.0485103,0.948201
2,2.54454e-05,-0.809567,-0.44816,-0.379148,-0.133597,-0.0484963,0.969352
3,-0.00215812,-0.829973,-0.459995,-0.315514,-0.142024,-0.0197036,0.97312
4,0.445369,0.751145,0.387807,0.534216,-0.182442,-0.0755182,0.94083
5,0.447238,-0.746675,-0.393523,-0.536299,-0.204845,-0.0667565,0.93535
6,0.445529,-0.727963,-0.354352,-0.586945,-0.193437,-0.0920115,0.925534
7,0.487637,-0.788407,-0.42655,-0.443249,-0.147298,-0.0667458,0.958198
8,0.271592,-0.491125,0.871083,0.0032988,-0.0799676,-0.019689,0.987408
9,0.266455,0.520052,-0.844924,-0.125098,-0.0955565,-0.0390079,0.981128
10,0.271593,0.494865,-0.8683,-0.0341134,-0.0402071,-0.00984315,0.993117
11,0.252515,0.478517,-0.877697,0.0258697,-0.103407,-0.00985846,0.983917
12,0.225902,-0.438008,0.892546,-0.107291,-0.201548,-0.0197189,0.950778
13,0.204997,0.486749,-0.873455,-0.0123489,-0.214926,-0.0390365,0.940699
14,0.234012,0.45478,-0.886532,0.0850667,-0.164751,-0.00987376,0.966565
15,0.214219,0.423539,-0.895464,0.136963,-0.22318,-0.00988774,0.94127
16,-0.753703,-0.556016,0.374496,0.742023,0.102603,-0.131276,0.91751
17,-0.742671,0.556171,-0.364002,-0.747112,0.11967,-0.136053,0.905181
18,0.784897,0.815594,0.488399,0.310279,0.121317,-0.120131,0.926953
19,0.743742,0.808899,0.364521,0.461309,0.0667072,-0.136052,0.917346
20,0.726276,-0.524341,0.446448,0.725087,0.174973,-0.120131,0.907495
21,0.691238,0.526031,-0.338214,-0.780322,0.155228,-0.131278,0.900614
22,0.702396,0.488035,-0.419505,-0.7654,0.210701,-0.113761,0.897237
23,0.620352,0.518061,-0.465074,-0.717857,0.158129,-0.113761,0.921505
24,0.225532,-0.813604,-0.451113,-0.366804,0.065526,-0.120132,0.939034
25,0.292367,0.818617,0.489132,0.301023,0.10278,-0.113763,0.938531
26,0.222971,0.814753,0.452428,0.362611,0.0456121,-0.113766,0.948052
27,0.26158,0.80758,0.368436,0.460511,0.0481669,-0.131276,0.927293
28,0.282565,-0.807834,-0.240382,-0.538164,0.0666054,-0.146727,0.893765
29,0.375983,0.82187,0.265073,0.504248,0.100912,-0.143781,0.894482
30,0.289429,0.803696,0.243738,0.54283,0.0494679,-0.143775,0.904299
31,0.298671,0.80234,0.0877983,0.590374,0.0496176,-0.150695,0.879985
32,0.548116,-0.511629,0.667125,0.541461,0.177622,-0.0754237,0.942719
33,0.548121,0.510868,-0.587096,-0.627958,0.159053,-0.091927,0.939736
34,0.528167,0.47478,-0.655687,-0.587076,0.214744,-0.0666493,0.930212
35,0.471607,0.503245,-0.690901,-0.519037,0.157855,-0.06666,0.954576
36,0.373333,0.782185,0.620461,0.056693,0.213984,-0.091923,0.915258
37,0.320681,-0.799285,-0.586597,-0.130567,0.1774,-0.0996579,0.926658
38,0.398654,-0.773331,-0.628872,-0.0804935,0.23044,-0.0996565,0.899847
39,0.316834,-0.75908,-0.648155,0.0607611,0.232758,-0.0754177,0.915829
40,0.682846,-0.761508,-0.61149,0.214909,0.212845,-0.0389174,0.941448
41,0.717487,0.749555,0.632635,-0.194782,0.232301,-0.0483958,0.928417
42,0.63381,0.745969,0.588919,-0.310973,0.22904,-0.0195958,0.937061
43,0.669025,0.794181,0.596843,-0.114258,0.17552,-0.0484071,0.9551
44,0.713797,-0.820965,-0.540787,-0.183208,0.101323,-0.0919336,0.956613
45,0.732793,0.815788,0.544779,0.194179,0.121245,-0.0996619,0.94616
46,0.679271,0.81979,0.566598,0.0831333,0.119363,-0.075435,0.962046
47,0.668804,0.821202,0.505331,0.265079,0.0629446,-0.0996685,0.958001
48,0.113831,-0.762219,-0.195338,-0.617143,-0.0358289,-0.146723,0.897741
49,0.20578,0.781088,0.221957,0.583641,-0.00283495,-0.143775,0.907297
50,0.126171,0.754218,0.19958,0.625558,-0.0551105,-0.143777,0.903482
51,0.123928,0.749789,0.0712232,0.657833,-0.0487013,-0.150688,0.880079
52,0.660286,-0.789758,-0.336654,-0.512784,-0.00711599,-0.13128,0.929868
53,0.662624,0.793115,0.332674,0.510193,0.0125696,-0.136052,0.922431
54,0.638073,0.803172,0.413444,0.428927,0.00856741,-0.120138,0.943747
55,0.587399,0.771027,0.299269,0.562099,-0.0418022,-0.136056,0.920474
56,0.359113,0.69383,-0.106923,-0.712157,-0.0970226,-0.150686,0.870576
57,0.437354,-0.674918,0.300664,0.67386,-0.0865792,-0.146725,0.889751
58,0.385666,-0.712482,0.110875,0.692876,-0.124715,-0.151701,0.853417
59,0.472567,-0.681644,0.10614,0.723944,-0.0784263,-0.151703,0.866643
60,0.532284,0.628955,-0.0947532,-0.771646,0.000469166,-0.15069,0.883228
61,0.604013,-0.616795,0.267989,0.740099,0.015523,-0.146723,0.899111
62,0.560012,-0.650226,0.100528,0.753061,-0.0307612,-0.151706,0.873751
63,0.648411,-0.618644,0.0942871,0.779994,0.0174263,-0.151709,0.874636
64,0.467426,-0.836824,-0.283865,-0.468131,0.164341,-0.146749,0.863462
65,0.564795,0.845483,0.30587,0.437724,0.197538,-0.143793,0.855235
66,0.469065,0.835615,0.286485,0.468695,0.150556,-0.143789,0.878043
67,0.485182,0.84369,0.103742,0.526711,0.144429,-0.150732,0.854622
68,-0.574807,-0.496748,0.298251,0.815039,0.205105,-0.131279,0.876934
69,-0.557352,0.502235,-0.285829,-0.816126,0.218341,-0.136056,0.860618
70,-0.613369,0.497649,-0.398185,-0.770581,0.225544,-0.120131,0.881159
71,-0.652068,0.529138,-0.327435,-0.782815,0.170516,-0.136056,0.886132
72,0.7125,0.564975,-0.080062,-0.821215,0.0978963,-0.150714,0.870409
73,0.780151,-0.557936,0.227167,0.798187,0.116509,-0.146739,0.881827
74,0.739518,-0.587319,0.0879616,0.804562,0.065311,-0.151723,0.869284
75,-0.738106,0.830019,0.0947262,0.549632,0.112031,-0.151747,0.857784
76,-0.667316,-0.860382,-0.110385,-0.497551,0.188412,-0.150736,0.83285
77,-0.598908,0.845952,0.302693,0.439025,0.20927,-0.146748,0.839008
78,-0.642937,0.848361,0.102272,0.519446,0.156768,-0.151763,0.840237
79,-0.545252,0.864379,0.108735,0.490943,0.198727,-0.151758,0.816977
80,0.466983,0.960047,0.246293,-0.132851,-0.102632,0.131276,0.91751
81,0.452794,-0.965295,-0.235303,0.113304,-0.119694,0.136052,0.905181
82,0.453147,-0.950358,-0.302481,0.0729684,-0.121361,0.120132,0.926953
83,0.403209,-0.957186,-0.211211,0.197953,-0.0667278,0.13605,0.917346
84,0.353079,0.193055,-0.608137,0.77,-0.175027,0.120131,0.907495
85,0.303358,-0.174704,0.475961,-0.861939,-0.155267,0.131278,0.900614
86,0.31316,-0.14724,0.602065,-0.784754,-0.210767,0.113762,0.897253
87,0.277775,-0.213893,0.614938,-0.759013,-0.158184,0.113763,0.921505
88,-0.0688898,0.945364,0.278609,-0.169306,-0.0655559,0.120133,0.939034
89,-0.00972691,-0.944564,-0.315922,0.0893956,-0.102823,0.113764,0.938531
90,-0.0429148,-0.936961,-0.2945,0.188078,-0.0456381,0.113767,0.948052
91,-0.0534426,-0.949305,-0.223912,0.220645,-0.0481902,0.131276,0.927293
92,-0.0936044,0.96705,0.132321,-0.217499,-0.0666134,0.146726,0.893765
93,-0.0109801,-0.973134,-0.158424,0.167069,-0.100924,0.143779,0.894482
94,-0.0660914,-0.959846,-0.140668,0.24271,-0.0494799,0.143774,0.904299
95,-0.0860813,-0.967592,-0.0484428,0.247828,-0.0496243,0.150692,0.879985
96,0.286726,0.289441,-0.800956,0.524112,-0.177673,0.0754403,0.942719
97,0.259787,-0.261202,0.727732,-0.634176,-0.159107,0.0919363,0.939736
98,0.256932,-0.251966,0.80113,-0.542866,-0.214804,0.0666699,0.930212
99,0.245033,-0.310441,0.806663,-0.502913,-0.15789,0.0666786,0.954576
100,0.0387148,-0.896565,-0.407776,-0.172887,-0.214053,0.0919323,0.915258
101,-0.000517574,0.92204,0.378828,0.0795664,-0.177464,0.0996638,0.926658
102,0.0279331,0.898871,0.399687,0.179669,-0.230514,0.0996618,0.899863
103,0.00811471,0.87067,0.427327,0.243566,-0.232828,0.0754343,0.915829
104,0.480771,0.841167,0.448231,0.302535,-0.212896,0.0389433,0.941448
105,0.477628,-0.843198,-0.442358,-0.305511,-0.232358,0.0484204,0.928417
106,0.465116,-0.817278,-0.446095,-0.364768,-0.229096,0.0196224,0.937061
107,0.473235,-0.877711,-0.438601,-0.19301,-0.175559,0.0484311,0.9551
108,0.466953,0.927463,0.371854,-0.0392168,-0.101353,0.0919416,0.956613
109,0.454204,-0.933607,-0.357302,0.0266965,-0.121289,0.0996672,0.94616
110,0.459753,-0.916157,-0.400224,-0.0218684,-0.119389,0.075449,0.962046
111,0.427668,-0.931804,-0.338011,0.132251,-0.0629692,0.0996725,0.958001
112,-0.207408,0.927161,0.0951387,-0.362381,0.0358022,0.146723,0.897741
113,-0.120545,-0.940016,-0.122836,0.318247,0.00281765,0.143774,0.907297
114,-0.1735,-0.913951,-0.105389,0.391901,0.0550746,0.143776,0.903482
115,-0.211072,-0.925507,-0.0339351,0.377208,0.0486667,0.150686,0.880079
116,0.3766,0.929885,0.201919,-0.307479,0.00709403,0.131279,0.929868
117,0.353766,-0.94072,-0.187321,0.282765,-0.0125876,0.13605,0.922431
118,0.376632,-0.929863,-0.255363,0.264847,-0.0085907,0.120138,0.943747
119,0.307182,-0.916146,-0.163344,0.366053,0.0417716,0.136056,0.920474
120,0.0470348,-0.439397,0.120827,-0.89013,0.0969467,0.150686,0.870576
121,0.141059,0.431277,-0.337547,0.836697,0.0865186,0.146725,0.889751
122,0.0766553,0.465751,-0.121151,0.876583,0.124604,0.1517,0.853398
123,0.142737,0.408109,-0.119774,0.905042,0.0783671,0.1517,0.866643
124,0.173247,-0.315687,0.116264,-0.941714,-0.00048447,0.150686,0.883228
125,0.256673,0.311812,-0.326258,0.892373,-0.015537,0.146723,0.899111
126,0.20798,0.348431,-0.117846,0.929897,0.0307346,0.1517,0.873751
127,0.272903,0.287399,-0.116184,0.950738,-0.0174383,0.151703,0.874636
128,0.0294272,0.982395,0.171359,-0.0744082,-0.164392,0.146749,0.863462
129,0.108685,-0.980359,-0.196038,0.0215556,-0.197622,0.143793,0.855256
130,0.0487033,-0.979777,-0.177416,0.0925206,-0.150591,0.143789,0.878043
131,0.0465602,-0.990827,-0.0638541,0.119102,-0.144464,0.150732,0.854622
132,0.564276,0.9553,0.293338,0.0368133,-0.205178,0.131279,0.876966
133,0.55903,-0.956863,-0.286561,-0.0479133,-0.218435,0.136056,0.860671
134,0.535942,-0.928614,-0.353614,-0.112396,-0.225621,0.120131,0.881206
135,0.505422,-0.964822,-0.261164,0.030188,-0.170564,0.136056,0.886132
136,0.301048,-0.188112,0.111788,-0.975765,-0.0979043,0.150712,0.870409
137,0.37369,0.186482,-0.312434,0.931456,-0.116523,0.146738,0.881827
138,0.339564,0.225906,-0.114763,0.967365,-0.0653157,0.15172,0.869284
139,0.407712,0.164937,-0.111822,0.979945,-0.112044,0.151746,0.857784
140,0.438182,-0.0653092,0.103119,-0.992523,-0.188488,0.150736,0.83286
141,0.501859,0.0642323,-0.290929,0.954586,-0.209368,0.146748,0.839039
142,0.478207,0.105524,-0.107456,0.988594,-0.156815,0.151763,0.840237
143,0.552199,0.0486989,-0.102111,0.99358,-0.19881,0.151758,0.817003
144,0.415339,-0.878338,-0.364436,0.309369,0.0639308,0.0755062,0.972955
145,0.439178,0.864442,0.387957,-0.319732,0.0870843,0.0667478,0.973397
146,0.400584,0.877203,0.322291,-0.35587,0.0785235,0.0920015,0.961166
147,0.450505,0.893272,0.397515,-0.209875,0.0253954,0.0667285,0.980603
148,0.140344,-0.499403,0.766821,-0.403215,0.137146,0.0920128,0.947095
149,0.204667,0.483817,-0.831097,0.274224,0.124249,0.0755215,0.960776
150,0.151278,0.504363,-0.77212,0.386585,0.171111,0.0997404,0.929203
151,0.179065,0.474314,-0.765541,0.43471,0.114573,0.0997344,0.947927
152,-0.0529799,-0.906331,-0.339527,0.251568,0.0185144,0.0919762,0.967345
153,-0.107402,0.891613,0.299806,-0.339326,0.0560116,0.0997171,0.95898
154,-0.0806509,0.917686,0.319562,-0.236078,-0.00351973,0.0996891,0.962276
155,-0.0531107,0.904455,0.377073,-0.199442,0.0024909,0.0754829,0.97718
156,0.00129091,-0.879836,-0.448489,0.157309,0.0327291,0.0390052,0.989331
157,-0.0255857,0.865241,0.425872,-0.264557,0.0720264,0.048497,0.982594
158,-0.021456,0.89039,0.428992,-0.152221,0.00925153,0.0484783,0.987782
159,0.0143055,0.87592,0.47348,-0.0926365,0.0164454,0.0196829,0.993575
160,0.0771643,-0.480178,0.523617,-0.703743,0.116376,0.131301,0.913757
161,0.161415,0.463909,-0.65887,0.592182,0.10485,0.120175,0.93129
162,0.100183,0.498852,-0.525503,0.689197,0.147407,0.13607,0.895722
163,0.149909,0.449188,-0.519338,0.726993,0.0954234,0.136065,0.911571
164,-0.223857,0.822222,0.177777,-0.54069,0.159312,0.12018,0.913987
165,-0.14718,-0.849833,-0.226446,0.475927,0.126746,0.113819,0.932106
166,-0.18429,-0.800759,-0.201748,0.563988,0.181105,0.113823,0.911915
167,-0.235956,-0.822121,-0.129595,0.554367,0.168447,0.131304,0.895135
168,0.162096,-0.864261,-0.0557389,0.499945,0.135722,0.146726,0.875238
169,0.193368,0.844258,0.0673838,-0.531684,0.155812,0.143781,0.875825
170,0.152047,0.866147,0.0187378,-0.499438,0.143534,0.150686,0.854864
171,0.249624,0.881873,0.0867679,-0.463434,0.106364,0.143779,0.892948
172,0.340987,-0.904214,-0.231526,0.358876,0.0485436,0.120157,0.941187
173,0.366542,0.889731,0.25174,-0.380797,0.0701657,0.113805,0.944923
174,0.334526,0.902129,0.179664,-0.39228,0.0622751,0.13129,0.925367
175,0.399418,0.918582,0.273588,-0.285232,0.0123553,0.113781,0.950174
176,0.000116041,-0.891424,-0.447609,-0.0707805,-0.0933997,0.0389699,0.981469
177,-0.0179736,0.90115,0.431777,-0.0387007,-0.0536811,0.0484597,0.984911
178,-0.0150049,0.897385,0.434678,0.0758666,-0.115651,0.0484437,0.974017
179,-0.0019371,0.877872,0.459512,0.13487,-0.110236,0.0196503,0.981469
180,0.445052,-0.917079,-0.388526,0.0895197,-0.0589783,0.0754609,0.973511
181,0.461355,0.908459,0.406002,-0.0993241,-0.0367246,0.0667052,0.979823
182,0.444993,0.923168,0.355385,-0.146501,-0.0417969,0.0919516,0.965798
183,0.471998,0.909889,0.414646,0.0130623,-0.0981865,0.0666892,0.971147
184,0.242552,0.398066,-0.885184,0.240816,-0.171181,0.019635,0.963207
185,0.237387,-0.362753,0.859433,-0.360257,-0.154522,0.0389559,0.965441
186,0.226482,-0.373817,0.889869,-0.261523,-0.208418,0.00978922,0.94848
187,0.238167,-0.415008,0.884617,-0.212653,-0.149146,0.0098032,0.971783
188,0.256636,0.460251,-0.87847,0.128295,-0.0473157,0.0196656,0.991583
189,0.236077,-0.44376,0.859375,-0.254072,-0.0306095,0.0389872,0.989447
190,0.249186,-0.449788,0.87932,-0.156486,-0.0872233,0.0098185,0.987048
191,0.260263,-0.476338,0.873773,-0.0981005,-0.0237384,0.00983447,0.994162
192,-0.000125299,-0.8096,-0.44809,0.379161,0.156551,0.0390451,0.964835
193,-0.0360286,0.771072,0.417515,-0.480759,0.192655,0.0485342,0.948185
194,-0.0309238,0.825098,0.421659,-0.376054,0.133524,0.0485163,0.969352
195,0.0296284,0.814581,0.487922,-0.313672,0.141953,0.0197255,0.97312
196,0.380396,-0.784554,-0.334242,0.522262,0.182364,0.0755335,0.940796
197,0.412206,0.764785,0.364272,-0.531423,0.204769,0.0667764,0.9353
198,0.349109,0.781648,0.281483,-0.556592,0.193356,0.0920201,0.925482
199,0.425968,0.821064,0.376228,-0.429309,0.147223,0.0667624,0.958198
200,0.272162,0.491609,-0.87081,0.00317146,0.0799104,0.0197036,0.987408
201,0.235913,-0.49427,0.859016,-0.133376,0.0954926,0.0390245,0.981128
202,0.271925,-0.495153,0.868137,-0.0340806,0.0401605,0.00985377,0.993117
203,0.284454,-0.505752,0.862072,0.0323544,0.103344,0.00987573,0.983917
204,0.290061,0.488085,-0.862405,-0.134274,0.201477,0.0197448,0.950778
205,0.236262,-0.510632,0.859799,0.00122631,0.214853,0.0390618,0.940683
206,0.297534,-0.506864,0.855613,0.104952,0.164681,0.00989769,0.966565
207,0.312344,-0.499192,0.848022,0.177951,0.223113,0.00991367,0.94127
208,-0.200496,0.762393,0.180345,-0.621476,0.177175,0.0754084,0.679731
209,-0.20058,-0.747783,-0.183009,0.638223,0.16784,0.0666287,0.682998
210,-0.20323,-0.781608,-0.166586,0.601114,0.174167,0.0918544,0.696544
211,-0.269778,-0.6678,-0.245875,0.702558,0.189077,0.0667378,0.659728
212,0.0356654,0.241519,0.805532,0.541097,0.148169,0.0918105,0.71758
213,0.00905671,-0.162964,-0.885101,-0.435935,0.153358,0.0753398,0.701276
214,0.0342434,-0.242094,-0.802982,-0.54462,0.131154,0.0995281,0.735079
215,-0.0389702,-0.248268,-0.798931,-0.547789,0.159642,0.0995454,0.716114
216,0.644887,-0.269608,-0.782734,-0.560926,0.197107,0.0919416,0.672259
217,0.718452,0.259153,0.790042,0.555584,0.185302,0.0996,0.693566
218,0.64388,0.276096,0.77587,0.567271,0.20775,0.0996898,0.667813
219,0.625403,0.172877,0.860374,0.479447,0.197873,0.0755255,0.655233
220,0.64335,-0.0554255,-0.934438,-0.351786,0.185156,0.039093,0.649063
221,0.691773,0.061516,0.937889,0.341439,0.17285,0.0484517,0.667904
222,0.625474,0.0625159,0.923584,0.378264,0.192048,0.0485994,0.644153
223,0.641846,-0.0527533,0.962008,0.267875,0.190572,0.0199072,0.635112
224,-0.0329712,0.400319,0.536825,0.742674,0.16646,0.131178,0.752232
225,-0.0844559,-0.33327,-0.683261,-0.649681,0.169091,0.120021,0.732853
226,-0.049577,-0.384955,-0.538798,-0.749337,0.148136,0.135959,0.772376
227,-0.126232,-0.415836,-0.537113,-0.733887,0.181265,0.135969,0.75079
228,-0.66027,-0.892664,-0.0213793,0.450215,0.138386,0.120007,0.75295
229,-0.746104,0.85431,0.084792,-0.5128,0.155908,0.113638,0.734115
230,-0.670246,0.894389,0.0312709,-0.446195,0.125107,0.113632,0.752448
231,-0.62284,0.894179,0.0165418,-0.447404,0.133245,0.131171,0.771832
232,0.0118282,0.875622,-0.00413558,-0.482979,0.159915,0.14667,0.792613
233,-0.0110262,-0.88728,-0.00383603,0.461215,0.143534,0.143709,0.792355
234,0.0164911,-0.873064,0.0020435,0.487601,0.155492,0.150659,0.813336
235,-0.0877594,-0.857084,-0.0307786,0.514257,0.179321,0.143712,0.771192
236,-0.185735,0.806742,0.128018,-0.57687,0.196836,0.120062,0.708866
237,-0.198386,-0.806974,-0.13831,0.574162,0.183961,0.113674,0.711874
238,-0.186147,-0.821568,-0.101047,0.561084,0.196771,0.1312,0.728401
239,-0.274711,-0.754564,-0.190398,0.627998,0.20882,0.113736,0.686111
240,0.509556,-0.0921527,-0.892868,-0.440789,0.214727,0.0395536,0.596722
241,0.556745,0.075904,0.903613,0.421571,0.207864,0.0488051,0.618069
242,0.485755,0.101622,0.877982,0.467784,0.220117,0.0490533,0.590108
243,0.514006,-0.0240484,0.922448,0.385372,0.216205,0.0204848,0.581988
244,-0.344156,0.606295,0.305772,-0.734105,0.215147,0.0756819,0.628201
245,-0.340162,-0.582577,-0.308027,0.752146,0.207012,0.0668962,0.633847
246,-0.351257,-0.646593,-0.284584,0.707764,0.216651,0.0920594,0.64514
247,-0.411873,-0.496401,-0.368839,0.78584,0.221388,0.0670905,0.605809
248,-0.241027,-0.0131797,-0.893163,-0.449541,0.223566,0.0208435,0.553335
249,-0.239461,0.130382,0.86299,0.488108,0.224109,0.0398484,0.568068
250,-0.264246,0.0505694,0.878304,0.47542,0.225542,0.0113771,0.531563
251,-0.18588,-0.00178056,0.911524,0.411244,0.221052,0.0109798,0.56064
252,-0.0934173,0.0460112,-0.945207,-0.323213,0.205177,0.0201674,0.609409
253,-0.0910588,0.0670987,0.916691,0.393924,0.201696,0.039296,0.623882
254,-0.11191,-0.037403,0.937592,0.345721,0.212822,0.0106078,0.588863
255,-0.0464027,-0.0562484,0.956743,0.285446,0.200944,0.010285,0.615731
256,0.768129,-0.0610935,-0.957204,-0.282893,0.142575,0.0388688,0.691883
257,-0.747758,-0.871136,-0.0675197,0.486377,0.125648,0.0483173,0.706958
258,0.757005,0.0689764,0.948106,0.310384,0.150593,0.0483592,0.688948
259,0.752986,-0.0348619,0.983034,0.180083,0.151518,0.0195951,0.679732
260,-0.0592185,0.884424,0.0527655,-0.463692,0.126819,0.0753132,0.719544
261,-0.0632535,-0.874948,-0.0572541,0.480821,0.116859,0.0665515,0.720281
262,-0.0566224,-0.887629,-0.0459229,0.458264,0.119538,0.0918012,0.735033
263,-0.132331,-0.816978,-0.120744,0.563887,0.143626,0.0665694,0.703286
264,0.029621,0.0489262,-0.974253,-0.220085,0.172586,0.0197175,0.658675
265,0.0388657,0.053336,0.947787,0.314412,0.165336,0.0389526,0.671844
266,0.0107091,-0.0632872,0.970604,0.232211,0.185516,0.0100308,0.640784
267,0.0605508,-0.05964,0.980546,0.187008,0.166786,0.00985045,0.663629
268,0.139124,0.0113762,-0.989558,-0.143688,0.127756,0.0195345,0.697971
269,0.16311,0.0782814,0.963962,0.254264,0.117274,0.0388368,0.708856
270,0.108095,-0.0483222,0.988176,0.145511,0.145072,0.00974131,0.683923
271,0.161203,-0.0224702,0.993929,0.107706,0.120788,0.00969273,0.701335
272,-0.416552,-0.69105,-0.216621,0.689583,0.265952,0.13126,0.636238
273,-0.39912,0.685206,0.205004,-0.698904,0.278191,0.135987,0.627616
274,-0.414641,0.64877,0.274537,-0.709738,0.258489,0.120209,0.618201
275,-0.321218,0.729397,0.168138,-0.663106,0.260109,0.136008,0.662832
276,-0.478359,-0.478449,-0.596643,-0.644285,0.270794,0.120223,0.583682
277,-0.428331,0.57009,0.467768,0.675419,0.280568,0.131235,0.600582
278,-0.468816,0.512095,0.568482,0.643885,0.26994,0.113939,0.558183
279,-0.391106,0.471382,0.599456,0.646878,0.260955,0.113924,0.592678
280,0.604076,0.409275,0.645238,0.645106,0.241877,0.120168,0.650997
281,0.519528,-0.433851,-0.626323,-0.647683,0.247615,0.113873,0.625938
282,0.596935,-0.400278,-0.648504,-0.647472,0.230151,0.113807,0.657284
283,0.640321,-0.499651,-0.506716,-0.702559,0.246908,0.131253,0.669854
284,0.723786,0.609776,0.3292,0.720972,0.28057,0.146625,0.674517
285,0.618735,-0.626297,-0.316111,-0.712619,0.286749,0.143658,0.646286
286,0.698793,-0.590945,-0.327338,-0.737315,0.266169,0.143703,0.682441
287,0.765021,-0.661409,-0.116936,-0.740854,0.287159,0.150588,0.694759
288,-0.366699,-0.260551,-0.781355,-0.567096,0.238608,0.0760532,0.568551
289,-0.345394,0.364709,0.707841,0.604936,0.244555,0.0923236,0.584448
290,-0.370069,0.303103,0.75729,0.578482,0.238873,0.0675271,0.545403
291,-0.29378,0.25387,0.793803,0.552654,0.232067,0.0673061,0.576134
292,0.33826,-0.410197,-0.672739,-0.61576,0.25249,0.0924414,0.55206
293,0.41358,0.370513,0.700093,0.610401,0.252859,0.100007,0.576268
294,0.3331,0.41445,0.665463,0.620798,0.259731,0.100075,0.542971
295,0.325173,0.309283,0.744461,0.591711,0.24445,0.0762322,0.537093
296,-0.527216,-0.212791,-0.494864,0.842514,0.229754,0.0401638,0.538458
297,-0.547176,0.261669,0.50233,-0.824132,0.233416,0.0496136,0.53066
298,-0.51389,0.143698,0.497468,-0.855498,0.22717,0.0212155,0.52397
299,-0.472668,0.351936,0.441948,-0.82512,0.228669,0.0493301,0.560785
300,-0.424874,-0.577909,-0.339167,0.742285,0.232542,0.0921898,0.615682
301,-0.420612,0.59439,0.329222,-0.733698,0.241776,0.0999047,0.608595
302,-0.416411,0.526855,0.364827,-0.767675,0.228779,0.0758616,0.599119
303,-0.345641,0.661041,0.274623,-0.698289,0.226655,0.0997963,0.639312
304,-0.690497,-0.810105,-0.0481211,0.584306,0.22793,0.146673,0.741453
305,0.777513,-0.553446,-0.336534,-0.761868,0.241125,0.143719,0.71571
306,-0.716757,0.823898,0.0571204,-0.563853,0.21203,0.143719,0.74548
307,-0.65198,0.810366,0.0158792,-0.585709,0.229076,0.150654,0.762639
308,-0.262459,-0.779794,-0.141025,0.609945,0.223722,0.13123,0.70077
309,-0.243845,0.773032,0.129586,-0.620991,0.237687,0.136005,0.695501
310,-0.261601,0.756392,0.178539,-0.629281,0.221217,0.120116,0.68141
311,-0.167377,0.814656,0.089951,-0.572926,0.21126,0.135988,0.725006
312,-0.0709177,0.533458,0.123682,0.836735,0.193947,0.150659,0.790404
313,-0.155928,-0.495526,-0.348442,-0.795639,0.195597,0.146673,0.769277
314,-0.095362,-0.512602,-0.124964,-0.849484,0.173249,0.151687,0.813041
315,-0.166283,-0.561571,-0.124603,-0.817993,0.211525,0.151685,0.787792
316,-0.217856,0.622588,0.120049,0.773287,0.260302,0.150634,0.730572
317,-0.307855,-0.573818,-0.33799,-0.745986,0.256406,0.146661,0.709673
318,-0.237384,-0.606978,-0.123122,-0.785123,0.246167,0.151673,0.757795
319,-0.312215,-0.648279,-0.120916,-0.75174,0.276653,0.151639,0.723583
320,0.556208,0.674651,0.304774,0.672279,0.314557,0.146417,0.596852
321,0.445791,-0.690538,-0.286797,-0.664007,0.313343,0.143401,0.568291
322,0.5342,-0.659522,-0.302497,-0.688133,0.302575,0.143568,0.607967
323,0.597302,-0.72647,-0.108051,-0.678651,0.32612,0.150352,0.614719
324,-0.576889,-0.603433,-0.285111,0.744702,0.290521,0.131155,0.563623
325,-0.563484,0.598801,0.274797,-0.752279,0.300241,0.135785,0.552452
326,-0.573252,0.542939,0.362123,-0.757683,0.278593,0.120185,0.548131
327,-0.478793,0.641667,0.239986,-0.728471,0.291641,0.135922,0.590576
328,-0.376053,0.69601,0.113118,0.709066,0.309215,0.150503,0.655867
329,-0.464151,-0.643433,-0.318021,-0.696317,0.30006,0.146552,0.636644
330,-0.390488,-0.685124,-0.117891,-0.718824,0.302492,0.151573,0.685751
331,-0.468191,-0.717451,-0.113594,-0.687284,0.323292,0.151454,0.645057
332,-0.537084,0.753005,0.102303,0.650013,0.337539,0.150105,0.572168
333,-0.620512,-0.703524,-0.28945,-0.649055,0.323774,0.146189,0.555942
334,-0.547644,-0.745361,-0.108525,-0.657769,0.338671,0.151251,0.602384
335,-0.630674,-0.769226,-0.103524,-0.630535,0.348317,0.150948,0.558549
336,-0.203749,0.423395,0.116262,-0.898454,0.243303,-0.131002,0.674181
337,-0.196476,-0.427173,-0.111041,0.897326,0.24205,-0.135859,0.688953
338,-0.207173,-0.439941,-0.148334,0.885691,0.224284,-0.119956,0.676608
339,-0.0902477,-0.387595,-0.0583725,0.91998,0.262786,-0.135561,0.656267
340,-0.306338,-0.720596,0.651116,-0.238305,0.20076,-0.120137,0.704364
341,-0.250366,0.797825,-0.511737,0.318748,0.220109,-0.131218,0.704345
342,-0.317159,0.739487,-0.627483,0.243771,0.178224,-0.113845,0.716459
343,-0.20967,0.715595,-0.655988,0.240006,0.203683,-0.113733,0.6914
344,-0.753668,0.389737,0.0832311,-0.917157,0.243717,-0.119639,0.646277
345,0.724962,-0.697256,0.67686,-0.235997,0.225449,-0.113505,0.663438
346,-0.758665,-0.391029,-0.0922686,0.915742,0.243109,-0.11314,0.633144
347,-0.712563,-0.382165,-0.0658467,0.921745,0.262036,-0.130649,0.641534
348,-0.649387,0.39347,0.0350635,-0.918669,0.282838,-0.146264,0.668283
349,-0.759944,-0.415307,-0.0726026,0.906779,0.262133,-0.143504,0.687221
350,-0.661636,-0.383064,-0.0400469,0.922853,0.282239,-0.143176,0.652102
351,-0.619685,-0.389313,-0.0180841,0.920928,0.303081,-0.150157,0.664314
352,-0.149264,-0.504174,0.858013,-0.0980928,0.171827,-0.0754996,0.684478
353,-0.148305,0.607576,-0.776165,0.16858,0.188497,-0.0919323,0.681475
354,-0.163986,0.525947,-0.844416,0.101692,0.151867,-0.0668057,0.696542
355,-0.0542232,0.468985,-0.875528,0.116207,0.175114,-0.0666952,0.675079
356,0.495258,-0.654154,0.739878,-0.157045,0.164379,-0.0920461,0.704648
357,0.59153,0.626644,-0.763513,0.156094,0.185552,-0.0997011,0.692702
358,0.473056,0.670646,-0.727386,0.145409,0.159974,-0.0997857,0.715441
359,0.478723,0.575157,-0.815237,0.0677004,0.147365,-0.0755834,0.705486
360,-0.217288,0.760629,0.209857,-0.614332,0.141252,-0.0390971,0.692619
361,-0.289268,-0.712539,-0.27481,0.645575,0.136277,-0.0485875,0.69963
362,-0.126222,-0.797128,-0.126512,0.590407,0.127255,-0.0198054,0.698211
363,-0.200983,-0.655387,-0.195501,0.729553,0.16013,-0.048511,0.680131
364,-0.203576,0.487202,0.172911,-0.856,0.209218,-0.0917027,0.655557
365,-0.206224,-0.470441,-0.172956,0.865316,0.207793,-0.0995128,0.667003
366,-0.187084,-0.516341,-0.174438,0.838429,0.193209,-0.0753179,0.66063
367,-0.116812,-0.403489,-0.105951,0.90883,0.226265,-0.099196,0.638858
368,-0.449233,0.318602,-0.0336362,-0.947292,0.31151,-0.145293,0.591842
369,-0.562889,-0.345827,-0.00718055,0.938271,0.297124,-0.142698,0.614961
370,-0.467436,-0.302966,0.0258879,0.95265,0.306637,-0.142099,0.576468
371,-0.414725,-0.328455,0.00357301,0.944513,0.329412,-0.149153,0.583217
372,-0.00337717,0.330281,0.0169184,-0.943731,0.275962,-0.130148,0.607
373,0.0136791,-0.339855,-0.00649398,0.940455,0.27869,-0.135114,0.621455
374,-0.0121972,-0.32459,-0.0235116,0.945563,0.2587,-0.119184,0.613945
375,0.108621,-0.284094,0.0429552,0.957834,0.289524,-0.134538,0.585131
376,0.14226,0.946466,-0.135097,0.293172,0.333804,-0.148514,0.541176
377,0.0673178,-0.891999,0.354293,-0.280739,0.317545,-0.144652,0.551878
378,0.126566,-0.951324,0.132675,-0.278173,0.341446,-0.149204,0.513962
379,0.0408666,-0.941457,0.131974,-0.31023,0.340798,-0.149821,0.55714
380,-0.0288125,0.925343,-0.129308,0.356398,0.319156,-0.149718,0.624495
381,-0.101666,-0.874159,0.351391,-0.335216,0.299923,-0.145848,0.630874
382,-0.0454081,-0.931103,0.129922,-0.340834,0.334259,-0.150428,0.599956
383,-0.135145,-0.920615,0.127162,-0.369186,0.321714,-0.150939,0.641753
384,0.723319,0.854219,-0.330905,0.401014,0.23339,-0.146687,0.735614
385,0.612893,-0.85342,0.316794,-0.413903,0.207916,-0.143801,0.748852
386,0.711654,-0.859565,0.329325,-0.39076,0.237197,-0.1437,0.719691
387,0.752395,-0.892398,0.116652,-0.43591,0.254434,-0.150616,0.736799
388,-0.415283,0.485356,0.218219,-0.846646,0.192906,-0.131325,0.731417
389,-0.405759,-0.491587,-0.213059,0.844363,0.187756,-0.13611,0.74546
390,-0.425617,-0.507438,-0.284511,0.813363,0.173605,-0.120222,0.728971
391,-0.302647,-0.460918,-0.162935,0.872357,0.216873,-0.136028,0.718886
392,-0.214127,0.903889,-0.121023,0.410289,0.281363,-0.150446,0.701973
393,-0.289767,-0.860511,0.339998,-0.37937,0.260515,-0.146535,0.703418
394,-0.229954,-0.910017,0.123906,-0.395621,0.303224,-0.151309,0.681806
395,-0.328688,-0.898991,0.120692,-0.42101,0.279089,-0.15154,0.719431
396,-0.413402,0.879667,-0.112137,0.462181,0.222816,-0.15071,0.76809
397,-0.489535,-0.847266,0.31903,-0.424689,0.201996,-0.146766,0.764214
398,-0.430535,-0.887076,0.117349,-0.446459,0.24978,-0.151673,0.753913
399,-0.530092,-0.873825,0.113363,-0.472841,0.215883,-0.151746,0.784518
400,-0.0758484,-0.195792,-0.0860918,0.976859,0.235334,-0.0741253,0.576819
401,-0.135694,0.19377,0.139993,-0.971007,0.233446,-0.0652338,0.567198
402,-0.0405198,0.206383,0.051382,-0.977121,0.247643,-0.0903358,0.56642
403,-0.135233,0.324593,0.136937,-0.935889,0.224635,-0.0657469,0.596598
404,0.0868027,0.564459,-0.825204,0.0206098,0.251929,-0.0897143,0.534473
405,0.0148628,-0.441882,0.89551,0.052933,0.241287,-0.073551,0.546261
406,0.0953836,-0.573503,0.818673,-0.0294737,0.257637,-0.09698,0.512121
407,0.0737742,-0.573514,0.815653,-0.0761054,0.256397,-0.0976075,0.545011
408,-0.750166,-0.316025,-0.0794388,0.945419,0.23903,-0.0908922,0.597546
409,-0.680845,0.215947,0.0131782,-0.976316,0.250729,-0.0982218,0.577388
410,-0.729029,0.317191,0.0540102,-0.946822,0.240656,-0.0987615,0.608824
411,0.782146,0.449325,-0.891493,0.0578604,0.225246,-0.0746278,0.606357
412,0.682722,-0.309808,0.946213,0.0932751,0.213849,-0.0381654,0.598343
413,0.698116,0.31467,-0.942619,-0.111585,0.223491,-0.0472845,0.57861
414,0.720337,0.320459,-0.946024,-0.0484262,0.213105,-0.0477363,0.60671
415,0.660846,0.191302,-0.967547,-0.165095,0.204845,-0.019078,0.609893
416,0.16425,0.805968,-0.553595,0.209636,0.288926,-0.128886,0.534766
417,0.0975151,-0.696549,0.696951,-0.170525,0.274624,-0.117982,0.54561
418,0.164193,-0.813288,0.542743,-0.209743,0.295896,-0.13325,0.510456
419,0.0896162,-0.804118,0.545949,-0.235231,0.295248,-0.133892,0.547961
420,-0.456403,0.0771502,-0.126448,-0.988969,0.275488,-0.11734,0.510575
421,-0.56099,-0.143621,0.0472547,0.988504,0.269072,-0.111414,0.533787
422,-0.499223,-0.0515696,0.0919833,0.994424,0.268521,-0.1108,0.499447
423,-0.372186,-0.137061,0.122288,0.982985,0.28801,-0.128273,0.498088
424,0.325875,-0.228571,0.104774,0.967873,0.318125,-0.14402,0.511625
425,0.302259,0.207834,-0.0957376,-0.973468,0.309605,-0.140837,0.497986
426,0.335805,0.25741,-0.0327246,-0.965748,0.332574,-0.147922,0.499001
427,0.213226,0.255773,-0.0597817,-0.964887,0.310737,-0.141439,0.537289
428,0.0660503,-0.248213,0.0285764,0.968284,0.269031,-0.118618,0.580211
429,0.0329003,0.23531,-0.00510362,-0.971907,0.265035,-0.112062,0.567802
430,0.0835701,0.269724,-0.0287211,-0.962509,0.284941,-0.129545,0.571213
431,-0.035756,0.319666,0.040476,-0.946665,0.256352,-0.112647,0.601074
432,0.715662,-0.3071,0.951552,-0.0154496,0.184112,-0.0388176,0.649946
433,0.727153,0.322741,-0.946487,0.000203366,0.198907,-0.0480944,0.63326
434,0.719169,0.326149,-0.944663,0.0351792,0.181141,-0.0483506,0.65787
435,0.724833,0.190409,-0.979797,-0.0611722,0.17217,-0.0196064,0.658883
436,-0.130518,-0.428214,-0.128166,0.894542,0.211129,-0.0750271,0.634437
437,-0.152979,0.44107,0.149057,-0.885008,0.21184,-0.0661702,0.624662
438,-0.132337,0.412269,0.119481,-0.903194,0.226161,-0.091354,0.627409
439,-0.188171,0.539665,0.176992,-0.823065,0.195224,-0.0664843,0.650959
440,0.0764904,-0.18238,0.982999,0.0212069,0.151056,-0.0197415,0.679943
441,0.0397988,0.306991,-0.950292,0.0519699,0.164141,-0.0389999,0.672594
442,0.119057,0.139829,-0.990149,-0.0072259,0.133046,-0.00996094,0.693073
443,0.0853573,0.162214,-0.985577,-0.048207,0.156113,-0.00988108,0.674157
444,0.0287099,-0.193166,0.975106,0.108878,0.190215,-0.0193868,0.635415
445,0.0332076,0.30932,-0.950392,-0.0328103,0.200782,-0.0385414,0.625066
446,0.0519904,0.174476,-0.980126,-0.0944014,0.176397,-0.00972869,0.652545
447,0.0116114,0.18166,-0.972299,-0.147086,0.193533,-0.00949444,0.628608
448,0.585341,-0.276094,0.923718,0.265551,0.22854,-0.0372011,0.541019
449,0.583624,0.257096,-0.918034,-0.301852,0.232505,-0.0462324,0.519533
450,0.655441,0.296293,-0.935076,-0.194534,0.229975,-0.0467687,0.549402
451,0.550736,0.150264,-0.937198,-0.31477,0.22308,-0.0182422,0.55429
452,-0.112749,0.0864756,-0.119179,0.9891,0.24308,-0.0729628,0.515121
453,-0.231384,-0.106161,0.226805,-0.968137,0.238839,-0.0641025,0.506137
454,-0.015497,-0.0470477,0.0305974,-0.998424,0.251893,-0.0891193,0.50213
455,-0.161091,0.0517391,0.164746,-0.984978,0.238182,-0.0646602,0.5369
456,-0.0615433,-0.178151,0.95579,0.233939,0.215838,-0.0186881,0.582703
457,-0.0378692,0.300524,-0.93851,-0.169955,0.223125,-0.0377102,0.570175
458,-0.0393529,0.178938,-0.961006,-0.210828,0.2072,-0.00917501,0.602687
459,-0.10231,0.163996,-0.94423,-0.285544,0.217229,-0.0087877,0.5752
460,-0.210975,-0.100185,0.909418,0.403635,0.226527,-0.0177684,0.525122
461,-0.19158,0.226294,-0.897446,-0.378659,0.230052,-0.03669,0.51132
462,-0.177203,0.130299,-0.920063,-0.369468,0.223521,-0.00835181,0.546605
463,-0.258615,0.0764884,-0.887279,-0.454847,0.226035,-0.00790327,0.517385
464,-0.49201,0.388544,-0.425164,-0.817477,0.369989,-0.0754656,0.796124
465,-0.558184,-0.368323,0.48253,0.794672,0.359063,-0.0666906,0.816165
466,-0.433513,-0.379894,0.346126,0.857833,0.352571,-0.0919436,0.802577
467,-0.43698,-0.328855,0.385857,0.861957,0.395423,-0.0667385,0.767275
468,-0.779121,-0.709087,-0.705084,0.00718551,0.311638,-0.0919316,0.845912
469,0.776828,-0.423165,0.509235,0.749407,0.329838,-0.0754357,0.841708
470,-0.764609,0.738904,0.672206,0.0464806,0.279418,-0.0996585,0.866319
471,-0.66267,0.698847,0.714529,0.0325721,0.323445,-0.0996645,0.826822
472,0.769209,0.621711,0.783073,0.0164865,0.387096,-0.0919476,0.754754
473,0.697252,-0.656454,-0.753315,-0.0398131,0.361652,-0.0996625,0.782268
474,-0.754311,-0.3579,0.204413,0.911111,0.393232,-0.0996459,0.73367
475,0.711067,-0.535862,-0.839212,0.0926075,0.403449,-0.0755016,0.746214
476,0.482905,0.480322,0.798683,-0.362485,0.399606,-0.0390478,0.777913
477,0.450543,-0.546891,-0.775623,0.31515,0.374497,-0.0484657,0.807962
478,0.570843,-0.464036,-0.838947,0.284321,0.409605,-0.0485456,0.757268
479,0.390821,-0.417927,-0.764831,0.490276,0.411361,-0.0197888,0.766234
480,-0.584687,-0.808784,-0.512315,-0.288796,0.293154,-0.131254,0.811301
481,-0.549842,0.750647,0.635077,0.182227,0.313876,-0.120115,0.810104
482,-0.565977,0.813406,0.486014,0.319625,0.262315,-0.136043,0.829076
483,-0.459841,0.805913,0.50766,0.304606,0.301598,-0.136008,0.792231
484,0.569174,-0.774048,-0.602623,-0.194151,0.272126,-0.120128,0.848446
485,0.644584,0.757333,0.634751,0.153423,0.303804,-0.113758,0.829356
486,0.54536,0.781325,0.600556,0.169894,0.259547,-0.113761,0.866319
487,0.617951,0.817084,0.488658,0.305919,0.251359,-0.131274,0.846969
488,-0.416006,0.474602,-0.139941,-0.869005,0.250497,-0.146724,0.808864
489,-0.426206,-0.474536,0.146077,0.86803,0.241029,-0.14378,0.826498
490,-0.39641,-0.477937,0.0477608,0.877095,0.229053,-0.150715,0.805501
491,-0.323011,-0.447721,0.111321,0.887217,0.280228,-0.143741,0.792372
492,-0.297909,0.40862,-0.201916,-0.890089,0.349916,-0.120078,0.767021
493,-0.335604,-0.394908,0.231353,0.889114,0.342597,-0.11374,0.787261
494,-0.263448,-0.409922,0.142003,0.900999,0.329639,-0.131206,0.770793
495,-0.216461,-0.35909,0.150192,0.921139,0.375107,-0.113698,0.740944
496,-0.777641,0.214173,-0.266771,-0.939661,0.453065,-0.0393073,0.668408
497,0.721767,-0.385087,-0.899666,0.20569,0.437211,-0.0486514,0.703071
498,-0.686036,-0.21978,0.173888,0.959927,0.456747,-0.0487732,0.646453
499,0.741392,-0.21178,-0.937096,0.277488,0.461352,-0.0201548,0.65441
500,-0.219038,0.293024,-0.194622,-0.936087,0.42942,-0.0755375,0.693026
501,-0.29338,-0.278665,0.263957,0.923403,0.424542,-0.0667971,0.714696
502,-0.176413,-0.293179,0.144179,0.945123,0.414463,-0.0919403,0.703461
503,-0.140317,-0.215568,0.128144,0.968044,0.445772,-0.0668576,0.659447
504,-0.342578,0.157482,0.98076,-0.115362,0.473819,-0.0203937,0.595675
505,-0.334125,-0.28054,-0.957924,0.0606524,0.467485,-0.0394704,0.61045
506,-0.279293,-0.115244,-0.991746,0.0561936,0.478554,-0.0108281,0.558282
507,-0.472462,-0.140326,-0.963254,0.229018,0.471369,-0.0105439,0.61768
508,-0.749958,0.30814,0.853045,-0.421146,0.440374,-0.0199505,0.711621
509,-0.690681,-0.39296,-0.868837,0.301173,0.4303,-0.0391629,0.724582
510,-0.695887,-0.219306,-0.887375,0.405551,0.455573,-0.0102864,0.676113
511,0.670617,0.297384,-0.618546,-0.727299,0.431434,-0.0100741,0.732628
512,0.30644,0.639821,0.68756,-0.343352,0.317352,-0.0389267,0.871598
513,0.289888,-0.691681,-0.673452,0.260845,0.284987,-0.0483965,0.894464
514,0.359574,-0.623932,-0.720179,0.303399,0.332682,-0.0484171,0.854024
515,0.233716,-0.604488,-0.653977,0.454872,0.331803,-0.0196184,0.863163
516,-0.691592,0.455613,-0.574532,-0.679948,0.283793,-0.0754204,0.881892
517,-0.735972,-0.441106,0.611475,0.656904,0.267853,-0.066648,0.898542
518,-0.636073,-0.447705,0.489453,0.748329,0.265154,-0.0919237,0.883768
519,-0.657079,-0.406408,0.556496,0.724669,0.316257,-0.0666593,0.86024
520,0.55763,-0.39852,0.705951,0.585504,0.374894,-0.0196796,0.817097
521,0.623641,0.370275,-0.6285,-0.684021,0.361698,-0.0389686,0.827289
522,0.54722,0.344871,-0.707572,-0.616771,0.399449,-0.00991769,0.78609
523,0.473348,0.385259,-0.755005,-0.530607,0.36033,-0.00981986,0.835396
524,0.440777,-0.463385,0.77864,0.423076,0.28289,-0.0195945,0.903448
525,0.48713,0.443271,-0.721479,-0.531957,0.267448,-0.0389127,0.909955
526,0.423504,0.421737,-0.784719,-0.454262,0.314879,-0.00976995,0.87952
527,0.387466,0.452505,-0.805883,-0.381827,0.263937,-0.00975597,0.917522
528,0.0959669,-0.303041,-0.057284,0.951254,0.4,-0.130735,0.629023
529,0.114642,0.307415,0.0685183,-0.949105,0.396998,-0.135302,0.608958
530,0.0726145,0.276846,0.0546515,-0.959359,0.416775,-0.119695,0.618503
531,-0.00416682,0.347058,0.00324302,-0.937838,0.38349,-0.135616,0.658373
532,0.0210441,0.698514,0.667295,0.258448,0.424003,-0.11941,0.565603
533,-0.0387784,-0.798157,-0.529973,-0.286486,0.40904,-0.130393,0.577998
534,0.0191476,-0.700053,-0.666381,-0.256636,0.431275,-0.112988,0.531967
535,-0.0860723,-0.688033,-0.685828,-0.237172,0.428736,-0.113278,0.586042
536,-0.560377,-0.326136,0.0325904,0.944761,0.401878,-0.119893,0.670289
537,-0.466968,0.267602,0.0302167,-0.963056,0.418533,-0.113491,0.639406
538,-0.587409,0.315597,-0.0604763,-0.946964,0.400591,-0.113624,0.691346
539,-0.525952,0.341915,-0.0107739,-0.939669,0.38361,-0.130977,0.678735
540,-0.489757,-0.362468,-0.0160361,0.931858,0.363058,-0.146091,0.646551
541,-0.379245,0.333422,0.0537821,-0.941242,0.379254,-0.142963,0.618821
542,-0.48975,0.364221,0.0109971,-0.931248,0.364291,-0.14331,0.666037
543,-0.481262,0.375723,0.0122943,-0.92665,0.343408,-0.150065,0.653589
544,-0.118111,0.447683,0.885213,0.1264,0.457066,-0.0755621,0.580786
545,-0.146469,-0.561581,-0.810688,-0.165565,0.445556,-0.0918325,0.5943
546,-0.0925611,-0.434726,-0.887798,-0.151091,0.463317,-0.0669275,0.544794
547,-0.227699,-0.426865,-0.901679,-0.0690056,0.458717,-0.0669082,0.602538
548,-0.285707,0.10758,0.184672,-0.976894,0.449036,-0.0916914,0.538162
549,-0.376526,-0.181424,-0.118041,0.976295,0.442213,-0.0993824,0.573103
550,-0.255901,-0.119214,-0.212151,0.969938,0.442831,-0.0991654,0.517465
551,-0.311416,-0.0713117,-0.182961,0.98053,0.45863,-0.0755069,0.523369
552,0.0666617,-0.0302265,-0.0606401,0.997702,0.473342,-0.0396334,0.551606
553,0.135946,0.0353773,0.12808,-0.991133,0.47049,-0.0490061,0.529732
554,0.0463226,0.0185038,0.0424869,-0.998926,0.477742,-0.0206373,0.536242
555,-0.0157641,0.127291,-0.0164069,-0.99173,0.46782,-0.0489009,0.588421
556,-0.0375346,-0.235447,0.0303305,0.971414,0.434036,-0.0919077,0.649652
557,0.0115017,0.246937,0.0118161,-0.968959,0.433837,-0.0995241,0.628143
558,-0.0709125,0.22478,-0.0627822,-0.972385,0.447406,-0.0755621,0.637561
559,-0.122277,0.305836,-0.096794,-0.947151,0.417445,-0.099606,0.681972
560,-0.700824,-0.420778,0.0665252,0.904721,0.318615,-0.146564,0.734336
561,-0.598709,0.393539,-0.0324767,-0.918734,0.34251,-0.143536,0.711251
562,-0.702698,0.420894,-0.0729184,-0.904174,0.314293,-0.143666,0.753666
563,-0.689401,0.426589,-0.0202415,-0.904219,0.297227,-0.150551,0.736356
564,-0.14723,-0.377859,0.0784969,0.92253,0.360005,-0.131123,0.726289
565,-0.124171,0.384133,-0.0631425,-0.921116,0.362843,-0.135821,0.705973
566,-0.177699,0.370695,-0.119851,-0.920989,0.379485,-0.120011,0.720108
567,-0.23882,0.41689,-0.125489,-0.900253,0.33535,-0.135939,0.750897
568,-0.467273,-0.887425,-0.11979,-0.445115,0.26558,-0.150658,0.773052
569,-0.395023,0.857953,0.329787,0.3939,0.287211,-0.146667,0.773703
570,-0.446436,0.878401,0.113698,0.464204,0.237152,-0.151723,0.788358
571,-0.345966,0.890803,0.117159,0.439026,0.271274,-0.151644,0.755035
572,-0.262244,-0.90915,-0.122687,-0.397988,0.323344,-0.150368,0.696272
573,-0.186284,0.868125,0.34066,0.360985,0.344079,-0.146386,0.691678
574,-0.24394,0.902072,0.11876,0.414924,0.300388,-0.151504,0.717866
575,-0.145495,0.912743,0.118213,0.391057,0.323906,-0.151266,0.67767
576,-0.269153,-0.296836,-0.0967376,0.950016,0.380792,-0.145149,0.551982
577,-0.156692,0.267916,0.130186,-0.954606,0.388525,-0.141983,0.521425
578,-0.265898,0.300651,0.0953105,-0.94896,0.38729,-0.142504,0.570391
579,-0.263481,0.319722,0.0426855,-0.946549,0.364287,-0.149075,0.563373
580,0.326134,-0.221052,-0.182054,0.958119,0.410832,-0.129969,0.526335
581,0.338293,0.224054,0.186786,-0.95651,0.402596,-0.134419,0.507651
582,0.307028,0.172975,0.213927,-0.961413,0.423884,-0.119053,0.512178
583,0.232444,0.265089,0.132036,-0.955141,0.403259,-0.134888,0.558519
584,-0.0692486,-0.929655,-0.116702,-0.349461,0.357083,-0.149624,0.609039
585,0.00921821,0.882884,0.333951,0.330142,0.375327,-0.145671,0.599733
586,-0.0511504,0.923291,0.115339,0.366376,0.341359,-0.150891,0.635165
587,0.0390429,0.933854,0.111445,0.339848,0.352541,-0.150382,0.591088
588,0.108786,-0.949912,-0.106699,-0.293737,0.365152,-0.148495,0.517271
589,0.195656,0.902065,0.318552,0.291211,0.37978,-0.144615,0.503923
590,0.12701,0.944303,0.107212,0.311124,0.357391,-0.149789,0.546165
591,0.217141,0.954183,0.103886,0.280611,0.356202,-0.149217,0.501033
592,0.0778724,0.659498,0.0419976,-0.750532,0.303656,0.131272,0.801389
593,0.0416497,-0.688987,-0.0219313,0.724442,0.284508,0.13605,0.810008
594,0.121839,-0.640452,-0.0835354,0.763442,0.302438,0.120157,0.822227
595,-0.0210177,-0.632908,0.0127658,0.774122,0.321462,0.136002,0.770372
596,0.032361,0.56808,-0.682584,0.459743,0.258916,0.120179,0.858972
597,-0.0762136,-0.611425,0.544164,-0.574495,0.262838,0.131298,0.838481
598,0.0261414,-0.564539,0.681721,-0.465352,0.232249,0.113825,0.884844
599,-0.017062,-0.5913,0.688744,-0.41952,0.279369,0.113817,0.851337
600,-0.419389,0.572978,0.0442148,-0.818378,0.340814,0.12009,0.780271
601,-0.317964,-0.610952,-0.110524,0.783914,0.321712,0.11378,0.812045
602,-0.375847,-0.542491,-0.0698264,0.837154,0.358595,0.113682,0.767793
603,-0.462837,-0.602519,-0.00612823,0.798081,0.339346,0.131198,0.759436
604,-0.583821,0.692421,-0.0340663,-0.720689,0.301135,0.146667,0.758475
605,-0.472495,-0.709314,-0.00200114,0.70489,0.284636,0.143751,0.788469
606,-0.541974,-0.662903,0.0228294,0.748357,0.318813,0.143696,0.748997
607,-0.617654,-0.716716,0.0164665,0.697171,0.297675,0.150614,0.736886
608,0.152208,0.517505,-0.848382,0.11152,0.28802,0.0755361,0.879003
609,0.059782,-0.563372,0.788567,-0.246523,0.294662,0.0920135,0.861325
610,0.158763,-0.530652,0.839134,-0.119421,0.258697,0.0667824,0.904998
611,0.142513,-0.530366,0.845603,-0.060566,0.308148,0.0667644,0.867864
612,-0.159024,-0.717321,-0.258338,0.64708,0.246136,0.0920254,0.896729
613,-0.234406,0.671881,0.201294,-0.712781,0.274208,0.0997424,0.870636
614,-0.20048,0.741292,0.228245,-0.631182,0.224629,0.0997457,0.903302
615,-0.125638,0.718287,0.316958,-0.619356,0.237267,0.0755428,0.913413
616,0.479729,0.681838,0.447441,-0.5787,0.269363,0.0390658,0.908961
617,0.442851,-0.702477,-0.412449,0.58001,0.248397,0.0485435,0.919383
618,0.532628,-0.694234,-0.505207,0.512644,0.257456,0.0197528,0.920753
619,0.438281,-0.623902,-0.408176,0.666438,0.299791,0.0485329,0.883437
620,0.251705,0.567184,0.203901,-0.797952,0.338133,0.0919636,0.820006
621,0.213054,-0.596304,-0.17066,0.784408,0.319096,0.0997104,0.831845
622,0.315853,-0.559378,-0.278603,0.78069,0.333827,0.0754949,0.838347
623,0.167746,-0.51777,-0.13347,0.845045,0.35853,0.0996252,0.787728
624,-0.743179,0.608117,-0.0901575,-0.788711,0.355876,0.146403,0.672653
625,-0.620536,-0.619033,0.051478,0.783676,0.347594,0.143569,0.705633
626,-0.707864,-0.580312,0.0833551,0.810117,0.370502,0.143342,0.65926
627,-0.781354,-0.646259,0.0398034,0.762079,0.347034,0.150352,0.652698
628,-0.0607687,0.548525,-0.0371749,-0.835307,0.369255,0.131031,0.71349
629,-0.0924729,-0.578377,0.0531495,0.814036,0.352983,0.135881,0.726492
630,-0.00127522,-0.506507,0.00475403,0.862223,0.373399,0.119939,0.733956
631,-0.175319,-0.529039,0.0994982,0.842745,0.378492,0.135657,0.679238
632,-0.527189,-0.777245,0.117836,-0.618065,0.363127,0.150083,0.607107
633,-0.413488,0.747867,-0.326645,0.577926,0.374435,0.146128,0.625727
634,-0.524522,0.779981,-0.109425,0.616162,0.362225,0.150932,0.575187
635,-0.440023,0.758058,-0.11362,0.642214,0.350351,0.151245,0.620685
636,-0.366645,-0.725301,0.121587,-0.677609,0.325082,0.150523,0.696259
637,-0.250492,0.701301,-0.339856,0.626638,0.331309,0.14658,0.717202
638,-0.358372,0.731516,-0.116302,0.671832,0.332526,0.15146,0.664734
639,-0.27871,0.699655,-0.118238,0.70463,0.309126,0.151586,0.706465
640,-0.449269,0.782772,0.0135428,-0.622162,0.226165,0.146723,0.827722
641,-0.34603,-0.802026,-0.047029,0.595435,0.202497,0.143781,0.852407
642,-0.406834,-0.756612,-0.0257898,0.653355,0.245669,0.143774,0.823148
643,-0.473544,-0.793775,-0.00224141,0.608208,0.228385,0.150681,0.805967
644,0.189458,0.772066,0.103126,-0.627119,0.217529,0.131304,0.86989
645,0.156351,-0.79665,-0.0838015,0.598603,0.1968,0.13607,0.873216
646,0.217598,-0.767992,-0.149364,0.622799,0.21097,0.120181,0.889736
647,0.102237,-0.744798,-0.0548024,0.665036,0.24273,0.136066,0.844506
648,-0.215234,-0.649927,0.123014,-0.749975,0.265264,0.15066,0.773699
649,-0.1027,0.631219,-0.344359,0.694968,0.265904,0.146706,0.795583
650,-0.199159,0.662259,-0.120059,0.739594,0.280534,0.151651,0.744995
651,-0.12579,0.619636,-0.121088,0.775493,0.247247,0.151686,0.779509
652,-0.081825,-0.552851,0.12294,-0.824161,0.187587,0.150686,0.833183
653,0.0223278,0.539508,-0.343342,0.768796,0.18255,0.146726,0.854428
654,-0.0583788,0.572244,-0.121763,0.810993,0.209754,0.151699,0.809407
655,0.00865559,0.520705,-0.121876,0.844992,0.168661,0.1517,0.834206
656,0.160474,-0.297105,-0.138686,0.944719,0.433961,0.0749053,0.687691
657,0.183498,0.275283,0.161678,-0.94767,0.445451,0.0660191,0.668681
658,0.0366652,0.345424,0.0243724,-0.93813,0.431158,0.0912987,0.669344
659,0.286393,0.350308,0.254232,-0.901471,0.421605,0.0663418,0.724021
660,-0.334441,-0.496536,0.82686,-0.26411,0.447656,0.0908768,0.613719
661,-0.194143,0.39893,-0.908141,0.127023,0.452757,0.0745166,0.631462
662,-0.429999,0.501327,-0.787164,0.359227,0.448923,0.0983023,0.576787
663,-0.262308,0.51966,-0.81398,0.259595,0.437548,0.0987728,0.632591
664,-0.341266,-0.409636,-0.111529,0.905406,0.407025,0.0916235,0.722998
665,-0.472164,0.368124,0.0102458,-0.92972,0.41834,0.0991594,0.687032
666,-0.382637,0.438608,0.0826679,-0.894868,0.391824,0.0994476,0.739116
667,-0.249734,0.38013,0.21141,-0.900448,0.407488,0.0751994,0.741641
668,0.00842711,-0.302139,-0.45835,0.835839,0.432353,0.0386199,0.722397
669,-0.104768,0.231453,0.361541,-0.903171,0.445752,0.047896,0.686036
670,-0.0747529,0.336397,0.386177,-0.858897,0.419697,0.0481795,0.741372
671,0.15599,0.313519,0.597364,-0.738148,0.427825,0.0193981,0.738326
672,-0.445093,-0.704496,0.534229,-0.467209,0.409752,0.130386,0.613282
673,-0.322909,0.622642,-0.682549,0.382679,0.418881,0.119312,0.631913
674,-0.47487,0.707633,-0.502835,0.4964,0.40971,0.134916,0.578371
675,-0.372066,0.699392,-0.520775,0.489536,0.39756,0.135332,0.62954
676,0.739269,-0.619514,0.660655,-0.423955,0.430768,0.118862,0.578246
677,-0.679153,-0.378906,0.14786,0.913547,0.430226,0.112769,0.61431
678,0.735864,0.605735,-0.67226,0.425619,0.439357,0.112291,0.559595
679,0.699958,0.706813,-0.516489,0.483378,0.419381,0.129935,0.560937
680,-0.44755,-0.542141,0.160245,0.824867,0.386568,0.145758,0.577315
681,-0.43651,0.520903,-0.160918,-0.838311,0.396983,0.142603,0.561135
682,-0.47842,0.590826,-0.0683741,-0.803896,0.372998,0.149719,0.560313
683,-0.321945,0.547821,-0.119698,-0.827988,0.387103,0.143016,0.610808
684,-0.0869365,-0.446707,0.06612,0.892234,0.399578,0.119677,0.684148
685,-0.0667496,0.421533,-0.0532809,-0.905247,0.413385,0.113176,0.667883
686,-0.151152,0.501883,-0.0886768,-0.860378,0.392882,0.130758,0.664437
687,0.0295079,0.476656,0.016501,-0.878935,0.389332,0.113484,0.719415
688,0.00118118,-0.509582,-0.449619,0.7336,0.363466,0.0389759,0.825704
689,-0.0607589,0.439592,0.396845,-0.805775,0.38621,0.0483732,0.793426
690,-0.0526149,0.535171,0.403123,-0.74235,0.345997,0.0484836,0.841144
691,0.08073,0.526118,0.532422,-0.663119,0.354987,0.0196883,0.840095
692,0.285679,-0.470914,-0.251914,0.845446,0.373881,0.0753924,0.792222
693,0.331653,0.44134,0.294793,-0.847536,0.390342,0.0665701,0.776389
694,0.205708,0.487153,0.166112,-0.857373,0.375826,0.0918458,0.773592
695,0.358323,0.531165,0.318557,-0.785102,0.352279,0.0667032,0.8247
696,0.314485,0.448936,-0.850353,-0.274511,0.308901,0.0197402,0.883559
697,0.237512,-0.490256,0.860609,0.137846,0.319188,0.0390438,0.870364
698,0.330322,-0.4818,0.838827,0.253452,0.277597,0.00991633,0.908424
699,0.354556,-0.458672,0.82655,0.326243,0.327231,0.00989237,0.86873
700,0.366749,0.383577,-0.82586,-0.413309,0.394879,0.0195791,0.791331
701,0.251597,-0.439189,0.859025,0.263037,0.401448,0.0388402,0.77603
702,0.389805,-0.428064,0.809119,0.4026,0.371162,0.00982449,0.823119
703,0.44495,-0.391061,0.779805,0.488852,0.408601,0.00969672,0.772602
704,0.735657,0.130321,-0.917775,0.375108,0.470466,0.0379245,0.607535
705,0.727202,-0.196089,0.91144,-0.361699,0.473399,0.0470782,0.569781
706,-0.597599,0.237466,-0.104273,-0.965783,0.463795,0.047522,0.628497
707,0.656496,0.01024,0.909932,-0.414631,0.470106,0.0188092,0.623815
708,-0.299559,-0.206498,0.278185,0.938068,0.463339,0.0740455,0.573949
709,-0.360416,0.199888,-0.334564,-0.92093,0.468765,0.0651207,0.553244
710,-0.341991,0.265647,-0.291115,-0.919066,0.45606,0.090387,0.557031
711,-0.116009,0.256544,-0.114235,-0.959758,0.461303,0.0656005,0.611448
712,0.581405,0.292925,-0.698632,-0.65277,0.453071,0.0191392,0.682109
713,0.315267,-0.349918,0.841185,0.412268,0.455549,0.0383151,0.665866
714,0.552815,-0.345874,0.713994,0.608756,0.438746,0.00949841,0.718208
715,-0.762101,0.121663,0.851668,-0.509764,0.460958,0.00923088,0.661021
716,-0.438745,0.0490156,-0.969544,0.239963,0.478551,0.0184292,0.564467
717,-0.512418,-0.174101,0.931134,-0.320435,0.476853,0.0374892,0.548351
718,-0.495812,0.0136691,0.957483,-0.288165,0.474738,0.0089028,0.602177
719,-0.309439,-0.0229297,0.994244,-0.104661,0.479918,0.0085481,0.542577
720,-0.435162,-0.00881605,0.390809,-0.920429,0.23458,0.0744161,-0.575958
721,-0.411994,0.0502505,-0.37562,0.925411,0.232535,0.0655592,-0.566196
722,-0.462241,-0.0612097,-0.378078,0.923748,0.246763,0.0906758,-0.565402
723,-0.511556,0.126903,-0.453646,0.8821,0.224144,0.0659559,-0.596017
724,-0.261239,0.556287,0.765938,0.322311,0.250465,0.090192,-0.532898
725,-0.24497,-0.437277,-0.844489,-0.309237,0.240015,0.0739709,-0.544911
726,-0.259769,-0.530738,-0.784321,-0.321182,0.255761,0.097543,-0.510148
727,-0.354638,-0.5616,-0.752687,-0.343609,0.255168,0.0980401,-0.543627
728,0.331436,-0.644679,-0.683048,-0.34327,0.238576,0.0911124,-0.597006
729,0.410367,0.602161,0.714335,0.356551,0.250031,0.0985205,-0.576561
730,0.308709,0.648968,0.669265,0.361837,0.240331,0.0989485,-0.608442
731,0.338536,0.538697,0.762798,0.357693,0.224872,0.0748074,-0.605906
732,0.447151,-0.379407,-0.87246,-0.307999,0.213373,0.038359,-0.597776
733,0.491816,0.34409,0.885357,0.312642,0.22275,0.047556,-0.577789
734,0.403871,0.405314,0.848964,0.339088,0.212722,0.047902,-0.606243
735,0.471939,0.311183,0.90178,0.299929,0.203888,0.0192391,-0.609061
736,-0.437555,0.781258,0.499885,0.373832,0.287736,0.129328,-0.533342
737,-0.453059,-0.67809,-0.637913,-0.36505,0.273522,0.1184,-0.544306
738,-0.455207,-0.757185,-0.523897,-0.390132,0.294356,0.133767,-0.50861
739,-0.533008,-0.783834,-0.499181,-0.369354,0.294319,0.134272,-0.546827
740,0.610895,0.649366,0.668007,0.363442,0.273744,0.117895,-0.508608
741,0.521838,-0.676425,-0.644877,-0.355784,0.267709,0.111888,-0.532228
742,0.625199,-0.648616,-0.675981,-0.349782,0.266498,0.111398,-0.497257
743,0.628266,-0.755684,-0.526467,-0.389581,0.286176,0.128845,-0.495955
744,-0.324001,0.376244,0.12537,-0.917999,0.316824,0.144482,-0.509985
745,-0.337906,-0.388818,-0.131636,0.911862,0.30801,0.14136,-0.496013
746,-0.330417,-0.400954,-0.053097,0.914558,0.331242,0.148383,-0.497258
747,-0.418571,-0.338243,-0.158131,0.927678,0.309752,0.141832,-0.536067
748,-0.497521,0.173549,0.343165,-0.923103,0.268437,0.118902,-0.579498
749,-0.495987,-0.16196,-0.345339,0.924397,0.264249,0.112397,-0.566864
750,-0.511038,-0.239115,-0.279597,0.929865,0.284292,0.129849,-0.570426
751,-0.597725,-0.108125,-0.402016,0.909226,0.255974,0.112862,-0.600631
752,0.283008,-0.524989,-0.789865,-0.317016,0.18408,0.0388561,-0.649852
753,0.312769,0.477654,0.803878,0.354438,0.198769,0.0481769,-0.633056
754,0.171599,0.572079,0.720875,0.391236,0.181145,0.0483738,-0.657823
755,0.413713,0.413015,0.876118,0.24867,0.171662,0.0196317,-0.658294
756,-0.655834,-0.135468,0.553146,-0.821996,0.211005,0.0751202,-0.634271
757,-0.618835,0.187162,-0.532306,0.825603,0.211639,0.0662853,-0.624403
758,-0.678666,0.0487232,-0.519347,0.853173,0.225992,0.0914784,-0.627209
759,-0.752566,0.212743,-0.623117,0.752639,0.1952,0.0665295,-0.650894
760,0.157,-0.167507,-0.981371,0.0940876,0.15067,0.0197322,-0.679361
761,-0.641588,0.669793,0.623228,0.403687,0.164194,0.0389959,-0.672595
762,0.307816,0.026733,0.987025,-0.158327,0.132308,0.00994295,-0.691866
763,-0.0745374,0.324436,0.940477,0.101215,0.155204,0.00988572,-0.67303
764,-0.247967,-0.370601,-0.881222,-0.293433,0.189514,0.0194687,-0.634738
765,-0.302765,0.447245,0.837085,0.315057,0.200579,0.0386452,-0.624785
766,-0.198485,0.377112,0.896219,0.233621,0.175287,0.00977591,-0.651451
767,-0.196081,0.338701,0.898878,0.27803,0.192172,0.00960555,-0.627481
768,0.628554,-0.266052,-0.935528,-0.232386,0.227193,0.0376157,-0.539692
769,0.686077,0.258307,0.942332,0.212807,0.23073,0.0467254,-0.517858
770,0.586722,0.293221,0.917258,0.269552,0.228765,0.0471573,-0.548166
771,0.637036,0.200042,0.954611,0.220685,0.221339,0.0186042,-0.552999
772,-0.234556,0.155036,0.224433,-0.962078,0.241202,0.0734971,-0.513263
773,-0.210039,-0.116804,-0.205016,0.971764,0.236781,0.0646509,-0.504182
774,-0.256378,-0.196642,-0.224696,0.954381,0.249789,0.0897056,-0.50001
775,-0.31181,-0.0317537,-0.293378,0.955469,0.236724,0.0651134,-0.535413
776,-0.132181,-0.250535,-0.929087,-0.272084,0.214534,0.0189469,-0.581663
777,-0.150456,0.316762,0.906252,0.279946,0.222271,0.0380116,-0.569256
778,-0.146518,0.276631,0.920289,0.276664,0.205528,0.0093713,-0.601481
779,-0.0691707,0.213302,0.947501,0.23821,0.215173,0.00908115,-0.573881
780,0.0362114,-0.165018,-0.973093,-0.160809,0.224235,0.0182242,-0.52355
781,0.0320989,0.230569,0.957668,0.172366,0.22813,0.0371951,-0.509586
782,0.0134606,0.162149,0.969571,0.18341,0.22098,0.00874308,-0.545129
783,0.0918791,0.127641,0.983696,0.12669,0.222927,0.00837308,-0.515752
784,0.778446,0.894121,0.373838,0.246564,0.243371,0.131034,-0.674243
785,-0.77514,0.0770541,0.37974,-0.921878,0.242151,0.135878,-0.689058
786,0.77768,-0.828037,-0.477302,-0.294171,0.224347,0.11998,-0.676668
787,-0.686919,0.12751,0.347831,-0.928846,0.262806,0.135621,-0.656268
788,0.702051,0.019608,-0.530556,0.847423,0.200858,0.120139,-0.704452
789,0.753118,0.0433451,0.415502,-0.908559,0.22022,0.131224,-0.704456
790,0.71122,-0.0565627,0.571419,-0.818707,0.178316,0.113841,-0.716529
791,0.782871,-0.0143135,0.541237,-0.840748,0.203765,0.113739,-0.691479
792,0.223666,0.789531,0.521476,0.32358,0.243678,0.119719,-0.646222
793,0.131879,-0.827238,-0.476367,-0.297912,0.225472,0.113547,-0.663459
794,0.225456,-0.7884,-0.523761,-0.322644,0.242993,0.113255,-0.633009
795,0.2559,-0.867572,-0.406942,-0.285862,0.261987,0.130739,-0.641456
796,0.33271,0.938893,0.269707,0.213866,0.282902,0.146318,-0.668366
797,0.229959,-0.951079,-0.244441,-0.188939,0.262236,0.143533,-0.687345
798,0.307748,-0.934705,-0.264127,-0.237833,0.282251,0.14325,-0.652103
799,0.369546,-0.977953,-0.0949466,-0.185991,0.303136,0.150222,-0.664411
800,0.767781,0.15184,-0.720142,0.677008,0.171895,0.0754922,-0.684534
801,-0.75726,0.805996,0.496299,0.32258,0.18856,0.0919356,-0.681535
802,0.718689,-0.169051,0.785217,-0.595699,0.151944,0.0667857,-0.696608
803,-0.723182,0.747526,0.546388,0.377712,0.175171,0.0666946,-0.675109
804,-0.0814028,-0.854957,-0.436824,-0.279702,0.164459,0.0920348,-0.704716
805,0.00489935,0.806168,0.495424,0.323492,0.185627,0.0996991,-0.692774
806,-0.067524,0.852671,0.446999,0.270451,0.160056,0.099777,-0.715498
807,-0.132669,0.815374,0.458688,0.353228,0.147441,0.0755648,-0.705552
808,0.406475,0.805167,0.381098,0.454389,0.14133,0.0390731,-0.692661
809,0.446076,-0.793364,-0.411829,-0.448297,0.136354,0.0485622,-0.699687
810,0.233824,-0.815156,-0.226488,-0.533126,0.126966,0.0197808,-0.697603
811,0.596177,-0.701672,-0.534981,-0.470586,0.160196,0.048499,-0.680158
812,0.77509,0.751878,0.565286,0.33931,0.209211,0.0917519,-0.655537
813,0.767874,-0.754198,-0.554962,-0.351003,0.207823,0.0995427,-0.66703
814,0.777361,-0.676946,-0.622542,-0.392665,0.193224,0.0753471,-0.660618
815,-0.691456,-0.0187454,0.521438,-0.853083,0.226175,0.0992925,-0.638753
816,0.498119,0.900368,0.306747,0.308617,0.311178,0.145503,-0.59142
817,0.390876,-0.915687,-0.283816,-0.284545,0.296949,0.142849,-0.614727
818,0.475961,-0.89419,-0.303004,-0.329565,0.306139,0.14236,-0.575843
819,0.530384,-0.949368,-0.108828,-0.294714,0.329053,0.149375,-0.582764
820,-0.605131,-0.187481,-0.318714,0.929125,0.275684,0.130333,-0.606658
821,-0.592892,0.179827,0.311613,-0.933038,0.278533,0.135252,-0.621247
822,-0.596191,0.118664,0.397358,-0.909959,0.258453,0.119355,-0.613654
823,-0.500191,0.23445,0.272613,-0.933121,0.289061,0.134787,-0.584562
824,-0.521244,0.929624,0.11623,0.349699,0.333028,0.148853,-0.540176
825,-0.58509,-0.877258,-0.324482,-0.353737,0.316805,0.144983,-0.550947
826,-0.550423,-0.917776,-0.12482,-0.37697,0.340394,0.149603,-0.512569
827,-0.606631,-0.940058,-0.117421,-0.320162,0.340237,0.150102,-0.556417
828,-0.640985,0.965349,0.101721,0.240323,0.319061,0.149847,-0.624392
829,-0.716361,-0.920925,-0.288497,-0.262042,0.299848,0.145964,-0.630772
830,-0.66533,-0.958107,-0.11034,-0.264304,0.334037,0.150604,-0.599693
831,-0.727194,-0.972457,-0.103497,-0.208846,0.321698,0.151038,-0.641769
832,0.183189,0.966488,0.23201,0.109874,0.233514,0.14669,-0.735771
833,0.0850062,-0.975447,-0.205332,-0.0796331,0.208024,0.143801,-0.748971
834,0.155393,-0.964823,-0.224615,-0.136618,0.237324,0.143706,-0.719848
835,0.222624,-0.993815,-0.0817117,-0.0752048,0.254566,0.15062,-0.736982
836,0.620206,0.939657,0.310723,0.14316,0.19301,0.131324,-0.731515
837,0.642942,-0.939274,-0.320255,-0.123292,0.187853,0.13611,-0.745553
838,0.621273,-0.896783,-0.397668,-0.194014,0.173697,0.120219,-0.729038
839,0.7144,-0.919264,-0.349088,-0.181908,0.216991,0.136031,-0.719009
840,-0.771294,0.987431,0.0882795,0.131099,0.281486,0.150471,-0.70216
841,0.714295,-0.102579,-0.238842,0.965625,0.260638,0.146554,-0.703582
842,0.778044,-0.145783,-0.0777053,0.98626,0.303319,0.151354,-0.681968
843,0.709001,-0.0891175,-0.0829491,0.992561,0.279225,0.151553,-0.719636
844,0.657577,0.0107046,0.0958261,-0.995341,0.222923,0.150708,-0.768186
845,0.571459,0.00783336,-0.272013,0.962262,0.202093,0.146765,-0.764301
846,0.636992,-0.0319462,-0.0886659,0.995549,0.249906,0.151674,-0.754067
847,0.565319,0.0258873,-0.0941507,0.995221,0.215981,0.151744,-0.784561
848,0.173874,-0.271663,-0.0917072,-0.958013,0.266062,-0.131257,-0.636189
849,0.178822,0.270438,0.0947873,0.95806,0.278251,-0.136017,-0.627523
850,0.151892,0.305239,0.101995,0.946798,0.258513,-0.120173,-0.618085
851,0.303623,0.288793,0.159791,0.943963,0.260305,-0.136004,-0.662866
852,0.0548743,-0.713706,0.676997,0.179719,0.270599,-0.120221,-0.583382
853,0.127547,0.824042,-0.53265,-0.192972,0.280485,-0.131275,-0.600366
854,0.0346431,0.705992,-0.679779,-0.198684,0.269513,-0.113935,-0.557706
855,0.147911,0.706265,-0.685392,-0.177277,0.260816,-0.11388,-0.592435
856,-0.35291,-0.335639,-0.185462,-0.923553,0.242037,-0.120119,-0.650997
857,-0.479775,0.30194,0.0965129,0.948429,0.247668,-0.11381,-0.625851
858,-0.348868,0.330305,0.18523,0.92552,0.230316,-0.113744,-0.6573
859,-0.284705,0.284583,0.160883,0.945055,0.247125,-0.13123,-0.669908
860,-0.233013,-0.249722,-0.108396,-0.962231,0.280759,-0.146652,-0.674563
861,-0.361139,0.242224,0.0660767,0.967968,0.286859,-0.143705,-0.646232
862,-0.233485,0.250165,0.108261,0.962132,0.266395,-0.143711,-0.682531
863,-0.195456,0.228825,0.0394887,0.972666,0.287353,-0.150615,-0.694828
864,0.108941,-0.440981,0.885417,0.146877,0.23811,-0.0758722,-0.568072
865,0.162021,0.567376,-0.808201,-0.157782,0.24428,-0.0921972,-0.584124
866,0.0906108,0.424616,-0.890692,-0.162388,0.238054,-0.0673042,-0.544717
867,0.16058,0.413112,-0.898712,-0.147155,0.231606,-0.0671125,-0.575674
868,-0.757875,0.196845,-0.0891958,0.976369,0.251907,-0.0923229,-0.551515
869,-0.652672,-0.275957,-0.00350999,-0.961164,0.252548,-0.0999101,-0.575908
870,-0.76884,-0.217415,0.0870304,-0.972192,0.259089,-0.100007,-0.542366
871,0.775069,0.446985,-0.875268,-0.184692,0.243583,-0.0760419,-0.536376
872,-0.101298,-0.101588,0.107019,-0.989054,0.228661,-0.0398544,-0.537553
873,-0.103431,0.139592,-0.105053,0.984621,0.232268,-0.0493195,-0.529749
874,-0.0879582,0.0923722,-0.0956688,0.991118,0.225025,-0.0208276,-0.522758
875,-0.0610621,0.254192,-0.0648452,0.964977,0.227943,-0.0490793,-0.560122
876,0.0921239,-0.334335,-0.070598,-0.939806,0.232487,-0.0920754,-0.615523
877,0.111736,0.337543,0.0867031,0.937309,0.241703,-0.0998036,-0.608417
878,0.0438657,0.366673,0.0349651,0.929693,0.22856,-0.0757092,-0.598832
879,0.216921,0.395171,0.170598,0.902627,0.226732,-0.0997071,-0.63926
880,0.0816546,-0.206421,-0.205525,-0.956635,0.228185,-0.146671,-0.741723
881,-0.080067,0.233479,0.157218,0.959568,0.241387,-0.143715,-0.715914
882,0.129763,0.160507,0.218611,0.962521,0.212271,-0.143715,-0.745678
883,0.117048,0.179118,0.0734597,0.981081,0.229318,-0.150656,-0.763003
884,0.482078,-0.257344,-0.24913,-0.933653,0.223967,-0.131204,-0.700881
885,0.454282,0.28276,0.235448,0.929845,0.23794,-0.135988,-0.695617
886,0.443715,0.328695,0.29365,0.897624,0.221431,-0.120072,-0.681476
887,0.673318,0.211231,0.335223,0.918154,0.211501,-0.135975,-0.725133
888,-0.711145,-0.0794018,-0.0945617,-0.992347,0.194156,-0.150661,-0.790623
889,0.784826,-0.974125,0.222213,0.0412539,0.195817,-0.146673,-0.76945
890,-0.653455,0.0225707,0.108502,0.99384,0.17343,-0.151689,-0.813155
891,0.672969,-0.987914,0.0853201,0.129411,0.211744,-0.151687,-0.788131
892,0.452817,0.9705,-0.109469,-0.214819,0.260551,-0.150638,-0.730836
893,0.367518,-0.931288,0.31041,0.190655,0.256662,-0.146664,-0.70987
894,0.46958,-0.974713,0.101534,0.199061,0.246409,-0.151673,-0.75816
895,0.316734,-0.968939,0.11079,0.221093,0.276877,-0.151649,-0.723762
896,-0.470206,-0.214896,-0.0309106,-0.976148,0.314319,-0.146571,-0.596426
897,-0.595305,0.200977,-0.0102488,0.979542,0.312884,-0.143593,-0.567668
898,-0.480193,0.223954,0.0271515,0.974221,0.302466,-0.143676,-0.607692
899,-0.431091,0.202334,0.0133735,0.979225,0.325922,-0.150516,-0.614303
900,-0.0618574,-0.214904,0.0319847,-0.976111,0.290127,-0.131257,-0.563124
901,-0.0540285,0.210835,-0.0257728,0.977182,0.299694,-0.135947,-0.551797
902,-0.0819448,0.222652,-0.0543377,0.973383,0.278062,-0.120238,-0.547552
903,0.0618487,0.242682,0.0337922,0.969517,0.291464,-0.136008,-0.590261
904,0.194037,0.96934,-0.118884,-0.215048,0.309269,-0.150586,-0.655737
905,0.10908,-0.92029,0.336,0.200425,0.300094,-0.146631,-0.636506
906,0.189845,-0.968714,0.116196,0.219297,0.302627,-0.151623,-0.685728
907,0.0781226,-0.971319,0.118438,0.206184,0.323244,-0.151576,-0.644801
908,-0.0169155,0.976583,-0.11836,-0.179659,0.336942,-0.150374,-0.571343
909,-0.103066,-0.923269,0.339078,0.180555,0.323123,-0.146444,-0.555107
910,-0.0246547,-0.975111,0.11872,0.187254,0.338307,-0.151468,-0.601782
911,-0.124052,-0.979158,0.118046,0.16527,0.347497,-0.151281,-0.557483
912,-0.367136,0.779167,-0.321449,0.538116,0.177273,-0.0753871,-0.67972
913,-0.362362,-0.762235,0.321936,-0.561565,0.167941,-0.06662,-0.682986
914,-0.448597,-0.819616,0.35364,-0.450742,0.174296,-0.0918438,-0.696578
915,-0.344757,-0.676339,0.308602,-0.668828,0.189119,-0.0666866,-0.659649
916,-0.182639,0.0538097,-0.763311,-0.643786,0.148296,-0.0918351,-0.717633
917,-0.171267,-0.0117955,0.849311,0.527762,0.153482,-0.0753545,-0.701307
918,-0.185237,-0.0419769,0.775583,0.629848,0.13127,-0.0995714,-0.73514
919,-0.296582,-0.0253287,0.747106,0.664222,0.159777,-0.0995574,-0.716171
920,0.315497,-0.0263691,0.666816,0.744756,0.197225,-0.0918917,-0.672264
921,0.383377,-0.0127222,-0.693191,-0.720642,0.185447,-0.0995754,-0.69361
922,-0.268922,-0.403771,-0.302405,-0.863435,0.207888,-0.0996293,-0.667829
923,0.684324,0.217469,-0.87151,-0.439519,0.19792,-0.0754596,-0.655161
924,0.550272,-0.00138637,0.9073,0.420481,0.185136,-0.0390345,-0.648913
925,0.558991,-0.0327989,-0.903967,-0.426342,0.172911,-0.0484264,-0.667839
926,0.590418,0.0444875,-0.913385,-0.40466,0.192012,-0.0485276,-0.643989
927,0.533388,-0.052589,-0.921651,-0.384441,0.189849,-0.0198134,-0.63449
928,-0.454421,0.0144728,-0.466295,-0.884511,0.166641,-0.13118,-0.752276
929,-0.465543,0.00672297,0.606567,0.795004,0.16926,-0.120022,-0.732913
930,-0.426234,-0.0327421,0.498952,0.866011,0.148298,-0.135968,-0.772385
931,-0.644298,0.061354,0.442603,0.894616,0.181468,-0.135966,-0.750858
932,0.619141,0.0444299,-0.650812,-0.757938,0.138518,-0.120035,-0.75299
933,0.517629,-0.0499919,0.628404,0.776279,0.156053,-0.113652,-0.734172
934,0.649978,-0.0721418,0.660385,0.747453,0.125217,-0.113676,-0.752495
935,0.62779,-0.0680863,0.50593,0.859883,0.133382,-0.131192,-0.77184
936,-0.450541,0.986373,-0.151882,0.0632461,0.160093,-0.146672,-0.792636
937,-0.406592,-0.985136,0.13726,-0.103276,0.143694,-0.143714,-0.792336
938,-0.458855,-0.997924,0.054819,-0.0338096,0.155659,-0.150661,-0.813351
939,-0.621732,-0.978892,0.202448,-0.028005,0.179524,-0.143712,-0.771267
940,0.769992,0.176077,0.477809,0.860637,0.197039,-0.120038,-0.708944
941,-0.637635,-0.877806,0.412517,-0.243487,0.184136,-0.113658,-0.711944
942,0.763099,-0.127527,-0.372795,-0.919109,0.196991,-0.131187,-0.728496
943,0.49894,-0.27987,-0.32983,-0.901601,0.209014,-0.113692,-0.686176
944,0.748381,-0.190729,0.954087,0.230958,0.214358,-0.0393679,-0.59628
945,0.734676,0.176608,-0.944137,-0.278235,0.207685,-0.0486733,-0.617782
946,-0.748221,-0.378603,0.0694573,-0.922949,0.21972,-0.048859,-0.58966
947,0.695674,0.114753,-0.963282,-0.242734,0.214959,-0.0202386,-0.581142
948,0.0643793,0.476561,0.054061,0.877478,0.215102,-0.0755694,-0.628045
949,-0.091894,-0.514782,0.0875077,-0.852843,0.206964,-0.0667951,-0.633682
950,0.179402,-0.405073,-0.141833,-0.903216,0.216721,-0.0919716,-0.645089
951,-0.0100837,-0.36513,0.0148812,-0.930838,0.221185,-0.0669388,-0.605525
952,0.0850062,-0.166309,0.972047,0.165729,0.22191,-0.0205181,-0.552312
953,0.125601,0.235066,-0.959032,-0.158118,0.223432,-0.0395962,-0.567415
954,0.113248,0.153732,-0.978687,-0.136156,0.222784,-0.0109745,-0.530224
955,0.0566087,0.117413,-0.97076,-0.209379,0.218798,-0.0106517,-0.559419
956,-0.0678425,-0.0334542,0.942327,0.333017,0.204224,-0.0200017,-0.60869
957,-0.0342187,0.0988613,-0.931445,-0.350194,0.201533,-0.0391789,-0.623601
958,-0.0231475,0.0586524,-0.95306,-0.297047,0.210976,-0.0103669,-0.587733
959,-0.10514,-0.0197009,-0.928117,-0.371766,0.199416,-0.0101293,-0.614656
960,0.647259,0.0332883,0.934855,0.353466,0.142689,-0.0388814,-0.691889
961,0.718229,-0.00536542,-0.941961,-0.335678,0.125775,-0.0483406,-0.706978
962,0.615397,-0.0440877,-0.920127,-0.389131,0.150706,-0.0483666,-0.688949
963,0.619204,-0.0863449,-0.94702,-0.30935,0.151088,-0.0195931,-0.679195
964,-0.219373,0.900207,-0.193705,0.390008,0.126945,-0.0753498,-0.719587
965,-0.193797,-0.888762,0.173899,-0.4241,0.116985,-0.0665854,-0.720313
966,-0.245223,-0.916095,0.196802,-0.349341,0.11965,-0.0918504,-0.735088
967,-0.293221,-0.831102,0.26184,-0.490621,0.143752,-0.0665901,-0.703313
968,-0.132392,0.101908,0.92229,0.372821,0.172028,-0.0196783,-0.658115
969,-0.102253,-0.0451511,-0.911763,-0.408227,0.165406,-0.0389373,-0.671796
970,-0.14428,-0.0911041,-0.91405,-0.395237,0.184246,-0.0099463,-0.639735
971,-0.113105,-0.121779,-0.925683,-0.358163,0.165726,-0.00981919,-0.662574
972,0.101833,-0.00406904,0.975647,0.21931,0.127407,-0.0195525,-0.697398
973,0.0995869,0.0245667,-0.957772,-0.286478,0.117391,-0.0388608,-0.708874
974,0.0212511,-0.0667553,-0.964173,-0.256737,0.14419,-0.00974399,-0.682808
975,0.215125,0.0614917,-0.988233,-0.140054,0.12006,-0.00971205,-0.700125
976,0.0644138,-0.33046,0.0543678,-0.942253,0.43325,-0.0751921,-0.686954
977,0.0360259,0.32807,-0.0291442,0.944204,0.444618,-0.0663412,-0.667796
978,0.0897007,0.308772,-0.070542,0.948517,0.43036,-0.0916302,-0.668486
979,0.108048,0.423061,-0.0961505,0.900985,0.4211,-0.0665482,-0.723531
980,-0.184333,-0.536416,-0.835624,0.118281,0.446433,-0.09133,-0.612326
981,-0.173407,0.404898,0.908031,-0.107411,0.451666,-0.0749226,-0.630244
982,-0.177977,0.553,0.82527,-0.114545,0.447433,-0.098828,-0.575019
983,-0.11158,0.559633,0.821052,-0.11263,0.436495,-0.0991867,-0.63141
984,-0.307016,-0.386027,0.139618,-0.911861,0.406579,-0.0918238,-0.722533
985,-0.374207,0.307424,-0.0892689,0.947376,0.417698,-0.0994436,-0.686341
986,-0.286438,0.379106,-0.160186,0.911383,0.391505,-0.0996006,-0.738774
987,-0.347019,0.419613,-0.125296,0.899014,0.407091,-0.0753665,-0.741255
988,-0.449022,-0.442577,0.0332509,-0.896114,0.431854,-0.0388149,-0.721909
989,-0.482945,0.339542,-0.00488931,0.940578,0.445045,-0.0481669,-0.685305
990,-0.415125,0.445636,-0.0693511,0.892524,0.419277,-0.0483453,-0.740977
991,-0.489451,0.450541,0.00138184,0.892754,0.427439,-0.0195512,-0.73795
992,-0.102,-0.819103,-0.55647,0.139328,0.408781,-0.130797,-0.612134
993,-0.0548154,0.703949,0.699198,-0.12481,0.417952,-0.119708,-0.630846
994,-0.0888452,0.824953,0.550734,-0.127059,0.408475,-0.135389,-0.576896
995,-0.00405395,0.826859,0.544036,-0.142581,0.396815,-0.135687,-0.628634
996,-0.512113,0.13897,0.0274198,0.989917,0.429365,-0.119373,-0.576591
997,-0.428147,-0.208239,0.0280452,-0.977676,0.429087,-0.113215,-0.613004
998,-0.512782,-0.13079,-0.0364137,-0.990741,0.437772,-0.112843,-0.55769
999,-0.489414,-0.134845,-0.0181274,-0.990701,0.417924,-0.130458,-0.559195
1000,-0.00439688,-0.149999,-0.0075192,-0.988658,0.385554,-0.146173,-0.576054
1001,-0.00593136,0.138964,0.00875627,0.990259,0.395722,-0.143077,-0.559603
1002,-0.0029276,0.148803,0.00634692,0.988846,0.371966,-0.150126,-0.559013
1003,0.0968052,0.179196,-0.0297323,0.983364,0.386342,-0.143375,-0.609847
1004,0.154821,-0.275946,0.104197,-0.955509,0.399067,-0.119937,-0.683549
1005,0.136544,0.278038,-0.0930258,0.956055,0.412698,-0.113493,-0.667107
1006,0.173688,0.24393,-0.0923681,0.965384,0.392357,-0.131042,-0.663788
1007,0.227115,0.337638,-0.157101,0.928073,0.388993,-0.113665,-0.719024
1008,-0.30411,-0.625276,0.171071,-0.761423,0.363361,-0.0390145,-0.825587
1009,-0.339499,0.539297,-0.140584,0.830298,0.386004,-0.0484531,-0.793238
1010,-0.257672,0.616146,-0.217081,0.757126,0.345936,-0.048507,-0.84106
1011,-0.354844,0.652356,-0.128936,0.746865,0.354921,-0.0197109,-0.839995
1012,0.224756,-0.496349,0.200111,-0.844744,0.373711,-0.0754663,-0.792068
1013,0.186501,0.505876,-0.167981,0.846092,0.390091,-0.0666726,-0.77615
1014,0.259503,0.451959,-0.210902,0.866749,0.375636,-0.091937,-0.773414
1015,0.269939,0.573315,-0.242895,0.782504,0.352198,-0.0667392,-0.824629
1016,-0.020284,0.221621,0.973041,0.0638392,0.308917,-0.0197322,-0.883493
1017,0.0174815,-0.346838,-0.937885,0.00868183,0.319187,-0.0390445,-0.870305
1018,-0.00708196,-0.230711,-0.970271,-0.0731145,0.277644,-0.00989706,-0.908363
1019,-0.0927887,-0.156396,-0.986694,-0.0444456,0.327227,-0.00989107,-0.868656
1020,-0.165958,0.114982,0.993345,-0.00672518,0.394683,-0.0196557,-0.791141
1021,-0.130592,-0.254835,-0.965627,0.051221,0.40118,-0.038944,-0.775789
1022,-0.16193,-0.102212,-0.994729,-0.00823766,0.371067,-0.00986112,-0.822998
1023,-0.217091,-0.0654481,-0.997404,0.0300268,0.408364,-0.00979324,-0.77237
1024,-0.562664,-0.203587,-0.0768144,-0.976039,0.469344,-0.0383357,-0.606263
1025,-0.594631,0.0910342,0.104859,0.990312,0.472021,-0.0475686,-0.568128
1026,-0.543928,0.218747,0.0538803,0.974293,0.462753,-0.047906,-0.627338
1027,-0.588027,0.194901,0.0959935,0.976114,0.469182,-0.0191586,-0.622803
1028,-0.0765115,-0.115794,-0.0768703,-0.990294,0.461864,-0.0745619,-0.572185
1029,-0.0922158,0.101509,0.0918047,0.99059,0.467207,-0.0656611,-0.551324
1030,-0.0662283,0.12035,0.0628329,0.990741,0.454442,-0.0909427,-0.555058
1031,-0.0314508,0.218542,0.0344465,0.975219,0.460088,-0.0660397,-0.610064
1032,-0.262291,0.069393,0.994371,-0.0800705,0.452435,-0.0193868,-0.681458
1033,-0.235633,-0.208926,-0.972904,0.0990301,0.454759,-0.0386146,-0.665027
1034,-0.25984,-0.0413269,-0.996972,0.0658775,0.438307,-0.00967545,-0.717777
1035,-0.292565,-0.029454,-0.994724,0.0982649,0.460268,-0.00950109,-0.660309
1036,-0.321613,0.0639574,0.989065,-0.132889,0.477337,-0.0188724,-0.563011
1037,-0.311138,-0.199222,-0.971038,0.131891,0.475429,-0.0379944,-0.546585
1038,-0.317298,-0.0258148,-0.99189,0.124451,0.473768,-0.00926951,-0.601094
1039,-0.339308,-0.0306984,-0.989281,0.142758,0.478686,-0.00899599,-0.541032
1040,0.484805,0.349372,-0.254842,0.901662,0.303732,-0.1313,-0.801558
1041,0.512038,-0.333033,0.263675,-0.905298,0.284624,-0.136066,-0.810121
1042,0.454279,-0.410739,0.303116,-0.859892,0.302501,-0.120177,-0.822515
1043,0.393573,-0.315291,0.206175,-0.926328,0.3215,-0.136054,-0.770439
1044,0.438608,0.800217,0.579736,-0.153487,0.259017,-0.120182,-0.85914
1045,0.404966,-0.872604,-0.447629,0.195427,0.262959,-0.131304,-0.838586
1046,0.43277,-0.811472,-0.55637,0.178791,0.232346,-0.113823,-0.884931
1047,0.312843,-0.778126,-0.604658,0.170024,0.27945,-0.113822,-0.851633
1048,-0.135324,0.376778,-0.235626,0.895834,0.340778,-0.120151,-0.78037
1049,-0.0527184,-0.42755,0.288198,-0.856821,0.321731,-0.11381,-0.812312
1050,-0.152603,-0.388033,0.222331,-0.894427,0.358484,-0.113765,-0.767751
1051,-0.100261,-0.323938,0.199602,-0.924783,0.339315,-0.131272,-0.759454
1052,-0.0588056,0.26339,-0.142677,0.95408,0.30126,-0.146698,-0.758511
1053,0.0569118,-0.279287,0.178938,-0.943388,0.284777,-0.143767,-0.788535
1054,-0.0648827,-0.268901,0.140381,-0.952883,0.318874,-0.143751,-0.748979
1055,-0.0514635,-0.234654,0.0519141,-0.970692,0.29783,-0.150642,-0.736929
1056,0.213801,0.555712,0.829079,-0.0617468,0.288066,-0.0755302,-0.879167
1057,0.216271,-0.6567,-0.74391,0.123868,0.294711,-0.0920148,-0.861613
1058,0.20767,-0.563832,-0.821738,0.0827068,0.258761,-0.0667665,-0.905085
1059,0.118605,-0.514894,-0.854444,0.069357,0.308166,-0.0667645,-0.867936
1060,0.0667823,-0.577459,0.427463,-0.695569,0.246216,-0.0920162,-0.8969
1061,0.00341832,0.525468,-0.381849,0.760312,0.27428,-0.0997404,-0.870931
1062,0.106228,0.548536,-0.453443,0.702494,0.224715,-0.0997391,-0.903392
1063,0.00555274,0.646304,-0.425497,0.633437,0.237342,-0.0755269,-0.9135
1064,0.34875,0.742321,-0.3317,0.58218,0.269416,-0.0390478,-0.908934
1065,0.401192,-0.722964,0.376176,-0.579496,0.248461,-0.0485223,-0.919372
1066,0.302467,-0.783581,0.296524,-0.545962,0.257513,-0.0197309,-0.920692
1067,0.31463,-0.677943,0.298046,-0.671983,0.299816,-0.0485263,-0.883417
1068,0.351065,0.505419,-0.283545,0.814957,0.338099,-0.0919949,-0.820122
1069,0.387214,-0.48868,0.307049,-0.816647,0.319112,-0.0997291,-0.832112
1070,0.312597,-0.558778,0.277163,-0.781632,0.333799,-0.0755149,-0.838393
1071,0.291655,-0.440121,0.233251,-0.867114,0.358424,-0.0996898,-0.787704
1072,-0.283264,0.219912,-0.0680889,0.973141,0.355677,-0.146584,-0.67229
1073,-0.175637,-0.245936,0.103479,-0.963747,0.347502,-0.143699,-0.705427
1074,-0.279251,-0.215455,0.0672641,-0.974194,0.370148,-0.14358,-0.658746
1075,-0.280049,-0.202736,0.0240155,-0.978939,0.34685,-0.150529,-0.652308
1076,0.271423,0.287905,-0.145685,0.946513,0.369037,-0.131192,-0.713207
1077,0.286212,-0.284155,0.151072,-0.946801,0.352874,-0.136002,-0.726331
1078,0.249071,-0.33108,0.169324,-0.928286,0.373184,-0.120076,-0.733712
1079,0.185646,-0.244234,0.0972266,-0.96483,0.378135,-0.135885,-0.678759
1080,-0.0427746,-0.976345,-0.127409,0.174691,0.362579,-0.150371,-0.606325
1081,0.0357988,0.922773,0.348251,-0.164957,0.373896,-0.146425,-0.624987
1082,-0.029875,0.978614,0.126778,-0.161994,0.361438,-0.151274,-0.574144
1083,0.0670655,0.974734,0.123765,-0.185947,0.350003,-0.151472,-0.620103
1084,0.158195,-0.968981,-0.117707,0.217305,0.325118,-0.150608,-0.696129
1085,0.235968,0.922802,0.329181,-0.200191,0.331317,-0.146667,-0.71709
1086,0.169097,0.971067,0.119902,-0.206526,0.332475,-0.151585,-0.664485
1087,0.279595,0.96841,0.115485,-0.221009,0.309245,-0.151637,-0.706436
1088,0.248368,0.224718,-0.232715,0.946227,0.226346,-0.146723,-0.827893
1089,0.413637,-0.190701,0.274463,-0.942498,0.20266,-0.143781,-0.852489
1090,0.206498,-0.264669,0.222994,-0.938203,0.245836,-0.143777,-0.823259
1091,0.259409,-0.188454,0.0844525,-0.978444,0.228588,-0.150682,-0.80628
1092,0.774991,0.327735,-0.383471,0.863446,0.217659,-0.131306,-0.86989
1093,-0.705332,-0.93119,-0.34953,0.103506,0.196939,-0.136071,-0.873202
1094,0.720699,-0.413835,0.456305,-0.787735,0.211077,-0.120182,-0.889724
1095,0.656973,-0.325741,0.329235,-0.886283,0.24287,-0.136069,-0.844543
1096,0.407151,-0.969505,-0.104068,0.221879,0.265466,-0.150664,-0.773918
1097,0.481603,0.934194,0.293846,-0.202325,0.266078,-0.146713,-0.795715
1098,0.404532,0.968347,0.110291,-0.223919,0.280735,-0.151663,-0.745155
1099,0.556236,0.973952,0.10117,-0.202934,0.247466,-0.151687,-0.779849
1100,-0.755709,0.0863427,-0.103186,0.990907,0.187766,-0.150686,-0.833355
1101,-0.67228,-0.113222,0.287406,-0.951093,0.182711,-0.146727,-0.854511
1102,0.759223,0.987425,0.0844378,-0.133651,0.209957,-0.151699,-0.80972
1103,-0.563041,-0.0237092,0.106243,-0.994057,0.168827,-0.151701,-0.834299
1104,-0.343129,0.0654245,-0.179345,-0.981608,0.399938,0.130734,-0.629063
1105,-0.366874,-0.100704,0.185002,0.977565,0.396873,0.135338,-0.608905
1106,-0.326841,-0.0175356,0.215437,0.97636,0.416649,0.119658,-0.618475
1107,-0.436706,-0.0198011,0.221528,0.974953,0.383518,0.135615,-0.658511
1108,-0.442058,0.722334,-0.662182,0.19937,0.423693,0.119409,-0.56526
1109,-0.534464,-0.825147,0.527644,-0.201804,0.408791,0.130438,-0.577753
1110,-0.456357,-0.694839,0.686692,-0.213665,0.43081,0.112987,-0.531319
1111,-0.502743,-0.713191,0.678456,-0.176227,0.428486,0.113233,-0.585826
1112,0.679781,-0.7623,0.638722,-0.104562,0.401885,0.119842,-0.670412
1113,0.761297,0.732243,-0.668941,0.127819,0.418443,0.113427,-0.639432
1114,0.719771,0.748665,-0.659266,0.0697828,0.400613,0.11356,-0.691485
1115,0.662981,0.858905,-0.503844,0.0917818,0.383671,0.130954,-0.678903
1116,0.568709,-0.939295,0.304728,-0.157691,0.363068,0.146142,-0.646653
1117,0.676681,0.927725,-0.327072,0.179861,0.379169,0.143029,-0.618807
1118,0.607377,0.940941,-0.316455,0.120359,0.364353,0.143332,-0.666198
1119,0.548084,0.981,-0.110434,0.15951,0.343438,0.150131,-0.653699
1120,-0.400827,0.464415,-0.871129,0.159538,0.456606,0.0753851,-0.580297
1121,-0.467582,-0.581998,0.797962,-0.156637,0.445234,0.091708,-0.594013
1122,-0.412056,-0.425075,0.888569,-0.172502,0.462681,0.0667105,-0.54398
1123,-0.433838,-0.439937,0.886989,-0.140377,0.458271,0.0667192,-0.602103
1124,-0.685187,-0.129348,0.141788,0.98141,0.448524,0.0915756,-0.537481
1125,-0.754286,0.0490726,-0.185079,-0.981498,0.441862,0.0992865,-0.572737
1126,-0.698946,0.151114,-0.14261,-0.978175,0.442265,0.0991002,-0.516629
1127,-0.687564,0.107142,-0.152841,-0.982426,0.457971,0.0753225,-0.52244
1128,-0.157997,0.0353358,-0.153668,-0.987491,0.47253,0.0393293,-0.5506
1129,-0.166489,-0.0609844,0.158013,0.985552,0.469671,0.0487186,-0.528631
1130,-0.154693,-0.0142338,0.154839,0.987837,0.476722,0.0202619,-0.53493
1131,-0.184606,0.0718808,0.175852,0.981789,0.467205,0.0486553,-0.587755
1132,-0.262414,-0.101168,-0.212004,-0.972018,0.433869,0.0917945,-0.649589
1133,-0.286118,0.0649347,0.224763,0.972247,0.433652,0.0994236,-0.628058
1134,-0.242212,0.141988,0.213626,0.966542,0.447116,0.075413,-0.637349
1135,-0.324955,0.17972,0.256417,0.949711,0.417388,0.0995168,-0.682036
1136,0.438269,-0.959527,0.279277,-0.0362264,0.318762,0.146563,-0.734545
1137,0.543044,0.950821,-0.304446,0.0570292,0.342643,0.143534,-0.711467
1138,0.484859,0.956297,-0.292271,-0.00856794,0.314439,0.14366,-0.753861
1139,0.407198,0.994324,-0.0994814,0.0377326,0.297373,0.150555,-0.736564
1140,-0.467199,-0.108404,-0.245029,-0.963436,0.360123,0.131096,-0.726506
1141,-0.502972,0.0628352,0.256162,0.964589,0.362957,0.135804,-0.706174
1142,-0.433487,0.178948,0.287907,0.940791,0.379565,0.119964,-0.720308
1143,-0.56105,0.142935,0.284776,0.947878,0.335486,0.135923,-0.751115
1144,0.665643,0.0315843,0.0823318,0.996104,0.265711,0.150656,-0.77317
1145,-0.784408,0.963769,-0.265309,-0.027574,0.28735,0.146664,-0.773848
1146,0.681147,-0.0478589,-0.0907719,-0.994721,0.237263,0.151721,-0.788409
1147,0.749935,0.0120311,-0.0832235,-0.996458,0.271411,0.151645,-0.755202
1148,-0.771669,-0.989514,0.105132,-0.0990373,0.323465,0.150392,-0.696481
1149,-0.66014,0.951378,-0.291937,0.0982443,0.344192,0.146401,-0.691884
1150,-0.75212,0.992346,-0.0949962,0.0789,0.300527,0.151518,-0.718083
1151,-0.687542,0.985355,-0.10046,0.137781,0.323995,0.151312,-0.677842
1152,0.720696,-0.906566,0.326909,-0.266962,0.380351,0.145352,-0.551415
1153,-0.741241,-0.279817,0.0736916,0.957221,0.387891,0.142226,-0.520523
1154,0.753515,0.91171,-0.336782,0.235293,0.386984,0.142644,-0.570039
1155,0.706315,0.953751,-0.117105,0.276848,0.363875,0.149296,-0.562855
1156,-0.205173,0.224451,-0.105375,-0.968771,0.41032,0.130094,-0.525605
1157,-0.221976,-0.24998,0.11071,0.961901,0.401929,0.13462,-0.506651
1158,-0.19804,-0.197388,0.128667,0.971845,0.423315,0.119119,-0.511316
1159,-0.291638,-0.178594,0.145943,0.973039,0.402914,0.134992,-0.558101
1160,-0.649872,-0.969118,0.114174,-0.218576,0.356942,0.149753,-0.608922
1161,-0.547137,0.924322,-0.316132,0.213752,0.375157,0.145782,-0.599593
1162,-0.626751,0.97496,-0.105546,0.195738,0.341324,0.150988,-0.635183
1163,-0.568945,0.961251,-0.109524,0.252985,0.352293,0.150559,-0.590808
1164,-0.540536,-0.934339,0.118195,-0.336216,0.36433,0.148826,-0.516134
1165,-0.435811,0.885946,-0.335535,0.32018,0.378941,0.144927,-0.502705
1166,-0.513485,0.943788,-0.112839,0.310695,0.356803,0.150069,-0.545392
1167,-0.458219,0.921484,-0.11485,0.371049,0.35513,0.14961,-0.499551
1168,-0.270618,0.511117,0.240978,0.825039,0.370009,0.075441,-0.796312
1169,-0.214049,-0.552904,-0.194079,-0.810327,0.359091,0.0666759,-0.81625
1170,-0.325999,-0.450065,-0.264351,-0.852971,0.352624,0.091927,-0.802906
1171,-0.225027,-0.435473,-0.20382,-0.876824,0.395383,0.0666892,-0.76738
1172,-0.562881,-0.603926,0.780619,0.160958,0.311713,0.0919316,-0.846077
1173,-0.448525,0.475212,-0.871408,-0.121744,0.329899,0.0754343,-0.84179
1174,-0.564171,0.632717,-0.749958,-0.192956,0.279499,0.0996612,-0.866401
1175,-0.554789,0.648548,-0.752483,-0.114697,0.32352,0.0996592,-0.827131
1176,0.768079,0.620588,-0.784048,-0.0118036,0.387113,0.0918983,-0.755011
1177,0.70224,-0.653413,0.75588,0.0411904,0.361708,0.0996352,-0.782638
1178,0.718188,-0.648636,0.760641,-0.0263754,0.393255,0.0995847,-0.733885
1179,-0.765328,-0.394425,-0.240489,-0.886902,0.403404,0.0754383,-0.746346
1180,-0.618597,0.508194,0.126757,0.851863,0.399511,0.0389906,-0.777834
1181,-0.644968,-0.594364,-0.150126,-0.790059,0.374482,0.0484391,-0.807931
1182,-0.671128,-0.47682,-0.171883,-0.862032,0.409493,0.0484757,-0.75722
1183,-0.572548,-0.530342,-0.0838377,-0.843628,0.411183,0.0197049,-0.766054
1184,-0.780902,-0.878661,0.46304,0.116402,0.293278,0.131249,-0.811546
1185,-0.6533,0.791605,-0.603271,-0.0970857,0.31398,0.120107,-0.81046
1186,-0.776892,0.894569,-0.424724,-0.139126,0.26244,0.136042,-0.829205
1187,-0.72873,0.895374,-0.440401,-0.0659705,0.301731,0.136001,-0.792452
1188,0.543297,-0.785017,0.594086,0.175526,0.272227,0.120128,-0.848619
1189,0.633622,0.760934,-0.632073,-0.1465,0.303897,0.113755,-0.829673
1190,0.616531,0.745697,-0.625522,-0.229472,0.259635,0.113762,-0.866401
1191,0.48508,0.870977,-0.450918,-0.195118,0.251471,0.131274,-0.847066
1192,-0.765998,0.155023,0.240157,0.958276,0.250622,0.146723,-0.808918
1193,-0.719119,-0.210094,-0.23266,-0.949595,0.241151,0.143779,-0.826531
1194,0.766734,-0.992456,0.0875709,0.0858021,0.229161,0.150714,-0.805507
1195,-0.66034,-0.139488,-0.215675,-0.966451,0.280363,0.143738,-0.792498
1196,-0.475086,0.273074,0.314915,0.908988,0.350018,0.120051,-0.76734
1197,-0.428118,-0.324444,-0.291081,-0.900004,0.342686,0.11372,-0.787651
1198,-0.51912,-0.193101,-0.270788,-0.943072,0.329765,0.13119,-0.771055
1199,-0.395046,-0.225601,-0.269314,-0.936256,0.375182,0.113652,-0.741202
1200,-0.66335,0.24548,0.160556,0.956013,0.452663,0.0391263,-0.668058
1201,-0.688334,-0.34809,-0.183092,-0.919408,0.436963,0.0485236,-0.702904
1202,-0.696027,-0.213488,-0.185047,-0.95926,0.456327,0.0485841,-0.646083
1203,-0.636452,-0.27062,-0.140148,-0.95243,0.460793,0.0199238,-0.653867
1204,-0.261438,0.270778,0.231451,0.934403,0.429274,0.0754277,-0.692997
1205,-0.225396,-0.309051,-0.203853,-0.928941,0.424406,0.0666992,-0.714675
1206,-0.292631,-0.221378,-0.23682,-0.945996,0.414413,0.0918531,-0.703543
1207,-0.216587,-0.178656,-0.19572,-0.964249,0.445495,0.0667099,-0.659251
1208,-0.352761,0.150361,-0.979622,0.133163,0.473026,0.0200842,-0.594806
1209,-0.39569,-0.280581,0.951325,-0.127498,0.466882,0.0392235,-0.609833
1210,-0.360102,-0.108552,0.983581,-0.144167,0.477542,0.0104487,-0.557057
1211,-0.349686,-0.11452,0.986544,-0.116688,0.470601,0.0102424,-0.616864
1212,-0.327956,0.14949,-0.986912,0.0604778,0.440024,0.0197974,-0.711305
1213,-0.387482,-0.2875,0.957107,-0.0359083,0.430071,0.0390491,-0.724415
1214,-0.333227,-0.114437,0.990218,-0.0798217,0.455046,0.0100694,-0.675603
1215,-0.307099,-0.1056,0.993777,-0.0354287,0.431118,0.00993829,-0.73233
1216,-0.534031,0.73073,0.0494335,0.680874,0.317395,0.038936,-0.871531
1217,-0.562352,-0.79841,-0.0738189,-0.597572,0.285049,0.0484151,-0.894403
1218,-0.609623,-0.702979,-0.118311,-0.701301,0.332723,0.0484191,-0.853971
1219,-0.467688,-0.741224,0.0167509,-0.671049,0.331816,0.019621,-0.863087
1220,-0.245626,0.719204,0.219229,0.659306,0.283868,0.075431,-0.881862
1221,-0.167046,-0.761682,-0.15137,-0.630022,0.267925,0.0666646,-0.898481
1222,-0.329699,-0.653669,-0.266817,-0.708185,0.265232,0.0919303,-0.883754
1223,-0.194536,-0.663122,-0.176297,-0.727453,0.31632,0.0666646,-0.860223
1224,-0.264158,0.104784,-0.99383,-0.036356,0.374836,0.0196477,-0.816989
1225,-0.338352,-0.248932,0.964908,0.0835771,0.361693,0.038952,-0.82722
1226,-0.269176,-0.0828853,0.996466,0.0136371,0.399297,0.00984911,-0.785921
1227,-0.218582,-0.0446475,0.996838,0.065733,0.360287,0.00979987,-0.835295
1228,-0.139497,-0.0147373,-0.990239,-0.138599,0.282938,0.0196151,-0.903387
1229,-0.231297,-0.130269,0.968984,0.210001,0.267508,0.0389353,-0.909894
1230,-0.152794,0.0149227,0.993025,0.116954,0.314901,0.0097799,-0.879451
1231,-0.064537,0.102712,0.981263,0.163014,0.263991,0.00977924,-0.917462
1232,0.511009,-0.898372,-0.438464,-0.0260246,0.0605668,0.0755455,-0.747165
1233,0.454551,0.916282,0.397945,0.0454631,0.0681127,0.066793,-0.74068
1234,0.493681,0.921792,0.386815,-0.0259542,0.0766868,0.0920534,-0.75291
1235,0.538026,0.885211,0.462232,-0.052374,0.0369622,0.0667451,-0.748394
1236,0.649128,-0.223111,0.718827,-0.658415,0.107996,0.0920793,-0.740772
1237,0.623679,0.269624,-0.790118,0.550469,0.0912701,0.0755794,-0.737181
1238,0.620866,0.171466,-0.688975,0.70421,0.131656,0.0998056,-0.734704
1239,0.605659,0.247523,-0.6965,0.673513,0.100958,0.0998009,-0.750017
1240,-0.0589882,-0.881025,-0.450783,0.143492,0.0437701,0.0919962,-0.761623
1241,-0.110122,0.906889,0.418267,-0.05104,0.068498,0.0997617,-0.761116
1242,0.0118804,0.847633,0.497135,-0.185404,0.0342271,0.0996971,-0.769549
1243,-0.0575238,0.853725,0.514077,-0.0829329,0.0283542,0.0754876,-0.754646
1244,-0.201691,-0.89928,-0.43604,-0.0341189,0.0296958,0.0390212,-0.739702
1245,-0.227683,0.902883,0.416236,0.107472,0.0524559,0.0485316,-0.737545
1246,-0.138872,0.871326,0.490356,0.0184797,0.0217479,0.0484823,-0.744066
1247,-0.235384,0.901022,0.429044,0.0638794,0.0147165,0.0196883,-0.737434
1248,0.578735,-0.136296,0.469411,-0.872397,0.128783,0.131377,-0.773945
1249,0.556312,0.205177,-0.589987,0.780908,0.110692,0.120247,-0.766569
1250,0.53867,0.0883209,-0.448946,0.889183,0.155367,0.136143,-0.768071
1251,0.490307,0.157609,-0.462908,0.872282,0.120127,0.136138,-0.786126
1252,-0.0621223,0.922367,0.368204,0.116896,0.143457,0.120252,-0.749888
1253,-0.117813,-0.941516,-0.334747,-0.0386148,0.118405,0.113893,-0.755728
1254,-0.0845271,-0.925236,-0.354725,-0.134568,0.149671,0.113886,-0.738109
1255,-0.0364995,-0.956229,-0.283186,-0.0737044,0.162327,0.131371,-0.754855
1256,0.597155,-0.980911,-0.194192,0.0101673,0.167054,0.146798,-0.788493
1257,0.572453,0.982396,0.186073,0.0165581,0.174963,0.143846,-0.774099
1258,0.602324,0.996787,0.0686525,-0.041258,0.187242,0.150752,-0.79507
1259,0.509614,0.984241,0.168497,-0.0536554,0.138801,0.143854,-0.794646
1260,0.539417,-0.929139,-0.353727,0.1076,0.075976,0.120205,-0.778783
1261,0.500838,0.939127,0.333299,-0.0833836,0.0850559,0.113863,-0.769065
1262,0.480258,0.961563,0.249558,-0.114535,0.0929558,0.131349,-0.788468
1263,0.60465,0.892827,0.392744,-0.220482,0.0498752,0.113805,-0.77876
1264,-0.0517171,-0.77936,-0.559785,0.281493,-0.0310387,0.03891,-0.738548
1265,-0.0944782,0.821447,0.525065,-0.222557,-0.00897202,0.0484244,-0.744024
1266,0.0171343,0.735777,0.612548,-0.288821,-0.0394917,0.0483732,-0.739906
1267,-0.0737467,0.790235,0.563285,-0.241327,-0.0447377,0.0195771,-0.731832
1268,0.642226,-0.780254,-0.540038,0.315536,-0.00374866,0.0754283,-0.75538
1269,0.564537,0.820283,0.488961,-0.296736,0.00506565,0.0666839,-0.751956
1270,0.616357,0.79082,0.474989,-0.385992,0.00999687,0.0919329,-0.765997
1271,0.690689,0.723776,0.57773,-0.377328,-0.0262393,0.066632,-0.748807
1272,-0.644506,-0.689272,-0.64046,0.338698,-0.0736681,0.0195365,-0.723926
1273,-0.622444,0.672024,0.634583,-0.381691,-0.0609694,0.0388654,-0.732381
1274,-0.586431,0.616541,0.667669,-0.417248,-0.0937304,0.00968408,-0.714131
1275,-0.689512,0.731893,0.588303,-0.343848,-0.0658893,0.00971136,-0.724734
1276,0.740121,0.4994,-0.862148,0.0854462,-0.0151776,0.0196317,-0.736692
1277,0.757595,-0.509856,0.847768,-0.146069,-0.000897734,0.0389653,-0.742386
1278,-0.784495,0.825301,0.509267,-0.243978,-0.0369509,0.00975794,-0.731613
1279,0.697121,-0.448471,0.890796,-0.0731878,-0.00751129,0.00981584,-0.736104
1280,-0.313197,-0.9081,-0.33732,-0.248134,0.0885743,0.039095,-0.723185
1281,-0.271439,0.853951,0.377746,0.357876,0.110114,0.0485801,-0.71597
1282,-0.265409,0.891864,0.383048,0.240528,0.081984,0.0485662,-0.728677
1283,-0.373509,0.910619,0.300407,0.283776,0.07336,0.0197721,-0.724232
1284,0.492868,-0.864945,-0.422361,-0.271074,0.1204,0.075588,-0.72322
1285,0.453843,0.873358,0.395874,0.283779,0.126016,0.0668203,-0.714952
1286,0.510239,0.894699,0.396722,0.205245,0.137423,0.0920747,-0.724602
1287,0.435646,0.907286,0.381985,0.17584,0.0979083,0.066819,-0.729731
1288,0.579698,0.30504,-0.918775,0.250607,0.0444595,0.0197348,-0.732043
1289,0.622177,-0.315228,0.894459,-0.317135,0.059689,0.0390651,-0.732992
1290,0.608619,-0.341495,0.918078,-0.201282,0.0222471,0.00986841,-0.734329
1291,0.543369,-0.260663,0.944518,-0.199849,0.0515402,0.009913,-0.728775
1292,0.485046,0.149694,-0.946558,0.285691,0.101029,0.0197901,-0.712666
1293,0.582219,-0.189987,0.90702,-0.375792,0.11595,0.039101,-0.709648
1294,0.483867,-0.178551,0.959747,-0.216806,0.0799789,0.00994628,-0.720034
1295,0.423528,-0.0968046,0.972369,-0.212431,0.107069,0.00995892,-0.707646
1296,-0.719506,0.804065,-0.354695,0.477148,-0.0218325,0.131224,-0.80252
1297,-0.710003,-0.808764,0.350419,-0.472342,-0.0354908,0.135989,-0.808667
1298,-0.681747,-0.818724,0.431756,-0.37852,-0.0338151,0.120067,-0.787046
1299,-0.758386,-0.748324,0.369392,-0.550964,0.00382319,0.136024,-0.811775
1300,-0.693764,-0.512628,-0.519397,0.683695,-0.0701291,0.120032,-0.780185
1301,-0.716819,0.555599,0.38105,-0.738993,-0.0602634,0.131191,-0.797069
1302,-0.631132,0.447627,0.506135,-0.737195,-0.0920414,0.113643,-0.766526
1303,-0.58316,0.498697,0.528295,-0.687173,-0.0573392,0.113673,-0.77631
1304,0.144471,0.698634,0.477549,-0.532782,0.00269121,0.120106,-0.790051
1305,0.210345,-0.612605,-0.511174,0.60284,-0.0216308,0.113711,-0.781557
1306,0.0476923,-0.764465,-0.427915,0.482164,0.0137103,0.113752,-0.783875
1307,0.124195,-0.736242,-0.351559,0.578233,0.0161626,0.131262,-0.804795
1308,0.286196,0.646188,0.257512,-0.718421,0.00366747,0.1467,-0.835176
1309,0.281503,-0.603259,-0.257325,0.754892,-0.0235507,0.143729,-0.825349
1310,0.216932,-0.697449,-0.240617,0.675033,0.017383,0.143761,-0.827749
1311,0.282123,-0.670732,-0.088098,0.73645,0.0174835,0.150679,-0.851922
1312,-0.556605,-0.534401,-0.68691,0.492514,-0.0674599,0.0753451,-0.745031
1313,-0.548453,0.524269,0.61592,-0.588035,-0.0564016,0.0918498,-0.758107
1314,-0.470092,0.44402,0.706227,-0.551443,-0.087996,0.0665628,-0.733629
1315,-0.574256,0.595086,0.643896,-0.480906,-0.0576014,0.0665914,-0.743219
1316,0.297996,-0.369203,-0.659191,0.655101,-0.0887553,0.0918171,-0.748577
1317,0.269554,0.474771,0.642566,-0.601416,-0.0676841,0.0995647,-0.761111
1318,0.343192,0.327287,0.676385,-0.659839,-0.100323,0.0995367,-0.750116
1319,0.314461,0.374146,0.74418,-0.553363,-0.0980088,0.0753199,-0.734171
1320,-0.749472,0.738768,-0.658204,-0.144878,-0.0898979,0.0388388,-0.722402
1321,-0.666542,-0.793756,0.59149,0.141743,-0.0984713,0.048314,-0.721577
1322,-0.753551,-0.716794,0.671923,0.18635,-0.101365,0.0195179,-0.712347
1323,-0.776753,-0.741851,0.670556,-0.00348792,-0.0695641,0.0483339,-0.732642
1324,0.76804,0.665373,0.565748,-0.487041,-0.0230836,0.0918884,-0.763381
1325,-0.717382,-0.791151,0.528224,-0.308318,-0.0338723,0.0996026,-0.767817
1326,0.777926,-0.669085,-0.628007,0.397407,-0.0357543,0.0753818,-0.751859
1327,0.707033,-0.739497,-0.526023,0.420052,0.000177019,0.0996432,-0.770945
1328,-0.0593885,0.972154,0.164206,-0.167194,0.0887134,0.146772,-0.822155
1329,-0.0128672,-0.945523,-0.177368,0.272996,0.059313,0.143801,-0.821743
1330,-0.0920578,-0.978509,-0.154387,0.136691,0.100156,0.143835,-0.810317
1331,-0.0390385,-0.981596,-0.0570352,0.182251,0.106554,0.150745,-0.833686
1332,0.574118,0.921383,0.292121,-0.256356,0.0550753,0.131305,-0.799114
1333,0.653748,-0.888497,-0.327648,0.321278,0.0430786,0.136064,-0.809596
1334,0.682162,-0.859627,-0.432662,0.271745,0.0391782,0.12015,-0.788137
1335,0.507132,-0.955767,-0.261237,0.135148,0.082752,0.136105,-0.799423
1336,0.519229,-0.110498,0.104865,-0.988329,0.148219,0.150761,-0.817012
1337,0.440389,0.130177,-0.29803,0.945639,0.129034,0.146796,-0.807882
1338,0.494357,0.0853774,-0.0994288,0.991375,0.178175,0.151774,-0.810352
1339,0.430379,0.151252,-0.103833,0.983027,0.137182,0.151772,-0.830978
1340,0.544931,-0.385901,0.0999571,-0.917109,0.0625719,0.150712,-0.845688
1341,0.533153,0.457086,-0.271223,0.84706,0.0459568,0.146736,-0.832916
1342,0.405331,0.253736,-0.105794,0.961471,0.093769,0.15175,-0.846046
1343,0.674131,0.609825,-0.0802265,0.788465,0.0478142,0.151716,-0.857268
1344,0.176444,0.587601,0.231779,-0.775244,-0.0807748,0.14667,-0.824091
1345,0.0544626,-0.58322,-0.198476,0.787694,-0.105182,0.143709,-0.808506
1346,0.177901,-0.5864,-0.23183,0.776138,-0.064947,0.143712,-0.819549
1347,0.204328,-0.581147,-0.0819694,0.80966,-0.0710808,0.150659,-0.842967
1348,0.619088,0.592744,0.312659,-0.742226,-0.0976288,0.131174,-0.786786
1349,0.595619,-0.611874,-0.301755,0.731132,-0.112386,0.135959,-0.789305
1350,0.647364,-0.59441,-0.413545,0.689678,-0.105207,0.120011,-0.76875
1351,0.746219,-0.588044,-0.365152,0.721712,-0.0745972,0.135966,-0.801445
1352,-0.764642,0.606997,0.0904675,-0.789538,-0.026584,0.150662,-0.849313
1353,0.741594,0.799366,-0.233774,0.553502,-0.0386731,0.146677,-0.831854
1354,0.765389,0.76926,-0.0826511,0.633568,0.00235448,0.151693,-0.859554
1355,0.68958,0.802344,-0.0843089,0.590877,-0.0431638,0.151687,-0.855883
1356,0.603542,-0.8271,0.100815,-0.55294,-0.114301,0.150659,-0.830906
1357,0.520868,0.808521,-0.285417,0.514618,-0.121438,0.14667,-0.810951
1358,0.589723,0.819591,-0.0931881,0.56532,-0.0883507,0.151687,-0.847337
1359,0.486445,0.8346,-0.101359,0.541451,-0.131974,0.151687,-0.832973
1360,0.00547242,-0.994567,-0.00347945,-0.104039,0.0218657,-0.131276,-0.802552
1361,0.00122884,0.995114,0.000906282,0.098725,0.0355301,-0.136045,-0.808691
1362,0.022167,0.993187,0.015751,0.115461,0.033857,-0.120129,-0.7871
1363,0.0482641,0.996475,0.026177,0.0797051,-0.00380056,-0.136058,-0.811796
1364,-0.0649489,-0.0822285,0.684297,0.724552,0.0701917,-0.120102,-0.780257
1365,-0.0320478,0.0901988,-0.536862,-0.838835,0.0603173,-0.131257,-0.797113
1366,-0.0629596,0.0853671,-0.680127,-0.728107,0.0921213,-0.113712,-0.766622
1367,0.0457834,0.0975151,-0.689729,-0.717471,0.0573958,-0.113743,-0.776384
1368,-0.546894,-0.994144,-0.0519616,-0.0947516,-0.00266592,-0.120157,-0.7901
1369,-0.589083,0.991468,0.0229536,0.128314,0.0216694,-0.113771,-0.781618
1370,-0.529355,0.991995,0.0601286,0.111045,-0.013689,-0.113807,-0.783933
1371,-0.529121,0.995831,0.0298519,0.0861951,-0.0161446,-0.131296,-0.804827
1372,-0.509036,-0.997293,-0.0124627,-0.0724694,-0.00364684,-0.146723,-0.835178
1373,-0.558633,0.996075,-0.00319583,0.0884562,0.023584,-0.143772,-0.825357
1374,-0.510657,0.99741,0.0119988,0.070918,-0.0173671,-0.143778,-0.827757
1375,-0.484919,0.997655,0.00364198,0.068343,-0.0174689,-0.15069,-0.851922
1376,0.129624,-0.103643,0.893176,0.437601,0.0675464,-0.0753898,-0.745113
1377,0.130529,0.111496,-0.812926,-0.571594,0.0564728,-0.0919064,-0.758187
1378,0.118126,0.0878418,-0.900184,-0.426559,0.0881044,-0.0666001,-0.733712
1379,0.224445,0.134076,-0.903813,-0.406381,0.0576773,-0.0666294,-0.743297
1380,0.785193,-0.0851186,0.805155,0.586925,0.0888504,-0.0918757,-0.748675
1381,-0.705358,-0.978394,0.0400027,-0.202843,0.0677587,-0.0996293,-0.761198
1382,0.758349,0.0633153,-0.794355,-0.604145,0.100417,-0.0995987,-0.750225
1383,-0.784994,-0.942572,0.100659,-0.318474,0.0981226,-0.0753631,-0.734263
1384,-0.00970127,-0.910959,0.00898078,-0.412399,0.0899931,-0.0388675,-0.72248
1385,-0.0585128,0.926231,-0.0553414,0.372872,0.0985831,-0.0483426,-0.721656
1386,0.0318842,0.907013,0.031708,0.419908,0.101453,-0.0195452,-0.712425
1387,0.0509459,0.958466,0.0498466,0.280818,0.0696453,-0.0483646,-0.73272
1388,0.0690118,-0.985695,-0.0573551,-0.15848,0.0231288,-0.091943,-0.763457
1389,0.0529355,0.989677,0.0435577,0.136534,0.0339223,-0.0996625,-0.767891
1390,0.0942376,0.983368,0.0853614,0.160315,0.0358102,-0.0754264,-0.751938
1391,0.110642,0.989265,0.0905065,0.114731,-0.00014707,-0.0997018,-0.771017
1392,-0.236335,-0.994186,-0.107674,-0.00103353,-0.0886821,-0.146776,-0.822158
1393,-0.285493,0.995677,0.0907046,0.0199846,-0.0592917,-0.143807,-0.821751
1394,-0.243122,0.994332,0.106172,-0.00562898,-0.100107,-0.143841,-0.810314
1395,-0.20921,0.999177,0.0379475,0.014304,-0.106528,-0.150746,-0.833686
1396,0.271263,-0.989505,-0.144492,-0.00147443,-0.0550426,-0.131332,-0.799138
1397,0.270102,0.989542,0.144226,0.00231762,-0.043058,-0.136084,-0.809618
1398,0.282961,0.981161,0.192154,-0.0199888,-0.0391523,-0.120194,-0.788181
1399,0.320672,0.985181,0.169671,-0.0251043,-0.0827014,-0.13612,-0.799428
1400,0.399676,-0.00877443,-0.111329,-0.993745,-0.148161,-0.150762,-0.817005
1401,0.324422,-0.0149728,0.316067,0.948619,-0.128974,-0.146799,-0.807869
1402,0.38585,0.0229011,0.106458,0.994053,-0.178102,-0.151775,-0.81033
1403,0.284732,-0.00560102,0.112318,0.993657,-0.137141,-0.151773,-0.830978
1404,0.192731,0.0437165,-0.118583,-0.991981,-0.0625619,-0.150713,-0.845688
1405,0.114838,-0.0576103,0.337622,0.939517,-0.0459448,-0.146739,-0.832921
1406,0.181208,-0.0321606,0.117518,0.99255,-0.093755,-0.15175,-0.846046
1407,0.0746437,-0.0565824,0.120243,0.991131,-0.0478062,-0.151718,-0.857268
1408,-0.678696,-0.99341,0.044306,-0.105701,0.0808527,-0.146698,-0.824099
1409,0.768977,-0.0847621,0.336061,0.938018,0.105291,-0.14373,-0.808524
1410,-0.673671,0.993079,-0.0413075,0.10994,0.0650089,-0.143756,-0.819562
1411,-0.654334,0.99549,-0.0159678,0.0935128,0.071144,-0.150676,-0.842967
1412,-0.216779,-0.978734,0.114728,-0.170052,0.09772,-0.131224,-0.786844
1413,-0.233214,0.980181,-0.123608,0.154813,0.112501,-0.13599,-0.789348
1414,-0.195634,0.968969,-0.13223,0.208839,0.1053,-0.120068,-0.76884
1415,-0.109084,0.989594,-0.0577913,0.131769,0.0746664,-0.136022,-0.801482
1416,-0.0280848,0.0839734,-0.122671,-0.988888,0.0266159,-0.150687,-0.849313
1417,-0.102791,-0.0827327,0.347782,0.933918,0.0387137,-0.146717,-0.831859
1418,-0.0352038,-0.076876,0.122898,0.989437,-0.00233584,-0.151708,-0.859554
1419,-0.152577,-0.0889169,0.123804,0.988315,0.0432024,-0.151703,-0.855883
1420,-0.292721,0.0789135,-0.118789,-0.989779,0.114416,-0.150664,-0.830912
1421,-0.363803,-0.067527,0.336607,0.939221,0.121569,-0.146679,-0.810966
1422,-0.283987,-0.0874547,0.123343,0.988503,0.0884292,-0.151693,-0.847337
1423,-0.443274,-0.058309,0.119321,0.991142,0.132107,-0.151689,-0.832997
1424,0.393074,0.935131,0.343344,-0.0874377,-0.0605156,-0.0755588,-0.747142
1425,0.415029,-0.928455,-0.365521,0.0660672,-0.0680581,-0.0668044,-0.740635
1426,0.373246,-0.953338,-0.297621,0.0506867,-0.0766262,-0.0920654,-0.752871
1427,0.348782,-0.950401,-0.308557,0.0391115,-0.0369236,-0.0667631,-0.748414
1428,0.639414,0.21412,-0.7221,-0.657817,-0.107925,-0.0920874,-0.740694
1429,0.63248,-0.277481,0.785984,0.552479,-0.0912062,-0.0755907,-0.737109
1430,0.643869,-0.191886,0.678987,0.70863,-0.131579,-0.0998129,-0.734611
1431,0.542044,-0.189267,0.720499,0.667128,-0.100888,-0.0998076,-0.749949
1432,-0.335222,0.967728,0.250671,-0.0258191,-0.0437301,-0.0920301,-0.761653
1433,-0.295243,-0.956264,-0.28455,0.0677588,-0.0684415,-0.0997823,-0.7611
1434,-0.352305,-0.969936,-0.240096,0.0397318,-0.0341971,-0.0997451,-0.769602
1435,-0.341556,-0.955296,-0.289917,0.057941,-0.0283229,-0.0755175,-0.754696
1436,-0.276277,0.92662,0.371291,-0.0593138,-0.0296579,-0.0390318,-0.739702
1437,-0.241194,-0.907324,-0.404812,0.113539,-0.052408,-0.0485442,-0.737509
1438,-0.311684,-0.93605,-0.342602,0.0802144,-0.021716,-0.0484963,-0.744099
1439,-0.27737,-0.916657,-0.392319,0.0763329,-0.0146832,-0.0196949,-0.737438
1440,0.494365,0.0548138,-0.488997,-0.870561,-0.128706,-0.131381,-0.773877
1441,0.457955,-0.112397,0.62095,0.77575,-0.110617,-0.120253,-0.766504
1442,0.484679,-0.0369798,0.463257,0.885452,-0.155284,-0.136143,-0.767969
1443,0.382391,-0.0530357,0.488847,0.870756,-0.120054,-0.136143,-0.786086
1444,-0.0866727,-0.925131,-0.353876,0.137491,-0.143375,-0.120253,-0.749784
1445,-0.177949,0.950763,0.297748,-0.0860024,-0.118329,-0.113897,-0.755646
1446,-0.074717,0.923998,0.360488,-0.127578,-0.149588,-0.113889,-0.738003
1447,-0.0641634,0.957602,0.270495,-0.0991477,-0.162241,-0.131371,-0.754733
1448,0.522046,0.98308,0.17194,-0.0631755,-0.166974,-0.146799,-0.78843
1449,0.518176,-0.982976,-0.169881,0.069995,-0.174877,-0.143847,-0.773996
1450,0.518281,-0.997238,-0.0598568,0.0439811,-0.187159,-0.150754,-0.795014
1451,0.414056,-0.989595,-0.138699,0.0382617,-0.138729,-0.143857,-0.79461
1452,0.335725,0.972799,0.226772,-0.0472984,-0.0759188,-0.12023,-0.778781
1453,0.342025,-0.971877,-0.232514,0.0373022,-0.0849907,-0.11388,-0.769036
1454,0.321145,-0.985123,-0.170271,0.0232615,-0.0928932,-0.131365,-0.788458
1455,0.287535,-0.980497,-0.196105,0.0129489,-0.0498366,-0.113847,-0.778794
1456,-0.480588,0.960485,0.180894,0.211531,0.0310866,-0.0389347,-0.738622
1457,-0.449845,-0.966262,-0.211259,-0.147334,0.00900929,-0.0484477,-0.744096
1458,-0.525549,-0.97279,-0.14363,-0.181797,0.0395469,-0.0484018,-0.739984
1459,-0.461512,-0.95478,-0.216646,-0.203619,0.0447902,-0.0195998,-0.731903
1460,0.158146,0.980356,0.143139,0.135694,0.00378326,-0.075471,-0.755459
1461,0.187292,-0.971175,-0.171225,-0.165835,-0.0050357,-0.0667165,-0.752032
1462,0.1286,-0.984306,-0.106606,-0.140633,-0.00997091,-0.0919869,-0.766073
1463,0.119093,-0.97562,-0.108931,-0.190523,0.0262885,-0.0666693,-0.748885
1464,0.352638,-0.183763,0.973768,0.134186,0.0737367,-0.0195638,-0.724003
1465,0.327511,0.165061,-0.963012,-0.212985,0.0610366,-0.0388941,-0.732459
1466,0.344252,0.155729,-0.984008,-0.0864662,0.0938056,-0.00971205,-0.714209
1467,0.431829,0.222895,-0.971934,-0.0752466,0.0659506,-0.00973667,-0.724809
1468,0.524957,-0.304765,0.944311,0.12408,0.0152156,-0.019645,-0.73674
1469,0.509134,0.284709,-0.938254,-0.196518,0.000929679,-0.0389819,-0.742445
1470,0.510192,0.284549,-0.954653,-0.0875769,0.0369988,-0.00977594,-0.731671
1471,0.586219,0.348028,-0.932659,-0.0949988,0.00754457,-0.00982252,-0.73613
1472,-0.10165,0.837071,0.520049,-0.169883,-0.0885104,-0.0391177,-0.723087
1473,-0.0399422,-0.782758,-0.569471,0.250981,-0.110043,-0.0486055,-0.715854
1474,-0.142897,-0.851883,-0.487603,0.191152,-0.0819241,-0.0485842,-0.728593
1475,-0.101159,-0.81691,-0.540984,0.199984,-0.0732995,-0.0197948,-0.724147
1476,0.597652,0.839064,0.502295,-0.208978,-0.120328,-0.0756047,-0.723116
1477,0.621045,-0.829777,-0.525404,0.188203,-0.125942,-0.0668417,-0.714833
1478,0.580585,-0.881392,-0.445549,0.156952,-0.137345,-0.092086,-0.724499
1479,0.515798,-0.884703,-0.446355,0.134419,-0.0978431,-0.066835,-0.729643
1480,0.702986,-0.41634,0.868754,0.268193,-0.0444122,-0.0197488,-0.731995
1481,0.701539,0.387233,-0.862183,-0.326635,-0.0596371,-0.0390798,-0.732934
1482,0.676574,0.403792,-0.891294,-0.206269,-0.0222085,-0.00987643,-0.734306
1483,0.769561,0.465786,-0.855039,-0.227928,-0.0514883,-0.00993033,-0.728714
1484,-0.669435,0.737639,0.622405,-0.261727,-0.100957,-0.0198187,-0.712569
1485,-0.667906,-0.764673,-0.602221,0.229357,-0.115875,-0.039129,-0.709533
1486,-0.703462,-0.795368,-0.578405,0.18121,-0.0799137,-0.00997225,-0.719949
1487,-0.598575,-0.711243,-0.659812,0.24245,-0.106995,-0.00998756,-0.707559
1488,0.272808,-0.934568,0.243444,-0.259458,0.0639887,-0.0754956,-0.972894
1489,0.389743,0.887155,-0.346666,0.304596,0.0871495,-0.0667338,-0.973335
1490,0.161879,0.962018,-0.133393,0.238174,0.0785887,-0.0919949,-0.961105
1491,0.299238,0.939907,-0.267773,0.211828,0.025619,-0.0667159,-0.981733
1492,0.354659,-0.665309,-0.685308,0.296171,0.137226,-0.0920055,-0.947032
1493,0.279027,0.544665,0.802906,-0.242245,0.124324,-0.0755089,-0.960713
1494,0.529034,0.764629,0.624208,-0.160333,0.171196,-0.0997357,-0.929159
1495,-0.152099,0.1712,0.813964,-0.555115,0.114651,-0.0997298,-0.947865
1496,-0.281443,-0.968859,0.159836,-0.189113,0.0188172,-0.0919689,-0.968459
1497,-0.365339,0.974129,-0.0969535,0.204139,0.0560668,-0.0997131,-0.958919
1498,-0.299515,0.973344,-0.148429,0.174843,-0.00290216,-0.0996832,-0.964544
1499,-0.222426,0.954034,-0.231782,0.189988,0.00296938,-0.075471,-0.979483
1500,-0.0698962,-0.901833,0.383345,-0.199357,0.0328715,-0.0389932,-0.990476
1501,-0.063917,0.882957,-0.392278,0.257885,0.072085,-0.0484823,-0.982533
1502,-0.121952,0.922782,-0.337625,0.185697,0.0095663,-0.048465,-0.990116
1503,-0.0350059,0.892766,-0.426515,0.1451,0.0165818,-0.0196736,-0.995925
1504,-0.391914,-0.0369695,-0.537062,0.842732,0.116465,-0.131302,-0.913696
1505,-0.26634,0.06232,0.684367,-0.726469,0.10493,-0.120175,-0.931228
1506,-0.494424,-0.0591737,0.497864,-0.865234,0.147522,-0.136071,-0.895676
1507,-0.247792,0.0725275,0.532025,-0.843617,0.0954939,-0.136066,-0.91151
1508,0.538189,0.247105,-0.590128,0.768563,0.159415,-0.120181,-0.913925
1509,-0.688853,-0.981769,-0.149047,-0.117961,0.126833,-0.113819,-0.932044
1510,0.34934,-0.419264,0.515942,-0.747008,0.181203,-0.113822,-0.911872
1511,0.580865,-0.177838,0.476685,-0.860898,0.168568,-0.131306,-0.895089
1512,-0.329037,-0.991973,-0.111603,-0.0594541,0.135837,-0.146726,-0.875208
1513,-0.396784,0.990731,0.135721,0.00564478,0.155944,-0.143781,-0.875811
1514,-0.338976,0.998597,0.0411164,0.0333618,0.143666,-0.150686,-0.854852
1515,-0.165239,0.993896,0.0576467,0.0940659,0.106444,-0.143779,-0.892887
1516,0.0520332,-0.985869,0.0363129,-0.163533,0.0485881,-0.120157,-0.941126
1517,0.0446274,0.985259,-0.0317259,0.168103,0.0702256,-0.113805,-0.944862
1518,0.0110392,0.990744,-0.00638373,0.135596,0.0623217,-0.131291,-0.925305
1519,0.133214,0.982176,-0.0929769,0.16336,0.01271,-0.113779,-0.951268
1520,-0.0150927,-0.897411,0.434692,0.0754718,-0.0933657,-0.038952,-0.981408
1521,-0.0548277,0.917539,-0.396625,-0.0284748,-0.0534708,-0.0484437,-0.98604
1522,-0.00314943,0.892629,-0.445027,-0.0718632,-0.115624,-0.0484244,-0.973956
1523,-0.00530998,0.879205,-0.456747,-0.135573,-0.110186,-0.0196311,-0.981408
1524,0.391163,-0.938253,0.345771,-0.0111277,-0.0586935,-0.0754483,-0.974624
1525,0.389009,0.937548,-0.347556,0.0144267,-0.0362561,-0.0666906,-0.982126
1526,0.35429,0.956687,-0.288236,0.0408641,-0.0411873,-0.091943,-0.968067
1527,0.453141,0.91654,-0.399352,-0.0217437,-0.0981665,-0.0666739,-0.971085
1528,0.32061,0.4641,0.846835,-0.259772,-0.171127,-0.0196098,-0.963146
1529,0.311919,-0.427321,-0.823428,0.373313,-0.154485,-0.0389327,-0.965379
1530,0.368723,-0.486288,-0.816814,0.310383,-0.208356,-0.00976263,-0.948419
1531,0.263567,-0.437329,-0.872269,0.218837,-0.149087,-0.0097806,-0.971722
1532,0.218436,0.425153,0.894288,-0.139618,-0.0471767,-0.019653,-0.992728
1533,0.180803,-0.385381,-0.883002,0.267934,-0.030298,-0.0389733,-0.991781
1534,0.230413,-0.433637,-0.887834,0.153983,-0.0871694,-0.00980256,-0.986987
1535,0.231904,-0.441823,-0.890209,0.110992,-0.023602,-0.00982518,-0.996512
1536,0.00185595,-0.808637,0.449732,-0.379272,0.156627,-0.0390225,-0.964773
1537,-0.0137944,0.760059,-0.436883,0.481085,0.192731,-0.0485103,-0.948139
1538,0.00063943,0.80925,-0.448683,0.379206,0.133598,-0.0484963,-0.96929
1539,-0.0248983,0.840416,-0.439828,0.316627,0.142026,-0.0197036,-0.973058
1540,0.552005,-0.68807,0.472049,-0.551117,0.182443,-0.0755182,-0.940767
1541,0.522358,0.703379,-0.453952,0.546979,0.204846,-0.0667565,-0.935288
1542,0.633238,0.603034,-0.48657,0.632139,0.193438,-0.0920115,-0.925472
1543,0.531774,0.763145,-0.461601,0.452255,0.1473,-0.0667458,-0.958135
1544,0.239054,0.463108,0.886247,-0.00991002,0.0799689,-0.019689,-0.987347
1545,0.224128,-0.484175,-0.864254,0.136524,0.0955578,-0.0390079,-0.981066
1546,0.23597,-0.462456,-0.886315,0.0240732,0.0402064,-0.00984382,-0.994262
1547,0.233027,-0.461721,-0.886754,-0.0219152,0.103408,-0.00985846,-0.983855
1548,0.162172,0.386702,0.918724,0.0800435,0.20155,-0.0197189,-0.950718
1549,0.187207,-0.472999,-0.880813,0.0209718,0.214927,-0.0390365,-0.940638
1550,0.182319,-0.411208,-0.908955,-0.0686261,0.164753,-0.00987376,-0.966504
1551,0.0911872,-0.323225,-0.942609,-0.0837456,0.223181,-0.00988774,-0.941209
1552,0.380029,0.977372,-0.202996,0.0594747,-0.102602,-0.131276,-0.917448
1553,0.376305,-0.979079,0.197703,-0.048141,-0.119669,-0.136053,-0.905118
1554,0.409166,-0.960622,0.274929,-0.0402454,-0.121316,-0.120131,-0.926891
1555,0.31346,-0.983652,0.167071,-0.0672069,-0.0662919,-0.136052,-0.918395
1556,0.378511,0.217339,0.59959,-0.770231,-0.174972,-0.120131,-0.907434
1557,0.277605,-0.150534,-0.482685,0.86276,-0.155227,-0.131278,-0.900552
1558,0.400934,-0.228161,-0.567917,0.790831,-0.210699,-0.113761,-0.897176
1559,0.294149,-0.229955,-0.609212,0.758934,-0.158128,-0.113761,-0.921443
1560,-0.13952,0.971423,-0.230057,0.0584081,-0.0651407,-0.120132,-0.940116
1561,-0.0693369,-0.959475,0.277997,-0.0460908,-0.102779,-0.113763,-0.938469
1562,-0.137806,-0.971403,0.22935,-0.0614434,-0.0449034,-0.113765,-0.95029
1563,-0.15688,-0.982898,0.168512,-0.0742586,-0.0473676,-0.131276,-0.929486
1564,-0.188224,0.992739,-0.0998714,0.0670474,-0.0661589,-0.146727,-0.894778
1565,-0.124844,-0.99068,0.121873,-0.0608237,-0.10091,-0.143781,-0.89442
1566,-0.176592,-0.991629,0.10262,-0.0783626,-0.0486074,-0.143775,-0.906424
1567,-0.202559,-0.996877,0.0342767,-0.07115,-0.0487259,-0.150694,-0.882026
1568,0.397835,0.386825,0.750406,-0.535964,-0.177621,-0.0754237,-0.942657
1569,0.316017,-0.311714,-0.70493,0.63711,-0.159051,-0.091927,-0.939674
1570,0.454503,-0.416876,-0.700513,0.57922,-0.214742,-0.0666493,-0.93015
1571,0.326616,-0.381843,-0.769607,0.511763,-0.157854,-0.06666,-0.954514
1572,0.18465,-0.858355,0.507747,0.0736197,-0.213982,-0.091923,-0.915196
1573,0.0716045,0.902319,-0.429855,-0.0323281,-0.177399,-0.0996579,-0.926596
1574,0.181086,0.861155,-0.503056,-0.0731204,-0.230439,-0.0996565,-0.899786
1575,0.224284,0.800671,-0.587579,-0.116946,-0.232756,-0.0754177,-0.915768
1576,0.701968,0.752312,-0.625748,-0.206072,-0.212844,-0.0389174,-0.941386
1577,0.745996,-0.735449,0.653038,0.180713,-0.2323,-0.0483958,-0.928356
1578,0.732862,-0.694102,0.665245,0.275084,-0.229039,-0.0195958,-0.937
1579,0.596907,-0.828649,0.54093,0.143996,-0.175519,-0.0484071,-0.955038
1580,0.431891,0.938122,-0.345824,0.0182238,-0.101322,-0.0919336,-0.956552
1581,0.440472,-0.937601,0.34724,-0.0181218,-0.121243,-0.0996619,-0.946099
1582,0.467604,-0.913431,0.406587,0.0182057,-0.119362,-0.075435,-0.961984
1583,0.361822,-0.956175,0.29015,-0.0392779,-0.0626198,-0.0996672,-0.959096
1584,-0.483503,0.993677,-0.000672781,0.112277,0.0358302,-0.146723,-0.89768
1585,-0.412829,-0.993046,0.0228124,-0.115497,0.00325021,-0.143775,-0.908347
1586,-0.481554,-0.993355,-0.00133058,-0.115085,0.0551119,-0.143777,-0.903421
1587,-0.500579,-0.995066,-0.00141188,-0.0992095,0.0487026,-0.150688,-0.880017
1588,0.0933651,0.988876,-0.0508398,0.139782,0.00750131,-0.13128,-0.930949
1589,0.0909497,-0.990237,0.0487672,-0.130588,-0.0117704,-0.136052,-0.924624
1590,0.130237,-0.983788,0.0897695,-0.155251,-0.00785867,-0.120137,-0.945984
1591,0.0204243,-0.990668,0.0111007,-0.135847,0.0418036,-0.136056,-0.920412
1592,-0.323711,-0.0842544,-0.122294,0.988911,0.0970239,-0.150686,-0.870514
1593,-0.221356,0.0848889,0.342473,-0.935685,0.0865805,-0.146725,-0.88969
1594,-0.347896,0.0603317,0.116682,-0.991335,0.124717,-0.151701,-0.853354
1595,-0.186795,0.0908363,0.120946,-0.988494,0.0784277,-0.151703,-0.866582
1596,-0.0551136,-0.0926798,-0.122596,0.98812,-2.26253e-05,-0.15069,-0.884241
1597,0.0479684,0.104563,0.342425,-0.933709,-0.0146626,-0.146723,-0.901237
1598,-0.0548009,0.0929947,0.122208,-0.988138,0.0307626,-0.151706,-0.873689
1599,0.0621717,0.0805876,0.121431,-0.989323,-0.0165346,-0.151708,-0.876677
1600,-0.0346741,0.988326,-0.15173,0.0137751,-0.16434,-0.146749,-0.863401
1601,0.0864093,-0.981866,0.189573,0.00086883,-0.197536,-0.143793,-0.855174
1602,-0.0165808,-0.987067,0.157291,-0.0309467,-0.150555,-0.143789,-0.877982
1603,-0.051012,-0.998337,0.0530778,-0.0224917,-0.144428,-0.150732,-0.854561
1604,0.595642,0.951394,-0.30778,-0.0109866,-0.205103,-0.131279,-0.876873
1605,0.586345,-0.95387,0.299149,0.025327,-0.218339,-0.136056,-0.860557
1606,0.625527,-0.91333,0.405015,0.0423252,-0.225543,-0.120131,-0.881098
1607,0.484113,-0.967914,0.251021,-0.0114104,-0.170515,-0.136056,-0.886071
1608,0.165689,-0.0539343,-0.118304,0.991512,-0.097895,-0.150714,-0.870347
1609,0.267132,0.0814893,0.326744,-0.941593,-0.116508,-0.146739,-0.881765
1610,0.1725,0.0607737,0.119493,-0.990973,-0.0648645,-0.151722,-0.87025
1611,0.279028,0.0370782,0.117728,-0.992353,-0.11203,-0.151747,-0.857723
1612,0.372301,1.48577e-05,-0.107565,0.994198,-0.18841,-0.150736,-0.832788
1613,0.473747,0.036587,0.296439,-0.954351,-0.209269,-0.146748,-0.838946
1614,0.382234,0.0102422,0.112849,-0.993559,-0.156766,-0.151763,-0.840175
1615,0.483396,-0.0189292,0.106605,-0.994121,-0.198725,-0.151758,-0.816915
1616,-0.604592,-0.671514,-0.310975,-0.67258,0.102633,0.131276,-0.917448
1617,-0.672114,0.612488,0.335125,0.715926,0.119696,0.136052,-0.905118
1618,-0.589522,0.698826,0.384124,0.603399,0.121363,0.120132,-0.926891
1619,-0.607618,0.710728,0.309258,0.631843,0.0663126,0.13605,-0.918395
1620,-0.708603,0.73047,-0.583044,-0.355632,0.175028,0.120131,-0.907434
1621,0.734743,0.560838,0.319443,0.763817,0.155268,0.131278,-0.900552
1622,-0.715176,-0.717604,0.620382,0.316498,0.210769,0.113762,-0.897192
1623,-0.7348,-0.684638,0.613258,0.393936,0.158185,0.113763,-0.921443
1624,0.479262,-0.675585,0.569687,0.46802,0.0651699,0.120133,-0.940116
1625,0.518836,0.674846,-0.590394,-0.44274,0.102824,0.113764,-0.938469
1626,0.464214,0.68538,-0.569526,-0.453755,0.044926,0.113766,-0.95029
1627,0.508401,0.678645,-0.457907,-0.574248,0.0473876,0.131276,-0.929486
1628,0.45199,-0.738302,0.279047,0.614039,0.0661688,0.146726,-0.894778
1629,0.400851,0.807702,-0.270639,-0.523806,0.100925,0.143779,-0.89442
1630,0.514181,0.694952,-0.294579,-0.655946,0.0486188,0.143774,-0.906424
1631,0.479561,0.726658,-0.102074,-0.679374,0.0487339,0.150692,-0.882026
1632,-0.45593,0.39549,-0.869999,-0.294432,0.177674,0.0754403,-0.942657
1633,-0.647793,-0.56265,0.755539,0.335538,0.159109,0.0919363,-0.939674
1634,-0.382103,-0.315615,0.9024,0.293361,0.214805,0.0666699,-0.93015
1635,-0.391078,-0.282593,0.901344,0.328207,0.157892,0.0666786,-0.954514
1636,0.752387,0.549203,-0.776881,-0.30795,0.214055,0.0919323,-0.915196
1637,0.645136,-0.592639,0.735082,0.329291,0.177465,0.0996638,-0.926596
1638,0.67791,-0.607828,0.746497,0.270717,0.230515,0.0996618,-0.899801
1639,-0.718599,-0.804502,-0.207428,-0.556551,0.232829,0.0754343,-0.915768
1640,0.11952,-0.896999,0.11571,-0.42662,0.212897,0.0389433,-0.941386
1641,-0.00978397,0.882053,0.00928508,0.471059,0.23236,0.0484204,-0.928356
1642,0.196233,0.882351,-0.194031,0.428729,0.229097,0.0196224,-0.937
1643,0.155385,0.940881,-0.149062,0.304177,0.17556,0.0484311,-0.955038
1644,-0.618967,-0.716057,-0.479005,-0.507757,0.101354,0.0919416,-0.956552
1645,-0.557588,0.747393,0.430851,0.505737,0.12129,0.0996672,-0.946099
1646,-0.677419,0.694832,0.565068,0.444867,0.11939,0.075449,-0.961984
1647,-0.678434,0.705306,0.514222,0.487974,0.0626444,0.0996718,-0.959096
1648,0.317654,-0.615467,0.249281,0.747702,-0.0358009,0.146723,-0.89768
1649,0.34786,0.639121,-0.256192,-0.725182,-0.00323291,0.143774,-0.908347
1650,0.322979,0.611344,-0.252373,-0.750045,-0.0550733,0.143776,-0.903421
1651,0.331709,0.596994,-0.0904136,-0.797135,-0.0486653,0.150686,-0.880017
1652,-0.768305,-0.753921,-0.377452,-0.537711,-0.00748001,0.131279,-0.930949
1653,-0.765561,0.751683,0.372033,0.544577,0.011785,0.13605,-0.924624
1654,0.776428,0.680532,-0.48351,-0.550541,0.00787864,0.120137,-0.945984
1655,0.776757,0.637957,-0.378503,-0.670632,-0.0417703,0.136056,-0.920412
1656,0.55573,0.821027,0.0926399,0.563323,-0.0969454,0.150686,-0.870514
1657,0.629476,-0.802417,-0.262561,-0.5359,-0.0865173,0.146725,-0.88969
1658,0.575429,-0.831794,-0.0992482,-0.54614,-0.124603,0.1517,-0.853337
1659,0.676238,-0.815433,-0.091492,-0.571575,-0.0783658,0.1517,-0.866582
1660,0.734462,0.772253,0.0818949,0.630015,3.993e-05,0.150686,-0.884241
1661,-0.769962,0.654149,-0.249589,-0.713999,0.0146759,0.146723,-0.901237
1662,0.770466,-0.794577,-0.0833846,-0.601411,-0.0307333,0.1517,-0.873689
1663,-0.737866,0.658896,-0.0879155,-0.747079,0.0165479,0.151703,-0.876677
1664,0.219777,-0.941107,0.22562,0.25182,0.164393,0.146749,-0.863401
1665,0.324044,0.940654,-0.254444,-0.224564,0.197623,0.143793,-0.855195
1666,0.315586,0.907087,-0.251539,-0.337524,0.150592,0.143789,-0.877982
1667,0.163749,0.969365,-0.0760512,-0.233553,0.144465,0.150732,-0.854561
1668,-0.632923,-0.449571,-0.324439,-0.832241,0.205179,0.131279,-0.876905
1669,-0.704905,0.377539,0.349967,0.857314,0.218436,0.136056,-0.860609
1670,-0.560134,0.540749,0.367914,0.756459,0.225622,0.120131,-0.881144
1671,-0.713235,0.478241,0.353063,0.804134,0.170566,0.136056,-0.886071
1672,0.53716,0.412502,0.0956088,0.905925,0.0979057,0.150712,-0.870347
1673,0.66841,-0.462457,-0.255093,-0.849153,0.116524,0.146738,-0.881765
1674,0.727608,-0.577536,-0.0842847,-0.812003,0.0648711,0.15172,-0.87025
1675,0.528806,-0.282801,-0.104563,-0.953462,0.112046,0.151746,-0.857723
1676,0.532358,0.158657,0.0959296,0.982663,0.18849,0.150736,-0.832798
1677,0.665604,-0.223349,-0.255918,-0.940543,0.209369,0.146748,-0.838977
1678,0.55027,-0.176758,-0.102737,-0.978878,0.156816,0.151763,-0.840175
1679,0.61265,-0.108862,-0.0977056,-0.989243,0.198811,0.151758,-0.816941
1680,0.595046,0.78224,-0.506133,-0.363222,-0.0639295,0.0755062,-0.972894
1681,0.566303,-0.79656,0.489441,0.35488,-0.0870829,0.0667478,-0.973335
1682,0.636249,-0.744641,0.490902,0.452243,-0.0785222,0.0920015,-0.961105
1683,0.59793,-0.800853,0.510993,0.312282,-0.0255758,0.0667272,-0.981733
1684,0.318617,0.639558,0.701131,0.315246,-0.137144,0.0920128,-0.947032
1685,0.331087,-0.585597,-0.780415,-0.219155,-0.124248,0.0755215,-0.960713
1686,0.324929,-0.635404,-0.716699,-0.287409,-0.17111,0.0997404,-0.92914
1687,0.413294,-0.65925,-0.680501,-0.319856,-0.114572,0.0997344,-0.947865
1688,0.203664,0.745516,-0.515773,-0.422118,-0.0187792,0.0919749,-0.968459
1689,0.183509,-0.728241,0.504071,0.464303,-0.0560103,0.0997171,-0.958919
1690,0.231698,-0.726377,0.53095,0.436427,0.00292879,0.0996871,-0.964544
1691,0.143396,-0.786638,0.52658,0.322358,-0.00293743,0.0754802,-0.979483
1692,0.0550617,0.842327,-0.491066,-0.222124,-0.0328269,0.0390045,-0.990476
1693,0.0498088,-0.826906,0.489671,0.276494,-0.0720251,0.048497,-0.982533
1694,0.0689425,-0.834717,0.50204,0.226283,-0.00953103,0.0484763,-0.990116
1695,0.0240054,-0.865233,0.478918,0.148357,-0.0165452,0.0196816,-0.995925
1696,0.456319,0.766594,0.429139,0.477675,-0.116375,0.131301,-0.913696
1697,0.497984,-0.724532,-0.554359,-0.40956,-0.104849,0.120175,-0.931228
1698,0.474469,-0.772682,-0.448476,-0.449258,-0.147406,0.13607,-0.89566
1699,0.572655,-0.772144,-0.417242,-0.479273,-0.0954221,0.136065,-0.91151
1700,0.0573581,-0.650024,0.356287,0.671214,-0.159311,0.12018,-0.913925
1701,0.137622,0.67738,-0.404188,-0.614645,-0.126744,0.113819,-0.932044
1702,0.042551,0.660707,-0.348013,-0.665096,-0.181104,0.113823,-0.911854
1703,0.0920852,0.60765,-0.293896,-0.737825,-0.168446,0.131304,-0.895073
1704,0.609789,0.56825,-0.19778,-0.798734,-0.13572,0.146726,-0.875177
1705,0.604228,-0.566339,0.19923,0.79973,-0.155811,0.143781,-0.875764
1706,0.623968,-0.545224,0.0722812,0.835168,-0.143532,0.150686,-0.854803
1707,0.704207,-0.588809,0.227248,0.775669,-0.106363,0.143779,-0.892887
1708,0.732466,0.676286,-0.462574,-0.573291,-0.0485422,0.120157,-0.941126
1709,0.707675,-0.689127,0.456187,0.563026,-0.0701644,0.113805,-0.944862
1710,0.76426,-0.642649,0.378298,0.666253,-0.0622738,0.13129,-0.925305
1711,0.755945,-0.691728,0.477923,0.541389,-0.0126801,0.113781,-0.951268
1712,0.0414536,0.873851,-0.482738,0.057875,0.093401,0.0389699,-0.981408
1713,0.110929,-0.843802,0.536254,0.0207426,0.0535007,0.0484584,-0.98604
1714,0.00683796,-0.888711,0.453325,-0.0684781,0.115653,0.0484437,-0.973956
1715,-0.0157269,-0.883754,0.447306,-0.137464,0.110237,0.0196503,-0.981408
1716,0.737398,0.776026,-0.609521,-0.162074,0.0587134,0.0754596,-0.974624
1717,0.681294,-0.805467,0.576825,0.135998,0.0362781,0.0667025,-0.982126
1718,-0.741456,-0.667857,-0.560512,-0.489687,0.041206,0.0919496,-0.968067
1719,0.689699,-0.809915,0.580221,0.0859163,0.0981878,0.0666892,-0.971085
1720,0.111907,-0.283264,-0.936651,-0.206026,0.171182,0.019635,-0.963146
1721,0.100182,0.239813,0.912607,0.331115,0.154523,0.0389559,-0.965379
1722,0.0516497,0.226164,0.954489,0.194425,0.208419,0.00978922,-0.948419
1723,0.174481,0.359939,0.912101,0.196254,0.149147,0.0098032,-0.971722
1724,0.282306,-0.481127,-0.864667,-0.144457,0.0472179,0.019665,-0.992728
1725,0.321505,0.509613,0.8174,0.268612,0.03033,0.0389852,-0.991781
1726,0.247295,0.448136,0.880206,0.156242,0.0872247,0.0098185,-0.986987
1727,0.268224,0.473737,0.873291,0.113736,0.0236386,0.00983314,-0.996512
1728,-0.0218394,0.820427,-0.429334,-0.377588,-0.15655,0.0390451,-0.964773
1729,-0.0800372,-0.79219,0.378985,0.478336,-0.192654,0.0485342,-0.948124
1730,-0.004178,-0.811684,0.444637,0.37877,-0.133523,0.0485163,-0.96929
1731,-0.0155334,-0.836088,0.448298,0.316205,-0.141952,0.0197255,-0.973058
1732,0.440607,0.752856,-0.383909,-0.534623,-0.182363,0.0755335,-0.940734
1733,0.40699,-0.767511,0.359916,0.530459,-0.204767,0.0667764,-0.935239
1734,0.462015,-0.717125,0.366758,0.592638,-0.193354,0.0920201,-0.925419
1735,0.496528,-0.783377,0.433699,0.445226,-0.147222,0.0667624,-0.958135
1736,0.259948,-0.481154,-0.876618,-0.00564934,-0.079909,0.0197036,-0.987347
1737,0.265423,0.519201,0.845406,0.125376,-0.0954913,0.0390245,-0.981066
1738,0.25152,0.47606,0.879143,0.0217765,-0.0401611,0.00985311,-0.994262
1739,0.23797,0.466108,0.884431,-0.0229331,-0.103343,0.00987573,-0.983855
1740,0.19923,-0.416972,-0.903843,0.095928,-0.201476,0.0197448,-0.950718
1741,0.129375,0.427385,0.902675,0.0502069,-0.214852,0.0390618,-0.940622
1742,0.23125,0.452708,0.887675,-0.0841914,-0.164679,0.00989769,-0.966504
1743,0.235582,0.440519,0.885791,-0.146007,-0.223112,0.00991367,-0.941209
1744,-0.0257334,-0.722334,0.0253767,0.691079,-0.177174,0.0754084,-0.67967
1745,-0.168685,0.74237,-0.154702,-0.651884,-0.167839,0.0666287,-0.682937
1746,0.0500167,0.693388,0.0383115,-0.719546,-0.174165,0.0918544,-0.696483
1747,-0.0367129,0.611304,-0.0381624,-0.790476,-0.189075,0.0667378,-0.659667
1748,0.0888336,-0.285815,0.81005,-0.511986,-0.148167,0.0918105,-0.717519
1749,-0.0495356,0.114101,-0.876746,0.467222,-0.153357,0.0753398,-0.701215
1750,0.000822845,0.212169,-0.801328,0.559337,-0.131153,0.0995281,-0.735018
1751,0.204426,0.444568,-0.799006,0.404905,-0.159641,0.0995454,-0.716053
1752,-0.549459,-0.567094,-0.0773559,0.820012,-0.197106,0.0919416,-0.672198
1753,-0.501163,0.65148,0.122625,-0.74869,-0.185301,0.0996,-0.693505
1754,-0.487155,0.539624,0.132897,-0.831351,-0.207749,0.0996898,-0.66775
1755,-0.606403,0.590404,0.0564691,-0.80513,-0.197872,0.0755255,-0.655172
1756,0.710911,0.0966094,-0.948962,0.30023,-0.185155,0.039093,-0.649001
1757,0.67533,-0.0495417,0.934606,-0.352218,-0.172849,0.0484517,-0.667841
1758,-0.756427,0.614559,-0.0766384,-0.78514,-0.192047,0.0485994,-0.644092
1759,0.668128,-0.0242208,0.959063,-0.282155,-0.189952,0.0198979,-0.634659
1760,0.426585,-0.740389,0.507304,-0.440984,-0.166459,0.131178,-0.752171
1761,0.33093,0.649169,-0.655408,0.386031,-0.16909,0.120021,-0.732792
1762,0.435032,0.754073,-0.479986,0.448316,-0.148135,0.135959,-0.772315
1763,0.344777,0.757763,-0.50081,0.418311,-0.181264,0.135969,-0.750728
1764,-0.235329,0.683601,0.263293,-0.680711,-0.138385,0.120007,-0.752889
1765,-0.382737,-0.683689,-0.164624,0.710963,-0.155906,0.113638,-0.734054
1766,-0.239425,-0.685745,-0.259511,0.680006,-0.125105,0.113632,-0.752386
1767,-0.138156,-0.619257,-0.23634,0.748775,-0.133244,0.131171,-0.771771
1768,0.508817,-0.553341,-0.170317,0.815356,-0.159913,0.14667,-0.792552
1769,0.493613,0.568151,0.164843,-0.806245,-0.143533,0.143709,-0.792294
1770,0.513938,0.536264,0.0609209,-0.841849,-0.155491,0.150659,-0.813276
1771,0.395736,0.538797,0.134058,-0.831701,-0.17932,0.143712,-0.77113
1772,0.257304,-0.576757,-0.17407,0.798155,-0.196835,0.120062,-0.708804
1773,0.20557,0.606406,0.139606,-0.782804,-0.18396,0.113674,-0.711813
1774,0.276103,0.542508,0.146418,-0.827192,-0.19677,0.1312,-0.72834
1775,0.177709,0.516773,0.120124,-0.847653,-0.208819,0.113736,-0.686048
1776,-0.611349,-0.325475,-0.0545977,0.943973,-0.214726,0.0395536,-0.596661
1777,-0.641415,0.476768,0.0331464,-0.878404,-0.207863,0.0488051,-0.618009
1778,-0.531071,0.324414,0.138132,-0.935775,-0.220115,0.0490533,-0.590047
1779,-0.639641,0.332194,0.0434477,-0.94221,-0.215525,0.0204715,-0.581696
1780,0.13762,-0.448492,-0.118133,0.885945,-0.215146,0.0756819,-0.628139
1781,0.0576097,0.465404,0.0456006,-0.883923,-0.207011,0.0668962,-0.633785
1782,0.130374,0.437026,0.101453,-0.893709,-0.21665,0.0920594,-0.645078
1783,0.145333,0.30832,0.123483,-0.943234,-0.221387,0.0670905,-0.605748
1784,0.379989,0.222115,-0.966644,-0.127532,-0.222866,0.0208302,-0.55313
1785,0.404385,-0.287613,0.950387,0.118505,-0.224108,0.0398484,-0.568007
1786,0.451041,-0.163832,0.964838,0.205542,-0.224145,0.0113558,-0.531316
1787,0.321829,-0.163054,0.985108,0.0545526,-0.219673,0.0109531,-0.560205
1788,0.131175,0.125742,-0.979142,0.159594,-0.204516,0.0201548,-0.609032
1789,0.171982,-0.197045,0.965306,-0.171341,-0.201695,0.039296,-0.623821
1790,0.195726,-0.126543,0.987839,-0.09034,-0.211483,0.0105818,-0.588255
1791,0.0653158,-0.0544734,0.972929,-0.224594,-0.199666,0.010263,-0.614962
1792,0.406778,-0.221299,-0.850179,0.477726,-0.142574,0.0388688,-0.69182
1793,0.356047,0.315613,0.821771,-0.474427,-0.125646,0.0483173,-0.706896
1794,0.511745,0.128756,0.888058,-0.441333,-0.150592,0.0483592,-0.688886
1795,0.382248,0.267565,0.85962,-0.435273,-0.151002,0.0195898,-0.679142
1796,-0.422004,-0.886475,0.365525,0.28382,-0.126818,0.0753132,-0.719483
1797,-0.543778,0.850846,-0.467216,-0.240356,-0.116858,0.0665515,-0.72022
1798,-0.452146,0.90947,-0.354942,-0.21652,-0.119536,0.0918012,-0.734973
1799,-0.360106,0.831154,-0.319708,-0.454939,-0.143624,0.0665694,-0.703224
1800,-0.143817,-0.111703,-0.918528,0.379246,-0.172008,0.0197102,-0.658147
1801,-0.105939,0.0489755,0.910856,-0.409807,-0.165334,0.0389526,-0.671782
1802,-0.0730432,0.0535058,0.938716,-0.340513,-0.18432,0.0100142,-0.639865
1803,-0.21506,0.189619,0.885581,-0.424017,-0.165693,0.0098378,-0.662573
1804,-0.419842,-0.423106,-0.790204,0.44335,-0.127305,0.0195312,-0.69732
1805,-0.400234,0.390625,0.779742,-0.489301,-0.117272,0.0388368,-0.708795
1806,-0.351133,0.338239,0.818793,-0.463866,-0.144106,0.00973266,-0.682743
1807,-0.474679,0.483158,0.744909,-0.460075,-0.119971,0.0096874,-0.700047
1808,-0.0091634,0.422685,-0.00516508,-0.906262,-0.26595,0.13126,-0.636176
1809,-0.0181232,-0.432848,0.00828944,0.901429,-0.278189,0.135987,-0.627554
1810,0.00164148,-0.414567,-0.000852913,0.910018,-0.258488,0.120209,-0.618139
1811,0.105685,-0.451535,-0.0568216,0.890442,-0.260107,0.136008,-0.66277
1812,-0.1682,0.637168,-0.665696,0.388415,-0.270793,0.120223,-0.583621
1813,-0.0803681,-0.756343,0.525617,-0.389452,-0.280566,0.131235,-0.600521
1814,-0.236314,-0.621581,0.639678,-0.452161,-0.269939,0.113939,-0.558123
1815,-0.0319679,-0.648265,0.677941,-0.346624,-0.260953,0.113924,-0.592616
1816,-0.493823,0.439326,0.0910223,-0.893705,-0.241876,0.120168,-0.650936
1817,-0.570459,-0.370368,-0.0351076,0.928221,-0.247614,0.113873,-0.625876
1818,-0.485374,-0.430243,-0.092685,0.897943,-0.23015,0.113807,-0.657222
1819,-0.478478,-0.443593,-0.0594804,0.894253,-0.246907,0.131253,-0.669793
1820,-0.446598,0.441335,0.0380866,-0.896534,-0.280569,0.146625,-0.674455
1821,-0.565148,-0.426099,0.00153727,0.904675,-0.286748,0.143658,-0.646224
1822,-0.451296,-0.445174,-0.0360145,0.894719,-0.266167,0.143703,-0.682379
1823,-0.415534,-0.435557,-0.0144641,0.900045,-0.287157,0.150588,-0.694697
1824,0.480595,0.507862,-0.834103,-0.215287,-0.238607,0.0760532,-0.56849
1825,0.347948,-0.605942,0.795135,0.0243799,-0.244553,0.0923236,-0.584387
1826,0.642714,-0.444479,0.811315,0.379746,-0.238871,0.0675271,-0.545342
1827,0.450457,-0.467683,0.873082,0.137846,-0.232066,0.0673061,-0.576074
1828,0.249217,0.369105,-0.630698,0.682628,-0.252489,0.0924414,-0.551998
1829,-0.777914,0.354006,-0.0949676,-0.930409,-0.252858,0.100007,-0.576207
1830,0.42366,-0.454782,0.701764,-0.548362,-0.25973,0.100075,-0.54291
1831,-0.0253456,-0.162703,0.5351,-0.828973,-0.244449,0.0762322,-0.53703
1832,0.330729,0.000440228,0.301773,-0.95338,-0.229752,0.0401638,-0.538398
1833,0.441144,0.0176035,-0.399491,0.916568,-0.233415,0.0496136,-0.530599
1834,0.321282,-0.0242691,-0.298235,0.954184,-0.226471,0.0212076,-0.523867
1835,0.281785,-0.159413,-0.25754,0.953027,-0.228667,0.0493301,-0.560724
1836,0.156887,0.3038,0.12215,-0.944873,-0.232541,0.0921898,-0.61562
1837,0.149242,-0.321202,-0.116803,0.93978,-0.241775,0.0999047,-0.608533
1838,0.215839,-0.294082,-0.186146,0.937478,-0.228778,0.0758616,-0.599058
1839,0.171251,-0.425936,-0.134563,0.894691,-0.226654,0.0997963,-0.63925
1840,-0.235018,0.491898,0.10833,-0.863887,-0.227929,0.146673,-0.741391
1841,-0.344243,-0.470204,-0.0718248,0.87963,-0.241124,0.143719,-0.715648
1842,-0.248526,-0.503166,-0.103866,0.857925,-0.212028,0.143719,-0.745417
1843,-0.207109,-0.481968,-0.0383481,0.875349,-0.229075,0.150654,-0.762577
1844,0.2036,0.487472,0.108068,-0.866425,-0.223721,0.13123,-0.700708
1845,0.212626,-0.482379,-0.11327,0.868609,-0.237686,0.136005,-0.695439
1846,0.208534,-0.502094,-0.141058,0.853232,-0.221216,0.120116,-0.681349
1847,0.299931,-0.525727,-0.158861,0.835688,-0.211258,0.135988,-0.724944
1848,0.399885,-0.857678,0.113419,-0.501523,-0.193945,0.150659,-0.790343
1849,0.320048,0.827282,-0.319875,0.461827,-0.195596,0.146673,-0.769216
1850,0.383866,0.849805,-0.108336,0.515844,-0.173247,0.151687,-0.812981
1851,0.284284,0.864409,-0.113603,0.489788,-0.211524,0.151685,-0.787731
1852,0.199743,-0.884149,0.119584,-0.451642,-0.2603,0.150634,-0.73051
1853,0.122361,0.844429,-0.337705,0.415807,-0.256405,0.146661,-0.70961
1854,0.184563,0.877352,-0.117187,0.465317,-0.246166,0.151673,-0.757733
1855,0.0816385,0.888575,-0.119468,0.442902,-0.276651,0.151639,-0.72352
1856,-0.66159,0.390775,-0.0300382,-0.919996,-0.314556,0.146417,-0.596791
1857,-0.782789,-0.374894,0.0678935,0.924578,-0.313342,0.143401,-0.568228
1858,-0.678142,-0.404595,0.0367913,0.913756,-0.302574,0.143568,-0.607906
1859,-0.622047,-0.386664,0.00649545,0.922198,-0.326119,0.150352,-0.614658
1860,-0.266648,0.389595,-0.136271,-0.910849,-0.29052,0.131155,-0.563561
1861,-0.243081,-0.37472,0.120853,0.919228,-0.30024,0.135785,-0.55239
1862,-0.316647,-0.393695,0.206672,0.895707,-0.278592,0.120185,-0.54807
1863,-0.138409,-0.410951,0.0698611,0.908977,-0.29164,0.135922,-0.590515
1864,-0.00909663,-0.904359,0.119947,-0.409571,-0.309213,0.150503,-0.655805
1865,-0.0917489,0.854295,-0.340424,0.392799,-0.300059,0.146552,-0.636582
1866,-0.0214668,0.89915,-0.12028,0.420788,-0.302491,0.151573,-0.685688
1867,-0.117276,0.910358,-0.118961,0.396354,-0.323291,0.151454,-0.644996
1868,-0.192813,-0.927653,0.113989,-0.355623,-0.337538,0.150105,-0.572107
1869,-0.27694,0.874821,-0.328772,0.355805,-0.323773,0.146189,-0.55588
1870,-0.2064,0.922428,-0.116446,0.368193,-0.33867,0.151251,-0.602323
1871,-0.291967,0.934543,-0.114145,0.337047,-0.348316,0.150948,-0.558488
1872,-0.713185,0.0169433,0.358802,0.93326,-0.243301,-0.131002,-0.674119
1873,-0.719111,-0.0248071,-0.35893,-0.933035,-0.242049,-0.135859,-0.688891
1874,-0.697766,0.0570837,-0.447069,-0.892676,-0.224283,-0.119956,-0.676547
1875,-0.601487,-0.0481076,-0.313441,-0.948388,-0.262785,-0.135561,-0.656206
1876,0.768806,-0.0775977,0.500903,0.862018,-0.200759,-0.120137,-0.704303
1877,-0.767245,-0.919324,-0.361888,0.154534,-0.220107,-0.131218,-0.704283
1878,0.769812,0.10919,-0.547855,-0.829417,-0.178223,-0.113845,-0.716397
1879,-0.695031,-0.859238,-0.477843,0.182688,-0.203682,-0.113733,-0.691339
1880,0.34489,-0.792862,-0.571732,0.210933,-0.243716,-0.119639,-0.646215
1881,0.249456,0.824297,0.531949,-0.193815,-0.225447,-0.113505,-0.663377
1882,0.365624,0.789532,0.582536,-0.193108,-0.243108,-0.11314,-0.633082
1883,0.365834,0.877604,0.444013,-0.180732,-0.262035,-0.130649,-0.641473
1884,0.380672,-0.94573,-0.279406,0.165911,-0.282836,-0.146264,-0.668222
1885,0.272038,0.955648,0.254308,-0.148541,-0.262131,-0.143504,-0.68716
1886,0.380555,0.94557,0.279832,-0.166106,-0.282237,-0.143176,-0.652041
1887,0.401182,0.983294,0.097456,-0.153737,-0.30308,-0.150157,-0.664253
1888,-0.621692,0.71207,0.649786,-0.265961,-0.171825,-0.0754996,-0.684417
1889,-0.614766,-0.784862,-0.582357,0.211783,-0.188496,-0.0919323,-0.681414
1890,-0.640822,-0.766169,-0.601999,0.224905,-0.151866,-0.0668057,-0.69648
1891,-0.528562,-0.697379,-0.674643,0.241907,-0.175113,-0.0666952,-0.675018
1892,0.0388494,0.834956,0.515767,-0.191918,-0.164378,-0.0920461,-0.704587
1893,0.122313,-0.791473,-0.565848,0.231055,-0.18555,-0.0997011,-0.692641
1894,0.0151091,-0.839994,-0.500548,0.209433,-0.159973,-0.0997857,-0.71538
1895,0.0320537,-0.777898,-0.577962,0.246647,-0.147364,-0.0755834,-0.705423
1896,0.784167,-0.680945,-0.681808,0.267304,-0.141251,-0.0390971,-0.692558
1897,0.745967,0.703318,0.648851,-0.290408,-0.136276,-0.0485875,-0.699569
1898,-0.77375,0.504446,-0.687738,-0.522063,-0.126888,-0.0198074,-0.697513
1899,-0.709127,0.406161,-0.627214,-0.664557,-0.160128,-0.048511,-0.68007
1900,-0.648629,-0.190155,0.499242,0.845339,-0.209217,-0.0917027,-0.655495
1901,-0.66879,0.156055,-0.50622,-0.848168,-0.207792,-0.0995128,-0.666942
1902,-0.631904,0.264764,-0.535047,-0.802262,-0.193208,-0.0753179,-0.660568
1903,-0.54511,0.12761,-0.428935,-0.894277,-0.226264,-0.099196,-0.638797
1904,0.614292,-0.926196,-0.325816,0.189748,-0.311509,-0.145293,-0.591782
1905,0.497615,0.935578,0.304937,-0.178066,-0.297123,-0.142698,-0.6149
1906,0.620856,0.926541,0.32842,-0.183474,-0.306636,-0.142099,-0.576408
1907,0.632515,0.974838,0.116708,-0.189919,-0.329411,-0.149153,-0.583156
1908,-0.465806,0.0583069,0.259052,0.964102,-0.275961,-0.130148,-0.606939
1909,-0.476011,-0.0720902,-0.261157,-0.962601,-0.278688,-0.135114,-0.621394
1910,-0.448803,0.00320083,-0.313854,-0.949466,-0.258699,-0.119184,-0.613884
1911,-0.347812,-0.0959779,-0.201997,-0.974672,-0.289522,-0.134538,-0.585071
1912,-0.356796,-0.971575,-0.126641,0.20001,-0.333802,-0.148514,-0.541114
1913,-0.410513,0.918346,0.346222,-0.191756,-0.317543,-0.144652,-0.551817
1914,-0.367059,0.968482,0.133707,-0.210153,-0.341445,-0.149204,-0.5139
1915,-0.478329,0.971376,0.12451,-0.202303,-0.340797,-0.149821,-0.557078
1916,-0.569073,-0.978892,-0.106857,0.17422,-0.319154,-0.149718,-0.624434
1917,-0.629745,0.935606,0.303194,-0.180873,-0.299922,-0.145848,-0.630814
1918,-0.582968,0.975348,0.115071,-0.188295,-0.334257,-0.150428,-0.599894
1919,-0.683819,0.979909,0.105971,-0.168961,-0.321713,-0.150939,-0.641692
1920,0.172514,-0.965791,-0.229136,0.121429,-0.233389,-0.146687,-0.735553
1921,0.0654812,0.974713,0.199958,-0.0997576,-0.207915,-0.143801,-0.74879
1922,0.167593,0.96551,0.227764,-0.126148,-0.237196,-0.1437,-0.71963
1923,0.196518,0.991566,0.0793005,-0.102509,-0.254433,-0.150616,-0.736739
1924,0.635617,-0.939163,-0.317801,0.130293,-0.192904,-0.131325,-0.731355
1925,0.633738,0.939245,0.31641,-0.133056,-0.187754,-0.13611,-0.745398
1926,0.649682,0.894197,0.413575,-0.17137,-0.173604,-0.120222,-0.728909
1927,0.740184,0.919477,0.359638,-0.158818,-0.216872,-0.136028,-0.718824
1928,-0.768351,-0.987638,-0.0883292,0.129494,-0.281362,-0.150446,-0.701912
1929,0.733725,0.0849386,0.235248,0.968217,-0.260513,-0.146535,-0.703358
1930,-0.783629,0.984589,0.0973161,-0.145308,-0.303223,-0.151309,-0.681745
1931,0.687092,0.110996,0.0854527,0.99014,-0.279088,-0.15154,-0.71937
1932,0.600518,-0.0665585,-0.0997166,-0.992787,-0.222815,-0.15071,-0.768029
1933,0.527623,0.0341408,0.280252,0.959319,-0.201995,-0.146766,-0.764153
1934,0.585492,0.0821646,0.0927556,0.992293,-0.249779,-0.151673,-0.753852
1935,0.485636,0.0524864,0.0997649,0.993626,-0.215882,-0.151746,-0.784457
1936,-0.235243,0.122281,-0.226937,-0.966202,-0.235332,-0.0741253,-0.576758
1937,-0.196933,-0.166598,0.194693,0.966612,-0.233444,-0.0652338,-0.567136
1938,-0.252946,-0.0824476,0.223325,0.971251,-0.247642,-0.0903358,-0.566358
1939,-0.336319,-0.230151,0.313467,0.921286,-0.224634,-0.0657469,-0.596537
1940,-0.00975786,-0.570047,-0.818137,0.0754918,-0.251928,-0.0897143,-0.534411
1941,-0.00401034,0.442951,0.893675,-0.071686,-0.241286,-0.073551,-0.546199
1942,0.0125516,0.570517,0.819556,-0.0532761,-0.257636,-0.09698,-0.512059
1943,-0.11671,0.583003,0.804499,-0.113527,-0.256396,-0.0976075,-0.544948
1944,0.508958,0.634858,0.752464,-0.175366,-0.239028,-0.0908922,-0.597486
1945,0.603098,-0.609222,-0.775528,0.165547,-0.250728,-0.0982218,-0.577327
1946,0.473878,-0.646274,-0.73498,0.205266,-0.240655,-0.0987615,-0.608763
1947,0.503564,-0.519611,-0.829798,0.203567,-0.225244,-0.0746278,-0.606296
1948,0.614688,0.33304,0.930064,-0.155131,-0.213847,-0.0381654,-0.598282
1949,0.690459,-0.316211,-0.941202,0.118951,-0.223489,-0.0472845,-0.578549
1950,0.555016,-0.371352,-0.906588,0.20049,-0.213104,-0.0477363,-0.606648
1951,0.618917,-0.266721,-0.949334,0.166207,-0.204225,-0.0190874,-0.609439
1952,-0.20323,-0.825077,-0.543327,0.15506,-0.288925,-0.128886,-0.534705
1953,-0.222804,0.712512,0.685924,-0.147764,-0.274622,-0.117982,-0.545549
1954,-0.199786,0.816545,0.55695,-0.15186,-0.295895,-0.13325,-0.510395
1955,-0.323315,0.825656,0.536639,-0.174101,-0.295246,-0.133892,-0.5479
1956,0.755751,-0.496247,-0.605247,-0.622426,0.237421,0.076348,0.443521
1957,0.769328,0.496515,0.619304,0.608223,0.235223,0.0678725,0.452901
1958,0.738437,0.574759,0.539647,0.61517,0.250798,0.0923775,0.454348
1959,0.680492,0.568683,0.56362,0.599109,0.226062,0.0677627,0.423801
1960,-0.70808,0.100441,0.0508497,0.993643,-0.275487,-0.11734,-0.510514
1961,0.754654,0.707207,0.696875,-0.119264,-0.269071,-0.111414,-0.533725
1962,-0.676747,-0.0724245,-0.0346772,-0.996771,-0.26852,-0.1108,-0.499385
1963,-0.685447,-0.120405,-0.0536673,-0.991273,-0.288008,-0.128273,-0.498027
1964,-0.115667,-0.178645,-0.0557924,-0.98233,-0.318123,-0.14402,-0.511564
1965,-0.102425,0.165505,0.0527091,0.984799,-0.309604,-0.140837,-0.497925
1966,-0.132055,0.20153,0.0315529,0.978974,-0.332573,-0.147922,-0.498939
1967,-0.232882,0.156023,0.100982,0.982578,-0.310736,-0.141439,-0.537228
1968,-0.572447,0.516865,0.588522,0.621685,0.255641,0.0925033,0.486412
1969,-0.586205,-0.428881,-0.656629,-0.620403,0.24384,0.0764172,0.474016
1970,-0.576795,-0.464196,-0.625669,-0.626945,0.262256,0.100081,0.509389
1971,-0.650495,-0.517133,-0.581599,-0.627946,0.260401,0.0999879,0.476123
1972,-0.31842,-0.0287964,-0.234596,-0.971666,-0.26903,-0.118618,-0.58015
1973,-0.298715,0.00193901,0.22441,0.974493,-0.265033,-0.112062,-0.567741
1974,-0.335994,0.0790254,0.198508,0.976908,-0.28494,-0.129545,-0.571153
1975,-0.433138,-0.0292793,0.307875,0.950976,-0.25635,-0.112647,-0.601014
1976,-0.000679822,-0.633741,-0.485447,-0.602257,0.241744,0.092116,0.423498
1977,0.0751875,0.57306,0.532115,0.623262,0.254164,0.099767,0.443741
1978,-0.0146171,0.630392,0.476755,0.612625,0.243618,0.0994362,0.412666
1979,-0.00460429,0.566558,0.547337,0.615982,0.227018,0.0761411,0.414385
1980,0.35203,0.497089,0.826079,-0.265512,-0.184111,-0.0388176,-0.649885
1981,0.423546,-0.445348,-0.856406,0.261217,-0.198906,-0.0480944,-0.633199
1982,0.298552,-0.529463,-0.794577,0.297181,-0.181139,-0.0483506,-0.657809
1983,0.351997,-0.444571,-0.846546,0.292773,-0.171654,-0.0196118,-0.658294
1984,0.0613065,-0.487628,-0.640606,-0.593164,0.213983,0.0409271,0.421861
1985,0.107144,0.408285,0.672161,0.617659,0.224247,0.0501367,0.441357
1986,0.0287972,0.491243,0.616763,0.615047,0.2136,0.0500775,0.413684
1987,0.0821312,0.398298,0.682046,0.613329,0.204086,0.0221559,0.410583
1988,-0.506388,0.232143,-0.444862,-0.86499,-0.211127,-0.0750271,-0.634376
1989,-0.472754,-0.279986,0.422761,0.861905,-0.211839,-0.0661702,-0.6246
1990,-0.523571,-0.164867,0.419137,0.892829,-0.226159,-0.091354,-0.627348
1991,-0.602477,-0.314314,0.519898,0.7943,-0.195223,-0.0664843,-0.650898
1992,-0.662074,0.67747,0.383724,0.627527,0.295668,0.130711,0.488702
1993,-0.70634,-0.602343,-0.492157,-0.628462,0.280101,0.119831,0.476736
1994,-0.673818,-0.648716,-0.416719,-0.636799,0.303754,0.135547,0.514017
1995,-0.75863,-0.681521,-0.386768,-0.62124,0.302066,0.135203,0.475879
1996,-0.443229,0.546435,0.777338,-0.311697,-0.150604,-0.0197449,-0.679292
1997,-0.441905,-0.589893,-0.7573,0.28022,-0.16414,-0.0389999,-0.672532
1998,-0.485309,-0.613276,-0.738866,0.279228,-0.132229,-0.00996627,-0.691785
1999,-0.364178,-0.507156,-0.813257,0.285317,-0.155147,-0.00988974,-0.672978
2000,0.27278,0.559392,0.531053,0.636446,0.281728,0.120065,0.512271
2001,0.182895,-0.600795,-0.493747,-0.628697,0.274308,0.113741,0.48823
2002,0.270554,-0.555918,-0.532769,-0.638053,0.274435,0.113889,0.52314
2003,0.303177,-0.642078,-0.414814,-0.644721,0.295606,0.13099,0.526091
2004,-0.187354,0.34817,0.90539,-0.242993,-0.189636,-0.0193941,-0.634888
2005,-0.191484,-0.408425,-0.885104,0.223114,-0.200781,-0.0385414,-0.625005
2006,-0.235013,-0.398599,-0.879785,0.25903,-0.175304,-0.00974133,-0.65149
2007,-0.10207,-0.298025,-0.933228,0.200665,-0.192337,-0.00951108,-0.627689
2008,-0.643332,0.59672,0.192889,-0.778922,0.32744,0.145855,0.514695
2009,-0.654715,-0.610021,-0.196109,0.767734,0.31882,0.14313,0.528029
2010,-0.634586,-0.620485,-0.0594138,0.781965,0.343173,0.149757,0.528989
2011,-0.755967,-0.576607,-0.221,0.786564,0.318772,0.142763,0.487859
2012,-0.683057,0.151577,-0.00705353,-0.98842,-0.228538,-0.0372011,-0.540958
2013,-0.606,-0.01228,-0.0739339,0.997188,-0.232503,-0.0462324,-0.519472
2014,-0.743205,-0.107951,0.0574891,0.992493,-0.229974,-0.0467687,-0.549341
2015,-0.680035,-0.153712,-0.00887262,0.988076,-0.2224,-0.0182555,-0.553998
2016,0.718417,-0.645907,-0.448841,-0.617533,0.273698,0.119494,0.442044
2017,0.719415,0.646609,0.450326,0.615714,0.269559,0.113467,0.454022
2018,0.70987,0.71229,0.349252,0.608823,0.290637,0.130349,0.451935
2019,0.620978,0.692246,0.402821,0.598775,0.260177,0.113114,0.420931
2020,0.0402752,-0.0211124,0.0186166,-0.999604,-0.243079,-0.0729628,-0.51506
2021,0.0793796,-0.0185034,-0.0548809,0.998321,-0.238837,-0.0641025,-0.506076
2022,0.0238212,0.0251548,-0.00203174,0.999682,-0.251892,-0.0891193,-0.502069
2023,-0.0573039,-0.095475,0.0710064,0.992896,-0.238181,-0.0646602,-0.536838
2024,-0.107087,-0.661059,-0.507824,-0.552372,0.184279,0.0405671,0.371647
2025,-0.0564498,0.576917,0.551427,0.602574,0.199369,0.0498758,0.387805
2026,-0.154855,0.662594,0.470539,0.58272,0.181802,0.0495511,0.364046
2027,-0.0792269,0.595871,0.555054,0.58039,0.171632,0.0218617,0.363065
2028,0.0769633,0.207647,0.975664,-0.0704388,-0.215178,-0.0187007,-0.582325
2029,0.068754,-0.275853,-0.958767,0.0683427,-0.223124,-0.0377102,-0.570114
2030,0.0299153,-0.214977,-0.969562,0.117196,-0.205921,-0.00919697,-0.601918
2031,0.159194,-0.155558,-0.98768,0.0170069,-0.21589,-0.00881365,-0.574592
2032,0.566143,-0.638157,-0.48095,-0.601201,0.21278,0.0758223,0.386974
2033,0.585724,0.641694,0.500083,0.581503,0.213117,0.0675131,0.396345
2034,0.546764,0.692702,0.425169,0.582576,0.228555,0.0917706,0.394182
2035,0.485239,0.712733,0.427087,0.556425,0.196555,0.067169,0.370834
2036,0.335433,0.165699,0.975319,0.145935,-0.225828,-0.0177817,-0.524917
2037,0.330139,-0.230691,-0.963907,-0.13291,-0.23005,-0.03669,-0.511258
2038,0.287022,-0.121471,-0.988223,-0.0930538,-0.222142,-0.00837843,-0.54617
2039,0.418187,-0.114294,-0.971533,-0.207511,-0.224637,-0.00792457,-0.517137
2040,0.712135,0.2356,-0.88846,0.393867,0.150987,0.021509,0.342902
2041,0.711697,-0.140912,0.866117,-0.479567,0.164675,0.0402004,0.349896
2042,0.62395,-0.231416,0.935334,-0.267576,0.133009,0.0117564,0.330423
2043,-0.757323,0.684919,0.513084,0.517331,0.155467,0.0121543,0.348469
2044,-0.577396,-0.336268,-0.491198,0.803522,-0.369988,-0.0754656,-0.796062
2045,-0.568763,0.361892,0.490668,-0.79264,-0.359061,-0.0666906,-0.816104
2046,-0.618099,0.251391,0.477336,-0.841994,-0.35257,-0.0919436,-0.802515
2047,-0.499309,0.294285,0.436384,-0.850274,-0.395421,-0.0667385,-0.767213
2048,-0.639651,-0.494548,-0.628545,-0.600294,0.189446,0.02208,0.385721
2049,-0.662591,0.574192,0.581558,0.576276,0.200808,0.0408186,0.395728
2050,-0.648204,0.576986,0.608864,0.544401,0.17536,0.0124318,0.369216
2051,-0.583528,0.480003,0.664498,0.572748,0.192341,0.0125676,0.3924
2052,0.209512,-0.322393,-0.740496,-0.589685,0.229469,0.0407281,0.478688
2053,0.259984,0.257483,0.76737,0.587236,0.234241,0.0498712,0.50034
2054,0.183664,0.329522,0.721795,0.608627,0.231166,0.0500595,0.470396
2055,0.218491,0.217888,0.773556,0.595093,0.222987,0.021881,0.46539
2056,0.630769,-0.295448,-0.53249,0.793199,-0.311636,-0.0919316,-0.845851
2057,0.722134,0.386594,0.549071,-0.74099,-0.329837,-0.0754357,-0.841647
2058,0.601129,0.301938,0.582695,-0.75452,-0.279416,-0.0996585,-0.866258
2059,0.693137,0.273041,0.52893,-0.803543,-0.323443,-0.0996645,-0.82676
2060,-0.645413,0.298991,0.531952,-0.792232,0.246202,0.0763667,0.505385
2061,-0.63713,-0.260631,-0.537823,0.801759,0.241688,0.0677201,0.514222
2062,-0.658002,-0.380324,-0.491957,0.783155,0.256205,0.0925126,0.519167
2063,-0.717752,-0.191767,-0.589749,0.784488,0.240451,0.0678492,0.483211
2064,0.539889,-0.683016,0.705307,0.189818,-0.387095,-0.0919476,-0.754692
2065,0.451772,0.733558,-0.657519,-0.171934,-0.361651,-0.0996625,-0.782207
2066,0.525411,0.694835,-0.691598,-0.197224,-0.393231,-0.0996459,-0.733609
2067,0.566661,0.580294,-0.784543,-0.21852,-0.403448,-0.0755016,-0.746151
2068,-0.517198,-0.305407,-0.728852,-0.612781,0.215324,0.022084,0.437271
2069,-0.527565,0.402942,0.692513,0.598385,0.223579,0.0408918,0.449658
2070,-0.529259,0.385122,0.709594,0.590048,0.206095,0.0125576,0.417693
2071,-0.474333,0.291989,0.75274,0.590021,0.216428,0.0124046,0.444711
2072,0.636444,-0.424477,0.872928,0.240452,-0.399604,-0.0390478,-0.777852
2073,0.56666,0.498394,-0.836199,-0.228857,-0.374496,-0.0484657,-0.8079
2074,0.621289,0.445966,-0.861442,-0.242967,-0.409603,-0.0485456,-0.757206
2075,0.691239,0.293496,-0.918355,-0.265487,-0.411359,-0.0197888,-0.766172
2076,-0.390406,-0.137446,-0.816846,-0.560243,0.226971,0.0215782,0.494469
2077,-0.391104,0.247996,0.785588,0.566877,0.231547,0.0404699,0.508468
2078,-0.412381,0.20243,0.796211,0.57015,0.223183,0.0121324,0.473043
2079,-0.341644,0.120909,0.838849,0.530766,0.226257,0.0117737,0.502173
2080,0.57914,-0.0833978,-0.386618,0.918461,-0.293153,-0.131254,-0.81124
2081,0.677661,0.162585,0.473911,-0.865433,-0.313874,-0.120115,-0.810042
2082,0.575443,0.0931855,0.418456,-0.903444,-0.262314,-0.136043,-0.829015
2083,0.670534,0.060864,0.383331,-0.921603,-0.301597,-0.136008,-0.79217
2084,0.417627,0.811843,0.223711,0.539319,0.244858,0.129782,0.348214
2085,0.421255,-0.812228,-0.219938,-0.540289,0.242342,0.134743,0.332727
2086,0.432466,-0.77983,-0.288964,-0.555306,0.226162,0.118733,0.345801
2087,0.508462,-0.780301,-0.267853,-0.565142,0.265113,0.134469,0.366672
2088,0.238713,0.884621,-0.45931,-0.080499,-0.272125,-0.120128,-0.848384
2089,0.345643,-0.849516,0.517167,0.104217,-0.303802,-0.113758,-0.829294
2090,0.253558,-0.87987,0.469964,0.0704501,-0.259546,-0.113761,-0.866258
2091,0.219691,-0.934555,0.352752,0.046614,-0.251358,-0.131274,-0.846907
2092,0.261622,-0.260894,-0.659594,0.704891,0.201526,0.118873,0.317291
2093,0.29032,0.351373,0.537654,-0.766463,0.219865,0.13015,0.316686
2094,0.273725,0.239881,0.673451,-0.699229,0.179025,0.112564,0.305172
2095,0.419949,0.256464,0.653636,-0.712029,0.205306,0.112417,0.330918
2096,0.654476,-0.975717,0.212447,0.053313,-0.250496,-0.146724,-0.808803
2097,0.666008,0.975059,-0.219265,-0.0343882,-0.241027,-0.14378,-0.826437
2098,0.643504,0.996374,-0.0759137,-0.0384097,-0.229052,-0.150715,-0.80544
2099,0.762558,0.967078,-0.245098,-0.0684547,-0.280226,-0.143741,-0.792311
2100,-0.0956645,0.735765,0.345781,0.582311,0.246619,0.118845,0.376346
2101,-0.183616,-0.781544,-0.294732,-0.549839,0.227848,0.112504,0.359105
2102,-0.0885616,-0.73765,-0.350342,-0.577177,0.24624,0.112759,0.38922
2103,-0.0642605,-0.779761,-0.268875,-0.565401,0.265188,0.129762,0.3815
2104,-0.665893,-0.119622,-0.42628,0.896647,-0.349915,-0.120078,-0.76696
2105,-0.657129,0.143497,0.429513,-0.891587,-0.342596,-0.11374,-0.7872
2106,-0.687879,0.0441231,0.347915,-0.936487,-0.329638,-0.131206,-0.770732
2107,-0.571739,0.0902283,0.379568,-0.920753,-0.375106,-0.113698,-0.740883
2108,-0.0152381,0.82154,0.172979,0.543277,0.283561,0.145251,0.354598
2109,-0.116975,-0.839961,-0.138724,-0.524615,0.261677,0.142564,0.33444
2110,-0.0209879,-0.818681,-0.17147,-0.548051,0.284481,0.142118,0.371343
2111,0.0289941,-0.846617,-0.0556674,-0.529284,0.303502,0.149218,0.359292
2112,0.721168,-0.335751,0.906131,0.257288,-0.453063,-0.0393073,-0.668346
2113,0.668907,0.39999,-0.880959,-0.252822,-0.437209,-0.0486514,-0.70301
2114,0.714494,0.360679,-0.896754,-0.256403,-0.456746,-0.0487732,-0.646392
2115,0.749237,0.209921,-0.939618,-0.270279,-0.461351,-0.0201548,-0.654348
2116,0.535678,-0.0525051,-0.815654,0.576152,0.173738,0.0750357,0.338411
2117,0.539274,0.144743,0.74859,-0.647041,0.190584,0.0910665,0.341235
2118,0.526638,0.0200089,0.849769,-0.526775,0.153857,0.0663179,0.326787
2119,0.632689,0.0154721,0.821751,-0.569637,0.176688,0.0667551,0.347542
2120,-0.439638,-0.179792,-0.381141,0.906866,-0.429419,-0.0755375,-0.692965
2121,-0.434523,0.207718,0.383536,-0.899863,-0.424541,-0.0667971,-0.714634
2122,-0.463357,0.115435,0.367084,-0.922997,-0.414462,-0.0919403,-0.7034
2123,-0.371632,0.108317,0.330239,-0.937662,-0.44577,-0.0668576,-0.659387
2124,-0.376027,-0.853336,-0.230756,-0.467514,0.166441,0.0908196,0.318263
2125,-0.294433,0.798449,0.285857,0.529873,0.187534,0.0985106,0.329972
2126,-0.386012,0.849803,0.225613,0.476375,0.161713,0.0984174,0.30709
2127,-0.371574,0.833468,0.266341,0.484142,0.14961,0.0746577,0.317902
2128,-0.49565,-0.175952,0.94841,0.263743,-0.473818,-0.0203937,-0.595613
2129,-0.535491,0.300051,-0.918677,-0.256907,-0.467484,-0.0394704,-0.610389
2130,-0.484113,0.118142,-0.958883,-0.258042,-0.478553,-0.0108281,-0.55822
2131,-0.513366,0.146087,-0.952297,-0.267935,-0.471368,-0.0105439,-0.617618
2132,0.304653,0.824466,0.304671,0.476899,0.14238,0.0397306,0.330759
2133,0.292492,-0.817304,-0.288424,-0.498825,0.137976,0.048638,0.323999
2134,0.281407,-0.804221,-0.292006,-0.51765,0.127866,0.0210485,0.325498
2135,0.391576,-0.744124,-0.375779,-0.552332,0.161212,0.0491298,0.342678
2136,-0.570691,-0.248031,0.930059,0.271056,-0.440372,-0.0199505,-0.71156
2137,-0.633838,0.376435,-0.891575,-0.251775,-0.430298,-0.0391629,-0.72452
2138,-0.545065,0.180783,-0.945223,-0.271791,-0.455571,-0.0102864,-0.676052
2139,-0.576277,0.220452,-0.937442,-0.269449,-0.431432,-0.0100741,-0.732567
2140,0.450509,0.749128,0.36017,0.555954,0.211413,0.0914012,0.366666
2141,0.446483,-0.744904,-0.350052,-0.567963,0.210043,0.0987435,0.355485
2142,0.467364,-0.707567,-0.40737,-0.577406,0.194904,0.0754436,0.361547
2143,0.539141,-0.688477,-0.415192,-0.594655,0.228838,0.0990749,0.38316
2144,0.505413,-0.546448,0.808933,0.216845,-0.317351,-0.0389267,-0.871537
2145,0.397878,0.638516,-0.743598,-0.198392,-0.284985,-0.0483965,-0.894403
2146,0.496008,0.560462,-0.800271,-0.213187,-0.332681,-0.0484171,-0.853963
2147,0.595573,0.411816,-0.876828,-0.248154,-0.331802,-0.0196184,-0.8631
2148,0.173148,0.777562,0.231556,0.584619,0.317414,0.145118,0.433185
2149,0.0688224,-0.795741,-0.20098,-0.571317,0.301683,0.142114,0.409309
2150,0.161025,-0.771868,-0.226188,-0.594187,0.313104,0.142378,0.448193
2151,0.208633,-0.814973,-0.080587,-0.573869,0.336063,0.148996,0.443043
2152,-0.748937,-0.41403,-0.613337,0.672605,-0.283792,-0.0754204,-0.881831
2153,-0.75303,0.428692,0.6229,-0.654385,-0.267852,-0.066648,-0.898481
2154,0.772139,0.811341,-0.574729,-0.106831,-0.265153,-0.0919237,-0.883707
2155,-0.651661,0.41,0.552573,-0.725647,-0.316255,-0.0666593,-0.860178
2156,0.608516,0.746182,0.311339,0.588456,0.280479,0.129993,0.416136
2157,0.607087,-0.747102,-0.312835,-0.586492,0.282772,0.134537,0.402003
2158,0.618946,-0.690506,-0.40009,-0.602602,0.262515,0.119132,0.408507
2159,0.711588,-0.714426,-0.352052,-0.604694,0.29508,0.134831,0.438451
2160,-0.656171,-0.344426,0.90288,0.257253,-0.374893,-0.0196796,-0.817035
2161,-0.745793,0.477989,-0.848201,-0.228213,-0.361697,-0.0389686,-0.827227
2162,-0.607903,0.264336,-0.928116,-0.26216,-0.399447,-0.00991769,-0.786029
2163,-0.647213,0.3158,-0.914718,-0.252115,-0.360328,-0.00981986,-0.835335
2164,-0.711558,0.79655,0.0893976,0.597926,0.342741,0.149345,0.485828
2165,0.773358,-0.56334,-0.222841,0.795607,0.325367,0.145457,0.473657
2166,-0.721012,-0.789805,-0.0983398,-0.605424,0.351879,0.150553,0.514324
2167,0.745681,-0.577524,-0.0730233,0.813101,0.349126,0.150144,0.470223
2168,0.734792,0.640757,0.565969,-0.518758,-0.282888,-0.0195945,-0.903387
2169,0.624452,-0.535674,-0.626134,0.566578,-0.267447,-0.0389127,-0.909894
2170,-0.712347,0.386783,-0.888277,-0.247717,-0.314877,-0.00976995,-0.879459
2171,0.678861,-0.633496,-0.603332,0.48443,-0.263936,-0.00975597,-0.917462
2172,0.628139,0.543098,0.104916,-0.833089,0.322949,0.148892,0.400839
2173,0.519143,-0.496538,-0.302014,0.81378,0.303467,0.144988,0.393477
2174,0.617688,-0.553082,-0.0946881,0.827729,0.339814,0.149896,0.42653
2175,0.464565,-0.529822,-0.120368,0.839524,0.323903,0.149988,0.383399
2176,-0.398405,-0.108678,0.206355,-0.972423,-0.399999,-0.130735,-0.628961
2177,-0.399246,0.123901,-0.199375,0.972059,-0.396996,-0.135302,-0.608896
2178,-0.393912,0.0645065,-0.25709,0.964232,-0.416774,-0.119695,-0.618441
2179,-0.501693,0.0735187,-0.251395,0.965088,-0.383488,-0.135616,-0.658312
2180,-0.230956,0.859945,0.0931515,0.501815,0.226939,0.14777,0.280033
2181,-0.401155,-0.876696,-0.0534863,-0.478062,0.2005,0.145502,0.26513
2182,-0.227613,-0.85952,-0.100608,-0.501102,0.233692,0.143562,0.299105
2183,-0.153986,-0.870349,-0.00931171,-0.492348,0.246367,0.152244,0.27797
2184,-0.471694,-0.721255,0.653859,0.228605,-0.424002,-0.11941,-0.565541
2185,-0.550574,0.823897,-0.522701,-0.219035,-0.409038,-0.130393,-0.577936
2186,-0.476197,0.69393,-0.681165,-0.233399,-0.431273,-0.112988,-0.531905
2187,-0.554773,0.710791,-0.666039,-0.226204,-0.428735,-0.113278,-0.585981
2188,0.245707,0.871921,0.120348,0.474627,0.190665,0.130923,0.28758
2189,0.258124,-0.870268,-0.107054,-0.480805,0.18304,0.13675,0.271108
2190,0.272369,-0.862441,-0.170165,-0.476695,0.173152,0.119298,0.291473
2191,0.339435,-0.842674,-0.167549,-0.511692,0.214878,0.135467,0.300674
2192,0.576027,0.768744,-0.607139,-0.201036,-0.401877,-0.119893,-0.670228
2193,0.669897,-0.733786,0.645323,0.212405,-0.418531,-0.113491,-0.639345
2194,0.588771,-0.760224,0.620562,0.192254,-0.40059,-0.113624,-0.691286
2195,0.57304,-0.858605,0.481186,0.176798,-0.383609,-0.130977,-0.678674
2196,0.29119,0.498789,0.156211,-0.85253,0.277919,0.1502,0.318488
2197,0.1593,-0.443525,-0.37644,0.813375,0.258015,0.146067,0.31683
2198,0.280549,-0.508626,-0.150682,0.847699,0.301522,0.150663,0.340792
2199,0.0642895,-0.491225,-0.182087,0.851788,0.273024,0.152168,0.298701
2200,0.545321,0.937119,-0.300144,-0.178107,-0.363057,-0.146091,-0.64649
2201,0.659852,-0.926402,0.323908,0.191999,-0.379253,-0.142963,-0.61876
2202,0.558664,-0.936865,0.307926,0.165728,-0.36429,-0.14331,-0.665977
2203,0.541923,-0.980541,0.109663,0.162832,-0.343406,-0.150065,-0.653529
2204,-0.183989,0.473014,0.213356,-0.854832,0.208285,0.156003,0.236966
2205,-0.323013,-0.422448,-0.424485,0.800843,0.19032,0.150672,0.244471
2206,-0.192473,-0.479925,-0.218285,0.84972,0.237893,0.155306,0.255562
2207,-0.495788,-0.475057,-0.260138,0.840624,0.194848,0.161156,0.209569
2208,-0.492821,-0.470439,0.848132,0.243636,-0.457065,-0.0755621,-0.580724
2209,-0.551911,0.58331,-0.777449,-0.235207,-0.445555,-0.0918325,-0.594239
2210,-0.489461,0.424472,-0.872271,-0.242833,-0.463316,-0.0669275,-0.544733
2211,-0.546977,0.448539,-0.859445,-0.24529,-0.458716,-0.0669082,-0.602476
2212,0.610343,0.0840373,-0.34732,-0.933974,0.257559,-0.128204,0.390402
2213,0.574777,-0.0585208,0.332975,0.941118,0.269252,-0.132863,0.399733
2214,0.628103,-0.0330723,0.438801,0.897976,0.250949,-0.116712,0.406824
2215,0.699421,-0.0710564,0.407716,0.91034,0.251772,-0.133793,0.364589
2216,-0.739642,0.154997,-0.180792,0.971231,-0.449034,-0.0916914,-0.538101
2217,0.750923,0.600066,-0.76452,-0.235435,-0.442211,-0.0993824,-0.573042
2218,-0.736205,-0.167448,0.167471,-0.971553,-0.442829,-0.0991654,-0.517403
2219,-0.748758,-0.130214,0.201139,-0.970869,-0.458629,-0.0755069,-0.523308
2220,0.357906,-0.727944,0.663881,-0.171344,0.26343,-0.116565,0.4408
2221,0.442221,0.833134,-0.518927,0.191318,0.272054,-0.127762,0.425562
2222,0.273303,0.70358,-0.704306,0.0944836,0.26343,-0.110338,0.465192
2223,0.495151,0.719269,-0.659164,0.219443,0.254018,-0.110174,0.431394
2224,-0.252793,-0.0591939,0.243198,-0.968169,-0.47334,-0.0396334,-0.551545
2225,-0.243975,0.082466,-0.23006,0.969676,-0.470488,-0.0490061,-0.529671
2226,-0.252621,0.0266271,-0.250256,0.967813,-0.477741,-0.0206373,-0.536181
2227,-0.297559,-0.0374433,-0.280507,0.959121,-0.467819,-0.0489009,-0.58836
2228,0.183109,0.0630903,-0.540824,-0.838766,0.234564,-0.117298,0.3741
2229,0.121713,-0.117735,0.503491,0.855941,0.24058,-0.110385,0.398524
2230,0.221138,-0.0912619,0.560906,0.822834,0.223403,-0.110983,0.367153
2231,0.158723,-0.0979065,0.421537,0.90151,0.239147,-0.129214,0.356588
2232,-0.385681,0.0282772,0.307212,-0.951221,-0.434034,-0.0919077,-0.649591
2233,-0.385088,-0.0050247,-0.298822,0.954296,-0.433835,-0.0995241,-0.628082
2234,-0.371496,-0.0797196,-0.323106,0.942999,-0.447405,-0.0755621,-0.6375
2235,-0.466257,-0.0887605,-0.360778,0.928418,-0.417443,-0.099606,-0.681912
2236,0.131897,0.116276,-0.280298,-0.952845,0.271568,-0.14505,0.355822
2237,0.0322316,-0.124306,0.232064,0.964725,0.277197,-0.141057,0.383027
2238,0.13757,-0.121505,0.282162,0.951641,0.257836,-0.142446,0.346715
2239,0.142735,-0.154362,0.133576,0.978943,0.278708,-0.150022,0.33759
2240,0.352887,0.957976,-0.260518,-0.120051,-0.318613,-0.146564,-0.734274
2241,0.462327,-0.947781,0.288784,0.135329,-0.342509,-0.143536,-0.71119
2242,0.371674,-0.957973,0.267936,0.102464,-0.314292,-0.143666,-0.753604
2243,0.342114,-0.990197,0.0944417,0.102911,-0.297226,-0.150551,-0.736295
2244,-0.33338,-0.237248,0.824546,0.51365,0.234336,-0.072055,0.452866
2245,-0.404321,0.307032,-0.728414,-0.61249,0.239155,-0.088376,0.437979
2246,-0.220045,0.311276,-0.850594,-0.423789,0.235427,-0.0636154,0.47537
2247,-0.360252,0.188346,-0.793593,-0.578563,0.228124,-0.06326,0.445092
2248,-0.59457,-0.00237649,0.305031,-0.952339,-0.360004,-0.131123,-0.726228
2249,-0.60188,0.0239415,-0.300441,0.9535,-0.362842,-0.135821,-0.705912
2250,-0.577754,-0.0654552,-0.374258,0.925012,-0.379484,-0.120011,-0.720047
2251,-0.696348,-0.0210802,-0.343541,0.938901,-0.335349,-0.135939,-0.750835
2252,-0.750398,0.21145,-0.0801619,0.974096,0.247568,-0.0886448,0.469817
2253,-0.612266,-0.274504,-0.0413832,-0.960695,0.247091,-0.0961348,0.44647
2254,-0.586209,-0.133569,-0.0641458,-0.988961,0.254496,-0.0964576,0.479132
2255,0.656319,0.367496,-0.880963,-0.298078,0.240724,-0.0724463,0.48383
2256,0.569385,0.0628848,-0.0905961,0.9939,-0.265578,-0.150658,-0.772991
2257,0.668539,-0.0254184,0.251284,-0.967579,-0.28721,-0.146667,-0.773642
2258,0.581893,-0.0497095,0.0981504,-0.993929,-0.237151,-0.151723,-0.788297
2259,0.679745,-0.0811033,0.0888104,-0.992741,-0.271273,-0.151644,-0.754974
2260,-0.476528,-0.202339,0.460414,-0.864337,0.227669,-0.0362129,0.481579
2261,-0.392282,0.23161,-0.383139,0.894182,0.231089,-0.0457292,0.489464
2262,-0.487114,0.141483,-0.479688,0.865957,0.226139,-0.0173085,0.495699
2263,-0.506062,0.350704,-0.478357,0.805097,0.225796,-0.045304,0.459711
2264,0.763975,0.12754,-0.0674974,0.989534,-0.323342,-0.150368,-0.69621
2265,-0.713729,-0.947765,0.281075,0.150792,-0.344077,-0.146386,-0.691616
2266,0.778285,-0.112192,0.0776201,-0.99065,-0.300386,-0.151504,-0.717805
2267,-0.696344,-0.984005,0.0993882,0.147836,-0.323905,-0.151266,-0.677609
2268,-0.642944,-0.614283,0.507205,-0.604483,0.226919,-0.088362,0.407137
2269,-0.663922,0.633575,-0.510049,0.58175,0.235714,-0.0960896,0.414603
2270,-0.56992,0.537881,-0.493667,0.683357,0.224148,-0.0718534,0.422739
2271,-0.665031,0.695912,-0.505399,0.510175,0.220624,-0.0963425,0.38411
2272,0.764799,0.918573,-0.329872,-0.217734,-0.380791,-0.145149,-0.551921
2273,-0.688522,0.224563,-0.0523754,0.973051,-0.388524,-0.141983,-0.521363
2274,0.769487,-0.91709,0.336853,0.21325,-0.387289,-0.142504,-0.57033
2275,0.769022,-0.970941,0.117744,0.20835,-0.364285,-0.149075,-0.563312
2276,0.295969,0.0825938,-0.364042,-0.927713,0.223289,-0.150113,0.285385
2277,0.220333,-0.107952,0.325678,0.939298,0.234708,-0.144609,0.312154
2278,0.290047,-0.0763139,0.364718,0.927985,0.207566,-0.147563,0.279569
2279,0.256854,-0.107049,0.203947,0.973112,0.227243,-0.156551,0.2649
2280,-0.195629,-0.211909,0.0980487,-0.972358,-0.41083,-0.129969,-0.526274
2281,-0.188358,0.216265,-0.0904287,0.972138,-0.402595,-0.134419,-0.507589
2282,-0.203396,0.196443,-0.130089,0.971847,-0.423883,-0.119053,-0.512116
2283,-0.291746,0.173318,-0.143589,0.974342,-0.403258,-0.134888,-0.558457
2284,-0.73873,-0.885362,0.374556,-0.275393,0.217085,-0.130751,0.324767
2285,-0.773157,0.887509,-0.377872,0.263705,0.230504,-0.135349,0.331124
2286,-0.70579,0.819952,-0.448416,0.355812,0.214567,-0.118301,0.343283
2287,-0.698536,0.913231,-0.334102,0.233207,0.205567,-0.137461,0.299981
2288,-0.615459,0.975484,-0.114465,-0.18796,-0.357081,-0.149624,-0.608978
2289,-0.530222,-0.927294,0.315987,0.200695,-0.375326,-0.145671,-0.599672
2290,-0.600857,-0.979152,0.105807,0.173399,-0.341358,-0.150891,-0.635104
2291,-0.503837,-0.974592,0.110619,0.194765,-0.35254,-0.150382,-0.591026
2292,-0.766826,0.0672954,-0.244324,-0.967356,0.194853,-0.161526,0.230915
2293,-0.687922,-0.0476451,0.396183,0.916935,0.192986,-0.153917,0.253254
2294,0.781342,-0.997698,0.0393206,-0.055243,0.176816,-0.168029,0.20194
2295,0.679105,-0.993977,0.0462818,-0.0993328,0.213387,-0.16161,0.236745
2296,-0.414352,0.96757,-0.118627,-0.223016,-0.36515,-0.148495,-0.517209
2297,-0.330971,-0.91198,0.340503,0.228801,-0.37978,-0.144615,-0.503861
2298,-0.401933,-0.97081,0.114128,0.210956,-0.35739,-0.149789,-0.546102
2299,-0.290668,-0.968271,0.115862,0.221419,-0.3562,-0.149217,-0.500971
2300,0.659704,0.984748,-0.0854792,0.151543,0.25496,-0.152728,0.300458
2301,0.651854,-0.948311,0.251594,-0.193407,0.249415,-0.147127,0.319744
2302,0.647064,-0.989054,0.0608025,-0.134448,0.244207,-0.156648,0.272382
2303,0.571995,-0.984431,0.0758196,-0.158578,0.270521,-0.153019,0.309197
2304,0.259482,-0.532346,0.140084,0.834856,-0.303655,0.131272,-0.801328
2305,0.275218,0.527216,-0.146253,-0.837051,-0.284507,0.13605,-0.809946
2306,0.232434,0.571245,-0.15894,-0.805243,-0.302437,0.120157,-0.822165
2307,0.175877,0.494025,-0.0930347,-0.864456,-0.32146,0.136002,-0.77031
2308,-0.0637361,0.148755,-0.186259,-0.971174,0.303917,-0.143393,0.43205
2309,-0.179592,-0.165022,0.135935,0.976877,0.303399,-0.140425,0.45896
2310,-0.0779687,-0.135658,0.181456,0.973997,0.292488,-0.140431,0.420543
2311,-0.0209883,-0.192934,0.0748865,0.97835,0.314536,-0.147583,0.416232
2312,0.198357,-0.67702,-0.653649,-0.338211,-0.258915,0.120179,-0.858911
2313,0.150607,0.757016,0.513525,0.404004,-0.262837,0.131298,-0.838419
2314,0.191799,0.679355,0.643578,0.352538,-0.232248,0.113825,-0.884782
2315,0.0857549,0.657892,0.670274,0.343382,-0.279367,0.113817,-0.851276
2316,0.338546,0.0830549,-0.179983,-0.980157,0.282295,-0.127835,0.461571
2317,0.363696,-0.101419,0.193783,0.975788,0.291627,-0.132748,0.473015
2318,0.278415,-0.00103042,0.186048,0.98254,0.271711,-0.11682,0.475515
2319,0.456277,-0.0639974,0.256747,0.964358,0.282638,-0.13255,0.436009
2320,-0.353577,-0.531673,0.0895592,0.842201,-0.340812,0.12009,-0.780209
2321,-0.272698,0.582645,-0.141835,-0.800255,-0.32171,0.11378,-0.811983
2322,-0.372634,0.540479,-0.072072,-0.838265,-0.358593,0.113682,-0.767732
2323,-0.315787,0.497905,-0.0863556,-0.862921,-0.339344,0.131198,-0.759373
2324,0.49933,0.977064,-0.11069,0.181915,0.298642,-0.148342,0.376263
2325,0.430441,-0.929166,0.312606,-0.1973,0.289849,-0.143836,0.393389
2326,0.495491,-0.979857,0.0936011,-0.176407,0.29313,-0.150534,0.347669
2327,0.402718,-0.974616,0.110504,-0.194711,0.3119,-0.149126,0.387598
2328,-0.286959,-0.466417,0.0678841,0.881956,-0.301134,0.146667,-0.758414
2329,-0.184531,0.49248,-0.101446,-0.864391,-0.284634,0.143751,-0.788407
2330,-0.284427,0.463783,-0.0670214,-0.88341,-0.318812,0.143696,-0.748936
2331,-0.279127,0.446691,-0.0250945,-0.894336,-0.297673,0.150614,-0.736825
2332,0.31914,0.964808,-0.131612,0.227648,0.325989,-0.147533,0.45724
2333,0.235997,-0.911122,0.345888,-0.224093,0.31349,-0.143537,0.471563
2334,0.309566,-0.968086,0.123601,-0.21802,0.326517,-0.148611,0.428819
2335,0.217625,-0.960375,0.12999,-0.246543,0.336554,-0.148734,0.471038
2336,0.0150307,-0.424734,-0.881347,-0.206952,-0.288018,0.0755361,-0.878942
2337,0.0100178,0.530579,0.799182,0.282478,-0.294661,0.0920135,-0.861264
2338,0.0451532,0.448405,0.873434,0.189858,-0.258696,0.0667824,-0.904937
2339,-0.104117,0.363628,0.902109,0.232326,-0.308147,0.0667644,-0.867803
2340,-0.620886,0.753233,-0.521377,0.401008,0.173146,-0.0721895,0.34374
2341,-0.64061,-0.737417,0.544084,-0.400237,0.164303,-0.0633226,0.340575
2342,-0.610911,-0.80814,0.471965,-0.352361,0.169859,-0.0894441,0.327408
2343,-0.663505,-0.668527,0.565356,-0.48316,0.18504,-0.0631369,0.363069
2344,-0.123126,0.697138,-0.286186,-0.65734,-0.246135,0.0920254,-0.896667
2345,-0.20451,-0.655275,0.224681,0.721203,-0.274207,0.0997424,-0.870574
2346,-0.0950036,-0.681552,0.308923,0.663365,-0.224628,0.0997457,-0.90324
2347,-0.152667,-0.731931,0.294112,0.614634,-0.237266,0.0755428,-0.913352
2348,-0.368826,-0.126179,-0.720478,-0.681902,0.144839,-0.0899079,0.307164
2349,-0.407865,0.212695,0.772023,0.598951,0.150046,-0.0724683,0.323033
2350,-0.350477,0.128754,0.751682,0.646835,0.128501,-0.0985365,0.290258
2351,-0.429728,0.120826,0.720282,0.683078,0.155808,-0.0980168,0.308373
2352,0.178256,-0.801137,0.171879,0.573269,-0.269362,0.0390658,-0.9089
2353,0.272753,0.77583,-0.259282,-0.575205,-0.248396,0.0485435,-0.919322
2354,0.223778,0.805066,-0.220764,-0.550574,-0.257454,0.0197528,-0.920692
2355,0.0705107,0.755628,-0.0673564,-0.651528,-0.29979,0.0485329,-0.883375
2356,0.264264,0.0299512,0.676447,0.735882,0.192038,-0.0889782,0.351153
2357,0.301972,-0.0812807,-0.696568,-0.712872,0.180443,-0.0974145,0.330311
2358,0.275624,-0.0197741,-0.680747,-0.732252,0.202123,-0.0968169,0.355762
2359,0.259976,-0.10677,-0.738836,-0.665373,0.193348,-0.0719552,0.367579
2360,0.123287,-0.635377,0.100088,0.765688,-0.338131,0.0919636,-0.819945
2361,0.168549,0.620433,-0.135189,-0.77252,-0.319094,0.0997104,-0.831784
2362,0.0715865,0.666806,-0.0632567,-0.742541,-0.333826,0.0754949,-0.838286
2363,0.065547,0.571989,-0.0510043,-0.818674,-0.358528,0.0996252,-0.787667
2364,0.178055,0.249919,0.736027,0.629129,0.182152,-0.0353644,0.373115
2365,0.211275,-0.30072,-0.755892,-0.581545,0.169727,-0.0448555,0.355028
2366,0.213101,-0.224493,-0.756296,-0.614507,0.188621,-0.0447789,0.377991
2367,0.142577,-0.354999,-0.729829,-0.58423,0.188234,-0.0162764,0.386408
2368,-0.481687,-0.399409,-0.000552899,0.916773,-0.355875,0.146403,-0.672592
2369,-0.38219,0.43049,-0.032099,-0.902024,-0.347593,0.143569,-0.705572
2370,-0.474646,0.39212,0.00167816,-0.919913,-0.3705,0.143342,-0.659198
2371,-0.475775,0.389474,0.00174935,-0.921036,-0.347033,0.150352,-0.652637
2372,-0.430176,-0.00389635,-0.525205,-0.850967,0.162948,-0.134477,0.271376
2373,-0.478226,0.0528444,0.639101,0.767305,0.16494,-0.12073,0.291478
2374,-0.443916,0.0290383,0.554485,0.831687,0.14611,-0.141735,0.250741
2375,-0.550182,-0.00209712,0.528209,0.849112,0.177284,-0.139748,0.272628
2376,0.0685318,-0.455222,0.0336987,0.88974,-0.369254,0.131031,-0.713429
2377,0.0806878,0.454164,-0.040139,-0.890013,-0.352981,0.135881,-0.72643
2378,0.0392541,0.480974,-0.0233116,-0.876425,-0.373398,0.119939,-0.733895
2379,-0.00839795,0.407382,0.00984796,-0.913205,-0.378491,0.135657,-0.679177
2380,0.435115,-0.0753634,-0.66577,-0.742341,0.135845,-0.121774,0.271911
2381,0.359437,0.0579542,0.63831,0.767595,0.152315,-0.113837,0.290467
2382,0.436835,0.0748301,0.668508,0.739931,0.123,-0.114583,0.272913
2383,0.429631,0.0365485,0.561009,0.827003,0.131633,-0.135926,0.252287
2384,-0.223253,0.926162,0.128453,0.354576,-0.363126,0.150083,-0.607046
2385,-0.150966,-0.870826,-0.347444,-0.34777,-0.374434,0.146128,-0.625665
2386,-0.203866,-0.933323,-0.125278,-0.336471,-0.362224,0.150932,-0.575126
2387,-0.120233,-0.921081,-0.124824,-0.368822,-0.35035,0.151245,-0.620624
2388,-0.525631,0.985772,-0.148588,0.0785798,0.159319,-0.157579,0.226773
2389,-0.476392,-0.983606,0.164743,-0.0733357,0.143032,-0.15366,0.228337
2390,-0.53266,-0.996592,0.0712128,-0.0416349,0.157535,-0.167074,0.200623
2391,-0.617914,-0.971808,0.200413,-0.12419,0.176733,-0.150925,0.250429
2392,-0.0493297,0.901219,0.124082,0.41522,-0.325081,0.150523,-0.696198
2393,0.0228082,-0.850343,-0.343656,-0.398518,-0.331307,0.14658,-0.717141
2394,-0.0308661,-0.90887,-0.123358,-0.398421,-0.332525,0.15146,-0.664673
2395,0.065626,-0.897141,-0.121408,-0.424732,-0.309125,0.151586,-0.706403
2396,-0.637825,0.864041,-0.404725,0.299383,0.191278,-0.119516,0.315422
2397,-0.619735,-0.86334,0.408634,-0.296077,0.179017,-0.11288,0.312287
2398,-0.656023,-0.913809,0.334194,-0.230798,0.191538,-0.132637,0.295864
2399,-0.679783,-0.816894,0.44842,-0.362772,0.202789,-0.111889,0.338055
2400,-0.082722,-0.520121,0.136071,0.843184,-0.226164,0.146723,-0.827661
2401,0.0214924,0.542922,-0.168532,-0.822698,-0.202496,0.143781,-0.852345
2402,-0.0810348,0.518615,-0.136124,-0.844102,-0.245667,0.143774,-0.823086
2403,-0.0732618,0.495739,-0.050037,-0.867029,-0.228383,0.150681,-0.805907
2404,0.249525,0.0552932,0.778018,0.625804,0.211772,-0.0355374,0.424141
2405,0.240483,-0.13112,-0.771497,-0.622576,0.204389,-0.0448215,0.40341
2406,0.292491,-0.0268203,-0.799847,-0.599605,0.216839,-0.0449959,0.430832
2407,0.239405,-0.159932,-0.79153,-0.589833,0.214181,-0.0165625,0.438306
2408,0.466224,-0.58591,0.246151,0.772088,-0.217527,0.131304,-0.869828
2409,0.48202,0.580776,-0.249467,-0.774897,-0.196798,0.13607,-0.873155
2410,0.441745,0.628914,-0.295798,-0.719007,-0.210968,0.120181,-0.889674
2411,0.380183,0.556007,-0.199768,-0.806814,-0.242728,0.136066,-0.844444
2412,-0.625444,0.615794,-0.532698,0.580543,0.210415,-0.0718288,0.394097
2413,-0.653377,-0.595192,0.563269,-0.573127,0.202726,-0.0630344,0.388337
2414,-0.660865,-0.68404,0.516134,-0.515456,0.211123,-0.0885883,0.377948
2415,-0.611751,-0.513877,0.536359,-0.669514,0.217146,-0.0630744,0.415861
2416,0.152034,0.877699,0.117285,0.464638,-0.265262,0.15066,-0.773638
2417,0.226309,-0.835777,-0.329033,-0.439561,-0.265903,0.146706,-0.795522
2418,0.16991,-0.885749,-0.119198,-0.448598,-0.280533,0.151651,-0.744934
2419,0.273033,-0.874053,-0.115757,-0.471838,-0.247246,0.151686,-0.779448
2420,-0.375911,0.0623883,0.831124,0.552577,0.221981,-0.0168893,0.466578
2421,-0.372304,0.0487682,-0.815011,-0.577389,0.221513,-0.0358189,0.45233
2422,-0.337457,0.0012272,-0.848042,-0.529928,0.224734,-0.00747004,0.488079
2423,-0.406385,-0.0868321,-0.806642,-0.584627,0.219715,-0.00709138,0.459246
2424,0.353683,0.851882,0.106998,0.512688,-0.187586,0.150686,-0.833123
2425,0.428868,-0.821907,-0.301605,-0.483222,-0.182549,0.146726,-0.854367
2426,0.372638,-0.861221,-0.111397,-0.495872,-0.209752,0.151699,-0.809346
2427,0.473004,-0.847014,-0.106047,-0.520886,-0.16866,0.1517,-0.834145
2428,-0.483655,0.259239,0.757422,0.599255,0.202884,-0.0163529,0.411423
2429,-0.462607,-0.156662,-0.751308,-0.641088,0.198593,-0.0353843,0.397574
2430,-0.46178,-0.18249,-0.767305,-0.614768,0.211089,-0.00681521,0.431424
2431,-0.507241,-0.280955,-0.731711,-0.621018,0.198994,-0.00665949,0.405132
2432,-0.154536,0.420837,0.14535,-0.895416,-0.433959,0.0749053,-0.68763
2433,-0.175778,-0.408546,-0.166073,0.897502,-0.44545,0.0660191,-0.668621
2434,-0.115987,-0.422063,-0.10209,0.9008,-0.431157,0.0912987,-0.669282
2435,-0.13445,-0.513344,-0.126756,0.84877,-0.421604,0.0663418,-0.72396
2436,0.218514,0.371834,0.762467,0.529512,0.140419,-0.0356678,0.331939
2437,0.398076,-0.290232,-0.853002,-0.433767,0.123666,-0.0452854,0.317616
2438,0.248391,-0.34512,-0.777882,-0.525159,0.147969,-0.0450305,0.334821
2439,0.0774207,-0.532214,-0.68211,-0.501472,0.149779,-0.0165306,0.343378
2440,-0.371755,0.484867,0.821795,0.29926,-0.447655,0.0908768,-0.613658
2441,-0.369428,-0.350414,-0.889203,-0.294156,-0.452756,0.0745166,-0.631402
2442,-0.35061,-0.521209,-0.804621,-0.284474,-0.448922,0.0983023,-0.576726
2443,-0.305952,-0.505527,-0.808745,-0.300623,-0.437547,0.0987728,-0.63253
2444,-0.456579,0.880128,-0.390541,0.269914,0.124339,-0.0727698,0.305614
2445,-0.427544,-0.875691,0.371018,-0.309047,0.114778,-0.0638463,0.304954
2446,-0.433383,-0.91016,0.341187,-0.234949,0.11727,-0.0902952,0.290584
2447,-0.574257,-0.803066,0.490459,-0.33843,0.140777,-0.0635715,0.321158
2448,-0.534609,0.508347,0.0479723,-0.859815,-0.407024,0.0916235,-0.722937
2449,-0.586766,-0.427417,-0.083206,0.900217,-0.418338,0.0991594,-0.68697
2450,-0.511998,-0.506155,-0.0225762,0.862147,-0.391823,0.0994476,-0.739055
2451,-0.592298,-0.518502,-0.0959774,0.849673,-0.407487,0.0751994,-0.741579
2452,-0.543354,0.445241,0.707397,0.548953,0.170443,-0.0163402,0.363614
2453,-0.478632,-0.328989,-0.735408,-0.592403,0.162662,-0.0354602,0.351149
2454,-0.547745,-0.379613,-0.699093,-0.60594,0.18359,-0.00664751,0.380785
2455,-0.591819,-0.479016,-0.662502,-0.575877,0.165109,-0.00677328,0.358724
2456,-0.705118,0.489714,0.214433,-0.845103,-0.432351,0.0386199,-0.722337
2457,-0.710329,-0.392371,-0.212629,0.894893,-0.44575,0.047896,-0.685976
2458,-0.680759,-0.505028,-0.186052,0.842812,-0.419696,0.0481795,-0.741312
2459,-0.764768,-0.460907,-0.272412,0.844604,-0.427824,0.0193981,-0.738265
2460,0.752187,-0.450467,0.873088,-0.186537,0.126617,-0.0168427,0.325958
2461,-0.112099,-0.182149,-0.913168,-0.364617,0.115778,-0.035958,0.315737
2462,-0.690673,-0.601121,-0.580429,-0.549323,0.143865,-0.00703282,0.339275
2463,0.527669,0.240643,-0.965088,0.103427,0.120241,-0.00740815,0.322673
2464,-0.284006,0.769823,0.551558,0.321179,-0.409751,0.130386,-0.61322
2465,-0.245393,-0.651525,-0.691787,-0.311362,-0.41888,0.119312,-0.631851
2466,-0.261737,-0.787091,-0.53775,-0.30218,-0.409709,0.134916,-0.578309
2467,-0.191287,-0.77551,-0.540066,-0.326975,-0.397559,0.135332,-0.629478
2468,0.471176,-0.0814557,0.402034,-0.911994,0.42259,-0.0750823,0.350449
2469,0.444751,0.0915503,-0.386057,0.917921,0.433717,-0.0666101,0.370298
2470,0.486477,0.0167528,-0.376702,0.926183,0.418233,-0.0911051,0.369023
2471,0.491694,0.102773,-0.417024,0.903066,0.413785,-0.0665941,0.312093
2472,-0.68895,-0.264892,-0.147986,0.952855,-0.430766,0.118862,-0.578183
2473,-0.614994,0.338709,0.102828,-0.935255,-0.430225,0.112769,-0.614248
2474,-0.683074,0.249178,0.155632,-0.955871,-0.439356,0.112291,-0.559533
2475,-0.662777,0.277672,0.112905,-0.954018,-0.41938,0.129935,-0.560875
2476,0.172072,-0.62114,-0.736324,-0.26835,0.434241,-0.0912475,0.425282
2477,0.197922,0.5098,0.812998,0.281314,0.440074,-0.0752127,0.408107
2478,0.169076,0.611985,0.744266,0.267473,0.43622,-0.0989032,0.46171
2479,0.273203,0.63563,0.718825,0.281541,0.423526,-0.0986676,0.406046
2480,-0.172195,0.313962,0.0687511,-0.946943,-0.386567,0.145758,-0.577253
2481,-0.171545,-0.299946,-0.0704039,0.951355,-0.396982,0.142603,-0.561074
2482,-0.167578,-0.319071,-0.0303807,0.947244,-0.372996,0.149719,-0.560252
2483,-0.079066,-0.348389,-0.0353607,0.936683,-0.387102,0.143016,-0.610746
2484,0.0605977,-0.0268725,0.395645,-0.91801,0.398375,-0.0913853,0.313494
2485,0.0208853,0.00812448,-0.385593,0.922633,0.406063,-0.0986736,0.350904
2486,0.0681752,0.0205013,-0.399771,0.916386,0.385283,-0.0993824,0.296943
2487,0.038146,0.0947622,-0.427172,0.899191,0.40174,-0.0753285,0.293257
2488,-0.0443391,0.419717,0.0366054,-0.906916,-0.399577,0.119677,-0.684087
2489,-0.061004,-0.417919,-0.0492266,0.90715,-0.413384,0.113176,-0.667821
2490,-0.0178104,-0.404427,-0.0156217,0.914437,-0.392881,0.130758,-0.664375
2491,0.0166132,-0.48473,0.00741407,0.874633,-0.389331,0.113484,-0.719354
2492,-0.0104014,-0.181366,0.422443,-0.888059,0.425577,-0.0396354,0.314205
2493,-0.048826,0.155217,-0.401695,0.902524,0.435693,-0.0489109,0.352779
2494,0.00714119,0.174177,-0.437357,0.882259,0.414796,-0.0488464,0.293368
2495,-0.0201943,0.256306,-0.434965,0.863199,0.423761,-0.0208748,0.297316
2496,-0.6347,0.688434,0.149003,-0.709829,-0.363465,0.0389759,-0.825644
2497,-0.637185,-0.606232,-0.146131,0.781747,-0.386208,0.0483732,-0.793366
2498,-0.562725,-0.692618,-0.0756284,0.717329,-0.345995,0.0484836,-0.841083
2499,-0.746483,-0.664971,-0.25842,0.700737,-0.354986,0.0196883,-0.840034
2500,0.257106,-0.836367,-0.479694,-0.265299,0.394999,-0.129293,0.423302
2501,0.33284,0.745099,0.606866,0.276662,0.40422,-0.11849,0.405736
2502,0.269668,0.828094,0.486377,0.278744,0.395504,-0.134024,0.456962
2503,0.379017,0.840942,0.472313,0.264078,0.382948,-0.133914,0.406966
2504,-0.0298902,0.602342,0.029513,-0.797692,-0.37388,0.0753924,-0.792161
2505,-0.0783955,-0.604837,-0.0740975,0.792894,-0.390341,0.0665701,-0.776328
2506,0.02523,-0.580648,0.0182839,0.813949,-0.375825,0.0918458,-0.773531
2507,0.00507143,-0.678091,0.00327951,0.734971,-0.352277,0.0667032,-0.824639
2508,-0.102715,-0.125568,-0.277119,0.952595,0.416932,-0.118691,0.458747
2509,-0.0238369,0.0825235,0.314745,-0.945582,0.415757,-0.112367,0.423562
2510,-0.115885,0.117278,0.267453,-0.956407,0.42668,-0.112648,0.477659
2511,-0.0755308,0.182609,0.230937,-0.955679,0.4059,-0.129546,0.474581
2512,-0.45195,0.103681,-0.971167,-0.214675,-0.3089,0.0197402,-0.883498
2513,-0.297997,0.115042,0.968861,0.219258,-0.319187,0.0390438,-0.870302
2514,-0.584898,-0.242273,0.939288,0.242986,-0.277596,0.00991633,-0.908363
2515,-0.560472,-0.192101,0.946588,0.258976,-0.327229,0.00989237,-0.868669
2516,0.447744,0.229164,0.156592,-0.960709,0.372728,-0.144219,0.456187
2517,0.447598,-0.235428,-0.158407,0.958896,0.383456,-0.141529,0.47253
2518,0.454447,-0.258994,-0.0579683,0.964138,0.360103,-0.148026,0.471342
2519,0.522197,-0.206062,-0.174545,0.962846,0.372726,-0.141334,0.424282
2520,-0.499144,0.0767406,-0.958188,-0.275658,-0.394877,0.0195791,-0.791271
2521,-0.430714,0.0818166,0.951987,0.295002,-0.401446,0.0388402,-0.77597
2522,-0.547818,-0.151954,0.949051,0.276064,-0.37116,0.00982449,-0.823058
2523,-0.533994,-0.112958,0.951491,0.286191,-0.4086,0.00969672,-0.772542
2524,0.548946,0.0613015,0.347069,-0.935834,0.386917,-0.118727,0.353691
2525,0.527267,-0.0568422,-0.344521,0.937056,0.39982,-0.11236,0.370102
2526,0.562122,-0.125204,-0.281654,0.951312,0.379266,-0.129478,0.372989
2527,0.577841,-0.0425591,-0.354396,0.934126,0.380067,-0.113038,0.317942
2528,-0.736388,0.239283,0.242829,-0.940094,-0.470464,0.0379245,-0.607472
2529,-0.750121,-0.129122,-0.250551,0.959454,-0.473398,0.0470782,-0.569719
2530,-0.7334,-0.264842,-0.233694,0.935546,-0.463794,0.047522,-0.628436
2531,-0.766356,-0.20749,-0.268935,0.940543,-0.470105,0.0188092,-0.623753
2532,0.0512685,-0.138079,0.440396,-0.887122,0.380701,-0.0403042,0.193696
2533,0.0409012,0.173792,-0.453281,0.874261,0.392141,-0.0493055,0.234283
2534,0.0541475,0.133715,-0.441519,0.887232,0.369741,-0.0508208,0.174957
2535,0.0251197,0.24077,-0.46211,0.853513,0.378644,-0.0209008,0.174161
2536,-0.238621,0.184335,0.224627,-0.956851,-0.463338,0.0740455,-0.573887
2537,-0.241896,-0.160196,-0.229995,0.959916,-0.468763,0.0651207,-0.553182
2538,-0.225782,-0.209061,-0.197365,0.957779,-0.456059,0.090387,-0.55697
2539,-0.210636,-0.288336,-0.200195,0.936368,-0.461302,0.0656005,-0.611387
2540,0.566132,-0.0922166,0.432486,-0.896912,0.37906,-0.0765856,0.237389
2541,0.528024,0.0984861,-0.427924,0.898433,0.391586,-0.067203,0.254554
2542,0.576783,0.0264089,-0.396371,0.917711,0.376121,-0.0927083,0.259541
2543,0.555722,0.0719646,-0.414696,0.90711,0.368655,-0.0692048,0.198379
2544,-0.488802,0.011634,-0.958381,-0.285255,-0.45307,0.0191392,-0.682048
2545,-0.452801,0.128392,0.946614,0.295698,-0.455548,0.0383151,-0.665805
2546,-0.518241,-0.0763925,0.954351,0.288754,-0.438745,0.00949841,-0.718147
2547,-0.500182,-0.0418748,0.957653,0.284865,-0.460956,0.00923088,-0.66096
2548,0.451767,0.277889,0.877395,0.391097,0.358981,-0.0218704,0.108784
2549,0.575118,-0.448069,-0.827519,-0.3383,0.359626,-0.0424052,0.132576
2550,0.446109,-0.217955,-0.890736,-0.398855,0.350717,-0.0114889,0.0596537
2551,0.267639,-0.218782,-0.882741,-0.415816,0.367039,-0.0108826,0.13163
2552,-0.465986,-0.0472128,-0.962739,-0.266278,-0.47855,0.0184292,-0.564405
2553,-0.455812,0.180088,0.946906,0.26634,-0.476852,0.0374892,-0.54829
2554,-0.481405,-0.0111144,0.961503,0.274569,-0.474737,0.0089028,-0.602115
2555,-0.466656,0.0172025,0.965725,0.258998,-0.479917,0.0085481,-0.542515
2556,0.246716,0.262651,0.880962,0.3936,0.401002,-0.020777,0.236512
2557,0.295422,-0.421865,-0.840847,-0.339125,0.403306,-0.0396833,0.25426
2558,0.251182,-0.258046,-0.879662,-0.399509,0.387781,-0.0109958,0.197
2559,0.203017,-0.257679,-0.886433,-0.384496,0.410675,-0.0111794,0.258731
2560,-0.671007,-0.0980626,0.541251,0.835124,-0.23742,0.076348,-0.44346
2561,-0.740961,0.101196,-0.600345,-0.793313,-0.235222,0.0678725,-0.452838
2562,-0.641864,0.155526,-0.472422,-0.867542,-0.250797,0.0923775,-0.454287
2563,-0.71305,-0.0235224,-0.577969,-0.81572,-0.226061,0.0677627,-0.42374
2564,-0.167371,-0.12236,0.30787,-0.943527,0.461201,-0.0398085,0.433289
2565,-0.241397,0.0503549,-0.250751,0.966741,0.465196,-0.0490553,0.470885
2566,-0.131812,0.11261,-0.340684,0.93341,0.453091,-0.0490167,0.41193
2567,-0.165609,0.167734,-0.318695,0.932898,0.461876,-0.020982,0.417214
2568,-0.45849,-0.550281,0.645949,-0.529094,-0.25564,0.0925033,-0.486351
2569,-0.551717,0.436656,-0.676348,0.593199,-0.243839,0.0764172,-0.473955
2570,-0.449747,0.511694,-0.681496,0.523194,-0.262254,0.100081,-0.509328
2571,-0.465791,0.571842,-0.668847,0.475016,-0.2604,0.0999879,-0.476062
2572,0.319794,0.00164636,0.281503,-0.959559,0.452568,-0.0753844,0.465772
2573,0.280374,0.0103743,-0.248596,0.968552,0.460013,-0.0668802,0.486717
2574,0.338009,-0.0500209,-0.271986,0.961,0.44498,-0.0914851,0.481727
2575,0.376426,0.0600149,-0.330415,0.941926,0.449641,-0.0667678,0.428581
2576,0.259522,0.669859,-0.63133,0.390784,-0.241742,0.092116,-0.423437
2577,0.317365,-0.626587,0.655028,-0.422287,-0.254163,0.099767,-0.443681
2578,0.277605,-0.673961,0.637295,-0.373673,-0.243616,0.0994362,-0.412605
2579,0.238164,-0.578722,0.695922,-0.425175,-0.227017,0.0761411,-0.414323
2580,0.153379,0.240798,0.909562,0.338694,0.444707,-0.020992,0.357494
2581,0.155963,-0.380104,-0.876079,-0.296658,0.445501,-0.0397625,0.373937
2582,0.176915,-0.253514,-0.899028,-0.357041,0.433083,-0.0113797,0.319446
2583,0.128364,-0.227486,-0.920759,-0.316944,0.452971,-0.0114197,0.379411
2584,0.114476,0.482467,-0.677472,0.55521,-0.213982,0.0409271,-0.421799
2585,0.112608,-0.408462,0.675805,-0.613552,-0.224246,0.0501367,-0.441296
2586,0.171933,-0.482093,0.712775,-0.509449,-0.213598,0.0500775,-0.413622
2587,0.085342,-0.441739,0.679869,-0.585358,-0.20345,0.0221838,-0.410862
2588,-0.0143163,0.175678,0.96676,0.185774,0.473391,-0.0208522,0.476728
2589,-0.0313882,-0.305826,-0.935926,-0.174682,0.470985,-0.0397605,0.492474
2590,0.0476285,-0.185357,-0.951641,-0.244994,0.468275,-0.0113205,0.439064
2591,-0.0939726,-0.137632,-0.98361,-0.116487,0.477295,-0.0111016,0.498623
2592,-0.356088,-0.80283,0.472091,-0.364135,-0.295667,0.130711,-0.48864
2593,-0.431498,0.699824,-0.595698,0.394197,-0.280099,0.119831,-0.476675
2594,-0.356814,0.78997,-0.492733,0.364913,-0.303752,0.135547,-0.513954
2595,-0.438872,0.80872,-0.477294,0.343747,-0.302065,0.135203,-0.475817
2596,0.729859,-0.0824327,-0.240809,0.967066,0.312521,-0.137761,0.235361
2597,0.750297,0.0737598,0.229122,-0.970599,0.29636,-0.144575,0.22625
2598,0.726612,0.0326182,0.312659,-0.949305,0.318302,-0.128146,0.212205
2599,0.698348,0.0862073,0.262988,-0.96094,0.321967,-0.139369,0.267505
2600,0.528762,-0.665537,0.616569,-0.420598,-0.281727,0.120065,-0.512209
2601,0.42281,0.68683,-0.588563,0.426448,-0.274307,0.113741,-0.488169
2602,0.486781,0.646787,-0.609769,0.458092,-0.274434,0.113889,-0.523079
2603,0.603977,0.779442,-0.490722,0.389438,-0.295605,0.13099,-0.526029
2604,0.706315,0.840097,0.515122,0.16996,0.292387,-0.135856,0.172038
2605,0.652881,-0.881656,-0.445573,-0.155393,0.286086,-0.144437,0.195413
2606,0.689979,-0.818966,-0.550773,-0.161068,0.282536,-0.135872,0.141337
2607,0.697476,-0.803077,-0.56228,-0.197251,0.308441,-0.126378,0.179719
2608,-0.302832,-0.318688,0.090743,0.943506,-0.327439,0.145855,-0.514633
2609,-0.31819,0.338205,-0.0963824,-0.936124,-0.318818,0.14313,-0.527967
2610,-0.292028,0.323735,-0.0236088,-0.945853,-0.343172,0.149757,-0.528928
2611,-0.420921,0.299113,-0.126838,-0.94575,-0.318771,0.142763,-0.487797
2612,0.123585,-0.0346364,-0.343469,0.938525,0.34309,-0.12292,0.256089
2613,0.140809,0.036087,0.322504,-0.94588,0.333593,-0.11945,0.22199
2614,0.127162,0.0352346,0.348232,-0.936746,0.357702,-0.115163,0.268253
2615,0.160865,0.0923177,0.270261,-0.958351,0.337245,-0.133224,0.278447
2616,-0.557443,-0.188453,0.345826,0.919179,-0.273697,0.119494,-0.441982
2617,-0.579542,0.201056,-0.360445,-0.910855,-0.269558,0.113467,-0.453961
2618,-0.548468,0.237683,-0.264411,-0.934662,-0.290636,0.130349,-0.451873
2619,-0.65255,0.12705,-0.402248,-0.906673,-0.260175,0.113114,-0.42087
2620,0.176385,-0.12654,-0.147076,0.980998,0.299693,-0.150083,0.278725
2621,0.207449,0.119372,0.121852,-0.985344,0.290084,-0.150358,0.248207
2622,0.189534,0.137723,0.15445,-0.978354,0.315414,-0.145908,0.288911
2623,0.207774,0.15808,0.00384989,-0.987419,0.292902,-0.152605,0.299141
2624,0.246909,0.566901,-0.757855,0.322923,-0.184278,0.0405671,-0.371586
2625,0.224208,-0.534525,0.74287,-0.403022,-0.199368,0.0498758,-0.387744
2626,0.284506,-0.561631,0.77557,-0.288205,-0.181801,0.0495511,-0.363985
2627,0.250176,-0.519462,0.782351,-0.343636,-0.171095,0.021903,-0.363483
2628,-0.748885,-0.0375199,0.369718,-0.928386,0.333234,-0.0872127,0.136486
2629,0.718626,-0.713002,-0.659294,-0.238661,0.328779,-0.102963,0.163201
2630,-0.762906,-0.00817333,-0.317497,0.948224,0.324781,-0.0845594,0.101453
2631,0.714077,-0.602642,-0.746267,-0.28268,0.346205,-0.0743836,0.14628
2632,-0.665709,0.13703,0.533669,0.834518,-0.212778,0.0758223,-0.386912
2633,-0.695555,-0.146231,-0.562783,-0.813567,-0.213116,0.0675131,-0.396282
2634,-0.704193,-0.0427736,-0.508542,-0.859974,-0.228554,0.0917706,-0.39412
2635,-0.675008,-0.269417,-0.547363,-0.792343,-0.196553,0.067169,-0.370772
2636,0.0896968,0.0269808,0.274549,-0.961195,0.304964,-0.113056,0.122526
2637,0.095074,-0.00242685,-0.322432,0.946589,0.314087,-0.114283,0.154903
2638,0.0715486,-0.0180293,-0.257794,0.966032,0.289467,-0.125167,0.11664
2639,0.0508425,-0.00262343,-0.300273,0.95385,0.311202,-0.0990836,0.0957913
2640,-0.296712,0.510581,-0.832185,0.216276,-0.150513,0.0215543,-0.343379
2641,-0.30861,-0.562835,0.80332,-0.194665,-0.164674,0.0402004,-0.349836
2642,-0.222293,-0.489893,0.86066,-0.138812,-0.132157,0.0118396,-0.331496
2643,-0.328211,-0.528204,0.808127,-0.260639,-0.154457,0.0122409,-0.349426
2644,-0.48266,0.495169,-0.733306,0.465908,-0.188844,0.0221173,-0.386081
2645,-0.465758,-0.537379,0.719008,-0.440738,-0.200806,0.0408186,-0.395666
2646,-0.426183,-0.531985,0.754457,-0.384429,-0.174222,0.0125104,-0.370056
2647,-0.521324,-0.505251,0.697547,-0.508085,-0.191105,0.0126328,-0.393099
2648,0.682977,0.0146179,-0.35749,0.933803,0.340768,-0.0501168,0.0784449
2649,0.777497,-0.0204759,0.338592,-0.940711,0.32971,-0.066672,0.0715918
2650,0.689505,-0.0582899,0.383615,-0.921651,0.343319,-0.0269653,0.0437906
2651,0.629137,-0.0790076,0.40466,-0.911048,0.348811,-0.0551751,0.1181
2652,-0.064842,0.297779,-0.547577,0.781976,-0.229468,0.0407281,-0.478628
2653,-0.0856701,-0.181956,0.532384,-0.826716,-0.23424,0.0498712,-0.500279
2654,0.0327918,-0.310739,0.621267,-0.719353,-0.231164,0.0500595,-0.470335
2655,-0.112605,-0.257196,0.530565,-0.807682,-0.222302,0.021889,-0.46549
2656,0.642979,0.014102,-0.37626,0.926407,0.352608,-0.096226,0.208983
2657,0.688781,-0.0133861,0.369823,-0.929006,0.338423,-0.106363,0.197801
2658,0.636342,-0.0678384,0.411764,-0.908762,0.355935,-0.0799976,0.184178
2659,0.623959,-0.0224588,0.395641,-0.918131,0.362389,-0.101556,0.245336
2660,-0.75087,-0.335845,0.602981,0.723617,-0.2462,0.0763667,-0.505324
2661,0.665672,-0.279861,0.547579,-0.788565,-0.241686,0.0677201,-0.51416
2662,-0.628666,0.366628,-0.473179,-0.801052,-0.256204,0.0925126,-0.519106
2663,0.776382,-0.410652,0.622642,-0.666095,-0.24045,0.0678492,-0.48315
2664,0.0926888,-0.170799,-0.177159,0.969248,0.343745,-0.144926,0.363871
2665,0.15307,0.157479,0.172908,-0.972267,0.337975,-0.143112,0.332007
2666,0.102326,0.179599,0.18044,-0.96705,0.357311,-0.141728,0.377271
2667,0.103178,0.203243,0.0462455,-0.978036,0.334641,-0.148392,0.382232
2668,-0.671734,0.362838,-0.614648,0.700397,-0.214654,0.0221013,-0.437472
2669,-0.625868,-0.403431,0.62426,-0.668986,-0.223578,0.0408918,-0.449597
2670,-0.621133,-0.449535,0.632443,-0.63082,-0.204791,0.0126029,-0.418234
2671,-0.73107,-0.367786,0.553142,-0.747507,-0.215074,0.0124299,-0.445072
2672,0.619694,-0.106564,-0.282941,0.953199,0.359705,-0.130601,0.32447
2673,0.639926,0.102567,0.278808,-0.954854,0.345344,-0.136097,0.311625
2674,0.609642,0.0444246,0.353589,-0.934345,0.366219,-0.119971,0.303457
2675,0.579023,0.1233,0.279937,-0.952068,0.365902,-0.134419,0.358253
2676,0.65226,0.169746,-0.881943,-0.439731,-0.226272,0.0215749,-0.494466
2677,0.694951,-0.225238,0.856757,0.463935,-0.231546,0.0404699,-0.508407
2678,0.716756,-0.0547991,0.873694,0.48338,-0.2218,0.012137,-0.4732
2679,0.58438,-0.127192,0.926578,0.353942,-0.22486,0.0117624,-0.502127
2680,0.298359,-0.966564,-0.10357,-0.23458,0.349679,-0.147891,0.426195
2681,0.40212,0.920434,0.305641,0.243692,0.360452,-0.144207,0.409324
2682,0.313959,0.962843,0.102838,0.249714,0.349327,-0.148826,0.456309
2683,0.407145,0.969928,0.103762,0.220167,0.337433,-0.148878,0.412504
2684,0.644991,-0.875364,0.332722,-0.350762,-0.244857,0.129782,-0.348154
2685,0.629651,0.870861,-0.323746,0.369852,-0.24234,0.134743,-0.332666
2686,0.639286,0.820957,-0.412345,0.394969,-0.226161,0.118733,-0.34574
2687,0.774526,0.856965,-0.386694,0.340703,-0.265112,0.134469,-0.366612
2688,0.481271,-0.976359,-0.116457,-0.1821,0.315541,-0.149868,0.33978
2689,0.57585,0.935286,0.296773,0.192783,0.323324,-0.146779,0.320236
2690,0.492873,0.975132,0.10827,0.193376,0.321088,-0.149667,0.369913
2691,0.56218,0.979334,0.111203,0.168935,0.300841,-0.151519,0.328872
2692,0.367697,0.172354,-0.631408,-0.756055,-0.201524,0.118873,-0.31723
2693,0.44492,-0.217341,0.504331,0.835711,-0.219864,0.13015,-0.316624
2694,0.300466,-0.216657,0.668375,0.711572,-0.179024,0.112564,-0.305111
2695,0.556974,-0.14155,0.615042,0.775685,-0.205305,0.112417,-0.330858
2696,0.185349,-0.0818803,-0.060676,0.994793,0.244016,-0.161424,0.201926
2697,0.171488,0.0733034,0.0207823,-0.997093,0.232026,-0.164126,0.172985
2698,0.206033,0.0990075,0.0754606,-0.992221,0.262386,-0.156459,0.209758
2699,0.252442,0.103939,-0.0700534,-0.992113,0.237667,-0.162252,0.223151
2700,0.183259,-0.792632,0.495603,-0.355122,-0.246618,0.118845,-0.376286
2701,0.0690473,0.826167,-0.441559,0.349963,-0.227847,0.112504,-0.359045
2702,0.211699,0.795728,-0.508042,0.329712,-0.246238,0.112759,-0.38916
2703,0.218178,0.861673,-0.389899,0.324805,-0.265187,0.129762,-0.38144
2704,-0.768758,0.89837,0.423869,0.115179,0.258159,-0.152954,0.1581
2705,-0.759567,-0.928098,-0.362241,-0.0861183,0.239633,-0.160402,0.151195
2706,-0.764601,-0.866674,-0.482251,-0.127711,0.265471,-0.145693,0.135089
2707,-0.783128,-0.909408,-0.395348,-0.129141,0.268922,-0.151714,0.187722
2708,0.261178,-0.917819,0.259864,-0.300131,-0.28356,0.145251,-0.354537
2709,0.123202,0.923473,-0.219131,0.314928,-0.261676,0.142564,-0.334378
2710,0.264311,0.920517,-0.254988,0.296023,-0.284479,0.142118,-0.371282
2711,0.328487,0.962199,-0.0914311,0.25654,-0.3035,0.149218,-0.35923
2712,0.587454,-0.983409,-0.127251,-0.129279,0.266985,-0.156704,0.260329
2713,0.621999,0.953135,0.271931,0.132617,0.273274,-0.154966,0.239407
2714,0.601672,0.983509,0.109533,0.143917,0.277005,-0.154617,0.289546
2715,0.607589,0.987946,0.104869,0.113863,0.249749,-0.159026,0.251905
2716,-0.436041,0.668042,-0.734129,0.121554,-0.173737,0.0750357,-0.338349
2717,-0.779387,-0.813506,0.470882,-0.341289,-0.190583,0.0910665,-0.341174
2718,-0.0783788,-0.494492,0.853119,0.166329,-0.153856,0.0663179,-0.326726
2719,-0.36712,-0.663945,0.736185,-0.131182,-0.176687,0.0667551,-0.34748
2720,0.53041,-0.992223,-0.112505,-0.0532454,0.204214,-0.169281,0.186787
2721,0.468476,0.974194,0.219647,0.0519685,0.211621,-0.169303,0.165523
2722,0.551475,0.992382,0.0969952,0.075955,0.21827,-0.164934,0.215473
2723,0.404749,0.995042,0.0948032,0.0300493,0.181294,-0.172462,0.179084
2724,-0.456664,0.839744,-0.168018,0.516333,-0.16644,0.0908196,-0.318202
2725,-0.204465,-0.809873,0.351591,-0.469563,-0.187533,0.0985106,-0.329912
2726,-0.450849,-0.838417,0.175537,-0.515988,-0.161711,0.0984174,-0.307029
2727,-0.687819,-0.777369,-0.00761165,-0.628999,-0.149609,0.0746577,-0.317841
2728,0.755772,-0.746412,0.402866,-0.529687,0.401669,0.129031,0.40322
2729,0.757893,0.747386,-0.399669,0.530735,0.400702,0.133854,0.422975
2730,0.775454,0.667887,-0.512418,0.539773,0.418861,0.11774,0.415764
2731,0.643172,0.766694,-0.35838,0.532676,0.382721,0.134087,0.371774
2732,-0.717869,0.640855,-0.571095,0.512987,0.430722,0.117941,0.46969
2733,0.761243,-0.377013,0.373248,0.847672,0.415322,0.129091,0.455526
2734,-0.675996,-0.610195,0.629065,-0.481601,0.440378,0.111792,0.50456
2735,0.760484,-0.276189,0.464191,0.841574,0.433294,0.111412,0.449682
2736,-0.47128,-0.659777,-0.419068,-0.62376,-0.142379,0.0397306,-0.330697
2737,-0.358113,0.685667,0.317192,0.655172,-0.137975,0.048638,-0.323937
2738,-0.45726,0.683922,0.414619,0.600285,-0.127486,0.0210864,-0.326033
2739,-0.532387,0.509824,0.467392,0.722236,-0.16121,0.0491298,-0.342617
2740,0.215617,-0.695374,0.454779,-0.556444,0.400123,0.117875,0.362445
2741,0.308739,0.662957,-0.506984,0.550868,0.418734,0.11128,0.395323
2742,0.199711,0.69337,-0.443501,0.56793,0.397973,0.111479,0.341582
2743,0.212142,0.767002,-0.357285,0.532969,0.381302,0.129391,0.35144
2744,-0.767173,-0.109075,-0.547434,-0.82971,-0.211412,0.0914012,-0.366605
2745,0.735579,0.76517,-0.539287,0.351687,-0.210041,0.0987435,-0.355424
2746,-0.664183,0.246817,0.532436,0.809687,-0.194903,0.0754436,-0.361486
2747,-0.7096,0.0221629,0.507824,0.861176,-0.228837,0.0990749,-0.383099
2748,0.192901,-0.8188,0.230017,-0.525984,0.36376,0.144903,0.381501
2749,0.301958,0.809787,-0.259124,0.526403,0.382496,0.141698,0.4112
2750,0.202076,0.82296,-0.232694,0.518257,0.363018,0.142114,0.361829
2751,0.175338,0.849072,-0.0839844,0.521558,0.343816,0.149049,0.372638
2752,0.502618,-0.907005,0.303474,-0.291967,-0.317413,0.145118,-0.433123
2753,0.384269,0.914887,-0.27941,0.291395,-0.301682,0.142114,-0.409248
2754,0.491392,0.906443,-0.295087,0.302133,-0.313102,0.142378,-0.448132
2755,0.546053,0.957087,-0.103924,0.270525,-0.336062,0.148996,-0.442982
2756,0.774021,0.079821,-0.570309,-0.817543,0.459369,0.0730905,0.458286
2757,0.731484,-0.177319,0.542269,0.821281,0.448008,0.0894727,0.443476
2758,-0.696776,-0.353417,0.807468,-0.472326,0.467736,0.0646296,0.494919
2759,0.639531,-0.0984229,0.636961,0.764587,0.458734,0.0642156,0.43694
2760,-0.653785,0.193939,-0.315562,-0.928875,-0.280478,0.129993,-0.416075
2761,-0.660641,-0.189188,0.328806,0.925254,-0.282771,0.134537,-0.401942
2762,-0.64969,-0.127672,0.401677,0.906838,-0.262514,0.119132,-0.408446
2763,-0.540858,-0.225245,0.264464,0.937722,-0.295079,0.134831,-0.438389
2764,0.574588,0.48468,-0.733105,0.477118,0.456068,0.0898813,0.500111
2765,0.448451,-0.531022,0.668579,-0.520594,0.446954,0.0973466,0.464223
2766,0.600501,-0.504363,0.734831,-0.453478,0.452064,0.0977972,0.520441
2767,0.597451,-0.373319,0.81055,-0.451267,0.465489,0.0735464,0.515996
2768,-0.369638,-0.949613,0.107318,-0.294481,-0.34274,0.149345,-0.485767
2769,-0.459469,0.898528,-0.313368,0.307325,-0.325366,0.145457,-0.473596
2770,-0.381154,0.945565,-0.112316,0.305436,-0.351877,0.150553,-0.514263
2771,-0.484611,0.954306,-0.111796,0.277132,-0.349125,0.150144,-0.470162
2772,-0.240783,-0.0405078,-0.240666,-0.969762,0.474719,0.0370507,0.489116
2773,-0.402887,-0.0209752,0.389812,0.920655,0.474466,0.046615,0.510738
2774,-0.0173495,0.0879824,0.0241829,0.995828,0.478473,0.0180439,0.50484
2775,0.726453,0.287367,-0.644275,0.708752,0.467355,0.0461904,0.451951
2776,-0.618486,-0.961237,0.100113,-0.256906,-0.322948,0.148892,-0.400777
2777,-0.741854,0.913147,-0.287373,0.289101,-0.303466,0.144988,-0.393416
2778,-0.617578,0.960141,-0.111139,0.256472,-0.339813,0.149896,-0.426468
2779,-0.785083,0.962913,-0.108121,0.2472,-0.323902,0.149988,-0.383337
2780,0.734807,-0.562374,0.565633,-0.603154,0.432734,0.089257,0.38743
2781,0.773741,0.569375,-0.590461,0.571986,0.434221,0.0970784,0.408494
2782,0.710594,0.463458,-0.601117,0.651049,0.445887,0.0727764,0.401066
2783,0.650565,0.606484,-0.513003,0.607458,0.415097,0.0970631,0.353396
2784,-0.0491779,-0.922902,0.165459,-0.347671,-0.226937,0.14777,-0.279972
2785,-0.265466,0.925303,-0.107603,0.363643,-0.200498,0.145502,-0.265069
2786,-0.0406021,0.924802,-0.169847,0.340431,-0.233691,0.143562,-0.299044
2787,0.0662444,0.954715,-0.0492761,0.293412,-0.246365,0.152244,-0.277909
2788,0.0381046,-0.838075,0.198906,-0.508003,0.311397,0.147447,0.285026
2789,0.115031,0.833618,-0.21027,0.510751,0.337659,0.143129,0.312894
2790,0.0387817,0.838669,-0.198242,0.507281,0.307343,0.145156,0.263569
2791,0.00457032,0.863675,-0.086169,0.49663,0.28886,0.152086,0.28024
2792,0.333749,-0.898172,0.168789,-0.405953,-0.190664,0.130923,-0.287519
2793,0.347109,0.897172,-0.15746,0.41266,-0.183039,0.13675,-0.271047
2794,0.299208,0.868812,-0.188309,0.457936,-0.17315,0.119298,-0.291411
2795,0.483527,0.884192,-0.24507,0.397673,-0.214877,0.135467,-0.300613
2796,0.577799,-0.783437,0.318042,-0.533925,0.355844,0.130239,0.30018
2797,0.556467,0.783191,-0.32222,0.531776,0.358778,0.134835,0.321071
2798,0.577837,0.717871,-0.405231,0.566083,0.376217,0.1184,0.309686
2799,0.501269,0.792008,-0.29889,0.532343,0.33067,0.136242,0.270546
2800,0.554888,-0.257552,0.140694,0.955967,-0.277918,0.1502,-0.318426
2801,0.390875,0.238549,-0.335004,-0.911519,-0.258013,0.146067,-0.316768
2802,0.575996,0.23866,-0.127337,-0.962718,-0.301521,0.150663,-0.340729
2803,0.323806,0.25355,-0.166219,-0.952934,-0.273023,0.152168,-0.29864
2804,0.197862,-0.486873,0.063969,0.871127,0.252751,0.155917,0.232115
2805,0.416715,0.444151,-0.283219,-0.85001,0.278179,0.150478,0.235721
2806,0.205475,0.481461,-0.0546744,-0.87476,0.21783,0.161143,0.205104
2807,0.177509,0.485733,-0.0676595,-0.871485,0.259377,0.155234,0.255177
2808,-0.010399,-0.314434,0.213728,0.924906,-0.208284,0.156003,-0.236904
2809,-0.188395,0.301233,-0.415222,-0.858399,-0.190318,0.150672,-0.24441
2810,0.0243863,0.281427,-0.212375,-0.935786,-0.237892,0.155306,-0.2555
2811,-0.326162,0.320527,-0.26289,-0.910028,-0.194847,0.161156,-0.209508
2812,0.335689,-0.499811,0.0952509,0.860881,0.319391,0.150027,0.326567
2813,0.502172,0.442349,-0.313959,-0.840093,0.34048,0.145712,0.333318
2814,0.342517,0.494096,-0.0934102,-0.864375,0.294033,0.152083,0.301356
2815,0.472946,0.507799,-0.102632,-0.85534,0.321986,0.150575,0.346215
2816,0.313018,0.167121,-0.193698,0.966722,-0.257557,-0.128204,-0.39034
2817,0.282858,-0.18847,0.181225,-0.965213,-0.269251,-0.132863,-0.399671
2818,0.325207,-0.192821,0.245633,-0.949992,-0.250948,-0.116712,-0.406762
2819,0.392555,-0.193928,0.259563,-0.946054,-0.251771,-0.133793,-0.364528
2820,0.398551,-0.791402,0.27652,-0.545178,0.389859,0.144897,0.47904
2821,0.531064,0.785122,-0.306811,0.538006,0.399651,0.142144,0.511035
2822,0.413269,0.796798,-0.284478,0.53309,0.394832,0.141774,0.460966
2823,0.376967,0.825396,-0.0988346,0.555835,0.372529,0.148892,0.465927
2824,0.166718,0.708951,0.705117,-0.014076,-0.263428,-0.116565,-0.440739
2825,0.179702,-0.82083,-0.567389,0.0656279,-0.272052,-0.127762,-0.4255
2826,0.150034,-0.695413,-0.718077,0.0276624,-0.263428,-0.110338,-0.46513
2827,0.28863,-0.705227,-0.708706,-0.0197507,-0.254017,-0.110174,-0.431333
2828,-0.539305,0.404077,-0.301919,-0.863462,0.421289,0.129455,0.508194
2829,-0.53268,-0.419182,0.290921,0.86003,0.414453,0.134449,0.526522
2830,-0.500026,-0.318793,0.349961,0.880851,0.434807,0.118371,0.523958
2831,-0.674608,-0.390591,0.359589,0.847428,0.41146,0.134027,0.474633
2832,-0.169585,0.210613,-0.336081,0.917982,-0.234563,-0.117298,-0.374038
2833,-0.265148,-0.167969,0.263952,-0.949798,-0.240579,-0.110385,-0.398462
2834,-0.140998,-0.188006,0.353575,-0.916318,-0.223402,-0.110983,-0.367091
2835,-0.156175,-0.173657,0.271359,-0.946682,-0.239145,-0.129214,-0.356527
2836,0.617501,-0.529618,0.103039,0.841955,0.361689,0.148745,0.419069
2837,0.744816,0.47055,-0.277464,-0.837614,0.380487,0.144683,0.430085
2838,0.622647,0.524545,-0.108302,-0.844466,0.343755,0.149906,0.391322
2839,0.748291,0.543765,-0.105044,-0.832637,0.358703,0.149831,0.436837
2840,-0.189772,0.186359,-0.176344,0.966526,-0.271566,-0.14505,-0.355759
2841,-0.286698,-0.173452,0.122332,-0.977215,-0.277196,-0.141057,-0.382965
2842,-0.170996,-0.168807,0.182703,-0.968568,-0.257835,-0.142446,-0.346653
2843,-0.194555,-0.17899,0.0939936,-0.979351,-0.278706,-0.150022,-0.337528
2844,-0.713298,-0.811608,0.106808,-0.574356,0.376235,0.149283,0.513092
2845,-0.603705,0.778173,-0.296966,0.553406,0.391852,0.145317,0.528215
2846,-0.71104,0.814361,-0.0961744,0.572334,0.366704,0.150105,0.482799
2847,-0.614429,0.798391,-0.103142,0.59324,0.367796,0.150531,0.529011
2848,0.394978,0.460865,0.872747,0.160986,-0.234335,-0.072055,-0.452804
2849,0.395323,-0.576243,-0.80936,-0.113492,-0.239153,-0.088376,-0.437918
2850,0.362319,-0.410995,-0.900915,-0.139411,-0.235426,-0.0636154,-0.475308
2851,0.500149,-0.437913,-0.873325,-0.21339,-0.228123,-0.06326,-0.44503
2852,0.506795,0.552255,-0.443892,0.705672,0.37891,0.073165,0.231613
2853,0.502073,-0.548852,0.430972,-0.716257,0.374001,0.0646555,0.208027
2854,0.536552,-0.637392,0.410249,-0.652247,0.362755,0.0901907,0.221959
2855,0.51075,-0.53908,0.440593,-0.717823,0.398307,0.064026,0.265399
2856,-0.512405,-0.0817256,0.118091,-0.989634,-0.247567,-0.0886448,-0.469756
2857,-0.415054,0.162239,-0.203082,0.965627,-0.247089,-0.0961348,-0.446408
2858,-0.552479,0.114321,-0.0918424,0.989189,-0.254495,-0.0964576,-0.479071
2859,-0.519871,0.0950075,-0.14265,0.985203,-0.240723,-0.0724463,-0.483769
2860,0.241938,-0.327843,0.636724,0.697926,0.339239,0.091523,0.166724
2861,0.203653,0.208969,-0.75114,-0.626195,0.355224,0.0742578,0.174765
2862,0.251229,0.328403,-0.627143,-0.706288,0.320071,0.100859,0.135769
2863,0.316119,0.278561,-0.659885,-0.697822,0.341861,0.0989465,0.190333
2864,0.276529,0.0465228,-0.250921,0.966889,-0.227668,-0.0362129,-0.481517
2865,0.227085,-0.0815805,0.201933,-0.975996,-0.231088,-0.0457292,-0.489402
2866,0.290626,-0.0615477,0.267859,-0.96149,-0.22544,-0.0173165,-0.495594
2867,0.351669,-0.166354,0.322678,-0.931775,-0.225795,-0.045304,-0.45965
2868,0.0714486,0.63065,-0.433016,0.644032,0.387761,0.0895319,0.276957
2869,0.0407774,-0.642153,0.425999,-0.63731,0.36643,0.0978624,0.244641
2870,0.0999426,-0.634243,0.454543,-0.625401,0.391684,0.0973001,0.29888
2871,0.0427645,-0.541708,0.460433,-0.703245,0.403483,0.0727212,0.288062
2872,0.406336,0.174973,-0.333652,0.926316,-0.226917,-0.088362,-0.407076
2873,0.36979,-0.201925,0.308109,-0.929675,-0.235712,-0.0960896,-0.414542
2874,0.417627,-0.216026,0.370335,-0.903429,-0.224147,-0.0718534,-0.422678
2875,0.485848,-0.232587,0.4058,-0.883872,-0.220622,-0.0963425,-0.384049
2876,-0.0133773,0.450069,-0.442105,0.775874,0.404126,0.0365496,0.254037
2877,-0.0196847,-0.458028,0.451836,-0.765542,0.386761,0.0462676,0.218563
2878,-0.00665853,-0.450746,0.447732,-0.772246,0.410763,0.0457984,0.277288
2879,-0.0179788,-0.362913,0.444773,-0.818823,0.413167,0.0175248,0.267113
2880,0.0348423,0.168179,-0.295113,0.940545,-0.223288,-0.150113,-0.285324
2881,-0.0637052,-0.161729,0.241412,-0.956851,-0.234707,-0.144609,-0.312093
2882,0.0496461,-0.154211,0.29995,-0.941408,-0.207564,-0.147563,-0.279508
2883,-0.00291985,-0.15075,0.178585,-0.972308,-0.227242,-0.156551,-0.264839
2884,0.491416,-0.42447,0.393147,0.815635,0.301262,0.133634,0.197966
2885,0.423378,0.337173,-0.552418,-0.762331,0.324201,0.120652,0.205207
2886,0.49543,0.43214,-0.371726,-0.821629,0.27762,0.140843,0.169191
2887,0.485057,0.395089,-0.426213,-0.813786,0.302137,0.13828,0.219954
2888,0.547183,0.175918,-0.343669,0.922467,-0.217084,-0.130751,-0.324705
2889,0.503479,-0.19446,0.333311,-0.922545,-0.230502,-0.135349,-0.331063
2890,0.553681,-0.220857,0.419381,-0.880535,-0.214566,-0.118301,-0.343222
2891,0.620719,-0.190931,0.401938,-0.89554,-0.205565,-0.137461,-0.29992
2892,0.00117373,-0.689313,0.396081,-0.606603,0.301334,0.122606,0.152948
2893,0.00883225,0.70706,-0.367845,0.603951,0.322594,0.114364,0.182669
2894,-0.0208944,0.680422,-0.38504,0.623514,0.301434,0.116524,0.129656
2895,0.00192343,0.757634,-0.323474,0.566882,0.2793,0.136103,0.146711
2896,0.598732,-0.986651,-0.117996,0.112239,-0.194852,-0.161526,-0.230854
2897,0.67268,0.96099,0.26976,-0.0610616,-0.192984,-0.153917,-0.253193
2898,0.607417,0.989937,0.0869846,-0.111616,-0.176815,-0.168029,-0.201879
2899,0.445621,0.986793,0.100379,-0.127139,-0.213386,-0.16161,-0.236685
2900,0.56908,0.824867,-0.240433,0.51165,0.248456,0.15429,0.185671
2901,0.631926,-0.818289,0.237267,-0.523552,0.251142,0.151612,0.163239
2902,0.585295,-0.857343,0.143733,-0.494271,0.215906,0.161828,0.18077
2903,0.529104,-0.835999,0.200511,-0.510785,0.275808,0.148166,0.21361
2904,0.355956,-0.980237,-0.131828,0.147503,-0.254959,-0.152728,-0.300396
2905,0.353113,0.937411,0.335878,-0.0919062,-0.249414,-0.147127,-0.319683
2906,0.361923,0.982773,0.115284,-0.144455,-0.244206,-0.156648,-0.272321
2907,0.245066,0.978614,0.125425,-0.163042,-0.27052,-0.153019,-0.309135
2908,0.547295,0.723744,-0.37973,0.576194,0.349904,0.119286,0.2574
2909,0.560906,-0.7199,0.368366,-0.588261,0.347144,0.112906,0.235554
2910,0.557042,-0.79064,0.292905,-0.537676,0.327836,0.131678,0.249042
2911,0.588508,-0.716135,0.392504,-0.57714,0.373112,0.112011,0.28841
2912,-0.430642,0.191272,-0.0542771,0.980035,-0.303916,-0.143393,-0.431988
2913,-0.544184,-0.171818,0.00202332,-0.985127,-0.303398,-0.140425,-0.458899
2914,-0.412288,-0.174417,0.0610046,-0.98278,-0.292487,-0.140431,-0.420481
2915,-0.418984,-0.198816,0.0214907,-0.979801,-0.314535,-0.147583,-0.416171
2916,-0.0286825,0.357322,-0.425117,0.831623,0.448455,0.0364151,0.371594
2917,8.10342e-05,-0.416782,0.449586,-0.790041,0.433637,0.0457073,0.335499
2918,0.0193222,-0.359404,0.466854,-0.808007,0.453202,0.0458683,0.393586
2919,-0.100129,-0.291961,0.372797,-0.880784,0.455587,0.0174489,0.386227
2920,0.0679658,0.139814,-0.0283091,0.989773,-0.282294,-0.127835,-0.46151
2921,0.0456171,-0.161199,0.0170626,-0.986774,-0.291626,-0.132748,-0.472954
2922,0.0841581,-0.136528,0.0494907,-0.989399,-0.271709,-0.11682,-0.475454
2923,0.166682,-0.177123,0.0988818,-0.979209,-0.282637,-0.13255,-0.435948
2924,0.582368,0.509014,-0.506364,0.69606,0.426556,0.0726346,0.344415
2925,0.539268,-0.504714,0.468152,-0.725326,0.422048,0.063851,0.32243
2926,0.623206,-0.602425,0.485047,-0.633888,0.411913,0.089273,0.33197
2927,0.617639,-0.453912,0.532358,-0.714534,0.442893,0.0639441,0.379477
2928,0.132833,-0.97341,-0.139963,0.181338,-0.298641,-0.148342,-0.3762
2929,0.0900746,0.91807,0.372388,-0.135923,-0.289848,-0.143836,-0.393327
2930,0.13412,0.974257,0.134975,-0.180568,-0.293129,-0.150534,-0.347606
2931,0.00856269,0.970382,0.141865,-0.195535,-0.311899,-0.149126,-0.387537
2932,0.0548955,-0.0158803,-0.964414,-0.263919,0.47037,0.0176951,0.445436
2933,0.209807,-0.0886691,0.897456,0.432101,0.464817,0.0366753,0.430186
2934,-0.0792213,-0.00435686,0.99093,0.134307,0.476663,0.00820338,0.482925
2935,0.0802993,0.0457128,0.951616,0.30387,0.465888,0.00792188,0.42347
2936,-0.113627,-0.969223,-0.141147,0.201704,-0.325988,-0.147533,-0.457179
2937,-0.166544,0.910603,0.374539,-0.174708,-0.313489,-0.143537,-0.471502
2938,-0.118419,0.967779,0.144402,-0.206279,-0.326515,-0.148611,-0.428758
2939,-0.244561,0.96723,0.140552,-0.211449,-0.336553,-0.148734,-0.470977
2940,0.176948,-0.099055,-0.905929,-0.411681,0.435829,0.0173777,0.326906
2941,0.200666,-0.0476542,0.865873,0.49799,0.427528,0.0363499,0.31302
2942,0.138844,0.0786233,0.920869,0.381862,0.44907,0.00776882,0.364019
2943,0.154901,0.0874589,0.900622,0.425712,0.428106,0.00780143,0.304251
2944,0.774217,-0.30473,0.644414,-0.701335,-0.173145,-0.0721895,-0.343679
2945,-0.763649,0.707998,0.630591,0.317952,-0.164301,-0.0633226,-0.340513
2946,0.772305,0.241362,-0.592157,0.768827,-0.169858,-0.0894441,-0.327348
2947,0.691874,0.267237,-0.589422,0.762342,-0.185038,-0.0631369,-0.363007
2948,-0.0593099,0.431784,-0.450191,0.781595,0.358945,0.0387483,0.132787
2949,-0.108495,-0.393128,0.472149,-0.789003,0.344406,0.0499577,0.0974144
2950,-0.0453726,-0.437635,0.46002,-0.772565,0.363889,0.0475293,0.159051
2951,-0.0197906,-0.319873,0.467502,-0.824089,0.367933,0.0190274,0.14354
2952,-0.503409,0.2408,-0.657745,0.713714,-0.144837,-0.0899079,-0.307102
2953,-0.519923,-0.302824,0.713992,-0.631279,-0.150045,-0.0724683,-0.322972
2954,-0.479078,-0.245097,0.701761,-0.668923,-0.128499,-0.0985365,-0.290197
2955,-0.591085,-0.258702,0.644963,-0.719094,-0.155807,-0.0980168,-0.308312
2956,0.50732,0.504215,-0.460483,0.730563,0.334355,0.0764845,0.117351
2957,0.503009,-0.491868,0.447544,-0.74684,0.332315,0.0690697,0.0909879
2958,0.541875,-0.591976,0.424202,-0.685286,0.319021,0.0939247,0.111119
2959,0.499107,-0.531843,0.434238,-0.727035,0.351391,0.0661535,0.150041
2960,-0.00871252,-0.230608,0.515751,-0.825119,-0.192037,-0.0889782,-0.351092
2961,0.0754812,0.26191,-0.575593,0.774659,-0.180441,-0.0974145,-0.330251
2962,-0.0397262,0.252837,-0.495021,0.831281,-0.202122,-0.0968169,-0.355701
2963,-0.0171574,0.290339,-0.563122,0.773691,-0.193346,-0.0719552,-0.367518
2964,0.153268,-0.0733199,-0.881805,-0.465881,0.389739,0.0180419,0.206394
2965,0.118391,-0.107485,0.831101,0.545636,0.380482,0.0372457,0.194309
2966,0.143617,0.0697814,0.886187,0.458043,0.405059,0.008039,0.243723
2967,0.103467,0.0255695,0.875098,0.48327,0.382134,0.00860466,0.181889
2968,0.0608693,-0.313873,0.6562,-0.686211,-0.182151,-0.0353644,-0.373053
2969,0.127433,0.355437,-0.702748,0.616287,-0.169726,-0.0448555,-0.354965
2970,0.0176104,0.335974,-0.62426,0.705281,-0.18862,-0.0447789,-0.377929
2971,0.0558964,0.35096,-0.669688,0.654481,-0.187599,-0.0162484,-0.386687
2972,-0.00935313,0.061079,-0.865238,-0.497627,0.350289,0.020952,0.0762062
2973,-0.121644,-0.273035,0.776017,0.56855,0.341709,0.0417437,0.0682537
2974,-0.00812638,-0.0611996,0.864574,0.498766,0.361974,0.00944517,0.11612
2975,-0.264047,-0.179566,0.854006,0.488292,0.34709,0.0110057,0.0425861
2976,-0.606515,0.169095,-0.466557,0.868177,-0.162946,-0.134477,-0.271315
2977,-0.663789,-0.219198,0.563018,-0.796846,-0.164939,-0.12073,-0.291417
2978,-0.591645,-0.171142,0.515308,-0.839743,-0.146108,-0.141735,-0.25068
2979,-0.747695,-0.182543,0.461631,-0.868087,-0.177283,-0.139748,-0.272567
2980,0.30022,-0.956651,-0.267461,-0.115254,0.0639934,0.073728,0.277368
2981,0.233469,0.965369,0.22024,0.139844,0.0717223,0.0651014,0.283988
2982,0.152426,0.97765,0.126919,0.167609,0.0786573,0.0905561,0.270546
2983,0.38924,0.934041,0.35187,-0.0612783,0.0412705,0.0647806,0.277502
2984,0.294034,0.206982,-0.617934,0.758496,-0.135844,-0.121774,-0.27185
2985,0.196951,-0.20355,0.571886,-0.794678,-0.152313,-0.113837,-0.290406
2986,0.307615,-0.195222,0.624679,-0.756085,-0.122999,-0.114583,-0.272852
2987,0.296718,-0.163663,0.523632,-0.836077,-0.131632,-0.135926,-0.252226
2988,0.24192,0.0800279,0.788773,-0.609452,0.110019,0.090574,0.28228
2989,0.337531,0.0324896,-0.859224,0.510567,0.0942948,0.0739896,0.286952
2990,0.200039,-0.127838,-0.780124,0.612424,0.133088,0.0984227,0.28769
2991,0.115555,-0.0998902,-0.797487,0.59501,0.102111,0.0985139,0.272493
2992,-0.680699,-0.97519,-0.212477,0.0621092,-0.159318,-0.157579,-0.226711
2993,-0.612663,0.973896,0.221397,-0.0501018,-0.143031,-0.15366,-0.228275
2994,-0.677618,0.988952,0.11203,-0.0970763,-0.157533,-0.167074,-0.200561
2995,0.766049,0.145377,-0.351388,0.924874,-0.176732,-0.150925,-0.250368
2996,-0.0245516,-0.80258,-0.526784,0.279935,0.045847,0.0905993,0.263425
2997,-0.69629,0.970994,0.011745,0.238816,0.0692467,0.0986796,0.262011
2998,0.193416,0.656028,0.650785,-0.382238,0.0351121,0.0988739,0.256358
2999,-0.134547,0.867045,0.480215,-0.132763,0.0325347,0.0735284,0.272094
3000,0.686348,-0.224203,0.495986,-0.838887,-0.191277,-0.119516,-0.315361
3001,0.731782,0.205573,-0.508043,0.83644,-0.179016,-0.11288,-0.312227
3002,0.683381,0.174755,-0.409879,0.895243,-0.191536,-0.132637,-0.295804
3003,0.59979,0.200278,-0.43482,0.877964,-0.202788,-0.111889,-0.337994
3004,-0.356686,-0.952937,-0.30295,-0.0114599,0.0342597,0.0375145,0.286536
3005,-0.391287,0.94918,0.272095,0.158183,0.0564668,0.0470642,0.287647
3006,-0.273439,0.925113,0.379635,-0.00657856,0.0267923,0.0466043,0.283011
3007,-0.350203,0.949469,0.308408,0.0582453,0.0191759,0.0186455,0.288798
3008,-0.162036,-0.212442,0.476824,-0.852941,-0.211771,-0.0355374,-0.424078
3009,-0.0956535,0.296315,-0.534602,0.791453,-0.204388,-0.0448215,-0.403347
3010,-0.214217,0.238478,-0.43379,0.868881,-0.216838,-0.0449959,-0.43077
3011,-0.162209,0.239643,-0.494632,0.83541,-0.213496,-0.0165545,-0.438404
3012,-0.286203,0.362867,0.565,-0.741014,0.121249,0.133546,0.241982
3013,-0.205336,-0.279046,-0.717715,0.63798,0.107205,0.120678,0.253037
3014,-0.28115,-0.352987,-0.583579,0.731325,0.147295,0.138456,0.246095
3015,-0.495855,-0.393855,-0.599034,0.697163,0.108133,0.140295,0.228044
3016,0.535761,-0.260119,0.471469,-0.842648,-0.210414,-0.0718288,-0.394035
3017,0.57662,0.235317,-0.50204,0.832215,-0.202724,-0.0630344,-0.388275
3018,0.526855,0.208385,-0.429542,0.878675,-0.211121,-0.0885883,-0.377887
3019,0.459054,0.187836,-0.403774,0.895368,-0.217145,-0.0630744,-0.415799
3020,-0.549163,0.902546,0.0901013,0.421061,0.141574,0.119912,0.269683
3021,-0.663837,-0.935544,-0.0369736,-0.351271,0.117239,0.113369,0.264868
3022,-0.524794,-0.90377,-0.115956,-0.412013,0.149514,0.112905,0.282718
3023,-0.59553,-0.899572,-0.0458918,-0.434356,0.157586,0.132131,0.261966
3024,0.598964,0.228253,0.909323,0.347895,-0.221281,-0.0168926,-0.466575
3025,0.598201,-0.284404,-0.903409,-0.320884,-0.221512,-0.0358189,-0.452268
3026,0.552427,-0.136248,-0.938107,-0.318421,-0.223336,-0.00748136,-0.488034
3027,0.685315,-0.188052,-0.890396,-0.414526,-0.218333,-0.00708673,-0.459403
3028,0.0340427,-0.890272,0.0617277,-0.451226,0.148613,0.154117,0.215608
3029,0.0913362,0.889864,-0.0121269,0.456064,0.162569,0.148245,0.234578
3030,0.0170737,0.883295,-0.0730754,0.463088,0.162927,0.161697,0.198104
3031,-0.123895,0.89502,-0.102902,0.433993,0.120223,0.151078,0.213188
3032,-0.719523,-0.30479,0.588631,-0.748743,-0.202214,-0.0163356,-0.411622
3033,-0.71406,0.272774,-0.57247,0.773222,-0.198592,-0.0353843,-0.397512
3034,-0.758903,0.217492,-0.54238,0.811493,-0.209735,-0.00678992,-0.431783
3035,-0.644292,0.284763,-0.628453,0.723849,-0.19769,-0.00661423,-0.405673
3036,-0.262943,-0.892782,0.213307,-0.396788,0.0707766,0.12148,0.241917
3037,-0.142795,0.930982,-0.110825,0.347837,0.0826661,0.113946,0.252128
3038,-0.244112,0.8948,-0.168756,0.413345,0.0821996,0.134962,0.22889
3039,-0.484821,0.840331,-0.343814,0.419088,0.0466223,0.114488,0.244733
3040,0.268894,-0.336061,0.791954,-0.509777,-0.140418,-0.0356678,-0.331878
3041,0.342129,0.336153,-0.82649,0.451571,-0.123665,-0.0452854,-0.317555
3042,0.23476,0.355102,-0.77002,0.530067,-0.147967,-0.0450305,-0.334759
3043,0.257303,0.377731,-0.80059,0.465161,-0.149241,-0.0164893,-0.343795
3044,-0.131897,-0.820685,-0.507543,0.262444,-0.0251219,0.0366314,0.286729
3045,-0.141759,0.854759,0.495671,-0.153935,-0.00337532,0.0462137,0.282289
3046,-0.0479996,0.771757,0.575117,-0.271352,-0.0335256,0.0458956,0.285392
3047,-0.151953,0.851237,0.491699,-0.183377,-0.0389087,0.0176053,0.292344
3048,-0.561654,-0.854681,-0.474085,-0.211574,-0.124337,-0.0727698,-0.305553
3049,-0.544607,0.84986,0.466096,0.245952,-0.114776,-0.0638463,-0.304892
3050,-0.556238,0.888533,0.431834,0.155014,-0.117269,-0.0902952,-0.290523
3051,-0.653111,0.783157,0.549807,0.290477,-0.140775,-0.0635715,-0.321096
3052,0.713801,-0.753293,-0.591126,0.288304,0.000486468,0.0733873,0.270975
3053,0.581884,0.827469,0.504084,-0.247376,0.0100468,0.0645317,0.275157
3054,-0.763764,0.725384,-0.567278,0.389889,0.0122395,0.0906585,0.260846
3055,0.682016,0.727514,0.577278,-0.370775,-0.0213393,0.0643334,0.276771
3056,-0.500282,-0.375084,0.739553,-0.558904,-0.169842,-0.016303,-0.363973
3057,-0.488358,0.335089,-0.729162,0.596689,-0.162661,-0.0354602,-0.351087
3058,-0.539799,0.332787,-0.701703,0.629973,-0.182354,-0.00658229,-0.381485
3059,-0.439359,0.358707,-0.765484,0.534194,-0.163971,-0.00669476,-0.359562
3060,-0.723149,-0.776146,-0.565266,0.279413,-0.0673048,0.0172014,0.2996
3061,-0.723342,0.731058,0.577264,-0.363759,-0.0544797,0.0362987,0.29244
3062,-0.694128,0.723517,0.581238,-0.372404,-0.0876033,0.00738484,0.307981
3063,-0.768837,0.808844,0.511554,-0.289972,-0.0601376,0.00777215,0.298166
3064,-0.29169,-0.357761,0.85394,-0.377881,-0.126143,-0.0167974,-0.326434
3065,-0.277153,0.318227,-0.845613,0.428569,-0.115776,-0.035958,-0.315675
3066,-0.337806,0.361883,-0.822684,0.438441,-0.142855,-0.00694631,-0.340231
3067,-0.229288,0.339428,-0.873924,0.347917,-0.119389,-0.00732497,-0.323746
3068,0.67949,0.408211,-0.909047,0.0836522,-0.00992433,0.0180911,0.288702
3069,0.678273,-0.434212,0.872226,-0.225128,0.00463441,0.037034,0.284736
3070,0.720638,-0.434129,0.900536,0.0238219,-0.0317208,0.00824464,0.291871
3071,0.629261,-0.343193,0.93791,-0.0504297,-0.00285026,0.00879233,0.289239
3072,-0.059351,0.342427,-0.0519773,0.938106,-0.422589,-0.0750823,-0.350387
3073,-0.0844136,-0.341624,0.0728948,-0.937006,-0.433716,-0.0666101,-0.370237
3074,-0.0355766,-0.336575,0.0281273,-0.941236,-0.418231,-0.0911051,-0.368961
3075,-0.0489964,-0.368751,0.0454815,-0.928415,-0.413784,-0.0665941,-0.312032
3076,-0.460661,-0.934769,-0.200682,-0.293143,0.0912635,0.0386239,0.301596
3077,-0.426862,0.879047,0.234589,0.415024,0.112488,0.048111,0.308379
3078,-0.43988,0.926974,0.224879,0.300247,0.0851777,0.0475753,0.296161
3079,-0.466854,0.926361,0.19708,0.32096,0.0759261,0.0198766,0.300119
3080,-0.34047,0.546172,-0.806001,-0.228162,-0.43424,-0.0912475,-0.42522
3081,-0.317046,-0.419926,0.881659,0.215266,-0.440073,-0.0752127,-0.408046
3082,-0.336168,-0.565444,0.792681,0.227882,-0.436219,-0.0989032,-0.461648
3083,-0.244589,-0.562422,0.797309,0.219043,-0.423525,-0.0986676,-0.405984
3084,0.241601,-0.890095,-0.218703,-0.399874,0.122983,0.0743057,0.300575
3085,0.224931,0.89473,0.214599,0.39167,0.128452,0.0658926,0.308943
3086,0.210017,0.902361,0.17508,0.393816,0.139413,0.0906685,0.298362
3087,0.197154,0.93986,0.190067,0.283793,0.100934,0.0654754,0.294575
3088,-0.459172,0.354628,0.000144655,0.935007,-0.398374,-0.0913853,-0.313433
3089,-0.497615,-0.33444,0.00937638,-0.94237,-0.406062,-0.0986736,-0.350843
3090,-0.44027,-0.352095,-0.0220584,-0.935704,-0.385281,-0.0993824,-0.296882
3091,-0.494921,-0.368026,0.0221506,-0.929552,-0.401739,-0.0753285,-0.293196
3092,0.507368,0.20026,-0.964269,0.173441,0.0479406,0.019251,0.292606
3093,0.489377,-0.164738,0.933519,-0.318439,0.0632833,0.0380522,0.292197
3094,0.543269,-0.246916,0.964124,-0.0974554,0.0260403,0.00939393,0.290318
3095,0.48137,-0.170244,0.977037,-0.128124,0.0544976,0.0100268,0.295093
3096,-0.577024,0.369394,-0.102864,0.923562,-0.425576,-0.0396354,-0.314143
3097,-0.593659,-0.337141,0.10365,-0.935731,-0.435692,-0.0489109,-0.352718
3098,-0.554349,-0.370444,0.0790592,-0.925484,-0.414795,-0.0488464,-0.293306
3099,-0.619295,-0.353476,0.143947,-0.924302,-0.423759,-0.0208748,-0.297255
3100,0.481391,0.123115,-0.967113,0.222564,0.102714,0.0204868,0.311152
3101,0.504484,-0.0793727,0.931225,-0.355696,0.117766,0.0391962,0.31455
3102,0.458426,-0.13161,0.980429,-0.146415,0.0820991,0.0106543,0.303505
3103,0.49166,-0.142973,0.973047,-0.180936,0.10841,0.0112466,0.31534
3104,-0.257991,0.802354,-0.547129,-0.238492,-0.394998,-0.129293,-0.42324
3105,-0.183003,-0.692082,0.685993,0.224581,-0.404219,-0.11849,-0.405674
3106,-0.250762,-0.810233,0.53783,0.232942,-0.395504,-0.134024,-0.456899
3107,-0.126838,-0.808974,0.540693,0.230676,-0.382947,-0.133914,-0.406905
3108,-0.558511,0.898609,-0.326773,0.292781,-0.0367605,0.137007,0.222992
3109,-0.545858,-0.914816,0.308623,-0.260508,-0.053924,0.143429,0.217242
3110,-0.578596,-0.882414,0.396993,-0.25247,-0.0412918,0.122717,0.239157
3111,-0.500448,-0.893247,0.30911,-0.326436,-0.015511,0.143691,0.212809
3112,-0.620919,-0.251274,0.0698755,-0.96539,-0.41693,-0.118691,-0.458685
3113,-0.541638,0.292966,-0.0332335,0.955545,-0.415756,-0.112367,-0.423499
3114,-0.627846,0.249462,-0.0816279,0.964938,-0.426678,-0.112648,-0.477598
3115,-0.598437,0.252951,-0.0473834,0.966318,-0.405899,-0.129546,-0.474518
3116,-0.757213,-0.375558,-0.614597,0.693705,-0.0760838,0.122333,0.246702
3117,0.73733,-0.924002,0.321537,-0.206967,-0.0731797,0.136468,0.229833
3118,-0.705771,0.316552,0.595378,-0.738458,-0.0942169,0.114495,0.260169
3119,-0.762046,0.425731,0.591824,-0.684469,-0.0613594,0.115005,0.250277
3120,-0.0610787,0.244177,-0.0143997,0.969624,-0.372727,-0.144219,-0.456125
3121,-0.0726089,-0.247358,0.0188602,-0.96874,-0.383455,-0.141529,-0.472467
3122,-0.0464175,-0.233345,-0.00133704,-0.972393,-0.360101,-0.148026,-0.47128
3123,0.0211265,-0.260257,-0.00598781,-0.965521,-0.372724,-0.141334,-0.424221
3124,0.237826,0.515754,0.624805,-0.586188,-0.00463907,0.122653,0.235648
3125,0.142255,-0.507628,-0.593337,0.624712,-0.0264762,0.115158,0.244304
3126,0.18824,-0.55751,-0.602364,0.571262,0.00983715,0.114946,0.242372
3127,0.197562,-0.478688,-0.545286,0.688129,0.0017948,0.136897,0.220318
3128,0.0448578,0.31536,0.0203895,0.948753,-0.386916,-0.118727,-0.35363
3129,0.0140342,-0.32101,-0.00568088,-0.947059,-0.399819,-0.11236,-0.370041
3130,0.0633969,-0.295954,-0.0243294,-0.954892,-0.379265,-0.129478,-0.372928
3131,0.0788901,-0.331052,-0.0316662,-0.943081,-0.380066,-0.113038,-0.317881
3132,0.169078,0.406886,0.466042,-0.785652,-0.0323111,0.161541,0.187378
3133,0.0910091,-0.384087,-0.44306,0.810046,-0.0524785,0.155624,0.199156
3134,0.143058,-0.430487,-0.459322,0.776984,-0.0125071,0.15603,0.195281
3135,0.0448512,-0.401774,-0.362518,0.840927,-0.0327896,0.171678,0.167952
3136,-0.526819,0.348792,-0.0873023,0.933125,-0.380699,-0.0403042,-0.193634
3137,-0.523886,-0.383082,0.0610567,-0.921694,-0.39214,-0.0493055,-0.234222
3138,-0.500111,-0.368932,0.050846,-0.928064,-0.36974,-0.0508208,-0.174895
3139,-0.595884,-0.333762,0.136632,-0.932703,-0.378643,-0.0209008,-0.1741
3140,-0.686708,-0.574999,-0.667327,0.47334,-0.0628075,0.0731464,0.280506
3141,-0.71961,0.52325,0.628217,-0.575807,-0.054443,0.0906499,0.267952
3142,-0.650406,0.525413,0.657067,-0.540559,-0.0821677,0.063996,0.291271
3143,-0.706112,0.631338,0.621328,-0.464074,-0.0523242,0.064175,0.282209
3144,0.0426941,0.377136,0.00149383,0.926157,-0.379058,-0.0765856,-0.237328
3145,-0.0114186,-0.374587,0.0270119,-0.926798,-0.391585,-0.067203,-0.254493
3146,0.0704176,-0.35632,-0.0197242,-0.934156,-0.37612,-0.0927083,-0.25948
3147,0.0303559,-0.353505,0.0208093,-0.935201,-0.368654,-0.0692048,-0.198318
3148,0.133345,-0.414802,-0.64571,0.641092,-0.0858664,0.0904163,0.277212
3149,0.165909,0.466727,0.661996,-0.586454,-0.0670506,0.0989757,0.26514
3150,0.199999,0.356364,0.677674,-0.643244,-0.0983083,0.0986077,0.275815
3151,0.151785,0.469627,0.69715,-0.541693,-0.0926191,0.0729401,0.290788
3152,-0.157484,-0.128337,0.974965,0.181582,-0.358979,-0.0218704,-0.108722
3153,0.0140175,0.337023,-0.92084,-0.196134,-0.359625,-0.0424052,-0.132514
3154,-0.177785,0.146349,-0.967564,-0.205919,-0.350715,-0.0114889,-0.0595933
3155,-0.377075,0.070539,-0.978735,-0.192619,-0.367038,-0.0108826,-0.131569
3156,0.703306,0.632778,0.632556,-0.446615,-0.0829223,0.0360425,0.301691
3157,0.776736,-0.585912,-0.678803,0.442643,-0.0915117,0.0454291,0.302485
3158,0.67402,-0.690184,-0.627706,0.360044,-0.0946055,0.0168866,0.310333
3159,0.710437,-0.683517,-0.631851,0.365471,-0.063095,0.045638,0.29218
3160,-0.369358,-0.0613373,0.98368,0.169148,-0.401001,-0.020777,-0.23645
3161,-0.283399,0.255051,-0.946768,-0.196418,-0.403304,-0.0396833,-0.254199
3162,-0.391888,0.0619227,-0.979224,-0.193094,-0.387779,-0.0109958,-0.196939
3163,-0.426384,0.0506406,-0.980231,-0.191268,-0.410674,-0.0111794,-0.258669
3164,-0.736599,0.78362,-0.553608,0.281884,-0.021499,0.0907151,0.26243
3165,-0.663924,-0.825466,0.509068,-0.243835,-0.0339362,0.0991201,0.258235
3166,0.779389,-0.666317,-0.635194,0.390577,-0.0315225,0.0732735,0.273849
3167,-0.669157,-0.784235,0.519279,-0.339596,0.000437222,0.0990463,0.255223
3168,-0.660468,0.270965,-0.157034,0.949694,-0.4612,-0.0398085,-0.433227
3169,-0.6994,-0.194172,0.179873,-0.964336,-0.465194,-0.0490553,-0.470824
3170,-0.643822,-0.278655,0.137451,-0.950504,-0.45309,-0.0490167,-0.411868
3171,-0.680795,-0.250207,0.183782,-0.95059,-0.461874,-0.020982,-0.417153
3172,0.401146,0.451252,0.483441,-0.750104,0.0545429,0.160177,0.189126
3173,0.227982,-0.454941,-0.472057,0.75511,0.029757,0.155459,0.195797
3174,0.400978,-0.452064,-0.469253,0.758577,0.0745599,0.153721,0.201351
3175,0.20589,-0.449767,-0.371645,0.812151,0.057268,0.170262,0.170299
3176,-0.164639,0.22372,-0.141947,0.964262,-0.452567,-0.0753844,-0.46571
3177,-0.178834,-0.213387,0.15878,-0.963979,-0.460011,-0.0668802,-0.486655
3178,-0.152027,-0.236367,0.1196,-0.964275,-0.444979,-0.0914851,-0.481665
3179,-0.126512,-0.289692,0.110986,-0.950663,-0.449639,-0.0667678,-0.428519
3180,-0.423863,0.874059,-0.277008,0.399108,0.041757,0.136187,0.222015
3181,-0.431034,-0.881473,0.289055,-0.373434,0.0248784,0.143205,0.212686
3182,-0.478238,-0.849688,0.358296,-0.386851,0.0331496,0.122172,0.23637
3183,-0.303789,-0.888896,0.231555,-0.39528,0.0666526,0.141985,0.21735
3184,-0.41482,-0.0819681,0.977435,0.194683,-0.444706,-0.020992,-0.357432
3185,-0.383817,0.241595,-0.946598,-0.213502,-0.4455,-0.0397625,-0.373876
3186,-0.427495,0.0602696,-0.97784,-0.200489,-0.433081,-0.0113797,-0.319385
3187,-0.434463,0.0694336,-0.974642,-0.212724,-0.45297,-0.0114197,-0.379349
3188,0.62888,-0.888679,0.153636,-0.432025,0.108477,0.166794,0.179619
3189,0.78431,0.894107,-0.178,0.410961,0.102197,0.157481,0.198034
3190,0.618352,0.883985,-0.175845,0.433185,0.140817,0.167972,0.177269
3191,0.525613,0.890183,-0.186845,0.415527,0.0835652,0.173119,0.164108
3192,-0.440819,-0.123556,0.964271,0.234338,-0.47339,-0.0208522,-0.476667
3193,-0.451103,0.255334,-0.936876,-0.238887,-0.470984,-0.0397605,-0.492413
3194,-0.441756,0.0823541,-0.970137,-0.228147,-0.468274,-0.0113205,-0.439003
3195,-0.459118,0.0968563,-0.964947,-0.243918,-0.477294,-0.0111016,-0.498561
3196,0.521705,-0.901999,0.183044,-0.391015,0.0105139,0.171782,0.166808
3197,0.605483,0.898422,-0.234495,0.371281,0.00967743,0.16149,0.1859
3198,0.512634,0.89805,-0.184862,0.399165,0.0333187,0.175836,0.157877
3199,0.501423,0.909436,-0.174915,0.377268,-0.012149,0.176459,0.156763
3200,0.328303,-0.265109,-0.0451269,-0.963162,-0.31252,-0.137761,-0.235299
3201,0.378205,0.255532,0.0606077,0.964899,-0.296358,-0.144575,-0.226187
3202,0.313093,0.299564,0.0713588,0.951404,-0.318301,-0.128146,-0.212143
3203,0.281381,0.276656,0.0638214,0.958847,-0.321966,-0.139369,-0.267443
3204,0.0771552,0.311751,0.422956,-0.850835,-0.107695,0.158507,0.20335
3205,0.054695,-0.257841,-0.393448,0.882449,-0.12381,0.152238,0.21982
3206,0.0648764,-0.323366,-0.420387,0.847767,-0.0896018,0.15427,0.207313
3207,-0.0398298,-0.334218,-0.311412,0.889562,-0.109956,0.167661,0.183368
3208,0.342148,-0.797065,0.574983,0.184615,-0.292386,-0.135856,-0.171977
3209,0.300529,0.853125,-0.485202,-0.191721,-0.286085,-0.144437,-0.195352
3210,0.347383,0.786914,-0.591461,-0.175898,-0.282534,-0.135872,-0.141276
3211,0.300715,0.756685,-0.625873,-0.188973,-0.30844,-0.126378,-0.179657
3212,-0.600992,0.945675,-0.309797,0.0986084,-0.107005,0.135356,0.240807
3213,-0.606986,-0.953214,0.294654,-0.0675366,-0.122916,0.14091,0.238715
3214,-0.578244,-0.93092,0.364334,-0.0254627,-0.108512,0.121539,0.258231
3215,-0.583876,-0.936924,0.302269,-0.175521,-0.0898054,0.142446,0.225876
3216,-0.329562,-0.319285,-0.0667999,-0.945301,-0.343089,-0.12292,-0.256028
3217,-0.300401,0.305637,0.0491396,0.950879,-0.333591,-0.11945,-0.221928
3218,-0.347915,0.326635,0.0474264,0.94396,-0.357701,-0.115163,-0.268192
3219,-0.281227,0.286823,0.0499558,0.95668,-0.337244,-0.133224,-0.278386
3220,0.531012,-0.930219,0.167418,-0.326595,-0.0729661,0.170214,0.173457
3221,0.609692,0.930596,-0.230338,0.284492,-0.0715306,0.160487,0.193184
3222,0.51017,0.922725,-0.15976,0.350792,-0.0543925,0.175487,0.160004
3223,0.513477,0.934113,-0.148155,0.324783,-0.0932979,0.173151,0.167604
3224,-0.201689,-0.230558,-0.0302196,-0.972589,-0.299692,-0.150083,-0.278663
3225,-0.153546,0.220399,0.00624822,0.97539,-0.290083,-0.150358,-0.248145
3226,-0.215956,0.242333,0.0215295,0.969954,-0.315413,-0.145908,-0.28885
3227,-0.157919,0.202696,-0.0409502,0.978385,-0.292901,-0.152605,-0.29908
3228,0.503657,-0.939895,0.166081,-0.298352,-0.143857,0.164391,0.197835
3229,0.60717,0.948392,-0.248368,0.197147,-0.140931,0.155944,0.217942
3230,0.494387,0.93797,-0.145874,0.314537,-0.128997,0.16984,0.179731
3231,0.415359,0.924094,-0.158731,0.347642,-0.161726,0.165952,0.19646
3232,0.359254,-0.578374,0.793812,0.188006,-0.333233,-0.0872127,-0.136424
3233,0.275251,0.646537,-0.739194,-0.188632,-0.328777,-0.102963,-0.16314
3234,0.359489,0.550442,-0.815361,-0.179442,-0.32478,-0.0845594,-0.101392
3235,0.218191,0.512785,-0.836944,-0.191249,-0.346204,-0.0743836,-0.146218
3236,-0.135204,-0.994963,0.0997344,-0.0101184,0.02545,-0.1369,0.222963
3237,-0.143844,0.994506,-0.104663,0.00196281,0.0395416,-0.143829,0.216381
3238,-0.117285,0.994335,-0.100279,0.0352407,0.0355247,-0.122668,0.239296
3239,-0.0440399,0.997577,-0.0635446,-0.0283213,0.00110004,-0.143015,0.213427
3240,-0.302722,0.25412,0.00441234,0.967163,-0.304963,-0.113056,-0.122466
3241,-0.315969,-0.302588,-0.0512735,-0.951741,-0.314086,-0.114283,-0.154842
3242,-0.284287,-0.258304,-0.0365981,-0.96537,-0.289465,-0.125167,-0.116579
3243,-0.358449,-0.278042,-0.0063744,-0.960548,-0.311201,-0.0990836,-0.095731
3244,-0.238643,0.0676638,0.717242,0.693531,0.0707127,-0.122813,0.246125
3245,-0.235366,-0.0584709,-0.618674,-0.783469,0.0624621,-0.137221,0.228584
3246,-0.245764,-0.0700787,-0.701155,-0.709557,0.0913773,-0.115056,0.259625
3247,-0.152293,-0.0510306,-0.724914,-0.686947,0.057867,-0.115189,0.250256
3248,0.164612,-0.245211,0.0992719,-0.964374,-0.340767,-0.0501168,-0.0783845
3249,0.30519,0.280788,-0.0498407,0.958475,-0.329708,-0.066672,-0.0715314
3250,0.130779,0.268196,-0.125259,0.955187,-0.343318,-0.0269653,-0.0437302
3251,0.104185,0.341532,-0.0421255,0.938925,-0.34881,-0.0551751,-0.118039
3252,-0.716451,-0.99932,0.0359899,0.00799228,-0.000680121,-0.122082,0.236473
3253,0.763433,0.0295663,0.736159,0.676163,0.0230343,-0.114931,0.244765
3254,-0.69632,0.999851,-0.0171876,0.00127813,-0.012535,-0.114352,0.243303
3255,-0.754471,0.998486,-0.0483043,-0.0263137,-0.0125397,-0.135934,0.221468
3256,0.161616,-0.337421,-0.0262454,-0.940988,-0.352607,-0.096226,-0.208922
3257,0.233302,0.336472,0.0545811,0.94011,-0.338422,-0.106363,-0.197739
3258,0.135606,0.364481,0.0154886,0.931082,-0.355934,-0.0799976,-0.184116
3259,0.136295,0.35397,0.0449353,0.934177,-0.362388,-0.101556,-0.245275
3260,0.764762,-0.0787425,-0.525395,-0.847207,0.00533716,-0.161291,0.186996
3261,0.680944,0.0678673,0.519744,0.851622,0.0302794,-0.156205,0.197783
3262,0.768442,0.0748433,0.520181,0.85077,-0.00975064,-0.155032,0.196059
3263,0.729762,0.0866442,0.411948,0.907079,-0.00483605,-0.171347,0.167398
3264,-0.361289,-0.253613,-0.0273128,-0.96692,-0.343744,-0.144926,-0.36381
3265,-0.290211,0.256915,0.0261399,0.96608,-0.337974,-0.143112,-0.331946
3266,-0.372824,0.263588,0.0219004,0.964387,-0.35731,-0.141728,-0.37721
3267,-0.337149,0.230631,-0.00379137,0.973034,-0.334639,-0.148392,-0.382172
3268,0.0018068,0.0268571,0.898244,0.438676,0.0666486,-0.0732828,0.281161
3269,-0.0348216,-0.0268993,-0.825089,-0.564362,0.0560103,-0.0907191,0.268429
3270,-0.0281351,-0.0549622,-0.892682,-0.447323,0.0867222,-0.0641278,0.292148
3271,0.118163,0.024501,-0.911517,-0.410533,0.0571229,-0.064386,0.28282
3272,0.145373,-0.296777,-0.0418551,-0.954029,-0.359703,-0.130601,-0.324408
3273,0.186044,0.287133,0.0537719,0.95638,-0.345342,-0.136097,-0.311564
3274,0.126488,0.323834,0.0482736,0.944882,-0.366217,-0.119971,-0.303395
3275,0.0955125,0.287316,0.033727,0.957242,-0.365901,-0.134419,-0.358192
3276,0.575924,0.0779477,0.800476,0.594275,0.0874902,-0.0905887,0.277668
3277,0.673004,-0.0606128,-0.813907,-0.577824,0.0671983,-0.0991069,0.265458
3278,0.545262,-0.104009,-0.786964,-0.608169,0.0988234,-0.0989145,0.275966
3279,0.588305,-0.114977,-0.868933,-0.481389,0.0963757,-0.0730459,0.291626
3280,-0.174431,0.965233,-0.117426,-0.233529,-0.349677,-0.147891,-0.426134
3281,-0.0821145,-0.906966,0.350538,0.233528,-0.360451,-0.144207,-0.409263
3282,-0.166489,-0.967081,0.117328,0.225805,-0.349325,-0.148826,-0.456247
3283,-0.0414124,-0.967458,0.11684,0.22444,-0.337432,-0.148878,-0.412443
3284,-0.0675253,-0.917359,0.0507351,-0.394815,0.0891819,-0.0363287,0.302734
3285,-0.182115,0.92771,-0.164176,0.335262,0.0972355,-0.0456008,0.303597
3286,0.0815603,0.904982,0.0959922,0.414479,0.101348,-0.0172513,0.31159
3287,-0.0364234,0.965385,-0.0249226,0.259635,0.0691429,-0.0459588,0.292944
3288,0.0763677,0.968315,-0.1184,-0.219879,-0.31554,-0.149868,-0.339719
3289,0.157113,-0.91445,0.33957,0.220168,-0.323323,-0.146779,-0.320175
3290,0.0784832,-0.96893,0.117141,0.217834,-0.321087,-0.149667,-0.369852
3291,0.183882,-0.97179,0.113108,0.206958,-0.30084,-0.151519,-0.32881
3292,-0.0611904,-0.993778,0.0504223,-0.0993076,0.0233943,-0.0906819,0.262908
3293,-0.0806987,0.994283,-0.0747401,0.0762627,0.0341885,-0.0990649,0.258696
3294,-0.0253994,0.992248,-0.0223897,0.122236,0.0356904,-0.0734392,0.2743
3295,0.0231851,0.999839,0.00517,0.0171638,0.000385315,-0.0988187,0.255808
3296,-0.0905749,-0.18376,0.00964211,-0.982924,-0.244015,-0.161424,-0.201864
3297,-0.0789296,0.166689,-0.0473202,0.984873,-0.232025,-0.164126,-0.172923
3298,-0.102963,0.194108,-0.0176617,0.980821,-0.262385,-0.156459,-0.209697
3299,-0.0156257,0.161336,-0.100853,0.981733,-0.237666,-0.162252,-0.223089
3300,-0.583961,-0.994965,0.0161557,0.0989167,-0.0777895,-0.156473,0.19397
3301,-0.709831,0.996637,-0.0326905,-0.0751372,-0.0504295,-0.152944,0.198711
3302,-0.579354,0.994166,0.00859277,-0.107517,-0.0918298,-0.150135,0.206619
3303,-0.674714,0.993721,-0.0411924,-0.104031,-0.0904596,-0.165054,0.1768
3304,0.506504,-0.201298,-0.00568336,-0.979514,-0.258158,-0.152954,-0.158039
3305,0.551136,0.19397,0.0201271,0.980801,-0.239631,-0.160402,-0.151134
3306,0.499392,0.229273,0.0432928,0.972399,-0.265469,-0.145693,-0.135028
3307,0.468465,0.226298,0.0446327,0.973035,-0.268921,-0.151714,-0.187661
3308,0.0638205,-0.99786,-0.00472366,0.0652106,-0.0508821,-0.134483,0.224343
3309,0.0561531,0.997848,-0.0158236,-0.0636248,-0.0380243,-0.141528,0.214781
3310,0.0871371,0.997988,0.0293103,-0.0562242,-0.0372523,-0.121159,0.23786
3311,0.166262,0.993487,0.0417454,-0.106024,-0.0773276,-0.139561,0.220922
3312,0.266702,0.975494,-0.111608,-0.189618,-0.266984,-0.156704,-0.260267
3313,0.291355,-0.935943,0.292925,0.195463,-0.273273,-0.154966,-0.239345
3314,0.263268,-0.975827,0.103044,0.192724,-0.277003,-0.154617,-0.289483
3315,0.315975,-0.980215,0.0900984,0.17624,-0.249747,-0.159026,-0.251844
3316,-0.15785,-0.127036,-0.317658,-0.939657,-0.135413,-0.160253,0.190483
3317,-0.0541127,0.10318,0.474299,0.874296,-0.120527,-0.152888,0.205817
3318,-0.171914,0.14098,0.316835,0.937945,-0.167243,-0.160136,0.192821
3319,-0.236149,0.125596,0.365428,0.922327,-0.119386,-0.166082,0.174117
3320,0.322065,0.984356,-0.0872242,-0.153089,-0.204212,-0.169281,-0.186725
3321,0.25275,-0.962722,0.215903,0.162948,-0.21162,-0.169303,-0.165461
3322,0.315082,-0.98439,0.07577,0.158854,-0.218269,-0.164934,-0.215412
3323,0.22989,-0.98701,0.0731332,0.143051,-0.181293,-0.172462,-0.179023
3324,-0.459359,-0.0764699,-0.259697,0.962658,-0.401668,0.129031,-0.403158
3325,-0.473386,0.0955485,0.262956,-0.960065,-0.400701,0.133854,-0.422913
3326,-0.438423,0.00738107,0.310007,-0.950706,-0.41886,0.11774,-0.415702
3327,-0.562913,0.0547441,0.302137,-0.951691,-0.38272,0.134087,-0.371712
3328,-0.226907,-0.0991029,-0.398947,-0.911603,-0.0471101,-0.168838,0.169559
3329,-0.201,0.0862248,0.523677,0.847542,-0.0357956,-0.159366,0.188028
3330,-0.240303,0.112422,0.398142,0.910409,-0.0744142,-0.170997,0.163072
3331,-0.259654,0.0994547,0.411985,0.905747,-0.0312384,-0.174559,0.157991
3332,-0.422736,-0.695166,-0.676222,-0.243861,-0.43072,0.117941,-0.469628
3333,-0.494813,0.807444,0.542107,0.232709,-0.41532,0.129091,-0.455464
3334,-0.433384,0.666111,0.700108,0.257184,-0.440376,0.111792,-0.504499
3335,-0.488554,0.686945,0.689401,0.229852,-0.433293,0.111412,-0.449621
3336,0.603015,-0.051777,-0.491616,-0.869271,0.0847371,-0.161715,0.197474
3337,0.513131,0.0369001,0.475808,0.878775,0.106842,-0.155473,0.213624
3338,0.599733,0.0568842,0.507855,0.859562,0.0691189,-0.156354,0.203687
3339,0.60699,0.0518659,0.393103,0.91803,0.0771899,-0.1721,0.17543
3340,0.619414,0.737604,0.643358,0.205015,-0.400122,0.117875,-0.362384
3341,0.697361,-0.712387,-0.671219,-0.204863,-0.418733,0.11128,-0.395262
3342,0.637557,-0.742877,-0.643239,-0.185413,-0.397971,0.111479,-0.341521
3343,0.594329,-0.843794,-0.501848,-0.190158,-0.381301,0.129391,-0.351379
3344,-0.341875,-0.977705,0.194831,-0.0783196,0.0979562,-0.13688,0.238261
3345,-0.345477,0.982057,-0.176885,0.0653887,0.11242,-0.143131,0.234652
3346,-0.336841,0.967982,-0.22495,0.111393,0.104324,-0.122483,0.256898
3347,-0.245535,0.989031,-0.143989,0.03295,0.0767593,-0.143862,0.223447
3348,0.537867,0.923771,0.319209,0.21155,-0.363758,0.144903,-0.381439
3349,0.644836,-0.916455,-0.339149,-0.21234,-0.382495,0.141698,-0.411138
3350,0.554132,-0.92618,-0.322287,-0.195759,-0.363016,0.142114,-0.361768
3351,0.509765,-0.97055,-0.112592,-0.212968,-0.343815,0.149049,-0.372577
3352,-0.258501,-0.0718403,-0.411,-0.9088,0.0365556,-0.17245,0.169515
3353,-0.285046,0.0686546,0.516809,0.853344,0.0455595,-0.162089,0.190226
3354,-0.271542,0.0850019,0.413302,0.906618,0.0111022,-0.176621,0.157473
3355,-0.29323,0.0666019,0.398013,0.914959,0.0525677,-0.1771,0.160932
3356,-0.451007,-0.415295,-0.877893,-0.238397,-0.459367,0.0730905,-0.458225
3357,-0.485488,0.547844,0.804927,0.227945,-0.448006,0.0894727,-0.443414
3358,-0.456325,0.370893,0.894533,0.249498,-0.467735,0.0646296,-0.494857
3359,-0.482275,0.401733,0.88801,0.223717,-0.458733,0.0642156,-0.436879
3360,-0.314283,-0.0232353,-0.357489,-0.933628,0.117493,-0.170302,0.185154
3361,-0.407122,0.0257353,0.456353,0.889427,0.122976,-0.160193,0.208855
3362,-0.332367,0.0418815,0.369153,0.928424,0.0938116,-0.175967,0.167879
3363,-0.436771,0.00741119,0.321375,0.946923,0.135765,-0.173264,0.178486
3364,-0.755075,0.0921559,0.241937,-0.965906,-0.456067,0.0898813,-0.50005
3365,0.756212,0.559914,0.792511,0.241708,-0.446953,0.0973466,-0.464162
3366,-0.766595,-0.115713,-0.240064,0.963836,-0.452063,0.0977972,-0.52038
3367,-0.767702,-0.0546031,-0.259723,0.964138,-0.465488,0.0735464,-0.515934
3368,0.253288,0.965039,0.228901,-0.12769,-0.0584093,-0.0740062,0.276937
3369,0.269111,-0.961454,-0.252725,0.108335,-0.0654175,-0.0655706,0.283234
3370,0.228491,-0.975714,-0.188821,0.111036,-0.0746444,-0.090429,0.270539
3371,0.174632,-0.985073,-0.170341,0.0248089,-0.0352339,-0.0651813,0.277174
3372,-0.258526,0.0368141,-0.257508,0.965575,-0.474717,0.0370507,-0.489054
3373,-0.266651,-0.0108152,0.264826,-0.964235,-0.474464,0.046615,-0.510676
3374,-0.250686,-0.0732528,0.254379,-0.964326,-0.478471,0.0180439,-0.504777
3375,-0.278447,-0.13327,0.27476,-0.952232,-0.467354,0.0461904,-0.451889
3376,0.516188,0.0879293,-0.747262,-0.658687,-0.10543,-0.0905927,0.281742
3377,0.533808,-0.15563,0.820077,0.550684,-0.0884265,-0.0743669,0.286033
3378,0.516151,-0.067086,0.711604,0.69937,-0.128975,-0.0983595,0.287056
3379,0.411983,-0.0685725,0.752936,0.654511,-0.0986563,-0.0982191,0.272545
3380,-0.373172,0.0932701,-0.311722,0.945584,-0.432733,0.089257,-0.387369
3381,-0.394426,-0.0809856,0.326668,-0.941663,-0.434219,0.0970784,-0.408433
3382,-0.343701,-0.159188,0.314682,-0.935754,-0.445885,0.0727764,-0.401004
3383,-0.440386,-0.135611,0.355499,-0.924786,-0.415095,0.0970631,-0.353335
3384,-0.533536,0.993379,0.108122,-0.0388313,-0.0425642,-0.0904316,0.263744
3385,-0.452751,-0.978036,-0.168497,0.122695,-0.066646,-0.098281,0.262493
3386,-0.559382,-0.995223,-0.0841047,0.0495758,-0.0334451,-0.0985159,0.25699
3387,-0.50536,-0.988683,-0.143716,0.0430176,-0.0273872,-0.0737547,0.272027
3388,0.361542,0.934089,0.286333,0.213287,-0.311395,0.147447,-0.284965
3389,0.462503,-0.934054,-0.300758,-0.19258,-0.337657,0.143129,-0.312832
3390,0.368852,-0.937923,-0.279882,-0.204856,-0.307341,0.145156,-0.263508
3391,0.295261,-0.968415,-0.103041,-0.227056,-0.288858,0.152086,-0.280178
3392,-0.407205,0.97056,0.240202,-0.0177687,-0.0268063,-0.0382838,0.286027
3393,-0.355005,-0.94692,-0.291342,0.135875,-0.0492955,-0.0477709,0.286858
3394,-0.446829,-0.977574,-0.206611,0.0407508,-0.0197528,-0.0472585,0.28264
3395,-0.384408,-0.96116,-0.271615,0.0489572,-0.0112979,-0.0195332,0.288498
3396,-0.600944,-0.0380325,-0.303375,0.952112,-0.355842,0.130239,-0.300118
3397,-0.639591,0.0392461,0.326977,-0.944217,-0.358776,0.134835,-0.32101
3398,-0.561567,-0.0599248,0.369638,-0.927242,-0.376216,0.1184,-0.309625
3399,-0.699873,0.052745,0.330043,-0.942491,-0.330669,0.136242,-0.270484
3400,0.270497,-0.0635235,-0.5307,-0.845176,-0.12528,-0.131387,0.245462
3401,0.27653,0.00372949,0.671177,0.741288,-0.107941,-0.119391,0.254779
3402,0.262402,0.07627,0.514426,0.854136,-0.151647,-0.136029,0.250117
3403,0.127572,0.0625761,0.572842,0.817274,-0.115674,-0.137584,0.232543
3404,0.453515,0.252393,0.0354581,-0.966975,-0.25275,0.155917,-0.232054
3405,0.71373,-0.179181,-0.211808,0.960745,-0.278178,0.150478,-0.23566
3406,0.420669,-0.286152,-0.0222853,0.957925,-0.217829,0.161143,-0.205043
3407,0.432503,-0.251777,-0.0391464,0.966993,-0.259376,0.155234,-0.255116
3408,-0.247698,-0.936972,-0.265452,0.227197,-0.140695,-0.118908,0.270733
3409,-0.355249,0.964145,0.203755,-0.170025,-0.115887,-0.112512,0.265793
3410,-0.237036,0.936076,0.274141,-0.220474,-0.147009,-0.112382,0.2828
3411,-0.246588,0.959105,0.199693,-0.200598,-0.159116,-0.130429,0.264373
3412,0.414828,0.980105,0.0987851,-0.172148,-0.161273,-0.149546,0.224561
3413,0.415028,-0.977384,-0.113665,0.178326,-0.170499,-0.144696,0.241281
3414,0.40565,-0.988023,-0.00983342,0.153993,-0.180815,-0.155241,0.212238
3415,0.268453,-0.988299,-0.0563109,0.141751,-0.132815,-0.147076,0.220478
3416,0.653894,0.206287,0.0649669,-0.976332,-0.31939,0.150027,-0.326505
3417,-0.727939,-0.93075,-0.302513,-0.205405,-0.340478,0.145712,-0.333257
3418,0.633359,-0.226459,-0.0648975,0.971856,-0.294032,0.152083,-0.301294
3419,-0.779886,-0.968748,-0.109054,-0.222788,-0.321985,0.150575,-0.346154
3420,0.194597,0.987223,0.108049,-0.117114,-0.0732595,-0.120184,0.243809
3421,0.198452,-0.985135,-0.128877,0.113581,-0.082712,-0.11295,0.253485
3422,0.172779,-0.99112,-0.0696515,0.113268,-0.0888831,-0.132822,0.232184
3423,0.0927566,-0.997153,-0.0530728,0.0535622,-0.0480744,-0.113599,0.246063
3424,0.71723,0.90557,0.338488,0.255674,-0.389858,0.144897,-0.478979
3425,-0.745937,0.248272,0.108722,-0.96257,-0.39965,0.142144,-0.510975
3426,0.735224,-0.906434,-0.3484,-0.238737,-0.39483,0.141774,-0.460905
3427,0.71032,-0.95928,-0.124881,-0.253352,-0.372527,0.148892,-0.465866
3428,-0.572052,0.977808,0.0894458,0.189452,0.0321181,-0.0372277,0.287022
3429,-0.533056,-0.990082,-0.127354,-0.0593102,0.0101459,-0.0467847,0.282314
3430,-0.614147,-0.98528,-0.0534638,-0.162375,0.0399415,-0.0463535,0.285794
3431,-0.53013,-0.974375,-0.132066,-0.182074,0.0464293,-0.0183234,0.292852
3432,-0.276124,-0.20454,-0.164922,0.964865,-0.421288,0.129455,-0.508132
3433,-0.275727,0.22327,0.160552,-0.961444,-0.414451,0.134449,-0.526461
3434,-0.278756,0.173942,0.205038,-0.963174,-0.434806,0.118371,-0.523896
3435,-0.372714,0.155927,0.212482,-0.964644,-0.411459,0.134027,-0.474571
3436,0.0670424,0.997235,0.0619755,0.0409952,0.00415061,-0.0735797,0.271196
3437,0.0858102,-0.99398,-0.0903562,-0.0619642,-0.0044148,-0.0648765,0.275177
3438,0.0344845,-0.999052,-0.0300598,-0.0314875,-0.00970272,-0.0905421,0.261291
3439,-0.00104756,-0.988551,-0.0105598,-0.150518,0.0265347,-0.0646136,0.277105
3440,-0.614538,0.966278,0.120026,0.227815,-0.361687,0.148745,-0.419007
3441,-0.489322,-0.915462,-0.330601,-0.229419,-0.380486,0.144683,-0.430023
3442,-0.614542,-0.967022,-0.114359,-0.227574,-0.343753,0.149906,-0.391259
3443,-0.484333,-0.962213,-0.119102,-0.24487,-0.358701,0.149831,-0.436775
3444,0.361065,-0.117682,0.991271,0.0594312,0.0744681,-0.0177591,0.300496
3445,0.287022,0.0939906,-0.971264,-0.218661,0.0611172,-0.0367519,0.293114
3446,0.407732,0.138377,-0.990278,0.0141624,0.0946601,-0.00788863,0.309182
3447,0.414556,0.139517,-0.990167,-0.010165,0.0676036,-0.00845629,0.299007
3448,-0.390897,0.949811,0.127902,0.285481,-0.376234,0.149283,-0.513031
3449,-0.307607,-0.894719,-0.342807,-0.28629,-0.391851,0.145317,-0.528154
3450,-0.376312,-0.954651,-0.122461,-0.271377,-0.366702,0.150105,-0.482738
3451,-0.287284,-0.944812,-0.124354,-0.303095,-0.367794,0.150531,-0.52895
3452,0.474827,-0.198789,0.97509,0.0983976,0.0176938,-0.0189223,0.28881
3453,0.448054,0.17651,-0.952193,-0.249346,0.00265461,-0.0377401,0.28463
3454,0.462165,0.177682,-0.983688,-0.028073,0.0394963,-0.00906254,0.292324
3455,0.533439,0.240259,-0.968914,-0.0590079,0.0107948,-0.00969009,0.289291
3456,-0.412928,-0.206487,0.346366,-0.915092,-0.378909,0.073165,-0.231552
3457,-0.3856,0.182135,-0.315222,0.931376,-0.374,0.0646555,-0.207967
3458,-0.462367,0.109384,-0.337295,0.935023,-0.362753,0.0901907,-0.221898
3459,-0.364321,0.214429,-0.314307,0.924787,-0.398305,0.064026,-0.265338
3460,-0.222461,0.893571,0.404972,-0.193722,-0.0839585,-0.0393892,0.300255
3461,-0.16846,-0.843631,-0.452719,0.288674,-0.105559,-0.0488204,0.306752
3462,-0.261121,-0.9012,-0.374442,0.218245,-0.078041,-0.0483027,0.294937
3463,-0.202587,-0.863769,-0.441206,0.243392,-0.068307,-0.0206819,0.299024
3464,-0.769629,0.702722,0.68441,0.194333,-0.339237,0.091523,-0.166664
3465,-0.731792,-0.556981,-0.805107,-0.203898,-0.355223,0.0742578,-0.174704
3466,0.764802,0.00972534,-0.331434,0.943428,-0.32007,0.100859,-0.135708
3467,-0.725145,-0.68506,-0.697725,-0.209458,-0.341859,0.0989465,-0.190272
3468,0.448474,0.881121,0.390404,-0.266852,-0.117014,-0.0747915,0.29913
3469,0.460393,-0.878973,-0.408092,0.246712,-0.122132,-0.0664989,0.307235
3470,0.428727,-0.910533,-0.340812,0.234043,-0.134461,-0.0908988,0.297148
3471,0.36521,-0.925335,-0.332661,0.181912,-0.0945243,-0.0660264,0.293329
3472,0.641159,-0.660545,-0.731563,-0.168806,-0.38776,0.0895319,-0.276896
3473,0.576872,0.671642,0.714929,0.194355,-0.366429,0.0978624,-0.244579
3474,0.623556,0.64537,0.739057,0.193114,-0.391683,0.0973001,-0.298819
3475,0.694644,0.505848,0.841487,0.189782,-0.403481,0.0727212,-0.288001
3476,0.645978,-0.325842,0.924394,0.198299,-0.0401126,-0.0201255,0.291902
3477,0.627442,0.271565,-0.902468,-0.33437,-0.0558213,-0.0388435,0.291265
3478,0.619306,0.313931,-0.944048,-0.101092,-0.0180785,-0.0103023,0.289966
3479,0.707852,0.38245,-0.909333,-0.163847,-0.0466809,-0.0108773,0.294344
3480,-0.777685,-0.278074,0.268709,-0.922209,-0.404124,0.0365496,-0.253976
3481,0.740138,0.373362,0.908571,0.187348,-0.386759,0.0462676,-0.218502
3482,0.772496,0.341629,0.920829,0.188054,-0.410762,0.0457984,-0.277226
3483,-0.714739,0.341809,-0.231422,0.91083,-0.413166,0.0175248,-0.267052
3484,-0.757436,0.793685,0.51743,-0.319891,-0.095462,-0.0211683,0.309707
3485,-0.767909,-0.835917,-0.480517,0.26523,-0.110794,-0.0398883,0.312855
3486,-0.779257,-0.846134,-0.484672,0.221698,-0.0745759,-0.0113931,0.302373
3487,-0.699599,-0.774862,-0.556556,0.299724,-0.101322,-0.0118196,0.313881
3488,-0.705722,0.884783,0.414621,0.212719,-0.301261,0.133634,-0.197905
3489,-0.71494,-0.788987,-0.575215,-0.215933,-0.3242,0.120652,-0.205145
3490,-0.737465,-0.865575,-0.434809,-0.248438,-0.277619,0.140843,-0.169129
3491,-0.731045,-0.876825,-0.426372,-0.222228,-0.302135,0.13828,-0.219894
3492,-0.493236,-0.773685,0.422611,0.472029,-0.169118,0.072236,0.342324
3493,-0.565322,0.75946,-0.486171,-0.432272,-0.159891,0.0634204,0.339032
3494,-0.478391,0.820903,-0.372623,-0.432747,-0.16686,0.0891865,0.326727
3495,-0.483702,0.693378,-0.426671,-0.580672,-0.180776,0.0633425,0.361263
3496,0.420702,0.782152,0.574252,0.24181,-0.301333,0.122606,-0.152887
3497,0.468156,-0.798314,-0.566443,-0.204543,-0.322592,0.114364,-0.182607
3498,0.423636,-0.7913,-0.563987,-0.236141,-0.301433,0.116524,-0.129595
3499,0.360845,-0.864054,-0.439027,-0.246304,-0.279299,0.136103,-0.146649
3500,-0.491206,0.135737,0.698228,-0.702889,-0.142326,0.0896024,0.306717
3501,-0.464313,-0.214697,-0.764391,0.607956,-0.146084,0.0724397,0.321846
3502,-0.561217,-0.221422,-0.700053,0.678895,-0.127325,0.0980953,0.290242
3503,-0.454832,-0.0640726,-0.731975,0.678312,-0.153875,0.0975336,0.308305
3504,-0.731853,0.228088,0.154384,-0.961323,-0.248454,0.15429,-0.18561
3505,-0.653341,-0.227229,-0.151852,0.961929,-0.251141,0.151612,-0.163178
3506,-0.763867,-0.288747,-0.0380153,0.95665,-0.215904,0.161828,-0.18071
3507,-0.735614,-0.187001,-0.178421,0.966021,-0.275807,0.148166,-0.21355
3508,0.498817,0.173117,-0.770174,0.613892,-0.188727,0.0888697,0.34997
3509,0.480195,-0.100126,0.767483,-0.633202,-0.177862,0.0970319,0.329839
3510,0.593059,-0.242235,0.795676,-0.555177,-0.199104,0.0966579,0.354569
3511,0.475429,-0.0529465,0.836575,-0.545288,-0.189383,0.0721309,0.365797
3512,-0.584587,-0.0373237,0.364096,-0.930613,-0.349902,0.119286,-0.257339
3513,-0.541968,0.0252524,-0.331208,0.94322,-0.347142,0.112906,-0.235492
3514,-0.626861,-0.0667932,-0.286126,0.955861,-0.327834,0.131678,-0.248981
3515,-0.518721,0.0518933,-0.337519,0.939887,-0.373111,0.112011,-0.288349
3516,0.320898,-0.168831,-0.818558,0.549052,-0.177405,0.0356944,0.371011
3517,0.300991,0.238695,0.807959,-0.538728,-0.164838,0.0450904,0.353102
3518,0.384693,0.121661,0.847814,-0.51615,-0.184116,0.045131,0.375879
3519,0.310821,0.280471,0.830092,-0.481958,-0.183589,0.0166377,0.384227
3520,-0.750228,-0.23375,0.262049,-0.936318,-0.448453,0.0364151,-0.371534
3521,-0.78064,0.281304,-0.288796,0.915131,-0.433636,0.0457073,-0.335438
3522,-0.772026,0.228214,-0.282624,0.931688,-0.453201,0.0458683,-0.393525
3523,-0.720511,0.280556,-0.235551,0.930486,-0.455585,0.0174489,-0.386167
3524,-0.462647,-0.154621,0.542086,-0.825975,-0.166822,0.132391,0.275147
3525,-0.430615,0.101945,-0.66799,0.737154,-0.165817,0.119465,0.293145
3526,-0.678162,-0.0622271,-0.524361,0.849219,-0.153405,0.139152,0.25579
3527,-0.249233,0.398977,-0.581678,0.70885,-0.181341,0.137395,0.276991
3528,-0.369344,-0.214416,0.332167,-0.918526,-0.426555,0.0726346,-0.344354
3529,-0.342872,0.210712,-0.30742,0.927951,-0.422047,0.063851,-0.322369
3530,-0.409475,0.13405,-0.330676,0.934176,-0.411912,0.089273,-0.331909
3531,-0.321398,0.16837,-0.296141,0.940187,-0.442891,0.0639441,-0.379415
3532,0.297868,0.108886,0.633656,-0.765914,-0.138433,0.120521,0.273744
3533,0.339439,0.00389117,-0.633963,0.773354,-0.152642,0.11284,0.291612
3534,0.225278,-0.175773,-0.606952,0.775057,-0.124665,0.113708,0.273963
3535,0.213254,-0.109167,-0.5093,0.853637,-0.138191,0.133908,0.255921
3536,-0.456512,-0.0899268,-0.968855,-0.230725,-0.470369,0.0176951,-0.445374
3537,-0.474422,0.238322,0.945888,0.220223,-0.464816,0.0366753,-0.430124
3538,-0.457416,0.0440137,0.970033,0.238955,-0.476661,0.00820338,-0.482862
3539,-0.459778,0.0711341,0.973745,0.216244,-0.465886,0.00792188,-0.423409
3540,0.546854,-0.40428,-0.295844,0.865467,-0.171518,0.153191,0.236998
3541,-0.769187,0.956486,-0.261764,0.128898,-0.155252,0.14986,0.236706
3542,0.524262,0.412091,0.206762,-0.887373,-0.175066,0.160834,0.216859
3543,0.216114,0.612363,0.143682,-0.77741,-0.184191,0.147486,0.257927
3544,-0.490191,-0.13266,-0.971341,-0.197224,-0.435828,0.0173777,-0.326845
3545,-0.5421,0.316507,0.932706,0.172867,-0.427527,0.0363499,-0.312958
3546,-0.475656,0.103384,0.975877,0.192292,-0.449069,0.00776882,-0.363958
3547,-0.499218,0.136633,0.975604,0.171837,-0.428104,0.00780143,-0.304189
3548,-0.262735,-0.80641,0.15701,0.570132,-0.190632,0.118504,0.316244
3549,-0.37236,0.845304,-0.242811,-0.475924,-0.178052,0.112004,0.312949
3550,-0.175819,0.79048,-0.0710907,-0.608348,-0.192916,0.130969,0.298283
3551,-0.259119,0.738405,-0.172208,-0.651999,-0.20082,0.11132,0.337732
3552,0.701898,-0.440453,-0.880374,-0.175904,-0.358943,0.0387483,-0.132725
3553,0.60424,0.417263,0.880757,0.22396,-0.344405,0.0499577,-0.0973527
3554,0.691549,0.395607,0.896197,0.200811,-0.363888,0.0475293,-0.158989
3555,-0.758972,0.251325,-0.242795,0.936956,-0.367931,0.0190274,-0.143479
3556,0.485626,0.035502,-0.891795,0.451044,-0.208058,0.0360604,0.421863
3557,0.467654,0.0144004,0.881975,-0.471075,-0.200333,0.0452794,0.401147
3558,0.544908,-0.0782928,0.909016,-0.409341,-0.213292,0.0455342,0.428494
3559,0.469867,0.0924776,0.905894,-0.413284,-0.210762,0.0170916,0.436179
3560,-0.450211,-0.0752941,0.327079,-0.941993,-0.334354,0.0764845,-0.117289
3561,-0.429487,0.0209501,-0.288902,0.957129,-0.332314,0.0690697,-0.0909255
3562,-0.489274,-0.0187429,-0.302206,0.953058,-0.31902,0.0939247,-0.111057
3563,-0.409217,0.119044,-0.309131,0.943539,-0.35139,0.0661535,-0.14998
3564,-0.327865,-0.603276,0.294797,0.741049,-0.20664,0.0721568,0.391931
3565,-0.401941,0.601106,-0.364201,-0.711357,-0.198715,0.0633731,0.386211
3566,-0.302174,0.634716,-0.249476,-0.731366,-0.207685,0.0887027,0.376115
3567,-0.32616,0.490406,-0.303522,-0.816931,-0.213491,0.0635368,0.413497
3568,-0.566913,-0.183331,-0.965482,-0.185027,-0.389737,0.0180419,-0.206332
3569,-0.668766,0.399169,0.902802,0.160042,-0.38048,0.0372457,-0.194248
3570,-0.53705,0.173528,0.972135,0.157615,-0.405057,0.008039,-0.243662
3571,-0.596389,0.212848,0.964977,0.153345,-0.382133,0.00860466,-0.181827
3572,-0.13649,-0.0154767,-0.934271,0.356228,-0.219177,0.0174323,0.464601
3573,-0.130788,-0.115553,0.91789,-0.37964,-0.218373,0.0363845,0.450103
3574,-0.100511,-0.0104191,0.945133,-0.326521,-0.222428,0.00797312,0.48637
3575,-0.169731,0.0528526,0.918467,-0.39195,-0.216799,0.0076131,0.457308
3576,-0.764078,-0.224624,-0.950229,-0.215892,-0.350288,0.020952,-0.0761452
3577,0.616917,-0.0524124,0.266116,-0.962515,-0.341708,0.0417437,-0.068192
3578,-0.720595,0.253899,0.952926,0.165734,-0.361973,0.00944517,-0.11606
3579,0.588255,-0.0680657,0.23005,-0.970796,-0.347089,0.0110057,-0.042525
3580,-0.276659,-0.18186,-0.870995,0.456393,-0.198847,0.0168194,0.409231
3581,-0.27166,0.0598911,0.858441,-0.509403,-0.194341,0.0358255,0.395348
3582,-0.241363,0.129811,0.885402,-0.446332,-0.207543,0.00730431,0.429346
3583,-0.315828,0.21815,0.845908,-0.486673,-0.194806,0.00706807,0.402978
3584,-0.148111,0.93892,0.126817,0.319918,-0.063992,0.073728,-0.277307
3585,-0.158126,-0.940602,-0.126233,-0.315171,-0.0717209,0.0651014,-0.283926
3586,-0.1446,-0.934744,-0.111699,-0.337308,-0.0786559,0.0905561,-0.270485
3587,-0.227686,-0.958853,-0.190499,-0.210501,-0.0412692,0.0647806,-0.277441
3588,0.157496,-0.407406,-0.728317,0.550975,-0.134861,0.0357177,0.330256
3589,0.148463,0.476991,0.722369,-0.500663,-0.118216,0.0452594,0.31619
3590,0.220234,0.359498,0.76537,-0.533825,-0.142773,0.0451389,0.333122
3591,0.153938,0.491614,0.735309,-0.466515,-0.144,0.0165658,0.341522
3592,0.0405125,-0.267412,0.799815,0.537388,-0.110018,0.090574,-0.282218
3593,0.0380743,0.245174,-0.881454,-0.403645,-0.0942934,0.0739896,-0.286891
3594,0.0742368,0.239695,-0.795145,-0.557037,-0.133087,0.0984227,-0.287627
3595,-0.0615354,0.264702,-0.804746,-0.531335,-0.102109,0.0985139,-0.272432
3596,-0.638923,-0.832874,0.529237,0.161957,-0.120511,0.0726945,0.304607
3597,-0.706697,0.801295,-0.583609,-0.131635,-0.110309,0.0637871,0.303842
3598,-0.627708,0.876081,-0.472522,-0.0959423,-0.115263,0.090039,0.290157
3599,-0.641354,0.794658,-0.538969,-0.27934,-0.136331,0.0635881,0.319821
3600,0.586409,0.319957,-0.787559,-0.526667,-0.0458457,0.0905993,-0.263363
3601,0.696423,-0.299347,0.803251,0.514955,-0.0692454,0.0986796,-0.261949
3602,0.557825,-0.345751,0.787533,0.510145,-0.0351108,0.0988739,-0.256296
3603,0.6281,-0.291015,0.870312,0.397326,-0.0325334,0.0735284,-0.272033
3604,-0.427509,-0.38555,-0.784402,0.485864,-0.165207,0.0165532,0.361555
3605,-0.435054,0.286985,0.774433,-0.563819,-0.157474,0.0356605,0.349218
3606,-0.393272,0.316978,0.800856,-0.508088,-0.178756,0.00692632,0.378656
3607,-0.471659,0.421576,0.751435,-0.507562,-0.159646,0.00687974,0.356725
3608,0.715719,0.203665,-0.946641,-0.249782,-0.0342583,0.0375145,-0.286475
3609,0.741945,-0.218972,0.941759,0.255227,-0.0564654,0.0470642,-0.287585
3610,0.699363,-0.221189,0.939397,0.261934,-0.026791,0.0466043,-0.28295
3611,0.743283,-0.168178,0.97024,0.174216,-0.0192184,0.0186341,-0.289489
3612,-0.578779,-0.594653,-0.68337,0.423549,-0.120344,0.0166803,0.324372
3613,-0.592122,0.524347,0.681578,-0.510404,-0.10987,0.0358455,0.31435
3614,-0.548511,0.526998,0.698739,-0.483773,-0.137829,0.00694229,0.337477
3615,-0.623178,0.628873,0.642497,-0.437855,-0.113668,0.007108,0.321148
3616,-0.257252,-0.336344,0.566149,0.752561,-0.121247,0.133546,-0.241921
3617,-0.22861,0.300505,-0.717014,-0.628958,-0.107204,0.120678,-0.252976
3618,-0.227505,0.304515,-0.581743,-0.754219,-0.147294,0.138456,-0.246034
3619,-0.441825,0.344462,-0.604382,-0.718379,-0.108131,0.140295,-0.227984
3620,-0.0549028,0.456607,-0.0277492,-0.889236,-0.254889,0.128431,0.387789
3621,-0.0129968,-0.420351,-0.00217744,0.907359,-0.266575,0.133229,0.396838
3622,-0.0782772,-0.464514,0.0524431,0.884012,-0.248018,0.117056,0.404183
3623,-0.0158565,-0.510711,-0.0125287,0.859661,-0.24963,0.133686,0.362547
3624,-0.570991,-0.897024,0.0747503,-0.435615,-0.141573,0.119912,-0.269622
3625,-0.736651,0.916542,0.0140024,0.399693,-0.117238,0.113369,-0.264806
3626,-0.563826,0.894164,-0.0891641,0.438771,-0.149513,0.112905,-0.282657
3627,-0.55465,0.912529,-0.0689733,0.403155,-0.157585,0.132131,-0.261905
3628,-0.104081,0.640063,-0.715999,0.278685,-0.260604,0.117143,0.437979
3629,-0.0687895,-0.75721,0.573366,-0.312864,-0.269272,0.128304,0.422592
3630,-0.060767,-0.658701,0.71344,-0.23899,-0.260808,0.110972,0.462563
3631,-0.0633296,-0.617394,0.717569,-0.322366,-0.251036,0.110694,0.42862
3632,0.127343,0.926228,0.019078,0.376481,-0.148612,0.154117,-0.215548
3633,0.184932,-0.925345,0.0258819,-0.378241,-0.162568,0.148245,-0.234517
3634,0.135184,-0.932079,-0.0441966,-0.35955,-0.162926,0.161697,-0.198044
3635,-0.0526966,-0.923582,-0.072002,-0.376579,-0.120222,0.151078,-0.213127
3636,-0.750945,0.575391,-0.0683054,-0.815021,-0.23195,0.11725,0.372237
3637,-0.777841,-0.499693,0.101368,0.860251,-0.237552,0.11064,0.396098
3638,0.735779,0.486862,-0.711709,0.506395,-0.220722,0.110849,0.365606
3639,-0.684219,-0.557779,0.0261034,0.829579,-0.237157,0.128921,0.355081
3640,-0.17383,0.92691,0.150363,0.343843,-0.0707753,0.12148,-0.241855
3641,-0.149312,-0.92887,-0.115399,-0.351971,-0.0826648,0.113946,-0.252066
3642,-0.173962,-0.922712,-0.127989,-0.363622,-0.0821983,0.134962,-0.228829
3643,-0.289653,-0.928519,-0.214271,-0.303218,-0.046621,0.114488,-0.244672
3644,-0.511235,0.446629,0.0482792,-0.893416,-0.269593,0.14502,0.35328
3645,-0.563639,-0.410111,-0.00994842,0.911981,-0.274719,0.14134,0.380044
3646,-0.55726,-0.484077,-0.0293047,0.874534,-0.256189,0.142163,0.344833
3647,-0.477214,-0.428565,-0.0405547,0.9026,-0.277017,0.149898,0.334966
3648,0.562109,0.278009,-0.916859,-0.286497,0.0251233,0.0366314,-0.286668
3649,0.613814,-0.266327,0.924278,0.273459,0.00337665,0.0462137,-0.282229
3650,0.457771,-0.373616,0.876513,0.303539,0.033527,0.0458956,-0.28533
3651,0.688156,-0.17117,0.965086,0.198265,0.0386465,0.0175727,-0.292992
3652,-0.0968978,0.327635,-0.891031,0.314194,-0.231301,0.072624,0.450401
3653,-0.0768107,-0.457313,0.821074,-0.341618,-0.236016,0.0889023,0.435379
3654,-0.0495437,-0.350675,0.896091,-0.272117,-0.232764,0.064201,0.473105
3655,-0.100772,-0.289486,0.885596,-0.363204,-0.224916,0.0638177,0.442651
3656,-0.364832,0.93557,0.319923,0.149528,-0.000485135,0.0733873,-0.270914
3657,-0.325661,-0.951885,-0.27966,-0.125319,-0.0100454,0.0645317,-0.275096
3658,-0.380219,-0.930262,-0.303515,-0.206134,-0.0122382,0.0906585,-0.260784
3659,-0.460075,-0.916528,-0.395123,-0.062092,0.0213407,0.0643334,-0.276709
3660,0.764237,0.510096,-0.823319,0.248896,-0.244877,0.0892517,0.467351
3661,0.785128,-0.489011,0.822052,-0.291716,-0.244115,0.0966971,0.443823
3662,-0.760791,0.24608,-0.083759,-0.965624,-0.252002,0.0970771,0.476732
3663,0.744022,-0.38307,0.895654,-0.225968,-0.23824,0.0730339,0.481611
3664,-0.32874,0.46471,-0.839015,-0.283016,0.0669355,0.0171614,-0.300204
3665,-0.331029,-0.435452,0.830782,0.346675,0.054481,0.0362987,-0.292378
3666,-0.604819,-0.646172,0.652859,0.395268,0.0867748,0.00730365,-0.309186
3667,0.117018,-0.0928948,0.981006,0.170287,0.0595047,0.00769961,-0.299479
3668,-0.263092,0.18488,-0.266578,-0.945915,-0.22513,0.0367712,0.479563
3669,-0.204632,-0.210522,0.210141,0.954736,-0.228703,0.0462876,0.487466
3670,-0.269562,-0.149958,0.278482,0.948662,-0.223948,0.0178183,0.493982
3671,-0.271077,-0.336134,0.270422,0.902156,-0.222806,0.0458783,0.457452
3672,0.0936664,0.145867,-0.97203,-0.184067,0.00976927,0.0180671,-0.289395
3673,0.016715,-0.21057,0.941961,0.261477,-0.00463308,0.037034,-0.284675
3674,0.150053,-0.0922923,0.982629,0.161007,0.0313023,0.00818807,-0.293273
3675,0.14479,-0.12588,0.979525,0.157117,0.00265128,0.00875706,-0.290683
3676,-0.234278,0.515502,-0.199996,-0.833222,-0.223523,0.0887127,0.404766
3677,-0.164107,-0.494038,0.137205,0.858546,-0.232471,0.0964822,0.41209
3678,-0.255697,-0.492165,0.236254,0.837829,-0.220683,0.0723265,0.420305
3679,-0.224377,-0.611098,0.179598,0.770911,-0.217376,0.0964689,0.382143
3680,0.692984,0.290853,-0.93818,-0.187677,-0.0912621,0.0386239,-0.301534
3681,0.701608,-0.321993,0.930172,0.176354,-0.112487,0.048111,-0.308317
3682,0.748728,-0.249586,0.940019,0.232531,-0.0851763,0.0475753,-0.296099
3683,0.665314,-0.285516,0.951838,0.111736,-0.0757491,0.0198932,-0.300761
3684,-0.49832,0.564888,0.106231,-0.818301,-0.22547,0.1482,0.287851
3685,-0.563295,-0.556126,-0.0504123,0.829568,-0.234744,0.143497,0.312395
3686,-0.569473,-0.618689,-0.0773269,0.781821,-0.210683,0.145301,0.283266
3687,-0.441612,-0.506834,-0.0968593,0.856585,-0.230551,0.15429,0.268209
3688,-0.0240855,0.852575,0.0131265,0.522439,-0.122982,0.0743057,-0.300513
3689,-0.123187,-0.836466,-0.092912,-0.540086,-0.128451,0.0658926,-0.308881
3690,0.0577398,-0.874442,0.054356,-0.482076,-0.139412,0.0906685,-0.2983
3691,-0.118983,-0.90179,-0.0898632,-0.422728,-0.100932,0.0654754,-0.294513
3692,-0.0962049,0.665013,-0.0328611,-0.746109,-0.216418,0.129782,0.325073
3693,-0.0251265,-0.603636,-0.0195026,0.797021,-0.2296,0.134557,0.330781
3694,-0.167402,-0.689732,0.0976796,0.717446,-0.212747,0.117745,0.342742
3695,-0.0496565,-0.703333,-0.0170644,0.710656,-0.206775,0.135823,0.302103
3696,0.0820855,0.215208,-0.964232,-0.154734,-0.0478714,0.019253,-0.293296
3697,0.0808478,-0.230617,0.945869,0.22836,-0.063282,0.0380522,-0.292136
3698,0.120223,-0.175951,0.97352,0.145943,-0.026015,0.00938461,-0.291759
3699,0.0720704,-0.243211,0.962833,0.11748,-0.0542527,0.0100454,-0.296485
3700,0.217376,-0.859702,0.201626,-0.469317,-0.203916,0.157384,0.240416
3701,0.119159,0.778053,-0.391803,0.491044,-0.199674,0.150539,0.260383
3702,0.275926,0.888761,-0.178736,0.422086,-0.191981,0.161976,0.217821
3703,0.159659,0.867691,-0.181801,0.462667,-0.220006,0.158236,0.243658
3704,-0.0634418,0.374899,-0.92654,-0.0312011,-0.102428,0.0205181,-0.311746
3705,-0.0376636,-0.390268,0.91539,0.0987552,-0.117764,0.0391962,-0.314488
3706,-0.00464373,-0.32724,0.942931,0.061598,-0.081638,0.0107023,-0.304802
3707,-0.108793,-0.417695,0.908224,-0.0257044,-0.107746,0.0113158,-0.316531
3708,0.077965,-0.871165,0.176536,-0.458155,-0.254991,0.151759,0.299887
3709,-0.0106678,0.803792,-0.395104,0.444759,-0.24886,0.146338,0.318981
3710,0.0791541,0.872132,-0.172949,0.457684,-0.245956,0.155008,0.273659
3711,0.00583978,0.888096,-0.1635,0.429596,-0.269743,0.152462,0.307424
3712,-0.571745,-0.892811,-0.33379,-0.302446,0.0367619,0.137007,-0.222931
3713,-0.613923,0.885845,0.345002,0.310245,0.0539253,0.143429,-0.217181
3714,-0.568913,0.886815,0.391007,0.246316,0.0412931,0.122717,-0.239096
3715,-0.48519,0.899983,0.300555,0.315748,0.0155124,0.143691,-0.212749
3716,-0.570127,0.32047,-0.000868282,-0.947258,-0.301492,0.143987,0.429023
3717,-0.646403,-0.276543,0.0353619,0.960351,-0.301191,0.141035,0.456302
3718,-0.591951,-0.338971,0.010554,0.940738,-0.289902,0.140992,0.417413
3719,-0.551056,-0.330646,-0.000503709,0.943755,-0.312135,0.148149,0.413027
3720,0.700494,-0.862183,-0.4518,-0.229166,0.0760852,0.122333,-0.24664
3721,0.620417,0.876295,0.379954,0.296212,0.073181,0.136468,-0.22977
3722,0.684604,0.843108,0.497996,0.202903,0.0942182,0.114495,-0.260107
3723,0.770744,0.871755,0.438462,0.218619,0.0613607,0.115005,-0.250215
3724,-0.0740151,0.265765,-0.051775,-0.962646,-0.279858,0.128471,0.458877
3725,-0.0571416,-0.25452,0.0395522,0.966258,-0.289456,0.133363,0.470529
3726,-0.0584187,-0.246594,0.0513147,0.967759,-0.269331,0.117455,0.473013
3727,-0.0245758,-0.333284,0.013838,0.942725,-0.280003,0.133148,0.433039
3728,0.34566,-0.420609,0.663775,0.618458,0.0046404,0.122653,-0.235587
3729,0.226635,0.433653,-0.627144,-0.647021,0.0264775,0.115158,-0.244242
3730,0.367502,0.400592,-0.666761,-0.628456,-0.00983582,0.114946,-0.242311
3731,0.262552,0.420677,-0.564765,-0.70998,-0.00179347,0.136897,-0.220257
3732,-0.0470232,-0.916062,0.151251,-0.371421,-0.296238,0.148709,0.372886
3733,-0.121686,0.856691,-0.384906,0.343405,-0.287316,0.14426,0.390171
3734,-0.0695063,0.907027,-0.153952,0.39192,-0.291065,0.150668,0.344445
3735,-0.152092,0.924376,-0.147387,0.351861,-0.309467,0.149604,0.384132
3736,0.128283,-0.443781,0.456007,0.771438,0.0323125,0.161541,-0.187317
3737,0.0187423,0.449601,-0.424168,-0.786092,0.0524799,0.155624,-0.199095
3738,0.139662,0.433548,-0.458485,-0.775776,0.0125084,0.15603,-0.19522
3739,-0.00114689,0.443428,-0.353878,-0.823494,0.0327909,0.171678,-0.167891
3740,-0.212519,-0.947339,0.136538,-0.289664,-0.324044,0.148093,0.454719
3741,-0.264068,0.891915,-0.368804,0.261671,-0.311563,0.14411,0.469192
3742,-0.238883,0.938567,-0.141897,0.314576,-0.324314,0.14918,0.425833
3743,-0.329187,0.94935,-0.136142,0.283197,-0.334907,0.149244,0.468875
3744,-0.579311,0.487163,-0.728472,-0.481665,0.0628088,0.0731464,-0.280444
3745,-0.643639,-0.458841,0.666821,0.587209,0.0544444,0.0906499,-0.26789
3746,-0.618034,-0.499822,0.676889,0.540369,0.082169,0.063996,-0.29121
3747,-0.488563,-0.456557,0.749166,0.479901,0.0523255,0.064175,-0.282146
3748,0.687119,-0.888155,-0.345031,0.303536,-0.242032,-0.130011,0.346307
3749,0.700515,0.888702,0.346735,-0.299973,-0.240283,-0.134644,0.331416
3750,0.696079,0.834703,0.43706,-0.335036,-0.222642,-0.119097,0.34373
3751,0.784194,0.86483,0.381335,-0.326577,-0.262403,-0.134809,0.364538
3752,0.0518038,0.483592,-0.602405,-0.635018,0.0858678,0.0904163,-0.27715
3753,0.14993,-0.480447,0.654122,0.584205,0.0670519,0.0989757,-0.265078
3754,0.0279155,-0.503142,0.588915,0.632478,0.0983096,0.0986077,-0.275754
3755,0.088856,-0.520369,0.659952,0.541922,0.0926204,0.0729401,-0.290727
3756,0.617072,0.047334,0.549399,0.834218,-0.198423,-0.11887,0.316003
3757,0.653677,-0.118942,-0.440498,-0.889839,-0.21784,-0.129879,0.315799
3758,0.622871,-0.0179305,-0.586202,-0.809966,-0.17566,-0.11249,0.304161
3759,0.735541,-0.0380829,-0.554279,-0.831459,-0.201477,-0.112721,0.329043
3760,-0.733349,-0.753404,-0.642152,0.141505,0.0829237,0.0360425,-0.301628
3761,-0.75097,0.751781,0.651564,-0.101436,0.091513,0.0454291,-0.302423
3762,0.76655,0.610923,-0.689644,-0.388798,0.0941477,0.0168453,-0.310872
3763,-0.6157,0.832919,0.55048,-0.0567285,0.0630963,0.045638,-0.292117
3764,0.168626,-0.799164,-0.481079,0.360417,-0.243157,-0.119371,0.373975
3765,0.0811685,0.834495,0.439654,-0.332147,-0.223998,-0.113013,0.35678
3766,0.171222,0.798517,0.483459,-0.358661,-0.242754,-0.1133,0.386864
3767,0.2025,0.863946,0.379059,-0.331528,-0.262171,-0.130252,0.379157
3768,-0.506477,-0.90266,-0.399338,-0.160422,0.0215004,0.0907151,-0.262368
3769,-0.535548,0.889666,0.42157,0.175423,0.0339376,0.0991201,-0.258173
3770,-0.500797,0.896914,0.432174,0.0936518,0.0315239,0.0732735,-0.273787
3771,-0.408285,0.917685,0.335452,0.212899,-0.000435889,0.0990463,-0.255161
3772,0.265821,-0.923986,-0.25379,0.286076,-0.282,-0.145223,0.353039
3773,0.160906,0.936082,0.226903,-0.268823,-0.260408,-0.142283,0.333392
3774,0.252684,0.921482,0.24895,-0.298153,-0.282247,-0.142382,0.369294
3775,0.312807,0.960757,0.0893049,-0.262623,-0.302378,-0.14912,0.357802
3776,0.450458,-0.406735,0.493686,0.768662,-0.0545415,0.160177,-0.189065
3777,0.272058,0.415265,-0.481714,-0.77169,-0.0297557,0.155459,-0.195736
3778,0.46528,0.393917,-0.48024,-0.783708,-0.0745586,0.153721,-0.20129
3779,0.246644,0.413005,-0.378627,-0.828292,-0.0572667,0.170262,-0.170238
3780,-0.757203,0.770645,0.525247,-0.360864,-0.168236,-0.0756267,0.336195
3781,-0.750067,-0.822102,-0.468235,0.32389,-0.185681,-0.0916249,0.338981
3782,-0.76174,-0.825259,-0.477616,0.301381,-0.147838,-0.0669401,0.324718
3783,-0.671789,-0.767082,-0.540786,0.34516,-0.171196,-0.0673062,0.345313
3784,-0.323777,-0.918079,-0.219232,-0.330254,-0.0417556,0.136187,-0.221953
3785,-0.361761,0.912028,0.248578,0.326213,-0.024877,0.143205,-0.212625
3786,-0.319645,0.921908,0.251636,0.294558,-0.0331483,0.122172,-0.236309
3787,-0.225524,0.921403,0.184249,0.342154,-0.0666513,0.141985,-0.217288
3788,-0.112287,0.867434,0.408554,-0.283974,-0.16136,-0.0912575,0.316417
3789,-0.0302701,-0.822485,-0.460006,0.334534,-0.182888,-0.0989651,0.327934
3790,-0.127446,-0.86723,-0.399878,0.296664,-0.157185,-0.098633,0.305684
3791,-0.111894,-0.82745,-0.461707,0.319615,-0.143754,-0.0752307,0.315987
3792,0.701217,0.919448,0.128138,0.371746,-0.108476,0.166794,-0.179558
3793,-0.718541,0.382112,-0.485931,-0.786041,-0.102196,0.157481,-0.197973
3794,0.713081,-0.924238,-0.14485,-0.353273,-0.140816,0.167972,-0.177209
3795,0.580308,-0.913768,-0.166838,-0.370397,-0.0835639,0.173119,-0.164047
3796,0.599639,-0.769283,-0.549757,0.325531,-0.135922,-0.0402929,0.328824
3797,0.573578,0.77822,0.523977,-0.346153,-0.131451,-0.0492763,0.322069
3798,0.622615,0.714236,0.586279,-0.382287,-0.121126,-0.0215563,0.323783
3799,0.661235,0.707659,0.588829,-0.390511,-0.15527,-0.0496363,0.34059
3800,0.524662,0.903261,0.181936,0.388611,-0.0105126,0.171782,-0.166747
3801,0.619683,-0.904567,-0.227664,-0.360454,-0.0096761,0.16149,-0.18584
3802,0.531216,-0.906058,-0.177837,-0.38397,-0.0333173,0.175836,-0.157816
3803,0.47726,-0.899112,-0.183988,-0.397174,0.0121504,0.176459,-0.156702
3804,0.703565,-0.774372,-0.522886,0.356285,-0.206969,-0.0919449,0.364314
3805,0.702388,0.775718,0.514611,-0.36529,-0.205626,-0.0992972,0.35314
3806,0.719324,0.710926,0.583762,-0.392181,-0.189984,-0.0759521,0.359273
3807,-0.779715,-0.0220086,-0.547208,-0.836708,-0.224939,-0.09959,0.380844
3808,-0.101833,-0.475012,0.375019,0.796068,0.107696,0.158507,-0.203289
3809,-0.183277,0.475699,-0.325279,-0.817254,0.123812,0.152238,-0.219759
3810,-0.088855,0.463575,-0.378498,-0.801148,0.0896031,0.15427,-0.207252
3811,-0.190543,0.471743,-0.283668,-0.83486,0.109957,0.167661,-0.183307
3812,0.443822,-0.893647,-0.289097,0.343245,-0.315221,-0.145661,0.43095
3813,0.339565,0.905984,0.26757,-0.328024,-0.29926,-0.142624,0.406992
3814,0.427761,0.889439,0.284055,-0.358065,-0.311008,-0.142918,0.446125
3815,0.482481,0.939202,0.100654,-0.328282,-0.334039,-0.149538,0.440809
3816,0.726747,-0.472927,0.420441,0.774319,0.107006,0.135356,-0.240746
3817,0.668191,0.487695,-0.412645,-0.769336,0.122918,0.14091,-0.238654
3818,0.732631,0.492676,-0.503957,-0.709434,0.108513,0.121539,-0.25817
3819,-0.755225,0.868891,0.388569,0.306665,0.0898067,0.142446,-0.225814
3820,-0.702683,0.224916,0.337096,0.91421,-0.277783,-0.130534,0.413888
3821,-0.695801,-0.218575,-0.335298,-0.916406,-0.280042,-0.135063,0.399666
3822,-0.695613,-0.15468,-0.425141,-0.891812,-0.25951,-0.119651,0.406268
3823,-0.599621,-0.263973,-0.291817,-0.919326,-0.292789,-0.135352,0.436389
3824,0.42989,0.888556,0.201089,0.412348,0.0729674,0.170214,-0.173396
3825,0.500907,-0.885916,-0.277679,-0.371548,0.071532,0.160487,-0.193123
3826,0.436903,-0.892025,-0.186036,-0.411924,0.0543938,0.175487,-0.159942
3827,0.392364,-0.884191,-0.188573,-0.427372,0.0932992,0.173151,-0.167543
3828,-0.45394,-0.925688,-0.10566,0.363233,-0.341092,-0.149858,0.483995
3829,-0.538861,0.877225,0.303131,-0.372273,-0.323611,-0.145964,0.471824
3830,-0.468158,0.919711,0.111488,-0.376433,-0.350528,-0.151013,0.512769
3831,-0.558777,0.933834,0.108004,-0.341011,-0.347308,-0.15069,0.468155
3832,0.336193,0.871037,0.20876,0.44465,0.143858,0.164391,-0.197774
3833,0.38108,-0.860666,-0.32872,-0.388842,0.140932,0.155944,-0.217881
3834,0.34312,-0.875246,-0.191001,-0.444368,0.128998,0.16984,-0.17967
3835,0.281038,-0.864988,-0.192736,-0.463301,0.161727,0.165952,-0.196399
3836,-0.648404,-0.950826,-0.0957465,0.294555,-0.320997,-0.149265,0.398631
3837,-0.745096,0.909154,0.273063,-0.314444,-0.301233,-0.145386,0.391239
3838,-0.66095,0.946044,0.104228,-0.306819,-0.337842,-0.15038,0.424243
3839,-0.775105,0.956444,0.0996899,-0.274367,-0.322389,-0.150157,0.381449
3840,-0.216571,0.987166,0.150694,-0.0528576,-0.0254487,-0.1369,-0.222902
3841,-0.21947,-0.986773,-0.151903,0.0566128,-0.0395403,-0.143829,-0.21632
3842,-0.223999,-0.983358,-0.177822,0.0372251,-0.0355234,-0.122668,-0.239235
3843,-0.108358,-0.991507,-0.104379,0.0775775,-0.00109871,-0.143015,-0.213366
3844,0.0668937,-0.951188,-0.202998,0.232452,-0.229772,-0.14581,0.282613
3845,-0.0768037,0.963459,0.16486,-0.211112,-0.204172,-0.143178,0.268695
3846,0.0585714,0.949974,0.199787,-0.240073,-0.234244,-0.142433,0.299817
3847,0.131178,0.976309,0.0664264,-0.205934,-0.250473,-0.149933,0.281185
3848,-0.348151,-0.1748,0.695157,-0.697282,-0.0707114,-0.122813,-0.246063
3849,-0.326194,0.147855,-0.602734,0.784124,-0.0624608,-0.137221,-0.228521
3850,-0.364358,0.183781,-0.669324,0.719882,-0.0913759,-0.115056,-0.259563
3851,-0.271847,0.167971,-0.701096,0.693,-0.0578656,-0.115189,-0.250194
3852,0.512168,-0.934947,-0.260578,0.240774,-0.190078,-0.129956,0.288239
3853,0.539684,0.935123,0.259721,-0.24102,-0.184537,-0.13508,0.273311
3854,0.523487,0.902861,0.33395,-0.270774,-0.17097,-0.118778,0.291368
3855,0.618431,0.9122,0.306803,-0.271595,-0.214184,-0.134677,0.300828
3856,0.752812,0.133119,-0.731427,0.6688,0.000681454,-0.122082,-0.236411
3857,0.643624,-0.148287,0.720631,-0.677275,-0.023033,-0.114931,-0.244704
3858,0.760368,-0.125531,0.728,-0.673986,0.0125363,-0.114352,-0.243241
3859,0.744826,-0.122062,0.624404,-0.771506,0.012541,-0.135934,-0.221406
3860,0.679144,-0.22467,-0.101296,-0.969155,-0.278674,-0.149232,0.318658
3861,0.575651,0.192333,0.273998,0.942302,-0.258025,-0.145274,0.316764
3862,0.668616,0.236013,0.0915309,0.96743,-0.301436,-0.150137,0.340049
3863,0.52921,0.20712,0.114052,0.971645,-0.275594,-0.150514,0.300282
3864,0.725853,0.11743,-0.522062,0.844785,-0.00533583,-0.161291,-0.186935
3865,0.624955,-0.123449,0.513538,-0.849141,-0.0302781,-0.156205,-0.197721
3866,0.727432,-0.115642,0.517006,-0.848134,0.00975197,-0.155032,-0.195998
3867,0.708555,-0.107733,0.410302,-0.905564,0.00483739,-0.171347,-0.167336
3868,0.381584,-0.171943,-0.158278,-0.972308,-0.218014,-0.151756,0.245244
3869,0.267841,0.141648,0.334457,0.931705,-0.197603,-0.147194,0.250922
3870,0.372499,0.181694,0.149296,0.971956,-0.245283,-0.151864,0.261588
3871,0.168285,0.160075,0.199049,0.966828,-0.210451,-0.154953,0.223279
3872,-0.206096,-0.227363,0.853744,-0.468431,-0.0666473,-0.0732828,-0.2811
3873,-0.202309,0.189586,-0.790514,0.582361,-0.0560089,-0.0907191,-0.268368
3874,-0.235739,0.246649,-0.8318,0.497265,-0.0867209,-0.0641278,-0.292087
3875,-0.127198,0.211834,-0.865341,0.454215,-0.0571216,-0.064386,-0.282759
3876,-0.579995,-0.0345151,-0.479799,-0.876699,-0.234788,-0.076356,0.441958
3877,-0.568935,-0.00386895,0.482158,0.876076,-0.23274,-0.06777,0.451419
3878,-0.591083,0.106065,0.443799,0.889827,-0.248565,-0.0924727,0.452887
3879,-0.659738,-0.0708314,0.545891,0.834857,-0.222827,-0.0678039,0.422047
3880,0.431559,-0.213921,0.757766,-0.616464,-0.0874889,-0.0905887,-0.277606
3881,0.528783,0.200688,-0.782268,0.58973,-0.067197,-0.0991069,-0.265397
3882,0.416508,0.225526,-0.74789,0.624339,-0.098822,-0.0989145,-0.275904
3883,0.429939,0.26151,-0.817981,0.512367,-0.0963744,-0.0730459,-0.291565
3884,-0.318968,-0.586775,-0.700436,0.406306,-0.254084,-0.0924847,0.485313
3885,-0.338057,0.48177,0.773499,-0.411821,-0.241909,-0.0763108,0.472763
3886,-0.318759,0.556628,0.72379,-0.407791,-0.261149,-0.100065,0.50853
3887,-0.398818,0.592964,0.691281,-0.412945,-0.258693,-0.10006,0.474897
3888,-0.431665,0.873918,0.393279,0.285656,-0.0891805,-0.0363287,-0.302672
3889,-0.450744,-0.879049,-0.410579,-0.242276,-0.0972342,-0.0456008,-0.303536
3890,-0.440087,-0.85892,-0.406964,-0.310864,-0.100968,-0.0172134,-0.312124
3891,-0.351102,-0.932142,-0.321998,-0.165618,-0.0691415,-0.0459588,-0.292883
3892,0.246704,0.676752,0.619888,-0.397173,-0.238738,-0.0923788,0.421644
3893,0.324236,-0.634787,-0.653598,0.412134,-0.251738,-0.099982,0.442107
3894,0.236529,-0.67999,-0.611618,0.404396,-0.240419,-0.0998223,0.410622
3895,0.235738,-0.589483,-0.688093,0.423128,-0.223603,-0.0763174,0.412513
3896,-0.235599,0.980959,0.194206,0.00182395,-0.023393,-0.0906819,-0.262847
3897,-0.234559,-0.979595,-0.200707,0.0105311,-0.0341871,-0.0990649,-0.258635
3898,-0.245958,-0.975142,-0.219963,-0.0267292,-0.0356891,-0.0734392,-0.274239
3899,-0.128873,-0.990407,-0.120392,0.0678213,-0.000383982,-0.0988187,-0.255747
3900,0.283391,0.468629,0.775344,-0.423354,-0.210453,-0.0407461,0.420017
3901,0.337639,-0.416316,-0.800883,0.430427,-0.221318,-0.0499397,0.4397
3902,0.254253,-0.484251,-0.755137,0.441893,-0.209915,-0.0500243,0.411825
3903,0.289511,-0.362627,-0.809376,0.461965,-0.20012,-0.021889,0.408586
3904,-0.587122,0.994665,0.0177753,-0.101615,0.0777908,-0.156473,-0.193908
3905,-0.734582,-0.994315,-0.0451757,0.0964163,0.0504309,-0.152944,-0.198649
3906,-0.584324,-0.993703,0.00624162,0.111871,0.0918311,-0.150135,-0.206557
3907,-0.655578,-0.995683,-0.0341738,0.086301,0.0904609,-0.165054,-0.176739
3908,-0.406839,-0.789496,-0.462978,0.402923,-0.294229,-0.131025,0.487388
3909,-0.453954,0.697396,0.589379,-0.407765,-0.278468,-0.120082,0.475393
3910,-0.418178,0.770456,0.485005,-0.413724,-0.302693,-0.135817,0.512972
3911,-0.503654,0.792749,0.464407,-0.394809,-0.300388,-0.135612,0.474307
3912,0.00578293,0.993367,0.0309798,-0.110735,0.0508834,-0.134483,-0.224281
3913,0.00503008,-0.993516,-0.0481331,0.102999,0.0380256,-0.141528,-0.214719
3914,-0.00408438,-0.992304,-0.0375235,0.118002,0.0372537,-0.121159,-0.237797
3915,0.132253,-0.990941,0.0207855,0.132682,0.077329,-0.139561,-0.220859
3916,0.530649,-0.668264,-0.617281,0.415196,-0.280712,-0.120196,0.511381
3917,0.438693,0.693773,0.59316,-0.408461,-0.272887,-0.113891,0.487093
3918,0.529646,0.663537,0.621829,-0.41599,-0.273582,-0.113946,0.522402
3919,0.564052,0.765803,0.485071,-0.422199,-0.294757,-0.131178,0.525265
3920,-0.112744,0.0821934,-0.318226,0.944445,0.135414,-0.160253,-0.190422
3921,-0.0339309,-0.0831569,0.47371,-0.876746,0.120528,-0.152888,-0.205755
3922,-0.100102,-0.069597,0.317975,-0.945541,0.167244,-0.160136,-0.19276
3923,-0.194398,-0.0840781,0.367135,-0.92636,0.119387,-0.166082,-0.174054
3924,-0.390549,-0.38215,-0.123418,-0.915822,-0.326252,-0.146238,0.513406
3925,-0.40302,0.397367,0.128309,0.908646,-0.317867,-0.143437,0.527004
3926,-0.385086,0.397065,0.038265,0.916992,-0.342062,-0.150152,0.52771
3927,-0.501326,0.356107,0.156858,0.921186,-0.317238,-0.143205,0.486293
3928,-0.229172,0.101363,-0.398785,0.911425,0.0471114,-0.168838,-0.169498
3929,-0.2233,-0.108412,0.522412,-0.845773,0.0357969,-0.159366,-0.187967
3930,-0.223079,-0.0953019,0.399205,-0.911895,0.0744155,-0.170997,-0.16301
3931,-0.263326,-0.103113,0.411687,-0.905473,0.0312397,-0.174559,-0.15793
3932,-0.600407,-0.205885,-0.374057,-0.904264,-0.271361,-0.119897,0.440207
3933,-0.603013,0.199571,0.380453,0.90301,-0.267447,-0.113761,0.452417
3934,-0.606439,0.269978,0.296054,0.916223,-0.288542,-0.130804,0.450101
3935,-0.698445,0.147416,0.43155,0.889962,-0.257334,-0.113561,0.418874
3936,0.525491,0.128723,-0.482641,0.866307,-0.0847358,-0.161715,-0.197412
3937,0.414818,-0.133849,0.459752,-0.877902,-0.10684,-0.155473,-0.213562
3938,0.52637,-0.129494,0.497516,-0.857735,-0.0691176,-0.156354,-0.203625
3939,0.543504,-0.115026,0.38753,-0.914653,-0.0771885,-0.1721,-0.175368
3940,0.120661,0.62101,0.671576,-0.404145,-0.1792,-0.0407534,0.369589
3941,0.17144,-0.558061,-0.704118,0.439074,-0.194894,-0.0500083,0.385791
3942,0.0895143,-0.633435,-0.648654,0.421909,-0.176559,-0.0498812,0.361935
3943,0.127957,-0.539051,-0.706676,0.458293,-0.166192,-0.0219582,0.361053
3944,-0.447458,0.966473,0.256687,-0.006395,-0.0979549,-0.13688,-0.238199
3945,-0.457001,-0.970176,-0.241117,0.0249315,-0.112419,-0.143131,-0.23459
3946,-0.454338,-0.952103,-0.304615,-0.0266412,-0.104322,-0.122483,-0.256837
3947,-0.334924,-0.979458,-0.198134,0.037491,-0.076758,-0.143862,-0.223384
3948,-0.76263,0.0848731,-0.601074,-0.794674,-0.208574,-0.0761817,0.384834
3949,-0.750497,-0.124792,0.604688,0.786625,-0.209079,-0.0677407,0.39433
3950,-0.777009,-0.00218346,0.555132,0.831759,-0.22478,-0.0922018,0.391995
3951,0.730797,-0.705783,-0.599071,0.378134,-0.191749,-0.067577,0.368641
3952,-0.298919,0.112013,-0.407453,0.90633,-0.0365542,-0.17245,-0.169454
3953,-0.341022,-0.124224,0.510815,-0.850668,-0.0455582,-0.162089,-0.190164
3954,-0.294833,-0.108152,0.411505,-0.904968,-0.0111009,-0.176621,-0.157412
3955,-0.337833,-0.110993,0.394893,-0.911998,-0.0525664,-0.1771,-0.160872
3956,-0.601994,0.628393,0.64882,-0.429132,-0.144864,-0.0218172,0.340993
3957,-0.601625,-0.697022,-0.613072,0.37189,-0.158868,-0.0405864,0.347844
3958,-0.622612,-0.694167,-0.62146,0.363206,-0.126469,-0.0121304,0.328699
3959,-0.545313,-0.606744,-0.680842,0.410262,-0.149548,-0.0123167,0.346548
3960,-0.409793,0.118272,-0.349352,0.929497,-0.117492,-0.170302,-0.185092
3961,-0.51601,-0.133681,0.442754,-0.886622,-0.122975,-0.160193,-0.208793
3962,-0.403934,-0.113199,0.365558,-0.92388,-0.0938103,-0.175967,-0.167817
3963,-0.546828,-0.117198,0.319171,-0.940423,-0.135764,-0.173264,-0.178424
3964,-0.446053,0.448847,0.760318,-0.469525,-0.184738,-0.0219775,0.383683
3965,-0.444015,-0.543686,-0.725827,0.421403,-0.196506,-0.0408053,0.393753
3966,-0.469067,-0.515576,-0.736053,0.438643,-0.170119,-0.0123853,0.367185
3967,-0.393166,-0.424453,-0.787018,0.447707,-0.187814,-0.0123394,0.390324
3968,0.0658945,-0.973677,0.0654327,0.218338,0.0584107,-0.0740062,-0.276876
3969,0.0645548,0.975764,-0.07397,-0.205945,0.0654188,-0.0655706,-0.283172
3970,0.0892757,0.977446,-0.078682,-0.195983,0.0746457,-0.090429,-0.270478
3971,-0.0453799,0.992136,0.0262655,-0.122374,0.0352353,-0.0651813,-0.277112
3972,0.448356,0.335522,0.859152,-0.38637,-0.227312,-0.0403828,0.477303
3973,0.504462,-0.304512,-0.875874,0.374321,-0.232586,-0.0495618,0.49922
3974,0.421479,-0.355605,-0.841265,0.407208,-0.228917,-0.0497794,0.468993
3975,0.451929,-0.215104,-0.890988,0.399839,-0.220391,-0.0214558,0.463747
3976,0.401253,0.0212764,-0.773001,0.634048,0.105432,-0.0905927,-0.28168
3977,0.368282,0.000631061,0.860397,-0.509624,0.0884279,-0.0743669,-0.285971
3978,0.44024,-0.00215587,0.734608,-0.678488,0.128976,-0.0983595,-0.286996
3979,0.307058,-0.0311888,0.775219,-0.630922,0.0986576,-0.0982191,-0.272484
3980,-0.400039,-0.188263,-0.345656,-0.919282,-0.24486,-0.076199,0.504446
3981,-0.392615,0.150758,0.348243,0.925202,-0.240421,-0.0674958,0.513333
3982,-0.407715,0.239998,0.320914,0.916196,-0.255203,-0.0924288,0.518403
3983,-0.479904,0.0699114,0.4164,0.90649,-0.23863,-0.0676615,0.482024
3984,-0.690134,-0.99138,-0.0192524,0.129592,0.0425655,-0.0904316,-0.263683
3985,-0.579266,0.977682,-0.0675963,-0.198918,0.0666473,-0.098281,-0.262431
3986,-0.701582,0.990874,0.0323189,-0.130861,0.0334464,-0.0985159,-0.256928
3987,-0.707748,0.99035,0.0368792,-0.133592,0.0273886,-0.0737547,-0.271965
3988,-0.293551,0.283803,0.8531,-0.437808,-0.212067,-0.0217087,0.435416
3989,-0.292731,-0.398253,-0.820005,0.41108,-0.220773,-0.0405984,0.448014
3990,-0.318511,-0.336742,-0.833413,0.438209,-0.202278,-0.012193,0.41567
3991,-0.245125,-0.256664,-0.874354,0.411859,-0.21329,-0.0119627,0.442839
3992,-0.70269,-0.994058,-0.0413071,0.100707,0.0268076,-0.0382838,-0.285967
3993,-0.616904,0.973191,-0.0473248,-0.225077,0.0492969,-0.0477709,-0.286797
3994,-0.717756,0.991186,0.0504604,-0.122494,0.0197542,-0.0472585,-0.282579
3995,-0.743733,0.99202,0.0739123,-0.102144,0.0112553,-0.0195445,-0.289189
3996,-0.145533,0.156741,0.923004,-0.351419,-0.224977,-0.0211557,0.493076
3997,-0.140348,-0.281246,-0.892941,0.351508,-0.22996,-0.0401232,0.507357
3998,-0.17195,-0.18507,-0.909618,0.371947,-0.220681,-0.0116672,0.471382
3999,-0.0990367,-0.125391,-0.938809,0.320803,-0.224346,-0.0113345,0.50077
4000,0.25376,0.0798912,-0.532858,0.842425,0.125281,-0.131387,-0.245402
4001,0.222409,-0.0559893,0.680401,-0.730698,0.107942,-0.119391,-0.254718
4002,0.276857,-0.0623841,0.511579,-0.856969,0.151648,-0.136029,-0.250055
4003,0.115436,-0.0744772,0.57412,-0.815377,0.115675,-0.137584,-0.232482
4004,-0.445732,-0.183051,-0.375782,0.908449,-0.378488,-0.0732037,0.227047
4005,-0.421578,0.155568,0.346561,-0.925037,-0.373452,-0.0647653,0.202935
4006,-0.46913,0.0973352,0.344058,-0.93389,-0.363179,-0.0898993,0.218291
4007,-0.414025,0.181615,0.358388,-0.915737,-0.397376,-0.0642336,0.26082
4008,-0.274816,0.936332,-0.248334,-0.248219,0.140696,-0.118908,-0.270673
4009,-0.416824,-0.962603,0.163153,0.216278,0.115888,-0.112512,-0.265733
4010,-0.269084,-0.935439,0.254244,0.245588,0.14701,-0.112382,-0.282739
4011,-0.235323,-0.959915,0.205305,0.190821,0.159117,-0.130429,-0.264312
4012,0.462868,-0.984676,0.11806,0.128352,0.161275,-0.149546,-0.2245
4013,0.462388,0.982395,-0.130035,-0.134134,0.1705,-0.144696,-0.241219
4014,0.481243,0.996433,-0.0253829,-0.080478,0.180816,-0.155241,-0.212177
4015,0.287744,0.990169,-0.064184,-0.124284,0.132817,-0.147076,-0.220417
4016,0.730905,-0.0634404,-0.307448,0.949448,-0.339967,-0.0911836,0.163011
4017,0.779633,0.14378,0.347478,-0.926599,-0.355138,-0.0742332,0.16983
4018,0.729422,0.0477996,0.295261,-0.95422,-0.321268,-0.100365,0.132946
4019,0.78139,0.0886678,0.3453,-0.934294,-0.342973,-0.0984114,0.18736
4020,0.119192,-0.983927,0.0544426,0.170067,0.0732609,-0.120184,-0.243747
4021,0.113599,0.982127,-0.0700623,-0.174691,0.0827134,-0.11295,-0.253423
4022,0.1329,0.988236,-0.0465372,-0.145685,0.0888844,-0.132822,-0.232123
4023,-0.009571,0.992009,0.0204341,-0.124499,0.0480757,-0.113599,-0.246001
4024,0.616657,-0.658746,0.725903,0.197783,-0.38762,-0.0894035,0.273392
4025,0.561573,0.669591,-0.713272,-0.207099,-0.36709,-0.0974412,0.241544
4026,0.605897,0.643836,-0.73437,-0.214886,-0.391583,-0.0971257,0.295727
4027,0.655413,0.508542,-0.828966,-0.232811,-0.402598,-0.0728915,0.283913
4028,0.682191,-0.178824,0.944948,-0.274035,-0.0321168,-0.0372277,-0.286961
4029,0.755872,0.142001,-0.948943,0.281678,-0.0101446,-0.0467847,-0.282252
4030,0.656892,0.200349,-0.934173,0.295264,-0.0399402,-0.0463535,-0.285733
4031,0.665513,0.200051,-0.958056,0.205204,-0.0462523,-0.0183067,-0.293494
4032,0.710938,-0.376736,0.894057,0.242348,-0.402784,-0.0369123,0.248857
4033,0.674741,0.384643,-0.887796,-0.252723,-0.385722,-0.0465405,0.213069
4034,0.702314,0.357024,-0.897527,-0.258803,-0.409402,-0.0461671,0.272497
4035,0.751321,0.189811,-0.938565,-0.288215,-0.411639,-0.0179301,0.262023
4036,-0.147253,-0.990076,-0.130829,0.0513223,-0.00414928,-0.0735797,-0.271136
4037,-0.146726,0.992132,0.119889,-0.036068,0.00441614,-0.0648765,-0.275116
4038,-0.134315,0.992003,0.109217,-0.0632635,0.00970405,-0.0905421,-0.26123
4039,-0.245038,0.976483,0.210083,0.0484388,-0.0265334,-0.0646136,-0.277044
4040,0.757878,0.0547996,-0.229473,0.971771,-0.306225,-0.131447,0.200438
4041,-0.784539,-0.792897,0.582548,0.178753,-0.327118,-0.119307,0.204957
4042,0.760095,-0.0647753,0.205439,-0.976524,-0.2837,-0.138107,0.174443
4043,0.775996,-0.0490462,0.271593,-0.961162,-0.307719,-0.135833,0.222875
4044,-0.0714282,-0.261082,0.934422,-0.242264,-0.0741826,-0.0177278,-0.301091
4045,-0.057888,0.234388,-0.922757,0.305911,-0.0611158,-0.0367519,-0.293052
4046,-0.114987,0.294387,-0.91715,0.268647,-0.0939959,-0.00781942,-0.310373
4047,-0.00681243,0.236026,-0.948608,0.210797,-0.0671424,-0.00840837,-0.300305
4048,0.449715,0.79078,-0.588874,-0.167015,-0.304366,-0.121246,0.15365
4049,0.484284,-0.803639,0.572657,0.161948,-0.324962,-0.113288,0.181672
4050,0.458334,-0.801944,0.576927,0.15505,-0.303678,-0.115551,0.129273
4051,0.394001,-0.884902,0.443425,0.142562,-0.283997,-0.133926,0.15094
4052,0.121079,-0.142935,0.971209,-0.190587,-0.0176246,-0.0189203,-0.289499
4053,0.14761,0.122459,-0.957036,0.262841,-0.00265327,-0.0377401,-0.284568
4054,0.0864903,0.178624,-0.96774,0.17769,-0.0392514,-0.00904391,-0.293716
4055,0.160747,0.130377,-0.97795,0.163146,-0.0107695,-0.00969941,-0.290732
4056,-0.645336,0.116834,-0.122724,0.98554,-0.259277,-0.149708,0.195904
4057,-0.561851,-0.111299,0.107989,-0.987902,-0.260173,-0.147591,0.17304
4058,-0.648696,-0.146832,0.000682351,-0.989161,-0.232007,-0.155364,0.196223
4059,-0.648149,-0.1135,0.149803,-0.98218,-0.284297,-0.14461,0.219744
4060,-0.476792,-0.942237,0.173885,0.286277,0.0839598,-0.0393892,-0.300194
4061,-0.355461,0.880783,-0.290733,-0.373758,0.105561,-0.0488204,-0.306691
4062,-0.501225,0.93706,-0.156926,-0.311919,0.0780424,-0.0483027,-0.294875
4063,-0.551827,0.942586,-0.114886,-0.313579,0.0680448,-0.0207145,-0.299672
4064,-0.565821,-0.0399505,-0.357655,0.932999,-0.352016,-0.118225,0.256226
4065,-0.524429,0.0291528,0.321792,-0.946362,-0.34904,-0.111973,0.233898
4066,-0.589425,-0.0472194,0.27074,-0.961494,-0.331588,-0.129946,0.249722
4067,-0.515379,0.0396035,0.339827,-0.939654,-0.374029,-0.111416,0.286206
4068,0.317564,-0.895074,0.284971,0.342977,0.117016,-0.0747915,-0.299068
4069,0.327234,0.897868,-0.300109,-0.32213,0.122133,-0.0664989,-0.307173
4070,0.34727,0.914806,-0.281502,-0.289631,0.134463,-0.0908988,-0.297087
4071,0.187173,0.944428,-0.18172,-0.273922,0.0945257,-0.0660264,-0.293267
4072,-0.768226,-0.223756,-0.28437,0.932238,-0.446735,-0.0369436,0.367971
4073,0.745521,0.318645,-0.915217,-0.246666,-0.432029,-0.0461731,0.331428
4074,-0.748856,0.227985,0.265947,-0.93664,-0.451451,-0.0464114,0.390218
4075,-0.745398,0.272407,0.265884,-0.924716,-0.453898,-0.0179827,0.382877
4076,0.276897,-0.0416684,0.977281,-0.207813,0.0399575,-0.0201495,-0.292594
4077,0.339076,0.00688145,-0.957261,0.289144,0.0558226,-0.0388435,-0.291203
4078,0.223006,0.0894332,-0.982791,0.161629,0.0178795,-0.0103376,-0.29141
4079,0.29095,0.0411564,-0.984503,0.170472,0.0462623,-0.0109339,-0.295745
4080,-0.383428,-0.199279,-0.347751,0.916164,-0.425225,-0.0729667,0.340717
4081,-0.380182,0.187323,0.341754,-0.920931,-0.420714,-0.0641924,0.318395
4082,-0.421005,0.118597,0.343447,-0.931654,-0.411072,-0.0893882,0.328569
4083,-0.311169,0.16862,0.288921,-0.942386,-0.441256,-0.0644153,0.375998
4084,0.606466,0.204421,0.917911,-0.340076,0.0950927,-0.0212082,-0.310312
4085,0.632846,-0.185762,-0.896874,0.401384,0.110795,-0.0398883,-0.312793
4086,0.43897,-0.0820892,-0.973754,0.212284,0.073943,-0.0114656,-0.303687
4087,-0.78339,0.832689,-0.468414,-0.295327,0.100494,-0.0119008,-0.315086
4088,-0.344808,-0.0747251,0.98862,0.130566,-0.468755,-0.0182369,0.442849
4089,-0.392132,0.227067,-0.96341,-0.142413,-0.463073,-0.037243,0.427281
4090,-0.219147,0.0271805,-0.999564,-0.0115663,-0.475218,-0.00870518,0.480859
4091,-0.430733,0.0705528,-0.978546,-0.193573,-0.464296,-0.00844431,0.420693
4092,0.469032,0.505431,-0.416585,-0.755643,0.169119,0.072236,-0.342263
4093,0.516925,-0.477569,0.451051,0.753977,0.159892,0.0634204,-0.33897
4094,0.448531,-0.473968,0.364171,0.801707,0.166862,0.0891865,-0.326666
4095,0.397564,-0.444958,0.352468,0.823273,0.180777,0.0633425,-0.361202
4096,-0.579148,-0.160772,0.946117,0.281095,-0.434164,-0.0178615,0.322705
4097,-0.630536,0.331508,-0.911261,-0.244346,-0.425939,-0.0368058,0.308623
4098,-0.547831,0.1247,-0.957035,-0.261789,-0.447417,-0.00826796,0.360417
4099,-0.614188,0.169982,-0.945882,-0.276431,-0.426483,-0.00824067,0.299745
4100,0.665838,-0.441297,0.87172,0.212982,-0.358315,-0.0389227,0.126179
4101,0.606226,0.411669,-0.884184,-0.220785,-0.344134,-0.0500655,0.0907463
4102,0.652438,0.398258,-0.885382,-0.239768,-0.363211,-0.0477144,0.152906
4103,0.742772,0.210134,-0.941259,-0.26434,-0.367041,-0.0192231,0.136769
4104,0.644451,0.727333,0.683554,0.0611561,0.142327,0.0896024,-0.306655
4105,0.694836,-0.663788,-0.746499,0.0460867,0.146085,0.0724397,-0.321784
4106,0.662217,-0.76535,-0.636626,-0.0945842,0.127327,0.0980953,-0.29018
4107,0.565702,-0.709897,-0.699367,-0.0832606,0.153877,0.0975336,-0.308244
4108,-0.418912,-0.0905058,-0.302317,0.948901,-0.334527,-0.0764392,0.112114
4109,-0.387729,0.0387699,0.257659,-0.965458,-0.332395,-0.0690883,0.0850864
4110,-0.427616,0.0197684,0.258332,-0.965854,-0.319804,-0.0936453,0.107378
4111,-0.411856,0.110015,0.312921,-0.943386,-0.351161,-0.0662081,0.144501
4112,-0.365021,0.451153,-0.265647,-0.851993,0.188728,0.0888697,-0.349908
4113,-0.295725,-0.498513,0.335639,0.79927,0.177863,0.0970319,-0.329777
4114,-0.405908,-0.475929,0.233379,0.847954,0.199105,0.0966579,-0.354507
4115,-0.343685,-0.475491,0.309643,0.823426,0.189385,0.0721309,-0.365735
4116,-0.673864,-0.209643,0.937101,0.279089,-0.388479,-0.018344,0.20042
4117,-0.765217,0.410402,-0.882595,-0.229337,-0.379457,-0.0375145,0.18837
4118,-0.662921,0.207085,-0.940609,-0.269019,-0.403599,-0.00838774,0.238285
4119,-0.709051,0.236478,-0.938402,-0.251951,-0.380959,-0.00884426,0.175546
4120,-0.190316,0.443741,-0.456804,-0.770989,0.177407,0.0356944,-0.37095
4121,-0.145843,-0.51699,0.500318,0.694553,0.16484,0.0450904,-0.353041
4122,-0.256421,-0.477778,0.400825,0.781708,0.184117,0.045131,-0.375818
4123,-0.142741,-0.45265,0.509212,0.731991,0.182922,0.0166217,-0.384489
4124,0.77519,0.138065,0.274615,-0.951591,-0.349883,-0.0210519,0.0688427
4125,0.612368,-0.052885,-0.252445,0.966165,-0.341541,-0.0418355,0.061155
4126,0.772303,-0.175975,-0.285011,0.942232,-0.361202,-0.00958228,0.109024
4127,0.567457,-0.0572335,-0.244952,0.967844,-0.34687,-0.0110603,0.0349976
4128,0.403695,0.807954,0.507226,0.299886,0.166823,0.132391,-0.275086
4129,0.439332,-0.753595,-0.624727,-0.204475,0.165818,0.119465,-0.293084
4130,0.413662,-0.822107,-0.479641,-0.306732,0.153407,0.139152,-0.255729
4131,0.318763,-0.793575,-0.520148,-0.315728,0.181342,0.137395,-0.27693
4132,-0.453527,-0.085425,0.261225,-0.961491,-0.400406,-0.129283,0.400702
4133,-0.471087,0.10692,-0.267298,0.957664,-0.399149,-0.134235,0.42047
4134,-0.412552,0.00224762,-0.298266,0.95448,-0.417365,-0.118118,0.413018
4135,-0.556007,0.0705183,-0.307275,0.949004,-0.382203,-0.133998,0.369699
4136,-0.148493,-0.501375,0.429476,0.751115,0.138434,0.120521,-0.273683
4137,-0.223695,0.48217,-0.365539,-0.796174,0.152644,0.11284,-0.29155
4138,-0.124702,0.482619,-0.443566,-0.755201,0.124667,0.113708,-0.273901
4139,-0.195566,0.480305,-0.352703,-0.803062,0.138193,0.133908,-0.25586
4140,-0.387999,-0.69816,0.685959,0.205021,-0.428838,-0.11852,0.467087
4141,-0.494331,0.809172,-0.542206,-0.226392,-0.413474,-0.129633,0.452954
4142,-0.362063,0.676544,-0.713483,-0.182293,-0.438494,-0.112403,0.502163
4143,-0.456086,0.689381,-0.699158,-0.189559,-0.431472,-0.111956,0.446921
4144,0.435597,0.501159,-0.258025,-0.825992,0.171519,0.153191,-0.236937
4145,0.509622,-0.485473,0.263809,0.833499,0.155253,0.14986,-0.236645
4146,0.424092,-0.500731,0.186779,0.845211,0.175068,0.160834,-0.216797
4147,0.364796,-0.493802,0.201187,0.845981,0.184193,0.147486,-0.257866
4148,0.618152,0.737331,-0.641444,-0.211879,-0.399545,-0.117846,0.359914
4149,0.712513,-0.711685,0.674368,0.196806,-0.417437,-0.11157,0.392463
4150,0.632273,-0.74233,0.640614,0.196368,-0.39765,-0.111354,0.338937
4151,0.585629,-0.845217,0.494787,0.201973,-0.38127,-0.129109,0.349467
4152,0.325193,0.495842,-0.257975,-0.829211,0.190633,0.118504,-0.316182
4153,0.379736,-0.475009,0.280742,0.833997,0.178053,0.112004,-0.312888
4154,0.308068,-0.482734,0.203984,0.85168,0.192918,0.130969,-0.298222
4155,0.2512,-0.460657,0.190407,0.866914,0.200821,0.11132,-0.33767
4156,0.511483,0.92048,-0.309779,-0.23823,-0.362939,-0.144897,0.379592
4157,0.619772,-0.912397,0.332053,0.239316,-0.381053,-0.142001,0.408862
4158,0.535328,-0.924899,0.313548,0.215057,-0.362831,-0.141846,0.360198
4159,0.481152,-0.964665,0.110661,0.239114,-0.343058,-0.148963,0.370967
4160,-0.474571,0.326268,-0.187301,-0.926535,0.208059,0.0360604,-0.421802
4161,-0.394021,-0.427633,0.27066,0.862481,0.200335,0.0452794,-0.401085
4162,-0.540799,-0.361232,0.12815,0.923628,0.213293,0.0455342,-0.428433
4163,-0.480766,-0.339082,0.194271,0.920479,0.210065,0.0170916,-0.436271
4164,-0.334301,-0.406196,0.904729,0.128336,-0.457527,-0.0736821,0.455508
4165,-0.419173,0.545086,-0.823265,-0.158479,-0.446185,-0.0900337,0.440573
4166,-0.271,0.372458,-0.925418,-0.0698263,-0.465952,-0.0652272,0.492505
4167,-0.395487,0.392068,-0.909581,-0.137641,-0.456918,-0.0647906,0.43399
4168,0.212397,0.432715,-0.191188,-0.881025,0.206641,0.0721568,-0.39187
4169,0.265703,-0.402178,0.235655,0.884714,0.198717,0.0633731,-0.38615
4170,0.193477,-0.418004,0.159388,0.894353,0.207687,0.0887027,-0.376054
4171,0.131446,-0.346982,0.111363,0.931237,0.213492,0.0635368,-0.413436
4172,-0.62156,0.0216868,-0.133786,0.990773,-0.45421,-0.0904922,0.497652
4173,-0.728998,0.0343678,0.219891,-0.974919,-0.445083,-0.0979343,0.461481
4174,-0.63552,-0.0436203,0.136143,-0.989728,-0.450256,-0.0983975,0.518168
4175,-0.573429,0.0227263,0.0878443,-0.995875,-0.463738,-0.0741367,0.513742
4176,0.235901,-0.15287,-0.988201,-0.00944568,0.218474,0.0174389,-0.464602
4177,0.258336,0.223958,0.974514,0.0128826,0.218374,0.0363845,-0.450042
4178,0.176359,0.109892,0.991999,0.0621358,0.221026,0.00798909,-0.486335
4179,0.304177,0.123696,0.991325,-0.0444225,0.215398,0.00761975,-0.457462
4180,-0.0368752,0.0838579,0.0421954,-0.995584,-0.473073,-0.0376124,0.486846
4181,-0.0178373,-0.0703752,-0.0247613,0.997213,-0.472828,-0.0471773,0.508604
4182,0.0473232,-0.0938727,0.0411708,0.994733,-0.477021,-0.018553,0.502908
4183,-0.148476,-0.162927,-0.151278,0.974972,-0.465588,-0.0467707,0.449229
4184,0.624696,-0.311984,-0.908312,0.278633,0.198157,0.0168127,-0.409414
4185,0.577817,0.353331,0.913541,-0.201495,0.194343,0.0358255,-0.395286
4186,0.554673,0.207003,0.944484,-0.255147,0.206155,0.00729766,-0.429682
4187,0.756901,0.319308,0.864019,-0.389248,0.193447,0.00704544,-0.403485
4188,-0.350029,0.0993271,0.296826,-0.949752,-0.431278,-0.0896324,0.384224
4189,-0.353811,-0.0939723,-0.299344,0.949506,-0.432646,-0.0975077,0.405458
4190,-0.302565,-0.169496,-0.281778,0.94439,-0.444207,-0.0732669,0.397822
4191,-0.433966,-0.125842,-0.356903,0.925626,-0.414174,-0.0972023,0.350252
4192,-0.0269307,0.527691,-0.598742,-0.602536,0.134862,0.0357177,-0.330195
4193,0.0287525,-0.562397,0.641331,0.521923,0.118217,0.0452594,-0.316129
4194,-0.0566926,-0.546462,0.576216,0.607746,0.142774,0.0451389,-0.33306
4195,-0.0202474,-0.556336,0.612775,0.561247,0.143404,0.0165319,-0.341931
4196,0.365554,0.94181,-0.277779,-0.189293,-0.315387,-0.145484,0.286762
4197,0.458259,-0.937191,0.2917,0.191271,-0.339553,-0.141996,0.312712
4198,0.384742,-0.947756,0.270713,0.168737,-0.312428,-0.142826,0.266047
4199,0.317172,-0.978054,0.0956805,0.18508,-0.293539,-0.149777,0.283024
4200,0.700063,0.530563,-0.587736,-0.610795,0.120513,0.0726945,-0.304545
4201,0.727934,-0.510643,0.606038,0.609887,0.11031,0.0637871,-0.30378
4202,0.694246,-0.491927,0.530893,0.690043,0.115265,0.090039,-0.290096
4203,0.623785,-0.500427,0.533082,0.6822,0.136333,0.0635881,-0.319759
4204,-0.580869,-0.043383,0.299141,-0.953222,-0.357606,-0.129244,0.29927
4205,-0.619609,0.047971,-0.327106,0.943769,-0.359987,-0.134031,0.320027
4206,-0.549781,-0.0477827,-0.370807,0.92748,-0.376993,-0.11783,0.307733
4207,-0.65552,0.0402977,-0.3184,0.947099,-0.334213,-0.134551,0.27124
4208,-0.735011,0.506764,-0.57186,-0.64511,0.164562,0.0165272,-0.361895
4209,-0.772016,-0.490142,0.537366,0.686294,0.157475,0.0356605,-0.349156
4210,-0.729936,-0.423376,0.56081,0.711509,0.177442,0.00688439,-0.379319
4211,-0.687158,-0.489988,0.596243,0.635929,0.158404,0.00681984,-0.357534
4212,0.566835,0.16028,-0.0367213,0.986388,-0.262875,-0.151672,0.240048
4213,0.713916,-0.11609,0.194787,-0.973951,-0.286381,-0.146998,0.241398
4214,0.574482,-0.154777,0.0188649,-0.987769,-0.233521,-0.15494,0.218712
4215,0.593766,-0.173954,0.0554432,-0.983192,-0.267074,-0.151792,0.260959
4216,-0.64271,0.595486,-0.646497,-0.476905,0.119797,0.0166384,-0.324848
4217,-0.629147,-0.549739,0.655655,0.517594,0.109872,0.0358455,-0.314289
4218,-0.66111,-0.551964,0.618118,0.559702,0.136685,0.00686643,-0.338424
4219,-0.638439,-0.606534,0.633443,0.480486,0.112662,0.00702481,-0.322226
4220,0.701237,0.20275,-0.0814397,0.975838,-0.320628,-0.149063,0.326427
4221,-0.732661,-0.931936,0.29316,0.213433,-0.341464,-0.144922,0.33265
4222,0.707308,-0.196558,0.0832487,-0.976952,-0.296869,-0.150429,0.302751
4223,-0.757605,-0.967048,0.103985,0.232389,-0.322114,-0.150053,0.34535
4224,-0.0408684,-0.44646,-0.019633,0.894588,0.254891,0.128431,-0.387727
4225,-0.0691948,0.461299,0.0302745,-0.886728,0.266576,0.133229,-0.396777
4226,-0.0186772,0.428177,0.00946448,-0.903645,0.24802,0.117056,-0.404122
4227,0.0244408,0.481968,-0.0359427,-0.875451,0.249631,0.133686,-0.362485
4228,0.681845,0.897078,-0.332713,-0.290781,-0.388025,-0.145465,0.476791
4229,-0.769505,0.267849,-0.117892,0.956221,-0.397945,-0.142709,0.508998
4230,0.709503,-0.901001,0.343705,0.264698,-0.392965,-0.142325,0.458567
4231,0.65685,-0.944923,0.121635,0.30385,-0.370675,-0.149447,0.46368
4232,-0.160746,-0.618967,-0.712201,-0.331133,0.260605,0.117143,-0.437918
4233,-0.151962,0.724831,0.568398,0.389287,0.269273,0.128304,-0.422531
4234,-0.160215,0.629412,0.701968,0.333288,0.26081,0.110972,-0.4625
4235,-0.0473546,0.623397,0.718851,0.307618,0.251037,0.110694,-0.428559
4236,-0.25718,-0.184421,0.153684,-0.970758,-0.419461,-0.130051,0.50596
4237,-0.271499,0.212798,-0.157343,0.964344,-0.412773,-0.135015,0.52453
4238,-0.215636,0.125553,-0.160769,0.978974,-0.433018,-0.118964,0.521785
4239,-0.371716,0.156346,-0.213551,0.96434,-0.409573,-0.134604,0.472204
4240,-0.552403,-0.458224,0.0751242,0.885656,0.231952,0.11725,-0.372176
4241,-0.625329,0.408497,-0.00881928,-0.912717,0.237554,0.11064,-0.396037
4242,-0.521077,0.438158,-0.0978457,-0.893557,0.220724,0.110849,-0.365545
4243,-0.551927,0.464863,-0.0506296,-0.883934,0.237158,0.128921,-0.355019
4244,-0.650838,0.955621,-0.117096,-0.270329,-0.359988,-0.149138,0.416785
4245,-0.530224,-0.909064,0.322601,0.263689,-0.37877,-0.14512,0.427708
4246,-0.64351,-0.958633,0.109242,0.262848,-0.34239,-0.150085,0.389313
4247,-0.541367,-0.94853,0.113906,0.295493,-0.356832,-0.150325,0.434533
4248,-0.592359,-0.512544,0.0164501,0.858503,0.269595,0.14502,-0.353218
4249,-0.657341,0.487116,0.0263959,-0.872938,0.274721,0.14134,-0.379982
4250,-0.57514,0.498471,-0.0222526,-0.866621,0.25619,0.142163,-0.344771
4251,-0.601043,0.535712,-0.0200948,-0.844162,0.277018,0.149898,-0.334904
4252,-0.458432,0.932381,-0.124457,-0.339376,-0.374701,-0.149803,0.51128
4253,-0.352525,-0.884613,0.339238,0.319964,-0.390342,-0.14584,0.526432
4254,-0.44859,-0.936643,0.117508,0.329988,-0.364953,-0.150654,0.480736
4255,-0.364048,-0.92291,0.119817,0.365897,-0.366491,-0.150994,0.527473
4256,0.069176,-0.384382,-0.909321,-0.159327,0.231302,0.072624,-0.450339
4257,0.0604154,0.506278,0.835328,0.214264,0.236017,0.0889023,-0.435318
4258,0.0465183,0.371723,0.91082,0.179522,0.232765,0.064201,-0.473043
4259,0.165564,0.376243,0.919417,0.114515,0.224917,0.0638177,-0.442589
4260,0.126075,-0.42242,-0.0540684,0.904786,-0.31086,0.137809,0.230794
4261,0.159231,0.43204,0.0376555,-0.901068,-0.295357,0.144299,0.222684
4262,0.115257,0.438731,0.0468302,-0.897397,-0.316565,0.128273,0.20709
4263,0.0880173,0.425248,0.0281358,-0.904639,-0.319969,0.139571,0.262866
4264,0.753265,-0.507242,-0.821842,-0.259387,0.244878,0.0892517,-0.467289
4265,-0.738937,-0.348928,-0.0673084,0.934729,0.244116,0.0966971,-0.443762
4266,0.724386,0.510586,0.80983,0.288923,0.252003,0.0970771,-0.476669
4267,0.751797,0.384931,0.896716,0.218468,0.238242,0.0730339,-0.481549
4268,0.218348,-0.729725,-0.565847,-0.383822,-0.291655,0.135577,0.168417
4269,0.163601,0.785491,0.471457,0.400914,-0.285673,0.14395,0.192605
4270,0.220836,0.723281,0.577139,0.379178,-0.282242,0.135481,0.13863
4271,0.14925,0.692325,0.616777,0.374528,-0.307044,0.126391,0.174792
4272,-0.0591008,-0.144378,-0.0712761,0.986952,0.225131,0.0367712,-0.479501
4273,-0.0917236,0.184592,0.102684,-0.977436,0.228704,0.0462876,-0.487403
4274,-0.0616981,0.140805,0.0746179,-0.987221,0.22325,0.0178276,-0.493885
4275,0.0149653,0.278275,-0.0025486,-0.960498,0.222807,0.0458783,-0.45739
4276,-0.501235,-0.438361,-0.0450165,0.897671,-0.340914,0.123284,0.250818
4277,-0.483004,0.43017,0.0693696,-0.900079,-0.331572,0.119734,0.216431
4278,-0.51146,0.435818,0.0632671,-0.897808,-0.355528,0.115566,0.263067
4279,-0.453612,0.420554,0.0394845,-0.906408,-0.335015,0.133586,0.273549
4280,0.0708674,-0.375363,0.0535028,0.925332,0.223524,0.0887127,-0.404705
4281,0.033784,0.400044,-0.0267621,-0.916105,0.232472,0.0964822,-0.412029
4282,0.0871056,0.37764,-0.0735611,-0.923026,0.220684,0.0723265,-0.420243
4283,0.14737,0.44235,-0.12783,-0.887686,0.217378,0.0964689,-0.382082
4284,-0.419832,-0.419465,-0.0315695,0.907222,-0.298254,0.149952,0.275202
4285,-0.387569,0.419859,0.0616914,-0.90549,-0.289281,0.149945,0.245255
4286,-0.411614,0.409078,0.0392714,-0.911654,-0.313439,0.146069,0.284704
4287,-0.398428,0.413646,0.0568282,-0.908663,-0.291486,0.152429,0.296035
4288,-0.438801,-0.517579,0.129681,0.845751,0.225471,0.1482,-0.28779
4289,-0.494684,0.50187,-0.077726,-0.861443,0.234745,0.143497,-0.312334
4290,-0.416851,0.499575,-0.137929,-0.85522,0.210684,0.145301,-0.283206
4291,-0.466046,0.527546,-0.0921305,-0.844516,0.230553,0.15429,-0.268149
4292,0.206941,-0.520947,-0.780997,-0.344467,-0.331715,0.0873797,0.129842
4293,0.114829,0.586772,0.727336,0.355923,-0.32708,0.103158,0.157014
4294,0.215652,0.507561,0.795228,0.331655,-0.323543,0.0846626,0.0947545
4295,0.0601753,0.46008,0.819494,0.341696,-0.344653,0.0745552,0.13948
4296,0.180544,-0.476837,0.126505,0.869841,0.216419,0.129782,-0.325012
4297,0.130271,0.495095,-0.109505,-0.861911,0.229601,0.134557,-0.33072
4298,0.200074,0.48108,-0.165839,-0.860848,0.212748,0.117745,-0.342681
4299,0.247608,0.501341,-0.187157,-0.844766,0.206776,0.135823,-0.302042
4300,-0.492158,0.376298,0.128482,-0.917547,-0.303844,0.113062,0.117286
4301,-0.50882,-0.42731,-0.079637,0.900591,-0.312641,0.114372,0.149343
4302,-0.487115,-0.402909,-0.0906423,0.91074,-0.288834,0.124985,0.112948
4303,-0.534425,-0.383031,-0.120839,0.915798,-0.310112,0.0991315,0.0898699
4304,0.199308,0.850558,0.204166,0.484631,0.203918,0.157384,-0.240355
4305,0.20868,-0.827065,-0.375974,-0.41786,0.199676,0.150539,-0.260322
4306,0.203201,-0.853512,-0.193075,-0.483983,0.191983,0.161976,-0.21776
4307,0.109486,-0.842045,-0.189165,-0.50515,0.220008,0.158236,-0.243598
4308,0.0376089,-0.28823,-0.211727,0.933861,-0.339831,0.0501793,0.0710674
4309,0.170514,0.343205,0.165427,-0.924578,-0.328746,0.0667411,0.0644718
4310,0.0416096,0.289749,0.206872,-0.934478,-0.342813,0.0269793,0.0361975
4311,-0.0429461,0.395223,0.169658,-0.902782,-0.347566,0.0552762,0.110988
4312,0.00671979,0.835118,0.180759,0.519523,0.254992,0.151759,-0.299826
4313,-0.021232,-0.798384,-0.395881,-0.45372,0.248862,0.146338,-0.31892
4314,0.00170735,-0.832431,-0.180946,-0.523753,0.245957,0.155008,-0.273598
4315,-0.1163,-0.827156,-0.171601,-0.535132,0.269744,0.152462,-0.307363
4316,-0.0140759,-0.434238,-0.106002,0.894539,-0.35065,0.0965234,0.202956
4317,0.0503654,0.444928,0.0763016,-0.89231,-0.336491,0.106639,0.191805
4318,-0.0353094,0.443002,0.124317,-0.88786,-0.354177,0.0802185,0.177803
4319,-0.0338418,0.4493,0.0831412,-0.889504,-0.360346,0.101901,0.239831
4320,-0.744313,-0.467609,-0.0663111,0.881445,0.301494,0.143987,-0.428962
4321,0.742706,-0.824344,-0.357789,-0.438685,0.301192,0.141035,-0.456241
4322,-0.742639,0.465576,0.0674385,-0.882435,0.289904,0.140992,-0.417352
4323,-0.735392,0.49625,0.0257484,-0.867798,0.312136,0.148149,-0.412967
4324,-0.490911,-0.372468,-0.0178899,0.927873,-0.341445,0.145418,0.360029
4325,-0.443592,0.391462,0.0256277,-0.919837,-0.335638,0.14355,0.327762
4326,-0.48841,0.369158,0.0202478,-0.929146,-0.355178,0.142217,0.373702
4327,-0.468187,0.356132,0.0175072,-0.934272,-0.332305,0.148905,0.378624
4328,-0.230839,-0.385388,-0.139422,0.912161,0.27986,0.128471,-0.458816
4329,-0.237569,0.392807,0.139844,-0.908926,0.289457,0.133363,-0.470468
4330,-0.209058,0.344864,0.157127,-0.925408,0.269332,0.117455,-0.472951
4331,-0.156297,0.431689,0.0887364,-0.897647,0.280005,0.133148,-0.432978
4332,-3.72076e-05,-0.408856,-0.0362932,0.911877,-0.357486,0.131057,0.320113
4333,0.0272203,0.409952,0.0273137,-0.911698,-0.343042,0.136532,0.307079
4334,-0.0260281,0.426107,0.0536291,-0.903082,-0.364073,0.120394,0.298831
4335,-0.0305686,0.387729,0.0345566,-0.921125,-0.363815,0.134875,0.354467
4336,-0.21197,0.841533,0.152389,0.518267,0.296239,0.148709,-0.372825
4337,-0.260299,-0.795766,-0.384619,-0.467786,0.287317,0.14426,-0.39011
4338,-0.232197,-0.829787,-0.159874,-0.53469,0.291066,0.150668,-0.344383
4339,-0.337493,-0.842349,-0.14936,-0.517822,0.309468,0.149604,-0.384071
4340,-0.280503,0.93827,0.119091,0.324757,-0.347743,0.148406,0.423361
4341,-0.192365,-0.876919,-0.349667,-0.329766,-0.358534,0.144689,0.406318
4342,-0.254696,-0.946405,-0.11899,-0.300264,-0.347673,0.149316,0.454011
4343,-0.1567,-0.936157,-0.116713,-0.331644,-0.335247,0.149421,0.409339
4344,-0.390979,0.880764,0.131292,0.454992,0.324045,0.148093,-0.454657
4345,-0.446386,-0.828255,-0.35708,-0.431841,0.311565,0.14411,-0.469131
4346,-0.422774,-0.864513,-0.14008,-0.482695,0.324315,0.14918,-0.425772
4347,-0.490081,-0.891638,-0.131816,-0.433136,0.334908,0.149244,-0.468813
4348,-0.0834927,0.915441,0.108977,0.387416,-0.313286,0.150183,0.335935
4349,0.0164576,-0.861989,-0.333118,-0.382109,-0.32108,0.147102,0.316068
4350,-0.0607895,-0.923862,-0.11068,-0.366372,-0.318704,0.150119,0.366222
4351,0.0247081,-0.910423,-0.096587,-0.402244,-0.298876,0.151627,0.325403
4352,-0.776706,-0.0524411,0.371158,-0.927088,0.242033,-0.130011,-0.346246
4353,-0.763428,0.0486875,-0.370247,0.927657,0.240285,-0.134644,-0.331355
4354,0.769494,-0.837929,0.47351,0.271409,0.222643,-0.119097,-0.343669
4355,-0.650416,0.0590444,-0.319852,0.945626,0.262404,-0.134809,-0.364477
4356,-0.375286,-0.436377,-0.0695198,0.897074,-0.247356,0.159342,0.205079
4357,-0.339443,0.417967,0.114576,-0.901208,-0.236727,0.161561,0.179031
4358,-0.366599,0.423285,0.0882181,-0.901692,-0.263654,0.15518,0.209924
4359,-0.351216,0.44394,0.117278,-0.888349,-0.241563,0.1599,0.226877
4360,0.656404,-0.0131173,0.533686,-0.845581,0.198425,-0.11887,-0.315942
4361,0.728843,0.0500768,-0.416244,0.907873,0.217841,-0.129879,-0.315738
4362,0.625346,0.0156942,-0.585365,0.810618,0.175661,-0.11249,-0.304101
4363,0.774202,0.0044455,-0.538729,0.842467,0.201478,-0.112721,-0.328982
4364,0.30165,-0.407128,-0.0982998,0.908066,-0.259662,0.151732,0.159164
4365,0.345722,0.421736,0.070022,-0.904011,-0.242989,0.158417,0.156
4366,0.307349,0.415366,0.0709519,-0.906883,-0.266224,0.144872,0.134942
4367,0.24245,0.430581,0.0528878,-0.901001,-0.269698,0.150714,0.18704
4368,0.272774,0.806264,-0.527591,-0.267555,0.243158,-0.119371,-0.373915
4369,0.153625,-0.837049,0.476098,0.269592,0.224,-0.113013,-0.35672
4370,0.27256,-0.804785,0.529333,0.268566,0.242756,-0.1133,-0.386803
4371,0.338431,-0.880845,0.426542,0.205361,0.262172,-0.130252,-0.379096
4372,0.0890327,0.894306,0.0757713,0.440994,-0.26744,0.155673,0.259506
4373,0.165763,-0.862027,-0.269402,-0.429339,-0.273553,0.154061,0.238059
4374,0.0959697,-0.897626,-0.0729899,-0.434672,-0.2764,0.154034,0.287535
4375,0.158896,-0.888343,-0.0437514,-0.457091,-0.251748,0.15735,0.253169
4376,0.426376,0.94794,-0.289954,-0.131671,0.282002,-0.145223,-0.352978
4377,0.296568,-0.955187,0.261267,0.13913,0.26041,-0.142283,-0.333331
4378,0.415141,-0.94789,0.285116,0.142176,0.282248,-0.142382,-0.369233
4379,0.492209,-0.990903,0.103054,0.0865525,0.30238,-0.14912,-0.357742
4380,0.241477,0.896612,0.0228581,0.442227,-0.21395,0.16489,0.198513
4381,0.271258,-0.884454,-0.166423,-0.43594,-0.219659,0.165505,0.176526
4382,0.220661,-0.888142,-0.00902694,-0.459481,-0.225225,0.161504,0.222816
4383,0.298778,-0.901414,0.0198931,-0.4325,-0.196796,0.166213,0.19676
4384,0.778605,0.122356,0.717292,-0.685945,0.168238,-0.0756267,-0.336134
4385,-0.749094,0.822022,-0.468877,-0.323161,0.185682,-0.0916249,-0.33892
4386,0.732394,-0.138664,-0.782712,0.60674,0.147839,-0.0669401,-0.324656
4387,-0.702812,0.772623,-0.518634,-0.366158,0.171198,-0.0673062,-0.345253
4388,-0.211722,0.401289,0.187291,-0.896599,-0.421125,0.075059,0.347081
4389,-0.237158,-0.396493,-0.208899,0.893954,-0.432341,0.0664896,0.36728
4390,-0.180165,-0.411185,-0.145662,0.899839,-0.4168,0.0911783,0.365972
4391,-0.208849,-0.426016,-0.187647,0.885042,-0.412214,0.0665741,0.308011
4392,-0.152521,-0.870015,0.380857,0.313084,0.161361,-0.0912575,-0.316355
4393,-0.0299881,0.822462,-0.460178,-0.334354,0.18289,-0.0989651,-0.327873
4394,-0.166881,0.868841,-0.373019,-0.325534,0.157186,-0.098633,-0.305623
4395,-0.195098,0.837974,-0.398576,-0.372743,0.143755,-0.0752307,-0.315924
4396,-0.484936,0.495285,0.789544,0.362371,-0.433147,0.0912302,0.423236
4397,-0.465933,-0.368228,-0.859238,-0.355131,-0.438874,0.0751029,0.405751
4398,-0.480839,-0.521394,-0.771831,-0.363903,-0.435349,0.0988939,0.460237
4399,-0.384399,-0.514981,-0.783902,-0.346831,-0.422289,0.0987362,0.403656
4400,0.516396,0.794865,-0.482699,-0.367683,0.135923,-0.0402929,-0.328763
4401,0.464458,-0.804674,0.435239,0.403816,0.131452,-0.0492763,-0.322007
4402,0.551912,-0.76498,0.520965,0.378683,0.120668,-0.0215976,-0.324323
4403,0.606425,-0.72176,0.547429,0.423537,0.155271,-0.0496363,-0.34053
4404,-0.610087,0.434404,0.123931,-0.892151,-0.396639,0.0915802,0.309332
4405,-0.636042,-0.411598,-0.123822,0.902915,-0.404464,0.0988526,0.347449
4406,-0.592257,-0.436858,-0.100257,0.893926,-0.383382,0.0996791,0.292383
4407,-0.651713,-0.430383,-0.163652,0.887687,-0.400064,0.075421,0.288786
4408,0.737813,0.772544,-0.543222,-0.328762,0.206971,-0.0919449,-0.364253
4409,0.738979,-0.774627,0.536008,0.33563,0.205627,-0.0992972,-0.353079
4410,0.718628,-0.711025,0.58331,0.392675,0.189986,-0.0759521,-0.359212
4411,-0.714293,-0.0256589,-0.509112,0.860318,0.224941,-0.09959,-0.380782
4412,-0.725816,0.397204,0.248492,-0.883448,-0.424031,0.0394071,0.310096
4413,-0.737744,-0.369157,-0.245016,0.896488,-0.434233,0.0486906,0.349386
4414,-0.708631,-0.403271,-0.229464,0.885844,-0.413228,0.0487212,0.28892
4415,-0.757477,-0.354116,-0.283912,0.891064,-0.422181,0.0205574,0.292827
4416,0.649834,0.936004,-0.320941,-0.144543,0.315222,-0.145661,-0.430889
4417,0.526144,-0.9414,0.302822,0.148542,0.299261,-0.142624,-0.406931
4418,0.635971,-0.935409,0.316318,0.157963,0.31101,-0.142918,-0.446064
4419,0.70068,-0.987027,0.110891,0.116106,0.33404,-0.149538,-0.440748
4420,-0.369515,0.768922,0.544678,0.33479,-0.393619,0.129605,0.420956
4421,-0.308937,-0.652684,-0.679409,-0.335273,-0.402827,0.118733,0.403193
4422,-0.347846,-0.784383,-0.533495,-0.316427,-0.394387,0.13432,0.455194
4423,-0.240713,-0.776115,-0.537956,-0.329012,-0.381311,0.134298,0.404191
4424,-0.541025,-0.0869316,0.266712,-0.959848,0.277785,-0.130534,-0.413828
4425,-0.533153,0.0796231,-0.264055,0.961216,0.280043,-0.135063,-0.399605
4426,-0.564906,0.0538287,-0.353577,0.933855,0.259511,-0.119651,-0.406207
4427,-0.413358,0.108222,-0.205291,0.972699,0.29279,-0.135352,-0.436328
4428,-0.725371,-0.328684,-0.144562,0.93331,-0.415988,0.118841,0.45718
4429,-0.656527,0.373702,0.11737,-0.920093,-0.414576,0.112522,0.421423
4430,-0.745604,0.333759,0.166804,-0.927783,-0.425904,0.112719,0.476415
4431,-0.682311,0.326417,0.0965412,-0.940283,-0.405007,0.129767,0.473189
4432,-0.218973,0.984106,-0.113774,-0.136347,0.341093,-0.149858,-0.483934
4433,-0.313329,-0.931184,0.329762,0.155413,0.323612,-0.145964,-0.471763
4434,-0.224782,-0.98293,0.116864,0.142094,0.35053,-0.151013,-0.512706
4435,-0.330525,-0.986068,0.115756,0.11946,0.347309,-0.15069,-0.468094
4436,-0.12833,0.312258,0.039742,-0.949166,-0.371361,0.144626,0.454154
4437,-0.137719,-0.311965,-0.0437178,0.949087,-0.382358,0.141875,0.470899
4438,-0.104862,-0.297021,-0.00772338,0.95484,-0.358743,0.148462,0.469439
4439,-0.0662722,-0.342269,-0.026322,0.939233,-0.371083,0.141764,0.421684
4440,-0.448409,0.989208,-0.107941,-0.0990768,0.320998,-0.149265,-0.39857
4441,-0.560452,-0.94144,0.308338,0.136447,0.301234,-0.145386,-0.391177
4442,-0.448283,-0.988453,0.114571,0.0991697,0.337844,-0.15038,-0.424182
4443,-0.579823,-0.990228,0.112252,0.0827554,0.32239,-0.150157,-0.381389
4444,-0.0858203,0.404127,0.0700932,-0.912013,-0.385086,0.119078,0.350067
4445,-0.115466,-0.406702,-0.085847,0.909518,-0.398205,0.112621,0.366904
4446,-0.0554359,-0.389707,-0.0419138,0.919985,-0.3774,0.129881,0.369591
4447,-0.0678222,-0.426999,-0.0696691,0.901564,-0.378089,0.113408,0.313662
4448,0.172967,0.963249,-0.234052,-0.131798,0.229773,-0.14581,-0.282552
4449,0.000363265,-0.972153,0.189093,0.138429,0.204174,-0.143178,-0.268634
4450,0.16533,-0.96327,0.230004,0.1386,0.234245,-0.142433,-0.299755
4451,0.26284,-0.993664,0.0823742,0.0764588,0.250474,-0.149933,-0.281123
4452,-0.678751,0.381647,0.230994,-0.894979,-0.379235,0.0402849,0.187487
4453,-0.681606,-0.418303,-0.212663,0.883061,-0.390556,0.0492889,0.228751
4454,-0.653999,-0.41231,-0.193277,0.890306,-0.368254,0.0508894,0.168459
4455,-0.726686,-0.332087,-0.267384,0.904558,-0.377361,0.0207936,0.167672
4456,0.554803,0.938183,-0.280284,-0.203109,0.190079,-0.129956,-0.288178
4457,0.583946,-0.938371,0.280427,0.20204,0.184539,-0.13508,-0.273249
4458,0.528258,-0.902984,0.336728,0.266898,0.170972,-0.118778,-0.291308
4459,0.694002,-0.91839,0.339248,0.203645,0.214185,-0.134677,-0.300766
4460,-0.12448,0.44556,0.142333,-0.883865,-0.377265,0.0767759,0.231841
4461,-0.176901,-0.435928,-0.172495,0.883296,-0.389887,0.0672968,0.249361
4462,-0.095245,-0.443807,-0.109835,0.889366,-0.374184,0.092999,0.254316
4463,-0.13635,-0.42034,-0.163723,0.892473,-0.366953,0.0693725,0.192204
4464,-0.735214,0.992207,-0.0961564,-0.0792375,0.278676,-0.149232,-0.318596
4465,0.709754,-0.0652061,0.240634,-0.968423,0.258026,-0.145274,-0.316703
4466,-0.726539,-0.991549,0.108286,0.0714528,0.301437,-0.150137,-0.339988
4467,0.683131,-0.055613,0.0994459,-0.993488,0.275595,-0.150514,-0.300219
4468,-0.269833,-0.102189,-0.952586,-0.286595,-0.358044,0.0218477,0.10155
4469,-0.125451,0.297681,0.896929,0.326962,-0.358391,0.0424564,0.125567
4470,-0.254761,0.14125,0.949599,0.27984,-0.3502,0.0114676,0.0521011
4471,-0.488352,0.0481427,0.954002,0.29591,-0.366033,0.0107894,0.124627
4472,0.487184,0.0674637,-0.15224,0.986038,0.218015,-0.151756,-0.245183
4473,0.345258,-0.0666335,0.320656,-0.944849,0.197605,-0.147194,-0.250861
4474,0.502979,-0.0528485,0.138719,-0.988921,0.245285,-0.151864,-0.261527
4475,0.273724,-0.0556857,0.19266,-0.979684,0.210452,-0.154953,-0.223218
4476,-0.516717,-0.0112837,-0.952987,-0.302802,-0.399513,0.0205634,0.230994
4477,-0.439749,0.19417,0.920268,0.339713,-0.401747,0.0395602,0.249085
4478,-0.524327,0.0209275,0.949192,0.314002,-0.386448,0.0108008,0.190845
4479,-0.564148,0.00169299,0.947994,0.318285,-0.409144,0.0108746,0.25356
4480,-0.530961,0.00837733,-0.443268,0.89635,0.234789,-0.076356,-0.441897
4481,-0.534097,0.0220749,0.455818,-0.889799,0.232742,-0.06777,-0.451358
4482,-0.489889,-0.041878,0.374617,-0.926233,0.248566,-0.0924727,-0.452825
4483,-0.651939,0.0753494,0.540386,-0.838037,0.222829,-0.0678039,-0.421986
4484,-0.775847,0.297542,0.271332,-0.91534,-0.459958,0.0394664,0.431072
4485,0.722348,0.239996,0.894897,0.376246,-0.464154,0.0487525,0.469232
4486,-0.776804,-0.312197,-0.267555,0.911563,-0.45182,0.0487365,0.409486
4487,-0.751044,-0.256182,-0.257978,0.931568,-0.460461,0.0205567,0.414606
4488,-0.183588,0.60459,-0.7457,-0.280004,0.254086,-0.0924847,-0.485251
4489,-0.248637,-0.489635,0.807321,0.329378,0.24191,-0.0763108,-0.472702
4490,-0.145784,-0.593604,0.766712,0.244513,0.26115,-0.100065,-0.508468
4491,-0.260548,-0.614036,0.736362,0.284131,0.258694,-0.10006,-0.474835
4492,-0.334752,0.29431,0.289408,-0.910838,-0.451657,0.075222,0.464263
4493,-0.379533,-0.290671,-0.332545,0.897175,-0.459154,0.0666626,0.485404
4494,-0.316153,-0.324541,-0.250629,0.912062,-0.444214,0.0914065,0.480509
4495,-0.280707,-0.347431,-0.247234,0.904526,-0.448519,0.0665821,0.426505
4496,0.324287,-0.678433,0.65687,0.329016,0.238739,-0.0923788,-0.421583
4497,0.434779,0.645161,-0.697709,-0.3114,0.25174,-0.099982,-0.442046
4498,0.324793,0.683568,-0.652813,-0.32645,0.240421,-0.0998223,-0.410561
4499,0.26557,0.588321,-0.703975,-0.397867,0.223604,-0.0763174,-0.412452
4500,-0.533716,-0.0409301,-0.950405,-0.308309,-0.443163,0.020602,0.353995
4501,-0.517223,0.190181,0.92062,0.341013,-0.444067,0.0394584,0.370838
4502,-0.55274,0.0139454,0.947838,0.318448,-0.43148,0.0109844,0.315274
4503,-0.52246,0.0370431,0.953256,0.299883,-0.451419,0.0109705,0.376177
4504,0.175615,-0.487741,0.710493,0.507256,0.210455,-0.0407461,-0.419956
4505,0.291681,0.419381,-0.776937,-0.469562,0.221319,-0.0499397,-0.439639
4506,0.193824,0.492486,-0.719342,-0.489902,0.209916,-0.0500243,-0.411764
4507,0.0635653,0.459908,-0.656597,-0.5978,0.199452,-0.021905,-0.408847
4508,-0.354912,-0.127868,-0.979192,-0.157582,-0.47216,0.0204343,0.474876
4509,-0.585871,0.220345,0.901477,0.372542,-0.46996,0.0394205,0.49098
4510,-0.438319,0.0758257,0.969808,0.231782,-0.466857,0.0108567,0.436662
4511,-0.148792,0.124585,0.990711,-0.0544981,-0.476062,0.010665,0.496916
4512,-0.199186,0.83816,-0.505074,-0.205884,0.29423,-0.131025,-0.487326
4513,-0.275359,-0.733003,0.636688,0.239447,0.278469,-0.120082,-0.475331
4514,-0.187995,-0.832694,0.518206,0.195149,0.302694,-0.135817,-0.512911
4515,-0.295287,-0.840186,0.505417,0.196575,0.30039,-0.135612,-0.474245
4516,-0.00352429,0.210001,0.0170482,0.977552,-0.234579,0.0744161,0.57602
4517,-0.0511616,-0.212734,-0.0595436,-0.975294,-0.232534,0.0655592,0.566258
4518,-0.0792236,-0.166408,-0.0787328,-0.982909,-0.246761,0.0906758,0.565464
4519,0.0261041,-0.378002,0.0124304,-0.925721,-0.224143,0.0659559,0.596078
4520,0.735388,0.719595,-0.658072,-0.221642,0.280713,-0.120196,-0.511319
4521,0.614275,-0.727747,0.641256,0.243258,0.272889,-0.113891,-0.487031
4522,0.734533,-0.7136,0.664342,0.222318,0.273583,-0.113946,-0.52234
4523,-0.775596,0.181939,-0.0925742,0.978942,0.294758,-0.131178,-0.525204
4524,0.00455838,-0.570837,0.818648,-0.0629264,-0.250464,0.090192,0.53296
4525,0.0352958,0.44063,-0.897013,0.0348225,-0.240013,0.0739709,0.544972
4526,-0.0580464,0.565218,-0.815393,0.125152,-0.255759,0.097543,0.510209
4527,-0.0525747,0.583109,-0.810901,0.0492329,-0.255167,0.0980401,0.543688
4528,-0.146281,0.162842,-0.0434631,0.985694,0.326253,-0.146238,-0.513344
4529,-0.154832,-0.175595,0.0475354,-0.983314,0.317868,-0.143437,-0.526942
4530,-0.133612,-0.158045,0.00961731,-0.987385,0.342063,-0.150152,-0.527648
4531,-0.273008,-0.149571,0.0849953,-0.985091,0.317239,-0.143205,-0.486232
4532,-0.710438,0.325266,0.043021,0.944643,-0.238574,0.0911124,0.597068
4533,-0.783065,-0.138693,-0.0932461,-0.985936,-0.250029,0.0985205,0.576622
4534,0.39832,-0.648923,0.707178,-0.28071,-0.240329,0.0989485,0.608504
4535,-0.590256,-0.387778,0.0806114,-0.918221,-0.22487,0.0748074,0.605967
4536,-0.445773,0.0910928,-0.283726,0.954569,0.271363,-0.119897,-0.440146
4537,-0.453366,-0.0889216,0.292687,-0.952065,0.267448,-0.113761,-0.452356
4538,-0.421472,-0.115636,0.210462,-0.970739,0.288544,-0.130804,-0.45004
4539,-0.57241,-0.050456,0.362278,-0.930703,0.257336,-0.113561,-0.418813
4540,-0.684598,0.394808,0.00880349,0.918722,-0.213371,0.038359,0.597837
4541,-0.717353,-0.228296,-0.0327534,-0.973041,-0.222749,0.047556,0.57785
4542,-0.632405,-0.38373,0.0485307,-0.922169,-0.212721,0.047902,0.606303
4543,-0.671447,-0.396385,0.00800039,-0.91805,-0.204502,0.0192297,0.609511
4544,0.0576477,-0.639142,0.627231,0.445061,0.179201,-0.0407534,-0.369527
4545,0.122532,0.567654,-0.672377,-0.475056,0.194896,-0.0500083,-0.385729
4546,0.0491597,0.643121,-0.620336,-0.448975,0.17656,-0.0498812,-0.361874
4547,0.0257767,0.611803,-0.626113,-0.483403,0.165596,-0.0219922,-0.361461
4548,-0.240472,-0.823359,0.536499,-0.185063,-0.287735,0.129328,0.533403
4549,-0.217224,0.71383,-0.686656,0.137657,-0.27352,0.1184,0.544367
4550,-0.261815,0.809258,-0.550158,0.205979,-0.294354,0.133767,0.508671
4551,-0.369125,0.820727,-0.530168,0.212905,-0.294317,0.134272,0.546888
4552,-0.744714,-0.0964712,-0.589545,0.801954,0.208575,-0.0761817,-0.384772
4553,-0.750317,0.124877,0.604569,-0.786704,0.20908,-0.0677407,-0.394269
4554,-0.718932,0.0442441,0.520902,-0.852469,0.224781,-0.0922018,-0.391933
4555,0.722968,0.707071,-0.593899,-0.383842,0.19175,-0.067577,-0.36858
4556,-0.743159,0.144526,-0.0744485,-0.986696,-0.273743,0.117895,0.508669
4557,0.778592,0.709952,-0.696051,0.10715,-0.267708,0.111888,0.532289
4558,-0.752467,-0.145346,0.0866256,0.985581,-0.266497,0.111398,0.497319
4559,-0.743106,-0.185175,0.0824938,0.979237,-0.286174,0.128845,0.496016
4560,-0.659308,-0.683389,0.594069,0.424336,0.144317,-0.0218591,-0.34147
4561,-0.654649,0.713718,-0.573157,-0.402612,0.158869,-0.0405864,-0.347783
4562,-0.657441,0.74158,-0.575476,-0.3448,0.125463,-0.0122136,-0.329777
4563,-0.623416,0.678575,-0.604861,-0.416748,0.148404,-0.0123926,-0.347495
4564,-0.160537,-0.232494,0.0681833,0.970205,-0.316822,0.144482,0.510046
4565,-0.15636,0.229617,-0.0680865,-0.970897,-0.308008,0.14136,0.496075
4566,-0.178069,0.258786,-0.03378,-0.965344,-0.331241,0.148383,0.49732
4567,-0.265977,0.201992,-0.107362,-0.973485,-0.309751,0.141832,0.536128
4568,-0.60207,-0.539101,0.643646,0.543222,0.184094,-0.0220035,-0.384022
4569,-0.532617,0.564985,-0.667659,-0.484791,0.196507,-0.0408053,-0.393691
4570,-0.61631,0.616248,-0.613734,-0.493527,0.168877,-0.0124452,-0.367994
4571,-0.625819,0.548309,-0.611289,-0.570686,0.1865,-0.0123813,-0.390986
4572,-0.335308,-0.0561847,0.241247,0.968836,-0.268436,0.118902,0.579559
4573,-0.241875,-0.0220035,-0.181245,-0.983192,-0.264247,0.112397,0.566924
4574,-0.369006,0.122053,-0.210165,-0.970017,-0.284291,0.129849,0.570487
4575,-0.507362,0.040136,-0.349053,-0.936243,-0.255973,0.112862,0.600692
4576,0.577937,-0.32698,0.90675,0.266249,0.227313,-0.0403828,-0.477241
4577,0.678448,0.316998,-0.925298,-0.208172,0.232587,-0.0495618,-0.499158
4578,0.470614,0.355514,-0.861532,-0.362453,0.228918,-0.0497794,-0.468932
4579,0.745669,0.242462,-0.964724,-0.102566,0.219694,-0.0214558,-0.463839
4580,-0.467472,0.659146,-0.196511,0.725886,-0.184078,0.0388561,0.649914
4581,-0.513148,-0.531241,0.160827,-0.831816,-0.198767,0.0481769,0.633118
4582,-0.377522,-0.650287,0.285042,-0.704186,-0.181144,0.0483738,0.657884
4583,-0.479202,-0.636504,0.195958,-0.745965,-0.172176,0.019627,0.658883
4584,-0.251677,0.121522,-0.222349,0.967364,0.244861,-0.076199,-0.504385
4585,-0.223964,-0.0775274,0.205176,-0.97565,0.240422,-0.0674958,-0.513271
4586,-0.230426,-0.139576,0.186402,-0.972509,0.255204,-0.0924288,-0.518341
4587,-0.382107,-0.0237296,0.337464,-0.941039,0.238632,-0.0676615,-0.481962
4588,0.353614,0.583138,-0.301465,0.754366,-0.211004,0.0751202,0.634333
4589,0.175273,-0.552,0.149605,-0.820313,-0.211638,0.0662853,0.624465
4590,0.57367,-0.677238,0.435218,-0.59324,-0.225991,0.0914784,0.627272
4591,0.362262,-0.690408,0.315433,-0.651029,-0.195199,0.0665295,0.650956
4592,-0.56889,-0.374677,0.678721,0.631629,0.211377,-0.0217153,-0.435598
4593,-0.360706,0.406108,-0.784536,-0.468592,0.220774,-0.0405984,-0.447952
4594,-0.657429,0.47165,-0.593202,-0.652425,0.20092,-0.0122156,-0.416176
4595,0.705363,0.00232531,-0.886328,0.463053,0.211902,-0.0119694,-0.443176
4596,0.518759,-0.139534,-0.951083,-0.275628,-0.151122,0.0197295,0.680012
4597,0.544149,0.0618596,0.91994,0.387147,-0.164193,0.0389959,0.672655
4598,0.561155,0.224836,0.946137,0.232965,-0.133128,0.00993762,0.693157
4599,0.475736,0.129929,0.969684,0.206959,-0.156171,0.0098784,0.67421
4600,0.127584,-0.218805,0.972684,0.0775265,0.224274,-0.021149,-0.493077
4601,0.0737594,0.284808,-0.947574,-0.144875,0.229962,-0.0401232,-0.507296
4602,0.214997,0.179645,-0.983721,0.00463947,0.21928,-0.0116606,-0.471536
4603,0.156484,0.17582,-0.981711,-0.0730058,0.222944,-0.0113185,-0.500735
4604,0.321443,0.042041,-0.989144,-0.140806,-0.19009,0.0194613,0.635265
4605,0.310495,-0.168053,0.964254,0.204873,-0.200577,0.0386452,0.624846
4606,0.379586,0.0400886,0.987575,0.151946,-0.176378,0.00976393,0.652507
4607,0.284164,-0.0330906,0.996285,0.0795099,-0.193364,0.00958891,0.628396
4608,-0.209395,0.303879,-0.175247,-0.936454,0.378489,-0.0732037,-0.226985
4609,-0.159112,-0.295608,0.126542,0.946891,0.373454,-0.0647653,-0.202874
4610,-0.241463,-0.249684,0.176516,0.952103,0.363181,-0.0898993,-0.218229
4611,-0.196672,-0.290911,0.172724,0.94103,0.397378,-0.0642336,-0.260758
4612,0.746642,0.256543,-0.959398,0.117226,-0.227192,0.0376157,0.539753
4613,0.732829,-0.261945,0.950536,-0.16693,-0.230729,0.0467254,0.51792
4614,-0.781338,-0.0753168,-0.0962582,-0.992503,-0.228764,0.0471573,0.548227
4615,0.750521,-0.121979,0.984193,-0.128394,-0.222011,0.0185929,0.553283
4616,-0.582704,-0.662258,-0.745942,-0.0706068,0.339969,-0.0911836,-0.162951
4617,-0.515252,0.493223,0.868751,0.0447526,0.355139,-0.0742332,-0.16977
4618,-0.581699,0.649979,0.756955,0.0674225,0.321269,-0.100365,-0.132885
4619,-0.554104,0.64313,0.765256,0.0276894,0.342975,-0.0984114,-0.187299
4620,-0.0959471,-0.0978626,0.101422,0.990018,-0.241201,0.0734971,0.513324
4621,-0.150323,0.093397,-0.151479,-0.984038,-0.23678,0.0646509,0.504243
4622,-0.112348,0.11927,-0.107826,-0.986989,-0.249787,0.0897056,0.500072
4623,-0.102918,-0.0564163,-0.108096,-0.992538,-0.236722,0.0651134,0.535474
4624,-0.758833,0.241521,-0.209965,-0.947408,0.387622,-0.0894035,-0.27333
4625,0.770988,-0.630713,-0.775931,0.0115053,0.367091,-0.0974412,-0.241481
4626,0.785249,-0.609951,-0.790962,0.048362,0.391585,-0.0971257,-0.295664
4627,-0.721488,-0.296973,0.211273,0.93122,0.4026,-0.0728915,-0.283851
4628,0.145275,0.123266,-0.991556,0.0402641,-0.215185,0.0189363,0.582035
4629,0.126419,-0.259351,0.965639,-0.0166714,-0.22227,0.0380116,0.569317
4630,0.195979,-0.0782489,0.996929,-0.00315681,-0.206795,0.00935133,0.602241
4631,0.115092,-0.0971992,0.991351,-0.0881845,-0.216498,0.00905919,0.574474
4632,-0.611104,0.325871,-0.116269,-0.938237,0.402785,-0.0369123,-0.248796
4633,-0.622719,-0.335682,0.107758,0.935792,0.385724,-0.0465405,-0.213008
4634,-0.649145,-0.334363,0.158466,0.929026,0.409404,-0.0461671,-0.272434
4635,-0.568151,-0.352918,0.0923117,0.931089,0.41164,-0.0179301,-0.261962
4636,-0.00119779,0.0954085,-0.972621,0.211908,-0.224928,0.0182122,0.523745
4637,-0.00781921,-0.228851,0.950199,-0.211539,-0.228129,0.0371951,0.509648
4638,0.0395056,-0.0894538,0.980934,-0.17253,-0.222347,0.00871979,0.545546
4639,-0.0320002,-0.060264,0.965648,-0.25277,-0.22432,0.00835178,0.515982
4640,-0.620171,-0.889465,-0.455301,-0.0393998,0.306227,-0.131447,-0.200377
4641,-0.57883,0.771618,0.635817,0.0184726,0.327119,-0.119307,-0.204896
4642,-0.624718,0.879839,0.474247,0.0311778,0.283701,-0.138107,-0.174382
4643,-0.610265,0.880786,0.473358,0.0122033,0.30772,-0.135833,-0.222814
4644,-0.748945,0.051956,-0.371145,-0.92712,-0.24337,0.131034,0.674304
4645,-0.725115,-0.0322042,0.36026,0.932296,-0.24215,0.135878,0.689119
4646,-0.774078,-0.00871544,0.484217,0.874904,-0.224346,0.11998,0.676729
4647,-0.634042,-0.0813446,0.32562,0.941995,-0.262805,0.135621,0.656329
4648,0.667529,-0.772237,-0.633748,-0.0448772,0.304367,-0.121246,-0.153589
4649,0.70424,0.781786,0.62146,0.0509799,0.324963,-0.113288,-0.181611
4650,0.694118,0.783613,0.616571,0.0760972,0.303679,-0.115551,-0.129213
4651,0.591554,0.879399,0.473201,0.0523317,0.283998,-0.133926,-0.150879
4652,0.735368,-0.0483857,-0.515766,-0.855362,-0.200856,0.120139,0.704514
4653,-0.771222,-0.919518,0.360155,-0.157397,-0.220219,0.131224,0.704517
4654,0.742677,0.0847859,0.558961,0.824848,-0.178314,0.113841,0.716591
4655,-0.772326,-0.864125,0.437658,-0.248481,-0.203764,0.113739,0.69154
4656,-0.485833,0.0349848,-0.0756316,-0.996522,0.259278,-0.149708,-0.195842
4657,-0.39478,-0.0480516,0.0592468,0.997086,0.260175,-0.147591,-0.172979
4658,-0.509821,0.00954888,-0.0164937,0.999818,0.232008,-0.155364,-0.196161
4659,-0.476696,-0.0509946,0.103586,0.993312,0.284298,-0.14461,-0.219682
4660,0.233593,-0.790182,0.525914,-0.314685,-0.243677,0.119719,0.646283
4661,0.121484,0.826962,-0.471123,0.306883,-0.225471,0.113547,0.663519
4662,0.209344,0.787311,-0.51638,0.336886,-0.242991,0.113255,0.633071
4663,0.303108,0.873116,-0.423274,0.241885,-0.261986,0.130739,0.641518
4664,-0.373439,0.189022,-0.238123,-0.952664,0.352017,-0.118225,-0.256165
4665,-0.321016,-0.189296,0.197893,0.961772,0.349041,-0.111973,-0.233836
4666,-0.40177,-0.119077,0.185514,0.9754,0.331589,-0.129946,-0.249662
4667,-0.331607,-0.180506,0.223661,0.957807,0.37403,-0.111416,-0.286144
4668,0.387491,-0.946037,0.281358,-0.160787,-0.2829,0.146318,0.668427
4669,0.283154,0.956523,-0.257147,0.137617,-0.262235,0.143533,0.687406
4670,0.369378,0.943991,-0.277597,0.178386,-0.28225,0.14325,0.652165
4671,0.41218,0.984677,-0.0983653,0.143997,-0.303134,0.150222,0.664473
4672,-0.65103,0.254817,-0.173052,-0.951379,0.446736,-0.0369436,-0.367909
4673,-0.665923,-0.306887,0.185083,0.933576,0.43203,-0.0461731,-0.331367
4674,-0.669379,-0.249146,0.190441,0.949557,0.451453,-0.0464114,-0.390157
4675,-0.634007,-0.284075,0.157195,0.945828,0.453899,-0.0179827,-0.382814
4676,0.673758,-0.0806336,-0.766692,-0.636931,-0.171893,0.0754922,0.684595
4677,0.7543,0.0455804,0.673089,0.738155,-0.188558,0.0919356,0.681595
4678,0.686781,0.142817,0.799147,0.583924,-0.151943,0.0667857,0.696669
4679,0.652417,0.0409354,0.81275,0.581173,-0.175169,0.0666946,0.67517
4680,-0.24078,0.264278,-0.222862,-0.938344,0.425226,-0.0729667,-0.340655
4681,-0.213843,-0.264504,0.196471,0.944159,0.420715,-0.0641924,-0.318333
4682,-0.264815,-0.213423,0.221153,0.9516,0.411073,-0.0893882,-0.328506
4683,-0.209655,-0.211683,0.198216,0.957027,0.441257,-0.0644153,-0.375937
4684,-0.0778788,0.854543,-0.43924,0.277171,-0.164458,0.0920348,0.704778
4685,-0.00601412,-0.807008,0.488473,-0.331863,-0.185625,0.0996991,0.692835
4686,-0.0475185,-0.85014,0.460293,-0.255718,-0.160054,0.099777,0.71556
4687,-0.131243,-0.815138,0.459785,-0.352347,-0.14744,0.0755648,0.705613
4688,-0.36383,0.0785017,0.985729,-0.148917,0.468756,-0.0182369,-0.442788
4689,-0.379826,-0.224965,-0.965599,0.130421,0.463074,-0.037243,-0.42722
4690,-0.35918,-0.0420553,-0.987772,0.150126,0.475219,-0.00870518,-0.480798
4691,-0.378255,-0.0595585,-0.98791,0.143128,0.464297,-0.00844431,-0.42063
4692,-0.390187,0.0998192,0.989142,-0.107858,0.434166,-0.0178615,-0.322644
4693,-0.440711,-0.279225,-0.957801,0.068204,0.42594,-0.0368058,-0.308561
4694,-0.394003,-0.0817045,-0.989651,0.117965,0.447418,-0.00826796,-0.360355
4695,-0.394128,-0.100476,-0.992234,0.0733262,0.426484,-0.00824067,-0.299683
4696,0.392912,-0.807562,0.369009,-0.460084,-0.141328,0.0390731,0.692723
4697,0.45459,0.79177,-0.419183,0.444281,-0.136353,0.0485622,0.699748
4698,0.373044,0.780631,-0.360958,0.51022,-0.127332,0.0197781,0.698304
4699,0.404496,0.732364,-0.373798,0.569138,-0.160195,0.048499,0.680219
4700,-0.533583,0.291959,0.0349773,-0.955791,0.358316,-0.0389227,-0.126118
4701,-0.578737,-0.262397,-0.0629896,0.962902,0.344135,-0.0500655,-0.0906846
4702,-0.589071,-0.312618,0.0324734,0.949324,0.363212,-0.0477144,-0.152845
4703,-0.431111,-0.293124,-0.0776605,0.952915,0.367042,-0.0192231,-0.136707
4704,0.615515,-0.754522,0.464972,-0.463138,-0.20921,0.0917519,0.655598
4705,0.697966,0.756044,-0.512808,0.406724,-0.207822,0.0995427,0.667091
4706,0.506225,0.693593,-0.427925,0.57949,-0.193223,0.0753471,0.660679
4707,0.746576,0.697234,-0.54088,0.47044,-0.226174,0.0992925,0.638814
4708,-0.104081,0.258945,-0.0383789,-0.965129,0.334528,-0.0764392,-0.112052
4709,-0.0375126,-0.240152,-0.0266362,0.97037,0.332397,-0.0690883,-0.085024
4710,-0.141914,-0.217272,0.053436,0.974647,0.319805,-0.0936453,-0.107317
4711,-0.104875,-0.279886,0.0591112,0.958212,0.351163,-0.0662081,-0.14444
4712,0.591316,-0.921139,0.321767,-0.219017,-0.311177,0.145503,0.591481
4713,0.470314,0.931179,-0.299242,0.208231,-0.296947,0.142849,0.614788
4714,0.587577,0.92036,-0.321486,0.222676,-0.306138,0.14236,0.575904
4715,0.615228,0.970392,-0.114438,0.212704,-0.329052,0.149375,0.582826
4716,-0.355566,0.107519,0.994081,0.015565,0.38848,-0.018344,-0.200358
4717,-0.457477,-0.327313,-0.94304,-0.0595102,0.379458,-0.0375145,-0.188309
4718,-0.378062,-0.115618,-0.993279,0.00541093,0.403601,-0.00838774,-0.238223
4719,-0.346006,-0.127893,-0.987802,-0.0888261,0.38096,-0.00884426,-0.175484
4720,-0.528192,0.12242,-0.283986,-0.950981,-0.275683,0.130333,0.606719
4721,-0.524136,-0.121592,0.280498,0.952122,-0.278532,0.135252,0.621309
4722,-0.551775,-0.0852242,0.371916,0.924346,-0.258452,0.119355,0.613716
4723,-0.390961,-0.144432,0.219603,0.964839,-0.289059,0.134787,0.584623
4724,-0.318683,0.132613,0.965771,0.222934,0.349884,-0.0210519,-0.0687823
4725,-0.527072,-0.394011,-0.892094,-0.221187,0.341542,-0.0418355,-0.061094
4726,-0.344017,-0.156876,-0.966565,-0.202834,0.361203,-0.00958228,-0.108963
4727,-0.466472,-0.221289,-0.925532,-0.307281,0.346872,-0.0110603,-0.0349372
4728,-0.403938,-0.963549,0.122825,-0.23767,-0.333026,0.148853,0.540237
4729,-0.457076,0.911098,-0.3411,0.231411,-0.316803,0.144983,0.551008
4730,-0.423828,0.957616,-0.130065,0.257011,-0.340393,0.149603,0.51263
4731,-0.514554,0.965065,-0.122305,0.231715,-0.340236,0.150102,0.556478
4732,-0.295552,-0.0454814,0.175833,0.983369,0.400408,-0.129283,-0.400641
4733,-0.306433,0.0299008,-0.179695,-0.983268,0.399151,-0.134235,-0.420409
4734,-0.282208,0.0907719,-0.209123,-0.973667,0.417367,-0.118118,-0.412957
4735,-0.38366,0.0749465,-0.218419,-0.972973,0.382204,-0.133998,-0.369639
4736,-0.580765,-0.977632,0.106185,-0.181548,-0.31906,0.149847,0.624453
4737,-0.647334,0.933223,-0.301522,0.195395,-0.299847,0.145964,0.630833
4738,-0.602026,0.972525,-0.114309,0.202802,-0.334036,0.150604,0.599754
4739,-0.686175,0.979923,-0.106389,0.16862,-0.321697,0.151038,0.64183
4740,-0.279125,0.700191,0.707165,-0.0982319,0.42884,-0.11852,-0.467026
4741,-0.348147,-0.819373,-0.567252,0.0827857,0.413476,-0.129633,-0.452893
4742,-0.284328,-0.682187,-0.723546,0.105365,0.438496,-0.112403,-0.502102
4743,-0.355521,-0.689416,-0.718635,0.0909412,0.431474,-0.111956,-0.446858
4744,0.221487,-0.967624,0.24166,-0.072832,-0.233512,0.14669,0.735834
4745,0.125047,0.975475,-0.216239,0.0411093,-0.208022,0.143801,0.749033
4746,0.202812,0.967309,-0.236768,0.0908541,-0.237323,0.143706,0.71991
4747,0.241796,0.994928,-0.0834422,0.0561827,-0.254565,0.15062,0.737043
4748,0.772297,-0.723416,-0.687293,0.0655521,0.399547,-0.117846,-0.359853
4749,-0.728509,0.104736,-0.202741,-0.973615,0.417439,-0.11157,-0.392402
4750,-0.779483,0.153606,-0.225697,-0.962011,0.397651,-0.111354,-0.338875
4751,0.756039,0.842558,0.53732,-0.0371913,0.381271,-0.129109,-0.349406
4752,0.664888,-0.938375,0.329969,-0.102822,-0.193009,0.131324,0.731576
4753,0.684513,0.937299,-0.337831,0.0856733,-0.187852,0.13611,0.745615
4754,0.656943,0.89377,-0.417324,0.164368,-0.173696,0.120219,0.729099
4755,0.762996,0.919449,-0.368444,0.137339,-0.21699,0.136031,0.719071
4756,0.701495,-0.936832,-0.34579,0.0526716,0.36294,-0.144897,-0.379531
4757,-0.765662,-0.0126882,-0.125156,-0.992056,0.381055,-0.142001,-0.408801
4758,0.719711,0.937309,0.346799,-0.0343881,0.362833,-0.141846,-0.360137
4759,0.675557,0.991057,0.124772,-0.0473075,0.343059,-0.148963,-0.370906
4760,-0.74172,-0.990658,0.0907979,-0.101747,-0.281485,0.150471,0.702221
4761,0.760211,0.0586789,-0.227071,-0.972109,-0.260637,0.146554,0.703644
4762,-0.769176,0.986613,-0.0989043,0.129661,-0.303317,0.151354,0.68203
4763,0.718766,0.0794918,-0.0820666,-0.993452,-0.279223,0.151553,0.719698
4764,-0.327004,0.405386,0.906065,-0.121276,0.457529,-0.0736821,-0.455446
4765,-0.363141,-0.541373,-0.834364,0.10369,0.446186,-0.0900337,-0.440511
4766,-0.325909,-0.374138,-0.918992,0.124394,0.465954,-0.0652272,-0.492444
4767,-0.373682,-0.389389,-0.913681,0.116462,0.456919,-0.0647906,-0.433929
4768,0.667677,-0.000683262,0.0950725,0.99547,-0.222922,0.150708,0.768247
4769,0.601015,-0.0366227,-0.265623,-0.963381,-0.202092,0.146765,0.764363
4770,0.635554,0.0334272,-0.0887973,-0.995489,-0.249904,0.151674,0.754128
4771,0.554918,-0.0155599,-0.0949562,-0.99536,-0.215979,0.151744,0.784622
4772,-0.610179,-0.0156508,-0.124251,-0.992127,0.454212,-0.0904922,-0.497591
4773,-0.672965,-0.0656362,0.174033,0.98255,0.445084,-0.0979343,-0.461418
4774,-0.611506,0.0304008,0.116343,0.992744,0.450258,-0.0983975,-0.518107
4775,-0.62467,-0.00226806,0.134572,0.990901,0.463739,-0.0741367,-0.513681
4776,-0.139093,0.513685,0.0752841,0.85467,-0.266061,-0.131257,0.63625
4777,-0.126875,-0.508254,-0.0672644,-0.858576,-0.27825,-0.136017,0.627584
4778,-0.137171,-0.498393,-0.0940682,-0.861833,-0.258512,-0.120173,0.618146
4779,-0.0386509,-0.554881,-0.0207621,-0.831671,-0.260304,-0.136004,0.662928
4780,-0.205722,0.621363,0.660149,-0.422033,-0.270597,-0.120221,0.583444
4781,-0.15493,-0.722998,-0.519484,0.455424,-0.280484,-0.131275,0.600427
4782,-0.200294,-0.636435,-0.646895,0.420093,-0.269511,-0.113935,0.557768
4783,-0.114832,-0.614599,-0.666487,0.421976,-0.260814,-0.11388,0.592496
4784,-0.150169,-0.0606591,0.152647,0.986417,0.473074,-0.0376124,-0.486785
4785,-0.144427,0.0409586,-0.14747,-0.988218,0.472829,-0.0471773,-0.508544
4786,-0.146904,0.0815946,-0.152116,-0.984989,0.477023,-0.018553,-0.502847
4787,-0.17469,0.156585,-0.176509,-0.971764,0.465589,-0.0467707,-0.449168
4788,-0.678756,0.554927,0.0350386,0.831161,-0.242036,-0.120119,0.651059
4789,-0.769976,-0.493608,-0.102739,-0.863595,-0.247667,-0.11381,0.625912
4790,-0.681355,-0.552147,-0.0421582,-0.83268,-0.230315,-0.113744,0.657362
4791,-0.64121,-0.560521,-0.0284053,-0.827653,-0.247123,-0.13123,0.66997
4792,-0.241833,-0.161077,0.209279,0.964498,0.431279,-0.0896324,-0.384163
4793,-0.255203,0.150622,-0.219954,-0.963812,0.432648,-0.0975077,-0.405396
4794,-0.224422,0.202899,-0.212109,-0.955951,0.444208,-0.0732669,-0.39776
4795,-0.291827,0.211046,-0.245174,-0.946229,0.414175,-0.0972023,-0.35019
4796,-0.575097,0.544846,0.00769752,0.838501,-0.280758,-0.146652,0.674625
4797,-0.681409,-0.519054,-0.0434349,-0.853637,-0.286857,-0.143705,0.646293
4798,-0.592099,-0.558142,-0.0135014,-0.829635,-0.266394,-0.143711,0.682593
4799,-0.54231,-0.544236,-0.00218619,-0.83893,-0.287352,-0.150615,0.694889
4800,0.542375,-0.949507,-0.313315,0.0164566,0.315388,-0.145484,-0.2867
4801,0.64009,0.945446,0.325516,-0.0130858,0.339554,-0.141996,-0.31265
4802,0.561777,0.953764,0.300507,0.00546389,0.31243,-0.142826,-0.265986
4803,0.484557,0.994341,0.104536,-0.0189214,0.293541,-0.149777,-0.282962
4804,-0.097612,0.375824,0.861625,-0.341112,-0.238109,-0.0758722,0.568134
4805,-0.0709318,-0.491568,-0.785368,0.376241,-0.244278,-0.0921972,0.584186
4806,-0.10761,-0.38566,-0.852567,0.352697,-0.238053,-0.0673042,0.544778
4807,-0.0243566,-0.35953,-0.875655,0.322439,-0.231604,-0.0671125,0.575735
4808,-0.400294,-0.113031,0.211131,0.9709,0.357607,-0.129244,-0.299209
4809,-0.440704,0.10574,-0.238648,-0.965332,0.359988,-0.134031,-0.319966
4810,-0.374308,0.180274,-0.258146,-0.949138,0.376995,-0.11783,-0.307671
4811,-0.472755,0.119534,-0.232156,-0.965306,0.334214,-0.134551,-0.271179
4812,0.599927,0.516148,0.762445,-0.390216,-0.251905,-0.0923229,0.551578
4813,0.681214,-0.502241,-0.774026,0.385535,-0.252546,-0.0999101,0.57597
4814,0.593071,-0.525504,-0.751889,0.398131,-0.259087,-0.100007,0.542429
4815,0.581089,-0.401998,-0.837855,0.369318,-0.243582,-0.0760419,0.536439
4816,0.718666,-0.0099449,-0.0211229,-0.999727,0.262877,-0.151672,-0.239987
4817,-0.689066,0.954734,0.297455,-0.00179519,0.286383,-0.146998,-0.241337
4818,0.707818,0.0231334,0.00181157,0.999731,0.233522,-0.15494,-0.218651
4819,0.745266,0.0243558,0.0391762,0.998935,0.267076,-0.151792,-0.260897
4820,-0.284877,0.147691,0.279782,0.948636,-0.228659,-0.0398544,0.537614
4821,-0.301965,-0.195345,-0.289234,-0.937115,-0.232266,-0.0493195,0.52981
4822,-0.279873,-0.109682,-0.28294,-0.952846,-0.225723,-0.0208369,0.522855
4823,-0.22081,-0.295387,-0.215185,-0.930829,-0.227941,-0.0490793,0.560183
4824,-0.687679,-0.99277,-0.116068,0.0305969,0.32063,-0.149063,-0.326366
4825,-0.548226,0.943053,0.33095,-0.0335215,0.341465,-0.144922,-0.332589
4826,-0.693928,0.992885,0.113282,-0.0366869,0.296871,-0.150429,-0.302688
4827,-0.571463,0.991698,0.118984,-0.0487686,0.322116,-0.150053,-0.345289
4828,-0.146908,0.460271,0.122654,0.879265,-0.232486,-0.0920754,0.615584
4829,-0.143664,-0.475864,-0.116867,-0.87172,-0.241702,-0.0998036,0.608478
4830,-0.144889,-0.442403,-0.132276,-0.887007,-0.228558,-0.0757092,0.598893
4831,-0.057132,-0.545432,-0.0478366,-0.836789,-0.22673,-0.0997071,0.639321
4832,-0.689871,0.0690324,0.0879533,0.99373,0.388026,-0.145465,-0.476728
4833,-0.580094,-0.0955739,-0.0497014,-0.994181,0.397947,-0.142709,-0.508936
4834,-0.674943,-0.0525777,-0.0891202,-0.994632,0.392966,-0.142325,-0.458506
4835,-0.699031,-0.0893576,-0.0385193,-0.995254,0.370676,-0.149447,-0.463618
4836,-0.396102,0.619734,-0.0540642,0.782948,-0.228184,-0.146671,0.741785
4837,-0.502091,-0.595911,0.0173496,-0.802863,-0.241386,-0.143715,0.715976
4838,-0.412391,-0.631919,0.0488104,-0.773496,-0.21227,-0.143715,0.74574
4839,-0.366168,-0.614064,0.0192834,-0.789021,-0.229317,-0.150656,0.763065
4840,-0.118373,0.0721507,0.0757868,0.99451,0.419462,-0.130051,-0.505899
4841,-0.114596,-0.0849435,-0.0715945,-0.99381,0.412774,-0.135015,-0.524468
4842,-0.120744,-0.0597088,-0.0941106,-0.99377,0.43302,-0.118964,-0.521724
4843,-0.213097,-0.0260013,-0.127631,-0.991481,0.409575,-0.134604,-0.472143
4844,0.0395333,0.605663,-0.0205052,0.795457,-0.223966,-0.131204,0.700942
4845,0.0508842,-0.599458,0.0271587,-0.799946,-0.237938,-0.135988,0.695678
4846,0.0397628,-0.609038,0.0264652,-0.792699,-0.22143,-0.120072,0.681538
4847,0.14198,-0.640974,0.0759889,-0.763792,-0.2115,-0.135975,0.725195
4848,-0.445769,-0.989072,-0.130429,0.0687303,0.359989,-0.149138,-0.416723
4849,-0.335748,0.932527,0.353537,-0.0735219,0.378772,-0.14512,-0.427647
4850,-0.442917,0.990042,0.124564,-0.0655848,0.342391,-0.150085,-0.389252
4851,-0.328022,0.987984,0.127993,-0.0866314,0.356833,-0.150325,-0.434472
4852,0.233142,-0.758907,-0.119505,0.640139,-0.194155,-0.150661,0.790685
4853,0.157224,0.728896,0.336655,-0.596132,-0.195815,-0.146673,0.769512
4854,0.211036,0.744631,0.116859,-0.657167,-0.173428,-0.151689,0.813217
4855,0.124648,0.771708,0.119774,-0.624597,-0.211743,-0.151687,0.788192
4856,-0.233291,-0.983736,-0.132914,0.120823,0.374702,-0.149803,-0.511218
4857,-0.146769,0.926593,0.356523,-0.11965,0.390344,-0.14584,-0.526369
4858,-0.22323,0.985395,0.129333,-0.110771,0.364955,-0.150654,-0.480674
4859,-0.126294,0.982259,0.128674,-0.136419,0.366493,-0.150994,-0.52741
4860,0.0558781,-0.809328,-0.122272,0.574489,-0.260549,-0.150638,0.730898
4861,-0.0235325,0.766904,0.345203,-0.541011,-0.256661,-0.146664,0.709932
4862,0.0356605,0.797494,0.121868,-0.590891,-0.246408,-0.151673,0.758222
4863,-0.0516852,0.821833,0.122938,-0.556306,-0.276876,-0.151649,0.723824
4864,-0.175163,0.632288,-0.200759,-0.74827,0.310862,0.137809,-0.230733
4865,-0.116258,-0.630716,0.162844,0.758736,0.295359,0.144299,-0.222622
4866,-0.235452,-0.651765,0.254059,0.714602,0.316566,0.128273,-0.207028
4867,-0.187665,-0.620702,0.163524,0.766804,0.31997,0.139571,-0.262805
4868,-0.75491,0.464874,0.0656972,0.882936,-0.314318,-0.146571,0.596488
4869,0.706422,0.834135,0.324587,-0.44594,-0.312883,-0.143593,0.56773
4870,-0.772524,-0.479114,-0.0721275,-0.874784,-0.302465,-0.143676,0.607754
4871,-0.720252,-0.471267,-0.0212482,-0.881735,-0.325921,-0.150516,0.614365
4872,-0.113078,0.550313,-0.516223,0.656254,0.291657,0.135577,-0.168356
4873,-0.122717,-0.635938,0.430575,-0.640459,0.285675,0.14395,-0.192543
4874,-0.117846,-0.55127,0.509093,-0.661004,0.282243,0.135481,-0.138569
4875,-0.225329,-0.492776,0.542845,-0.680067,0.307045,0.126391,-0.17473
4876,-0.31784,0.416719,0.164971,0.893941,-0.290125,-0.131257,0.563186
4877,-0.307107,-0.411505,-0.156692,-0.897837,-0.299692,-0.135947,0.551858
4878,-0.31454,-0.381094,-0.207632,-0.90092,-0.27806,-0.120238,0.547614
4879,-0.215845,-0.460356,-0.112285,-0.880604,-0.291463,-0.136008,0.590323
4880,0.760906,-0.508385,0.600916,-0.616802,0.340915,0.123284,-0.250757
4881,0.710812,0.463222,-0.574689,0.674654,0.331574,0.119734,-0.21637
4882,-0.744499,-0.574632,0.215207,0.78961,0.355529,0.115566,-0.263006
4883,-0.723831,-0.609303,0.177658,0.772779,0.335016,0.133586,-0.273487
4884,-0.119774,-0.854239,-0.121026,0.505597,-0.309268,-0.150586,0.655798
4885,-0.200481,0.804574,0.340915,-0.486249,-0.300093,-0.146631,0.636567
4886,-0.137912,0.844665,0.122821,-0.521015,-0.302626,-0.151623,0.685789
4887,-0.221256,0.866008,0.121106,-0.485143,-0.323243,-0.151576,0.644862
4888,-0.648445,0.603253,-0.100764,-0.791159,0.298255,0.149952,-0.275141
4889,-0.625704,-0.609444,0.133336,0.781537,0.289282,0.149945,-0.245193
4890,-0.65722,-0.60468,0.118978,0.787532,0.31344,0.146069,-0.284642
4891,-0.595198,-0.582325,0.0745523,0.809531,0.291487,0.152429,-0.295973
4892,-0.28596,-0.893299,-0.114602,0.434607,-0.336941,-0.150374,0.571406
4893,-0.366524,0.84193,0.325869,-0.430073,-0.323121,-0.146444,0.555169
4894,-0.302025,0.885721,0.118319,-0.448886,-0.338306,-0.151468,0.601844
4895,-0.383335,0.903644,0.115067,-0.412537,-0.347496,-0.151281,0.557545
4896,-0.389772,0.195323,-0.580104,0.790777,0.331717,0.0873797,-0.12978
4897,-0.391249,-0.315303,0.580932,-0.750401,0.327082,0.103158,-0.156953
4898,-0.377468,-0.232491,0.563853,-0.792476,0.323545,0.0846626,-0.0946935
4899,-0.652976,-0.0912159,0.516787,-0.851241,0.344654,0.0745552,-0.139419
4900,0.110888,-0.674392,0.0976973,-0.731882,-0.177272,-0.0753871,0.679781
4901,0.114576,0.659733,-0.101326,0.744637,-0.16794,-0.06662,0.683048
4902,0.114682,0.662358,-0.0919583,0.743523,-0.174294,-0.0918438,0.696639
4903,0.0281249,0.585995,-0.0220672,0.810014,-0.189118,-0.0666866,0.65971
4904,0.629572,0.402775,-0.567879,0.717834,0.303846,0.113062,-0.117224
4905,0.622703,-0.394313,0.582446,-0.710826,0.312642,0.114372,-0.149281
4906,0.693931,-0.481988,0.546545,-0.684818,0.288836,0.124985,-0.112887
4907,0.522184,-0.330948,0.571541,-0.750876,0.310113,0.0991315,-0.0898088
4908,0.369997,-0.503698,-0.79552,0.336803,-0.148295,-0.0918351,0.717695
4909,0.338335,0.422777,0.874692,-0.237009,-0.153481,-0.0753545,0.701368
4910,0.377806,0.528412,0.768192,-0.361473,-0.131269,-0.0995714,0.735202
4911,0.290309,0.50891,0.786838,-0.349136,-0.159776,-0.0995574,0.716232
4912,-0.718946,0.466068,-0.753268,-0.464077,0.339832,0.0501793,-0.0710056
4913,-0.490227,-0.558784,0.635505,0.532817,0.328747,0.0667411,-0.0644107
4914,-0.775447,-0.418725,0.802605,0.424845,0.342814,0.0269793,-0.0361357
4915,0.733697,-0.0117352,-0.482769,0.875669,0.347567,0.0552762,-0.110927
4916,-0.621691,-0.601366,0.0195848,-0.798734,-0.197223,-0.0918917,0.672325
4917,-0.537768,0.669705,-0.0946086,0.736576,-0.185446,-0.0995754,0.693671
4918,-0.626104,0.610936,-0.0229242,0.791348,-0.207887,-0.0996293,0.667891
4919,-0.6486,0.60491,-0.019872,0.796046,-0.197918,-0.0754596,0.655222
4920,-0.576245,0.661969,-0.490988,-0.566328,0.350652,0.0965234,-0.202894
4921,-0.420164,-0.664717,0.395846,0.633607,0.336492,0.106639,-0.191744
4922,0.775883,0.0299095,-0.506866,0.861506,0.354179,0.0802185,-0.177742
4923,-0.308126,-0.583001,0.284169,0.761156,0.360347,0.101901,-0.23977
4924,-0.63486,-0.564873,0.0333455,-0.824504,-0.185135,-0.0390345,0.648974
4925,-0.570664,0.67264,-0.10228,0.732867,-0.17291,-0.0484264,0.6679
4926,-0.656354,0.590104,-0.0197352,0.807086,-0.192011,-0.0485276,0.644051
4927,-0.649295,0.570118,-0.0281178,0.821081,-0.190463,-0.0198227,0.634939
4928,-0.682494,0.531022,-0.0833937,-0.843245,0.341446,0.145418,-0.359967
4929,-0.660579,-0.567444,0.099352,0.817396,0.335639,0.14355,-0.327699
4930,-0.639645,-0.495603,0.073029,0.865474,0.35518,0.142217,-0.37364
4931,-0.662077,-0.52816,0.0394215,0.848229,0.332306,0.148905,-0.378562
4932,0.294955,-0.657157,-0.526496,0.539395,-0.166639,-0.13118,0.752337
4933,0.242357,0.590817,0.670024,-0.449448,-0.169259,-0.120022,0.732974
4934,0.285251,0.656243,0.510493,-0.555645,-0.148297,-0.135968,0.772446
4935,0.195488,0.664616,0.524084,-0.532562,-0.181467,-0.135966,0.75092
4936,-0.15958,0.524703,-0.121079,-0.842631,0.357487,0.131057,-0.320051
4937,-0.195435,-0.570099,0.142253,0.809167,0.343043,0.136532,-0.307017
4938,-0.144034,-0.500675,0.131689,0.855559,0.364074,0.120394,-0.29877
4939,-0.149534,-0.476442,0.097939,0.873734,0.363817,0.134875,-0.354406
4940,-0.318056,0.735959,-0.210585,0.643442,-0.138517,-0.120035,0.753051
4941,-0.412828,-0.701839,0.14509,-0.697403,-0.156051,-0.113652,0.734233
4942,-0.322606,-0.737914,0.205936,-0.642708,-0.125216,-0.113676,0.752557
4943,-0.27854,-0.717897,0.166698,-0.675897,-0.133381,-0.131192,0.771901
4944,-0.436216,-0.876363,0.116163,-0.467433,0.347744,0.148406,-0.423299
4945,-0.324576,0.824057,-0.343359,0.450593,0.358536,0.144689,-0.406257
4946,-0.399521,0.892982,-0.116634,0.434719,0.347674,0.149316,-0.453949
4947,-0.337884,0.860804,-0.113164,0.496195,0.335248,0.149421,-0.409277
4948,0.338726,-0.685904,0.115891,-0.718404,-0.160092,-0.146672,0.792697
4949,0.324441,0.696886,-0.111061,0.70853,-0.143693,-0.143714,0.792397
4950,0.336482,0.678938,-0.040861,0.733058,-0.155657,-0.150661,0.813413
4951,0.233372,0.665689,-0.0802496,0.741902,-0.179523,-0.143712,0.771329
4952,-0.29218,-0.815561,0.0994597,-0.57006,0.313287,0.150183,-0.335873
4953,-0.211114,0.749943,-0.319623,0.57916,0.321082,0.147102,-0.316006
4954,-0.260257,0.832804,-0.105222,0.543476,0.318705,0.150119,-0.366161
4955,-0.1672,0.817184,-0.0889709,0.569469,0.298878,0.151627,-0.325341
4956,0.129163,-0.657867,0.087999,-0.747976,-0.197038,-0.120038,0.709005
4957,0.121064,0.658011,-0.0826955,0.748453,-0.184135,-0.113658,0.712005
4958,0.129824,0.647269,-0.0694188,0.759094,-0.196989,-0.131187,0.728558
4959,0.0310487,0.607561,-0.019948,0.794023,-0.209012,-0.113692,0.686237
4960,-0.554803,0.584708,-0.107985,-0.804025,0.247357,0.159342,-0.205018
4961,-0.525872,-0.572084,0.155785,0.805265,0.236728,0.161561,-0.178969
4962,-0.579705,-0.595469,0.144591,0.79026,0.263655,0.15518,-0.209863
4963,-0.490205,-0.563039,0.123296,0.817181,0.241564,0.1599,-0.226816
4964,0.770863,0.198855,0.957215,-0.210231,-0.214357,-0.0393679,0.59634
4965,-0.740308,0.49662,0.0609533,0.865825,-0.207683,-0.0486733,0.617843
4966,0.748649,-0.220959,-0.944841,0.241769,-0.219719,-0.048859,0.58972
4967,0.759863,-0.0700807,-0.983475,0.166927,-0.215631,-0.02025,0.581425
4968,0.0462947,0.598172,-0.20209,-0.775468,0.259663,0.151732,-0.159103
4969,0.125039,-0.594902,0.145112,0.790591,0.242991,0.158417,-0.155939
4970,0.0126738,-0.621215,0.213871,0.75389,0.266225,0.144872,-0.134881
4971,-0.00841431,-0.618725,0.153727,0.77042,0.269699,0.150714,-0.186979
4972,-0.0610109,-0.525565,-0.0576294,-0.848799,-0.215101,-0.0755694,0.628106
4973,-0.0571057,0.50304,0.056184,0.862435,-0.206963,-0.0667951,0.633744
4974,-0.0609632,0.532345,0.0528141,0.844878,-0.21672,-0.0919716,0.64515
4975,-0.141369,0.413856,0.132874,0.900593,-0.221183,-0.0669388,0.605586
4976,-0.0793707,-0.808795,0.0605683,-0.584964,0.267442,0.155673,-0.259445
4977,-0.0412307,0.754524,-0.253876,0.605179,0.273554,0.154061,-0.237998
4978,-0.0680298,0.815074,-0.064038,0.575806,0.276402,0.154034,-0.287473
4979,0.0296424,0.822485,-0.0339656,0.567772,0.25175,0.15735,-0.253108
4980,0.00508231,0.0805635,0.969344,-0.232123,-0.222603,-0.0205301,0.552507
4981,0.0189545,-0.209591,-0.942506,0.260298,-0.223431,-0.0395962,0.567476
4982,-0.0246881,-0.0780652,-0.962217,0.260854,-0.224177,-0.0109958,0.530455
4983,0.0517656,-0.050197,-0.979548,0.194848,-0.220165,-0.010675,0.559836
4984,0.117131,-0.835796,0.00413199,-0.549025,0.213951,0.16489,-0.198452
4985,0.112127,0.805701,-0.149783,0.573072,0.21966,0.165505,-0.176465
4986,0.115044,0.835063,0.00180273,0.550151,0.225226,0.161504,-0.222755
4987,0.189045,0.848816,0.0346588,0.527551,0.196798,0.166213,-0.196699
4988,0.166951,0.0797473,0.991534,-0.102475,-0.204875,-0.0200124,0.609061
4989,0.185652,-0.205175,-0.965339,0.161321,-0.201532,-0.0391789,0.623662
4990,0.131158,-0.0422187,-0.991185,0.125575,-0.212301,-0.0103888,0.588326
4991,0.213206,-0.0582513,-0.996642,0.0575514,-0.200683,-0.0101493,0.615415
4992,-0.0234247,-0.325874,0.0220408,0.945156,0.421126,0.075059,-0.347019
4993,-0.0481895,0.324713,-0.0419943,-0.94488,0.432343,0.0664896,-0.367218
4994,-0.0282198,0.331353,-0.0240413,-0.943201,0.416801,0.0911783,-0.36591
4995,0.0154528,0.337241,0.00995737,-0.941366,0.412215,0.0665741,-0.307948
4996,-0.462087,-0.720785,0.199621,-0.663792,-0.142687,-0.0388814,0.69195
4997,-0.397568,0.788788,-0.264283,0.554948,-0.125773,-0.0483406,0.707041
4998,-0.483743,0.739095,-0.184391,0.647872,-0.150704,-0.0483666,0.68901
4999,-0.473726,0.740714,-0.200259,0.641279,-0.151601,-0.0195978,0.679784
5000,-0.33142,-0.546237,0.808505,-0.218964,0.433149,0.0912302,-0.423176
5001,-0.28999,0.42427,-0.885227,0.190702,0.438876,0.0751029,-0.40569
5002,-0.327539,0.564467,-0.795897,0.218918,0.435351,0.0988939,-0.460176
5003,-0.251515,0.559633,-0.798283,0.222608,0.422291,0.0987362,-0.403596
5004,0.284883,-0.776025,0.251247,-0.578499,-0.126944,-0.0753498,0.719648
5005,0.286832,0.766321,-0.255317,0.589547,-0.116984,-0.0665854,0.720374
5006,0.291351,0.754655,-0.233868,0.613027,-0.119648,-0.0918504,0.735149
5007,0.201126,0.719955,-0.179507,0.670405,-0.143751,-0.0665901,0.703374
5008,-0.439003,-0.342045,-0.0117747,0.93961,0.39664,0.0915802,-0.309271
5009,-0.502661,0.339297,-0.0183629,-0.9405,0.404466,0.0988526,-0.347387
5010,-0.461622,0.364085,0.00144823,-0.931364,0.383383,0.0996791,-0.292322
5011,-0.417827,0.331829,0.0406547,-0.942463,0.400065,0.075421,-0.288724
5012,0.339798,0.163269,0.986569,0.00505171,-0.172604,-0.0196856,0.658642
5013,0.355687,-0.270437,-0.958947,0.085353,-0.165405,-0.0389373,0.671856
5014,0.298886,-0.0961296,-0.995351,-0.00587682,-0.185438,-0.00996294,0.64065
5015,0.387227,-0.155033,-0.986189,-0.0582747,-0.166818,-0.00983117,0.663629
5016,-0.492018,-0.343912,0.028189,0.938579,0.424032,0.0394071,-0.310034
5017,-0.53289,0.320342,-0.0526609,-0.945837,0.434235,0.0486906,-0.349324
5018,-0.454184,0.339691,0.01005,-0.940483,0.413229,0.0487212,-0.288858
5019,-0.512164,0.340312,-0.0444046,-0.939263,0.422182,0.0205574,-0.292765
5020,0.51232,0.300407,0.952193,0.0555303,-0.127859,-0.0195552,0.69805
5021,0.523372,-0.375569,-0.925035,0.0570816,-0.11739,-0.0388608,0.708935
5022,0.475341,-0.225357,-0.969466,-0.0966964,-0.145157,-0.00975131,0.683989
5023,0.557029,-0.30073,-0.947038,-0.112607,-0.120879,-0.00971738,0.701416
5024,-0.359168,-0.772614,0.545297,-0.325145,0.39362,0.129605,-0.420896
5025,-0.248323,0.673903,-0.684233,0.27871,0.402828,0.118733,-0.403133
5026,-0.341978,0.786262,-0.533985,0.310889,0.394388,0.13432,-0.455134
5027,-0.279143,0.761789,-0.535496,0.364585,0.381312,0.134298,-0.40413
5028,0.153838,0.29187,0.134864,0.946902,-0.433248,-0.0751921,0.687015
5029,0.16736,-0.274654,-0.148879,-0.949948,-0.444617,-0.0663412,0.667858
5030,0.11023,-0.297463,-0.0875256,-0.950713,-0.430358,-0.0916302,0.668548
5031,0.223769,-0.373412,-0.200499,-0.905739,-0.421099,-0.0665482,0.723591
5032,-0.640048,0.271252,-0.0867847,-0.958588,0.415989,0.118841,-0.45712
5033,-0.563229,-0.312562,0.0528912,0.948424,0.414577,0.112522,-0.421362
5034,-0.626137,-0.254603,0.0847884,0.963321,0.425905,0.112719,-0.476354
5035,-0.638973,-0.292479,0.0730476,0.953478,0.405008,0.129767,-0.473128
5036,-0.157878,0.54203,-0.83526,-0.092432,-0.446432,-0.09133,0.612389
5037,-0.0768942,-0.425001,0.905098,0.013099,-0.451665,-0.0749226,0.630307
5038,-0.185511,-0.551994,0.824875,0.122001,-0.447431,-0.098828,0.575081
5039,-0.118014,-0.558181,0.821156,0.118897,-0.436493,-0.0991867,0.631473
5040,-0.206363,-0.380434,0.0665939,0.922407,0.371363,0.144626,-0.454093
5041,-0.174897,0.344633,-0.0567264,-0.937022,0.382359,0.141875,-0.470838
5042,-0.216023,0.400312,-0.0209726,-0.916139,0.358744,0.148462,-0.469377
5043,-0.150459,0.414723,-0.0558589,-0.908231,0.371084,0.141764,-0.421623
5044,-0.305233,0.38501,0.141061,0.912069,-0.406577,-0.0918238,0.722594
5045,-0.3927,-0.317956,-0.0742344,-0.945195,-0.417696,-0.0994436,0.686402
5046,-0.327929,-0.403266,-0.126846,-0.906248,-0.391503,-0.0996006,0.738836
5047,-0.278741,-0.388688,-0.18606,-0.902387,-0.40709,-0.0753665,0.741316
5048,-0.0655812,-0.390842,0.0563679,0.91873,0.385088,0.119078,-0.350006
5049,-0.0404457,0.357789,-0.0341445,-0.933178,0.398206,0.112621,-0.366843
5050,-0.10073,0.423891,-0.0664569,-0.903272,0.377401,0.129881,-0.36953
5051,-0.0493026,0.415038,-0.0570862,-0.908011,0.37809,0.113408,-0.313601
5052,-0.205767,0.374711,0.266076,0.888141,-0.431852,-0.0388149,0.72197
5053,-0.272531,-0.280382,-0.206399,-0.937435,-0.445044,-0.0481669,0.685366
5054,-0.223019,-0.386359,-0.251689,-0.887344,-0.419275,-0.0483453,0.741038
5055,-0.160235,-0.39825,-0.320424,-0.859491,-0.427438,-0.0195512,0.738012
5056,-0.245946,-0.249844,-0.173623,0.952593,0.379236,0.0402849,-0.187425
5057,-0.331653,0.317834,0.11561,-0.941072,0.390557,0.0492889,-0.22869
5058,-0.110397,0.204268,0.299962,-0.931825,0.368256,0.0508894,-0.168398
5059,-0.294116,0.295511,0.158611,-0.942081,0.377362,0.0207936,-0.16761
5060,-0.246846,0.782737,-0.556069,-0.27948,-0.408779,-0.130797,0.612195
5061,-0.151512,-0.680242,0.699635,0.218589,-0.417951,-0.119708,0.630908
5062,-0.24995,-0.791229,0.541457,0.28422,-0.408474,-0.135389,0.576958
5063,-0.176263,-0.78092,0.54323,0.308327,-0.396814,-0.135687,0.628694
5064,0.243015,-0.270558,-0.172167,0.947184,0.377266,0.0767759,-0.23178
5065,0.131061,0.303445,0.0964987,-0.94795,0.389888,0.0672968,-0.2493
5066,0.115028,0.324552,0.0539115,-0.94433,0.374186,0.092999,-0.254255
5067,0.422023,0.141208,0.30908,-0.940494,0.366955,0.0693725,-0.192143
5068,-0.602799,-0.201667,0.0912405,-0.975195,-0.429363,-0.119373,0.576653
5069,-0.494099,0.253143,-0.019102,0.96724,-0.429086,-0.113215,0.613067
5070,-0.578682,0.175496,-0.0838223,0.980905,-0.43777,-0.112843,0.557751
5071,-0.627422,0.245871,-0.0956277,0.964574,-0.417923,-0.130458,0.559257
5072,0.312242,0.254732,-0.92964,-0.266234,0.358045,0.0218477,-0.101488
5073,0.507337,-0.443418,0.852653,0.276338,0.358392,0.0424564,-0.125505
5074,0.363432,-0.216126,0.921277,0.323322,0.350202,0.0114676,-0.0520401
5075,-0.00139821,-0.168768,0.970777,0.170613,0.366034,0.0107894,-0.124566
5076,-0.2202,0.344462,-0.0830864,0.935116,-0.385553,-0.146173,0.576115
5077,-0.20212,-0.316096,0.0793334,-0.945405,-0.395721,-0.143077,0.559665
5078,-0.240072,-0.374931,0.0369038,-0.926318,-0.371965,-0.150126,0.559074
5079,-0.111025,-0.365368,0.0444888,-0.929799,-0.386341,-0.143375,0.609907
5080,-0.196713,0.126196,-0.991972,0.00817168,0.399514,0.0205634,-0.230932
5081,-0.135247,-0.30823,0.949408,-0.0601633,0.401748,0.0395602,-0.249023
5082,-0.154961,-0.144318,0.989088,0.0296123,0.386449,0.0108008,-0.190783
5083,-0.281861,-0.103199,0.992865,-0.0597477,0.409145,0.0108746,-0.253497
5084,0.0424847,0.3541,0.0262937,0.934838,-0.399066,-0.119937,0.68361
5085,0.0595016,-0.330922,-0.0385873,-0.942869,-0.412696,-0.113493,0.667168
5086,0.0140765,-0.371688,-0.00448027,-0.928347,-0.392355,-0.131042,0.663849
5087,0.129204,-0.405466,-0.0889752,-0.90977,-0.388992,-0.113665,0.719086
5088,-0.603984,-0.257903,0.110361,0.959847,0.45996,0.0394664,-0.43101
5089,-0.640037,0.180499,-0.130258,-0.974912,0.464155,0.0487525,-0.46917
5090,-0.593393,0.266739,-0.0965686,-0.958919,0.451821,0.0487365,-0.409424
5091,-0.615176,0.243276,-0.126247,-0.961706,0.460462,0.0205567,-0.414545
5092,-0.12751,0.563778,0.336224,0.754393,-0.36336,-0.0390145,0.825647
5093,-0.179292,-0.484655,-0.290907,-0.824914,-0.386003,-0.0484531,0.793298
5094,-0.140557,-0.571816,-0.325335,-0.753116,-0.345935,-0.048507,0.841121
5095,-0.0992813,-0.590874,-0.374174,-0.714746,-0.35492,-0.0197109,0.840056
5096,-0.129545,-0.210922,0.112253,0.971036,0.451658,0.075222,-0.464201
5097,-0.132329,0.195864,-0.1181,-0.973493,0.459155,0.0666626,-0.485341
5098,-0.126518,0.224766,-0.100206,-0.969247,0.444216,0.0914065,-0.480447
5099,-0.0935369,0.27648,-0.0826314,-0.957461,0.448521,0.0665821,-0.426443
5100,0.260734,0.4792,0.231674,0.846578,-0.373709,-0.0754663,0.792129
5101,0.273663,-0.466229,-0.245479,-0.849924,-0.39009,-0.0666726,0.776211
5102,0.232126,-0.467959,-0.188941,-0.863317,-0.375635,-0.091937,0.773476
5103,0.318241,-0.549963,-0.285107,-0.785019,-0.352197,-0.0667392,0.82469
5104,-0.343184,0.101513,-0.986109,0.131472,0.443165,0.020602,-0.353933
5105,-0.325005,-0.256132,0.952688,-0.163655,0.444069,0.0394584,-0.370776
5106,-0.334271,-0.0912681,0.988731,-0.118661,0.431481,0.0109844,-0.315212
5107,-0.361565,-0.0874509,0.984727,-0.150551,0.45142,0.0109705,-0.376116
5108,0.178671,-0.36124,0.912578,-0.191592,-0.308916,-0.0197322,0.883554
5109,0.143642,0.431258,-0.898975,0.0765578,-0.319186,-0.0390445,0.870367
5110,0.194769,0.385896,-0.904129,0.1834,-0.277643,-0.00989706,0.908424
5111,0.176133,0.345914,-0.912382,0.218865,-0.327225,-0.00989107,0.868717
5112,-0.361633,0.126898,-0.978226,0.164228,0.472161,0.0204343,-0.474815
5113,-0.378234,-0.259406,0.949827,-0.174749,0.469961,0.0394205,-0.490919
5114,-0.366857,-0.092661,0.982178,-0.163524,0.466858,0.0108567,-0.4366
5115,-0.365781,-0.100123,0.981944,-0.160502,0.476064,0.010665,-0.496855
5116,0.133133,-0.274769,0.931807,-0.237144,-0.394681,-0.0196557,0.791202
5117,0.0857622,0.365282,-0.92191,0.129038,-0.401179,-0.038944,0.77585
5118,0.159135,0.30246,-0.920811,0.246222,-0.371065,-0.00986112,0.823059
5119,0.14228,0.255598,-0.92976,0.264983,-0.408363,-0.00979324,0.772432
5120,-0.722832,-0.855347,-0.512526,-0.0754907,0.243478,-0.146812,-0.000985004
5121,-0.690031,0.770899,0.628576,0.102989,0.261599,-0.134156,0.00156579
5122,-0.732057,0.854106,0.515847,0.0663745,0.231082,-0.154983,0.0223062
5123,-0.707108,0.844572,0.532013,0.0604926,0.237755,-0.150147,-0.0272775
5124,-0.316947,0.148713,0.162077,0.975508,-0.469342,-0.0383357,0.606324
5125,-0.407165,-0.0461476,-0.0767826,-0.995979,-0.472019,-0.0475686,0.568189
5126,-0.332539,-0.164452,-0.150022,-0.97491,-0.462752,-0.047906,0.6274
5127,-0.248389,-0.16246,-0.239902,-0.957107,-0.469181,-0.0191586,0.622864
5128,0.644384,-0.799251,-0.590239,-0.113211,0.256763,-0.140615,0.0536923
5129,0.670447,0.797827,0.590628,0.120955,0.267245,-0.130842,0.0290389
5130,0.662164,0.825173,0.550535,0.126494,0.26457,-0.138312,0.0820877
5131,0.566725,0.867837,0.490389,0.079855,0.238722,-0.152099,0.0495104
5132,0.00900888,0.0814023,0.00114223,0.996681,-0.461863,-0.0745619,0.572247
5133,0.0147231,-0.0614747,-0.00702008,-0.998084,-0.467205,-0.0656611,0.551385
5134,-0.0495282,-0.111492,0.0487918,-0.992567,-0.454441,-0.0909427,0.555119
5135,0.0988834,-0.168149,-0.0854568,-0.98205,-0.460087,-0.0660397,0.610127
5136,-0.116956,0.017193,0.0324074,-0.999327,0.20348,-0.167892,-0.00847899
5137,-0.0806976,-0.0188511,-0.0540492,0.99836,0.211284,-0.165227,0.0178308
5138,-0.135324,0.0048248,-0.0379701,0.999267,0.181771,-0.176436,-0.0136005
5139,-0.156233,-0.0294961,-0.0283996,0.999161,0.217556,-0.160982,-0.0302961
5140,0.0822026,-0.176336,0.953859,-0.24302,-0.452434,-0.0193868,0.681519
5141,0.0192457,0.285282,-0.947838,0.142187,-0.454758,-0.0386146,0.665088
5142,0.12411,0.202073,-0.939852,0.275399,-0.438305,-0.00967545,0.717838
5143,0.0997686,0.146226,-0.951391,0.271059,-0.460266,-0.00950109,0.660371
5144,-0.144402,0.114784,-0.0018125,-0.993389,0.271135,-0.128623,-0.0503498
5145,-0.102443,-0.100753,-0.0504872,0.99363,0.274483,-0.12429,-0.0238942
5146,-0.171,-0.0785222,-0.0036222,0.996906,0.252528,-0.141823,-0.0511823
5147,-0.167496,-0.141965,0.0264001,0.98952,0.286696,-0.119184,-0.0766303
5148,-0.0208174,-0.0776285,0.982998,-0.166401,-0.477336,-0.0188724,0.563071
5149,-0.107112,0.20952,-0.975188,0.0714791,-0.475427,-0.0379944,0.546645
5150,0.0592006,0.0874064,-0.965877,0.243808,-0.473766,-0.00926951,0.601155
5151,-0.028064,0.0392239,-0.985162,0.167087,-0.478685,-0.00899599,0.541092
5152,0.435465,-0.94082,-0.337773,-0.0276981,0.19788,-0.173411,0.0875826
5153,0.448113,0.922044,0.385019,0.0399467,0.208512,-0.16859,0.0663983
5154,0.45027,0.945817,0.321954,0.0421474,0.208726,-0.170246,0.115682
5155,0.317889,0.959458,0.281828,0.00360305,0.176317,-0.180388,0.0799695
5156,0.232853,-0.551049,-0.126088,-0.824892,-0.303731,-0.1313,0.801618
5157,0.217106,0.569847,0.115883,0.813539,-0.284622,-0.136066,0.810183
5158,0.244353,0.562073,0.167024,0.810047,-0.302499,-0.120177,0.822576
5159,0.144385,0.514916,0.0770669,0.85377,-0.321499,-0.136054,0.7705
5160,0.0476674,-0.0310159,-0.122897,0.991935,0.237653,-0.156946,0.100253
5161,0.0177917,0.0376724,0.0759209,-0.996402,0.228297,-0.159513,0.0722359
5162,0.0721504,0.0494885,0.139637,-0.988965,0.255884,-0.147229,0.105923
5163,0.0913455,0.0490713,0.0646859,-0.996698,0.228713,-0.162858,0.122514
5164,0.175795,-0.661239,0.657255,0.361633,-0.259016,-0.120182,0.859201
5165,0.097888,0.723502,-0.52184,-0.451916,-0.262958,-0.131304,0.838648
5166,0.162653,0.658324,-0.650111,-0.379427,-0.232345,-0.113823,0.884992
5167,0.102078,0.665621,-0.665877,-0.336981,-0.279449,-0.113822,0.851694
5168,0.771482,0.0175176,-0.0458224,-0.998796,0.177243,-0.178388,0.128604
5169,-0.780456,0.970489,0.238901,0.0328215,0.19924,-0.172965,0.136901
5170,0.760383,-0.0223437,0.147318,0.988837,0.166705,-0.177905,0.149524
5171,0.753344,-0.00745523,0.0636372,0.997945,0.165165,-0.182645,0.0997722
5172,-0.304276,-0.496638,-0.122613,-0.859254,-0.340776,-0.120151,0.780431
5173,-0.217604,0.54485,0.17887,0.819234,-0.32173,-0.11381,0.812374
5174,-0.280005,0.477385,0.135516,0.868181,-0.358482,-0.113765,0.767813
5175,-0.312445,0.493488,0.0874657,0.865344,-0.339314,-0.131272,0.759515
5176,0.782386,-0.00475057,0.0311495,-0.999503,0.177684,-0.179409,0.0327483
5177,-0.767771,0.91691,0.398075,0.0285199,0.199137,-0.171421,0.0391974
5178,0.771337,0.00531793,0.00389172,0.999978,0.165495,-0.183555,0.052336
5179,-0.779288,0.948523,0.316701,-0.00233147,0.168121,-0.181759,0.00626009
5180,-0.372384,-0.536193,-0.038667,-0.843209,-0.301258,-0.146698,0.758573
5181,-0.268567,0.561431,0.073032,0.824295,-0.284776,-0.143767,0.788596
5182,-0.34566,0.514056,0.0458392,0.856531,-0.318873,-0.143751,0.749041
5183,-0.383974,0.53753,0.0126326,0.84315,-0.297828,-0.150642,0.736991
5184,-0.265537,0.0247213,0.00708818,-0.999669,0.22295,-0.158691,-0.102575
5185,-0.234647,-0.0407862,0.00220661,0.999165,0.22771,-0.156384,-0.0779985
5186,-0.282086,0.00218824,-0.0339581,0.999421,0.199513,-0.166806,-0.104768
5187,-0.308983,-0.0466449,0.0295025,0.998476,0.241821,-0.15178,-0.125565
5188,0.163112,-0.524174,0.846004,0.0975671,-0.288064,-0.0755302,0.879228
5189,0.108009,0.593693,-0.778187,-0.204824,-0.29471,-0.0920148,0.861675
5190,0.163561,0.533827,-0.83836,-0.110367,-0.25876,-0.0667665,0.905147
5191,0.121017,0.516405,-0.853663,-0.0677133,-0.308165,-0.0667645,0.867997
5192,-0.744134,-0.951147,-0.308614,-0.00881112,0.189005,-0.17208,-0.0593597
5193,-0.718289,0.908751,0.416379,0.0283041,0.21134,-0.163507,-0.0556676
5194,-0.752529,0.947148,0.320795,0.000942855,0.173512,-0.1781,-0.0391098
5195,-0.716027,0.954536,0.298091,0.00149126,0.181939,-0.173072,-0.083884
5196,-0.0860621,0.676713,0.315469,0.665235,-0.246214,-0.0920162,0.896961
5197,-0.154951,-0.627458,-0.264157,-0.732474,-0.274279,-0.0997404,0.870993
5198,-0.0998951,-0.685909,-0.306251,-0.660106,-0.224713,-0.0997391,0.903453
5199,-0.0870157,-0.69937,-0.350416,-0.622968,-0.237341,-0.0755269,0.913562
5200,0.404674,0.976573,0.215182,0.00147258,0.213389,-0.160961,-0.150336
5201,0.394685,-0.967534,-0.252734,0.0020616,0.1934,-0.167048,-0.128625
5202,0.394001,-0.982106,-0.188002,0.011131,0.20792,-0.1604,-0.174165
5203,0.475683,-0.940075,-0.340347,-0.0205583,0.238374,-0.153808,-0.14947
5204,0.418047,-0.712109,-0.394033,-0.581067,-0.269414,-0.0390478,0.908995
5205,0.415064,0.716467,0.38844,0.579473,-0.24846,-0.0485223,0.919433
5206,0.433836,0.737286,0.418376,0.530444,-0.257512,-0.0197309,0.920753
5207,0.380486,0.650115,0.357691,0.670379,-0.299815,-0.0485263,0.883479
5208,0.588407,0.863816,0.50009,0.0610946,0.266036,-0.137445,-0.101115
5209,0.563725,-0.850073,-0.524051,-0.0524037,0.248698,-0.145536,-0.0765318
5210,0.570549,-0.86242,-0.504385,-0.0427519,0.263919,-0.141382,-0.125572
5211,0.66075,-0.764983,-0.64049,-0.0676351,0.285427,-0.124294,-0.102046
5212,0.286133,-0.544629,-0.232624,-0.80577,-0.338098,-0.0919949,0.820183
5213,0.27393,0.55887,0.219862,0.799578,-0.31911,-0.0997291,0.832173
5214,0.307591,0.561307,0.272852,0.781336,-0.333798,-0.0755149,0.838454
5215,0.217984,0.484288,0.175149,0.857198,-0.358423,-0.0996898,0.787766
5216,0.000251455,0.123694,0.151467,-0.980692,0.308318,-0.0882136,0.00524257
5217,0.0173541,-0.0612937,-0.231051,0.971009,0.31223,-0.0850865,0.0355892
5218,-0.0328443,-0.100292,-0.128829,0.986582,0.294229,-0.105105,0.00458508
5219,0.00454534,-0.164147,-0.127308,0.978186,0.319112,-0.0749093,-0.0248232
5220,-0.533537,-0.441406,0.0183378,-0.89712,-0.355676,-0.146584,0.672351
5221,-0.42445,0.465022,0.0174033,0.885128,-0.347501,-0.143699,0.705488
5222,-0.504339,0.415405,-0.0120548,0.909556,-0.370146,-0.14358,0.658807
5223,-0.551777,0.456281,-0.00987219,0.889781,-0.346848,-0.150529,0.65237
5224,-0.718888,-0.744427,-0.645475,-0.170852,0.28956,-0.114386,0.0607078
5225,-0.699641,0.631394,0.745868,0.212184,0.304177,-0.0995095,0.0640552
5226,-0.724378,0.75019,0.64043,0.164509,0.281087,-0.126071,0.0865578
5227,-0.679255,0.700016,0.696934,0.155758,0.283524,-0.116854,0.0315843
5228,0.0894962,-0.433354,-0.047239,-0.899985,-0.369036,-0.131192,0.713268
5229,0.0706892,0.456779,0.036601,0.888827,-0.352872,-0.136002,0.726392
5230,0.112517,0.426892,0.0760385,0.9011,-0.373183,-0.120076,0.733773
5231,-0.00456944,0.396961,-0.00542562,0.917819,-0.378134,-0.135885,0.67882
5232,0.784981,0.683424,0.716351,0.140616,0.304273,-0.098098,-0.0514744
5233,0.746576,-0.664877,-0.734772,-0.134345,0.290833,-0.109228,-0.0234204
5234,0.753314,-0.647203,-0.755405,-0.102435,0.303484,-0.103721,-0.0782288
5235,-0.718782,-0.19559,-0.0596355,0.978871,0.318463,-0.080671,-0.0535348
5236,-0.29511,0.901199,-0.125668,-0.414788,-0.362578,-0.150371,0.606387
5237,-0.194614,-0.855686,0.346061,0.384764,-0.373894,-0.146425,0.625048
5238,-0.281902,-0.907194,0.12129,0.40285,-0.361436,-0.151274,0.574205
5239,-0.202134,-0.889456,0.121776,0.440499,-0.350002,-0.151472,0.620164
5240,-0.594904,0.108478,0.246459,-0.963063,0.331613,-0.0500875,0.00521928
5241,-0.695071,-0.0721711,-0.259546,0.96303,0.324184,-0.0667731,0.0374645
5242,-0.637685,-0.178461,-0.166445,0.969767,0.330453,-0.0550966,-0.0267218
5243,-0.618813,-0.0963775,-0.297632,0.949803,0.33969,-0.0268349,0.00469222
5244,-0.139132,0.861115,-0.123682,-0.493137,-0.325117,-0.150608,0.69619
5245,-0.0410513,-0.820234,0.345286,0.456063,-0.331316,-0.146667,0.717152
5246,-0.12217,-0.869632,0.121738,0.478456,-0.332474,-0.151585,0.664545
5247,-0.0407646,-0.847732,0.121575,0.516304,-0.309244,-0.151637,0.706497
5248,0.282458,-0.534766,0.302224,0.789104,0.2431,0.14702,-0.00612585
5249,0.197114,0.49857,-0.407933,-0.764865,0.261032,0.134303,-0.0039058
5250,0.297915,0.525001,-0.294661,-0.798467,0.231748,0.154683,-0.0322127
5251,0.357107,0.495456,-0.331447,-0.802911,0.236601,0.150916,0.0174814
5252,-0.21157,-0.624162,-0.0943277,-0.77558,-0.226344,-0.146723,0.827954
5253,-0.110857,0.648995,0.126758,0.750158,-0.202659,-0.143781,0.85255
5254,-0.189095,0.60681,0.100658,0.788448,-0.245834,-0.143777,0.82332
5255,-0.215459,0.61537,0.033614,0.787521,-0.228586,-0.150682,0.806341
5256,-0.0376594,-0.589209,0.491784,-0.641078,0.25707,0.140239,-0.0558966
5257,-0.0613552,0.575429,-0.48136,0.661191,0.266956,0.130757,-0.0294922
5258,-0.0533564,0.578158,-0.489741,0.6526,0.264866,0.137843,-0.0823062
5259,0.0165663,0.66456,-0.422968,0.616002,0.239795,0.151448,-0.056397
5260,0.375378,-0.653818,-0.200927,-0.729487,-0.217658,-0.131306,0.869952
5261,0.365568,0.667096,0.192688,0.719621,-0.196938,-0.136071,0.873263
5262,0.375399,0.674638,0.253522,0.693246,-0.211075,-0.120182,0.889785
5263,0.292339,0.621177,0.155318,0.768124,-0.242869,-0.136069,0.844605
5264,-0.659439,-0.51187,0.235502,0.826153,0.203966,0.168221,-0.0124379
5265,-0.688443,0.540676,-0.209418,-0.814748,0.212752,0.164723,-0.034663
5266,-0.634666,0.51852,-0.164646,-0.839064,0.182946,0.176817,-0.016882
5267,-0.749782,0.517412,-0.239187,-0.821629,0.216463,0.162077,0.0136197
5268,0.0218025,0.81218,-0.121557,-0.570603,-0.265465,-0.150664,0.77398
5269,0.113929,-0.777214,0.340266,0.529299,-0.266076,-0.146713,0.795777
5270,0.0423963,-0.82383,0.121713,0.553616,-0.280734,-0.151663,0.745217
5271,0.127248,-0.798212,0.120575,0.590186,-0.247465,-0.151687,0.77991
5272,0.671593,0.613668,-0.463931,0.63889,0.269627,0.12928,0.0482573
5273,0.647995,-0.599543,0.454625,-0.658684,0.273535,0.124612,0.0234814
5274,0.709219,-0.688668,0.400789,-0.604239,0.250626,0.142866,0.0444774
5275,0.612638,-0.637787,0.421293,-0.644779,0.285054,0.119868,0.0765403
5276,0.189823,0.755809,-0.115678,-0.644494,-0.187764,-0.150686,0.833415
5277,0.274929,-0.729129,0.323803,0.602928,-0.18271,-0.146727,0.854571
5278,0.213832,-0.77103,0.117863,0.625797,-0.209955,-0.151699,0.80978
5279,0.299131,-0.742375,0.114659,0.6601,-0.168825,-0.151701,0.83436
5280,0.112955,-0.775377,0.264724,-0.573333,0.204228,0.170119,-0.106422
5281,0.0894272,0.747187,-0.319544,0.582755,0.212452,0.166503,-0.0823807
5282,0.102757,0.771504,-0.257602,0.581742,0.215058,0.166976,-0.129639
5283,0.157677,0.810456,-0.189952,0.554148,0.185301,0.175631,-0.107907
5284,-0.523055,-0.215297,-0.268748,0.938841,-0.399936,0.130734,0.629124
5285,-0.491264,0.204972,0.245617,-0.947449,-0.396872,0.135338,0.608967
5286,-0.577336,0.201321,0.369819,-0.90703,-0.416647,0.119658,0.618536
5287,-0.608753,0.16748,0.301502,-0.938641,-0.383517,0.135615,0.658572
5288,-0.675656,0.588246,-0.196939,-0.784335,0.240064,0.15549,-0.106336
5289,-0.652005,-0.55165,0.247762,0.796428,0.230692,0.158173,-0.0815116
5290,-0.713355,-0.578206,0.276188,0.767723,0.256962,0.146369,-0.107631
5291,-0.584185,-0.567442,0.201158,0.798464,0.232654,0.160678,-0.130422
5292,-0.621868,-0.690583,-0.620742,-0.371181,-0.423692,0.119409,0.565323
5293,-0.660029,0.800014,0.505757,0.32278,-0.40879,0.130438,0.577815
5294,-0.626181,0.655212,0.655452,0.375606,-0.430809,0.112987,0.531382
5295,-0.747984,0.671532,0.617523,0.409523,-0.428484,0.113233,0.585887
5296,0.382342,-0.534474,0.135817,0.834201,0.19028,0.172151,-0.15253
5297,0.291412,0.544992,-0.17018,-0.820988,0.208326,0.168659,-0.152651
5298,0.393314,0.519392,-0.185101,-0.834248,0.184462,0.170319,-0.174591
5299,0.449499,0.519766,-0.180399,-0.835045,0.178086,0.17598,-0.131003
5300,0.363991,0.749715,0.528172,0.398701,-0.401884,0.119842,0.670472
5301,0.435537,-0.699713,-0.567404,-0.434115,-0.418442,0.113427,0.639492
5302,0.330218,-0.739075,-0.518363,-0.430195,-0.400612,0.11356,0.691546
5303,0.430942,-0.840787,-0.441077,-0.313892,-0.38367,0.130954,0.678964
5304,0.500347,-0.529684,0.154217,0.834057,0.182674,0.177053,-0.0627404
5305,0.39955,0.527811,-0.217045,-0.821162,0.202559,0.169818,-0.0597164
5306,0.50755,0.516005,-0.179847,-0.837492,0.173641,0.179251,-0.08689
5307,0.565418,0.508434,-0.180605,-0.841948,0.171847,0.180554,-0.0421311
5308,0.505519,0.930166,0.294429,0.219325,-0.363067,0.146142,0.646714
5309,0.606297,-0.915125,-0.317533,-0.248433,-0.379167,0.143029,0.61887
5310,0.499767,-0.927389,-0.298488,-0.225508,-0.364352,0.143332,0.666259
5311,0.530852,-0.978193,-0.109506,-0.176487,-0.343436,0.150131,0.653761
5312,-0.756487,-0.490694,0.220474,0.842977,0.217153,0.162471,0.0845101
5313,0.764559,-0.757955,0.340158,-0.556594,0.223997,0.158979,0.0624926
5314,-0.731973,0.494848,-0.152863,-0.855429,0.192556,0.172139,0.0778719
5315,0.714919,-0.785469,0.30196,-0.540239,0.235231,0.155415,0.112455
5316,0.652859,-0.218808,-0.592798,0.775057,-0.456605,0.0753851,0.580358
5317,0.691179,0.250411,0.483841,-0.838566,-0.445232,0.091708,0.594073
5318,0.699453,0.2629,0.52969,-0.806419,-0.46268,0.0667105,0.544041
5319,0.489613,0.230834,0.676148,-0.699671,-0.45827,0.0667192,0.602164
5320,0.618649,-0.503924,0.170919,0.846668,0.186311,0.175145,0.0298334
5321,0.516099,0.495093,-0.245313,-0.83349,0.208824,0.165724,0.0355147
5322,0.622132,0.500116,-0.172823,-0.848538,0.17293,0.180095,0.00349435
5323,0.674439,0.494887,-0.147234,-0.856393,0.176888,0.178069,0.0501732
5324,0.604075,-0.50701,-0.731675,-0.455623,-0.448523,0.0915756,0.537543
5325,0.502515,0.554958,0.685253,0.471646,-0.44186,0.0992865,0.572798
5326,0.659727,0.535208,0.740799,0.405917,-0.442264,0.0991002,0.516691
5327,0.560436,0.389987,0.781503,0.486993,-0.45797,0.0753225,0.522501
5328,0.0978919,0.828675,-0.245706,0.502918,0.201445,0.167598,0.128137
5329,0.150498,-0.820363,0.277014,-0.500267,0.183036,0.174243,0.0989923
5330,0.118473,-0.841775,0.235034,-0.485977,0.190993,0.168309,0.151514
5331,0.0626373,-0.796796,0.303553,-0.522467,0.229044,0.158439,0.134962
5332,0.54981,0.149691,0.500556,0.852664,-0.472529,0.0393293,0.550661
5333,-0.74185,0.213991,0.643561,-0.734872,-0.46967,0.0487186,0.528692
5334,0.304583,-0.0502227,-0.294576,-0.954307,-0.476721,0.0202619,0.53499
5335,0.584063,-0.26966,-0.525953,-0.806633,-0.467204,0.0486553,0.587816
5336,0.0101216,0.717973,-0.371993,0.588334,0.262594,0.139208,0.0954087
5337,0.0298178,-0.700073,0.409524,-0.584968,0.245661,0.147282,0.0675935
5338,0.0332813,-0.728656,0.380345,-0.56956,0.259009,0.143849,0.118253
5339,-0.0166517,-0.649475,0.432779,-0.625208,0.282985,0.12538,0.100575
5340,-0.773661,-0.205337,-0.572558,0.793734,-0.433867,0.0917945,0.649649
5341,-0.705025,0.192657,0.519722,-0.832329,-0.43365,0.0994236,0.628119
5342,0.700293,-0.47309,-0.576665,-0.666066,-0.447114,0.075413,0.63741
5343,0.754664,-0.646093,-0.5548,-0.524176,-0.417387,0.0995168,0.682097
5344,0.518251,0.378957,-0.534723,0.75529,0.307724,0.0882342,0.000320671
5345,0.474129,-0.340042,0.535517,-0.773042,0.311503,0.0851064,-0.0294284
5346,0.57552,-0.490242,0.496184,-0.716564,0.293585,0.105156,-0.000823957
5347,0.488892,-0.4167,0.484157,-0.769385,0.31873,0.0749093,0.0309754
5348,0.3182,0.955239,0.25305,0.153244,-0.31876,0.146563,0.734606
5349,0.402233,-0.940993,-0.276833,-0.194668,-0.342642,0.143534,0.711528
5350,0.317875,-0.954428,-0.255566,-0.154122,-0.314437,0.14366,0.753922
5351,0.34625,-0.990628,-0.0947876,-0.098343,-0.297372,0.150555,0.736625
5352,-0.0723433,-0.588238,0.413011,0.695268,0.28895,0.114312,-0.0569473
5353,-0.16555,0.52063,-0.540346,-0.661037,0.303333,0.0995168,-0.0585452
5354,-0.0306842,0.568504,-0.390392,-0.724153,0.280721,0.12585,-0.0838741
5355,0.0285434,0.510217,-0.472856,-0.718392,0.282981,0.116823,-0.0289752
5356,-0.741366,-0.131528,-0.368579,0.920244,-0.360121,0.131096,0.726566
5357,-0.717098,0.125408,0.350548,-0.928111,-0.362956,0.135804,0.706234
5358,0.772059,-0.790599,-0.482553,-0.376956,-0.379564,0.119964,0.720369
5359,0.763164,-0.897599,-0.373358,-0.234349,-0.335485,0.135923,0.751176
5360,-0.102089,0.537517,-0.459621,0.706982,0.303553,0.098277,0.0552529
5361,-0.103397,-0.511792,0.502556,-0.696783,0.290062,0.109399,0.0260462
5362,-0.0746769,-0.553857,0.47071,-0.686786,0.302452,0.104078,0.0809711
5363,-0.140183,-0.440025,0.495303,-0.749034,0.318082,0.0807089,0.0590374
5364,0.590014,0.0436632,0.0891608,-0.99506,-0.26571,0.150656,0.773231
5365,0.647083,-0.0457057,-0.256809,0.965381,-0.287349,0.146664,0.77391
5366,0.628336,-0.00472424,-0.0949985,0.995466,-0.237262,0.151721,0.788471
5367,0.707693,-0.0540748,-0.0869087,0.994748,-0.271409,0.151645,0.755262
5368,-0.269776,0.258248,-0.492435,0.831153,0.331243,0.0500742,0.00212945
5369,-0.32535,-0.231425,0.53848,-0.810236,0.323486,0.0667997,-0.0304093
5370,-0.233919,-0.308158,0.500629,-0.808956,0.330267,0.0550559,0.0337651
5371,-0.411352,-0.138239,0.480461,-0.866052,0.339487,0.0268156,0.0029979
5372,0.625409,0.137452,-0.0555385,0.98895,-0.243477,-0.146812,0.00104605
5373,0.62409,-0.117667,0.0977033,-0.988235,-0.261597,-0.134156,-0.00150474
5374,0.627477,-0.137187,0.0520196,-0.989178,-0.231081,-0.154983,-0.0222445
5375,0.661673,-0.112593,0.0857742,-0.989932,-0.237754,-0.150147,0.0273392
5376,0.758001,0.133197,0.0687877,-0.9887,-0.323463,0.150392,0.696543
5377,-0.754279,-0.942803,-0.273777,-0.190181,-0.344191,0.146401,0.691945
5378,-0.779637,-0.989991,-0.0929053,-0.106235,-0.300526,0.151518,0.718145
5379,-0.69625,-0.98416,-0.099896,-0.146457,-0.323994,0.151312,0.677904
5380,0.374912,0.784932,-0.599898,-0.154933,-0.256762,-0.140615,-0.0536313
5381,0.388882,-0.782967,0.601367,0.159121,-0.267243,-0.130842,-0.0289772
5382,0.367796,-0.799574,0.577606,0.164478,-0.264569,-0.138312,-0.082026
5383,0.333087,-0.851876,0.501076,0.152416,-0.23872,-0.152099,-0.0494494
5384,0.723943,0.90737,0.327236,0.263811,-0.38035,0.145352,0.551477
5385,-0.739863,0.2786,0.0732247,-0.957612,-0.387889,0.142226,0.520585
5386,0.720118,-0.904029,-0.333358,-0.26759,-0.386982,0.142644,0.570101
5387,0.745133,-0.963711,-0.118209,-0.239348,-0.363873,0.149296,0.562917
5388,-0.278873,0.129139,-0.0359812,0.990974,-0.203479,-0.167892,0.00854003
5389,-0.260329,-0.144045,0.0205487,-0.989358,-0.211282,-0.165227,-0.0177691
5390,-0.270757,-0.132496,0.00617161,-0.991164,-0.18177,-0.176436,0.0136616
5391,-0.329118,-0.127393,0.0432427,-0.990909,-0.217555,-0.160982,0.0303578
5392,-0.284132,-0.287421,-0.147388,0.946396,-0.410319,0.130094,0.525666
5393,-0.261985,0.28206,0.131619,-0.950325,-0.401928,0.13462,0.506712
5394,-0.320232,0.281562,0.209702,-0.936348,-0.423314,0.119119,0.511377
5395,-0.370242,0.242979,0.18582,-0.952067,-0.402913,0.134992,0.558163
5396,-0.387851,0.0717913,-0.157036,0.98498,-0.271133,-0.128623,0.0504101
5397,-0.369849,-0.109454,0.113379,-0.987504,-0.274481,-0.12429,0.0239553
5398,-0.383507,-0.103672,0.104701,-0.989085,-0.252526,-0.141823,0.0512433
5399,-0.419231,-0.0560214,0.18061,-0.981958,-0.286695,-0.119184,0.0766907
5400,-0.640412,0.971125,0.114563,0.209265,-0.356941,0.149753,0.608983
5401,-0.577169,-0.918455,-0.312184,-0.242862,-0.375155,0.145782,0.599655
5402,-0.613405,-0.977437,-0.106233,-0.182568,-0.341323,0.150988,0.635245
5403,-0.529809,-0.970278,-0.111035,-0.215016,-0.352291,0.150559,0.590869
5404,0.25837,0.930487,-0.334725,-0.148837,-0.197879,-0.173411,-0.0875209
5405,0.259815,-0.908745,0.39039,0.147574,-0.208511,-0.16859,-0.0663366
5406,0.250474,-0.932457,0.325463,0.156837,-0.208724,-0.170246,-0.11562
5407,0.172197,-0.949654,0.279496,0.14156,-0.176315,-0.180388,-0.0799078
5408,-0.468715,0.956052,0.119586,0.267702,-0.364329,0.148826,0.516195
5409,-0.398399,-0.896994,-0.338284,-0.284545,-0.378939,0.144927,0.502766
5410,-0.444491,-0.962878,-0.114706,-0.244351,-0.356802,0.150069,0.545454
5411,-0.353428,-0.955179,-0.116874,-0.271981,-0.355129,0.14961,0.499612
5412,-0.198268,-0.187173,-0.0111837,-0.982263,-0.237652,-0.156946,-0.100192
5413,-0.20424,0.157076,-0.0293566,0.98715,-0.228296,-0.159513,-0.0721742
5414,-0.210103,0.187763,-0.011376,0.982148,-0.255883,-0.147229,-0.105862
5415,-0.143523,0.16573,-0.0283209,0.985764,-0.228712,-0.162858,-0.122453
5416,0.554435,-0.708201,-0.474938,-0.522385,-0.370008,0.075441,0.796374
5417,0.541245,0.707421,0.469573,0.528259,-0.359089,0.0666759,0.816311
5418,0.606096,0.763869,0.470552,0.441684,-0.352623,0.091927,0.802967
5419,0.561676,0.632058,0.48516,0.604254,-0.395382,0.0666892,0.767442
5420,0.616263,0.133903,-0.0775515,0.987955,-0.177242,-0.178388,-0.128543
5421,0.600886,-0.140506,0.0818421,-0.986691,-0.199239,-0.172965,-0.136839
5422,0.615455,-0.121551,0.160798,-0.979474,-0.166704,-0.177905,-0.149463
5423,0.61904,-0.123442,0.0915611,-0.988119,-0.165164,-0.182645,-0.0997105
5424,0.339933,-0.0627009,0.69412,-0.717123,-0.311712,0.0919316,0.846139
5425,0.344411,0.108545,-0.778063,0.618737,-0.329897,0.0754343,0.841851
5426,0.38095,0.115746,-0.696302,0.708355,-0.279498,0.0996612,0.866464
5427,0.41788,0.0513562,-0.681277,0.730222,-0.323519,0.0996592,0.827192
5428,0.642758,0.136729,-0.0130921,0.990522,-0.177682,-0.179409,-0.0326872
5429,0.634675,-0.137595,0.0331392,-0.989934,-0.199136,-0.171421,-0.0391364
5430,0.642883,-0.128083,0.0401866,-0.990949,-0.165493,-0.183555,-0.0522743
5431,0.666827,-0.129205,0.0129019,-0.991534,-0.168119,-0.181759,-0.00619839
5432,0.160022,-0.702549,-0.498391,-0.507968,-0.387112,0.0918983,0.755073
5433,0.132124,0.766084,0.475092,0.432901,-0.361707,0.0996352,0.7827
5434,0.180979,0.707277,0.509366,0.490209,-0.393254,0.0995847,0.733948
5435,0.0901403,0.634396,0.49693,0.592117,-0.403402,0.0754383,0.746409
5436,-0.420206,0.117558,-0.0526387,0.99167,-0.222948,-0.158691,0.102635
5437,-0.402731,-0.113401,0.0681264,-0.991211,-0.227709,-0.156384,0.0780596
5438,-0.413335,-0.128089,0.0019839,-0.991761,-0.199511,-0.166806,0.104829
5439,-0.474743,-0.108141,0.0877015,-0.99026,-0.24182,-0.15178,0.125626
5440,-0.00331988,-0.574518,-0.451047,-0.682998,-0.39951,0.0389906,0.777895
5441,0.00519087,0.658377,0.455981,0.59885,-0.374481,0.0484391,0.807992
5442,0.0100907,0.573821,0.462426,0.675937,-0.409492,0.0484757,0.757282
5443,-0.0573235,0.528127,0.415217,0.740727,-0.411182,0.0197049,0.766116
5444,0.694011,0.128197,-0.00515376,0.991735,-0.189004,-0.17208,0.0594201
5445,0.695261,-0.120609,0.0455435,-0.991655,-0.211338,-0.163507,0.0557287
5446,0.696144,-0.129888,-0.00666571,-0.991506,-0.173511,-0.1781,0.0391708
5447,0.734188,-0.132251,-0.0250363,-0.9909,-0.181937,-0.173072,0.0839451
5448,0.463228,0.0203705,0.427099,-0.903975,-0.293276,0.131249,0.811606
5449,0.491657,0.00448322,-0.556969,0.830521,-0.313978,0.120107,0.810521
5450,0.507139,0.0318607,-0.438931,0.897956,-0.262439,0.136042,0.829267
5451,0.572483,-0.0257627,-0.416329,0.908849,-0.301729,0.136001,0.792513
5452,0.272755,-0.967285,0.217855,0.129996,-0.213388,-0.160961,0.150398
5453,0.274703,0.957839,-0.260448,-0.121292,-0.193399,-0.167048,0.128687
5454,0.272645,0.971236,-0.198538,-0.131464,-0.207919,-0.1604,0.174226
5455,0.320797,0.932539,-0.33532,-0.133907,-0.238372,-0.153808,0.149531
5456,0.0950126,0.903672,0.380743,0.195987,-0.272225,0.120128,0.848681
5457,0.142805,-0.869881,-0.411235,-0.272385,-0.303896,0.113755,0.829734
5458,0.10108,-0.902529,-0.38546,-0.191994,-0.259634,0.113762,0.866464
5459,0.139579,-0.941173,-0.318069,-0.114126,-0.25147,0.131274,0.847128
5460,0.652485,-0.975921,-0.211481,-0.0534228,-0.25062,0.146723,0.808979
5461,0.653255,0.975513,0.21538,0.0445563,-0.24115,0.143779,0.826592
5462,0.681239,0.996827,0.0795914,-0.000849205,-0.22916,0.150714,0.805569
5463,0.725083,0.966466,0.234957,0.10363,-0.280362,0.143738,0.79256
5464,0.38443,-0.865852,0.47987,0.141512,-0.266035,-0.137445,0.101175
5465,0.369333,0.848545,-0.509955,-0.141127,-0.248697,-0.145536,0.0765928
5466,0.381689,0.863553,-0.483076,-0.144617,-0.263918,-0.141382,0.125632
5467,0.430495,0.777305,-0.608557,-0.159548,-0.285426,-0.124294,0.102106
5468,0.695498,-0.83208,-0.44397,-0.332465,-0.350017,0.120051,0.767401
5469,0.677069,0.829481,0.441193,0.342505,-0.342684,0.11372,0.787712
5470,0.746851,0.895465,0.373513,0.242139,-0.329763,0.13119,0.771116
5471,0.741694,0.78493,0.475765,0.396904,-0.375181,0.113652,0.741263
5472,-0.373835,0.083437,-0.157413,0.984002,-0.308316,-0.0882136,-0.00518153
5473,-0.386211,-0.190291,0.0809065,-0.978388,-0.312229,-0.0850865,-0.0355288
5474,-0.365235,-0.136922,0.101827,-0.985334,-0.294227,-0.105105,-0.00452337
5475,-0.380407,-0.0619029,0.181338,-0.981471,-0.31911,-0.0749093,0.0248849
5476,-0.00184451,-0.371029,-0.459086,-0.807204,-0.452662,0.0391263,0.66812
5477,0.0181536,0.477607,0.472612,0.740628,-0.436962,0.0485236,0.702966
5478,0.0343448,0.374773,0.489225,0.78753,-0.456326,0.0485841,0.646145
5479,-0.0884591,0.311588,0.392412,0.865405,-0.460791,0.0199238,0.653929
5480,0.505698,0.207611,-0.0274115,0.977827,-0.289558,-0.114386,-0.0606468
5481,0.484589,-0.180908,0.0733156,-0.980764,-0.304176,-0.0995095,-0.0639948
5482,0.514186,-0.197431,0.0262364,-0.979966,-0.281086,-0.126071,-0.0864961
5483,0.571569,-0.141966,0.0883366,-0.985922,-0.283522,-0.116854,-0.0315226
5484,0.628381,-0.552984,-0.528228,-0.644347,-0.429272,0.0754277,0.693059
5485,0.591425,0.547053,0.50693,0.66615,-0.424404,0.0666992,0.714738
5486,0.708343,0.635644,0.53588,0.555688,-0.414412,0.0918531,0.703604
5487,0.637252,0.458583,0.539651,0.70603,-0.445494,0.0667099,0.659312
5488,0.47315,-0.700135,0.693792,0.168713,-0.304272,-0.098098,0.0515361
5489,0.44279,0.674211,-0.71924,-0.167732,-0.290832,-0.109228,0.0234821
5490,0.47026,0.672809,-0.718549,-0.176114,-0.303483,-0.103721,0.0782898
5491,0.502278,0.550483,-0.812813,-0.190534,-0.318462,-0.080671,0.0535971
5492,0.185047,-0.0639068,-0.919586,0.387657,-0.473024,0.0200842,0.594867
5493,0.2816,0.153685,0.842888,-0.515675,-0.466881,0.0392235,0.609895
5494,0.0817859,0.0926866,0.951706,-0.292686,-0.47754,0.0104487,0.557117
5495,0.139026,0.0284781,0.933847,-0.356538,-0.470599,0.0102424,0.616925
5496,0.506459,-0.471788,0.859507,0.196632,-0.331611,-0.0500875,-0.0051589
5497,0.426712,0.436377,-0.881479,-0.180471,-0.324183,-0.0667731,-0.0374041
5498,0.502561,0.398225,-0.89441,-0.203588,-0.330452,-0.0550966,0.0267829
5499,0.425443,0.194155,-0.958434,-0.209067,-0.339688,-0.0268349,-0.00463184
5500,0.210014,0.0793512,-0.907417,0.412671,-0.440023,0.0197974,0.711367
5501,0.254313,0.00235756,0.85563,-0.517582,-0.43007,0.0390491,0.724477
5502,0.160085,-0.0399337,0.924595,-0.378852,-0.455044,0.0100694,0.675665
5503,0.172247,-0.10389,0.917573,-0.383752,-0.431117,0.00993829,0.732392
5504,0.591587,0.306356,0.159717,-0.938422,-0.243098,0.14702,0.00618756
5505,0.557427,-0.258612,-0.21004,0.94287,-0.261031,0.134303,0.00396751
5506,0.573805,-0.321648,-0.166589,0.932089,-0.231747,0.154683,0.0322738
5507,0.652051,-0.276787,-0.19236,0.941481,-0.236599,0.150916,-0.0174191
5508,-0.000992433,-0.732805,-0.449212,-0.511082,-0.317393,0.038936,0.871593
5509,-0.00266621,0.793578,0.446837,0.413003,-0.285048,0.0484151,0.894464
5510,0.000953271,0.73244,0.450875,0.510141,-0.332722,0.0484191,0.854032
5511,-0.035154,0.697157,0.432032,0.572119,-0.331815,0.019621,0.86315
5512,0.292849,0.733882,0.577163,0.358191,-0.257069,0.140239,0.0559569
5513,0.311511,-0.739675,-0.578753,-0.343403,-0.266955,0.130757,0.0295533
5514,0.283028,-0.743437,-0.557511,-0.369436,-0.264864,0.137843,0.0823666
5515,0.301272,-0.797526,-0.475753,-0.37096,-0.239794,0.151448,0.0564574
5516,0.511984,-0.827813,-0.441789,-0.345757,-0.283867,0.075431,0.881923
5517,0.511076,0.826672,0.445525,0.343686,-0.267924,0.0666646,0.898542
5518,0.543893,0.862973,0.42655,0.270802,-0.265231,0.0919303,0.883815
5519,0.524542,0.77341,0.456418,0.439909,-0.316319,0.0666646,0.860284
5520,-0.433594,0.332222,0.149174,-0.93133,-0.203965,0.168221,0.0124997
5521,-0.451545,-0.352896,-0.121005,0.927805,-0.21275,0.164723,0.0347247
5522,-0.442174,-0.357633,-0.107952,0.927602,-0.182945,0.176817,0.0169431
5523,-0.498652,-0.317067,-0.143416,0.937497,-0.216462,0.162077,-0.0135579
5524,0.216344,0.204048,-0.899662,0.385969,-0.374835,0.0196477,0.81705
5525,0.241438,-0.134152,0.858752,-0.494518,-0.361692,0.038952,0.827281
5526,0.182566,-0.165911,0.91153,-0.376281,-0.399296,0.00984911,0.785982
5527,0.192575,-0.222035,0.905698,-0.361125,-0.360286,0.00979987,0.835357
5528,-0.515013,0.189775,0.248989,-0.949732,-0.269626,0.12928,-0.0481963
5529,-0.52027,-0.231131,-0.209926,0.950005,-0.273534,0.124612,-0.0234197
5530,-0.533008,-0.248604,-0.197366,0.948284,-0.250624,0.142866,-0.0444157
5531,-0.53238,-0.149363,-0.255423,0.955222,-0.285052,0.119868,-0.0764792
5532,0.226858,0.308666,-0.892062,0.330078,-0.282937,0.0196151,0.903448
5533,0.237541,-0.255621,0.858789,-0.444004,-0.267506,0.0389353,0.909955
5534,0.202762,-0.275455,0.900182,-0.337337,-0.3149,0.0097799,0.879512
5535,0.214559,-0.325737,0.89488,-0.3051,-0.263989,0.00977924,0.917522
5536,0.306806,0.865022,0.296484,0.404764,-0.204226,0.170119,0.106484
5537,0.307806,-0.850356,-0.349739,-0.393164,-0.212451,0.166503,0.0824418
5538,0.296625,-0.865887,-0.280366,-0.414288,-0.215056,0.166976,0.129701
5539,0.32869,-0.889867,-0.211145,-0.404418,-0.1853,0.175631,0.107968
5540,0.414517,0.929411,-0.361346,0.0749931,-0.0605655,0.0755455,0.747226
5541,0.412891,-0.929162,0.363819,-0.0655271,-0.0681114,0.066793,0.740741
5542,0.410428,-0.94504,0.325931,-0.0258664,-0.0766854,0.0920534,0.752972
5543,0.345085,-0.951052,0.307697,0.0286858,-0.0371425,0.0667458,0.747625
5544,-0.420388,-0.396051,-0.0913802,0.91367,-0.240063,0.15549,0.106397
5545,-0.399969,0.361703,0.140808,-0.921598,-0.230691,0.158173,0.0815726
5546,-0.418369,0.372392,0.130613,-0.918839,-0.256961,0.146369,0.107691
5547,-0.361361,0.392548,0.123115,-0.911454,-0.232653,0.160678,0.130484
5548,0.641817,0.216382,0.721582,0.657646,-0.107994,0.0920793,0.740833
5549,0.615058,-0.261889,-0.793715,-0.549026,-0.0912688,0.0755794,0.737242
5550,0.634898,-0.183933,-0.68308,-0.706803,-0.131655,0.0998056,0.734764
5551,0.573361,-0.21798,-0.709127,-0.67054,-0.100957,0.0998009,0.750078
5552,0.532457,0.404237,0.119917,-0.906759,-0.190279,0.172151,0.152592
5553,0.458659,-0.402957,-0.141696,0.904183,-0.208324,0.168659,0.152713
5554,0.523457,-0.404595,-0.186615,0.895253,-0.18446,0.170319,0.174653
5555,0.603619,-0.385563,-0.162041,0.908341,-0.178085,0.17598,0.131065
5556,-0.311157,0.961652,-0.26885,-0.0542586,-0.0440349,0.0919975,0.760843
5557,-0.235495,-0.94393,0.328906,-0.0285876,-0.0684967,0.0997617,0.761178
5558,-0.313395,-0.961524,0.270415,0.048455,-0.034818,0.0996998,0.767894
5559,-0.330673,-0.954219,0.298821,0.0130917,-0.0288007,0.0754896,0.753036
5560,0.684278,0.375071,0.106489,-0.920859,-0.182673,0.177053,0.0628021
5561,0.611883,-0.357247,-0.14327,0.922956,-0.202558,0.169818,0.0597775
5562,0.674461,-0.373509,-0.144363,0.916324,-0.173639,0.179251,0.0869511
5563,0.73996,-0.361231,-0.133767,0.922832,-0.171845,0.180554,0.0421928
5564,-0.282468,0.930887,-0.365249,-0.00647567,-0.0297923,0.0390205,0.738945
5565,-0.250015,-0.910585,0.396863,-0.115476,-0.0524546,0.0485316,0.737607
5566,-0.312707,-0.939858,0.341304,-0.0133858,-0.0220261,0.0484823,0.742478
5567,-0.250702,-0.911028,0.410257,-0.041426,-0.0148143,0.0196863,0.736755
5568,-0.512371,0.290052,0.130979,-0.948005,-0.217151,0.162471,-0.0844497
5569,-0.544066,-0.280445,-0.161433,0.946198,-0.223996,0.158979,-0.0624316
5570,-0.529727,-0.322553,-0.0929582,0.941976,-0.192555,0.172139,-0.0778115
5571,-0.583766,-0.25416,-0.156361,0.954439,-0.23523,0.155415,-0.112394
5572,0.581377,0.138846,0.468719,0.872367,-0.128782,0.131377,0.774008
5573,0.530864,-0.181287,-0.59872,-0.780172,-0.11069,0.120247,0.766631
5574,0.563583,-0.112069,-0.441494,-0.890238,-0.155365,0.136143,0.768133
5575,0.485457,-0.152924,-0.464265,-0.872395,-0.120126,0.136138,0.786188
5576,-0.75385,0.879633,0.316783,0.354817,-0.18631,0.175145,-0.0297731
5577,0.752034,-0.305772,-0.154012,0.939566,-0.208823,0.165724,-0.0354536
5578,-0.769273,-0.87556,-0.311565,-0.369219,-0.172929,0.180095,-0.00343398
5579,-0.71421,-0.88271,-0.311221,-0.352085,-0.176886,0.178069,-0.0501129
5580,-0.0441244,-0.919895,0.378563,-0.102387,-0.143456,0.120252,0.749949
5581,-0.128341,0.943389,-0.328373,0.0467824,-0.118404,0.113893,0.755789
5582,-0.0597321,0.922205,-0.369289,0.114732,-0.149669,0.113886,0.738169
5583,-0.00502403,0.953656,-0.297403,0.0457423,-0.162326,0.131371,0.754917
5584,0.304436,-0.911561,-0.264203,-0.315044,-0.201444,0.167598,-0.128077
5585,0.334146,0.897237,0.288609,0.334171,-0.183035,0.174243,-0.0989319
5586,0.305374,0.919966,0.231195,0.316561,-0.190992,0.168309,-0.151454
5587,0.315815,0.893844,0.340083,0.292211,-0.229043,0.158439,-0.134901
5588,0.615286,0.979543,-0.199354,-0.0274561,-0.167053,0.146798,0.788554
5589,0.600951,-0.980891,0.194263,0.0106947,-0.174962,0.143846,0.774161
5590,0.603893,-0.996712,0.0688058,0.0427793,-0.187241,0.150752,0.795131
5591,0.520436,-0.983064,0.171741,0.0639566,-0.1388,0.143854,0.794707
5592,0.354471,-0.832858,-0.475856,-0.282682,-0.262593,0.139208,-0.0953483
5593,0.340044,0.809812,0.498061,0.310065,-0.24566,0.147282,-0.0675325
5594,0.356799,0.834399,0.474584,0.280265,-0.259007,0.143849,-0.118192
5595,0.386701,0.760996,0.5884,0.27326,-0.282984,0.12538,-0.100514
5596,0.431824,0.957111,-0.288479,-0.0268184,-0.0759747,0.120205,0.778844
5597,0.418134,-0.959131,0.282135,0.0216449,-0.0850545,0.113863,0.769126
5598,0.430392,-0.971574,0.225519,0.072013,-0.0929545,0.131349,0.78853
5599,0.339558,-0.968463,0.231983,0.0909073,-0.0501999,0.113807,0.777947
5600,-0.499429,0.150417,0.258712,-0.954171,-0.307723,0.0882342,-0.000258963
5601,-0.527658,-0.268376,-0.187454,0.9449,-0.311501,0.0851064,0.0294901
5602,-0.512014,-0.236749,-0.202032,0.950333,-0.293583,0.105156,0.000885665
5603,-0.473314,-0.110082,-0.252193,0.961395,-0.318729,0.0749093,-0.0309137
5604,-0.464951,0.956762,-0.195825,-0.215082,0.0310401,0.03891,0.738609
5605,-0.401799,-0.961632,0.26021,0.0869219,0.00879168,0.0484251,0.743254
5606,-0.502592,-0.968177,0.165479,0.187749,0.039493,0.0483732,0.739967
5607,-0.454635,-0.9576,0.218105,0.188236,0.044928,0.0195778,0.732604
5608,0.369433,0.332686,0.14678,-0.931545,-0.288949,0.114312,0.0570084
5609,0.343558,-0.276585,-0.199466,0.940061,-0.303331,0.0995168,0.0586062
5610,0.358512,-0.338083,-0.156102,0.92808,-0.280719,0.12585,0.0839344
5611,0.460513,-0.259691,-0.207456,0.943145,-0.282979,0.116823,0.0290369
5612,0.253833,0.96866,-0.226266,-0.102475,0.0034838,0.0754297,0.7546
5613,0.261893,-0.964259,0.236042,0.120371,-0.00551218,0.0666859,0.750345
5614,0.252799,-0.969288,0.205285,0.13542,-0.0105878,0.0919356,0.764343
5615,0.172564,-0.964631,0.1569,0.211824,0.0262406,0.066632,0.748868
5616,0.412803,-0.688659,-0.672953,-0.269967,-0.303551,0.098277,-0.0551918
5617,0.362403,0.655564,0.69239,0.301384,-0.290061,0.109399,-0.0259852
5618,0.417582,0.666146,0.695527,0.269244,-0.302451,0.104078,-0.0809093
5619,0.446298,0.551314,0.791115,0.264932,-0.31808,0.0807089,-0.0589757
5620,0.305497,-0.109345,-0.99057,-0.0825556,0.073951,0.0195372,0.724671
5621,0.328062,0.165268,0.963031,0.21274,0.0609708,0.0388654,0.732442
5622,0.238675,0.0312495,0.997293,0.066554,0.0943786,0.00968674,0.715514
5623,0.376411,0.150828,0.98826,0.0243439,0.0663612,0.00971269,0.726191
5624,0.435881,-0.467032,-0.841278,-0.272273,-0.331242,0.0500742,-0.00206708
5625,0.319694,0.423421,0.856111,0.296291,-0.323485,0.0667997,0.030471
5626,0.448908,0.403181,0.87652,0.262979,-0.330265,0.0550559,-0.0337027
5627,0.373332,0.202077,0.943905,0.261169,-0.339485,0.0268156,-0.0029362
5628,0.580165,-0.34891,-0.932755,-0.0907216,0.0151776,0.019631,0.736671
5629,0.54473,0.313737,0.921395,0.229348,0.000619564,0.0389653,0.740799
5630,0.556635,0.316324,0.948636,0.00529297,0.0372377,0.00975861,0.733122
5631,0.661129,0.409689,0.911343,0.0401218,0.00750996,0.00981384,0.736161
5632,-0.210936,0.112314,0.119318,0.986483,-0.0583328,-0.199016,0.0542619
5633,-0.190402,-0.111396,-0.0572747,-0.992124,-0.0697451,-0.200305,0.029132
5634,-0.200799,-0.102998,-0.128926,-0.986291,-0.0317721,-0.199748,0.065277
5635,-0.240381,-0.116023,-0.120609,-0.985897,-0.0737181,-0.195433,0.0687741
5636,-0.22492,0.88334,-0.415827,0.21633,-0.0885729,0.039095,0.723245
5637,-0.205898,-0.838343,0.434546,-0.329166,-0.110113,0.0485801,0.71603
5638,-0.214914,-0.877081,0.426866,-0.220262,-0.0819827,0.0485662,0.728738
5639,-0.225104,-0.859561,0.432723,-0.271855,-0.0735477,0.0197708,0.725007
5640,0.694163,0.0992325,0.0522617,0.993691,-0.0287328,-0.204005,0.0266298
5641,0.696269,-0.106964,-0.0443397,-0.993274,-0.0552277,-0.202728,0.0146478
5642,0.698355,-0.0943841,-0.0365186,-0.994866,-0.0142879,-0.205277,0.013253
5643,0.708051,-0.0977462,-0.117833,-0.988211,-0.0166896,-0.202314,0.0521291
5644,0.518438,0.859517,-0.442349,0.256043,-0.120399,0.075588,0.723281
5645,0.485579,-0.866946,0.421428,-0.266088,-0.126014,0.0668203,0.715013
5646,0.531349,-0.891182,0.411628,-0.190674,-0.137421,0.0920747,0.724663
5647,0.459787,-0.90112,0.401641,-0.163303,-0.097907,0.066819,0.729792
5648,-0.0411618,-0.992535,0.0817196,0.0905333,-0.03629,-0.192391,0.102328
5649,-0.0522635,0.993166,-0.0779541,-0.0868546,-0.0204576,-0.19615,0.0895917
5650,-0.0326155,0.99322,-0.0830173,-0.0813789,-0.0255871,-0.186872,0.125013
5651,0.0245847,0.988598,-0.116993,-0.0947947,-0.0629898,-0.192405,0.0925251
5652,0.680449,-0.403025,-0.893255,-0.199162,-0.0445547,0.0197348,0.732846
5653,0.663847,0.353409,0.878385,0.321779,-0.0596877,0.0390651,0.733054
5654,0.697941,0.434177,0.895682,0.0961461,-0.0223435,0.00986708,0.735209
5655,0.697968,0.418076,0.894941,0.155862,-0.0518244,0.00991167,0.730291
5656,0.07437,-0.978185,0.175655,0.110907,-0.110176,-0.193875,0.0350309
5657,0.041448,0.979641,-0.168557,-0.109055,-0.0955365,-0.197464,0.0188344
5658,0.0808215,0.979675,-0.170945,-0.10495,-0.0997703,-0.193133,0.0598407
5659,0.139641,0.963827,-0.240444,-0.115001,-0.134972,-0.189353,0.0268694
5660,0.648084,-0.312486,-0.905588,-0.286814,-0.101309,0.0197887,0.713415
5661,0.66252,0.259081,0.877378,0.403838,-0.115948,0.039101,0.709709
5662,0.673496,0.374402,0.904855,0.202632,-0.0804481,0.00994361,0.721498
5663,0.627436,0.307696,0.922754,0.232052,-0.107717,0.00995493,0.709035
5664,0.679269,0.0699253,0.200895,0.977114,0.048296,-0.194824,0.103358
5665,0.701792,-0.0830147,-0.197278,-0.976826,0.0216348,-0.197556,0.0896988
5666,0.687969,-0.0620059,-0.170914,-0.983333,0.0633678,-0.196621,0.0917326
5667,0.67528,-0.063386,-0.28093,-0.957633,0.0590169,-0.188629,0.128178
5668,0.194625,-0.959891,0.1053,0.259849,0.0218338,0.131224,0.802581
5669,0.212604,0.955289,-0.114338,-0.27267,0.0354921,0.135989,0.808728
5670,0.194745,0.962045,-0.13381,-0.237833,0.0338164,0.120067,0.787108
5671,0.287725,0.965795,-0.153693,-0.208848,-0.00423779,0.136024,0.810895
5672,-0.0855701,0.996638,0.00235936,-0.0819014,0.0247765,-0.203001,0.0520872
5673,-0.104601,-0.996109,0.0212357,0.0855329,0.0100481,-0.201538,0.0646854
5674,-0.0894818,-0.996249,-0.00758802,0.0861943,0.0124838,-0.205049,0.026154
5675,-0.110666,-0.996561,-0.0373172,0.0739857,0.0514351,-0.200816,0.0654753
5676,0.139593,-0.280454,-0.681249,-0.676199,0.0701304,0.120032,0.780247
5677,0.191175,0.306519,0.535341,0.787055,0.0602647,0.131191,0.79713
5678,0.148474,0.286064,0.690594,0.664265,0.0920428,0.113643,0.766587
5679,0.223709,0.270125,0.687122,0.67446,0.0573406,0.113673,0.776373
5680,-0.174038,0.0366707,0.237727,0.970639,0.100974,-0.186509,0.133468
5681,-0.122369,-0.0464472,-0.172347,-0.983941,0.0899365,-0.192714,0.106532
5682,-0.153417,-0.0162393,-0.232828,-0.972382,0.127931,-0.181216,0.15119
5683,-0.21618,-0.0473707,-0.280235,-0.958762,0.0851257,-0.184223,0.143489
5684,-0.35374,-0.968445,0.186222,0.16564,-0.00307652,0.120106,0.789207
5685,-0.440135,0.964144,-0.125714,-0.233714,0.0216321,0.113711,0.781619
5686,-0.361689,0.97044,-0.179089,-0.16178,-0.0144217,0.113753,0.782156
5687,-0.31692,0.969665,-0.145921,-0.196107,-0.0169638,0.131262,0.803009
5688,-0.242032,0.0850527,0.300037,0.950128,0.0169365,-0.188748,0.125009
5689,-0.211826,-0.0895825,-0.213006,-0.972935,0.00621161,-0.194735,0.101457
5690,-0.228267,-0.0713665,-0.301727,-0.950719,0.0430806,-0.185375,0.138071
5691,-0.248073,-0.0902064,-0.30777,-0.947175,0.000970273,-0.184645,0.135829
5692,-0.242434,-0.961732,0.105274,0.252959,-0.00411201,0.1467,0.834259
5693,-0.338092,0.953845,-0.0735599,-0.29115,0.0235521,0.143729,0.82541
5694,-0.264115,0.967436,-0.098538,-0.23315,-0.0182435,0.143761,0.825891
5695,-0.216852,0.963565,-0.0369629,-0.264909,-0.0183739,0.150679,0.849978
5696,0.153585,-0.984993,0.132506,0.110595,-0.122782,-0.181072,0.116299
5697,0.115677,0.982336,-0.156503,-0.102581,-0.105732,-0.186313,0.0995453
5698,0.162498,0.987839,-0.11401,-0.105715,-0.112946,-0.177253,0.137922
5699,0.207672,0.973607,-0.199138,-0.111501,-0.14915,-0.177882,0.111597
5700,0.226518,-0.197029,-0.889658,-0.411931,0.0674612,0.0753451,0.745093
5701,0.257293,0.233985,0.809452,0.538552,0.0564029,0.0918498,0.758169
5702,0.213006,0.175762,0.903466,0.39097,0.0879973,0.0665628,0.73369
5703,0.292392,0.199042,0.90033,0.387024,0.0576028,0.0665914,0.743281
5704,-0.278817,0.118369,0.289467,0.949841,-0.0687822,-0.18301,0.128956
5705,-0.281155,-0.119685,-0.191334,-0.974201,-0.0792116,-0.187836,0.106916
5706,-0.265713,-0.105751,-0.296744,-0.949084,-0.0418575,-0.18206,0.137251
5707,-0.293512,-0.119448,-0.267582,-0.956103,-0.0854671,-0.177668,0.143209
5708,-0.629589,0.925352,-0.0151334,-0.378807,0.0887566,0.0918171,0.748638
5709,-0.551711,-0.952989,0.0835491,0.291259,0.0676855,0.0995647,0.761173
5710,-0.627205,-0.927911,0.0233291,0.372071,0.100324,0.0995367,0.750177
5711,-0.657586,-0.927019,0.0125885,0.374804,0.0980101,0.0753199,0.734231
5712,-0.652294,-0.98317,0.139305,0.118196,-0.159039,-0.169679,0.153043
5713,-0.697902,0.989682,-0.0823461,-0.117258,-0.13082,-0.17161,0.155101
5714,-0.657806,0.987119,-0.0891901,-0.132817,-0.179435,-0.164034,0.174396
5715,-0.779968,0.978697,-0.166357,-0.120319,-0.167534,-0.172132,0.131162
5716,0.00488878,-0.909273,0.00505424,0.416169,0.0898992,0.0388388,0.722463
5717,-0.000941067,0.921081,0.000391773,-0.389371,0.0984726,0.048314,0.721638
5718,-0.0181024,0.910528,0.0176517,-0.41307,0.101732,0.0195199,0.713045
5719,0.0788514,0.95449,-0.0765152,-0.288262,0.0695655,0.0483339,0.732703
5720,0.740926,-0.132705,-0.0793744,-0.987972,-0.140904,-0.184523,0.0696159
5721,0.727045,0.126552,0.101291,0.986775,-0.115563,-0.188583,0.0762215
5722,0.737736,0.131845,0.0606,0.989416,-0.157442,-0.179063,0.0882381
5723,0.695109,0.128761,0.0337864,0.9911,-0.149906,-0.184551,0.0450736
5724,0.172258,-0.966165,0.140566,0.216255,0.0230849,0.0918884,0.763443
5725,0.179826,0.96699,-0.145056,-0.209498,0.0338737,0.0996026,0.767879
5726,0.169513,0.969476,-0.151942,-0.192432,0.0357557,0.0753818,0.751921
5727,0.260065,0.969688,-0.20819,-0.127911,-0.000501772,0.0996445,0.770132
5728,-0.0116768,-0.98244,0.143876,0.118791,-0.105019,-0.196748,-0.0499877
5729,-0.0876619,0.98771,-0.104683,-0.116066,-0.0916481,-0.197639,-0.0651341
5730,-0.00640182,0.982973,-0.144456,-0.113562,-0.093031,-0.19913,-0.0228813
5731,0.0526915,0.975229,-0.181615,-0.126274,-0.129752,-0.192038,-0.0611126
5732,-0.0922058,-0.978565,0.154072,0.136648,-0.088712,0.146772,0.822216
5733,-0.187341,0.976669,-0.12422,-0.175179,-0.0597276,0.143801,0.820862
5734,-0.111223,0.981763,-0.148446,-0.118763,-0.100154,0.143835,0.810377
5735,-0.0710202,0.987097,-0.0535518,-0.150901,-0.106553,0.150745,0.833747
5736,-0.144886,0.102417,-0.028209,0.994341,-0.0532785,-0.203398,-0.0255586
5737,-0.137167,-0.102189,0.0831733,-0.991282,-0.0656484,-0.201142,-0.0521692
5738,-0.138192,-0.0961011,0.0218959,-0.995131,-0.026771,-0.205121,-0.0128705
5739,-0.152005,-0.106536,0.00811458,-0.994276,-0.0672902,-0.202278,-0.0114171
5740,0.352947,-0.973351,0.186903,0.13287,-0.0554606,0.131305,0.79827
5741,0.368308,0.97014,-0.194296,-0.145181,-0.0438799,0.136064,0.80781
5742,0.354195,0.966429,-0.238925,-0.0945021,-0.0398896,0.120151,0.786419
5743,0.447192,0.968901,-0.232718,-0.0840996,-0.0827506,0.136105,0.799484
5744,0.670225,-0.122279,0.00755898,-0.992467,-0.131354,-0.192022,-0.0166804
5745,0.67309,0.117207,0.0043406,0.993098,-0.10676,-0.19674,-0.00711409
5746,0.669198,0.126538,0.00577965,0.991945,-0.144926,-0.188224,0.00110661
5747,0.643054,0.123706,-0.0298506,0.99187,-0.142358,-0.189703,-0.0435725
5748,0.510579,0.101908,0.105402,0.989194,-0.148217,0.150761,0.817074
5749,0.442081,-0.131836,-0.297737,-0.945501,-0.129032,0.146796,0.807943
5750,0.476263,-0.067373,-0.100725,-0.992631,-0.178173,0.151774,0.810415
5751,0.400458,-0.12165,-0.105781,-0.98692,-0.13718,0.151772,0.831039
5752,0.610043,-0.111747,0.134731,-0.984561,-0.129356,-0.188623,-0.106538
5753,0.616471,0.107123,-0.132142,0.985425,-0.104002,-0.193405,-0.0931795
5754,0.611249,0.118214,-0.0880477,0.989077,-0.141736,-0.188147,-0.0896172
5755,0.55243,0.114938,-0.162741,0.979951,-0.142247,-0.182638,-0.137551
5756,0.36165,0.211435,0.113838,0.97074,-0.0630164,0.150712,0.844772
5757,0.289708,-0.226761,-0.32368,-0.918592,-0.0468173,0.146736,0.831057
5758,0.327568,-0.177877,-0.110466,-0.977833,-0.0937677,0.15175,0.846108
5759,0.255647,-0.235258,-0.114656,-0.965146,-0.0487046,0.151716,0.855324
5760,-0.175621,-0.0773479,0.123395,-0.989339,0.0583341,-0.199016,-0.0542009
5761,-0.147214,0.0686527,-0.0622882,0.995694,0.0697465,-0.200305,-0.0290717
5762,-0.181593,0.0839075,-0.130344,0.987912,0.0317734,-0.199748,-0.065216
5763,-0.19693,0.0730144,-0.125698,0.989378,0.0737194,-0.195433,-0.0687131
5764,-0.388045,-0.927281,0.0564547,0.370084,0.0807762,0.14667,0.824152
5765,-0.48694,0.913775,-0.0232413,-0.405556,0.105183,0.143709,0.808567
5766,-0.412345,0.935962,-0.0488092,-0.348701,0.0649483,0.143712,0.819609
5767,-0.357847,0.92523,-0.0200287,-0.378878,0.0710821,0.150659,0.843029
5768,0.712206,-0.0812872,0.0532754,-0.995266,0.0287342,-0.204005,-0.0265694
5769,0.730379,0.0731526,-0.0477678,0.996176,0.055229,-0.202728,-0.0145874
5770,0.707445,0.0853365,-0.0368552,0.99567,0.0142892,-0.205277,-0.0131919
5771,0.719125,0.0867337,-0.118499,0.989159,0.0166909,-0.202314,-0.0520687
5772,0.0472277,-0.922352,0.0256828,0.385495,0.0976301,0.131174,0.786847
5773,0.0661102,0.916287,-0.0355348,-0.398944,0.112387,0.135959,0.789366
5774,0.0465525,0.924435,-0.0321562,-0.379981,0.105209,0.120011,0.768812
5775,0.140663,0.938814,-0.0756164,-0.336021,0.0745985,0.135966,0.801505
5776,-0.0235883,0.994238,0.0780454,-0.0734794,0.0362914,-0.192391,-0.102266
5777,-0.0414492,-0.994207,-0.0757204,0.0762776,0.0204589,-0.19615,-0.08953
5778,-0.0259241,-0.993883,-0.0809846,0.0750847,0.0255884,-0.186872,-0.124952
5779,0.0587844,-0.992012,-0.110128,0.0615132,0.0629912,-0.192405,-0.0924641
5780,0.216908,0.323283,0.120035,0.938659,0.0265853,0.150662,0.849375
5781,0.140854,-0.320323,-0.338988,-0.884579,0.0386745,0.146677,0.831915
5782,0.184992,-0.292936,-0.118076,-0.948813,-0.00279901,0.151693,0.858588
5783,0.116065,-0.350175,-0.120757,-0.928868,0.0431651,0.151687,0.855945
5784,0.144564,0.984306,0.171612,-0.041112,0.110178,-0.193875,-0.0349705
5785,0.10222,-0.98502,-0.165448,0.0486104,0.0955379,-0.197464,-0.018774
5786,0.141805,-0.985429,-0.16413,0.0446314,0.0997717,-0.193133,-0.0597803
5787,0.229542,-0.97132,-0.236405,0.0254872,0.134973,-0.189353,-0.0268084
5788,0.0755684,0.432166,0.123283,0.893327,0.114302,0.150659,0.830968
5789,-0.00475486,-0.410596,-0.347909,-0.842835,0.12144,0.14667,0.811012
5790,0.0470001,-0.406287,-0.122827,-0.905453,0.088352,0.151687,0.8474
5791,-0.0232486,-0.460634,-0.124284,-0.878846,0.131975,0.151687,0.833034
5792,0.649884,-0.0992037,0.200606,-0.974636,-0.0482947,-0.194824,-0.103295
5793,0.689291,0.0954901,-0.196917,0.975759,-0.0216335,-0.197556,-0.0896371
5794,0.649667,0.100145,-0.171996,0.979994,-0.0633665,-0.196621,-0.0916708
5795,0.635871,0.102633,-0.279973,0.954506,-0.0590156,-0.188629,-0.128117
5796,0.581167,0.785555,-0.296713,0.543015,-0.0218644,-0.131276,0.802612
5797,0.593961,-0.778631,0.301715,-0.550183,-0.0355287,-0.136045,0.808752
5798,0.57596,-0.79495,0.374563,-0.477239,-0.0338557,-0.120129,0.787161
5799,0.683359,-0.791683,0.340399,-0.507314,0.00421583,-0.13606,0.810913
5800,-0.0988268,-0.995474,0.00095703,0.0950321,-0.0247752,-0.203001,-0.0520261
5801,-0.109147,0.995697,0.0218031,-0.0900719,-0.0100468,-0.201538,-0.0646243
5802,-0.0959356,0.995675,-0.00731151,-0.0926165,-0.0124824,-0.205049,-0.026093
5803,-0.140555,0.994044,-0.0340068,-0.103535,-0.0514337,-0.200816,-0.0654143
5804,0.508177,0.602997,0.605746,-0.519101,-0.0701903,-0.120102,0.780319
5805,0.5632,-0.628972,-0.474874,0.615539,-0.0603159,-0.131257,0.797174
5806,0.508785,-0.594333,-0.638712,0.488687,-0.09212,-0.113712,0.766685
5807,0.596412,-0.597048,-0.613604,0.516744,-0.0573945,-0.113743,0.776445
5808,-0.243412,-0.105758,0.239991,-0.964997,-0.100972,-0.186509,-0.133407
5809,-0.180268,0.10407,-0.174946,0.979062,-0.0899352,-0.192714,-0.106471
5810,-0.248183,0.110743,-0.233662,0.965991,-0.12793,-0.181216,-0.151128
5811,-0.275174,0.10619,-0.27866,0.954501,-0.0851244,-0.184223,-0.143427
5812,0.0385302,0.800444,-0.424051,0.423639,0.0030499,-0.120157,0.789254
5813,-0.0564214,-0.798999,0.370378,-0.473731,-0.0216681,-0.113771,0.781679
5814,0.030638,-0.805142,0.419935,-0.41881,0.014395,-0.113806,0.782211
5815,0.0831489,-0.798698,0.335456,-0.499551,0.0169425,-0.131298,0.803037
5816,-0.257216,-0.100173,0.299145,-0.948935,-0.0169352,-0.188748,-0.124947
5817,-0.216968,0.0946932,-0.212768,0.972503,-0.00621027,-0.194735,-0.101396
5818,-0.260497,0.103468,-0.300035,0.9483,-0.0430793,-0.185375,-0.13801
5819,-0.258044,0.100124,-0.30709,0.946399,-0.00096894,-0.184645,-0.135767
5820,0.150255,0.784043,-0.224093,0.578843,0.00409271,-0.146727,0.834262
5821,0.0457701,-0.773088,0.19491,-0.603609,-0.0235827,-0.143772,0.825418
5822,0.135965,-0.792834,0.220026,-0.568334,0.0182269,-0.143784,0.825896
5823,0.175712,-0.788069,0.0785841,-0.610551,0.01836,-0.150695,0.849978
5824,0.220407,0.991503,0.122067,-0.0449683,0.122783,-0.181072,-0.116238
5825,0.174861,-0.988308,-0.145776,0.0446923,0.105734,-0.186313,-0.0994843
5826,0.216252,-0.993511,-0.100004,0.0541764,0.112948,-0.177253,-0.13786
5827,0.295051,-0.981969,-0.187337,0.0253147,0.149152,-0.177882,-0.111536
5828,0.590094,0.523922,0.802979,-0.28413,-0.0675451,-0.0753898,0.745174
5829,0.626205,-0.561093,-0.727577,0.394722,-0.0564714,-0.0919064,0.758249
5830,0.573319,-0.488694,-0.842275,0.227488,-0.0881031,-0.0666001,0.733773
5831,0.65355,-0.521846,-0.814011,0.255075,-0.057676,-0.0666294,0.743359
5832,-0.249968,-0.089743,0.292324,-0.952099,0.0687835,-0.18301,-0.128895
5833,-0.24027,0.0791573,-0.195685,0.977467,0.0792129,-0.187836,-0.106854
5834,-0.254619,0.0947175,-0.297598,0.949981,0.0418588,-0.18206,-0.13719
5835,-0.259883,0.0860448,-0.270204,0.958951,0.0854685,-0.177668,-0.143147
5836,-0.269103,-0.784382,0.300881,-0.542416,-0.0888491,-0.0918757,0.748736
5837,-0.183926,0.803953,-0.365594,0.469042,-0.0677573,-0.0996293,0.76126
5838,-0.270455,0.786568,-0.302783,0.538176,-0.100416,-0.0995987,0.750287
5839,-0.300663,0.806095,-0.323717,0.495396,-0.0981213,-0.0753631,0.734324
5840,-0.568996,0.991782,0.122442,-0.0371034,0.15904,-0.169679,-0.152981
5841,-0.638005,-0.995849,-0.0691274,0.0592109,0.130821,-0.17161,-0.155039
5842,-0.565476,-0.996168,-0.0768296,0.0417993,0.179436,-0.164034,-0.174334
5843,-0.683267,-0.987342,-0.156703,0.0244924,0.167535,-0.172132,-0.1311
5844,0.371069,0.809268,-0.350803,0.471193,-0.0899917,-0.0388675,0.722541
5845,0.361254,-0.821716,0.338907,-0.458177,-0.0985818,-0.0483426,0.721718
5846,0.365202,-0.832725,0.355117,-0.424807,-0.101819,-0.0195479,0.713125
5847,0.437419,-0.839953,0.406639,-0.359338,-0.069644,-0.0483646,0.732782
5848,-0.7407,0.974157,0.224731,-0.0226567,0.140905,-0.184523,-0.0695556
5849,-0.774167,-0.986565,-0.158447,0.0398005,0.115564,-0.188583,-0.0761611
5850,-0.734373,-0.978355,-0.206133,0.0181641,0.157443,-0.179063,-0.0881771
5851,-0.775839,-0.971581,-0.236054,0.0175697,0.149908,-0.184551,-0.0450126
5852,0.54511,0.812617,-0.422848,0.401064,-0.0231275,-0.091943,0.763518
5853,0.555158,-0.811717,0.425158,-0.400446,-0.0339209,-0.0996625,0.767952
5854,0.531868,-0.828132,0.454348,-0.328276,-0.0358089,-0.0754264,0.751999
5855,0.640355,-0.810229,0.481884,-0.333641,0.000470497,-0.0997011,0.7702
5856,0.0574142,0.987779,0.147613,-0.0500214,0.10502,-0.196748,0.0500481
5857,-0.029218,-0.992272,-0.10968,0.0580238,0.0916495,-0.197639,0.0651945
5858,0.0532499,-0.987927,-0.145156,0.054129,0.0930323,-0.19913,0.0229417
5859,0.144119,-0.981764,-0.186817,0.0352083,0.129754,-0.192038,0.0611736
5860,0.335336,0.81624,-0.269102,0.51121,0.0886834,-0.146776,0.822219
5861,0.22881,-0.809909,0.243827,-0.533475,0.059707,-0.143809,0.820867
5862,0.32109,-0.824364,0.264989,-0.500205,0.100108,-0.143841,0.810375
5863,0.361505,-0.830783,0.0946107,-0.548496,0.10653,-0.150746,0.833747
5864,-0.113,-0.070747,-0.0258268,-0.99716,0.0532798,-0.203398,0.025619
5865,-0.0976858,0.0629671,0.0803525,0.994776,0.0656498,-0.201142,0.0522296
5866,-0.122592,0.0805718,0.0213841,0.996519,0.0267723,-0.205121,0.0129315
5867,-0.110508,0.0654027,0.00398877,0.997851,0.0672915,-0.202278,0.0114775
5868,0.765488,0.8074,-0.372728,0.457362,0.0554266,-0.131332,0.798294
5869,0.777892,-0.800257,0.377418,-0.465987,0.0438559,-0.136086,0.807828
5870,0.756529,-0.799379,0.471188,-0.372793,0.0398584,-0.120193,0.786459
5871,-0.699229,-0.571679,-0.344492,0.744653,0.0827027,-0.13612,0.799489
5872,0.760724,0.0344158,-0.0130028,0.999323,0.131355,-0.192022,0.0167414
5873,0.74286,-0.0486946,0.0162003,-0.998682,0.106761,-0.19674,0.00717447
5874,0.770191,-0.028866,0.0303829,-0.999121,0.144927,-0.188224,-0.0010449
5875,0.745636,-0.0242015,-0.00624883,-0.999688,0.14236,-0.189703,0.0436342
5876,-0.607799,0.84904,-0.101127,0.51856,0.148163,-0.150762,0.817066
5877,-0.683139,-0.828709,0.287727,-0.480058,0.128975,-0.146799,0.80793
5878,-0.627822,-0.858899,0.108401,-0.500542,0.178103,-0.151775,0.810391
5879,-0.723933,-0.842046,0.102785,-0.529522,0.137142,-0.151773,0.831039
5880,0.703391,0.0194405,0.123367,0.992171,0.129358,-0.188623,0.106598
5881,0.685344,-0.0389037,-0.124932,-0.991402,0.104003,-0.193405,0.0932399
5882,0.716502,-0.0152038,-0.0684218,-0.997541,0.141737,-0.188147,0.0896782
5883,0.661796,-0.00677866,-0.149423,-0.98875,0.142248,-0.182638,0.137612
5884,0.774549,-0.585457,-0.0862882,0.806099,0.0630078,-0.150717,0.844772
5885,0.699749,0.595433,0.245108,-0.765102,0.0468047,-0.146745,0.83106
5886,0.752045,0.566776,0.0777516,-0.820195,0.0937564,-0.15175,0.846108
5887,0.658061,0.596971,0.0865807,-0.797577,0.0486973,-0.151723,0.855324
5888,0.354546,0.912515,0.0383386,0.407243,-0.0635522,0.199216,0.0552881
5889,0.342554,-0.911393,-0.0728122,-0.405044,-0.0744295,0.200085,0.030111
5890,0.361246,-0.915418,-0.0364214,-0.400852,-0.0791477,0.196228,0.0701164
5891,0.349661,-0.91094,0.0126571,-0.412345,-0.0372157,0.19969,0.066025
5892,-0.0299762,0.74082,-0.173275,0.648969,-0.0808514,-0.146698,0.82416
5893,-0.135661,-0.725326,0.141135,-0.673782,-0.10529,-0.14373,0.808585
5894,-0.0448267,-0.750653,0.168863,-0.638753,-0.0650076,-0.143756,0.819622
5895,-0.00413761,-0.737351,0.0608823,-0.672761,-0.0711426,-0.150676,0.843029
5896,-0.361315,-0.384863,-0.0936818,0.918207,-0.113978,0.194301,0.0366806
5897,-0.337481,0.386747,0.0987529,-0.916883,-0.100387,0.19711,0.0201148
5898,-0.352221,0.371319,0.11874,-0.920882,-0.137908,0.189798,0.028957
5899,-0.263458,0.382921,0.144663,-0.912383,-0.103617,0.194287,0.0615051
5900,0.405273,0.745608,-0.213178,0.631367,-0.0977187,-0.131224,0.786905
5901,0.417338,-0.738726,0.218577,-0.63758,-0.1125,-0.13599,0.789409
5902,0.401937,-0.763319,0.269177,-0.587272,-0.105299,-0.120068,0.768902
5903,0.506852,-0.761051,0.261593,-0.593607,-0.074665,-0.136022,0.801543
5904,-0.49657,0.915335,-0.0506465,0.399497,-0.0458816,0.192888,0.103287
5905,-0.55916,-0.917765,0.00829941,-0.397037,-0.0705557,0.193436,0.093918
5906,-0.497893,-0.91615,0.0979172,-0.388692,-0.0395815,0.18736,0.12587
5907,-0.478964,-0.911081,0.0509982,-0.409061,-0.0281372,0.196155,0.0902219
5908,0.589521,-0.64546,-0.100844,0.757108,-0.0266146,-0.150687,0.849375
5909,0.515221,0.644526,0.285185,-0.709405,-0.0387124,-0.146717,0.83192
5910,0.565913,0.627287,0.094371,-0.773049,0.00278238,-0.151709,0.858588
5911,0.475966,0.6575,0.101006,-0.746653,-0.0432011,-0.151703,0.855945
5912,-0.46365,0.907808,0.016717,0.419053,-0.0318699,0.203492,0.0271269
5913,-0.497825,-0.909175,-0.0707808,-0.410355,-0.0594581,0.20215,0.0153027
5914,-0.467683,-0.90732,0.0153758,-0.42016,-0.0205048,0.201902,0.0526721
5915,-0.460553,-0.904524,-0.0133315,-0.426215,-0.0159669,0.204618,0.0134999
5916,0.409932,-0.703851,-0.112269,0.70142,-0.114414,-0.150664,0.830973
5917,0.334678,0.6885,0.317334,-0.652125,-0.121568,-0.146679,0.811028
5918,0.386567,0.687301,0.107693,-0.718345,-0.0884279,-0.151693,0.8474
5919,0.298037,0.71642,0.113134,-0.688435,-0.132105,-0.151689,0.833058
5920,-0.218007,-0.375982,-0.167713,0.911323,-0.124388,0.184728,0.118785
5921,-0.182919,0.376896,0.193517,-0.905815,-0.109639,0.188882,0.101763
5922,-0.218236,0.374672,0.18039,-0.909439,-0.145364,0.182898,0.114088
5923,-0.110353,0.366491,0.247618,-0.896866,-0.118299,0.180773,0.14107
5924,0.770262,-0.775128,0.623168,-0.104108,0.0605169,-0.0755588,0.747203
5925,0.756967,0.777136,-0.621409,0.0995501,0.0680595,-0.0668044,0.740696
5926,-0.770029,0.580352,0.565654,-0.585855,0.0766275,-0.0920654,0.752932
5927,0.673154,0.80787,-0.565095,0.167376,0.0371039,-0.0667625,0.74764
5928,-0.754003,-0.905075,-0.158051,-0.39479,-0.140268,0.18749,0.0719817
5929,-0.671433,0.914549,0.0890665,0.394547,-0.117809,0.190788,0.0782439
5930,-0.746204,0.899383,0.198492,0.389501,-0.150006,0.186487,0.0475193
5931,0.761798,0.381034,0.119832,-0.916762,-0.153075,0.183755,0.0908042
5932,-0.507451,0.751755,-0.636926,0.17085,0.107926,-0.0920874,0.740755
5933,-0.565047,-0.729595,0.681505,-0.0569408,0.0912076,-0.0755907,0.737171
5934,-0.480098,-0.715522,0.682358,-0.149719,0.13158,-0.0998129,0.734672
5935,-0.582903,-0.752717,0.634869,-0.174237,0.100889,-0.0998076,0.75001
5936,0.393957,0.924681,-0.0205622,0.380188,-0.152753,0.175794,0.155521
5937,0.368174,-0.915686,-0.0689479,-0.395936,-0.158714,0.178743,0.133332
5938,0.382278,-0.921081,0.0402118,-0.38729,-0.166305,0.1712,0.175315
5939,0.435462,-0.931377,0.0580682,-0.359395,-0.133314,0.175995,0.158562
5940,0.0657925,-0.802991,0.532963,-0.266751,0.0439937,-0.0920288,0.760866
5941,0.15873,0.780748,-0.586154,0.216465,0.0684428,-0.0997823,0.761161
5942,0.0714741,0.799813,-0.535714,0.270758,0.0347827,-0.0997431,0.767937
5943,0.0175061,0.804776,-0.568697,0.170058,0.0287654,-0.0755155,0.753074
5944,0.437406,0.924968,-0.0698745,0.373565,-0.0806298,0.18477,0.131253
5945,0.395564,-0.921501,0.0133333,-0.388148,-0.0868553,0.18959,0.108826
5946,0.44985,-0.929952,0.0787988,-0.359137,-0.097324,0.180108,0.146475
5947,0.443952,-0.921611,0.101828,-0.37452,-0.05803,0.183087,0.138929
5948,-0.056241,-0.827935,0.556877,-0.066417,0.0297543,-0.0390325,0.738941
5949,0.0254081,0.785161,-0.619121,-0.014521,0.0524093,-0.0485442,0.737571
5950,-0.0416589,0.819611,-0.568786,0.0687031,0.0219915,-0.0484963,0.742502
5951,-0.127776,0.854865,-0.518269,-0.0245772,0.0147784,-0.0196969,0.736754
5952,-0.366329,0.89485,-0.121633,0.429475,0.0453646,0.193175,0.103205
5953,-0.437321,-0.901222,0.0956708,-0.422666,0.0169205,0.196637,0.0897201
5954,-0.366337,-0.893896,0.153802,-0.421063,0.0526083,0.18674,0.127134
5955,-0.425451,-0.888259,0.136246,-0.438671,0.0646249,0.194508,0.0918716
5956,-0.547911,0.812713,-0.437795,0.384491,0.128707,-0.131381,0.773939
5957,-0.610852,-0.7802,0.55455,-0.289416,0.110618,-0.120253,0.766566
5958,-0.550527,-0.804677,0.468277,-0.364981,0.155285,-0.136143,0.768031
5959,-0.646383,-0.806349,0.441241,-0.393836,0.120056,-0.136143,0.786147
5960,0.417479,0.905306,-0.129011,0.404694,0.0047389,0.188146,0.124524
5961,0.371305,-0.90613,0.0889403,-0.413543,-0.0017948,0.19423,0.101573
5962,0.429742,-0.910447,0.125596,-0.394097,-0.0153034,0.184541,0.135757
5963,0.41522,-0.899193,0.143623,-0.413309,0.030698,0.184117,0.136599
5964,0.409993,0.763023,-0.591168,0.261374,0.143377,-0.120253,0.749845
5965,0.305291,-0.783623,0.553276,-0.282525,0.118331,-0.113897,0.755708
5966,0.40641,-0.763887,0.591996,-0.256938,0.149589,-0.113889,0.738064
5967,0.458906,-0.80985,0.466142,-0.356168,0.162242,-0.131371,0.754795
5968,-0.0874625,0.46847,0.196851,-0.86127,0.104808,0.182683,0.133563
5969,0.0183237,-0.45774,-0.254113,0.851998,0.0815262,0.181316,0.142221
5970,-0.0980527,-0.47794,-0.197836,0.855824,0.139187,0.175664,0.153101
5971,-0.289754,-0.466735,-0.127182,0.875205,0.0951506,0.189439,0.107142
5972,-0.491319,-0.512532,-0.163464,0.842965,0.166975,-0.146799,0.788491
5973,-0.501494,0.50087,0.165743,-0.849505,0.174879,-0.143847,0.774058
5974,-0.493465,0.497152,0.0580149,-0.865722,0.18716,-0.150754,0.795075
5975,-0.600249,0.529083,0.194223,-0.826044,0.13873,-0.143857,0.794671
5976,-0.310167,0.440055,0.0907358,-0.893375,0.0244438,0.201998,0.0523108
5977,-0.279084,-0.430621,-0.106425,0.896236,0.00728902,0.200773,0.0650161
5978,-0.323378,-0.451294,-0.076284,0.889109,0.0533357,0.199195,0.0656809
5979,-0.358554,-0.436416,-0.0289827,0.899278,0.012553,0.204252,0.0263397
5980,-0.723848,-0.575625,-0.453878,0.680184,0.0759201,-0.12023,0.778842
5981,-0.737933,0.570029,0.464152,-0.67796,0.084992,-0.11388,0.769096
5982,-0.712917,0.561961,0.350791,-0.749097,0.0928946,-0.131365,0.788519
5983,0.741501,0.804481,-0.467561,0.366329,0.05016,-0.113847,0.777978
5984,-0.514245,0.906846,0.175701,0.383092,-0.112903,0.193847,-0.0495878
5985,-0.577153,-0.900891,-0.231144,-0.367379,-0.140174,0.187756,-0.0603972
5986,-0.523769,-0.906331,-0.156032,-0.392707,-0.0991674,0.197333,-0.022128
5987,-0.428514,-0.907672,-0.161954,-0.387174,-0.0985785,0.194808,-0.06521
5988,-0.16352,-0.842116,0.468163,-0.267702,-0.0310853,-0.0389347,0.738684
5989,-0.103448,0.838688,-0.519802,0.162506,-0.00882894,-0.0484471,0.743322
5990,-0.167708,0.8453,-0.466491,0.260488,-0.0395456,-0.0484018,0.740045
5991,-0.192317,0.864168,-0.461884,0.199691,-0.0449779,-0.0196011,0.732679
5992,0.340321,0.896567,0.229725,0.378674,-0.138079,0.1899,-0.015048
5993,0.345502,-0.898049,-0.243071,-0.36664,-0.151854,0.185776,-0.0420752
5994,0.339755,-0.896068,-0.230825,-0.379186,-0.149731,0.187143,0.00325345
5995,0.341538,-0.906599,-0.161221,-0.389983,-0.112664,0.195365,-0.00591023
5996,0.609118,-0.822147,0.51296,-0.246874,-0.00351973,-0.0754696,0.754672
5997,0.598078,0.823273,-0.510707,0.247791,0.00547825,-0.0667145,0.750409
5998,0.627305,0.812558,-0.479102,0.33198,0.0105565,-0.0919849,0.764408
5999,0.524092,0.82634,-0.454164,0.333012,-0.0262872,-0.0666693,0.748946
6000,-0.354676,0.411321,0.00603795,-0.91147,-0.0568827,0.202165,-0.0253962
6001,-0.386182,-0.404897,-0.0208054,0.914126,-0.0719186,0.201142,-0.0109113
6002,-0.366481,-0.423208,0.0125219,0.905946,-0.0285192,0.204298,-0.0128093
6003,-0.373807,-0.409887,0.0455419,0.910998,-0.069807,0.199316,-0.0522351
6004,0.655716,0.428821,0.902994,0.0267248,-0.0740169,-0.0195652,0.724753
6005,0.674773,-0.476476,-0.874317,0.0924125,-0.0610353,-0.0388941,0.732521
6006,0.628024,-0.369078,-0.923129,-0.107773,-0.0944531,-0.00971604,0.715598
6007,0.684155,-0.426714,-0.901107,-0.076957,-0.0664197,-0.00973934,0.726273
6008,-0.382959,0.376217,-0.0531644,-0.925005,-0.142468,0.183055,-0.107402
6009,-0.49296,-0.3606,-0.0150984,0.932598,-0.155686,0.182152,-0.0895553
6010,-0.398109,-0.392394,0.0651783,0.917485,-0.112631,0.189618,-0.0938656
6011,-0.479483,-0.360647,0.0491975,0.931404,-0.159365,0.175857,-0.140155
6012,0.750333,0.502548,0.860983,-0.0784406,-0.0152156,-0.0196457,0.736721
6013,-0.775147,0.841225,-0.514674,0.165685,-0.000654167,-0.0389819,0.740849
6014,0.724156,-0.466755,-0.883917,-0.0288194,-0.0372829,-0.00977727,0.733188
6015,0.745838,-0.485258,-0.873701,0.0342167,-0.00754589,-0.00982452,0.736187
6016,0.287638,-0.883792,0.0290714,-0.466976,0.0635535,0.199216,-0.0552271
6017,0.268548,0.879352,-0.066798,0.471463,0.0744308,0.200085,-0.0300499
6018,0.278385,0.879703,-0.0255714,0.474835,0.0791491,0.196228,-0.0700553
6019,0.305253,0.891826,0.0181624,0.452015,0.0372171,0.19969,-0.065964
6020,0.144524,-0.708105,0.702779,0.0684809,0.0885117,-0.0391177,0.723148
6021,0.359809,0.565326,-0.824021,-0.0373735,0.110044,-0.0486055,0.715916
6022,0.126043,0.721174,-0.689025,-0.0717844,0.0819254,-0.0485842,0.728654
6023,-0.218967,0.856961,-0.438313,-0.271108,0.0734898,-0.0197941,0.724919
6024,-0.474024,0.484696,-0.107919,-0.867999,0.11398,0.194301,-0.0366189
6025,-0.435282,-0.473559,0.111295,0.873702,0.100388,0.19711,-0.0200537
6026,-0.489036,-0.490395,0.145476,0.859273,0.137909,0.189798,-0.028896
6027,-0.367716,-0.475796,0.153749,0.866014,0.103618,0.194287,-0.0614433
6028,-0.576392,-0.592122,-0.486907,0.642116,0.12033,-0.0756047,0.723178
6029,-0.539672,0.634013,0.464078,-0.618595,0.125943,-0.0668417,0.714896
6030,-0.555464,0.569782,0.428751,-0.701086,0.137347,-0.092086,0.724561
6031,-0.70363,0.600485,0.583695,-0.546551,0.0978444,-0.066835,0.729704
6032,-0.553109,-0.891209,-0.0615091,-0.449403,0.045883,0.192888,-0.103226
6033,-0.636947,0.884643,0.0238567,0.465657,0.070557,0.193436,-0.0938576
6034,-0.550851,0.893704,0.112608,0.434295,0.0395828,0.18736,-0.125809
6035,-0.517922,0.894413,0.058644,0.443381,0.0281386,0.196155,-0.0901602
6036,0.780831,0.489616,0.844892,-0.215484,0.0445101,-0.0197488,0.732793
6037,-0.663494,0.797004,-0.603548,-0.0226868,0.0596385,-0.0390798,0.732995
6038,0.742158,-0.473395,-0.875272,0.0989723,0.0223049,-0.00987776,0.735182
6039,0.672589,-0.395209,-0.905794,0.152797,0.0517751,-0.00992966,0.730223
6040,-0.497687,-0.893091,0.0147892,-0.449632,0.0318712,0.203492,-0.0270652
6041,-0.555537,0.884299,-0.0663626,0.462182,0.0594595,0.20215,-0.0152416
6042,-0.495163,0.895488,0.0186552,0.444694,0.0205062,0.201902,-0.0526104
6043,-0.477552,0.897166,-0.0125177,0.441517,0.0159682,0.204618,-0.0134375
6044,0.146956,-0.122588,0.990403,-0.0638274,0.10124,-0.0198181,0.713314
6045,-0.103964,0.403572,-0.913095,0.0582015,0.115876,-0.039129,0.709594
6046,0.357826,-0.0860992,-0.99018,0.110135,0.0803855,-0.00997092,0.721406
6047,0.172716,0.0933641,-0.994905,0.03805,0.107643,-0.0099849,0.708941
6048,-0.342678,0.487751,-0.169706,-0.856329,0.12439,0.184728,-0.118723
6049,-0.295023,-0.477445,0.196387,0.856434,0.109641,0.188882,-0.101702
6050,-0.356144,-0.496951,0.19017,0.846685,0.145366,0.182898,-0.114027
6051,-0.235078,-0.479196,0.240316,0.844168,0.1183,0.180773,-0.141009
6052,0.535622,0.817023,0.460859,0.346531,-0.0639874,-0.0754956,0.972955
6053,0.529741,-0.817517,-0.460964,-0.345222,-0.0871481,-0.0667338,0.973397
6054,0.549348,-0.798812,-0.431431,-0.419245,-0.0785874,-0.0919949,0.961166
6055,0.571047,-0.832876,-0.493391,-0.250766,-0.0254387,-0.0667165,0.980603
6056,0.679051,0.494479,-0.167536,-0.85289,0.14027,0.18749,-0.0719194
6057,0.781584,-0.487206,0.13744,0.862404,0.11781,0.190788,-0.0781822
6058,0.675313,-0.505535,0.131858,0.852671,0.150007,0.186487,-0.0474576
6059,0.614647,-0.509762,0.140158,0.848822,0.153076,0.183755,-0.0907425
6060,0.256735,-0.864646,-0.0503583,-0.499851,0.152755,0.175794,-0.15546
6061,0.225578,0.85189,-0.0476962,0.521544,0.158715,0.178743,-0.133271
6062,0.249795,0.861728,0.0631705,0.503423,0.166307,0.1712,-0.175253
6063,0.298421,0.873018,0.0866391,0.47993,0.133315,0.175995,-0.158502
6064,0.2616,0.596462,-0.724899,-0.344609,-0.137224,-0.0920055,0.947095
6065,0.296265,-0.558368,0.795717,0.234649,-0.124323,-0.0755089,0.960776
6066,0.275186,-0.599441,0.734983,0.31697,-0.171195,-0.0997357,0.929221
6067,0.328781,-0.59607,0.715866,0.363642,-0.11465,-0.0997298,0.947927
6068,0.344079,-0.885706,-0.0945582,-0.454515,0.0806311,0.18477,-0.131191
6069,0.30123,0.881253,0.0306452,0.47165,0.0868567,0.18959,-0.108765
6070,0.336872,0.882615,0.105768,0.458043,0.0973254,0.180108,-0.146413
6071,0.37077,0.890788,0.120944,0.438028,0.0580313,0.183087,-0.138867
6072,0.12565,0.816917,0.467654,0.337559,-0.0185523,-0.0919702,0.967345
6073,0.0703875,-0.800016,-0.428762,-0.419687,-0.0560655,-0.0997131,0.95898
6074,0.127323,-0.81592,-0.467286,-0.340469,0.00349045,-0.0996858,0.962276
6075,0.0976211,-0.830241,-0.495779,-0.254763,-0.0025255,-0.0754729,0.97718
6076,-0.341258,-0.905728,-0.117278,-0.407312,-0.0453632,0.193175,-0.103144
6077,-0.435718,0.901916,0.0953812,0.421249,-0.0169192,0.196637,-0.0896584
6078,-0.336346,0.906918,0.14606,0.39518,-0.052607,0.18674,-0.127073
6079,-0.381508,0.907402,0.130202,0.399585,-0.0646236,0.194508,-0.0918099
6080,0.0622848,0.849435,0.499931,0.168904,-0.0327756,-0.0389926,0.989331
6081,0.0353032,-0.834788,-0.477413,-0.274236,-0.0720836,-0.0484823,0.982594
6082,0.0699302,-0.84531,-0.505737,-0.172283,-0.00929145,-0.048465,0.987782
6083,0.0450286,-0.860835,-0.500001,-0.0946709,-0.016488,-0.0196723,0.993575
6084,0.406504,-0.90059,-0.132026,-0.414134,-0.00473756,0.188146,-0.124462
6085,0.355237,0.899205,0.0919905,0.427748,0.00179614,0.19423,-0.101511
6086,0.40043,0.897933,0.133679,0.41934,0.0153047,0.184541,-0.135694
6087,0.427732,0.904596,0.140177,0.402563,-0.0306967,0.184117,-0.136538
6088,0.306248,0.664338,-0.47468,-0.577351,-0.116463,-0.131302,0.913757
6089,0.365464,-0.630418,0.603656,0.488029,-0.104928,-0.120175,0.93129
6090,0.330101,-0.678038,0.486076,0.551357,-0.147521,-0.136071,0.895737
6091,0.403307,-0.656787,0.467997,0.591278,-0.0954926,-0.136066,0.911571
6092,-0.013448,-0.402064,0.209746,0.891264,-0.104807,0.182683,-0.133503
6093,0.0710431,0.41027,-0.261995,-0.87352,-0.0815248,0.181316,-0.14216
6094,0.00290961,0.387073,-0.212356,-0.897262,-0.139185,0.175664,-0.153041
6095,-0.220335,0.404509,-0.137723,-0.904104,-0.0951492,0.189439,-0.107081
6096,-0.0442817,-0.71919,-0.294234,-0.629438,-0.159413,-0.120181,0.913987
6097,0.030299,0.749825,0.34026,0.567438,-0.126832,-0.113819,0.932106
6098,-0.0312826,0.710636,0.301975,0.635459,-0.181202,-0.113822,0.911933
6099,-0.0295142,0.696859,0.235756,0.677353,-0.168567,-0.131306,0.89515
6100,-0.296776,-0.428002,0.0916472,0.899119,-0.0244425,0.201998,-0.052249
6101,-0.28327,0.434395,-0.106164,-0.894444,-0.00728769,0.200773,-0.0649538
6102,-0.285772,0.417517,-0.0803636,-0.905108,-0.0533344,0.199195,-0.0656192
6103,-0.351823,0.430352,-0.029237,-0.902188,-0.0125516,0.204252,-0.026278
6104,0.43797,0.700406,0.146486,0.698551,-0.135835,-0.146726,0.875269
6105,0.446651,-0.687868,-0.15177,-0.709791,-0.155942,-0.143781,0.875872
6106,0.44523,-0.686896,-0.0532557,-0.724802,-0.143664,-0.150686,0.854914
6107,0.524622,-0.723045,-0.175843,-0.668046,-0.106443,-0.143779,0.892948
6108,-0.615642,-0.86292,0.174196,-0.474367,0.112904,0.193847,0.0496488
6109,-0.708382,0.844591,-0.225361,0.485673,0.140175,0.187756,0.0604576
6110,-0.614944,0.866971,-0.151599,0.474742,0.0991687,0.197333,0.0221891
6111,-0.511159,0.871838,-0.163935,0.461545,0.0985798,0.194808,0.0652717
6112,0.572664,0.784091,0.37497,0.494569,-0.0485868,-0.120157,0.941187
6113,0.570851,-0.780705,-0.379334,-0.496595,-0.0702243,-0.113805,0.944923
6114,0.589763,-0.765397,-0.304086,-0.567185,-0.0623204,-0.131291,0.925367
6115,0.633102,-0.80212,-0.415948,-0.428475,-0.0123853,-0.113781,0.950174
6116,0.205487,-0.83872,0.216579,-0.499642,0.138081,0.1899,0.0151083
6117,0.196679,0.834329,-0.231178,0.500452,0.151855,0.185776,0.0421355
6118,0.189919,0.830874,-0.215451,0.513059,0.149733,0.187143,-0.00319307
6119,0.23391,0.859866,-0.154334,0.486633,0.112665,0.195365,0.00597061
6120,0.125344,0.833499,0.551621,-0.0315352,0.0933671,-0.038952,0.981469
6121,0.105218,-0.842142,-0.534249,-0.0733131,0.0536511,-0.0484444,0.984911
6122,0.142373,-0.825443,-0.564046,0.0222975,0.115625,-0.0484244,0.974017
6123,0.0925693,-0.832964,-0.540883,0.11669,0.110187,-0.0196311,0.981469
6124,-0.402992,-0.45466,0.0105898,0.890602,0.056884,0.202165,0.0254579
6125,-0.451748,0.463577,-0.0273014,-0.885636,0.0719199,0.201142,0.010973
6126,-0.390465,0.444803,0.0114861,-0.895555,0.0285205,0.204298,0.012871
6127,-0.429854,0.460089,0.0387893,-0.887025,0.0698084,0.199316,0.0522968
6128,0.628383,0.831111,0.530458,0.166942,0.0589583,-0.0754497,0.973511
6129,0.613809,-0.83574,-0.525258,-0.160135,0.0367,-0.0666926,0.979823
6130,0.655891,-0.824319,-0.503469,-0.258877,0.0417756,-0.0919456,0.965798
6131,0.659093,-0.826368,-0.558494,-0.0721133,0.0981679,-0.0666739,0.971147
6132,-0.506918,-0.485783,-0.0265796,0.873675,0.14247,0.183055,0.107462
6133,-0.638638,0.488088,-0.0495197,-0.871389,0.155687,0.182152,0.0896157
6134,-0.489864,0.474078,0.0487488,-0.879132,0.112633,0.189618,0.0939266
6135,-0.6167,0.482537,0.0203481,-0.875639,0.159366,0.175857,0.140216
6136,0.371531,-0.5053,0.819223,0.271193,0.171129,-0.0196098,0.963207
6137,0.398366,0.498615,-0.776239,-0.385792,0.154486,-0.0389327,0.965441
6138,0.358526,0.478571,-0.82262,-0.307027,0.208358,-0.00976263,0.94848
6139,0.333806,0.49526,-0.836213,-0.235512,0.149088,-0.0097806,0.971783
6140,0.318484,-0.514329,0.847786,0.129319,0.0472725,-0.0196524,0.991583
6141,0.328032,0.524109,-0.814457,-0.248936,0.0305729,-0.0389733,0.989447
6142,0.311787,0.503791,-0.848015,-0.164512,0.0871708,-0.00980256,0.987048
6143,0.291277,0.503328,-0.858444,-0.0986644,0.0236958,-0.00982385,0.994162
