####
#
# OBJ File Generated by Meshlab
#
####
# Object 3holes.obj
#
# Vertices: 3596
# Faces: 7200
#
####
vn -1.2909858 -2.7837181 -5.4548225
v 0.8246080 0.6134360 0.4971580
vn -0.4742322 -2.8119283 -5.5723066
v 0.7946920 0.6258510 0.4955920
vn 0.2162990 -2.2838407 -5.7846451
v 0.7662620 0.6344320 0.4915240
vn -2.1776090 -3.4156392 -4.7788739
v 0.8268610 0.5976400 0.5066410
vn -1.1383597 -3.9613383 -4.7159615
v 0.8030680 0.6097170 0.5052600
vn -0.0492596 -3.8508089 -4.9391580
v 0.7721200 0.6185320 0.5015450
vn 0.5693418 -3.2627313 -5.2832766
v 0.7451060 0.6238220 0.4956220
vn -0.4082088 -4.8485856 -3.9419723
v 0.7760090 0.6058130 0.5138910
vn 0.5899673 -4.5744734 -4.2315311
v 0.7482720 0.6103950 0.5076680
vn 1.2841028 -3.7995362 -4.7969761
v 0.7213930 0.6125390 0.4998750
vn -0.6686700 -5.4587355 -2.9930458
v 0.7752220 0.5964140 0.5286240
vn 0.5566428 -5.3365989 -3.2330048
v 0.7494140 0.6004780 0.5217840
vn 1.5777431 -4.7567267 -3.7614903
v 0.7226040 0.6009510 0.5124950
vn 2.2133849 -3.8063550 -4.4322205
v 0.6960140 0.5983090 0.5018000
vn 2.4925814 -1.4409773 -5.5033679
v 0.6509410 0.5760660 0.4887910
vn 2.2870133 -2.4013619 -5.3035789
v 0.6714980 0.5960900 0.4921970
vn 1.5107229 -2.6710324 -5.4450865
v 0.6951320 0.6126780 0.4919770
vn 0.8888366 -2.3045578 -5.7259254
v 0.7180520 0.6270580 0.4903920
vn 0.3879699 -1.3505647 -6.0529714
v 0.7389830 0.6405000 0.4880480
vn 1.3716208 -1.4804755 -5.9259548
v 0.6696830 0.6131020 0.4855110
vn 0.8702373 -1.1916358 -6.0525551
v 0.6919460 0.6295060 0.4853410
vn 0.4951765 -0.4374556 -6.1956463
v 0.7125530 0.6446880 0.4856100
vn 0.2003363 0.8407738 -6.1535172
v 0.7318140 0.6595120 0.4869510
vn 0.8374236 -0.4469200 -6.1741385
v 0.6471210 0.6178740 0.4800460
vn 0.6956651 -0.2156053 -6.2121906
v 0.6669660 0.6330360 0.4820550
vn 0.3669374 0.5097224 -6.2058239
v 0.6868800 0.6483330 0.4838800
vn 0.1269147 1.5724945 -5.9837985
v 0.7059360 0.6635800 0.4866170
vn 0.2884378 0.7005134 -6.2006516
v 0.6427690 0.6383710 0.4800210
vn 0.2321960 1.3716013 -6.0604534
v 0.6620000 0.6528700 0.4830470
vn -0.0114281 2.3395703 -5.7754278
v 0.6807870 0.6671700 0.4881080
vn -0.1560642 3.4621506 -5.1573668
v 0.6985720 0.6812800 0.4949290
vn -0.2333941 3.9457424 -4.8089986
v 0.6742850 0.6843970 0.4984140
vn -0.3142720 4.8273869 -3.9376681
v 0.6915970 0.6960040 0.5091040
vn -0.1293056 4.4827523 -4.3029804
v 0.7154590 0.6937900 0.5048710
vn 0.0506766 2.9128842 -5.4816113
v 0.7238160 0.6778300 0.4926260
vn -0.0230566 4.1253643 -4.6607914
v 0.7401350 0.6905740 0.5016850
vn 0.0908106 2.2858846 -5.7578144
v 0.7497930 0.6733030 0.4907260
vn 0.2263268 -0.0186743 -6.1699581
v 0.7586330 0.6537830 0.4870260
vn 0.1552218 3.6231308 -5.0007396
v 0.7650150 0.6868100 0.4982550
vn 0.2865964 1.4826767 -5.9959841
v 0.7758350 0.6665820 0.4893300
vn 0.0604246 -0.9312837 -6.1497068
v 0.7857420 0.6450520 0.4890660
vn 0.3243738 4.6426177 -4.1219287
v 0.7784670 0.6975500 0.5090940
vn 0.3963767 2.9527066 -5.4288740
v 0.7901500 0.6793560 0.4951730
vn 0.1187131 0.6139494 -6.1691246
v 0.8021310 0.6562310 0.4887310
vn -0.4672440 -1.4948750 -6.0306029
v 0.8145860 0.6329560 0.4906260
vn 0.5047845 4.1323438 -4.6135321
v 0.8032030 0.6902150 0.5042030
vn -0.6787491 -1.2691617 -6.0682654
v 0.8409770 0.6221320 0.4907860
vn -0.1205588 5.2562490 -3.3751988
v 0.7309810 0.7039470 0.5179190
vn -0.0521285 5.0041909 -3.7308226
v 0.7545150 0.7018280 0.5140350
vn -0.2102738 5.7026544 -2.5865788
v 0.7447670 0.7123780 0.5331770
vn 0.0992837 5.5558472 -2.7955306
v 0.7669100 0.7114560 0.5291130
vn 0.4128116 5.2858486 -3.3142018
v 0.7908880 0.7057720 0.5220530
vn 0.6495079 4.9095225 -3.7937455
v 0.8155280 0.6991700 0.5158350
vn -0.0597407 5.9754438 -1.8997830
v 0.7585880 0.7188200 0.5492760
vn 0.2301880 5.8684578 -2.2051067
v 0.7805170 0.7161870 0.5429640
vn 0.4518431 5.6432848 -2.6337337
v 0.8032880 0.7123980 0.5356350
vn 0.0356935 6.0838366 -1.5292515
v 0.7731120 0.7234170 0.5656850
vn 0.2760972 6.0087528 -1.7704458
v 0.7933860 0.7207750 0.5577130
vn 0.7024218 5.8892002 -2.0067325
v 0.8149550 0.7168560 0.5502340
vn 1.1275884 5.6809158 -2.3756485
v 0.8381350 0.7110070 0.5442500
vn 0.2083156 6.1660266 -1.1449610
v 0.7874820 0.7265230 0.5813160
vn 0.5074791 6.0996728 -1.3589697
v 0.8077650 0.7239510 0.5736580
vn 1.3107229 5.8125100 -1.8179209
v 0.8477930 0.7152750 0.5602560
vn 0.9407900 5.3987565 -2.9825764
v 0.8274000 0.7061710 0.5292280
vn 1.5768042 5.5859184 -2.3727643
v 0.8612900 0.7055970 0.5454720
vn 1.4106848 5.1860456 -3.2006998
v 0.8521400 0.6981230 0.5255580
vn 1.1209660 4.5491867 -4.0779529
v 0.8404380 0.6913220 0.5115220
vn 0.7067785 3.4661729 -5.0550699
v 0.8276140 0.6804630 0.4989780
vn 0.3441922 2.1494329 -5.8015409
v 0.8154040 0.6689050 0.4921020
vn 2.0649333 4.9683847 -3.0489800
v 0.8744980 0.6950570 0.5310430
vn 1.8121911 4.1776905 -4.1908407
v 0.8658420 0.6835090 0.5117670
vn 1.3182795 3.2063468 -5.1459789
v 0.8533270 0.6736520 0.4999700
vn 0.7173460 1.7851253 -5.8926806
v 0.8411910 0.6600700 0.4914840
vn 0.0405654 0.1501301 -6.1998839
v 0.8282380 0.6457400 0.4884170
vn 2.0588856 3.4268253 -4.7760615
v 0.8795280 0.6684120 0.5058130
vn 1.2573003 2.1215839 -5.7074103
v 0.8668590 0.6544210 0.4942810
vn 0.2949654 0.4114548 -6.1941381
v 0.8538810 0.6377230 0.4890260
vn 2.1088114 2.7090888 -5.1517301
v 0.8924520 0.6521920 0.5006880
vn -2.8867986 -4.1354828 3.6703997
v 0.5618710 0.5844280 0.7867090
vn -1.8958904 -3.7171142 4.6237144
v 0.5533550 0.5998290 0.7966910
vn -1.4485005 -4.5822544 3.9842863
v 0.5343680 0.6000240 0.7889880
vn -0.6885576 -5.1149220 3.5387177
v 0.5145640 0.6003880 0.7832040
vn 0.2314282 -5.2710810 3.3679662
v 0.4948740 0.5996900 0.7807960
vn -1.1858354 -1.9396572 5.7977304
v 0.5619560 0.6195140 0.8099640
vn -0.9570521 -2.7395973 5.4848700
v 0.5432630 0.6180330 0.8059100
vn -0.6364527 -3.5403740 5.0270762
v 0.5242620 0.6155950 0.8018170
vn -0.1732862 -4.1334729 4.6540751
v 0.5044170 0.6131020 0.7973740
vn -0.5288671 -0.4177772 6.1572046
v 0.5498550 0.6396330 0.8127360
vn -0.3365090 -1.0317947 6.0850582
v 0.5301550 0.6368200 0.8110410
vn -0.1819697 -1.7304274 5.8742237
v 0.5112080 0.6326020 0.8096450
vn 0.1323623 -2.3518257 5.7043529
v 0.4922570 0.6283890 0.8076060
vn 0.5477245 -2.4779391 5.6564984
v 0.4711410 0.6253780 0.8074510
vn 0.2606800 -0.0172481 6.1286020
v 0.4763560 0.6459950 0.8120230
vn 0.3711978 -0.4047543 6.2046204
v 0.4576180 0.6410630 0.8122530
vn 0.5355714 -4.2058635 4.5767393
v 0.4834760 0.6110630 0.7962080
vn -0.3801914 -5.7797718 2.3975258
v 0.5065560 0.5907400 0.7630510
vn 1.2111675 -3.7680607 4.8333187
v 0.4621490 0.6086350 0.7980470
vn 1.1569035 -5.1223836 3.4013186
v 0.4743120 0.5975210 0.7818030
vn 0.7588847 -5.7391014 2.4075418
v 0.4855060 0.5900520 0.7626720
vn 0.1661469 -6.0525093 1.6165627
v 0.4970080 0.5846070 0.7436850
vn 1.3998009 -2.4842782 5.5284476
v 0.4385000 0.6129670 0.8074260
vn 1.8696465 -4.2962484 4.0877466
v 0.4528680 0.5969520 0.7911920
vn 1.8366575 -5.3959694 2.6172822
v 0.4645080 0.5869060 0.7667800
vn 1.4468338 -5.8575950 1.7061013
v 0.4748800 0.5822090 0.7465670
vn 1.0322081 -6.0480871 1.1753690
v 0.4829880 0.5799650 0.7264980
vn 2.1554928 -2.7914095 5.1466932
v 0.4291980 0.6001730 0.8036720
vn 2.8143482 -4.2509618 3.6081645
v 0.4430950 0.5868310 0.7846050
vn 2.7886431 -5.1523786 2.1971445
v 0.4531750 0.5790480 0.7598600
vn 2.4964557 -5.5634532 1.3798839
v 0.4601680 0.5746250 0.7346060
vn 2.1908548 -5.7456050 1.0643305
v 0.4668590 0.5733140 0.7139390
vn 3.8819041 -3.6710935 3.2179887
v 0.4337870 0.5751190 0.7805860
vn 3.7822454 -4.7879972 1.2511523
v 0.4470900 0.5659100 0.7303830
vn 3.6946034 -4.9017649 0.7825831
v 0.4502080 0.5631080 0.7046750
vn 0.4431520 -6.1675119 0.9374365
v 0.4922370 0.5775370 0.7065400
vn -0.3841749 -6.1496506 1.1410593
v 0.5058930 0.5802340 0.7235570
vn -1.0737686 -5.9577465 1.6286138
v 0.5191410 0.5830510 0.7442440
vn -1.4264922 -5.5462723 2.5403483
v 0.5258170 0.5894140 0.7674230
vn -0.5847512 -6.1940813 0.5422194
v 0.5091240 0.5754080 0.6883360
vn -1.2114501 -6.0648928 0.8615468
v 0.5190010 0.5758670 0.7046000
vn -1.7339349 -5.8982162 1.1872499
v 0.5284650 0.5767990 0.7256560
vn -2.1178846 -5.6438355 1.7398877
v 0.5366470 0.5795460 0.7496130
vn -2.2482028 -5.0283556 2.9551363
v 0.5437870 0.5870050 0.7759200
vn -2.7894163 -5.5095096 0.9519733
v 0.5400520 0.5695940 0.7112860
vn -3.0803900 -5.2423244 1.4199861
v 0.5467680 0.5714590 0.7355980
vn -3.1619918 -4.9544969 2.1685090
v 0.5535140 0.5757420 0.7619290
vn -4.2775249 -4.4069200 1.1021982
v 0.5564760 0.5597820 0.7197320
vn -4.4103680 -4.0995717 1.6450822
v 0.5614920 0.5631370 0.7463330
vn -4.3143010 -3.6183186 2.6802530
v 0.5684030 0.5696790 0.7737310
vn -3.4173069 -2.5434103 4.5340991
v 0.5801350 0.5813410 0.7984460
vn -4.1483207 1.0279695 4.4820037
v 0.5994500 0.4603970 0.8012530
vn -3.4184175 0.4370662 5.0132384
v 0.6073230 0.4840600 0.8049730
vn -1.5835967 0.7703750 5.6916561
v 0.6137550 0.4549070 0.8116590
vn -0.4251766 0.3214290 5.7752666
v 0.6206660 0.4744850 0.8116140
vn 1.4749646 -0.1140670 5.6259313
v 0.6311760 0.4972920 0.8102480
vn 3.1054711 -0.5403703 5.1496367
v 0.6398570 0.5194800 0.8065980
vn 4.1634445 0.1615177 4.3870821
v 0.6462990 0.4914190 0.8006800
vn 4.9796543 -0.4172860 3.6872420
v 0.6518680 0.5125550 0.7933260
vn 5.2236257 -1.2237967 3.2130115
v 0.6582900 0.5321990 0.7876070
vn 4.9755383 -2.2712667 3.0358305
v 0.6662930 0.5520540 0.7842660
vn 5.7600188 -0.1851371 2.4594169
v 0.6588980 0.5021940 0.7782580
vn 5.7934027 -1.0745800 2.1352601
v 0.6638940 0.5228710 0.7715270
vn 5.4975123 -2.1690254 2.0770512
v 0.6708550 0.5438020 0.7668650
vn 4.5070863 -3.6978412 2.1603234
v 0.6819290 0.5636860 0.7655240
vn 5.8402615 -1.7868693 1.3740653
v 0.6715980 0.5324890 0.7501820
vn 3.9925706 -1.1404533 4.5588794
v 0.6491610 0.5401070 0.8022950
vn 4.1123919 -3.4335005 3.1977446
v 0.6784090 0.5706410 0.7837820
vn 4.0048575 -1.8335887 4.4111123
v 0.6585990 0.5607390 0.7993590
vn 1.9248341 -0.8544539 5.7066002
v 0.6369250 0.5496600 0.8116890
vn -2.1015134 -0.6730170 5.5808530
v 0.6127830 0.5398130 0.8109010
vn 2.8681526 -4.0646605 3.7814534
v 0.6921750 0.5876880 0.7882500
vn 3.2931712 -2.6384366 4.6138725
v 0.6706950 0.5808030 0.7986310
vn 2.5820932 -1.3075027 5.5104446
v 0.6473010 0.5705270 0.8101140
vn -0.1304008 -0.7609384 6.0609474
v 0.6242510 0.5622250 0.8150350
vn -3.3715224 -1.0037260 5.0417004
v 0.6022580 0.5531800 0.8066130
vn 2.1784658 -3.0290415 5.0199676
v 0.6846660 0.5995600 0.8022900
vn 2.3115187 -1.8691174 5.5102248
v 0.6613460 0.5932130 0.8094500
vn 1.1661977 -0.9912535 6.0232863
v 0.6380670 0.5846870 0.8160370
vn -1.4333217 -0.8789529 5.9198360
v 0.6130220 0.5759710 0.8151040
vn -3.7088647 -1.5798390 4.7187371
v 0.5923050 0.5677300 0.8026100
vn -0.0239665 -0.6911435 6.1737361
v 0.6262400 0.5983780 0.8190040
vn -2.0950096 -1.2258489 5.7072353
v 0.6014700 0.5892490 0.8134990
vn 0.3278350 -0.5661262 5.8677659
v 0.6261010 0.5284250 0.8122430
vn -4.9542961 -2.2887077 3.0297942
v 0.5789430 0.5594080 0.7826010
vn -5.0495872 -1.5555012 3.3235676
v 0.5877030 0.5462100 0.7882200
vn -4.9356813 -0.8835664 3.6838350
v 0.5950230 0.5308280 0.7937940
vn -4.0393372 -0.4042227 4.5554304
v 0.6034090 0.5174810 0.8021910
vn -1.7542440 -0.1600824 5.5902381
v 0.6157450 0.5064270 0.8098790
vn -5.8291597 -0.9505802 2.0997586
v 0.5850660 0.5228760 0.7706240
vn -5.6672993 -0.3140300 2.6553349
v 0.5910140 0.5083660 0.7810050
vn -5.0585704 0.1943293 3.6301954
v 0.5976310 0.4949690 0.7932210
vn -6.0577197 -0.0443630 1.6215875
v 0.5843480 0.5007180 0.7598600
vn -5.8585196 0.6201451 2.1513247
v 0.5871650 0.4847830 0.7728230
vn -5.3172321 0.9844388 3.1337783
v 0.5917620 0.4709460 0.7879610
vn -6.0164623 1.0229474 1.4383255
v 0.5806730 0.4785600 0.7521110
vn -5.7184477 1.5972970 2.0176842
v 0.5814360 0.4633540 0.7671140
vn -5.1393676 1.9226449 3.0049715
v 0.5844130 0.4500360 0.7842560
vn 3.9767427 -4.6976628 -0.7549761
v 0.4478920 0.5611330 0.5950680
vn 5.1045327 -3.5335021 -0.4058465
v 0.4387950 0.5479600 0.6140050
vn 0.9690408 -6.0743823 -1.1000897
v 0.4838950 0.5797110 0.5739370
vn 2.1704257 -5.7869081 -0.7739713
v 0.4679740 0.5725110 0.5953670
vn 3.4687185 -5.1409740 -0.4602365
v 0.4543530 0.5633520 0.6146830
vn 4.5958281 -4.1381359 -0.1565881
v 0.4436560 0.5533800 0.6340630
vn -0.4875705 -6.1755853 -0.9582846
v 0.5071300 0.5785690 0.5827770
vn 0.5583932 -6.1888838 -0.7364749
v 0.4902120 0.5766940 0.5984230
vn 1.7339456 -5.9901385 -0.4383985
v 0.4739200 0.5717780 0.6174750
vn 2.8635881 -5.5296555 -0.1646521
v 0.4608010 0.5660090 0.6350300
vn -1.0232805 -6.1139002 -0.6258782
v 0.5154260 0.5757420 0.6027910
vn 0.0989376 -6.2358923 -0.4171485
v 0.4981300 0.5753480 0.6186910
vn 1.1642948 -6.1306219 -0.1469195
v 0.4820700 0.5730990 0.6370750
vn 2.4137838 -5.7452908 0.1146719
v 0.4659810 0.5681980 0.6580560
vn -0.4956966 -6.2254415 -0.1495688
v 0.5066260 0.5743260 0.6368100
vn 2.0691280 -5.8585496 0.3312418
v 0.4696080 0.5706010 0.6780740
vn 3.8088696 -4.9040098 0.3989967
v 0.4511570 0.5606440 0.6793260
vn 4.1223111 -4.6454673 0.0496165
v 0.4484450 0.5574330 0.6552290
vn 5.1137881 -3.4739642 0.5556126
v 0.4369670 0.5479500 0.6981280
vn 5.2287164 -3.3261204 0.3195035
v 0.4373300 0.5454270 0.6752970
vn 5.4991007 -2.9176598 0.0241175
v 0.4357620 0.5410150 0.6515640
vn 5.7813845 -2.3164113 -0.1609110
v 0.4323330 0.5343330 0.6318540
vn 6.0000134 -1.6985053 -0.3909630
v 0.4290490 0.5264010 0.6134160
vn 5.9482741 -1.8406463 0.4905017
v 0.4290040 0.5291380 0.6926190
vn 6.0321560 -1.6086736 0.2467172
v 0.4292550 0.5248450 0.6686160
vn 6.1299591 -1.2443006 0.0059156
v 0.4285890 0.5196200 0.6487220
vn 6.2102356 -0.6927148 -0.1969058
v 0.4267840 0.5109490 0.6303140
vn 6.2463584 -0.1230017 -0.3508056
v 0.4255310 0.5019740 0.6122690
vn 6.2509570 -0.2258165 0.2035076
v 0.4262720 0.5032360 0.6674340
vn 6.2566147 0.2230428 -0.0122429
v 0.4267290 0.4955570 0.6471560
vn 6.1903563 0.8147740 -0.1880069
v 0.4269000 0.4864180 0.6291220
vn 6.2223520 0.6329284 0.3718800
v 0.4260620 0.4887170 0.6873630
vn 6.1430550 1.1450450 0.1945434
v 0.4278250 0.4811630 0.6666120
vn 6.0751681 1.4166311 -0.3991293
v 0.4279800 0.4767350 0.6107290
vn 6.2191596 0.4056705 -0.5798929
v 0.4244570 0.4924360 0.5946490
vn 6.1315179 -1.0587482 -0.5479959
v 0.4256700 0.5181590 0.5959700
vn 5.4859004 -2.8321755 -0.6564681
v 0.4331660 0.5421160 0.5965240
vn 6.1264939 0.9423927 -0.8125044
v 0.4235080 0.4823690 0.5775020
vn 6.1935196 -0.5142587 -0.7835824
v 0.4230010 0.5090490 0.5785690
vn 5.8246269 -2.0995553 -0.7975410
v 0.4282830 0.5349070 0.5795460
vn 4.5197906 -4.0925436 -1.0218434
v 0.4406370 0.5578570 0.5772030
vn 2.6018314 -5.5694695 -1.0915500
v 0.4615090 0.5726760 0.5751640
vn 6.1679440 0.0265671 -1.0733215
v 0.4199390 0.4992470 0.5617460
vn 5.9840450 -1.4330946 -1.1190712
v 0.4230670 0.5263010 0.5625390
vn 5.1303744 -3.2604332 -1.2458068
v 0.4331010 0.5528010 0.5609980
vn 3.2259309 -5.0757823 -1.4992782
v 0.4510690 0.5719430 0.5575630
vn 1.4793525 -5.8668518 -1.6407264
v 0.4757630 0.5820340 0.5539080
vn 6.0575714 -0.7725053 -1.3793322
v 0.4178320 0.5163340 0.5458610
vn 2.2076414 -5.4081144 -2.2060101
v 0.4614710 0.5833360 0.5376140
vn 5.8439445 2.0417995 -0.6621086
v 0.4289590 0.4666540 0.5931980
vn 4.5601192 4.0778074 -0.7448108
v 0.4414290 0.4434860 0.5906600
vn 5.5166488 2.7254598 -0.9189693
v 0.4309350 0.4564140 0.5757320
vn 5.9707842 1.4824589 -1.1248797
v 0.4230110 0.4721000 0.5608240
vn 6.0946121 0.5301117 -1.3635722
v 0.4173260 0.4887020 0.5451680
vn 5.9584227 -0.2073354 -1.9464186
v 0.4131320 0.5054740 0.5295120
vn 3.9041224 4.6704721 -1.1545811
v 0.4465750 0.4350670 0.5722070
vn 5.0705504 3.2848587 -1.3960731
v 0.4326930 0.4464340 0.5585050
vn 5.7390904 1.9274712 -1.5500102
v 0.4223400 0.4613820 0.5442500
vn 5.8590193 0.9154193 -2.0362906
v 0.4144660 0.4777020 0.5289240
vn 4.5368977 3.7757471 -1.8383011
v 0.4342780 0.4360470 0.5410790
vn 5.3396716 2.3467443 -2.2430682
v 0.4212040 0.4500650 0.5274380
vn 5.3847971 1.1872169 -2.9824290
v 0.4096140 0.4671650 0.5134270
vn 2.6454744 5.1949081 -2.2283702
v 0.4549260 0.4181850 0.5352260
vn 3.9437158 4.0362997 -2.6230073
v 0.4359310 0.4255050 0.5239720
vn 4.5391126 1.2499815 -4.1187792
v 0.4033750 0.4567510 0.5003490
vn 4.6828480 0.3734542 -4.1039510
v 0.3984000 0.4851220 0.4998800
vn 5.5612497 0.1614061 -2.8926649
v 0.4067360 0.4951240 0.5140100
vn 2.3734858 -0.0934395 -5.5387421
v 0.3861170 0.5061920 0.4895640
vn 4.6844950 -0.3354562 -4.1039290
v 0.3983370 0.5132680 0.4998750
vn 5.4941478 -0.7834830 -2.9150341
v 0.4082460 0.5226610 0.5138210
vn 5.7462635 -1.4161415 -2.0632555
v 0.4164710 0.5323390 0.5293070
vn 5.6087036 -2.2759521 -1.5660357
v 0.4244700 0.5428050 0.5452930
vn 2.4617286 -0.5509374 -5.5686803
v 0.3878780 0.5353110 0.4889910
vn 4.3908329 -1.0350106 -4.2951312
v 0.4019500 0.5414330 0.4990130
vn 5.0744648 -1.8144600 -3.1922305
v 0.4137860 0.5489670 0.5124700
vn 4.9654527 -2.9149671 -2.4123054
v 0.4252600 0.5576430 0.5272930
vn 4.2489634 -4.1441650 -1.7714225
v 0.4381570 0.5667170 0.5427300
vn 2.4189866 -0.9206375 -5.6366696
v 0.3919310 0.5626290 0.4876940
vn 3.7828164 -1.7044269 -4.6517196
v 0.4084120 0.5670070 0.4971580
vn 4.0073609 -2.9829075 -3.7547112
v 0.4244630 0.5726410 0.5106750
vn 3.3591881 -4.4093332 -2.8819149
v 0.4428510 0.5789880 0.5242720
vn 2.7890706 -2.1975279 -5.1294656
v 0.4168400 0.5892990 0.4939970
vn 2.7289994 -3.5906916 -4.3174276
v 0.4367350 0.5904360 0.5052100
vn 1.9930555 -4.8678718 -3.3845792
v 0.4595040 0.5921510 0.5182240
vn 0.6408966 -5.6574898 -2.5812967
v 0.4869910 0.5913580 0.5325380
vn 6.2307873 -0.5441480 0.4045878
v 0.4258650 0.5096330 0.6888090
vn 5.4246736 -2.8949194 1.0191772
v 0.4317880 0.5449190 0.7224150
vn 5.9357328 -1.8391504 0.7390563
v 0.4273850 0.5316860 0.7165020
vn 6.1864915 -0.7573722 0.6695102
v 0.4241750 0.5137860 0.7128370
vn 6.2297015 0.2650040 0.6539496
v 0.4238550 0.4951430 0.7092570
vn 6.0578847 1.4452951 0.6501805
v 0.4267870 0.4744300 0.7071230
vn 6.0151882 -1.1676372 1.3622681
v 0.4211610 0.5240670 0.7452610
vn 6.1462579 -0.5695921 1.1341597
v 0.4200840 0.5099620 0.7399410
vn 6.1830406 0.2179965 1.0454079
v 0.4205920 0.4948540 0.7343610
vn 6.0724459 1.1902584 0.9950144
v 0.4230610 0.4777420 0.7302780
vn 5.6775742 2.4395752 0.9541527
v 0.4292360 0.4591520 0.7258900
vn 5.8515859 -0.3229219 2.1749275
v 0.4129980 0.5063620 0.7698820
vn 6.0007453 0.1760529 1.8100731
v 0.4147380 0.4930940 0.7628610
vn 5.9819741 1.0172102 1.5877693
v 0.4178670 0.4785900 0.7558460
vn 5.7522478 2.0019598 1.4926945
v 0.4239650 0.4611850 0.7493390
vn 5.5975895 1.4781551 2.3888783
v 0.4148750 0.4649460 0.7750670
vn 5.0045381 3.4227004 1.4681871
v 0.4334320 0.4440730 0.7435310
vn 4.5552421 4.1085634 1.0060650
v 0.4405790 0.4421260 0.7202660
vn 5.3492632 3.0644801 0.7040702
v 0.4342500 0.4543960 0.7036380
vn 5.8811669 2.0540125 0.4262165
v 0.4304170 0.4679810 0.6852290
vn 2.8887339 5.4575167 0.9374954
v 0.4585770 0.4300330 0.7133450
vn 3.8879640 4.8036714 0.6876757
v 0.4490760 0.4383150 0.6976100
vn 4.8494253 3.8687248 0.4509492
v 0.4409900 0.4487470 0.6813450
vn 5.5364866 2.8316088 0.1939435
v 0.4346790 0.4599500 0.6643680
vn 5.9831486 1.7869029 -0.0068768
v 0.4301880 0.4726660 0.6464880
vn 3.0871987 5.3865900 0.3735474
v 0.4587490 0.4339450 0.6760250
vn 4.1013336 4.6409817 0.1496435
v 0.4486150 0.4416770 0.6606880
vn 5.0264764 3.6453009 -0.0422633
v 0.4401260 0.4514700 0.6443390
vn 5.6840100 2.5284619 -0.2350968
v 0.4331260 0.4629880 0.6273770
vn 2.0731270 5.8686123 0.0805801
v 0.4700980 0.4295760 0.6555080
vn 3.1637373 5.3356004 -0.1137349
v 0.4580770 0.4349570 0.6404550
vn 5.2171421 3.3134589 -0.5173756
v 0.4370590 0.4529120 0.6087790
vn -6.0497618 1.5022135 0.0527598
v 0.5703270 0.4770490 0.6526360
vn -2.5830665 5.6332111 0.1508655
v 0.5347270 0.4318460 0.6584550
vn -0.5608663 6.2136717 0.1711385
v 0.5079770 0.4251760 0.6644780
vn -3.7193382 4.9155498 -0.2083192
v 0.5473770 0.4390590 0.6404350
vn -1.5268413 6.0475621 -0.0810478
v 0.5216190 0.4277090 0.6449030
vn 0.2365862 6.2525496 0.0063039
v 0.4956970 0.4253300 0.6504220
vn -2.4261787 5.7074986 -0.3818552
v 0.5334260 0.4306730 0.6255820
vn -0.5439389 6.2171373 -0.2485484
v 0.5080520 0.4250560 0.6304630
vn 1.1374367 6.1306243 -0.1680802
v 0.4821200 0.4263190 0.6354640
vn -3.2011137 5.2630992 -0.6095534
v 0.5430040 0.4336420 0.6061520
vn -1.2654995 6.0949183 -0.5456190
v 0.5192760 0.4255570 0.6105440
vn 0.3613536 6.2341866 -0.4467571
v 0.4941760 0.4243340 0.6154310
vn 2.1526937 5.8284750 -0.3753065
v 0.4686310 0.4292830 0.6204410
vn 4.2507238 4.4735050 -0.3260133
v 0.4467920 0.4425100 0.6248690
vn 3.4809277 4.9771390 1.3500566
v 0.4488930 0.4306140 0.7360910
vn 2.0619771 5.8532982 0.5648839
v 0.4692820 0.4279290 0.6912030
vn 1.1415052 6.1303773 0.2708575
v 0.4816210 0.4261980 0.6701420
vn 2.4192719 5.5238767 1.7014806
v 0.4604220 0.4213900 0.7488910
vn 1.8779156 5.8436422 1.1803427
v 0.4699040 0.4225830 0.7274810
vn 1.1836787 6.0880556 0.7932748
v 0.4803500 0.4234910 0.7060810
vn 0.3422129 6.2349892 0.4711649
v 0.4932240 0.4243090 0.6842320
vn 0.9930075 5.9873257 1.5371726
v 0.4835060 0.4165490 0.7405590
vn 0.3819921 6.1637063 1.0733173
v 0.4928950 0.4201080 0.7196630
vn -0.3941916 6.1935849 0.7326776
v 0.5058180 0.4227840 0.6978790
vn -1.4421101 6.0551310 0.3969879
v 0.5212450 0.4267670 0.6776010
vn -1.1135253 6.0783691 0.9588297
v 0.5173460 0.4222990 0.7127070
vn -2.2820940 5.7524638 0.6474419
v 0.5329070 0.4290210 0.6919310
vn -3.6051626 4.9986253 0.4482719
v 0.5468730 0.4380140 0.6725150
vn -4.8424454 3.8161902 0.1361947
v 0.5582960 0.4500070 0.6547150
vn -2.9920118 5.3834872 0.8407850
v 0.5415980 0.4309820 0.7082800
vn -4.3269315 4.3751278 0.5251942
v 0.5542320 0.4425830 0.6889840
vn 0.3974857 -0.1682449 6.1951389
v 0.7010800 0.3510910 0.8141870
vn 0.2106906 -0.9534973 6.1351328
v 0.7189600 0.3392450 0.8120130
vn 0.1501138 -1.7607092 5.8752909
v 0.7358420 0.3307360 0.8102230
vn 0.1777722 -2.5687163 5.6279373
v 0.7524750 0.3233610 0.8065140
vn -0.0469269 -3.0191290 5.4261408
v 0.7133100 0.3209320 0.8057360
vn 0.0230588 -3.9319887 4.8159633
v 0.7306470 0.3111430 0.7989700
vn -0.0223403 -4.4172006 4.3787441
v 0.7469460 0.3047510 0.7931410
vn -0.2075630 -4.5429621 4.2254491
v 0.7072180 0.3051820 0.7932160
vn -0.1196558 -5.1801291 3.4953370
v 0.7246890 0.2969700 0.7826410
vn -0.1365143 -5.4803724 2.9854853
v 0.7418900 0.2909610 0.7738650
vn 0.0317067 -5.7414656 2.4869144
v 0.7587830 0.2860420 0.7636590
vn -0.3357875 -5.5083313 2.9029500
v 0.7020820 0.2930360 0.7751070
vn -0.2740704 -5.8014131 2.3648691
v 0.7192440 0.2871200 0.7628510
vn -0.2281612 -5.9472022 1.9692330
v 0.7365000 0.2818080 0.7509050
vn -0.1101367 -6.0488324 1.6631587
v 0.7541760 0.2778410 0.7388440
vn 0.1642498 -4.8859391 3.8124747
v 0.7643670 0.2985590 0.7862710
vn 0.1891234 -3.1569405 5.2901254
v 0.7691640 0.3168170 0.8028340
vn 0.1552663 -5.8088117 2.3360436
v 0.7772560 0.2840120 0.7579050
vn 0.3032431 -5.2137108 3.4186709
v 0.7808410 0.2947260 0.7790160
vn 0.3907092 -3.7539732 4.8835216
v 0.7861310 0.3121250 0.7986110
vn 0.2037502 -1.3285277 6.0048313
v 0.7899700 0.3345760 0.8091010
vn -0.0521297 1.3553810 6.0255680
v 0.7919150 0.3595140 0.8087620
vn 0.4319296 -5.2874265 3.2624257
v 0.7992840 0.2931860 0.7750570
vn 0.5485332 -4.1300659 4.5884209
v 0.8037210 0.3089860 0.7941030
vn 0.3728772 -1.9102758 5.7999449
v 0.8079350 0.3315980 0.8077000
vn -0.1759818 0.7691202 6.1539803
v 0.8096550 0.3567570 0.8093510
vn 0.7663708 -4.3612633 4.3478546
v 0.8226380 0.3072090 0.7896010
vn 0.6815423 -2.5752060 5.5754728
v 0.8255800 0.3285700 0.8045040
vn 0.0456399 -0.0606595 6.1379871
v 0.8270810 0.3538830 0.8103130
vn -1.0642327 2.1433756 5.7653475
v 0.8263330 0.3799200 0.8044100
vn -0.7470595 1.1040800 6.0830736
v 0.8428620 0.3772530 0.8080040
vn -2.1421714 2.4205215 5.3342113
v 0.8404630 0.4014760 0.7994290
vn -2.1957147 3.4437051 4.7409949
v 0.8235260 0.4003510 0.7918700
vn -0.8550976 2.8737760 5.4603405
v 0.8091910 0.3799950 0.8016020
vn 0.2201891 -0.6432648 6.1293545
v 0.7727530 0.3401110 0.8104820
vn -2.8205600 4.2059202 3.6704819
v 0.8165950 0.4131010 0.7753660
vn -1.6085912 4.2755475 4.2740650
v 0.8061150 0.3986290 0.7865050
vn -0.6400495 3.5479662 5.0870523
v 0.7926230 0.3812020 0.7984360
vn 0.0334797 2.0883145 5.8117499
v 0.7748380 0.3637780 0.8074710
vn 0.2468727 0.1154380 6.1283784
v 0.7558810 0.3462340 0.8116340
vn -0.9746079 4.8265524 3.8693910
v 0.7867340 0.3967400 0.7820370
vn -0.1735881 4.1134129 4.6939588
v 0.7745040 0.3837000 0.7947420
vn 0.3009865 2.7166164 5.5733767
v 0.7576860 0.3693670 0.8052870
vn 0.3496932 0.8719194 6.1227121
v 0.7390230 0.3539240 0.8113450
vn -0.0627851 5.2319450 3.4478390
v 0.7653140 0.3971140 0.7782580
vn 0.5448868 4.4620399 4.3291788
v 0.7538770 0.3874280 0.7920190
vn 0.7439488 3.0866106 5.3308816
v 0.7404390 0.3758950 0.8035320
vn 0.6410561 1.3159425 6.0204225
v 0.7224250 0.3618340 0.8113200
vn 0.8852967 5.4041376 3.0508208
v 0.7443680 0.4004880 0.7752960
vn 1.2228699 4.5865736 4.0491362
v 0.7330800 0.3927950 0.7906780
vn 0.8247778 1.6798223 5.9513173
v 0.7059260 0.3696690 0.8111360
vn -2.7295282 -1.4283848 -5.4432907
v 0.8634390 0.5732890 0.4982800
vn -3.3548987 -0.3716708 -5.2575026
v 0.8772100 0.5183780 0.4991120
vn -1.1999663 -0.6235016 -6.0770650
v 0.8792740 0.5825930 0.4907660
vn -1.7165973 -0.6022633 -5.9568906
v 0.8829790 0.5617310 0.4919570
vn -1.9321511 -0.3540552 -5.9260616
v 0.8884230 0.5364270 0.4925360
vn -1.8561018 -0.0854104 -5.9481535
v 0.8933650 0.5094380 0.4916680
vn -1.3556064 0.0894307 -6.0881224
v 0.8984300 0.4820400 0.4904720
vn 0.2871971 0.1243422 -6.1765137
v 0.9045330 0.5671010 0.4887460
vn -0.0339814 -0.0317344 -6.1812282
v 0.9059790 0.5476960 0.4886470
vn -0.1938575 0.0034243 -6.2094421
v 0.9079590 0.5264850 0.4889210
vn -0.0916527 0.0187186 -6.2175021
v 0.9108700 0.5021440 0.4887260
vn 0.4242809 -0.0678055 -6.2179184
v 0.9154180 0.4747560 0.4890950
vn 2.0152459 0.2781658 -5.8103290
v 0.9299320 0.5320400 0.4918630
vn 1.8186661 0.1271137 -5.8963985
v 0.9289850 0.5133020 0.4910600
vn 1.8741944 -0.0429669 -5.8902645
v 0.9297470 0.4916230 0.4911200
vn 2.1432552 -0.2232925 -5.8425927
v 0.9316120 0.4673870 0.4926700
vn 3.5917172 -0.1844893 -5.0834427
v 0.9483000 0.4788690 0.5010920
vn 1.5462406 -0.3776011 -5.9930630
v 0.9231310 0.4479720 0.4909150
vn -0.3708031 0.0302213 -6.2100353
v 0.9035460 0.4539490 0.4890760
vn -2.1353476 0.4048525 -5.8500519
v 0.8870620 0.4614120 0.4930040
vn -3.5561852 0.6596992 -5.1086521
v 0.8718950 0.4684190 0.5019040
vn 3.0708575 -0.9232155 -5.2777138
v 0.9367830 0.4267450 0.4987280
vn 1.1213675 -0.4426675 -6.0744720
v 0.9139120 0.4284490 0.4902670
vn -0.8515669 0.2128785 -6.1519756
v 0.8919190 0.4331780 0.4899380
vn -2.5053449 0.8431950 -5.6600800
v 0.8755250 0.4407550 0.4957070
vn -3.7310662 1.3964678 -4.8288174
v 0.8608460 0.4467830 0.5061720
vn 2.9533038 -1.0983716 -5.3281145
v 0.9305050 0.4091990 0.4987430
vn 1.0536460 -0.4566723 -6.0738926
v 0.9073550 0.4109460 0.4902870
vn -0.8583357 0.4056144 -6.1297593
v 0.8834370 0.4154280 0.4901380
vn -2.4452949 1.3895282 -5.5623617
v 0.8625360 0.4214450 0.4974170
vn -3.3930087 2.3538065 -4.6980872
v 0.8465360 0.4263350 0.5090940
vn 1.0933560 -0.6271379 -6.0454493
v 0.9000860 0.3935040 0.4905260
vn -3.0037277 0.1378314 -5.4824967
v 0.8822910 0.4896540 0.4969680
vn -4.4569879 2.5378199 -3.5938621
v 0.8393110 0.4395650 0.5249550
vn -4.6241837 1.5461372 -3.9383833
v 0.8504800 0.4555030 0.5198040
vn -4.5570798 0.7292103 -4.2437501
v 0.8598240 0.4756080 0.5138310
vn -4.1546640 0.0431449 -4.6996512
v 0.8688580 0.4982850 0.5072840
vn -5.2907257 0.4106387 -3.3461199
v 0.8512680 0.4893100 0.5278810
vn -4.9081717 -0.2908307 -3.8955531
v 0.8573610 0.5092790 0.5192760
vn -4.3377590 -0.8205466 -4.4566965
v 0.8634540 0.5288190 0.5094930
vn -3.2255909 -0.9233986 -5.2794318
v 0.8710620 0.5465390 0.4997260
vn -5.3857965 -0.9367089 -3.0722921
v 0.8465110 0.5213000 0.5337350
vn -4.7835765 -1.4906583 -3.7663727
v 0.8501460 0.5402370 0.5220130
vn -3.9495466 -1.7259922 -4.5473065
v 0.8545390 0.5579820 0.5093930
vn -5.3799605 -2.0745263 -2.3901334
v 0.8347640 0.5394440 0.5491170
vn 0.9649405 -3.0306046 5.2970071
v 0.8437240 0.3262560 0.8007000
vn 0.1143067 -6.0446391 1.6724554
v 0.7786370 0.2772100 0.7369090
vn 0.3973164 -5.8413692 2.2288723
v 0.7981870 0.2834140 0.7539560
vn 0.7115894 -5.3966908 3.0466626
v 0.8194970 0.2926470 0.7702800
vn 1.2037718 -4.5606503 4.0183740
v 0.8419590 0.3063800 0.7845450
vn 1.5187546 -3.5127847 4.8605580
v 0.8624460 0.3254480 0.7956440
vn 0.4362994 -6.0383029 1.6430459
v 0.8024250 0.2773810 0.7337530
vn 0.6886560 -5.8717160 2.0817075
v 0.8211430 0.2839890 0.7494940
vn 1.2496539 -5.3951893 2.8213716
v 0.8421140 0.2932090 0.7647760
vn 1.7267063 -4.7693210 3.6346676
v 0.8612800 0.3075260 0.7777100
vn 2.1554627 -3.8987565 4.3295455
v 0.8811090 0.3245050 0.7872730
vn 1.2290547 -5.8047423 1.9273866
v 0.8443620 0.2850260 0.7433710
vn 1.7906713 -5.4531627 2.5093496
v 0.8635680 0.2958080 0.7559810
vn 2.2106874 -4.8664894 3.1331556
v 0.8810240 0.3080050 0.7681310
vn 2.9306831 -4.0843248 3.6149321
v 0.9005490 0.3248350 0.7755810
vn 1.3522519 -5.9592834 1.3137429
v 0.8517860 0.2807800 0.7214130
vn 2.4145982 -5.3339381 2.1223080
v 0.8866980 0.2994540 0.7455100
vn 3.1092384 -4.8001690 2.5158217
v 0.9028630 0.3124810 0.7538720
vn 3.6573024 -3.4041247 3.7070508
v 0.9204190 0.3430220 0.7758250
vn 2.7838213 -3.1093326 4.6195173
v 0.9021600 0.3437090 0.7903440
vn 1.8328193 -2.5114813 5.3323374
v 0.8828440 0.3456470 0.8009540
vn 0.9180121 -1.7084008 5.8747663
v 0.8633140 0.3483550 0.8065140
vn 0.4396577 -0.9406960 6.1179223
v 0.8450000 0.3511880 0.8089020
vn 3.3602285 -2.6242504 4.5073767
v 0.9208080 0.3615060 0.7892270
vn 2.1592455 -1.9400795 5.4767184
v 0.9009680 0.3653610 0.8019860
vn 0.8946981 -0.9976559 6.0703936
v 0.8808150 0.3695050 0.8081390
vn -0.1518724 0.1320525 6.2136445
v 0.8609260 0.3757630 0.8096600
vn 1.2856869 -0.8546847 6.0119600
v 0.8993080 0.3882490 0.8078050
vn -0.2682456 0.1433787 6.2187095
v 0.8786010 0.3941090 0.8096150
vn -1.4404249 1.3234818 5.9449682
v 0.8581640 0.3992280 0.8055110
vn 0.2827809 -0.0701508 6.1913562
v 0.8965810 0.4122310 0.8099190
vn -1.5044142 0.8572773 5.9799261
v 0.8750710 0.4169810 0.8071370
vn -2.7901645 1.9252717 5.2489195
v 0.8546330 0.4201010 0.7980220
vn -3.4766741 3.0067065 4.2469831
v 0.8365640 0.4214520 0.7846700
vn 6.1660738 0.4386943 -1.1003041
v 0.9936730 0.5255080 0.5918620
vn 6.2005448 -0.2852205 -0.9508475
v 0.9952130 0.4843940 0.5981040
vn 6.1352820 -0.5801945 -1.1449670
v 0.9927050 0.4633920 0.5897430
vn 6.0439577 -0.9648098 -1.3625758
v 0.9878990 0.4428420 0.5793020
vn 5.8704967 -1.3616738 -1.7449766
v 0.9805250 0.4225710 0.5667170
vn 6.2056680 -0.6026249 -0.6711475
v 0.9957770 0.4625110 0.6117610
vn 6.1340737 -0.9976858 -0.8764359
v 0.9916140 0.4416400 0.6014950
vn 5.9980960 -1.3599212 -1.2024858
v 0.9855060 0.4211590 0.5874240
vn 6.2432022 -0.5995994 -0.2358899
v 0.9972780 0.4614990 0.6359180
vn 6.1745496 -1.0107676 -0.4514737
v 0.9941560 0.4414310 0.6247540
vn 6.0937963 -1.3308104 -0.6794218
v 0.9889260 0.4206750 0.6114820
vn 5.9192834 -1.8085752 -0.9849066
v 0.9820400 0.4009440 0.5976260
vn 5.7225332 -2.1935403 -1.3128632
v 0.9730710 0.3826080 0.5840490
vn 6.1826696 -1.0087761 0.0083956
v 0.9953680 0.4420190 0.6503270
vn 6.1426711 -1.2859761 -0.2256435
v 0.9908610 0.4217160 0.6376830
vn 5.9778795 -1.7871695 -0.4812353
v 0.9856100 0.4017000 0.6235980
vn 5.8526921 -2.1564479 -0.7166905
v 0.9775030 0.3831740 0.6102150
vn 5.8096352 -1.7874918 -1.5344583
v 0.9769750 0.4009140 0.5741910
vn 5.8744173 -0.9137092 -1.9407694
v 0.9830680 0.4455530 0.5591190
vn 5.2892914 -2.8078315 -1.7799788
v 0.9609800 0.3647310 0.5682280
vn 5.4646821 -2.2714281 -2.0224857
v 0.9656710 0.3820560 0.5587600
vn 5.6080885 -1.7498202 -2.1434326
v 0.9711060 0.4019690 0.5538730
vn 5.6618299 -1.3083307 -2.3558335
v 0.9740780 0.4239260 0.5473870
vn 5.0468907 -2.1405628 -2.9822876
v 0.9568260 0.3866570 0.5352760
vn 5.1688170 -1.6949253 -3.0372684
v 0.9622360 0.4042020 0.5329620
vn 5.2412634 -1.2166181 -3.1671090
v 0.9660100 0.4253770 0.5297410
vn 4.2696981 -1.7868276 -4.1508598
v 0.9444910 0.3938160 0.5145340
vn 4.3804712 -1.4335461 -4.1681199
v 0.9505990 0.4110410 0.5141350
vn 4.4691730 -1.0234950 -4.2141504
v 0.9550010 0.4326730 0.5126440
vn 4.5097785 -0.6097349 -4.2510796
v 0.9582370 0.4564910 0.5113130
vn 2.8279264 -1.4386690 -5.2558174
v 0.9240380 0.3916880 0.4988280
vn 3.2752929 -0.6804119 -5.2382960
v 0.9415490 0.4442500 0.4992870
vn 3.4631968 -0.3951071 -5.1358428
v 0.9461060 0.4618530 0.5001440
vn 5.1947107 -0.7801805 -3.4010715
v 0.9679350 0.4517620 0.5250690
vn 5.6200209 -0.8660657 -2.6250396
v 0.9761720 0.4481880 0.5410740
vn 4.7327614 -0.2931197 -4.0667019
v 0.9635030 0.4774080 0.5154210
vn 5.4348669 -0.4253751 -3.0407004
v 0.9746410 0.4741220 0.5316510
vn 5.8358383 -0.5163149 -2.2453442
v 0.9821800 0.4704420 0.5497350
vn 6.0311670 -0.5396690 -1.6498550
v 0.9879790 0.4664810 0.5687170
vn 3.6558537 0.0211927 -4.9944577
v 0.9499610 0.4970980 0.5015110
vn 4.9159617 0.0643377 -3.8157942
v 0.9673820 0.4979660 0.5190860
vn 5.5993514 0.0242358 -2.7697749
v 0.9790190 0.4964450 0.5383620
vn 5.9235520 -0.1250256 -1.9810445
v 0.9863480 0.4922220 0.5563220
vn 6.1111665 -0.2498348 -1.4073027
v 0.9913290 0.4872610 0.5765900
vn 3.7708800 0.2414369 -4.9271264
v 0.9504690 0.5156360 0.5027070
vn 4.9946737 0.3087634 -3.7267656
v 0.9674510 0.5167330 0.5205820
vn 5.6597881 0.3388794 -2.6602969
v 0.9795670 0.5166330 0.5416980
vn 5.9793983 0.2748224 -1.8619602
v 0.9877050 0.5119610 0.5625290
vn 6.1244869 0.1274284 -1.2774388
v 0.9935980 0.5069050 0.5840640
vn 3.8685782 0.4720849 -4.8162775
v 0.9507380 0.5343730 0.5040040
vn 5.6935086 0.5415665 -2.5335672
v 0.9795820 0.5346620 0.5444450
vn 6.0142245 0.4768228 -1.7258315
v 0.9878940 0.5304490 0.5677740
vn 0.0431226 -2.0887983 5.8598247
v 0.6955400 0.3326350 0.8108070
vn -0.1899969 -3.7847996 4.9483037
v 0.6898560 0.3156330 0.8013030
vn 0.2514900 -0.9966564 6.1505132
v 0.6782990 0.3464830 0.8145710
vn -0.0844900 -2.7167187 5.5951800
v 0.6721360 0.3286070 0.8091510
vn -0.2796692 -4.1984277 4.5675993
v 0.6671950 0.3122540 0.7979280
vn 0.1609296 -1.5735631 6.0237060
v 0.6579810 0.3449910 0.8150700
vn -0.1870626 -3.2120321 5.3492303
v 0.6514140 0.3262340 0.8069270
vn -0.3443976 -4.5841732 4.2231812
v 0.6459300 0.3100040 0.7933660
vn 0.4330516 -0.5386010 6.2020798
v 0.6463840 0.3630660 0.8186050
vn 0.0106485 -2.0600622 5.8789635
v 0.6378570 0.3424280 0.8146010
vn -0.1366141 -3.5788960 5.0945220
v 0.6313710 0.3233780 0.8047440
vn -0.2650777 -4.8851614 3.8463602
v 0.6263500 0.3077710 0.7898110
vn -0.3570154 -5.6710992 2.6486254
v 0.6234830 0.2969280 0.7704650
vn -0.4158210 -5.5358000 2.8868022
v 0.6414130 0.2979210 0.7752270
vn -0.3847764 -5.3109498 3.2092884
v 0.6628320 0.2990510 0.7812850
vn -0.3254155 -5.0484381 3.6710305
v 0.6846910 0.3014540 0.7860410
vn -0.3142089 -6.0001321 1.7945726
v 0.6167120 0.2892110 0.7491400
vn -0.3454860 -5.9510112 1.9435678
v 0.6384260 0.2893480 0.7536070
vn -0.4392216 -5.8784485 2.1584694
v 0.6578760 0.2906310 0.7604030
vn -0.4367487 -5.7451739 2.4769206
v 0.6791760 0.2915340 0.7670500
vn -0.3722796 -6.1217618 1.3599160
v 0.6274720 0.2846100 0.7321230
vn -0.4538988 -6.0715017 1.5451545
v 0.6502630 0.2845710 0.7382650
vn -0.4858682 -6.0049496 1.7495090
v 0.6730440 0.2845210 0.7460190
vn -0.4219762 -5.9415774 1.9714363
v 0.6960490 0.2853420 0.7541960
vn -0.4228353 -6.1726937 1.0649390
v 0.6389050 0.2804730 0.7160930
vn -0.4840311 -6.1418433 1.2094047
v 0.6627480 0.2801090 0.7237160
vn -0.4767835 -6.1038609 1.4020226
v 0.6860420 0.2801060 0.7317890
vn -0.3976430 -6.0382180 1.6686488
v 0.7121040 0.2804400 0.7413670
vn -0.3139562 -6.1201138 1.3608528
v 0.7278200 0.2764470 0.7290460
vn 0.3709967 -6.2123203 0.8410134
v 0.2760560 0.2723500 0.7039070
vn 0.2438891 -6.1681652 1.1041840
v 0.2587410 0.2732700 0.7172000
vn 0.1858285 -6.2249775 0.8140121
v 0.2418920 0.2705550 0.7007510
vn -0.0234842 -6.2419443 0.5221803
v 0.2249590 0.2678670 0.6828960
vn -0.2361260 -6.2725463 0.2353714
v 0.2071180 0.2677180 0.6642480
vn 0.1546533 -5.9844804 1.8344787
v 0.2508340 0.2795020 0.7452510
vn 0.0713617 -6.1065602 1.4494796
v 0.2376720 0.2756980 0.7305920
vn -0.0074792 -6.1645699 1.0937705
v 0.2256680 0.2718600 0.7142180
vn -0.2708715 -6.2323227 0.7257072
v 0.2083820 0.2698400 0.6937500
vn -0.0844147 -5.8095727 2.3318510
v 0.2270060 0.2841500 0.7588080
vn -0.1609911 -6.0095968 1.7633138
v 0.2163070 0.2785380 0.7418400
vn -0.3277785 -6.1309466 1.3060679
v 0.2053920 0.2747330 0.7237860
vn -0.3947977 -6.1872706 0.9400544
v 0.1917410 0.2718100 0.7043910
vn -0.7384849 -6.1995330 0.5945486
v 0.1756450 0.2710300 0.6859570
vn -0.3997226 -5.5291753 2.8291628
v 0.2044180 0.2884480 0.7674930
vn -0.6039265 -6.0252090 1.6062410
v 0.1840520 0.2782010 0.7331000
vn -0.7678751 -6.1155353 1.1463623
v 0.1727880 0.2752990 0.7144720
vn -0.3931834 -6.2462234 0.4173875
v 0.1916230 0.2687100 0.6748980
vn -1.1746507 -6.1427145 0.4498186
v 0.1532610 0.2734450 0.6740610
vn -0.8121201 -6.2245989 0.1824501
v 0.1703700 0.2703370 0.6594820
vn -0.5001901 -6.2408209 -0.0216427
v 0.1867820 0.2679170 0.6470970
vn -0.2180094 -6.2737579 -0.2095849
v 0.2039310 0.2677360 0.6366960
vn -0.0765292 -6.2648878 -0.3673240
v 0.2215210 0.2675560 0.6260510
vn -0.9063317 -6.2111635 -0.2349807
v 0.1648960 0.2712750 0.6358380
vn -0.6155342 -6.2169962 -0.4714448
v 0.1815700 0.2695030 0.6210750
vn -0.2899135 -6.2391577 -0.6283321
v 0.2000100 0.2695400 0.6095970
vn -0.1106393 -6.2232504 -0.8258472
v 0.2188080 0.2703430 0.5980840
vn -1.0244645 -6.1571941 -0.6525133
v 0.1599780 0.2736430 0.6102000
vn -0.6868191 -6.1704850 -0.9141052
v 0.1784940 0.2728390 0.5962000
vn -0.3799153 -6.1525526 -1.1177462
v 0.1973690 0.2729880 0.5836550
vn -1.5645126 -6.0088558 -0.8800349
v 0.1387540 0.2791540 0.6010360
vn -0.4705030 -5.9916091 -1.7449579
v 0.1947470 0.2789350 0.5586200
vn -0.1503031 -6.1177874 -1.4001137
v 0.2163280 0.2751790 0.5711550
vn -0.0362050 -6.2709622 0.0635113
v 0.2240110 0.2667230 0.6548500
vn 0.0895423 -6.1742597 -1.0788518
v 0.2366810 0.2721320 0.5840490
vn 0.1459377 -6.2474051 -0.5648685
v 0.2387560 0.2686220 0.6123490
vn 0.1976923 -6.2747083 -0.1075594
v 0.2408350 0.2672160 0.6425190
vn 0.2203788 -6.2685747 0.3278642
v 0.2416570 0.2678670 0.6713680
vn 0.2020936 -6.1170592 -1.4015592
v 0.2549060 0.2760940 0.5687170
vn 0.2509992 -6.2216935 -0.8184656
v 0.2564780 0.2711670 0.5969720
vn 0.2689979 -6.2658010 -0.3256806
v 0.2577750 0.2683980 0.6278260
vn 0.2570692 -6.2727246 0.1428704
v 0.2582950 0.2679490 0.6594770
vn 0.2602969 -6.2438583 0.5836218
v 0.2591640 0.2695450 0.6882560
vn 0.3473854 -6.2376823 -0.5969815
v 0.2749770 0.2704020 0.6095420
vn 0.3470447 -6.2664590 -0.0990550
v 0.2747680 0.2685660 0.6435470
vn 0.3670998 -6.2587695 0.3547255
v 0.2757160 0.2693770 0.6734230
vn 0.4787838 -6.2444167 -0.4429146
v 0.2919800 0.2707890 0.6196990
vn 0.4404250 -6.2372684 0.5420353
v 0.2917950 0.2712130 0.6859820
vn 0.3000666 -5.5285697 -2.8841155
v 0.3878870 0.2995130 0.5228060
vn 0.4764947 -6.2547617 -0.3331411
v 0.3586710 0.2758050 0.6257760
vn 0.2896659 -6.0857964 -1.5274491
v 0.3994110 0.2877740 0.5594630
vn 0.3114298 -6.1814899 -1.0545751
v 0.3905480 0.2822880 0.5825730
vn 0.3369675 -6.2423539 -0.6047645
v 0.3811950 0.2784320 0.6084950
vn 0.1757061 -6.0547113 -1.6462275
v 0.4274060 0.2896680 0.5554090
vn 0.2315149 -6.1649942 -1.1762236
v 0.4179190 0.2849990 0.5749540
vn 0.2895318 -6.2240639 -0.8054729
v 0.4068510 0.2814260 0.5953020
vn 0.3166271 -6.2569628 -0.4457486
v 0.3964400 0.2784560 0.6179090
vn 0.1915853 -6.2156978 -0.8910379
v 0.4351270 0.2830680 0.5907250
vn 0.2324966 -6.2502165 -0.5793403
v 0.4228990 0.2802960 0.6101950
vn 0.2845960 -6.2703171 -0.2759491
v 0.4112410 0.2787490 0.6270780
vn 0.1055351 -6.2147961 -0.9089056
v 0.4633550 0.2838210 0.5900020
vn 0.1924201 -6.2715054 -0.3232562
v 0.4391300 0.2798440 0.6257910
vn 0.2955387 -6.2729521 0.0599032
v 0.4020260 0.2775880 0.6525760
vn 0.3109910 -6.2724395 -0.0420665
v 0.3872700 0.2768600 0.6455360
vn 0.3705077 -6.2679062 -0.1895769
v 0.3737270 0.2763880 0.6354040
vn 0.2658592 -6.2667108 0.3541614
v 0.4093820 0.2788110 0.6752320
vn 0.3271537 -6.2643051 0.3441373
v 0.3885730 0.2777780 0.6741900
vn 0.4221539 -6.2636113 0.2245107
v 0.3712870 0.2763440 0.6660930
vn 0.4904927 -6.2613029 0.0821242
v 0.3556080 0.2748980 0.6552640
vn 0.4867832 -6.2597523 -0.0307803
v 0.3393860 0.2734730 0.6463490
vn 0.3918671 -6.2374625 0.6265521
v 0.3771210 0.2784260 0.6921700
vn 0.4254792 -6.2394471 0.5425406
v 0.3565140 0.2762370 0.6854640
vn 0.4596054 -6.2491593 0.4184864
v 0.3397910 0.2745090 0.6772670
vn 0.3863809 -6.2037210 0.9121127
v 0.3696550 0.2800410 0.7084390
vn 0.4542953 -6.2102928 0.8334918
v 0.3473860 0.2779140 0.7038070
vn 0.5345951 -6.2182198 0.7093186
v 0.3270330 0.2754940 0.6981980
vn 0.5192497 -6.2270479 0.6238590
v 0.3085610 0.2732400 0.6923590
vn 0.5090547 -6.1440167 1.1851525
v 0.3380340 0.2800050 0.7228290
vn 0.5001112 -6.1527243 1.1188612
v 0.3154520 0.2772270 0.7188750
vn 0.4922290 -6.2544894 0.2912780
v 0.3234710 0.2728130 0.6690450
vn 0.5209430 -6.2562022 0.1696184
v 0.3070310 0.2711690 0.6612070
vn 0.4681246 -6.2601433 -0.1791718
v 0.3234750 0.2725000 0.6373690
vn 0.4754258 -6.2399845 -0.4942587
v 0.3429410 0.2749690 0.6165070
vn 0.4024187 -6.2186379 -0.7903106
v 0.3656880 0.2788390 0.5975860
vn 0.4745510 -6.2599688 0.0473599
v 0.2907160 0.2696320 0.6526960
vn 0.5144929 -6.2517986 -0.2971625
v 0.3081700 0.2715730 0.6295260
vn 0.4815563 -6.2250209 -0.6798034
v 0.3286490 0.2752800 0.6031600
vn 0.4945971 -6.1764164 -1.0184548
v 0.3511930 0.2795550 0.5846120
vn 0.3449714 -6.1361289 -1.2936281
v 0.3744090 0.2838370 0.5704820
vn 0.4806817 -6.2132621 -0.7724404
v 0.3109260 0.2744220 0.5984880
vn 0.4831628 -6.1486406 -1.1626924
v 0.3328420 0.2792590 0.5771880
vn 0.4406635 -6.0664887 -1.5635076
v 0.3567790 0.2854330 0.5592830
vn 0.3050447 -5.9738693 -1.8818386
v 0.3820880 0.2902470 0.5460800
vn 0.4951320 -6.1856961 -0.9573705
v 0.2932600 0.2743550 0.5889400
vn 0.0317597 -6.0220861 -1.7188845
v 0.2348600 0.2781000 0.5571890
vn 0.3407328 -6.1592755 -1.1220624
v 0.2745530 0.2742520 0.5800300
vn 0.1416775 -5.8721409 -2.1973231
v 0.2538310 0.2837320 0.5420470
vn 0.2933735 -5.9936571 -1.7853034
v 0.2730960 0.2804220 0.5527820
vn 0.4802719 -6.0605888 -1.5636129
v 0.2941830 0.2801820 0.5605700
vn 0.4342273 -6.1187825 -1.3369019
v 0.3136110 0.2794950 0.5695050
vn 0.2354415 -5.5423856 -2.8271074
v 0.2741840 0.2900800 0.5269040
vn 0.4134513 -5.7746344 -2.4017758
v 0.2954950 0.2885520 0.5347820
vn 0.4063383 -5.9109216 -2.0513468
v 0.3161140 0.2868790 0.5427000
vn 0.4910257 -5.9884877 -1.7951293
v 0.3370530 0.2858440 0.5507420
vn 0.1086089 -4.4706235 -4.2837358
v 0.2732450 0.3046040 0.5055790
vn 0.2912090 -5.0084391 -3.7074039
v 0.2945550 0.3003620 0.5125890
vn 0.3538905 -5.3362961 -3.1867492
v 0.3169280 0.2969490 0.5192060
vn 0.3858314 -5.6618471 -2.6525078
v 0.3395040 0.2946150 0.5278520
vn 0.3457587 -5.8760662 -2.1887395
v 0.3617810 0.2931140 0.5358290
vn 0.2680700 -5.1654735 -3.3897605
v 0.3616330 0.3019560 0.5146940
vn 3.2399037 5.0475616 -1.5919262
v 0.4509040 0.4266870 0.5538240
vn 3.3509953 5.1742816 -0.5653681
v 0.4546150 0.4346390 0.6055280
vn 2.5632474 5.6125836 -0.8953791
v 0.4625220 0.4283350 0.5861080
vn 1.9239843 5.7794881 -1.3239658
v 0.4688950 0.4218970 0.5667970
vn 1.4637104 5.8187666 -1.7963450
v 0.4746470 0.4155860 0.5472120
vn 1.3961564 6.0496116 -0.6548918
v 0.4781810 0.4249260 0.6005320
vn 0.8060253 6.1225924 -1.0220664
v 0.4870360 0.4208610 0.5804090
vn 0.3674220 6.0679626 -1.5062557
v 0.4936830 0.4161340 0.5598370
vn 0.0423163 5.8759413 -2.1418486
v 0.4994960 0.4097790 0.5400570
vn -0.2010401 5.4164886 -3.1304741
v 0.5045320 0.4016840 0.5210360
vn -0.2072388 6.1983256 -0.7851765
v 0.5033800 0.4219880 0.5951820
vn -0.6618798 6.1214075 -1.1270976
v 0.5112930 0.4195440 0.5744210
vn -1.0617719 5.9447522 -1.6667997
v 0.5178250 0.4157190 0.5526420
vn -1.3525226 5.5825481 -2.5002079
v 0.5241920 0.4098670 0.5317210
vn -1.3304825 4.8900766 -3.6781991
v 0.5286290 0.3999700 0.5124600
vn -1.8382796 5.9026957 -0.8681806
v 0.5273880 0.4252660 0.5903660
vn 1.0980480 5.5653896 -2.6632626
v 0.4792530 0.4076830 0.5282950
vn -0.7264742 3.4525845 -5.1072702
v 0.5256580 0.3841860 0.4968490
vn -0.3167930 4.4103808 -4.4144502
v 0.5081070 0.3894880 0.5040830
vn 0.6564503 4.8730850 -3.8720176
v 0.4838150 0.3964520 0.5109090
vn 2.0042586 4.8651791 -3.3776128
v 0.4589070 0.4071480 0.5175510
vn 0.4990671 3.4285276 -5.1616926
v 0.4809780 0.3817610 0.4960860
vn 1.3425677 3.9631250 -4.6431441
v 0.4601190 0.3928580 0.5016350
vn 2.9977298 3.7760723 -3.9662755
v 0.4381140 0.4112660 0.5082570
vn 4.6809053 2.5438037 -3.2605007
v 0.4187880 0.4389900 0.5127440
vn 0.9514167 2.3957298 -5.6807551
v 0.4524130 0.3790120 0.4909950
vn 2.1639161 2.8894460 -5.1043997
v 0.4340880 0.3991540 0.4966840
vn 3.7499220 2.2809598 -4.4530072
v 0.4146830 0.4270680 0.5003140
vn 1.4615285 1.6841761 -5.8445950
v 0.4259820 0.3852500 0.4879490
vn 2.5644765 1.7990859 -5.4289823
v 0.4111380 0.4109710 0.4913640
vn -1.2715251 -6.1208487 0.0389162
v 0.1478930 0.2732060 0.6504020
vn -1.4061214 -6.0828228 -0.4351961
v 0.1427170 0.2752800 0.6254020
vn -1.7155868 -6.0294008 0.3421713
v 0.1314680 0.2784650 0.6675590
vn -1.8415687 -6.0012550 -0.0673954
v 0.1270410 0.2792120 0.6441900
vn -1.9871902 -5.9217453 -0.5517389
v 0.1218200 0.2819700 0.6193490
vn -2.1385849 -5.7978754 -1.0076559
v 0.1180160 0.2864690 0.5944250
vn -2.0963717 -5.8663635 0.6681597
v 0.1180830 0.2841240 0.6881760
vn -2.2941902 -5.8115792 0.2627872
v 0.1118920 0.2842630 0.6631220
vn -2.4986444 -5.7160397 -0.1849276
v 0.1067870 0.2859920 0.6383760
vn -2.6997733 -5.6046138 -0.6699986
v 0.1016490 0.2904480 0.6137950
vn -2.7978230 -5.4889002 -1.1639469
v 0.0985950 0.2962170 0.5892590
vn -2.8270383 -5.5581412 0.5834785
v 0.0973380 0.2923430 0.6817040
vn -3.0613756 -5.4753227 0.0891419
v 0.0913390 0.2943060 0.6564600
vn -3.3063114 -5.3177299 -0.2900657
v 0.0865400 0.2974670 0.6324830
vn -3.4780850 -5.1456928 -0.6550051
v 0.0823450 0.3019040 0.6088840
vn -3.5609710 -4.8860888 -1.2909553
v 0.0796680 0.3074650 0.5847470
vn -3.8324828 -4.5178957 -2.0034146
v 0.0762240 0.3193580 0.5617710
vn -3.0352702 -5.1552277 -1.8605407
v 0.0953410 0.3048170 0.5649520
vn -2.3185921 -5.5432963 -1.6389252
v 0.1147700 0.2929640 0.5693950
vn -1.6920475 -5.8803473 -1.3830638
v 0.1354580 0.2847160 0.5765700
vn -1.1276702 -6.0515342 -1.1309617
v 0.1567960 0.2774420 0.5853050
vn -2.5332208 -5.1913767 -2.3956554
v 0.1114640 0.3032690 0.5469180
vn -1.8447101 -5.6089163 -2.0920527
v 0.1326300 0.2927510 0.5521030
vn -1.2365360 -5.8477750 -1.8007802
v 0.1536390 0.2839680 0.5601160
vn -0.7614799 -6.0562239 -1.4619946
v 0.1755830 0.2779660 0.5715740
vn -1.9500499 -5.0776634 -2.9879217
v 0.1294230 0.3027990 0.5313920
vn -1.2913146 -5.4691272 -2.7074411
v 0.1510910 0.2935850 0.5369860
vn -0.8759351 -5.8057876 -2.1965632
v 0.1729480 0.2855300 0.5473170
vn -1.8938959 -4.1601439 -4.1571069
v 0.1272500 0.3176560 0.5128440
vn -1.5515501 -6.0338993 0.7092426
v 0.1384130 0.2785520 0.6927680
vn -3.6283927 -5.0222130 0.4866947
v 0.0770700 0.3031120 0.6741700
vn -1.8707938 -5.8630013 1.1895896
v 0.1280830 0.2847270 0.7134600
vn -2.5810583 -5.5692482 1.1366568
v 0.1072440 0.2912600 0.7082050
vn -3.3150516 -5.2184877 1.0003529
v 0.0865490 0.3013110 0.7001570
vn -1.6096715 -5.7599125 1.8675317
v 0.1397610 0.2873900 0.7371580
vn -2.2369118 -5.5619621 1.7481742
v 0.1184810 0.2925640 0.7320530
vn -2.9196992 -5.3276801 1.5673299
v 0.0963240 0.3025030 0.7278350
vn -3.7284436 -4.8032303 1.3086123
v 0.0770740 0.3110400 0.7169250
vn -4.5340476 -4.1631813 1.0759339
v 0.0574010 0.3262000 0.7036680
vn -1.9629750 -5.3649859 2.5342176
v 0.1289080 0.2977290 0.7554220
vn -2.5371773 -5.2387772 2.2987838
v 0.1081540 0.3036990 0.7489300
vn -3.3860388 -4.7291856 2.0822766
v 0.0867540 0.3123880 0.7427030
vn -4.2056637 -4.3216181 1.7283729
v 0.0689860 0.3232800 0.7292610
vn -4.9070053 -3.6159048 1.2704463
v 0.0495050 0.3388300 0.7151550
vn -4.5223112 -3.7063940 2.0041299
v 0.0578230 0.3385730 0.7405440
vn -4.1529403 -4.6288061 0.7817292
v 0.0665360 0.3147600 0.6898460
vn -5.4583006 -2.8614540 1.0753331
v 0.0340090 0.3606520 0.7044300
vn -5.2829227 -3.2809412 0.8462379
v 0.0402420 0.3467040 0.6912870
vn -4.8968792 -3.7578659 0.6099328
v 0.0468470 0.3331330 0.6808120
vn -4.4987736 -4.3551798 0.3193081
v 0.0580710 0.3200260 0.6654300
vn -3.8794222 -4.8769035 -0.0551798
v 0.0702900 0.3074620 0.6494100
vn -5.4726844 -3.0405669 0.3890762
v 0.0334080 0.3542300 0.6710590
vn -5.1572638 -3.5535214 0.0994199
v 0.0416770 0.3394260 0.6572130
vn -4.7108545 -4.0879850 -0.0513423
v 0.0521270 0.3250720 0.6416220
vn -4.0395808 -4.7658854 -0.4814367
v 0.0668620 0.3122270 0.6259760
vn -5.5655804 -2.8263545 -0.0175833
v 0.0289050 0.3599840 0.6453020
vn -5.3078671 -3.3404489 -0.3001571
v 0.0384030 0.3456880 0.6315950
vn -4.8241205 -3.8373032 -0.5478686
v 0.0485090 0.3303220 0.6188110
vn -4.2344060 -4.5504279 -0.8563666
v 0.0648110 0.3174720 0.6035240
vn -5.7346239 -1.6976684 1.8817869
v 0.5798850 0.5387710 0.7648810
vn -6.0821271 -0.8041845 1.3087528
v 0.5805680 0.5173410 0.7489750
vn -6.1644058 0.2403911 1.1345083
v 0.5795510 0.4951430 0.7386390
vn -5.3620062 -2.7121329 1.7742990
v 0.5722520 0.5527820 0.7577660
vn -5.9089952 -1.7016273 1.2144587
v 0.5755280 0.5335750 0.7403690
vn -6.1661148 -0.6224929 0.9204000
v 0.5772430 0.5126290 0.7266780
vn -5.3844199 -2.9213469 1.1764053
v 0.5681330 0.5479900 0.7310210
vn -5.9983854 -1.6265037 0.8105131
v 0.5726210 0.5291530 0.7161480
vn -6.2177677 -0.4697351 0.5861042
v 0.5749590 0.5083160 0.7040660
vn -6.1826377 0.7921168 0.4808640
v 0.5738820 0.4857950 0.6953060
vn -5.3591328 -3.0471363 0.7613214
v 0.5653310 0.5453670 0.7054730
vn -6.0241909 -1.5938263 0.5029625
v 0.5710300 0.5265750 0.6923490
vn -6.2483273 -0.2831922 0.3297365
v 0.5735380 0.5040330 0.6819980
vn -6.1312060 1.1476285 0.2796266
v 0.5719080 0.4813470 0.6737920
vn -4.0542750 -4.6658731 0.6615390
v 0.5520390 0.5595620 0.6953210
vn -5.3085928 -3.1918240 0.4532187
v 0.5630130 0.5446390 0.6818090
vn -6.2102299 0.4835683 0.7288522
v 0.5760560 0.4904670 0.7171600
vn -5.3945317 3.0006928 0.3205549
v 0.5638750 0.4572530 0.6710340
vn -5.7259369 2.4273400 0.4661820
v 0.5675800 0.4635450 0.6892780
vn -5.8974214 1.8918326 0.7215669
v 0.5715790 0.4682460 0.7096360
vn -6.0219069 1.4018576 0.9804916
v 0.5755870 0.4732290 0.7309760
vn -4.8537631 3.7772903 0.7787251
v 0.5604750 0.4471610 0.7063750
vn -5.3077030 3.0521610 1.0396842
v 0.5669620 0.4518640 0.7249230
vn -5.6645947 2.2764308 1.3999782
v 0.5733440 0.4570990 0.7463030
vn -3.6848946 4.8727264 1.1729488
v 0.5509220 0.4339340 0.7248380
vn -4.4256935 4.0438452 1.4885871
v 0.5614620 0.4378970 0.7416910
vn -5.1007862 3.0031018 1.9823817
v 0.5724760 0.4436950 0.7634550
vn -2.6767979 5.4177327 1.6118443
v 0.5416580 0.4238250 0.7436750
vn 0.1465058 -5.9944010 -1.8032770
v 0.7764080 0.2785630 0.5555940
vn -0.1191725 -6.0014815 -1.7987554
v 0.7546690 0.2791080 0.5542470
vn -0.0784408 -5.6912761 -2.6004369
v 0.7546740 0.2866090 0.5337850
vn -0.0301668 -5.1371775 -3.5419927
v 0.7513190 0.2959820 0.5167630
vn 0.0282476 -4.0914755 -4.6654978
v 0.7482570 0.3086840 0.5018850
vn -0.2781237 -6.0157413 -1.7459066
v 0.7325170 0.2796360 0.5551300
vn -0.2351718 -5.7664642 -2.4400539
v 0.7303330 0.2863780 0.5361480
vn -0.1572575 -5.2701936 -3.3317926
v 0.7273110 0.2951830 0.5185480
vn -0.0528974 -4.2594814 -4.5151629
v 0.7250080 0.3077430 0.5028320
vn -0.3947091 -6.0074024 -1.7601960
v 0.7067990 0.2818450 0.5529560
vn -0.3516903 -5.7757821 -2.4252772
v 0.7051580 0.2881950 0.5355000
vn -0.2769253 -5.3034978 -3.2897370
v 0.7035780 0.2968000 0.5178700
vn -0.4566530 -5.9825983 -1.8179013
v 0.6800090 0.2846300 0.5497300
vn -0.3223023 -5.2315989 -3.4087222
v 0.6793860 0.2997080 0.5156360
vn -0.1448902 -4.3300071 -4.4567986
v 0.7022810 0.3087820 0.5024480
vn 0.0754668 -2.7484334 -5.5601959
v 0.7206950 0.3236620 0.4917080
vn 0.0863661 -2.4367507 -5.6797080
v 0.7444930 0.3252180 0.4911500
vn 0.1595995 -2.1215110 -5.7748051
v 0.7675480 0.3272070 0.4906610
vn 0.2065805 -0.5900376 -6.1689291
v 0.7364850 0.3423250 0.4867720
vn 0.2748303 0.0176560 -6.1483021
v 0.7620830 0.3460300 0.4871660
vn 0.1267048 0.5527290 -6.1454520
v 0.7856920 0.3505010 0.4884370
vn -0.0802996 0.7522975 -6.1284804
v 0.8062040 0.3545490 0.4890160
vn 0.3626114 1.7726290 -5.9224539
v 0.7500170 0.3614360 0.4891300
vn 0.1284248 2.4592454 -5.7192717
v 0.7759590 0.3672200 0.4930190
vn -0.4718394 2.7404439 -5.5644884
v 0.7984660 0.3743690 0.4956820
vn 0.3057627 3.7532613 -4.9700856
v 0.7612960 0.3794070 0.4996060
vn -1.5480914 3.9683948 -4.5773654
v 0.8073060 0.3949580 0.5088600
vn -1.0384544 2.6379457 -5.5416965
v 0.8185250 0.3814040 0.4965100
vn 0.2505834 -1.8466694 -5.8236217
v 0.7902790 0.3295600 0.4904320
vn 0.1598874 -3.9474304 -4.7802696
v 0.7717760 0.3100650 0.5011070
vn 0.1915092 0.0002424 -6.1019650
v 0.8243340 0.3521940 0.4884370
vn 0.4845831 -1.8618822 -5.8148117
v 0.8117690 0.3321910 0.4909950
vn 0.4410436 -3.8604536 -4.8162694
v 0.7950560 0.3115780 0.5011070
vn 0.1683632 -5.0564070 -3.6440384
v 0.7752270 0.2966860 0.5161050
vn 0.9475536 -2.9257991 -5.3273759
v 0.8307560 0.3258420 0.4961810
vn 0.8223341 -3.9939561 -4.6658473
v 0.8165250 0.3122770 0.5034800
vn 0.5081464 -5.0383730 -3.6150382
v 0.7979030 0.2970930 0.5173460
vn 0.1732185 -5.6732216 -2.6302512
v 0.7775600 0.2864280 0.5344630
vn 0.9969045 -4.8184185 -3.7498550
v 0.8319720 0.3017850 0.5175110
vn 0.7909676 -5.3236294 -3.1245968
v 0.8163160 0.2933850 0.5265000
vn 0.4148849 -5.7484407 -2.4443197
v 0.7982420 0.2853630 0.5395940
vn 1.2529570 -5.4144325 -2.7256432
v 0.8453250 0.2929030 0.5363680
vn 0.6555470 -5.9024773 -1.8827156
v 0.8132200 0.2803860 0.5552750
vn 0.2735770 -6.0849352 -1.5194923
v 0.7941380 0.2766760 0.5665530
vn 3.9918852 4.3401279 1.9667861
v 0.4390440 0.4302160 0.7598100
vn -0.3807941 6.0939083 1.4088581
v 0.5061230 0.4172490 0.7334790
vn -1.8974656 5.8267055 1.2089016
v 0.5291230 0.4223700 0.7279340
vn 1.4067963 5.6895037 2.2121379
v 0.4750700 0.4123120 0.7602740
vn 0.0696665 5.9587026 1.9337319
v 0.4984640 0.4112820 0.7544450
vn -1.1742668 5.9034843 1.7496375
v 0.5187620 0.4151780 0.7481830
vn 1.3594258 5.1698966 3.2584906
v 0.4708690 0.4044700 0.7792550
vn 0.3358803 5.5660896 2.8557029
v 0.4925660 0.4041940 0.7737360
vn -0.8040792 5.6784139 2.5318861
v 0.5154410 0.4076260 0.7682110
vn -2.1602595 5.4268856 2.2382214
v 0.5371400 0.4152440 0.7623830
vn -3.6955163 4.6096363 1.9896303
v 0.5570790 0.4272370 0.7603730
vn 0.4552472 4.6194425 4.1750197
v 0.4860640 0.3932950 0.7912760
vn -0.3248599 5.0244064 3.7199950
v 0.5081270 0.3971030 0.7857520
vn -1.6212883 5.1076536 3.2332516
v 0.5315260 0.4046880 0.7800280
vn -3.0525088 4.5814133 2.9638479
v 0.5552700 0.4174760 0.7781280
vn -4.3967857 3.3138251 2.9571612
v 0.5724010 0.4323400 0.7799380
vn -0.0525376 3.5388596 5.0901446
v 0.5005880 0.3818200 0.8016270
vn 4.8486075 -2.6872218 -2.8219535
v 0.9510280 0.3694690 0.5390800
vn 4.1145101 -2.2907531 -4.0311170
v 0.9381590 0.3766500 0.5162790
vn 4.8576713 -3.0678649 -2.4727478
v 0.9459020 0.3523290 0.5494660
vn 4.0105705 -2.7741811 -3.8578687
v 0.9308940 0.3596680 0.5200830
vn 2.8136301 -1.9683402 -5.1431375
v 0.9167590 0.3741960 0.5010120
vn 3.8787024 -3.4670441 -3.2213950
v 0.9278480 0.3425610 0.5301500
vn 2.7595031 -2.7196341 -4.7678523
v 0.9106260 0.3564960 0.5052900
vn 1.2373428 -1.1398497 -5.8788619
v 0.8925420 0.3761590 0.4909600
vn -0.7334695 0.5209659 -6.1250424
v 0.8751810 0.3987770 0.4898180
vn 3.9451704 -4.2144475 -2.4146576
v 0.9261770 0.3282560 0.5497200
vn 3.2389767 -3.5478184 -3.9382758
v 0.9109200 0.3374820 0.5195700
vn 1.8501607 -2.2075963 -5.4574494
v 0.8904180 0.3563590 0.4964400
vn -0.1026694 -0.0880531 -6.1068459
v 0.8708780 0.3794600 0.4884720
vn -2.1251578 1.7515939 -5.5805440
v 0.8512130 0.4046950 0.4971130
vn 3.3534524 -4.2904525 -2.8842106
v 0.9100930 0.3205760 0.5377240
vn 2.4740057 -3.3187821 -4.4402013
v 0.8938530 0.3339260 0.5095830
vn 2.4094234 -5.6727028 -0.9138719
v 0.8898300 0.2881340 0.6012000
vn 3.0379918 -5.0477405 -2.0333440
v 0.9051610 0.3075280 0.5578420
vn 2.1727800 -5.6415677 -1.5614722
v 0.8817270 0.2907740 0.5742110
vn 2.4733684 -5.2002912 -2.4006560
v 0.8879800 0.3025730 0.5482690
vn 2.5955977 -4.5423284 -3.3477955
v 0.8931050 0.3162240 0.5285990
vn 1.7600386 -5.8739009 -1.2953697
v 0.8657370 0.2840410 0.5810970
vn 1.9390770 -5.4490466 -2.3454552
v 0.8721590 0.2957630 0.5489120
vn 2.0550141 -4.4940128 -3.7009914
v 0.8755350 0.3125400 0.5213000
vn 1.8146945 -3.0686889 -5.0169005
v 0.8753250 0.3325170 0.5030060
vn 0.8806055 -1.4956856 -5.7921004
v 0.8715110 0.3570080 0.4909400
vn 1.6439559 -4.9923754 -3.3151839
v 0.8602930 0.3030110 0.5268190
vn 1.3077365 -3.1776986 -4.9980431
v 0.8594700 0.3263410 0.5012010
vn 0.3206371 -0.5994197 -6.0802159
v 0.8527390 0.3576770 0.4894740
vn -0.8699798 1.4067967 -5.8981390
v 0.8484410 0.3843080 0.4911150
vn 1.2245218 -4.1712308 -4.3786559
v 0.8464460 0.3129680 0.5090690
vn 0.7488188 -1.6025707 -5.7985687
v 0.8423530 0.3415710 0.4909150
vn -0.8680868 1.4951251 -5.8591251
v 0.8343160 0.3767020 0.4911850
vn 5.2090092 -3.1757309 -1.4576087
v 0.9556650 0.3501080 0.5796560
vn 4.5569477 -3.6725013 -1.9594176
v 0.9419430 0.3372080 0.5615620
vn 5.3387575 -3.2148783 -0.7361972
v 0.9618770 0.3503620 0.6096070
vn 4.8711905 -3.7134366 -1.1004907
v 0.9495170 0.3352000 0.5920310
vn 4.2387929 -4.3896046 -1.4174670
v 0.9354560 0.3240870 0.5796210
vn 3.7863240 -4.6465764 -1.7380323
v 0.9208270 0.3145580 0.5684380
vn 4.4731269 -4.3125520 -0.6990687
v 0.9425260 0.3231760 0.6116860
vn 4.0199494 -4.7066731 -0.9570211
v 0.9283460 0.3121610 0.6004080
vn 3.3412933 -5.1367531 -1.1716654
v 0.9140370 0.3034040 0.5895180
vn 2.7963102 -5.4218092 -1.4351689
v 0.8979070 0.2969240 0.5796660
vn 4.1551247 -4.6900511 -0.2938034
v 0.9330180 0.3120800 0.6337090
vn 3.5201545 -5.1146255 -0.4978598
v 0.9196660 0.3016830 0.6227600
vn 2.9922519 -5.4712296 -0.7016526
v 0.9055100 0.2950310 0.6116510
vn 3.5665891 -5.1016083 0.1089296
v 0.9209970 0.3013220 0.6551640
vn -3.8923957 1.9184668 4.5119386
v 0.8532420 0.4399300 0.7887590
vn -2.7152963 0.3324342 5.5972867
v 0.8834920 0.4792980 0.8026050
vn -2.7348709 1.1470200 5.4958873
v 0.8704140 0.4383610 0.8011590
vn -2.0379384 0.5009481 5.8554964
v 0.8868630 0.4583640 0.8058600
vn -0.6125817 0.1505098 6.1704388
v 0.9052260 0.4752190 0.8092860
vn 1.1744332 0.0085407 6.0804005
v 0.9236640 0.4892000 0.8084330
vn -1.0133048 0.3747534 6.1328917
v 0.8908020 0.4354860 0.8084280
vn 0.1479625 -0.0542034 6.1641421
v 0.9087310 0.4533470 0.8100440
vn 1.7650698 -0.2363341 5.8852205
v 0.9276780 0.4664620 0.8075910
vn 3.3041639 -0.1935421 5.2240486
v 0.9455880 0.4806540 0.7996980
vn 1.1174436 -0.3173554 6.0936699
v 0.9133040 0.4303810 0.8085730
vn 2.4929328 -0.5386428 5.6607618
v 0.9317020 0.4444900 0.8039710
vn 3.7983184 -0.6104670 4.8582888
v 0.9494220 0.4574100 0.7950110
vn 3.0738535 -0.8990597 5.2663956
v 0.9350870 0.4221730 0.8000370
vn 5.0501528 -0.8239343 3.5651035
v 0.9660550 0.4479080 0.7751220
vn 4.7741923 -0.4958167 3.9688683
v 0.9637870 0.4696220 0.7821070
vn 4.4342127 -0.0658661 4.3506260
v 0.9600720 0.4923310 0.7880110
vn 2.8252182 0.0811322 5.5115952
v 0.9405970 0.5038190 0.8025600
vn 0.7014942 -0.0355275 6.1564317
v 0.9183590 0.5114080 0.8092360
vn 5.1937490 0.1339039 3.4401910
v 0.9713310 0.5039140 0.7736960
vn 4.0833411 0.2102921 4.6992908
v 0.9546030 0.5161200 0.7922990
vn 2.3674192 0.1497765 5.7331443
v 0.9338860 0.5268890 0.8050530
vn 0.1543527 -0.0042822 6.1737404
v 0.9115930 0.5330620 0.8100290
vn -2.1086795 -0.3678889 5.8350191
v 0.8874410 0.5376340 0.8057810
vn 4.9135647 0.3071462 3.8486667
v 0.9658010 0.5270690 0.7794850
vn 3.6867974 0.4050153 4.9691372
v 0.9486740 0.5396040 0.7960780
vn 1.7482539 0.3605559 5.9051094
v 0.9253500 0.5488730 0.8074910
vn -0.5079725 -0.0872490 6.1880927
v 0.9003450 0.5547760 0.8093910
vn -0.7596742 -0.3429321 6.1589918
v 0.8893110 0.5763050 0.8088920
vn -2.3486741 -0.8355562 5.7129498
v 0.8773450 0.5590640 0.8037910
vn -1.6316845 -0.1762738 5.9636331
v 0.8950900 0.5166580 0.8076550
vn -1.1205904 -0.0311620 6.0998983
v 0.9010480 0.4957570 0.8084330
vn -3.6491690 -1.6371275 4.8005958
v 0.8581090 0.5592380 0.7924430
vn -3.7439742 -0.9434980 4.9074898
v 0.8673330 0.5403660 0.7946220
vn -3.5595233 -0.3771809 5.1045289
v 0.8746620 0.5201030 0.7976140
vn -3.1796103 -0.0510517 5.3565216
v 0.8796180 0.4993170 0.8000770
vn -4.8071165 -0.5776527 3.9724853
v 0.8579990 0.5201730 0.7814240
vn -4.6046634 -0.0510908 4.2209859
v 0.8621520 0.5030660 0.7855770
vn -4.2444611 0.4765669 4.5701017
v 0.8658270 0.4809830 0.7898010
vn -3.6475508 0.9815172 4.9848776
v 0.8682950 0.4596580 0.7953350
vn -5.4726496 -0.0902267 3.0484800
v 0.8489140 0.5019940 0.7665010
vn -5.1900868 0.6086397 3.4578347
v 0.8525840 0.4823490 0.7733770
vn -4.6788921 1.3840866 3.9317970
v 0.8533420 0.4606890 0.7805670
vn -4.5883031 2.4662871 3.4770784
v 0.8403730 0.4430580 0.7727040
vn -0.0348465 -2.9694226 -5.4629593
v 0.6946380 0.3235580 0.4917080
vn 0.2572955 -1.2004085 -6.0955544
v 0.7098200 0.3392080 0.4863180
vn 0.4750187 0.9598973 -6.1298923
v 0.7237310 0.3576010 0.4868470
vn 0.6403390 3.1025267 -5.3534884
v 0.7359470 0.3756370 0.4943960
vn 0.0845089 -1.7131691 -5.9834118
v 0.6821030 0.3386270 0.4856600
vn 0.5090457 0.0824191 -6.2016125
v 0.6973500 0.3542160 0.4842440
vn 0.9435516 2.0908527 -5.7884545
v 0.7101990 0.3718410 0.4890260
vn 1.2490247 3.9839790 -4.6419601
v 0.7219410 0.3889890 0.5018450
vn 0.3817177 -0.5545073 -6.2094121
v 0.6704010 0.3543640 0.4826140
vn 0.9278485 1.1659275 -6.0465832
v 0.6857230 0.3711220 0.4847630
vn 1.6267726 2.9698255 -5.2241888
v 0.6987360 0.3883100 0.4939820
vn 2.1526322 4.3887339 -3.8998194
v 0.7075520 0.4028100 0.5100860
vn 0.2535552 -1.0437328 -6.1396918
v 0.6447230 0.3556940 0.4807840
vn 0.8673979 0.4338834 -6.1755171
v 0.6609330 0.3730580 0.4816410
vn 1.6250064 1.9889125 -5.6874504
v 0.6756710 0.3899700 0.4879990
vn 2.4751596 3.4367220 -4.5896425
v 0.6869350 0.4056060 0.5008570
vn 2.5781100 2.2536418 -5.2206192
v 0.6663920 0.4093050 0.4924060
vn 3.6892998 3.2141492 -3.8827958
v 0.6755120 0.4237290 0.5081520
vn 3.1625600 4.4023280 -3.1020446
v 0.6935310 0.4184400 0.5188520
vn 2.4440889 5.1791735 -2.5412216
v 0.7112410 0.4134740 0.5295420
vn 1.3435791 5.1348352 -3.3208840
v 0.7296700 0.4010650 0.5189520
vn 0.6262537 4.6451411 -4.1438379
v 0.7473600 0.3898690 0.5083060
vn 1.4811251 5.6782618 -2.1983690
v 0.7299590 0.4106560 0.5391650
vn 0.4666951 5.5164390 -2.9356942
v 0.7518470 0.4021900 0.5272880
vn -0.1865977 4.9936924 -3.7731738
v 0.7706490 0.3945500 0.5158850
vn -0.4747183 4.1004648 -4.6991472
v 0.7852930 0.3859940 0.5052950
vn 0.5451012 5.9440384 -1.9256821
v 0.7470610 0.4112830 0.5492410
vn -0.4322612 5.6670599 -2.6466205
v 0.7699360 0.4062780 0.5362230
vn -1.2799366 4.9584255 -3.6018577
v 0.7924280 0.4017940 0.5217090
vn -0.3339714 6.0213480 -1.7292805
v 0.7629260 0.4140810 0.5593380
vn -1.4879876 5.5613894 -2.4682267
v 0.7857320 0.4121950 0.5440060
vn -0.2133725 -6.2773986 0.1328142
v 0.5709600 0.2790340 0.6591080
vn -0.2010355 -6.2551589 0.5002502
v 0.5637060 0.2802380 0.6843370
vn -0.3074991 -6.2728205 0.0570331
v 0.5946990 0.2777850 0.6544210
vn -0.2609313 -6.2648010 0.3792711
v 0.5860930 0.2789950 0.6754120
vn -0.2243180 -6.2362928 0.7276228
v 0.5775770 0.2814290 0.6981730
vn -0.2077069 -6.1764207 1.1139100
v 0.5693450 0.2847370 0.7202510
vn -0.3773124 -6.2693887 0.1008915
v 0.6198730 0.2764780 0.6559420
vn -0.3465674 -6.2629333 0.3573748
v 0.6101500 0.2777560 0.6723710
vn -0.3116185 -6.2436275 0.6157635
v 0.6009010 0.2796300 0.6919410
vn -0.2724669 -6.1956768 0.9864439
v 0.5916920 0.2826310 0.7127470
vn -0.3869773 -6.2347636 0.6628734
v 0.6253180 0.2784930 0.6941790
vn -0.3496770 -6.1965928 0.9651727
v 0.6152860 0.2811580 0.7102590
vn -0.2956826 -6.1443381 1.2757859
v 0.6049650 0.2848850 0.7274960
vn -0.2088453 -5.7733178 2.4520869
v 0.6065010 0.2960860 0.7663320
vn -0.3065340 -5.9972773 1.8013963
v 0.5952170 0.2905240 0.7501420
vn -0.2339663 -6.1142206 1.4197978
v 0.5833360 0.2872890 0.7343360
vn -0.2462872 -5.9057822 2.1039221
v 0.5758470 0.2940160 0.7573820
vn -0.1914956 -6.0479412 1.6584820
v 0.5618160 0.2899880 0.7433510
vn -0.1543116 -6.1245098 1.3813721
v 0.5480700 0.2879610 0.7326710
vn -0.1723789 -5.6828275 2.5945973
v 0.5599260 0.2983030 0.7678870
vn -0.1209796 -5.8944483 2.1416738
v 0.5438520 0.2950320 0.7576810
vn -0.0672744 -6.0118160 1.7810636
v 0.5284400 0.2918250 0.7476740
vn -0.1181464 -5.1894393 3.4468417
v 0.5460060 0.3068280 0.7830690
vn -0.0304302 -5.5613794 2.8392799
v 0.5284550 0.3013190 0.7730380
vn -0.0876172 -5.7909198 2.3880348
v 0.5100960 0.2977370 0.7640980
vn 0.0495151 -5.9211454 2.0699203
v 0.4927500 0.2949680 0.7560800
vn -0.1696768 -3.2843087 5.1483722
v 0.5504280 0.3265750 0.8044340
vn -0.0739248 -4.2848067 4.4698830
v 0.5325830 0.3172770 0.7957940
vn -0.0407816 -4.9282331 3.7681675
v 0.5134520 0.3099690 0.7874120
vn 0.0158960 -5.3681612 3.2031634
v 0.4938420 0.3050970 0.7789860
vn -0.0970512 -6.0896220 1.5160936
v 0.5126590 0.2896990 0.7385000
vn -0.0893560 -6.1741257 1.1460907
v 0.5335510 0.2860220 0.7220660
vn -0.1860953 -6.2129750 0.9035391
v 0.5550700 0.2833840 0.7087280
vn 0.0162812 -6.1459255 1.2894804
v 0.4980100 0.2875370 0.7279540
vn -0.0685681 -6.2075353 0.9444494
v 0.5197190 0.2841830 0.7104590
vn -0.1175246 -6.2418361 0.6991848
v 0.5415180 0.2821900 0.6959340
vn 0.1007327 -6.1738253 1.1416799
v 0.4814620 0.2860210 0.7214680
vn -0.0340861 -6.2299247 0.8063901
v 0.5039690 0.2833060 0.7020120
vn -0.0517814 -6.2583566 0.5098566
v 0.5271590 0.2811060 0.6848260
vn -0.1562507 -6.2735205 0.2965903
v 0.5492860 0.2800120 0.6700520
vn 0.0456866 -6.2415285 0.7102959
v 0.4854110 0.2827520 0.6979340
vn -0.0416536 -6.2657666 0.4300460
v 0.5083960 0.2809350 0.6795550
vn -0.0927725 -6.2800140 0.1485798
v 0.5311070 0.2800540 0.6608980
vn -0.1589637 -6.2774405 -0.0257759
v 0.5538880 0.2791790 0.6471710
vn -0.2223458 -6.2753949 -0.1960779
v 0.5767590 0.2789570 0.6348760
vn -0.1176770 -6.2798133 -0.1456579
v 0.5333310 0.2800330 0.6378530
vn -0.2432795 -6.2513022 -0.5506963
v 0.5810420 0.2800320 0.6106940
vn 2.8069944 -1.5873462 5.2862296
v 0.9195010 0.3830540 0.7994780
vn 2.1238835 -0.8776876 5.7723799
v 0.9174570 0.4061520 0.8050680
vn 4.3110585 -3.6203504 2.6108775
v 0.9349880 0.3391710 0.7532980
vn 4.3628521 -2.9295111 3.3492351
v 0.9379990 0.3589470 0.7698820
vn 4.0827899 -2.0292697 4.1523538
v 0.9376250 0.3798750 0.7852930
vn 3.7096572 -1.4596338 4.7919068
v 0.9366680 0.4005500 0.7929320
vn 4.9489770 -2.4787345 2.8219800
v 0.9520100 0.3717470 0.7603830
vn 4.8599253 -1.8648769 3.4412200
v 0.9534610 0.3938520 0.7724840
vn 4.5181112 -1.3864475 4.0004263
v 0.9534760 0.4152320 0.7828050
vn 4.2144547 -0.8379741 4.5015321
v 0.9516560 0.4360860 0.7894370
vn 5.4433155 -2.1234350 2.2215650
v 0.9646240 0.3851000 0.7453800
vn 5.3554707 -1.7517022 2.6908171
v 0.9666840 0.4063260 0.7577860
vn 5.2538538 -1.1443100 3.1261744
v 0.9674320 0.4273160 0.7674780
vn -0.0684505 -6.2305207 -0.8051424
v 0.5199790 0.2832330 0.5962540
vn 0.0242323 -6.2196083 -0.8818078
v 0.4923510 0.2838390 0.5918770
vn -0.1685346 -6.2690635 -0.3669988
v 0.5566560 0.2800470 0.6229140
vn -0.0868888 -6.2612562 -0.4743907
v 0.5337550 0.2808840 0.6155150
vn -0.0245665 -6.2586846 -0.5206048
v 0.5061630 0.2813970 0.6127680
vn 0.0524595 -6.2556176 -0.5620112
v 0.4784050 0.2816430 0.6096720
vn 0.1500826 -6.2522755 -0.5837147
v 0.4505170 0.2813040 0.6085950
vn -0.0300657 -6.2794514 -0.2000331
v 0.5113180 0.2803560 0.6337740
vn 0.0323660 -6.2767258 -0.2740301
v 0.4869760 0.2804960 0.6298550
vn 0.1098148 -6.2740116 -0.3167655
v 0.4628390 0.2803690 0.6275810
vn -0.0075650 -6.2809830 0.0854989
v 0.5108790 0.2800290 0.6561510
vn 0.0388133 -6.2802567 0.0392314
v 0.4907660 0.2798970 0.6522470
vn 0.0810025 -6.2789164 -0.0084976
v 0.4704500 0.2796470 0.6488370
vn 0.1296970 -6.2790627 -0.0667978
v 0.4501210 0.2793910 0.6446930
vn 0.2239069 -6.2775478 -0.1031506
v 0.4275900 0.2789200 0.6413930
vn 0.0054669 -6.2703371 0.3793893
v 0.4890210 0.2807520 0.6751330
vn 0.2062715 -6.2765961 0.1799082
v 0.4342270 0.2792990 0.6620740
vn 0.2712816 -5.9159126 -2.0850422
v 0.4073030 0.2940740 0.5392650
vn 0.1528783 -6.1648641 -1.1971672
v 0.4465580 0.2865280 0.5720620
vn 0.1809236 -5.8601818 -2.2451959
v 0.4367010 0.2959580 0.5370810
vn 0.1113768 -6.0366387 -1.7002642
v 0.4568850 0.2908370 0.5532300
vn 0.0691683 -6.1687007 -1.1867191
v 0.4750150 0.2870610 0.5720670
vn 0.1068918 -5.8108745 -2.3687308
v 0.4673850 0.2970990 0.5358590
vn 0.0566169 -6.0394111 -1.6907500
v 0.4858700 0.2910320 0.5538780
vn -0.0201873 -6.1759768 -1.1469501
v 0.5051350 0.2866310 0.5748150
vn 0.1061393 -5.3746424 -3.2041445
v 0.4778020 0.3051370 0.5192910
vn 0.0429034 -5.8075767 -2.3697522
v 0.4955170 0.2971660 0.5363330
vn -0.0050132 -6.0624518 -1.6207321
v 0.5139210 0.2902870 0.5573540
vn -0.0945872 -6.1874375 -1.0621824
v 0.5344630 0.2850550 0.5810520
vn -0.1454026 -6.2431469 -0.6884326
v 0.5494860 0.2820370 0.6023370
vn 0.0113519 -5.3185592 -3.2832789
v 0.5047660 0.3058090 0.5184630
vn -0.0843110 -6.0933228 -1.5138909
v 0.5397730 0.2889870 0.5620800
vn -0.1732818 -6.1986551 -0.9883505
v 0.5591740 0.2837550 0.5860280
vn -5.4291296 2.7050834 -1.4058939
v 0.3214310 0.4528770 0.5533650
vn -6.0391207 1.0911539 -1.2096300
v 0.3290990 0.4779420 0.5536140
vn -6.1183276 -0.3478270 -1.2477723
v 0.3309750 0.5053550 0.5529460
vn -6.0934978 1.0480384 -0.8294534
v 0.3267930 0.4804600 0.5721270
vn -6.1525073 -0.4935583 -0.8491789
v 0.3282940 0.5063320 0.5705320
vn -5.5639987 -2.4489467 -1.0017464
v 0.3214480 0.5397180 0.5682780
vn -6.1744671 -0.6805697 -0.5601254
v 0.3258210 0.5092240 0.5888250
vn -5.4593496 -2.7689064 -0.6764166
v 0.3183300 0.5404360 0.5856940
vn -3.6376238 -4.8741274 -1.0393814
v 0.2989510 0.5654760 0.5786240
vn -2.0602591 -5.7207866 -1.2716010
v 0.2792060 0.5781850 0.5679490
vn -6.2249498 -0.4030610 -0.3691823
v 0.3245180 0.5058430 0.6082410
vn -4.0517249 -4.5372906 -0.6226042
v 0.3025670 0.5601210 0.5964540
vn -4.2727966 -4.0753989 -1.3033930
v 0.3093310 0.5620500 0.5616320
vn -5.8099113 -1.7400889 -1.3755994
v 0.3274210 0.5322490 0.5504330
vn -1.4339523 -5.8471713 -1.7545594
v 0.2684380 0.5844480 0.5520290
vn -2.9569616 -5.2192488 -1.7180943
v 0.2928640 0.5759660 0.5509070
vn -4.9864378 -3.2421670 -1.7225194
v 0.3185560 0.5557980 0.5442360
vn -5.8166251 -1.3102181 -1.8979106
v 0.3333520 0.5264110 0.5328720
vn -5.6824298 0.1250017 -2.6400225
v 0.3417230 0.4958270 0.5174860
vn -2.3572903 -5.2694874 -2.4304605
v 0.2879740 0.5850610 0.5323290
vn -3.9266732 -4.1916275 -2.3491838
v 0.3106340 0.5719080 0.5315610
vn -5.2946873 -2.3916435 -2.3019748
v 0.3281990 0.5493960 0.5266200
vn -5.5422421 -0.8301276 -2.8059142
v 0.3417090 0.5194700 0.5147830
vn -4.6719112 0.2323839 -4.0900497
v 0.3511760 0.4890210 0.5006080
vn -4.4341917 -2.9578469 -3.2618406
v 0.3253560 0.5659790 0.5137210
vn -5.0274653 -1.5009166 -3.4141183
v 0.3401230 0.5404960 0.5087450
vn -4.2826228 -0.3571364 -4.4386463
v 0.3532810 0.5111290 0.4976410
vn -1.7736441 0.2960800 -5.7288651
v 0.3665700 0.4819510 0.4884420
vn -3.1544113 -2.8596709 -4.5840454
v 0.3245980 0.5841880 0.5008970
vn -3.9690230 -1.7544280 -4.5062628
v 0.3405620 0.5611830 0.4993720
vn -3.6073647 -0.7629218 -4.9783545
v 0.3543200 0.5344580 0.4940220
vn -5.9944248 -0.1019767 -1.7964052
v 0.3355550 0.5012910 0.5352860
vn -2.5249138 0.6509365 -5.5101032
v 0.3611120 0.4598410 0.4889310
vn -4.6687393 0.9826553 -4.0097170
v 0.3472610 0.4659690 0.5018500
vn -5.5553322 1.1490588 -2.6555862
v 0.3383990 0.4715400 0.5185780
vn -5.8955383 1.1238441 -1.7873362
v 0.3329670 0.4753940 0.5360680
vn -0.4060842 0.7480472 -6.1265187
v 0.3721060 0.4306960 0.4832620
vn -2.7634945 1.0751326 -5.4360771
v 0.3542930 0.4372660 0.4891550
vn -4.2910938 1.7520362 -4.1556392
v 0.3403270 0.4430590 0.5016000
vn -5.0882759 2.3005846 -2.8148947
v 0.3311140 0.4475710 0.5179540
vn -5.3855772 2.5352190 -1.8803337
v 0.3255620 0.4505310 0.5354350
vn -1.0033679 0.8353422 -6.0819278
v 0.3635530 0.4087820 0.4814970
vn -2.4853218 1.5093787 -5.5175819
v 0.3457310 0.4155210 0.4884520
vn -3.5285783 2.5092664 -4.4820032
v 0.3304150 0.4220290 0.5003140
vn -4.1282167 3.4803481 -3.1252196
v 0.3189410 0.4270370 0.5162790
vn -4.1090202 4.1194091 -2.1704862
v 0.3122820 0.4296600 0.5334910
vn -2.6265945 5.0577822 -2.5982876
v 0.2931930 0.4154070 0.5291380
vn -6.2446756 0.4457141 0.3195612
v 0.3238580 0.4922770 0.6831400
vn -6.2571726 0.1090242 0.0576636
v 0.3235540 0.4978960 0.6546000
vn -6.2429123 -0.1629378 -0.1569303
v 0.3238730 0.5019190 0.6300740
vn -6.1399889 -1.0507423 0.1563782
v 0.3228630 0.5154070 0.6670950
vn -6.0472403 -1.5219045 -0.0471237
v 0.3211150 0.5215390 0.6427990
vn -5.8940525 -1.9244679 -0.3076112
v 0.3202360 0.5277120 0.6220370
vn -5.7216606 -2.2942133 -0.4731745
v 0.3194510 0.5338150 0.6032400
vn -5.6791716 -2.4909599 0.3018475
v 0.3175520 0.5348620 0.6747640
vn -5.3217602 -3.1173875 0.0583087
v 0.3134720 0.5423260 0.6518730
vn -4.9109974 -3.6943309 -0.1690270
v 0.3095190 0.5487730 0.6322830
vn -4.5451713 -4.1159692 -0.4134572
v 0.3064610 0.5537490 0.6143830
vn -3.4204535 -5.1413078 -0.0212371
v 0.2938130 0.5629880 0.6459150
vn -2.8908050 -5.4767785 -0.2556162
v 0.2872930 0.5671560 0.6253280
vn -2.3876188 -5.7044744 -0.5157398
v 0.2815270 0.5712800 0.6056980
vn -1.8145204 -5.8878174 -0.9730784
v 0.2744140 0.5759460 0.5855100
vn -0.9545640 -6.1557021 -0.4236725
v 0.2622330 0.5751690 0.6187610
vn -4.1636600 4.3379827 -1.5748637
v 0.3081030 0.4342970 0.5531110
vn -5.5466356 2.6717887 -0.9372828
v 0.3192550 0.4567290 0.5729850
vn -6.1257639 0.9981573 -0.5925612
v 0.3248240 0.4822550 0.5917770
vn -4.3363152 4.3060136 -0.9929073
v 0.3069190 0.4389550 0.5743760
vn -5.5941591 2.6596966 -0.6483618
v 0.3174430 0.4586730 0.5928490
vn -6.1249757 1.1713886 -0.3620898
v 0.3227980 0.4809380 0.6123540
vn -2.9037960 5.4515085 -1.0045259
v 0.2911990 0.4293640 0.5797260
vn -4.4003615 4.2898917 -0.6403437
v 0.3059090 0.4422230 0.5983730
vn -5.6201763 2.6895900 -0.3626526
v 0.3158900 0.4603450 0.6162580
vn -6.1069317 1.3210521 -0.0939975
v 0.3216080 0.4793380 0.6367610
vn -2.8620212 5.5160270 -0.5989440
v 0.2896780 0.4317510 0.6040280
vn -4.3885436 4.3332477 -0.3578044
v 0.3046730 0.4438390 0.6228400
vn -5.5576434 2.8204453 -0.0422217
v 0.3149770 0.4601920 0.6422500
vn -6.0807462 1.4471837 0.1634094
v 0.3212250 0.4772340 0.6660930
vn -5.3078766 3.1810899 0.1570510
v 0.3135570 0.4562830 0.6664770
vn -6.1435237 0.8597338 0.7507827
v 0.3258810 0.4849370 0.7151200
vn 0.1016437 -6.0120864 1.7790207
v 0.4758880 0.2919070 0.7477740
vn 0.1185386 -6.0953603 1.5074822
v 0.4589780 0.2893660 0.7384200
vn 0.1088499 -6.1918268 1.0283614
v 0.4627980 0.2847640 0.7165070
vn 0.1084583 -6.2506485 0.6210266
v 0.4670140 0.2821260 0.6938200
vn 0.0790338 -6.2730036 0.3372150
v 0.4695850 0.2804540 0.6711140
vn 0.1782643 -6.1480684 1.2815883
v 0.4384940 0.2870130 0.7297090
vn 0.1537002 -6.2123079 0.9138718
v 0.4434730 0.2835870 0.7106080
vn 0.1759562 -6.2519679 0.5783537
v 0.4489040 0.2812620 0.6900610
vn 0.1390010 -6.2754698 0.2644522
v 0.4509680 0.2799250 0.6672750
vn 0.2383530 -6.1753359 1.1061840
v 0.4171770 0.2840610 0.7196630
vn 0.2198698 -6.2301893 0.7831371
v 0.4238580 0.2821210 0.7032340
vn 0.2196248 -6.2547636 0.5227672
v 0.4307600 0.2803410 0.6862810
vn 0.3134987 -6.1558690 1.2085226
v 0.3901240 0.2838940 0.7242500
vn 0.2974985 -6.2124786 0.8883309
v 0.3963730 0.2816210 0.7084340
vn 0.2867646 -6.2422299 0.6423929
v 0.4025830 0.2798560 0.6923490
vn 0.2936434 -6.2740693 0.1424015
v 0.4173800 0.2784950 0.6580510
vn 0.1419859 -5.9036779 2.1306140
v 0.4546550 0.2951110 0.7579750
vn 0.1969566 -6.0258532 1.7299532
v 0.4328200 0.2907210 0.7471900
vn 0.2290147 -6.1106243 1.4427400
v 0.4113920 0.2875420 0.7362110
vn 0.2100515 -5.7996883 2.3920097
v 0.4287440 0.2968130 0.7646610
vn 0.2390222 -5.9783106 1.8942291
v 0.4064660 0.2915780 0.7527500
vn 0.3183354 -6.0801907 1.5463476
v 0.3838040 0.2871230 0.7399460
vn 0.4059801 -6.1449990 1.2282984
v 0.3628160 0.2822550 0.7244990
vn 0.2194874 -5.3884401 3.1855743
v 0.4212900 0.3042450 0.7808260
vn 0.2569528 -5.7183728 2.5659328
v 0.4009700 0.2975140 0.7691540
vn 0.3091636 -5.9368467 2.0147057
v 0.3786620 0.2915180 0.7563700
vn 0.4115154 -6.0519753 1.6316046
v 0.3565480 0.2860520 0.7420250
vn 0.3479670 -5.6688099 2.6644657
v 0.3732700 0.2975810 0.7723940
vn 0.4136017 -5.9094224 2.0812166
v 0.3503100 0.2907590 0.7590120
vn 0.4768911 -6.0379639 1.6557338
v 0.3305470 0.2838360 0.7416760
vn 0.4069664 -6.1615496 1.1126732
v 0.2938080 0.2755260 0.7182520
vn -0.9366854 -0.6427197 -6.1338053
v 0.3273280 0.6287880 0.4829780
vn -0.5677808 0.2594576 -6.1954350
v 0.3481760 0.6329560 0.4800510
vn -1.4232401 -1.0591011 -5.9969668
v 0.3446900 0.6078820 0.4828830
vn -2.6371598 -1.6949978 -5.4175539
v 0.3423690 0.5840140 0.4900830
vn -0.0020345 0.7805148 -6.1669126
v 0.3690490 0.6357580 0.4791330
vn -0.4978247 -0.4333649 -6.2039042
v 0.3643560 0.6102250 0.4791430
vn -1.3212043 -0.9233661 -6.0163021
v 0.3606400 0.5841730 0.4829630
vn -2.5426044 -0.9781871 -5.5913324
v 0.3568540 0.5586300 0.4885820
vn 0.5023592 -0.7419182 -6.1581507
v 0.3789040 0.5857090 0.4814570
vn -0.0319235 -0.6684993 -6.0919070
v 0.3743150 0.5586450 0.4839550
vn -0.7646281 -0.4419536 -6.0147948
v 0.3713230 0.5314270 0.4866720
vn -1.2403537 -0.0838168 -5.9065123
v 0.3697280 0.5053800 0.4880090
vn 2.0308561 -1.1496290 -5.7754397
v 0.3976260 0.5880080 0.4852660
vn 2.2324436 0.4472363 -5.5717235
v 0.3864960 0.4757580 0.4889960
vn -3.0789247 -4.2404647 -3.3941832
v 0.3063550 0.5843830 0.5148980
vn -0.4478681 -5.8697095 -2.1383495
v 0.2482770 0.5901070 0.5451330
vn -1.4163731 -5.4416847 -2.7558787
v 0.2671430 0.5931830 0.5288740
vn -1.9337114 -4.6448879 -3.7051439
v 0.2858280 0.5971320 0.5127290
vn -2.0734086 -3.4042780 -4.7979102
v 0.3054450 0.6013550 0.4989830
vn -1.9120653 -2.1130903 -5.5618973
v 0.3250050 0.6050000 0.4895540
vn -1.1838338 -4.3494368 -4.2870960
v 0.2673950 0.6084750 0.5060980
vn -1.2688103 -3.0661731 -5.2177138
v 0.2871570 0.6161340 0.4944010
vn -1.1111636 -1.7521040 -5.8719726
v 0.3067650 0.6234630 0.4875050
vn -0.6754234 -2.0591724 -5.7788658
v 0.2686230 0.6320440 0.4900280
vn -0.6052195 -0.7567802 -6.1231751
v 0.2880650 0.6409990 0.4859640
vn -0.4257044 0.3603105 -6.1743155
v 0.3090230 0.6479490 0.4839750
vn -0.2349847 1.3354151 -6.0534892
v 0.3305650 0.6534290 0.4835610
vn -0.2219619 -0.4445890 -6.1233768
v 0.2495700 0.6494900 0.4872810
vn -0.0999906 1.7983881 -5.8810415
v 0.2900360 0.6663520 0.4875300
vn 5.0573177 -3.4125681 1.3042883
v 0.4333320 0.5526120 0.7361060
vn 5.7862177 -1.7796867 1.6441619
v 0.4217000 0.5356050 0.7535470
vn 5.6826439 -0.7014529 2.5210195
v 0.4113430 0.5188120 0.7760740
vn 3.4963548 -0.2967841 4.4942069
v 0.3955960 0.5042980 0.8019660
vn 5.0626812 -1.0517336 3.2770662
v 0.4076240 0.5282160 0.7880800
vn 2.3043978 -0.3031164 4.9189701
v 0.3903570 0.5146090 0.8062540
vn -2.5297859 0.4320999 4.6654735
v 0.3588870 0.5025480 0.8052520
vn -5.1473584 0.6937375 3.1690135
v 0.3440530 0.4896790 0.7874720
vn 0.2641314 -0.7178640 4.9596143
v 0.3773720 0.5251090 0.8119180
vn -4.0207024 -0.3990826 4.2063823
v 0.3508990 0.5127790 0.7978180
vn -5.8763137 -0.1360865 2.1222074
v 0.3368260 0.4997360 0.7681860
vn -4.7094846 -0.8378665 3.7706528
v 0.3457830 0.5255930 0.7931410
vn -6.0795631 0.6820265 1.3960365
v 0.3314670 0.4869910 0.7496380
vn -0.3534218 0.6799338 5.1214862
v 0.3728300 0.4918530 0.8113850
vn 4.8186331 0.0166821 3.7457490
v 0.4015840 0.4923760 0.7938140
vn -5.9363246 1.5908883 1.2539953
v 0.3273630 0.4708490 0.7435750
vn -5.7158337 1.2452081 2.2020564
v 0.3358970 0.4760270 0.7724740
vn -3.5545173 0.9024746 4.5769014
v 0.3550940 0.4790540 0.8034420
vn 1.8836401 0.1801884 5.1367431
v 0.3849770 0.4792180 0.8100290
vn 5.4149919 0.7403311 2.9669321
v 0.4079610 0.4794280 0.7844510
vn -4.8356013 1.3689634 3.5837474
v 0.3432480 0.4653400 0.7920990
vn -1.2082372 0.6664268 5.5378385
v 0.3665760 0.4667690 0.8111260
vn 3.9657075 0.9711565 4.4277868
v 0.3988470 0.4667530 0.8010290
vn -4.6697435 1.7474306 3.6962447
v 0.3381950 0.4486700 0.7919650
vn -2.5129879 0.9161853 5.3748627
v 0.3584910 0.4525270 0.8090510
vn 1.9701896 1.1056660 5.4029875
v 0.3882850 0.4540570 0.8105470
vn 4.8583045 1.7688516 3.4630640
v 0.4113150 0.4521850 0.7896510
vn 5.2548656 2.6850319 2.0469267
v 0.4239440 0.4476270 0.7656480
vn 0.5154731 0.9320180 5.9330573
v 0.3790880 0.4396950 0.8142320
vn 3.6848006 1.5964154 4.7112432
v 0.4043910 0.4396100 0.8024650
vn 4.5673270 2.9985046 3.0118635
v 0.4238590 0.4362080 0.7816140
vn -0.5770391 0.1267273 -6.2093353
v 0.6131720 0.3792810 0.4790990
vn 0.3703684 -0.0190002 -6.2161136
v 0.6365160 0.3754380 0.4786200
vn -3.0356936 2.8088899 -4.6779938
v 0.5751790 0.4147130 0.5013560
vn -2.4511943 1.7257514 -5.4921865
v 0.5887450 0.4075320 0.4901720
vn -1.2550541 0.8420929 -6.0472455
v 0.6083700 0.4016830 0.4818110
vn 0.3004109 0.6152353 -6.1893463
v 0.6301990 0.3966600 0.4795070
vn 1.3691686 1.0740833 -5.9960966
v 0.6527760 0.3927750 0.4825890
vn -1.9670652 0.9795170 -5.8126206
v 0.6078720 0.4256710 0.4856700
vn 0.1608838 0.7767760 -6.1349773
v 0.6262750 0.4191560 0.4817660
vn 1.8688684 1.2140212 -5.8166080
v 0.6462790 0.4137910 0.4849420
vn -2.4110577 0.7451568 -5.6219358
v 0.6103350 0.4529320 0.4885020
vn 0.2564061 0.6818199 -6.0693102
v 0.6259160 0.4442740 0.4843940
vn 2.4700754 1.0439017 -5.5870147
v 0.6429680 0.4368770 0.4880830
vn 3.6465964 1.8910809 -4.6812830
v 0.6595470 0.4304250 0.4967890
vn -0.2078525 -3.3393316 -5.2656565
v 0.6668110 0.3231190 0.4930240
vn 0.0102663 -2.1967471 -5.8360872
v 0.6546900 0.3379440 0.4857900
vn -0.2972043 -4.6564355 -4.1528635
v 0.6571930 0.3081000 0.5065760
vn -0.1804650 -3.6592097 -5.0330806
v 0.6399470 0.3217510 0.4947450
vn -0.1395966 -2.4472480 -5.7392693
v 0.6289770 0.3381670 0.4860290
vn -0.2037337 -1.1089634 -6.1269298
v 0.6200870 0.3576670 0.4802250
vn -0.3132972 -4.9905386 -3.6915374
v 0.6349560 0.3054050 0.5110640
vn -0.2485786 -3.8669493 -4.8493853
v 0.6175250 0.3198890 0.4969680
vn -0.2696406 -2.2898674 -5.7799459
v 0.6040620 0.3407760 0.4857350
vn -0.6863909 -0.5434284 -6.1690931
v 0.5961900 0.3618570 0.4814770
vn -1.3706462 0.9498518 -6.0227432
v 0.5908350 0.3846690 0.4834860
vn -0.2374972 -3.9056411 -4.8028216
v 0.5966280 0.3202520 0.4976810
vn -0.3868662 -1.9532099 -5.8302879
v 0.5833060 0.3421100 0.4859540
vn -0.9401769 0.4350885 -6.1293411
v 0.5738070 0.3687100 0.4843640
vn -1.8485612 2.2454541 -5.5238686
v 0.5699330 0.3924240 0.4914090
vn -0.2268739 -3.9176319 -4.7588463
v 0.5758720 0.3204390 0.4983540
vn -0.4063212 -1.4323955 -5.9339099
v 0.5639300 0.3451090 0.4862090
vn -0.9011760 1.5935212 -5.8869777
v 0.5553690 0.3744150 0.4878890
vn 1.7405604 5.1607466 3.0268884
v 0.8625510 0.6988010 0.7675980
vn 1.3823228 5.7138453 2.1278131
v 0.8513880 0.7102590 0.7494540
vn 1.1144594 5.3003869 3.0535269
v 0.8392720 0.7038170 0.7701710
vn 0.8827397 4.4531384 4.2398314
v 0.8266920 0.6928530 0.7884640
vn 0.5877256 3.0529954 5.3546500
v 0.8125870 0.6787830 0.8019320
vn 1.1035831 5.9556131 1.6229082
v 0.8392120 0.7182370 0.7313900
vn 0.8801401 5.7884412 2.2452796
v 0.8276840 0.7130510 0.7531830
vn 0.6864263 5.3583283 3.1426301
v 0.8153640 0.7055370 0.7732370
vn 0.5212253 4.5233617 4.2184424
v 0.8017620 0.6953960 0.7899450
vn 0.5076252 5.7671232 2.3768196
v 0.8038860 0.7145920 0.7571870
vn 0.3456668 5.3650675 3.1992524
v 0.7901940 0.7064950 0.7755210
vn 0.2578756 4.5805869 4.2195539
v 0.7756600 0.6961390 0.7910620
vn 0.3062829 6.0117188 1.7603331
v 0.7921640 0.7208040 0.7410230
vn 0.1995258 5.7621078 2.4672296
v 0.7787970 0.7145370 0.7601890
vn 0.0344914 4.6687284 4.1340079
v 0.7482120 0.6967270 0.7913110
vn 0.1985207 3.3497934 5.2113047
v 0.7606770 0.6836790 0.8026790
vn 0.3759525 3.1657081 5.3131051
v 0.7873970 0.6817890 0.8023850
vn 0.8396908 3.0344272 5.3280897
v 0.8364500 0.6746290 0.8011590
vn 0.2780101 1.4092579 6.0234580
v 0.7719510 0.6665120 0.8094650
vn 0.2954256 1.1687249 6.0638108
v 0.7978530 0.6624830 0.8091610
vn 0.3245908 1.1083453 6.0705967
v 0.8218610 0.6578410 0.8088370
vn 0.4641103 1.2605040 6.0407815
v 0.8453450 0.6527410 0.8083040
vn 0.3125580 -0.3803111 6.1936407
v 0.7555620 0.6510500 0.8112950
vn 0.1370825 -0.7401303 6.1650586
v 0.7816480 0.6474560 0.8099690
vn -0.1098042 -0.9438320 6.1393647
v 0.8066830 0.6411230 0.8090020
vn -0.3142288 -0.7310792 6.1687064
v 0.8309050 0.6350250 0.8089220
vn -0.1897987 -0.1902325 6.2042055
v 0.8538460 0.6293860 0.8097200
vn -0.2621903 -2.6731505 5.6253796
v 0.7892920 0.6283890 0.8041750
vn -0.8167776 -2.5022178 5.6651998
v 0.8144260 0.6216130 0.8032730
vn -1.2533492 -1.8231642 5.8457775
v 0.8385840 0.6140440 0.8047340
vn -1.1042677 -1.1012915 6.0178056
v 0.8602380 0.6049100 0.8075560
vn -2.2763126 -2.4116101 5.2996521
v 0.8437390 0.5935370 0.7985160
vn -2.1623418 -1.4301909 5.6696243
v 0.8649940 0.5807880 0.8028640
vn 0.3985168 0.3915930 6.1863356
v 0.8756440 0.6220220 0.8095000
vn 1.0777662 1.5435078 5.8705316
v 0.8686090 0.6468870 0.8070670
vn 1.3110369 3.0145688 5.2188549
v 0.8594950 0.6690350 0.8000620
vn 1.3411193 4.3799586 4.1970611
v 0.8503600 0.6885450 0.7867990
vn 1.7964597 1.9413763 5.6199636
v 0.8907870 0.6401810 0.8030830
vn 2.1001697 3.0651772 4.9637256
v 0.8826500 0.6628920 0.7956890
vn 1.9895952 4.2421389 4.0507860
v 0.8731760 0.6827610 0.7840470
vn 2.7991920 3.1150973 4.5879402
v 0.9045780 0.6548350 0.7895560
vn 2.7496436 4.0586023 3.8155804
v 0.8951750 0.6751930 0.7785470
vn 2.4203007 4.9481411 2.9046464
v 0.8847940 0.6921550 0.7635190
vn 2.0010829 5.5379643 2.0920036
v 0.8734800 0.7051780 0.7454300
vn 3.4673989 3.8776381 3.4257016
v 0.9157670 0.6657390 0.7709340
vn 2.6750607 5.2898135 1.9899875
v 0.8942320 0.6982430 0.7398960
vn 5.0980554 -3.5932407 -0.4573331
v 0.9551110 0.3365330 0.6247940
vn 4.6193814 -4.1912422 -0.1034540
v 0.9466300 0.3242380 0.6437510
vn 4.1662269 -4.6803317 0.3084457
v 0.9337510 0.3127960 0.6653250
vn 5.6592331 -2.6049986 -0.4360222
v 0.9730810 0.3672730 0.6244350
vn 5.4468803 -3.1065524 -0.1773513
v 0.9661050 0.3532090 0.6392540
vn 5.2136846 -3.4712281 0.1011644
v 0.9580880 0.3396210 0.6544160
vn 4.6672316 -4.1079435 0.4401751
v 0.9471390 0.3259520 0.6737070
vn 5.7508526 -2.4595275 0.0760684
v 0.9755490 0.3711540 0.6531100
vn 5.4954472 -2.9920626 0.3472998
v 0.9677460 0.3566290 0.6674840
vn 5.2361469 -3.3772871 0.6642865
v 0.9575440 0.3423060 0.6856880
vn 4.6790648 -3.9901652 0.9866992
v 0.9461610 0.3294300 0.7007560
vn 5.7477374 -2.3833761 0.6462588
v 0.9749500 0.3742790 0.6839680
vn 5.4694047 -2.8848803 0.9795264
v 0.9656860 0.3598700 0.7005060
vn 5.1788311 -3.2672849 1.3202817
v 0.9548570 0.3466020 0.7148110
vn 4.6006422 -3.8448679 1.6622337
v 0.9424870 0.3337310 0.7271420
vn 5.3419385 -2.7236476 1.7563558
v 0.9609750 0.3651350 0.7312100
vn 4.9524121 -3.1277411 2.1836963
v 0.9489240 0.3520180 0.7430470
vn 3.6118617 -4.1957116 2.8836508
v 0.9173520 0.3272830 0.7607970
vn 3.8151731 -4.4978456 2.0429196
v 0.9241230 0.3212920 0.7398960
vn 3.9949224 -4.6183977 1.3772852
v 0.9291690 0.3175780 0.7174390
vn 4.1104698 -4.6623697 0.8355527
v 0.9324350 0.3150200 0.6934710
vn 3.2508891 -5.0437508 1.7633424
v 0.9086170 0.3063460 0.7306370
vn 3.3783245 -5.1071405 1.1986921
v 0.9140120 0.3033580 0.7089380
vn 3.4780915 -5.1258931 0.6712968
v 0.9179510 0.3015790 0.6851350
vn 2.5437739 -5.5275226 1.4377500
v 0.8918440 0.2945480 0.7221510
vn 2.6846216 -5.5901313 0.9085505
v 0.8973830 0.2925380 0.6989110
vn 2.8591037 -5.5675201 0.4406353
v 0.9033020 0.2925200 0.6731330
vn 2.9827065 -5.5212564 -0.0840877
v 0.9067120 0.2934140 0.6440500
vn 1.8870286 -5.7140183 1.7640095
v 0.8688730 0.2893830 0.7341020
vn 2.0114288 -5.8163748 1.1657103
v 0.8750510 0.2854890 0.7110270
vn 2.1727960 -5.8290243 0.6846443
v 0.8820860 0.2841050 0.6866200
vn 2.3769910 -5.7727909 0.2434159
v 0.8888670 0.2845830 0.6616010
vn 2.5136120 -5.7083688 -0.2901305
v 0.8927410 0.2863120 0.6327670
vn 1.4951483 -6.0314445 0.8333735
v 0.8589060 0.2787250 0.6985220
vn 1.8271245 -6.0019035 0.0111808
v 0.8735600 0.2793860 0.6508860
vn 0.7970419 -6.0472817 1.4893305
v 0.8272100 0.2787840 0.7284430
vn -0.0987028 -6.1622643 1.1653873
v 0.7628010 0.2728370 0.7182770
vn 0.1675020 -6.1670351 1.1449834
v 0.7861310 0.2727390 0.7165810
vn 0.5217462 -6.1330433 1.1269364
v 0.8096550 0.2730950 0.7138590
vn 0.9529461 -6.1207104 1.0180044
v 0.8341260 0.2753900 0.7072920
vn 0.0241432 -6.2316899 0.7410394
v 0.7737860 0.2697280 0.6977440
vn 0.2551171 -6.2376099 0.6960225
v 0.7955250 0.2702330 0.6955500
vn 0.6317336 -6.2051020 0.6518335
v 0.8187290 0.2709690 0.6910230
vn 1.0828465 -6.1449838 0.5995749
v 0.8423580 0.2735120 0.6843920
vn 1.6656438 -6.0328298 0.4562452
v 0.8658520 0.2781480 0.6750230
vn 0.4347085 -6.2486010 0.3770291
v 0.8079500 0.2685810 0.6717220
vn 0.8158510 -6.2207427 0.2902179
v 0.8296490 0.2707570 0.6673750
vn 1.2736168 -6.1272469 0.1816370
v 0.8520210 0.2737080 0.6606530
vn 0.2794698 -6.2702694 0.0211544
v 0.7995230 0.2674440 0.6515490
vn 1.8926622 -5.9667907 -0.4549535
v 0.8787560 0.2820370 0.6250480
vn 0.1638242 1.7266864 5.9387445
v 0.7451760 0.6689000 0.8099790
vn 0.2635185 -2.4529557 5.7103853
v 0.7640680 0.6328910 0.8064190
vn 0.2638036 0.1320924 6.2079382
v 0.7295250 0.6532140 0.8126310
vn 0.5403570 -1.9190478 5.8753090
v 0.7384400 0.6354690 0.8095150
vn 0.6616752 -3.7153478 4.9838672
v 0.7465920 0.6194340 0.7995980
vn 0.5955728 -1.3192039 6.0530052
v 0.7140930 0.6362220 0.8118740
vn 0.9986116 -3.1399741 5.2862778
v 0.7225840 0.6195940 0.8040950
vn 1.2426400 -4.5985012 4.0349393
v 0.7302180 0.6053790 0.7901350
vn 0.7705229 -0.8826131 6.1261234
v 0.6892630 0.6329610 0.8139580
vn 1.2438195 -2.5169055 5.5792880
v 0.6999230 0.6179280 0.8076160
vn 1.7470696 -3.9833565 4.4697542
v 0.7075570 0.6030450 0.7958290
vn 2.0892360 -5.0247769 3.1000357
v 0.7132660 0.5923350 0.7791510
vn 1.4966205 -1.7738830 5.8058281
v 0.6752370 0.6132120 0.8117390
vn 3.2510355 -4.7369919 2.4772820
v 0.6970660 0.5789780 0.7700810
vn 2.0757337 -5.4619999 2.2522130
v 0.7184710 0.5862720 0.7614800
vn 1.1363724 -5.4606843 2.8626473
v 0.7363510 0.5965290 0.7738010
vn 0.4790384 -4.8884954 3.8766155
v 0.7540410 0.6065010 0.7857770
vn -0.0281259 -3.9973111 4.8185806
v 0.7715070 0.6173250 0.7959580
vn 0.8130061 -5.8033304 2.2187567
v 0.7426580 0.5905550 0.7568830
vn -0.0097973 -5.5605068 2.8921440
v 0.7611160 0.5971220 0.7697970
vn -0.5478116 -4.8769007 3.8990026
v 0.7787820 0.6041120 0.7824660
vn -0.8918399 -3.9278293 4.7938099
v 0.7963570 0.6122250 0.7940390
vn -0.5639856 -5.8242917 2.2366643
v 0.7686050 0.5900820 0.7540160
vn -1.2731019 -5.3442445 3.0070083
v 0.7864300 0.5928890 0.7678520
vn -1.7335789 -4.4681334 4.0316124
v 0.8034270 0.5980090 0.7816880
vn -1.7861011 -3.2963052 5.0121369
v 0.8208730 0.6043170 0.7948210
vn -1.2926149 -5.8503370 1.8100605
v 0.7777640 0.5828820 0.7372430
vn -2.0746868 -5.4089990 2.3281822
v 0.7933810 0.5838940 0.7518620
vn -2.6511190 -4.6855898 3.1972980
v 0.8089970 0.5845620 0.7682310
vn -2.8035121 -3.6575871 4.2380872
v 0.8260190 0.5874640 0.7847150
vn -3.6219711 -4.4139194 2.5469861
v 0.8138730 0.5721120 0.7526600
vn -3.7710598 -3.6230907 3.4353058
v 0.8281080 0.5722070 0.7708740
vn -3.3606665 -2.6147916 4.5753241
v 0.8445870 0.5749240 0.7890630
vn 1.8444755 -5.9448986 -0.8231356
v 0.8723890 0.2823040 0.6039380
vn 1.5614296 -5.7305541 -1.9056429
v 0.8567280 0.2874190 0.5579020
vn 1.5861688 -6.0637727 -0.2448084
v 0.8614690 0.2763150 0.6340530
vn 1.3872895 -6.0527444 -0.6073728
v 0.8538310 0.2753600 0.6129080
vn 1.1830250 -6.0387402 -1.1070932
v 0.8488450 0.2776140 0.5906550
vn 1.0160514 -5.9705043 -1.6036060
v 0.8405130 0.2813890 0.5675000
vn 0.9373617 -5.7604489 -2.2716510
v 0.8293590 0.2864610 0.5460350
vn 1.0564095 -6.1864324 -0.1222354
v 0.8425620 0.2721860 0.6415220
vn 0.8728474 -6.1964207 -0.5015795
v 0.8354420 0.2720710 0.6202720
vn 0.8394679 -6.1590757 -0.8851132
v 0.8313290 0.2738960 0.5994750
vn 0.8785701 -6.0735712 -1.2941513
v 0.8240690 0.2767840 0.5765100
vn 0.7056566 -6.2278466 0.0038860
v 0.8214270 0.2688700 0.6472610
vn 0.5651547 -6.2304382 -0.3876191
v 0.8163960 0.2690310 0.6268190
vn 0.5383930 -6.2052689 -0.7075167
v 0.8112550 0.2704240 0.6060520
vn 0.4475594 -6.1492829 -1.0960598
v 0.8062240 0.2728520 0.5857290
vn 0.2179678 -6.2710247 -0.2935603
v 0.7939090 0.2679050 0.6312360
vn 0.1908450 -6.2483854 -0.5705025
v 0.7877460 0.2688340 0.6117560
vn 0.0103177 2.0234480 5.8785043
v 0.7178680 0.6691100 0.8099940
vn 0.2680612 0.5052212 6.2077875
v 0.7029400 0.6523820 0.8135940
vn 0.0016099 2.1570783 5.8402925
v 0.6905790 0.6670310 0.8106870
vn 0.3545868 0.7197992 6.1904058
v 0.6771820 0.6486070 0.8151890
vn 0.8547936 -0.4140066 6.1811409
v 0.6646570 0.6285290 0.8166250
vn 1.3041651 -1.0054452 6.0312147
v 0.6507360 0.6070540 0.8165550
vn 0.0450740 2.1923549 5.8414979
v 0.6637600 0.6629470 0.8121530
vn 0.3712089 0.8746403 6.1746550
v 0.6518330 0.6435170 0.8174030
vn 0.4944646 -0.1575350 6.2242036
v 0.6397670 0.6217230 0.8196070
vn -0.1649967 3.4222028 5.2203193
v 0.6497790 0.6753120 0.8056210
vn -0.0207648 2.0773878 5.8776097
v 0.6380620 0.6572230 0.8145510
vn -0.0716661 0.6866615 6.1823449
v 0.6276310 0.6354240 0.8196520
vn -0.7253639 -0.4439004 6.1617365
v 0.6137000 0.6114520 0.8193230
vn -0.2928856 1.6602571 6.0068007
v 0.6141540 0.6508760 0.8159320
vn -0.7510178 0.1314498 6.1906600
v 0.6038930 0.6281500 0.8184200
vn 0.0579024 -6.1508517 -1.2059622
v 0.7729230 0.2734370 0.5769090
vn -0.1733676 -6.1566477 -1.2224807
v 0.7525900 0.2742820 0.5754830
vn -0.3181001 -6.1473870 -1.2268535
v 0.7309510 0.2752360 0.5742860
vn -0.4375387 -6.1352110 -1.2717854
v 0.7069480 0.2774950 0.5715740
vn -0.4663002 -6.1211200 -1.3333839
v 0.6819540 0.2799960 0.5687420
vn -0.1514945 -6.2160101 -0.8926371
v 0.7567780 0.2708590 0.5957160
vn -0.2995075 -6.2087722 -0.8952038
v 0.7341970 0.2718720 0.5937810
vn -0.4307003 -6.1963072 -0.9356125
v 0.7078360 0.2739500 0.5911840
vn -0.4668118 -6.1851468 -0.9820026
v 0.6837340 0.2762300 0.5874490
vn -0.4726037 -6.1595898 -1.1095366
v 0.6560660 0.2794580 0.5803390
vn -0.4254357 -6.2362857 -0.5964442
v 0.7139790 0.2710810 0.6101600
vn -0.4850357 -6.2271094 -0.6630918
v 0.6866600 0.2735920 0.6060320
vn -0.4769626 -6.2179770 -0.7655649
v 0.6572580 0.2769580 0.5989120
vn -0.4765095 -6.2539725 -0.3526890
v 0.6943090 0.2715510 0.6246940
vn -0.5049142 -6.2427368 -0.4557567
v 0.6635800 0.2743280 0.6178090
vn -0.4232564 -6.2377315 -0.5952777
v 0.6333700 0.2772910 0.6098010
vn -0.3188457 -6.2322445 -0.7294694
v 0.6056030 0.2802230 0.6004380
vn -0.4899970 -6.2607307 -0.1830439
v 0.6767830 0.2724330 0.6374390
vn -0.4092721 -6.2040772 -0.8998799
v 0.6302190 0.2799700 0.5905900
vn -0.2547741 -6.1968307 -0.9834353
v 0.5832760 0.2829240 0.5862430
vn -0.3159559 -6.1736383 -1.0899506
v 0.6043570 0.2827780 0.5806280
vn -0.3932392 -6.1358614 -1.2856568
v 0.6295160 0.2832860 0.5716540
vn -0.4643228 -6.0846496 -1.4946960
v 0.6551790 0.2837650 0.5620800
vn -0.3285460 -6.0541105 -1.6346210
v 0.6070490 0.2879570 0.5572840
vn -0.3988757 -6.0096903 -1.7613835
v 0.6298250 0.2878700 0.5521380
vn -0.4603853 -5.9296288 -1.9990085
v 0.6540870 0.2887600 0.5436920
vn -0.3791959 -5.7422400 -2.5013700
v 0.6794410 0.2912270 0.5323340
vn -0.2475940 -5.8650208 -2.2004449
v 0.5883770 0.2945160 0.5384870
vn -0.3049256 -5.8182201 -2.3216839
v 0.6095720 0.2948500 0.5352160
vn -0.4046799 -5.7494755 -2.4817019
v 0.6317900 0.2952490 0.5313320
vn -0.3936954 -5.5219784 -2.9012024
v 0.6558970 0.2968890 0.5230000
vn -0.3131840 -5.1668673 -3.4547539
v 0.6131220 0.3048260 0.5139410
vn -0.2923160 -4.2606158 -4.5318670
v 0.6797300 0.3115280 0.5009720
vn 0.1636980 -6.2623940 0.4330651
v 0.7858020 0.2679390 0.6751030
vn -0.1997686 -6.2380590 0.7142786
v 0.7507000 0.2703280 0.6971210
vn -0.1212078 -6.2613750 0.4371178
v 0.7628160 0.2679270 0.6770370
vn 0.0493804 -6.2737679 0.0895183
v 0.7773410 0.2668050 0.6552290
vn -0.3445244 -6.2367883 0.6243825
v 0.7268230 0.2704670 0.6909580
vn -0.2785600 -6.2617674 0.3957945
v 0.7393820 0.2686200 0.6742900
vn -0.1858197 -6.2770319 0.0803442
v 0.7536120 0.2673390 0.6549300
vn -0.0196663 -6.2737565 -0.2114605
v 0.7704050 0.2671040 0.6354190
vn -0.3443106 -6.2645288 0.0353548
v 0.7296840 0.2680610 0.6516040
vn -0.2358409 -6.2742677 -0.2164883
v 0.7468360 0.2679170 0.6352500
vn -0.0814848 -6.2485409 -0.5469602
v 0.7640930 0.2682390 0.6144830
vn 0.1130989 -6.2092471 -0.9239192
v 0.7810800 0.2709240 0.5937020
vn -0.4737365 -6.2619934 -0.0727400
v 0.7045150 0.2700090 0.6443490
vn -0.3823417 -6.2631745 -0.2986815
v 0.7226990 0.2692670 0.6298800
vn -0.2814272 -6.2468290 -0.5431678
v 0.7407140 0.2691970 0.6130270
vn -0.3326819 -6.2705836 -0.2081567
v 0.6006670 0.2779440 0.6334650
vn -0.4351723 -6.2517395 0.4196399
v 0.6354940 0.2763520 0.6779800
vn -0.4749830 -6.2138548 0.7969627
v 0.6498340 0.2776600 0.7003820
vn -0.3713445 -6.2566600 -0.4173993
v 0.6136700 0.2777690 0.6202070
vn -0.4179473 -6.2667289 -0.1194398
v 0.6308220 0.2758240 0.6413380
vn -0.4796251 -6.2608690 0.2152306
v 0.6468920 0.2750020 0.6628420
vn -0.5010591 -6.2330074 0.5564281
v 0.6625080 0.2747940 0.6863660
vn -0.5086651 -6.1885586 0.9466270
v 0.6747290 0.2766920 0.7089630
vn -0.4723091 -6.2585692 -0.2869076
v 0.6464530 0.2752810 0.6297650
vn -0.5065308 -6.2575092 0.0035997
v 0.6602940 0.2733390 0.6492900
vn -0.5015266 -6.2529325 0.3419571
v 0.6756310 0.2729910 0.6726450
vn -0.4862074 -6.2221065 0.7136060
v 0.6889490 0.2738670 0.6960890
vn -0.4576594 -6.1553483 1.1302969
v 0.7010200 0.2760490 0.7190790
vn -0.4823296 -6.2614031 0.1409598
v 0.6896320 0.2712910 0.6591280
vn -0.4636693 -6.2418838 0.4859602
v 0.7018530 0.2713210 0.6818790
vn -0.4068384 -6.2043118 0.8930768
v 0.7157790 0.2732580 0.7066640
vn -0.4275708 -6.2621145 0.2687373
v 0.7149560 0.2697500 0.6667260
vn -0.2678676 -6.1826534 1.0426250
v 0.7397860 0.2727960 0.7136000
vn -6.2125492 -0.5884038 0.4167024
v 0.3244950 0.5090440 0.6930080
vn -4.0115757 -4.6577678 0.1434608
v 0.3005730 0.5583660 0.6655450
vn -6.1812906 -0.6400818 0.7592911
v 0.3261910 0.5109990 0.7160180
vn -5.8184242 -2.0961769 0.5621962
v 0.3202760 0.5324290 0.6976940
vn -4.5255303 -4.1518540 0.4501313
v 0.3070400 0.5531160 0.6852990
vn -2.4331737 -5.6953373 0.3755313
v 0.2817870 0.5698780 0.6787380
vn -4.7077422 -3.9020374 0.7545471
v 0.3105290 0.5520490 0.7055820
vn -2.6574302 -5.5559530 0.6591545
v 0.2842390 0.5706160 0.6977240
vn -0.7717682 -6.1610079 0.6547219
v 0.2590370 0.5767340 0.6931020
vn 0.9653552 -6.1192102 0.6662638
v 0.2327840 0.5762760 0.6906390
vn -4.5340662 -4.0365744 1.1472285
v 0.3099210 0.5574930 0.7260150
vn -2.9280457 -5.3840389 1.0937514
v 0.2894430 0.5706060 0.7169600
vn -1.1522031 -6.0628133 0.9674836
v 0.2643020 0.5782800 0.7115750
vn 0.5743456 -6.1435566 1.0168612
v 0.2372610 0.5789280 0.7088380
vn 1.7329628 -5.8146400 1.4533951
v 0.2185260 0.5788780 0.7247730
vn 2.3970022 -5.6499090 1.0823944
v 0.2118830 0.5727900 0.7078760
vn -0.4777617 -6.2168140 0.3500510
v 0.2547180 0.5755580 0.6742500
vn -1.8733543 -5.9335752 0.1147455
v 0.2750960 0.5714440 0.6595070
vn 2.8877549 -5.4651341 0.7097182
v 0.2083030 0.5681530 0.6895920
vn 1.3672007 -6.0725722 0.3902410
v 0.2280790 0.5736780 0.6724600
vn -0.0106606 -6.2353597 0.0670493
v 0.2484780 0.5753280 0.6549540
vn -1.3955013 -6.0789609 -0.1262586
v 0.2685760 0.5730600 0.6395180
vn 4.7175784 -3.9834459 0.6876919
v 0.1896220 0.5527870 0.6863210
vn 3.3376536 -5.1834722 0.3998401
v 0.2043710 0.5644240 0.6702370
vn 1.8369628 -5.9585676 0.0625866
v 0.2227270 0.5714540 0.6535880
vn 0.3775347 -6.2279978 -0.2163037
v 0.2425410 0.5752730 0.6346320
vn 5.0897245 -3.5121746 0.4066905
v 0.1867920 0.5468230 0.6675890
vn 3.8257773 -4.8909206 0.0343669
v 0.2005950 0.5602410 0.6509460
vn 2.2644448 -5.7670045 -0.2534486
v 0.2170630 0.5703070 0.6336440
vn 0.7518969 -6.1733155 -0.5918963
v 0.2369000 0.5759860 0.6127930
vn -0.5140616 -6.1724324 -0.8434053
v 0.2538640 0.5782700 0.5962140
vn 4.3293943 -4.3533287 -0.2336248
v 0.1941050 0.5559630 0.6331460
vn 1.2785647 -6.0230417 -0.9401633
v 0.2285680 0.5772930 0.5944940
vn -5.7712870 -2.2158241 0.8278068
v 0.3213310 0.5354050 0.7196680
vn -6.1661534 -0.1373578 1.1553128
v 0.3301560 0.5018500 0.7388790
vn -6.0430408 -1.1623087 1.1975173
v 0.3282820 0.5207710 0.7387840
vn -5.6010752 -2.4510221 1.3018905
v 0.3228250 0.5409150 0.7406540
vn -4.5566826 -3.9184866 1.6102937
v 0.3127590 0.5608790 0.7475690
vn -5.8801665 -0.6189651 2.0555432
v 0.3356440 0.5142000 0.7668500
vn -5.8048615 -1.4516771 1.8690665
v 0.3319630 0.5292180 0.7626370
vn -5.3773046 -2.5226562 1.9836936
v 0.3258690 0.5478150 0.7627960
vn -4.2988887 -3.8436537 2.3332524
v 0.3169730 0.5668370 0.7690140
vn -2.9994953 -4.6106834 2.9558227
v 0.3031210 0.5822290 0.7784720
vn -5.0594454 -1.5574071 3.2291479
v 0.3388300 0.5400770 0.7872580
vn -4.7815747 -2.3547256 3.2394886
v 0.3320180 0.5564010 0.7857020
vn -3.7756166 -3.3009117 3.7118950
v 0.3235220 0.5746050 0.7892020
vn -2.5784154 -3.5920496 4.4266939
v 0.3111120 0.5923950 0.7954250
vn -1.7933218 -0.8143040 5.1936502
v 0.3629440 0.5369510 0.8104970
vn -3.0671995 -1.1026050 5.0477495
v 0.3530590 0.5509320 0.8067130
vn -3.3960438 -1.7536044 4.8743410
v 0.3439550 0.5668370 0.8039760
vn -2.8485148 -2.3539832 5.0347195
v 0.3332860 0.5856890 0.8042400
vn -3.1120572 -5.0711246 1.8966503
v 0.2983520 0.5767840 0.7577860
vn -3.0303030 -5.2422218 1.4395893
v 0.2939740 0.5730700 0.7372130
vn -1.6072266 -3.1431429 5.1450772
v 0.2980200 0.6106140 0.8032630
vn -2.0359757 -4.4219556 3.9241142
v 0.2890210 0.5977800 0.7885390
vn -2.0962396 -5.3017025 2.5962811
v 0.2822340 0.5889500 0.7701410
vn -1.7839007 -5.7302847 1.8052799
v 0.2762130 0.5836500 0.7501520
vn -1.5281507 -5.9267139 1.3039472
v 0.2704270 0.5803690 0.7305020
vn -1.2846577 -4.9491754 3.6035318
v 0.2666720 0.6014750 0.7831690
vn -0.9693427 -5.6390944 2.5615306
v 0.2581130 0.5931280 0.7641130
vn -0.5573865 -5.9768467 1.8045995
v 0.2522260 0.5866610 0.7451260
vn -0.0228311 -6.0993099 1.3317757
v 0.2451080 0.5830810 0.7266280
vn -0.4220690 -5.1293612 3.5560491
v 0.2452510 0.6033590 0.7807560
vn 0.1343003 -5.6990976 2.6123199
v 0.2367150 0.5932930 0.7612660
vn 0.8751818 -5.9022317 1.8933263
v 0.2279020 0.5853500 0.7418200
vn 0.4596954 -5.0889988 3.6148210
v 0.2248560 0.6021530 0.7789510
vn -0.0295443 3.4954896 5.1387730
v 0.7330100 0.6844520 0.8024700
vn -0.1691826 3.5239589 5.1450019
v 0.7050390 0.6829960 0.8025550
vn -0.2087887 3.5082939 5.1596022
v 0.6771470 0.6798000 0.8036370
vn -0.1302802 3.1598802 5.3819218
v 0.6239470 0.6706600 0.8078400
vn -0.1717789 4.6948404 4.0765486
v 0.7200170 0.6963980 0.7915010
vn -0.3013401 4.6237230 4.1635313
v 0.6912280 0.6941340 0.7921990
vn -0.2782544 4.4519119 4.3916035
v 0.6622440 0.6899510 0.7940090
vn -0.2202777 4.3080168 4.5420399
v 0.6347610 0.6857830 0.7963220
vn -0.2122081 4.2563353 4.5188122
v 0.6084400 0.6839430 0.7979180
vn -0.3021512 5.4481521 3.0724530
v 0.7071380 0.7045200 0.7782930
vn -0.3631477 5.3680830 3.1756573
v 0.6765140 0.7015440 0.7803920
vn -0.3521431 5.2082133 3.3436060
v 0.6464180 0.6984320 0.7832340
vn -0.2994861 5.2380676 3.3682923
v 0.6188810 0.6959090 0.7837480
vn -0.3942057 5.7693253 2.4471822
v 0.6932970 0.7096410 0.7653490
vn -0.4133970 5.7790346 2.4277794
v 0.6624280 0.7063600 0.7675730
vn -0.3795858 5.7724466 2.4495718
v 0.6322230 0.7035030 0.7691840
vn -0.2947933 5.7336001 2.5328467
v 0.6036340 0.7022910 0.7689340
vn -0.2056298 5.7436414 2.5093930
v 0.5753930 0.7021620 0.7665760
vn -0.3173509 5.2179298 3.4307761
v 0.5927240 0.6938950 0.7840270
vn -0.1168366 5.7375846 2.5194552
v 0.5502690 0.7013240 0.7669500
vn -0.1857778 5.2037454 3.4568739
v 0.5684230 0.6931970 0.7833740
vn -0.2766034 4.1169701 4.6479616
v 0.5847220 0.6808420 0.7992090
vn -0.2457369 2.7524879 5.5656686
v 0.5998490 0.6665620 0.8096200
vn -0.1428263 4.0485716 4.7062073
v 0.5622900 0.6795600 0.7993640
vn -0.2442238 2.4060569 5.7172332
v 0.5777560 0.6630120 0.8101730
vn -0.4733443 0.9790667 6.1396742
v 0.5917070 0.6448630 0.8157630
vn -0.0741871 3.8500326 4.8584032
v 0.5400170 0.6775360 0.8006150
vn -0.2050168 2.0748205 5.7999544
v 0.5561520 0.6612170 0.8103930
vn -0.5522293 0.2376905 6.1617160
v 0.5704620 0.6412880 0.8147460
vn -1.1429336 -0.9351175 6.0417347
v 0.5821990 0.6217580 0.8147650
vn -1.8474462 -1.4031340 5.7670498
v 0.5916120 0.6039530 0.8134640
vn -0.1976261 1.6011196 5.9340501
v 0.5351460 0.6587140 0.8105020
vn -2.1313007 -2.6568913 5.2358384
v 0.5720220 0.6003330 0.8043950
vn -2.0014775 3.7768185 -4.4909391
v 0.5513750 0.4009700 0.5035750
vn -0.5920590 1.7598516 -5.8755517
v 0.5371260 0.3716710 0.4892200
vn -0.0513240 -1.4836067 -5.9041018
v 0.5245410 0.3416420 0.4883630
vn -0.3141387 -0.7619629 -6.0416384
v 0.5450130 0.3494560 0.4864630
vn -0.0621916 -3.7218156 -4.8470993
v 0.5358440 0.3219830 0.4980800
vn -0.0567117 -5.2942362 -3.2977409
v 0.5293520 0.3055360 0.5184680
vn -0.0238245 -5.8382602 -2.2833087
v 0.5217340 0.2963700 0.5381930
vn -0.1854938 -3.7117808 -4.8524733
v 0.5562020 0.3219530 0.4976170
vn -0.1777040 -5.3792033 -3.1259568
v 0.5512610 0.3031850 0.5213000
vn -0.1439438 -5.9170890 -2.0695333
v 0.5454670 0.2943360 0.5428440
vn -0.2364372 -5.3034496 -3.2600253
v 0.5713590 0.3041710 0.5185330
vn -0.1874816 -5.9155297 -2.0712333
v 0.5676600 0.2940120 0.5421210
vn -0.1797614 -6.1118560 -1.4320124
v 0.5640750 0.2877010 0.5654810
vn -0.2757207 -5.2338190 -3.3620064
v 0.5919220 0.3046960 0.5160150
vn -0.2593071 -6.0895486 -1.5090934
v 0.5854700 0.2877150 0.5620650
vn 0.2427300 -5.5177255 -2.9342623
v 0.4176390 0.3018270 0.5212700
vn 0.2006065 -5.4631381 -3.0535977
v 0.4481160 0.3037280 0.5203930
vn 0.1613537 -4.6334743 -4.1409302
v 0.4039440 0.3117600 0.5054150
vn 0.2222834 -4.6657271 -4.1105261
v 0.4312240 0.3127180 0.5056690
vn 0.1893139 -4.5823398 -4.2183819
v 0.4602360 0.3146590 0.5052350
vn 0.0754800 -4.3641028 -4.4294925
v 0.4887360 0.3172580 0.5032710
vn -0.0254731 -4.1062970 -4.6254549
v 0.5138910 0.3194690 0.5009920
vn 0.2280839 -3.2005601 -5.3016286
v 0.4446300 0.3273840 0.4936830
vn 0.1349110 -2.9390116 -5.4491310
v 0.4728110 0.3302060 0.4930540
vn 0.0773545 -2.2152579 -5.7077513
v 0.5007730 0.3359390 0.4902820
vn 0.2457667 -1.1497090 -6.0833302
v 0.4578320 0.3455510 0.4871810
vn 0.1486830 -0.3091570 -6.1402574
v 0.4874200 0.3507590 0.4870610
vn -0.0562377 0.8877336 -6.0955782
v 0.5153920 0.3613290 0.4880330
vn 0.3690884 1.2465787 -6.0699434
v 0.4704030 0.3643030 0.4879040
vn 0.0514889 2.3961439 -5.7322016
v 0.4985790 0.3713520 0.4914190
vn 0.1902089 -3.1957307 -5.2971692
v 0.4181550 0.3275620 0.4923410
vn 0.3618963 -1.3659230 -6.0470176
v 0.4306380 0.3455470 0.4858840
vn 0.5986938 0.5488312 -6.1762366
v 0.4420090 0.3635030 0.4857050
vn 0.2362952 -4.3483238 -4.4412766
v 0.3793290 0.3134360 0.5026970
vn 0.1121677 -3.1009393 -5.3802786
v 0.3934880 0.3293050 0.4908410
vn 0.3629797 -1.4403121 -6.0318208
v 0.4059120 0.3483850 0.4836660
vn 0.8468254 0.2235496 -6.1819038
v 0.4166920 0.3680680 0.4831570
vn 0.1039958 -2.6837711 -5.6142950
v 0.3706570 0.3346870 0.4876400
vn 0.2155554 -1.3700261 -6.0656686
v 0.3835280 0.3535020 0.4813420
vn 0.7330185 -0.0334208 -6.1997514
v 0.3940040 0.3743490 0.4800260
vn 1.5546641 1.0429875 -5.9665504
v 0.4034230 0.3939580 0.4836460
vn -0.2463724 -0.8961647 -6.1436176
v 0.3617580 0.3600840 0.4798710
vn -0.0363812 0.0521670 -6.2067819
v 0.3731450 0.3806850 0.4781610
vn 0.6431150 0.6854411 -6.1677780
v 0.3833080 0.4020460 0.4804350
vn 1.7259637 0.9664609 -5.9176841
v 0.3909220 0.4237020 0.4850870
vn 3.1163280 1.1275594 -5.2779889
v 0.3971000 0.4422560 0.4911950
vn 0.6179558 0.5723409 -6.0920334
v 0.3792390 0.4533040 0.4857200
vn 5.8217306 1.6872648 1.5662472
v 0.9786400 0.5918970 0.7272360
vn 5.7610083 2.0536549 1.4221609
v 0.9740730 0.6091230 0.7210540
vn 5.3629632 3.0694621 1.0889996
v 0.9614080 0.6456360 0.7039520
vn 5.8566380 2.0660934 0.9385820
v 0.9784800 0.6095570 0.6980330
vn 5.7013817 2.4800935 0.7670359
v 0.9730210 0.6274120 0.6911780
vn 5.4437823 3.0295501 0.6081002
v 0.9653770 0.6454510 0.6815850
vn 6.0195656 1.5710691 0.6756140
v 0.9868320 0.5899820 0.6863810
vn 5.8965788 2.0793977 0.5385163
v 0.9814720 0.6086700 0.6783490
vn 5.7595997 2.4536180 0.3604242
v 0.9753090 0.6267190 0.6697780
vn 5.5008302 3.0026937 0.1683756
v 0.9673720 0.6442450 0.6590880
vn 5.1691294 3.5321753 -0.0738049
v 0.9574690 0.6609430 0.6448480
vn 5.9159513 2.1007671 0.1083931
v 0.9822100 0.6097860 0.6553580
vn 5.7715406 2.4283416 -0.0535261
v 0.9761720 0.6266890 0.6459900
vn 5.5137076 2.9721122 -0.2636410
v 0.9680800 0.6426190 0.6345070
vn 6.0160060 1.7007015 -0.1711180
v 0.9877340 0.5940610 0.6396330
vn 5.8985739 2.1284578 -0.3582892
v 0.9813030 0.6104300 0.6297700
vn 5.2442188 3.3980622 -0.5168400
v 0.9583170 0.6573580 0.6208850
vn 5.0702739 3.6555257 0.3408536
v 0.9554850 0.6628220 0.6687260
vn 4.6511936 4.1455808 -0.3957926
v 0.9467900 0.6740160 0.6272170
vn 4.5751157 4.2573447 0.0634546
v 0.9444510 0.6775110 0.6517340
vn 4.5132170 4.3157578 0.5169256
v 0.9410960 0.6790870 0.6758410
vn 4.1301150 4.7113247 -0.3238267
v 0.9329180 0.6873480 0.6313460
vn 3.9169633 4.8733358 0.0737877
v 0.9293240 0.6914670 0.6562110
vn 3.7254138 4.9373546 0.5667794
v 0.9249360 0.6938150 0.6824020
vn 3.4251611 5.2328458 -0.1915348
v 0.9176310 0.6996140 0.6356790
vn 3.1986849 5.3924718 0.2003584
v 0.9124210 0.7025410 0.6619650
vn 3.0166774 5.4613156 0.6936744
v 0.9073000 0.7031640 0.6888490
vn 2.8548512 5.4263082 1.3003567
v 0.9016760 0.7017930 0.7146970
vn 2.6055613 5.6762357 0.3200676
v 0.8949450 0.7118400 0.6681720
vn 2.3743179 5.7061691 0.8282523
v 0.8892010 0.7119590 0.6951860
vn 3.6107860 4.9078722 1.1715004
v 0.9203790 0.6927830 0.7080100
vn 4.3804250 4.3814774 0.9978752
v 0.9364640 0.6793360 0.6999980
vn 4.9401293 3.7378471 0.7750998
v 0.9522790 0.6640140 0.6919060
vn 3.4405141 4.8423810 1.8596867
v 0.9137570 0.6895470 0.7331750
vn 4.1414814 4.4341798 1.5958951
v 0.9308490 0.6776660 0.7245240
vn 4.7775474 3.7450616 1.2922807
v 0.9477070 0.6640140 0.7158630
vn 3.1747403 4.6109157 2.7146015
v 0.9055200 0.6838830 0.7572470
vn 3.8562584 4.3101845 2.3947043
v 0.9240380 0.6734080 0.7486560
vn 4.5348372 3.6839094 2.0140302
v 0.9414400 0.6618250 0.7395220
vn 5.2384615 3.0352592 1.6512072
v 0.9562480 0.6444490 0.7266180
vn 5.5778904 2.4918184 1.2520883
v 0.9697150 0.6269880 0.7133650
vn 4.2524424 3.4020388 2.9412966
v 0.9346040 0.6547650 0.7617540
vn 5.0229340 2.8852038 2.3892262
v 0.9497310 0.6408040 0.7493240
vn 5.3730483 2.5203819 1.9279373
v 0.9636620 0.6256020 0.7364060
vn 4.5938253 2.5531967 3.3512554
v 0.9426360 0.6325320 0.7702410
vn 5.1155810 2.2948029 2.7521830
v 0.9574400 0.6188660 0.7572770
vn 5.9378772 1.6147057 1.1030754
v 0.9836910 0.5904810 0.7071780
vn 6.0419140 1.6327058 0.2713908
v 0.9878890 0.5921210 0.6639240
vn 6.0089765 1.1972936 1.3682024
v 0.9847530 0.5723710 0.7194680
vn 6.1016397 1.2164314 0.8643298
v 0.9895490 0.5699580 0.6948720
vn 6.1459422 1.2181846 0.4413903
v 0.9913590 0.5721820 0.6740110
vn 6.1575851 1.2156529 0.0193567
v 0.9919230 0.5748450 0.6506170
vn 6.1625757 0.9068159 0.6254392
v 0.9944310 0.5527420 0.6847360
vn 6.1963310 0.9678040 0.1943492
v 0.9953630 0.5550300 0.6607330
vn 6.1874547 1.0325643 -0.2347358
v 0.9946750 0.5582660 0.6368800
vn 6.2394848 0.4978835 0.4598274
v 0.9968940 0.5354050 0.6747190
vn 6.2391129 0.5762770 0.0059476
v 0.9978910 0.5377740 0.6494700
vn 6.2232513 0.6646586 -0.4184407
v 0.9966290 0.5405660 0.6251980
vn 6.1645918 0.7046238 -0.8966450
v 0.9937630 0.5437120 0.6005670
vn 6.2218184 0.4154449 0.7436330
v 0.9965400 0.5168570 0.6904350
vn 6.2632298 0.3895267 0.2788312
v 0.9984390 0.5179740 0.6647870
vn 6.1434288 1.0889058 -0.6501325
v 0.9927350 0.5601710 0.6123490
vn 6.1424866 1.2311988 -0.4435135
v 0.9903720 0.5773770 0.6255120
vn 6.0459337 1.1614819 -1.1895174
v 0.9885470 0.5625690 0.5868760
vn 6.0765476 1.2737820 -0.9418197
v 0.9871710 0.5787690 0.5994200
vn 5.9680233 1.7137063 -0.6598573
v 0.9858050 0.5948580 0.6131920
vn 5.8999939 1.3789247 -1.6173575
v 0.9808640 0.5824180 0.5720820
vn 5.8544273 1.7475454 -1.2584099
v 0.9812030 0.5958060 0.5857640
vn 5.8320861 2.1577914 -0.8787777
v 0.9783860 0.6108130 0.6029510
vn 5.7676377 2.3730307 -0.5474979
v 0.9751100 0.6259760 0.6194940
vn 5.5984654 1.9334493 -1.9977634
v 0.9717440 0.6007870 0.5586150
vn 5.6912246 2.1450179 -1.5519186
v 0.9715700 0.6136110 0.5745500
vn 5.6481376 2.4149361 -1.1567090
v 0.9705930 0.6266840 0.5902210
vn 5.4687734 2.9448495 -0.7909539
v 0.9669430 0.6404800 0.6083350
vn 6.0852356 0.8716866 1.1639259
v 0.9911750 0.5512810 0.7090570
vn 6.1903977 0.4732624 0.9351992
v 0.9941170 0.5342540 0.6997840
vn 5.9267559 1.0119575 1.7852434
v 0.9836660 0.5584660 0.7339030
vn 6.0520034 0.6147342 1.5280569
v 0.9888710 0.5380380 0.7252670
vn 6.1265607 0.3954951 1.2976321
v 0.9922620 0.5187220 0.7168800
vn 6.1493092 -0.0067843 1.1375281
v 0.9950440 0.5009220 0.7080200
vn 5.5363684 1.1888273 2.6842830
v 0.9723380 0.5720720 0.7568530
vn 5.7625875 0.9054991 2.2530813
v 0.9802460 0.5483740 0.7495340
vn 5.9114141 0.4030418 2.0220046
v 0.9851120 0.5262810 0.7423990
vn 5.9940581 0.0823585 1.8123311
v 0.9885120 0.5059980 0.7344560
vn 6.0808382 -0.2565801 1.5316389
v 0.9904320 0.4863380 0.7252970
vn 5.2070088 1.0986218 3.2882767
v 0.9667090 0.5618460 0.7713470
vn 5.4150467 0.5841926 3.0007086
v 0.9745760 0.5384320 0.7654740
vn 5.6490822 0.2106163 2.6996205
v 0.9789540 0.5153520 0.7585930
vn 5.8068151 -0.0655905 2.3356178
v 0.9827290 0.4935230 0.7510740
vn 4.5933623 0.7711062 4.1151276
v 0.9591850 0.5507670 0.7849090
vn 5.4106245 -0.2911066 3.0826089
v 0.9750700 0.4815070 0.7670590
vn 5.5637069 -0.7238579 2.7385001
v 0.9771890 0.4598350 0.7591120
vn 5.9118137 -0.3937896 2.0231073
v 0.9850420 0.4723870 0.7424490
vn 6.1255994 -0.4535410 1.2563995
v 0.9916980 0.4666180 0.7156090
vn 6.2021890 -0.3810466 0.9086565
v 0.9954480 0.4823640 0.6979940
vn 6.2228308 -0.0281378 0.5642453
v 0.9988180 0.4991570 0.6808870
vn 6.2140770 -0.5154618 0.6827506
v 0.9957020 0.4635020 0.6878570
vn 6.2553377 -0.4175186 0.3804986
v 0.9981450 0.4810030 0.6705560
vn 6.2579327 0.0289041 0.0791372
v 1.0000000 0.5003740 0.6547250
vn 6.2688456 0.3654693 -0.1574233
v 0.9985690 0.5201130 0.6397020
vn 6.2481284 -0.5551704 0.2081590
v 0.9973770 0.4618540 0.6609430
vn 6.2660265 -0.3836529 -0.0685044
v 0.9989230 0.4810580 0.6451770
vn 6.2589254 0.0367140 -0.3426729
v 0.9993120 0.5016250 0.6304730
vn 6.2351646 0.3898373 -0.5937929
v 0.9973130 0.5220180 0.6159440
vn 6.2476702 -0.3282666 -0.5122205
v 0.9978960 0.4820400 0.6211100
vn 6.2202697 0.0496594 -0.7805397
v 0.9971930 0.5037640 0.6070390
vn 5.7209458 1.3422630 2.1066434
v 0.9768000 0.5818950 0.7421300
vn 5.5609288 1.9759396 2.0918376
v 0.9695750 0.6047160 0.7423740
vn 5.2927103 1.7141542 2.8536699
v 0.9644700 0.5959600 0.7603480
vn 4.8506060 1.4433688 3.6237743
v 0.9577840 0.5857190 0.7764730
vn 4.1726336 1.1531172 4.4636636
v 0.9497960 0.5742910 0.7891420
vn 3.1522164 0.7888677 5.2801785
v 0.9389660 0.5624290 0.7998870
vn 4.6210523 1.9427562 3.7138021
v 0.9488190 0.6096220 0.7765930
vn 3.8154008 1.4902492 4.6958575
v 0.9388820 0.5978500 0.7915010
vn 2.6932156 0.9705418 5.5139012
v 0.9276880 0.5844580 0.8020860
vn 1.1991581 0.4188382 6.0642366
v 0.9147000 0.5701530 0.8083240
vn 3.7926810 2.0127757 4.4904084
v 0.9316770 0.6215380 0.7887880
vn 2.5751374 1.2530661 5.5024080
v 0.9179260 0.6077570 0.8021960
vn 0.9842502 0.4037054 6.1157236
v 0.9037010 0.5922060 0.8086730
vn 3.6876547 2.9036243 4.0400810
v 0.9251200 0.6449130 0.7815690
vn 2.7143879 2.1106918 5.1364083
v 0.9123410 0.6322280 0.7976780
vn 1.2964277 0.9654263 5.9614835
v 0.8973730 0.6161930 0.8076550
vn -0.3979363 -0.3393713 6.1943045
v 0.8813480 0.5980340 0.8093660
vn 2.1899247 0.4645766 -5.7686405
v 0.9287400 0.5512010 0.4929350
vn -0.2378219 -0.1785669 -6.1960502
v 0.8816480 0.6008810 0.4890210
vn 0.7811540 0.3871987 -6.1460257
v 0.9035960 0.5862870 0.4896490
vn 2.3410912 0.6731610 -5.6798248
v 0.9270200 0.5705420 0.4939920
vn 3.9121239 0.7238566 -4.7708359
v 0.9491530 0.5534400 0.5053750
vn 5.0211453 0.5461888 -3.6323318
v 0.9672620 0.5354800 0.5220180
vn 2.9588985 1.1212720 -5.2999625
v 0.9304450 0.5878980 0.4983300
vn 4.1423588 1.0258021 -4.4902706
v 0.9498960 0.5717880 0.5091640
vn 5.0930123 0.8614475 -3.4875767
v 0.9671220 0.5544120 0.5258020
vn 4.5840836 1.4538049 -3.9249878
v 0.9537700 0.5879880 0.5180340
vn 5.3155069 1.1544505 -3.0360045
v 0.9693610 0.5701730 0.5340990
vn 5.7463589 0.8507130 -2.3106155
v 0.9801110 0.5516350 0.5502990
vn 5.4917402 1.5174861 -2.5329473
v 0.9704680 0.5864020 0.5440660
vn 5.8431549 1.2027178 -1.9255081
v 0.9807240 0.5675950 0.5605150
vn 6.0209208 0.7671137 -1.5120822
v 0.9886370 0.5475810 0.5753180
vn 1.8851593 0.9418987 -5.7894130
v 0.9113840 0.6028910 0.4927350
vn 3.8134599 1.5476358 -4.6579418
v 0.9376000 0.6032650 0.5077380
vn 5.0181103 1.8462579 -3.1759851
v 0.9584920 0.6023770 0.5311470
vn -0.2914832 -0.4331959 -6.1918435
v 0.8655780 0.6171710 0.4892450
vn 1.1217455 0.7438160 -6.0503268
v 0.8922730 0.6177040 0.4904870
vn 2.9921417 1.6583860 -5.1522593
v 0.9207980 0.6184820 0.5008370
vn 4.4006081 2.0450041 -3.8383894
v 0.9436030 0.6182430 0.5194450
vn 5.2961287 2.1742239 -2.5307360
v 0.9603020 0.6167270 0.5458160
vn 1.0160201 1.2185874 -5.9757123
v 0.8790550 0.6356190 0.4909400
vn 2.3643255 1.8744477 -5.3785539
v 0.9045280 0.6341430 0.4977660
vn 3.8243976 2.4262819 -4.2544913
v 0.9293390 0.6340930 0.5141900
vn 4.8336082 2.5628874 -2.9882472
v 0.9476170 0.6324230 0.5353850
vn 5.3427358 2.5074456 -1.9383799
v 0.9616480 0.6301390 0.5614370
vn 3.2819412 2.9957931 -4.2869430
v 0.9157820 0.6506120 0.5128340
vn 4.3194127 3.1065347 -3.1789176
v 0.9356360 0.6489660 0.5320550
vn 4.9929895 3.1213064 -2.1235182
v 0.9500100 0.6463340 0.5563470
vn 5.2961397 3.0653257 -1.3716164
v 0.9597830 0.6422200 0.5788230
vn 2.8280406 3.7850492 -4.0264106
v 0.9027380 0.6671900 0.5171720
vn 3.7717302 3.8486199 -3.1383278
v 0.9223880 0.6646820 0.5332360
vn 4.4282331 3.7446485 -2.2188964
v 0.9375400 0.6622740 0.5524570
vn 4.9278479 3.5342669 -1.5420158
v 0.9483600 0.6585390 0.5743760
vn -1.8146603 5.9216027 0.8197576
v 0.2742920 0.4241710 0.7075270
vn -5.9446907 1.8540843 0.4006917
v 0.3208370 0.4715500 0.6892080
vn -4.8502026 3.8398366 0.3425306
v 0.3098040 0.4495180 0.6881210
vn -2.9121182 5.4797697 0.4774184
v 0.2882040 0.4318610 0.6881960
vn -1.0792770 6.1237922 0.5685556
v 0.2638770 0.4235500 0.6904450
vn 0.5663792 6.1879416 0.7298964
v 0.2384390 0.4223170 0.6942540
vn -3.6844521 4.9847746 0.1580749
v 0.2971550 0.4383810 0.6686810
vn -1.8431261 5.9520631 0.2995809
v 0.2748960 0.4276190 0.6697280
vn -0.1383560 6.2378588 0.3731136
v 0.2504310 0.4236270 0.6733180
vn 1.5494477 6.0340028 0.4920868
v 0.2258520 0.4261850 0.6770820
vn -4.2235227 4.5318112 -0.0563292
v 0.3028410 0.4434380 0.6467230
vn -2.4559188 5.7379160 -0.0176891
v 0.2829760 0.4312560 0.6490060
vn -0.7662730 6.2073889 0.0317164
v 0.2593430 0.4251200 0.6523620
vn 0.8935987 6.1804256 0.0816294
v 0.2351340 0.4251330 0.6563060
vn -2.7418344 5.5939736 -0.3291516
v 0.2869190 0.4322350 0.6271970
vn 2.0595043 5.8754702 -0.1675216
v 0.2197670 0.4285530 0.6393130
vn 4.0085430 4.7425056 -0.1162410
v 0.1987050 0.4404810 0.6432620
vn 2.7435393 5.5863028 0.1681897
v 0.2117420 0.4320010 0.6599900
vn 4.6097488 4.1209135 0.2568125
v 0.1917680 0.4464550 0.6628770
vn 3.4584656 5.1258855 0.6000842
v 0.2030770 0.4354970 0.6800990
vn 2.2613287 5.7305317 0.8980764
v 0.2146860 0.4269290 0.6979740
vn 1.2933766 6.0011086 1.2269514
v 0.2254610 0.4210690 0.7160630
vn 0.6073687 6.0089178 1.6776665
v 0.2337930 0.4153650 0.7346850
vn 5.1797085 3.3968754 0.5833855
v 0.1854450 0.4533330 0.6817990
vn 4.1550403 4.5000830 0.9991118
v 0.1938330 0.4394150 0.6996540
vn 3.0258842 5.2720103 1.3846354
v 0.2033630 0.4284610 0.7185060
vn 2.0606833 5.5720115 1.9439871
v 0.2109720 0.4190010 0.7386590
vn 5.5114250 2.7170291 1.0335842
v 0.1789530 0.4598130 0.7000580
vn 4.6752367 3.8576543 1.4309418
v 0.1848810 0.4438850 0.7185860
vn 3.6235251 4.6356549 2.1048448
v 0.1913350 0.4298800 0.7389380
vn 2.6719484 4.8289289 2.9601955
v 0.1939120 0.4170260 0.7613850
vn 1.8465812 4.4881768 3.9516294
v 0.1942090 0.4026090 0.7814290
vn 5.0084620 3.1257567 2.0197608
v 0.1755730 0.4480780 0.7369890
vn 4.0229907 3.8289239 2.8512678
v 0.1778080 0.4308210 0.7579100
vn 1.4419020 5.4942441 2.6406038
v 0.2143720 0.4105680 0.7581500
vn -0.1835295 6.1751204 1.0260154
v 0.2490750 0.4197130 0.7117700
vn 0.9693938 4.0173435 4.6889224
v 0.2016380 0.3884190 0.7933760
vn 0.7309585 5.2542286 3.3328981
v 0.2183140 0.4001300 0.7752760
vn 0.0197654 5.8996444 2.1064193
v 0.2395290 0.4093960 0.7524900
vn -0.8474715 6.0545158 1.3400161
v 0.2577570 0.4170210 0.7288470
vn -0.3580155 5.6059361 2.7709303
v 0.2437670 0.4034560 0.7686650
vn -1.2571933 5.8920436 1.7414738
v 0.2644210 0.4141090 0.7462430
vn -2.5112278 5.6022868 1.1100233
v 0.2847500 0.4253950 0.7234170
vn -3.7422965 4.8552766 0.7837871
v 0.2989290 0.4362930 0.7045400
vn -1.4137913 5.5996885 2.4377613
v 0.2699940 0.4094510 0.7630960
vn -2.6985826 5.4215651 1.5430189
v 0.2899340 0.4238850 0.7404290
vn -4.4490085 4.1420622 1.0753082
v 0.3082790 0.4414130 0.7210340
vn -5.5206714 2.7481337 0.6840031
v 0.3178270 0.4593220 0.7068390
vn 5.9355011 -0.8615441 1.7598537
v 0.9862190 0.4524700 0.7328460
vn 6.1016693 -0.9426636 1.0502017
v 0.9915940 0.4476590 0.7054430
vn 6.1670737 -0.9863451 0.5015793
v 0.9946000 0.4443780 0.6768630
vn 5.7152557 -1.0163153 2.3603356
v 0.9775730 0.4391770 0.7502120
vn 5.9925203 -1.1398323 1.4793183
v 0.9848970 0.4323070 0.7227840
vn 6.1122870 -1.1754287 0.8325292
v 0.9894450 0.4286310 0.6943840
vn 6.1544623 -1.2227175 0.2782710
v 0.9913040 0.4248140 0.6646020
vn 5.7371807 -1.3993340 2.0158744
v 0.9772840 0.4184940 0.7410530
vn 5.9290905 -1.5283368 1.2297722
v 0.9837010 0.4126390 0.7120440
vn 6.0020571 -1.6002975 0.6023132
v 0.9872960 0.4085820 0.6818140
vn 6.0039415 -1.7063991 0.0458805
v 0.9877540 0.4045690 0.6529250
vn 5.7234001 -1.9273361 1.6827351
v 0.9748110 0.3985730 0.7290710
vn 5.8581738 -2.0424078 0.9548753
v 0.9795620 0.3931660 0.6986670
vn 5.8988986 -2.1248345 0.3554495
v 0.9814770 0.3894300 0.6680830
vn 5.8966732 -2.1522443 -0.1974644
v 0.9807090 0.3862670 0.6383460
vn 5.6701045 -2.2857242 1.3313246
v 0.9711310 0.3783400 0.7159230
vn 5.5134020 -2.7267318 -1.0286270
v 0.9686280 0.3651210 0.5965780
vn -1.5537274 4.8713036 -3.5990486
v 0.2743850 0.3987030 0.5136960
vn -0.8768278 5.2656012 -3.2724569
v 0.2574170 0.3991320 0.5209060
vn 0.0043270 5.4959450 -3.0077312
v 0.2395960 0.4016470 0.5277370
vn 0.9543712 5.4995012 -2.8544853
v 0.2200460 0.4062890 0.5337850
vn -0.7119643 3.9610496 -4.7439346
v 0.2550000 0.3825220 0.5009670
vn -0.1045654 4.4754043 -4.3490953
v 0.2378600 0.3872120 0.5072100
vn 0.5563692 4.7869878 -3.9776607
v 0.2208200 0.3935670 0.5134020
vn 1.5393972 4.7649288 -3.7567799
v 0.2004880 0.4019800 0.5195500
vn -0.1690148 2.5331607 -5.6519985
v 0.2344060 0.3674090 0.4926800
vn 0.3063295 3.2330616 -5.2972975
v 0.2161300 0.3762110 0.4972920
vn 0.9251244 3.6990602 -4.9423409
v 0.1978050 0.3863340 0.5025830
vn 1.9732248 3.5659416 -4.7344990
v 0.1788230 0.3991620 0.5069750
vn 2.9876416 3.0589223 -4.5611882
v 0.1643410 0.4148030 0.5104010
vn -0.0138538 0.8981258 -6.1308317
v 0.2123370 0.3541010 0.4890060
vn 0.9024648 2.2413011 -5.7448373
v 0.1748080 0.3790630 0.4942310
vn 2.3275023 1.7266957 -5.5020881
v 0.1425270 0.4139710 0.4976170
vn 2.8985598 4.2242889 -3.5892794
v 0.1833220 0.4147120 0.5253140
vn 2.2078772 5.1705871 -2.7509506
v 0.2012970 0.4149320 0.5405010
vn 1.4544766 5.7740617 -1.9595433
v 0.2184860 0.4161830 0.5565010
vn 4.1056309 3.3755615 -3.3129199
v 0.1710780 0.4314990 0.5307140
vn 3.7417758 4.3303232 -2.5146792
v 0.1852720 0.4283500 0.5471970
vn 2.8982904 5.2005610 -1.8954136
v 0.2001350 0.4251610 0.5633720
vn 1.9943863 5.7710581 -1.3215103
v 0.2159190 0.4227080 0.5794860
vn 4.9937491 3.0668314 -2.2044163
v 0.1737330 0.4466520 0.5544820
vn 4.4658241 3.9663327 -1.7519571
v 0.1843030 0.4400330 0.5700680
vn 3.6456301 4.9048090 -1.2893929
v 0.1971730 0.4342410 0.5859630
vn 2.5693524 5.6145558 -0.8779073
v 0.2112830 0.4287410 0.6017440
vn 5.7268076 1.6354477 -1.9449071
v 0.1666360 0.4698020 0.5625740
vn 5.6271048 2.2734973 -1.4934407
v 0.1735400 0.4617840 0.5771880
vn 5.1756606 3.2602584 -1.1576937
v 0.1818220 0.4520460 0.5919370
vn 4.3823485 4.2982097 -0.7933993
v 0.1920130 0.4424170 0.6071640
vn 6.0002694 1.4089572 -0.9894047
v 0.1728810 0.4768050 0.5976360
vn 5.7182412 2.3891325 -0.7152513
v 0.1790280 0.4643780 0.6119850
vn 5.0432940 3.5937707 -0.4680946
v 0.1874430 0.4515110 0.6273020
vn 3.2497005 5.2655478 -0.5148080
v 0.2051490 0.4343820 0.6230240
vn 1.4301863 6.0685720 -0.5341148
v 0.2270570 0.4257120 0.6179480
vn 0.8999732 6.1122189 -0.9502898
v 0.2326590 0.4216310 0.5954370
vn 0.5384858 6.0893126 -1.3630250
v 0.2360910 0.4172080 0.5726110
vn 0.2780879 5.9140639 -2.0588591
v 0.2379190 0.4109580 0.5499050
vn 0.3608621 6.2389503 -0.2185757
v 0.2429180 0.4242000 0.6349160
vn -0.0982299 6.2323747 -0.5531672
v 0.2492420 0.4228120 0.6128380
vn -0.4944162 6.1752110 -0.9447280
v 0.2536030 0.4204320 0.5897930
vn -0.6903347 6.0542779 -1.4678307
v 0.2561800 0.4160600 0.5660890
vn -0.8285195 5.8211288 -2.1745958
v 0.2575770 0.4096190 0.5434230
vn -1.1943192 6.1223187 -0.2872450
v 0.2657110 0.4254000 0.6308220
vn -1.4983330 6.0532570 -0.5449854
v 0.2703190 0.4252070 0.6085100
vn -1.6923825 5.9531946 -0.9776192
v 0.2731920 0.4231450 0.5846720
vn -1.8004743 5.8054276 -1.5335386
v 0.2751700 0.4185390 0.5599710
vn -1.8254282 5.5354290 -2.3094177
v 0.2759330 0.4112470 0.5363630
vn -2.8572867 5.3416572 -1.5949602
v 0.2920640 0.4239750 0.5544770
vn 1.5194565 2.7354839 5.3443775
v 0.1733990 0.3906170 0.7998920
vn 0.1063203 4.7474284 4.0665684
v 0.2289230 0.3910680 0.7876670
vn -0.6980564 5.0758691 3.6124296
v 0.2547140 0.3961160 0.7820620
vn -1.8281319 5.1157246 3.1270640
v 0.2779770 0.4039950 0.7784570
vn 0.4951112 2.2288327 5.7875690
v 0.1951950 0.3711950 0.8051720
vn 0.1638836 3.1452265 5.3665404
v 0.2171380 0.3754450 0.8017220
vn -0.3046771 3.8447270 4.9017649
v 0.2428290 0.3803240 0.7984810
vn -1.1151487 4.2076254 4.4703679
v 0.2669690 0.3879240 0.7952800
vn -1.8465964 4.1947970 4.2090859
v 0.2886160 0.3975540 0.7936850
vn -0.2564833 1.7070811 5.9119496
v 0.2375030 0.3609610 0.8090960
vn -0.5157738 2.5172691 5.6622787
v 0.2587390 0.3693310 0.8067630
vn -1.0813526 2.7998991 5.4536223
v 0.2820980 0.3784470 0.8056910
vn -0.2798585 0.0576410 6.1447806
v 0.2596270 0.3472520 0.8122920
vn -0.4709062 0.8657169 6.1346569
v 0.2791090 0.3573820 0.8121080
vn -0.7960267 1.2243888 6.0360060
v 0.2977400 0.3667790 0.8125420
vn -0.0704412 -2.4895415 5.6743598
v 0.2642560 0.3246790 0.8073660
vn -0.2645124 -0.7950084 6.1620231
v 0.3014490 0.3450070 0.8135240
vn -0.6643934 0.0726133 6.2188840
v 0.3368320 0.3655490 0.8171790
vn -1.0891507 1.3805566 5.9906712
v 0.3190290 0.3767750 0.8132850
vn -1.5022855 2.8468661 5.3421936
v 0.3030120 0.3880240 0.8055160
vn -1.1521959 0.9128857 6.0706873
v 0.3416020 0.3832400 0.8164260
vn -1.9275469 2.4592898 5.4071565
v 0.3233300 0.3972490 0.8072710
vn -2.4761553 3.8054342 4.2937436
v 0.3090990 0.4073300 0.7940490
vn -2.8360844 4.7728586 2.8860457
v 0.2982710 0.4145100 0.7770460
vn -2.6943293 5.2659721 2.0603266
v 0.2920050 0.4188340 0.7595710
vn -1.7922318 1.3719077 5.8131294
v 0.3455290 0.4011570 0.8138480
vn -3.0000913 2.6875048 4.7796526
v 0.3285300 0.4146810 0.8003110
vn -3.7657559 3.8169484 3.1904697
v 0.3163090 0.4251190 0.7814890
vn -4.0764513 4.2681403 1.9484539
v 0.3106170 0.4305690 0.7605530
vn -4.1951084 4.2912855 1.4643029
v 0.3083580 0.4357940 0.7405340
vn -4.0430536 2.3130791 4.1448002
v 0.3334430 0.4318970 0.7949360
vn -4.9417953 2.9598014 2.4437110
v 0.3241290 0.4421140 0.7723600
vn -5.3578701 2.8384833 1.5161107
v 0.3215770 0.4517300 0.7485610
vn -5.6248183 2.4916167 1.0118632
v 0.3208030 0.4595690 0.7273710
vn -5.5814176 1.9114796 2.1055152
v 0.3308360 0.4596540 0.7695130
vn 0.1841967 3.3009040 -5.2601385
v 0.3339430 0.6763690 0.4930640
vn -0.0348366 2.0366871 -5.8801613
v 0.3521030 0.6576570 0.4844440
vn 0.6497567 -0.3333573 -6.1722403
v 0.3840920 0.6117660 0.4790490
vn 0.1819776 3.7623217 -4.9377747
v 0.3553230 0.6800240 0.4962950
vn 0.1608332 2.3739872 -5.7399406
v 0.3731780 0.6602350 0.4855350
vn 0.6008120 0.7591470 -6.1375399
v 0.3903200 0.6361420 0.4802150
vn 1.4641418 -0.8965743 -5.9996357
v 0.4043650 0.6106290 0.4831820
vn 0.2128826 4.0222425 -4.7242966
v 0.3752520 0.6820730 0.4988180
vn 0.2978557 2.2878494 -5.7431183
v 0.3934480 0.6601200 0.4861440
vn 0.8377829 0.0591919 -6.1457543
v 0.4116510 0.6315850 0.4824390
vn 1.8118193 -1.9515195 -5.6162634
v 0.4262640 0.6087840 0.4895740
vn 0.2568292 1.9848677 -5.8135157
v 0.4123070 0.6588540 0.4864680
vn 0.8371474 -0.6108550 -6.0746260
v 0.4307190 0.6308120 0.4849620
vn 1.7469122 -3.1735361 -5.0376501
v 0.4477500 0.6061720 0.4980300
vn 0.2475372 1.8644468 -5.7726645
v 0.4296940 0.6590030 0.4869320
vn 1.1480273 -4.2693691 -4.3307819
v 0.4675530 0.6037680 0.5059980
vn -0.2754973 6.1617675 1.1799761
v 0.5974510 0.7154590 0.7224550
vn -0.2268891 5.9875698 1.8656403
v 0.5871800 0.7078460 0.7522210
vn -0.2961732 6.0926099 1.5056589
v 0.6065260 0.7120190 0.7391180
vn -0.3683751 6.1466641 1.2342387
v 0.6250290 0.7164370 0.7247980
vn -0.4467266 6.1994867 0.9169077
v 0.6449680 0.7202910 0.7091920
vn -0.3185185 5.9552832 1.9510362
v 0.6178290 0.7085790 0.7543450
vn -0.4021657 6.0788221 1.5363585
v 0.6353450 0.7134150 0.7402400
vn -0.4754138 6.1419430 1.2213373
v 0.6546900 0.7185410 0.7244990
vn -0.5082808 6.1983562 0.8894079
v 0.6727640 0.7228540 0.7072720
vn -0.4911363 6.2302513 0.6104064
v 0.6897270 0.7265180 0.6896020
vn -0.4333382 5.9391375 1.9759405
v 0.6485080 0.7105280 0.7543950
vn -0.4871149 6.0801764 1.5058482
v 0.6665220 0.7162420 0.7383400
vn -0.4870076 6.1432567 1.1944860
v 0.6832200 0.7213980 0.7222550
vn -0.4709624 6.2075133 0.8485327
v 0.6998730 0.7253220 0.7046150
vn -0.4300421 6.2395444 0.5302045
v 0.7144570 0.7289070 0.6848450
vn -0.4563352 6.0899768 1.4761770
v 0.6964580 0.7191290 0.7360670
vn -0.4271966 6.1579456 1.1326842
v 0.7122190 0.7242300 0.7190840
vn -0.3460118 6.2231431 0.7801635
v 0.7265180 0.7278600 0.7000080
vn -0.5053847 6.2281342 0.6378195
v 0.6635050 0.7241450 0.6912870
vn -0.4280506 6.2327213 0.6541023
v 0.6372040 0.7220460 0.6919800
vn -0.3739453 6.2672973 0.1922085
v 0.7251970 0.7306370 0.6631020
vn -0.4676466 6.2592869 0.2771360
v 0.7029450 0.7287720 0.6689050
vn -0.5002936 6.2527809 0.3447943
v 0.6808020 0.7269070 0.6732630
vn -0.4900381 6.2528791 0.3602686
v 0.6561160 0.7247680 0.6750930
vn -0.4108521 6.2581525 0.3656340
v 0.6297100 0.7228990 0.6747290
vn -0.4306996 6.2640376 -0.0445503
v 0.7135950 0.7302230 0.6462290
vn -0.4848250 6.2595625 0.0404082
v 0.6933810 0.7287570 0.6520830
vn -0.5301132 6.2578974 0.0851340
v 0.6717970 0.7268520 0.6559270
vn -0.4678226 6.2639170 0.1162362
v 0.6485820 0.7248130 0.6582700
vn -0.3810371 6.2694030 0.1235931
v 0.6215130 0.7230430 0.6578710
vn -0.5013177 6.2586279 -0.2170547
v 0.6798350 0.7271670 0.6338240
vn -0.5038996 6.2603445 -0.1530571
v 0.6594270 0.7256060 0.6375930
vn -0.4253143 6.2665210 -0.1227985
v 0.6389990 0.7241700 0.6407340
vn -0.3572720 6.2709565 -0.1323592
v 0.6126130 0.7224850 0.6411980
vn -0.4620327 6.2343655 -0.5804762
v 0.6853240 0.7263590 0.6104690
vn -0.4037300 6.2553086 -0.4037465
v 0.6256120 0.7225550 0.6218820
vn -0.2939862 6.2738981 0.1063248
v 0.5945690 0.7216370 0.6560560
vn -0.3180424 6.2651863 0.3463093
v 0.6032050 0.7213030 0.6742250
vn -0.3405134 6.2416821 0.6234587
v 0.6112470 0.7204700 0.6912770
vn -0.3524608 6.2088246 0.8917345
v 0.6179830 0.7187750 0.7081050
vn -0.2178893 6.2761564 -0.0102815
v 0.5689010 0.7207650 0.6488520
vn -0.2290772 6.2732730 0.2648817
v 0.5761460 0.7203010 0.6690700
vn -0.2558608 6.2506437 0.5512503
v 0.5841730 0.7196980 0.6871540
vn -0.2651010 6.2214484 0.8354764
v 0.5910290 0.7177430 0.7054230
vn -0.1582337 6.2787442 0.1512346
v 0.5504280 0.7199120 0.6595710
vn -0.1752467 6.2641602 0.4239118
v 0.5565610 0.7193040 0.6793610
vn -0.1957498 6.2375402 0.7282032
v 0.5629980 0.7175090 0.6986970
vn -0.2098362 6.1839309 1.0649544
v 0.5694550 0.7152600 0.7179470
vn -0.2023820 6.1166449 1.4211631
v 0.5763800 0.7116950 0.7354330
vn -0.0870946 6.2759256 0.2837237
v 0.5294320 0.7191290 0.6685560
vn -0.1092829 6.2554064 0.5645444
v 0.5350110 0.7180370 0.6883510
vn -0.1024488 6.2214570 0.8630657
v 0.5420170 0.7158780 0.7081000
vn -0.1426701 6.1524587 1.2618990
v 0.5492120 0.7126220 0.7277250
vn 1.9607891 5.9463844 0.4485415
v 0.8759540 0.7182370 0.6752420
vn 1.5672369 6.0704198 0.0852860
v 0.8625710 0.7232230 0.6564550
vn 1.2159277 6.1493597 -0.1218366
v 0.8485010 0.7263790 0.6399720
vn 2.0878532 5.9035931 -0.0081373
v 0.8817370 0.7176130 0.6482030
vn 1.7397928 6.0271549 -0.2935919
v 0.8683650 0.7208940 0.6305130
vn 1.3488026 6.0591259 -0.6080973
v 0.8540600 0.7242950 0.6143780
vn 2.8158824 5.6004395 -0.1079008
v 0.9001750 0.7095360 0.6413030
vn 2.2924621 5.7841311 -0.4992652
v 0.8880840 0.7144320 0.6216080
vn 1.9352438 5.9207635 -0.7855404
v 0.8748020 0.7168900 0.6070090
vn 1.5792768 5.9728475 -1.0659553
v 0.8605770 0.7192640 0.5933230
vn 1.1728815 6.0315814 -1.2090905
v 0.8439040 0.7208740 0.5809120
vn 2.1281314 5.7301474 -1.3115525
v 0.8801220 0.7109620 0.5808630
vn 1.7199988 5.8217554 -1.5935816
v 0.8651640 0.7124430 0.5690810
vn 0.9877184 6.1468005 -0.8269338
v 0.8386830 0.7248880 0.6021380
vn 0.8827390 6.2073140 -0.3811680
v 0.8338820 0.7278900 0.6258460
vn 0.8069133 6.2207074 0.0224884
v 0.8279430 0.7297290 0.6501630
vn 0.8143054 6.0169287 -1.5967331
v 0.8277640 0.7197870 0.5667620
vn 0.7297152 6.1376700 -1.0659196
v 0.8230020 0.7253520 0.5886860
vn 0.6505490 6.2017236 -0.6050822
v 0.8186450 0.7292560 0.6129920
vn 0.5169408 6.2475047 -0.1999877
v 0.8132500 0.7311050 0.6362620
vn 0.3491215 6.2096071 -0.8628005
v 0.8030480 0.7282540 0.5973960
vn 0.2503241 6.2570114 -0.4643316
v 0.7982120 0.7310110 0.6211340
vn 0.2195675 6.2757559 -0.0760895
v 0.7922040 0.7321730 0.6438210
vn 0.1440723 6.2390194 -0.6989797
v 0.7824810 0.7299890 0.6050750
vn 0.0423343 6.2682524 -0.3440087
v 0.7765880 0.7320830 0.6284640
vn -0.0430872 6.2697730 0.0350063
v 0.7699360 0.7328710 0.6510110
vn -0.1302468 6.2677078 0.3804298
v 0.7613460 0.7316590 0.6733680
vn -0.0693364 6.1924367 -0.9994904
v 0.7671040 0.7280740 0.5885160
vn -0.2607274 6.2559061 0.4564909
v 0.7380110 0.7306120 0.6793710
vn 0.1326156 6.2745275 0.2640892
v 0.7840020 0.7319730 0.6665220
vn 0.3791110 6.2643414 0.1580482
v 0.8064240 0.7314940 0.6588880
vn 0.0298132 6.2433257 0.6100084
v 0.7757000 0.7308210 0.6890290
vn 0.2900923 6.2498732 0.4922021
v 0.7989600 0.7308310 0.6812410
vn 0.7046444 6.2228985 0.3867560
v 0.8214370 0.7296700 0.6732430
vn 1.0310948 6.1899729 0.2370736
v 0.8423380 0.7270070 0.6648270
vn 0.2114228 6.2103596 0.9182150
v 0.7907030 0.7283630 0.7038420
vn 0.5366827 6.1976094 0.7781990
v 0.8131300 0.7284780 0.6966820
vn 0.8855109 6.1832781 0.6505312
v 0.8345700 0.7264340 0.6894230
vn 1.4007742 6.0589519 0.5368207
v 0.8557300 0.7241450 0.6814150
vn 0.1284280 6.1440253 1.2896459
v 0.7803270 0.7248630 0.7256160
vn 0.3687969 6.1409039 1.2249544
v 0.8034570 0.7253670 0.7196380
vn 0.8057009 6.1114712 1.1485077
v 0.8261240 0.7243940 0.7137290
vn 1.2728211 6.0325146 1.0810283
v 0.8481820 0.7220660 0.7072970
vn 1.7804236 5.9410796 0.9769149
v 0.8690130 0.7172840 0.7011600
vn 0.6807908 5.9904790 1.7049574
v 0.8160270 0.7204160 0.7363360
vn 1.6005160 5.8779306 1.4885378
v 0.8611250 0.7145620 0.7262490
vn 2.1678424 5.6878476 1.4184600
v 0.8819970 0.7095360 0.7210090
vn -0.2042717 6.2408891 0.6894145
v 0.7517670 0.7294300 0.6952910
vn -0.0257647 6.1880083 1.0250412
v 0.7671890 0.7280140 0.7106130
vn -0.2456694 6.1768417 1.0755579
v 0.7402550 0.7265080 0.7152150
vn -0.1492153 6.1323810 1.3560524
v 0.7548390 0.7237360 0.7298690
vn 0.0192981 5.9869313 1.8087447
v 0.7672340 0.7207000 0.7448420
vn -0.3306011 6.1062059 1.4332920
v 0.7260800 0.7219910 0.7330600
vn -0.2260471 5.9872327 1.8415442
v 0.7395870 0.7190790 0.7474100
vn -0.0792709 5.7626815 2.4816520
v 0.7529690 0.7138640 0.7621380
vn 0.0942797 5.3676620 3.1996980
v 0.7640530 0.7066440 0.7772410
vn -0.3974251 5.9725461 1.8677707
v 0.7101890 0.7167310 0.7498330
vn -0.2688504 5.7728920 2.4415832
v 0.7240500 0.7125680 0.7631800
vn -0.1230980 5.4301748 3.1155488
v 0.7365600 0.7062300 0.7773510
vn -0.4594965 5.9520874 1.9157258
v 0.6795150 0.7137540 0.7522310
vn -0.0798770 5.1128454 3.5917716
v 0.5453370 0.6913970 0.7851440
vn -0.0782533 5.6752486 2.6282113
v 0.5260170 0.6997440 0.7701960
vn -0.0527639 4.9945588 3.7470131
v 0.5223370 0.6897070 0.7872330
vn -0.0962260 3.5109119 5.0659347
v 0.5186080 0.6751880 0.8023550
vn -0.1245775 1.1160071 6.0620837
v 0.5148130 0.6551740 0.8105820
vn -0.0113888 5.9156909 2.1073463
v 0.5021640 0.7039620 0.7575810
vn -0.0402816 5.5791903 2.8565173
v 0.5007130 0.6971710 0.7741600
vn -0.0390983 4.7990670 3.9740455
v 0.4998500 0.6874430 0.7899300
vn -0.0262120 3.1221261 5.3417382
v 0.4978260 0.6715230 0.8040800
vn 0.0615611 0.5653218 6.1158075
v 0.4952030 0.6507360 0.8111810
vn 0.1131072 5.3378553 3.2802238
v 0.4760320 0.6936560 0.7805770
vn 0.1328864 4.3890958 4.4328380
v 0.4763810 0.6825120 0.7952850
vn 0.1963850 2.6395266 5.6001587
v 0.4771290 0.6669560 0.8067630
vn 0.1510133 4.9382434 3.8175595
v 0.4522010 0.6891880 0.7888480
vn -0.2882284 5.8206291 -2.3115721
v 0.7231480 0.7133950 0.5378140
vn -0.2481738 6.0100012 -1.7667110
v 0.7374330 0.7198420 0.5543670
vn -0.1560987 6.1374807 -1.3220922
v 0.7520270 0.7242750 0.5715040
vn -0.4173921 6.0491891 -1.6253431
v 0.7165360 0.7198870 0.5594580
vn -0.2784595 6.1555476 -1.1827270
v 0.7309060 0.7249180 0.5771480
vn -0.2365041 6.2141333 -0.8854524
v 0.7461480 0.7281040 0.5944200
vn -0.1156322 6.2493424 -0.5726557
v 0.7614000 0.7308360 0.6119150
vn -0.4472526 6.0937901 -1.4542178
v 0.6955300 0.7195080 0.5644790
vn -0.4477053 6.1635008 -1.0895451
v 0.7104240 0.7245640 0.5820440
vn -0.3525507 6.2262096 -0.7437659
v 0.7255710 0.7280040 0.6003380
vn -0.2737696 6.2527342 -0.4834728
v 0.7407280 0.7306520 0.6178940
vn -0.1930428 6.2754526 -0.2226803
v 0.7551280 0.7318280 0.6346320
vn -0.4386650 6.2323842 -0.6477290
v 0.7053230 0.7271870 0.6054540
vn -0.4260233 6.2532187 -0.4027987
v 0.7199720 0.7297590 0.6234130
vn -0.2975968 6.2709780 -0.1200738
v 0.7337430 0.7313450 0.6405850
vn -0.2500253 6.2751584 0.1110659
v 0.7476990 0.7318580 0.6571130
vn -0.4733769 6.2562661 -0.3185837
v 0.6995840 0.7284830 0.6285840
vn -0.2818982 5.4614635 -3.0104046
v 0.7077410 0.7058560 0.5223070
vn -0.3613836 5.9214697 -2.0456913
v 0.7014190 0.7138290 0.5427300
vn -0.5024362 6.1778250 -1.0050611
v 0.6902350 0.7237110 0.5870450
vn -0.4184151 5.6174664 -2.7270801
v 0.6853040 0.7067890 0.5273230
vn -0.4564462 5.9636755 -1.8662937
v 0.6796600 0.7142980 0.5477660
vn -0.4749222 6.1270108 -1.2986053
v 0.6746890 0.7191190 0.5696890
vn -0.5175064 6.1911902 -0.9277946
v 0.6706800 0.7226840 0.5914130
vn -0.5204759 6.2334938 -0.5202712
v 0.6663280 0.7252520 0.6143680
vn -0.5112664 6.0140271 -1.7215753
v 0.6581800 0.7139740 0.5536240
vn -0.4491045 6.1446056 -1.2131006
v 0.6547950 0.7186800 0.5747250
vn -0.4690789 6.2121944 -0.8121201
v 0.6510900 0.7216820 0.5963190
vn -0.4851657 6.2450752 -0.4600117
v 0.6470320 0.7237960 0.6182630
vn -0.3931940 6.0701585 -1.5667967
v 0.6375080 0.7138540 0.5597320
vn -0.4070206 6.1650882 -1.1027750
v 0.6342130 0.7184810 0.5805880
vn -0.4003640 6.2297521 -0.7073985
v 0.6308520 0.7209640 0.6014050
vn -0.3145475 5.9723668 -1.8767926
v 0.6191250 0.7096560 0.5468630
vn -0.3567988 6.1965065 -0.9621884
v 0.6130170 0.7180020 0.5868960
vn -0.3237893 6.2408652 -0.6433029
v 0.6082810 0.7201460 0.6062960
vn -0.3059126 6.2657719 -0.3435944
v 0.6033990 0.7213230 0.6247740
vn 5.2725005 3.2416959 -1.0562978
v 0.9570010 0.6534740 0.5969520
vn 4.7361946 3.8855391 -0.9695843
v 0.9482550 0.6685960 0.6003580
vn 4.2828312 4.5134349 -0.8395191
v 0.9359250 0.6812760 0.6055780
vn 3.6810627 4.9491363 -0.7245537
v 0.9226920 0.6945180 0.6094320
vn 2.9657292 5.4935560 -0.6054199
v 0.9055900 0.7050490 0.6154650
vn 4.3854823 4.2231007 -1.4832507
v 0.9368570 0.6732880 0.5774970
vn 3.9326730 4.6647120 -1.3494194
v 0.9255390 0.6858330 0.5825580
vn 3.1656709 5.2587061 -1.2344946
v 0.9111650 0.6975500 0.5887950
vn 2.5718195 5.6102533 -1.0275780
v 0.8936140 0.7084040 0.5960150
vn 3.9373655 4.3909578 -2.0813551
v 0.9248860 0.6767580 0.5568400
vn 3.2517915 4.9667974 -1.8843727
v 0.9117080 0.6897670 0.5624640
vn 2.7811756 5.3820133 -1.6252888
v 0.8970690 0.7002770 0.5706160
vn 3.1750631 4.4737206 -2.8604174
v 0.9090160 0.6798690 0.5376340
vn 2.7899604 5.0098448 -2.5309923
v 0.8951100 0.6911930 0.5446190
vn 2.3176022 5.3691430 -2.0663338
v 0.8822510 0.7022960 0.5528160
vn 2.5475993 4.3938479 -3.6393361
v 0.8885580 0.6814500 0.5233240
vn -6.2118392 -0.3448737 -0.8539910
v 0.0038880 0.4800310 0.6027810
vn -6.2668848 0.2599972 -0.1220816
v 0.0001750 0.5095980 0.6416270
vn -6.2585678 -0.4083990 -0.3325505
v 0.0016220 0.4746840 0.6307420
vn -6.2644267 -0.2636051 0.0038607
v 0.0000000 0.4880630 0.6506320
vn -6.2478781 0.0698853 0.3989412
v 0.0002640 0.5010270 0.6708750
vn -6.2566223 -0.5020354 0.1697895
v 0.0017030 0.4671410 0.6592370
vn -6.2429013 -0.3568047 0.5393578
v 0.0018050 0.4797920 0.6790120
vn -6.2057662 -0.1818701 0.9027991
v 0.0035840 0.4913390 0.6987310
vn -6.1194367 0.0502851 1.3051441
v 0.0064460 0.5032310 0.7176180
vn -6.1928849 -0.9213240 0.3511409
v 0.0042060 0.4458440 0.6683120
vn -6.1897106 -0.6840786 0.6700512
v 0.0039920 0.4578530 0.6867800
vn -6.1660957 -0.4344803 1.0891889
v 0.0060780 0.4688560 0.7063450
vn -6.1003995 -0.3844516 1.4304291
v 0.0086630 0.4791230 0.7220110
vn -5.9206753 -0.1877353 1.9914341
v 0.0131610 0.4899280 0.7420150
vn -6.0545454 -0.9605592 1.2291592
v 0.0095810 0.4465490 0.7145520
vn -5.9557619 -0.6986082 1.7719126
v 0.0129460 0.4550050 0.7326710
vn -5.8135681 -0.5806912 2.2567093
v 0.0171890 0.4654870 0.7478880
vn -6.2277923 0.2477647 0.7469646
v 0.0028790 0.5134970 0.6913870
vn -6.2659369 0.3664525 0.2114026
v 0.0012550 0.5230900 0.6621790
vn -5.5513654 -0.0001756 2.8316345
v 0.0209810 0.4964800 0.7615000
vn -5.9632344 0.3153612 1.9080157
v 0.0118360 0.5136270 0.7359070
vn -6.1414680 0.4074323 1.2094998
v 0.0065440 0.5250640 0.7120990
vn -6.2213707 0.5119770 0.5846666
v 0.0031330 0.5355400 0.6834240
vn -5.6249323 0.3478280 2.7112346
v 0.0207510 0.5178300 0.7587330
vn -5.9740748 0.5728943 1.8047072
v 0.0124160 0.5347070 0.7330050
vn -6.0988917 0.8458650 1.0771915
v 0.0069470 0.5469380 0.7052430
vn -6.1583824 1.0771321 0.4812620
v 0.0051520 0.5568800 0.6749180
vn -6.1568084 1.2167423 -0.0769651
v 0.0059470 0.5656700 0.6439400
vn -5.6580029 0.6438819 2.5488949
v 0.0208270 0.5393340 0.7556860
vn -5.9558921 1.0016685 1.6636838
v 0.0136060 0.5550300 0.7281290
vn -6.0907850 1.2067858 0.9233186
v 0.0099500 0.5672360 0.6986270
vn -6.1398673 1.2738413 0.3052439
v 0.0087470 0.5771230 0.6662330
vn -6.0969615 1.4424453 -0.2793370
v 0.0103170 0.5853900 0.6337540
vn -5.9875970 1.2311797 1.4005170
v 0.0158920 0.5765850 0.7206650
vn -6.0431271 1.4640446 0.7248840
v 0.0126520 0.5874440 0.6897620
vn -6.2133551 0.7240759 0.0644733
v 0.0022680 0.5454620 0.6535580
vn -6.1161137 1.2374895 -0.6679212
v 0.0092150 0.5725860 0.6123040
vn -6.1781301 0.8965255 -0.4858549
v 0.0044010 0.5529060 0.6229890
vn -6.2546630 0.4558674 -0.3096803
v 0.0019700 0.5316710 0.6325820
vn -6.0875702 1.0114193 -1.1011959
v 0.0093870 0.5582910 0.5917370
vn -6.1838474 0.6075044 -0.8548506
v 0.0050670 0.5384570 0.6028910
vn -6.2312202 0.3798861 -0.6451582
v 0.0024420 0.5175950 0.6121550
vn -6.2390356 -0.0986552 -0.4980563
v 0.0007170 0.4961960 0.6209300
vn -5.8882055 1.0675811 -1.8598132
v 0.0171830 0.5617760 0.5621150
vn -6.0268440 0.7076525 -1.5430626
v 0.0110670 0.5418420 0.5725860
vn -6.1267052 0.4077785 -1.2783738
v 0.0070890 0.5220980 0.5831360
vn -6.1682138 0.0072813 -1.0605729
v 0.0040960 0.5016000 0.5934020
vn -5.6791167 0.7159454 -2.4851098
v 0.0203730 0.5434480 0.5446540
vn -6.0008488 0.0287759 -1.7706023
v 0.0105960 0.5034400 0.5650520
vn -5.5622511 -0.4186760 2.8487663
v 0.0220410 0.4770840 0.7610910
vn -4.9119258 -0.4039989 3.8407462
v 0.0338010 0.4746390 0.7798440
vn -4.7838473 0.0653974 3.9341979
v 0.0341620 0.4989180 0.7825860
vn -4.9405947 0.3627429 3.7815325
v 0.0331040 0.5215240 0.7791550
vn -5.0493498 0.6710261 3.5464969
v 0.0321220 0.5438870 0.7754460
vn -5.2584825 1.0811208 3.1624825
v 0.0319890 0.5683280 0.7684510
vn -3.6723890 0.0307982 4.9960923
v 0.0492620 0.4975470 0.7969310
vn -3.8129172 0.3736895 4.8827510
v 0.0488900 0.5234840 0.7953800
vn -4.1465359 0.6554931 4.5756927
v 0.0461570 0.5483140 0.7906030
vn -4.5210996 1.1400387 4.0739002
v 0.0440550 0.5734140 0.7837680
vn -2.1794195 0.0320645 5.8046470
v 0.0656940 0.4975120 0.8058850
vn -2.3725307 0.3147828 5.7154574
v 0.0650840 0.5249550 0.8048680
vn -2.9563575 0.5559356 5.4135766
v 0.0618500 0.5523230 0.8014630
vn -0.6900093 -0.1008592 6.1744499
v 0.0823460 0.4712250 0.8092510
vn -0.3714859 0.0599555 6.1877646
v 0.0835230 0.4984290 0.8097100
vn -0.6942180 0.1534206 6.1548553
v 0.0820740 0.5264650 0.8092260
vn -1.5115210 0.3433977 5.9740663
v 0.0785480 0.5550550 0.8079550
vn -3.5287459 1.0837944 4.9484358
v 0.0584270 0.5782750 0.7956040
vn -5.7377667 0.9940959 2.3073123
v 0.0219780 0.5617960 0.7496730
vn -4.1384687 1.6663928 4.2823277
v 0.0570000 0.6042320 0.7867340
vn -4.8601074 1.7129833 3.5261564
v 0.0444780 0.5984330 0.7739300
vn -5.2896504 1.7360744 2.8008690
v 0.0332310 0.5918470 0.7597550
vn -5.6908603 1.4740363 2.0448062
v 0.0233480 0.5840990 0.7426280
vn -5.4599938 2.0983663 2.2071788
v 0.0352250 0.6148970 0.7457540
vn -5.6863699 2.0220547 1.7140138
v 0.0267800 0.6061860 0.7296500
vn -5.8363371 1.8501066 1.2226539
v 0.0188280 0.5978700 0.7115010
vn -5.2612824 2.8350208 1.8257095
v 0.0397560 0.6356190 0.7326660
vn -5.5845294 2.4286730 1.3512278
v 0.0307610 0.6267740 0.7171300
vn -5.8109250 2.1934967 0.9101666
v 0.0238870 0.6175200 0.6978090
vn -5.8950601 2.0663347 0.5453345
v 0.0175330 0.6073930 0.6779800
vn -6.0061498 1.7258234 0.1168010
v 0.0125830 0.5967880 0.6561860
vn -5.3233352 3.1383312 1.0833716
v 0.0379530 0.6457100 0.7029400
vn -5.5210876 2.8015568 0.6694423
v 0.0299960 0.6378670 0.6848500
vn -5.7898879 2.3886104 0.2872175
v 0.0240510 0.6269080 0.6657540
vn -1.8894650 4.3271651 3.9818845
v 0.1311620 0.6856930 0.7834040
vn -2.5998063 4.3759398 3.5953212
v 0.1090830 0.6809120 0.7747430
vn -0.8882652 5.3148336 3.1434891
v 0.1730330 0.7047450 0.7718010
vn -1.3967189 5.2755518 2.9903514
v 0.1471800 0.7016780 0.7680470
vn -2.2297027 5.1073618 2.7301741
v 0.1215150 0.6974250 0.7601840
vn -2.8562269 5.0358796 2.3785293
v 0.1008370 0.6915970 0.7492740
vn -1.0149126 5.7744212 2.1995325
v 0.1668220 0.7128170 0.7519020
vn -1.5335610 5.7077904 2.0594380
v 0.1396640 0.7089480 0.7464570
vn -2.3466067 5.4903164 1.7426426
v 0.1156000 0.7053780 0.7345660
vn -2.8269231 5.4008894 1.4711379
v 0.0987810 0.7003520 0.7211980
vn -3.4481647 5.0501213 1.1555744
v 0.0833060 0.6947430 0.7101340
vn -1.4831855 5.9222078 1.3930401
v 0.1404030 0.7163820 0.7217370
vn -2.1192002 5.7811708 1.1109933
v 0.1203020 0.7129470 0.7095510
vn -2.6446986 5.5998631 0.9451321
v 0.1032780 0.7077510 0.6979690
vn -3.2462151 5.3124895 0.6782280
v 0.0874460 0.7009800 0.6862520
vn -1.0483491 6.1112819 0.9662730
v 0.1623360 0.7242200 0.7031540
vn -3.1077230 5.4518137 0.2381881
v 0.0913390 0.7048640 0.6625180
vn -3.5138035 4.7276254 1.9130045
v 0.0831310 0.6867400 0.7365250
vn -3.2838295 4.2430935 3.0426841
v 0.0887910 0.6762150 0.7643970
vn -3.7351151 4.9728441 0.3631766
v 0.0740100 0.6942690 0.6685410
vn -4.0201902 4.7227912 0.8983697
v 0.0700040 0.6866500 0.6963580
vn -4.1375585 4.4659925 1.5059383
v 0.0684920 0.6787530 0.7212680
vn -4.0558300 4.0779824 2.4648483
v 0.0720970 0.6695530 0.7498180
vn -3.7022064 3.3128209 3.7174184
v 0.0783480 0.6554430 0.7761740
vn -4.3896246 4.4375000 0.5807101
v 0.0595190 0.6800040 0.6779700
vn -4.5604315 4.1021881 1.1323197
v 0.0563020 0.6717020 0.7063800
vn -4.5857811 3.6938939 1.8892542
v 0.0569950 0.6624530 0.7350390
vn -4.3625927 3.2059932 2.9959338
v 0.0626690 0.6508460 0.7621380
vn -5.1397495 3.2947123 1.4098625
v 0.0469130 0.6542070 0.7194080
vn -4.9751401 2.9753668 2.3668642
v 0.0504630 0.6430980 0.7479780
vn -4.3712249 2.4928784 3.6655774
v 0.0584890 0.6283290 0.7751370
vn -4.9593434 2.3241694 2.8790491
v 0.0451610 0.6221960 0.7613160
vn -3.0726647 1.5154524 5.0761247
v 0.0722140 0.6084050 0.7975590
vn -3.6454520 2.3626833 4.4150815
v 0.0736040 0.6323580 0.7881150
vn -1.9308703 1.0869124 5.7726784
v 0.0906120 0.6111920 0.8048480
vn -2.6014016 2.0605488 5.1104684
v 0.0904840 0.6354590 0.7985960
vn -2.7612016 3.3270268 4.4078994
v 0.0970370 0.6603740 0.7873870
vn -0.8764554 0.6376923 6.0886979
v 0.1097450 0.6159540 0.8086030
vn -1.5795288 1.8633296 5.6872988
v 0.1103000 0.6397520 0.8037160
vn -2.0508263 3.1032166 4.9309297
v 0.1168480 0.6641290 0.7947670
vn 1.1421255 -0.9564465 6.0077419
v 0.1313020 0.5977850 0.8077550
vn -0.0050301 -0.0196112 6.1548862
v 0.1329230 0.6221220 0.8100340
vn -0.8177986 1.2892847 5.9659419
v 0.1379320 0.6458500 0.8080090
vn -1.2865772 2.9198589 5.2453113
v 0.1422490 0.6698130 0.8002260
vn -1.1235796 4.3922424 4.2317805
v 0.1562360 0.6897070 0.7877410
vn -0.7084559 2.8510308 5.4297023
v 0.1683100 0.6738310 0.8023200
vn -3.2584581 -4.5730128 -2.6123879
v 0.0904890 0.3166370 0.5431930
vn -2.6854429 -4.5336161 -3.3455825
v 0.1081710 0.3163430 0.5272530
vn -4.0710840 -3.8902969 -2.6949787
v 0.0714340 0.3341990 0.5428790
vn -3.3264387 -3.8418295 -3.6047623
v 0.0887240 0.3327170 0.5241320
vn -2.5213234 -3.4957299 -4.4302387
v 0.1076220 0.3325570 0.5097920
vn -1.5918095 -2.7250609 -5.3284316
v 0.1277790 0.3370580 0.4986540
vn -4.0430222 -3.1967213 -3.4033186
v 0.0689470 0.3496520 0.5268090
vn -3.0268660 -2.8779516 -4.5945663
v 0.0897060 0.3504840 0.5084860
vn -1.8633269 -2.1562564 -5.5044270
v 0.1100850 0.3533240 0.4971430
vn -3.8620765 -2.4404845 -4.1968894
v 0.0689160 0.3667370 0.5146590
vn -2.4163589 -1.8550346 -5.3682699
v 0.0914140 0.3703570 0.4978510
vn -0.7777403 -0.7127071 -6.1005368
v 0.1138840 0.3789440 0.4899630
vn 0.7057306 0.7207113 -6.1272950
v 0.1361120 0.3882510 0.4901030
vn -0.7004747 -0.9096028 -6.0767121
v 0.1308910 0.3619380 0.4901330
vn 1.7122859 2.1407619 -5.5995159
v 0.1574630 0.3953830 0.4966690
vn 0.3346208 0.6537936 -6.1635780
v 0.1525190 0.3716560 0.4896090
vn -0.7408133 -1.5554821 -5.9011126
v 0.1486830 0.3447770 0.4910000
vn -1.1970599 -3.4700987 -4.9994736
v 0.1474560 0.3236160 0.5015160
vn -1.3179713 -4.7534766 -3.8252528
v 0.1488990 0.3064070 0.5178350
vn -0.0347778 0.0411739 -6.1528301
v 0.1701990 0.3555740 0.4884070
vn -0.6214229 -2.3341208 -5.7040029
v 0.1683990 0.3318080 0.4934880
vn -0.9598835 -4.1005926 -4.5501628
v 0.1687050 0.3118930 0.5059980
vn -0.9927899 -5.2307439 -3.2627497
v 0.1707600 0.2964580 0.5248000
vn 0.3506164 1.7153361 -5.9196248
v 0.1930220 0.3658860 0.4908060
vn -0.2289654 -0.8100887 -6.1282969
v 0.1901790 0.3423070 0.4891450
vn -0.5765193 -3.1380346 -5.2969952
v 0.1891590 0.3198660 0.4969280
vn -0.5969733 -4.7471671 -3.9467375
v 0.1904520 0.3011230 0.5130930
vn -0.5509371 -5.6095943 -2.6520276
v 0.1924570 0.2876510 0.5346570
vn -0.3716335 -4.0619550 -4.6883249
v 0.2105660 0.3091960 0.5029660
vn -0.3323364 -5.3110561 -3.2792716
v 0.2121040 0.2933890 0.5222720
vn -3.5564122 1.5489806 -4.9038162
v 0.5941100 0.4333830 0.4952030
vn 0.7277932 0.4088681 -5.9993405
v 0.6276060 0.4711210 0.4867220
vn -4.5544400 1.9767905 -3.8189752
v 0.5852100 0.4422810 0.5077530
vn -4.2935777 0.9416805 -4.4515762
v 0.5987470 0.4620330 0.4987630
vn -2.3042753 0.3341316 -5.6090870
v 0.6131070 0.4813520 0.4893400
vn -5.5894918 1.5053891 -2.3776631
v 0.5851110 0.4629310 0.5213750
vn -5.3662181 0.7468582 -3.1547613
v 0.5928140 0.4768850 0.5103860
vn -4.4085207 0.1773558 -4.4067802
v 0.6026310 0.4937870 0.4982850
vn -1.6459633 -0.1398888 -5.8243594
v 0.6167570 0.5101710 0.4884570
vn -5.8341784 0.0095536 -2.2780557
v 0.5892740 0.4993870 0.5229150
vn -5.3722849 -0.3472501 -3.1954403
v 0.5946940 0.5108840 0.5090140
vn -3.8407938 -0.4505289 -4.8181372
v 0.6044060 0.5235640 0.4950240
vn -0.6731321 -0.4311819 -6.0066919
v 0.6213190 0.5377490 0.4861640
vn 2.6168234 -0.9187102 -5.5221114
v 0.6419810 0.5518540 0.4894200
vn -5.5609255 -1.3311324 -2.5525773
v 0.5865870 0.5322390 0.5203430
vn -4.8242846 -1.2107298 -3.7724295
v 0.5930730 0.5401820 0.5046820
vn -2.9171093 -0.8412997 -5.3627892
v 0.6057930 0.5499250 0.4905760
vn 2.1796970 -0.4311641 -5.6067743
v 0.6356840 0.5256130 0.4885970
vn 1.4680524 -0.0038798 -5.8708425
v 0.6308470 0.4985840 0.4883530
vn 4.0483670 -1.9933140 -4.3013997
v 0.6613070 0.5627540 0.5006730
vn 4.4768529 -1.1368766 -4.1877685
v 0.6522770 0.5397080 0.5000900
vn 4.4236145 -0.4094726 -4.3396339
v 0.6467720 0.5141150 0.4982250
vn 3.9255128 0.2276345 -4.7454648
v 0.6437560 0.4879790 0.4953280
vn 3.2115180 0.7298522 -5.2173138
v 0.6423200 0.4619650 0.4917530
vn 5.0258188 -2.3010807 -2.9356508
v 0.6671650 0.5520040 0.5158650
vn 5.4389439 -1.0780863 -2.9182172
v 0.6590080 0.5282600 0.5140600
vn 5.4604034 -0.1292466 -3.0598984
v 0.6549790 0.5031560 0.5109340
vn 5.1598163 0.6654940 -3.4624376
v 0.6539220 0.4778120 0.5067910
vn 4.5150003 1.3681399 -4.0559144
v 0.6556720 0.4534360 0.5016550
vn 5.8900642 -0.7872301 -2.0033522
v 0.6633760 0.5173460 0.5291380
vn 5.8918319 0.2620440 -2.1355085
v 0.6611470 0.4922960 0.5250000
vn 5.5992737 1.3044832 -2.4991066
v 0.6626080 0.4679830 0.5202730
vn 4.9538536 2.2522969 -3.0976498
v 0.6673700 0.4448420 0.5142900
vn 6.0901313 -0.3647190 -1.4522618
v 0.6665070 0.5067560 0.5444000
vn 5.9921641 0.8522540 -1.6159998
v 0.6662280 0.4816360 0.5399970
vn 4.5531945 3.4877827 -2.4571872
v 0.6794660 0.4360170 0.5275270
vn -0.2213430 -5.8874545 -2.1468170
v 0.2140390 0.2824940 0.5456520
vn -0.0452287 -5.6503911 -2.6431112
v 0.2333710 0.2869340 0.5320950
vn 0.0836904 -5.2415905 -3.4009686
v 0.2532850 0.2949870 0.5184480
vn -0.1436148 -4.7023048 -4.0043530
v 0.2319470 0.3001020 0.5101360
vn -0.0174821 -3.7803400 -4.9012113
v 0.2519260 0.3113980 0.4994020
vn -0.0521025 -2.4323859 -5.6720443
v 0.2718800 0.3252900 0.4909150
vn -0.2118842 -0.8948179 -6.1096058
v 0.2902240 0.3419900 0.4859390
vn -0.1521097 -2.9332266 -5.4434662
v 0.2308000 0.3195470 0.4944600
vn -0.1417512 -1.4100955 -5.9828987
v 0.2507530 0.3336580 0.4883580
vn -0.3132889 0.2793518 -6.1411009
v 0.2704850 0.3503420 0.4862430
vn -0.2752915 -1.8435148 -5.8171964
v 0.2103090 0.3298580 0.4902370
vn -0.1620671 -0.2052562 -6.1366010
v 0.2312910 0.3433410 0.4875550
vn -0.3406834 1.5433778 -5.9495025
v 0.2527150 0.3595460 0.4886370
vn -0.8832877 3.1172798 -5.2487202
v 0.2720350 0.3786580 0.4947450
vn -1.7116580 4.0685596 -4.3490124
v 0.2882600 0.3959960 0.5038540
vn -0.8094759 1.7702218 -5.8579717
v 0.2880350 0.3693550 0.4881680
vn 0.1089733 -3.3393297 -5.1791062
v 0.2927320 0.3180050 0.4947450
vn -2.7700071 4.2200146 -3.6639676
v 0.3042910 0.4109950 0.5119010
vn -1.5282404 2.7648191 -5.3222337
v 0.3028950 0.3875060 0.4928450
vn -0.6061110 0.4333122 -6.1504622
v 0.3065660 0.3601110 0.4844490
vn -0.0507075 -2.0070374 -5.8482633
v 0.3109860 0.3337560 0.4874800
vn 0.2392059 -4.1109424 -4.6409421
v 0.3144320 0.3119520 0.5005180
vn -2.4743028 2.9960334 -4.8732586
v 0.3178020 0.4037750 0.4973620
vn -1.1907929 1.3450290 -5.9476070
v 0.3205980 0.3779230 0.4853410
vn -0.3556623 -0.8162253 -6.1403680
v 0.3271470 0.3509140 0.4831620
vn 0.1117478 -3.0399375 -5.3895135
v 0.3327950 0.3257370 0.4912340
vn 0.2590138 -4.7218432 -4.0643954
v 0.3374250 0.3069460 0.5076180
vn -1.8673277 1.6883636 -5.6979351
v 0.3343090 0.3956990 0.4868120
vn -0.7560383 0.0735116 -6.1754646
v 0.3407300 0.3687040 0.4811030
vn -0.0793277 -1.9394352 -5.8972406
v 0.3485550 0.3414790 0.4845730
vn 0.1926723 -3.7848639 -4.9346819
v 0.3556710 0.3188710 0.4968540
vn -1.0702869 0.6414816 -6.1115260
v 0.3531890 0.3877870 0.4806340
vn 3.0767531 3.6478963 4.0370784
v 0.6842920 0.4143470 0.7912910
vn 4.1144719 3.3929131 3.2293530
v 0.6786030 0.4289190 0.7834630
vn 1.1460620 3.1970167 5.2213655
v 0.7201860 0.3822810 0.8030830
vn 1.6915083 4.3352504 4.1410127
v 0.7124680 0.3977920 0.7928970
vn 2.3946669 4.8452034 3.1586812
v 0.7040760 0.4108420 0.7801430
vn 3.2981219 4.7632613 2.3784716
v 0.6953710 0.4221140 0.7690940
vn 4.2989130 4.1307197 1.8159441
v 0.6871690 0.4332930 0.7573070
vn 1.7029548 5.3244634 2.8327541
v 0.7240550 0.4059410 0.7745730
vn 2.2854760 5.4919014 1.9875752
v 0.7137290 0.4166040 0.7579450
vn 3.0198138 5.2572622 1.5699801
v 0.7035380 0.4257590 0.7439290
vn 4.0580673 4.5545645 1.2938756
v 0.6945330 0.4357630 0.7308810
vn 1.2994833 5.7668095 2.0970843
v 0.7336180 0.4106680 0.7568530
vn 1.8709737 5.7892632 1.5000285
v 0.7222060 0.4193010 0.7376420
vn 2.6607854 5.5757680 1.0436304
v 0.7111910 0.4277630 0.7201360
vn 0.7230660 6.0150371 1.6177642
v 0.7424890 0.4147630 0.7387390
vn 2.1889796 5.8158755 0.6579136
v 0.7184660 0.4274380 0.6975200
vn 3.7167032 4.9502287 0.7350960
v 0.7009800 0.4360300 0.7041310
vn 4.8677435 3.8148186 0.5913963
v 0.6898810 0.4478970 0.6960140
vn 5.0762687 3.5037618 0.9832987
v 0.6864410 0.4481070 0.7200810
vn 5.1904335 3.1677487 1.5092443
v 0.6815650 0.4464740 0.7459490
vn 4.9585357 2.9192932 2.4661837
v 0.6741800 0.4429040 0.7742440
vn 3.8373189 1.9518681 4.4501476
v 0.6611770 0.4344090 0.7990850
vn 5.7735238 2.2792048 0.7714349
v 0.6785930 0.4642990 0.7162570
vn 5.7388978 2.1879349 1.2304419
v 0.6756860 0.4616350 0.7394570
vn 5.5629435 2.1358430 1.9449747
v 0.6713090 0.4574120 0.7632950
vn 4.4499907 1.7180841 3.8765702
v 0.6589580 0.4505070 0.7946270
vn 1.9613348 0.9127184 5.6832314
v 0.6396330 0.4370530 0.8120780
vn 5.8721051 1.2380999 1.8191439
v 0.6670160 0.4739250 0.7618090
vn 5.0454597 1.2727032 3.3534176
v 0.6577320 0.4659040 0.7893370
vn 1.9530196 0.9211042 5.4982781
v 0.6375080 0.4535430 0.8109310
vn -1.4013219 0.8234779 5.8483858
v 0.6134960 0.4374220 0.8134490
vn 6.0425901 0.3746074 1.6430024
v 0.6654850 0.4916230 0.7587080
vn 5.5288010 0.6038809 2.8446608
v 0.6575070 0.4830420 0.7834980
vn 3.0139291 0.6238018 5.0637994
v 0.6414670 0.4714760 0.8063690
vn -3.8884275 1.8215801 4.4959183
v 0.5906300 0.4356950 0.7999720
vn -2.4367068 1.4172661 5.5689502
v 0.5986680 0.4186480 0.8105420
vn -0.4616725 0.8693758 6.1105957
v 0.6189760 0.4210940 0.8161270
vn 1.8329126 1.1358631 5.8003650
v 0.6428780 0.4201380 0.8135440
vn 3.0537236 2.1647363 4.9795532
v 0.6643780 0.4178370 0.8036720
vn 0.1493699 0.7351327 6.1737514
v 0.6266390 0.4016700 0.8188990
vn 1.5517985 1.1447706 5.9255590
v 0.6468720 0.4024950 0.8157330
vn 2.1969192 2.2021863 5.4119711
v 0.6693590 0.4016390 0.8079650
vn 2.0222883 3.5303934 4.7207079
v 0.6913220 0.4003830 0.7994340
vn -0.4894741 0.0591454 6.2182159
v 0.6156850 0.3797580 0.8198560
vn 0.4722826 0.2074518 6.2108097
v 0.6357930 0.3818000 0.8199610
vn 1.2170770 0.8392353 6.0692143
v 0.6557570 0.3838230 0.8167200
vn 1.3997618 1.7669256 5.8243876
v 0.6762990 0.3852040 0.8117290
vn 1.3075831 2.7233231 5.4432778
v 0.6985470 0.3856160 0.8064190
vn -0.0826187 -0.9343845 6.1662049
v 0.6259560 0.3605440 0.8189690
vn 0.7162937 0.1190891 6.1955609
v 0.6665920 0.3651380 0.8167200
vn 0.7420598 0.8748406 6.1264148
v 0.6864360 0.3670910 0.8141970
vn -6.1884403 0.8297687 0.1262554
v 0.8246530 0.4870710 0.6552980
vn -4.8371801 3.8727305 -0.4249698
v 0.8101480 0.4490180 0.6276560
vn -6.1922617 -0.8130409 0.0462328
v 0.8246230 0.5116770 0.6533340
vn -6.2081366 0.6585700 -0.1987759
v 0.8251410 0.4897040 0.6371690
vn -5.8425541 2.0939851 -0.5492095
v 0.8214620 0.4686670 0.6210750
vn -4.9922409 3.6230478 -0.8461345
v 0.8138880 0.4504680 0.6060120
vn -6.1302323 -1.0336241 -0.2249034
v 0.8247570 0.5148430 0.6367860
vn -6.2188010 0.4240766 -0.5237030
v 0.8261930 0.4926500 0.6192700
vn -5.8378129 1.9693012 -0.9345943
v 0.8241790 0.4688040 0.6006170
vn -5.0715342 3.3951659 -1.3275288
v 0.8182110 0.4500100 0.5828570
vn -3.8667943 4.5407557 -1.8498505
v 0.8085080 0.4327470 0.5670410
vn -6.0847969 -1.2790735 -0.4755919
v 0.8247420 0.5181890 0.6207410
vn -6.1743255 0.3843418 -0.8634530
v 0.8284520 0.4925810 0.6015500
vn -5.7977748 1.9028919 -1.2885020
v 0.8273650 0.4672710 0.5805240
vn -4.8482904 3.3729701 -2.0784562
v 0.8215710 0.4438430 0.5594680
vn -6.0287957 -1.2912213 -0.7863629
v 0.8266620 0.5183980 0.6045210
vn -5.5285907 2.1482983 -1.9902622
v 0.8309500 0.4626410 0.5613280
vn -4.3931999 3.2439916 -3.0693715
v 0.8282030 0.4362240 0.5363380
vn -3.5497065 4.2008801 -2.9798956
v 0.8163410 0.4247920 0.5379830
vn -3.8280096 4.7849684 -1.1449364
v 0.8029140 0.4359140 0.5922110
vn -3.5740552 5.0623183 -0.6580573
v 0.7975440 0.4360880 0.6155850
vn -2.3182974 4.6920919 -3.4442899
v 0.8074910 0.4111500 0.5265750
vn -2.6242609 5.2241416 -2.2605691
v 0.7995180 0.4209240 0.5516750
vn -2.5094252 5.5639853 -1.3823961
v 0.7901300 0.4255530 0.5801000
vn -2.1703355 5.7776833 -0.8359007
v 0.7828600 0.4267070 0.6047800
vn -1.3492793 5.9118080 -1.5588745
v 0.7774350 0.4185650 0.5693950
vn -0.8987516 6.1198096 -0.9260379
v 0.7672790 0.4217520 0.5961150
vn -0.4807692 6.2288127 -0.4530628
v 0.7585930 0.4238000 0.6208350
vn -0.0131682 6.1795764 -1.0784552
v 0.7546840 0.4191840 0.5838290
vn 0.4893910 6.2239771 -0.5697764
v 0.7438150 0.4231130 0.6108830
vn 0.9944536 6.1624289 -0.2170081
v 0.7360770 0.4250250 0.6351100
vn 0.8405265 6.0791779 -1.2532214
v 0.7399510 0.4179160 0.5731390
vn 1.3444853 6.0665040 -0.7522312
v 0.7313800 0.4234320 0.5980140
vn 1.9938351 5.9152102 -0.3344609
v 0.7223250 0.4279940 0.6237320
vn 2.5944145 5.6949444 -0.0071307
v 0.7144520 0.4321820 0.6502280
vn 1.4967549 6.0677080 0.1090098
v 0.7290910 0.4268660 0.6596860
vn -0.1326536 6.2507267 -0.0753478
v 0.7525350 0.4241950 0.6430430
vn -1.7240845 5.9865551 -0.3860784
v 0.7761290 0.4271080 0.6278110
vn 1.3858383 6.0815010 0.4632526
v 0.7305670 0.4257630 0.6798050
vn 0.0251702 6.2363930 0.2020402
v 0.7519070 0.4238070 0.6640790
vn -1.3931571 6.1019015 0.0478176
v 0.7702750 0.4265140 0.6499730
vn -3.1273587 5.3560853 -0.2174041
v 0.7921690 0.4340310 0.6367160
vn -1.4251509 6.0737243 0.3429911
v 0.7713570 0.4258640 0.6709890
vn -2.8535333 5.5279675 0.1608437
v 0.7888480 0.4326260 0.6581110
vn -4.5816641 4.1822062 -0.0151109
v 0.8067830 0.4461860 0.6479490
vn -5.7546287 2.3722920 -0.1814129
v 0.8194770 0.4665550 0.6408340
vn -1.7398220 5.9525957 0.7503195
v 0.7777840 0.4257230 0.6915520
vn -3.0736589 5.3924036 0.5827805
v 0.7922090 0.4331720 0.6792460
vn -4.5581017 4.1592708 0.3651218
v 0.8075710 0.4458310 0.6681220
vn -5.6984706 2.5093007 0.1941198
v 0.8187740 0.4647780 0.6601750
vn -6.1457911 0.9732928 0.4637525
v 0.8253460 0.4852110 0.6738760
vn -6.2107329 -0.5856115 0.3875377
v 0.8256550 0.5085560 0.6705760
vn 5.5172176 2.8901880 -0.0126205
v 0.1831910 0.4603050 0.6464230
vn 6.1752644 0.9386427 0.0140720
v 0.1752000 0.4857250 0.6488720
vn 5.4582810 -2.9817376 0.0142440
v 0.1837250 0.5400920 0.6500280
vn 5.9978056 1.6611704 -0.3051070
v 0.1767710 0.4751750 0.6308670
vn 6.2214289 -0.2094303 -0.2177690
v 0.1736210 0.5027020 0.6337440
vn 5.7754092 -2.2402885 -0.2154446
v 0.1791190 0.5317310 0.6341780
vn 6.2050586 0.5254446 -0.5698552
v 0.1732640 0.4915830 0.6166470
vn 6.0452418 -1.4560490 -0.4682166
v 0.1755170 0.5216090 0.6187410
vn 4.9355392 -3.7214510 -0.4019951
v 0.1878430 0.5493910 0.6164980
vn 2.7904773 -5.5253386 -0.5442514
v 0.2105550 0.5683080 0.6148970
vn 6.1540108 -0.4013236 -0.8867845
v 0.1711330 0.5056790 0.6028810
vn 5.5462036 -2.5905075 -0.8311436
v 0.1787120 0.5374000 0.6035240
vn 3.6428761 -4.8606458 -0.7801378
v 0.1997520 0.5646780 0.5997650
vn 4.8136911 -3.6126060 -1.3450747
v 0.1843660 0.5518190 0.5881170
vn 4.2512479 -4.3640075 1.1297306
v 0.1915320 0.5593880 0.7057720
vn 5.5956383 -2.5451047 1.0274066
v 0.1777730 0.5378830 0.7023460
vn 5.8278255 -2.1059029 0.6440454
v 0.1774710 0.5307530 0.6839080
vn 6.0268140 -1.5532173 0.3539875
v 0.1763970 0.5225910 0.6665220
vn 6.1707726 -0.9495757 0.0174926
v 0.1751830 0.5135320 0.6497340
vn 5.9854865 -1.1943886 1.3530596
v 0.1690890 0.5194700 0.7177180
vn 6.1223235 -0.7676477 0.9574369
v 0.1709930 0.5120810 0.7003370
vn 6.2147627 -0.3176716 0.6366109
v 0.1728850 0.5051700 0.6831450
vn 6.2266216 0.2641565 0.2598414
v 0.1736630 0.4955720 0.6661280
vn 6.0901642 0.9036287 0.9925761
v 0.1712670 0.4849170 0.6997980
vn 6.0460558 1.4652610 0.6005237
v 0.1754370 0.4776080 0.6823670
vn 5.8241234 2.1443582 0.2532130
v 0.1786930 0.4686450 0.6648270
vn 5.7320094 2.0648532 1.3535161
v 0.1726160 0.4662500 0.7177580
vn 5.2504292 -2.9920869 1.4525506
v 0.1776030 0.5459660 0.7203210
vn 6.1085196 0.4205952 1.3133547
v 0.1678250 0.4923610 0.7169450
vn 5.0109091 -3.0971768 2.0465388
v 0.1748240 0.5509620 0.7382300
vn 5.7699442 -1.5352919 1.8788989
v 0.1663680 0.5271440 0.7347900
vn 5.9847898 -0.0246680 1.8122727
v 0.1629640 0.4999850 0.7335540
vn 5.7857819 1.5125327 1.8571620
v 0.1663170 0.4725930 0.7347600
vn 5.5065117 -1.7023699 2.4339054
v 0.1616780 0.5343080 0.7521360
vn 5.8376508 -0.4037939 2.2456503
v 0.1578520 0.5079330 0.7503660
vn 5.7346368 0.9546850 2.3222439
v 0.1588610 0.4797120 0.7506510
vn 5.1679597 2.4315538 2.5688815
v 0.1659700 0.4516150 0.7546740
vn 5.4509039 0.4518498 3.0522652
v 0.1511830 0.4870060 0.7667850
vn 5.1347375 1.6614678 3.1855354
v 0.1546770 0.4609590 0.7687950
vn 4.2715449 2.8936038 3.5429268
v 0.1647460 0.4324500 0.7741840
vn 2.9014995 3.8377395 3.9966755
v 0.1772990 0.4130510 0.7802920
vn 4.7286921 0.9006953 4.0181656
v 0.1427060 0.4730240 0.7814340
vn 4.1654496 1.9061030 4.2716770
v 0.1496630 0.4440190 0.7841810
vn 3.0649524 2.7845018 4.6931386
v 0.1598720 0.4158770 0.7900050
vn 5.4111919 -0.6748791 3.0844345
v 0.1513970 0.5163990 0.7668950
vn 4.8425159 -0.0674453 3.9876335
v 0.1410210 0.5021840 0.7802180
vn 4.7230287 -3.0307300 2.7574799
v 0.1698280 0.5571190 0.7569730
vn 5.0319071 -1.8177285 3.2610998
v 0.1560910 0.5433380 0.7694230
vn 4.6225228 -1.0211093 4.1055307
v 0.1429770 0.5302100 0.7822370
vn 4.1080852 -2.7306569 3.8513031
v 0.1614920 0.5665080 0.7773850
vn 4.0404487 -1.7374812 4.4419494
v 0.1472550 0.5560270 0.7868190
vn 3.4160719 -1.0112678 5.1442552
v 0.1314100 0.5464090 0.7963920
vn 2.8966708 -2.0910254 5.1220999
v 0.1489260 0.5805880 0.7957840
vn 2.5061007 -1.2416286 5.5798407
v 0.1326300 0.5722120 0.8015580
vn 1.5302820 -0.4864148 5.9700022
v 0.1143710 0.5646630 0.8076800
vn 0.0324486 0.0049192 6.1658611
v 0.0960380 0.5590140 0.8099840
vn 1.6100593 -1.8116285 5.7440052
v 0.1511010 0.6039380 0.8038210
vn 0.2641787 -0.1529079 6.1705980
v 0.1122010 0.5912930 0.8095600
vn -0.9936933 0.4488603 6.0864487
v 0.0932190 0.5860380 0.8086430
vn -2.3288724 0.8432224 5.6767769
v 0.0750350 0.5822290 0.8038660
vn 2.3813977 -0.4724900 5.7416444
v 0.1152820 0.5370560 0.8042200
vn 3.9438720 -0.4227735 4.8482132
v 0.1293500 0.5181990 0.7935450
vn 0.9619355 -0.1039949 6.1452503
v 0.0990250 0.5296760 0.8086180
vn 2.9146342 -0.0441579 5.5300364
v 0.1165390 0.5053900 0.8018520
vn 4.0571880 0.3089677 4.7635331
v 0.1302040 0.4874050 0.7924180
vn 1.4651637 0.0696830 6.0455604
v 0.1016480 0.4973570 0.8079300
vn 2.8316636 0.3726937 5.5628843
v 0.1175430 0.4744080 0.8020310
vn 3.6695580 1.0650073 4.9668465
v 0.1340560 0.4565780 0.7935100
vn 1.2162094 0.1590716 6.1055007
v 0.1009310 0.4705290 0.8083190
vn 2.3973279 0.8121876 5.7146182
v 0.1201530 0.4462450 0.8036470
vn 3.0302353 1.6994324 5.2147160
v 0.1407040 0.4291160 0.7966860
vn 3.7089832 4.6451411 -1.8908502
v 0.6934310 0.4278870 0.5396430
vn 2.6870379 5.4290261 -1.6169401
v 0.7096710 0.4221620 0.5507720
vn 1.7879335 5.8403039 -1.3985260
v 0.7249380 0.4188250 0.5619960
vn 5.2056284 3.1007838 -1.5200346
v 0.6800590 0.4469640 0.5479200
vn 4.2874060 4.2591944 -1.2982939
v 0.6907890 0.4367880 0.5609490
vn 3.2017848 5.2183199 -1.1358043
v 0.7044700 0.4296580 0.5731940
vn 2.2339935 5.7694597 -0.9626156
v 0.7183110 0.4256440 0.5854900
vn 4.9232850 3.7065153 -0.9210433
v 0.6879670 0.4468200 0.5818900
vn 3.9468656 4.7431459 -0.7158611
v 0.6985720 0.4380540 0.5960000
vn 2.9551809 5.4794369 -0.4995045
v 0.7103940 0.4321840 0.6097320
vn 5.9054623 1.8873308 -0.6854724
v 0.6772920 0.4693640 0.5883070
vn 5.4282155 2.9775214 -0.5153866
v 0.6838380 0.4570240 0.6029660
vn 4.6389532 4.1134067 -0.3563772
v 0.6926780 0.4464020 0.6180580
vn 3.6079335 5.0658202 -0.1656248
v 0.7035080 0.4377160 0.6353400
vn 6.1328168 1.1099510 -0.4217895
v 0.6762350 0.4811730 0.6076470
vn 5.1673498 3.4396729 -0.1085536
v 0.6881910 0.4534350 0.6394280
vn 3.2085466 5.2879701 0.3741758
v 0.7072770 0.4344410 0.6772720
vn -1.8012686 5.1113925 3.1530712
v 0.7964170 0.4088620 0.7681960
vn -0.7952199 5.5741415 2.7607133
v 0.7751020 0.4064690 0.7629160
vn 0.2388034 5.7809563 2.4201436
v 0.7543300 0.4071460 0.7589270
vn -3.9842262 3.6584516 3.1590943
v 0.8250910 0.4295840 0.7652450
vn -2.9014175 4.8324533 2.7019882
v 0.8062090 0.4199700 0.7558560
vn -1.5730498 5.6618757 2.1765747
v 0.7845250 0.4147030 0.7479130
vn -0.3674333 5.9946809 1.8103192
v 0.7635940 0.4135180 0.7419400
vn -2.6440163 5.3640165 1.8337384
v 0.7950460 0.4232950 0.7344710
vn -1.1043233 5.9872422 1.4238677
v 0.7726590 0.4183840 0.7251920
vn 0.2488458 6.1525884 1.1677032
v 0.7503460 0.4182060 0.7200070
vn 1.4498105 6.0102997 1.0430828
v 0.7302680 0.4214400 0.7183460
vn -3.7880797 4.7233167 1.4971037
v 0.8057660 0.4338410 0.7221310
vn -2.1762030 5.7370591 1.2014860
v 0.7852780 0.4248500 0.7124280
vn -0.6237031 6.1539230 0.9671335
v 0.7624620 0.4211600 0.7042460
vn 0.7812723 6.1590853 0.7819542
v 0.7398910 0.4220430 0.6994840
vn -3.4393644 5.0800672 0.9905381
v 0.7986160 0.4335910 0.7005460
vn -0.1529529 6.2340589 0.5201513
v 0.7545000 0.4230310 0.6845560
vn 3.5037775 1.5780513 -4.9275970
v 0.1402970 0.4387770 0.5048860
vn 1.6405466 0.8176986 -5.9146118
v 0.1220210 0.4241850 0.4920120
vn 2.6715615 0.8748899 -5.5623155
v 0.1239050 0.4469040 0.4967490
vn 3.5920291 0.6402061 -5.0663862
v 0.1283780 0.4708220 0.5030210
vn 4.4002395 -0.0845218 -4.4532204
v 0.1335750 0.4978710 0.5098370
vn 1.4487224 0.2996204 -5.9879231
v 0.1063830 0.4562610 0.4906960
vn 2.4784462 0.2372753 -5.6940169
v 0.1134200 0.4780510 0.4947700
vn 3.3196282 -0.2457049 -5.2498126
v 0.1213400 0.5034600 0.4991670
vn 3.5725636 -0.6774968 -5.0871191
v 0.1280700 0.5312770 0.5022680
vn -1.2388304 -0.2552070 -6.0482063
v 0.0800720 0.4488460 0.4903320
vn -0.1681488 -0.0306896 -6.1350532
v 0.0871760 0.4698290 0.4886720
vn 0.9578179 0.0003831 -6.1179662
v 0.0968700 0.4902020 0.4899130
vn 1.7192161 -0.2087317 -5.9257669
v 0.1056360 0.5122060 0.4913440
vn 2.1228852 -0.4859473 -5.8325176
v 0.1128990 0.5390700 0.4931190
vn -2.7622297 -0.3442770 -5.5272241
v 0.0611560 0.4647970 0.4959710
vn -1.7511292 -0.0999730 -5.8777046
v 0.0702680 0.4848370 0.4911100
vn -0.8397897 0.0181499 -6.1252918
v 0.0794370 0.5061630 0.4896190
vn 4.5842371 -0.8703187 -4.1741691
v 0.1400630 0.5247100 0.5141200
vn 1.5721457 -0.5065427 -5.9534583
v 0.1147850 0.5632570 0.4911050
vn 3.3570762 -1.2991545 -5.1084800
v 0.1355780 0.5562170 0.5026220
vn 4.3331041 -1.8150172 -4.1439996
v 0.1497530 0.5511060 0.5169120
vn 4.9187965 -2.1874464 -3.1958497
v 0.1588900 0.5472370 0.5306490
vn 3.4169655 -2.4214909 -4.6435122
v 0.1543740 0.5739520 0.5096880
vn 3.8846819 -3.3218615 -3.5733597
v 0.1696930 0.5723270 0.5258270
vn 4.0313792 -3.8062558 -2.7722416
v 0.1783600 0.5683530 0.5420920
vn 2.1405811 -2.2434661 -5.4206028
v 0.1526790 0.5937260 0.4987980
vn 2.7030210 -3.5658627 -4.3726521
v 0.1729550 0.5894290 0.5120460
vn 2.6562843 -4.5969853 -3.3156133
v 0.1900270 0.5851460 0.5293870
vn 2.4677823 -5.2119775 -2.3816800
v 0.2033670 0.5814960 0.5489820
vn 1.5804424 -2.7874086 -5.3475499
v 0.1727890 0.6081060 0.4989530
vn 1.7145640 -4.2235150 -4.2841854
v 0.1931480 0.6006070 0.5122600
vn 1.4187810 -5.2637658 -3.0762503
v 0.2107450 0.5926350 0.5303300
vn 0.9173114 -5.8143754 -2.1404316
v 0.2268960 0.5873990 0.5509220
vn -0.0288808 -6.0684500 -1.3923812
v 0.2453760 0.5831460 0.5716340
vn 2.2545128 -5.4807196 -1.8048929
v 0.2099200 0.5784240 0.5656750
vn 4.2144270 -4.0011616 -2.1144114
v 0.1830210 0.5634420 0.5577770
vn 5.2637634 -2.2265131 -2.5048282
v 0.1638010 0.5416280 0.5451480
vn 5.2521458 -0.8988441 -3.3011901
v 0.1489620 0.5186970 0.5280360
vn 2.3327041 -5.5765934 -1.3261726
v 0.2127330 0.5749490 0.5822190
vn 4.2510948 -4.0308194 -1.7489979
v 0.1855960 0.5597470 0.5732140
vn 5.5123706 -2.0867352 -2.0176876
v 0.1676330 0.5357440 0.5599110
vn 5.6230464 -0.5991117 -2.6969488
v 0.1557510 0.5119710 0.5426050
vn 5.0276093 0.3164512 -3.7312393
v 0.1438620 0.4912340 0.5218580
vn 5.7251635 -1.8298763 -1.5896668
v 0.1696650 0.5290630 0.5743110
vn 5.9133272 -0.3905923 -2.0401719
v 0.1610800 0.5055440 0.5563420
vn 5.4764752 0.6172089 -2.9956341
v 0.1525010 0.4833870 0.5342040
vn 4.4198284 1.0335476 -4.2706656
v 0.1414920 0.4644130 0.5128990
vn 5.9621482 -1.3326269 -1.2371869
v 0.1711430 0.5204520 0.5896230
vn 6.0229840 0.0332865 -1.6452583
v 0.1643860 0.4979110 0.5701080
vn 5.6971331 1.0490781 -2.3898931
v 0.1596780 0.4762370 0.5479800
vn 4.9242201 1.6046692 -3.5293415
v 0.1521450 0.4569590 0.5246110
vn 6.0911908 0.5908802 -1.3217213
v 0.1686270 0.4897440 0.5839990
vn 5.0309739 2.3753922 -2.8863046
v 0.1633910 0.4520360 0.5389700
vn 3.9113669 2.4736717 -4.2058339
v 0.1558340 0.4337780 0.5155710
vn 0.2371788 6.2154884 0.8808667
v 0.4210610 0.7169600 0.7076310
vn 0.3180589 5.9876842 1.8289388
v 0.3794910 0.7102590 0.7500070
vn 0.2819279 6.0885401 1.5204345
v 0.4013580 0.7118250 0.7383950
vn 0.2055943 6.1526179 1.2529498
v 0.4237590 0.7134000 0.7275360
vn 0.1501911 6.1855087 1.0622532
v 0.4465000 0.7148210 0.7180270
vn 0.1122070 6.2167549 0.8937755
v 0.4676130 0.7155240 0.7093920
vn 0.2599237 5.9343357 2.0366225
v 0.4026110 0.7061910 0.7578100
vn 0.1921911 6.0320854 1.7115138
v 0.4264740 0.7091270 0.7464920
vn 0.1355302 6.1052647 1.4714668
v 0.4515330 0.7107280 0.7363810
vn 0.0798006 6.1570373 1.2465202
v 0.4733830 0.7120640 0.7283680
vn -0.0197967 6.1746259 1.1543583
v 0.4968240 0.7132010 0.7221460
vn 0.2065262 5.8040485 2.3774304
v 0.4267260 0.7026350 0.7649900
vn 0.1330020 5.9643645 1.9615252
v 0.4512470 0.7055820 0.7548240
vn 0.0645908 6.0313749 1.7238845
v 0.4767350 0.7080100 0.7465370
vn 0.0132375 6.0798578 1.5668561
v 0.5019790 0.7093220 0.7403400
vn -0.0807094 6.1101947 1.4566078
v 0.5272530 0.7106030 0.7352240
vn 0.1405429 5.6310859 2.7219977
v 0.4514500 0.6989960 0.7726890
vn 0.1010653 5.7990098 2.3940437
v 0.4762370 0.7018880 0.7640080
vn -0.1061736 5.9896541 1.8856126
v 0.5289340 0.7058910 0.7527500
vn -0.1646742 6.0204496 1.7551023
v 0.5561520 0.7081300 0.7482520
vn -0.0558723 6.1919541 1.0285382
v 0.5199290 0.7146520 0.7160180
vn 0.0201552 6.2292862 0.8175153
v 0.4897840 0.7161080 0.7030740
vn 0.0878640 6.2537436 0.5874979
v 0.4623930 0.7179130 0.6898310
vn -0.0358436 6.2462077 0.6775744
v 0.5142450 0.7168010 0.6974550
vn 0.0327318 6.2591634 0.5022814
v 0.4850020 0.7183460 0.6843320
vn 0.1189123 6.2751904 0.2853138
v 0.4590940 0.7192940 0.6690300
vn 0.1845333 6.2782426 0.0731617
v 0.4356180 0.7204450 0.6546300
vn 0.0010825 6.2699623 0.3836249
v 0.5075640 0.7186210 0.6776560
vn 0.0483105 6.2797618 0.1911377
v 0.4816910 0.7191490 0.6658140
vn 0.1291161 6.2786903 -0.0229879
v 0.4566350 0.7200420 0.6475900
vn -0.0289388 6.2812257 0.0978933
v 0.5029520 0.7193930 0.6564150
vn 0.2074667 6.2723660 -0.2852559
v 0.4338920 0.7199670 0.6305630
vn 0.2038215 6.2664609 0.3881312
v 0.4381910 0.7195130 0.6769930
vn 0.1783145 6.2413683 0.6975722
v 0.4417560 0.7174540 0.6980530
vn 0.2702167 6.2750115 -0.0989475
v 0.4133050 0.7212380 0.6421400
vn 0.2566784 6.2738857 0.2121299
v 0.4152530 0.7208240 0.6648870
vn 0.2424303 6.2513924 0.5457737
v 0.4177440 0.7196380 0.6867850
vn 0.3437788 6.2686443 -0.2423938
v 0.3907110 0.7218760 0.6320090
vn 0.3466401 6.2715068 0.0683986
v 0.3922600 0.7222800 0.6540670
vn 0.3346693 6.2617431 0.3782694
v 0.3947830 0.7212930 0.6760950
vn 0.3143046 6.2350368 0.7052994
v 0.3970920 0.7192190 0.6975450
vn 0.2965271 6.1732988 1.0935750
v 0.3993480 0.7164820 0.7184410
vn 0.4045209 6.2653351 0.2368436
v 0.3717080 0.7231180 0.6661680
vn 0.3894459 6.2412548 0.5679356
v 0.3743570 0.7218560 0.6873730
vn 0.3683977 6.2027473 0.9222789
v 0.3756420 0.7190240 0.7089430
vn 0.3478847 6.1322088 1.3192635
v 0.3773320 0.7151150 0.7296890
vn 0.4841960 6.2622337 0.1212478
v 0.3496730 0.7249780 0.6567490
vn 0.4599795 6.2514567 0.4100777
v 0.3519490 0.7239660 0.6772570
vn 0.4533456 6.2211385 0.7501873
v 0.3531210 0.7217570 0.6987170
vn 0.4465252 6.1539917 1.1558824
v 0.3537620 0.7187150 0.7206550
vn -5.9577522 1.6572889 -0.8963978
v 0.0146890 0.5923600 0.6016040
vn -5.9686246 1.3331960 -1.3689749
v 0.0153630 0.5781400 0.5811270
vn -5.8060598 2.0802100 -1.1485865
v 0.0233540 0.6117510 0.5907150
vn -5.7543554 1.8307222 -1.6558993
v 0.0233430 0.5981640 0.5707460
vn -5.6533566 1.4755247 -2.1950569
v 0.0246710 0.5823930 0.5522030
vn -5.4259734 1.0560925 -2.9097121
v 0.0284490 0.5642840 0.5352460
vn -5.3483715 1.8831265 -2.6492906
v 0.0359850 0.6029950 0.5418220
vn -4.9852624 1.5062177 -3.3707242
v 0.0380530 0.5853250 0.5267600
vn -4.4393749 1.0068040 -4.2190876
v 0.0443630 0.5655660 0.5125400
vn -4.7496443 2.3144484 -3.1563601
v 0.0492300 0.6231640 0.5305240
vn -4.4299850 1.7337623 -4.0173364
v 0.0530180 0.6055280 0.5170420
vn -3.8061247 1.2915046 -4.7516761
v 0.0579030 0.5873240 0.5061670
vn -2.9331818 0.8470035 -5.3858266
v 0.0640750 0.5683130 0.4976710
vn -2.8866031 1.4440486 -5.2108746
v 0.0752280 0.6078170 0.4989180
vn -1.8731952 0.7215743 -5.8453970
v 0.0823440 0.5883020 0.4926110
vn -0.7987523 0.3088720 -6.1418262
v 0.0890530 0.5684870 0.4896440
vn 0.2692657 -0.0589087 -6.1965952
v 0.0953330 0.5488130 0.4888810
vn -1.8947403 0.3320382 -5.8715343
v 0.0724690 0.5469730 0.4917280
vn -3.7024508 0.5170845 -4.9619799
v 0.0519380 0.5454120 0.5026220
vn -4.9549680 0.6666049 -3.7082286
v 0.0342310 0.5446740 0.5204870
vn -0.2248564 -0.0415869 -6.1527014
v 0.0873080 0.5276520 0.4886320
vn -2.5960102 0.1904306 -5.6300745
v 0.0620690 0.5235140 0.4951830
vn -4.2804146 0.3662398 -4.5112357
v 0.0423150 0.5234690 0.5090190
vn -5.3151331 0.4046170 -3.2555852
v 0.0271370 0.5236930 0.5282260
vn -5.8821583 0.3927399 -2.1110067
v 0.0149000 0.5233290 0.5545760
vn -3.1856174 0.0349672 -5.2766891
v 0.0540690 0.5023430 0.4983590
vn -4.7425418 0.0011363 -3.9931142
v 0.0346580 0.5023980 0.5155210
vn -5.5983591 0.0329296 -2.7447929
v 0.0206640 0.5033800 0.5379580
vn -3.9410162 -0.2462725 -4.8131437
v 0.0466030 0.4824140 0.5049060
vn -5.1883440 -0.2459525 -3.4766297
v 0.0292040 0.4819510 0.5247100
vn -5.8145394 -0.2536659 -2.3211050
v 0.0169460 0.4836410 0.5486230
vn -6.0910106 -0.2752440 -1.4838496
v 0.0086300 0.4835110 0.5757020
vn -6.1088023 -0.5800695 -1.2302059
v 0.0074590 0.4627480 0.5852800
vn 0.3071289 5.7368584 2.5236013
v 0.3802280 0.7027150 0.7696570
vn 0.2495408 5.5313253 2.8848491
v 0.4025950 0.6988210 0.7769970
vn 0.2216105 5.2910256 3.3438544
v 0.4276790 0.6939800 0.7823320
vn 0.2392640 4.9505615 3.7816854
v 0.3812980 0.6928630 0.7877510
vn 0.2150144 4.6261530 4.1558895
v 0.4052640 0.6877520 0.7932010
vn 0.1775099 4.2820177 4.5320292
v 0.4296230 0.6819790 0.7974490
vn 0.1576516 3.6989367 4.9895515
v 0.4536600 0.6760450 0.8021660
vn 0.2280120 4.1159267 4.7032709
v 0.3631310 0.6834940 0.7984810
vn 0.1042991 3.6968405 5.0203934
v 0.3860230 0.6766780 0.8035070
vn 0.1895552 3.2519534 5.2974348
v 0.4084270 0.6719320 0.8063440
vn 0.1861881 2.7050076 5.6005983
v 0.4320210 0.6666860 0.8081340
vn 0.2036622 1.7710268 5.9189882
v 0.4553960 0.6596160 0.8106620
vn 0.2065116 2.1927648 5.8370948
v 0.3926120 0.6585040 0.8131450
vn 0.3816718 1.4809048 6.0238390
v 0.4152340 0.6531450 0.8139430
vn -4.3092074 -4.3554816 -1.3369787
v 0.0646180 0.3228490 0.5814510
vn -4.5897207 -3.7026885 -1.8804410
v 0.0570320 0.3359820 0.5655060
vn -4.8297267 -3.1958089 -2.3658104
v 0.0530210 0.3517550 0.5512260
vn -4.8426046 -2.6173568 -2.9140251
v 0.0504590 0.3676920 0.5373500
vn -4.6949248 -2.1013615 -3.4984136
v 0.0500830 0.3849450 0.5251940
vn -4.8781490 -3.7016234 -1.1345209
v 0.0498210 0.3353810 0.5922660
vn -5.2339010 -3.1309199 -1.4679191
v 0.0422300 0.3539290 0.5773380
vn -5.3312469 -2.5560019 -1.9136403
v 0.0370470 0.3701430 0.5627930
vn -5.4001760 -2.0989873 -2.3765323
v 0.0355900 0.3874830 0.5498250
vn -5.3409452 -3.1783609 -0.8855551
v 0.0383420 0.3504630 0.6050950
vn -5.5794001 -2.5417659 -1.1645696
v 0.0298830 0.3701540 0.5901170
vn -5.7285385 -2.0913861 -1.4819360
v 0.0257360 0.3899530 0.5770030
vn -5.7136765 -1.6913706 -1.8609909
v 0.0232880 0.4070040 0.5635860
vn -5.6002617 -2.6523225 -0.5678032
v 0.0274230 0.3653100 0.6185370
vn -5.8482614 -2.1287246 -0.8365039
v 0.0216160 0.3862470 0.6053890
vn -5.9103794 -1.6798478 -1.1077752
v 0.0163660 0.4063700 0.5918170
vn -5.9974589 -1.2098936 -1.3858310
v 0.0149060 0.4252260 0.5799650
vn -5.9557915 -1.0083420 -1.6765958
v 0.0141570 0.4437900 0.5689510
vn -6.1025529 -1.0478818 -1.0050503
v 0.0085620 0.4422060 0.5960350
vn -5.7201996 -1.2356826 -2.2162085
v 0.0228770 0.4250230 0.5527020
vn -5.2769327 -1.7157559 -2.8477004
v 0.0349270 0.4049480 0.5373800
vn -5.9101715 -0.5795693 -1.9582305
v 0.0142700 0.4636770 0.5587600
vn -5.6192675 -1.0076029 -2.5670896
v 0.0233520 0.4432970 0.5432480
vn -5.1110477 -1.2265056 -3.3350163
v 0.0355200 0.4233110 0.5274780
vn -4.3616595 -1.5764920 -4.1294279
v 0.0511770 0.4035320 0.5147980
vn -3.4692461 -1.7518229 -4.8224597
v 0.0695460 0.3860100 0.5050810
vn -5.4494867 -0.5992079 -2.9405689
v 0.0244970 0.4625800 0.5339340
vn -4.8797970 -0.9686943 -3.7703924
v 0.0372180 0.4423630 0.5198140
vn -3.9650986 -1.0852687 -4.6423950
v 0.0530600 0.4232130 0.5070000
vn -2.8048255 -1.1172040 -5.4018517
v 0.0722470 0.4062880 0.4978060
vn -1.6549852 -0.8935298 -5.8689985
v 0.0929580 0.3919410 0.4920120
vn -4.4713106 -0.5231557 -4.2303901
v 0.0395410 0.4618970 0.5122400
vn -3.4255600 -0.6929892 -5.1045785
v 0.0560780 0.4436730 0.5009070
vn -2.0795016 -0.6357130 -5.7706804
v 0.0750530 0.4272540 0.4931140
vn -0.6101019 -0.2578722 -6.1512041
v 0.0977870 0.4137310 0.4893600
vn 0.4599515 0.3138926 -6.1718688
v 0.1184770 0.4019320 0.4893600
vn 0.3083749 0.1367291 -6.1645050
v 0.1002730 0.4352910 0.4890410
vn 0.1298027 6.0516796 -1.6513782
v 0.4521560 0.7094310 0.5563610
vn 0.1198696 6.1858702 -1.0718863
v 0.4627380 0.7142280 0.5798260
vn 0.0741322 6.0545549 -1.6460900
v 0.4706150 0.7091270 0.5564910
vn 0.0716577 5.6806164 -2.5981953
v 0.4806240 0.7007560 0.5315060
vn 0.0514833 6.2350574 -0.7694543
v 0.4792630 0.7164170 0.5975810
vn 0.0525853 6.1808162 -1.1106868
v 0.4848320 0.7135100 0.5774870
vn 0.0143728 6.0555086 -1.6428022
v 0.4898730 0.7089430 0.5562820
vn -0.0365737 5.7221537 -2.5370805
v 0.4981550 0.7010850 0.5328380
vn -0.0183960 6.1617103 -1.2221085
v 0.5080920 0.7122980 0.5720570
vn -0.0247174 6.0261025 -1.7445260
v 0.5118760 0.7076460 0.5513700
vn -0.1097570 5.6486154 -2.6678777
v 0.5194000 0.6997590 0.5286390
vn -0.1710285 4.7645679 -3.9834213
v 0.5312970 0.6879770 0.5086800
vn -0.0830808 6.1998448 -0.9884475
v 0.5272430 0.7149910 0.5850310
vn -0.1195231 4.7172823 -4.0027618
v 0.5126740 0.6877070 0.5087700
vn -0.0113046 4.6767044 -4.0328102
v 0.4946150 0.6870240 0.5082170
vn -0.2074358 3.0360579 -5.3781514
v 0.5291830 0.6699920 0.4933630
vn -0.0934667 2.5970390 -5.5317187
v 0.5102410 0.6669860 0.4920270
vn 0.0871057 2.2545154 -5.6228590
v 0.4928750 0.6643330 0.4906460
vn -0.2885883 1.4465557 -6.0310116
v 0.5522280 0.6559720 0.4870610
vn -0.3263183 0.5737840 -6.1357555
v 0.5312670 0.6490510 0.4867270
vn -0.2518308 -0.5431521 -6.1150198
v 0.5118570 0.6406750 0.4877140
vn 0.0404194 -1.1882994 -5.9790602
v 0.4947350 0.6367360 0.4884920
vn -0.5901300 -1.8696029 -5.8881235
v 0.5352610 0.6285240 0.4890560
vn -0.5564673 -3.1213887 -5.3496571
v 0.5158700 0.6206310 0.4947100
vn -0.1368556 -4.0135503 -4.7557936
v 0.4986740 0.6127380 0.5019090
vn -0.9363852 -4.6297622 -4.0983195
v 0.5217040 0.6042120 0.5081120
vn -0.3436056 -5.3138504 -3.3058681
v 0.5046870 0.5985280 0.5197990
vn 0.5502616 -4.5323920 -4.1893525
v 0.4843290 0.6061810 0.5072440
vn 0.2072150 -1.7178496 -5.7680287
v 0.4795920 0.6317650 0.4889360
vn 0.1028154 1.8713481 -5.6969934
v 0.4763010 0.6612570 0.4889460
vn 0.0639285 4.5222173 -4.1944432
v 0.4772040 0.6856930 0.5065660
vn 0.4817043 -2.2336304 -5.6247072
v 0.4657950 0.6259260 0.4904520
vn 0.0981275 1.5923750 -5.7569308
v 0.4612480 0.6593220 0.4881430
vn 0.1387132 4.4945264 -4.1952786
v 0.4601920 0.6861670 0.5065410
vn 0.1114290 5.6602912 -2.6330376
v 0.4634490 0.7006010 0.5304840
vn 0.8104533 -1.3051386 -5.8275681
v 0.4483670 0.6289330 0.4870310
vn 0.2923433 1.6878326 -5.7539158
v 0.4459610 0.6587340 0.4874250
vn 0.1993675 4.5086846 -4.1598330
v 0.4439450 0.6866350 0.5062520
vn 0.1594573 5.6849089 -2.5888405
v 0.4466450 0.7009850 0.5306040
vn 0.2289081 4.3548717 -4.3405948
v 0.4281870 0.6847910 0.5036600
vn 0.2341705 5.6579146 -2.6370096
v 0.4292500 0.7009950 0.5293370
vn 0.1920643 6.0491018 -1.6604751
v 0.4342150 0.7096810 0.5557680
vn 0.1615291 6.1867099 -1.0458130
v 0.4422750 0.7150160 0.5810320
vn 0.2542797 6.0270758 -1.7205036
v 0.4151270 0.7096360 0.5527420
vn 0.2067949 6.2456965 -0.6404546
v 0.4325790 0.7181520 0.6045160
vn 0.2881271 6.2581639 -0.4404591
v 0.4120650 0.7203810 0.6188660
vn 0.4157949 6.2665434 -0.0698998
v 0.3698430 0.7237210 0.6446230
vn 0.2810585 6.2238450 -0.8071460
v 0.4085480 0.7181870 0.5968230
vn 0.3433544 6.2451668 -0.5706497
v 0.3887290 0.7208240 0.6104400
vn 0.4331539 6.2560916 -0.3726677
v 0.3663460 0.7231030 0.6235680
vn 0.4933505 6.2607689 -0.1818808
v 0.3455650 0.7251020 0.6365060
vn 0.4309818 6.2285166 -0.6989198
v 0.3628990 0.7215720 0.6033050
vn 0.4979682 6.2407660 -0.4828360
v 0.3407550 0.7247030 0.6164480
vn 0.4949743 6.2563968 -0.2953672
v 0.3204640 0.7269120 0.6292520
vn 0.4362129 6.1695628 -1.0783573
v 0.3606030 0.7189850 0.5822890
vn 0.4923606 6.2076554 -0.8335173
v 0.3387540 0.7224500 0.5960150
vn 0.4788188 6.2320132 -0.6004472
v 0.3158360 0.7261100 0.6095970
vn 0.4716877 6.2526031 -0.3788788
v 0.2947390 0.7286670 0.6239020
vn 0.3565313 6.2688537 -0.1416181
v 0.2735950 0.7308110 0.6385800
vn 0.4546756 6.2270651 -0.6955218
v 0.2932130 0.7269420 0.6030200
vn 0.4612674 6.2631826 -0.1034879
v 0.3005470 0.7290160 0.6428730
vn 0.5166949 6.2564631 -0.0063695
v 0.3262560 0.7272210 0.6489010
vn 0.3892441 6.2669830 0.1328914
v 0.2787180 0.7305370 0.6575270
vn 0.4702291 6.2622595 0.1843070
v 0.3054810 0.7284180 0.6615910
vn 0.5199035 6.2543664 0.2957077
v 0.3290690 0.7262140 0.6688700
vn 0.2662952 6.2621508 0.3971628
v 0.2560520 0.7309910 0.6747340
vn 0.3925217 6.2530537 0.4274958
v 0.2835890 0.7293900 0.6770070
vn 0.4787576 6.2416644 0.4770879
v 0.3082560 0.7274210 0.6811910
vn 0.5223497 6.2281690 0.6127337
v 0.3308360 0.7247830 0.6896520
vn 0.4096766 6.2235084 0.7474459
v 0.2844230 0.7271960 0.6986320
vn 0.4700064 6.2058401 0.8532028
v 0.3084340 0.7248130 0.7035330
vn 0.4882364 6.1815271 0.9935530
v 0.3309760 0.7218910 0.7119590
vn 0.4219430 6.1540875 1.1568725
v 0.2852620 0.7240600 0.7204350
vn 0.4852094 6.1357470 1.2452202
v 0.3093970 0.7211140 0.7257060
vn -0.2126963 6.2467289 -0.6309474
v 0.5660890 0.7183710 0.6064660
vn -0.1258847 6.2327642 -0.7784311
v 0.5467530 0.7166960 0.5964940
vn -0.2633765 6.2223725 -0.8275173
v 0.5892590 0.7177980 0.5942500
vn -0.2074681 6.2007861 -0.9742862
v 0.5706010 0.7159930 0.5857790
vn -0.1414763 6.1707945 -1.1621963
v 0.5508770 0.7135950 0.5752140
vn -0.0932528 6.1155510 -1.4304887
v 0.5311720 0.7107530 0.5640050
vn -0.2724621 6.1589909 -1.1965201
v 0.5944000 0.7150710 0.5750590
vn -0.1974694 6.1209006 -1.3984137
v 0.5749090 0.7119390 0.5645830
vn -0.1622689 6.0443044 -1.6725934
v 0.5548710 0.7090720 0.5539780
vn -0.0902853 5.9567261 -1.9845446
v 0.5358390 0.7051480 0.5434730
vn -0.3400857 6.1244550 -1.3584056
v 0.6163930 0.7142830 0.5668720
vn -0.2915248 6.0511112 -1.6497114
v 0.5977000 0.7105630 0.5548660
vn -0.1951025 5.9770021 -1.9111390
v 0.5785390 0.7068140 0.5446540
vn -0.1854979 5.8197365 -2.3414745
v 0.5600460 0.7027400 0.5350610
vn -0.1009598 5.5963230 -2.8068628
v 0.5424210 0.6979090 0.5245010
vn -0.1829835 5.2822423 -3.3562915
v 0.5670070 0.6938000 0.5163490
vn -0.1014985 4.8076105 -3.9481168
v 0.5517440 0.6878720 0.5076380
vn 0.1247105 6.2435946 -0.6857848
v 0.4561340 0.7172200 0.6016140
vn -0.0199046 6.2237840 -0.8544296
v 0.5035650 0.7157890 0.5932530
vn 0.1090865 6.2692780 -0.3815356
v 0.4536110 0.7192090 0.6237570
vn 0.0591119 6.2649965 -0.4379454
v 0.4748700 0.7186650 0.6188410
vn 0.0094049 6.2593694 -0.5080090
v 0.4971580 0.7181820 0.6137700
vn -0.0639468 6.2519240 -0.6109316
v 0.5236680 0.7175790 0.6071790
vn 0.0863903 6.2804351 -0.1057199
v 0.4774180 0.7195030 0.6413480
vn -0.0015053 6.2798882 -0.1912928
v 0.4994210 0.7191090 0.6352650
vn -0.0716677 6.2745810 -0.3123949
v 0.5227510 0.7189850 0.6275860
vn -0.1247133 6.2639160 -0.4384385
v 0.5440560 0.7189650 0.6186020
vn -0.0740521 6.2790847 -0.0126217
v 0.5248000 0.7197970 0.6484230
vn -0.1221626 6.2794695 -0.1571343
v 0.5445150 0.7197570 0.6390640
vn -0.2048613 6.2716775 -0.3107906
v 0.5652470 0.7198470 0.6277360
vn -0.2683445 6.2539835 -0.4866632
v 0.5845820 0.7201260 0.6155800
vn -0.2599925 6.2747030 -0.1873138
v 0.5864370 0.7210540 0.6370450
vn -4.7624340 -1.4118321 3.8145413
v 0.8515320 0.5394290 0.7782830
vn -5.4680119 -0.8509737 2.9465699
v 0.8455440 0.5211300 0.7626170
vn -5.8798571 -0.1773875 2.1762550
v 0.8406280 0.5020690 0.7469160
vn -4.4627581 -2.3859043 3.6918359
v 0.8423080 0.5573740 0.7756550
vn -5.2768202 -1.8282485 2.8456414
v 0.8391370 0.5392790 0.7586230
vn -5.8051863 -1.1436640 2.0796940
v 0.8365090 0.5211650 0.7420050
vn -6.0536308 -0.2159726 1.5958464
v 0.8345750 0.5027370 0.7268370
vn -4.7193017 -3.0667133 2.7377152
v 0.8289900 0.5565360 0.7549630
vn -5.4691029 -2.2979579 2.0059183
v 0.8295140 0.5404060 0.7377770
vn -5.9284744 -1.4065602 1.4464867
v 0.8305210 0.5232840 0.7216620
vn -4.5837045 -3.7604527 1.9585840
v 0.8182310 0.5586750 0.7358220
vn -5.3735456 -2.8530288 1.4092164
v 0.8223590 0.5443150 0.7194180
vn -5.9389191 -1.6568173 1.0391142
v 0.8261480 0.5261810 0.7037520
vn -6.2033596 -0.4352932 0.7144825
v 0.8273050 0.5060130 0.6885250
vn -3.0601220 -5.0845981 1.9130806
v 0.8010590 0.5735730 0.7355180
vn -5.1455526 -3.3168125 1.0699306
v 0.8168940 0.5472320 0.7016480
vn -5.8805103 -1.9675584 0.6818475
v 0.8228430 0.5289090 0.6861020
vn -6.1538191 -0.2855986 1.1256220
v 0.8301120 0.5041030 0.7072530
vn -6.1038899 1.0275789 0.7932108
v 0.8270360 0.4836960 0.6922600
vn -6.0586700 1.0308752 1.1995356
v 0.8294240 0.4824840 0.7105530
vn -5.9352446 0.9338165 1.7708659
v 0.8349390 0.4829530 0.7323970
vn -5.7098351 0.7737905 2.4653072
v 0.8424180 0.4829380 0.7537570
vn -5.6728644 2.5592287 0.5619961
v 0.8191730 0.4635060 0.6793010
vn -5.6544619 2.4573953 0.9806187
v 0.8220300 0.4635210 0.6988610
vn -5.6614809 2.2253959 1.4654105
v 0.8266370 0.4639940 0.7204060
vn -5.6102219 1.8990248 2.0608909
v 0.8329340 0.4653910 0.7403200
vn -5.3086858 1.6464942 2.9023652
v 0.8418590 0.4634490 0.7622180
vn -4.6943870 4.0052605 0.7571306
v 0.8097400 0.4459720 0.6885700
vn -4.8782840 3.7067854 1.2238964
v 0.8144510 0.4469860 0.7096560
vn -4.9825659 3.2747087 1.8548687
v 0.8219500 0.4477660 0.7318140
vn -4.9243021 2.8598051 2.5758126
v 0.8305960 0.4463960 0.7533730
vn -4.0140376 4.2434840 2.2473848
v 0.8148150 0.4332390 0.7437800
vn -0.4452469 5.7794280 -2.4055550
v 0.6628520 0.7070880 0.5328230
vn -0.3653445 5.9024148 -2.1125464
v 0.6407740 0.7077510 0.5388210
vn -0.3184193 5.1341028 -3.5354850
v 0.6680530 0.6979490 0.5139160
vn -0.3402770 5.3718228 -3.1167469
v 0.6447580 0.6998830 0.5185580
vn -0.3623154 5.6510010 -2.6868665
v 0.6229390 0.7018880 0.5265300
vn -0.2499881 5.8373141 -2.2953300
v 0.6008020 0.7042160 0.5352060
vn -0.2404972 4.3535924 -4.4679623
v 0.6502580 0.6872040 0.5023680
vn -0.2820055 4.8432622 -3.9240773
v 0.6262650 0.6910880 0.5081020
vn -0.2087065 5.3195496 -3.2853658
v 0.6042170 0.6953510 0.5160250
vn -0.2241768 5.6115332 -2.7384210
v 0.5826970 0.6999130 0.5253790
vn -0.0896411 3.0300694 -5.4536242
v 0.6563410 0.6714430 0.4903620
vn -0.1514151 3.5793295 -5.1094875
v 0.6319890 0.6760450 0.4938570
vn -0.1935477 4.1630421 -4.6130667
v 0.6085550 0.6822530 0.4992720
vn -0.2528011 4.7444334 -4.0229335
v 0.5887400 0.6883610 0.5066860
vn -0.1757182 2.6737652 -5.6353912
v 0.6144930 0.6643730 0.4875100
vn -0.2472701 3.2923377 -5.2781839
v 0.5923200 0.6720360 0.4923810
vn 0.4077283 6.0511427 1.6321410
v 0.3557900 0.7136200 0.7414960
vn 0.3899282 5.8807030 2.1715872
v 0.3577600 0.7069030 0.7620540
vn 0.3255661 5.2303987 3.2926917
v 0.3596680 0.6985820 0.7823220
vn 0.4977293 5.9341574 1.9720312
v 0.3349570 0.7116050 0.7547590
vn 0.3404983 5.5269547 2.8916659
v 0.3375440 0.7033140 0.7751570
vn 0.2441048 4.5113907 4.3012433
v 0.3405980 0.6900810 0.7936750
vn 0.1416989 3.1596289 5.3664627
v 0.3460760 0.6724900 0.8074960
vn 0.3078560 4.9495974 3.7789683
v 0.3187760 0.6969320 0.7871880
vn 0.1716944 3.5756409 5.0857086
v 0.3226990 0.6802480 0.8032880
vn -0.1144605 1.8581837 5.9372253
v 0.3321240 0.6590480 0.8135990
vn -0.5476338 0.3138029 6.2033472
v 0.3426340 0.6363820 0.8179270
vn 0.2863607 5.1984825 3.4421020
v 0.2955990 0.7016330 0.7823660
vn 0.1842175 3.9699624 4.7605162
v 0.3014640 0.6870540 0.7990750
vn -0.0553125 2.1283827 5.8239856
v 0.3092790 0.6660280 0.8110860
vn -0.5144252 0.2243887 6.1949010
v 0.3197520 0.6431180 0.8157380
vn -1.1575046 -1.0546637 6.0569916
v 0.3312720 0.6204910 0.8150850
vn -0.3907288 0.2377118 6.1780009
v 0.2972430 0.6490010 0.8140620
vn -1.8812964 -2.3574898 5.4723659
v 0.3207400 0.6054340 0.8079250
vn -0.0873419 1.6500061 6.0178056
v 0.3554010 0.6517730 0.8160020
vn 0.1069816 2.7689512 5.5894074
v 0.3697210 0.6653500 0.8107320
vn -0.8580624 -0.6418146 6.1567941
v 0.3545680 0.6136650 0.8184900
vn -0.1732079 0.3092826 6.2206664
v 0.3654720 0.6290820 0.8200010
vn 0.1904261 1.2686609 6.0989447
v 0.3783230 0.6442050 0.8179320
vn -0.3328708 -0.9068589 6.1313891
v 0.3692130 0.5924850 0.8179370
vn 0.3924689 -0.5704902 6.1816950
v 0.3788760 0.6072340 0.8195370
vn 0.6770886 -0.0701541 6.2000241
v 0.3880810 0.6219370 0.8193480
vn 0.6081585 0.5577391 6.1824093
v 0.4007060 0.6379170 0.8173530
vn 1.7492340 -1.2463522 5.8358603
v 0.4043670 0.6031850 0.8143670
vn 1.3339204 -1.0083063 6.0125480
v 0.4135610 0.6176590 0.8145310
vn 0.8045298 -0.4224094 6.1745925
v 0.4236470 0.6322680 0.8146160
vn 0.3790642 0.6259629 6.1761122
v 0.4368940 0.6474610 0.8134090
vn 3.0106220 -2.4850156 4.8647413
v 0.4202010 0.5869850 0.8012880
vn 0.7931778 -1.6585150 5.9117041
v 0.4477460 0.6266840 0.8109360
vn 1.7276427 -5.7892203 1.6548469
v 0.7255660 0.5824480 0.7441440
vn 0.2273240 -6.0288959 1.6847956
v 0.7521660 0.5858930 0.7403150
vn 2.4614370 -5.6257548 1.1703360
v 0.7134800 0.5750340 0.7301280
vn 0.9532344 -6.0610309 1.1973121
v 0.7386790 0.5815810 0.7260250
vn -0.6142640 -6.0938001 1.2856770
v 0.7637340 0.5815260 0.7228890
vn -2.3223586 -5.6159859 1.3973097
v 0.7885840 0.5750790 0.7198970
vn -4.1482968 -4.4259510 1.4134787
v 0.8089220 0.5615270 0.7175980
vn 1.5869054 -5.9909639 0.8993971
v 0.7277550 0.5763650 0.7110120
vn 0.0628768 -6.1778426 0.9534397
v 0.7519720 0.5794720 0.7081200
vn -1.6847515 -5.9319386 0.9841303
v 0.7775500 0.5756820 0.7048340
vn -3.5921907 -4.9506164 1.0656381
v 0.8005800 0.5645830 0.7019130
vn 0.5556629 -6.2013893 0.6355523
v 0.7434260 0.5768490 0.6920250
vn -1.1248847 -6.0954466 0.6782983
v 0.7686400 0.5757820 0.6890690
vn -3.0605545 -5.3722029 0.6782482
v 0.7924380 0.5670560 0.6864810
vn -4.8792429 -3.8023431 0.6663145
v 0.8113500 0.5504830 0.6849650
vn -0.5965058 -6.2109375 0.3827354
v 0.7600340 0.5754030 0.6735270
vn -2.4958043 -5.6778316 0.4266738
v 0.7852180 0.5692700 0.6711340
vn -4.4779639 -4.2112632 0.3817710
v 0.8069320 0.5545960 0.6692440
vn -5.7663908 -2.2958446 0.3848251
v 0.8202900 0.5324490 0.6692640
vn 3.6740863 -4.7436690 1.5845057
v 0.1938130 0.5669570 0.7256610
vn 3.8165507 -4.3394375 2.3575108
v 0.1856740 0.5689910 0.7471350
vn 3.5637183 -3.8999739 3.3601687
v 0.1771260 0.5751690 0.7687450
vn 2.8145568 -3.1589773 4.6044455
v 0.1660750 0.5871100 0.7888480
vn 2.3955960 -5.3961630 2.0812478
v 0.2054530 0.5788980 0.7420450
vn 2.5833421 -4.8892145 2.9366891
v 0.1954830 0.5832960 0.7615050
vn 2.3911262 -4.1410046 4.0436749
v 0.1847760 0.5919120 0.7811200
vn 1.6415594 -2.8355131 5.2758055
v 0.1720220 0.6065310 0.7990850
vn 0.4893282 -0.7704503 6.1362147
v 0.1552960 0.6269630 0.8087320
vn 1.3442223 -5.4798021 2.7252123
v 0.2157860 0.5901170 0.7601290
vn 1.4655914 -4.8240862 3.7135730
v 0.2046520 0.5975710 0.7776450
vn 1.3458022 -3.7072692 4.8440781
v 0.1924920 0.6088140 0.7934950
vn 0.5865526 -1.5817276 5.9103832
v 0.1772000 0.6284240 0.8075310
vn -0.3713325 0.9660106 6.0839405
v 0.1591150 0.6514890 0.8087620
vn 0.5528346 -4.0049477 4.7550073
v 0.2124770 0.6141340 0.7940840
vn 0.3852035 -2.1656628 5.7762146
v 0.1979000 0.6308470 0.8060400
vn -0.1995718 0.5189907 6.1173244
v 0.1826090 0.6532390 0.8097550
vn -0.1043712 -4.0357361 4.7554173
v 0.2327870 0.6173700 0.7960230
vn -0.0145274 -2.2507484 5.7581272
v 0.2191020 0.6343070 0.8067930
vn -0.2040777 0.2675821 6.1182551
v 0.2055350 0.6548750 0.8104330
vn -3.9307749 -0.4195442 4.8170524
v 0.0477660 0.4721130 0.7941780
vn -2.4934111 -0.2974630 5.6880565
v 0.0641740 0.4710580 0.8043200
vn -5.1565127 -0.7249309 3.3890307
v 0.0301450 0.4552770 0.7726040
vn -4.1678858 -0.7038308 4.5854416
v 0.0473780 0.4467450 0.7908730
vn -2.8876436 -0.5219843 5.4908009
v 0.0629670 0.4453120 0.8018070
vn -1.2202482 -0.2278693 6.0931211
v 0.0813100 0.4452130 0.8083880
vn 0.6917076 0.2636074 6.1835008
v 0.1008140 0.4449160 0.8091360
vn -3.4442897 -0.9981550 5.0532622
v 0.0608020 0.4211810 0.7974940
vn -1.8554599 -0.6565062 5.8902779
v 0.0801570 0.4201090 0.8065730
vn -0.0047698 -0.0163338 6.1886411
v 0.1016220 0.4213670 0.8101730
vn 1.7760158 0.9271887 5.9072771
v 0.1231250 0.4231310 0.8063440
vn -4.2711201 -1.4887824 4.2615418
v 0.0523160 0.4076060 0.7866690
vn -2.7469056 -1.3040215 5.4083834
v 0.0744070 0.4003820 0.8008200
vn -0.9856749 -0.6682224 6.0919337
v 0.0994730 0.3983500 0.8085080
vn 0.8296689 0.5578955 6.1489501
v 0.1262990 0.4009370 0.8084180
vn 2.0360837 1.9497398 5.5813150
v 0.1475400 0.4052400 0.8015730
vn -3.7301495 -1.8636343 4.5768504
v 0.0648650 0.3868550 0.7904840
vn -0.1886903 3.3991792 -5.1720781
v 0.5508370 0.6738510 0.4946800
vn -0.6115501 -0.5880135 -6.1818285
v 0.5553640 0.6360870 0.4858750
vn -1.2763126 -2.2282100 -5.7037745
v 0.5592230 0.6168560 0.4902570
vn -0.1465044 4.0823684 -4.7051954
v 0.5715040 0.6798890 0.4992720
vn -0.2459664 2.3371246 -5.7621660
v 0.5736930 0.6621990 0.4882480
vn -0.5618769 0.5500633 -6.1951399
v 0.5764900 0.6428430 0.4837160
vn -1.0939267 -0.8888487 -6.0887923
v 0.5798500 0.6234630 0.4839950
vn -1.8635734 -1.8302336 -5.6918817
v 0.5827470 0.6041770 0.4881880
vn -0.3524027 1.6413890 -5.9997764
v 0.5954620 0.6526910 0.4838600
vn -0.6461861 0.2510060 -6.2156706
v 0.6010110 0.6314010 0.4805640
vn -1.0428804 -0.6756585 -6.1268644
v 0.6036880 0.6117760 0.4810080
vn -0.2048230 1.2643241 -6.1122217
v 0.6183620 0.6447830 0.4809380
vn -0.1213325 0.1149077 -6.2209392
v 0.6241510 0.6237370 0.4782460
vn 0.0611519 -0.6445918 -6.1804805
v 0.6273370 0.6026510 0.4792930
vn 0.3181803 -0.8353217 -6.1146708
v 0.6286480 0.5827620 0.4817460
vn -0.0380213 2.1211419 -5.8629522
v 0.6376780 0.6581060 0.4843590
vn 1.5145216 -1.1684778 -5.9536486
v 0.6494000 0.5970020 0.4835810
vn -1.5301921 -1.0702031 -5.9404488
v 0.6054490 0.5922410 0.4834710
vn 0.1845577 -0.7216984 -6.0534606
v 0.6265390 0.5618610 0.4838450
vn -2.0465174 -1.0198693 -5.7442994
v 0.6071440 0.5719430 0.4863230
vn -2.9022186 -2.0868950 -5.1322517
v 0.5855640 0.5848910 0.4944060
vn -2.1787879 -3.2250593 -4.9002514
v 0.5627040 0.5991560 0.4985790
vn -1.1853334 -3.5780287 -4.9897637
v 0.5396830 0.6104890 0.4982400
vn -3.9452434 -1.7918670 -4.4784150
v 0.5891390 0.5642890 0.4997560
vn -3.3955793 -3.3334830 -4.0413055
v 0.5690510 0.5815760 0.5089900
vn -2.0304444 -4.4055405 -3.9643488
v 0.5451880 0.5949030 0.5110590
vn -4.7199655 -2.6152146 -3.1382728
v 0.5789880 0.5602010 0.5152920
vn -3.4379816 -4.3182344 -2.8870983
v 0.5576580 0.5788330 0.5229600
vn -1.6956546 -5.2710853 -2.9312699
v 0.5301450 0.5914330 0.5243610
vn -4.9834452 -2.9554448 -2.1950810
v 0.5739920 0.5565760 0.5295520
vn -3.1830387 -4.7508759 -2.2057257
v 0.5509170 0.5778960 0.5363480
vn -1.0495845 -5.7118769 -2.2839653
v 0.5183530 0.5892540 0.5367910
vn -1.7425908 -1.7561162 -5.7205720
v 0.8530980 0.5985430 0.4952580
vn -1.6080761 -4.6058164 -3.9176822
v 0.8013480 0.5976550 0.5184730
vn -3.1264253 -2.4949114 -4.8145504
v 0.8435200 0.5810420 0.5074590
vn -2.9638786 -3.8147726 -3.9755688
v 0.8226130 0.5839440 0.5205620
vn -2.1530266 -5.0193372 -3.0421181
v 0.7992440 0.5873690 0.5335610
vn -0.8351569 -5.7638783 -2.2472532
v 0.7734710 0.5895480 0.5451330
vn 0.5224826 -5.9892750 -1.7701732
v 0.7473750 0.5864070 0.5542370
vn -4.0976076 -2.7139525 -3.8834586
v 0.8383290 0.5651570 0.5219530
vn -3.6845438 -4.0367718 -3.0068145
v 0.8198110 0.5727800 0.5362980
vn -2.4862638 -5.2661953 -2.2348046
v 0.7969160 0.5804790 0.5503080
vn -0.9118392 -5.9233294 -1.7231733
v 0.7712230 0.5841380 0.5621500
vn 0.6226832 -6.0875182 -1.2658851
v 0.7436350 0.5821690 0.5719080
vn -4.8852439 -2.4655716 -3.0357778
v 0.8363150 0.5504830 0.5357890
vn -4.1958280 -3.9229808 -2.3274052
v 0.8189540 0.5647130 0.5511960
vn -2.7334664 -5.2874556 -1.7722443
v 0.7958490 0.5751190 0.5665380
vn -1.0159830 -5.9797845 -1.3695254
v 0.7687200 0.5803790 0.5791030
vn 0.8882574 -6.0929599 -0.9598857
v 0.7382750 0.5784340 0.5897530
vn -4.6412830 -3.6403537 -1.9151175
v 0.8188040 0.5567500 0.5652810
vn -3.1269429 -5.1222687 -1.4195071
v 0.7969500 0.5703570 0.5810820
vn 0.5601572 -5.7490478 -2.4212945
v 0.7488160 0.5927190 0.5373900
vn 2.8530774 -5.4262247 -0.8349711
v 0.7103940 0.5689560 0.5963940
vn 2.3047590 -5.6988688 -1.0706702
v 0.7172940 0.5742560 0.5797110
vn 1.9783882 -5.7347612 -1.4313762
v 0.7208690 0.5796510 0.5619360
vn 1.7583038 -5.6928568 -1.9037616
v 0.7234120 0.5852300 0.5443450
vn 1.6544030 -5.3895202 -2.7257555
v 0.7244690 0.5918220 0.5273180
vn 4.3022952 -4.2899714 -0.9619962
v 0.6924840 0.5586650 0.5823880
vn 3.7538223 -4.7863808 -1.1956725
v 0.6972860 0.5661990 0.5662490
vn 3.3425946 -4.9762263 -1.7309549
v 0.7007260 0.5732590 0.5485780
vn 2.9857678 -4.9457121 -2.3596599
v 0.7009950 0.5805340 0.5315710
vn 2.6755359 -4.5767937 -3.3205824
v 0.6996840 0.5885210 0.5156610
vn 5.3627572 -2.9116950 -1.1024511
v 0.6801940 0.5461250 0.5654910
vn 4.9501824 -3.4452262 -1.5451535
v 0.6822330 0.5550800 0.5493510
vn 4.5088654 -3.6701169 -2.1807392
v 0.6820530 0.5639900 0.5329520
vn 4.0259452 -3.5655847 -3.1647801
v 0.6803930 0.5725160 0.5157510
vn 3.2632921 -3.0034776 -4.4038196
v 0.6750730 0.5826830 0.5023080
vn 5.8500857 -1.7263378 -1.3912616
v 0.6712490 0.5319050 0.5476260
vn 5.5448971 -2.0761685 -2.0458615
v 0.6700620 0.5417280 0.5316010
vn 1.4260107 -6.0320153 -0.5474356
v 0.7307020 0.5747000 0.6082760
vn -0.7025704 -6.1540861 -0.5418683
v 0.7627960 0.5763150 0.6100950
vn -2.9690311 -5.3748360 -0.5826493
v 0.7916250 0.5675950 0.6112370
vn -5.0158706 -3.4815865 -0.6833032
v 0.8151940 0.5466840 0.6084050
vn -0.7236759 -6.0976682 -0.9376596
v 0.7633500 0.5781550 0.5952620
vn -2.9663289 -5.2721305 -0.9959119
v 0.7933260 0.5691750 0.5960950
vn -5.0830832 -3.2382357 -1.1297085
v 0.8181560 0.5464040 0.5935120
vn -6.0244470 -1.0819919 -1.1893355
v 0.8293300 0.5175900 0.5877680
vn -6.1282086 0.3982801 -1.2129790
v 0.8310150 0.4918780 0.5840590
vn -4.9983048 -3.3497765 -1.4173840
v 0.8194320 0.5495410 0.5791230
vn -5.9253292 -1.2269989 -1.4820858
v 0.8319570 0.5216490 0.5731540
vn -5.9390278 0.6797521 -1.8161359
v 0.8353780 0.4865530 0.5656500
vn -5.7304444 -1.5951160 -1.9081978
v 0.8335530 0.5287790 0.5607990
vn -5.9071660 0.2567543 -2.0717006
v 0.8399000 0.4923910 0.5525420
vn -5.4994411 1.7716219 -2.3860073
v 0.8374820 0.4641120 0.5466840
vn -5.6855626 -0.3568380 -2.5834064
v 0.8435990 0.5073690 0.5437570
vn -5.4780154 1.0927854 -2.8513618
v 0.8442680 0.4719460 0.5355050
vn -2.6169558 3.2502525 -4.6057334
v 0.8287310 0.4090320 0.5102110
vn -5.6103210 -2.6943130 0.0863945
v 0.8175730 0.5365320 0.6531000
vn -5.4046788 -3.0077934 -0.2717427
v 0.8161420 0.5404960 0.6378430
vn -5.1805677 -3.3133154 -0.4810925
v 0.8148500 0.5445900 0.6232240
vn -4.0714412 -4.6582994 0.1506657
v 0.8016820 0.5582010 0.6537680
vn -3.6501408 -4.9714046 -0.2117856
v 0.7975940 0.5617760 0.6394730
vn -3.2689226 -5.1995444 -0.3711267
v 0.7942830 0.5649970 0.6257960
vn -1.9744867 -5.8990645 0.1557197
v 0.7779590 0.5712450 0.6558670
vn -1.4370394 -6.0576181 -0.1422316
v 0.7710080 0.5731340 0.6407940
vn -1.0764693 -6.1060290 -0.3329272
v 0.7668250 0.5748400 0.6254220
vn -0.0414477 -6.2321639 0.1538510
v 0.7514680 0.5754730 0.6578510
vn 0.4789128 -6.2290301 -0.0852193
v 0.7439390 0.5748450 0.6416520
vn 0.2284935 4.1058092 -4.5988722
v 0.3940170 0.6827760 0.4999000
vn 0.2523244 4.1754031 -4.5284128
v 0.4121180 0.6829860 0.5011320
vn 0.3433448 4.8569145 -3.8917789
v 0.3363610 0.6944730 0.5097620
vn 0.2883488 5.1998672 -3.3258598
v 0.3582940 0.6986320 0.5161690
vn 0.3463571 5.3680067 -3.1132181
v 0.3770780 0.6990900 0.5194750
vn 0.3415659 5.4514251 -2.9813390
v 0.3953930 0.6994000 0.5220880
vn 0.3118516 5.5505247 -2.8212693
v 0.4125360 0.7001380 0.5256280
vn 0.4436354 5.7326245 -2.5018678
v 0.3373270 0.7062400 0.5308380
vn 0.3684935 5.9022322 -2.1120343
v 0.3589490 0.7075320 0.5383120
vn 0.2877927 5.9541550 -1.9551370
v 0.3775640 0.7085340 0.5435470
vn 0.2730549 6.0039463 -1.7937634
v 0.3959170 0.7095460 0.5494710
vn 0.4357182 6.0685186 -1.5605975
v 0.3594310 0.7141830 0.5604750
vn 0.3363646 6.1217613 -1.3656524
v 0.3804760 0.7145870 0.5675300
vn 0.2641029 6.1563873 -1.2142208
v 0.4013140 0.7147560 0.5729550
vn 0.1991578 6.1786871 -1.0942103
v 0.4224670 0.7151550 0.5787930
vn 0.4770511 6.1410136 -1.2199963
v 0.3379710 0.7192340 0.5747250
vn 0.3698360 6.1989388 -0.9446459
v 0.3838250 0.7184810 0.5893890
vn -0.7166248 4.3690672 4.3505363
v 0.1818520 0.6925340 0.7901400
vn -1.0717713 5.9802589 1.5426772
v 0.1626950 0.7190640 0.7294450
vn -0.4742554 5.3353262 3.1815109
v 0.1989910 0.7069430 0.7739550
vn -0.5265987 5.8200912 2.2236760
v 0.1927180 0.7159130 0.7534030
vn -0.5718653 6.0320091 1.5751910
v 0.1882710 0.7222100 0.7318630
vn -0.5981755 6.1451292 1.0463159
v 0.1854230 0.7267480 0.7091970
vn -0.5811847 6.2072315 0.5585412
v 0.1836360 0.7298590 0.6842070
vn -0.1572792 5.8553019 2.2249010
v 0.2184350 0.7162870 0.7553520
vn -0.1705113 6.0671816 1.5960795
v 0.2138340 0.7226690 0.7341020
vn -0.1900785 6.1804628 1.0685875
v 0.2100580 0.7272960 0.7124680
vn -0.1811256 6.2447190 0.6378962
v 0.2070490 0.7300090 0.6906090
vn 0.0454963 6.1750927 1.0881035
v 0.2354900 0.7274160 0.7144820
vn 0.0511756 6.2408772 0.6767220
v 0.2326160 0.7301380 0.6937110
vn 0.0198752 6.2640028 0.3973959
v 0.2293830 0.7319980 0.6725200
vn -0.0051772 6.2673602 0.0121370
v 0.2268000 0.7330200 0.6496690
vn 0.2853223 6.2381268 0.6730851
v 0.2596400 0.7290660 0.6950220
vn 0.2652969 6.2738423 0.0772361
v 0.2515910 0.7319680 0.6546200
vn 0.2294663 6.2733507 -0.2474957
v 0.2487150 0.7316140 0.6330410
vn -0.2250140 6.2714367 0.2737106
v 0.2050200 0.7316090 0.6662930
vn -0.2754593 6.2735429 -0.1091015
v 0.2039400 0.7319530 0.6414670
vn -0.5654836 6.2411790 0.1243585
v 0.1827750 0.7310110 0.6580660
vn -1.0108993 6.1785707 0.4574411
v 0.1620480 0.7272410 0.6758360
vn -1.4258049 6.0429068 0.8191146
v 0.1415150 0.7216520 0.6944040
vn -0.2826146 6.2473226 -0.5213275
v 0.2030030 0.7308910 0.6167920
vn -0.5982146 6.2369757 -0.2853358
v 0.1818980 0.7305120 0.6320590
vn -0.9725707 6.1990542 -0.0239742
v 0.1623500 0.7283580 0.6476450
vn -1.4201875 6.0921731 0.2805488
v 0.1421760 0.7244140 0.6653550
vn -1.9454139 5.9271927 0.6126866
v 0.1237050 0.7178530 0.6829660
vn -0.6487572 6.1975727 -0.7088016
v 0.1805880 0.7283730 0.6067100
vn -1.0136074 6.1746435 -0.4786221
v 0.1603480 0.7269470 0.6217030
vn -1.4679503 6.0844655 -0.2114159
v 0.1412980 0.7243350 0.6373240
vn -1.9026049 5.9804859 0.0661942
v 0.1243700 0.7194680 0.6543060
vn -2.4942660 5.7060523 0.4197122
v 0.1068730 0.7129320 0.6717770
vn -5.0143232 3.6327825 0.7373574
v 0.0468070 0.6643080 0.6885650
vn -3.3170478 5.3155670 -0.0622810
v 0.0842100 0.7012340 0.6418160
vn -4.1341343 4.7023768 -0.0396476
v 0.0654130 0.6873930 0.6485720
vn -4.7597713 4.0068536 0.1468252
v 0.0504560 0.6727840 0.6580260
vn -5.2924700 3.3535461 0.3874939
v 0.0395410 0.6553330 0.6706650
vn -4.4638062 4.3902822 -0.3661179
v 0.0584950 0.6795900 0.6290320
vn -5.1020212 3.6140013 -0.2046045
v 0.0436310 0.6631070 0.6396870
vn -5.4516864 3.0840919 0.0928806
v 0.0324970 0.6454310 0.6529250
vn -3.9246423 4.7726583 -0.9903988
v 0.0714540 0.6878820 0.6016390
vn -4.6802979 4.0286264 -0.7149724
v 0.0522770 0.6715780 0.6100860
vn -5.3151426 3.2841659 -0.5471893
v 0.0384850 0.6529800 0.6211640
vn -5.6258545 2.6773357 -0.2963968
v 0.0269490 0.6349710 0.6337790
vn -5.8884115 2.1705556 -0.0769505
v 0.0194610 0.6159490 0.6447680
vn -4.1997495 4.4413300 -1.3333600
v 0.0663790 0.6787730 0.5827120
vn -5.4206829 3.0107870 -0.9137155
v 0.0350020 0.6424500 0.6011760
vn -5.7664638 2.3425710 -0.7172002
v 0.0243680 0.6236570 0.6121500
vn 3.2669334 -5.2115841 0.9166917
v 0.7047150 0.5676850 0.7142830
vn 2.1860523 -5.8030424 0.6233585
v 0.7190990 0.5720470 0.6950620
vn 1.1097851 -6.1334548 0.3685455
v 0.7346700 0.5746100 0.6760350
vn 5.0048804 -3.5867317 0.8664552
v 0.6871290 0.5509920 0.7136450
vn 4.0635495 -4.6360874 0.6421172
v 0.6977090 0.5598770 0.6962380
vn 2.9413161 -5.4746876 0.4092358
v 0.7108570 0.5667570 0.6789820
vn 1.7444618 -5.9905462 0.1659944
v 0.7259700 0.5718630 0.6601250
vn 5.5295649 -2.7962911 0.5409101
v 0.6828060 0.5401420 0.6958450
vn 4.7764831 -3.9269326 0.3801056
v 0.6912820 0.5511310 0.6783140
vn 3.6406302 -5.0091858 0.1218689
v 0.7030590 0.5613280 0.6608130
vn 2.3334162 -5.7697754 -0.0761273
v 0.7179570 0.5691060 0.6435710
vn 0.8868591 -6.1574917 -0.2888504
v 0.7375820 0.5749540 0.6251680
vn 5.4075584 -3.0075209 0.1649092
v 0.6851250 0.5410450 0.6616260
vn 2.9226222 -5.4555807 -0.1505762
v 0.7111670 0.5666380 0.6264600
vn -2.4235716 1.3744601 5.5217280
v 0.3490140 0.4191050 0.8111360
vn -2.6839726 1.2180459 5.3743324
v 0.3534580 0.4364030 0.8092810
vn -0.3459450 -0.4398233 6.2154036
v 0.3584040 0.3656930 0.8191930
vn -0.4551619 0.3865671 6.1934967
v 0.3655300 0.3865300 0.8198610
vn -0.5009871 0.7894191 6.1451697
v 0.3684100 0.4052310 0.8180810
vn -0.2761446 0.8739983 6.0715551
v 0.3723050 0.4233400 0.8162960
vn 0.2285995 -0.5847666 6.2077308
v 0.3794640 0.3665160 0.8195270
vn 0.6680143 0.4516125 6.1834059
v 0.3860790 0.3886650 0.8192180
vn 1.3609736 1.0241650 5.9874640
v 0.3913190 0.4087680 0.8157930
vn 2.3918531 1.3474680 5.5551734
v 0.3970830 0.4251070 0.8107770
vn 0.7335342 -0.2231763 6.1938648
v 0.4000700 0.3679070 0.8178670
vn 1.4824867 1.0185726 5.9953661
v 0.4060570 0.3888040 0.8150450
vn 2.5184441 1.9294618 5.3929067
v 0.4120730 0.4079910 0.8077550
vn 3.6325648 2.5348289 4.4111404
v 0.4183850 0.4237950 0.7964220
vn 1.6708679 2.0018222 5.6765904
v 0.4259400 0.3897300 0.8094300
vn 2.6913676 3.1701314 4.6648974
v 0.4314780 0.4077010 0.7978830
vn 3.5720997 3.9903255 3.1969328
v 0.4367290 0.4214560 0.7812200
vn 0.3195181 -6.1020637 1.4356588
v 0.2723190 0.2770990 0.7316790
vn 0.1654351 -5.8329620 2.2903545
v 0.2634690 0.2849860 0.7592360
vn -0.0180529 -5.4569502 2.9977558
v 0.2391340 0.2903420 0.7732020
vn -0.2984642 -5.0218635 3.6783798
v 0.2155430 0.2970210 0.7823470
vn -0.6088355 -4.4306116 4.2785192
v 0.1929960 0.3053890 0.7904090
vn 0.0184963 -5.0770864 3.6272907
v 0.2534600 0.2974390 0.7840120
vn -0.2552547 -4.3176556 4.4527426
v 0.2291420 0.3059300 0.7937940
vn -0.4356725 -3.2672086 5.1753073
v 0.2058100 0.3170820 0.8017820
vn -0.3930872 -2.1065097 5.7485938
v 0.1846190 0.3303190 0.8064640
vn 0.1091673 -4.4099636 4.3664751
v 0.2701000 0.3055590 0.7939790
vn -0.1109679 -3.4452574 5.0835590
v 0.2467420 0.3144050 0.8020510
vn -0.2772145 -1.8569540 5.8154016
v 0.2206970 0.3293190 0.8085730
vn -0.2282809 -0.3070233 6.1209989
v 0.1985080 0.3453780 0.8102830
vn -0.1780276 -0.9791451 6.1058626
v 0.2405640 0.3367180 0.8104230
vn -0.0926302 0.8507755 6.1404996
v 0.2173890 0.3530450 0.8097990
vn 0.1873445 0.7237672 6.1316299
v 0.1780150 0.3608110 0.8091510
vn -0.5297245 -1.5480759 5.8870792
v 0.1636470 0.3394440 0.8077800
vn -0.7576204 -3.7185636 4.8629618
v 0.1715820 0.3160960 0.7969410
vn -0.7643814 -5.2127275 3.3378689
v 0.1820780 0.2958330 0.7755910
vn -0.5535747 -5.8618760 2.1082635
v 0.1943510 0.2825940 0.7510150
vn -1.3043770 -3.5132403 4.9270020
v 0.1500880 0.3220170 0.7964870
vn -1.1171081 -4.7820592 3.7714114
v 0.1596960 0.3036960 0.7817380
vn -0.8675356 -5.6576705 2.5279787
v 0.1716700 0.2887230 0.7588770
vn -1.7160510 -4.7467141 3.6520312
v 0.1386440 0.3072100 0.7774600
vn -1.3724029 -5.4509144 2.6852026
v 0.1501320 0.2938180 0.7615200
vn -1.0287901 -5.8913713 1.8574923
v 0.1617210 0.2827420 0.7383500
vn -2.1796467 -4.7792525 3.3400950
v 0.1175020 0.3113790 0.7716070
vn -1.3068676 -5.9810715 1.2540487
v 0.1494120 0.2795200 0.7177380
vn -1.0684899 -6.1390691 0.7756421
v 0.1583980 0.2750370 0.6971360
vn 0.3703853 -5.9789562 1.8300530
v 0.2863680 0.2818100 0.7475740
vn 0.2191765 -5.4938374 2.9125621
v 0.2774890 0.2912730 0.7737410
vn 0.4754542 -6.0353556 1.6624188
v 0.3072290 0.2817550 0.7406890
vn 0.4165651 -5.7716241 2.4130940
v 0.3005830 0.2890520 0.7642670
vn 0.2394193 -5.0692053 3.6434596
v 0.2941100 0.2998470 0.7853430
vn 0.0592727 -3.6717775 5.0083547
v 0.2883280 0.3151130 0.8016970
vn -0.1209719 -1.5297731 5.9714646
v 0.2826690 0.3348250 0.8115000
vn 0.4217677 -5.8815079 2.1492915
v 0.3243600 0.2890710 0.7598550
vn 0.3374352 -5.4040380 3.1014676
v 0.3186770 0.2969340 0.7792500
vn 0.2305386 -4.3806181 4.3869243
v 0.3132740 0.3086370 0.7956540
vn 0.0642366 -2.7870479 5.5529885
v 0.3070700 0.3248570 0.8074760
vn 0.3749527 -5.5477757 2.8641589
v 0.3447730 0.2968400 0.7752710
vn 0.3378047 -4.7438831 4.0592289
v 0.3396130 0.3071730 0.7911670
vn 0.2386757 -3.5997047 5.0936995
v 0.3336730 0.3198450 0.8033530
vn -0.0742885 -2.1117620 5.8669147
v 0.3260800 0.3355490 0.8117740
vn -0.4960249 -0.3044129 6.1961823
v 0.3196460 0.3551590 0.8155730
vn 0.2667669 -5.0040622 3.7026644
v 0.3662100 0.3054920 0.7876670
vn 0.0918019 -2.8316367 5.5678072
v 0.3531440 0.3321550 0.8102030
vn -0.2126175 -1.3886884 6.0714569
v 0.3450240 0.3482150 0.8161570
vn -5.1361060 -2.8658733 2.1058908
v 0.0454230 0.3595070 0.7419950
vn -4.8553572 -2.6110845 2.9248941
v 0.0514610 0.3660310 0.7612510
vn -4.4227500 -2.3116133 3.7157607
v 0.0576060 0.3753000 0.7770860
vn -4.1997576 -3.3873954 3.0067215
v 0.0653340 0.3448820 0.7627960
vn -3.7557373 -2.8923180 3.9910753
v 0.0730280 0.3542470 0.7797890
vn -3.1418302 -2.2586083 4.8608751
v 0.0804040 0.3668580 0.7927720
vn -2.1926658 -1.4779773 5.6150255
v 0.0900270 0.3810040 0.8028440
vn -3.8475399 -4.1796484 2.6373956
v 0.0771690 0.3277950 0.7540660
vn -3.4297235 -3.6940436 3.6770403
v 0.0861470 0.3357210 0.7751170
vn -2.7684999 -2.7849286 4.8250289
v 0.0971670 0.3479780 0.7928420
vn -1.7596415 -1.6696820 5.6990113
v 0.1070630 0.3636800 0.8040460
vn -0.5373399 -0.4249772 6.1537919
v 0.1176690 0.3816300 0.8093510
vn -3.0007749 -4.4902725 3.0383072
v 0.0977320 0.3174550 0.7651650
vn -2.5398750 -3.7210829 4.1946182
v 0.1062310 0.3287430 0.7852730
vn -1.6730725 -2.4650679 5.3880277
v 0.1186610 0.3442660 0.8008790
vn -0.4065185 -0.6463385 6.1394658
v 0.1350840 0.3653760 0.8092910
vn 0.8773689 1.0419542 6.0649910
v 0.1460100 0.3852920 0.8079150
vn -1.7091451 -3.7668078 4.6269064
v 0.1281070 0.3245560 0.7913110
vn -0.9730328 -1.8935404 5.7778292
v 0.1418280 0.3434670 0.8057810
vn 0.3102090 0.4748444 6.1483474
v 0.1580500 0.3668920 0.8093010
vn -4.7301431 -1.0213830 3.9450274
v 0.0409250 0.4308210 0.7807510
vn -5.5772133 -0.9133812 2.6926138
v 0.0246620 0.4437500 0.7586280
vn -5.2060738 -1.2874484 3.1277108
v 0.0330600 0.4206650 0.7670200
vn -4.8781762 -1.8825865 3.4263935
v 0.0446710 0.3976570 0.7725440
vn -5.7999897 -1.1581401 2.0512261
v 0.0201990 0.4325030 0.7432110
vn -5.5370750 -1.6560380 2.3520122
v 0.0284480 0.4105970 0.7517670
vn -5.2165408 -2.0884862 2.7523706
v 0.0394650 0.3884920 0.7579500
vn -5.9354277 -1.3305706 1.5403950
v 0.0169500 0.4237000 0.7252170
vn -5.7268915 -1.7671561 1.8088822
v 0.0249470 0.4017990 0.7341820
vn -5.4470115 -2.2332373 2.0907998
v 0.0343840 0.3806730 0.7400750
vn -6.1132698 -1.1424932 0.8652681
v 0.0089090 0.4361500 0.6967670
vn -5.2526388 -3.0701127 1.5596795
v 0.0438170 0.3533610 0.7251820
vn -1.2167269 5.9806671 -1.4192387
v 0.1553280 0.7188800 0.5728750
vn -2.0362144 4.7407937 -3.4436405
v 0.1277380 0.6908440 0.5239430
vn -2.0215909 5.3834324 -2.4537361
v 0.1287670 0.7017530 0.5433080
vn -1.8272276 5.7258501 -1.7766871
v 0.1314590 0.7101740 0.5638350
vn -1.6423247 5.9291077 -1.1758950
v 0.1346790 0.7170150 0.5867910
vn -1.5427399 6.0341640 -0.6640794
v 0.1382210 0.7216970 0.6114870
vn -2.5883207 5.3046718 -2.0407958
v 0.1066910 0.6991600 0.5591890
vn -2.4158802 5.5735302 -1.3845739
v 0.1112350 0.7074870 0.5783850
vn -2.2525399 5.7822504 -0.8181034
v 0.1160210 0.7134750 0.6017890
vn -2.0467062 5.9160924 -0.4014819
v 0.1203510 0.7174340 0.6271080
vn -3.3370676 5.1089215 -1.3464249
v 0.0875160 0.6942590 0.5778060
vn -3.0635142 5.3812852 -0.9794008
v 0.0931060 0.7016580 0.5977100
vn -2.7383239 5.6032457 -0.5721974
v 0.0990290 0.7082750 0.6206360
vn -2.5408528 5.7009120 -0.1160066
v 0.1048010 0.7127220 0.6442890
vn -3.6294529 4.9958439 -0.5630879
v 0.0768850 0.6960890 0.6208750
vn -0.0008667 6.2653809 -0.3714750
v 0.2253930 0.7320880 0.6264050
vn -1.1073825 6.1086226 -0.9085549
v 0.1577320 0.7237010 0.5966080
vn -0.0294275 6.2345972 -0.7306383
v 0.2246520 0.7300380 0.6033540
vn -0.3204283 6.1979475 -0.9521442
v 0.2017990 0.7278750 0.5929390
vn -0.6786726 6.1132317 -1.1857791
v 0.1789140 0.7246740 0.5824630
vn 0.1948356 6.1984811 -0.9848599
v 0.2477820 0.7275950 0.5889050
vn -0.0563981 6.1605563 -1.1558791
v 0.2244710 0.7268720 0.5807430
vn -0.3714738 6.0973930 -1.4439901
v 0.2013860 0.7234570 0.5699530
vn -0.7195036 5.9652729 -1.7801025
v 0.1774340 0.7189400 0.5598870
vn -1.2917544 5.7300615 -2.1018500
v 0.1534200 0.7121440 0.5500940
vn -0.0699711 6.0225611 -1.7288072
v 0.2250510 0.7216370 0.5582960
vn -0.4297335 5.8955827 -2.0765169
v 0.2005880 0.7172890 0.5479600
vn -0.7863892 5.6464429 -2.5871720
v 0.1765350 0.7107680 0.5379530
vn -1.3190643 5.2543869 -3.0618527
v 0.1520280 0.7024060 0.5295070
vn -0.1286090 5.7397618 -2.4997945
v 0.2240210 0.7139690 0.5365920
vn -0.4796706 5.4173098 -3.0462971
v 0.2002350 0.7081600 0.5265000
vn -0.8344473 4.9760699 -3.6719716
v 0.1766160 0.6994150 0.5179440
vn 0.1863501 6.2484818 -0.5918206
v 0.2475650 0.7303780 0.6108040
vn 0.1581460 6.1091952 -1.4457238
v 0.2479260 0.7232730 0.5672110
vn 0.3468272 6.2477713 -0.4707118
v 0.2708210 0.7301630 0.6176240
vn 0.3332267 6.2160444 -0.8329051
v 0.2709820 0.7277100 0.5963240
vn 0.3053500 6.1477208 -1.2289600
v 0.2714240 0.7242850 0.5749140
vn 0.2980309 6.0018973 -1.7715119
v 0.2710210 0.7193540 0.5535340
vn 0.2640745 5.6932259 -2.5880609
v 0.2708490 0.7115600 0.5321840
vn 0.4547116 6.1622295 -1.0941794
v 0.2935020 0.7241850 0.5816350
vn 0.4471281 6.0573277 -1.5954304
v 0.2947670 0.7190840 0.5597970
vn 0.3643180 5.8451710 -2.2506084
v 0.2937620 0.7125930 0.5387710
vn 0.2335701 5.2640257 -3.3537552
v 0.2932870 0.7027450 0.5177850
vn 0.5055622 6.1852660 -0.9645467
v 0.3157170 0.7233820 0.5883860
vn 0.4729153 6.1078811 -1.3872867
v 0.3159770 0.7192240 0.5670560
vn 0.4445655 5.9488988 -1.9324471
v 0.3164170 0.7136840 0.5455320
vn 0.3961830 5.4975276 -2.9093015
v 0.3154360 0.7051140 0.5232590
vn 0.2536016 4.3701653 -4.3610129
v 0.3143180 0.6914470 0.5035350
vn 0.5044172 6.0071292 -1.7428162
v 0.3379540 0.7141180 0.5530660
vn 0.0932784 5.9193802 -2.0750818
v 0.2479180 0.7171350 0.5452880
vn 0.0444521 2.6139178 -5.6284571
v 0.3118340 0.6715980 0.4899030
vn 0.1604611 3.9860995 -4.7636747
v 0.2923240 0.6876030 0.4997850
vn 0.1943886 4.9815016 -3.7419472
v 0.2712440 0.7004870 0.5126590
vn 0.0263299 5.4679298 -3.0200915
v 0.2474410 0.7084590 0.5245160
vn 0.0270948 3.3792627 -5.1289768
v 0.2709560 0.6839530 0.4957570
vn -0.0555788 4.4700074 -4.3159142
v 0.2484930 0.6955750 0.5063120
vn -0.1893718 5.0929236 -3.6049657
v 0.2244370 0.7031740 0.5166680
vn -0.2621133 0.7625756 -6.1114922
v 0.2690420 0.6592470 0.4868770
vn -0.1342888 2.4195905 -5.6664362
v 0.2487140 0.6756360 0.4918680
vn -0.2060871 3.6674871 -4.9640002
v 0.2256410 0.6874380 0.4993770
vn -0.4744171 4.4208970 -4.3285713
v 0.2014350 0.6945280 0.5075340
vn -0.7343715 3.6940050 -4.9165101
v 0.1786670 0.6839880 0.5011770
vn -1.2716414 4.3523726 -4.2381978
v 0.1527150 0.6890940 0.5113480
vn -1.2081782 -3.6963813 4.8753915
v 0.2758840 0.6142590 0.7995430
vn -0.6756275 -3.9835660 4.7501469
v 0.2542470 0.6167170 0.7972750
vn -1.0226332 -1.5013756 5.9618087
v 0.3084460 0.6262450 0.8124020
vn -0.8247191 -1.8689046 5.8572159
v 0.2861310 0.6304430 0.8103580
vn -0.5838841 -2.1451499 5.7764468
v 0.2639780 0.6332110 0.8087120
vn -0.3059469 -2.2604566 5.7506742
v 0.2415280 0.6348010 0.8076010
vn -0.2979350 0.2130897 6.1564293
v 0.2750700 0.6526210 0.8128710
vn -0.2351688 0.1526295 6.1419358
v 0.2525230 0.6544810 0.8119580
vn -0.2124671 0.1703492 6.1312742
v 0.2291080 0.6553080 0.8111510
vn -0.0311472 2.3647232 5.7184229
v 0.2870530 0.6712890 0.8089620
vn -0.0606091 2.4907560 5.6499414
v 0.2643610 0.6743850 0.8075660
vn -0.1523566 2.5231893 5.6231241
v 0.2411040 0.6755820 0.8067030
vn -0.2989454 2.6105859 5.5824137
v 0.2172830 0.6762650 0.8053970
vn -0.4738238 2.7161596 5.5214338
v 0.1929650 0.6757310 0.8039760
vn -0.1555281 4.3096542 4.4487753
v 0.2318860 0.6939500 0.7936100
vn -0.4047115 4.3361883 4.4148626
v 0.2071120 0.6939750 0.7919940
vn 0.0561600 6.0589633 1.6274446
v 0.2391640 0.7225300 0.7359120
vn 0.2770048 6.1704435 1.0932884
v 0.2605730 0.7262890 0.7165560
vn -0.1593987 5.3581820 3.1903479
v 0.2242160 0.7071230 0.7758050
vn 0.0610251 5.8511744 2.2398610
v 0.2436070 0.7159680 0.7567580
vn 0.2566848 6.0610247 1.6126580
v 0.2644540 0.7214530 0.7369790
vn 0.0355938 5.3527875 3.2080169
v 0.2488030 0.7065790 0.7770410
vn 0.2326124 5.8596339 2.2095420
v 0.2685240 0.7149910 0.7576110
vn 0.3747022 6.0368900 1.6765237
v 0.2887900 0.7189450 0.7413720
vn 0.0085993 4.2727799 4.4964299
v 0.2556500 0.6928680 0.7948810
vn 0.1901583 5.3317952 3.2186322
v 0.2728550 0.7055870 0.7781030
vn 0.3465650 5.7924919 2.3778472
v 0.2917230 0.7116950 0.7625770
vn 0.4383920 5.9930496 1.7920527
v 0.3118180 0.7157890 0.7475240
vn 0.4959192 6.0983124 1.4225523
v 0.3323970 0.7174240 0.7335090
vn 0.1111130 4.1755228 4.5837541
v 0.2788420 0.6907790 0.7965220
vn 0.3589571 5.6908798 2.5970001
v 0.3151120 0.7079950 0.7680420
vn 3.8638771 -4.7837811 -0.4725535
v 0.7005110 0.5606290 0.6123390
vn 4.9541111 -3.5568774 -0.8265309
v 0.6878420 0.5495900 0.5986530
vn 5.7500548 -2.2526026 -0.8917304
v 0.6789120 0.5360540 0.5818750
vn 6.0491381 -1.1685777 -1.0917885
v 0.6719370 0.5214940 0.5635860
vn 6.0382123 -1.4286765 -0.5869650
v 0.6763040 0.5224770 0.5969570
vn 6.1832294 -0.5874468 -0.7871723
v 0.6726000 0.5098220 0.5784240
vn 6.1644225 0.1924112 -1.1183188
v 0.6694290 0.4954130 0.5594230
vn 6.2243710 -0.4851353 -0.3599740
v 0.6753220 0.5071950 0.6114370
vn 6.2253733 0.1953475 -0.5923105
v 0.6736120 0.4957070 0.5927440
vn 6.1243272 0.9176466 -0.8359060
v 0.6724550 0.4826780 0.5737580
vn 5.9204865 1.6130884 -1.2610352
v 0.6721410 0.4702660 0.5543770
vn 5.5692611 2.1148067 -1.9496714
v 0.6709000 0.4576860 0.5343030
vn 5.5982490 2.5572298 -1.0371352
v 0.6788470 0.4579380 0.5683330
vn 5.6857314 -2.4532185 -0.3896052
v 0.6816340 0.5350560 0.6136310
vn 5.0675664 -3.4740632 -0.0800699
v 0.6882160 0.5466490 0.6288830
vn 6.1090508 -1.1844465 -0.1532322
v 0.6770720 0.5175310 0.6294560
vn 6.2271957 0.5289894 -0.2014159
v 0.6760050 0.4910000 0.6268280
vn 5.8136458 2.2181590 -0.2804214
v 0.6809610 0.4667600 0.6231790
vn 4.3937955 -4.2902327 -0.0057459
v 0.6949370 0.5546660 0.6442350
vn 5.8825703 -2.0046349 0.0208453
v 0.6801540 0.5286990 0.6457550
vn 6.2454581 -0.0367394 -0.0262775
v 0.6758560 0.4999900 0.6454110
vn 6.0303397 1.6245543 -0.0777773
v 0.6791320 0.4748000 0.6430830
vn 6.1615281 -0.9388491 0.1364274
v 0.6766730 0.5144390 0.6622440
vn 6.1871476 0.8240423 0.0889065
v 0.6765590 0.4868870 0.6615010
vn 5.6340971 2.6431923 0.0641257
v 0.6836440 0.4618930 0.6596510
vn 4.2508326 4.5106087 0.0783620
v 0.6971660 0.4427960 0.6576920
vn 2.2594900 -1.3239560 -5.6664138
v 0.1335910 0.5783500 0.4960610
vn 0.3353930 -0.1426385 -6.1860371
v 0.1097890 0.5854650 0.4892050
vn 0.9161592 -0.8441684 -6.0913229
v 0.1308990 0.6003580 0.4906410
vn 0.8649136 -1.1583993 -6.0453477
v 0.1497670 0.6154800 0.4909550
vn -0.8909913 0.5690792 -6.1060133
v 0.1031770 0.6059470 0.4900630
vn -0.4103119 0.3580659 -6.1627307
v 0.1245170 0.6220070 0.4890810
vn -0.3257206 0.5443650 -6.1554589
v 0.1433450 0.6379170 0.4892150
vn -2.0645218 1.6063210 -5.6033368
v 0.0950630 0.6257270 0.4956320
vn -1.5637685 1.8145375 -5.7083812
v 0.1144640 0.6423950 0.4945450
vn -1.2511064 2.2869506 -5.6200533
v 0.1346480 0.6580310 0.4953080
vn -1.0328758 2.8871813 -5.3756790
v 0.1561850 0.6719020 0.4972770
vn -3.6837614 2.2619021 -4.4594316
v 0.0693980 0.6257810 0.5106100
vn -3.0012903 2.6304677 -4.7065563
v 0.0877760 0.6442550 0.5066760
vn -1.7996998 3.7293975 -4.6232719
v 0.1295700 0.6761050 0.5076130
vn -0.3945694 0.8808939 -6.1091294
v 0.1625040 0.6514240 0.4896940
vn 0.5365672 -1.1829984 -6.0706429
v 0.1697040 0.6292570 0.4905760
vn -0.4266866 1.5961360 -5.9178147
v 0.1831400 0.6640640 0.4904520
vn 0.1102122 -0.9505106 -6.1265879
v 0.1902370 0.6413780 0.4895190
vn 0.8945501 -3.0022466 -5.3682089
v 0.1942380 0.6189950 0.4977560
vn -0.3270236 2.6397524 -5.5853691
v 0.2043990 0.6758460 0.4937170
vn -0.1063291 -0.0461319 -6.1184702
v 0.2090210 0.6526910 0.4878140
vn 0.2155436 -2.8166766 -5.5231624
v 0.2148450 0.6286630 0.4945100
vn 0.8034971 -4.5043683 -4.2502499
v 0.2147100 0.6070540 0.5114730
vn -0.1309689 1.2665277 -6.0237031
v 0.2283670 0.6648220 0.4889110
vn -0.1223603 -1.8555822 -5.8271742
v 0.2323160 0.6380920 0.4898130
vn -0.0562453 -4.2917542 -4.5256791
v 0.2334720 0.6142590 0.5056340
vn 0.4017818 -5.4585028 -3.0272393
v 0.2318500 0.5967830 0.5287590
vn -0.5302969 -3.3913901 -5.1195917
v 0.2506990 0.6224960 0.4967040
vn -0.6520199 -5.1283498 -3.5197904
v 0.2498810 0.6026460 0.5184280
vn 3.3275185 -5.0020118 1.6793374
v 0.7004970 0.5730100 0.7497480
vn 4.1904297 -4.4126019 1.1295975
v 0.6929380 0.5627290 0.7316340
vn 5.9267578 -1.8994703 0.3317205
v 0.6792860 0.5280710 0.6785680
vn 4.9922066 -3.4076436 1.5115960
v 0.6821530 0.5547510 0.7486360
vn 5.5422864 -2.6516292 1.0648735
v 0.6790870 0.5427450 0.7316540
vn 5.9480386 -1.7688705 0.7298142
v 0.6766040 0.5283450 0.7135800
vn 6.1473389 -0.9521296 0.4687756
v 0.6752370 0.5156910 0.6957800
vn 6.2468891 -0.1106035 0.2919138
v 0.6753970 0.5022140 0.6784580
vn 6.0796337 -1.0873965 1.0279655
v 0.6718320 0.5192260 0.7324770
vn 6.2227683 -0.2842366 0.7094848
v 0.6730390 0.5043130 0.7136350
vn 6.2180419 0.5373524 0.5149041
v 0.6748690 0.4898480 0.6951220
vn 6.0324984 1.5659138 0.3490598
v 0.6783040 0.4757380 0.6775310
vn 6.0737104 -0.6117133 1.4425833
v 0.6667760 0.5112630 0.7543500
vn 6.1826129 0.0698201 1.0444100
v 0.6698130 0.4981200 0.7353640
vn 6.1513124 0.9202261 0.7154159
v 0.6737370 0.4834210 0.7148510
vn 5.8375921 2.0788648 0.5437542
v 0.6787830 0.4684340 0.6959440
vn 5.0558476 3.5691664 0.3170744
v 0.6887450 0.4517800 0.6767780
vn 6.0692668 1.1219469 1.1059352
v 0.6712790 0.4792080 0.7376220
vn -6.1541715 -0.6164536 -0.8318592
v 0.5766150 0.5102860 0.5771530
vn -2.8410470 -5.2239037 -1.7484561
v 0.5435620 0.5760060 0.5497950
vn -5.1026950 -3.0789552 -1.2977870
v 0.5691950 0.5498200 0.5577180
vn -6.0792317 -0.8110102 -1.0864528
v 0.5785940 0.5144990 0.5622350
vn -6.0791173 0.9294605 -1.0430781
v 0.5778660 0.4813120 0.5638850
vn -4.9697852 -3.1583455 -1.7156918
v 0.5704570 0.5540030 0.5436920
vn -6.0120907 -0.9719476 -1.3283721
v 0.5807080 0.5186920 0.5481000
vn -6.0598607 0.7621047 -1.3042524
v 0.5810020 0.4836360 0.5485980
vn -5.8732100 -1.1082582 -1.8260660
v 0.5832010 0.5231450 0.5349320
vn -5.9983087 0.5724328 -1.6893852
v 0.5845770 0.4864130 0.5349870
vn -5.4963202 2.2981672 -1.8493451
v 0.5774870 0.4521960 0.5322540
vn -4.0562940 3.9855990 -2.4695446
v 0.5640500 0.4280040 0.5284600
vn -4.3725429 3.1854391 -3.1107404
v 0.5718080 0.4284350 0.5152720
vn -5.4444318 2.5977232 -1.5300400
v 0.5727400 0.4521510 0.5470280
vn -2.3532782 5.0169311 -2.9009302
v 0.5440610 0.4140520 0.5253190
vn -3.9582949 4.4177499 -1.8589666
v 0.5580120 0.4311820 0.5450280
vn -5.4295812 2.7580926 -1.1138750
v 0.5695890 0.4535130 0.5647380
vn -6.1023688 1.0848143 -0.7858093
v 0.5749290 0.4795320 0.5802940
vn -2.4690611 5.4768758 -1.7473516
v 0.5392550 0.4208940 0.5482940
vn -3.9676940 4.5858474 -1.2641118
v 0.5543220 0.4344760 0.5659940
vn -5.3487835 2.9880273 -0.8735585
v 0.5663530 0.4539010 0.5831110
vn -6.0314169 1.4937615 -0.5258305
v 0.5721070 0.4745520 0.5984830
vn -2.2310181 5.6930594 -1.2226186
v 0.5340340 0.4237320 0.5696540
vn -3.7409203 4.8612580 -0.9199573
v 0.5495950 0.4355170 0.5864520
vn -5.0662384 3.5035911 -0.5914825
v 0.5616960 0.4507420 0.6024470
vn -5.8788071 1.9966204 -0.3403787
v 0.5693500 0.4692120 0.6180430
vn -4.5626926 4.1204348 -0.4154125
v 0.5561970 0.4458660 0.6216130
vn -5.5264063 2.7929711 -0.2337783
v 0.5649570 0.4604850 0.6367710
vn -6.1812282 0.8089873 -0.2118945
v 0.5725260 0.4862680 0.6313210
vn -6.2395277 0.2310447 -0.3448329
v 0.5739020 0.4956320 0.6113820
vn -6.2110391 -0.2108987 -0.5562508
v 0.5753730 0.5030860 0.5936670
vn -6.1428809 -0.9643922 -0.2622570
v 0.5726010 0.5151670 0.6232680
vn -6.0066090 -1.5668597 -0.4377978
v 0.5715240 0.5246850 0.6055930
vn -5.7292676 -2.2252858 -0.7080516
v 0.5700880 0.5351260 0.5881170
vn -5.3666472 -2.7624748 -1.1392804
v 0.5689660 0.5440310 0.5716630
vn -5.2461243 -3.1776290 -0.4082285
v 0.5632520 0.5443950 0.6155200
vn -4.6791949 -3.8806536 -0.5717276
v 0.5590590 0.5529260 0.5993310
vn -3.9291465 -4.6125813 -1.0174530
v 0.5517640 0.5631030 0.5808780
vn -3.2975390 -4.9425826 -1.2198305
v 0.5475260 0.5703620 0.5659790
vn -3.9804227 -4.6649981 -0.2895802
v 0.5501640 0.5589240 0.6256170
vn -3.1727886 -5.2670431 -0.4863722
v 0.5416380 0.5662340 0.6080510
vn -2.3532648 -5.6845031 -0.7240599
v 0.5324840 0.5727850 0.5895430
vn -1.5663373 -5.9165659 -1.1827083
v 0.5233340 0.5786040 0.5705720
vn -1.0984534 -5.9110413 -1.7007433
v 0.5173110 0.5840940 0.5521330
vn -1.7342221 -5.9725180 -0.4034663
v 0.5244160 0.5719330 0.6212490
vn 0.0471005 -6.0841084 -1.4769015
v 0.4977310 0.5838140 0.5591090
vn 0.1624414 -5.4927850 2.9972537
v 0.4472560 0.3030300 0.7771510
vn 0.2707062 -5.2571855 3.3955994
v 0.3941450 0.3052660 0.7843660
vn 0.1771789 -4.6351657 4.1267071
v 0.4596240 0.3131810 0.7919940
vn 0.2262832 -4.5752983 4.2068777
v 0.4381900 0.3136270 0.7933460
vn 0.2488400 -4.4710207 4.3159509
v 0.4134710 0.3146710 0.7959380
vn 0.1731400 -4.2350521 4.5528264
v 0.3874600 0.3159540 0.7984260
vn 0.1727468 -3.9724793 4.8332033
v 0.3605580 0.3178850 0.8004110
vn 0.2228727 -2.9240205 5.4337220
v 0.4478350 0.3300320 0.8061950
vn 0.2889619 -2.9778440 5.4213953
v 0.4277270 0.3295660 0.8068130
vn 0.2315548 -3.0176604 5.4230456
v 0.4069470 0.3292510 0.8075960
vn 0.1371859 -3.0422788 5.4653726
v 0.3805630 0.3302410 0.8084080
vn 0.3886217 -0.9856840 6.1165490
v 0.4352770 0.3497330 0.8131450
vn 0.4482485 -1.2998345 6.0703230
v 0.4156790 0.3487440 0.8142670
vn 0.3066706 -1.7053851 5.9935694
v 0.3937860 0.3469530 0.8151240
vn 0.1155871 -1.8279530 5.9542727
v 0.3715650 0.3460200 0.8158130
vn -6.1985769 -0.6269289 -0.6577017
v 0.0038220 0.4591080 0.6125140
vn -6.2155838 -0.7310334 -0.1502576
v 0.0025380 0.4533250 0.6401160
vn -6.1563225 -1.1178355 -0.4835182
v 0.0059500 0.4385790 0.6237070
vn -6.1618032 -1.1896603 0.0268542
v 0.0059870 0.4328770 0.6515590
vn -6.1288443 -1.2241426 0.5592802
v 0.0087990 0.4252040 0.6793710
vn -5.9878478 -1.4057523 1.1736740
v 0.0147800 0.4143160 0.7073770
vn -6.1085005 -1.2404968 -0.7488173
v 0.0106820 0.4226380 0.6080310
vn -6.1279197 -1.3440847 -0.2401758
v 0.0094190 0.4182290 0.6355340
vn -6.0801711 -1.5165091 0.2314370
v 0.0106230 0.4120860 0.6629170
vn -5.9601378 -1.7518238 0.7246213
v 0.0146220 0.4038980 0.6897520
vn -5.7984972 -1.9944432 1.2926180
v 0.0226470 0.3932100 0.7149660
vn -5.9773264 -1.7510893 -0.5117372
v 0.0136450 0.4028050 0.6202370
vn -5.9690390 -1.8892680 -0.0141489
v 0.0142560 0.3974420 0.6474260
vn -5.9243040 -2.0326569 0.4263941
v 0.0176510 0.3912230 0.6739210
vn -5.8072324 -2.2030828 0.9279649
v 0.0231910 0.3833930 0.6966720
vn -5.5380712 -2.5176795 1.4352117
v 0.0320800 0.3721920 0.7210790
vn -5.8723803 -2.2087266 -0.2797393
v 0.0208390 0.3813880 0.6328520
vn -5.8138561 -2.3538418 0.1590863
v 0.0223870 0.3762520 0.6592370
vn -5.6603374 -2.5432224 0.6132335
v 0.0262100 0.3692330 0.6828410
vn 1.4065416 -6.0472674 0.5576768
v 0.4778170 0.5739420 0.6934510
vn -2.4535043 -5.7047815 0.5847585
v 0.5353800 0.5690310 0.6896370
vn 0.1531226 -6.2317929 0.2367785
v 0.4970830 0.5750390 0.6731680
vn -1.8322469 -5.9403124 0.2631418
v 0.5265700 0.5711700 0.6710340
vn -3.8659942 -4.8335671 0.3726482
v 0.5491120 0.5597620 0.6732930
vn 0.6718776 -6.2152357 0.0587593
v 0.4892950 0.5738270 0.6552440
vn -1.0932080 -6.1358557 0.0692025
v 0.5158800 0.5731940 0.6534940
vn -3.2761397 -5.2224579 0.1916224
v 0.5425100 0.5638800 0.6545460
vn -5.1692133 -3.3718245 0.2515830
v 0.5612480 0.5459110 0.6620000
vn -6.0273685 -1.5888084 0.2582121
v 0.5703120 0.5248650 0.6712840
vn -2.4984722 -5.6685219 -0.0784572
v 0.5336500 0.5682380 0.6379020
vn -4.7872338 -3.8672776 0.0488150
v 0.5576330 0.5504430 0.6428730
vn -5.9978604 -1.6884739 0.1058240
v 0.5696340 0.5253290 0.6516890
vn -6.2398138 -0.1127179 0.1611308
v 0.5731590 0.5019590 0.6617050
vn -5.7193818 -2.3639629 -0.1990373
v 0.5672210 0.5340590 0.6334650
vn -6.2377529 -0.3207530 -0.0678662
v 0.5728200 0.5048460 0.6424450
vn 0.1301941 -5.5739036 2.8170474
v 0.4720960 0.3011540 0.7727390
vn 0.1071376 -2.1261370 5.7065539
v 0.4877740 0.3365220 0.8087770
vn 0.0144284 -3.9010334 4.7856083
v 0.4998200 0.3209680 0.7989950
vn 0.0757695 -1.0396209 6.0290084
v 0.5083410 0.3453740 0.8106770
vn -0.2783875 2.0351443 5.8122950
v 0.5143100 0.3698210 0.8085130
vn -0.8338120 4.1794538 4.5749950
v 0.5226410 0.3897540 0.7959780
vn -0.0371081 -2.8326581 5.4301977
v 0.5202630 0.3302460 0.8055310
vn -0.2685047 0.4428202 6.1347508
v 0.5290680 0.3593860 0.8114700
vn -0.9812493 3.0097537 5.3639030
v 0.5365870 0.3826270 0.8043650
vn -1.9507459 4.2142344 4.1896214
v 0.5457360 0.4018130 0.7917050
vn -0.3073906 -1.5215046 5.8912029
v 0.5390950 0.3421030 0.8108460
vn -0.7626034 1.5116389 5.9487863
v 0.5481840 0.3718160 0.8108610
vn -1.8790852 3.1242089 5.0919194
v 0.5592230 0.3964020 0.8011590
vn -3.3033478 3.3894618 4.0690393
v 0.5694900 0.4165340 0.7911220
vn -0.5218527 -0.2658406 6.1183844
v 0.5570790 0.3555840 0.8136880
vn -1.4334124 1.8828225 5.7789931
v 0.5678040 0.3841660 0.8098640
vn -2.9047472 2.3661368 5.0094438
v 0.5801700 0.4103610 0.8031480
vn 2.6165705 5.0791006 2.5591414
v 0.4545880 0.4163730 0.7683660
vn 2.3285306 4.3650756 3.8244748
v 0.4505640 0.4068340 0.7866890
vn 1.1859840 4.0389624 4.6098762
v 0.4649470 0.3923790 0.7961530
vn 0.4171925 2.7888129 5.5308890
v 0.4794530 0.3761580 0.8055210
vn 0.0884898 0.9769756 6.0849104
v 0.4939170 0.3604670 0.8105470
vn 1.6579217 3.1610246 5.1196165
v 0.4451870 0.3919840 0.8023300
vn 0.8099613 2.2116585 5.7415996
v 0.4590780 0.3753300 0.8081740
vn 0.2230752 0.1205161 6.1097198
v 0.4735690 0.3548820 0.8119580
vn 0.8801677 1.2362013 6.0063009
v 0.4404570 0.3715010 0.8122570
vn 0.3518797 -0.5037900 6.1177826
v 0.4550320 0.3518540 0.8125420
vn 0.1221353 -2.8390369 5.4631915
v 0.4678760 0.3307670 0.8060200
vn 0.1129680 -4.4940991 4.2796807
v 0.4801460 0.3154090 0.7936550
vn 0.8760151 0.4335316 6.1713858
v 0.4205410 0.3694330 0.8148500
vn -0.2992004 -5.5352955 2.8373899
v 0.5905500 0.2998750 0.7747330
vn -0.3168819 -5.1978178 3.4296470
v 0.5755820 0.3059140 0.7832440
vn -0.1595623 -4.5076432 4.2207351
v 0.5626990 0.3144100 0.7941430
vn -0.2353703 -5.1503687 3.5277386
v 0.6082810 0.3058760 0.7855180
vn -0.3050230 -4.3711367 4.3738689
v 0.5923450 0.3153450 0.7967710
vn -0.3358154 -3.3037248 5.1536965
v 0.5793470 0.3267320 0.8057060
vn -0.3447978 -1.9112314 5.8132992
v 0.5675950 0.3406110 0.8117140
vn -0.2185694 -3.8626862 4.8697944
v 0.6116960 0.3205610 0.8019710
vn -0.3167838 -2.4951267 5.6837335
v 0.5976750 0.3361440 0.8108170
vn -0.5705045 -0.9487667 6.1229897
v 0.5856440 0.3540790 0.8151840
vn -0.9467037 0.5110692 6.1455317
v 0.5762160 0.3698400 0.8144810
vn -0.2155952 -2.3208165 5.7722793
v 0.6177140 0.3396180 0.8132100
vn -0.4878312 -0.9769144 6.1453533
v 0.6054340 0.3578670 0.8173730
vn -1.0474631 0.3862133 6.1457868
v 0.5959250 0.3777190 0.8170990
vn -1.9125615 1.5259628 5.7594333
v 0.5878080 0.3971740 0.8116490
vn -1.2675087 0.8563208 6.0599217
v 0.6069890 0.3996800 0.8168700
vn 5.4824591 -2.0683584 2.2032881
v 0.4196030 0.5428790 0.7694630
vn 3.5761142 -1.2383597 4.3995461
v 0.3982630 0.5364420 0.8026050
vn 4.9436531 -3.3901482 1.7738447
v 0.4305490 0.5575080 0.7570730
vn 4.8312130 -2.1550519 3.2768493
v 0.4137240 0.5498750 0.7867940
vn 1.6199721 -1.0495800 5.3049817
v 0.3869440 0.5471420 0.8115250
vn 3.9367280 -4.4820709 1.8720757
v 0.4416510 0.5695740 0.7560060
vn 4.5795832 -3.0236051 2.9509418
v 0.4241330 0.5628730 0.7808860
vn 3.4953542 -1.6765342 4.7076669
v 0.4031050 0.5592330 0.8034620
vn -0.3863731 -1.0547520 5.8501053
v 0.3720750 0.5617410 0.8146610
vn 3.6173694 -1.9963289 4.6331758
v 0.4128200 0.5732840 0.8003710
vn 1.4143789 -1.1393560 5.7792311
v 0.3868480 0.5740820 0.8148050
vn -1.6621498 -1.2516265 5.8242416
v 0.3576610 0.5787290 0.8138280
vn 1.8829833 -1.1532425 5.7898417
v 0.3955960 0.5885860 0.8141120
vn -1.7554358 -1.4535887 5.8279023
v 0.3440860 0.5989320 0.8134440
vn -2.7712462 4.8627505 -2.7691748
v 0.1042830 0.6889390 0.5401720
vn -3.5221992 4.6576581 -2.0560896
v 0.0829100 0.6852890 0.5588300
vn -2.7717426 4.1807022 -3.6529653
v 0.1041850 0.6766290 0.5219530
vn -3.6237209 4.1958327 -2.8593097
v 0.0814240 0.6734380 0.5409400
vn -4.4438014 3.9448869 -1.8801563
v 0.0626790 0.6681670 0.5637160
vn -4.9652267 3.5655980 -1.2292638
v 0.0484310 0.6615310 0.5912040
vn -2.3482022 3.1574550 -4.7502556
v 0.1075950 0.6612020 0.5058480
vn -3.4982464 3.5641456 -3.7040870
v 0.0832490 0.6600650 0.5225370
vn -4.4107285 3.4558485 -2.6239717
v 0.0620350 0.6563850 0.5442060
vn -5.0695291 3.2722189 -1.6954918
v 0.0467520 0.6497040 0.5711350
vn -4.1614814 2.9740829 -3.5455451
v 0.0651720 0.6421950 0.5257030
vn -5.0396724 2.8954742 -2.2983847
v 0.0467850 0.6373540 0.5509570
vn -5.4493537 2.6424429 -1.4025105
v 0.0328870 0.6313960 0.5800100
vn -5.4896865 2.1992648 -2.0202360
v 0.0337450 0.6180380 0.5598120
vn -5.9360809 1.9646844 -0.4675134
v 0.0163850 0.6045560 0.6229490
# 3596 vertices, 0 vertices normals

f 3016//3016 4//4 1//1
f 4//4 5//5 1//1
f 1//1 5//5 2//2
f 5//5 6//6 2//2
f 2//2 6//6 3//3
f 6//6 7//7 3//3
f 3//3 7//7 19//19
f 7//7 18//18 19//19
f 4//4 3017//3017 5//5
f 3017//3017 8//8 5//5
f 5//5 8//8 6//6
f 8//8 9//9 6//6
f 6//6 9//9 7//7
f 9//9 10//10 7//7
f 7//7 10//10 18//18
f 10//10 17//17 18//18
f 3017//3017 11//11 8//8
f 11//11 12//12 8//8
f 8//8 12//12 9//9
f 12//12 13//13 9//9
f 9//9 13//13 10//10
f 13//13 14//14 10//10
f 10//10 14//14 17//17
f 14//14 16//16 17//17
f 11//11 3035//3035 12//12
f 3035//3035 3040//3040 12//12
f 12//12 3040//3040 13//13
f 3040//3040 3045//3045 13//13
f 13//13 3045//3045 14//14
f 3045//3045 3050//3050 14//14
f 14//14 3050//3050 16//16
f 3050//3050 15//15 16//16
f 15//15 3000//3000 16//16
f 3000//3000 20//20 16//16
f 16//16 20//20 17//17
f 20//20 21//21 17//17
f 17//17 21//21 18//18
f 21//21 22//22 18//18
f 18//18 22//22 19//19
f 22//22 23//23 19//19
f 3000//3000 24//24 20//20
f 24//24 25//25 20//20
f 20//20 25//25 21//21
f 25//25 26//26 21//21
f 21//21 26//26 22//22
f 26//26 27//27 22//22
f 22//22 27//27 23//23
f 27//27 35//35 23//23
f 24//24 28//28 25//25
f 28//28 29//29 25//25
f 25//25 29//29 26//26
f 29//29 30//30 26//26
f 26//26 30//30 27//27
f 30//30 31//31 27//27
f 27//27 31//31 35//35
f 31//31 34//34 35//35
f 28//28 2999//2999 29//29
f 2999//2999 2889//2889 29//29
f 29//29 2889//2889 30//30
f 2889//2889 32//32 30//30
f 30//30 32//32 31//31
f 32//32 33//33 31//31
f 31//31 33//33 34//34
f 33//33 2083//2083 34//34
f 2083//2083 48//48 34//34
f 48//48 36//36 34//34
f 34//34 36//36 35//35
f 36//36 37//37 35//35
f 35//35 37//37 23//23
f 37//37 38//38 23//23
f 23//23 38//38 19//19
f 38//38 3//3 19//19
f 48//48 49//49 36//36
f 49//49 39//39 36//36
f 36//36 39//39 37//37
f 39//39 40//40 37//37
f 37//37 40//40 38//38
f 40//40 41//41 38//38
f 38//38 41//41 3//3
f 41//41 2//2 3//3
f 49//49 42//42 39//39
f 42//42 43//43 39//39
f 39//39 43//43 40//40
f 43//43 44//44 40//40
f 40//40 44//44 41//41
f 44//44 45//45 41//41
f 41//41 45//45 2//2
f 45//45 1//1 2//2
f 42//42 46//46 43//43
f 46//46 69//69 43//43
f 43//43 69//69 44//44
f 69//69 74//74 44//44
f 44//44 74//74 45//45
f 74//74 47//47 45//45
f 45//45 47//47 1//1
f 47//47 3016//3016 1//1
f 2083//2083 2066//2066 48//48
f 2066//2066 50//50 48//48
f 48//48 50//50 49//49
f 50//50 51//51 49//49
f 49//49 51//51 42//42
f 51//51 52//52 42//42
f 42//42 52//52 46//46
f 52//52 53//53 46//46
f 2066//2066 2067//2067 50//50
f 2067//2067 54//54 50//50
f 50//50 54//54 51//51
f 54//54 55//55 51//51
f 51//51 55//55 52//52
f 55//55 56//56 52//52
f 52//52 56//56 53//53
f 56//56 64//64 53//53
f 2067//2067 2068//2068 54//54
f 2068//2068 57//57 54//54
f 54//54 57//57 55//55
f 57//57 58//58 55//55
f 55//55 58//58 56//56
f 58//58 59//59 56//56
f 56//56 59//59 64//64
f 59//59 60//60 64//64
f 2068//2068 2019//2019 57//57
f 2019//2019 61//61 57//57
f 57//57 61//61 58//58
f 61//61 62//62 58//58
f 58//58 62//62 59//59
f 62//62 2008//2008 59//59
f 59//59 2008//2008 60//60
f 2008//2008 63//63 60//60
f 63//63 65//65 60//60
f 65//65 66//66 60//60
f 60//60 66//66 64//64
f 66//66 67//67 64//64
f 64//64 67//67 53//53
f 67//67 68//68 53//53
f 53//53 68//68 46//46
f 68//68 69//69 46//46
f 65//65 70//70 66//66
f 70//70 71//71 66//66
f 66//66 71//71 67//67
f 71//71 72//72 67//67
f 67//67 72//72 68//68
f 72//72 73//73 68//68
f 68//68 73//73 69//69
f 73//73 74//74 69//69
f 70//70 2117//2117 71//71
f 2117//2117 75//75 71//71
f 71//71 75//75 72//72
f 75//75 76//76 72//72
f 72//72 76//76 73//73
f 76//76 77//77 73//73
f 73//73 77//77 74//74
f 77//77 47//47 74//74
f 2117//2117 1769//1769 75//75
f 1769//1769 78//78 75//75
f 75//75 78//78 76//76
f 78//78 1760//1760 76//76
f 76//76 1760//1760 77//77
f 1760//1760 1755//1755 77//77
f 77//77 1755//1755 47//47
f 1755//1755 3016//3016 47//47
f 129//129 1566//1566 79//79
f 1566//1566 80//80 79//79
f 79//79 80//80 122//122
f 80//80 81//81 122//122
f 122//122 81//81 117//117
f 81//81 82//82 117//117
f 117//117 82//82 96//96
f 82//82 83//83 96//96
f 1566//1566 84//84 80//80
f 84//84 85//85 80//80
f 80//80 85//85 81//81
f 85//85 86//86 81//81
f 81//81 86//86 82//82
f 86//86 87//87 82//82
f 82//82 87//87 83//83
f 87//87 95//95 83//83
f 84//84 88//88 85//85
f 88//88 89//89 85//85
f 85//85 89//89 86//86
f 89//89 90//90 86//86
f 86//86 90//90 87//87
f 90//90 91//91 87//87
f 87//87 91//91 95//95
f 91//91 92//92 95//95
f 88//88 1565//1565 89//89
f 1565//1565 2056//2056 89//89
f 89//89 2056//2056 90//90
f 2056//2056 2061//2061 90//90
f 90//90 2061//2061 91//91
f 2061//2061 93//93 91//91
f 91//91 93//93 92//92
f 93//93 94//94 92//92
f 94//94 2927//2927 92//92
f 2927//2927 97//97 92//92
f 92//92 97//97 95//95
f 97//97 98//98 95//95
f 95//95 98//98 83//83
f 98//98 99//99 83//83
f 83//83 99//99 96//96
f 99//99 100//100 96//96
f 2927//2927 101//101 97//97
f 101//101 102//102 97//97
f 97//97 102//102 98//98
f 102//102 103//103 98//98
f 98//98 103//103 99//99
f 103//103 104//104 99//99
f 99//99 104//104 100//100
f 104//104 105//105 100//100
f 101//101 106//106 102//102
f 106//106 107//107 102//102
f 102//102 107//107 103//103
f 107//107 108//108 103//103
f 103//103 108//108 104//104
f 108//108 109//109 104//104
f 104//104 109//109 105//105
f 109//109 110//110 105//105
f 106//106 2926//2926 107//107
f 2926//2926 111//111 107//107
f 107//107 111//111 108//108
f 111//111 3573//3573 108//108
f 108//108 3573//3573 109//109
f 3573//3573 112//112 109//109
f 109//109 112//112 110//110
f 112//112 113//113 110//110
f 113//113 3506//3506 110//110
f 3506//3506 114//114 110//110
f 110//110 114//114 105//105
f 114//114 115//115 105//105
f 105//105 115//115 100//100
f 115//115 116//116 100//100
f 100//100 116//116 96//96
f 116//116 117//117 96//96
f 3506//3506 118//118 114//114
f 118//118 119//119 114//114
f 114//114 119//119 115//115
f 119//119 120//120 115//115
f 115//115 120//120 116//116
f 120//120 121//121 116//116
f 116//116 121//121 117//117
f 121//121 122//122 117//117
f 118//118 3507//3507 119//119
f 3507//3507 123//123 119//119
f 119//119 123//123 120//120
f 123//123 124//124 120//120
f 120//120 124//124 121//121
f 124//124 125//125 121//121
f 121//121 125//125 122//122
f 125//125 79//79 122//122
f 3507//3507 749//749 123//123
f 749//749 126//126 123//123
f 123//123 126//126 124//124
f 126//126 127//127 124//124
f 124//124 127//127 125//125
f 127//127 128//128 125//125
f 125//125 128//128 79//79
f 128//128 129//129 79//79
f 2379//2379 132//132 130//130
f 132//132 133//133 130//130
f 130//130 133//133 131//131
f 133//133 134//134 131//131
f 131//131 134//134 167//167
f 134//134 135//135 167//167
f 167//167 135//135 162//162
f 135//135 145//145 162//162
f 132//132 2378//2378 133//133
f 2378//2378 136//136 133//133
f 133//133 136//136 134//134
f 136//136 137//137 134//134
f 134//134 137//137 135//135
f 137//137 138//138 135//135
f 135//135 138//138 145//145
f 138//138 139//139 145//145
f 2378//2378 2377//2377 136//136
f 2377//2377 140//140 136//136
f 136//136 140//140 137//137
f 140//140 141//141 137//137
f 137//137 141//141 138//138
f 141//141 142//142 138//138
f 138//138 142//142 139//139
f 142//142 143//143 139//139
f 2377//2377 2376//2376 140//140
f 2376//2376 3420//3420 140//140
f 140//140 3420//3420 141//141
f 3420//3420 144//144 141//141
f 141//141 144//144 142//142
f 144//144 3411//3411 142//142
f 142//142 3411//3411 143//143
f 3411//3411 3408//3408 143//143
f 3408//3408 1350//1350 143//143
f 1350//1350 146//146 143//143
f 143//143 146//146 139//139
f 146//146 147//147 139//139
f 139//139 147//147 145//145
f 147//147 148//148 145//145
f 145//145 148//148 162//162
f 148//148 149//149 162//162
f 1350//1350 150//150 146//146
f 150//150 151//151 146//146
f 146//146 151//151 147//147
f 151//151 152//152 147//147
f 147//147 152//152 148//148
f 152//152 153//153 148//148
f 148//148 153//153 149//149
f 153//153 154//154 149//149
f 150//150 155//155 151//151
f 155//155 156//156 151//151
f 151//151 156//156 152//152
f 156//156 157//157 152//152
f 152//152 157//157 153//153
f 157//157 158//158 153//153
f 153//153 158//158 154//154
f 158//158 159//159 154//154
f 155//155 1349//1349 156//156
f 1349//1349 1392//1392 156//156
f 156//156 1392//1392 157//157
f 1392//1392 160//160 157//157
f 157//157 160//160 158//158
f 160//160 161//161 158//158
f 158//158 161//161 159//159
f 161//161 129//129 159//159
f 129//129 163//163 159//159
f 163//163 164//164 159//159
f 159//159 164//164 154//154
f 164//164 165//165 154//154
f 154//154 165//165 149//149
f 165//165 166//166 149//149
f 149//149 166//166 162//162
f 166//166 167//167 162//162
f 163//163 735//735 164//164
f 735//735 168//168 164//164
f 164//164 168//168 165//165
f 168//168 169//169 165//165
f 165//165 169//169 166//166
f 169//169 170//170 166//166
f 166//166 170//170 167//167
f 170//170 131//131 167//167
f 735//735 736//736 168//168
f 736//736 171//171 168//168
f 168//168 171//171 169//169
f 171//171 172//172 169//169
f 169//169 172//172 170//170
f 172//172 173//173 170//170
f 170//170 173//173 131//131
f 173//173 130//130 131//131
f 736//736 737//737 171//171
f 737//737 174//174 171//171
f 171//171 174//174 172//172
f 174//174 175//175 172//172
f 172//172 175//175 173//173
f 175//175 176//176 173//173
f 173//173 176//176 130//130
f 176//176 2379//2379 130//130
f 261//261 3471//3471 223//223
f 3471//3471 179//179 223//223
f 223//223 179//179 218//218
f 179//179 180//180 218//218
f 218//218 180//180 177//177
f 180//180 181//181 177//177
f 177//177 181//181 178//178
f 181//181 182//182 178//178
f 3471//3471 183//183 179//179
f 183//183 184//184 179//179
f 179//179 184//184 180//180
f 184//184 185//185 180//180
f 180//180 185//185 181//181
f 185//185 186//186 181//181
f 181//181 186//186 182//182
f 186//186 194//194 182//182
f 183//183 187//187 184//184
f 187//187 188//188 184//184
f 184//184 188//188 185//185
f 188//188 189//189 185//185
f 185//185 189//189 186//186
f 189//189 190//190 186//186
f 186//186 190//190 194//194
f 190//190 193//193 194//194
f 187//187 3470//3470 188//188
f 3470//3470 191//191 188//188
f 188//188 191//191 189//189
f 191//191 3511//3511 189//189
f 189//189 3511//3511 190//190
f 3511//3511 192//192 190//190
f 190//190 192//192 193//193
f 192//192 113//113 193//193
f 113//113 195//195 193//193
f 195//195 196//196 193//193
f 193//193 196//196 194//194
f 196//196 197//197 194//194
f 194//194 197//197 182//182
f 197//197 198//198 182//182
f 182//182 198//198 178//178
f 198//198 199//199 178//178
f 195//195 200//200 196//196
f 200//200 201//201 196//196
f 196//196 201//201 197//197
f 201//201 202//202 197//197
f 197//197 202//202 198//198
f 202//202 203//203 198//198
f 198//198 203//203 199//199
f 203//203 204//204 199//199
f 200//200 262//262 201//201
f 262//262 205//205 201//201
f 201//201 205//205 202//202
f 205//205 206//206 202//202
f 202//202 206//206 203//203
f 206//206 207//207 203//203
f 203//203 207//207 204//204
f 207//207 210//210 204//204
f 262//262 208//208 205//205
f 208//208 209//209 205//205
f 205//205 209//209 206//206
f 209//209 286//286 206//206
f 206//206 286//286 207//207
f 286//286 290//290 207//207
f 207//207 290//290 210//210
f 290//290 293//293 210//210
f 293//293 226//226 210//210
f 226//226 211//211 210//210
f 210//210 211//211 204//204
f 211//211 212//212 204//204
f 204//204 212//212 199//199
f 212//212 213//213 199//199
f 199//199 213//213 178//178
f 213//213 177//177 178//178
f 226//226 214//214 211//211
f 214//214 215//215 211//211
f 211//211 215//215 212//212
f 215//215 216//216 212//212
f 212//212 216//216 213//213
f 216//216 217//217 213//213
f 213//213 217//217 177//177
f 217//217 218//218 177//177
f 214//214 219//219 215//215
f 219//219 220//220 215//215
f 215//215 220//220 216//216
f 220//220 221//221 216//216
f 216//216 221//221 217//217
f 221//221 222//222 217//217
f 217//217 222//222 218//218
f 222//222 223//223 218//218
f 219//219 224//224 220//220
f 224//224 248//248 220//220
f 220//220 248//248 221//221
f 248//248 253//253 221//221
f 221//221 253//253 222//222
f 253//253 225//225 222//222
f 222//222 225//225 223//223
f 225//225 261//261 223//223
f 293//293 227//227 226//226
f 227//227 228//228 226//226
f 226//226 228//228 214//214
f 228//228 229//229 214//214
f 214//214 229//229 219//219
f 229//229 230//230 219//219
f 219//219 230//230 224//224
f 230//230 231//231 224//224
f 227//227 232//232 228//228
f 232//232 233//233 228//228
f 228//228 233//233 229//229
f 233//233 234//234 229//229
f 229//229 234//234 230//230
f 234//234 235//235 230//230
f 230//230 235//235 231//231
f 235//235 243//243 231//231
f 232//232 646//646 233//233
f 646//646 236//236 233//233
f 233//233 236//236 234//234
f 236//236 237//237 234//234
f 234//234 237//237 235//235
f 237//237 238//238 235//235
f 235//235 238//238 243//243
f 238//238 242//242 243//243
f 646//646 239//239 236//236
f 239//239 240//240 236//236
f 236//236 240//240 237//237
f 240//240 670//670 237//237
f 237//237 670//670 238//238
f 670//670 241//241 238//238
f 238//238 241//241 242//242
f 241//241 1162//1162 242//242
f 1162//1162 244//244 242//242
f 244//244 245//245 242//242
f 242//242 245//245 243//243
f 245//245 246//246 243//243
f 243//243 246//246 231//231
f 246//246 247//247 231//231
f 231//231 247//247 224//224
f 247//247 248//248 224//224
f 244//244 249//249 245//245
f 249//249 250//250 245//245
f 245//245 250//250 246//246
f 250//250 251//251 246//246
f 246//246 251//251 247//247
f 251//251 252//252 247//247
f 247//247 252//252 248//248
f 252//252 253//253 248//248
f 249//249 254//254 250//250
f 254//254 255//255 250//250
f 250//250 255//255 251//251
f 255//255 256//256 251//251
f 251//251 256//256 252//252
f 256//256 257//257 252//252
f 252//252 257//257 253//253
f 257//257 225//225 253//253
f 254//254 1161//1161 255//255
f 1161//1161 258//258 255//255
f 255//255 258//258 256//256
f 258//258 259//259 256//256
f 256//256 259//259 257//257
f 259//259 260//260 257//257
f 257//257 260//260 225//225
f 260//260 261//261 225//225
f 113//113 263//263 195//195
f 263//263 264//264 195//195
f 195//195 264//264 200//200
f 264//264 265//265 200//200
f 200//200 265//265 262//262
f 265//265 266//266 262//262
f 262//262 266//266 208//208
f 266//266 267//267 208//208
f 263//263 268//268 264//264
f 268//268 269//269 264//264
f 264//264 269//269 265//265
f 269//269 270//270 265//265
f 265//265 270//270 266//266
f 270//270 271//271 266//266
f 266//266 271//271 267//267
f 271//271 272//272 267//267
f 268//268 273//273 269//269
f 273//273 274//274 269//269
f 269//269 274//274 270//270
f 274//274 275//275 270//270
f 270//270 275//275 271//271
f 275//275 276//276 271//271
f 271//271 276//276 272//272
f 276//276 278//278 272//272
f 273//273 1192//1192 274//274
f 1192//1192 1197//1197 274//274
f 274//274 1197//1197 275//275
f 1197//1197 277//277 275//275
f 275//275 277//277 276//276
f 277//277 1205//1205 276//276
f 276//276 1205//1205 278//278
f 1205//1205 807//807 278//278
f 807//807 308//308 278//278
f 308//308 279//279 278//278
f 278//278 279//279 272//272
f 279//279 280//280 272//272
f 272//272 280//280 267//267
f 280//280 281//281 267//267
f 267//267 281//281 208//208
f 281//281 209//209 208//208
f 308//308 282//282 279//279
f 282//282 283//283 279//279
f 279//279 283//283 280//280
f 283//283 284//284 280//280
f 280//280 284//284 281//281
f 284//284 285//285 281//281
f 281//281 285//285 209//209
f 285//285 286//286 209//209
f 282//282 309//309 283//283
f 309//309 287//287 283//283
f 283//283 287//287 284//284
f 287//287 288//288 284//284
f 284//284 288//288 285//285
f 288//288 289//289 285//285
f 285//285 289//289 286//286
f 289//289 290//290 286//286
f 309//309 310//310 287//287
f 310//310 291//291 287//287
f 287//287 291//291 288//288
f 291//291 292//292 288//288
f 288//288 292//292 289//289
f 292//292 307//307 289//289
f 289//289 307//307 290//290
f 307//307 293//293 290//290
f 294//294 3453//3453 322//322
f 3453//3453 297//297 322//322
f 322//322 297//297 295//295
f 297//297 298//298 295//295
f 295//295 298//298 296//296
f 298//298 299//299 296//296
f 296//296 299//299 310//310
f 299//299 291//291 310//310
f 3453//3453 3452//3452 297//297
f 3452//3452 300//300 297//297
f 297//297 300//300 298//298
f 300//300 301//301 298//298
f 298//298 301//301 299//299
f 301//301 302//302 299//299
f 299//299 302//302 291//291
f 302//302 292//292 291//291
f 3452//3452 303//303 300//300
f 303//303 304//304 300//300
f 300//300 304//304 301//301
f 304//304 305//305 301//301
f 301//301 305//305 302//302
f 305//305 306//306 302//302
f 302//302 306//306 292//292
f 306//306 307//307 292//292
f 303//303 661//661 304//304
f 661//661 656//656 304//304
f 304//304 656//656 305//305
f 656//656 651//651 305//305
f 305//305 651//651 306//306
f 651//651 647//647 306//306
f 306//306 647//647 307//307
f 647//647 293//293 307//307
f 807//807 311//311 308//308
f 311//311 312//312 308//308
f 308//308 312//312 282//282
f 312//312 313//313 282//282
f 282//282 313//313 309//309
f 313//313 314//314 309//309
f 309//309 314//314 310//310
f 314//314 296//296 310//310
f 311//311 315//315 312//312
f 315//315 316//316 312//312
f 312//312 316//316 313//313
f 316//316 317//317 313//313
f 313//313 317//317 314//314
f 317//317 318//318 314//314
f 314//314 318//318 296//296
f 318//318 295//295 296//296
f 315//315 808//808 316//316
f 808//808 319//319 316//316
f 316//316 319//319 317//317
f 319//319 320//320 317//317
f 317//317 320//320 318//318
f 320//320 321//321 318//318
f 318//318 321//321 295//295
f 321//321 322//322 295//295
f 808//808 809//809 319//319
f 809//809 323//323 319//319
f 319//319 323//323 320//320
f 323//323 324//324 320//320
f 320//320 324//324 321//321
f 324//324 752//752 321//321
f 321//321 752//752 322//322
f 752//752 294//294 322//322
f 375//375 325//325 372//372
f 325//325 326//326 372//372
f 372//372 326//326 368//368
f 326//326 327//327 368//368
f 368//368 327//327 364//364
f 327//327 328//328 364//364
f 364//364 328//328 359//359
f 328//328 341//341 359//359
f 325//325 507//507 326//326
f 507//507 329//329 326//326
f 326//326 329//329 327//327
f 329//329 330//330 327//327
f 327//327 330//330 328//328
f 330//330 331//331 328//328
f 328//328 331//331 341//341
f 331//331 340//340 341//341
f 507//507 508//508 329//329
f 508//508 332//332 329//329
f 329//329 332//332 330//330
f 332//332 333//333 330//330
f 330//330 333//333 331//331
f 333//333 334//334 331//331
f 331//331 334//334 340//340
f 334//334 335//335 340//340
f 508//508 522//522 332//332
f 522//522 336//336 332//332
f 332//332 336//336 333//333
f 336//336 337//337 333//333
f 333//333 337//337 334//334
f 337//337 338//338 334//334
f 334//334 338//338 335//335
f 338//338 339//339 335//335
f 339//339 342//342 335//335
f 342//342 343//343 335//335
f 335//335 343//343 340//340
f 343//343 344//344 340//340
f 340//340 344//344 341//341
f 344//344 345//345 341//341
f 341//341 345//345 359//359
f 345//345 346//346 359//359
f 342//342 347//347 343//343
f 347//347 348//348 343//343
f 343//343 348//348 344//344
f 348//348 349//349 344//344
f 344//344 349//349 345//345
f 349//349 350//350 345//345
f 345//345 350//350 346//346
f 350//350 358//358 346//346
f 347//347 351//351 348//348
f 351//351 352//352 348//348
f 348//348 352//352 349//349
f 352//352 353//353 349//349
f 349//349 353//353 350//350
f 353//353 354//354 350//350
f 350//350 354//354 358//358
f 354//354 357//357 358//358
f 351//351 421//421 352//352
f 421//421 443//443 352//352
f 352//352 443//443 353//353
f 443//443 355//355 353//353
f 353//353 355//355 354//354
f 355//355 356//356 354//354
f 354//354 356//356 357//357
f 356//356 454//454 357//357
f 454//454 360//360 357//357
f 360//360 361//361 357//357
f 357//357 361//361 358//358
f 361//361 362//362 358//358
f 358//358 362//362 346//346
f 362//362 363//363 346//346
f 346//346 363//363 359//359
f 363//363 364//364 359//359
f 360//360 2536//2536 361//361
f 2536//2536 365//365 361//361
f 361//361 365//365 362//362
f 365//365 366//366 362//362
f 362//362 366//366 363//363
f 366//366 367//367 363//363
f 363//363 367//367 364//364
f 367//367 368//368 364//364
f 2536//2536 2537//2537 365//365
f 2537//2537 369//369 365//365
f 365//365 369//369 366//366
f 369//369 370//370 366//366
f 366//366 370//370 367//367
f 370//370 371//371 367//367
f 367//367 371//371 368//368
f 371//371 372//372 368//368
f 2537//2537 2538//2538 369//369
f 2538//2538 373//373 369//369
f 369//369 373//373 370//370
f 373//373 374//374 370//370
f 370//370 374//374 371//371
f 374//374 2347//2347 371//371
f 371//371 2347//2347 372//372
f 2347//2347 375//375 372//372
f 3016//3016 378//378 376//376
f 378//378 379//379 376//376
f 376//376 379//379 416//416
f 379//379 380//380 416//416
f 416//416 380//380 377//377
f 380//380 381//381 377//377
f 377//377 381//381 408//408
f 381//381 382//382 408//408
f 378//378 383//383 379//379
f 383//383 384//384 379//379
f 379//379 384//384 380//380
f 384//384 385//385 380//380
f 380//380 385//385 381//381
f 385//385 386//386 381//381
f 381//381 386//386 382//382
f 386//386 387//387 382//382
f 383//383 1737//1737 384//384
f 1737//1737 388//388 384//384
f 384//384 388//388 385//385
f 388//388 389//389 385//385
f 385//385 389//389 386//386
f 389//389 390//390 386//386
f 386//386 390//390 387//387
f 390//390 391//391 387//387
f 1737//1737 504//504 388//388
f 504//504 499//499 388//388
f 388//388 499//499 389//389
f 499//499 494//494 389//389
f 389//389 494//494 390//390
f 494//494 392//392 390//390
f 390//390 392//392 391//391
f 392//392 487//487 391//391
f 487//487 486//486 391//391
f 486//486 393//393 391//391
f 391//391 393//393 387//387
f 393//393 394//394 387//387
f 387//387 394//394 382//382
f 394//394 395//395 382//382
f 382//382 395//395 408//408
f 395//395 396//396 408//408
f 486//486 397//397 393//393
f 397//397 398//398 393//393
f 393//393 398//398 394//394
f 398//398 399//399 394//394
f 394//394 399//399 395//395
f 399//399 400//400 395//395
f 395//395 400//400 396//396
f 400//400 401//401 396//396
f 397//397 402//402 398//398
f 402//402 403//403 398//398
f 398//398 403//403 399//399
f 403//403 404//404 399//399
f 399//399 404//404 400//400
f 404//404 405//405 400//400
f 400//400 405//405 401//401
f 405//405 406//406 401//401
f 402//402 485//485 403//403
f 485//485 407//407 403//403
f 403//403 407//407 404//404
f 407//407 832//832 404//404
f 404//404 832//832 405//405
f 832//832 837//837 405//405
f 405//405 837//837 406//406
f 837//837 3070//3070 406//406
f 3070//3070 409//409 406//406
f 409//409 410//410 406//406
f 406//406 410//410 401//401
f 410//410 411//411 401//401
f 401//401 411//411 396//396
f 411//411 412//412 396//396
f 396//396 412//412 408//408
f 412//412 377//377 408//408
f 409//409 3069//3069 410//410
f 3069//3069 413//413 410//410
f 410//410 413//413 411//411
f 413//413 414//414 411//411
f 411//411 414//414 412//412
f 414//414 415//415 412//412
f 412//412 415//415 377//377
f 415//415 416//416 377//377
f 3069//3069 3068//3068 413//413
f 3068//3068 417//417 413//413
f 413//413 417//417 414//414
f 417//417 418//418 414//414
f 414//414 418//418 415//415
f 418//418 419//419 415//415
f 415//415 419//419 416//416
f 419//419 376//376 416//416
f 3068//3068 420//420 417//417
f 420//420 3028//3028 417//417
f 417//417 3028//3028 418//418
f 3028//3028 3023//3023 418//418
f 418//418 3023//3023 419//419
f 3023//3023 3018//3018 419//419
f 419//419 3018//3018 376//376
f 3018//3018 3016//3016 376//376
f 339//339 422//422 342//342
f 422//422 423//423 342//342
f 342//342 423//423 347//347
f 423//423 424//424 347//347
f 347//347 424//424 351//351
f 424//424 425//425 351//351
f 351//351 425//425 421//421
f 425//425 426//426 421//421
f 422//422 427//427 423//423
f 427//427 428//428 423//423
f 423//423 428//428 424//424
f 428//428 429//429 424//424
f 424//424 429//429 425//425
f 429//429 430//430 425//425
f 425//425 430//430 426//426
f 430//430 431//431 426//426
f 427//427 1322//1322 428//428
f 1322//1322 432//432 428//428
f 428//428 432//432 429//429
f 432//432 433//433 429//429
f 429//429 433//433 430//430
f 433//433 434//434 430//430
f 430//430 434//434 431//431
f 434//434 435//435 431//431
f 1322//1322 436//436 432//432
f 436//436 1315//1315 432//432
f 432//432 1315//1315 433//433
f 1315//1315 437//437 433//433
f 433//433 437//437 434//434
f 437//437 438//438 434//434
f 434//434 438//438 435//435
f 438//438 1304//1304 435//435
f 1304//1304 439//439 435//435
f 439//439 440//440 435//435
f 435//435 440//440 431//431
f 440//440 441//441 431//431
f 431//431 441//441 426//426
f 441//441 442//442 426//426
f 426//426 442//442 421//421
f 442//442 443//443 421//421
f 439//439 444//444 440//440
f 444//444 445//445 440//440
f 440//440 445//445 441//441
f 445//445 446//446 441//441
f 441//441 446//446 442//442
f 446//446 447//447 442//442
f 442//442 447//447 443//443
f 447//447 355//355 443//443
f 444//444 993//993 445//445
f 993//993 448//448 445//445
f 445//445 448//448 446//446
f 448//448 449//449 446//446
f 446//446 449//449 447//447
f 449//449 450//450 447//447
f 447//447 450//450 355//355
f 450//450 356//356 355//355
f 993//993 994//994 448//448
f 994//994 451//451 448//448
f 448//448 451//451 449//449
f 451//451 452//452 449//449
f 449//449 452//452 450//450
f 452//452 453//453 450//450
f 450//450 453//453 356//356
f 453//453 454//454 356//356
f 455//455 1719//1719 503//503
f 1719//1719 456//456 503//503
f 503//503 456//456 498//498
f 456//456 457//457 498//498
f 498//498 457//457 493//493
f 457//457 458//458 493//493
f 493//493 458//458 473//473
f 458//458 459//459 473//473
f 1719//1719 1718//1718 456//456
f 1718//1718 460//460 456//456
f 456//456 460//460 457//457
f 460//460 461//461 457//457
f 457//457 461//461 458//458
f 461//461 462//462 458//458
f 458//458 462//462 459//459
f 462//462 472//472 459//459
f 1718//1718 463//463 460//460
f 463//463 464//464 460//460
f 460//460 464//464 461//461
f 464//464 465//465 461//461
f 461//461 465//465 462//462
f 465//465 466//466 462//462
f 462//462 466//466 472//472
f 466//466 467//467 472//472
f 463//463 468//468 464//464
f 468//468 469//469 464//464
f 464//464 469//469 465//465
f 469//469 470//470 465//465
f 465//465 470//470 466//466
f 470//470 471//471 466//466
f 466//466 471//471 467//467
f 471//471 1837//1837 467//467
f 1837//1837 474//474 467//467
f 474//474 475//475 467//467
f 467//467 475//475 472//472
f 475//475 476//476 472//472
f 472//472 476//476 459//459
f 476//476 477//477 459//459
f 459//459 477//477 473//473
f 477//477 489//489 473//473
f 474//474 824//824 475//475
f 824//824 478//478 475//475
f 475//475 478//478 476//476
f 478//478 479//479 476//476
f 476//476 479//479 477//477
f 479//479 480//480 477//477
f 477//477 480//480 489//489
f 480//480 488//488 489//489
f 824//824 825//825 478//478
f 825//825 481//481 478//478
f 478//478 481//481 479//479
f 481//481 482//482 479//479
f 479//479 482//482 480//480
f 482//482 483//483 480//480
f 480//480 483//483 488//488
f 483//483 484//484 488//488
f 825//825 485//485 481//481
f 485//485 402//402 481//481
f 481//481 402//402 482//482
f 402//402 397//397 482//482
f 482//482 397//397 483//483
f 397//397 486//486 483//483
f 483//483 486//486 484//484
f 486//486 487//487 484//484
f 487//487 392//392 484//484
f 392//392 490//490 484//484
f 484//484 490//490 488//488
f 490//490 491//491 488//488
f 488//488 491//491 489//489
f 491//491 492//492 489//489
f 489//489 492//492 473//473
f 492//492 493//493 473//473
f 392//392 494//494 490//490
f 494//494 495//495 490//490
f 490//490 495//495 491//491
f 495//495 496//496 491//491
f 491//491 496//496 492//492
f 496//496 497//497 492//492
f 492//492 497//497 493//493
f 497//497 498//498 493//493
f 494//494 499//499 495//495
f 499//499 500//500 495//495
f 495//495 500//500 496//496
f 500//500 501//501 496//496
f 496//496 501//501 497//497
f 501//501 502//502 497//497
f 497//497 502//502 498//498
f 502//502 503//503 498//498
f 499//499 504//504 500//500
f 504//504 1742//1742 500//500
f 500//500 1742//1742 501//501
f 1742//1742 505//505 501//501
f 501//501 505//505 502//502
f 505//505 506//506 502//502
f 502//502 506//506 503//503
f 506//506 455//455 503//503
f 375//375 2395//2395 325//325
f 2395//2395 509//509 325//325
f 325//325 509//509 507//507
f 509//509 510//510 507//507
f 507//507 510//510 508//508
f 510//510 511//511 508//508
f 508//508 511//511 522//522
f 511//511 521//521 522//522
f 2395//2395 2394//2394 509//509
f 2394//2394 512//512 509//509
f 509//509 512//512 510//510
f 512//512 513//513 510//510
f 510//510 513//513 511//511
f 513//513 514//514 511//511
f 511//511 514//514 521//521
f 514//514 520//520 521//521
f 2394//2394 515//515 512//512
f 515//515 516//516 512//512
f 512//512 516//516 513//513
f 516//516 517//517 513//513
f 513//513 517//517 514//514
f 517//517 518//518 514//514
f 514//514 518//518 520//520
f 518//518 519//519 520//520
f 515//515 2393//2393 516//516
f 2393//2393 3563//3563 516//516
f 516//516 3563//3563 517//517
f 3563//3563 3559//3559 517//517
f 517//517 3559//3559 518//518
f 3559//3559 3555//3555 518//518
f 518//518 3555//3555 519//519
f 3555//3555 959//959 519//519
f 959//959 523//523 519//519
f 523//523 524//524 519//519
f 519//519 524//524 520//520
f 524//524 525//525 520//520
f 520//520 525//525 521//521
f 525//525 526//526 521//521
f 521//521 526//526 522//522
f 526//526 336//336 522//522
f 523//523 527//527 524//524
f 527//527 528//528 524//524
f 524//524 528//528 525//525
f 528//528 529//529 525//525
f 525//525 529//529 526//526
f 529//529 530//530 526//526
f 526//526 530//530 336//336
f 530//530 337//337 336//336
f 527//527 531//531 528//528
f 531//531 532//532 528//528
f 528//528 532//532 529//529
f 532//532 533//533 529//529
f 529//529 533//533 530//530
f 533//533 534//534 530//530
f 530//530 534//534 337//337
f 534//534 338//338 337//337
f 531//531 1452//1452 532//532
f 1452//1452 1457//1457 532//532
f 532//532 1457//1457 533//533
f 1457//1457 1462//1462 533//533
f 533//533 1462//1462 534//534
f 1462//1462 535//535 534//534
f 534//534 535//535 338//338
f 535//535 339//339 338//338
f 1148//1148 3179//3179 536//536
f 3179//3179 537//537 536//536
f 536//536 537//537 578//578
f 537//537 538//538 578//578
f 578//578 538//538 573//573
f 538//538 539//539 573//573
f 573//573 539//539 569//569
f 539//539 540//540 569//569
f 3179//3179 541//541 537//537
f 541//541 542//542 537//537
f 537//537 542//542 538//538
f 542//542 543//543 538//538
f 538//538 543//543 539//539
f 543//543 544//544 539//539
f 539//539 544//544 540//540
f 544//544 553//553 540//540
f 541//541 545//545 542//542
f 545//545 546//546 542//542
f 542//542 546//546 543//543
f 546//546 547//547 543//543
f 543//543 547//547 544//544
f 547//547 548//548 544//544
f 544//544 548//548 553//553
f 548//548 549//549 553//553
f 545//545 550//550 546//546
f 550//550 3198//3198 546//546
f 546//546 3198//3198 547//547
f 3198//3198 551//551 547//547
f 547//547 551//551 548//548
f 551//551 552//552 548//548
f 548//548 552//552 549//549
f 552//552 3207//3207 549//549
f 3207//3207 554//554 549//549
f 554//554 555//555 549//549
f 549//549 555//555 553//553
f 555//555 556//556 553//553
f 553//553 556//556 540//540
f 556//556 557//557 540//540
f 540//540 557//557 569//569
f 557//557 558//558 569//569
f 554//554 676//676 555//555
f 676//676 559//559 555//555
f 555//555 559//559 556//556
f 559//559 560//560 556//556
f 556//556 560//560 557//557
f 560//560 561//561 557//557
f 557//557 561//561 558//558
f 561//561 562//562 558//558
f 676//676 677//677 559//559
f 677//677 563//563 559//559
f 559//559 563//563 560//560
f 563//563 564//564 560//560
f 560//560 564//564 561//561
f 564//564 565//565 561//561
f 561//561 565//565 562//562
f 565//565 568//568 562//562
f 677//677 566//566 563//563
f 566//566 696//696 563//563
f 563//563 696//696 564//564
f 696//696 700//700 564//564
f 564//564 700//700 565//565
f 700//700 567//567 565//565
f 565//565 567//567 568//568
f 567//567 2313//2313 568//568
f 2313//2313 630//630 568//568
f 630//630 570//570 568//568
f 568//568 570//570 562//562
f 570//570 571//571 562//562
f 562//562 571//571 558//558
f 571//571 572//572 558//558
f 558//558 572//572 569//569
f 572//572 573//573 569//569
f 630//630 574//574 570//570
f 574//574 575//575 570//570
f 570//570 575//575 571//571
f 575//575 576//576 571//571
f 571//571 576//576 572//572
f 576//576 577//577 572//572
f 572//572 577//577 573//573
f 577//577 578//578 573//573
f 574//574 631//631 575//575
f 631//631 579//579 575//575
f 575//575 579//579 576//576
f 579//579 580//580 576//576
f 576//576 580//580 577//577
f 580//580 581//581 577//577
f 577//577 581//581 578//578
f 581//581 536//536 578//578
f 631//631 629//629 579//579
f 629//629 582//582 579//579
f 579//579 582//582 580//580
f 582//582 620//620 580//580
f 580//580 620//620 581//581
f 620//620 583//583 581//581
f 581//581 583//583 536//536
f 583//583 1148//1148 536//536
f 584//584 1023//1023 628//628
f 1023//1023 586//586 628//628
f 628//628 586//586 624//624
f 586//586 587//587 624//624
f 624//624 587//587 619//619
f 587//587 588//588 619//619
f 619//619 588//588 585//585
f 588//588 600//600 585//585
f 1023//1023 589//589 586//586
f 589//589 590//590 586//586
f 586//586 590//590 587//587
f 590//590 591//591 587//587
f 587//587 591//591 588//588
f 591//591 592//592 588//588
f 588//588 592//592 600//600
f 592//592 599//599 600//600
f 589//589 1024//1024 590//590
f 1024//1024 593//593 590//590
f 590//590 593//593 591//591
f 593//593 594//594 591//591
f 591//591 594//594 592//592
f 594//594 595//595 592//592
f 592//592 595//595 599//599
f 595//595 598//598 599//599
f 1024//1024 596//596 593//593
f 596//596 1012//1012 593//593
f 593//593 1012//1012 594//594
f 1012//1012 597//597 594//594
f 594//594 597//597 595//595
f 597//597 1020//1020 595//595
f 595//595 1020//1020 598//598
f 1020//1020 1133//1133 598//598
f 1133//1133 601//601 598//598
f 601//601 602//602 598//598
f 598//598 602//602 599//599
f 602//602 603//603 599//599
f 599//599 603//603 600//600
f 603//603 604//604 600//600
f 600//600 604//604 585//585
f 604//604 605//605 585//585
f 601//601 1132//1132 602//602
f 1132//1132 606//606 602//602
f 602//602 606//606 603//603
f 606//606 607//607 603//603
f 603//603 607//607 604//604
f 607//607 608//608 604//604
f 604//604 608//608 605//605
f 608//608 615//615 605//605
f 1132//1132 1131//1131 606//606
f 1131//1131 609//609 606//606
f 606//606 609//609 607//607
f 609//609 610//610 607//607
f 607//607 610//610 608//608
f 610//610 611//611 608//608
f 608//608 611//611 615//615
f 611//611 612//612 615//615
f 1131//1131 1130//1130 609//609
f 1130//1130 1140//1140 609//609
f 609//609 1140//1140 610//610
f 1140//1140 613//613 610//610
f 610//610 613//613 611//611
f 613//613 614//614 611//611
f 611//611 614//614 612//612
f 614//614 1148//1148 612//612
f 1148//1148 583//583 612//612
f 583//583 616//616 612//612
f 612//612 616//616 615//615
f 616//616 617//617 615//615
f 615//615 617//617 605//605
f 617//617 618//618 605//605
f 605//605 618//618 585//585
f 618//618 619//619 585//585
f 583//583 620//620 616//616
f 620//620 621//621 616//616
f 616//616 621//621 617//617
f 621//621 622//622 617//617
f 617//617 622//622 618//618
f 622//622 623//623 618//618
f 618//618 623//623 619//619
f 623//623 624//624 619//619
f 620//620 582//582 621//621
f 582//582 625//625 621//621
f 621//621 625//625 622//622
f 625//625 626//626 622//622
f 622//622 626//626 623//623
f 626//626 627//627 623//623
f 623//623 627//627 624//624
f 627//627 628//628 624//624
f 582//582 629//629 625//625
f 629//629 635//635 625//625
f 625//625 635//635 626//626
f 635//635 639//639 626//626
f 626//626 639//639 627//627
f 639//639 644//644 627//627
f 627//627 644//644 628//628
f 644//644 584//584 628//628
f 2313//2313 2314//2314 630//630
f 2314//2314 632//632 630//630
f 630//630 632//632 574//574
f 632//632 633//633 574//574
f 574//574 633//633 631//631
f 633//633 634//634 631//631
f 631//631 634//634 629//629
f 634//634 635//635 629//629
f 2314//2314 2315//2315 632//632
f 2315//2315 636//636 632//632
f 632//632 636//636 633//633
f 636//636 637//637 633//633
f 633//633 637//637 634//634
f 637//637 638//638 634//634
f 634//634 638//638 635//635
f 638//638 639//639 635//635
f 2315//2315 640//640 636//636
f 640//640 641//641 636//636
f 636//636 641//641 637//637
f 641//641 642//642 637//637
f 637//637 642//642 638//638
f 642//642 643//643 638//638
f 638//638 643//643 639//639
f 643//643 644//644 639//639
f 640//640 2329//2329 641//641
f 2329//2329 2334//2334 641//641
f 641//641 2334//2334 642//642
f 2334//2334 2339//2339 642//642
f 642//642 2339//2339 643//643
f 2339//2339 645//645 643//643
f 643//643 645//645 644//644
f 645//645 584//584 644//644
f 293//293 647//647 227//227
f 647//647 648//648 227//227
f 227//227 648//648 232//232
f 648//648 649//649 232//232
f 232//232 649//649 646//646
f 649//649 650//650 646//646
f 646//646 650//650 239//239
f 650//650 662//662 239//239
f 647//647 651//651 648//648
f 651//651 652//652 648//648
f 648//648 652//652 649//649
f 652//652 653//653 649//649
f 649//649 653//653 650//650
f 653//653 654//654 650//650
f 650//650 654//654 662//662
f 654//654 655//655 662//662
f 651//651 656//656 652//652
f 656//656 657//657 652//652
f 652//652 657//657 653//653
f 657//657 658//658 653//653
f 653//653 658//658 654//654
f 658//658 659//659 654//654
f 654//654 659//659 655//655
f 659//659 660//660 655//655
f 656//656 661//661 657//657
f 661//661 3448//3448 657//657
f 657//657 3448//3448 658//658
f 3448//3448 3444//3444 658//658
f 658//658 3444//3444 659//659
f 3444//3444 3440//3440 659//659
f 659//659 3440//3440 660//660
f 3440//3440 1567//1567 660//660
f 1567//1567 663//663 660//660
f 663//663 664//664 660//660
f 660//660 664//664 655//655
f 664//664 665//665 655//655
f 655//655 665//665 662//662
f 665//665 666//666 662//662
f 662//662 666//666 239//239
f 666//666 240//240 239//239
f 663//663 1596//1596 664//664
f 1596//1596 667//667 664//664
f 664//664 667//667 665//665
f 667//667 668//668 665//665
f 665//665 668//668 666//666
f 668//668 669//669 666//666
f 666//666 669//669 240//240
f 669//669 670//670 240//240
f 1596//1596 1595//1595 667//667
f 1595//1595 671//671 667//667
f 667//667 671//671 668//668
f 671//671 672//672 668//668
f 668//668 672//672 669//669
f 672//672 673//673 669//669
f 669//669 673//673 670//670
f 673//673 241//241 670//670
f 1595//1595 1599//1599 671//671
f 1599//1599 674//674 671//671
f 671//671 674//674 672//672
f 674//674 675//675 672//672
f 672//672 675//675 673//673
f 675//675 1612//1612 673//673
f 673//673 1612//1612 241//241
f 1612//1612 1162//1162 241//241
f 3207//3207 705//705 554//554
f 705//705 678//678 554//554
f 554//554 678//678 676//676
f 678//678 679//679 676//676
f 676//676 679//679 677//677
f 679//679 680//680 677//677
f 677//677 680//680 566//566
f 680//680 681//681 566//566
f 705//705 682//682 678//678
f 682//682 683//683 678//678
f 678//678 683//683 679//679
f 683//683 684//684 679//679
f 679//679 684//684 680//680
f 684//684 685//685 680//680
f 680//680 685//685 681//681
f 685//685 686//686 681//681
f 682//682 687//687 683//683
f 687//687 688//688 683//683
f 683//683 688//688 684//684
f 688//688 689//689 684//684
f 684//684 689//689 685//685
f 689//689 690//690 685//685
f 685//685 690//690 686//686
f 690//690 691//691 686//686
f 687//687 706//706 688//688
f 706//706 726//726 688//688
f 688//688 726//726 689//689
f 726//726 730//730 689//689
f 689//689 730//730 690//690
f 730//730 734//734 690//690
f 690//690 734//734 691//691
f 734//734 2704//2704 691//691
f 2704//2704 692//692 691//691
f 692//692 693//693 691//691
f 691//691 693//693 686//686
f 693//693 694//694 686//686
f 686//686 694//694 681//681
f 694//694 695//695 681//681
f 681//681 695//695 566//566
f 695//695 696//696 566//566
f 692//692 2247//2247 693//693
f 2247//2247 697//697 693//693
f 693//693 697//697 694//694
f 697//697 698//698 694//694
f 694//694 698//698 695//695
f 698//698 699//699 695//695
f 695//695 699//699 696//696
f 699//699 700//700 696//696
f 2247//2247 2248//2248 697//697
f 2248//2248 701//701 697//697
f 697//697 701//701 698//698
f 701//701 702//702 698//698
f 698//698 702//702 699//699
f 702//702 703//703 699//699
f 699//699 703//703 700//700
f 703//703 567//567 700//700
f 2248//2248 704//704 701//701
f 704//704 2265//2265 701//701
f 701//701 2265//2265 702//702
f 2265//2265 2269//2269 702//702
f 702//702 2269//2269 703//703
f 2269//2269 2274//2274 703//703
f 703//703 2274//2274 567//567
f 2274//2274 2313//2313 567//567
f 3207//3207 3206//3206 705//705
f 3206//3206 707//707 705//705
f 705//705 707//707 682//682
f 707//707 708//708 682//682
f 682//682 708//708 687//687
f 708//708 709//709 687//687
f 687//687 709//709 706//706
f 709//709 721//721 706//706
f 3206//3206 710//710 707//707
f 710//710 711//711 707//707
f 707//707 711//711 708//708
f 711//711 712//712 708//708
f 708//708 712//712 709//709
f 712//712 713//713 709//709
f 709//709 713//713 721//721
f 713//713 714//714 721//721
f 710//710 715//715 711//711
f 715//715 716//716 711//711
f 711//711 716//716 712//712
f 716//716 717//717 712//712
f 712//712 717//717 713//713
f 717//717 718//718 713//713
f 713//713 718//718 714//714
f 718//718 719//719 714//714
f 715//715 3205//3205 716//716
f 3205//3205 3239//3239 716//716
f 716//716 3239//3239 717//717
f 3239//3239 3234//3234 717//717
f 717//717 3234//3234 718//718
f 3234//3234 720//720 718//718
f 718//718 720//720 719//719
f 720//720 3258//3258 719//719
f 3258//3258 722//722 719//719
f 722//722 723//723 719//719
f 719//719 723//723 714//714
f 723//723 724//724 714//714
f 714//714 724//724 721//721
f 724//724 725//725 721//721
f 721//721 725//725 706//706
f 725//725 726//726 706//706
f 722//722 3505//3505 723//723
f 3505//3505 727//727 723//723
f 723//723 727//727 724//724
f 727//727 728//728 724//724
f 724//724 728//728 725//725
f 728//728 729//729 725//725
f 725//725 729//729 726//726
f 729//729 730//730 726//726
f 3505//3505 3504//3504 727//727
f 3504//3504 731//731 727//727
f 727//727 731//731 728//728
f 731//731 732//732 728//728
f 728//728 732//732 729//729
f 732//732 733//733 729//729
f 729//729 733//733 730//730
f 733//733 734//734 730//730
f 3504//3504 3503//3503 731//731
f 3503//3503 2717//2717 731//731
f 731//731 2717//2717 732//732
f 2717//2717 2713//2713 732//732
f 732//732 2713//2713 733//733
f 2713//2713 2709//2709 733//733
f 733//733 2709//2709 734//734
f 2709//2709 2704//2704 734//734
f 129//129 128//128 163//163
f 128//128 738//738 163//163
f 163//163 738//738 735//735
f 738//738 739//739 735//735
f 735//735 739//739 736//736
f 739//739 740//740 736//736
f 736//736 740//740 737//737
f 740//740 751//751 737//737
f 128//128 127//127 738//738
f 127//127 741//741 738//738
f 738//738 741//741 739//739
f 741//741 742//742 739//739
f 739//739 742//742 740//740
f 742//742 743//743 740//740
f 740//740 743//743 751//751
f 743//743 744//744 751//751
f 127//127 126//126 741//741
f 126//126 745//745 741//741
f 741//741 745//745 742//742
f 745//745 746//746 742//742
f 742//742 746//746 743//743
f 746//746 747//747 743//743
f 743//743 747//747 744//744
f 747//747 748//748 744//744
f 126//126 749//749 745//745
f 749//749 750//750 745//745
f 745//745 750//750 746//746
f 750//750 3515//3515 746//746
f 746//746 3515//3515 747//747
f 3515//3515 3519//3519 747//747
f 747//747 3519//3519 748//748
f 3519//3519 294//294 748//748
f 294//294 752//752 748//748
f 752//752 753//753 748//748
f 748//748 753//753 744//744
f 753//753 754//754 744//744
f 744//744 754//754 751//751
f 754//754 755//755 751//751
f 751//751 755//755 737//737
f 755//755 174//174 737//737
f 752//752 324//324 753//753
f 324//324 756//756 753//753
f 753//753 756//756 754//754
f 756//756 757//757 754//754
f 754//754 757//757 755//755
f 757//757 758//758 755//755
f 755//755 758//758 174//174
f 758//758 175//175 174//174
f 324//324 323//323 756//756
f 323//323 759//759 756//756
f 756//756 759//759 757//757
f 759//759 760//760 757//757
f 757//757 760//760 758//758
f 760//760 761//761 758//758
f 758//758 761//761 175//175
f 761//761 176//176 175//175
f 323//323 809//809 759//759
f 809//809 762//762 759//759
f 759//759 762//762 760//760
f 762//762 817//817 760//760
f 760//760 817//817 761//761
f 817//817 822//822 761//761
f 761//761 822//822 176//176
f 822//822 2379//2379 176//176
f 1402//1402 1403//1403 763//763
f 1403//1403 764//764 763//763
f 763//763 764//764 800//800
f 764//764 765//765 800//800
f 800//800 765//765 796//796
f 765//765 766//766 796//796
f 796//796 766//766 792//792
f 766//766 767//767 792//792
f 1403//1403 1404//1404 764//764
f 1404//1404 768//768 764//764
f 764//764 768//768 765//765
f 768//768 769//769 765//765
f 765//765 769//769 766//766
f 769//769 770//770 766//766
f 766//766 770//770 767//767
f 770//770 771//771 767//767
f 1404//1404 1405//1405 768//768
f 1405//1405 772//772 768//768
f 768//768 772//772 769//769
f 772//772 773//773 769//769
f 769//769 773//773 770//770
f 773//773 774//774 770//770
f 770//770 774//774 771//771
f 774//774 777//777 771//771
f 1405//1405 1406//1406 772//772
f 1406//1406 775//775 772//772
f 772//772 775//775 773//773
f 775//775 1428//1428 773//773
f 773//773 1428//1428 774//774
f 1428//1428 776//776 774//774
f 774//774 776//776 777//777
f 776//776 1434//1434 777//777
f 1434//1434 915//915 777//777
f 915//915 778//778 777//777
f 777//777 778//778 771//771
f 778//778 779//779 771//771
f 771//771 779//779 767//767
f 779//779 780//780 767//767
f 767//767 780//780 792//792
f 780//780 791//791 792//792
f 915//915 916//916 778//778
f 916//916 781//781 778//778
f 778//778 781//781 779//779
f 781//781 782//782 779//779
f 779//779 782//782 780//780
f 782//782 783//783 780//780
f 780//780 783//783 791//791
f 783//783 784//784 791//791
f 916//916 917//917 781//781
f 917//917 785//785 781//781
f 781//781 785//785 782//782
f 785//785 786//786 782//782
f 782//782 786//786 783//783
f 786//786 787//787 783//783
f 783//783 787//787 784//784
f 787//787 790//790 784//784
f 917//917 918//918 785//785
f 918//918 788//788 785//785
f 785//785 788//788 786//786
f 788//788 940//940 786//786
f 786//786 940//940 787//787
f 940//940 789//789 787//787
f 787//787 789//789 790//790
f 789//789 3070//3070 790//790
f 3070//3070 856//856 790//790
f 856//856 793//793 790//790
f 790//790 793//793 784//784
f 793//793 794//794 784//784
f 784//784 794//794 791//791
f 794//794 795//795 791//791
f 791//791 795//795 792//792
f 795//795 796//796 792//792
f 856//856 855//855 793//793
f 855//855 797//797 793//793
f 793//793 797//797 794//794
f 797//797 798//798 794//794
f 794//794 798//798 795//795
f 798//798 799//799 795//795
f 795//795 799//799 796//796
f 799//799 800//800 796//796
f 855//855 854//854 797//797
f 854//854 801//801 797//797
f 797//797 801//801 798//798
f 801//801 802//802 798//798
f 798//798 802//802 799//799
f 802//802 803//803 799//799
f 799//799 803//803 800//800
f 803//803 763//763 800//800
f 854//854 804//804 801//801
f 804//804 1376//1376 801//801
f 801//801 1376//1376 802//802
f 1376//1376 805//805 802//802
f 802//802 805//805 803//803
f 805//805 806//806 803//803
f 803//803 806//806 763//763
f 806//806 1402//1402 763//763
f 807//807 3539//3539 311//311
f 3539//3539 810//810 311//311
f 311//311 810//810 315//315
f 810//810 811//811 315//315
f 315//315 811//811 808//808
f 811//811 812//812 808//808
f 808//808 812//812 809//809
f 812//812 762//762 809//809
f 3539//3539 813//813 810//810
f 813//813 814//814 810//810
f 810//810 814//814 811//811
f 814//814 815//815 811//811
f 811//811 815//815 812//812
f 815//815 816//816 812//812
f 812//812 816//816 762//762
f 816//816 817//817 762//762
f 813//813 818//818 814//814
f 818//818 819//819 814//814
f 814//814 819//819 815//815
f 819//819 820//820 815//815
f 815//815 820//820 816//816
f 820//820 821//821 816//816
f 816//816 821//821 817//817
f 821//821 822//822 817//817
f 818//818 823//823 819//819
f 823//823 3527//3527 819//819
f 819//819 3527//3527 820//820
f 3527//3527 3531//3531 820//820
f 820//820 3531//3531 821//821
f 3531//3531 3535//3535 821//821
f 821//821 3535//3535 822//822
f 3535//3535 2379//2379 822//822
f 1837//1837 857//857 474//474
f 857//857 826//826 474//474
f 474//474 826//826 824//824
f 826//826 827//827 824//824
f 824//824 827//827 825//825
f 827//827 828//828 825//825
f 825//825 828//828 485//485
f 828//828 407//407 485//485
f 857//857 858//858 826//826
f 858//858 829//829 826//826
f 826//826 829//829 827//827
f 829//829 830//830 827//827
f 827//827 830//830 828//828
f 830//830 831//831 828//828
f 828//828 831//831 407//407
f 831//831 832//832 407//407
f 858//858 833//833 829//829
f 833//833 834//834 829//829
f 829//829 834//834 830//830
f 834//834 835//835 830//830
f 830//830 835//835 831//831
f 835//835 836//836 831//831
f 831//831 836//836 832//832
f 836//836 837//837 832//832
f 833//833 838//838 834//834
f 838//838 839//839 834//834
f 834//834 839//839 835//835
f 839//839 849//849 835//835
f 835//835 849//849 836//836
f 849//849 853//853 836//836
f 836//836 853//853 837//837
f 853//853 3070//3070 837//837
f 1336//1336 1370//1370 840//840
f 1370//1370 842//842 840//840
f 840//840 842//842 866//866
f 842//842 843//843 866//866
f 866//866 843//843 841//841
f 843//843 844//844 841//841
f 841//841 844//844 838//838
f 844//844 839//839 838//838
f 1370//1370 845//845 842//842
f 845//845 846//846 842//842
f 842//842 846//846 843//843
f 846//846 847//847 843//843
f 843//843 847//847 844//844
f 847//847 848//848 844//844
f 844//844 848//848 839//839
f 848//848 849//849 839//839
f 845//845 1371//1371 846//846
f 1371//1371 850//850 846//846
f 846//846 850//850 847//847
f 850//850 851//851 847//847
f 847//847 851//851 848//848
f 851//851 852//852 848//848
f 848//848 852//852 849//849
f 852//852 853//853 849//849
f 1371//1371 804//804 850//850
f 804//804 854//854 850//850
f 850//850 854//854 851//851
f 854//854 855//855 851//851
f 851//851 855//855 852//852
f 855//855 856//856 852//852
f 852//852 856//856 853//853
f 856//856 3070//3070 853//853
f 1837//1837 859//859 857//857
f 859//859 860//860 857//857
f 857//857 860//860 858//858
f 860//860 861//861 858//858
f 858//858 861//861 833//833
f 861//861 862//862 833//833
f 833//833 862//862 838//838
f 862//862 841//841 838//838
f 859//859 1287//1287 860//860
f 1287//1287 863//863 860//860
f 860//860 863//863 861//861
f 863//863 864//864 861//861
f 861//861 864//864 862//862
f 864//864 865//865 862//862
f 862//862 865//865 841//841
f 865//865 866//866 841//841
f 1287//1287 1288//1288 863//863
f 1288//1288 867//867 863//863
f 863//863 867//867 864//864
f 867//867 868//868 864//864
f 864//864 868//868 865//865
f 868//868 869//869 865//865
f 865//865 869//869 866//866
f 869//869 840//840 866//866
f 1288//1288 1289//1289 867//867
f 1289//1289 870//870 867//867
f 867//867 870//870 868//868
f 870//870 1314//1314 868//868
f 868//868 1314//1314 869//869
f 1314//1314 1319//1319 869//869
f 869//869 1319//1319 840//840
f 1319//1319 1336//1336 840//840
f 454//454 453//453 871//871
f 453//453 873//873 871//871
f 871//871 873//873 910//910
f 873//873 874//874 910//910
f 910//910 874//874 872//872
f 874//874 875//875 872//872
f 872//872 875//875 902//902
f 875//875 876//876 902//902
f 453//453 452//452 873//873
f 452//452 877//877 873//873
f 873//873 877//877 874//874
f 877//877 878//878 874//874
f 874//874 878//878 875//875
f 878//878 879//879 875//875
f 875//875 879//879 876//876
f 879//879 880//880 876//876
f 452//452 451//451 877//877
f 451//451 881//881 877//877
f 877//877 881//881 878//878
f 881//881 882//882 878//878
f 878//878 882//882 879//879
f 882//882 883//883 879//879
f 879//879 883//883 880//880
f 883//883 886//886 880//880
f 451//451 994//994 881//881
f 994//994 884//884 881//881
f 881//881 884//884 882//882
f 884//884 1002//1002 882//882
f 882//882 1002//1002 883//883
f 1002//1002 885//885 883//883
f 883//883 885//885 886//886
f 885//885 1705//1705 886//886
f 1705//1705 1704//1704 886//886
f 1704//1704 887//887 886//886
f 886//886 887//887 880//880
f 887//887 888//888 880//880
f 880//880 888//888 876//876
f 888//888 889//889 876//876
f 876//876 889//889 902//902
f 889//889 901//901 902//902
f 1704//1704 890//890 887//887
f 890//890 891//891 887//887
f 887//887 891//891 888//888
f 891//891 892//892 888//888
f 888//888 892//892 889//889
f 892//892 893//893 889//889
f 889//889 893//893 901//901
f 893//893 894//894 901//901
f 890//890 895//895 891//891
f 895//895 896//896 891//891
f 891//891 896//896 892//892
f 896//896 897//897 892//892
f 892//892 897//897 893//893
f 897//897 898//898 893//893
f 893//893 898//898 894//894
f 898//898 900//900 894//894
f 895//895 1703//1703 896//896
f 1703//1703 1725//1725 896//896
f 896//896 1725//1725 897//897
f 1725//1725 1729//1729 897//897
f 897//897 1729//1729 898//898
f 1729//1729 899//899 898//898
f 898//898 899//899 900//900
f 899//899 1273//1273 900//900
f 1273//1273 903//903 900//900
f 903//903 904//904 900//900
f 900//900 904//904 894//894
f 904//904 905//905 894//894
f 894//894 905//905 901//901
f 905//905 906//906 901//901
f 901//901 906//906 902//902
f 906//906 872//872 902//902
f 903//903 2847//2847 904//904
f 2847//2847 907//907 904//904
f 904//904 907//907 905//905
f 907//907 908//908 905//905
f 905//905 908//908 906//906
f 908//908 909//909 906//906
f 906//906 909//909 872//872
f 909//909 910//910 872//872
f 2847//2847 2848//2848 907//907
f 2848//2848 911//911 907//907
f 907//907 911//911 908//908
f 911//911 912//912 908//908
f 908//908 912//912 909//909
f 912//912 913//913 909//909
f 909//909 913//913 910//910
f 913//913 871//871 910//910
f 2848//2848 2849//2849 911//911
f 2849//2849 2868//2868 911//911
f 911//911 2868//2868 912//912
f 2868//2868 2873//2873 912//912
f 912//912 2873//2873 913//913
f 2873//2873 914//914 913//913
f 913//913 914//914 871//871
f 914//914 454//454 871//871
f 1434//1434 1223//1223 915//915
f 1223//1223 919//919 915//915
f 915//915 919//919 916//916
f 919//919 920//920 916//916
f 916//916 920//920 917//917
f 920//920 921//921 917//917
f 917//917 921//921 918//918
f 921//921 922//922 918//918
f 1223//1223 1224//1224 919//919
f 1224//1224 923//923 919//919
f 919//919 923//923 920//920
f 923//923 924//924 920//920
f 920//920 924//924 921//921
f 924//924 925//925 921//921
f 921//921 925//925 922//922
f 925//925 926//926 922//922
f 1224//1224 927//927 923//923
f 927//927 928//928 923//923
f 923//923 928//928 924//924
f 928//928 929//929 924//924
f 924//924 929//929 925//925
f 929//929 930//930 925//925
f 925//925 930//930 926//926
f 930//930 933//933 926//926
f 927//927 1210//1210 928//928
f 1210//1210 1215//1215 928//928
f 928//928 1215//1215 929//929
f 1215//1215 931//931 929//929
f 929//929 931//931 930//930
f 931//931 932//932 930//930
f 930//930 932//932 933//933
f 932//932 2312//2312 933//933
f 2312//2312 2519//2519 933//933
f 2519//2519 934//934 933//933
f 933//933 934//934 926//926
f 934//934 935//935 926//926
f 926//926 935//935 922//922
f 935//935 936//936 922//922
f 922//922 936//936 918//918
f 936//936 788//788 918//918
f 2519//2519 2520//2520 934//934
f 2520//2520 937//937 934//934
f 934//934 937//937 935//935
f 937//937 938//938 935//935
f 935//935 938//938 936//936
f 938//938 939//939 936//936
f 936//936 939//939 788//788
f 939//939 940//940 788//788
f 2520//2520 2521//2521 937//937
f 2521//2521 941//941 937//937
f 937//937 941//941 938//938
f 941//941 942//942 938//938
f 938//938 942//942 939//939
f 942//942 943//943 939//939
f 939//939 943//943 940//940
f 943//943 789//789 940//940
f 2521//2521 2427//2427 941//941
f 2427//2427 944//944 941//941
f 941//941 944//944 942//942
f 944//944 945//945 942//942
f 942//942 945//945 943//943
f 945//945 2417//2417 943//943
f 943//943 2417//2417 789//789
f 2417//2417 3070//3070 789//789
f 992//992 1450//1450 990//990
f 1450//1450 948//948 990//990
f 990//990 948//948 946//946
f 948//948 949//949 946//946
f 946//946 949//949 947//947
f 949//949 950//950 947//947
f 947//947 950//950 978//978
f 950//950 951//951 978//978
f 1450//1450 952//952 948//948
f 952//952 953//953 948//948
f 948//948 953//953 949//949
f 953//953 954//954 949//949
f 949//949 954//954 950//950
f 954//954 955//955 950//950
f 950//950 955//955 951//951
f 955//955 961//961 951//951
f 952//952 1451//1451 953//953
f 1451//1451 956//956 953//953
f 953//953 956//956 954//954
f 956//956 957//957 954//954
f 954//954 957//957 955//955
f 957//957 958//958 955//955
f 955//955 958//958 961//961
f 958//958 960//960 961//961
f 1451//1451 1452//1452 956//956
f 1452//1452 531//531 956//956
f 956//956 531//531 957//957
f 531//531 527//527 957//957
f 957//957 527//527 958//958
f 527//527 523//523 958//958
f 958//958 523//523 960//960
f 523//523 959//959 960//960
f 959//959 3552//3552 960//960
f 3552//3552 962//962 960//960
f 960//960 962//962 961//961
f 962//962 963//963 961//961
f 961//961 963//963 951//951
f 963//963 964//964 951//951
f 951//951 964//964 978//978
f 964//964 977//977 978//978
f 3552//3552 3553//3553 962//962
f 3553//3553 965//965 962//962
f 962//962 965//965 963//963
f 965//965 966//966 963//963
f 963//963 966//966 964//964
f 966//966 967//967 964//964
f 964//964 967//967 977//977
f 967//967 976//976 977//977
f 3553//3553 3554//3554 965//965
f 3554//3554 968//968 965//965
f 965//965 968//968 966//966
f 968//968 969//969 966//966
f 966//966 969//969 967//967
f 969//969 970//970 967//967
f 967//967 970//970 976//976
f 970//970 971//971 976//976
f 3554//3554 972//972 968//968
f 972//972 973//973 968//968
f 968//968 973//973 969//969
f 973//973 974//974 969//969
f 969//969 974//974 970//970
f 974//974 975//975 970//970
f 970//970 975//975 971//971
f 975//975 3522//3522 971//971
f 3522//3522 1118//1118 971//971
f 1118//1118 979//979 971//971
f 971//971 979//979 976//976
f 979//979 980//980 976//976
f 976//976 980//980 977//977
f 980//980 981//981 977//977
f 977//977 981//981 978//978
f 981//981 947//947 978//978
f 1118//1118 982//982 979//979
f 982//982 983//983 979//979
f 979//979 983//983 980//980
f 983//983 984//984 980//980
f 980//980 984//984 981//981
f 984//984 985//985 981//981
f 981//981 985//985 947//947
f 985//985 946//946 947//947
f 982//982 986//986 983//983
f 986//986 987//987 983//983
f 983//983 987//987 984//984
f 987//987 988//988 984//984
f 984//984 988//988 985//985
f 988//988 989//989 985//985
f 985//985 989//989 946//946
f 989//989 990//990 946//946
f 986//986 1021//1021 987//987
f 1021//1021 1016//1016 987//987
f 987//987 1016//1016 988//988
f 1016//1016 991//991 988//988
f 988//988 991//991 989//989
f 991//991 1008//1008 989//989
f 989//989 1008//1008 990//990
f 1008//1008 992//992 990//990
f 1304//1304 995//995 439//439
f 995//995 996//996 439//439
f 439//439 996//996 444//444
f 996//996 997//997 444//444
f 444//444 997//997 993//993
f 997//997 998//998 993//993
f 993//993 998//998 994//994
f 998//998 884//884 994//994
f 995//995 1303//1303 996//996
f 1303//1303 999//999 996//996
f 996//996 999//999 997//997
f 999//999 1000//1000 997//997
f 997//997 1000//1000 998//998
f 1000//1000 1001//1001 998//998
f 998//998 1001//1001 884//884
f 1001//1001 1002//1002 884//884
f 1303//1303 1302//1302 999//999
f 1302//1302 1003//1003 999//999
f 999//999 1003//1003 1000//1000
f 1003//1003 1004//1004 1000//1000
f 1000//1000 1004//1004 1001//1001
f 1004//1004 1005//1005 1001//1001
f 1001//1001 1005//1005 1002//1002
f 1005//1005 885//885 1002//1002
f 1302//1302 1836//1836 1003//1003
f 1836//1836 1832//1832 1003//1003
f 1003//1003 1832//1832 1004//1004
f 1832//1832 1828//1828 1004//1004
f 1004//1004 1828//1828 1005//1005
f 1828//1828 1824//1824 1005//1005
f 1005//1005 1824//1824 885//885
f 1824//1824 1705//1705 885//885
f 992//992 1008//1008 1035//1035
f 1008//1008 1009//1009 1035//1035
f 1035//1035 1009//1009 1006//1006
f 1009//1009 1010//1010 1006//1006
f 1006//1006 1010//1010 1007//1007
f 1010//1010 1011//1011 1007//1007
f 1007//1007 1011//1011 596//596
f 1011//1011 1012//1012 596//596
f 1008//1008 991//991 1009//1009
f 991//991 1013//1013 1009//1009
f 1009//1009 1013//1013 1010//1010
f 1013//1013 1014//1014 1010//1010
f 1010//1010 1014//1014 1011//1011
f 1014//1014 1015//1015 1011//1011
f 1011//1011 1015//1015 1012//1012
f 1015//1015 597//597 1012//1012
f 991//991 1016//1016 1013//1013
f 1016//1016 1017//1017 1013//1013
f 1013//1013 1017//1017 1014//1014
f 1017//1017 1018//1018 1014//1014
f 1014//1014 1018//1018 1015//1015
f 1018//1018 1019//1019 1015//1015
f 1015//1015 1019//1019 597//597
f 1019//1019 1020//1020 597//597
f 1016//1016 1021//1021 1017//1017
f 1021//1021 1122//1122 1017//1017
f 1017//1017 1122//1122 1018//1018
f 1122//1122 1126//1126 1018//1018
f 1018//1018 1126//1126 1019//1019
f 1126//1126 1022//1022 1019//1019
f 1019//1019 1022//1022 1020//1020
f 1022//1022 1133//1133 1020//1020
f 584//584 1582//1582 1023//1023
f 1582//1582 1025//1025 1023//1023
f 1023//1023 1025//1025 589//589
f 1025//1025 1026//1026 589//589
f 589//589 1026//1026 1024//1024
f 1026//1026 1027//1027 1024//1024
f 1024//1024 1027//1027 596//596
f 1027//1027 1007//1007 596//596
f 1582//1582 1583//1583 1025//1025
f 1583//1583 1028//1028 1025//1025
f 1025//1025 1028//1028 1026//1026
f 1028//1028 1029//1029 1026//1026
f 1026//1026 1029//1029 1027//1027
f 1029//1029 1030//1030 1027//1027
f 1027//1027 1030//1030 1007//1007
f 1030//1030 1006//1006 1007//1007
f 1583//1583 1031//1031 1028//1028
f 1031//1031 1032//1032 1028//1028
f 1028//1028 1032//1032 1029//1029
f 1032//1032 1033//1033 1029//1029
f 1029//1029 1033//1033 1030//1030
f 1033//1033 1034//1034 1030//1030
f 1030//1030 1034//1034 1006//1006
f 1034//1034 1035//1035 1006//1006
f 1031//1031 1036//1036 1032//1032
f 1036//1036 1573//1573 1032//1032
f 1032//1032 1573//1573 1033//1033
f 1573//1573 1037//1037 1033//1033
f 1033//1033 1037//1037 1034//1034
f 1037//1037 1038//1038 1034//1034
f 1034//1034 1038//1038 1035//1035
f 1038//1038 992//992 1035//1035
f 1085//1085 1102//1102 1084//1084
f 1102//1102 1039//1039 1084//1084
f 1084//1084 1039//1039 1079//1079
f 1039//1039 1040//1040 1079//1079
f 1079//1079 1040//1040 1074//1074
f 1040//1040 1041//1041 1074//1074
f 1074//1074 1041//1041 1070//1070
f 1041//1041 1052//1052 1070//1070
f 1102//1102 1103//1103 1039//1039
f 1103//1103 1042//1042 1039//1039
f 1039//1039 1042//1042 1040//1040
f 1042//1042 1043//1043 1040//1040
f 1040//1040 1043//1043 1041//1041
f 1043//1043 1044//1044 1041//1041
f 1041//1041 1044//1044 1052//1052
f 1044//1044 1051//1051 1052//1052
f 1103//1103 1104//1104 1042//1042
f 1104//1104 1045//1045 1042//1042
f 1042//1042 1045//1045 1043//1043
f 1045//1045 1046//1046 1043//1043
f 1043//1043 1046//1046 1044//1044
f 1046//1046 1047//1047 1044//1044
f 1044//1044 1047//1047 1051//1051
f 1047//1047 1048//1048 1051//1051
f 1104//1104 1049//1049 1045//1045
f 1049//1049 1092//1092 1045//1045
f 1045//1045 1092//1092 1046//1046
f 1092//1092 1050//1050 1046//1046
f 1046//1046 1050//1050 1047//1047
f 1050//1050 1100//1100 1047//1047
f 1047//1047 1100//1100 1048//1048
f 1100//1100 2586//2586 1048//1048
f 2586//2586 1053//1053 1048//1048
f 1053//1053 1054//1054 1048//1048
f 1048//1048 1054//1054 1051//1051
f 1054//1054 1055//1055 1051//1051
f 1051//1051 1055//1055 1052//1052
f 1055//1055 1056//1056 1052//1052
f 1052//1052 1056//1056 1070//1070
f 1056//1056 1057//1057 1070//1070
f 1053//1053 1058//1058 1054//1054
f 1058//1058 1059//1059 1054//1054
f 1054//1054 1059//1059 1055//1055
f 1059//1059 1060//1060 1055//1055
f 1055//1055 1060//1060 1056//1056
f 1060//1060 1061//1061 1056//1056
f 1056//1056 1061//1061 1057//1057
f 1061//1061 1062//1062 1057//1057
f 1058//1058 1163//1163 1059//1059
f 1163//1163 1063//1063 1059//1059
f 1059//1059 1063//1063 1060//1060
f 1063//1063 1064//1064 1060//1060
f 1060//1060 1064//1064 1061//1061
f 1064//1064 1065//1065 1061//1061
f 1061//1061 1065//1065 1062//1062
f 1065//1065 1066//1066 1062//1062
f 1163//1163 1067//1067 1063//1063
f 1067//1067 1068//1068 1063//1063
f 1063//1063 1068//1068 1064//1064
f 1068//1068 1069//1069 1064//1064
f 1064//1064 1069//1069 1065//1065
f 1069//1069 1160//1160 1065//1065
f 1065//1065 1160//1160 1066//1066
f 1160//1160 1162//1162 1066//1066
f 1162//1162 1613//1613 1066//1066
f 1613//1613 1071//1071 1066//1066
f 1066//1066 1071//1071 1062//1062
f 1071//1071 1072//1072 1062//1062
f 1062//1062 1072//1072 1057//1057
f 1072//1072 1073//1073 1057//1057
f 1057//1057 1073//1073 1070//1070
f 1073//1073 1074//1074 1070//1070
f 1613//1613 1075//1075 1071//1071
f 1075//1075 1076//1076 1071//1071
f 1071//1071 1076//1076 1072//1072
f 1076//1076 1077//1077 1072//1072
f 1072//1072 1077//1077 1073//1073
f 1077//1077 1078//1078 1073//1073
f 1073//1073 1078//1078 1074//1074
f 1078//1078 1079//1079 1074//1074
f 1075//1075 1080//1080 1076//1076
f 1080//1080 1081//1081 1076//1076
f 1076//1076 1081//1081 1077//1077
f 1081//1081 1082//1082 1077//1077
f 1077//1077 1082//1082 1078//1078
f 1082//1082 1083//1083 1078//1078
f 1078//1078 1083//1083 1079//1079
f 1083//1083 1084//1084 1079//1079
f 1080//1080 2344//2344 1081//1081
f 2344//2344 2340//2340 1081//1081
f 1081//1081 2340//2340 1082//1082
f 2340//2340 2335//2335 1082//1082
f 1082//1082 2335//2335 1083//1083
f 2335//2335 2330//2330 1083//1083
f 1083//1083 2330//2330 1084//1084
f 2330//2330 1085//1085 1084//1084
f 1117//1117 1468//1468 1086//1086
f 1468//1468 1089//1089 1086//1086
f 1086//1086 1089//1089 1087//1087
f 1089//1089 1090//1090 1087//1087
f 1087//1087 1090//1090 1088//1088
f 1090//1090 1091//1091 1088//1088
f 1088//1088 1091//1091 1049//1049
f 1091//1091 1092//1092 1049//1049
f 1468//1468 1093//1093 1089//1089
f 1093//1093 1094//1094 1089//1089
f 1089//1089 1094//1094 1090//1090
f 1094//1094 1095//1095 1090//1090
f 1090//1090 1095//1095 1091//1091
f 1095//1095 1096//1096 1091//1091
f 1091//1091 1096//1096 1092//1092
f 1096//1096 1050//1050 1092//1092
f 1093//1093 1469//1469 1094//1094
f 1469//1469 1097//1097 1094//1094
f 1094//1094 1097//1097 1095//1095
f 1097//1097 1098//1098 1095//1095
f 1095//1095 1098//1098 1096//1096
f 1098//1098 1099//1099 1096//1096
f 1096//1096 1099//1099 1050//1050
f 1099//1099 1100//1100 1050//1050
f 1469//1469 1485//1485 1097//1097
f 1485//1485 1489//1489 1097//1097
f 1097//1097 1489//1489 1098//1098
f 1489//1489 1101//1101 1098//1098
f 1098//1098 1101//1101 1099//1099
f 1101//1101 1498//1498 1099//1099
f 1099//1099 1498//1498 1100//1100
f 1498//1498 2586//2586 1100//1100
f 1085//1085 1887//1887 1102//1102
f 1887//1887 1105//1105 1102//1102
f 1102//1102 1105//1105 1103//1103
f 1105//1105 1106//1106 1103//1103
f 1103//1103 1106//1106 1104//1104
f 1106//1106 1107//1107 1104//1104
f 1104//1104 1107//1107 1049//1049
f 1107//1107 1088//1088 1049//1049
f 1887//1887 1108//1108 1105//1105
f 1108//1108 1109//1109 1105//1105
f 1105//1105 1109//1109 1106//1106
f 1109//1109 1110//1110 1106//1106
f 1106//1106 1110//1110 1107//1107
f 1110//1110 1111//1111 1107//1107
f 1107//1107 1111//1111 1088//1088
f 1111//1111 1087//1087 1088//1088
f 1108//1108 1112//1112 1109//1109
f 1112//1112 1113//1113 1109//1109
f 1109//1109 1113//1113 1110//1110
f 1113//1113 1114//1114 1110//1110
f 1110//1110 1114//1114 1111//1111
f 1114//1114 1115//1115 1111//1111
f 1111//1111 1115//1115 1087//1087
f 1115//1115 1086//1086 1087//1087
f 1112//1112 1787//1787 1113//1113
f 1787//1787 1783//1783 1113//1113
f 1113//1113 1783//1783 1114//1114
f 1783//1783 1116//1116 1114//1114
f 1114//1114 1116//1116 1115//1115
f 1116//1116 1774//1774 1115//1115
f 1115//1115 1774//1774 1086//1086
f 1774//1774 1117//1117 1086//1086
f 3522//3522 1134//1134 1118//1118
f 1134//1134 1119//1119 1118//1118
f 1118//1118 1119//1119 982//982
f 1119//1119 1120//1120 982//982
f 982//982 1120//1120 986//986
f 1120//1120 1121//1121 986//986
f 986//986 1121//1121 1021//1021
f 1121//1121 1122//1122 1021//1021
f 1134//1134 1135//1135 1119//1119
f 1135//1135 1123//1123 1119//1119
f 1119//1119 1123//1123 1120//1120
f 1123//1123 1124//1124 1120//1120
f 1120//1120 1124//1124 1121//1121
f 1124//1124 1125//1125 1121//1121
f 1121//1121 1125//1125 1122//1122
f 1125//1125 1126//1126 1122//1122
f 1135//1135 1136//1136 1123//1123
f 1136//1136 1127//1127 1123//1123
f 1123//1123 1127//1127 1124//1124
f 1127//1127 1128//1128 1124//1124
f 1124//1124 1128//1128 1125//1125
f 1128//1128 1129//1129 1125//1125
f 1125//1125 1129//1129 1126//1126
f 1129//1129 1022//1022 1126//1126
f 1136//1136 1130//1130 1127//1127
f 1130//1130 1131//1131 1127//1127
f 1127//1127 1131//1131 1128//1128
f 1131//1131 1132//1132 1128//1128
f 1128//1128 1132//1132 1129//1129
f 1132//1132 601//601 1129//1129
f 1129//1129 601//601 1022//1022
f 601//601 1133//1133 1022//1022
f 3522//3522 3472//3472 1134//1134
f 3472//3472 1137//1137 1134//1134
f 1134//1134 1137//1137 1135//1135
f 1137//1137 1138//1138 1135//1135
f 1135//1135 1138//1138 1136//1136
f 1138//1138 1139//1139 1136//1136
f 1136//1136 1139//1139 1130//1130
f 1139//1139 1140//1140 1130//1130
f 3472//3472 1141//1141 1137//1137
f 1141//1141 1142//1142 1137//1137
f 1137//1137 1142//1142 1138//1138
f 1142//1142 1143//1143 1138//1138
f 1138//1138 1143//1143 1139//1139
f 1143//1143 1144//1144 1139//1139
f 1139//1139 1144//1144 1140//1140
f 1144//1144 613//613 1140//1140
f 1141//1141 3473//3473 1142//1142
f 3473//3473 1145//1145 1142//1142
f 1142//1142 1145//1145 1143//1143
f 1145//1145 1146//1146 1143//1143
f 1143//1143 1146//1146 1144//1144
f 1146//1146 1147//1147 1144//1144
f 1144//1144 1147//1147 613//613
f 1147//1147 614//614 613//613
f 3473//3473 3224//3224 1145//1145
f 3224//3224 3219//3219 1145//1145
f 1145//1145 3219//3219 1146//1146
f 3219//3219 3215//3215 1146//1146
f 1146//1146 3215//3215 1147//1147
f 3215//3215 3210//3210 1147//1147
f 1147//1147 3210//3210 614//614
f 3210//3210 1148//1148 614//614
f 1923//1923 1924//1924 1175//1175
f 1924//1924 1150//1150 1175//1175
f 1175//1175 1150//1150 1149//1149
f 1150//1150 1151//1151 1149//1149
f 1149//1149 1151//1151 1168//1168
f 1151//1151 1152//1152 1168//1168
f 1168//1168 1152//1152 1067//1067
f 1152//1152 1068//1068 1067//1067
f 1924//1924 1153//1153 1150//1150
f 1153//1153 1154//1154 1150//1150
f 1150//1150 1154//1154 1151//1151
f 1154//1154 1155//1155 1151//1151
f 1151//1151 1155//1155 1152//1152
f 1155//1155 1156//1156 1152//1152
f 1152//1152 1156//1156 1068//1068
f 1156//1156 1069//1069 1068//1068
f 1153//1153 1925//1925 1154//1154
f 1925//1925 1157//1157 1154//1154
f 1154//1154 1157//1157 1155//1155
f 1157//1157 1158//1158 1155//1155
f 1155//1155 1158//1158 1156//1156
f 1158//1158 1159//1159 1156//1156
f 1156//1156 1159//1159 1069//1069
f 1159//1159 1160//1160 1069//1069
f 1925//1925 1161//1161 1157//1157
f 1161//1161 254//254 1157//1157
f 1157//1157 254//254 1158//1158
f 254//254 249//249 1158//1158
f 1158//1158 249//249 1159//1159
f 249//249 244//244 1159//1159
f 1159//1159 244//244 1160//1160
f 244//244 1162//1162 1160//1160
f 2586//2586 1164//1164 1053//1053
f 1164//1164 1165//1165 1053//1053
f 1053//1053 1165//1165 1058//1058
f 1165//1165 1166//1166 1058//1058
f 1058//1058 1166//1166 1163//1163
f 1166//1166 1167//1167 1163//1163
f 1163//1163 1167//1167 1067//1067
f 1167//1167 1168//1168 1067//1067
f 1164//1164 3407//3407 1165//1165
f 3407//3407 1169//1169 1165//1165
f 1165//1165 1169//1169 1166//1166
f 1169//1169 1170//1170 1166//1166
f 1166//1166 1170//1170 1167//1167
f 1170//1170 1171//1171 1167//1167
f 1167//1167 1171//1171 1168//1168
f 1171//1171 1149//1149 1168//1168
f 3407//3407 3406//3406 1169//1169
f 3406//3406 1172//1172 1169//1169
f 1169//1169 1172//1172 1170//1170
f 1172//1172 1173//1173 1170//1170
f 1170//1170 1173//1173 1171//1171
f 1173//1173 1174//1174 1171//1171
f 1171//1171 1174//1174 1149//1149
f 1174//1174 1175//1175 1149//1149
f 3406//3406 1176//1176 1172//1172
f 1176//1176 3316//3316 1172//1172
f 1172//1172 3316//3316 1173//1173
f 3316//3316 1177//1177 1173//1173
f 1173//1173 1177//1177 1174//1174
f 1177//1177 3309//3309 1174//1174
f 1174//1174 3309//3309 1175//1175
f 3309//3309 1923//1923 1175//1175
f 113//113 1178//1178 263//263
f 1178//1178 1179//1179 263//263
f 263//263 1179//1179 268//268
f 1179//1179 1180//1180 268//268
f 268//268 1180//1180 273//273
f 1180//1180 1181//1181 273//273
f 273//273 1181//1181 1192//1192
f 1181//1181 1191//1191 1192//1192
f 1178//1178 3568//3568 1179//1179
f 3568//3568 1182//1182 1179//1179
f 1179//1179 1182//1182 1180//1180
f 1182//1182 1183//1183 1180//1180
f 1180//1180 1183//1183 1181//1181
f 1183//1183 1184//1184 1181//1181
f 1181//1181 1184//1184 1191//1191
f 1184//1184 1185//1185 1191//1191
f 3568//3568 3569//3569 1182//1182
f 3569//3569 1186//1186 1182//1182
f 1182//1182 1186//1186 1183//1183
f 1186//1186 1187//1187 1183//1183
f 1183//1183 1187//1187 1184//1184
f 1187//1187 1188//1188 1184//1184
f 1184//1184 1188//1188 1185//1185
f 1188//1188 1190//1190 1185//1185
f 3569//3569 1515//1515 1186//1186
f 1515//1515 1189//1189 1186//1186
f 1186//1186 1189//1189 1187//1187
f 1189//1189 1506//1506 1187//1187
f 1187//1187 1506//1506 1188//1188
f 1506//1506 1502//1502 1188//1188
f 1188//1188 1502//1502 1190//1190
f 1502//1502 1117//1117 1190//1190
f 1117//1117 1193//1193 1190//1190
f 1193//1193 1194//1194 1190//1190
f 1190//1190 1194//1194 1185//1185
f 1194//1194 1195//1195 1185//1185
f 1185//1185 1195//1195 1191//1191
f 1195//1195 1196//1196 1191//1191
f 1191//1191 1196//1196 1192//1192
f 1196//1196 1197//1197 1192//1192
f 1193//1193 1922//1922 1194//1194
f 1922//1922 1198//1198 1194//1194
f 1194//1194 1198//1198 1195//1195
f 1198//1198 1199//1199 1195//1195
f 1195//1195 1199//1199 1196//1196
f 1199//1199 1200//1200 1196//1196
f 1196//1196 1200//1200 1197//1197
f 1200//1200 277//277 1197//1197
f 1922//1922 1201//1201 1198//1198
f 1201//1201 1202//1202 1198//1198
f 1198//1198 1202//1202 1199//1199
f 1202//1202 1203//1203 1199//1199
f 1199//1199 1203//1203 1200//1200
f 1203//1203 1204//1204 1200//1200
f 1200//1200 1204//1204 277//277
f 1204//1204 1205//1205 277//277
f 1201//1201 3163//3163 1202//1202
f 3163//3163 1206//1206 1202//1202
f 1202//1202 1206//1206 1203//1203
f 1206//1206 1207//1207 1203//1203
f 1203//1203 1207//1207 1204//1204
f 1207//1207 1208//1208 1204//1204
f 1204//1204 1208//1208 1205//1205
f 1208//1208 807//807 1205//1205
f 1567//1567 1211//1211 1237//1237
f 1211//1211 1212//1212 1237//1237
f 1237//1237 1212//1212 1233//1233
f 1212//1212 1213//1213 1233//1233
f 1233//1233 1213//1213 1209//1209
f 1213//1213 1214//1214 1209//1209
f 1209//1209 1214//1214 1210//1210
f 1214//1214 1215//1215 1210//1210
f 1211//1211 2277//2277 1212//1212
f 2277//2277 1216//1216 1212//1212
f 1212//1212 1216//1216 1213//1213
f 1216//1216 1217//1217 1213//1213
f 1213//1213 1217//1217 1214//1214
f 1217//1217 1218//1218 1214//1214
f 1214//1214 1218//1218 1215//1215
f 1218//1218 931//931 1215//1215
f 2277//2277 1219//1219 1216//1216
f 1219//1219 1220//1220 1216//1216
f 1216//1216 1220//1220 1217//1217
f 1220//1220 1221//1221 1217//1217
f 1217//1217 1221//1221 1218//1218
f 1221//1221 1222//1222 1218//1218
f 1218//1218 1222//1222 931//931
f 1222//1222 932//932 931//931
f 1219//1219 2278//2278 1220//1220
f 2278//2278 2300//2300 1220//1220
f 1220//1220 2300//2300 1221//1221
f 2300//2300 2305//2305 1221//1221
f 1221//1221 2305//2305 1222//1222
f 2305//2305 2309//2309 1222//1222
f 1222//1222 2309//2309 932//932
f 2309//2309 2312//2312 932//932
f 1434//1434 1225//1225 1223//1223
f 1225//1225 1226//1226 1223//1223
f 1223//1223 1226//1226 1224//1224
f 1226//1226 1227//1227 1224//1224
f 1224//1224 1227//1227 927//927
f 1227//1227 1228//1228 927//927
f 927//927 1228//1228 1210//1210
f 1228//1228 1209//1209 1210//1210
f 1225//1225 1229//1229 1226//1226
f 1229//1229 1230//1230 1226//1226
f 1226//1226 1230//1230 1227//1227
f 1230//1230 1231//1231 1227//1227
f 1227//1227 1231//1231 1228//1228
f 1231//1231 1232//1232 1228//1228
f 1228//1228 1232//1232 1209//1209
f 1232//1232 1233//1233 1209//1209
f 1229//1229 1433//1433 1230//1230
f 1433//1433 1234//1234 1230//1230
f 1230//1230 1234//1234 1231//1231
f 1234//1234 1235//1235 1231//1231
f 1231//1231 1235//1235 1232//1232
f 1235//1235 1236//1236 1232//1232
f 1232//1232 1236//1236 1233//1233
f 1236//1236 1237//1237 1233//1233
f 1433//1433 1580//1580 1234//1234
f 1580//1580 1238//1238 1234//1234
f 1234//1234 1238//1238 1235//1235
f 1238//1238 1239//1239 1235//1235
f 1235//1235 1239//1239 1236//1236
f 1239//1239 1240//1240 1236//1236
f 1236//1236 1240//1240 1237//1237
f 1240//1240 1567//1567 1237//1237
f 2038//2038 2037//2037 1284//1284
f 2037//2037 1242//1242 1284//1284
f 1284//1284 1242//1242 1241//1241
f 1242//1242 1243//1243 1241//1241
f 1241//1241 1243//1243 1277//1277
f 1243//1243 1244//1244 1277//1277
f 1277//1277 1244//1244 1258//1258
f 1244//1244 1245//1245 1258//1258
f 2037//2037 1246//1246 1242//1242
f 1246//1246 1247//1247 1242//1242
f 1242//1242 1247//1247 1243//1243
f 1247//1247 1248//1248 1243//1243
f 1243//1243 1248//1248 1244//1244
f 1248//1248 1249//1249 1244//1244
f 1244//1244 1249//1249 1245//1245
f 1249//1249 1257//1257 1245//1245
f 1246//1246 2036//2036 1247//1247
f 2036//2036 1250//1250 1247//1247
f 1247//1247 1250//1250 1248//1248
f 1250//1250 1251//1251 1248//1248
f 1248//1248 1251//1251 1249//1249
f 1251//1251 1252//1252 1249//1249
f 1249//1249 1252//1252 1257//1257
f 1252//1252 1256//1256 1257//1257
f 2036//2036 1253//1253 1250//1250
f 1253//1253 1254//1254 1250//1250
f 1250//1250 1254//1254 1251//1251
f 1254//1254 2047//2047 1251//1251
f 1251//1251 2047//2047 1252//1252
f 2047//2047 1255//1255 1252//1252
f 1252//1252 1255//1255 1256//1256
f 1255//1255 1534//1534 1256//1256
f 1534//1534 1337//1337 1256//1256
f 1337//1337 1259//1259 1256//1256
f 1256//1256 1259//1259 1257//1257
f 1259//1259 1260//1260 1257//1257
f 1257//1257 1260//1260 1245//1245
f 1260//1260 1261//1261 1245//1245
f 1245//1245 1261//1261 1258//1258
f 1261//1261 1262//1262 1258//1258
f 1337//1337 1263//1263 1259//1259
f 1263//1263 1264//1264 1259//1259
f 1259//1259 1264//1264 1260//1260
f 1264//1264 1265//1265 1260//1260
f 1260//1260 1265//1265 1261//1261
f 1265//1265 1266//1266 1261//1261
f 1261//1261 1266//1266 1262//1262
f 1266//1266 1267//1267 1262//1262
f 1263//1263 1338//1338 1264//1264
f 1338//1338 1268//1268 1264//1264
f 1264//1264 1268//1268 1265//1265
f 1268//1268 1269//1269 1265//1265
f 1265//1265 1269//1269 1266//1266
f 1269//1269 1270//1270 1266//1266
f 1266//1266 1270//1270 1267//1267
f 1270//1270 1271//1271 1267//1267
f 1338//1338 1354//1354 1268//1268
f 1354//1354 1358//1358 1268//1268
f 1268//1268 1358//1358 1269//1269
f 1358//1358 1362//1362 1269//1269
f 1269//1269 1362//1362 1270//1270
f 1362//1362 1272//1272 1270//1270
f 1270//1270 1272//1272 1271//1271
f 1272//1272 1273//1273 1271//1271
f 1273//1273 1736//1736 1271//1271
f 1736//1736 1274//1274 1271//1271
f 1271//1271 1274//1274 1267//1267
f 1274//1274 1275//1275 1267//1267
f 1267//1267 1275//1275 1262//1262
f 1275//1275 1276//1276 1262//1262
f 1262//1262 1276//1276 1258//1258
f 1276//1276 1277//1277 1258//1258
f 1736//1736 1735//1735 1274//1274
f 1735//1735 1278//1278 1274//1274
f 1274//1274 1278//1278 1275//1275
f 1278//1278 1279//1279 1275//1275
f 1275//1275 1279//1279 1276//1276
f 1279//1279 1280//1280 1276//1276
f 1276//1276 1280//1280 1277//1277
f 1280//1280 1241//1241 1277//1277
f 1735//1735 1734//1734 1278//1278
f 1734//1734 1281//1281 1278//1278
f 1278//1278 1281//1281 1279//1279
f 1281//1281 1282//1282 1279//1279
f 1279//1279 1282//1282 1280//1280
f 1282//1282 1283//1283 1280//1280
f 1280//1280 1283//1283 1241//1241
f 1283//1283 1284//1284 1241//1241
f 1734//1734 1733//1733 1281//1281
f 1733//1733 1285//1285 1281//1281
f 1281//1281 1285//1285 1282//1282
f 1285//1285 1650//1650 1282//1282
f 1282//1282 1650//1650 1283//1283
f 1650//1650 1286//1286 1283//1283
f 1283//1283 1286//1286 1284//1284
f 1286//1286 2038//2038 1284//1284
f 1837//1837 1290//1290 859//859
f 1290//1290 1291//1291 859//859
f 859//859 1291//1291 1287//1287
f 1291//1291 1292//1292 1287//1287
f 1287//1287 1292//1292 1288//1288
f 1292//1292 1293//1293 1288//1288
f 1288//1288 1293//1293 1289//1289
f 1293//1293 1307//1307 1289//1289
f 1290//1290 1294//1294 1291//1291
f 1294//1294 1295//1295 1291//1291
f 1291//1291 1295//1295 1292//1292
f 1295//1295 1296//1296 1292//1292
f 1292//1292 1296//1296 1293//1293
f 1296//1296 1297//1297 1293//1293
f 1293//1293 1297//1297 1307//1307
f 1297//1297 1306//1306 1307//1307
f 1294//1294 1298//1298 1295//1295
f 1298//1298 1299//1299 1295//1295
f 1295//1295 1299//1299 1296//1296
f 1299//1299 1300//1300 1296//1296
f 1296//1296 1300//1300 1297//1297
f 1300//1300 1301//1301 1297//1297
f 1297//1297 1301//1301 1306//1306
f 1301//1301 1305//1305 1306//1306
f 1298//1298 1836//1836 1299//1299
f 1836//1836 1302//1302 1299//1299
f 1299//1299 1302//1302 1300//1300
f 1302//1302 1303//1303 1300//1300
f 1300//1300 1303//1303 1301//1301
f 1303//1303 995//995 1301//1301
f 1301//1301 995//995 1305//1305
f 995//995 1304//1304 1305//1305
f 1304//1304 438//438 1305//1305
f 438//438 1308//1308 1305//1305
f 1305//1305 1308//1308 1306//1306
f 1308//1308 1309//1309 1306//1306
f 1306//1306 1309//1309 1307//1307
f 1309//1309 1310//1310 1307//1307
f 1307//1307 1310//1310 1289//1289
f 1310//1310 870//870 1289//1289
f 438//438 437//437 1308//1308
f 437//437 1311//1311 1308//1308
f 1308//1308 1311//1311 1309//1309
f 1311//1311 1312//1312 1309//1309
f 1309//1309 1312//1312 1310//1310
f 1312//1312 1313//1313 1310//1310
f 1310//1310 1313//1313 870//870
f 1313//1313 1314//1314 870//870
f 437//437 1315//1315 1311//1311
f 1315//1315 1316//1316 1311//1311
f 1311//1311 1316//1316 1312//1312
f 1316//1316 1317//1317 1312//1312
f 1312//1312 1317//1317 1313//1313
f 1317//1317 1318//1318 1313//1313
f 1313//1313 1318//1318 1314//1314
f 1318//1318 1319//1319 1314//1314
f 1315//1315 436//436 1316//1316
f 436//436 1320//1320 1316//1316
f 1316//1316 1320//1320 1317//1317
f 1320//1320 1331//1331 1317//1317
f 1317//1317 1331//1331 1318//1318
f 1331//1331 1321//1321 1318//1318
f 1318//1318 1321//1321 1319//1319
f 1321//1321 1336//1336 1319//1319
f 339//339 1323//1323 422//422
f 1323//1323 1324//1324 422//422
f 422//422 1324//1324 427//427
f 1324//1324 1325//1325 427//427
f 427//427 1325//1325 1322//1322
f 1325//1325 1326//1326 1322//1322
f 1322//1322 1326//1326 436//436
f 1326//1326 1320//1320 436//436
f 1323//1323 1327//1327 1324//1324
f 1327//1327 1328//1328 1324//1324
f 1324//1324 1328//1328 1325//1325
f 1328//1328 1329//1329 1325//1325
f 1325//1325 1329//1329 1326//1326
f 1329//1329 1330//1330 1326//1326
f 1326//1326 1330//1330 1320//1320
f 1330//1330 1331//1331 1320//1320
f 1327//1327 1435//1435 1328//1328
f 1435//1435 1332//1332 1328//1328
f 1328//1328 1332//1332 1329//1329
f 1332//1332 1333//1333 1329//1329
f 1329//1329 1333//1333 1330//1330
f 1333//1333 1334//1334 1330//1330
f 1330//1330 1334//1334 1331//1331
f 1334//1334 1321//1321 1331//1331
f 1435//1435 1335//1335 1332//1332
f 1335//1335 1381//1381 1332//1332
f 1332//1332 1381//1381 1333//1333
f 1381//1381 1377//1377 1333//1333
f 1333//1333 1377//1377 1334//1334
f 1377//1377 1372//1372 1334//1334
f 1334//1334 1372//1372 1321//1321
f 1372//1372 1336//1336 1321//1321
f 1534//1534 1387//1387 1337//1337
f 1387//1387 1339//1339 1337//1337
f 1337//1337 1339//1339 1263//1263
f 1339//1339 1340//1340 1263//1263
f 1263//1263 1340//1340 1338//1338
f 1340//1340 1341//1341 1338//1338
f 1338//1338 1341//1341 1354//1354
f 1341//1341 1353//1353 1354//1354
f 1387//1387 1388//1388 1339//1339
f 1388//1388 1342//1342 1339//1339
f 1339//1339 1342//1342 1340//1340
f 1342//1342 1343//1343 1340//1340
f 1340//1340 1343//1343 1341//1341
f 1343//1343 1344//1344 1341//1341
f 1341//1341 1344//1344 1353//1353
f 1344//1344 1352//1352 1353//1353
f 1388//1388 1345//1345 1342//1342
f 1345//1345 1346//1346 1342//1342
f 1342//1342 1346//1346 1343//1343
f 1346//1346 1347//1347 1343//1343
f 1343//1343 1347//1347 1344//1344
f 1347//1347 1348//1348 1344//1344
f 1344//1344 1348//1348 1352//1352
f 1348//1348 1351//1351 1352//1352
f 1345//1345 1349//1349 1346//1346
f 1349//1349 155//155 1346//1346
f 1346//1346 155//155 1347//1347
f 155//155 150//150 1347//1347
f 1347//1347 150//150 1348//1348
f 150//150 1350//1350 1348//1348
f 1348//1348 1350//1350 1351//1351
f 1350//1350 3408//3408 1351//1351
f 3408//3408 2928//2928 1351//1351
f 2928//2928 1355//1355 1351//1351
f 1351//1351 1355//1355 1352//1352
f 1355//1355 1356//1356 1352//1352
f 1352//1352 1356//1356 1353//1353
f 1356//1356 1357//1357 1353//1353
f 1353//1353 1357//1357 1354//1354
f 1357//1357 1358//1358 1354//1354
f 2928//2928 2929//2929 1355//1355
f 2929//2929 1359//1359 1355//1355
f 1355//1355 1359//1359 1356//1356
f 1359//1359 1360//1360 1356//1356
f 1356//1356 1360//1360 1357//1357
f 1360//1360 1361//1361 1357//1357
f 1357//1357 1361//1361 1358//1358
f 1361//1361 1362//1362 1358//1358
f 2929//2929 1363//1363 1359//1359
f 1363//1363 1364//1364 1359//1359
f 1359//1359 1364//1364 1360//1360
f 1364//1364 1365//1365 1360//1360
f 1360//1360 1365//1365 1361//1361
f 1365//1365 1366//1366 1361//1361
f 1361//1361 1366//1366 1362//1362
f 1366//1366 1272//1272 1362//1362
f 1363//1363 2861//2861 1364//1364
f 2861//2861 1367//1367 1364//1364
f 1364//1364 1367//1367 1365//1365
f 1367//1367 1368//1368 1365//1365
f 1365//1365 1368//1368 1366//1366
f 1368//1368 1369//1369 1366//1366
f 1366//1366 1369//1369 1272//1272
f 1369//1369 1273//1273 1272//1272
f 1336//1336 1372//1372 1370//1370
f 1372//1372 1373//1373 1370//1370
f 1370//1370 1373//1373 845//845
f 1373//1373 1374//1374 845//845
f 845//845 1374//1374 1371//1371
f 1374//1374 1375//1375 1371//1371
f 1371//1371 1375//1375 804//804
f 1375//1375 1376//1376 804//804
f 1372//1372 1377//1377 1373//1373
f 1377//1377 1378//1378 1373//1373
f 1373//1373 1378//1378 1374//1374
f 1378//1378 1379//1379 1374//1374
f 1374//1374 1379//1379 1375//1375
f 1379//1379 1380//1380 1375//1375
f 1375//1375 1380//1380 1376//1376
f 1380//1380 805//805 1376//1376
f 1377//1377 1381//1381 1378//1378
f 1381//1381 1382//1382 1378//1378
f 1378//1378 1382//1382 1379//1379
f 1382//1382 1383//1383 1379//1379
f 1379//1379 1383//1383 1380//1380
f 1383//1383 1384//1384 1380//1380
f 1380//1380 1384//1384 805//805
f 1384//1384 806//806 805//805
f 1381//1381 1335//1335 1382//1382
f 1335//1335 1385//1385 1382//1382
f 1382//1382 1385//1385 1383//1383
f 1385//1385 1386//1386 1383//1383
f 1383//1383 1386//1386 1384//1384
f 1386//1386 1446//1446 1384//1384
f 1384//1384 1446//1446 806//806
f 1446//1446 1402//1402 806//806
f 1534//1534 1535//1535 1387//1387
f 1535//1535 1389//1389 1387//1387
f 1387//1387 1389//1389 1388//1388
f 1389//1389 1390//1390 1388//1388
f 1388//1388 1390//1390 1345//1345
f 1390//1390 1391//1391 1345//1345
f 1345//1345 1391//1391 1349//1349
f 1391//1391 1392//1392 1349//1349
f 1535//1535 1536//1536 1389//1389
f 1536//1536 1393//1393 1389//1389
f 1389//1389 1393//1393 1390//1390
f 1393//1393 1394//1394 1390//1390
f 1390//1390 1394//1394 1391//1391
f 1394//1394 1395//1395 1391//1391
f 1391//1391 1395//1395 1392//1392
f 1395//1395 160//160 1392//1392
f 1536//1536 1396//1396 1393//1393
f 1396//1396 1397//1397 1393//1393
f 1393//1393 1397//1397 1394//1394
f 1397//1397 1398//1398 1394//1394
f 1394//1394 1398//1398 1395//1395
f 1398//1398 1399//1399 1395//1395
f 1395//1395 1399//1399 160//160
f 1399//1399 161//161 160//160
f 1396//1396 1537//1537 1397//1397
f 1537//1537 1400//1400 1397//1397
f 1397//1397 1400//1400 1398//1398
f 1400//1400 1401//1401 1398//1398
f 1398//1398 1401//1401 1399//1399
f 1401//1401 1564//1564 1399//1399
f 1399//1399 1564//1564 161//161
f 1564//1564 129//129 161//161
f 1402//1402 1407//1407 1403//1403
f 1407//1407 1408//1408 1403//1403
f 1403//1403 1408//1408 1404//1404
f 1408//1408 1409//1409 1404//1404
f 1404//1404 1409//1409 1405//1405
f 1409//1409 1410//1410 1405//1405
f 1405//1405 1410//1410 1406//1406
f 1410//1410 1411//1411 1406//1406
f 1407//1407 1449//1449 1408//1408
f 1449//1449 1412//1412 1408//1408
f 1408//1408 1412//1412 1409//1409
f 1412//1412 1413//1413 1409//1409
f 1409//1409 1413//1413 1410//1410
f 1413//1413 1414//1414 1410//1410
f 1410//1410 1414//1414 1411//1411
f 1414//1414 1420//1420 1411//1411
f 1449//1449 1448//1448 1412//1412
f 1448//1448 1415//1415 1412//1412
f 1412//1412 1415//1415 1413//1413
f 1415//1415 1416//1416 1413//1413
f 1413//1413 1416//1416 1414//1414
f 1416//1416 1417//1417 1414//1414
f 1414//1414 1417//1417 1420//1420
f 1417//1417 1418//1418 1420//1420
f 1448//1448 1447//1447 1415//1415
f 1447//1447 1419//1419 1415//1415
f 1415//1415 1419//1419 1416//1416
f 1419//1419 1458//1458 1416//1416
f 1416//1416 1458//1458 1417//1417
f 1458//1458 1453//1453 1417//1417
f 1417//1417 1453//1453 1418//1418
f 1453//1453 992//992 1418//1418
f 992//992 1421//1421 1418//1418
f 1421//1421 1422//1422 1418//1418
f 1418//1418 1422//1422 1420//1420
f 1422//1422 1423//1423 1420//1420
f 1420//1420 1423//1423 1411//1411
f 1423//1423 1424//1424 1411//1411
f 1411//1411 1424//1424 1406//1406
f 1424//1424 775//775 1406//1406
f 1421//1421 1581//1581 1422//1422
f 1581//1581 1425//1425 1422//1422
f 1422//1422 1425//1425 1423//1423
f 1425//1425 1426//1426 1423//1423
f 1423//1423 1426//1426 1424//1424
f 1426//1426 1427//1427 1424//1424
f 1424//1424 1427//1427 775//775
f 1427//1427 1428//1428 775//775
f 1581//1581 1429//1429 1425//1425
f 1429//1429 1430//1430 1425//1425
f 1425//1425 1430//1430 1426//1426
f 1430//1430 1431//1431 1426//1426
f 1426//1426 1431//1431 1427//1427
f 1431//1431 1432//1432 1427//1427
f 1427//1427 1432//1432 1428//1428
f 1432//1432 776//776 1428//1428
f 1429//1429 1580//1580 1430//1430
f 1580//1580 1433//1433 1430//1430
f 1430//1430 1433//1433 1431//1431
f 1433//1433 1229//1229 1431//1431
f 1431//1431 1229//1229 1432//1432
f 1229//1229 1225//1225 1432//1432
f 1432//1432 1225//1225 776//776
f 1225//1225 1434//1434 776//776
f 339//339 1467//1467 1323//1323
f 1467//1467 1436//1436 1323//1323
f 1323//1323 1436//1436 1327//1327
f 1436//1436 1437//1437 1327//1327
f 1327//1327 1437//1437 1435//1435
f 1437//1437 1438//1438 1435//1435
f 1435//1435 1438//1438 1335//1335
f 1438//1438 1385//1385 1335//1335
f 1467//1467 1439//1439 1436//1436
f 1439//1439 1440//1440 1436//1436
f 1436//1436 1440//1440 1437//1437
f 1440//1440 1441//1441 1437//1437
f 1437//1437 1441//1441 1438//1438
f 1441//1441 1442//1442 1438//1438
f 1438//1438 1442//1442 1385//1385
f 1442//1442 1386//1386 1385//1385
f 1439//1439 1466//1466 1440//1440
f 1466//1466 1443//1443 1440//1440
f 1440//1440 1443//1443 1441//1441
f 1443//1443 1444//1444 1441//1441
f 1441//1441 1444//1444 1442//1442
f 1444//1444 1445//1445 1442//1442
f 1442//1442 1445//1445 1386//1386
f 1445//1445 1446//1446 1386//1386
f 1466//1466 1447//1447 1443//1443
f 1447//1447 1448//1448 1443//1443
f 1443//1443 1448//1448 1444//1444
f 1448//1448 1449//1449 1444//1444
f 1444//1444 1449//1449 1445//1445
f 1449//1449 1407//1407 1445//1445
f 1445//1445 1407//1407 1446//1446
f 1407//1407 1402//1402 1446//1446
f 992//992 1453//1453 1450//1450
f 1453//1453 1454//1454 1450//1450
f 1450//1450 1454//1454 952//952
f 1454//1454 1455//1455 952//952
f 952//952 1455//1455 1451//1451
f 1455//1455 1456//1456 1451//1451
f 1451//1451 1456//1456 1452//1452
f 1456//1456 1457//1457 1452//1452
f 1453//1453 1458//1458 1454//1454
f 1458//1458 1459//1459 1454//1454
f 1454//1454 1459//1459 1455//1455
f 1459//1459 1460//1460 1455//1455
f 1455//1455 1460//1460 1456//1456
f 1460//1460 1461//1461 1456//1456
f 1456//1456 1461//1461 1457//1457
f 1461//1461 1462//1462 1457//1457
f 1458//1458 1419//1419 1459//1459
f 1419//1419 1463//1463 1459//1459
f 1459//1459 1463//1463 1460//1460
f 1463//1463 1464//1464 1460//1460
f 1460//1460 1464//1464 1461//1461
f 1464//1464 1465//1465 1461//1461
f 1461//1461 1465//1465 1462//1462
f 1465//1465 535//535 1462//1462
f 1419//1419 1447//1447 1463//1463
f 1447//1447 1466//1466 1463//1463
f 1463//1463 1466//1466 1464//1464
f 1466//1466 1439//1439 1464//1464
f 1464//1464 1439//1439 1465//1465
f 1439//1439 1467//1467 1465//1465
f 1465//1465 1467//1467 535//535
f 1467//1467 339//339 535//535
f 1117//1117 1470//1470 1468//1468
f 1470//1470 1471//1471 1468//1468
f 1468//1468 1471//1471 1093//1093
f 1471//1471 1472//1472 1093//1093
f 1093//1093 1472//1472 1469//1469
f 1472//1472 1473//1473 1469//1469
f 1469//1469 1473//1473 1485//1485
f 1473//1473 1484//1484 1485//1485
f 1470//1470 1501//1501 1471//1471
f 1501//1501 1474//1474 1471//1471
f 1471//1471 1474//1474 1472//1472
f 1474//1474 1475//1475 1472//1472
f 1472//1472 1475//1475 1473//1473
f 1475//1475 1476//1476 1473//1473
f 1473//1473 1476//1476 1484//1484
f 1476//1476 1477//1477 1484//1484
f 1501//1501 1478//1478 1474//1474
f 1478//1478 1479//1479 1474//1474
f 1474//1474 1479//1479 1475//1475
f 1479//1479 1480//1480 1475//1475
f 1475//1475 1480//1480 1476//1476
f 1480//1480 1481//1481 1476//1476
f 1476//1476 1481//1481 1477//1477
f 1481//1481 1483//1483 1477//1477
f 1478//1478 1520//1520 1479//1479
f 1520//1520 1525//1525 1479//1479
f 1479//1479 1525//1525 1480//1480
f 1525//1525 1529//1529 1480//1480
f 1480//1480 1529//1529 1481//1481
f 1529//1529 1482//1482 1481//1481
f 1481//1481 1482//1482 1483//1483
f 1482//1482 2947//2947 1483//1483
f 2947//2947 2462//2462 1483//1483
f 2462//2462 1486//1486 1483//1483
f 1483//1483 1486//1486 1477//1477
f 1486//1486 1487//1487 1477//1477
f 1477//1477 1487//1487 1484//1484
f 1487//1487 1488//1488 1484//1484
f 1484//1484 1488//1488 1485//1485
f 1488//1488 1489//1489 1485//1485
f 2462//2462 1490//1490 1486//1486
f 1490//1490 1491//1491 1486//1486
f 1486//1486 1491//1491 1487//1487
f 1491//1491 1492//1492 1487//1487
f 1487//1487 1492//1492 1488//1488
f 1492//1492 1493//1493 1488//1488
f 1488//1488 1493//1493 1489//1489
f 1493//1493 1101//1101 1489//1489
f 1490//1490 1494//1494 1491//1491
f 1494//1494 1495//1495 1491//1491
f 1491//1491 1495//1495 1492//1492
f 1495//1495 1496//1496 1492//1492
f 1492//1492 1496//1496 1493//1493
f 1496//1496 1497//1497 1493//1493
f 1493//1493 1497//1497 1101//1101
f 1497//1497 1498//1498 1101//1101
f 1494//1494 2450//2450 1495//1495
f 2450//2450 1499//1499 1495//1495
f 1495//1495 1499//1499 1496//1496
f 1499//1499 2457//2457 1496//1496
f 1496//1496 2457//2457 1497//1497
f 2457//2457 1500//1500 1497//1497
f 1497//1497 1500//1500 1498//1498
f 1500//1500 2586//2586 1498//1498
f 1117//1117 1502//1502 1470//1470
f 1502//1502 1503//1503 1470//1470
f 1470//1470 1503//1503 1501//1501
f 1503//1503 1504//1504 1501//1501
f 1501//1501 1504//1504 1478//1478
f 1504//1504 1505//1505 1478//1478
f 1478//1478 1505//1505 1520//1520
f 1505//1505 1519//1519 1520//1520
f 1502//1502 1506//1506 1503//1503
f 1506//1506 1507//1507 1503//1503
f 1503//1503 1507//1507 1504//1504
f 1507//1507 1508//1508 1504//1504
f 1504//1504 1508//1508 1505//1505
f 1508//1508 1509//1509 1505//1505
f 1505//1505 1509//1509 1519//1519
f 1509//1509 1510//1510 1519//1519
f 1506//1506 1189//1189 1507//1507
f 1189//1189 1511//1511 1507//1507
f 1507//1507 1511//1511 1508//1508
f 1511//1511 1512//1512 1508//1508
f 1508//1508 1512//1512 1509//1509
f 1512//1512 1513//1513 1509//1509
f 1509//1509 1513//1513 1510//1510
f 1513//1513 1514//1514 1510//1510
f 1189//1189 1515//1515 1511//1511
f 1515//1515 1516//1516 1511//1511
f 1511//1511 1516//1516 1512//1512
f 1516//1516 1517//1517 1512//1512
f 1512//1512 1517//1517 1513//1513
f 1517//1517 1518//1518 1513//1513
f 1513//1513 1518//1518 1514//1514
f 1518//1518 2912//2912 1514//1514
f 2912//2912 1521//1521 1514//1514
f 1521//1521 1522//1522 1514//1514
f 1514//1514 1522//1522 1510//1510
f 1522//1522 1523//1523 1510//1510
f 1510//1510 1523//1523 1519//1519
f 1523//1523 1524//1524 1519//1519
f 1519//1519 1524//1524 1520//1520
f 1524//1524 1525//1525 1520//1520
f 1521//1521 3322//3322 1522//1522
f 3322//3322 1526//1526 1522//1522
f 1522//1522 1526//1526 1523//1523
f 1526//1526 1527//1527 1523//1523
f 1523//1523 1527//1527 1524//1524
f 1527//1527 1528//1528 1524//1524
f 1524//1524 1528//1528 1525//1525
f 1528//1528 1529//1529 1525//1525
f 3322//3322 3323//3323 1526//1526
f 3323//3323 1530//1530 1526//1526
f 1526//1526 1530//1530 1527//1527
f 1530//1530 1531//1531 1527//1527
f 1527//1527 1531//1531 1528//1528
f 1531//1531 1532//1532 1528//1528
f 1528//1528 1532//1532 1529//1529
f 1532//1532 1482//1482 1529//1529
f 3323//3323 2964//2964 1530//1530
f 2964//2964 1533//1533 1530//1530
f 1530//1530 1533//1533 1531//1531
f 1533//1533 2956//2956 1531//1531
f 1531//1531 2956//2956 1532//1532
f 2956//2956 2951//2951 1532//1532
f 1532//1532 2951//2951 1482//1482
f 2951//2951 2947//2947 1482//1482
f 1534//1534 1538//1538 1535//1535
f 1538//1538 1539//1539 1535//1535
f 1535//1535 1539//1539 1536//1536
f 1539//1539 1540//1540 1536//1536
f 1536//1536 1540//1540 1396//1396
f 1540//1540 1541//1541 1396//1396
f 1396//1396 1541//1541 1537//1537
f 1541//1541 1542//1542 1537//1537
f 1538//1538 1543//1543 1539//1539
f 1543//1543 1544//1544 1539//1539
f 1539//1539 1544//1544 1540//1540
f 1544//1544 1545//1545 1540//1540
f 1540//1540 1545//1545 1541//1541
f 1545//1545 1546//1546 1541//1541
f 1541//1541 1546//1546 1542//1542
f 1546//1546 1552//1552 1542//1542
f 1543//1543 1547//1547 1544//1544
f 1547//1547 1548//1548 1544//1544
f 1544//1544 1548//1548 1545//1545
f 1548//1548 1549//1549 1545//1545
f 1545//1545 1549//1549 1546//1546
f 1549//1549 1550//1550 1546//1546
f 1546//1546 1550//1550 1552//1552
f 1550//1550 1551//1551 1552//1552
f 1547//1547 2051//2051 1548//1548
f 2051//2051 1949//1949 1548//1548
f 1548//1548 1949//1949 1549//1549
f 1949//1949 1944//1944 1549//1549
f 1549//1549 1944//1944 1550//1550
f 1944//1944 1940//1940 1550//1550
f 1550//1550 1940//1940 1551//1551
f 1940//1940 2626//2626 1551//1551
f 2626//2626 1553//1553 1551//1551
f 1553//1553 1554//1554 1551//1551
f 1551//1551 1554//1554 1552//1552
f 1554//1554 1555//1555 1552//1552
f 1552//1552 1555//1555 1542//1542
f 1555//1555 1556//1556 1542//1542
f 1542//1542 1556//1556 1537//1537
f 1556//1556 1400//1400 1537//1537
f 1553//1553 2052//2052 1554//1554
f 2052//2052 1557//1557 1554//1554
f 1554//1554 1557//1557 1555//1555
f 1557//1557 1558//1558 1555//1555
f 1555//1555 1558//1558 1556//1556
f 1558//1558 1559//1559 1556//1556
f 1556//1556 1559//1559 1400//1400
f 1559//1559 1401//1401 1400//1400
f 2052//2052 1560//1560 1557//1557
f 1560//1560 1561//1561 1557//1557
f 1557//1557 1561//1561 1558//1558
f 1561//1561 1562//1562 1558//1558
f 1558//1558 1562//1562 1559//1559
f 1562//1562 1563//1563 1559//1559
f 1559//1559 1563//1563 1401//1401
f 1563//1563 1564//1564 1401//1401
f 1560//1560 1565//1565 1561//1561
f 1565//1565 88//88 1561//1561
f 1561//1561 88//88 1562//1562
f 88//88 84//84 1562//1562
f 1562//1562 84//84 1563//1563
f 84//84 1566//1566 1563//1563
f 1563//1563 1566//1566 1564//1564
f 1566//1566 129//129 1564//1564
f 1567//1567 1240//1240 1568//1568
f 1240//1240 1570//1570 1568//1568
f 1568//1568 1570//1570 1569//1569
f 1570//1570 1571//1571 1569//1569
f 1569//1569 1571//1571 1588//1588
f 1571//1571 1572//1572 1588//1588
f 1588//1588 1572//1572 1036//1036
f 1572//1572 1573//1573 1036//1036
f 1240//1240 1239//1239 1570//1570
f 1239//1239 1574//1574 1570//1570
f 1570//1570 1574//1574 1571//1571
f 1574//1574 1575//1575 1571//1571
f 1571//1571 1575//1575 1572//1572
f 1575//1575 1576//1576 1572//1572
f 1572//1572 1576//1576 1573//1573
f 1576//1576 1037//1037 1573//1573
f 1239//1239 1238//1238 1574//1574
f 1238//1238 1577//1577 1574//1574
f 1574//1574 1577//1577 1575//1575
f 1577//1577 1578//1578 1575//1575
f 1575//1575 1578//1578 1576//1576
f 1578//1578 1579//1579 1576//1576
f 1576//1576 1579//1579 1037//1037
f 1579//1579 1038//1038 1037//1037
f 1238//1238 1580//1580 1577//1577
f 1580//1580 1429//1429 1577//1577
f 1577//1577 1429//1429 1578//1578
f 1429//1429 1581//1581 1578//1578
f 1578//1578 1581//1581 1579//1579
f 1581//1581 1421//1421 1579//1579
f 1579//1579 1421//1421 1038//1038
f 1421//1421 992//992 1038//1038
f 584//584 1584//1584 1582//1582
f 1584//1584 1585//1585 1582//1582
f 1582//1582 1585//1585 1583//1583
f 1585//1585 1586//1586 1583//1583
f 1583//1583 1586//1586 1031//1031
f 1586//1586 1587//1587 1031//1031
f 1031//1031 1587//1587 1036//1036
f 1587//1587 1588//1588 1036//1036
f 1584//1584 1597//1597 1585//1585
f 1597//1597 1589//1589 1585//1585
f 1585//1585 1589//1589 1586//1586
f 1589//1589 1590//1590 1586//1586
f 1586//1586 1590//1590 1587//1587
f 1590//1590 1591//1591 1587//1587
f 1587//1587 1591//1591 1588//1588
f 1591//1591 1569//1569 1588//1588
f 1597//1597 1598//1598 1589//1589
f 1598//1598 1592//1592 1589//1589
f 1589//1589 1592//1592 1590//1590
f 1592//1592 1593//1593 1590//1590
f 1590//1590 1593//1593 1591//1591
f 1593//1593 1594//1594 1591//1591
f 1591//1591 1594//1594 1569//1569
f 1594//1594 1568//1568 1569//1569
f 1598//1598 1599//1599 1592//1592
f 1599//1599 1595//1595 1592//1592
f 1592//1592 1595//1595 1593//1593
f 1595//1595 1596//1596 1593//1593
f 1593//1593 1596//1596 1594//1594
f 1596//1596 663//663 1594//1594
f 1594//1594 663//663 1568//1568
f 663//663 1567//1567 1568//1568
f 584//584 1600//1600 1584//1584
f 1600//1600 1601//1601 1584//1584
f 1584//1584 1601//1601 1597//1597
f 1601//1601 1602//1602 1597//1597
f 1597//1597 1602//1602 1598//1598
f 1602//1602 1603//1603 1598//1598
f 1598//1598 1603//1603 1599//1599
f 1603//1603 674//674 1599//1599
f 1600//1600 1604//1604 1601//1601
f 1604//1604 1605//1605 1601//1601
f 1601//1601 1605//1605 1602//1602
f 1605//1605 1606//1606 1602//1602
f 1602//1602 1606//1606 1603//1603
f 1606//1606 1607//1607 1603//1603
f 1603//1603 1607//1607 674//674
f 1607//1607 675//675 674//674
f 1604//1604 1608//1608 1605//1605
f 1608//1608 1609//1609 1605//1605
f 1605//1605 1609//1609 1606//1606
f 1609//1609 1610//1610 1606//1606
f 1606//1606 1610//1610 1607//1607
f 1610//1610 1611//1611 1607//1607
f 1607//1607 1611//1611 675//675
f 1611//1611 1612//1612 675//675
f 1608//1608 2344//2344 1609//1609
f 2344//2344 1080//1080 1609//1609
f 1609//1609 1080//1080 1610//1610
f 1080//1080 1075//1075 1610//1610
f 1610//1610 1075//1075 1611//1611
f 1075//1075 1613//1613 1611//1611
f 1611//1611 1613//1613 1612//1612
f 1613//1613 1162//1162 1612//1612
f 1614//1614 1660//1660 1615//1615
f 1660//1660 1617//1617 1615//1615
f 1615//1615 1617//1617 1654//1654
f 1617//1617 1618//1618 1654//1654
f 1654//1654 1618//1618 1616//1616
f 1618//1618 1619//1619 1616//1616
f 1616//1616 1619//1619 1646//1646
f 1619//1619 1631//1631 1646//1646
f 1660//1660 1620//1620 1617//1617
f 1620//1620 1621//1621 1617//1617
f 1617//1617 1621//1621 1618//1618
f 1621//1621 1622//1622 1618//1618
f 1618//1618 1622//1622 1619//1619
f 1622//1622 1623//1623 1619//1619
f 1619//1619 1623//1623 1631//1631
f 1623//1623 1624//1624 1631//1631
f 1620//1620 1661//1661 1621//1621
f 1661//1661 1625//1625 1621//1621
f 1621//1621 1625//1625 1622//1622
f 1625//1625 1626//1626 1622//1622
f 1622//1622 1626//1626 1623//1623
f 1626//1626 1627//1627 1623//1623
f 1623//1623 1627//1627 1624//1624
f 1627//1627 1630//1630 1624//1624
f 1661//1661 1628//1628 1625//1625
f 1628//1628 1629//1629 1625//1625
f 1625//1625 1629//1629 1626//1626
f 1629//1629 1683//1683 1626//1626
f 1626//1626 1683//1683 1627//1627
f 1683//1683 1687//1687 1627//1627
f 1627//1627 1687//1687 1630//1630
f 1687//1687 2102//2102 1630//1630
f 2102//2102 2103//2103 1630//1630
f 2103//2103 1632//1632 1630//1630
f 1630//1630 1632//1632 1624//1624
f 1632//1632 1633//1633 1624//1624
f 1624//1624 1633//1633 1631//1631
f 1633//1633 1634//1634 1631//1631
f 1631//1631 1634//1634 1646//1646
f 1634//1634 1645//1645 1646//1646
f 2103//2103 2104//2104 1632//1632
f 2104//2104 1635//1635 1632//1632
f 1632//1632 1635//1635 1633//1633
f 1635//1635 1636//1636 1633//1633
f 1633//1633 1636//1636 1634//1634
f 1636//1636 1637//1637 1634//1634
f 1634//1634 1637//1637 1645//1645
f 1637//1637 1644//1644 1645//1645
f 2104//2104 2105//2105 1635//1635
f 2105//2105 1638//1638 1635//1635
f 1635//1635 1638//1638 1636//1636
f 1638//1638 1639//1639 1636//1636
f 1636//1636 1639//1639 1637//1637
f 1639//1639 1640//1640 1637//1637
f 1637//1637 1640//1640 1644//1644
f 1640//1640 1641//1641 1644//1644
f 2105//2105 2106//2106 1638//1638
f 2106//2106 1998//1998 1638//1638
f 1638//1638 1998//1998 1639//1639
f 1998//1998 1642//1642 1639//1639
f 1639//1639 1642//1642 1640//1640
f 1642//1642 1643//1643 1640//1640
f 1640//1640 1643//1643 1641//1641
f 1643//1643 2038//2038 1641//1641
f 2038//2038 1286//1286 1641//1641
f 1286//1286 1647//1647 1641//1641
f 1641//1641 1647//1647 1644//1644
f 1647//1647 1648//1648 1644//1644
f 1644//1644 1648//1648 1645//1645
f 1648//1648 1649//1649 1645//1645
f 1645//1645 1649//1649 1646//1646
f 1649//1649 1616//1616 1646//1646
f 1286//1286 1650//1650 1647//1647
f 1650//1650 1651//1651 1647//1647
f 1647//1647 1651//1651 1648//1648
f 1651//1651 1652//1652 1648//1648
f 1648//1648 1652//1652 1649//1649
f 1652//1652 1653//1653 1649//1649
f 1649//1649 1653//1653 1616//1616
f 1653//1653 1654//1654 1616//1616
f 1650//1650 1285//1285 1651//1651
f 1285//1285 1655//1655 1651//1651
f 1651//1651 1655//1655 1652//1652
f 1655//1655 1656//1656 1652//1652
f 1652//1652 1656//1656 1653//1653
f 1656//1656 1657//1657 1653//1653
f 1653//1653 1657//1657 1654//1654
f 1657//1657 1615//1615 1654//1654
f 1285//1285 1733//1733 1655//1655
f 1733//1733 1658//1658 1655//1655
f 1655//1655 1658//1658 1656//1656
f 1658//1658 1659//1659 1656//1656
f 1656//1656 1659//1659 1657//1657
f 1659//1659 1721//1721 1657//1657
f 1657//1657 1721//1721 1615//1615
f 1721//1721 1614//1614 1615//1615
f 1614//1614 1662//1662 1660//1660
f 1662//1662 1663//1663 1660//1660
f 1660//1660 1663//1663 1620//1620
f 1663//1663 1664//1664 1620//1620
f 1620//1620 1664//1664 1661//1661
f 1664//1664 1665//1665 1661//1661
f 1661//1661 1665//1665 1628//1628
f 1665//1665 1676//1676 1628//1628
f 1662//1662 1688//1688 1663//1663
f 1688//1688 1666//1666 1663//1663
f 1663//1663 1666//1666 1664//1664
f 1666//1666 1667//1667 1664//1664
f 1664//1664 1667//1667 1665//1665
f 1667//1667 1668//1668 1665//1665
f 1665//1665 1668//1668 1676//1676
f 1668//1668 1675//1675 1676//1676
f 1688//1688 1689//1689 1666//1666
f 1689//1689 1669//1669 1666//1666
f 1666//1666 1669//1669 1667//1667
f 1669//1669 1670//1670 1667//1667
f 1667//1667 1670//1670 1668//1668
f 1670//1670 1671//1671 1668//1668
f 1668//1668 1671//1671 1675//1675
f 1671//1671 1672//1672 1675//1675
f 1689//1689 1673//1673 1669//1669
f 1673//1673 1674//1674 1669//1669
f 1669//1669 1674//1674 1670//1670
f 1674//1674 1713//1713 1670//1670
f 1670//1670 1713//1713 1671//1671
f 1713//1713 1717//1717 1671//1671
f 1671//1671 1717//1717 1672//1672
f 1717//1717 455//455 1672//1672
f 455//455 1751//1751 1672//1672
f 1751//1751 1677//1677 1672//1672
f 1672//1672 1677//1677 1675//1675
f 1677//1677 1678//1678 1675//1675
f 1675//1675 1678//1678 1676//1676
f 1678//1678 1679//1679 1676//1676
f 1676//1676 1679//1679 1628//1628
f 1679//1679 1629//1629 1628//1628
f 1751//1751 1750//1750 1677//1677
f 1750//1750 1680//1680 1677//1677
f 1677//1677 1680//1680 1678//1678
f 1680//1680 1681//1681 1678//1678
f 1678//1678 1681//1681 1679//1679
f 1681//1681 1682//1682 1679//1679
f 1679//1679 1682//1682 1629//1629
f 1682//1682 1683//1683 1629//1629
f 1750//1750 1749//1749 1680//1680
f 1749//1749 1684//1684 1680//1680
f 1680//1680 1684//1684 1681//1681
f 1684//1684 1685//1685 1681//1681
f 1681//1681 1685//1685 1682//1682
f 1685//1685 1686//1686 1682//1682
f 1682//1682 1686//1686 1683//1683
f 1686//1686 1687//1687 1683//1683
f 1749//1749 1754//1754 1684//1684
f 1754//1754 1759//1759 1684//1684
f 1684//1684 1759//1759 1685//1685
f 1759//1759 1764//1764 1685//1685
f 1685//1685 1764//1764 1686//1686
f 1764//1764 1768//1768 1686//1686
f 1686//1686 1768//1768 1687//1687
f 1768//1768 2102//2102 1687//1687
f 1614//1614 1720//1720 1662//1662
f 1720//1720 1690//1690 1662//1662
f 1662//1662 1690//1690 1688//1688
f 1690//1690 1691//1691 1688//1688
f 1688//1688 1691//1691 1689//1689
f 1691//1691 1692//1692 1689//1689
f 1689//1689 1692//1692 1673//1673
f 1692//1692 1693//1693 1673//1673
f 1720//1720 1694//1694 1690//1690
f 1694//1694 1695//1695 1690//1690
f 1690//1690 1695//1695 1691//1691
f 1695//1695 1696//1696 1691//1691
f 1691//1691 1696//1696 1692//1692
f 1696//1696 1697//1697 1692//1692
f 1692//1692 1697//1697 1693//1693
f 1697//1697 1698//1698 1693//1693
f 1694//1694 1699//1699 1695//1695
f 1699//1699 1700//1700 1695//1695
f 1695//1695 1700//1700 1696//1696
f 1700//1700 1701//1701 1696//1696
f 1696//1696 1701//1701 1697//1697
f 1701//1701 1702//1702 1697//1697
f 1697//1697 1702//1702 1698//1698
f 1702//1702 1706//1706 1698//1698
f 1699//1699 1703//1703 1700//1700
f 1703//1703 895//895 1700//1700
f 1700//1700 895//895 1701//1701
f 895//895 890//890 1701//1701
f 1701//1701 890//890 1702//1702
f 890//890 1704//1704 1702//1702
f 1702//1702 1704//1704 1706//1706
f 1704//1704 1705//1705 1706//1706
f 1705//1705 1821//1821 1706//1706
f 1821//1821 1707//1707 1706//1706
f 1706//1706 1707//1707 1698//1698
f 1707//1707 1708//1708 1698//1698
f 1698//1698 1708//1708 1693//1693
f 1708//1708 1709//1709 1693//1693
f 1693//1693 1709//1709 1673//1673
f 1709//1709 1674//1674 1673//1673
f 1821//1821 1822//1822 1707//1707
f 1822//1822 1710//1710 1707//1707
f 1707//1707 1710//1710 1708//1708
f 1710//1710 1711//1711 1708//1708
f 1708//1708 1711//1711 1709//1709
f 1711//1711 1712//1712 1709//1709
f 1709//1709 1712//1712 1674//1674
f 1712//1712 1713//1713 1674//1674
f 1822//1822 1823//1823 1710//1710
f 1823//1823 1714//1714 1710//1710
f 1710//1710 1714//1714 1711//1711
f 1714//1714 1715//1715 1711//1711
f 1711//1711 1715//1715 1712//1712
f 1715//1715 1716//1716 1712//1712
f 1712//1712 1716//1716 1713//1713
f 1716//1716 1717//1717 1713//1713
f 1823//1823 468//468 1714//1714
f 468//468 463//463 1714//1714
f 1714//1714 463//463 1715//1715
f 463//463 1718//1718 1715//1715
f 1715//1715 1718//1718 1716//1716
f 1718//1718 1719//1719 1716//1716
f 1716//1716 1719//1719 1717//1717
f 1719//1719 455//455 1717//1717
f 1614//1614 1721//1721 1720//1720
f 1721//1721 1722//1722 1720//1720
f 1720//1720 1722//1722 1694//1694
f 1722//1722 1723//1723 1694//1694
f 1694//1694 1723//1723 1699//1699
f 1723//1723 1724//1724 1699//1699
f 1699//1699 1724//1724 1703//1703
f 1724//1724 1725//1725 1703//1703
f 1721//1721 1659//1659 1722//1722
f 1659//1659 1726//1726 1722//1722
f 1722//1722 1726//1726 1723//1723
f 1726//1726 1727//1727 1723//1723
f 1723//1723 1727//1727 1724//1724
f 1727//1727 1728//1728 1724//1724
f 1724//1724 1728//1728 1725//1725
f 1728//1728 1729//1729 1725//1725
f 1659//1659 1658//1658 1726//1726
f 1658//1658 1730//1730 1726//1726
f 1726//1726 1730//1730 1727//1727
f 1730//1730 1731//1731 1727//1727
f 1727//1727 1731//1731 1728//1728
f 1731//1731 1732//1732 1728//1728
f 1728//1728 1732//1732 1729//1729
f 1732//1732 899//899 1729//1729
f 1658//1658 1733//1733 1730//1730
f 1733//1733 1734//1734 1730//1730
f 1730//1730 1734//1734 1731//1731
f 1734//1734 1735//1735 1731//1731
f 1731//1731 1735//1735 1732//1732
f 1735//1735 1736//1736 1732//1732
f 1732//1732 1736//1736 899//899
f 1736//1736 1273//1273 899//899
f 3016//3016 1738//1738 378//378
f 1738//1738 1739//1739 378//378
f 378//378 1739//1739 383//383
f 1739//1739 1740//1740 383//383
f 383//383 1740//1740 1737//1737
f 1740//1740 1741//1741 1737//1737
f 1737//1737 1741//1741 504//504
f 1741//1741 1742//1742 504//504
f 1738//1738 1752//1752 1739//1739
f 1752//1752 1743//1743 1739//1739
f 1739//1739 1743//1743 1740//1740
f 1743//1743 1744//1744 1740//1740
f 1740//1740 1744//1744 1741//1741
f 1744//1744 1745//1745 1741//1741
f 1741//1741 1745//1745 1742//1742
f 1745//1745 505//505 1742//1742
f 1752//1752 1753//1753 1743//1743
f 1753//1753 1746//1746 1743//1743
f 1743//1743 1746//1746 1744//1744
f 1746//1746 1747//1747 1744//1744
f 1744//1744 1747//1747 1745//1745
f 1747//1747 1748//1748 1745//1745
f 1745//1745 1748//1748 505//505
f 1748//1748 506//506 505//505
f 1753//1753 1754//1754 1746//1746
f 1754//1754 1749//1749 1746//1746
f 1746//1746 1749//1749 1747//1747
f 1749//1749 1750//1750 1747//1747
f 1747//1747 1750//1750 1748//1748
f 1750//1750 1751//1751 1748//1748
f 1748//1748 1751//1751 506//506
f 1751//1751 455//455 506//506
f 3016//3016 1755//1755 1738//1738
f 1755//1755 1756//1756 1738//1738
f 1738//1738 1756//1756 1752//1752
f 1756//1756 1757//1757 1752//1752
f 1752//1752 1757//1757 1753//1753
f 1757//1757 1758//1758 1753//1753
f 1753//1753 1758//1758 1754//1754
f 1758//1758 1759//1759 1754//1754
f 1755//1755 1760//1760 1756//1756
f 1760//1760 1761//1761 1756//1756
f 1756//1756 1761//1761 1757//1757
f 1761//1761 1762//1762 1757//1757
f 1757//1757 1762//1762 1758//1758
f 1762//1762 1763//1763 1758//1758
f 1758//1758 1763//1763 1759//1759
f 1763//1763 1764//1764 1759//1759
f 1760//1760 78//78 1761//1761
f 78//78 1765//1765 1761//1761
f 1761//1761 1765//1765 1762//1762
f 1765//1765 1766//1766 1762//1762
f 1762//1762 1766//1766 1763//1763
f 1766//1766 1767//1767 1763//1763
f 1763//1763 1767//1767 1764//1764
f 1767//1767 1768//1768 1764//1764
f 78//78 1769//1769 1765//1765
f 1769//1769 1770//1770 1765//1765
f 1765//1765 1770//1770 1766//1766
f 1770//1770 1771//1771 1766//1766
f 1766//1766 1771//1771 1767//1767
f 1771//1771 1772//1772 1767//1767
f 1767//1767 1772//1772 1768//1768
f 1772//1772 2102//2102 1768//1768
f 1117//1117 1774//1774 1820//1820
f 1774//1774 1775//1775 1820//1820
f 1820//1820 1775//1775 1816//1816
f 1775//1775 1776//1776 1816//1816
f 1816//1816 1776//1776 1773//1773
f 1776//1776 1777//1777 1773//1773
f 1773//1773 1777//1777 1808//1808
f 1777//1777 1778//1778 1808//1808
f 1774//1774 1116//1116 1775//1775
f 1116//1116 1779//1779 1775//1775
f 1775//1775 1779//1779 1776//1776
f 1779//1779 1780//1780 1776//1776
f 1776//1776 1780//1780 1777//1777
f 1780//1780 1781//1781 1777//1777
f 1777//1777 1781//1781 1778//1778
f 1781//1781 1782//1782 1778//1778
f 1116//1116 1783//1783 1779//1779
f 1783//1783 1784//1784 1779//1779
f 1779//1779 1784//1784 1780//1780
f 1784//1784 1785//1785 1780//1780
f 1780//1780 1785//1785 1781//1781
f 1785//1785 1786//1786 1781//1781
f 1781//1781 1786//1786 1782//1782
f 1786//1786 1790//1790 1782//1782
f 1783//1783 1787//1787 1784//1784
f 1787//1787 1882//1882 1784//1784
f 1784//1784 1882//1882 1785//1785
f 1882//1882 1877//1877 1785//1785
f 1785//1785 1877//1877 1786//1786
f 1877//1877 1788//1788 1786//1786
f 1786//1786 1788//1788 1790//1790
f 1788//1788 1789//1789 1790//1790
f 1789//1789 1791//1791 1790//1790
f 1791//1791 1792//1792 1790//1790
f 1790//1790 1792//1792 1782//1782
f 1792//1792 1793//1793 1782//1782
f 1782//1782 1793//1793 1778//1778
f 1793//1793 1794//1794 1778//1778
f 1778//1778 1794//1794 1808//1808
f 1794//1794 1795//1795 1808//1808
f 1791//1791 1796//1796 1792//1792
f 1796//1796 1797//1797 1792//1792
f 1792//1792 1797//1797 1793//1793
f 1797//1797 1798//1798 1793//1793
f 1793//1793 1798//1798 1794//1794
f 1798//1798 1799//1799 1794//1794
f 1794//1794 1799//1799 1795//1795
f 1799//1799 1807//1807 1795//1795
f 1796//1796 1800//1800 1797//1797
f 1800//1800 1801//1801 1797//1797
f 1797//1797 1801//1801 1798//1798
f 1801//1801 1802//1802 1798//1798
f 1798//1798 1802//1802 1799//1799
f 1802//1802 1803//1803 1799//1799
f 1799//1799 1803//1803 1807//1807
f 1803//1803 1804//1804 1807//1807
f 1800//1800 2474//2474 1801//1801
f 2474//2474 1805//1805 1801//1801
f 1801//1801 1805//1805 1802//1802
f 1805//1805 1806//1806 1802//1802
f 1802//1802 1806//1806 1803//1803
f 1806//1806 2488//2488 1803//1803
f 1803//1803 2488//2488 1804//1804
f 2488//2488 1888//1888 1804//1804
f 1888//1888 1809//1809 1804//1804
f 1809//1809 1810//1810 1804//1804
f 1804//1804 1810//1810 1807//1807
f 1810//1810 1811//1811 1807//1807
f 1807//1807 1811//1811 1795//1795
f 1811//1811 1812//1812 1795//1795
f 1795//1795 1812//1812 1808//1808
f 1812//1812 1773//1773 1808//1808
f 1809//1809 1889//1889 1810//1810
f 1889//1889 1813//1813 1810//1810
f 1810//1810 1813//1813 1811//1811
f 1813//1813 1814//1814 1811//1811
f 1811//1811 1814//1814 1812//1812
f 1814//1814 1815//1815 1812//1812
f 1812//1812 1815//1815 1773//1773
f 1815//1815 1816//1816 1773//1773
f 1889//1889 1890//1890 1813//1813
f 1890//1890 1817//1817 1813//1813
f 1813//1813 1817//1817 1814//1814
f 1817//1817 1818//1818 1814//1814
f 1814//1814 1818//1818 1815//1815
f 1818//1818 1819//1819 1815//1815
f 1815//1815 1819//1819 1816//1816
f 1819//1819 1820//1820 1816//1816
f 1890//1890 1891//1891 1817//1817
f 1891//1891 1912//1912 1817//1817
f 1817//1817 1912//1912 1818//1818
f 1912//1912 1917//1917 1818//1818
f 1818//1818 1917//1917 1819//1819
f 1917//1917 1921//1921 1819//1819
f 1819//1819 1921//1921 1820//1820
f 1921//1921 1117//1117 1820//1820
f 1705//1705 1824//1824 1821//1821
f 1824//1824 1825//1825 1821//1821
f 1821//1821 1825//1825 1822//1822
f 1825//1825 1826//1826 1822//1822
f 1822//1822 1826//1826 1823//1823
f 1826//1826 1827//1827 1823//1823
f 1823//1823 1827//1827 468//468
f 1827//1827 469//469 468//468
f 1824//1824 1828//1828 1825//1825
f 1828//1828 1829//1829 1825//1825
f 1825//1825 1829//1829 1826//1826
f 1829//1829 1830//1830 1826//1826
f 1826//1826 1830//1830 1827//1827
f 1830//1830 1831//1831 1827//1827
f 1827//1827 1831//1831 469//469
f 1831//1831 470//470 469//469
f 1828//1828 1832//1832 1829//1829
f 1832//1832 1833//1833 1829//1829
f 1829//1829 1833//1833 1830//1830
f 1833//1833 1834//1834 1830//1830
f 1830//1830 1834//1834 1831//1831
f 1834//1834 1835//1835 1831//1831
f 1831//1831 1835//1835 470//470
f 1835//1835 471//471 470//470
f 1832//1832 1836//1836 1833//1833
f 1836//1836 1298//1298 1833//1833
f 1833//1833 1298//1298 1834//1834
f 1298//1298 1294//1294 1834//1834
f 1834//1834 1294//1294 1835//1835
f 1294//1294 1290//1290 1835//1835
f 1835//1835 1290//1290 471//471
f 1290//1290 1837//1837 471//471
f 1085//1085 1838//1838 1886//1886
f 1838//1838 1839//1839 1886//1886
f 1886//1886 1839//1839 1881//1881
f 1839//1839 1840//1840 1881//1881
f 1881//1881 1840//1840 1876//1876
f 1840//1840 1841//1841 1876//1876
f 1876//1876 1841//1841 1856//1856
f 1841//1841 1855//1855 1856//1856
f 1838//1838 1842//1842 1839//1839
f 1842//1842 1843//1843 1839//1839
f 1839//1839 1843//1843 1840//1840
f 1843//1843 1844//1844 1840//1840
f 1840//1840 1844//1844 1841//1841
f 1844//1844 1845//1845 1841//1841
f 1841//1841 1845//1845 1855//1855
f 1845//1845 1854//1854 1855//1855
f 1842//1842 1846//1846 1843//1843
f 1846//1846 1847//1847 1843//1843
f 1843//1843 1847//1847 1844//1844
f 1847//1847 1848//1848 1844//1844
f 1844//1844 1848//1848 1845//1845
f 1848//1848 1849//1849 1845//1845
f 1845//1845 1849//1849 1854//1854
f 1849//1849 1850//1850 1854//1854
f 1846//1846 1851//1851 1847//1847
f 1851//1851 2270//2270 1847//1847
f 1847//1847 2270//2270 1848//1848
f 2270//2270 1852//1852 1848//1848
f 1848//1848 1852//1852 1849//1849
f 1852//1852 2261//2261 1849//1849
f 1849//1849 2261//2261 1850//1850
f 2261//2261 1853//1853 1850//1850
f 1853//1853 2606//2606 1850//1850
f 2606//2606 1857//1857 1850//1850
f 1850//1850 1857//1857 1854//1854
f 1857//1857 1858//1858 1854//1854
f 1854//1854 1858//1858 1855//1855
f 1858//1858 1859//1859 1855//1855
f 1855//1855 1859//1859 1856//1856
f 1859//1859 1860//1860 1856//1856
f 2606//2606 2605//2605 1857//1857
f 2605//2605 1861//1861 1857//1857
f 1857//1857 1861//1861 1858//1858
f 1861//1861 1862//1862 1858//1858
f 1858//1858 1862//1862 1859//1859
f 1862//1862 1863//1863 1859//1859
f 1859//1859 1863//1863 1860//1860
f 1863//1863 1864//1864 1860//1860
f 2605//2605 1865//1865 1861//1861
f 1865//1865 1866//1866 1861//1861
f 1861//1861 1866//1866 1862//1862
f 1866//1866 1867//1867 1862//1862
f 1862//1862 1867//1867 1863//1863
f 1867//1867 1868//1868 1863//1863
f 1863//1863 1868//1868 1864//1864
f 1868//1868 1872//1872 1864//1864
f 1865//1865 2604//2604 1866//1866
f 2604//2604 1869//1869 1866//1866
f 1866//1866 1869//1869 1867//1867
f 1869//1869 1870//1870 1867//1867
f 1867//1867 1870//1870 1868//1868
f 1870//1870 1871//1871 1868//1868
f 1868//1868 1871//1871 1872//1872
f 1871//1871 1789//1789 1872//1872
f 1789//1789 1788//1788 1872//1872
f 1788//1788 1873//1873 1872//1872
f 1872//1872 1873//1873 1864//1864
f 1873//1873 1874//1874 1864//1864
f 1864//1864 1874//1874 1860//1860
f 1874//1874 1875//1875 1860//1860
f 1860//1860 1875//1875 1856//1856
f 1875//1875 1876//1876 1856//1856
f 1788//1788 1877//1877 1873//1873
f 1877//1877 1878//1878 1873//1873
f 1873//1873 1878//1878 1874//1874
f 1878//1878 1879//1879 1874//1874
f 1874//1874 1879//1879 1875//1875
f 1879//1879 1880//1880 1875//1875
f 1875//1875 1880//1880 1876//1876
f 1880//1880 1881//1881 1876//1876
f 1877//1877 1882//1882 1878//1878
f 1882//1882 1883//1883 1878//1878
f 1878//1878 1883//1883 1879//1879
f 1883//1883 1884//1884 1879//1879
f 1879//1879 1884//1884 1880//1880
f 1884//1884 1885//1885 1880//1880
f 1880//1880 1885//1885 1881//1881
f 1885//1885 1886//1886 1881//1881
f 1882//1882 1787//1787 1883//1883
f 1787//1787 1112//1112 1883//1883
f 1883//1883 1112//1112 1884//1884
f 1112//1112 1108//1108 1884//1884
f 1884//1884 1108//1108 1885//1885
f 1108//1108 1887//1887 1885//1885
f 1885//1885 1887//1887 1886//1886
f 1887//1887 1085//1085 1886//1886
f 1888//1888 1892//1892 1809//1809
f 1892//1892 1893//1893 1809//1809
f 1809//1809 1893//1893 1889//1889
f 1893//1893 1894//1894 1889//1889
f 1889//1889 1894//1894 1890//1890
f 1894//1894 1895//1895 1890//1890
f 1890//1890 1895//1895 1891//1891
f 1895//1895 1896//1896 1891//1891
f 1892//1892 3193//3193 1893//1893
f 3193//3193 1897//1897 1893//1893
f 1893//1893 1897//1897 1894//1894
f 1897//1897 1898//1898 1894//1894
f 1894//1894 1898//1898 1895//1895
f 1898//1898 1899//1899 1895//1895
f 1895//1895 1899//1899 1896//1896
f 1899//1899 1907//1907 1896//1896
f 3193//3193 3192//3192 1897//1897
f 3192//3192 1900//1900 1897//1897
f 1897//1897 1900//1900 1898//1898
f 1900//1900 1901//1901 1898//1898
f 1898//1898 1901//1901 1899//1899
f 1901//1901 1902//1902 1899//1899
f 1899//1899 1902//1902 1907//1907
f 1902//1902 1906//1906 1907//1907
f 3192//3192 1903//1903 1900//1900
f 1903//1903 3214//3214 1900//1900
f 1900//1900 3214//3214 1901//1901
f 3214//3214 1904//1904 1901//1901
f 1901//1901 1904//1904 1902//1902
f 1904//1904 3223//3223 1902//1902
f 1902//1902 3223//3223 1906//1906
f 3223//3223 1905//1905 1906//1906
f 1905//1905 1908//1908 1906//1906
f 1908//1908 1909//1909 1906//1906
f 1906//1906 1909//1909 1907//1907
f 1909//1909 1910//1910 1907//1907
f 1907//1907 1910//1910 1896//1896
f 1910//1910 1911//1911 1896//1896
f 1896//1896 1911//1911 1891//1891
f 1911//1911 1912//1912 1891//1891
f 1908//1908 1913//1913 1909//1909
f 1913//1913 1914//1914 1909//1909
f 1909//1909 1914//1914 1910//1910
f 1914//1914 1915//1915 1910//1910
f 1910//1910 1915//1915 1911//1911
f 1915//1915 1916//1916 1911//1911
f 1911//1911 1916//1916 1912//1912
f 1916//1916 1917//1917 1912//1912
f 1913//1913 3162//3162 1914//1914
f 3162//3162 1918//1918 1914//1914
f 1914//1914 1918//1918 1915//1915
f 1918//1918 1919//1919 1915//1915
f 1915//1915 1919//1919 1916//1916
f 1919//1919 1920//1920 1916//1916
f 1916//1916 1920//1920 1917//1917
f 1920//1920 1921//1921 1917//1917
f 3162//3162 3163//3163 1918//1918
f 3163//3163 1201//1201 1918//1918
f 1918//1918 1201//1201 1919//1919
f 1201//1201 1922//1922 1919//1919
f 1919//1919 1922//1922 1920//1920
f 1922//1922 1193//1193 1920//1920
f 1920//1920 1193//1193 1921//1921
f 1193//1193 1117//1117 1921//1921
f 1923//1923 1926//1926 1924//1924
f 1926//1926 1927//1927 1924//1924
f 1924//1924 1927//1927 1153//1153
f 1927//1927 1928//1928 1153//1153
f 1153//1153 1928//1928 1925//1925
f 1928//1928 1929//1929 1925//1925
f 1925//1925 1929//1929 1161//1161
f 1929//1929 258//258 1161//1161
f 1926//1926 1930//1930 1927//1927
f 1930//1930 1931//1931 1927//1927
f 1927//1927 1931//1931 1928//1928
f 1931//1931 1932//1932 1928//1928
f 1928//1928 1932//1932 1929//1929
f 1932//1932 1933//1933 1929//1929
f 1929//1929 1933//1933 258//258
f 1933//1933 259//259 258//258
f 1930//1930 3082//3082 1931//1931
f 3082//3082 1934//1934 1931//1931
f 1931//1931 1934//1934 1932//1932
f 1934//1934 1935//1935 1932//1932
f 1932//1932 1935//1935 1933//1933
f 1935//1935 1936//1936 1933//1933
f 1933//1933 1936//1936 259//259
f 1936//1936 260//260 259//259
f 3082//3082 3083//3083 1934//1934
f 3083//3083 1937//1937 1934//1934
f 1934//1934 1937//1937 1935//1935
f 1937//1937 2776//2776 1935//1935
f 1935//1935 2776//2776 1936//1936
f 2776//2776 1938//1938 1936//1936
f 1936//1936 1938//1938 260//260
f 1938//1938 261//261 260//260
f 2626//2626 1940//1940 1987//1987
f 1940//1940 1941//1941 1987//1987
f 1987//1987 1941//1941 1939//1939
f 1941//1941 1942//1942 1939//1939
f 1939//1939 1942//1942 1978//1978
f 1942//1942 1943//1943 1978//1978
f 1978//1978 1943//1943 1958//1958
f 1943//1943 1957//1957 1958//1958
f 1940//1940 1944//1944 1941//1941
f 1944//1944 1945//1945 1941//1941
f 1941//1941 1945//1945 1942//1942
f 1945//1945 1946//1946 1942//1942
f 1942//1942 1946//1946 1943//1943
f 1946//1946 1947//1947 1943//1943
f 1943//1943 1947//1947 1957//1957
f 1947//1947 1948//1948 1957//1957
f 1944//1944 1949//1949 1945//1945
f 1949//1949 1950//1950 1945//1945
f 1945//1945 1950//1950 1946//1946
f 1950//1950 1951//1951 1946//1946
f 1946//1946 1951//1951 1947//1947
f 1951//1951 1952//1952 1947//1947
f 1947//1947 1952//1952 1948//1948
f 1952//1952 1953//1953 1948//1948
f 1949//1949 2051//2051 1950//1950
f 2051//2051 1954//1954 1950//1950
f 1950//1950 1954//1954 1951//1951
f 1954//1954 1955//1955 1951//1951
f 1951//1951 1955//1955 1952//1952
f 1955//1955 1956//1956 1952//1952
f 1952//1952 1956//1956 1953//1953
f 1956//1956 2020//2020 1953//1953
f 2020//2020 1959//1959 1953//1953
f 1959//1959 1960//1960 1953//1953
f 1953//1953 1960//1960 1948//1948
f 1960//1960 1961//1961 1948//1948
f 1948//1948 1961//1961 1957//1957
f 1961//1961 1962//1962 1957//1957
f 1957//1957 1962//1962 1958//1958
f 1962//1962 1963//1963 1958//1958
f 1959//1959 1964//1964 1960//1960
f 1964//1964 1965//1965 1960//1960
f 1960//1960 1965//1965 1961//1961
f 1965//1965 1966//1966 1961//1961
f 1961//1961 1966//1966 1962//1962
f 1966//1966 1967//1967 1962//1962
f 1962//1962 1967//1967 1963//1963
f 1967//1967 1968//1968 1963//1963
f 1964//1964 2082//2082 1965//1965
f 2082//2082 1969//1969 1965//1965
f 1965//1965 1969//1969 1966//1966
f 1969//1969 1970//1970 1966//1966
f 1966//1966 1970//1970 1967//1967
f 1970//1970 1971//1971 1967//1967
f 1967//1967 1971//1971 1968//1968
f 1971//1971 1972//1972 1968//1968
f 2082//2082 1973//1973 1969//1969
f 1973//1973 2090//2090 1969//1969
f 1969//1969 2090//2090 1970//1970
f 2090//2090 2094//2094 1970//1970
f 1970//1970 2094//2094 1971//1971
f 2094//2094 1974//1974 1971//1971
f 1971//1971 1974//1974 1972//1972
f 1974//1974 2101//2101 1972//1972
f 2101//2101 2846//2846 1972//1972
f 2846//2846 1975//1975 1972//1972
f 1972//1972 1975//1975 1968//1968
f 1975//1975 1976//1976 1968//1968
f 1968//1968 1976//1976 1963//1963
f 1976//1976 1977//1977 1963//1963
f 1963//1963 1977//1977 1958//1958
f 1977//1977 1978//1978 1958//1958
f 2846//2846 1979//1979 1975//1975
f 1979//1979 1980//1980 1975//1975
f 1975//1975 1980//1980 1976//1976
f 1980//1980 1981//1981 1976//1976
f 1976//1976 1981//1981 1977//1977
f 1981//1981 1982//1982 1977//1977
f 1977//1977 1982//1982 1978//1978
f 1982//1982 1939//1939 1978//1978
f 1979//1979 1983//1983 1980//1980
f 1983//1983 1984//1984 1980//1980
f 1980//1980 1984//1984 1981//1981
f 1984//1984 1985//1985 1981//1981
f 1981//1981 1985//1985 1982//1982
f 1985//1985 1986//1986 1982//1982
f 1982//1982 1986//1986 1939//1939
f 1986//1986 1987//1987 1939//1939
f 1983//1983 1988//1988 1984//1984
f 1988//1988 1989//1989 1984//1984
f 1984//1984 1989//1989 1985//1985
f 1989//1989 1990//1990 1985//1985
f 1985//1985 1990//1990 1986//1986
f 1990//1990 1991//1991 1986//1986
f 1986//1986 1991//1991 1987//1987
f 1991//1991 2626//2626 1987//1987
f 2038//2038 1643//1643 2035//2035
f 1643//1643 1992//1992 2035//2035
f 2035//2035 1992//1992 2030//2030
f 1992//1992 1993//1993 2030//2030
f 2030//2030 1993//1993 2026//2026
f 1993//1993 1994//1994 2026//2026
f 2026//2026 1994//1994 2007//2007
f 1994//1994 2006//2006 2007//2007
f 1643//1643 1642//1642 1992//1992
f 1642//1642 1995//1995 1992//1992
f 1992//1992 1995//1995 1993//1993
f 1995//1995 1996//1996 1993//1993
f 1993//1993 1996//1996 1994//1994
f 1996//1996 1997//1997 1994//1994
f 1994//1994 1997//1997 2006//2006
f 1997//1997 2005//2005 2006//2006
f 1642//1642 1998//1998 1995//1995
f 1998//1998 1999//1999 1995//1995
f 1995//1995 1999//1999 1996//1996
f 1999//1999 2000//2000 1996//1996
f 1996//1996 2000//2000 1997//1997
f 2000//2000 2001//2001 1997//1997
f 1997//1997 2001//2001 2005//2005
f 2001//2001 2002//2002 2005//2005
f 1998//1998 2106//2106 1999//1999
f 2106//2106 2110//2110 1999//1999
f 1999//1999 2110//2110 2000//2000
f 2110//2110 2003//2003 2000//2000
f 2000//2000 2003//2003 2001//2001
f 2003//2003 2004//2004 2001//2001
f 2001//2001 2004//2004 2002//2002
f 2004//2004 63//63 2002//2002
f 63//63 2008//2008 2002//2002
f 2008//2008 2009//2009 2002//2002
f 2002//2002 2009//2009 2005//2005
f 2009//2009 2010//2010 2005//2005
f 2005//2005 2010//2010 2006//2006
f 2010//2010 2011//2011 2006//2006
f 2006//2006 2011//2011 2007//2007
f 2011//2011 2022//2022 2007//2007
f 2008//2008 62//62 2009//2009
f 62//62 2012//2012 2009//2009
f 2009//2009 2012//2012 2010//2010
f 2012//2012 2013//2013 2010//2010
f 2010//2010 2013//2013 2011//2011
f 2013//2013 2014//2014 2011//2011
f 2011//2011 2014//2014 2022//2022
f 2014//2014 2021//2021 2022//2022
f 62//62 61//61 2012//2012
f 61//61 2015//2015 2012//2012
f 2012//2012 2015//2015 2013//2013
f 2015//2015 2016//2016 2013//2013
f 2013//2013 2016//2016 2014//2014
f 2016//2016 2017//2017 2014//2014
f 2014//2014 2017//2017 2021//2021
f 2017//2017 2018//2018 2021//2021
f 61//61 2019//2019 2015//2015
f 2019//2019 2072//2072 2015//2015
f 2015//2015 2072//2072 2016//2016
f 2072//2072 2077//2077 2016//2016
f 2016//2016 2077//2077 2017//2017
f 2077//2077 2081//2081 2017//2017
f 2017//2017 2081//2081 2018//2018
f 2081//2081 2020//2020 2018//2018
f 2020//2020 2039//2039 2018//2018
f 2039//2039 2023//2023 2018//2018
f 2018//2018 2023//2023 2021//2021
f 2023//2023 2024//2024 2021//2021
f 2021//2021 2024//2024 2022//2022
f 2024//2024 2025//2025 2022//2022
f 2022//2022 2025//2025 2007//2007
f 2025//2025 2026//2026 2007//2007
f 2039//2039 2040//2040 2023//2023
f 2040//2040 2027//2027 2023//2023
f 2023//2023 2027//2027 2024//2024
f 2027//2027 2028//2028 2024//2024
f 2024//2024 2028//2028 2025//2025
f 2028//2028 2029//2029 2025//2025
f 2025//2025 2029//2029 2026//2026
f 2029//2029 2030//2030 2026//2026
f 2040//2040 2031//2031 2027//2027
f 2031//2031 2032//2032 2027//2027
f 2027//2027 2032//2032 2028//2028
f 2032//2032 2033//2033 2028//2028
f 2028//2028 2033//2033 2029//2029
f 2033//2033 2034//2034 2029//2029
f 2029//2029 2034//2034 2030//2030
f 2034//2034 2035//2035 2030//2030
f 2031//2031 1253//1253 2032//2032
f 1253//1253 2036//2036 2032//2032
f 2032//2032 2036//2036 2033//2033
f 2036//2036 1246//1246 2033//2033
f 2033//2033 1246//1246 2034//2034
f 1246//1246 2037//2037 2034//2034
f 2034//2034 2037//2037 2035//2035
f 2037//2037 2038//2038 2035//2035
f 2020//2020 1956//1956 2039//2039
f 1956//1956 2041//2041 2039//2039
f 2039//2039 2041//2041 2040//2040
f 2041//2041 2042//2042 2040//2040
f 2040//2040 2042//2042 2031//2031
f 2042//2042 2043//2043 2031//2031
f 2031//2031 2043//2043 1253//1253
f 2043//2043 1254//1254 1253//1253
f 1956//1956 1955//1955 2041//2041
f 1955//1955 2044//2044 2041//2041
f 2041//2041 2044//2044 2042//2042
f 2044//2044 2045//2045 2042//2042
f 2042//2042 2045//2045 2043//2043
f 2045//2045 2046//2046 2043//2043
f 2043//2043 2046//2046 1254//1254
f 2046//2046 2047//2047 1254//1254
f 1955//1955 1954//1954 2044//2044
f 1954//1954 2048//2048 2044//2044
f 2044//2044 2048//2048 2045//2045
f 2048//2048 2049//2049 2045//2045
f 2045//2045 2049//2049 2046//2046
f 2049//2049 2050//2050 2046//2046
f 2046//2046 2050//2050 2047//2047
f 2050//2050 1255//1255 2047//2047
f 1954//1954 2051//2051 2048//2048
f 2051//2051 1547//1547 2048//2048
f 2048//2048 1547//1547 2049//2049
f 1547//1547 1543//1543 2049//2049
f 2049//2049 1543//1543 2050//2050
f 1543//1543 1538//1538 2050//2050
f 2050//2050 1538//1538 1255//1255
f 1538//1538 1534//1534 1255//1255
f 2626//2626 2625//2625 1553//1553
f 2625//2625 2053//2053 1553//1553
f 1553//1553 2053//2053 2052//2052
f 2053//2053 2054//2054 2052//2052
f 2052//2052 2054//2054 1560//1560
f 2054//2054 2055//2055 1560//1560
f 1560//1560 2055//2055 1565//1565
f 2055//2055 2056//2056 1565//1565
f 2625//2625 2057//2057 2053//2053
f 2057//2057 2058//2058 2053//2053
f 2053//2053 2058//2058 2054//2054
f 2058//2058 2059//2059 2054//2054
f 2054//2054 2059//2059 2055//2055
f 2059//2059 2060//2060 2055//2055
f 2055//2055 2060//2060 2056//2056
f 2060//2060 2061//2061 2056//2056
f 2057//2057 2624//2624 2058//2058
f 2624//2624 2062//2062 2058//2058
f 2058//2058 2062//2062 2059//2059
f 2062//2062 2063//2063 2059//2059
f 2059//2059 2063//2063 2060//2060
f 2063//2063 2064//2064 2060//2060
f 2060//2060 2064//2064 2061//2061
f 2064//2064 93//93 2061//2061
f 2624//2624 2623//2623 2062//2062
f 2623//2623 2065//2065 2062//2062
f 2062//2062 2065//2065 2063//2063
f 2065//2065 2696//2696 2063//2063
f 2063//2063 2696//2696 2064//2064
f 2696//2696 2701//2701 2064//2064
f 2064//2064 2701//2701 93//93
f 2701//2701 94//94 93//93
f 2083//2083 2084//2084 2066//2066
f 2084//2084 2069//2069 2066//2066
f 2066//2066 2069//2069 2067//2067
f 2069//2069 2070//2070 2067//2067
f 2067//2067 2070//2070 2068//2068
f 2070//2070 2071//2071 2068//2068
f 2068//2068 2071//2071 2019//2019
f 2071//2071 2072//2072 2019//2019
f 2084//2084 2073//2073 2069//2069
f 2073//2073 2074//2074 2069//2069
f 2069//2069 2074//2074 2070//2070
f 2074//2074 2075//2075 2070//2070
f 2070//2070 2075//2075 2071//2071
f 2075//2075 2076//2076 2071//2071
f 2071//2071 2076//2076 2072//2072
f 2076//2076 2077//2077 2072//2072
f 2073//2073 2085//2085 2074//2074
f 2085//2085 2078//2078 2074//2074
f 2074//2074 2078//2078 2075//2075
f 2078//2078 2079//2079 2075//2075
f 2075//2075 2079//2079 2076//2076
f 2079//2079 2080//2080 2076//2076
f 2076//2076 2080//2080 2077//2077
f 2080//2080 2081//2081 2077//2077
f 2085//2085 1973//1973 2078//2078
f 1973//1973 2082//2082 2078//2078
f 2078//2078 2082//2082 2079//2079
f 2082//2082 1964//1964 2079//2079
f 2079//2079 1964//1964 2080//2080
f 1964//1964 1959//1959 2080//2080
f 2080//2080 1959//1959 2081//2081
f 1959//1959 2020//2020 2081//2081
f 2083//2083 2086//2086 2084//2084
f 2086//2086 2087//2087 2084//2084
f 2084//2084 2087//2087 2073//2073
f 2087//2087 2088//2088 2073//2073
f 2073//2073 2088//2088 2085//2085
f 2088//2088 2089//2089 2085//2085
f 2085//2085 2089//2089 1973//1973
f 2089//2089 2090//2090 1973//1973
f 2086//2086 2879//2879 2087//2087
f 2879//2879 2091//2091 2087//2087
f 2087//2087 2091//2091 2088//2088
f 2091//2091 2092//2092 2088//2088
f 2088//2088 2092//2092 2089//2089
f 2092//2092 2093//2093 2089//2089
f 2089//2089 2093//2093 2090//2090
f 2093//2093 2094//2094 2090//2090
f 2879//2879 2880//2880 2091//2091
f 2880//2880 2095//2095 2091//2091
f 2091//2091 2095//2095 2092//2092
f 2095//2095 2096//2096 2092//2092
f 2092//2092 2096//2096 2093//2093
f 2096//2096 2097//2097 2093//2093
f 2093//2093 2097//2097 2094//2094
f 2097//2097 1974//1974 2094//2094
f 2880//2880 2098//2098 2095//2095
f 2098//2098 2825//2825 2095//2095
f 2095//2095 2825//2825 2096//2096
f 2825//2825 2099//2099 2096//2096
f 2096//2096 2099//2099 2097//2097
f 2099//2099 2100//2100 2097//2097
f 2097//2097 2100//2100 1974//1974
f 2100//2100 2101//2101 1974//1974
f 2102//2102 1772//1772 2103//2103
f 1772//1772 2107//2107 2103//2103
f 2103//2103 2107//2107 2104//2104
f 2107//2107 2108//2108 2104//2104
f 2104//2104 2108//2108 2105//2105
f 2108//2108 2109//2109 2105//2105
f 2105//2105 2109//2109 2106//2106
f 2109//2109 2110//2110 2106//2106
f 1772//1772 1771//1771 2107//2107
f 1771//1771 2111//2111 2107//2107
f 2107//2107 2111//2111 2108//2108
f 2111//2111 2112//2112 2108//2108
f 2108//2108 2112//2112 2109//2109
f 2112//2112 2113//2113 2109//2109
f 2109//2109 2113//2113 2110//2110
f 2113//2113 2003//2003 2110//2110
f 1771//1771 1770//1770 2111//2111
f 1770//1770 2114//2114 2111//2111
f 2111//2111 2114//2114 2112//2112
f 2114//2114 2115//2115 2112//2112
f 2112//2112 2115//2115 2113//2113
f 2115//2115 2116//2116 2113//2113
f 2113//2113 2116//2116 2003//2003
f 2116//2116 2004//2004 2003//2003
f 1770//1770 1769//1769 2114//2114
f 1769//1769 2117//2117 2114//2114
f 2114//2114 2117//2117 2115//2115
f 2117//2117 70//70 2115//2115
f 2115//2115 70//70 2116//2116
f 70//70 65//65 2116//2116
f 2116//2116 65//65 2004//2004
f 65//65 63//63 2004//2004
f 2689//2689 3487//3487 2118//2118
f 3487//3487 2120//2120 2118//2118
f 2118//2118 2120//2120 2160//2160
f 2120//2120 2121//2121 2160//2160
f 2160//2160 2121//2121 2119//2119
f 2121//2121 2122//2122 2119//2119
f 2119//2119 2122//2122 2136//2136
f 2122//2122 2135//2135 2136//2136
f 3487//3487 3488//3488 2120//2120
f 3488//3488 2123//2123 2120//2120
f 2120//2120 2123//2123 2121//2121
f 2123//2123 2124//2124 2121//2121
f 2121//2121 2124//2124 2122//2122
f 2124//2124 2125//2125 2122//2122
f 2122//2122 2125//2125 2135//2135
f 2125//2125 2126//2126 2135//2135
f 3488//3488 2127//2127 2123//2123
f 2127//2127 2128//2128 2123//2123
f 2123//2123 2128//2128 2124//2124
f 2128//2128 2129//2129 2124//2124
f 2124//2124 2129//2129 2125//2125
f 2129//2129 2130//2130 2125//2125
f 2125//2125 2130//2130 2126//2126
f 2130//2130 2131//2131 2126//2126
f 2127//2127 3257//3257 2128//2128
f 3257//3257 2132//2132 2128//2128
f 2128//2128 2132//2132 2129//2129
f 2132//2132 2133//2133 2129//2129
f 2129//2129 2133//2133 2130//2130
f 2133//2133 2134//2134 2130//2130
f 2130//2130 2134//2134 2131//2131
f 2134//2134 2167//2167 2131//2131
f 2167//2167 2137//2137 2131//2131
f 2137//2137 2138//2138 2131//2131
f 2131//2131 2138//2138 2126//2126
f 2138//2138 2139//2139 2126//2126
f 2126//2126 2139//2139 2135//2135
f 2139//2139 2140//2140 2135//2135
f 2135//2135 2140//2140 2136//2136
f 2140//2140 2153//2153 2136//2136
f 2137//2137 2141//2141 2138//2138
f 2141//2141 2142//2142 2138//2138
f 2138//2138 2142//2142 2139//2139
f 2142//2142 2143//2143 2139//2139
f 2139//2139 2143//2143 2140//2140
f 2143//2143 2144//2144 2140//2140
f 2140//2140 2144//2144 2153//2153
f 2144//2144 2145//2145 2153//2153
f 2141//2141 2146//2146 2142//2142
f 2146//2146 2147//2147 2142//2142
f 2142//2142 2147//2147 2143//2143
f 2147//2147 2148//2148 2143//2143
f 2143//2143 2148//2148 2144//2144
f 2148//2148 2149//2149 2144//2144
f 2144//2144 2149//2149 2145//2145
f 2149//2149 2150//2150 2145//2145
f 2146//2146 2185//2185 2147//2147
f 2185//2185 2151//2151 2147//2147
f 2147//2147 2151//2151 2148//2148
f 2151//2151 2152//2152 2148//2148
f 2148//2148 2152//2152 2149//2149
f 2152//2152 2197//2197 2149//2149
f 2149//2149 2197//2197 2150//2150
f 2197//2197 3596//3596 2150//2150
f 3596//3596 2657//2657 2150//2150
f 2657//2657 2154//2154 2150//2150
f 2150//2150 2154//2154 2145//2145
f 2154//2154 2155//2155 2145//2145
f 2145//2145 2155//2155 2153//2153
f 2155//2155 2156//2156 2153//2153
f 2153//2153 2156//2156 2136//2136
f 2156//2156 2119//2119 2136//2136
f 2657//2657 2658//2658 2154//2154
f 2658//2658 2157//2157 2154//2154
f 2154//2154 2157//2157 2155//2155
f 2157//2157 2158//2158 2155//2155
f 2155//2155 2158//2158 2156//2156
f 2158//2158 2159//2159 2156//2156
f 2156//2156 2159//2159 2119//2119
f 2159//2159 2160//2160 2119//2119
f 2658//2658 2161//2161 2157//2157
f 2161//2161 2162//2162 2157//2157
f 2157//2157 2162//2162 2158//2158
f 2162//2162 2163//2163 2158//2158
f 2158//2158 2163//2163 2159//2159
f 2163//2163 2164//2164 2159//2159
f 2159//2159 2164//2164 2160//2160
f 2164//2164 2118//2118 2160//2160
f 2161//2161 2165//2165 2162//2162
f 2165//2165 2681//2681 2162//2162
f 2162//2162 2681//2681 2163//2163
f 2681//2681 2166//2166 2163//2163
f 2163//2163 2166//2166 2164//2164
f 2166//2166 2688//2688 2164//2164
f 2164//2164 2688//2688 2118//2118
f 2688//2688 2689//2689 2118//2118
f 2167//2167 2168//2168 2137//2137
f 2168//2168 2169//2169 2137//2137
f 2137//2137 2169//2169 2141//2141
f 2169//2169 2170//2170 2141//2141
f 2141//2141 2170//2170 2146//2146
f 2170//2170 2171//2171 2146//2146
f 2146//2146 2171//2171 2185//2185
f 2171//2171 2172//2172 2185//2185
f 2168//2168 2967//2967 2169//2169
f 2967//2967 2173//2173 2169//2169
f 2169//2169 2173//2173 2170//2170
f 2173//2173 2174//2174 2170//2170
f 2170//2170 2174//2174 2171//2171
f 2174//2174 2175//2175 2171//2171
f 2171//2171 2175//2175 2172//2172
f 2175//2175 2176//2176 2172//2172
f 2967//2967 2968//2968 2173//2173
f 2968//2968 2177//2177 2173//2173
f 2173//2173 2177//2177 2174//2174
f 2177//2177 2178//2178 2174//2174
f 2174//2174 2178//2178 2175//2175
f 2178//2178 2179//2179 2175//2175
f 2175//2175 2179//2179 2176//2176
f 2179//2179 2184//2184 2176//2176
f 2968//2968 2180//2180 2177//2177
f 2180//2180 2181//2181 2177//2177
f 2177//2177 2181//2181 2178//2178
f 2181//2181 2182//2182 2178//2178
f 2178//2178 2182//2182 2179//2179
f 2182//2182 2183//2183 2179//2179
f 2179//2179 2183//2183 2184//2184
f 2183//2183 2507//2507 2184//2184
f 2507//2507 2186//2186 2184//2184
f 2186//2186 2187//2187 2184//2184
f 2184//2184 2187//2187 2176//2176
f 2187//2187 2188//2188 2176//2176
f 2176//2176 2188//2188 2172//2172
f 2188//2188 2189//2189 2172//2172
f 2172//2172 2189//2189 2185//2185
f 2189//2189 2151//2151 2185//2185
f 2186//2186 2232//2232 2187//2187
f 2232//2232 2190//2190 2187//2187
f 2187//2187 2190//2190 2188//2188
f 2190//2190 2191//2191 2188//2188
f 2188//2188 2191//2191 2189//2189
f 2191//2191 2192//2192 2189//2189
f 2189//2189 2192//2192 2151//2151
f 2192//2192 2152//2152 2151//2151
f 2232//2232 2193//2193 2190//2190
f 2193//2193 2194//2194 2190//2190
f 2190//2190 2194//2194 2191//2191
f 2194//2194 2195//2195 2191//2191
f 2191//2191 2195//2195 2192//2192
f 2195//2195 2196//2196 2192//2192
f 2192//2192 2196//2196 2152//2152
f 2196//2196 2197//2197 2152//2152
f 2193//2193 2198//2198 2194//2194
f 2198//2198 2199//2199 2194//2194
f 2194//2194 2199//2199 2195//2195
f 2199//2199 2200//2200 2195//2195
f 2195//2195 2200//2200 2196//2196
f 2200//2200 3144//3144 2196//2196
f 2196//2196 3144//3144 2197//2197
f 3144//3144 3596//3596 2197//2197
f 3099//3099 2203//2203 2245//2245
f 2203//2203 2204//2204 2245//2245
f 2245//2245 2204//2204 2201//2201
f 2204//2204 2205//2205 2201//2201
f 2201//2201 2205//2205 2202//2202
f 2205//2205 2206//2206 2202//2202
f 2202//2202 2206//2206 2219//2219
f 2206//2206 2218//2218 2219//2219
f 2203//2203 2207//2207 2204//2204
f 2207//2207 2208//2208 2204//2204
f 2204//2204 2208//2208 2205//2205
f 2208//2208 2209//2209 2205//2205
f 2205//2205 2209//2209 2206//2206
f 2209//2209 2210//2210 2206//2206
f 2206//2206 2210//2210 2218//2218
f 2210//2210 2211//2211 2218//2218
f 2207//2207 3100//3100 2208//2208
f 3100//3100 2212//2212 2208//2208
f 2208//2208 2212//2212 2209//2209
f 2212//2212 2213//2213 2209//2209
f 2209//2209 2213//2213 2210//2210
f 2213//2213 2214//2214 2210//2210
f 2210//2210 2214//2214 2211//2211
f 2214//2214 2215//2215 2211//2211
f 3100//3100 2216//2216 2212//2212
f 2216//2216 3121//3121 2212//2212
f 2212//2212 3121//3121 2213//2213
f 3121//3121 3126//3126 2213//2213
f 2213//2213 3126//3126 2214//2214
f 3126//3126 3131//3131 2214//2214
f 2214//2214 3131//3131 2215//2215
f 3131//3131 2217//2217 2215//2215
f 2217//2217 2220//2220 2215//2215
f 2220//2220 2221//2221 2215//2215
f 2215//2215 2221//2221 2211//2211
f 2221//2221 2222//2222 2211//2211
f 2211//2211 2222//2222 2218//2218
f 2222//2222 2223//2223 2218//2218
f 2218//2218 2223//2223 2219//2219
f 2223//2223 2224//2224 2219//2219
f 2220//2220 2225//2225 2221//2221
f 2225//2225 2226//2226 2221//2221
f 2221//2221 2226//2226 2222//2222
f 2226//2226 2227//2227 2222//2222
f 2222//2222 2227//2227 2223//2223
f 2227//2227 2228//2228 2223//2223
f 2223//2223 2228//2228 2224//2224
f 2228//2228 2234//2234 2224//2224
f 2225//2225 3132//3132 2226//2226
f 3132//3132 2229//2229 2226//2226
f 2226//2226 2229//2229 2227//2227
f 2229//2229 2230//2230 2227//2227
f 2227//2227 2230//2230 2228//2228
f 2230//2230 2231//2231 2228//2228
f 2228//2228 2231//2231 2234//2234
f 2231//2231 2233//2233 2234//2234
f 3132//3132 2198//2198 2229//2229
f 2198//2198 2193//2193 2229//2229
f 2229//2229 2193//2193 2230//2230
f 2193//2193 2232//2232 2230//2230
f 2230//2230 2232//2232 2231//2231
f 2232//2232 2186//2186 2231//2231
f 2231//2231 2186//2186 2233//2233
f 2186//2186 2507//2507 2233//2233
f 2507//2507 2506//2506 2233//2233
f 2506//2506 2235//2235 2233//2233
f 2233//2233 2235//2235 2234//2234
f 2235//2235 2236//2236 2234//2234
f 2234//2234 2236//2236 2224//2224
f 2236//2236 2237//2237 2224//2224
f 2224//2224 2237//2237 2219//2219
f 2237//2237 2202//2202 2219//2219
f 2506//2506 2505//2505 2235//2235
f 2505//2505 2238//2238 2235//2235
f 2235//2235 2238//2238 2236//2236
f 2238//2238 2239//2239 2236//2236
f 2236//2236 2239//2239 2237//2237
f 2239//2239 2240//2240 2237//2237
f 2237//2237 2240//2240 2202//2202
f 2240//2240 2201//2201 2202//2202
f 2505//2505 2241//2241 2238//2238
f 2241//2241 2242//2242 2238//2238
f 2238//2238 2242//2242 2239//2239
f 2242//2242 2243//2243 2239//2239
f 2239//2239 2243//2243 2240//2240
f 2243//2243 2244//2244 2240//2240
f 2240//2240 2244//2244 2201//2201
f 2244//2244 2245//2245 2201//2201
f 2241//2241 2504//2504 2242//2242
f 2504//2504 2955//2955 2242//2242
f 2242//2242 2955//2955 2243//2243
f 2955//2955 2960//2960 2243//2243
f 2243//2243 2960//2960 2244//2244
f 2960//2960 2246//2246 2244//2244
f 2244//2244 2246//2246 2245//2245
f 2246//2246 3099//3099 2245//2245
f 2704//2704 2705//2705 692//692
f 2705//2705 2249//2249 692//692
f 692//692 2249//2249 2247//2247
f 2249//2249 2250//2250 2247//2247
f 2247//2247 2250//2250 2248//2248
f 2250//2250 2251//2251 2248//2248
f 2248//2248 2251//2251 704//704
f 2251//2251 2252//2252 704//704
f 2705//2705 2706//2706 2249//2249
f 2706//2706 2253//2253 2249//2249
f 2249//2249 2253//2253 2250//2250
f 2253//2253 2254//2254 2250//2250
f 2250//2250 2254//2254 2251//2251
f 2254//2254 2255//2255 2251//2251
f 2251//2251 2255//2255 2252//2252
f 2255//2255 2260//2260 2252//2252
f 2706//2706 2707//2707 2253//2253
f 2707//2707 2256//2256 2253//2253
f 2253//2253 2256//2256 2254//2254
f 2256//2256 2257//2257 2254//2254
f 2254//2254 2257//2257 2255//2255
f 2257//2257 2258//2258 2255//2255
f 2255//2255 2258//2258 2260//2260
f 2258//2258 2259//2259 2260//2260
f 2707//2707 2708//2708 2256//2256
f 2708//2708 2729//2729 2256//2256
f 2256//2256 2729//2729 2257//2257
f 2729//2729 2734//2734 2257//2257
f 2257//2257 2734//2734 2258//2258
f 2734//2734 2739//2739 2258//2258
f 2258//2258 2739//2739 2259//2259
f 2739//2739 1853//1853 2259//2259
f 1853//1853 2261//2261 2259//2259
f 2261//2261 2262//2262 2259//2259
f 2259//2259 2262//2262 2260//2260
f 2262//2262 2263//2263 2260//2260
f 2260//2260 2263//2263 2252//2252
f 2263//2263 2264//2264 2252//2252
f 2252//2252 2264//2264 704//704
f 2264//2264 2265//2265 704//704
f 2261//2261 1852//1852 2262//2262
f 1852//1852 2266//2266 2262//2262
f 2262//2262 2266//2266 2263//2263
f 2266//2266 2267//2267 2263//2263
f 2263//2263 2267//2267 2264//2264
f 2267//2267 2268//2268 2264//2264
f 2264//2264 2268//2268 2265//2265
f 2268//2268 2269//2269 2265//2265
f 1852//1852 2270//2270 2266//2266
f 2270//2270 2271//2271 2266//2266
f 2266//2266 2271//2271 2267//2267
f 2271//2271 2272//2272 2267//2267
f 2267//2267 2272//2272 2268//2268
f 2272//2272 2273//2273 2268//2268
f 2268//2268 2273//2273 2269//2269
f 2273//2273 2274//2274 2269//2269
f 2270//2270 1851//1851 2271//2271
f 1851//1851 2323//2323 2271//2271
f 2271//2271 2323//2323 2272//2272
f 2323//2323 2275//2275 2272//2272
f 2272//2272 2275//2275 2273//2273
f 2275//2275 2276//2276 2273//2273
f 2273//2273 2276//2276 2274//2274
f 2276//2276 2313//2313 2274//2274
f 1567//1567 3438//3438 1211//1211
f 3438//3438 2279//2279 1211//1211
f 1211//1211 2279//2279 2277//2277
f 2279//2279 2280//2280 2277//2277
f 2277//2277 2280//2280 1219//1219
f 2280//2280 2281//2281 1219//1219
f 1219//1219 2281//2281 2278//2278
f 2281//2281 2295//2295 2278//2278
f 3438//3438 2282//2282 2279//2279
f 2282//2282 2283//2283 2279//2279
f 2279//2279 2283//2283 2280//2280
f 2283//2283 2284//2284 2280//2280
f 2280//2280 2284//2284 2281//2281
f 2284//2284 2285//2285 2281//2281
f 2281//2281 2285//2285 2295//2295
f 2285//2285 2294//2294 2295//2295
f 2282//2282 2286//2286 2283//2283
f 2286//2286 2287//2287 2283//2283
f 2283//2283 2287//2287 2284//2284
f 2287//2287 2288//2288 2284//2284
f 2284//2284 2288//2288 2285//2285
f 2288//2288 2289//2289 2285//2285
f 2285//2285 2289//2289 2294//2294
f 2289//2289 2290//2290 2294//2294
f 2286//2286 2291//2291 2287//2287
f 2291//2291 2292//2292 2287//2287
f 2287//2287 2292//2292 2288//2288
f 2292//2292 2293//2293 2288//2288
f 2288//2288 2293//2293 2289//2289
f 2293//2293 3002//3002 2289//2289
f 2289//2289 3002//3002 2290//2290
f 3002//3002 15//15 2290//2290
f 15//15 2296//2296 2290//2290
f 2296//2296 2297//2297 2290//2290
f 2290//2290 2297//2297 2294//2294
f 2297//2297 2298//2298 2294//2294
f 2294//2294 2298//2298 2295//2295
f 2298//2298 2299//2299 2295//2295
f 2295//2295 2299//2299 2278//2278
f 2299//2299 2300//2300 2278//2278
f 2296//2296 2301//2301 2297//2297
f 2301//2301 2302//2302 2297//2297
f 2297//2297 2302//2302 2298//2298
f 2302//2302 2303//2303 2298//2298
f 2298//2298 2303//2303 2299//2299
f 2303//2303 2304//2304 2299//2299
f 2299//2299 2304//2304 2300//2300
f 2304//2304 2305//2305 2300//2300
f 2301//2301 3052//3052 2302//2302
f 3052//3052 2306//2306 2302//2302
f 2302//2302 2306//2306 2303//2303
f 2306//2306 2307//2307 2303//2303
f 2303//2303 2307//2307 2304//2304
f 2307//2307 2308//2308 2304//2304
f 2304//2304 2308//2308 2305//2305
f 2308//2308 2309//2309 2305//2305
f 3052//3052 3051//3051 2306//2306
f 3051//3051 2310//2310 2306//2306
f 2306//2306 2310//2310 2307//2307
f 2310//2310 2311//2311 2307//2307
f 2307//2307 2311//2311 2308//2308
f 2311//2311 3364//3364 2308//2308
f 2308//2308 3364//3364 2309//2309
f 3364//3364 2312//2312 2309//2309
f 2313//2313 2276//2276 2314//2314
f 2276//2276 2316//2316 2314//2314
f 2314//2314 2316//2316 2315//2315
f 2316//2316 2317//2317 2315//2315
f 2315//2315 2317//2317 640//640
f 2317//2317 2318//2318 640//640
f 640//640 2318//2318 2329//2329
f 2318//2318 2319//2319 2329//2329
f 2276//2276 2275//2275 2316//2316
f 2275//2275 2320//2320 2316//2316
f 2316//2316 2320//2320 2317//2317
f 2320//2320 2321//2321 2317//2317
f 2317//2317 2321//2321 2318//2318
f 2321//2321 2322//2322 2318//2318
f 2318//2318 2322//2322 2319//2319
f 2322//2322 2328//2328 2319//2319
f 2275//2275 2323//2323 2320//2320
f 2323//2323 2324//2324 2320//2320
f 2320//2320 2324//2324 2321//2321
f 2324//2324 2325//2325 2321//2321
f 2321//2321 2325//2325 2322//2322
f 2325//2325 2326//2326 2322//2322
f 2322//2322 2326//2326 2328//2328
f 2326//2326 2327//2327 2328//2328
f 2323//2323 1851//1851 2324//2324
f 1851//1851 1846//1846 2324//2324
f 2324//2324 1846//1846 2325//2325
f 1846//1846 1842//1842 2325//2325
f 2325//2325 1842//1842 2326//2326
f 1842//1842 1838//1838 2326//2326
f 2326//2326 1838//1838 2327//2327
f 1838//1838 1085//1085 2327//2327
f 1085//1085 2330//2330 2327//2327
f 2330//2330 2331//2331 2327//2327
f 2327//2327 2331//2331 2328//2328
f 2331//2331 2332//2332 2328//2328
f 2328//2328 2332//2332 2319//2319
f 2332//2332 2333//2333 2319//2319
f 2319//2319 2333//2333 2329//2329
f 2333//2333 2334//2334 2329//2329
f 2330//2330 2335//2335 2331//2331
f 2335//2335 2336//2336 2331//2331
f 2331//2331 2336//2336 2332//2332
f 2336//2336 2337//2337 2332//2332
f 2332//2332 2337//2337 2333//2333
f 2337//2337 2338//2338 2333//2333
f 2333//2333 2338//2338 2334//2334
f 2338//2338 2339//2339 2334//2334
f 2335//2335 2340//2340 2336//2336
f 2340//2340 2341//2341 2336//2336
f 2336//2336 2341//2341 2337//2337
f 2341//2341 2342//2342 2337//2337
f 2337//2337 2342//2342 2338//2338
f 2342//2342 2343//2343 2338//2338
f 2338//2338 2343//2343 2339//2339
f 2343//2343 645//645 2339//2339
f 2340//2340 2344//2344 2341//2341
f 2344//2344 1608//1608 2341//2341
f 2341//2341 1608//1608 2342//2342
f 1608//1608 1604//1604 2342//2342
f 2342//2342 1604//1604 2343//2343
f 1604//1604 1600//1600 2343//2343
f 2343//2343 1600//1600 645//645
f 1600//1600 584//584 645//645
f 375//375 2347//2347 2392//2392
f 2347//2347 2348//2348 2392//2392
f 2392//2392 2348//2348 2387//2387
f 2348//2348 2349//2349 2387//2387
f 2387//2387 2349//2349 2345//2345
f 2349//2349 2350//2350 2345//2345
f 2345//2345 2350//2350 2346//2346
f 2350//2350 2351//2351 2346//2346
f 2347//2347 374//374 2348//2348
f 374//374 2352//2352 2348//2348
f 2348//2348 2352//2352 2349//2349
f 2352//2352 2353//2353 2349//2349
f 2349//2349 2353//2353 2350//2350
f 2353//2353 2354//2354 2350//2350
f 2350//2350 2354//2354 2351//2351
f 2354//2354 2355//2355 2351//2351
f 374//374 373//373 2352//2352
f 373//373 2356//2356 2352//2352
f 2352//2352 2356//2356 2353//2353
f 2356//2356 2357//2357 2353//2353
f 2353//2353 2357//2357 2354//2354
f 2357//2357 2358//2358 2354//2354
f 2354//2354 2358//2358 2355//2355
f 2358//2358 2361//2361 2355//2355
f 373//373 2538//2538 2356//2356
f 2538//2538 2359//2359 2356//2356
f 2356//2356 2359//2359 2357//2357
f 2359//2359 2546//2546 2357//2357
f 2357//2357 2546//2546 2358//2358
f 2546//2546 2360//2360 2358//2358
f 2358//2358 2360//2360 2361//2361
f 2360//2360 2535//2535 2361//2361
f 2535//2535 2362//2362 2361//2361
f 2362//2362 2363//2363 2361//2361
f 2361//2361 2363//2363 2355//2355
f 2363//2363 2364//2364 2355//2355
f 2355//2355 2364//2364 2351//2351
f 2364//2364 2365//2365 2351//2351
f 2351//2351 2365//2365 2346//2346
f 2365//2365 2366//2366 2346//2346
f 2362//2362 2367//2367 2363//2363
f 2367//2367 2368//2368 2363//2363
f 2363//2363 2368//2368 2364//2364
f 2368//2368 2369//2369 2364//2364
f 2364//2364 2369//2369 2365//2365
f 2369//2369 2370//2370 2365//2365
f 2365//2365 2370//2370 2366//2366
f 2370//2370 2371//2371 2366//2366
f 2367//2367 3425//3425 2368//2368
f 3425//3425 2372//2372 2368//2368
f 2368//2368 2372//2372 2369//2369
f 2372//2372 2373//2373 2369//2369
f 2369//2369 2373//2373 2370//2370
f 2373//2373 2374//2374 2370//2370
f 2370//2370 2374//2374 2371//2371
f 2374//2374 2375//2375 2371//2371
f 3425//3425 2376//2376 2372//2372
f 2376//2376 2377//2377 2372//2372
f 2372//2372 2377//2377 2373//2373
f 2377//2377 2378//2378 2373//2373
f 2373//2373 2378//2378 2374//2374
f 2378//2378 132//132 2374//2374
f 2374//2374 132//132 2375//2375
f 132//132 2379//2379 2375//2375
f 2379//2379 2380//2380 2375//2375
f 2380//2380 2381//2381 2375//2375
f 2375//2375 2381//2381 2371//2371
f 2381//2381 2382//2382 2371//2371
f 2371//2371 2382//2382 2366//2366
f 2382//2382 2383//2383 2366//2366
f 2366//2366 2383//2383 2346//2346
f 2383//2383 2345//2345 2346//2346
f 2380//2380 3567//3567 2381//2381
f 3567//3567 2384//2384 2381//2381
f 2381//2381 2384//2384 2382//2382
f 2384//2384 2385//2385 2382//2382
f 2382//2382 2385//2385 2383//2383
f 2385//2385 2386//2386 2383//2383
f 2383//2383 2386//2386 2345//2345
f 2386//2386 2387//2387 2345//2345
f 3567//3567 2388//2388 2384//2384
f 2388//2388 2389//2389 2384//2384
f 2384//2384 2389//2389 2385//2385
f 2389//2389 2390//2390 2385//2385
f 2385//2385 2390//2390 2386//2386
f 2390//2390 2391//2391 2386//2386
f 2386//2386 2391//2391 2387//2387
f 2391//2391 2392//2392 2387//2387
f 2388//2388 2393//2393 2389//2389
f 2393//2393 515//515 2389//2389
f 2389//2389 515//515 2390//2390
f 515//515 2394//2394 2390//2390
f 2390//2390 2394//2394 2391//2391
f 2394//2394 2395//2395 2391//2391
f 2391//2391 2395//2395 2392//2392
f 2395//2395 375//375 2392//2392
f 2447//2447 2398//2398 2396//2396
f 2398//2398 2399//2399 2396//2396
f 2396//2396 2399//2399 2441//2441
f 2399//2399 2400//2400 2441//2441
f 2441//2441 2400//2400 2397//2397
f 2400//2400 2401//2401 2397//2397
f 2397//2397 2401//2401 2416//2416
f 2401//2401 2415//2415 2416//2416
f 2398//2398 2402//2402 2399//2399
f 2402//2402 2403//2403 2399//2399
f 2399//2399 2403//2403 2400//2400
f 2403//2403 2404//2404 2400//2400
f 2400//2400 2404//2404 2401//2401
f 2404//2404 2405//2405 2401//2401
f 2401//2401 2405//2405 2415//2415
f 2405//2405 2406//2406 2415//2415
f 2402//2402 2407//2407 2403//2403
f 2407//2407 2408//2408 2403//2403
f 2403//2403 2408//2408 2404//2404
f 2408//2408 2409//2409 2404//2404
f 2404//2404 2409//2409 2405//2405
f 2409//2409 2410//2410 2405//2405
f 2405//2405 2410//2410 2406//2406
f 2410//2410 2414//2414 2406//2406
f 2407//2407 2411//2411 2408//2408
f 2411//2411 3061//3061 2408//2408
f 2408//2408 3061//3061 2409//2409
f 3061//3061 2412//2412 2409//2409
f 2409//2409 2412//2412 2410//2410
f 2412//2412 2413//2413 2410//2410
f 2410//2410 2413//2413 2414//2414
f 2413//2413 3070//3070 2414//2414
f 3070//3070 2417//2417 2414//2414
f 2417//2417 2418//2418 2414//2414
f 2414//2414 2418//2418 2406//2406
f 2418//2418 2419//2419 2406//2406
f 2406//2406 2419//2419 2415//2415
f 2419//2419 2420//2420 2415//2415
f 2415//2415 2420//2420 2416//2416
f 2420//2420 2433//2433 2416//2416
f 2417//2417 945//945 2418//2418
f 945//945 2421//2421 2418//2418
f 2418//2418 2421//2421 2419//2419
f 2421//2421 2422//2422 2419//2419
f 2419//2419 2422//2422 2420//2420
f 2422//2422 2423//2423 2420//2420
f 2420//2420 2423//2423 2433//2433
f 2423//2423 2432//2432 2433//2433
f 945//945 944//944 2421//2421
f 944//944 2424//2424 2421//2421
f 2421//2421 2424//2424 2422//2422
f 2424//2424 2425//2425 2422//2422
f 2422//2422 2425//2425 2423//2423
f 2425//2425 2426//2426 2423//2423
f 2423//2423 2426//2426 2432//2432
f 2426//2426 2431//2431 2432//2432
f 944//944 2427//2427 2424//2424
f 2427//2427 2428//2428 2424//2424
f 2424//2424 2428//2428 2425//2425
f 2428//2428 2429//2429 2425//2425
f 2425//2425 2429//2429 2426//2426
f 2429//2429 2430//2430 2426//2426
f 2426//2426 2430//2430 2431//2431
f 2430//2430 2535//2535 2431//2431
f 2535//2535 2434//2434 2431//2431
f 2434//2434 2435//2435 2431//2431
f 2431//2431 2435//2435 2432//2432
f 2435//2435 2436//2436 2432//2432
f 2432//2432 2436//2436 2433//2433
f 2436//2436 2437//2437 2433//2433
f 2433//2433 2437//2437 2416//2416
f 2437//2437 2397//2397 2416//2416
f 2434//2434 2552//2552 2435//2435
f 2552//2552 2438//2438 2435//2435
f 2435//2435 2438//2438 2436//2436
f 2438//2438 2439//2439 2436//2436
f 2436//2436 2439//2439 2437//2437
f 2439//2439 2440//2440 2437//2437
f 2437//2437 2440//2440 2397//2397
f 2440//2440 2441//2441 2397//2397
f 2552//2552 2442//2442 2438//2438
f 2442//2442 2443//2443 2438//2438
f 2438//2438 2443//2443 2439//2439
f 2443//2443 2444//2444 2439//2439
f 2439//2439 2444//2444 2440//2440
f 2444//2444 2445//2445 2440//2440
f 2440//2440 2445//2445 2441//2441
f 2445//2445 2396//2396 2441//2441
f 2442//2442 2551//2551 2443//2443
f 2551//2551 2874//2874 2443//2443
f 2443//2443 2874//2874 2444//2444
f 2874//2874 2869//2869 2444//2444
f 2444//2444 2869//2869 2445//2445
f 2869//2869 2446//2446 2445//2445
f 2445//2445 2446//2446 2396//2396
f 2446//2446 2447//2447 2396//2396
f 1789//1789 1871//1871 2448//2448
f 1871//1871 2451//2451 2448//2448
f 2448//2448 2451//2451 2449//2449
f 2451//2451 2452//2452 2449//2449
f 2449//2449 2452//2452 2466//2466
f 2452//2452 2453//2453 2466//2466
f 2466//2466 2453//2453 2450//2450
f 2453//2453 1499//1499 2450//2450
f 1871//1871 1870//1870 2451//2451
f 1870//1870 2454//2454 2451//2451
f 2451//2451 2454//2454 2452//2452
f 2454//2454 2455//2455 2452//2452
f 2452//2452 2455//2455 2453//2453
f 2455//2455 2456//2456 2453//2453
f 2453//2453 2456//2456 1499//1499
f 2456//2456 2457//2457 1499//1499
f 1870//1870 1869//1869 2454//2454
f 1869//1869 2458//2458 2454//2454
f 2454//2454 2458//2458 2455//2455
f 2458//2458 2459//2459 2455//2455
f 2455//2455 2459//2459 2456//2456
f 2459//2459 2460//2460 2456//2456
f 2456//2456 2460//2460 2457//2457
f 2460//2460 1500//1500 2457//2457
f 1869//1869 2604//2604 2458//2458
f 2604//2604 2600//2600 2458//2458
f 2458//2458 2600//2600 2459//2459
f 2600//2600 2461//2461 2459//2459
f 2459//2459 2461//2461 2460//2460
f 2461//2461 2591//2591 2460//2460
f 2460//2460 2591//2591 1500//1500
f 2591//2591 2586//2586 1500//1500
f 2947//2947 2475//2475 2462//2462
f 2475//2475 2463//2463 2462//2462
f 2462//2462 2463//2463 1490//1490
f 2463//2463 2464//2464 1490//1490
f 1490//1490 2464//2464 1494//1494
f 2464//2464 2465//2465 1494//1494
f 1494//1494 2465//2465 2450//2450
f 2465//2465 2466//2466 2450//2450
f 2475//2475 2467//2467 2463//2463
f 2467//2467 2468//2468 2463//2463
f 2463//2463 2468//2468 2464//2464
f 2468//2468 2469//2469 2464//2464
f 2464//2464 2469//2469 2465//2465
f 2469//2469 2470//2470 2465//2465
f 2465//2465 2470//2470 2466//2466
f 2470//2470 2449//2449 2466//2466
f 2467//2467 2476//2476 2468//2468
f 2476//2476 2471//2471 2468//2468
f 2468//2468 2471//2471 2469//2469
f 2471//2471 2472//2472 2469//2469
f 2469//2469 2472//2472 2470//2470
f 2472//2472 2473//2473 2470//2470
f 2470//2470 2473//2473 2449//2449
f 2473//2473 2448//2448 2449//2449
f 2476//2476 2474//2474 2471//2471
f 2474//2474 1800//1800 2471//2471
f 2471//2471 1800//1800 2472//2472
f 1800//1800 1796//1796 2472//2472
f 2472//2472 1796//1796 2473//2473
f 1796//1796 1791//1791 2473//2473
f 2473//2473 1791//1791 2448//2448
f 1791//1791 1789//1789 2448//2448
f 2947//2947 2477//2477 2475//2475
f 2477//2477 2478//2478 2475//2475
f 2475//2475 2478//2478 2467//2467
f 2478//2478 2479//2479 2467//2467
f 2467//2467 2479//2479 2476//2476
f 2479//2479 2480//2480 2476//2476
f 2476//2476 2480//2480 2474//2474
f 2480//2480 1805//1805 2474//2474
f 2477//2477 2481//2481 2478//2478
f 2481//2481 2482//2482 2478//2478
f 2478//2478 2482//2482 2479//2479
f 2482//2482 2483//2483 2479//2479
f 2479//2479 2483//2483 2480//2480
f 2483//2483 2484//2484 2480//2480
f 2480//2480 2484//2484 1805//1805
f 2484//2484 1806//1806 1805//1805
f 2481//2481 2492//2492 2482//2482
f 2492//2492 2485//2485 2482//2482
f 2482//2482 2485//2485 2483//2483
f 2485//2485 2486//2486 2483//2483
f 2483//2483 2486//2486 2484//2484
f 2486//2486 2487//2487 2484//2484
f 2484//2484 2487//2487 1806//1806
f 2487//2487 2488//2488 1806//1806
f 2492//2492 2493//2493 2485//2485
f 2493//2493 2489//2489 2485//2485
f 2485//2485 2489//2489 2486//2486
f 2489//2489 2490//2490 2486//2486
f 2486//2486 2490//2490 2487//2487
f 2490//2490 2491//2491 2487//2487
f 2487//2487 2491//2491 2488//2488
f 2491//2491 1888//1888 2488//2488
f 2947//2947 2948//2948 2477//2477
f 2948//2948 2494//2494 2477//2477
f 2477//2477 2494//2494 2481//2481
f 2494//2494 2495//2495 2481//2481
f 2481//2481 2495//2495 2492//2492
f 2495//2495 2496//2496 2492//2492
f 2492//2492 2496//2496 2493//2493
f 2496//2496 2509//2509 2493//2493
f 2948//2948 2949//2949 2494//2494
f 2949//2949 2497//2497 2494//2494
f 2494//2494 2497//2497 2495//2495
f 2497//2497 2498//2498 2495//2495
f 2495//2495 2498//2498 2496//2496
f 2498//2498 2499//2499 2496//2496
f 2496//2496 2499//2499 2509//2509
f 2499//2499 2508//2508 2509//2509
f 2949//2949 2950//2950 2497//2497
f 2950//2950 2500//2500 2497//2497
f 2497//2497 2500//2500 2498//2498
f 2500//2500 2501//2501 2498//2498
f 2498//2498 2501//2501 2499//2499
f 2501//2501 2502//2502 2499//2499
f 2499//2499 2502//2502 2508//2508
f 2502//2502 2503//2503 2508//2508
f 2950//2950 2504//2504 2500//2500
f 2504//2504 2241//2241 2500//2500
f 2500//2500 2241//2241 2501//2501
f 2241//2241 2505//2505 2501//2501
f 2501//2501 2505//2505 2502//2502
f 2505//2505 2506//2506 2502//2502
f 2502//2502 2506//2506 2503//2503
f 2506//2506 2507//2507 2503//2503
f 2507//2507 2183//2183 2503//2503
f 2183//2183 2510//2510 2503//2503
f 2503//2503 2510//2510 2508//2508
f 2510//2510 2511//2511 2508//2508
f 2508//2508 2511//2511 2509//2509
f 2511//2511 2512//2512 2509//2509
f 2509//2509 2512//2512 2493//2493
f 2512//2512 2489//2489 2493//2493
f 2183//2183 2182//2182 2510//2510
f 2182//2182 2513//2513 2510//2510
f 2510//2510 2513//2513 2511//2511
f 2513//2513 2514//2514 2511//2511
f 2511//2511 2514//2514 2512//2512
f 2514//2514 2515//2515 2512//2512
f 2512//2512 2515//2515 2489//2489
f 2515//2515 2490//2490 2489//2489
f 2182//2182 2181//2181 2513//2513
f 2181//2181 2516//2516 2513//2513
f 2513//2513 2516//2516 2514//2514
f 2516//2516 2517//2517 2514//2514
f 2514//2514 2517//2517 2515//2515
f 2517//2517 2518//2518 2515//2515
f 2515//2515 2518//2518 2490//2490
f 2518//2518 2491//2491 2490//2490
f 2181//2181 2180//2180 2516//2516
f 2180//2180 2973//2973 2516//2516
f 2516//2516 2973//2973 2517//2517
f 2973//2973 2977//2977 2517//2517
f 2517//2517 2977//2977 2518//2518
f 2977//2977 2982//2982 2518//2518
f 2518//2518 2982//2982 2491//2491
f 2982//2982 1888//1888 2491//2491
f 2312//2312 2522//2522 2519//2519
f 2522//2522 2523//2523 2519//2519
f 2519//2519 2523//2523 2520//2520
f 2523//2523 2524//2524 2520//2520
f 2520//2520 2524//2524 2521//2521
f 2524//2524 2525//2525 2521//2521
f 2521//2521 2525//2525 2427//2427
f 2525//2525 2428//2428 2427//2427
f 2522//2522 3365//3365 2523//2523
f 3365//3365 2526//2526 2523//2523
f 2523//2523 2526//2526 2524//2524
f 2526//2526 2527//2527 2524//2524
f 2524//2524 2527//2527 2525//2525
f 2527//2527 2528//2528 2525//2525
f 2525//2525 2528//2528 2428//2428
f 2528//2528 2429//2429 2428//2428
f 3365//3365 2529//2529 2526//2526
f 2529//2529 2530//2530 2526//2526
f 2526//2526 2530//2530 2527//2527
f 2530//2530 2531//2531 2527//2527
f 2527//2527 2531//2531 2528//2528
f 2531//2531 2532//2532 2528//2528
f 2528//2528 2532//2532 2429//2429
f 2532//2532 2430//2430 2429//2429
f 2529//2529 2533//2533 2530//2530
f 2533//2533 3370//3370 2530//2530
f 2530//2530 3370//3370 2531//2531
f 3370//3370 2534//2534 2531//2531
f 2531//2531 2534//2534 2532//2532
f 2534//2534 3378//3378 2532//2532
f 2532//2532 3378//3378 2430//2430
f 3378//3378 2535//2535 2430//2430
f 454//454 2539//2539 360//360
f 2539//2539 2540//2540 360//360
f 360//360 2540//2540 2536//2536
f 2540//2540 2541//2541 2536//2536
f 2536//2536 2541//2541 2537//2537
f 2541//2541 2542//2542 2537//2537
f 2537//2537 2542//2542 2538//2538
f 2542//2542 2359//2359 2538//2538
f 2539//2539 2878//2878 2540//2540
f 2878//2878 2543//2543 2540//2540
f 2540//2540 2543//2543 2541//2541
f 2543//2543 2544//2544 2541//2541
f 2541//2541 2544//2544 2542//2542
f 2544//2544 2545//2545 2542//2542
f 2542//2542 2545//2545 2359//2359
f 2545//2545 2546//2546 2359//2359
f 2878//2878 2547//2547 2543//2543
f 2547//2547 2548//2548 2543//2543
f 2543//2543 2548//2548 2544//2544
f 2548//2548 2549//2549 2544//2544
f 2544//2544 2549//2549 2545//2545
f 2549//2549 2550//2550 2545//2545
f 2545//2545 2550//2550 2546//2546
f 2550//2550 2360//2360 2546//2546
f 2547//2547 2551//2551 2548//2548
f 2551//2551 2442//2442 2548//2548
f 2548//2548 2442//2442 2549//2549
f 2442//2442 2552//2552 2549//2549
f 2549//2549 2552//2552 2550//2550
f 2552//2552 2434//2434 2550//2550
f 2550//2550 2434//2434 2360//2360
f 2434//2434 2535//2535 2360//2360
f 1853//1853 2554//2554 2553//2553
f 2554//2554 2555//2555 2553//2553
f 2553//2553 2555//2555 2599//2599
f 2555//2555 2556//2556 2599//2599
f 2599//2599 2556//2556 2595//2595
f 2556//2556 2557//2557 2595//2595
f 2595//2595 2557//2557 2590//2590
f 2557//2557 2570//2570 2590//2590
f 2554//2554 2740//2740 2555//2555
f 2740//2740 2558//2558 2555//2555
f 2555//2555 2558//2558 2556//2556
f 2558//2558 2559//2559 2556//2556
f 2556//2556 2559//2559 2557//2557
f 2559//2559 2560//2560 2557//2557
f 2557//2557 2560//2560 2570//2570
f 2560//2560 2561//2561 2570//2570
f 2740//2740 2562//2562 2558//2558
f 2562//2562 2563//2563 2558//2558
f 2558//2558 2563//2563 2559//2559
f 2563//2563 2564//2564 2559//2559
f 2559//2559 2564//2564 2560//2560
f 2564//2564 2565//2565 2560//2560
f 2560//2560 2565//2565 2561//2561
f 2565//2565 2566//2566 2561//2561
f 2562//2562 2567//2567 2563//2563
f 2567//2567 2568//2568 2563//2563
f 2563//2563 2568//2568 2564//2564
f 2568//2568 2569//2569 2564//2564
f 2564//2564 2569//2569 2565//2565
f 2569//2569 2677//2677 2565//2565
f 2565//2565 2677//2677 2566//2566
f 2677//2677 2673//2673 2566//2566
f 2673//2673 2571//2571 2566//2566
f 2571//2571 2572//2572 2566//2566
f 2566//2566 2572//2572 2561//2561
f 2572//2572 2573//2573 2561//2561
f 2561//2561 2573//2573 2570//2570
f 2573//2573 2574//2574 2570//2570
f 2570//2570 2574//2574 2590//2590
f 2574//2574 2589//2589 2590//2590
f 2571//2571 3379//3379 2572//2572
f 3379//3379 2575//2575 2572//2572
f 2572//2572 2575//2575 2573//2573
f 2575//2575 2576//2576 2573//2573
f 2573//2573 2576//2576 2574//2574
f 2576//2576 2577//2577 2574//2574
f 2574//2574 2577//2577 2589//2589
f 2577//2577 2588//2588 2589//2589
f 3379//3379 2578//2578 2575//2575
f 2578//2578 2579//2579 2575//2575
f 2575//2575 2579//2579 2576//2576
f 2579//2579 2580//2580 2576//2576
f 2576//2576 2580//2580 2577//2577
f 2580//2580 2581//2581 2577//2577
f 2577//2577 2581//2581 2588//2588
f 2581//2581 2587//2587 2588//2588
f 2578//2578 2582//2582 2579//2579
f 2582//2582 2583//2583 2579//2579
f 2579//2579 2583//2583 2580//2580
f 2583//2583 2584//2584 2580//2580
f 2580//2580 2584//2584 2581//2581
f 2584//2584 2585//2585 2581//2581
f 2581//2581 2585//2585 2587//2587
f 2585//2585 2586//2586 2587//2587
f 2586//2586 2591//2591 2587//2587
f 2591//2591 2592//2592 2587//2587
f 2587//2587 2592//2592 2588//2588
f 2592//2592 2593//2593 2588//2588
f 2588//2588 2593//2593 2589//2589
f 2593//2593 2594//2594 2589//2589
f 2589//2589 2594//2594 2590//2590
f 2594//2594 2595//2595 2590//2590
f 2591//2591 2461//2461 2592//2592
f 2461//2461 2596//2596 2592//2592
f 2592//2592 2596//2596 2593//2593
f 2596//2596 2597//2597 2593//2593
f 2593//2593 2597//2597 2594//2594
f 2597//2597 2598//2598 2594//2594
f 2594//2594 2598//2598 2595//2595
f 2598//2598 2599//2599 2595//2595
f 2461//2461 2600//2600 2596//2596
f 2600//2600 2601//2601 2596//2596
f 2596//2596 2601//2601 2597//2597
f 2601//2601 2602//2602 2597//2597
f 2597//2597 2602//2602 2598//2598
f 2602//2602 2603//2603 2598//2598
f 2598//2598 2603//2603 2599//2599
f 2603//2603 2553//2553 2599//2599
f 2600//2600 2604//2604 2601//2601
f 2604//2604 1865//1865 2601//2601
f 2601//2601 1865//1865 2602//2602
f 1865//1865 2605//2605 2602//2602
f 2602//2602 2605//2605 2603//2603
f 2605//2605 2606//2606 2603//2603
f 2603//2603 2606//2606 2553//2553
f 2606//2606 1853//1853 2553//2553
f 2895//2895 2608//2608 2652//2652
f 2608//2608 2609//2609 2652//2652
f 2652//2652 2609//2609 2648//2648
f 2609//2609 2610//2610 2648//2648
f 2648//2648 2610//2610 2607//2607
f 2610//2610 2611//2611 2607//2607
f 2607//2607 2611//2611 2640//2640
f 2611//2611 2612//2612 2640//2640
f 2608//2608 2613//2613 2609//2609
f 2613//2613 2614//2614 2609//2609
f 2609//2609 2614//2614 2610//2610
f 2614//2614 2615//2615 2610//2610
f 2610//2610 2615//2615 2611//2611
f 2615//2615 2616//2616 2611//2611
f 2611//2611 2616//2616 2612//2612
f 2616//2616 2617//2617 2612//2612
f 2613//2613 2618//2618 2614//2614
f 2618//2618 2619//2619 2614//2614
f 2614//2614 2619//2619 2615//2615
f 2619//2619 2620//2620 2615//2615
f 2615//2615 2620//2620 2616//2616
f 2620//2620 2621//2621 2616//2616
f 2616//2616 2621//2621 2617//2617
f 2621//2621 2622//2622 2617//2617
f 2618//2618 2623//2623 2619//2619
f 2623//2623 2624//2624 2619//2619
f 2619//2619 2624//2624 2620//2620
f 2624//2624 2057//2057 2620//2620
f 2620//2620 2057//2057 2621//2621
f 2057//2057 2625//2625 2621//2621
f 2621//2621 2625//2625 2622//2622
f 2625//2625 2626//2626 2622//2622
f 2626//2626 1991//1991 2622//2622
f 1991//1991 2627//2627 2622//2622
f 2622//2622 2627//2627 2617//2617
f 2627//2627 2628//2628 2617//2617
f 2617//2617 2628//2628 2612//2612
f 2628//2628 2629//2629 2612//2612
f 2612//2612 2629//2629 2640//2640
f 2629//2629 2639//2639 2640//2640
f 1991//1991 1990//1990 2627//2627
f 1990//1990 2630//2630 2627//2627
f 2627//2627 2630//2630 2628//2628
f 2630//2630 2631//2631 2628//2628
f 2628//2628 2631//2631 2629//2629
f 2631//2631 2632//2632 2629//2629
f 2629//2629 2632//2632 2639//2639
f 2632//2632 2633//2633 2639//2639
f 1990//1990 1989//1989 2630//2630
f 1989//1989 2634//2634 2630//2630
f 2630//2630 2634//2634 2631//2631
f 2634//2634 2635//2635 2631//2631
f 2631//2631 2635//2635 2632//2632
f 2635//2635 2636//2636 2632//2632
f 2632//2632 2636//2636 2633//2633
f 2636//2636 2638//2638 2633//2633
f 1989//1989 1988//1988 2634//2634
f 1988//1988 2637//2637 2634//2634
f 2634//2634 2637//2637 2635//2635
f 2637//2637 2838//2838 2635//2635
f 2635//2635 2838//2838 2636//2636
f 2838//2838 2834//2834 2636//2636
f 2636//2636 2834//2834 2638//2638
f 2834//2834 2785//2785 2638//2638
f 2785//2785 2786//2786 2638//2638
f 2786//2786 2641//2641 2638//2638
f 2638//2638 2641//2641 2633//2633
f 2641//2641 2642//2642 2633//2633
f 2633//2633 2642//2642 2639//2639
f 2642//2642 2643//2643 2639//2639
f 2639//2639 2643//2643 2640//2640
f 2643//2643 2607//2607 2640//2640
f 2786//2786 2644//2644 2641//2641
f 2644//2644 2645//2645 2641//2641
f 2641//2641 2645//2645 2642//2642
f 2645//2645 2646//2646 2642//2642
f 2642//2642 2646//2646 2643//2643
f 2646//2646 2647//2647 2643//2643
f 2643//2643 2647//2647 2607//2607
f 2647//2647 2648//2648 2607//2607
f 2644//2644 2787//2787 2645//2645
f 2787//2787 2649//2649 2645//2645
f 2645//2645 2649//2649 2646//2646
f 2649//2649 2650//2650 2646//2646
f 2646//2646 2650//2650 2647//2647
f 2650//2650 2651//2651 2647//2647
f 2647//2647 2651//2651 2648//2648
f 2651//2651 2652//2652 2648//2648
f 2787//2787 2653//2653 2649//2649
f 2653//2653 2654//2654 2649//2649
f 2649//2649 2654//2654 2650//2650
f 2654//2654 2655//2655 2650//2650
f 2650//2650 2655//2655 2651//2651
f 2655//2655 2656//2656 2651//2651
f 2651//2651 2656//2656 2652//2652
f 2656//2656 2895//2895 2652//2652
f 3596//3596 2659//2659 2657//2657
f 2659//2659 2660//2660 2657//2657
f 2657//2657 2660//2660 2658//2658
f 2660//2660 2661//2661 2658//2658
f 2658//2658 2661//2661 2161//2161
f 2661//2661 2662//2662 2161//2161
f 2161//2161 2662//2662 2165//2165
f 2662//2662 2676//2676 2165//2165
f 2659//2659 3595//3595 2660//2660
f 3595//3595 2663//2663 2660//2660
f 2660//2660 2663//2663 2661//2661
f 2663//2663 2664//2664 2661//2661
f 2661//2661 2664//2664 2662//2662
f 2664//2664 2665//2665 2662//2662
f 2662//2662 2665//2665 2676//2676
f 2665//2665 2675//2675 2676//2676
f 3595//3595 2666//2666 2663//2663
f 2666//2666 2667//2667 2663//2663
f 2663//2663 2667//2667 2664//2664
f 2667//2667 2668//2668 2664//2664
f 2664//2664 2668//2668 2665//2665
f 2668//2668 2669//2669 2665//2665
f 2665//2665 2669//2669 2675//2675
f 2669//2669 2674//2674 2675//2675
f 2666//2666 3390//3390 2667//2667
f 3390//3390 2670//2670 2667//2667
f 2667//2667 2670//2670 2668//2668
f 2670//2670 2671//2671 2668//2668
f 2668//2668 2671//2671 2669//2669
f 2671//2671 2672//2672 2669//2669
f 2669//2669 2672//2672 2674//2674
f 2672//2672 2673//2673 2674//2674
f 2673//2673 2677//2677 2674//2674
f 2677//2677 2678//2678 2674//2674
f 2674//2674 2678//2678 2675//2675
f 2678//2678 2679//2679 2675//2675
f 2675//2675 2679//2679 2676//2676
f 2679//2679 2680//2680 2676//2676
f 2676//2676 2680//2680 2165//2165
f 2680//2680 2681//2681 2165//2165
f 2677//2677 2569//2569 2678//2678
f 2569//2569 2682//2682 2678//2678
f 2678//2678 2682//2682 2679//2679
f 2682//2682 2683//2683 2679//2679
f 2679//2679 2683//2683 2680//2680
f 2683//2683 2684//2684 2680//2680
f 2680//2680 2684//2684 2681//2681
f 2684//2684 2166//2166 2681//2681
f 2569//2569 2568//2568 2682//2682
f 2568//2568 2685//2685 2682//2682
f 2682//2682 2685//2685 2683//2683
f 2685//2685 2686//2686 2683//2683
f 2683//2683 2686//2686 2684//2684
f 2686//2686 2687//2687 2684//2684
f 2684//2684 2687//2687 2166//2166
f 2687//2687 2688//2688 2166//2166
f 2568//2568 2567//2567 2685//2685
f 2567//2567 2735//2735 2685//2685
f 2685//2685 2735//2735 2686//2686
f 2735//2735 2730//2730 2686//2686
f 2686//2686 2730//2730 2687//2687
f 2730//2730 2725//2725 2687//2687
f 2687//2687 2725//2725 2688//2688
f 2725//2725 2689//2689 2688//2688
f 2895//2895 2896//2896 2608//2608
f 2896//2896 2690//2690 2608//2608
f 2608//2608 2690//2690 2613//2613
f 2690//2690 2691//2691 2613//2613
f 2613//2613 2691//2691 2618//2618
f 2691//2691 2692//2692 2618//2618
f 2618//2618 2692//2692 2623//2623
f 2692//2692 2065//2065 2623//2623
f 2896//2896 2897//2897 2690//2690
f 2897//2897 2693//2693 2690//2690
f 2690//2690 2693//2693 2691//2691
f 2693//2693 2694//2694 2691//2691
f 2691//2691 2694//2694 2692//2692
f 2694//2694 2695//2695 2692//2692
f 2692//2692 2695//2695 2065//2065
f 2695//2695 2696//2696 2065//2065
f 2897//2897 2697//2697 2693//2693
f 2697//2697 2698//2698 2693//2693
f 2693//2693 2698//2698 2694//2694
f 2698//2698 2699//2699 2694//2694
f 2694//2694 2699//2699 2695//2695
f 2699//2699 2700//2700 2695//2695
f 2695//2695 2700//2700 2696//2696
f 2700//2700 2701//2701 2696//2696
f 2697//2697 2914//2914 2698//2698
f 2914//2914 2702//2702 2698//2698
f 2698//2698 2702//2702 2699//2699
f 2702//2702 2703//2703 2699//2699
f 2699//2699 2703//2703 2700//2700
f 2703//2703 2925//2925 2700//2700
f 2700//2700 2925//2925 2701//2701
f 2925//2925 94//94 2701//2701
f 2704//2704 2709//2709 2705//2705
f 2709//2709 2710//2710 2705//2705
f 2705//2705 2710//2710 2706//2706
f 2710//2710 2711//2711 2706//2706
f 2706//2706 2711//2711 2707//2707
f 2711//2711 2712//2712 2707//2707
f 2707//2707 2712//2712 2708//2708
f 2712//2712 2724//2724 2708//2708
f 2709//2709 2713//2713 2710//2710
f 2713//2713 2714//2714 2710//2710
f 2710//2710 2714//2714 2711//2711
f 2714//2714 2715//2715 2711//2711
f 2711//2711 2715//2715 2712//2712
f 2715//2715 2716//2716 2712//2712
f 2712//2712 2716//2716 2724//2724
f 2716//2716 2723//2723 2724//2724
f 2713//2713 2717//2717 2714//2714
f 2717//2717 2718//2718 2714//2714
f 2714//2714 2718//2718 2715//2715
f 2718//2718 2719//2719 2715//2715
f 2715//2715 2719//2719 2716//2716
f 2719//2719 2720//2720 2716//2716
f 2716//2716 2720//2720 2723//2723
f 2720//2720 2721//2721 2723//2723
f 2717//2717 3503//3503 2718//2718
f 3503//3503 3498//3498 2718//2718
f 2718//2718 3498//3498 2719//2719
f 3498//3498 3493//3493 2719//2719
f 2719//2719 3493//3493 2720//2720
f 3493//3493 2722//2722 2720//2720
f 2720//2720 2722//2722 2721//2721
f 2722//2722 2689//2689 2721//2721
f 2689//2689 2725//2725 2721//2721
f 2725//2725 2726//2726 2721//2721
f 2721//2721 2726//2726 2723//2723
f 2726//2726 2727//2727 2723//2723
f 2723//2723 2727//2727 2724//2724
f 2727//2727 2728//2728 2724//2724
f 2724//2724 2728//2728 2708//2708
f 2728//2728 2729//2729 2708//2708
f 2725//2725 2730//2730 2726//2726
f 2730//2730 2731//2731 2726//2726
f 2726//2726 2731//2731 2727//2727
f 2731//2731 2732//2732 2727//2727
f 2727//2727 2732//2732 2728//2728
f 2732//2732 2733//2733 2728//2728
f 2728//2728 2733//2733 2729//2729
f 2733//2733 2734//2734 2729//2729
f 2730//2730 2735//2735 2731//2731
f 2735//2735 2736//2736 2731//2731
f 2731//2731 2736//2736 2732//2732
f 2736//2736 2737//2737 2732//2732
f 2732//2732 2737//2737 2733//2733
f 2737//2737 2738//2738 2733//2733
f 2733//2733 2738//2738 2734//2734
f 2738//2738 2739//2739 2734//2734
f 2735//2735 2567//2567 2736//2736
f 2567//2567 2562//2562 2736//2736
f 2736//2736 2562//2562 2737//2737
f 2562//2562 2740//2740 2737//2737
f 2737//2737 2740//2740 2738//2738
f 2740//2740 2554//2554 2738//2738
f 2738//2738 2554//2554 2739//2739
f 2554//2554 1853//1853 2739//2739
f 2785//2785 2832//2832 2783//2783
f 2832//2832 2742//2742 2783//2783
f 2783//2783 2742//2742 2741//2741
f 2742//2742 2743//2743 2741//2741
f 2741//2741 2743//2743 2775//2775
f 2743//2743 2744//2744 2775//2775
f 2775//2775 2744//2744 2771//2771
f 2744//2744 2755//2755 2771//2771
f 2832//2832 2745//2745 2742//2742
f 2745//2745 2746//2746 2742//2742
f 2742//2742 2746//2746 2743//2743
f 2746//2746 2747//2747 2743//2743
f 2743//2743 2747//2747 2744//2744
f 2747//2747 2748//2748 2744//2744
f 2744//2744 2748//2748 2755//2755
f 2748//2748 2754//2754 2755//2755
f 2745//2745 2833//2833 2746//2746
f 2833//2833 2749//2749 2746//2746
f 2746//2746 2749//2749 2747//2747
f 2749//2749 2750//2750 2747//2747
f 2747//2747 2750//2750 2748//2748
f 2750//2750 2751//2751 2748//2748
f 2748//2748 2751//2751 2754//2754
f 2751//2751 2752//2752 2754//2754
f 2833//2833 2753//2753 2749//2749
f 2753//2753 2820//2820 2749//2749
f 2749//2749 2820//2820 2750//2750
f 2820//2820 2824//2824 2750//2750
f 2750//2750 2824//2824 2751//2751
f 2824//2824 2829//2829 2751//2751
f 2751//2751 2829//2829 2752//2752
f 2829//2829 2831//2831 2752//2752
f 2831//2831 2984//2984 2752//2752
f 2984//2984 2756//2756 2752//2752
f 2752//2752 2756//2756 2754//2754
f 2756//2756 2757//2757 2754//2754
f 2754//2754 2757//2757 2755//2755
f 2757//2757 2758//2758 2755//2755
f 2755//2755 2758//2758 2771//2771
f 2758//2758 2770//2770 2771//2771
f 2984//2984 2759//2759 2756//2756
f 2759//2759 2760//2760 2756//2756
f 2756//2756 2760//2760 2757//2757
f 2760//2760 2761//2761 2757//2757
f 2757//2757 2761//2761 2758//2758
f 2761//2761 2762//2762 2758//2758
f 2758//2758 2762//2762 2770//2770
f 2762//2762 2769//2769 2770//2770
f 2759//2759 2985//2985 2760//2760
f 2985//2985 2763//2763 2760//2760
f 2760//2760 2763//2763 2761//2761
f 2763//2763 2764//2764 2761//2761
f 2761//2761 2764//2764 2762//2762
f 2764//2764 2765//2765 2762//2762
f 2762//2762 2765//2765 2769//2769
f 2765//2765 2768//2768 2769//2769
f 2985//2985 2986//2986 2763//2763
f 2986//2986 3006//3006 2763//2763
f 2763//2763 3006//3006 2764//2764
f 3006//3006 2766//2766 2764//2764
f 2764//2764 2766//2766 2765//2765
f 2766//2766 2767//2767 2765//2765
f 2765//2765 2767//2767 2768//2768
f 2767//2767 261//261 2768//2768
f 261//261 1938//1938 2768//2768
f 1938//1938 2772//2772 2768//2768
f 2768//2768 2772//2772 2769//2769
f 2772//2772 2773//2773 2769//2769
f 2769//2769 2773//2773 2770//2770
f 2773//2773 2774//2774 2770//2770
f 2770//2770 2774//2774 2771//2771
f 2774//2774 2775//2775 2771//2771
f 1938//1938 2776//2776 2772//2772
f 2776//2776 2777//2777 2772//2772
f 2772//2772 2777//2777 2773//2773
f 2777//2777 2778//2778 2773//2773
f 2773//2773 2778//2778 2774//2774
f 2778//2778 2779//2779 2774//2774
f 2774//2774 2779//2779 2775//2775
f 2779//2779 2741//2741 2775//2775
f 2776//2776 1937//1937 2777//2777
f 1937//1937 2780//2780 2777//2777
f 2777//2777 2780//2780 2778//2778
f 2780//2780 2781//2781 2778//2778
f 2778//2778 2781//2781 2779//2779
f 2781//2781 2782//2782 2779//2779
f 2779//2779 2782//2782 2741//2741
f 2782//2782 2783//2783 2741//2741
f 1937//1937 3083//3083 2780//2780
f 3083//3083 3088//3088 2780//2780
f 2780//2780 3088//3088 2781//2781
f 3088//3088 2784//2784 2781//2781
f 2781//2781 2784//2784 2782//2782
f 2784//2784 3096//3096 2782//2782
f 2782//2782 3096//3096 2783//2783
f 3096//3096 2785//2785 2783//2783
f 2785//2785 2788//2788 2786//2786
f 2788//2788 2789//2789 2786//2786
f 2786//2786 2789//2789 2644//2644
f 2789//2789 2790//2790 2644//2644
f 2644//2644 2790//2790 2787//2787
f 2790//2790 2791//2791 2787//2787
f 2787//2787 2791//2791 2653//2653
f 2791//2791 2802//2802 2653//2653
f 2788//2788 3098//3098 2789//2789
f 3098//3098 2792//2792 2789//2789
f 2789//2789 2792//2792 2790//2790
f 2792//2792 2793//2793 2790//2790
f 2790//2790 2793//2793 2791//2791
f 2793//2793 2794//2794 2791//2791
f 2791//2791 2794//2794 2802//2802
f 2794//2794 2801//2801 2802//2802
f 3098//3098 2795//2795 2792//2792
f 2795//2795 2796//2796 2792//2792
f 2792//2792 2796//2796 2793//2793
f 2796//2796 2797//2797 2793//2793
f 2793//2793 2797//2797 2794//2794
f 2797//2797 2798//2798 2794//2794
f 2794//2794 2798//2798 2801//2801
f 2798//2798 2799//2799 2801//2801
f 2795//2795 3097//3097 2796//2796
f 3097//3097 3302//3302 2796//2796
f 2796//2796 3302//3302 2797//2797
f 3302//3302 2800//2800 2797//2797
f 2797//2797 2800//2800 2798//2798
f 2800//2800 3293//3293 2798//2798
f 2798//2798 3293//3293 2799//2799
f 3293//3293 3116//3116 2799//2799
f 3116//3116 3115//3115 2799//2799
f 3115//3115 2803//2803 2799//2799
f 2799//2799 2803//2803 2801//2801
f 2803//2803 2804//2804 2801//2801
f 2801//2801 2804//2804 2802//2802
f 2804//2804 2805//2805 2802//2802
f 2802//2802 2805//2805 2653//2653
f 2805//2805 2654//2654 2653//2653
f 3115//3115 2806//2806 2803//2803
f 2806//2806 2807//2807 2803//2803
f 2803//2803 2807//2807 2804//2804
f 2807//2807 2808//2808 2804//2804
f 2804//2804 2808//2808 2805//2805
f 2808//2808 2809//2809 2805//2805
f 2805//2805 2809//2809 2654//2654
f 2809//2809 2655//2655 2654//2654
f 2806//2806 3114//3114 2807//2807
f 3114//3114 2810//2810 2807//2807
f 2807//2807 2810//2810 2808//2808
f 2810//2810 2811//2811 2808//2808
f 2808//2808 2811//2811 2809//2809
f 2811//2811 2812//2812 2809//2809
f 2809//2809 2812//2812 2655//2655
f 2812//2812 2656//2656 2655//2655
f 3114//3114 3339//3339 2810//2810
f 3339//3339 2813//2813 2810//2810
f 2810//2810 2813//2813 2811//2811
f 2813//2813 2814//2814 2811//2811
f 2811//2811 2814//2814 2812//2812
f 2814//2814 3350//3350 2812//2812
f 2812//2812 3350//3350 2656//2656
f 3350//3350 2895//2895 2656//2656
f 2101//2101 2100//2100 2845//2845
f 2100//2100 2817//2817 2845//2845
f 2845//2845 2817//2817 2815//2815
f 2817//2817 2818//2818 2815//2815
f 2815//2815 2818//2818 2816//2816
f 2818//2818 2819//2819 2816//2816
f 2816//2816 2819//2819 2753//2753
f 2819//2819 2820//2820 2753//2753
f 2100//2100 2099//2099 2817//2817
f 2099//2099 2821//2821 2817//2817
f 2817//2817 2821//2821 2818//2818
f 2821//2821 2822//2822 2818//2818
f 2818//2818 2822//2822 2819//2819
f 2822//2822 2823//2823 2819//2819
f 2819//2819 2823//2823 2820//2820
f 2823//2823 2824//2824 2820//2820
f 2099//2099 2825//2825 2821//2821
f 2825//2825 2826//2826 2821//2821
f 2821//2821 2826//2826 2822//2822
f 2826//2826 2827//2827 2822//2822
f 2822//2822 2827//2827 2823//2823
f 2827//2827 2828//2828 2823//2823
f 2823//2823 2828//2828 2824//2824
f 2828//2828 2829//2829 2824//2824
f 2825//2825 2098//2098 2826//2826
f 2098//2098 2884//2884 2826//2826
f 2826//2826 2884//2884 2827//2827
f 2884//2884 2888//2888 2827//2827
f 2827//2827 2888//2888 2828//2828
f 2888//2888 2830//2830 2828//2828
f 2828//2828 2830//2830 2829//2829
f 2830//2830 2831//2831 2829//2829
f 2785//2785 2834//2834 2832//2832
f 2834//2834 2835//2835 2832//2832
f 2832//2832 2835//2835 2745//2745
f 2835//2835 2836//2836 2745//2745
f 2745//2745 2836//2836 2833//2833
f 2836//2836 2837//2837 2833//2833
f 2833//2833 2837//2837 2753//2753
f 2837//2837 2816//2816 2753//2753
f 2834//2834 2838//2838 2835//2835
f 2838//2838 2839//2839 2835//2835
f 2835//2835 2839//2839 2836//2836
f 2839//2839 2840//2840 2836//2836
f 2836//2836 2840//2840 2837//2837
f 2840//2840 2841//2841 2837//2837
f 2837//2837 2841//2841 2816//2816
f 2841//2841 2815//2815 2816//2816
f 2838//2838 2637//2637 2839//2839
f 2637//2637 2842//2842 2839//2839
f 2839//2839 2842//2842 2840//2840
f 2842//2842 2843//2843 2840//2840
f 2840//2840 2843//2843 2841//2841
f 2843//2843 2844//2844 2841//2841
f 2841//2841 2844//2844 2815//2815
f 2844//2844 2845//2845 2815//2815
f 2637//2637 1988//1988 2842//2842
f 1988//1988 1983//1983 2842//2842
f 2842//2842 1983//1983 2843//2843
f 1983//1983 1979//1979 2843//2843
f 2843//2843 1979//1979 2844//2844
f 1979//1979 2846//2846 2844//2844
f 2844//2844 2846//2846 2845//2845
f 2846//2846 2101//2101 2845//2845
f 1273//1273 1369//1369 903//903
f 1369//1369 2850//2850 903//903
f 903//903 2850//2850 2847//2847
f 2850//2850 2851//2851 2847//2847
f 2847//2847 2851//2851 2848//2848
f 2851//2851 2852//2852 2848//2848
f 2848//2848 2852//2852 2849//2849
f 2852//2852 2853//2853 2849//2849
f 1369//1369 1368//1368 2850//2850
f 1368//1368 2854//2854 2850//2850
f 2850//2850 2854//2854 2851//2851
f 2854//2854 2855//2855 2851//2851
f 2851//2851 2855//2855 2852//2852
f 2855//2855 2856//2856 2852//2852
f 2852//2852 2856//2856 2853//2853
f 2856//2856 2864//2864 2853//2853
f 1368//1368 1367//1367 2854//2854
f 1367//1367 2857//2857 2854//2854
f 2854//2854 2857//2857 2855//2855
f 2857//2857 2858//2858 2855//2855
f 2855//2855 2858//2858 2856//2856
f 2858//2858 2859//2859 2856//2856
f 2856//2856 2859//2859 2864//2864
f 2859//2859 2860//2860 2864//2864
f 1367//1367 2861//2861 2857//2857
f 2861//2861 2934//2934 2857//2857
f 2857//2857 2934//2934 2858//2858
f 2934//2934 2862//2862 2858//2858
f 2858//2858 2862//2862 2859//2859
f 2862//2862 2863//2863 2859//2859
f 2859//2859 2863//2863 2860//2860
f 2863//2863 2447//2447 2860//2860
f 2447//2447 2446//2446 2860//2860
f 2446//2446 2865//2865 2860//2860
f 2860//2860 2865//2865 2864//2864
f 2865//2865 2866//2866 2864//2864
f 2864//2864 2866//2866 2853//2853
f 2866//2866 2867//2867 2853//2853
f 2853//2853 2867//2867 2849//2849
f 2867//2867 2868//2868 2849//2849
f 2446//2446 2869//2869 2865//2865
f 2869//2869 2870//2870 2865//2865
f 2865//2865 2870//2870 2866//2866
f 2870//2870 2871//2871 2866//2866
f 2866//2866 2871//2871 2867//2867
f 2871//2871 2872//2872 2867//2867
f 2867//2867 2872//2872 2868//2868
f 2872//2872 2873//2873 2868//2868
f 2869//2869 2874//2874 2870//2870
f 2874//2874 2875//2875 2870//2870
f 2870//2870 2875//2875 2871//2871
f 2875//2875 2876//2876 2871//2871
f 2871//2871 2876//2876 2872//2872
f 2876//2876 2877//2877 2872//2872
f 2872//2872 2877//2877 2873//2873
f 2877//2877 914//914 2873//2873
f 2874//2874 2551//2551 2875//2875
f 2551//2551 2547//2547 2875//2875
f 2875//2875 2547//2547 2876//2876
f 2547//2547 2878//2878 2876//2876
f 2876//2876 2878//2878 2877//2877
f 2878//2878 2539//2539 2877//2877
f 2877//2877 2539//2539 914//914
f 2539//2539 454//454 914//914
f 2083//2083 33//33 2086//2086
f 33//33 2881//2881 2086//2086
f 2086//2086 2881//2881 2879//2879
f 2881//2881 2882//2882 2879//2879
f 2879//2879 2882//2882 2880//2880
f 2882//2882 2883//2883 2880//2880
f 2880//2880 2883//2883 2098//2098
f 2883//2883 2884//2884 2098//2098
f 33//33 32//32 2881//2881
f 32//32 2885//2885 2881//2881
f 2881//2881 2885//2885 2882//2882
f 2885//2885 2886//2886 2882//2882
f 2882//2882 2886//2886 2883//2883
f 2886//2886 2887//2887 2883//2883
f 2883//2883 2887//2887 2884//2884
f 2887//2887 2888//2888 2884//2884
f 32//32 2889//2889 2885//2885
f 2889//2889 2890//2890 2885//2885
f 2885//2885 2890//2890 2886//2886
f 2890//2890 2891//2891 2886//2886
f 2886//2886 2891//2891 2887//2887
f 2891//2891 2892//2892 2887//2887
f 2887//2887 2892//2892 2888//2888
f 2892//2892 2830//2830 2888//2888
f 2889//2889 2999//2999 2890//2890
f 2999//2999 2893//2893 2890//2890
f 2890//2890 2893//2893 2891//2891
f 2893//2893 2894//2894 2891//2891
f 2891//2891 2894//2894 2892//2892
f 2894//2894 2987//2987 2892//2892
f 2892//2892 2987//2987 2830//2830
f 2987//2987 2831//2831 2830//2830
f 2895//2895 2898//2898 2896//2896
f 2898//2898 2899//2899 2896//2896
f 2896//2896 2899//2899 2897//2897
f 2899//2899 2900//2900 2897//2897
f 2897//2897 2900//2900 2697//2697
f 2900//2900 2901//2901 2697//2697
f 2697//2697 2901//2901 2914//2914
f 2901//2901 2913//2913 2914//2914
f 2898//2898 3352//3352 2899//2899
f 3352//3352 2902//2902 2899//2899
f 2899//2899 2902//2902 2900//2900
f 2902//2902 2903//2903 2900//2900
f 2900//2900 2903//2903 2901//2901
f 2903//2903 2904//2904 2901//2901
f 2901//2901 2904//2904 2913//2913
f 2904//2904 2905//2905 2913//2913
f 3352//3352 2906//2906 2902//2902
f 2906//2906 2907//2907 2902//2902
f 2902//2902 2907//2907 2903//2903
f 2907//2907 2908//2908 2903//2903
f 2903//2903 2908//2908 2904//2904
f 2908//2908 2909//2909 2904//2904
f 2904//2904 2909//2909 2905//2905
f 2909//2909 2910//2910 2905//2905
f 2906//2906 3351//3351 2907//2907
f 3351//3351 3331//3331 2907//2907
f 2907//2907 3331//3331 2908//2908
f 3331//3331 2911//2911 2908//2908
f 2908//2908 2911//2911 2909//2909
f 2911//2911 3324//3324 2909//2909
f 2909//2909 3324//3324 2910//2910
f 3324//3324 2912//2912 2910//2910
f 2912//2912 3581//3581 2910//2910
f 3581//3581 2915//2915 2910//2910
f 2910//2910 2915//2915 2905//2905
f 2915//2915 2916//2916 2905//2905
f 2905//2905 2916//2916 2913//2913
f 2916//2916 2917//2917 2913//2913
f 2913//2913 2917//2917 2914//2914
f 2917//2917 2702//2702 2914//2914
f 3581//3581 2918//2918 2915//2915
f 2918//2918 2919//2919 2915//2915
f 2915//2915 2919//2919 2916//2916
f 2919//2919 2920//2920 2916//2916
f 2916//2916 2920//2920 2917//2917
f 2920//2920 2921//2921 2917//2917
f 2917//2917 2921//2921 2702//2702
f 2921//2921 2703//2703 2702//2702
f 2918//2918 3580//3580 2919//2919
f 3580//3580 2922//2922 2919//2919
f 2919//2919 2922//2922 2920//2920
f 2922//2922 2923//2923 2920//2920
f 2920//2920 2923//2923 2921//2921
f 2923//2923 2924//2924 2921//2921
f 2921//2921 2924//2924 2703//2703
f 2924//2924 2925//2925 2703//2703
f 3580//3580 2926//2926 2922//2922
f 2926//2926 106//106 2922//2922
f 2922//2922 106//106 2923//2923
f 106//106 101//101 2923//2923
f 2923//2923 101//101 2924//2924
f 101//101 2927//2927 2924//2924
f 2924//2924 2927//2927 2925//2925
f 2927//2927 94//94 2925//2925
f 3408//3408 2930//2930 2928//2928
f 2930//2930 2931//2931 2928//2928
f 2928//2928 2931//2931 2929//2929
f 2931//2931 2932//2932 2929//2929
f 2929//2929 2932//2932 1363//1363
f 2932//2932 2933//2933 1363//1363
f 1363//1363 2933//2933 2861//2861
f 2933//2933 2934//2934 2861//2861
f 2930//2930 2935//2935 2931//2931
f 2935//2935 2936//2936 2931//2931
f 2931//2931 2936//2936 2932//2932
f 2936//2936 2937//2937 2932//2932
f 2932//2932 2937//2937 2933//2933
f 2937//2937 2938//2938 2933//2933
f 2933//2933 2938//2938 2934//2934
f 2938//2938 2862//2862 2934//2934
f 2935//2935 2939//2939 2936//2936
f 2939//2939 2940//2940 2936//2936
f 2936//2936 2940//2940 2937//2937
f 2940//2940 2941//2941 2937//2937
f 2937//2937 2941//2941 2938//2938
f 2941//2941 2942//2942 2938//2938
f 2938//2938 2942//2942 2862//2862
f 2942//2942 2863//2863 2862//2862
f 2939//2939 2943//2943 2940//2940
f 2943//2943 2944//2944 2940//2940
f 2940//2940 2944//2944 2941//2941
f 2944//2944 2945//2945 2941//2941
f 2941//2941 2945//2945 2942//2942
f 2945//2945 2946//2946 2942//2942
f 2942//2942 2946//2946 2863//2863
f 2946//2946 2447//2447 2863//2863
f 2947//2947 2951//2951 2948//2948
f 2951//2951 2952//2952 2948//2948
f 2948//2948 2952//2952 2949//2949
f 2952//2952 2953//2953 2949//2949
f 2949//2949 2953//2953 2950//2950
f 2953//2953 2954//2954 2950//2950
f 2950//2950 2954//2954 2504//2504
f 2954//2954 2955//2955 2504//2504
f 2951//2951 2956//2956 2952//2952
f 2956//2956 2957//2957 2952//2952
f 2952//2952 2957//2957 2953//2953
f 2957//2957 2958//2958 2953//2953
f 2953//2953 2958//2958 2954//2954
f 2958//2958 2959//2959 2954//2954
f 2954//2954 2959//2959 2955//2955
f 2959//2959 2960//2960 2955//2955
f 2956//2956 1533//1533 2957//2957
f 1533//1533 2961//2961 2957//2957
f 2957//2957 2961//2961 2958//2958
f 2961//2961 2962//2962 2958//2958
f 2958//2958 2962//2962 2959//2959
f 2962//2962 2963//2963 2959//2959
f 2959//2959 2963//2963 2960//2960
f 2963//2963 2246//2246 2960//2960
f 1533//1533 2964//2964 2961//2961
f 2964//2964 2965//2965 2961//2961
f 2961//2961 2965//2965 2962//2962
f 2965//2965 2966//2966 2962//2962
f 2962//2962 2966//2966 2963//2963
f 2966//2966 3335//3335 2963//2963
f 2963//2963 3335//3335 2246//2246
f 3335//3335 3099//3099 2246//2246
f 2167//2167 2969//2969 2168//2168
f 2969//2969 2970//2970 2168//2168
f 2168//2168 2970//2970 2967//2967
f 2970//2970 2971//2971 2967//2967
f 2967//2967 2971//2971 2968//2968
f 2971//2971 2972//2972 2968//2968
f 2968//2968 2972//2972 2180//2180
f 2972//2972 2973//2973 2180//2180
f 2969//2969 3247//3247 2970//2970
f 3247//3247 2974//2974 2970//2970
f 2970//2970 2974//2974 2971//2971
f 2974//2974 2975//2975 2971//2971
f 2971//2971 2975//2975 2972//2972
f 2975//2975 2976//2976 2972//2972
f 2972//2972 2976//2976 2973//2973
f 2976//2976 2977//2977 2973//2973
f 3247//3247 2978//2978 2974//2974
f 2978//2978 2979//2979 2974//2974
f 2974//2974 2979//2979 2975//2975
f 2979//2979 2980//2980 2975//2975
f 2975//2975 2980//2980 2976//2976
f 2980//2980 2981//2981 2976//2976
f 2976//2976 2981//2981 2977//2977
f 2981//2981 2982//2982 2977//2977
f 2978//2978 2983//2983 2979//2979
f 2983//2983 3233//3233 2979//2979
f 2979//2979 3233//3233 2980//2980
f 3233//3233 3238//3238 2980//2980
f 2980//2980 3238//3238 2981//2981
f 3238//3238 3243//3243 2981//2981
f 2981//2981 3243//3243 2982//2982
f 3243//3243 1888//1888 2982//2982
f 2831//2831 2987//2987 2984//2984
f 2987//2987 2988//2988 2984//2984
f 2984//2984 2988//2988 2759//2759
f 2988//2988 2989//2989 2759//2759
f 2759//2759 2989//2989 2985//2985
f 2989//2989 2990//2990 2985//2985
f 2985//2985 2990//2990 2986//2986
f 2990//2990 2991//2991 2986//2986
f 2987//2987 2894//2894 2988//2988
f 2894//2894 2992//2992 2988//2988
f 2988//2988 2992//2992 2989//2989
f 2992//2992 2993//2993 2989//2989
f 2989//2989 2993//2993 2990//2990
f 2993//2993 2994//2994 2990//2990
f 2990//2990 2994//2994 2991//2991
f 2994//2994 3001//3001 2991//2991
f 2894//2894 2893//2893 2992//2992
f 2893//2893 2995//2995 2992//2992
f 2992//2992 2995//2995 2993//2993
f 2995//2995 2996//2996 2993//2993
f 2993//2993 2996//2996 2994//2994
f 2996//2996 2997//2997 2994//2994
f 2994//2994 2997//2997 3001//3001
f 2997//2997 2998//2998 3001//3001
f 2893//2893 2999//2999 2995//2995
f 2999//2999 28//28 2995//2995
f 2995//2995 28//28 2996//2996
f 28//28 24//24 2996//2996
f 2996//2996 24//24 2997//2997
f 24//24 3000//3000 2997//2997
f 2997//2997 3000//3000 2998//2998
f 3000//3000 15//15 2998//2998
f 15//15 3002//3002 2998//2998
f 3002//3002 3003//3003 2998//2998
f 2998//2998 3003//3003 3001//3001
f 3003//3003 3004//3004 3001//3001
f 3001//3001 3004//3004 2991//2991
f 3004//3004 3005//3005 2991//2991
f 2991//2991 3005//3005 2986//2986
f 3005//3005 3006//3006 2986//2986
f 3002//3002 2293//2293 3003//3003
f 2293//2293 3007//3007 3003//3003
f 3003//3003 3007//3007 3004//3004
f 3007//3007 3008//3008 3004//3004
f 3004//3004 3008//3008 3005//3005
f 3008//3008 3009//3009 3005//3005
f 3005//3005 3009//3009 3006//3006
f 3009//3009 2766//2766 3006//3006
f 2293//2293 2292//2292 3007//3007
f 2292//2292 3010//3010 3007//3007
f 3007//3007 3010//3010 3008//3008
f 3010//3010 3011//3011 3008//3008
f 3008//3008 3011//3011 3009//3009
f 3011//3011 3012//3012 3009//3009
f 3009//3009 3012//3012 2766//2766
f 3012//3012 2767//2767 2766//2766
f 2292//2292 2291//2291 3010//3010
f 2291//2291 3013//3013 3010//3010
f 3010//3010 3013//3013 3011//3011
f 3013//3013 3014//3014 3011//3011
f 3011//3011 3014//3014 3012//3012
f 3014//3014 3015//3015 3012//3012
f 3012//3012 3015//3015 2767//2767
f 3015//3015 261//261 2767//2767
f 3016//3016 3018//3018 4//4
f 3018//3018 3019//3019 4//4
f 4//4 3019//3019 3017//3017
f 3019//3019 3020//3020 3017//3017
f 3017//3017 3020//3020 11//11
f 3020//3020 3021//3021 11//11
f 11//11 3021//3021 3035//3035
f 3021//3021 3022//3022 3035//3035
f 3018//3018 3023//3023 3019//3019
f 3023//3023 3024//3024 3019//3019
f 3019//3019 3024//3024 3020//3020
f 3024//3024 3025//3025 3020//3020
f 3020//3020 3025//3025 3021//3021
f 3025//3025 3026//3026 3021//3021
f 3021//3021 3026//3026 3022//3022
f 3026//3026 3027//3027 3022//3022
f 3023//3023 3028//3028 3024//3024
f 3028//3028 3029//3029 3024//3024
f 3024//3024 3029//3029 3025//3025
f 3029//3029 3030//3030 3025//3025
f 3025//3025 3030//3030 3026//3026
f 3030//3030 3031//3031 3026//3026
f 3026//3026 3031//3031 3027//3027
f 3031//3031 3032//3032 3027//3027
f 3028//3028 420//420 3029//3029
f 420//420 3033//3033 3029//3029
f 3029//3029 3033//3033 3030//3030
f 3033//3033 3034//3034 3030//3030
f 3030//3030 3034//3034 3031//3031
f 3034//3034 3057//3057 3031//3031
f 3031//3031 3057//3057 3032//3032
f 3057//3057 3053//3053 3032//3032
f 3053//3053 3036//3036 3032//3032
f 3036//3036 3037//3037 3032//3032
f 3032//3032 3037//3037 3027//3027
f 3037//3037 3038//3038 3027//3027
f 3027//3027 3038//3038 3022//3022
f 3038//3038 3039//3039 3022//3022
f 3022//3022 3039//3039 3035//3035
f 3039//3039 3040//3040 3035//3035
f 3036//3036 3041//3041 3037//3037
f 3041//3041 3042//3042 3037//3037
f 3037//3037 3042//3042 3038//3038
f 3042//3042 3043//3043 3038//3038
f 3038//3038 3043//3043 3039//3039
f 3043//3043 3044//3044 3039//3039
f 3039//3039 3044//3044 3040//3040
f 3044//3044 3045//3045 3040//3040
f 3041//3041 3046//3046 3042//3042
f 3046//3046 3047//3047 3042//3042
f 3042//3042 3047//3047 3043//3043
f 3047//3047 3048//3048 3043//3043
f 3043//3043 3048//3048 3044//3044
f 3048//3048 3049//3049 3044//3044
f 3044//3044 3049//3049 3045//3045
f 3049//3049 3050//3050 3045//3045
f 3046//3046 3051//3051 3047//3047
f 3051//3051 3052//3052 3047//3047
f 3047//3047 3052//3052 3048//3048
f 3052//3052 2301//2301 3048//3048
f 3048//3048 2301//2301 3049//3049
f 2301//2301 2296//2296 3049//3049
f 3049//3049 2296//2296 3050//3050
f 2296//2296 15//15 3050//3050
f 3053//3053 3057//3057 3054//3054
f 3057//3057 3058//3058 3054//3054
f 3054//3054 3058//3058 3055//3055
f 3058//3058 3059//3059 3055//3055
f 3055//3055 3059//3059 3056//3056
f 3059//3059 3060//3060 3056//3056
f 3056//3056 3060//3060 2411//2411
f 3060//3060 3061//3061 2411//2411
f 3057//3057 3034//3034 3058//3058
f 3034//3034 3062//3062 3058//3058
f 3058//3058 3062//3062 3059//3059
f 3062//3062 3063//3063 3059//3059
f 3059//3059 3063//3063 3060//3060
f 3063//3063 3064//3064 3060//3060
f 3060//3060 3064//3064 3061//3061
f 3064//3064 2412//2412 3061//3061
f 3034//3034 3033//3033 3062//3062
f 3033//3033 3065//3065 3062//3062
f 3062//3062 3065//3065 3063//3063
f 3065//3065 3066//3066 3063//3063
f 3063//3063 3066//3066 3064//3064
f 3066//3066 3067//3067 3064//3064
f 3064//3064 3067//3067 2412//2412
f 3067//3067 2413//2413 2412//2412
f 3033//3033 420//420 3065//3065
f 420//420 3068//3068 3065//3065
f 3065//3065 3068//3068 3066//3066
f 3068//3068 3069//3069 3066//3066
f 3066//3066 3069//3069 3067//3067
f 3069//3069 409//409 3067//3067
f 3067//3067 409//409 2413//2413
f 409//409 3070//3070 2413//2413
f 2447//2447 2946//2946 2398//2398
f 2946//2946 3071//3071 2398//2398
f 2398//2398 3071//3071 2402//2402
f 3071//3071 3072//3072 2402//2402
f 2402//2402 3072//3072 2407//2407
f 3072//3072 3073//3073 2407//2407
f 2407//2407 3073//3073 2411//2411
f 3073//3073 3056//3056 2411//2411
f 2946//2946 2945//2945 3071//3071
f 2945//2945 3074//3074 3071//3071
f 3071//3071 3074//3074 3072//3072
f 3074//3074 3075//3075 3072//3072
f 3072//3072 3075//3075 3073//3073
f 3075//3075 3076//3076 3073//3073
f 3073//3073 3076//3076 3056//3056
f 3076//3076 3055//3055 3056//3056
f 2945//2945 2944//2944 3074//3074
f 2944//2944 3077//3077 3074//3074
f 3074//3074 3077//3077 3075//3075
f 3077//3077 3078//3078 3075//3075
f 3075//3075 3078//3078 3076//3076
f 3078//3078 3079//3079 3076//3076
f 3076//3076 3079//3079 3055//3055
f 3079//3079 3054//3054 3055//3055
f 2944//2944 2943//2943 3077//3077
f 2943//2943 3080//3080 3077//3077
f 3077//3077 3080//3080 3078//3078
f 3080//3080 3081//3081 3078//3078
f 3078//3078 3081//3081 3079//3079
f 3081//3081 3159//3159 3079//3079
f 3079//3079 3159//3159 3054//3054
f 3159//3159 3053//3053 3054//3054
f 1923//1923 3084//3084 1926//1926
f 3084//3084 3085//3085 1926//1926
f 1926//1926 3085//3085 1930//1930
f 3085//3085 3086//3086 1930//1930
f 1930//1930 3086//3086 3082//3082
f 3086//3086 3087//3087 3082//3082
f 3082//3082 3087//3087 3083//3083
f 3087//3087 3088//3088 3083//3083
f 3084//3084 3089//3089 3085//3085
f 3089//3089 3090//3090 3085//3085
f 3085//3085 3090//3090 3086//3086
f 3090//3090 3091//3091 3086//3086
f 3086//3086 3091//3091 3087//3087
f 3091//3091 3092//3092 3087//3087
f 3087//3087 3092//3092 3088//3088
f 3092//3092 2784//2784 3088//3088
f 3089//3089 3307//3307 3090//3090
f 3307//3307 3093//3093 3090//3090
f 3090//3090 3093//3093 3091//3091
f 3093//3093 3094//3094 3091//3091
f 3091//3091 3094//3094 3092//3092
f 3094//3094 3095//3095 3092//3092
f 3092//3092 3095//3095 2784//2784
f 3095//3095 3096//3096 2784//2784
f 3307//3307 3097//3097 3093//3093
f 3097//3097 2795//2795 3093//3093
f 3093//3093 2795//2795 3094//3094
f 2795//2795 3098//3098 3094//3094
f 3094//3094 3098//3098 3095//3095
f 3098//3098 2788//2788 3095//3095
f 3095//3095 2788//2788 3096//3096
f 2788//2788 2785//2785 3096//3096
f 3099//3099 3101//3101 2203//2203
f 3101//3101 3102//3102 2203//2203
f 2203//2203 3102//3102 2207//2207
f 3102//3102 3103//3103 2207//2207
f 2207//2207 3103//3103 3100//3100
f 3103//3103 3104//3104 3100//3100
f 3100//3100 3104//3104 2216//2216
f 3104//3104 3105//3105 2216//2216
f 3101//3101 3106//3106 3102//3102
f 3106//3106 3107//3107 3102//3102
f 3102//3102 3107//3107 3103//3103
f 3107//3107 3108//3108 3103//3103
f 3103//3103 3108//3108 3104//3104
f 3108//3108 3109//3109 3104//3104
f 3104//3104 3109//3109 3105//3105
f 3109//3109 3117//3117 3105//3105
f 3106//3106 3338//3338 3107//3107
f 3338//3338 3110//3110 3107//3107
f 3107//3107 3110//3110 3108//3108
f 3110//3110 3111//3111 3108//3108
f 3108//3108 3111//3111 3109//3109
f 3111//3111 3112//3112 3109//3109
f 3109//3109 3112//3112 3117//3117
f 3112//3112 3113//3113 3117//3117
f 3338//3338 3339//3339 3110//3110
f 3339//3339 3114//3114 3110//3110
f 3110//3110 3114//3114 3111//3111
f 3114//3114 2806//2806 3111//3111
f 3111//3111 2806//2806 3112//3112
f 2806//2806 3115//3115 3112//3112
f 3112//3112 3115//3115 3113//3113
f 3115//3115 3116//3116 3113//3113
f 3116//3116 3274//3274 3113//3113
f 3274//3274 3118//3118 3113//3113
f 3113//3113 3118//3118 3117//3117
f 3118//3118 3119//3119 3117//3117
f 3117//3117 3119//3119 3105//3105
f 3119//3119 3120//3120 3105//3105
f 3105//3105 3120//3120 2216//2216
f 3120//3120 3121//3121 2216//2216
f 3274//3274 3122//3122 3118//3118
f 3122//3122 3123//3123 3118//3118
f 3118//3118 3123//3123 3119//3119
f 3123//3123 3124//3124 3119//3119
f 3119//3119 3124//3124 3120//3120
f 3124//3124 3125//3125 3120//3120
f 3120//3120 3125//3125 3121//3121
f 3125//3125 3126//3126 3121//3121
f 3122//3122 3127//3127 3123//3123
f 3127//3127 3128//3128 3123//3123
f 3123//3123 3128//3128 3124//3124
f 3128//3128 3129//3129 3124//3124
f 3124//3124 3129//3129 3125//3125
f 3129//3129 3130//3130 3125//3125
f 3125//3125 3130//3130 3126//3126
f 3130//3130 3131//3131 3126//3126
f 3127//3127 3275//3275 3128//3128
f 3275//3275 3264//3264 3128//3128
f 3128//3128 3264//3264 3129//3129
f 3264//3264 3268//3268 3129//3129
f 3129//3129 3268//3268 3130//3130
f 3268//3268 3272//3272 3130//3130
f 3130//3130 3272//3272 3131//3131
f 3272//3272 2217//2217 3131//3131
f 2217//2217 3133//3133 2220//2220
f 3133//3133 3134//3134 2220//2220
f 2220//2220 3134//3134 2225//2225
f 3134//3134 3135//3135 2225//2225
f 2225//2225 3135//3135 3132//3132
f 3135//3135 3136//3136 3132//3132
f 3132//3132 3136//3136 2198//2198
f 3136//3136 2199//2199 2198//2198
f 3133//3133 3273//3273 3134//3134
f 3273//3273 3137//3137 3134//3134
f 3134//3134 3137//3137 3135//3135
f 3137//3137 3138//3138 3135//3135
f 3135//3135 3138//3138 3136//3136
f 3138//3138 3139//3139 3136//3136
f 3136//3136 3139//3139 2199//2199
f 3139//3139 2200//2200 2199//2199
f 3273//3273 3140//3140 3137//3137
f 3140//3140 3141//3141 3137//3137
f 3137//3137 3141//3141 3138//3138
f 3141//3141 3142//3142 3138//3138
f 3138//3138 3142//3142 3139//3139
f 3142//3142 3143//3143 3139//3139
f 3139//3139 3143//3143 2200//2200
f 3143//3143 3144//3144 2200//2200
f 3140//3140 3145//3145 3141//3141
f 3145//3145 3587//3587 3141//3141
f 3141//3141 3587//3587 3142//3142
f 3587//3587 3146//3146 3142//3142
f 3142//3142 3146//3146 3143//3143
f 3146//3146 3147//3147 3143//3143
f 3143//3143 3147//3147 3144//3144
f 3147//3147 3596//3596 3144//3144
f 3408//3408 3409//3409 2930//2930
f 3409//3409 3148//3148 2930//2930
f 2930//2930 3148//3148 2935//2935
f 3148//3148 3149//3149 2935//2935
f 2935//2935 3149//3149 2939//2939
f 3149//3149 3150//3150 2939//2939
f 2939//2939 3150//3150 2943//2943
f 3150//3150 3080//3080 2943//2943
f 3409//3409 3151//3151 3148//3148
f 3151//3151 3152//3152 3148//3148
f 3148//3148 3152//3152 3149//3149
f 3152//3152 3153//3153 3149//3149
f 3149//3149 3153//3153 3150//3150
f 3153//3153 3154//3154 3150//3150
f 3150//3150 3154//3154 3080//3080
f 3154//3154 3081//3081 3080//3080
f 3151//3151 3155//3155 3152//3152
f 3155//3155 3156//3156 3152//3152
f 3152//3152 3156//3156 3153//3153
f 3156//3156 3157//3157 3153//3153
f 3153//3153 3157//3157 3154//3154
f 3157//3157 3158//3158 3154//3154
f 3154//3154 3158//3158 3081//3081
f 3158//3158 3159//3159 3081//3081
f 3155//3155 3410//3410 3156//3156
f 3410//3410 3160//3160 3156//3156
f 3156//3156 3160//3160 3157//3157
f 3160//3160 3371//3371 3157//3157
f 3157//3157 3371//3371 3158//3158
f 3371//3371 3161//3161 3158//3158
f 3158//3158 3161//3161 3159//3159
f 3161//3161 3053//3053 3159//3159
f 1905//1905 3164//3164 1908//1908
f 3164//3164 3165//3165 1908//1908
f 1908//1908 3165//3165 1913//1913
f 3165//3165 3166//3166 1913//1913
f 1913//1913 3166//3166 3162//3162
f 3166//3166 3167//3167 3162//3162
f 3162//3162 3167//3167 3163//3163
f 3167//3167 1206//1206 3163//3163
f 3164//3164 3168//3168 3165//3165
f 3168//3168 3169//3169 3165//3165
f 3165//3165 3169//3169 3166//3166
f 3169//3169 3170//3170 3166//3166
f 3166//3166 3170//3170 3167//3167
f 3170//3170 3171//3171 3167//3167
f 3167//3167 3171//3171 1206//1206
f 3171//3171 1207//1207 1206//1206
f 3168//3168 3172//3172 3169//3169
f 3172//3172 3173//3173 3169//3169
f 3169//3169 3173//3173 3170//3170
f 3173//3173 3174//3174 3170//3170
f 3170//3170 3174//3174 3171//3171
f 3174//3174 3175//3175 3171//3171
f 3171//3171 3175//3175 1207//1207
f 3175//3175 1208//1208 1207//1207
f 3172//3172 3551//3551 3173//3173
f 3551//3551 3176//3176 3173//3173
f 3173//3173 3176//3176 3174//3174
f 3176//3176 3177//3177 3174//3174
f 3174//3174 3177//3177 3175//3175
f 3177//3177 3178//3178 3175//3175
f 3175//3175 3178//3178 1208//1208
f 3178//3178 807//807 1208//1208
f 1148//1148 3208//3208 3179//3179
f 3208//3208 3180//3180 3179//3179
f 3179//3179 3180//3180 541//541
f 3180//3180 3181//3181 541//541
f 541//541 3181//3181 545//545
f 3181//3181 3182//3182 545//545
f 545//545 3182//3182 550//550
f 3182//3182 3183//3183 550//550
f 3208//3208 3209//3209 3180//3180
f 3209//3209 3184//3184 3180//3180
f 3180//3180 3184//3184 3181//3181
f 3184//3184 3185//3185 3181//3181
f 3181//3181 3185//3185 3182//3182
f 3185//3185 3186//3186 3182//3182
f 3182//3182 3186//3186 3183//3183
f 3186//3186 3187//3187 3183//3183
f 3209//3209 3188//3188 3184//3184
f 3188//3188 3189//3189 3184//3184
f 3184//3184 3189//3189 3185//3185
f 3189//3189 3190//3190 3185//3185
f 3185//3185 3190//3190 3186//3186
f 3190//3190 3191//3191 3186//3186
f 3186//3186 3191//3191 3187//3187
f 3191//3191 3194//3194 3187//3187
f 3188//3188 1903//1903 3189//3189
f 1903//1903 3192//3192 3189//3189
f 3189//3189 3192//3192 3190//3190
f 3192//3192 3193//3193 3190//3190
f 3190//3190 3193//3193 3191//3191
f 3193//3193 1892//1892 3191//3191
f 3191//3191 1892//1892 3194//3194
f 1892//1892 1888//1888 3194//3194
f 1888//1888 3246//3246 3194//3194
f 3246//3246 3195//3195 3194//3194
f 3194//3194 3195//3195 3187//3187
f 3195//3195 3196//3196 3187//3187
f 3187//3187 3196//3196 3183//3183
f 3196//3196 3197//3197 3183//3183
f 3183//3183 3197//3197 550//550
f 3197//3197 3198//3198 550//550
f 3246//3246 3245//3245 3195//3195
f 3245//3245 3199//3199 3195//3195
f 3195//3195 3199//3199 3196//3196
f 3199//3199 3200//3200 3196//3196
f 3196//3196 3200//3200 3197//3197
f 3200//3200 3201//3201 3197//3197
f 3197//3197 3201//3201 3198//3198
f 3201//3201 551//551 3198//3198
f 3245//3245 3244//3244 3199//3199
f 3244//3244 3202//3202 3199//3199
f 3199//3199 3202//3202 3200//3200
f 3202//3202 3203//3203 3200//3200
f 3200//3200 3203//3203 3201//3201
f 3203//3203 3204//3204 3201//3201
f 3201//3201 3204//3204 551//551
f 3204//3204 552//552 551//551
f 3244//3244 3205//3205 3202//3202
f 3205//3205 715//715 3202//3202
f 3202//3202 715//715 3203//3203
f 715//715 710//710 3203//3203
f 3203//3203 710//710 3204//3204
f 710//710 3206//3206 3204//3204
f 3204//3204 3206//3206 552//552
f 3206//3206 3207//3207 552//552
f 1148//1148 3210//3210 3208//3208
f 3210//3210 3211//3211 3208//3208
f 3208//3208 3211//3211 3209//3209
f 3211//3211 3212//3212 3209//3209
f 3209//3209 3212//3212 3188//3188
f 3212//3212 3213//3213 3188//3188
f 3188//3188 3213//3213 1903//1903
f 3213//3213 3214//3214 1903//1903
f 3210//3210 3215//3215 3211//3211
f 3215//3215 3216//3216 3211//3211
f 3211//3211 3216//3216 3212//3212
f 3216//3216 3217//3217 3212//3212
f 3212//3212 3217//3217 3213//3213
f 3217//3217 3218//3218 3213//3213
f 3213//3213 3218//3218 3214//3214
f 3218//3218 1904//1904 3214//3214
f 3215//3215 3219//3219 3216//3216
f 3219//3219 3220//3220 3216//3216
f 3216//3216 3220//3220 3217//3217
f 3220//3220 3221//3221 3217//3217
f 3217//3217 3221//3221 3218//3218
f 3221//3221 3222//3222 3218//3218
f 3218//3218 3222//3222 1904//1904
f 3222//3222 3223//3223 1904//1904
f 3219//3219 3224//3224 3220//3220
f 3224//3224 3478//3478 3220//3220
f 3220//3220 3478//3478 3221//3221
f 3478//3478 3225//3225 3221//3221
f 3221//3221 3225//3225 3222//3222
f 3225//3225 3226//3226 3222//3222
f 3222//3222 3226//3226 3223//3223
f 3226//3226 1905//1905 3223//3223
f 3258//3258 720//720 3227//3227
f 720//720 3230//3230 3227//3227
f 3227//3227 3230//3230 3228//3228
f 3230//3230 3231//3231 3228//3228
f 3228//3228 3231//3231 3229//3229
f 3231//3231 3232//3232 3229//3229
f 3229//3229 3232//3232 2983//2983
f 3232//3232 3233//3233 2983//2983
f 720//720 3234//3234 3230//3230
f 3234//3234 3235//3235 3230//3230
f 3230//3230 3235//3235 3231//3231
f 3235//3235 3236//3236 3231//3231
f 3231//3231 3236//3236 3232//3232
f 3236//3236 3237//3237 3232//3232
f 3232//3232 3237//3237 3233//3233
f 3237//3237 3238//3238 3233//3233
f 3234//3234 3239//3239 3235//3235
f 3239//3239 3240//3240 3235//3235
f 3235//3235 3240//3240 3236//3236
f 3240//3240 3241//3241 3236//3236
f 3236//3236 3241//3241 3237//3237
f 3241//3241 3242//3242 3237//3237
f 3237//3237 3242//3242 3238//3238
f 3242//3242 3243//3243 3238//3238
f 3239//3239 3205//3205 3240//3240
f 3205//3205 3244//3244 3240//3240
f 3240//3240 3244//3244 3241//3241
f 3244//3244 3245//3245 3241//3241
f 3241//3241 3245//3245 3242//3242
f 3245//3245 3246//3246 3242//3242
f 3242//3242 3246//3246 3243//3243
f 3246//3246 1888//1888 3243//3243
f 2167//2167 2134//2134 2969//2969
f 2134//2134 3248//3248 2969//2969
f 2969//2969 3248//3248 3247//3247
f 3248//3248 3249//3249 3247//3247
f 3247//3247 3249//3249 2978//2978
f 3249//3249 3250//3250 2978//2978
f 2978//2978 3250//3250 2983//2983
f 3250//3250 3229//3229 2983//2983
f 2134//2134 2133//2133 3248//3248
f 2133//2133 3251//3251 3248//3248
f 3248//3248 3251//3251 3249//3249
f 3251//3251 3252//3252 3249//3249
f 3249//3249 3252//3252 3250//3250
f 3252//3252 3253//3253 3250//3250
f 3250//3250 3253//3253 3229//3229
f 3253//3253 3228//3228 3229//3229
f 2133//2133 2132//2132 3251//3251
f 2132//2132 3254//3254 3251//3251
f 3251//3251 3254//3254 3252//3252
f 3254//3254 3255//3255 3252//3252
f 3252//3252 3255//3255 3253//3253
f 3255//3255 3256//3256 3253//3253
f 3253//3253 3256//3256 3228//3228
f 3256//3256 3227//3227 3228//3228
f 2132//2132 3257//3257 3254//3254
f 3257//3257 3492//3492 3254//3254
f 3254//3254 3492//3492 3255//3255
f 3492//3492 3497//3497 3255//3255
f 3255//3255 3497//3497 3256//3256
f 3497//3497 3502//3502 3256//3256
f 3256//3256 3502//3502 3227//3227
f 3502//3502 3258//3258 3227//3227
f 3321//3321 3260//3260 3287//3287
f 3260//3260 3261//3261 3287//3287
f 3287//3287 3261//3261 3283//3283
f 3261//3261 3262//3262 3283//3283
f 3283//3283 3262//3262 3259//3259
f 3262//3262 3263//3263 3259//3259
f 3259//3259 3263//3263 3275//3275
f 3263//3263 3264//3264 3275//3275
f 3260//3260 3582//3582 3261//3261
f 3582//3582 3265//3265 3261//3261
f 3261//3261 3265//3265 3262//3262
f 3265//3265 3266//3266 3262//3262
f 3262//3262 3266//3266 3263//3263
f 3266//3266 3267//3267 3263//3263
f 3263//3263 3267//3267 3264//3264
f 3267//3267 3268//3268 3264//3264
f 3582//3582 3583//3583 3265//3265
f 3583//3583 3269//3269 3265//3265
f 3265//3265 3269//3269 3266//3266
f 3269//3269 3270//3270 3266//3266
f 3266//3266 3270//3270 3267//3267
f 3270//3270 3271//3271 3267//3267
f 3267//3267 3271//3271 3268//3268
f 3271//3271 3272//3272 3268//3268
f 3583//3583 3145//3145 3269//3269
f 3145//3145 3140//3140 3269//3269
f 3269//3269 3140//3140 3270//3270
f 3140//3140 3273//3273 3270//3270
f 3270//3270 3273//3273 3271//3271
f 3273//3273 3133//3133 3271//3271
f 3271//3271 3133//3133 3272//3272
f 3133//3133 2217//2217 3272//3272
f 3116//3116 3291//3291 3274//3274
f 3291//3291 3276//3276 3274//3274
f 3274//3274 3276//3276 3122//3122
f 3276//3276 3277//3277 3122//3122
f 3122//3122 3277//3277 3127//3127
f 3277//3277 3278//3278 3127//3127
f 3127//3127 3278//3278 3275//3275
f 3278//3278 3259//3259 3275//3275
f 3291//3291 3279//3279 3276//3276
f 3279//3279 3280//3280 3276//3276
f 3276//3276 3280//3280 3277//3277
f 3280//3280 3281//3281 3277//3277
f 3277//3277 3281//3281 3278//3278
f 3281//3281 3282//3282 3278//3278
f 3278//3278 3282//3282 3259//3259
f 3282//3282 3283//3283 3259//3259
f 3279//3279 3292//3292 3280//3280
f 3292//3292 3284//3284 3280//3280
f 3280//3280 3284//3284 3281//3281
f 3284//3284 3285//3285 3281//3281
f 3281//3281 3285//3285 3282//3282
f 3285//3285 3286//3286 3282//3282
f 3282//3282 3286//3286 3283//3283
f 3286//3286 3287//3287 3283//3283
f 3292//3292 3308//3308 3284//3284
f 3308//3308 3288//3288 3284//3284
f 3284//3284 3288//3288 3285//3285
f 3288//3288 3289//3289 3285//3285
f 3285//3285 3289//3289 3286//3286
f 3289//3289 3290//3290 3286//3286
f 3286//3286 3290//3290 3287//3287
f 3290//3290 3321//3321 3287//3287
f 3116//3116 3293//3293 3291//3291
f 3293//3293 3294//3294 3291//3291
f 3291//3291 3294//3294 3279//3279
f 3294//3294 3295//3295 3279//3279
f 3279//3279 3295//3295 3292//3292
f 3295//3295 3296//3296 3292//3292
f 3292//3292 3296//3296 3308//3308
f 3296//3296 3297//3297 3308//3308
f 3293//3293 2800//2800 3294//3294
f 2800//2800 3298//3298 3294//3294
f 3294//3294 3298//3298 3295//3295
f 3298//3298 3299//3299 3295//3295
f 3295//3295 3299//3299 3296//3296
f 3299//3299 3300//3300 3296//3296
f 3296//3296 3300//3300 3297//3297
f 3300//3300 3301//3301 3297//3297
f 2800//2800 3302//3302 3298//3298
f 3302//3302 3303//3303 3298//3298
f 3298//3298 3303//3303 3299//3299
f 3303//3303 3304//3304 3299//3299
f 3299//3299 3304//3304 3300//3300
f 3304//3304 3305//3305 3300//3300
f 3300//3300 3305//3305 3301//3301
f 3305//3305 3306//3306 3301//3301
f 3302//3302 3097//3097 3303//3303
f 3097//3097 3307//3307 3303//3303
f 3303//3303 3307//3307 3304//3304
f 3307//3307 3089//3089 3304//3304
f 3304//3304 3089//3089 3305//3305
f 3089//3089 3084//3084 3305//3305
f 3305//3305 3084//3084 3306//3306
f 3084//3084 1923//1923 3306//3306
f 1923//1923 3309//3309 3306//3306
f 3309//3309 3310//3310 3306//3306
f 3306//3306 3310//3310 3301//3301
f 3310//3310 3311//3311 3301//3301
f 3301//3301 3311//3311 3297//3297
f 3311//3311 3312//3312 3297//3297
f 3297//3297 3312//3312 3308//3308
f 3312//3312 3288//3288 3308//3308
f 3309//3309 1177//1177 3310//3310
f 1177//1177 3313//3313 3310//3310
f 3310//3310 3313//3313 3311//3311
f 3313//3313 3314//3314 3311//3311
f 3311//3311 3314//3314 3312//3312
f 3314//3314 3315//3315 3312//3312
f 3312//3312 3315//3315 3288//3288
f 3315//3315 3289//3289 3288//3288
f 1177//1177 3316//3316 3313//3313
f 3316//3316 3317//3317 3313//3313
f 3313//3313 3317//3317 3314//3314
f 3317//3317 3318//3318 3314//3314
f 3314//3314 3318//3318 3315//3315
f 3318//3318 3319//3319 3315//3315
f 3315//3315 3319//3319 3289//3289
f 3319//3319 3290//3290 3289//3289
f 3316//3316 1176//1176 3317//3317
f 1176//1176 3402//3402 3317//3317
f 3317//3317 3402//3402 3318//3318
f 3402//3402 3398//3398 3318//3318
f 3318//3318 3398//3398 3319//3319
f 3398//3398 3320//3320 3319//3319
f 3319//3319 3320//3320 3290//3290
f 3320//3320 3321//3321 3290//3290
f 2912//2912 3324//3324 1521//1521
f 3324//3324 3325//3325 1521//1521
f 1521//1521 3325//3325 3322//3322
f 3325//3325 3326//3326 3322//3322
f 3322//3322 3326//3326 3323//3323
f 3326//3326 3327//3327 3323//3323
f 3323//3323 3327//3327 2964//2964
f 3327//3327 2965//2965 2964//2964
f 3324//3324 2911//2911 3325//3325
f 2911//2911 3328//3328 3325//3325
f 3325//3325 3328//3328 3326//3326
f 3328//3328 3329//3329 3326//3326
f 3326//3326 3329//3329 3327//3327
f 3329//3329 3330//3330 3327//3327
f 3327//3327 3330//3330 2965//2965
f 3330//3330 2966//2966 2965//2965
f 2911//2911 3331//3331 3328//3328
f 3331//3331 3332//3332 3328//3328
f 3328//3328 3332//3332 3329//3329
f 3332//3332 3333//3333 3329//3329
f 3329//3329 3333//3333 3330//3330
f 3333//3333 3334//3334 3330//3330
f 3330//3330 3334//3334 2966//2966
f 3334//3334 3335//3335 2966//2966
f 3331//3331 3351//3351 3332//3332
f 3351//3351 3346//3346 3332//3332
f 3332//3332 3346//3346 3333//3333
f 3346//3346 3336//3336 3333//3333
f 3333//3333 3336//3336 3334//3334
f 3336//3336 3337//3337 3334//3334
f 3334//3334 3337//3337 3335//3335
f 3337//3337 3099//3099 3335//3335
f 3099//3099 3337//3337 3101//3101
f 3337//3337 3340//3340 3101//3101
f 3101//3101 3340//3340 3106//3106
f 3340//3340 3341//3341 3106//3106
f 3106//3106 3341//3341 3338//3338
f 3341//3341 3342//3342 3338//3338
f 3338//3338 3342//3342 3339//3339
f 3342//3342 2813//2813 3339//3339
f 3337//3337 3336//3336 3340//3340
f 3336//3336 3343//3343 3340//3340
f 3340//3340 3343//3343 3341//3341
f 3343//3343 3344//3344 3341//3341
f 3341//3341 3344//3344 3342//3342
f 3344//3344 3345//3345 3342//3342
f 3342//3342 3345//3345 2813//2813
f 3345//3345 2814//2814 2813//2813
f 3336//3336 3346//3346 3343//3343
f 3346//3346 3347//3347 3343//3343
f 3343//3343 3347//3347 3344//3344
f 3347//3347 3348//3348 3344//3344
f 3344//3344 3348//3348 3345//3345
f 3348//3348 3349//3349 3345//3345
f 3345//3345 3349//3349 2814//2814
f 3349//3349 3350//3350 2814//2814
f 3346//3346 3351//3351 3347//3347
f 3351//3351 2906//2906 3347//3347
f 3347//3347 2906//2906 3348//3348
f 2906//2906 3352//3352 3348//3348
f 3348//3348 3352//3352 3349//3349
f 3352//3352 2898//2898 3349//3349
f 3349//3349 2898//2898 3350//3350
f 2898//2898 2895//2895 3350//3350
f 3053//3053 3353//3353 3036//3036
f 3353//3353 3354//3354 3036//3036
f 3036//3036 3354//3354 3041//3041
f 3354//3354 3355//3355 3041//3041
f 3041//3041 3355//3355 3046//3046
f 3355//3355 3356//3356 3046//3046
f 3046//3046 3356//3356 3051//3051
f 3356//3356 2310//2310 3051//3051
f 3353//3353 3366//3366 3354//3354
f 3366//3366 3357//3357 3354//3354
f 3354//3354 3357//3357 3355//3355
f 3357//3357 3358//3358 3355//3355
f 3355//3355 3358//3358 3356//3356
f 3358//3358 3359//3359 3356//3356
f 3356//3356 3359//3359 2310//2310
f 3359//3359 2311//2311 2310//2310
f 3366//3366 3360//3360 3357//3357
f 3360//3360 3361//3361 3357//3357
f 3357//3357 3361//3361 3358//3358
f 3361//3361 3362//3362 3358//3358
f 3358//3358 3362//3362 3359//3359
f 3362//3362 3363//3363 3359//3359
f 3359//3359 3363//3363 2311//2311
f 3363//3363 3364//3364 2311//2311
f 3360//3360 2533//2533 3361//3361
f 2533//2533 2529//2529 3361//3361
f 3361//3361 2529//2529 3362//3362
f 2529//2529 3365//3365 3362//3362
f 3362//3362 3365//3365 3363//3363
f 3365//3365 2522//2522 3363//3363
f 3363//3363 2522//2522 3364//3364
f 2522//2522 2312//2312 3364//3364
f 3053//3053 3161//3161 3353//3353
f 3161//3161 3367//3367 3353//3353
f 3353//3353 3367//3367 3366//3366
f 3367//3367 3368//3368 3366//3366
f 3366//3366 3368//3368 3360//3360
f 3368//3368 3369//3369 3360//3360
f 3360//3360 3369//3369 2533//2533
f 3369//3369 3370//3370 2533//2533
f 3161//3161 3371//3371 3367//3367
f 3371//3371 3372//3372 3367//3367
f 3367//3367 3372//3372 3368//3368
f 3372//3372 3373//3373 3368//3368
f 3368//3368 3373//3373 3369//3369
f 3373//3373 3374//3374 3369//3369
f 3369//3369 3374//3374 3370//3370
f 3374//3374 2534//2534 3370//3370
f 3371//3371 3160//3160 3372//3372
f 3160//3160 3375//3375 3372//3372
f 3372//3372 3375//3375 3373//3373
f 3375//3375 3376//3376 3373//3373
f 3373//3373 3376//3376 3374//3374
f 3376//3376 3377//3377 3374//3374
f 3374//3374 3377//3377 2534//2534
f 3377//3377 3378//3378 2534//2534
f 3160//3160 3410//3410 3375//3375
f 3410//3410 3415//3415 3375//3375
f 3375//3375 3415//3415 3376//3376
f 3415//3415 3419//3419 3376//3376
f 3376//3376 3419//3419 3377//3377
f 3419//3419 3424//3424 3377//3377
f 3377//3377 3424//3424 3378//3378
f 3424//3424 2535//2535 3378//3378
f 2673//2673 2672//2672 2571//2571
f 2672//2672 3380//3380 2571//2571
f 2571//2571 3380//3380 3379//3379
f 3380//3380 3381//3381 3379//3379
f 3379//3379 3381//3381 2578//2578
f 3381//3381 3382//3382 2578//2578
f 2578//2578 3382//3382 2582//2582
f 3382//3382 3394//3394 2582//2582
f 2672//2672 2671//2671 3380//3380
f 2671//2671 3383//3383 3380//3380
f 3380//3380 3383//3383 3381//3381
f 3383//3383 3384//3384 3381//3381
f 3381//3381 3384//3384 3382//3382
f 3384//3384 3385//3385 3382//3382
f 3382//3382 3385//3385 3394//3394
f 3385//3385 3393//3393 3394//3394
f 2671//2671 2670//2670 3383//3383
f 2670//2670 3386//3386 3383//3383
f 3383//3383 3386//3386 3384//3384
f 3386//3386 3387//3387 3384//3384
f 3384//3384 3387//3387 3385//3385
f 3387//3387 3388//3388 3385//3385
f 3385//3385 3388//3388 3393//3393
f 3388//3388 3389//3389 3393//3393
f 2670//2670 3390//3390 3386//3386
f 3390//3390 3391//3391 3386//3386
f 3386//3386 3391//3391 3387//3387
f 3391//3391 3588//3588 3387//3387
f 3387//3387 3588//3588 3388//3388
f 3588//3588 3392//3392 3388//3388
f 3388//3388 3392//3392 3389//3389
f 3392//3392 3321//3321 3389//3389
f 3321//3321 3320//3320 3389//3389
f 3320//3320 3395//3395 3389//3389
f 3389//3389 3395//3395 3393//3393
f 3395//3395 3396//3396 3393//3393
f 3393//3393 3396//3396 3394//3394
f 3396//3396 3397//3397 3394//3394
f 3394//3394 3397//3397 2582//2582
f 3397//3397 2583//2583 2582//2582
f 3320//3320 3398//3398 3395//3395
f 3398//3398 3399//3399 3395//3395
f 3395//3395 3399//3399 3396//3396
f 3399//3399 3400//3400 3396//3396
f 3396//3396 3400//3400 3397//3397
f 3400//3400 3401//3401 3397//3397
f 3397//3397 3401//3401 2583//2583
f 3401//3401 2584//2584 2583//2583
f 3398//3398 3402//3402 3399//3399
f 3402//3402 3403//3403 3399//3399
f 3399//3399 3403//3403 3400//3400
f 3403//3403 3404//3404 3400//3400
f 3400//3400 3404//3404 3401//3401
f 3404//3404 3405//3405 3401//3401
f 3401//3401 3405//3405 2584//2584
f 3405//3405 2585//2585 2584//2584
f 3402//3402 1176//1176 3403//3403
f 1176//1176 3406//3406 3403//3403
f 3403//3403 3406//3406 3404//3404
f 3406//3406 3407//3407 3404//3404
f 3404//3404 3407//3407 3405//3405
f 3407//3407 1164//1164 3405//3405
f 3405//3405 1164//1164 2585//2585
f 1164//1164 2586//2586 2585//2585
f 3408//3408 3411//3411 3409//3409
f 3411//3411 3412//3412 3409//3409
f 3409//3409 3412//3412 3151//3151
f 3412//3412 3413//3413 3151//3151
f 3151//3151 3413//3413 3155//3155
f 3413//3413 3414//3414 3155//3155
f 3155//3155 3414//3414 3410//3410
f 3414//3414 3415//3415 3410//3410
f 3411//3411 144//144 3412//3412
f 144//144 3416//3416 3412//3412
f 3412//3412 3416//3416 3413//3413
f 3416//3416 3417//3417 3413//3413
f 3413//3413 3417//3417 3414//3414
f 3417//3417 3418//3418 3414//3414
f 3414//3414 3418//3418 3415//3415
f 3418//3418 3419//3419 3415//3415
f 144//144 3420//3420 3416//3416
f 3420//3420 3421//3421 3416//3416
f 3416//3416 3421//3421 3417//3417
f 3421//3421 3422//3422 3417//3417
f 3417//3417 3422//3422 3418//3418
f 3422//3422 3423//3423 3418//3418
f 3418//3418 3423//3423 3419//3419
f 3423//3423 3424//3424 3419//3419
f 3420//3420 2376//2376 3421//3421
f 2376//2376 3425//3425 3421//3421
f 3421//3421 3425//3425 3422//3422
f 3425//3425 2367//2367 3422//3422
f 3422//3422 2367//2367 3423//3423
f 2367//2367 2362//2362 3423//3423
f 3423//3423 2362//2362 3424//3424
f 2362//2362 2535//2535 3424//3424
f 261//261 3015//3015 3469//3469
f 3015//3015 3427//3427 3469//3469
f 3469//3469 3427//3427 3464//3464
f 3427//3427 3428//3428 3464//3464
f 3464//3464 3428//3428 3460//3460
f 3428//3428 3429//3429 3460//3460
f 3460//3460 3429//3429 3426//3426
f 3429//3429 3430//3430 3426//3426
f 3015//3015 3014//3014 3427//3427
f 3014//3014 3431//3431 3427//3427
f 3427//3427 3431//3431 3428//3428
f 3431//3431 3432//3432 3428//3428
f 3428//3428 3432//3432 3429//3429
f 3432//3432 3433//3433 3429//3429
f 3429//3429 3433//3433 3430//3430
f 3433//3433 3439//3439 3430//3430
f 3014//3014 3013//3013 3431//3431
f 3013//3013 3434//3434 3431//3431
f 3431//3431 3434//3434 3432//3432
f 3434//3434 3435//3435 3432//3432
f 3432//3432 3435//3435 3433//3433
f 3435//3435 3436//3436 3433//3433
f 3433//3433 3436//3436 3439//3439
f 3436//3436 3437//3437 3439//3439
f 3013//3013 2291//2291 3434//3434
f 2291//2291 2286//2286 3434//3434
f 3434//3434 2286//2286 3435//3435
f 2286//2286 2282//2282 3435//3435
f 3435//3435 2282//2282 3436//3436
f 2282//2282 3438//3438 3436//3436
f 3436//3436 3438//3438 3437//3437
f 3438//3438 1567//1567 3437//3437
f 1567//1567 3440//3440 3437//3437
f 3440//3440 3441//3441 3437//3437
f 3437//3437 3441//3441 3439//3439
f 3441//3441 3442//3442 3439//3439
f 3439//3439 3442//3442 3430//3430
f 3442//3442 3443//3443 3430//3430
f 3430//3430 3443//3443 3426//3426
f 3443//3443 3456//3456 3426//3426
f 3440//3440 3444//3444 3441//3441
f 3444//3444 3445//3445 3441//3441
f 3441//3441 3445//3445 3442//3442
f 3445//3445 3446//3446 3442//3442
f 3442//3442 3446//3446 3443//3443
f 3446//3446 3447//3447 3443//3443
f 3443//3443 3447//3447 3456//3456
f 3447//3447 3455//3455 3456//3456
f 3444//3444 3448//3448 3445//3445
f 3448//3448 3449//3449 3445//3445
f 3445//3445 3449//3449 3446//3446
f 3449//3449 3450//3450 3446//3446
f 3446//3446 3450//3450 3447//3447
f 3450//3450 3451//3451 3447//3447
f 3447//3447 3451//3451 3455//3455
f 3451//3451 3454//3454 3455//3455
f 3448//3448 661//661 3449//3449
f 661//661 303//303 3449//3449
f 3449//3449 303//303 3450//3450
f 303//303 3452//3452 3450//3450
f 3450//3450 3452//3452 3451//3451
f 3452//3452 3453//3453 3451//3451
f 3451//3451 3453//3453 3454//3454
f 3453//3453 294//294 3454//3454
f 294//294 3521//3521 3454//3454
f 3521//3521 3457//3457 3454//3454
f 3454//3454 3457//3457 3455//3455
f 3457//3457 3458//3458 3455//3455
f 3455//3455 3458//3458 3456//3456
f 3458//3458 3459//3459 3456//3456
f 3456//3456 3459//3459 3426//3426
f 3459//3459 3460//3460 3426//3426
f 3521//3521 3520//3520 3457//3457
f 3520//3520 3461//3461 3457//3457
f 3457//3457 3461//3461 3458//3458
f 3461//3461 3462//3462 3458//3458
f 3458//3458 3462//3462 3459//3459
f 3462//3462 3463//3463 3459//3459
f 3459//3459 3463//3463 3460//3460
f 3463//3463 3464//3464 3460//3460
f 3520//3520 3465//3465 3461//3461
f 3465//3465 3466//3466 3461//3461
f 3461//3461 3466//3466 3462//3462
f 3466//3466 3467//3467 3462//3462
f 3462//3462 3467//3467 3463//3463
f 3467//3467 3468//3468 3463//3463
f 3463//3463 3468//3468 3464//3464
f 3468//3468 3469//3469 3464//3464
f 3465//3465 3470//3470 3466//3466
f 3470//3470 187//187 3466//3466
f 3466//3466 187//187 3467//3467
f 187//187 183//183 3467//3467
f 3467//3467 183//183 3468//3468
f 183//183 3471//3471 3468//3468
f 3468//3468 3471//3471 3469//3469
f 3471//3471 261//261 3469//3469
f 3522//3522 3474//3474 3472//3472
f 3474//3474 3475//3475 3472//3472
f 3472//3472 3475//3475 1141//1141
f 3475//3475 3476//3476 1141//1141
f 1141//1141 3476//3476 3473//3473
f 3476//3476 3477//3477 3473//3473
f 3473//3473 3477//3477 3224//3224
f 3477//3477 3478//3478 3224//3224
f 3474//3474 3479//3479 3475//3475
f 3479//3479 3480//3480 3475//3475
f 3475//3475 3480//3480 3476//3476
f 3480//3480 3481//3481 3476//3476
f 3476//3476 3481//3481 3477//3477
f 3481//3481 3482//3482 3477//3477
f 3477//3477 3482//3482 3478//3478
f 3482//3482 3225//3225 3478//3478
f 3479//3479 3483//3483 3480//3480
f 3483//3483 3484//3484 3480//3480
f 3480//3480 3484//3484 3481//3481
f 3484//3484 3485//3485 3481//3481
f 3481//3481 3485//3485 3482//3482
f 3485//3485 3486//3486 3482//3482
f 3482//3482 3486//3486 3225//3225
f 3486//3486 3226//3226 3225//3225
f 3483//3483 3551//3551 3484//3484
f 3551//3551 3172//3172 3484//3484
f 3484//3484 3172//3172 3485//3485
f 3172//3172 3168//3168 3485//3485
f 3485//3485 3168//3168 3486//3486
f 3168//3168 3164//3164 3486//3486
f 3486//3486 3164//3164 3226//3226
f 3164//3164 1905//1905 3226//3226
f 2689//2689 2722//2722 3487//3487
f 2722//2722 3489//3489 3487//3487
f 3487//3487 3489//3489 3488//3488
f 3489//3489 3490//3490 3488//3488
f 3488//3488 3490//3490 2127//2127
f 3490//3490 3491//3491 2127//2127
f 2127//2127 3491//3491 3257//3257
f 3491//3491 3492//3492 3257//3257
f 2722//2722 3493//3493 3489//3489
f 3493//3493 3494//3494 3489//3489
f 3489//3489 3494//3494 3490//3490
f 3494//3494 3495//3495 3490//3490
f 3490//3490 3495//3495 3491//3491
f 3495//3495 3496//3496 3491//3491
f 3491//3491 3496//3496 3492//3492
f 3496//3496 3497//3497 3492//3492
f 3493//3493 3498//3498 3494//3494
f 3498//3498 3499//3499 3494//3494
f 3494//3494 3499//3499 3495//3495
f 3499//3499 3500//3500 3495//3495
f 3495//3495 3500//3500 3496//3496
f 3500//3500 3501//3501 3496//3496
f 3496//3496 3501//3501 3497//3497
f 3501//3501 3502//3502 3497//3497
f 3498//3498 3503//3503 3499//3499
f 3503//3503 3504//3504 3499//3499
f 3499//3499 3504//3504 3500//3500
f 3504//3504 3505//3505 3500//3500
f 3500//3500 3505//3505 3501//3501
f 3505//3505 722//722 3501//3501
f 3501//3501 722//722 3502//3502
f 722//722 3258//3258 3502//3502
f 113//113 192//192 3506//3506
f 192//192 3508//3508 3506//3506
f 3506//3506 3508//3508 118//118
f 3508//3508 3509//3509 118//118
f 118//118 3509//3509 3507//3507
f 3509//3509 3510//3510 3507//3507
f 3507//3507 3510//3510 749//749
f 3510//3510 750//750 749//749
f 192//192 3511//3511 3508//3508
f 3511//3511 3512//3512 3508//3508
f 3508//3508 3512//3512 3509//3509
f 3512//3512 3513//3513 3509//3509
f 3509//3509 3513//3513 3510//3510
f 3513//3513 3514//3514 3510//3510
f 3510//3510 3514//3514 750//750
f 3514//3514 3515//3515 750//750
f 3511//3511 191//191 3512//3512
f 191//191 3516//3516 3512//3512
f 3512//3512 3516//3516 3513//3513
f 3516//3516 3517//3517 3513//3513
f 3513//3513 3517//3517 3514//3514
f 3517//3517 3518//3518 3514//3514
f 3514//3514 3518//3518 3515//3515
f 3518//3518 3519//3519 3515//3515
f 191//191 3470//3470 3516//3516
f 3470//3470 3465//3465 3516//3516
f 3516//3516 3465//3465 3517//3517
f 3465//3465 3520//3520 3517//3517
f 3517//3517 3520//3520 3518//3518
f 3520//3520 3521//3521 3518//3518
f 3518//3518 3521//3521 3519//3519
f 3521//3521 294//294 3519//3519
f 3522//3522 975//975 3550//3550
f 975//975 3524//3524 3550//3550
f 3550//3550 3524//3524 3523//3523
f 3524//3524 3525//3525 3523//3523
f 3523//3523 3525//3525 3543//3543
f 3525//3525 3526//3526 3543//3543
f 3543//3543 3526//3526 823//823
f 3526//3526 3527//3527 823//823
f 975//975 974//974 3524//3524
f 974//974 3528//3528 3524//3524
f 3524//3524 3528//3528 3525//3525
f 3528//3528 3529//3529 3525//3525
f 3525//3525 3529//3529 3526//3526
f 3529//3529 3530//3530 3526//3526
f 3526//3526 3530//3530 3527//3527
f 3530//3530 3531//3531 3527//3527
f 974//974 973//973 3528//3528
f 973//973 3532//3532 3528//3528
f 3528//3528 3532//3532 3529//3529
f 3532//3532 3533//3533 3529//3529
f 3529//3529 3533//3533 3530//3530
f 3533//3533 3534//3534 3530//3530
f 3530//3530 3534//3534 3531//3531
f 3534//3534 3535//3535 3531//3531
f 973//973 972//972 3532//3532
f 972//972 3536//3536 3532//3532
f 3532//3532 3536//3536 3533//3533
f 3536//3536 3537//3537 3533//3533
f 3533//3533 3537//3537 3534//3534
f 3537//3537 3538//3538 3534//3534
f 3534//3534 3538//3538 3535//3535
f 3538//3538 2379//2379 3535//3535
f 807//807 3178//3178 3539//3539
f 3178//3178 3540//3540 3539//3539
f 3539//3539 3540//3540 813//813
f 3540//3540 3541//3541 813//813
f 813//813 3541//3541 818//818
f 3541//3541 3542//3542 818//818
f 818//818 3542//3542 823//823
f 3542//3542 3543//3543 823//823
f 3178//3178 3177//3177 3540//3540
f 3177//3177 3544//3544 3540//3540
f 3540//3540 3544//3544 3541//3541
f 3544//3544 3545//3545 3541//3541
f 3541//3541 3545//3545 3542//3542
f 3545//3545 3546//3546 3542//3542
f 3542//3542 3546//3546 3543//3543
f 3546//3546 3523//3523 3543//3543
f 3177//3177 3176//3176 3544//3544
f 3176//3176 3547//3547 3544//3544
f 3544//3544 3547//3547 3545//3545
f 3547//3547 3548//3548 3545//3545
f 3545//3545 3548//3548 3546//3546
f 3548//3548 3549//3549 3546//3546
f 3546//3546 3549//3549 3523//3523
f 3549//3549 3550//3550 3523//3523
f 3176//3176 3551//3551 3547//3547
f 3551//3551 3483//3483 3547//3547
f 3547//3547 3483//3483 3548//3548
f 3483//3483 3479//3479 3548//3548
f 3548//3548 3479//3479 3549//3549
f 3479//3479 3474//3474 3549//3549
f 3549//3549 3474//3474 3550//3550
f 3474//3474 3522//3522 3550//3550
f 959//959 3555//3555 3552//3552
f 3555//3555 3556//3556 3552//3552
f 3552//3552 3556//3556 3553//3553
f 3556//3556 3557//3557 3553//3553
f 3553//3553 3557//3557 3554//3554
f 3557//3557 3558//3558 3554//3554
f 3554//3554 3558//3558 972//972
f 3558//3558 3536//3536 972//972
f 3555//3555 3559//3559 3556//3556
f 3559//3559 3560//3560 3556//3556
f 3556//3556 3560//3560 3557//3557
f 3560//3560 3561//3561 3557//3557
f 3557//3557 3561//3561 3558//3558
f 3561//3561 3562//3562 3558//3558
f 3558//3558 3562//3562 3536//3536
f 3562//3562 3537//3537 3536//3536
f 3559//3559 3563//3563 3560//3560
f 3563//3563 3564//3564 3560//3560
f 3560//3560 3564//3564 3561//3561
f 3564//3564 3565//3565 3561//3561
f 3561//3561 3565//3565 3562//3562
f 3565//3565 3566//3566 3562//3562
f 3562//3562 3566//3566 3537//3537
f 3566//3566 3538//3538 3537//3537
f 3563//3563 2393//2393 3564//3564
f 2393//2393 2388//2388 3564//3564
f 3564//3564 2388//2388 3565//3565
f 2388//2388 3567//3567 3565//3565
f 3565//3565 3567//3567 3566//3566
f 3567//3567 2380//2380 3566//3566
f 3566//3566 2380//2380 3538//3538
f 2380//2380 2379//2379 3538//3538
f 113//113 112//112 1178//1178
f 112//112 3570//3570 1178//1178
f 1178//1178 3570//3570 3568//3568
f 3570//3570 3571//3571 3568//3568
f 3568//3568 3571//3571 3569//3569
f 3571//3571 3572//3572 3569//3569
f 3569//3569 3572//3572 1515//1515
f 3572//3572 1516//1516 1515//1515
f 112//112 3573//3573 3570//3570
f 3573//3573 3574//3574 3570//3570
f 3570//3570 3574//3574 3571//3571
f 3574//3574 3575//3575 3571//3571
f 3571//3571 3575//3575 3572//3572
f 3575//3575 3576//3576 3572//3572
f 3572//3572 3576//3576 1516//1516
f 3576//3576 1517//1517 1516//1516
f 3573//3573 111//111 3574//3574
f 111//111 3577//3577 3574//3574
f 3574//3574 3577//3577 3575//3575
f 3577//3577 3578//3578 3575//3575
f 3575//3575 3578//3578 3576//3576
f 3578//3578 3579//3579 3576//3576
f 3576//3576 3579//3579 1517//1517
f 3579//3579 1518//1518 1517//1517
f 111//111 2926//2926 3577//3577
f 2926//2926 3580//3580 3577//3577
f 3577//3577 3580//3580 3578//3578
f 3580//3580 2918//2918 3578//3578
f 3578//3578 2918//2918 3579//3579
f 2918//2918 3581//3581 3579//3579
f 3579//3579 3581//3581 1518//1518
f 3581//3581 2912//2912 1518//1518
f 3321//3321 3392//3392 3260//3260
f 3392//3392 3584//3584 3260//3260
f 3260//3260 3584//3584 3582//3582
f 3584//3584 3585//3585 3582//3582
f 3582//3582 3585//3585 3583//3583
f 3585//3585 3586//3586 3583//3583
f 3583//3583 3586//3586 3145//3145
f 3586//3586 3587//3587 3145//3145
f 3392//3392 3588//3588 3584//3584
f 3588//3588 3589//3589 3584//3584
f 3584//3584 3589//3589 3585//3585
f 3589//3589 3590//3590 3585//3585
f 3585//3585 3590//3590 3586//3586
f 3590//3590 3591//3591 3586//3586
f 3586//3586 3591//3591 3587//3587
f 3591//3591 3146//3146 3587//3587
f 3588//3588 3391//3391 3589//3589
f 3391//3391 3592//3592 3589//3589
f 3589//3589 3592//3592 3590//3590
f 3592//3592 3593//3593 3590//3590
f 3590//3590 3593//3593 3591//3591
f 3593//3593 3594//3594 3591//3591
f 3591//3591 3594//3594 3146//3146
f 3594//3594 3147//3147 3146//3146
f 3391//3391 3390//3390 3592//3592
f 3390//3390 2666//2666 3592//3592
f 3592//3592 2666//2666 3593//3593
f 2666//2666 3595//3595 3593//3593
f 3593//3593 3595//3595 3594//3594
f 3595//3595 2659//2659 3594//3594
f 3594//3594 2659//2659 3147//3147
f 2659//2659 3596//3596 3147//3147
# 7200 faces, 0 coords texture

# End of File
