####
#
# OBJ File Generated by Meshlab
#
####
# Object costa.obj
#
# Vertices: 2312
# Faces: 4636
#
####
v 15.4289999 -17.5109997 0.4545850
v 17.4890003 -15.4534998 0.5448500
v 17.4890003 -17.5109997 0.4997600
v 15.4280005 -15.4545002 0.4996450
v 17.4899998 -13.3994999 0.6070000
v 15.4289999 -13.4020004 0.5679500
v 17.4930000 -11.3465004 0.6885000
v 15.4324999 -11.3509998 0.6659500
v 17.4995003 -9.2930002 0.7890500
v 15.4405003 -9.3000002 0.7977000
v 17.5100002 -7.2375002 0.9030500
v 15.4534998 -7.2465000 0.9600000
v 15.4680004 -5.7410002 1.0846000
v 16.2019997 -5.1815000 1.0862499
v 17.5205002 -5.1774998 1.0177000
v 15.4809999 -5.1845002 1.1363500
v 17.5294991 -3.6593499 1.0867000
v 17.5429993 -3.1141000 1.1126500
v 15.4949999 -3.1224501 1.2950500
v 17.5510006 -1.0416501 1.1683500
v 15.5100002 -1.0444000 1.3901000
v 17.5540009 1.0339000 1.1681000
v 15.5115004 1.0393500 1.3900000
v 17.5454998 3.1136501 1.1124500
v 15.5050001 3.1215999 1.2939500
v 16.2029991 5.1754999 1.0865500
v 17.5214996 5.1785002 1.0176001
v 17.5265007 3.6573501 1.0870000
v 15.4870005 5.1975002 1.1346999
v 15.4650002 5.7290001 1.0858999
v 15.4549999 7.2430000 0.9602500
v 17.5139999 7.2335000 0.9032000
v 17.5060005 9.2954998 0.7889000
v 15.4414997 9.3020000 0.7975500
v 17.4969997 11.3490000 0.6884000
v 15.4324999 11.3525000 0.6658500
v 17.4920006 13.4020004 0.6069500
v 15.4285002 13.4029999 0.5679000
v 17.4895000 15.4554996 0.5448500
v 15.4274998 15.4549999 0.4996200
v 17.4890003 17.5109997 0.4997600
v 15.4270000 17.5105000 0.4545400
v 13.3649998 -17.5100002 0.3922250
v 13.3629999 -15.4534998 0.4310050
v 13.3614998 -13.4029999 0.4991400
v 13.3634996 -11.3559999 0.6102500
v 13.3725004 -9.3120003 0.7786000
v 13.3865004 -7.2659998 1.0116000
v 13.4125004 -6.6995001 1.0800000
v 13.4324999 -5.2090001 1.2976000
v 13.4694996 -3.1514499 1.5765500
v 13.4989996 -1.0520500 1.7565000
v 13.4930000 1.0604000 1.7575001
v 13.4665003 3.1403000 1.5784000
v 13.4385004 5.2375002 1.2925500
v 13.4029999 6.6750002 1.0841000
v 13.3879995 7.2600002 1.0123000
v 13.3734999 9.3160000 0.7782000
v 13.3629999 11.3584995 0.6100500
v 13.3605003 13.4040003 0.4990450
v 13.3620005 15.4540005 0.4309550
v 13.3625002 17.5079994 0.3921700
v 11.3009996 -17.5070000 0.3103600
v 11.2965002 -15.4499998 0.3324300
v 11.2910004 -13.4010000 0.3869450
v 11.2880001 -11.3590002 0.4975000
v 11.2934999 -9.3254995 0.6984000
v 11.3055000 -7.2930002 1.0289500
v 11.3439999 -7.0850000 1.0659000
v 11.3909998 -5.2560000 1.5148500
v 11.6674995 -5.6494999 9.7259998
v 11.8649998 -5.2979999 9.7250004
v 11.6599998 -5.3600001 9.4674997
v 10.9584999 -3.0255499 -10.2344999
v 10.9700003 -3.2284999 -10.3330002
v 10.9945002 -3.0254500 -10.2900000
v 11.4420004 -3.1903999 2.0768001
v 11.6870003 -3.5378499 8.5240002
v 11.8424997 -3.1980500 8.5539999
v 11.7110004 -3.2341499 8.3299999
v 12.6730003 -3.1924500 9.7174997
v 11.2869997 -0.9992000 -10.3009996
v 10.9534998 -1.0091000 -9.8594999
v 11.5915003 -2.3395500 2.1705000
v 11.9770002 -1.0686001 2.2313499
v 11.6280003 -1.0513500 2.4548500
v 11.7405005 -1.0941499 7.6145000
v 12.2705002 -1.0727000 8.5550003
v 13.0830002 -1.0559000 9.7139997
v 11.2869997 1.0108500 -10.3024998
v 10.9560003 0.9903000 -9.8605003
v 11.9805002 1.0455000 2.2314501
v 11.6204996 1.0928500 2.4561000
v 11.7500000 1.0599999 7.6234999
v 12.2694998 1.0641500 8.5524998
v 13.0804996 1.0830500 9.7139997
v 11.0000000 3.0320001 -10.2985001
v 10.9650002 2.9976001 -10.2349997
v 11.4954996 2.3059499 2.2269001
v 11.4324999 3.1960001 2.0778999
v 11.7309999 3.1911500 8.3395004
v 11.8365002 3.1959500 8.5445004
v 12.6700001 3.2035501 9.7180004
v 10.9499998 3.2256999 -10.3094997
v 11.3725004 5.2900000 1.5082500
v 11.6864996 3.5487499 8.5295000
v 11.6630001 5.3530002 9.4659996
v 11.8660002 5.2979999 9.7259998
v 11.3395004 7.0400000 1.0776000
v 11.3120003 7.2849998 1.0304500
v 11.6529999 5.6469998 9.7065001
v 11.2930002 9.3325005 0.6974500
v 11.2854996 11.3614998 0.4971100
v 11.2889996 13.4014997 0.3867650
v 11.2950001 15.4499998 0.3323450
v 11.2980003 17.5030003 0.3102650
v 9.2364998 -17.5004997 0.2093450
v 9.2294998 -15.4420004 0.1997950
v 9.2174997 -13.3924999 0.2167200
v 9.2040005 -11.3535004 0.2924500
v 9.1964998 -9.3330002 0.4905450
v 8.9449997 -6.9914999 -9.8035002
v 8.9504995 -7.5739999 -10.2985001
v 9.3374996 -7.0289998 -10.3094997
v 9.1920004 -7.3160000 0.9288500
v 9.5395002 -8.3525000 9.7065001
v 10.3760004 -7.4540000 9.7095003
v 9.5570002 -7.4724998 8.8334999
v 9.2865000 -5.0079999 -9.1385002
v 8.9344997 -5.7519999 -9.1479998
v 10.3739996 -5.0105000 -10.3264999
v 8.9075003 -5.0095000 -8.6320000
v 9.2390003 -7.0079999 1.0200500
v 9.3395004 -5.3274999 1.8102000
v 9.5730000 -5.7605000 7.3645000
v 9.9014997 -5.3525000 7.3920002
v 9.5769997 -5.4349999 6.9369998
v 10.7924995 -5.3565001 8.5330000
v 9.5860004 -7.0075002 8.5340004
v 9.9340000 -2.9944000 -9.1525002
v 8.9204998 -3.0084500 -7.9650002
v 8.9125004 -3.0789001 -7.9794998
v 8.8950005 -3.0264499 -7.9264998
v 9.4785004 -4.7367001 2.0717499
v 11.0834999 -3.2860501 2.1454000
v 9.7705002 -3.2975500 3.2108500
v 9.5804996 -3.6271999 3.0697999
v 9.7224998 -3.2711000 3.7086000
v 9.6374998 -3.6256001 5.1120000
v 9.8809996 -3.2449999 5.1815000
v 9.6269999 -3.4051001 4.2800498
v 10.3280001 -3.2562001 6.2614999
v 9.6435003 -4.4791002 6.2430000
v 10.9910002 -3.2419000 7.3825002
v 10.2515001 -0.9898000 -9.1599998
v 9.2095003 -1.0090500 -7.9685001
v 8.8920002 -1.0077000 -7.5244999
v 10.6485004 -1.1284000 3.2551000
v 9.7344999 -3.0625000 4.0739999
v 10.4069996 -1.1284000 4.1651001
v 10.5360003 -1.1013000 5.1750002
v 10.9340000 -1.0911500 6.2620001
v 11.5629997 -1.0668000 7.3924999
v 10.2519999 1.0103500 -9.1625004
v 9.2069998 0.9967000 -7.9645000
v 8.8929996 0.9896500 -7.5244999
v 10.6645002 1.1016999 3.2421000
v 10.4090004 1.1279500 4.1339002
v 10.5354996 1.0887001 5.1669998
v 10.9335003 1.0945500 6.2610002
v 11.5530005 1.1101000 7.3860002
v 9.9335003 3.0037000 -9.1549997
v 8.9180002 3.0063000 -7.9610000
v 8.8999996 2.9918001 -7.9239998
v 11.1064997 3.2684500 2.1378000
v 9.8120003 3.2586501 3.1766500
v 9.6245003 3.4261000 3.7063501
v 9.7325001 3.0675499 4.1623001
v 9.6695004 3.3620999 4.3098001
v 9.8739996 3.2486000 5.1605000
v 10.3234997 3.2495501 6.2474999
v 10.9849997 3.2514000 7.3794999
v 10.3739996 5.0110002 -10.3269997
v 9.2865000 5.0095000 -9.1394997
v 8.9165001 4.9899998 -8.6324997
v 8.9014997 3.0901000 -7.9720001
v 9.4720001 4.7283001 2.0849500
v 9.3564997 5.3420000 1.8010499
v 9.5640001 3.6171501 3.1248000
v 9.6210003 3.6530001 5.1240001
v 9.6274996 4.5014000 6.2414999
v 9.5854998 5.4219999 6.9334998
v 9.8929996 5.3635001 7.3885002
v 10.7959995 5.3534999 8.5345001
v 9.3380003 7.0300002 -10.3105001
v 8.9394999 7.0044999 -9.8070002
v 8.9204998 5.7624998 -9.1389999
v 9.2725000 6.9759998 1.0378500
v 9.2040005 7.3299999 0.9270500
v 9.5605001 5.7765002 7.3674998
v 9.5749998 7.0120001 8.5260000
v 10.3734999 7.4549999 9.7069998
v 9.5489998 7.4775000 8.8304996
v 8.9630003 7.5745001 -10.3114996
v 9.1875000 9.3415003 0.4880050
v 9.5314999 8.3555002 9.7025003
v 9.1969995 11.3540001 0.2914950
v 9.2135000 13.3915005 0.2163450
v 9.2275000 15.4405003 0.1996450
v 9.2340002 17.4939995 0.2091650
v 7.1739998 -17.4899998 0.0947450
v 7.1650000 -15.4285002 0.0363300
v 7.1459999 -13.3780003 -0.0188780
v 7.1190000 -11.3415003 -0.0448440
v 6.9365001 -8.9759998 -9.4460001
v 6.9569998 -9.7340002 -10.2930002
v 7.7564998 -9.0065002 -10.3070002
v 7.0960002 -9.3374996 0.0357960
v 7.3829999 -10.0389996 9.6905003
v 8.0764999 -9.5740004 9.6995001
v 7.4229999 -9.5825005 9.1654997
v 8.2054996 -6.9825001 -9.1374998
v 6.9099998 -8.5695000 -9.1260004
v 7.1110001 -6.9940000 -7.9419999
v 6.9140000 -7.2494998 -7.9415002
v 6.8804998 -6.9565001 -7.5650001
v 7.0174999 -7.3785000 0.4297500
v 7.4180002 -7.7985001 7.3525000
v 7.8140001 -7.5029998 7.3639998
v 7.4594998 -7.5304999 6.9949999
v 9.0970001 -7.5009999 8.5159998
v 7.4194999 -8.8474998 8.5085001
v 8.2325001 -4.9864001 -7.9645000
v 7.2284999 -5.0015001 -6.7639999
v 6.8600001 -5.7375002 -6.7655001
v 6.8220000 -5.0130000 -6.1320000
v 7.0625000 -6.5209999 0.8834500
v 7.3690000 -5.3755002 2.1996000
v 7.1865001 -5.6224999 1.9683000
v 7.3680000 -5.6025000 1.9599500
v 7.4375000 -5.9800000 5.0660000
v 8.0915003 -5.4645000 5.1135001
v 7.4899998 -5.5190001 4.0627499
v 8.8990002 -5.4454999 6.2199998
v 7.4460001 -6.7595000 6.1960001
v 7.8674998 -2.9933000 -6.7880001
v 6.9130001 -3.0139999 -5.5990000
v 6.8350000 -3.3589499 -5.6100001
v 6.8284998 -3.0441501 -5.4565001
v 7.4464998 -5.2665000 3.0551000
v 9.5284996 -3.4346001 4.1374002
v 7.5359998 -5.4404998 4.1080999
v 8.1715002 -0.9924500 -6.8024998
v 7.1395001 -1.0135500 -5.6125002
v 6.8360000 -1.0138500 -5.1820002
v 8.1754999 1.0114000 -6.8080001
v 7.1364999 1.0016500 -5.6075001
v 6.8309999 1.0056000 -5.1754999
v 7.8690000 3.0042500 -6.7930002
v 6.9099998 3.0132000 -5.5949998
v 6.8255000 3.0079501 -5.4460001
v 9.5310001 3.4324999 4.1176500
v 8.2320004 4.9886498 -7.9650002
v 7.2290001 5.0035000 -6.7655001
v 6.8369999 4.9801002 -6.1345000
v 6.8130002 3.3709500 -5.5869999
v 7.4225001 5.5444999 2.0305500
v 7.4450002 5.2659998 3.0605500
v 7.3400002 5.6149998 1.9475501
v 7.5194998 5.4530001 4.0867000
v 8.0825005 5.4545002 5.0815001
v 7.5489998 5.4780002 4.0876002
v 8.9005003 5.4450002 6.2210002
v 8.2030001 6.9850001 -9.1370001
v 7.1015000 7.0114999 -7.9429998
v 6.8695002 6.9854999 -7.5749998
v 6.8470001 5.7470002 -6.7564998
v 7.0945001 6.5009999 0.9196000
v 7.0409999 7.3850002 0.4368750
v 7.2049999 5.5644999 2.0669501
v 7.4184999 5.9899998 5.0644999
v 7.4580002 6.7529998 6.1989999
v 7.8020000 7.5050001 7.3540001
v 7.4724998 7.5229998 6.9980001
v 9.0955000 7.5079999 8.5214996
v 6.9330001 8.9735003 -9.4399996
v 6.9029999 8.5830002 -9.1304998
v 7.7560000 9.0010004 -10.3020000
v 6.9054999 7.2484999 -7.9324999
v 7.0819998 9.3254995 0.0340200
v 7.4000001 7.8074999 7.3509998
v 7.4235001 8.8444996 8.5080004
v 8.0725002 9.5790005 9.7014999
v 7.4359999 9.5764999 9.1689997
v 6.9664998 9.7314997 -10.2980003
v 7.1269999 11.3350000 -0.0433205
v 7.3814998 10.0384998 9.6894999
v 7.1520000 13.3765001 -0.0181935
v 7.1690001 15.4270000 0.0365875
v 7.1780000 17.4860001 0.0948800
v 5.6329999 -15.4145002 -0.0918900
v 5.1125002 -16.1450005 -0.0902350
v 5.1094999 -15.4014997 -0.1424000
v 5.1164999 -17.4794998 -0.0203825
v 5.0850000 -13.3319998 -0.3104250
v 6.5289998 -13.3525000 -0.0964900
v 4.9411998 -10.9834995 -10.0734997
v 4.9960999 -11.0865002 -10.2749996
v 5.1810002 -10.9975004 -10.3004999
v 5.0384998 -11.2559996 -0.5482000
v 6.7919998 -11.3030005 -0.1105750
v 6.5124998 -8.9410000 -9.1164999
v 4.9387999 -10.0924997 -9.1114998
v 5.2040000 -8.9624996 -7.9285002
v 4.9418001 -9.1455002 -7.9020000
v 4.8589001 -8.9525003 -7.4645000
v 4.9664998 -9.1899996 -0.8897500
v 6.5064998 -9.2904997 -0.1564050
v 5.2859998 -10.0120001 8.5089998
v 6.1294999 -9.5950003 8.4989996
v 5.2845001 -9.6215000 7.9879999
v 5.2835002 -11.0799999 9.6735001
v 6.0844998 -6.9499998 -6.7420001
v 4.8477001 -8.2659998 -6.7110000
v 5.2199998 -6.9745002 -5.5225000
v 4.8403001 -7.4145002 -5.5015001
v 4.7782998 -6.9250002 -4.4254498
v 4.7101002 -7.2255001 -1.5611500
v 4.9187498 -7.1820002 -1.3298000
v 4.6914501 -7.0434999 -1.7064000
v 5.7740002 -7.3169999 -0.2703700
v 5.2925000 -7.9844999 6.1774998
v 6.1539998 -7.5520000 6.1760001
v 5.2810001 -7.5900002 5.5500002
v 5.3074999 -8.9355001 7.3299999
v 6.3245001 -4.9846001 -5.5755000
v 5.5260000 -4.9993501 -4.3381500
v 4.6964002 -6.8959999 -4.2601500
v 4.9656000 -5.0770001 -3.0989499
v 4.6666498 -6.1380000 -2.9286499
v 4.6572499 -5.2069998 -1.7278000
v 4.6646500 -5.2765002 -1.6370000
v 4.7518001 -5.4994998 -0.4106900
v 4.8076000 -5.5130000 0.0273285
v 5.0229998 -5.5925002 0.5869000
v 5.0174999 -5.6294999 1.5899000
v 5.0869999 -5.6475000 1.8016000
v 6.4140000 -5.6275001 2.9537001
v 5.2145000 -5.9145002 2.8172500
v 7.2224998 -5.5974998 3.9751501
v 5.2715001 -6.3734999 3.8824999
v 5.3095002 -7.0844998 5.0124998
v 5.9305000 -3.0319500 -4.4027500
v 5.0625000 -3.0955501 -3.2132001
v 4.7722502 -3.1617000 -2.7031500
v 4.7350001 -5.2170000 -2.0323999
v 4.9243002 -5.5215001 0.4510350
v 6.0854998 -1.0202500 -4.4540000
v 4.9671001 -1.0417500 -3.2743001
v 4.8148999 -1.0494500 -3.0850000
v 6.0980000 1.0226001 -4.4675498
v 4.9623499 1.0320500 -3.2691000
v 4.7934499 1.0727500 -3.0626500
v 5.9514999 3.0413001 -4.4317498
v 5.0450001 3.0866001 -3.1843500
v 4.7466502 3.1558499 -2.6722000
v 6.3230000 4.9899502 -5.5764999
v 5.5209999 5.0229998 -4.3422499
v 4.9512501 5.1085000 -3.0621500
v 4.6527500 5.1669998 -1.7568500
v 4.6849499 5.2430000 -1.9141500
v 4.7013502 5.3724999 -1.6352500
v 5.0000000 5.5370002 0.7764500
v 4.9281502 5.5250001 0.4559350
v 4.7809501 5.4864998 0.0273285
v 4.9215002 5.5929999 1.5916500
v 6.4340000 5.6174998 2.8796999
v 7.2440000 5.5840001 3.9593501
v 6.0790000 6.9569998 -6.7414999
v 5.2100000 6.9935002 -5.5235000
v 4.7751002 6.9180002 -4.4075499
v 4.7102499 6.8744998 -4.2758999
v 4.6766500 6.1180000 -3.0026000
v 4.6792002 7.0714998 -1.7188500
v 4.7680502 7.2069998 -1.4624500
v 5.7775002 7.3480000 -0.2789300
v 4.7014999 5.4765000 -0.5882500
v 5.1269999 5.6520000 1.7726001
v 5.1855001 5.9184999 2.8202000
v 5.2715001 6.3790002 3.8929999
v 5.3039999 7.0860000 5.0114999
v 6.1444998 7.5650001 6.1849999
v 5.3140001 7.5749998 5.5475001
v 6.4994998 8.9545002 -9.1199999
v 5.1939998 8.9705000 -7.9270000
v 4.9116998 8.9075003 -7.4594998
v 4.8463001 8.2814999 -6.7290001
v 4.8304501 7.4124999 -5.4829998
v 4.7498498 7.1285000 -1.4989001
v 4.9519000 9.1730003 -0.8989000
v 6.5390000 9.2570000 -0.1386200
v 5.2905002 7.9840002 6.1760001
v 5.3055000 8.9359999 7.3295002
v 6.1190000 9.6090002 8.5080004
v 5.3039999 9.6129999 7.9870000
v 4.9720998 10.9685001 -10.0754995
v 4.9342499 10.0985003 -9.1155005
v 5.1774998 10.9954996 -10.2959995
v 4.9308000 9.1545000 -7.9054999
v 5.0044999 11.2744999 -0.5548500
v 6.8375001 11.3074999 -0.0988600
v 5.2845001 10.0115004 8.5080004
v 5.2830000 11.0799999 9.6730003
v 4.9962001 11.0860004 -10.2740002
v 5.0570002 13.3260002 -0.3154550
v 6.5535002 13.3614998 -0.0923600
v 5.0964999 15.3955002 -0.1440750
v 5.6450000 15.4174995 -0.0905550
v 5.1190000 16.1439991 -0.0899000
v 5.1155000 17.4785004 -0.0205040
v 3.6087501 -17.4705009 -0.0897500
v 3.0623500 -17.4570007 -0.1176800
v 3.0540500 -15.3874998 -0.3031800
v 3.0250001 -13.2950001 -0.6001000
v 3.2021999 -10.9600000 -9.1230001
v 2.9859500 -11.0295000 -9.0965004
v 2.9729500 -11.8774996 -10.2819996
v 2.9423001 -10.9359999 -8.8909998
v 2.9860499 -11.2049999 -1.1271000
v 3.1510000 -11.7995005 9.7100000
v 3.4658501 -11.6770000 9.6669998
v 3.1508999 -11.6885004 9.5625000
v 2.9282501 -10.2060003 -7.9169998
v 4.0111499 -8.8859997 -6.6980000
v 2.9258001 -9.4884996 -6.6925001
v 3.0543499 -8.9014997 -5.4755001
v 2.9382999 -8.9595003 -5.4200001
v 2.7584000 -8.9029999 -4.5177999
v 2.8956001 -8.9490004 -2.8125000
v 2.8789001 -9.0400000 -2.6714499
v 2.9053500 -8.8070002 -3.5430501
v 4.0734000 -9.0509996 -1.4576499
v 2.8903999 -10.5695000 -1.3839999
v 3.1766000 -9.6770000 7.3330002
v 3.3260000 -9.6169996 7.3144999
v 3.1500001 -9.6344995 7.2649999
v 3.1754000 -10.6650000 8.4949999
v 4.6992002 -6.8674998 -4.1592999
v 2.7425001 -8.8094997 -4.0770001
v 4.4202499 -6.9654999 -2.8272500
v 3.1695499 -7.6960001 4.9970002
v 3.5834501 -7.5770001 4.9784498
v 3.1322999 -7.5834999 4.8067002
v 3.1742001 -8.6169996 6.1515002
v 4.6693501 -5.3699999 -0.7254500
v 5.0314999 -5.5590000 1.4970000
v 3.0147500 -5.5219998 2.0578001
v 3.0921500 -5.9204998 2.7016499
v 3.1361499 -6.7284999 3.8095500
v 4.2195001 -3.2402000 -2.0156500
v 3.3556001 -3.3141000 -0.8716000
v 2.8623500 -4.0445499 0.3048550
v 2.8317499 -3.3447499 -0.3441300
v 2.9362500 -5.0295000 1.5137500
v 3.6852500 -1.1073999 -2.1298001
v 2.8153999 -1.0647000 -1.4460500
v 2.8431001 -2.3200500 -0.9762000
v 3.6902001 1.0843000 -2.1384001
v 2.8142500 1.1149499 -1.4379500
v 4.2329998 3.2232499 -2.0450499
v 3.3588500 3.3083501 -0.8799500
v 2.8245499 2.3115001 -0.9683000
v 2.8314500 3.3237000 -0.3586550
v 4.6658502 5.3660002 -0.7205500
v 2.8680999 4.0413499 0.2965200
v 5.0054998 5.6090002 1.6153001
v 2.9532001 5.0159998 1.4844000
v 3.0206001 5.5475001 2.0888000
v 4.6863499 6.8860002 -4.1835999
v 4.4208999 6.9670000 -2.8217499
v 3.0898499 5.9184999 2.6980000
v 3.1351500 6.7234998 3.8035500
v 3.5714500 7.5984998 5.0015001
v 3.1684999 7.5865002 4.8172998
v 3.9888501 8.9014997 -6.6999998
v 3.0464499 8.8985004 -5.4549999
v 2.9090500 8.8065004 -4.5040002
v 2.7563000 8.8090000 -4.2217498
v 2.7503500 8.9049997 -3.5453000
v 2.9056499 8.9650002 -2.7575500
v 4.0818501 9.0574999 -1.4444500
v 3.1632500 7.6939998 4.9931502
v 3.1722000 8.6145000 6.1479998
v 3.3148000 9.6280003 7.3220000
v 3.1846499 9.6295004 7.2674999
v 3.1912999 10.9604998 -9.1175003
v 2.9853001 10.9160004 -8.8815002
v 2.9250500 10.2060003 -7.9145002
v 2.9268999 9.4890003 -6.6939998
v 2.9279001 8.9654999 -5.4280000
v 2.9177999 8.9984999 -2.7056999
v 2.9080000 10.5465002 -1.3916000
v 2.9804499 11.2145004 -1.1260000
v 3.1701500 9.6785002 7.3330002
v 3.1727500 10.6634998 8.4925003
v 3.4686501 11.6969995 9.6905003
v 3.1788499 11.6820002 9.5620003
v 2.9805000 11.0354996 -9.1025000
v 2.9729500 11.8774996 -10.2819996
v 3.0361500 13.2980003 -0.5982500
v 3.1444499 11.7939997 9.7014999
v 3.0548501 15.3774996 -0.3043000
v 3.0627999 17.4545002 -0.1178850
v 3.6107500 17.4734993 -0.0894850
v 1.0172000 -17.4489994 -0.1738150
v 1.0144000 -15.3725004 -0.4000450
v 1.0068001 -13.2655001 -0.7852500
v 0.9757500 -12.2674999 -10.2860003
v 1.0011500 -11.4300003 -9.0920000
v 0.9647000 -10.9069996 -8.1514997
v 2.1073999 -11.0555000 -1.3589500
v 0.9902000 -11.6265001 -1.2981000
v 1.0075001 -11.0190001 -1.6629000
v 1.0596499 -12.0830002 9.6990004
v 1.0497500 -11.6940002 9.1885004
v 0.9594000 -10.7104998 -7.9029999
v 0.9642500 -10.0349998 -6.6799998
v 0.9701000 -9.5760002 -5.4215002
v 2.7305501 -8.7950001 -4.1613002
v 0.9300000 -9.4294996 -4.0997000
v 0.9438000 -9.8760004 -2.6484499
v 1.0654500 -9.9750004 7.3274999
v 1.0511000 -9.6374998 6.8600001
v 1.0587000 -10.9870005 8.4860001
v 1.0599999 -7.9130001 4.9802499
v 1.0449500 -7.5755000 4.5095501
v 1.0584500 -8.9134998 6.1355000
v 1.0223500 -5.7230000 2.6203001
v 1.0094000 -5.4790001 2.3385999
v 1.0432500 -6.8169999 3.7729001
v 1.9324501 -3.3527000 0.2084350
v 0.9941000 -3.3610499 0.6110500
v 0.9514000 -4.3504500 1.3996500
v 1.9943000 -1.1321000 -1.0236501
v 0.9322000 -1.1266000 -0.4807350
v 0.8954500 -2.4391000 0.1604350
v 1.9883000 1.1272000 -1.0216500
v 0.9463000 1.1199000 -0.4846750
v 1.9236000 3.3160000 0.1896150
v 0.9921500 2.4404500 0.1421900
v 0.9438500 3.3622000 0.6191500
v 0.9745000 4.3455000 1.3910500
v 0.9860500 5.5005002 2.3610001
v 1.0267500 5.7170000 2.6131999
v 1.0362000 6.8119998 3.7677500
v 1.0532000 7.5809999 4.5159502
v 2.7255001 8.7969999 -4.0730000
v 1.0571500 7.9134998 4.9805498
v 1.0474000 8.9119997 6.1329999
v 1.0692000 9.6365004 6.8600001
v 0.9487000 10.7154999 -7.9080000
v 0.9988500 10.8975000 -8.1429996
v 0.9642500 10.0349998 -6.6799998
v 0.9701000 9.5760002 -5.4215002
v 0.9308500 9.4289999 -4.1013999
v 0.9571000 9.8795004 -2.6402500
v 2.1410000 11.1514997 -1.3025000
v 0.9659500 11.0264997 -1.6617000
v 1.0621001 9.9770002 7.3295002
v 1.0484500 10.9864998 8.4849997
v 1.0685500 11.6914997 9.1875000
v 0.9757500 12.2674999 -10.2860003
v 0.9947000 11.4320002 -9.0944996
v 1.0132999 11.6234999 -1.2980000
v 0.9984000 13.2714996 -0.7842500
v 1.0480000 12.0830002 9.6975002
v 1.0195000 15.3704996 -0.4001750
v 1.0249000 17.4459991 -0.1740250
v -1.0249000 -17.4459991 -0.1740250
v -1.0195000 -15.3704996 -0.4001750
v -0.9984000 -13.2714996 -0.7842500
v -1.0029000 -12.2650003 -10.2860003
v -0.9778500 -11.4340000 -9.0944996
v -0.9988500 -10.8975000 -8.1429996
v -1.0132999 -11.6234999 -1.2980000
v -0.9659500 -11.0264997 -1.6617000
v -1.0480000 -12.0830002 9.6975002
v -1.0685500 -11.6914997 9.1875000
v -0.9759500 -10.7110004 -7.9074998
v -0.9676500 -10.0340004 -6.6795001
v -0.9575000 -9.5754995 -5.4134998
v -0.9312500 -9.4309998 -4.0718999
v -0.9472500 -9.8970003 -2.6206501
v -1.0477000 -9.9764996 7.3280001
v -1.0692000 -9.6365004 6.8600001
v -1.0594500 -10.9870005 8.4860001
v -1.0433500 -7.9105000 4.9764500
v -1.0532000 -7.5809999 4.5159502
v -1.0558000 -8.9145002 6.1360002
v -1.0210000 -5.7059999 2.6006501
v -0.9860500 -5.5005002 2.3610001
v -1.0312001 -6.8204999 3.7763000
v -0.9745000 -4.3455000 1.3910500
v -0.9438500 -3.3622000 0.6191500
v -0.9921500 -2.4404500 0.1421900
v -0.9258500 -1.1362500 -0.4773450
v -0.8999500 1.1558000 -0.4661300
v -0.9220000 2.4446499 0.1559050
v -0.9941000 3.3610499 0.6110500
v -0.9514000 4.3504500 1.3996500
v -1.0094000 5.4790001 2.3385999
v -1.0170500 5.7125001 2.6080501
v -1.0385500 6.8249998 3.7813001
v -1.0449500 7.5755000 4.5095501
v -1.0453000 7.9099998 4.9758501
v -1.0664001 8.9154997 6.1385002
v -1.0511000 9.6374998 6.8600001
v -0.9920000 10.7054996 -7.9020000
v -0.9647000 10.9069996 -8.1514997
v -0.9676500 10.0340004 -6.6795001
v -0.9575000 9.5754995 -5.4134998
v -0.9304000 9.4315004 -4.0702000
v -0.9304500 9.8955002 -2.6272500
v -1.0075001 11.0190001 -1.6629000
v -1.0498000 9.9744997 7.3260002
v -1.0690000 10.9870005 8.4875002
v -1.0497500 11.6940002 9.1885004
v -1.0029000 12.2650003 -10.2860003
v -0.9861500 11.4315004 -9.0920000
v -0.9902000 11.6265001 -1.2981000
v -1.0068001 13.2655001 -0.7852500
v -1.0596499 12.0830002 9.6990004
v -1.0144000 15.3725004 -0.4000450
v -1.0172000 17.4489994 -0.1738150
v -3.0627999 -17.4545002 -0.1178850
v -3.0548501 -15.3774996 -0.3043000
v -3.0361500 -13.2980003 -0.5982500
v -2.9840000 -11.8745003 -10.2825003
v -2.9691999 -11.0369997 -9.1005001
v -2.9853001 -10.9160004 -8.8815002
v -2.1410000 -11.1514997 -1.3025000
v -2.9804499 -11.2145004 -1.1260000
v -3.1444499 -11.7939997 9.7014999
v -3.1788499 -11.6820002 9.5620003
v -2.9319000 -10.1999998 -7.9095001
v -2.9214499 -9.4844999 -6.6810002
v -2.9188001 -8.9659996 -5.4184999
v -2.7255001 -8.7969999 -4.0730000
v -2.8078001 -8.8699999 -4.5397000
v -2.9177999 -8.9984999 -2.7056999
v -2.7503500 -8.9049997 -3.5453000
v -2.9080000 -10.5465002 -1.3916000
v -3.1633000 -9.6770000 7.3295002
v -3.1846499 -9.6295004 7.2674999
v -3.1782999 -10.6615000 8.4914999
v -2.7447500 -8.8065004 -4.1486502
v -3.1578000 -7.6900001 4.9863000
v -3.1684999 -7.5865002 4.8172998
v -3.1798501 -8.6134996 6.1490002
v -3.0791500 -5.9000001 2.6670499
v -3.0206001 -5.5475001 2.0888000
v -3.1427500 -6.7385001 3.8238499
v -2.9055500 -4.0355000 0.2655750
v -1.9258000 -3.3264501 0.1946800
v -2.8021500 -3.3698499 -0.2980750
v -2.9532001 -5.0159998 1.4844000
v -2.8245499 -2.3115001 -0.9683000
v -1.9906000 -1.1022000 -1.0276999
v -2.8142500 -1.1149499 -1.4379500
v -2.8153999 1.0647000 -1.4460500
v -1.9958500 1.0907000 -1.0321500
v -2.8348000 2.3097501 -0.9760500
v -1.9409500 3.3635001 0.2119700
v -2.8066001 3.3743000 -0.2980750
v -2.9019499 4.0397501 0.2720950
v -2.9362500 5.0295000 1.5137500
v -3.0147500 5.5219998 2.0578001
v -3.0809000 5.9010000 2.6691000
v -3.1445000 6.7445002 3.8325500
v -3.1322999 7.5834999 4.8067002
v -2.7425001 8.8094997 -4.0770001
v -2.7305501 8.7950001 -4.1613002
v -2.7616000 8.9029999 -4.5272999
v -2.9053500 8.8070002 -3.5430501
v -3.1624501 7.6910000 4.9890499
v -3.1831501 8.6160002 6.1529999
v -3.1500001 9.6344995 7.2649999
v -2.9345500 10.1999998 -7.9115000
v -2.9423001 10.9359999 -8.8909998
v -2.9202499 9.4844999 -6.6799998
v -2.9314499 8.9584999 -5.4070001
v -2.8789001 9.0400000 -2.6714499
v -2.1073999 11.0555000 -1.3589500
v -2.8903999 10.5695000 -1.3839999
v -2.9860499 11.2049999 -1.1271000
v -3.1680000 9.6759996 7.3290000
v -3.1820500 10.6634998 8.4945002
v -3.1508999 11.6885004 9.5625000
v -2.9840000 11.8745003 -10.2825003
v -2.9784000 11.0295000 -9.0930004
v -3.0250001 13.2950001 -0.6001000
v -3.1510000 11.7995005 9.7100000
v -3.0540500 15.3874998 -0.3031800
v -3.0623500 17.4570007 -0.1176800
v -3.6107500 -17.4734993 -0.0894850
v -5.1190000 -16.1439991 -0.0899000
v -5.0964999 -15.3955002 -0.1440750
v -5.1155000 -17.4785004 -0.0205040
v -5.0570002 -13.3260002 -0.3154550
v -3.1912999 -10.9604998 -9.1175003
v -4.9368501 -10.9844999 -10.0714998
v -4.9962001 -11.0860004 -10.2740002
v -5.0044999 -11.2744999 -0.5548500
v -3.4686501 -11.6969995 9.6905003
v -4.9392500 -10.0950003 -9.1155005
v -4.9308000 -9.1545000 -7.9054999
v -3.9888501 -8.9014997 -6.6999998
v -4.8740001 -8.9370003 -7.4619999
v -3.0495501 -8.8985004 -5.4610000
v -2.9056499 -8.9650002 -2.7575500
v -4.0818501 -9.0574999 -1.4444500
v -4.9519000 -9.1730003 -0.8989000
v -3.3148000 -9.6280003 7.3220000
v -5.3039999 -9.6129999 7.9870000
v -5.2845001 -10.0115004 8.5080004
v -5.2830000 -11.0799999 9.6730003
v -4.8498001 -8.2805004 -6.7319999
v -4.8318000 -7.4130001 -5.4864998
v -4.6724000 -6.8969998 -4.1395502
v -4.8095999 -6.8765001 -4.4049501
v -4.4208999 -6.9670000 -2.8217499
v -4.6792002 -7.0714998 -1.7188500
v -4.7498498 -7.1285000 -1.4989001
v -3.5714500 -7.5984998 5.0015001
v -5.3140001 -7.5749998 5.5475001
v -5.2905002 -7.9840002 6.1760001
v -5.3055000 -8.9359999 7.3295002
v -4.7102499 -6.8744998 -4.2758999
v -4.6766500 -6.1180000 -3.0026000
v -4.7014999 -5.4765000 -0.5882500
v -4.6931500 -5.4074998 -0.7311000
v -4.7013502 -5.3724999 -1.6352500
v -4.7110000 -5.3850002 0.0574950
v -5.1269999 -5.6520000 1.7726001
v -5.0054998 -5.6090002 1.6153001
v -4.9215002 -5.5929999 1.5916500
v -5.1945000 -5.9054999 2.7795501
v -5.2930002 -6.3800001 3.9086499
v -5.3039999 -7.0860000 5.0114999
v -4.6849499 -5.2430000 -1.9141500
v -4.2329998 -3.2232499 -2.0450499
v -4.7466502 -3.1558499 -2.6722000
v -3.3646500 -3.2709000 -0.9109000
v -4.8867502 -5.4974999 0.4453750
v -4.7934499 -1.0727500 -3.0626500
v -3.6902001 -1.0843000 -2.1384001
v -4.8148999 1.0494500 -3.0850000
v -3.6852500 1.1073999 -2.1298001
v -4.7722502 3.1617000 -2.7031500
v -4.2195001 3.2402000 -2.0156500
v -3.3604000 3.2744999 -0.9044000
v -4.7350001 5.2170000 -2.0323999
v -4.6646500 5.2765002 -1.6370000
v -4.6966500 5.4109998 -0.7345000
v -4.8832502 5.4940000 0.4419550
v -4.7950001 5.4990001 0.0462090
v -5.0314999 5.5590000 1.4970000
v -5.0174999 5.6294999 1.5899000
v -4.6964002 6.8959999 -4.2601500
v -4.6925001 6.8730001 -4.1389999
v -4.7830501 6.9045000 -4.4018998
v -4.4202499 6.9654999 -2.8272500
v -4.6666498 6.1380000 -2.9286499
v -4.6914501 7.0434999 -1.7064000
v -4.7883501 5.5359998 -0.3892750
v -5.0869999 5.6475000 1.8016000
v -5.2170000 5.9039998 2.7834001
v -5.2950001 6.3734999 3.8971500
v -3.5834501 7.5770001 4.9784498
v -5.3095002 7.0844998 5.0124998
v -5.2810001 7.5900002 5.5500002
v -4.8477001 8.2659998 -6.7110000
v -4.0111499 8.8859997 -6.6980000
v -4.8580999 8.9595003 -7.4720001
v -3.0550001 8.9005003 -5.4745002
v -4.8403001 7.4145002 -5.5015001
v -2.8956001 8.9490004 -2.8125000
v -4.9187498 7.1820002 -1.3298000
v -4.0734000 9.0509996 -1.4576499
v -4.9664998 9.1899996 -0.8897500
v -5.2925000 7.9844999 6.1774998
v -3.3260000 9.6169996 7.3144999
v -5.3074999 8.9355001 7.3299999
v -5.2845001 9.6215000 7.9879999
v -4.9387999 10.0924997 -9.1114998
v -3.2021999 10.9600000 -9.1230001
v -4.9385500 10.9870005 -10.0754995
v -4.9418001 9.1455002 -7.9020000
v -5.0384998 11.2559996 -0.5482000
v -5.2859998 10.0120001 8.5089998
v -3.4658501 11.6770000 9.6669998
v -5.2835002 11.0799999 9.6735001
v -4.9960999 11.0865002 -10.2749996
v -5.0850000 13.3319998 -0.3104250
v -5.1094999 15.4014997 -0.1424000
v -5.1125002 16.1450005 -0.0902350
v -3.6087501 17.4705009 -0.0897500
v -5.1164999 17.4794998 -0.0203825
v -5.6450000 -15.4174995 -0.0905550
v -7.1690001 -15.4270000 0.0365875
v -7.1780000 -17.4860001 0.0948800
v -6.5535002 -13.3614998 -0.0923600
v -7.1520000 -13.3765001 -0.0181935
v -5.1739998 -10.9794998 -10.2740002
v -6.8375001 -11.3074999 -0.0988600
v -7.1269999 -11.3350000 -0.0433205
v -6.4924998 -8.9595003 -9.1195002
v -6.9390001 -8.9724998 -9.4445000
v -6.9575000 -9.7314997 -10.2904997
v -5.1995001 -8.9689999 -7.9310002
v -6.5390000 -9.2570000 -0.1386200
v -7.0819998 -9.3254995 0.0340200
v -6.1190000 -9.6090002 8.5080004
v -7.4070001 -9.5900002 9.1630001
v -7.3814998 -10.0384998 9.6894999
v -6.9064999 -8.5834999 -9.1339998
v -6.9045000 -7.2505002 -7.9334998
v -6.0755000 -6.9619999 -6.7420001
v -6.8895001 -6.9419999 -7.5619998
v -5.2100000 -6.9935002 -5.5235000
v -4.7680502 -7.2069998 -1.4624500
v -5.7715001 -7.3724999 -0.2987550
v -7.0660000 -7.3750000 0.4492550
v -6.1444998 -7.5650001 6.1849999
v -7.4264998 -7.5425000 6.9815001
v -7.4000001 -7.8074999 7.3509998
v -7.4320002 -8.8415003 8.5105000
v -6.8470001 -5.7470002 -6.7564998
v -6.8369999 -4.9801002 -6.1345000
v -6.3230000 -4.9899502 -5.5764999
v -5.5200000 -5.0009999 -4.3266501
v -4.9640999 -5.0995002 -3.1027999
v -4.6527500 -5.1669998 -1.7568500
v -7.0945001 -6.5009999 0.9196000
v -5.0025001 -5.4924998 0.8514000
v -7.2049999 -5.5644999 2.0669501
v -6.4340000 -5.6174998 2.8796999
v -7.3400002 -5.6149998 1.9475501
v -7.2440000 -5.5840001 3.9593501
v -7.4940000 -5.5190001 4.0692000
v -7.4184999 -5.9899998 5.0644999
v -7.4650002 -6.7500000 6.2014999
v -6.8130002 -3.3709500 -5.5869999
v -6.8255000 -3.0079501 -5.4460001
v -5.9365001 -3.0337000 -4.4114499
v -5.0634999 -3.0973001 -3.2153001
v -7.4450002 -5.2659998 3.0605500
v -7.5380001 -5.4315000 4.0446501
v -6.8309999 -1.0056000 -5.1754999
v -6.0900002 -1.0276500 -4.4590001
v -4.9737501 -1.0378000 -3.2816999
v -6.8360000 1.0138500 -5.1820002
v -6.0935001 1.0156000 -4.4624000
v -4.9563498 1.0364500 -3.2620001
v -6.8284998 3.0441501 -5.4565001
v -5.9464998 3.0402999 -4.4257002
v -5.0430002 3.0843000 -3.1807001
v -6.8350000 3.3589499 -5.6100001
v -6.3245001 4.9846001 -5.5755000
v -6.8220000 5.0130000 -6.1320000
v -5.5265002 5.0229998 -4.3527498
v -4.9552002 5.0795002 -3.0651000
v -4.6572499 5.2069998 -1.7278000
v -5.0209999 5.5914998 0.6066500
v -6.4140000 5.6275001 2.9537001
v -7.4464998 5.2665000 3.0551000
v -7.3680000 5.6025000 1.9599500
v -7.2224998 5.5974998 3.9751501
v -7.5359998 5.4404998 4.1080999
v -7.4794998 5.5240002 4.0566001
v -6.8600001 5.7375002 -6.7655001
v -6.0825000 6.9555001 -6.7449999
v -6.8804998 6.9499998 -7.5590000
v -5.2199998 6.9745002 -5.5225000
v -4.7101002 7.2255001 -1.5611500
v -5.7880001 7.3344998 -0.2613450
v -7.0250001 6.4974999 0.8914000
v -7.0634999 7.3484998 0.4575950
v -7.1865001 5.6224999 1.9683000
v -7.4375000 5.9800000 5.0660000
v -6.1539998 7.5520000 6.1760001
v -7.4460001 6.7595000 6.1960001
v -7.4445000 7.5374999 6.9905000
v -6.9099998 8.5695000 -9.1260004
v -6.5124998 8.9420004 -9.1175003
v -6.9340000 8.9805002 -9.4475002
v -5.2075000 8.9575005 -7.9270000
v -6.9140000 7.2494998 -7.9415002
v -6.5064998 9.2904997 -0.1564050
v -7.0960002 9.3374996 0.0357960
v -7.4180002 7.7985001 7.3525000
v -6.1294999 9.5950003 8.4989996
v -7.4194999 8.8474998 8.5085001
v -7.4194999 9.5854998 9.1660004
v -5.1770000 10.9940004 -10.2934999
v -6.9569998 9.7340002 -10.2930002
v -6.7919998 11.3030005 -0.1105750
v -7.1190000 11.3415003 -0.0448440
v -7.3829999 10.0389996 9.6905003
v -6.5289998 13.3525000 -0.0964900
v -7.1459999 13.3780003 -0.0188780
v -5.6329999 15.4145002 -0.0918900
v -7.1650000 15.4285002 0.0363300
v -7.1739998 17.4899998 0.0947450
v -9.2340002 -17.4939995 0.2091650
v -9.2275000 -15.4405003 0.1996450
v -9.2135000 -13.3915005 0.2163450
v -9.1969995 -11.3540001 0.2914950
v -7.7570000 -8.9899998 -10.2934999
v -9.1875000 -9.3415003 0.4880050
v -8.0730000 -9.5640001 9.6870003
v -8.1999998 -6.9905000 -9.1379995
v -8.9530001 -6.9815001 -9.8050003
v -8.9554996 -7.5700002 -10.3004999
v -7.1015000 -7.0114999 -7.9429998
v -9.2040005 -7.3299999 0.9270500
v -7.8065000 -7.5029998 7.3559999
v -9.0904999 -7.5110002 8.5200005
v -9.5559998 -7.4790001 8.8374996
v -9.5200005 -8.3544998 9.6914997
v -8.9204998 -5.7624998 -9.1389999
v -8.9165001 -4.9899998 -8.6324997
v -8.2320004 -4.9886498 -7.9650002
v -7.2290001 -5.0035000 -6.7655001
v -9.2725000 -6.9759998 1.0378500
v -7.4225001 -5.5444999 2.0305500
v -9.3564997 -5.3420000 1.8010499
v -8.0834999 -5.4540000 5.0819998
v -8.8959999 -5.4499998 6.2210002
v -9.6219997 -5.3825002 6.9425001
v -9.5555000 -5.7810001 7.3670001
v -9.5790005 -7.0075002 8.5264997
v -8.9014997 -3.0901000 -7.9720001
v -8.8999996 -2.9918001 -7.9239998
v -7.8699999 -2.9965999 -6.7919998
v -6.9145002 -3.0186501 -5.6020002
v -9.4720001 -4.7283001 2.0849500
v -9.5640001 -3.6171501 3.1248000
v -9.5244999 -3.4351001 4.0639501
v -9.6245003 -3.4261000 3.7063501
v -9.7229996 -3.2674000 4.3263998
v -9.6195002 -3.6568999 5.1275001
v -9.6274996 -4.5014000 6.2414999
v -8.8929996 -0.9896500 -7.5244999
v -8.1730003 -1.0030000 -6.8049998
v -7.1389999 -1.0154999 -5.6120000
v -9.7325001 -3.0675499 4.1623001
v -8.8920002 1.0077000 -7.5244999
v -8.1735001 1.0003500 -6.8055000
v -7.1370001 0.9988500 -5.6079998
v -8.8950005 3.0264499 -7.9264998
v -7.8664999 3.0022500 -6.7900000
v -6.9080000 3.0069001 -5.5910001
v -9.5264997 3.4319000 4.0578499
v -9.7344999 3.0625000 4.0739999
v -9.7224998 3.2711000 3.7086000
v -9.6505003 3.3908501 4.3165002
v -8.9125004 3.0789001 -7.9794998
v -8.2325001 4.9864001 -7.9645000
v -8.9075003 5.0095000 -8.6320000
v -7.2284999 5.0015001 -6.7639999
v -7.3690000 5.3755002 2.1996000
v -9.4785004 4.7367001 2.0717499
v -9.3395004 5.3274999 1.8102000
v -9.5804996 3.6271999 3.0697999
v -8.0924997 5.4664998 5.1190000
v -9.6374998 3.6256001 5.1120000
v -8.8979998 5.4464998 6.2189999
v -9.6435003 4.4791002 6.2430000
v -9.5799999 5.4315000 6.9369998
v -8.9344997 5.7519999 -9.1479998
v -8.2030001 6.9895000 -9.1400003
v -8.9475002 6.9829998 -9.8004999
v -7.1110001 6.9940000 -7.9419999
v -9.2390003 7.0079999 1.0200500
v -9.1920004 7.3160000 0.9288500
v -7.8154998 7.5044999 7.3670001
v -9.5730000 5.7605000 7.3645000
v -9.0959997 7.5025001 8.5165005
v -9.5860004 7.0075002 8.5340004
v -9.5539999 7.4755001 8.8330002
v -7.7540002 8.9980001 -10.2974997
v -8.9504995 7.5739999 -10.2985001
v -9.1964998 9.3330002 0.4905450
v -8.0734997 9.5705004 9.6934996
v -9.5395002 8.3525000 9.7065001
v -9.2040005 11.3535004 0.2924500
v -9.2174997 13.3924999 0.2167200
v -9.2294998 15.4420004 0.1997950
v -9.2364998 17.5004997 0.2093450
v -11.2980003 -17.5030003 0.3102650
v -11.2950001 -15.4499998 0.3323450
v -11.2889996 -13.4014997 0.3867650
v -11.2854996 -11.3614998 0.4971100
v -11.2930002 -9.3325005 0.6974500
v -9.3380003 -7.0300002 -10.3105001
v -11.3120003 -7.2849998 1.0304500
v -10.3745003 -7.4464998 9.7010002
v -9.2865000 -5.0095000 -9.1394997
v -10.3739996 -5.0110002 -10.3269997
v -11.3395004 -7.0400000 1.0776000
v -11.3725004 -5.2900000 1.5082500
v -9.8929996 -5.3635001 7.3885002
v -10.7945004 -5.3559999 8.5345001
v -11.6789999 -5.3220000 9.4645004
v -11.6479998 -5.6465001 9.7004995
v -10.9499998 -3.2256999 -10.3094997
v -10.9650002 -2.9976001 -10.2349997
v -9.9355001 -2.9981501 -9.1555004
v -8.9195004 -3.0131500 -7.9650002
v -11.4324999 -3.1960001 2.0778999
v -11.1064997 -3.2684500 2.1378000
v -9.8120003 -3.2586501 3.1766500
v -9.8734999 -3.2576499 5.1694999
v -10.3280001 -3.2550001 6.2600002
v -10.9910002 -3.2445500 7.3845000
v -11.7309999 -3.1911500 8.3395004
v -11.6864996 -3.5487499 8.5295000
v -10.9560003 -0.9903000 -9.8605003
v -10.2515001 -0.9993500 -9.1610003
v -9.2075005 -1.0111500 -7.9664998
v -11.4954996 -2.3059499 2.2269001
v -11.6204996 -1.0928500 2.4561000
v -10.6470003 -1.1115500 3.2616999
v -10.4069996 -1.1276000 4.1633501
v -10.5360003 -1.1013000 5.1750002
v -10.9340000 -1.0911500 6.2620001
v -11.5574999 -1.0828500 7.3864999
v -11.7500000 -1.0599999 7.6234999
v -10.9534998 1.0091000 -9.8594999
v -10.2515001 1.0001000 -9.1610003
v -9.2089996 0.9934000 -7.9664998
v -11.6280003 1.0513500 2.4548500
v -10.6684999 1.1150000 3.2338500
v -10.4090004 1.1288000 4.1356001
v -10.5354996 1.0887001 5.1669998
v -10.9335003 1.0945500 6.2610002
v -11.5579996 1.0994000 7.3915000
v -11.7405005 1.0941499 7.6145000
v -10.9584999 3.0255499 -10.2344999
v -9.9320002 3.0010500 -9.1525002
v -8.9195004 2.9998500 -7.9610000
v -11.0834999 3.2860501 2.1454000
v -11.5915003 2.3395500 2.1705000
v -11.4420004 3.1903999 2.0768001
v -9.7705002 3.2975500 3.2108500
v -9.8800001 3.2381499 5.1684999
v -10.3234997 3.2507000 6.2484999
v -10.9849997 3.2481999 7.3769999
v -11.7110004 3.2341499 8.3299999
v -10.9700003 3.2284999 -10.3330002
v -10.3739996 5.0105000 -10.3264999
v -9.2865000 5.0079999 -9.1385002
v -11.3909998 5.2560000 1.5148500
v -9.9014997 5.3525000 7.3920002
v -10.7895002 5.3600001 8.5314999
v -11.6870003 3.5378499 8.5240002
v -11.6639996 5.3515000 9.4665003
v -9.3374996 7.0289998 -10.3094997
v -11.3439999 7.0850000 1.0659000
v -11.3055000 7.2930002 1.0289500
v -10.3769999 7.4475002 9.7049999
v -11.6674995 5.6494999 9.7259998
v -11.2934999 9.3254995 0.6984000
v -11.2880001 11.3590002 0.4975000
v -11.2910004 13.4010000 0.3869450
v -11.2965002 15.4499998 0.3324300
v -11.3009996 17.5070000 0.3103600
v -13.3625002 -17.5079994 0.3921700
v -13.3620005 -15.4540005 0.4309550
v -13.3605003 -13.4040003 0.4990450
v -13.3629999 -11.3584995 0.6100500
v -13.3734999 -9.3160000 0.7782000
v -13.3879995 -7.2600002 1.0123000
v -13.4029999 -6.6750002 1.0841000
v -13.4385004 -5.2375002 1.2925500
v -11.8660002 -5.2979999 9.7259998
v -11.0000000 -3.0320001 -10.2985001
v -13.4665003 -3.1403000 1.5784000
v -11.8350000 -3.2072501 8.5465002
v -12.6730003 -3.1924500 9.7174997
v -11.2869997 -1.0108500 -10.3024998
v -13.4930000 -1.0604000 1.7575001
v -11.9805002 -1.0455000 2.2314501
v -12.2679996 -1.0809500 8.5524998
v -13.0830002 -1.0559000 9.7139997
v -11.2869997 0.9992000 -10.3009996
v -13.4989996 1.0520500 1.7565000
v -11.9770002 1.0686001 2.2313499
v -12.2714996 1.0577000 8.5550003
v -13.0804996 1.0830500 9.7139997
v -10.9945002 3.0254500 -10.2900000
v -13.4694996 3.1514499 1.5765500
v -11.8424997 3.1905000 8.5509996
v -12.6700001 3.2035501 9.7180004
v -13.4324999 5.2090001 1.2976000
v -11.8649998 5.2979999 9.7250004
v -13.4125004 6.6995001 1.0800000
v -13.3865004 7.2659998 1.0116000
v -13.3725004 9.3120003 0.7786000
v -13.3634996 11.3559999 0.6102500
v -13.3614998 13.4029999 0.4991400
v -13.3629999 15.4534998 0.4310050
v -13.3649998 17.5100002 0.3922250
v -15.4270000 -17.5105000 0.4545400
v -15.4274998 -15.4549999 0.4996200
v -15.4285002 -13.4029999 0.5679000
v -15.4324999 -11.3525000 0.6658500
v -15.4414997 -9.3020000 0.7975500
v -15.4549999 -7.2430000 0.9602500
v -15.4650002 -5.7290001 1.0858999
v -15.4870005 -5.1975002 1.1346999
v -15.5050001 -3.1215999 1.2939500
v -15.5115004 -1.0393500 1.3900000
v -15.5100002 1.0444000 1.3901000
v -15.4949999 3.1224501 1.2950500
v -15.4809999 5.1845002 1.1363500
v -15.4680004 5.7410002 1.0846000
v -15.4534998 7.2465000 0.9600000
v -15.4405003 9.3000002 0.7977000
v -15.4324999 11.3509998 0.6659500
v -15.4289999 13.4020004 0.5679500
v -15.4280005 15.4545002 0.4996450
v -15.4289999 17.5109997 0.4545850
v -17.4890003 -17.5109997 0.4997600
v -17.4895000 -15.4554996 0.5448500
v -17.4920006 -13.4020004 0.6069500
v -17.4969997 -11.3490000 0.6884000
v -17.5060005 -9.2954998 0.7889000
v -17.5139999 -7.2335000 0.9032000
v -17.5214996 -5.1785002 1.0176001
v -16.2029991 -5.1754999 1.0865500
v -17.5265007 -3.6573501 1.0870000
v -17.5454998 -3.1136501 1.1124500
v -17.5540009 -1.0339000 1.1681000
v -17.5510006 1.0416501 1.1683500
v -17.5429993 3.1141000 1.1126500
v -16.2019997 5.1815000 1.0862499
v -17.5294991 3.6593499 1.0867000
v -17.5205002 5.1774998 1.0177000
v -17.5100002 7.2375002 0.9030500
v -17.4995003 9.2930002 0.7890500
v -17.4930000 11.3465004 0.6885000
v -17.4899998 13.3994999 0.6070000
v -17.4890003 15.4534998 0.5448500
v -17.4890003 17.5109997 0.4997600
v 17.5109997 -15.4289999 -0.4545850
v 15.4534998 -17.4890003 -0.5448500
v 17.5109997 -17.4890003 -0.4997600
v 15.4545002 -15.4280005 -0.4996450
v 17.5100002 -13.3649998 -0.3922250
v 15.4534998 -13.3629999 -0.4310050
v 17.5070000 -11.3009996 -0.3103600
v 15.4499998 -11.2965002 -0.3324300
v 17.5004997 -9.2364998 -0.2093450
v 15.4420004 -9.2294998 -0.1997950
v 17.4899998 -7.1739998 -0.0947450
v 15.4285002 -7.1650000 -0.0363300
v 15.4145002 -5.6329999 0.0918900
v 16.1450005 -5.1125002 0.0902350
v 17.4794998 -5.1164999 0.0203825
v 15.4014997 -5.1094999 0.1424000
v 17.4705009 -3.6087501 0.0897500
v 17.4570007 -3.0623500 0.1176800
v 15.3874998 -3.0540500 0.3031800
v 17.4489994 -1.0172000 0.1738150
v 15.3725004 -1.0144000 0.4000450
v 17.4459991 1.0249000 0.1740250
v 15.3704996 1.0195000 0.4001750
v 17.4545002 3.0627999 0.1178850
v 15.3774996 3.0548501 0.3043000
v 17.4785004 5.1155000 0.0205040
v 16.1439991 5.1190000 0.0899000
v 17.4734993 3.6107500 0.0894850
v 15.3955002 5.0964999 0.1440750
v 15.4174995 5.6450000 0.0905550
v 15.4270000 7.1690001 -0.0365875
v 17.4860001 7.1780000 -0.0948800
v 17.4939995 9.2340002 -0.2091650
v 15.4405003 9.2275000 -0.1996450
v 17.5030003 11.2980003 -0.3102650
v 15.4499998 11.2950001 -0.3323450
v 17.5079994 13.3625002 -0.3921700
v 15.4540005 13.3620005 -0.4309550
v 17.5105000 15.4270000 -0.4545400
v 15.4549999 15.4274998 -0.4996200
v 17.5109997 17.4890003 -0.4997600
v 15.4554996 17.4895000 -0.5448500
v 13.3994999 -17.4899998 -0.6070000
v 13.4020004 -15.4289999 -0.5679500
v 13.4029999 -13.3614998 -0.4991400
v 13.4010000 -11.2910004 -0.3869450
v 13.3924999 -9.2174997 -0.2167200
v 13.3780003 -7.1459999 0.0188780
v 13.3525000 -6.5289998 0.0964900
v 13.3319998 -5.0850000 0.3104250
v 13.2950001 -3.0250001 0.6001000
v 13.2655001 -1.0068001 0.7852500
v 13.2714996 0.9984000 0.7842500
v 13.2980003 3.0361500 0.5982500
v 13.3260002 5.0570002 0.3154550
v 13.3614998 6.5535002 0.0923600
v 13.3765001 7.1520000 0.0181935
v 13.3915005 9.2135000 -0.2163450
v 13.4014997 11.2889996 -0.3867650
v 13.4040003 13.3605003 -0.4990450
v 13.4029999 15.4285002 -0.5679000
v 13.4020004 17.4920006 -0.6069500
v 11.3465004 -17.4930000 -0.6885000
v 11.3509998 -15.4324999 -0.6659500
v 11.3559999 -13.3634996 -0.6102500
v 11.3590002 -11.2880001 -0.4975000
v 11.3535004 -9.2040005 -0.2924500
v 11.3415003 -7.1190000 0.0448440
v 11.3030005 -6.7919998 0.1105750
v 11.2559996 -5.0384998 0.5482000
v 11.0865002 -4.9960999 10.2749996
v 10.9794998 -5.1739998 10.2740002
v 10.9870005 -4.9343500 10.0725002
v 11.6770000 -3.4658501 -9.6669998
v 11.6885004 -3.1508999 -9.5625000
v 11.7995005 -3.1510000 -9.7100000
v 11.2049999 -2.9860499 1.1271000
v 11.0295000 -2.9784000 9.0930004
v 10.9600000 -3.2021999 9.1230001
v 10.9359999 -2.9423001 8.8909998
v 11.8745003 -2.9840000 10.2825003
v 12.0830002 -1.0596499 -9.6990004
v 11.6940002 -1.0497500 -9.1885004
v 11.0555000 -2.1073999 1.3589500
v 11.6265001 -0.9902000 1.2981000
v 11.0190001 -1.0075001 1.6629000
v 10.9069996 -0.9647000 8.1514997
v 11.4315004 -0.9861500 9.0920000
v 12.2650003 -1.0029000 10.2860003
v 12.0830002 1.0480000 -9.6975002
v 11.6914997 1.0685500 -9.1875000
v 11.6234999 1.0132999 1.2980000
v 11.0264997 0.9659500 1.6617000
v 10.8975000 0.9988500 8.1429996
v 11.4320002 0.9947000 9.0944996
v 12.2674999 0.9757500 10.2860003
v 11.7939997 3.1444499 -9.7014999
v 11.6820002 3.1788499 -9.5620003
v 11.1514997 2.1410000 1.3025000
v 11.2145004 2.9804499 1.1260000
v 10.9160004 2.9853001 8.8815002
v 11.0354996 2.9805000 9.1025000
v 11.8774996 2.9729500 10.2819996
v 11.6969995 3.4686501 -9.6905003
v 11.2744999 5.0044999 0.5548500
v 10.9604998 3.1912999 9.1175003
v 10.9844999 4.9413500 10.0740004
v 11.0860004 4.9962001 10.2740002
v 11.3074999 6.8375001 0.0988600
v 11.3350000 7.1269999 0.0433205
v 10.9940004 5.1770000 10.2934999
v 11.3540001 9.1969995 -0.2914950
v 11.3614998 11.2854996 -0.4971100
v 11.3584995 13.3629999 -0.6100500
v 11.3525000 15.4324999 -0.6658500
v 11.3490000 17.4969997 -0.6884000
v 9.2930002 -17.4995003 -0.7890500
v 9.3000002 -15.4405003 -0.7977000
v 9.3120003 -13.3725004 -0.7786000
v 9.3254995 -11.2934999 -0.6984000
v 9.3330002 -9.1964998 -0.4905450
v 9.5790005 -8.0725002 -9.7014999
v 9.5845003 -7.4200001 -9.1660004
v 10.0389996 -7.3829999 -9.6905003
v 9.3374996 -7.0960002 -0.0357960
v 9.7314997 -6.9575000 10.2904997
v 8.9899998 -7.7570000 10.2934999
v 8.9724998 -6.9390001 9.4445000
v 9.5950003 -6.1294999 -8.4989996
v 10.0120001 -5.2859998 -8.5089998
v 11.0799999 -5.2835002 -9.6735001
v 9.6215000 -5.2845001 -7.9879999
v 9.2904997 -6.5064998 0.1564050
v 9.1899996 -4.9664998 0.8897500
v 9.1455002 -4.9418001 7.9020000
v 8.9565001 -5.2119999 7.9295001
v 8.9525003 -4.8589501 7.4645000
v 10.0955000 -4.9375000 9.1145000
v 8.9434996 -6.5050001 9.1129999
v 10.6634998 -3.1820500 -8.4945002
v 9.6169996 -3.3260000 -7.3144999
v 9.6759996 -3.1680000 -7.3290000
v 9.6344995 -3.1500001 -7.2649999
v 9.0509996 -4.0734000 1.4576499
v 10.5695000 -2.8903999 1.3839999
v 9.0400000 -2.8789001 2.6714499
v 8.9490004 -2.8956001 2.8125000
v 8.8070002 -2.9053500 3.5430501
v 8.9584999 -2.9314499 5.4070001
v 8.8920002 -3.0671501 5.4759998
v 8.9025002 -2.7714000 4.5503502
v 9.4844999 -2.9202499 6.6799998
v 8.8859997 -4.0111499 6.6980000
v 10.1999998 -2.9345500 7.9115000
v 10.9870005 -1.0690000 -8.4875002
v 9.9744997 -1.0498000 -7.3260002
v 9.6374998 -1.0511000 -6.8600001
v 9.8955002 -0.9304500 2.6272500
v 9.4315004 -0.9304000 4.0702000
v 8.7950001 -2.7305501 4.1613002
v 9.5754995 -0.9575000 5.4134998
v 10.0340004 -0.9676500 6.6795001
v 10.7054996 -0.9920000 7.9020000
v 10.9864998 1.0484500 -8.4849997
v 9.9770002 1.0621001 -7.3295002
v 9.6365004 1.0692000 -6.8600001
v 9.8795004 0.9571000 2.6402500
v 9.4289999 0.9308500 4.1013999
v 9.5760002 0.9701000 5.4215002
v 10.0349998 0.9642500 6.6799998
v 10.7154999 0.9487000 7.9080000
v 10.6634998 3.1727500 -8.4925003
v 9.6785002 3.1701500 -7.3330002
v 9.6295004 3.1846499 -7.2674999
v 10.5465002 2.9080000 1.3916000
v 8.9984999 2.9177999 2.7056999
v 8.9049997 2.7503500 3.5453000
v 8.7969999 2.7255001 4.0730000
v 8.8599997 2.8143499 4.5205998
v 8.9654999 2.9279001 5.4280000
v 9.4890003 2.9268999 6.6939998
v 10.2060003 2.9250500 7.9145002
v 11.0799999 5.2830000 -9.6730003
v 10.0115004 5.2845001 -8.5080004
v 9.6129999 5.3039999 -7.9870000
v 9.6280003 3.3148000 -7.3220000
v 9.0574999 4.0818501 1.4444500
v 9.1730003 4.9519000 0.8989000
v 8.9650002 2.9056499 2.7575500
v 8.9080000 3.0397000 5.4640002
v 8.9014997 3.9888501 6.6999998
v 8.9440002 4.8718500 7.4679999
v 9.1545000 4.9308000 7.9054999
v 10.0920000 4.9408002 9.1125002
v 9.5900002 7.4070001 -9.1630001
v 10.0384998 7.3814998 -9.6894999
v 9.6090002 6.1190000 -8.5080004
v 9.2570000 6.5390000 0.1386200
v 9.3254995 7.0819998 -0.0340200
v 8.9689999 5.1960001 7.9264998
v 8.9545002 6.5005002 9.1210003
v 8.9805002 6.9340000 9.4475002
v 9.7340002 6.9569998 10.2930002
v 9.5664997 8.0714998 -9.6885004
v 9.3415003 9.1875000 -0.4880050
v 8.9980001 7.7540002 10.2974997
v 9.3325005 11.2930002 -0.6974500
v 9.3160000 13.3734999 -0.7782000
v 9.3020000 15.4414997 -0.7975500
v 9.2954998 17.5060005 -0.7889000
v 7.2375002 -17.5100002 -0.9030500
v 7.2465000 -15.4534998 -0.9600000
v 7.2659998 -13.3865004 -1.0116000
v 7.2930002 -11.3055000 -1.0289500
v 7.4549999 -10.3734999 -9.7069998
v 7.4755001 -9.5535002 -8.8319998
v 8.3529997 -9.5225000 -9.6929998
v 7.3160000 -9.1920004 -0.9288500
v 7.5700002 -8.9554996 10.3004999
v 7.0289998 -9.3374996 10.3094997
v 6.9889998 -8.9469995 9.8039999
v 7.5015001 -9.1025000 -8.5209999
v 8.8420000 -7.4295001 -8.5094995
v 7.7985001 -7.4180002 -7.3525000
v 7.4980001 -7.8080001 -7.3525000
v 7.5310001 -7.4549999 -6.9920001
v 7.3944998 -7.0335002 -0.4297500
v 7.2435002 -6.9085002 7.9305000
v 6.9940000 -7.1110001 7.9419999
v 6.9520001 -6.8814998 7.5619998
v 8.5749998 -6.9105000 9.1315002
v 6.9920001 -8.1999998 9.1389999
v 8.9355001 -5.3074999 -7.3299999
v 7.5520000 -6.1539998 -6.1760001
v 7.9844999 -5.2925000 -6.1774998
v 7.5900002 -5.2810001 -5.5500002
v 7.3490000 -5.7665000 0.2930050
v 7.1820002 -4.9187498 1.3298000
v 7.2255001 -4.7101002 1.5611500
v 7.0434999 -4.6914501 1.7064000
v 7.4089999 -4.8295002 5.4745002
v 6.9745002 -5.2199998 5.5225000
v 6.9215002 -4.7750502 4.4140000
v 8.2729998 -4.8483500 6.7210002
v 6.9654999 -6.0755000 6.7449999
v 8.6160002 -3.1831501 -6.1529999
v 7.5770001 -3.5834501 -4.9784498
v 7.6910000 -3.1624501 -4.9890499
v 7.5834999 -3.1322999 -4.8067002
v 6.9654999 -4.4202499 2.8272500
v 8.8085003 -2.7418499 4.0978498
v 6.8759999 -4.6893501 4.1272001
v 8.9154997 -1.0664001 -6.1385002
v 7.9099998 -1.0453000 -4.9758501
v 7.5755000 -1.0449500 -4.5095501
v 8.9119997 1.0474000 -6.1329999
v 7.9134998 1.0571500 -4.9805498
v 7.5809999 1.0532000 -4.5159502
v 8.6145000 3.1722000 -6.1479998
v 7.6939998 3.1632500 -4.9931502
v 7.5865002 3.1684999 -4.8172998
v 8.8059998 2.7439499 4.1176500
v 8.9359999 5.3055000 -7.3295002
v 7.9840002 5.2905002 -6.1760001
v 7.5749998 5.3140001 -5.5475001
v 7.5984998 3.5714500 -5.0015001
v 7.1285000 4.7498498 1.4989001
v 7.0714998 4.6792002 1.7188500
v 6.9670000 4.4208999 2.8217499
v 6.8920002 4.6767502 4.1485500
v 6.8629999 4.8159499 4.3891501
v 7.4180002 4.8396502 5.5064998
v 8.2720003 4.8491001 6.7205000
v 8.8444996 7.4270000 -8.5100002
v 7.8074999 7.4000001 -7.3509998
v 7.5425000 7.4264998 -6.9815001
v 7.5650001 6.1444998 -6.1849999
v 7.3175001 5.7859998 0.2568750
v 7.3705001 7.0270000 -0.4368750
v 7.2069998 4.7680502 1.4624500
v 6.9935002 5.2100000 5.5235000
v 6.9534998 6.0819998 6.7420001
v 6.9390001 6.8889999 7.5584998
v 7.2554998 6.9070001 7.9404998
v 8.5764999 6.9035001 9.1254997
v 7.5085001 9.0889997 -8.5165005
v 7.4790001 9.5559998 -8.8374996
v 8.3535004 9.5284996 -9.6980000
v 7.5060000 7.8084998 -7.3620000
v 7.3299999 9.2040005 -0.9270500
v 7.0114999 7.1015000 7.9429998
v 6.9885001 8.2025003 9.1389999
v 6.9755001 8.9530001 9.8004999
v 7.5739999 8.9504995 10.2985001
v 7.4454999 10.3760004 -9.7019997
v 7.2849998 11.3120003 -1.0304500
v 7.0300002 9.3380003 10.3105001
v 7.2600002 13.3879995 -1.0123000
v 7.2430000 15.4549999 -0.9602500
v 7.2335000 17.5139999 -0.9032000
v 5.1815000 -16.2019997 -1.0862499
v 5.7410002 -15.4680004 -1.0846000
v 5.1845002 -15.4809999 -1.1363500
v 5.1774998 -17.5205002 -1.0177000
v 5.2090001 -13.4324999 -1.2976000
v 6.6995001 -13.4125004 -1.0800000
v 5.2979999 -11.8649998 -9.7250004
v 5.3530002 -11.6634998 -9.4665003
v 5.6430001 -11.6499996 -9.6995001
v 5.2560000 -11.3909998 -1.5148500
v 7.0850000 -11.3439999 -1.0659000
v 5.3555002 -10.7954998 -8.5354996
v 7.0000000 -9.5885000 -8.5305004
v 5.7680001 -9.5670004 -7.3655000
v 5.3525000 -9.9014997 -7.3920002
v 5.4355001 -9.5769997 -6.9375000
v 5.3274999 -9.3395004 -1.8102000
v 7.0079999 -9.2390003 -1.0200500
v 5.7519999 -8.9344997 9.1479998
v 5.0079999 -9.2865000 9.1385002
v 5.0095000 -8.9075003 8.6320000
v 5.0105000 -10.3739996 10.3264999
v 5.4464998 -8.9064999 -6.2305002
v 6.7509999 -7.4615002 -6.1995001
v 5.9800000 -7.4375000 -5.0660000
v 5.4540000 -8.0860004 -5.0865002
v 5.5159998 -7.4870000 -4.0513000
v 5.3755002 -7.3690000 -2.1996000
v 5.6224999 -7.1865001 -1.9683000
v 5.6025000 -7.3680000 -1.9599500
v 6.5135002 -7.0949998 -0.9061000
v 5.7375002 -6.8600001 6.7655001
v 5.0015001 -7.2284999 6.7639999
v 5.0130000 -6.8220000 6.1320000
v 4.9864001 -8.2325001 7.9645000
v 7.0844998 -5.3095002 -5.0124998
v 5.5974998 -7.2224998 -3.9751501
v 6.3734999 -5.2950001 -3.8971500
v 5.9039998 -5.2170000 -2.7834001
v 5.6275001 -6.4140000 -2.9537001
v 5.6475000 -5.0869999 -1.8016000
v 5.6294999 -5.0174999 -1.5899000
v 5.5425000 -5.0005002 -0.7658000
v 5.4765000 -4.7013502 0.5895500
v 5.4864998 -4.7809501 -0.0273285
v 5.2069998 -4.6572499 1.7278000
v 5.2765002 -4.6646500 1.6370000
v 6.1380000 -4.6666498 2.9286499
v 5.0795002 -4.9552002 3.0651000
v 6.8959999 -4.6964002 4.2601500
v 5.0229998 -5.5265002 4.3527498
v 4.9846001 -6.3245001 5.5755000
v 6.7445002 -3.1445000 -3.8325500
v 5.9010000 -3.0809000 -2.6691000
v 5.5219998 -3.0147500 -2.0578001
v 5.5590000 -5.0314999 -1.4970000
v 5.3699999 -4.6693501 0.7254500
v 6.8249998 -1.0385500 -3.7813001
v 5.7125001 -1.0170500 -2.6080501
v 5.4790001 -1.0094000 -2.3385999
v 6.8119998 1.0362000 -3.7677500
v 5.7170000 1.0267500 -2.6131999
v 5.5005002 0.9860500 -2.3610001
v 6.7234998 3.1351500 -3.8035500
v 5.9184999 3.0898499 -2.6980000
v 5.5475001 3.0206001 -2.0888000
v 7.0860000 5.3039999 -5.0114999
v 6.3790002 5.2715001 -3.8929999
v 5.9184999 5.1855001 -2.8202000
v 5.6090002 5.0054998 -1.6153001
v 5.6520000 5.1269999 -1.7726001
v 5.5929999 4.9215002 -1.5916500
v 5.3660002 4.6658502 0.7205500
v 5.4994998 4.7569499 0.4000300
v 5.5130000 4.8076000 -0.0273285
v 5.3724999 4.7013502 1.6352500
v 6.1180000 4.6766500 3.0026000
v 6.8744998 4.7102499 4.2758999
v 6.7560000 7.4549999 -6.1999998
v 5.9899998 7.4184999 -5.0644999
v 5.5190001 7.4940000 -4.0692000
v 5.5840001 7.2440000 -3.9593501
v 5.6174998 6.4340000 -2.8796999
v 5.6149998 7.3400002 -1.9475501
v 5.5644999 7.2049999 -2.0669501
v 5.5925002 5.0229998 -0.5882500
v 6.5100002 7.0640001 -0.8975500
v 5.1669998 4.6527500 1.7568500
v 5.1085000 4.9512501 3.0621500
v 5.0229998 5.5209999 4.3422499
v 4.9899502 6.3230000 5.5764999
v 5.7470002 6.8470001 6.7564998
v 4.9801002 6.8369999 6.1345000
v 7.0130000 9.5749998 -8.5270004
v 5.7779999 9.5590000 -7.3674998
v 5.4480000 8.8909998 -6.2125001
v 5.3825002 9.6219997 -6.9425001
v 5.4635000 8.0880003 -5.1050000
v 5.5444999 7.4225001 -2.0305500
v 5.3420000 9.3564997 -1.8010499
v 6.9759998 9.2725000 -1.0378500
v 5.0035000 7.2290001 6.7655001
v 4.9886498 8.2320004 7.9650002
v 5.7624998 8.9204998 9.1389999
v 4.9899998 8.9165001 8.6324997
v 5.3600001 10.7895002 -8.5314999
v 5.3220000 11.6789999 -9.4645004
v 5.6459999 11.6514997 -9.7040005
v 5.3635001 9.8929996 -7.3885002
v 5.2900000 11.3725004 -1.5082500
v 7.0400000 11.3395004 -1.0776000
v 5.0095000 9.2865000 9.1394997
v 5.0110002 10.3739996 10.3269997
v 5.2979999 11.8660002 -9.7259998
v 5.2375002 13.4385004 -1.2925500
v 6.6750002 13.4029999 -1.0841000
v 5.1975002 15.4870005 -1.1346999
v 5.7290001 15.4650002 -1.0858999
v 5.1754999 16.2029991 -1.0865500
v 5.1785002 17.5214996 -1.0176001
v 3.6593499 -17.5294991 -1.0867000
v 3.1141000 -17.5429993 -1.1126500
v 3.1224501 -15.4949999 -1.2950500
v 3.1514499 -13.4694996 -1.5765500
v 3.5378499 -11.6870003 -8.5240002
v 3.1905000 -11.8424997 -8.5509996
v 3.2035501 -12.6700001 -9.7180004
v 3.2341499 -11.7110004 -8.3299999
v 3.1903999 -11.4420004 -2.0768001
v 3.2284999 -10.9700003 10.3330002
v 3.0254500 -10.9945002 10.2900000
v 3.0255499 -10.9584999 10.2344999
v 3.2481999 -10.9849997 -7.3769999
v 4.4791002 -9.6435003 -6.2430000
v 3.2507000 -10.3234997 -6.2484999
v 3.6384001 -9.6280003 -5.1129999
v 3.2381499 -9.8800001 -5.1684999
v 3.4180501 -9.6260004 -4.3126001
v 3.2975500 -9.7705002 -3.2108500
v 3.6271999 -9.5804996 -3.0697999
v 3.2711000 -9.7224998 -3.7086000
v 4.7367001 -9.4785004 -2.0717499
v 3.2860501 -11.0834999 -2.1454000
v 3.0789001 -8.9125004 7.9794998
v 2.9998500 -8.9195004 7.9610000
v 3.0264499 -8.8950005 7.9264998
v 3.0010500 -9.9320002 9.1525002
v 3.4339499 -9.5275002 -4.1582499
v 5.4305000 -7.5444999 -4.0760002
v 5.2665000 -7.4464998 -3.0551000
v 3.3589499 -6.8350000 5.6100001
v 3.0069001 -6.9080000 5.5910001
v 3.0441501 -6.8284998 5.4565001
v 3.0022500 -7.8664999 6.7900000
v 5.5215001 -4.9243002 -0.4510350
v 5.2170000 -4.7350001 2.0323999
v 3.0843000 -5.0430002 3.1807001
v 3.1617000 -4.7722502 2.7031500
v 3.0402999 -5.9464998 4.4257002
v 5.0295000 -2.9362500 -1.5137500
v 4.0445499 -2.8623500 -0.3048550
v 3.3141000 -3.3556001 0.8716000
v 3.3447499 -2.8317499 0.3441300
v 3.2402000 -4.2195001 2.0156500
v 4.3504500 -0.9514000 -1.3996500
v 3.3610499 -0.9941000 -0.6110500
v 3.3333499 -1.9232000 -0.2002500
v 4.3455000 0.9745000 -1.3910500
v 3.3622000 0.9438500 -0.6191500
v 5.0159998 2.9532001 -1.4844000
v 3.3519001 1.9318000 -0.2082000
v 4.0413499 2.8680999 -0.2965200
v 3.3450000 2.8527501 0.3586550
v 5.5250001 4.9281502 -0.4559350
v 3.3083501 3.3588500 0.8799500
v 5.2430000 4.6849499 1.9141500
v 3.2232499 4.2329998 2.0450499
v 3.1558499 4.7466502 2.6722000
v 5.4435000 7.5260000 -4.0517001
v 5.2659998 7.4450002 -3.0605500
v 3.0866001 5.0450001 3.1843500
v 3.0413001 5.9514999 4.4317498
v 3.3709500 6.8130002 5.5869999
v 3.0079501 6.8255000 5.4460001
v 4.5014000 9.6274996 -6.2414999
v 3.6463001 9.6309996 -5.1329999
v 3.4201500 9.5275002 -4.0135498
v 3.2674000 9.7229996 -4.3263998
v 3.4261000 9.6245003 -3.7063501
v 3.6171501 9.5640001 -3.1248000
v 4.7283001 9.4720001 -2.0849500
v 3.0132000 6.9099998 5.5949998
v 3.0042500 7.8690000 6.7930002
v 3.0901000 8.9014997 7.9720001
v 2.9918001 8.8999996 7.9239998
v 3.5487499 11.6864996 -8.5295000
v 3.2514000 10.9849997 -7.3794999
v 3.1911500 11.7309999 -8.3395004
v 3.2495501 10.3234997 -6.2474999
v 3.2486000 9.8739996 -5.1605000
v 3.2586501 9.8120003 -3.1766500
v 3.2684500 11.1064997 -2.1378000
v 3.1960001 11.4324999 -2.0778999
v 3.0063000 8.9180002 7.9610000
v 3.0037000 9.9335003 9.1549997
v 3.2256999 10.9499998 10.3094997
v 2.9976001 10.9650002 10.2349997
v 3.1959500 11.8365002 -8.5445004
v 3.2035501 12.6700001 -9.7180004
v 3.1403000 13.4665003 -1.5784000
v 3.0320001 11.0000000 10.2985001
v 3.1215999 15.5050001 -1.2939500
v 3.6573501 17.5265007 -1.0870000
v 3.1136501 17.5454998 -1.1124500
v 1.0416501 -17.5510006 -1.1683500
v 1.0444000 -15.5100002 -1.3901000
v 1.0520500 -13.4989996 -1.7565000
v 1.0830500 -13.0804996 -9.7139997
v 1.0577000 -12.2714996 -8.5550003
v 1.0941499 -11.7405005 -7.6145000
v 1.0686001 -11.9770002 -2.2313499
v 2.3395500 -11.5915003 -2.1705000
v 1.0513500 -11.6280003 -2.4548500
v 0.9992000 -11.2869997 10.3009996
v 1.0091000 -10.9534998 9.8594999
v 1.0994000 -11.5579996 -7.3915000
v 1.0945500 -10.9335003 -6.2610002
v 1.0887001 -10.5354996 -5.1669998
v 3.0625000 -9.7344999 -4.0739999
v 1.1288000 -10.4090004 -4.1356001
v 1.1150000 -10.6684999 -3.2338500
v 0.9934000 -9.2089996 7.9664998
v 1.0077000 -8.8920002 7.5244999
v 1.0001000 -10.2515001 9.1610003
v 0.9988500 -7.1370001 5.6079998
v 1.0138500 -6.8360000 5.1820002
v 1.0003500 -8.1735001 6.8055000
v 1.0364500 -4.9563498 3.2620001
v 1.0494500 -4.8148999 3.0850000
v 1.0156000 -6.0935001 4.4624000
v 2.3108499 -2.8237500 0.9680500
v 1.1073999 -3.6852500 2.1298001
v 1.0647000 -2.8153999 1.4460500
v 2.4409499 -0.9267500 -0.1528300
v 1.1633500 -1.9961500 1.0160500
v 1.1266000 -0.9322000 0.4807350
v 2.4469500 0.9316500 -0.1548100
v 1.1125000 0.9389500 0.4846750
v 1.0666500 1.9948000 1.0343000
v 2.3196499 2.8604500 0.9868500
v 1.1149499 2.8142500 1.4379500
v 1.0843000 3.6902001 2.1384001
v 1.0727500 4.7934499 3.0626500
v 1.0320500 4.9623499 3.2691000
v 1.0226001 6.0980000 4.4675498
v 1.0056000 6.8309999 5.1754999
v 3.0675499 9.7325001 -4.1623001
v 1.0016500 7.1364999 5.6075001
v 1.0114000 8.1754999 6.8080001
v 0.9896500 8.8929996 7.5244999
v 1.1101000 11.5530005 -7.3860002
v 1.0599999 11.7500000 -7.6234999
v 1.0945500 10.9335003 -6.2610002
v 1.0887001 10.5354996 -5.1669998
v 1.1279500 10.4090004 -4.1339002
v 1.1016999 10.6645002 -3.2421000
v 2.3059499 11.4954996 -2.2269001
v 1.0928500 11.6204996 -2.4561000
v 0.9967000 9.2069998 7.9645000
v 1.0103500 10.2519999 9.1625004
v 0.9903000 10.9560003 9.8605003
v 1.0830500 13.0804996 -9.7139997
v 1.0641500 12.2694998 -8.5524998
v 1.0455000 11.9805002 -2.2314501
v 1.0604000 13.4930000 -1.7575001
v 1.0108500 11.2869997 10.3024998
v 1.0393500 15.5115004 -1.3900000
v 1.0339000 17.5540009 -1.1681000
v -1.0339000 -17.5540009 -1.1681000
v -1.0393500 -15.5115004 -1.3900000
v -1.0604000 -13.4930000 -1.7575001
v -1.0559000 -13.0830002 -9.7139997
v -1.0809500 -12.2679996 -8.5524998
v -1.0599999 -11.7500000 -7.6234999
v -1.0455000 -11.9805002 -2.2314501
v -1.0928500 -11.6204996 -2.4561000
v -1.0108500 -11.2869997 10.3024998
v -0.9903000 -10.9560003 9.8605003
v -1.0828500 -11.5574999 -7.3864999
v -1.0911500 -10.9340000 -6.2620001
v -1.1013000 -10.5360003 -5.1750002
v -1.1276000 -10.4069996 -4.1633501
v -1.1115500 -10.6470003 -3.2616999
v -1.0111500 -9.2075005 7.9664998
v -0.9896500 -8.8929996 7.5244999
v -0.9993500 -10.2515001 9.1610003
v -1.0154999 -7.1389999 5.6120000
v -1.0056000 -6.8309999 5.1754999
v -1.0030000 -8.1730003 6.8049998
v -1.0378000 -4.9737501 3.2816999
v -1.0727500 -4.7934499 3.0626500
v -1.0276500 -6.0900002 4.4590001
v -1.0843000 -3.6902001 2.1384001
v -1.1149499 -2.8142500 1.4379500
v -1.0666500 -1.9948000 1.0343000
v -1.1330000 -0.9225500 0.4773450
v -1.1588500 0.9030500 0.4661300
v -1.1368500 1.9906000 1.0205500
v -1.0647000 2.8153999 1.4460500
v -1.1073999 3.6852500 2.1298001
v -1.0494500 4.8148999 3.0850000
v -1.0417500 4.9671001 3.2743001
v -1.0202500 6.0854998 4.4540000
v -1.0138500 6.8360000 5.1820002
v -1.0135500 7.1395001 5.6125002
v -0.9924500 8.1715002 6.8024998
v -1.0077000 8.8920002 7.5244999
v -1.0668000 11.5629997 -7.3924999
v -1.0941499 11.7405005 -7.6145000
v -1.0911500 10.9340000 -6.2620001
v -1.1013000 10.5360003 -5.1750002
v -1.1284000 10.4069996 -4.1651001
v -1.1284000 10.6485004 -3.2551000
v -1.0513500 11.6280003 -2.4548500
v -1.0090500 9.2095003 7.9685001
v -0.9898000 10.2515001 9.1599998
v -1.0091000 10.9534998 9.8594999
v -1.0559000 13.0830002 -9.7139997
v -1.0727000 12.2705002 -8.5550003
v -1.0686001 11.9770002 -2.2313499
v -1.0520500 13.4989996 -1.7565000
v -0.9992000 11.2869997 10.3009996
v -1.0444000 15.5100002 -1.3901000
v -1.0416501 17.5510006 -1.1683500
v -3.1136501 -17.5454998 -1.1124500
v -3.1215999 -15.5050001 -1.2939500
v -3.1403000 -13.4665003 -1.5784000
v -3.1924500 -12.6730003 -9.7174997
v -3.2072501 -11.8350000 -8.5465002
v -3.1911500 -11.7309999 -8.3395004
v -2.3059499 -11.4954996 -2.2269001
v -3.1960001 -11.4324999 -2.0778999
v -3.0320001 -11.0000000 10.2985001
v -2.9976001 -10.9650002 10.2349997
v -3.2445500 -10.9910002 -7.3845000
v -3.2550001 -10.3280001 -6.2600002
v -3.2576499 -9.8734999 -5.1694999
v -3.0675499 -9.7325001 -4.1623001
v -3.3686500 -9.6595001 -4.2907000
v -3.4261000 -9.6245003 -3.7063501
v -3.2586501 -9.8120003 -3.1766500
v -3.2684500 -11.1064997 -2.1378000
v -3.0131500 -8.9195004 7.9650002
v -2.9918001 -8.8999996 7.9239998
v -2.9981501 -9.9355001 9.1555004
v -3.4317000 -9.5305004 -4.0866499
v -3.0186501 -6.9145002 5.6020002
v -3.0079501 -6.8255000 5.4460001
v -2.9965999 -7.8699999 6.7919998
v -3.0973001 -5.0634999 3.2153001
v -3.1558499 -4.7466502 2.6722000
v -3.0337000 -5.9365001 4.4114499
v -2.3174500 -2.8499999 0.9818000
v -3.2709000 -3.3646500 0.9109000
v -3.3743000 -2.8066001 0.2980750
v -3.2232499 -4.2329998 2.0450499
v -2.4447000 -0.9566000 -0.1487500
v -3.3519001 -1.9318000 -0.2082000
v -3.3622000 -0.9438500 -0.6191500
v -3.3610499 0.9941000 -0.6110500
v -2.4394000 0.9681500 -0.1443200
v -3.3416500 1.9335500 -0.2004450
v -3.3698499 2.8021500 0.2980750
v -2.3023000 2.8129499 0.9645000
v -3.2744999 3.3604000 0.9044000
v -3.2402000 4.2195001 2.0156500
v -3.1617000 4.7722502 2.7031500
v -3.0955501 5.0625000 3.2132001
v -3.0319500 5.9305000 4.4027500
v -3.0441501 6.8284998 5.4565001
v -3.0625000 9.7344999 -4.0739999
v -3.4339499 9.5275002 -4.1582499
v -3.4148500 9.6265001 -4.3031001
v -3.2711000 9.7224998 -3.7086000
v -3.0139999 6.9130001 5.5990000
v -2.9933000 7.8674998 6.7880001
v -3.0264499 8.8950005 7.9264998
v -3.2419000 10.9910002 -7.3825002
v -3.2341499 11.7110004 -8.3299999
v -3.2562001 10.3280001 -6.2614999
v -3.2449999 9.8809996 -5.1815000
v -3.2975500 9.7705002 -3.2108500
v -2.3395500 11.5915003 -2.1705000
v -3.2860501 11.0834999 -2.1454000
v -3.1903999 11.4420004 -2.0768001
v -3.0084500 8.9204998 7.9650002
v -2.9944000 9.9340000 9.1525002
v -3.0255499 10.9584999 10.2344999
v -3.1924500 12.6730003 -9.7174997
v -3.1980500 11.8424997 -8.5539999
v -3.1514499 13.4694996 -1.5765500
v -3.0254500 10.9945002 10.2900000
v -3.1224501 15.4949999 -1.2950500
v -3.1141000 17.5429993 -1.1126500
v -3.6573501 -17.5265007 -1.0870000
v -5.1754999 -16.2029991 -1.0865500
v -5.1975002 -15.4870005 -1.1346999
v -5.1785002 -17.5214996 -1.0176001
v -5.2375002 -13.4385004 -1.2925500
v -3.5487499 -11.6864996 -8.5295000
v -5.3575001 -11.6625004 -9.4685001
v -5.2979999 -11.8660002 -9.7259998
v -5.2900000 -11.3725004 -1.5082500
v -3.2256999 -10.9499998 10.3094997
v -5.3550000 -10.7930002 -8.5314999
v -5.3635001 -9.8929996 -7.3885002
v -4.5014000 -9.6274996 -6.2414999
v -5.4200001 -9.5924997 -6.9400001
v -3.6431999 -9.6304998 -5.1269999
v -3.6171501 -9.5640001 -3.1248000
v -4.7283001 -9.4720001 -2.0849500
v -5.3420000 -9.3564997 -1.8010499
v -3.0901000 -8.9014997 7.9720001
v -5.0095000 -9.2865000 9.1394997
v -4.9899998 -8.9165001 8.6324997
v -5.0110002 -10.3739996 10.3269997
v -5.4445000 -8.8915005 -6.2094998
v -5.4625001 -8.0874996 -5.1020002
v -5.4844999 -7.5349998 -4.0718002
v -5.4575000 -7.5149999 -4.0957499
v -5.2659998 -7.4450002 -3.0605500
v -5.6149998 -7.3400002 -1.9475501
v -5.5444999 -7.4225001 -2.0305500
v -3.3709500 -6.8130002 5.5869999
v -5.0035000 -7.2290001 6.7655001
v -4.9801002 -6.8369999 6.1345000
v -4.9886498 -8.2320004 7.9650002
v -5.5840001 -7.2440000 -3.9593501
v -5.6174998 -6.4340000 -2.8796999
v -5.4974999 -4.8867502 -0.4453750
v -5.5925002 -5.0229998 -0.5882500
v -5.5929999 -4.9215002 -1.5916500
v -5.5830002 -4.9092498 -0.0574950
v -5.2430000 -4.6849499 1.9141500
v -5.1669998 -4.6527500 1.7568500
v -5.3724999 -4.7013502 1.6352500
v -5.0995002 -4.9640999 3.1027999
v -5.0009999 -5.5200000 4.3266501
v -4.9899502 -6.3230000 5.5764999
v -5.0159998 -2.9532001 -1.4844000
v -5.6090002 -5.0054998 -1.6153001
v -5.5475001 -3.0206001 -2.0888000
v -4.0355000 -2.9055500 -0.2655750
v -5.4074998 -4.6931500 0.7311000
v -5.5005002 -0.9860500 -2.3610001
v -4.3455000 -0.9745000 -1.3910500
v -5.4790001 1.0094000 -2.3385999
v -4.3504500 0.9514000 -1.3996500
v -5.5219998 3.0147500 -2.0578001
v -5.0295000 2.9362500 -1.5137500
v -4.0397501 2.9019499 -0.2720950
v -5.5590000 5.0314999 -1.4970000
v -5.6294999 5.0174999 -1.5899000
v -5.4940000 4.8832502 -0.4419550
v -5.4109998 4.6966500 0.7345000
v -5.4990001 4.7950001 -0.0462090
v -5.2170000 4.7350001 2.0323999
v -5.2765002 4.6646500 1.6370000
v -5.4375000 7.5390000 -4.0963001
v -5.5974998 7.2224998 -3.9751501
v -5.5110002 7.5070000 -4.0748501
v -5.2665000 7.4464998 -3.0551000
v -5.6275001 6.4140000 -2.9537001
v -5.6025000 7.3680000 -1.9599500
v -5.5060000 4.9639502 -0.7872000
v -5.2069998 4.6572499 1.7278000
v -5.0770001 4.9656000 3.0989499
v -4.9993501 5.5260000 4.3381500
v -3.3589499 6.8350000 5.6100001
v -4.9846001 6.3245001 5.5755000
v -5.0130000 6.8220000 6.1320000
v -4.4791002 9.6435003 -6.2430000
v -5.4464998 8.9064999 -6.2305002
v -5.4359999 9.5699997 -6.9299998
v -3.6377001 9.6289997 -5.1139998
v -5.4540000 8.0860004 -5.0865002
v -3.6271999 9.5804996 -3.0697999
v -4.7367001 9.4785004 -2.0717499
v -5.3755002 7.3690000 -2.1996000
v -5.3274999 9.3395004 -1.8102000
v -5.0015001 7.2284999 6.7639999
v -3.0789001 8.9125004 7.9794998
v -4.9864001 8.2325001 7.9645000
v -5.0095000 8.9075003 8.6320000
v -3.5378499 11.6870003 -8.5240002
v -5.3555002 10.7954998 -8.5354996
v -5.3555002 11.6599998 -9.4645004
v -5.3525000 9.9014997 -7.3920002
v -5.2560000 11.3909998 -1.5148500
v -5.0079999 9.2865000 9.1385002
v -3.2284999 10.9700003 10.3330002
v -5.0105000 10.3739996 10.3264999
v -5.2979999 11.8649998 -9.7250004
v -5.2090001 13.4324999 -1.2976000
v -5.1845002 15.4809999 -1.1363500
v -5.1815000 16.2019997 -1.0862499
v -3.6593499 17.5294991 -1.0867000
v -5.1774998 17.5205002 -1.0177000
v -5.7290001 -15.4650002 -1.0858999
v -7.2430000 -15.4549999 -0.9602500
v -7.2335000 -17.5139999 -0.9032000
v -6.6750002 -13.4029999 -1.0841000
v -7.2600002 -13.3879995 -1.0123000
v -5.6494999 -11.6674995 -9.7259998
v -7.0400000 -11.3395004 -1.0776000
v -7.2849998 -11.3120003 -1.0304500
v -7.4724998 -9.5570002 -8.8334999
v -7.0200000 -9.5699997 -8.5279999
v -7.4540000 -10.3760004 -9.7095003
v -5.7725000 -9.5600004 -7.3629999
v -6.9759998 -9.2725000 -1.0378500
v -7.3299999 -9.2040005 -0.9270500
v -5.7624998 -8.9204998 9.1389999
v -7.0300002 -9.3380003 10.3105001
v -7.0044999 -8.9394999 9.8070002
v -7.5054998 -9.0889997 -8.5129995
v -7.5075002 -7.8065000 -7.3610001
v -7.5219998 -7.4695001 -6.9945002
v -6.7595000 -7.4499998 -6.1995001
v -5.9899998 -7.4184999 -5.0644999
v -5.5644999 -7.2049999 -2.0669501
v -6.5155001 -7.0390000 -0.8777000
v -7.3455000 -7.0365000 -0.4492550
v -5.7470002 -6.8470001 6.7564998
v -7.0114999 -7.1015000 7.9429998
v -6.9854999 -6.8695002 7.5749998
v -6.9800000 -8.2060003 9.1365004
v -7.5650001 -6.1444998 -6.1849999
v -7.5749998 -5.3140001 -5.5475001
v -7.0860000 -5.3039999 -5.0114999
v -6.3800001 -5.2930002 -3.9086499
v -5.9054999 -5.1945000 -2.7795501
v -5.6520000 -5.1269999 -1.7726001
v -5.4974999 -4.8014498 0.3250500
v -7.3175001 -5.7859998 0.2568750
v -7.2069998 -4.7680502 1.4624500
v -6.1180000 -4.6766500 3.0026000
v -7.0714998 -4.6792002 1.7188500
v -6.8744998 -4.7102499 4.2758999
v -6.9935002 -5.2100000 5.5235000
v -6.9180002 -4.7751002 4.4075499
v -6.9464998 -6.0854998 6.7395000
v -7.5984998 -3.5714500 -5.0015001
v -7.5865002 -3.1684999 -4.8172998
v -6.7385001 -3.1427500 -3.8238499
v -5.9000001 -3.0791500 -2.6670499
v -6.9670000 -4.4208999 2.8217499
v -6.8740001 -4.6981502 4.1905999
v -7.5809999 -1.0532000 -4.5159502
v -6.8204999 -1.0312001 -3.7763000
v -5.7059999 -1.0210000 -2.6006501
v -7.5755000 1.0449500 -4.5095501
v -6.8169999 1.0432500 -3.7729001
v -5.7230000 1.0223500 -2.6203001
v -7.5834999 3.1322999 -4.8067002
v -6.7284999 3.1361499 -3.8095500
v -5.9204998 3.0921500 -2.7016499
v -7.0844998 5.3095002 -5.0124998
v -7.5770001 3.5834501 -4.9784498
v -7.5900002 5.2810001 -5.5500002
v -6.3734999 5.2715001 -3.8824999
v -5.9145002 5.2145000 -2.8172500
v -5.6475000 5.0869999 -1.8016000
v -5.4784999 4.7027998 0.5698000
v -6.9654999 4.4202499 2.8272500
v -6.1380000 4.6666498 2.9286499
v -7.0434999 4.6914501 1.7064000
v -6.8959999 4.6964002 4.2601500
v -6.8759999 4.6893501 4.1272001
v -6.9320002 4.7701502 4.4201498
v -6.7525001 7.4559999 -6.1964998
v -7.5520000 6.1539998 -6.1760001
v -7.5314999 7.4615002 -6.9980001
v -5.9800000 7.4375000 -5.0660000
v -5.6224999 7.1865001 -1.9683000
v -6.4994998 7.0774999 -0.9151500
v -7.3484998 7.0634999 -0.4575950
v -7.3870001 5.7895002 0.2850750
v -7.2255001 4.7101002 1.5611500
v -6.9745002 5.2199998 5.5225000
v -5.7375002 6.8600001 6.7655001
v -6.9654999 6.0755000 6.7449999
v -6.9670000 6.8740001 7.5665002
v -7.0000000 9.5874996 -8.5295000
v -7.5015001 9.1025000 -8.5209999
v -7.4775000 9.5489998 -8.8304996
v -5.7645001 9.5714998 -7.3674998
v -7.4980001 7.8080001 -7.3525000
v -7.0079999 9.2390003 -1.0200500
v -7.3160000 9.1920004 -0.9288500
v -6.9940000 7.1110001 7.9419999
v -5.7519999 8.9344997 9.1479998
v -6.9920001 8.1999998 9.1389999
v -6.9924998 8.9440002 9.8035002
v -5.6469998 11.6529999 -9.7065001
v -7.4549999 10.3734999 -9.7069998
v -7.0850000 11.3439999 -1.0659000
v -7.2930002 11.3055000 -1.0289500
v -7.0289998 9.3374996 10.3094997
v -6.6995001 13.4125004 -1.0800000
v -7.2659998 13.3865004 -1.0116000
v -5.7410002 15.4680004 -1.0846000
v -7.2465000 15.4534998 -0.9600000
v -7.2375002 17.5100002 -0.9030500
v -9.2954998 -17.5060005 -0.7889000
v -9.3020000 -15.4414997 -0.7975500
v -9.3160000 -13.3734999 -0.7782000
v -9.3325005 -11.2930002 -0.6974500
v -8.3525000 -9.5395002 -9.7065001
v -9.3415003 -9.1875000 -0.4880050
v -7.5730000 -8.9654999 10.3129997
v -9.5764999 -7.4305000 -9.1645002
v -8.8474998 -7.4210000 -8.5089998
v -9.5740004 -8.0764999 -9.6995001
v -7.8074999 -7.4000001 -7.3509998
v -9.3254995 -7.0819998 -0.0340200
v -7.2505002 -6.9089999 7.9380002
v -8.5815001 -6.9004998 9.1269999
v -9.0094995 -7.7550001 10.3085003
v -8.9735003 -6.9330001 9.4399996
v -9.6090002 -6.1190000 -8.5080004
v -9.6129999 -5.3039999 -7.9870000
v -8.9359999 -5.3055000 -7.3295002
v -7.9840002 -5.2905002 -6.1760001
v -9.2570000 -6.5390000 0.1386200
v -7.1285000 -4.7498498 1.4989001
v -9.1730003 -4.9519000 0.8989000
v -7.4169998 -4.8402500 5.5060000
v -8.2760000 -4.8441501 6.7199998
v -8.9740000 -5.1910000 7.9270000
v -8.9075003 -4.9116998 7.4594998
v -8.9504995 -6.5050001 9.1204996
v -9.6280003 -3.3148000 -7.3220000
v -9.6295004 -3.1846499 -7.2674999
v -8.6134996 -3.1798501 -6.1490002
v -7.6900001 -3.1578000 -4.9863000
v -9.0574999 -4.0818501 1.4444500
v -8.9650002 -2.9056499 2.7575500
v -8.8125000 -2.7413499 4.1712999
v -8.9049997 -2.7503500 3.5453000
v -8.9099998 -3.0358500 5.4604998
v -8.8065004 -2.9090500 4.5040002
v -8.9014997 -3.9888501 6.6999998
v -9.6365004 -1.0692000 -6.8600001
v -8.9145002 -1.0558000 -6.1360002
v -7.9105000 -1.0433500 -4.9764500
v -8.7969999 -2.7255001 4.0730000
v -9.6374998 1.0511000 -6.8600001
v -8.9134998 1.0584500 -6.1355000
v -7.9130001 1.0599999 -4.9802499
v -9.6344995 3.1500001 -7.2649999
v -8.6169996 3.1742001 -6.1515002
v -7.6960001 3.1695499 -4.9970002
v -8.7950001 2.7305501 4.1613002
v -8.8100004 2.7445500 4.1774502
v -8.8070002 2.9053500 3.5430501
v -8.8789997 2.7856500 4.5138502
v -8.9355001 5.3074999 -7.3299999
v -9.6169996 3.3260000 -7.3144999
v -9.6215000 5.2845001 -7.9879999
v -7.9844999 5.2925000 -6.1774998
v -9.0509996 4.0734000 1.4576499
v -7.1820002 4.9187498 1.3298000
v -9.1899996 4.9664998 0.8897500
v -8.9490004 2.8956001 2.8125000
v -8.8920002 3.0671501 5.4759998
v -7.4080000 4.8274999 5.4695001
v -8.2744999 4.8476000 6.7220001
v -8.8859997 4.0111499 6.6980000
v -8.9495001 4.8625002 7.4650002
v -8.8444996 7.4225001 -8.5070000
v -9.5950003 6.1294999 -8.4989996
v -9.5819998 7.4289999 -9.1695004
v -7.7985001 7.4180002 -7.3525000
v -9.2904997 6.5064998 0.1564050
v -9.3374996 7.0960002 -0.0357960
v -8.9565001 5.2119999 7.9295001
v -7.2414999 6.9074998 7.9270000
v -8.5760002 6.9089999 9.1304998
v -8.9434996 6.5050001 9.1129999
v -8.9755001 6.9359999 9.4449997
v -8.3555002 9.5314999 -9.7025003
v -9.5790005 8.0725002 -9.7014999
v -9.3330002 9.1964998 -0.4905450
v -8.9899998 7.7570000 10.2934999
v -7.5730000 8.9589996 10.3065004
v -9.3254995 11.2934999 -0.6984000
v -9.3120003 13.3725004 -0.7786000
v -9.3000002 15.4405003 -0.7977000
v -9.2930002 17.4995003 -0.7890500
v -11.3490000 -17.4969997 -0.6884000
v -11.3525000 -15.4324999 -0.6658500
v -11.3584995 -13.3629999 -0.6100500
v -11.3614998 -11.2854996 -0.4971100
v -11.3540001 -9.1969995 -0.2914950
v -10.0384998 -7.3814998 -9.6894999
v -11.3350000 -7.1269999 0.0433205
v -9.7329998 -6.9654999 10.2989998
v -10.0115004 -5.2845001 -8.5080004
v -11.0799999 -5.2830000 -9.6730003
v -11.3074999 -6.8375001 0.0988600
v -11.2744999 -5.0044999 0.5548500
v -9.1545000 -4.9308000 7.9054999
v -10.0935001 -4.9380002 9.1125002
v -10.9989996 -5.1774998 10.3000002
v -10.9685001 -4.9720998 10.0754995
v -11.6969995 -3.4686501 -9.6905003
v -11.6820002 -3.1788499 -9.5620003
v -10.6615000 -3.1782999 -8.4914999
v -9.6770000 -3.1633000 -7.3295002
v -10.5465002 -2.9080000 1.3916000
v -11.2145004 -2.9804499 1.1260000
v -8.9984999 -2.9177999 2.7056999
v -8.9659996 -2.9188001 5.4184999
v -9.4844999 -2.9214499 6.6810002
v -10.1999998 -2.9319000 7.9095001
v -10.9160004 -2.9853001 8.8815002
v -10.9604998 -3.1912999 9.1175003
v -11.6914997 -1.0685500 -9.1875000
v -10.9870005 -1.0594500 -8.4860001
v -9.9764996 -1.0477000 -7.3280001
v -11.1514997 -2.1410000 1.3025000
v -11.0264997 -0.9659500 1.6617000
v -9.8970003 -0.9472500 2.6206501
v -9.4309998 -0.9312500 4.0718999
v -9.5754995 -0.9575000 5.4134998
v -10.0340004 -0.9676500 6.6795001
v -10.7110004 -0.9759500 7.9074998
v -10.8975000 -0.9988500 8.1429996
v -11.6940002 1.0497500 -9.1885004
v -10.9870005 1.0587000 -8.4860001
v -9.9750004 1.0654500 -7.3274999
v -11.0190001 1.0075001 1.6629000
v -9.8760004 0.9438000 2.6484499
v -9.4294996 0.9300000 4.0997000
v -9.5760002 0.9701000 5.4215002
v -10.0349998 0.9642500 6.6799998
v -10.7104998 0.9594000 7.9029999
v -10.9069996 0.9647000 8.1514997
v -11.6885004 3.1508999 -9.5625000
v -10.6650000 3.1754000 -8.4949999
v -9.6770000 3.1766000 -7.3330002
v -11.0555000 2.1073999 1.3589500
v -10.5695000 2.8903999 1.3839999
v -11.2049999 2.9860499 1.1271000
v -9.0400000 2.8789001 2.6714499
v -8.9595003 2.9382999 5.4200001
v -9.4884996 2.9258001 6.6925001
v -10.2060003 2.9282501 7.9169998
v -10.9359999 2.9423001 8.8909998
v -11.6770000 3.4658501 -9.6669998
v -11.0799999 5.2835002 -9.6735001
v -10.0120001 5.2859998 -8.5089998
v -11.2559996 5.0384998 0.5482000
v -9.1455002 4.9418001 7.9020000
v -10.9600000 3.2021999 9.1230001
v -10.0985003 4.9338498 9.1155005
v -10.9829998 4.9426498 10.0734997
v -10.0389996 7.3829999 -9.6905003
v -11.3030005 6.7919998 0.1105750
v -11.3415003 7.1190000 0.0448440
v -10.9794998 5.1739998 10.2740002
v -9.7305002 6.9640002 10.2950001
v -11.3535004 9.2040005 -0.2924500
v -11.3590002 11.2880001 -0.4975000
v -11.3559999 13.3634996 -0.6102500
v -11.3509998 15.4324999 -0.6659500
v -11.3465004 17.4930000 -0.6885000
v -13.4020004 -17.4920006 -0.6069500
v -13.4029999 -15.4285002 -0.5679000
v -13.4040003 -13.3605003 -0.4990450
v -13.4014997 -11.2889996 -0.3867650
v -13.3915005 -9.2135000 -0.2163450
v -13.3765001 -7.1520000 0.0181935
v -13.3614998 -6.5535002 0.0923600
v -13.3260002 -5.0570002 0.3154550
v -11.0860004 -4.9962001 10.2740002
v -11.7939997 -3.1444499 -9.7014999
v -13.2980003 -3.0361500 0.5982500
v -11.0369997 -2.9691999 9.1005001
v -11.8745003 -2.9840000 10.2825003
v -12.0830002 -1.0480000 -9.6975002
v -11.6234999 -1.0132999 1.2980000
v -13.2714996 -0.9984000 0.7842500
v -11.4340000 -0.9778500 9.0944996
v -12.2650003 -1.0029000 10.2860003
v -12.0830002 1.0596499 -9.6990004
v -13.2655001 1.0068001 0.7852500
v -11.6265001 0.9902000 1.2981000
v -11.4300003 1.0011500 9.0920000
v -12.2674999 0.9757500 10.2860003
v -11.7995005 3.1510000 -9.7100000
v -13.2950001 3.0250001 0.6001000
v -11.0295000 2.9859500 9.0965004
v -11.8774996 2.9729500 10.2819996
v -13.3319998 5.0850000 0.3104250
v -11.0865002 4.9960999 10.2749996
v -13.3525000 6.5289998 0.0964900
v -13.3780003 7.1459999 0.0188780
v -13.3924999 9.2174997 -0.2167200
v -13.4010000 11.2910004 -0.3869450
v -13.4029999 13.3614998 -0.4991400
v -13.4020004 15.4289999 -0.5679500
v -13.3994999 17.4899998 -0.6070000
v -15.4554996 -17.4895000 -0.5448500
v -15.4549999 -15.4274998 -0.4996200
v -15.4540005 -13.3620005 -0.4309550
v -15.4499998 -11.2950001 -0.3323450
v -15.4405003 -9.2275000 -0.1996450
v -15.4270000 -7.1690001 -0.0365875
v -15.4174995 -5.6450000 0.0905550
v -15.3955002 -5.0964999 0.1440750
v -15.3774996 -3.0548501 0.3043000
v -15.3704996 -1.0195000 0.4001750
v -15.3725004 1.0144000 0.4000450
v -15.3874998 3.0540500 0.3031800
v -15.4014997 5.1094999 0.1424000
v -15.4145002 5.6329999 0.0918900
v -15.4285002 7.1650000 -0.0363300
v -15.4420004 9.2294998 -0.1997950
v -15.4499998 11.2965002 -0.3324300
v -15.4534998 13.3629999 -0.4310050
v -15.4545002 15.4280005 -0.4996450
v -15.4534998 17.4890003 -0.5448500
v -17.5109997 -17.4890003 -0.4997600
v -17.5105000 -15.4270000 -0.4545400
v -17.5079994 -13.3625002 -0.3921700
v -17.5030003 -11.2980003 -0.3102650
v -17.4939995 -9.2340002 -0.2091650
v -17.4860001 -7.1780000 -0.0948800
v -16.1439991 -5.1190000 0.0899000
v -17.4785004 -5.1155000 0.0205040
v -17.4734993 -3.6107500 0.0894850
v -17.4545002 -3.0627999 0.1178850
v -17.4459991 -1.0249000 0.1740250
v -17.4489994 1.0172000 0.1738150
v -17.4570007 3.0623500 0.1176800
v -17.4705009 3.6087501 0.0897500
v -16.1450005 5.1125002 0.0902350
v -17.4794998 5.1164999 0.0203825
v -17.4899998 7.1739998 -0.0947450
v -17.5004997 9.2364998 -0.2093450
v -17.5070000 11.3009996 -0.3103600
v -17.5100002 13.3649998 -0.3922250
v -17.5109997 15.4289999 -0.4545850
v -17.5109997 17.4890003 -0.4997600
# 2312 vertices, 0 vertices normals

f 1 2 3
f 4 2 1
f 4 5 2
f 6 5 4
f 6 7 5
f 8 7 6
f 8 9 7
f 10 9 8
f 10 11 9
f 12 11 10
f 12 13 14
f 15 12 14
f 11 12 15
f 13 16 14
f 14 17 15
f 14 16 17
f 16 18 17
f 16 19 18
f 19 20 18
f 21 20 19
f 21 22 20
f 23 22 21
f 23 24 22
f 25 24 23
f 26 27 28
f 28 24 26
f 24 29 26
f 24 25 29
f 27 26 30
f 31 27 30
f 32 27 31
f 29 30 26
f 31 33 32
f 34 33 31
f 34 35 33
f 36 35 34
f 36 37 35
f 38 37 36
f 38 39 37
f 40 39 38
f 40 41 39
f 42 41 40
f 43 4 1
f 44 4 43
f 44 6 4
f 45 6 44
f 45 8 6
f 46 8 45
f 46 10 8
f 47 10 46
f 47 12 10
f 48 12 47
f 13 12 48
f 13 48 49
f 49 50 13
f 13 50 16
f 50 19 16
f 51 19 50
f 51 21 19
f 52 21 51
f 52 23 21
f 53 23 52
f 53 25 23
f 54 25 53
f 54 29 25
f 55 29 54
f 31 30 56
f 31 56 57
f 55 56 29
f 29 56 30
f 57 34 31
f 58 34 57
f 58 36 34
f 59 36 58
f 59 38 36
f 60 38 59
f 60 40 38
f 61 40 60
f 61 42 40
f 62 42 61
f 63 44 43
f 64 44 63
f 64 45 44
f 65 45 64
f 65 46 45
f 66 46 65
f 66 47 46
f 67 47 66
f 67 48 47
f 68 48 67
f 49 48 68
f 49 68 69
f 69 70 49
f 49 70 50
f 71 72 73
f 74 75 76
f 70 51 50
f 77 51 70
f 78 79 80
f 73 72 78
f 72 79 78
f 72 81 79
f 74 76 82
f 74 82 83
f 77 84 85
f 52 77 85
f 51 77 52
f 84 86 85
f 80 79 87
f 87 79 88
f 81 88 79
f 81 89 88
f 83 82 90
f 83 90 91
f 92 53 52
f 92 52 85
f 85 86 92
f 92 86 93
f 87 88 94
f 94 88 95
f 89 95 88
f 89 96 95
f 91 90 97
f 91 97 98
f 53 92 99
f 100 53 99
f 54 53 100
f 93 99 92
f 94 95 101
f 101 95 102
f 96 102 95
f 96 103 102
f 104 98 97
f 100 55 54
f 105 55 100
f 102 106 101
f 106 102 107
f 102 108 107
f 102 103 108
f 57 56 109
f 57 109 110
f 105 109 55
f 55 109 56
f 108 111 107
f 110 58 57
f 112 58 110
f 112 59 58
f 113 59 112
f 113 60 59
f 114 60 113
f 114 61 60
f 115 61 114
f 115 62 61
f 116 62 115
f 117 64 63
f 118 64 117
f 118 65 64
f 119 65 118
f 119 66 65
f 120 66 119
f 120 67 66
f 121 67 120
f 122 123 124
f 121 68 67
f 125 68 121
f 126 127 128
f 129 130 122
f 124 129 122
f 131 129 124
f 132 130 129
f 69 68 125
f 69 125 133
f 133 134 69
f 69 134 70
f 135 136 137
f 136 135 138
f 138 135 139
f 71 73 127
f 127 73 128
f 73 138 128
f 138 139 128
f 74 140 75
f 140 131 75
f 140 129 131
f 141 142 132
f 129 141 132
f 140 141 129
f 143 142 141
f 134 144 145
f 77 134 145
f 70 134 77
f 145 144 146
f 146 144 147
f 147 148 146
f 149 150 151
f 150 149 152
f 152 149 153
f 137 136 153
f 136 152 153
f 136 154 152
f 138 78 80
f 154 138 80
f 136 138 154
f 73 78 138
f 83 155 74
f 74 155 140
f 155 141 140
f 156 141 155
f 143 141 156
f 143 156 157
f 145 84 77
f 158 86 84
f 145 158 84
f 146 158 145
f 159 160 148
f 160 146 148
f 160 158 146
f 151 150 159
f 150 160 159
f 150 161 160
f 152 161 150
f 152 162 161
f 154 162 152
f 154 163 162
f 87 163 154
f 87 154 80
f 91 164 83
f 83 164 155
f 164 156 155
f 165 156 164
f 157 156 165
f 157 165 166
f 167 93 86
f 167 86 158
f 160 167 158
f 160 168 167
f 161 168 160
f 161 169 168
f 162 169 161
f 162 170 169
f 163 170 162
f 163 171 170
f 94 171 163
f 94 163 87
f 98 172 91
f 91 172 164
f 172 165 164
f 173 165 172
f 166 165 173
f 166 173 174
f 175 100 99
f 175 99 93
f 167 175 93
f 176 175 167
f 177 176 178
f 176 168 178
f 176 167 168
f 178 168 179
f 168 180 179
f 168 169 180
f 170 180 169
f 170 181 180
f 171 181 170
f 171 182 181
f 101 182 171
f 101 171 94
f 104 183 98
f 183 172 98
f 183 184 172
f 184 185 186
f 173 184 186
f 172 184 173
f 186 174 173
f 100 175 187
f 188 100 187
f 105 100 188
f 176 189 175
f 175 189 187
f 177 189 176
f 180 190 179
f 181 191 180
f 180 191 190
f 191 181 192
f 181 193 192
f 181 182 193
f 182 101 106
f 194 182 106
f 193 182 194
f 107 194 106
f 195 196 197
f 184 195 197
f 183 195 184
f 197 185 184
f 110 109 198
f 110 198 199
f 188 198 105
f 105 198 109
f 193 200 192
f 194 201 193
f 193 201 200
f 202 203 111
f 111 203 107
f 203 201 107
f 201 194 107
f 204 196 195
f 199 112 110
f 205 112 199
f 202 206 203
f 205 113 112
f 207 113 205
f 207 114 113
f 208 114 207
f 208 115 114
f 209 115 208
f 209 116 115
f 210 116 209
f 211 118 117
f 212 118 211
f 212 119 118
f 213 119 212
f 213 120 119
f 214 120 213
f 215 216 217
f 214 121 120
f 218 121 214
f 219 220 221
f 222 223 215
f 222 215 217
f 122 222 217
f 123 122 217
f 223 222 224
f 223 224 225
f 226 225 224
f 218 125 121
f 227 125 218
f 228 229 230
f 229 228 231
f 231 228 232
f 126 128 220
f 220 128 221
f 128 231 221
f 231 232 221
f 130 222 122
f 132 233 130
f 233 222 130
f 233 224 222
f 234 235 226
f 224 234 226
f 233 234 224
f 236 235 234
f 133 125 227
f 133 227 237
f 134 133 238
f 133 239 238
f 133 237 239
f 239 240 238
f 241 242 243
f 242 241 244
f 244 241 245
f 135 137 229
f 229 137 230
f 137 244 230
f 244 245 230
f 231 139 135
f 231 135 229
f 128 139 231
f 142 233 132
f 143 246 142
f 246 233 142
f 246 234 233
f 247 248 236
f 234 247 236
f 246 247 234
f 249 248 247
f 238 144 134
f 144 238 240
f 250 144 240
f 147 144 250
f 148 147 251
f 147 252 251
f 147 250 252
f 149 151 242
f 242 151 243
f 151 251 243
f 251 252 243
f 244 153 149
f 244 149 242
f 137 153 244
f 157 253 143
f 143 253 246
f 253 247 246
f 254 247 253
f 249 247 254
f 249 254 255
f 251 159 148
f 151 159 251
f 166 256 157
f 157 256 253
f 256 254 253
f 257 254 256
f 255 254 257
f 255 257 258
f 174 259 166
f 166 259 256
f 259 257 256
f 260 257 259
f 258 257 260
f 258 260 261
f 262 177 178
f 179 262 178
f 185 263 186
f 186 263 174
f 263 259 174
f 263 264 259
f 264 265 266
f 260 264 266
f 259 264 260
f 266 261 260
f 267 188 187
f 268 269 267
f 187 268 267
f 189 268 187
f 262 270 177
f 270 189 177
f 270 268 189
f 271 272 190
f 190 272 179
f 272 270 179
f 270 262 179
f 271 190 191
f 271 191 273
f 192 273 191
f 196 274 197
f 197 274 185
f 274 263 185
f 274 275 263
f 275 276 277
f 264 275 277
f 263 275 264
f 277 265 264
f 199 198 278
f 199 278 279
f 267 280 188
f 280 198 188
f 280 278 198
f 269 280 267
f 271 281 272
f 273 282 271
f 271 282 281
f 283 284 200
f 200 284 192
f 284 282 192
f 282 273 192
f 283 200 201
f 283 201 285
f 203 285 201
f 286 287 288
f 288 287 204
f 287 274 204
f 274 196 204
f 289 275 274
f 289 274 287
f 289 276 275
f 279 205 199
f 290 205 279
f 283 291 284
f 285 292 283
f 283 292 291
f 293 294 206
f 206 294 203
f 294 292 203
f 292 285 203
f 295 286 288
f 290 207 205
f 296 207 290
f 293 297 294
f 296 208 207
f 298 208 296
f 298 209 208
f 299 209 298
f 299 210 209
f 300 210 299
f 301 302 303
f 301 212 302
f 212 304 302
f 212 211 304
f 301 303 305
f 301 305 306
f 306 213 301
f 301 213 212
f 307 308 309
f 306 305 310
f 306 310 311
f 311 214 306
f 306 214 213
f 312 313 307
f 312 307 309
f 215 312 309
f 216 215 309
f 313 312 314
f 313 314 315
f 316 315 314
f 311 310 317
f 311 317 318
f 318 218 311
f 311 218 214
f 319 320 321
f 320 319 221
f 319 219 221
f 319 322 219
f 223 312 215
f 225 314 223
f 223 314 312
f 323 324 316
f 323 316 314
f 226 323 314
f 225 226 314
f 324 323 325
f 324 325 326
f 327 326 325
f 328 329 330
f 318 317 329
f 328 318 329
f 331 318 328
f 331 227 318
f 318 227 218
f 332 333 334
f 333 332 230
f 332 228 230
f 332 335 228
f 335 321 320
f 232 335 320
f 228 335 232
f 221 232 320
f 235 323 226
f 236 336 235
f 336 323 235
f 336 325 323
f 337 338 327
f 325 337 327
f 336 337 325
f 338 337 339
f 338 339 340
f 328 330 340
f 339 328 340
f 341 328 339
f 341 342 343
f 331 341 343
f 328 341 331
f 344 345 237
f 344 237 227
f 343 344 227
f 331 343 227
f 346 347 345
f 347 237 345
f 347 239 237
f 240 239 348
f 239 349 348
f 239 347 349
f 348 349 350
f 350 349 351
f 350 351 243
f 351 241 243
f 351 352 241
f 352 334 333
f 245 352 333
f 241 352 245
f 230 245 333
f 248 336 236
f 249 353 248
f 353 336 248
f 353 337 336
f 353 339 337
f 354 339 353
f 354 355 356
f 341 354 356
f 339 354 341
f 356 342 341
f 357 345 344
f 357 346 345
f 348 250 240
f 350 252 250
f 350 250 348
f 243 252 350
f 255 358 249
f 249 358 353
f 358 354 353
f 359 354 358
f 355 354 359
f 355 359 360
f 258 361 255
f 255 361 358
f 361 359 358
f 362 359 361
f 360 359 362
f 360 362 363
f 261 364 258
f 258 364 361
f 364 362 361
f 365 362 364
f 363 362 365
f 363 365 366
f 265 367 266
f 266 367 261
f 367 364 261
f 367 368 364
f 368 365 364
f 369 365 368
f 370 371 366
f 365 370 366
f 369 370 365
f 372 371 370
f 373 374 375
f 376 374 373
f 377 269 268
f 377 268 270
f 377 270 378
f 272 378 270
f 276 379 277
f 277 379 265
f 379 367 265
f 379 380 367
f 380 381 382
f 368 380 382
f 367 380 368
f 383 369 368
f 383 368 382
f 369 383 384
f 385 369 384
f 370 369 385
f 386 387 372
f 370 386 372
f 385 386 370
f 279 278 373
f 279 373 375
f 386 279 375
f 387 386 375
f 373 278 376
f 278 388 376
f 278 280 388
f 377 389 269
f 389 280 269
f 389 388 280
f 378 390 377
f 377 390 389
f 272 281 378
f 281 390 378
f 281 391 390
f 282 392 393
f 391 282 393
f 281 282 391
f 284 392 282
f 286 394 287
f 287 394 289
f 289 394 395
f 396 397 395
f 395 397 289
f 397 379 289
f 379 276 289
f 398 380 379
f 398 379 397
f 398 381 380
f 399 385 384
f 385 399 400
f 401 385 400
f 386 385 401
f 401 290 386
f 386 290 279
f 392 402 393
f 284 291 392
f 291 402 392
f 291 403 402
f 292 404 405
f 403 292 405
f 291 292 403
f 294 404 292
f 406 407 408
f 408 407 295
f 407 394 295
f 394 286 295
f 409 395 394
f 409 394 407
f 409 396 395
f 401 400 410
f 401 410 411
f 411 296 401
f 401 296 290
f 404 412 405
f 294 297 404
f 297 412 404
f 297 413 412
f 414 406 408
f 411 410 415
f 411 415 416
f 416 298 411
f 411 298 296
f 416 415 417
f 416 417 418
f 418 299 416
f 416 299 298
f 419 418 417
f 419 420 418
f 420 299 418
f 420 300 299
f 303 302 421
f 422 303 421
f 423 303 422
f 302 304 421
f 423 305 303
f 424 305 423
f 308 307 425
f 426 308 425
f 427 308 426
f 428 426 425
f 424 310 305
f 429 310 424
f 430 431 432
f 313 425 307
f 425 313 428
f 313 433 428
f 313 315 433
f 315 316 434
f 435 315 434
f 433 315 435
f 435 434 436
f 435 436 437
f 438 437 436
f 439 440 441
f 440 439 442
f 440 442 443
f 442 317 443
f 317 429 443
f 317 310 429
f 444 445 446
f 445 444 321
f 444 319 321
f 444 447 319
f 447 432 431
f 322 447 431
f 319 447 322
f 324 434 316
f 326 436 324
f 324 436 434
f 448 449 438
f 448 438 436
f 327 448 436
f 326 327 436
f 439 441 449
f 448 439 449
f 450 439 448
f 329 442 330
f 442 450 330
f 442 439 450
f 329 317 442
f 451 452 453
f 452 451 334
f 451 332 334
f 451 454 332
f 454 446 445
f 335 454 445
f 332 454 335
f 321 335 445
f 338 448 327
f 340 450 338
f 338 450 448
f 340 330 450
f 342 455 343
f 455 344 343
f 346 456 347
f 457 458 456
f 458 347 456
f 458 349 347
f 458 351 349
f 458 459 351
f 459 453 452
f 352 459 452
f 351 459 352
f 334 352 452
f 355 460 356
f 356 460 342
f 460 455 342
f 460 461 455
f 462 357 344
f 461 462 344
f 455 461 344
f 462 461 463
f 464 456 346
f 357 464 346
f 462 464 357
f 464 457 456
f 360 465 355
f 355 465 460
f 465 466 467
f 461 465 467
f 460 465 461
f 467 463 461
f 363 468 360
f 360 468 465
f 466 465 468
f 466 468 469
f 366 470 363
f 363 470 468
f 471 472 469
f 468 471 469
f 470 471 468
f 473 472 471
f 371 470 366
f 372 474 371
f 474 470 371
f 474 471 470
f 471 474 375
f 475 471 375
f 374 475 375
f 473 471 475
f 374 376 476
f 477 374 476
f 475 374 477
f 478 477 476
f 381 479 382
f 382 479 383
f 383 479 480
f 480 384 383
f 387 474 372
f 387 375 474
f 388 476 376
f 476 388 478
f 388 481 478
f 388 389 481
f 390 481 389
f 482 481 390
f 391 483 484
f 482 391 484
f 390 391 482
f 393 483 391
f 396 485 397
f 397 485 398
f 398 485 486
f 487 488 486
f 486 488 398
f 488 479 398
f 479 381 398
f 479 488 489
f 490 479 489
f 480 479 490
f 384 480 399
f 480 491 399
f 480 490 491
f 491 400 399
f 483 492 484
f 393 402 483
f 402 492 483
f 402 493 492
f 403 494 495
f 493 403 495
f 402 403 493
f 405 494 403
f 406 496 407
f 497 498 496
f 498 407 496
f 498 409 407
f 499 485 396
f 409 499 396
f 498 499 409
f 500 486 485
f 500 485 499
f 500 487 486
f 501 490 489
f 502 491 490
f 502 490 501
f 502 503 491
f 503 400 491
f 503 410 400
f 494 504 495
f 405 412 494
f 412 504 494
f 412 505 504
f 413 506 507
f 505 413 507
f 412 413 505
f 508 496 406
f 414 508 406
f 509 508 414
f 508 497 496
f 503 415 410
f 510 415 503
f 506 511 507
f 510 417 415
f 512 417 510
f 513 514 419
f 417 513 419
f 512 513 417
f 514 420 419
f 515 423 422
f 516 423 515
f 516 424 423
f 517 424 516
f 426 518 427
f 519 518 426
f 520 519 426
f 520 426 428
f 521 522 523
f 521 429 522
f 429 517 522
f 429 424 517
f 430 432 524
f 524 432 525
f 428 433 520
f 520 433 526
f 435 526 433
f 527 526 435
f 437 527 435
f 528 527 437
f 437 438 529
f 530 437 529
f 528 437 530
f 530 529 441
f 440 530 441
f 531 530 440
f 523 531 521
f 531 443 521
f 531 440 443
f 443 429 521
f 444 446 532
f 532 446 533
f 532 447 444
f 532 534 447
f 534 525 432
f 534 432 447
f 449 529 438
f 449 441 529
f 451 453 535
f 535 453 536
f 535 454 451
f 535 537 454
f 537 533 446
f 537 446 454
f 458 457 538
f 538 457 539
f 538 459 458
f 538 540 459
f 540 536 453
f 540 453 459
f 463 541 462
f 542 543 541
f 543 462 541
f 543 464 462
f 543 539 457
f 543 457 464
f 466 544 467
f 545 546 544
f 544 546 467
f 546 541 467
f 541 463 467
f 546 542 541
f 469 547 466
f 466 547 544
f 545 544 547
f 545 547 548
f 472 547 469
f 549 550 548
f 549 548 547
f 473 549 547
f 472 473 547
f 551 550 549
f 475 549 473
f 549 475 551
f 475 552 551
f 475 477 552
f 553 552 477
f 553 477 478
f 478 481 553
f 553 481 554
f 482 554 481
f 555 554 482
f 556 555 482
f 556 482 484
f 487 557 488
f 557 489 488
f 484 492 556
f 556 492 558
f 493 558 492
f 559 558 493
f 560 559 493
f 560 493 495
f 498 497 561
f 561 497 562
f 561 499 498
f 561 563 499
f 563 500 499
f 563 564 500
f 565 557 487
f 500 565 487
f 564 565 500
f 501 489 557
f 565 501 557
f 566 501 565
f 567 502 568
f 502 566 568
f 502 501 566
f 567 503 502
f 495 504 560
f 560 504 569
f 505 569 504
f 570 569 505
f 571 570 505
f 571 505 507
f 572 508 509
f 572 573 508
f 573 562 497
f 573 497 508
f 574 567 568
f 574 575 567
f 575 503 567
f 575 510 503
f 507 511 571
f 571 511 576
f 575 512 510
f 577 512 575
f 577 513 512
f 578 513 577
f 579 516 515
f 580 516 579
f 580 517 516
f 581 517 580
f 519 582 518
f 583 582 519
f 584 583 519
f 584 519 520
f 523 522 585
f 523 585 586
f 581 585 517
f 517 585 522
f 524 525 587
f 587 525 588
f 520 526 584
f 584 526 589
f 527 589 526
f 590 589 527
f 528 590 527
f 591 590 528
f 530 591 528
f 592 591 530
f 531 592 530
f 593 592 531
f 586 593 523
f 523 593 531
f 532 533 594
f 594 533 595
f 594 534 532
f 594 596 534
f 596 588 525
f 596 525 534
f 535 536 597
f 597 536 598
f 597 537 535
f 597 599 537
f 599 595 533
f 599 533 537
f 538 539 600
f 600 539 601
f 600 540 538
f 600 602 540
f 602 598 536
f 602 536 540
f 543 542 603
f 603 542 604
f 603 601 539
f 603 539 543
f 546 545 605
f 605 545 606
f 605 604 542
f 605 542 546
f 548 606 545
f 548 607 606
f 548 550 607
f 607 550 608
f 609 608 550
f 609 550 551
f 551 552 609
f 609 552 610
f 611 610 552
f 611 552 553
f 553 554 611
f 611 554 612
f 555 612 554
f 613 612 555
f 614 613 555
f 614 555 556
f 556 558 614
f 614 558 615
f 559 615 558
f 616 615 559
f 617 616 559
f 617 559 560
f 561 562 618
f 618 562 619
f 618 563 561
f 618 620 563
f 620 564 563
f 620 621 564
f 621 565 564
f 621 622 565
f 622 566 565
f 622 623 566
f 623 624 566
f 566 624 568
f 560 569 617
f 617 569 625
f 570 625 569
f 626 625 570
f 627 626 570
f 627 570 571
f 628 573 572
f 628 629 573
f 629 619 562
f 629 562 573
f 574 568 624
f 574 624 630
f 630 631 574
f 574 631 575
f 571 576 627
f 627 576 632
f 631 577 575
f 633 577 631
f 633 578 577
f 634 578 633
f 635 580 579
f 636 580 635
f 636 581 580
f 637 581 636
f 583 638 582
f 639 638 583
f 640 639 583
f 640 583 584
f 641 586 585
f 585 581 641
f 581 642 641
f 581 637 642
f 587 588 643
f 643 588 644
f 584 589 640
f 640 589 645
f 590 645 589
f 646 645 590
f 591 646 590
f 647 646 591
f 592 648 649
f 647 592 649
f 591 592 647
f 650 651 648
f 592 650 648
f 593 650 592
f 641 652 586
f 652 593 586
f 652 650 593
f 642 652 641
f 594 595 653
f 653 595 654
f 653 596 594
f 653 655 596
f 655 644 588
f 655 588 596
f 648 656 649
f 651 656 648
f 597 598 657
f 657 598 658
f 657 599 597
f 657 659 599
f 659 654 595
f 659 595 599
f 600 601 660
f 660 601 661
f 660 602 600
f 660 662 602
f 662 658 598
f 662 598 602
f 663 664 665
f 664 663 604
f 663 603 604
f 663 666 603
f 666 661 601
f 666 601 603
f 667 668 669
f 605 606 664
f 664 606 665
f 606 668 665
f 668 667 665
f 604 605 664
f 669 668 670
f 670 668 671
f 607 671 668
f 607 668 606
f 671 672 670
f 673 674 608
f 608 674 607
f 674 672 607
f 672 671 607
f 609 673 608
f 673 675 674
f 609 610 673
f 610 675 673
f 610 676 675
f 677 676 610
f 677 610 611
f 611 612 677
f 677 612 678
f 613 678 612
f 679 678 613
f 680 679 613
f 680 613 614
f 681 682 683
f 681 684 682
f 614 615 680
f 680 615 685
f 616 685 615
f 686 685 616
f 687 686 616
f 687 616 617
f 618 619 688
f 688 619 689
f 688 620 618
f 688 690 620
f 690 621 620
f 690 691 621
f 691 683 682
f 622 691 682
f 621 691 622
f 622 682 684
f 692 622 684
f 623 622 692
f 624 623 693
f 623 694 693
f 623 692 694
f 694 695 693
f 617 625 687
f 687 625 696
f 626 696 625
f 697 696 626
f 698 697 626
f 698 626 627
f 699 629 628
f 699 700 629
f 700 689 619
f 700 619 629
f 693 630 624
f 693 695 630
f 695 631 630
f 695 701 631
f 627 632 698
f 698 632 702
f 701 633 631
f 703 633 701
f 703 634 633
f 704 634 703
f 635 705 706
f 707 635 706
f 636 635 707
f 708 706 705
f 707 637 636
f 709 637 707
f 639 710 711
f 712 639 711
f 638 639 712
f 640 710 639
f 709 642 637
f 713 642 709
f 644 714 643
f 710 715 711
f 640 645 710
f 645 715 710
f 645 716 715
f 646 717 718
f 716 646 718
f 645 646 716
f 717 646 647
f 717 647 719
f 649 719 647
f 720 651 650
f 720 650 652
f 720 652 721
f 652 642 721
f 642 722 721
f 642 713 722
f 654 723 653
f 724 725 723
f 725 653 723
f 725 655 653
f 726 714 644
f 655 726 644
f 725 726 655
f 717 727 718
f 719 728 717
f 717 728 727
f 729 730 656
f 656 730 649
f 730 728 649
f 728 719 649
f 729 656 651
f 720 729 651
f 731 729 720
f 732 731 733
f 731 721 733
f 731 720 721
f 722 733 721
f 658 734 657
f 735 736 734
f 736 657 734
f 736 659 657
f 737 723 654
f 659 737 654
f 736 737 659
f 737 724 723
f 729 738 730
f 731 739 729
f 729 739 738
f 732 739 731
f 740 741 742
f 740 743 741
f 744 745 746
f 745 744 661
f 744 660 661
f 744 747 660
f 747 662 660
f 747 748 662
f 749 734 658
f 662 749 658
f 748 749 662
f 749 735 734
f 750 751 752
f 742 741 750
f 741 751 750
f 741 753 751
f 753 741 665
f 741 754 665
f 754 663 665
f 741 743 754
f 754 746 745
f 666 754 745
f 663 754 666
f 661 666 745
f 752 751 755
f 755 751 756
f 753 667 669
f 756 753 669
f 751 753 756
f 665 667 753
f 755 756 757
f 757 756 758
f 670 758 756
f 670 756 669
f 757 758 759
f 759 758 760
f 758 670 672
f 761 758 672
f 760 758 761
f 674 761 672
f 760 762 759
f 762 760 763
f 760 764 763
f 760 761 764
f 675 765 674
f 765 764 674
f 764 761 674
f 764 765 766
f 676 767 768
f 765 676 768
f 675 676 765
f 677 767 676
f 769 770 771
f 770 769 772
f 772 769 773
f 773 774 772
f 764 775 763
f 766 775 764
f 767 776 768
f 677 678 767
f 678 776 767
f 678 777 776
f 679 777 678
f 778 777 679
f 679 680 779
f 780 679 779
f 778 679 780
f 781 780 779
f 782 783 784
f 783 782 785
f 785 782 786
f 681 683 770
f 770 683 771
f 683 785 771
f 785 786 771
f 787 684 681
f 770 787 681
f 772 787 770
f 788 789 774
f 789 772 774
f 789 787 772
f 788 790 789
f 685 779 680
f 779 685 781
f 685 791 781
f 685 686 791
f 686 687 792
f 793 686 792
f 791 686 793
f 794 793 792
f 795 796 797
f 796 795 689
f 795 688 689
f 795 798 688
f 798 784 783
f 690 798 783
f 688 798 690
f 785 691 690
f 785 690 783
f 683 691 785
f 787 692 684
f 789 694 692
f 789 692 787
f 789 790 694
f 790 695 694
f 790 799 695
f 696 792 687
f 792 696 794
f 696 800 794
f 696 697 800
f 697 698 801
f 802 697 801
f 800 697 802
f 803 797 796
f 700 803 796
f 699 803 700
f 689 700 796
f 799 701 695
f 804 701 799
f 702 801 698
f 804 703 701
f 805 703 804
f 805 806 807
f 704 805 807
f 703 805 704
f 806 808 807
f 809 707 706
f 706 708 809
f 708 810 809
f 708 811 810
f 812 709 707
f 812 707 809
f 809 810 812
f 812 810 813
f 711 814 712
f 815 713 709
f 815 709 812
f 812 813 815
f 815 813 816
f 817 818 715
f 715 818 711
f 818 819 711
f 819 814 711
f 817 715 716
f 817 716 820
f 718 820 716
f 821 722 713
f 821 713 815
f 815 816 821
f 821 816 822
f 724 823 725
f 824 825 823
f 825 725 823
f 825 726 725
f 817 826 818
f 820 827 817
f 817 827 826
f 828 829 727
f 727 829 718
f 829 827 718
f 827 820 718
f 828 727 728
f 828 728 830
f 730 830 728
f 831 732 733
f 831 733 722
f 821 831 722
f 832 831 821
f 821 822 832
f 832 822 833
f 735 834 736
f 835 836 834
f 836 736 834
f 836 737 736
f 837 823 724
f 737 837 724
f 836 837 737
f 837 824 823
f 828 838 829
f 838 828 839
f 828 840 839
f 828 830 840
f 830 730 738
f 841 830 738
f 840 830 841
f 841 738 739
f 841 739 842
f 842 739 732
f 831 842 732
f 843 842 831
f 832 740 742
f 843 832 742
f 831 832 843
f 844 845 833
f 833 845 832
f 845 743 832
f 743 740 832
f 845 844 746
f 844 744 746
f 844 846 744
f 847 747 848
f 747 846 848
f 747 744 846
f 747 847 748
f 748 847 849
f 850 851 849
f 851 748 849
f 851 749 748
f 852 834 735
f 749 852 735
f 851 852 749
f 852 835 834
f 840 853 839
f 853 840 854
f 840 855 854
f 840 841 855
f 842 855 841
f 842 856 855
f 843 750 752
f 856 843 752
f 842 843 856
f 742 750 843
f 845 754 743
f 746 754 845
f 857 847 848
f 858 849 847
f 858 847 857
f 858 850 849
f 854 855 859
f 859 855 860
f 856 860 855
f 856 861 860
f 755 861 856
f 755 856 752
f 859 860 862
f 862 860 863
f 861 863 860
f 861 864 863
f 757 864 861
f 757 861 755
f 862 863 865
f 865 863 866
f 864 866 863
f 864 867 866
f 759 867 864
f 759 864 757
f 868 869 870
f 865 866 868
f 866 869 868
f 866 871 869
f 867 871 866
f 867 872 871
f 867 759 762
f 873 867 762
f 872 867 873
f 763 873 762
f 874 766 765
f 768 874 765
f 875 876 877
f 876 875 878
f 876 878 879
f 880 879 878
f 881 882 883
f 870 869 881
f 869 882 881
f 869 884 882
f 871 769 771
f 884 871 771
f 869 871 884
f 872 773 769
f 872 769 871
f 885 774 773
f 872 885 773
f 873 885 872
f 873 763 775
f 886 873 775
f 885 873 886
f 887 888 886
f 887 886 775
f 874 887 775
f 766 874 775
f 768 776 874
f 776 887 874
f 776 889 887
f 877 889 875
f 889 777 875
f 889 776 777
f 778 878 777
f 777 878 875
f 878 778 880
f 778 890 880
f 778 780 890
f 780 781 891
f 892 780 891
f 890 780 892
f 893 892 891
f 894 895 896
f 895 894 897
f 897 894 898
f 782 784 882
f 882 784 883
f 784 897 883
f 897 898 883
f 884 786 782
f 884 782 882
f 771 786 884
f 885 788 774
f 899 790 788
f 885 899 788
f 886 899 885
f 886 888 899
f 899 888 900
f 791 891 781
f 891 791 893
f 791 901 893
f 791 793 901
f 793 794 902
f 903 793 902
f 901 793 903
f 904 903 902
f 795 797 895
f 895 797 896
f 797 905 896
f 905 906 896
f 897 798 795
f 897 795 895
f 784 798 897
f 907 799 790
f 907 790 899
f 899 900 907
f 907 900 908
f 800 902 794
f 902 800 904
f 800 909 904
f 800 802 909
f 797 803 905
f 910 804 799
f 910 799 907
f 907 908 910
f 910 908 911
f 912 805 804
f 912 804 910
f 910 911 912
f 912 911 913
f 912 806 805
f 912 913 806
f 913 808 806
f 913 914 808
f 915 810 811
f 916 810 915
f 916 813 810
f 917 813 916
f 917 816 813
f 918 816 917
f 818 919 819
f 918 822 816
f 920 822 918
f 824 921 825
f 922 923 826
f 826 923 818
f 923 924 818
f 924 919 818
f 922 826 827
f 922 827 925
f 829 925 827
f 920 833 822
f 926 833 920
f 835 927 836
f 836 927 837
f 837 927 928
f 929 930 928
f 928 930 837
f 930 921 837
f 921 824 837
f 922 931 923
f 931 922 932
f 922 933 932
f 922 925 933
f 925 829 838
f 934 925 838
f 933 925 934
f 839 934 838
f 844 833 926
f 844 926 935
f 936 846 937
f 846 935 937
f 846 844 935
f 936 848 846
f 850 938 851
f 851 938 852
f 852 938 939
f 940 941 939
f 939 941 852
f 941 927 852
f 927 835 852
f 942 928 927
f 942 927 941
f 942 929 928
f 933 943 932
f 943 933 944
f 933 945 944
f 933 934 945
f 934 839 853
f 946 934 853
f 945 934 946
f 854 946 853
f 947 936 937
f 857 848 936
f 947 857 936
f 948 857 947
f 949 858 950
f 858 948 950
f 858 857 948
f 951 952 949
f 949 952 858
f 952 938 858
f 938 850 858
f 953 939 938
f 953 938 952
f 953 940 939
f 944 945 954
f 954 945 955
f 946 955 945
f 946 956 955
f 859 956 946
f 859 946 854
f 957 949 950
f 957 951 949
f 954 955 958
f 958 955 959
f 956 959 955
f 956 960 959
f 862 960 956
f 862 956 859
f 958 959 961
f 961 959 962
f 960 962 959
f 960 963 962
f 865 963 960
f 865 960 862
f 964 965 966
f 967 965 964
f 968 969 970
f 961 962 968
f 962 969 968
f 962 971 969
f 963 868 870
f 971 963 870
f 962 963 971
f 865 868 963
f 972 973 974
f 973 972 877
f 876 973 877
f 975 973 876
f 966 975 964
f 975 879 964
f 975 876 879
f 976 977 967
f 976 967 964
f 880 976 964
f 879 880 964
f 977 976 978
f 977 978 979
f 980 979 978
f 981 982 983
f 970 969 981
f 969 982 981
f 969 984 982
f 971 881 883
f 984 971 883
f 969 971 984
f 870 881 971
f 888 887 985
f 888 985 986
f 974 985 972
f 985 889 972
f 985 887 889
f 889 877 972
f 890 976 880
f 892 978 890
f 890 978 976
f 987 988 980
f 987 980 978
f 893 987 978
f 892 893 978
f 988 987 989
f 988 989 990
f 991 990 989
f 894 896 982
f 982 896 983
f 896 992 983
f 992 993 983
f 984 898 894
f 984 894 982
f 883 898 984
f 986 900 888
f 994 900 986
f 901 987 893
f 903 989 901
f 901 989 987
f 995 996 991
f 995 991 989
f 904 995 989
f 903 904 989
f 896 906 992
f 994 908 900
f 997 908 994
f 909 995 904
f 997 911 908
f 998 911 997
f 998 913 911
f 999 913 998
f 999 914 913
f 1000 914 999
f 1001 916 915
f 1002 916 1001
f 1002 917 916
f 1003 917 1002
f 1003 918 917
f 1004 918 1003
f 1004 920 918
f 1005 920 1004
f 923 1006 924
f 1005 926 920
f 1007 926 1005
f 929 1008 930
f 1006 923 931
f 1009 1006 931
f 1010 1006 1009
f 932 1009 931
f 935 926 1007
f 935 1007 1011
f 1011 1012 935
f 935 1012 937
f 940 1013 941
f 941 1013 942
f 942 1013 1014
f 1015 1016 1014
f 1014 1016 942
f 1016 1008 942
f 1008 929 942
f 1017 1010 1018
f 1010 1019 1018
f 1010 1009 1019
f 1009 932 943
f 1020 1009 943
f 1019 1009 1020
f 944 1020 943
f 1021 1022 947
f 937 1021 947
f 1012 1021 937
f 947 1022 948
f 948 1022 1023
f 1023 950 948
f 951 1024 952
f 952 1024 953
f 953 1024 1025
f 953 1025 940
f 1025 1013 940
f 1025 1026 1013
f 1026 1027 1028
f 1014 1026 1028
f 1013 1026 1014
f 1028 1015 1014
f 1018 1019 1029
f 1029 1019 1030
f 1020 1030 1019
f 1020 1031 1030
f 954 1031 1020
f 954 1020 944
f 1032 1022 1021
f 1022 1032 1033
f 1034 1022 1033
f 1023 1022 1034
f 950 1023 957
f 1023 1035 957
f 1023 1034 1035
f 957 1035 951
f 1035 1024 951
f 1035 1036 1024
f 1036 1025 1024
f 1037 1025 1036
f 1037 1026 1025
f 1038 1026 1037
f 1027 1026 1038
f 1027 1038 1039
f 1029 1030 1040
f 1040 1030 1041
f 1031 1041 1030
f 1031 1042 1041
f 958 1042 1031
f 958 1031 954
f 1034 1033 1043
f 1034 1043 1044
f 1044 1035 1034
f 1045 1035 1044
f 1045 1036 1035
f 1046 1036 1045
f 1046 1037 1036
f 1047 1037 1046
f 1047 1038 1037
f 1048 1038 1047
f 1039 1038 1048
f 1039 1048 1049
f 1040 1041 1050
f 1050 1041 1051
f 1042 1051 1041
f 1042 1052 1051
f 961 1052 1042
f 961 1042 958
f 1053 1054 1055
f 1044 1043 1054
f 1053 1044 1054
f 1056 1044 1053
f 965 1045 966
f 1045 1056 966
f 1045 1044 1056
f 967 1057 965
f 1057 1045 965
f 1057 1046 1045
f 1057 1047 1046
f 1058 1047 1057
f 1058 1048 1047
f 1059 1048 1058
f 1049 1048 1059
f 1049 1059 1060
f 1050 1051 1061
f 1051 1062 1061
f 1051 1063 1062
f 1052 968 970
f 1063 1052 970
f 1051 1052 1063
f 961 968 1052
f 974 973 1053
f 1055 974 1053
f 1064 974 1055
f 975 1056 973
f 973 1056 1053
f 975 966 1056
f 977 1057 967
f 979 1058 977
f 977 1058 1057
f 980 1065 979
f 1065 1058 979
f 1065 1059 1058
f 1066 1067 1060
f 1059 1066 1060
f 1065 1066 1059
f 1068 1067 1066
f 1063 981 983
f 1069 1063 983
f 1062 1063 1069
f 970 981 1063
f 986 985 1070
f 986 1070 1071
f 1064 1070 974
f 974 1070 985
f 988 1065 980
f 990 1066 988
f 988 1066 1065
f 1072 1073 1068
f 1072 1068 1066
f 991 1072 1066
f 990 991 1066
f 983 993 1069
f 1071 994 986
f 1074 994 1071
f 996 1072 991
f 1074 997 994
f 1075 997 1074
f 1075 998 997
f 1076 998 1075
f 1076 999 998
f 1077 999 1076
f 1077 1000 999
f 1078 1000 1077
f 1079 1002 1001
f 1080 1002 1079
f 1080 1003 1002
f 1081 1003 1080
f 1081 1004 1003
f 1082 1004 1081
f 1082 1005 1004
f 1083 1005 1082
f 1083 1007 1005
f 1084 1007 1083
f 1011 1007 1084
f 1011 1084 1085
f 1085 1086 1011
f 1011 1086 1012
f 1015 1087 1016
f 1018 1088 1017
f 1086 1021 1012
f 1089 1021 1086
f 1027 1090 1028
f 1028 1090 1015
f 1090 1087 1015
f 1090 1091 1087
f 1029 1092 1088
f 1029 1088 1018
f 1093 1094 1032
f 1021 1093 1032
f 1089 1093 1021
f 1094 1033 1032
f 1039 1095 1027
f 1027 1095 1090
f 1095 1091 1090
f 1096 1091 1095
f 1040 1097 1092
f 1040 1092 1029
f 1094 1093 1098
f 1094 1098 1099
f 1099 1043 1094
f 1094 1043 1033
f 1049 1100 1039
f 1039 1100 1095
f 1100 1096 1095
f 1101 1096 1100
f 1050 1102 1097
f 1050 1097 1040
f 1055 1054 1099
f 1098 1055 1099
f 1103 1055 1098
f 1054 1043 1099
f 1060 1104 1049
f 1049 1104 1100
f 1104 1101 1100
f 1105 1101 1104
f 1050 1061 1102
f 1103 1064 1055
f 1106 1064 1103
f 1067 1104 1060
f 1068 1107 1067
f 1107 1104 1067
f 1107 1105 1104
f 1071 1070 1108
f 1071 1108 1109
f 1106 1108 1064
f 1064 1108 1070
f 1073 1107 1068
f 1109 1074 1071
f 1110 1074 1109
f 1110 1075 1074
f 1111 1075 1110
f 1111 1076 1075
f 1112 1076 1111
f 1112 1077 1076
f 1113 1077 1112
f 1113 1078 1077
f 1114 1078 1113
f 1115 1080 1079
f 1116 1080 1115
f 1116 1081 1080
f 1117 1081 1116
f 1117 1082 1081
f 1118 1082 1117
f 1118 1083 1082
f 1119 1083 1118
f 1119 1084 1083
f 1120 1084 1119
f 1085 1084 1120
f 1085 1120 1121
f 1121 1122 1085
f 1085 1122 1086
f 1122 1089 1086
f 1123 1089 1122
f 1123 1093 1089
f 1124 1093 1123
f 1124 1098 1093
f 1125 1098 1124
f 1125 1103 1098
f 1126 1103 1125
f 1126 1106 1103
f 1127 1106 1126
f 1109 1108 1128
f 1109 1128 1129
f 1127 1128 1106
f 1106 1128 1108
f 1129 1110 1109
f 1130 1110 1129
f 1130 1111 1110
f 1131 1111 1130
f 1131 1112 1111
f 1132 1112 1131
f 1132 1113 1112
f 1133 1113 1132
f 1133 1114 1113
f 1134 1114 1133
f 1135 1116 1115
f 1136 1116 1135
f 1136 1117 1116
f 1137 1117 1136
f 1137 1118 1117
f 1138 1118 1137
f 1138 1119 1118
f 1139 1119 1138
f 1139 1120 1119
f 1140 1120 1139
f 1141 1142 1121
f 1120 1141 1121
f 1140 1141 1120
f 1142 1122 1121
f 1143 1142 1141
f 1143 1144 1142
f 1144 1122 1142
f 1144 1123 1122
f 1144 1124 1123
f 1145 1124 1144
f 1145 1125 1124
f 1146 1125 1145
f 1146 1126 1125
f 1147 1126 1146
f 1148 1149 1150
f 1148 1127 1149
f 1127 1147 1149
f 1127 1126 1147
f 1129 1128 1148
f 1150 1129 1148
f 1151 1129 1150
f 1128 1127 1148
f 1151 1130 1129
f 1152 1130 1151
f 1152 1131 1130
f 1153 1131 1152
f 1153 1132 1131
f 1154 1132 1153
f 1154 1133 1132
f 1155 1133 1154
f 1155 1134 1133
f 1156 1134 1155
f 1157 1158 1159
f 1157 1160 1158
f 1161 1160 1157
f 1161 1162 1160
f 1163 1162 1161
f 1163 1164 1162
f 1165 1164 1163
f 1165 1166 1164
f 1167 1166 1165
f 1167 1168 1166
f 1169 1168 1170
f 1168 1171 1170
f 1168 1167 1171
f 1172 1169 1170
f 1173 1170 1171
f 1172 1170 1173
f 1174 1172 1173
f 1175 1172 1174
f 1176 1175 1174
f 1176 1177 1175
f 1178 1177 1176
f 1178 1179 1177
f 1180 1179 1178
f 1180 1181 1179
f 1182 1183 1184
f 1180 1184 1183
f 1185 1180 1183
f 1181 1180 1185
f 1183 1182 1186
f 1182 1187 1186
f 1182 1188 1187
f 1186 1185 1183
f 1189 1187 1188
f 1189 1190 1187
f 1191 1190 1189
f 1191 1192 1190
f 1193 1192 1191
f 1193 1194 1192
f 1195 1194 1193
f 1195 1196 1194
f 1197 1196 1195
f 1197 1198 1196
f 1160 1199 1158
f 1160 1200 1199
f 1162 1200 1160
f 1162 1201 1200
f 1164 1201 1162
f 1164 1202 1201
f 1166 1202 1164
f 1166 1203 1202
f 1168 1203 1166
f 1168 1204 1203
f 1168 1169 1204
f 1204 1169 1205
f 1206 1205 1169
f 1206 1169 1172
f 1175 1206 1172
f 1175 1207 1206
f 1177 1207 1175
f 1177 1208 1207
f 1179 1208 1177
f 1179 1209 1208
f 1181 1209 1179
f 1181 1210 1209
f 1185 1210 1181
f 1185 1211 1210
f 1186 1187 1212
f 1212 1187 1213
f 1212 1211 1185
f 1212 1185 1186
f 1190 1213 1187
f 1190 1214 1213
f 1192 1214 1190
f 1192 1215 1214
f 1194 1215 1192
f 1194 1216 1215
f 1196 1216 1194
f 1196 1217 1216
f 1198 1217 1196
f 1198 1218 1217
f 1200 1219 1199
f 1200 1220 1219
f 1201 1220 1200
f 1201 1221 1220
f 1202 1221 1201
f 1202 1222 1221
f 1203 1222 1202
f 1203 1223 1222
f 1204 1223 1203
f 1204 1224 1223
f 1204 1205 1224
f 1224 1205 1225
f 1226 1225 1205
f 1226 1205 1206
f 1227 1228 1229
f 1230 1231 1232
f 1207 1226 1206
f 1207 1233 1226
f 1234 1235 1236
f 1227 1229 1235
f 1234 1227 1235
f 1237 1227 1234
f 1232 1231 1238
f 1238 1231 1239
f 1240 1233 1241
f 1233 1208 1241
f 1233 1207 1208
f 1242 1240 1241
f 1234 1236 1243
f 1234 1243 1244
f 1244 1237 1234
f 1245 1237 1244
f 1238 1239 1246
f 1246 1239 1247
f 1209 1248 1208
f 1208 1248 1241
f 1242 1241 1248
f 1242 1248 1249
f 1244 1243 1250
f 1244 1250 1251
f 1251 1245 1244
f 1252 1245 1251
f 1246 1247 1253
f 1253 1247 1254
f 1248 1209 1255
f 1209 1256 1255
f 1209 1210 1256
f 1255 1249 1248
f 1251 1250 1257
f 1251 1257 1258
f 1258 1252 1251
f 1259 1252 1258
f 1254 1260 1253
f 1211 1256 1210
f 1211 1261 1256
f 1262 1258 1257
f 1258 1262 1263
f 1264 1258 1263
f 1259 1258 1264
f 1212 1213 1265
f 1265 1213 1266
f 1265 1261 1211
f 1265 1211 1212
f 1267 1264 1263
f 1214 1266 1213
f 1214 1268 1266
f 1215 1268 1214
f 1215 1269 1268
f 1216 1269 1215
f 1216 1270 1269
f 1217 1270 1216
f 1217 1271 1270
f 1218 1271 1217
f 1218 1272 1271
f 1220 1273 1219
f 1220 1274 1273
f 1221 1274 1220
f 1221 1275 1274
f 1222 1275 1221
f 1222 1276 1275
f 1223 1276 1222
f 1223 1277 1276
f 1278 1279 1280
f 1224 1277 1223
f 1224 1281 1277
f 1282 1283 1284
f 1285 1286 1279
f 1286 1280 1279
f 1286 1287 1280
f 1285 1288 1286
f 1224 1225 1281
f 1281 1225 1289
f 1290 1289 1225
f 1290 1225 1226
f 1291 1292 1293
f 1292 1291 1294
f 1292 1294 1295
f 1229 1228 1282
f 1229 1282 1284
f 1294 1229 1284
f 1295 1294 1284
f 1296 1231 1230
f 1287 1296 1230
f 1286 1296 1287
f 1297 1298 1288
f 1298 1286 1288
f 1298 1296 1286
f 1297 1299 1298
f 1300 1290 1301
f 1290 1233 1301
f 1290 1226 1233
f 1300 1301 1302
f 1300 1302 1303
f 1304 1303 1302
f 1305 1306 1307
f 1306 1305 1308
f 1306 1308 1309
f 1291 1293 1309
f 1308 1291 1309
f 1310 1291 1308
f 1235 1294 1236
f 1294 1310 1236
f 1294 1291 1310
f 1235 1229 1294
f 1311 1239 1231
f 1311 1231 1296
f 1298 1311 1296
f 1298 1312 1311
f 1298 1299 1312
f 1312 1299 1313
f 1240 1301 1233
f 1242 1314 1240
f 1314 1301 1240
f 1314 1302 1301
f 1315 1316 1304
f 1302 1315 1304
f 1314 1315 1302
f 1305 1307 1316
f 1315 1305 1316
f 1317 1305 1315
f 1317 1308 1305
f 1318 1308 1317
f 1318 1310 1308
f 1319 1310 1318
f 1319 1243 1310
f 1310 1243 1236
f 1320 1247 1239
f 1320 1239 1311
f 1312 1320 1311
f 1312 1321 1320
f 1312 1313 1321
f 1321 1313 1322
f 1249 1323 1242
f 1242 1323 1314
f 1323 1315 1314
f 1324 1315 1323
f 1324 1317 1315
f 1325 1317 1324
f 1325 1318 1317
f 1326 1318 1325
f 1326 1319 1318
f 1327 1319 1326
f 1327 1250 1319
f 1319 1250 1243
f 1328 1254 1247
f 1328 1247 1320
f 1321 1328 1320
f 1321 1329 1328
f 1321 1322 1329
f 1329 1322 1330
f 1256 1331 1255
f 1255 1331 1249
f 1331 1323 1249
f 1331 1332 1323
f 1332 1333 1334
f 1324 1332 1334
f 1323 1332 1324
f 1324 1334 1335
f 1336 1324 1335
f 1325 1324 1336
f 1336 1326 1325
f 1337 1326 1336
f 1337 1327 1326
f 1338 1327 1337
f 1338 1257 1327
f 1327 1257 1250
f 1339 1260 1254
f 1328 1339 1254
f 1340 1339 1328
f 1341 1340 1342
f 1340 1329 1342
f 1340 1328 1329
f 1330 1342 1329
f 1331 1256 1343
f 1256 1344 1343
f 1256 1261 1344
f 1345 1332 1331
f 1345 1331 1343
f 1345 1333 1332
f 1346 1336 1335
f 1347 1337 1336
f 1347 1336 1346
f 1337 1347 1348
f 1349 1337 1348
f 1338 1337 1349
f 1257 1338 1262
f 1338 1350 1262
f 1338 1349 1350
f 1350 1263 1262
f 1351 1352 1353
f 1352 1340 1353
f 1352 1339 1340
f 1341 1353 1340
f 1265 1266 1354
f 1354 1266 1355
f 1354 1344 1261
f 1354 1261 1265
f 1356 1349 1348
f 1357 1350 1349
f 1357 1349 1356
f 1358 1359 1267
f 1358 1267 1263
f 1357 1358 1263
f 1350 1357 1263
f 1351 1360 1352
f 1268 1355 1266
f 1268 1361 1355
f 1362 1359 1358
f 1269 1361 1268
f 1269 1363 1361
f 1270 1363 1269
f 1270 1364 1363
f 1271 1364 1270
f 1271 1365 1364
f 1272 1365 1271
f 1272 1366 1365
f 1274 1367 1273
f 1274 1368 1367
f 1275 1368 1274
f 1275 1369 1368
f 1276 1369 1275
f 1276 1370 1369
f 1371 1372 1373
f 1277 1370 1276
f 1277 1374 1370
f 1375 1376 1377
f 1378 1379 1372
f 1372 1379 1373
f 1379 1279 1373
f 1279 1278 1373
f 1379 1378 1380
f 1380 1378 1381
f 1381 1382 1380
f 1281 1374 1277
f 1281 1383 1374
f 1384 1385 1386
f 1385 1384 1387
f 1385 1387 1388
f 1284 1283 1375
f 1284 1375 1377
f 1387 1284 1377
f 1388 1387 1377
f 1379 1285 1279
f 1389 1288 1285
f 1379 1389 1285
f 1380 1389 1379
f 1390 1391 1382
f 1391 1380 1382
f 1391 1389 1380
f 1390 1392 1391
f 1281 1289 1383
f 1383 1289 1393
f 1289 1290 1394
f 1395 1289 1394
f 1393 1289 1395
f 1396 1395 1394
f 1397 1398 1399
f 1398 1397 1400
f 1398 1400 1401
f 1293 1292 1384
f 1293 1384 1386
f 1400 1293 1386
f 1401 1400 1386
f 1295 1387 1292
f 1292 1387 1384
f 1295 1284 1387
f 1389 1297 1288
f 1402 1299 1297
f 1389 1402 1297
f 1391 1402 1389
f 1403 1404 1392
f 1404 1391 1392
f 1404 1402 1391
f 1403 1405 1404
f 1300 1394 1290
f 1394 1300 1396
f 1300 1406 1396
f 1300 1303 1406
f 1303 1304 1407
f 1408 1303 1407
f 1406 1303 1408
f 1307 1306 1397
f 1307 1397 1399
f 1407 1307 1399
f 1408 1407 1399
f 1309 1400 1306
f 1306 1400 1397
f 1309 1293 1400
f 1409 1313 1299
f 1409 1299 1402
f 1404 1409 1402
f 1404 1410 1409
f 1404 1405 1410
f 1410 1405 1411
f 1316 1407 1304
f 1316 1307 1407
f 1412 1322 1313
f 1412 1313 1409
f 1410 1412 1409
f 1410 1413 1412
f 1410 1411 1413
f 1413 1411 1414
f 1415 1330 1322
f 1415 1322 1412
f 1413 1415 1412
f 1413 1416 1415
f 1413 1414 1416
f 1416 1414 1417
f 1333 1418 1334
f 1418 1335 1334
f 1419 1341 1342
f 1419 1342 1330
f 1415 1419 1330
f 1420 1419 1415
f 1421 1420 1422
f 1420 1416 1422
f 1420 1415 1416
f 1417 1422 1416
f 1344 1423 1343
f 1424 1425 1423
f 1425 1343 1423
f 1425 1345 1343
f 1426 1418 1333
f 1345 1426 1333
f 1425 1426 1345
f 1427 1428 1346
f 1427 1346 1335
f 1426 1427 1335
f 1418 1426 1335
f 1346 1428 1347
f 1347 1428 1429
f 1429 1348 1347
f 1430 1351 1353
f 1430 1353 1341
f 1419 1430 1341
f 1431 1430 1419
f 1432 1431 1433
f 1431 1420 1433
f 1431 1419 1420
f 1421 1433 1420
f 1354 1355 1434
f 1434 1355 1435
f 1436 1423 1344
f 1354 1436 1344
f 1434 1436 1354
f 1436 1424 1423
f 1437 1428 1427
f 1438 1429 1428
f 1438 1428 1437
f 1439 1440 1356
f 1439 1356 1348
f 1438 1439 1348
f 1429 1438 1348
f 1356 1440 1357
f 1357 1440 1441
f 1441 1358 1357
f 1442 1443 1444
f 1442 1444 1360
f 1430 1442 1360
f 1351 1430 1360
f 1431 1445 1430
f 1430 1445 1442
f 1432 1445 1431
f 1361 1435 1355
f 1361 1446 1435
f 1447 1440 1439
f 1448 1441 1440
f 1448 1440 1447
f 1449 1450 1362
f 1449 1362 1358
f 1448 1449 1358
f 1441 1448 1358
f 1443 1451 1444
f 1363 1446 1361
f 1363 1452 1446
f 1453 1450 1449
f 1364 1452 1363
f 1364 1454 1452
f 1365 1454 1364
f 1365 1455 1454
f 1366 1455 1365
f 1366 1456 1455
f 1457 1458 1459
f 1368 1458 1457
f 1460 1368 1457
f 1367 1368 1460
f 1459 1458 1461
f 1461 1458 1462
f 1369 1462 1458
f 1369 1458 1368
f 1463 1464 1465
f 1461 1462 1466
f 1466 1462 1467
f 1370 1467 1462
f 1370 1462 1369
f 1468 1469 1464
f 1464 1469 1465
f 1469 1372 1465
f 1372 1371 1465
f 1469 1468 1470
f 1470 1468 1471
f 1471 1472 1470
f 1466 1467 1473
f 1473 1467 1474
f 1374 1474 1467
f 1374 1467 1370
f 1475 1476 1477
f 1476 1475 1377
f 1376 1476 1377
f 1478 1476 1376
f 1469 1378 1372
f 1470 1381 1378
f 1470 1378 1469
f 1479 1480 1472
f 1472 1480 1470
f 1480 1382 1470
f 1382 1381 1470
f 1480 1479 1481
f 1481 1479 1482
f 1482 1483 1481
f 1484 1485 1486
f 1473 1474 1484
f 1474 1485 1484
f 1474 1487 1485
f 1383 1487 1474
f 1383 1474 1374
f 1488 1489 1490
f 1489 1488 1386
f 1385 1489 1386
f 1491 1489 1385
f 1477 1491 1475
f 1491 1388 1475
f 1491 1385 1388
f 1388 1377 1475
f 1480 1390 1382
f 1492 1392 1390
f 1480 1492 1390
f 1481 1492 1480
f 1493 1494 1483
f 1494 1481 1483
f 1494 1492 1481
f 1494 1493 1495
f 1495 1493 1496
f 1486 1485 1496
f 1485 1495 1496
f 1485 1497 1495
f 1498 1497 1499
f 1497 1487 1499
f 1497 1485 1487
f 1500 1501 1393
f 1393 1501 1383
f 1501 1499 1383
f 1499 1487 1383
f 1502 1503 1500
f 1393 1502 1500
f 1395 1502 1393
f 1395 1396 1504
f 1505 1395 1504
f 1502 1395 1505
f 1505 1504 1506
f 1505 1506 1507
f 1507 1506 1399
f 1398 1507 1399
f 1508 1507 1398
f 1490 1508 1488
f 1508 1401 1488
f 1508 1398 1401
f 1401 1386 1488
f 1492 1403 1392
f 1509 1405 1403
f 1492 1509 1403
f 1494 1509 1492
f 1495 1509 1494
f 1495 1510 1509
f 1511 1510 1512
f 1510 1497 1512
f 1510 1495 1497
f 1498 1512 1497
f 1500 1513 1501
f 1503 1513 1500
f 1406 1504 1396
f 1408 1506 1406
f 1406 1506 1504
f 1408 1399 1506
f 1514 1411 1405
f 1514 1405 1509
f 1510 1514 1509
f 1510 1515 1514
f 1510 1511 1515
f 1515 1511 1516
f 1517 1414 1411
f 1517 1411 1514
f 1515 1517 1514
f 1515 1518 1517
f 1515 1516 1518
f 1518 1516 1519
f 1520 1417 1414
f 1520 1414 1517
f 1518 1520 1517
f 1518 1521 1520
f 1518 1519 1521
f 1521 1519 1522
f 1523 1421 1422
f 1523 1422 1417
f 1520 1523 1417
f 1524 1523 1520
f 1521 1524 1520
f 1521 1525 1524
f 1526 1527 1522
f 1527 1521 1522
f 1527 1525 1521
f 1526 1528 1527
f 1529 1530 1531
f 1529 1532 1530
f 1424 1533 1425
f 1425 1533 1426
f 1426 1533 1534
f 1534 1427 1426
f 1535 1432 1433
f 1535 1433 1421
f 1523 1535 1421
f 1536 1535 1523
f 1537 1536 1538
f 1536 1524 1538
f 1536 1523 1524
f 1525 1539 1524
f 1524 1539 1538
f 1539 1525 1540
f 1525 1541 1540
f 1525 1527 1541
f 1542 1543 1528
f 1543 1527 1528
f 1543 1541 1527
f 1434 1435 1530
f 1530 1435 1531
f 1435 1543 1531
f 1543 1542 1531
f 1434 1530 1532
f 1544 1434 1532
f 1436 1434 1544
f 1545 1533 1424
f 1436 1545 1424
f 1544 1545 1436
f 1546 1534 1533
f 1546 1533 1545
f 1437 1427 1534
f 1546 1437 1534
f 1547 1437 1546
f 1548 1438 1549
f 1438 1547 1549
f 1438 1437 1547
f 1548 1439 1438
f 1550 1443 1442
f 1550 1442 1445
f 1550 1445 1551
f 1552 1553 1551
f 1552 1551 1445
f 1535 1552 1445
f 1432 1535 1445
f 1536 1554 1535
f 1535 1554 1552
f 1537 1554 1536
f 1541 1555 1540
f 1555 1541 1556
f 1541 1557 1556
f 1541 1543 1557
f 1446 1557 1543
f 1446 1543 1435
f 1558 1548 1549
f 1447 1439 1548
f 1558 1447 1548
f 1559 1447 1558
f 1560 1448 1561
f 1448 1559 1561
f 1448 1447 1559
f 1560 1449 1448
f 1562 1563 1564
f 1562 1564 1451
f 1550 1562 1451
f 1443 1550 1451
f 1551 1565 1550
f 1550 1565 1562
f 1553 1565 1551
f 1556 1557 1566
f 1566 1557 1567
f 1452 1567 1557
f 1452 1557 1446
f 1568 1560 1561
f 1453 1449 1560
f 1568 1453 1560
f 1569 1453 1568
f 1563 1570 1564
f 1566 1567 1571
f 1571 1567 1572
f 1454 1572 1567
f 1454 1567 1452
f 1571 1572 1573
f 1573 1572 1574
f 1455 1574 1572
f 1455 1572 1454
f 1574 1575 1573
f 1576 1575 1574
f 1455 1576 1574
f 1456 1576 1455
f 1457 1459 1577
f 1459 1578 1577
f 1459 1579 1578
f 1460 1457 1577
f 1461 1579 1459
f 1461 1580 1579
f 1464 1463 1581
f 1463 1582 1581
f 1463 1583 1582
f 1582 1584 1581
f 1466 1580 1461
f 1466 1585 1580
f 1586 1587 1588
f 1581 1468 1464
f 1468 1581 1584
f 1589 1468 1584
f 1471 1468 1589
f 1472 1471 1590
f 1471 1591 1590
f 1471 1589 1591
f 1590 1591 1592
f 1592 1591 1593
f 1593 1594 1592
f 1595 1596 1597
f 1596 1595 1598
f 1598 1595 1599
f 1473 1598 1599
f 1585 1473 1599
f 1466 1473 1585
f 1600 1601 1602
f 1601 1600 1477
f 1476 1601 1477
f 1603 1601 1476
f 1588 1603 1586
f 1603 1478 1586
f 1603 1476 1478
f 1590 1479 1472
f 1592 1482 1479
f 1592 1479 1590
f 1604 1605 1594
f 1594 1605 1592
f 1605 1483 1592
f 1483 1482 1592
f 1597 1596 1604
f 1596 1605 1604
f 1596 1606 1605
f 1598 1484 1486
f 1606 1598 1486
f 1596 1598 1606
f 1473 1484 1598
f 1607 1608 1609
f 1608 1607 1490
f 1489 1608 1490
f 1610 1608 1489
f 1602 1610 1600
f 1610 1491 1600
f 1610 1489 1491
f 1491 1477 1600
f 1605 1493 1483
f 1606 1496 1493
f 1606 1493 1605
f 1486 1496 1606
f 1611 1498 1499
f 1501 1611 1499
f 1612 1503 1502
f 1613 1614 1612
f 1502 1613 1612
f 1505 1613 1502
f 1507 1613 1505
f 1615 1613 1507
f 1609 1615 1607
f 1615 1508 1607
f 1615 1507 1508
f 1508 1490 1607
f 1616 1511 1512
f 1616 1512 1498
f 1611 1616 1498
f 1617 1616 1611
f 1513 1618 1501
f 1618 1617 1501
f 1617 1611 1501
f 1617 1618 1619
f 1612 1620 1503
f 1620 1513 1503
f 1620 1618 1513
f 1614 1620 1612
f 1621 1516 1511
f 1621 1511 1616
f 1622 1621 1623
f 1621 1617 1623
f 1621 1616 1617
f 1619 1623 1617
f 1624 1519 1516
f 1624 1516 1621
f 1621 1622 1624
f 1624 1622 1625
f 1626 1522 1519
f 1626 1519 1624
f 1627 1628 1625
f 1628 1624 1625
f 1628 1626 1624
f 1627 1629 1628
f 1626 1526 1522
f 1630 1528 1526
f 1626 1630 1526
f 1628 1630 1626
f 1630 1628 1531
f 1628 1631 1531
f 1631 1529 1531
f 1628 1629 1631
f 1532 1529 1632
f 1529 1633 1632
f 1529 1631 1633
f 1633 1634 1632
f 1635 1537 1538
f 1635 1538 1539
f 1635 1539 1636
f 1540 1636 1539
f 1630 1542 1528
f 1531 1542 1630
f 1632 1544 1532
f 1544 1632 1634
f 1637 1544 1634
f 1545 1544 1637
f 1637 1546 1545
f 1637 1638 1546
f 1639 1547 1640
f 1547 1638 1640
f 1547 1546 1638
f 1639 1549 1547
f 1641 1553 1552
f 1641 1552 1554
f 1641 1554 1642
f 1643 1644 1642
f 1643 1642 1554
f 1635 1643 1554
f 1537 1635 1554
f 1643 1635 1645
f 1635 1646 1645
f 1635 1636 1646
f 1636 1540 1555
f 1647 1636 1555
f 1646 1636 1647
f 1556 1647 1555
f 1648 1639 1640
f 1558 1549 1639
f 1648 1558 1639
f 1649 1558 1648
f 1650 1559 1651
f 1559 1649 1651
f 1559 1558 1649
f 1650 1561 1559
f 1652 1563 1562
f 1653 1654 1652
f 1562 1653 1652
f 1565 1653 1562
f 1641 1655 1553
f 1655 1565 1553
f 1655 1653 1565
f 1642 1656 1641
f 1641 1656 1655
f 1644 1656 1642
f 1646 1657 1645
f 1647 1658 1646
f 1646 1658 1657
f 1659 1658 1647
f 1556 1659 1647
f 1566 1659 1556
f 1660 1650 1651
f 1568 1561 1650
f 1660 1568 1650
f 1661 1568 1660
f 1662 1569 1663
f 1569 1661 1663
f 1569 1568 1661
f 1652 1664 1563
f 1664 1570 1563
f 1664 1665 1570
f 1654 1664 1652
f 1571 1659 1566
f 1571 1666 1659
f 1667 1662 1663
f 1573 1666 1571
f 1573 1668 1666
f 1669 1670 1575
f 1670 1573 1575
f 1670 1668 1573
f 1576 1669 1575
f 1579 1671 1578
f 1579 1672 1671
f 1580 1672 1579
f 1580 1673 1672
f 1674 1582 1583
f 1674 1675 1582
f 1675 1676 1582
f 1582 1676 1584
f 1677 1678 1679
f 1585 1678 1677
f 1673 1585 1677
f 1580 1585 1673
f 1588 1587 1680
f 1588 1680 1681
f 1589 1584 1676
f 1589 1676 1682
f 1682 1591 1589
f 1682 1683 1591
f 1683 1593 1591
f 1683 1684 1593
f 1594 1593 1685
f 1593 1686 1685
f 1593 1684 1686
f 1685 1686 1597
f 1686 1595 1597
f 1686 1687 1595
f 1687 1679 1678
f 1599 1687 1678
f 1595 1687 1599
f 1585 1599 1678
f 1602 1601 1688
f 1602 1688 1689
f 1603 1688 1601
f 1690 1688 1603
f 1681 1690 1588
f 1588 1690 1603
f 1685 1604 1594
f 1597 1604 1685
f 1609 1608 1691
f 1609 1691 1692
f 1610 1691 1608
f 1693 1691 1610
f 1689 1693 1602
f 1602 1693 1610
f 1614 1613 1694
f 1614 1694 1695
f 1615 1694 1613
f 1696 1694 1615
f 1692 1696 1609
f 1609 1696 1615
f 1697 1619 1618
f 1698 1699 1697
f 1618 1698 1697
f 1620 1698 1618
f 1695 1698 1614
f 1614 1698 1620
f 1700 1622 1623
f 1701 1702 1700
f 1701 1700 1623
f 1697 1701 1623
f 1619 1697 1623
f 1699 1701 1697
f 1703 1625 1622
f 1703 1622 1700
f 1700 1702 1703
f 1703 1702 1704
f 1703 1627 1625
f 1705 1706 1704
f 1704 1706 1703
f 1706 1629 1703
f 1629 1627 1703
f 1705 1707 1706
f 1706 1631 1629
f 1631 1706 1707
f 1708 1631 1707
f 1633 1631 1708
f 1708 1709 1633
f 1633 1709 1634
f 1637 1634 1709
f 1637 1709 1710
f 1710 1638 1637
f 1710 1711 1638
f 1711 1712 1638
f 1638 1712 1640
f 1713 1644 1643
f 1645 1713 1643
f 1648 1640 1712
f 1648 1712 1714
f 1714 1649 1648
f 1714 1715 1649
f 1715 1716 1649
f 1649 1716 1651
f 1654 1653 1717
f 1654 1717 1718
f 1655 1717 1653
f 1719 1717 1655
f 1656 1719 1655
f 1720 1719 1656
f 1713 1721 1644
f 1721 1656 1644
f 1721 1720 1656
f 1645 1657 1713
f 1657 1721 1713
f 1657 1722 1721
f 1658 1723 1724
f 1722 1658 1724
f 1657 1658 1722
f 1659 1723 1658
f 1660 1651 1716
f 1660 1716 1725
f 1725 1661 1660
f 1725 1726 1661
f 1726 1727 1661
f 1661 1727 1663
f 1664 1728 1665
f 1729 1728 1664
f 1718 1729 1654
f 1654 1729 1664
f 1723 1730 1724
f 1731 1730 1723
f 1659 1731 1723
f 1666 1731 1659
f 1667 1663 1727
f 1667 1727 1732
f 1668 1731 1666
f 1668 1733 1731
f 1670 1733 1668
f 1670 1734 1733
f 1672 1735 1671
f 1672 1736 1735
f 1673 1736 1672
f 1673 1737 1736
f 1738 1675 1674
f 1738 1739 1675
f 1739 1740 1675
f 1675 1740 1676
f 1677 1679 1741
f 1741 1679 1742
f 1741 1737 1673
f 1741 1673 1677
f 1681 1680 1743
f 1681 1743 1744
f 1682 1676 1740
f 1682 1740 1745
f 1745 1683 1682
f 1745 1746 1683
f 1746 1684 1683
f 1746 1747 1684
f 1747 1686 1684
f 1747 1748 1686
f 1748 1687 1686
f 1748 1749 1687
f 1749 1742 1679
f 1749 1679 1687
f 1689 1688 1750
f 1689 1750 1751
f 1690 1750 1688
f 1752 1750 1690
f 1744 1752 1681
f 1681 1752 1690
f 1692 1691 1753
f 1692 1753 1754
f 1693 1753 1691
f 1755 1753 1693
f 1751 1755 1689
f 1689 1755 1693
f 1695 1694 1756
f 1695 1756 1757
f 1696 1756 1694
f 1758 1756 1696
f 1754 1758 1692
f 1692 1758 1696
f 1699 1698 1759
f 1699 1759 1760
f 1757 1759 1695
f 1695 1759 1698
f 1702 1701 1761
f 1702 1761 1762
f 1760 1761 1699
f 1699 1761 1701
f 1762 1704 1702
f 1763 1704 1762
f 1705 1704 1763
f 1705 1763 1764
f 1764 1765 1705
f 1705 1765 1707
f 1708 1707 1765
f 1708 1765 1766
f 1766 1767 1708
f 1708 1767 1709
f 1710 1709 1767
f 1710 1767 1768
f 1768 1711 1710
f 1768 1769 1711
f 1769 1770 1711
f 1711 1770 1712
f 1714 1712 1770
f 1714 1770 1771
f 1771 1715 1714
f 1771 1772 1715
f 1772 1773 1715
f 1715 1773 1716
f 1718 1717 1774
f 1718 1774 1775
f 1719 1774 1717
f 1776 1774 1719
f 1720 1776 1719
f 1777 1776 1720
f 1721 1777 1720
f 1778 1777 1721
f 1722 1778 1721
f 1779 1778 1722
f 1780 1779 1722
f 1780 1722 1724
f 1725 1716 1773
f 1725 1773 1781
f 1781 1726 1725
f 1781 1782 1726
f 1782 1783 1726
f 1726 1783 1727
f 1729 1784 1728
f 1785 1784 1729
f 1775 1785 1718
f 1718 1785 1729
f 1724 1730 1780
f 1780 1730 1786
f 1787 1786 1730
f 1787 1730 1731
f 1732 1727 1783
f 1732 1783 1788
f 1733 1787 1731
f 1733 1789 1787
f 1734 1789 1733
f 1734 1790 1789
f 1736 1791 1735
f 1736 1792 1791
f 1737 1792 1736
f 1737 1793 1792
f 1794 1739 1738
f 1794 1795 1739
f 1795 1796 1739
f 1739 1796 1740
f 1742 1797 1741
f 1737 1741 1797
f 1798 1737 1797
f 1793 1737 1798
f 1744 1743 1799
f 1744 1799 1800
f 1745 1740 1796
f 1745 1796 1801
f 1801 1746 1745
f 1801 1802 1746
f 1802 1747 1746
f 1802 1803 1747
f 1804 1748 1805
f 1748 1803 1805
f 1748 1747 1803
f 1806 1807 1804
f 1807 1748 1804
f 1807 1749 1748
f 1808 1797 1742
f 1749 1808 1742
f 1807 1808 1749
f 1808 1798 1797
f 1751 1750 1809
f 1751 1809 1810
f 1752 1809 1750
f 1811 1809 1752
f 1800 1811 1744
f 1744 1811 1752
f 1812 1804 1805
f 1812 1806 1804
f 1754 1753 1813
f 1754 1813 1814
f 1755 1813 1753
f 1815 1813 1755
f 1810 1815 1751
f 1751 1815 1755
f 1757 1756 1816
f 1757 1816 1817
f 1758 1816 1756
f 1818 1816 1758
f 1814 1818 1754
f 1754 1818 1758
f 1819 1820 1821
f 1820 1819 1760
f 1759 1820 1760
f 1822 1820 1759
f 1817 1822 1757
f 1757 1822 1759
f 1823 1824 1825
f 1762 1761 1819
f 1762 1819 1821
f 1823 1762 1821
f 1824 1823 1821
f 1761 1760 1819
f 1823 1825 1826
f 1823 1826 1827
f 1827 1763 1823
f 1823 1763 1762
f 1828 1827 1826
f 1829 1830 1764
f 1829 1764 1763
f 1828 1829 1763
f 1827 1828 1763
f 1830 1765 1764
f 1831 1830 1829
f 1766 1765 1830
f 1831 1766 1830
f 1832 1766 1831
f 1832 1833 1766
f 1766 1833 1767
f 1768 1767 1833
f 1768 1833 1834
f 1834 1769 1768
f 1834 1835 1769
f 1835 1836 1769
f 1769 1836 1770
f 1837 1838 1839
f 1840 1838 1837
f 1771 1770 1836
f 1771 1836 1841
f 1841 1772 1771
f 1841 1842 1772
f 1842 1843 1772
f 1772 1843 1773
f 1775 1774 1844
f 1775 1844 1845
f 1776 1844 1774
f 1846 1844 1776
f 1777 1846 1776
f 1847 1846 1777
f 1839 1847 1837
f 1847 1778 1837
f 1847 1777 1778
f 1837 1778 1840
f 1778 1848 1840
f 1778 1779 1848
f 1779 1780 1849
f 1850 1779 1849
f 1848 1779 1850
f 1851 1850 1849
f 1781 1773 1843
f 1781 1843 1852
f 1852 1782 1781
f 1852 1853 1782
f 1853 1854 1782
f 1782 1854 1783
f 1785 1855 1784
f 1856 1855 1785
f 1845 1856 1775
f 1775 1856 1785
f 1786 1849 1780
f 1851 1849 1786
f 1787 1851 1786
f 1857 1851 1787
f 1788 1783 1854
f 1788 1854 1858
f 1789 1857 1787
f 1789 1859 1857
f 1790 1859 1789
f 1790 1860 1859
f 1861 1791 1862
f 1791 1863 1862
f 1791 1792 1863
f 1862 1864 1861
f 1793 1863 1792
f 1793 1865 1863
f 1866 1795 1867
f 1795 1868 1867
f 1795 1794 1868
f 1866 1796 1795
f 1798 1865 1793
f 1798 1869 1865
f 1870 1800 1799
f 1871 1866 1867
f 1801 1796 1866
f 1871 1801 1866
f 1872 1801 1871
f 1873 1802 1874
f 1802 1872 1874
f 1802 1801 1872
f 1802 1873 1803
f 1803 1873 1875
f 1875 1805 1803
f 1806 1876 1807
f 1807 1876 1808
f 1808 1876 1877
f 1798 1808 1877
f 1878 1798 1877
f 1869 1798 1878
f 1879 1810 1809
f 1880 1881 1879
f 1809 1880 1879
f 1811 1880 1809
f 1870 1882 1800
f 1882 1811 1800
f 1882 1880 1811
f 1883 1873 1874
f 1884 1875 1873
f 1884 1873 1883
f 1885 1886 1812
f 1885 1812 1805
f 1884 1885 1805
f 1875 1884 1805
f 1812 1886 1806
f 1886 1876 1806
f 1886 1887 1876
f 1887 1888 1889
f 1877 1887 1889
f 1876 1887 1877
f 1889 1878 1877
f 1890 1814 1813
f 1891 1892 1890
f 1813 1891 1890
f 1815 1891 1813
f 1879 1893 1810
f 1893 1815 1810
f 1893 1891 1815
f 1881 1893 1879
f 1894 1886 1885
f 1895 1887 1886
f 1895 1886 1894
f 1895 1888 1887
f 1896 1897 1898
f 1899 1897 1896
f 1900 1901 1902
f 1901 1900 1817
f 1816 1901 1817
f 1903 1901 1816
f 1818 1903 1816
f 1904 1903 1818
f 1890 1905 1814
f 1905 1818 1814
f 1905 1904 1818
f 1892 1905 1890
f 1906 1907 1908
f 1896 1898 1907
f 1906 1896 1907
f 1909 1896 1906
f 1896 1909 1821
f 1910 1896 1821
f 1820 1910 1821
f 1899 1896 1910
f 1902 1910 1900
f 1910 1822 1900
f 1910 1820 1822
f 1822 1817 1900
f 1906 1908 1911
f 1906 1911 1912
f 1824 1909 1825
f 1909 1912 1825
f 1909 1906 1912
f 1824 1821 1909
f 1912 1911 1913
f 1912 1913 1914
f 1914 1826 1912
f 1912 1826 1825
f 1914 1913 1915
f 1914 1915 1916
f 1826 1914 1828
f 1914 1917 1828
f 1914 1916 1917
f 1917 1829 1828
f 1918 1916 1915
f 1916 1918 1919
f 1920 1916 1919
f 1917 1916 1920
f 1921 1831 1829
f 1920 1921 1829
f 1917 1920 1829
f 1921 1920 1922
f 1923 1832 1924
f 1832 1921 1924
f 1832 1831 1921
f 1923 1833 1832
f 1925 1926 1927
f 1926 1925 1928
f 1926 1928 1929
f 1930 1929 1928
f 1931 1920 1919
f 1931 1922 1920
f 1932 1923 1924
f 1834 1833 1923
f 1932 1834 1923
f 1933 1834 1932
f 1933 1835 1834
f 1933 1934 1835
f 1836 1835 1935
f 1835 1936 1935
f 1835 1934 1936
f 1936 1937 1935
f 1938 1939 1940
f 1939 1938 1941
f 1939 1941 1942
f 1839 1838 1925
f 1839 1925 1927
f 1941 1839 1927
f 1942 1941 1927
f 1840 1943 1838
f 1943 1925 1838
f 1943 1928 1925
f 1944 1945 1930
f 1928 1944 1930
f 1943 1944 1928
f 1946 1945 1944
f 1935 1841 1836
f 1841 1935 1937
f 1947 1841 1937
f 1842 1841 1947
f 1843 1842 1948
f 1842 1949 1948
f 1842 1947 1949
f 1949 1950 1948
f 1951 1952 1953
f 1952 1951 1845
f 1844 1952 1845
f 1954 1952 1844
f 1940 1954 1938
f 1954 1846 1938
f 1954 1844 1846
f 1847 1941 1846
f 1846 1941 1938
f 1847 1839 1941
f 1848 1943 1840
f 1850 1944 1848
f 1848 1944 1943
f 1946 1944 1850
f 1851 1946 1850
f 1955 1946 1851
f 1948 1852 1843
f 1852 1948 1950
f 1956 1852 1950
f 1853 1852 1956
f 1854 1853 1957
f 1853 1958 1957
f 1853 1956 1958
f 1953 1959 1951
f 1959 1856 1951
f 1959 1855 1856
f 1856 1845 1951
f 1857 1955 1851
f 1857 1960 1955
f 1957 1858 1854
f 1859 1960 1857
f 1859 1961 1960
f 1962 1961 1963
f 1961 1860 1963
f 1961 1859 1860
f 1964 1962 1963
f 1863 1965 1862
f 1864 1862 1965
f 1966 1864 1965
f 1967 1864 1966
f 1865 1968 1863
f 1863 1968 1965
f 1966 1965 1968
f 1966 1968 1969
f 1970 1867 1868
f 1869 1971 1865
f 1865 1971 1968
f 1969 1968 1971
f 1969 1971 1972
f 1973 1974 1871
f 1973 1871 1867
f 1975 1973 1867
f 1970 1975 1867
f 1871 1974 1872
f 1872 1974 1976
f 1976 1874 1872
f 1878 1977 1869
f 1869 1977 1971
f 1972 1971 1977
f 1972 1977 1978
f 1979 1881 1880
f 1980 1981 1979
f 1880 1980 1979
f 1882 1980 1880
f 1982 1974 1973
f 1983 1976 1974
f 1983 1974 1982
f 1984 1985 1883
f 1984 1883 1874
f 1983 1984 1874
f 1976 1983 1874
f 1883 1985 1884
f 1884 1985 1986
f 1986 1885 1884
f 1888 1987 1889
f 1889 1987 1878
f 1987 1977 1878
f 1987 1988 1977
f 1978 1977 1988
f 1978 1988 1989
f 1990 1892 1891
f 1991 1992 1990
f 1891 1991 1990
f 1893 1991 1891
f 1979 1993 1881
f 1993 1893 1881
f 1993 1991 1893
f 1981 1993 1979
f 1994 1985 1984
f 1985 1994 1995
f 1996 1985 1995
f 1986 1985 1996
f 1885 1986 1894
f 1986 1997 1894
f 1986 1996 1997
f 1894 1997 1895
f 1895 1997 1998
f 1895 1998 1888
f 1998 1987 1888
f 1998 1999 1987
f 1897 1988 1898
f 1988 1999 1898
f 1988 1987 1999
f 2000 2001 1989
f 2000 1989 1988
f 1899 2000 1988
f 1897 1899 1988
f 2001 2000 1902
f 1901 2001 1902
f 2002 2001 1901
f 1903 2003 2004
f 2002 1903 2004
f 1901 1903 2002
f 2003 1903 1904
f 2003 1904 2005
f 2006 2007 2005
f 1904 2006 2005
f 1905 2006 1904
f 1990 2008 1892
f 2008 1905 1892
f 2008 2006 1905
f 1992 2008 1990
f 2009 1996 1995
f 1996 2009 2010
f 2011 1996 2010
f 1997 1996 2011
f 2011 1998 1997
f 2012 1998 2011
f 1907 1999 1908
f 1999 2012 1908
f 1999 1998 2012
f 1907 1898 1999
f 1910 2000 1899
f 1910 1902 2000
f 2003 2013 2004
f 2005 2014 2003
f 2003 2014 2013
f 2007 2014 2005
f 2011 2010 2015
f 2011 2015 2016
f 2016 2012 2011
f 2017 2012 2016
f 2017 1911 2012
f 2012 1911 1908
f 2016 2015 2018
f 2016 2018 2019
f 2019 2017 2016
f 2020 2017 2019
f 2020 1913 2017
f 2017 1913 1911
f 2019 2018 2021
f 2019 2021 2022
f 2022 2020 2019
f 2023 2020 2022
f 2023 1915 2020
f 2020 1915 1913
f 2024 2025 2026
f 2022 2021 2025
f 2024 2022 2025
f 2027 2022 2024
f 2027 2023 2022
f 2028 2023 2027
f 1915 2023 1918
f 2023 2029 1918
f 2023 2028 2029
f 2029 1919 1918
f 1922 2030 1921
f 2030 1924 1921
f 2031 2032 2033
f 2032 2031 2034
f 2034 2031 2035
f 2035 2036 2034
f 2037 2038 2039
f 2024 2026 2038
f 2037 2024 2038
f 2040 2024 2037
f 1926 2027 1927
f 2027 2040 1927
f 2027 2024 2040
f 1929 2028 1926
f 1926 2028 2027
f 1930 2041 1929
f 2041 2028 1929
f 2041 2029 2028
f 1919 2029 1931
f 2029 2042 1931
f 2029 2041 2042
f 2043 2044 2042
f 2042 2044 1931
f 2044 2030 1931
f 2030 1922 1931
f 1932 1924 2030
f 2044 1932 2030
f 2045 1932 2044
f 2045 2033 2032
f 1933 2045 2032
f 1932 2045 1933
f 2034 1934 1933
f 2034 1933 2032
f 1934 2034 2036
f 2046 1934 2036
f 1936 1934 2046
f 1937 1936 2047
f 1936 2048 2047
f 1936 2046 2048
f 2048 2049 2047
f 2050 2051 2052
f 2051 2050 2053
f 2051 2053 2054
f 1940 1939 2037
f 1940 2037 2039
f 2053 1940 2039
f 2054 2053 2039
f 1942 2040 1939
f 1939 2040 2037
f 1942 1927 2040
f 1945 2041 1930
f 1946 2055 1945
f 2055 2041 1945
f 2055 2042 2041
f 2043 2042 2055
f 2043 2055 2056
f 2047 1947 1937
f 1947 2047 2049
f 2057 1947 2049
f 1949 1947 2057
f 1950 1949 2058
f 1949 2059 2058
f 1949 2057 2059
f 2059 2060 2058
f 1953 1952 2050
f 1953 2050 2052
f 2061 1953 2052
f 2062 2061 2052
f 1954 2053 1952
f 1952 2053 2050
f 1954 1940 2053
f 1955 2063 1946
f 1946 2063 2055
f 2056 2055 2063
f 2056 2063 2064
f 2058 1956 1950
f 1956 2058 2060
f 2065 1956 2060
f 1958 1956 2065
f 1959 1953 2061
f 1960 2066 1955
f 1955 2066 2063
f 2064 2063 2066
f 2064 2066 2067
f 1961 2068 1960
f 1960 2068 2066
f 2067 2066 2068
f 2067 2068 2069
f 1962 2068 1961
f 2069 2068 1962
f 1964 2069 1962
f 2070 2069 1964
f 1966 2071 1967
f 1966 2072 2071
f 1969 2072 1966
f 1969 2073 2072
f 1972 2073 1969
f 1972 2074 2073
f 2075 1973 1975
f 1978 2074 1972
f 1978 2076 2074
f 2077 1981 1980
f 2078 2079 1982
f 2078 1982 1973
f 2080 2078 1973
f 2075 2080 1973
f 1982 2079 1983
f 1983 2079 2081
f 2081 1984 1983
f 1989 2076 1978
f 1989 2082 2076
f 2083 1992 1991
f 2083 1991 1993
f 2083 1993 2084
f 2085 2086 2084
f 2085 2084 1993
f 2077 2085 1993
f 1981 2077 1993
f 2087 2079 2078
f 2079 2087 2088
f 2089 2079 2088
f 2081 2079 2089
f 1984 2081 1994
f 2081 2090 1994
f 2081 2089 2090
f 2090 1995 1994
f 1989 2001 2082
f 2082 2001 2091
f 2002 2092 2093
f 2091 2002 2093
f 2001 2002 2091
f 2004 2092 2002
f 2094 2007 2006
f 2094 2006 2008
f 2094 2008 2095
f 2096 2097 2095
f 2096 2095 2008
f 2083 2096 2008
f 1992 2083 2008
f 2084 2098 2083
f 2083 2098 2096
f 2086 2098 2084
f 2099 2089 2088
f 2089 2099 2100
f 2101 2089 2100
f 2090 2089 2101
f 1995 2090 2009
f 2090 2102 2009
f 2090 2101 2102
f 2102 2010 2009
f 2092 2103 2093
f 2004 2013 2092
f 2013 2103 2092
f 2013 2104 2103
f 2014 2105 2106
f 2104 2014 2106
f 2013 2014 2104
f 2107 2108 2105
f 2107 2105 2014
f 2094 2107 2014
f 2007 2094 2014
f 2095 2109 2094
f 2094 2109 2107
f 2097 2109 2095
f 2101 2100 2110
f 2101 2110 2111
f 2111 2102 2101
f 2112 2102 2111
f 2112 2015 2102
f 2102 2015 2010
f 2105 2113 2106
f 2108 2113 2105
f 2111 2110 2114
f 2111 2114 2115
f 2115 2112 2111
f 2116 2112 2115
f 2116 2018 2112
f 2112 2018 2015
f 2115 2114 2117
f 2115 2117 2118
f 2118 2116 2115
f 2119 2116 2118
f 2119 2021 2116
f 2116 2021 2018
f 2120 2121 2122
f 2120 2123 2121
f 2124 2125 2126
f 2118 2117 2125
f 2124 2118 2125
f 2127 2118 2124
f 2025 2119 2026
f 2119 2127 2026
f 2119 2118 2127
f 2025 2021 2119
f 2128 2129 2130
f 2129 2128 2033
f 2128 2031 2033
f 2128 2131 2031
f 2131 2122 2121
f 2035 2131 2121
f 2031 2131 2035
f 2132 2133 2123
f 2123 2133 2121
f 2133 2036 2121
f 2036 2035 2121
f 2133 2132 2134
f 2134 2132 2135
f 2135 2136 2134
f 2137 2138 2139
f 2124 2126 2138
f 2137 2124 2138
f 2140 2124 2137
f 2038 2127 2039
f 2127 2140 2039
f 2127 2124 2140
f 2038 2026 2127
f 2044 2043 2141
f 2141 2043 2142
f 2141 2130 2129
f 2045 2141 2129
f 2044 2141 2045
f 2033 2045 2129
f 2133 2046 2036
f 2134 2048 2046
f 2134 2046 2133
f 2143 2144 2136
f 2136 2144 2134
f 2144 2049 2134
f 2049 2048 2134
f 2144 2143 2145
f 2145 2143 2146
f 2146 2147 2145
f 2052 2051 2137
f 2052 2137 2139
f 2148 2052 2139
f 2149 2148 2139
f 2054 2140 2051
f 2051 2140 2137
f 2054 2039 2140
f 2056 2142 2043
f 2056 2150 2142
f 2144 2057 2049
f 2145 2059 2057
f 2145 2057 2144
f 2151 2152 2147
f 2147 2152 2145
f 2152 2060 2145
f 2060 2059 2145
f 2062 2052 2148
f 2064 2150 2056
f 2064 2153 2150
f 2152 2065 2060
f 2067 2153 2064
f 2067 2154 2153
f 2069 2154 2067
f 2069 2155 2154
f 2070 2155 2069
f 2070 2156 2155
f 2072 2157 2071
f 2072 2158 2157
f 2073 2158 2072
f 2073 2159 2158
f 2074 2159 2073
f 2074 2160 2159
f 2076 2160 2074
f 2076 2161 2160
f 2162 2078 2080
f 2082 2161 2076
f 2082 2163 2161
f 2164 2086 2085
f 2078 2162 2087
f 2162 2165 2087
f 2162 2166 2165
f 2165 2088 2087
f 2082 2091 2163
f 2163 2091 2167
f 2168 2167 2091
f 2168 2091 2093
f 2169 2097 2096
f 2169 2096 2098
f 2169 2098 2170
f 2171 2172 2170
f 2171 2170 2098
f 2164 2171 2098
f 2086 2164 2098
f 2166 2173 2174
f 2175 2166 2174
f 2165 2166 2175
f 2088 2165 2099
f 2165 2176 2099
f 2165 2175 2176
f 2176 2100 2099
f 2177 2178 2103
f 2178 2093 2103
f 2178 2168 2093
f 2177 2103 2104
f 2177 2104 2179
f 2106 2179 2104
f 2180 2108 2107
f 2180 2107 2109
f 2180 2109 2181
f 2181 2109 2097
f 2169 2181 2097
f 2182 2181 2169
f 2183 2182 2184
f 2182 2170 2184
f 2182 2169 2170
f 2172 2184 2170
f 2175 2174 2185
f 2175 2185 2186
f 2186 2176 2175
f 2187 2176 2186
f 2187 2110 2176
f 2176 2110 2100
f 2177 2188 2178
f 2188 2177 2189
f 2177 2190 2189
f 2177 2179 2190
f 2179 2106 2113
f 2191 2179 2113
f 2190 2179 2191
f 2191 2113 2108
f 2180 2191 2108
f 2192 2191 2180
f 2181 2192 2180
f 2181 2193 2192
f 2182 2193 2181
f 2182 2194 2193
f 2182 2183 2194
f 2194 2183 2195
f 2186 2185 2196
f 2186 2196 2197
f 2197 2187 2186
f 2198 2187 2197
f 2198 2114 2187
f 2187 2114 2110
f 2189 2190 2199
f 2199 2190 2200
f 2191 2200 2190
f 2191 2201 2200
f 2192 2201 2191
f 2192 2202 2201
f 2193 2202 2192
f 2193 2203 2202
f 2194 2203 2193
f 2194 2204 2203
f 2194 2195 2204
f 2204 2195 2205
f 2197 2196 2206
f 2197 2206 2207
f 2207 2198 2197
f 2208 2198 2207
f 2208 2117 2198
f 2198 2117 2114
f 2209 2210 2211
f 2199 2200 2209
f 2200 2210 2209
f 2200 2212 2210
f 2201 2120 2122
f 2212 2201 2122
f 2200 2201 2212
f 2213 2123 2120
f 2201 2213 2120
f 2202 2213 2201
f 2203 2213 2202
f 2203 2214 2213
f 2204 2214 2203
f 2204 2215 2214
f 2204 2205 2215
f 2215 2205 2216
f 2207 2206 2217
f 2218 2207 2217
f 2219 2207 2218
f 2125 2208 2126
f 2208 2219 2126
f 2208 2207 2219
f 2125 2117 2208
f 2128 2130 2210
f 2130 2211 2210
f 2130 2220 2211
f 2212 2131 2128
f 2212 2128 2210
f 2122 2131 2212
f 2213 2132 2123
f 2214 2135 2132
f 2214 2132 2213
f 2221 2136 2135
f 2214 2221 2135
f 2215 2221 2214
f 2222 2223 2216
f 2223 2215 2216
f 2223 2221 2215
f 2222 2224 2223
f 2138 2219 2139
f 2219 2225 2139
f 2219 2218 2225
f 2138 2126 2219
f 2141 2142 2226
f 2226 2142 2227
f 2226 2220 2130
f 2226 2130 2141
f 2221 2143 2136
f 2223 2146 2143
f 2223 2143 2221
f 2228 2229 2224
f 2224 2229 2223
f 2229 2147 2223
f 2147 2146 2223
f 2149 2139 2225
f 2150 2227 2142
f 2150 2230 2227
f 2229 2151 2147
f 2153 2230 2150
f 2153 2231 2230
f 2154 2231 2153
f 2154 2232 2231
f 2155 2232 2154
f 2155 2233 2232
f 2156 2233 2155
f 2156 2234 2233
f 2158 2235 2157
f 2158 2236 2235
f 2159 2236 2158
f 2159 2237 2236
f 2160 2237 2159
f 2160 2238 2237
f 2161 2238 2160
f 2161 2239 2238
f 2163 2239 2161
f 2163 2240 2239
f 2163 2167 2240
f 2240 2167 2241
f 2242 2241 2167
f 2242 2167 2168
f 2243 2172 2171
f 2244 2174 2173
f 2178 2242 2168
f 2178 2245 2242
f 2246 2183 2184
f 2246 2184 2172
f 2243 2246 2172
f 2247 2246 2243
f 2248 2185 2244
f 2244 2185 2174
f 2249 2250 2188
f 2250 2178 2188
f 2250 2245 2178
f 2189 2249 2188
f 2251 2195 2183
f 2251 2183 2246
f 2247 2251 2246
f 2247 2252 2251
f 2253 2196 2248
f 2248 2196 2185
f 2250 2249 2254
f 2254 2249 2255
f 2199 2255 2249
f 2199 2249 2189
f 2256 2205 2195
f 2256 2195 2251
f 2252 2256 2251
f 2252 2257 2256
f 2258 2206 2253
f 2253 2206 2196
f 2209 2211 2255
f 2211 2254 2255
f 2211 2259 2254
f 2199 2209 2255
f 2260 2216 2205
f 2260 2205 2256
f 2257 2260 2256
f 2257 2261 2260
f 2217 2206 2258
f 2220 2259 2211
f 2220 2262 2259
f 2260 2222 2216
f 2263 2224 2222
f 2260 2263 2222
f 2261 2263 2260
f 2226 2227 2264
f 2264 2227 2265
f 2264 2262 2220
f 2264 2220 2226
f 2263 2228 2224
f 2230 2265 2227
f 2230 2266 2265
f 2231 2266 2230
f 2231 2267 2266
f 2232 2267 2231
f 2232 2268 2267
f 2233 2268 2232
f 2233 2269 2268
f 2234 2269 2233
f 2234 2270 2269
f 2236 2271 2235
f 2236 2272 2271
f 2237 2272 2236
f 2237 2273 2272
f 2238 2273 2237
f 2238 2274 2273
f 2239 2274 2238
f 2239 2275 2274
f 2240 2275 2239
f 2240 2276 2275
f 2240 2241 2276
f 2276 2241 2277
f 2278 2277 2241
f 2278 2241 2242
f 2245 2278 2242
f 2245 2279 2278
f 2250 2279 2245
f 2250 2280 2279
f 2254 2280 2250
f 2254 2281 2280
f 2259 2281 2254
f 2259 2282 2281
f 2262 2282 2259
f 2262 2283 2282
f 2264 2265 2284
f 2284 2265 2285
f 2284 2283 2262
f 2284 2262 2264
f 2266 2285 2265
f 2266 2286 2285
f 2267 2286 2266
f 2267 2287 2286
f 2268 2287 2267
f 2268 2288 2287
f 2269 2288 2268
f 2269 2289 2288
f 2270 2289 2269
f 2270 2290 2289
f 2272 2291 2271
f 2272 2292 2291
f 2273 2292 2272
f 2273 2293 2292
f 2274 2293 2273
f 2274 2294 2293
f 2275 2294 2274
f 2275 2295 2294
f 2276 2295 2275
f 2276 2296 2295
f 2297 2298 2277
f 2298 2276 2277
f 2298 2296 2276
f 2278 2297 2277
f 2297 2299 2298
f 2300 2299 2297
f 2278 2300 2297
f 2279 2300 2278
f 2280 2300 2279
f 2280 2301 2300
f 2281 2301 2280
f 2281 2302 2301
f 2282 2302 2281
f 2282 2303 2302
f 2304 2305 2306
f 2283 2305 2304
f 2303 2283 2304
f 2282 2283 2303
f 2284 2285 2305
f 2285 2306 2305
f 2285 2307 2306
f 2283 2284 2305
f 2286 2307 2285
f 2286 2308 2307
f 2287 2308 2286
f 2287 2309 2308
f 2288 2309 2287
f 2288 2310 2309
f 2289 2310 2288
f 2289 2311 2310
f 2290 2311 2289
f 2290 2312 2311
f 1157 3 2
f 1159 3 1157
f 1159 1 3
f 1158 1 1159
f 1161 2 5
f 1157 2 1161
f 1163 5 7
f 1161 5 1163
f 1165 7 9
f 1163 7 1165
f 1167 9 11
f 1165 9 1167
f 1171 11 15
f 1167 11 1171
f 1173 15 17
f 1171 15 1173
f 1174 17 18
f 1173 17 1174
f 1176 18 20
f 1174 18 1176
f 1178 20 22
f 1176 20 1178
f 1180 22 24
f 1178 22 1180
f 1182 28 27
f 1184 28 1182
f 1184 24 28
f 1180 24 1184
f 1188 27 32
f 1182 27 1188
f 1189 32 33
f 1188 32 1189
f 1191 33 35
f 1189 33 1191
f 1193 35 37
f 1191 35 1193
f 1195 37 39
f 1193 37 1195
f 1197 39 41
f 1195 39 1197
f 1198 41 42
f 1197 41 1198
f 1158 43 1
f 1199 43 1158
f 1218 42 62
f 1198 42 1218
f 1199 63 43
f 1219 63 1199
f 1228 72 71
f 1227 72 1228
f 1230 76 75
f 1232 76 1230
f 1227 81 72
f 1237 81 1227
f 1232 82 76
f 1238 82 1232
f 1237 89 81
f 1245 89 1237
f 1238 90 82
f 1246 90 1238
f 1245 96 89
f 1252 96 1245
f 1246 97 90
f 1253 97 1246
f 1252 103 96
f 1259 103 1252
f 1253 104 97
f 1260 104 1253
f 1259 108 103
f 1264 108 1259
f 1264 111 108
f 1267 111 1264
f 1272 62 116
f 1218 62 1272
f 1219 117 63
f 1273 117 1219
f 1278 124 123
f 1280 124 1278
f 1283 127 126
f 1282 127 1283
f 1280 131 124
f 1287 131 1280
f 1282 71 127
f 1228 71 1282
f 1287 75 131
f 1230 75 1287
f 1260 183 104
f 1339 183 1260
f 1339 195 183
f 1352 195 1339
f 1267 202 111
f 1359 202 1267
f 1352 204 195
f 1360 204 1352
f 1359 206 202
f 1362 206 1359
f 1366 116 210
f 1272 116 1366
f 1273 211 117
f 1367 211 1273
f 1371 217 216
f 1373 217 1371
f 1376 220 219
f 1375 220 1376
f 1373 123 217
f 1278 123 1373
f 1375 126 220
f 1283 126 1375
f 1360 288 204
f 1444 288 1360
f 1362 293 206
f 1450 293 1362
f 1444 295 288
f 1451 295 1444
f 1450 297 293
f 1453 297 1450
f 1456 210 300
f 1366 210 1456
f 1367 304 211
f 1460 304 1367
f 1463 309 308
f 1465 309 1463
f 1465 216 309
f 1371 216 1465
f 1478 219 322
f 1376 219 1478
f 1451 408 295
f 1564 408 1451
f 1453 413 297
f 1569 413 1453
f 1564 414 408
f 1570 414 1564
f 1576 300 420
f 1456 300 1576
f 1577 422 421
f 1578 422 1577
f 1460 421 304
f 1577 421 1460
f 1583 308 427
f 1463 308 1583
f 1587 431 430
f 1586 431 1587
f 1586 322 431
f 1478 322 1586
f 1569 506 413
f 1662 506 1569
f 1570 509 414
f 1665 509 1570
f 1662 511 506
f 1667 511 1662
f 1670 514 513
f 1669 514 1670
f 1669 420 514
f 1576 420 1669
f 1578 515 422
f 1671 515 1578
f 1674 427 518
f 1583 427 1674
f 1680 430 524
f 1587 430 1680
f 1665 572 509
f 1728 572 1665
f 1667 576 511
f 1732 576 1667
f 1734 513 578
f 1670 513 1734
f 1671 579 515
f 1735 579 1671
f 1738 518 582
f 1674 518 1738
f 1743 524 587
f 1680 524 1743
f 1728 628 572
f 1784 628 1728
f 1732 632 576
f 1788 632 1732
f 1790 578 634
f 1734 578 1790
f 1735 635 579
f 1791 635 1735
f 1794 582 638
f 1738 582 1794
f 1799 587 643
f 1743 587 1799
f 1784 699 628
f 1855 699 1784
f 1788 702 632
f 1858 702 1788
f 1860 634 704
f 1790 634 1860
f 1791 705 635
f 1861 705 1791
f 1861 708 705
f 1864 708 1861
f 1868 638 712
f 1794 638 1868
f 1870 643 714
f 1799 643 1870
f 1882 714 726
f 1870 714 1882
f 1957 802 801
f 1958 802 1957
f 1855 803 699
f 1959 803 1855
f 1858 801 702
f 1957 801 1858
f 1963 704 807
f 1860 704 1963
f 1964 807 808
f 1963 807 1964
f 1864 811 708
f 1967 811 1864
f 1970 712 814
f 1868 712 1970
f 1975 814 819
f 1970 814 1975
f 1980 726 825
f 1882 726 1980
f 2061 906 905
f 2062 906 2061
f 1958 909 802
f 2065 909 1958
f 1959 905 803
f 2061 905 1959
f 2070 808 914
f 1964 808 2070
f 1967 915 811
f 2071 915 1967
f 2075 819 919
f 1975 819 2075
f 2077 825 921
f 1980 825 2077
f 2080 919 924
f 2075 919 2080
f 2085 921 930
f 2077 921 2085
f 2148 993 992
f 2149 993 2148
f 2152 996 995
f 2151 996 2152
f 2062 992 906
f 2148 992 2062
f 2065 995 909
f 2152 995 2065
f 2156 914 1000
f 2070 914 2156
f 2071 1001 915
f 2157 1001 2071
f 2162 924 1006
f 2080 924 2162
f 2164 930 1008
f 2085 930 2164
f 2166 1006 1010
f 2162 1006 2166
f 2171 1008 1016
f 2164 1008 2171
f 2173 1010 1017
f 2166 1010 2173
f 2218 1061 1062
f 2217 1061 2218
f 2225 1062 1069
f 2218 1062 2225
f 2229 1073 1072
f 2228 1073 2229
f 2149 1069 993
f 2225 1069 2149
f 2151 1072 996
f 2229 1072 2151
f 2234 1000 1078
f 2156 1000 2234
f 2157 1079 1001
f 2235 1079 2157
f 2243 1016 1087
f 2171 1016 2243
f 2244 1017 1088
f 2173 1017 2244
f 2247 1087 1091
f 2243 1087 2247
f 2248 1088 1092
f 2244 1088 2248
f 2252 1091 1096
f 2247 1091 2252
f 2253 1092 1097
f 2248 1092 2253
f 2257 1096 1101
f 2252 1096 2257
f 2258 1097 1102
f 2253 1097 2258
f 2261 1101 1105
f 2257 1101 2261
f 2217 1102 1061
f 2258 1102 2217
f 2263 1105 1107
f 2261 1105 2263
f 2228 1107 1073
f 2263 1107 2228
f 2270 1078 1114
f 2234 1078 2270
f 2235 1115 1079
f 2271 1115 2235
f 2290 1114 1134
f 2270 1114 2290
f 2271 1135 1115
f 2291 1135 2271
f 2291 1136 1135
f 2292 1136 2291
f 2292 1137 1136
f 2293 1137 2292
f 2293 1138 1137
f 2294 1138 2293
f 2294 1139 1138
f 2295 1139 2294
f 2295 1140 1139
f 2296 1140 2295
f 2296 1141 1140
f 2298 1141 2296
f 2298 1143 1141
f 2299 1143 2298
f 2299 1144 1143
f 2300 1144 2299
f 2300 1145 1144
f 2301 1145 2300
f 2301 1146 1145
f 2302 1146 2301
f 2302 1147 1146
f 2303 1147 2302
f 2304 1150 1149
f 2306 1150 2304
f 2303 1149 1147
f 2304 1149 2303
f 2306 1151 1150
f 2307 1151 2306
f 2307 1152 1151
f 2308 1152 2307
f 2308 1153 1152
f 2309 1153 2308
f 2309 1154 1153
f 2310 1154 2309
f 2310 1155 1154
f 2311 1155 2310
f 2312 1134 1156
f 2290 1134 2312
f 2311 1156 1155
f 2312 1156 2311
# 4636 faces, 0 coords texture

# End of File
