# This .obj file is a double-torus with a puncture.
# The punctures occur around lines 3189 and 3202.
# Uncomment those lines to fill in the punctures.
v 0.083600 0.090807 0.036062
v 0.041564 0.098149 0.040795
v 0.089337 0.084292 0.089356
v 0.043307 0.100345 -0.001125
v 0.000000 0.103166 0.000906
v 0.080598 0.092562 -0.010182
v 0.005065 0.100041 -0.037921
v -0.041564 0.098149 -0.038983
v -0.028753 0.090109 -0.074077
v -0.089337 0.084292 -0.087545
v 0.017495 0.090731 -0.072893
v 0.047332 0.096985 -0.041854
v 0.056815 0.088127 -0.080428
v 0.082975 0.090511 -0.054302
v 0.089859 0.083838 -0.097175
v -0.083600 0.090807 -0.034251
v -0.043307 0.100345 0.002936
v -0.080598 0.092562 0.011993
v -0.005065 0.100041 0.039733
v 0.028753 0.090109 0.075888
v -0.017495 0.090731 0.074705
v -0.047332 0.096985 0.043665
v -0.056815 0.088127 0.082239
v -0.082975 0.090511 0.056113
v -0.089859 0.083838 0.098987
v 0.039120 -0.099069 0.040619
v 0.076998 -0.093501 0.036689
v 0.078136 -0.087860 0.086651
v 0.040752 -0.100433 -0.000685
v 0.079606 -0.092023 -0.008868
v 0.000000 -0.103166 0.000906
v 0.044825 -0.095871 -0.041003
v 0.087602 -0.086835 -0.053005
v 0.051298 -0.086242 -0.078239
v 0.101094 -0.079513 -0.098265
v 0.007520 -0.090202 -0.072535
v 0.002435 -0.099919 -0.037685
v -0.034582 -0.090780 -0.075361
v -0.039120 -0.099069 -0.038808
v -0.078136 -0.087860 -0.084839
v -0.076998 -0.093501 -0.034877
v -0.040752 -0.100433 0.002496
v -0.079606 -0.092023 0.010680
v -0.044825 -0.095871 0.042814
v -0.087602 -0.086835 0.054817
v -0.051298 -0.086242 0.080051
v -0.101094 -0.079513 0.100076
v -0.007520 -0.090202 0.074347
v -0.002435 -0.099919 0.039496
v 0.034582 -0.090780 0.077172
v -0.158533 0.042082 0.031359
v -0.165713 0.031161 -0.030698
v -0.172765 0.000157 -0.001046
v -0.139131 0.060535 0.001980
v -0.151201 0.055499 -0.051989
v -0.136808 0.068522 0.055827
v -0.115328 0.077976 -0.019331
v -0.127871 0.074523 -0.069577
v -0.110962 0.081157 0.029710
v -0.113142 0.082578 0.077850
v -0.159023 -0.041730 -0.032885
v -0.165747 -0.030865 0.029186
v -0.139457 -0.060166 -0.000849
v -0.151958 -0.054879 0.052919
v -0.136796 -0.068416 -0.054837
v -0.116465 -0.076888 0.027341
v -0.131245 -0.072592 0.075655
v -0.109947 -0.081341 -0.021570
v -0.110273 -0.083735 -0.071348
v 0.158533 0.042082 -0.029548
v 0.165713 0.031161 0.032510
v 0.172765 0.000157 0.002857
v 0.139131 0.060535 -0.000168
v 0.151201 0.055499 0.053801
v 0.136808 0.068522 -0.054016
v 0.115328 0.077976 0.021143
v 0.127871 0.074523 0.071389
v 0.110962 0.081157 -0.027899
v 0.113142 0.082578 -0.076038
v 0.159023 -0.041730 0.034696
v 0.165747 -0.030865 -0.027374
v 0.139457 -0.060166 0.002661
v 0.151958 -0.054879 -0.051108
v 0.136796 -0.068416 0.056649
v 0.116465 -0.076888 -0.025529
v 0.131245 -0.072592 -0.073844
v 0.109947 -0.081341 0.023382
v 0.110273 -0.083735 0.073159
v 0.233639 0.029246 -0.253044
v 0.230201 0.000816 -0.198608
v 0.240251 0.000588 -0.259063
v 0.222158 0.029198 -0.193506
v 0.209777 0.000840 -0.137517
v 0.218262 0.053551 -0.247763
v 0.201563 0.029285 -0.133454
v 0.187195 0.000578 -0.074136
v 0.178804 0.031334 -0.075017
v 0.185382 0.054245 -0.137684
v 0.206058 0.053387 -0.191855
v 0.184867 0.069801 -0.193668
v 0.197051 0.069850 -0.243837
v 0.173261 0.075489 -0.241514
v 0.118242 0.079670 -0.123169
v 0.140126 0.075596 -0.107090
v 0.142577 0.076780 -0.157296
v 0.164640 0.071315 -0.146969
v 0.161750 0.075509 -0.197604
v 0.161319 0.058729 -0.090372
v 0.203266 -0.069945 -0.270693
v 0.176937 -0.075729 -0.225132
v 0.179371 -0.076057 -0.270899
v 0.199130 -0.069549 -0.219184
v 0.161915 -0.075511 -0.181016
v 0.223381 -0.053084 -0.268613
v 0.181517 -0.069360 -0.169319
v 0.136208 -0.075954 -0.139622
v 0.155236 -0.070029 -0.121454
v 0.198171 -0.052352 -0.157955
v 0.217274 -0.052623 -0.212484
v 0.228407 -0.027844 -0.205451
v 0.236533 -0.028272 -0.264599
v 0.184649 -0.028068 -0.088163
v 0.208440 -0.027604 -0.147035
v 0.173467 -0.052772 -0.104576
v 0.118335 -0.029270 -0.260386
v 0.106533 -0.000936 -0.224742
v 0.111185 -0.000570 -0.253640
v 0.115596 -0.029462 -0.229646
v 0.094696 -0.001202 -0.198266
v 0.133524 -0.053765 -0.265853
v 0.104935 -0.029523 -0.201047
v 0.076405 -0.001284 -0.175985
v 0.087112 -0.029377 -0.176301
v 0.053020 -0.001122 -0.159129
v 0.121200 -0.053549 -0.198866
v 0.131931 -0.053732 -0.231381
v 0.153494 -0.070049 -0.229636
v 0.154997 -0.070269 -0.269368
v 0.089244 -0.070196 -0.127957
v 0.119178 -0.069634 -0.157122
v 0.076390 -0.052963 -0.146472
v 0.141207 -0.069759 -0.191661
v 0.102157 -0.053255 -0.169986
v 0.063545 -0.029008 -0.156781
v 0.149897 0.069401 -0.241026
v 0.139521 0.069259 -0.202797
v 0.129939 0.052703 -0.242881
v 0.121729 0.069872 -0.168010
v 0.098189 0.071367 -0.139081
v 0.105090 0.052431 -0.179234
v 0.121097 0.052357 -0.209453
v 0.109638 0.027711 -0.217140
v 0.116524 0.028119 -0.247346
v 0.050331 0.027626 -0.150947
v 0.075631 0.027481 -0.167375
v 0.055683 0.053609 -0.136637
v 0.095743 0.027483 -0.189852
v 0.083017 0.052929 -0.154483
v 0.069621 0.073386 -0.117859
v 0.026258 -0.000697 -0.148665
v 0.036012 -0.028502 -0.143962
v -0.002090 -0.000092 -0.145239
v 0.006185 -0.028031 -0.138840
v -0.030280 0.000595 -0.149052
v -0.024147 -0.027661 -0.141541
v -0.056605 0.001219 -0.159864
v 0.011778 -0.053326 -0.124350
v 0.045676 -0.052929 -0.130783
v 0.052468 -0.072082 -0.108926
v -0.063944 -0.074555 -0.114898
v -0.027211 -0.075354 -0.104196
v -0.055491 -0.053541 -0.136491
v 0.012151 -0.074386 -0.101875
v -0.022906 -0.053706 -0.126529
v -0.052961 -0.027342 -0.151530
v 0.035820 0.075126 -0.105196
v -0.003496 0.075432 -0.101099
v -0.046639 0.074001 -0.106358
v -0.011724 0.053895 -0.123941
v 0.023585 0.054027 -0.126374
v 0.021234 0.027819 -0.141293
v -0.066827 0.028993 -0.157740
v -0.039469 0.028498 -0.144506
v -0.078280 0.053329 -0.146888
v -0.009470 0.028090 -0.138961
v -0.046725 0.053566 -0.130459
v -0.087159 0.071781 -0.125889
v -0.187749 -0.000342 -0.077514
v -0.185002 0.028298 -0.091032
v -0.210581 -0.000714 -0.139946
v -0.209150 0.027737 -0.149275
v -0.230993 -0.000744 -0.200106
v -0.229321 0.027881 -0.207036
v -0.240871 -0.000489 -0.259847
v -0.198272 0.052758 -0.159416
v -0.172719 0.053458 -0.105789
v -0.152365 0.071619 -0.120030
v -0.204019 0.070004 -0.271571
v -0.177903 0.075773 -0.226269
v -0.179897 0.076182 -0.271532
v -0.200051 0.069615 -0.220451
v -0.162356 0.075886 -0.181797
v -0.224258 0.053112 -0.269662
v -0.181275 0.069951 -0.170010
v -0.133791 0.077520 -0.137939
v -0.218158 0.052689 -0.213964
v -0.237349 0.028314 -0.265604
v -0.116269 -0.080571 -0.121309
v -0.140180 -0.075621 -0.108183
v -0.143346 -0.076538 -0.158739
v -0.165794 -0.070808 -0.149273
v -0.162954 -0.074908 -0.199322
v -0.185821 -0.069252 -0.195269
v -0.173935 -0.074937 -0.242403
v -0.186423 -0.053726 -0.140154
v -0.162236 -0.058300 -0.093264
v -0.179576 -0.030939 -0.078400
v -0.234051 -0.029053 -0.253613
v -0.222817 -0.028978 -0.194852
v -0.218578 -0.053228 -0.248236
v -0.202374 -0.028969 -0.135861
v -0.206763 -0.052982 -0.193234
v -0.197476 -0.069384 -0.244452
v -0.079371 0.001613 -0.176984
v -0.078099 -0.027084 -0.168233
v -0.096937 0.001717 -0.199368
v -0.097914 -0.026972 -0.190938
v -0.108072 0.001522 -0.225708
v -0.111349 -0.027104 -0.218363
v -0.112096 0.001121 -0.254335
v -0.106543 -0.052187 -0.179916
v -0.083811 -0.052936 -0.154341
v -0.096336 -0.072269 -0.136868
v -0.150850 -0.068784 -0.242144
v -0.140886 -0.068679 -0.204377
v -0.131093 -0.052060 -0.244043
v -0.122398 -0.069816 -0.168604
v -0.122685 -0.051799 -0.210813
v -0.117642 -0.027513 -0.248334
v -0.119676 0.070225 -0.157372
v -0.142528 0.069853 -0.192835
v -0.154445 0.070122 -0.230557
v -0.122886 0.053624 -0.199991
v -0.104298 0.053324 -0.171118
v -0.089818 0.029469 -0.177399
v -0.118928 0.029729 -0.260810
v -0.116767 0.029888 -0.230361
v -0.133872 0.054093 -0.266160
v -0.106864 0.029805 -0.202000
v -0.132863 0.053969 -0.232072
v -0.155354 0.070477 -0.269755
v -0.234656 -0.000168 -0.319549
v -0.228794 0.028781 -0.324242
v -0.211415 0.000072 -0.376580
v -0.203788 0.029086 -0.379751
v -0.173021 0.000184 -0.426646
v -0.164544 0.029209 -0.427924
v -0.122572 0.000203 -0.465617
v -0.188685 0.053891 -0.377026
v -0.214007 0.053590 -0.325075
v -0.193030 0.070418 -0.322117
v -0.088564 0.070705 -0.437805
v -0.115171 0.076653 -0.392028
v -0.075446 0.076655 -0.417138
v -0.133193 0.070700 -0.408727
v -0.147076 0.076616 -0.357580
v -0.101980 0.053991 -0.454540
v -0.168808 0.070647 -0.369054
v -0.169171 0.076491 -0.316287
v -0.150446 0.053984 -0.421333
v -0.113973 0.029224 -0.464590
v -0.174163 -0.075531 -0.286627
v -0.197149 -0.069877 -0.294467
v -0.162228 -0.076045 -0.329629
v -0.182841 -0.070212 -0.342884
v -0.138317 -0.076285 -0.368586
v -0.154889 -0.070340 -0.386627
v -0.104217 -0.076364 -0.400572
v -0.199727 -0.053596 -0.356262
v -0.216963 -0.053483 -0.303243
v -0.230383 -0.028993 -0.312023
v -0.125883 -0.028827 -0.457532
v -0.174087 -0.028842 -0.418059
v -0.123298 -0.053629 -0.442142
v -0.209932 -0.028904 -0.368125
v -0.167578 -0.053629 -0.403826
v -0.115532 -0.070379 -0.422157
v -0.108626 0.000687 -0.283160
v -0.116042 -0.028068 -0.278621
v -0.097774 0.000339 -0.310062
v -0.106440 -0.028552 -0.307352
v -0.080017 0.000140 -0.333221
v -0.089251 -0.028837 -0.332787
v -0.056597 0.000082 -0.351199
v -0.121323 -0.053254 -0.310026
v -0.130730 -0.052688 -0.277668
v -0.151061 -0.069411 -0.280594
v -0.091099 -0.070411 -0.379824
v -0.120355 -0.070318 -0.351959
v -0.077692 -0.053697 -0.363128
v -0.140834 -0.070002 -0.318037
v -0.103230 -0.053597 -0.339242
v -0.065714 -0.028930 -0.353245
v -0.145696 0.070634 -0.308698
v -0.126376 0.070671 -0.344437
v -0.098613 0.070666 -0.374134
v -0.109685 0.053971 -0.331101
v -0.125962 0.054055 -0.300059
v -0.113162 0.029478 -0.291213
v -0.053836 0.029107 -0.360188
v -0.079665 0.029135 -0.342692
v -0.056411 0.053886 -0.375548
v -0.099862 0.029260 -0.319194
v -0.086044 0.053896 -0.356877
v -0.064142 0.070661 -0.395565
v -0.063527 0.000186 -0.490001
v -0.055458 0.029208 -0.486692
v 0.000007 0.000163 -0.500000
v 0.006692 0.029187 -0.494707
v 0.063561 0.000148 -0.490001
v 0.068876 0.029173 -0.483116
v 0.122604 0.000134 -0.465617
v 0.011954 0.053958 -0.480148
v -0.046387 0.053986 -0.474098
v -0.037747 0.070703 -0.454368
v 0.115593 0.070703 -0.422188
v 0.062673 0.076690 -0.422510
v 0.104261 0.076687 -0.400595
v 0.068013 0.070703 -0.446333
v 0.016019 0.076660 -0.434374
v 0.123337 0.053954 -0.442165
v 0.015053 0.070700 -0.458979
v -0.030456 0.076655 -0.431014
v 0.070362 0.053955 -0.467726
v 0.125918 0.029163 -0.457532
v -0.062663 -0.076366 -0.422510
v -0.068002 -0.070379 -0.446333
v -0.016015 -0.076337 -0.434374
v -0.015049 -0.070377 -0.458979
v 0.030478 -0.076334 -0.431014
v 0.037771 -0.070379 -0.454368
v 0.075521 -0.076332 -0.417165
v -0.011946 -0.053633 -0.480148
v -0.070332 -0.053630 -0.467726
v -0.068865 -0.028839 -0.483116
v 0.114010 -0.028888 -0.464613
v 0.055494 -0.028875 -0.486692
v 0.102024 -0.053666 -0.454568
v -0.006680 -0.028857 -0.494707
v 0.046424 -0.053661 -0.474098
v 0.088636 -0.070382 -0.437829
v -0.029264 0.000105 -0.362643
v -0.037627 -0.028916 -0.367000
v 0.000007 0.000162 -0.367588
v -0.006697 -0.028871 -0.374181
v 0.029292 0.000208 -0.362677
v 0.024247 -0.028824 -0.370551
v 0.056635 0.000228 -0.351238
v -0.011968 -0.053664 -0.388722
v -0.046704 -0.053699 -0.379599
v -0.055356 -0.070416 -0.399176
v 0.064213 -0.070343 -0.395580
v 0.025129 -0.070372 -0.407214
v 0.056458 -0.053593 -0.375609
v -0.015063 -0.070381 -0.409990
v 0.022774 -0.053626 -0.385995
v 0.053900 -0.028797 -0.360229
v -0.025106 0.070666 -0.407206
v 0.015068 0.070700 -0.409982
v 0.055389 0.070737 -0.399184
v 0.011976 0.053957 -0.388688
v -0.022748 0.053916 -0.385958
v -0.024215 0.029132 -0.370512
v 0.065752 0.029241 -0.353311
v 0.037655 0.029233 -0.367034
v 0.077733 0.054018 -0.363180
v 0.006709 0.029184 -0.374146
v 0.046739 0.054019 -0.379628
v 0.091143 0.070735 -0.379895
v 0.173011 0.000137 -0.426634
v 0.174109 0.029164 -0.418079
v 0.211280 0.000195 -0.376479
v 0.209873 0.029188 -0.368149
v 0.234291 0.000348 -0.319203
v 0.230169 0.029222 -0.311864
v 0.199745 0.053885 -0.356374
v 0.167617 0.053948 -0.404089
v 0.154960 0.070661 -0.386752
v 0.173976 0.075969 -0.286426
v 0.197051 0.070242 -0.294418
v 0.162253 0.076405 -0.329719
v 0.182894 0.070536 -0.343016
v 0.138389 0.076611 -0.368721
v 0.216862 0.053768 -0.303221
v 0.115284 -0.076329 -0.392287
v 0.133267 -0.070379 -0.408782
v 0.147172 -0.076303 -0.357649
v 0.168801 -0.070365 -0.369051
v 0.169090 -0.076251 -0.316116
v 0.192768 -0.070245 -0.321809
v 0.188587 -0.053620 -0.376952
v 0.150475 -0.053664 -0.421572
v 0.164537 -0.028889 -0.427936
v 0.228321 -0.028634 -0.323759
v 0.203622 -0.028828 -0.379636
v 0.213571 -0.053453 -0.324624
v 0.080042 0.000186 -0.333241
v 0.079723 -0.028812 -0.342722
v 0.097676 0.000041 -0.309935
v 0.099843 -0.028894 -0.319142
v 0.108239 -0.000221 -0.282792
v 0.112958 -0.029056 -0.291024
v 0.109770 -0.053613 -0.331150
v 0.086120 -0.053571 -0.356941
v 0.098726 -0.070340 -0.374222
v 0.145699 -0.070345 -0.308656
v 0.126505 -0.070345 -0.344523
v 0.125920 -0.053692 -0.299993
v 0.120419 0.070647 -0.352061
v 0.140810 0.070374 -0.318022
v 0.150718 0.069894 -0.280202
v 0.121222 0.053655 -0.309945
v 0.103261 0.053927 -0.339306
v 0.089273 0.029164 -0.332817
v 0.115512 0.028571 -0.278092
v 0.106300 0.028944 -0.307208
v 0.130235 0.053205 -0.277114
v 0.237349 0.028314 0.267415
v 0.234656 -0.000168 0.321360
v 0.240871 -0.000489 0.261659
v 0.228794 0.028781 0.326053
v 0.211415 0.000072 0.378391
v 0.224258 0.053112 0.271473
v 0.203788 0.029086 0.381562
v 0.173021 0.000184 0.428458
v 0.164544 0.029209 0.429736
v 0.122572 0.000203 0.467428
v 0.188685 0.053891 0.378837
v 0.214007 0.053590 0.326887
v 0.193030 0.070418 0.323929
v 0.204019 0.070004 0.273382
v 0.179897 0.076182 0.273343
v 0.088564 0.070705 0.439617
v 0.115171 0.076653 0.393839
v 0.075446 0.076655 0.418949
v 0.133193 0.070700 0.410539
v 0.147076 0.076616 0.359392
v 0.101980 0.053991 0.456352
v 0.168808 0.070647 0.370866
v 0.169171 0.076491 0.318098
v 0.150446 0.053984 0.423145
v 0.113973 0.029224 0.466401
v 0.197475 -0.069384 0.246264
v 0.174163 -0.075531 0.288439
v 0.173935 -0.074937 0.244215
v 0.197149 -0.069877 0.296279
v 0.162228 -0.076045 0.331440
v 0.218578 -0.053228 0.250047
v 0.182841 -0.070212 0.344695
v 0.138317 -0.076285 0.370397
v 0.154889 -0.070340 0.388439
v 0.104217 -0.076364 0.402383
v 0.199727 -0.053596 0.358073
v 0.216963 -0.053483 0.305054
v 0.230383 -0.028993 0.313834
v 0.234051 -0.029053 0.255424
v 0.125883 -0.028827 0.459343
v 0.174087 -0.028842 0.419871
v 0.123298 -0.053629 0.443953
v 0.209932 -0.028904 0.369937
v 0.167578 -0.053629 0.405638
v 0.115532 -0.070379 0.423968
v 0.117642 -0.027513 0.250145
v 0.109646 0.000707 0.285317
v 0.113145 0.001133 0.256211
v 0.116042 -0.028068 0.280433
v 0.098703 0.000353 0.312462
v 0.131093 -0.052060 0.245855
v 0.106440 -0.028552 0.309164
v 0.080790 0.000148 0.335826
v 0.089251 -0.028837 0.334599
v 0.057146 0.000085 0.353968
v 0.121323 -0.053254 0.311837
v 0.130730 -0.052688 0.279480
v 0.151061 -0.069411 0.282405
v 0.150850 -0.068784 0.243955
v 0.091099 -0.070411 0.381636
v 0.120355 -0.070318 0.353770
v 0.077692 -0.053697 0.364940
v 0.140834 -0.070002 0.319848
v 0.103230 -0.053597 0.341053
v 0.065714 -0.028930 0.355057
v 0.155354 0.070477 0.271567
v 0.145696 0.070634 0.310509
v 0.133872 0.054093 0.267971
v 0.126376 0.070671 0.346249
v 0.098613 0.070666 0.375946
v 0.109685 0.053971 0.332913
v 0.125962 0.054055 0.301871
v 0.113162 0.029478 0.293024
v 0.118928 0.029729 0.262622
v 0.053836 0.029107 0.361999
v 0.079665 0.029135 0.344504
v 0.056411 0.053886 0.377359
v 0.099862 0.029260 0.321005
v 0.086044 0.053896 0.358688
v 0.064142 0.070661 0.397376
v 0.063527 0.000186 0.491813
v 0.055458 0.029208 0.488504
v -0.000010 0.000164 0.500000
v -0.006965 0.029189 0.494730
v -0.063561 0.000148 0.491813
v -0.068876 0.029173 0.484928
v -0.122604 0.000134 0.467428
v -0.012444 0.053959 0.480223
v 0.046387 0.053986 0.475909
v 0.037747 0.070703 0.456179
v -0.115593 0.070703 0.424000
v -0.062673 0.076690 0.424321
v -0.104261 0.076687 0.402407
v -0.068013 0.070703 0.448145
v -0.016689 0.076660 0.434641
v -0.123337 0.053954 0.443977
v -0.015679 0.070700 0.459120
v 0.030456 0.076655 0.432826
v -0.070362 0.053955 0.469538
v -0.125918 0.029163 0.459343
v 0.062663 -0.076366 0.424321
v 0.068002 -0.070379 0.448145
v 0.016684 -0.076339 0.434641
v 0.015671 -0.070377 0.459120
v -0.030478 -0.076334 0.432826
v -0.037771 -0.070379 0.456179
v -0.075521 -0.076332 0.418977
v 0.012432 -0.053635 0.480223
v 0.070332 -0.053630 0.469538
v 0.068865 -0.028839 0.484928
v -0.114010 -0.028888 0.466425
v -0.055494 -0.028875 0.488504
v -0.102024 -0.053666 0.456379
v 0.006949 -0.028858 0.494730
v -0.046424 -0.053661 0.475909
v -0.088636 -0.070382 0.439640
v 0.029548 0.000106 0.365523
v 0.037627 -0.028916 0.368812
v -0.000009 0.000160 0.369515
v 0.006966 -0.028870 0.374737
v -0.029576 0.000206 0.365562
v -0.024247 -0.028824 0.372363
v -0.057187 0.000224 0.354010
v 0.012452 -0.053663 0.389215
v 0.046704 -0.053699 0.381410
v 0.055356 -0.070416 0.400987
v -0.064213 -0.070343 0.397392
v -0.025129 -0.070372 0.409025
v -0.056458 -0.053593 0.377421
v 0.015685 -0.070384 0.410382
v -0.022774 -0.053626 0.387807
v -0.053900 -0.028797 0.362041
v 0.025106 0.070666 0.409017
v -0.015693 0.070700 0.410378
v -0.055389 0.070737 0.400995
v -0.012466 0.053959 0.389186
v 0.022748 0.053916 0.387770
v 0.024215 0.029132 0.372323
v -0.065752 0.029241 0.355122
v -0.037655 0.029233 0.368846
v -0.077733 0.054018 0.364991
v -0.006982 0.029185 0.374710
v -0.046739 0.054019 0.381440
v -0.091143 0.070735 0.381707
v -0.173011 0.000137 0.428446
v -0.174109 0.029164 0.419890
v -0.211280 0.000195 0.378291
v -0.209873 0.029188 0.369961
v -0.234291 0.000348 0.321015
v -0.230169 0.029222 0.313675
v -0.240251 0.000588 0.260874
v -0.199745 0.053885 0.358186
v -0.167617 0.053948 0.405900
v -0.154960 0.070661 0.388564
v -0.197051 0.069850 0.245648
v -0.173976 0.075969 0.288238
v -0.173261 0.075489 0.243326
v -0.197051 0.070242 0.296230
v -0.162253 0.076405 0.331531
v -0.218262 0.053551 0.249575
v -0.182894 0.070536 0.344827
v -0.138389 0.076611 0.370532
v -0.216862 0.053768 0.305032
v -0.233639 0.029246 0.254856
v -0.115284 -0.076329 0.394098
v -0.133267 -0.070379 0.410594
v -0.147172 -0.076303 0.359460
v -0.168801 -0.070365 0.370863
v -0.169090 -0.076251 0.317927
v -0.192768 -0.070245 0.323620
v -0.179371 -0.076057 0.272711
v -0.188587 -0.053620 0.378764
v -0.150475 -0.053664 0.423384
v -0.164537 -0.028889 0.429748
v -0.236533 -0.028272 0.266410
v -0.228321 -0.028634 0.325571
v -0.223381 -0.053084 0.270424
v -0.203622 -0.028828 0.381447
v -0.213571 -0.053453 0.326436
v -0.203266 -0.069945 0.272505
v -0.080816 0.000179 0.335846
v -0.079723 -0.028812 0.344533
v -0.098601 0.000027 0.312330
v -0.099843 -0.028894 0.320954
v -0.109251 -0.000238 0.284937
v -0.112958 -0.029056 0.292835
v -0.112236 -0.000584 0.255505
v -0.109770 -0.053613 0.332962
v -0.086120 -0.053571 0.358752
v -0.098726 -0.070340 0.376034
v -0.154997 -0.070269 0.271179
v -0.145699 -0.070345 0.310467
v -0.133524 -0.053765 0.267665
v -0.126505 -0.070345 0.346335
v -0.125920 -0.053692 0.301804
v -0.118335 -0.029270 0.262198
v -0.120419 0.070647 0.353873
v -0.140810 0.070374 0.319834
v -0.150718 0.069894 0.282013
v -0.121222 0.053655 0.311757
v -0.103261 0.053927 0.341117
v -0.089273 0.029164 0.334628
v -0.116524 0.028119 0.249158
v -0.115512 0.028571 0.279903
v -0.129939 0.052703 0.244693
v -0.106300 0.028944 0.309019
v -0.130235 0.053205 0.278925
v -0.149897 0.069401 0.242838
v -0.230201 0.000816 0.200420
v -0.222158 0.029198 0.195318
v -0.209777 0.000840 0.139329
v -0.201563 0.029285 0.135266
v -0.187195 0.000578 0.075948
v -0.178804 0.031334 0.076828
v -0.185382 0.054245 0.139495
v -0.206058 0.053387 0.193666
v -0.184867 0.069801 0.195479
v -0.118242 0.079670 0.124980
v -0.140126 0.075596 0.108902
v -0.142577 0.076780 0.159108
v -0.164640 0.071315 0.148781
v -0.161750 0.075509 0.199415
v -0.161319 0.058729 0.092183
v -0.176937 -0.075729 0.226943
v -0.199130 -0.069549 0.220995
v -0.161915 -0.075511 0.182827
v -0.181517 -0.069360 0.171130
v -0.136208 -0.075954 0.141434
v -0.155236 -0.070029 0.123265
v -0.198171 -0.052352 0.159767
v -0.217274 -0.052623 0.214296
v -0.228407 -0.027844 0.207262
v -0.184649 -0.028068 0.089974
v -0.208440 -0.027604 0.148847
v -0.173467 -0.052772 0.106388
v -0.107582 -0.000936 0.226323
v -0.115596 -0.029462 0.231457
v -0.095701 -0.001178 0.199592
v -0.104935 -0.029523 0.202858
v -0.077302 -0.001233 0.177090
v -0.087112 -0.029377 0.178112
v -0.053710 -0.001060 0.160037
v -0.121200 -0.053549 0.200678
v -0.131931 -0.053732 0.233192
v -0.153494 -0.070049 0.231447
v -0.089244 -0.070196 0.129769
v -0.119178 -0.069634 0.158934
v -0.076390 -0.052963 0.148283
v -0.141207 -0.069759 0.193473
v -0.102157 -0.053255 0.171797
v -0.063545 -0.029008 0.158593
v -0.139521 0.069259 0.204608
v -0.121729 0.069872 0.169822
v -0.098189 0.071367 0.140892
v -0.105090 0.052431 0.181046
v -0.121097 0.052357 0.211264
v -0.109638 0.027711 0.218952
v -0.050331 0.027626 0.152758
v -0.075631 0.027481 0.169187
v -0.055683 0.053609 0.138449
v -0.095743 0.027483 0.191664
v -0.083017 0.052929 0.156294
v -0.069621 0.073386 0.119670
v -0.026654 -0.000648 0.149411
v -0.036012 -0.028502 0.145774
v 0.002024 -0.000075 0.145921
v -0.006185 -0.028031 0.140652
v 0.030544 0.000570 0.149807
v 0.024147 -0.027661 0.143353
v 0.057174 0.001162 0.160779
v -0.011778 -0.053326 0.126162
v -0.045676 -0.052929 0.132594
v -0.052468 -0.072082 0.110738
v 0.063944 -0.074555 0.116710
v 0.027211 -0.075354 0.106008
v 0.055491 -0.053541 0.138302
v -0.012151 -0.074386 0.103687
v 0.022906 -0.053706 0.128340
v 0.052961 -0.027342 0.153341
v -0.035820 0.075126 0.107008
v 0.003496 0.075432 0.102910
v 0.046639 0.074001 0.108169
v 0.011724 0.053895 0.125752
v -0.023585 0.054027 0.128186
v -0.021234 0.027819 0.143105
v 0.066827 0.028993 0.159551
v 0.039469 0.028498 0.146318
v 0.078280 0.053329 0.148700
v 0.009470 0.028090 0.140772
v 0.046725 0.053566 0.132271
v 0.087159 0.071781 0.127701
v 0.187749 -0.000342 0.079325
v 0.185002 0.028298 0.092843
v 0.210581 -0.000714 0.141757
v 0.209150 0.027737 0.151087
v 0.230993 -0.000744 0.201917
v 0.229321 0.027881 0.208848
v 0.198272 0.052758 0.161227
v 0.172719 0.053458 0.107601
v 0.152365 0.071619 0.121841
v 0.177903 0.075773 0.228080
v 0.200051 0.069615 0.222263
v 0.162356 0.075886 0.183609
v 0.181275 0.069951 0.171821
v 0.133791 0.077520 0.139750
v 0.218158 0.052689 0.215776
v 0.116269 -0.080571 0.123120
v 0.140180 -0.075621 0.109995
v 0.143346 -0.076538 0.160551
v 0.165794 -0.070808 0.151084
v 0.162954 -0.074908 0.201133
v 0.185821 -0.069252 0.197080
v 0.186423 -0.053726 0.141966
v 0.162236 -0.058300 0.095076
v 0.179576 -0.030939 0.080212
v 0.222817 -0.028978 0.196663
v 0.202374 -0.028969 0.137672
v 0.206763 -0.052982 0.195046
v 0.080177 0.001551 0.178075
v 0.078099 -0.027084 0.170045
v 0.097890 0.001675 0.200668
v 0.097914 -0.026972 0.192750
v 0.109099 0.001510 0.227279
v 0.111349 -0.027104 0.220175
v 0.106543 -0.052187 0.181727
v 0.083811 -0.052936 0.156152
v 0.096336 -0.072269 0.138679
v 0.140886 -0.068679 0.206189
v 0.122398 -0.069816 0.170415
v 0.122685 -0.051799 0.212624
v 0.119676 0.070225 0.159184
v 0.142528 0.069853 0.194646
v 0.154445 0.070122 0.232369
v 0.122886 0.053624 0.201802
v 0.104298 0.053324 0.172929
v 0.089818 0.029469 0.179210
v 0.116767 0.029888 0.232173
v 0.106864 0.029805 0.203812
v 0.132863 0.053969 0.233883
v 0.120070 0.042624 0.218079
v 0.112762 0.029882 0.217614
v 0.123933 0.042706 0.233445
v 0.099181 0.029659 0.190971
v 0.096701 0.042093 0.177017
v 0.114625 0.053448 0.186902
v 0.106357 0.042291 0.189731
v 0.128991 0.053810 0.217506
v 0.114199 0.042472 0.203464
v 0.139082 0.063025 0.215884
v 0.143204 0.063211 0.233528
v 0.132505 0.062853 0.198837
v 0.149880 0.069945 0.213266
v 0.123457 0.062770 0.182457
v 0.132392 0.069926 0.176556
v 0.112091 0.062809 0.166910
v 0.123315 -0.061677 0.192167
v 0.132617 -0.069068 0.187947
v 0.131093 -0.061417 0.209203
v 0.110327 -0.070896 0.153903
v 0.089246 -0.063648 0.147717
v 0.095946 -0.052552 0.168067
v 0.102235 -0.062907 0.160862
v 0.115512 -0.051911 0.196730
v 0.113645 -0.062187 0.175924
v 0.109469 -0.040187 0.201405
v 0.116002 -0.040195 0.216329
v 0.109008 -0.013021 0.223902
v 0.111758 0.015990 0.230087
v 0.103735 -0.012891 0.210120
v 0.101235 -0.040259 0.187471
v 0.105480 -0.027003 0.205993
v 0.091388 -0.040408 0.174801
v 0.096770 -0.012822 0.197224
v 0.104362 0.001626 0.213560
v 0.101343 0.016049 0.202876
v 0.107440 0.016055 0.216099
v 0.088193 -0.012825 0.185423
v 0.088751 -0.027008 0.180693
v 0.080042 -0.040575 0.163705
v 0.078135 -0.012890 0.174865
v 0.089791 0.001647 0.188775
v 0.084189 0.015817 0.179531
v 0.093540 0.015969 0.190632
v 0.206097 -0.041709 0.166837
v 0.213311 -0.028905 0.167136
v 0.215605 -0.041724 0.195308
v 0.190839 -0.029499 0.108679
v 0.171725 -0.045717 0.087339
v 0.174577 -0.055325 0.117486
v 0.183551 -0.043068 0.111879
v 0.197318 -0.053097 0.168082
v 0.195211 -0.042030 0.138831
v 0.187374 -0.062550 0.170386
v 0.196716 -0.062275 0.195685
v 0.174464 -0.073533 0.198964
v 0.151629 -0.073244 0.203518
v 0.165436 -0.074057 0.176943
v 0.176508 -0.063515 0.146315
v 0.176635 -0.069700 0.173542
v 0.164466 -0.065383 0.123687
v 0.154619 -0.075209 0.155853
v 0.154099 -0.075450 0.180453
v 0.132427 -0.074680 0.165308
v 0.143032 -0.073729 0.184099
v 0.142170 -0.077082 0.135778
v 0.153550 -0.072749 0.129872
v 0.151600 -0.068392 0.102783
v 0.128290 -0.079674 0.116648
v 0.130730 -0.078233 0.141434
v 0.105239 -0.078087 0.130190
v 0.119963 -0.076101 0.147418
v 0.126888 0.075190 0.150094
v 0.158457 0.075062 0.154084
v 0.201504 0.062368 0.192578
v 0.171896 0.074430 0.177634
v 0.149586 0.076435 0.161676
v 0.152560 0.074263 0.189476
v 0.141146 0.074562 0.169484
v 0.182390 0.074141 0.201381
v 0.192324 0.069656 0.196926
v 0.209748 0.062353 0.219074
v 0.189305 0.074141 0.225304
v 0.171803 0.075719 0.205709
v 0.166166 0.074366 0.230523
v 0.160922 0.074239 0.209816
v 0.167657 0.070549 0.146943
v 0.141812 0.076439 0.129945
v 0.163397 0.063691 0.114629
v 0.185526 0.052998 0.134401
v 0.176866 0.063045 0.140429
v 0.209557 0.052646 0.188358
v 0.190192 0.062599 0.166371
v 0.215924 0.040936 0.184124
v 0.224775 0.041028 0.212369
v 0.231416 0.013774 0.205326
v 0.228049 -0.015158 0.198930
v 0.222187 0.013676 0.175801
v 0.204773 0.040940 0.156162
v 0.220276 0.027756 0.179928
v 0.192378 0.041085 0.128284
v 0.211096 0.013695 0.146149
v 0.221624 -0.000772 0.171954
v 0.207616 -0.015040 0.138699
v 0.218575 -0.015128 0.168983
v 0.199176 0.013839 0.116148
v 0.196995 0.027874 0.122108
v 0.180003 0.041470 0.100317
v 0.187560 0.014317 0.085663
v 0.198912 -0.000559 0.111002
v 0.185183 -0.015443 0.076683
v 0.196045 -0.015136 0.108370
v 0.109528 0.076548 0.130524
v 0.104597 0.070798 0.142850
v 0.066348 0.063858 0.129112
v 0.027855 0.041461 0.136371
v 0.083292 0.063397 0.139507
v 0.063098 0.053419 0.139297
v 0.098617 0.063025 0.152452
v 0.092118 0.053279 0.160093
v 0.024690 0.028279 0.142522
v 0.058609 0.041635 0.146977
v 0.043615 0.041535 0.140571
v 0.072602 0.041767 0.155334
v 0.053591 0.028741 0.152026
v 0.085385 0.041912 0.165489
v 0.078984 0.029235 0.168685
v -0.005937 0.027942 0.140973
v -0.021239 0.041376 0.136582
v -0.006172 0.054028 0.125946
v -0.004896 0.041397 0.134489
v 0.029474 0.053742 0.127745
v 0.011563 0.041424 0.134396
v 0.028859 0.064887 0.116928
v 0.067828 0.072901 0.115658
v 0.048020 0.064402 0.121520
v 0.009229 0.065289 0.115178
v 0.024658 0.074955 0.104180
v -0.010029 0.065476 0.115648
v -0.016776 0.075499 0.103895
v -0.028435 0.065387 0.118212
v 0.066755 -0.013015 0.165715
v 0.066113 -0.027206 0.160887
v 0.038461 -0.041030 0.140860
v 0.006036 -0.064941 0.115898
v 0.053398 -0.040906 0.146688
v 0.039609 -0.053703 0.132367
v 0.067328 -0.040751 0.154334
v 0.070274 -0.053290 0.146198
v 0.007767 -0.075092 0.103797
v 0.042209 -0.065162 0.122133
v 0.024439 -0.065196 0.118016
v 0.059063 -0.064863 0.128269
v 0.045923 -0.075175 0.110297
v 0.074793 -0.064348 0.136797
v 0.080817 -0.073592 0.125946
v -0.032259 -0.073347 0.105851
v -0.049623 -0.063221 0.122775
v -0.028991 -0.053091 0.128206
v -0.031472 -0.063799 0.118055
v 0.005670 -0.053571 0.126235
v -0.012729 -0.064451 0.115879
v 0.061521 0.015345 0.161299
v 0.054259 -0.013190 0.158064
v 0.073445 0.015608 0.169709
v 0.069249 0.001382 0.168700
v 0.040859 -0.013409 0.152045
v 0.006686 -0.041109 0.134670
v 0.038892 -0.027505 0.147472
v 0.022797 -0.041099 0.136831
v 0.026832 -0.013670 0.147727
v 0.044209 0.000879 0.154446
v 0.034933 0.014737 0.149359
v 0.048614 0.015047 0.154486
v 0.012391 -0.013948 0.145198
v -0.009489 -0.041134 0.134474
v 0.009039 -0.027837 0.141046
v -0.025481 -0.041178 0.136312
v -0.002218 -0.014246 0.144526
v 0.016414 0.000246 0.146933
v 0.006099 0.014148 0.144649
v 0.020691 0.014431 0.146070
v -0.016784 -0.014545 0.145742
v -0.021280 -0.028251 0.142208
v -0.041010 -0.041292 0.140297
v -0.031086 -0.014836 0.148830
v -0.012407 -0.000375 0.146732
v -0.023208 0.013691 0.147443
v -0.008606 0.013898 0.145114
v -0.053418 0.074371 0.112266
v -0.076371 0.063848 0.138121
v -0.089496 0.040728 0.174135
v -0.061665 0.064471 0.129445
v -0.069984 0.053271 0.146453
v -0.045711 0.065039 0.122814
v -0.040184 0.053887 0.132357
v -0.086409 0.027458 0.179732
v -0.065662 0.041011 0.153908
v -0.078224 0.040847 0.163205
v -0.051859 0.041165 0.146325
v -0.063569 0.027546 0.160162
v -0.036987 0.041300 0.140547
v -0.036154 0.027725 0.147051
v -0.103519 0.027568 0.204811
v -0.114326 0.040776 0.215041
v -0.113905 0.052334 0.195602
v -0.107651 0.040682 0.200258
v -0.094756 0.052636 0.167881
v -0.099343 0.040664 0.186545
v -0.101921 0.062697 0.161245
v -0.084527 0.072352 0.129249
v -0.089781 0.063226 0.148756
v -0.112679 0.062290 0.175409
v -0.110606 0.070519 0.154495
v -0.121962 0.062050 0.191010
v -0.131422 0.069450 0.186628
v -0.129632 0.061976 0.207752
v -0.044904 -0.015108 0.153765
v -0.050173 -0.028759 0.151261
v -0.082664 -0.041880 0.164411
v -0.121805 -0.062672 0.181310
v -0.069807 -0.041673 0.154491
v -0.090001 -0.053091 0.159240
v -0.055855 -0.041469 0.146413
v -0.061563 -0.052884 0.139326
v -0.131294 -0.069656 0.175669
v -0.097569 -0.062496 0.152202
v -0.110596 -0.062550 0.166077
v -0.082954 -0.062540 0.140017
v -0.105102 -0.069759 0.143581
v -0.066902 -0.062770 0.130151
v -0.071730 -0.070955 0.118594
v -0.148659 -0.069902 0.212129
v -0.142278 -0.063069 0.232734
v -0.127677 -0.053658 0.216579
v -0.137813 -0.062952 0.214844
v -0.112635 -0.053409 0.185687
v -0.130946 -0.062809 0.197636
v -0.051028 0.013400 0.157397
v -0.058039 -0.015337 0.160431
v -0.037424 0.013521 0.151565
v -0.040506 -0.000878 0.153863
v -0.070264 -0.015509 0.168743
v -0.104176 -0.042207 0.188589
v -0.075944 -0.029215 0.167611
v -0.094197 -0.042061 0.175840
v -0.081351 -0.015616 0.178512
v -0.066069 -0.001173 0.167817
v -0.075342 0.013288 0.173895
v -0.063741 0.013324 0.164881
v -0.091080 -0.015661 0.189613
v -0.112395 -0.042307 0.202444
v -0.096848 -0.029476 0.189917
v -0.118673 -0.042364 0.217241
v -0.099270 -0.015647 0.201881
v -0.087252 -0.001231 0.187726
v -0.094515 0.013362 0.196097
v -0.085659 0.013303 0.184349
v -0.105744 -0.015581 0.215168
v -0.111229 -0.029514 0.216770
v -0.122908 -0.042374 0.232778
v -0.110410 -0.015477 0.229264
v -0.102514 -0.001077 0.212526
v -0.107351 0.013630 0.222794
v -0.101774 0.013475 0.208988
v -0.192216 -0.040748 0.126206
v -0.196471 -0.027684 0.119545
v -0.180057 -0.041083 0.098097
v -0.219438 -0.027676 0.178021
v -0.223873 -0.040977 0.210816
v -0.208979 -0.052436 0.186829
v -0.215218 -0.040789 0.182389
v -0.185933 -0.052416 0.133038
v -0.204318 -0.040694 0.154246
v -0.177939 -0.062167 0.139939
v -0.165093 -0.062584 0.114717
v -0.145204 -0.074602 0.132136
v -0.127712 -0.074151 0.150683
v -0.112459 -0.074709 0.133082
v -0.159682 -0.074023 0.154393
v -0.190388 -0.062054 0.165386
v -0.169038 -0.069504 0.147051
v -0.201019 -0.062108 0.191289
v -0.171910 -0.073901 0.177012
v -0.150208 -0.075582 0.161779
v -0.151624 -0.074053 0.188456
v -0.140837 -0.074028 0.169047
v -0.181679 -0.073945 0.200273
v -0.191790 -0.069401 0.195788
v -0.208871 -0.062275 0.217717
v -0.188359 -0.074087 0.224108
v -0.170906 -0.075587 0.204581
v -0.165191 -0.074322 0.229474
v -0.159824 -0.074170 0.208645
v -0.150350 0.073837 0.201846
v -0.164230 0.074611 0.174934
v -0.163422 0.065843 0.121089
v -0.153609 0.075606 0.153903
v -0.152928 0.075945 0.178634
v -0.131818 0.074788 0.164391
v -0.141871 0.074165 0.182516
v -0.141822 0.077150 0.134503
v -0.152747 0.073058 0.127803
v -0.150953 0.068666 0.100587
v -0.129113 0.079243 0.116991
v -0.130941 0.078018 0.141130
v -0.107793 0.076939 0.132940
v -0.120409 0.075724 0.147781
v -0.175484 0.070269 0.171474
v -0.173366 0.074121 0.197269
v -0.195897 0.062765 0.194200
v -0.196417 0.053567 0.166141
v -0.186345 0.063089 0.168366
v -0.173504 0.055835 0.114624
v -0.175356 0.064064 0.143855
v -0.182596 0.043529 0.108939
v -0.170813 0.046165 0.084084
v -0.184551 0.015755 0.073259
v -0.187056 -0.014121 0.082430
v -0.195304 0.015399 0.105420
v -0.194299 0.042459 0.136390
v -0.190011 0.029867 0.105723
v -0.205303 0.042075 0.164965
v -0.206827 0.015248 0.136278
v -0.198206 0.000739 0.108081
v -0.210287 -0.013600 0.143752
v -0.198495 -0.013697 0.113325
v -0.217796 0.015289 0.167087
v -0.212557 0.029165 0.165279
v -0.214953 0.042035 0.193975
v -0.227334 0.015292 0.197514
v -0.220800 0.000863 0.170008
v -0.230539 -0.013735 0.203758
v -0.221320 -0.013617 0.173831
v -0.156937 0.073759 0.222054
v -0.145758 0.069255 0.223451
v -0.140827 0.062466 0.261749
v -0.118585 0.041880 0.294573
v -0.139303 0.062231 0.243433
v -0.131216 0.052946 0.261852
v -0.135475 0.062049 0.225328
v -0.126496 0.052489 0.227730
v -0.111929 0.028772 0.294788
v -0.123168 0.041412 0.262803
v -0.121982 0.041657 0.278879
v -0.122242 0.041169 0.246619
v -0.117037 0.028347 0.264606
v -0.119232 0.040944 0.230597
v -0.114012 0.027896 0.233837
v -0.098701 0.029074 0.322368
v -0.095731 0.042324 0.336978
v -0.113297 0.053815 0.326994
v -0.105347 0.042220 0.323848
v -0.126893 0.053445 0.295646
v -0.113022 0.042073 0.309649
v -0.136529 0.062981 0.297911
v -0.151595 0.069627 0.262450
v -0.139950 0.062731 0.280001
v -0.130618 0.063201 0.315217
v -0.147115 0.070151 0.301243
v -0.122252 0.063368 0.331611
v -0.131848 0.070538 0.337473
v -0.111606 0.063481 0.346844
v -0.113184 -0.015342 0.243943
v -0.117982 -0.029377 0.246693
v -0.122732 -0.042219 0.281413
v -0.127383 -0.063192 0.323490
v -0.124957 -0.042291 0.265151
v -0.130843 -0.053735 0.284947
v -0.125006 -0.042348 0.248844
v -0.133892 -0.053766 0.250315
v -0.137264 -0.070347 0.329009
v -0.140621 -0.063221 0.288201
v -0.135156 -0.063211 0.306247
v -0.143689 -0.063206 0.269689
v -0.151654 -0.070323 0.291064
v -0.144238 -0.063157 0.251104
v -0.155614 -0.070176 0.251217
v -0.113581 -0.070342 0.362121
v -0.091776 -0.063148 0.367175
v -0.098799 -0.053586 0.346653
v -0.105509 -0.063157 0.354245
v -0.118860 -0.053649 0.317917
v -0.117458 -0.063172 0.339591
v -0.113130 0.014026 0.252177
v -0.114037 -0.015194 0.258921
v -0.111155 0.013819 0.237282
v -0.110846 -0.000768 0.240738
v -0.112915 -0.015047 0.273924
v -0.112072 -0.042079 0.312482
v -0.116649 -0.029161 0.277683
v -0.118419 -0.042145 0.297293
v -0.109871 -0.014911 0.288642
v -0.111714 -0.000406 0.270341
v -0.111209 0.014430 0.281967
v -0.113150 0.014233 0.267170
v -0.104901 -0.014794 0.302782
v -0.103818 -0.042025 0.326676
v -0.107337 -0.028966 0.307350
v -0.093746 -0.041986 0.339625
v -0.098093 -0.014699 0.316094
v -0.104867 -0.000093 0.299013
v -0.101421 0.014751 0.309938
v -0.107278 0.014604 0.296298
v -0.089511 -0.014629 0.328352
v -0.090594 -0.028842 0.333420
v -0.082042 -0.041968 0.351114
v -0.079316 -0.014583 0.339365
v -0.090541 0.000117 0.324676
v -0.084227 0.014938 0.334258
v -0.093682 0.014862 0.322652
v -0.191707 -0.074268 0.248379
v -0.203009 -0.069745 0.246644
v -0.210748 -0.062897 0.298827
v -0.211238 -0.041934 0.354358
v -0.213988 -0.062707 0.271718
v -0.220457 -0.053289 0.298646
v -0.213316 -0.062486 0.244600
v -0.222217 -0.052849 0.242233
v -0.217914 -0.028752 0.354186
v -0.228505 -0.041647 0.297759
v -0.221879 -0.041817 0.326485
v -0.230990 -0.041440 0.268650
v -0.234534 -0.028469 0.296161
v -0.229323 -0.041205 0.239596
v -0.234318 -0.028052 0.236738
v -0.185693 -0.028870 0.406794
v -0.158045 -0.042057 0.427477
v -0.170999 -0.053653 0.402293
v -0.179007 -0.042042 0.405367
v -0.202852 -0.053558 0.353314
v -0.196863 -0.042003 0.380820
v -0.167039 -0.074607 0.272189
v -0.191584 -0.074450 0.272841
v -0.167597 -0.074479 0.250746
v -0.179762 -0.075901 0.249737
v -0.187987 -0.074597 0.297224
v -0.193089 -0.063137 0.351143
v -0.199789 -0.070117 0.298317
v -0.203725 -0.063045 0.325455
v -0.181086 -0.074700 0.321069
v -0.175763 -0.076175 0.295578
v -0.157153 -0.074744 0.314394
v -0.163510 -0.074695 0.293539
v -0.171024 -0.074758 0.343972
v -0.179096 -0.063192 0.375384
v -0.182355 -0.070323 0.347952
v -0.161981 -0.063216 0.397725
v -0.158035 -0.074783 0.365479
v -0.159486 -0.076288 0.339365
v -0.136534 -0.074773 0.353040
v -0.148090 -0.074763 0.334361
v -0.142332 -0.074793 0.385187
v -0.152326 -0.070377 0.391891
v -0.142102 -0.063221 0.417624
v -0.124227 -0.074803 0.402681
v -0.132348 -0.076317 0.377840
v -0.106666 -0.074788 0.385118
v -0.122639 -0.074783 0.370091
v -0.234387 0.015268 0.227754
v -0.229446 0.029231 0.225162
v -0.227667 0.042244 0.280908
v -0.129446 0.075077 0.361872
v -0.161456 0.075023 0.359539
v -0.201656 0.063324 0.326519
v -0.226873 0.042181 0.252055
v -0.219443 0.053669 0.277458
v -0.222374 0.042108 0.223088
v -0.213552 0.053432 0.221593
v -0.172857 0.074920 0.338071
v -0.151747 0.076533 0.351736
v -0.151472 0.074832 0.325353
v -0.141787 0.074984 0.344271
v -0.180963 0.074758 0.315457
v -0.191751 0.070411 0.320942
v -0.209660 0.063049 0.274130
v -0.207567 0.063201 0.300577
v -0.163142 0.074092 0.263832
v -0.180527 0.073984 0.220486
v -0.168651 0.075386 0.221089
v -0.161344 0.073876 0.242821
v -0.175096 0.075709 0.265827
v -0.185722 0.074548 0.292068
v -0.169681 0.076209 0.310247
v -0.162192 0.074362 0.284810
v -0.158290 0.074616 0.305419
v -0.187085 0.074312 0.268244
v -0.208180 0.062883 0.247398
v -0.198735 0.070043 0.271047
v -0.185286 0.074102 0.244271
v -0.203362 0.062750 0.220672
v -0.192222 0.069725 0.220358
v -0.170529 0.070612 0.367498
v -0.147008 0.075087 0.379506
v -0.161932 0.063500 0.397462
v -0.185394 0.053922 0.382981
v -0.178635 0.063461 0.375379
v -0.210263 0.053838 0.332067
v -0.191981 0.063407 0.351584
v -0.239655 -0.014082 0.263788
v -0.238170 0.015208 0.257843
v -0.236901 -0.013899 0.233714
v -0.236945 0.000716 0.230656
v -0.237935 0.015137 0.287868
v -0.217188 0.042304 0.337385
v -0.233951 0.029240 0.284422
v -0.224510 0.042281 0.309428
v -0.233465 0.015067 0.317599
v -0.239401 0.000462 0.291093
v -0.232510 -0.014398 0.323715
v -0.238224 -0.014253 0.293901
v -0.224663 0.015010 0.346697
v -0.205793 0.042322 0.364386
v -0.222075 0.029203 0.342340
v -0.190516 0.042335 0.389931
v -0.211719 0.014966 0.374664
v -0.224829 0.000259 0.350261
v -0.208498 -0.014581 0.380575
v -0.222521 -0.014507 0.352794
v -0.194873 0.014935 0.400936
v -0.193741 0.029175 0.395992
v -0.171744 0.042339 0.413436
v -0.174523 0.014919 0.424976
v -0.193858 0.000156 0.404516
v -0.169597 -0.014645 0.430057
v -0.190721 -0.014625 0.406496
v -0.114693 0.075131 0.377801
v -0.106754 0.070705 0.368714
v -0.068396 0.063584 0.382692
v -0.026316 0.042385 0.378590
v -0.084384 0.063574 0.372664
v -0.062788 0.054027 0.374242
v -0.098892 0.063544 0.360612
v -0.091324 0.053990 0.353868
v -0.022516 0.029213 0.372806
v -0.057314 0.042416 0.367547
v -0.042179 0.042408 0.374110
v -0.071453 0.042410 0.359063
v -0.052154 0.029244 0.362915
v -0.084350 0.042384 0.348790
v -0.078219 0.029218 0.345624
v 0.008679 0.029156 0.374546
v 0.022977 0.042304 0.379134
v 0.005175 0.053936 0.389637
v 0.006536 0.042324 0.381104
v -0.029874 0.053991 0.386441
v -0.009981 0.042352 0.380937
v -0.033095 0.063550 0.396043
v -0.073925 0.070745 0.392524
v -0.051197 0.063574 0.390534
v -0.014381 0.063525 0.399172
v -0.035864 0.070720 0.406994
v 0.004582 0.063505 0.399780
v 0.004742 0.070681 0.411021
v 0.023484 0.063486 0.397886
v -0.067676 -0.014559 0.348952
v -0.067421 -0.028798 0.354128
v -0.039077 -0.041988 0.375090
v -0.004596 -0.063206 0.399799
v -0.054468 -0.041975 0.368988
v -0.039967 -0.053610 0.383697
v -0.068867 -0.041967 0.360950
v -0.071930 -0.053577 0.369067
v -0.004755 -0.070377 0.411025
v -0.042002 -0.063182 0.393628
v -0.023505 -0.063196 0.397909
v -0.059771 -0.063162 0.387029
v -0.045067 -0.070357 0.404473
v -0.076445 -0.063148 0.378163
v -0.082184 -0.070338 0.387848
v 0.035846 -0.070401 0.406998
v 0.051161 -0.063255 0.390514
v 0.029849 -0.053684 0.386446
v 0.033072 -0.063241 0.396055
v -0.005191 -0.053643 0.389671
v 0.014369 -0.063221 0.399191
v -0.060923 0.015000 0.353417
v -0.054823 -0.014553 0.356975
v -0.073229 0.014982 0.344565
v -0.069632 0.000213 0.345683
v -0.040992 -0.014559 0.363278
v -0.006555 -0.042026 0.381143
v -0.039414 -0.028807 0.368160
v -0.023008 -0.042005 0.379173
v -0.026478 -0.014576 0.367768
v -0.043754 0.000221 0.360691
v -0.033385 0.014988 0.365964
v -0.047558 0.015001 0.360592
v -0.011534 -0.014598 0.370317
v 0.009965 -0.042048 0.380967
v -0.008700 -0.028846 0.374585
v 0.026293 -0.042071 0.378590
v 0.003584 -0.014623 0.370870
v -0.014915 0.000186 0.368533
v -0.003601 0.014941 0.370856
v -0.018652 0.014967 0.369400
v 0.018631 -0.014649 0.369385
v 0.022495 -0.028895 0.372801
v 0.042148 -0.042088 0.374081
v 0.033358 -0.014673 0.365925
v 0.014894 0.000132 0.368508
v 0.026450 0.014887 0.367729
v 0.011513 0.014912 0.370282
v -0.103980 -0.074807 0.417557
v -0.111915 -0.070381 0.426576
v -0.069283 -0.063221 0.459465
v -0.020691 -0.042041 0.487841
v -0.095383 -0.063221 0.448682
v -0.074881 -0.053664 0.467946
v -0.119771 -0.063221 0.434665
v -0.127344 -0.053666 0.441479
v -0.024485 -0.028868 0.493624
v -0.080346 -0.042054 0.474659
v -0.050977 -0.042050 0.483238
v -0.108303 -0.042057 0.462406
v -0.085502 -0.028882 0.479364
v -0.134333 -0.042061 0.446624
v -0.140489 -0.028893 0.449760
v 0.038252 -0.028847 0.491813
v 0.070102 -0.042012 0.478137
v 0.041756 -0.053631 0.476764
v 0.040396 -0.042017 0.485245
v -0.017134 -0.053648 0.479952
v 0.009946 -0.042026 0.488480
v -0.069527 -0.074788 0.408143
v -0.081938 -0.074807 0.429614
v -0.088855 -0.074788 0.397843
v -0.096231 -0.076332 0.407849
v -0.058422 -0.074807 0.438735
v -0.013910 -0.063206 0.470295
v -0.063757 -0.070381 0.449564
v -0.041967 -0.063216 0.466719
v -0.033908 -0.074807 0.444761
v -0.053464 -0.076332 0.427364
v -0.027490 -0.074803 0.420796
v -0.048937 -0.074793 0.415844
v -0.008797 -0.074807 0.447553
v 0.014351 -0.063201 0.470295
v -0.011135 -0.070377 0.459367
v 0.042356 -0.063201 0.466672
v 0.016451 -0.074807 0.447067
v -0.006950 -0.076337 0.435253
v 0.016458 -0.074813 0.422314
v -0.005554 -0.074807 0.422953
v 0.041423 -0.074813 0.443291
v 0.042211 -0.070377 0.455348
v 0.069611 -0.063201 0.459367
v 0.065649 -0.074822 0.436331
v 0.040033 -0.076352 0.430987
v 0.059227 -0.074842 0.412413
v 0.038188 -0.074827 0.418785
v -0.151076 0.014914 0.446279
v -0.151340 0.029161 0.441134
v -0.098603 0.042339 0.467111
v 0.027466 0.075111 0.420796
v 0.008787 0.075131 0.447553
v -0.042374 0.063525 0.466672
v -0.125344 0.042337 0.452407
v -0.097706 0.053954 0.458485
v -0.149875 0.042336 0.434371
v -0.146782 0.053954 0.426333
v -0.016456 0.075131 0.447067
v 0.006940 0.076655 0.435253
v -0.016464 0.075131 0.422314
v 0.005542 0.075116 0.422953
v -0.041425 0.075136 0.443291
v -0.042218 0.070700 0.455348
v -0.095672 0.063525 0.448486
v -0.069631 0.063525 0.459367
v -0.079258 0.075170 0.403336
v -0.129824 0.075126 0.397533
v -0.122443 0.076660 0.387544
v -0.097843 0.075160 0.391749
v -0.084218 0.076695 0.414715
v -0.065659 0.075146 0.436331
v -0.040035 0.076675 0.430987
v -0.059247 0.075165 0.412413
v -0.038195 0.075151 0.418785
v -0.088751 0.075151 0.426235
v -0.120026 0.063525 0.434371
v -0.092618 0.070705 0.437605
v -0.110268 0.075146 0.413236
v -0.142258 0.063520 0.417255
v -0.136509 0.070690 0.407531
v 0.011125 0.070700 0.459367
v 0.033886 0.075131 0.444761
v 0.041935 0.063539 0.466719
v 0.017113 0.053973 0.479952
v 0.013896 0.063530 0.470295
v -0.041774 0.053956 0.476764
v -0.014362 0.063525 0.470295
v -0.118855 -0.014646 0.468091
v -0.124981 0.014916 0.464413
v -0.145498 -0.014651 0.450741
v -0.149105 0.000131 0.449564
v -0.096672 0.014922 0.478925
v -0.040405 0.042346 0.485245
v -0.098260 0.029167 0.474020
v -0.070122 0.042342 0.478137
v -0.066649 0.014929 0.489558
v -0.093908 0.000140 0.481571
v -0.059757 -0.014631 0.491421
v -0.090099 -0.014639 0.481716
v -0.035439 0.014937 0.496126
v -0.009959 0.042354 0.488480
v -0.038262 0.029179 0.491813
v 0.020666 0.042369 0.487841
v -0.003593 0.014945 0.498628
v -0.032069 0.000155 0.497941
v 0.003573 -0.014615 0.498628
v -0.028340 -0.014624 0.497059
v 0.028314 0.014954 0.497059
v 0.024459 0.029199 0.493624
v 0.050941 0.042379 0.483238
v 0.059721 0.014965 0.491421
v 0.032043 0.000175 0.497941
v 0.066629 -0.014594 0.489558
v 0.035418 -0.014605 0.496126
v 0.048890 0.075111 0.415844
v 0.045023 0.070661 0.404461
v 0.076366 0.063466 0.378114
v 0.093692 0.042328 0.339595
v 0.059715 0.063466 0.386991
v 0.071867 0.053885 0.369003
v 0.041967 0.063471 0.393592
v 0.039931 0.053897 0.383648
v 0.090565 0.029183 0.333425
v 0.068803 0.042273 0.360891
v 0.081978 0.042289 0.351064
v 0.054411 0.042274 0.368934
v 0.067353 0.029110 0.354084
v 0.039029 0.042286 0.375046
v 0.039365 0.029115 0.368121
v 0.114218 0.015866 0.244634
v 0.118840 0.029831 0.247261
v 0.117027 0.029606 0.277982
v 0.107425 0.029361 0.307458
v 0.118531 0.042541 0.297405
v 0.122991 0.042622 0.281629
v 0.118816 0.054014 0.317913
v 0.112086 0.042462 0.312521
v 0.098711 0.053928 0.346590
v 0.103783 0.042388 0.326671
v 0.105391 0.063495 0.354167
v 0.082091 0.070661 0.387809
v 0.091677 0.063476 0.367106
v 0.117340 0.063515 0.339527
v 0.113449 0.070671 0.362004
v 0.127305 0.063530 0.323466
v 0.125408 0.042687 0.265494
v 0.131010 0.054086 0.285113
v 0.125711 0.042722 0.249344
v 0.134500 0.054060 0.250800
v 0.137176 0.070661 0.328975
v 0.140748 0.063520 0.288353
v 0.135156 0.063535 0.306287
v 0.144013 0.063471 0.270008
v 0.151796 0.070578 0.291250
v 0.144831 0.063373 0.251638
v 0.156256 0.070318 0.251864
v 0.047524 -0.014691 0.360538
v 0.052121 -0.028931 0.362862
v 0.084311 -0.042067 0.348722
v 0.122237 -0.063020 0.331572
v 0.071415 -0.042094 0.359005
v 0.091281 -0.053668 0.353799
v 0.057279 -0.042098 0.367503
v 0.062750 -0.053705 0.374198
v 0.131809 -0.070195 0.337405
v 0.098838 -0.063221 0.360534
v 0.111557 -0.063152 0.346766
v 0.084340 -0.063250 0.372601
v 0.106695 -0.070381 0.368616
v 0.068357 -0.063260 0.382643
v 0.073886 -0.070421 0.392490
v 0.158060 -0.073131 0.223480
v 0.146998 -0.068612 0.224902
v 0.152222 -0.069073 0.263185
v 0.147262 -0.069730 0.301400
v 0.140376 -0.062226 0.280486
v 0.141562 -0.061888 0.262578
v 0.127153 -0.052992 0.295925
v 0.136735 -0.062540 0.298126
v 0.113307 -0.053458 0.326975
v 0.130682 -0.062814 0.315266
v 0.054770 0.014864 0.356936
v 0.060885 -0.014691 0.353363
v 0.040953 0.014869 0.363239
v 0.043720 0.000088 0.360646
v 0.073190 -0.014669 0.344521
v 0.105371 -0.041861 0.323853
v 0.078180 -0.028904 0.345565
v 0.095707 -0.041994 0.336929
v 0.084208 -0.014612 0.334238
v 0.069588 0.000102 0.345643
v 0.079273 0.014909 0.339346
v 0.067617 0.014874 0.348913
v 0.093716 -0.014512 0.322691
v 0.113150 -0.041674 0.309771
v 0.098735 -0.028720 0.322397
v 0.118879 -0.041429 0.294891
v 0.140371 -0.061594 0.244600
v 0.132034 -0.052356 0.262720
v 0.136827 -0.061402 0.226759
v 0.127927 -0.051854 0.229087
v 0.101553 -0.014365 0.310085
v 0.090560 0.000231 0.324715
v 0.098157 0.015072 0.316192
v 0.089506 0.014975 0.328382
v 0.107557 -0.014170 0.296592
v 0.112233 -0.028329 0.295107
v 0.124016 -0.040827 0.263646
v 0.122516 -0.041142 0.279443
v 0.113424 0.015529 0.274340
v 0.112052 0.001341 0.241586
v 0.112503 -0.013213 0.238297
v 0.114792 0.015704 0.259475
v 0.112346 0.000920 0.270885
v 0.111684 -0.013942 0.282432
v 0.105092 0.000516 0.299258
v 0.110175 0.015358 0.288927
v 0.105063 0.015203 0.302963
v 0.113885 -0.013691 0.267837
v 0.123403 -0.040544 0.247707
v 0.117850 -0.027782 0.265376
v 0.114164 -0.013443 0.253035
v 0.120683 -0.040320 0.231857
v 0.115444 -0.027274 0.234994
v 0.088717 -0.074827 0.426235
v 0.092584 -0.070381 0.437605
v 0.142200 -0.063196 0.417095
v 0.190506 -0.042028 0.389755
v 0.119977 -0.063201 0.434324
v 0.146738 -0.053630 0.426187
v 0.095643 -0.063201 0.448486
v 0.097672 -0.053629 0.458485
v 0.193751 -0.028868 0.395941
v 0.149836 -0.042009 0.434324
v 0.171714 -0.042018 0.413287
v 0.125305 -0.042007 0.452407
v 0.151306 -0.028830 0.441134
v 0.098569 -0.042008 0.467111
v 0.098236 -0.028831 0.474020
v 0.235004 -0.015141 0.228759
v 0.229980 -0.029034 0.226073
v 0.234259 -0.029034 0.284746
v 0.222202 -0.028948 0.342394
v 0.224658 -0.042028 0.309507
v 0.227902 -0.041997 0.281148
v 0.210292 -0.053555 0.332003
v 0.217262 -0.042038 0.337375
v 0.185359 -0.053617 0.382770
v 0.205812 -0.042036 0.364293
v 0.097799 -0.074837 0.391700
v 0.110214 -0.074822 0.413221
v 0.079223 -0.074847 0.403324
v 0.084189 -0.076371 0.414715
v 0.129760 -0.074803 0.397470
v 0.178576 -0.063152 0.375223
v 0.136440 -0.070367 0.407437
v 0.161873 -0.063182 0.397258
v 0.146934 -0.074763 0.379383
v 0.122384 -0.076337 0.387461
v 0.129378 -0.074749 0.361744
v 0.114635 -0.074807 0.377697
v 0.161383 -0.074695 0.359392
v 0.191937 -0.063103 0.351461
v 0.170455 -0.070294 0.367361
v 0.201661 -0.063015 0.326431
v 0.227216 -0.041926 0.252550
v 0.219634 -0.053373 0.277654
v 0.222864 -0.041832 0.223951
v 0.214052 -0.053073 0.222471
v 0.172812 -0.074577 0.337948
v 0.151683 -0.076195 0.351599
v 0.151468 -0.074464 0.325313
v 0.141734 -0.074641 0.344163
v 0.180988 -0.074391 0.315413
v 0.191756 -0.070073 0.320863
v 0.209851 -0.062697 0.274341
v 0.207651 -0.062878 0.300592
v 0.163652 -0.073567 0.264450
v 0.169632 -0.074788 0.222432
v 0.181355 -0.073425 0.221706
v 0.162162 -0.073288 0.243840
v 0.175493 -0.075214 0.266322
v 0.185855 -0.074141 0.292181
v 0.169734 -0.075817 0.310262
v 0.162451 -0.073901 0.285108
v 0.158383 -0.074210 0.305507
v 0.187384 -0.073852 0.268616
v 0.208528 -0.062486 0.247918
v 0.198965 -0.069632 0.271321
v 0.185825 -0.073587 0.245022
v 0.203930 -0.062309 0.221628
v 0.192907 -0.069215 0.221442
v 0.090060 0.014976 0.481716
v 0.085463 0.029217 0.479364
v 0.134298 0.042390 0.446475
v 0.157178 0.075009 0.314486
v 0.163701 0.074915 0.293808
v 0.171053 0.075018 0.344055
v 0.161966 0.063520 0.397588
v 0.108263 0.042388 0.462355
v 0.127300 0.053992 0.441330
v 0.080306 0.042383 0.474659
v 0.074837 0.053989 0.467946
v 0.157986 0.075082 0.365469
v 0.159452 0.076572 0.339395
v 0.136411 0.075092 0.352932
v 0.148017 0.075062 0.334342
v 0.142244 0.075111 0.385108
v 0.152276 0.070685 0.391833
v 0.119713 0.063544 0.434618
v 0.142052 0.063539 0.417475
v 0.088756 0.075111 0.397764
v 0.058375 0.075131 0.438735
v 0.053417 0.076655 0.427364
v 0.069451 0.075111 0.408135
v 0.096133 0.076655 0.407692
v 0.124129 0.075126 0.402524
v 0.132230 0.076641 0.377654
v 0.106548 0.075111 0.384932
v 0.122506 0.075106 0.369895
v 0.103886 0.075131 0.417412
v 0.095324 0.063544 0.448682
v 0.111836 0.070705 0.426529
v 0.081862 0.075131 0.429567
v 0.069232 0.063544 0.459465
v 0.063707 0.070705 0.449564
v 0.176038 0.076361 0.295950
v 0.167470 0.074768 0.272694
v 0.180552 0.075964 0.250658
v 0.168308 0.074572 0.251530
v 0.192226 0.074538 0.273600
v 0.192579 0.074308 0.249422
v 0.203945 0.069769 0.247785
v 0.200289 0.070230 0.298891
v 0.188369 0.074744 0.297695
v 0.182458 0.070558 0.348084
v 0.181253 0.074906 0.321309
v 0.204082 0.063197 0.325843
v 0.211351 0.062986 0.299499
v 0.203092 0.053766 0.353549
v 0.193260 0.063358 0.351329
v 0.171014 0.053956 0.402175
v 0.179150 0.063466 0.375399
v 0.124952 -0.014579 0.464413
v 0.118820 0.014983 0.468091
v 0.096647 -0.014584 0.478925
v 0.093873 0.000197 0.481571
v 0.145478 0.014982 0.450741
v 0.179052 0.042343 0.405355
v 0.140465 0.029224 0.449709
v 0.158035 0.042378 0.427340
v 0.169612 0.014965 0.430065
v 0.149086 0.000202 0.449564
v 0.174518 -0.014597 0.424984
v 0.151051 -0.014581 0.446279
v 0.190795 0.014922 0.406535
v 0.197005 0.042266 0.380933
v 0.185762 0.029167 0.406833
v 0.211527 0.042134 0.354618
v 0.214821 0.062746 0.272694
v 0.221129 0.053365 0.299391
v 0.214292 0.062500 0.245840
v 0.223192 0.052860 0.243546
v 0.208660 0.014842 0.380692
v 0.193917 0.000143 0.404555
v 0.211817 -0.014690 0.374718
v 0.194907 -0.014632 0.400960
v 0.222805 0.014721 0.353049
v 0.218218 0.028956 0.354456
v 0.229196 0.041725 0.298528
v 0.222354 0.041954 0.326970
v 0.238337 -0.014969 0.288294
v 0.237666 -0.000640 0.231764
v 0.237729 0.013942 0.234925
v 0.238680 -0.015067 0.258514
v 0.239901 -0.000327 0.291632
v 0.232941 0.014559 0.324147
v 0.225070 -0.000034 0.350461
v 0.233755 -0.014863 0.317849
v 0.224849 -0.014769 0.346825
v 0.238817 0.014359 0.294553
v 0.231853 0.041471 0.269704
v 0.235196 0.028556 0.296896
v 0.240386 0.014147 0.264695
v 0.230274 0.041217 0.240924
v 0.235230 0.028072 0.238032
v 0.118585 0.041880 -0.292761
v 0.111929 0.028772 -0.292977
v 0.121982 0.041657 -0.277067
v 0.098701 0.029074 -0.320556
v 0.095731 0.042324 -0.335167
v 0.113297 0.053815 -0.325183
v 0.105347 0.042220 -0.322036
v 0.126893 0.053445 -0.293835
v 0.113022 0.042073 -0.307837
v 0.136529 0.062981 -0.296099
v 0.139950 0.062731 -0.278190
v 0.130618 0.063201 -0.313405
v 0.147115 0.070151 -0.299432
v 0.122252 0.063368 -0.329800
v 0.131848 0.070538 -0.335662
v 0.111606 0.063481 -0.345033
v 0.127383 -0.063192 -0.321678
v 0.137264 -0.070347 -0.327197
v 0.135156 -0.063211 -0.304436
v 0.113581 -0.070342 -0.360310
v 0.091776 -0.063148 -0.365363
v 0.098799 -0.053586 -0.344842
v 0.105509 -0.063157 -0.352434
v 0.118860 -0.053649 -0.316106
v 0.117458 -0.063172 -0.337779
v 0.112072 -0.042079 -0.310671
v 0.118419 -0.042145 -0.295481
v 0.109871 -0.014911 -0.286831
v 0.111209 0.014430 -0.280155
v 0.104901 -0.014794 -0.300971
v 0.103818 -0.042025 -0.324864
v 0.107337 -0.028966 -0.305539
v 0.093746 -0.041986 -0.337814
v 0.098093 -0.014699 -0.314283
v 0.103886 -0.000077 -0.296736
v 0.101421 0.014751 -0.308127
v 0.107278 0.014604 -0.294486
v 0.089511 -0.014629 -0.326541
v 0.090594 -0.028842 -0.331608
v 0.082042 -0.041968 -0.349302
v 0.079316 -0.014583 -0.337554
v 0.089673 0.000128 -0.322164
v 0.084227 0.014938 -0.332447
v 0.093682 0.014862 -0.320840
v 0.211238 -0.041934 -0.352547
v 0.217914 -0.028752 -0.352375
v 0.221879 -0.041817 -0.324673
v 0.185693 -0.028870 -0.404983
v 0.158045 -0.042057 -0.425666
v 0.170999 -0.053653 -0.400481
v 0.179007 -0.042042 -0.403556
v 0.202852 -0.053558 -0.351503
v 0.196863 -0.042003 -0.379008
v 0.193089 -0.063137 -0.349331
v 0.203725 -0.063045 -0.323644
v 0.181086 -0.074700 -0.319257
v 0.157153 -0.074744 -0.312582
v 0.171024 -0.074758 -0.342161
v 0.179096 -0.063192 -0.373573
v 0.182355 -0.070323 -0.346141
v 0.161981 -0.063216 -0.395914
v 0.158035 -0.074783 -0.363667
v 0.159486 -0.076288 -0.337554
v 0.136534 -0.074773 -0.351228
v 0.148090 -0.074763 -0.332550
v 0.142332 -0.074793 -0.383375
v 0.152326 -0.070377 -0.390080
v 0.142102 -0.063221 -0.415813
v 0.124227 -0.074803 -0.400870
v 0.132348 -0.076317 -0.376028
v 0.106666 -0.074788 -0.383306
v 0.122639 -0.074783 -0.368279
v 0.129446 0.075077 -0.360060
v 0.161456 0.075023 -0.357727
v 0.201656 0.063324 -0.324708
v 0.172857 0.074920 -0.336260
v 0.151747 0.076533 -0.349924
v 0.151472 0.074832 -0.323541
v 0.141787 0.074984 -0.342460
v 0.180963 0.074758 -0.313645
v 0.191751 0.070411 -0.319130
v 0.207567 0.063201 -0.298765
v 0.185722 0.074548 -0.290257
v 0.169681 0.076209 -0.308436
v 0.162192 0.074362 -0.282998
v 0.158290 0.074616 -0.303608
v 0.170529 0.070612 -0.365687
v 0.147008 0.075087 -0.377695
v 0.161932 0.063500 -0.395651
v 0.185394 0.053922 -0.381169
v 0.178635 0.063461 -0.373568
v 0.210263 0.053838 -0.330256
v 0.191981 0.063407 -0.349773
v 0.217188 0.042304 -0.335574
v 0.224510 0.042281 -0.307617
v 0.233465 0.015067 -0.315787
v 0.232510 -0.014398 -0.321904
v 0.224663 0.015010 -0.344886
v 0.205793 0.042322 -0.362574
v 0.222075 0.029203 -0.340528
v 0.190516 0.042335 -0.388119
v 0.211719 0.014966 -0.372852
v 0.224829 0.000259 -0.348449
v 0.208498 -0.014581 -0.378763
v 0.222521 -0.014507 -0.350983
v 0.194873 0.014935 -0.399125
v 0.193741 0.029175 -0.394180
v 0.171744 0.042339 -0.411625
v 0.174523 0.014919 -0.423164
v 0.193858 0.000156 -0.402705
v 0.169597 -0.014645 -0.428246
v 0.190721 -0.014625 -0.404685
v 0.114693 0.075131 -0.375989
v 0.106754 0.070705 -0.366902
v 0.068396 0.063584 -0.380880
v 0.026316 0.042385 -0.376778
v 0.084384 0.063574 -0.370853
v 0.062788 0.054027 -0.372431
v 0.098892 0.063544 -0.358800
v 0.091324 0.053990 -0.352056
v 0.022516 0.029213 -0.370995
v 0.057314 0.042416 -0.365736
v 0.042179 0.042408 -0.372299
v 0.071453 0.042410 -0.357251
v 0.052154 0.029244 -0.361104
v 0.084350 0.042384 -0.346979
v 0.078219 0.029218 -0.343812
v -0.008679 0.029156 -0.372735
v -0.022977 0.042304 -0.377322
v -0.005175 0.053936 -0.387826
v -0.006536 0.042324 -0.379292
v 0.029874 0.053991 -0.384630
v 0.009581 0.042350 -0.380390
v 0.033095 0.063550 -0.394231
v 0.073925 0.070745 -0.390712
v 0.051197 0.063574 -0.388722
v 0.013800 0.063525 -0.398721
v 0.035864 0.070720 -0.405183
v -0.004582 0.063505 -0.397968
v -0.004742 0.070681 -0.409210
v -0.023484 0.063486 -0.396074
v 0.067676 -0.014559 -0.347140
v 0.067421 -0.028798 -0.352316
v 0.039077 -0.041988 -0.373279
v 0.004596 -0.063206 -0.397988
v 0.054468 -0.041975 -0.367177
v 0.039967 -0.053610 -0.381885
v 0.068867 -0.041967 -0.359139
v 0.071930 -0.053577 -0.367255
v 0.004755 -0.070377 -0.409214
v 0.042002 -0.063182 -0.391816
v 0.023505 -0.063196 -0.396098
v 0.059771 -0.063162 -0.385218
v 0.045067 -0.070357 -0.402662
v 0.076445 -0.063148 -0.376352
v 0.082184 -0.070338 -0.386037
v -0.035846 -0.070401 -0.405187
v -0.051161 -0.063255 -0.388703
v -0.029849 -0.053684 -0.384635
v -0.033072 -0.063241 -0.394243
v 0.005191 -0.053643 -0.387860
v -0.013794 -0.063221 -0.398741
v 0.060923 0.015000 -0.351605
v 0.054823 -0.014553 -0.355164
v 0.073229 0.014982 -0.342754
v 0.068951 0.000217 -0.342984
v 0.040992 -0.014559 -0.361467
v 0.006555 -0.042026 -0.379332
v 0.039414 -0.028807 -0.366348
v 0.023008 -0.042005 -0.377361
v 0.026478 -0.014576 -0.365956
v 0.043331 0.000223 -0.357845
v 0.033385 0.014988 -0.364153
v 0.047558 0.015001 -0.358781
v 0.011534 -0.014598 -0.368505
v -0.009571 -0.042050 -0.380430
v 0.008700 -0.028846 -0.372774
v -0.026293 -0.042071 -0.376778
v -0.003441 -0.014622 -0.370294
v 0.014770 0.000186 -0.365608
v 0.003454 0.014942 -0.370274
v 0.018652 0.014967 -0.367588
v -0.018631 -0.014649 -0.367573
v -0.022495 -0.028895 -0.370990
v -0.042148 -0.042088 -0.372269
v -0.033358 -0.014673 -0.364114
v -0.014749 0.000132 -0.365589
v -0.026450 0.014887 -0.365917
v -0.011513 0.014912 -0.368471
v 0.103980 -0.074807 -0.415746
v 0.111915 -0.070381 -0.424764
v 0.069283 -0.063221 -0.457653
v 0.020691 -0.042041 -0.486030
v 0.095383 -0.063221 -0.446871
v 0.074881 -0.053664 -0.466134
v 0.119771 -0.063221 -0.432853
v 0.127344 -0.053666 -0.439668
v 0.024485 -0.028868 -0.491813
v 0.080346 -0.042054 -0.472847
v 0.050977 -0.042050 -0.481426
v 0.108303 -0.042057 -0.460594
v 0.085502 -0.028882 -0.477552
v 0.134333 -0.042061 -0.444812
v 0.140489 -0.028893 -0.447949
v -0.038252 -0.028847 -0.490001
v -0.070102 -0.042012 -0.476325
v -0.041756 -0.053631 -0.474953
v -0.040396 -0.042017 -0.483434
v 0.017134 -0.053648 -0.478141
v -0.009550 -0.042024 -0.488433
v 0.069527 -0.074788 -0.406332
v 0.081938 -0.074807 -0.427803
v 0.088855 -0.074788 -0.396031
v 0.096231 -0.076332 -0.406038
v 0.058422 -0.074807 -0.436923
v 0.013910 -0.063206 -0.468483
v 0.063757 -0.070381 -0.447753
v 0.041967 -0.063216 -0.464907
v 0.033908 -0.074807 -0.442950
v 0.053464 -0.076332 -0.425552
v 0.027490 -0.074803 -0.418985
v 0.048937 -0.074793 -0.414032
v 0.008797 -0.074807 -0.445741
v -0.013774 -0.063201 -0.470201
v 0.011135 -0.070377 -0.457555
v -0.042356 -0.063201 -0.464860
v -0.015782 -0.074807 -0.446871
v 0.006950 -0.076337 -0.433441
v -0.015790 -0.074807 -0.421972
v 0.005554 -0.074807 -0.421141
v -0.041423 -0.074813 -0.441479
v -0.042211 -0.070377 -0.453536
v -0.069611 -0.063201 -0.457555
v -0.065649 -0.074822 -0.434520
v -0.040033 -0.076352 -0.429175
v -0.059227 -0.074842 -0.410602
v -0.038188 -0.074827 -0.416973
v 0.151076 0.014914 -0.444467
v 0.151340 0.029161 -0.439323
v 0.098603 0.042339 -0.465299
v -0.027466 0.075111 -0.418985
v -0.008787 0.075131 -0.445741
v 0.042374 0.063525 -0.464860
v 0.125344 0.042337 -0.450596
v 0.097706 0.053954 -0.456673
v 0.149875 0.042336 -0.432559
v 0.146782 0.053954 -0.424521
v 0.015786 0.075131 -0.446871
v -0.006940 0.076655 -0.433441
v 0.015794 0.075131 -0.421972
v -0.005542 0.075116 -0.421141
v 0.041425 0.075136 -0.441479
v 0.042218 0.070700 -0.453536
v 0.095672 0.063525 -0.446675
v 0.069631 0.063525 -0.457555
v 0.079258 0.075170 -0.401524
v 0.129824 0.075126 -0.395721
v 0.122443 0.076660 -0.385733
v 0.097843 0.075160 -0.389938
v 0.084218 0.076695 -0.412903
v 0.065659 0.075146 -0.434520
v 0.040035 0.076675 -0.429175
v 0.059247 0.075165 -0.410602
v 0.038195 0.075151 -0.416973
v 0.088751 0.075151 -0.424423
v 0.120026 0.063525 -0.432559
v 0.092618 0.070705 -0.435794
v 0.110268 0.075146 -0.411425
v 0.142258 0.063520 -0.415444
v 0.136509 0.070690 -0.405720
v -0.011125 0.070700 -0.457555
v -0.033886 0.075131 -0.442950
v -0.041935 0.063539 -0.464907
v -0.017113 0.053973 -0.478141
v -0.013896 0.063530 -0.468483
v 0.041774 0.053956 -0.474953
v 0.013780 0.063525 -0.470201
v 0.118855 -0.014646 -0.466280
v 0.124981 0.014916 -0.462602
v 0.145498 -0.014651 -0.448929
v 0.149105 0.000131 -0.447753
v 0.096672 0.014922 -0.477113
v 0.040405 0.042346 -0.483434
v 0.098260 0.029167 -0.472208
v 0.070122 0.042342 -0.476325
v 0.066649 0.014929 -0.487747
v 0.093908 0.000140 -0.479760
v 0.059757 -0.014631 -0.489609
v 0.090099 -0.014639 -0.479905
v 0.035439 0.014937 -0.494315
v 0.009559 0.042352 -0.488433
v 0.038262 0.029179 -0.490001
v -0.020666 0.042369 -0.486030
v 0.003444 0.014944 -0.498628
v 0.032069 0.000155 -0.496130
v -0.003431 -0.014616 -0.498628
v 0.028340 -0.014624 -0.495248
v -0.028314 0.014954 -0.495248
v -0.024459 0.029199 -0.491813
v -0.050941 0.042379 -0.481426
v -0.059721 0.014965 -0.489609
v -0.032043 0.000175 -0.496130
v -0.066629 -0.014594 -0.487747
v -0.035418 -0.014605 -0.494315
v -0.048890 0.075111 -0.414032
v -0.045023 0.070661 -0.402650
v -0.076366 0.063466 -0.376303
v -0.093692 0.042328 -0.337784
v -0.059715 0.063466 -0.385179
v -0.071867 0.053885 -0.367191
v -0.041967 0.063471 -0.391781
v -0.039931 0.053897 -0.381836
v -0.090565 0.029183 -0.331613
v -0.068803 0.042273 -0.359080
v -0.081978 0.042289 -0.349253
v -0.054411 0.042274 -0.367123
v -0.067353 0.029110 -0.352272
v -0.039029 0.042286 -0.373235
v -0.039365 0.029115 -0.366309
v -0.107425 0.029361 -0.305647
v -0.118531 0.042541 -0.295594
v -0.118816 0.054014 -0.316101
v -0.112086 0.042462 -0.310709
v -0.098711 0.053928 -0.344778
v -0.103783 0.042388 -0.324859
v -0.105391 0.063495 -0.352355
v -0.082091 0.070661 -0.385997
v -0.091677 0.063476 -0.365295
v -0.117340 0.063515 -0.337716
v -0.113449 0.070671 -0.360192
v -0.127305 0.063530 -0.321654
v -0.137176 0.070661 -0.327163
v -0.135156 0.063535 -0.304475
v -0.047524 -0.014691 -0.358727
v -0.052121 -0.028931 -0.361050
v -0.084311 -0.042067 -0.346910
v -0.122237 -0.063020 -0.329761
v -0.071415 -0.042094 -0.357193
v -0.091281 -0.053668 -0.351988
v -0.057279 -0.042098 -0.365692
v -0.062750 -0.053705 -0.372387
v -0.131809 -0.070195 -0.335593
v -0.098838 -0.063221 -0.358722
v -0.111557 -0.063152 -0.344954
v -0.084340 -0.063250 -0.370789
v -0.106695 -0.070381 -0.366804
v -0.068357 -0.063260 -0.380831
v -0.073886 -0.070421 -0.390678
v -0.147262 -0.069730 -0.299589
v -0.140376 -0.062226 -0.278675
v -0.127153 -0.052992 -0.294114
v -0.136735 -0.062540 -0.296315
v -0.113307 -0.053458 -0.325163
v -0.130682 -0.062814 -0.313454
v -0.054770 0.014864 -0.355125
v -0.060885 -0.014691 -0.351552
v -0.040953 0.014869 -0.361428
v -0.043297 0.000087 -0.357806
v -0.073190 -0.014669 -0.342710
v -0.105371 -0.041861 -0.322041
v -0.078180 -0.028904 -0.343754
v -0.095707 -0.041994 -0.335118
v -0.084208 -0.014612 -0.332427
v -0.068911 0.000097 -0.342945
v -0.079273 0.014909 -0.337534
v -0.067617 0.014874 -0.347101
v -0.093716 -0.014512 -0.320880
v -0.113150 -0.041674 -0.307960
v -0.098735 -0.028720 -0.320586
v -0.118879 -0.041429 -0.293080
v -0.101553 -0.014365 -0.308274
v -0.089693 0.000220 -0.322203
v -0.098157 0.015072 -0.314381
v -0.089506 0.014975 -0.326570
v -0.107557 -0.014170 -0.294780
v -0.112233 -0.028329 -0.293296
v -0.122516 -0.041142 -0.277631
v -0.111684 -0.013942 -0.280621
v -0.104102 0.000497 -0.296971
v -0.110175 0.015358 -0.287115
v -0.105063 0.015203 -0.301152
v -0.088717 -0.074827 -0.424423
v -0.092584 -0.070381 -0.435794
v -0.142200 -0.063196 -0.415283
v -0.190506 -0.042028 -0.387943
v -0.119977 -0.063201 -0.432512
v -0.146738 -0.053630 -0.424376
v -0.095643 -0.063201 -0.446675
v -0.097672 -0.053629 -0.456673
v -0.193751 -0.028868 -0.394130
v -0.149836 -0.042009 -0.432512
v -0.171714 -0.042018 -0.411476
v -0.125305 -0.042007 -0.450596
v -0.151306 -0.028830 -0.439323
v -0.098569 -0.042008 -0.465299
v -0.098236 -0.028831 -0.472208
v -0.222202 -0.028948 -0.340583
v -0.224658 -0.042028 -0.307695
v -0.210292 -0.053555 -0.330192
v -0.217262 -0.042038 -0.335564
v -0.185359 -0.053617 -0.380959
v -0.205812 -0.042036 -0.362481
v -0.097799 -0.074837 -0.389889
v -0.110214 -0.074822 -0.411409
v -0.079223 -0.074847 -0.401513
v -0.084189 -0.076371 -0.412903
v -0.129760 -0.074803 -0.395659
v -0.178576 -0.063152 -0.373411
v -0.136440 -0.070367 -0.405626
v -0.161873 -0.063182 -0.395447
v -0.146934 -0.074763 -0.377572
v -0.122384 -0.076337 -0.385649
v -0.129378 -0.074749 -0.359933
v -0.114635 -0.074807 -0.375886
v -0.161383 -0.074695 -0.357580
v -0.191937 -0.063103 -0.349650
v -0.170455 -0.070294 -0.365549
v -0.201661 -0.063015 -0.324619
v -0.172812 -0.074577 -0.336137
v -0.151683 -0.076195 -0.349787
v -0.151468 -0.074464 -0.323502
v -0.141734 -0.074641 -0.342352
v -0.180988 -0.074391 -0.313602
v -0.191756 -0.070073 -0.319052
v -0.207651 -0.062878 -0.298780
v -0.185855 -0.074141 -0.290370
v -0.169734 -0.075817 -0.308450
v -0.162451 -0.073901 -0.283297
v -0.158383 -0.074210 -0.303696
v -0.090060 0.014976 -0.479905
v -0.085463 0.029217 -0.477552
v -0.134298 0.042390 -0.444663
v -0.157178 0.075009 -0.312675
v -0.171053 0.075018 -0.342244
v -0.161966 0.063520 -0.395776
v -0.108263 0.042388 -0.460543
v -0.127300 0.053992 -0.439519
v -0.080306 0.042383 -0.472847
v -0.074837 0.053989 -0.466134
v -0.157986 0.075082 -0.363658
v -0.159452 0.076572 -0.337583
v -0.136411 0.075092 -0.351120
v -0.148017 0.075062 -0.332530
v -0.142244 0.075111 -0.383297
v -0.152276 0.070685 -0.390021
v -0.119713 0.063544 -0.432806
v -0.142052 0.063539 -0.415664
v -0.088756 0.075111 -0.395953
v -0.058375 0.075131 -0.436923
v -0.053417 0.076655 -0.425552
v -0.069451 0.075111 -0.406324
v -0.096133 0.076655 -0.405881
v -0.124129 0.075126 -0.400713
v -0.132230 0.076641 -0.375842
v -0.106548 0.075111 -0.383120
v -0.122506 0.075106 -0.368083
v -0.103886 0.075131 -0.415601
v -0.095324 0.063544 -0.446871
v -0.111836 0.070705 -0.424717
v -0.081862 0.075131 -0.427756
v -0.069232 0.063544 -0.457653
v -0.063707 0.070705 -0.447753
v -0.182458 0.070558 -0.346273
v -0.181253 0.074906 -0.319497
v -0.204082 0.063197 -0.324031
v -0.203092 0.053766 -0.351738
v -0.193260 0.063358 -0.349518
v -0.171014 0.053956 -0.400364
v -0.179150 0.063466 -0.373587
v -0.124952 -0.014579 -0.462602
v -0.118820 0.014983 -0.466280
v -0.096647 -0.014584 -0.477113
v -0.093873 0.000197 -0.479760
v -0.145478 0.014982 -0.448929
v -0.179052 0.042343 -0.403544
v -0.140465 0.029224 -0.447898
v -0.158035 0.042378 -0.425529
v -0.169612 0.014965 -0.428254
v -0.149086 0.000202 -0.447753
v -0.174518 -0.014597 -0.423172
v -0.151051 -0.014581 -0.444467
v -0.190795 0.014922 -0.404724
v -0.197005 0.042266 -0.379121
v -0.185762 0.029167 -0.405022
v -0.211527 0.042134 -0.352806
v -0.208660 0.014842 -0.378881
v -0.193917 0.000143 -0.402744
v -0.211817 -0.014690 -0.372906
v -0.194907 -0.014632 -0.399148
v -0.222805 0.014721 -0.351238
v -0.218218 0.028956 -0.352645
v -0.222354 0.041954 -0.325159
v -0.232941 0.014559 -0.322335
v -0.225070 -0.000034 -0.348650
v -0.233755 -0.014863 -0.316037
v -0.224849 -0.014769 -0.345013
v -0.163701 0.074915 -0.291996
v -0.151796 0.070578 -0.289438
v -0.144831 0.063373 -0.249826
v -0.120070 0.042624 -0.216268
v -0.144013 0.063471 -0.268196
v -0.134500 0.054060 -0.248988
v -0.140748 0.063520 -0.286542
v -0.131010 0.054086 -0.283302
v -0.112762 0.029882 -0.215802
v -0.125711 0.042722 -0.247533
v -0.123933 0.042706 -0.231633
v -0.125408 0.042687 -0.263682
v -0.118840 0.029831 -0.245450
v -0.122991 0.042622 -0.279817
v -0.117027 0.029606 -0.276171
v -0.099181 0.029659 -0.189159
v -0.096701 0.042093 -0.175205
v -0.114625 0.053448 -0.185091
v -0.106357 0.042291 -0.187919
v -0.128991 0.053810 -0.215695
v -0.114199 0.042472 -0.201652
v -0.139082 0.063025 -0.214072
v -0.156256 0.070318 -0.250052
v -0.143204 0.063211 -0.231716
v -0.132505 0.062853 -0.197026
v -0.149880 0.069945 -0.211455
v -0.123457 0.062770 -0.180646
v -0.132392 0.069926 -0.174745
v -0.112091 0.062809 -0.165099
v -0.113885 -0.013691 -0.266025
v -0.117850 -0.027782 -0.263565
v -0.120683 -0.040320 -0.230045
v -0.123315 -0.061677 -0.190355
v -0.123403 -0.040544 -0.245896
v -0.127927 -0.051854 -0.227276
v -0.124016 -0.040827 -0.261834
v -0.132034 -0.052356 -0.260908
v -0.132617 -0.069068 -0.186135
v -0.136827 -0.061402 -0.224948
v -0.131093 -0.061417 -0.207391
v -0.140371 -0.061594 -0.242789
v -0.146998 -0.068612 -0.223090
v -0.141562 -0.061888 -0.260766
v -0.152222 -0.069073 -0.261374
v -0.110327 -0.070896 -0.152091
v -0.089246 -0.063648 -0.145906
v -0.095946 -0.052552 -0.166256
v -0.102235 -0.062907 -0.159051
v -0.115512 -0.051911 -0.194918
v -0.113645 -0.062187 -0.174112
v -0.114792 0.015704 -0.257664
v -0.114164 -0.013443 -0.251223
v -0.113424 0.015529 -0.272529
v -0.111297 0.000900 -0.268858
v -0.112503 -0.013213 -0.236486
v -0.109469 -0.040187 -0.199594
v -0.115444 -0.027274 -0.233182
v -0.116002 -0.040195 -0.214518
v -0.109008 -0.013021 -0.222090
v -0.111003 0.001336 -0.239862
v -0.111758 0.015990 -0.228276
v -0.114218 0.015866 -0.242823
v -0.103735 -0.012891 -0.208308
v -0.101235 -0.040259 -0.185659
v -0.105480 -0.027003 -0.204181
v -0.091388 -0.040408 -0.172990
v -0.096770 -0.012822 -0.195413
v -0.103357 0.001652 -0.212141
v -0.101343 0.016049 -0.201064
v -0.107440 0.016055 -0.214288
v -0.088193 -0.012825 -0.183611
v -0.088751 -0.027008 -0.178881
v -0.080042 -0.040575 -0.161894
v -0.078135 -0.012890 -0.173053
v -0.088889 0.001703 -0.187596
v -0.084189 0.015817 -0.177720
v -0.093540 0.015969 -0.188821
v -0.187384 -0.073852 -0.266804
v -0.198965 -0.069632 -0.269510
v -0.203930 -0.062309 -0.219816
v -0.206097 -0.041709 -0.165025
v -0.208528 -0.062486 -0.246106
v -0.214052 -0.053073 -0.220659
v -0.209851 -0.062697 -0.272529
v -0.219634 -0.053373 -0.275842
v -0.213311 -0.028905 -0.165324
v -0.222864 -0.041832 -0.222139
v -0.215605 -0.041724 -0.193497
v -0.227216 -0.041926 -0.250738
v -0.229980 -0.029034 -0.224261
v -0.227902 -0.041997 -0.279337
v -0.234259 -0.029034 -0.282934
v -0.190839 -0.029499 -0.106867
v -0.171725 -0.045717 -0.085527
v -0.174577 -0.055325 -0.115675
v -0.183551 -0.043068 -0.110068
v -0.197318 -0.053097 -0.166271
v -0.195211 -0.042030 -0.137020
v -0.162162 -0.073288 -0.242029
v -0.185825 -0.073587 -0.243210
v -0.163652 -0.073567 -0.262638
v -0.175493 -0.075214 -0.264510
v -0.181355 -0.073425 -0.219895
v -0.187374 -0.062550 -0.168574
v -0.192907 -0.069215 -0.219630
v -0.196716 -0.062275 -0.193874
v -0.174464 -0.073533 -0.197153
v -0.169632 -0.074788 -0.220620
v -0.151629 -0.073244 -0.201706
v -0.158060 -0.073131 -0.221669
v -0.165436 -0.074057 -0.175132
v -0.176508 -0.063515 -0.144504
v -0.176635 -0.069700 -0.171730
v -0.164466 -0.065383 -0.121875
v -0.154619 -0.075209 -0.154042
v -0.154099 -0.075450 -0.178641
v -0.132427 -0.074680 -0.163496
v -0.143032 -0.073729 -0.182287
v -0.142170 -0.077082 -0.133966
v -0.153550 -0.072749 -0.128060
v -0.151600 -0.068392 -0.100971
v -0.128290 -0.079674 -0.114837
v -0.130730 -0.078233 -0.139622
v -0.105239 -0.078087 -0.128379
v -0.119963 -0.076101 -0.145607
v -0.238817 0.014359 -0.292741
v -0.235196 0.028556 -0.295084
v -0.230274 0.041217 -0.239112
v -0.126888 0.075190 -0.148283
v -0.158457 0.075062 -0.152272
v -0.201504 0.062368 -0.190766
v -0.231853 0.041471 -0.267892
v -0.223192 0.052860 -0.241735
v -0.229196 0.041725 -0.296717
v -0.221129 0.053365 -0.297579
v -0.171896 0.074430 -0.175823
v -0.149586 0.076435 -0.159864
v -0.152560 0.074263 -0.187664
v -0.141146 0.074562 -0.167672
v -0.182390 0.074141 -0.199569
v -0.192324 0.069656 -0.195114
v -0.214292 0.062500 -0.244028
v -0.209748 0.062353 -0.217263
v -0.168308 0.074572 -0.249719
v -0.188369 0.074744 -0.295883
v -0.176038 0.076361 -0.294139
v -0.167470 0.074768 -0.270882
v -0.180552 0.075964 -0.248846
v -0.189305 0.074141 -0.223492
v -0.171803 0.075719 -0.203897
v -0.166166 0.074366 -0.228712
v -0.160922 0.074239 -0.208004
v -0.192579 0.074308 -0.247611
v -0.214821 0.062746 -0.270882
v -0.203945 0.069769 -0.245974
v -0.192226 0.074538 -0.271789
v -0.211351 0.062986 -0.297687
v -0.200289 0.070230 -0.297079
v -0.167657 0.070549 -0.145131
v -0.141812 0.076439 -0.128134
v -0.163397 0.063691 -0.112818
v -0.185526 0.052998 -0.132589
v -0.176866 0.063045 -0.138617
v -0.209557 0.052646 -0.186547
v -0.190192 0.062599 -0.164560
v -0.238680 -0.015067 -0.256703
v -0.240386 0.014147 -0.262883
v -0.238337 -0.014969 -0.286483
v -0.239901 -0.000327 -0.289820
v -0.237729 0.013942 -0.233113
v -0.215924 0.040936 -0.182312
v -0.235230 0.028072 -0.236220
v -0.224775 0.041028 -0.210558
v -0.231416 0.013774 -0.203515
v -0.237666 -0.000640 -0.229952
v -0.228049 -0.015158 -0.197118
v -0.235004 -0.015141 -0.226948
v -0.222187 0.013676 -0.173990
v -0.204773 0.040940 -0.154351
v -0.220276 0.027756 -0.178117
v -0.192378 0.041085 -0.126473
v -0.211096 0.013695 -0.144337
v -0.221624 -0.000772 -0.170142
v -0.207616 -0.015040 -0.136887
v -0.218575 -0.015128 -0.167172
v -0.199176 0.013839 -0.114337
v -0.196995 0.027874 -0.120297
v -0.180003 0.041470 -0.098506
v -0.187560 0.014317 -0.083851
v -0.198912 -0.000559 -0.109190
v -0.185183 -0.015443 -0.074871
v -0.196045 -0.015136 -0.106559
v -0.109528 0.076548 -0.128712
v -0.104597 0.070798 -0.141039
v -0.066348 0.063858 -0.127301
v -0.027855 0.041461 -0.134560
v -0.083292 0.063397 -0.137696
v -0.063098 0.053419 -0.137485
v -0.098617 0.063025 -0.150640
v -0.092118 0.053279 -0.158282
v -0.024690 0.028279 -0.140710
v -0.058609 0.041635 -0.145165
v -0.043615 0.041535 -0.138760
v -0.072602 0.041767 -0.153522
v -0.053591 0.028741 -0.150214
v -0.085385 0.041912 -0.163678
v -0.078984 0.029235 -0.166873
v 0.005937 0.027942 -0.139162
v 0.021239 0.041376 -0.134770
v 0.006172 0.054028 -0.124134
v 0.004896 0.041397 -0.132677
v -0.029474 0.053742 -0.125933
v -0.011563 0.041424 -0.132584
v -0.028859 0.064887 -0.115116
v -0.067828 0.072901 -0.113847
v -0.048020 0.064402 -0.119709
v -0.009229 0.065289 -0.113367
v -0.024658 0.074955 -0.102368
v 0.010029 0.065476 -0.113837
v 0.016776 0.075499 -0.102084
v 0.028435 0.065387 -0.116400
v -0.066755 -0.013015 -0.163903
v -0.066113 -0.027206 -0.159076
v -0.038461 -0.041030 -0.139049
v -0.006036 -0.064941 -0.114087
v -0.053398 -0.040906 -0.144876
v -0.039609 -0.053703 -0.130555
v -0.067328 -0.040751 -0.152522
v -0.070274 -0.053290 -0.144386
v -0.007767 -0.075092 -0.101986
v -0.042209 -0.065162 -0.120321
v -0.024439 -0.065196 -0.116204
v -0.059063 -0.064863 -0.126458
v -0.045923 -0.075175 -0.108485
v -0.074793 -0.064348 -0.134986
v -0.080817 -0.073592 -0.124134
v 0.032259 -0.073347 -0.104039
v 0.049623 -0.063221 -0.120964
v 0.028991 -0.053091 -0.126394
v 0.031472 -0.063799 -0.116243
v -0.005670 -0.053571 -0.124423
v 0.012729 -0.064451 -0.114067
v -0.061521 0.015345 -0.159487
v -0.054259 -0.013190 -0.156252
v -0.073445 0.015608 -0.167898
v -0.068539 0.001450 -0.167697
v -0.040859 -0.013409 -0.150233
v -0.006686 -0.041109 -0.132859
v -0.038892 -0.027505 -0.145661
v -0.022797 -0.041099 -0.135020
v -0.026832 -0.013670 -0.145916
v -0.043782 0.000926 -0.153620
v -0.034933 0.014737 -0.147548
v -0.048614 0.015047 -0.152674
v -0.012391 -0.013948 -0.143386
v 0.009489 -0.041134 -0.132663
v -0.009039 -0.027837 -0.139235
v 0.025481 -0.041178 -0.134500
v 0.002218 -0.014246 -0.142715
v -0.016312 0.000249 -0.146249
v -0.006099 0.014148 -0.142838
v -0.020691 0.014431 -0.144259
v 0.016784 -0.014545 -0.143931
v 0.021280 -0.028251 -0.140397
v 0.041010 -0.041292 -0.138485
v 0.031086 -0.014836 -0.147018
v 0.012172 -0.000411 -0.146053
v 0.023208 0.013691 -0.145631
v 0.008606 0.013898 -0.143303
v 0.053418 0.074371 -0.110455
v 0.076371 0.063848 -0.136309
v 0.089496 0.040728 -0.172323
v 0.061665 0.064471 -0.127634
v 0.069984 0.053271 -0.144641
v 0.045711 0.065039 -0.121002
v 0.040184 0.053887 -0.130545
v 0.086409 0.027458 -0.177921
v 0.065662 0.041011 -0.152096
v 0.078224 0.040847 -0.161394
v 0.051859 0.041165 -0.144514
v 0.063569 0.027546 -0.158350
v 0.036987 0.041300 -0.138735
v 0.036154 0.027725 -0.145239
v 0.113150 0.014233 -0.265358
v 0.117037 0.028347 -0.262795
v 0.114012 0.027896 -0.232025
v 0.103519 0.027568 -0.203000
v 0.114326 0.040776 -0.213229
v 0.119232 0.040944 -0.228786
v 0.113905 0.052334 -0.193791
v 0.107651 0.040682 -0.198447
v 0.094756 0.052636 -0.166069
v 0.099343 0.040664 -0.184733
v 0.101921 0.062697 -0.159433
v 0.084527 0.072352 -0.127438
v 0.089781 0.063226 -0.146945
v 0.112679 0.062290 -0.173598
v 0.110606 0.070519 -0.152684
v 0.121962 0.062050 -0.189198
v 0.122242 0.041169 -0.244807
v 0.126496 0.052489 -0.225918
v 0.123168 0.041412 -0.260992
v 0.131216 0.052946 -0.260040
v 0.131422 0.069450 -0.184816
v 0.135475 0.062049 -0.223516
v 0.129632 0.061976 -0.205941
v 0.139303 0.062231 -0.241622
v 0.145758 0.069255 -0.221640
v 0.140827 0.062466 -0.259938
v 0.151595 0.069627 -0.260638
v 0.044904 -0.015108 -0.151954
v 0.050173 -0.028759 -0.149449
v 0.082664 -0.041880 -0.162599
v 0.121805 -0.062672 -0.179499
v 0.069807 -0.041673 -0.152679
v 0.090001 -0.053091 -0.157429
v 0.055855 -0.041469 -0.144602
v 0.061563 -0.052884 -0.137515
v 0.131294 -0.069656 -0.173858
v 0.097569 -0.062496 -0.150391
v 0.110596 -0.062550 -0.164266
v 0.082954 -0.062540 -0.138206
v 0.105102 -0.069759 -0.141769
v 0.066902 -0.062770 -0.128340
v 0.071730 -0.070955 -0.116783
v 0.163510 -0.074695 -0.291727
v 0.151654 -0.070323 -0.289252
v 0.155614 -0.070176 -0.249405
v 0.148659 -0.069902 -0.210318
v 0.142278 -0.063069 -0.230922
v 0.144238 -0.063157 -0.249292
v 0.127677 -0.053658 -0.214768
v 0.137813 -0.062952 -0.213033
v 0.112635 -0.053409 -0.183876
v 0.130946 -0.062809 -0.195825
v 0.051028 0.013400 -0.155585
v 0.058039 -0.015337 -0.158619
v 0.037424 0.013521 -0.149753
v 0.039949 -0.000938 -0.153052
v 0.070264 -0.015509 -0.166932
v 0.104176 -0.042207 -0.186777
v 0.075944 -0.029215 -0.165800
v 0.094197 -0.042061 -0.174029
v 0.081351 -0.015616 -0.176700
v 0.065245 -0.001236 -0.166814
v 0.075342 0.013288 -0.172083
v 0.063741 0.013324 -0.163070
v 0.091080 -0.015661 -0.187801
v 0.112395 -0.042307 -0.200633
v 0.096848 -0.029476 -0.188105
v 0.118673 -0.042364 -0.215429
v 0.143689 -0.063206 -0.267878
v 0.133892 -0.053766 -0.248503
v 0.140621 -0.063221 -0.286389
v 0.130843 -0.053735 -0.283135
v 0.099270 -0.015647 -0.200069
v 0.086281 -0.001270 -0.186517
v 0.094515 0.013362 -0.194286
v 0.085659 0.013303 -0.182538
v 0.105744 -0.015581 -0.213356
v 0.111229 -0.029514 -0.214959
v 0.125006 -0.042348 -0.247033
v 0.122908 -0.042374 -0.230966
v 0.111155 0.013819 -0.235471
v 0.110670 -0.000388 -0.268329
v 0.112915 -0.015047 -0.272112
v 0.113130 0.014026 -0.250365
v 0.109788 -0.000758 -0.239019
v 0.110410 -0.015477 -0.227452
v 0.101475 -0.001087 -0.211082
v 0.107351 0.013630 -0.220983
v 0.101774 0.013475 -0.207176
v 0.113184 -0.015342 -0.242132
v 0.124957 -0.042291 -0.263339
v 0.117982 -0.029377 -0.244881
v 0.114037 -0.015194 -0.257110
v 0.122732 -0.042219 -0.279601
v 0.116649 -0.029161 -0.275872
v 0.192216 -0.040748 -0.124394
v 0.196471 -0.027684 -0.117733
v 0.180057 -0.041083 -0.096286
v 0.238224 -0.014253 -0.292090
v 0.234534 -0.028469 -0.294349
v 0.234318 -0.028052 -0.234927
v 0.219438 -0.027676 -0.176210
v 0.223873 -0.040977 -0.209004
v 0.229323 -0.041205 -0.237784
v 0.208979 -0.052436 -0.185018
v 0.215218 -0.040789 -0.180577
v 0.185933 -0.052416 -0.131226
v 0.204318 -0.040694 -0.152434
v 0.177939 -0.062167 -0.138128
v 0.165093 -0.062584 -0.112906
v 0.145204 -0.074602 -0.130325
v 0.127712 -0.074151 -0.148871
v 0.112459 -0.074709 -0.131271
v 0.159682 -0.074023 -0.152581
v 0.190388 -0.062054 -0.163574
v 0.169038 -0.069504 -0.145239
v 0.201019 -0.062108 -0.189478
v 0.230990 -0.041440 -0.266839
v 0.222217 -0.052849 -0.240421
v 0.228505 -0.041647 -0.295947
v 0.220457 -0.053289 -0.296834
v 0.171910 -0.073901 -0.175201
v 0.150208 -0.075582 -0.159967
v 0.151624 -0.074053 -0.186645
v 0.140837 -0.074028 -0.167236
v 0.181679 -0.073945 -0.198461
v 0.191790 -0.069401 -0.193977
v 0.213316 -0.062486 -0.242789
v 0.208871 -0.062275 -0.215905
v 0.167597 -0.074479 -0.248934
v 0.175763 -0.076175 -0.293766
v 0.187987 -0.074597 -0.295413
v 0.167039 -0.074607 -0.270377
v 0.179762 -0.075901 -0.247925
v 0.188359 -0.074087 -0.222296
v 0.170906 -0.075587 -0.202770
v 0.165191 -0.074322 -0.227663
v 0.159824 -0.074170 -0.206833
v 0.191707 -0.074268 -0.246567
v 0.213988 -0.062707 -0.269907
v 0.203009 -0.069745 -0.244832
v 0.191584 -0.074450 -0.271029
v 0.210748 -0.062897 -0.297015
v 0.199789 -0.070117 -0.296506
v 0.150350 0.073837 -0.200035
v 0.156937 0.073759 -0.220243
v 0.164230 0.074611 -0.173122
v 0.163422 0.065843 -0.119277
v 0.153609 0.075606 -0.152091
v 0.152928 0.075945 -0.176823
v 0.131818 0.074788 -0.162580
v 0.141871 0.074165 -0.180704
v 0.141822 0.077150 -0.132692
v 0.152747 0.073058 -0.125992
v 0.150953 0.068666 -0.098775
v 0.129113 0.079243 -0.115180
v 0.130941 0.078018 -0.139318
v 0.107793 0.076939 -0.131129
v 0.120409 0.075724 -0.145970
v 0.168651 0.075386 -0.219277
v 0.161344 0.073876 -0.241009
v 0.175096 0.075709 -0.264016
v 0.163142 0.074092 -0.262021
v 0.185286 0.074102 -0.242460
v 0.187085 0.074312 -0.266432
v 0.198735 0.070043 -0.269235
v 0.192222 0.069725 -0.218547
v 0.180527 0.073984 -0.218674
v 0.175484 0.070269 -0.169662
v 0.173366 0.074121 -0.195457
v 0.195897 0.062765 -0.192389
v 0.203362 0.062750 -0.218861
v 0.196417 0.053567 -0.164330
v 0.186345 0.063089 -0.166554
v 0.173504 0.055835 -0.112813
v 0.175356 0.064064 -0.142044
v 0.182596 0.043529 -0.107127
v 0.170813 0.046165 -0.082272
v 0.184551 0.015755 -0.071447
v 0.187056 -0.014121 -0.080618
v 0.195304 0.015399 -0.103608
v 0.194299 0.042459 -0.134579
v 0.190011 0.029867 -0.103912
v 0.205303 0.042075 -0.163153
v 0.208180 0.062883 -0.245587
v 0.213552 0.053432 -0.219782
v 0.209660 0.063049 -0.272318
v 0.219443 0.053669 -0.275646
v 0.206827 0.015248 -0.134466
v 0.198206 0.000739 -0.106269
v 0.210287 -0.013600 -0.141940
v 0.198495 -0.013697 -0.111514
v 0.217796 0.015289 -0.165275
v 0.212557 0.029165 -0.163467
v 0.222374 0.042108 -0.221277
v 0.214953 0.042035 -0.192164
v 0.236901 -0.013899 -0.231903
v 0.239401 0.000462 -0.289282
v 0.237935 0.015137 -0.286057
v 0.239655 -0.014082 -0.261977
v 0.236945 0.000716 -0.228844
v 0.227334 0.015292 -0.195702
v 0.220800 0.000863 -0.168197
v 0.230539 -0.013735 -0.201946
v 0.221320 -0.013617 -0.172019
v 0.234387 0.015268 -0.225943
v 0.226873 0.042181 -0.250243
v 0.229446 0.029231 -0.223350
v 0.238170 0.015208 -0.256032
v 0.227667 0.042244 -0.279097
v 0.233951 0.029240 -0.282611
v 0.112576 -0.083081 0.098225
v 0.125809 -0.079326 0.091226
v 0.109401 -0.083017 0.048129
v 0.152992 -0.063437 -0.087738
v 0.142072 -0.071014 -0.097785
v 0.122820 -0.074641 -0.049709
v 0.112228 -0.079184 -0.001172
v 0.124006 -0.077484 0.065482
v 0.123707 -0.074851 0.039707
v 0.138112 -0.072543 0.083535
v 0.149649 -0.062726 0.074870
v 0.134426 -0.066677 -0.037093
v 0.168950 -0.041911 -0.067988
v 0.142518 -0.064731 -0.062469
v 0.161853 -0.053539 -0.077916
v 0.144425 -0.057052 -0.024278
v 0.128574 -0.069063 -0.011617
v 0.137058 -0.064084 0.029666
v 0.125065 -0.071877 0.013980
v 0.153144 -0.046429 -0.010905
v 0.177292 -0.014857 -0.048001
v 0.159653 -0.043442 -0.039495
v 0.174082 -0.029024 -0.058223
v 0.160628 -0.034784 0.003649
v 0.148527 -0.056457 0.046424
v 0.149527 -0.050857 0.017805
v 0.160084 -0.050217 0.065494
v 0.168931 -0.034632 0.054931
v 0.115635 0.081850 -0.099809
v 0.126947 0.078831 -0.090414
v 0.111415 0.082228 -0.052070
v 0.151051 0.064638 0.088800
v 0.138249 0.072965 0.096720
v 0.120560 0.076278 0.046037
v 0.112184 0.079645 -0.003504
v 0.125045 0.077126 -0.065202
v 0.124276 0.074783 -0.039845
v 0.138195 0.072533 -0.080793
v 0.149115 0.063015 -0.070744
v 0.133259 0.067549 0.037062
v 0.168779 0.042303 0.072125
v 0.140773 0.065843 0.062940
v 0.160981 0.054242 0.080761
v 0.143881 0.057560 0.026823
v 0.128020 0.069642 0.011301
v 0.136921 0.064314 -0.027147
v 0.125094 0.072122 -0.014331
v 0.167490 -0.023338 0.020623
v 0.178282 0.000366 -0.038927
v 0.175190 0.017195 -0.039458
v 0.170186 -0.016657 -0.013758
v 0.175640 -0.016853 0.044994
v 0.178606 -0.000082 0.044460
v 0.170190 0.016949 0.019347
v 0.152855 0.046782 0.015155
v 0.177572 0.015103 0.053377
v 0.159403 0.043822 0.043720
v 0.174243 0.029292 0.063166
v 0.160378 0.035107 0.001552
v 0.148101 0.056761 -0.042201
v 0.149174 0.051184 -0.013554
v 0.167181 0.023675 -0.015028
v 0.159363 0.050605 -0.060533
v 0.168284 0.035019 -0.049541
v -0.112576 -0.083081 -0.096413
v -0.125809 -0.079326 -0.089414
v -0.109401 -0.083017 -0.046317
v -0.152992 -0.063437 0.089549
v -0.142072 -0.071014 0.099597
v -0.122820 -0.074641 0.051520
v -0.112228 -0.079184 0.002984
v -0.124006 -0.077484 -0.063671
v -0.123707 -0.074851 -0.037896
v -0.138112 -0.072543 -0.081724
v -0.149649 -0.062726 -0.073059
v -0.134426 -0.066677 0.038904
v -0.168950 -0.041911 0.069799
v -0.142518 -0.064731 0.064280
v -0.161853 -0.053539 0.079727
v -0.144425 -0.057052 0.026089
v -0.128574 -0.069063 0.013428
v -0.137058 -0.064084 -0.027854
v -0.125065 -0.071877 -0.012169
v -0.153144 -0.046429 0.012717
v -0.177292 -0.014857 0.049812
v -0.159653 -0.043442 0.041307
v -0.174082 -0.029024 0.060035
v -0.160628 -0.034784 -0.001838
v -0.148527 -0.056457 -0.044613
v -0.149527 -0.050857 -0.015994
v -0.160084 -0.050217 -0.063683
v -0.168931 -0.034632 -0.053120
v -0.115635 0.081850 0.101621
v -0.126947 0.078831 0.092225
v -0.111415 0.082228 0.053882
v -0.151051 0.064638 -0.086988
v -0.138249 0.072965 -0.094909
v -0.120560 0.076278 -0.044226
v -0.112184 0.079645 0.005316
v -0.125045 0.077126 0.067013
v -0.124276 0.074783 0.041656
v -0.138195 0.072533 0.082604
v -0.149115 0.063015 0.072556
v -0.133259 0.067549 -0.035251
v -0.168779 0.042303 -0.070314
v -0.140773 0.065843 -0.061129
v -0.160981 0.054242 -0.078950
v -0.143881 0.057560 -0.025012
v -0.128020 0.069642 -0.009489
v -0.136921 0.064314 0.028958
v -0.125094 0.072122 0.016142
v -0.167490 -0.023338 -0.018812
v -0.175640 -0.016853 -0.043183
v -0.178606 -0.000082 -0.042649
v -0.178282 0.000366 0.040738
v -0.175190 0.017195 0.041270
v -0.170186 -0.016657 0.015569
v -0.170190 0.016949 -0.017535
v -0.152855 0.046782 -0.013344
v -0.177572 0.015103 -0.051566
v -0.159403 0.043822 -0.041908
v -0.174243 0.029292 -0.061354
v -0.160378 0.035107 0.000260
v -0.148101 0.056761 0.044012
v -0.149174 0.051184 0.015366
v -0.167181 0.023675 0.016840
v -0.159363 0.050605 0.062345
v -0.168284 0.035019 0.051352
v 0.030728 -0.083934 0.092441
v 0.050680 -0.083409 0.096671
v 0.016472 -0.096368 0.058088
v -0.004704 -0.095849 0.057544
v 0.013681 -0.090923 0.074886
v -0.010269 -0.082998 0.089799
v 0.010521 -0.083792 0.090069
v -0.117639 -0.077689 0.087442
v -0.119914 -0.077052 0.121236
v -0.129898 -0.075773 0.110012
v -0.095231 -0.075793 0.116874
v -0.075381 -0.077484 0.104645
v -0.074837 -0.083149 0.087697
v -0.029153 -0.088619 0.075934
v -0.053264 -0.079689 0.096563
v -0.031370 -0.081605 0.091730
v -0.070445 -0.087996 0.067989
v -0.093702 -0.083341 0.076958
v -0.102887 -0.082978 0.041108
v -0.109312 -0.080356 0.064270
v -0.066078 -0.091981 0.047559
v -0.026226 -0.094270 0.058634
v -0.047979 -0.091629 0.061882
v -0.023603 -0.098495 0.040258
v -0.062751 -0.095040 0.026834
v -0.082904 -0.089771 0.032888
v -0.095314 -0.087271 -0.005444
v -0.098221 -0.085345 0.017964
v -0.060462 -0.096986 0.005533
v -0.042347 -0.098819 0.022944
v -0.021706 -0.101255 0.021007
v -0.059212 -0.097730 -0.016048
v -0.077709 -0.093344 -0.011879
v -0.093971 -0.088585 -0.053403
v -0.093976 -0.088492 -0.029124
v -0.077219 -0.091883 -0.058881
v -0.070168 -0.082267 -0.101319
v -0.095147 -0.087104 -0.078202
v -0.088418 -0.080444 -0.112548
v -0.099142 -0.083703 -0.103300
v -0.058396 -0.094216 -0.060303
v -0.058766 -0.096853 -0.038236
v -0.039832 -0.100578 -0.018160
v -0.037628 -0.095814 -0.058209
v -0.055705 -0.089746 -0.079283
v -0.030728 -0.083934 -0.090630
v -0.050680 -0.083409 -0.094859
v -0.016472 -0.096368 -0.056276
v -0.018472 -0.100088 -0.038063
v 0.004704 -0.095849 -0.055732
v -0.013681 -0.090923 -0.073075
v 0.010269 -0.082998 -0.087988
v -0.010521 -0.083792 -0.088257
v 0.117639 -0.077689 -0.085630
v 0.119914 -0.077052 -0.119425
v 0.129898 -0.075773 -0.108200
v 0.095231 -0.075793 -0.115062
v 0.075381 -0.077484 -0.102834
v 0.074837 -0.083149 -0.085885
v 0.029153 -0.088619 -0.074122
v 0.053264 -0.079689 -0.094751
v 0.031370 -0.081605 -0.089919
v 0.070445 -0.087996 -0.066178
v 0.093702 -0.083341 -0.075146
v 0.102887 -0.082978 -0.039297
v 0.109312 -0.080356 -0.062459
v 0.066078 -0.091981 -0.045748
v 0.026226 -0.094270 -0.056823
v 0.047979 -0.091629 -0.060070
v 0.023603 -0.098495 -0.038446
v -0.019697 -0.102117 -0.018754
v 0.000939 -0.102352 -0.018690
v -0.020532 -0.102460 0.001179
v -0.000939 -0.102352 0.020501
v 0.062751 -0.095040 -0.025023
v 0.082904 -0.089771 -0.031077
v 0.095314 -0.087271 0.007255
v 0.098221 -0.085345 -0.016153
v 0.060462 -0.096986 -0.003722
v 0.042347 -0.098819 -0.021133
v 0.020532 -0.102460 0.000632
v 0.021706 -0.101255 -0.019196
v 0.055705 -0.089746 0.081095
v 0.070168 -0.082267 0.103131
v 0.095147 -0.087104 0.080014
v 0.088418 -0.080444 0.114359
v 0.099142 -0.083703 0.105111
v 0.077219 -0.091883 0.060692
v 0.059212 -0.097730 0.017859
v 0.077709 -0.093344 0.013691
v 0.093971 -0.088585 0.055215
v 0.093976 -0.088492 0.030935
v 0.058766 -0.096853 0.040047
v 0.019697 -0.102117 0.020565
v 0.039832 -0.100578 0.019971
v 0.058396 -0.094216 0.062114
v 0.018472 -0.100088 0.039875
v 0.037628 -0.095814 0.060021
v -0.101299 0.084757 0.088461
v -0.104563 0.081654 0.110889
v -0.094064 0.078390 0.120109
v -0.079145 0.079939 0.109443
v -0.086026 0.087825 0.077669
v -0.098603 0.086590 0.065837
v -0.096868 0.087301 0.042962
v -0.069495 0.090742 0.069243
v -0.074018 0.086080 0.089456
v -0.045405 0.082806 0.094921
v -0.063008 0.081493 0.101053
v -0.051455 0.093260 0.063171
v -0.065966 0.094069 0.048752
v -0.031729 0.095133 0.059365
v -0.037977 0.089742 0.077365
v -0.005515 0.084017 0.089309
v -0.026263 0.083713 0.091034
v 0.004753 0.090898 0.074221
v 0.040741 0.082522 0.092887
v 0.016560 0.083703 0.089799
v -0.010255 0.096162 0.057743
v 0.012622 0.096147 0.057826
v -0.026962 0.099039 0.040769
v -0.081081 0.092030 0.034255
v -0.063731 0.096123 0.027829
v -0.096549 0.087208 0.019825
v -0.097760 0.086414 -0.003687
v -0.023897 0.101475 0.021383
v -0.062902 0.097005 0.006362
v -0.044640 0.099328 0.023599
v -0.081498 0.092133 -0.010795
v -0.063089 0.096706 -0.015508
v -0.100705 0.085125 -0.027586
v -0.105043 0.083223 -0.052417
v 0.101299 0.084757 -0.086650
v 0.104563 0.081654 -0.109078
v 0.094064 0.078390 -0.118297
v 0.079145 0.079939 -0.107632
v 0.086026 0.087825 -0.075857
v 0.098603 0.086590 -0.064025
v 0.096868 0.087301 -0.041151
v 0.069495 0.090742 -0.067432
v 0.074018 0.086080 -0.087645
v 0.045405 0.082806 -0.093110
v 0.063008 0.081493 -0.099241
v 0.051455 0.093260 -0.061359
v 0.065966 0.094069 -0.046940
v 0.031729 0.095133 -0.057554
v 0.037977 0.089742 -0.075553
v 0.005515 0.084017 -0.087498
v 0.026263 0.083713 -0.089223
v -0.086399 0.088286 -0.059323
v -0.111263 0.080821 -0.078046
v -0.066188 0.080605 -0.097384
v -0.123834 0.078547 -0.103285
v -0.114155 0.079792 -0.114611
v -0.089300 0.078567 -0.109995
v -0.056076 0.087996 -0.078686
v -0.004753 0.090898 -0.072409
v -0.040741 0.082522 -0.091075
v -0.016560 0.083703 -0.087988
v -0.037677 0.094839 -0.058186
v -0.063738 0.092163 -0.061068
v -0.042621 0.099961 -0.018008
v -0.063947 0.095108 -0.038327
v -0.017868 0.099779 -0.038120
v 0.010255 0.096162 -0.055931
v -0.012622 0.096147 -0.056015
v 0.026962 0.099039 -0.038958
v 0.081081 0.092030 -0.032443
v 0.063731 0.096123 -0.026017
v 0.096549 0.087208 -0.018013
v 0.097760 0.086414 0.005498
v 0.001851 0.102362 -0.018892
v -0.020713 0.101882 -0.018830
v -0.001851 0.102362 0.020704
v -0.022143 0.102431 0.001347
v 0.022143 0.102431 0.000465
v 0.023897 0.101475 -0.019572
v 0.062902 0.097005 -0.004551
v 0.044640 0.099328 -0.021787
v 0.111263 0.080821 0.079857
v 0.056076 0.087996 0.080497
v 0.066188 0.080605 0.099195
v 0.123834 0.078547 0.105096
v 0.114155 0.079792 0.116423
v 0.089300 0.078567 0.111806
v 0.063738 0.092163 0.062879
v 0.042621 0.099961 0.019820
v 0.020713 0.101882 0.020641
v 0.037677 0.094839 0.059997
v 0.017868 0.099779 0.039932
v 0.063947 0.095108 0.040138
v 0.081498 0.092133 0.012606
v 0.063089 0.096706 0.017319
v 0.086399 0.088286 0.061134
v 0.100705 0.085125 0.029397
v 0.105043 0.083223 0.054228
f 1468 1469 1382
f 538 1382 1469
f 1382 539 1468
f 1469 1468 512
f 1379 1382 1381
f 538 1381 1382
f 1381 540 1379
f 1382 1379 539
f 1475 1468 1477
f 539 1477 1468
f 1477 510 1475
f 1468 1475 512
f 1467 1458 1469
f 538 1469 1458
f 1469 512 1467
f 1458 1467 514
f 1406 1412 1413
f 529 1413 1412
f 1413 536 1406
f 1412 1406 531
f 1602 1413 1601
f 529 1601 1413
f 1601 469 1602
f 1413 1602 536
f 1404 1406 1387
f 536 1387 1406
f 1387 535 1404
f 1406 1404 531
f 1407 1411 1412
f 529 1412 1411
f 1412 531 1407
f 1411 1407 530
f 1609 1386 1608
f 536 1608 1386
f 1608 467 1609
f 1386 1609 537
f 1606 1608 1602
f 536 1602 1608
f 1602 469 1606
f 1608 1606 467
f 1716 1609 1714
f 467 1714 1609
f 1714 437 1716
f 1609 1716 537
f 1388 1387 1386
f 536 1386 1387
f 1386 537 1388
f 1387 1388 535
f 1399 1403 1405
f 531 1405 1403
f 1405 533 1399
f 1403 1399 532
f 1396 1405 1404
f 531 1404 1405
f 1404 535 1396
f 1405 1396 533
f 1400 1399 1395
f 533 1395 1399
f 1395 534 1400
f 1399 1400 532
f 1408 1407 1403
f 531 1403 1407
f 1403 532 1408
f 1407 1408 530
f 1414 1595 1596
f 472 1596 1595
f 1596 529 1414
f 1595 1414 528
f 1601 1596 1599
f 472 1599 1596
f 1599 469 1601
f 1596 1601 529
f 1415 1414 1411
f 529 1411 1414
f 1411 530 1415
f 1414 1415 528
f 1623 1621 1595
f 472 1595 1621
f 1595 528 1623
f 1621 1623 462
f 1423 1433 1435
f 521 1435 1433
f 1435 526 1423
f 1433 1423 524
f 1425 1435 1434
f 521 1434 1435
f 1434 523 1425
f 1435 1425 526
f 1457 1423 1456
f 526 1456 1423
f 1456 515 1457
f 1423 1457 524
f 1428 1432 1433
f 521 1433 1432
f 1433 524 1428
f 1432 1428 522
f 1464 1465 1420
f 526 1420 1465
f 1420 527 1464
f 1465 1464 513
f 1424 1420 1425
f 526 1425 1420
f 1425 523 1424
f 1420 1424 527
f 1462 1464 1459
f 527 1459 1464
f 1459 514 1462
f 1464 1462 513
f 1463 1456 1465
f 526 1465 1456
f 1465 513 1463
f 1456 1463 515
f 1452 1422 1451
f 524 1451 1422
f 1451 517 1452
f 1422 1452 525
f 1455 1451 1457
f 524 1457 1451
f 1457 515 1455
f 1451 1455 517
f 1684 1452 1683
f 517 1683 1452
f 1683 445 1684
f 1452 1684 525
f 1429 1428 1422
f 524 1422 1428
f 1422 525 1429
f 1428 1429 522
f 1441 1445 1447
f 518 1447 1445
f 1447 521 1441
f 1445 1441 519
f 1434 1447 1446
f 518 1446 1447
f 1446 523 1434
f 1447 1434 521
f 1442 1441 1432
f 521 1432 1441
f 1432 522 1442
f 1441 1442 519
f 1440 1448 1445
f 518 1445 1448
f 1445 519 1440
f 1448 1440 520
f 1473 1479 1480
f 509 1480 1479
f 1480 516 1473
f 1479 1473 511
f 1673 1480 1672
f 509 1672 1480
f 1672 448 1673
f 1480 1673 516
f 1471 1473 1454
f 516 1454 1473
f 1454 515 1471
f 1473 1471 511
f 1474 1478 1479
f 509 1479 1478
f 1479 511 1474
f 1478 1474 510
f 1696 1453 1695
f 516 1695 1453
f 1695 443 1696
f 1453 1696 517
f 1692 1695 1673
f 516 1673 1695
f 1673 448 1692
f 1695 1692 443
f 1683 1696 1694
f 443 1694 1696
f 1694 445 1683
f 1696 1683 517
f 1455 1454 1453
f 516 1453 1454
f 1453 517 1455
f 1454 1455 515
f 1466 1470 1472
f 511 1472 1470
f 1472 513 1466
f 1470 1466 512
f 1463 1472 1471
f 511 1471 1472
f 1471 515 1463
f 1472 1463 513
f 1467 1466 1462
f 513 1462 1466
f 1462 514 1467
f 1466 1467 512
f 1475 1474 1470
f 511 1470 1474
f 1470 512 1475
f 1474 1475 510
f 1481 1663 1664
f 452 1664 1663
f 1664 509 1481
f 1663 1481 508
f 1672 1664 1670
f 452 1670 1664
f 1670 448 1672
f 1664 1672 509
f 1482 1481 1478
f 509 1478 1481
f 1478 510 1482
f 1481 1482 508
f 1717 1715 1663
f 452 1663 1715
f 1663 508 1717
f 1715 1717 437
f 1488 1493 1495
f 503 1495 1493
f 1495 506 1488
f 1493 1488 505
f 1490 1495 1494
f 503 1494 1495
f 1494 504 1490
f 1495 1490 506
f 1509 1488 1508
f 506 1508 1488
f 1508 498 1509
f 1488 1509 505
f 1574 1575 1493
f 503 1493 1575
f 1493 505 1574
f 1575 1574 477
f 1511 1512 1487
f 506 1487 1512
f 1487 507 1511
f 1512 1511 497
f 1489 1487 1490
f 506 1490 1487
f 1490 504 1489
f 1487 1489 507
f 1682 1511 1685
f 507 1685 1511
f 1685 445 1682
f 1511 1682 497
f 1510 1508 1512
f 506 1512 1508
f 1512 497 1510
f 1508 1510 498
f 1587 1588 1503
f 505 1503 1588
f 1503 500 1587
f 1588 1587 474
f 1507 1503 1509
f 505 1509 1503
f 1509 498 1507
f 1503 1507 500
f 1584 1587 1580
f 500 1580 1587
f 1580 475 1584
f 1587 1584 474
f 1586 1574 1588
f 505 1588 1574
f 1588 474 1586
f 1574 1586 477
f 1562 1563 1497
f 502 1497 1563
f 1497 503 1562
f 1563 1562 480
f 1494 1497 1496
f 502 1496 1497
f 1496 504 1494
f 1497 1494 503
f 1573 1562 1575
f 503 1575 1562
f 1575 477 1573
f 1562 1573 480
f 1561 1552 1563
f 502 1563 1552
f 1563 480 1561
f 1552 1561 482
f 1515 1520 1522
f 494 1522 1520
f 1522 499 1515
f 1520 1515 496
f 1517 1522 1521
f 494 1521 1522
f 1521 495 1517
f 1522 1517 499
f 1513 1515 1506
f 499 1506 1515
f 1506 498 1513
f 1515 1513 496
f 1676 1677 1520
f 494 1520 1677
f 1520 496 1676
f 1677 1676 447
f 1502 1504 1505
f 499 1505 1504
f 1505 501 1502
f 1504 1502 500
f 1516 1505 1517
f 499 1517 1505
f 1517 495 1516
f 1505 1516 501
f 1580 1502 1583
f 501 1583 1502
f 1583 475 1580
f 1502 1580 500
f 1507 1506 1504
f 499 1504 1506
f 1504 500 1507
f 1506 1507 498
f 1689 1690 1514
f 496 1514 1690
f 1514 497 1689
f 1690 1689 444
f 1510 1514 1513
f 496 1513 1514
f 1513 498 1510
f 1514 1510 497
f 1686 1689 1682
f 497 1682 1689
f 1682 445 1686
f 1689 1686 444
f 1688 1676 1690
f 496 1690 1676
f 1690 444 1688
f 1676 1688 447
f 1666 1667 1524
f 493 1524 1667
f 1524 494 1666
f 1667 1666 450
f 1521 1524 1523
f 493 1523 1524
f 1523 495 1521
f 1524 1521 494
f 1675 1666 1677
f 494 1677 1666
f 1677 447 1675
f 1666 1675 450
f 1697 1698 1667
f 493 1667 1698
f 1667 450 1697
f 1698 1697 442
f 1530 1535 1537
f 488 1537 1535
f 1537 491 1530
f 1535 1530 490
f 1532 1537 1536
f 488 1536 1537
f 1536 489 1532
f 1537 1532 491
f 1551 1530 1550
f 491 1550 1530
f 1550 483 1551
f 1530 1551 490
f 1642 1643 1535
f 488 1535 1643
f 1535 490 1642
f 1643 1642 457
f 1558 1559 1529
f 491 1529 1559
f 1529 492 1558
f 1559 1558 481
f 1531 1529 1532
f 491 1532 1529
f 1532 489 1531
f 1529 1531 492
f 1556 1558 1553
f 492 1553 1558
f 1553 482 1556
f 1558 1556 481
f 1557 1550 1559
f 491 1559 1550
f 1559 481 1557
f 1550 1557 483
f 1655 1656 1545
f 490 1545 1656
f 1545 485 1655
f 1656 1655 454
f 1549 1545 1551
f 490 1551 1545
f 1551 483 1549
f 1545 1549 485
f 1652 1655 1648
f 485 1648 1655
f 1648 455 1652
f 1655 1652 454
f 1654 1642 1656
f 490 1656 1642
f 1656 454 1654
f 1642 1654 457
f 1630 1631 1539
f 487 1539 1631
f 1539 488 1630
f 1631 1630 460
f 1536 1539 1538
f 487 1538 1539
f 1538 489 1536
f 1539 1536 488
f 1641 1630 1643
f 488 1643 1630
f 1643 457 1641
f 1630 1641 460
f 1629 1620 1631
f 487 1631 1620
f 1631 460 1629
f 1620 1629 462
f 1567 1577 1579
f 476 1579 1577
f 1579 484 1567
f 1577 1567 479
f 1569 1579 1578
f 476 1578 1579
f 1578 478 1569
f 1579 1569 484
f 1565 1567 1548
f 484 1548 1567
f 1548 483 1565
f 1567 1565 479
f 1572 1576 1577
f 476 1577 1576
f 1577 479 1572
f 1576 1572 477
f 1544 1546 1547
f 484 1547 1546
f 1547 486 1544
f 1546 1544 485
f 1568 1547 1569
f 484 1569 1547
f 1569 478 1568
f 1547 1568 486
f 1648 1544 1651
f 486 1651 1544
f 1651 455 1648
f 1544 1648 485
f 1549 1548 1546
f 484 1546 1548
f 1546 485 1549
f 1548 1549 483
f 1560 1564 1566
f 479 1566 1564
f 1566 481 1560
f 1564 1560 480
f 1557 1566 1565
f 479 1565 1566
f 1565 483 1557
f 1566 1557 481
f 1561 1560 1556
f 481 1556 1560
f 1556 482 1561
f 1560 1561 480
f 1573 1572 1564
f 479 1564 1572
f 1564 480 1573
f 1572 1573 477
f 1585 1589 1591
f 473 1591 1589
f 1591 476 1585
f 1589 1585 474
f 1578 1591 1590
f 473 1590 1591
f 1590 478 1578
f 1591 1578 476
f 1586 1585 1576
f 476 1576 1585
f 1576 477 1586
f 1585 1586 474
f 1584 1592 1589
f 473 1589 1592
f 1589 474 1584
f 1592 1584 475
f 1598 1603 1605
f 468 1605 1603
f 1605 471 1598
f 1603 1598 470
f 1600 1605 1604
f 468 1604 1605
f 1604 469 1600
f 1605 1600 471
f 1619 1598 1618
f 471 1618 1598
f 1618 463 1619
f 1598 1619 470
f 1736 1737 1603
f 468 1603 1737
f 1603 470 1736
f 1737 1736 432
f 1626 1627 1597
f 471 1597 1627
f 1597 472 1626
f 1627 1626 461
f 1599 1597 1600
f 471 1600 1597
f 1600 469 1599
f 1597 1599 472
f 1624 1626 1621
f 472 1621 1626
f 1621 462 1624
f 1626 1624 461
f 1625 1618 1627
f 471 1627 1618
f 1627 461 1625
f 1618 1625 463
f 1749 1750 1613
f 470 1613 1750
f 1613 465 1749
f 1750 1749 429
f 1617 1613 1619
f 470 1619 1613
f 1619 463 1617
f 1613 1617 465
f 1746 1749 1742
f 465 1742 1749
f 1742 430 1746
f 1749 1746 429
f 1748 1736 1750
f 470 1750 1736
f 1750 429 1748
f 1736 1748 432
f 1724 1725 1607
f 467 1607 1725
f 1607 468 1724
f 1725 1724 435
f 1604 1607 1606
f 467 1606 1607
f 1606 469 1604
f 1607 1604 468
f 1735 1724 1737
f 468 1737 1724
f 1737 432 1735
f 1724 1735 435
f 1723 1714 1725
f 467 1725 1714
f 1725 435 1723
f 1714 1723 437
f 1635 1645 1647
f 456 1647 1645
f 1647 464 1635
f 1645 1635 459
f 1637 1647 1646
f 456 1646 1647
f 1646 458 1637
f 1647 1637 464
f 1633 1635 1616
f 464 1616 1635
f 1616 463 1633
f 1635 1633 459
f 1640 1644 1645
f 456 1645 1644
f 1645 459 1640
f 1644 1640 457
f 1612 1614 1615
f 464 1615 1614
f 1615 466 1612
f 1614 1612 465
f 1636 1615 1637
f 464 1637 1615
f 1637 458 1636
f 1615 1636 466
f 1742 1612 1745
f 466 1745 1612
f 1745 430 1742
f 1612 1742 465
f 1617 1616 1614
f 464 1614 1616
f 1614 465 1617
f 1616 1617 463
f 1628 1632 1634
f 459 1634 1632
f 1634 461 1628
f 1632 1628 460
f 1625 1634 1633
f 459 1633 1634
f 1633 463 1625
f 1634 1625 461
f 1629 1628 1624
f 461 1624 1628
f 1624 462 1629
f 1628 1629 460
f 1641 1640 1632
f 459 1632 1640
f 1632 460 1641
f 1640 1641 457
f 1653 1657 1659
f 453 1659 1657
f 1659 456 1653
f 1657 1653 454
f 1646 1659 1658
f 453 1658 1659
f 1658 458 1646
f 1659 1646 456
f 1654 1653 1644
f 456 1644 1653
f 1644 457 1654
f 1653 1654 454
f 1652 1660 1657
f 453 1657 1660
f 1657 454 1652
f 1660 1652 455
f 1669 1679 1681
f 446 1681 1679
f 1681 451 1669
f 1679 1669 449
f 1671 1681 1680
f 446 1680 1681
f 1680 448 1671
f 1681 1671 451
f 1713 1669 1712
f 451 1712 1669
f 1712 438 1713
f 1669 1713 449
f 1674 1678 1679
f 446 1679 1678
f 1679 449 1674
f 1678 1674 447
f 1720 1721 1665
f 451 1665 1721
f 1665 452 1720
f 1721 1720 436
f 1670 1665 1671
f 451 1671 1665
f 1671 448 1670
f 1665 1670 452
f 1718 1720 1715
f 452 1715 1720
f 1715 437 1718
f 1720 1718 436
f 1719 1712 1721
f 451 1721 1712
f 1721 436 1719
f 1712 1719 438
f 1707 1668 1706
f 449 1706 1668
f 1706 440 1707
f 1668 1707 450
f 1711 1706 1713
f 449 1713 1706
f 1713 438 1711
f 1706 1711 440
f 1697 1707 1705
f 440 1705 1707
f 1705 442 1697
f 1707 1697 450
f 1675 1674 1668
f 449 1668 1674
f 1668 450 1675
f 1674 1675 447
f 1687 1691 1693
f 443 1693 1691
f 1693 446 1687
f 1691 1687 444
f 1680 1693 1692
f 443 1692 1693
f 1692 448 1680
f 1693 1680 446
f 1688 1687 1678
f 446 1678 1687
f 1678 447 1688
f 1687 1688 444
f 1686 1694 1691
f 443 1691 1694
f 1691 444 1686
f 1694 1686 445
f 1729 1739 1741
f 431 1741 1739
f 1741 439 1729
f 1739 1729 434
f 1731 1741 1740
f 431 1740 1741
f 1740 433 1731
f 1741 1731 439
f 1727 1729 1710
f 439 1710 1729
f 1710 438 1727
f 1729 1727 434
f 1734 1738 1739
f 431 1739 1738
f 1739 434 1734
f 1738 1734 432
f 1704 1708 1709
f 439 1709 1708
f 1709 441 1704
f 1708 1704 440
f 1730 1709 1731
f 439 1731 1709
f 1731 433 1730
f 1709 1730 441
f 1705 1704 1701
f 441 1701 1704
f 1701 442 1705
f 1704 1705 440
f 1711 1710 1708
f 439 1708 1710
f 1708 440 1711
f 1710 1711 438
f 1722 1726 1728
f 434 1728 1726
f 1728 436 1722
f 1726 1722 435
f 1719 1728 1727
f 434 1727 1728
f 1727 438 1719
f 1728 1719 436
f 1723 1722 1718
f 436 1718 1722
f 1718 437 1723
f 1722 1723 435
f 1735 1734 1726
f 434 1726 1734
f 1726 435 1735
f 1734 1735 432
f 1747 1751 1753
f 428 1753 1751
f 1753 431 1747
f 1751 1747 429
f 1740 1753 1752
f 428 1752 1753
f 1752 433 1740
f 1753 1740 431
f 1748 1747 1738
f 431 1738 1747
f 1738 432 1748
f 1747 1748 429
f 1746 1754 1751
f 428 1751 1754
f 1751 429 1746
f 1754 1746 430
f 1757 1758 1759
f 425 1759 1758
f 1759 427 1757
f 1758 1757 426
f 2555 1759 2554
f 425 2554 1759
f 2554 147 2555
f 1759 2555 427
f 1765 1757 1764
f 427 1764 1757
f 1764 422 1765
f 1757 1765 426
f 1792 1793 1758
f 425 1758 1793
f 1758 426 1792
f 1793 1792 409
f 2562 1767 2561
f 427 2561 1767
f 2561 145 2562
f 1767 2562 421
f 2559 2561 2555
f 427 2555 2561
f 2555 147 2559
f 2561 2559 145
f 2698 2562 2696
f 145 2696 2562
f 2696 102 2698
f 2562 2698 421
f 1766 1764 1767
f 427 1767 1764
f 1767 421 1766
f 1764 1766 422
f 1799 1800 1760
f 426 1760 1800
f 1760 424 1799
f 1800 1799 407
f 1763 1760 1765
f 426 1765 1760
f 1765 422 1763
f 1760 1763 424
f 1922 1799 1921
f 424 1921 1799
f 1921 358 1922
f 1799 1922 407
f 1798 1792 1800
f 426 1800 1792
f 1800 407 1798
f 1792 1798 409
f 1785 2536 2537
f 153 2537 2536
f 2537 425 1785
f 2536 1785 411
f 2554 2537 2552
f 153 2552 2537
f 2552 147 2554
f 2537 2554 425
f 1791 1785 1793
f 425 1793 1785
f 1793 409 1791
f 1785 1791 411
f 2617 2619 2536
f 153 2536 2619
f 2536 411 2617
f 2619 2617 127
f 1770 1771 1772
f 419 1772 1771
f 1772 423 1770
f 1771 1770 420
f 1876 1772 1875
f 419 1875 1772
f 1875 376 1876
f 1772 1876 423
f 1768 1770 1762
f 423 1762 1770
f 1762 422 1768
f 1770 1768 420
f 1834 1835 1771
f 419 1771 1835
f 1771 420 1834
f 1835 1834 391
f 1883 1761 1882
f 423 1882 1761
f 1882 374 1883
f 1761 1883 424
f 1880 1882 1876
f 423 1876 1882
f 1876 376 1880
f 1882 1880 374
f 1921 1883 1919
f 374 1919 1883
f 1919 358 1921
f 1883 1921 424
f 1763 1762 1761
f 423 1761 1762
f 1761 424 1763
f 1762 1763 422
f 1841 1842 1769
f 420 1769 1842
f 1769 421 1841
f 1842 1841 389
f 1766 1769 1768
f 420 1768 1769
f 1768 422 1766
f 1769 1766 421
f 2697 1841 2698
f 421 2698 1841
f 2698 102 2697
f 1841 2697 389
f 1840 1834 1842
f 420 1842 1834
f 1842 389 1840
f 1834 1840 391
f 1829 1869 1870
f 379 1870 1869
f 1870 419 1829
f 1869 1829 393
f 1875 1870 1873
f 379 1873 1870
f 1873 376 1875
f 1870 1875 419
f 1833 1829 1835
f 419 1835 1829
f 1835 391 1833
f 1829 1833 393
f 2014 2015 1869
f 379 1869 2015
f 1869 393 2014
f 2015 2014 328
f 1773 1774 1775
f 416 1775 1774
f 1775 418 1773
f 1774 1773 417
f 2607 1775 2606
f 416 2606 1775
f 2606 130 2607
f 1775 2607 418
f 1781 1773 1780
f 418 1780 1773
f 1780 413 1781
f 1773 1781 417
f 1820 1821 1774
f 416 1774 1821
f 1774 417 1820
f 1821 1820 397
f 2630 1783 2629
f 418 2629 1783
f 2629 125 2630
f 1783 2630 412
f 2626 2629 2607
f 418 2607 2629
f 2607 130 2626
f 2629 2626 125
f 2618 2630 2628
f 125 2628 2630
f 2628 127 2618
f 2630 2618 412
f 1782 1780 1783
f 418 1783 1780
f 1783 412 1782
f 1780 1782 413
f 1827 1828 1776
f 417 1776 1828
f 1776 415 1827
f 1828 1827 395
f 1779 1776 1781
f 417 1781 1776
f 1781 413 1779
f 1776 1779 415
f 1970 1827 1969
f 415 1969 1827
f 1969 342 1970
f 1827 1970 395
f 1826 1820 1828
f 417 1828 1820
f 1828 395 1826
f 1820 1826 397
f 1813 2578 2579
f 138 2579 2578
f 2579 416 1813
f 2578 1813 399
f 2606 2579 2604
f 138 2604 2579
f 2604 130 2606
f 2579 2606 416
f 1819 1813 1821
f 416 1821 1813
f 1821 397 1819
f 1813 1819 399
f 2666 2668 2578
f 138 2578 2668
f 2578 399 2666
f 2668 2666 111
f 1789 1795 1796
f 408 1796 1795
f 1796 414 1789
f 1795 1789 410
f 1905 1796 1904
f 408 1904 1796
f 1904 364 1905
f 1796 1905 414
f 1787 1789 1778
f 414 1778 1789
f 1778 413 1787
f 1789 1787 410
f 1790 1794 1795
f 408 1795 1794
f 1795 410 1790
f 1794 1790 409
f 1912 1777 1911
f 414 1911 1777
f 1911 362 1912
f 1777 1912 415
f 1909 1911 1905
f 414 1905 1911
f 1905 364 1909
f 1911 1909 362
f 1969 1912 1967
f 362 1967 1912
f 1967 342 1969
f 1912 1969 415
f 1779 1778 1777
f 414 1777 1778
f 1777 415 1779
f 1778 1779 413
f 1784 1786 1788
f 410 1788 1786
f 1788 412 1784
f 1786 1784 411
f 1782 1788 1787
f 410 1787 1788
f 1787 413 1782
f 1788 1782 412
f 2617 1784 2618
f 412 2618 1784
f 2618 127 2617
f 1784 2617 411
f 1791 1790 1786
f 410 1786 1790
f 1786 411 1791
f 1790 1791 409
f 1797 1898 1899
f 367 1899 1898
f 1899 408 1797
f 1898 1797 407
f 1904 1899 1902
f 367 1902 1899
f 1902 364 1904
f 1899 1904 408
f 1798 1797 1794
f 408 1794 1797
f 1794 409 1798
f 1797 1798 407
f 1922 1920 1898
f 367 1898 1920
f 1898 407 1922
f 1920 1922 358
f 1801 1802 1803
f 404 1803 1802
f 1803 406 1801
f 1802 1801 405
f 2656 1803 2655
f 404 2655 1803
f 2655 114 2656
f 1803 2656 406
f 1809 1801 1808
f 406 1808 1801
f 1808 401 1809
f 1801 1809 405
f 1860 1861 1802
f 404 1802 1861
f 1802 405 1860
f 1861 1860 382
f 2679 1811 2678
f 406 2678 1811
f 2678 109 2679
f 1811 2679 400
f 2675 2678 2656
f 406 2656 2678
f 2656 114 2675
f 2678 2675 109
f 2667 2679 2677
f 109 2677 2679
f 2677 111 2667
f 2679 2667 400
f 1810 1808 1811
f 406 1811 1808
f 1811 400 1810
f 1808 1810 401
f 1867 1868 1804
f 405 1804 1868
f 1804 403 1867
f 1868 1867 380
f 1807 1804 1809
f 405 1809 1804
f 1809 401 1807
f 1804 1807 403
f 2037 1867 2036
f 403 2036 1867
f 2036 322 2037
f 1867 2037 380
f 1866 1860 1868
f 405 1868 1860
f 1868 380 1866
f 1860 1866 382
f 1853 2634 2635
f 121 2635 2634
f 2635 404 1853
f 2634 1853 384
f 2655 2635 2653
f 121 2653 2635
f 2653 114 2655
f 2635 2655 404
f 1859 1853 1861
f 404 1861 1853
f 1861 382 1859
f 1853 1859 384
f 2733 2735 2634
f 121 2634 2735
f 2634 384 2733
f 2735 2733 91
f 1817 1823 1824
f 396 1824 1823
f 1824 402 1817
f 1823 1817 398
f 1953 1824 1952
f 396 1952 1824
f 1952 348 1953
f 1824 1953 402
f 1815 1817 1806
f 402 1806 1817
f 1806 401 1815
f 1817 1815 398
f 1818 1822 1823
f 396 1823 1822
f 1823 398 1818
f 1822 1818 397
f 1960 1805 1959
f 402 1959 1805
f 1959 346 1960
f 1805 1960 403
f 1957 1959 1953
f 402 1953 1959
f 1953 348 1957
f 1959 1957 346
f 2036 1960 2034
f 346 2034 1960
f 2034 322 2036
f 1960 2036 403
f 1807 1806 1805
f 402 1805 1806
f 1805 403 1807
f 1806 1807 401
f 1812 1814 1816
f 398 1816 1814
f 1816 400 1812
f 1814 1812 399
f 1810 1816 1815
f 398 1815 1816
f 1815 401 1810
f 1816 1810 400
f 2666 1812 2667
f 400 2667 1812
f 2667 111 2666
f 1812 2666 399
f 1819 1818 1814
f 398 1814 1818
f 1814 399 1819
f 1818 1819 397
f 1825 1946 1947
f 351 1947 1946
f 1947 396 1825
f 1946 1825 395
f 1952 1947 1950
f 351 1950 1947
f 1950 348 1952
f 1947 1952 396
f 1826 1825 1822
f 396 1822 1825
f 1822 397 1826
f 1825 1826 395
f 1970 1968 1946
f 351 1946 1968
f 1946 395 1970
f 1968 1970 342
f 1831 1837 1838
f 390 1838 1837
f 1838 394 1831
f 1837 1831 392
f 2723 1838 2722
f 390 2722 1838
f 2722 94 2723
f 1838 2723 394
f 1849 1831 1848
f 394 1848 1831
f 1848 386 1849
f 1831 1849 392
f 1832 1836 1837
f 390 1837 1836
f 1837 392 1832
f 1836 1832 391
f 2746 1851 2745
f 394 2745 1851
f 2745 89 2746
f 1851 2746 385
f 2742 2745 2723
f 394 2723 2745
f 2723 94 2742
f 2745 2742 89
f 2734 2746 2744
f 89 2744 2746
f 2744 91 2734
f 2746 2734 385
f 1850 1848 1851
f 394 1851 1848
f 1851 385 1850
f 1848 1850 386
f 1844 1830 1843
f 392 1843 1830
f 1843 388 1844
f 1830 1844 393
f 1847 1843 1849
f 392 1849 1843
f 1849 386 1847
f 1843 1847 388
f 2014 1844 2013
f 388 2013 1844
f 2013 328 2014
f 1844 2014 393
f 1833 1832 1830
f 392 1830 1832
f 1830 393 1833
f 1832 1833 391
f 1839 2700 2701
f 101 2701 2700
f 2701 390 1839
f 2700 1839 389
f 2722 2701 2720
f 101 2720 2701
f 2720 94 2722
f 2701 2722 390
f 1840 1839 1836
f 390 1836 1839
f 1836 391 1840
f 1839 1840 389
f 2697 2699 2700
f 101 2700 2699
f 2700 389 2697
f 2699 2697 102
f 1857 1863 1864
f 381 1864 1863
f 1864 387 1857
f 1863 1857 383
f 2003 1864 2002
f 381 2002 1864
f 2002 331 2003
f 1864 2003 387
f 1855 1857 1846
f 387 1846 1857
f 1846 386 1855
f 1857 1855 383
f 1858 1862 1863
f 381 1863 1862
f 1863 383 1858
f 1862 1858 382
f 2026 1845 2025
f 387 2025 1845
f 2025 326 2026
f 1845 2026 388
f 2022 2025 2003
f 387 2003 2025
f 2003 331 2022
f 2025 2022 326
f 2013 2026 2024
f 326 2024 2026
f 2024 328 2013
f 2026 2013 388
f 1847 1846 1845
f 387 1845 1846
f 1845 388 1847
f 1846 1847 386
f 1852 1854 1856
f 383 1856 1854
f 1856 385 1852
f 1854 1852 384
f 1850 1856 1855
f 383 1855 1856
f 1855 386 1850
f 1856 1850 385
f 2733 1852 2734
f 385 2734 1852
f 2734 91 2733
f 1852 2733 384
f 1859 1858 1854
f 383 1854 1858
f 1854 384 1859
f 1858 1859 382
f 1865 1994 1995
f 335 1995 1994
f 1995 381 1865
f 1994 1865 380
f 2002 1995 2000
f 335 2000 1995
f 2000 331 2002
f 1995 2002 381
f 1866 1865 1862
f 381 1862 1865
f 1862 382 1866
f 1865 1866 380
f 2037 2035 1994
f 335 1994 2035
f 1994 380 2037
f 2035 2037 322
f 1872 1877 1879
f 375 1879 1877
f 1879 378 1872
f 1877 1872 377
f 1874 1879 1878
f 375 1878 1879
f 1878 376 1874
f 1879 1874 378
f 1889 1872 1888
f 378 1888 1872
f 1888 371 1889
f 1872 1889 377
f 1937 1938 1877
f 375 1877 1938
f 1877 377 1937
f 1938 1937 354
f 1891 1892 1871
f 378 1871 1892
f 1871 379 1891
f 1892 1891 370
f 1873 1871 1874
f 378 1874 1871
f 1874 376 1873
f 1871 1873 379
f 2012 1891 2015
f 379 2015 1891
f 2015 328 2012
f 1891 2012 370
f 1890 1888 1892
f 378 1892 1888
f 1892 370 1890
f 1888 1890 371
f 1944 1945 1884
f 377 1884 1945
f 1884 373 1944
f 1945 1944 352
f 1887 1884 1889
f 377 1889 1884
f 1889 371 1887
f 1884 1887 373
f 2114 1944 2113
f 373 2113 1944
f 2113 294 2114
f 1944 2114 352
f 1943 1937 1945
f 377 1945 1937
f 1945 352 1943
f 1937 1943 354
f 1929 1930 1881
f 374 1881 1930
f 1881 375 1929
f 1930 1929 356
f 1878 1881 1880
f 374 1880 1881
f 1880 376 1878
f 1881 1878 375
f 1936 1929 1938
f 375 1938 1929
f 1938 354 1936
f 1929 1936 356
f 1928 1919 1930
f 374 1930 1919
f 1930 356 1928
f 1919 1928 358
f 1895 1896 1897
f 368 1897 1896
f 1897 372 1895
f 1896 1895 369
f 2068 1897 2067
f 368 2067 1897
f 2067 312 2068
f 1897 2068 372
f 1893 1895 1886
f 372 1886 1895
f 1886 371 1893
f 1895 1893 369
f 2006 2007 1896
f 368 1896 2007
f 1896 369 2006
f 2007 2006 330
f 2075 1885 2074
f 372 2074 1885
f 2074 310 2075
f 1885 2075 373
f 2072 2074 2068
f 372 2068 2074
f 2068 312 2072
f 2074 2072 310
f 2113 2075 2111
f 310 2111 2075
f 2111 294 2113
f 2075 2113 373
f 1887 1886 1885
f 372 1885 1886
f 1885 373 1887
f 1886 1887 371
f 2019 2020 1894
f 369 1894 2020
f 1894 370 2019
f 2020 2019 327
f 1890 1894 1893
f 369 1893 1894
f 1893 371 1890
f 1894 1890 370
f 2016 2019 2012
f 370 2012 2019
f 2012 328 2016
f 2019 2016 327
f 2018 2006 2020
f 369 2020 2006
f 2020 327 2018
f 2006 2018 330
f 1997 2061 2062
f 315 2062 2061
f 2062 368 1997
f 2061 1997 333
f 2067 2062 2065
f 315 2065 2062
f 2065 312 2067
f 2062 2067 368
f 2005 1997 2007
f 368 2007 1997
f 2007 330 2005
f 1997 2005 333
f 2206 2207 2061
f 315 2061 2207
f 2061 333 2206
f 2207 2206 264
f 1901 1906 1908
f 363 1908 1906
f 1908 366 1901
f 1906 1901 365
f 1903 1908 1907
f 363 1907 1908
f 1907 364 1903
f 1908 1903 366
f 1918 1901 1917
f 366 1917 1901
f 1917 359 1918
f 1901 1918 365
f 1985 1986 1906
f 363 1906 1986
f 1906 365 1985
f 1986 1985 338
f 1925 1926 1900
f 366 1900 1926
f 1900 367 1925
f 1926 1925 357
f 1902 1900 1903
f 366 1903 1900
f 1903 364 1902
f 1900 1902 367
f 1923 1925 1920
f 367 1920 1925
f 1920 358 1923
f 1925 1923 357
f 1924 1917 1926
f 366 1926 1917
f 1926 357 1924
f 1917 1924 359
f 1992 1993 1913
f 365 1913 1993
f 1913 361 1992
f 1993 1992 336
f 1916 1913 1918
f 365 1918 1913
f 1918 359 1916
f 1913 1916 361
f 2162 1992 2161
f 361 2161 1992
f 2161 278 2162
f 1992 2162 336
f 1991 1985 1993
f 365 1993 1985
f 1993 336 1991
f 1985 1991 338
f 1977 1978 1910
f 362 1910 1978
f 1910 363 1977
f 1978 1977 340
f 1907 1910 1909
f 362 1909 1910
f 1909 364 1907
f 1910 1907 363
f 1984 1977 1986
f 363 1986 1977
f 1986 338 1984
f 1977 1984 340
f 1976 1967 1978
f 362 1978 1967
f 1978 340 1976
f 1967 1976 342
f 1934 1940 1941
f 353 1941 1940
f 1941 360 1934
f 1940 1934 355
f 2097 1941 2096
f 353 2096 1941
f 2096 300 2097
f 1941 2097 360
f 1932 1934 1915
f 360 1915 1934
f 1915 359 1932
f 1934 1932 355
f 1935 1939 1940
f 353 1940 1939
f 1940 355 1935
f 1939 1935 354
f 2104 1914 2103
f 360 2103 1914
f 2103 298 2104
f 1914 2104 361
f 2101 2103 2097
f 360 2097 2103
f 2097 300 2101
f 2103 2101 298
f 2161 2104 2159
f 298 2159 2104
f 2159 278 2161
f 2104 2161 361
f 1916 1915 1914
f 360 1914 1915
f 1914 361 1916
f 1915 1916 359
f 1927 1931 1933
f 355 1933 1931
f 1933 357 1927
f 1931 1927 356
f 1924 1933 1932
f 355 1932 1933
f 1932 359 1924
f 1933 1924 357
f 1928 1927 1923
f 357 1923 1927
f 1923 358 1928
f 1927 1928 356
f 1936 1935 1931
f 355 1931 1935
f 1931 356 1936
f 1935 1936 354
f 1942 2090 2091
f 303 2091 2090
f 2091 353 1942
f 2090 1942 352
f 2096 2091 2094
f 303 2094 2091
f 2094 300 2096
f 2091 2096 353
f 1943 1942 1939
f 353 1939 1942
f 1939 354 1943
f 1942 1943 352
f 2114 2112 2090
f 303 2090 2112
f 2090 352 2114
f 2112 2114 294
f 1949 1954 1956
f 347 1956 1954
f 1956 350 1949
f 1954 1949 349
f 1951 1956 1955
f 347 1955 1956
f 1955 348 1951
f 1956 1951 350
f 1966 1949 1965
f 350 1965 1949
f 1965 343 1966
f 1949 1966 349
f 2052 2053 1954
f 347 1954 2053
f 1954 349 2052
f 2053 2052 318
f 1973 1974 1948
f 350 1948 1974
f 1948 351 1973
f 1974 1973 341
f 1950 1948 1951
f 350 1951 1948
f 1951 348 1950
f 1948 1950 351
f 1971 1973 1968
f 351 1968 1973
f 1968 342 1971
f 1973 1971 341
f 1972 1965 1974
f 350 1974 1965
f 1974 341 1972
f 1965 1972 343
f 2059 2060 1961
f 349 1961 2060
f 1961 345 2059
f 2060 2059 316
f 1964 1961 1966
f 349 1966 1961
f 1966 343 1964
f 1961 1964 345
f 2229 2059 2228
f 345 2228 2059
f 2228 258 2229
f 2059 2229 316
f 2058 2052 2060
f 349 2060 2052
f 2060 316 2058
f 2052 2058 318
f 2044 2045 1958
f 346 1958 2045
f 1958 347 2044
f 2045 2044 320
f 1955 1958 1957
f 346 1957 1958
f 1957 348 1955
f 1958 1955 347
f 2051 2044 2053
f 347 2053 2044
f 2053 318 2051
f 2044 2051 320
f 2043 2034 2045
f 346 2045 2034
f 2045 320 2043
f 2034 2043 322
f 1982 1988 1989
f 337 1989 1988
f 1989 344 1982
f 1988 1982 339
f 2145 1989 2144
f 337 2144 1989
f 2144 284 2145
f 1989 2145 344
f 1980 1982 1963
f 344 1963 1982
f 1963 343 1980
f 1982 1980 339
f 1983 1987 1988
f 337 1988 1987
f 1988 339 1983
f 1987 1983 338
f 2152 1962 2151
f 344 2151 1962
f 2151 282 2152
f 1962 2152 345
f 2149 2151 2145
f 344 2145 2151
f 2145 284 2149
f 2151 2149 282
f 2228 2152 2226
f 282 2226 2152
f 2226 258 2228
f 2152 2228 345
f 1964 1963 1962
f 344 1962 1963
f 1962 345 1964
f 1963 1964 343
f 1975 1979 1981
f 339 1981 1979
f 1981 341 1975
f 1979 1975 340
f 1972 1981 1980
f 339 1980 1981
f 1980 343 1972
f 1981 1972 341
f 1976 1975 1971
f 341 1971 1975
f 1971 342 1976
f 1975 1976 340
f 1984 1983 1979
f 339 1979 1983
f 1979 340 1984
f 1983 1984 338
f 1990 2138 2139
f 287 2139 2138
f 2139 337 1990
f 2138 1990 336
f 2144 2139 2142
f 287 2142 2139
f 2142 284 2144
f 2139 2144 337
f 1991 1990 1987
f 337 1987 1990
f 1987 338 1991
f 1990 1991 336
f 2162 2160 2138
f 287 2138 2160
f 2138 336 2162
f 2160 2162 278
f 1999 2009 2011
f 329 2011 2009
f 2011 334 1999
f 2009 1999 332
f 2001 2011 2010
f 329 2010 2011
f 2010 331 2001
f 2011 2001 334
f 2033 1999 2032
f 334 2032 1999
f 2032 323 2033
f 1999 2033 332
f 2004 2008 2009
f 329 2009 2008
f 2009 332 2004
f 2008 2004 330
f 2040 2041 1996
f 334 1996 2041
f 1996 335 2040
f 2041 2040 321
f 2000 1996 2001
f 334 2001 1996
f 2001 331 2000
f 1996 2000 335
f 2038 2040 2035
f 335 2035 2040
f 2035 322 2038
f 2040 2038 321
f 2039 2032 2041
f 334 2041 2032
f 2041 321 2039
f 2032 2039 323
f 2028 1998 2027
f 332 2027 1998
f 2027 325 2028
f 1998 2028 333
f 2031 2027 2033
f 332 2033 2027
f 2033 323 2031
f 2027 2031 325
f 2206 2028 2205
f 325 2205 2028
f 2205 264 2206
f 2028 2206 333
f 2005 2004 1998
f 332 1998 2004
f 1998 333 2005
f 2004 2005 330
f 2017 2021 2023
f 326 2023 2021
f 2023 329 2017
f 2021 2017 327
f 2010 2023 2022
f 326 2022 2023
f 2022 331 2010
f 2023 2010 329
f 2018 2017 2008
f 329 2008 2017
f 2008 330 2018
f 2017 2018 327
f 2016 2024 2021
f 326 2021 2024
f 2021 327 2016
f 2024 2016 328
f 2049 2055 2056
f 317 2056 2055
f 2056 324 2049
f 2055 2049 319
f 2195 2056 2194
f 317 2194 2056
f 2194 267 2195
f 2056 2195 324
f 2047 2049 2030
f 324 2030 2049
f 2030 323 2047
f 2049 2047 319
f 2050 2054 2055
f 317 2055 2054
f 2055 319 2050
f 2054 2050 318
f 2218 2029 2217
f 324 2217 2029
f 2217 262 2218
f 2029 2218 325
f 2214 2217 2195
f 324 2195 2217
f 2195 267 2214
f 2217 2214 262
f 2205 2218 2216
f 262 2216 2218
f 2216 264 2205
f 2218 2205 325
f 2031 2030 2029
f 324 2029 2030
f 2029 325 2031
f 2030 2031 323
f 2042 2046 2048
f 319 2048 2046
f 2048 321 2042
f 2046 2042 320
f 2039 2048 2047
f 319 2047 2048
f 2047 323 2039
f 2048 2039 321
f 2043 2042 2038
f 321 2038 2042
f 2038 322 2043
f 2042 2043 320
f 2051 2050 2046
f 319 2046 2050
f 2046 320 2051
f 2050 2051 318
f 2057 2186 2187
f 271 2187 2186
f 2187 317 2057
f 2186 2057 316
f 2194 2187 2192
f 271 2192 2187
f 2192 267 2194
f 2187 2194 317
f 2058 2057 2054
f 317 2054 2057
f 2054 318 2058
f 2057 2058 316
f 2229 2227 2186
f 271 2186 2227
f 2186 316 2229
f 2227 2229 258
f 2064 2069 2071
f 311 2071 2069
f 2071 314 2064
f 2069 2064 313
f 2066 2071 2070
f 311 2070 2071
f 2070 312 2066
f 2071 2066 314
f 2081 2064 2080
f 314 2080 2064
f 2080 307 2081
f 2064 2081 313
f 2129 2130 2069
f 311 2069 2130
f 2069 313 2129
f 2130 2129 290
f 2083 2084 2063
f 314 2063 2084
f 2063 315 2083
f 2084 2083 306
f 2065 2063 2066
f 314 2066 2063
f 2066 312 2065
f 2063 2065 315
f 2204 2083 2207
f 315 2207 2083
f 2207 264 2204
f 2083 2204 306
f 2082 2080 2084
f 314 2084 2080
f 2084 306 2082
f 2080 2082 307
f 2136 2137 2076
f 313 2076 2137
f 2076 309 2136
f 2137 2136 288
f 2079 2076 2081
f 313 2081 2076
f 2081 307 2079
f 2076 2079 309
f 2306 2136 2305
f 309 2305 2136
f 2305 230 2306
f 2136 2306 288
f 2135 2129 2137
f 313 2137 2129
f 2137 288 2135
f 2129 2135 290
f 2121 2122 2073
f 310 2073 2122
f 2073 311 2121
f 2122 2121 292
f 2070 2073 2072
f 310 2072 2073
f 2072 312 2070
f 2073 2070 311
f 2128 2121 2130
f 311 2130 2121
f 2130 290 2128
f 2121 2128 292
f 2120 2111 2122
f 310 2122 2111
f 2122 292 2120
f 2111 2120 294
f 2087 2088 2089
f 304 2089 2088
f 2089 308 2087
f 2088 2087 305
f 2260 2089 2259
f 304 2259 2089
f 2259 248 2260
f 2089 2260 308
f 2085 2087 2078
f 308 2078 2087
f 2078 307 2085
f 2087 2085 305
f 2198 2199 2088
f 304 2088 2199
f 2088 305 2198
f 2199 2198 266
f 2267 2077 2266
f 308 2266 2077
f 2266 246 2267
f 2077 2267 309
f 2264 2266 2260
f 308 2260 2266
f 2260 248 2264
f 2266 2264 246
f 2305 2267 2303
f 246 2303 2267
f 2303 230 2305
f 2267 2305 309
f 2079 2078 2077
f 308 2077 2078
f 2077 309 2079
f 2078 2079 307
f 2211 2212 2086
f 305 2086 2212
f 2086 306 2211
f 2212 2211 263
f 2082 2086 2085
f 305 2085 2086
f 2085 307 2082
f 2086 2082 306
f 2208 2211 2204
f 306 2204 2211
f 2204 264 2208
f 2211 2208 263
f 2210 2198 2212
f 305 2212 2198
f 2212 263 2210
f 2198 2210 266
f 2189 2253 2254
f 251 2254 2253
f 2254 304 2189
f 2253 2189 269
f 2259 2254 2257
f 251 2257 2254
f 2257 248 2259
f 2254 2259 304
f 2197 2189 2199
f 304 2199 2189
f 2199 266 2197
f 2189 2197 269
f 2398 2399 2253
f 251 2253 2399
f 2253 269 2398
f 2399 2398 200
f 2093 2098 2100
f 299 2100 2098
f 2100 302 2093
f 2098 2093 301
f 2095 2100 2099
f 299 2099 2100
f 2099 300 2095
f 2100 2095 302
f 2110 2093 2109
f 302 2109 2093
f 2109 295 2110
f 2093 2110 301
f 2177 2178 2098
f 299 2098 2178
f 2098 301 2177
f 2178 2177 274
f 2117 2118 2092
f 302 2092 2118
f 2092 303 2117
f 2118 2117 293
f 2094 2092 2095
f 302 2095 2092
f 2095 300 2094
f 2092 2094 303
f 2115 2117 2112
f 303 2112 2117
f 2112 294 2115
f 2117 2115 293
f 2116 2109 2118
f 302 2118 2109
f 2118 293 2116
f 2109 2116 295
f 2184 2185 2105
f 301 2105 2185
f 2105 297 2184
f 2185 2184 272
f 2108 2105 2110
f 301 2110 2105
f 2110 295 2108
f 2105 2108 297
f 2354 2184 2353
f 297 2353 2184
f 2353 214 2354
f 2184 2354 272
f 2183 2177 2185
f 301 2185 2177
f 2185 272 2183
f 2177 2183 274
f 2169 2170 2102
f 298 2102 2170
f 2102 299 2169
f 2170 2169 276
f 2099 2102 2101
f 298 2101 2102
f 2101 300 2099
f 2102 2099 299
f 2176 2169 2178
f 299 2178 2169
f 2178 274 2176
f 2169 2176 276
f 2168 2159 2170
f 298 2170 2159
f 2170 276 2168
f 2159 2168 278
f 2126 2132 2133
f 289 2133 2132
f 2133 296 2126
f 2132 2126 291
f 2289 2133 2288
f 289 2288 2133
f 2288 236 2289
f 2133 2289 296
f 2124 2126 2107
f 296 2107 2126
f 2107 295 2124
f 2126 2124 291
f 2127 2131 2132
f 289 2132 2131
f 2132 291 2127
f 2131 2127 290
f 2296 2106 2295
f 296 2295 2106
f 2295 234 2296
f 2106 2296 297
f 767 768 769
f 764 769 768
f 769 766 767
f 768 767 765
f 2293 2295 2289
f 296 2289 2295
f 2289 236 2293
f 2295 2293 234
f 2353 2296 2351
f 234 2351 2296
f 2351 214 2353
f 2296 2353 297
f 1519 769 1518
f 764 1518 769
f 1518 495 1519
f 769 1519 766
f 2108 2107 2106
f 296 2106 2107
f 2106 297 2108
f 2107 2108 295
f 775 767 774
f 766 774 767
f 774 761 775
f 767 775 765
f 2119 2123 2125
f 291 2125 2123
f 2125 293 2119
f 2123 2119 292
f 802 803 768
f 764 768 803
f 768 765 802
f 803 802 748
f 2116 2125 2124
f 291 2124 2125
f 2124 295 2116
f 2125 2116 293
f 1526 777 1525
f 766 1525 777
f 1525 493 1526
f 777 1526 760
f 2120 2119 2115
f 293 2115 2119
f 2115 294 2120
f 2119 2120 292
f 1523 1525 1519
f 766 1519 1525
f 1519 495 1523
f 1525 1523 493
f 2128 2127 2123
f 291 2123 2127
f 2123 292 2128
f 2127 2128 290
f 1700 1526 1698
f 493 1698 1526
f 1698 442 1700
f 1526 1700 760
f 2134 2282 2283
f 239 2283 2282
f 2283 289 2134
f 2282 2134 288
f 776 774 777
f 766 777 774
f 777 760 776
f 774 776 761
f 2288 2283 2286
f 239 2286 2283
f 2286 236 2288
f 2283 2288 289
f 809 810 770
f 765 770 810
f 770 763 809
f 810 809 746
f 2135 2134 2131
f 289 2131 2134
f 2131 290 2135
f 2134 2135 288
f 773 770 775
f 765 775 770
f 775 761 773
f 770 773 763
f 2306 2304 2282
f 239 2282 2304
f 2282 288 2306
f 2304 2306 230
f 932 809 931
f 763 931 809
f 931 697 932
f 809 932 746
f 2141 2146 2148
f 283 2148 2146
f 2148 286 2141
f 2146 2141 285
f 808 802 810
f 765 810 802
f 810 746 808
f 802 808 748
f 795 1500 1501
f 501 1501 1500
f 1501 764 795
f 1500 795 750
f 2143 2148 2147
f 283 2147 2148
f 2147 284 2143
f 2148 2143 286
f 1518 1501 1516
f 501 1516 1501
f 1516 495 1518
f 1501 1518 764
f 2158 2141 2157
f 286 2157 2141
f 2157 279 2158
f 2141 2158 285
f 801 795 803
f 764 803 795
f 803 748 801
f 795 801 750
f 2244 2245 2146
f 283 2146 2245
f 2146 285 2244
f 2245 2244 254
f 1581 1583 1500
f 501 1500 1583
f 1500 750 1581
f 1583 1581 475
f 2165 2166 2140
f 286 2140 2166
f 2140 287 2165
f 2166 2165 277
f 780 781 782
f 758 782 781
f 782 762 780
f 781 780 759
f 2142 2140 2143
f 286 2143 2140
f 2143 284 2142
f 2140 2142 287
f 886 782 885
f 758 885 782
f 885 715 886
f 782 886 762
f 2163 2165 2160
f 287 2160 2165
f 2160 278 2163
f 2165 2163 277
f 778 780 772
f 762 772 780
f 772 761 778
f 780 778 759
f 2164 2157 2166
f 286 2166 2157
f 2166 277 2164
f 2157 2164 279
f 844 845 781
f 758 781 845
f 781 759 844
f 845 844 730
f 2251 2252 2153
f 285 2153 2252
f 2153 281 2251
f 2252 2251 252
f 893 771 892
f 762 892 771
f 892 713 893
f 771 893 763
f 2156 2153 2158
f 285 2158 2153
f 2158 279 2156
f 2153 2156 281
f 890 892 886
f 762 886 892
f 886 715 890
f 892 890 713
f 2421 2251 2420
f 281 2420 2251
f 2420 194 2421
f 2251 2421 252
f 931 893 929
f 713 929 893
f 929 697 931
f 893 931 763
f 2250 2244 2252
f 285 2252 2244
f 2252 252 2250
f 2244 2250 254
f 773 772 771
f 762 771 772
f 771 763 773
f 772 773 761
f 2236 2237 2150
f 282 2150 2237
f 2150 283 2236
f 2237 2236 256
f 851 852 779
f 759 779 852
f 779 760 851
f 852 851 728
f 2147 2150 2149
f 282 2149 2150
f 2149 284 2147
f 2150 2147 283
f 776 779 778
f 759 778 779
f 778 761 776
f 779 776 760
f 2243 2236 2245
f 283 2245 2236
f 2245 254 2243
f 2236 2243 256
f 1699 851 1700
f 760 1700 851
f 1700 442 1699
f 851 1699 728
f 2235 2226 2237
f 282 2237 2226
f 2237 256 2235
f 2226 2235 258
f 850 844 852
f 759 852 844
f 852 728 850
f 844 850 730
f 2174 2180 2181
f 273 2181 2180
f 2181 280 2174
f 2180 2174 275
f 839 879 880
f 718 880 879
f 880 758 839
f 879 839 732
f 2337 2181 2336
f 273 2336 2181
f 2336 220 2337
f 2181 2337 280
f 885 880 883
f 718 883 880
f 883 715 885
f 880 885 758
f 2172 2174 2155
f 280 2155 2174
f 2155 279 2172
f 2174 2172 275
f 843 839 845
f 758 845 839
f 845 730 843
f 839 843 732
f 2175 2179 2180
f 273 2180 2179
f 2180 275 2175
f 2179 2175 274
f 3058 3059 879
f 718 879 3059
f 879 732 3058
f 3059 3058 3
f 2344 2154 2343
f 280 2343 2154
f 2343 218 2344
f 2154 2344 281
f 783 784 785
f 755 785 784
f 785 757 783
f 784 783 756
f 2341 2343 2337
f 280 2337 2343
f 2337 220 2341
f 2343 2341 218
f 1571 785 1570
f 755 1570 785
f 1570 478 1571
f 785 1571 757
f 2420 2344 2418
f 218 2418 2344
f 2418 194 2420
f 2344 2420 281
f 791 783 790
f 757 790 783
f 790 752 791
f 783 791 756
f 2156 2155 2154
f 280 2154 2155
f 2154 281 2156
f 2155 2156 279
f 830 831 784
f 755 784 831
f 784 756 830
f 831 830 736
f 2167 2171 2173
f 275 2173 2171
f 2173 277 2167
f 2171 2167 276
f 1594 793 1593
f 757 1593 793
f 1593 473 1594
f 793 1594 751
f 2164 2173 2172
f 275 2172 2173
f 2172 279 2164
f 2173 2164 277
f 1590 1593 1571
f 757 1571 1593
f 1571 478 1590
f 1593 1590 473
f 2168 2167 2163
f 277 2163 2167
f 2163 278 2168
f 2167 2168 276
f 1582 1594 1592
f 473 1592 1594
f 1592 475 1582
f 1594 1582 751
f 2176 2175 2171
f 275 2171 2175
f 2171 276 2176
f 2175 2176 274
f 792 790 793
f 757 793 790
f 793 751 792
f 790 792 752
f 2182 2330 2331
f 223 2331 2330
f 2331 273 2182
f 2330 2182 272
f 837 838 786
f 756 786 838
f 786 754 837
f 838 837 734
f 2336 2331 2334
f 223 2334 2331
f 2334 220 2336
f 2331 2336 273
f 789 786 791
f 756 791 786
f 791 752 789
f 786 789 754
f 2183 2182 2179
f 273 2179 2182
f 2179 274 2183
f 2182 2183 272
f 2961 837 2960
f 754 2960 837
f 2960 28 2961
f 837 2961 734
f 2354 2352 2330
f 223 2330 2352
f 2330 272 2354
f 2352 2354 214
f 836 830 838
f 756 838 830
f 838 734 836
f 830 836 736
f 2191 2201 2203
f 265 2203 2201
f 2203 270 2191
f 2201 2191 268
f 823 1542 1543
f 486 1543 1542
f 1543 755 823
f 1542 823 738
f 2193 2203 2202
f 265 2202 2203
f 2202 267 2193
f 2203 2193 270
f 1570 1543 1568
f 486 1568 1543
f 1568 478 1570
f 1543 1570 755
f 2225 2191 2224
f 270 2224 2191
f 2224 259 2225
f 2191 2225 268
f 829 823 831
f 755 831 823
f 831 736 829
f 823 829 738
f 2196 2200 2201
f 265 2201 2200
f 2201 268 2196
f 2200 2196 266
f 1649 1651 1542
f 486 1542 1651
f 1542 738 1649
f 1651 1649 455
f 2232 2233 2188
f 270 2188 2233
f 2188 271 2232
f 2233 2232 257
f 799 805 806
f 747 806 805
f 806 753 799
f 805 799 749
f 2192 2188 2193
f 270 2193 2188
f 2193 267 2192
f 2188 2192 271
f 915 806 914
f 747 914 806
f 914 703 915
f 806 915 753
f 2230 2232 2227
f 271 2227 2232
f 2227 258 2230
f 2232 2230 257
f 797 799 788
f 753 788 799
f 788 752 797
f 799 797 749
f 2231 2224 2233
f 270 2233 2224
f 2233 257 2231
f 2224 2231 259
f 800 804 805
f 747 805 804
f 805 749 800
f 804 800 748
f 2220 2190 2219
f 268 2219 2190
f 2219 261 2220
f 2190 2220 269
f 922 787 921
f 753 921 787
f 921 701 922
f 787 922 754
f 2223 2219 2225
f 268 2225 2219
f 2225 259 2223
f 2219 2223 261
f 919 921 915
f 753 915 921
f 915 703 919
f 921 919 701
f 2398 2220 2397
f 261 2397 2220
f 2397 200 2398
f 2220 2398 269
f 2960 922 2958
f 701 2958 922
f 2958 28 2960
f 922 2960 754
f 2197 2196 2190
f 268 2190 2196
f 2190 269 2197
f 2196 2197 266
f 789 788 787
f 753 787 788
f 787 754 789
f 788 789 752
f 2209 2213 2215
f 262 2215 2213
f 2215 265 2209
f 2213 2209 263
f 794 796 798
f 749 798 796
f 798 751 794
f 796 794 750
f 2202 2215 2214
f 262 2214 2215
f 2214 267 2202
f 2215 2202 265
f 792 798 797
f 749 797 798
f 797 752 792
f 798 792 751
f 2210 2209 2200
f 265 2200 2209
f 2200 266 2210
f 2209 2210 263
f 1581 794 1582
f 751 1582 794
f 1582 475 1581
f 794 1581 750
f 2208 2216 2213
f 262 2213 2216
f 2213 263 2208
f 2216 2208 264
f 801 800 796
f 749 796 800
f 796 750 801
f 800 801 748
f 2241 2247 2248
f 253 2248 2247
f 2248 260 2241
f 2247 2241 255
f 807 908 909
f 706 909 908
f 909 747 807
f 908 807 746
f 2387 2248 2386
f 253 2386 2248
f 2386 203 2387
f 2248 2387 260
f 914 909 912
f 706 912 909
f 912 703 914
f 909 914 747
f 2239 2241 2222
f 260 2222 2241
f 2222 259 2239
f 2241 2239 255
f 808 807 804
f 747 804 807
f 804 748 808
f 807 808 746
f 2242 2246 2247
f 253 2247 2246
f 2247 255 2242
f 2246 2242 254
f 932 930 908
f 706 908 930
f 908 746 932
f 930 932 697
f 2410 2221 2409
f 260 2409 2221
f 2409 198 2410
f 2221 2410 261
f 811 812 813
f 743 813 812
f 813 745 811
f 812 811 744
f 2406 2409 2387
f 260 2387 2409
f 2387 203 2406
f 2409 2406 198
f 1639 813 1638
f 743 1638 813
f 1638 458 1639
f 813 1639 745
f 2397 2410 2408
f 198 2408 2410
f 2408 200 2397
f 2410 2397 261
f 819 811 818
f 745 818 811
f 818 740 819
f 811 819 744
f 2223 2222 2221
f 260 2221 2222
f 2221 261 2223
f 2222 2223 259
f 870 871 812
f 743 812 871
f 812 744 870
f 871 870 721
f 2234 2238 2240
f 255 2240 2238
f 2240 257 2234
f 2238 2234 256
f 1662 821 1661
f 745 1661 821
f 1661 453 1662
f 821 1662 739
f 2231 2240 2239
f 255 2239 2240
f 2239 259 2231
f 2240 2231 257
f 1658 1661 1639
f 745 1639 1661
f 1639 458 1658
f 1661 1658 453
f 2235 2234 2230
f 257 2230 2234
f 2230 258 2235
f 2234 2235 256
f 1650 1662 1660
f 453 1660 1662
f 1660 455 1650
f 1662 1650 739
f 2243 2242 2238
f 255 2238 2242
f 2238 256 2243
f 2242 2243 254
f 820 818 821
f 745 821 818
f 821 739 820
f 818 820 740
f 2249 2378 2379
f 207 2379 2378
f 2379 253 2249
f 2378 2249 252
f 877 878 814
f 744 814 878
f 814 742 877
f 878 877 719
f 2386 2379 2384
f 207 2384 2379
f 2384 203 2386
f 2379 2386 253
f 817 814 819
f 744 819 814
f 819 740 817
f 814 817 742
f 2250 2249 2246
f 253 2246 2249
f 2246 254 2250
f 2249 2250 252
f 2799 877 2798
f 742 2798 877
f 2798 72 2799
f 877 2799 719
f 2421 2419 2378
f 207 2378 2419
f 2378 252 2421
f 2419 2421 194
f 876 870 878
f 744 878 870
f 878 719 876
f 870 876 721
f 2256 2261 2263
f 247 2263 2261
f 2263 250 2256
f 2261 2256 249
f 863 1610 1611
f 466 1611 1610
f 1611 743 863
f 1610 863 723
f 2258 2263 2262
f 247 2262 2263
f 2262 248 2258
f 2263 2258 250
f 1638 1611 1636
f 466 1636 1611
f 1636 458 1638
f 1611 1638 743
f 2273 2256 2272
f 250 2272 2256
f 2272 243 2273
f 2256 2273 249
f 869 863 871
f 743 871 863
f 871 721 869
f 863 869 723
f 2321 2322 2261
f 247 2261 2322
f 2261 249 2321
f 2322 2321 226
f 1743 1745 1610
f 466 1610 1745
f 1610 723 1743
f 1745 1743 430
f 2275 2276 2255
f 250 2255 2276
f 2255 251 2275
f 2276 2275 242
f 827 833 834
f 735 834 833
f 834 741 827
f 833 827 737
f 2257 2255 2258
f 250 2258 2255
f 2258 248 2257
f 2255 2257 251
f 2757 834 2756
f 735 2756 834
f 2756 84 2757
f 834 2757 741
f 2396 2275 2399
f 251 2399 2275
f 2399 200 2396
f 2275 2396 242
f 825 827 816
f 741 816 827
f 816 740 825
f 827 825 737
f 2274 2272 2276
f 250 2276 2272
f 2276 242 2274
f 2272 2274 243
f 828 832 833
f 735 833 832
f 833 737 828
f 832 828 736
f 2328 2329 2268
f 249 2268 2329
f 2268 245 2328
f 2329 2328 224
f 2774 815 2773
f 741 2773 815
f 2773 80 2774
f 815 2774 742
f 2271 2268 2273
f 249 2273 2268
f 2273 243 2271
f 2268 2271 245
f 2771 2773 2757
f 741 2757 2773
f 2757 84 2771
f 2773 2771 80
f 2498 2328 2497
f 245 2497 2328
f 2497 166 2498
f 2328 2498 224
f 2327 2321 2329
f 249 2329 2321
f 2329 224 2327
f 2321 2327 226
f 2798 2774 2794
f 80 2794 2774
f 2794 72 2798
f 2774 2798 742
f 2313 2314 2265
f 246 2265 2314
f 2265 247 2313
f 2314 2313 228
f 817 816 815
f 741 815 816
f 815 742 817
f 816 817 740
f 2262 2265 2264
f 246 2264 2265
f 2264 248 2262
f 2265 2262 247
f 822 824 826
f 737 826 824
f 826 739 822
f 824 822 738
f 2320 2313 2322
f 247 2322 2313
f 2322 226 2320
f 2313 2320 228
f 820 826 825
f 737 825 826
f 825 740 820
f 826 820 739
f 2312 2303 2314
f 246 2314 2303
f 2314 228 2312
f 2303 2312 230
f 1649 822 1650
f 739 1650 822
f 1650 455 1649
f 822 1649 738
f 2279 2280 2281
f 240 2281 2280
f 2281 244 2279
f 2280 2279 241
f 829 828 824
f 737 824 828
f 824 738 829
f 828 829 736
f 2452 2281 2451
f 240 2451 2281
f 2451 184 2452
f 2281 2452 244
f 835 2747 2748
f 88 2748 2747
f 2748 735 835
f 2747 835 734
f 2277 2279 2270
f 244 2270 2279
f 2270 243 2277
f 2279 2277 241
f 2756 2748 2754
f 88 2754 2748
f 2754 84 2756
f 2748 2756 735
f 2390 2391 2280
f 240 2280 2391
f 2280 241 2390
f 2391 2390 202
f 836 835 832
f 735 832 835
f 832 736 836
f 835 836 734
f 2459 2269 2458
f 244 2458 2269
f 2458 182 2459
f 2269 2459 245
f 2961 2959 2747
f 88 2747 2959
f 2747 734 2961
f 2959 2961 28
f 2456 2458 2452
f 244 2452 2458
f 2452 184 2456
f 2458 2456 182
f 841 847 848
f 729 848 847
f 848 733 841
f 847 841 731
f 1733 848 1732
f 729 1732 848
f 1732 433 1733
f 848 1733 733
f 2497 2459 2495
f 182 2495 2459
f 2495 166 2497
f 2459 2497 245
f 859 841 858
f 733 858 841
f 858 725 859
f 841 859 731
f 2271 2270 2269
f 244 2269 2270
f 2269 245 2271
f 2270 2271 243
f 842 846 847
f 729 847 846
f 847 731 842
f 846 842 730
f 2403 2404 2278
f 241 2278 2404
f 2278 242 2403
f 2404 2403 199
f 1756 861 1755
f 733 1755 861
f 1755 428 1756
f 861 1756 724
f 2274 2278 2277
f 241 2277 2278
f 2277 243 2274
f 2278 2274 242
f 1752 1755 1733
f 733 1733 1755
f 1733 433 1752
f 1755 1752 428
f 2400 2403 2396
f 242 2396 2403
f 2396 200 2400
f 2403 2400 199
f 1744 1756 1754
f 428 1754 1756
f 1754 430 1744
f 1756 1744 724
f 2402 2390 2404
f 241 2404 2390
f 2404 199 2402
f 2390 2402 202
f 860 858 861
f 733 861 858
f 861 724 860
f 858 860 725
f 2381 2445 2446
f 187 2446 2445
f 2446 240 2381
f 2445 2381 205
f 854 840 853
f 731 853 840
f 853 727 854
f 840 854 732
f 2451 2446 2449
f 187 2449 2446
f 2449 184 2451
f 2446 2451 240
f 857 853 859
f 731 859 853
f 859 725 857
f 853 857 727
f 2389 2381 2391
f 240 2391 2381
f 2391 202 2389
f 2381 2389 205
f 3058 854 3057
f 727 3057 854
f 3057 3 3058
f 854 3058 732
f 3028 3029 2445
f 187 2445 3029
f 2445 205 3028
f 3029 3028 10
f 843 842 840
f 731 840 842
f 840 732 843
f 842 843 730
f 2285 2290 2292
f 235 2292 2290
f 2292 238 2285
f 2290 2285 237
f 849 1702 1703
f 441 1703 1702
f 1703 729 849
f 1702 849 728
f 2287 2292 2291
f 235 2291 2292
f 2291 236 2287
f 2292 2287 238
f 1732 1703 1730
f 441 1730 1703
f 1730 433 1732
f 1703 1732 729
f 2302 2285 2301
f 238 2301 2285
f 2301 231 2302
f 2285 2302 237
f 850 849 846
f 729 846 849
f 846 730 850
f 849 850 728
f 2369 2370 2290
f 235 2290 2370
f 2290 237 2369
f 2370 2369 210
f 1699 1701 1702
f 441 1702 1701
f 1702 728 1699
f 1701 1699 442
f 2309 2310 2284
f 238 2284 2310
f 2284 239 2309
f 2310 2309 229
f 867 873 874
f 720 874 873
f 874 726 867
f 873 867 722
f 2286 2284 2287
f 238 2287 2284
f 2287 236 2286
f 2284 2286 239
f 2789 874 2787
f 720 2787 874
f 2787 74 2789
f 874 2789 726
f 2307 2309 2304
f 239 2304 2309
f 2304 230 2307
f 2309 2307 229
f 865 867 856
f 726 856 867
f 856 725 865
f 867 865 722
f 2308 2301 2310
f 238 2310 2301
f 2310 229 2308
f 2301 2308 231
f 868 872 873
f 720 873 872
f 873 722 868
f 872 868 721
f 2376 2377 2297
f 237 2297 2377
f 2297 233 2376
f 2377 2376 208
f 2779 855 2778
f 726 2778 855
f 2778 77 2779
f 855 2779 727
f 2300 2297 2302
f 237 2302 2297
f 2302 231 2300
f 2297 2300 233
f 2788 2778 2789
f 726 2789 2778
f 2789 74 2788
f 2778 2788 77
f 2914 2376 2913
f 233 2913 2376
f 2913 40 2914
f 2376 2914 208
f 3057 2779 3054
f 77 3054 2779
f 3054 3 3057
f 2779 3057 727
f 2375 2369 2377
f 237 2377 2369
f 2377 208 2375
f 2369 2375 210
f 857 856 855
f 726 855 856
f 855 727 857
f 856 857 725
f 2361 2362 2294
f 234 2294 2362
f 2294 235 2361
f 2362 2361 212
f 862 864 866
f 722 866 864
f 866 724 862
f 864 862 723
f 2291 2294 2293
f 234 2293 2294
f 2293 236 2291
f 2294 2291 235
f 860 866 865
f 722 865 866
f 865 725 860
f 866 860 724
f 2368 2361 2370
f 235 2370 2361
f 2370 210 2368
f 2361 2368 212
f 1743 862 1744
f 724 1744 862
f 1744 430 1743
f 862 1743 723
f 2360 2351 2362
f 234 2362 2351
f 2362 212 2360
f 2351 2360 214
f 869 868 864
f 722 864 868
f 864 723 869
f 868 869 721
f 2318 2324 2325
f 225 2325 2324
f 2325 232 2318
f 2324 2318 227
f 875 2802 2804
f 71 2804 2802
f 2804 720 875
f 2802 875 719
f 2481 2325 2480
f 225 2480 2325
f 2480 172 2481
f 2325 2481 232
f 2787 2804 2803
f 71 2803 2804
f 2803 74 2787
f 2804 2787 720
f 2316 2318 2299
f 232 2299 2318
f 2299 231 2316
f 2318 2316 227
f 876 875 872
f 720 872 875
f 872 721 876
f 875 876 719
f 2319 2323 2324
f 225 2324 2323
f 2324 227 2319
f 2323 2319 226
f 2799 2800 2802
f 71 2802 2800
f 2802 719 2799
f 2800 2799 72
f 2488 2298 2487
f 232 2487 2298
f 2487 170 2488
f 2298 2488 233
f 882 887 889
f 714 889 887
f 889 717 882
f 887 882 716
f 2485 2487 2481
f 232 2481 2487
f 2481 172 2485
f 2487 2485 170
f 884 889 888
f 714 888 889
f 888 715 884
f 889 884 717
f 2913 2488 2911
f 170 2911 2488
f 2911 40 2913
f 2488 2913 233
f 899 882 898
f 717 898 882
f 898 710 899
f 882 899 716
f 2300 2299 2298
f 232 2298 2299
f 2298 233 2300
f 2299 2300 231
f 947 948 887
f 714 887 948
f 887 716 947
f 948 947 693
f 2311 2315 2317
f 227 2317 2315
f 2317 229 2311
f 2315 2311 228
f 901 902 881
f 717 881 902
f 881 718 901
f 902 901 709
f 2308 2317 2316
f 227 2316 2317
f 2316 231 2308
f 2317 2308 229
f 883 881 884
f 717 884 881
f 884 715 883
f 881 883 718
f 2312 2311 2307
f 229 2307 2311
f 2307 230 2312
f 2311 2312 228
f 3056 901 3059
f 718 3059 901
f 3059 3 3056
f 901 3056 709
f 2320 2319 2315
f 227 2315 2319
f 2315 228 2320
f 2319 2320 226
f 900 898 902
f 717 902 898
f 902 709 900
f 898 900 710
f 2326 2474 2475
f 175 2475 2474
f 2475 225 2326
f 2474 2326 224
f 954 955 894
f 716 894 955
f 894 712 954
f 955 954 691
f 2480 2475 2478
f 175 2478 2475
f 2478 172 2480
f 2475 2480 225
f 897 894 899
f 716 899 894
f 899 710 897
f 894 897 712
f 2327 2326 2323
f 225 2323 2326
f 2323 226 2327
f 2326 2327 224
f 1008 954 1007
f 712 1007 954
f 1007 669 1008
f 954 1008 691
f 2498 2496 2474
f 175 2474 2496
f 2474 224 2498
f 2496 2498 166
f 953 947 955
f 716 955 947
f 955 691 953
f 947 953 693
f 2333 2338 2340
f 219 2340 2338
f 2340 222 2333
f 2338 2333 221
f 939 940 891
f 713 891 940
f 891 714 939
f 940 939 695
f 2335 2340 2339
f 219 2339 2340
f 2339 220 2335
f 2340 2335 222
f 888 891 890
f 713 890 891
f 890 715 888
f 891 888 714
f 2350 2333 2349
f 222 2349 2333
f 2349 215 2350
f 2333 2350 221
f 946 939 948
f 714 948 939
f 948 693 946
f 939 946 695
f 2436 2437 2338
f 219 2338 2437
f 2338 221 2436
f 2437 2436 190
f 938 929 940
f 713 940 929
f 940 695 938
f 929 938 697
f 2357 2358 2332
f 222 2332 2358
f 2332 223 2357
f 2358 2357 213
f 905 906 907
f 707 907 906
f 907 711 905
f 906 905 708
f 2334 2332 2335
f 222 2335 2332
f 2335 220 2334
f 2332 2334 223
f 962 907 961
f 707 961 907
f 961 687 962
f 907 962 711
f 2355 2357 2352
f 223 2352 2357
f 2352 214 2355
f 2357 2355 213
f 903 905 896
f 711 896 905
f 896 710 903
f 905 903 708
f 2356 2349 2358
f 222 2358 2349
f 2358 213 2356
f 2349 2356 215
f 2988 2989 906
f 707 906 2989
f 906 708 2988
f 2989 2988 21
f 2443 2444 2345
f 221 2345 2444
f 2345 217 2443
f 2444 2443 188
f 969 895 968
f 711 968 895
f 968 685 969
f 895 969 712
f 2348 2345 2350
f 221 2350 2345
f 2350 215 2348
f 2345 2348 217
f 966 968 962
f 711 962 968
f 962 687 966
f 968 966 685
f 2860 2443 2859
f 217 2859 2443
f 2859 53 2860
f 2443 2860 188
f 1007 969 1005
f 685 1005 969
f 1005 669 1007
f 969 1007 712
f 2442 2436 2444
f 221 2444 2436
f 2444 188 2442
f 2436 2442 190
f 897 896 895
f 711 895 896
f 895 712 897
f 896 897 710
f 2428 2429 2342
f 218 2342 2429
f 2342 219 2428
f 2429 2428 192
f 2991 2992 904
f 708 904 2992
f 904 709 2991
f 2992 2991 20
f 2339 2342 2341
f 218 2341 2342
f 2341 220 2339
f 2342 2339 219
f 900 904 903
f 708 903 904
f 903 710 900
f 904 900 709
f 2435 2428 2437
f 219 2437 2428
f 2437 190 2435
f 2428 2435 192
f 3055 2991 3056
f 709 3056 2991
f 3056 3 3055
f 2991 3055 20
f 2427 2418 2429
f 218 2429 2418
f 2429 192 2427
f 2418 2427 194
f 2990 2988 2992
f 708 2992 2988
f 2992 20 2990
f 2988 2990 21
f 2366 2372 2373
f 209 2373 2372
f 2373 216 2366
f 2372 2366 211
f 2982 2983 956
f 690 956 2983
f 956 707 2982
f 2983 2982 23
f 2821 2373 2820
f 209 2820 2373
f 2820 65 2821
f 2373 2821 216
f 961 956 959
f 690 959 956
f 959 687 961
f 956 961 707
f 2364 2366 2347
f 216 2347 2366
f 2347 215 2364
f 2366 2364 211
f 2987 2982 2989
f 707 2989 2982
f 2989 21 2987
f 2982 2987 23
f 2367 2371 2372
f 209 2372 2371
f 2372 211 2367
f 2371 2367 210
f 2981 2976 2983
f 690 2983 2976
f 2983 23 2981
f 2976 2981 25
f 2838 2346 2837
f 216 2837 2346
f 2837 61 2838
f 2346 2838 217
f 911 916 918
f 702 918 916
f 918 705 911
f 916 911 704
f 2835 2837 2821
f 216 2821 2837
f 2821 65 2835
f 2837 2835 61
f 913 918 917
f 702 917 918
f 917 703 913
f 918 913 705
f 2859 2838 2858
f 61 2858 2838
f 2858 53 2859
f 2838 2859 217
f 928 911 927
f 705 927 911
f 927 698 928
f 911 928 704
f 2348 2347 2346
f 216 2346 2347
f 2346 217 2348
f 2347 2348 215
f 2880 2881 916
f 702 916 2881
f 916 704 2880
f 2881 2880 48
f 2359 2363 2365
f 211 2365 2363
f 2365 213 2359
f 2363 2359 212
f 935 936 910
f 705 910 936
f 910 706 935
f 936 935 696
f 2356 2365 2364
f 211 2364 2365
f 2364 215 2356
f 2365 2356 213
f 912 910 913
f 705 913 910
f 913 703 912
f 910 912 706
f 2360 2359 2355
f 213 2355 2359
f 2355 214 2360
f 2359 2360 212
f 933 935 930
f 706 930 935
f 930 697 933
f 935 933 696
f 2368 2367 2363
f 211 2363 2367
f 2363 212 2368
f 2367 2368 210
f 934 927 936
f 705 936 927
f 936 696 934
f 927 934 698
f 2374 2811 2812
f 69 2812 2811
f 2812 209 2374
f 2811 2374 208
f 2889 2890 923
f 704 923 2890
f 923 700 2889
f 2890 2889 46
f 2820 2812 2818
f 69 2818 2812
f 2818 65 2820
f 2812 2820 209
f 926 923 928
f 704 928 923
f 928 698 926
f 923 926 700
f 2375 2374 2371
f 209 2371 2374
f 2371 210 2375
f 2374 2375 208
f 2887 2889 2886
f 700 2886 2889
f 2886 47 2887
f 2889 2887 46
f 2914 2912 2811
f 69 2811 2912
f 2811 208 2914
f 2912 2914 40
f 2383 2393 2395
f 201 2395 2393
f 2395 206 2383
f 2393 2383 204
f 2888 2880 2890
f 704 2890 2880
f 2890 46 2888
f 2880 2888 48
f 2385 2395 2394
f 201 2394 2395
f 2394 203 2385
f 2395 2385 206
f 2875 2876 920
f 701 920 2876
f 920 702 2875
f 2876 2875 50
f 2417 2383 2416
f 206 2416 2383
f 2416 195 2417
f 2383 2417 204
f 917 920 919
f 701 919 920
f 919 703 917
f 920 917 702
f 2388 2392 2393
f 201 2393 2392
f 2393 204 2388
f 2392 2388 202
f 2879 2875 2881
f 702 2881 2875
f 2881 48 2879
f 2875 2879 50
f 2424 2425 2380
f 206 2380 2425
f 2380 207 2424
f 2425 2424 193
f 2957 2958 2876
f 701 2876 2958
f 2876 50 2957
f 2958 2957 28
f 2384 2380 2385
f 206 2385 2380
f 2385 203 2384
f 2380 2384 207
f 944 950 951
f 692 951 950
f 951 699 944
f 950 944 694
f 2422 2424 2419
f 207 2419 2424
f 2419 194 2422
f 2424 2422 193
f 991 951 990
f 692 990 951
f 990 675 991
f 951 991 699
f 2423 2416 2425
f 206 2425 2416
f 2425 193 2423
f 2416 2423 195
f 942 944 925
f 699 925 944
f 925 698 942
f 944 942 694
f 2412 2382 2411
f 204 2411 2382
f 2411 197 2412
f 2382 2412 205
f 945 949 950
f 692 950 949
f 950 694 945
f 949 945 693
f 2415 2411 2417
f 204 2417 2411
f 2417 195 2415
f 2411 2415 197
f 998 924 997
f 699 997 924
f 997 673 998
f 924 998 700
f 3028 2412 3027
f 197 3027 2412
f 3027 10 3028
f 2412 3028 205
f 995 997 991
f 699 991 997
f 991 675 995
f 997 995 673
f 2886 998 2885
f 673 2885 998
f 2885 47 2886
f 998 2886 700
f 2389 2388 2382
f 204 2382 2388
f 2382 205 2389
f 2388 2389 202
f 926 925 924
f 699 924 925
f 924 700 926
f 925 926 698
f 2401 2405 2407
f 198 2407 2405
f 2407 201 2401
f 2405 2401 199
f 937 941 943
f 694 943 941
f 943 696 937
f 941 937 695
f 2394 2407 2406
f 198 2406 2407
f 2406 203 2394
f 2407 2394 201
f 934 943 942
f 694 942 943
f 942 698 934
f 943 934 696
f 2402 2401 2392
f 201 2392 2401
f 2392 202 2402
f 2401 2402 199
f 938 937 933
f 696 933 937
f 933 697 938
f 937 938 695
f 2400 2408 2405
f 198 2405 2408
f 2405 199 2400
f 2408 2400 200
f 946 945 941
f 694 941 945
f 941 695 946
f 945 946 693
f 2433 2439 2440
f 189 2440 2439
f 2440 196 2433
f 2439 2433 191
f 952 984 985
f 678 985 984
f 985 692 952
f 984 952 691
f 2853 2440 2851
f 189 2851 2440
f 2851 55 2853
f 2440 2853 196
f 990 985 988
f 678 988 985
f 988 675 990
f 985 990 692
f 2431 2433 2414
f 196 2414 2433
f 2414 195 2431
f 2433 2431 191
f 953 952 949
f 692 949 952
f 949 693 953
f 952 953 691
f 2434 2438 2439
f 189 2439 2438
f 2439 191 2434
f 2438 2434 190
f 1008 1006 984
f 678 984 1006
f 984 691 1008
f 1006 1008 669
f 2843 2413 2842
f 196 2842 2413
f 2842 58 2843
f 2413 2843 197
f 958 963 965
f 686 965 963
f 965 689 958
f 963 958 688
f 2852 2842 2853
f 196 2853 2842
f 2853 55 2852
f 2842 2852 58
f 960 965 964
f 686 964 965
f 964 687 960
f 965 960 689
f 3027 2843 3025
f 58 3025 2843
f 3025 10 3027
f 2843 3027 197
f 975 958 974
f 689 974 958
f 974 682 975
f 958 975 688
f 2415 2414 2413
f 196 2413 2414
f 2413 197 2415
f 2414 2415 195
f 1023 1024 963
f 686 963 1024
f 963 688 1023
f 1024 1023 665
f 2426 2430 2432
f 191 2432 2430
f 2432 193 2426
f 2430 2426 192
f 977 978 957
f 689 957 978
f 957 690 977
f 978 977 681
f 2423 2432 2431
f 191 2431 2432
f 2431 195 2423
f 2432 2423 193
f 959 957 960
f 689 960 957
f 960 687 959
f 957 959 690
f 2427 2426 2422
f 193 2422 2426
f 2422 194 2427
f 2426 2427 192
f 2975 977 2976
f 690 2976 977
f 2976 25 2975
f 977 2975 681
f 2435 2434 2430
f 191 2430 2434
f 2430 192 2435
f 2434 2435 190
f 976 974 978
f 689 978 974
f 978 681 976
f 974 976 682
f 2441 2866 2868
f 52 2868 2866
f 2868 189 2441
f 2866 2441 188
f 1030 1031 970
f 688 970 1031
f 970 684 1030
f 1031 1030 663
f 2851 2868 2867
f 52 2867 2868
f 2867 55 2851
f 2868 2851 189
f 973 970 975
f 688 975 970
f 975 682 973
f 970 973 684
f 2442 2441 2438
f 189 2438 2441
f 2438 190 2442
f 2441 2442 188
f 1154 1030 1153
f 684 1153 1030
f 1153 614 1154
f 1030 1154 663
f 2860 2864 2866
f 52 2866 2864
f 2866 188 2860
f 2864 2860 53
f 1029 1023 1031
f 688 1031 1023
f 1031 663 1029
f 1023 1029 665
f 2448 2453 2455
f 183 2455 2453
f 2455 186 2448
f 2453 2448 185
f 1015 1016 967
f 685 967 1016
f 967 686 1015
f 1016 1015 667
f 2450 2455 2454
f 183 2454 2455
f 2454 184 2450
f 2455 2450 186
f 964 967 966
f 685 966 967
f 966 687 964
f 967 964 686
f 2465 2448 2464
f 186 2464 2448
f 2464 179 2465
f 2448 2465 185
f 1022 1015 1024
f 686 1024 1015
f 1024 665 1022
f 1015 1022 667
f 2513 2514 2453
f 183 2453 2514
f 2453 185 2513
f 2514 2513 162
f 1014 1005 1016
f 685 1016 1005
f 1016 667 1014
f 1005 1014 669
f 2467 2468 2447
f 186 2447 2468
f 2447 187 2467
f 2468 2467 178
f 981 982 983
f 679 983 982
f 983 683 981
f 982 981 680
f 2449 2447 2450
f 186 2450 2447
f 2450 184 2449
f 2447 2449 187
f 1108 983 1107
f 679 1107 983
f 1107 632 1108
f 983 1108 683
f 3026 2467 3029
f 187 3029 2467
f 3029 10 3026
f 2467 3026 178
f 979 981 972
f 683 972 981
f 972 682 979
f 981 979 680
f 2466 2464 2468
f 186 2468 2464
f 2468 178 2466
f 2464 2466 179
f 1066 1067 982
f 679 982 1067
f 982 680 1066
f 1067 1066 647
f 2520 2521 2460
f 185 2460 2521
f 2460 181 2520
f 2521 2520 160
f 1115 971 1114
f 683 1114 971
f 1114 630 1115
f 971 1115 684
f 2463 2460 2465
f 185 2465 2460
f 2465 179 2463
f 2460 2463 181
f 1112 1114 1108
f 683 1108 1114
f 1108 632 1112
f 1114 1112 630
f 2591 2520 2590
f 181 2590 2520
f 2590 134 2591
f 2520 2591 160
f 1153 1115 1151
f 630 1151 1115
f 1151 614 1153
f 1115 1153 684
f 2519 2513 2521
f 185 2521 2513
f 2521 160 2519
f 2513 2519 162
f 973 972 971
f 683 971 972
f 971 684 973
f 972 973 682
f 2505 2506 2457
f 182 2457 2506
f 2457 183 2505
f 2506 2505 164
f 1073 1074 980
f 680 980 1074
f 980 681 1073
f 1074 1073 645
f 2454 2457 2456
f 182 2456 2457
f 2456 184 2454
f 2457 2454 183
f 976 980 979
f 680 979 980
f 979 682 976
f 980 976 681
f 2512 2505 2514
f 183 2514 2505
f 2514 162 2512
f 2505 2512 164
f 2974 1073 2975
f 681 2975 1073
f 2975 25 2974
f 1073 2974 645
f 2504 2495 2506
f 182 2506 2495
f 2506 164 2504
f 2495 2504 166
f 1072 1066 1074
f 680 1074 1066
f 1074 645 1072
f 1066 1072 647
f 2471 2472 2473
f 176 2473 2472
f 2473 180 2471
f 2472 2471 177
f 1061 1101 1102
f 635 1102 1101
f 1102 679 1061
f 1101 1061 649
f 2528 2473 2527
f 176 2527 2473
f 2527 156 2528
f 2473 2528 180
f 1107 1102 1105
f 635 1105 1102
f 1105 632 1107
f 1102 1107 679
f 2469 2471 2462
f 180 2462 2471
f 2462 179 2469
f 2471 2469 177
f 1065 1061 1067
f 679 1067 1061
f 1067 647 1065
f 1061 1065 649
f 3022 3023 2472
f 176 2472 3023
f 2472 177 3022
f 3023 3022 11
f 1246 1247 1101
f 635 1101 1247
f 1101 649 1246
f 1247 1246 584
f 2535 2461 2534
f 180 2534 2461
f 2534 154 2535
f 2461 2535 181
f 987 992 994
f 674 994 992
f 994 677 987
f 992 987 676
f 2532 2534 2528
f 180 2528 2534
f 2528 156 2532
f 2534 2532 154
f 989 994 993
f 674 993 994
f 993 675 989
f 994 989 677
f 2590 2535 2588
f 154 2588 2535
f 2588 134 2590
f 2535 2590 181
f 1004 987 1003
f 677 1003 987
f 1003 670 1004
f 987 1004 676
f 2463 2462 2461
f 180 2461 2462
f 2461 181 2463
f 2462 2463 179
f 1052 1053 992
f 674 992 1053
f 992 676 1052
f 1053 1052 653
f 3032 3033 2470
f 177 2470 3033
f 2470 178 3032
f 3033 3032 9
f 1011 1012 986
f 677 986 1012
f 986 678 1011
f 1012 1011 668
f 2466 2470 2469
f 177 2469 2470
f 2469 179 2466
f 2470 2466 178
f 988 986 989
f 677 989 986
f 989 675 988
f 986 988 678
f 3030 3032 3026
f 178 3026 3032
f 3026 10 3030
f 3032 3030 9
f 1009 1011 1006
f 678 1006 1011
f 1006 669 1009
f 1011 1009 668
f 3031 3022 3033
f 177 3033 3022
f 3033 9 3031
f 3022 3031 11
f 1010 1003 1012
f 677 1012 1003
f 1012 668 1010
f 1003 1010 670
f 3016 3017 2522
f 159 2522 3017
f 2522 176 3016
f 3017 3016 13
f 1059 1060 999
f 676 999 1060
f 999 672 1059
f 1060 1059 651
f 2527 2522 2525
f 159 2525 2522
f 2525 156 2527
f 2522 2527 176
f 1002 999 1004
f 676 1004 999
f 1004 670 1002
f 999 1002 672
f 3021 3016 3023
f 176 3023 3016
f 3023 11 3021
f 3016 3021 13
f 1202 1059 1201
f 672 1201 1059
f 1201 598 1202
f 1059 1202 651
f 3015 3010 3017
f 159 3017 3010
f 3017 13 3015
f 3010 3015 15
f 1058 1052 1060
f 676 1060 1052
f 1060 651 1058
f 1052 1058 653
f 2477 2482 2484
f 171 2484 2482
f 2484 174 2477
f 2482 2477 173
f 1044 1045 996
f 673 996 1045
f 996 674 1044
f 1045 1044 655
f 2479 2484 2483
f 171 2483 2484
f 2483 172 2479
f 2484 2479 174
f 993 996 995
f 673 995 996
f 995 675 993
f 996 993 674
f 2494 2477 2493
f 174 2493 2477
f 2493 167 2494
f 2477 2494 173
f 1051 1044 1053
f 674 1053 1044
f 1053 653 1051
f 1044 1051 655
f 2926 2927 2482
f 171 2482 2927
f 2482 173 2926
f 2927 2926 36
f 2883 2885 1045
f 673 1045 2885
f 1045 655 2883
f 2885 2883 47
f 2501 2502 2476
f 174 2476 2502
f 2476 175 2501
f 2502 2501 165
f 1020 1026 1027
f 664 1027 1026
f 1027 671 1020
f 1026 1020 666
f 2478 2476 2479
f 174 2479 2476
f 2479 172 2478
f 2476 2478 175
f 1137 1027 1136
f 664 1136 1027
f 1136 620 1137
f 1027 1137 671
f 2499 2501 2496
f 175 2496 2501
f 2496 166 2499
f 2501 2499 165
f 1018 1020 1001
f 671 1001 1020
f 1001 670 1018
f 1020 1018 666
f 2500 2493 2502
f 174 2502 2493
f 2502 165 2500
f 2493 2500 167
f 1021 1025 1026
f 664 1026 1025
f 1026 666 1021
f 1025 1021 665
f 2935 2936 2489
f 173 2489 2936
f 2489 169 2935
f 2936 2935 34
f 1144 1000 1143
f 671 1143 1000
f 1143 618 1144
f 1000 1144 672
f 2492 2489 2494
f 173 2494 2489
f 2494 167 2492
f 2489 2492 169
f 1141 1143 1137
f 671 1137 1143
f 1137 620 1141
f 1143 1141 618
f 2933 2935 2932
f 169 2932 2935
f 2932 35 2933
f 2935 2933 34
f 1201 1144 1199
f 618 1199 1144
f 1199 598 1201
f 1144 1201 672
f 2934 2926 2936
f 173 2936 2926
f 2936 34 2934
f 2926 2934 36
f 1002 1001 1000
f 671 1000 1001
f 1000 672 1002
f 1001 1002 670
f 2920 2921 2486
f 170 2486 2921
f 2486 171 2920
f 2921 2920 38
f 1013 1017 1019
f 666 1019 1017
f 1019 668 1013
f 1017 1013 667
f 2483 2486 2485
f 170 2485 2486
f 2485 172 2483
f 2486 2483 171
f 1010 1019 1018
f 666 1018 1019
f 1018 670 1010
f 1019 1010 668
f 2925 2920 2927
f 171 2927 2920
f 2927 36 2925
f 2920 2925 38
f 1014 1013 1009
f 668 1009 1013
f 1009 669 1014
f 1013 1014 667
f 2919 2911 2921
f 170 2921 2911
f 2921 38 2919
f 2911 2919 40
f 1022 1021 1017
f 666 1017 1021
f 1017 667 1022
f 1021 1022 665
f 2510 2516 2517
f 161 2517 2516
f 2517 168 2510
f 2516 2510 163
f 1028 1130 1131
f 623 1131 1130
f 1131 664 1028
f 1130 1028 663
f 2570 2517 2569
f 161 2569 2517
f 2569 141 2570
f 2517 2570 168
f 1136 1131 1134
f 623 1134 1131
f 1134 620 1136
f 1131 1136 664
f 2508 2510 2491
f 168 2491 2510
f 2491 167 2508
f 2510 2508 163
f 1029 1028 1025
f 664 1025 1028
f 1025 665 1029
f 1028 1029 663
f 2511 2515 2516
f 161 2516 2515
f 2516 163 2511
f 2515 2511 162
f 1154 1152 1130
f 623 1130 1152
f 1130 663 1154
f 1152 1154 614
f 2577 2490 2576
f 168 2576 2490
f 2576 139 2577
f 2490 2577 169
f 1032 1033 1034
f 660 1034 1033
f 1034 662 1032
f 1033 1032 661
f 2574 2576 2570
f 168 2570 2576
f 2570 141 2574
f 2576 2574 139
f 2932 2577 2931
f 139 2931 2577
f 2931 35 2932
f 2577 2932 169
f 2825 1034 2823
f 660 2823 1034
f 2823 64 2825
f 1034 2825 662
f 2492 2491 2490
f 168 2490 2491
f 2490 169 2492
f 2491 2492 167
f 1040 1032 1039
f 662 1039 1032
f 1039 657 1040
f 1032 1040 661
f 2503 2507 2509
f 163 2509 2507
f 2509 165 2503
f 2507 2503 164
f 1092 1093 1033
f 660 1033 1093
f 1033 661 1092
f 1093 1092 638
f 2500 2509 2508
f 163 2508 2509
f 2508 167 2500
f 2509 2500 165
f 2815 1042 2814
f 662 2814 1042
f 2814 67 2815
f 1042 2815 656
f 2504 2503 2499
f 165 2499 2503
f 2499 166 2504
f 2503 2504 164
f 2824 2814 2825
f 662 2825 2814
f 2825 64 2824
f 2814 2824 67
f 2512 2511 2507
f 163 2507 2511
f 2507 164 2512
f 2511 2512 162
f 2884 2815 2882
f 67 2882 2815
f 2882 47 2884
f 2815 2884 656
f 2518 2563 2564
f 144 2564 2563
f 2564 161 2518
f 2563 2518 160
f 1041 1039 1042
f 662 1042 1039
f 1042 656 1041
f 1039 1041 657
f 2569 2564 2567
f 144 2567 2564
f 2567 141 2569
f 2564 2569 161
f 1099 1100 1035
f 661 1035 1100
f 1035 659 1099
f 1100 1099 636
f 2519 2518 2515
f 161 2515 2518
f 2515 162 2519
f 2518 2519 160
f 1038 1035 1040
f 661 1040 1035
f 1040 657 1038
f 1035 1038 659
f 2591 2589 2563
f 144 2563 2589
f 2563 160 2591
f 2589 2591 134
f 1269 1099 1268
f 659 1268 1099
f 1268 578 1269
f 1099 1269 636
f 2524 2529 2531
f 155 2531 2529
f 2531 158 2524
f 2529 2524 157
f 1098 1092 1100
f 661 1100 1092
f 1100 636 1098
f 1092 1098 638
f 1085 2831 2833
f 62 2833 2831
f 2833 660 1085
f 2831 1085 640
f 2526 2531 2530
f 155 2530 2531
f 2530 156 2526
f 2531 2526 158
f 2823 2833 2832
f 62 2832 2833
f 2832 64 2823
f 2833 2823 660
f 2545 2524 2544
f 158 2544 2524
f 2544 150 2545
f 2524 2545 157
f 1091 1085 1093
f 660 1093 1085
f 1093 638 1091
f 1085 1091 640
f 2610 2611 2529
f 155 2529 2611
f 2529 157 2610
f 2611 2610 129
f 2861 2863 2831
f 62 2831 2863
f 2831 640 2861
f 2863 2861 53
f 2547 2548 2523
f 158 2523 2548
f 2523 159 2547
f 2548 2547 149
f 1049 1055 1056
f 652 1056 1055
f 1056 658 1049
f 1055 1049 654
f 2525 2523 2526
f 158 2526 2523
f 2526 156 2525
f 2523 2525 159
f 1185 1056 1184
f 652 1184 1056
f 1184 604 1185
f 1056 1185 658
f 3009 2547 3010
f 159 3010 2547
f 3010 15 3009
f 2547 3009 149
f 1047 1049 1037
f 658 1037 1049
f 1037 657 1047
f 1049 1047 654
f 2546 2544 2548
f 158 2548 2544
f 2548 149 2546
f 2544 2546 150
f 1050 1054 1055
f 652 1055 1054
f 1055 654 1050
f 1054 1050 653
f 2623 2624 2539
f 157 2539 2624
f 2539 152 2623
f 2624 2623 126
f 1192 1036 1191
f 658 1191 1036
f 1191 602 1192
f 1036 1192 659
f 2543 2539 2545
f 157 2545 2539
f 2545 150 2543
f 2539 2543 152
f 1189 1191 1185
f 658 1185 1191
f 1185 604 1189
f 1191 1189 602
f 2620 2623 2616
f 152 2616 2623
f 2616 127 2620
f 2623 2620 126
f 1268 1192 1266
f 602 1266 1192
f 1266 578 1268
f 1192 1268 659
f 2622 2610 2624
f 157 2624 2610
f 2624 126 2622
f 2610 2622 129
f 1038 1037 1036
f 658 1036 1037
f 1036 659 1038
f 1037 1038 657
f 2598 2599 2533
f 154 2533 2599
f 2533 155 2598
f 2599 2598 132
f 1043 1046 1048
f 654 1048 1046
f 1048 656 1043
f 1046 1043 655
f 2530 2533 2532
f 154 2532 2533
f 2532 156 2530
f 2533 2530 155
f 1041 1048 1047
f 654 1047 1048
f 1047 657 1041
f 1048 1041 656
f 2609 2598 2611
f 155 2611 2598
f 2611 129 2609
f 2598 2609 132
f 2883 1043 2884
f 656 2884 1043
f 2884 47 2883
f 1043 2883 655
f 2597 2588 2599
f 154 2599 2588
f 2599 132 2597
f 2588 2597 134
f 1051 1050 1046
f 654 1046 1050
f 1046 655 1051
f 1050 1051 653
f 2551 2556 2558
f 146 2558 2556
f 2558 151 2551
f 2556 2551 148
f 1057 1178 1179
f 607 1179 1178
f 1179 652 1057
f 1178 1057 651
f 2553 2558 2557
f 146 2557 2558
f 2557 147 2553
f 2558 2553 151
f 1184 1179 1182
f 607 1182 1179
f 1182 604 1184
f 1179 1184 652
f 2549 2551 2542
f 151 2542 2551
f 2542 150 2549
f 2551 2549 148
f 1058 1057 1054
f 652 1054 1057
f 1054 653 1058
f 1057 1058 651
f 2686 2687 2556
f 146 2556 2687
f 2556 148 2686
f 2687 2686 105
f 1202 1200 1178
f 607 1178 1200
f 1178 651 1202
f 1200 1202 598
f 2538 2540 2541
f 151 2541 2540
f 2541 153 2538
f 2540 2538 152
f 1063 1069 1070
f 646 1070 1069
f 1070 650 1063
f 1069 1063 648
f 2552 2541 2553
f 151 2553 2541
f 2553 147 2552
f 2541 2552 153
f 2849 1070 2848
f 646 2848 1070
f 2848 56 2849
f 1070 2849 650
f 2616 2538 2619
f 153 2619 2538
f 2619 127 2616
f 2538 2616 152
f 1081 1063 1080
f 650 1080 1063
f 1080 642 1081
f 1063 1081 648
f 2543 2542 2540
f 151 2540 2542
f 2540 152 2543
f 2542 2543 150
f 1064 1068 1069
f 646 1069 1068
f 1069 648 1064
f 1068 1064 647
f 2693 2694 2550
f 148 2550 2694
f 2550 149 2693
f 2694 2693 103
f 2874 1083 2873
f 650 2873 1083
f 2873 51 2874
f 1083 2874 641
f 2546 2550 2549
f 148 2549 2550
f 2549 150 2546
f 2550 2546 149
f 2870 2873 2849
f 650 2849 2873
f 2849 56 2870
f 2873 2870 51
f 3008 2693 3009
f 149 3009 2693
f 3009 15 3008
f 2693 3008 103
f 2862 2874 2872
f 51 2872 2874
f 2872 53 2862
f 2874 2862 641
f 2692 2686 2694
f 148 2694 2686
f 2694 103 2692
f 2686 2692 105
f 1082 1080 1083
f 650 1083 1080
f 1083 641 1082
f 1080 1082 642
f 2680 2681 2560
f 145 2560 2681
f 2560 146 2680
f 2681 2680 107
f 1076 1062 1075
f 648 1075 1062
f 1075 644 1076
f 1062 1076 649
f 2557 2560 2559
f 145 2559 2560
f 2559 147 2557
f 2560 2557 146
f 1079 1075 1081
f 648 1081 1075
f 1081 642 1079
f 1075 1079 644
f 2685 2680 2687
f 146 2687 2680
f 2687 105 2685
f 2680 2685 107
f 1246 1076 1245
f 644 1245 1076
f 1245 584 1246
f 1076 1246 649
f 2695 2696 2681
f 145 2681 2696
f 2681 107 2695
f 2696 2695 102
f 1065 1064 1062
f 648 1062 1064
f 1062 649 1065
f 1064 1065 647
f 2566 2571 2573
f 140 2573 2571
f 2573 143 2566
f 2571 2566 142
f 1071 2839 2840
f 60 2840 2839
f 2840 646 1071
f 2839 1071 645
f 2568 2573 2572
f 140 2572 2573
f 2572 141 2568
f 2573 2568 143
f 2848 2840 2846
f 60 2846 2840
f 2846 56 2848
f 2840 2848 646
f 2587 2566 2586
f 143 2586 2566
f 2586 135 2587
f 2566 2587 142
f 1072 1071 1068
f 646 1068 1071
f 1068 647 1072
f 1071 1072 645
f 2659 2660 2571
f 140 2571 2660
f 2571 142 2659
f 2660 2659 113
f 2974 2973 2839
f 60 2839 2973
f 2839 645 2974
f 2973 2974 25
f 2594 2595 2565
f 143 2565 2595
f 2565 144 2594
f 2595 2594 133
f 1089 1095 1096
f 637 1096 1095
f 1096 643 1089
f 1095 1089 639
f 2567 2565 2568
f 143 2568 2565
f 2568 141 2567
f 2565 2567 144
f 1235 1096 1234
f 637 1234 1096
f 1234 587 1235
f 1096 1235 643
f 2592 2594 2589
f 144 2589 2594
f 2589 134 2592
f 2594 2592 133
f 1087 1089 1078
f 643 1078 1089
f 1078 642 1087
f 1089 1087 639
f 2593 2586 2595
f 143 2595 2586
f 2595 133 2593
f 2586 2593 135
f 1090 1094 1095
f 637 1095 1094
f 1095 639 1090
f 1094 1090 638
f 2672 2673 2581
f 142 2581 2673
f 2581 137 2672
f 2673 2672 110
f 1258 1077 1257
f 643 1257 1077
f 1257 582 1258
f 1077 1258 644
f 2585 2581 2587
f 142 2587 2581
f 2587 135 2585
f 2581 2585 137
f 1254 1257 1235
f 643 1235 1257
f 1235 587 1254
f 1257 1254 582
f 2669 2672 2665
f 137 2665 2672
f 2665 111 2669
f 2672 2669 110
f 1245 1258 1256
f 582 1256 1258
f 1256 584 1245
f 1258 1245 644
f 2671 2659 2673
f 142 2673 2659
f 2673 110 2671
f 2659 2671 113
f 1079 1078 1077
f 643 1077 1078
f 1077 644 1079
f 1078 1079 642
f 2647 2648 2575
f 139 2575 2648
f 2575 140 2647
f 2648 2647 116
f 1084 1086 1088
f 639 1088 1086
f 1088 641 1084
f 1086 1084 640
f 2572 2575 2574
f 139 2574 2575
f 2574 141 2572
f 2575 2572 140
f 1082 1088 1087
f 639 1087 1088
f 1087 642 1082
f 1088 1082 641
f 2658 2647 2660
f 140 2660 2647
f 2660 113 2658
f 2647 2658 116
f 2861 1084 2862
f 641 2862 1084
f 2862 53 2861
f 1084 2861 640
f 2929 2931 2648
f 139 2648 2931
f 2648 116 2929
f 2931 2929 35
f 1091 1090 1086
f 639 1086 1090
f 1086 640 1091
f 1090 1091 638
f 2603 2613 2615
f 128 2615 2613
f 2615 136 2603
f 2613 2603 131
f 1097 1226 1227
f 591 1227 1226
f 1227 637 1097
f 1226 1097 636
f 2605 2615 2614
f 128 2614 2615
f 2614 130 2605
f 2615 2605 136
f 1234 1227 1232
f 591 1232 1227
f 1232 587 1234
f 1227 1234 637
f 2601 2603 2584
f 136 2584 2603
f 2584 135 2601
f 2603 2601 131
f 1098 1097 1094
f 637 1094 1097
f 1094 638 1098
f 1097 1098 636
f 2608 2612 2613
f 128 2613 2612
f 2613 131 2608
f 2612 2608 129
f 1269 1267 1226
f 591 1226 1267
f 1226 636 1269
f 1267 1269 578
f 2580 2582 2583
f 136 2583 2582
f 2583 138 2580
f 2582 2580 137
f 1104 1109 1111
f 631 1111 1109
f 1111 634 1104
f 1109 1104 633
f 2604 2583 2605
f 136 2605 2583
f 2605 130 2604
f 2583 2604 138
f 1106 1111 1110
f 631 1110 1111
f 1110 632 1106
f 1111 1106 634
f 2665 2580 2668
f 138 2668 2580
f 2668 111 2665
f 2580 2665 137
f 1121 1104 1120
f 634 1120 1104
f 1120 627 1121
f 1104 1121 633
f 2585 2584 2582
f 136 2582 2584
f 2582 137 2585
f 2584 2585 135
f 1169 1170 1109
f 631 1109 1170
f 1109 633 1169
f 1170 1169 610
f 2596 2600 2602
f 131 2602 2600
f 2602 133 2596
f 2600 2596 132
f 1123 1124 1103
f 634 1103 1124
f 1103 635 1123
f 1124 1123 626
f 2593 2602 2601
f 131 2601 2602
f 2601 135 2593
f 2602 2593 133
f 1105 1103 1106
f 634 1106 1103
f 1106 632 1105
f 1103 1105 635
f 2597 2596 2592
f 133 2592 2596
f 2592 134 2597
f 2596 2597 132
f 1244 1123 1247
f 635 1247 1123
f 1247 584 1244
f 1123 1244 626
f 2609 2608 2600
f 131 2600 2608
f 2600 132 2609
f 2608 2609 129
f 1122 1120 1124
f 634 1124 1120
f 1124 626 1122
f 1120 1122 627
f 2621 2625 2627
f 125 2627 2625
f 2627 128 2621
f 2625 2621 126
f 1176 1177 1116
f 633 1116 1177
f 1116 629 1176
f 1177 1176 608
f 2614 2627 2626
f 125 2626 2627
f 2626 130 2614
f 2627 2614 128
f 1119 1116 1121
f 633 1121 1116
f 1121 627 1119
f 1116 1119 629
f 2622 2621 2612
f 128 2612 2621
f 2612 129 2622
f 2621 2622 126
f 1346 1176 1345
f 629 1345 1176
f 1345 550 1346
f 1176 1346 608
f 2620 2628 2625
f 125 2625 2628
f 2625 126 2620
f 2628 2620 127
f 1175 1169 1177
f 633 1177 1169
f 1177 608 1175
f 1169 1175 610
f 2631 2632 2633
f 122 2633 2632
f 2633 124 2631
f 2632 2631 123
f 1161 1162 1113
f 630 1113 1162
f 1113 631 1161
f 1162 1161 612
f 2761 2633 2759
f 122 2759 2633
f 2759 83 2761
f 2633 2761 124
f 1110 1113 1112
f 630 1112 1113
f 1112 632 1110
f 1113 1110 631
f 2643 2631 2642
f 124 2642 2631
f 2642 118 2643
f 2631 2643 123
f 1168 1161 1170
f 631 1170 1161
f 1170 610 1168
f 1161 1168 612
f 2726 2727 2632
f 122 2632 2727
f 2632 123 2726
f 2727 2726 93
f 1160 1151 1162
f 630 1162 1151
f 1162 612 1160
f 1151 1160 614
f 2751 2645 2750
f 124 2750 2645
f 2750 86 2751
f 2645 2751 117
f 1127 1128 1129
f 624 1129 1128
f 1129 628 1127
f 1128 1127 625
f 2760 2750 2761
f 124 2761 2750
f 2761 83 2760
f 2750 2760 86
f 1300 1129 1299
f 624 1299 1129
f 1299 568 1300
f 1129 1300 628
f 2930 2751 2928
f 86 2928 2751
f 2928 35 2930
f 2751 2930 117
f 1125 1127 1118
f 628 1118 1127
f 1118 627 1125
f 1127 1125 625
f 2644 2642 2645
f 124 2645 2642
f 2645 117 2644
f 2642 2644 118
f 1238 1239 1128
f 624 1128 1239
f 1128 625 1238
f 1239 1238 586
f 2739 2740 2637
f 123 2637 2740
f 2637 120 2739
f 2740 2739 90
f 1307 1117 1306
f 628 1306 1117
f 1306 566 1307
f 1117 1307 629
f 2641 2637 2643
f 123 2643 2637
f 2643 118 2641
f 2637 2641 120
f 1304 1306 1300
f 628 1300 1306
f 1300 568 1304
f 1306 1304 566
f 2736 2739 2732
f 120 2732 2739
f 2732 91 2736
f 2739 2736 90
f 2738 2726 2740
f 123 2740 2726
f 2740 90 2738
f 2726 2738 93
f 1345 1307 1343
f 566 1343 1307
f 1343 550 1345
f 1307 1345 629
f 2715 2767 2769
f 81 2769 2767
f 2769 122 2715
f 2767 2715 96
f 1119 1118 1117
f 628 1117 1118
f 1117 629 1119
f 1118 1119 627
f 2759 2769 2768
f 81 2768 2769
f 2768 83 2759
f 2769 2759 122
f 1251 1252 1126
f 625 1126 1252
f 1126 626 1251
f 1252 1251 583
f 2725 2715 2727
f 122 2727 2715
f 2727 93 2725
f 2715 2725 96
f 1122 1126 1125
f 625 1125 1126
f 1125 627 1122
f 1126 1122 626
f 2795 2797 2767
f 81 2767 2797
f 2767 96 2795
f 2797 2795 72
f 1248 1251 1244
f 626 1244 1251
f 1244 584 1248
f 1251 1248 583
f 2652 2662 2664
f 112 2664 2662
f 2664 119 2652
f 2662 2652 115
f 1250 1238 1252
f 625 1252 1238
f 1252 583 1250
f 1238 1250 586
f 2654 2664 2663
f 112 2663 2664
f 2663 114 2654
f 2664 2654 119
f 1229 1293 1294
f 571 1294 1293
f 1294 624 1229
f 1293 1229 589
f 2650 2652 2640
f 119 2640 2652
f 2640 118 2650
f 2652 2650 115
f 1299 1294 1297
f 571 1297 1294
f 1297 568 1299
f 1294 1299 624
f 2657 2661 2662
f 112 2662 2661
f 2662 115 2657
f 2661 2657 113
f 1237 1229 1239
f 624 1239 1229
f 1239 586 1237
f 1229 1237 589
f 2636 2638 2639
f 119 2639 2638
f 2639 121 2636
f 2638 2636 120
f 1438 1439 1293
f 571 1293 1439
f 1293 589 1438
f 1439 1438 520
f 2653 2639 2654
f 119 2654 2639
f 2654 114 2653
f 2639 2653 121
f 1133 1138 1140
f 619 1140 1138
f 1140 622 1133
f 1138 1133 621
f 1135 1140 1139
f 619 1139 1140
f 1139 620 1135
f 1140 1135 622
f 2732 2636 2735
f 121 2735 2636
f 2735 91 2732
f 2636 2732 120
f 1150 1133 1149
f 622 1149 1133
f 1149 615 1150
f 1133 1150 621
f 2641 2640 2638
f 119 2638 2640
f 2638 120 2641
f 2640 2641 118
f 1217 1218 1138
f 619 1138 1218
f 1138 621 1217
f 1218 1217 594
f 2646 2649 2651
f 115 2651 2649
f 2651 117 2646
f 2649 2646 116
f 1157 1158 1132
f 622 1132 1158
f 1132 623 1157
f 1158 1157 613
f 2644 2651 2650
f 115 2650 2651
f 2650 118 2644
f 2651 2644 117
f 1134 1132 1135
f 622 1135 1132
f 1135 620 1134
f 1132 1134 623
f 2929 2646 2930
f 117 2930 2646
f 2930 35 2929
f 2646 2929 116
f 1155 1157 1152
f 623 1152 1157
f 1152 614 1155
f 1157 1155 613
f 2658 2657 2649
f 115 2649 2657
f 2649 116 2658
f 2657 2658 113
f 1156 1149 1158
f 622 1158 1149
f 1158 613 1156
f 1149 1156 615
f 2670 2674 2676
f 109 2676 2674
f 2676 112 2670
f 2674 2670 110
f 1224 1225 1145
f 621 1145 1225
f 1145 617 1224
f 1225 1224 592
f 2663 2676 2675
f 109 2675 2676
f 2675 114 2663
f 2676 2663 112
f 1148 1145 1150
f 621 1150 1145
f 1150 615 1148
f 1145 1148 617
f 2671 2670 2661
f 112 2661 2670
f 2661 113 2671
f 2670 2671 110
f 1394 1224 1393
f 617 1393 1224
f 1393 534 1394
f 1224 1394 592
f 2669 2677 2674
f 109 2674 2677
f 2674 110 2669
f 2677 2669 111
f 1223 1217 1225
f 621 1225 1217
f 1225 592 1223
f 1217 1223 594
f 2683 2689 2690
f 104 2690 2689
f 2690 108 2683
f 2689 2683 106
f 1209 1210 1142
f 618 1142 1210
f 1142 619 1209
f 1210 1209 596
f 2785 2690 2784
f 104 2784 2690
f 2784 75 2785
f 2690 2785 108
f 1139 1142 1141
f 618 1141 1142
f 1141 620 1139
f 1142 1139 619
f 2711 2683 2710
f 108 2710 2683
f 2710 98 2711
f 2683 2711 106
f 1216 1209 1218
f 619 1218 1209
f 1218 594 1216
f 1209 1216 596
f 2684 2688 2689
f 104 2689 2688
f 2689 106 2684
f 2688 2684 105
f 1208 1199 1210
f 618 1210 1199
f 1210 596 1208
f 1199 1208 598
f 2810 2713 2809
f 108 2809 2713
f 2809 70 2810
f 2713 2810 97
f 1166 1172 1173
f 609 1173 1172
f 1173 616 1166
f 1172 1166 611
f 2806 2809 2785
f 108 2785 2809
f 2785 75 2806
f 2809 2806 70
f 1329 1173 1328
f 609 1328 1173
f 1328 556 1329
f 1173 1329 616
f 2796 2810 2808
f 70 2808 2810
f 2808 72 2796
f 2810 2796 97
f 1164 1166 1147
f 616 1147 1166
f 1147 615 1164
f 1166 1164 611
f 2712 2710 2713
f 108 2713 2710
f 2713 97 2712
f 2710 2712 98
f 1167 1171 1172
f 609 1172 1171
f 1172 611 1167
f 1171 1167 610
f 2705 2682 2704
f 106 2704 2682
f 2704 100 2705
f 2682 2705 107
f 1336 1146 1335
f 616 1335 1146
f 1335 554 1336
f 1146 1336 617
f 2709 2704 2711
f 106 2711 2704
f 2711 98 2709
f 2704 2709 100
f 1333 1335 1329
f 616 1329 1335
f 1329 556 1333
f 1335 1333 554
f 2695 2705 2703
f 100 2703 2705
f 2703 102 2695
f 2705 2695 107
f 1393 1336 1391
f 554 1391 1336
f 1391 534 1393
f 1336 1393 617
f 2685 2684 2682
f 106 2682 2684
f 2682 107 2685
f 2684 2685 105
f 1148 1147 1146
f 616 1146 1147
f 1146 617 1148
f 1147 1148 615
f 2691 2775 2776
f 79 2776 2775
f 2776 104 2691
f 2775 2691 103
f 1159 1163 1165
f 611 1165 1163
f 1165 613 1159
f 1163 1159 612
f 2784 2776 2782
f 79 2782 2776
f 2782 75 2784
f 2776 2784 104
f 1156 1165 1164
f 611 1164 1165
f 1164 615 1156
f 1165 1156 613
f 2692 2691 2688
f 104 2688 2691
f 2688 105 2692
f 2691 2692 103
f 1160 1159 1155
f 613 1155 1159
f 1155 614 1160
f 1159 1160 612
f 3008 3007 2775
f 79 2775 3007
f 2775 103 3008
f 3007 3008 15
f 1168 1167 1163
f 611 1163 1167
f 1163 612 1168
f 1167 1168 610
f 2719 2729 2731
f 92 2731 2729
f 2731 99 2719
f 2729 2719 95
f 1174 1322 1323
f 559 1323 1322
f 1323 609 1174
f 1322 1174 608
f 2721 2731 2730
f 92 2730 2731
f 2730 94 2721
f 2731 2721 99
f 1328 1323 1326
f 559 1326 1323
f 1326 556 1328
f 1323 1328 609
f 2717 2719 2708
f 99 2708 2719
f 2708 98 2717
f 2719 2717 95
f 1175 1174 1171
f 609 1171 1174
f 1171 610 1175
f 1174 1175 608
f 2724 2728 2729
f 92 2729 2728
f 2729 95 2724
f 2728 2724 93
f 1346 1344 1322
f 559 1322 1344
f 1322 608 1346
f 1344 1346 550
f 2702 2706 2707
f 99 2707 2706
f 2707 101 2702
f 2706 2702 100
f 1181 1186 1188
f 603 1188 1186
f 1188 606 1181
f 1186 1181 605
f 2720 2707 2721
f 99 2721 2707
f 2721 94 2720
f 2707 2720 101
f 1183 1188 1187
f 603 1187 1188
f 1187 604 1183
f 1188 1183 606
f 2703 2702 2699
f 101 2699 2702
f 2699 102 2703
f 2702 2703 100
f 1198 1181 1197
f 606 1197 1181
f 1197 599 1198
f 1181 1198 605
f 2709 2708 2706
f 99 2706 2708
f 2706 100 2709
f 2708 2709 98
f 1284 1285 1186
f 603 1186 1285
f 1186 605 1284
f 1285 1284 574
f 2714 2716 2718
f 95 2718 2716
f 2718 97 2714
f 2716 2714 96
f 1205 1206 1180
f 606 1180 1206
f 1180 607 1205
f 1206 1205 597
f 2712 2718 2717
f 95 2717 2718
f 2717 98 2712
f 2718 2712 97
f 1182 1180 1183
f 606 1183 1180
f 1183 604 1182
f 1180 1182 607
f 2795 2714 2796
f 97 2796 2714
f 2796 72 2795
f 2714 2795 96
f 1203 1205 1200
f 607 1200 1205
f 1200 598 1203
f 1205 1203 597
f 2725 2724 2716
f 95 2716 2724
f 2716 96 2725
f 2724 2725 93
f 1204 1197 1206
f 606 1206 1197
f 1206 597 1204
f 1197 1204 599
f 2737 2741 2743
f 89 2743 2741
f 2743 92 2737
f 2741 2737 90
f 1291 1292 1193
f 605 1193 1292
f 1193 601 1291
f 1292 1291 572
f 2730 2743 2742
f 89 2742 2743
f 2742 94 2730
f 2743 2730 92
f 1196 1193 1198
f 605 1198 1193
f 1198 599 1196
f 1193 1196 601
f 2738 2737 2728
f 92 2728 2737
f 2728 93 2738
f 2737 2738 90
f 1461 1291 1460
f 601 1460 1291
f 1460 514 1461
f 1291 1461 572
f 2736 2744 2741
f 89 2741 2744
f 2741 90 2736
f 2744 2736 91
f 1290 1284 1292
f 605 1292 1284
f 1292 572 1290
f 1284 1290 574
f 2753 2763 2765
f 82 2765 2763
f 2765 87 2753
f 2763 2753 85
f 1276 1277 1190
f 602 1190 1277
f 1190 603 1276
f 1277 1276 576
f 2755 2765 2764
f 82 2764 2765
f 2764 84 2755
f 2765 2755 87
f 1187 1190 1189
f 602 1189 1190
f 1189 604 1187
f 1190 1187 603
f 2952 2753 2951
f 87 2951 2753
f 2951 30 2952
f 2753 2952 85
f 1283 1276 1285
f 603 1285 1276
f 1285 574 1283
f 1276 1283 576
f 2758 2762 2763
f 82 2763 2762
f 2763 85 2758
f 2762 2758 83
f 1275 1266 1277
f 602 1277 1266
f 1277 576 1275
f 1266 1275 578
f 2965 2966 2749
f 87 2749 2966
f 2749 88 2965
f 2966 2965 27
f 1214 1220 1221
f 593 1221 1220
f 1221 600 1214
f 1220 1214 595
f 2754 2749 2755
f 87 2755 2749
f 2755 84 2754
f 2749 2754 88
f 1377 1221 1376
f 593 1376 1221
f 1376 540 1377
f 1221 1377 600
f 2962 2965 2959
f 88 2959 2965
f 2959 28 2962
f 2965 2962 27
f 1212 1214 1195
f 600 1195 1214
f 1195 599 1212
f 1214 1212 595
f 2964 2951 2966
f 87 2966 2951
f 2966 27 2964
f 2951 2964 30
f 1215 1219 1220
f 593 1220 1219
f 1220 595 1215
f 1219 1215 594
f 2940 2752 2939
f 85 2939 2752
f 2939 33 2940
f 2752 2940 86
f 1384 1194 1383
f 600 1383 1194
f 1383 538 1384
f 1194 1384 601
f 2950 2939 2952
f 85 2952 2939
f 2952 30 2950
f 2939 2950 33
f 1381 1383 1377
f 600 1377 1383
f 1377 540 1381
f 1383 1381 538
f 2928 2940 2938
f 33 2938 2940
f 2938 35 2928
f 2940 2928 86
f 1460 1384 1458
f 538 1458 1384
f 1458 514 1460
f 1384 1460 601
f 2760 2758 2752
f 85 2752 2758
f 2752 86 2760
f 2758 2760 83
f 1196 1195 1194
f 600 1194 1195
f 1194 601 1196
f 1195 1196 599
f 2766 2770 2772
f 80 2772 2770
f 2772 82 2766
f 2770 2766 81
f 1207 1211 1213
f 595 1213 1211
f 1213 597 1207
f 1211 1207 596
f 2764 2772 2771
f 80 2771 2772
f 2771 84 2764
f 2772 2764 82
f 1204 1213 1212
f 595 1212 1213
f 1212 599 1204
f 1213 1204 597
f 2768 2766 2762
f 82 2762 2766
f 2762 83 2768
f 2766 2768 81
f 1208 1207 1203
f 597 1203 1207
f 1203 598 1208
f 1207 1208 596
f 2797 2794 2770
f 80 2770 2794
f 2770 81 2797
f 2794 2797 72
f 1216 1215 1211
f 595 1211 1215
f 1211 596 1216
f 1215 1216 594
f 2781 2791 2793
f 73 2793 2791
f 2793 78 2781
f 2791 2781 76
f 1222 1370 1371
f 543 1371 1370
f 1371 593 1222
f 1370 1222 592
f 2783 2793 2792
f 73 2792 2793
f 2792 75 2783
f 2793 2783 78
f 1376 1371 1374
f 543 1374 1371
f 1374 540 1376
f 1371 1376 593
f 3045 2781 3044
f 78 3044 2781
f 3044 6 3045
f 2781 3045 76
f 1223 1222 1219
f 593 1219 1222
f 1219 594 1223
f 1222 1223 592
f 2786 2790 2791
f 73 2791 2790
f 2791 76 2786
f 2790 2786 74
f 1394 1392 1370
f 543 1370 1392
f 1370 592 1394
f 1392 1394 534
f 3012 3013 2777
f 78 2777 3013
f 2777 79 3012
f 3013 3012 14
f 1231 1241 1243
f 585 1243 1241
f 1243 590 1231
f 1241 1231 588
f 2782 2777 2783
f 78 2783 2777
f 2783 75 2782
f 2777 2782 79
f 1233 1243 1242
f 585 1242 1243
f 1242 587 1233
f 1243 1233 590
f 3011 3012 3007
f 79 3007 3012
f 3007 15 3011
f 3012 3011 14
f 1265 1231 1264
f 590 1264 1231
f 1264 579 1265
f 1231 1265 588
f 3042 3044 3013
f 78 3013 3044
f 3013 14 3042
f 3044 3042 6
f 1236 1240 1241
f 585 1241 1240
f 1241 588 1236
f 1240 1236 586
f 3070 2780 3069
f 76 3069 2780
f 3069 1 3070
f 2780 3070 77
f 1272 1273 1228
f 590 1228 1273
f 1228 591 1272
f 1273 1272 577
f 3066 3069 3045
f 76 3045 3069
f 3045 6 3066
f 3069 3066 1
f 1232 1228 1233
f 590 1233 1228
f 1233 587 1232
f 1228 1232 591
f 3054 3070 3068
f 1 3068 3070
f 3068 3 3054
f 3070 3054 77
f 1270 1272 1267
f 591 1267 1272
f 1267 578 1270
f 1272 1270 577
f 2788 2786 2780
f 76 2780 2786
f 2780 77 2788
f 2786 2788 74
f 1271 1264 1273
f 590 1273 1264
f 1273 577 1271
f 1264 1271 579
f 2801 2805 2807
f 70 2807 2805
f 2807 73 2801
f 2805 2801 71
f 1260 1230 1259
f 588 1259 1230
f 1259 581 1260
f 1230 1260 589
f 2792 2807 2806
f 70 2806 2807
f 2806 75 2792
f 2807 2792 73
f 1263 1259 1265
f 588 1265 1259
f 1265 579 1263
f 1259 1263 581
f 2803 2801 2790
f 73 2790 2801
f 2790 74 2803
f 2801 2803 71
f 1438 1260 1437
f 581 1437 1260
f 1437 520 1438
f 1260 1438 589
f 2800 2808 2805
f 70 2805 2808
f 2805 71 2800
f 2808 2800 72
f 2817 2827 2829
f 63 2829 2827
f 2829 68 2817
f 2827 2817 66
f 1237 1236 1230
f 588 1230 1236
f 1230 589 1237
f 1236 1237 586
f 2819 2829 2828
f 63 2828 2829
f 2828 65 2819
f 2829 2819 68
f 1249 1253 1255
f 582 1255 1253
f 1255 585 1249
f 1253 1249 583
f 2902 2817 2901
f 68 2901 2817
f 2901 43 2902
f 2817 2902 66
f 1242 1255 1254
f 582 1254 1255
f 1254 587 1242
f 1255 1242 585
f 2822 2826 2827
f 63 2827 2826
f 2827 66 2822
f 2826 2822 64
f 1250 1249 1240
f 585 1240 1249
f 1240 586 1250
f 1249 1250 583
f 2908 2909 2813
f 68 2813 2909
f 2813 69 2908
f 2909 2908 41
f 1248 1256 1253
f 582 1253 1256
f 1253 583 1248
f 1256 1248 584
f 2818 2813 2819
f 68 2819 2813
f 2819 65 2818
f 2813 2818 69
f 1281 1287 1288
f 573 1288 1287
f 1288 580 1281
f 1287 1281 575
f 2910 2908 2912
f 69 2912 2908
f 2912 40 2910
f 2908 2910 41
f 1427 1288 1426
f 573 1426 1288
f 1426 523 1427
f 1288 1427 580
f 2907 2901 2909
f 68 2909 2901
f 2909 41 2907
f 2901 2907 43
f 1279 1281 1262
f 580 1262 1281
f 1262 579 1279
f 1281 1279 575
f 2894 2816 2893
f 66 2893 2816
f 2893 45 2894
f 2816 2894 67
f 1282 1286 1287
f 573 1287 1286
f 1287 575 1282
f 1286 1282 574
f 2900 2893 2902
f 66 2902 2893
f 2902 43 2900
f 2893 2900 45
f 1450 1261 1449
f 580 1449 1261
f 1449 518 1450
f 1261 1450 581
f 2882 2894 2892
f 45 2892 2894
f 2892 47 2882
f 2894 2882 67
f 1446 1449 1427
f 580 1427 1449
f 1427 523 1446
f 1449 1446 518
f 1437 1450 1448
f 518 1448 1450
f 1448 520 1437
f 1450 1437 581
f 2824 2822 2816
f 66 2816 2822
f 2816 67 2824
f 2822 2824 64
f 1263 1262 1261
f 580 1261 1262
f 1261 581 1263
f 1262 1263 579
f 2830 2834 2836
f 61 2836 2834
f 2836 63 2830
f 2834 2830 62
f 1274 1278 1280
f 575 1280 1278
f 1280 577 1274
f 1278 1274 576
f 2828 2836 2835
f 61 2835 2836
f 2835 65 2828
f 2836 2828 63
f 1271 1280 1279
f 575 1279 1280
f 1279 579 1271
f 1280 1271 577
f 2832 2830 2826
f 63 2826 2830
f 2826 64 2832
f 2830 2832 62
f 1275 1274 1270
f 577 1270 1274
f 1270 578 1275
f 1274 1275 576
f 2863 2858 2834
f 61 2834 2858
f 2834 62 2863
f 2858 2863 53
f 1283 1282 1278
f 575 1278 1282
f 1278 576 1283
f 1282 1283 574
f 2845 2855 2857
f 54 2857 2855
f 2857 59 2845
f 2855 2845 57
f 1289 1418 1419
f 527 1419 1418
f 1419 573 1289
f 1418 1289 572
f 2847 2857 2856
f 54 2856 2857
f 2856 56 2847
f 2857 2847 59
f 1426 1419 1424
f 527 1424 1419
f 1424 523 1426
f 1419 1426 573
f 2999 2845 2998
f 59 2998 2845
f 2998 18 2999
f 2845 2999 57
f 1290 1289 1286
f 573 1286 1289
f 1286 574 1290
f 1289 1290 572
f 2850 2854 2855
f 54 2855 2854
f 2855 57 2850
f 2854 2850 55
f 1461 1459 1418
f 527 1418 1459
f 1418 572 1461
f 1459 1461 514
f 2978 2979 2841
f 59 2841 2979
f 2841 60 2978
f 2979 2978 24
f 1296 1301 1303
f 567 1303 1301
f 1303 570 1296
f 1301 1296 569
f 2846 2841 2847
f 59 2847 2841
f 2847 56 2846
f 2841 2846 60
f 1298 1303 1302
f 567 1302 1303
f 1302 568 1298
f 1303 1298 570
f 2977 2978 2973
f 60 2973 2978
f 2973 25 2977
f 2978 2977 24
f 1313 1296 1312
f 570 1312 1296
f 1312 563 1313
f 1296 1313 569
f 2996 2998 2979
f 59 2979 2998
f 2979 24 2996
f 2998 2996 18
f 1361 1362 1301
f 567 1301 1362
f 1301 569 1361
f 1362 1361 546
f 3006 2844 3005
f 57 3005 2844
f 3005 16 3006
f 2844 3006 58
f 1315 1316 1295
f 570 1295 1316
f 1295 571 1315
f 1316 1315 562
f 3003 3005 2999
f 57 2999 3005
f 2999 18 3003
f 3005 3003 16
f 1297 1295 1298
f 570 1298 1295
f 1298 568 1297
f 1295 1297 571
f 3025 3006 3024
f 16 3024 3006
f 3024 10 3025
f 3006 3025 58
f 1436 1315 1439
f 571 1439 1315
f 1439 520 1436
f 1315 1436 562
f 2852 2850 2844
f 57 2844 2850
f 2844 58 2852
f 2850 2852 55
f 1314 1312 1316
f 570 1316 1312
f 1316 562 1314
f 1312 1314 563
f 2865 2869 2871
f 51 2871 2869
f 2871 54 2865
f 2869 2865 52
f 1368 1369 1308
f 569 1308 1369
f 1308 565 1368
f 1369 1368 544
f 2856 2871 2870
f 51 2870 2871
f 2870 56 2856
f 2871 2856 54
f 1311 1308 1313
f 569 1313 1308
f 1313 563 1311
f 1308 1311 565
f 2867 2865 2854
f 54 2854 2865
f 2854 55 2867
f 2865 2867 52
f 1555 1368 1554
f 565 1554 1368
f 1554 482 1555
f 1368 1555 544
f 2864 2872 2869
f 51 2869 2872
f 2869 52 2864
f 2872 2864 53
f 1367 1361 1369
f 569 1369 1361
f 1369 544 1367
f 1361 1367 546
f 2898 2904 2905
f 42 2905 2904
f 2905 49 2898
f 2904 2898 44
f 1353 1354 1305
f 566 1305 1354
f 1305 567 1353
f 1354 1353 548
f 2948 2905 2947
f 42 2947 2905
f 2947 31 2948
f 2905 2948 49
f 1302 1305 1304
f 566 1304 1305
f 1304 568 1302
f 1305 1302 567
f 2896 2898 2878
f 49 2878 2898
f 2878 48 2896
f 2898 2896 44
f 1360 1353 1362
f 567 1362 1353
f 1362 546 1360
f 1353 1360 548
f 2899 2903 2904
f 42 2904 2903
f 2904 44 2899
f 2903 2899 43
f 1352 1343 1354
f 566 1354 1343
f 1354 548 1352
f 1343 1352 550
f 2972 2877 2971
f 49 2971 2877
f 2971 26 2972
f 2877 2972 50
f 1319 1320 1321
f 560 1321 1320
f 1321 564 1319
f 1320 1319 561
f 2968 2971 2948
f 49 2948 2971
f 2948 31 2968
f 2971 2968 26
f 1492 1321 1491
f 560 1491 1321
f 1491 504 1492
f 1321 1492 564
f 2957 2972 2970
f 26 2970 2972
f 2970 28 2957
f 2972 2957 50
f 1317 1319 1310
f 564 1310 1319
f 1310 563 1317
f 1319 1317 561
f 2879 2878 2877
f 49 2877 2878
f 2877 50 2879
f 2878 2879 48
f 1430 1431 1320
f 560 1320 1431
f 1320 561 1430
f 1431 1430 522
f 2891 2895 2897
f 44 2897 2895
f 2897 46 2891
f 2895 2891 45
f 1499 1309 1498
f 564 1498 1309
f 1498 502 1499
f 1309 1499 565
f 2888 2897 2896
f 44 2896 2897
f 2896 48 2888
f 2897 2888 46
f 1496 1498 1492
f 564 1492 1498
f 1492 504 1496
f 1498 1496 502
f 2892 2891 2887
f 46 2887 2891
f 2887 47 2892
f 2891 2892 45
f 1554 1499 1552
f 502 1552 1499
f 1552 482 1554
f 1499 1554 565
f 2900 2899 2895
f 44 2895 2899
f 2895 45 2900
f 2899 2900 43
f 1311 1310 1309
f 564 1309 1310
f 1309 565 1311
f 1310 1311 563
f 2906 2916 2917
f 39 2917 2916
f 2917 42 2906
f 2916 2906 41
f 1443 1444 1318
f 561 1318 1444
f 1318 562 1443
f 1444 1443 519
f 2947 2917 2945
f 39 2945 2917
f 2945 31 2947
f 2917 2947 42
f 1314 1318 1317
f 561 1317 1318
f 1317 563 1314
f 1318 1314 562
f 2907 2906 2903
f 42 2903 2906
f 2903 43 2907
f 2906 2907 41
f 1440 1443 1436
f 562 1436 1443
f 1436 520 1440
f 1443 1440 519
f 2910 2915 2916
f 39 2916 2915
f 2916 41 2910
f 2915 2910 40
f 1442 1430 1444
f 561 1444 1430
f 1444 519 1442
f 1430 1442 522
f 2944 2954 2956
f 29 2956 2954
f 2956 37 2944
f 2954 2944 32
f 1421 1485 1486
f 507 1486 1485
f 1486 560 1421
f 1485 1421 525
f 2946 2956 2955
f 29 2955 2956
f 2955 31 2946
f 2956 2946 37
f 1491 1486 1489
f 507 1489 1486
f 1489 504 1491
f 1486 1491 560
f 2942 2944 2924
f 37 2924 2944
f 2924 36 2942
f 2944 2942 32
f 1429 1421 1431
f 560 1431 1421
f 1431 522 1429
f 1421 1429 525
f 2949 2953 2954
f 29 2954 2953
f 2954 32 2949
f 2953 2949 30
f 1684 1685 1485
f 507 1485 1685
f 1485 525 1684
f 1685 1684 445
f 2918 2922 2923
f 37 2923 2922
f 2923 39 2918
f 2922 2918 38
f 1325 1330 1332
f 555 1332 1330
f 1332 558 1325
f 1330 1325 557
f 2945 2923 2946
f 37 2946 2923
f 2946 31 2945
f 2923 2945 39
f 1327 1332 1331
f 555 1331 1332
f 1331 556 1327
f 1332 1327 558
f 2919 2918 2915
f 39 2915 2918
f 2915 40 2919
f 2918 2919 38
f 1342 1325 1341
f 558 1341 1325
f 1341 551 1342
f 1325 1342 557
f 2925 2924 2922
f 37 2922 2924
f 2922 38 2925
f 2924 2925 36
f 1409 1410 1330
f 555 1330 1410
f 1330 557 1409
f 1410 1409 530
f 2937 2941 2943
f 32 2943 2941
f 2943 34 2937
f 2941 2937 33
f 1349 1350 1324
f 558 1324 1350
f 1324 559 1349
f 1350 1349 549
f 2934 2943 2942
f 32 2942 2943
f 2942 36 2934
f 2943 2934 34
f 1326 1324 1327
f 558 1327 1324
f 1327 556 1326
f 1324 1326 559
f 2938 2937 2933
f 34 2933 2937
f 2933 35 2938
f 2937 2938 33
f 1347 1349 1344
f 559 1344 1349
f 1344 550 1347
f 1349 1347 549
f 2950 2949 2941
f 32 2941 2949
f 2941 33 2950
f 2949 2950 30
f 1348 1341 1350
f 558 1350 1341
f 1350 549 1348
f 1341 1348 551
f 2963 2967 2969
f 26 2969 2967
f 2969 29 2963
f 2967 2963 27
f 1416 1417 1337
f 557 1337 1417
f 1337 553 1416
f 1417 1416 528
f 2955 2969 2968
f 26 2968 2969
f 2968 31 2955
f 2969 2955 29
f 1340 1337 1342
f 557 1342 1337
f 1342 551 1340
f 1337 1340 553
f 2964 2963 2953
f 29 2953 2963
f 2953 30 2964
f 2963 2964 27
f 1623 1416 1622
f 553 1622 1416
f 1622 462 1623
f 1416 1623 528
f 2962 2970 2967
f 26 2967 2970
f 2967 27 2962
f 2970 2962 28
f 1415 1409 1417
f 557 1417 1409
f 1417 528 1415
f 1409 1415 530
f 2995 3000 3002
f 17 3002 3000
f 3002 22 2995
f 3000 2995 19
f 1401 1402 1334
f 554 1334 1402
f 1334 555 1401
f 1402 1401 532
f 2997 3002 3001
f 17 3001 3002
f 3001 18 2997
f 3002 2997 22
f 1331 1334 1333
f 554 1333 1334
f 1333 556 1331
f 1334 1331 555
f 2993 2995 2986
f 22 2986 2995
f 2986 21 2993
f 2995 2993 19
f 1408 1401 1410
f 555 1410 1401
f 1410 530 1408
f 1401 1408 532
f 3048 3049 3000
f 17 3000 3049
f 3000 19 3048
f 3049 3048 5
f 1400 1391 1402
f 554 1402 1391
f 1402 532 1400
f 1391 1400 534
f 2980 2984 2985
f 22 2985 2984
f 2985 24 2980
f 2984 2980 23
f 1358 1364 1365
f 545 1365 1364
f 1365 552 1358
f 1364 1358 547
f 2996 2985 2997
f 22 2997 2985
f 2997 18 2996
f 2985 2996 24
f 1534 1365 1533
f 545 1533 1365
f 1533 489 1534
f 1365 1534 552
f 2981 2980 2977
f 24 2977 2980
f 2977 25 2981
f 2980 2981 23
f 1356 1358 1339
f 552 1339 1358
f 1339 551 1356
f 1358 1356 547
f 2987 2986 2984
f 22 2984 2986
f 2984 23 2987
f 2986 2987 21
f 1359 1363 1364
f 545 1364 1363
f 1364 547 1359
f 1363 1359 546
f 3063 3064 2994
f 19 2994 3064
f 2994 20 3063
f 3064 3063 2
f 1541 1338 1540
f 552 1540 1338
f 1540 487 1541
f 1338 1541 553
f 2990 2994 2993
f 19 2993 2994
f 2993 21 2990
f 2994 2990 20
f 1538 1540 1534
f 552 1534 1540
f 1534 489 1538
f 1540 1538 487
f 3060 3063 3055
f 20 3055 3063
f 3055 3 3060
f 3063 3060 2
f 1622 1541 1620
f 487 1620 1541
f 1620 462 1622
f 1541 1622 553
f 3062 3048 3064
f 19 3064 3048
f 3064 2 3062
f 3048 3062 5
f 1340 1339 1338
f 552 1338 1339
f 1338 553 1340
f 1339 1340 551
f 3036 3037 3004
f 16 3004 3037
f 3004 17 3036
f 3037 3036 8
f 1351 1355 1357
f 547 1357 1355
f 1357 549 1351
f 1355 1351 548
f 3001 3004 3003
f 16 3003 3004
f 3003 18 3001
f 3004 3001 17
f 1348 1357 1356
f 547 1356 1357
f 1356 551 1348
f 1357 1348 549
f 3047 3036 3049
f 17 3049 3036
f 3049 5 3047
f 3036 3047 8
f 1352 1351 1347
f 549 1347 1351
f 1347 550 1352
f 1351 1352 548
f 3035 3024 3037
f 16 3037 3024
f 3037 8 3035
f 3024 3035 10
f 1360 1359 1355
f 547 1355 1359
f 1355 548 1360
f 1359 1360 546
f 3041 3051 3053
f 4 3053 3051
f 3053 12 3041
f 3051 3041 7
f 1366 1527 1528
f 492 1528 1527
f 1528 545 1366
f 1527 1366 544
f 3043 3053 3052
f 4 3052 3053
f 3052 6 3043
f 3053 3043 12
f 1533 1528 1531
f 492 1531 1528
f 1531 489 1533
f 1528 1533 545
f 3039 3041 3020
f 12 3020 3041
f 3020 11 3039
f 3041 3039 7
f 1367 1366 1363
f 545 1363 1366
f 1363 546 1367
f 1366 1367 544
f 3046 3050 3051
f 4 3051 3050
f 3051 7 3046
f 3050 3046 5
f 1555 1553 1527
f 492 1527 1553
f 1527 544 1555
f 1553 1555 482
f 3014 3018 3019
f 12 3019 3018
f 3019 14 3014
f 3018 3014 13
f 1373 1378 1380
f 539 1380 1378
f 1380 542 1373
f 1378 1373 541
f 3042 3019 3043
f 12 3043 3019
f 3043 6 3042
f 3019 3042 14
f 3015 3014 3011
f 14 3011 3014
f 3011 15 3015
f 3014 3015 13
f 1375 1380 1379
f 539 1379 1380
f 1379 540 1375
f 1380 1375 542
f 3021 3020 3018
f 12 3018 3020
f 3018 13 3021
f 3020 3021 11
f 1390 1373 1389
f 542 1389 1373
f 1389 535 1390
f 1373 1390 541
f 3034 3038 3040
f 7 3040 3038
f 3040 9 3034
f 3038 3034 8
f 1476 1477 1378
f 539 1378 1477
f 1378 541 1476
f 1477 1476 510
f 3031 3040 3039
f 7 3039 3040
f 3039 11 3031
f 3040 3031 9
f 1397 1398 1372
f 542 1372 1398
f 1372 543 1397
f 1398 1397 533
f 3035 3034 3030
f 9 3030 3034
f 3030 10 3035
f 3034 3035 8
f 1374 1372 1375
f 542 1375 1372
f 1375 540 1374
f 1372 1374 543
f 3047 3046 3038
f 7 3038 3046
f 3038 8 3047
f 3046 3047 5
f 1395 1397 1392
f 543 1392 1397
f 1392 534 1395
f 1397 1395 533
f 3061 3065 3067
f 1 3067 3065
f 3067 4 3061
f 3065 3061 2
f 1396 1389 1398
f 542 1398 1389
f 1398 533 1396
f 1389 1396 535
f 3052 3067 3066
f 1 3066 3067
f 3066 6 3052
f 3067 3052 4
f 1483 1484 1385
f 541 1385 1484
f 1385 537 1483
f 1484 1483 508
f 3062 3061 3050
f 4 3050 3061
f 3050 5 3062
f 3061 3062 2
f 1388 1385 1390
f 541 1390 1385
f 1390 535 1388
f 1385 1388 537
f 3060 3068 3065
f 1 3065 3068
f 3065 2 3060
f 3068 3060 3
f 1717 1483 1716
f 537 1716 1483
f 1716 437 1717
f 1483 1717 508
f 1482 1476 1484
f 541 1484 1476
f 1484 508 1482
f 1476 1482 510 
