####
#
# OBJ File Generated by Meshlab
#
####
# Object fandisk.obj
#
# Vertices: 6475
# Faces: 12946
#
####
vn -3.1564035 3.1254079 -0.3176523
v -0.4602820 0.0260560 -0.0256520
vn -3.1908507 3.1288373 -0.2784003
v -0.4602820 0.0277910 -0.0069620
vn -0.1027514 6.2381773 -0.7286122
v -0.4423140 0.0272950 -0.0160740
vn -0.2023199 6.2561369 -0.5375768
v -0.4447300 0.0287060 0.0005720
vn -3.1834812 3.1306205 -0.2588415
v -0.4602820 0.0294120 0.0117400
vn -0.1679039 6.2594728 -0.5145171
v -0.4461490 0.0297740 0.0135650
vn -0.2089400 6.2042356 -0.9035821
v -0.4258880 0.0289920 -0.0074440
vn -0.3994546 6.2475924 -0.5259659
v -0.4311340 0.0297740 0.0055640
vn -0.3355643 6.2524810 -0.5166461
v -0.4357190 0.0302130 0.0138300
vn -3.1905169 3.1319001 -0.2415398
v -0.4602820 0.0308990 0.0304530
vn -0.2217287 6.2599316 -0.4833904
v -0.4432320 0.0312610 0.0311300
vn -0.4668874 6.2458496 -0.4866586
v -0.4268770 0.0319480 0.0286830
vn -0.3388030 6.1586146 -1.0705359
v -0.4094470 0.0312230 0.0010930
vn -0.5745314 6.2337685 -0.5216622
v -0.4182870 0.0315470 0.0152710
vn -3.1950555 3.1333265 -0.2212534
v -0.4602820 0.0322720 0.0491750
vn -3.1957483 3.1347108 -0.2005197
v -0.4602820 0.0335300 0.0679100
vn -3.1936188 3.1359873 -0.1800215
v -0.4602820 0.0346740 0.0866520
vn -3.1962123 3.1370244 -0.1601237
v -0.4602820 0.0356850 0.1054010
vn -3.1966326 3.1379685 -0.1402668
v -0.4602820 0.0365810 0.1241570
vn -3.1953411 3.1388450 -0.1195602
v -0.4602820 0.0373630 0.1429180
vn -3.1998084 3.1394138 -0.1012639
v -0.4602820 0.0380110 0.1616840
vn -3.1960325 3.1400776 -0.0805396
v -0.4602820 0.0385640 0.1804520
vn -3.1950912 3.1405702 -0.0590530
v -0.4602820 0.0389840 0.1992210
vn -3.1988797 3.1408079 -0.0400192
v -0.4602820 0.0392700 0.2179910
vn -3.1956732 3.1410487 -0.0204645
v -0.4602820 0.0394600 0.2367610
vn -1.5980166 1.5707450 1.5851150
v -0.4602820 0.0395180 0.2555290
vn -0.2288136 6.2630014 -0.4376388
v -0.4426020 0.0327680 0.0514060
vn -0.4638901 6.2503643 -0.4286135
v -0.4260220 0.0338350 0.0538410
vn -0.7216780 6.2248898 -0.4407529
v -0.4037460 0.0351130 0.0416740
vn -0.7848530 6.2141709 -0.4780391
v -0.3994060 0.0344840 0.0262180
vn -0.6792967 6.2318535 -0.4114482
v -0.4074450 0.0357800 0.0574110
vn -0.5232974 6.1140728 -1.1717985
v -0.3930600 0.0340070 0.0095400
vn -0.2336792 6.2653441 -0.3981112
v -0.4421910 0.0338740 0.0678890
vn -0.2383245 6.2673588 -0.3606615
v -0.4418950 0.0350180 0.0866300
vn -0.2438013 6.2693005 -0.3210006
v -0.4417250 0.0360470 0.1053810
vn -0.2440427 6.2712393 -0.2794435
v -0.4416290 0.0369430 0.1241390
vn -0.2455436 6.2727599 -0.2413058
v -0.4415750 0.0377250 0.1429020
vn -0.2465012 6.2742157 -0.2009901
v -0.4415450 0.0383930 0.1616690
vn -0.2456989 6.2753196 -0.1598409
v -0.4415290 0.0389260 0.1804390
vn -0.2460650 6.2762275 -0.1193829
v -0.4415200 0.0393460 0.1992110
vn -0.2448844 6.2770271 -0.0796800
v -0.4415160 0.0396510 0.2179830
vn -0.2390279 6.2776589 -0.0407389
v -0.4417090 0.0398230 0.2367570
vn -0.1163404 3.1389008 3.1669836
v -0.4423940 0.0398610 0.2555310
vn -0.4545794 6.2537074 -0.3922819
v -0.4260490 0.0348650 0.0693330
vn -0.6644943 6.2353215 -0.3846232
v -0.4089040 0.0365050 0.0710500
vn -0.8976058 6.2033777 -0.4298196
v -0.3907770 0.0373630 0.0490060
vn -0.9770460 6.1894894 -0.4528709
v -0.3850540 0.0371910 0.0345070
vn -0.8435445 6.2127066 -0.4065729
v -0.3945330 0.0376490 0.0610030
vn -0.5316392 6.0535746 -1.3002198
v -0.3767050 0.0373060 0.0178300
vn -0.8528675 6.2128029 -0.3828433
v -0.3945960 0.0383930 0.0728970
vn -0.4707696 6.2543693 -0.3602996
v -0.4243480 0.0360090 0.0863630
vn -0.4793304 6.2559223 -0.3198258
v -0.4236390 0.0370960 0.1052000
vn -0.4851680 6.2572722 -0.2786955
v -0.4232390 0.0380110 0.1240160
vn -0.4908869 6.2583337 -0.2415056
v -0.4230200 0.0388120 0.1428160
vn -0.4935262 6.2594833 -0.2007245
v -0.4229020 0.0394790 0.1616080
vn -0.4939781 6.2607212 -0.1599053
v -0.4228390 0.0400320 0.1803960
vn -0.4917931 6.2618694 -0.1174382
v -0.4228060 0.0404520 0.1991800
vn -0.4867865 6.2628803 -0.0772163
v -0.4231280 0.0407190 0.2180620
vn -0.4706047 6.2645054 -0.0408682
v -0.4245130 0.0407950 0.2371900
vn -0.2352263 3.1323061 3.1694195
v -0.4245410 0.0408520 0.2555310
vn -0.6853629 6.2346969 -0.3588234
v -0.4077310 0.0376110 0.0873150
vn -0.8735979 6.2115664 -0.3556073
v -0.3934110 0.0395180 0.0888790
vn -0.9598966 6.1963739 -0.4010933
v -0.3868340 0.0389260 0.0630890
vn -1.0957360 6.1722870 -0.4165204
v -0.3796160 0.0395940 0.0552750
vn -1.1990966 6.1486840 -0.4754145
v -0.3695380 0.0404330 0.0411460
vn -0.7129657 5.9209242 -1.5576081
v -0.3604420 0.0411570 0.0259320
vn -1.0195626 6.1876454 -0.3828370
v -0.3835760 0.0400320 0.0724640
vn -1.0518093 6.1840329 -0.3514018
v -0.3808840 0.0415010 0.0896560
vn -0.7026732 6.2348547 -0.3201163
v -0.4064840 0.0386980 0.1046370
vn -0.7211748 6.2344379 -0.2818530
v -0.4053850 0.0397270 0.1236460
vn -0.7262010 6.2356691 -0.2411483
v -0.4047530 0.0406040 0.1425820
vn -0.7337874 6.2361126 -0.2010910
v -0.4044190 0.0413100 0.1614580
vn -0.7380248 6.2367373 -0.1574242
v -0.4042480 0.0418630 0.1802980
vn -0.7354991 6.2379193 -0.1161059
v -0.4045340 0.0422440 0.1992860
vn -0.7147197 6.2411995 -0.0786293
v -0.4061780 0.0423780 0.2188940
vn -0.7081712 6.2421327 -0.0390789
v -0.4067420 0.0424730 0.2374030
vn -0.3535519 3.1211793 3.1693382
v -0.4067420 0.0425300 0.2555310
vn -0.9003643 6.2097907 -0.3172876
v -0.3913710 0.0407190 0.1056180
vn -1.0831727 6.1807699 -0.3121458
v -0.3781210 0.0428730 0.1063060
vn -1.2337343 6.1480284 -0.3809192
v -0.3685680 0.0424540 0.0680120
vn -1.3823392 6.1124802 -0.4388682
v -0.3544760 0.0442080 0.0494920
vn -0.8109989 5.8387427 -1.6707920
v -0.3441760 0.0455620 0.0338950
vn -1.2652760 6.1444106 -0.3363580
v -0.3656460 0.0444180 0.0911100
vn -1.2616386 6.1471167 -0.3050798
v -0.3647490 0.0454670 0.1074330
vn -0.9350280 6.2062540 -0.2817967
v -0.3886440 0.0419770 0.1235680
vn -0.9391010 6.2073145 -0.2383114
v -0.3884110 0.0427210 0.1406770
vn -0.9685672 6.2038360 -0.2056933
v -0.3863660 0.0437700 0.1611330
vn -0.9783931 6.2036114 -0.1578005
v -0.3858910 0.0443990 0.1802870
vn -0.9741121 6.2054086 -0.1141270
v -0.3861930 0.0447990 0.2001490
vn -0.9414003 6.2108698 -0.0791884
v -0.3889170 0.0446660 0.2193670
vn -0.9390635 6.2116051 -0.0377723
v -0.3890200 0.0448180 0.2375120
vn -0.4693012 3.1059105 3.1682196
v -0.3890220 0.0448760 0.2555310
vn -0.5852957 3.0861111 3.1702828
v -0.3714040 0.0478690 0.2555310
vn -1.1106941 6.1770496 -0.2879045
v -0.3762270 0.0439220 0.1211460
vn -1.2491165 6.1507640 -0.2883303
v -0.3644940 0.0461150 0.1195450
vn -1.5340515 6.0800023 -0.3764733
v -0.3434290 0.0485940 0.0756590
vn -1.6602346 6.0445361 -0.4151443
v -0.3355770 0.0495470 0.0585170
vn -1.4741879 6.0979004 -0.3274901
v -0.3487740 0.0483270 0.0940280
vn -0.9221259 5.7118468 -1.8516402
v -0.3279440 0.0505200 0.0416460
vn -1.4350411 6.1092658 -0.2978625
v -0.3526120 0.0481930 0.1086810
vn -1.3943187 6.1197481 -0.2795021
v -0.3554190 0.0479650 0.1174380
vn -1.1424984 6.1730375 -0.2433662
v -0.3739130 0.0450850 0.1384920
vn -1.1899981 6.1653147 -0.2044971
v -0.3700840 0.0465340 0.1587070
vn -1.2101554 6.1627688 -0.1549188
v -0.3681270 0.0475450 0.1801110
vn -1.1922739 6.1672211 -0.1152560
v -0.3698630 0.0476790 0.2011640
vn -1.1721623 6.1715798 -0.0761586
v -0.3713170 0.0476790 0.2195650
vn -1.1712760 6.1719303 -0.0361644
v -0.3714010 0.0478120 0.2375730
vn -0.7010558 3.0618649 3.1726227
v -0.3539810 0.0515110 0.2555310
vn -1.4029771 6.1235747 -0.0358725
v -0.3539760 0.0514730 0.2376340
vn -1.2969463 6.1421399 -0.2545331
v -0.3605970 0.0475450 0.1338660
vn -1.5038999 6.0942421 -0.2613388
v -0.3485520 0.0500050 0.1270700
vn -1.7553771 6.0216007 -0.3466509
v -0.3273900 0.0534180 0.0835630
vn -1.8547862 5.9892120 -0.3858363
v -0.3196950 0.0546570 0.0661140
vn -1.6837726 6.0437250 -0.3195756
v -0.3331320 0.0527510 0.1008590
vn -1.0106750 5.5763407 -2.0193169
v -0.3122680 0.0558780 0.0489370
vn -1.6052983 6.0661621 -0.2966506
v -0.3397460 0.0517020 0.1158260
vn -1.3921878 6.1222677 -0.2141754
v -0.3553440 0.0494710 0.1543860
vn -1.4293516 6.1156044 -0.1560279
v -0.3522430 0.0509010 0.1779320
vn -1.4132754 6.1203194 -0.1145381
v -0.3532640 0.0512060 0.2018140
vn -1.4031398 6.1231232 -0.0749253
v -0.3539110 0.0513200 0.2197110
vn -0.8162442 3.0332651 3.1680803
v -0.3366430 0.0558390 0.2555310
vn -1.6299310 6.0670414 -0.0368137
v -0.3366360 0.0557820 0.2376470
vn -1.6299098 6.0667167 -0.0741863
v -0.3365950 0.0556300 0.2197570
vn -1.6685008 6.0521426 -0.2195981
v -0.3352580 0.0542000 0.1466690
vn -1.7953506 6.0137186 -0.2689986
v -0.3241970 0.0565450 0.1263850
vn -1.9718808 5.9553380 -0.3262421
v -0.3106970 0.0590430 0.0912020
vn -2.0672598 5.9207206 -0.3637013
v -0.3034040 0.0604920 0.0734960
vn -1.8947715 5.9817734 -0.2991084
v -0.3164290 0.0581080 0.1087610
vn -1.0728401 5.4155092 -2.1828263
v -0.2962920 0.0619220 0.0561460
vn -1.6606792 6.0564976 -0.1599048
v -0.3347700 0.0552480 0.1754450
vn -1.6377757 6.0639977 -0.1154847
v -0.3361190 0.0554580 0.2000850
vn -0.9276232 3.0010552 3.1692252
v -0.3194730 0.0607970 0.2555310
vn -1.8566108 6.0015192 -0.0376642
v -0.3194650 0.0607400 0.2376500
vn -1.8551430 6.0016632 -0.0738099
v -0.3194260 0.0605870 0.2197660
vn -1.8541451 6.0014148 -0.1090347
v -0.3193530 0.0603390 0.2019930
vn -1.8825912 5.9917026 -0.1457960
v -0.3170170 0.0605680 0.1790090
vn -1.9372773 5.9725099 -0.1882787
v -0.3121140 0.0614640 0.1564530
vn -2.0084963 5.9472170 -0.2348169
v -0.3069970 0.0624940 0.1377450
vn -2.1004157 5.9139309 -0.2747346
v -0.3011020 0.0636570 0.1169650
vn -2.1935647 5.8779149 -0.3132331
v -0.2939240 0.0653350 0.0984880
vn -2.2813554 5.8426404 -0.3430954
v -0.2870370 0.0669560 0.0805850
vn -1.1928970 5.2065115 -2.3681102
v -0.2803200 0.0685770 0.0630950
vn -1.0382345 2.9645581 3.1723039
v -0.3024970 0.0663840 0.2555310
vn -2.0773785 5.9288297 -0.0358877
v -0.3024880 0.0663460 0.2376490
vn -2.0797219 5.9275336 -0.0728316
v -0.3024160 0.0661930 0.2197650
vn -2.0835946 5.9257846 -0.1087161
v -0.3022880 0.0659830 0.2019350
vn -2.0980144 5.9199796 -0.1419770
v -0.3007030 0.0660790 0.1807250
vn -1.1497843 2.9231639 3.1684034
v -0.2858980 0.0725620 0.2555310
vn -2.1289139 5.9080901 -0.1807730
v -0.2970990 0.0668610 0.1623600
vn -2.2292063 5.8698082 -0.1997299
v -0.2916130 0.0684050 0.1475830
vn -2.3223701 5.8310118 -0.2555056
v -0.2841190 0.0703690 0.1242960
vn -2.4106700 5.7932501 -0.2939444
v -0.2772430 0.0722760 0.1054250
vn -2.4974542 5.7546444 -0.3272085
v -0.2707420 0.0740680 0.0873120
vn -1.2995442 5.0097327 -2.5146723
v -0.2644480 0.0758030 0.0696700
vn -2.2990818 5.8462915 -0.0348347
v -0.2858870 0.0725050 0.2377100
vn -2.3004978 5.8454494 -0.0701650
v -0.2858190 0.0723710 0.2198770
vn -2.2990966 5.8455362 -0.1066591
v -0.2856900 0.0721610 0.2020650
vn -2.2987947 5.8449578 -0.1445957
v -0.2857200 0.0717230 0.1821880
vn -2.3045671 5.8420749 -0.1738942
v -0.2854690 0.0713990 0.1668240
vn -1.2579067 2.8782651 3.1709764
v -0.2693950 0.0794070 0.2555310
vn -2.5169768 5.7560010 -0.0341189
v -0.2693810 0.0793690 0.2376940
vn -2.4645438 5.7758093 -0.1767353
v -0.2744800 0.0756510 0.1587490
vn -2.5427439 5.7395363 -0.2281726
v -0.2668190 0.0779580 0.1314710
vn -2.6298742 5.6980062 -0.2750403
v -0.2607300 0.0798460 0.1120630
vn -2.7099917 5.6587305 -0.3080472
v -0.2546760 0.0817520 0.0936820
vn -1.4067841 4.7946343 -2.6504850
v -0.2488230 0.0835830 0.0758330
vn -2.5158753 5.7560916 -0.0715038
v -0.2693450 0.0792160 0.2198610
vn -2.5185435 5.7543316 -0.1045714
v -0.2692780 0.0789680 0.2020590
vn -2.5075974 5.7584906 -0.1374775
v -0.2707730 0.0779200 0.1829180
vn -1.3646830 2.8291621 3.1725667
v -0.2531570 0.0868620 0.2555310
vn -2.7294095 5.6582613 -0.0339947
v -0.2531430 0.0868240 0.2376770
vn -2.7316113 5.6568208 -0.0680927
v -0.2531070 0.0866720 0.2198260
vn -2.7418604 5.6489902 -0.1797774
v -0.2519530 0.0858900 0.1588890
vn -2.7922344 5.6232109 -0.2105165
v -0.2492420 0.0864620 0.1380080
vn -2.7280130 5.6573219 -0.1362474
v -0.2529770 0.0861000 0.1841680
vn -2.8492541 5.5925655 -0.2554581
v -0.2440560 0.0882350 0.1182100
vn -2.9222765 5.5529823 -0.2907873
v -0.2385620 0.0901610 0.0996010
vn -1.5112376 4.5603943 -2.7760010
v -0.2332230 0.0920300 0.0815930
vn -2.7338161 5.6553764 -0.1009562
v -0.2530480 0.0864430 0.2019980
vn -1.4702764 2.7757776 3.1717649
v -0.2371800 0.0949470 0.2555310
vn -2.9408171 5.5513663 -0.0324360
v -0.2371650 0.0949090 0.2376530
vn -2.9416409 5.5506635 -0.0656806
v -0.2371190 0.0947750 0.2197770
vn -2.9418752 5.5499887 -0.1001835
v -0.2370430 0.0945470 0.2019110
vn -2.9816525 5.5269933 -0.1586383
v -0.2338010 0.0952710 0.1611960
vn -3.0210011 5.5039358 -0.2031996
v -0.2307060 0.0963960 0.1446440
vn -2.9458504 5.5471015 -0.1359856
v -0.2369470 0.0942230 0.1840400
vn -3.0559278 5.4832177 -0.2420044
v -0.2274310 0.0973690 0.1237930
vn -3.1166379 5.4479446 -0.2684887
v -0.2225700 0.0992560 0.1050020
vn -1.6105387 4.3135204 -2.8821034
v -0.2178030 0.1010680 0.0868550
vn -1.5731384 2.7187932 3.1717813
v -0.2215480 0.1036040 0.2555310
vn -3.1449013 5.4383612 -0.0323070
v -0.2215330 0.1035660 0.2376510
vn -3.1455090 5.4376454 -0.0647218
v -0.2214780 0.1034320 0.2197680
vn -3.1460075 5.4368978 -0.0975116
v -0.2213840 0.1032220 0.2018820
vn -3.1597974 5.4282937 -0.1329759
v -0.2199260 0.1036800 0.1829950
vn -3.1792560 5.4165545 -0.1526301
v -0.2176950 0.1045570 0.1670480
vn -3.2335701 5.3830690 -0.1746887
v -0.2147910 0.1058350 0.1524380
vn -3.2934067 5.3442054 -0.2332610
v -0.2107880 0.1073410 0.1286270
vn -3.3487015 5.3087435 -0.2661752
v -0.2066770 0.1090570 0.1097670
vn -1.7241956 4.0338578 -2.9820957
v -0.2025400 0.1107540 0.0915540
vn -1.6751468 2.6572020 3.1689463
v -0.2062220 0.1128710 0.2555310
vn -3.3496461 5.3145556 -0.0332971
v -0.2062050 0.1128130 0.2376380
vn -3.3500943 5.3140740 -0.0622624
v -0.2061380 0.1126990 0.2197430
vn -3.3504720 5.3133612 -0.0983982
v -0.2060230 0.1125080 0.2018410
vn -3.3394451 5.3200102 -0.1261787
v -0.2067920 0.1116310 0.1827590
vn -3.3334553 5.3232498 -0.1516147
v -0.2073910 0.1109260 0.1704770
vn -3.4596100 5.2413983 -0.1514143
v -0.1991170 0.1159790 0.1620620
vn -3.4973927 5.2141070 -0.2102277
v -0.1943980 0.1181330 0.1344190
vn -3.5435114 5.1813436 -0.2504724
v -0.1909140 0.1196010 0.1137740
vn -1.9010892 3.7544680 -3.0718508
v -0.1874730 0.1210700 0.0956350
vn -1.7719846 2.5935843 3.1720805
v -0.1913130 0.1226520 0.2555310
vn -3.5463231 5.1855383 -0.0310665
v -0.1912980 0.1226140 0.2376560
vn -3.5479612 5.1840692 -0.0616681
v -0.1912230 0.1225000 0.2197750
vn -3.5503664 5.1820250 -0.0953029
v -0.1910920 0.1223280 0.2018800
vn -3.5177343 5.2037325 -0.1198283
v -0.1942240 0.1197920 0.1824760
vn -3.7084637 5.0679555 -0.1618193
v -0.1778210 0.1306420 0.1576120
vn -3.7194507 5.0585527 -0.2044972
v -0.1777820 0.1298600 0.1352530
vn -3.7204680 5.0604792 -0.1220709
v -0.1776490 0.1314420 0.1818200
vn -3.7548423 5.0314684 -0.2313098
v -0.1753490 0.1308900 0.1168730
vn -1.9435805 3.5052395 -3.1323695
v -0.1726530 0.1320340 0.0989910
vn -1.8679934 2.5253181 3.1718524
v -0.1767530 0.1330060 0.2555310
vn -3.7356629 5.0507936 -0.0283058
v -0.1767360 0.1329680 0.2376570
vn -3.7379265 5.0489063 -0.0591101
v -0.1766610 0.1328730 0.2197800
vn -3.7411723 5.0459661 -0.0936662
v -0.1765300 0.1327010 0.2018950
vn -3.9092884 4.9153409 -0.1510142
v -0.1638460 0.1413960 0.1598790
vn -3.9232419 4.9027324 -0.1914446
v -0.1627420 0.1414910 0.1374300
vn -3.9172833 4.9099197 -0.1194898
v -0.1632510 0.1425020 0.1825590
vn -3.9561043 4.8749900 -0.2214969
v -0.1603110 0.1426730 0.1191150
vn -3.9261279 4.9035797 -0.0875733
v -0.1624030 0.1435890 0.2019340
vn -2.0334201 3.1740119 -3.2038321
v -0.1581890 0.1435690 0.1015200
vn -1.9616023 2.4533098 3.1718090
v -0.1626220 0.1438750 0.2555310
vn -3.9231262 4.9065733 -0.0281865
v -0.1626030 0.1438360 0.2376710
vn -3.9233718 4.9061284 -0.0561645
v -0.1625300 0.1437410 0.2198060
vn -2.0524027 2.3778684 3.1719182
v -0.1488760 0.1552960 0.2555310
vn -2.1393735 2.2999616 3.1712089
v -0.1355610 0.1672320 0.2555310
vn -2.2249770 2.2171597 3.1750340
v -0.1226790 0.1796640 0.2555310
vn -2.3081222 2.1304767 3.1740205
v -0.1102620 0.1926110 0.2555310
vn -2.3702121 2.0617454 3.1577964
v -0.0973720 0.2071220 0.2555310
vn -4.0955482 4.7614708 -0.1424895
v -0.1495780 0.1532750 0.1624680
vn -4.1057425 4.7515392 -0.1767303
v -0.1484720 0.1535040 0.1411840
vn -4.1075211 4.7519503 -0.1108504
v -0.1485160 0.1547620 0.1840980
vn -4.1239629 4.7345810 -0.2071057
v -0.1472490 0.1537710 0.1215310
vn -4.1049252 4.7548604 -0.0849163
v -0.1486800 0.1549910 0.2019330
vn -2.0691695 2.9048531 -3.2459831
v -0.1451860 0.1547240 0.1034890
vn -4.1056366 4.7547112 -0.0560898
v -0.1487920 0.1551630 0.2197990
vn -4.1048999 4.7555561 -0.0272647
v -0.1488570 0.1552580 0.2376650
vn -4.2797222 4.5988789 -0.0265046
v -0.1355420 0.1671940 0.2376570
vn -4.4496956 4.4346828 -0.0263196
v -0.1226600 0.1796460 0.2376390
vn -4.6160340 4.2610240 -0.0264867
v -0.1102430 0.1925730 0.2376170
vn -4.7410913 4.1227403 -0.0232553
v -0.0973720 0.2070840 0.2376020
vn -4.2839413 4.5929604 -0.1357235
v -0.1352430 0.1661840 0.1645660
vn -4.2833691 4.5923123 -0.1678143
v -0.1353970 0.1653450 0.1440570
vn -4.2903132 4.5879111 -0.1043443
v -0.1348940 0.1670230 0.1841860
vn -4.2923899 4.5829167 -0.1936512
v -0.1347090 0.1652110 0.1243020
vn -4.2825017 4.5955772 -0.0806069
v -0.1353680 0.1669270 0.2019070
vn -2.1527219 2.8297262 -3.2401037
v -0.1325770 0.1663550 0.1055400
vn -4.2793779 4.5990186 -0.0552727
v -0.1354810 0.1670990 0.2197830
vn -4.4504800 4.4335151 -0.0524009
v -0.1226050 0.1795310 0.2197710
vn -4.6206832 4.2558384 -0.0490204
v -0.1098540 0.1928400 0.2198310
vn -4.7424488 4.1209941 -0.0479848
v -0.0973720 0.2069310 0.2196730
vn -4.4598289 4.4225492 -0.1280164
v -0.1217140 0.1793590 0.1665620
vn -4.4591365 4.4240580 -0.1018593
v -0.1218920 0.1796460 0.1842520
vn -4.4608340 4.4205461 -0.1563689
v -0.1216610 0.1787680 0.1467230
vn -4.4653716 4.4149008 -0.1833863
v -0.1212990 0.1783680 0.1268840
vn -4.4566298 4.4270687 -0.0752366
v -0.1222020 0.1796830 0.2018860
vn -2.2314029 2.7527609 -3.2313602
v -0.1203810 0.1784440 0.1076710
vn -4.6226540 4.2534075 -0.0738393
v -0.1095850 0.1928780 0.2019830
vn -4.7432938 4.1196404 -0.0724288
v -0.0973720 0.2066640 0.2017450
vn -4.6258659 4.2488647 -0.1216121
v -0.1093390 0.1923250 0.1662840
vn -4.6240120 4.2514200 -0.0981182
v -0.1094250 0.1926880 0.1841330
vn -4.6262631 4.2476292 -0.1471758
v -0.1092920 0.1918100 0.1484400
vn -4.6310749 4.2413568 -0.1746709
v -0.1088510 0.1915440 0.1287290
vn -2.3091388 2.6709948 -3.2238145
v -0.1086490 0.1909330 0.1098710
vn -4.7439070 4.1184940 -0.0948184
v -0.0973720 0.2063020 0.1838180
vn -4.7436428 4.1182308 -0.1178690
v -0.0973720 0.2058440 0.1658940
vn -4.7443156 4.1166472 -0.1424789
v -0.0973720 0.2052720 0.1479720
vn -4.7456274 4.1142654 -0.1667109
v -0.0973720 0.2046050 0.1300550
vn -2.3696167 2.6051450 -3.2017074
v -0.0973720 0.2038230 0.1121440
vn 2.0035090 2.7165685 -2.8825581
v 0.1809440 0.0459620 0.0345540
vn 2.3403699 2.4634893 -3.5874190
v 0.1665920 0.0388690 0.0212720
vn -0.0183083 5.8525882 -2.0484900
v 0.1627670 0.0459620 0.0345540
vn -0.0195209 5.6066608 -2.8186550
v 0.1585150 0.0411960 0.0260140
vn 2.5715027 2.6016197 -3.1953154
v 0.1527680 0.0330350 0.0068130
vn 2.5878174 2.7217014 -2.7917392
v 0.1396340 0.0287060 -0.0087310
vn 2.6382346 2.8362350 -2.2771091
v 0.1270300 0.0260560 -0.0256520
vn 1.9917243 0.1760776 -5.5180078
v 0.1518280 0.1435690 0.1015200
vn 0.0293656 5.7242575 -2.5501688
v 0.1419700 0.0389650 0.0215270
vn 0.0109684 5.8561487 -2.0406532
v 0.1445900 0.0459620 0.0345540
vn -0.0384871 6.0368543 -1.6590365
v 0.1156280 0.0304030 -0.0017830
vn -0.0116703 6.2196031 -0.8577492
v 0.1080850 0.0260560 -0.0256520
vn 2.1163766 0.4113975 -5.4190073
v 0.1440290 0.1275340 0.0977300
vn -0.0162002 1.2284139 -6.1602488
v 0.1324510 0.1435690 0.1015200
vn -0.0328918 1.6034403 -6.0648556
v 0.1324300 0.1327010 0.0991640
vn -0.0109437 5.8500395 -2.0512719
v 0.1264120 0.0459620 0.0345540
vn 2.2228706 0.7282754 -5.2712913
v 0.1350140 0.1126230 0.0923630
vn -0.0221780 5.6573343 -2.7059805
v 0.1199500 0.0408710 0.0253710
vn -0.0672771 5.8249674 -2.3150563
v 0.1038650 0.0360280 0.0149620
vn 0.0001466 6.2246771 -0.8286539
v 0.0891390 0.0260560 -0.0256520
vn -0.0168867 6.1013999 -1.4404597
v 0.0866600 0.0294120 -0.0056420
vn -0.0380475 5.9099836 -2.1079593
v 0.0819180 0.0339500 0.0093830
vn 0.0105383 1.9826008 -5.9449778
v 0.1182820 0.1247500 0.0968640
vn 0.0140323 1.2874221 -6.1465111
v 0.1130770 0.1435690 0.1015200
vn 0.0022060 5.8321528 -2.0846069
v 0.1082350 0.0459620 0.0345540
vn -0.0080734 5.5408964 -2.9531322
v 0.1099820 0.0424160 0.0283340
vn 2.2394214 1.0007522 -5.1045456
v 0.1251980 0.0987990 0.0856130
vn -0.0362824 2.7615492 -5.6251707
v 0.1062470 0.1042710 0.0885040
vn 0.0174978 5.6130466 -2.8103042
v 0.0965130 0.0407380 0.0251290
vn -0.0361482 5.6691456 -2.6918681
v 0.0793290 0.0390410 0.0216590
vn 0.0023607 6.2234383 -0.8361601
v 0.0701940 0.0260560 -0.0256520
vn 0.0034057 6.1028681 -1.4422776
v 0.0692880 0.0296220 -0.0048030
vn -0.0021894 5.9279771 -2.0677459
v 0.0695200 0.0338740 0.0091640
vn -0.0044454 5.7732353 -2.4734454
v 0.0702720 0.0373060 0.0178320
vn -0.0000895 1.2938719 -6.1450148
v 0.0937000 0.1435690 0.1015200
vn -0.0103020 1.9090252 -5.9704933
v 0.0901710 0.1252260 0.0970200
vn -0.0240382 2.6325798 -5.6914563
v 0.0850410 0.1075320 0.0900900
vn 0.0118004 5.8511963 -2.0507970
v 0.0900580 0.0459620 0.0345540
vn 2.2909563 1.3247306 -4.8619018
v 0.1148690 0.0860620 0.0776120
vn -0.0208091 3.3871469 -5.2784648
v 0.0970370 0.0910950 0.0809910
vn -0.0431268 3.1877687 -5.4053969
v 0.0801390 0.0952330 0.0835550
vn 2.3850417 1.6114285 -4.5904188
v 0.1042040 0.0744300 0.0684720
vn 0.3138125 5.4428368 -3.0705729
v 0.0718810 0.0459620 0.0345520
vn 0.0825479 5.5972338 -2.8320153
v 0.0612240 0.0400130 0.0236630
vn 0.0059235 6.2203040 -0.8541815
v 0.0512480 0.0260560 -0.0256520
vn 0.0476748 6.0718827 -1.5487489
v 0.0516600 0.0300980 -0.0029400
vn 0.0916132 5.8461399 -2.2703152
v 0.0552860 0.0352080 0.0127330
vn -0.0009529 1.2913260 -6.1456466
v 0.0743240 0.1435690 0.1015200
vn -0.0070369 1.8709850 -5.9845357
v 0.0726130 0.1255890 0.0971330
vn -0.0152761 2.5662658 -5.7243075
v 0.0701420 0.1090190 0.0907800
vn -0.0058529 3.0620108 -5.4813137
v 0.0681860 0.0971400 0.0846700
vn -0.0155769 3.8572087 -4.9448109
v 0.0890250 0.0812760 0.0740810
vn -0.0223740 3.6598315 -5.0978198
v 0.0755590 0.0862520 0.0777440
vn 0.0056817 3.4776344 -5.2279892
v 0.0677220 0.0902180 0.0804300
vn 2.4672842 1.8437536 -4.3050566
v 0.0934790 0.0638670 0.0582740
vn 0.0000566 4.3058701 -4.5548825
v 0.0785090 0.0705790 0.0650050
vn 2.4944866 2.0854735 -3.9886131
v 0.0827150 0.0544280 0.0470590
vn 0.0419660 5.0948448 -3.6532073
v 0.0579750 0.0524070 0.0443150
vn 0.0068804 4.6809101 -4.1738358
v 0.0678560 0.0607210 0.0547740
vn -0.0067285 5.4159083 -3.1553252
v 0.0466770 0.0447990 0.0326090
vn -0.0348337 5.7105222 -2.5835865
v 0.0368200 0.0382590 0.0199620
vn -0.0025447 6.2154164 -0.8803611
v 0.0323020 0.0260560 -0.0256520
vn -0.0293458 6.0174131 -1.7456870
v 0.0280270 0.0314520 0.0018290
vn 0.0022005 1.2965810 -6.1443424
v 0.0549490 0.1435690 0.1015200
vn 0.0005063 1.8862484 -5.9805956
v 0.0549490 0.1247880 0.0968790
vn 0.0017133 2.5656457 -5.7248220
v 0.0549530 0.1095150 0.0910080
vn 0.0115096 3.1741621 -5.4149451
v 0.0543160 0.0951760 0.0835230
vn 0.0041400 3.7238848 -5.0500841
v 0.0571150 0.0850700 0.0769030
vn 0.0398790 4.0333033 -4.8010235
v 0.0657410 0.0773290 0.0709350
vn 0.0350467 4.4298320 -4.4314189
v 0.0545750 0.0671470 0.0616610
vn 0.0016821 4.8267803 -3.9956775
v 0.0425650 0.0576130 0.0510950
vn -0.0013303 5.2115364 -3.4828708
v 0.0319710 0.0496040 0.0402970
vn 0.0066856 5.5135989 -2.9895279
v 0.0220210 0.0420350 0.0276210
vn 0.0094590 5.8002548 -2.3851044
v 0.0134010 0.0361240 0.0150200
vn 0.0001533 6.2230096 -0.8379320
v 0.0133570 0.0260560 -0.0256520
vn -0.0457966 6.0996847 -1.4489652
v 0.0106420 0.0296220 -0.0048280
vn -0.1077360 5.9519496 -1.9785234
v 0.0059490 0.0326150 0.0055280
vn -0.0000635 1.2989633 -6.1437764
v 0.0355730 0.1435690 0.1015200
vn 0.0072573 1.9036348 -5.9733667
v 0.0355730 0.1248070 0.0968850
vn 0.0140911 2.6772480 -5.6712680
v 0.0355440 0.1068830 0.0897840
vn 0.0201811 3.3518929 -5.3030787
v 0.0373250 0.0920300 0.0815820
vn -0.0066361 4.0279884 -4.8022480
v 0.0384040 0.0779580 0.0714550
vn -0.0340588 4.5807343 -4.2754650
v 0.0255350 0.0634090 0.0577840
vn 0.0225312 5.0159140 -3.7593603
v 0.0162270 0.0540090 0.0464870
vn 0.0269032 5.3590727 -3.2480168
v 0.0064520 0.0460010 0.0346380
vn 0.0223533 5.6680875 -2.6775179
v -0.0024410 0.0387170 0.0209480
vn 0.0176246 5.9232063 -2.0684445
v -0.0057510 0.0330350 0.0067710
vn -0.0061302 6.2248044 -0.8279437
v -0.0055890 0.0260560 -0.0256520
vn -0.0019644 6.1172271 -1.3851868
v -0.0055930 0.0293160 -0.0060580
vn -0.0002425 1.2987201 -6.1438460
v 0.0161960 0.1435690 0.1015200
vn -0.0005864 1.9081030 -5.9716101
v 0.0161960 0.1248450 0.0968960
vn 0.0005717 2.6685061 -5.6747169
v 0.0161480 0.1069980 0.0898380
vn 0.0008149 3.3226192 -5.3210468
v 0.0148590 0.0923540 0.0817960
vn -0.0303263 3.9060063 -4.9083138
v 0.0124840 0.0796930 0.0728520
vn -0.0586900 4.3937016 -4.4767742
v 0.0074970 0.0687480 0.0632550
vn -0.0103871 4.7671661 -4.0725088
v 0.0004610 0.0607210 0.0547890
vn 0.0000156 6.2259932 -0.8213050
v -0.0245340 0.0260560 -0.0256520
vn -0.0002634 1.2979462 -6.1440401
v -0.0031800 0.1435690 0.1015200
vn -0.0004788 1.2965319 -6.1443796
v -0.0225550 0.1435690 0.1015200
vn -0.0009340 1.2937714 -6.1450419
v -0.0419320 0.1435690 0.1015200
vn -0.0014770 1.2891815 -6.1461544
v -0.0613080 0.1435690 0.1015200
vn -0.0016844 1.2836194 -6.1475310
v -0.0806830 0.1435690 0.1015200
vn -0.0088408 5.1443629 -3.5758691
v -0.0091920 0.0513200 0.0427880
vn -0.0159796 5.5525703 -2.9028130
v -0.0178890 0.0412910 0.0261990
vn -0.0111629 5.8973207 -2.1337428
v -0.0232740 0.0336070 0.0084530
vn 0.0024262 6.1134243 -1.3982110
v -0.0245360 0.0292210 -0.0064510
vn -0.0011070 1.9044175 -5.9729595
v -0.0031800 0.1249020 0.0969150
vn 0.0021571 2.6692195 -5.6739817
v -0.0032660 0.1072080 0.0899360
vn 0.0019699 3.3307512 -5.3159733
v -0.0051640 0.0918770 0.0814890
vn 0.0279308 3.8803144 -4.9313879
v -0.0047080 0.0796360 0.0728110
vn 0.0902262 4.2448850 -4.6196871
v -0.0028320 0.0713800 0.0657500
vn 0.0798488 4.5285478 -4.3350258
v -0.0114560 0.0658500 0.0603580
vn -0.0368286 4.9586530 -3.8274961
v -0.0258210 0.0548670 0.0476350
vn -0.0006308 6.2261686 -0.8201222
v -0.0434800 0.0260560 -0.0256520
vn 0.0031587 6.1112323 -1.4060078
v -0.0434800 0.0291830 -0.0066720
vn -0.0021552 1.8970505 -5.9757447
v -0.0225550 0.1250170 0.0969500
vn -0.0030633 1.8849026 -5.9802523
v -0.0419300 0.1252070 0.0970100
vn -0.0037481 1.8686898 -5.9859843
v -0.0613040 0.1255320 0.0971150
vn -0.0019613 1.8465459 -5.9935822
v -0.0806690 0.1260650 0.0972810
vn -0.0014059 1.2775444 -6.1489944
v -0.1000590 0.1435690 0.1015200
vn -0.0048657 1.8248924 -6.0008082
v -0.0988480 0.1265990 0.0974460
vn -0.0270965 5.4420066 -3.1126535
v -0.0402290 0.0453520 0.0335300
vn 0.0133492 5.8578758 -2.2266612
v -0.0438840 0.0341210 0.0098790
vn 0.0021097 2.6687648 -5.6735935
v -0.0227040 0.1075890 0.0901130
vn 0.0133688 3.3911462 -5.2731180
v -0.0232410 0.0911720 0.0810410
vn 0.0353458 4.1614933 -4.6839595
v -0.0230980 0.0741630 0.0682530
vn -0.0212550 4.7352271 -4.1107564
v -0.0399580 0.0580320 0.0516260
vn 0.0070531 5.1363635 -3.6075656
v -0.0469810 0.0513970 0.0429040
vn -0.0002631 6.2265902 -0.8174586
v -0.0624250 0.0260560 -0.0256520
vn -0.0007937 6.1101871 -1.4079710
v -0.0624250 0.0291450 -0.0067960
vn -0.0006505 5.8627005 -2.2159171
v -0.0636340 0.0341410 0.0099060
vn -0.0040718 2.6445181 -5.6853123
v -0.0421760 0.1082180 0.0904140
vn -0.0053591 2.6031568 -5.7057543
v -0.0608430 0.1090380 0.0907900
vn -0.0043558 2.5526371 -5.7298951
v -0.0812930 0.1100680 0.0912490
vn -0.0232641 2.5050697 -5.7528720
v -0.0986330 0.1106210 0.0914960
vn 0.0093085 1.2846675 -6.1472316
v -0.1194360 0.1435690 0.1015200
vn 0.0160477 1.7883371 -6.0120082
v -0.1164270 0.1271520 0.0976100
vn 0.0038879 2.3979588 -5.8004460
v -0.1147560 0.1122220 0.0921980
vn -0.0105776 5.5064578 -2.9975123
v -0.0605910 0.0439600 0.0311470
vn 0.0067028 5.1195483 -3.6285677
v -0.0591150 0.0515110 0.0430550
vn 0.0101497 3.3408370 -5.3048954
v -0.0447210 0.0924680 0.0818670
vn 0.0182229 4.0583735 -4.7714620
v -0.0480220 0.0767380 0.0704440
vn -0.0081843 4.6500053 -4.2025757
v -0.0560870 0.0605870 0.0546210
vn 0.0003345 6.2267246 -0.8165500
v -0.0813710 0.0260560 -0.0256520
vn 0.0024006 6.1092410 -1.4102657
v -0.0813710 0.0291260 -0.0068640
vn -0.0065878 5.8638124 -2.2151742
v -0.0816820 0.0342740 0.0102560
vn -0.0077696 5.5115499 -2.9903359
v -0.0807420 0.0435980 0.0304850
vn -0.0082796 3.2621155 -5.3547196
v -0.0644680 0.0944890 0.0831130
vn -0.0011245 3.1834116 -5.4040537
v -0.0840980 0.0962440 0.0841510
vn -0.0446267 3.0593812 -5.4796343
v -0.1016910 0.0992940 0.0858790
vn 0.0079369 2.8824244 -5.5789375
v -0.1157940 0.1027840 0.0877500
vn 0.0111688 1.3225856 -6.1378236
v -0.1388100 0.1435690 0.1015200
vn 0.0209528 1.8865131 -5.9797301
v -0.1317270 0.1244070 0.0967530
vn 0.0328193 2.4442322 -5.7808881
v -0.1262730 0.1111350 0.0917270
vn 0.0379789 2.8101888 -5.6151090
v -0.1237530 0.1044810 0.0886120
vn 0.0033394 5.1143265 -3.6331661
v -0.0800000 0.0514540 0.0429840
vn -0.0006333 4.5888948 -4.2649183
v -0.0793590 0.0620940 0.0563370
vn 0.0095629 3.9341075 -4.8741527
v -0.0700890 0.0799600 0.0730590
vn 0.0002128 6.2265978 -0.8172266
v -0.1003170 0.0260560 -0.0256520
vn 0.0021490 6.1088033 -1.4123495
v -0.1003170 0.0291260 -0.0069040
vn -0.0013771 5.8690910 -2.2036738
v -0.1003490 0.0343880 0.0105840
vn -0.0022178 5.5409226 -2.9363322
v -0.1000340 0.0425110 0.0285000
vn -0.0071295 5.1308308 -3.6077325
v -0.1003470 0.0512250 0.0426470
vn -0.0204157 3.8137674 -4.9705868
v -0.0893220 0.0829540 0.0753530
vn -0.0305061 3.5408118 -5.1809464
v -0.1068320 0.0881210 0.0790340
vn 0.0058715 3.2768028 -5.3556204
v -0.1198280 0.0940700 0.0828580
vn 0.0392768 2.9881594 -5.5220375
v -0.1294060 0.0999620 0.0862550
vn -0.0071110 2.0327635 -5.9290857
v -0.1464540 0.1211650 0.0956640
vn 0.0471720 2.6470015 -5.6876740
v -0.1367720 0.1073790 0.0900190
vn -0.0246300 4.5593147 -4.2997389
v -0.1027190 0.0634470 0.0578280
vn -0.0006266 6.2266617 -0.8167446
v -0.1192620 0.0260560 -0.0256520
vn -0.0012684 6.1081772 -1.4151360
v -0.1192620 0.0291260 -0.0069250
vn 0.0000348 5.8679376 -2.2074444
v -0.1192790 0.0344840 0.0108300
vn -0.0010959 5.5381532 -2.9415107
v -0.1190660 0.0424730 0.0284430
vn 0.0060258 5.1828561 -3.5383480
v -0.1180440 0.0510150 0.0423490
vn -0.0193334 4.7862844 -4.0570884
v -0.1171130 0.0584520 0.0521170
vn -0.0408755 4.1606112 -4.6929011
v -0.1173210 0.0742020 0.0682910
vn -0.0010237 3.7644584 -5.0226407
v -0.1289010 0.0829350 0.0753320
vn 0.0841956 3.3415382 -5.3103056
v -0.1396720 0.0919530 0.0815360
vn 0.0339011 2.9430995 -5.5350094
v -0.1489870 0.1014300 0.0870370
vn 0.0441600 2.3859377 -5.7973909
v -0.1607910 0.1147390 0.0932420
vn 0.0269227 4.6019683 -4.2616568
v -0.1271940 0.0635050 0.0578680
vn 0.0000945 6.2270079 -0.8145422
v -0.1382080 0.0260560 -0.0256520
vn -0.0006009 6.1071377 -1.4168259
v -0.1382080 0.0291070 -0.0069390
vn -0.0008581 5.8664060 -2.2118845
v -0.1382170 0.0345410 0.0109790
vn 0.0115329 5.5138803 -2.9808397
v -0.1380910 0.0424730 0.0284410
vn 0.0629965 5.0224619 -3.7498052
v -0.1347620 0.0538950 0.0463340
vn 0.0064191 4.3325429 -4.5336046
v -0.1413690 0.0708840 0.0652820
vn 0.0626211 3.7843857 -5.0007882
v -0.1533930 0.0806270 0.0735820
vn 0.0200905 3.2993083 -5.3247113
v -0.1649440 0.0934220 0.0824620
vn -0.0464491 2.7016101 -5.6530366
v -0.1764440 0.1069220 0.0898030
vn 0.0177237 4.8608351 -3.9490893
v -0.1560490 0.0577650 0.0512880
vn 0.0000924 6.2270107 -0.8144351
v -0.1571530 0.0260560 -0.0256520
vn -0.0000389 6.1073179 -1.4163859
v -0.1571530 0.0291070 -0.0069440
vn -0.0018945 5.8655753 -2.2129312
v -0.1571590 0.0345600 0.0110650
vn -0.0069668 5.4911356 -3.0167561
v -0.1570860 0.0424730 0.0284410
vn -0.0057487 4.2553768 -4.5969739
v -0.1695340 0.0718560 0.0661700
vn -0.0168466 3.6473675 -5.0964966
v -0.1806620 0.0839260 0.0760730
vn -0.0606032 3.2021255 -5.3900380
v -0.1918010 0.0969300 0.0845550
vn -0.0655096 5.0558357 -3.7037358
v -0.1800270 0.0523690 0.0442810
vn -0.0964427 4.6123176 -4.2486973
v -0.1877780 0.0637530 0.0581490
vn -0.0149185 5.5257816 -2.9639416
v -0.1760610 0.0424730 0.0284370
vn 0.0000552 6.2270188 -0.8142995
v -0.1760990 0.0260560 -0.0256520
vn 0.0003137 6.1072865 -1.4165514
v -0.1760990 0.0291070 -0.0069480
vn -0.0025712 5.8667226 -2.2107396
v -0.1761030 0.0345790 0.0111130
vn 0.0532618 4.0256395 -4.8064938
v -0.1964740 0.0752500 0.0691880
vn -0.0573357 3.6059587 -5.1289344
v -0.2072760 0.0876820 0.0787350
vn 0.0070487 5.2271509 -3.4742854
v -0.1960780 0.0495850 0.0402730
vn 0.0516173 4.8759017 -3.9491198
v -0.2024640 0.0570790 0.0504550
vn -0.0074679 5.5694661 -2.8874958
v -0.1944210 0.0419010 0.0273720
vn 0.0515615 4.4043498 -4.4587030
v -0.2125220 0.0673750 0.0618880
vn 0.0003816 5.8713894 -2.2011092
v -0.1950460 0.0345980 0.0111390
vn 0.0000731 6.2270331 -0.8141255
v -0.1950440 0.0260560 -0.0256520
vn 0.0005539 6.1068654 -1.4179680
v -0.1950440 0.0291070 -0.0069500
vn -0.0577823 3.9701979 -4.8531899
v -0.2229920 0.0791400 0.0724150
vn 0.1032607 5.3030705 -3.3496451
v -0.2082750 0.0476980 0.0373720
vn 0.0840117 5.0674849 -3.6887689
v -0.2165600 0.0524640 0.0443990
vn 0.0302990 5.5680451 -2.8883085
v -0.2114410 0.0417870 0.0271480
vn 0.0001575 4.7089810 -4.1322989
v -0.2275390 0.0612550 0.0553860
vn -0.0013268 5.8718281 -2.1995921
v -0.2139920 0.0345980 0.0111560
vn -0.0403470 4.3031683 -4.5621104
v -0.2388270 0.0712840 0.0656600
vn -0.0001540 6.1069441 -1.4177363
v -0.2139900 0.0291070 -0.0069520
vn 0.0000776 6.2270479 -0.8139467
v -0.2139900 0.0260560 -0.0256520
vn 0.0205069 5.4005485 -3.1743069
v -0.2301520 0.0448180 0.0326460
vn -0.0124285 4.9735880 -3.8093407
v -0.2447710 0.0553820 0.0483020
vn -0.0026638 5.8564186 -2.2330856
v -0.2329350 0.0345980 0.0111640
vn -0.0310193 4.6130481 -4.2491159
v -0.2549300 0.0640960 0.0585090
vn -0.0000349 6.1070795 -1.4172790
v -0.2329350 0.0291070 -0.0069520
vn -0.0008860 6.2268333 -0.8161030
v -0.2329350 0.0260560 -0.0256520
vn -0.0090641 5.8845592 -2.1699800
v -0.2538030 0.0344650 0.0107690
vn -0.0199076 5.5455499 -2.9246840
v -0.2554330 0.0413670 0.0263650
vn -0.0355264 5.2206645 -3.4679267
v -0.2627930 0.0491470 0.0396090
vn -0.0442017 4.8902717 -3.9267271
v -0.2710110 0.0575750 0.0510710
vn -0.0005603 6.1075940 -1.4156169
v -0.2518810 0.0291070 -0.0069540
vn 0.0000673 6.2267361 -0.8170573
v -0.2518810 0.0260560 -0.0256520
vn -0.0037878 6.1093001 -1.4098812
v -0.2708270 0.0291070 -0.0069520
vn -0.0142296 5.9003563 -2.1344995
v -0.2694440 0.0344650 0.0107880
vn -0.0120442 5.6446915 -2.7422943
v -0.2716670 0.0392320 0.0220380
vn -0.0072908 5.3916411 -3.2052898
v -0.2784190 0.0451040 0.0331110
vn 0.0215570 5.1245022 -3.6155298
v -0.2871640 0.0517210 0.0433650
vn 0.0000750 6.2267590 -0.8168290
v -0.2708270 0.0260560 -0.0256520
vn -0.0025626 6.2272568 -0.8136590
v -0.2897720 0.0260560 -0.0256520
vn 0.0149433 6.1078014 -1.4156716
v -0.2868750 0.0290880 -0.0070720
vn 0.0450862 5.9174471 -2.0812275
v -0.2845290 0.0339500 0.0093890
vn 0.0861106 5.7248154 -2.5688105
v -0.2818930 0.0379160 0.0191840
vn 0.0690627 5.5686293 -2.8828146
v -0.2903400 0.0412910 0.0262070
vn 0.0177833 5.2995167 -3.3449926
v -0.3012970 0.0476210 0.0372410
vn -0.0018673 6.2287154 -0.8044760
v -0.3087180 0.0260560 -0.0256520
vn -0.0183311 6.1064863 -1.4149041
v -0.3063970 0.0289160 -0.0077720
vn 0.0122448 5.8127422 -2.3387198
v -0.3030890 0.0357230 0.0140360
vn -0.0000384 5.5041866 -2.9951391
v -0.3182660 0.0429500 0.0293200
vn 0.0016206 6.2293959 -0.7999915
v -0.3276630 0.0260560 -0.0256520
vn -0.0044170 6.1293979 -1.3318806
v -0.3267330 0.0287630 -0.0084600
vn -0.0263456 5.9148397 -2.0853536
v -0.3284790 0.0332250 0.0073220
vn -0.0211736 5.6750026 -2.6617935
v -0.3351380 0.0386210 0.0207570
vn 0.0003299 6.2288532 -0.8030041
v -0.3466090 0.0260560 -0.0256520
vn 0.0323666 6.1240740 -1.3515486
v -0.3449060 0.0288590 -0.0080580
vn 0.1030955 5.9766340 -1.8975731
v -0.3415060 0.0322340 0.0043660
vn -0.0099712 5.8362274 -2.2912591
v -0.3504530 0.0352660 0.0129010
vn 0.0007475 6.2220769 -0.8435106
v -0.3655540 0.0260560 -0.0256520
vn 0.0261741 6.0510359 -1.6294169
v -0.3643250 0.0304220 -0.0017350
vn 0.0001836 6.2282996 -0.8065170
v -0.3845000 0.0260560 -0.0256520
vn -0.0444077 6.1091948 -1.4054784
v -0.3887250 0.0289160 -0.0078250
vn -0.0211728 6.2340984 -0.7683387
v -0.4034450 0.0260560 -0.0256520
vn -0.0338925 6.1664734 -1.1702275
v -0.4053350 0.0280010 -0.0121960
vn -0.0081457 6.2423816 -0.7093497
v -0.4223910 0.0260560 -0.0256520
vn 0.0101289 6.1975164 -1.0141679
v -0.4222800 0.0272950 -0.0161080
vn 0.0119542 6.2433763 -0.7010813
v -0.4413360 0.0260560 -0.0256520
vn -0.0027032 6.2184277 -0.8817878
v -0.4352810 0.0266850 -0.0201600
vn 1.1814041 -3.2829146 -2.2226474
v -0.0267250 -0.4964150 -0.1689160
vn 0.3067842 -3.5780463 -2.3718750
v -0.0450090 -0.5000000 -0.1682850
vn -0.0000499 -3.6411076 -2.5602994
v -0.0640580 -0.5000000 -0.1682850
vn 0.0000122 -3.6410909 -2.5603030
v -0.0831060 -0.5000000 -0.1682850
vn -0.0000669 -3.6408966 -2.5603371
v -0.1021550 -0.5000000 -0.1682850
vn 0.0001413 -3.6411805 -2.5602870
v -0.1212030 -0.5000000 -0.1682850
vn -0.0000655 -3.6413128 -2.5602636
v -0.1402520 -0.5000000 -0.1682850
vn -0.3078250 -3.5777063 -2.3712234
v -0.1593000 -0.5000000 -0.1682850
vn -1.1775897 -3.2871408 -2.2273865
v -0.1775270 -0.4964150 -0.1689140
vn -2.1777093 -2.6282411 -2.3402445
v -0.1929530 -0.4862900 -0.1707010
vn 2.1833644 -2.6244695 -2.3428743
v -0.0112730 -0.4862140 -0.1707140
vn -0.0000044 -1.0907992 -6.1877756
v -0.0230340 -0.4757650 -0.1725580
vn -0.0002092 -1.0911311 -6.1877174
v -0.0346210 -0.4795210 -0.1718940
vn -0.0000710 -1.0907381 -6.1877871
v -0.0483480 -0.4829730 -0.1712860
vn -0.0000776 -1.0907471 -6.1877856
v -0.0654760 -0.4839830 -0.1711070
vn -0.0002134 -1.0905783 -6.1878152
v -0.0836950 -0.4838880 -0.1711240
vn 0.0000450 -1.0906075 -6.1878099
v -0.1029780 -0.4832210 -0.1712400
vn 0.0004555 -1.0906106 -6.1878099
v -0.1212180 -0.4825530 -0.1713600
vn -0.0000270 -1.0905207 -6.1878252
v -0.1381450 -0.4813330 -0.1715760
vn 0.0000561 -1.0907946 -6.1877770
v -0.1537730 -0.4796170 -0.1718770
vn -2.8473470 -1.6404096 -2.5071156
v -0.2033350 -0.4710360 -0.1733890
vn -0.0002934 -1.0909212 -6.1877546
v -0.1699040 -0.4762040 -0.1724800
vn -0.0001256 -1.0909786 -6.1877441
v -0.1830130 -0.4703690 -0.1735060
vn 0.0004102 -1.0922421 -6.1875210
v -0.1926190 -0.4650680 -0.1744440
vn 1.5711242 1.2904801 -1.8615358
v 0.1472880 -0.0634090 -0.2452660
vn 1.5713491 -1.8483561 -1.3062537
v 0.1472880 -0.2183140 -0.2179500
vn 3.1406293 -0.5576597 -3.1628897
v 0.1472880 -0.1989610 -0.2213650
vn 3.1413090 -0.5586687 -3.1664243
v 0.1472880 -0.0827630 -0.2418510
vn 3.1411037 -0.5577419 -3.1630723
v 0.1472880 -0.1795880 -0.2247780
vn 3.1409936 -0.5581818 -3.1646914
v 0.1472880 -0.1021360 -0.2384360
vn 3.1406274 -0.5578834 -3.1631539
v 0.1472880 -0.1602350 -0.2281930
vn 3.1405382 -0.5578347 -3.1634436
v 0.1472880 -0.1215080 -0.2350230
vn 3.1409714 -0.5578688 -3.1631858
v 0.1472880 -0.1408620 -0.2316080
vn 2.8510940 -1.6336873 -2.5124209
v -0.0009670 -0.4709980 -0.1733970
vn -0.0000936 -1.0905871 -6.1878138
v -0.0203780 -0.4648970 -0.1744720
vn -0.0000250 -1.0904405 -6.1878395
v -0.0367760 -0.4667080 -0.1741540
vn 0.0000993 -1.0909126 -6.1877570
v -0.0512480 -0.4667270 -0.1741500
vn -0.0001148 -1.0911286 -6.1877184
v -0.0676500 -0.4667080 -0.1741540
vn -0.0002361 -1.0910286 -6.1877356
v -0.0845270 -0.4659450 -0.1742870
vn 0.0001993 -1.0914688 -6.1876583
v -0.1022250 -0.4653540 -0.1743920
vn -0.0002134 -1.0911857 -6.1877084
v -0.1202520 -0.4664030 -0.1742070
vn 0.0001713 -1.0903790 -6.1878500
v -0.1356490 -0.4671850 -0.1740680
vn 0.0004430 -1.0905116 -6.1878266
v -0.1488450 -0.4632760 -0.1747580
vn -3.1112747 -0.8124233 -2.8488467
v -0.2069690 -0.4530560 -0.1765620
vn -0.0000953 -1.0908089 -6.1877747
v -0.1658440 -0.4591000 -0.1754960
vn 0.0005736 -1.0906003 -6.1878109
v -0.1927300 -0.4526550 -0.1766310
vn -0.0000480 -1.0908842 -6.1877613
v -0.1798800 -0.4548290 -0.1762470
vn -0.0003773 2.5480192 -3.6406748
v 0.1286970 -0.0634090 -0.2452660
vn -0.0001269 -3.6402283 -2.5508733
v 0.1288490 -0.2183140 -0.2179500
vn -0.0000294 -1.0911520 -6.1877136
v 0.1282940 -0.0827820 -0.2418510
vn -0.0002594 -1.0912101 -6.1877041
v 0.1288450 -0.1994180 -0.2212850
vn 0.0003321 -1.0909269 -6.1877537
v 0.1279260 -0.1795880 -0.2247780
vn 0.0001475 -1.0908115 -6.1877737
v 0.1280100 -0.1021360 -0.2384360
vn -0.0001209 -1.0911624 -6.1877122
v 0.1276920 -0.1602350 -0.2281930
vn -0.0002224 -1.0911704 -6.1877108
v 0.1278430 -0.1215080 -0.2350230
vn -0.0001136 -1.0912449 -6.1876974
v 0.1277450 -0.1408620 -0.2316080
vn 3.1112142 -0.8130348 -2.8480563
v 0.0026600 -0.4530560 -0.1765620
vn -0.0003566 -1.0913098 -6.1876860
v -0.0190830 -0.4495470 -0.1771800
vn -0.0000220 -1.0912957 -6.1876888
v -0.0390410 -0.4500050 -0.1770960
vn 0.0006800 -1.0910923 -6.1877241
v -0.0539080 -0.4502720 -0.1770520
vn -0.0002962 -1.0911953 -6.1877065
v -0.0693370 -0.4523690 -0.1766820
vn 0.0000076 -1.0912362 -6.1876993
v -0.0857220 -0.4507290 -0.1769700
vn -0.0007037 -1.0913476 -6.1876802
v -0.1221530 -0.4529790 -0.1765750
vn 0.0003731 -1.0914183 -6.1876669
v -0.1033160 -0.4485560 -0.1773550
vn -0.0005026 -1.0909052 -6.1877580
v -0.1343960 -0.4574600 -0.1757820
vn 0.0001988 -1.0908525 -6.1877666
v -0.1444350 -0.4510530 -0.1769110
vn -3.1417022 -0.5454686 -3.0938761
v -0.2069690 -0.4331680 -0.1800670
vn 0.0002621 -1.0907404 -6.1877871
v -0.1615200 -0.4434460 -0.1782550
vn 0.0003054 -1.0912588 -6.1876955
v -0.1917910 -0.4353610 -0.1796800
vn 0.0000187 -1.0910523 -6.1877308
v -0.1770080 -0.4385830 -0.1791110
vn -0.0002936 2.5481045 -3.6392615
v 0.1101060 -0.0634090 -0.2452660
vn -0.0001047 -3.6398997 -2.5507538
v 0.1104110 -0.2183140 -0.2179500
vn -0.0001343 -1.0910873 -6.1877251
v 0.1101080 -0.0820190 -0.2419830
vn -0.0001398 -1.0914134 -6.1876683
v 0.1104090 -0.1997240 -0.2212280
vn 0.0000846 -1.0908263 -6.1877713
v 0.1092120 -0.1019260 -0.2384750
vn 0.0002227 -1.0910895 -6.1877251
v 0.1101290 -0.1805800 -0.2246050
vn 0.0000905 -1.0909449 -6.1877508
v 0.1085420 -0.1603110 -0.2281780
vn -0.0002528 -1.0912911 -6.1876893
v 0.1086510 -0.1213750 -0.2350440
vn 0.0001215 -1.0911540 -6.1877136
v 0.1083330 -0.1407860 -0.2316220
vn 1.8243005 -1.8574102 -1.4730048
v 0.0550960 -0.3788640 -0.1896420
vn 3.1399479 -0.5583249 -3.1653895
v 0.0550960 -0.3610350 -0.1927890
vn 0.0003006 -1.0908431 -6.1877685
v -0.0185660 -0.4312230 -0.1804100
vn 3.1416492 -0.5454344 -3.0938821
v 0.0026600 -0.4312230 -0.1804100
vn -0.0000958 -1.0914376 -6.1876636
v -0.0385110 -0.4308040 -0.1804860
vn 0.0000236 -1.0911862 -6.1877084
v -0.0545070 -0.4312040 -0.1804140
vn -0.0001404 -1.0908259 -6.1877708
v -0.0694920 -0.4328440 -0.1801260
vn 0.0002810 -1.0913811 -6.1876736
v -0.0871810 -0.4332250 -0.1800570
vn -0.0000062 -1.0911250 -6.1877189
v -0.1042880 -0.4317760 -0.1803150
vn -0.0005749 -1.0910215 -6.1877375
v -0.1307560 -0.4364670 -0.1794850
vn -3.1421275 -0.5453900 -3.0938900
v -0.2069690 -0.4133000 -0.1835690
vn 0.0001713 -1.0912211 -6.1877012
v -0.1561220 -0.4250640 -0.1814950
vn -0.0002356 -1.0910263 -6.1877360
v -0.1905080 -0.4158360 -0.1831250
vn 0.0003416 -1.0914367 -6.1876636
v -0.1741420 -0.4193820 -0.1824980
vn 0.0005583 2.5478559 -3.6408031
v 0.0915150 -0.0634090 -0.2452660
vn -0.0003531 -3.6399388 -2.5498378
v 0.0919730 -0.2183140 -0.2179500
vn 0.0003311 -1.0909445 -6.1877508
v 0.0915150 -0.0818670 -0.2420100
vn 0.0001787 -1.0913846 -6.1876726
v 0.0919730 -0.1999140 -0.2211960
vn -0.0001095 -1.0911112 -6.1877213
v 0.0915000 -0.1008010 -0.2386730
vn -0.0000068 -1.0911686 -6.1877108
v 0.0918160 -0.1812280 -0.2244920
vn 0.0004218 -1.0909328 -6.1877527
v 0.0901520 -0.1209740 -0.2351150
vn 0.0000657 -1.0910218 -6.1877365
v 0.0910060 -0.1618360 -0.2279110
vn 0.0003572 -1.0910673 -6.1877284
v 0.0896230 -0.1407470 -0.2316290
vn -0.0000394 -3.6397367 -2.5487072
v 0.0735340 -0.2183140 -0.2179500
vn 3.1408613 -0.5578275 -3.1654954
v 0.0550960 -0.3431880 -0.1959330
vn 0.5112712 -3.6008501 -2.5727382
v 0.0375970 -0.3816470 -0.1891520
vn -0.0005640 -1.0911373 -6.1877165
v 0.0375120 -0.3628850 -0.1924590
vn -0.0003310 -1.0910342 -6.1877346
v 0.0369780 -0.3431880 -0.1959330
vn 0.5320865 -3.5976670 -2.5740156
v 0.0201180 -0.3845460 -0.1886400
vn 3.1415362 -0.5455711 -3.0938582
v 0.0026600 -0.4093910 -0.1842600
vn 0.0001962 -1.0909709 -6.1877460
v -0.0367620 -0.4109540 -0.1839850
vn 0.0000709 -1.0913248 -6.1876836
v -0.0179620 -0.4094100 -0.1842560
vn -0.0002754 -1.0909727 -6.1877451
v -0.0551240 -0.4133760 -0.1835580
vn 0.0001263 -1.0911906 -6.1877074
v -0.0697110 -0.4153590 -0.1832070
vn 0.0002648 -1.0904349 -6.1878405
v -0.0849310 -0.4130140 -0.1836230
vn -0.0003035 -1.0907853 -6.1877785
v -0.1034760 -0.4117550 -0.1838440
vn -0.0002212 -1.0913532 -6.1876783
v -0.1266390 -0.4063210 -0.1847990
vn -3.1414800 -0.5457802 -3.0938210
v -0.2069690 -0.3934310 -0.1870740
vn 0.0001958 -1.0915010 -6.1876526
v -0.1503560 -0.4012300 -0.1856990
vn -0.0000068 -1.0910037 -6.1877408
v -0.1886620 -0.3933930 -0.1870800
vn -0.0001222 -1.0909107 -6.1877565
v -0.1711950 -0.3972260 -0.1864050
vn 1.5674621 1.2914257 -1.8552581
v 0.0543330 -0.0051960 -0.2555310
vn 3.1398940 -0.5581661 -3.1655929
v 0.0543330 -0.0246070 -0.2521100
vn 3.1409855 -0.5581044 -3.1673255
v 0.0543330 -0.0439980 -0.2486870
vn -0.0001646 2.5482097 -3.6405401
v 0.0729240 -0.0634090 -0.2452660
vn 3.1408248 -0.5581129 -3.1654470
v 0.0550960 -0.3253410 -0.1990790
vn 0.0001224 -1.0911573 -6.1877136
v 0.0729240 -0.0820000 -0.2419890
vn -0.0000967 -1.0913347 -6.1876822
v 0.0735340 -0.2000290 -0.2211760
vn 0.0001947 -1.0909328 -6.1877527
v 0.0731050 -0.1008770 -0.2386580
vn -0.0001476 -1.0909245 -6.1877542
v 0.0734480 -0.1815900 -0.2244270
vn 0.0002553 -1.0908062 -6.1877751
v 0.0734710 -0.1201350 -0.2352660
vn -0.0002262 -1.0912402 -6.1876979
v 0.0731570 -0.1628280 -0.2277340
vn -0.0001096 -1.0914149 -6.1876678
v 0.0720980 -0.1429020 -0.2312500
vn 3.1406689 -0.5580961 -3.1654460
v 0.0550960 -0.3075130 -0.2022230
vn 3.1408896 -0.5581856 -3.1654389
v 0.0550960 -0.2896650 -0.2053690
vn 3.1408055 -0.5584863 -3.1653821
v 0.0550960 -0.2718370 -0.2085140
vn 3.1404614 -0.5581054 -3.1654303
v 0.0550960 -0.2540090 -0.2116600
vn 3.1408515 -0.5578121 -3.1654968
v 0.0550960 -0.2361620 -0.2148040
vn 0.0000115 -1.0913231 -6.1876841
v 0.0550960 -0.2000860 -0.2211650
vn 1.5702170 -2.3488941 -4.4082847
v 0.0550960 -0.2183140 -0.2179500
vn 0.0002289 -1.0909866 -6.1877432
v 0.0369740 -0.3253410 -0.1990790
vn -0.0000052 -1.0910187 -6.1877375
v 0.0184960 -0.3654590 -0.1920050
vn 0.0003123 -1.0912230 -6.1877012
v 0.0181980 -0.3451900 -0.1955780
vn 0.0002201 -1.0910752 -6.1877275
v 0.0188520 -0.3253600 -0.1990770
vn 0.0000482 -1.0914115 -6.1876678
v -0.0003200 -0.3686240 -0.1914460
vn 1.8383441 -2.3134794 -4.2076869
v 0.0026600 -0.3875580 -0.1881080
vn 0.0002336 -1.0908732 -6.1877632
v -0.0183350 -0.3908760 -0.1875260
vn -0.0002555 -1.0909185 -6.1877546
v -0.0579290 -0.3996470 -0.1859780
vn -0.0002101 -1.0908903 -6.1877604
v -0.0386460 -0.3940220 -0.1869710
vn -0.0002621 -1.0902522 -6.1878729
v -0.0693770 -0.4051200 -0.1850130
vn 0.0001514 -1.0910242 -6.1877351
v -0.0807130 -0.3985410 -0.1861700
vn 0.0001396 -1.0912724 -6.1876922
v -0.1015940 -0.3918100 -0.1873620
vn -0.0000413 -1.0911024 -6.1877232
v -0.1255640 -0.3858420 -0.1884130
vn -3.1411774 -0.5454291 -3.0938828
v -0.2069690 -0.3735630 -0.1905790
vn -0.0001277 -1.0909108 -6.1877565
v -0.1493560 -0.3800840 -0.1894290
vn 0.0003599 -1.0910152 -6.1877375
v -0.1878860 -0.3735440 -0.1905810
vn -0.0001722 -1.0909116 -6.1877561
v -0.1694610 -0.3756790 -0.1902030
vn -0.0003538 2.5495074 -3.6302152
v 0.0359540 -0.0051960 -0.2555310
vn 1.5698463 0.6986583 -4.9471202
v 0.0543330 -0.0634090 -0.2452660
vn -0.0002374 -1.0911461 -6.1877151
v 0.0359580 -0.0235770 -0.2522870
vn 0.0002447 -1.0910646 -6.1877294
v 0.0352730 -0.0439980 -0.2486870
vn -0.0000616 -1.0908418 -6.1877689
v 0.0349850 -0.0634090 -0.2452660
vn 0.0003603 2.5498109 -3.6295948
v 0.0175750 -0.0051960 -0.2555310
vn -0.0006179 2.5497856 -3.6297419
v -0.0008050 -0.0051960 -0.2555310
vn -0.0001577 -1.0910696 -6.1877289
v 0.0543330 -0.0822100 -0.2419510
vn -0.0001982 -1.0908146 -6.1877732
v 0.0369660 -0.3075130 -0.2022230
vn 0.0002036 -1.0909384 -6.1877518
v 0.0546360 -0.1014870 -0.2385530
vn 0.0000056 -1.0910914 -6.1877255
v 0.0550560 -0.1817810 -0.2243930
vn -0.0005910 -1.0914025 -6.1876693
v 0.0551320 -0.1205550 -0.2351890
vn 0.0002341 -1.0911829 -6.1877084
v 0.0549170 -0.1633430 -0.2276440
vn -0.0003263 -1.0910522 -6.1877317
v 0.0544670 -0.1443510 -0.2309940
vn -0.0000400 -1.0912234 -6.1877012
v 0.0369550 -0.2896650 -0.2053690
vn 0.0003589 -1.0918152 -6.1875973
v 0.0369320 -0.2718370 -0.2085140
vn -0.0003044 -1.0907340 -6.1877875
v 0.0368920 -0.2540090 -0.2116600
vn 0.0000808 -1.0906039 -6.1878114
v 0.0368230 -0.2361620 -0.2148040
vn 0.0002917 -1.0911785 -6.1877093
v 0.0367130 -0.2183140 -0.2179500
vn -0.0000027 -1.0911064 -6.1877217
v 0.0365540 -0.1818570 -0.2243800
vn 0.0000790 -1.0912155 -6.1877022
v 0.0366040 -0.2001050 -0.2211630
vn 0.0003896 -1.0906899 -6.1877956
v 0.0188350 -0.3075130 -0.2022210
vn 0.0003312 -1.0913289 -6.1876826
v -0.0008710 -0.3465630 -0.1953400
vn 0.0001592 -1.0910802 -6.1877265
v -0.0002560 -0.3250930 -0.1991250
vn 0.0000006 -1.0908074 -6.1877747
v 0.0007250 -0.3075510 -0.2022180
vn -0.0002742 -1.0912360 -6.1876993
v -0.0200020 -0.3478790 -0.1951070
vn 0.0002749 -1.0909673 -6.1877460
v -0.0187870 -0.3719040 -0.1908690
vn -0.0000559 -1.0908189 -6.1877723
v -0.0408710 -0.3749550 -0.1903310
vn 0.0000784 -1.0912366 -6.1876998
v -0.0682510 -0.3818950 -0.1891090
vn -0.0001128 -1.0907848 -6.1877789
v -0.1000420 -0.3694250 -0.1913070
vn 0.0000640 -1.0909692 -6.1877465
v -0.1247990 -0.3640100 -0.1922600
vn -3.1416624 -0.5453542 -3.0938964
v -0.2069690 -0.3536750 -0.1940830
vn -0.0000943 -1.0909305 -6.1877527
v -0.1483360 -0.3591100 -0.1931260
vn -0.0000830 -1.0910574 -6.1877308
v -0.1874120 -0.3536750 -0.1940830
vn -0.0000317 -1.0912068 -6.1877041
v -0.1686130 -0.3557160 -0.1937230
vn 0.0000299 -1.0910791 -6.1877270
v 0.0175750 -0.0232910 -0.2523390
vn 0.0001361 -1.0908029 -6.1877751
v 0.0348920 -0.0825720 -0.2418860
vn 0.0001182 -1.0910052 -6.1877398
v 0.0164500 -0.0601490 -0.2458400
vn -0.0001736 -1.0911359 -6.1877165
v 0.0174320 -0.0419200 -0.2490570
vn -0.0000959 -1.0909927 -6.1877422
v 0.0152790 -0.0821720 -0.2419580
vn 0.0000000 -1.0915182 -6.1876488
v -0.0008050 -0.0232910 -0.2523390
vn 0.0002004 2.5499957 -3.6285267
v -0.0191840 -0.0051960 -0.2555310
vn 0.0000000 -1.0915182 -6.1876493
v -0.0191840 -0.0232910 -0.2523390
vn -0.0001256 -1.0912933 -6.1876884
v 0.0348710 -0.1018500 -0.2384900
vn 0.0006037 -1.0917528 -6.1876087
v 0.0188040 -0.2896840 -0.2053660
vn -0.0000498 -1.0915942 -6.1876359
v 0.0352560 -0.1204210 -0.2352120
vn 0.0000572 -1.0909445 -6.1877503
v 0.0364860 -0.1635520 -0.2276080
vn -0.0001757 -1.0908383 -6.1877694
v 0.0353680 -0.1419870 -0.2314080
vn 0.0001169 -1.0912021 -6.1877050
v 0.0187450 -0.2718750 -0.2085100
vn -0.0002796 -1.0907177 -6.1877909
v 0.0186390 -0.2540470 -0.2116500
vn 0.0003638 -1.0911531 -6.1877136
v 0.0184520 -0.2362570 -0.2147890
vn -0.0000426 -1.0909942 -6.1877422
v 0.0108340 -0.1628090 -0.2277400
vn 0.0002621 -1.0908176 -6.1877732
v 0.0181890 -0.2184290 -0.2179310
vn 0.0002665 -1.0914054 -6.1876698
v 0.0147300 -0.1817810 -0.2243930
vn -0.0001547 -1.0910062 -6.1877394
v 0.0180820 -0.2001810 -0.2211480
vn -0.0003101 -1.0912399 -6.1876984
v 0.0006770 -0.2897420 -0.2053580
vn -0.0002711 -1.0906417 -6.1878042
v -0.0187420 -0.3220610 -0.1996590
vn -0.0004461 -1.0905557 -6.1878195
v -0.0175770 -0.3055110 -0.2025740
vn -0.0000489 -1.0916343 -6.1876287
v -0.0174090 -0.2897990 -0.2053450
vn 0.0000065 -1.0908898 -6.1877604
v -0.0378640 -0.3174090 -0.2004790
vn -0.0002397 -1.0911161 -6.1877198
v -0.0416890 -0.3464490 -0.1953570
vn 0.0001668 -1.0910436 -6.1877332
v -0.0674760 -0.3443510 -0.1957270
vn 0.0000900 -1.0912750 -6.1876917
v -0.0982420 -0.3415100 -0.1962300
vn -0.0001418 -1.0912149 -6.1877031
v -0.1238710 -0.3376970 -0.1969020
vn -3.1399839 -0.6301892 -3.1290028
v -0.2069690 -0.3338070 -0.1975860
vn -0.0000110 -1.0910051 -6.1877398
v -0.1476940 -0.3351610 -0.1973480
vn -0.0003240 -1.0912328 -6.1876998
v -0.1871370 -0.3333300 -0.1976720
vn 0.0001703 -1.0912558 -6.1876955
v -0.1682940 -0.3343600 -0.1974910
vn -0.0002489 -1.0907383 -6.1877871
v -0.0008050 -0.0413860 -0.2491470
vn -0.0003236 -1.0912869 -6.1876907
v 0.0146290 -0.1023830 -0.2383930
vn 0.0001918 -1.0912845 -6.1876907
v -0.0014170 -0.0784150 -0.2426200
vn 0.0004823 -1.0906590 -6.1878009
v -0.0010700 -0.0595000 -0.2459570
vn 0.0002262 -1.0913098 -6.1876864
v -0.0036630 -0.0981120 -0.2391460
vn 0.0001376 2.5498862 -3.6291585
v -0.0375630 -0.0051960 -0.2555310
vn 0.0000000 -1.0906297 -6.1878061
v -0.0191840 -0.0413860 -0.2491470
vn 0.0000000 -1.0915182 -6.1876493
v -0.0375630 -0.0232910 -0.2523390
vn 0.0000000 -1.0906297 -6.1878061
v -0.0375630 -0.0413860 -0.2491470
vn 0.0001035 -1.0910525 -6.1877313
v 0.0131680 -0.1186290 -0.2355290
vn -0.0002053 -1.0909936 -6.1877422
v 0.0005760 -0.2719520 -0.2084950
vn 0.0001412 -1.0907760 -6.1877799
v 0.0055240 -0.1438360 -0.2310840
vn 0.0004661 -1.0911474 -6.1877146
v 0.0003790 -0.2542000 -0.2116240
vn -0.0002577 -1.0909772 -6.1877441
v -0.0042540 -0.1516730 -0.2297030
vn -0.0002109 -1.0910274 -6.1877360
v 0.0000460 -0.2364860 -0.2147490
vn -0.0003760 -1.0913526 -6.1876779
v -0.0028580 -0.1627900 -0.2277410
vn -0.0000817 -1.0908289 -6.1877713
v -0.0003640 -0.2186200 -0.2178990
vn -0.0000314 -1.0912207 -6.1877022
v -0.0005190 -0.1819720 -0.2243610
vn 0.0000716 -1.0910134 -6.1877384
v -0.0004690 -0.2002570 -0.2211350
vn -0.0000488 -1.0915624 -6.1876411
v -0.0175670 -0.2721040 -0.2084680
vn 0.0010314 -1.0911598 -6.1877127
v -0.0345910 -0.3020780 -0.2031800
vn 0.0000827 -1.0913352 -6.1876817
v -0.0340590 -0.2886170 -0.2055560
vn -0.0003995 -1.0913392 -6.1876807
v -0.0319690 -0.2698920 -0.2088570
vn 0.0001771 -1.0910743 -6.1877275
v -0.0449670 -0.2988560 -0.2037510
vn -0.0001749 -1.0913388 -6.1876807
v -0.0570430 -0.3091520 -0.2019330
vn 0.0000327 -1.0909289 -6.1877532
v -0.0960990 -0.3130040 -0.2012570
vn -0.0002755 -1.0908253 -6.1877713
v -0.1244900 -0.3122990 -0.2013800
vn -3.1225877 -0.8662889 -3.1385512
v -0.2078840 -0.3154260 -0.2008280
vn 0.0000788 -1.0908998 -6.1877584
v -0.1489330 -0.3130230 -0.2012510
vn -0.0001512 -1.0908891 -6.1877604
v -0.1883650 -0.3135380 -0.2011610
vn 0.0001369 -1.0909256 -6.1877542
v -0.1693510 -0.3130420 -0.2012490
vn 0.0001142 2.5498075 -3.6296129
v -0.0559420 -0.0051960 -0.2555310
vn 0.0000905 2.5497444 -3.6299806
v -0.0743220 -0.0051960 -0.2555310
vn 0.0000827 2.5496917 -3.6302841
v -0.0926990 -0.0051960 -0.2555310
vn 0.0000000 -1.0906006 -6.1878114
v -0.0191840 -0.0595000 -0.2459570
vn -0.0001105 -1.0910594 -6.1877303
v -0.0049120 -0.1150820 -0.2361540
vn 0.0003084 -1.0913827 -6.1876731
v -0.0196150 -0.0956910 -0.2395750
vn 0.0000752 -1.0911837 -6.1877084
v -0.0191840 -0.0775960 -0.2427650
vn 0.0002037 -1.0911083 -6.1877217
v -0.0216300 -0.1142240 -0.2363050
vn 0.0000000 -1.0915182 -6.1876493
v -0.0559420 -0.0232910 -0.2523390
vn 0.0000000 -1.0906005 -6.1878114
v -0.0375630 -0.0595000 -0.2459570
vn 0.0000000 -1.0906297 -6.1878061
v -0.0559420 -0.0413860 -0.2491470
vn 0.0000000 -1.0906006 -6.1878109
v -0.0559420 -0.0595000 -0.2459570
vn 0.0000363 -1.0910803 -6.1877265
v -0.0101860 -0.1356370 -0.2325290
vn 0.0000278 -1.0907736 -6.1877804
v -0.0160780 -0.2544480 -0.2115820
vn -0.0003929 -1.0907199 -6.1877899
v -0.0136640 -0.1480690 -0.2303370
vn 0.0000849 -1.0907037 -6.1877928
v -0.0184350 -0.2368480 -0.2146820
vn 0.0000139 -1.0910875 -6.1877251
v -0.0160570 -0.1617030 -0.2279340
vn -0.0002132 -1.0910145 -6.1877379
v -0.0189650 -0.2188670 -0.2178530
vn -0.0001258 -1.0910822 -6.1877265
v -0.0190700 -0.1820100 -0.2243530
vn 0.0000524 -1.0912178 -6.1877017
v -0.0190310 -0.2003340 -0.2211210
vn -0.0000767 -1.0911441 -6.1877151
v -0.0297440 -0.2545050 -0.2115720
vn 0.0000665 -1.0905857 -6.1878138
v -0.0469690 -0.2865570 -0.2059170
vn 0.0000228 -1.0914159 -6.1876674
v -0.0452510 -0.2665750 -0.2094420
vn -0.0004959 -1.0911684 -6.1877112
v -0.0397030 -0.2549430 -0.2114940
vn 0.0001308 -1.0910703 -6.1877284
v -0.0652170 -0.2864620 -0.2059360
vn -0.0001885 -1.0907969 -6.1877766
v -0.1006770 -0.2884450 -0.2055850
vn -0.0000129 -1.0911151 -6.1877203
v -0.1281900 -0.2895890 -0.2053830
vn -3.0772984 -1.1669767 -3.0853546
v -0.2106360 -0.2971970 -0.2040420
vn 0.0001503 -1.0911039 -6.1877222
v -0.1524490 -0.2903140 -0.2052550
vn -0.0000302 -1.0913017 -6.1876879
v -0.1914100 -0.2934410 -0.2047040
vn 0.0001034 -1.0910465 -6.1877332
v -0.1721650 -0.2914580 -0.2050550
vn 0.0000000 -1.0915183 -6.1876493
v -0.0743220 -0.0232910 -0.2523390
vn 0.0000000 -1.0915182 -6.1876497
v -0.0926990 -0.0232910 -0.2523390
vn 0.0000581 2.5496478 -3.6305366
v -0.1110780 -0.0051960 -0.2555310
vn 0.0000000 -1.0915182 -6.1876493
v -0.1110780 -0.0232910 -0.2523390
vn -0.0000570 -1.0912116 -6.1877031
v -0.0375630 -0.0775960 -0.2427650
vn 0.0004231 -1.0912495 -6.1876965
v -0.0248890 -0.1300700 -0.2335130
vn -0.0001425 -1.0909909 -6.1877422
v -0.0375690 -0.1136520 -0.2364060
vn -0.0002145 -1.0912836 -6.1876907
v -0.0375630 -0.0956910 -0.2395750
vn -0.0000467 -1.0908269 -6.1877708
v -0.0392220 -0.1274950 -0.2339670
vn 0.0000000 -1.0906298 -6.1878061
v -0.0743220 -0.0413860 -0.2491470
vn 0.0000847 -1.0912967 -6.1876888
v -0.0559420 -0.0775960 -0.2427650
vn 0.0000000 -1.0906005 -6.1878114
v -0.0743220 -0.0595000 -0.2459570
vn -0.0001561 -1.0911999 -6.1877050
v -0.0743220 -0.0775960 -0.2427650
vn 0.0002716 -1.0913701 -6.1876750
v -0.0268010 -0.1434740 -0.2311470
vn -0.0002151 -1.0907495 -6.1877847
v -0.0342230 -0.2385640 -0.2143830
vn 0.0000991 -1.0911207 -6.1877193
v -0.0315640 -0.1598150 -0.2282660
vn -0.0002037 -1.0910292 -6.1877356
v -0.0388270 -0.2191920 -0.2177960
vn 0.0001704 -1.0908787 -6.1877623
v -0.0369950 -0.1792260 -0.2248430
vn 0.0004031 -1.0913180 -6.1876850
v -0.0396820 -0.2004290 -0.2211060
vn -0.0005383 -1.0906943 -6.1877947
v -0.0474060 -0.2428730 -0.2136200
vn -0.0000148 -1.0909824 -6.1877441
v -0.0635660 -0.2581080 -0.2109350
vn 0.0000327 -1.0910945 -6.1877246
v -0.1035410 -0.2613690 -0.2103590
vn -0.0000312 -1.0911130 -6.1877208
v -0.1327280 -0.2650110 -0.2097190
vn -3.0033073 -1.4577103 -3.0317020
v -0.2151780 -0.2793690 -0.2071870
vn 0.0000584 -1.0910283 -6.1877360
v -0.1578990 -0.2676800 -0.2092460
vn -0.0000028 -1.0911845 -6.1877084
v -0.1977000 -0.2753650 -0.2078940
vn 0.0003801 -1.0910952 -6.1877241
v -0.1771550 -0.2701970 -0.2088040
vn 0.0000669 2.5496109 -3.6307483
v -0.1294580 -0.0051960 -0.2555310
vn 0.0000000 -1.0906298 -6.1878061
v -0.0926990 -0.0413860 -0.2491470
vn 0.0000000 -1.0906297 -6.1878061
v -0.1110780 -0.0413860 -0.2491470
vn 0.0000000 -1.0915182 -6.1876493
v -0.1294580 -0.0232910 -0.2523390
vn 0.0000000 -1.0906298 -6.1878061
v -0.1294580 -0.0413860 -0.2491470
vn 0.0001279 -1.0914556 -6.1876607
v -0.0559420 -0.0956720 -0.2395770
vn 0.0002529 -1.0912417 -6.1876988
v -0.0427440 -0.1421580 -0.2313810
vn -0.0003036 -1.0903941 -6.1878481
v -0.0557160 -0.1271330 -0.2340300
vn -0.0001851 -1.0910720 -6.1877279
v -0.0559520 -0.1135380 -0.2364250
vn 0.0002084 -1.0911912 -6.1877074
v -0.0577310 -0.1396220 -0.2318280
vn 0.0000000 -1.0906006 -6.1878114
v -0.0926990 -0.0595000 -0.2459570
vn -0.0002263 -1.0912547 -6.1876955
v -0.0743220 -0.0956720 -0.2395790
vn 0.0000473 -1.0916156 -6.1876326
v -0.0926990 -0.0775960 -0.2427650
vn -0.0003497 -1.0912135 -6.1877031
v -0.0927010 -0.0956340 -0.2395820
vn 0.0001574 -1.0912466 -6.1876974
v -0.0466790 -0.1575080 -0.2286740
vn 0.0003468 -1.0914148 -6.1876678
v -0.0552600 -0.2220330 -0.2172940
vn 0.0002720 -1.0908730 -6.1877627
v -0.0513930 -0.1744970 -0.2256780
vn 0.0002653 -1.0912092 -6.1877046
v -0.0559370 -0.1976830 -0.2215920
vn 0.0000997 -1.0912404 -6.1876984
v -0.0796850 -0.2271810 -0.2163890
vn -0.0000275 -1.0913355 -6.1876817
v -0.1111430 -0.2343500 -0.2151230
vn 0.0000315 -1.0912726 -6.1876926
v -0.1395350 -0.2401090 -0.2141080
vn -2.8997529 -1.7444741 -2.9863970
v -0.2214490 -0.2620360 -0.2102410
vn 0.0002160 -1.0912812 -6.1876912
v -0.1650200 -0.2449520 -0.2132540
vn -0.0002480 -1.0909231 -6.1877546
v -0.2044270 -0.2563920 -0.2112370
vn -0.0000239 -1.0908958 -6.1877589
v -0.1842770 -0.2493950 -0.2124720
vn 0.0000672 2.5495713 -3.6309774
v -0.1478370 -0.0051960 -0.2555310
vn 0.0000000 -1.0915182 -6.1876493
v -0.1478370 -0.0232910 -0.2523390
vn 0.0000000 -1.0906006 -6.1878114
v -0.1110780 -0.0595000 -0.2459570
vn 0.0000000 -1.0906006 -6.1878114
v -0.1294580 -0.0595000 -0.2459570
vn 0.0000000 -1.0906298 -6.1878061
v -0.1478370 -0.0413860 -0.2491470
vn -0.0001144 -1.0907052 -6.1877933
v -0.1478370 -0.0595000 -0.2459570
vn 0.0001730 -1.0918162 -6.1875973
v -0.0743600 -0.1115550 -0.2367760
vn 0.0000569 -1.0912814 -6.1876917
v -0.0606770 -0.1526070 -0.2295380
vn -0.0001907 -1.0904388 -6.1878395
v -0.0729810 -0.1372770 -0.2322430
vn -0.0001986 -1.0903473 -6.1878562
v -0.0735490 -0.1253030 -0.2343500
vn 0.0000584 -1.0915558 -6.1876426
v -0.0721540 -0.1472690 -0.2304800
vn -0.0000168 -1.0914910 -6.1876545
v -0.1110780 -0.0775960 -0.2427650
vn -0.0001872 -1.0910864 -6.1877260
v -0.0925500 -0.1101060 -0.2370310
vn 0.0002129 -1.0914006 -6.1876707
v -0.1110800 -0.0955950 -0.2395900
vn 0.0001592 -1.0908886 -6.1877604
v -0.1117230 -0.1087710 -0.2372660
vn -0.0000354 -1.0910530 -6.1877317
v -0.0683690 -0.1663740 -0.2271100
vn -0.0000754 -1.0909245 -6.1877537
v -0.0828580 -0.1907810 -0.2228070
vn 0.0000383 -1.0911126 -6.1877203
v -0.1205740 -0.2078650 -0.2197960
vn -0.0000923 -1.0911237 -6.1877184
v -0.1486550 -0.2155880 -0.2184350
vn -2.7680323 -2.0175195 -2.9370821
v -0.2294290 -0.2454090 -0.2131760
vn -0.0003273 -1.0910372 -6.1877341
v -0.1739610 -0.2233860 -0.2170580
vn 0.0002251 -1.0910358 -6.1877346
v -0.2130190 -0.2381640 -0.2144530
vn -0.0000005 -1.0909390 -6.1877513
v -0.1934850 -0.2293160 -0.2160110
vn -0.0008645 2.5497613 -3.6298804
v -0.1662160 -0.0051960 -0.2555310
vn 0.0000000 -1.0915182 -6.1876493
v -0.1662160 -0.0232910 -0.2523390
vn -0.0001000 -1.0907251 -6.1877890
v -0.1662160 -0.0413860 -0.2491470
vn 0.0000542 -1.0914968 -6.1876531
v -0.1294580 -0.0775960 -0.2427650
vn -0.0002054 -1.0911800 -6.1877089
v -0.1478370 -0.0775960 -0.2427650
vn -0.0002159 -1.0909662 -6.1877470
v -0.1662160 -0.0595000 -0.2459570
vn -0.0001098 -1.0911859 -6.1877079
v -0.1677470 -0.0743730 -0.2433310
vn 0.0003665 -1.0906651 -6.1877995
v -0.0913950 -0.1242350 -0.2345390
vn -0.0000205 -1.0914023 -6.1876698
v -0.0815120 -0.1536560 -0.2293530
vn 0.0000692 -1.0907025 -6.1877933
v -0.0884600 -0.1393360 -0.2318790
vn 0.0001949 -1.0910808 -6.1877260
v -0.1293790 -0.0923730 -0.2401580
vn -0.0000305 -1.0905036 -6.1878285
v -0.1142700 -0.1222900 -0.2348840
vn 0.0004294 -1.0911911 -6.1877069
v -0.1291350 -0.1052250 -0.2378930
vn 0.0001375 -1.0911767 -6.1877098
v -0.1285670 -0.1159020 -0.2360090
vn -0.0000025 -1.0911669 -6.1877117
v -0.1031160 -0.1641820 -0.2274970
vn -0.0000888 -1.0909741 -6.1877456
v -0.1348160 -0.1777960 -0.2250950
vn -0.0002352 -1.0907891 -6.1877785
v -0.1608750 -0.1904760 -0.2228600
vn -2.6102245 -2.2786965 -2.8941867
v -0.2390240 -0.2296020 -0.2159600
vn -0.0000777 -1.0909365 -6.1877522
v -0.1848390 -0.2016110 -0.2208960
vn -0.0001594 -1.0908495 -6.1877675
v -0.2234070 -0.2208120 -0.2175100
vn -0.0000003 -1.0909845 -6.1877437
v -0.2047040 -0.2101150 -0.2193970
vn 0.0000674 2.5500360 -3.6282940
v -0.1845950 -0.0051960 -0.2555310
vn 0.0001410 -1.0913794 -6.1876736
v -0.1845950 -0.0232910 -0.2523390
vn 0.0004852 -1.0911200 -6.1877193
v -0.1845950 -0.0413860 -0.2491470
vn -0.0000386 -1.0904946 -6.1878295
v -0.1846580 -0.0575170 -0.2463040
vn 0.0002177 -1.0908595 -6.1877651
v -0.1481510 -0.0920110 -0.2402230
vn -0.0002716 -1.0905719 -6.1878166
v -0.1711680 -0.0881400 -0.2409060
vn 0.0002785 -1.0912385 -6.1876993
v -0.1842600 -0.0706740 -0.2439850
vn -0.0000045 -1.0912583 -6.1876955
v -0.1844200 -0.0810090 -0.2421620
vn -0.0001335 -1.0910070 -6.1877398
v -0.1190890 -0.1399850 -0.2317650
vn 0.0003065 -1.0911629 -6.1877117
v -0.1464890 -0.1075130 -0.2374910
vn 0.0001949 -1.0912606 -6.1876950
v -0.1400250 -0.1231670 -0.2347280
vn -0.0001314 -1.0911922 -6.1877069
v -0.1503250 -0.1526070 -0.2295380
vn -0.0001132 -1.0911163 -6.1877198
v -0.1756070 -0.1679760 -0.2268260
vn -2.4273539 -2.5211492 -2.8502250
v -0.2501420 -0.2148250 -0.2185680
vn 0.0003001 -1.0911959 -6.1877060
v -0.1986750 -0.1814570 -0.2244500
vn 0.0004008 -1.0912696 -6.1876936
v -0.2354730 -0.2045670 -0.2203760
vn 0.0001685 -1.0912805 -6.1876917
v -0.2178360 -0.1920960 -0.2225740
vn 0.0000000 -1.0909631 -6.1877475
v -0.2029750 -0.0232910 -0.2523390
vn 0.0000507 2.5500007 -3.6284978
v -0.2029750 -0.0051960 -0.2555310
vn 0.0004638 -1.0909019 -6.1877580
v -0.2029750 -0.0414050 -0.2491470
vn 0.0003688 -1.0910580 -6.1877308
v -0.2016510 -0.0581660 -0.2461910
vn -0.0000112 -1.0914004 -6.1876698
v -0.1995860 -0.0736300 -0.2434650
vn -0.0002379 -1.0910065 -6.1877394
v -0.1773720 -0.1062540 -0.2377120
vn -0.0000577 -1.0914382 -6.1876631
v -0.1962890 -0.0872630 -0.2410580
vn -0.0000090 -1.0912844 -6.1876907
v -0.1632170 -0.1320340 -0.2331660
vn 0.0000803 -1.0911887 -6.1877074
v -0.1906360 -0.1471730 -0.2304950
vn -2.2216864 -2.7460411 -2.8139431
v -0.2626470 -0.2011920 -0.2209710
vn 0.0001065 -1.0908917 -6.1877604
v -0.2139460 -0.1628470 -0.2277340
vn -0.0000325 -1.0910320 -6.1877351
v -0.2490650 -0.1895990 -0.2230160
vn -0.0000807 -1.0910422 -6.1877327
v -0.2326930 -0.1755270 -0.2254970
vn 0.0000592 2.5499690 -3.6286819
v -0.2213540 -0.0051960 -0.2555310
vn -0.0001411 -1.0907685 -6.1877813
v -0.2213540 -0.0414050 -0.2491470
vn 0.0000000 -1.0909631 -6.1877475
v -0.2213540 -0.0232910 -0.2523390
vn -0.0003439 -1.0914555 -6.1876607
v -0.2213520 -0.0595000 -0.2459570
vn -0.0003046 -1.0914054 -6.1876693
v -0.2195610 -0.0757270 -0.2430930
vn 0.0000893 -1.0910130 -6.1877394
v -0.2177810 -0.0917060 -0.2402750
vn -0.0000466 -1.0910802 -6.1877260
v -0.2157940 -0.1174660 -0.2357350
vn -1.9945536 -2.9494510 -2.7776248
v -0.2764780 -0.1888170 -0.2231520
vn -0.0001803 -1.0910081 -6.1877389
v -0.2338640 -0.1426730 -0.2312880
vn -0.0003372 -1.0909022 -6.1877580
v -0.2642540 -0.1759460 -0.2254230
vn -0.0000403 -1.0907360 -6.1877871
v -0.2499110 -0.1601390 -0.2282090
vn 0.0000680 2.5499320 -3.6288953
v -0.2397330 -0.0051960 -0.2555310
vn 0.0000000 -1.0909631 -6.1877470
v -0.2397330 -0.0232910 -0.2523390
vn -0.0003589 -1.0915389 -6.1876459
v -0.2397290 -0.0594810 -0.2459570
vn 0.0000000 -1.0911856 -6.1877079
v -0.2397310 -0.0414050 -0.2491470
vn -0.0001757 -1.0908548 -6.1877661
v -0.2385380 -0.0755360 -0.2431250
vn 0.0001962 -1.0906473 -6.1878033
v -0.2384590 -0.0904090 -0.2405050
vn -0.0000947 -1.0912261 -6.1877012
v -0.2438150 -0.1085040 -0.2373150
vn -1.7465947 -3.1311204 -2.7486987
v -0.2914320 -0.1778530 -0.2250850
vn -0.0000713 -1.0913130 -6.1876850
v -0.2538490 -0.1284300 -0.2337990
vn -0.0002511 -1.0909128 -6.1877565
v -0.2805160 -0.1638760 -0.2275490
vn -0.0000978 -1.0909841 -6.1877437
v -0.2677090 -0.1467730 -0.2305650
vn 0.0001836 2.5500381 -3.6291091
v -0.2581120 -0.0051960 -0.2555310
vn 0.0000683 2.5504224 -3.6293669
v -0.2764910 -0.0051960 -0.2555310
vn 0.0003394 -1.0911846 -6.1877074
v -0.2581120 -0.0232910 -0.2523390
vn -0.0002521 -1.0911027 -6.1877227
v -0.2581100 -0.0414050 -0.2491470
vn 0.0002394 -1.0906980 -6.1877947
v -0.2549600 -0.0757460 -0.2430890
vn 0.0000000 -1.0915204 -6.1876488
v -0.2581050 -0.0594810 -0.2459570
vn -0.0000446 -1.0904602 -6.1878362
v -0.2508320 -0.0880060 -0.2409290
vn 0.0000708 -1.0911169 -6.1877203
v -0.2601600 -0.0992370 -0.2389490
vn -1.4839959 -3.2858491 -2.7183142
v -0.3074470 -0.1683760 -0.2267580
vn 0.0001514 -1.0914812 -6.1876564
v -0.2733730 -0.1175610 -0.2357170
vn 0.0003214 -1.0908215 -6.1877723
v -0.2978880 -0.1533890 -0.2293980
vn -0.0001621 -1.0913106 -6.1876860
v -0.2864740 -0.1351230 -0.2326190
vn 0.0001712 -1.0915158 -6.1876493
v -0.2764910 -0.0233100 -0.2523390
vn -0.0000757 -1.0911058 -6.1877222
v -0.2948700 -0.0233100 -0.2523370
vn -0.0000157 2.5501349 -3.6295524
v -0.2948700 -0.0051960 -0.2555310
vn 0.0000341 -1.0913613 -6.1876769
v -0.2764870 -0.0414050 -0.2491450
vn 0.0002054 -1.0910456 -6.1877327
v -0.2764760 -0.0594810 -0.2459570
vn 0.0003674 -1.0907842 -6.1877794
v -0.2753360 -0.0837730 -0.2416760
vn -1.2082406 -3.4153194 -2.6952124
v -0.3243430 -0.1604630 -0.2281530
vn -0.0002297 -1.0915263 -6.1876483
v -0.2933630 -0.1077800 -0.2374430
vn 0.0002888 -1.0907285 -6.1877890
v -0.3162310 -0.1445990 -0.2309490
vn -0.0001190 -1.0912620 -6.1876941
v -0.3062490 -0.1252070 -0.2343670
vn 0.0000726 -1.0912969 -6.1876884
v -0.2978320 -0.0409860 -0.2492210
vn -0.0005438 -1.0913332 -6.1876822
v -0.3186950 -0.0409290 -0.2492290
vn -0.0002943 -1.0912138 -6.1877031
v -0.3150310 -0.0228720 -0.2524150
vn 0.0000764 2.5501134 -3.6297414
v -0.3132490 -0.0051960 -0.2555310
vn 0.0000406 -1.0908645 -6.1877651
v -0.3007630 -0.0582800 -0.2461700
vn -0.0001368 -1.0909742 -6.1877451
v -0.3056740 -0.0781680 -0.2426660
vn -0.9164863 -3.5199442 -2.6819501
v -0.3419250 -0.1542090 -0.2292540
vn -0.0004228 -1.0915672 -6.1876411
v -0.3138320 -0.0984360 -0.2390890
vn 0.0001329 -1.0909574 -6.1877484
v -0.3351010 -0.1374870 -0.2322030
vn 0.0000598 -1.0911255 -6.1877189
v -0.3258070 -0.1164930 -0.2359040
vn 0.0000039 -1.0905832 -6.1878138
v -0.3223690 -0.0566780 -0.2464520
vn -0.0001155 -1.0906029 -6.1878099
v -0.3386060 -0.0553630 -0.2466850
vn 0.0000896 -1.0908986 -6.1877584
v -0.3361100 -0.0412150 -0.2491770
vn -0.0001565 -1.0914817 -6.1876559
v -0.3333080 -0.0225860 -0.2524630
vn -0.0000593 2.5498257 -3.6298537
v -0.3316280 -0.0051960 -0.2555310
vn -0.6186084 -3.5930133 -2.6648169
v -0.3600040 -0.1497280 -0.2300470
vn -0.0002973 -1.0910585 -6.1877308
v -0.3265330 -0.0730380 -0.2435690
vn -0.0003098 -1.0913349 -6.1876822
v -0.3343870 -0.0901230 -0.2405550
vn 0.0003527 -1.0908234 -6.1877718
v -0.3549070 -0.1324530 -0.2330920
vn 0.0000994 -1.0909998 -6.1877413
v -0.3457960 -0.1080270 -0.2373970
vn -0.0006473 -1.0912478 -6.1876969
v -0.3412340 -0.0678710 -0.2444790
vn -0.0004383 -1.0910810 -6.1877270
v -0.3502210 -0.0638670 -0.2451840
vn -0.0005631 -1.0909742 -6.1877451
v -0.3502760 -0.0545430 -0.2468280
vn 0.0002212 -1.0912977 -6.1876884
v -0.3499630 -0.0415770 -0.2491140
vn 0.0002848 -1.0913179 -6.1876845
v -0.3500070 -0.0233670 -0.2523270
vn 0.0000413 2.5499187 -3.6298966
v -0.3500070 -0.0051960 -0.2555310
vn -0.3142080 -3.6388993 -2.6587448
v -0.3784700 -0.1469830 -0.2305290
vn -0.0000169 -1.0909659 -6.1877470
v -0.3750750 -0.1274570 -0.2339730
vn -0.0002305 -1.0911815 -6.1877089
v -0.3492290 -0.0805890 -0.2422350
vn 0.0001551 -1.0909337 -6.1877522
v -0.3681530 -0.0982650 -0.2391190
vn 0.0000189 -1.0910032 -6.1877403
v -0.3590470 -0.0689770 -0.2442830
vn 0.0002385 -1.0912288 -6.1876998
v -0.3632580 -0.0558780 -0.2465920
vn 0.0003757 -1.0914010 -6.1876707
v -0.3657960 -0.0414430 -0.2491390
vn -0.0000976 -1.0911349 -6.1877174
v -0.3683870 -0.0234250 -0.2523160
vn -0.0002371 2.5499711 -3.6294765
v -0.3683870 -0.0051960 -0.2555310
vn -0.0783062 -3.6481602 -2.6092627
v -0.3976450 -0.1460290 -0.2306970
vn -0.0000495 -1.0910970 -6.1877236
v -0.3971370 -0.1265610 -0.2341310
vn 0.0000362 -1.0910496 -6.1877322
v -0.3975450 -0.1033940 -0.2382150
vn 0.0001409 -1.0910605 -6.1877308
v -0.3791850 -0.0768330 -0.2428980
vn 0.0003846 -1.0909965 -6.1877413
v -0.3997880 -0.0831630 -0.2417830
vn 0.0000180 -1.0914218 -6.1876664
v -0.3838560 -0.0589860 -0.2460460
vn -0.0000415 -1.0912108 -6.1877041
v -0.3866200 -0.0420730 -0.2490290
vn 0.0002953 -1.0908910 -6.1877604
v -0.3867660 -0.0235200 -0.2522990
vn 0.0000740 2.5499399 -3.6292982
v -0.3867660 -0.0051960 -0.2555310
vn -0.0003048 -3.6414640 -2.5592339
v -0.4185240 -0.1460290 -0.2306970
vn -0.0000359 -1.0910212 -6.1877375
v -0.4185220 -0.1259130 -0.2342450
vn 0.0000842 -1.0912298 -6.1877003
v -0.4187660 -0.1056820 -0.2378110
vn -0.0002243 -1.0913039 -6.1876869
v -0.4190410 -0.0856230 -0.2413500
vn 0.0004501 -1.0909340 -6.1877522
v -0.4028720 -0.0625320 -0.2454190
vn -0.0002338 -1.0907813 -6.1877794
v -0.4198710 -0.0652970 -0.2449350
vn -0.0003376 -1.0913894 -6.1876717
v -0.4048790 -0.0426450 -0.2489260
vn -0.0001536 -1.0912753 -6.1876917
v -0.4051440 -0.0237110 -0.2522680
vn 0.0002530 2.5501838 -3.6297567
v -0.4051450 -0.0051960 -0.2555310
vn 0.0000681 -3.6413801 -2.5588117
v -0.4394030 -0.1460290 -0.2306970
vn 0.0000480 -1.0911667 -6.1877112
v -0.4395720 -0.1259130 -0.2342450
vn 0.0000171 -1.0908571 -6.1877656
v -0.4396910 -0.1057970 -0.2377920
vn -0.0005347 -1.0907313 -6.1877880
v -0.4397620 -0.0856610 -0.2413400
vn -0.0004869 -1.0911765 -6.1877098
v -0.4398020 -0.0655450 -0.2448870
vn -0.0001245 -1.0908014 -6.1877756
v -0.4227650 -0.0437510 -0.2487310
vn 0.0001618 -1.0911521 -6.1877141
v -0.4402780 -0.0454290 -0.2484360
vn -0.0005065 -1.0915077 -6.1876507
v -0.4235210 -0.0240160 -0.2522110
vn 0.0000113 2.5498195 -3.6302180
v -0.4235240 -0.0051960 -0.2555310
vn -1.5741566 -1.8206244 -1.2790269
v -0.4602820 -0.1460290 -0.2306970
vn -3.1415446 -0.5456070 -3.0938516
v -0.4602820 -0.1259130 -0.2342450
vn -3.1414709 -0.5453442 -3.0938978
v -0.4602820 -0.1057970 -0.2377920
vn -3.1417143 -0.5453441 -3.0938978
v -0.4602820 -0.0856610 -0.2413400
vn -3.1416893 -0.5456825 -3.0938382
v -0.4602820 -0.0655450 -0.2448870
vn -3.1414268 -0.5455821 -3.0938559
v -0.4602820 -0.0454290 -0.2484360
vn -0.0000380 -1.0912726 -6.1876931
v -0.4418910 -0.0245500 -0.2521160
vn -3.1416812 -0.5455886 -3.0938549
v -0.4602820 -0.0253120 -0.2519820
vn -0.0007866 2.5499122 -3.6283493
v -0.4419030 -0.0051960 -0.2555310
vn -1.5669986 1.2749448 -1.8142438
v -0.4602820 -0.0051960 -0.2555310
vn -3.1504679 -3.0972886 0.5255943
v -0.4602820 -0.1429400 -0.2128820
vn -6.2831850 0.0000000 0.0000000
v -0.4602820 -0.1236630 -0.2161390
vn -6.2831855 0.0000000 0.0000000
v -0.4602820 -0.1021550 -0.2181370
vn -6.2831855 0.0000000 0.0000000
v -0.4602820 -0.0818860 -0.2213350
vn -6.2831855 0.0000000 0.0000000
v -0.4602820 -0.0616740 -0.2250970
vn -6.2831850 0.0000000 0.0000000
v -0.4602820 -0.0414430 -0.2290550
vn -6.2831860 0.0000000 0.0000000
v -0.4602820 -0.0211360 -0.2332060
vn -3.1345890 3.0971112 -0.5266762
v -0.4602820 -0.0018970 -0.2364690
vn -3.1471262 -3.1007845 0.5046409
v -0.4602820 -0.1399850 -0.1950420
vn -6.2831855 0.0000000 0.0000000
v -0.4602820 -0.1212790 -0.1980890
vn -6.2831855 0.0000000 0.0000000
v -0.4602820 -0.1011440 -0.2003200
vn -6.2831855 0.0000000 0.0000000
v -0.4602820 -0.0795020 -0.2033370
vn -6.2831850 0.0000000 0.0000000
v -0.4602820 -0.0572500 -0.2062200
vn -6.2831855 0.0000000 0.0000000
v -0.4602820 -0.0369630 -0.2110380
vn -6.2831855 0.0000000 0.0000000
v -0.4602820 -0.0177610 -0.2142910
vn -3.1389763 3.1006913 -0.5052415
v -0.4602820 0.0012680 -0.2173880
vn -3.1503692 -3.1037016 0.4863164
v -0.4602820 -0.1371250 -0.1771820
vn -6.2831850 0.0000000 0.0000000
v -0.4602820 -0.1187430 -0.1800530
vn -6.2831855 0.0000000 0.0000000
v -0.4602820 -0.0996380 -0.1824480
vn -6.2831850 0.0000000 0.0000000
v -0.4602820 -0.0782250 -0.1841830
vn -6.2831855 0.0000000 0.0000000
v -0.4602820 -0.0543330 -0.1878350
vn -6.2831850 0.0000000 0.0000000
v -0.4602820 -0.0336450 -0.1923630
vn -6.2831850 0.0000000 0.0000000
v -0.4602820 -0.0147300 -0.1953190
vn -3.1373589 3.1039824 -0.4845862
v -0.4602820 0.0043190 -0.1982920
vn -3.1523931 -3.1069150 0.4652893
v -0.4602820 -0.1343790 -0.1592960
vn -6.2831855 0.0000000 0.0000000
v -0.4602820 -0.1161880 -0.1620210
vn -6.2831850 0.0000000 0.0000000
v -0.4602820 -0.0976360 -0.1645340
vn -6.2831850 0.0000000 0.0000000
v -0.4602820 -0.0758410 -0.1658230
vn -6.2831855 0.0000000 0.0000000
v -0.4602820 -0.0513390 -0.1694250
vn -6.2831855 0.0000000 0.0000000
v -0.4602820 -0.0307660 -0.1734980
vn -6.2831860 0.0000000 0.0000000
v -0.4602820 -0.0118310 -0.1763310
vn -3.1364105 3.1072588 -0.4630984
v -0.4602820 0.0072360 -0.1791780
vn -3.1481700 -3.1098232 0.4455635
v -0.4602820 -0.1317670 -0.1413920
vn -6.2831850 0.0000000 0.0000000
v -0.4602820 -0.1136710 -0.1439830
vn -6.2831850 0.0000000 0.0000000
v -0.4602820 -0.0953480 -0.1465170
vn -6.2831850 0.0000000 0.0000000
v -0.4602820 -0.0728480 -0.1480310
vn -6.2831850 0.0000000 0.0000000
v -0.4602820 -0.0488610 -0.1509220
vn -6.2831860 0.0000000 0.0000000
v -0.4602820 -0.0280010 -0.1546170
vn -6.2831850 0.0000000 0.0000000
v -0.4602820 -0.0090480 -0.1573270
vn -3.1381745 3.1101129 -0.4435577
v -0.4602820 0.0100200 -0.1600480
vn -3.1482816 -3.1126533 0.4252978
v -0.4602820 -0.1292500 -0.1234660
vn -6.2831855 0.0000000 0.0000000
v -0.4602820 -0.1111930 -0.1259340
vn -6.2831855 0.0000000 0.0000000
v -0.4602820 -0.0929830 -0.1283740
vn -6.2831855 0.0000000 0.0000000
v -0.4602820 -0.0703500 -0.1301630
vn -6.2831860 0.0000000 0.0000000
v -0.4602820 -0.0464580 -0.1324890
vn -6.2831850 0.0000000 0.0000000
v -0.4602820 -0.0253500 -0.1357160
vn -6.2831850 0.0000000 0.0000000
v -0.4602820 -0.0063780 -0.1383050
vn -3.1387498 3.1127598 -0.4245918
v -0.4602820 0.0126890 -0.1408980
vn -3.1459610 -3.1154764 0.4041612
v -0.4602820 -0.1268660 -0.1055220
vn -6.2831855 0.0000000 0.0000000
v -0.4602820 -0.1088280 -0.1078690
vn -6.2831860 0.0000000 0.0000000
v -0.4602820 -0.0906570 -0.1102070
vn -6.2831855 0.0000000 0.0000000
v -0.4602820 -0.0680430 -0.1120580
vn -6.2831850 0.0000000 0.0000000
v -0.4602820 -0.0440940 -0.1140990
vn -6.2831855 0.0000000 0.0000000
v -0.4602820 -0.0228140 -0.1167950
vn -6.2831855 0.0000000 0.0000000
v -0.4602820 -0.0038420 -0.1192680
vn -3.1343095 3.1157162 -0.4022228
v -0.4602820 0.0152450 -0.1217330
vn -3.1517060 -3.1178827 0.3850141
v -0.4602820 -0.1245780 -0.0875620
vn -6.2831850 0.0000000 0.0000000
v -0.4602820 -0.1065400 -0.0897890
vn -6.2831850 0.0000000 0.0000000
v -0.4602820 -0.0883880 -0.0920180
vn -6.2831855 0.0000000 0.0000000
v -0.4602820 -0.0657550 -0.0938160
vn -6.2831855 0.0000000 0.0000000
v -0.4602820 -0.0417100 -0.0956750
vn -6.2831855 0.0000000 0.0000000
v -0.4602820 -0.0203740 -0.0978530
vn -6.2831850 0.0000000 0.0000000
v -0.4602820 -0.0014210 -0.1002140
vn -3.1367986 3.1183274 -0.3815289
v -0.4602820 0.0176470 -0.1025510
vn -3.1499622 -3.1203265 0.3647568
v -0.4602820 -0.1224230 -0.0695830
vn -6.2831855 0.0000000 0.0000000
v -0.4602820 -0.1043860 -0.0716940
vn -6.2831855 0.0000000 0.0000000
v -0.4602820 -0.0862140 -0.0738110
vn -6.2831855 0.0000000 0.0000000
v -0.4602820 -0.0634860 -0.0755460
vn -6.2831855 0.0000000 0.0000000
v -0.4602820 -0.0392130 -0.0771490
vn -6.2831855 0.0000000 0.0000000
v -0.4602820 -0.0180090 -0.0788850
vn -6.2831855 0.0000000 0.0000000
v -0.4602820 0.0009060 -0.0811440
vn -3.1378710 3.1205683 -0.3627583
v -0.4602820 0.0199350 -0.0833520
vn -3.1460624 -3.1226895 0.3440028
v -0.4602820 -0.1203830 -0.0515910
vn -6.2831850 0.0000000 0.0000000
v -0.4602820 -0.1023260 -0.0535840
vn -6.2831850 0.0000000 0.0000000
v -0.4602820 -0.0841550 -0.0555860
vn -6.2831860 0.0000000 0.0000000
v -0.4602820 -0.0612360 -0.0572980
vn -6.2831850 0.0000000 0.0000000
v -0.4602820 -0.0366380 -0.0585240
vn -6.2831855 0.0000000 0.0000000
v -0.4602820 -0.0156830 -0.0598890
vn -6.2831855 0.0000000 0.0000000
v -0.4602820 0.0031370 -0.0620630
vn -3.1351366 3.1229436 -0.3416458
v -0.4602820 0.0221090 -0.0641360
vn -3.1461356 -3.1248965 0.3233321
v -0.4602820 -0.1184570 -0.0335840
vn -6.2831850 0.0000000 0.0000000
v -0.4602820 -0.1003810 -0.0354600
vn -6.2831850 0.0000000 0.0000000
v -0.4602820 -0.0822100 -0.0373460
vn -6.2831860 0.0000000 0.0000000
v -0.4602820 -0.0591190 -0.0391480
vn -6.2831845 0.0000000 0.0000000
v -0.4602820 -0.0340830 -0.0400100
vn -6.2831850 0.0000000 0.0000000
v -0.4602820 -0.0133570 -0.0408790
vn -6.2831855 0.0000000 0.0000000
v -0.4602820 0.0053100 -0.0429710
vn -3.1348128 3.1251700 -0.3206303
v -0.4602820 0.0241490 -0.0449020
vn -3.1479282 -3.1267712 0.3046519
v -0.4602820 -0.1166460 -0.0155650
vn -6.2831850 0.0000000 0.0000000
v -0.4602820 -0.0985700 -0.0173230
vn -6.2831855 0.0000000 0.0000000
v -0.4602820 -0.0803790 -0.0190920
vn -6.2831845 0.0000000 0.0000000
v -0.4602820 -0.0572120 -0.0210750
vn -6.2831850 0.0000000 0.0000000
v -0.4602820 -0.0318140 -0.0218270
vn -6.2831850 0.0000000 0.0000000
v -0.4602820 -0.0110880 -0.0219810
vn -6.2831855 0.0000000 0.0000000
v -0.4602820 0.0074270 -0.0238610
vn -3.1462648 -3.1287036 0.2841407
v -0.4602820 -0.1149490 0.0024670
vn -6.2831855 0.0000000 0.0000000
v -0.4602820 -0.0968540 0.0008260
vn -6.2831850 0.0000000 0.0000000
v -0.4602820 -0.0786440 -0.0008260
vn -6.2831850 0.0000000 0.0000000
v -0.4602820 -0.0555920 -0.0029210
vn -6.2831850 0.0000000 0.0000000
v -0.4602820 -0.0301740 -0.0035010
vn -6.2831855 0.0000000 0.0000000
v -0.4602820 -0.0093910 -0.0036360
vn -6.2831850 0.0000000 0.0000000
v -0.4602820 0.0091430 -0.0052930
vn -3.1471918 -3.1304164 0.2645860
v -0.4602820 -0.1133660 0.0205110
vn -6.2831855 0.0000000 0.0000000
v -0.4602820 -0.0952710 0.0189860
vn -6.2831850 0.0000000 0.0000000
v -0.4602820 -0.0770620 0.0174510
vn -6.2831855 0.0000000 0.0000000
v -0.4602820 -0.0540280 0.0153040
vn -6.2831855 0.0000000 0.0000000
v -0.4602820 -0.0285920 0.0148560
vn -6.2831855 0.0000000 0.0000000
v -0.4602820 -0.0077890 0.0148290
vn -6.2831855 0.0000000 0.0000000
v -0.4602820 0.0107450 0.0132900
vn -3.1487603 -3.1321554 0.2430585
v -0.4602820 -0.1118980 0.0385620
vn -6.2831850 0.0000000 0.0000000
v -0.4602820 -0.0938030 0.0371550
vn -6.2831850 0.0000000 0.0000000
v -0.4602820 -0.0755740 0.0357380
vn -6.2831850 0.0000000 0.0000000
v -0.4602820 -0.0525220 0.0336220
vn -6.2831850 0.0000000 0.0000000
v -0.4602820 -0.0271240 0.0332270
vn -6.2831850 0.0000000 0.0000000
v -0.4602820 -0.0063210 0.0333030
vn -6.2831855 0.0000000 0.0000000
v -0.4602820 0.0122320 0.0318830
vn -3.1475470 -3.1337376 0.2218079
v -0.4602820 -0.1105630 0.0566230
vn -6.2831855 0.0000000 0.0000000
v -0.4602820 -0.0924490 0.0553340
vn -6.2831850 0.0000000 0.0000000
v -0.4602820 -0.0742020 0.0540360
vn -6.2831850 0.0000000 0.0000000
v -0.4602820 -0.0511110 0.0520660
vn -6.2831855 0.0000000 0.0000000
v -0.4602820 -0.0257890 0.0516080
vn -6.2831855 0.0000000 0.0000000
v -0.4602820 -0.0049670 0.0517910
vn -6.2831850 0.0000000 0.0000000
v -0.4602820 0.0135860 0.0504890
vn -3.1454499 -3.1349688 0.2037618
v -0.4602820 -0.1093430 0.0746920
vn -6.2831855 0.0000000 0.0000000
v -0.4602820 -0.0912100 0.0735190
vn -6.2831860 0.0000000 0.0000000
v -0.4602820 -0.0729620 0.0723390
vn -6.2831850 0.0000000 0.0000000
v -0.4602820 -0.0498520 0.0706500
vn -6.2831850 0.0000000 0.0000000
v -0.4602820 -0.0245690 0.0699950
vn -6.2831855 0.0000000 0.0000000
v -0.4602820 -0.0037280 0.0702860
vn -6.2831860 0.0000000 0.0000000
v -0.4602820 0.0148440 0.0691030
vn -3.1494086 -3.1362236 0.1832306
v -0.4602820 -0.1082180 0.0927670
vn -6.2831850 0.0000000 0.0000000
v -0.4602820 -0.0900850 0.0917110
vn -6.2831855 0.0000000 0.0000000
v -0.4602820 -0.0718370 0.0906490
vn -6.2831850 0.0000000 0.0000000
v -0.4602820 -0.0487460 0.0890760
vn -6.2831850 0.0000000 0.0000000
v -0.4602820 -0.0234820 0.0883840
vn -6.2831855 0.0000000 0.0000000
v -0.4602820 -0.0026220 0.0887890
vn -6.2831850 0.0000000 0.0000000
v -0.4602820 0.0159690 0.0877270
vn -3.1499519 -3.1373973 0.1619323
v -0.4602820 -0.1072270 0.1108460
vn -6.2831855 0.0000000 0.0000000
v -0.4602820 -0.0890930 0.1099080
vn -6.2831855 0.0000000 0.0000000
v -0.4602820 -0.0708460 0.1089650
vn -6.2831855 0.0000000 0.0000000
v -0.4602820 -0.0478310 0.1074370
vn -6.2831850 0.0000000 0.0000000
v -0.4602820 -0.0225280 0.1067660
vn -6.2831855 0.0000000 0.0000000
v -0.4602820 -0.0016490 0.1072970
vn -6.2831855 0.0000000 0.0000000
v -0.4602820 0.0169610 0.1063580
vn -3.1473746 -3.1383023 0.1434231
v -0.4602820 -0.1063500 0.1289300
vn -6.2831855 0.0000000 0.0000000
v -0.4602820 -0.0882160 0.1281080
vn -6.2831850 0.0000000 0.0000000
v -0.4602820 -0.0699490 0.1272840
vn -6.2831855 0.0000000 0.0000000
v -0.4602820 -0.0470490 0.1257790
vn -6.2831850 0.0000000 0.0000000
v -0.4602820 -0.0216510 0.1250460
vn -6.2831855 0.0000000 0.0000000
v -0.4602820 -0.0007910 0.1258070
vn -6.2831855 0.0000000 0.0000000
v -0.4602820 0.0178380 0.1249950
vn -3.1512198 -3.1392722 0.1200598
v -0.4602820 -0.1055870 0.1470160
vn -6.2831855 0.0000000 0.0000000
v -0.4602820 -0.0874540 0.1463120
vn -6.2831850 0.0000000 0.0000000
v -0.4602820 -0.0691870 0.1456060
vn -6.2831855 0.0000000 0.0000000
v -0.4602820 -0.0464390 0.1441280
vn -6.2831850 0.0000000 0.0000000
v -0.4602820 -0.0210410 0.1432090
vn -6.2831850 0.0000000 0.0000000
v -0.4602820 -0.0001050 0.1443170
vn -6.2831855 0.0000000 0.0000000
v -0.4602820 0.0186000 0.1436380
vn -3.1455958 -3.1399097 0.1025159
v -0.4602820 -0.1049580 0.1651040
vn -6.2831855 0.0000000 0.0000000
v -0.4602820 -0.0868050 0.1645180
vn -6.2831855 0.0000000 0.0000000
v -0.4602820 -0.0685380 0.1639300
vn -6.2831850 0.0000000 0.0000000
v -0.4602820 -0.0462870 0.1627600
vn -6.2831850 0.0000000 0.0000000
v -0.4602820 -0.0208890 0.1612940
vn -6.2831850 0.0000000 0.0000000
v -0.4602820 0.0004100 0.1628180
vn -6.2831850 0.0000000 0.0000000
v -0.4602820 0.0192110 0.1622850
vn -3.1471765 -3.1405253 0.0812671
v -0.4602820 -0.1044240 0.1831930
vn -6.2831850 0.0000000 0.0000000
v -0.4602820 -0.0862710 0.1827240
vn -6.2831855 0.0000000 0.0000000
v -0.4602820 -0.0680050 0.1822550
vn -6.2831855 0.0000000 0.0000000
v -0.4602820 -0.0462290 0.1811480
vn -6.2831850 0.0000000 0.0000000
v -0.4602820 -0.0216130 0.1794790
vn -6.2831855 0.0000000 0.0000000
v -0.4602820 0.0006770 0.1813000
vn -6.2831855 0.0000000 0.0000000
v -0.4602820 0.0196490 0.1809350
vn -3.1449745 -3.1409845 0.0614102
v -0.4602820 -0.1040230 0.2012810
vn -6.2831850 0.0000000 0.0000000
v -0.4602820 -0.0858710 0.2009290
vn -6.2831855 0.0000000 0.0000000
v -0.4602820 -0.0676040 0.2005790
vn -6.2831850 0.0000000 0.0000000
v -0.4602820 -0.0473160 0.1992090
vn -6.2831855 0.0000000 0.0000000
v -0.4602820 -0.0239010 0.1982590
vn -6.2831855 0.0000000 0.0000000
v -0.4602820 0.0005240 0.1995900
vn -6.2831850 0.0000000 0.0000000
v -0.4602820 0.0199160 0.1995870
vn -3.1498528 -3.1413088 0.0405292
v -0.4602820 -0.1037180 0.2193670
vn -6.2831855 0.0000000 0.0000000
v -0.4602820 -0.0855850 0.2191330
vn -6.2831850 0.0000000 0.0000000
v -0.4602820 -0.0666890 0.2186330
vn -6.2831855 0.0000000 0.0000000
v -0.4602820 -0.0460200 0.2174790
vn -6.2831855 0.0000000 0.0000000
v -0.4602820 -0.0239780 0.2172450
vn -6.2831855 0.0000000 0.0000000
v -0.4602820 -0.0002760 0.2175770
vn -6.2831860 0.0000000 0.0000000
v -0.4602820 0.0199350 0.2182380
vn -3.1481292 -3.1415112 0.0202226
v -0.4602820 -0.1035470 0.2374510
vn -6.2831855 0.0000000 0.0000000
v -0.4602820 -0.0848790 0.2373390
vn -6.2831855 0.0000000 0.0000000
v -0.4602820 -0.0638670 0.2361830
vn -6.2831855 0.0000000 0.0000000
v -0.4602820 -0.0430260 0.2354760
vn -6.2831855 0.0000000 0.0000000
v -0.4602820 -0.0223380 0.2351370
vn -6.2831855 0.0000000 0.0000000
v -0.4602820 -0.0017070 0.2353440
vn -6.2831850 0.0000000 0.0000000
v -0.4602820 0.0196680 0.2368800
vn -1.5740000 -1.5707881 1.5758312
v -0.4602820 -0.1034890 0.2555310
vn -3.1415927 0.0000000 3.1415927
v -0.4602820 -0.0830680 0.2555310
vn -3.1415927 0.0000000 3.1415925
v -0.4602820 -0.0626280 0.2555310
vn -3.1415925 0.0000000 3.1415927
v -0.4602820 -0.0422060 0.2555310
vn -3.1415925 0.0000000 3.1415930
v -0.4602820 -0.0217660 0.2555310
vn -3.1415927 0.0000000 3.1415925
v -0.4602820 -0.0013440 0.2555310
vn -3.1415083 0.0001457 3.1415927
v -0.4602820 0.0190960 0.2555310
vn 1.7468287 1.8432322 -1.5707731
v 0.4602820 0.4987790 0.1641520
vn 3.0935178 3.1404920 -0.0675846
v 0.4602820 0.4992180 0.1824250
vn 3.0939059 3.1408210 -0.0504006
v 0.4602820 0.4995610 0.2006990
vn 3.0910099 3.1410098 -0.0324145
v 0.4602820 0.4998100 0.2189750
vn 3.0894969 3.1411233 -0.0145988
v 0.4602820 0.4999430 0.2372520
vn 1.5438151 1.5705584 1.5502532
v 0.4602820 0.5000000 0.2555310
vn 3.1420298 0.5455891 -3.0938547
v 0.4602820 0.4795410 0.1607610
vn 6.2831855 0.0000000 0.0000000
v 0.4602820 0.4793120 0.1828460
vn 6.2831855 0.0000000 0.0000000
v 0.4602820 0.4802270 0.2010210
vn 6.2831860 0.0000000 0.0000000
v 0.4602820 0.4809140 0.2191810
vn 6.2831850 0.0000000 0.0000000
v 0.4602820 0.4811990 0.2370840
vn 3.1415927 0.0000000 3.1415927
v 0.4602820 0.4811990 0.2555310
vn 2.8216712 0.0191779 -3.0969255
v 0.4602820 0.4603200 0.1573700
vn 6.2831860 0.0000000 0.0000000
v 0.4602820 0.4603200 0.1813690
vn 6.2831850 0.0000000 0.0000000
v 0.4602820 0.4614070 0.2002340
vn 6.2831860 0.0000000 0.0000000
v 0.4602820 0.4625130 0.2188660
vn 6.2831855 0.0000000 0.0000000
v 0.4602820 0.4624180 0.2369410
vn 3.1415925 0.0000000 3.1415925
v 0.4602820 0.4624180 0.2555310
vn 3.2012110 -0.5465927 -3.0931029
v 0.4602820 0.4412720 0.1607280
vn 6.2831850 0.0000000 0.0000000
v 0.4602820 0.4434070 0.1822420
vn 6.2831855 0.0000000 0.0000000
v 0.4602820 0.4446280 0.2008470
vn 6.2831855 0.0000000 0.0000000
v 0.4602820 0.4436940 0.2184850
vn 6.2831850 0.0000000 0.0000000
v 0.4602820 0.4436170 0.2368530
vn 3.1415925 0.0000000 3.1415925
v 0.4602820 0.4436170 0.2555310
vn 3.1968262 -0.5452673 -3.0934181
v 0.4602820 0.4222230 0.1640860
vn 6.2831850 0.0000000 0.0000000
v 0.4602820 0.4255790 0.1831280
vn 6.2831850 0.0000000 0.0000000
v 0.4602820 0.4251980 0.2022660
vn 6.2831850 0.0000000 0.0000000
v 0.4602820 0.4248730 0.2182450
vn 6.2831850 0.0000000 0.0000000
v 0.4602820 0.4248350 0.2368020
vn 3.1415925 0.0000000 3.1415925
v 0.4602820 0.4248350 0.2555310
vn 3.1982388 -0.5455837 -3.0933371
v 0.4602820 0.4031940 0.1674440
vn 6.2831850 0.0000000 0.0000000
v 0.4602820 0.4065500 0.1864850
vn 6.2831855 0.0000000 0.0000000
v 0.4602820 0.4069310 0.2034080
vn 6.2831855 0.0000000 0.0000000
v 0.4602820 0.4060540 0.2181090
vn 6.2831850 0.0000000 0.0000000
v 0.4602820 0.4060350 0.2367740
vn 3.1415925 0.0000000 3.1415925
v 0.4602820 0.4060350 0.2555310
vn 3.2025266 -0.5439412 -3.0935445
v 0.4602820 0.3841450 0.1708020
vn 6.2831855 0.0000000 0.0000000
v 0.4602820 0.3875010 0.1898420
vn 6.2831855 0.0000000 0.0000000
v 0.4602820 0.3879590 0.2051580
vn 6.2831855 0.0000000 0.0000000
v 0.4602820 0.3874060 0.2198060
vn 6.2831855 0.0000000 0.0000000
v 0.4602820 0.3872340 0.2367580
vn 3.1415925 0.0000000 3.1415930
v 0.4602820 0.3872340 0.2555310
vn 3.2036800 -0.5453113 -3.0932808
v 0.4602820 0.3650970 0.1741600
vn 6.2831860 0.0000000 0.0000000
v 0.4602820 0.3681090 0.1905140
vn 6.2831850 0.0000000 0.0000000
v 0.4602820 0.3697490 0.2040740
vn 6.2831855 0.0000000 0.0000000
v 0.4602820 0.3688340 0.2189020
vn 6.2831855 0.0000000 0.0000000
v 0.4602820 0.3684530 0.2367490
vn 3.1415925 0.0000000 3.1415925
v 0.4602820 0.3684530 0.2555310
vn 3.2032421 -0.5455115 -3.0932541
v 0.4602820 0.3460480 0.1775170
vn 6.2831855 0.0000000 0.0000000
v 0.4602820 0.3498430 0.1928430
vn 6.2831850 0.0000000 0.0000000
v 0.4602820 0.3517880 0.2059390
vn 6.2831855 0.0000000 0.0000000
v 0.4602820 0.3517490 0.2199170
vn 6.2831850 0.0000000 0.0000000
v 0.4602820 0.3496520 0.2367440
vn 3.1415927 0.0000000 3.1415925
v 0.4602820 0.3496520 0.2555310
vn 6.2831850 0.0000000 0.0000000
v 0.4602820 0.3320530 0.1961560
vn 3.2041249 -0.5454060 -3.0932550
v 0.4602820 0.3270190 0.1808750
vn 6.2831850 0.0000000 0.0000000
v 0.4602820 0.3341880 0.2083060
vn 6.2831855 0.0000000 0.0000000
v 0.4602820 0.3334450 0.2208080
vn 6.2831855 0.0000000 0.0000000
v 0.4602820 0.3308700 0.2367410
vn 3.1415927 0.0000000 3.1415925
v 0.4602820 0.3308700 0.2555310
vn 6.2831860 0.0000000 0.0000000
v 0.4602820 0.3177710 0.2008880
vn 6.2831855 0.0000000 0.0000000
v 0.4602820 0.3238160 0.2092180
vn 3.2036760 -0.5454432 -3.0932574
v 0.4602820 0.3079700 0.1842330
vn 6.2831850 0.0000000 0.0000000
v 0.4602820 0.3196970 0.2192900
vn 6.2831855 0.0000000 0.0000000
v 0.4602820 0.3157880 0.2365630
vn 3.1415927 0.0000000 3.1415927
v 0.4602820 0.3120700 0.2555310
vn 3.2034955 -0.5455334 -3.0932455
v 0.4602820 0.2889220 0.1875910
vn 6.2831850 0.0000000 0.0000000
v 0.4602820 0.3029360 0.2106480
vn 6.2831850 0.0000000 0.0000000
v 0.4602820 0.2964920 0.2365020
vn 3.1415930 0.0000000 3.1415925
v 0.4602820 0.2932880 0.2555310
vn 3.2043014 -0.5453576 -3.0932598
v 0.4602820 0.2698920 0.1909490
vn 6.2831855 0.0000000 0.0000000
v 0.4602820 0.2738580 0.2139190
vn 6.2831855 0.0000000 0.0000000
v 0.4602820 0.2744870 0.2367380
vn 3.1415927 0.0000000 3.1415925
v 0.4602820 0.2744870 0.2555310
vn 3.2040827 -0.5452569 -3.0932822
v 0.4602820 0.2508440 0.1943060
vn 6.2831850 0.0000000 0.0000000
v 0.4602820 0.2549240 0.2155570
vn 6.2831850 0.0000000 0.0000000
v 0.4602820 0.2556870 0.2367380
vn 3.1415925 0.0000000 3.1415927
v 0.4602820 0.2556870 0.2555310
vn 3.2036557 -0.5454444 -3.0932574
v 0.4602820 0.2317950 0.1976640
vn 6.2831855 0.0000000 0.0000000
v 0.4602820 0.2350940 0.2163830
vn 6.2831855 0.0000000 0.0000000
v 0.4602820 0.2369050 0.2367380
vn 3.1415925 0.0000000 3.1415925
v 0.4602820 0.2369050 0.2555310
vn 3.2034817 -0.5455314 -3.0932460
v 0.4602820 0.2127470 0.2010220
vn 6.2831850 0.0000000 0.0000000
v 0.4602820 0.2160070 0.2194840
vn 6.2831855 0.0000000 0.0000000
v 0.4602820 0.2181040 0.2367380
vn 3.1415925 0.0000000 3.1415930
v 0.4602820 0.2181040 0.2555310
vn 3.2042496 -0.5454342 -3.0932474
v 0.4602820 0.1937170 0.2043800
vn 6.2831850 0.0000000 0.0000000
v 0.4602820 0.1968820 0.2223710
vn 6.2831850 0.0000000 0.0000000
v 0.4602820 0.1993230 0.2367380
vn 3.1415927 0.0000000 3.1415925
v 0.4602820 0.1993230 0.2555310
vn 3.2042491 -0.5452962 -3.0932715
v 0.4602820 0.1746690 0.2077380
vn 6.2831860 0.0000000 0.0000000
v 0.4602820 0.1776620 0.2231080
vn 6.2831855 0.0000000 0.0000000
v 0.4602820 0.1794360 0.2380820
vn 3.1415925 0.0000000 3.1415925
v 0.4602820 0.1805220 0.2555310
vn 3.2038670 -0.5453643 -3.0932674
v 0.4602820 0.1556200 0.2110960
vn 6.2831850 0.0000000 0.0000000
v 0.4602820 0.1590710 0.2251040
vn 6.2831855 0.0000000 0.0000000
v 0.4602820 0.1605970 0.2391270
vn 3.1415927 0.0000000 3.1415927
v 0.4602820 0.1617220 0.2555310
vn 6.2831850 0.0000000 0.0000000
v 0.4602820 0.1482980 0.2276220
vn 3.2033668 -0.5455252 -3.0932493
v 0.4602820 0.1365720 0.2144530
vn 6.2831855 0.0000000 0.0000000
v 0.4602820 0.1440270 0.2400000
vn 3.1415925 0.0000000 3.1415925
v 0.4602820 0.1429400 0.2555310
vn 3.2037535 -0.5457748 -3.0931973
v 0.4602820 0.1175420 0.2178110
vn 3.1415930 0.0000000 3.1415927
v 0.4602820 0.1241400 0.2555310
vn 3.1415932 0.0000000 3.1415925
v 0.4602820 0.1053580 0.2555310
vn 3.1415925 0.0000000 3.1415925
v 0.4602820 0.0865570 0.2555310
vn 3.2020059 -0.5460148 -3.0931897
v 0.4602820 0.0984940 0.2211690
vn 6.2831855 0.0000000 0.0000000
v 0.4602820 0.0829730 0.2409070
vn 1.6091882 1.2978454 -1.8241392
v 0.4602820 0.0652970 0.1442510
vn 3.1415925 0.0000000 3.1415927
v 0.4602820 0.0677570 0.2555310
vn 6.2831850 0.0000000 0.0000000
v 0.4602820 0.0728670 0.2394380
vn 3.1408045 3.0939121 -0.5452621
v 0.4602820 0.0688440 0.1643200
vn 4.7420969 1.2562110 -1.8152808
v 0.4602820 0.0794450 0.2245270
vn 3.1430631 3.0938852 -0.5454141
v 0.4602820 0.0723710 0.1843890
vn 3.1409473 3.0939269 -0.5451791
v 0.4602820 0.0759180 0.2044580
vn 3.2167733 -0.5456839 -3.0929246
v 0.4602820 0.0458860 0.1476730
vn 3.1415925 0.0000000 3.1415925
v 0.4602820 0.0489750 0.2555310
vn 6.2831855 0.0000000 0.0000000
v 0.4602820 0.0493180 0.1670360
vn 6.2831850 0.0000000 0.0000000
v 0.4602820 0.0506530 0.2372900
vn 6.2831855 0.0000000 0.0000000
v 0.4602820 0.0537990 0.2210950
vn 6.2831855 0.0000000 0.0000000
v 0.4602820 0.0507290 0.1860320
vn 6.2831860 0.0000000 0.0000000
v 0.4602820 0.0522740 0.2030070
vn 6.2831855 0.0000000 0.0000000
v 0.4602820 0.0298500 0.1701020
vn 3.2162945 -0.5454682 -3.0929742
v 0.4602820 0.0264940 0.1510940
vn 3.1415927 0.0000000 3.1415925
v 0.4602820 0.0301740 0.2555310
vn 6.2831855 0.0000000 0.0000000
v 0.4602820 0.0301740 0.2367380
vn 1.6063741 1.2976315 -1.8221643
v 0.4602820 -0.0090480 0.0629730
vn 6.2831855 0.0000000 0.0000000
v 0.4602820 0.0312040 0.1860760
vn 6.2831855 0.0000000 0.0000000
v 0.4602820 0.0307460 0.2207540
vn 6.2831860 0.0000000 0.0000000
v 0.4602820 0.0309370 0.2007060
vn 6.2831850 0.0000000 0.0000000
v 0.4602820 0.0177610 0.1841040
vn 3.1393805 3.0940313 -0.5445828
v 0.4602820 -0.0058250 0.0812820
vn 6.2831850 0.0000000 0.0000000
v 0.4602820 0.0137950 0.1728530
vn 3.1428161 3.0938606 -0.5455534
v 0.4602820 -0.0026030 0.0995900
vn 4.7501001 1.2509652 -1.8146816
v 0.4602820 0.0070840 0.1545160
vn 3.1449790 3.0937362 -0.5462489
v 0.4602820 0.0006200 0.1178990
vn 3.1411974 3.0938663 -0.5455208
v 0.4602820 0.0038610 0.1362070
vn 6.2831855 0.0000000 0.0000000
v 0.4602820 0.0113930 0.2367380
vn 3.1415927 0.0000000 3.1415925
v 0.4602820 0.0113930 0.2555310
vn 3.2144880 -0.5454177 -3.0930259
v 0.4602820 -0.0284200 0.0663880
vn 6.2831850 0.0000000 0.0000000
v 0.4602820 0.0089520 0.2194510
vn 6.2831855 0.0000000 0.0000000
v 0.4602820 -0.0247970 0.0846300
vn 6.2831855 0.0000000 0.0000000
v 0.4602820 0.0091430 0.1947310
vn 6.2831850 0.0000000 0.0000000
v 0.4602820 -0.0011350 0.1763890
vn 6.2831850 0.0000000 0.0000000
v 0.4602820 -0.0212890 0.1028860
vn 6.2831850 0.0000000 0.0000000
v 0.4602820 -0.0092950 0.1588360
vn 6.2831855 0.0000000 0.0000000
v 0.4602820 -0.0178950 0.1211650
vn 6.2831855 0.0000000 0.0000000
v 0.4602820 -0.0145770 0.1394570
vn 6.2831850 0.0000000 0.0000000
v 0.4602820 -0.0129950 0.2186800
vn 6.2831850 0.0000000 0.0000000
v 0.4602820 -0.0092760 0.2375780
vn 3.1415927 0.0000000 3.1415925
v 0.4602820 -0.0074080 0.2555310
vn 3.2132003 -0.5455127 -3.0930390
v 0.4602820 -0.0477930 0.0698020
vn 6.2831850 0.0000000 0.0000000
v 0.4602820 -0.0443990 0.0889410
vn 6.2831860 0.0000000 0.0000000
v 0.4602820 -0.0156260 0.2004490
vn 6.2831855 0.0000000 0.0000000
v 0.4602820 -0.0403950 0.1065700
vn 6.2831850 0.0000000 0.0000000
v 0.4602820 -0.0199540 0.1812730
vn 6.2831850 0.0000000 0.0000000
v 0.4602820 -0.0266470 0.1627240
vn 6.2831850 0.0000000 0.0000000
v 0.4602820 -0.0366380 0.1246070
vn 6.2831850 0.0000000 0.0000000
v 0.4602820 -0.0331110 0.1428000
vn 6.2831855 0.0000000 0.0000000
v 0.4602820 -0.0327300 0.2021090
vn 6.2831855 0.0000000 0.0000000
v 0.4602820 -0.0302510 0.2182540
vn 6.2831850 0.0000000 0.0000000
v 0.4602820 -0.0280200 0.2371350
vn 3.1415925 0.0000000 3.1415925
v 0.4602820 -0.0262080 0.2555310
vn 3.2132783 -0.5454335 -3.0930517
v 0.4602820 -0.0671470 0.0732170
vn 6.2831855 0.0000000 0.0000000
v 0.4602820 -0.0637330 0.0925950
vn 6.2831855 0.0000000 0.0000000
v 0.4602820 -0.0603200 0.1113100
vn 6.2831850 0.0000000 0.0000000
v 0.4602820 -0.0343120 0.1855640
vn 6.2831860 0.0000000 0.0000000
v 0.4602820 -0.0558970 0.1287510
vn 6.2831855 0.0000000 0.0000000
v 0.4602820 -0.0428730 0.1689440
vn 6.2831860 0.0000000 0.0000000
v 0.4602820 -0.0518730 0.1463960
vn 3.2129116 -0.5454215 -3.0930622
v 0.4602820 -0.0865190 0.0766310
vn 3.2136385 -0.5453522 -3.0930576
v 0.4602820 -0.1058730 0.0800460
vn 3.2136626 -0.5451189 -3.0930982
v 0.4602820 -0.1252450 0.0834600
vn 3.2132928 -0.5455114 -3.0930374
v 0.4602820 -0.1446180 0.0868750
vn 1.6066910 -1.8422344 -1.2695336
v 0.4602820 -0.1639720 0.0902890
vn 6.2831850 0.0000000 0.0000000
v 0.4602820 -0.0452760 0.1895770
vn 6.2831855 0.0000000 0.0000000
v 0.4602820 -0.0460010 0.2022990
vn 6.2831855 0.0000000 0.0000000
v 0.4602820 -0.0449900 0.2178580
vn 6.2831850 0.0000000 0.0000000
v 0.4602820 -0.0449900 0.2367380
vn 3.1415925 0.0000000 3.1415925
v 0.4602820 -0.0449900 0.2555310
vn 6.2831850 0.0000000 0.0000000
v 0.4602820 -0.0830870 0.0960080
vn 6.2831860 0.0000000 0.0000000
v 0.4602820 -0.0798460 0.1146420
vn 6.2831860 0.0000000 0.0000000
v 0.4602820 -0.0767180 0.1308800
vn 6.2831855 0.0000000 0.0000000
v 0.4602820 -0.0595770 0.1794810
vn 6.2831845 0.0000000 0.0000000
v 0.4602820 -0.0711890 0.1503350
vn 6.2831860 0.0000000 0.0000000
v 0.4602820 -0.1024790 0.0993550
vn 6.2831855 0.0000000 0.0000000
v 0.4602820 -0.1239490 0.1025010
vn 6.2831850 0.0000000 0.0000000
v 0.4602820 -0.1423680 0.1051990
vn 3.1410248 -3.0937953 0.5459241
v 0.4602820 -0.1607680 0.1084480
vn 6.2831855 0.0000000 0.0000000
v 0.4602820 -0.0642100 0.2000140
vn 6.2831855 0.0000000 0.0000000
v 0.4602820 -0.0637910 0.2178960
vn 6.2831855 0.0000000 0.0000000
v 0.4602820 -0.0637910 0.2367380
vn 3.1415925 0.0000000 3.1415925
v 0.4602820 -0.0637910 0.2555310
vn 6.2831855 0.0000000 0.0000000
v 0.4602820 -0.1019260 0.1173150
vn 6.2831855 0.0000000 0.0000000
v 0.4602820 -0.0990280 0.1351910
vn 6.2831850 0.0000000 0.0000000
v 0.4602820 -0.0951760 0.1533090
vn 6.2831855 0.0000000 0.0000000
v 0.4602820 -0.0871100 0.1981580
vn 6.2831855 0.0000000 0.0000000
v 0.4602820 -0.0908480 0.1769670
vn 6.2831850 0.0000000 0.0000000
v 0.4602820 -0.1213560 0.1203800
vn 6.2831855 0.0000000 0.0000000
v 0.4602820 -0.1394510 0.1234100
vn 3.1430798 -3.0939388 0.5451091
v 0.4602820 -0.1575650 0.1266060
vn 6.2831850 0.0000000 0.0000000
v 0.4602820 -0.0849370 0.2169660
vn 6.2831850 0.0000000 0.0000000
v 0.4602820 -0.0825720 0.2367380
vn 3.1415927 0.0000000 3.1415925
v 0.4602820 -0.0825720 0.2555310
vn 6.2831855 0.0000000 0.0000000
v 0.4602820 -0.1182670 0.1384370
vn 6.2831855 0.0000000 0.0000000
v 0.4602820 -0.1049000 0.2158720
vn 6.2831855 0.0000000 0.0000000
v 0.4602820 -0.1152350 0.1566510
vn 6.2831850 0.0000000 0.0000000
v 0.4602820 -0.1088090 0.1977470
vn 6.2831850 0.0000000 0.0000000
v 0.4602820 -0.1129280 0.1765030
vn 6.2831855 0.0000000 0.0000000
v 0.4602820 -0.1362670 0.1415730
vn 3.1429458 -3.0937638 0.5461033
v 0.4602820 -0.1543620 0.1447640
vn 6.2831850 0.0000000 0.0000000
v 0.4602820 -0.1013730 0.2367380
vn 3.1415930 0.0000000 3.1415927
v 0.4602820 -0.1013730 0.2555310
vn 6.2831855 0.0000000 0.0000000
v 0.4602820 -0.1201540 0.2367380
vn 6.2831850 0.0000000 0.0000000
v 0.4602820 -0.1233580 0.2167270
vn 6.2831860 0.0000000 0.0000000
v 0.4602820 -0.1331200 0.1597400
vn 6.2831860 0.0000000 0.0000000
v 0.4602820 -0.1271520 0.1976580
vn 6.2831860 0.0000000 0.0000000
v 0.4602820 -0.1299930 0.1779120
vn 3.1425819 -3.0939243 0.5451912
v 0.4602820 -0.1511580 0.1629220
vn 3.1415927 0.0000000 3.1415930
v 0.4602820 -0.1201540 0.2555310
vn 3.1415927 0.0000000 3.1415927
v 0.4602820 -0.1389550 0.2555310
vn 6.2831855 0.0000000 0.0000000
v 0.4602820 -0.1389550 0.2367380
vn 6.2831855 0.0000000 0.0000000
v 0.4602820 -0.1420060 0.2179080
vn 6.2831855 0.0000000 0.0000000
v 0.4602820 -0.1448090 0.1989590
vn 4.7459693 -1.7975744 -1.2801213
v 0.4602820 -0.1479740 0.1810810
vn 3.1415930 0.0000000 3.1415927
v 0.4602820 -0.1577560 0.2555310
vn 6.2831850 0.0000000 0.0000000
v 0.4602820 -0.1577560 0.2367380
vn 6.2831850 0.0000000 0.0000000
v 0.4602820 -0.1584610 0.2193210
vn 6.2831850 0.0000000 0.0000000
v 0.4602820 -0.1626370 0.2021340
vn 3.2141025 -0.5454837 -3.0930235
v 0.4602820 -0.1658020 0.1842260
vn 3.1415925 0.0000000 3.1415927
v 0.4602820 -0.1765370 0.2555310
vn 6.2831855 0.0000000 0.0000000
v 0.4602820 -0.1765370 0.2367380
vn 6.2831850 0.0000000 0.0000000
v 0.4602820 -0.1777770 0.2220560
vn 6.2831860 0.0000000 0.0000000
v 0.4602820 -0.1804650 0.2053350
vn 3.2143867 -0.5454152 -3.0930290
v 0.4602820 -0.1836300 0.1873710
vn 3.1415927 0.0000000 3.1415927
v 0.4602820 -0.1953380 0.2555310
vn 6.2831855 0.0000000 0.0000000
v 0.4602820 -0.1951470 0.2385100
vn 6.2831855 0.0000000 0.0000000
v 0.4602820 -0.1961200 0.2236770
vn 6.2831850 0.0000000 0.0000000
v 0.4602820 -0.1982930 0.2085800
vn 3.2142706 -0.5451418 -3.0930800
v 0.4602820 -0.2014780 0.1905170
vn 3.1415930 0.0000000 3.1415930
v 0.4602820 -0.2141390 0.2555310
vn 6.2831855 0.0000000 0.0000000
v 0.4602820 -0.2143100 0.2392960
vn 6.2831855 0.0000000 0.0000000
v 0.4602820 -0.2145960 0.2239020
vn 6.2831860 0.0000000 0.0000000
v 0.4602820 -0.2165980 0.2098930
vn 3.2136276 -0.5454872 -3.0930340
v 0.4602820 -0.2193250 0.1936620
vn 3.1415925 0.0000000 3.1415925
v 0.4602820 -0.2329200 0.2555310
vn 6.2831855 0.0000000 0.0000000
v 0.4602820 -0.2324240 0.2392760
vn 6.2831855 0.0000000 0.0000000
v 0.4602820 -0.2325580 0.2258290
vn 6.2831855 0.0000000 0.0000000
v 0.4602820 -0.2344840 0.2128650
vn 3.2140784 -0.5454922 -3.0930223
v 0.4602820 -0.2371530 0.1968070
vn 6.2831855 0.0000000 0.0000000
v 0.4602820 -0.2505960 0.2408780
vn 3.1415925 0.0000000 3.1415930
v 0.4602820 -0.2517210 0.2555310
vn 6.2831850 0.0000000 0.0000000
v 0.4602820 -0.2498330 0.2283530
vn 6.2831855 0.0000000 0.0000000
v 0.4602820 -0.2519500 0.2166700
vn 3.2142580 -0.5454497 -3.0930259
v 0.4602820 -0.2549810 0.1999520
vn 6.2831855 0.0000000 0.0000000
v 0.4602820 -0.2646300 0.2391550
vn 6.2831855 0.0000000 0.0000000
v 0.4602820 -0.2596150 0.2289950
vn 3.1415927 0.0000000 3.1415925
v 0.4602820 -0.2705020 0.2555310
vn 6.2831850 0.0000000 0.0000000
v 0.4602820 -0.2657550 0.2198180
vn 3.2140479 -0.5453825 -3.0930429
v 0.4602820 -0.2728290 0.2030980
vn 3.1415925 0.0000000 3.1415927
v 0.4602820 -0.2893030 0.2555310
vn 6.2831855 0.0000000 0.0000000
v 0.4602820 -0.2812180 0.2309860
vn 3.2142797 -0.5454654 -3.0930223
v 0.4602820 -0.2906570 0.2062430
vn 1.5819713 -1.5707451 1.5825257
v 0.4602820 -0.3080850 0.2555310
vn 3.1614163 -3.1413898 0.0279445
v 0.4602820 -0.3081990 0.2324580
vn 1.7738460 -1.8658496 -1.5252936
v 0.4602820 -0.3085040 0.2093880
vn 0.0232312 -3.1414156 3.1640062
v 0.4411350 -0.3081610 0.2555310
vn 0.0426948 -6.2826319 0.0582314
v 0.4424330 -0.3082750 0.2312680
vn 0.1674162 -3.7306919 -3.0460689
v 0.4417450 -0.3085800 0.2089690
vn 0.0469349 -3.1411469 3.1640656
v 0.4219850 -0.3083710 0.2555310
vn 0.0954379 -6.2819414 0.0599484
v 0.4220710 -0.3084850 0.2306290
vn 0.3347901 -3.7285411 -3.0322995
v 0.4230720 -0.3088090 0.2077010
vn 0.0700996 -3.1407166 3.1646004
v 0.4028330 -0.3087330 0.2555310
vn 0.1531894 -6.2808609 0.0623951
v 0.3942420 -0.3090760 0.2291960
vn 0.5036595 -3.7260423 -3.0184038
v 0.4044790 -0.3091720 0.2055850
vn 0.0898960 -3.1402419 3.1599612
v 0.3836780 -0.3092290 0.2555310
vn 0.1942920 -6.2799282 0.0395825
v 0.3773040 -0.3094770 0.2376190
vn 0.6664289 -3.7206185 -2.9850612
v 0.3860040 -0.3097050 0.2026250
vn 0.2117151 -6.2792139 0.0679010
v 0.3722340 -0.3097440 0.2271980
vn 0.1905679 -6.2794452 0.0945197
v 0.3785220 -0.3096480 0.2179090
vn 0.1163325 -3.1393781 3.1586962
v 0.3645250 -0.3098580 0.2555310
vn 0.2387075 -6.2784767 0.0354319
v 0.3629590 -0.3099720 0.2391030
vn 0.2409393 -6.2780619 0.0710308
v 0.3621760 -0.3101060 0.2262530
vn 0.8325094 -3.7143295 -2.9483352
v 0.3676880 -0.3103730 0.1988280
vn 0.2359671 -6.2777748 0.1054261
v 0.3636880 -0.3102200 0.2141170
vn 0.1389624 -3.1384621 3.1583505
v 0.3453710 -0.3106400 0.2555310
vn 0.2816615 -6.2766161 0.0410330
v 0.3445080 -0.3107350 0.2378240
vn 0.2815055 -6.2763190 0.0778748
v 0.3450700 -0.3108490 0.2240160
vn 0.2751040 -6.2760677 0.1114807
v 0.3470090 -0.3109830 0.2090920
vn 0.9968663 -3.7076881 -2.9111576
v 0.3495700 -0.3111740 0.1942020
vn 0.1631790 -3.1372766 3.1612823
v 0.3262220 -0.3115550 0.2555310
vn 0.3273519 -6.2743597 0.0458443
v 0.3262240 -0.3116310 0.2362880
vn 0.3246804 -6.2740903 0.0851371
v 0.3271470 -0.3117460 0.2207470
vn 0.3188856 -6.2737870 0.1228309
v 0.3292190 -0.3119170 0.2042640
vn 1.1581233 -3.6988263 -2.8585782
v 0.3316880 -0.3121460 0.1887570
vn 0.1858699 -3.1360183 3.1609612
v 0.3070780 -0.3126230 0.2555310
vn 0.3720848 -6.2718606 0.0466905
v 0.3070800 -0.3126990 0.2363190
vn 0.3697847 -6.2715349 0.0896275
v 0.3076140 -0.3128710 0.2177320
vn 0.3625335 -6.2710938 0.1358000
v 0.3108300 -0.3130230 0.1985100
vn 1.3168809 -3.6889944 -2.8026493
v 0.3139990 -0.3132520 0.1824730
vn 0.2077146 -3.1346467 3.1610482
v 0.2879380 -0.3138240 0.2555310
vn 0.4165743 -6.2690363 0.0484290
v 0.2879420 -0.3139000 0.2363350
vn 0.4196545 -6.2681341 0.1016915
v 0.2890300 -0.3140910 0.2134760
vn 0.4095765 -6.2678728 0.1511836
v 0.2926550 -0.3143010 0.1918390
vn 1.4731175 -3.6778476 -2.7419739
v 0.2967050 -0.3144910 0.1754230
vn 0.2306454 -3.1330357 3.1617346
v 0.2688070 -0.3151590 0.2555310
vn 0.4666273 -6.2654109 0.0540657
v 0.2667730 -0.3153880 0.2357230
vn 0.4761211 -6.2639117 0.1146260
v 0.2613710 -0.3161880 0.2071390
vn 0.4561704 -6.2642312 0.1656865
v 0.2713510 -0.3159410 0.1847550
vn 1.6271358 -3.6653557 -2.6729107
v 0.2797600 -0.3158640 0.1675930
vn 0.2559383 -3.1310732 3.1613967
v 0.2496840 -0.3166460 0.2555310
vn 0.5133789 -6.2618399 0.0495099
v 0.2476060 -0.3168940 0.2360100
vn 0.5145808 -6.2612710 0.0938726
v 0.2439320 -0.3174470 0.2149840
vn 0.5250028 -6.2597713 0.1280455
v 0.2391510 -0.3180760 0.2019010
vn 0.5093971 -6.2605762 0.1519297
v 0.2462180 -0.3177140 0.1921970
vn 0.4966541 -6.2603946 0.1931910
v 0.2540220 -0.3175230 0.1757620
vn 1.7739582 -3.6513324 -2.5926020
v 0.2632000 -0.3173900 0.1590010
vn 0.2774951 -3.1292641 3.1574435
v 0.2305730 -0.3182860 0.2555310
vn 0.3006143 -3.1271009 3.1613369
v 0.2114750 -0.3200400 0.2555310
vn 0.5562676 -6.2581954 0.0451837
v 0.2305790 -0.3183430 0.2363490
vn 0.5587339 -6.2575541 0.0881280
v 0.2305960 -0.3185530 0.2174160
vn 0.5723394 -6.2554431 0.1367443
v 0.2286870 -0.3190290 0.2003110
vn 0.5553194 -6.2559996 0.1754750
v 0.2337190 -0.3189720 0.1844780
vn 0.5361966 -6.2563829 0.2168159
v 0.2402440 -0.3189530 0.1669330
vn 1.9207678 -3.6366835 -2.5103323
v 0.2470610 -0.3190290 0.1496660
vn 0.6017125 -6.2540150 0.0462095
v 0.2114830 -0.3201160 0.2363500
vn 0.3248179 -3.1246736 3.1620874
v 0.1923900 -0.3219470 0.2555310
vn 0.6497597 -6.2491918 0.0460562
v 0.1923980 -0.3220230 0.2363500
vn 0.6100734 -6.2525778 0.0959750
v 0.2080850 -0.3206500 0.2171750
vn 0.6188440 -6.2506399 0.1522826
v 0.2028120 -0.3216610 0.1929300
vn 0.5971530 -6.2513952 0.1995217
v 0.2132880 -0.3212410 0.1714190
vn 0.5757287 -6.2519488 0.2421954
v 0.2226280 -0.3209550 0.1550600
vn 2.0629818 -3.6208346 -2.4196689
v 0.2313760 -0.3208030 0.1396060
vn 0.6561317 -6.2480130 0.0928997
v 0.1889640 -0.3225950 0.2172610
vn 0.3482472 -3.1221588 3.1611204
v 0.1733230 -0.3240060 0.2555310
vn 0.6946527 -6.2443852 0.0459179
v 0.1733300 -0.3240820 0.2363510
vn 0.6976945 -6.2435741 0.0903431
v 0.1733530 -0.3242920 0.2172160
vn 0.3693950 -3.1197400 3.1587987
v 0.1542700 -0.3261990 0.2555310
vn 0.3944104 -3.1166592 3.1614041
v 0.1352370 -0.3285250 0.2555310
vn 0.4163651 -3.1138186 3.1588483
v 0.1162250 -0.3310040 0.2555310
vn 0.4398544 -3.1105866 3.1589949
v 0.0972330 -0.3336160 0.2555310
vn 0.4611098 -3.1074948 3.1612253
v 0.0782670 -0.3363620 0.2555310
vn 0.4846444 -3.1039004 3.1622958
v 0.0593250 -0.3392410 0.2555310
vn 0.5097200 -3.0998807 3.1623771
v 0.0404080 -0.3422730 0.2555310
vn 0.5310385 -3.0963316 3.1580989
v 0.0215220 -0.3454570 0.2555310
vn 1.8383139 -1.5483323 4.5441031
v 0.0026640 -0.3487560 0.2555310
vn 0.6596447 -6.2468610 0.1352831
v 0.1854060 -0.3233010 0.1990550
vn 0.6701913 -6.2450576 0.1671507
v 0.1808690 -0.3240820 0.1873860
vn 0.6526647 -6.2462673 0.1883955
v 0.1882660 -0.3235680 0.1776820
vn 0.6367921 -6.2463675 0.2316495
v 0.1968900 -0.3232620 0.1597190
vn 0.6126452 -6.2473183 0.2698156
v 0.2067580 -0.3229190 0.1440280
vn 2.1980565 -3.6032844 -2.3208523
v 0.2161810 -0.3227100 0.1288430
vn 0.7012689 -6.2425261 0.1279956
v 0.1725430 -0.3246730 0.2007780
vn 0.7403175 -6.2390442 0.0472107
v 0.1542780 -0.3262560 0.2363520
vn 0.7411929 -6.2385139 0.0928806
v 0.1543030 -0.3264850 0.2171990
vn 0.7446492 -6.2373900 0.1325164
v 0.1532460 -0.3269230 0.1999370
vn 0.7872798 -6.2333660 0.0472076
v 0.1352460 -0.3286010 0.2363530
vn 0.8312188 -6.2276373 0.0441427
v 0.1162340 -0.3310610 0.2363550
vn 0.8812488 -6.2207537 0.0442194
v 0.0972450 -0.3336730 0.2363580
vn 0.9245039 -6.2145052 0.0466030
v 0.0782780 -0.3364380 0.2363610
vn 0.9693233 -6.2076335 0.0474307
v 0.0593360 -0.3393170 0.2363640
vn 1.0172356 -6.1999793 0.0469798
v 0.0404230 -0.3423490 0.2363680
vn 1.0624017 -6.1923780 0.0458560
v 0.0215350 -0.3455140 0.2363310
vn 3.6779888 -3.0953083 0.0233035
v 0.0026600 -0.3488320 0.2361900
vn 0.7040749 -6.2411089 0.1713586
v 0.1710080 -0.3251880 0.1860820
vn 0.6956354 -6.2407031 0.2151624
v 0.1753420 -0.3252070 0.1698290
vn 0.6767370 -6.2412119 0.2569593
v 0.1841680 -0.3249790 0.1501990
vn 0.6500618 -6.2422333 0.2972603
v 0.1926170 -0.3248450 0.1328810
vn 2.3293872 -3.5849850 -2.2172613
v 0.2015060 -0.3247310 0.1174010
vn 0.7468510 -6.2359562 0.1785962
v 0.1528230 -0.3273620 0.1841500
vn 0.7838960 -6.2333050 0.0909585
v 0.1352710 -0.3288110 0.2171900
vn 0.7895564 -6.2318039 0.1344655
v 0.1330270 -0.3294210 0.1992260
vn 0.7904824 -6.2306728 0.1749954
v 0.1310420 -0.3300510 0.1839370
vn 0.8324128 -6.2269373 0.0936920
v 0.1162610 -0.3312710 0.2171880
vn 0.8812202 -6.2201905 0.0948381
v 0.0972730 -0.3338830 0.2171900
vn 0.9247428 -6.2139525 0.0926893
v 0.0783090 -0.3366480 0.2171930
vn 0.9690638 -6.2071667 0.0922786
v 0.0593690 -0.3395270 0.2171990
vn 1.0169626 -6.1995430 0.0914054
v 0.0404750 -0.3425590 0.2171240
vn 1.0617875 -6.1919823 0.0934746
v 0.0216300 -0.3457240 0.2168010
vn 3.6752999 -3.0955739 0.0457872
v 0.0026600 -0.3490420 0.2168540
vn 3.6744795 -3.0952518 0.0704685
v 0.0026600 -0.3494040 0.1975200
vn 0.7474632 -6.2339339 0.2347310
v 0.1509490 -0.3283540 0.1604360
vn 0.7185892 -6.2352848 0.2845534
v 0.1651460 -0.3277430 0.1352270
vn 0.6916372 -6.2363095 0.3264337
v 0.1746800 -0.3274380 0.1195600
vn 2.4585590 -3.5666471 -2.1128628
v 0.1873830 -0.3268470 0.1053040
vn 0.7954560 -6.2286425 0.2189514
v 0.1276270 -0.3310040 0.1674240
vn 0.8358508 -6.2257543 0.1366486
v 0.1163090 -0.3316330 0.1981470
vn 0.8352146 -6.2250633 0.1683860
v 0.1164360 -0.3319570 0.1842170
vn 0.8320990 -6.2245121 0.2014627
v 0.1171860 -0.3322050 0.1725750
vn 0.8800396 -6.2195902 0.1384340
v 0.0973210 -0.3342450 0.1980930
vn 0.9229753 -6.2133336 0.1383615
v 0.0783560 -0.3369910 0.1980670
vn 0.9680600 -6.2064743 0.1385723
v 0.0594580 -0.3398700 0.1980580
vn 1.0174019 -6.1985164 0.1397745
v 0.0407320 -0.3428640 0.1979530
vn 1.0616822 -6.1911268 0.1405946
v 0.0216700 -0.3460860 0.1974420
vn 3.6761694 -3.0943346 0.0939739
v 0.0026600 -0.3499190 0.1781900
vn 1.0608317 -6.1899896 0.1866989
v 0.0216910 -0.3465820 0.1780860
vn 0.7897638 -6.2266378 0.2852306
v 0.1321520 -0.3316520 0.1370670
vn 0.7602870 -6.2285032 0.3223710
v 0.1465860 -0.3306610 0.1205360
vn 0.8304805 -6.2225637 0.2568092
v 0.1164880 -0.3330630 0.1513490
vn 0.7269968 -6.2304392 0.3599418
v 0.1605090 -0.3297840 0.1062410
vn 2.5797853 -3.5457764 -1.9954276
v 0.1738430 -0.3290970 0.0925770
vn 0.8687478 -6.2187333 0.2219595
v 0.1052090 -0.3340740 0.1653490
vn 0.8773262 -6.2189322 0.1788032
v 0.1002840 -0.3342450 0.1815740
vn 0.9226668 -6.2120252 0.1893644
v 0.0784440 -0.3374680 0.1793880
vn 0.9667673 -6.2053175 0.1887765
v 0.0595900 -0.3403470 0.1789530
vn 1.0163767 -6.1974316 0.1886923
v 0.0408600 -0.3433790 0.1780020
vn 3.6775579 -3.0932927 0.1175474
v 0.0026600 -0.3505860 0.1588640
vn 1.0615947 -6.1882672 0.2347520
v 0.0217030 -0.3472490 0.1587350
vn 1.0182704 -6.1956310 0.2333452
v 0.0408560 -0.3440460 0.1586200
vn 0.8287004 -6.2195578 0.3268519
v 0.1174050 -0.3344170 0.1200270
vn 0.7942315 -6.2222919 0.3590696
v 0.1324380 -0.3332350 0.1059290
vn 0.8753512 -6.2148023 0.2921598
v 0.1005970 -0.3359610 0.1349010
vn 0.7596091 -6.2244682 0.3942732
v 0.1469810 -0.3322430 0.0922910
vn 0.9205623 -6.2100029 0.2524690
v 0.0808620 -0.3380400 0.1526290
vn 2.6978254 -3.5250053 -1.8763763
v 0.1609130 -0.3314420 0.0792480
vn 0.9724416 -6.2026792 0.2394715
v 0.0553090 -0.3417580 0.1574410
vn 3.6765733 -3.0925038 0.1404700
v 0.0026600 -0.3513870 0.1395430
vn 1.0626683 -6.1861415 0.2810039
v 0.0217080 -0.3480500 0.1393890
vn 1.0237433 -6.1929197 0.2773530
v 0.0381830 -0.3452280 0.1406460
vn 0.9844103 -6.1993427 0.2759322
v 0.0493640 -0.3433600 0.1418190
vn 0.8630624 -6.2126718 0.3661706
v 0.1035100 -0.3372010 0.1039310
vn 0.8272747 -6.2154450 0.3996108
v 0.1189970 -0.3359040 0.0906880
vn 0.9097821 -6.2075634 0.3376734
v 0.0862690 -0.3391080 0.1134920
vn 0.7907257 -6.2180676 0.4326387
v 0.1341180 -0.3348170 0.0777410
vn 0.9594687 -6.2014184 0.3127480
v 0.0600670 -0.3424440 0.1253870
vn 2.8076077 -3.5021267 -1.7505535
v 0.1486240 -0.3339020 0.0653450
vn 3.6776953 -3.0911932 0.1632621
v 0.0026600 -0.3523410 0.1202290
vn 1.0618058 -6.1839275 0.3290202
v 0.0217120 -0.3490040 0.1200500
vn 1.0130820 -6.1922832 0.3251196
v 0.0415580 -0.3455720 0.1219520
vn 0.8927777 -6.2055688 0.4126101
v 0.0903650 -0.3402520 0.0849840
vn 0.8554769 -6.2090721 0.4385467
v 0.1063020 -0.3387070 0.0748420
vn 0.9331380 -6.2013192 0.3863276
v 0.0742470 -0.3420440 0.0939720
vn 0.8203990 -6.2120023 0.4635792
v 0.1219510 -0.3374870 0.0626220
vn 0.9720982 -6.1965399 0.3672188
v 0.0575400 -0.3442370 0.1002730
vn 2.9138937 -3.4792523 -1.6234281
v 0.1369990 -0.3364380 0.0508970
vn 1.0184878 -6.1887259 0.3730231
v 0.0408290 -0.3469060 0.1005140
vn 3.6744318 -3.0904078 0.1870229
v 0.0026600 -0.3534270 0.1009230
vn 1.0600905 -6.1816263 0.3751519
v 0.0217140 -0.3501100 0.1007190
vn 0.9233132 -6.1983242 0.4530113
v 0.0786610 -0.3430550 0.0695020
vn 0.8857243 -6.2019711 0.4770837
v 0.0943900 -0.3415860 0.0584170
vn 0.9566746 -6.1946611 0.4332407
v 0.0655050 -0.3443890 0.0787270
vn 0.8479297 -6.2050748 0.5041847
v 0.1105060 -0.3402330 0.0469650
vn 0.9819522 -6.1924009 0.4090484
v 0.0553480 -0.3453620 0.0879290
vn 3.0100446 -3.4555571 -1.4833651
v 0.1260630 -0.3390890 0.0359390
vn 1.0168185 -6.1859531 0.4204312
v 0.0417960 -0.3478020 0.0840200
vn 1.0589530 -6.1787391 0.4223750
v 0.0216930 -0.3513490 0.0814570
vn 3.6749086 -3.0887818 0.2110005
v 0.0026600 -0.3546670 0.0816850
vn 0.9510142 -6.1909094 0.4944614
v 0.0684340 -0.3460480 0.0504830
vn 0.9107950 -6.1950831 0.5180212
v 0.0833120 -0.3445610 0.0414420
vn 0.9987804 -6.1855135 0.4670693
v 0.0490270 -0.3480500 0.0640770
vn 0.8730673 -6.1981726 0.5450255
v 0.0998070 -0.3430930 0.0308060
vn 3.1023881 -3.4308381 -1.3462939
v 0.1158410 -0.3418150 0.0204960
vn 1.0561395 -6.1757679 0.4699439
v 0.0217010 -0.3527410 0.0621450
vn 3.6747472 -3.0870745 0.2350164
v 0.0026600 -0.3560590 0.0623970
vn 0.9696620 -6.1851220 0.5301984
v 0.0601910 -0.3487370 0.0336140
vn 0.9322271 -6.1882291 0.5596964
v 0.0731300 -0.3475930 0.0239360
vn 1.0137639 -6.1789660 0.5188239
v 0.0421180 -0.3512350 0.0382650
vn 0.8949422 -6.1914368 0.5848691
v 0.0898770 -0.3460290 0.0141790
vn 1.0596964 -6.1713629 0.5174731
v 0.0218210 -0.3544190 0.0408960
vn 3.1872807 -3.4060421 -1.2040379
v 0.1063530 -0.3446180 0.0046070
vn 3.6769972 -3.0849278 0.2570928
v 0.0026600 -0.3576030 0.0431210
vn 0.9832051 -6.1799135 0.5652341
v 0.0559820 -0.3503190 0.0233080
vn 0.9580238 -6.1809931 0.5952542
v 0.0647970 -0.3499190 0.0127070
vn 1.0158803 -6.1742401 0.5688257
v 0.0418650 -0.3527030 0.0221030
vn 0.9185803 -6.1845856 0.6196869
v 0.0809020 -0.3488700 -0.0014870
vn 1.0593746 -6.1672707 0.5651267
v 0.0228450 -0.3558870 0.0222370
vn 3.2685907 -3.3800445 -1.0585668
v 0.0976220 -0.3474780 -0.0116980
vn 3.6755757 -3.0830574 0.2813206
v 0.0026600 -0.3592810 0.0238570
vn 0.9965147 -6.1725445 0.6190520
v 0.0490440 -0.3536180 0.0004060
vn 0.9444231 -6.1767869 0.6567688
v 0.0707790 -0.3519400 -0.0165390
vn 1.0565870 -6.1630573 0.6133652
v 0.0228070 -0.3578700 0.0014110
vn 3.3373680 -3.3535101 -0.9051898
v 0.0896630 -0.3504340 -0.0283820
vn 3.6782198 -3.0805829 0.3026150
v 0.0026600 -0.3611120 0.0046070
vn 1.0079963 -6.1656847 0.6667995
v 0.0427990 -0.3570310 -0.0226680
vn 0.9612520 -6.1690402 0.7035868
v 0.0624730 -0.3551430 -0.0339860
vn 1.0579215 -6.1579103 0.6614903
v 0.0234720 -0.3598340 -0.0185720
vn 3.4051256 -3.3263922 -0.7536924
v 0.0824960 -0.3534270 -0.0454110
vn 3.6768727 -3.0783281 0.3269516
v 0.0026600 -0.3630760 -0.0146310
vn 1.0210872 -6.1589956 0.7079347
v 0.0379180 -0.3593000 -0.0357230
vn 1.0608739 -6.1523142 0.7074741
v 0.0240460 -0.3617030 -0.0362400
vn 0.9944167 -6.1584721 0.7485983
v 0.0485100 -0.3594150 -0.0514710
vn 3.4655459 -3.2987139 -0.5977756
v 0.0761060 -0.3564970 -0.0628320
vn 3.6757491 -3.0757234 0.3514666
v 0.0026600 -0.3651920 -0.0338510
vn 1.0542984 -6.1479683 0.7531455
v 0.0246070 -0.3637050 -0.0539730
vn 3.6764228 -3.0733356 0.3742050
v 0.0026620 -0.3674610 -0.0530560
vn 3.5119488 -3.2711363 -0.4386743
v 0.0705690 -0.3596050 -0.0804390
vn 0.9979327 -6.1512275 0.8015118
v 0.0489940 -0.3624850 -0.0765010
vn 1.0526361 -6.1429591 0.7954053
v 0.0237680 -0.3663170 -0.0735190
vn 3.6752293 -3.0708487 0.3962237
v 0.0026620 -0.3698640 -0.0722410
vn 3.5546217 -3.2426481 -0.2767967
v 0.0658630 -0.3627510 -0.0982800
vn 1.0060220 -6.1437707 0.8477812
v 0.0457220 -0.3654970 -0.0948820
vn 1.0577492 -6.1360464 0.8402259
v 0.0217180 -0.3691010 -0.0918640
vn 3.6775935 -3.0667205 0.4210283
v 0.0026600 -0.3724190 -0.0914100
vn 3.5876241 -3.2144406 -0.1146307
v 0.0619980 -0.3659360 -0.1163160
vn 1.0092856 -6.1373024 0.8896379
v 0.0436170 -0.3683190 -0.1124070
vn 1.0604519 -6.1288052 0.8885167
v 0.0217180 -0.3718090 -0.1110360
vn 3.6787877 -3.0633130 0.4439247
v 0.0026600 -0.3751260 -0.1105580
vn 3.6152253 -3.1858299 0.0487726
v 0.0589840 -0.3691390 -0.1345090
vn 1.0171736 -6.1291695 0.9356015
v 0.0405930 -0.3716560 -0.1314620
vn 1.0615795 -6.1220345 0.9331682
v 0.0217180 -0.3746690 -0.1301880
vn 3.6770849 -3.0602293 0.4666576
v 0.0026600 -0.3779670 -0.1296860
vn 3.6360157 -3.1561930 0.2152038
v 0.0568270 -0.3723620 -0.1528210
vn 1.0200255 -6.1213336 0.9825979
v 0.0385720 -0.3749930 -0.1506420
vn 1.0643811 -6.1143265 0.9789131
v 0.0213860 -0.3777000 -0.1493130
vn 3.6800568 -3.0560074 0.4903134
v 0.0026600 -0.3809610 -0.1487900
vn 3.6425681 -3.1283023 0.3801823
v 0.0555290 -0.3756220 -0.1712120
vn 1.0211921 -6.1131339 1.0311803
v 0.0376280 -0.3784440 -0.1706470
vn 1.0671078 -6.1058416 1.0279686
v 0.0201700 -0.3812280 -0.1694480
vn 3.6788065 -3.0527663 0.5114138
v 0.0026600 -0.3840880 -0.1678730
vn 3.1304903 3.1175771 -0.6772295
v 0.0547770 -0.0019540 -0.2368330
vn 6.2747574 -0.0507959 -0.2864061
v 0.0547700 -0.0210980 -0.2335950
vn 6.2743073 -0.0505852 -0.2949816
v 0.0547960 -0.0409480 -0.2295550
vn 3.1389365 3.0207510 -0.6857787
v 0.0547950 -0.0600340 -0.2262030
vn 3.1205313 3.0959821 -0.7996665
v 0.0561080 0.0011540 -0.2181330
vn 6.2545204 -0.1017710 -0.5729222
v 0.0560850 -0.0178190 -0.2150540
vn 6.2529783 -0.1018368 -0.5886847
v 0.0561730 -0.0376870 -0.2105960
vn 3.1267521 2.9951582 -0.8303273
v 0.0561710 -0.0566970 -0.2072590
vn 3.1036355 3.0729961 -0.9238582
v 0.0583260 0.0041280 -0.1995080
vn 6.2207623 -0.1526809 -0.8583006
v 0.0582710 -0.0147490 -0.1965740
vn 6.2175264 -0.1526201 -0.8809338
v 0.0584650 -0.0343500 -0.1917270
vn 3.1090965 2.9699130 -0.9762168
v 0.0584630 -0.0533800 -0.1883900
vn 3.0813036 3.0509510 -1.0450774
v 0.0614210 0.0069690 -0.1809880
vn 6.1735840 -0.2031263 -1.1417952
v 0.0613290 -0.0118510 -0.1781620
vn 6.1680365 -0.2031765 -1.1709782
v 0.0616590 -0.0310330 -0.1730170
vn 3.0845766 2.9437783 -1.1224939
v 0.0616550 -0.0500810 -0.1696770
vn 3.0525179 3.0290489 -1.1653817
v 0.0653850 0.0096580 -0.1626200
vn 6.1130619 -0.2528979 -1.4229525
v 0.0652450 -0.0091430 -0.1599030
vn 6.1045198 -0.2531774 -1.4587879
v 0.0657620 -0.0277530 -0.1544320
vn 3.0534170 2.9185727 -1.2660732
v 0.0657580 -0.0468010 -0.1510900
vn 3.0127487 3.0081129 -1.2866946
v 0.0702150 0.0122130 -0.1444310
vn 6.0375242 -0.3034192 -1.7067671
v 0.0700180 -0.0065880 -0.1418110
vn 6.0266166 -0.3051908 -1.7446659
v 0.0707660 -0.0245110 -0.1360320
vn 3.0122461 2.8931050 -1.4087018
v 0.0707600 -0.0435600 -0.1326890
vn 2.9720285 2.9870896 -1.4021912
v 0.0758950 0.0146150 -0.1264700
vn 5.9444637 -0.3541378 -1.9985781
v 0.0762130 -0.0033270 -0.1223570
vn 5.9362302 -0.3541928 -2.0230188
v 0.0766400 -0.0213080 -0.1179270
vn 2.9688594 2.8686941 -1.5490843
v 0.0766350 -0.0403570 -0.1145830
vn 2.9202514 2.9636533 -1.5202183
v 0.0824750 0.0169030 -0.1086220
vn 5.8432574 -0.4027154 -2.2701530
v 0.0828110 -0.0013060 -0.1045460
vn 5.8343940 -0.4010182 -2.2930355
v 0.0833900 -0.0181620 -0.1000950
vn 2.9186280 2.8458934 -1.6856179
v 0.0833840 -0.0372100 -0.0967490
vn 2.8626640 2.9420094 -1.6329840
v 0.0898260 0.0190200 -0.0912380
vn 5.7373037 -0.4472068 -2.5185909
v 0.0894190 0.0001620 -0.0888360
vn 5.7235775 -0.4472568 -2.5495620
v 0.0902680 -0.0158360 -0.0840940
vn 2.8582563 2.8231776 -1.8234669
v 0.0910080 -0.0341210 -0.0792140
vn 2.7994983 2.9229956 -1.7481977
v 0.0979810 0.0209840 -0.0742020
vn 5.6118431 -0.4923948 -2.7788138
v 0.0975000 0.0021450 -0.0718510
vn 5.5951629 -0.4962932 -2.8117294
v 0.0986580 -0.0132040 -0.0668200
vn 2.7910452 2.8000975 -1.9557185
v 0.0994510 -0.0311090 -0.0620940
vn 2.7334280 2.9034677 -1.8542780
v 0.1069270 0.0228140 -0.0575500
vn 5.4669943 -0.5399753 -3.0458145
v 0.1071260 0.0052340 -0.0540930
vn 5.4546289 -0.5413092 -3.0678973
v 0.1077910 -0.0106110 -0.0501100
vn 2.7207100 2.7774458 -2.0857351
v 0.1087200 -0.0281530 -0.0453770
vn 2.6573007 2.8816986 -1.9610343
v 0.1166420 0.0245110 -0.0413190
vn 5.3144746 -0.5829103 -3.2976563
v 0.1168440 0.0071600 -0.0379350
vn 5.3016129 -0.5855892 -3.3178964
v 0.1176570 -0.0082280 -0.0339170
vn 2.6416581 2.7551742 -2.2106531
v 0.1187780 -0.0252930 -0.0291240
vn 5.1464019 -0.6280168 -3.5461891
v 0.1274270 0.0092000 -0.0220990
vn 5.1319494 -0.6299487 -3.5668519
v 0.1283570 -0.0060920 -0.0180570
vn 2.5575128 2.7310169 -2.3351893
v 0.1296140 -0.0225090 -0.0133590
vn 4.9592886 -0.6740332 -3.7953389
v 0.1398630 0.0114500 -0.0053690
vn 4.9416819 -0.6739088 -3.8185153
v 0.1410110 -0.0044710 -0.0010720
vn 2.4683440 2.7093077 -2.4503577
v 0.1411900 -0.0198210 0.0018710
vn 4.7555666 -0.7156478 -4.0404425
v 0.1528100 0.0146730 0.0101130
vn 4.7438350 -0.7168110 -4.0542541
v 0.1534600 -0.0015160 0.0137310
vn 2.3743944 2.6898265 -2.5636513
v 0.1535250 -0.0172280 0.0165770
vn 4.5430865 -0.7527134 -4.2715697
v 0.1667770 0.0190580 0.0249630
vn 4.5347176 -0.7592138 -4.2794962
v 0.1673110 0.0030220 0.0283570
vn 2.2749484 2.6712093 -2.6714759
v 0.1665270 -0.0147490 0.0306590
vn 4.3237820 -0.7916757 -4.4870749
v 0.1812620 0.0237110 0.0387820
vn 4.3203621 -0.7941048 -4.4901600
v 0.1813960 0.0057300 0.0420780
vn 2.1679804 2.6537213 -2.7769134
v 0.1802400 -0.0123650 0.0441590
vn 2.0511541 2.7272823 -2.8973727
v 0.1952180 0.0481930 0.0472650
vn 4.1016707 -0.8279445 -4.6847844
v 0.1949490 0.0275050 0.0506800
vn 4.1087494 -0.8246328 -4.6793375
v 0.1945100 0.0088570 0.0535800
vn 2.0562656 2.6359663 -2.8765247
v 0.1944990 -0.0101150 0.0569170
vn 1.9380059 2.7104216 -2.9902129
v 0.2100890 0.0503100 0.0592960
vn 3.8671527 -0.8612074 -4.8744082
v 0.2105730 0.0312800 0.0630390
vn 3.8840177 -0.8555453 -4.8620524
v 0.2093490 0.0109920 0.0656390
vn 1.9404552 2.6184685 -2.9666841
v 0.2093370 -0.0079990 0.0689810
vn 1.8161489 2.6950448 -3.0768676
v 0.2255200 0.0523120 0.0706210
vn 3.6289473 -0.8919848 -5.0490131
v 0.2256360 0.0334350 0.0740330
vn 3.6444798 -0.8858445 -5.0388131
v 0.2247670 0.0130330 0.0770050
vn 1.8207208 2.6035810 -3.0549955
v 0.2247570 -0.0059970 0.0803500
vn 1.6925756 2.6809795 -3.1596906
v 0.2415250 0.0541810 0.0812400
vn 3.3842897 -0.9205398 -5.2111411
v 0.2415140 0.0352850 0.0845650
vn 3.3973227 -0.9157961 -5.2034864
v 0.2407130 0.0149200 0.0876340
vn 1.6998408 2.5881095 -3.1399732
v 0.2407040 -0.0041090 0.0909840
vn 1.5652717 2.6672826 -3.2371390
v 0.2579850 0.0559160 0.0910750
vn 3.1301351 -0.9473145 -5.3629799
v 0.2579750 0.0370010 0.0944050
vn 3.1426277 -0.9428306 -5.3564477
v 0.2572120 0.0166750 0.0975430
vn 1.5701920 2.5750847 -3.2141550
v 0.2572010 -0.0023740 0.1008950
vn 1.4345169 2.6551094 -3.3055894
v 0.2748880 0.0575170 0.1001250
vn 2.8689654 -0.9717223 -5.5028710
v 0.2748770 0.0385830 0.1034580
vn 2.8800983 -0.9679445 -5.4976797
v 0.2741710 0.0182950 0.1066680
vn 1.4409134 2.5620127 -3.2881136
v 0.2741620 -0.0007530 0.1100210
vn 1.3002113 2.6444476 -3.3673012
v 0.2920810 0.0589670 0.1083200
vn 2.6018145 -0.9936955 -5.6302509
v 0.2920720 0.0400710 0.1116470
vn 2.6106517 -0.9909141 -5.6266265
v 0.2915530 0.0197640 0.1149880
vn 1.3055022 2.5508657 -3.3512964
v 0.2915440 0.0007150 0.1183420
vn 1.1632180 2.6350386 -3.4237537
v 0.3097870 0.0602820 0.1157640
vn 2.3284314 -1.0137446 -5.7452235
v 0.3097780 0.0413480 0.1190950
vn 2.3357227 -1.0117667 -5.7425628
v 0.3093300 0.0210790 0.1224900
vn 1.1686301 2.5409498 -3.4074419
v 0.3093200 0.0020310 0.1258440
vn 1.0244648 2.6253722 -3.4766772
v 0.3278310 0.0614450 0.1223730
vn 2.0496936 -1.0318300 -5.8472433
v 0.3278200 0.0425110 0.1257080
vn 2.0559456 -1.0296255 -5.8454370
v 0.3274340 0.0222610 0.1291430
vn 1.0277301 2.5324783 -3.4581413
v 0.3274250 0.0031940 0.1324990
vn 0.8834259 2.6175785 -3.5204134
v 0.3461720 0.0624560 0.1281320
vn 1.7654746 -1.0474670 -5.9365406
v 0.3461630 0.0435030 0.1314700
vn 1.7707359 -1.0459299 -5.9352093
v 0.3458500 0.0232910 0.1349430
vn 0.8843760 2.5239797 -3.5044334
v 0.3458400 0.0042230 0.1383010
vn 0.7392682 2.6106277 -3.5590396
v 0.3647670 0.0633140 0.1330280
vn 1.4779446 -1.0606771 -6.0122371
v 0.3647550 0.0443610 0.1363670
vn 1.4815862 -1.0596164 -6.0114994
v 0.3645250 0.0241680 0.1398730
vn 0.7409125 2.5169768 -3.5433619
v 0.3645170 0.0051010 0.1432320
vn 0.5922418 2.6043665 -3.5930014
v 0.3835790 0.0640190 0.1370500
vn 1.1868682 -1.0715014 -6.0745001
v 0.3835690 0.0450660 0.1403910
vn 1.1893920 -1.0707519 -6.0741277
v 0.3834070 0.0248930 0.1439170
vn 0.5943082 2.5121183 -3.5730181
v 0.3834000 0.0058060 0.1472800
vn 0.4469109 2.6013339 -3.6135137
v 0.4025590 0.0645910 0.1401890
vn 0.8938146 -1.0793918 -6.1231036
v 0.4025490 0.0456190 0.1435310
vn 0.8942815 -1.0797145 -6.1229553
v 0.4024770 0.0254840 0.1470710
vn 0.4481831 2.5062451 -3.6012075
v 0.4024710 0.0063780 0.1504410
vn 0.2991477 2.5970676 -3.6332927
v 0.4215830 0.0649730 0.1424310
vn 0.5986172 -1.0854294 -6.1578894
v 0.4215750 0.0460580 0.1457670
vn 0.5977616 -1.0854836 -6.1579752
v 0.4216490 0.0259410 0.1493190
vn 0.2986183 2.5045204 -3.6141689
v 0.4216440 0.0067590 0.1527010
vn 0.1502179 2.5963526 -3.6430764
v 0.4407760 0.0652210 0.1437890
vn 0.3008707 -1.0897794 -6.1788373
v 0.4407680 0.0461720 0.1471460
vn 0.2990997 -1.0895360 -6.1789351
v 0.4409650 0.0262850 0.1506650
vn 0.1496423 2.5023112 -3.6266854
v 0.4409500 0.0070070 0.1540620
vn -1.1864010 -2.8450198 2.7596524
v -0.1777100 -0.4592140 0.2555310
vn -0.3096621 -3.1115656 2.9560251
v -0.1593000 -0.4629140 0.2555310
vn 0.0000000 0.0000000 6.2831850
v -0.1556390 -0.4455240 0.2555310
vn 0.0000000 0.0000000 6.2831855
v -0.1699090 -0.4419770 0.2555310
vn 0.0000000 0.0000000 6.2831855
v -0.1817730 -0.4382590 0.2555310
vn -2.1848118 -2.1747422 2.7589524
v -0.1930630 -0.4488990 0.2555310
vn 0.0000000 -3.1415660 3.1544828
v -0.1402520 -0.4629140 0.2555310
vn 0.0000000 0.0000000 6.2831855
v -0.1389530 -0.4465730 0.2555310
vn 0.0000000 0.0000000 6.2831855
v -0.1372260 -0.4299840 0.2555310
vn 0.0000000 0.0000000 6.2831855
v -0.1515990 -0.4292780 0.2555310
vn 0.0000000 0.0000000 6.2831855
v -0.1674970 -0.4285540 0.2555310
vn 0.0000000 0.0000000 6.2831850
v -0.1846870 -0.4272000 0.2555310
vn -2.8492472 -1.1756473 2.7554314
v -0.2033500 -0.4334540 0.2555310
vn 0.0000000 -3.1415663 3.1544831
v -0.1212030 -0.4629140 0.2555310
vn 0.0000000 0.0000000 6.2831850
v -0.1203660 -0.4465340 0.2555310
vn 0.0000000 0.0000000 6.2831850
v -0.1189840 -0.4292780 0.2555310
vn 0.0000000 0.0000000 6.2831855
v -0.1179220 -0.4137000 0.2555310
vn 0.0000000 0.0000000 6.2831850
v -0.1348060 -0.4145580 0.2555310
vn 0.0000000 0.0000000 6.2831855
v -0.1502150 -0.4133190 0.2555310
vn 0.0000000 0.0000000 6.2831855
v -0.1672880 -0.4126130 0.2555310
vn 0.0000000 0.0000000 6.2831850
v -0.1868000 -0.4132620 0.2555310
vn -3.1116114 -0.3054337 2.9466307
v -0.2069690 -0.4152450 0.2555310
vn -0.0000891 0.0000741 6.2831850
v -0.4401810 0.0211550 0.2555310
vn 0.0001001 -3.1415768 3.1515231
v -0.4394030 -0.1034890 0.2555310
vn 0.0000000 0.0000000 6.2831855
v -0.4404150 0.0007910 0.2555310
vn 0.0000000 0.0000000 6.2831855
v -0.4394030 -0.0828960 0.2555310
vn 0.0000000 0.0000000 6.2831855
v -0.4396630 -0.0626280 0.2555310
vn 0.0000000 0.0000000 6.2831855
v -0.4395530 -0.0217660 0.2555310
vn 0.0000000 0.0000000 6.2831850
v -0.4396690 -0.0422060 0.2555310
vn 0.0000000 0.0000000 6.2831855
v -0.4216790 0.0228530 0.2555310
vn 0.0000000 -3.1415663 3.1544828
v -0.1021550 -0.4629140 0.2555310
vn 0.0000000 0.0000000 6.2831855
v -0.1012130 -0.4458290 0.2555310
vn 0.0000000 0.0000000 6.2831850
v -0.1019160 -0.4276190 0.2555310
vn 0.0000000 0.0000000 6.2831850
v -0.1013400 -0.4127470 0.2555310
vn 0.0000000 0.0000000 6.2831850
v -0.1012410 -0.4003150 0.2555310
vn 0.0000000 0.0000000 6.2831855
v -0.1164080 -0.3986940 0.2555310
vn 0.0000000 0.0000000 6.2831855
v -0.1327390 -0.3974540 0.2555310
vn 0.0000000 0.0000000 6.2831855
v -0.1479800 -0.3957960 0.2555310
vn 0.0000000 0.0000000 6.2831855
v -0.1664560 -0.3950520 0.2555310
vn 0.0000000 0.0000000 6.2831850
v -0.1868070 -0.3950710 0.2555310
vn -3.1415925 0.0000000 3.1415925
v -0.2069690 -0.3950710 0.2555310
vn -3.1415930 0.0000000 3.1415925
v -0.2069690 -0.3748780 0.2555310
vn -3.1415927 0.0000000 3.1415925
v -0.2069690 -0.3547050 0.2555310
vn -3.1415925 0.0000000 3.1415925
v -0.2069690 -0.3345310 0.2555310
vn -0.0011890 -3.1415691 3.1536434
v -0.4185240 -0.1034890 0.2555310
vn 0.0000000 0.0000000 6.2831855
v -0.4198390 0.0032320 0.2555310
vn 0.0000000 0.0000000 6.2831850
v -0.4185240 -0.0827820 0.2555310
vn 0.0000000 0.0000000 6.2831855
v -0.4195670 -0.0179520 0.2555310
vn 0.0000000 0.0000000 6.2831855
v -0.4186160 -0.0622840 0.2555310
vn 0.0000000 0.0000000 6.2831850
v -0.4181190 -0.0420920 0.2555310
vn 0.0000000 0.0000000 6.2831850
v -0.4032250 0.0246450 0.2555310
vn 0.0000000 0.0000000 6.2831855
v -0.4010440 0.0059200 0.2555310
vn 0.0000000 -3.1415663 3.1544836
v -0.0831060 -0.4629140 0.2555310
vn 0.0000000 0.0000000 6.2831850
v -0.0830910 -0.4451810 0.2555310
vn 0.0000000 0.0000000 6.2831850
v -0.0836760 -0.4270090 0.2555310
vn 0.0000000 0.0000000 6.2831855
v -0.0833900 -0.4096200 0.2555310
vn 0.0000000 0.0000000 6.2831855
v -0.0851920 -0.3959290 0.2555310
vn 0.0000000 0.0000000 6.2831850
v -0.0897680 -0.3822770 0.2555310
vn 0.0000000 0.0000000 6.2831855
v -0.1017620 -0.3899610 0.2555310
vn 0.0000000 0.0000000 6.2831850
v -0.1136660 -0.3839550 0.2555310
vn 0.0000000 0.0000000 6.2831850
v -0.1288780 -0.3783680 0.2555310
vn 0.0000000 0.0000000 6.2831855
v -0.1448950 -0.3750310 0.2555310
vn 0.0000000 0.0000000 6.2831855
v -0.1663400 -0.3748590 0.2555310
vn 0.0000000 0.0000000 6.2831850
v -0.1868200 -0.3748780 0.2555310
vn 0.0000000 0.0000000 6.2831855
v -0.1868470 -0.3547050 0.2555310
vn 0.0000000 0.0000000 6.2831860
v -0.1868990 -0.3345310 0.2555310
vn -3.1415925 0.0000000 3.1415927
v -0.2069690 -0.3143390 0.2555310
vn 0.0000000 0.0000000 6.2831855
v -0.1870150 -0.3143390 0.2555310
vn -0.0762318 -3.1395116 3.2025552
v -0.3976450 -0.1034890 0.2555310
vn 0.0000000 0.0000000 6.2831855
v -0.3971350 -0.0827060 0.2555310
vn 0.0000000 0.0000000 6.2831855
v -0.3982340 -0.0143480 0.2555310
vn 0.0000000 0.0000000 6.2831855
v -0.3964170 -0.0618460 0.2555310
vn 0.0000000 0.0000000 6.2831855
v -0.3972340 -0.0380680 0.2555310
vn 0.0000000 0.0000000 6.2831850
v -0.3819670 0.0085140 0.2555310
vn 0.0000000 0.0000000 6.2831855
v -0.3848480 0.0271430 0.2555310
vn 0.0000000 0.0000000 6.2831860
v -0.3762760 -0.0106680 0.2555310
vn 0.0000000 0.0000000 6.2831860
v -0.3665770 0.0303080 0.2555310
vn 0.0000000 -3.1415660 3.1544831
v -0.0640580 -0.4629140 0.2555310
vn 0.0000000 0.0000000 6.2831855
v -0.0640540 -0.4446280 0.2555310
vn 0.0000000 0.0000000 6.2831850
v -0.0644960 -0.4261130 0.2555310
vn 0.0000000 0.0000000 6.2831850
v -0.0648980 -0.4082470 0.2555310
vn 0.0000000 0.0000000 6.2831855
v -0.0662640 -0.3924400 0.2555310
vn -0.3072949 -3.1223440 3.2511086
v -0.3789530 -0.1044050 0.2555310
vn -0.6128401 -3.0769508 3.2516127
v -0.3604430 -0.1071500 0.2555310
vn -0.9112303 -3.0022764 3.2496543
v -0.3422920 -0.1117080 0.2555310
vn 0.0000000 0.0000000 6.2831855
v -0.0683190 -0.3759080 0.2555310
vn -3.1397219 -0.0766408 3.1905804
v -0.2069690 -0.2941650 0.2555310
vn -1.2015834 -2.8982689 3.2493808
v -0.3246050 -0.1180380 0.2555310
vn -3.1228755 -0.3057806 3.2403286
v -0.2078730 -0.2756130 0.2555310
vn -1.4799348 -2.7665515 3.2489123
v -0.3076930 -0.1260460 0.2555310
vn -3.0778885 -0.6100685 3.2413697
v -0.2106030 -0.2571170 0.2555310
vn -1.7439694 -2.6082737 3.2472019
v -0.2916470 -0.1356750 0.2555310
vn -3.0031879 -0.9089683 3.2423558
v -0.2151360 -0.2389650 0.2555310
vn -1.9906645 -2.4249995 3.2503326
v -0.2766220 -0.1468110 0.2555310
vn -2.8992462 -1.1997460 3.2436414
v -0.2214550 -0.2212700 0.2555310
vn -2.2197950 -2.2174873 3.2464874
v -0.2627630 -0.1593960 0.2555310
vn -2.7676177 -1.4782759 3.2442353
v -0.2294480 -0.2043570 0.2555310
vn -2.4258206 -1.9898582 3.2474589
v -0.2502010 -0.1732580 0.2555310
vn -2.6098835 -1.7417024 3.2445111
v -0.2390620 -0.1883020 0.2555310
vn 0.0000000 0.0000000 6.2831855
v -0.0705010 -0.3569550 0.2555310
vn 0.0000000 0.0000000 6.2831855
v -0.0986750 -0.3650010 0.2555310
vn 0.0000000 0.0000000 6.2831850
v -0.1233670 -0.3583280 0.2555310
vn 0.0000000 0.0000000 6.2831850
v -0.1437810 -0.3549910 0.2555310
vn 0.0000000 0.0000000 6.2831855
v -0.1661440 -0.3546670 0.2555310
vn 0.0000000 0.0000000 6.2831855
v -0.1658290 -0.3344360 0.2555310
vn 0.0000000 0.0000000 6.2831850
v -0.1654500 -0.3140720 0.2555310
vn 0.0000000 0.0000000 6.2831855
v -0.1874120 -0.2936890 0.2555310
vn 0.0000000 0.0000000 6.2831855
v -0.1666090 -0.2905620 0.2555310
vn 0.0000000 0.0000000 6.2831850
v -0.3769760 -0.0843070 0.2555310
vn 0.0000000 0.0000000 6.2831850
v -0.3484920 0.0341210 0.2555310
vn 0.0000000 0.0000000 6.2831855
v -0.3735650 -0.0618840 0.2555310
vn 0.0000000 0.0000000 6.2831850
v -0.3682420 -0.0310710 0.2555310
vn 0.0000000 0.0000000 6.2831850
v -0.3593290 -0.0074270 0.2555310
vn 0.0000000 0.0000000 6.2831860
v -0.3630160 0.0117930 0.2555310
vn 0.0000000 0.0000000 6.2831850
v -0.3559550 -0.0190010 0.2555310
vn 0.0000000 0.0000000 6.2831850
v -0.3442360 0.0157400 0.2555310
vn 0.3048736 -3.1125078 2.9591341
v -0.0450090 -0.4629140 0.2555310
vn 0.0000000 0.0000000 6.2831855
v -0.0464490 -0.4443040 0.2555310
vn 0.0000000 0.0000000 6.2831850
v -0.0471480 -0.4260940 0.2555310
vn 0.0000000 0.0000000 6.2831855
v -0.0486490 -0.4095620 0.2555310
vn 0.0000000 0.0000000 6.2831855
v -0.0500960 -0.3915630 0.2555310
vn 0.0000000 0.0000000 6.2831855
v -0.0518730 -0.3743250 0.2555310
vn 0.0000000 0.0000000 6.2831850
v -0.3565640 -0.0875870 0.2555310
vn 0.0000000 0.0000000 6.2831850
v -0.3365540 -0.0927350 0.2555310
vn 0.0000000 0.0000000 6.2831860
v -0.3170520 -0.0997710 0.2555310
vn 0.0000000 0.0000000 6.2831855
v -0.0549600 -0.3540180 0.2555310
vn 0.0000000 0.0000000 6.2831850
v -0.1883150 -0.2736870 0.2555310
vn 0.0000000 0.0000000 6.2831850
v -0.3003340 -0.1094000 0.2555310
vn 0.0000000 0.0000000 6.2831850
v -0.1928820 -0.2519120 0.2555310
vn 0.0000000 0.0000000 6.2831855
v -0.2827400 -0.1197350 0.2555310
vn 0.0000000 0.0000000 6.2831860
v -0.1981490 -0.2321960 0.2555310
vn 0.0000000 0.0000000 6.2831850
v -0.2662270 -0.1317860 0.2555310
vn 0.0000000 0.0000000 6.2831855
v -0.2052170 -0.2129180 0.2555310
vn 0.0000000 0.0000000 6.2831850
v -0.2509770 -0.1454570 0.2555310
vn 0.0000000 0.0000000 6.2831855
v -0.2141140 -0.1944800 0.2555310
vn 0.0000000 0.0000000 6.2831855
v -0.2371270 -0.1605400 0.2555310
vn 0.0000000 0.0000000 6.2831855
v -0.2247710 -0.1769570 0.2555310
vn 0.0000000 0.0000000 6.2831855
v -0.0559840 -0.3337120 0.2555310
vn 0.0000000 0.0000000 6.2831855
v -0.0699910 -0.3355040 0.2555310
vn 0.0000000 0.0000000 6.2831855
v -0.0894590 -0.3349890 0.2555310
vn 0.0000000 0.0000000 6.2831855
v -0.1200380 -0.3335970 0.2555310
vn 0.0000000 0.0000000 6.2831855
v -0.1424010 -0.3334450 0.2555310
vn 0.0000000 0.0000000 6.2831860
v -0.1412680 -0.3105630 0.2555310
vn 0.0000000 0.0000000 6.2831855
v -0.1411780 -0.2865380 0.2555310
vn 0.0000000 0.0000000 6.2831850
v -0.1683650 -0.2689390 0.2555310
vn 0.0000000 0.0000000 6.2831850
v -0.1449900 -0.2630470 0.2555310
vn 0.0000000 0.0000000 6.2831855
v -0.3304980 0.0386600 0.2555310
vn 0.0000000 0.0000000 6.2831855
v -0.3524670 -0.0668220 0.2555310
vn 0.0000000 0.0000000 6.2831850
v -0.3255440 0.0204500 0.2555310
vn 0.0000000 0.0000000 6.2831855
v -0.3464410 -0.0420350 0.2555310
vn 0.0000000 0.0000000 6.2831845
v -0.3415280 -0.0218990 0.2555310
vn 0.0000000 0.0000000 6.2831855
v -0.3425100 -0.0037090 0.2555310
vn 0.0000000 0.0000000 6.2831855
v -0.3204010 0.0015350 0.2555310
vn 0.0000000 0.0000000 6.2831855
v -0.3126890 0.0438650 0.2555310
vn 1.1722504 -2.8522625 2.7642035
v -0.0268800 -0.4593290 0.2555310
vn 0.0000000 0.0000000 6.2831850
v -0.0326400 -0.4420350 0.2555310
vn 0.0000000 0.0000000 6.2831855
v -0.0326740 -0.4261130 0.2555310
vn 0.0000000 0.0000000 6.2831850
v -0.0334480 -0.4111260 0.2555310
vn 0.0000000 0.0000000 6.2831850
v -0.0675870 -0.3231670 0.2555310
vn 0.0000000 0.0000000 6.2831855
v -0.0351850 -0.3918100 0.2555310
vn 0.0000000 0.0000000 6.2831855
v -0.0365010 -0.3722280 0.2555310
vn 0.0000000 0.0000000 6.2831850
v -0.0380060 -0.3511580 0.2555310
vn 0.0000000 0.0000000 6.2831860
v -0.3320470 -0.0739730 0.2555310
vn 0.0000000 0.0000000 6.2831850
v -0.3109170 -0.0825340 0.2555310
vn 0.0000000 0.0000000 6.2831855
v -0.2931230 -0.0919730 0.2555310
vn 0.0000000 0.0000000 6.2831855
v -0.0376030 -0.3319570 0.2555310
vn 0.0000000 0.0000000 6.2831860
v -0.1741710 -0.2459240 0.2555310
vn 0.0000000 0.0000000 6.2831855
v -0.2749480 -0.1042900 0.2555310
vn 0.0000000 0.0000000 6.2831860
v -0.1814610 -0.2249690 0.2555310
vn 0.0000000 0.0000000 6.2831855
v -0.2574930 -0.1175420 0.2555310
vn 0.0000000 0.0000000 6.2831850
v -0.1898580 -0.2048150 0.2555310
vn 0.0000000 0.0000000 6.2831855
v -0.2411750 -0.1322240 0.2555310
vn 0.0000000 0.0000000 6.2831850
v -0.1997830 -0.1851940 0.2555310
vn 0.0000000 0.0000000 6.2831855
v -0.2260430 -0.1483360 0.2555310
vn 0.0000000 0.0000000 6.2831850
v -0.2123080 -0.1659360 0.2555310
vn 0.0000000 0.0000000 6.2831850
v -0.0558070 -0.3202310 0.2555310
vn 0.0000000 0.0000000 6.2831850
v -0.0365490 -0.3161690 0.2555310
vn 0.0000000 0.0000000 6.2831855
v -0.0805550 -0.3119740 0.2555310
vn 0.0000000 0.0000000 6.2831850
v -0.1167280 -0.3090000 0.2555310
vn 0.0000000 0.0000000 6.2831850
v -0.1173800 -0.2818670 0.2555310
vn 0.0000000 0.0000000 6.2831850
v -0.1211710 -0.2555730 0.2555310
vn 0.0000000 0.0000000 6.2831850
v -0.1523670 -0.2367340 0.2555310
vn 0.0000000 0.0000000 6.2831850
v -0.1301040 -0.2268760 0.2555310
vn 0.0000000 0.0000000 6.2831855
v -0.3070580 0.0258460 0.2555310
vn 0.0000000 0.0000000 6.2831850
v -0.3255140 -0.0523120 0.2555310
vn 0.0000000 0.0000000 6.2831855
v -0.3012150 0.0071410 0.2555310
vn 0.0000000 0.0000000 6.2831850
v -0.3127700 -0.0232150 0.2555310
vn 0.0000000 0.0000000 6.2831855
v -0.2911770 -0.0094670 0.2555310
vn 0.0000000 0.0000000 6.2831855
v -0.2950910 0.0497190 0.2555310
vn 0.0000000 0.0000000 6.2831850
v -0.2887900 0.0319290 0.2555310
vn 0.0000000 0.0000000 6.2831860
v -0.2777250 0.0562210 0.2555310
vn 0.0000000 0.0000000 6.2831850
v -0.2606100 0.0633900 0.2555310
vn 0.0000000 0.0000000 6.2831850
v -0.2437770 0.0711890 0.2555310
vn 0.0000000 0.0000000 6.2831850
v -0.2272150 0.0796550 0.2555310
vn 0.0000000 0.0000000 6.2831855
v -0.0215270 -0.4390030 0.2555310
vn 2.1678264 -2.1920750 2.7596409
v -0.0115110 -0.4491660 0.2555310
vn 0.0000000 0.0000000 6.2831850
v -0.0182440 -0.4273520 0.2555310
vn 0.0000000 0.0000000 6.2831855
v -0.0148630 -0.4130710 0.2555310
vn 0.0000000 0.0000000 6.2831855
v -0.0149510 -0.3924400 0.2555310
vn 0.0000000 0.0000000 6.2831855
v -0.0570220 -0.3035080 0.2555310
vn 0.0000000 0.0000000 6.2831850
v -0.0160090 -0.3708170 0.2555310
vn 0.0000000 0.0000000 6.2831855
v -0.0173230 -0.3499000 0.2555310
vn 0.0000000 0.0000000 6.2831850
v -0.0185280 -0.3296120 0.2555310
vn 0.0000000 0.0000000 6.2831855
v -0.3026960 -0.0598250 0.2555310
vn 0.0000000 0.0000000 6.2831850
v -0.2850580 -0.0718940 0.2555310
vn 0.0000000 0.0000000 6.2831850
v -0.2658140 -0.0856990 0.2555310
vn 0.0000000 0.0000000 6.2831850
v -0.0177840 -0.3125270 0.2555310
vn 0.0000000 0.0000000 6.2831855
v -0.1611120 -0.2135670 0.2555310
vn 0.0000000 0.0000000 6.2831855
v -0.2472780 -0.1004390 0.2555310
vn 0.0000000 0.0000000 6.2831850
v -0.1710250 -0.1923250 0.2555310
vn 0.0000000 0.0000000 6.2831850
v -0.2299590 -0.1166460 0.2555310
vn 0.0000000 0.0000000 6.2831850
v -0.1827420 -0.1716180 0.2555310
vn 0.0000000 0.0000000 6.2831855
v -0.2128950 -0.1333110 0.2555310
vn 0.0000000 0.0000000 6.2831850
v -0.1967870 -0.1517300 0.2555310
vn 0.0000000 0.0000000 6.2831855
v -0.0351090 -0.2974830 0.2555310
vn 0.0000000 0.0000000 6.2831855
v -0.0166400 -0.2928500 0.2555310
vn 0.0000000 0.0000000 6.2831855
v -0.0577310 -0.2730770 0.2555310
vn 0.0000000 0.0000000 6.2831860
v -0.0900350 -0.2775770 0.2555310
vn 0.0000000 0.0000000 6.2831855
v -0.0948120 -0.2469540 0.2555310
vn 0.0000000 0.0000000 6.2831855
v -0.1063910 -0.2138720 0.2555310
vn 0.0000000 0.0000000 6.2831860
v -0.1403990 -0.2015730 0.2555310
vn 0.0000000 0.0000000 6.2831855
v -0.1169570 -0.1862050 0.2555310
vn 0.0000000 0.0000000 6.2831855
v -0.2822530 0.0134330 0.2555310
vn 0.0000000 0.0000000 6.2831850
v -0.2920740 -0.0383350 0.2555310
vn 0.0000000 0.0000000 6.2831855
v -0.2776450 -0.0024120 0.2555310
vn 0.0000000 0.0000000 6.2831850
v -0.2802320 -0.0216890 0.2555310
vn 0.0000000 0.0000000 6.2831855
v -0.2733180 -0.0123650 0.2555310
vn 0.0000000 0.0000000 6.2831850
v -0.2707620 0.0386790 0.2555310
vn 0.0000000 0.0000000 6.2831855
v -0.2672900 0.0193060 0.2555310
vn 0.0000000 0.0000000 6.2831850
v -0.2529930 0.0460960 0.2555310
vn 0.0000000 0.0000000 6.2831850
v -0.2355040 0.0542000 0.2555310
vn 0.0000000 0.0000000 6.2831855
v -0.2183140 0.0629900 0.2555310
vn 0.0000000 0.0000000 6.2831855
v -0.2014970 0.0723900 0.2555310
vn 0.0000000 0.0000000 6.2831850
v -0.2110150 0.0886930 0.2555310
vn 2.8404832 -1.1929189 2.7498984
v -0.0011120 -0.4338350 0.2555310
vn 3.1103525 -0.3117166 2.9425070
v 0.0026600 -0.4152450 0.2555310
vn 3.1415925 0.0000000 3.1415927
v 0.0026600 -0.3930880 0.2555310
vn 3.1415927 -0.0001299 3.1416249
v 0.0026600 -0.3709120 0.2555310
vn 0.0000000 0.0000000 6.2831850
v -0.0326380 -0.2716080 0.2555310
vn 0.0000000 0.0000000 6.2831850
v 0.0003870 -0.3291540 0.2555310
vn 0.0000000 0.0000000 6.2831850
v -0.0012130 -0.3095340 0.2555310
vn 0.0000000 0.0000000 6.2831855
v -0.2755040 -0.0496420 0.2555310
vn 0.0000000 0.0000000 6.2831850
v -0.2563280 -0.0638860 0.2555310
vn 0.0000000 0.0000000 6.2831850
v -0.2365130 -0.0801890 0.2555310
vn 0.0000000 0.0000000 6.2831855
v -0.0018040 -0.2897800 0.2555310
vn 0.0000000 0.0000000 6.2831850
v -0.1504300 -0.1784820 0.2555310
vn 0.0000000 0.0000000 6.2831860
v -0.2167360 -0.0967590 0.2555310
vn 0.0000000 0.0000000 6.2831850
v -0.1636090 -0.1569550 0.2555310
vn 0.0000000 0.0000000 6.2831850
v -0.1975310 -0.1148350 0.2555310
vn 0.0000000 0.0000000 6.2831850
v -0.1795820 -0.1352750 0.2555310
vn 0.0000000 0.0000000 6.2831850
v -0.0149470 -0.2709600 0.2555310
vn 0.0000000 0.0000000 6.2831855
v -0.0000740 -0.2703690 0.2555310
vn 0.0000000 0.0000000 6.2831845
v -0.0268950 -0.2449710 0.2555310
vn 0.0000000 0.0000000 6.2831850
v -0.0538640 -0.2344270 0.2555310
vn 0.0000000 0.0000000 6.2831860
v -0.0753530 -0.1959480 0.2555310
vn 0.0000000 0.0000000 6.2831855
v -0.0887040 -0.1668700 0.2555310
vn 0.0000000 0.0000000 6.2831855
v -0.1274740 -0.1625800 0.2555310
vn 0.0000000 0.0000000 6.2831855
v -0.1011730 -0.1434170 0.2555310
vn 0.0000000 0.0000000 6.2831860
v -0.2639760 0.0019350 0.2555310
vn 0.0000000 0.0000000 6.2831850
v -0.2670070 -0.0296020 0.2555310
vn 0.0000000 0.0000000 6.2831850
v -0.2617010 -0.0134900 0.2555310
vn 0.0000000 0.0000000 6.2831850
v -0.2450830 0.0281340 0.2555310
vn 0.0000000 0.0000000 6.2831860
v -0.2405530 0.0091240 0.2555310
vn 0.0000000 0.0000000 6.2831855
v -0.2269080 0.0365620 0.2555310
vn 0.0000000 0.0000000 6.2831855
v -0.2090650 0.0457150 0.2555310
vn 0.0000000 0.0000000 6.2831850
v -0.1916050 0.0554770 0.2555310
vn 0.0000000 0.0000000 6.2831850
v -0.1745200 0.0659450 0.2555310
vn 0.0000000 0.0000000 6.2831850
v -0.1850300 0.0824580 0.2555310
vn 0.0000000 0.0000000 6.2831855
v -0.1951450 0.0983790 0.2555310
vn 0.0000000 0.0000000 6.2831850
v -0.0114560 -0.2503480 0.2555310
vn 0.0000000 0.0000000 6.2831850
v 0.0182860 -0.3266370 0.2555310
vn 0.0000000 0.0000000 6.2831850
v 0.0161600 -0.3080850 0.2555310
vn 0.0000000 0.0000000 6.2831850
v 0.0152880 -0.2896460 0.2555310
vn 0.0000000 0.0000000 6.2831850
v -0.2462940 -0.0403370 0.2555310
vn 0.0000000 0.0000000 6.2831850
v -0.2225610 -0.0540850 0.2555310
vn 0.0000000 0.0000000 6.2831855
v -0.1998550 -0.0707880 0.2555310
vn 0.0000000 0.0000000 6.2831850
v 0.0143290 -0.2695110 0.2555310
vn 0.0000000 0.0000000 6.2831850
v -0.1393840 -0.1378110 0.2555310
vn 0.0000000 0.0000000 6.2831850
v -0.1781580 -0.0905230 0.2555310
vn 0.0000000 0.0000000 6.2831845
v -0.1578530 -0.1131190 0.2555310
vn 0.0000000 0.0000000 6.2831855
v 0.0010110 -0.2532840 0.2555310
vn 0.0000000 0.0000000 6.2831855
v 0.0131450 -0.2530560 0.2555310
vn 0.0000000 0.0000000 6.2831850
v -0.0046180 -0.2376110 0.2555310
vn 0.0000000 0.0000000 6.2831855
v -0.0148350 -0.2269900 0.2555310
vn 0.0000000 0.0000000 6.2831860
v -0.0310420 -0.2082850 0.2555310
vn 0.0000000 0.0000000 6.2831855
v -0.0510570 -0.1783490 0.2555310
vn 0.0000000 0.0000000 6.2831855
v -0.0672720 -0.1504720 0.2555310
vn 0.0000000 0.0000000 6.2831855
v -0.0798260 -0.1278200 0.2555310
vn 0.0000000 0.0000000 6.2831855
v -0.1133300 -0.1188200 0.2555310
vn 0.0000000 0.0000000 6.2831855
v -0.0918050 -0.1052440 0.2555310
vn 0.0000000 0.0000000 6.2831855
v -0.2350610 -0.0144820 0.2555310
vn 0.0000000 0.0000000 6.2831855
v -0.2179730 0.0182570 0.2555310
vn 0.0000000 0.0000000 6.2831855
v -0.2092000 0.0013250 0.2555310
vn 0.0000000 0.0000000 6.2831850
v -0.1796740 0.1085990 0.2555310
vn 0.0000000 0.0000000 6.2831855
v -0.1994470 0.0277720 0.2555310
vn 0.0000000 0.0000000 6.2831855
v -0.1813190 0.0379350 0.2555310
vn 0.0000000 0.0000000 6.2831855
v -0.1635890 0.0488040 0.2555310
vn 0.0000000 0.0000000 6.2831850
v -0.1463340 0.0602250 0.2555310
vn 0.0000000 0.0000000 6.2831850
v -0.1578870 0.0769660 0.2555310
vn 0.0000000 0.0000000 6.2831860
v -0.1689880 0.0930780 0.2555310
vn 0.0000000 0.0000000 6.2831860
v -0.1646180 0.1193730 0.2555310
vn 0.0000000 0.0000000 6.2831855
v -0.1499570 0.1307560 0.2555310
vn 0.0000000 0.0000000 6.2831855
v -0.1357350 0.1426730 0.2555310
vn 0.0000000 0.0000000 6.2831855
v 0.0019940 -0.2437320 0.2555310
vn 0.0000000 0.0000000 6.2831850
v 0.0373190 -0.3234530 0.2555310
vn 0.0000000 0.0000000 6.2831860
v 0.0342910 -0.3050910 0.2555310
vn 0.0000000 0.0000000 6.2831850
v 0.0323810 -0.2873580 0.2555310
vn 0.0000000 0.0000000 6.2831855
v 0.0321020 -0.2699110 0.2555310
vn 0.0000000 0.0000000 6.2831855
v -0.2092990 -0.0315280 0.2555310
vn 0.0000000 0.0000000 6.2831855
v -0.1851370 -0.0475640 0.2555310
vn 0.0000000 0.0000000 6.2831855
v -0.1584020 -0.0657360 0.2555310
vn 0.0000000 0.0000000 6.2831850
v 0.0313700 -0.2507290 0.2555310
vn 0.0000000 0.0000000 6.2831855
v -0.1281080 -0.0828390 0.2555310
vn 0.0000000 0.0000000 6.2831850
v 0.0272040 -0.2342550 0.2555310
vn 0.0000000 0.0000000 6.2831855
v 0.0109680 -0.2404710 0.2555310
vn 0.0000000 0.0000000 6.2831855
v 0.0060880 -0.2295450 0.2555310
vn 0.0000000 0.0000000 6.2831855
v -0.0012030 -0.2153780 0.2555310
vn 0.0000000 0.0000000 6.2831855
v -0.0139230 -0.1926300 0.2555310
vn 0.0000000 0.0000000 6.2831855
v -0.0330710 -0.1617220 0.2555310
vn 0.0000000 0.0000000 6.2831855
v -0.0494460 -0.1349320 0.2555310
vn 0.0000000 0.0000000 6.2831850
v -0.0626520 -0.1141480 0.2555310
vn 0.0000000 0.0000000 6.2831855
v -0.0747600 -0.0946040 0.2555310
vn 0.0000000 0.0000000 6.2831855
v -0.1023450 -0.0785870 0.2555310
vn 0.0000000 0.0000000 6.2831850
v -0.0857370 -0.0739540 0.2555310
vn 0.0000000 0.0000000 6.2831855
v -0.1948120 -0.0133000 0.2555310
vn 0.0000000 0.0000000 6.2831855
v -0.1920760 0.0134520 0.2555310
vn 0.0000000 0.0000000 6.2831850
v -0.1853900 0.0005050 0.2555310
vn 0.0000000 0.0000000 6.2831850
v -0.1533590 0.1042710 0.2555310
vn 0.0000000 0.0000000 6.2831850
v -0.1727220 0.0205070 0.2555310
vn 0.0000000 0.0000000 6.2831850
v -0.1522090 0.0309750 0.2555310
vn 0.0000000 0.0000000 6.2831850
v -0.1342780 0.0427590 0.2555310
vn 0.0000000 0.0000000 6.2831850
v -0.1166900 0.0554390 0.2555310
vn 0.0000000 0.0000000 6.2831855
v -0.1294650 0.0723520 0.2555310
vn 0.0000000 0.0000000 6.2831850
v -0.1416610 0.0886170 0.2555310
vn 0.0000000 0.0000000 6.2831850
v -0.1381500 0.1161120 0.2555310
vn 0.0000000 0.0000000 6.2831855
v -0.1234230 0.1285440 0.2555310
vn 0.0000000 0.0000000 6.2831855
v -0.1219830 0.1551240 0.2555310
vn 0.0000000 0.0000000 6.2831850
v -0.1092150 0.1415480 0.2555310
vn 0.0000000 0.0000000 6.2831855
v 0.0563660 -0.3203450 0.2555310
vn 0.0000000 0.0000000 6.2831855
v 0.0534080 -0.3016970 0.2555310
vn 0.0000000 0.0000000 6.2831855
v 0.0503650 -0.2838310 0.2555310
vn 0.0000000 0.0000000 6.2831855
v 0.0487770 -0.2668610 0.2555310
vn 0.0000000 0.0000000 6.2831855
v 0.0477760 -0.2494710 0.2555310
vn 0.0000000 0.0000000 6.2831855
v -0.1749010 -0.0258270 0.2555310
vn 0.0000000 0.0000000 6.2831860
v -0.1475390 -0.0431980 0.2555310
vn 0.0000000 0.0000000 6.2831850
v -0.1221030 -0.0545620 0.2555310
vn 0.0000000 0.0000000 6.2831850
v 0.0453220 -0.2315470 0.2555310
vn 0.0000000 0.0000000 6.2831860
v -0.1021640 -0.0586610 0.2555310
vn 0.0000000 0.0000000 6.2831855
v 0.0400150 -0.2124030 0.2555310
vn 0.0000000 0.0000000 6.2831855
v 0.0218000 -0.2200500 0.2555310
vn 0.0000000 0.0000000 6.2831850
v 0.0158300 -0.2044520 0.2555310
vn 0.0000000 0.0000000 6.2831855
v 0.0050640 -0.1770900 0.2555310
vn 0.0000000 0.0000000 6.2831855
v -0.0102510 -0.1360190 0.2555310
vn 0.0000000 0.0000000 6.2831850
v -0.0300160 -0.1153110 0.2555310
vn 0.0000000 0.0000000 6.2831855
v -0.0448280 -0.0984360 0.2555310
vn 0.0000000 0.0000000 6.2831855
v -0.0607930 -0.0827820 0.2555310
vn 0.0000000 0.0000000 6.2831850
v -0.0738370 -0.0680240 0.2555310
vn 0.0000000 0.0000000 6.2831855
v -0.0876440 -0.0601300 0.2555310
vn 0.0000000 0.0000000 6.2831855
v -0.0786610 -0.0601490 0.2555310
vn 0.0000000 0.0000000 6.2831850
v -0.1653850 -0.0008490 0.2555310
vn 0.0000000 0.0000000 6.2831855
v -0.1258800 0.1009720 0.2555310
vn 0.0000000 0.0000000 6.2831850
v -0.1384020 0.0138340 0.2555310
vn 0.0000000 0.0000000 6.2831850
v -0.1190390 0.0270090 0.2555310
vn 0.0000000 0.0000000 6.2831855
v -0.1012260 0.0409860 0.2555310
vn 0.0000000 0.0000000 6.2831855
v -0.0838710 0.0559350 0.2555310
vn 0.0000000 0.0000000 6.2831855
v -0.0996170 0.0691870 0.2555310
vn 0.0000000 0.0000000 6.2831850
v -0.1130730 0.0853370 0.2555310
vn 0.0000000 0.0000000 6.2831855
v -0.1106380 0.1140150 0.2555310
vn 0.0000000 0.0000000 6.2831855
v -0.0959980 0.1277240 0.2555310
vn 0.0000000 0.0000000 6.2831850
v -0.0955760 0.1551440 0.2555310
vn 0.0000000 0.0000000 6.2831850
v -0.1087250 0.1680710 0.2555310
vn 0.0000000 0.0000000 6.2831850
v -0.0820520 0.1421580 0.2555310
vn 0.0000000 0.0000000 6.2831855
v 0.0754430 -0.3173900 0.2555310
vn 0.0000000 0.0000000 6.2831850
v 0.0726040 -0.2985320 0.2555310
vn 0.0000000 0.0000000 6.2831850
v 0.0696670 -0.2800740 0.2555310
vn 0.0000000 0.0000000 6.2831855
v 0.0665130 -0.2626850 0.2555310
vn 0.0000000 0.0000000 6.2831850
v 0.0653890 -0.2458480 0.2555310
vn 0.0000000 0.0000000 6.2831850
v 0.0621410 -0.2283630 0.2555310
vn 0.0000000 0.0000000 6.2831855
v -0.1367260 -0.0224330 0.2555310
vn 0.0000000 0.0000000 6.2831855
v -0.1144610 -0.0371910 0.2555310
vn 0.0000000 0.0000000 6.2831855
v -0.0982720 -0.0449330 0.2555310
vn 0.0000000 0.0000000 6.2831850
v 0.0591250 -0.2071790 0.2555310
vn 0.0000000 0.0000000 6.2831855
v -0.0849120 -0.0491660 0.2555310
vn 0.0000000 0.0000000 6.2831850
v 0.0567130 -0.1863380 0.2555310
vn 0.0000000 0.0000000 6.2831850
v 0.0348440 -0.1943660 0.2555310
vn 0.0000000 0.0000000 6.2831850
v 0.0265590 -0.1664890 0.2555310
vn 0.0000000 0.0000000 6.2831855
v 0.0158450 -0.1348940 0.2555310
vn 0.0000000 0.0000000 6.2831850
v 0.0119150 -0.1141290 0.2555310
vn 0.0000000 0.0000000 6.2831855
v -0.0020840 -0.1084660 0.2555310
vn 0.0000000 0.0000000 6.2831855
v -0.0165850 -0.0981700 0.2555310
vn 0.0000000 0.0000000 6.2831855
v -0.0338350 -0.0838500 0.2555310
vn 0.0000000 0.0000000 6.2831855
v -0.0496270 -0.0710170 0.2555310
vn 0.0000000 0.0000000 6.2831855
v -0.0649880 -0.0598440 0.2555310
vn 0.0000000 0.0000000 6.2831860
v -0.0745600 -0.0529410 0.2555310
vn 0.0000000 0.0000000 6.2831850
v -0.1206460 -0.0064540 0.2555310
vn 0.0000000 0.0000000 6.2831855
v -0.0959770 0.1815520 0.2555310
vn 0.0000000 0.0000000 6.2831855
v -0.0972980 0.0991230 0.2555310
vn 0.0000000 0.0000000 6.2831855
v -0.1037850 0.0102300 0.2555310
vn 0.0000000 0.0000000 6.2831850
v -0.0852590 0.0249500 0.2555310
vn 0.0000000 0.0000000 6.2831855
v -0.0677850 0.0411570 0.2555310
vn 0.0000000 0.0000000 6.2831850
v -0.0506740 0.0572120 0.2555310
vn 0.0000000 0.0000000 6.2831850
v -0.0672840 0.0699110 0.2555310
vn 0.0000000 0.0000000 6.2831850
v -0.0832620 0.0839640 0.2555310
vn 0.0000000 0.0000000 6.2831855
v -0.0822540 0.1137670 0.2555310
vn 0.0000000 0.0000000 6.2831850
v -0.0681400 0.1293640 0.2555310
vn 0.0000000 0.0000000 6.2831850
v -0.0689430 0.1571650 0.2555310
vn 0.0000000 0.0000000 6.2831850
v -0.0825610 0.1692920 0.2555310
vn 0.0000000 0.0000000 6.2831855
v -0.0551930 0.1454570 0.2555310
vn 0.0000000 0.0000000 6.2831850
v -0.0838080 0.1953570 0.2555310
vn 0.0000000 0.0000000 6.2831855
v 0.0945470 -0.3146060 0.2555310
vn 0.0000000 0.0000000 6.2831855
v 0.0918390 -0.2955760 0.2555310
vn 0.0000000 0.0000000 6.2831850
v 0.0890570 -0.2767180 0.2555310
vn 0.0000000 0.0000000 6.2831855
v 0.0860790 -0.2584140 0.2555310
vn 0.0000000 0.0000000 6.2831850
v 0.0827040 -0.2411760 0.2555310
vn 0.0000000 0.0000000 6.2831850
v 0.0790700 -0.2240730 0.2555310
vn 0.0000000 0.0000000 6.2831850
v 0.0778020 -0.2028890 0.2555310
vn 0.0000000 0.0000000 6.2831855
v -0.1046960 -0.0192300 0.2555310
vn 0.0000000 0.0000000 6.2831850
v -0.0908630 -0.0278480 0.2555310
vn 0.0000000 0.0000000 6.2831855
v -0.0785570 -0.0352460 0.2555310
vn 0.0000000 0.0000000 6.2831850
v 0.0766210 -0.1803130 0.2555310
vn 0.0000000 0.0000000 6.2831850
v -0.0684720 -0.0415390 0.2555310
vn 0.0000000 0.0000000 6.2831855
v 0.0767410 -0.1571650 0.2555310
vn 0.0000000 0.0000000 6.2831850
v 0.0549110 -0.1526460 0.2555310
vn 0.0000000 0.0000000 6.2831850
v 0.0348610 -0.1256650 0.2555310
vn 0.0000000 0.0000000 6.2831855
v 0.0216380 -0.1060060 0.2555310
vn 0.0000000 0.0000000 6.2831860
v 0.0069600 -0.0953280 0.2555310
vn 0.0000000 0.0000000 6.2831850
v -0.0079420 -0.0845170 0.2555310
vn 0.0000000 0.0000000 6.2831850
v -0.0236910 -0.0715890 0.2555310
vn 0.0000000 0.0000000 6.2831855
v -0.0395670 -0.0587190 0.2555310
vn 0.0000000 0.0000000 6.2831850
v -0.0569020 -0.0483080 0.2555310
vn 0.0000000 0.0000000 6.2831850
v -0.0904110 -0.0015920 0.2555310
vn 0.0000000 0.0000000 6.2831850
v -0.0702580 0.1835730 0.2555310
vn 0.0000000 0.0000000 6.2831850
v -0.0679020 0.0999620 0.2555310
vn 0.0000000 0.0000000 6.2831855
v -0.0717780 0.0126130 0.2555310
vn 0.0000000 0.0000000 6.2831850
v -0.0526230 0.0290300 0.2555310
vn 0.0000000 0.0000000 6.2831845
v -0.0361670 0.0464200 0.2555310
vn 0.0000000 0.0000000 6.2831850
v -0.0244410 0.0662690 0.2555310
vn 0.0000000 0.0000000 6.2831860
v -0.0392010 0.0769660 0.2555310
vn 0.0000000 0.0000000 6.2831850
v -0.0524630 0.0874920 0.2555310
vn 0.0000000 0.0000000 6.2831850
v -0.0539120 0.1171610 0.2555310
vn 0.0000000 0.0000000 6.2831850
v -0.0416570 0.1342640 0.2555310
vn 0.0000000 0.0000000 6.2831850
v -0.0435730 0.1603110 0.2555310
vn 0.0000000 0.0000000 6.2831855
v -0.0567240 0.1719610 0.2555310
vn 0.0000000 0.0000000 6.2831855
v -0.0310000 0.1483170 0.2555310
vn 0.0000000 0.0000000 6.2831850
v -0.0584670 0.1973780 0.2555310
vn 0.0000000 0.0000000 6.2831850
v -0.0720510 0.2090670 0.2555310
vn -2.3915067 2.0372148 3.1342046
v -0.0857680 0.2207550 0.2555310
vn 0.0000000 0.0000000 6.2831850
v 0.1136750 -0.3119550 0.2555310
vn 0.0000000 0.0000000 6.2831855
v 0.1111070 -0.2928500 0.2555310
vn 0.0000000 0.0000000 6.2831850
v 0.1084810 -0.2737440 0.2555310
vn 0.0000000 0.0000000 6.2831850
v 0.1057200 -0.2548480 0.2555310
vn 0.0000000 0.0000000 6.2831855
v 0.1026430 -0.2364480 0.2555310
vn 0.0000000 0.0000000 6.2831860
v 0.0988390 -0.2182760 0.2555310
vn 0.0000000 0.0000000 6.2831855
v 0.0958640 -0.1985410 0.2555310
vn 0.0000000 0.0000000 6.2831850
v 0.0926860 -0.1765370 0.2555310
vn 0.0000000 0.0000000 6.2831850
v -0.0785990 -0.0122510 0.2555310
vn 0.0000000 0.0000000 6.2831855
v -0.0694790 -0.0234050 0.2555310
vn 0.0000000 0.0000000 6.2831860
v -0.0637830 -0.0339690 0.2555310
vn 0.0000000 0.0000000 6.2831855
v 0.0913970 -0.1586520 0.2555310
vn 0.0000000 0.0000000 6.2831860
v -0.0516100 -0.0349030 0.2555310
vn 0.0000000 0.0000000 6.2831860
v 0.0913170 -0.1474210 0.2555310
vn 0.0000000 0.0000000 6.2831855
v 0.0817030 -0.1416820 0.2555310
vn 0.0000000 0.0000000 6.2831855
v 0.0684550 -0.1317480 0.2555310
vn 0.0000000 0.0000000 6.2831850
v 0.0495380 -0.1098770 0.2555310
vn 0.0000000 0.0000000 6.2831855
v 0.0343060 -0.0917060 0.2555310
vn 0.0000000 0.0000000 6.2831855
v 0.0211040 -0.0780720 0.2555310
vn 0.0000000 0.0000000 6.2831855
v 0.0050130 -0.0661170 0.2555310
vn 0.0000000 0.0000000 6.2831855
v -0.0110570 -0.0544670 0.2555310
vn 0.0000000 0.0000000 6.2831855
v -0.0298730 -0.0447990 0.2555310
vn 0.0000000 0.0000000 6.2831855
v -0.0592680 -0.0000100 0.2555310
vn 0.0000000 0.0000000 6.2831855
v -0.0451650 0.1856710 0.2555310
vn 0.0000000 0.0000000 6.2831855
v -0.0396300 0.1061210 0.2555310
vn 0.0000000 0.0000000 6.2831850
v -0.0391610 0.0172280 0.2555310
vn 0.0000000 0.0000000 6.2831850
v -0.0226750 0.0356090 0.2555310
vn 0.0000000 0.0000000 6.2831855
v -0.0106420 0.0561640 0.2555310
vn 0.0000000 0.0000000 6.2831855
v -0.0006980 0.0736870 0.2555310
vn 0.0000000 0.0000000 6.2831855
v -0.0133440 0.0843650 0.2555310
vn 0.0000000 0.0000000 6.2831855
v -0.0263320 0.0955190 0.2555310
vn 0.0000000 0.0000000 6.2831850
v -0.0289290 0.1207650 0.2555310
vn 0.0000000 0.0000000 6.2831855
v -0.0182670 0.1344360 0.2555310
vn 0.0000000 0.0000000 6.2831855
v -0.0200760 0.1614740 0.2555310
vn 0.0000000 0.0000000 6.2831855
v -0.0323140 0.1737530 0.2555310
vn 0.0000000 0.0000000 6.2831850
v -0.0081910 0.1472110 0.2555310
vn 0.0000000 0.0000000 6.2831855
v -0.0336010 0.1990750 0.2555310
vn 0.0000000 0.0000000 6.2831860
v -0.0467960 0.2108780 0.2555310
vn 0.0000000 0.0000000 6.2831855
v -0.0603700 0.2226240 0.2555310
vn -2.3910408 2.0377657 3.1353691
v -0.0741620 0.2343690 0.2555310
vn 0.0000000 0.0000000 6.2831855
v 0.1328290 -0.3094580 0.2555310
vn 0.0000000 0.0000000 6.2831850
v 0.1303990 -0.2902760 0.2555310
vn 0.0000000 0.0000000 6.2831855
v 0.1279280 -0.2710360 0.2555310
vn 0.0000000 0.0000000 6.2831850
v 0.1253690 -0.2518160 0.2555310
vn 0.0000000 0.0000000 6.2831850
v 0.1226080 -0.2327300 0.2555310
vn 0.0000000 0.0000000 6.2831855
v 0.1193710 -0.2135280 0.2555310
vn 0.0000000 0.0000000 6.2831850
v 0.1152790 -0.1934500 0.2555310
vn 0.0000000 0.0000000 6.2831850
v 0.1103520 -0.1724570 0.2555310
vn 0.0000000 0.0000000 6.2831855
v 0.1062180 -0.1562110 0.2555310
vn 0.0000000 0.0000000 6.2831855
v -0.0478040 -0.0171890 0.2555310
vn 0.0000000 0.0000000 6.2831855
v 0.1016670 -0.1422730 0.2555310
vn 0.0000000 0.0000000 6.2831855
v -0.0184230 -0.0288590 0.2555310
vn 0.0000000 0.0000000 6.2831850
v 0.0933740 -0.1299740 0.2555310
vn 0.0000000 0.0000000 6.2831845
v 0.0815710 -0.1154830 0.2555310
vn 0.0000000 0.0000000 6.2831855
v 0.0632210 -0.0938220 0.2555310
vn 0.0000000 0.0000000 6.2831850
v 0.0478520 -0.0769470 0.2555310
vn 0.0000000 0.0000000 6.2831850
v 0.0330290 -0.0637140 0.2555310
vn 0.0000000 0.0000000 6.2831850
v 0.0164970 -0.0513970 0.2555310
vn 0.0000000 0.0000000 6.2831855
v -0.0003510 -0.0394030 0.2555310
vn 0.0000000 0.0000000 6.2831855
v -0.0239320 0.0045290 0.2555310
vn 0.0000000 0.0000000 6.2831850
v -0.0209840 0.1870050 0.2555310
vn 0.0000000 0.0000000 6.2831855
v -0.0164630 0.1087900 0.2555310
vn 0.0000000 0.0000000 6.2831850
v -0.0082390 0.0245880 0.2555310
vn 0.0000000 0.0000000 6.2831855
v 0.0103440 0.0647440 0.2555310
vn 0.0000000 0.0000000 6.2831850
v 0.0039970 0.0477170 0.2555310
vn 0.0000000 0.0000000 6.2831850
v 0.0200420 0.0597480 0.2555310
vn 0.0000000 0.0000000 6.2831855
v 0.0270630 0.0648200 0.2555310
vn 0.0000000 0.0000000 6.2831855
v 0.0174340 0.0735910 0.2555310
vn 0.0000000 0.0000000 6.2831855
v 0.0067920 0.0849940 0.2555310
vn 0.0000000 0.0000000 6.2831855
v -0.0047340 0.0968350 0.2555310
vn 0.0000000 0.0000000 6.2831855
v -0.0069810 0.1217180 0.2555310
vn 0.0000000 0.0000000 6.2831850
v 0.0027510 0.1340740 0.2555310
vn 0.0000000 0.0000000 6.2831850
v 0.0020750 0.1600820 0.2555310
vn 0.0000000 0.0000000 6.2831850
v -0.0090670 0.1745350 0.2555310
vn 0.0000000 0.0000000 6.2831850
v 0.0128360 0.1465440 0.2555310
vn 0.0000000 0.0000000 6.2831855
v -0.0097050 0.2002190 0.2555310
vn 0.0000000 0.0000000 6.2831860
v -0.0220060 0.2124230 0.2555310
vn 0.0000000 0.0000000 6.2831850
v -0.0350670 0.2242640 0.2555310
vn 0.0000000 0.0000000 6.2831855
v -0.0486340 0.2361240 0.2555310
vn -2.3911467 2.0376468 3.1373224
v -0.0625550 0.2479830 0.2555310
vn 0.0000000 0.0000000 6.2831855
v 0.1520010 -0.3070930 0.2555310
vn 0.0000000 0.0000000 6.2831850
v 0.1497150 -0.2878920 0.2555310
vn 0.0000000 0.0000000 6.2831855
v 0.1473940 -0.2685580 0.2555310
vn 0.0000000 0.0000000 6.2831850
v 0.1450170 -0.2491660 0.2555310
vn 0.0000000 0.0000000 6.2831855
v 0.1425210 -0.2297170 0.2555310
vn 0.0000000 0.0000000 6.2831850
v 0.1397620 -0.2100010 0.2555310
vn 0.0000000 0.0000000 6.2831850
v 0.1365740 -0.1894270 0.2555310
vn 0.0000000 0.0000000 6.2831850
v 0.1308720 -0.1693870 0.2555310
vn 0.0000000 0.0000000 6.2831855
v 0.1256670 -0.1507200 0.2555310
vn 0.0000000 0.0000000 6.2831855
v 0.1198860 -0.1330820 0.2555310
vn 0.0000000 0.0000000 6.2831855
v -0.0040820 -0.0103440 0.2555310
vn 0.0000000 0.0000000 6.2831855
v 0.1104970 -0.1163410 0.2555310
vn 0.0000000 0.0000000 6.2831855
v 0.0122720 -0.0216700 0.2555310
vn 0.0000000 0.0000000 6.2831855
v 0.0977540 -0.0978260 0.2555310
vn 0.0000000 0.0000000 6.2831850
v 0.0788270 -0.0743730 0.2555310
vn 0.0000000 0.0000000 6.2831855
v 0.0627130 -0.0582040 0.2555310
vn 0.0000000 0.0000000 6.2831855
v 0.0452070 -0.0460010 0.2555310
vn 0.0000000 0.0000000 6.2831850
v 0.0287710 -0.0341020 0.2555310
vn 0.0000000 0.0000000 6.2831855
v 0.0078690 0.0118310 0.2555310
vn 0.0000000 0.0000000 6.2831850
v 0.0018150 0.1875010 0.2555310
vn 0.0000000 0.0000000 6.2831855
v 0.0038920 0.1090760 0.2555310
vn 0.0000000 0.0000000 6.2831855
v 0.0222420 0.0430830 0.2555310
vn 0.0000000 0.0000000 6.2831855
v 0.0357210 0.0516640 0.2555310
vn 0.0000000 0.0000000 6.2831855
v 0.0464850 0.0612360 0.2555310
vn 0.0000000 0.0000000 6.2831850
v 0.0350270 0.0721040 0.2555310
vn 0.0000000 0.0000000 6.2831850
v 0.0253500 0.0836210 0.2555310
vn 0.0000000 0.0000000 6.2831860
v 0.0148400 0.0963010 0.2555310
vn 0.0000000 0.0000000 6.2831850
v 0.0126130 0.1217940 0.2555310
vn 0.0000000 0.0000000 6.2831850
v 0.0225780 0.1339590 0.2555310
vn 0.0000000 0.0000000 6.2831855
v 0.0238920 0.1609400 0.2555310
vn 0.0000000 0.0000000 6.2831855
v 0.0126090 0.1742490 0.2555310
vn 0.0000000 0.0000000 6.2831855
v 0.0342570 0.1484510 0.2555310
vn 0.0000000 0.0000000 6.2831855
v 0.0124610 0.2003720 0.2555310
vn 0.0000000 0.0000000 6.2831855
v 0.0014000 0.2133760 0.2555310
vn 0.0000000 0.0000000 6.2831855
v -0.0104600 0.2258080 0.2555310
vn 0.0000000 0.0000000 6.2831855
v -0.0232360 0.2376680 0.2555310
vn 0.0000000 0.0000000 6.2831850
v -0.0368610 0.2495280 0.2555310
vn -2.3850889 2.0446720 3.1276731
v -0.0509510 0.2616170 0.2555310
vn 0.0000000 0.0000000 6.2831850
v 0.1711950 -0.3048810 0.2555310
vn 0.0000000 0.0000000 6.2831850
v 0.1690490 -0.2856420 0.2555310
vn 0.0000000 0.0000000 6.2831850
v 0.1668780 -0.2662690 0.2555310
vn 0.0000000 0.0000000 6.2831855
v 0.1646680 -0.2467820 0.2555310
vn 0.0000000 0.0000000 6.2831850
v 0.1623870 -0.2271620 0.2555310
vn 0.0000000 0.0000000 6.2831855
v 0.1599710 -0.2072360 0.2555310
vn 0.0000000 0.0000000 6.2831855
v 0.1573740 -0.1865860 0.2555310
vn 0.0000000 0.0000000 6.2831860
v 0.1544780 -0.1649250 0.2555310
vn 0.0000000 0.0000000 6.2831850
v 0.1497820 -0.1465250 0.2555310
vn 0.0000000 0.0000000 6.2831855
v 0.1437030 -0.1229190 0.2555310
vn 0.0000000 0.0000000 6.2831850
v 0.1363890 -0.1030510 0.2555310
vn 0.0000000 0.0000000 6.2831850
v 0.0242860 -0.0032320 0.2555310
vn 0.0000000 0.0000000 6.2831850
v 0.1254610 -0.0746780 0.2555310
vn 0.0000000 0.0000000 6.2831855
v 0.0405550 -0.0181430 0.2555310
vn 0.0000000 0.0000000 6.2831855
v 0.0952880 -0.0568120 0.2555310
vn 0.0000000 0.0000000 6.2831855
v 0.0748250 -0.0429310 0.2555310
vn 0.0000000 0.0000000 6.2831855
v 0.0564900 -0.0299840 0.2555310
vn 0.0000000 0.0000000 6.2831855
v 0.0399680 0.0217080 0.2555310
vn 0.0000000 0.0000000 6.2831855
v 0.0228160 0.1868150 0.2555310
vn 0.0000000 0.0000000 6.2831850
v 0.0233790 0.1084280 0.2555310
vn 0.0000000 0.0000000 6.2831855
v 0.0505180 0.0367150 0.2555310
vn 0.0000000 0.0000000 6.2831850
v 0.0587630 0.0484030 0.2555310
vn 0.0000000 0.0000000 6.2831850
v 0.0674740 0.0603200 0.2555310
vn 0.0000000 0.0000000 6.2831850
v 0.0551720 0.0725050 0.2555310
vn 0.0000000 0.0000000 6.2831855
v 0.0445270 0.0841930 0.2555310
vn 0.0000000 0.0000000 6.2831850
v 0.0344070 0.0952330 0.2555310
vn 0.0000000 0.0000000 6.2831850
v 0.0335130 0.1208410 0.2555310
vn 0.0000000 0.0000000 6.2831850
v 0.0454740 0.1361520 0.2555310
vn 0.0000000 0.0000000 6.2831850
v 0.0438540 0.1606160 0.2555310
vn 0.0000000 0.0000000 6.2831860
v 0.0337710 0.1731810 0.2555310
vn 0.0000000 0.0000000 6.2831850
v 0.0547850 0.1481460 0.2555310
vn 0.0000000 0.0000000 6.2831850
v 0.0329160 0.1990940 0.2555310
vn 0.0000000 0.0000000 6.2831850
v 0.0229670 0.2129750 0.2555310
vn 0.0000000 0.0000000 6.2831850
v 0.0123140 0.2263230 0.2555310
vn 0.0000000 0.0000000 6.2831860
v 0.0008790 0.2391550 0.2555310
vn 0.0000000 0.0000000 6.2831850
v -0.0114100 0.2514920 0.2555310
vn 0.0000000 0.0000000 6.2831855
v -0.0247900 0.2635240 0.2555310
vn -2.3480146 2.0866761 3.1087389
v -0.0386610 0.2758410 0.2555310
vn 0.0000000 0.0000000 6.2831850
v 0.1904050 -0.3028220 0.2555310
vn 0.0000000 0.0000000 6.2831850
v 0.1884010 -0.2835450 0.2555310
vn 0.0000000 0.0000000 6.2831855
v 0.1863780 -0.2641340 0.2555310
vn 0.0000000 0.0000000 6.2831850
v 0.1843260 -0.2446090 0.2555310
vn 0.0000000 0.0000000 6.2831850
v 0.1822310 -0.2249120 0.2555310
vn 0.0000000 0.0000000 6.2831850
v 0.1800670 -0.2049290 0.2555310
vn 0.0000000 0.0000000 6.2831850
v 0.1778400 -0.1843740 0.2555310
vn 0.0000000 0.0000000 6.2831855
v 0.1756870 -0.1629800 0.2555310
vn 0.0000000 0.0000000 6.2831855
v 0.1715020 -0.1429780 0.2555310
vn 0.0000000 0.0000000 6.2831850
v 0.1649840 -0.1192770 0.2555310
vn 0.0000000 0.0000000 6.2831850
v 0.1598340 -0.0954050 0.2555310
vn 0.0000000 0.0000000 6.2831860
v 0.1548400 -0.0717610 0.2555310
vn 0.0000000 0.0000000 6.2831855
v 0.1540810 -0.0500810 0.2555310
vn 0.0000000 0.0000000 6.2831860
v 0.1331430 -0.0472400 0.2555310
vn 0.0000000 0.0000000 6.2831850
v 0.0545410 0.0062640 0.2555310
vn 0.0000000 0.0000000 6.2831860
v 0.1067540 -0.0371340 0.2555310
vn 0.0000000 0.0000000 6.2831850
v 0.0688950 -0.0073700 0.2555310
vn 0.0000000 0.0000000 6.2831855
v 0.0874500 -0.0219750 0.2555310
vn 0.0000000 0.0000000 6.2831855
v 0.0650870 0.0251980 0.2555310
vn 0.0000000 0.0000000 6.2831850
v 0.0437180 0.1846980 0.2555310
vn 0.0000000 0.0000000 6.2831860
v 0.0446280 0.1077610 0.2555310
vn 0.0000000 0.0000000 6.2831855
v 0.0726820 0.0375540 0.2555310
vn 0.0000000 0.0000000 6.2831855
v 0.0806560 0.0512440 0.2555310
vn 0.0000000 0.0000000 6.2831850
v 0.0881720 0.0649160 0.2555310
vn 0.0000000 0.0000000 6.2831855
v 0.0772030 0.0734200 0.2555310
vn 0.0000000 0.0000000 6.2831850
v 0.0650990 0.0861950 0.2555310
vn 0.0000000 0.0000000 6.2831860
v 0.0545120 0.0971780 0.2555310
vn 0.0000000 0.0000000 6.2831855
v 0.0563500 0.1234720 0.2555310
vn 0.0000000 0.0000000 6.2831850
v 0.0653790 0.1351800 0.2555310
vn 0.0000000 0.0000000 6.2831855
v 0.0636880 0.1598340 0.2555310
vn 0.0000000 0.0000000 6.2831855
v 0.0532040 0.1724760 0.2555310
vn 0.0000000 0.0000000 6.2831855
v 0.0745600 0.1457050 0.2555310
vn 0.0000000 0.0000000 6.2831850
v 0.0539460 0.1961200 0.2555310
vn 0.0000000 0.0000000 6.2831855
v 0.0433640 0.2109730 0.2555310
vn 0.0000000 0.0000000 6.2831860
v 0.0338140 0.2251220 0.2555310
vn 0.0000000 0.0000000 6.2831850
v 0.0235500 0.2387550 0.2555310
vn 0.0000000 0.0000000 6.2831850
v 0.0124950 0.2519120 0.2555310
vn 0.0000000 0.0000000 6.2831850
v 0.0005720 0.2645910 0.2555310
vn 0.0000000 0.0000000 6.2831855
v -0.0124800 0.2769860 0.2555310
vn -2.2889719 2.1513028 3.1097875
v -0.0260060 0.2896840 0.2555310
vn 0.0000000 0.0000000 6.2831850
v 0.2096310 -0.3008960 0.2555310
vn 0.0000000 0.0000000 6.2831855
v 0.2077700 -0.2816000 0.2555310
vn 0.0000000 0.0000000 6.2831850
v 0.2058940 -0.2621700 0.2555310
vn 0.0000000 0.0000000 6.2831850
v 0.2039950 -0.2426070 0.2555310
vn 0.0000000 0.0000000 6.2831850
v 0.2020670 -0.2228720 0.2555310
vn 0.0000000 0.0000000 6.2831860
v 0.2001030 -0.2028890 0.2555310
vn 0.0000000 0.0000000 6.2831850
v 0.1981220 -0.1824860 0.2555310
vn 0.0000000 0.0000000 6.2831855
v 0.1962400 -0.1614550 0.2555310
vn 0.0000000 0.0000000 6.2831850
v 0.1947200 -0.1403090 0.2555310
vn 0.0000000 0.0000000 6.2831855
v 0.1894820 -0.1174850 0.2555310
vn 0.0000000 0.0000000 6.2831855
v 0.1839320 -0.0936500 0.2555310
vn 0.0000000 0.0000000 6.2831855
v 0.1783030 -0.0700070 0.2555310
vn 0.0000000 0.0000000 6.2831850
v 0.1543500 -0.0326910 0.2555310
vn 0.0000000 0.0000000 6.2831855
v 0.1398470 -0.0298120 0.2555310
vn 0.0000000 0.0000000 6.2831855
v 0.1551780 -0.0223000 0.2555310
vn 0.0000000 0.0000000 6.2831855
v 0.1728610 -0.0475450 0.2555310
vn 0.0000000 0.0000000 6.2831850
v 0.1682660 -0.0306890 0.2555310
vn 0.0000000 0.0000000 6.2831855
v 0.1642230 -0.0176090 0.2555310
vn 0.0000000 0.0000000 6.2831855
v 0.1172580 -0.0188290 0.2555310
vn 0.0000000 0.0000000 6.2831855
v 0.0799890 0.0129560 0.2555310
vn 0.0000000 0.0000000 6.2831855
v 0.0983660 -0.0030410 0.2555310
vn 0.0000000 0.0000000 6.2831855
v 0.0877970 0.0299460 0.2555310
vn 0.0000000 0.0000000 6.2831850
v 0.0628870 0.1837260 0.2555310
vn 0.0000000 0.0000000 6.2831850
v 0.0658650 0.1112500 0.2555310
vn 0.0000000 0.0000000 6.2831855
v 0.0934900 0.0467820 0.2555310
vn 0.0000000 0.0000000 6.2831850
v 0.0975840 0.0608920 0.2555310
vn 0.0000000 0.0000000 6.2831855
v 0.0997440 0.0689010 0.2555310
vn 0.0000000 0.0000000 6.2831855
v 0.0946380 0.0742780 0.2555310
vn 0.0000000 0.0000000 6.2831850
v 0.0858180 0.0864620 0.2555310
vn 0.0000000 0.0000000 6.2831855
v 0.0752920 0.0996000 0.2555310
vn 0.0000000 0.0000000 6.2831850
v 0.0748380 0.1224230 0.2555310
vn 0.0000000 0.0000000 6.2831850
v 0.0840210 0.1335590 0.2555310
vn 0.0000000 0.0000000 6.2831855
v 0.0839580 0.1565930 0.2555310
vn 0.0000000 0.0000000 6.2831850
v 0.0730230 0.1706650 0.2555310
vn 0.0000000 0.0000000 6.2831855
v 0.0934180 0.1446560 0.2555310
vn 0.0000000 0.0000000 6.2831850
v 0.0728860 0.1948230 0.2555310
vn 0.0000000 0.0000000 6.2831855
v 0.0643990 0.2073890 0.2555310
vn 0.0000000 0.0000000 6.2831855
v 0.0541290 0.2225660 0.2555310
vn 0.0000000 0.0000000 6.2831850
v 0.0449880 0.2369820 0.2555310
vn 0.0000000 0.0000000 6.2831850
v 0.0351190 0.2509010 0.2555310
vn 0.0000000 0.0000000 6.2831850
v 0.0244500 0.2643820 0.2555310
vn 0.0000000 0.0000000 6.2831850
v 0.0129070 0.2773860 0.2555310
vn 0.0000000 0.0000000 6.2831850
v 0.0002120 0.2901040 0.2555310
vn -2.2274513 2.2148504 3.1063178
v -0.0129530 0.3032030 0.2555310
vn 0.0000000 0.0000000 6.2831855
v 0.2288700 -0.2991040 0.2555310
vn 0.0000000 0.0000000 6.2831850
v 0.2271540 -0.2798070 0.2555310
vn 0.0000000 0.0000000 6.2831860
v 0.2254230 -0.2603580 0.2555310
vn 0.0000000 0.0000000 6.2831855
v 0.2236740 -0.2407570 0.2555310
vn 0.0000000 0.0000000 6.2831850
v 0.2219050 -0.2210030 0.2555310
vn 0.0000000 0.0000000 6.2831855
v 0.2201140 -0.2010390 0.2555310
vn 0.0000000 0.0000000 6.2831855
v 0.2183240 -0.1807510 0.2555310
vn 0.0000000 0.0000000 6.2831860
v 0.2166120 -0.1600250 0.2555310
vn 0.0000000 0.0000000 6.2831855
v 0.2151630 -0.1391650 0.2555310
vn 0.0000000 0.0000000 6.2831855
v 0.2123040 -0.1157310 0.2555310
vn 0.0000000 0.0000000 6.2831855
v 0.2072490 -0.0907330 0.2555310
vn 0.0000000 0.0000000 6.2831850
v 0.2004230 -0.0669370 0.2555310
vn 0.0000000 0.0000000 6.2831850
v 0.1937460 -0.0439980 0.2555310
vn 0.0000000 0.0000000 6.2831850
v 0.1463610 -0.0160640 0.2555310
vn 0.0000000 0.0000000 6.2831850
v 0.1286400 -0.0025260 0.2555310
vn 0.0000000 0.0000000 6.2831860
v 0.1563330 -0.0061110 0.2555310
vn 0.0000000 0.0000000 6.2831855
v 0.1698520 0.0045860 0.2555310
vn 0.0000000 0.0000000 6.2831850
v 0.1880180 -0.0256750 0.2555310
vn 0.0000000 0.0000000 6.2831850
v 0.1813040 -0.0082470 0.2555310
vn 0.0000000 0.0000000 6.2831855
v 0.1111370 0.0202780 0.2555310
vn 0.0000000 0.0000000 6.2831855
v 0.1097970 0.0447990 0.2555310
vn 0.0000000 0.0000000 6.2831855
v 0.0826580 0.1815520 0.2555310
vn 0.0000000 0.0000000 6.2831855
v 0.0838210 0.1101060 0.2555310
vn 0.0000000 0.0000000 6.2831855
v 0.1086970 0.0604160 0.2555310
vn 0.0000000 0.0000000 6.2831850
v 0.1073110 0.0712460 0.2555310
vn 0.0000000 0.0000000 6.2831860
v 0.1020630 0.0816380 0.2555310
vn 0.0000000 0.0000000 6.2831850
v 0.0932790 0.0958240 0.2555310
vn 0.0000000 0.0000000 6.2831850
v 0.0937950 0.1215270 0.2555310
vn 0.0000000 0.0000000 6.2831855
v 0.1032320 0.1322050 0.2555310
vn 0.0000000 0.0000000 6.2831855
v 0.1026260 0.1554110 0.2555310
vn 0.0000000 0.0000000 6.2831855
v 0.0933640 0.1674800 0.2555310
vn 0.0000000 0.0000000 6.2831850
v 0.1121330 0.1430360 0.2555310
vn 0.0000000 0.0000000 6.2831845
v 0.0925640 0.1920770 0.2555310
vn 0.0000000 0.0000000 6.2831850
v 0.0831940 0.2056160 0.2555310
vn 0.0000000 0.0000000 6.2831850
v 0.0751090 0.2183530 0.2555310
vn 0.0000000 0.0000000 6.2831855
v 0.0652210 0.2338350 0.2555310
vn 0.0000000 0.0000000 6.2831850
v 0.0564860 0.2484980 0.2555310
vn 0.0000000 0.0000000 6.2831850
v 0.0470090 0.2627230 0.2555310
vn 0.0000000 0.0000000 6.2831855
v 0.0367240 0.2764890 0.2555310
vn 0.0000000 0.0000000 6.2831860
v 0.0255660 0.2898370 0.2555310
vn 0.0000000 0.0000000 6.2831850
v 0.0132900 0.3029360 0.2555310
vn -2.1632743 2.2776585 3.1093798
v 0.0005240 0.3163600 0.2555310
vn 0.0000000 0.0000000 6.2831855
v 0.2481230 -0.2974640 0.2555310
vn 0.0000000 0.0000000 6.2831850
v 0.2465500 -0.2781490 0.2555310
vn 0.0000000 0.0000000 6.2831855
v 0.2449630 -0.2586810 0.2555310
vn 0.0000000 0.0000000 6.2831855
v 0.2433640 -0.2390790 0.2555310
vn 0.0000000 0.0000000 6.2831850
v 0.2417480 -0.2193060 0.2555310
vn 0.0000000 0.0000000 6.2831850
v 0.2401180 -0.1993420 0.2555310
vn 0.0000000 0.0000000 6.2831855
v 0.2384920 -0.1791500 0.2555310
vn 0.0000000 0.0000000 6.2831850
v 0.2369190 -0.1586330 0.2555310
vn 0.0000000 0.0000000 6.2831855
v 0.2355130 -0.1380020 0.2555310
vn 0.0000000 0.0000000 6.2831855
v 0.2365620 -0.1162460 0.2555310
vn 0.0000000 0.0000000 6.2831850
v 0.2417580 -0.0826290 0.2555310
vn 0.0000000 0.0000000 6.2831855
v 0.2285350 -0.0586420 0.2555310
vn 0.0000000 0.0000000 6.2831855
v 0.2198230 -0.0384880 0.2555310
vn 0.0000000 0.0000000 6.2831855
v 0.2131910 -0.0203740 0.2555310
vn 0.0000000 0.0000000 6.2831855
v 0.1424120 0.0087040 0.2555310
vn 0.0000000 0.0000000 6.2831850
v 0.1319570 0.0273520 0.2555310
vn 0.0000000 0.0000000 6.2831855
v 0.1557230 0.0186770 0.2555310
vn 0.0000000 0.0000000 6.2831850
v 0.1700510 0.0321380 0.2555310
vn 0.0000000 0.0000000 6.2831850
v 0.1826890 0.0219750 0.2555310
vn 0.0000000 0.0000000 6.2831850
v 0.2044500 0.0078840 0.2555310
vn 0.0000000 0.0000000 6.2831850
v 0.1267960 0.0465150 0.2555310
vn 0.0000000 0.0000000 6.2831850
v 0.1233600 0.0616930 0.2555310
vn 0.0000000 0.0000000 6.2831860
v 0.1027820 0.1782920 0.2555310
vn 0.0000000 0.0000000 6.2831850
v 0.1034930 0.1097240 0.2555310
vn 0.0000000 0.0000000 6.2831860
v 0.1203070 0.0754220 0.2555310
vn 0.0000000 0.0000000 6.2831850
v 0.1160240 0.0946610 0.2555310
vn 0.0000000 0.0000000 6.2831850
v 0.1125160 0.1225380 0.2555310
vn 0.0000000 0.0000000 6.2831850
v 0.1206960 0.1344170 0.2555310
vn 0.0000000 0.0000000 6.2831850
v 0.1214260 0.1543430 0.2555310
vn 0.0000000 0.0000000 6.2831850
v 0.1119420 0.1663360 0.2555310
vn 0.0000000 0.0000000 6.2831850
v 0.1291700 0.1463530 0.2555310
vn 0.0000000 0.0000000 6.2831855
v 0.1113780 0.1878250 0.2555310
vn 0.0000000 0.0000000 6.2831855
v 0.1028410 0.2022410 0.2555310
vn 0.0000000 0.0000000 6.2831850
v 0.0938640 0.2160650 0.2555310
vn 0.0000000 0.0000000 6.2831855
v 0.0861320 0.2290120 0.2555310
vn 0.0000000 0.0000000 6.2831850
v 0.0766730 0.2447800 0.2555310
vn 0.0000000 0.0000000 6.2831850
v 0.0683480 0.2596720 0.2555310
vn 0.0000000 0.0000000 6.2831850
v 0.0592620 0.2741450 0.2555310
vn 0.0000000 0.0000000 6.2831850
v 0.0493560 0.2881970 0.2555310
vn 0.0000000 0.0000000 6.2831860
v 0.0385720 0.3018690 0.2555310
vn 0.0000000 0.0000000 6.2831855
v 0.0266970 0.3153490 0.2555310
vn -2.0997882 2.3362439 3.1059799
v 0.0143160 0.3291160 0.2555310
vn 0.0000000 0.0000000 6.2831855
v 0.2673890 -0.2959770 0.2555310
vn 0.0000000 0.0000000 6.2831850
v 0.2659570 -0.2766420 0.2555310
vn 0.0000000 0.0000000 6.2831850
v 0.2645170 -0.2571550 0.2555310
vn 0.0000000 0.0000000 6.2831850
v 0.2630640 -0.2375350 0.2555310
vn 0.0000000 0.0000000 6.2831845
v 0.2616000 -0.2177610 0.2555310
vn 0.0000000 0.0000000 6.2831855
v 0.2601240 -0.1978170 0.2555310
vn 0.0000000 0.0000000 6.2831855
v 0.2586500 -0.1776620 0.2555310
vn 0.0000000 0.0000000 6.2831855
v 0.2572090 -0.1572600 0.2555310
vn 0.0000000 0.0000000 6.2831850
v 0.2592370 -0.1375060 0.2555310
vn 0.0000000 0.0000000 6.2831855
v 0.2614550 -0.1173520 0.2555310
vn 0.0000000 0.0000000 6.2831855
v 0.2669020 -0.0931170 0.2555310
vn 0.0000000 0.0000000 6.2831855
v 0.2718490 -0.0719330 0.2555310
vn 0.0000000 0.0000000 6.2831855
v 0.2573740 -0.0654500 0.2555310
vn 0.0000000 0.0000000 6.2831850
v 0.2479820 -0.0517400 0.2555310
vn 0.0000000 0.0000000 6.2831855
v 0.2412850 -0.0331110 0.2555310
vn 0.0000000 0.0000000 6.2831850
v 0.2378850 -0.0127090 0.2555310
vn 0.0000000 0.0000000 6.2831855
v 0.2341690 0.0087420 0.2555310
vn 0.0000000 0.0000000 6.2831850
v 0.1464510 0.0334540 0.2555310
vn 0.0000000 0.0000000 6.2831855
v 0.1427510 0.0487840 0.2555310
vn 0.0000000 0.0000000 6.2831855
v 0.1618400 0.0414430 0.2555310
vn 0.0000000 0.0000000 6.2831855
v 0.1691010 0.0461720 0.2555310
vn 0.0000000 0.0000000 6.2831855
v 0.1760820 0.0425870 0.2555310
vn 0.0000000 0.0000000 6.2831855
v 0.1902220 0.0379920 0.2555310
vn 0.0000000 0.0000000 6.2831855
v 0.2137460 0.0329770 0.2555310
vn 0.0000000 0.0000000 6.2831850
v 0.2338070 0.0298310 0.2555310
vn 0.0000000 0.0000000 6.2831850
v 0.1394110 0.0632380 0.2555310
vn 0.0000000 0.0000000 6.2831860
v 0.1379080 0.0790260 0.2555310
vn 0.0000000 0.0000000 6.2831850
v 0.1195630 0.1756980 0.2555310
vn 0.0000000 0.0000000 6.2831855
v 0.1234070 0.1138430 0.2555310
vn 0.0000000 0.0000000 6.2831855
v 0.1359230 0.0950610 0.2555310
vn 0.0000000 0.0000000 6.2831855
v 0.1339630 0.1095530 0.2555310
vn 0.0000000 0.0000000 6.2831850
v 0.1318180 0.1275150 0.2555310
vn 0.0000000 0.0000000 6.2831850
v 0.1379480 0.1414340 0.2555310
vn 0.0000000 0.0000000 6.2831855
v 0.1356510 0.1544190 0.2555310
vn 0.0000000 0.0000000 6.2831850
v 0.1288630 0.1631520 0.2555310
vn 0.0000000 0.0000000 6.2831850
v 0.1403470 0.1492900 0.2555310
vn 0.0000000 0.0000000 6.2831855
v 0.1287810 0.1853660 0.2555310
vn 0.0000000 0.0000000 6.2831855
v 0.1218400 0.1982360 0.2555310
vn 0.0000000 0.0000000 6.2831850
v 0.1134500 0.2121370 0.2555310
vn 0.0000000 0.0000000 6.2831855
v 0.1048760 0.2262270 0.2555310
vn 0.0000000 0.0000000 6.2831850
v 0.0974750 0.2394030 0.2555310
vn 0.0000000 0.0000000 6.2831850
v 0.0884560 0.2553820 0.2555310
vn 0.0000000 0.0000000 6.2831855
v 0.0805530 0.2705210 0.2555310
vn 0.0000000 0.0000000 6.2831850
v 0.0718710 0.2852230 0.2555310
vn 0.0000000 0.0000000 6.2831855
v 0.0623550 0.2995420 0.2555310
vn 0.0000000 0.0000000 6.2831855
v 0.0519460 0.3135000 0.2555310
vn 0.0000000 0.0000000 6.2831850
v 0.0404060 0.3272860 0.2555310
vn -2.0322163 2.3953030 3.1087930
v 0.0284070 0.3414150 0.2555310
vn 0.0000000 0.0000000 6.2831850
v 0.2866600 -0.2946230 0.2555310
vn 0.0000000 0.0000000 6.2831850
v 0.2853750 -0.2752880 0.2555310
vn 0.0000000 0.0000000 6.2831855
v 0.2840790 -0.2558010 0.2555310
vn 0.0000000 0.0000000 6.2831850
v 0.2827740 -0.2361620 0.2555310
vn 0.0000000 0.0000000 6.2831850
v 0.2814590 -0.2163700 0.2555310
vn 0.0000000 0.0000000 6.2831850
v 0.2801350 -0.1964250 0.2555310
vn 0.0000000 0.0000000 6.2831855
v 0.2788100 -0.1762890 0.2555310
vn 0.0000000 0.0000000 6.2831850
v 0.2796630 -0.1562490 0.2555310
vn 0.0000000 0.0000000 6.2831850
v 0.2822790 -0.1370670 0.2555310
vn 0.0000000 0.0000000 6.2831850
v 0.2849460 -0.1177330 0.2555310
vn 0.0000000 0.0000000 6.2831850
v 0.2885020 -0.0987800 0.2555310
vn 0.0000000 0.0000000 6.2831850
v 0.2901690 -0.0765660 0.2555310
vn 0.0000000 0.0000000 6.2831850
v 0.2643340 -0.0579370 0.2555310
vn 0.0000000 0.0000000 6.2831855
v 0.2740930 -0.0595960 0.2555310
vn 0.0000000 0.0000000 6.2831850
v 0.2911430 -0.0615980 0.2555310
vn 0.0000000 0.0000000 6.2831855
v 0.2611350 -0.0476210 0.2555310
vn 0.0000000 0.0000000 6.2831855
v 0.2572030 -0.0295640 0.2555310
vn 0.0000000 0.0000000 6.2831855
v 0.2554030 -0.0094100 0.2555310
vn 0.0000000 0.0000000 6.2831850
v 0.2543460 0.0112980 0.2555310
vn 0.0000000 0.0000000 6.2831850
v 0.2539940 0.0301170 0.2555310
vn 0.0000000 0.0000000 6.2831850
v 0.1584040 0.0521780 0.2555310
vn 0.0000000 0.0000000 6.2831855
v 0.1569780 0.0658880 0.2555310
vn 0.0000000 0.0000000 6.2831850
v 0.1687620 0.0535320 0.2555310
vn 0.0000000 0.0000000 6.2831855
v 0.1789420 0.0534560 0.2555310
vn 0.0000000 0.0000000 6.2831860
v 0.1941420 0.0535130 0.2555310
vn 0.0000000 0.0000000 6.2831850
v 0.2182720 0.0535510 0.2555310
vn 0.0000000 0.0000000 6.2831855
v 0.2360910 0.0513390 0.2555310
vn 0.0000000 0.0000000 6.2831855
v 0.2537920 0.0489370 0.2555310
vn 0.0000000 0.0000000 6.2831855
v 0.1566160 0.0817900 0.2555310
vn 0.0000000 0.0000000 6.2831850
v 0.1519120 0.0981500 0.2555310
vn 0.0000000 0.0000000 6.2831855
v 0.1370710 0.1708740 0.2555310
vn 0.0000000 0.0000000 6.2831850
v 0.1451100 0.1188580 0.2555310
vn 0.0000000 0.0000000 6.2831855
v 0.1487960 0.1387260 0.2555310
vn 0.0000000 0.0000000 6.2831850
v 0.1475360 0.1510060 0.2555310
vn 0.0000000 0.0000000 6.2831850
v 0.1430010 0.1600060 0.2555310
vn 0.0000000 0.0000000 6.2831845
v 0.1459260 0.1787300 0.2555310
vn 0.0000000 0.0000000 6.2831850
v 0.1380880 0.1932980 0.2555310
vn 0.0000000 0.0000000 6.2831855
v 0.1317880 0.2067590 0.2555310
vn 0.0000000 0.0000000 6.2831850
v 0.1243610 0.2216890 0.2555310
vn 0.0000000 0.0000000 6.2831855
v 0.1162000 0.2360850 0.2555310
vn 0.0000000 0.0000000 6.2831855
v 0.1091870 0.2493950 0.2555310
vn 0.0000000 0.0000000 6.2831850
v 0.1005340 0.2656590 0.2555310
vn 0.0000000 0.0000000 6.2831850
v 0.0930570 0.2810090 0.2555310
vn 0.0000000 0.0000000 6.2831855
v 0.0847840 0.2959580 0.2555310
vn 0.0000000 0.0000000 6.2831855
v 0.0756600 0.3105440 0.2555310
vn 0.0000000 0.0000000 6.2831850
v 0.0656330 0.3247880 0.2555310
vn 0.0000000 0.0000000 6.2831855
v 0.0544930 0.3389170 0.2555310
vn -1.9652712 2.4505150 3.1076713
v 0.0428980 0.3533700 0.2555310
vn 0.0000000 0.0000000 6.2831860
v 0.3059410 -0.2934030 0.2555310
vn 0.0000000 0.0000000 6.2831850
v 0.3047990 -0.2740490 0.2555310
vn 0.0000000 0.0000000 6.2831850
v 0.3036480 -0.2545620 0.2555310
vn 0.0000000 0.0000000 6.2831855
v 0.3024900 -0.2349220 0.2555310
vn 0.0000000 0.0000000 6.2831850
v 0.3013250 -0.2151300 0.2555310
vn 0.0000000 0.0000000 6.2831855
v 0.3001530 -0.1951850 0.2555310
vn 0.0000000 0.0000000 6.2831850
v 0.3010260 -0.1756600 0.2555310
vn 0.0000000 0.0000000 6.2831855
v 0.3025660 -0.1560970 0.2555310
vn 0.0000000 0.0000000 6.2831850
v 0.3059360 -0.1375250 0.2555310
vn 0.0000000 0.0000000 6.2831850
v 0.3091540 -0.1188770 0.2555310
vn 0.0000000 0.0000000 6.2831855
v 0.3098690 -0.1010870 0.2555310
vn 0.0000000 0.0000000 6.2831855
v 0.3097870 -0.0798070 0.2555310
vn 0.0000000 0.0000000 6.2831850
v 0.3100510 -0.0637530 0.2555310
vn 0.0000000 0.0000000 6.2831855
v 0.2746480 -0.0456760 0.2555310
vn 0.0000000 0.0000000 6.2831850
v 0.2914370 -0.0450280 0.2555310
vn 0.0000000 0.0000000 6.2831850
v 0.3100240 -0.0449900 0.2555310
vn 0.0000000 0.0000000 6.2831855
v 0.2725450 -0.0263230 0.2555310
vn 0.0000000 0.0000000 6.2831850
v 0.2724660 -0.0074840 0.2555310
vn 0.0000000 0.0000000 6.2831855
v 0.2724090 0.0113360 0.2555310
vn 0.0000000 0.0000000 6.2831855
v 0.2723770 0.0301550 0.2555310
vn 0.0000000 0.0000000 6.2831850
v 0.2723620 0.0489560 0.2555310
vn 0.0000000 0.0000000 6.2831855
v 0.1696920 0.0674330 0.2555310
vn 0.0000000 0.0000000 6.2831850
v 0.1703800 0.0836780 0.2555310
vn 0.0000000 0.0000000 6.2831855
v 0.1815640 0.0683670 0.2555310
vn 0.0000000 0.0000000 6.2831850
v 0.1963470 0.0694540 0.2555310
vn 0.0000000 0.0000000 6.2831855
v 0.2185180 0.0713220 0.2555310
vn 0.0000000 0.0000000 6.2831850
v 0.2358380 0.0703500 0.2555310
vn 0.0000000 0.0000000 6.2831855
v 0.2723540 0.0677570 0.2555310
vn 0.0000000 0.0000000 6.2831850
v 0.2536810 0.0677380 0.2555310
vn 0.0000000 0.0000000 6.2831855
v 0.1688150 0.1007630 0.2555310
vn 0.0000000 0.0000000 6.2831855
v 0.1669290 0.1194300 0.2555310
vn 0.0000000 0.0000000 6.2831850
v 0.1519340 0.1665460 0.2555310
vn 0.0000000 0.0000000 6.2831855
v 0.1625400 0.1392980 0.2555310
vn 0.0000000 0.0000000 6.2831860
v 0.1582930 0.1547620 0.2555310
vn 0.0000000 0.0000000 6.2831860
v 0.1644200 0.1753360 0.2555310
vn 0.0000000 0.0000000 6.2831855
v 0.1569970 0.1880350 0.2555310
vn 0.0000000 0.0000000 6.2831850
v 0.1497850 0.2015920 0.2555310
vn 0.0000000 0.0000000 6.2831850
v 0.1430910 0.2156640 0.2555310
vn 0.0000000 0.0000000 6.2831850
v 0.1356110 0.2311090 0.2555310
vn 0.0000000 0.0000000 6.2831850
v 0.1278440 0.2456380 0.2555310
vn 0.0000000 0.0000000 6.2831855
v 0.1209840 0.2592910 0.2555310
vn 0.0000000 0.0000000 6.2831855
v 0.1129030 0.2755930 0.2555310
vn 0.0000000 0.0000000 6.2831850
v 0.1058670 0.2911530 0.2555310
vn 0.0000000 0.0000000 6.2831850
v 0.0980150 0.3063110 0.2555310
vn 0.0000000 0.0000000 6.2831855
v 0.0892920 0.3211460 0.2555310
vn 0.0000000 0.0000000 6.2831855
v 0.0796470 0.3356560 0.2555310
vn 0.0000000 0.0000000 6.2831850
v 0.0688740 0.3500910 0.2555310
vn -1.8956810 2.5047314 3.1078491
v 0.0576780 0.3648870 0.2555310
vn -1.8240250 2.5574009 3.1086118
v 0.0727600 0.3759650 0.2555310
vn 0.0000000 0.0000000 6.2831850
v 0.3252300 -0.2923350 0.2555310
vn 0.0000000 0.0000000 6.2831850
v 0.3242290 -0.2729810 0.2555310
vn 0.0000000 0.0000000 6.2831850
v 0.3232240 -0.2534750 0.2555310
vn 0.0000000 0.0000000 6.2831850
v 0.3222140 -0.2338350 0.2555310
vn 0.0000000 0.0000000 6.2831855
v 0.3211960 -0.2140430 0.2555310
vn 0.0000000 0.0000000 6.2831855
v 0.3221620 -0.1948800 0.2555310
vn 0.0000000 0.0000000 6.2831855
v 0.3237640 -0.1757170 0.2555310
vn 0.0000000 0.0000000 6.2831850
v 0.3263670 -0.1561350 0.2555310
vn 0.0000000 0.0000000 6.2831855
v 0.3277850 -0.1383640 0.2555310
vn 0.0000000 0.0000000 6.2831850
v 0.3283950 -0.1199070 0.2555310
vn 0.0000000 0.0000000 6.2831855
v 0.3286360 -0.1012580 0.2555310
vn 0.0000000 0.0000000 6.2831855
v 0.3287220 -0.0825340 0.2555310
vn 0.0000000 0.0000000 6.2831850
v 0.3287460 -0.0637720 0.2555310
vn 0.0000000 0.0000000 6.2831850
v 0.3287480 -0.0449900 0.2555310
vn 0.0000000 0.0000000 6.2831850
v 0.2913240 -0.0262270 0.2555310
vn 0.0000000 0.0000000 6.2831850
v 0.3099930 -0.0262080 0.2555310
vn 0.0000000 0.0000000 6.2831855
v 0.3287440 -0.0261890 0.2555310
vn 0.0000000 0.0000000 6.2831855
v 0.2912480 -0.0074270 0.2555310
vn 0.0000000 0.0000000 6.2831860
v 0.2912020 0.0113740 0.2555310
vn 0.0000000 0.0000000 6.2831850
v 0.2911770 0.0301740 0.2555310
vn 0.0000000 0.0000000 6.2831850
v 0.2911620 0.0489560 0.2555310
vn 0.0000000 0.0000000 6.2831855
v 0.2911550 0.0677570 0.2555310
vn 0.0000000 0.0000000 6.2831855
v 0.1830720 0.0852230 0.2555310
vn 0.0000000 0.0000000 6.2831855
v 0.1837640 0.1029940 0.2555310
vn 0.0000000 0.0000000 6.2831850
v 0.1977730 0.0866720 0.2555310
vn 0.0000000 0.0000000 6.2831850
v 0.2185700 0.0889980 0.2555310
vn 0.0000000 0.0000000 6.2831850
v 0.2911490 0.0865570 0.2555310
vn 0.0000000 0.0000000 6.2831855
v 0.2363430 0.0893410 0.2555310
vn 0.0000000 0.0000000 6.2831855
v 0.2723500 0.0865570 0.2555310
vn 0.0000000 0.0000000 6.2831850
v 0.2536200 0.0865570 0.2555310
vn 0.0000000 0.0000000 6.2831850
v 0.1837620 0.1216420 0.2555310
vn 0.0000000 0.0000000 6.2831850
v 0.1815830 0.1404230 0.2555310
vn 0.0000000 0.0000000 6.2831850
v 0.1761810 0.1639340 0.2555310
vn 0.0000000 0.0000000 6.2831860
v 0.1810660 0.1751070 0.2555310
vn 0.0000000 0.0000000 6.2831855
v 0.1752620 0.1834590 0.2555310
vn 0.0000000 0.0000000 6.2831850
v 0.1665760 0.1952040 0.2555310
vn 0.0000000 0.0000000 6.2831855
v 0.1596110 0.2086280 0.2555310
vn 0.0000000 0.0000000 6.2831850
v 0.1531190 0.2233290 0.2555310
vn 0.0000000 0.0000000 6.2831850
v 0.1462850 0.2384120 0.2555310
vn 0.0000000 0.0000000 6.2831855
v 0.1394810 0.2537610 0.2555310
vn 0.0000000 0.0000000 6.2831850
v 0.1330310 0.2683290 0.2555310
vn 0.0000000 0.0000000 6.2831845
v 0.1255200 0.2851840 0.2555310
vn 0.0000000 0.0000000 6.2831850
v 0.1189420 0.3009340 0.2555310
vn 0.0000000 0.0000000 6.2831855
v 0.1115280 0.3163220 0.2555310
vn 0.0000000 0.0000000 6.2831850
v 0.1032300 0.3313850 0.2555310
vn 0.0000000 0.0000000 6.2831850
v 0.0939880 0.3461240 0.2555310
vn 0.0000000 0.0000000 6.2831855
v 0.0835520 0.3608260 0.2555310
vn 0.0000000 0.0000000 6.2831855
v 0.0986180 0.3712940 0.2555310
vn -1.7506477 2.6081634 3.1070662
v 0.0882730 0.3867000 0.2555310
vn 0.0000000 0.0000000 6.2831850
v 0.3445210 -0.2914200 0.2555310
vn 0.0000000 0.0000000 6.2831855
v 0.3436650 -0.2720470 0.2555310
vn 0.0000000 0.0000000 6.2831855
v 0.3428050 -0.2525410 0.2555310
vn 0.0000000 0.0000000 6.2831850
v 0.3419410 -0.2329010 0.2555310
vn 0.0000000 0.0000000 6.2831855
v 0.3411380 -0.2131660 0.2555310
vn 0.0000000 0.0000000 6.2831860
v 0.3436270 -0.1933740 0.2555310
vn 0.0000000 0.0000000 6.2831855
v 0.3455930 -0.1756030 0.2555310
vn 0.0000000 0.0000000 6.2831850
v 0.3466600 -0.1572980 0.2555310
vn 0.0000000 0.0000000 6.2831855
v 0.3471660 -0.1387450 0.2555310
vn 0.0000000 0.0000000 6.2831855
v 0.3473870 -0.1200590 0.2555310
vn 0.0000000 0.0000000 6.2831850
v 0.3474800 -0.1013350 0.2555310
vn 0.0000000 0.0000000 6.2831855
v 0.3475160 -0.0825530 0.2555310
vn 0.0000000 0.0000000 6.2831850
v 0.3475280 -0.0637720 0.2555310
vn 0.0000000 0.0000000 6.2831855
v 0.3475300 -0.0449900 0.2555310
vn 0.0000000 0.0000000 6.2831855
v 0.3475300 -0.0261890 0.2555310
vn 0.0000000 0.0000000 6.2831855
v 0.3099720 -0.0074080 0.2555310
vn 0.0000000 0.0000000 6.2831855
v 0.3287410 -0.0074080 0.2555310
vn 0.0000000 0.0000000 6.2831860
v 0.3475280 -0.0074080 0.2555310
vn 0.0000000 0.0000000 6.2831855
v 0.3099590 0.0113740 0.2555310
vn 0.0000000 0.0000000 6.2831855
v 0.3099490 0.0301740 0.2555310
vn 0.0000000 0.0000000 6.2831855
v 0.3099460 0.0489750 0.2555310
vn 0.0000000 0.0000000 6.2831855
v 0.3099420 0.0677570 0.2555310
vn 0.0000000 0.0000000 6.2831855
v 0.3099400 0.0865570 0.2555310
vn 0.0000000 0.0000000 6.2831855
v 0.3099400 0.1053580 0.2555310
vn 0.0000000 0.0000000 6.2831855
v 0.1990410 0.1047860 0.2555310
vn 0.0000000 0.0000000 6.2831855
v 0.1998950 0.1238150 0.2555310
vn 0.0000000 0.0000000 6.2831855
v 0.2185870 0.1071880 0.2555310
vn 0.0000000 0.0000000 6.2831850
v 0.2911470 0.1053580 0.2555310
vn 0.0000000 0.0000000 6.2831850
v 0.2355900 0.1079130 0.2555310
vn 0.0000000 0.0000000 6.2831850
v 0.2723500 0.1053580 0.2555310
vn 0.0000000 0.0000000 6.2831850
v 0.2535890 0.1053580 0.2555310
vn 0.0000000 0.0000000 6.2831860
v 0.1994380 0.1426160 0.2555310
vn 0.0000000 0.0000000 6.2831855
v 0.1945410 0.1633040 0.2555310
vn 0.0000000 0.0000000 6.2831850
v 0.1923250 0.1767280 0.2555310
vn 0.0000000 0.0000000 6.2831855
v 0.1888530 0.1899610 0.2555310
vn 0.0000000 0.0000000 6.2831850
v 0.1841570 0.2050050 0.2555310
vn 0.0000000 0.0000000 6.2831860
v 0.1742720 0.2177810 0.2555310
vn 0.0000000 0.0000000 6.2831855
v 0.1643340 0.2312810 0.2555310
vn 0.0000000 0.0000000 6.2831860
v 0.1579390 0.2459050 0.2555310
vn 0.0000000 0.0000000 6.2831855
v 0.1513280 0.2620170 0.2555310
vn 0.0000000 0.0000000 6.2831860
v 0.1452610 0.2770430 0.2555310
vn 0.0000000 0.0000000 6.2831855
v 0.1383740 0.2944320 0.2555310
vn 0.0000000 0.0000000 6.2831850
v 0.1322550 0.3103730 0.2555310
vn 0.0000000 0.0000000 6.2831850
v 0.1252820 0.3259700 0.2555310
vn 0.0000000 0.0000000 6.2831855
v 0.1174090 0.3412620 0.2555310
vn 0.0000000 0.0000000 6.2831855
v 0.1085900 0.3562880 0.2555310
vn 0.0000000 0.0000000 6.2831850
v 0.1234680 0.3659740 0.2555310
vn 0.0000000 0.0000000 6.2831850
v 0.1139350 0.3812660 0.2555310
vn -1.6773384 2.6559060 3.1073630
v 0.1040290 0.3969590 0.2555310
vn 0.0000000 0.0000000 6.2831850
v 0.3638170 -0.2906380 0.2555310
vn 0.0000000 0.0000000 6.2831850
v 0.3631040 -0.2712650 0.2555310
vn 0.0000000 0.0000000 6.2831850
v 0.3623890 -0.2517590 0.2555310
vn 0.0000000 0.0000000 6.2831860
v 0.3617430 -0.2322340 0.2555310
vn 0.0000000 0.0000000 6.2831855
v 0.3634570 -0.2129370 0.2555310
vn 0.0000000 0.0000000 6.2831855
v 0.3648430 -0.1947280 0.2555310
vn 0.0000000 0.0000000 6.2831855
v 0.3656170 -0.1762320 0.2555310
vn 0.0000000 0.0000000 6.2831850
v 0.3659990 -0.1576030 0.2555310
vn 0.0000000 0.0000000 6.2831860
v 0.3661800 -0.1388790 0.2555310
vn 0.0000000 0.0000000 6.2831850
v 0.3662620 -0.1201350 0.2555310
vn 0.0000000 0.0000000 6.2831855
v 0.3662960 -0.1013540 0.2555310
vn 0.0000000 0.0000000 6.2831855
v 0.3663110 -0.0825720 0.2555310
vn 0.0000000 0.0000000 6.2831850
v 0.3663170 -0.0637720 0.2555310
vn 0.0000000 0.0000000 6.2831855
v 0.3663190 -0.0449900 0.2555310
vn 0.0000000 0.0000000 6.2831855
v 0.3663190 -0.0261890 0.2555310
vn 0.0000000 0.0000000 6.2831855
v 0.3663190 -0.0074080 0.2555310
vn 0.0000000 0.0000000 6.2831855
v 0.3287370 0.0113930 0.2555310
vn 0.0000000 0.0000000 6.2831855
v 0.3475280 0.0113930 0.2555310
vn 0.0000000 0.0000000 6.2831855
v 0.3663190 0.0113930 0.2555310
vn 0.0000000 0.0000000 6.2831855
v 0.3287350 0.0301740 0.2555310
vn 0.0000000 0.0000000 6.2831850
v 0.3287350 0.0489750 0.2555310
vn 0.0000000 0.0000000 6.2831850
v 0.3287330 0.0677570 0.2555310
vn 0.0000000 0.0000000 6.2831855
v 0.3287330 0.0865570 0.2555310
vn 0.0000000 0.0000000 6.2831850
v 0.3287330 0.1053580 0.2555310
vn 0.0000000 0.0000000 6.2831855
v 0.2911490 0.1241400 0.2555310
vn 0.0000000 0.0000000 6.2831855
v 0.3099400 0.1241400 0.2555310
vn 0.0000000 0.0000000 6.2831855
v 0.3287330 0.1241400 0.2555310
vn 0.0000000 0.0000000 6.2831850
v 0.2193080 0.1259510 0.2555310
vn 0.0000000 0.0000000 6.2831855
v 0.2170200 0.1472490 0.2555310
vn 0.0000000 0.0000000 6.2831855
v 0.2363240 0.1281820 0.2555310
vn 0.0000000 0.0000000 6.2831850
v 0.2734900 0.1274380 0.2555310
vn 0.0000000 0.0000000 6.2831855
v 0.2552330 0.1302030 0.2555310
vn 0.0000000 0.0000000 6.2831860
v 0.2137520 0.1645440 0.2555310
vn 0.0000000 0.0000000 6.2831855
v 0.2104300 0.1791690 0.2555310
vn 0.0000000 0.0000000 6.2831850
v 0.2084220 0.1944420 0.2555310
vn 0.0000000 0.0000000 6.2831855
v 0.2070910 0.2158930 0.2555310
vn 0.0000000 0.0000000 6.2831850
v 0.1920560 0.2303650 0.2555310
vn 0.0000000 0.0000000 6.2831850
v 0.1807210 0.2427210 0.2555310
vn 0.0000000 0.0000000 6.2831860
v 0.1719210 0.2554960 0.2555310
vn 0.0000000 0.0000000 6.2831855
v 0.1644470 0.2715510 0.2555310
vn 0.0000000 0.0000000 6.2831855
v 0.1584730 0.2857950 0.2555310
vn 0.0000000 0.0000000 6.2831850
v 0.1515090 0.3032800 0.2555310
vn 0.0000000 0.0000000 6.2831850
v 0.1458560 0.3193920 0.2555310
vn 0.0000000 0.0000000 6.2831850
v 0.1393250 0.3351800 0.2555310
vn 0.0000000 0.0000000 6.2831855
v 0.1318750 0.3506820 0.2555310
vn 0.0000000 0.0000000 6.2831855
v 0.1466390 0.3596820 0.2555310
vn 0.0000000 0.0000000 6.2831855
v 0.1386420 0.3751840 0.2555310
vn 0.0000000 0.0000000 6.2831860
v 0.1294880 0.3907430 0.2555310
vn -1.6019716 2.7020249 3.1068556
v 0.1200110 0.4067410 0.2555310
vn 0.0000000 0.0000000 6.2831850
v 0.3831140 -0.2899900 0.2555310
vn 0.0000000 0.0000000 6.2831850
v 0.3825460 -0.2706360 0.2555310
vn 0.0000000 0.0000000 6.2831850
v 0.3820350 -0.2512440 0.2555310
vn 0.0000000 0.0000000 6.2831855
v 0.3831460 -0.2322720 0.2555310
vn 0.0000000 0.0000000 6.2831855
v 0.3840590 -0.2137760 0.2555310
vn 0.0000000 0.0000000 6.2831855
v 0.3845820 -0.1951470 0.2555310
vn 0.0000000 0.0000000 6.2831855
v 0.3848530 -0.1764420 0.2555310
vn 0.0000000 0.0000000 6.2831855
v 0.3849880 -0.1576990 0.2555310
vn 0.0000000 0.0000000 6.2831855
v 0.3850530 -0.1389360 0.2555310
vn 0.0000000 0.0000000 6.2831850
v 0.3850850 -0.1201540 0.2555310
vn 0.0000000 0.0000000 6.2831855
v 0.3850990 -0.1013730 0.2555310
vn 0.0000000 0.0000000 6.2831850
v 0.3851060 -0.0825720 0.2555310
vn 0.0000000 0.0000000 6.2831850
v 0.3851080 -0.0637910 0.2555310
vn 0.0000000 0.0000000 6.2831855
v 0.3851100 -0.0449900 0.2555310
vn 0.0000000 0.0000000 6.2831855
v 0.3851100 -0.0261890 0.2555310
vn 0.0000000 0.0000000 6.2831855
v 0.3851100 -0.0074080 0.2555310
vn 0.0000000 0.0000000 6.2831855
v 0.3851100 0.0113930 0.2555310
vn 0.0000000 0.0000000 6.2831855
v 0.3475260 0.0301740 0.2555310
vn 0.0000000 0.0000000 6.2831850
v 0.3663190 0.0301740 0.2555310
vn 0.0000000 0.0000000 6.2831855
v 0.3851100 0.0301740 0.2555310
vn 0.0000000 0.0000000 6.2831855
v 0.3475260 0.0489750 0.2555310
vn 0.0000000 0.0000000 6.2831855
v 0.3475260 0.0677570 0.2555310
vn 0.0000000 0.0000000 6.2831855
v 0.3475260 0.0865570 0.2555310
vn 0.0000000 0.0000000 6.2831855
v 0.3475260 0.1053580 0.2555310
vn 0.0000000 0.0000000 6.2831855
v 0.3475260 0.1241400 0.2555310
vn 0.0000000 0.0000000 6.2831855
v 0.2761030 0.1523600 0.2555310
vn 0.0000000 0.0000000 6.2831855
v 0.2917550 0.1487940 0.2555310
vn 0.0000000 0.0000000 6.2831855
v 0.3098640 0.1457620 0.2555310
vn 0.0000000 0.0000000 6.2831850
v 0.3287330 0.1429400 0.2555310
vn 0.0000000 0.0000000 6.2831850
v 0.3475260 0.1429400 0.2555310
vn 0.0000000 0.0000000 6.2831850
v 0.2348860 0.1518060 0.2555310
vn 0.0000000 0.0000000 6.2831855
v 0.2330100 0.1682240 0.2555310
vn 0.0000000 0.0000000 6.2831855
v 0.2587610 0.1587280 0.2555310
vn 0.0000000 0.0000000 6.2831855
v 0.2290760 0.1826580 0.2555310
vn 0.0000000 0.0000000 6.2831860
v 0.2243250 0.1976070 0.2555310
vn 0.0000000 0.0000000 6.2831860
v 0.2224140 0.2143290 0.2555310
vn 0.0000000 0.0000000 6.2831860
v 0.2224120 0.2239010 0.2555310
vn 0.0000000 0.0000000 6.2831855
v 0.2149030 0.2289920 0.2555310
vn 0.0000000 0.0000000 6.2831850
v 0.2043420 0.2393650 0.2555310
vn 0.0000000 0.0000000 6.2831860
v 0.1937780 0.2511870 0.2555310
vn 0.0000000 0.0000000 6.2831855
v 0.1859820 0.2660030 0.2555310
vn 0.0000000 0.0000000 6.2831850
v 0.1784080 0.2817520 0.2555310
vn 0.0000000 0.0000000 6.2831855
v 0.1729300 0.2951570 0.2555310
vn 0.0000000 0.0000000 6.2831850
v 0.1665170 0.3118790 0.2555310
vn 0.0000000 0.0000000 6.2831850
v 0.1597220 0.3280100 0.2555310
vn 0.0000000 0.0000000 6.2831855
v 0.1536540 0.3439700 0.2555310
vn 0.0000000 0.0000000 6.2831860
v 0.1682030 0.3524170 0.2555310
vn 0.0000000 0.0000000 6.2831850
v 0.1616510 0.3683190 0.2555310
vn 0.0000000 0.0000000 6.2831850
v 0.1540850 0.3840120 0.2555310
vn 0.0000000 0.0000000 6.2831850
v 0.1453240 0.3998000 0.2555310
vn -1.5249103 2.7462378 3.1060817
v 0.1362880 0.4160840 0.2555310
vn 0.0000000 0.0000000 6.2831855
v 0.4024100 -0.2895130 0.2555310
vn 0.0000000 0.0000000 6.2831855
v 0.4020190 -0.2702550 0.2555310
vn 0.0000000 0.0000000 6.2831850
v 0.4026770 -0.2514160 0.2555310
vn 0.0000000 0.0000000 6.2831855
v 0.4032240 -0.2327490 0.2555310
vn 0.0000000 0.0000000 6.2831850
v 0.4035450 -0.2140430 0.2555310
vn 0.0000000 0.0000000 6.2831850
v 0.4037180 -0.1952810 0.2555310
vn 0.0000000 0.0000000 6.2831850
v 0.4038080 -0.1765180 0.2555310
vn 0.0000000 0.0000000 6.2831850
v 0.4038550 -0.1577370 0.2555310
vn 0.0000000 0.0000000 6.2831855
v 0.4038780 -0.1389550 0.2555310
vn 0.0000000 0.0000000 6.2831855
v 0.4038920 -0.1201540 0.2555310
vn 0.0000000 0.0000000 6.2831860
v 0.4038970 -0.1013730 0.2555310
vn 0.0000000 0.0000000 6.2831860
v 0.4039010 -0.0825720 0.2555310
vn 0.0000000 0.0000000 6.2831855
v 0.4039030 -0.0637910 0.2555310
vn 0.0000000 0.0000000 6.2831855
v 0.4039030 -0.0449900 0.2555310
vn 0.0000000 0.0000000 6.2831855
v 0.4039030 -0.0261890 0.2555310
vn 0.0000000 0.0000000 6.2831855
v 0.4039030 -0.0074080 0.2555310
vn 0.0000000 0.0000000 6.2831855
v 0.4039030 0.0113930 0.2555310
vn 0.0000000 0.0000000 6.2831855
v 0.4039030 0.0301740 0.2555310
vn 0.0000000 0.0000000 6.2831855
v 0.3663170 0.0489750 0.2555310
vn 0.0000000 0.0000000 6.2831855
v 0.3851100 0.0489750 0.2555310
vn 0.0000000 0.0000000 6.2831855
v 0.4039030 0.0489750 0.2555310
vn 0.0000000 0.0000000 6.2831855
v 0.3663170 0.0677570 0.2555310
vn 0.0000000 0.0000000 6.2831855
v 0.3663170 0.0865570 0.2555310
vn 0.0000000 0.0000000 6.2831855
v 0.3663170 0.1053580 0.2555310
vn 0.0000000 0.0000000 6.2831855
v 0.3663170 0.1241400 0.2555310
vn 0.0000000 0.0000000 6.2831855
v 0.3663170 0.1429400 0.2555310
vn 0.0000000 0.0000000 6.2831850
v 0.2681610 0.1693870 0.2555310
vn 0.0000000 0.0000000 6.2831855
v 0.2778930 0.1673090 0.2555310
vn 0.0000000 0.0000000 6.2831855
v 0.2914560 0.1650210 0.2555310
vn 0.0000000 0.0000000 6.2831855
v 0.3099380 0.1617220 0.2555310
vn 0.0000000 0.0000000 6.2831860
v 0.3287310 0.1617220 0.2555310
vn 0.0000000 0.0000000 6.2831855
v 0.3475240 0.1617220 0.2555310
vn 0.0000000 0.0000000 6.2831855
v 0.3663170 0.1617220 0.2555310
vn 0.0000000 0.0000000 6.2831855
v 0.2510310 0.1732010 0.2555310
vn 0.0000000 0.0000000 6.2831850
v 0.2456500 0.1878060 0.2555310
vn 0.0000000 0.0000000 6.2831855
v 0.2647060 0.1796260 0.2555310
vn 0.0000000 0.0000000 6.2831860
v 0.2403780 0.2033080 0.2555310
vn 0.0000000 0.0000000 6.2831845
v 0.2339480 0.2176280 0.2555310
vn 0.0000000 0.0000000 6.2831855
v 0.2290610 0.2272760 0.2555310
vn 0.0000000 0.0000000 6.2831860
v 0.2229880 0.2349030 0.2555310
vn 0.0000000 0.0000000 6.2831855
v 0.2139170 0.2460200 0.2555310
vn 0.0000000 0.0000000 6.2831850
v 0.2052720 0.2585850 0.2555310
vn 0.0000000 0.0000000 6.2831855
v 0.1980420 0.2733440 0.2555310
vn 0.0000000 0.0000000 6.2831855
v 0.1911220 0.2894740 0.2555310
vn 0.0000000 0.0000000 6.2831855
v 0.1859970 0.3031080 0.2555310
vn 0.0000000 0.0000000 6.2831855
v 0.1800400 0.3194870 0.2555310
vn 0.0000000 0.0000000 6.2831855
v 0.1737860 0.3362860 0.2555310
vn 0.0000000 0.0000000 6.2831860
v 0.1880200 0.3441990 0.2555310
vn 0.0000000 0.0000000 6.2831855
v 0.1829350 0.3604820 0.2555310
vn 0.0000000 0.0000000 6.2831855
v 0.1768650 0.3765560 0.2555310
vn 0.0000000 0.0000000 6.2831850
v 0.1697660 0.3924590 0.2555310
vn 0.0000000 0.0000000 6.2831855
v 0.1614610 0.4084760 0.2555310
vn -1.4462303 2.7885406 3.1106656
v 0.1528920 0.4249880 0.2555310
vn 0.0000000 0.0000000 6.2831850
v 0.4217070 -0.2892080 0.2555310
vn 0.0000000 0.0000000 6.2831855
v 0.4220350 -0.2704260 0.2555310
vn 0.0000000 0.0000000 6.2831850
v 0.4223170 -0.2516640 0.2555310
vn 0.0000000 0.0000000 6.2831850
v 0.4224860 -0.2329010 0.2555310
vn 0.0000000 0.0000000 6.2831855
v 0.4225840 -0.2141200 0.2555310
vn 0.0000000 0.0000000 6.2831850
v 0.4226350 -0.1953190 0.2555310
vn 0.0000000 0.0000000 6.2831860
v 0.4226640 -0.1765370 0.2555310
vn 0.0000000 0.0000000 6.2831855
v 0.4226790 -0.1577560 0.2555310
vn 0.0000000 0.0000000 6.2831855
v 0.4226870 -0.1389550 0.2555310
vn 0.0000000 0.0000000 6.2831850
v 0.4226900 -0.1201540 0.2555310
vn 0.0000000 0.0000000 6.2831855
v 0.4226940 -0.1013730 0.2555310
vn 0.0000000 0.0000000 6.2831850
v 0.4226940 -0.0825720 0.2555310
vn 0.0000000 0.0000000 6.2831855
v 0.4226960 -0.0637910 0.2555310
vn 0.0000000 0.0000000 6.2831855
v 0.4226960 -0.0449900 0.2555310
vn 0.0000000 0.0000000 6.2831855
v 0.4226960 -0.0261890 0.2555310
vn 0.0000000 0.0000000 6.2831855
v 0.4226960 -0.0074080 0.2555310
vn 0.0000000 0.0000000 6.2831855
v 0.4226960 0.0113930 0.2555310
vn 0.0000000 0.0000000 6.2831855
v 0.4226960 0.0301740 0.2555310
vn 0.0000000 0.0000000 6.2831850
v 0.4226960 0.0489750 0.2555310
vn 0.0000000 0.0000000 6.2831855
v 0.3851100 0.0677570 0.2555310
vn 0.0000000 0.0000000 6.2831855
v 0.4039030 0.0677570 0.2555310
vn 0.0000000 0.0000000 6.2831855
v 0.4226960 0.0677570 0.2555310
vn 0.0000000 0.0000000 6.2831855
v 0.3851100 0.0865570 0.2555310
vn 0.0000000 0.0000000 6.2831850
v 0.3851100 0.1053580 0.2555310
vn 0.0000000 0.0000000 6.2831855
v 0.3851100 0.1241400 0.2555310
vn 0.0000000 0.0000000 6.2831855
v 0.3851100 0.1429400 0.2555310
vn 0.0000000 0.0000000 6.2831855
v 0.3851100 0.1617220 0.2555310
vn 0.0000000 0.0000000 6.2831850
v 0.2775100 0.1807510 0.2555310
vn 0.0000000 0.0000000 6.2831855
v 0.2911450 0.1805220 0.2555310
vn 0.0000000 0.0000000 6.2831850
v 0.3099380 0.1805220 0.2555310
vn 0.0000000 0.0000000 6.2831855
v 0.3287330 0.1805220 0.2555310
vn 0.0000000 0.0000000 6.2831855
v 0.3475260 0.1805220 0.2555310
vn 0.0000000 0.0000000 6.2831855
v 0.3663170 0.1805220 0.2555310
vn 0.0000000 0.0000000 6.2831855
v 0.3851100 0.1805220 0.2555310
vn 0.0000000 0.0000000 6.2831855
v 0.2613960 0.1949370 0.2555310
vn 0.0000000 0.0000000 6.2831855
v 0.2562190 0.2105920 0.2555310
vn 0.0000000 0.0000000 6.2831860
v 0.2759820 0.1987700 0.2555310
vn 0.0000000 0.0000000 6.2831855
v 0.2475810 0.2237870 0.2555310
vn 0.0000000 0.0000000 6.2831850
v 0.2406350 0.2333590 0.2555310
vn 0.0000000 0.0000000 6.2831855
v 0.2339690 0.2417300 0.2555310
vn 0.0000000 0.0000000 6.2831850
v 0.2247650 0.2523690 0.2555310
vn 0.0000000 0.0000000 6.2831850
v 0.2171470 0.2656210 0.2555310
vn 0.0000000 0.0000000 6.2831850
v 0.2102760 0.2811420 0.2555310
vn 0.0000000 0.0000000 6.2831850
v 0.2039620 0.2969300 0.2555310
vn 0.0000000 0.0000000 6.2831855
v 0.1992220 0.3106780 0.2555310
vn 0.0000000 0.0000000 6.2831850
v 0.1937990 0.3269610 0.2555310
vn 0.0000000 0.0000000 6.2831860
v 0.2077320 0.3341880 0.2555310
vn 0.0000000 0.0000000 6.2831855
v 0.2024330 0.3516730 0.2555310
vn 0.0000000 0.0000000 6.2831850
v 0.1978570 0.3681290 0.2555310
vn 0.0000000 0.0000000 6.2831855
v 0.1922760 0.3843550 0.2555310
vn 0.0000000 0.0000000 6.2831855
v 0.1856550 0.4004670 0.2555310
vn 0.0000000 0.0000000 6.2831850
v 0.1778420 0.4167130 0.2555310
vn -1.3673333 2.8280573 3.1105881
v 0.1697490 0.4334350 0.2555310
vn 0.0000000 0.0000000 6.2831860
v 0.4412340 -0.2893030 0.2555310
vn 0.0000000 0.0000000 6.2831855
v 0.4413390 -0.2705020 0.2555310
vn 0.0000000 0.0000000 6.2831855
v 0.4414030 -0.2517210 0.2555310
vn 0.0000000 0.0000000 6.2831855
v 0.4414420 -0.2329200 0.2555310
vn 0.0000000 0.0000000 6.2831855
v 0.4414620 -0.2141390 0.2555310
vn 0.0000000 0.0000000 6.2831855
v 0.4414740 -0.1953380 0.2555310
vn 0.0000000 0.0000000 6.2831860
v 0.4414820 -0.1765370 0.2555310
vn 0.0000000 0.0000000 6.2831855
v 0.4414850 -0.1577560 0.2555310
vn 0.0000000 0.0000000 6.2831855
v 0.4414870 -0.1389550 0.2555310
vn 0.0000000 0.0000000 6.2831850
v 0.4414870 -0.1201540 0.2555310
vn 0.0000000 0.0000000 6.2831855
v 0.4414890 -0.1013730 0.2555310
vn 0.0000000 0.0000000 6.2831855
v 0.4414890 -0.0825720 0.2555310
vn 0.0000000 0.0000000 6.2831855
v 0.4414890 -0.0637910 0.2555310
vn 0.0000000 0.0000000 6.2831855
v 0.4414890 -0.0449900 0.2555310
vn 0.0000000 0.0000000 6.2831855
v 0.4414890 -0.0261890 0.2555310
vn 0.0000000 0.0000000 6.2831855
v 0.4414890 -0.0074080 0.2555310
vn 0.0000000 0.0000000 6.2831855
v 0.4414890 0.0113930 0.2555310
vn 0.0000000 0.0000000 6.2831855
v 0.4414890 0.0301740 0.2555310
vn 0.0000000 0.0000000 6.2831855
v 0.4414890 0.0489750 0.2555310
vn 0.0000000 0.0000000 6.2831855
v 0.4414890 0.0677570 0.2555310
vn 0.0000000 0.0000000 6.2831850
v 0.4039030 0.0865570 0.2555310
vn 0.0000000 0.0000000 6.2831855
v 0.4226960 0.0865570 0.2555310
vn 0.0000000 0.0000000 6.2831850
v 0.4414890 0.0865570 0.2555310
vn 0.0000000 0.0000000 6.2831855
v 0.4039030 0.1053580 0.2555310
vn 0.0000000 0.0000000 6.2831855
v 0.4039030 0.1241400 0.2555310
vn 0.0000000 0.0000000 6.2831855
v 0.4039030 0.1429400 0.2555310
vn 0.0000000 0.0000000 6.2831850
v 0.4039030 0.1617220 0.2555310
vn 0.0000000 0.0000000 6.2831855
v 0.4039030 0.1805220 0.2555310
vn 0.0000000 0.0000000 6.2831855
v 0.2911470 0.1993230 0.2555310
vn 0.0000000 0.0000000 6.2831860
v 0.3099400 0.1993230 0.2555310
vn 0.0000000 0.0000000 6.2831855
v 0.3287330 0.1993230 0.2555310
vn 0.0000000 0.0000000 6.2831850
v 0.3475260 0.1993230 0.2555310
vn 0.0000000 0.0000000 6.2831860
v 0.3663170 0.1993230 0.2555310
vn 0.0000000 0.0000000 6.2831855
v 0.3851100 0.1993230 0.2555310
vn 0.0000000 0.0000000 6.2831860
v 0.4039030 0.1993230 0.2555310
vn 0.0000000 0.0000000 6.2831850
v 0.2623910 0.2322530 0.2555310
vn 0.0000000 0.0000000 6.2831850
v 0.2735860 0.2204500 0.2555310
vn 0.0000000 0.0000000 6.2831855
v 0.2792930 0.2317950 0.2555310
vn 0.0000000 0.0000000 6.2831850
v 0.2739900 0.2394790 0.2555310
vn 0.0000000 0.0000000 6.2831850
v 0.2894990 0.2191150 0.2555310
vn 0.0000000 0.0000000 6.2831850
v 0.2538560 0.2416340 0.2555310
vn 0.0000000 0.0000000 6.2831860
v 0.2456590 0.2504050 0.2555310
vn 0.0000000 0.0000000 6.2831855
v 0.2366460 0.2604540 0.2555310
vn 0.0000000 0.0000000 6.2831850
v 0.2286260 0.2737440 0.2555310
vn 0.0000000 0.0000000 6.2831855
v 0.2219930 0.2885590 0.2555310
vn 0.0000000 0.0000000 6.2831850
v 0.2169430 0.3039660 0.2555310
vn 0.0000000 0.0000000 6.2831860
v 0.2126190 0.3178280 0.2555310
vn 0.0000000 0.0000000 6.2831860
v 0.2262030 0.3245970 0.2555310
vn 0.0000000 0.0000000 6.2831850
v 0.2218930 0.3408050 0.2555310
vn 0.0000000 0.0000000 6.2831855
v 0.2170390 0.3587470 0.2555310
vn 0.0000000 0.0000000 6.2831860
v 0.2129750 0.3753170 0.2555310
vn 0.0000000 0.0000000 6.2831850
v 0.2078900 0.3917150 0.2555310
vn 0.0000000 0.0000000 6.2831855
v 0.2017480 0.4079990 0.2555310
vn 0.0000000 0.0000000 6.2831850
v 0.1944380 0.4244540 0.2555310
vn -1.2867541 2.8655701 3.1071599
v 0.1868260 0.4414050 0.2555310
vn 0.0000000 0.0000000 6.2831850
v 0.4226960 0.1053580 0.2555310
vn 0.0000000 0.0000000 6.2831855
v 0.4414890 0.1053580 0.2555310
vn 0.0000000 0.0000000 6.2831855
v 0.4226960 0.1241400 0.2555310
vn 0.0000000 0.0000000 6.2831855
v 0.4226960 0.1429400 0.2555310
vn 0.0000000 0.0000000 6.2831855
v 0.4226960 0.1617220 0.2555310
vn 0.0000000 0.0000000 6.2831855
v 0.4226960 0.1805220 0.2555310
vn 0.0000000 0.0000000 6.2831855
v 0.4226960 0.1993230 0.2555310
vn 0.0000000 0.0000000 6.2831850
v 0.3067940 0.2184860 0.2555310
vn 0.0000000 0.0000000 6.2831855
v 0.3287310 0.2181040 0.2555310
vn 0.0000000 0.0000000 6.2831855
v 0.3475240 0.2181040 0.2555310
vn 0.0000000 0.0000000 6.2831850
v 0.3663170 0.2181040 0.2555310
vn 0.0000000 0.0000000 6.2831855
v 0.3851100 0.2181040 0.2555310
vn 0.0000000 0.0000000 6.2831855
v 0.4039030 0.2181040 0.2555310
vn 0.0000000 0.0000000 6.2831855
v 0.4226960 0.2181040 0.2555310
vn 0.0000000 0.0000000 6.2831850
v 0.2671430 0.2502340 0.2555310
vn 0.0000000 0.0000000 6.2831855
v 0.2883670 0.2323670 0.2555310
vn 0.0000000 0.0000000 6.2831850
v 0.2849040 0.2443800 0.2555310
vn 0.0000000 0.0000000 6.2831855
v 0.2760970 0.2591950 0.2555310
vn 0.0000000 0.0000000 6.2831855
v 0.3040190 0.2338160 0.2555310
vn 0.0000000 0.0000000 6.2831850
v 0.2584560 0.2600920 0.2555310
vn 0.0000000 0.0000000 6.2831855
v 0.2502450 0.2702160 0.2555310
vn 0.0000000 0.0000000 6.2831855
v 0.2429630 0.2835260 0.2555310
vn 0.0000000 0.0000000 6.2831860
v 0.2360050 0.2969300 0.2555310
vn 0.0000000 0.0000000 6.2831855
v 0.2301210 0.3106020 0.2555310
vn 0.0000000 0.0000000 6.2831850
v 0.2447750 0.3182470 0.2555310
vn 0.0000000 0.0000000 6.2831855
v 0.2396700 0.3312140 0.2555310
vn 0.0000000 0.0000000 6.2831860
v 0.2362420 0.3472300 0.2555310
vn 0.0000000 0.0000000 6.2831850
v 0.2327830 0.3640100 0.2555310
vn 0.0000000 0.0000000 6.2831855
v 0.2282910 0.3820670 0.2555310
vn 0.0000000 0.0000000 6.2831855
v 0.2237090 0.3986180 0.2555310
vn 0.0000000 0.0000000 6.2831855
v 0.2180440 0.4150730 0.2555310
vn 0.0000000 0.0000000 6.2831850
v 0.2112210 0.4317190 0.2555310
vn -1.2055364 2.9007254 3.1094394
v 0.2040920 0.4488610 0.2555310
vn 0.0000000 0.0000000 6.2831855
v 0.4414890 0.1241400 0.2555310
vn 0.0000000 0.0000000 6.2831855
v 0.4414890 0.1429400 0.2555310
vn 0.0000000 0.0000000 6.2831850
v 0.4414890 0.1617220 0.2555310
vn 0.0000000 0.0000000 6.2831855
v 0.4414890 0.1805220 0.2555310
vn 0.0000000 0.0000000 6.2831860
v 0.4414890 0.1993230 0.2555310
vn 0.0000000 0.0000000 6.2831855
v 0.4414890 0.2181040 0.2555310
vn 0.0000000 0.0000000 6.2831850
v 0.3272440 0.2354750 0.2555310
vn 0.0000000 0.0000000 6.2831855
v 0.3475260 0.2369050 0.2555310
vn 0.0000000 0.0000000 6.2831855
v 0.3663190 0.2369050 0.2555310
vn 0.0000000 0.0000000 6.2831855
v 0.3851100 0.2369050 0.2555310
vn 0.0000000 0.0000000 6.2831855
v 0.4039030 0.2369050 0.2555310
vn 0.0000000 0.0000000 6.2831855
v 0.4226960 0.2369050 0.2555310
vn 0.0000000 0.0000000 6.2831855
v 0.4414890 0.2369050 0.2555310
vn 0.0000000 0.0000000 6.2831855
v 0.2692080 0.2694730 0.2555310
vn 0.0000000 0.0000000 6.2831850
v 0.2764690 0.2757650 0.2555310
vn 0.0000000 0.0000000 6.2831850
v 0.2875220 0.2712650 0.2555310
vn 0.0000000 0.0000000 6.2831855
v 0.2997430 0.2495280 0.2555310
vn 0.0000000 0.0000000 6.2831850
v 0.3246940 0.2545430 0.2555310
vn 0.0000000 0.0000000 6.2831855
v 0.2630720 0.2793120 0.2555310
vn 0.0000000 0.0000000 6.2831855
v 0.2573270 0.2928690 0.2555310
vn 0.0000000 0.0000000 6.2831855
v 0.2499320 0.3053580 0.2555310
vn 0.0000000 0.0000000 6.2831860
v 0.2660250 0.3149110 0.2555310
vn 0.0000000 0.0000000 6.2831850
v 0.2592850 0.3254550 0.2555310
vn 0.0000000 0.0000000 6.2831850
v 0.2543500 0.3376970 0.2555310
vn 0.0000000 0.0000000 6.2831860
v 0.2511490 0.3535230 0.2555310
vn 0.0000000 0.0000000 6.2831855
v 0.2476160 0.3699970 0.2555310
vn 0.0000000 0.0000000 6.2831850
v 0.2437750 0.3883780 0.2555310
vn 0.0000000 0.0000000 6.2831850
v 0.2397220 0.4050430 0.2555310
vn 0.0000000 0.0000000 6.2831855
v 0.2345390 0.4216510 0.2555310
vn 0.0000000 0.0000000 6.2831850
v 0.2281630 0.4384690 0.2555310
vn -1.1234978 2.9334874 3.1111863
v 0.2215140 0.4558200 0.2555310
vn 0.0000000 0.0000000 6.2831855
v 0.3475260 0.2556870 0.2555310
vn 0.0000000 0.0000000 6.2831855
v 0.3663170 0.2556870 0.2555310
vn 0.0000000 0.0000000 6.2831855
v 0.3851100 0.2556870 0.2555310
vn 0.0000000 0.0000000 6.2831850
v 0.4039030 0.2556870 0.2555310
vn 0.0000000 0.0000000 6.2831855
v 0.4226960 0.2556870 0.2555310
vn 0.0000000 0.0000000 6.2831850
v 0.4414890 0.2556870 0.2555310
vn 0.0000000 0.0000000 6.2831855
v 0.2754010 0.2847840 0.2555310
vn 0.0000000 0.0000000 6.2831855
v 0.2872440 0.2893030 0.2555310
vn 0.0000000 0.0000000 6.2831855
v 0.3055320 0.2979410 0.2555310
vn 0.0000000 0.0000000 6.2831850
v 0.3192200 0.2822670 0.2555310
vn 0.0000000 0.0000000 6.2831860
v 0.3474380 0.2771190 0.2555310
vn 0.0000000 0.0000000 6.2831855
v 0.2752770 0.3050150 0.2555310
vn 0.0000000 0.0000000 6.2831855
v 0.2799350 0.3152160 0.2555310
vn 0.0000000 0.0000000 6.2831850
v 0.2761460 0.3220610 0.2555310
vn 0.0000000 0.0000000 6.2831855
v 0.2718410 0.3316710 0.2555310
vn 0.0000000 0.0000000 6.2831850
v 0.2684680 0.3440650 0.2555310
vn 0.0000000 0.0000000 6.2831850
v 0.2657600 0.3590720 0.2555310
vn 0.0000000 0.0000000 6.2831855
v 0.2627760 0.3757360 0.2555310
vn 0.0000000 0.0000000 6.2831855
v 0.2593760 0.3943080 0.2555310
vn 0.0000000 0.0000000 6.2831850
v 0.2558850 0.4110690 0.2555310
vn 0.0000000 0.0000000 6.2831850
v 0.2512170 0.4277910 0.2555310
vn 0.0000000 0.0000000 6.2831850
v 0.2453140 0.4447610 0.2555310
vn -1.0397065 2.9641814 3.1085863
v 0.2391570 0.4623030 0.2555310
vn 0.0000000 0.0000000 6.2831850
v 0.3663170 0.2744870 0.2555310
vn 0.0000000 0.0000000 6.2831855
v 0.3851100 0.2744870 0.2555310
vn 0.0000000 0.0000000 6.2831855
v 0.4039030 0.2744870 0.2555310
vn 0.0000000 0.0000000 6.2831855
v 0.4226960 0.2744870 0.2555310
vn 0.0000000 0.0000000 6.2831855
v 0.4414890 0.2744870 0.2555310
vn 0.0000000 0.0000000 6.2831850
v 0.2869520 0.3061010 0.2555310
vn 0.0000000 0.0000000 6.2831850
v 0.2999370 0.3088850 0.2555310
vn 0.0000000 0.0000000 6.2831850
v 0.3079930 0.3124510 0.2555310
vn 0.0000000 0.0000000 6.2831855
v 0.3154390 0.3078750 0.2555310
vn 0.0000000 0.0000000 6.2831855
v 0.3289580 0.3019070 0.2555310
vn 0.0000000 0.0000000 6.2831850
v 0.3483330 0.2972920 0.2555310
vn 0.0000000 0.0000000 6.2831860
v 0.3667270 0.2951190 0.2555310
vn 0.0000000 0.0000000 6.2831850
v 0.2864490 0.3157880 0.2555310
vn 0.0000000 0.0000000 6.2831850
v 0.2847960 0.3250740 0.2555310
vn 0.0000000 0.0000000 6.2831850
v 0.2831060 0.3355040 0.2555310
vn 0.0000000 0.0000000 6.2831855
v 0.2811250 0.3488130 0.2555310
vn 0.0000000 0.0000000 6.2831850
v 0.2794600 0.3638570 0.2555310
vn 0.0000000 0.0000000 6.2831850
v 0.2774220 0.3808470 0.2555310
vn 0.0000000 0.0000000 6.2831850
v 0.2750610 0.3998000 0.2555310
vn 0.0000000 0.0000000 6.2831855
v 0.2721570 0.4166750 0.2555310
vn 0.0000000 0.0000000 6.2831855
v 0.2680350 0.4335300 0.2555310
vn 0.0000000 0.0000000 6.2831850
v 0.2627020 0.4506340 0.2555310
vn -0.9555481 2.9924314 3.1116064
v 0.2570500 0.4682910 0.2555310
vn 0.0000000 0.0000000 6.2831850
v 0.3851100 0.2932880 0.2555310
vn 0.0000000 0.0000000 6.2831855
v 0.4039030 0.2932880 0.2555310
vn 0.0000000 0.0000000 6.2831855
v 0.4226960 0.2932880 0.2555310
vn 0.0000000 0.0000000 6.2831855
v 0.4414890 0.2932880 0.2555310
vn 0.0000000 0.0000000 6.2831855
v 0.2980510 0.3184570 0.2555310
vn 0.0000000 0.0000000 6.2831855
v 0.3083880 0.3199070 0.2555310
vn 0.0000000 0.0000000 6.2831850
v 0.3189130 0.3187240 0.2555310
vn 0.0000000 0.0000000 6.2831850
v 0.3329950 0.3162650 0.2555310
vn 0.0000000 0.0000000 6.2831850
v 0.3494170 0.3137090 0.2555310
vn 0.0000000 0.0000000 6.2831855
v 0.3663170 0.3120700 0.2555310
vn 0.0000000 0.0000000 6.2831860
v 0.3851100 0.3120700 0.2555310
vn 0.0000000 0.0000000 6.2831855
v 0.2972600 0.3282960 0.2555310
vn 0.0000000 0.0000000 6.2831855
v 0.2963260 0.3390500 0.2555310
vn 0.0000000 0.0000000 6.2831850
v 0.2950080 0.3533130 0.2555310
vn 0.0000000 0.0000000 6.2831855
v 0.2939750 0.3686240 0.2555310
vn 0.0000000 0.0000000 6.2831855
v 0.2925120 0.3857280 0.2555310
vn 0.0000000 0.0000000 6.2831850
v 0.2908380 0.4048340 0.2555310
vn 0.0000000 0.0000000 6.2831855
v 0.2885480 0.4217650 0.2555310
vn 0.0000000 0.0000000 6.2831855
v 0.2849820 0.4387170 0.2555310
vn 0.0000000 0.0000000 6.2831855
v 0.2801680 0.4559540 0.2555310
vn -0.8710201 3.0180972 3.1110187
v 0.2750160 0.4737630 0.2555310
vn 0.0000000 0.0000000 6.2831855
v 0.4039030 0.3120700 0.2555310
vn 0.0000000 0.0000000 6.2831855
v 0.4226960 0.3120700 0.2555310
vn 0.0000000 0.0000000 6.2831855
v 0.4414890 0.3120700 0.2555310
vn 0.0000000 0.0000000 6.2831855
v 0.3089010 0.3299170 0.2555310
vn 0.0000000 0.0000000 6.2831860
v 0.3202840 0.3309470 0.2555310
vn 0.0000000 0.0000000 6.2831850
v 0.3347530 0.3322810 0.2555310
vn 0.0000000 0.0000000 6.2831860
v 0.3505390 0.3336730 0.2555310
vn 0.0000000 0.0000000 6.2831855
v 0.3663170 0.3308700 0.2555310
vn 0.0000000 0.0000000 6.2831855
v 0.3851100 0.3308700 0.2555310
vn 0.0000000 0.0000000 6.2831855
v 0.4039030 0.3308700 0.2555310
vn 0.0000000 0.0000000 6.2831860
v 0.3086450 0.3416820 0.2555310
vn 0.0000000 0.0000000 6.2831850
v 0.3082870 0.3565930 0.2555310
vn 0.0000000 0.0000000 6.2831850
v 0.3081000 0.3727050 0.2555310
vn 0.0000000 0.0000000 6.2831850
v 0.3074880 0.3901900 0.2555310
vn 0.0000000 0.0000000 6.2831855
v 0.3066790 0.4094290 0.2555310
vn 0.0000000 0.0000000 6.2831860
v 0.3050380 0.4264370 0.2555310
vn 0.0000000 0.0000000 6.2831855
v 0.3020570 0.4434640 0.2555310
vn 0.0000000 0.0000000 6.2831855
v 0.2977840 0.4607780 0.2555310
vn -0.7865978 3.0412302 3.1127520
v 0.2931410 0.4787210 0.2555310
vn 0.0000000 0.0000000 6.2831855
v 0.4226960 0.3308700 0.2555310
vn 0.0000000 0.0000000 6.2831855
v 0.4414890 0.3308700 0.2555310
vn 0.0000000 0.0000000 6.2831855
v 0.3209270 0.3441610 0.2555310
vn 0.0000000 0.0000000 6.2831855
v 0.3354920 0.3470780 0.2555310
vn 0.0000000 0.0000000 6.2831850
v 0.3518220 0.3503950 0.2555310
vn 0.0000000 0.0000000 6.2831855
v 0.3663170 0.3496520 0.2555310
vn 0.0000000 0.0000000 6.2831855
v 0.3851100 0.3496520 0.2555310
vn 0.0000000 0.0000000 6.2831855
v 0.4039030 0.3496520 0.2555310
vn 0.0000000 0.0000000 6.2831855
v 0.4226960 0.3496520 0.2555310
vn 0.0000000 0.0000000 6.2831855
v 0.3216190 0.3596430 0.2555310
vn 0.0000000 0.0000000 6.2831855
v 0.3219940 0.3760220 0.2555310
vn 0.0000000 0.0000000 6.2831855
v 0.3222350 0.3939840 0.2555310
vn 0.0000000 0.0000000 6.2831855
v 0.3225440 0.4135850 0.2555310
vn 0.0000000 0.0000000 6.2831850
v 0.3215960 0.4306320 0.2555310
vn 0.0000000 0.0000000 6.2831850
v 0.3192350 0.4477170 0.2555310
vn 0.0000000 0.0000000 6.2831855
v 0.3155290 0.4651060 0.2555310
vn -0.6998444 3.0623198 3.1108282
v 0.3113930 0.4831830 0.2555310
vn 0.0000000 0.0000000 6.2831855
v 0.4414890 0.3496520 0.2555310
vn 0.0000000 0.0000000 6.2831855
v 0.3362990 0.3631520 0.2555310
vn 0.0000000 0.0000000 6.2831855
v 0.3526110 0.3662220 0.2555310
vn 0.0000000 0.0000000 6.2831855
v 0.3663170 0.3684530 0.2555310
vn 0.0000000 0.0000000 6.2831850
v 0.3851100 0.3684530 0.2555310
vn 0.0000000 0.0000000 6.2831860
v 0.4039030 0.3684530 0.2555310
vn 0.0000000 0.0000000 6.2831855
v 0.4226960 0.3684530 0.2555310
vn 0.0000000 0.0000000 6.2831860
v 0.4414890 0.3684530 0.2555310
vn 0.0000000 0.0000000 6.2831855
v 0.3369680 0.3793780 0.2555310
vn 0.0000000 0.0000000 6.2831855
v 0.3378070 0.3976640 0.2555310
vn 0.0000000 0.0000000 6.2831850
v 0.3383960 0.4173420 0.2555310
vn 0.0000000 0.0000000 6.2831855
v 0.3381960 0.4343690 0.2555310
vn 0.0000000 0.0000000 6.2831850
v 0.3365010 0.4514730 0.2555310
vn 0.0000000 0.0000000 6.2831855
v 0.3333340 0.4689200 0.2555310
vn -0.6126442 3.0809112 3.1070435
v 0.3297090 0.4871100 0.2555310
vn 0.0000000 0.0000000 6.2831855
v 0.3529580 0.3821050 0.2555310
vn 0.0000000 0.0000000 6.2831850
v 0.3675640 0.3843550 0.2555310
vn 0.0000000 0.0000000 6.2831855
v 0.3851100 0.3872340 0.2555310
vn 0.0000000 0.0000000 6.2831855
v 0.4039030 0.3872340 0.2555310
vn 0.0000000 0.0000000 6.2831855
v 0.4226960 0.3872340 0.2555310
vn 0.0000000 0.0000000 6.2831855
v 0.4414890 0.3872340 0.2555310
vn 0.0000000 0.0000000 6.2831855
v 0.3536260 0.4007150 0.2555310
vn 0.0000000 0.0000000 6.2831855
v 0.3541820 0.4207170 0.2555310
vn 0.0000000 0.0000000 6.2831850
v 0.3539170 0.4369630 0.2555310
vn 0.0000000 0.0000000 6.2831855
v 0.3538390 0.4547910 0.2555310
vn 0.0000000 0.0000000 6.2831860
v 0.3512900 0.4722370 0.2555310
vn -0.5257017 3.0970392 3.1145892
v 0.3481820 0.4905040 0.2555310
vn 0.0000000 0.0000000 6.2831860
v 0.3687440 0.4033080 0.2555310
vn 0.0000000 0.0000000 6.2831860
v 0.3851100 0.4060350 0.2555310
vn 0.0000000 0.0000000 6.2831850
v 0.4039030 0.4060350 0.2555310
vn 0.0000000 0.0000000 6.2831855
v 0.4226960 0.4060350 0.2555310
vn 0.0000000 0.0000000 6.2831855
v 0.4414890 0.4060350 0.2555310
vn 0.0000000 0.0000000 6.2831850
v 0.3698960 0.4235010 0.2555310
vn 0.0000000 0.0000000 6.2831855
v 0.3697470 0.4399560 0.2555310
vn 0.0000000 0.0000000 6.2831850
v 0.3694650 0.4574030 0.2555310
vn 0.0000000 0.0000000 6.2831855
v 0.3693390 0.4750780 0.2555310
vn -0.4387034 3.1105418 3.1147153
v 0.3667420 0.4934020 0.2555310
vn 0.0000000 0.0000000 6.2831850
v 0.3856250 0.4250070 0.2555310
vn 0.0000000 0.0000000 6.2831860
v 0.4039030 0.4248350 0.2555310
vn 0.0000000 0.0000000 6.2831855
v 0.4226960 0.4248350 0.2555310
vn 0.0000000 0.0000000 6.2831855
v 0.4414890 0.4248350 0.2555310
vn 0.0000000 0.0000000 6.2831850
v 0.3866300 0.4414820 0.2555310
vn 0.0000000 0.0000000 6.2831855
v 0.3868010 0.4596910 0.2555310
vn 0.0000000 0.0000000 6.2831850
v 0.3874590 0.4774240 0.2555310
vn -0.3532273 3.1213622 3.1102254
v 0.3853770 0.4957860 0.2555310
vn 0.0000000 0.0000000 6.2831855
v 0.4042670 0.4437310 0.2555310
vn 0.0000000 0.0000000 6.2831850
v 0.4226960 0.4436170 0.2555310
vn 0.0000000 0.0000000 6.2831855
v 0.4414890 0.4436170 0.2555310
vn 0.0000000 0.0000000 6.2831855
v 0.4057890 0.4615210 0.2555310
vn 0.0000000 0.0000000 6.2831855
v 0.4055520 0.4792350 0.2555310
vn -0.2639169 3.1302652 3.1172400
v 0.4039930 0.4976170 0.2555310
vn 0.0000000 0.0000000 6.2831850
v 0.4229210 0.4624180 0.2555310
vn 0.0000000 0.0000000 6.2831860
v 0.4414890 0.4624180 0.2555310
vn 0.0000000 0.0000000 6.2831850
v 0.4237240 0.4805510 0.2555310
vn -0.1756522 3.1363878 3.1122904
v 0.4227300 0.4989510 0.2555310
vn 0.0000000 0.0000000 6.2831855
v 0.4414910 0.4811990 0.2555310
vn -0.0809624 3.1401834 3.1060438
v 0.4414990 0.4997330 0.2555310
vn -0.0010595 1.0919570 -6.1875720
v -0.1375590 0.1508910 0.1028120
vn -0.0003515 1.0913414 -6.1876798
v -0.1246430 0.1560210 0.1037140
vn 0.0001750 1.0911126 -6.1877208
v -0.1041590 0.1649630 0.1052930
vn 0.0000756 1.0908750 -6.1877627
v -0.0912980 0.1828300 0.1084430
vn -0.0004966 1.0912069 -6.1877041
v -0.0799050 0.1620080 0.1047730
vn -0.0002259 1.0906737 -6.1877985
v -0.0760530 0.1764800 0.1073230
vn -0.0002491 1.0907922 -6.1877780
v -0.0830130 0.1945180 0.1105040
vn -0.0002489 1.0909532 -6.1877494
v -0.0696940 0.1871390 0.1092020
vn -0.0005939 1.0911521 -6.1877141
v -0.0640590 0.1625040 0.1048570
vn -0.0009331 1.0911493 -6.1877146
v -0.0665520 0.1734680 0.1067920
vn -0.0002863 1.0913210 -6.1876841
v -0.0586650 0.1805990 0.1080480
vn -2.3916736 2.5807016 -3.1801746
v -0.0857700 0.2175710 0.1145670
vn 0.0000718 1.0907665 -6.1877823
v -0.0725180 0.2067980 0.1126670
vn 0.0002910 1.0909574 -6.1877480
v -0.0601810 0.1985410 0.1112130
vn -0.0002339 1.0912813 -6.1876912
v -0.0486930 0.1916200 0.1099930
vn 0.0002186 1.0909590 -6.1877484
v -0.0470280 0.1691960 0.1060370
vn 0.0001921 1.0907559 -6.1877837
v -0.0235180 0.1655550 0.1053970
vn -0.0000335 1.0913118 -6.1876855
v -0.0383160 0.1853850 0.1088920
vn -2.3909497 2.5813148 -3.1778934
v -0.0741900 0.2312810 0.1169840
vn 0.0003189 1.0911429 -6.1877165
v -0.0606920 0.2202210 0.1150350
vn -0.0001157 1.0909669 -6.1877465
v -0.0492920 0.2101730 0.1132630
vn 0.0000451 1.0910008 -6.1877403
v -0.0407190 0.2004290 0.1115440
vn -0.0000583 1.0910978 -6.1877236
v -0.0349240 0.1933740 0.1103010
vn -0.0002165 1.0907642 -6.1877818
v -0.0245020 0.1830010 0.1084720
vn 0.0002018 1.0907582 -6.1877832
v -0.0048790 0.1628660 0.1049240
vn 0.0002230 1.0905471 -6.1878200
v -0.0061840 0.1812850 0.1081680
vn -0.0003505 1.0913314 -6.1876822
v -0.0257300 0.1946700 0.1105290
vn -2.3910928 2.5816321 -3.1763096
v -0.0625570 0.2450470 0.1194130
vn 0.0001162 1.0911030 -6.1877227
v -0.0503370 0.2328440 0.1172620
vn 0.0003425 1.0912459 -6.1876974
v -0.0398190 0.2202400 0.1150380
vn 0.0001214 1.0914143 -6.1876683
v -0.0296540 0.2072550 0.1127500
vn 0.0000825 1.0912114 -6.1877031
v -0.0075430 0.1946130 0.1105180
vn -0.0001371 1.0910898 -6.1877251
v 0.0149810 0.1628660 0.1049240
vn 0.0003612 1.0908483 -6.1877675
v 0.0135650 0.1813230 0.1081770
vn 0.0007414 1.0910112 -6.1877384
v 0.0113530 0.1958530 0.1107390
vn -2.3868134 2.5875196 -3.1701112
v -0.0509510 0.2587760 0.1218350
vn -0.0003081 1.0911468 -6.1877151
v -0.0092920 0.2157980 0.1142550
vn -0.0000059 1.0909780 -6.1877446
v -0.0371740 0.2474310 0.1198320
vn -0.0000307 1.0908438 -6.1877689
v -0.0255470 0.2352850 0.1176930
vn 0.0004375 1.0910254 -6.1877365
v 0.0109600 0.2106680 0.1133510
vn -0.0003109 1.0910966 -6.1877236
v 0.0340740 0.1625040 0.1048590
vn -0.0001636 1.0910330 -6.1877356
v 0.0293240 0.1832110 0.1085100
vn -0.0002953 1.0907946 -6.1877766
v 0.0241070 0.1985600 0.1112180
vn -0.0000857 1.0907527 -6.1877842
v 0.0203930 0.2084760 0.1129650
vn -2.3568234 2.6220107 -3.1477056
v -0.0391800 0.2725430 0.1242620
vn 0.0000439 1.0912991 -6.1876888
v -0.0255120 0.2608930 0.1222070
vn -0.0001954 1.0909357 -6.1877518
v 0.0565320 0.1638570 0.1050950
vn 0.0003393 1.0905961 -6.1878119
v 0.0759690 0.1643910 0.1051920
vn -0.0000639 1.0912430 -6.1876974
v -0.0121780 0.2494520 0.1201900
vn -0.0001031 1.0912296 -6.1877003
v 0.0028600 0.2360090 0.1178170
vn 0.0002626 1.0906844 -6.1877966
v 0.0169850 0.2238440 0.1156750
vn -0.0005264 1.0910807 -6.1877270
v 0.0266950 0.2159500 0.1142820
vn -0.0001873 1.0911496 -6.1877141
v 0.0526930 0.1876730 0.1092970
vn -0.0002728 1.0908213 -6.1877718
v 0.0374560 0.2054060 0.1124220
vn -2.3000360 2.6846755 -3.1489055
v -0.0270360 0.2859850 0.1266320
vn -0.0000213 1.0909281 -6.1877537
v -0.0136920 0.2739730 0.1245140
vn -0.0000310 1.0910993 -6.1877232
v -0.0006440 0.2622270 0.1224430
vn 0.0004523 1.0908302 -6.1877704
v 0.0780130 0.1802940 0.1079930
vn -0.0005793 1.0909233 -6.1877546
v 0.0921190 0.1646200 0.1052300
vn -0.0006135 1.0909996 -6.1877408
v 0.0892940 0.1766330 0.1073500
vn -0.0000511 1.0916331 -6.1876297
v 0.0122850 0.2513010 0.1205160
vn 0.0002357 1.0910889 -6.1877251
v 0.0252950 0.2389270 0.1183320
vn -0.0000152 1.0911195 -6.1877198
v 0.0356830 0.2298690 0.1167360
vn 0.0001601 1.0909615 -6.1877475
v 0.0492520 0.2175710 0.1145670
vn -0.0001975 1.0913693 -6.1876755
v 0.0868010 0.1949000 0.1105700
vn 0.0000797 1.0912412 -6.1876984
v 0.0670000 0.2045290 0.1122690
vn -2.2417388 2.7459719 -3.1501670
v -0.0145260 0.2991040 0.1289450
vn -0.0000112 1.0908743 -6.1877632
v -0.0015240 0.2867480 0.1267650
vn -0.0000478 1.0908118 -6.1877742
v 0.0111700 0.2746780 0.1246380
vn -0.0002785 1.0908562 -6.1877656
v 0.0238590 0.2634860 0.1226650
vn -0.0004097 1.0910635 -6.1877284
v 0.0987660 0.1853470 0.1088840
vn 0.0001952 1.0909009 -6.1877584
v 0.1116830 0.1712560 0.1064000
vn 0.0000083 1.0909144 -6.1877565
v 0.1404540 0.1652880 0.1053490
vn 1.8886867 0.1265685 -5.5689573
v 0.1594490 0.1611500 0.1046190
vn -0.0000471 1.0909280 -6.1877537
v 0.0338980 0.2546760 0.1211110
vn 0.0001451 1.0911920 -6.1877069
v 0.0441820 0.2464580 0.1196630
vn 0.0000889 1.0912120 -6.1877036
v 0.0590330 0.2340070 0.1174650
vn 0.0000684 1.0909572 -6.1877480
v 0.0771490 0.2215370 0.1152690
vn -0.0004470 1.0912639 -6.1876945
v 0.0958200 0.2098870 0.1132130
vn 0.0002582 1.0913054 -6.1876869
v 0.1111830 0.2030600 0.1120080
vn -2.1796420 2.8066816 -3.1480570
v -0.0016490 0.3118980 0.1311990
vn 0.0003476 1.0908594 -6.1877661
v 0.0110060 0.2991800 0.1289590
vn 0.0000217 1.0914086 -6.1876693
v 0.0233440 0.2868050 0.1267760
vn -0.0002491 1.0911305 -6.1877184
v 0.0329910 0.2727910 0.1243040
vn -0.0000886 1.0907795 -6.1877799
v 0.0389720 0.2645530 0.1228510
vn 0.0001152 1.0912211 -6.1877017
v 0.1293430 0.1944610 0.1104930
vn 0.0001491 1.0910270 -6.1877360
v 0.1498450 0.1857090 0.1089490
vn 1.8382446 0.1253540 -5.6070528
v 0.1670650 0.1779860 0.1075900
vn 0.0000980 1.0907872 -6.1877785
v 0.0515530 0.2652400 0.1229730
vn -0.0000141 1.0910193 -6.1877379
v 0.0699760 0.2534560 0.1208960
vn 0.0000149 1.0911075 -6.1877222
v 0.0873510 0.2418250 0.1188450
vn 0.0000495 1.0913103 -6.1876860
v 0.1050530 0.2307850 0.1168970
vn 0.0002939 1.0911398 -6.1877155
v 0.1226640 0.2203360 0.1150570
vn -0.0001869 1.0911359 -6.1877165
v 0.1402840 0.2109350 0.1133980
vn -2.1182740 2.8651757 -3.1517396
v 0.0115640 0.3243110 0.1333900
vn -0.0001196 1.0908325 -6.1877699
v 0.0238610 0.3112880 0.1310920
vn -0.0001538 1.0909297 -6.1877532
v 0.0336430 0.2961290 0.1284210
vn -0.0001140 1.0912879 -6.1876907
v 0.0427480 0.2813900 0.1258210
vn 0.0000741 1.0912197 -6.1877022
v 0.1578510 0.2027360 0.1119520
vn 1.7864349 0.1198163 -5.6428256
v 0.1749550 0.1947470 0.1105440
vn -0.0000982 1.0909475 -6.1877499
v 0.0692080 0.2838300 0.1262500
vn 0.0001221 1.0907938 -6.1877775
v 0.0822860 0.2727140 0.1242900
vn -0.0001028 1.0912522 -6.1876965
v 0.0588290 0.2967590 0.1285300
vn 0.0001239 1.0908078 -6.1877747
v 0.0964610 0.2607210 0.1221770
vn 0.0000497 1.0910298 -6.1877356
v 0.1137650 0.2490320 0.1201170
vn -0.0002031 1.0911841 -6.1877084
v 0.1311930 0.2381070 0.1181900
vn -0.0002084 1.0909148 -6.1877561
v 0.1486890 0.2283060 0.1164600
vn -0.0000442 1.0908270 -6.1877718
v 0.1661470 0.2196490 0.1149350
vn -2.0548518 2.9212754 -3.1527781
v 0.0251180 0.3363810 0.1355180
vn -0.0000961 1.0913535 -6.1876783
v 0.0370480 0.3230340 0.1331630
vn -0.0000295 1.0908660 -6.1877646
v 0.0486640 0.3100300 0.1308700
vn 1.7334899 0.1141252 -5.6779895
v 0.1831290 0.2113740 0.1134750
vn -0.0001044 1.0913544 -6.1876779
v 0.0811420 0.2982080 0.1287850
vn 0.0002879 1.0909121 -6.1877561
v 0.0921000 0.2895890 0.1272660
vn -0.0000758 1.0911000 -6.1877227
v 0.0717460 0.3083900 0.1305830
vn 0.0001164 1.0910084 -6.1877394
v 0.1060080 0.2792550 0.1254450
vn 0.0001559 1.0911111 -6.1877213
v 0.0618150 0.3211270 0.1328260
vn -0.0000446 1.0910190 -6.1877375
v 0.1229670 0.2673370 0.1233420
vn -0.0001763 1.0908294 -6.1877708
v 0.1401470 0.2559160 0.1213300
vn -0.0001883 1.0912583 -6.1876955
v 0.1574280 0.2455810 0.1195060
vn 0.0001274 1.0911672 -6.1877112
v 0.1747430 0.2364480 0.1178950
vn 1.6785953 0.1086662 -5.7130070
v 0.1915910 0.2278480 0.1163790
vn -1.9892530 2.9759672 -3.1500857
v 0.0389990 0.3480890 0.1375810
vn 0.0000500 1.0912244 -6.1877007
v 0.0505540 0.3344170 0.1351710
vn -0.0000545 1.0914537 -6.1876602
v 0.0878310 0.3056250 0.1300930
vn -0.0000014 1.0909078 -6.1877570
v 0.0987970 0.3024980 0.1295420
vn -0.0002973 1.0910661 -6.1877284
v 0.0841050 0.3157880 0.1318860
vn 0.0001900 1.0905316 -6.1878238
v 0.1164670 0.2948520 0.1281940
vn -0.0001213 1.0912538 -6.1876960
v 0.0751630 0.3318430 0.1347180
vn -0.0001095 1.0910923 -6.1877241
v 0.1326170 0.2854700 0.1265420
vn 0.0001321 1.0908295 -6.1877708
v 0.0642750 0.3454000 0.1371080
vn -0.0001417 1.0910043 -6.1877403
v 0.1495090 0.2736300 0.1244520
vn 0.0000556 1.0910800 -6.1877265
v 0.1665570 0.2627420 0.1225320
vn 0.0002407 1.0908628 -6.1877651
v 0.1837110 0.2531130 0.1208360
vn 1.6227064 0.1022198 -5.7472587
v 0.2003950 0.2441890 0.1192630
vn -1.9219735 3.0292230 -3.1484830
v 0.0531260 0.3593570 0.1395670
vn -1.8543366 3.0807080 -3.1519952
v 0.0676370 0.3702830 0.1414950
vn -0.0001846 1.0910190 -6.1877370
v 0.1017330 0.3203260 0.1326850
vn 0.0003351 1.0910029 -6.1877403
v 0.1263630 0.3110210 0.1310440
vn -0.0003083 1.0910228 -6.1877375
v 0.0898260 0.3417390 0.1364610
vn 0.0000021 1.0910599 -6.1877298
v 0.1427610 0.3034320 0.1297070
vn -0.0002706 1.0909947 -6.1877418
v 0.0783980 0.3560390 0.1389830
vn 0.0000633 1.0911119 -6.1877213
v 0.1592870 0.2912290 0.1275540
vn 0.0000522 1.0911371 -6.1877170
v 0.1760530 0.2797690 0.1255360
vn -0.0000585 1.0909728 -6.1877460
v 0.1929910 0.2696250 0.1237450
vn 1.5627973 0.0973115 -5.7820072
v 0.2095070 0.2603390 0.1221090
vn -1.7836804 3.1308041 -3.1497803
v 0.0824440 0.3808280 0.1433540
vn -0.0001095 1.0912184 -6.1877022
v 0.0941630 0.3674230 0.1409900
vn -0.0000817 1.0910488 -6.1877322
v 0.1060520 0.3542090 0.1386600
vn 0.0004805 1.0911547 -6.1877127
v 0.1205130 0.3408430 0.1363030
vn -0.0000139 1.0910318 -6.1877351
v 0.1388520 0.3296500 0.1343320
vn -0.0001988 1.0908532 -6.1877670
v 0.1535130 0.3210320 0.1328110
vn 0.0000133 1.0911416 -6.1877160
v 0.1695510 0.3086570 0.1306300
vn -0.0000349 1.0910727 -6.1877279
v 0.1859950 0.2966630 0.1285140
vn -0.0000888 1.0912369 -6.1876993
v 0.2026470 0.2859470 0.1266240
vn 1.5019547 0.0920566 -5.8156829
v 0.2189780 0.2762800 0.1249200
vn -1.7130421 3.1786861 -3.1526203
v 0.0975420 0.3909520 0.1451410
vn -0.0001426 1.0914905 -6.1876535
v 0.1089350 0.3771860 0.1427110
vn 0.0004137 1.0910643 -6.1877294
v 0.1201070 0.3643530 0.1404480
vn -1.6410823 3.2240036 -3.1528032
v 0.1129160 0.4006770 0.1468560
vn -1.5667919 3.2676558 -3.1521990
v 0.1285560 0.4099820 0.1484960
vn 0.0003610 1.0909964 -6.1877413
v 0.1308510 0.3539610 0.1386180
vn -0.0003649 1.0911851 -6.1877084
v 0.1467820 0.3451900 0.1370690
vn -0.0000885 1.0910245 -6.1877365
v 0.1649350 0.3360760 0.1354620
vn -0.0000507 1.0906997 -6.1877937
v 0.1803300 0.3258940 0.1336670
vn 0.0000890 1.0908949 -6.1877594
v 0.1964040 0.3133850 0.1314620
vn 0.0000088 1.0913773 -6.1876745
v 0.2127700 0.3021170 0.1294760
vn 1.4378995 0.0871814 -5.8487911
v 0.2288630 0.2920680 0.1277020
vn 0.0002813 1.0914485 -6.1876621
v 0.1224600 0.3855940 0.1441950
vn 0.0004818 1.0912007 -6.1877050
v 0.1310860 0.3733720 0.1420400
vn 0.0003444 1.0911162 -6.1877203
v 0.1368940 0.3640670 0.1404000
vn 0.0001945 1.0912030 -6.1877046
v 0.1376760 0.3946320 0.1457900
vn -1.4923953 3.3091903 -3.1520729
v 0.1443680 0.4188100 0.1500530
vn -0.0003410 1.0910162 -6.1877375
v 0.1530380 0.4032510 0.1473100
vn -0.0001311 1.0911499 -6.1877141
v 0.1534310 0.3641240 0.1404110
vn -0.0002590 1.0911943 -6.1877060
v 0.1769630 0.3512160 0.1381320
vn 0.0001793 1.0910765 -6.1877270
v 0.1917090 0.3428260 0.1366520
vn 0.0002030 1.0909090 -6.1877565
v 0.2072570 0.3298980 0.1343740
vn 0.0001058 1.0907098 -6.1877923
v 0.2232890 0.3180380 0.1322840
vn 1.3724872 0.0819083 -5.8814359
v 0.2391310 0.3075510 0.1304350
vn -0.0000713 1.0911032 -6.1877227
v 0.1465610 0.3797220 0.1431600
vn -0.0004567 1.0913855 -6.1876726
v 0.1639160 0.3903810 0.1450400
vn -1.4177133 3.3486795 -3.1509492
v 0.1605030 0.4272570 0.1515420
vn -0.0003038 1.0909802 -6.1877446
v 0.1687410 0.4114690 0.1487560
vn 0.0001779 1.0909703 -6.1877460
v 0.1772350 0.3983890 0.1464510
vn -0.0001426 1.0912575 -6.1876950
v 0.1749660 0.3783110 0.1429090
vn 0.0003494 1.0911735 -6.1877103
v 0.1896410 0.3664130 0.1408120
vn 0.0002955 1.0911784 -6.1877093
v 0.2039390 0.3572600 0.1391990
vn 0.0000042 1.0912889 -6.1876903
v 0.2186250 0.3461820 0.1372460
vn -0.0000778 1.0908886 -6.1877608
v 0.2342340 0.3337120 0.1350450
vn 1.3040844 0.0766135 -5.9133973
v 0.2498060 0.3227290 0.1331110
vn 0.0005537 1.0916369 -6.1876283
v 0.1859240 0.3887600 0.1447530
vn -1.3393191 3.3862870 -3.1477394
v 0.1768710 0.4352660 0.1529520
vn 0.0003807 1.0909231 -6.1877542
v 0.1846660 0.4192290 0.1501270
vn 0.0002228 1.0907815 -6.1877789
v 0.1893050 0.4056350 0.1477290
vn -0.0001328 1.0910850 -6.1877260
v 0.1926890 0.3969780 0.1462040
vn -0.0000464 1.0912039 -6.1877050
v 0.1978660 0.3810750 0.1433980
vn -0.0000427 1.0910814 -6.1877265
v 0.2150860 0.3735060 0.1420630
vn -0.0000907 1.0907205 -6.1877899
v 0.2306240 0.3621600 0.1400630
vn -0.0000285 1.0914152 -6.1876674
v 0.2456730 0.3490990 0.1377600
vn 1.2320569 0.0738481 -5.9446473
v 0.2609130 0.3375630 0.1357240
vn -0.0003567 1.0911357 -6.1877170
v 0.2031610 0.3956810 0.1459730
vn -1.2612461 3.4217787 -3.1481655
v 0.1934560 0.4428160 0.1542830
vn -0.0000345 1.0907265 -6.1877890
v 0.1978700 0.4250070 0.1511450
vn -0.0001791 1.0911403 -6.1877165
v 0.2011310 0.4098860 0.1484780
vn -1.1805215 3.4558249 -3.1485062
v 0.2102470 0.4499090 0.1555340
vn -0.0000030 1.0913210 -6.1876841
v 0.2251270 0.3938130 0.1456460
vn -0.0002305 1.0910106 -6.1877389
v 0.2434000 0.3776430 0.1427910
vn 0.0001272 1.0905856 -6.1878133
v 0.2577710 0.3642390 0.1404290
vn 1.1586323 0.0685017 -5.9748344
v 0.2725410 0.3520350 0.1382790
vn 0.0001690 1.0909580 -6.1877484
v 0.2212030 0.4167890 0.1496960
vn 0.0002527 1.0908718 -6.1877642
v 0.2171320 0.4334730 0.1526370
vn -1.1012793 3.4875422 -3.1513081
v 0.2272320 0.4565260 0.1567040
vn 0.0001831 1.0910580 -6.1877308
v 0.2336520 0.4399180 0.1537740
vn 0.0000198 1.0911337 -6.1877179
v 0.2398930 0.4237490 0.1509240
vn -0.0002453 1.0913454 -6.1876798
v 0.2476820 0.4071030 0.1479880
vn 0.0000507 1.0914707 -6.1876583
v 0.2597310 0.3920770 0.1453360
vn 0.0002434 1.0908886 -6.1877608
v 0.2704910 0.3789590 0.1430240
vn 1.0808103 0.0652202 -6.0041494
v 0.2846830 0.3660880 0.1407550
vn -1.0205038 3.5158658 -3.1465971
v 0.2443990 0.4627040 0.1577910
vn -0.0000032 1.0906672 -6.1877999
v 0.2503460 0.4459050 0.1548310
vn -0.0001532 1.0914859 -6.1876554
v 0.2578660 0.4303460 0.1520860
vn -0.0000560 1.0908556 -6.1877661
v 0.2643000 0.4184670 0.1499910
vn 0.0000332 1.0912651 -6.1876941
v 0.2733360 0.4068170 0.1479380
vn 0.0000273 1.0911613 -6.1877131
v 0.2839260 0.3931450 0.1455260
vn 1.0002640 0.0611004 -6.0322337
v 0.2974410 0.3796830 0.1431530
vn -0.9387764 3.5431995 -3.1481872
v 0.2617220 0.4683860 0.1587940
vn 0.0000290 1.0907862 -6.1877785
v 0.2671920 0.4514540 0.1558070
vn -0.0000374 1.0913570 -6.1876779
v 0.2710500 0.4359520 0.1530760
vn 0.0000852 1.0914018 -6.1876707
v 0.2735740 0.4258460 0.1512920
vn -0.0002798 1.0911498 -6.1877146
v 0.2857720 0.4223950 0.1506840
vn -0.0003001 1.0910716 -6.1877284
v 0.2980760 0.4067020 0.1479160
vn 0.9158871 0.0583365 -6.0589690
v 0.3107660 0.3926690 0.1454410
vn -0.8568825 3.5670938 -3.1478193
v 0.2792070 0.4736100 0.1597140
vn 0.0000563 1.0909538 -6.1877489
v 0.2824390 0.4562780 0.1566590
vn -0.0002970 1.0911086 -6.1877217
v 0.2851230 0.4393840 0.1536810
vn 0.0002882 1.0913811 -6.1876731
v 0.3050570 0.4299270 0.1520100
vn 0.0005615 1.0911827 -6.1877089
v 0.3122410 0.4178760 0.1498860
vn -0.0001143 1.0912925 -6.1876888
v 0.3020350 0.4432360 0.1543580
vn 0.8287604 0.0552493 -6.0840664
v 0.3246940 0.4049290 0.1476040
vn -0.7727833 3.5899196 -3.1508543
v 0.2968350 0.4783390 0.1605490
vn 0.0001774 1.0913014 -6.1876874
v 0.2996030 0.4607590 0.1574490
vn 0.0006139 1.0910201 -6.1877375
v 0.3165340 0.4348840 0.1528870
vn 0.0001160 1.0912595 -6.1876950
v 0.3265440 0.4277340 0.1516270
vn 0.0001496 1.0909764 -6.1877451
v 0.3178020 0.4466870 0.1549670
vn 0.7370533 0.0528295 -6.1074095
v 0.3393100 0.4164080 0.1496280
vn -0.0002561 1.0912807 -6.1876917
v 0.3168880 0.4648010 0.1581630
vn -0.6887662 3.6099977 -3.1492805
v 0.3145890 0.4825910 0.1612990
vn -0.0000605 1.0909625 -6.1877475
v 0.3380670 0.4437690 0.1544540
vn 0.6568216 0.0470607 -6.1250210
v 0.3547410 0.4270280 0.1515000
vn 0.0000487 1.0913106 -6.1876860
v 0.3359810 0.4689200 0.1588870
vn -0.6046765 3.6280651 -3.1480203
v 0.3324570 0.4863480 0.1619620
vn 0.5514269 0.0305670 -6.1434002
v 0.3708080 0.4364670 0.1531660
vn -0.0000162 1.0910958 -6.1877232
v 0.3610810 0.4571360 0.1568100
vn -0.0000319 1.0910745 -6.1877270
v 0.3543480 0.4737630 0.1597430
vn -0.5207334 3.6425767 -3.1443591
v 0.3504240 0.4896270 0.1625380
vn 0.4459709 0.0281476 -6.1601596
v 0.3875760 0.4446090 0.1546020
vn -0.0001999 1.0909243 -6.1877542
v 0.3811140 0.4716080 0.1593610
vn -0.0002112 1.0906812 -6.1877971
v 0.3676880 0.4799220 0.1608280
vn -0.4338117 3.6558542 -3.1427152
v 0.3685310 0.4924110 0.1630280
vn 0.3380805 0.0282649 -6.1739631
v 0.4050590 0.4512630 0.1557750
vn 0.0001249 1.0911685 -6.1877108
v 0.4048360 0.4753270 0.1600160
vn -0.3485774 3.6671019 -3.1454475
v 0.3866550 0.4946800 0.1634290
vn -0.2630266 3.6757100 -3.1484053
v 0.4048370 0.4964530 0.1637430
vn 0.2227752 0.0336056 -6.1850257
v 0.4231330 0.4562400 0.1566500
vn 0.0001218 1.0912139 -6.1877031
v 0.4232990 0.4782250 0.1605290
vn -0.1749519 3.6816285 -3.1452355
v 0.4230620 0.4977310 0.1639680
vn 0.1119523 0.0367850 -6.1918192
v 0.4415520 0.4592720 0.1571880
vn -0.0001852 1.0910406 -6.1877337
v 0.4418480 0.4804750 0.1609240
vn -0.0893981 3.6859064 -3.1460423
v 0.4413180 0.4984940 0.1641040
vn 0.2391683 -1.0926820 -6.1817818
v 0.4413140 0.4412150 0.1603630
vn 0.2164311 -1.0919477 -6.1828532
v 0.4430360 0.4220520 0.1638090
vn 0.4385846 -1.0865009 -6.1721458
v 0.4258590 0.4377250 0.1601170
vn 0.4163155 -1.0933132 -6.1725230
v 0.4277700 0.4203740 0.1633120
vn 0.2175172 -1.0878246 -6.1835756
v 0.4429080 0.4034030 0.1670900
vn 0.4062051 -1.0878994 -6.1742578
v 0.4280180 0.4047760 0.1660790
vn 0.6367587 -1.0852178 -6.1551433
v 0.4105980 0.4345790 0.1593320
vn 0.5863791 -1.0912025 -6.1592841
v 0.4139480 0.4176660 0.1626510
vn 0.5668538 -1.0893176 -6.1616306
v 0.4152880 0.4047190 0.1650600
vn 0.2407641 -1.0884587 -6.1824684
v 0.4410430 0.3840690 0.1704280
vn 0.4418297 -1.0827830 -6.1725750
v 0.4254820 0.3868910 0.1690560
vn 0.6416126 -1.0694792 -6.1572995
v 0.4116670 0.3898080 0.1673360
vn 0.8445928 -1.0845349 -6.1303844
v 0.3943600 0.4282680 0.1584730
vn 0.7610215 -1.0768261 -6.1427956
v 0.4015310 0.4145200 0.1618370
vn 0.7143831 -1.0851595 -6.1469703
v 0.4059010 0.4050620 0.1640230
vn 0.8185188 -1.0684903 -6.1363726
v 0.3982130 0.3968060 0.1645390
vn 0.2443419 -1.0887820 -6.1821237
v 0.4410030 0.3650400 0.1737840
vn 0.4713629 -1.0841873 -6.1699381
v 0.4235070 0.3671940 0.1723800
vn 0.6847196 -1.0850143 -6.1495800
v 0.4082300 0.3692910 0.1705900
vn 0.9236917 -1.0787522 -6.1192379
v 0.3877610 0.3779100 0.1663930
vn 1.0377231 -1.0760152 -6.1021147
v 0.3803070 0.4209460 0.1576060
vn 0.9138218 -1.0578425 -6.1250057
v 0.3893240 0.4078650 0.1613460
vn 1.0833347 -1.0702450 -6.0949030
v 0.3751840 0.3972260 0.1608930
vn 0.2484627 -1.0898513 -6.1816993
v 0.4409780 0.3459910 0.1771410
vn 0.4947995 -1.0872588 -6.1673841
v 0.4218440 0.3462010 0.1759490
vn 0.7262486 -1.0857136 -6.1447215
v 0.4038460 0.3488510 0.1736970
vn 0.9351465 -1.0835208 -6.1169114
v 0.3871790 0.3522260 0.1708340
vn 1.1851453 -1.0690241 -6.0758581
v 0.3683780 0.3698060 0.1644540
vn 1.3190022 -1.0586722 -6.0502138
v 0.3593650 0.3864910 0.1596650
vn 1.1475391 -1.0802728 -6.0814042
v 0.3710250 0.3514250 0.1682030
vn 1.2601291 -1.0729456 -6.0602751
v 0.3634300 0.4115830 0.1560950
vn 1.4524298 -1.0648028 -6.0182910
v 0.3488950 0.4015160 0.1546440
vn 0.2490447 -1.0898490 -6.1816864
v 0.4409650 0.3269430 0.1804980
vn 0.4986574 -1.0873315 -6.1669636
v 0.4216570 0.3268850 0.1793430
vn 0.7461476 -1.0829742 -6.1427679
v 0.4021600 0.3274950 0.1772600
vn 0.9631171 -1.0775245 -6.1137943
v 0.3846180 0.3302790 0.1742990
vn 1.1671224 -1.0720339 -6.0793381
v 0.3695640 0.3324530 0.1712680
vn 1.3618011 -1.0812210 -6.0370274
v 0.3527890 0.3624270 0.1624460
vn 1.4576449 -1.0782801 -6.0149632
v 0.3454820 0.3758890 0.1583350
vn 1.3196603 -1.0742978 -6.0478053
v 0.3561060 0.3499950 0.1653870
vn 1.6130836 -1.0722214 -5.9757223
v 0.3349240 0.3905330 0.1530290
vn 1.3676414 -1.0569944 -6.0399594
v 0.3543810 0.3355610 0.1675480
vn 0.2494183 -1.0902805 -6.1815553
v 0.4409570 0.3079130 0.1838560
vn 0.4993944 -1.0872129 -6.1669579
v 0.4216170 0.3077030 0.1827190
vn 0.7508412 -1.0824869 -6.1422076
v 0.4019580 0.3079510 0.1806820
vn 0.9955761 -1.0709951 -6.1094275
v 0.3828960 0.3107160 0.1774720
vn 1.2256866 -1.0623605 -6.0692420
v 0.3645340 0.3126040 0.1737730
vn 1.4637794 -1.0573058 -6.0169544
v 0.3480060 0.3159980 0.1695100
vn 1.4747741 -1.0593121 -6.0146942
v 0.3463590 0.3486800 0.1633480
vn 1.5349181 -1.0536826 -6.0006566
v 0.3410140 0.3560210 0.1607180
vn 1.6438899 -1.0562946 -5.9711533
v 0.3331220 0.3666220 0.1567520
vn 1.8051717 -1.0650274 -5.9222178
v 0.3215330 0.3787680 0.1512760
vn 1.5360855 -1.0397261 -6.0023122
v 0.3419810 0.3395080 0.1638770
vn 1.6154633 -1.0465388 -5.9800229
v 0.3338140 0.3238340 0.1644850
vn 0.2493462 -1.0899041 -6.1816459
v 0.4409530 0.2888650 0.1872130
vn 0.2492363 -1.0897354 -6.1816964
v 0.4409510 0.2698160 0.1905710
vn 0.2490460 -1.0899956 -6.1816592
v 0.4409510 0.2507670 0.1939290
vn 0.2491207 -1.0901903 -6.1815882
v 0.4409500 0.2317380 0.1972870
vn 0.2492689 -1.0897582 -6.1816759
v 0.4409500 0.2126900 0.2006440
vn 0.2493772 -1.0898162 -6.1816745
v 0.4409500 0.1936410 0.2040020
vn 0.2491460 -1.0901501 -6.1816316
v 0.4409500 0.1745920 0.2073600
vn 0.2487470 -1.0904675 -6.1815672
v 0.4409500 0.1555630 0.2107180
vn 0.2478468 -1.0898993 -6.1817303
v 0.4409480 0.1365140 0.2140760
vn 0.2462652 -1.0910943 -6.1816454
v 0.4409480 0.1174660 0.2174340
vn 0.2417055 -1.0916153 -6.1817822
v 0.4412370 0.0984360 0.2208030
vn 0.1149599 2.5137687 -3.6287217
v 0.4422520 0.0793880 0.2241980
vn 0.4993027 -1.0877105 -6.1668825
v 0.4216230 0.2886550 0.1860780
vn 0.7517760 -1.0830971 -6.1419539
v 0.4020040 0.2885590 0.1841070
vn 1.0100498 -1.0773909 -6.1057553
v 0.3821340 0.2890550 0.1811660
vn 1.2706558 -1.0658028 -6.0588531
v 0.3618150 0.2913810 0.1769540
vn 1.5544426 -1.0584528 -5.9938087
v 0.3389090 0.2923730 0.1713960
vn 1.7467140 -1.0469518 -5.9429650
v 0.3229880 0.3084280 0.1641140
vn 1.6515455 -1.0362279 -5.9724007
v 0.3318750 0.3463340 0.1599900
vn 1.8021185 -1.0461313 -5.9270449
v 0.3205850 0.3545140 0.1552660
vn 1.9724842 -1.0553900 -5.8703604
v 0.3086320 0.3662980 0.1493860
vn 1.7814434 -1.0483420 -5.9326997
v 0.3211990 0.3310990 0.1595780
vn 1.9387137 -1.0377418 -5.8852410
v 0.3097650 0.3181140 0.1582560
vn 0.4988481 -1.0877372 -6.1668906
v 0.4216320 0.2696250 0.1894370
vn 0.4982202 -1.0873338 -6.1670189
v 0.4216380 0.2505770 0.1927960
vn 0.4980684 -1.0872520 -6.1670675
v 0.4216420 0.2315280 0.1961540
vn 0.4979854 -1.0873427 -6.1670628
v 0.4216440 0.2124800 0.1995120
vn 0.4977914 -1.0876256 -6.1670122
v 0.4216460 0.1934500 0.2028690
vn 0.4973578 -1.0875444 -6.1670794
v 0.4216460 0.1744020 0.2062270
vn 0.4977267 -1.0875852 -6.1670704
v 0.4216460 0.1553530 0.2095850
vn 0.4922312 -1.0879550 -6.1674843
v 0.4219530 0.1363240 0.2129670
vn 0.4794358 -1.0887758 -6.1684246
v 0.4230660 0.1161120 0.2166170
vn 0.4728040 -1.0896163 -6.1688347
v 0.4236670 0.0975970 0.2199300
vn 0.2318441 2.5152602 -3.6228108
v 0.4242880 0.0792160 0.2232170
vn 0.3468861 2.5165374 -3.6134505
v 0.4064300 0.0789300 0.2215880
vn 0.4624583 2.5187769 -3.5978389
v 0.3886050 0.0785300 0.2193090
vn 0.5759858 2.5213246 -3.5807836
v 0.3708670 0.0780150 0.2163820
vn 0.7505888 -1.0831121 -6.1421237
v 0.4021170 0.2692820 0.1875190
vn 1.0064015 -1.0768415 -6.1064825
v 0.3823490 0.2694150 0.1846640
vn 1.2654459 -1.0683490 -6.0595722
v 0.3619620 0.2709220 0.1805940
vn 1.5072235 -1.0648687 -6.0048795
v 0.3424500 0.2701780 0.1762180
vn 1.7720233 -1.0527027 -5.9344411
v 0.3223070 0.2806080 0.1688160
vn 1.9250982 -1.0278664 -5.8914461
v 0.3105560 0.2936500 0.1628290
vn 1.6784447 -1.0653207 -5.9597464
v 0.3281530 0.2671660 0.1729010
vn 2.0845013 -1.0298017 -5.8366418
v 0.2986840 0.3046910 0.1568200
vn 1.9547453 -1.0367038 -5.8801394
v 0.3085520 0.3417580 0.1536840
vn 2.1318479 -1.0452384 -5.8162127
v 0.2962910 0.3532370 0.1474000
vn 2.1038756 -1.0280715 -5.8299460
v 0.2969700 0.3284870 0.1520110
vn 2.2487700 -1.0185108 -5.7772951
v 0.2857720 0.3147580 0.1502310
vn 0.7491782 -1.0833282 -6.1422825
v 0.4022330 0.2502340 0.1908910
vn 0.7477630 -1.0831792 -6.1424780
v 0.4023070 0.2312040 0.1942570
vn 0.7468461 -1.0830282 -6.1426287
v 0.4023490 0.2121560 0.1976200
vn 0.7463595 -1.0833480 -6.1426544
v 0.4023740 0.1931070 0.2009810
vn 0.7460363 -1.0837189 -6.1426229
v 0.4023870 0.1740770 0.2043400
vn 0.7398586 -1.0849993 -6.1432276
v 0.4027320 0.1548770 0.2077650
vn 0.7181784 -1.0821984 -6.1463938
v 0.4043300 0.1341310 0.2116140
vn 0.7060704 -1.0855231 -6.1472111
v 0.4053980 0.1148920 0.2151290
vn 0.6986642 -1.0847330 -6.1482282
v 0.4060270 0.0968730 0.2183790
vn 0.9269797 -1.0783961 -6.1190796
v 0.3883710 0.0962820 0.2161440
vn 1.1540172 -1.0718238 -6.0815229
v 0.3707520 0.0956910 0.2132420
vn 0.6893744 2.5252347 -3.5587034
v 0.3532810 0.0773860 0.2128190
vn 1.3794702 -1.0637074 -6.0357952
v 0.3532250 0.0950420 0.2096930
vn 1.0026814 -1.0771880 -6.1070642
v 0.3826180 0.2499860 0.1881330
vn 1.2604661 -1.0691671 -6.0604753
v 0.3624480 0.2508060 0.1842410
vn 1.5093949 -1.0550081 -6.0060816
v 0.3422560 0.2518540 0.1794000
vn 1.6952304 -1.0424488 -5.9590683
v 0.3273750 0.2524840 0.1752620
vn 1.8265305 -1.0395323 -5.9209166
v 0.3192560 0.2648970 0.1706600
vn 1.9046519 -1.0586380 -5.8926830
v 0.3129580 0.2719710 0.1674350
vn 2.0367818 -1.0323961 -5.8527575
v 0.3014300 0.2819240 0.1618060
vn 2.2199640 -1.0204977 -5.7880802
v 0.2879740 0.2909050 0.1552860
vn 1.8601236 -1.0456606 -5.9093008
v 0.3160990 0.2551720 0.1713960
vn 2.4071088 -1.0057594 -5.7150331
v 0.2749470 0.3006480 0.1483520
vn 2.2849267 -1.0349960 -5.7596450
v 0.2844850 0.3396790 0.1453330
vn 2.4318237 -1.0238152 -5.7011971
v 0.2731090 0.3256460 0.1431730
vn 2.5715723 -0.9930719 -5.6447906
v 0.2621220 0.3111930 0.1409220
vn 0.9996383 -1.0772053 -6.1075706
v 0.3828330 0.2307080 0.1915690
vn 0.9971128 -1.0773319 -6.1079984
v 0.3830070 0.2116410 0.1949580
vn 0.9946899 -1.0777227 -6.1083317
v 0.3831180 0.1926310 0.1983300
vn 0.9941788 -1.0766573 -6.1086273
v 0.3831790 0.1734290 0.2017260
vn 0.9825088 -1.0829012 -6.1096072
v 0.3838140 0.1539610 0.2052590
vn 0.9429237 -1.0759956 -6.1171188
v 0.3868950 0.1323200 0.2095640
vn 0.9321600 -1.0796381 -6.1180811
v 0.3878350 0.1139770 0.2129420
vn 1.1592512 -1.0710752 -6.0806847
v 0.3703440 0.1132330 0.2100720
vn 1.3835385 -1.0633628 -6.0349612
v 0.3529340 0.1125660 0.2065360
vn 0.8028178 2.5310814 -3.5269032
v 0.3358200 0.0766420 0.2086160
vn 1.6039078 -1.0543276 -5.9817133
v 0.3358170 0.0943180 0.2055000
vn 1.6089258 -1.0546753 -5.9802766
v 0.3356240 0.1118600 0.2023540
vn 1.2534275 -1.0693817 -6.0619459
v 0.3629460 0.2309940 0.1878380
vn 1.5118240 -1.0560539 -6.0050006
v 0.3431980 0.2332820 0.1829140
vn 1.7529345 -1.0335331 -5.9432697
v 0.3237320 0.2358570 0.1771300
vn 1.9401240 -1.0204144 -5.8876491
v 0.3091510 0.2405090 0.1717380
vn 2.0012910 -1.0355422 -5.8646555
v 0.3052440 0.2607210 0.1668610
vn 2.1781459 -1.0231124 -5.8034635
v 0.2912060 0.2681760 0.1605210
vn 2.3526454 -1.0115643 -5.7370000
v 0.2776530 0.2767760 0.1536820
vn 2.5429735 -1.0156561 -5.6539412
v 0.2645400 0.2862140 0.1464110
vn 2.1248429 -1.0259496 -5.8226891
v 0.2955170 0.2469350 0.1658620
vn 2.6891265 -0.9853228 -5.5907183
v 0.2515850 0.2963960 0.1386150
vn 1.2478526 -1.0693122 -6.0631561
v 0.3633750 0.2114500 0.1913710
vn 1.2460675 -1.0688169 -6.0635815
v 0.3636860 0.1921160 0.1948470
vn 1.2341443 -1.0697691 -6.0659828
v 0.3643650 0.1727430 0.1984000
vn 1.2010249 -1.0780144 -6.0713778
v 0.3672460 0.1504720 0.2029050
vn 1.1693422 -1.0693789 -6.0791006
v 0.3695660 0.1310230 0.2067880
vn 1.3952928 -1.0625449 -6.0323858
v 0.3523230 0.1300510 0.2033130
vn 1.6334448 -1.0537053 -5.9737482
v 0.3337000 0.1283150 0.1989300
vn 0.9130895 2.5352190 -3.5006568
v 0.3185660 0.0758030 0.2037920
vn 1.8246771 -1.0430912 -5.9201260
v 0.3185700 0.0934600 0.2006790
vn 1.8394933 -1.0424410 -5.9157305
v 0.3167830 0.1105630 0.1971070
vn 1.8699584 -1.0434134 -5.9059920
v 0.3141600 0.1269040 0.1934000
vn 1.5081842 -1.0577215 -6.0054913
v 0.3441190 0.2136240 0.1866090
vn 1.7951868 -1.0367869 -5.9292288
v 0.3214910 0.2163320 0.1799040
vn 2.0149376 -1.0045543 -5.8645535
v 0.3021430 0.2245110 0.1721770
vn 2.2418230 -1.0174124 -5.7800794
v 0.2861470 0.2332250 0.1647510
vn 2.3052430 -1.0143485 -5.7556896
v 0.2813400 0.2541610 0.1591650
vn 2.4813747 -1.0021189 -5.6841707
v 0.2676960 0.2623220 0.1520150
vn 2.6725640 -1.0043405 -5.5959177
v 0.2545070 0.2714750 0.1444030
vn 2.8199177 -0.9737682 -5.5279059
v 0.2414260 0.2813140 0.1362430
vn 2.4275148 -1.0059150 -5.7066917
v 0.2718390 0.2398990 0.1577530
vn 1.5147069 -1.0605563 -6.0030775
v 0.3443380 0.1919440 0.1904880
vn 1.4551926 -1.0620676 -6.0180798
v 0.3479040 0.1679380 0.1955900
vn 1.4181404 -1.0663862 -6.0263290
v 0.3505900 0.1481070 0.1997260
vn 1.6620064 -1.0517595 -5.9661660
v 0.3312880 0.1455520 0.1952270
vn 1.9038053 -1.0398474 -5.8958912
v 0.3114670 0.1423490 0.1898050
vn 1.0232818 2.5422280 -3.4619894
v 0.3014430 0.0748310 0.1983270
vn 2.0481241 -1.0297084 -5.8489385
v 0.3014490 0.0925260 0.1952100
vn 2.0521431 -1.0273730 -5.8480983
v 0.3014220 0.1101440 0.1920940
vn 2.0790577 -1.0273253 -5.8387737
v 0.2990260 0.1258560 0.1884770
vn 2.1060305 -1.0260556 -5.8294277
v 0.2967530 0.1400990 0.1851490
vn 1.8584752 -1.0550478 -5.9063883
v 0.3153880 0.1924210 0.1822390
vn 2.1384695 -1.0223603 -5.8174129
v 0.2919060 0.2081520 0.1713680
vn 2.3663545 -1.0105207 -5.7314482
v 0.2763620 0.2179330 0.1635270
vn 2.5477090 -0.9974815 -5.6555758
v 0.2626660 0.2255030 0.1562730
vn 2.6046367 -0.9922403 -5.6304889
v 0.2581160 0.2475640 0.1503100
vn 2.7967026 -0.9938255 -5.5367827
v 0.2448810 0.2564690 0.1423690
vn 2.9454713 -0.9628713 -5.4640274
v 0.2316940 0.2659650 0.1338400
vn 2.7242153 -0.9823793 -5.5753608
v 0.2488380 0.2325390 0.1485430
vn 1.7223272 -1.0547143 -5.9483905
v 0.3260650 0.1638950 0.1905090
vn 1.9649237 -1.0393521 -5.8759537
v 0.3068800 0.1581940 0.1854970
vn 2.1493821 -1.0254343 -5.8138394
v 0.2933280 0.1519780 0.1818030
vn 1.1318024 2.5487390 -3.4243829
v 0.2845630 0.0737630 0.1922520
vn 2.2648065 -1.0176997 -5.7706089
v 0.2845690 0.0914580 0.1891340
vn 2.2663431 -1.0152798 -5.7704945
v 0.2845780 0.1090950 0.1860260
vn 2.2729118 -1.0139405 -5.7682939
v 0.2845060 0.1248640 0.1832190
vn 2.2891273 -1.0164284 -5.7615404
v 0.2834400 0.1366480 0.1807210
vn 2.2902720 -1.0121709 -5.7619367
v 0.2835370 0.1461050 0.1790910
vn 2.1150122 -1.0382959 -5.8236594
v 0.2955950 0.1773950 0.1781530
vn 2.3274486 -1.0106769 -5.7473059
v 0.2790050 0.1943460 0.1687680
vn 2.4942508 -1.0008529 -5.6788044
v 0.2672380 0.2040710 0.1620830
vn 2.6620517 -0.9887692 -5.6041698
v 0.2538390 0.2110500 0.1547410
vn 2.8385210 -0.9738571 -5.5195513
v 0.2399540 0.2172850 0.1467750
vn 2.9169533 -0.9816737 -5.4765792
v 0.2355230 0.2411380 0.1402630
vn 3.0668268 -0.9515964 -5.3987865
v 0.2222610 0.2503670 0.1313730
vn 3.0326307 -0.9704716 -5.4153929
v 0.2265290 0.2255790 0.1381380
vn 2.3029523 -1.0179275 -5.7558665
v 0.2819810 0.1660690 0.1749520
vn 2.4781837 -0.9963828 -5.6862020
v 0.2683270 0.1541900 0.1713540
vn 1.2391471 2.5565720 -3.3806539
v 0.2679340 0.0725810 0.1855740
vn 2.4786134 -1.0023601 -5.6847925
v 0.2679400 0.0902760 0.1824560
vn 2.4785795 -1.0021474 -5.6848259
v 0.2679470 0.1079510 0.1793440
vn 2.4808736 -1.0015658 -5.6839662
v 0.2678920 0.1255510 0.1762160
vn 2.4834423 -1.0030280 -5.6826162
v 0.2679800 0.1386690 0.1739400
vn 2.4816222 -1.0012358 -5.6841860
v 0.2671920 0.1801600 0.1662830
vn 2.6358118 -0.9929473 -5.6159420
v 0.2554120 0.1886450 0.1594370
vn 2.7878625 -0.9799637 -5.5443215
v 0.2441990 0.1953000 0.1528130
vn 2.9504454 -0.9648049 -5.4621739
v 0.2315070 0.2017640 0.1450620
vn 3.1433053 -0.9588121 -5.3539829
v 0.2179770 0.2098100 0.1360600
vn 3.1840560 -0.9395936 -5.3326240
v 0.2131620 0.2345220 0.1288650
vn 3.2962818 -0.9272501 -5.2661753
v 0.2044480 0.2185240 0.1263560
vn 2.6130147 -0.9889650 -5.6273904
v 0.2571300 0.1688150 0.1637350
vn 2.7267332 -0.9802951 -5.5748358
v 0.2492900 0.1617410 0.1612470
vn 2.6875415 -0.9861001 -5.5920415
v 0.2511510 0.1394320 0.1660830
vn 2.6860759 -0.9769996 -5.5944695
v 0.2510940 0.1515780 0.1639160
vn 1.3455065 2.5643010 -3.3361483
v 0.2515530 0.0713030 0.1782910
vn 2.6900022 -0.9859469 -5.5907669
v 0.2515590 0.0889980 0.1751740
vn 2.6899869 -0.9858428 -5.5908132
v 0.2515680 0.1066740 0.1720600
vn 2.6883874 -0.9848444 -5.5917726
v 0.2515660 0.1243110 0.1689500
vn 2.7543221 -0.9837123 -5.5605068
v 0.2466260 0.1752410 0.1575610
vn 2.9025340 -0.9691700 -5.4871478
v 0.2349660 0.1806370 0.1506360
vn 3.0565865 -0.9554443 -5.4052124
v 0.2234420 0.1859570 0.1433960
vn 3.2491436 -0.9465641 -5.2926064
v 0.2097910 0.1937360 0.1340230
vn 3.4043891 -0.9154211 -5.1990309
v 0.1960280 0.2022980 0.1238220
vn 2.8304942 -0.9714291 -5.5243635
v 0.2413330 0.1644680 0.1567960
vn 2.8622730 -0.9666296 -5.5084944
v 0.2382080 0.1528170 0.1572420
vn 2.8937161 -0.9660521 -5.4918089
v 0.2354850 0.1229570 0.1610790
vn 2.8776283 -0.9671121 -5.5001712
v 0.2369550 0.1386880 0.1590800
vn 1.4489554 2.5735474 -3.2832847
v 0.2354560 0.0699110 0.1704190
vn 2.8974619 -0.9680958 -5.4893126
v 0.2354620 0.0876060 0.1673010
vn 2.8961892 -0.9667608 -5.4902372
v 0.2354710 0.1053010 0.1641860
vn 2.9785647 -0.9591895 -5.4479704
v 0.2292860 0.1679950 0.1498100
vn 3.1433163 -0.9453392 -5.3569174
v 0.2169150 0.1722850 0.1420560
vn 3.3468893 -0.9339297 -5.2334476
v 0.2020270 0.1774340 0.1320770
vn 3.5085294 -0.9033713 -5.1314049
v 0.1879020 0.1858800 0.1212780
vn 3.0316405 -0.9524722 -5.4196587
v 0.2251710 0.1541900 0.1499680
vn 3.0673583 -0.9497860 -5.3997989
v 0.2221530 0.1373720 0.1512330
vn 3.1009181 -0.9459170 -5.3810120
v 0.2196820 0.1038140 0.1557350
vn 3.0842135 -0.9483228 -5.3903151
v 0.2210090 0.1206690 0.1535270
vn 1.5502439 2.5828400 -3.2300863
v 0.2196660 0.0684240 0.1619680
vn 3.1008544 -0.9490193 -5.3804355
v 0.2196720 0.0861190 0.1588500
vn 3.2114873 -0.9373345 -5.3175449
v 0.2117400 0.1563640 0.1417930
vn 3.4334707 -0.9152157 -5.1800656
v 0.1956910 0.1607500 0.1309280
vn 3.6063044 -0.8816640 -5.0667648
v 0.1800990 0.1692720 0.1187550
vn 3.2683578 -0.9284340 -5.2838717
v 0.2082750 0.1368770 0.1431240
vn 3.2859697 -0.9348336 -5.2719202
v 0.2059200 0.1186290 0.1448890
vn 3.3004050 -0.9280698 -5.2641196
v 0.2041910 0.0845360 0.1498200
vn 3.3014686 -0.9261847 -5.2638226
v 0.2042010 0.1022500 0.1467040
vn 1.6496273 2.5936687 -3.1706545
v 0.2041850 0.0668220 0.1529390
vn 3.5192168 -0.9104466 -5.1229811
v 0.1866910 0.1351420 0.1293950
vn 3.7213180 -0.8922306 -4.9812307
v 0.1704320 0.1511390 0.1148790
vn 3.4749727 -0.9229053 -5.1514778
v 0.1898730 0.1166270 0.1348310
vn 3.4860005 -0.9036151 -5.1477342
v 0.1890800 0.1005530 0.1371270
vn 1.7486432 2.6040220 -3.1098404
v 0.1890700 0.0651440 0.1433640
vn 3.4933057 -0.9044971 -5.1424065
v 0.1890760 0.0828390 0.1402460
vn 3.5975237 -0.9336815 -5.0651331
v 0.1798260 0.1126800 0.1285400
vn 3.7222419 -0.8812431 -4.9830575
v 0.1716960 0.1214320 0.1210640
vn 3.8711028 -0.8560255 -4.8732119
v 0.1606980 0.1334060 0.1105000
vn 3.6619482 -0.8780827 -5.0286527
v 0.1768290 0.1001720 0.1285870
vn 3.6831486 -0.8852307 -5.0117073
v 0.1743290 0.0810660 0.1301300
vn 1.8398138 2.6180677 -3.0433483
v 0.1743240 0.0633520 0.1332480
vn 3.8343182 -0.8684943 -4.9001241
v 0.1623240 0.1020020 0.1173190
vn 3.9661493 -0.8557264 -4.7958488
v 0.1521420 0.1169700 0.1064720
vn 3.8444638 -0.8644502 -4.8928881
v 0.1618720 0.0807230 0.1207150
vn 1.9347738 2.6316724 -2.9752595
v 0.1599790 0.0614830 0.1226130
vn 3.9986999 -0.8319368 -4.7734141
v 0.1505730 0.0949850 0.1090430
vn 4.1103921 -0.8235577 -4.6789489
v 0.1426280 0.1024220 0.1009480
vn 4.0308709 -0.8401839 -4.7444758
v 0.1485230 0.0797690 0.1100040
vn 2.0296144 2.6383693 -2.9005165
v 0.1460310 0.0595190 0.1114560
vn 4.2198911 -0.8101653 -4.5820122
v 0.1330900 0.0833540 0.0957670
vn 2.1130993 2.6480427 -2.8297145
v 0.1324890 0.0574600 0.0997820
vn 2.1929977 2.6631861 -2.7504349
v 0.1194130 0.0553060 0.0876410
vn 4.4096789 -0.7854317 -4.4044557
v 0.1173210 0.0717040 0.0826610
vn 2.2745657 2.6814206 -2.6730523
v 0.1068010 0.0530940 0.0750360
vn 4.5633774 -0.7530029 -4.2513876
v 0.1059010 0.0641150 0.0721280
vn 2.3573232 2.7015986 -2.5870283
v 0.0946950 0.0508060 0.0620100
vn 4.6802220 -0.7440034 -4.1242208
v 0.0961880 0.0583750 0.0623850
vn 2.4361174 2.7317348 -2.4942260
v 0.0830580 0.0484220 0.0485210
vn 4.7973332 -0.6879245 -3.9973879
v 0.0867140 0.0530170 0.0521940
vn -4.7695246 4.0900860 -0.0228295
v -0.0509510 0.2615600 0.2388140
vn -4.7683430 4.0913215 -0.0418162
v -0.0509510 0.2614260 0.2220970
vn -4.7694316 4.0897355 -0.0639012
v -0.0509510 0.2612170 0.2053820
vn -4.7692127 4.0895905 -0.0858799
v -0.0509510 0.2609110 0.1886680
vn -4.7697129 4.0884748 -0.1086587
v -0.0509510 0.2605110 0.1719560
vn -4.7710924 4.0862403 -0.1308852
v -0.0509510 0.2600150 0.1552460
vn -4.7704110 4.0863218 -0.1511706
v -0.0509510 0.2594430 0.1385390
vn -4.7823267 4.0751920 -0.0208898
v -0.0625550 0.2479450 0.2385080
vn -4.7825546 4.0747285 -0.0442912
v -0.0625570 0.2478120 0.2214870
vn -4.7832961 4.0735826 -0.0662142
v -0.0625570 0.2475640 0.2044680
vn -4.7827816 4.0737858 -0.0867237
v -0.0625570 0.2472590 0.1874510
vn -4.7830091 4.0729113 -0.1118761
v -0.0625570 0.2468400 0.1704360
vn -4.7829566 4.0723624 -0.1324325
v -0.0625570 0.2463250 0.1534240
vn -4.7823839 4.0723062 -0.1530395
v -0.0625570 0.2457340 0.1364160
vn -4.7825480 4.0749340 -0.0223146
v -0.0741620 0.2343120 0.2382040
vn -4.7828813 4.0743389 -0.0453486
v -0.0741620 0.2341790 0.2208800
vn -4.7822599 4.0747876 -0.0666195
v -0.0741630 0.2339310 0.2035570
vn -4.7827845 4.0737157 -0.0897918
v -0.0741630 0.2336070 0.1862370
vn -4.7829723 4.0728841 -0.1144468
v -0.0741630 0.2331680 0.1689190
vn -4.7819090 4.0735412 -0.1340480
v -0.0741630 0.2326340 0.1516050
vn -4.7818298 4.0728507 -0.1558777
v -0.0741630 0.2320240 0.1342950
vn -4.7820754 4.0754762 -0.0231942
v -0.0857680 0.2206980 0.2379020
vn -4.7819653 4.0754118 -0.0462870
v -0.0857680 0.2205450 0.2202750
vn -4.7820706 4.0749764 -0.0683674
v -0.0857680 0.2202980 0.2026490
vn -4.7828131 4.0736203 -0.0926373
v -0.0857680 0.2199540 0.1850260
vn -4.7817039 4.0743728 -0.1146614
v -0.0857680 0.2194970 0.1674050
vn -4.7814541 4.0739765 -0.1366160
v -0.0857680 0.2189630 0.1497880
vn -4.7821722 4.0722747 -0.1603570
v -0.0857700 0.2183140 0.1321750
vn 6.2212687 -0.6114775 0.1061820
v 0.0026600 -0.4498330 -0.1579690
vn 6.2831855 0.0000000 0.0000000
v 0.0026600 -0.4279820 -0.1616550
vn 6.2831850 0.0000000 0.0000000
v 0.0026600 -0.4061300 -0.1653500
vn 6.2204552 -0.6167265 0.0992774
v 0.0026600 -0.4467820 -0.1393540
vn 6.2831850 0.0000000 0.0000000
v 0.0026600 -0.4248930 -0.1428770
vn 6.2831850 0.0000000 0.0000000
v 0.0026600 -0.4030220 -0.1464160
vn 6.2206211 -0.6167048 0.0941128
v 0.0026600 -0.4438460 -0.1207130
vn 6.2831855 0.0000000 0.0000000
v 0.0026600 -0.4219560 -0.1240750
vn 6.2831850 0.0000000 0.0000000
v 0.0026600 -0.4000480 -0.1274590
vn 6.2204938 -0.6180013 0.0896899
v 0.0026600 -0.4410810 -0.1020540
vn 6.2831855 0.0000000 0.0000000
v 0.0026600 -0.4191340 -0.1052530
vn 6.2831850 0.0000000 0.0000000
v 0.0026600 -0.3972070 -0.1084810
vn 6.2205563 -0.6183307 0.0851500
v 0.0026600 -0.4384310 -0.0833710
vn 6.2831850 0.0000000 0.0000000
v 0.0026600 -0.4164840 -0.0864090
vn 6.2831855 0.0000000 0.0000000
v 0.0026600 -0.3945180 -0.0894820
vn 6.2205305 -0.6190913 0.0804242
v 0.0026600 -0.4359330 -0.0646720
vn 6.2831850 0.0000000 0.0000000
v 0.0026600 -0.4139480 -0.0675450
vn 6.2831850 -0.0002088 -0.0000503
v 0.0026600 -0.3919820 -0.0704640
vn 6.2831850 -0.0002822 0.0000344
v 0.0026600 -0.3895800 -0.0514270
vn 6.2831855 0.0000000 0.0000000
v 0.0026600 -0.4115840 -0.0486640
vn 6.2206278 -0.6192185 0.0755493
v 0.0026600 -0.4335690 -0.0459510
vn 6.2831850 -0.0000740 0.0000857
v 0.0026600 -0.3873300 -0.0323730
vn 6.2831850 0.0000000 0.0000000
v 0.0026600 -0.4093530 -0.0297650
vn 6.2206368 -0.6197352 0.0708248
v 0.0026600 -0.4313570 -0.0272150
vn 6.2206640 -0.6201230 0.0661071
v 0.0026600 -0.4292780 -0.0084160
vn 6.2831845 0.0000000 0.0000000
v 0.0026600 -0.4072550 -0.0109260
vn 6.2831855 0.0000000 0.0000000
v 0.0026600 -0.3852320 -0.0133910
vn 6.2205682 -0.6210586 0.0616070
v 0.0026600 -0.4273520 0.0103520
vn 6.2831850 0.0000000 0.0000000
v 0.0026600 -0.4053100 0.0080140
vn 6.2831850 0.0000000 0.0000000
v 0.0026600 -0.3832680 0.0057030
vn 6.2206612 -0.6210771 0.0565931
v 0.0026600 -0.4255600 0.0291350
vn 6.2831855 0.0000000 0.0000000
v 0.0026600 -0.4034990 0.0269670
vn 6.2831850 0.0000000 0.0000000
v 0.0026600 -0.3814380 0.0248130
vn 6.2205915 -0.6218116 0.0521253
v 0.0026600 -0.4239200 0.0479300
vn 6.2831855 0.0000000 0.0000000
v 0.0026600 -0.4018400 0.0459340
vn 6.2831850 0.0000000 0.0000000
v 0.0026600 -0.3797790 0.0439360
vn 6.2206473 -0.6219279 0.0472145
v 0.0026600 -0.4224140 0.0667370
vn 6.2831855 0.0000000 0.0000000
v 0.0026600 -0.4003340 0.0649120
vn 6.2831850 0.0000000 0.0000000
v 0.0026600 -0.3782340 0.0630700
vn 6.2206211 -0.6223938 0.0425619
v 0.0026600 -0.4210600 0.0855540
vn 6.2831855 0.0000000 0.0000000
v 0.0026600 -0.3989610 0.0839000
vn 6.2831850 0.0000000 0.0000000
v 0.0026600 -0.3768610 0.0822140
vn 6.2206650 -0.6224698 0.0380504
v 0.0026600 -0.4198400 0.1043820
vn 6.2831860 0.0000000 0.0000000
v 0.0026600 -0.3977210 0.1028680
vn 6.2831855 0.0000000 0.0000000
v 0.0026600 -0.3756220 0.1013080
vn 6.2208118 -0.6220315 0.0329706
v 0.0026600 -0.4187530 0.1232180
vn 6.2831855 0.0000000 0.0000000
v 0.0026600 -0.3966540 0.1217980
vn 6.2831860 0.0000000 0.0000000
v 0.0026600 -0.3745160 0.1204310
vn 6.2205772 -0.6234076 0.0286013
v 0.0026600 -0.4178380 0.1420630
vn 6.2831855 0.0000000 0.0000000
v 0.0026600 -0.3957000 0.1408080
vn 6.2831855 0.0000000 0.0000000
v 0.0026600 -0.3735820 0.1395970
vn 6.2206979 -0.6230147 0.0238065
v 0.0026600 -0.4170370 0.1609130
vn 6.2831855 0.0000000 0.0000000
v 0.0026600 -0.3948990 0.1598250
vn 6.2831850 0.0000000 0.0000000
v 0.0026600 -0.3727620 0.1587710
vn 6.2206883 -0.6232249 0.0189686
v 0.0026600 -0.4163890 0.1797690
vn 6.2831860 0.0000000 0.0000000
v 0.0026600 -0.3942510 0.1788470
vn 6.2831855 0.0000000 0.0000000
v 0.0026600 -0.3721140 0.1779490
vn 6.2206173 -0.6236997 0.0142238
v 0.0026600 -0.4158930 0.1986290
vn 6.2831850 0.0000000 0.0000000
v 0.0026600 -0.3937360 0.1978730
vn 6.2831850 0.0000000 0.0000000
v 0.0026600 -0.3715990 0.1971320
vn 6.2207613 -0.6230836 0.0092582
v 0.0026600 -0.4155310 0.2174930
vn 6.2831855 0.0000000 0.0000000
v 0.0026600 -0.3933740 0.2169020
vn 6.2831850 0.0000000 0.0000000
v 0.0026600 -0.3712170 0.2163180
vn 6.2206612 -0.6236286 0.0048899
v 0.0026600 -0.4153210 0.2363590
vn 6.2831855 0.0000000 0.0000000
v 0.0026600 -0.3931640 0.2359330
vn 6.2831855 0.0000000 0.0000000
v 0.0026600 -0.3709890 0.2355060
vn 0.6130034 -6.1375995 1.0346973
v -0.0450090 -0.4968540 -0.1500330
vn 2.3504145 -5.6222200 0.9500850
v -0.0268320 -0.4932880 -0.1506320
vn 4.3405356 -4.3201556 0.7313501
v -0.0114540 -0.4832210 -0.1523270
vn 5.6808605 -2.3553801 0.4021644
v -0.0011230 -0.4681950 -0.1548610
vn 0.6114954 -6.1454058 0.9892066
v -0.0450090 -0.4938410 -0.1317590
vn 2.3514364 -5.6291242 0.9040600
v -0.0268340 -0.4902760 -0.1323290
vn 4.3398390 -4.3245368 0.6954265
v -0.0114560 -0.4802080 -0.1339500
vn 5.6818428 -2.3554475 0.3784210
v -0.0011230 -0.4651440 -0.1363700
vn 0.6095268 -6.1532836 0.9426852
v -0.0450090 -0.4909620 -0.1134620
vn 2.3493023 -5.6350770 0.8617203
v -0.0268380 -0.4874150 -0.1140050
vn 4.3420653 -4.3296437 0.6613905
v -0.0114580 -0.4773100 -0.1155500
vn 5.6810265 -2.3591206 0.3606948
v -0.0011230 -0.4622460 -0.1178550
vn 0.6111428 -6.1600609 0.8938742
v -0.0450090 -0.4882350 -0.0951430
vn 2.3483248 -5.6431055 0.8205599
v -0.0268400 -0.4846700 -0.0956600
vn 4.3396411 -4.3348064 0.6292892
v -0.0114600 -0.4745830 -0.0971270
vn 5.6812687 -2.3614237 0.3428680
v -0.0011210 -0.4594810 -0.0993190
vn 0.6106812 -6.1671066 0.8458447
v -0.0450090 -0.4856420 -0.0768040
vn 2.3496165 -5.6489463 0.7743953
v -0.0268410 -0.4820760 -0.0772940
vn 4.3402290 -4.3395276 0.5965455
v -0.0114620 -0.4719710 -0.0786840
vn 5.6817660 -2.3633513 0.3252517
v -0.0011210 -0.4568500 -0.0807630
vn 0.6099633 -6.1728640 0.8010007
v -0.0450090 -0.4832010 -0.0584480
vn 2.3488932 -5.6537380 0.7326490
v -0.0268430 -0.4796360 -0.0589090
vn 4.3409691 -4.3432164 0.5626933
v -0.0114630 -0.4695110 -0.0602230
vn 5.6816454 -2.3658373 0.3067789
v -0.0011210 -0.4543710 -0.0621870
vn 0.6096221 -6.1789575 0.7561192
v -0.0450090 -0.4808750 -0.0400720
vn 2.3481934 -5.6599479 0.6925482
v -0.0268470 -0.4773100 -0.0405070
vn 4.3399582 -4.3480082 0.5318326
v -0.0114650 -0.4671850 -0.0417430
vn 5.6818829 -2.3675363 0.2885160
v -0.0011190 -0.4520260 -0.0435920
vn 0.6099519 -6.1848688 0.7056838
v -0.0450090 -0.4787010 -0.0216800
vn 2.3481417 -5.6646485 0.6477556
v -0.0268490 -0.4751360 -0.0220880
vn 4.3402610 -4.3525696 0.4980299
v -0.0114670 -0.4649920 -0.0232450
vn 5.6809897 -2.3708074 0.2710911
v -0.0011190 -0.4498330 -0.0249800
vn 0.6110541 -6.1894040 0.6590461
v -0.0450090 -0.4766800 -0.0032700
vn 2.3498681 -5.6696458 0.6037261
v -0.0268510 -0.4730960 -0.0036510
vn 4.3396015 -4.3562355 0.4650843
v -0.0114690 -0.4629520 -0.0047330
vn 5.6808696 -2.3729947 0.2535398
v -0.0011190 -0.4477740 -0.0063530
vn 0.6085151 -6.1947832 0.6151533
v -0.0450090 -0.4747740 0.0151530
vn 2.3485723 -5.6736808 0.5606104
v -0.0268530 -0.4712080 0.0147980
vn 4.3409410 -4.3589945 0.4306226
v -0.0114710 -0.4610450 0.0137930
vn 5.6813588 -2.3745084 0.2352094
v -0.0011190 -0.4458480 0.0122890
vn 0.6088676 -6.1995420 0.5647997
v -0.0450090 -0.4730190 0.0335890
vn 2.3464463 -5.6784382 0.5190129
v -0.0268550 -0.4694540 0.0332630
vn 4.3403497 -4.3620992 0.3977158
v -0.0114730 -0.4592910 0.0323370
vn 5.6812057 -2.3759947 0.2167896
v -0.0011170 -0.4440750 0.0309470
vn 0.6101617 -6.2029390 0.5181695
v -0.0450090 -0.4714180 0.0520410
vn 2.3484724 -5.6824293 0.4748977
v -0.0268590 -0.4678330 0.0517400
vn 4.3395243 -4.3653841 0.3659675
v -0.0114750 -0.4576700 0.0508910
vn 5.6817513 -2.3771183 0.1989333
v -0.0011170 -0.4424350 0.0496160
vn 0.6075305 -6.2073812 0.4742512
v -0.0450090 -0.4699300 0.0705020
vn 2.3472812 -5.6852894 0.4317431
v -0.0268610 -0.4663650 0.0702300
vn 4.3403645 -4.3681254 0.3320034
v -0.0114770 -0.4561830 0.0694570
vn 5.6811109 -2.3793073 0.1808443
v -0.0011170 -0.4409480 0.0682980
vn 0.6081119 -6.2108912 0.4237134
v -0.0450090 -0.4685960 0.0889750
vn 2.3457997 -5.6888514 0.3899133
v -0.0268620 -0.4650300 0.0887300
vn 4.3399591 -4.3704982 0.2987925
v -0.0114790 -0.4548480 0.0880340
vn 5.6813908 -2.3801820 0.1622871
v -0.0011150 -0.4395940 0.0869900
vn 0.6101120 -6.2134743 0.3749316
v -0.0450090 -0.4674130 0.1074570
vn 2.3475733 -5.6919174 0.3452603
v -0.0268640 -0.4638290 0.1072390
vn 4.3394613 -4.3736320 0.2656391
v -0.0114830 -0.4536470 0.1066200
vn 5.6807127 -2.3820145 0.1448657
v -0.0011150 -0.4383930 0.1056930
vn 0.6100619 -6.2160187 0.3298720
v -0.0450090 -0.4663650 0.1259470
vn 2.3473914 -5.6943579 0.3021173
v -0.0268660 -0.4627800 0.1257570
vn 4.3391147 -4.3749962 0.2317649
v -0.0114840 -0.4525980 0.1252160
vn 5.6810002 -2.3825974 0.1269531
v -0.0011150 -0.4373250 0.1244030
vn 0.6099635 -6.2182503 0.2851480
v -0.0450090 -0.4654500 0.1444450
vn 2.3466899 -5.6968050 0.2611712
v -0.0268700 -0.4618650 0.1442820
vn 4.3387814 -4.3765569 0.2000176
v -0.0114860 -0.4516830 0.1438180
vn 5.6817293 -2.3829224 0.1089486
v -0.0011150 -0.4363910 0.1431220
vn 0.6098945 -6.2204795 0.2371035
v -0.0450090 -0.4646680 0.1629500
vn 2.3465314 -5.6991663 0.2171269
v -0.0268720 -0.4610830 0.1628140
vn 4.3385496 -4.3785300 0.1668714
v -0.0114880 -0.4509010 0.1624270
vn 5.6812582 -2.3839166 0.0910851
v -0.0011140 -0.4356090 0.1618470
vn 0.6097735 -6.2219491 0.1890519
v -0.0450090 -0.4640390 0.1814590
vn 2.3458910 -5.7005782 0.1732135
v -0.0268740 -0.4604540 0.1813510
vn 4.3382115 -4.3792911 0.1328763
v -0.0114900 -0.4502720 0.1810410
vn 5.6819382 -2.3838780 0.0724462
v -0.0011140 -0.4349600 0.1805770
vn 0.6097710 -6.2234240 0.1409944
v -0.0450090 -0.4635430 0.1999730
vn 2.3460050 -5.7021103 0.1292165
v -0.0268760 -0.4599580 0.1998920
vn 4.3379760 -4.3810854 0.0992580
v -0.0114940 -0.4497760 0.1996600
vn 5.6817150 -2.3846958 0.0535166
v -0.0011140 -0.4344650 0.1993110
vn 0.6097289 -6.2241340 0.0929437
v -0.0450090 -0.4632000 0.2184910
vn 2.3455312 -5.7027631 0.0852869
v -0.0268780 -0.4596150 0.2184360
vn 4.3373127 -4.3819308 0.0659016
v -0.0114960 -0.4494330 0.2182820
vn 5.6808076 -2.3857019 0.0360943
v -0.0011120 -0.4341210 0.2180490
vn 0.6097482 -6.2246499 0.0480531
v -0.0450090 -0.4629900 0.2370100
vn 2.3450651 -5.7035975 0.0437322
v -0.0268810 -0.4594050 0.2369830
vn 4.3378482 -4.3817492 0.0327651
v -0.0114980 -0.4492230 0.2369060
vn 5.6820021 -2.3848758 0.0179873
v -0.0011120 -0.4338930 0.2367890
vn -0.6195334 -6.1360588 1.0360618
v -0.1593000 -0.4968540 -0.1500330
vn 0.0000000 -6.1956811 1.0447146
v -0.1402520 -0.4968540 -0.1500330
vn 0.0000000 -6.1956820 1.0447146
v -0.1212030 -0.4968540 -0.1500330
vn 0.0000000 -6.1956820 1.0447147
v -0.1021550 -0.4968540 -0.1500330
vn 0.0000000 -6.1956816 1.0447146
v -0.0831060 -0.4968540 -0.1500330
vn 0.0000000 -6.1956806 1.0447145
v -0.0640580 -0.4968540 -0.1500330
vn -0.6203653 -6.1435676 0.9896179
v -0.1593000 -0.4938410 -0.1317590
vn 0.0000000 -6.2031517 0.9994000
v -0.1402520 -0.4938410 -0.1317590
vn 0.0000000 -6.2031512 0.9994000
v -0.1212030 -0.4938410 -0.1317590
vn 0.0000000 -6.2031517 0.9994000
v -0.1021550 -0.4938410 -0.1317590
vn 0.0000000 -6.2031512 0.9994000
v -0.0831060 -0.4938410 -0.1317590
vn 0.0000000 -6.2031512 0.9994000
v -0.0640580 -0.4938410 -0.1317590
vn -0.6196725 -6.1514292 0.9416056
v -0.1593000 -0.4909620 -0.1134620
vn 0.0000000 -6.2107620 0.9508812
v -0.1402520 -0.4909620 -0.1134620
vn 0.0000000 -6.2107620 0.9508812
v -0.1212030 -0.4909620 -0.1134620
vn 0.0000000 -6.2107620 0.9508812
v -0.1021550 -0.4909620 -0.1134620
vn 0.0000000 -6.2107620 0.9508812
v -0.0831060 -0.4909620 -0.1134620
vn 0.0000000 -6.2107620 0.9508813
v -0.0640580 -0.4909620 -0.1134620
vn -0.6189520 -6.1585455 0.8935906
v -0.1593000 -0.4882350 -0.0951430
vn 0.0000000 -6.2180042 0.9023916
v -0.1402520 -0.4882350 -0.0951430
vn 0.0000000 -6.2180052 0.9023916
v -0.1212030 -0.4882350 -0.0951430
vn 0.0000000 -6.2180047 0.9023916
v -0.1021550 -0.4882350 -0.0951430
vn 0.0000000 -6.2180047 0.9023916
v -0.0831060 -0.4882350 -0.0951430
vn 0.0000000 -6.2180042 0.9023916
v -0.0640580 -0.4882350 -0.0951430
vn -0.6183288 -6.1656146 0.8456557
v -0.1593000 -0.4856420 -0.0768040
vn 0.0000000 -6.2248306 0.8539501
v -0.1402520 -0.4856420 -0.0768040
vn 0.0000000 -6.2248306 0.8539501
v -0.1212030 -0.4856420 -0.0768040
vn 0.0000000 -6.2248306 0.8539501
v -0.1021550 -0.4856420 -0.0768040
vn 0.0000000 -6.2248306 0.8539501
v -0.0831060 -0.4856420 -0.0768040
vn 0.0000000 -6.2248306 0.8539501
v -0.0640580 -0.4856420 -0.0768040
vn -0.6198925 -6.1708260 0.8014640
v -0.1593000 -0.4832010 -0.0584480
vn 0.0000000 -6.2309017 0.8086359
v -0.1402520 -0.4832010 -0.0584480
vn 0.0000000 -6.2309017 0.8086360
v -0.1212030 -0.4832010 -0.0584480
vn 0.0000000 -6.2309017 0.8086359
v -0.1021550 -0.4832010 -0.0584480
vn 0.0000000 -6.2309017 0.8086360
v -0.0831060 -0.4832010 -0.0584480
vn 0.0000000 -6.2309017 0.8086360
v -0.0640580 -0.4832010 -0.0584480
vn -0.6201079 -6.1769147 0.7558229
v -0.1593000 -0.4808750 -0.0400720
vn 0.0000000 -6.2365966 0.7632894
v -0.1402520 -0.4808750 -0.0400720
vn 0.0000000 -6.2365971 0.7632895
v -0.1212030 -0.4808750 -0.0400720
vn 0.0000000 -6.2365966 0.7632895
v -0.1021550 -0.4808750 -0.0400720
vn 0.0000000 -6.2365966 0.7632895
v -0.0831060 -0.4808750 -0.0400720
vn 0.0000000 -6.2365966 0.7632894
v -0.0640580 -0.4808750 -0.0400720
vn -0.6195294 -6.1830893 0.7046506
v -0.1593000 -0.4787010 -0.0216800
vn 0.0000000 -6.2427053 0.7115919
v -0.1402520 -0.4787010 -0.0216800
vn 0.0000000 -6.2427063 0.7115920
v -0.1212030 -0.4787010 -0.0216800
vn 0.0000000 -6.2427053 0.7115920
v -0.1021550 -0.4787010 -0.0216800
vn 0.0000000 -6.2427058 0.7115920
v -0.0831060 -0.4787010 -0.0216800
vn 0.0000000 -6.2427058 0.7115919
v -0.0640580 -0.4787010 -0.0216800
vn -0.6211896 -6.1872525 0.6603107
v -0.1593000 -0.4766800 -0.0032700
vn 0.0000000 -6.2477460 0.6661109
v -0.1402520 -0.4766800 -0.0032700
vn 0.0000000 -6.2477460 0.6661109
v -0.1212030 -0.4766800 -0.0032700
vn 0.0000000 -6.2477460 0.6661109
v -0.1021550 -0.4766800 -0.0032700
vn 0.0000000 -6.2477460 0.6661110
v -0.0831060 -0.4766800 -0.0032700
vn 0.0000000 -6.2477460 0.6661111
v -0.0640580 -0.4766800 -0.0032700
vn -0.6192927 -6.1927509 0.6141928
v -0.1593000 -0.4747740 0.0151530
vn 0.0000000 -6.2523675 0.6210127
v -0.1402520 -0.4747740 0.0151530
vn 0.0000000 -6.2523675 0.6210127
v -0.1212030 -0.4747740 0.0151530
vn 0.0000000 -6.2523675 0.6210127
v -0.1021550 -0.4747740 0.0151530
vn 0.0000000 -6.2523680 0.6210127
v -0.0831060 -0.4747740 0.0151530
vn 0.0000000 -6.2523680 0.6210127
v -0.0640580 -0.4747740 0.0151530
vn -0.6180174 -6.1978350 0.5637318
v -0.1593000 -0.4730190 0.0335890
vn 0.0000000 -6.2572880 0.5692792
v -0.1402520 -0.4730190 0.0335890
vn 0.0000000 -6.2572880 0.5692791
v -0.1212030 -0.4730190 0.0335890
vn 0.0000000 -6.2572880 0.5692792
v -0.1021550 -0.4730190 0.0335890
vn 0.0000000 -6.2572880 0.5692791
v -0.0831060 -0.4730190 0.0335890
vn 0.0000000 -6.2572880 0.5692792
v -0.0640580 -0.4730190 0.0335890
vn -0.6198224 -6.2009029 0.5196102
v -0.1593000 -0.4714180 0.0520410
vn 0.0000000 -6.2612705 0.5239651
v -0.1402520 -0.4714180 0.0520410
vn 0.0000000 -6.2612710 0.5239651
v -0.1212030 -0.4714180 0.0520410
vn 0.0000000 -6.2612710 0.5239651
v -0.1021550 -0.4714180 0.0520410
vn 0.0000000 -6.2612705 0.5239651
v -0.0831060 -0.4714180 0.0520410
vn 0.0000000 -6.2612705 0.5239651
v -0.0640580 -0.4714180 0.0520410
vn -0.6180233 -6.2053957 0.4732472
v -0.1593000 -0.4699300 0.0705020
vn 0.0000000 -6.2648702 0.4786744
v -0.1402520 -0.4699300 0.0705020
vn 0.0000000 -6.2648702 0.4786743
v -0.1212030 -0.4699300 0.0705020
vn 0.0000000 -6.2648706 0.4786744
v -0.1021550 -0.4699300 0.0705020
vn 0.0000000 -6.2648706 0.4786744
v -0.0831060 -0.4699300 0.0705020
vn 0.0000000 -6.2648702 0.4786744
v -0.0640580 -0.4699300 0.0705020
vn -0.6191395 -6.2087288 0.4235553
v -0.1593000 -0.4685960 0.0889750
vn 0.0000000 -6.2686100 0.4269507
v -0.1402520 -0.4685960 0.0889750
vn 0.0000000 -6.2686105 0.4269508
v -0.1212030 -0.4685960 0.0889750
vn 0.0000000 -6.2686100 0.4269507
v -0.1021550 -0.4685960 0.0889750
vn 0.0000000 -6.2686105 0.4269508
v -0.0831060 -0.4685960 0.0889750
vn 0.0000000 -6.2686100 0.4269508
v -0.0640580 -0.4685960 0.0889750
vn -0.6195601 -6.2116199 0.3747532
v -0.1593000 -0.4674130 0.1074570
vn 0.0000000 -6.2717352 0.3784553
v -0.1402520 -0.4674130 0.1074570
vn 0.0000000 -6.2717352 0.3784553
v -0.1212030 -0.4674130 0.1074570
vn 0.0000000 -6.2717352 0.3784553
v -0.1021550 -0.4674130 0.1074570
vn 0.0000000 -6.2717352 0.3784553
v -0.0831060 -0.4674130 0.1074570
vn 0.0000000 -6.2717361 0.3784553
v -0.0640580 -0.4674130 0.1074570
vn -0.6215248 -6.2137194 0.3304750
v -0.1593000 -0.4663650 0.1259470
vn 0.0000000 -6.2743149 0.3329897
v -0.1402520 -0.4663650 0.1259470
vn 0.0000000 -6.2743154 0.3329897
v -0.1212030 -0.4663650 0.1259470
vn 0.0000000 -6.2743149 0.3329897
v -0.1021550 -0.4663650 0.1259470
vn 0.0000000 -6.2743149 0.3329896
v -0.0831060 -0.4663650 0.1259470
vn 0.0000000 -6.2743144 0.3329897
v -0.0640580 -0.4663650 0.1259470
vn -0.6221666 -6.2158413 0.2850509
v -0.1593000 -0.4654500 0.1444450
vn 0.0000000 -6.2765470 0.2878509
v -0.1402520 -0.4654500 0.1444450
vn 0.0000000 -6.2765474 0.2878509
v -0.1212030 -0.4654500 0.1444450
vn 0.0000000 -6.2765470 0.2878509
v -0.1021550 -0.4654500 0.1444450
vn 0.0000000 -6.2765474 0.2878509
v -0.0831060 -0.4654500 0.1444450
vn 0.0000000 -6.2765474 0.2878509
v -0.0640580 -0.4654500 0.1444450
vn -0.6196019 -6.2186050 0.2361658
v -0.1593000 -0.4646680 0.1629500
vn 0.0000000 -6.2785716 0.2393408
v -0.1402520 -0.4646680 0.1629500
vn 0.0000000 -6.2785711 0.2393408
v -0.1212030 -0.4646680 0.1629500
vn 0.0000000 -6.2785711 0.2393408
v -0.1021550 -0.4646680 0.1629500
vn 0.0000000 -6.2785716 0.2393408
v -0.0831060 -0.4646680 0.1629500
vn 0.0000000 -6.2785716 0.2393408
v -0.0640580 -0.4646680 0.1629500
vn -0.6186860 -6.2201943 0.1890120
v -0.1593000 -0.4640390 0.1814590
vn 0.0000000 -6.2802458 0.1908367
v -0.1402520 -0.4640390 0.1814590
vn 0.0000000 -6.2802453 0.1908367
v -0.1212030 -0.4640390 0.1814590
vn 0.0000000 -6.2802448 0.1908367
v -0.1021550 -0.4640390 0.1814590
vn 0.0000000 -6.2802458 0.1908367
v -0.0831060 -0.4640390 0.1814590
vn 0.0000000 -6.2802458 0.1908367
v -0.0640580 -0.4640390 0.1814590
vn -0.6184713 -6.2217169 0.1408712
v -0.1593000 -0.4635430 0.1999730
vn 0.0000000 -6.2815199 0.1423141
v -0.1402520 -0.4635430 0.1999730
vn 0.0000000 -6.2815199 0.1423141
v -0.1212030 -0.4635430 0.1999730
vn 0.0000000 -6.2815199 0.1423141
v -0.1021550 -0.4635430 0.1999730
vn 0.0000000 -6.2815199 0.1423141
v -0.0831060 -0.4635430 0.1999730
vn 0.0000000 -6.2815199 0.1423141
v -0.0640580 -0.4635430 0.1999730
vn -0.6206824 -6.2219610 0.0937036
v -0.1593000 -0.4632000 0.2184910
vn 0.0000000 -6.2824450 0.0938047
v -0.1402520 -0.4632000 0.2184910
vn 0.0000000 -6.2824450 0.0938047
v -0.1212030 -0.4632000 0.2184910
vn 0.0000000 -6.2824450 0.0938047
v -0.1021550 -0.4632000 0.2184910
vn 0.0000000 -6.2824450 0.0938047
v -0.0831060 -0.4632000 0.2184910
vn 0.0000000 -6.2824450 0.0938047
v -0.0640580 -0.4632000 0.2184910
vn -0.6208007 -6.2224731 0.0474885
v -0.1593000 -0.4629900 0.2370100
vn 0.0000000 -6.2829576 0.0485159
v -0.1402520 -0.4629900 0.2370100
vn 0.0000000 -6.2829576 0.0485159
v -0.1212030 -0.4629900 0.2370100
vn 0.0000000 -6.2829576 0.0485159
v -0.1021550 -0.4629900 0.2370100
vn 0.0000000 -6.2829571 0.0485159
v -0.0831060 -0.4629900 0.2370100
vn 0.0000000 -6.2829571 0.0485159
v -0.0640580 -0.4629900 0.2370100
vn -6.2235169 -0.6008570 0.1015639
v -0.2069690 -0.4498330 -0.1579540
vn -5.6979742 -2.3180666 0.3916746
v -0.2033580 -0.4677950 -0.1549300
vn -4.3715844 -4.2876768 0.7245340
v -0.1930710 -0.4830110 -0.1523630
vn -2.3770158 -5.6090527 0.9473602
v -0.1777210 -0.4931930 -0.1506470
vn -6.2234821 -0.6018298 0.0967399
v -0.2069690 -0.4467630 -0.1393230
vn -5.6979761 -2.3212211 0.3732647
v -0.2033580 -0.4647440 -0.1364340
vn -4.3709540 -4.2937894 0.6902501
v -0.1930730 -0.4799790 -0.1339840
vn -2.3755636 -5.6160245 0.9037021
v -0.1777210 -0.4901800 -0.1323460
vn -6.2233810 -0.6030719 0.0921115
v -0.2069690 -0.4438460 -0.1206690
vn -5.6978526 -2.3244498 0.3553791
v -0.2033560 -0.4618460 -0.1179160
vn -4.3700132 -4.2993312 0.6565435
v -0.1930730 -0.4771000 -0.1155820
vn -2.3743577 -5.6238632 0.8593923
v -0.1777230 -0.4873010 -0.1140220
vn -6.2233839 -0.6037250 0.0876329
v -0.2069690 -0.4410620 -0.1019930
vn -5.6979389 -2.3268914 0.3382927
v -0.2033560 -0.4590810 -0.0993760
vn -4.3710351 -4.3033047 0.6249397
v -0.1930730 -0.4743540 -0.0971590
vn -2.3737240 -5.6299911 0.8161597
v -0.1777230 -0.4845740 -0.0956750
vn -6.2232304 -0.6051386 0.0831908
v -0.2069690 -0.4384310 -0.0832970
vn -5.6983709 -2.3291459 0.3204641
v -0.2033560 -0.4564500 -0.0808160
vn -4.3720117 -4.3072243 0.5921852
v -0.1930750 -0.4717420 -0.0787150
vn -2.3747954 -5.6351862 0.7743445
v -0.1777250 -0.4819810 -0.0773100
vn -6.2233915 -0.6049378 0.0785170
v -0.2069690 -0.4359140 -0.0645800
vn -5.6985207 -2.3314738 0.3020648
v -0.2033540 -0.4539710 -0.0622370
vn -4.3708305 -4.3119831 0.5590547
v -0.1930750 -0.4692820 -0.0602520
vn -2.3757117 -5.6408429 0.7335050
v -0.1777250 -0.4795210 -0.0589250
vn -6.2232876 -0.6060448 0.0739550
v -0.2069690 -0.4335690 -0.0458440
vn -5.6974635 -2.3348489 0.2846227
v -0.2033540 -0.4516450 -0.0436400
vn -4.3698869 -4.3170643 0.5268629
v -0.1930750 -0.4669560 -0.0417710
vn -2.3743889 -5.6473646 0.6898084
v -0.1777270 -0.4771950 -0.0405210
vn -6.2234235 -0.6059059 0.0692562
v -0.2069690 -0.4313380 -0.0270930
vn -5.6983700 -2.3359082 0.2669134
v -0.2033540 -0.4494330 -0.0250240
vn -4.3709106 -4.3205070 0.4943099
v -0.1930750 -0.4647630 -0.0232720
vn -2.3748999 -5.6519046 0.6457565
v -0.1777270 -0.4750210 -0.0220990
vn -6.2233267 -0.6068959 0.0647731
v -0.2069690 -0.4292780 -0.0083250
vn -5.6972842 -2.3389511 0.2489689
v -0.2033540 -0.4473930 -0.0063930
vn -4.3697872 -4.3249879 0.4599533
v -0.1930770 -0.4627230 -0.0047590
vn -2.3757761 -5.6569700 0.6027213
v -0.1777290 -0.4729810 -0.0036630
vn -6.2233915 -0.6070402 0.0601690
v -0.2069690 -0.4273330 0.0104590
vn -5.6983833 -2.3395030 0.2320910
v -0.2033520 -0.4454670 0.0122510
vn -4.3712835 -4.3273458 0.4278080
v -0.1930770 -0.4608160 0.0137710
vn -2.3734646 -5.6612635 0.5589312
v -0.1777290 -0.4710940 0.0147870
vn -6.2232223 -0.6083457 0.0554539
v -0.2069690 -0.4255600 0.0292550
vn -5.6982250 -2.3415215 0.2142056
v -0.2033520 -0.4436930 0.0309120
vn -4.3707442 -4.3298349 0.3958709
v -0.1930770 -0.4590620 0.0323140
vn -2.3735759 -5.6653814 0.5165057
v -0.1777310 -0.4693390 0.0332540
vn -6.2233567 -0.6080607 0.0509289
v -0.2069690 -0.4239010 0.0480660
vn -5.6981902 -2.3432276 0.1959206
v -0.2033520 -0.4420540 0.0495850
vn -4.3724999 -4.3326187 0.3626121
v -0.1930770 -0.4574220 0.0508700
vn -2.3758850 -5.6684070 0.4750000
v -0.1777310 -0.4677190 0.0517300
vn -6.2231827 -0.6093130 0.0462795
v -0.2069690 -0.4224140 0.0668880
vn -5.6982818 -2.3444562 0.1785443
v -0.2033520 -0.4405660 0.0682690
vn -4.3708801 -4.3352613 0.3296320
v -0.1930780 -0.4559540 0.0694380
vn -2.3731399 -5.6719966 0.4316130
v -0.1777310 -0.4662500 0.0702210
vn -6.2232742 -0.6091706 0.0418497
v -0.2069690 -0.4210410 0.0857220
vn -5.6982112 -2.3461733 0.1607329
v -0.2033500 -0.4392130 0.0869650
vn -4.3716636 -4.3376617 0.2975778
v -0.1930780 -0.4546000 0.0880170
vn -2.3753784 -5.6757541 0.3887280
v -0.1777330 -0.4648970 0.0887220
vn -6.2233033 -0.6093333 0.0370497
v -0.2069690 -0.4198210 0.1045650
vn -5.6978884 -2.3475113 0.1421994
v -0.2033500 -0.4380110 0.1056700
vn -4.3718219 -4.3400455 0.2631967
v -0.1930780 -0.4533990 0.1066050
vn -2.3760452 -5.6771083 0.3446023
v -0.1777330 -0.4637140 0.1072320
vn -6.2232494 -0.6098789 0.0322785
v -0.2069690 -0.4187530 0.1234160
vn -5.6982951 -2.3480983 0.1248946
v -0.2033500 -0.4369430 0.1243840
vn -4.3700271 -4.3422523 0.2312628
v -0.1930780 -0.4523500 0.1252020
vn -2.3771539 -5.6804843 0.3032247
v -0.1777350 -0.4626470 0.1257500
vn -6.2233181 -0.6097479 0.0278637
v -0.2069690 -0.4178190 0.1422760
vn -5.6973205 -2.3500996 0.1064304
v -0.2033500 -0.4360280 0.1431050
vn -4.3715239 -4.3443699 0.1973583
v -0.1930780 -0.4514160 0.1438060
vn -2.3768466 -5.6825590 0.2585560
v -0.1777350 -0.4617310 0.1442760
vn -6.2231989 -0.6105492 0.0231746
v -0.2069690 -0.4170370 0.1611420
vn -5.6980667 -2.3500152 0.0899741
v -0.2033480 -0.4352460 0.1618330
vn -4.3711033 -4.3448124 0.1643839
v -0.1930800 -0.4506530 0.1624170
vn -2.3742123 -5.6844554 0.2132396
v -0.1777370 -0.4609690 0.1628090
vn -6.2232065 -0.6106675 0.0185380
v -0.2069690 -0.4163890 0.1800130
vn -5.6980524 -2.3508863 0.0718065
v -0.2033480 -0.4345980 0.1805660
vn -4.3733068 -4.3448319 0.1333783
v -0.1930800 -0.4500050 0.1810330
vn -2.3753934 -5.6850786 0.1729856
v -0.1777370 -0.4603390 0.1813470
vn -6.2231627 -0.6110133 0.0138343
v -0.2069690 -0.4158930 0.1988880
vn -5.6979036 -2.3516369 0.0528995
v -0.2033480 -0.4341020 0.1993030
vn -4.3725500 -4.3464293 0.0985876
v -0.1930800 -0.4495090 0.1996540
vn -2.3764095 -5.6856871 0.1306163
v -0.1777390 -0.4598440 0.1998890
vn -6.2232265 -0.6107774 0.0092648
v -0.2069690 -0.4155310 0.2177670
vn -5.6977119 -2.3521733 0.0350888
v -0.2033460 -0.4337590 0.2180440
vn -4.3702765 -4.3483458 0.0645450
v -0.1930800 -0.4491660 0.2182780
vn -2.3770747 -5.6876745 0.0869462
v -0.1777390 -0.4594810 0.2184350
vn -6.2231836 -0.6110460 0.0046235
v -0.2069690 -0.4153210 0.2366480
vn -5.6974344 -2.3527153 0.0185211
v -0.2033460 -0.4335490 0.2367870
vn -4.3707852 -4.3482471 0.0332691
v -0.1930800 -0.4489560 0.2369040
vn -2.3764591 -5.6882849 0.0424726
v -0.1777400 -0.4592720 0.2369820
vn -6.2794042 -0.1540843 0.0014495
v -0.2069690 -0.2942420 0.2357330
vn -6.2793941 -0.1542853 0.0023015
v -0.2069690 -0.2944700 0.2159380
vn -6.2793903 -0.1543266 0.0034894
v -0.2069690 -0.2948330 0.1961440
vn -6.2793965 -0.1541692 0.0046703
v -0.2069690 -0.2953670 0.1763540
vn -6.2793880 -0.1543086 0.0059036
v -0.2069690 -0.2960340 0.1565680
vn -6.2793927 -0.1541549 0.0070454
v -0.2069690 -0.2968730 0.1367880
vn -6.2793937 -0.1540907 0.0081575
v -0.2069690 -0.2978450 0.1170150
vn -6.2793913 -0.1540716 0.0093891
v -0.2069690 -0.2989700 0.0972500
vn -6.2793932 -0.1539557 0.0105344
v -0.2069690 -0.3002480 0.0774940
vn -6.2793994 -0.1537430 0.0116330
v -0.2069690 -0.3016780 0.0577480
vn -6.2793875 -0.1538881 0.0129219
v -0.2069690 -0.3032410 0.0380130
vn -6.2793941 -0.1536562 0.0140155
v -0.2069690 -0.3049770 0.0182920
vn -6.2793913 -0.1536016 0.0151702
v -0.2069690 -0.3068450 -0.0014170
vn -6.2793899 -0.1535102 0.0163512
v -0.2069690 -0.3088660 -0.0211100
vn -6.2793875 -0.1534380 0.0175487
v -0.2069690 -0.3110400 -0.0408220
vn -6.2793918 -0.1532043 0.0186973
v -0.2069690 -0.3133660 -0.0604820
vn -6.2793961 -0.1529765 0.0198329
v -0.2069690 -0.3158450 -0.0801240
vn -6.2793846 -0.1530278 0.0210903
v -0.2069690 -0.3184570 -0.0997480
vn -6.2793941 -0.1526890 0.0221779
v -0.2069690 -0.3212410 -0.1193500
vn -6.2793980 -0.1524597 0.0232386
v -0.2069690 -0.3241590 -0.1389300
vn -6.2793884 -0.1524619 0.0244979
v -0.2069690 -0.3272090 -0.1584900
vn -6.2793922 -0.1521913 0.0256723
v -0.2069690 -0.3304320 -0.1780230
vn -6.2831850 0.0000000 0.0000000
v -0.2069690 -0.3144150 0.2358840
vn -6.2831850 0.0000000 0.0000000
v -0.2069690 -0.3146440 0.2162390
vn -6.2831855 0.0000000 0.0000000
v -0.2069690 -0.3150060 0.1965960
vn -6.2831850 0.0000000 0.0000000
v -0.2069690 -0.3155400 0.1769560
vn -6.2831855 0.0000000 0.0000000
v -0.2069690 -0.3162070 0.1573210
vn -6.2831855 0.0000000 0.0000000
v -0.2069690 -0.3170270 0.1376910
vn -6.2831855 0.0000000 0.0000000
v -0.2069690 -0.3180000 0.1180690
vn -6.2831850 0.0000000 0.0000000
v -0.2069690 -0.3191060 0.0984540
vn -6.2831855 0.0000000 0.0000000
v -0.2069690 -0.3203830 0.0788480
vn -6.2831850 0.0000000 0.0000000
v -0.2069690 -0.3217940 0.0592530
vn -6.2831850 0.0000000 0.0000000
v -0.2069690 -0.3233580 0.0396680
vn -6.2831855 0.0000000 0.0000000
v -0.2069690 -0.3250740 0.0200900
vn -6.2831855 0.0000000 0.0000000
v -0.2069690 -0.3269230 0.0005220
vn -6.2831855 0.0000000 0.0000000
v -0.2069690 -0.3289450 -0.0190330
vn -6.2831850 0.0000000 0.0000000
v -0.2069690 -0.3310990 -0.0385910
vn -6.2831855 0.0000000 0.0000000
v -0.2069690 -0.3334060 -0.0581010
vn -6.2831850 0.0000000 0.0000000
v -0.2069690 -0.3358660 -0.0775940
vn -6.2831855 0.0000000 0.0000000
v -0.2069690 -0.3384590 -0.0970670
vn -6.2831855 0.0000000 0.0000000
v -0.2069690 -0.3412240 -0.1165200
vn -6.2831855 0.0000000 0.0000000
v -0.2069690 -0.3441030 -0.1359520
vn -6.2831850 0.0000000 0.0000000
v -0.2069690 -0.3471540 -0.1553630
vn -6.2831850 0.0000000 0.0000000
v -0.2069690 -0.3503380 -0.1747470
vn -6.2831855 0.0000000 0.0000000
v -0.2069690 -0.3346080 0.2360340
vn -6.2831850 0.0000000 0.0000000
v -0.2069690 -0.3348170 0.2165390
vn -6.2831855 0.0000000 0.0000000
v -0.2069690 -0.3351990 0.1970460
vn -6.2831860 0.0000000 0.0000000
v -0.2069690 -0.3357140 0.1775570
vn -6.2831860 0.0000000 0.0000000
v -0.2069690 -0.3363810 0.1580720
vn -6.2831850 0.0000000 0.0000000
v -0.2069690 -0.3371820 0.1385930
vn -6.2831850 0.0000000 0.0000000
v -0.2069690 -0.3381540 0.1191200
vn -6.2831855 0.0000000 0.0000000
v -0.2069690 -0.3392600 0.0996550
vn -6.2831850 0.0000000 0.0000000
v -0.2069690 -0.3405190 0.0802000
vn -6.2831855 0.0000000 0.0000000
v -0.2069690 -0.3419110 0.0607530
vn -6.2831855 0.0000000 0.0000000
v -0.2069690 -0.3434740 0.0413190
vn -6.2831850 0.0000000 0.0000000
v -0.2069690 -0.3451710 0.0218840
vn -6.2831855 0.0000000 0.0000000
v -0.2069690 -0.3470210 0.0024580
vn -6.2831855 0.0000000 0.0000000
v -0.2069690 -0.3490230 -0.0169530
vn -6.2831850 0.0000000 0.0000000
v -0.2069690 -0.3511580 -0.0363540
vn -6.2831850 0.0000000 0.0000000
v -0.2069690 -0.3534460 -0.0557170
vn -6.2831855 0.0000000 0.0000000
v -0.2069690 -0.3558870 -0.0750600
vn -6.2831850 0.0000000 0.0000000
v -0.2069690 -0.3584610 -0.0943850
vn -6.2831850 0.0000000 0.0000000
v -0.2069690 -0.3611880 -0.1136890
vn -6.2831850 0.0000000 0.0000000
v -0.2069690 -0.3640670 -0.1329720
vn -6.2831855 0.0000000 0.0000000
v -0.2069690 -0.3670990 -0.1522340
vn -6.2831860 0.0000000 0.0000000
v -0.2069690 -0.3702640 -0.1714710
vn -6.2831850 0.0000000 0.0000000
v -0.2069690 -0.3547810 0.2361840
vn -6.2831855 0.0000000 0.0000000
v -0.2069690 -0.3549910 0.2168390
vn -6.2831850 0.0000000 0.0000000
v -0.2069690 -0.3553720 0.1974960
vn -6.2831855 0.0000000 0.0000000
v -0.2069690 -0.3558680 0.1781570
vn -6.2831850 0.0000000 0.0000000
v -0.2069690 -0.3565350 0.1588220
vn -6.2831850 0.0000000 0.0000000
v -0.2069690 -0.3573360 0.1394920
vn -6.2831850 0.0000000 0.0000000
v -0.2069690 -0.3583090 0.1201700
vn -6.2831850 0.0000000 0.0000000
v -0.2069690 -0.3593960 0.1008550
vn -6.2831855 0.0000000 0.0000000
v -0.2069690 -0.3606540 0.0815490
vn -6.2831855 0.0000000 0.0000000
v -0.2069690 -0.3620460 0.0622520
vn -6.2831855 0.0000000 0.0000000
v -0.2069690 -0.3635900 0.0429670
vn -6.2831855 0.0000000 0.0000000
v -0.2069690 -0.3652680 0.0236740
vn -6.2831855 0.0000000 0.0000000
v -0.2069690 -0.3670990 0.0043950
vn -6.2831860 0.0000000 0.0000000
v -0.2069690 -0.3690820 -0.0148690
vn -6.2831855 0.0000000 0.0000000
v -0.2069690 -0.3712170 -0.0341160
vn -6.2831855 0.0000000 0.0000000
v -0.2069690 -0.3734870 -0.0533280
vn -6.2831850 0.0000000 0.0000000
v -0.2069690 -0.3759080 -0.0725240
vn -6.2831850 0.0000000 0.0000000
v -0.2069690 -0.3784630 -0.0917000
vn -6.2831855 0.0000000 0.0000000
v -0.2069690 -0.3811710 -0.1108550
vn -6.2831855 0.0000000 0.0000000
v -0.2069690 -0.3840310 -0.1299900
vn -6.2831855 0.0000000 0.0000000
v -0.2069690 -0.3870250 -0.1491030
vn -6.2831855 0.0000000 0.0000000
v -0.2069690 -0.3901710 -0.1681910
vn -6.2831850 0.0000000 0.0000000
v -0.2069690 -0.3749550 0.2363340
vn -6.2831860 0.0000000 0.0000000
v -0.2069690 -0.3751840 0.2171390
vn -6.2831850 0.0000000 0.0000000
v -0.2069690 -0.3755460 0.1979450
vn -6.2831850 0.0000000 0.0000000
v -0.2069690 -0.3760420 0.1787560
vn -6.2831855 0.0000000 0.0000000
v -0.2069690 -0.3767090 0.1595700
vn -6.2831850 0.0000000 0.0000000
v -0.2069690 -0.3775100 0.1403910
vn -6.2831850 0.0000000 0.0000000
v -0.2069690 -0.3784440 0.1212170
vn -6.2831855 0.0000000 0.0000000
v -0.2069690 -0.3795500 0.1020520
vn -6.2831855 0.0000000 0.0000000
v -0.2069690 -0.3807890 0.0828950
vn -6.2831855 0.0000000 0.0000000
v -0.2069690 -0.3821620 0.0637490
vn -6.2831855 0.0000000 0.0000000
v -0.2069690 -0.3836880 0.0446120
vn -6.2831855 0.0000000 0.0000000
v -0.2069690 -0.3853660 0.0254590
vn -6.2831850 0.0000000 0.0000000
v -0.2069690 -0.3871960 0.0063300
vn -6.2831860 0.0000000 0.0000000
v -0.2069690 -0.3891600 -0.0127830
vn -6.2831855 0.0000000 0.0000000
v -0.2069690 -0.3912770 -0.0318750
vn -6.2831855 0.0000000 0.0000000
v -0.2069690 -0.3935270 -0.0509390
vn -6.2831855 0.0000000 0.0000000
v -0.2069690 -0.3959290 -0.0699860
vn -6.2831855 0.0000000 0.0000000
v -0.2069690 -0.3984650 -0.0890110
vn -6.2831850 0.0000000 0.0000000
v -0.2069690 -0.4011540 -0.1080200
vn -6.2831855 0.0000000 0.0000000
v -0.2069690 -0.4039950 -0.1270050
vn -6.2831850 0.0000000 0.0000000
v -0.2069690 -0.4069690 -0.1459700
vn -6.2831850 0.0000000 0.0000000
v -0.2069690 -0.4100770 -0.1649120
vn -6.2831860 0.0000000 0.0000000
v -0.2069690 -0.3951470 0.2364840
vn -6.2831845 0.0000000 0.0000000
v -0.2069690 -0.3953570 0.2174380
vn -6.2831855 0.0000000 0.0000000
v -0.2069690 -0.3957190 0.1983940
vn -6.2831855 0.0000000 0.0000000
v -0.2069690 -0.3962150 0.1793530
vn -6.2831850 0.0000000 0.0000000
v -0.2069690 -0.3968630 0.1603170
vn -6.2831855 0.0000000 0.0000000
v -0.2069690 -0.3976640 0.1412870
vn -6.2831850 0.0000000 0.0000000
v -0.2069690 -0.3985990 0.1222630
vn -6.2831855 0.0000000 0.0000000
v -0.2069690 -0.3996850 0.1032470
vn -6.2831850 0.0000000 0.0000000
v -0.2069690 -0.4009250 0.0842390
vn -6.2831850 0.0000000 0.0000000
v -0.2069690 -0.4022980 0.0652410
vn -6.2831855 0.0000000 0.0000000
v -0.2069690 -0.4038040 0.0462540
vn -6.2831850 0.0000000 0.0000000
v -0.2069690 -0.4054820 0.0272380
vn -6.2831860 0.0000000 0.0000000
v -0.2069690 -0.4072740 0.0082660
vn -6.2831855 0.0000000 0.0000000
v -0.2069690 -0.4092380 -0.0106910
vn -6.2831855 0.0000000 0.0000000
v -0.2069690 -0.4113170 -0.0296290
vn -6.2831850 0.0000000 0.0000000
v -0.2069690 -0.4135670 -0.0485460
vn -6.2831855 0.0000000 0.0000000
v -0.2069690 -0.4159500 -0.0674440
vn -6.2831855 0.0000000 0.0000000
v -0.2069690 -0.4184670 -0.0863230
vn -6.2831855 0.0000000 0.0000000
v -0.2069690 -0.4211360 -0.1051830
vn -6.2831855 0.0000000 0.0000000
v -0.2069690 -0.4239390 -0.1240210
vn -6.2831855 0.0000000 0.0000000
v -0.2069690 -0.4268950 -0.1428370
vn -6.2831860 0.0000000 0.0000000
v -0.2069690 -0.4300030 -0.1616300
vn -0.1523881 -6.2788081 0.0465300
v -0.3976450 -0.1035660 0.2342830
vn -0.1551181 -6.2783217 0.0951456
v -0.3976450 -0.1038140 0.2130360
vn -0.1541756 -6.2773294 0.1441099
v -0.3976450 -0.1042140 0.1917920
vn -0.1559974 -6.2761545 0.1902460
v -0.3976450 -0.1047860 0.1705510
vn -0.1564628 -6.2745714 0.2368419
v -0.3976450 -0.1055110 0.1493160
vn -0.1529566 -6.2725039 0.2849664
v -0.3976450 -0.1063880 0.1280860
vn -0.1541763 -6.2701721 0.3323658
v -0.3976450 -0.1074360 0.1068640
vn -0.1557472 -6.2673721 0.3793538
v -0.3976450 -0.1086380 0.0856500
vn -0.1535125 -6.2641697 0.4305878
v -0.3976450 -0.1100100 0.0644470
vn -0.1546680 -6.2610083 0.4758779
v -0.3976450 -0.1115550 0.0432530
vn -0.1535311 -6.2572536 0.5215269
v -0.3976450 -0.1132330 0.0220730
vn -0.1534999 -6.2528534 0.5716848
v -0.3976450 -0.1150820 0.0009060
vn -0.1543255 -6.2482672 0.6204476
v -0.3976450 -0.1171040 -0.0202460
vn -0.1528901 -6.2436476 0.6651246
v -0.3976450 -0.1192770 -0.0413820
vn -0.1538185 -6.2384067 0.7121900
v -0.3976450 -0.1216040 -0.0625040
vn -0.1564995 -6.2325735 0.7618737
v -0.3976450 -0.1241010 -0.0836040
vn -0.1542489 -6.2268257 0.8074149
v -0.3976450 -0.1267520 -0.1046850
vn -0.1553476 -6.2204237 0.8565888
v -0.3976450 -0.1295740 -0.1257470
vn -0.1565315 -6.2138281 0.9028031
v -0.3976450 -0.1325480 -0.1467860
vn -0.1579430 -6.2068539 0.9486095
v -0.3976450 -0.1356750 -0.1678010
vn -0.1552327 -6.1992426 0.9982341
v -0.3976450 -0.1389740 -0.1887920
vn -0.1554163 -6.1918316 1.0430748
v -0.3976450 -0.1424250 -0.2097590
vn -0.6144903 -6.2444077 0.0476716
v -0.3789560 -0.1044810 0.2342900
vn -0.6144575 -6.2439680 0.0953059
v -0.3789560 -0.1047290 0.2130500
vn -0.6146556 -6.2429285 0.1428945
v -0.3789560 -0.1051290 0.1918130
vn -0.6148025 -6.2417316 0.1906735
v -0.3789560 -0.1057010 0.1705790
vn -0.6149609 -6.2401862 0.2355143
v -0.3789560 -0.1064260 0.1493510
vn -0.6151015 -6.2380867 0.2830982
v -0.3789560 -0.1073030 0.1281280
vn -0.6146591 -6.2357249 0.3328086
v -0.3789560 -0.1083520 0.1069130
vn -0.6157208 -6.2334018 0.3784077
v -0.3789560 -0.1095720 0.0857060
vn -0.6159211 -6.2298489 0.4260269
v -0.3789560 -0.1109260 0.0645090
vn -0.6139480 -6.2268577 0.4744689
v -0.3789560 -0.1124700 0.0433230
vn -0.6166055 -6.2227421 0.5186036
v -0.3789560 -0.1141480 0.0221490
vn -0.6163146 -6.2184768 0.5683027
v -0.3789560 -0.1159980 0.0009900
vn -0.6143661 -6.2142506 0.6167071
v -0.3789560 -0.1180190 -0.0201560
vn -0.6147984 -6.2096019 0.6615184
v -0.3789560 -0.1201930 -0.0412850
vn -0.6152387 -6.2041707 0.7091812
v -0.3789560 -0.1225190 -0.0623990
vn -0.6159018 -6.1985669 0.7568107
v -0.3789560 -0.1250170 -0.0834930
vn -0.6164942 -6.1928291 0.8017073
v -0.3789560 -0.1276670 -0.1045670
vn -0.6146034 -6.1863165 0.8501130
v -0.3789560 -0.1304700 -0.1256210
vn -0.6138139 -6.1794796 0.8990050
v -0.3789560 -0.1334450 -0.1466530
vn -0.6146166 -6.1731405 0.9438604
v -0.3789560 -0.1365910 -0.1676610
vn -0.6135486 -6.1656427 0.9902642
v -0.3789560 -0.1398700 -0.1886470
vn -0.6124948 -6.1581097 1.0372478
v -0.3789560 -0.1433220 -0.2096060
vn -1.2250350 -6.1538296 0.0463444
v -0.3604460 -0.1072270 0.2343100
vn -1.2228709 -6.1539092 0.0939881
v -0.3604460 -0.1074740 0.2130920
vn -1.2229767 -6.1529083 0.1410826
v -0.3604460 -0.1078750 0.1918750
vn -1.2232859 -6.1516805 0.1881111
v -0.3604460 -0.1084470 0.1706630
vn -1.2235942 -6.1501069 0.2323443
v -0.3604460 -0.1091720 0.1494550
vn -1.2239343 -6.1479869 0.2791818
v -0.3604460 -0.1100490 0.1282530
vn -1.2242792 -6.1456695 0.3263555
v -0.3604460 -0.1110970 0.1070590
vn -1.2224883 -6.1430936 0.3740481
v -0.3604460 -0.1122990 0.0858730
vn -1.2247686 -6.1398525 0.4195221
v -0.3604460 -0.1136710 0.0646960
vn -1.2229646 -6.1366172 0.4674119
v -0.3604460 -0.1151970 0.0435310
vn -1.2231339 -6.1331997 0.5135403
v -0.3604460 -0.1168940 0.0223800
vn -1.2244959 -6.1289873 0.5586827
v -0.3604460 -0.1187430 0.0012390
vn -1.2229897 -6.1245403 0.6063487
v -0.3604460 -0.1207460 -0.0198860
vn -1.2231488 -6.1197829 0.6525866
v -0.3604460 -0.1229190 -0.0409950
vn -1.2234824 -6.1145310 0.6988248
v -0.3604460 -0.1252450 -0.0620860
vn -1.2221268 -6.1093440 0.7467774
v -0.3604460 -0.1277430 -0.0831600
vn -1.2233543 -6.1035266 0.7909845
v -0.3604460 -0.1303940 -0.1042140
vn -1.2245185 -6.0969300 0.8378106
v -0.3604460 -0.1331970 -0.1252470
vn -1.2256601 -6.0901332 0.8847790
v -0.3604460 -0.1361710 -0.1462580
vn -1.2245288 -6.0834794 0.9299034
v -0.3604460 -0.1392980 -0.1672480
vn -1.2245966 -6.0762453 0.9753521
v -0.3604460 -0.1425780 -0.1882110
vn -1.2233045 -6.0690479 1.0222492
v -0.3604460 -0.1460290 -0.2091510
vn -1.8219373 -6.0045719 0.0441202
v -0.3422950 -0.1117840 0.2343450
vn -1.8219900 -6.0037007 0.0898538
v -0.3422950 -0.1120130 0.2131610
vn -1.8214540 -6.0029016 0.1378021
v -0.3422950 -0.1124130 0.1919790
vn -1.8211514 -6.0019121 0.1831173
v -0.3422950 -0.1129850 0.1708000
vn -1.8200625 -6.0007977 0.2277930
v -0.3422950 -0.1137100 0.1496270
vn -1.8220971 -5.9981418 0.2721464
v -0.3422950 -0.1145870 0.1284600
vn -1.8206720 -5.9964719 0.3188766
v -0.3422950 -0.1156350 0.1073000
vn -1.8212281 -5.9935865 0.3649574
v -0.3422950 -0.1168370 0.0861490
vn -1.8222222 -5.9904222 0.4106753
v -0.3422950 -0.1182100 0.0650070
vn -1.8230457 -5.9870267 0.4539644
v -0.3422950 -0.1197350 0.0438760
vn -1.8210028 -5.9837847 0.4999569
v -0.3422950 -0.1214130 0.0227570
vn -1.8193750 -5.9804192 0.5459620
v -0.3422950 -0.1232620 0.0016530
vn -1.8204538 -5.9756269 0.5919085
v -0.3422950 -0.1252650 -0.0194380
vn -1.8218604 -5.9705448 0.6377313
v -0.3422950 -0.1274380 -0.0405130
vn -1.8232793 -5.9653535 0.6809575
v -0.3422950 -0.1297650 -0.0615690
vn -1.8217385 -5.9601674 0.7269079
v -0.3422950 -0.1322430 -0.0826100
vn -1.8203621 -5.9549685 0.7730262
v -0.3422950 -0.1348940 -0.1036290
vn -1.8213161 -5.9485869 0.8180254
v -0.3422950 -0.1376970 -0.1246280
vn -1.8202877 -5.9426303 0.8640165
v -0.3422950 -0.1406710 -0.1456060
vn -1.8199942 -5.9362488 0.9081473
v -0.3422950 -0.1437980 -0.1665590
vn -1.8219391 -5.9288664 0.9513190
v -0.3422950 -0.1470780 -0.1874900
vn -1.8205724 -5.9220843 0.9945957
v -0.3422950 -0.1505100 -0.2083940
vn -2.4004049 -5.7972031 0.0438314
v -0.3246770 -0.1180760 0.2343930
vn -2.4021668 -5.7962584 0.0875090
v -0.3246770 -0.1183240 0.2132560
vn -2.4011512 -5.7958550 0.1333205
v -0.3246770 -0.1187240 0.1921220
vn -2.4022639 -5.7944112 0.1759219
v -0.3246770 -0.1192960 0.1709920
vn -2.4017167 -5.7926426 0.2197304
v -0.3246770 -0.1200020 0.1498660
vn -2.4020743 -5.7911658 0.2634262
v -0.3246770 -0.1208980 0.1287470
vn -2.4013009 -5.7890825 0.3066530
v -0.3246770 -0.1219280 0.1076350
vn -2.4008424 -5.7866502 0.3523687
v -0.3246770 -0.1231290 0.0865310
vn -2.3999066 -5.7843246 0.3975296
v -0.3246770 -0.1245020 0.0654370
vn -2.4011018 -5.7807937 0.4392499
v -0.3246770 -0.1260270 0.0443550
vn -2.4022331 -5.7769761 0.4812148
v -0.3246770 -0.1277050 0.0232830
vn -2.4014459 -5.7731423 0.5263441
v -0.3246770 -0.1295360 0.0022250
vn -2.4015737 -5.7687178 0.5720341
v -0.3246770 -0.1315380 -0.0188180
vn -2.4007101 -5.7647591 0.6164482
v -0.3246770 -0.1337120 -0.0398440
vn -2.4003038 -5.7603078 0.6590805
v -0.3246770 -0.1360380 -0.0608540
vn -2.4021976 -5.7545934 0.7007601
v -0.3246770 -0.1385170 -0.0818460
vn -2.4018006 -5.7488289 0.7459577
v -0.3246770 -0.1411480 -0.1028180
vn -2.4026113 -5.7428346 0.7889214
v -0.3246770 -0.1439510 -0.1237700
vn -2.4006350 -5.7375178 0.8322482
v -0.3246770 -0.1469060 -0.1447000
vn -2.3999865 -5.7308578 0.8768253
v -0.3246770 -0.1500140 -0.1656080
vn -2.4011772 -5.7237144 0.9198008
v -0.3246770 -0.1532940 -0.1864890
vn -2.4018238 -5.7166958 0.9618032
v -0.3246770 -0.1567260 -0.2073470
vn -2.9573150 -5.5342560 0.0423749
v -0.3077610 -0.1260840 0.2344540
vn -2.9583719 -5.5333900 0.0833780
v -0.3077610 -0.1263320 0.2133780
vn -2.9578314 -5.5323920 0.1252692
v -0.3077610 -0.1267140 0.1923040
vn -2.9560769 -5.5324068 0.1701967
v -0.3077610 -0.1272860 0.1712350
vn -2.9585700 -5.5298343 0.2095464
v -0.3077610 -0.1280100 0.1501700
vn -2.9578550 -5.5283914 0.2510742
v -0.3077610 -0.1288870 0.1291110
vn -2.9580314 -5.5260987 0.2929155
v -0.3077610 -0.1299170 0.1080590
vn -2.9590907 -5.5232010 0.3354234
v -0.3077610 -0.1311180 0.0870160
vn -2.9575877 -5.5210476 0.3781658
v -0.3077610 -0.1324720 0.0659830
vn -2.9566176 -5.5186911 0.4205485
v -0.3077610 -0.1339980 0.0449610
vn -2.9579179 -5.5147667 0.4606135
v -0.3077610 -0.1356750 0.0239510
vn -2.9588025 -5.5105677 0.5025459
v -0.3077610 -0.1375060 0.0029540
vn -2.9587202 -5.5067072 0.5457419
v -0.3077610 -0.1395080 -0.0180280
vn -2.9584842 -5.5025105 0.5864787
v -0.3077610 -0.1416630 -0.0389950
vn -2.9571555 -5.4983487 0.6284047
v -0.3077610 -0.1439700 -0.0599450
vn -2.9563260 -5.4940519 0.6703398
v -0.3077610 -0.1464490 -0.0808770
vn -2.9560766 -5.4888716 0.7128899
v -0.3077610 -0.1490800 -0.1017890
vn -2.9567137 -5.4833908 0.7536137
v -0.3077610 -0.1518830 -0.1226810
vn -2.9569895 -5.4771576 0.7943048
v -0.3077610 -0.1548190 -0.1435500
vn -2.9584215 -5.4698658 0.8379197
v -0.3077610 -0.1579270 -0.1643970
vn -2.9594176 -5.4632368 0.8786167
v -0.3077610 -0.1612070 -0.1852210
vn -2.9594932 -5.4564147 0.9182296
v -0.3077610 -0.1646200 -0.2060180
vn -3.4852891 -5.2177095 0.0386284
v -0.2917110 -0.1356950 0.2345260
vn -3.4837320 -5.2184901 0.0805327
v -0.2917110 -0.1359420 0.2135240
vn -3.4857826 -5.2165489 0.1178679
v -0.2917110 -0.1363430 0.1925230
vn -3.4849424 -5.2158165 0.1593457
v -0.2917110 -0.1368960 0.1715270
vn -3.4851832 -5.2143402 0.1988959
v -0.2917110 -0.1376200 0.1505350
vn -3.4859412 -5.2122402 0.2368857
v -0.2917110 -0.1384970 0.1295490
vn -3.4862823 -5.2099991 0.2765064
v -0.2917110 -0.1395270 0.1085700
vn -3.4858170 -5.2081861 0.3173927
v -0.2917110 -0.1407280 0.0876000
vn -3.4869609 -5.2049670 0.3553188
v -0.2917110 -0.1420820 0.0666400
vn -3.4858496 -5.2026253 0.3955811
v -0.2917110 -0.1435890 0.0456900
vn -3.4853024 -5.1999288 0.4357620
v -0.2917110 -0.1452660 0.0247520
vn -3.4868028 -5.1956134 0.4737298
v -0.2917110 -0.1470970 0.0038290
vn -3.4861574 -5.1920114 0.5140244
v -0.2917110 -0.1490800 -0.0170810
vn -3.4855182 -5.1885743 0.5536751
v -0.2917110 -0.1512350 -0.0379750
vn -3.4859350 -5.1841493 0.5921502
v -0.2917110 -0.1535420 -0.0588520
vn -3.4862571 -5.1792536 0.6306738
v -0.2917110 -0.1560020 -0.0797120
vn -3.4860940 -5.1740298 0.6708787
v -0.2917110 -0.1586140 -0.1005510
vn -3.4857593 -5.1689186 0.7105306
v -0.2917110 -0.1613980 -0.1213710
vn -3.4856126 -5.1634226 0.7501397
v -0.2917110 -0.1643340 -0.1421680
vn -3.4863122 -5.1571827 0.7904366
v -0.2917110 -0.1674420 -0.1629420
vn -3.4853158 -5.1518064 0.8290786
v -0.2917110 -0.1707030 -0.1836930
vn -3.4849660 -5.1463923 0.8645714
v -0.2917110 -0.1741160 -0.2044180
vn -3.9811077 -4.8503623 0.0366872
v -0.2766810 -0.1468490 0.2346110
vn -3.9812417 -4.8495188 0.0729574
v -0.2766810 -0.1470780 0.2136930
vn -3.9797912 -4.8501620 0.1105599
v -0.2766810 -0.1474780 0.1927770
vn -3.9797225 -4.8491669 0.1476233
v -0.2766810 -0.1480310 0.1718650
vn -3.9791031 -4.8485942 0.1857762
v -0.2766810 -0.1487560 0.1509580
vn -3.9798722 -4.8464704 0.2211534
v -0.2766810 -0.1496330 0.1300560
vn -3.9807630 -4.8439980 0.2564852
v -0.2766810 -0.1506630 0.1091620
vn -3.9796989 -4.8425317 0.2941432
v -0.2766810 -0.1518450 0.0882760
vn -3.9791307 -4.8407478 0.3317003
v -0.2766810 -0.1531990 0.0674000
vn -3.9803293 -4.8371921 0.3670379
v -0.2766810 -0.1547050 0.0465340
vn -3.9797657 -4.8344717 0.4046408
v -0.2766810 -0.1563640 0.0256820
vn -3.9796016 -4.8314667 0.4422099
v -0.2766810 -0.1581940 0.0048410
vn -3.9808302 -4.8271751 0.4769999
v -0.2766810 -0.1601770 -0.0159840
vn -3.9796834 -4.8243537 0.5136690
v -0.2766810 -0.1623130 -0.0367930
vn -3.9790978 -4.8205104 0.5506842
v -0.2766810 -0.1646010 -0.0575860
vn -3.9794869 -4.8159299 0.5881827
v -0.2766810 -0.1670610 -0.0783620
vn -3.9808133 -4.8102269 0.6244791
v -0.2766810 -0.1696730 -0.0991170
vn -3.9806778 -4.8058758 0.6610484
v -0.2766810 -0.1724570 -0.1198530
vn -3.9810281 -4.8002954 0.6963993
v -0.2766810 -0.1753740 -0.1405660
vn -3.9799531 -4.7956243 0.7341890
v -0.2766810 -0.1784630 -0.1612580
vn -3.9793310 -4.7904396 0.7702127
v -0.2766810 -0.1817050 -0.1819240
vn -3.9801393 -4.7841101 0.8041482
v -0.2766810 -0.1850990 -0.2025660
vn -4.4368906 -4.4372225 0.0348542
v -0.2628160 -0.1594150 0.2347060
vn -4.4383564 -4.4356890 0.0664482
v -0.2628160 -0.1596630 0.2138840
vn -4.4375472 -4.4355769 0.1000875
v -0.2628160 -0.1600440 0.1930630
vn -4.4376760 -4.4346099 0.1340318
v -0.2628160 -0.1605970 0.1722460
vn -4.4363956 -4.4345040 0.1686750
v -0.2628160 -0.1613020 0.1514340
vn -4.4356570 -4.4339614 0.2032546
v -0.2628160 -0.1621790 0.1306280
vn -4.4364858 -4.4315257 0.2357207
v -0.2628160 -0.1632090 0.1098290
vn -4.4374342 -4.4287233 0.2681643
v -0.2628160 -0.1643910 0.0890390
vn -4.4367418 -4.4269967 0.3027678
v -0.2628160 -0.1657260 0.0682580
vn -4.4365320 -4.4248829 0.3372491
v -0.2628160 -0.1672320 0.0474880
vn -4.4375229 -4.4213591 0.3692796
v -0.2628160 -0.1688910 0.0267290
vn -4.4361939 -4.4195561 0.4044230
v -0.2628160 -0.1707030 0.0059850
vn -4.4364591 -4.4164729 0.4368038
v -0.2628160 -0.1726860 -0.0147470
vn -4.4365568 -4.4126391 0.4698798
v -0.2628160 -0.1748020 -0.0354620
vn -4.4377160 -4.4078770 0.5032702
v -0.2628160 -0.1770900 -0.0561600
vn -4.4368229 -4.4045486 0.5384402
v -0.2628160 -0.1795310 -0.0768400
vn -4.4375896 -4.3999624 0.5708073
v -0.2628160 -0.1821430 -0.0975000
vn -4.4365997 -4.3961048 0.6039985
v -0.2628160 -0.1848890 -0.1181430
vn -4.4367557 -4.3913937 0.6374239
v -0.2628160 -0.1878060 -0.1387610
vn -4.4364514 -4.3867869 0.6705807
v -0.2628160 -0.1908760 -0.1593570
vn -4.4357076 -4.3819957 0.7052000
v -0.2628160 -0.1940990 -0.1799310
vn -4.4365549 -4.3762741 0.7367668
v -0.2628160 -0.1974930 -0.2004790
vn -4.8498139 -3.9818761 0.0316213
v -0.2502510 -0.1732770 0.2348120
vn -4.8503213 -3.9810913 0.0604541
v -0.2502510 -0.1735250 0.2140940
vn -4.8504162 -3.9802220 0.0897553
v -0.2502510 -0.1739060 0.1933790
vn -4.8509145 -3.9788890 0.1208899
v -0.2502510 -0.1744590 0.1726670
vn -4.8514557 -3.9772189 0.1501413
v -0.2502510 -0.1751640 0.1519600
vn -4.8505940 -3.9767740 0.1814331
v -0.2502510 -0.1760220 0.1312590
vn -4.8501830 -3.9759111 0.2125797
v -0.2502510 -0.1770520 0.1105650
vn -4.8507833 -3.9735622 0.2413425
v -0.2502510 -0.1782340 0.0898800
vn -4.8508291 -3.9717097 0.2711231
v -0.2502510 -0.1795690 0.0692040
vn -4.8504219 -3.9697535 0.3023358
v -0.2502510 -0.1810560 0.0485380
vn -4.8505783 -3.9674878 0.3316853
v -0.2502510 -0.1827150 0.0278860
vn -4.8505850 -3.9645591 0.3614615
v -0.2502510 -0.1845080 0.0072460
vn -4.8503599 -3.9618847 0.3920489
v -0.2502510 -0.1864720 -0.0133820
vn -4.8503022 -3.9588141 0.4226923
v -0.2502510 -0.1885880 -0.0339920
vn -4.8512344 -3.9546907 0.4524483
v -0.2502510 -0.1908760 -0.0545850
vn -4.8514156 -3.9507220 0.4817554
v -0.2502510 -0.1932980 -0.0751610
vn -4.8507504 -3.9476848 0.5129573
v -0.2502510 -0.1958910 -0.0957170
vn -4.8512301 -3.9433782 0.5417042
v -0.2502510 -0.1986370 -0.1162530
vn -4.8510709 -3.9393697 0.5715219
v -0.2502510 -0.2015350 -0.1367700
vn -4.8509049 -3.9350863 0.6013568
v -0.2502510 -0.2045860 -0.1572620
vn -4.8511114 -3.9298980 0.6314816
v -0.2502510 -0.2077890 -0.1777310
vn -4.8504472 -3.9259295 0.6622548
v -0.2502510 -0.2111640 -0.1981750
vn -5.2171545 -3.4867826 0.0266529
v -0.2391040 -0.1883020 0.2349260
vn -5.2168617 -3.4871855 0.0536411
v -0.2391040 -0.1885500 0.2143220
vn -5.2173610 -3.4856863 0.0786449
v -0.2391040 -0.1889310 0.1937210
vn -5.2171259 -3.4855051 0.1065472
v -0.2391040 -0.1894840 0.1731230
vn -5.2175903 -3.4839382 0.1323054
v -0.2391040 -0.1901900 0.1525300
vn -5.2181106 -3.4820902 0.1580120
v -0.2391040 -0.1910480 0.1319430
vn -5.2174902 -3.4814501 0.1856104
v -0.2391040 -0.1920580 0.1113630
vn -5.2174654 -3.4803095 0.2113587
v -0.2391040 -0.1932410 0.0907920
vn -5.2170057 -3.4790242 0.2372029
v -0.2391040 -0.1945560 0.0702300
vn -5.2170501 -3.4771495 0.2646109
v -0.2391040 -0.1960430 0.0496790
vn -5.2171354 -3.4747903 0.2909229
v -0.2391040 -0.1976830 0.0291390
vn -5.2174168 -3.4720283 0.3170669
v -0.2391040 -0.1994760 0.0086130
vn -5.2174749 -3.4698358 0.3436053
v -0.2391040 -0.2014400 -0.0119000
vn -5.2175088 -3.4668326 0.3694375
v -0.2391040 -0.2035370 -0.0323980
vn -5.2169390 -3.4647214 0.3970140
v -0.2391040 -0.2058060 -0.0528780
vn -5.2172332 -3.4614062 0.4223527
v -0.2391040 -0.2082280 -0.0733400
vn -5.2172494 -3.4580169 0.4489391
v -0.2391040 -0.2108020 -0.0937840
vn -5.2174916 -3.4541070 0.4743564
v -0.2391040 -0.2135280 -0.1142070
vn -5.2172475 -3.4508324 0.5002085
v -0.2391040 -0.2164080 -0.1346100
vn -5.2169657 -3.4470339 0.5276606
v -0.2391040 -0.2194390 -0.1549890
vn -5.2179184 -3.4419584 0.5528922
v -0.2391040 -0.2226430 -0.1753460
vn -5.2170591 -3.4387498 0.5789310
v -0.2391040 -0.2259800 -0.1956770
vn -5.5340328 -2.9585843 0.0216276
v -0.2294840 -0.2043570 0.2350480
vn -5.5335164 -2.9590673 0.0458513
v -0.2294840 -0.2045860 0.2145660
vn -5.5342898 -2.9574950 0.0670581
v -0.2294840 -0.2049860 0.1940860
vn -5.5337887 -2.9575853 0.0896265
v -0.2294840 -0.2055200 0.1736100
vn -5.5335283 -2.9574473 0.1130142
v -0.2294840 -0.2062260 0.1531390
vn -5.5339398 -2.9557555 0.1349197
v -0.2294840 -0.2070840 0.1326740
vn -5.5342560 -2.9541266 0.1565905
v -0.2294840 -0.2080940 0.1122150
vn -5.5336580 -2.9539156 0.1795006
v -0.2294840 -0.2092570 0.0917650
vn -5.5340853 -2.9517021 0.2010389
v -0.2294840 -0.2105730 0.0713250
vn -5.5338993 -2.9501657 0.2245379
v -0.2294840 -0.2120410 0.0508950
vn -5.5339441 -2.9484532 0.2475371
v -0.2294840 -0.2136810 0.0304780
vn -5.5343471 -2.9460599 0.2684979
v -0.2294840 -0.2154730 0.0100720
vn -5.5336318 -2.9448409 0.2911126
v -0.2294840 -0.2173990 -0.0103190
vn -5.5337038 -2.9425726 0.3137105
v -0.2294840 -0.2194970 -0.0306950
vn -5.5336528 -2.9401431 0.3364405
v -0.2294840 -0.2217470 -0.0510550
vn -5.5337420 -2.9372640 0.3581248
v -0.2294840 -0.2241490 -0.0713970
vn -5.5332518 -2.9351904 0.3813251
v -0.2294840 -0.2267040 -0.0917190
vn -5.5335646 -2.9320254 0.4035833
v -0.2294840 -0.2294310 -0.1120220
vn -5.5339823 -2.9281292 0.4242362
v -0.2294840 -0.2322910 -0.1323040
vn -5.5338740 -2.9247499 0.4476054
v -0.2294840 -0.2353040 -0.1525640
vn -5.5340228 -2.9211874 0.4696510
v -0.2294840 -0.2384880 -0.1727980
vn -5.5340695 -2.9173200 0.4915766
v -0.2294840 -0.2418060 -0.1930100
vn -5.7973032 -2.4021704 0.0178100
v -0.2214830 -0.2212700 0.2351760
vn -5.7972717 -2.4019728 0.0368828
v -0.2214830 -0.2214990 0.2148220
vn -5.7972550 -2.4019539 0.0551142
v -0.2214830 -0.2218990 0.1944710
vn -5.7974391 -2.4009371 0.0722622
v -0.2214830 -0.2224330 0.1741240
vn -5.7973137 -2.4002705 0.0912385
v -0.2214830 -0.2231190 0.1537810
vn -5.7971606 -2.4000745 0.1100231
v -0.2214830 -0.2239780 0.1334440
vn -5.7973599 -2.3989017 0.1273740
v -0.2214830 -0.2249880 0.1131140
vn -5.7973480 -2.3975220 0.1451945
v -0.2214830 -0.2261320 0.0927920
vn -5.7973185 -2.3965929 0.1640056
v -0.2214830 -0.2274480 0.0724790
vn -5.7975044 -2.3949399 0.1822370
v -0.2214830 -0.2289160 0.0521770
vn -5.7974873 -2.3934524 0.2002985
v -0.2214830 -0.2305370 0.0318870
vn -5.7971878 -2.3925147 0.2186081
v -0.2214830 -0.2323100 0.0116100
vn -5.7975783 -2.3899350 0.2359280
v -0.2214830 -0.2342360 -0.0086530
vn -5.7974892 -2.3882170 0.2545391
v -0.2214830 -0.2363140 -0.0289010
vn -5.7973719 -2.3862510 0.2731831
v -0.2214830 -0.2385450 -0.0491330
vn -5.7975202 -2.3842034 0.2910893
v -0.2214830 -0.2409480 -0.0693470
vn -5.7975435 -2.3818543 0.3084988
v -0.2214830 -0.2434840 -0.0895430
vn -5.7971029 -2.3800509 0.3275363
v -0.2214830 -0.2461720 -0.1097190
vn -5.7973099 -2.3773642 0.3454089
v -0.2214830 -0.2490320 -0.1298730
vn -5.7975216 -2.3739848 0.3631013
v -0.2214830 -0.2520260 -0.1500050
vn -5.7974191 -2.3716397 0.3814228
v -0.2214830 -0.2551910 -0.1701150
vn -5.7972889 -2.3689270 0.3989967
v -0.2214830 -0.2584900 -0.1901990
vn -6.0049124 -1.8225664 0.0138350
v -0.2151800 -0.2388880 0.2353100
vn -6.0050397 -1.8219582 0.0275241
v -0.2151800 -0.2391170 0.2150900
vn -6.0048490 -1.8222045 0.0414968
v -0.2151800 -0.2394990 0.1948720
vn -6.0047545 -1.8220108 0.0556621
v -0.2151800 -0.2400320 0.1746580
vn -6.0051312 -1.8207573 0.0693271
v -0.2151800 -0.2407380 0.1544490
vn -6.0050435 -1.8203017 0.0827292
v -0.2151800 -0.2415770 0.1342460
vn -6.0047688 -1.8202398 0.0971835
v -0.2151800 -0.2425680 0.1140490
vn -6.0051560 -1.8186314 0.1105347
v -0.2151800 -0.2437320 0.0938610
vn -6.0051479 -1.8176055 0.1239106
v -0.2151800 -0.2450280 0.0736820
vn -6.0049181 -1.8171349 0.1382048
v -0.2151800 -0.2464770 0.0535130
vn -6.0049634 -1.8162546 0.1520734
v -0.2151800 -0.2480980 0.0333570
vn -6.0048738 -1.8150585 0.1658897
v -0.2151800 -0.2498520 0.0132120
vn -6.0051184 -1.8132353 0.1795048
v -0.2151800 -0.2517780 -0.0069180
vn -6.0050430 -1.8118364 0.1931310
v -0.2151800 -0.2538370 -0.0270340
vn -6.0051990 -1.8101627 0.2070173
v -0.2151800 -0.2560680 -0.0471330
vn -6.0050097 -1.8089317 0.2202702
v -0.2151800 -0.2584330 -0.0672130
vn -6.0048037 -1.8076575 0.2346280
v -0.2151800 -0.2609500 -0.0872760
vn -6.0051498 -1.8050271 0.2479980
v -0.2151800 -0.2636380 -0.1073200
vn -6.0048528 -1.8036895 0.2623890
v -0.2151800 -0.2664600 -0.1273410
vn -6.0051627 -1.8009876 0.2755045
v -0.2151800 -0.2694540 -0.1473410
vn -6.0049787 -1.7993006 0.2889484
v -0.2151800 -0.2725810 -0.1673180
vn -6.0050898 -1.7961323 0.3044319
v -0.2151800 -0.2758600 -0.1872700
vn -6.1547103 -1.2252012 0.0097028
v -0.2106320 -0.2570410 0.2354470
vn -6.1547284 -1.2249293 0.0184920
v -0.2106320 -0.2572700 0.2153650
vn -6.1547012 -1.2249713 0.0279181
v -0.2106320 -0.2576510 0.1952860
vn -6.1547575 -1.2244620 0.0371967
v -0.2106320 -0.2581850 0.1752090
vn -6.1546707 -1.2244182 0.0467091
v -0.2106320 -0.2588710 0.1551380
vn -6.1546831 -1.2239804 0.0557185
v -0.2106320 -0.2597100 0.1350720
vn -6.1547289 -1.2234169 0.0651213
v -0.2106320 -0.2607020 0.1150130
vn -6.1546688 -1.2230808 0.0745024
v -0.2106320 -0.2618460 0.0949620
vn -6.1546736 -1.2225624 0.0836024
v -0.2106320 -0.2631420 0.0749200
vn -6.1548061 -1.2214392 0.0925491
v -0.2106320 -0.2645910 0.0548880
vn -6.1546311 -1.2210555 0.1020326
v -0.2106320 -0.2661740 0.0348690
vn -6.1546688 -1.2201986 0.1115179
v -0.2106320 -0.2679280 0.0148630
vn -6.1546316 -1.2195011 0.1210401
v -0.2106320 -0.2698350 -0.0051310
vn -6.1547623 -1.2181461 0.1296294
v -0.2106320 -0.2718940 -0.0251080
vn -6.1545725 -1.2176787 0.1391782
v -0.2106320 -0.2740870 -0.0450700
vn -6.1546698 -1.2164536 0.1482801
v -0.2106320 -0.2764520 -0.0650150
vn -6.1546564 -1.2150724 0.1576391
v -0.2106320 -0.2789490 -0.0849420
vn -6.1547256 -1.2136743 0.1669286
v -0.2106320 -0.2816190 -0.1048490
vn -6.1546431 -1.2126250 0.1761385
v -0.2106320 -0.2844220 -0.1247340
vn -6.1546717 -1.2113423 0.1855667
v -0.2106320 -0.2873960 -0.1445970
vn -6.1546640 -1.2099098 0.1943052
v -0.2106320 -0.2905040 -0.1644390
vn -6.1545863 -1.2082739 0.2050809
v -0.2106320 -0.2937650 -0.1842560
vn -6.2452812 -0.6157272 0.0052163
v -0.2078860 -0.2755550 0.2355880
vn -6.2452931 -0.6154115 0.0091172
v -0.2078860 -0.2757840 0.2156460
vn -6.2452126 -0.6157709 0.0139437
v -0.2078860 -0.2761460 0.1957070
vn -6.2452273 -0.6155815 0.0188010
v -0.2078860 -0.2766800 0.1757710
vn -6.2452435 -0.6153644 0.0235380
v -0.2078860 -0.2773670 0.1558400
vn -6.2452855 -0.6148946 0.0279270
v -0.2078860 -0.2782060 0.1359140
vn -6.2452183 -0.6150295 0.0327335
v -0.2078860 -0.2791780 0.1159950
vn -6.2452631 -0.6145566 0.0373576
v -0.2078860 -0.2803220 0.0960850
vn -6.2452321 -0.6143891 0.0418854
v -0.2078860 -0.2816000 0.0761830
vn -6.2451811 -0.6143338 0.0468360
v -0.2078860 -0.2830300 0.0562910
vn -6.2452874 -0.6134146 0.0513465
v -0.2078860 -0.2846320 0.0364130
vn -6.2452803 -0.6129810 0.0559276
v -0.2078860 -0.2863670 0.0165450
vn -6.2452517 -0.6127425 0.0606704
v -0.2078860 -0.2882540 -0.0033080
vn -6.2452369 -0.6123915 0.0653723
v -0.2078860 -0.2902950 -0.0231460
vn -6.2452879 -0.6115963 0.0696896
v -0.2078860 -0.2924870 -0.0429690
vn -6.2452130 -0.6113949 0.0746254
v -0.2078860 -0.2948140 -0.0627740
vn -6.2452564 -0.6105607 0.0793201
v -0.2078860 -0.2973110 -0.0825610
vn -6.2452865 -0.6098282 0.0839227
v -0.2078860 -0.2999620 -0.1023280
vn -6.2452750 -0.6091611 0.0882803
v -0.2078860 -0.3027460 -0.1220750
vn -6.2452269 -0.6087787 0.0931050
v -0.2078860 -0.3056820 -0.1418000
vn -6.2452164 -0.6081812 0.0977673
v -0.2078860 -0.3087710 -0.1615010
vn -6.2451925 -0.6075144 0.1027210
v -0.2078860 -0.3120130 -0.1811800
vn -0.0005109 -6.1947498 1.0502915
v -0.4432260 -0.1428830 -0.2124910
vn 0.0021470 -6.1945682 1.0513481
v -0.4274090 -0.1427300 -0.2116140
vn -0.0025906 -6.1958323 1.0437671
v -0.4150820 -0.1421580 -0.2082640
vn 0.0011624 -6.2012353 1.0113236
v -0.4458340 -0.1400040 -0.1951640
vn 0.0045211 -6.2006311 1.0150936
v -0.4328450 -0.1400800 -0.1956300
vn 0.0022896 -6.2007427 1.0142641
v -0.4236890 -0.1401560 -0.1961830
vn -0.0061015 -6.2013531 1.0106964
v -0.4116230 -0.1400230 -0.1952660
vn -0.0008197 -6.2049103 0.9885508
v -0.4231640 -0.1383830 -0.1851750
vn 0.0032439 -6.2066584 0.9773594
v -0.4344960 -0.1376390 -0.1805000
vn 0.0019249 -6.2074327 0.9725933
v -0.4470170 -0.1372960 -0.1782080
vn -0.0025446 -6.2071857 0.9740362
v -0.4106120 -0.1372770 -0.1781920
vn 0.0010009 -6.2105641 0.9524373
v -0.4228790 -0.1359610 -0.1696520
vn 0.0026048 -6.2121921 0.9417484
v -0.4349960 -0.1351230 -0.1641360
vn -0.0018985 -6.2131615 0.9352959
v -0.4474830 -0.1346460 -0.1609590
vn -0.0022485 -6.2138433 0.9306775
v -0.4103070 -0.1343980 -0.1593970
vn 0.0006544 -6.2162118 0.9146966
v -0.4227610 -0.1333110 -0.1520890
vn 0.0030170 -6.2180548 0.9020389
v -0.4351500 -0.1325290 -0.1467270
vn 0.0004536 -6.2190108 0.8956254
v -0.4476560 -0.1320530 -0.1433230
vn -0.0018387 -6.2203407 0.8861570
v -0.4102130 -0.1315380 -0.1398470
vn 0.0007384 -6.2225008 0.8710220
v -0.4227180 -0.1306610 -0.1335690
vn -0.0017520 -6.2237873 0.8616741
v -0.4351990 -0.1299740 -0.1286810
vn -0.0018324 -6.2244873 0.8565376
v -0.4477190 -0.1295170 -0.1254110
vn 0.0009132 -6.2265162 0.8416198
v -0.4101840 -0.1287730 -0.1199500
vn 0.0010352 -6.2281709 0.8294833
v -0.4227040 -0.1280670 -0.1145920
vn -0.0030386 -6.2293777 0.8203489
v -0.4352160 -0.1274950 -0.1102980
vn -0.0011126 -6.2303729 0.8126359
v -0.4477410 -0.1270950 -0.1073310
vn 0.0013564 -6.2323279 0.7976226
v -0.4101760 -0.1261420 -0.0998880
vn 0.0008783 -6.2335491 0.7879506
v -0.4227000 -0.1255700 -0.0953990
vn -0.0012810 -6.2347488 0.7784551
v -0.4352230 -0.1251120 -0.0917380
vn -0.0025062 -6.2354918 0.7724730
v -0.4477500 -0.1247880 -0.0891600
vn 0.0019070 -6.2379956 0.7517319
v -0.4101730 -0.1236250 -0.0797410
vn 0.0016682 -6.2390180 0.7435043
v -0.4226990 -0.1232050 -0.0760990
vn -0.0001193 -6.2396069 0.7384710
v -0.4352250 -0.1228430 -0.0730900
vn -0.0020369 -6.2402034 0.7335365
v -0.4477530 -0.1225950 -0.0709390
vn 0.0013083 -6.2434855 0.7049622
v -0.4101720 -0.1212790 -0.0595480
vn -0.0035396 -6.2437539 0.7024710
v -0.4226990 -0.1209550 -0.0567410
vn -0.0002263 -6.2443190 0.6974370
v -0.4352260 -0.1206880 -0.0543940
vn 0.0005761 -6.2448215 0.6929115
v -0.4477540 -0.1204980 -0.0526860
vn -0.0027895 -6.2481627 0.6622571
v -0.4101720 -0.1190680 -0.0393250
vn -0.0037732 -6.2486506 0.6573225
v -0.4226990 -0.1188390 -0.0373520
vn 0.0003786 -6.2492552 0.6517650
v -0.4352260 -0.1186670 -0.0356700
vn 0.0017040 -6.2495775 0.6485604
v -0.4477540 -0.1185340 -0.0344130
vn -0.0012722 -6.2527566 0.6172409
v -0.4101720 -0.1169890 -0.0190810
vn -0.0000086 -6.2535362 0.6094437
v -0.4477540 -0.1167030 -0.0161250
vn 0.0005243 -6.2533345 0.6113734
v -0.4226990 -0.1168750 -0.0179410
vn 0.0004446 -6.2535272 0.6094741
v -0.4352260 -0.1167790 -0.0169260
vn -0.0005465 -6.2572637 0.5696260
v -0.4477540 -0.1149680 0.0021780
vn -0.0022186 -6.2572136 0.5702772
v -0.4352260 -0.1150060 0.0018320
vn 0.0009225 -6.2571359 0.5713030
v -0.4226990 -0.1150440 0.0014870
vn 0.0023056 -6.2571425 0.5710216
v -0.4101720 -0.1150630 0.0011780
vn -0.0018805 -6.2608805 0.5284691
v -0.4477550 -0.1133660 0.0204750
vn 0.0001779 -6.2609453 0.5279173
v -0.4352270 -0.1133660 0.0205990
vn 0.0003012 -6.2609854 0.5271248
v -0.4226990 -0.1133280 0.0209270
vn -0.0005557 -6.2612324 0.5243326
v -0.4101720 -0.1132900 0.0214510
vn -0.0017723 -6.2643375 0.4857168
v -0.4477540 -0.1118790 0.0388060
vn -0.0010041 -6.2643690 0.4854532
v -0.4352260 -0.1118410 0.0393820
vn -0.0024867 -6.2646213 0.4821350
v -0.4226990 -0.1117650 0.0403790
vn -0.0020231 -6.2648487 0.4793035
v -0.4101720 -0.1116690 0.0417390
vn 0.0008771 -6.2674761 0.4435815
v -0.4477540 -0.1105250 0.0571400
vn -0.0002007 -6.2675672 0.4421836
v -0.4352260 -0.1104490 0.0581730
vn -0.0010689 -6.2677722 0.4393448
v -0.4226990 -0.1103350 0.0598440
vn 0.0006508 -6.2679825 0.4362774
v -0.4101720 -0.1101820 0.0620360
vn 0.0009793 -6.2701149 0.4046051
v -0.4477540 -0.1092860 0.0754810
vn 0.0004857 -6.2703481 0.4010507
v -0.4352260 -0.1091910 0.0769730
vn 0.0008259 -6.2706246 0.3965711
v -0.4226990 -0.1090380 0.0793160
vn 0.0012421 -6.2710857 0.3891776
v -0.4101720 -0.1088470 0.0823460
vn -0.0010654 -6.2726822 0.3625634
v -0.4477540 -0.1081610 0.0938290
vn 0.0012159 -6.2728901 0.3589047
v -0.4352260 -0.1080470 0.0957820
vn -0.0009587 -6.2733493 0.3507100
v -0.4226990 -0.1078750 0.0987980
vn 0.0004216 -6.2738876 0.3410684
v -0.4101720 -0.1076650 0.1026640
vn 0.0000793 -6.2748909 0.3224476
v -0.4477540 -0.1071690 0.1121840
vn -0.0006568 -6.2752104 0.3156819
v -0.4352260 -0.1070360 0.1145970
vn -0.0018468 -6.2756786 0.3066352
v -0.4226990 -0.1068640 0.1182870
vn 0.0019736 -6.2760811 0.2982240
v -0.4101730 -0.1066360 0.1229890
vn -0.0017167 -6.2768812 0.2802525
v -0.4477530 -0.1062730 0.1305450
vn -0.0018274 -6.2772112 0.2733979
v -0.4352230 -0.1061590 0.1334190
vn 0.0000401 -6.2775354 0.2655066
v -0.4226990 -0.1059680 0.1377730
vn -0.0001873 -6.2780833 0.2522445
v -0.4101780 -0.1057390 0.1433060
vn -0.0012626 -6.2786522 0.2382114
v -0.4477350 -0.1055300 0.1489110
vn 0.0003381 -6.2788143 0.2333864
v -0.4351960 -0.1053960 0.1522160
vn -0.0000566 -6.2792625 0.2214818
v -0.4226970 -0.1052250 0.1571820
vn -0.0009460 -6.2797456 0.2063555
v -0.4101950 -0.1049960 0.1635460
vn 0.0027645 -6.2799454 0.2006805
v -0.4476500 -0.1048810 0.1672320
vn -0.0016771 -6.2802572 0.1905297
v -0.4351090 -0.1047670 0.1708130
vn -0.0013611 -6.2806425 0.1777779
v -0.4227060 -0.1046140 0.1762450
vn 0.0000773 -6.2811985 0.1565149
v -0.4474350 -0.1043660 0.1853120
vn -0.0013990 -6.2810621 0.1626604
v -0.4102730 -0.1044240 0.1835050
vn -0.0005971 -6.2813716 0.1503541
v -0.4349090 -0.1042900 0.1887880
vn -0.0010074 -6.2815971 0.1401449
v -0.4227940 -0.1041570 0.1943490
vn 0.0021835 -6.2820406 0.1185732
v -0.4469460 -0.1039850 0.2029140
vn -0.0020011 -6.2820201 0.1192224
v -0.4105660 -0.1039850 0.2027170
vn 0.0017913 -6.2821236 0.1135899
v -0.4343930 -0.1039280 0.2055670
vn -0.0024255 -6.2823482 0.1013166
v -0.4230750 -0.1038520 0.2102800
vn 0.0011061 -6.2826715 0.0787690
v -0.4457760 -0.1037180 0.2200600
vn 0.0008507 -6.2826977 0.0760252
v -0.4327660 -0.1036990 0.2208770
vn -0.0015268 -6.2826815 0.0783295
v -0.4115840 -0.1037180 0.2201800
vn -0.0033446 -6.2827501 0.0730473
v -0.4236180 -0.1036990 0.2214810
vn -0.0016473 -6.2829990 0.0458134
v -0.4150480 -0.1035850 0.2334430
vn 0.0011846 -6.2830248 0.0402137
v -0.4432000 -0.1035470 0.2374200
vn -0.0029771 -6.2830162 0.0399389
v -0.4273760 -0.1035470 0.2367780
vn 0.0001186 6.2471924 -0.6713291
v 0.0895970 0.0227380 -0.0582710
vn -0.0000589 6.2509232 -0.6356776
v 0.0986310 0.0244540 -0.0418460
vn 0.0006920 6.2435322 -0.7046547
v 0.0811540 0.0208890 -0.0750000
vn 0.0004578 6.2393198 -0.7408696
v 0.0733930 0.0189250 -0.0920530
vn 0.0005384 6.2344923 -0.7804409
v 0.0663590 0.0168080 -0.1094170
vn 0.0000836 6.2297039 -0.8178511
v 0.0600780 0.0145390 -0.1270870
vn -0.0007110 6.2248478 -0.8539888
v 0.0545680 0.0121370 -0.1449920
vn -0.0002684 6.2194738 -0.8921753
v 0.0498140 0.0096010 -0.1631080
vn -0.0001141 6.2133265 -0.9340659
v 0.0457870 0.0069120 -0.1814030
vn 0.0008253 6.2073326 -0.9732412
v 0.0424500 0.0040710 -0.1998380
vn 0.0007137 6.2013474 -1.0106059
v 0.0397620 0.0011150 -0.2183680
vn -0.0011013 6.1943903 -1.0523422
v 0.0376470 -0.0019730 -0.2369490
vn 0.0003537 6.2433376 -0.7062546
v 0.0638820 0.0208500 -0.0754350
vn 0.0007567 6.2471986 -0.6712691
v 0.0718790 0.0227000 -0.0586330
vn -0.0013490 6.2391944 -0.7419840
v 0.0564840 0.0188670 -0.0925100
vn -0.0003751 6.2508855 -0.6359941
v 0.0803570 0.0244350 -0.0420650
vn -0.0007081 6.2344394 -0.7808651
v 0.0497470 0.0167510 -0.1098640
vn -0.0013940 6.2295041 -0.8193959
v 0.0437030 0.0144820 -0.1274880
vn -0.0000484 6.2248058 -0.8543740
v 0.0383510 0.0120790 -0.1453500
vn 0.0004058 6.2194457 -0.8925549
v 0.0336560 0.0095430 -0.1634170
vn -0.0004646 6.2134156 -0.9334652
v 0.0295570 0.0068740 -0.1816570
vn 0.0014026 6.2074122 -0.9726228
v 0.0259850 0.0040520 -0.2000310
vn -0.0006313 6.2009039 -1.0133090
v 0.0228640 0.0010960 -0.2184960
vn -0.0004028 6.1944256 -1.0522313
v 0.0201090 -0.0019930 -0.2370100
vn -0.0013496 6.2432098 -0.7074634
v 0.0462770 0.0208120 -0.0757060
vn -0.0000413 6.2391863 -0.7420604
v 0.0392090 0.0188290 -0.0928040
vn -0.0001406 6.2471623 -0.6715509
v 0.0538810 0.0226810 -0.0588480
vn 0.0005752 6.2343068 -0.7819296
v 0.0327490 0.0167130 -0.1101570
vn 0.0002499 6.2509203 -0.6357525
v 0.0619090 0.0244160 -0.0421870
vn 0.0013925 6.2295313 -0.8192264
v 0.0269230 0.0144440 -0.1277610
vn 0.0007718 6.2247143 -0.8548625
v 0.0217180 0.0120600 -0.1455940
vn -0.0020060 6.2191005 -0.8947778
v 0.0170730 0.0095240 -0.1636300
vn -0.0024115 6.2134886 -0.9331084
v 0.0129030 0.0068360 -0.1818340
vn -0.0005087 6.2074461 -0.9723594
v 0.0091140 0.0040330 -0.2001660
vn -0.0014735 6.2008905 -1.0134256
v 0.0056230 0.0010770 -0.2185870
vn -0.0011307 6.1945348 -1.0514710
v 0.0023490 -0.0019930 -0.2370560
vn 0.0021170 6.2431798 -0.7077347
v 0.0284600 0.0207930 -0.0758740
vn 0.0007759 6.2390699 -0.7430186
v 0.0216950 0.0188100 -0.0929930
vn 0.0006459 6.2469635 -0.6734854
v 0.0357190 0.0226620 -0.0589780
vn 0.0003095 6.2342877 -0.7820178
v 0.0154940 0.0166940 -0.1103500
vn -0.0006089 6.2293615 -0.8204603
v 0.0098750 0.0144250 -0.1279440
vn 0.0010348 6.2508850 -0.6360074
v 0.0433640 0.0244160 -0.0422580
vn -0.0008584 6.2245154 -0.8564845
v 0.0048070 0.0120220 -0.1457620
vn 0.0004216 6.2190456 -0.8953320
v 0.0002080 0.0094860 -0.1637770
vn -0.0004427 6.2135477 -0.9326875
v -0.0040310 0.0068170 -0.1819540
vn -0.0023567 6.2072735 -0.9734547
v -0.0080160 0.0040140 -0.2002610
vn -0.0010943 6.2009091 -1.0133415
v -0.0118310 0.0010580 -0.2186520
vn -0.0007925 6.1946044 -1.0511873
v -0.0155380 -0.0020120 -0.2370880
vn -0.0007700 6.2431221 -0.7080712
v 0.0105140 0.0207930 -0.0759820
vn -0.0000349 6.2390165 -0.7435415
v 0.0040330 0.0187910 -0.0931150
vn 0.0002529 6.2469902 -0.6731569
v 0.0174600 0.0226620 -0.0590580
vn -0.0010326 6.2342100 -0.7826821
v -0.0019240 0.0166750 -0.1104780
vn 0.0015175 6.2295465 -0.8190886
v -0.0073470 0.0144060 -0.1280670
vn 0.0012882 6.2509170 -0.6356535
v 0.0247690 0.0244160 -0.0423010
vn 0.0023563 6.2244697 -0.8566496
v -0.0122850 0.0120220 -0.1458770
vn 0.0001723 6.2187500 -0.8972234
v -0.0168420 0.0094860 -0.1638780
vn -0.0003531 6.2132378 -0.9348043
v -0.0211440 0.0067980 -0.1820400
vn 0.0007425 6.2073674 -0.9729542
v -0.0253080 0.0039950 -0.2003280
vn 0.0022538 6.2009449 -1.0130403
v -0.0294160 0.0010580 -0.2187000
vn 0.0011442 6.1944642 -1.0519917
v -0.0334980 -0.0020120 -0.2371130
vn 0.0001445 6.2433143 -0.7065212
v -0.0075070 0.0207740 -0.0760550
vn -0.0003425 6.2389145 -0.7442042
v -0.0137210 0.0187910 -0.0931990
vn 0.0000292 6.2343245 -0.7818900
v -0.0194450 0.0166560 -0.1105650
vn -0.0025411 6.2470818 -0.6724371
v -0.0008540 0.0226430 -0.0591110
vn 0.0001708 6.2295566 -0.8188760
v -0.0246790 0.0144060 -0.1281550
vn -0.0023034 6.2508106 -0.6366012
v 0.0061440 0.0244160 -0.0423300
vn -0.0008323 6.2243848 -0.8574048
v -0.0294920 0.0120030 -0.1459590
vn 0.0008009 6.2188530 -0.8966365
v -0.0340050 0.0094670 -0.1639530
vn 0.0029415 6.2133503 -0.9339727
v -0.0383680 0.0067980 -0.1821030
vn -0.0001186 6.2072639 -0.9735622
v -0.0427020 0.0039950 -0.2003780
vn -0.0016995 6.2009420 -1.0130136
v -0.0470800 0.0010580 -0.2187320
vn -0.0000331 6.1945047 -1.0517319
v -0.0515030 -0.0020120 -0.2371300
vn 0.0008207 6.2431822 -0.7076226
v -0.0255720 0.0207740 -0.0761060
vn -0.0000403 6.2388387 -0.7450330
v -0.0315260 0.0187720 -0.0932600
vn -0.0008845 6.2343397 -0.7816170
v -0.0370240 0.0166560 -0.1106320
vn 0.0012491 6.2472358 -0.6709117
v -0.0191970 0.0226430 -0.0591500
vn -0.0007234 6.2295990 -0.8186935
v -0.0420750 0.0143870 -0.1282200
vn -0.0015390 6.2507639 -0.6372868
v -0.0124990 0.0243970 -0.0423510
vn 0.0002074 6.2244668 -0.8566777
v -0.0467650 0.0120030 -0.1460200
vn -0.0008708 6.2189951 -0.8955809
v -0.0512380 0.0094670 -0.1640060
vn -0.0020316 6.2131138 -0.9354420
v -0.0556580 0.0067980 -0.1821510
vn -0.0024575 6.2070827 -0.9748241
v -0.0601560 0.0039760 -0.2004140
vn -0.0010764 6.2011900 -1.0116165
v -0.0647880 0.0010390 -0.2187590
vn 0.0006925 6.1947079 -1.0504929
v -0.0695340 -0.0020120 -0.2371440
vn -0.0007606 6.2430434 -0.7087759
v -0.0436590 0.0207740 -0.0761480
vn -0.0001171 6.2388067 -0.7451999
v -0.0493620 0.0187720 -0.0933090
vn 0.0010495 6.2473006 -0.6703108
v -0.0375590 0.0226430 -0.0591800
vn -0.0004115 6.2342238 -0.7827256
v -0.0546360 0.0166360 -0.1106840
vn 0.0005277 6.2508459 -0.6364601
v -0.0311470 0.0243970 -0.0423660
vn 0.0012633 6.2296519 -0.8181762
v -0.0595080 0.0143870 -0.1282720
vn -0.0011666 6.2242002 -0.8587654
v -0.0640770 0.0119840 -0.1460690
vn -0.0012712 6.2189851 -0.8957444
v -0.0685120 0.0094480 -0.1640520
vn -0.0006174 6.2132006 -0.9349910
v -0.0729890 0.0067790 -0.1821890
vn 0.0015128 6.2071939 -0.9740370
v -0.0776450 0.0039760 -0.2004440
vn 0.0010654 6.2011700 -1.0117260
v -0.0825250 0.0010390 -0.2187800
vn 0.0005768 6.1946125 -1.0510569
v -0.0875790 -0.0020120 -0.2371550
vn -0.0009438 6.2431073 -0.7084237
v -0.0617600 0.0207550 -0.0761850
vn -0.0007442 6.2388601 -0.7446182
v -0.0672150 0.0187720 -0.0933510
vn -0.0000617 6.2471247 -0.6718848
v -0.0559290 0.0226430 -0.0592070
vn 0.0008475 6.2344384 -0.7809690
v -0.0722700 0.0166360 -0.1107270
vn 0.0004639 6.2509007 -0.6359292
v -0.0498010 0.0243970 -0.0423820
vn -0.0006321 6.2294350 -0.8197588
v -0.0769610 0.0143870 -0.1283150
vn 0.0009758 6.2242446 -0.8583695
v -0.0814130 0.0119840 -0.1461110
vn 0.0018496 6.2188334 -0.8967521
v -0.0858080 0.0094480 -0.1640900
vn 0.0016255 6.2132120 -0.9348949
v -0.0903400 0.0067790 -0.1822210
vn 0.0013174 6.2071381 -0.9743906
v -0.0951530 0.0039760 -0.2004690
vn 0.0009593 6.2011056 -1.0121220
v -0.1002760 0.0010390 -0.2187970
vn 0.0002151 6.2429271 -0.7099490
v -0.0798670 0.0207550 -0.0762170
vn -0.0008375 6.2389102 -0.7444309
v -0.0850760 0.0187530 -0.0933870
vn 0.0008524 6.2470183 -0.6728247
v -0.0743050 0.0226430 -0.0592320
vn 0.0007347 6.2344255 -0.7809665
v -0.0899110 0.0166360 -0.1107670
vn 0.0004920 6.1945276 -1.0515510
v -0.1056330 -0.0020120 -0.2371650
vn 0.0004176 6.2509508 -0.6354393
v -0.0684560 0.0243970 -0.0423930
vn -0.0007308 6.2294579 -0.8197960
v -0.0944270 0.0143670 -0.1283550
vn -0.0006295 6.2244620 -0.8567051
v -0.0987610 0.0119840 -0.1461490
vn 0.0007941 6.2189746 -0.8957518
v -0.1031160 0.0094480 -0.1641240
vn 0.0015443 6.2131720 -0.9351593
v -0.1077050 0.0067790 -0.1822500
vn 0.0012769 6.2070866 -0.9747210
v -0.1126720 0.0039760 -0.2004920
vn 0.0008941 6.2010369 -1.0125394
v -0.1180360 0.0010390 -0.2188140
vn 0.0002104 6.2429552 -0.7096428
v -0.0979770 0.0207550 -0.0762470
vn 0.0014724 6.2389703 -0.7439079
v -0.1029420 0.0187530 -0.0934240
vn -0.0014223 6.2470188 -0.6727908
v -0.0926800 0.0226430 -0.0592540
vn -0.0007559 6.2342153 -0.7825763
v -0.1075600 0.0166360 -0.1108060
vn 0.0004360 6.2509952 -0.6349954
v -0.0871120 0.0243970 -0.0424060
vn -0.0001009 6.2293844 -0.8202696
v -0.1118980 0.0143670 -0.1283940
vn 0.0004347 6.1944494 -1.0520130
v -0.1236910 -0.0020120 -0.2371720
vn -0.0007310 6.2244654 -0.8568742
v -0.1161140 0.0119650 -0.1461860
vn -0.0008389 6.2191753 -0.8942743
v -0.1204310 0.0094480 -0.1641570
vn -0.0020429 6.2132578 -0.9345317
v -0.1250780 0.0067790 -0.1822790
vn 0.0002211 6.2072353 -0.9737409
v -0.1301970 0.0039760 -0.2005150
vn 0.0008247 6.2009697 -1.0129511
v -0.1357990 0.0010390 -0.2188290
vn 0.0011441 6.2432222 -0.7072281
v -0.1160910 0.0207550 -0.0762780
vn 0.0004457 6.2387280 -0.7458829
v -0.1208080 0.0187530 -0.0934580
vn -0.0014500 6.2470798 -0.6724634
v -0.1110590 0.0226240 -0.0592770
vn -0.0008076 6.2342501 -0.7825066
v -0.1252110 0.0166170 -0.1108420
vn -0.0005683 6.2508121 -0.6367369
v -0.1057700 0.0243970 -0.0424200
vn 0.0017079 6.2294903 -0.8193779
v -0.1293740 0.0143670 -0.1284320
vn 0.0007372 6.2242117 -0.8586609
v -0.1334710 0.0119650 -0.1462200
vn 0.0004476 6.1943789 -1.0524250
v -0.1417540 -0.0020120 -0.2371800
vn -0.0018715 6.2188663 -0.8965629
v -0.1377500 0.0094290 -0.1641870
vn -0.0011951 6.2135329 -0.9328434
v -0.1424520 0.0067590 -0.1823050
vn -0.0012606 6.2074471 -0.9723171
v -0.1477260 0.0039760 -0.2005360
vn -0.0001056 6.2011189 -1.0120143
v -0.1535690 0.0010390 -0.2188430
vn 0.0011415 6.2432518 -0.7069635
v -0.1342030 0.0207550 -0.0763070
vn 0.0007896 6.2471523 -0.6717756
v -0.1294370 0.0226240 -0.0592980
vn 0.0014247 6.2385969 -0.7469485
v -0.1386790 0.0187530 -0.0934920
vn 0.0015883 6.2343054 -0.7820505
v -0.1428640 0.0166170 -0.1108780
vn 0.0003861 6.2507153 -0.6376449
v -0.1244270 0.0243970 -0.0424310
vn -0.0008012 6.2294230 -0.8198552
v -0.1468510 0.0143670 -0.1284680
vn 0.0007430 6.2241907 -0.8587564
v -0.1508320 0.0119650 -0.1462540
vn 0.0016164 6.2187033 -0.8976472
v -0.1550710 0.0094290 -0.1642200
vn -0.0019036 6.1942692 -1.0530438
v -0.1598170 -0.0020120 -0.2371880
vn 0.0004594 6.2132511 -0.9346656
v -0.1598280 0.0067590 -0.1823320
vn -0.0013070 6.2074203 -0.9726635
v -0.1652550 0.0039570 -0.2005570
vn -0.0001318 6.2010527 -1.0123416
v -0.1713360 0.0010390 -0.2188580
vn -0.0011663 6.2432308 -0.7071212
v -0.1523180 0.0207550 -0.0763370
vn 0.0008258 6.2471900 -0.6714222
v -0.1478160 0.0226240 -0.0593210
vn -0.0019043 6.2386985 -0.7460273
v -0.1565470 0.0187530 -0.0935270
vn 0.0004204 6.2507591 -0.6372181
v -0.1430850 0.0243970 -0.0424430
vn -0.0003258 6.2341762 -0.7830083
v -0.1605170 0.0166170 -0.1109140
vn -0.0008276 6.2294412 -0.8199240
v -0.1643280 0.0143480 -0.1285020
vn -0.0007732 6.2244005 -0.8571501
v -0.1681910 0.0119650 -0.1462880
vn 0.0006408 6.2188396 -0.8966793
v -0.1723940 0.0094290 -0.1642500
vn -0.0019062 6.1942253 -1.0534537
v -0.1778820 -0.0020310 -0.2371950
vn 0.0013784 6.2130198 -0.9361793
v -0.1772070 0.0067590 -0.1823570
vn 0.0011000 6.2074113 -0.9727066
v -0.1827880 0.0039570 -0.2005780
vn -0.0021364 6.2430239 -0.7091088
v -0.1704320 0.0207360 -0.0763660
vn -0.0001774 6.2469811 -0.6733135
v -0.1661930 0.0226240 -0.0593440
vn -0.0010008 6.2389932 -0.7437282
v -0.1744170 0.0187340 -0.0935610
vn 0.0004082 6.2508030 -0.6367849
v -0.1617430 0.0243970 -0.0424560
vn -0.0015996 6.2007389 -1.0142046
v -0.1891050 0.0010390 -0.2188710
vn -0.0008584 6.2342377 -0.7823949
v -0.1781700 0.0166170 -0.1109490
vn -0.0001595 6.2293591 -0.8204585
v -0.1818060 0.0143480 -0.1285380
vn -0.0008418 6.2244010 -0.8573391
v -0.1855520 0.0119460 -0.1463230
vn -0.0009283 6.2190399 -0.8952054
v -0.1897150 0.0094290 -0.1642810
vn -0.0005265 6.1944222 -1.0522600
v -0.1959440 -0.0020310 -0.2372030
vn 0.0004090 6.2131624 -0.9352046
v -0.1945830 0.0067590 -0.1823830
vn 0.0001672 6.2070751 -0.9748187
v -0.2003180 0.0039570 -0.2005970
vn 0.0007988 6.2468863 -0.6741546
v -0.1845720 0.0226240 -0.0593650
vn 0.0011339 6.2429562 -0.7096536
v -0.1885460 0.0207360 -0.0763960
vn 0.0004481 6.2387891 -0.7453675
v -0.1922870 0.0187340 -0.0935930
vn 0.0003855 6.2508450 -0.6363743
v -0.1804000 0.0243970 -0.0424670
vn -0.0008323 6.2342715 -0.7823404
v -0.1958220 0.0165980 -0.1109850
vn 0.0016440 6.2294726 -0.8195025
v -0.1992830 0.0143480 -0.1285750
vn -0.0015851 6.2007046 -1.0145855
v -0.2068760 0.0010200 -0.2188850
vn 0.0006949 6.2241488 -0.8591131
v -0.2029140 0.0119460 -0.1463550
vn -0.0009894 6.2190323 -0.8954490
v -0.2070380 0.0094100 -0.1643090
vn -0.0010237 6.2133689 -0.9337528
v -0.2119630 0.0067590 -0.1824080
vn 0.0003927 6.1946459 -1.0509164
v -0.2140090 -0.0020310 -0.2372090
vn 0.0001878 6.2070117 -0.9751612
v -0.2178490 0.0039570 -0.2006180
vn 0.0007979 6.2469225 -0.6738111
v -0.2029520 0.0226240 -0.0593880
vn 0.0011120 6.2429848 -0.7094048
v -0.2066600 0.0207360 -0.0764250
vn 0.0004197 6.2508879 -0.6359475
v -0.1990600 0.0243970 -0.0424790
vn 0.0014122 6.2386689 -0.7463337
v -0.2101570 0.0187340 -0.0936280
vn 0.0015374 6.2343287 -0.7818584
v -0.2134770 0.0165980 -0.1110210
vn -0.0008070 6.2294030 -0.8200046
v -0.2167620 0.0143480 -0.1286090
vn 0.0007816 6.2006702 -1.0147814
v -0.2246450 0.0010200 -0.2189000
vn 0.0007704 6.2241197 -0.8592668
v -0.2202750 0.0119460 -0.1463900
vn 0.0006449 6.2187691 -0.8972163
v -0.2243610 0.0094100 -0.1643400
vn -0.0011326 6.2133455 -0.9340835
v -0.2293410 0.0067400 -0.1824350
vn 0.0004180 6.1945786 -1.0513136
v -0.2320740 -0.0020310 -0.2372160
vn 0.0010914 6.2072434 -0.9736419
v -0.2353820 0.0039570 -0.2006370
vn -0.0001600 6.2470770 -0.6723551
v -0.2213310 0.0226240 -0.0594090
vn 0.0011452 6.2430172 -0.7091227
v -0.2247750 0.0207360 -0.0764530
vn -0.0018195 6.2508783 -0.6360074
v -0.2177180 0.0243970 -0.0424920
vn -0.0010088 6.2386193 -0.7467228
v -0.2280270 0.0187340 -0.0936620
vn -0.0002910 6.2341881 -0.7829119
v -0.2311300 0.0165980 -0.1110550
vn -0.0008034 6.2294226 -0.8200585
v -0.2342400 0.0143290 -0.1286450
vn -0.0008164 6.2243242 -0.8576996
v -0.2376360 0.0119460 -0.1464240
vn 0.0007649 6.2006140 -1.0151274
v -0.2424160 0.0010200 -0.2189130
vn 0.0006232 6.2187243 -0.8974748
v -0.2416840 0.0094100 -0.1643700
vn 0.0013747 6.2133479 -0.9340525
v -0.2467190 0.0067400 -0.1824600
vn 0.0003767 6.1945152 -1.0516862
v -0.2501380 -0.0020310 -0.2372240
vn -0.0013621 6.2071590 -0.9741454
v -0.2529140 0.0039570 -0.2006580
vn -0.0014660 6.2473006 -0.6701545
v -0.2397100 0.0226240 -0.0594320
vn -0.0018516 6.2509408 -0.6356173
v -0.2363750 0.0243780 -0.0425040
vn -0.0030534 6.2428279 -0.7106414
v -0.2428890 0.0207360 -0.0764840
vn -0.0019299 6.2387824 -0.7455372
v -0.2458960 0.0187150 -0.0936940
vn -0.0008183 6.2342606 -0.7821968
v -0.2487840 0.0165980 -0.1110920
vn -0.0001878 6.2293229 -0.8207266
v -0.2517170 0.0143290 -0.1286810
vn -0.0008756 6.2243271 -0.8578745
v -0.2549970 0.0119270 -0.1464560
vn -0.0002331 6.2007899 -1.0140229
v -0.2601850 0.0010200 -0.2189260
vn 0.0015742 6.2189870 -0.8955981
v -0.2590070 0.0094100 -0.1644010
vn 0.0004192 6.2130184 -0.9362072
v -0.2640980 0.0067400 -0.1824860
vn 0.0003854 6.1944509 -1.0520666
v -0.2682050 -0.0020310 -0.2372290
vn -0.0014772 6.2071276 -0.9745343
v -0.2704460 0.0039370 -0.2006790
vn -0.0024107 6.2471037 -0.6721811
v -0.2580880 0.0226050 -0.0594550
vn -0.0005286 6.2507854 -0.6370800
v -0.2550330 0.0243780 -0.0425150
vn -0.0011997 6.2430105 -0.7091961
v -0.2610030 0.0207170 -0.0765130
vn 0.0005333 6.2388535 -0.7448214
v -0.2637660 0.0187150 -0.0937290
vn -0.0008318 6.2342844 -0.7822283
v -0.2664370 0.0165790 -0.1111280
vn 0.0017102 6.2294550 -0.8196397
v -0.2691960 0.0143290 -0.1287160
vn 0.0017310 6.2243738 -0.8575195
v -0.2723580 0.0119270 -0.1464910
vn 0.0008078 6.2010174 -1.0125924
v -0.2779550 0.0010200 -0.2189400
vn -0.0007581 6.2189040 -0.8961498
v -0.2763290 0.0094100 -0.1644310
vn 0.0005524 6.2129383 -0.9366799
v -0.2814760 0.0067400 -0.1825130
vn 0.0004554 6.1943808 -1.0524772
v -0.2862680 -0.0020310 -0.2372370
vn 0.0011786 6.2070985 -0.9747060
v -0.2879780 0.0039370 -0.2006980
vn 0.0004448 6.2507162 -0.6377293
v -0.2736900 0.0243780 -0.0425280
vn 0.0008466 6.2470732 -0.6724177
v -0.2764680 0.0226050 -0.0594780
vn 0.0012312 6.2431002 -0.7083837
v -0.2791180 0.0207170 -0.0765430
vn 0.0015937 6.2387438 -0.7457095
v -0.2816360 0.0187150 -0.0937650
vn 0.0018665 6.2343564 -0.7816370
v -0.2840910 0.0165790 -0.1111660
vn -0.0003912 6.2293749 -0.8202225
v -0.2866740 0.0143290 -0.1287540
vn 0.0002990 6.2242074 -0.8586560
v -0.2897200 0.0119270 -0.1465270
vn -0.0004059 6.2188816 -0.8964923
v -0.2936520 0.0093910 -0.1644660
vn 0.0008201 6.2009583 -1.0129526
v -0.2957250 0.0010200 -0.2189550
vn -0.0004815 6.2131157 -0.9354337
v -0.2988540 0.0067400 -0.1825420
vn 0.0003771 6.1943126 -1.0528780
v -0.3043330 -0.0020310 -0.2372450
vn 0.0005334 6.2072282 -0.9738548
v -0.3055070 0.0039370 -0.2007210
vn 0.0004985 6.2507629 -0.6372696
v -0.2923480 0.0243780 -0.0425420
vn 0.0010668 6.2471170 -0.6720069
v -0.2948460 0.0226050 -0.0595020
vn 0.0017007 6.2431417 -0.7080199
v -0.2972320 0.0207170 -0.0765770
vn -0.0001369 6.2386966 -0.7460747
v -0.2995060 0.0187150 -0.0938070
vn -0.0014267 6.2341285 -0.7833548
v -0.3017450 0.0165790 -0.1112140
vn -0.0001385 6.2295175 -0.8193219
v -0.3041520 0.0143100 -0.1288050
vn 0.0011895 6.2242374 -0.8583438
v -0.3070810 0.0119270 -0.1465780
vn -0.0006142 6.2186775 -0.8978179
v -0.3109740 0.0093910 -0.1645150
vn 0.0008716 6.2008700 -1.0134968
v -0.3134910 0.0010200 -0.2189680
vn -0.0002717 6.2131834 -0.9351448
v -0.3162270 0.0067210 -0.1825840
vn 0.0003610 6.1942425 -1.0532879
v -0.3223940 -0.0020310 -0.2372500
vn 0.0008077 6.2508335 -0.6365786
v -0.3110060 0.0243780 -0.0425590
vn 0.0018720 6.2471943 -0.6712931
v -0.3132250 0.0226050 -0.0595390
vn -0.0002154 6.2428546 -0.7104594
v -0.3153470 0.0207170 -0.0766330
vn -0.0001816 6.2073116 -0.9732721
v -0.3230250 0.0039370 -0.2007510
vn 0.0000322 6.2386007 -0.7470204
v -0.3173760 0.0186960 -0.0938750
vn 0.0005774 6.2342591 -0.7824284
v -0.3193990 0.0165600 -0.1112960
vn -0.0000578 6.2295666 -0.8187549
v -0.3216310 0.0143100 -0.1288970
vn -0.0027084 6.2240348 -0.8598862
v -0.3244400 0.0119080 -0.1466770
vn 0.0005406 6.2188663 -0.8965609
v -0.3282860 0.0093720 -0.1646090
vn 0.0000846 6.2009764 -1.0128218
v -0.3312400 0.0010200 -0.2189840
vn -0.0005975 6.2130136 -0.9361089
v -0.3335730 0.0067210 -0.1826600
vn 0.0016303 6.2509675 -0.6352634
v -0.3296640 0.0243780 -0.0425930
vn 0.0005330 6.2469959 -0.6730297
v -0.3316050 0.0226050 -0.0596090
vn 0.0005591 6.2429371 -0.7098960
v -0.3334620 0.0206980 -0.0767390
vn 0.0022744 6.2386231 -0.7465884
v -0.3352470 0.0186960 -0.0940170
vn 0.0006004 6.2339354 -0.7850067
v -0.3370530 0.0165410 -0.1114670
vn 0.0001659 6.1941690 -1.0537249
v -0.3404410 -0.0020310 -0.2372560
vn -0.0008050 6.2073975 -0.9728408
v -0.3404960 0.0039180 -0.2007950
vn -0.0020745 6.2291903 -0.8217561
v -0.3391070 0.0142720 -0.1290950
vn -0.0009176 6.2243056 -0.8579887
v -0.3417880 0.0118700 -0.1468850
vn 0.0000933 6.2188268 -0.8966899
v -0.3455590 0.0093530 -0.1648030
vn 0.0008625 6.2009850 -1.0127432
v -0.3489330 0.0010200 -0.2189990
vn -0.0013089 6.2128801 -0.9371836
v -0.3508350 0.0066830 -0.1828070
vn 0.0000676 6.2509093 -0.6357327
v -0.3483220 0.0243780 -0.0426640
vn -0.0014632 6.2468872 -0.6741244
v -0.3499840 0.0225860 -0.0597540
vn -0.0009593 6.2430243 -0.7090169
v -0.3515770 0.0206790 -0.0769610
vn -0.0018673 6.2385278 -0.7474769
v -0.3531180 0.0186580 -0.0943120
vn 0.0012662 6.2338395 -0.7856578
v -0.3547060 0.0165030 -0.1118260
vn 0.0013297 6.2075944 -0.9714599
v -0.3578350 0.0039180 -0.2008680
vn 0.0004216 6.2289133 -0.8238952
v -0.3565730 0.0142150 -0.1295010
vn -0.0005870 6.1941390 -1.0539079
v -0.3584480 -0.0020310 -0.2372520
vn 0.0013174 6.2243223 -0.8578706
v -0.3590940 0.0118120 -0.1473070
vn 0.0006920 6.2184849 -0.8991079
v -0.3627260 0.0092950 -0.1651840
vn -0.0013598 6.2007999 -1.0138783
v -0.3664760 0.0010200 -0.2189990
vn 0.0022827 6.2129574 -0.9366648
v -0.3678950 0.0066450 -0.1830760
vn -0.0005053 6.2507410 -0.6374356
v -0.3669800 0.0243590 -0.0427990
vn 0.0001781 6.2468433 -0.6746083
v -0.3683640 0.0225470 -0.0600320
vn -0.0009477 6.2427950 -0.7111090
v -0.3696930 0.0206220 -0.0773780
vn 0.0004870 6.2387629 -0.7456669
v -0.3709890 0.0185810 -0.0948590
vn -0.0004078 6.2336621 -0.7869306
v -0.3723530 0.0164270 -0.1124890
vn 0.0005227 6.2072392 -0.9737914
v -0.3748720 0.0038990 -0.2009720
vn 0.0007639 6.2289076 -0.8239352
v -0.3740080 0.0141200 -0.1302430
vn -0.0006658 6.1942673 -1.0531696
v -0.3763490 -0.0020310 -0.2372280
vn 0.0014857 6.2240238 -0.8599505
v -0.3763070 0.0117170 -0.1480660
vn 0.0000057 6.2183561 -0.9000219
v -0.3796820 0.0092000 -0.1658610
vn -0.0000901 6.2007561 -1.0142294
v -0.3836770 0.0010200 -0.2189490
vn 0.0001337 6.2128325 -0.9373556
v -0.3845670 0.0065880 -0.1835470
vn 0.0007692 6.2508154 -0.6366554
v -0.3856390 0.0243400 -0.0430320
vn 0.0011984 6.2466669 -0.6760629
v -0.3867450 0.0225090 -0.0604980
vn 0.0006551 6.2426262 -0.7126161
v -0.3878090 0.0205450 -0.0780670
vn -0.0013261 6.2382436 -0.7497388
v -0.3888570 0.0184860 -0.0957560
vn -0.0022244 6.2333927 -0.7893158
v -0.3899820 0.0162740 -0.1135610
vn -0.0004384 6.2070832 -0.9747425
v -0.3913170 0.0038800 -0.2011170
vn 0.0006234 6.2288527 -0.8242710
v -0.3913850 0.0139670 -0.1314370
vn -0.0000009 6.2234688 -0.8640044
v -0.3933690 0.0115450 -0.1492920
vn 0.0009914 6.1943069 -1.0529170
v -0.3940060 -0.0020120 -0.2371280
vn -0.0005511 6.2179790 -0.9027151
v -0.3963130 0.0090290 -0.1669810
vn 0.0009409 6.2008734 -1.0134693
v -0.4001690 0.0010580 -0.2187470
vn -0.0012308 6.2126179 -0.9389217
v -0.4006240 0.0064540 -0.1843490
vn -0.0019956 6.2507057 -0.6377481
v -0.4042980 0.0243020 -0.0433790
vn -0.0008571 6.2465720 -0.6769691
v -0.4051260 0.0224330 -0.0611780
vn -0.0005843 6.2072597 -0.9736763
v -0.4067450 0.0038420 -0.2013270
vn 0.0007944 6.2423019 -0.7154202
v -0.4059250 0.0204310 -0.0790640
vn -0.0003089 6.2378058 -0.7536247
v -0.4067200 0.0183140 -0.0970430
vn 0.0009142 6.2333040 -0.7899290
v -0.4075890 0.0160840 -0.1150940
vn -0.0007194 6.2283092 -0.8283991
v -0.4086890 0.0137380 -0.1331550
vn -0.0016128 6.2229357 -0.8677457
v -0.4102530 0.0112980 -0.1511030
vn 0.0014511 6.1942773 -1.0530748
v -0.4111260 -0.0019540 -0.2368100
vn 0.0002580 6.2174654 -0.9061634
v -0.4125580 0.0087810 -0.1687310
vn -0.0013219 6.2012658 -1.0110483
v -0.4152680 0.0011540 -0.2181680
vn 0.0009601 6.2120538 -0.9426356
v -0.4159030 0.0062450 -0.1857450
vn 0.0008937 6.2069712 -0.9755481
v -0.4206680 0.0037660 -0.2017980
vn 0.0002352 6.2506847 -0.6381026
v -0.4229580 0.0242440 -0.0438290
vn 0.0004809 6.2466149 -0.6765757
v -0.4235080 0.0223380 -0.0620550
vn 0.0014871 6.2420187 -0.7177230
v -0.4240420 0.0202970 -0.0803410
vn 0.0011502 6.2373362 -0.7574332
v -0.4245780 0.0181240 -0.0986820
vn 0.0006062 6.2325616 -0.7957754
v -0.4251700 0.0158360 -0.1170500
vn 0.0004265 6.2274699 -0.8347256
v -0.4259280 0.0134330 -0.1353910
vn -0.0001028 6.2223330 -0.8722562
v -0.4269900 0.0109350 -0.1535690
vn -0.0011207 6.1947160 -1.0503902
v -0.4270400 -0.0017830 -0.2358410
vn 0.0002664 6.2015476 -1.0094808
v -0.4277090 0.0013630 -0.2168140
vn 0.0003464 6.2168760 -0.9102018
v -0.4285000 0.0083990 -0.1713430
vn 0.0017345 6.2114930 -0.9463362
v -0.4305400 0.0058630 -0.1882700
vn 0.0031682 6.2063804 -0.9792674
v -0.4330060 0.0035180 -0.2034170
vn 0.0028512 6.2024455 -1.0039759
v -0.4353100 0.0017450 -0.2144860
vn 0.0014953 6.2505336 -0.6393324
v -0.4416190 0.0242060 -0.0443490
vn -0.0005271 6.2462411 -0.6801375
v -0.4418940 0.0222230 -0.0630680
vn -0.0003490 6.1954160 -1.0463674
v -0.4400590 -0.0012870 -0.2328590
vn -0.0017551 6.2416477 -0.7209632
v -0.4421610 0.0201260 -0.0818100
vn -0.0010670 6.2369633 -0.7604864
v -0.4424340 0.0178950 -0.1005700
vn 0.0014972 6.2321591 -0.7988857
v -0.4427390 0.0155500 -0.1193290
vn 0.0008759 6.2266073 -0.8409861
v -0.4431280 0.0130900 -0.1380470
vn -0.0007194 6.2212520 -0.8797846
v -0.4436630 0.0105160 -0.1566420
vn -0.0011803 6.2157588 -0.9178567
v -0.4443860 0.0078650 -0.1749530
vn -0.0004704 6.2101755 -0.9548764
v -0.4452560 0.0051960 -0.1926720
vn -0.0005968 6.1993771 -1.0227138
v -0.4453690 0.0003150 -0.2232470
vn -0.0022092 6.2042871 -0.9924369
v -0.4459780 0.0026030 -0.2091890
vn 3.1380208 -3.0738320 0.3932729
v 0.0555290 -0.2150730 -0.1995210
vn 3.1258786 -3.0987110 0.2520537
v 0.0568250 -0.2118310 -0.1811330
vn 3.1112151 -3.1239028 0.1098708
v 0.0589820 -0.2086090 -0.1628220
vn 3.0891705 -3.1486702 -0.0316951
v 0.0619940 -0.2054060 -0.1446280
vn 3.0573907 -3.1732032 -0.1700133
v 0.0658580 -0.2022210 -0.1265920
vn 3.0221844 -3.1975815 -0.3089406
v 0.0705630 -0.1990750 -0.1087500
vn 2.9793451 -3.2217174 -0.4453581
v 0.0761010 -0.1959670 -0.0911410
vn 2.9264205 -3.2450321 -0.5786550
v 0.0824580 -0.1928970 -0.0738030
vn 2.8722641 -3.2688694 -0.7123897
v 0.0896200 -0.1899040 -0.0567740
vn 2.8117371 -3.2917027 -0.8417932
v 0.0975750 -0.1869670 -0.0400860
vn 2.7432387 -3.3135219 -0.9665530
v 0.1063020 -0.1840880 -0.0237790
vn 2.6704459 -3.3356700 -1.0903413
v 0.1157860 -0.1812850 -0.0078880
vn 2.5901513 -3.3565295 -1.2103229
v 0.1260040 -0.1785580 0.0075560
vn 2.5069704 -3.3772748 -1.3264806
v 0.1369360 -0.1759270 0.0225190
vn 2.4168701 -3.3962917 -1.4381504
v 0.1485580 -0.1733720 0.0369700
vn 2.3194587 -3.4154501 -1.5446334
v 0.1608470 -0.1709120 0.0508740
vn 2.2195489 -3.4336276 -1.6497235
v 0.1737730 -0.1685670 0.0642080
vn 2.1171911 -3.4522138 -1.7505956
v 0.1873110 -0.1663360 0.0769370
vn 2.0077848 -3.4684138 -1.8438662
v 0.2014300 -0.1642010 0.0890380
vn 1.8936820 -3.4837711 -1.9304886
v 0.2161030 -0.1621790 0.1004830
vn 1.7750005 -3.4980793 -2.0136685
v 0.2312980 -0.1602730 0.1112490
vn 1.6526059 -3.5116525 -2.0916586
v 0.2469790 -0.1584990 0.1213130
vn 1.5289779 -3.5252094 -2.1654994
v 0.2631160 -0.1568600 0.1306520
vn 1.3995359 -3.5361118 -2.2303319
v 0.2796760 -0.1553340 0.1392480
vn 1.2675664 -3.5475414 -2.2920990
v 0.2966190 -0.1539610 0.1470810
vn 1.1347991 -3.5573375 -2.3472910
v 0.3139120 -0.1527220 0.1541350
vn 0.9984775 -3.5657253 -2.3955595
v 0.3315170 -0.1516160 0.1603950
vn 0.8594859 -3.5720491 -2.4347751
v 0.3493980 -0.1506440 0.1658480
vn 0.7191200 -3.5802193 -2.4765701
v 0.3675150 -0.1498430 0.1704820
vn 0.5781165 -3.5839438 -2.5014682
v 0.3858290 -0.1491560 0.1742860
vn 0.4329372 -3.5890226 -2.5273035
v 0.4043040 -0.1486410 0.1772540
vn 0.2908892 -3.5908773 -2.5403013
v 0.4228960 -0.1482600 0.1793780
vn 0.1447816 -3.5925546 -2.5512214
v 0.4415690 -0.1480310 0.1806550
vn 6.2748051 -0.0503890 -0.2857922
v 0.0555290 -0.2329200 -0.1963750
vn 6.2547183 -0.1006236 -0.5707389
v 0.0568250 -0.2296790 -0.1779860
vn 6.2213149 -0.1506608 -0.8543670
v 0.0589820 -0.2264370 -0.1596760
vn 6.1745691 -0.2005067 -1.1365551
v 0.0619940 -0.2232340 -0.1414830
vn 6.1146426 -0.2497599 -1.4163797
v 0.0658580 -0.2200500 -0.1234470
vn 6.0416799 -0.2985025 -1.6930141
v 0.0705630 -0.2169030 -0.1056060
vn 5.9558001 -0.3466472 -1.9661181
v 0.0761010 -0.2137950 -0.0879970
vn 5.8574286 -0.3937861 -2.2344902
v 0.0824580 -0.2107450 -0.0706590
vn 5.7462711 -0.4405702 -2.4986873
v 0.0896200 -0.2077320 -0.0536280
vn 5.6229854 -0.4862423 -2.7573688
v 0.0975750 -0.2047960 -0.0369420
vn 5.4877419 -0.5306512 -3.0100420
v 0.1063020 -0.2019160 -0.0206350
vn 5.3405972 -0.5742106 -3.2566202
v 0.1157860 -0.1991130 -0.0047420
vn 5.1822367 -0.6164405 -3.4959707
v 0.1260040 -0.1964060 0.0107030
vn 5.0127025 -0.6573820 -3.7279830
v 0.1369360 -0.1937550 0.0256650
vn 4.8324103 -0.6969643 -3.9521561
v 0.1485580 -0.1912190 0.0401140
vn 4.6420221 -0.7347634 -4.1676321
v 0.1608470 -0.1887600 0.0540200
vn 4.4417667 -0.7712592 -4.3741708
v 0.1737730 -0.1864140 0.0673520
vn 4.2318611 -0.8062879 -4.5715046
v 0.1873110 -0.1841640 0.0800820
vn 4.0131516 -0.8390740 -4.7589717
v 0.2014300 -0.1820290 0.0921830
vn 3.7853007 -0.8706065 -4.9366698
v 0.2161030 -0.1800080 0.1036290
vn 3.5497448 -0.9000872 -5.1035929
v 0.2312980 -0.1781200 0.1143950
vn 3.3070498 -0.9272326 -5.2593870
v 0.2469790 -0.1763470 0.1244580
vn 3.0565860 -0.9529561 -5.4042888
v 0.2631160 -0.1746880 0.1337970
vn 2.7999530 -0.9763205 -5.5375633
v 0.2796760 -0.1731810 0.1423930
vn 2.5372915 -0.9976468 -5.6589766
v 0.2966190 -0.1717890 0.1502260
vn 2.2690506 -1.0172050 -5.7683668
v 0.3139120 -0.1705500 0.1572800
vn 1.9961292 -1.0344090 -5.8653803
v 0.3315170 -0.1694440 0.1635400
vn 1.7190468 -1.0491917 -5.9499240
v 0.3493980 -0.1684910 0.1689930
vn 1.4380981 -1.0621411 -6.0217161
v 0.3675150 -0.1676710 0.1736270
vn 1.1543404 -1.0722637 -6.0807223
v 0.3858290 -0.1670040 0.1774320
vn 0.8677748 -1.0803651 -6.1267467
v 0.4043040 -0.1664700 0.1803990
vn 0.5794969 -1.0862793 -6.1596789
v 0.4228960 -0.1661070 0.1825240
vn 0.2902616 -1.0895499 -6.1794906
v 0.4415690 -0.1658790 0.1838000
vn 6.2748051 -0.0503924 -0.2857786
v 0.0555290 -0.2507480 -0.1932310
vn 6.2547135 -0.1006913 -0.5707647
v 0.0568250 -0.2475070 -0.1748420
vn 6.2213283 -0.1506220 -0.8543171
v 0.0589820 -0.2442840 -0.1565320
vn 6.1745715 -0.2003960 -1.1365285
v 0.0619940 -0.2410620 -0.1383370
vn 6.1146297 -0.2498476 -1.4164432
v 0.0658580 -0.2378970 -0.1203010
vn 6.0416756 -0.2985681 -1.6930296
v 0.0705630 -0.2347510 -0.1024600
vn 5.9558129 -0.3466537 -1.9660900
v 0.0761010 -0.2316430 -0.0848510
vn 5.8573818 -0.3940080 -2.2345715
v 0.0824580 -0.2285920 -0.0675130
vn 5.7463517 -0.4404054 -2.4985490
v 0.0896200 -0.2255790 -0.0504830
vn 5.6229830 -0.4862051 -2.7573752
v 0.0975750 -0.2226430 -0.0337950
vn 5.4876771 -0.5307819 -3.0101442
v 0.1063020 -0.2197640 -0.0174890
vn 5.3406692 -0.5741262 -3.2565582
v 0.1157860 -0.2169610 -0.0015980
vn 5.1822300 -0.6163898 -3.4959698
v 0.1260040 -0.2142340 0.0138470
vn 5.0128317 -0.6572070 -3.7278888
v 0.1369360 -0.2116030 0.0288090
vn 4.8324866 -0.6968167 -3.9520380
v 0.1485580 -0.2090480 0.0432610
vn 4.6419654 -0.7349550 -4.1676707
v 0.1608470 -0.2066070 0.0571670
vn 4.4418340 -0.7712484 -4.3740759
v 0.1737730 -0.2042430 0.0704980
vn 4.2317572 -0.8062785 -4.5715785
v 0.1873110 -0.2019930 0.0832280
vn 4.0128527 -0.8393486 -4.7592063
v 0.2014300 -0.1998760 0.0953280
vn 3.7855194 -0.8702734 -4.9365854
v 0.2161030 -0.1978550 0.1067740
vn 3.5499437 -0.8997386 -5.1034951
v 0.2312980 -0.1959480 0.1175400
vn 3.3068602 -0.9275456 -5.2594328
v 0.2469790 -0.1941750 0.1276030
vn 3.0565917 -0.9529654 -5.4043026
v 0.2631160 -0.1925350 0.1369430
vn 2.7998528 -0.9764096 -5.5375733
v 0.2796760 -0.1910100 0.1455380
vn 2.5371652 -0.9979756 -5.6590047
v 0.2966190 -0.1896370 0.1533710
vn 2.2691801 -1.0171258 -5.7683372
v 0.3139120 -0.1883970 0.1604260
vn 1.9963176 -1.0341926 -5.8653712
v 0.3315170 -0.1872910 0.1666860
vn 1.7191343 -1.0490807 -5.9498992
v 0.3493980 -0.1863190 0.1721380
vn 1.4382262 -1.0617182 -6.0217490
v 0.3675150 -0.1854990 0.1767720
vn 1.1540890 -1.0722631 -6.0807538
v 0.3858290 -0.1848320 0.1805770
vn 0.8677180 -1.0803646 -6.1267729
v 0.4043040 -0.1843170 0.1835450
vn 0.5797331 -1.0859609 -6.1596961
v 0.4228960 -0.1839360 0.1856690
vn 0.2902232 -1.0896828 -6.1794543
v 0.4415690 -0.1837070 0.1869450
vn 6.2748075 -0.0503758 -0.2857603
v 0.0555290 -0.2685960 -0.1900850
vn 6.2547140 -0.1006215 -0.5707532
v 0.0568250 -0.2653350 -0.1716960
vn 6.2213054 -0.1506983 -0.8544258
v 0.0589820 -0.2621130 -0.1533850
vn 6.1745853 -0.2003729 -1.1365033
v 0.0619940 -0.2589090 -0.1351930
vn 6.1146450 -0.2496904 -1.4163743
v 0.0658580 -0.2557250 -0.1171550
vn 6.0416508 -0.2985880 -1.6930915
v 0.0705630 -0.2525790 -0.0993140
vn 5.9558144 -0.3467601 -1.9660738
v 0.0761010 -0.2494710 -0.0817070
vn 5.8573394 -0.3942192 -2.2346313
v 0.0824580 -0.2464200 -0.0643680
vn 5.7463250 -0.4405422 -2.4985981
v 0.0896200 -0.2434260 -0.0473370
vn 5.6230335 -0.4861411 -2.7572737
v 0.0975750 -0.2404710 -0.0306510
vn 5.4877143 -0.5307812 -3.0100770
v 0.1063020 -0.2375920 -0.0143450
vn 5.3405838 -0.5743588 -3.2566209
v 0.1157860 -0.2347890 0.0015480
vn 5.1822939 -0.6164430 -3.4958892
v 0.1260040 -0.2320810 0.0169930
vn 5.0126872 -0.6575866 -3.7279770
v 0.1369360 -0.2294310 0.0319550
vn 4.8325419 -0.6969336 -3.9519978
v 0.1485580 -0.2268950 0.0464050
vn 4.6419325 -0.7350876 -4.1676745
v 0.1608470 -0.2244350 0.0603110
vn 4.4416852 -0.7712089 -4.3742552
v 0.1737730 -0.2220900 0.0736430
vn 4.2320681 -0.8055739 -4.5714383
v 0.1873110 -0.2198400 0.0863730
vn 4.0129638 -0.8390766 -4.7591267
v 0.2014300 -0.2177040 0.0984740
vn 3.7852437 -0.8705559 -4.9367261
v 0.2161030 -0.2156830 0.1099190
vn 3.5498731 -0.8999210 -5.1035380
v 0.2312980 -0.2137950 0.1206850
vn 3.3070617 -0.9272827 -5.2593651
v 0.2469790 -0.2120220 0.1307490
vn 3.0565460 -0.9529140 -5.4043121
v 0.2631160 -0.2103630 0.1400880
vn 2.7999041 -0.9764656 -5.5375729
v 0.2796760 -0.2088570 0.1486830
vn 2.5373483 -0.9977382 -5.6589293
v 0.2966190 -0.2074650 0.1565170
vn 2.2690902 -1.0170616 -5.7683730
v 0.3139120 -0.2062260 0.1635710
vn 1.9961929 -1.0342565 -5.8653855
v 0.3315170 -0.2051200 0.1698310
vn 1.7187729 -1.0492160 -5.9499903
v 0.3493980 -0.2041660 0.1752840
vn 1.4382186 -1.0614493 -6.0218143
v 0.3675150 -0.2033460 0.1799170
vn 1.1543607 -1.0719854 -6.0807748
v 0.3858290 -0.2026790 0.1837220
vn 0.8677915 -1.0802761 -6.1267509
v 0.4043040 -0.2021450 0.1866900
vn 0.5794985 -1.0863107 -6.1596851
v 0.4228960 -0.2017830 0.1888140
vn 0.2901917 -1.0895175 -6.1794901
v 0.4415690 -0.2015540 0.1900910
vn 6.2748046 -0.0503960 -0.2858001
v 0.0555290 -0.2864240 -0.1869410
vn 6.2547174 -0.1006002 -0.5707403
v 0.0568250 -0.2831820 -0.1685520
vn 6.2213244 -0.1505966 -0.8543452
v 0.0589820 -0.2799600 -0.1502410
vn 6.1745682 -0.2003941 -1.1365495
v 0.0619940 -0.2767380 -0.1320470
vn 6.1146469 -0.2497696 -1.4163886
v 0.0658580 -0.2735720 -0.1140110
vn 6.0416837 -0.2985128 -1.6930091
v 0.0705630 -0.2704260 -0.0961690
vn 5.9558449 -0.3466134 -1.9660059
v 0.0761010 -0.2673180 -0.0785600
vn 5.8573403 -0.3939889 -2.2346396
v 0.0824580 -0.2642480 -0.0612220
vn 5.7462511 -0.4406128 -2.4987550
v 0.0896200 -0.2612550 -0.0441930
vn 5.6230497 -0.4861627 -2.7572486
v 0.0975750 -0.2583180 -0.0275050
vn 5.4877214 -0.5308009 -3.0100565
v 0.1063020 -0.2554390 -0.0111980
vn 5.3406048 -0.5742424 -3.2566237
v 0.1157860 -0.2526360 0.0046940
vn 5.1823015 -0.6163626 -3.4958844
v 0.1260040 -0.2499090 0.0201370
vn 5.0127845 -0.6573064 -3.7279041
v 0.1369360 -0.2472780 0.0351020
vn 4.8325553 -0.6967517 -3.9519863
v 0.1485580 -0.2447230 0.0495510
vn 4.6419420 -0.7349488 -4.1676664
v 0.1608470 -0.2422630 0.0634570
vn 4.4414234 -0.7715315 -4.3744478
v 0.1737730 -0.2399180 0.0767880
vn 4.2318258 -0.8062304 -4.5715656
v 0.1873110 -0.2376870 0.0895180
vn 4.0131106 -0.8390908 -4.7590184
v 0.2014300 -0.2355520 0.1016190
vn 3.7854185 -0.8703988 -4.9366450
v 0.2161030 -0.2335300 0.1130640
vn 3.5500057 -0.8997767 -5.1034517
v 0.2312980 -0.2316240 0.1238300
vn 3.3068805 -0.9274087 -5.2594328
v 0.2469790 -0.2298500 0.1338940
vn 3.0566390 -0.9528304 -5.4043102
v 0.2631160 -0.2282110 0.1432330
vn 2.7998891 -0.9764599 -5.5375395
v 0.2796760 -0.2266850 0.1518290
vn 2.5370734 -0.9979370 -5.6590457
v 0.2966190 -0.2253120 0.1596620
vn 2.2690597 -1.0170507 -5.7684045
v 0.3139120 -0.2240730 0.1667160
vn 1.9964435 -1.0340041 -5.8653679
v 0.3315170 -0.2229670 0.1729760
vn 1.7189047 -1.0490410 -5.9499569
v 0.3493980 -0.2219940 0.1784290
vn 1.4380927 -1.0618709 -6.0217881
v 0.3675150 -0.2211940 0.1830630
vn 1.1543401 -1.0722697 -6.0806990
v 0.3858290 -0.2205070 0.1868670
vn 0.8679295 -1.0802124 -6.1267757
v 0.4043040 -0.2199920 0.1898350
vn 0.5797610 -1.0860267 -6.1596766
v 0.4228960 -0.2196110 0.1919600
vn 0.2898383 -1.0897094 -6.1794543
v 0.4415690 -0.2193820 0.1932360
vn 6.2748046 -0.0504031 -0.2857988
v 0.0555290 -0.3042710 -0.1837940
vn 6.2547212 -0.1006411 -0.5707145
v 0.0568250 -0.3010300 -0.1654060
vn 6.2213111 -0.1506932 -0.8543825
v 0.0589820 -0.2977880 -0.1470950
vn 6.1745858 -0.2003802 -1.1365050
v 0.0619940 -0.2945850 -0.1289030
vn 6.1146531 -0.2496958 -1.4163438
v 0.0658580 -0.2914010 -0.1108650
vn 6.0416608 -0.2985250 -1.6930592
v 0.0705630 -0.2882540 -0.0930230
vn 5.9557791 -0.3466836 -1.9661822
v 0.0761010 -0.2851460 -0.0754160
vn 5.8573623 -0.3938506 -2.2346418
v 0.0824580 -0.2820960 -0.0580780
vn 5.7462997 -0.4404877 -2.4986703
v 0.0896200 -0.2791020 -0.0410470
vn 5.6230650 -0.4860981 -2.7572184
v 0.0975750 -0.2761460 -0.0243610
vn 5.4877582 -0.5306916 -3.0100064
v 0.1063020 -0.2732670 -0.0080540
vn 5.3405538 -0.5743099 -3.2566764
v 0.1157860 -0.2704640 0.0078390
vn 5.1822624 -0.6164600 -3.4959424
v 0.1260040 -0.2677570 0.0232830
vn 5.0127339 -0.6573222 -3.7279534
v 0.1369360 -0.2651060 0.0382460
vn 4.8324890 -0.6968541 -3.9520843
v 0.1485580 -0.2625700 0.0526950
vn 4.6420746 -0.7347586 -4.1675744
v 0.1608470 -0.2601110 0.0666020
vn 4.4416957 -0.7713200 -4.3742275
v 0.1737730 -0.2577650 0.0799340
vn 4.2318082 -0.8063551 -4.5715337
v 0.1873110 -0.2555150 0.0926640
vn 4.0130816 -0.8391154 -4.7590261
v 0.2014300 -0.2533800 0.1047640
vn 3.7853005 -0.8706064 -4.9366693
v 0.2161030 -0.2513590 0.1162100
vn 3.5497458 -0.9000868 -5.1035924
v 0.2312980 -0.2494710 0.1269760
vn 3.3070490 -0.9272342 -5.2593875
v 0.2469790 -0.2476980 0.1370390
vn 3.0565858 -0.9529561 -5.4042892
v 0.2631160 -0.2460390 0.1463780
vn 2.7999549 -0.9763178 -5.5375628
v 0.2796760 -0.2445320 0.1549740
vn 2.5372910 -0.9976461 -5.6589770
v 0.2966190 -0.2431400 0.1628070
vn 2.2690494 -1.0172060 -5.7683668
v 0.3139120 -0.2419010 0.1698610
vn 1.9961679 -1.0344464 -5.8653622
v 0.3315170 -0.2407950 0.1761210
vn 1.7188833 -1.0491664 -5.9499745
v 0.3493980 -0.2398420 0.1815740
vn 1.4382441 -1.0617074 -6.0217543
v 0.3675150 -0.2390220 0.1862080
vn 1.1543417 -1.0722623 -6.0807199
v 0.3858290 -0.2383540 0.1900130
vn 0.8677595 -1.0803803 -6.1267462
v 0.4043040 -0.2378210 0.1929800
vn 0.5795952 -1.0862062 -6.1596856
v 0.4228960 -0.2374580 0.1951050
vn 0.2901760 -1.0896370 -6.1794801
v 0.4415690 -0.2372290 0.1963810
vn 6.2748060 -0.0503930 -0.2857796
v 0.0555290 -0.3220990 -0.1806500
vn 6.2547140 -0.1006906 -0.5707574
v 0.0568250 -0.3188580 -0.1622600
vn 6.2213192 -0.1506329 -0.8543609
v 0.0589820 -0.3156350 -0.1439490
vn 6.1745663 -0.2004385 -1.1365600
v 0.0619940 -0.3124130 -0.1257570
vn 6.1146398 -0.2498099 -1.4164052
v 0.0658580 -0.3092480 -0.1077200
vn 6.0416884 -0.2985043 -1.6930020
v 0.0705630 -0.3061020 -0.0898790
vn 5.9558034 -0.3467282 -1.9661107
v 0.0761010 -0.3029940 -0.0722700
vn 5.8573799 -0.3941227 -2.2345581
v 0.0824580 -0.2999430 -0.0549320
vn 5.7462921 -0.4407896 -2.4986279
v 0.0896200 -0.2969300 -0.0379030
vn 5.6230402 -0.4862149 -2.7572606
v 0.0975750 -0.2939940 -0.0212150
vn 5.4877644 -0.5306903 -3.0100021
v 0.1063020 -0.2911150 -0.0049080
vn 5.3406496 -0.5741309 -3.2565665
v 0.1157860 -0.2883120 0.0109850
vn 5.1822257 -0.6164623 -3.4959738
v 0.1260040 -0.2855850 0.0264280
vn 5.0127783 -0.6572675 -3.7279246
v 0.1369360 -0.2829540 0.0413920
vn 4.8325272 -0.6967986 -3.9520154
v 0.1485580 -0.2803990 0.0558410
vn 4.6420250 -0.7348247 -4.1676016
v 0.1608470 -0.2779390 0.0697470
vn 4.4416971 -0.7712212 -4.3742275
v 0.1737730 -0.2755930 0.0830790
vn 4.2317476 -0.8061609 -4.5716109
v 0.1873110 -0.2733440 0.0958090
vn 4.0128284 -0.8393214 -4.7592316
v 0.2014300 -0.2712270 0.1079090
vn 3.7855186 -0.8702741 -4.9365854
v 0.2161030 -0.2692060 0.1193550
vn 3.5499444 -0.8997380 -5.1034951
v 0.2312980 -0.2672990 0.1301210
vn 3.3068614 -0.9275431 -5.2594323
v 0.2469790 -0.2655260 0.1401840
vn 3.0565903 -0.9529664 -5.4043031
v 0.2631160 -0.2638860 0.1495240
vn 2.7998519 -0.9764109 -5.5375733
v 0.2796760 -0.2623610 0.1581190
vn 2.5371649 -0.9979751 -5.6590047
v 0.2966190 -0.2609880 0.1659520
vn 2.2691817 -1.0171249 -5.7683377
v 0.3139120 -0.2597480 0.1730070
vn 1.9964292 -1.0341492 -5.8653436
v 0.3315170 -0.2586420 0.1792670
vn 1.7187426 -1.0492315 -5.9499655
v 0.3493980 -0.2576700 0.1847200
vn 1.4381270 -1.0617678 -6.0218029
v 0.3675150 -0.2568690 0.1893530
vn 1.1544909 -1.0720897 -6.0806990
v 0.3858290 -0.2561830 0.1931580
vn 0.8677306 -1.0803485 -6.1267743
v 0.4043040 -0.2556680 0.1961260
vn 0.5798537 -1.0859189 -6.1596942
v 0.4228960 -0.2552860 0.1982500
vn 0.2902099 -1.0896661 -6.1794481
v 0.4415690 -0.2550580 0.1995270
vn 6.2748079 -0.0503777 -0.2857572
v 0.0555290 -0.3399470 -0.1775040
vn 6.2547140 -0.1006453 -0.5707530
v 0.0568250 -0.3366860 -0.1591150
vn 6.2213106 -0.1506869 -0.8544152
v 0.0589820 -0.3334640 -0.1408050
vn 6.1745844 -0.2003816 -1.1365057
v 0.0619940 -0.3302600 -0.1226120
vn 6.1146441 -0.2496890 -1.4163764
v 0.0658580 -0.3270760 -0.1045740
vn 6.0416713 -0.2985062 -1.6930376
v 0.0705630 -0.3239300 -0.0867330
vn 5.9558182 -0.3467047 -1.9660492
v 0.0761010 -0.3208220 -0.0691240
vn 5.8573756 -0.3942125 -2.2345421
v 0.0824580 -0.3177710 -0.0517860
vn 5.7462606 -0.4407367 -2.4986789
v 0.0896200 -0.3147580 -0.0347560
vn 5.6229477 -0.4862865 -2.7574282
v 0.0975750 -0.3118220 -0.0180700
vn 5.4877319 -0.5307336 -3.0100503
v 0.1063020 -0.3089430 -0.0017640
vn 5.3406105 -0.5742161 -3.2566056
v 0.1157860 -0.3061400 0.0141290
vn 5.1822538 -0.6163839 -3.4959588
v 0.1260040 -0.3034320 0.0295740
vn 5.0127344 -0.6573458 -3.7279572
v 0.1369360 -0.3007820 0.0445360
vn 4.8324118 -0.6968731 -3.9521637
v 0.1485580 -0.2982460 0.0589860
vn 4.6420755 -0.7345150 -4.1676121
v 0.1608470 -0.2957860 0.0728920
vn 4.4416413 -0.7711338 -4.3743148
v 0.1737730 -0.2934410 0.0862240
vn 4.2320685 -0.8055742 -4.5714383
v 0.1873110 -0.2911910 0.0989540
vn 4.0129857 -0.8391235 -4.7591004
v 0.2014300 -0.2890550 0.1110550
vn 3.7852185 -0.8706598 -4.9367280
v 0.2161030 -0.2870340 0.1225000
vn 3.5498722 -0.8999225 -5.1035385
v 0.2312980 -0.2851460 0.1332660
vn 3.3070672 -0.9272891 -5.2593608
v 0.2469790 -0.2833730 0.1433300
vn 3.0565414 -0.9529331 -5.4043121
v 0.2631160 -0.2817140 0.1526690
vn 2.7999048 -0.9764650 -5.5375724
v 0.2796760 -0.2802080 0.1612640
vn 2.5373478 -0.9977405 -5.6589289
v 0.2966190 -0.2788160 0.1690980
vn 2.2690902 -1.0170628 -5.7683725
v 0.3139120 -0.2775770 0.1761520
vn 1.9961942 -1.0342550 -5.8653855
v 0.3315170 -0.2764710 0.1824120
vn 1.7189440 -1.0492213 -5.9499445
v 0.3493980 -0.2755170 0.1878650
vn 1.4379504 -1.0622904 -6.0217323
v 0.3675150 -0.2746970 0.1924980
vn 1.1544540 -1.0722423 -6.0807099
v 0.3858290 -0.2740300 0.1963030
vn 0.8677929 -1.0802751 -6.1267514
v 0.4043040 -0.2734960 0.1992710
vn 0.5795081 -1.0862880 -6.1596889
v 0.4228960 -0.2731340 0.2013950
vn 0.2903672 -1.0895226 -6.1794863
v 0.4415690 -0.2729050 0.2026720
vn 6.2748070 -0.0503959 -0.2857582
v 0.0555290 -0.3577750 -0.1743600
vn 6.2547083 -0.1004376 -0.5708369
v 0.0568250 -0.3545330 -0.1559690
vn 6.2213182 -0.1504243 -0.8543857
v 0.0589820 -0.3513110 -0.1376580
vn 6.1745319 -0.2000110 -1.1367815
v 0.0619940 -0.3480880 -0.1194660
vn 6.1146259 -0.2491170 -1.4165466
v 0.0658580 -0.3449230 -0.1014300
vn 6.0416665 -0.2977452 -1.6931725
v 0.0705630 -0.3417770 -0.0835890
vn 5.9558940 -0.3458874 -1.9659708
v 0.0761010 -0.3386690 -0.0659800
vn 5.8574128 -0.3933693 -2.2345483
v 0.0824580 -0.3355990 -0.0486410
vn 5.7462306 -0.4398115 -2.4989085
v 0.0896200 -0.3326060 -0.0316100
vn 5.6229863 -0.4854993 -2.7574787
v 0.0975750 -0.3296690 -0.0149240
vn 5.4877219 -0.5299678 -3.0101919
v 0.1063020 -0.3267900 0.0013820
vn 5.3406577 -0.5732308 -3.2566895
v 0.1157860 -0.3239870 0.0172750
vn 5.1822715 -0.6156072 -3.4960394
v 0.1260040 -0.3212600 0.0327180
vn 5.0128813 -0.6564353 -3.7279217
v 0.1369360 -0.3186290 0.0476820
vn 4.8322759 -0.6960950 -3.9524090
v 0.1485580 -0.3160740 0.0621320
vn 4.6422319 -0.7343796 -4.1674809
v 0.1608470 -0.3136330 0.0760370
vn 4.4415560 -0.7709038 -4.3744040
v 0.1737730 -0.3112690 0.0893690
vn 4.2320046 -0.8057445 -4.5714788
v 0.1873110 -0.3090380 0.1020990
vn 4.0130906 -0.8383573 -4.7591548
v 0.2014300 -0.3069020 0.1142000
vn 3.7854898 -0.8695967 -4.9367094
v 0.2161030 -0.3048810 0.1256460
vn 3.5501027 -0.8996338 -5.1034098
v 0.2312980 -0.3029750 0.1364110
vn 3.3068001 -0.9272316 -5.2595139
v 0.2469790 -0.3012010 0.1464750
vn 3.0567727 -0.9523135 -5.4043179
v 0.2631160 -0.2995610 0.1558140
vn 2.7998440 -0.9763139 -5.5375867
v 0.2796760 -0.2980360 0.1644100
vn 2.5371494 -0.9975284 -5.6590786
v 0.2966190 -0.2966630 0.1722430
vn 2.2691154 -1.0167089 -5.7684393
v 0.3139120 -0.2954240 0.1792970
vn 1.9967555 -1.0338761 -5.8652864
v 0.3315170 -0.2943180 0.1855570
vn 1.7193969 -1.0493174 -5.9497852
v 0.3493980 -0.2933450 0.1910100
vn 1.4381777 -1.0619024 -6.0217338
v 0.3675150 -0.2925260 0.1956440
vn 1.1539134 -1.0722667 -6.0807786
v 0.3858290 -0.2918580 0.1994490
vn 0.8682250 -1.0804014 -6.1267080
v 0.4043040 -0.2913430 0.2024160
vn 0.5796958 -1.0862713 -6.1596479
v 0.4228960 -0.2909620 0.2045410
vn 0.2903609 -1.0896842 -6.1794481
v 0.4415690 -0.2907330 0.2058170
vn 0.1445433 -3.6840694 -2.5354412
v 0.4458190 -0.1640290 0.0899610
vn 0.0007244 -6.1879144 1.0900067
v 0.4449460 -0.1608260 0.1080990
vn 0.0014966 -6.1879148 1.0900017
v 0.4440790 -0.1576410 0.1262370
vn 0.0020412 -6.1875648 1.0919938
v 0.4432170 -0.1544380 0.1443760
vn 0.0025701 -6.1873736 1.0930754
v 0.4423640 -0.1512350 0.1625150
vn 0.2892843 -3.6825838 -2.5262947
v 0.4313850 -0.1642010 0.0889740
vn 0.0002260 -6.1879869 1.0896040
v 0.4296370 -0.1610160 0.1070500
vn -0.0006476 -6.1879034 1.0900773
v 0.4279040 -0.1578320 0.1251280
vn 0.0000564 -6.1878209 1.0905426
v 0.4261870 -0.1546480 0.1432080
vn -0.0001303 -6.1875396 1.0921254
v 0.4244850 -0.1514630 0.1612880
vn 0.4355201 -3.6813729 -2.5108128
v 0.4170030 -0.1644870 0.0873350
vn 0.0004237 -6.1878405 1.0904348
v 0.4143850 -0.1613210 0.1053080
vn -0.0010849 -6.1879721 1.0896854
v 0.4117910 -0.1581560 0.1232840
vn -0.0014293 -6.1876221 1.0916634
v 0.4092230 -0.1549910 0.1412640
vn -0.0020409 -6.1876926 1.0912596
v 0.4066770 -0.1518070 0.1592470
vn 0.5785415 -3.6737580 -2.4848590
v 0.4027190 -0.1649060 0.0850310
vn -0.0003393 -6.1874771 1.0924904
v 0.3990470 -0.1617600 0.1028240
vn -0.0005749 -6.1877074 1.0911816
v 0.3954920 -0.1586140 0.1206420
vn -0.0007715 -6.1878037 1.0906339
v 0.3920700 -0.1554680 0.1384850
vn 0.0006598 -6.1877270 1.0910791
v 0.3887860 -0.1523210 0.1563530
vn 0.7186463 -3.6702147 -2.4567633
v 0.3885650 -0.1654210 0.0820910
vn -0.0004139 -6.1875997 1.0917983
v 0.3840710 -0.1623130 0.0996980
vn 0.0004174 -6.1878543 1.0903529
v 0.3796720 -0.1592050 0.1173300
vn 0.0017302 -6.1877127 1.0911458
v 0.3753740 -0.1560970 0.1349880
vn 0.0013786 -6.1876907 1.0912769
v 0.3711770 -0.1529700 0.1526720
vn 0.8587277 -3.6646087 -2.4205422
v 0.3745940 -0.1660500 0.0785200
vn 0.0003698 -6.1875200 1.0922472
v 0.3692310 -0.1629800 0.0958870
vn -0.0006415 -6.1877952 1.0906882
v 0.3639790 -0.1599100 0.1132900
vn -0.0015552 -6.1882191 1.0882802
v 0.3588430 -0.1568400 0.1307280
vn 0.0002607 -6.1876154 1.0916941
v 0.3538160 -0.1537710 0.1482000
vn 0.9992856 -3.6595128 -2.3777823
v 0.3607740 -0.1667940 0.0743130
vn -0.0006699 -6.1874294 1.0927556
v 0.3545700 -0.1637810 0.0914040
vn 0.0014073 -6.1875572 1.0920353
v 0.3484910 -0.1607490 0.1085410
vn 0.0002284 -6.1878009 1.0906539
v 0.3425380 -0.1577180 0.1257240
vn 0.0001050 -6.1880741 1.0891074
v 0.3367090 -0.1546860 0.1429520
vn 0.0012752 -6.1879830 1.0896183
v 0.3198930 -0.1557540 0.1369350
vn 0.0012358 -6.1875787 1.0919008
v 0.3265440 -0.1587280 0.1199940
vn 0.0020003 -6.1876497 1.0914953
v 0.3333090 -0.1617220 0.1031020
vn -0.0008471 -6.1877384 1.0909971
v 0.3401870 -0.1646770 0.0862570
vn 1.1337886 -3.6458888 -2.3289948
v 0.3471730 -0.1676520 0.0694590
vn -0.0013483 -6.1877642 1.0908629
v 0.3032970 -0.1569550 0.1301220
vn 0.0012700 -6.1874838 1.0924470
v 0.3107120 -0.1598910 0.1134930
vn 0.0010434 -6.1878181 1.0905595
v 0.3182710 -0.1628090 0.0969320
vn 0.0023282 -6.1879411 1.0898582
v 0.3259700 -0.1657070 0.0804380
vn 1.2690252 -3.6404183 -2.2747149
v 0.3338110 -0.1686050 0.0640140
vn -0.0007109 -6.1875501 1.0920703
v 0.2871030 -0.1582710 0.1225880
vn -0.0013686 -6.1875319 1.0921830
v 0.2952960 -0.1611500 0.1063130
vn -0.0010281 -6.1878481 1.0903881
v 0.3036300 -0.1640100 0.0901140
vn 0.0008607 -6.1878567 1.0903373
v 0.3121040 -0.1668510 0.0739910
vn 1.4026959 -3.6266801 -2.2158980
v 0.3207190 -0.1696730 0.0579460
vn 0.0003742 -6.1875582 1.0920303
v 0.2712630 -0.1597390 0.1143190
vn 0.0000030 -6.1877255 1.0910854
v 0.2802080 -0.1625420 0.0984330
vn -0.0000163 -6.1879139 1.0900170
v 0.2892990 -0.1653260 0.0826340
vn -0.0016011 -6.1878309 1.0904860
v 0.2985360 -0.1680900 0.0669250
vn 1.5258455 -3.6154616 -2.1469193
v 0.3079210 -0.1708550 0.0513070
vn -0.0014721 -6.1877341 1.0910361
v 0.2558320 -0.1613210 0.1053360
vn -0.0009706 -6.1877332 1.0910425
v 0.2655180 -0.1640480 0.0898750
vn 0.0004884 -6.1879258 1.0899512
v 0.2753510 -0.1667560 0.0745140
vn -0.0004779 -6.1879778 1.0896558
v 0.2853310 -0.1694440 0.0592510
vn 1.6538730 -3.6034818 -2.0769677
v 0.2954500 -0.1721140 0.0440860
vn 0.0000945 -6.1875906 1.0918442
v 0.2408690 -0.1630180 0.0956740
vn -0.0007164 -6.1875801 1.0919093
v 0.2512750 -0.1656690 0.0806730
vn 0.0005761 -6.1879311 1.0899087
v 0.2618210 -0.1683000 0.0657780
vn 0.0009006 -6.1879225 1.0899606
v 0.2725080 -0.1708930 0.0509890
vn 1.7750025 -3.5891256 -1.9977160
v 0.2833330 -0.1734870 0.0363050
vn 0.0002184 -6.1878877 1.0901611
v 0.2263630 -0.1648490 0.0853390
vn -0.0000830 -6.1877651 1.0908626
v 0.2374750 -0.1674040 0.0708370
vn -0.0003831 -6.1878481 1.0903919
v 0.2487160 -0.1699400 0.0564420
vn 0.0014679 -6.1877556 1.0909160
v 0.2600900 -0.1724570 0.0421580
vn 1.8938097 -3.5750697 -1.9138708
v 0.2715910 -0.1749550 0.0279840
vn 0.0003446 -6.1878886 1.0901352
v 0.2123520 -0.1667750 0.0743410
vn -0.0006846 -6.1875839 1.0918858
v 0.2241300 -0.1692540 0.0603600
vn 0.0002782 -6.1878242 1.0905287
v 0.2360420 -0.1716940 0.0464980
vn 0.0005729 -6.1875935 1.0918375
v 0.2480830 -0.1741160 0.0327560
vn 2.0085783 -3.5591590 -1.8247516
v 0.2602560 -0.1765180 0.0191360
vn 0.0009620 -6.1877542 1.0909219
v 0.1988710 -0.1688340 0.0627170
vn 0.0001976 -6.1878138 1.0905800
v 0.2112980 -0.1711980 0.0492900
vn -0.0007882 -6.1878433 1.0904179
v 0.2238520 -0.1735440 0.0359900
vn -0.0024009 -6.1876292 1.0916286
v 0.2365350 -0.1758700 0.0228200
vn 2.1161630 -3.5418525 -1.7298423
v 0.2493470 -0.1781770 0.0097800
vn -0.0011269 -6.1874862 1.0924401
v 0.1859680 -0.1709890 0.0505100
vn 0.0012200 -6.1876020 1.0917739
v 0.1990240 -0.1732580 0.0376720
vn 0.0027799 -6.1878638 1.0902996
v 0.2121980 -0.1754890 0.0249650
vn -0.0025047 -6.1877308 1.0910456
v 0.2254880 -0.1777000 0.0123880
vn 2.2192349 -3.5240500 -1.6315594
v 0.2388880 -0.1799120 -0.0000650
vn -0.0016840 -6.1877232 1.0910977
v 0.1736580 -0.1732390 0.0377350
vn -0.0022078 -6.1880345 1.0893284
v 0.1873120 -0.1753930 0.0255160
vn 0.0006058 -6.1879129 1.0900162
v 0.2010720 -0.1775290 0.0134250
vn 0.0016699 -6.1876459 1.0915257
v 0.2149360 -0.1796260 0.0014610
vn 2.3192649 -3.5050004 -1.5291257
v 0.2289050 -0.1817240 -0.0103750
vn 0.0011567 -6.1876268 1.0916400
v 0.1619490 -0.1755840 0.0244010
vn 0.0009217 -6.1876049 1.0917653
v 0.1761690 -0.1776240 0.0128250
vn -0.0019436 -6.1876373 1.0915837
v 0.1904870 -0.1796450 0.0013790
vn 0.0026330 -6.1874008 1.0929198
v 0.2049020 -0.1816470 -0.0099400
vn 2.4190612 -3.4860425 -1.4224402
v 0.2194130 -0.1836110 -0.0211250
vn 0.0001802 -6.1875491 1.0920742
v 0.1508740 -0.1780440 0.0105350
vn 0.0025687 -6.1874657 1.0925417
v 0.1656230 -0.1799690 -0.0003780
vn 0.0009869 -6.1874828 1.0924597
v 0.1804670 -0.1818570 -0.0111550
vn -0.0010757 -6.1875072 1.0923158
v 0.1954030 -0.1837450 -0.0217940
vn 2.5076661 -3.4668868 -1.3084018
v 0.2104320 -0.1855940 -0.0322930
vn -0.0014936 -6.1877217 1.0911040
v 0.1404790 -0.1805610 -0.0038000
vn -0.0008659 -6.1877742 1.0908060
v 0.1557350 -0.1823720 -0.0140130
vn 0.0003595 -6.1878657 1.0902915
v 0.1710730 -0.1841450 -0.0240960
vn -0.0010479 -6.1877923 1.0907061
v 0.1864910 -0.1859000 -0.0340470
vn 2.5905318 -3.4456685 -1.1944437
v 0.2019850 -0.1876350 -0.0438710
vn 0.0001785 -6.1875730 1.0919509
v 0.1307660 -0.1831730 -0.0185830
vn -0.0005936 -6.1880579 1.0891943
v 0.1464940 -0.1848510 -0.0280770
vn -0.0002872 -6.1879654 1.0897157
v 0.1622900 -0.1864910 -0.0374490
vn -0.0009452 -6.1877317 1.0910470
v 0.1781560 -0.1881300 -0.0466930
vn 2.6725323 -3.4253795 -1.0744359
v 0.1940910 -0.1897320 -0.0558090
vn 0.0015583 -6.1876574 1.0914642
v 0.1217660 -0.1858610 -0.0337950
vn 0.0019285 -6.1879215 1.0899582
v 0.1379310 -0.1873870 -0.0425420
vn -0.0012331 -6.1879253 1.0899529
v 0.1541540 -0.1889120 -0.0511760
vn -0.0025147 -6.1878891 1.0901563
v 0.1704340 -0.1904190 -0.0596930
vn 2.7422893 -3.4030113 -0.9507366
v 0.1867710 -0.1919060 -0.0680900
vn -0.0004689 -6.1879511 1.0898014
v 0.1134710 -0.1886070 -0.0494040
vn 0.0019561 -6.1878190 1.0905408
v 0.1300410 -0.1900180 -0.0573880
vn 0.0018041 -6.1875334 1.0921657
v 0.1466580 -0.1913910 -0.0652630
vn -0.0003881 -6.1875124 1.0922914
v 0.1633230 -0.1927640 -0.0730270
vn 2.8140373 -3.3818965 -0.8231748
v 0.1800250 -0.1941180 -0.0807070
vn 0.0001988 -6.1878271 1.0905017
v 0.1059300 -0.1914290 -0.0653830
vn -0.0001733 -6.1879296 1.0899224
v 0.1228600 -0.1926880 -0.0725920
vn 0.0001340 -6.1873822 1.0930316
v 0.1398340 -0.1939460 -0.0796970
vn 0.0008041 -6.1873488 1.0932198
v 0.1568440 -0.1951850 -0.0867020
vn 2.8719847 -3.3556688 -0.6941664
v 0.1738950 -0.1964060 -0.0936120
vn 2.9323349 -3.3340385 -0.5644560
v 0.1683630 -0.1987130 -0.1067750
vn 0.0005215 -6.1879601 1.0897362
v 0.1510170 -0.1976450 -0.1006180
vn -0.0018601 -6.1877055 1.0911943
v 0.1337000 -0.1965390 -0.0943770
vn -0.0000181 -6.1876574 1.0914686
v 0.1164100 -0.1954140 -0.0880540
vn -0.0007545 -6.1878567 1.0903431
v 0.0991460 -0.1942890 -0.0816490
vn 2.9784515 -3.3113124 -0.4272032
v 0.1634680 -0.2010770 -0.1201370
vn -0.0013006 -6.1881204 1.0888338
v 0.1458580 -0.2001240 -0.1147680
vn -0.0000836 -6.1879783 1.0896488
v 0.1282660 -0.1991710 -0.1093220
vn -0.0001594 -6.1876307 1.0916201
v 0.1106970 -0.1981980 -0.1038060
vn 0.0004310 -6.1877575 1.0909013
v 0.0931450 -0.1972070 -0.0982250
vn 3.0193586 -3.2837775 -0.2925522
v 0.1592070 -0.2034800 -0.1337520
vn -0.0014176 -6.1878910 1.0901465
v 0.1413670 -0.2026600 -0.1291520
vn 0.0017005 -6.1877427 1.0909804
v 0.1235410 -0.2018400 -0.1245040
vn 0.0007515 -6.1875801 1.0919135
v 0.1057260 -0.2010200 -0.1198040
vn 0.0011422 -6.1874700 1.0925345
v 0.0879230 -0.2001810 -0.1150540
vn 3.0568464 -3.2625170 -0.1534928
v 0.1555480 -0.2059200 -0.1476180
vn 0.0011585 -6.1874375 1.0927066
v 0.1375250 -0.2052340 -0.1437730
vn 0.0024227 -6.1874871 1.0924268
v 0.1195080 -0.2045670 -0.1399070
vn 0.0008151 -6.1875482 1.0920879
v 0.1014930 -0.2038800 -0.1360190
vn 0.0006962 -6.1876287 1.0916326
v 0.0834860 -0.2031940 -0.1321040
vn 3.0873716 -3.2373328 -0.0120173
v 0.1525750 -0.2083800 -0.1615460
vn 0.0007790 -6.1874895 1.0924248
v 0.1343920 -0.2078460 -0.1585220
vn 0.0014830 -6.1876221 1.0916729
v 0.1162130 -0.2073120 -0.1554830
vn -0.0010034 -6.1878233 1.0905241
v 0.0980340 -0.2067790 -0.1524260
vn 0.0002302 -6.1879959 1.0895395
v 0.0798610 -0.2062260 -0.1493530
vn 3.1100240 -3.2129908 0.1281881
v 0.1502580 -0.2108590 -0.1755840
vn 0.0006396 -6.1875072 1.0923181
v 0.1319570 -0.2104590 -0.1733530
vn 0.0001104 -6.1877384 1.0910077
v 0.1136560 -0.2100770 -0.1711300
vn -0.0012554 -6.1879501 1.0898085
v 0.0953530 -0.2096770 -0.1689160
vn 0.0010318 -6.1875448 1.0921077
v 0.0770500 -0.2092950 -0.1667120
vn 3.1264708 -3.1887333 0.2701538
v 0.1485990 -0.2133570 -0.1897380
vn 0.0000975 -6.1877317 1.0910511
v 0.1302150 -0.2131090 -0.1883360
vn -0.0016701 -6.1878872 1.0901654
v 0.1118280 -0.2128610 -0.1869500
vn 0.0007880 -6.1877003 1.0912273
v 0.0934390 -0.2126130 -0.1855770
vn 0.0000403 -6.1878934 1.0901251
v 0.0750500 -0.2123840 -0.1842180
vn 3.1376243 -3.1635289 0.4109108
v 0.1476100 -0.2158550 -0.2039490
vn 0.0001377 -6.1882811 1.0879314
v 0.1291770 -0.2157590 -0.2033880
vn -0.0006619 -6.1881623 1.0886037
v 0.1107460 -0.2156640 -0.2028470
vn -0.0009208 -6.1881409 1.0887251
v 0.0923120 -0.2155690 -0.2023260
vn -0.0003911 -6.1883593 1.0874825
v 0.0738790 -0.2154730 -0.2018250
vn -0.0004531 6.1877809 -1.0907735
v 0.4418610 0.0037850 0.1357770
vn 0.0001977 6.1877890 -1.0907222
v 0.4427510 0.0005620 0.1174900
vn 0.0016265 6.1873741 -1.0930620
v 0.4436360 -0.0026600 0.0992020
vn -0.0007690 6.1875787 -1.0919075
v 0.4445130 -0.0059010 0.0809130
vn 0.1488401 2.5942869 -3.6441412
v 0.4453850 -0.0091240 0.0626240
vn -0.0005641 6.1876974 -1.0912409
v 0.4234490 0.0035560 0.1344830
vn -0.0016417 6.1878195 -1.0905411
v 0.4252340 0.0003340 0.1162580
vn -0.0005327 6.1876612 -1.0914472
v 0.4270070 -0.0028700 0.0980320
vn 0.0014719 6.1877618 -1.0908772
v 0.4287690 -0.0060920 0.0798050
vn 0.2997548 2.5970855 -3.6298151
v 0.4305210 -0.0092950 0.0615770
vn 0.0005546 6.1874466 -1.0926685
v 0.4051640 0.0031750 0.1323260
vn 0.0008096 6.1877613 -1.0908766
v 0.4078270 -0.0000290 0.1142060
vn -0.0000438 6.1878371 -1.0904486
v 0.4104760 -0.0032130 0.0960840
vn -0.0006075 6.1877718 -1.0908229
v 0.4131070 -0.0064160 0.0779600
vn 0.4463391 2.5997751 -3.6127942
v 0.4157250 -0.0096010 0.0598340
vn 0.0001347 6.1876869 -1.0913053
v 0.3870400 0.0026410 0.1293260
vn 0.0003243 6.1879091 -1.0900431
v 0.3906090 -0.0005240 0.1113570
vn 0.0008718 6.1876092 -1.0917399
v 0.3941310 -0.0036900 0.0933790
vn 0.0003927 6.1876650 -1.0914173
v 0.3976070 -0.0068740 0.0753940
vn 0.5940769 2.6028283 -3.5902672
v 0.4010410 -0.0100390 0.0574010
vn 0.0010139 6.1876593 -1.0914558
v 0.3690480 0.0019730 0.1254740
vn 0.0012664 6.1878700 -1.0902594
v 0.3734850 -0.0011730 0.1076920
vn -0.0005870 6.1875534 -1.0920497
v 0.3778680 -0.0043000 0.0899000
vn 0.0017628 6.1877046 -1.0912027
v 0.3822000 -0.0074460 0.0720960
vn 0.7423218 2.6083286 -3.5603409
v 0.3864890 -0.0105920 0.0542840
vn -0.0020529 6.1879454 -1.0898380
v 0.3512380 0.0011350 0.1207730
vn 0.0005322 6.1876054 -1.0917641
v 0.3565490 -0.0019540 0.1032210
vn -0.0020224 6.1875372 -1.0921470
v 0.3617890 -0.0050620 0.0856500
vn -0.0005638 6.1878853 -1.0901694
v 0.3669600 -0.0081510 0.0680630
vn 0.8864999 2.6113575 -3.5198720
v 0.3720580 -0.0112590 0.0504590
vn 1.0263385 2.6238506 -3.4746883
v 0.3578610 -0.0120410 0.0460020
vn -0.0006518 6.1879282 -1.0899312
v 0.3519630 -0.0089900 0.0633580
vn 0.0029938 6.1876407 -1.0915405
v 0.3459830 -0.0059400 0.0806910
vn 0.0006195 6.1877446 -1.0909638
v 0.3399120 -0.0028700 0.0979970
vn -0.0002315 6.1881700 -1.0885594
v 0.3337310 0.0001620 0.1152700
vn 1.1691073 2.6288424 -3.4252648
v 0.3439130 -0.0129560 0.0408680
vn 0.0007323 6.1876640 -1.0914301
v 0.3372050 -0.0099440 0.0579370
vn 0.0003832 6.1875219 -1.0922291
v 0.3303940 -0.0069310 0.0749730
vn -0.0013906 6.1877699 -1.0908283
v 0.3234780 -0.0039370 0.0919730
vn 0.0015763 6.1879187 -1.0899858
v 0.3164570 -0.0009440 0.1089360
vn 1.3053271 2.6400907 -3.3657408
v 0.3302150 -0.0139670 0.0350900
vn -0.0000237 6.1878371 -1.0904469
v 0.3227270 -0.0110120 0.0518390
vn -0.0012421 6.1877394 -1.0910065
v 0.3151070 -0.0080750 0.0685360
vn 0.0011671 6.1874948 -1.0923901
v 0.3073680 -0.0051390 0.0851840
vn -0.0013394 6.1876335 -1.0915999
v 0.2995180 -0.0022020 0.1017890
vn 1.4378349 2.6533744 -3.3000858
v 0.3168020 -0.0150920 0.0286780
vn -0.0022599 6.1878510 -1.0903722
v 0.3085500 -0.0122130 0.0450720
vn -0.0008409 6.1874871 -1.0924377
v 0.3001640 -0.0093340 0.0614050
vn -0.0012628 6.1876493 -1.0915025
v 0.2916430 -0.0064540 0.0776800
vn -0.0015321 6.1876240 -1.0916369
v 0.2829840 -0.0036130 0.0938900
vn 1.5723037 2.6637228 -3.2333469
v 0.3037260 -0.0163500 0.0216420
vn 0.0005158 6.1879854 -1.0896080
v 0.2946930 -0.0135280 0.0376300
vn 0.0014190 6.1877270 -1.0910652
v 0.2855280 -0.0107260 0.0535490
vn -0.0005354 6.1876969 -1.0912482
v 0.2762270 -0.0079230 0.0694040
vn 0.0009930 6.1877451 -1.0909748
v 0.2667900 -0.0051390 0.0851890
vn 1.6989992 2.6775091 -3.1532915
v 0.2910080 -0.0176850 0.0140010
vn 0.0002765 6.1877127 -1.0911472
v 0.2812370 -0.0149390 0.0295600
vn -0.0000137 6.1879706 -1.0896871
v 0.2713200 -0.0122130 0.0450410
vn 0.0002960 6.1877675 -1.0908500
v 0.2612620 -0.0095050 0.0604400
vn 0.0013682 6.1876636 -1.0914357
v 0.2510610 -0.0067980 0.0757600
vn 1.8205924 2.6926727 -3.0705872
v 0.2786690 -0.0191340 0.0057760
vn -0.0024484 6.1876073 -1.0917490
v 0.2681820 -0.0164840 0.0208730
vn -0.0013567 6.1874971 -1.0923791
v 0.2575420 -0.0138340 0.0358790
vn -0.0004933 6.1875658 -1.0919936
v 0.2467520 -0.0112020 0.0507900
vn 0.0000465 6.1877308 -1.0910529
v 0.2358130 -0.0085900 0.0656070
vn 1.9431077 2.7062457 -2.9847846
v 0.2667480 -0.0206980 -0.0030180
vn 0.0005399 6.1879120 -1.0900252
v 0.2555520 -0.0181240 0.0115780
vn 0.0008647 6.1878200 -1.0905473
v 0.2442010 -0.0155690 0.0260690
vn 0.0024031 6.1875954 -1.0918055
v 0.2326990 -0.0130330 0.0404580
vn 0.0013478 6.1878433 -1.0904047
v 0.2210470 -0.0104970 0.0547390
vn 2.0571413 2.7213299 -2.8890889
v 0.2552620 -0.0223380 -0.0123650
vn 0.0008356 6.1876888 -1.0912908
v 0.2433670 -0.0198590 0.0016870
vn 0.0014301 6.1878691 -1.0902680
v 0.2313280 -0.0173990 0.0156300
vn 0.0003167 6.1875854 -1.0918757
v 0.2191460 -0.0149590 0.0294610
vn -0.0004366 6.1875925 -1.0918368
v 0.2068170 -0.0125370 0.0431840
vn 2.1667352 2.7367542 -2.7884002
v 0.2442350 -0.0240730 -0.0222390
vn -0.0003894 6.1878123 -1.0905843
v 0.2316850 -0.0217080 -0.0087540
vn -0.0011413 6.1876040 -1.0917733
v 0.2189890 -0.0193440 0.0046120
vn 0.0002347 6.1876373 -1.0915673
v 0.2061530 -0.0170180 0.0178590
vn 0.0001696 6.1873980 -1.0929413
v 0.1931740 -0.0146920 0.0309830
vn 2.2728212 2.7575912 -2.6861179
v 0.2336960 -0.0259030 -0.0326190
vn 0.0004467 6.1881881 -1.0884594
v 0.2205300 -0.0236340 -0.0197180
vn 0.0012624 6.1878891 -1.0901610
v 0.2072150 -0.0213840 -0.0069520
vn -0.0010830 6.1877661 -1.0908440
v 0.1937530 -0.0191530 0.0056780
vn -0.0005171 6.1875067 -1.0923164
v 0.1801450 -0.0169610 0.0181700
vn 2.3756180 2.7779524 -2.5803323
v 0.2236740 -0.0278290 -0.0434780
vn 0.0006595 6.1876478 -1.0915211
v 0.2098940 -0.0256550 -0.0312140
vn -0.0013524 6.1880050 -1.0894979
v 0.1959770 -0.0235200 -0.0190890
vn -0.0017825 6.1877894 -1.0907047
v 0.1819200 -0.0214220 -0.0071060
vn 0.0039312 6.1876674 -1.0914092
v 0.1677280 -0.0193250 0.0047330
vn 2.4687030 2.8007357 -2.4626896
v 0.2141880 -0.0298120 -0.0547960
vn -0.0005561 6.1876607 -1.0914528
v 0.1998230 -0.0277720 -0.0432030
vn -0.0028416 6.1876550 -1.0914719
v 0.1853270 -0.0257510 -0.0317510
vn 0.0027781 6.1879239 -1.0899496
v 0.1707080 -0.0237680 -0.0204420
vn 0.0010282 6.1875916 -1.0918385
v 0.1559630 -0.0217850 -0.0092740
vn 2.5589662 2.8201544 -2.3475518
v 0.2052650 -0.0318910 -0.0665500
vn -0.0016274 6.1879411 -1.0898600
v 0.1903580 -0.0299650 -0.0556340
vn -0.0003120 6.1875396 -1.0921336
v 0.1753300 -0.0280770 -0.0448700
vn 0.0010943 6.1876287 -1.0916133
v 0.1601810 -0.0261890 -0.0342550
vn -0.0014904 6.1875672 -1.0919672
v 0.1449140 -0.0243590 -0.0237930
vn 2.6447501 2.8411112 -2.2271113
v 0.1969170 -0.0340450 -0.0787070
vn -0.0006380 6.1875997 -1.0917789
v 0.1814850 -0.0322340 -0.0685250
vn 0.0001050 6.1878557 -1.0903339
v 0.1659450 -0.0304800 -0.0584860
vn 0.0003397 6.1876335 -1.0916055
v 0.1503000 -0.0287250 -0.0485940
vn 0.0006979 6.1878424 -1.0904280
v 0.1345520 -0.0270090 -0.0388450
vn 2.7186189 2.8662086 -2.0967402
v 0.1891620 -0.0362380 -0.0912380
vn -0.0001253 6.1878681 -1.0902702
v 0.1732650 -0.0345790 -0.0817710
vn 0.0015241 6.1879926 -1.0895661
v 0.1572640 -0.0329390 -0.0724640
vn 0.0001534 6.1877050 -1.0912032
v 0.1411590 -0.0313190 -0.0633180
vn 0.0001419 6.1876378 -1.0915830
v 0.1249520 -0.0297360 -0.0543330
vn 2.7932472 2.8859181 -1.9728802
v 0.1820310 -0.0385260 -0.1041220
vn 0.0005734 6.1873412 -1.0932549
v 0.1656800 -0.0369820 -0.0954350
vn -0.0007054 6.1877012 -1.0912163
v 0.1492360 -0.0354750 -0.0869020
vn -0.0021996 6.1875591 -1.0920267
v 0.1327050 -0.0340070 -0.0785240
vn -0.0000448 6.1875420 -1.0921283
v 0.1160850 -0.0325580 -0.0703000
vn 2.8584986 2.9120207 -1.8367847
v 0.1755210 -0.0408520 -0.1173170
vn 0.0012408 6.1876531 -1.0914866
v 0.1587590 -0.0394600 -0.1094250
vn -0.0003723 6.1876698 -1.0914015
v 0.1419200 -0.0380880 -0.1016780
vn 0.0007458 6.1879940 -1.0895556
v 0.1250070 -0.0367530 -0.0940810
vn 0.0010356 6.1877642 -1.0908664
v 0.1080140 -0.0354370 -0.0866410
vn 2.9142027 2.9347410 -1.7016287
v 0.1696630 -0.0432170 -0.1308110
vn 0.0006330 6.1879716 -1.0896875
v 0.1525160 -0.0419770 -0.1237620
vn 0.0012086 6.1879978 -1.0895412
v 0.1353070 -0.0407570 -0.1168420
vn -0.0008793 6.1879072 -1.0900426
v 0.1180420 -0.0395560 -0.1100520
vn 0.0003328 6.1877093 -1.0911700
v 0.1007230 -0.0383930 -0.1033830
vn 2.9694562 2.9621398 -1.5661467
v 0.1644430 -0.0456570 -0.1445760
vn 0.0009182 6.1874218 -1.0928051
v 0.1469790 -0.0445510 -0.1383260
vn 0.0001355 6.1875834 -1.0918903
v 0.1294630 -0.0434650 -0.1322110
vn -0.0008084 6.1878719 -1.0902525
v 0.1118940 -0.0424160 -0.1262310
vn 0.0010847 6.1878490 -1.0903846
v 0.0942740 -0.0413860 -0.1203870
vn -0.0020071 6.1874719 -1.0925225
v 0.0886510 -0.0444370 -0.1376930
vn -0.0008041 6.1874552 -1.0926018
v 0.1065290 -0.0453140 -0.1427210
vn 0.0007040 6.1872883 -1.0935570
v 0.1243660 -0.0462290 -0.1478750
vn 0.0002490 6.1878133 -1.0905871
v 0.1421620 -0.0471640 -0.1531530
vn 3.0141931 2.9869428 -1.4223372
v 0.1599160 -0.0481170 -0.1585570
vn -0.0002023 6.1877069 -1.0911901
v 0.0838590 -0.0475450 -0.1552810
vn 0.0001964 6.1878176 -1.0905449
v 0.1019540 -0.0482890 -0.1594910
vn -0.0006275 6.1878109 -1.0905836
v 0.1200230 -0.0490510 -0.1638020
vn -0.0007937 6.1880455 -1.0892652
v 0.1380650 -0.0498140 -0.1682090
vn 3.0538807 3.0100651 -1.2815338
v 0.1560800 -0.0506150 -0.1727120
vn -0.0017636 6.1875887 -1.0918509
v 0.0799620 -0.0506530 -0.1728970
vn -0.0010593 6.1876221 -1.0916378
v 0.0982420 -0.0512250 -0.1762440
vn -0.0003354 6.1879134 -1.0900174
v 0.1164880 -0.0518540 -0.1797580
vn 0.0014651 6.1873522 -1.0931823
v 0.1347130 -0.0524840 -0.1833690
vn 3.0864882 3.0346742 -1.1398971
v 0.1529200 -0.0531510 -0.1870550
vn 0.0008147 6.1881876 -1.0884545
v 0.0768690 -0.0538370 -0.1909490
vn -0.0010145 6.1876216 -1.0916696
v 0.0952690 -0.0542950 -0.1935630
vn -0.0006850 6.1876445 -1.0915413
v 0.1136640 -0.0547530 -0.1962000
vn 0.0021576 6.1872401 -1.0938294
v 0.1320560 -0.0552290 -0.1988580
vn 3.1099024 3.0640419 -0.9917508
v 0.1504450 -0.0557060 -0.2015410
vn 0.0022629 6.1879091 -1.0900363
v 0.0746780 -0.0570030 -0.2090000
vn 0.0004999 6.1879902 -1.0895748
v 0.0931830 -0.0573270 -0.2107580
vn 0.0011208 6.1876488 -1.0915146
v 0.1116870 -0.0576320 -0.2125270
vn -0.0002339 6.1879826 -1.0896208
v 0.1301900 -0.0579560 -0.2143120
vn 3.1246405 3.0890009 -0.8431158
v 0.1486910 -0.0582610 -0.2161080
vn 0.0008618 6.1874714 -1.0925250
v 0.0733610 -0.0602060 -0.2271310
vn 0.0005894 6.1877117 -1.0911493
v 0.0919310 -0.0603580 -0.2280270
vn 0.0012245 6.1875944 -1.0918236
v 0.1104990 -0.0605300 -0.2289270
vn -0.0022717 6.1879520 -1.0897952
v 0.1290670 -0.0606830 -0.2298330
vn 3.1348979 3.1146402 -0.6998153
v 0.1476350 -0.0608350 -0.2307430
vn 0.2918118 -1.0898187 -6.1793504
v 0.4457180 -0.0284770 0.0660540
vn 0.2872418 -1.0896678 -6.1796498
v 0.4459570 -0.0478500 0.0694790
vn 0.2858775 -1.0897257 -6.1796918
v 0.4460430 -0.0672040 0.0728980
vn 0.2862832 -1.0897720 -6.1796784
v 0.4460120 -0.0865760 0.0763110
vn 0.2872261 -1.0895604 -6.1796513
v 0.4459570 -0.1059300 0.0797230
vn 0.2878829 -1.0894924 -6.1796408
v 0.4459130 -0.1253030 0.0831350
vn 0.2892545 -1.0896692 -6.1794872
v 0.4458500 -0.1446560 0.0865470
vn 0.5752288 -1.0858117 -6.1601925
v 0.4316120 -0.0480220 0.0685070
vn 0.5716721 -1.0860205 -6.1604891
v 0.4318140 -0.0673750 0.0719390
vn 0.5846448 -1.0860671 -6.1592093
v 0.4311430 -0.0286490 0.0650490
vn 0.5716320 -1.0867276 -6.1603928
v 0.4317930 -0.0867480 0.0753520
vn 0.5737047 -1.0861573 -6.1602659
v 0.4317060 -0.1061020 0.0787590
vn 0.5759690 -1.0859165 -6.1600924
v 0.4315910 -0.1254740 0.0821630
vn 0.5785437 -1.0861226 -6.1598282
v 0.4314770 -0.1448470 0.0855670
vn 0.8573640 -1.0803295 -6.1282592
v 0.4175750 -0.0676610 0.0703340
vn 0.8634507 -1.0799959 -6.1274781
v 0.4172560 -0.0483080 0.0668760
vn 0.8571978 -1.0810902 -6.1281223
v 0.4175770 -0.0870150 0.0737490
vn 0.8769743 -1.0799087 -6.1255598
v 0.4165910 -0.0289540 0.0633690
vn 0.8601140 -1.0802268 -6.1278954
v 0.4174510 -0.1063880 0.0771460
vn 0.8627808 -1.0802226 -6.1275148
v 0.4173000 -0.1257600 0.0805400
vn 0.8653136 -1.0813087 -6.1269736
v 0.4171400 -0.1451330 0.0839330
vn 1.1432920 -1.0720159 -6.0828629
v 0.4033160 -0.0680620 0.0680690
vn 1.1428199 -1.0728874 -6.0827923
v 0.4033560 -0.0874150 0.0714900
vn 1.1513041 -1.0718091 -6.0813870
v 0.4028960 -0.0487080 0.0645780
vn 1.1454386 -1.0724173 -6.0823917
v 0.4032210 -0.1067880 0.0748800
vn 1.1679215 -1.0717889 -6.0782332
v 0.4020820 -0.0293740 0.0610120
vn 1.1484792 -1.0723804 -6.0818233
v 0.4030570 -0.1261610 0.0782650
vn 1.1521529 -1.0724411 -6.0811186
v 0.4028940 -0.1455330 0.0816500
vn 1.4289148 -1.0614327 -6.0240302
v 0.3890720 -0.0685770 0.0651340
vn 1.4275228 -1.0624049 -6.0241690
v 0.3891540 -0.0879300 0.0685670
vn 1.4389830 -1.0613543 -6.0216489
v 0.3885790 -0.0492230 0.0616050
vn 1.4299192 -1.0621136 -6.0236702
v 0.3890400 -0.1073030 0.0719550
vn 1.4328732 -1.0620178 -6.0229869
v 0.3888970 -0.1266760 0.0753370
vn 1.4572687 -1.0610561 -6.0173273
v 0.3876560 -0.0299080 0.0579750
vn 1.4359484 -1.0620122 -6.0222659
v 0.3887230 -0.1460480 0.0787110
vn 1.7134249 -1.0487511 -5.9515853
v 0.3749150 -0.0692060 0.0615310
vn 1.7110652 -1.0495211 -5.9521160
v 0.3750330 -0.0885590 0.0649780
vn 1.7246274 -1.0483195 -5.9484615
v 0.3743580 -0.0498710 0.0579600
vn 1.7127007 -1.0494668 -5.9516716
v 0.3749450 -0.1079320 0.0683680
vn 1.7450001 -1.0491810 -5.9423456
v 0.3733530 -0.0305560 0.0542610
vn 1.7151132 -1.0493755 -5.9510098
v 0.3748190 -0.1273050 0.0717470
vn 1.7176832 -1.0499043 -5.9501796
v 0.3746930 -0.1466770 0.0751270
vn 1.9941347 -1.0336794 -5.8662086
v 0.3609270 -0.0699690 0.0572750
vn 2.0054860 -1.0328048 -5.8625312
v 0.3603300 -0.0506340 0.0536620
vn 1.9913235 -1.0346609 -5.8669553
v 0.3610770 -0.0893220 0.0607400
vn 1.9927018 -1.0346388 -5.8664789
v 0.3610070 -0.1086760 0.0641300
vn 2.0263376 -1.0328225 -5.8553505
v 0.3592560 -0.0313380 0.0498900
vn 1.9942579 -1.0344859 -5.8659935
v 0.3609040 -0.1280480 0.0675110
vn 1.9962201 -1.0358124 -5.8651319
v 0.3608010 -0.1474210 0.0708910
vn 2.2693841 -1.0160201 -5.7684531
v 0.3471900 -0.0708270 0.0523920
vn 2.2820323 -1.0151061 -5.7636228
v 0.3465500 -0.0514920 0.0487330
vn 2.2660067 -1.0171762 -5.7695704
v 0.3473620 -0.0901800 0.0558720
vn 2.2671070 -1.0177267 -5.7690597
v 0.3473120 -0.1095530 0.0592680
vn 2.3054147 -1.0153043 -5.7542982
v 0.3454020 -0.0322150 0.0448760
vn 2.2688730 -1.0172546 -5.7684050
v 0.3472360 -0.1289060 0.0626540
vn 2.2707281 -1.0177943 -5.7676263
v 0.3471640 -0.1482790 0.0660400
vn 2.5392542 -0.9968518 -5.6583114
v 0.3337440 -0.0717990 0.0469020
vn 2.5534954 -0.9953424 -5.6521759
v 0.3330500 -0.0524840 0.0431860
vn 2.5347981 -0.9980904 -5.6600351
v 0.3339370 -0.0911340 0.0504010
vn 2.5358126 -0.9981227 -5.6595573
v 0.3339040 -0.1105060 0.0538030
vn 2.5778637 -0.9953755 -5.6410732
v 0.3318160 -0.0332060 0.0392280
vn 2.5379317 -0.9975204 -5.6587372
v 0.3338280 -0.1298790 0.0571840
vn 2.5395525 -0.9983712 -5.6578627
v 0.3337760 -0.1492520 0.0605760
vn 2.8031695 -0.9755010 -5.5360956
v 0.3205910 -0.0728670 0.0408140
vn 2.7989159 -0.9764771 -5.5380135
v 0.3208100 -0.0922010 0.0443380
vn 2.8181560 -0.9735247 -5.5288806
v 0.3198340 -0.0535700 0.0370270
vn 2.7998109 -0.9761907 -5.5376339
v 0.3207860 -0.1115740 0.0477400
vn 2.8004167 -0.9762319 -5.5373349
v 0.3207360 -0.1309470 0.0511300
vn 2.8448386 -0.9723699 -5.5153828
v 0.3185070 -0.0343120 0.0329530
vn 2.8015130 -0.9758779 -5.5368605
v 0.3206690 -0.1503190 0.0545100
vn 3.0613806 -0.9513489 -5.4019251
v 0.3077220 -0.0740490 0.0341210
vn 3.0569432 -0.9525336 -5.4041691
v 0.3079780 -0.0933840 0.0376780
vn 3.0776167 -0.9497218 -5.3929777
v 0.3069100 -0.0547530 0.0302600
vn 3.0570729 -0.9530925 -5.4040079
v 0.3079760 -0.1127560 0.0410910
vn 3.0576441 -0.9532164 -5.4036293
v 0.3079070 -0.1321100 0.0444680
vn 3.1060972 -0.9480230 -5.3769832
v 0.3055140 -0.0355320 0.0260670
vn 3.0586822 -0.9528238 -5.4031191
v 0.3078350 -0.1514830 0.0478430
vn 3.3138425 -0.9252880 -5.2554593
v 0.2951490 -0.0753270 0.0268260
vn 3.3083994 -0.9266155 -5.2586107
v 0.2954370 -0.0946610 0.0304170
vn 3.3311749 -0.9237748 -5.2448082
v 0.2942950 -0.0560490 0.0228870
vn 3.3079782 -0.9275697 -5.2587380
v 0.2954470 -0.1140340 0.0338370
vn 3.3095140 -0.9273778 -5.2577710
v 0.2954090 -0.1333870 0.0372290
vn 3.3599505 -0.9216447 -5.2268085
v 0.2928550 -0.0368480 0.0185810
vn 3.3106599 -0.9275725 -5.2570381
v 0.2953570 -0.1527600 0.0406120
vn 3.5595856 -0.8974400 -5.0972185
v 0.2829040 -0.0767180 0.0189400
vn 3.5532899 -0.8987483 -5.1013565
v 0.2832220 -0.0960530 0.0225700
vn 3.5776153 -0.8955825 -5.0849481
v 0.2820210 -0.0574600 0.0149260
vn 3.5530682 -0.8995914 -5.1013055
v 0.2832590 -0.1154070 0.0260100
vn 3.5538368 -0.8993951 -5.1008539
v 0.2832170 -0.1347790 0.0293950
vn 3.6063306 -0.8926519 -5.0651956
v 0.2805590 -0.0382780 0.0105080
vn 3.5541317 -0.9003459 -5.1005111
v 0.2831900 -0.1541520 0.0327920
vn 3.7978034 -0.8678866 -4.9275942
v 0.2710330 -0.0782060 0.0104890
vn 3.7907407 -0.8687991 -4.9327822
v 0.2713720 -0.0975210 0.0141580
vn 3.8156185 -0.8652714 -4.9143519
v 0.2701380 -0.0589670 0.0064030
vn 3.7897515 -0.8695078 -4.9334707
v 0.2714410 -0.1168940 0.0176220
vn 3.7899485 -0.8702206 -4.9331536
v 0.2714410 -0.1362470 0.0210370
vn 3.8436821 -0.8620621 -4.8930197
v 0.2687080 -0.0397850 0.0019070
vn 3.7900231 -0.8711442 -4.9329677
v 0.2714420 -0.1556200 0.0244540
vn 4.0270872 -0.8362648 -4.7477446
v 0.2595900 -0.0797880 0.0015120
vn 4.0206070 -0.8373986 -4.7529788
v 0.2599330 -0.0991040 0.0052090
vn 4.0413799 -0.8334009 -4.7362809
v 0.2588220 -0.0605490 -0.0025380
vn 4.0188942 -0.8378372 -4.7543097
v 0.2600040 -0.1184570 0.0086810
vn 4.0653725 -0.8306001 -4.7163382
v 0.2575330 -0.0413670 -0.0070250
vn 4.0187702 -0.8383819 -4.7543292
v 0.2600250 -0.1378300 0.0121140
vn 4.0182276 -0.8394380 -4.7546616
v 0.2600650 -0.1571840 0.0155590
vn 4.2497983 -0.7998839 -4.5563407
v 0.2483690 -0.0621320 -0.0115930
vn 4.2451043 -0.8028024 -4.5599313
v 0.2487330 -0.0814470 -0.0078480
vn 4.2582660 -0.7998179 -4.5489378
v 0.2475790 -0.0428930 -0.0157250
vn 4.2410011 -0.8040522 -4.5634046
v 0.2489580 -0.1007630 -0.0042310
vn 4.2393627 -0.8044415 -4.5648494
v 0.2490420 -0.1201160 -0.0007420
vn 4.2385740 -0.8050651 -4.5655012
v 0.2490910 -0.1394890 0.0027170
vn 4.2374725 -0.8058996 -4.5663738
v 0.2491370 -0.1588430 0.0061740
vn 4.4222226 -0.7727579 -4.3946567
v 0.2404290 -0.0440940 -0.0224580
vn 4.4426289 -0.7675077 -4.3744054
v 0.2389990 -0.0636950 -0.0204420
vn 4.4504089 -0.7678328 -4.3661261
v 0.2385360 -0.0831440 -0.0174850
vn 4.4511628 -0.7691320 -4.3649907
v 0.2385010 -0.1025170 -0.0141040
vn 4.4500017 -0.7695441 -4.3660746
v 0.2385580 -0.1218710 -0.0106340
vn 4.4487553 -0.7701253 -4.3672504
v 0.2386160 -0.1412240 -0.0071640
vn 4.4477534 -0.7706512 -4.3681684
v 0.2386710 -0.1605780 -0.0036930
vn 4.6000323 -0.7422593 -4.2131329
v 0.2312380 -0.0457340 -0.0317740
vn 4.6330462 -0.7341748 -4.1780334
v 0.2295070 -0.0654110 -0.0302050
vn 4.6479926 -0.7315043 -4.1616635
v 0.2287020 -0.0849370 -0.0276590
vn 4.6515083 -0.7322589 -4.1574731
v 0.2285170 -0.1043280 -0.0244470
vn 4.6504655 -0.7330012 -4.1585140
v 0.2285610 -0.1237010 -0.0209840
vn 4.6491580 -0.7336081 -4.1598868
v 0.2286190 -0.1430550 -0.0175080
vn 4.6480198 -0.7337815 -4.1611242
v 0.2286740 -0.1624080 -0.0140320
vn 4.7881703 -0.7054926 -4.0044503
v 0.2217690 -0.0475830 -0.0422540
vn 4.8213229 -0.6975045 -3.9658105
v 0.2201050 -0.0672800 -0.0407860
vn 4.8384237 -0.6934943 -3.9454596
v 0.2192260 -0.0868240 -0.0384120
vn 4.8429189 -0.6938887 -3.9398046
v 0.2189880 -0.1062540 -0.0352810
vn 4.8418231 -0.6950126 -3.9409022
v 0.2190280 -0.1256080 -0.0318180
vn 4.8403430 -0.6954432 -3.9426544
v 0.2190920 -0.1449610 -0.0283270
vn 4.8388305 -0.6957566 -3.9444528
v 0.2191630 -0.1642960 -0.0248280
vn 4.9720216 -0.6660526 -3.7808642
v 0.2125810 -0.0495470 -0.0534240
vn 5.0025434 -0.6583074 -3.7416816
v 0.2110420 -0.0692630 -0.0519860
vn 5.0195107 -0.6539127 -3.7195325
v 0.2101860 -0.0888260 -0.0496860
vn 5.0237851 -0.6541790 -3.7135963
v 0.2099480 -0.1082370 -0.0465840
vn 5.0227652 -0.6549923 -3.7148478
v 0.2099990 -0.1275910 -0.0431040
vn 5.0214334 -0.6554863 -3.7165649
v 0.2100810 -0.1469440 -0.0395810
vn 5.0200114 -0.6562437 -3.7183738
v 0.2101650 -0.1662790 -0.0360570
vn 5.1464348 -0.6256027 -3.5470672
v 0.2038650 -0.0516060 -0.0650910
vn 5.1742382 -0.6172684 -3.5078483
v 0.2024670 -0.0713220 -0.0636590
vn 5.1901536 -0.6127274 -3.4849269
v 0.2016700 -0.0908860 -0.0613900
vn 5.1945734 -0.6128669 -3.4781969
v 0.2014450 -0.1102970 -0.0583010
vn 5.1934519 -0.6135440 -3.4796970
v 0.2014890 -0.1296500 -0.0548210
vn 5.1913662 -0.6138628 -3.4828386
v 0.2015960 -0.1490040 -0.0512540
vn 5.1893630 -0.6149344 -3.4856725
v 0.2017030 -0.1683380 -0.0476860
vn 5.3099446 -0.5830256 -3.3051047
v 0.1957060 -0.0537420 -0.0771670
vn 5.3350267 -0.5747257 -3.2658496
v 0.1944570 -0.0734390 -0.0757120
vn 5.3495150 -0.5699956 -3.2428186
v 0.1937380 -0.0930020 -0.0734450
vn 5.3534427 -0.5700278 -3.2362244
v 0.1935320 -0.1124320 -0.0703580
vn 5.3525414 -0.5710579 -3.2375457
v 0.1935840 -0.1317860 -0.0668610
vn 5.3503137 -0.5714321 -3.2411523
v 0.1936850 -0.1511200 -0.0632850
vn 5.3480911 -0.5727836 -3.2445917
v 0.1937990 -0.1704550 -0.0596870
vn 5.4621410 -0.5388296 -3.0550656
v 0.1881300 -0.0559350 -0.0896080
vn 5.4840088 -0.5307649 -3.0170653
v 0.1870380 -0.0756320 -0.0881020
vn 5.4965634 -0.5264872 -2.9947798
v 0.1864070 -0.0951950 -0.0858060
vn 5.4999714 -0.5264069 -2.9884121
v 0.1862260 -0.1146060 -0.0827130
vn 5.4989991 -0.5273297 -2.9900365
v 0.1862770 -0.1339590 -0.0792090
vn 5.4969554 -0.5277914 -2.9937284
v 0.1863760 -0.1532940 -0.0756180
vn 5.4950800 -0.5291615 -2.9969664
v 0.1864750 -0.1726280 -0.0720280
vn 5.6018195 -0.4941063 -2.7989562
v 0.1811550 -0.0581850 -0.1023930
vn 5.6209655 -0.4856993 -2.7617583
v 0.1802170 -0.0778630 -0.1008140
vn 5.6316233 -0.4819309 -2.7405648
v 0.1796780 -0.0974260 -0.0984690
vn 5.6345506 -0.4816371 -2.7344558
v 0.1795270 -0.1168370 -0.0953530
vn 5.6335263 -0.4825574 -2.7364643
v 0.1795730 -0.1361900 -0.0918510
vn 5.6316891 -0.4831198 -2.7401068
v 0.1796630 -0.1555250 -0.0882540
vn 5.6302543 -0.4839271 -2.7429423
v 0.1797520 -0.1748590 -0.0846640
vn 5.7296705 -0.4469503 -2.5356553
v 0.1747960 -0.0604920 -0.1154910
vn 5.7456636 -0.4397791 -2.5005302
v 0.1740030 -0.0801700 -0.1138320
vn 5.7545943 -0.4360927 -2.4803753
v 0.1735490 -0.0997140 -0.1114290
vn 5.7571344 -0.4359519 -2.4744637
v 0.1734310 -0.1191250 -0.1082830
vn 5.7558007 -0.4369296 -2.4773667
v 0.1734830 -0.1384590 -0.1047520
vn 5.7542777 -0.4373834 -2.4808173
v 0.1735610 -0.1577940 -0.1011610
vn 5.7525182 -0.4372349 -2.4849529
v 0.1736470 -0.1771280 -0.0975560
vn 5.8443561 -0.3993934 -2.2677119
v 0.1690740 -0.0628560 -0.1288630
vn 5.8578277 -0.3930145 -2.2337697
v 0.1684050 -0.0825150 -0.1271350
vn 5.8654900 -0.3887859 -2.2141721
v 0.1680290 -0.1020400 -0.1246810
vn 5.8671951 -0.3894611 -2.2095106
v 0.1679400 -0.1214510 -0.1214990
vn 5.8660307 -0.3903412 -2.2123923
v 0.1679910 -0.1407860 -0.1179500
vn 5.8646054 -0.3906973 -2.2161570
v 0.1680640 -0.1601200 -0.1143500
vn 5.8630495 -0.3914528 -2.2201321
v 0.1681360 -0.1794550 -0.1107500
vn 5.9464188 -0.3503691 -1.9940007
v 0.1639910 -0.0652590 -0.1425050
vn 5.9574137 -0.3448876 -1.9617672
v 0.1634400 -0.0848980 -0.1406960
vn 5.9636030 -0.3411529 -1.9434236
v 0.1631350 -0.1044240 -0.1381870
vn 5.9648066 -0.3420781 -1.9394228
v 0.1630640 -0.1238340 -0.1349800
vn 5.9638267 -0.3426005 -1.9423655
v 0.1631140 -0.1431690 -0.1314160
vn 5.9624953 -0.3430792 -1.9463708
v 0.1631860 -0.1624850 -0.1277910
vn 5.9613528 -0.3436767 -1.9497893
v 0.1632530 -0.1818190 -0.1241780
vn 6.0350304 -0.3024193 -1.7161564
v 0.1595730 -0.0676990 -0.1563370
vn 6.0438037 -0.2961111 -1.6861463
v 0.1591360 -0.0873200 -0.1544300
vn 6.0486507 -0.2930011 -1.6690996
v 0.1588900 -0.1068450 -0.1518770
vn 6.0497336 -0.2936588 -1.6649330
v 0.1588350 -0.1262370 -0.1486550
vn 6.0489159 -0.2942024 -1.6677206
v 0.1588730 -0.1455720 -0.1451020
vn 6.0476251 -0.2945887 -1.6724595
v 0.1589380 -0.1649060 -0.1414660
vn 6.0463376 -0.2948089 -1.6770198
v 0.1590010 -0.1842220 -0.1378320
vn 6.1101589 -0.2539994 -1.4350634
v 0.1558300 -0.0701590 -0.1703250
vn 6.1167650 -0.2473316 -1.4079995
v 0.1555000 -0.0897610 -0.1682920
vn 6.1204519 -0.2443434 -1.3922429
v 0.1553110 -0.1092670 -0.1656780
vn 6.1212912 -0.2445789 -1.3883744
v 0.1552670 -0.1286780 -0.1624480
vn 6.1207809 -0.2454320 -1.3905364
v 0.1552980 -0.1480120 -0.1589060
vn 6.1196680 -0.2457915 -1.3952746
v 0.1553490 -0.1673470 -0.1552690
vn 6.1186562 -0.2470435 -1.3995823
v 0.1554050 -0.1866620 -0.1516240
vn 6.1716299 -0.2041984 -1.1520882
v 0.1527660 -0.0726380 -0.1844330
vn 6.1763086 -0.1983446 -1.1279528
v 0.1525330 -0.0922200 -0.1822400
vn 6.1789603 -0.1953598 -1.1137747
v 0.1523980 -0.1117270 -0.1795460
vn 6.1795673 -0.1955931 -1.1102288
v 0.1523650 -0.1311180 -0.1763100
vn 6.1791024 -0.1962359 -1.1127249
v 0.1523860 -0.1504530 -0.1727870
vn 6.1783953 -0.1966977 -1.1165251
v 0.1524230 -0.1697870 -0.1691720
vn 6.1776757 -0.1979355 -1.1203386
v 0.1524610 -0.1891220 -0.1655580
vn 6.2196031 -0.1535767 -0.8665837
v 0.1503820 -0.0751550 -0.1986210
vn 6.2224493 -0.1491756 -0.8469774
v 0.1502370 -0.0946990 -0.1962190
vn 6.2241135 -0.1465148 -0.8350997
v 0.1501500 -0.1141670 -0.1934290
vn 6.2245555 -0.1465355 -0.8316631
v 0.1501270 -0.1335590 -0.1901820
vn 6.2242813 -0.1470779 -0.8334464
v 0.1501380 -0.1529130 -0.1866790
vn 6.2238564 -0.1472737 -0.8365080
v 0.1501590 -0.1722470 -0.1831140
vn 6.2234550 -0.1485898 -0.8393261
v 0.1501800 -0.1915820 -0.1795540
vn 6.2537699 -0.1041281 -0.5806628
v 0.1486740 -0.0776720 -0.2128840
vn 6.2552652 -0.0998918 -0.5658671
v 0.1486030 -0.0971590 -0.2102150
vn 6.2561111 -0.0978215 -0.5568947
v 0.1485580 -0.1166080 -0.2072780
vn 6.2563829 -0.0973576 -0.5538561
v 0.1485440 -0.1360000 -0.2040230
vn 6.2562928 -0.0978849 -0.5546445
v 0.1485480 -0.1553530 -0.2005610
vn 6.2561221 -0.0978807 -0.5564747
v 0.1485560 -0.1747070 -0.1970600
vn 6.2560272 -0.0990002 -0.5571670
v 0.1485610 -0.1940600 -0.1935860
vn 6.2744517 -0.0527370 -0.2918558
v 0.1476380 -0.0802080 -0.2272550
vn 6.2749715 -0.0503370 -0.2832453
v 0.1476190 -0.0996380 -0.2242650
vn 6.2752295 -0.0490446 -0.2784348
v 0.1476060 -0.1190490 -0.2211170
vn 6.2753243 -0.0486079 -0.2768394
v 0.1476020 -0.1384400 -0.2178110
vn 6.2753034 -0.0489640 -0.2770882
v 0.1476020 -0.1577940 -0.2143940
vn 6.2752471 -0.0489223 -0.2778949
v 0.1476020 -0.1771670 -0.2109580
vn 6.2752848 -0.0491256 -0.2771151
v 0.1476000 -0.1965390 -0.2075950
vn -0.0002795 6.1880121 -1.0894580
v 0.4402690 0.0763940 0.2071570
vn 0.0005195 6.1876411 -1.0915666
v 0.4376110 0.0734960 0.1907280
vn 0.0010408 6.1880093 -1.0894740
v 0.4336310 0.0707880 0.1753730
vn -0.0007814 6.1880369 -1.0893168
v 0.4208690 0.0767570 0.2092370
vn -0.0012404 6.1874180 -1.0928216
v 0.4268320 0.0685190 0.1624680
vn -0.0007300 6.1880283 -1.0893645
v 0.4162570 0.0744300 0.1960210
vn -0.0004434 6.1877146 -1.0911458
v 0.4025590 0.0769850 0.2105620
vn 0.0003246 6.1880727 -1.0891122
v 0.4096940 0.0723140 0.1839950
vn -0.0004015 6.1874757 -1.0924780
v 0.4129660 0.0674130 0.1562840
vn 0.0009435 6.1881461 -1.0886755
v 0.3966500 0.0751550 0.2001990
vn 0.0008367 6.1877413 -1.0909858
v 0.3861400 0.0771190 0.2112790
vn -0.0018717 6.1871233 -1.0944890
v 0.4003600 0.0705410 0.1739390
vn 0.0000400 6.1882014 -1.0883714
v 0.3882600 0.0734960 0.1906990
vn -0.0006453 6.1879287 -1.0899343
v 0.3792240 0.0757840 0.2037230
vn -0.0016972 6.1874866 -1.0924360
v 0.3739770 0.0771760 0.2116330
vn 0.0003906 6.1881666 -1.0885601
v 0.3965580 0.0666700 0.1519840
vn 0.0004094 6.1878219 -1.0905142
v 0.3874290 0.0692630 0.1667750
vn -0.0010194 6.1876373 -1.0915847
v 0.3773020 0.0720280 0.1824090
vn -0.0009664 6.1876106 -1.0917373
v 0.3646720 0.0764320 0.2074190
vn -0.0023225 6.1878266 -1.0905087
v 0.3689900 0.0744880 0.1963780
vn 0.0012207 6.1877995 -1.0906552
v 0.3516960 0.0754790 0.2020400
vn 0.0008562 6.1882310 -1.0882053
v 0.3563750 0.0732670 0.1894840
vn -0.0000263 6.1872654 -1.0936769
v 0.3723120 0.0682720 0.1610820
vn 0.0010686 6.1881599 -1.0886134
v 0.3640190 0.0708080 0.1754590
vn -0.0026047 6.1870003 -1.0951810
v 0.3791230 0.0659450 0.1479630
vn 0.0016072 6.1880350 -1.0893056
v 0.3369910 0.0744880 0.1963220
vn -0.0007792 6.1877060 -1.0911925
v 0.3421570 0.0721420 0.1830410
vn -0.0024160 6.1871119 -1.0945427
v 0.3491700 0.0697210 0.1692890
vn -0.0004071 6.1871681 -1.0942271
v 0.3559420 0.0673370 0.1558640
vn 0.0007855 6.1878467 -1.0903999
v 0.3612360 0.0651830 0.1436410
vn -0.0004209 6.1873088 -1.0934432
v 0.3214150 0.0734390 0.1904310
vn 0.0004030 6.1875815 -1.0918856
v 0.3268850 0.0710360 0.1768430
vn -0.0005310 6.1877890 -1.0907154
v 0.3331890 0.0686720 0.1634360
vn 0.0009058 6.1879101 -1.0900270
v 0.3387890 0.0664220 0.1506140
vn 0.0009624 6.1880231 -1.0893910
v 0.3053870 0.0723710 0.1843250
vn 0.0012171 6.1878138 -1.0905790
v 0.3431540 0.0643250 0.1387650
vn 0.0014234 6.1874309 -1.0927360
v 0.3107980 0.0699690 0.1706980
vn 0.0010302 6.1876574 -1.0914683
v 0.3163850 0.0676420 0.1575680
vn 0.0010040 6.1880245 -1.0893866
v 0.3212550 0.0654300 0.1450090
vn -0.0015125 6.1875200 -1.0922456
v 0.2890150 0.0712460 0.1779690
vn -0.0014770 6.1875114 -1.0922942
v 0.2941410 0.0688440 0.1643810
vn 0.0006479 6.1879597 -1.0897557
v 0.3251410 0.0633520 0.1331950
vn 0.0003721 6.1882725 -1.0879788
v 0.2992490 0.0665550 0.1513590
vn -0.0002463 6.1874309 -1.0927547
v 0.2724890 0.0700450 0.1711830
vn -0.0001499 6.1873922 -1.0929620
v 0.3037560 0.0643440 0.1387960
vn -0.0003431 6.1880913 -1.0889958
v 0.2773950 0.0676420 0.1575930
vn -0.0014917 6.1877089 -1.0911661
v 0.3073960 0.0622270 0.1268540
vn -0.0009209 6.1877060 -1.0911760
v 0.2822600 0.0653540 0.1445320
vn 0.0008635 6.1877131 -1.0911528
v 0.2560970 0.0687480 0.1638480
vn -0.0011448 6.1872053 -1.0940224
v 0.2865400 0.0631040 0.1318510
vn -0.0003983 6.1878471 -1.0903888
v 0.2608770 0.0663460 0.1501870
vn 0.0008416 6.1875997 -1.0917990
v 0.2399900 0.0673560 0.1559120
vn -0.0009908 6.1872644 -1.0936998
v 0.2655580 0.0640190 0.1370080
vn -0.0012782 6.1882849 -1.0879097
v 0.2899460 0.0609690 0.1197160
vn -0.0001794 6.1873913 -1.0929717
v 0.2446810 0.0649160 0.1421350
vn 0.0005527 6.1879344 -1.0898937
v 0.2696580 0.0617500 0.1241760
vn -0.0008374 6.1873522 -1.0931976
v 0.2242220 0.0658500 0.1473760
vn -0.0005856 6.1879888 -1.0895903
v 0.2492150 0.0625700 0.1288150
vn 0.0000363 6.1880612 -1.0891795
v 0.2728480 0.0595770 0.1118080
vn 0.0001568 6.1875658 -1.0919964
v 0.2288440 0.0633900 0.1334610
vn 0.0004490 6.1882143 -1.0883076
v 0.2531340 0.0602820 0.1157870
vn 0.0009940 6.1878128 -1.0905824
v 0.2087960 0.0642290 0.1382470
vn -0.0013196 6.1880951 -1.0889806
v 0.2332290 0.0610070 0.1199570
vn 0.0019307 6.1878586 -1.0903293
v 0.2133420 0.0617500 0.1241620
vn 0.0006371 6.1873527 -1.0931966
v 0.2561220 0.0580510 0.1031390
vn 0.0012913 6.1880302 -1.0893493
v 0.1937080 0.0625320 0.1285330
vn -0.0006518 6.1879072 -1.0900375
v 0.2369720 0.0586810 0.1066850
vn 0.0000382 6.1882148 -1.0882930
v 0.2176130 0.0593290 0.1104480
vn 0.0020108 6.1876197 -1.0916811
v 0.1982130 0.0600150 0.1142610
vn -0.0005890 6.1879034 -1.0900729
v 0.1790080 0.0607210 0.1182570
vn 0.0011129 6.1871462 -1.0943624
v 0.2398610 0.0563920 0.0937690
vn -0.0003311 6.1876378 -1.0915612
v 0.2212740 0.0569640 0.0969450
vn 0.0010049 6.1877689 -1.0908370
v 0.2024410 0.0575560 0.1003390
vn 0.0006055 6.1878018 -1.0906487
v 0.1835330 0.0581660 0.1038010
vn -0.0007909 6.1877456 -1.0909692
v 0.1647440 0.0588140 0.1074460
vn 0.0010280 6.1874609 -1.0925795
v 0.2240750 0.0546190 0.0837190
vn 0.0003030 6.1874437 -1.0926775
v 0.2061000 0.0551340 0.0866280
vn 0.0011596 6.1874046 -1.0928861
v 0.1877910 0.0556870 0.0896960
vn -0.0010684 6.1875324 -1.0921724
v 0.1693530 0.0562400 0.0928350
vn -0.0013606 6.1874332 -1.0927346
v 0.1509390 0.0568120 0.0961470
vn -0.0000302 6.1876659 -1.0914216
v 0.2088820 0.0527510 0.0730920
vn 0.0001057 6.1874819 -1.0924546
v 0.1915490 0.0532270 0.0758350
vn -0.0001179 6.1872320 -1.0938820
v 0.1737500 0.0537230 0.0786240
vn -0.0005576 6.1876707 -1.0913962
v 0.1557160 0.0542190 0.0814290
vn -0.0007909 6.1878800 -1.0902030
v 0.1376200 0.0547340 0.0843840
vn -0.0004970 6.1880341 -1.0893332
v 0.1248340 0.0525980 0.0722310
vn 0.0015066 6.1880374 -1.0893064
v 0.1604270 0.0517210 0.0672860
vn -0.0001411 6.1880970 -1.0889688
v 0.1427000 0.0521590 0.0697030
vn 0.0003137 6.1880426 -1.0892894
v 0.1777920 0.0512820 0.0647760
vn 0.0006894 6.1877928 -1.0907066
v 0.1944490 0.0508060 0.0620750
vn 0.0019389 6.1877127 -1.0911597
v 0.1126530 0.0504050 0.0598000
vn -0.0017867 6.1875491 -1.0920861
v 0.1304320 0.0500620 0.0578490
vn -0.0002534 6.1877246 -1.0910808
v 0.1480220 0.0497380 0.0559580
vn 0.0005610 6.1881986 -1.0883965
v 0.1651140 0.0493560 0.0538140
vn 0.0018353 6.1880207 -1.0894114
v 0.1810890 0.0488610 0.0510230
vn 0.0015856 6.1877947 -1.0906923
v 0.1011000 0.0481930 0.0472060
vn 0.0009953 6.1880884 -1.0890185
v 0.1189860 0.0479840 0.0460840
vn -0.0015014 6.1879601 -1.0897477
v 0.1367050 0.0477930 0.0449900
vn -0.0009847 6.1877770 -1.0907931
v 0.1539270 0.0475450 0.0435470
vn 0.0001664 6.1877780 -1.0907860
v 0.1696560 0.0470870 0.0409170
vn -0.1684924 6.2797875 -0.0803328
v 0.4421720 0.4994660 0.2117530
vn -0.1718467 6.2799654 -0.0520804
v 0.4413330 0.4996000 0.2265480
vn -0.1692437 6.2792401 -0.1101161
v 0.4422980 0.4992370 0.1960190
vn -0.1704741 6.2786226 -0.1404197
v 0.4421720 0.4989130 0.1800320
vn -0.1888152 6.2795963 -0.0338418
v 0.4384080 0.4996000 0.2387400
vn -0.2925112 6.2760463 -0.0202613
v 0.4289690 0.4992370 0.2435410
vn -0.3335811 6.2732806 -0.0682519
v 0.4243260 0.4988370 0.2186690
vn -0.3334976 6.2729716 -0.0941425
v 0.4246430 0.4986840 0.2057560
vn -0.3349646 6.2725425 -0.1179123
v 0.4244680 0.4984370 0.1919120
vn -0.3417780 6.2732339 -0.0530845
v 0.4230680 0.4988560 0.2293440
vn -0.3372855 6.2718558 -0.1419890
v 0.4240960 0.4981310 0.1778620
vn -0.3752765 6.2716751 -0.0364125
v 0.4206920 0.4987610 0.2357110
vn -0.4281622 6.2681837 -0.0123560
v 0.4151430 0.4984560 0.2444010
vn -0.4766235 6.2645431 -0.0407428
v 0.4098810 0.4980360 0.2344350
vn -0.4887079 6.2633638 -0.0626450
v 0.4084360 0.4978450 0.2247830
vn -0.4934309 6.2627783 -0.0786852
v 0.4078390 0.4976740 0.2137170
vn -0.4976095 6.2620516 -0.0984671
v 0.4072740 0.4974640 0.2015350
vn -0.5045194 6.2609839 -0.1219384
v 0.4066530 0.4971970 0.1888800
vn -0.5114193 6.2598948 -0.1471792
v 0.4060230 0.4968730 0.1762080
vn -0.5826635 6.2555408 -0.0145852
v 0.3988580 0.4971590 0.2442830
vn -0.6230767 6.2515278 -0.0429891
v 0.3948440 0.4967200 0.2333130
vn -0.6412266 6.2495661 -0.0626572
v 0.3924280 0.4963770 0.2223480
vn -0.6531729 6.2479715 -0.0825177
v 0.3908610 0.4960910 0.2108860
vn -0.6650537 6.2463937 -0.1066940
v 0.3897090 0.4957860 0.1990220
vn -0.6740021 6.2450910 -0.1263618
v 0.3887880 0.4954620 0.1870540
vn -0.6814166 6.2437840 -0.1462765
v 0.3879820 0.4951190 0.1751710
vn -0.7476116 6.2380300 -0.0202482
v 0.3813540 0.4952900 0.2440490
vn -0.7782560 6.2341709 -0.0416792
v 0.3779310 0.4948140 0.2326090
vn -0.8007011 6.2310982 -0.0596677
v 0.3753110 0.4943940 0.2211300
vn -0.8175080 6.2285895 -0.0845531
v 0.3733970 0.4940130 0.2095100
vn -0.8303142 6.2265081 -0.1079684
v 0.3720200 0.4936500 0.1978220
vn -0.8397722 6.2248073 -0.1294095
v 0.3709600 0.4932880 0.1861670
vn -0.8493917 6.2232180 -0.1471526
v 0.3699860 0.4928880 0.1745600
vn -0.9139528 6.2155962 -0.0200165
v 0.3633270 0.4929070 0.2438910
vn -0.9434387 6.2112756 -0.0426321
v 0.3602590 0.4923730 0.2322530
vn -0.9659159 6.2075868 -0.0594645
v 0.3577210 0.4918960 0.2206040
vn -0.9860770 6.2040310 -0.0874166
v 0.3557940 0.4914580 0.2089450
vn -0.9991546 6.2017312 -0.1067091
v 0.3543620 0.4910380 0.1973010
vn -1.0079443 6.1997509 -0.1287302
v 0.3531800 0.4906380 0.1856830
vn -1.0187476 6.1976933 -0.1486100
v 0.3520490 0.4901800 0.1740880
vn -1.0842639 6.1882892 -0.0217405
v 0.3451640 0.4899700 0.2437950
vn -1.1104753 6.1835861 -0.0405649
v 0.3424120 0.4894170 0.2320650
vn -1.1329646 6.1792383 -0.0627851
v 0.3400710 0.4889030 0.2203400
vn -1.1507319 6.1757412 -0.0886844
v 0.3382150 0.4884070 0.2086220
vn -1.1634188 6.1730871 -0.1035811
v 0.3367320 0.4879490 0.1969170
vn -1.1751082 6.1702952 -0.1284570
v 0.3354290 0.4874920 0.1852330
vn -1.1860535 6.1678391 -0.1503836
v 0.3341750 0.4869770 0.1735810
vn -1.2535598 6.1562161 -0.0251902
v 0.3270340 0.4865380 0.2437130
vn -1.2750235 6.1518025 -0.0405696
v 0.3245880 0.4859660 0.2318990
vn -1.2961771 6.1470146 -0.0639931
v 0.3224460 0.4854320 0.2200920
vn -1.3142686 6.1429343 -0.0891085
v 0.3206620 0.4848980 0.2082920
vn -1.3273709 6.1399245 -0.1035388
v 0.3191420 0.4843840 0.1965050
vn -1.3403370 6.1365352 -0.1274549
v 0.3177460 0.4838690 0.1847400
vn -1.3526841 6.1333413 -0.1509564
v 0.3163750 0.4832970 0.1730080
vn -1.4247389 6.1187477 -0.0205163
v 0.3089770 0.4826110 0.2436210
vn -1.4442806 6.1141224 -0.0423691
v 0.3068130 0.4820380 0.2317120
vn -1.4645276 6.1090798 -0.0683681
v 0.3048580 0.4814660 0.2198120
vn -1.4789519 6.1054702 -0.0861482
v 0.3031440 0.4808940 0.2079220
vn -1.4925389 6.1017737 -0.1041354
v 0.3015980 0.4803420 0.1960390
vn -1.5090075 6.0972710 -0.1293226
v 0.3001280 0.4797500 0.1841850
vn -1.5216854 6.0935965 -0.1505316
v 0.2986750 0.4791210 0.1723710
vn -1.5949233 6.0767622 -0.0174319
v 0.2910040 0.4781480 0.2435240
vn -1.6122950 6.0719619 -0.0420407
v 0.2891070 0.4775960 0.2315060
vn -1.6286373 6.0674639 -0.0670413
v 0.2873260 0.4770050 0.2195030
vn -1.6432157 6.0632915 -0.0844001
v 0.2856820 0.4764130 0.2075190
vn -1.6602046 6.0581980 -0.1088362
v 0.2841210 0.4758030 0.1955190
vn -1.6732799 6.0543623 -0.1285788
v 0.2825930 0.4751360 0.1835630
vn -1.6874188 6.0498371 -0.1489480
v 0.2810660 0.4744490 0.1716400
vn -1.7627662 6.0301232 -0.0185183
v 0.2731680 0.4732100 0.2434020
vn -1.7790366 6.0252228 -0.0425851
v 0.2714920 0.4726570 0.2312770
vn -1.7937350 6.0206594 -0.0661297
v 0.2698710 0.4720660 0.2191540
vn -1.8091156 6.0158315 -0.0873953
v 0.2682960 0.4714370 0.2070410
vn -1.8219161 6.0116992 -0.1063454
v 0.2667370 0.4707690 0.1949460
vn -1.8363354 6.0067139 -0.1299368
v 0.2651670 0.4700640 0.1828730
vn -1.8532883 6.0011439 -0.1524635
v 0.2635870 0.4692820 0.1708340
vn -1.9285066 5.9792371 -0.0199242
v 0.2554470 0.4677570 0.2432760
vn -1.9432387 5.9743242 -0.0429418
v 0.2539920 0.4672230 0.2310230
vn -1.9562054 5.9699159 -0.0653060
v 0.2525270 0.4666320 0.2187740
vn -1.9683690 5.9656906 -0.0852985
v 0.2510310 0.4659830 0.2065390
vn -1.9833155 5.9603224 -0.1066609
v 0.2494790 0.4652780 0.1943190
vn -1.9989147 5.9546399 -0.1320550
v 0.2478790 0.4644960 0.1821200
vn -2.0133600 5.9493489 -0.1505020
v 0.2462560 0.4636570 0.1699550
vn -2.0933571 5.9234390 -0.0223466
v 0.2378700 0.4618260 0.2431350
vn -2.1053617 5.9191418 -0.0434635
v 0.2366310 0.4613120 0.2307460
vn -2.1163075 5.9150047 -0.0630050
v 0.2353250 0.4607400 0.2183650
vn -2.1297090 5.9099283 -0.0863337
v 0.2339060 0.4600720 0.2059950
vn -2.1458592 5.9037237 -0.1086788
v 0.2323670 0.4593100 0.1936390
vn -2.1606503 5.8978062 -0.1316720
v 0.2307430 0.4584710 0.1813030
vn -2.1759620 5.8917589 -0.1537270
v 0.2290860 0.4575550 0.1690030
vn -2.2590928 5.8621826 -0.0221980
v 0.2204630 0.4554010 0.2429880
vn -2.2668614 5.8592257 -0.0419396
v 0.2194340 0.4549240 0.2304510
vn -2.2781718 5.8545685 -0.0635534
v 0.2182820 0.4543710 0.2179240
vn -2.2929986 5.8484354 -0.0890226
v 0.2169420 0.4536850 0.2054070
vn -2.3058145 5.8432074 -0.1079597
v 0.2154180 0.4528650 0.1929050
vn -2.3196044 5.8372216 -0.1293973
v 0.2137760 0.4519690 0.1804220
vn -2.3348391 5.8305917 -0.1517458
v 0.2120910 0.4509960 0.1679760
vn -2.4396214 5.7891436 -0.0684795
v 0.2014110 0.4475260 0.2174520
vn -2.4274640 5.7943540 -0.0419292
v 0.2024140 0.4480790 0.2301360
vn -2.4494951 5.7848072 -0.0856734
v 0.2001510 0.4468200 0.2047780
vn -2.4195147 5.7979679 -0.0196555
v 0.2032410 0.4484790 0.2428300
vn -2.4625707 5.7787695 -0.1062132
v 0.1986460 0.4459820 0.1921180
vn -2.4794910 5.7710857 -0.1314417
v 0.1969930 0.4450090 0.1794810
vn -2.4957542 5.7636023 -0.1515700
v 0.1952860 0.4439610 0.1668790
vn -2.5923390 5.7224436 -0.0660791
v 0.1847250 0.4402230 0.2169460
vn -2.6044996 5.7166157 -0.0864427
v 0.1835450 0.4395180 0.2041060
vn -2.5859933 5.7254868 -0.0452230
v 0.1855810 0.4407380 0.2297990
vn -2.6199267 5.7092304 -0.1083213
v 0.1820670 0.4386210 0.1912800
vn -2.5797770 5.7283616 -0.0217007
v 0.1862120 0.4411000 0.2426620
vn -2.6358979 5.7013149 -0.1319350
v 0.1804080 0.4375920 0.1784770
vn -2.6518607 5.6935244 -0.1508866
v 0.1786840 0.4364670 0.1657110
vn -2.7596714 5.6433163 -0.0893107
v 0.1671350 0.4317570 0.2033930
vn -2.7486665 5.6488843 -0.0671542
v 0.1682330 0.4324810 0.2164100
vn -2.7736740 5.6360354 -0.1099805
v 0.1656880 0.4308230 0.1903900
vn -2.7423232 5.6521463 -0.0443288
v 0.1689470 0.4329580 0.2294410
vn -2.7895715 5.6277852 -0.1323675
v 0.1640290 0.4297170 0.1774110
vn -2.7375488 5.6546087 -0.0191151
v 0.1693870 0.4332450 0.2424830
vn -2.8057294 5.6192036 -0.1514155
v 0.1622980 0.4285350 0.1644720
vn -2.9122999 5.5660973 -0.0897077
v 0.1509220 0.4235390 0.2026400
vn -2.9020758 5.5716515 -0.0657644
v 0.1519360 0.4242640 0.2158460
vn -2.9259508 5.5585027 -0.1105501
v 0.1495090 0.4225660 0.1894500
vn -2.8984618 5.5738640 -0.0433831
v 0.1525140 0.4246830 0.2290650
vn -2.9401150 5.5506248 -0.1317887
v 0.1478600 0.4214030 0.1762830
vn -2.9570360 5.5410314 -0.1544713
v 0.1461280 0.4201450 0.1631500
vn -2.8960490 5.5750723 -0.0225360
v 0.1527790 0.4249120 0.2422940
vn -3.0636873 5.4841843 -0.0903135
v 0.1348980 0.4148630 0.2018510
vn -3.0753000 5.4773793 -0.1083948
v 0.1335280 0.4138520 0.1884630
vn -3.0554190 5.4889803 -0.0674420
v 0.1358320 0.4155880 0.2152540
vn -3.0904222 5.4682312 -0.1319288
v 0.1319000 0.4126510 0.1750970
vn -3.0498519 5.4923620 -0.0412297
v 0.1362860 0.4159690 0.2286690
vn -3.1074047 5.4580388 -0.1564822
v 0.1301800 0.4113160 0.1617650
vn -3.0490725 5.4929624 -0.0237465
v 0.1363920 0.4161030 0.2420960
vn -3.2116423 5.3988972 -0.0878696
v 0.1190490 0.4057110 0.2010270
vn -3.2248425 5.3906112 -0.1093587
v 0.1177350 0.4046810 0.1874360
vn -3.2046797 5.4033279 -0.0659343
v 0.1199050 0.4064160 0.2146350
vn -3.2406034 5.3806663 -0.1330964
v 0.1161540 0.4034230 0.1738660
vn -3.2557106 5.3708854 -0.1558409
v 0.1144780 0.4020500 0.1603280
vn -3.2022202 5.4049988 -0.0438529
v 0.1202520 0.4067590 0.2282570
vn -3.2016788 5.4053822 -0.0245342
v 0.1202310 0.4068360 0.2418900
vn -3.3594875 5.3081436 -0.0885715
v 0.1033500 0.3960620 0.2001700
vn -3.3724799 5.2994547 -0.1115120
v 0.1021070 0.3950140 0.1863660
vn -3.3521149 5.3130174 -0.0662371
v 0.1041360 0.3967680 0.2139920
vn -3.3864102 5.2901034 -0.1325278
v 0.1006040 0.3937360 0.1725810
vn -3.4011695 5.2799735 -0.1565873
v 0.0990220 0.3923440 0.1588300
vn -3.3491068 5.3151932 -0.0421591
v 0.1044010 0.3970730 0.2278280
vn -3.3516762 5.3136735 -0.0238488
v 0.1042940 0.3970920 0.2416760
vn -3.5069661 5.2117124 -0.0900123
v 0.0877870 0.3859000 0.1992820
vn -3.5185294 5.2036991 -0.1115296
v 0.0866320 0.3848320 0.1852540
vn -3.4993768 5.2172985 -0.0658034
v 0.0885120 0.3865860 0.2133260
vn -3.5311229 5.1945477 -0.1321876
v 0.0852400 0.3835730 0.1712470
vn -3.4967439 5.2191768 -0.0429249
v 0.0887330 0.3868910 0.2273840
vn -3.5442162 5.1850996 -0.1548793
v 0.0837790 0.3821810 0.1572690
vn -3.4974468 5.2189522 -0.0225792
v 0.0885880 0.3868720 0.2414530
vn -3.6534989 5.1101665 -0.0906295
v 0.0723770 0.3751840 0.1983620
vn -3.6464670 5.1154280 -0.0677444
v 0.0730440 0.3758890 0.2126350
vn -3.6610889 5.1043634 -0.1098270
v 0.0713280 0.3741540 0.1841040
vn -3.6431708 5.1180515 -0.0444745
v 0.0732540 0.3761940 0.2269230
vn -3.6733191 5.0950871 -0.1327112
v 0.0700810 0.3729140 0.1698660
vn -3.6858852 5.0853286 -0.1540704
v 0.0687810 0.3715800 0.1556520
vn -3.6438227 5.1177216 -0.0225820
v 0.0731220 0.3761940 0.2412220
vn -3.7896643 5.0103831 -0.0678420
v 0.0577790 0.3646580 0.2119200
vn -3.7933354 5.0073404 -0.0862136
v 0.0571700 0.3639720 0.1974090
vn -3.7886405 5.0112710 -0.0463159
v 0.0580020 0.3650010 0.2264450
vn -3.8022473 4.9999981 -0.1099411
v 0.0562490 0.3629990 0.1829150
vn -3.8131280 4.9912281 -0.1340261
v 0.0551740 0.3618170 0.1684410
vn -3.7888880 5.0112534 -0.0230065
v 0.0579220 0.3650400 0.2409850
vn -3.8243275 4.9821129 -0.1541716
v 0.0540570 0.3605400 0.1539800
vn -3.9286954 4.9020357 -0.0643279
v 0.0427910 0.3529890 0.2111790
vn -3.9274180 4.9033999 -0.0434614
v 0.0430260 0.3533320 0.2259520
vn -3.9351556 4.8965220 -0.0877941
v 0.0422480 0.3523210 0.1964220
vn -3.9286723 4.9025040 -0.0229999
v 0.0430160 0.3534280 0.2407380
vn -3.9430339 4.8897991 -0.1104740
v 0.0414640 0.3513870 0.1816850
vn -3.9508767 4.8828492 -0.1339897
v 0.0405700 0.3503000 0.1669740
vn -3.9598861 4.8750648 -0.1543663
v 0.0396380 0.3490990 0.1522510
vn -4.0654273 4.7895107 -0.0436272
v 0.0283860 0.3412620 0.2254420
vn -4.0686712 4.7865391 -0.0665768
v 0.0281440 0.3408810 0.2104130
vn -4.0649405 4.7900290 -0.0221904
v 0.0284410 0.3414150 0.2404830
vn -4.0729823 4.7825918 -0.0872869
v 0.0276710 0.3402330 0.1953980
vn -4.0791030 4.7768626 -0.1094949
v 0.0270210 0.3393750 0.1804030
vn -4.0856810 4.7707143 -0.1324234
v 0.0262880 0.3383640 0.1654290
vn -4.0922947 4.7643170 -0.1552774
v 0.0255430 0.3372770 0.1504440
vn -4.1998615 4.6723266 -0.0221809
v 0.0142230 0.3289830 0.2402200
vn -4.1994190 4.6724877 -0.0427040
v 0.0141180 0.3287920 0.2249160
vn -4.2015042 4.6704121 -0.0660788
v 0.0138790 0.3283920 0.2096210
vn -4.2061291 4.6658540 -0.0877806
v 0.0134770 0.3277810 0.1943410
vn -4.2119975 4.6601486 -0.1095400
v 0.0129530 0.3269810 0.1790820
vn -4.2167430 4.6552978 -0.1306182
v 0.0123730 0.3260650 0.1638120
vn -4.2227411 4.6490440 -0.1563891
v 0.0117970 0.3250740 0.1485580
vn -4.3279133 4.5539384 -0.0199047
v 0.0003780 0.3161880 0.2399500
vn -4.3305659 4.5511637 -0.0429515
v 0.0002440 0.3159600 0.2243760
vn -4.3328700 4.5487061 -0.0665949
v 0.0000210 0.3155590 0.2088080
vn -4.3360038 4.5454531 -0.0889563
v -0.0003110 0.3149680 0.1932450
vn -4.3398838 4.5413394 -0.1084758
v -0.0007150 0.3142430 0.1776930
vn -4.3446336 4.5361261 -0.1312432
v -0.0011500 0.3134240 0.1621510
vn -4.3480821 4.5322227 -0.1538240
v -0.0015860 0.3125080 0.1466380
vn -4.4563775 4.4282308 -0.0229635
v -0.0130780 0.3030320 0.2396750
vn -4.4578600 4.4267011 -0.0437898
v -0.0132160 0.3027650 0.2238230
vn -4.4586921 4.4255505 -0.0644657
v -0.0134080 0.3023840 0.2079800
vn -4.4606991 4.4231062 -0.0878461
v -0.0136680 0.3018500 0.1921290
vn -4.4636879 4.4197044 -0.1092222
v -0.0139540 0.3012010 0.1762840
vn -4.4674673 4.4152946 -0.1305695
v -0.0142660 0.3004570 0.1604590
vn -4.4705620 4.4113798 -0.1524639
v -0.0145810 0.2996380 0.1446540
vn -4.5787940 4.3015690 -0.0209231
v -0.0261360 0.2895130 0.2393930
vn -4.5799751 4.3001337 -0.0425857
v -0.0262560 0.2892650 0.2232570
vn -4.5817900 4.2979240 -0.0643249
v -0.0263910 0.2889220 0.2071170
vn -4.5833721 4.2958713 -0.0868024
v -0.0265520 0.2884640 0.1909790
vn -4.5853238 4.2932272 -0.1096228
v -0.0267460 0.2878920 0.1748520
vn -4.5868998 4.2911348 -0.1302072
v -0.0269560 0.2872050 0.1587370
vn -4.5893497 4.2877288 -0.1526858
v -0.0271770 0.2864430 0.1426380
vn -4.6980944 4.1709442 -0.0224546
v -0.0387590 0.2756890 0.2391040
vn -4.6992259 4.1695819 -0.0432272
v -0.0388250 0.2754790 0.2226760
vn -4.6993866 4.1691346 -0.0638478
v -0.0388940 0.2751930 0.2062490
vn -4.6999841 4.1680942 -0.0863680
v -0.0389840 0.2747930 0.1898250
vn -4.7004700 4.1671319 -0.1067586
v -0.0390810 0.2742970 0.1734070
vn -4.7013702 4.1653180 -0.1288311
v -0.0391900 0.2737250 0.1569940
vn -4.7031393 4.1626863 -0.1517530
v -0.0393310 0.2730000 0.1405880
# 6475 vertices, 0 vertices normals

f 5845//5845 6037//6037 6042//6042
f 6260//6260 278//278 280//280
f 2//2 4//4 3//3
f 3//3 1//1 2//2
f 5//5 6//6 4//4
f 4//4 2//2 5//5
f 10//10 11//11 6//6
f 6//6 5//5 10//10
f 15//15 27//27 11//11
f 11//11 10//10 15//15
f 16//16 33//33 27//27
f 27//27 15//15 16//16
f 17//17 34//34 33//33
f 33//33 16//16 17//17
f 18//18 35//35 34//34
f 34//34 17//17 18//18
f 19//19 36//36 35//35
f 35//35 18//18 19//19
f 20//20 37//37 36//36
f 36//36 19//19 20//20
f 21//21 38//38 37//37
f 37//37 20//20 21//21
f 22//22 39//39 38//38
f 38//38 21//21 22//22
f 23//23 40//40 39//39
f 39//39 22//22 23//23
f 24//24 41//41 40//40
f 40//40 23//23 24//24
f 25//25 42//42 24//24
f 41//41 24//24 42//42
f 43//43 42//42 25//25
f 25//25 26//26 43//43
f 60//60 59//59 42//42
f 42//42 43//43 60//60
f 77//77 76//76 60//60
f 59//59 60//60 76//76
f 92//92 91//91 77//77
f 76//76 77//77 91//91
f 93//93 107//107 92//92
f 91//91 92//92 107//107
f 108//108 109//109 93//93
f 107//107 93//93 109//109
f 121//121 122//122 108//108
f 109//109 108//108 122//122
f 132//132 133//133 121//121
f 122//122 121//121 133//133
f 143//143 144//144 132//132
f 133//133 132//132 144//144
f 148//148 155//155 143//143
f 144//144 143//143 155//155
f 160//160 161//161 155//155
f 155//155 148//148 160//160
f 170//170 171//171 161//161
f 161//161 160//160 170//170
f 180//180 181//181 171//171
f 171//171 170//170 180//180
f 190//190 191//191 180//180
f 181//181 180//180 191//191
f 200//200 201//201 190//190
f 191//191 190//190 201//201
f 210//210 211//211 200//200
f 201//201 200//200 211//211
f 220//220 221//221 210//210
f 211//211 210//210 221//221
f 230//230 231//231 220//220
f 221//221 220//220 231//231
f 233//233 245//245 230//230
f 231//231 230//230 245//245
f 234//234 246//246 233//233
f 245//245 233//233 246//246
f 235//235 247//247 246//246
f 246//246 234//234 235//235
f 236//236 248//248 247//247
f 247//247 235//235 236//236
f 249//249 248//248 236//236
f 236//236 237//237 249//249
f 259//259 258//258 249//249
f 248//248 249//249 258//258
f 267//267 266//266 259//259
f 258//258 259//259 266//266
f 273//273 269//269 267//267
f 266//266 267//267 269//269
f 274//274 268//268 273//273
f 269//269 273//273 268//268
f 275//275 270//270 274//274
f 268//268 274//274 270//270
f 276//276 271//271 270//270
f 270//270 275//275 276//276
f 272//272 271//271 277//277
f 276//276 277//277 271//271
f 265//265 263//263 272//272
f 271//271 272//272 263//263
f 255//255 253//253 265//265
f 263//263 265//265 253//253
f 243//243 241//241 255//255
f 253//253 255//255 241//241
f 229//229 227//227 243//243
f 241//241 243//243 227//227
f 219//219 218//218 227//227
f 227//227 229//229 219//219
f 209//209 208//208 218//218
f 218//218 219//219 209//209
f 199//199 198//198 208//208
f 208//208 209//209 199//199
f 189//189 188//188 198//198
f 198//198 199//199 189//189
f 178//178 177//177 189//189
f 188//188 189//189 177//177
f 166//166 165//165 178//178
f 177//177 178//178 165//165
f 154//154 153//153 166//166
f 165//165 166//166 153//153
f 142//142 141//141 154//154
f 153//153 154//154 141//141
f 129//129 127//127 142//142
f 141//141 142//142 127//127
f 115//115 113//113 129//129
f 127//127 129//129 113//113
f 99//99 97//97 115//115
f 113//113 115//115 97//97
f 82//82 81//81 97//97
f 97//97 99//99 82//82
f 66//66 65//65 81//81
f 81//81 82//82 66//66
f 49//49 47//47 65//65
f 65//65 66//66 49//49
f 32//32 30//30 49//49
f 47//47 49//49 30//30
f 13//13 14//14 32//32
f 30//30 32//32 14//14
f 7//7 8//8 13//13
f 14//14 13//13 8//8
f 4//4 8//8 7//7
f 7//7 3//3 4//4
f 6//6 9//9 4//4
f 8//8 4//4 9//9
f 11//11 12//12 9//9
f 9//9 6//6 11//11
f 27//27 28//28 12//12
f 12//12 11//11 27//27
f 33//33 44//44 28//28
f 28//28 27//27 33//33
f 34//34 51//51 44//44
f 44//44 33//33 34//34
f 35//35 52//52 51//51
f 51//51 34//34 35//35
f 36//36 53//53 52//52
f 52//52 35//35 36//36
f 37//37 54//54 53//53
f 53//53 36//36 37//37
f 38//38 55//55 54//54
f 54//54 37//37 38//38
f 39//39 56//56 55//55
f 55//55 38//38 39//39
f 40//40 57//57 56//56
f 56//56 39//39 40//40
f 41//41 58//58 40//40
f 57//57 40//40 58//58
f 59//59 58//58 41//41
f 41//41 42//42 59//59
f 76//76 75//75 58//58
f 58//58 59//59 76//76
f 91//91 90//90 75//75
f 75//75 76//76 91//91
f 107//107 106//106 91//91
f 90//90 91//91 106//106
f 109//109 120//120 107//107
f 106//106 107//107 120//120
f 122//122 123//123 109//109
f 120//120 109//109 123//123
f 133//133 134//134 122//122
f 123//123 122//122 134//134
f 144//144 145//145 134//134
f 134//134 133//133 144//144
f 155//155 156//156 144//144
f 145//145 144//144 156//156
f 161//161 167//167 156//156
f 156//156 155//155 161//161
f 171//171 172//172 167//167
f 167//167 161//161 171//171
f 181//181 182//182 172//172
f 172//172 171//171 181//181
f 191//191 192//192 181//181
f 182//182 181//181 192//192
f 201//201 202//202 192//192
f 192//192 191//191 201//201
f 211//211 212//212 201//201
f 202//202 201//201 212//212
f 221//221 222//222 211//211
f 212//212 211//211 222//222
f 231//231 232//232 221//221
f 222//222 221//221 232//232
f 245//245 244//244 231//231
f 232//232 231//231 244//244
f 246//246 256//256 245//245
f 244//244 245//245 256//256
f 247//247 257//257 246//246
f 256//256 246//246 257//257
f 258//258 257//257 248//248
f 247//247 248//248 257//257
f 266//266 264//264 258//258
f 257//257 258//258 264//264
f 269//269 261//261 266//266
f 264//264 266//266 261//261
f 268//268 260//260 269//269
f 261//261 269//269 260//260
f 270//270 262//262 260//260
f 260//260 268//268 270//270
f 263//263 262//262 271//271
f 270//270 271//271 262//262
f 253//253 251//251 263//263
f 262//262 263//263 251//251
f 241//241 239//239 253//253
f 251//251 253//253 239//239
f 227//227 225//225 241//241
f 239//239 241//241 225//225
f 218//218 216//216 225//225
f 225//225 227//227 218//218
f 208//208 207//207 216//216
f 216//216 218//218 208//208
f 198//198 197//197 208//208
f 207//207 208//208 197//197
f 188//188 187//187 197//197
f 197//197 198//198 188//188
f 177//177 176//176 188//188
f 187//187 188//188 176//176
f 165//165 164//164 177//177
f 176//176 177//177 164//164
f 153//153 152//152 165//165
f 164//164 165//165 152//152
f 141//141 140//140 153//153
f 152//152 153//153 140//140
f 127//127 126//126 141//141
f 140//140 141//141 126//126
f 113//113 112//112 127//127
f 126//126 127//127 112//112
f 97//97 96//96 113//113
f 112//112 113//113 96//96
f 81//81 80//80 96//96
f 96//96 97//97 81//81
f 65//65 64//64 81//81
f 80//80 81//81 64//64
f 47//47 46//46 64//64
f 64//64 65//65 47//47
f 30//30 29//29 47//47
f 46//46 47//47 29//29
f 12//12 29//29 30//30
f 30//30 14//14 12//12
f 28//28 31//31 29//29
f 29//29 12//12 28//28
f 44//44 45//45 31//31
f 31//31 28//28 44//44
f 51//51 61//61 45//45
f 45//45 44//44 51//51
f 52//52 69//69 61//61
f 61//61 51//51 52//52
f 53//53 70//70 69//69
f 69//69 52//52 53//53
f 54//54 71//71 70//70
f 70//70 53//53 54//54
f 55//55 72//72 71//71
f 71//71 54//54 55//55
f 56//56 73//73 72//72
f 72//72 55//55 56//56
f 57//57 74//74 56//56
f 73//73 56//56 74//74
f 75//75 74//74 57//57
f 57//57 58//58 75//75
f 9//9 12//12 14//14
f 14//14 8//8 9//9
f 31//31 48//48 46//46
f 46//46 29//29 31//31
f 45//45 50//50 48//48
f 48//48 31//31 45//45
f 61//61 62//62 50//50
f 50//50 45//45 61//61
f 69//69 78//78 62//62
f 62//62 61//61 69//69
f 70//70 85//85 78//78
f 78//78 69//69 70//70
f 71//71 86//86 70//70
f 85//85 70//70 86//86
f 72//72 87//87 86//86
f 86//86 71//71 72//72
f 73//73 88//88 87//87
f 87//87 72//72 73//73
f 74//74 89//89 88//88
f 88//88 73//73 74//74
f 90//90 89//89 74//74
f 74//74 75//75 90//90
f 106//106 105//105 89//89
f 89//89 90//90 106//106
f 120//120 119//119 105//105
f 105//105 106//106 120//120
f 123//123 131//131 119//119
f 119//119 120//120 123//123
f 134//134 135//135 123//123
f 131//131 123//123 135//135
f 145//145 146//146 135//135
f 135//135 134//134 145//145
f 156//156 157//157 145//145
f 146//146 145//145 157//157
f 167//167 168//168 157//157
f 157//157 156//156 167//167
f 172//172 179//179 168//168
f 168//168 167//167 172//172
f 182//182 183//183 179//179
f 179//179 172//172 182//182
f 192//192 193//193 182//182
f 183//183 182//182 193//193
f 202//202 203//203 193//193
f 193//193 192//192 202//202
f 212//212 213//213 202//202
f 203//203 202//202 213//213
f 222//222 223//223 212//212
f 213//213 212//212 223//223
f 232//232 228//228 222//222
f 223//223 222//222 228//228
f 244//244 242//242 232//232
f 228//228 232//232 242//242
f 256//256 254//254 242//242
f 242//242 244//244 256//256
f 264//264 254//254 257//257
f 256//256 257//257 254//254
f 48//48 63//63 46//46
f 64//64 46//46 63//63
f 50//50 67//67 63//63
f 63//63 48//48 50//50
f 62//62 68//68 67//67
f 67//67 50//50 62//62
f 78//78 79//79 68//68
f 68//68 62//62 78//78
f 85//85 94//94 79//79
f 79//79 78//78 85//85
f 86//86 102//102 85//85
f 94//94 85//85 102//102
f 87//87 103//103 102//102
f 102//102 86//86 87//87
f 88//88 104//104 87//87
f 103//103 87//87 104//104
f 105//105 104//104 88//88
f 88//88 89//89 105//105
f 261//261 252//252 264//264
f 254//254 264//264 252//252
f 260//260 250//250 252//252
f 252//252 261//261 260//260
f 251//251 250//250 262//262
f 260//260 262//262 250//250
f 239//239 238//238 251//251
f 250//250 251//251 238//238
f 225//225 224//224 239//239
f 238//238 239//239 224//224
f 216//216 215//215 225//225
f 224//224 225//225 215//215
f 207//207 206//206 215//215
f 215//215 216//216 207//207
f 197//197 196//196 207//207
f 206//206 207//207 196//196
f 187//187 185//185 197//197
f 196//196 197//197 185//185
f 176//176 174//174 187//187
f 185//185 187//187 174//174
f 164//164 163//163 176//176
f 174//174 176//176 163//163
f 152//152 151//151 164//164
f 163//163 164//164 151//151
f 140//140 139//139 152//152
f 151//151 152//152 139//139
f 126//126 128//128 140//140
f 139//139 140//140 128//128
f 112//112 114//114 126//126
f 128//128 126//126 114//114
f 96//96 98//98 112//112
f 114//114 112//112 98//98
f 64//64 63//63 67//67
f 67//67 80//80 64//64
f 80//80 83//83 96//96
f 98//98 96//96 83//83
f 68//68 83//83 80//80
f 80//80 67//67 68//68
f 79//79 84//84 83//83
f 83//83 68//68 79//79
f 94//94 95//95 84//84
f 84//84 79//79 94//94
f 102//102 110//110 94//94
f 95//95 94//94 110//110
f 103//103 117//117 102//102
f 110//110 102//102 117//117
f 104//104 118//118 103//103
f 117//117 103//103 118//118
f 119//119 118//118 104//104
f 104//104 105//105 119//119
f 131//131 130//130 118//118
f 118//118 119//119 131//131
f 135//135 136//136 131//131
f 130//130 131//131 136//136
f 146//146 147//147 136//136
f 136//136 135//135 146//146
f 157//157 158//158 146//146
f 147//147 146//146 158//158
f 168//168 169//169 157//157
f 158//158 157//157 169//169
f 179//179 175//175 168//168
f 169//169 168//168 175//175
f 183//183 186//186 175//175
f 175//175 179//179 183//183
f 193//193 194//194 186//186
f 186//186 183//183 193//193
f 203//203 204//204 194//194
f 194//194 193//193 203//203
f 213//213 214//214 203//203
f 204//204 203//203 214//214
f 223//223 217//217 213//213
f 214//214 213//213 217//217
f 228//228 226//226 223//223
f 217//217 223//223 226//226
f 242//242 240//240 228//228
f 226//226 228//228 240//240
f 252//252 240//240 254//254
f 242//242 254//254 240//240
f 84//84 100//100 98//98
f 98//98 83//83 84//84
f 95//95 101//101 84//84
f 100//100 84//84 101//101
f 110//110 111//111 101//101
f 101//101 95//95 110//110
f 117//117 124//124 111//111
f 111//111 110//110 117//117
f 130//130 124//124 117//117
f 117//117 118//118 130//130
f 238//238 240//240 250//250
f 252//252 250//250 240//240
f 224//224 226//226 238//238
f 240//240 238//238 226//226
f 215//215 217//217 224//224
f 226//226 224//224 217//217
f 206//206 214//214 215//215
f 217//217 215//215 214//214
f 196//196 195//195 205//205
f 205//205 206//206 196//196
f 185//185 184//184 196//196
f 195//195 196//196 184//184
f 174//174 173//173 185//185
f 184//184 185//185 173//173
f 163//163 162//162 173//173
f 173//173 174//174 163//163
f 151//151 150//150 163//163
f 162//162 163//163 150//150
f 139//139 138//138 151//151
f 150//150 151//151 138//138
f 128//128 125//125 139//139
f 138//138 139//139 125//125
f 116//116 125//125 128//128
f 128//128 114//114 116//116
f 205//205 204//204 214//214
f 214//214 206//206 205//205
f 195//195 194//194 205//205
f 204//204 205//205 194//194
f 184//184 186//186 194//194
f 194//194 195//195 184//184
f 173//173 175//175 186//186
f 186//186 184//184 173//173
f 162//162 169//169 173//173
f 175//175 173//173 169//169
f 150//150 149//149 159//159
f 159//159 162//162 150//150
f 138//138 137//137 150//150
f 149//149 150//150 137//137
f 136//136 137//137 130//130
f 124//124 130//130 137//137
f 159//159 158//158 169//169
f 169//169 162//162 159//159
f 149//149 147//147 159//159
f 158//158 159//159 147//147
f 149//149 137//137 136//136
f 136//136 147//147 149//149
f 100//100 116//116 114//114
f 114//114 98//98 100//100
f 124//124 125//125 111//111
f 116//116 111//111 125//125
f 124//124 137//137 138//138
f 138//138 125//125 124//124
f 116//116 100//100 101//101
f 101//101 111//111 116//116
f 279//279 281//281 280//280
f 280//280 278//278 279//279
f 282//282 286//286 281//281
f 281//281 279//279 282//282
f 283//283 288//288 286//286
f 286//286 282//282 283//283
f 289//289 288//288 284//284
f 283//283 284//284 288//288
f 290//290 292//292 291//291
f 291//291 285//285 290//290
f 294//294 300//300 292//292
f 292//292 290//290 294//294
f 304//304 305//305 300//300
f 300//300 294//294 304//304
f 316//316 317//317 305//305
f 305//305 304//304 316//316
f 319//319 329//329 317//317
f 317//317 316//316 319//319
f 332//332 333//333 329//329
f 329//329 319//319 332//332
f 334//334 336//336 333//333
f 333//333 332//332 334//334
f 320//320 335//335 334//334
f 336//336 334//334 335//335
f 320//320 321//321 335//335
f 337//337 335//335 321//321
f 320//320 307//307 321//321
f 311//311 321//321 307//307
f 315//315 306//306 307//307
f 307//307 320//320 315//315
f 302//302 303//303 306//306
f 306//306 315//315 302//302
f 293//293 295//295 302//302
f 303//303 302//302 295//295
f 3//3 546//546 545//545
f 545//545 1//1 3//3
f 297//297 298//298 289//289
f 288//288 289//289 298//298
f 308//308 309//309 298//298
f 298//298 297//297 308//308
f 322//322 323//323 309//309
f 309//309 308//308 322//322
f 339//339 340//340 323//323
f 323//323 322//322 339//339
f 352//352 353//353 339//339
f 340//340 339//339 353//353
f 365//365 366//366 353//353
f 353//353 352//352 365//365
f 374//374 383//383 365//365
f 366//366 365//365 383//383
f 391//391 392//392 374//374
f 383//383 374//374 392//392
f 406//406 407//407 391//391
f 392//392 391//391 407//407
f 421//421 422//422 406//406
f 407//407 406//406 422//422
f 436//436 437//437 421//421
f 422//422 421//421 437//437
f 448//448 449//449 436//436
f 437//437 436//436 449//449
f 460//460 461//461 448//448
f 449//449 448//448 461//461
f 470//470 471//471 460//460
f 461//461 460//460 471//471
f 480//480 481//481 470//470
f 471//471 470//470 481//481
f 490//490 491//491 481//481
f 481//481 480//480 490//490
f 500//500 499//499 491//491
f 491//491 490//490 500//500
f 506//506 505//505 499//499
f 499//499 500//500 506//506
f 512//512 511//511 505//505
f 505//505 506//506 512//512
f 518//518 513//513 511//511
f 511//511 512//512 518//518
f 519//519 520//520 518//518
f 513//513 518//518 520//520
f 525//525 526//526 519//519
f 520//520 519//519 526//526
f 529//529 530//530 525//525
f 526//526 525//525 530//530
f 533//533 534//534 529//529
f 530//530 529//529 534//534
f 537//537 538//538 534//534
f 534//534 533//533 537//537
f 539//539 540//540 537//537
f 538//538 537//537 540//540
f 541//541 542//542 540//540
f 540//540 539//539 541//541
f 32//32 540//540 13//13
f 542//542 13//13 540//540
f 49//49 538//538 540//540
f 540//540 32//32 49//49
f 66//66 536//536 49//49
f 538//538 49//49 536//536
f 82//82 532//532 536//536
f 536//536 66//66 82//82
f 99//99 528//528 532//532
f 532//532 82//82 99//99
f 115//115 524//524 528//528
f 528//528 99//99 115//115
f 129//129 517//517 524//524
f 524//524 115//115 129//129
f 142//142 510//510 129//129
f 517//517 129//129 510//510
f 154//154 504//504 142//142
f 510//510 142//142 504//504
f 166//166 498//498 154//154
f 504//504 154//154 498//498
f 178//178 492//492 166//166
f 498//498 166//166 492//492
f 189//189 484//484 178//178
f 492//492 178//178 484//484
f 199//199 476//476 189//189
f 484//484 189//189 476//476
f 209//209 468//468 199//199
f 476//476 199//199 468//468
f 219//219 458//458 468//468
f 468//468 209//209 219//219
f 229//229 445//445 219//219
f 458//458 219//219 445//445
f 429//429 430//430 445//445
f 445//445 229//229 429//429
f 413//413 414//414 430//430
f 430//430 429//429 413//413
f 397//397 398//398 414//414
f 414//414 413//413 397//397
f 379//379 396//396 398//398
f 398//398 397//397 379//379
f 378//378 395//395 396//396
f 396//396 379//379 378//378
f 377//377 394//394 395//395
f 395//395 378//378 377//377
f 376//376 393//393 394//394
f 394//394 377//377 376//376
f 375//375 384//384 393//393
f 393//393 376//376 375//375
f 367//367 368//368 384//384
f 384//384 375//375 367//367
f 355//355 356//356 368//368
f 368//368 367//367 355//355
f 341//341 342//342 356//356
f 356//356 355//355 341//341
f 325//325 326//326 341//341
f 342//342 341//341 326//326
f 312//312 313//313 325//325
f 326//326 325//325 313//313
f 301//301 300//300 313//313
f 313//313 312//312 301//301
f 292//292 300//300 301//301
f 301//301 291//291 292//292
f 305//305 314//314 313//313
f 313//313 300//300 305//305
f 317//317 318//318 314//314
f 314//314 305//305 317//317
f 329//329 330//330 318//318
f 318//318 317//317 329//329
f 333//333 346//346 330//330
f 330//330 329//329 333//333
f 336//336 347//347 346//346
f 346//346 333//333 336//336
f 335//335 348//348 347//347
f 347//347 336//336 335//335
f 337//337 349//349 348//348
f 348//348 335//335 337//337
f 337//337 338//338 349//349
f 350//350 349//349 338//338
f 321//321 324//324 337//337
f 338//338 337//337 324//324
f 287//287 286//286 293//293
f 295//295 293//293 286//286
f 287//287 280//280 281//281
f 281//281 286//286 287//287
f 536//536 535//535 534//534
f 534//534 538//538 536//536
f 532//532 531//531 535//535
f 535//535 536//536 532//532
f 528//528 527//527 531//531
f 531//531 532//532 528//528
f 524//524 523//523 527//527
f 527//527 528//528 524//524
f 517//517 516//516 523//523
f 523//523 524//524 517//517
f 510//510 509//509 516//516
f 516//516 517//517 510//510
f 504//504 502//502 509//509
f 509//509 510//510 504//504
f 498//498 496//496 502//502
f 502//502 504//504 498//498
f 492//492 488//488 496//496
f 496//496 498//498 492//492
f 484//484 483//483 488//488
f 488//488 492//492 484//484
f 476//476 475//475 483//483
f 483//483 484//484 476//476
f 468//468 467//467 475//475
f 475//475 476//476 468//468
f 458//458 457//457 467//467
f 467//467 468//468 458//458
f 445//445 446//446 457//457
f 457//457 458//458 445//445
f 430//430 431//431 446//446
f 446//446 445//445 430//430
f 414//414 415//415 431//431
f 431//431 430//430 414//414
f 398//398 412//412 415//415
f 415//415 414//414 398//398
f 396//396 411//411 412//412
f 412//412 398//398 396//396
f 395//395 410//410 411//411
f 411//411 396//396 395//395
f 394//394 409//409 410//410
f 410//410 395//395 394//394
f 393//393 401//401 409//409
f 409//409 394//394 393//393
f 384//384 385//385 401//401
f 401//401 393//393 384//384
f 368//368 369//369 385//385
f 385//385 384//384 368//368
f 356//356 357//357 369//369
f 369//369 368//368 356//356
f 342//342 343//343 356//356
f 357//357 356//356 343//343
f 326//326 327//327 342//342
f 343//343 342//342 327//327
f 314//314 327//327 326//326
f 326//326 313//313 314//314
f 318//318 328//328 327//327
f 327//327 314//314 318//318
f 330//330 331//331 318//318
f 328//328 318//318 331//331
f 346//346 345//345 331//331
f 331//331 330//330 346//346
f 347//347 359//359 345//345
f 345//345 346//346 347//347
f 348//348 360//360 359//359
f 359//359 347//347 348//348
f 349//349 361//361 360//360
f 360//360 348//348 349//349
f 350//350 362//362 361//361
f 361//361 349//349 350//350
f 350//350 351//351 362//362
f 363//363 362//362 351//351
f 338//338 340//340 351//351
f 351//351 350//350 338//338
f 353//353 354//354 351//351
f 351//351 340//340 353//353
f 366//366 364//364 354//354
f 354//354 353//353 366//366
f 383//383 382//382 366//366
f 364//364 366//366 382//382
f 392//392 400//400 382//382
f 382//382 383//383 392//392
f 407//407 408//408 400//400
f 400//400 392//392 407//407
f 422//422 423//423 408//408
f 408//408 407//407 422//422
f 437//437 438//438 423//423
f 423//423 422//422 437//437
f 449//449 450//450 438//438
f 438//438 437//437 449//449
f 461//461 462//462 450//450
f 450//450 449//449 461//461
f 471//471 472//472 462//462
f 462//462 461//461 471//471
f 481//481 482//482 472//472
f 472//472 471//471 481//481
f 491//491 489//489 482//482
f 482//482 481//481 491//491
f 499//499 497//497 489//489
f 489//489 491//491 499//499
f 505//505 503//503 497//497
f 497//497 499//499 505//505
f 511//511 507//507 503//503
f 503//503 505//505 511//511
f 513//513 514//514 507//507
f 507//507 511//511 513//513
f 520//520 521//521 513//513
f 514//514 513//513 521//521
f 311//311 310//310 324//324
f 324//324 321//321 311//311
f 323//323 324//324 310//310
f 310//310 309//309 323//323
f 543//543 545//545 546//546
f 546//546 544//544 543//543
f 328//328 344//344 343//343
f 343//343 327//327 328//328
f 345//345 359//359 358//358
f 358//358 344//344 345//345
f 360//360 372//372 371//371
f 371//371 359//359 360//360
f 361//361 373//373 372//372
f 372//372 360//360 361//361
f 362//362 380//380 373//373
f 373//373 361//361 362//362
f 363//363 381//381 380//380
f 380//380 362//362 363//363
f 400//400 399//399 381//381
f 381//381 382//382 400//400
f 408//408 416//416 400//400
f 399//399 400//400 416//416
f 423//423 424//424 408//408
f 416//416 408//408 424//424
f 438//438 439//439 423//423
f 424//424 423//423 439//439
f 450//450 451//451 438//438
f 439//439 438//438 451//451
f 462//462 463//463 450//450
f 451//451 450//450 463//463
f 472//472 473//473 462//462
f 463//463 462//462 473//473
f 482//482 479//479 472//472
f 473//473 472//472 479//479
f 489//489 487//487 482//482
f 479//479 482//482 487//487
f 497//497 495//495 489//489
f 487//487 489//489 495//495
f 503//503 501//501 495//495
f 495//495 497//497 503//503
f 507//507 508//508 503//503
f 501//501 503//503 508//508
f 514//514 515//515 507//507
f 508//508 507//507 515//515
f 509//509 508//508 515//515
f 515//515 516//516 509//509
f 502//502 501//501 508//508
f 508//508 509//509 502//502
f 496//496 494//494 501//501
f 501//501 502//502 496//496
f 488//488 486//486 494//494
f 494//494 496//496 488//488
f 483//483 478//478 488//488
f 486//486 488//488 478//478
f 475//475 474//474 483//483
f 478//478 483//483 474//474
f 467//467 466//466 474//474
f 474//474 475//475 467//467
f 457//457 456//456 466//466
f 466//466 467//467 457//457
f 446//446 444//444 456//456
f 456//456 457//457 446//446
f 412//412 427//427 428//428
f 428//428 415//415 412//412
f 411//411 426//426 412//412
f 427//427 412//412 426//426
f 410//410 425//425 411//411
f 426//426 411//411 425//425
f 409//409 418//418 410//410
f 425//425 410//410 418//418
f 401//401 402//402 409//409
f 418//418 409//409 402//402
f 385//385 386//386 401//401
f 402//402 401//401 386//386
f 369//369 370//370 385//385
f 386//386 385//385 370//370
f 357//357 358//358 370//370
f 370//370 369//369 357//357
f 344//344 358//358 357//357
f 357//357 343//343 344//344
f 527//527 526//526 531//531
f 530//530 531//531 526//526
f 527//527 521//521 520//520
f 520//520 526//526 527//527
f 324//324 323//323 338//338
f 340//340 338//338 323//323
f 288//288 296//296 295//295
f 295//295 286//286 288//288
f 306//306 296//296 299//299
f 299//299 307//307 306//306
f 306//306 303//303 296//296
f 295//295 296//296 303//303
f 544//544 542//542 541//541
f 541//541 543//543 544//544
f 544//544 7//7 542//542
f 13//13 542//542 7//7
f 494//494 493//493 495//495
f 495//495 501//501 494//494
f 486//486 485//485 493//493
f 493//493 494//494 486//486
f 478//478 477//477 486//486
f 485//485 486//486 477//477
f 474//474 469//469 477//477
f 477//477 478//478 474//474
f 466//466 465//465 474//474
f 469//469 474//474 465//465
f 456//456 455//455 466//466
f 465//465 466//466 455//455
f 444//444 443//443 456//456
f 455//455 456//456 443//443
f 428//428 443//443 432//432
f 444//444 432//432 443//443
f 371//371 370//370 358//358
f 358//358 359//359 371//371
f 373//373 389//389 388//388
f 388//388 372//372 373//373
f 380//380 390//390 389//389
f 389//389 373//373 380//380
f 399//399 390//390 381//381
f 380//380 381//381 390//390
f 431//431 432//432 444//444
f 444//444 446//446 431//431
f 522//522 521//521 523//523
f 527//527 523//523 521//521
f 522//522 515//515 514//514
f 514//514 521//521 522//522
f 364//364 363//363 354//354
f 351//351 354//354 363//363
f 364//364 382//382 381//381
f 381//381 363//363 364//364
f 535//535 531//531 530//530
f 530//530 534//534 535//535
f 307//307 299//299 311//311
f 310//310 311//311 299//299
f 298//298 299//299 296//296
f 296//296 288//288 298//298
f 371//371 387//387 386//386
f 386//386 370//370 371//371
f 389//389 403//403 387//387
f 387//387 388//388 389//389
f 390//390 404//404 403//403
f 403//403 389//389 390//390
f 399//399 405//405 390//390
f 404//404 390//390 405//405
f 416//416 417//417 405//405
f 405//405 399//399 416//416
f 424//424 433//433 416//416
f 417//417 416//416 433//433
f 439//439 440//440 424//424
f 433//433 424//424 440//440
f 451//451 452//452 439//439
f 440//440 439//439 452//452
f 463//463 464//464 452//452
f 452//452 451//451 463//463
f 473//473 469//469 464//464
f 464//464 463//463 473//473
f 487//487 485//485 479//479
f 477//477 479//479 485//485
f 477//477 469//469 473//473
f 473//473 479//479 477//477
f 465//465 459//459 464//464
f 464//464 469//469 465//465
f 455//455 454//454 465//465
f 459//459 465//465 454//454
f 443//443 442//442 455//455
f 454//454 455//455 442//442
f 427//427 442//442 443//443
f 443//443 428//428 427//427
f 459//459 453//453 464//464
f 452//452 464//464 453//453
f 454//454 447//447 453//453
f 453//453 459//459 454//454
f 442//442 441//441 454//454
f 447//447 454//454 441//441
f 426//426 441//441 427//427
f 442//442 427//427 441//441
f 425//425 435//435 426//426
f 441//441 426//426 435//435
f 418//418 419//419 425//425
f 435//435 425//425 419//419
f 493//493 485//485 487//487
f 487//487 495//495 493//493
f 402//402 403//403 419//419
f 419//419 418//418 402//402
f 402//402 386//386 387//387
f 387//387 403//403 402//402
f 404//404 420//420 419//419
f 419//419 403//403 404//404
f 417//417 420//420 405//405
f 404//404 405//405 420//420
f 433//433 434//434 417//417
f 420//420 417//417 434//434
f 447//447 434//434 440//440
f 433//433 440//440 434//434
f 434//434 435//435 420//420
f 419//419 420//420 435//435
f 434//434 447//447 441//441
f 441//441 435//435 434//434
f 453//453 447//447 440//440
f 440//440 452//452 453//453
f 7//7 544//544 546//546
f 546//546 3//3 7//7
f 309//309 310//310 299//299
f 299//299 298//298 309//309
f 516//516 515//515 522//522
f 522//522 523//523 516//516
f 415//415 428//428 432//432
f 432//432 431//431 415//415
f 344//344 328//328 331//331
f 331//331 345//345 344//344
f 371//371 372//372 388//388
f 388//388 387//387 371//371
f 1073//1073 1071//1071 1074//1074
f 1072//1072 1074//1074 1071//1071
f 1064//1064 1063//1063 1073//1073
f 1071//1071 1073//1073 1063//1063
f 1055//1055 1054//1054 1064//1064
f 1063//1063 1064//1064 1054//1054
f 1046//1046 1045//1045 1055//1055
f 1054//1054 1055//1055 1045//1045
f 1037//1037 1036//1036 1046//1046
f 1045//1045 1046//1046 1036//1036
f 1028//1028 1027//1027 1037//1037
f 1036//1036 1037//1037 1027//1027
f 1017//1017 1016//1016 1028//1028
f 1027//1027 1028//1028 1016//1016
f 1006//1006 1005//1005 1017//1017
f 1016//1016 1017//1017 1005//1005
f 995//995 994//994 1006//1006
f 1005//1005 1006//1006 994//994
f 982//982 993//993 995//995
f 994//994 995//995 993//993
f 981//981 983//983 993//993
f 993//993 982//982 981//981
f 970//970 971//971 983//983
f 983//983 981//981 970//970
f 959//959 961//961 971//971
f 971//971 970//970 959//959
f 947//947 946//946 961//961
f 961//961 959//959 947//947
f 929//929 930//930 946//946
f 946//946 947//947 929//929
f 908//908 909//909 930//930
f 930//930 929//929 908//908
f 885//885 886//886 909//909
f 909//909 908//908 885//885
f 860//860 863//863 886//886
f 886//886 885//885 860//860
f 835//835 836//836 863//863
f 863//863 860//860 835//835
f 804//804 834//834 836//836
f 836//836 835//835 804//804
f 803//803 833//833 834//834
f 834//834 804//804 803//803
f 802//802 810//810 833//833
f 833//833 803//803 802//802
f 776//776 778//778 810//810
f 810//810 802//802 776//776
f 744//744 745//745 778//778
f 778//778 776//776 744//744
f 709//709 743//743 745//745
f 745//745 744//744 709//709
f 708//708 738//738 743//743
f 743//743 709//709 708//708
f 703//703 705//705 738//738
f 738//738 708//708 703//703
f 668//668 705//705 667//667
f 703//703 667//667 705//705
f 595//595 597//597 572//572
f 573//573 572//572 597//597
f 618//618 620//620 595//595
f 597//597 595//595 620//620
f 641//641 643//643 618//618
f 620//620 618//618 643//643
f 649//649 673//673 641//641
f 643//643 641//641 673//673
f 685//685 684//684 649//649
f 673//673 649//649 684//684
f 685//685 721//721 684//684
f 723//723 684//684 721//721
f 683//683 720//720 685//685
f 721//721 685//685 720//720
f 682//682 719//719 683//683
f 720//720 683//683 719//719
f 681//681 718//718 682//682
f 719//719 682//682 718//718
f 680//680 717//717 681//681
f 718//718 681//681 717//717
f 679//679 711//711 680//680
f 717//717 680//680 711//711
f 671//671 686//686 679//679
f 711//711 679//679 686//686
f 650//650 653//653 671//671
f 686//686 671//671 653//653
f 627//627 652//652 653//653
f 653//653 650//650 627//627
f 651//651 652//652 626//626
f 627//627 626//626 652//652
f 1066//1066 1057//1057 1065//1065
f 1056//1056 1065//1065 1057//1057
f 1067//1067 1058//1058 1066//1066
f 1057//1057 1066//1066 1058//1058
f 1068//1068 1059//1059 1067//1067
f 1058//1058 1067//1067 1059//1059
f 1069//1069 1060//1060 1068//1068
f 1059//1059 1068//1068 1060//1060
f 1070//1070 1062//1062 1069//1069
f 1060//1060 1069//1069 1062//1062
f 1071//1071 1062//1062 1070//1070
f 1070//1070 1072//1072 1071//1071
f 654//654 687//687 651//651
f 652//652 651//651 687//687
f 691//691 690//690 654//654
f 687//687 654//654 690//690
f 691//691 692//692 729//729
f 729//729 690//690 691//691
f 655//655 657//657 692//692
f 692//692 691//691 655//655
f 629//629 628//628 657//657
f 657//657 655//655 629//629
f 603//603 604//604 629//629
f 628//628 629//629 604//604
f 580//580 581//581 603//603
f 604//604 603//603 581//581
f 557//557 558//558 580//580
f 581//581 580//580 558//558
f 547//547 559//559 558//558
f 558//558 557//557 547//547
f 548//548 560//560 559//559
f 559//559 547//547 548//548
f 549//549 561//561 560//560
f 560//560 548//548 549//549
f 550//550 562//562 561//561
f 561//561 549//549 550//550
f 551//551 563//563 562//562
f 562//562 550//550 551//551
f 552//552 564//564 563//563
f 563//563 551//551 552//552
f 553//553 565//565 552//552
f 564//564 552//552 565//565
f 554//554 566//566 553//553
f 565//565 553//553 566//566
f 555//555 568//568 554//554
f 566//566 554//554 568//568
f 556//556 569//569 568//568
f 568//568 555//555 556//556
f 567//567 570//570 569//569
f 569//569 556//556 567//567
f 590//590 592//592 570//570
f 570//570 567//567 590//590
f 613//613 615//615 590//590
f 592//592 590//590 615//615
f 636//636 638//638 613//613
f 615//615 613//613 638//638
f 663//663 665//665 636//636
f 638//638 636//636 665//665
f 699//699 701//701 665//665
f 665//665 663//663 699//699
f 734//734 736//736 701//701
f 701//701 699//699 734//734
f 767//767 769//769 736//736
f 736//736 734//734 767//767
f 798//798 800//800 769//769
f 769//769 767//767 798//798
f 829//829 831//831 798//798
f 800//800 798//798 831//831
f 856//856 858//858 829//829
f 831//831 829//829 858//858
f 881//881 883//883 856//856
f 858//858 856//856 883//883
f 904//904 906//906 881//881
f 883//883 881//881 906//906
f 925//925 927//927 904//904
f 906//906 904//904 927//927
f 942//942 944//944 925//925
f 927//927 925//925 944//944
f 955//955 957//957 942//942
f 944//944 942//942 957//957
f 966//966 968//968 955//955
f 957//957 955//955 968//968
f 977//977 979//979 966//966
f 968//968 966//966 979//979
f 989//989 991//991 977//977
f 979//979 977//977 991//991
f 999//999 1001//1001 989//989
f 991//991 989//989 1001//1001
f 1009//1009 1011//1011 999//999
f 1001//1001 999//999 1011//1011
f 1018//1018 1021//1021 1009//1009
f 1011//1011 1009//1009 1021//1021
f 1029//1029 1030//1030 1018//1018
f 1021//1021 1018//1018 1030//1030
f 1038//1038 1039//1039 1029//1029
f 1030//1030 1029//1029 1039//1039
f 1047//1047 1048//1048 1039//1039
f 1039//1039 1038//1038 1047//1047
f 1057//1057 1048//1048 1056//1056
f 1047//1047 1056//1056 1048//1048
f 574//574 596//596 594//594
f 594//594 571//571 574//574
f 576//576 599//599 596//596
f 596//596 574//574 576//576
f 578//578 601//601 599//599
f 599//599 576//576 578//578
f 579//579 602//602 601//601
f 601//601 578//578 579//579
f 577//577 600//600 602//602
f 602//602 579//579 577//577
f 575//575 598//598 577//577
f 600//600 577//577 598//598
f 597//597 598//598 575//575
f 575//575 573//573 597//597
f 669//669 706//706 668//668
f 705//705 668//668 706//706
f 704//704 707//707 706//706
f 706//706 669//669 704//704
f 704//704 710//710 707//707
f 739//739 707//707 710//710
f 670//670 672//672 704//704
f 710//710 704//704 672//672
f 640//640 642//642 670//670
f 672//672 670//670 642//642
f 617//617 619//619 642//642
f 642//642 640//640 617//617
f 596//596 619//619 594//594
f 617//617 594//594 619//619
f 1063//1063 1061//1061 1071//1071
f 1062//1062 1071//1071 1061//1061
f 1054//1054 1053//1053 1063//1063
f 1061//1061 1063//1063 1053//1053
f 1045//1045 1044//1044 1054//1054
f 1053//1053 1054//1054 1044//1044
f 1036//1036 1035//1035 1044//1044
f 1044//1044 1045//1045 1036//1036
f 1027//1027 1026//1026 1035//1035
f 1035//1035 1036//1036 1027//1027
f 1016//1016 1015//1015 1027//1027
f 1026//1026 1027//1027 1015//1015
f 1005//1005 1004//1004 1016//1016
f 1015//1015 1016//1016 1004//1004
f 994//994 1003//1003 1005//1005
f 1004//1004 1005//1005 1003//1003
f 993//993 996//996 994//994
f 1003//1003 994//994 996//996
f 983//983 984//984 996//996
f 996//996 993//993 983//983
f 971//971 973//973 984//984
f 984//984 983//983 971//971
f 961//961 960//960 973//973
f 973//973 971//971 961//961
f 946//946 948//948 960//960
f 960//960 961//961 946//946
f 930//930 931//931 948//948
f 948//948 946//946 930//930
f 909//909 910//910 931//931
f 931//931 930//930 909//909
f 886//886 889//889 910//910
f 910//910 909//909 886//886
f 863//863 864//864 889//889
f 889//889 886//886 863//863
f 836//836 862//862 864//864
f 864//864 863//863 836//836
f 834//834 861//861 862//862
f 862//862 836//836 834//834
f 833//833 842//842 861//861
f 861//861 834//834 833//833
f 810//810 812//812 842//842
f 842//842 833//833 810//810
f 778//778 779//779 812//812
f 812//812 810//810 778//778
f 745//745 777//777 779//779
f 779//779 778//778 745//745
f 743//743 771//771 777//777
f 777//777 745//745 743//743
f 738//738 741//741 771//771
f 771//771 743//743 738//738
f 706//706 741//741 705//705
f 738//738 705//705 741//741
f 620//620 622//622 597//597
f 598//598 597//597 622//622
f 643//643 645//645 620//620
f 622//622 620//620 645//645
f 673//673 675//675 643//643
f 645//645 643//643 675//675
f 684//684 713//713 673//673
f 675//675 673//673 713//713
f 723//723 722//722 684//684
f 713//713 684//684 722//722
f 723//723 757//757 722//722
f 756//756 722//722 757//757
f 721//721 755//755 723//723
f 757//757 723//723 755//755
f 720//720 753//753 721//721
f 755//755 721//721 753//753
f 719//719 752//752 720//720
f 753//753 720//720 752//752
f 718//718 751//751 719//719
f 752//752 719//719 751//751
f 717//717 747//747 718//718
f 751//751 718//718 747//747
f 711//711 724//724 717//717
f 747//747 717//717 724//724
f 686//686 689//689 711//711
f 724//724 711//711 689//689
f 653//653 688//688 689//689
f 689//689 686//686 653//653
f 687//687 688//688 652//652
f 653//653 652//652 688//688
f 1058//1058 1049//1049 1057//1057
f 1048//1048 1057//1057 1049//1049
f 1059//1059 1050//1050 1058//1058
f 1049//1049 1058//1058 1050//1050
f 1060//1060 1052//1052 1059//1059
f 1050//1050 1059//1059 1052//1052
f 1061//1061 1052//1052 1060//1060
f 1060//1060 1062//1062 1061//1061
f 690//690 725//725 687//687
f 688//688 687//687 725//725
f 729//729 728//728 690//690
f 725//725 690//690 728//728
f 729//729 730//730 728//728
f 763//763 728//728 730//730
f 692//692 694//694 730//730
f 730//730 729//729 692//692
f 657//657 656//656 694//694
f 694//694 692//692 657//657
f 628//628 630//630 656//656
f 656//656 657//657 628//628
f 604//604 605//605 630//630
f 630//630 628//628 604//604
f 581//581 582//582 605//605
f 605//605 604//604 581//581
f 558//558 559//559 582//582
f 582//582 581//581 558//558
f 561//561 584//584 583//583
f 583//583 560//560 561//561
f 562//562 585//585 584//584
f 584//584 561//561 562//562
f 563//563 586//586 585//585
f 585//585 562//562 563//563
f 564//564 587//587 563//563
f 586//586 563//563 587//587
f 565//565 588//588 564//564
f 587//587 564//564 588//588
f 566//566 589//589 565//565
f 588//588 565//565 589//589
f 568//568 591//591 566//566
f 589//589 566//566 591//591
f 569//569 593//593 591//591
f 591//591 568//568 569//569
f 615//615 616//616 592//592
f 593//593 592//592 616//616
f 638//638 639//639 615//615
f 616//616 615//615 639//639
f 665//665 666//666 638//638
f 639//639 638//638 666//666
f 701//701 702//702 665//665
f 666//666 665//665 702//702
f 736//736 737//737 701//701
f 702//702 701//701 737//737
f 769//769 770//770 736//736
f 737//737 736//736 770//770
f 800//800 801//801 769//769
f 770//770 769//769 801//801
f 831//831 832//832 800//800
f 801//801 800//800 832//832
f 858//858 859//859 831//831
f 832//832 831//831 859//859
f 883//883 884//884 858//858
f 859//859 858//858 884//884
f 906//906 907//907 883//883
f 884//884 883//883 907//907
f 927//927 928//928 906//906
f 907//907 906//906 928//928
f 944//944 945//945 927//927
f 928//928 927//927 945//945
f 957//957 958//958 944//944
f 945//945 944//944 958//958
f 968//968 969//969 957//957
f 958//958 957//957 969//969
f 979//979 980//980 968//968
f 969//969 968//968 980//980
f 991//991 992//992 979//979
f 980//980 979//979 992//992
f 1001//1001 1002//1002 991//991
f 992//992 991//991 1002//1002
f 1011//1011 1012//1012 1001//1001
f 1002//1002 1001//1001 1012//1012
f 1021//1021 1022//1022 1011//1011
f 1012//1012 1011//1011 1022//1022
f 1030//1030 1032//1032 1022//1022
f 1022//1022 1021//1021 1030//1030
f 1039//1039 1040//1040 1030//1030
f 1032//1032 1030//1030 1040//1040
f 1049//1049 1040//1040 1039//1039
f 1039//1039 1048//1048 1049//1049
f 599//599 621//621 619//619
f 619//619 596//596 599//599
f 601//601 624//624 621//621
f 621//621 599//599 601//601
f 602//602 625//625 624//624
f 624//624 601//601 602//602
f 600//600 623//623 602//602
f 625//625 602//602 623//623
f 622//622 623//623 600//600
f 600//600 598//598 622//622
f 1053//1053 1051//1051 1052//1052
f 1052//1052 1061//1061 1053//1053
f 1044//1044 1043//1043 1051//1051
f 1051//1051 1053//1053 1044//1044
f 1035//1035 1034//1034 1043//1043
f 1043//1043 1044//1044 1035//1035
f 1026//1026 1025//1025 1034//1034
f 1034//1034 1035//1035 1026//1026
f 1015//1015 1014//1014 1026//1026
f 1025//1025 1026//1026 1014//1014
f 1004//1004 1013//1013 1015//1015
f 1014//1014 1015//1015 1013//1013
f 1003//1003 1007//1007 1004//1004
f 1013//1013 1004//1004 1007//1007
f 996//996 997//997 1003//1003
f 1007//1007 1003//1003 997//997
f 984//984 986//986 997//997
f 997//997 996//996 984//984
f 973//973 972//972 986//986
f 986//986 984//984 973//973
f 960//960 962//962 972//972
f 972//972 973//973 960//960
f 948//948 949//949 962//962
f 962//962 960//960 948//948
f 931//931 932//932 949//949
f 949//949 948//948 931//931
f 910//910 913//913 932//932
f 932//932 931//931 910//910
f 889//889 890//890 913//913
f 913//913 910//910 889//889
f 864//864 888//888 890//890
f 890//890 889//889 864//864
f 862//862 887//887 888//888
f 888//888 864//864 862//862
f 861//861 870//870 887//887
f 887//887 862//862 861//861
f 842//842 844//844 870//870
f 870//870 861//861 842//842
f 812//812 813//813 844//844
f 844//844 842//842 812//812
f 779//779 811//811 813//813
f 813//813 812//812 779//779
f 777//777 805//805 811//811
f 811//811 779//779 777//777
f 771//771 774//774 777//777
f 805//805 777//777 774//774
f 741//741 740//740 771//771
f 774//774 771//771 740//740
f 707//707 740//740 706//706
f 741//741 706//706 740//740
f 739//739 742//742 707//707
f 740//740 707//707 742//742
f 739//739 746//746 742//742
f 772//772 742//742 746//746
f 710//710 712//712 739//739
f 746//746 739//739 712//712
f 672//672 674//674 710//710
f 712//712 710//710 674//674
f 642//642 644//644 672//672
f 674//674 672//672 644//644
f 621//621 644//644 619//619
f 642//642 619//619 644//644
f 570//570 592//592 593//593
f 593//593 569//569 570//570
f 645//645 647//647 622//622
f 623//623 622//622 647//647
f 675//675 677//677 645//645
f 647//647 645//645 677//677
f 713//713 715//715 675//675
f 677//677 675//675 715//715
f 722//722 749//749 713//713
f 715//715 713//713 749//749
f 756//756 754//754 749//749
f 749//749 722//722 756//756
f 756//756 788//788 754//754
f 786//786 754//754 788//788
f 757//757 789//789 756//756
f 788//788 756//756 789//789
f 755//755 787//787 789//789
f 789//789 757//757 755//755
f 753//753 785//785 755//755
f 787//787 755//755 785//785
f 752//752 783//783 753//753
f 785//785 753//753 783//783
f 751//751 781//781 752//752
f 783//783 752//752 781//781
f 747//747 758//758 751//751
f 781//781 751//751 758//758
f 724//724 727//727 747//747
f 758//758 747//747 727//727
f 689//689 726//726 727//727
f 727//727 724//724 689//689
f 725//725 726//726 688//688
f 689//689 688//688 726//726
f 1050//1050 1042//1042 1040//1040
f 1040//1040 1049//1049 1050//1050
f 1051//1051 1042//1042 1052//1052
f 1050//1050 1052//1052 1042//1042
f 1043//1043 1041//1041 1051//1051
f 1042//1042 1051//1051 1041//1041
f 1034//1034 1033//1033 1041//1041
f 1041//1041 1043//1043 1034//1034
f 1025//1025 1024//1024 1034//1034
f 1033//1033 1034//1034 1024//1024
f 1014//1014 1023//1023 1024//1024
f 1024//1024 1025//1025 1014//1014
f 1013//1013 1019//1019 1014//1014
f 1023//1023 1014//1014 1019//1019
f 1007//1007 1008//1008 1013//1013
f 1019//1019 1013//1013 1008//1008
f 997//997 998//998 1008//1008
f 1008//1008 1007//1007 997//997
f 986//986 985//985 997//997
f 998//998 997//997 985//985
f 972//972 974//974 985//985
f 985//985 986//986 972//972
f 962//962 963//963 974//974
f 974//974 972//972 962//962
f 949//949 950//950 963//963
f 963//963 962//962 949//949
f 932//932 935//935 949//949
f 950//950 949//949 935//935
f 913//913 914//914 935//935
f 935//935 932//932 913//913
f 890//890 912//912 914//914
f 914//914 913//913 890//890
f 888//888 911//911 912//912
f 912//912 890//890 888//888
f 887//887 896//896 911//911
f 911//911 888//888 887//887
f 870//870 872//872 896//896
f 896//896 887//887 870//870
f 844//844 845//845 872//872
f 872//872 870//870 844//844
f 813//813 843//843 845//845
f 845//845 844//844 813//813
f 811//811 837//837 843//843
f 843//843 813//813 811//811
f 805//805 808//808 837//837
f 837//837 811//811 805//805
f 774//774 773//773 808//808
f 808//808 805//805 774//774
f 742//742 773//773 740//740
f 774//774 740//740 773//773
f 616//616 614//614 593//593
f 591//591 593//593 614//614
f 639//639 637//637 616//616
f 614//614 616//616 637//637
f 666//666 664//664 639//639
f 637//637 639//639 664//664
f 702//702 700//700 666//666
f 664//664 666//666 700//700
f 737//737 735//735 702//702
f 700//700 702//702 735//735
f 770//770 768//768 737//737
f 735//735 737//737 768//768
f 801//801 799//799 770//770
f 768//768 770//770 799//799
f 832//832 830//830 801//801
f 799//799 801//801 830//830
f 859//859 857//857 832//832
f 830//830 832//832 857//857
f 884//884 882//882 859//859
f 857//857 859//859 882//882
f 907//907 905//905 884//884
f 882//882 884//884 905//905
f 928//928 926//926 907//907
f 905//905 907//907 926//926
f 945//945 943//943 928//928
f 926//926 928//928 943//943
f 958//958 956//956 945//945
f 943//943 945//945 956//956
f 969//969 967//967 958//958
f 956//956 958//958 967//967
f 980//980 978//978 969//969
f 967//967 969//969 978//978
f 992//992 990//990 980//980
f 978//978 980//980 990//990
f 1002//1002 1000//1000 992//992
f 990//990 992//992 1000//1000
f 1012//1012 1010//1010 1002//1002
f 1000//1000 1002//1002 1010//1010
f 1022//1022 1020//1020 1012//1012
f 1010//1010 1012//1012 1020//1020
f 1040//1040 1042//1042 1041//1041
f 1041//1041 1032//1032 1040//1040
f 614//614 612//612 591//591
f 589//589 591//591 612//612
f 637//637 635//635 612//612
f 612//612 614//614 637//637
f 664//664 662//662 637//637
f 635//635 637//637 662//662
f 700//700 698//698 664//664
f 662//662 664//664 698//698
f 735//735 733//733 700//700
f 698//698 700//700 733//733
f 768//768 766//766 735//735
f 733//733 735//735 766//766
f 799//799 797//797 768//768
f 766//766 768//768 797//797
f 830//830 828//828 799//799
f 797//797 799//799 828//828
f 857//857 855//855 830//830
f 828//828 830//830 855//855
f 882//882 880//880 857//857
f 855//855 857//857 880//880
f 905//905 903//903 882//882
f 880//880 882//882 903//903
f 926//926 924//924 905//905
f 903//903 905//905 924//924
f 943//943 941//941 926//926
f 924//924 926//926 941//941
f 956//956 954//954 943//943
f 941//941 943//943 954//954
f 967//967 965//965 954//954
f 954//954 956//956 967//967
f 978//978 976//976 967//967
f 965//965 967//967 976//976
f 990//990 988//988 978//978
f 976//976 978//978 988//988
f 1000//1000 998//998 988//988
f 988//988 990//990 1000//1000
f 985//985 987//987 988//988
f 988//988 998//998 985//985
f 974//974 975//975 987//987
f 987//987 985//985 974//974
f 963//963 964//964 975//975
f 975//975 974//974 963//963
f 950//950 952//952 964//964
f 964//964 963//963 950//950
f 935//935 936//936 950//950
f 952//952 950//950 936//936
f 914//914 934//934 936//936
f 936//936 935//935 914//914
f 912//912 933//933 934//934
f 934//934 914//914 912//912
f 911//911 918//918 933//933
f 933//933 912//912 911//911
f 896//896 898//898 918//918
f 918//918 911//911 896//896
f 872//872 873//873 898//898
f 898//898 896//896 872//872
f 845//845 871//871 873//873
f 873//873 872//872 845//845
f 843//843 865//865 871//871
f 871//871 845//845 843//843
f 837//837 840//840 865//865
f 865//865 843//843 837//837
f 808//808 807//807 837//837
f 840//840 837//837 807//807
f 773//773 775//775 807//807
f 807//807 808//808 773//773
f 772//772 775//775 742//742
f 773//773 742//742 775//775
f 583//583 582//582 560//560
f 559//559 560//560 582//582
f 583//583 606//606 605//605
f 605//605 582//582 583//583
f 584//584 607//607 606//606
f 606//606 583//583 584//584
f 585//585 608//608 607//607
f 607//607 584//584 585//585
f 586//586 610//610 608//608
f 608//608 585//585 586//586
f 587//587 609//609 586//586
f 610//610 586//586 609//609
f 662//662 661//661 634//634
f 634//634 635//635 662//662
f 698//698 697//697 662//662
f 661//661 662//662 697//697
f 733//733 732//732 698//698
f 697//697 698//698 732//732
f 766//766 765//765 733//733
f 732//732 733//733 765//765
f 797//797 796//796 766//766
f 765//765 766//766 796//796
f 828//828 827//827 797//797
f 796//796 797//797 827//827
f 855//855 854//854 828//828
f 827//827 828//828 854//854
f 880//880 879//879 855//855
f 854//854 855//855 879//879
f 903//903 902//902 880//880
f 879//879 880//880 902//902
f 924//924 923//923 903//903
f 902//902 903//903 923//923
f 941//941 940//940 924//924
f 923//923 924//924 940//940
f 954//954 953//953 941//941
f 940//940 941//941 953//953
f 965//965 951//951 954//954
f 953//953 954//954 951//951
f 988//988 987//987 976//976
f 975//975 976//976 987//987
f 728//728 759//759 726//726
f 726//726 725//725 728//728
f 763//763 762//762 759//759
f 759//759 728//728 763//763
f 763//763 764//764 762//762
f 795//795 762//762 764//764
f 730//730 731//731 764//764
f 764//764 763//763 730//730
f 694//694 693//693 730//730
f 731//731 730//730 693//693
f 656//656 658//658 693//693
f 693//693 694//694 656//656
f 630//630 631//631 658//658
f 658//658 656//656 630//630
f 606//606 631//631 605//605
f 630//630 605//605 631//631
f 624//624 646//646 644//644
f 644//644 621//621 624//624
f 625//625 648//648 646//646
f 646//646 624//624 625//625
f 647//647 648//648 623//623
f 625//625 623//623 648//648
f 677//677 678//678 647//647
f 648//648 647//647 678//678
f 715//715 716//716 677//677
f 678//678 677//677 716//716
f 749//749 750//750 716//716
f 716//716 715//715 749//749
f 754//754 782//782 750//750
f 750//750 749//749 754//754
f 786//786 784//784 754//754
f 782//782 754//754 784//784
f 786//786 818//818 784//784
f 816//816 784//784 818//818
f 788//788 820//820 786//786
f 818//818 786//786 820//820
f 789//789 821//821 820//820
f 820//820 788//788 789//789
f 787//787 819//819 821//821
f 821//821 789//789 787//787
f 785//785 817//817 787//787
f 819//819 787//787 817//817
f 783//783 815//815 785//785
f 817//817 785//785 815//815
f 781//781 790//790 815//815
f 815//815 783//783 781//781
f 758//758 761//761 781//781
f 790//790 781//781 761//761
f 727//727 760//760 758//758
f 761//761 758//758 760//760
f 759//759 760//760 727//727
f 727//727 726//726 759//759
f 634//634 610//610 609//609
f 609//609 635//635 634//634
f 634//634 633//633 610//610
f 608//608 610//610 633//633
f 661//661 660//660 634//634
f 633//633 634//634 660//660
f 697//697 696//696 661//661
f 660//660 661//661 696//696
f 732//732 731//731 697//697
f 696//696 697//697 731//731
f 765//765 764//764 732//732
f 731//731 732//732 764//764
f 796//796 795//795 764//764
f 764//764 765//765 796//796
f 827//827 826//826 796//796
f 795//795 796//796 826//826
f 854//854 853//853 826//826
f 826//826 827//827 854//854
f 879//879 878//878 854//854
f 853//853 854//854 878//878
f 902//902 901//901 878//878
f 878//878 879//879 902//902
f 923//923 922//922 902//902
f 901//901 902//902 922//922
f 940//940 937//937 923//923
f 922//922 923//923 937//937
f 953//953 939//939 940//940
f 937//937 940//940 939//939
f 951//951 938//938 953//953
f 939//939 953//953 938//938
f 918//918 920//920 938//938
f 938//938 933//933 918//918
f 898//898 899//899 920//920
f 920//920 918//918 898//898
f 873//873 897//897 899//899
f 899//899 898//898 873//873
f 871//871 891//891 897//897
f 897//897 873//873 871//871
f 865//865 868//868 891//891
f 891//891 871//871 865//865
f 840//840 839//839 868//868
f 868//868 865//865 840//840
f 807//807 809//809 840//840
f 839//839 840//840 809//809
f 775//775 806//806 809//809
f 809//809 807//807 775//775
f 772//772 780//780 806//806
f 806//806 775//775 772//772
f 746//746 748//748 772//772
f 780//780 772//772 748//748
f 712//712 714//714 748//748
f 748//748 746//746 712//712
f 674//674 676//676 712//712
f 714//714 712//712 676//676
f 646//646 676//676 674//674
f 674//674 644//644 646//646
f 607//607 632//632 606//606
f 631//631 606//606 632//632
f 633//633 632//632 608//608
f 607//607 608//608 632//632
f 660//660 659//659 633//633
f 632//632 633//633 659//659
f 696//696 695//695 660//660
f 659//659 660//660 695//695
f 658//658 659//659 695//695
f 695//695 693//693 658//658
f 658//658 631//631 659//659
f 632//632 659//659 631//631
f 612//612 611//611 589//589
f 588//588 589//589 611//611
f 612//612 635//635 611//611
f 609//609 611//611 635//635
f 1032//1032 1031//1031 1022//1022
f 1020//1020 1022//1022 1031//1031
f 1033//1033 1031//1031 1041//1041
f 1032//1032 1041//1041 1031//1031
f 1010//1010 1008//1008 1000//1000
f 998//998 1000//1000 1008//1008
f 1020//1020 1019//1019 1010//1010
f 1008//1008 1010//1010 1019//1019
f 920//920 921//921 938//938
f 939//939 938//938 921//921
f 899//899 919//919 921//921
f 921//921 920//920 899//899
f 897//897 915//915 919//919
f 919//919 899//899 897//897
f 891//891 894//894 915//915
f 915//915 897//897 891//891
f 868//868 867//867 894//894
f 894//894 891//891 868//868
f 839//839 841//841 868//868
f 867//867 868//868 841//841
f 809//809 838//838 839//839
f 841//841 839//839 838//838
f 806//806 814//814 809//809
f 838//838 809//809 814//814
f 780//780 782//782 814//814
f 814//814 806//806 780//780
f 748//748 750//750 780//780
f 782//782 780//780 750//750
f 784//784 816//816 814//814
f 814//814 782//782 784//784
f 818//818 848//848 846//846
f 846//846 816//816 818//818
f 820//820 850//850 848//848
f 848//848 818//818 820//820
f 821//821 851//851 820//820
f 850//850 820//820 851//851
f 819//819 849//849 821//821
f 851//851 821//821 849//849
f 817//817 847//847 819//819
f 849//849 819//819 847//847
f 815//815 822//822 817//817
f 847//847 817//817 822//822
f 790//790 793//793 822//822
f 822//822 815//815 790//790
f 761//761 792//792 790//790
f 793//793 790//790 792//792
f 760//760 791//791 761//761
f 792//792 761//761 791//791
f 762//762 791//791 760//760
f 760//760 759//759 762//762
f 951//951 934//934 938//938
f 933//933 938//938 934//934
f 951//951 952//952 934//934
f 936//936 934//934 952//952
f 965//965 964//964 952//952
f 952//952 951//951 965//965
f 975//975 964//964 976//976
f 965//965 976//976 964//964
f 1024//1024 1023//1023 1031//1031
f 1031//1031 1033//1033 1024//1024
f 846//846 838//838 814//814
f 814//814 816//816 846//846
f 846//846 866//866 841//841
f 841//841 838//838 846//846
f 848//848 874//874 866//866
f 866//866 846//846 848//848
f 850//850 876//876 874//874
f 874//874 848//848 850//850
f 851//851 877//877 850//850
f 876//876 850//850 877//877
f 849//849 875//875 851//851
f 877//877 851//851 875//875
f 847//847 852//852 849//849
f 875//875 849//849 852//852
f 822//822 825//825 847//847
f 852//852 847//847 825//825
f 793//793 824//824 825//825
f 825//825 822//822 793//793
f 792//792 823//823 793//793
f 824//824 793//793 823//823
f 791//791 794//794 792//792
f 823//823 792//792 794//794
f 795//795 794//794 762//762
f 791//791 762//762 794//794
f 866//866 869//869 867//867
f 867//867 841//841 866//866
f 874//874 892//892 866//866
f 869//869 866//866 892//892
f 876//876 900//900 874//874
f 892//892 874//874 900//900
f 877//877 901//901 900//900
f 900//900 876//876 877//877
f 875//875 878//878 877//877
f 901//901 877//877 878//878
f 922//922 916//916 900//900
f 900//900 901//901 922//922
f 937//937 917//917 922//922
f 916//916 922//922 917//917
f 915//915 917//917 919//919
f 937//937 919//919 917//917
f 894//894 893//893 917//917
f 917//917 915//915 894//894
f 869//869 893//893 867//867
f 894//894 867//867 893//893
f 895//895 893//893 869//869
f 869//869 892//892 895//895
f 895//895 916//916 917//917
f 917//917 893//893 895//895
f 921//921 919//919 939//939
f 937//937 939//939 919//919
f 714//714 716//716 750//750
f 750//750 748//748 714//714
f 676//676 678//678 714//714
f 716//716 714//714 678//678
f 676//676 646//646 648//648
f 648//648 678//678 676//676
f 696//696 731//731 693//693
f 693//693 695//695 696//696
f 826//826 823//823 794//794
f 794//794 795//795 826//826
f 878//878 875//875 852//852
f 852//852 853//853 878//878
f 853//853 824//824 826//826
f 823//823 826//826 824//824
f 853//853 852//852 825//825
f 825//825 824//824 853//853
f 1020//1020 1031//1031 1023//1023
f 1023//1023 1019//1019 1020//1020
f 587//587 588//588 611//611
f 611//611 609//609 587//587
f 900//900 916//916 895//895
f 895//895 892//892 900//900
f 1075//1075 1076//1076 1065//1065
f 1066//1066 1065//1065 1076//1076
f 1083//1083 1084//1084 1075//1075
f 1076//1076 1075//1075 1084//1084
f 1091//1091 1092//1092 1083//1083
f 1084//1084 1083//1083 1092//1092
f 1099//1099 1100//1100 1091//1091
f 1092//1092 1091//1091 1100//1100
f 1107//1107 1108//1108 1099//1099
f 1100//1100 1099//1099 1108//1108
f 1115//1115 1116//1116 1107//1107
f 1108//1108 1107//1107 1116//1116
f 1123//1123 1124//1124 1115//1115
f 1116//1116 1115//1115 1124//1124
f 1131//1131 1132//1132 1123//1123
f 1124//1124 1123//1123 1132//1132
f 1139//1139 1140//1140 1131//1131
f 1132//1132 1131//1131 1140//1140
f 1147//1147 1148//1148 1139//1139
f 1140//1140 1139//1139 1148//1148
f 1155//1155 1156//1156 1148//1148
f 1148//1148 1147//1147 1155//1155
f 1163//1163 1164//1164 1156//1156
f 1156//1156 1155//1155 1163//1163
f 1170//1170 1171//1171 1164//1164
f 1164//1164 1163//1163 1170//1170
f 1177//1177 1178//1178 1171//1171
f 1171//1171 1170//1170 1177//1177
f 1184//1184 1185//1185 1178//1178
f 1178//1178 1177//1177 1184//1184
f 1191//1191 1192//1192 1185//1185
f 1185//1185 1184//1184 1191//1191
f 1198//1198 1199//1199 1192//1192
f 1192//1192 1191//1191 1198//1198
f 1205//1205 1206//1206 1199//1199
f 1199//1199 1198//1198 1205//1205
f 1212//1212 1213//1213 1206//1206
f 1206//1206 1205//1205 1212//1212
f 1219//1219 1220//1220 1213//1213
f 1213//1213 1212//1212 1219//1219
f 1226//1226 1227//1227 1220//1220
f 1220//1220 1219//1219 1226//1226
f 1233//1233 1234//1234 1227//1227
f 1227//1227 1226//1226 1233//1233
f 1240//1240 1241//1241 1234//1234
f 1234//1234 1233//1233 1240//1240
f 1247//1247 1248//1248 1241//1241
f 1241//1241 1240//1240 1247//1247
f 1254//1254 1255//1255 1247//1247
f 1248//1248 1247//1247 1255//1255
f 1261//1261 1262//1262 1255//1255
f 1255//1255 1254//1254 1261//1261
f 1269//1269 1262//1262 1268//1268
f 1261//1261 1268//1268 1262//1262
f 25//25 1267//1267 26//26
f 1274//1274 26//26 1267//1267
f 24//24 1260//1260 25//25
f 1267//1267 25//25 1260//1260
f 23//23 1253//1253 24//24
f 1260//1260 24//24 1253//1253
f 22//22 1246//1246 23//23
f 1253//1253 23//23 1246//1246
f 21//21 1239//1239 22//22
f 1246//1246 22//22 1239//1239
f 20//20 1232//1232 21//21
f 1239//1239 21//21 1232//1232
f 19//19 1225//1225 20//20
f 1232//1232 20//20 1225//1225
f 18//18 1218//1218 19//19
f 1225//1225 19//19 1218//1218
f 17//17 1211//1211 18//18
f 1218//1218 18//18 1211//1211
f 16//16 1204//1204 17//17
f 1211//1211 17//17 1204//1204
f 15//15 1197//1197 1204//1204
f 1204//1204 16//16 15//15
f 10//10 1190//1190 1197//1197
f 1197//1197 15//15 10//10
f 5//5 1183//1183 1190//1190
f 1190//1190 10//10 5//5
f 2//2 1176//1176 1183//1183
f 1183//1183 5//5 2//2
f 1//1 1169//1169 1176//1176
f 1176//1176 2//2 1//1
f 1162//1162 1161//1161 1169//1169
f 1169//1169 1//1 1162//1162
f 1154//1154 1153//1153 1161//1161
f 1161//1161 1162//1162 1154//1154
f 1146//1146 1145//1145 1153//1153
f 1153//1153 1154//1154 1146//1146
f 1138//1138 1137//1137 1145//1145
f 1145//1145 1146//1146 1138//1138
f 1130//1130 1129//1129 1137//1137
f 1137//1137 1138//1138 1130//1130
f 1122//1122 1121//1121 1129//1129
f 1129//1129 1130//1130 1122//1122
f 1114//1114 1113//1113 1121//1121
f 1121//1121 1122//1122 1114//1114
f 1106//1106 1105//1105 1113//1113
f 1113//1113 1114//1114 1106//1106
f 1098//1098 1097//1097 1105//1105
f 1105//1105 1106//1106 1098//1098
f 1090//1090 1089//1089 1097//1097
f 1097//1097 1098//1098 1090//1090
f 1082//1082 1081//1081 1089//1089
f 1089//1089 1090//1090 1082//1082
f 1072//1072 1081//1081 1074//1074
f 1082//1082 1074//1074 1081//1081
f 1070//1070 1080//1080 1072//1072
f 1081//1081 1072//1072 1080//1080
f 1069//1069 1079//1079 1070//1070
f 1080//1080 1070//1070 1079//1079
f 1068//1068 1078//1078 1069//1069
f 1079//1079 1069//1069 1078//1078
f 1067//1067 1077//1077 1068//1068
f 1078//1078 1068//1068 1077//1077
f 1076//1076 1077//1077 1067//1067
f 1067//1067 1066//1066 1076//1076
f 1270//1270 1263//1263 1269//1269
f 1262//1262 1269//1269 1263//1263
f 1271//1271 1264//1264 1270//1270
f 1263//1263 1270//1270 1264//1264
f 1272//1272 1265//1265 1271//1271
f 1264//1264 1271//1271 1265//1265
f 1273//1273 1266//1266 1272//1272
f 1265//1265 1272//1272 1266//1266
f 1267//1267 1266//1266 1273//1273
f 1273//1273 1274//1274 1267//1267
f 1084//1084 1085//1085 1076//1076
f 1077//1077 1076//1076 1085//1085
f 1092//1092 1093//1093 1084//1084
f 1085//1085 1084//1084 1093//1093
f 1100//1100 1101//1101 1092//1092
f 1093//1093 1092//1092 1101//1101
f 1108//1108 1109//1109 1100//1100
f 1101//1101 1100//1100 1109//1109
f 1116//1116 1117//1117 1108//1108
f 1109//1109 1108//1108 1117//1117
f 1124//1124 1125//1125 1116//1116
f 1117//1117 1116//1116 1125//1125
f 1132//1132 1133//1133 1124//1124
f 1125//1125 1124//1124 1133//1133
f 1140//1140 1141//1141 1132//1132
f 1133//1133 1132//1132 1141//1141
f 1148//1148 1149//1149 1141//1141
f 1141//1141 1140//1140 1148//1148
f 1156//1156 1157//1157 1149//1149
f 1149//1149 1148//1148 1156//1156
f 1164//1164 1165//1165 1157//1157
f 1157//1157 1156//1156 1164//1164
f 1171//1171 1172//1172 1165//1165
f 1165//1165 1164//1164 1171//1171
f 1178//1178 1179//1179 1172//1172
f 1172//1172 1171//1171 1178//1178
f 1185//1185 1186//1186 1179//1179
f 1179//1179 1178//1178 1185//1185
f 1192//1192 1193//1193 1186//1186
f 1186//1186 1185//1185 1192//1192
f 1199//1199 1200//1200 1193//1193
f 1193//1193 1192//1192 1199//1199
f 1206//1206 1207//1207 1200//1200
f 1200//1200 1199//1199 1206//1206
f 1213//1213 1214//1214 1207//1207
f 1207//1207 1206//1206 1213//1213
f 1220//1220 1221//1221 1214//1214
f 1214//1214 1213//1213 1220//1220
f 1227//1227 1228//1228 1221//1221
f 1221//1221 1220//1220 1227//1227
f 1234//1234 1235//1235 1228//1228
f 1228//1228 1227//1227 1234//1234
f 1241//1241 1242//1242 1235//1235
f 1235//1235 1234//1234 1241//1241
f 1248//1248 1249//1249 1242//1242
f 1242//1242 1241//1241 1248//1248
f 1255//1255 1256//1256 1249//1249
f 1249//1249 1248//1248 1255//1255
f 1263//1263 1256//1256 1262//1262
f 1255//1255 1262//1262 1256//1256
f 1260//1260 1259//1259 1266//1266
f 1266//1266 1267//1267 1260//1260
f 1253//1253 1252//1252 1260//1260
f 1259//1259 1260//1260 1252//1252
f 1246//1246 1245//1245 1253//1253
f 1252//1252 1253//1253 1245//1245
f 1239//1239 1238//1238 1246//1246
f 1245//1245 1246//1246 1238//1238
f 1232//1232 1231//1231 1239//1239
f 1238//1238 1239//1239 1231//1231
f 1225//1225 1224//1224 1232//1232
f 1231//1231 1232//1232 1224//1224
f 1218//1218 1217//1217 1225//1225
f 1224//1224 1225//1225 1217//1217
f 1211//1211 1210//1210 1218//1218
f 1217//1217 1218//1218 1210//1210
f 1204//1204 1203//1203 1211//1211
f 1210//1210 1211//1211 1203//1203
f 1197//1197 1196//1196 1203//1203
f 1203//1203 1204//1204 1197//1197
f 1190//1190 1189//1189 1196//1196
f 1196//1196 1197//1197 1190//1190
f 1183//1183 1182//1182 1189//1189
f 1189//1189 1190//1190 1183//1183
f 1176//1176 1175//1175 1182//1182
f 1182//1182 1183//1183 1176//1176
f 1169//1169 1168//1168 1176//1176
f 1175//1175 1176//1176 1168//1168
f 1161//1161 1160//1160 1168//1168
f 1168//1168 1169//1169 1161//1161
f 1153//1153 1152//1152 1160//1160
f 1160//1160 1161//1161 1153//1153
f 1145//1145 1144//1144 1152//1152
f 1152//1152 1153//1153 1145//1145
f 1137//1137 1136//1136 1144//1144
f 1144//1144 1145//1145 1137//1137
f 1129//1129 1128//1128 1136//1136
f 1136//1136 1137//1137 1129//1129
f 1121//1121 1120//1120 1128//1128
f 1128//1128 1129//1129 1121//1121
f 1113//1113 1112//1112 1120//1120
f 1120//1120 1121//1121 1113//1113
f 1105//1105 1104//1104 1112//1112
f 1112//1112 1113//1113 1105//1105
f 1097//1097 1096//1096 1104//1104
f 1104//1104 1105//1105 1097//1097
f 1089//1089 1088//1088 1096//1096
f 1096//1096 1097//1097 1089//1089
f 1080//1080 1088//1088 1081//1081
f 1089//1089 1081//1081 1088//1088
f 1079//1079 1087//1087 1080//1080
f 1088//1088 1080//1080 1087//1087
f 1078//1078 1086//1086 1079//1079
f 1087//1087 1079//1079 1086//1086
f 1085//1085 1086//1086 1077//1077
f 1078//1078 1077//1077 1086//1086
f 1093//1093 1094//1094 1085//1085
f 1086//1086 1085//1085 1094//1094
f 1101//1101 1102//1102 1094//1094
f 1094//1094 1093//1093 1101//1101
f 1109//1109 1110//1110 1102//1102
f 1102//1102 1101//1101 1109//1109
f 1117//1117 1118//1118 1110//1110
f 1110//1110 1109//1109 1117//1117
f 1125//1125 1126//1126 1118//1118
f 1118//1118 1117//1117 1125//1125
f 1133//1133 1134//1134 1126//1126
f 1126//1126 1125//1125 1133//1133
f 1141//1141 1142//1142 1134//1134
f 1134//1134 1133//1133 1141//1141
f 1149//1149 1150//1150 1142//1142
f 1142//1142 1141//1141 1149//1149
f 1157//1157 1158//1158 1150//1150
f 1150//1150 1149//1149 1157//1157
f 1165//1165 1166//1166 1158//1158
f 1158//1158 1157//1157 1165//1165
f 1172//1172 1173//1173 1166//1166
f 1166//1166 1165//1165 1172//1172
f 1179//1179 1180//1180 1172//1172
f 1173//1173 1172//1172 1180//1180
f 1186//1186 1187//1187 1179//1179
f 1180//1180 1179//1179 1187//1187
f 1193//1193 1194//1194 1186//1186
f 1187//1187 1186//1186 1194//1194
f 1200//1200 1201//1201 1193//1193
f 1194//1194 1193//1193 1201//1201
f 1207//1207 1208//1208 1200//1200
f 1201//1201 1200//1200 1208//1208
f 1214//1214 1215//1215 1207//1207
f 1208//1208 1207//1207 1215//1215
f 1221//1221 1222//1222 1214//1214
f 1215//1215 1214//1214 1222//1222
f 1228//1228 1229//1229 1221//1221
f 1222//1222 1221//1221 1229//1229
f 1235//1235 1236//1236 1228//1228
f 1229//1229 1228//1228 1236//1236
f 1242//1242 1243//1243 1235//1235
f 1236//1236 1235//1235 1243//1243
f 1249//1249 1250//1250 1242//1242
f 1243//1243 1242//1242 1250//1250
f 1256//1256 1257//1257 1249//1249
f 1250//1250 1249//1249 1257//1257
f 1264//1264 1257//1257 1263//1263
f 1256//1256 1263//1263 1257//1257
f 1265//1265 1258//1258 1264//1264
f 1257//1257 1264//1264 1258//1258
f 1259//1259 1258//1258 1265//1265
f 1265//1265 1266//1266 1259//1259
f 1252//1252 1251//1251 1258//1258
f 1258//1258 1259//1259 1252//1252
f 1245//1245 1244//1244 1251//1251
f 1251//1251 1252//1252 1245//1245
f 1238//1238 1237//1237 1244//1244
f 1244//1244 1245//1245 1238//1238
f 1231//1231 1230//1230 1237//1237
f 1237//1237 1238//1238 1231//1231
f 1224//1224 1223//1223 1230//1230
f 1230//1230 1231//1231 1224//1224
f 1217//1217 1216//1216 1223//1223
f 1223//1223 1224//1224 1217//1217
f 1210//1210 1209//1209 1216//1216
f 1216//1216 1217//1217 1210//1210
f 1203//1203 1202//1202 1209//1209
f 1209//1209 1210//1210 1203//1203
f 1196//1196 1195//1195 1202//1202
f 1202//1202 1203//1203 1196//1196
f 1189//1189 1188//1188 1195//1195
f 1195//1195 1196//1196 1189//1189
f 1182//1182 1181//1181 1188//1188
f 1188//1188 1189//1189 1182//1182
f 1175//1175 1174//1174 1181//1181
f 1181//1181 1182//1182 1175//1175
f 1168//1168 1167//1167 1174//1174
f 1174//1174 1175//1175 1168//1168
f 1160//1160 1159//1159 1167//1167
f 1167//1167 1168//1168 1160//1160
f 1152//1152 1151//1151 1159//1159
f 1159//1159 1160//1160 1152//1152
f 1144//1144 1143//1143 1151//1151
f 1151//1151 1152//1152 1144//1144
f 1136//1136 1135//1135 1143//1143
f 1143//1143 1144//1144 1136//1136
f 1128//1128 1127//1127 1135//1135
f 1135//1135 1136//1136 1128//1128
f 1120//1120 1119//1119 1128//1128
f 1127//1127 1128//1128 1119//1119
f 1112//1112 1111//1111 1120//1120
f 1119//1119 1120//1120 1111//1111
f 1104//1104 1103//1103 1112//1112
f 1111//1111 1112//1112 1103//1103
f 1096//1096 1095//1095 1104//1104
f 1103//1103 1104//1104 1095//1095
f 1087//1087 1095//1095 1096//1096
f 1096//1096 1088//1088 1087//1087
f 1094//1094 1095//1095 1086//1086
f 1087//1087 1086//1086 1095//1095
f 1102//1102 1103//1103 1094//1094
f 1095//1095 1094//1094 1103//1103
f 1110//1110 1111//1111 1103//1103
f 1103//1103 1102//1102 1110//1110
f 1118//1118 1119//1119 1111//1111
f 1111//1111 1110//1110 1118//1118
f 1126//1126 1127//1127 1119//1119
f 1119//1119 1118//1118 1126//1126
f 1134//1134 1135//1135 1127//1127
f 1127//1127 1126//1126 1134//1134
f 1142//1142 1143//1143 1135//1135
f 1135//1135 1134//1134 1142//1142
f 1150//1150 1151//1151 1143//1143
f 1143//1143 1142//1142 1150//1150
f 1158//1158 1159//1159 1151//1151
f 1151//1151 1150//1150 1158//1158
f 1166//1166 1167//1167 1159//1159
f 1159//1159 1158//1158 1166//1166
f 1173//1173 1174//1174 1167//1167
f 1167//1167 1166//1166 1173//1173
f 1180//1180 1181//1181 1174//1174
f 1174//1174 1173//1173 1180//1180
f 1187//1187 1188//1188 1181//1181
f 1181//1181 1180//1180 1187//1187
f 1194//1194 1195//1195 1188//1188
f 1188//1188 1187//1187 1194//1194
f 1201//1201 1202//1202 1195//1195
f 1195//1195 1194//1194 1201//1201
f 1208//1208 1209//1209 1202//1202
f 1202//1202 1201//1201 1208//1208
f 1215//1215 1216//1216 1209//1209
f 1209//1209 1208//1208 1215//1215
f 1222//1222 1223//1223 1216//1216
f 1216//1216 1215//1215 1222//1222
f 1229//1229 1230//1230 1223//1223
f 1223//1223 1222//1222 1229//1229
f 1236//1236 1237//1237 1229//1229
f 1230//1230 1229//1229 1237//1237
f 1243//1243 1244//1244 1236//1236
f 1237//1237 1236//1236 1244//1244
f 1250//1250 1251//1251 1243//1243
f 1244//1244 1243//1243 1251//1251
f 1250//1250 1257//1257 1251//1251
f 1258//1258 1251//1251 1257//1257
f 1537//1537 1536//1536 1539//1539
f 1539//1539 1540//1540 1537//1537
f 1534//1534 1533//1533 1537//1537
f 1536//1536 1537//1537 1533//1533
f 1529//1529 1528//1528 1533//1533
f 1533//1533 1534//1534 1529//1529
f 1524//1524 1523//1523 1529//1529
f 1528//1528 1529//1529 1523//1523
f 1519//1519 1518//1518 1524//1524
f 1523//1523 1524//1524 1518//1518
f 1514//1514 1513//1513 1518//1518
f 1518//1518 1519//1519 1514//1514
f 1509//1509 1508//1508 1514//1514
f 1513//1513 1514//1514 1508//1508
f 1504//1504 1503//1503 1509//1509
f 1508//1508 1509//1509 1503//1503
f 1499//1499 1498//1498 1504//1504
f 1503//1503 1504//1504 1498//1498
f 1499//1499 1492//1492 1498//1498
f 1491//1491 1498//1498 1492//1492
f 1493//1493 1490//1490 1492//1492
f 1492//1492 1499//1499 1493//1493
f 1485//1485 1484//1484 1490//1490
f 1490//1490 1493//1493 1485//1485
f 1475//1475 1474//1474 1484//1484
f 1484//1484 1485//1485 1475//1475
f 1463//1463 1462//1462 1474//1474
f 1474//1474 1475//1475 1463//1463
f 1448//1448 1462//1462 1449//1449
f 1463//1463 1449//1449 1462//1462
f 1406//1406 1416//1416 1401//1401
f 1414//1414 1401//1401 1416//1416
f 1408//1408 1419//1419 1406//1406
f 1416//1416 1406//1406 1419//1419
f 1410//1410 1421//1421 1408//1408
f 1419//1419 1408//1408 1421//1421
f 1411//1411 1422//1422 1410//1410
f 1421//1421 1410//1410 1422//1422
f 1409//1409 1420//1420 1411//1411
f 1422//1422 1411//1411 1420//1420
f 1409//1409 1407//1407 1418//1418
f 1418//1418 1420//1420 1409//1409
f 1398//1398 1397//1397 1407//1407
f 1407//1407 1409//1409 1398//1398
f 1390//1390 1392//1392 1397//1397
f 1397//1397 1398//1398 1390//1390
f 1386//1386 1392//1392 1383//1383
f 1390//1390 1383//1383 1392//1392
f 1286//1286 1285//1285 1279//1279
f 1279//1279 1280//1280 1286//1286
f 1292//1292 1291//1291 1285//1285
f 1285//1285 1286//1286 1292//1292
f 1298//1298 1297//1297 1291//1291
f 1291//1291 1292//1292 1298//1298
f 1304//1304 1303//1303 1297//1297
f 1297//1297 1298//1298 1304//1304
f 1310//1310 1309//1309 1303//1303
f 1303//1303 1304//1304 1310//1310
f 1316//1316 1315//1315 1309//1309
f 1309//1309 1310//1310 1316//1316
f 1322//1322 1321//1321 1315//1315
f 1315//1315 1316//1316 1322//1322
f 1328//1328 1327//1327 1321//1321
f 1321//1321 1322//1322 1328//1328
f 1334//1334 1333//1333 1327//1327
f 1327//1327 1328//1328 1334//1334
f 1340//1340 1339//1339 1334//1334
f 1333//1333 1334//1334 1339//1339
f 1344//1344 1343//1343 1340//1340
f 1339//1339 1340//1340 1343//1343
f 1348//1348 1347//1347 1344//1344
f 1343//1343 1344//1344 1347//1347
f 1352//1352 1351//1351 1347//1347
f 1347//1347 1348//1348 1352//1352
f 1356//1356 1355//1355 1351//1351
f 1351//1351 1352//1352 1356//1356
f 1360//1360 1359//1359 1355//1355
f 1355//1355 1356//1356 1360//1360
f 1364//1364 1363//1363 1359//1359
f 1359//1359 1360//1360 1364//1364
f 1368//1368 1367//1367 1364//1364
f 1363//1363 1364//1364 1367//1367
f 1372//1372 1371//1371 1367//1367
f 1367//1367 1368//1368 1372//1372
f 1376//1376 1375//1375 1372//1372
f 1371//1371 1372//1372 1375//1375
f 1378//1378 1377//1377 1375//1375
f 1375//1375 1376//1376 1378//1378
f 1379//1379 1381//1381 1377//1377
f 1377//1377 1378//1378 1379//1379
f 1380//1380 1382//1382 1379//1379
f 1381//1381 1379//1379 1382//1382
f 1384//1384 1385//1385 1382//1382
f 1382//1382 1380//1380 1384//1384
f 1391//1391 1393//1393 1384//1384
f 1385//1385 1384//1384 1393//1393
f 1399//1399 1400//1400 1391//1391
f 1393//1393 1391//1391 1400//1400
f 1413//1413 1412//1412 1400//1400
f 1400//1400 1399//1399 1413//1413
f 1425//1425 1424//1424 1412//1412
f 1412//1412 1413//1413 1425//1425
f 1437//1437 1436//1436 1424//1424
f 1424//1424 1425//1425 1437//1437
f 1454//1454 1453//1453 1436//1436
f 1436//1436 1437//1437 1454//1454
f 1467//1467 1466//1466 1453//1453
f 1453//1453 1454//1454 1467//1467
f 1478//1478 1477//1477 1466//1466
f 1466//1466 1467//1467 1478//1478
f 1487//1487 1486//1486 1477//1477
f 1477//1477 1478//1478 1487//1487
f 1494//1494 1488//1488 1486//1486
f 1486//1486 1487//1487 1494//1494
f 1495//1495 1496//1496 1488//1488
f 1488//1488 1494//1494 1495//1495
f 1500//1500 1501//1501 1496//1496
f 1496//1496 1495//1495 1500//1500
f 1505//1505 1506//1506 1501//1501
f 1501//1501 1500//1500 1505//1505
f 1510//1510 1511//1511 1505//1505
f 1506//1506 1505//1505 1511//1511
f 1515//1515 1516//1516 1510//1510
f 1511//1511 1510//1510 1516//1516
f 1520//1520 1521//1521 1515//1515
f 1516//1516 1515//1515 1521//1521
f 1538//1538 1539//1539 1535//1535
f 1536//1536 1535//1535 1539//1539
f 1536//1536 1530//1530 1532//1532
f 1532//1532 1535//1535 1536//1536
f 1533//1533 1531//1531 1530//1530
f 1530//1530 1536//1536 1533//1533
f 1523//1523 1522//1522 1528//1528
f 1527//1527 1528//1528 1522//1522
f 1518//1518 1517//1517 1522//1522
f 1522//1522 1523//1523 1518//1518
f 1513//1513 1512//1512 1517//1517
f 1517//1517 1518//1518 1513//1513
f 1508//1508 1507//1507 1512//1512
f 1512//1512 1513//1513 1508//1508
f 1503//1503 1502//1502 1507//1507
f 1507//1507 1508//1508 1503//1503
f 1498//1498 1497//1497 1502//1502
f 1502//1502 1503//1503 1498//1498
f 1491//1491 1489//1489 1497//1497
f 1497//1497 1498//1498 1491//1491
f 1491//1491 1482//1482 1489//1489
f 1480//1480 1489//1489 1482//1482
f 1492//1492 1483//1483 1491//1491
f 1482//1482 1491//1491 1483//1483
f 1490//1490 1481//1481 1492//1492
f 1483//1483 1492//1492 1481//1481
f 1484//1484 1479//1479 1481//1481
f 1481//1481 1490//1490 1484//1484
f 1474//1474 1473//1473 1484//1484
f 1479//1479 1484//1484 1473//1473
f 1462//1462 1461//1461 1473//1473
f 1473//1473 1474//1474 1462//1462
f 1447//1447 1461//1461 1448//1448
f 1462//1462 1448//1448 1461//1461
f 1388//1388 1395//1395 1386//1386
f 1392//1392 1386//1386 1395//1395
f 1389//1389 1396//1396 1388//1388
f 1395//1395 1388//1388 1396//1396
f 1387//1387 1394//1394 1389//1389
f 1396//1396 1389//1389 1394//1394
f 1400//1400 1403//1403 1393//1393
f 1394//1394 1393//1393 1403//1403
f 1412//1412 1415//1415 1403//1403
f 1403//1403 1400//1400 1412//1412
f 1424//1424 1423//1423 1415//1415
f 1415//1415 1412//1412 1424//1424
f 1436//1436 1435//1435 1423//1423
f 1423//1423 1424//1424 1436//1436
f 1453//1453 1452//1452 1435//1435
f 1435//1435 1436//1436 1453//1453
f 1466//1466 1465//1465 1453//1453
f 1452//1452 1453//1453 1465//1465
f 1477//1477 1476//1476 1465//1465
f 1465//1465 1466//1466 1477//1477
f 1486//1486 1480//1480 1476//1476
f 1476//1476 1477//1477 1486//1486
f 1488//1488 1489//1489 1480//1480
f 1480//1480 1486//1486 1488//1488
f 1446//1446 1460//1460 1447//1447
f 1461//1461 1447//1447 1460//1460
f 1445//1445 1455//1455 1460//1460
f 1460//1460 1446//1446 1445//1445
f 1438//1438 1439//1439 1455//1455
f 1455//1455 1445//1445 1438//1438
f 1426//1426 1427//1427 1438//1438
f 1439//1439 1438//1438 1427//1427
f 1416//1416 1427//1427 1426//1426
f 1426//1426 1414//1414 1416//1416
f 1482//1482 1471//1471 1480//1480
f 1476//1476 1480//1480 1471//1471
f 1483//1483 1472//1472 1482//1482
f 1471//1471 1482//1482 1472//1472
f 1481//1481 1470//1470 1483//1483
f 1472//1472 1483//1483 1470//1470
f 1479//1479 1469//1469 1481//1481
f 1470//1470 1481//1481 1469//1469
f 1473//1473 1468//1468 1479//1479
f 1469//1469 1479//1479 1468//1468
f 1460//1460 1468//1468 1461//1461
f 1473//1473 1461//1461 1468//1468
f 1525//1525 1521//1521 1520//1520
f 1520//1520 1526//1526 1525//1525
f 1527//1527 1531//1531 1528//1528
f 1533//1533 1528//1528 1531//1531
f 1530//1530 1525//1525 1526//1526
f 1526//1526 1532//1532 1530//1530
f 1276//1276 1282//1282 1275//1275
f 1281//1281 1275//1275 1282//1282
f 1277//1277 1283//1283 1276//1276
f 1282//1282 1276//1276 1283//1283
f 1278//1278 1284//1284 1277//1277
f 1283//1283 1277//1277 1284//1284
f 1285//1285 1284//1284 1278//1278
f 1278//1278 1279//1279 1285//1285
f 1282//1282 1288//1288 1281//1281
f 1287//1287 1281//1281 1288//1288
f 1419//1419 1429//1429 1416//1416
f 1427//1427 1416//1416 1429//1429
f 1421//1421 1432//1432 1419//1419
f 1429//1429 1419//1419 1432//1432
f 1422//1422 1433//1433 1421//1421
f 1432//1432 1421//1421 1433//1433
f 1420//1420 1431//1431 1422//1422
f 1433//1433 1422//1422 1431//1431
f 1418//1418 1430//1430 1420//1420
f 1431//1431 1420//1420 1430//1430
f 1418//1418 1417//1417 1428//1428
f 1428//1428 1430//1430 1418//1418
f 1407//1407 1405//1405 1418//1418
f 1417//1417 1418//1418 1405//1405
f 1397//1397 1402//1402 1405//1405
f 1405//1405 1407//1407 1397//1397
f 1395//1395 1402//1402 1397//1397
f 1397//1397 1392//1392 1395//1395
f 1396//1396 1404//1404 1395//1395
f 1402//1402 1395//1395 1404//1404
f 1396//1396 1394//1394 1403//1403
f 1403//1403 1404//1404 1396//1396
f 1496//1496 1497//1497 1489//1489
f 1489//1489 1488//1488 1496//1496
f 1501//1501 1502//1502 1497//1497
f 1497//1497 1496//1496 1501//1501
f 1506//1506 1507//1507 1501//1501
f 1502//1502 1501//1501 1507//1507
f 1511//1511 1512//1512 1506//1506
f 1507//1507 1506//1506 1512//1512
f 1516//1516 1517//1517 1512//1512
f 1512//1512 1511//1511 1516//1516
f 1521//1521 1522//1522 1516//1516
f 1517//1517 1516//1516 1522//1522
f 1521//1521 1525//1525 1527//1527
f 1527//1527 1522//1522 1521//1521
f 1393//1393 1394//1394 1385//1385
f 1387//1387 1385//1385 1394//1394
f 1415//1415 1417//1417 1404//1404
f 1404//1404 1403//1403 1415//1415
f 1405//1405 1402//1402 1404//1404
f 1404//1404 1417//1417 1405//1405
f 1382//1382 1385//1385 1387//1387
f 1387//1387 1381//1381 1382//1382
f 1423//1423 1428//1428 1415//1415
f 1417//1417 1415//1415 1428//1428
f 1435//1435 1434//1434 1428//1428
f 1428//1428 1423//1423 1435//1435
f 1452//1452 1451//1451 1434//1434
f 1434//1434 1435//1435 1452//1452
f 1465//1465 1464//1464 1451//1451
f 1451//1451 1452//1452 1465//1465
f 1471//1471 1464//1464 1476//1476
f 1465//1465 1476//1476 1464//1464
f 1455//1455 1456//1456 1460//1460
f 1468//1468 1460//1460 1456//1456
f 1439//1439 1440//1440 1456//1456
f 1456//1456 1455//1455 1439//1439
f 1429//1429 1440//1440 1439//1439
f 1439//1439 1427//1427 1429//1429
f 1472//1472 1458//1458 1471//1471
f 1464//1464 1471//1471 1458//1458
f 1470//1470 1459//1459 1472//1472
f 1458//1458 1472//1472 1459//1459
f 1469//1469 1457//1457 1470//1470
f 1459//1459 1470//1470 1457//1457
f 1456//1456 1457//1457 1469//1469
f 1469//1469 1468//1468 1456//1456
f 1432//1432 1442//1442 1429//1429
f 1440//1440 1429//1429 1442//1442
f 1433//1433 1444//1444 1432//1432
f 1442//1442 1432//1432 1444//1444
f 1431//1431 1443//1443 1433//1433
f 1444//1444 1433//1433 1443//1443
f 1430//1430 1441//1441 1431//1431
f 1443//1443 1431//1431 1441//1441
f 1434//1434 1441//1441 1428//1428
f 1430//1430 1428//1428 1441//1441
f 1374//1374 1373//1373 1375//1375
f 1375//1375 1377//1377 1374//1374
f 1369//1369 1370//1370 1373//1373
f 1373//1373 1374//1374 1369//1369
f 1365//1365 1366//1366 1370//1370
f 1370//1370 1369//1369 1365//1365
f 1361//1361 1362//1362 1366//1366
f 1366//1366 1365//1365 1361//1361
f 1357//1357 1358//1358 1362//1362
f 1362//1362 1361//1361 1357//1357
f 1353//1353 1354//1354 1358//1358
f 1358//1358 1357//1357 1353//1353
f 1349//1349 1350//1350 1354//1354
f 1354//1354 1353//1353 1349//1349
f 1345//1345 1346//1346 1350//1350
f 1350//1350 1349//1349 1345//1345
f 1341//1341 1342//1342 1346//1346
f 1346//1346 1345//1345 1341//1341
f 1337//1337 1335//1335 1342//1342
f 1342//1342 1341//1341 1337//1337
f 1330//1330 1329//1329 1335//1335
f 1335//1335 1337//1337 1330//1330
f 1323//1323 1324//1324 1329//1329
f 1329//1329 1330//1330 1323//1323
f 1317//1317 1318//1318 1324//1324
f 1324//1324 1323//1323 1317//1317
f 1311//1311 1312//1312 1318//1318
f 1318//1318 1317//1317 1311//1311
f 1305//1305 1306//1306 1312//1312
f 1312//1312 1311//1311 1305//1305
f 1299//1299 1300//1300 1306//1306
f 1306//1306 1305//1305 1299//1299
f 1293//1293 1294//1294 1300//1300
f 1300//1300 1299//1299 1293//1293
f 1288//1288 1294//1294 1293//1293
f 1293//1293 1287//1287 1288//1288
f 1291//1291 1290//1290 1284//1284
f 1284//1284 1285//1285 1291//1291
f 1297//1297 1296//1296 1290//1290
f 1290//1290 1291//1291 1297//1297
f 1303//1303 1302//1302 1296//1296
f 1296//1296 1297//1297 1303//1303
f 1309//1309 1308//1308 1302//1302
f 1302//1302 1303//1303 1309//1309
f 1315//1315 1314//1314 1309//1309
f 1308//1308 1309//1309 1314//1314
f 1321//1321 1320//1320 1314//1314
f 1314//1314 1315//1315 1321//1321
f 1327//1327 1326//1326 1321//1321
f 1320//1320 1321//1321 1326//1326
f 1339//1339 1338//1338 1333//1333
f 1332//1332 1333//1333 1338//1338
f 1343//1343 1342//1342 1338//1338
f 1338//1338 1339//1339 1343//1343
f 1347//1347 1346//1346 1343//1343
f 1342//1342 1343//1343 1346//1346
f 1351//1351 1350//1350 1347//1347
f 1346//1346 1347//1347 1350//1350
f 1451//1451 1450//1450 1434//1434
f 1441//1441 1434//1434 1450//1450
f 1458//1458 1450//1450 1464//1464
f 1451//1451 1464//1464 1450//1450
f 1458//1458 1443//1443 1450//1450
f 1441//1441 1450//1450 1443//1443
f 1459//1459 1444//1444 1443//1443
f 1443//1443 1458//1458 1459//1459
f 1457//1457 1442//1442 1459//1459
f 1444//1444 1459//1459 1442//1442
f 1457//1457 1456//1456 1440//1440
f 1440//1440 1442//1442 1457//1457
f 1335//1335 1336//1336 1338//1338
f 1338//1338 1342//1342 1335//1335
f 1329//1329 1331//1331 1336//1336
f 1336//1336 1335//1335 1329//1329
f 1324//1324 1325//1325 1331//1331
f 1331//1331 1329//1329 1324//1324
f 1318//1318 1319//1319 1325//1325
f 1325//1325 1324//1324 1318//1318
f 1312//1312 1313//1313 1319//1319
f 1319//1319 1318//1318 1312//1312
f 1306//1306 1307//1307 1312//1312
f 1313//1313 1312//1312 1307//1307
f 1300//1300 1301//1301 1306//1306
f 1307//1307 1306//1306 1301//1301
f 1294//1294 1295//1295 1300//1300
f 1301//1301 1300//1300 1295//1295
f 1288//1288 1289//1289 1295//1295
f 1295//1295 1294//1294 1288//1288
f 1283//1283 1289//1289 1282//1282
f 1288//1288 1282//1282 1289//1289
f 1332//1332 1326//1326 1327//1327
f 1327//1327 1333//1333 1332//1332
f 1355//1355 1354//1354 1350//1350
f 1350//1350 1351//1351 1355//1355
f 1359//1359 1358//1358 1354//1354
f 1354//1354 1355//1355 1359//1359
f 1363//1363 1362//1362 1358//1358
f 1358//1358 1359//1359 1363//1363
f 1367//1367 1366//1366 1362//1362
f 1362//1362 1363//1363 1367//1367
f 1371//1371 1370//1370 1366//1366
f 1366//1366 1367//1367 1371//1371
f 1371//1371 1375//1375 1373//1373
f 1373//1373 1370//1370 1371//1371
f 1290//1290 1289//1289 1283//1283
f 1283//1283 1284//1284 1290//1290
f 1296//1296 1295//1295 1290//1290
f 1289//1289 1290//1290 1295//1295
f 1302//1302 1301//1301 1296//1296
f 1295//1295 1296//1296 1301//1301
f 1308//1308 1307//1307 1302//1302
f 1301//1301 1302//1302 1307//1307
f 1314//1314 1313//1313 1308//1308
f 1307//1307 1308//1308 1313//1313
f 1320//1320 1319//1319 1313//1313
f 1313//1313 1314//1314 1320//1320
f 1326//1326 1325//1325 1320//1320
f 1319//1319 1320//1320 1325//1325
f 1326//1326 1332//1332 1331//1331
f 1331//1331 1325//1325 1326//1326
f 1527//1527 1525//1525 1531//1531
f 1530//1530 1531//1531 1525//1525
f 1332//1332 1338//1338 1336//1336
f 1336//1336 1331//1331 1332//1332
f 1541//1541 1542//1542 1539//1539
f 1539//1539 1538//1538 1541//1541
f 1544//1544 1545//1545 1541//1541
f 1542//1542 1541//1541 1545//1545
f 1547//1547 1548//1548 1545//1545
f 1545//1545 1544//1544 1547//1547
f 1550//1550 1551//1551 1548//1548
f 1548//1548 1547//1547 1550//1550
f 1555//1555 1556//1556 1551//1551
f 1551//1551 1550//1550 1555//1555
f 1560//1560 1561//1561 1556//1556
f 1556//1556 1555//1555 1560//1560
f 1565//1565 1566//1566 1561//1561
f 1561//1561 1560//1560 1565//1565
f 1570//1570 1571//1571 1565//1565
f 1566//1566 1565//1565 1571//1571
f 1575//1575 1576//1576 1570//1570
f 1571//1571 1570//1570 1576//1576
f 1580//1580 1581//1581 1576//1576
f 1576//1576 1575//1575 1580//1580
f 1585//1585 1586//1586 1581//1581
f 1581//1581 1580//1580 1585//1585
f 1592//1592 1594//1594 1586//1586
f 1586//1586 1585//1585 1592//1592
f 1593//1593 1600//1600 1594//1594
f 1594//1594 1592//1592 1593//1593
f 1601//1601 1602//1602 1600//1600
f 1600//1600 1593//1593 1601//1601
f 1609//1609 1610//1610 1602//1602
f 1602//1602 1601//1601 1609//1609
f 1612//1612 1628//1628 1610//1610
f 1610//1610 1609//1609 1612//1612
f 1613//1613 1631//1631 1628//1628
f 1628//1628 1612//1612 1613//1613
f 1614//1614 1632//1632 1631//1631
f 1631//1631 1613//1613 1614//1614
f 1615//1615 1633//1633 1614//1614
f 1632//1632 1614//1614 1633//1633
f 1616//1616 1634//1634 1615//1615
f 1633//1633 1615//1615 1634//1634
f 1617//1617 1635//1635 1616//1616
f 1634//1634 1616//1616 1635//1635
f 1618//1618 1636//1636 1617//1617
f 1635//1635 1617//1617 1636//1636
f 1619//1619 1637//1637 1636//1636
f 1636//1636 1618//1618 1619//1619
f 1638//1638 1637//1637 1620//1620
f 1619//1619 1620//1620 1637//1637
f 654//654 1782//1782 691//691
f 1783//1783 691//691 1782//1782
f 651//651 1781//1781 654//654
f 1782//1782 654//654 1781//1781
f 1780//1780 1781//1781 626//626
f 651//651 626//626 1781//1781
f 1654//1654 1653//1653 1638//1638
f 1637//1637 1638//1638 1653//1653
f 1655//1655 1668//1668 1653//1653
f 1653//1653 1654//1654 1655//1655
f 1669//1669 1670//1670 1668//1668
f 1668//1668 1655//1655 1669//1669
f 1681//1681 1682//1682 1670//1670
f 1670//1670 1669//1669 1681//1681
f 1691//1691 1692//1692 1682//1682
f 1682//1682 1681//1681 1691//1691
f 1701//1701 1702//1702 1692//1692
f 1692//1692 1691//1691 1701//1701
f 1711//1711 1712//1712 1702//1702
f 1702//1702 1701//1701 1711//1711
f 1721//1721 1720//1720 1711//1711
f 1712//1712 1711//1711 1720//1720
f 1728//1728 1727//1727 1720//1720
f 1720//1720 1721//1721 1728//1728
f 1735//1735 1733//1733 1727//1727
f 1727//1727 1728//1728 1735//1735
f 1742//1742 1740//1740 1733//1733
f 1733//1733 1735//1735 1742//1742
f 1747//1747 1745//1745 1740//1740
f 1740//1740 1742//1742 1747//1747
f 1752//1752 1750//1750 1745//1745
f 1745//1745 1747//1747 1752//1752
f 1757//1757 1754//1754 1750//1750
f 1750//1750 1752//1752 1757//1757
f 1759//1759 1758//1758 1754//1754
f 1754//1754 1757//1757 1759//1759
f 1763//1763 1762//1762 1758//1758
f 1758//1758 1759//1759 1763//1763
f 1767//1767 1766//1766 1763//1763
f 1762//1762 1763//1763 1766//1766
f 1771//1771 1770//1770 1766//1766
f 1766//1766 1767//1767 1771//1771
f 1775//1775 1774//1774 1770//1770
f 1770//1770 1771//1771 1775//1775
f 1779//1779 1778//1778 1775//1775
f 1774//1774 1775//1775 1778//1778
f 1782//1782 1778//1778 1779//1779
f 1779//1779 1783//1783 1782//1782
f 1776//1776 1777//1777 1780//1780
f 1781//1781 1780//1780 1777//1777
f 1772//1772 1773//1773 1777//1777
f 1777//1777 1776//1776 1772//1772
f 1768//1768 1769//1769 1773//1773
f 1773//1773 1772//1772 1768//1768
f 1764//1764 1765//1765 1768//1768
f 1769//1769 1768//1768 1765//1765
f 1760//1760 1761//1761 1764//1764
f 1765//1765 1764//1764 1761//1761
f 1756//1756 1755//1755 1761//1761
f 1761//1761 1760//1760 1756//1756
f 1751//1751 1749//1749 1756//1756
f 1755//1755 1756//1756 1749//1749
f 1746//1746 1744//1744 1749//1749
f 1749//1749 1751//1751 1746//1746
f 1741//1741 1739//1739 1744//1744
f 1744//1744 1746//1746 1741//1741
f 1734//1734 1732//1732 1739//1739
f 1739//1739 1741//1741 1734//1734
f 1726//1726 1725//1725 1734//1734
f 1732//1732 1734//1734 1725//1725
f 1718//1718 1716//1716 1725//1725
f 1725//1725 1726//1726 1718//1718
f 1709//1709 1707//1707 1716//1716
f 1716//1716 1718//1718 1709//1709
f 1700//1700 1698//1698 1707//1707
f 1707//1707 1709//1709 1700//1700
f 1689//1689 1687//1687 1698//1698
f 1698//1698 1700//1700 1689//1689
f 1675//1675 1674//1674 1687//1687
f 1687//1687 1689//1689 1675//1675
f 1659//1659 1658//1658 1674//1674
f 1674//1674 1675//1675 1659//1659
f 1643//1643 1642//1642 1658//1658
f 1658//1658 1659//1659 1643//1643
f 1626//1626 1625//1625 1642//1642
f 1642//1642 1643//1643 1626//1626
f 1607//1607 1606//1606 1625//1625
f 1625//1625 1626//1626 1607//1607
f 1599//1599 1598//1598 1606//1606
f 1606//1606 1607//1607 1599//1599
f 1591//1591 1590//1590 1598//1598
f 1598//1598 1599//1599 1591//1591
f 1584//1584 1583//1583 1591//1591
f 1590//1590 1591//1591 1583//1583
f 1579//1579 1578//1578 1583//1583
f 1583//1583 1584//1584 1579//1579
f 1574//1574 1573//1573 1578//1578
f 1578//1578 1579//1579 1574//1574
f 1569//1569 1568//1568 1573//1573
f 1573//1573 1574//1574 1569//1569
f 1564//1564 1563//1563 1568//1568
f 1568//1568 1569//1569 1564//1564
f 1558//1558 1559//1559 1563//1563
f 1563//1563 1564//1564 1558//1558
f 1552//1552 1554//1554 1558//1558
f 1559//1559 1558//1558 1554//1554
f 1549//1549 1548//1548 1552//1552
f 1554//1554 1552//1552 1548//1548
f 1546//1546 1545//1545 1549//1549
f 1548//1548 1549//1549 1545//1545
f 1540//1540 1539//1539 1542//1542
f 1542//1542 1543//1543 1540//1540
f 1545//1545 1546//1546 1543//1543
f 1543//1543 1542//1542 1545//1545
f 1551//1551 1553//1553 1554//1554
f 1554//1554 1548//1548 1551//1551
f 1556//1556 1557//1557 1553//1553
f 1553//1553 1551//1551 1556//1556
f 1561//1561 1562//1562 1557//1557
f 1557//1557 1556//1556 1561//1561
f 1566//1566 1567//1567 1562//1562
f 1562//1562 1561//1561 1566//1566
f 1571//1571 1572//1572 1567//1567
f 1567//1567 1566//1566 1571//1571
f 1576//1576 1577//1577 1572//1572
f 1572//1572 1571//1571 1576//1576
f 1581//1581 1582//1582 1577//1577
f 1577//1577 1576//1576 1581//1581
f 1586//1586 1587//1587 1581//1581
f 1582//1582 1581//1581 1587//1587
f 1594//1594 1595//1595 1587//1587
f 1587//1587 1586//1586 1594//1594
f 1600//1600 1603//1603 1595//1595
f 1595//1595 1594//1594 1600//1600
f 1602//1602 1608//1608 1603//1603
f 1603//1603 1600//1600 1602//1602
f 1610//1610 1611//1611 1608//1608
f 1608//1608 1602//1602 1610//1610
f 1628//1628 1629//1629 1611//1611
f 1611//1611 1610//1610 1628//1628
f 1631//1631 1645//1645 1629//1629
f 1629//1629 1628//1628 1631//1631
f 1632//1632 1648//1648 1645//1645
f 1645//1645 1631//1631 1632//1632
f 1633//1633 1649//1649 1648//1648
f 1648//1648 1632//1632 1633//1633
f 1634//1634 1650//1650 1649//1649
f 1649//1649 1633//1633 1634//1634
f 1635//1635 1651//1651 1634//1634
f 1650//1650 1634//1634 1651//1651
f 1636//1636 1652//1652 1651//1651
f 1651//1651 1635//1635 1636//1636
f 1653//1653 1652//1652 1637//1637
f 1636//1636 1637//1637 1652//1652
f 1777//1777 1778//1778 1781//1781
f 1782//1782 1781//1781 1778//1778
f 1773//1773 1774//1774 1777//1777
f 1778//1778 1777//1777 1774//1774
f 1769//1769 1770//1770 1773//1773
f 1774//1774 1773//1773 1770//1770
f 1765//1765 1766//1766 1770//1770
f 1770//1770 1769//1769 1765//1765
f 1761//1761 1762//1762 1765//1765
f 1766//1766 1765//1765 1762//1762
f 1755//1755 1758//1758 1761//1761
f 1762//1762 1761//1761 1758//1758
f 1749//1749 1748//1748 1753//1753
f 1753//1753 1755//1755 1749//1749
f 1744//1744 1743//1743 1748//1748
f 1748//1748 1749//1749 1744//1744
f 1739//1739 1737//1737 1744//1744
f 1743//1743 1744//1744 1737//1737
f 1732//1732 1730//1730 1737//1737
f 1737//1737 1739//1739 1732//1732
f 1725//1725 1723//1723 1730//1730
f 1730//1730 1732//1732 1725//1725
f 1716//1716 1714//1714 1723//1723
f 1723//1723 1725//1725 1716//1716
f 1707//1707 1705//1705 1714//1714
f 1714//1714 1716//1716 1707//1707
f 1698//1698 1696//1696 1705//1705
f 1705//1705 1707//1707 1698//1698
f 1687//1687 1685//1685 1696//1696
f 1696//1696 1698//1698 1687//1687
f 1674//1674 1672//1672 1685//1685
f 1685//1685 1687//1687 1674//1674
f 1658//1658 1657//1657 1672//1672
f 1672//1672 1674//1674 1658//1658
f 1642//1642 1641//1641 1657//1657
f 1657//1657 1658//1658 1642//1642
f 1625//1625 1624//1624 1641//1641
f 1641//1641 1642//1642 1625//1625
f 1606//1606 1605//1605 1624//1624
f 1624//1624 1625//1625 1606//1606
f 1598//1598 1597//1597 1605//1605
f 1605//1605 1606//1606 1598//1598
f 1590//1590 1589//1589 1597//1597
f 1597//1597 1598//1598 1590//1590
f 1583//1583 1582//1582 1589//1589
f 1589//1589 1590//1590 1583//1583
f 1578//1578 1577//1577 1583//1583
f 1582//1582 1583//1583 1577//1577
f 1587//1587 1588//1588 1589//1589
f 1589//1589 1582//1582 1587//1587
f 1595//1595 1596//1596 1588//1588
f 1588//1588 1587//1587 1595//1595
f 1603//1603 1604//1604 1596//1596
f 1596//1596 1595//1595 1603//1603
f 1608//1608 1621//1621 1604//1604
f 1604//1604 1603//1603 1608//1608
f 1611//1611 1627//1627 1621//1621
f 1621//1621 1608//1608 1611//1611
f 1629//1629 1630//1630 1627//1627
f 1627//1627 1611//1611 1629//1629
f 1645//1645 1646//1646 1630//1630
f 1630//1630 1629//1629 1645//1645
f 1648//1648 1661//1661 1646//1646
f 1646//1646 1645//1645 1648//1648
f 1649//1649 1664//1664 1661//1661
f 1661//1661 1648//1648 1649//1649
f 1650//1650 1665//1665 1664//1664
f 1664//1664 1649//1649 1650//1650
f 1651//1651 1666//1666 1650//1650
f 1665//1665 1650//1650 1666//1666
f 1652//1652 1667//1667 1651//1651
f 1666//1666 1651//1651 1667//1667
f 1668//1668 1667//1667 1653//1653
f 1652//1652 1653//1653 1667//1667
f 1753//1753 1754//1754 1758//1758
f 1758//1758 1755//1755 1753//1753
f 1748//1748 1750//1750 1753//1753
f 1754//1754 1753//1753 1750//1750
f 1743//1743 1745//1745 1748//1748
f 1750//1750 1748//1748 1745//1745
f 1670//1670 1680//1680 1668//1668
f 1667//1667 1668//1668 1680//1680
f 1682//1682 1683//1683 1670//1670
f 1680//1680 1670//1670 1683//1683
f 1692//1692 1693//1693 1682//1682
f 1683//1683 1682//1682 1693//1693
f 1702//1702 1703//1703 1692//1692
f 1693//1693 1692//1692 1703//1703
f 1712//1712 1710//1710 1702//1702
f 1703//1703 1702//1702 1710//1710
f 1720//1720 1719//1719 1712//1712
f 1710//1710 1712//1712 1719//1719
f 1727//1727 1724//1724 1719//1719
f 1719//1719 1720//1720 1727//1727
f 1733//1733 1731//1731 1727//1727
f 1724//1724 1727//1727 1731//1731
f 1740//1740 1738//1738 1731//1731
f 1731//1731 1733//1733 1740//1740
f 1743//1743 1738//1738 1745//1745
f 1740//1740 1745//1745 1738//1738
f 1737//1737 1736//1736 1743//1743
f 1738//1738 1743//1743 1736//1736
f 1730//1730 1729//1729 1736//1736
f 1736//1736 1737//1737 1730//1730
f 1723//1723 1722//1722 1729//1729
f 1729//1729 1730//1730 1723//1723
f 1714//1714 1713//1713 1722//1722
f 1722//1722 1723//1723 1714//1714
f 1705//1705 1704//1704 1714//1714
f 1713//1713 1714//1714 1704//1704
f 1696//1696 1695//1695 1705//1705
f 1704//1704 1705//1705 1695//1695
f 1685//1685 1684//1684 1695//1695
f 1695//1695 1696//1696 1685//1685
f 1672//1672 1671//1671 1684//1684
f 1684//1684 1685//1685 1672//1672
f 1657//1657 1656//1656 1671//1671
f 1671//1671 1672//1672 1657//1657
f 1641//1641 1640//1640 1656//1656
f 1656//1656 1657//1657 1641//1641
f 1624//1624 1623//1623 1640//1640
f 1640//1640 1641//1641 1624//1624
f 1605//1605 1604//1604 1623//1623
f 1623//1623 1624//1624 1605//1605
f 1589//1589 1588//1588 1597//1597
f 1596//1596 1597//1597 1588//1588
f 1596//1596 1604//1604 1597//1597
f 1605//1605 1597//1597 1604//1604
f 1621//1621 1622//1622 1623//1623
f 1623//1623 1604//1604 1621//1621
f 1627//1627 1639//1639 1622//1622
f 1622//1622 1621//1621 1627//1627
f 1630//1630 1644//1644 1639//1639
f 1639//1639 1627//1627 1630//1630
f 1646//1646 1647//1647 1644//1644
f 1644//1644 1630//1630 1646//1646
f 1661//1661 1662//1662 1647//1647
f 1647//1647 1646//1646 1661//1661
f 1664//1664 1677//1677 1661//1661
f 1662//1662 1661//1661 1677//1677
f 1665//1665 1678//1678 1664//1664
f 1677//1677 1664//1664 1678//1678
f 1666//1666 1679//1679 1678//1678
f 1678//1678 1665//1665 1666//1666
f 1680//1680 1679//1679 1667//1667
f 1666//1666 1667//1667 1679//1679
f 1729//1729 1731//1731 1736//1736
f 1738//1738 1736//1736 1731//1731
f 1722//1722 1724//1724 1731//1731
f 1731//1731 1729//1729 1722//1722
f 1713//1713 1715//1715 1722//1722
f 1724//1724 1722//1722 1715//1715
f 1704//1704 1706//1706 1713//1713
f 1715//1715 1713//1713 1706//1706
f 1695//1695 1697//1697 1704//1704
f 1706//1706 1704//1704 1697//1697
f 1684//1684 1686//1686 1695//1695
f 1697//1697 1695//1695 1686//1686
f 1671//1671 1673//1673 1684//1684
f 1686//1686 1684//1684 1673//1673
f 1656//1656 1660//1660 1671//1671
f 1673//1673 1671//1671 1660//1660
f 1623//1623 1622//1622 1640//1640
f 1639//1639 1640//1640 1622//1622
f 1573//1573 1572//1572 1577//1577
f 1577//1577 1578//1578 1573//1573
f 1568//1568 1567//1567 1572//1572
f 1572//1572 1573//1573 1568//1568
f 1563//1563 1562//1562 1567//1567
f 1567//1567 1568//1568 1563//1563
f 1563//1563 1559//1559 1562//1562
f 1557//1557 1562//1562 1559//1559
f 1553//1553 1557//1557 1559//1559
f 1559//1559 1554//1554 1553//1553
f 1683//1683 1690//1690 1680//1680
f 1679//1679 1680//1680 1690//1690
f 1693//1693 1694//1694 1683//1683
f 1690//1690 1683//1683 1694//1694
f 1703//1703 1699//1699 1694//1694
f 1694//1694 1693//1693 1703//1703
f 1710//1710 1708//1708 1703//1703
f 1699//1699 1703//1703 1708//1708
f 1697//1697 1699//1699 1708//1708
f 1708//1708 1706//1706 1697//1697
f 1686//1686 1688//1688 1697//1697
f 1699//1699 1697//1697 1688//1688
f 1673//1673 1676//1676 1686//1686
f 1688//1688 1686//1686 1676//1676
f 1678//1678 1688//1688 1676//1676
f 1676//1676 1677//1677 1678//1678
f 1690//1690 1688//1688 1678//1678
f 1678//1678 1679//1679 1690//1690
f 1699//1699 1688//1688 1690//1690
f 1690//1690 1694//1694 1699//1699
f 1676//1676 1663//1663 1677//1677
f 1662//1662 1677//1677 1663//1663
f 1660//1660 1663//1663 1673//1673
f 1676//1676 1673//1673 1663//1663
f 1660//1660 1647//1647 1663//1663
f 1662//1662 1663//1663 1647//1647
f 1656//1656 1644//1644 1660//1660
f 1647//1647 1660//1660 1644//1644
f 1656//1656 1640//1640 1644//1644
f 1639//1639 1644//1644 1640//1640
f 1715//1715 1717//1717 1719//1719
f 1719//1719 1724//1724 1715//1715
f 1715//1715 1706//1706 1717//1717
f 1708//1708 1717//1717 1706//1706
f 1710//1710 1719//1719 1717//1717
f 1717//1717 1708//1708 1710//1710
f 1784//1784 1785//1785 667//667
f 668//668 667//667 1785//1785
f 1788//1788 1789//1789 1784//1784
f 1785//1785 1784//1784 1789//1789
f 1792//1792 1793//1793 1788//1788
f 1789//1789 1788//1788 1793//1793
f 1796//1796 1797//1797 1792//1792
f 1793//1793 1792//1792 1797//1797
f 1800//1800 1801//1801 1796//1796
f 1797//1797 1796//1796 1801//1801
f 1804//1804 1805//1805 1800//1800
f 1801//1801 1800//1800 1805//1805
f 1808//1808 1809//1809 1805//1805
f 1805//1805 1804//1804 1808//1808
f 1812//1812 1813//1813 1809//1809
f 1809//1809 1808//1808 1812//1812
f 1816//1816 1817//1817 1813//1813
f 1813//1813 1812//1812 1816//1816
f 1820//1820 1821//1821 1816//1816
f 1817//1817 1816//1816 1821//1821
f 1824//1824 1825//1825 1821//1821
f 1821//1821 1820//1820 1824//1824
f 1828//1828 1829//1829 1825//1825
f 1825//1825 1824//1824 1828//1828
f 284//284 1832//1832 1829//1829
f 1829//1829 1828//1828 284//284
f 283//283 1835//1835 1832//1832
f 1832//1832 284//284 283//283
f 282//282 1838//1838 283//283
f 1835//1835 283//283 1838//1838
f 279//279 1841//1841 282//282
f 1838//1838 282//282 1841//1841
f 278//278 1844//1844 279//279
f 1841//1841 279//279 1844//1844
f 1847//1847 1848//1848 278//278
f 1844//1844 278//278 1848//1848
f 1851//1851 1852//1852 1847//1847
f 1848//1848 1847//1847 1852//1852
f 1855//1855 1856//1856 1852//1852
f 1852//1852 1851//1851 1855//1855
f 1859//1859 1860//1860 1856//1856
f 1856//1856 1855//1855 1859//1859
f 1863//1863 1864//1864 1860//1860
f 1860//1860 1859//1859 1863//1863
f 1867//1867 1868//1868 1863//1863
f 1864//1864 1863//1863 1868//1868
f 1871//1871 1872//1872 1867//1867
f 1868//1868 1867//1867 1872//1872
f 1875//1875 1876//1876 1872//1872
f 1872//1872 1871//1871 1875//1875
f 1879//1879 1880//1880 1876//1876
f 1876//1876 1875//1875 1879//1879
f 1883//1883 1884//1884 1879//1879
f 1880//1880 1879//1879 1884//1884
f 1887//1887 1888//1888 1883//1883
f 1884//1884 1883//1883 1888//1888
f 1891//1891 1892//1892 1887//1887
f 1888//1888 1887//1887 1892//1892
f 1895//1895 1896//1896 1891//1891
f 1892//1892 1891//1891 1896//1896
f 1899//1899 1900//1900 1895//1895
f 1896//1896 1895//1895 1900//1900
f 1903//1903 1904//1904 1900//1900
f 1900//1900 1899//1899 1903//1903
f 1390//1390 1904//1904 1383//1383
f 1903//1903 1383//1383 1904//1904
f 1906//1906 1905//1905 1409//1409
f 1398//1398 1409//1409 1905//1905
f 1902//1902 1901//1901 1906//1906
f 1905//1905 1906//1906 1901//1901
f 1898//1898 1897//1897 1902//1902
f 1901//1901 1902//1902 1897//1897
f 1894//1894 1893//1893 1898//1898
f 1897//1897 1898//1898 1893//1893
f 1890//1890 1889//1889 1894//1894
f 1893//1893 1894//1894 1889//1889
f 1886//1886 1885//1885 1890//1890
f 1889//1889 1890//1890 1885//1885
f 1882//1882 1881//1881 1886//1886
f 1885//1885 1886//1886 1881//1881
f 1878//1878 1877//1877 1882//1882
f 1881//1881 1882//1882 1877//1877
f 1874//1874 1873//1873 1878//1878
f 1877//1877 1878//1878 1873//1873
f 1870//1870 1869//1869 1874//1874
f 1873//1873 1874//1874 1869//1869
f 1866//1866 1865//1865 1870//1870
f 1869//1869 1870//1870 1865//1865
f 1862//1862 1861//1861 1866//1866
f 1865//1865 1866//1866 1861//1861
f 1858//1858 1857//1857 1862//1862
f 1861//1861 1862//1862 1857//1857
f 1854//1854 1853//1853 1858//1858
f 1857//1857 1858//1858 1853//1853
f 1850//1850 1849//1849 1854//1854
f 1853//1853 1854//1854 1849//1849
f 1846//1846 1845//1845 1850//1850
f 1849//1849 1850//1850 1845//1845
f 1843//1843 1842//1842 1846//1846
f 1845//1845 1846//1846 1842//1842
f 1840//1840 1839//1839 1843//1843
f 1842//1842 1843//1843 1839//1839
f 1837//1837 1836//1836 1839//1839
f 1839//1839 1840//1840 1837//1837
f 1834//1834 1833//1833 1836//1836
f 1836//1836 1837//1837 1834//1834
f 1831//1831 1830//1830 1833//1833
f 1833//1833 1834//1834 1831//1831
f 1827//1827 1826//1826 1830//1830
f 1830//1830 1831//1831 1827//1827
f 1823//1823 1822//1822 1826//1826
f 1826//1826 1827//1827 1823//1823
f 1819//1819 1818//1818 1822//1822
f 1822//1822 1823//1823 1819//1819
f 1815//1815 1814//1814 1818//1818
f 1818//1818 1819//1819 1815//1815
f 1811//1811 1810//1810 1815//1815
f 1814//1814 1815//1815 1810//1810
f 1807//1807 1806//1806 1811//1811
f 1810//1810 1811//1811 1806//1806
f 1803//1803 1802//1802 1807//1807
f 1806//1806 1807//1807 1802//1802
f 1799//1799 1798//1798 1803//1803
f 1802//1802 1803//1803 1798//1798
f 1795//1795 1794//1794 1799//1799
f 1798//1798 1799//1799 1794//1794
f 1791//1791 1790//1790 1795//1795
f 1794//1794 1795//1795 1790//1790
f 1787//1787 1786//1786 1790//1790
f 1790//1790 1791//1791 1787//1787
f 669//669 1786//1786 704//704
f 1787//1787 704//704 1786//1786
f 1905//1905 1904//1904 1390//1390
f 1390//1390 1398//1398 1905//1905
f 1901//1901 1900//1900 1904//1904
f 1904//1904 1905//1905 1901//1901
f 1897//1897 1896//1896 1901//1901
f 1900//1900 1901//1901 1896//1896
f 1893//1893 1892//1892 1897//1897
f 1896//1896 1897//1897 1892//1892
f 1889//1889 1888//1888 1893//1893
f 1892//1892 1893//1893 1888//1888
f 1885//1885 1884//1884 1889//1889
f 1888//1888 1889//1889 1884//1884
f 1881//1881 1880//1880 1885//1885
f 1884//1884 1885//1885 1880//1880
f 1877//1877 1876//1876 1881//1881
f 1880//1880 1881//1881 1876//1876
f 1873//1873 1872//1872 1877//1877
f 1876//1876 1877//1877 1872//1872
f 1869//1869 1868//1868 1873//1873
f 1872//1872 1873//1873 1868//1868
f 1865//1865 1864//1864 1869//1869
f 1868//1868 1869//1869 1864//1864
f 1861//1861 1860//1860 1865//1865
f 1864//1864 1865//1865 1860//1860
f 1857//1857 1856//1856 1861//1861
f 1860//1860 1861//1861 1856//1856
f 1853//1853 1852//1852 1857//1857
f 1856//1856 1857//1857 1852//1852
f 1849//1849 1848//1848 1853//1853
f 1852//1852 1853//1853 1848//1848
f 1845//1845 1844//1844 1849//1849
f 1848//1848 1849//1849 1844//1844
f 1842//1842 1841//1841 1845//1845
f 1844//1844 1845//1845 1841//1841
f 1839//1839 1838//1838 1842//1842
f 1841//1841 1842//1842 1838//1838
f 1836//1836 1835//1835 1838//1838
f 1838//1838 1839//1839 1836//1836
f 1833//1833 1832//1832 1835//1835
f 1835//1835 1836//1836 1833//1833
f 1830//1830 1829//1829 1832//1832
f 1832//1832 1833//1833 1830//1830
f 1826//1826 1825//1825 1829//1829
f 1829//1829 1830//1830 1826//1826
f 1822//1822 1821//1821 1825//1825
f 1825//1825 1826//1826 1822//1822
f 1818//1818 1817//1817 1821//1821
f 1821//1821 1822//1822 1818//1818
f 1814//1814 1813//1813 1817//1817
f 1817//1817 1818//1818 1814//1814
f 1810//1810 1809//1809 1813//1813
f 1813//1813 1814//1814 1810//1810
f 1806//1806 1805//1805 1809//1809
f 1809//1809 1810//1810 1806//1806
f 1802//1802 1801//1801 1805//1805
f 1805//1805 1806//1806 1802//1802
f 1798//1798 1797//1797 1801//1801
f 1801//1801 1802//1802 1798//1798
f 1794//1794 1793//1793 1797//1797
f 1797//1797 1798//1798 1794//1794
f 1790//1790 1789//1789 1793//1793
f 1793//1793 1794//1794 1790//1790
f 1786//1786 1785//1785 1789//1789
f 1789//1789 1790//1790 1786//1786
f 1786//1786 669//669 1785//1785
f 668//668 1785//1785 669//669
f 1535//1535 3127//3127 1538//1538
f 1541//1541 1538//1538 3127//3127
f 1532//1532 3128//3128 1535//1535
f 3127//3127 1535//1535 3128//3128
f 1526//1526 3129//3129 1532//1532
f 3128//3128 1532//1532 3129//3129
f 1520//1520 3130//3130 1526//1526
f 3129//3129 1526//1526 3130//3130
f 1515//1515 3131//3131 1520//1520
f 3130//3130 1520//1520 3131//3131
f 1510//1510 3132//3132 1515//1515
f 3131//3131 1515//1515 3132//3132
f 1505//1505 3133//3133 1510//1510
f 3132//3132 1510//1510 3133//3133
f 1500//1500 3134//3134 3133//3133
f 3133//3133 1505//1505 1500//1500
f 1495//1495 3135//3135 3134//3134
f 3134//3134 1500//1500 1495//1495
f 1494//1494 3136//3136 3135//3135
f 3135//3135 1495//1495 1494//1494
f 1487//1487 3137//3137 3136//3136
f 3136//3136 1494//1494 1487//1487
f 1478//1478 3138//3138 3137//3137
f 3137//3137 1487//1487 1478//1478
f 1467//1467 3139//3139 3138//3138
f 3138//3138 1478//1478 1467//1467
f 1454//1454 3140//3140 3139//3139
f 3139//3139 1467//1467 1454//1454
f 1437//1437 3141//3141 3140//3140
f 3140//3140 1454//1454 1437//1437
f 1425//1425 3142//3142 3141//3141
f 3141//3141 1437//1437 1425//1425
f 1413//1413 3143//3143 3142//3142
f 3142//3142 1425//1425 1413//1413
f 1399//1399 3144//3144 3143//3143
f 3143//3143 1413//1413 1399//1399
f 1391//1391 3145//3145 3144//3144
f 3144//3144 1399//1399 1391//1391
f 1384//1384 3146//3146 3145//3145
f 3145//3145 1391//1391 1384//1384
f 1380//1380 3149//3149 3146//3146
f 3146//3146 1384//1384 1380//1380
f 1379//1379 3183//3183 3149//3149
f 3149//3149 1380//1380 1379//1379
f 1378//1378 3215//3215 3183//3183
f 3183//3183 1379//1379 1378//1378
f 1376//1376 3216//3216 3215//3215
f 3215//3215 1378//1378 1376//1376
f 1372//1372 3217//3217 3216//3216
f 3216//3216 1376//1376 1372//1372
f 1368//1368 3218//3218 3217//3217
f 3217//3217 1372//1372 1368//1368
f 1364//1364 3219//3219 3218//3218
f 3218//3218 1368//1368 1364//1364
f 1360//1360 3220//3220 3219//3219
f 3219//3219 1364//1364 1360//1360
f 1356//1356 3227//3227 3220//3220
f 3220//3220 1360//1360 1356//1356
f 1352//1352 3251//3251 3227//3227
f 3227//3227 1356//1356 1352//1352
f 1348//1348 3273//3273 3251//3251
f 3251//3251 1352//1352 1348//1348
f 1344//1344 3295//3295 3273//3273
f 3273//3273 1348//1348 1344//1344
f 1340//1340 3315//3315 3295//3295
f 3295//3295 1344//1344 1340//1340
f 1334//1334 3333//3333 3315//3315
f 3315//3315 1340//1340 1334//1334
f 1328//1328 3349//3349 3333//3333
f 3333//3333 1334//1334 1328//1328
f 1322//1322 3356//3356 3349//3349
f 3349//3349 1328//1328 1322//1322
f 1316//1316 3369//3369 3356//3356
f 3356//3356 1322//1322 1316//1316
f 1310//1310 3380//3380 3369//3369
f 3369//3369 1316//1316 1310//1310
f 1304//1304 3389//3389 3380//3380
f 3380//3380 1310//1310 1304//1304
f 1298//1298 3396//3396 3389//3389
f 3389//3389 1304//1304 1298//1298
f 1292//1292 3401//3401 3396//3396
f 3396//3396 1298//1298 1292//1292
f 1286//1286 3404//3404 3401//3401
f 3401//3401 1292//1292 1286//1286
f 3405//3405 3404//3404 1286//1286
f 1286//1286 1280//1280 3405//3405
f 3403//3403 3402//3402 3404//3404
f 3404//3404 3405//3405 3403//3403
f 3399//3399 3398//3398 3402//3402
f 3402//3402 3403//3403 3399//3399
f 3393//3393 3392//3392 3398//3398
f 3398//3398 3399//3399 3393//3393
f 3385//3385 3384//3384 3392//3392
f 3392//3392 3393//3393 3385//3385
f 3375//3375 3374//3374 3384//3384
f 3384//3384 3385//3385 3375//3375
f 3363//3363 3362//3362 3374//3374
f 3374//3374 3375//3375 3363//3363
f 3348//3348 3347//3347 3363//3363
f 3362//3362 3363//3363 3347//3347
f 3331//3331 3330//3330 3347//3347
f 3347//3347 3348//3348 3331//3331
f 3312//3312 3311//3311 3330//3330
f 3330//3330 3331//3331 3312//3312
f 3291//3291 3290//3290 3311//3311
f 3311//3311 3312//3312 3291//3291
f 3268//3268 3267//3267 3290//3290
f 3290//3290 3291//3291 3268//3268
f 3245//3245 3244//3244 3268//3268
f 3267//3267 3268//3268 3244//3244
f 3214//3214 3213//3213 3245//3245
f 3244//3244 3245//3245 3213//3213
f 3181//3181 3180//3180 3213//3213
f 3213//3213 3214//3214 3181//3181
f 3126//3126 3125//3125 3180//3180
f 3180//3180 3181//3181 3126//3126
f 3073//3073 3072//3072 3125//3125
f 3125//3125 3126//3126 3073//3073
f 3020//3020 3019//3019 3072//3072
f 3072//3072 3073//3073 3020//3020
f 2969//2969 2968//2968 3020//3020
f 3019//3019 3020//3020 2968//2968
f 2920//2920 2919//2919 2969//2969
f 2968//2968 2969//2969 2919//2919
f 2871//2871 2870//2870 2919//2919
f 2919//2919 2920//2920 2871//2871
f 2822//2822 2869//2869 2870//2870
f 2870//2870 2871//2871 2822//2822
f 2821//2821 2820//2820 2822//2822
f 2869//2869 2822//2822 2820//2820
f 2773//2773 2772//2772 2821//2821
f 2820//2820 2821//2821 2772//2772
f 2725//2725 2724//2724 2772//2772
f 2772//2772 2773//2773 2725//2725
f 2677//2677 2676//2676 2725//2725
f 2724//2724 2725//2725 2676//2676
f 2635//2635 2634//2634 2676//2676
f 2676//2676 2677//2677 2635//2635
f 2593//2593 2592//2592 2634//2634
f 2634//2634 2635//2635 2593//2593
f 2549//2549 2548//2548 2592//2592
f 2592//2592 2593//2593 2549//2549
f 2509//2509 2508//2508 2549//2549
f 2548//2548 2549//2549 2508//2508
f 2471//2471 2470//2470 2508//2508
f 2508//2508 2509//2509 2471//2471
f 2433//2433 2432//2432 2471//2471
f 2470//2470 2471//2471 2432//2432
f 2393//2393 2392//2392 2433//2433
f 2432//2432 2433//2433 2392//2392
f 2353//2353 2352//2352 2393//2393
f 2392//2392 2393//2393 2352//2352
f 237//237 2315//2315 2352//2352
f 2352//2352 2353//2353 237//237
f 236//236 2302//2302 237//237
f 2315//2315 237//237 2302//2302
f 235//235 2277//2277 236//236
f 2302//2302 236//236 2277//2277
f 234//234 2243//2243 235//235
f 2277//2277 235//235 2243//2243
f 233//233 2209//2209 234//234
f 2243//2243 234//234 2209//2209
f 230//230 2208//2208 233//233
f 2209//2209 233//233 2208//2208
f 220//220 2207//2207 230//230
f 2208//2208 230//230 2207//2207
f 210//210 2200//2200 220//220
f 2207//2207 220//220 2200//2200
f 200//200 2175//2175 210//210
f 2200//2200 210//210 2175//2175
f 190//190 2140//2140 200//200
f 2175//2175 200//200 2140//2140
f 180//180 2100//2100 190//190
f 2140//2140 190//190 2100//2100
f 170//170 2099//2099 180//180
f 2100//2100 180//180 2099//2099
f 160//160 2098//2098 170//170
f 2099//2099 170//170 2098//2098
f 148//148 2097//2097 160//160
f 2098//2098 160//160 2097//2097
f 143//143 2095//2095 148//148
f 2097//2097 148//148 2095//2095
f 132//132 2060//2060 143//143
f 2095//2095 143//143 2060//2060
f 121//121 2053//2053 132//132
f 2060//2060 132//132 2053//2053
f 108//108 2016//2016 121//121
f 2053//2053 121//121 2016//2016
f 93//93 1983//1983 108//108
f 2016//2016 108//108 1983//1983
f 92//92 1981//1981 93//93
f 1983//1983 93//93 1981//1981
f 77//77 1957//1957 92//92
f 1981//1981 92//92 1957//1957
f 60//60 1936//1936 77//77
f 1957//1957 77//77 1936//1936
f 43//43 1929//1929 60//60
f 1936//1936 60//60 1929//1929
f 1274//1274 1929//1929 26//26
f 43//43 26//26 1929//1929
f 1930//1930 1932//1932 1269//1269
f 1269//1269 1268//1268 1930//1930
f 1951//1951 1953//1953 1932//1932
f 1932//1932 1930//1930 1951//1951
f 1975//1975 1976//1976 1953//1953
f 1953//1953 1951//1951 1975//1975
f 1989//1989 2015//2015 1975//1975
f 1976//1976 1975//1975 2015//2015
f 1990//1990 2029//2029 1989//1989
f 2015//2015 1989//1989 2029//2029
f 1991//1991 2030//2030 1990//1990
f 2029//2029 1990//1990 2030//2030
f 1994//1994 2031//2031 1991//1991
f 2030//2030 1991//1991 2031//2031
f 1996//1996 2034//2034 1994//1994
f 2031//2031 1994//1994 2034//2034
f 1998//1998 2036//2036 1996//1996
f 2034//2034 1996//1996 2036//2036
f 2000//2000 2038//2038 1998//1998
f 2036//2036 1998//1998 2038//2038
f 2002//2002 2040//2040 2000//2000
f 2038//2038 2000//2000 2040//2040
f 2004//2004 2042//2042 2002//2002
f 2040//2040 2002//2002 2042//2042
f 2005//2005 2043//2043 2004//2004
f 2042//2042 2004//2004 2043//2043
f 2003//2003 2041//2041 2005//2005
f 2043//2043 2005//2005 2041//2041
f 2001//2001 2039//2039 2003//2003
f 2041//2041 2003//2003 2039//2039
f 1999//1999 2037//2037 2001//2001
f 2039//2039 2001//2001 2037//2037
f 1997//1997 2035//2035 1999//1999
f 2037//2037 1999//1999 2035//2035
f 1995//1995 2033//2033 1997//1997
f 2035//2035 1997//1997 2033//2033
f 1993//1993 2013//2013 1995//1995
f 2033//2033 1995//1995 2013//2013
f 1973//1973 1974//1974 1993//1993
f 2013//2013 1993//1993 1974//1974
f 1950//1950 1972//1972 1974//1974
f 1974//1974 1973//1973 1950//1950
f 1949//1949 1971//1971 1972//1972
f 1972//1972 1950//1950 1949//1949
f 1948//1948 1970//1970 1971//1971
f 1971//1971 1949//1949 1948//1948
f 1947//1947 1946//1946 1970//1970
f 1970//1970 1948//1948 1947//1947
f 1928//1928 1927//1927 1947//1947
f 1946//1946 1947//1947 1927//1927
f 1919//1919 1918//1918 1928//1928
f 1927//1927 1928//1928 1918//1918
f 1912//1912 1911//1911 1919//1919
f 1918//1918 1919//1919 1911//1911
f 1907//1907 1910//1910 1911//1911
f 1911//1911 1912//1912 1907//1907
f 1908//1908 1909//1909 1910//1910
f 1910//1910 1907//1907 1908//1908
f 1913//1913 1914//1914 1909//1909
f 1909//1909 1908//1908 1913//1913
f 1920//1920 1921//1921 1914//1914
f 1914//1914 1913//1913 1920//1920
f 1937//1937 1938//1938 1921//1921
f 1921//1921 1920//1920 1937//1937
f 1959//1959 1960//1960 1938//1938
f 1938//1938 1937//1937 1959//1959
f 1984//1984 1985//1985 1960//1960
f 1960//1960 1959//1959 1984//1984
f 2023//2023 2024//2024 1984//1984
f 1985//1985 1984//1984 2024//2024
f 2061//2061 2062//2062 2023//2023
f 2024//2024 2023//2023 2062//2062
f 2102//2102 2101//2101 2061//2061
f 2062//2062 2061//2061 2101//2101
f 2141//2141 2103//2103 2101//2101
f 2101//2101 2102//2102 2141//2141
f 2142//2142 2104//2104 2103//2103
f 2103//2103 2141//2141 2142//2142
f 2143//2143 2105//2105 2104//2104
f 2104//2104 2142//2142 2143//2143
f 2144//2144 2107//2107 2105//2105
f 2105//2105 2143//2143 2144//2144
f 1620//1620 2108//2108 2107//2107
f 2107//2107 2144//2144 1620//1620
f 1620//1620 2146//2146 2108//2108
f 2109//2109 2108//2108 2146//2146
f 1619//1619 2177//2177 2146//2146
f 2146//2146 1620//1620 1619//1619
f 1618//1618 2211//2211 1619//1619
f 2177//2177 1619//1619 2211//2211
f 1617//1617 2245//2245 2211//2211
f 2211//2211 1618//1618 1617//1617
f 1616//1616 2279//2279 2245//2245
f 2245//2245 1617//1617 1616//1616
f 1615//1615 2316//2316 2279//2279
f 2279//2279 1616//1616 1615//1615
f 1614//1614 2354//2354 2316//2316
f 2316//2316 1615//1615 1614//1614
f 1613//1613 2394//2394 2354//2354
f 2354//2354 1614//1614 1613//1613
f 1612//1612 2434//2434 2394//2394
f 2394//2394 1613//1613 1612//1612
f 1609//1609 2472//2472 2434//2434
f 2434//2434 1612//1612 1609//1609
f 1601//1601 2510//2510 2472//2472
f 2472//2472 1609//1609 1601//1601
f 1593//1593 2550//2550 2510//2510
f 2510//2510 1601//1601 1593//1593
f 1592//1592 2594//2594 2550//2550
f 2550//2550 1593//1593 1592//1592
f 1585//1585 2636//2636 2594//2594
f 2594//2594 1592//1592 1585//1585
f 1580//1580 2678//2678 2636//2636
f 2636//2636 1585//1585 1580//1580
f 1575//1575 2726//2726 2678//2678
f 2678//2678 1580//1580 1575//1575
f 1570//1570 2774//2774 2726//2726
f 2726//2726 1575//1575 1570//1570
f 1565//1565 2823//2823 2774//2774
f 2774//2774 1570//1570 1565//1565
f 1560//1560 2872//2872 2823//2823
f 2823//2823 1565//1565 1560//1560
f 1555//1555 2921//2921 2872//2872
f 2872//2872 1560//1560 1555//1555
f 1550//1550 2970//2970 2921//2921
f 2921//2921 1555//1555 1550//1550
f 1547//1547 3021//3021 2970//2970
f 2970//2970 1550//1550 1547//1547
f 1544//1544 3074//3074 1547//1547
f 3021//3021 1547//1547 3074//3074
f 3127//3127 3074//3074 1544//1544
f 1544//1544 1541//1541 3127//3127
f 1273//1273 1931//1931 1274//1274
f 1929//1929 1274//1274 1931//1931
f 1272//1272 1934//1934 1273//1273
f 1931//1931 1273//1273 1934//1934
f 1271//1271 1935//1935 1272//1272
f 1934//1934 1272//1272 1935//1935
f 1270//1270 1933//1933 1935//1935
f 1935//1935 1271//1271 1270//1270
f 1932//1932 1933//1933 1269//1269
f 1270//1270 1269//1269 1933//1933
f 3128//3128 3075//3075 3127//3127
f 3074//3074 3127//3127 3075//3075
f 3129//3129 3076//3076 3128//3128
f 3075//3075 3128//3128 3076//3076
f 3130//3130 3077//3077 3129//3129
f 3076//3076 3129//3129 3077//3077
f 3131//3131 3078//3078 3130//3130
f 3077//3077 3130//3130 3078//3078
f 3132//3132 3079//3079 3131//3131
f 3078//3078 3131//3131 3079//3079
f 3133//3133 3080//3080 3132//3132
f 3079//3079 3132//3132 3080//3080
f 3134//3134 3081//3081 3133//3133
f 3080//3080 3133//3133 3081//3081
f 3135//3135 3082//3082 3134//3134
f 3081//3081 3134//3134 3082//3082
f 3136//3136 3083//3083 3082//3082
f 3082//3082 3135//3135 3136//3136
f 3137//3137 3084//3084 3083//3083
f 3083//3083 3136//3136 3137//3137
f 3138//3138 3085//3085 3084//3084
f 3084//3084 3137//3137 3138//3138
f 3139//3139 3086//3086 3085//3085
f 3085//3085 3138//3138 3139//3139
f 3140//3140 3087//3087 3086//3086
f 3086//3086 3139//3139 3140//3140
f 3141//3141 3088//3088 3087//3087
f 3087//3087 3140//3140 3141//3141
f 3142//3142 3089//3089 3088//3088
f 3088//3088 3141//3141 3142//3142
f 3143//3143 3090//3090 3089//3089
f 3089//3089 3142//3142 3143//3143
f 3144//3144 3091//3091 3090//3090
f 3090//3090 3143//3143 3144//3144
f 3145//3145 3092//3092 3091//3091
f 3091//3091 3144//3144 3145//3145
f 3146//3146 3095//3095 3092//3092
f 3092//3092 3145//3145 3146//3146
f 3149//3149 3148//3148 3095//3095
f 3095//3095 3146//3146 3149//3149
f 3183//3183 3182//3182 3148//3148
f 3148//3148 3149//3149 3183//3183
f 3215//3215 3184//3184 3182//3182
f 3182//3182 3183//3183 3215//3215
f 3216//3216 3185//3185 3184//3184
f 3184//3184 3215//3215 3216//3216
f 3217//3217 3186//3186 3185//3185
f 3185//3185 3216//3216 3217//3217
f 3218//3218 3187//3187 3186//3186
f 3186//3186 3217//3217 3218//3218
f 3219//3219 3188//3188 3187//3187
f 3187//3187 3218//3218 3219//3219
f 3220//3220 3195//3195 3188//3188
f 3188//3188 3219//3219 3220//3220
f 3227//3227 3226//3226 3195//3195
f 3195//3195 3220//3220 3227//3227
f 3251//3251 3250//3250 3226//3226
f 3226//3226 3227//3227 3251//3251
f 3273//3273 3272//3272 3250//3250
f 3250//3250 3251//3251 3273//3273
f 3295//3295 3294//3294 3272//3272
f 3272//3272 3273//3273 3295//3295
f 3315//3315 3314//3314 3294//3294
f 3294//3294 3295//3295 3315//3315
f 3333//3333 3332//3332 3314//3314
f 3314//3314 3315//3315 3333//3333
f 3349//3349 3340//3340 3332//3332
f 3332//3332 3333//3333 3349//3349
f 3356//3356 3355//3355 3340//3340
f 3340//3340 3349//3349 3356//3356
f 3369//3369 3368//3368 3355//3355
f 3355//3355 3356//3356 3369//3369
f 3380//3380 3379//3379 3368//3368
f 3368//3368 3369//3369 3380//3380
f 3389//3389 3388//3388 3379//3379
f 3379//3379 3380//3380 3389//3389
f 3396//3396 3395//3395 3388//3388
f 3388//3388 3389//3389 3396//3396
f 3401//3401 3400//3400 3396//3396
f 3395//3395 3396//3396 3400//3400
f 3402//3402 3400//3400 3401//3401
f 3401//3401 3404//3404 3402//3402
f 3398//3398 3397//3397 3400//3400
f 3400//3400 3402//3402 3398//3398
f 3392//3392 3391//3391 3397//3397
f 3397//3397 3398//3398 3392//3392
f 3384//3384 3383//3383 3391//3391
f 3391//3391 3392//3392 3384//3384
f 3374//3374 3373//3373 3383//3383
f 3383//3383 3384//3384 3374//3374
f 3362//3362 3361//3361 3373//3373
f 3373//3373 3374//3374 3362//3362
f 3347//3347 3346//3346 3361//3361
f 3361//3361 3362//3362 3347//3347
f 3330//3330 3329//3329 3346//3346
f 3346//3346 3347//3347 3330//3330
f 3311//3311 3310//3310 3329//3329
f 3329//3329 3330//3330 3311//3311
f 3290//3290 3289//3289 3310//3310
f 3310//3310 3311//3311 3290//3290
f 3267//3267 3266//3266 3289//3289
f 3289//3289 3290//3290 3267//3267
f 3244//3244 3243//3243 3266//3266
f 3266//3266 3267//3267 3244//3244
f 3213//3213 3212//3212 3243//3243
f 3243//3243 3244//3244 3213//3213
f 3180//3180 3179//3179 3212//3212
f 3212//3212 3213//3213 3180//3180
f 3125//3125 3124//3124 3179//3179
f 3179//3179 3180//3180 3125//3125
f 3072//3072 3071//3071 3124//3124
f 3124//3124 3125//3125 3072//3072
f 3019//3019 3018//3018 3071//3071
f 3071//3071 3072//3072 3019//3019
f 2968//2968 2967//2967 3018//3018
f 3018//3018 3019//3019 2968//2968
f 2919//2919 2918//2918 2967//2967
f 2967//2967 2968//2968 2919//2919
f 2870//2870 2917//2917 2918//2918
f 2918//2918 2919//2919 2870//2870
f 2869//2869 2868//2868 2917//2917
f 2917//2917 2870//2870 2869//2869
f 2820//2820 2819//2819 2868//2868
f 2868//2868 2869//2869 2820//2820
f 2772//2772 2771//2771 2819//2819
f 2819//2819 2820//2820 2772//2772
f 2724//2724 2723//2723 2771//2771
f 2771//2771 2772//2772 2724//2724
f 2676//2676 2675//2675 2723//2723
f 2723//2723 2724//2724 2676//2676
f 2634//2634 2633//2633 2675//2675
f 2675//2675 2676//2676 2634//2634
f 2592//2592 2591//2591 2633//2633
f 2633//2633 2634//2634 2592//2592
f 2548//2548 2547//2547 2591//2591
f 2591//2591 2592//2592 2548//2548
f 2508//2508 2507//2507 2547//2547
f 2547//2547 2548//2548 2508//2508
f 2470//2470 2469//2469 2507//2507
f 2507//2507 2508//2508 2470//2470
f 2432//2432 2431//2431 2470//2470
f 2469//2469 2470//2470 2431//2431
f 2392//2392 2391//2391 2432//2432
f 2431//2431 2432//2432 2391//2391
f 2352//2352 2351//2351 2392//2392
f 2391//2391 2392//2392 2351//2351
f 2315//2315 2338//2338 2351//2351
f 2351//2351 2352//2352 2315//2315
f 2302//2302 2313//2313 2338//2338
f 2338//2338 2315//2315 2302//2302
f 2277//2277 2276//2276 2313//2313
f 2313//2313 2302//2302 2277//2277
f 2243//2243 2244//2244 2276//2276
f 2276//2276 2277//2277 2243//2243
f 2209//2209 2242//2242 2244//2244
f 2244//2244 2243//2243 2209//2209
f 2208//2208 2241//2241 2242//2242
f 2242//2242 2209//2209 2208//2208
f 2207//2207 2234//2234 2241//2241
f 2241//2241 2208//2208 2207//2207
f 2200//2200 2206//2206 2207//2207
f 2234//2234 2207//2207 2206//2206
f 2175//2175 2174//2174 2206//2206
f 2206//2206 2200//2200 2175//2175
f 2140//2140 2139//2139 2174//2174
f 2174//2174 2175//2175 2140//2140
f 2100//2100 2138//2138 2140//2140
f 2139//2139 2140//2140 2138//2138
f 2099//2099 2137//2137 2138//2138
f 2138//2138 2100//2100 2099//2099
f 2098//2098 2136//2136 2099//2099
f 2137//2137 2099//2099 2136//2136
f 2097//2097 2134//2134 2098//2098
f 2136//2136 2098//2098 2134//2134
f 2095//2095 2096//2096 2097//2097
f 2134//2134 2097//2097 2096//2096
f 2060//2060 2090//2090 2095//2095
f 2096//2096 2095//2095 2090//2090
f 2053//2053 2055//2055 2060//2060
f 2090//2090 2060//2060 2055//2055
f 2016//2016 2022//2022 2055//2055
f 2055//2055 2053//2053 2016//2016
f 1983//1983 2020//2020 2016//2016
f 2022//2022 2016//2016 2020//2020
f 1981//1981 1980//1980 2020//2020
f 2020//2020 1983//1983 1981//1981
f 1957//1957 1958//1958 1980//1980
f 1980//1980 1981//1981 1957//1957
f 1936//1936 1952//1952 1958//1958
f 1958//1958 1957//1957 1936//1936
f 1931//1931 1952//1952 1929//1929
f 1936//1936 1929//1929 1952//1952
f 1953//1953 1955//1955 1933//1933
f 1933//1933 1932//1932 1953//1953
f 1976//1976 1978//1978 1955//1955
f 1955//1955 1953//1953 1976//1976
f 2015//2015 2017//2017 1978//1978
f 1978//1978 1976//1976 2015//2015
f 2029//2029 2054//2054 2015//2015
f 2017//2017 2015//2015 2054//2054
f 2030//2030 2069//2069 2029//2029
f 2054//2054 2029//2029 2069//2069
f 2031//2031 2070//2070 2030//2030
f 2069//2069 2030//2030 2070//2070
f 2034//2034 2071//2071 2031//2031
f 2070//2070 2031//2031 2071//2071
f 2036//2036 2074//2074 2034//2034
f 2071//2071 2034//2034 2074//2074
f 2038//2038 2076//2076 2036//2036
f 2074//2074 2036//2036 2076//2076
f 2040//2040 2078//2078 2038//2038
f 2076//2076 2038//2038 2078//2078
f 2042//2042 2080//2080 2040//2040
f 2078//2078 2040//2040 2080//2080
f 2043//2043 2081//2081 2042//2042
f 2080//2080 2042//2042 2081//2081
f 2041//2041 2079//2079 2043//2043
f 2081//2081 2043//2043 2079//2079
f 2039//2039 2077//2077 2041//2041
f 2079//2079 2041//2041 2077//2077
f 2037//2037 2075//2075 2039//2039
f 2077//2077 2039//2039 2075//2075
f 2035//2035 2073//2073 2037//2037
f 2075//2075 2037//2037 2073//2073
f 2033//2033 2051//2051 2035//2035
f 2073//2073 2035//2035 2051//2051
f 2013//2013 2014//2014 2033//2033
f 2051//2051 2033//2033 2014//2014
f 1974//1974 2012//2012 2013//2013
f 2014//2014 2013//2013 2012//2012
f 1972//1972 2011//2011 1974//1974
f 2012//2012 1974//1974 2011//2011
f 1971//1971 2010//2010 1972//1972
f 2011//2011 1972//1972 2010//2010
f 1970//1970 1969//1969 1971//1971
f 2010//2010 1971//1971 1969//1969
f 1946//1946 1945//1945 1970//1970
f 1969//1969 1970//1970 1945//1945
f 1927//1927 1926//1926 1946//1946
f 1945//1945 1946//1946 1926//1926
f 1918//1918 1917//1917 1926//1926
f 1926//1926 1927//1927 1918//1918
f 1911//1911 1910//1910 1917//1917
f 1917//1917 1918//1918 1911//1911
f 1914//1914 1915//1915 1916//1916
f 1916//1916 1909//1909 1914//1914
f 1921//1921 1922//1922 1915//1915
f 1915//1915 1914//1914 1921//1921
f 1938//1938 1939//1939 1922//1922
f 1922//1922 1921//1921 1938//1938
f 1960//1960 1961//1961 1938//1938
f 1939//1939 1938//1938 1961//1961
f 1985//1985 1986//1986 1961//1961
f 1961//1961 1960//1960 1985//1985
f 2024//2024 2025//2025 1985//1985
f 1986//1986 1985//1985 2025//2025
f 2062//2062 2063//2063 2025//2025
f 2025//2025 2024//2024 2062//2062
f 2101//2101 2103//2103 2063//2063
f 2063//2063 2062//2062 2101//2101
f 2105//2105 2066//2066 2064//2064
f 2064//2064 2104//2104 2105//2105
f 2107//2107 2067//2067 2066//2066
f 2066//2066 2105//2105 2107//2107
f 2108//2108 2068//2068 2067//2067
f 2067//2067 2107//2107 2108//2108
f 2109//2109 2072//2072 2108//2108
f 2068//2068 2108//2108 2072//2072
f 2109//2109 2113//2113 2083//2083
f 2083//2083 2072//2072 2109//2109
f 2146//2146 2147//2147 2113//2113
f 2113//2113 2109//2109 2146//2146
f 2177//2177 2178//2178 2147//2147
f 2147//2147 2146//2146 2177//2177
f 2211//2211 2212//2212 2178//2178
f 2178//2178 2177//2177 2211//2211
f 2245//2245 2246//2246 2212//2212
f 2212//2212 2211//2211 2245//2245
f 2279//2279 2280//2280 2246//2246
f 2246//2246 2245//2245 2279//2279
f 2316//2316 2317//2317 2280//2280
f 2280//2280 2279//2279 2316//2316
f 2354//2354 2355//2355 2317//2317
f 2317//2317 2316//2316 2354//2354
f 2394//2394 2395//2395 2355//2355
f 2355//2355 2354//2354 2394//2394
f 2434//2434 2435//2435 2395//2395
f 2395//2395 2394//2394 2434//2434
f 2472//2472 2473//2473 2435//2435
f 2435//2435 2434//2434 2472//2472
f 2510//2510 2511//2511 2473//2473
f 2473//2473 2472//2472 2510//2510
f 2550//2550 2551//2551 2511//2511
f 2511//2511 2510//2510 2550//2550
f 2594//2594 2595//2595 2551//2551
f 2551//2551 2550//2550 2594//2594
f 2636//2636 2637//2637 2595//2595
f 2595//2595 2594//2594 2636//2636
f 2678//2678 2679//2679 2637//2637
f 2637//2637 2636//2636 2678//2678
f 2726//2726 2727//2727 2679//2679
f 2679//2679 2678//2678 2726//2726
f 2774//2774 2775//2775 2727//2727
f 2727//2727 2726//2726 2774//2774
f 2823//2823 2824//2824 2775//2775
f 2775//2775 2774//2774 2823//2823
f 2872//2872 2873//2873 2824//2824
f 2824//2824 2823//2823 2872//2872
f 2921//2921 2922//2922 2873//2873
f 2873//2873 2872//2872 2921//2921
f 2970//2970 2971//2971 2922//2922
f 2922//2922 2921//2921 2970//2970
f 3021//3021 3022//3022 2970//2970
f 2971//2971 2970//2970 3022//3022
f 3075//3075 3022//3022 3074//3074
f 3021//3021 3074//3074 3022//3022
f 1934//1934 1954//1954 1931//1931
f 1952//1952 1931//1931 1954//1954
f 1935//1935 1956//1956 1934//1934
f 1954//1954 1934//1934 1956//1956
f 1955//1955 1956//1956 1935//1935
f 1935//1935 1933//1933 1955//1955
f 3076//3076 3023//3023 3075//3075
f 3022//3022 3075//3075 3023//3023
f 3077//3077 3024//3024 3076//3076
f 3023//3023 3076//3076 3024//3024
f 3078//3078 3025//3025 3077//3077
f 3024//3024 3077//3077 3025//3025
f 3079//3079 3026//3026 3078//3078
f 3025//3025 3078//3078 3026//3026
f 3080//3080 3027//3027 3079//3079
f 3026//3026 3079//3079 3027//3027
f 3081//3081 3028//3028 3080//3080
f 3027//3027 3080//3080 3028//3028
f 3082//3082 3029//3029 3081//3081
f 3028//3028 3081//3081 3029//3029
f 3083//3083 3030//3030 3082//3082
f 3029//3029 3082//3082 3030//3030
f 3084//3084 3031//3031 3030//3030
f 3030//3030 3083//3083 3084//3084
f 3085//3085 3032//3032 3031//3031
f 3031//3031 3084//3084 3085//3085
f 3086//3086 3033//3033 3032//3032
f 3032//3032 3085//3085 3086//3086
f 3087//3087 3034//3034 3033//3033
f 3033//3033 3086//3086 3087//3087
f 3088//3088 3035//3035 3034//3034
f 3034//3034 3087//3087 3088//3088
f 3089//3089 3036//3036 3035//3035
f 3035//3035 3088//3088 3089//3089
f 3090//3090 3037//3037 3036//3036
f 3036//3036 3089//3089 3090//3090
f 3091//3091 3038//3038 3037//3037
f 3037//3037 3090//3090 3091//3091
f 3092//3092 3041//3041 3038//3038
f 3038//3038 3091//3091 3092//3092
f 3095//3095 3094//3094 3041//3041
f 3041//3041 3092//3092 3095//3095
f 3148//3148 3147//3147 3094//3094
f 3094//3094 3095//3095 3148//3148
f 3182//3182 3150//3150 3147//3147
f 3147//3147 3148//3148 3182//3182
f 3184//3184 3151//3151 3150//3150
f 3150//3150 3182//3182 3184//3184
f 3185//3185 3152//3152 3151//3151
f 3151//3151 3184//3184 3185//3185
f 3186//3186 3153//3153 3152//3152
f 3152//3152 3185//3185 3186//3186
f 3187//3187 3154//3154 3153//3153
f 3153//3153 3186//3186 3187//3187
f 3188//3188 3161//3161 3154//3154
f 3154//3154 3187//3187 3188//3188
f 3195//3195 3194//3194 3161//3161
f 3161//3161 3188//3188 3195//3195
f 3226//3226 3225//3225 3194//3194
f 3194//3194 3195//3195 3226//3226
f 3250//3250 3249//3249 3225//3225
f 3225//3225 3226//3226 3250//3250
f 3272//3272 3271//3271 3249//3249
f 3249//3249 3250//3250 3272//3272
f 3294//3294 3293//3293 3271//3271
f 3271//3271 3272//3272 3294//3294
f 3314//3314 3313//3313 3293//3293
f 3293//3293 3294//3294 3314//3314
f 3332//3332 3322//3322 3313//3313
f 3313//3313 3314//3314 3332//3332
f 3340//3340 3339//3339 3322//3322
f 3322//3322 3332//3332 3340//3340
f 3355//3355 3354//3354 3339//3339
f 3339//3339 3340//3340 3355//3355
f 3368//3368 3367//3367 3354//3354
f 3354//3354 3355//3355 3368//3368
f 3379//3379 3378//3378 3367//3367
f 3367//3367 3368//3368 3379//3379
f 3388//3388 3387//3387 3378//3378
f 3378//3378 3379//3379 3388//3388
f 3395//3395 3394//3394 3388//3388
f 3387//3387 3388//3388 3394//3394
f 3397//3397 3394//3394 3395//3395
f 3395//3395 3400//3400 3397//3397
f 3391//3391 3390//3390 3394//3394
f 3394//3394 3397//3397 3391//3391
f 3383//3383 3382//3382 3390//3390
f 3390//3390 3391//3391 3383//3383
f 3373//3373 3372//3372 3382//3382
f 3382//3382 3383//3383 3373//3373
f 3361//3361 3360//3360 3372//3372
f 3372//3372 3373//3373 3361//3361
f 3346//3346 3345//3345 3360//3360
f 3360//3360 3361//3361 3346//3346
f 3329//3329 3328//3328 3345//3345
f 3345//3345 3346//3346 3329//3329
f 3310//3310 3309//3309 3328//3328
f 3328//3328 3329//3329 3310//3310
f 3289//3289 3288//3288 3309//3309
f 3309//3309 3310//3310 3289//3289
f 3266//3266 3265//3265 3288//3288
f 3288//3288 3289//3289 3266//3266
f 3243//3243 3242//3242 3265//3265
f 3265//3265 3266//3266 3243//3243
f 3212//3212 3211//3211 3242//3242
f 3242//3242 3243//3243 3212//3212
f 3179//3179 3178//3178 3211//3211
f 3211//3211 3212//3212 3179//3179
f 3124//3124 3123//3123 3178//3178
f 3178//3178 3179//3179 3124//3124
f 3071//3071 3070//3070 3123//3123
f 3123//3123 3124//3124 3071//3071
f 3018//3018 3017//3017 3070//3070
f 3070//3070 3071//3071 3018//3018
f 2967//2967 2966//2966 3017//3017
f 3017//3017 3018//3018 2967//2967
f 2918//2918 2965//2965 2966//2966
f 2966//2966 2967//2967 2918//2918
f 2917//2917 2916//2916 2965//2965
f 2965//2965 2918//2918 2917//2917
f 2868//2868 2867//2867 2916//2916
f 2916//2916 2917//2917 2868//2868
f 2819//2819 2818//2818 2867//2867
f 2867//2867 2868//2868 2819//2819
f 2771//2771 2770//2770 2818//2818
f 2818//2818 2819//2819 2771//2771
f 2723//2723 2722//2722 2770//2770
f 2770//2770 2771//2771 2723//2723
f 2675//2675 2674//2674 2722//2722
f 2722//2722 2723//2723 2675//2675
f 2633//2633 2632//2632 2674//2674
f 2674//2674 2675//2675 2633//2633
f 2591//2591 2590//2590 2632//2632
f 2632//2632 2633//2633 2591//2591
f 2547//2547 2546//2546 2590//2590
f 2590//2590 2591//2591 2547//2547
f 2507//2507 2506//2506 2546//2546
f 2546//2546 2547//2547 2507//2507
f 2469//2469 2468//2468 2506//2506
f 2506//2506 2507//2507 2469//2469
f 2431//2431 2430//2430 2468//2468
f 2468//2468 2469//2469 2431//2431
f 2391//2391 2390//2390 2430//2430
f 2430//2430 2431//2431 2391//2391
f 2351//2351 2377//2377 2390//2390
f 2390//2390 2391//2391 2351//2351
f 2338//2338 2349//2349 2377//2377
f 2377//2377 2351//2351 2338//2338
f 2313//2313 2312//2312 2349//2349
f 2349//2349 2338//2338 2313//2313
f 2276//2276 2278//2278 2312//2312
f 2312//2312 2313//2313 2276//2276
f 2244//2244 2275//2275 2278//2278
f 2278//2278 2276//2276 2244//2244
f 2242//2242 2274//2274 2275//2275
f 2275//2275 2244//2244 2242//2242
f 2241//2241 2267//2267 2274//2274
f 2274//2274 2242//2242 2241//2241
f 2234//2234 2240//2240 2267//2267
f 2267//2267 2241//2241 2234//2234
f 2206//2206 2205//2205 2234//2234
f 2240//2240 2234//2234 2205//2205
f 2174//2174 2173//2173 2206//2206
f 2205//2205 2206//2206 2173//2173
f 2139//2139 2172//2172 2173//2173
f 2173//2173 2174//2174 2139//2139
f 2138//2138 2171//2171 2139//2139
f 2172//2172 2139//2139 2171//2171
f 2137//2137 2170//2170 2171//2171
f 2171//2171 2138//2138 2137//2137
f 2136//2136 2168//2168 2137//2137
f 2170//2170 2137//2137 2168//2168
f 2134//2134 2135//2135 2168//2168
f 2168//2168 2136//2136 2134//2134
f 2096//2096 2129//2129 2135//2135
f 2135//2135 2134//2134 2096//2096
f 2090//2090 2092//2092 2096//2096
f 2129//2129 2096//2096 2092//2092
f 2055//2055 2059//2059 2090//2090
f 2092//2092 2090//2090 2059//2059
f 2022//2022 2058//2058 2059//2059
f 2059//2059 2055//2055 2022//2022
f 2020//2020 2019//2019 2058//2058
f 2058//2058 2022//2022 2020//2020
f 1980//1980 1982//1982 2020//2020
f 2019//2019 2020//2020 1982//1982
f 1958//1958 1977//1977 1980//1980
f 1982//1982 1980//1980 1977//1977
f 1954//1954 1977//1977 1952//1952
f 1958//1958 1952//1952 1977//1977
f 1978//1978 1979//1979 1956//1956
f 1956//1956 1955//1955 1978//1978
f 2017//2017 2018//2018 1979//1979
f 1979//1979 1978//1978 2017//2017
f 2054//2054 2056//2056 2017//2017
f 2018//2018 2017//2017 2056//2056
f 2069//2069 2091//2091 2054//2054
f 2056//2056 2054//2054 2091//2091
f 2070//2070 2110//2110 2069//2069
f 2091//2091 2069//2069 2110//2110
f 2071//2071 2111//2111 2070//2070
f 2110//2110 2070//2070 2111//2111
f 2074//2074 2112//2112 2071//2071
f 2111//2111 2071//2071 2112//2112
f 2076//2076 2115//2115 2074//2074
f 2112//2112 2074//2074 2115//2115
f 2078//2078 2117//2117 2076//2076
f 2115//2115 2076//2076 2117//2117
f 2080//2080 2119//2119 2078//2078
f 2117//2117 2078//2078 2119//2119
f 2081//2081 2120//2120 2080//2080
f 2119//2119 2080//2080 2120//2120
f 2079//2079 2118//2118 2081//2081
f 2120//2120 2081//2081 2118//2118
f 2077//2077 2116//2116 2079//2079
f 2118//2118 2079//2079 2116//2116
f 2075//2075 2114//2114 2077//2077
f 2116//2116 2077//2077 2114//2114
f 2073//2073 2088//2088 2075//2075
f 2114//2114 2075//2075 2088//2088
f 2051//2051 2052//2052 2073//2073
f 2088//2088 2073//2073 2052//2052
f 2014//2014 2050//2050 2051//2051
f 2052//2052 2051//2051 2050//2050
f 2012//2012 2049//2049 2014//2014
f 2050//2050 2014//2014 2049//2049
f 2011//2011 2048//2048 2012//2012
f 2049//2049 2012//2012 2048//2048
f 2010//2010 2009//2009 2011//2011
f 2048//2048 2011//2011 2009//2009
f 1969//1969 1968//1968 2010//2010
f 2009//2009 2010//2010 1968//1968
f 1945//1945 1944//1944 1969//1969
f 1968//1968 1969//1969 1944//1944
f 1926//1926 1925//1925 1945//1945
f 1944//1944 1945//1945 1925//1925
f 1915//1915 1924//1924 1925//1925
f 1925//1925 1916//1916 1915//1915
f 1922//1922 1923//1923 1924//1924
f 1924//1924 1915//1915 1922//1922
f 1939//1939 1940//1940 1923//1923
f 1923//1923 1922//1922 1939//1939
f 1961//1961 1962//1962 1940//1940
f 1940//1940 1939//1939 1961//1961
f 1986//1986 1987//1987 1962//1962
f 1962//1962 1961//1961 1986//1986
f 2025//2025 2026//2026 1986//1986
f 1987//1987 1986//1986 2026//2026
f 2103//2103 2104//2104 2063//2063
f 2064//2064 2063//2063 2104//2104
f 2064//2064 2026//2026 2025//2025
f 2025//2025 2063//2063 2064//2064
f 2066//2066 2027//2027 2026//2026
f 2026//2026 2064//2064 2066//2066
f 2067//2067 2028//2028 2027//2027
f 2027//2027 2066//2066 2067//2067
f 2068//2068 2032//2032 2067//2067
f 2028//2028 2067//2067 2032//2032
f 2072//2072 2044//2044 2068//2068
f 2032//2032 2068//2068 2044//2044
f 2083//2083 2082//2082 2072//2072
f 2044//2044 2072//2072 2082//2082
f 2083//2083 2121//2121 2106//2106
f 2106//2106 2082//2082 2083//2083
f 2113//2113 2122//2122 2121//2121
f 2121//2121 2083//2083 2113//2113
f 2147//2147 2151//2151 2122//2122
f 2122//2122 2113//2113 2147//2147
f 2178//2178 2179//2179 2151//2151
f 2151//2151 2147//2147 2178//2178
f 2212//2212 2213//2213 2179//2179
f 2179//2179 2178//2178 2212//2212
f 2246//2246 2247//2247 2213//2213
f 2213//2213 2212//2212 2246//2246
f 2280//2280 2281//2281 2247//2247
f 2247//2247 2246//2246 2280//2280
f 2317//2317 2318//2318 2281//2281
f 2281//2281 2280//2280 2317//2317
f 2355//2355 2356//2356 2318//2318
f 2318//2318 2317//2317 2355//2355
f 2395//2395 2396//2396 2356//2356
f 2356//2356 2355//2355 2395//2395
f 2435//2435 2436//2436 2396//2396
f 2396//2396 2395//2395 2435//2435
f 2473//2473 2474//2474 2436//2436
f 2436//2436 2435//2435 2473//2473
f 2511//2511 2512//2512 2474//2474
f 2474//2474 2473//2473 2511//2511
f 2551//2551 2552//2552 2512//2512
f 2512//2512 2511//2511 2551//2551
f 2595//2595 2596//2596 2552//2552
f 2552//2552 2551//2551 2595//2595
f 2637//2637 2638//2638 2596//2596
f 2596//2596 2595//2595 2637//2637
f 2679//2679 2680//2680 2638//2638
f 2638//2638 2637//2637 2679//2679
f 2727//2727 2728//2728 2680//2680
f 2680//2680 2679//2679 2727//2727
f 2775//2775 2776//2776 2728//2728
f 2728//2728 2727//2727 2775//2775
f 2824//2824 2825//2825 2776//2776
f 2776//2776 2775//2775 2824//2824
f 2873//2873 2874//2874 2825//2825
f 2825//2825 2824//2824 2873//2873
f 2922//2922 2923//2923 2874//2874
f 2874//2874 2873//2873 2922//2922
f 2971//2971 2972//2972 2922//2922
f 2923//2923 2922//2922 2972//2972
f 3023//3023 2972//2972 3022//3022
f 2971//2971 3022//3022 2972//2972
f 3024//3024 2973//2973 3023//3023
f 2972//2972 3023//3023 2973//2973
f 3025//3025 2974//2974 3024//3024
f 2973//2973 3024//3024 2974//2974
f 3026//3026 2975//2975 3025//3025
f 2974//2974 3025//3025 2975//2975
f 3027//3027 2976//2976 3026//3026
f 2975//2975 3026//3026 2976//2976
f 3028//3028 2977//2977 3027//3027
f 2976//2976 3027//3027 2977//2977
f 3029//3029 2978//2978 3028//3028
f 2977//2977 3028//3028 2978//2978
f 3030//3030 2979//2979 3029//3029
f 2978//2978 3029//3029 2979//2979
f 3031//3031 2980//2980 3030//3030
f 2979//2979 3030//3030 2980//2980
f 3032//3032 2981//2981 2980//2980
f 2980//2980 3031//3031 3032//3032
f 3033//3033 2982//2982 2981//2981
f 2981//2981 3032//3032 3033//3033
f 3034//3034 2983//2983 2982//2982
f 2982//2982 3033//3033 3034//3034
f 3035//3035 2984//2984 2983//2983
f 2983//2983 3034//3034 3035//3035
f 3036//3036 2985//2985 2984//2984
f 2984//2984 3035//3035 3036//3036
f 3037//3037 2986//2986 2985//2985
f 2985//2985 3036//3036 3037//3037
f 3038//3038 2989//2989 2986//2986
f 2986//2986 3037//3037 3038//3038
f 3041//3041 3040//3040 2989//2989
f 2989//2989 3038//3038 3041//3041
f 3094//3094 3093//3093 3040//3040
f 3040//3040 3041//3041 3094//3094
f 3147//3147 3096//3096 3093//3093
f 3093//3093 3094//3094 3147//3147
f 3150//3150 3097//3097 3096//3096
f 3096//3096 3147//3147 3150//3150
f 3151//3151 3098//3098 3097//3097
f 3097//3097 3150//3150 3151//3151
f 3152//3152 3099//3099 3098//3098
f 3098//3098 3151//3151 3152//3152
f 3153//3153 3100//3100 3099//3099
f 3099//3099 3152//3152 3153//3153
f 3154//3154 3107//3107 3100//3100
f 3100//3100 3153//3153 3154//3154
f 3161//3161 3160//3160 3107//3107
f 3107//3107 3154//3154 3161//3161
f 3194//3194 3193//3193 3160//3160
f 3160//3160 3161//3161 3194//3194
f 3225//3225 3224//3224 3193//3193
f 3193//3193 3194//3194 3225//3225
f 3249//3249 3248//3248 3224//3224
f 3224//3224 3225//3225 3249//3249
f 3271//3271 3270//3270 3248//3248
f 3248//3248 3249//3249 3271//3271
f 3293//3293 3292//3292 3270//3270
f 3270//3270 3271//3271 3293//3293
f 3313//3313 3302//3302 3292//3292
f 3292//3292 3293//3293 3313//3313
f 3322//3322 3321//3321 3302//3302
f 3302//3302 3313//3313 3322//3322
f 3339//3339 3338//3338 3321//3321
f 3321//3321 3322//3322 3339//3339
f 3354//3354 3353//3353 3338//3338
f 3338//3338 3339//3339 3354//3354
f 3367//3367 3366//3366 3353//3353
f 3353//3353 3354//3354 3367//3367
f 3378//3378 3377//3377 3366//3366
f 3366//3366 3367//3367 3378//3378
f 3387//3387 3386//3386 3378//3378
f 3377//3377 3378//3378 3386//3386
f 3390//3390 3386//3386 3387//3387
f 3387//3387 3394//3394 3390//3390
f 3382//3382 3381//3381 3386//3386
f 3386//3386 3390//3390 3382//3382
f 3372//3372 3371//3371 3381//3381
f 3381//3381 3382//3382 3372//3372
f 3360//3360 3359//3359 3371//3371
f 3371//3371 3372//3372 3360//3360
f 3345//3345 3344//3344 3359//3359
f 3359//3359 3360//3360 3345//3345
f 3328//3328 3327//3327 3344//3344
f 3344//3344 3345//3345 3328//3328
f 3309//3309 3308//3308 3327//3327
f 3327//3327 3328//3328 3309//3309
f 3288//3288 3287//3287 3308//3308
f 3308//3308 3309//3309 3288//3288
f 3265//3265 3264//3264 3287//3287
f 3287//3287 3288//3288 3265//3265
f 3242//3242 3241//3241 3264//3264
f 3264//3264 3265//3265 3242//3242
f 3211//3211 3210//3210 3241//3241
f 3241//3241 3242//3242 3211//3211
f 3178//3178 3177//3177 3210//3210
f 3210//3210 3211//3211 3178//3178
f 3123//3123 3122//3122 3177//3177
f 3177//3177 3178//3178 3123//3123
f 3070//3070 3069//3069 3122//3122
f 3122//3122 3123//3123 3070//3070
f 3017//3017 3016//3016 3069//3069
f 3069//3069 3070//3070 3017//3017
f 2966//2966 3015//3015 3016//3016
f 3016//3016 3017//3017 2966//2966
f 2965//2965 2964//2964 3015//3015
f 3015//3015 2966//2966 2965//2965
f 2916//2916 2915//2915 2964//2964
f 2964//2964 2965//2965 2916//2916
f 2867//2867 2866//2866 2915//2915
f 2915//2915 2916//2916 2867//2867
f 2818//2818 2817//2817 2866//2866
f 2866//2866 2867//2867 2818//2818
f 2770//2770 2769//2769 2817//2817
f 2817//2817 2818//2818 2770//2770
f 2722//2722 2721//2721 2769//2769
f 2769//2769 2770//2770 2722//2722
f 2674//2674 2673//2673 2721//2721
f 2721//2721 2722//2722 2674//2674
f 2632//2632 2631//2631 2673//2673
f 2673//2673 2674//2674 2632//2632
f 2590//2590 2589//2589 2631//2631
f 2631//2631 2632//2632 2590//2590
f 2546//2546 2545//2545 2589//2589
f 2589//2589 2590//2590 2546//2546
f 2506//2506 2505//2505 2545//2545
f 2545//2545 2546//2546 2506//2506
f 2468//2468 2467//2467 2505//2505
f 2505//2505 2506//2506 2468//2468
f 2430//2430 2429//2429 2467//2467
f 2467//2467 2468//2468 2430//2430
f 2390//2390 2414//2414 2429//2429
f 2429//2429 2430//2430 2390//2390
f 2377//2377 2388//2388 2414//2414
f 2414//2414 2390//2390 2377//2377
f 2349//2349 2348//2348 2388//2388
f 2388//2388 2377//2377 2349//2349
f 2312//2312 2314//2314 2348//2348
f 2348//2348 2349//2349 2312//2312
f 2278//2278 2311//2311 2314//2314
f 2314//2314 2312//2312 2278//2278
f 2275//2275 2310//2310 2311//2311
f 2311//2311 2278//2278 2275//2275
f 2274//2274 2303//2303 2310//2310
f 2310//2310 2275//2275 2274//2274
f 2267//2267 2273//2273 2303//2303
f 2303//2303 2274//2274 2267//2267
f 2240//2240 2239//2239 2273//2273
f 2273//2273 2267//2267 2240//2240
f 2205//2205 2204//2204 2240//2240
f 2239//2239 2240//2240 2204//2204
f 2173//2173 2203//2203 2205//2205
f 2204//2204 2205//2205 2203//2203
f 2172//2172 2202//2202 2203//2203
f 2203//2203 2173//2173 2172//2172
f 2171//2171 2201//2201 2172//2172
f 2202//2202 2172//2172 2201//2201
f 2170//2170 2198//2198 2201//2201
f 2201//2201 2171//2171 2170//2170
f 2168//2168 2169//2169 2198//2198
f 2198//2198 2170//2170 2168//2168
f 2135//2135 2165//2165 2169//2169
f 2169//2169 2168//2168 2135//2135
f 2129//2129 2131//2131 2165//2165
f 2165//2165 2135//2135 2129//2129
f 2092//2092 2094//2094 2129//2129
f 2131//2131 2129//2129 2094//2094
f 2059//2059 2093//2093 2094//2094
f 2094//2094 2092//2092 2059//2059
f 2058//2058 2057//2057 2059//2059
f 2093//2093 2059//2059 2057//2057
f 2019//2019 2021//2021 2058//2058
f 2057//2057 2058//2058 2021//2021
f 1982//1982 2018//2018 2021//2021
f 2021//2021 2019//2019 1982//1982
f 1954//1954 1956//1956 1979//1979
f 1979//1979 1977//1977 1954//1954
f 1924//1924 1943//1943 1944//1944
f 1944//1944 1925//1925 1924//1924
f 1923//1923 1942//1942 1943//1943
f 1943//1943 1924//1924 1923//1923
f 1940//1940 1941//1941 1942//1942
f 1942//1942 1923//1923 1940//1940
f 1962//1962 1963//1963 1941//1941
f 1941//1941 1940//1940 1962//1962
f 1987//1987 1988//1988 1963//1963
f 1963//1963 1962//1962 1987//1987
f 2027//2027 1988//1988 1987//1987
f 1987//1987 2026//2026 2027//2027
f 1979//1979 2018//2018 1977//1977
f 1982//1982 1977//1977 2018//2018
f 2056//2056 2057//2057 2021//2021
f 2021//2021 2018//2018 2056//2056
f 2091//2091 2093//2093 2057//2057
f 2057//2057 2056//2056 2091//2091
f 2110//2110 2130//2130 2091//2091
f 2093//2093 2091//2091 2130//2130
f 2111//2111 2148//2148 2110//2110
f 2130//2130 2110//2110 2148//2148
f 2112//2112 2149//2149 2111//2111
f 2148//2148 2111//2111 2149//2149
f 2115//2115 2150//2150 2112//2112
f 2149//2149 2112//2112 2150//2150
f 2117//2117 2153//2153 2115//2115
f 2150//2150 2115//2115 2153//2153
f 2119//2119 2155//2155 2117//2117
f 2153//2153 2117//2117 2155//2155
f 2120//2120 2156//2156 2119//2119
f 2155//2155 2119//2119 2156//2156
f 2118//2118 2154//2154 2120//2120
f 2156//2156 2120//2120 2154//2154
f 2116//2116 2152//2152 2118//2118
f 2154//2154 2118//2118 2152//2152
f 2114//2114 2127//2127 2116//2116
f 2152//2152 2116//2116 2127//2127
f 2088//2088 2089//2089 2114//2114
f 2127//2127 2114//2114 2089//2089
f 2052//2052 2087//2087 2088//2088
f 2089//2089 2088//2088 2087//2087
f 2050//2050 2086//2086 2052//2052
f 2087//2087 2052//2052 2086//2086
f 2049//2049 2085//2085 2050//2050
f 2086//2086 2050//2050 2085//2085
f 2048//2048 2047//2047 2049//2049
f 2085//2085 2049//2049 2047//2047
f 2009//2009 2008//2008 2048//2048
f 2047//2047 2048//2048 2008//2008
f 1968//1968 1967//1967 2008//2008
f 2008//2008 2009//2009 1968//1968
f 1943//1943 1967//1967 1968//1968
f 1968//1968 1944//1944 1943//1943
f 2130//2130 2132//2132 2094//2094
f 2094//2094 2093//2093 2130//2130
f 2148//2148 2166//2166 2130//2130
f 2132//2132 2130//2130 2166//2166
f 2149//2149 2180//2180 2148//2148
f 2166//2166 2148//2148 2180//2180
f 2150//2150 2181//2181 2149//2149
f 2180//2180 2149//2149 2181//2181
f 2153//2153 2182//2182 2150//2150
f 2181//2181 2150//2150 2182//2182
f 2155//2155 2185//2185 2153//2153
f 2182//2182 2153//2153 2185//2185
f 2156//2156 2186//2186 2155//2155
f 2185//2185 2155//2155 2186//2186
f 2154//2154 2184//2184 2156//2156
f 2186//2186 2156//2156 2184//2184
f 2152//2152 2163//2163 2154//2154
f 2184//2184 2154//2154 2163//2163
f 2127//2127 2128//2128 2152//2152
f 2163//2163 2152//2152 2128//2128
f 2089//2089 2126//2126 2127//2127
f 2128//2128 2127//2127 2126//2126
f 2087//2087 2125//2125 2089//2089
f 2126//2126 2089//2089 2125//2125
f 2086//2086 2124//2124 2087//2087
f 2125//2125 2087//2087 2124//2124
f 2085//2085 2084//2084 2124//2124
f 2124//2124 2086//2086 2085//2085
f 2047//2047 2046//2046 2085//2085
f 2084//2084 2085//2085 2046//2046
f 2008//2008 2007//2007 2047//2047
f 2046//2046 2047//2047 2007//2007
f 1967//1967 1966//1966 2008//2008
f 2007//2007 2008//2008 1966//1966
f 1942//1942 1966//1966 1943//1943
f 1967//1967 1943//1943 1966//1966
f 1941//1941 1965//1965 1942//1942
f 1966//1966 1942//1942 1965//1965
f 1963//1963 1964//1964 1965//1965
f 1965//1965 1941//1941 1963//1963
f 1988//1988 1992//1992 1964//1964
f 1964//1964 1963//1963 1988//1988
f 2028//2028 1992//1992 1988//1988
f 1988//1988 2027//2027 2028//2028
f 1992//1992 2006//2006 1964//1964
f 2007//2007 1964//1964 2006//2006
f 2032//2032 2006//2006 2028//2028
f 1992//1992 2028//2028 2006//2006
f 2132//2132 2133//2133 2094//2094
f 2131//2131 2094//2094 2133//2133
f 2166//2166 2167//2167 2133//2133
f 2133//2133 2132//2132 2166//2166
f 2180//2180 2197//2197 2167//2167
f 2167//2167 2166//2166 2180//2180
f 2181//2181 2215//2215 2180//2180
f 2197//2197 2180//2180 2215//2215
f 2182//2182 2216//2216 2181//2181
f 2215//2215 2181//2181 2216//2216
f 2185//2185 2217//2217 2182//2182
f 2216//2216 2182//2182 2217//2217
f 2186//2186 2219//2219 2217//2217
f 2217//2217 2185//2185 2186//2186
f 2184//2184 2195//2195 2186//2186
f 2219//2219 2186//2186 2195//2195
f 2163//2163 2164//2164 2184//2184
f 2195//2195 2184//2184 2164//2164
f 2128//2128 2162//2162 2163//2163
f 2164//2164 2163//2163 2162//2162
f 2126//2126 2161//2161 2128//2128
f 2162//2162 2128//2128 2161//2161
f 2125//2125 2160//2160 2161//2161
f 2161//2161 2126//2126 2125//2125
f 2124//2124 2123//2123 2125//2125
f 2160//2160 2125//2125 2123//2123
f 2121//2121 2145//2145 2123//2123
f 2123//2123 2106//2106 2121//2121
f 2122//2122 2157//2157 2145//2145
f 2145//2145 2121//2121 2122//2122
f 2151//2151 2158//2158 2157//2157
f 2157//2157 2122//2122 2151//2151
f 2179//2179 2183//2183 2158//2158
f 2158//2158 2151//2151 2179//2179
f 2213//2213 2214//2214 2183//2183
f 2183//2183 2179//2179 2213//2213
f 2247//2247 2248//2248 2214//2214
f 2214//2214 2213//2213 2247//2247
f 2281//2281 2282//2282 2248//2248
f 2248//2248 2247//2247 2281//2281
f 2318//2318 2319//2319 2282//2282
f 2282//2282 2281//2281 2318//2318
f 2356//2356 2357//2357 2319//2319
f 2319//2319 2318//2318 2356//2356
f 2396//2396 2397//2397 2357//2357
f 2357//2357 2356//2356 2396//2396
f 2436//2436 2437//2437 2397//2397
f 2397//2397 2396//2396 2436//2436
f 2474//2474 2475//2475 2437//2437
f 2437//2437 2436//2436 2474//2474
f 2512//2512 2513//2513 2475//2475
f 2475//2475 2474//2474 2512//2512
f 2552//2552 2553//2553 2513//2513
f 2513//2513 2512//2512 2552//2552
f 2596//2596 2597//2597 2553//2553
f 2553//2553 2552//2552 2596//2596
f 2638//2638 2639//2639 2597//2597
f 2597//2597 2596//2596 2638//2638
f 2680//2680 2681//2681 2639//2639
f 2639//2639 2638//2638 2680//2680
f 2728//2728 2729//2729 2681//2681
f 2681//2681 2680//2680 2728//2728
f 2776//2776 2777//2777 2729//2729
f 2729//2729 2728//2728 2776//2776
f 2825//2825 2826//2826 2777//2777
f 2777//2777 2776//2776 2825//2825
f 2874//2874 2875//2875 2826//2826
f 2826//2826 2825//2825 2874//2874
f 2923//2923 2924//2924 2874//2874
f 2875//2875 2874//2874 2924//2924
f 2973//2973 2924//2924 2972//2972
f 2923//2923 2972//2972 2924//2924
f 1917//1917 1916//1916 1926//1926
f 1925//1925 1926//1926 1916//1916
f 1917//1917 1910//1910 1909//1909
f 1909//1909 1916//1916 1917//1917
f 3381//3381 3376//3376 3377//3377
f 3377//3377 3386//3386 3381//3381
f 3371//3371 3370//3370 3376//3376
f 3376//3376 3381//3381 3371//3371
f 3359//3359 3358//3358 3370//3370
f 3370//3370 3371//3371 3359//3359
f 3344//3344 3343//3343 3358//3358
f 3358//3358 3359//3359 3344//3344
f 3327//3327 3326//3326 3343//3343
f 3343//3343 3344//3344 3327//3327
f 3308//3308 3307//3307 3326//3326
f 3326//3326 3327//3327 3308//3308
f 3287//3287 3286//3286 3307//3307
f 3307//3307 3308//3308 3287//3287
f 3264//3264 3263//3263 3286//3286
f 3286//3286 3287//3287 3264//3264
f 3241//3241 3240//3240 3263//3263
f 3263//3263 3264//3264 3241//3241
f 3210//3210 3209//3209 3240//3240
f 3240//3240 3241//3241 3210//3210
f 3177//3177 3176//3176 3209//3209
f 3209//3209 3210//3210 3177//3177
f 3122//3122 3121//3121 3176//3176
f 3176//3176 3177//3177 3122//3122
f 3069//3069 3068//3068 3121//3121
f 3121//3121 3122//3122 3069//3069
f 3016//3016 3067//3067 3068//3068
f 3068//3068 3069//3069 3016//3016
f 3015//3015 3014//3014 3067//3067
f 3067//3067 3016//3016 3015//3015
f 2964//2964 2963//2963 3014//3014
f 3014//3014 3015//3015 2964//2964
f 2915//2915 2914//2914 2963//2963
f 2963//2963 2964//2964 2915//2915
f 2866//2866 2865//2865 2914//2914
f 2914//2914 2915//2915 2866//2866
f 2817//2817 2816//2816 2865//2865
f 2865//2865 2866//2866 2817//2817
f 2769//2769 2768//2768 2816//2816
f 2816//2816 2817//2817 2769//2769
f 2721//2721 2720//2720 2768//2768
f 2768//2768 2769//2769 2721//2721
f 2673//2673 2672//2672 2720//2720
f 2720//2720 2721//2721 2673//2673
f 2631//2631 2630//2630 2672//2672
f 2672//2672 2673//2673 2631//2631
f 2589//2589 2588//2588 2630//2630
f 2630//2630 2631//2631 2589//2589
f 2545//2545 2544//2544 2588//2588
f 2588//2588 2589//2589 2545//2545
f 2505//2505 2504//2504 2544//2544
f 2544//2544 2545//2545 2505//2505
f 2467//2467 2466//2466 2504//2504
f 2504//2504 2505//2505 2467//2467
f 2429//2429 2453//2453 2466//2466
f 2466//2466 2467//2467 2429//2429
f 2414//2414 2427//2427 2453//2453
f 2453//2453 2429//2429 2414//2414
f 2388//2388 2387//2387 2427//2427
f 2427//2427 2414//2414 2388//2388
f 2348//2348 2350//2350 2387//2387
f 2387//2387 2388//2388 2348//2348
f 2314//2314 2347//2347 2350//2350
f 2350//2350 2348//2348 2314//2314
f 2311//2311 2346//2346 2347//2347
f 2347//2347 2314//2314 2311//2311
f 2310//2310 2339//2339 2346//2346
f 2346//2346 2311//2311 2310//2310
f 2303//2303 2309//2309 2339//2339
f 2339//2339 2310//2310 2303//2303
f 2273//2273 2272//2272 2309//2309
f 2309//2309 2303//2303 2273//2273
f 2239//2239 2238//2238 2272//2272
f 2272//2272 2273//2273 2239//2239
f 2204//2204 2237//2237 2239//2239
f 2238//2238 2239//2239 2237//2237
f 2203//2203 2236//2236 2204//2204
f 2237//2237 2204//2204 2236//2236
f 2202//2202 2235//2235 2203//2203
f 2236//2236 2203//2203 2235//2235
f 2201//2201 2232//2232 2202//2202
f 2235//2235 2202//2202 2232//2232
f 2198//2198 2199//2199 2232//2232
f 2232//2232 2201//2201 2198//2198
f 2169//2169 2197//2197 2199//2199
f 2199//2199 2198//2198 2169//2169
f 2131//2131 2133//2133 2165//2165
f 2167//2167 2165//2165 2133//2133
f 2974//2974 2925//2925 2973//2973
f 2924//2924 2973//2973 2925//2925
f 2975//2975 2926//2926 2974//2974
f 2925//2925 2974//2974 2926//2926
f 2976//2976 2927//2927 2975//2975
f 2926//2926 2975//2975 2927//2927
f 2977//2977 2928//2928 2976//2976
f 2927//2927 2976//2976 2928//2928
f 2978//2978 2929//2929 2977//2977
f 2928//2928 2977//2977 2929//2929
f 2979//2979 2930//2930 2978//2978
f 2929//2929 2978//2978 2930//2930
f 2980//2980 2931//2931 2979//2979
f 2930//2930 2979//2979 2931//2931
f 2981//2981 2932//2932 2980//2980
f 2931//2931 2980//2980 2932//2932
f 2982//2982 2933//2933 2932//2932
f 2932//2932 2981//2981 2982//2982
f 2983//2983 2934//2934 2933//2933
f 2933//2933 2982//2982 2983//2983
f 2984//2984 2935//2935 2934//2934
f 2934//2934 2983//2983 2984//2984
f 2985//2985 2936//2936 2935//2935
f 2935//2935 2984//2984 2985//2985
f 2986//2986 2939//2939 2936//2936
f 2936//2936 2985//2985 2986//2986
f 2989//2989 2988//2988 2939//2939
f 2939//2939 2986//2986 2989//2989
f 3040//3040 3039//3039 2988//2988
f 2988//2988 2989//2989 3040//3040
f 3093//3093 3042//3042 3039//3039
f 3039//3039 3040//3040 3093//3093
f 3096//3096 3043//3043 3042//3042
f 3042//3042 3093//3093 3096//3096
f 3097//3097 3044//3044 3043//3043
f 3043//3043 3096//3096 3097//3097
f 3098//3098 3045//3045 3044//3044
f 3044//3044 3097//3097 3098//3098
f 3099//3099 3046//3046 3045//3045
f 3045//3045 3098//3098 3099//3099
f 3100//3100 3053//3053 3046//3046
f 3046//3046 3099//3099 3100//3100
f 3107//3107 3106//3106 3053//3053
f 3053//3053 3100//3100 3107//3107
f 3160//3160 3159//3159 3106//3106
f 3106//3106 3107//3107 3160//3160
f 3193//3193 3192//3192 3159//3159
f 3159//3159 3160//3160 3193//3193
f 3224//3224 3223//3223 3192//3192
f 3192//3192 3193//3193 3224//3224
f 3248//3248 3247//3247 3223//3223
f 3223//3223 3224//3224 3248//3248
f 3270//3270 3269//3269 3247//3247
f 3247//3247 3248//3248 3270//3270
f 3292//3292 3280//3280 3269//3269
f 3269//3269 3270//3270 3292//3292
f 3302//3302 3301//3301 3280//3280
f 3280//3280 3292//3292 3302//3302
f 3321//3321 3320//3320 3301//3301
f 3301//3301 3302//3302 3321//3321
f 3338//3338 3337//3337 3320//3320
f 3320//3320 3321//3321 3338//3338
f 3353//3353 3352//3352 3337//3337
f 3337//3337 3338//3338 3353//3353
f 3366//3366 3365//3365 3353//3353
f 3352//3352 3353//3353 3365//3365
f 3376//3376 3365//3365 3366//3366
f 3366//3366 3377//3377 3376//3376
f 2044//2044 2045//2045 2032//2032
f 2006//2006 2032//2032 2045//2045
f 2082//2082 2065//2065 2044//2044
f 2045//2045 2044//2044 2065//2065
f 2123//2123 2124//2124 2106//2106
f 2084//2084 2106//2106 2124//2124
f 2084//2084 2065//2065 2106//2106
f 2082//2082 2106//2106 2065//2065
f 2046//2046 2045//2045 2065//2065
f 2065//2065 2084//2084 2046//2046
f 2046//2046 2007//2007 2006//2006
f 2006//2006 2045//2045 2046//2046
f 1965//1965 1964//1964 1966//1966
f 2007//2007 1966//1966 1964//1964
f 2167//2167 2197//2197 2169//2169
f 2169//2169 2165//2165 2167//2167
f 2215//2215 2231//2231 2199//2199
f 2199//2199 2197//2197 2215//2215
f 2216//2216 2250//2250 2215//2215
f 2231//2231 2215//2215 2250//2250
f 2217//2217 2251//2251 2216//2216
f 2250//2250 2216//2216 2251//2251
f 2219//2219 2252//2252 2217//2217
f 2251//2251 2217//2217 2252//2252
f 2195//2195 2196//2196 2229//2229
f 2229//2229 2219//2219 2195//2195
f 2164//2164 2194//2194 2195//2195
f 2196//2196 2195//2195 2194//2194
f 2162//2162 2193//2193 2164//2164
f 2194//2194 2164//2164 2193//2193
f 2161//2161 2192//2192 2162//2162
f 2193//2193 2162//2162 2192//2192
f 2160//2160 2191//2191 2161//2161
f 2192//2192 2161//2161 2191//2191
f 2145//2145 2159//2159 2123//2123
f 2160//2160 2123//2123 2159//2159
f 3370//3370 3364//3364 3365//3365
f 3365//3365 3376//3376 3370//3370
f 3358//3358 3357//3357 3364//3364
f 3364//3364 3370//3370 3358//3358
f 3343//3343 3342//3342 3357//3357
f 3357//3357 3358//3358 3343//3343
f 3326//3326 3325//3325 3342//3342
f 3342//3342 3343//3343 3326//3326
f 3307//3307 3306//3306 3325//3325
f 3325//3325 3326//3326 3307//3307
f 3286//3286 3285//3285 3306//3306
f 3306//3306 3307//3307 3286//3286
f 3263//3263 3262//3262 3285//3285
f 3285//3285 3286//3286 3263//3263
f 3240//3240 3239//3239 3262//3262
f 3262//3262 3263//3263 3240//3240
f 3209//3209 3208//3208 3239//3239
f 3239//3239 3240//3240 3209//3209
f 3176//3176 3175//3175 3208//3208
f 3208//3208 3209//3209 3176//3176
f 3121//3121 3120//3120 3175//3175
f 3175//3175 3176//3176 3121//3121
f 3068//3068 3119//3119 3120//3120
f 3120//3120 3121//3121 3068//3068
f 3067//3067 3066//3066 3119//3119
f 3119//3119 3068//3068 3067//3067
f 3014//3014 3013//3013 3066//3066
f 3066//3066 3067//3067 3014//3014
f 2963//2963 2962//2962 3013//3013
f 3013//3013 3014//3014 2963//2963
f 2914//2914 2913//2913 2962//2962
f 2962//2962 2963//2963 2914//2914
f 2865//2865 2864//2864 2913//2913
f 2913//2913 2914//2914 2865//2865
f 2816//2816 2815//2815 2864//2864
f 2864//2864 2865//2865 2816//2816
f 2768//2768 2767//2767 2815//2815
f 2815//2815 2816//2816 2768//2768
f 2720//2720 2719//2719 2767//2767
f 2767//2767 2768//2768 2720//2720
f 2672//2672 2671//2671 2719//2719
f 2719//2719 2720//2720 2672//2672
f 2630//2630 2629//2629 2671//2671
f 2671//2671 2672//2672 2630//2630
f 2588//2588 2587//2587 2629//2629
f 2629//2629 2630//2630 2588//2588
f 2544//2544 2543//2543 2587//2587
f 2587//2587 2588//2588 2544//2544
f 2504//2504 2503//2503 2543//2543
f 2543//2543 2544//2544 2504//2504
f 2466//2466 2490//2490 2503//2503
f 2503//2503 2504//2504 2466//2466
f 2453//2453 2464//2464 2490//2490
f 2490//2490 2466//2466 2453//2453
f 2427//2427 2426//2426 2464//2464
f 2464//2464 2453//2453 2427//2427
f 2387//2387 2389//2389 2426//2426
f 2426//2426 2427//2427 2387//2387
f 2350//2350 2386//2386 2389//2389
f 2389//2389 2387//2387 2350//2350
f 2347//2347 2385//2385 2386//2386
f 2386//2386 2350//2350 2347//2347
f 2346//2346 2378//2378 2385//2385
f 2385//2385 2347//2347 2346//2346
f 2339//2339 2345//2345 2378//2378
f 2378//2378 2346//2346 2339//2339
f 2309//2309 2308//2308 2339//2339
f 2345//2345 2339//2339 2308//2308
f 2272//2272 2271//2271 2309//2309
f 2308//2308 2309//2309 2271//2271
f 2238//2238 2270//2270 2272//2272
f 2271//2271 2272//2272 2270//2270
f 2237//2237 2269//2269 2238//2238
f 2270//2270 2238//2238 2269//2269
f 2236//2236 2268//2268 2237//2237
f 2269//2269 2237//2237 2268//2268
f 2235//2235 2266//2266 2236//2236
f 2268//2268 2236//2236 2266//2266
f 2232//2232 2233//2233 2235//2235
f 2266//2266 2235//2235 2233//2233
f 2231//2231 2233//2233 2199//2199
f 2232//2232 2199//2199 2233//2233
f 2159//2159 2190//2190 2191//2191
f 2191//2191 2160//2160 2159//2159
f 2159//2159 2176//2176 2189//2189
f 2189//2189 2190//2190 2159//2159
f 2157//2157 2176//2176 2159//2159
f 2159//2159 2145//2145 2157//2157
f 2158//2158 2187//2187 2176//2176
f 2176//2176 2157//2157 2158//2158
f 2183//2183 2188//2188 2187//2187
f 2187//2187 2158//2158 2183//2183
f 2214//2214 2218//2218 2183//2183
f 2188//2188 2183//2183 2218//2218
f 2248//2248 2249//2249 2218//2218
f 2218//2218 2214//2214 2248//2248
f 2282//2282 2283//2283 2249//2249
f 2249//2249 2248//2248 2282//2282
f 2319//2319 2320//2320 2283//2283
f 2283//2283 2282//2282 2319//2319
f 2357//2357 2358//2358 2320//2320
f 2320//2320 2319//2319 2357//2357
f 2397//2397 2398//2398 2358//2358
f 2358//2358 2357//2357 2397//2397
f 2437//2437 2438//2438 2398//2398
f 2398//2398 2397//2397 2437//2437
f 2475//2475 2476//2476 2438//2438
f 2438//2438 2437//2437 2475//2475
f 2513//2513 2514//2514 2476//2476
f 2476//2476 2475//2475 2513//2513
f 2553//2553 2554//2554 2514//2514
f 2514//2514 2513//2513 2553//2553
f 2597//2597 2598//2598 2554//2554
f 2554//2554 2553//2553 2597//2597
f 2639//2639 2640//2640 2598//2598
f 2598//2598 2597//2597 2639//2639
f 2681//2681 2682//2682 2640//2640
f 2640//2640 2639//2639 2681//2681
f 2729//2729 2730//2730 2682//2682
f 2682//2682 2681//2681 2729//2729
f 2777//2777 2778//2778 2730//2730
f 2730//2730 2729//2729 2777//2777
f 2826//2826 2827//2827 2778//2778
f 2778//2778 2777//2777 2826//2826
f 2875//2875 2876//2876 2826//2826
f 2827//2827 2826//2826 2876//2876
f 2925//2925 2876//2876 2924//2924
f 2875//2875 2924//2924 2876//2876
f 2229//2229 2254//2254 2252//2252
f 2252//2252 2219//2219 2229//2229
f 2229//2229 2230//2230 2254//2254
f 2264//2264 2254//2254 2230//2230
f 2196//2196 2228//2228 2230//2230
f 2230//2230 2229//2229 2196//2196
f 2194//2194 2227//2227 2196//2196
f 2228//2228 2196//2196 2227//2227
f 2193//2193 2226//2226 2194//2194
f 2227//2227 2194//2194 2226//2226
f 2192//2192 2225//2225 2193//2193
f 2226//2226 2193//2193 2225//2225
f 2191//2191 2224//2224 2192//2192
f 2225//2225 2192//2192 2224//2224
f 2190//2190 2223//2223 2191//2191
f 2224//2224 2191//2191 2223//2223
f 2189//2189 2222//2222 2190//2190
f 2223//2223 2190//2190 2222//2222
f 2926//2926 2877//2877 2925//2925
f 2876//2876 2925//2925 2877//2877
f 2927//2927 2878//2878 2926//2926
f 2877//2877 2926//2926 2878//2878
f 2928//2928 2879//2879 2927//2927
f 2878//2878 2927//2927 2879//2879
f 2929//2929 2880//2880 2928//2928
f 2879//2879 2928//2928 2880//2880
f 2930//2930 2881//2881 2929//2929
f 2880//2880 2929//2929 2881//2881
f 2931//2931 2882//2882 2930//2930
f 2881//2881 2930//2930 2882//2882
f 2932//2932 2883//2883 2931//2931
f 2882//2882 2931//2931 2883//2883
f 2933//2933 2884//2884 2883//2883
f 2883//2883 2932//2932 2933//2933
f 2934//2934 2885//2885 2884//2884
f 2884//2884 2933//2933 2934//2934
f 2935//2935 2886//2886 2885//2885
f 2885//2885 2934//2934 2935//2935
f 2936//2936 2889//2889 2886//2886
f 2886//2886 2935//2935 2936//2936
f 2939//2939 2938//2938 2889//2889
f 2889//2889 2936//2936 2939//2939
f 2988//2988 2987//2987 2938//2938
f 2938//2938 2939//2939 2988//2988
f 3039//3039 2990//2990 2987//2987
f 2987//2987 2988//2988 3039//3039
f 3042//3042 2991//2991 2990//2990
f 2990//2990 3039//3039 3042//3042
f 3043//3043 2992//2992 2991//2991
f 2991//2991 3042//3042 3043//3043
f 3044//3044 2993//2993 2992//2992
f 2992//2992 3043//3043 3044//3044
f 3045//3045 2994//2994 2993//2993
f 2993//2993 3044//3044 3045//3045
f 3046//3046 2999//2999 2994//2994
f 2994//2994 3045//3045 3046//3046
f 3053//3053 3052//3052 2999//2999
f 2999//2999 3046//3046 3053//3053
f 3106//3106 3105//3105 3052//3052
f 3052//3052 3053//3053 3106//3106
f 3159//3159 3158//3158 3105//3105
f 3105//3105 3106//3106 3159//3159
f 3192//3192 3191//3191 3158//3158
f 3158//3158 3159//3159 3192//3192
f 3223//3223 3222//3222 3191//3191
f 3191//3191 3192//3192 3223//3223
f 3247//3247 3246//3246 3222//3222
f 3222//3222 3223//3223 3247//3247
f 3269//3269 3256//3256 3246//3246
f 3246//3246 3247//3247 3269//3269
f 3280//3280 3279//3279 3256//3256
f 3256//3256 3269//3269 3280//3280
f 3301//3301 3300//3300 3279//3279
f 3279//3279 3280//3280 3301//3301
f 3320//3320 3319//3319 3300//3300
f 3300//3300 3301//3301 3320//3320
f 3337//3337 3336//3336 3319//3319
f 3319//3319 3320//3320 3337//3337
f 3352//3352 3351//3351 3337//3337
f 3336//3336 3337//3337 3351//3351
f 3364//3364 3351//3351 3352//3352
f 3352//3352 3365//3365 3364//3364
f 3357//3357 3350//3350 3351//3351
f 3351//3351 3364//3364 3357//3357
f 3342//3342 3341//3341 3350//3350
f 3350//3350 3357//3357 3342//3342
f 3325//3325 3324//3324 3341//3341
f 3341//3341 3342//3342 3325//3325
f 3306//3306 3305//3305 3324//3324
f 3324//3324 3325//3325 3306//3306
f 3285//3285 3284//3284 3305//3305
f 3305//3305 3306//3306 3285//3285
f 3262//3262 3261//3261 3284//3284
f 3284//3284 3285//3285 3262//3262
f 3239//3239 3238//3238 3261//3261
f 3261//3261 3262//3262 3239//3239
f 3208//3208 3207//3207 3238//3238
f 3238//3238 3239//3239 3208//3208
f 3175//3175 3174//3174 3207//3207
f 3207//3207 3208//3208 3175//3175
f 3120//3120 3173//3173 3174//3174
f 3174//3174 3175//3175 3120//3120
f 3119//3119 3118//3118 3173//3173
f 3173//3173 3120//3120 3119//3119
f 3066//3066 3065//3065 3118//3118
f 3118//3118 3119//3119 3066//3066
f 3013//3013 3012//3012 3065//3065
f 3065//3065 3066//3066 3013//3013
f 2962//2962 2961//2961 3012//3012
f 3012//3012 3013//3013 2962//2962
f 2913//2913 2912//2912 2961//2961
f 2961//2961 2962//2962 2913//2913
f 2864//2864 2863//2863 2912//2912
f 2912//2912 2913//2913 2864//2864
f 2815//2815 2814//2814 2863//2863
f 2863//2863 2864//2864 2815//2815
f 2767//2767 2766//2766 2814//2814
f 2814//2814 2815//2815 2767//2767
f 2719//2719 2718//2718 2766//2766
f 2766//2766 2767//2767 2719//2719
f 2671//2671 2670//2670 2718//2718
f 2718//2718 2719//2719 2671//2671
f 2629//2629 2628//2628 2670//2670
f 2670//2670 2671//2671 2629//2629
f 2587//2587 2586//2586 2628//2628
f 2628//2628 2629//2629 2587//2587
f 2543//2543 2542//2542 2586//2586
f 2586//2586 2587//2587 2543//2543
f 2503//2503 2529//2529 2542//2542
f 2542//2542 2543//2543 2503//2503
f 2490//2490 2501//2501 2529//2529
f 2529//2529 2503//2503 2490//2490
f 2464//2464 2463//2463 2501//2501
f 2501//2501 2490//2490 2464//2464
f 2426//2426 2428//2428 2463//2463
f 2463//2463 2464//2464 2426//2426
f 2389//2389 2425//2425 2428//2428
f 2428//2428 2426//2426 2389//2389
f 2386//2386 2424//2424 2425//2425
f 2425//2425 2389//2389 2386//2386
f 2385//2385 2415//2415 2424//2424
f 2424//2424 2386//2386 2385//2385
f 2378//2378 2384//2384 2415//2415
f 2415//2415 2385//2385 2378//2378
f 2345//2345 2344//2344 2384//2384
f 2384//2384 2378//2378 2345//2345
f 2308//2308 2307//2307 2344//2344
f 2344//2344 2345//2345 2308//2308
f 2271//2271 2306//2306 2308//2308
f 2307//2307 2308//2308 2306//2306
f 2270//2270 2305//2305 2271//2271
f 2306//2306 2271//2271 2305//2305
f 2269//2269 2304//2304 2270//2270
f 2305//2305 2270//2270 2304//2304
f 2268//2268 2301//2301 2269//2269
f 2304//2304 2269//2269 2301//2301
f 2266//2266 2285//2285 2268//2268
f 2301//2301 2268//2268 2285//2285
f 2252//2252 2286//2286 2251//2251
f 2285//2285 2251//2251 2286//2286
f 2254//2254 2287//2287 2286//2286
f 2286//2286 2252//2252 2254//2254
f 2264//2264 2289//2289 2287//2287
f 2287//2287 2254//2254 2264//2264
f 2264//2264 2265//2265 2289//2289
f 2300//2300 2289//2289 2265//2265
f 2230//2230 2263//2263 2265//2265
f 2265//2265 2264//2264 2230//2230
f 2228//2228 2262//2262 2230//2230
f 2263//2263 2230//2230 2262//2262
f 2227//2227 2261//2261 2228//2228
f 2262//2262 2228//2228 2261//2261
f 2226//2226 2260//2260 2227//2227
f 2261//2261 2227//2227 2260//2260
f 2225//2225 2259//2259 2226//2226
f 2260//2260 2226//2226 2259//2259
f 2224//2224 2258//2258 2225//2225
f 2259//2259 2225//2225 2258//2258
f 2223//2223 2257//2257 2224//2224
f 2258//2258 2224//2224 2257//2257
f 2222//2222 2256//2256 2223//2223
f 2257//2257 2223//2223 2256//2256
f 2222//2222 2221//2221 2220//2220
f 2220//2220 2256//2256 2222//2222
f 2189//2189 2210//2210 2222//2222
f 2221//2221 2222//2222 2210//2210
f 2187//2187 2210//2210 2176//2176
f 2189//2189 2176//2176 2210//2210
f 2286//2286 2323//2323 2301//2301
f 2301//2301 2285//2285 2286//2286
f 2287//2287 2324//2324 2286//2286
f 2323//2323 2286//2286 2324//2324
f 2289//2289 2325//2325 2287//2287
f 2324//2324 2287//2287 2325//2325
f 2300//2300 2327//2327 2289//2289
f 2325//2325 2289//2289 2327//2327
f 2300//2300 2299//2299 2336//2336
f 2336//2336 2327//2327 2300//2300
f 2263//2263 2299//2299 2265//2265
f 2300//2300 2265//2265 2299//2299
f 2323//2323 2337//2337 2304//2304
f 2304//2304 2301//2301 2323//2323
f 2324//2324 2362//2362 2337//2337
f 2337//2337 2323//2323 2324//2324
f 2325//2325 2363//2363 2324//2324
f 2362//2362 2324//2324 2363//2363
f 2327//2327 2364//2364 2325//2325
f 2363//2363 2325//2325 2364//2364
f 2336//2336 2366//2366 2364//2364
f 2364//2364 2327//2327 2336//2336
f 2336//2336 2335//2335 2366//2366
f 2375//2375 2366//2366 2335//2335
f 2299//2299 2298//2298 2336//2336
f 2335//2335 2336//2336 2298//2298
f 2262//2262 2298//2298 2299//2299
f 2299//2299 2263//2263 2262//2262
f 3350//3350 3335//3335 3336//3336
f 3336//3336 3351//3351 3350//3350
f 3341//3341 3334//3334 3335//3335
f 3335//3335 3350//3350 3341//3341
f 3324//3324 3323//3323 3334//3334
f 3334//3334 3341//3341 3324//3324
f 3305//3305 3304//3304 3323//3323
f 3323//3323 3324//3324 3305//3305
f 3284//3284 3283//3283 3304//3304
f 3304//3304 3305//3305 3284//3284
f 3261//3261 3260//3260 3283//3283
f 3283//3283 3284//3284 3261//3261
f 3238//3238 3237//3237 3260//3260
f 3260//3260 3261//3261 3238//3238
f 3207//3207 3206//3206 3237//3237
f 3237//3237 3238//3238 3207//3207
f 3174//3174 3205//3205 3206//3206
f 3206//3206 3207//3207 3174//3174
f 3173//3173 3172//3172 3205//3205
f 3205//3205 3174//3174 3173//3173
f 3118//3118 3117//3117 3172//3172
f 3172//3172 3173//3173 3118//3118
f 3065//3065 3064//3064 3117//3117
f 3117//3117 3118//3118 3065//3065
f 3012//3012 3011//3011 3064//3064
f 3064//3064 3065//3065 3012//3012
f 2961//2961 2960//2960 3011//3011
f 3011//3011 3012//3012 2961//2961
f 2912//2912 2911//2911 2960//2960
f 2960//2960 2961//2961 2912//2912
f 2863//2863 2862//2862 2911//2911
f 2911//2911 2912//2912 2863//2863
f 2814//2814 2813//2813 2862//2862
f 2862//2862 2863//2863 2814//2814
f 2766//2766 2765//2765 2813//2813
f 2813//2813 2814//2814 2766//2766
f 2718//2718 2717//2717 2765//2765
f 2765//2765 2766//2766 2718//2718
f 2670//2670 2669//2669 2717//2717
f 2717//2717 2718//2718 2670//2670
f 2628//2628 2627//2627 2669//2669
f 2669//2669 2670//2670 2628//2628
f 2586//2586 2585//2585 2627//2627
f 2627//2627 2628//2628 2586//2586
f 2542//2542 2572//2572 2585//2585
f 2585//2585 2586//2586 2542//2542
f 2529//2529 2540//2540 2572//2572
f 2572//2572 2542//2542 2529//2529
f 2501//2501 2500//2500 2540//2540
f 2540//2540 2529//2529 2501//2501
f 2463//2463 2465//2465 2500//2500
f 2500//2500 2501//2501 2463//2463
f 2428//2428 2462//2462 2465//2465
f 2465//2465 2463//2463 2428//2428
f 2425//2425 2461//2461 2462//2462
f 2462//2462 2428//2428 2425//2425
f 2424//2424 2454//2454 2461//2461
f 2461//2461 2425//2425 2424//2424
f 2415//2415 2423//2423 2454//2454
f 2454//2454 2424//2424 2415//2415
f 2384//2384 2383//2383 2423//2423
f 2423//2423 2415//2415 2384//2384
f 2344//2344 2343//2343 2383//2383
f 2383//2383 2384//2384 2344//2344
f 2307//2307 2342//2342 2343//2343
f 2343//2343 2344//2344 2307//2307
f 2306//2306 2341//2341 2307//2307
f 2342//2342 2307//2307 2341//2341
f 2305//2305 2340//2340 2306//2306
f 2341//2341 2306//2306 2340//2340
f 2337//2337 2340//2340 2305//2305
f 2305//2305 2304//2304 2337//2337
f 2366//2366 2403//2403 2363//2363
f 2363//2363 2364//2364 2366//2366
f 2375//2375 2405//2405 2403//2403
f 2403//2403 2366//2366 2375//2375
f 2375//2375 2374//2374 2405//2405
f 2412//2412 2405//2405 2374//2374
f 2335//2335 2334//2334 2375//2375
f 2374//2374 2375//2375 2334//2334
f 2298//2298 2297//2297 2335//2335
f 2334//2334 2335//2335 2297//2297
f 2261//2261 2297//2297 2262//2262
f 2298//2298 2262//2262 2297//2297
f 2188//2188 2221//2221 2210//2210
f 2210//2210 2187//2187 2188//2188
f 2218//2218 2220//2220 2221//2221
f 2221//2221 2188//2188 2218//2218
f 2249//2249 2253//2253 2218//2218
f 2220//2220 2218//2218 2253//2253
f 2283//2283 2284//2284 2253//2253
f 2253//2253 2249//2249 2283//2283
f 2320//2320 2321//2321 2284//2284
f 2284//2284 2283//2283 2320//2320
f 2358//2358 2359//2359 2321//2321
f 2321//2321 2320//2320 2358//2358
f 2398//2398 2399//2399 2359//2359
f 2359//2359 2358//2358 2398//2398
f 2438//2438 2439//2439 2399//2399
f 2399//2399 2398//2398 2438//2438
f 2476//2476 2477//2477 2439//2439
f 2439//2439 2438//2438 2476//2476
f 2514//2514 2515//2515 2476//2476
f 2477//2477 2476//2476 2515//2515
f 2554//2554 2555//2555 2514//2514
f 2515//2515 2514//2514 2555//2555
f 2598//2598 2599//2599 2554//2554
f 2555//2555 2554//2554 2599//2599
f 2640//2640 2641//2641 2598//2598
f 2599//2599 2598//2598 2641//2641
f 2682//2682 2683//2683 2640//2640
f 2641//2641 2640//2640 2683//2683
f 2730//2730 2731//2731 2682//2682
f 2683//2683 2682//2682 2731//2731
f 2778//2778 2779//2779 2730//2730
f 2731//2731 2730//2730 2779//2779
f 2827//2827 2828//2828 2779//2779
f 2779//2779 2778//2778 2827//2827
f 2877//2877 2828//2828 2876//2876
f 2827//2827 2876//2876 2828//2828
f 2878//2878 2829//2829 2877//2877
f 2828//2828 2877//2877 2829//2829
f 2879//2879 2830//2830 2878//2878
f 2829//2829 2878//2878 2830//2830
f 2880//2880 2831//2831 2879//2879
f 2830//2830 2879//2879 2831//2831
f 2881//2881 2832//2832 2880//2880
f 2831//2831 2880//2880 2832//2832
f 2882//2882 2833//2833 2881//2881
f 2832//2832 2881//2881 2833//2833
f 2883//2883 2834//2834 2882//2882
f 2833//2833 2882//2882 2834//2834
f 2884//2884 2835//2835 2883//2883
f 2834//2834 2883//2883 2835//2835
f 2885//2885 2836//2836 2835//2835
f 2835//2835 2884//2884 2885//2885
f 2886//2886 2839//2839 2836//2836
f 2836//2836 2885//2885 2886//2886
f 2889//2889 2888//2888 2839//2839
f 2839//2839 2886//2886 2889//2889
f 2938//2938 2937//2937 2888//2888
f 2888//2888 2889//2889 2938//2938
f 2987//2987 2940//2940 2937//2937
f 2937//2937 2938//2938 2987//2987
f 2990//2990 2941//2941 2940//2940
f 2940//2940 2987//2987 2990//2990
f 2991//2991 2942//2942 2941//2941
f 2941//2941 2990//2990 2991//2991
f 2992//2992 2943//2943 2942//2942
f 2942//2942 2991//2991 2992//2992
f 2993//2993 2944//2944 2943//2943
f 2943//2943 2992//2992 2993//2993
f 2994//2994 2947//2947 2944//2944
f 2944//2944 2993//2993 2994//2994
f 2999//2999 2998//2998 2947//2947
f 2947//2947 2994//2994 2999//2999
f 3052//3052 3051//3051 2998//2998
f 2998//2998 2999//2999 3052//3052
f 3105//3105 3104//3104 3051//3051
f 3051//3051 3052//3052 3105//3105
f 3158//3158 3157//3157 3104//3104
f 3104//3104 3105//3105 3158//3158
f 3191//3191 3190//3190 3157//3157
f 3157//3157 3158//3158 3191//3191
f 3222//3222 3221//3221 3190//3190
f 3190//3190 3191//3191 3222//3222
f 3246//3246 3232//3232 3221//3221
f 3221//3221 3222//3222 3246//3246
f 3256//3256 3255//3255 3232//3232
f 3232//3232 3246//3246 3256//3256
f 3279//3279 3278//3278 3256//3256
f 3255//3255 3256//3256 3278//3278
f 3300//3300 3299//3299 3278//3278
f 3278//3278 3279//3279 3300//3300
f 3319//3319 3318//3318 3300//3300
f 3299//3299 3300//3300 3318//3318
f 3335//3335 3318//3318 3319//3319
f 3319//3319 3336//3336 3335//3335
f 3334//3334 3317//3317 3318//3318
f 3318//3318 3335//3335 3334//3334
f 3323//3323 3316//3316 3317//3317
f 3317//3317 3334//3334 3323//3323
f 3304//3304 3303//3303 3316//3316
f 3316//3316 3323//3323 3304//3304
f 3283//3283 3282//3282 3303//3303
f 3303//3303 3304//3304 3283//3283
f 3260//3260 3259//3259 3282//3282
f 3282//3282 3283//3283 3260//3260
f 3237//3237 3236//3236 3259//3259
f 3259//3259 3260//3260 3237//3237
f 3206//3206 3235//3235 3236//3236
f 3236//3236 3237//3237 3206//3206
f 3205//3205 3204//3204 3235//3235
f 3235//3235 3206//3206 3205//3205
f 3172//3172 3171//3171 3204//3204
f 3204//3204 3205//3205 3172//3172
f 3117//3117 3116//3116 3171//3171
f 3171//3171 3172//3172 3117//3117
f 3064//3064 3063//3063 3116//3116
f 3116//3116 3117//3117 3064//3064
f 3011//3011 3010//3010 3063//3063
f 3063//3063 3064//3064 3011//3011
f 2960//2960 2959//2959 3010//3010
f 3010//3010 3011//3011 2960//2960
f 2911//2911 2910//2910 2959//2959
f 2959//2959 2960//2960 2911//2911
f 2862//2862 2861//2861 2910//2910
f 2910//2910 2911//2911 2862//2862
f 2813//2813 2812//2812 2861//2861
f 2861//2861 2862//2862 2813//2813
f 2765//2765 2764//2764 2812//2812
f 2812//2812 2813//2813 2765//2765
f 2717//2717 2716//2716 2764//2764
f 2764//2764 2765//2765 2717//2717
f 2669//2669 2668//2668 2716//2716
f 2716//2716 2717//2717 2669//2669
f 2627//2627 2626//2626 2668//2668
f 2668//2668 2669//2669 2627//2627
f 2585//2585 2615//2615 2626//2626
f 2626//2626 2627//2627 2585//2585
f 2572//2572 2583//2583 2615//2615
f 2615//2615 2585//2585 2572//2572
f 2540//2540 2539//2539 2583//2583
f 2583//2583 2572//2572 2540//2540
f 2500//2500 2502//2502 2539//2539
f 2539//2539 2540//2540 2500//2500
f 2465//2465 2499//2499 2502//2502
f 2502//2502 2500//2500 2465//2465
f 2462//2462 2498//2498 2499//2499
f 2499//2499 2465//2465 2462//2462
f 2461//2461 2491//2491 2498//2498
f 2498//2498 2462//2462 2461//2461
f 2454//2454 2460//2460 2491//2491
f 2491//2491 2461//2461 2454//2454
f 2423//2423 2422//2422 2460//2460
f 2460//2460 2454//2454 2423//2423
f 2383//2383 2382//2382 2422//2422
f 2422//2422 2423//2423 2383//2383
f 2343//2343 2381//2381 2382//2382
f 2382//2382 2383//2383 2343//2343
f 2342//2342 2380//2380 2381//2381
f 2381//2381 2343//2343 2342//2342
f 2341//2341 2379//2379 2342//2342
f 2380//2380 2342//2342 2379//2379
f 2340//2340 2376//2376 2341//2341
f 2379//2379 2341//2341 2376//2376
f 2363//2363 2403//2403 2376//2376
f 2376//2376 2362//2362 2363//2363
f 2405//2405 2444//2444 2413//2413
f 2413//2413 2403//2403 2405//2405
f 2412//2412 2446//2446 2444//2444
f 2444//2444 2405//2405 2412//2412
f 2412//2412 2411//2411 2451//2451
f 2451//2451 2446//2446 2412//2412
f 2374//2374 2373//2373 2412//2412
f 2411//2411 2412//2412 2373//2373
f 2334//2334 2333//2333 2373//2373
f 2373//2373 2374//2374 2334//2334
f 2297//2297 2296//2296 2333//2333
f 2333//2333 2334//2334 2297//2297
f 2260//2260 2296//2296 2261//2261
f 2297//2297 2261//2261 2296//2296
f 2413//2413 2379//2379 2403//2403
f 2376//2376 2403//2403 2379//2379
f 2413//2413 2416//2416 2380//2380
f 2380//2380 2379//2379 2413//2413
f 2444//2444 2452//2452 2413//2413
f 2416//2416 2413//2413 2452//2452
f 2446//2446 2483//2483 2444//2444
f 2452//2452 2444//2444 2483//2483
f 2451//2451 2485//2485 2446//2446
f 2483//2483 2446//2446 2485//2485
f 2451//2451 2450//2450 2488//2488
f 2488//2488 2485//2485 2451//2451
f 2411//2411 2410//2410 2450//2450
f 2450//2450 2451//2451 2411//2411
f 2373//2373 2372//2372 2411//2411
f 2410//2410 2411//2411 2372//2372
f 2333//2333 2332//2332 2373//2373
f 2372//2372 2373//2373 2332//2332
f 2296//2296 2295//2295 2332//2332
f 2332//2332 2333//2333 2296//2296
f 2260//2260 2259//2259 2295//2295
f 2295//2295 2296//2296 2260//2260
f 2258//2258 2292//2292 2293//2293
f 2293//2293 2259//2259 2258//2258
f 2257//2257 2291//2291 2258//2258
f 2292//2292 2258//2258 2291//2291
f 2256//2256 2255//2255 2257//2257
f 2291//2291 2257//2257 2255//2255
f 2253//2253 2255//2255 2220//2220
f 2256//2256 2220//2220 2255//2255
f 2284//2284 2288//2288 2255//2255
f 2255//2255 2253//2253 2284//2284
f 2321//2321 2322//2322 2288//2288
f 2288//2288 2284//2284 2321//2321
f 2359//2359 2360//2360 2322//2322
f 2322//2322 2321//2321 2359//2359
f 2399//2399 2400//2400 2360//2360
f 2360//2360 2359//2359 2399//2399
f 2439//2439 2440//2440 2400//2400
f 2400//2400 2399//2399 2439//2439
f 2477//2477 2478//2478 2439//2439
f 2440//2440 2439//2439 2478//2478
f 2515//2515 2516//2516 2477//2477
f 2478//2478 2477//2477 2516//2516
f 2555//2555 2556//2556 2515//2515
f 2516//2516 2515//2515 2556//2556
f 2599//2599 2600//2600 2555//2555
f 2556//2556 2555//2555 2600//2600
f 2641//2641 2642//2642 2599//2599
f 2600//2600 2599//2599 2642//2642
f 2683//2683 2684//2684 2641//2641
f 2642//2642 2641//2641 2684//2684
f 2731//2731 2732//2732 2683//2683
f 2684//2684 2683//2683 2732//2732
f 2779//2779 2780//2780 2732//2732
f 2732//2732 2731//2731 2779//2779
f 2829//2829 2780//2780 2828//2828
f 2779//2779 2828//2828 2780//2780
f 2266//2266 2250//2250 2285//2285
f 2251//2251 2285//2285 2250//2250
f 2266//2266 2233//2233 2250//2250
f 2231//2231 2250//2250 2233//2233
f 3317//3317 3298//3298 3299//3299
f 3299//3299 3318//3318 3317//3317
f 3316//3316 3297//3297 3298//3298
f 3298//3298 3317//3317 3316//3316
f 3303//3303 3296//3296 3297//3297
f 3297//3297 3316//3316 3303//3303
f 3282//3282 3281//3281 3296//3296
f 3296//3296 3303//3303 3282//3282
f 3259//3259 3258//3258 3282//3282
f 3281//3281 3282//3282 3258//3258
f 3236//3236 3257//3257 3258//3258
f 3258//3258 3259//3259 3236//3236
f 3235//3235 3234//3234 3236//3236
f 3257//3257 3236//3236 3234//3234
f 3204//3204 3203//3203 3234//3234
f 3234//3234 3235//3235 3204//3204
f 3171//3171 3170//3170 3203//3203
f 3203//3203 3204//3204 3171//3171
f 3116//3116 3115//3115 3170//3170
f 3170//3170 3171//3171 3116//3116
f 3063//3063 3062//3062 3115//3115
f 3115//3115 3116//3116 3063//3063
f 3010//3010 3009//3009 3062//3062
f 3062//3062 3063//3063 3010//3010
f 2959//2959 2958//2958 3009//3009
f 3009//3009 3010//3010 2959//2959
f 2910//2910 2909//2909 2958//2958
f 2958//2958 2959//2959 2910//2910
f 2861//2861 2860//2860 2909//2909
f 2909//2909 2910//2910 2861//2861
f 2812//2812 2811//2811 2860//2860
f 2860//2860 2861//2861 2812//2812
f 2764//2764 2763//2763 2811//2811
f 2811//2811 2812//2812 2764//2764
f 2716//2716 2715//2715 2763//2763
f 2763//2763 2764//2764 2716//2716
f 2668//2668 2667//2667 2715//2715
f 2715//2715 2716//2716 2668//2668
f 2626//2626 2658//2658 2667//2667
f 2667//2667 2668//2668 2626//2626
f 2615//2615 2624//2624 2658//2658
f 2658//2658 2626//2626 2615//2615
f 2583//2583 2582//2582 2624//2624
f 2624//2624 2615//2615 2583//2583
f 2539//2539 2541//2541 2582//2582
f 2582//2582 2583//2583 2539//2539
f 2502//2502 2538//2538 2541//2541
f 2541//2541 2539//2539 2502//2502
f 2499//2499 2537//2537 2538//2538
f 2538//2538 2502//2502 2499//2499
f 2498//2498 2530//2530 2537//2537
f 2537//2537 2499//2499 2498//2498
f 2491//2491 2497//2497 2530//2530
f 2530//2530 2498//2498 2491//2491
f 2460//2460 2459//2459 2497//2497
f 2497//2497 2491//2491 2460//2460
f 2422//2422 2421//2421 2459//2459
f 2459//2459 2460//2460 2422//2422
f 2382//2382 2417//2417 2421//2421
f 2421//2421 2422//2422 2382//2382
f 2381//2381 2418//2418 2417//2417
f 2417//2417 2382//2382 2381//2381
f 2416//2416 2418//2418 2380//2380
f 2381//2381 2380//2380 2418//2418
f 2830//2830 2781//2781 2829//2829
f 2780//2780 2829//2829 2781//2781
f 2831//2831 2782//2782 2830//2830
f 2781//2781 2830//2830 2782//2782
f 2832//2832 2783//2783 2831//2831
f 2782//2782 2831//2831 2783//2783
f 2833//2833 2784//2784 2783//2783
f 2783//2783 2832//2832 2833//2833
f 2834//2834 2785//2785 2784//2784
f 2784//2784 2833//2833 2834//2834
f 2835//2835 2786//2786 2785//2785
f 2785//2785 2834//2834 2835//2835
f 2836//2836 2789//2789 2786//2786
f 2786//2786 2835//2835 2836//2836
f 2839//2839 2838//2838 2789//2789
f 2789//2789 2836//2836 2839//2839
f 2888//2888 2887//2887 2838//2838
f 2838//2838 2839//2839 2888//2888
f 2937//2937 2890//2890 2887//2887
f 2887//2887 2888//2888 2937//2937
f 2940//2940 2891//2891 2890//2890
f 2890//2890 2937//2937 2940//2940
f 2941//2941 2892//2892 2891//2891
f 2891//2891 2940//2940 2941//2941
f 2942//2942 2893//2893 2892//2892
f 2892//2892 2941//2941 2942//2942
f 2943//2943 2894//2894 2893//2893
f 2893//2893 2942//2942 2943//2943
f 2944//2944 2895//2895 2894//2894
f 2894//2894 2943//2943 2944//2944
f 2947//2947 2946//2946 2895//2895
f 2895//2895 2944//2944 2947//2947
f 2998//2998 2997//2997 2946//2946
f 2946//2946 2947//2947 2998//2998
f 3051//3051 3050//3050 2997//2997
f 2997//2997 2998//2998 3051//3051
f 3104//3104 3103//3103 3050//3050
f 3050//3050 3051//3051 3104//3104
f 3157//3157 3156//3156 3103//3103
f 3103//3103 3104//3104 3157//3157
f 3190//3190 3189//3189 3156//3156
f 3156//3156 3157//3157 3190//3190
f 3221//3221 3200//3200 3189//3189
f 3189//3189 3190//3190 3221//3221
f 3232//3232 3231//3231 3200//3200
f 3200//3200 3221//3221 3232//3232
f 3278//3278 3277//3277 3254//3254
f 3254//3254 3255//3255 3278//3278
f 3298//3298 3277//3277 3299//3299
f 3278//3278 3299//3299 3277//3277
f 3297//3297 3276//3276 3298//3298
f 3277//3277 3298//3298 3276//3276
f 3296//3296 3275//3275 3276//3276
f 3276//3276 3297//3297 3296//3296
f 3281//3281 3274//3274 3275//3275
f 3275//3275 3296//3296 3281//3281
f 3234//3234 3233//3233 3252//3252
f 3252//3252 3257//3257 3234//3234
f 3203//3203 3202//3202 3233//3233
f 3233//3233 3234//3234 3203//3203
f 3170//3170 3169//3169 3202//3202
f 3202//3202 3203//3203 3170//3170
f 3115//3115 3114//3114 3169//3169
f 3169//3169 3170//3170 3115//3115
f 3062//3062 3061//3061 3115//3115
f 3114//3114 3115//3115 3061//3061
f 3009//3009 3008//3008 3062//3062
f 3061//3061 3062//3062 3008//3008
f 2958//2958 2957//2957 3009//3009
f 3008//3008 3009//3009 2957//2957
f 2909//2909 2908//2908 2958//2958
f 2957//2957 2958//2958 2908//2908
f 2860//2860 2859//2859 2908//2908
f 2908//2908 2909//2909 2860//2860
f 2811//2811 2810//2810 2859//2859
f 2859//2859 2860//2860 2811//2811
f 2763//2763 2762//2762 2810//2810
f 2810//2810 2811//2811 2763//2763
f 2715//2715 2714//2714 2762//2762
f 2762//2762 2763//2763 2715//2715
f 2667//2667 2705//2705 2714//2714
f 2714//2714 2715//2715 2667//2667
f 2658//2658 2665//2665 2705//2705
f 2705//2705 2667//2667 2658//2658
f 2624//2624 2623//2623 2665//2665
f 2665//2665 2658//2658 2624//2624
f 2582//2582 2584//2584 2623//2623
f 2623//2623 2624//2624 2582//2582
f 2541//2541 2581//2581 2584//2584
f 2584//2584 2582//2582 2541//2541
f 2538//2538 2580//2580 2581//2581
f 2581//2581 2541//2541 2538//2538
f 2537//2537 2573//2573 2580//2580
f 2580//2580 2538//2538 2537//2537
f 2530//2530 2536//2536 2573//2573
f 2573//2573 2537//2537 2530//2530
f 2497//2497 2496//2496 2536//2536
f 2536//2536 2530//2530 2497//2497
f 2459//2459 2458//2458 2496//2496
f 2496//2496 2497//2497 2459//2459
f 2421//2421 2420//2420 2458//2458
f 2458//2458 2459//2459 2421//2421
f 2417//2417 2419//2419 2421//2421
f 2420//2420 2421//2421 2419//2419
f 2418//2418 2455//2455 2419//2419
f 2419//2419 2417//2417 2418//2418
f 2452//2452 2455//2455 2416//2416
f 2418//2418 2416//2416 2455//2455
f 3252//3252 3253//3253 3257//3257
f 3274//3274 3257//3257 3253//3253
f 3252//3252 3229//3229 3253//3253
f 3230//3230 3253//3253 3229//3229
f 3233//3233 3228//3228 3229//3229
f 3229//3229 3252//3252 3233//3233
f 3202//3202 3201//3201 3228//3228
f 3228//3228 3233//3233 3202//3202
f 3169//3169 3168//3168 3202//3202
f 3201//3201 3202//3202 3168//3168
f 3114//3114 3113//3113 3169//3169
f 3168//3168 3169//3169 3113//3113
f 3061//3061 3060//3060 3114//3114
f 3113//3113 3114//3114 3060//3060
f 3008//3008 3007//3007 3061//3061
f 3060//3060 3061//3061 3007//3007
f 2957//2957 2956//2956 3007//3007
f 3007//3007 3008//3008 2957//2957
f 2908//2908 2907//2907 2957//2957
f 2956//2956 2957//2957 2907//2907
f 2859//2859 2858//2858 2908//2908
f 2907//2907 2908//2908 2858//2858
f 2810//2810 2809//2809 2858//2858
f 2858//2858 2859//2859 2810//2810
f 2762//2762 2761//2761 2809//2809
f 2809//2809 2810//2810 2762//2762
f 2714//2714 2756//2756 2761//2761
f 2761//2761 2762//2762 2714//2714
f 2705//2705 2712//2712 2756//2756
f 2756//2756 2714//2714 2705//2705
f 2665//2665 2664//2664 2712//2712
f 2712//2712 2705//2705 2665//2665
f 2623//2623 2625//2625 2664//2664
f 2664//2664 2665//2665 2623//2623
f 2584//2584 2622//2622 2625//2625
f 2625//2625 2623//2623 2584//2584
f 2581//2581 2621//2621 2622//2622
f 2622//2622 2584//2584 2581//2581
f 2580//2580 2616//2616 2621//2621
f 2621//2621 2581//2581 2580//2580
f 2573//2573 2579//2579 2616//2616
f 2616//2616 2580//2580 2573//2573
f 2536//2536 2535//2535 2579//2579
f 2579//2579 2573//2573 2536//2536
f 2496//2496 2495//2495 2535//2535
f 2535//2535 2536//2536 2496//2496
f 2458//2458 2457//2457 2495//2495
f 2495//2495 2496//2496 2458//2458
f 2420//2420 2456//2456 2457//2457
f 2457//2457 2458//2458 2420//2420
f 2483//2483 2489//2489 2452//2452
f 2455//2455 2452//2452 2489//2489
f 2485//2485 2524//2524 2483//2483
f 2489//2489 2483//2483 2524//2524
f 2488//2488 2526//2526 2485//2485
f 2524//2524 2485//2485 2526//2526
f 2488//2488 2487//2487 2527//2527
f 2527//2527 2526//2526 2488//2488
f 2450//2450 2449//2449 2488//2488
f 2487//2487 2488//2488 2449//2449
f 2410//2410 2409//2409 2449//2449
f 2449//2449 2450//2450 2410//2410
f 2372//2372 2371//2371 2409//2409
f 2409//2409 2410//2410 2372//2372
f 2332//2332 2331//2331 2371//2371
f 2371//2371 2372//2372 2332//2332
f 2295//2295 2294//2294 2332//2332
f 2331//2331 2332//2332 2294//2294
f 2292//2292 2329//2329 2330//2330
f 2330//2330 2293//2293 2292//2292
f 2291//2291 2290//2290 2292//2292
f 2329//2329 2292//2292 2290//2290
f 2288//2288 2290//2290 2291//2291
f 2291//2291 2255//2255 2288//2288
f 2322//2322 2326//2326 2290//2290
f 2290//2290 2288//2288 2322//2322
f 2360//2360 2361//2361 2326//2326
f 2326//2326 2322//2322 2360//2360
f 2400//2400 2401//2401 2361//2361
f 2361//2361 2360//2360 2400//2400
f 2440//2440 2441//2441 2400//2400
f 2401//2401 2400//2400 2441//2441
f 2478//2478 2479//2479 2440//2440
f 2441//2441 2440//2440 2479//2479
f 2516//2516 2517//2517 2478//2478
f 2479//2479 2478//2478 2517//2517
f 2556//2556 2557//2557 2516//2516
f 2517//2517 2516//2516 2557//2557
f 2600//2600 2601//2601 2556//2556
f 2557//2557 2556//2556 2601//2601
f 2642//2642 2643//2643 2600//2600
f 2601//2601 2600//2600 2643//2643
f 2684//2684 2685//2685 2642//2642
f 2643//2643 2642//2642 2685//2685
f 2732//2732 2733//2733 2685//2685
f 2685//2685 2684//2684 2732//2732
f 2781//2781 2733//2733 2780//2780
f 2732//2732 2780//2780 2733//2733
f 3253//3253 3254//3254 3274//3274
f 3275//3275 3274//3274 3254//3254
f 3228//3228 3199//3199 3229//3229
f 3230//3230 3229//3229 3199//3199
f 2330//2330 2331//2331 2294//2294
f 2294//2294 2293//2293 2330//2330
f 2330//2330 2370//2370 2331//2331
f 2371//2371 2331//2331 2370//2370
f 2329//2329 2369//2369 2330//2330
f 2370//2370 2330//2330 2369//2369
f 2326//2326 2328//2328 2329//2329
f 2329//2329 2290//2290 2326//2326
f 2328//2328 2368//2368 2369//2369
f 2369//2369 2329//2329 2328//2328
f 2328//2328 2365//2365 2367//2367
f 2367//2367 2368//2368 2328//2328
f 2361//2361 2365//2365 2328//2328
f 2328//2328 2326//2326 2361//2361
f 3199//3199 3198//3198 3231//3231
f 3231//3231 3230//3230 3199//3199
f 3201//3201 3196//3196 3199//3199
f 3199//3199 3228//3228 3201//3201
f 2782//2782 2734//2734 2781//2781
f 2733//2733 2781//2781 2734//2734
f 2783//2783 2735//2735 2782//2782
f 2734//2734 2782//2782 2735//2735
f 2784//2784 2736//2736 2783//2783
f 2735//2735 2783//2783 2736//2736
f 2785//2785 2737//2737 2736//2736
f 2736//2736 2784//2784 2785//2785
f 2786//2786 2740//2740 2737//2737
f 2737//2737 2785//2785 2786//2786
f 2789//2789 2788//2788 2740//2740
f 2740//2740 2786//2786 2789//2789
f 2838//2838 2837//2837 2788//2788
f 2788//2788 2789//2789 2838//2838
f 2887//2887 2840//2840 2837//2837
f 2837//2837 2838//2838 2887//2887
f 2890//2890 2841//2841 2840//2840
f 2840//2840 2887//2887 2890//2890
f 2891//2891 2842//2842 2841//2841
f 2841//2841 2890//2890 2891//2891
f 2892//2892 2843//2843 2842//2842
f 2842//2842 2891//2891 2892//2892
f 2893//2893 2844//2844 2843//2843
f 2843//2843 2892//2892 2893//2893
f 2894//2894 2849//2849 2844//2844
f 2844//2844 2893//2893 2894//2894
f 2895//2895 2899//2899 2849//2849
f 2849//2849 2894//2894 2895//2895
f 2946//2946 2945//2945 2899//2899
f 2899//2899 2895//2895 2946//2946
f 2997//2997 2996//2996 2945//2945
f 2945//2945 2946//2946 2997//2997
f 3050//3050 3049//3049 2996//2996
f 2996//2996 2997//2997 3050//3050
f 3103//3103 3102//3102 3049//3049
f 3049//3049 3050//3050 3103//3103
f 3156//3156 3155//3155 3102//3102
f 3102//3102 3103//3103 3156//3156
f 3189//3189 3166//3166 3155//3155
f 3155//3155 3156//3156 3189//3189
f 3200//3200 3197//3197 3166//3166
f 3166//3166 3189//3189 3200//3200
f 3198//3198 3197//3197 3231//3231
f 3200//3200 3231//3231 3197//3197
f 3230//3230 3231//3231 3255//3255
f 3232//3232 3255//3255 3231//3231
f 2489//2489 2492//2492 2455//2455
f 2456//2456 2455//2455 2492//2492
f 2524//2524 2528//2528 2489//2489
f 2492//2492 2489//2489 2528//2528
f 2526//2526 2569//2569 2524//2524
f 2528//2528 2524//2524 2569//2569
f 2527//2527 2570//2570 2526//2526
f 2569//2569 2526//2526 2570//2570
f 2527//2527 2525//2525 2568//2568
f 2568//2568 2570//2570 2527//2527
f 2487//2487 2486//2486 2525//2525
f 2525//2525 2527//2527 2487//2487
f 2449//2449 2448//2448 2487//2487
f 2486//2486 2487//2487 2448//2448
f 2409//2409 2408//2408 2448//2448
f 2448//2448 2449//2449 2409//2409
f 2370//2370 2408//2408 2371//2371
f 2409//2409 2371//2371 2408//2408
f 3196//3196 3165//3165 3198//3198
f 3198//3198 3199//3199 3196//3196
f 3196//3196 3167//3167 3162//3162
f 3162//3162 3165//3165 3196//3196
f 3168//3168 3167//3167 3201//3201
f 3196//3196 3201//3201 3167//3167
f 3165//3165 3164//3164 3198//3198
f 3197//3197 3198//3198 3164//3164
f 3162//3162 3163//3163 3164//3164
f 3164//3164 3165//3165 3162//3162
f 3162//3162 3111//3111 3109//3109
f 3109//3109 3163//3163 3162//3162
f 3167//3167 3112//3112 3111//3111
f 3111//3111 3162//3162 3167//3167
f 3113//3113 3112//3112 3168//3168
f 3167//3167 3168//3168 3112//3112
f 3164//3164 3163//3163 3166//3166
f 3166//3166 3197//3197 3164//3164
f 3109//3109 3108//3108 3110//3110
f 3110//3110 3163//3163 3109//3109
f 3109//3109 3057//3057 3108//3108
f 3055//3055 3108//3108 3057//3057
f 3111//3111 3058//3058 3057//3057
f 3057//3057 3109//3109 3111//3111
f 3112//3112 3059//3059 3058//3058
f 3058//3058 3111//3111 3112//3112
f 3060//3060 3059//3059 3113//3113
f 3112//3112 3113//3113 3059//3059
f 3110//3110 3155//3155 3166//3166
f 3166//3166 3163//3163 3110//3110
f 3110//3110 3101//3101 3155//3155
f 3102//3102 3155//3155 3101//3101
f 3108//3108 3056//3056 3101//3101
f 3101//3101 3110//3110 3108//3108
f 3055//3055 3054//3054 3056//3056
f 3056//3056 3108//3108 3055//3055
f 3055//3055 3003//3003 3001//3001
f 3001//3001 3054//3054 3055//3055
f 3057//3057 3004//3004 3055//3055
f 3003//3003 3055//3055 3004//3004
f 3058//3058 3005//3005 3057//3057
f 3004//3004 3057//3057 3005//3005
f 3059//3059 3006//3006 3058//3058
f 3005//3005 3058//3058 3006//3006
f 3007//3007 3006//3006 3060//3060
f 3059//3059 3060//3060 3006//3006
f 2369//2369 2407//2407 2370//2370
f 2408//2408 2370//2370 2407//2407
f 2368//2368 2406//2406 2369//2369
f 2407//2407 2369//2369 2406//2406
f 2367//2367 2404//2404 2406//2406
f 2406//2406 2368//2368 2367//2367
f 2365//2365 2361//2361 2401//2401
f 2401//2401 2402//2402 2365//2365
f 2441//2441 2442//2442 2401//2401
f 2402//2402 2401//2401 2442//2442
f 2479//2479 2480//2480 2441//2441
f 2442//2442 2441//2441 2480//2480
f 2517//2517 2518//2518 2479//2479
f 2480//2480 2479//2479 2518//2518
f 2557//2557 2558//2558 2517//2517
f 2518//2518 2517//2517 2558//2558
f 2601//2601 2602//2602 2557//2557
f 2558//2558 2557//2557 2602//2602
f 2643//2643 2644//2644 2601//2601
f 2602//2602 2601//2601 2644//2644
f 2685//2685 2686//2686 2644//2644
f 2644//2644 2643//2643 2685//2685
f 2734//2734 2686//2686 2733//2733
f 2685//2685 2733//2733 2686//2686
f 2442//2442 2443//2443 2404//2404
f 2404//2404 2402//2402 2442//2442
f 2480//2480 2481//2481 2443//2443
f 2443//2443 2442//2442 2480//2480
f 2518//2518 2519//2519 2480//2480
f 2481//2481 2480//2480 2519//2519
f 2558//2558 2559//2559 2518//2518
f 2519//2519 2518//2518 2559//2559
f 2602//2602 2603//2603 2558//2558
f 2559//2559 2558//2558 2603//2603
f 2644//2644 2645//2645 2602//2602
f 2603//2603 2602//2602 2645//2645
f 2686//2686 2687//2687 2645//2645
f 2645//2645 2644//2644 2686//2686
f 2735//2735 2687//2687 2734//2734
f 2686//2686 2734//2734 2687//2687
f 2736//2736 2688//2688 2735//2735
f 2687//2687 2735//2735 2688//2688
f 2737//2737 2689//2689 2688//2688
f 2688//2688 2736//2736 2737//2737
f 2740//2740 2739//2739 2689//2689
f 2689//2689 2737//2737 2740//2740
f 2788//2788 2787//2787 2739//2739
f 2739//2739 2740//2740 2788//2788
f 2837//2837 2790//2790 2787//2787
f 2787//2787 2788//2788 2837//2837
f 2840//2840 2791//2791 2790//2790
f 2790//2790 2837//2837 2840//2840
f 2841//2841 2792//2792 2791//2791
f 2791//2791 2840//2840 2841//2841
f 2842//2842 2793//2793 2792//2792
f 2792//2792 2841//2841 2842//2842
f 2843//2843 2794//2794 2793//2793
f 2793//2793 2842//2842 2843//2843
f 2844//2844 2801//2801 2794//2794
f 2794//2794 2843//2843 2844//2844
f 2849//2849 2851//2851 2801//2801
f 2801//2801 2844//2844 2849//2849
f 2899//2899 2901//2901 2851//2851
f 2851//2851 2849//2849 2899//2899
f 2945//2945 2951//2951 2901//2901
f 2901//2901 2899//2899 2945//2945
f 2996//2996 2995//2995 2951//2951
f 2951//2951 2945//2945 2996//2996
f 3049//3049 3048//3048 2995//2995
f 2995//2995 2996//2996 3049//3049
f 3101//3101 3048//3048 3102//3102
f 3049//3049 3102//3102 3048//3048
f 3056//3056 3047//3047 3101//3101
f 3048//3048 3101//3101 3047//3047
f 3054//3054 3002//3002 3047//3047
f 3047//3047 3056//3056 3054//3054
f 3001//3001 3000//3000 3054//3054
f 3002//3002 3054//3054 3000//3000
f 3001//3001 2953//2953 3000//3000
f 2949//2949 3000//3000 2953//2953
f 3003//3003 2954//2954 2953//2953
f 2953//2953 3001//3001 3003//3003
f 3004//3004 2955//2955 2954//2954
f 2954//2954 3003//3003 3004//3004
f 3005//3005 2956//2956 2955//2955
f 2955//2955 3004//3004 3005//3005
f 2907//2907 2906//2906 2955//2955
f 2955//2955 2956//2956 2907//2907
f 2858//2858 2857//2857 2906//2906
f 2906//2906 2907//2907 2858//2858
f 2809//2809 2808//2808 2857//2857
f 2857//2857 2858//2858 2809//2809
f 2761//2761 2805//2805 2808//2808
f 2808//2808 2809//2809 2761//2761
f 2756//2756 2760//2760 2805//2805
f 2805//2805 2761//2761 2756//2756
f 2712//2712 2711//2711 2760//2760
f 2760//2760 2756//2756 2712//2712
f 2664//2664 2666//2666 2711//2711
f 2711//2711 2712//2712 2664//2664
f 2625//2625 2663//2663 2666//2666
f 2666//2666 2664//2664 2625//2625
f 2622//2622 2662//2662 2663//2663
f 2663//2663 2625//2625 2622//2622
f 2621//2621 2659//2659 2662//2662
f 2662//2662 2622//2622 2621//2621
f 2616//2616 2620//2620 2659//2659
f 2659//2659 2621//2621 2616//2616
f 2579//2579 2578//2578 2620//2620
f 2620//2620 2616//2616 2579//2579
f 2535//2535 2534//2534 2578//2578
f 2578//2578 2579//2579 2535//2535
f 2495//2495 2494//2494 2534//2534
f 2534//2534 2535//2535 2495//2495
f 3277//3277 3276//3276 3254//3254
f 3275//3275 3254//3254 3276//3276
f 2294//2294 2295//2295 2259//2259
f 2259//2259 2293//2293 2294//2294
f 2419//2419 2455//2455 2456//2456
f 2456//2456 2420//2420 2419//2419
f 3258//3258 3257//3257 3274//3274
f 3274//3274 3281//3281 3258//3258
f 2528//2528 2531//2531 2492//2492
f 2493//2493 2492//2492 2531//2531
f 2569//2569 2571//2571 2528//2528
f 2531//2531 2528//2528 2571//2571
f 2570//2570 2613//2613 2569//2569
f 2571//2571 2569//2569 2613//2613
f 2568//2568 2608//2608 2570//2570
f 2613//2613 2570//2570 2608//2608
f 2568//2568 2563//2563 2607//2607
f 2607//2607 2608//2608 2568//2568
f 2525//2525 2523//2523 2568//2568
f 2563//2563 2568//2568 2523//2523
f 2486//2486 2484//2484 2523//2523
f 2523//2523 2525//2525 2486//2486
f 2448//2448 2447//2447 2486//2486
f 2484//2484 2486//2486 2447//2447
f 2407//2407 2447//2447 2408//2408
f 2448//2448 2408//2408 2447//2447
f 2688//2688 2646//2646 2645//2645
f 2645//2645 2687//2687 2688//2688
f 2689//2689 2690//2690 2688//2688
f 2646//2646 2688//2688 2690//2690
f 2739//2739 2738//2738 2689//2689
f 2690//2690 2689//2689 2738//2738
f 2787//2787 2741//2741 2738//2738
f 2738//2738 2739//2739 2787//2787
f 2790//2790 2742//2742 2787//2787
f 2741//2741 2787//2787 2742//2742
f 2791//2791 2743//2743 2790//2790
f 2742//2742 2790//2790 2743//2743
f 2792//2792 2744//2744 2791//2791
f 2743//2743 2791//2791 2744//2744
f 2793//2793 2745//2745 2744//2744
f 2744//2744 2792//2792 2793//2793
f 2794//2794 2753//2753 2745//2745
f 2745//2745 2793//2793 2794//2794
f 2801//2801 2802//2802 2753//2753
f 2753//2753 2794//2794 2801//2801
f 2851//2851 2852//2852 2802//2802
f 2802//2802 2801//2801 2851//2851
f 2901//2901 2902//2902 2852//2852
f 2852//2852 2851//2851 2901//2901
f 2951//2951 2952//2952 2902//2902
f 2902//2902 2901//2901 2951//2951
f 2995//2995 3002//3002 2952//2952
f 2952//2952 2951//2951 2995//2995
f 2949//2949 2948//2948 2950//2950
f 2950//2950 3000//3000 2949//2949
f 2949//2949 2903//2903 2948//2948
f 2897//2897 2948//2948 2903//2903
f 2953//2953 2904//2904 2903//2903
f 2903//2903 2949//2949 2953//2953
f 2954//2954 2905//2905 2904//2904
f 2904//2904 2953//2953 2954//2954
f 2906//2906 2905//2905 2955//2955
f 2954//2954 2955//2955 2905//2905
f 2950//2950 2952//2952 3000//3000
f 3002//3002 3000//3000 2952//2952
f 2950//2950 2900//2900 2902//2902
f 2902//2902 2952//2952 2950//2950
f 2948//2948 2898//2898 2900//2900
f 2900//2900 2950//2950 2948//2948
f 2897//2897 2896//2896 2898//2898
f 2898//2898 2948//2948 2897//2897
f 2897//2897 2853//2853 2896//2896
f 2846//2846 2896//2896 2853//2853
f 2903//2903 2854//2854 2897//2897
f 2853//2853 2897//2897 2854//2854
f 2904//2904 2855//2855 2854//2854
f 2854//2854 2903//2903 2904//2904
f 2905//2905 2856//2856 2904//2904
f 2855//2855 2904//2904 2856//2856
f 2857//2857 2856//2856 2906//2906
f 2905//2905 2906//2906 2856//2856
f 2406//2406 2445//2445 2407//2407
f 2447//2447 2407//2407 2445//2445
f 2443//2443 2445//2445 2406//2406
f 2406//2406 2404//2404 2443//2443
f 2481//2481 2482//2482 2445//2445
f 2445//2445 2443//2443 2481//2481
f 2519//2519 2520//2520 2481//2481
f 2482//2482 2481//2481 2520//2520
f 2559//2559 2560//2560 2519//2519
f 2520//2520 2519//2519 2560//2560
f 2603//2603 2604//2604 2559//2559
f 2560//2560 2559//2559 2604//2604
f 2646//2646 2604//2604 2645//2645
f 2603//2603 2645//2645 2604//2604
f 2482//2482 2484//2484 2447//2447
f 2447//2447 2445//2445 2482//2482
f 2520//2520 2521//2521 2482//2482
f 2484//2484 2482//2482 2521//2521
f 2560//2560 2561//2561 2520//2520
f 2521//2521 2520//2520 2561//2561
f 2604//2604 2605//2605 2560//2560
f 2561//2561 2560//2560 2605//2605
f 2646//2646 2647//2647 2604//2604
f 2605//2605 2604//2604 2647//2647
f 2521//2521 2522//2522 2523//2523
f 2523//2523 2484//2484 2521//2521
f 2561//2561 2565//2565 2521//2521
f 2522//2522 2521//2521 2565//2565
f 2605//2605 2606//2606 2561//2561
f 2565//2565 2561//2561 2606//2606
f 2647//2647 2648//2648 2605//2605
f 2606//2606 2605//2605 2648//2648
f 2743//2743 2693//2693 2742//2742
f 2692//2692 2742//2742 2693//2693
f 2744//2744 2694//2694 2743//2743
f 2693//2693 2743//2743 2694//2694
f 2745//2745 2702//2702 2744//2744
f 2694//2694 2744//2744 2702//2702
f 2753//2753 2752//2752 2702//2702
f 2702//2702 2745//2745 2753//2753
f 2802//2802 2800//2800 2752//2752
f 2752//2752 2753//2753 2802//2802
f 2852//2852 2850//2850 2800//2800
f 2800//2800 2802//2802 2852//2852
f 2900//2900 2850//2850 2902//2902
f 2852//2852 2902//2902 2850//2850
f 2522//2522 2562//2562 2563//2563
f 2563//2563 2523//2523 2522//2522
f 2565//2565 2566//2566 2562//2562
f 2562//2562 2522//2522 2565//2565
f 2606//2606 2611//2611 2565//2565
f 2566//2566 2565//2565 2611//2611
f 2648//2648 2649//2649 2606//2606
f 2611//2611 2606//2606 2649//2649
f 2693//2693 2649//2649 2692//2692
f 2648//2648 2692//2692 2649//2649
f 2562//2562 2564//2564 2563//2563
f 2607//2607 2563//2563 2564//2564
f 2566//2566 2567//2567 2564//2564
f 2564//2564 2562//2562 2566//2566
f 2611//2611 2612//2612 2567//2567
f 2567//2567 2566//2566 2611//2611
f 2649//2649 2655//2655 2612//2612
f 2612//2612 2611//2611 2649//2649
f 2694//2694 2655//2655 2649//2649
f 2649//2649 2693//2693 2694//2694
f 2898//2898 2848//2848 2850//2850
f 2850//2850 2900//2900 2898//2898
f 2896//2896 2847//2847 2848//2848
f 2848//2848 2898//2898 2896//2896
f 2846//2846 2845//2845 2847//2847
f 2847//2847 2896//2896 2846//2846
f 2846//2846 2803//2803 2845//2845
f 2796//2796 2845//2845 2803//2803
f 2853//2853 2804//2804 2846//2846
f 2803//2803 2846//2846 2804//2804
f 2854//2854 2806//2806 2804//2804
f 2804//2804 2853//2853 2854//2854
f 2855//2855 2807//2807 2854//2854
f 2806//2806 2854//2854 2807//2807
f 2760//2760 2759//2759 2805//2805
f 2807//2807 2805//2805 2759//2759
f 2713//2713 2710//2710 2758//2758
f 2758//2758 2759//2759 2713//2713
f 2666//2666 2710//2710 2713//2713
f 2713//2713 2711//2711 2666//2666
f 2759//2759 2758//2758 2807//2807
f 2806//2806 2807//2807 2758//2758
f 2710//2710 2709//2709 2758//2758
f 2757//2757 2758//2758 2709//2709
f 2663//2663 2709//2709 2710//2710
f 2710//2710 2666//2666 2663//2663
f 2662//2662 2706//2706 2709//2709
f 2709//2709 2663//2663 2662//2662
f 2659//2659 2661//2661 2706//2706
f 2706//2706 2662//2662 2659//2659
f 2620//2620 2619//2619 2661//2661
f 2661//2661 2659//2659 2620//2620
f 2578//2578 2577//2577 2619//2619
f 2619//2619 2620//2620 2578//2578
f 2534//2534 2533//2533 2577//2577
f 2577//2577 2578//2578 2534//2534
f 2494//2494 2532//2532 2533//2533
f 2533//2533 2534//2534 2494//2494
f 2531//2531 2532//2532 2493//2493
f 2494//2494 2493//2493 2532//2532
f 2495//2495 2457//2457 2494//2494
f 2493//2493 2494//2494 2457//2457
f 3006//3006 3007//3007 3005//3005
f 2956//2956 3005//3005 3007//3007
f 2848//2848 2799//2799 2850//2850
f 2800//2800 2850//2850 2799//2799
f 2847//2847 2798//2798 2799//2799
f 2799//2799 2848//2848 2847//2847
f 2845//2845 2797//2797 2798//2798
f 2798//2798 2847//2847 2845//2845
f 2796//2796 2795//2795 2797//2797
f 2797//2797 2845//2845 2796//2796
f 2796//2796 2754//2754 2795//2795
f 2747//2747 2795//2795 2754//2754
f 2803//2803 2755//2755 2754//2754
f 2754//2754 2796//2796 2803//2803
f 2806//2806 2758//2758 2804//2804
f 2757//2757 2804//2804 2758//2758
f 2757//2757 2755//2755 2804//2804
f 2803//2803 2804//2804 2755//2755
f 2757//2757 2708//2708 2755//2755
f 2707//2707 2755//2755 2708//2708
f 2706//2706 2708//2708 2709//2709
f 2757//2757 2709//2709 2708//2708
f 2702//2702 2701//2701 2694//2694
f 2655//2655 2694//2694 2701//2701
f 2752//2752 2751//2751 2702//2702
f 2701//2701 2702//2702 2751//2751
f 2799//2799 2751//2751 2800//2800
f 2752//2752 2800//2800 2751//2751
f 2855//2855 2808//2808 2807//2807
f 2805//2805 2807//2807 2808//2808
f 2855//2855 2856//2856 2808//2808
f 2857//2857 2808//2808 2856//2856
f 2741//2741 2742//2742 2691//2691
f 2692//2692 2691//2691 2742//2742
f 2691//2691 2647//2647 2690//2690
f 2646//2646 2690//2690 2647//2647
f 2691//2691 2692//2692 2647//2647
f 2648//2648 2647//2647 2692//2692
f 2995//2995 3048//3048 3047//3047
f 3047//3047 3002//3002 2995//2995
f 2798//2798 2750//2750 2751//2751
f 2751//2751 2799//2799 2798//2798
f 2797//2797 2749//2749 2750//2750
f 2750//2750 2798//2798 2797//2797
f 2795//2795 2748//2748 2749//2749
f 2749//2749 2797//2797 2795//2795
f 2747//2747 2746//2746 2748//2748
f 2748//2748 2795//2795 2747//2747
f 2747//2747 2703//2703 2746//2746
f 2696//2696 2746//2746 2703//2703
f 2754//2754 2704//2704 2747//2747
f 2703//2703 2747//2747 2704//2704
f 2707//2707 2704//2704 2755//2755
f 2754//2754 2755//2755 2704//2704
f 2750//2750 2700//2700 2701//2701
f 2701//2701 2751//2751 2750//2750
f 2749//2749 2699//2699 2700//2700
f 2700//2700 2750//2750 2749//2749
f 2748//2748 2698//2698 2749//2749
f 2699//2699 2749//2749 2698//2698
f 2746//2746 2697//2697 2698//2698
f 2698//2698 2748//2748 2746//2746
f 2696//2696 2695//2695 2697//2697
f 2697//2697 2746//2746 2696//2696
f 2696//2696 2656//2656 2695//2695
f 2651//2651 2695//2695 2656//2656
f 2703//2703 2657//2657 2656//2656
f 2656//2656 2696//2696 2703//2703
f 2704//2704 2660//2660 2657//2657
f 2657//2657 2703//2703 2704//2704
f 2707//2707 2661//2661 2660//2660
f 2660//2660 2704//2704 2707//2707
f 2619//2619 2618//2618 2660//2660
f 2660//2660 2661//2661 2619//2619
f 2577//2577 2576//2576 2619//2619
f 2618//2618 2619//2619 2576//2576
f 2533//2533 2575//2575 2576//2576
f 2576//2576 2577//2577 2533//2533
f 2532//2532 2574//2574 2533//2533
f 2575//2575 2533//2533 2574//2574
f 2571//2571 2574//2574 2532//2532
f 2532//2532 2531//2531 2571//2571
f 2618//2618 2617//2617 2657//2657
f 2657//2657 2660//2660 2618//2618
f 2575//2575 2574//2574 2614//2614
f 2614//2614 2617//2617 2575//2575
f 2613//2613 2614//2614 2571//2571
f 2574//2574 2571//2571 2614//2614
f 2651//2651 2613//2613 2608//2608
f 2608//2608 2650//2650 2651//2651
f 2651//2651 2656//2656 2614//2614
f 2614//2614 2613//2613 2651//2651
f 2650//2650 2652//2652 2695//2695
f 2695//2695 2651//2651 2650//2650
f 2607//2607 2609//2609 2650//2650
f 2650//2650 2608//2608 2607//2607
f 2567//2567 2609//2609 2564//2564
f 2607//2607 2564//2564 2609//2609
f 2652//2652 2653//2653 2697//2697
f 2697//2697 2695//2695 2652//2652
f 2609//2609 2610//2610 2652//2652
f 2652//2652 2650//2650 2609//2609
f 2612//2612 2610//2610 2567//2567
f 2609//2609 2567//2567 2610//2610
f 2655//2655 2654//2654 2612//2612
f 2610//2610 2612//2612 2654//2654
f 2655//2655 2701//2701 2654//2654
f 2700//2700 2654//2654 2701//2701
f 2617//2617 2614//2614 2657//2657
f 2656//2656 2657//2657 2614//2614
f 2708//2708 2706//2706 2707//2707
f 2661//2661 2707//2707 2706//2706
f 2653//2653 2654//2654 2700//2700
f 2700//2700 2699//2699 2653//2653
f 2653//2653 2652//2652 2654//2654
f 2610//2610 2654//2654 2652//2652
f 2456//2456 2492//2492 2493//2493
f 2493//2493 2457//2457 2456//2456
f 2362//2362 2376//2376 2340//2340
f 2340//2340 2337//2337 2362//2362
f 3254//3254 3253//3253 3230//3230
f 3230//3230 3255//3255 3254//3254
f 2760//2760 2711//2711 2713//2713
f 2713//2713 2759//2759 2760//2760
f 2691//2691 2690//2690 2738//2738
f 2738//2738 2741//2741 2691//2691
f 2402//2402 2404//2404 2367//2367
f 2367//2367 2365//2365 2402//2402
f 2617//2617 2618//2618 2576//2576
f 2576//2576 2575//2575 2617//2617
f 2653//2653 2699//2699 2698//2698
f 2698//2698 2697//2697 2653//2653
f 243//243 3406//3406 429//429
f 429//429 229//229 243//243
f 255//255 3407//3407 3406//3406
f 3406//3406 243//243 255//255
f 265//265 3408//3408 3407//3407
f 3407//3407 255//255 265//265
f 272//272 3409//3409 3408//3408
f 3408//3408 265//265 272//272
f 277//277 3412//3412 3409//3409
f 3409//3409 272//272 277//277
f 3417//3417 3418//3418 3412//3412
f 3412//3412 277//277 3417//3417
f 3424//3424 3425//3425 3418//3418
f 3418//3418 3417//3417 3424//3424
f 3433//3433 3434//3434 3424//3424
f 3425//3425 3424//3424 3434//3434
f 3441//3441 3443//3443 3433//3433
f 3434//3434 3433//3433 3443//3443
f 3450//3450 3451//3451 3441//3441
f 3443//3443 3441//3441 3451//3451
f 3460//3460 3461//3461 3451//3451
f 3451//3451 3450//3450 3460//3460
f 3472//3472 3473//3473 3460//3460
f 3461//3461 3460//3460 3473//3473
f 3486//3486 3487//3487 3473//3473
f 3473//3473 3472//3472 3486//3486
f 3500//3500 3501//3501 3486//3486
f 3487//3487 3486//3486 3501//3501
f 3514//3514 3515//3515 3500//3500
f 3501//3501 3500//3500 3515//3515
f 3528//3528 3529//3529 3514//3514
f 3515//3515 3514//3514 3529//3529
f 3541//3541 3536//3536 3528//3528
f 3529//3529 3528//3528 3536//3536
f 3542//3542 3547//3547 3536//3536
f 3536//3536 3541//3541 3542//3542
f 3552//3552 3553//3553 3547//3547
f 3547//3547 3542//3542 3552//3552
f 3562//3562 3563//3563 3553//3553
f 3553//3553 3552//3552 3562//3562
f 3565//3565 3574//3574 3563//3563
f 3563//3563 3562//3562 3565//3565
f 3566//3566 3577//3577 3574//3574
f 3574//3574 3565//3565 3566//3566
f 3578//3578 3579//3579 3566//3566
f 3577//3577 3566//3566 3579//3579
f 3588//3588 3589//3589 3579//3579
f 3579//3579 3578//3578 3588//3588
f 3598//3598 3599//3599 3589//3589
f 3589//3589 3588//3588 3598//3598
f 3608//3608 3609//3609 3598//3598
f 3599//3599 3598//3598 3609//3609
f 3611//3611 3617//3617 3608//3608
f 3609//3609 3608//3608 3617//3617
f 3618//3618 3619//3619 3617//3617
f 3617//3617 3611//3611 3618//3618
f 3625//3625 3626//3626 3619//3619
f 3619//3619 3618//3618 3625//3625
f 3632//3632 3633//3633 3625//3625
f 3626//3626 3625//3625 3633//3633
f 3639//3639 3640//3640 3632//3632
f 3633//3633 3632//3632 3640//3640
f 3646//3646 3647//3647 3639//3639
f 3640//3640 3639//3639 3647//3647
f 3653//3653 3652//3652 3646//3646
f 3647//3647 3646//3646 3652//3652
f 3657//3657 3656//3656 3653//3653
f 3652//3652 3653//3653 3656//3656
f 3661//3661 3660//3660 3657//3657
f 3656//3656 3657//3657 3660//3660
f 3665//3665 3664//3664 3661//3661
f 3660//3660 3661//3661 3664//3664
f 3668//3668 3663//3663 3664//3664
f 3664//3664 3665//3665 3668//3668
f 3669//3669 3667//3667 3668//3668
f 3663//3663 3668//3668 3667//3667
f 3672//3672 3671//3671 3669//3669
f 3667//3667 3669//3669 3671//3671
f 3675//3675 3674//3674 3672//3672
f 3671//3671 3672//3672 3674//3674
f 1281//1281 3674//3674 1275//1275
f 3675//3675 1275//1275 3674//3674
f 3673//3673 3674//3674 1287//1287
f 1281//1281 1287//1287 3674//3674
f 3670//3670 3671//3671 3673//3673
f 3674//3674 3673//3673 3671//3671
f 3666//3666 3667//3667 3670//3670
f 3671//3671 3670//3670 3667//3667
f 3662//3662 3663//3663 3666//3666
f 3667//3667 3666//3666 3663//3663
f 3658//3658 3659//3659 3662//3662
f 3663//3663 3662//3662 3659//3659
f 3655//3655 3654//3654 3659//3659
f 3659//3659 3658//3658 3655//3655
f 3651//3651 3649//3649 3654//3654
f 3654//3654 3655//3655 3651//3651
f 3645//3645 3643//3643 3649//3649
f 3649//3649 3651//3651 3645//3645
f 3638//3638 3637//3637 3643//3643
f 3643//3643 3645//3645 3638//3638
f 3631//3631 3630//3630 3638//3638
f 3637//3637 3638//3638 3630//3630
f 3624//3624 3623//3623 3631//3631
f 3630//3630 3631//3631 3623//3623
f 3615//3615 3614//3614 3624//3624
f 3623//3623 3624//3624 3614//3614
f 3606//3606 3605//3605 3615//3615
f 3614//3614 3615//3615 3605//3605
f 3596//3596 3595//3595 3606//3606
f 3605//3605 3606//3606 3595//3595
f 3585//3585 3584//3584 3596//3596
f 3595//3595 3596//3596 3584//3584
f 3573//3573 3572//3572 3585//3585
f 3584//3584 3585//3585 3572//3572
f 3561//3561 3560//3560 3573//3573
f 3572//3572 3573//3573 3560//3560
f 3551//3551 3550//3550 3561//3561
f 3560//3560 3561//3561 3550//3550
f 3540//3540 3539//3539 3551//3551
f 3550//3550 3551//3551 3539//3539
f 3527//3527 3526//3526 3540//3540
f 3539//3539 3540//3540 3526//3526
f 3517//3517 3513//3513 3527//3527
f 3526//3526 3527//3527 3513//3513
f 3505//3505 3504//3504 3517//3517
f 3513//3513 3517//3517 3504//3504
f 3493//3493 3492//3492 3505//3505
f 3504//3504 3505//3505 3492//3492
f 3479//3479 3478//3478 3492//3492
f 3492//3492 3493//3493 3479//3479
f 291//291 3478//3478 285//285
f 3479//3479 285//285 3478//3478
f 301//301 3477//3477 291//291
f 3478//3478 291//291 3477//3477
f 312//312 3464//3464 301//301
f 3477//3477 301//301 3464//3464
f 325//325 3453//3453 312//312
f 3464//3464 312//312 3453//3453
f 341//341 3452//3452 325//325
f 3453//3453 325//325 3452//3452
f 355//355 3446//3446 341//341
f 3452//3452 341//341 3446//3446
f 367//367 3438//3438 3446//3446
f 3446//3446 355//355 367//367
f 375//375 3430//3430 3438//3438
f 3438//3438 367//367 375//375
f 376//376 3422//3422 3430//3430
f 3430//3430 375//375 376//376
f 377//377 3421//3421 3422//3422
f 3422//3422 376//376 377//377
f 378//378 3414//3414 377//377
f 3421//3421 377//377 3414//3414
f 379//379 3410//3410 3414//3414
f 3414//3414 378//378 379//379
f 413//413 3407//3407 3408//3408
f 3408//3408 397//397 413//413
f 3408//3408 3410//3410 397//397
f 379//379 397//397 3410//3410
f 3409//3409 3411//3411 3410//3410
f 3410//3410 3408//3408 3409//3409
f 3412//3412 3413//3413 3411//3411
f 3411//3411 3409//3409 3412//3412
f 3418//3418 3419//3419 3413//3413
f 3413//3413 3412//3412 3418//3418
f 3425//3425 3426//3426 3419//3419
f 3419//3419 3418//3418 3425//3425
f 3434//3434 3435//3435 3425//3425
f 3426//3426 3425//3425 3435//3435
f 3443//3443 3444//3444 3434//3434
f 3435//3435 3434//3434 3444//3444
f 3451//3451 3454//3454 3443//3443
f 3444//3444 3443//3443 3454//3454
f 3461//3461 3462//3462 3451//3451
f 3454//3454 3451//3451 3462//3462
f 3473//3473 3474//3474 3461//3461
f 3462//3462 3461//3461 3474//3474
f 3487//3487 3488//3488 3473//3473
f 3474//3474 3473//3473 3488//3488
f 3501//3501 3502//3502 3487//3487
f 3488//3488 3487//3487 3502//3502
f 3515//3515 3516//3516 3501//3501
f 3502//3502 3501//3501 3516//3516
f 3529//3529 3522//3522 3516//3516
f 3516//3516 3515//3515 3529//3529
f 3536//3536 3534//3534 3529//3529
f 3522//3522 3529//3529 3534//3534
f 3547//3547 3545//3545 3534//3534
f 3534//3534 3536//3536 3547//3547
f 3553//3553 3554//3554 3545//3545
f 3545//3545 3547//3547 3553//3553
f 3563//3563 3564//3564 3554//3554
f 3554//3554 3553//3553 3563//3563
f 3574//3574 3575//3575 3564//3564
f 3564//3564 3563//3563 3574//3574
f 3577//3577 3586//3586 3575//3575
f 3575//3575 3574//3574 3577//3577
f 3579//3579 3587//3587 3586//3586
f 3586//3586 3577//3577 3579//3579
f 3589//3589 3590//3590 3587//3587
f 3587//3587 3579//3579 3589//3589
f 3599//3599 3600//3600 3589//3589
f 3590//3590 3589//3589 3600//3600
f 3609//3609 3610//3610 3599//3599
f 3600//3600 3599//3599 3610//3610
f 3617//3617 3616//3616 3609//3609
f 3610//3610 3609//3609 3616//3616
f 3619//3619 3620//3620 3617//3617
f 3616//3616 3617//3617 3620//3620
f 3626//3626 3627//3627 3620//3620
f 3620//3620 3619//3619 3626//3626
f 3633//3633 3634//3634 3626//3626
f 3627//3627 3626//3626 3634//3634
f 3640//3640 3641//3641 3633//3633
f 3634//3634 3633//3633 3641//3641
f 3647//3647 3644//3644 3640//3640
f 3641//3641 3640//3640 3644//3644
f 3652//3652 3650//3650 3647//3647
f 3644//3644 3647//3647 3650//3650
f 3656//3656 3654//3654 3650//3650
f 3650//3650 3652//3652 3656//3656
f 3660//3660 3659//3659 3656//3656
f 3654//3654 3656//3656 3659//3659
f 3406//3406 3407//3407 429//429
f 413//413 429//429 3407//3407
f 3663//3663 3659//3659 3664//3664
f 3660//3660 3664//3664 3659//3659
f 3649//3649 3648//3648 3650//3650
f 3650//3650 3654//3654 3649//3649
f 3643//3643 3642//3642 3648//3648
f 3648//3648 3649//3649 3643//3643
f 3637//3637 3636//3636 3642//3642
f 3642//3642 3643//3643 3637//3637
f 3630//3630 3629//3629 3637//3637
f 3636//3636 3637//3637 3629//3629
f 3623//3623 3622//3622 3630//3630
f 3629//3629 3630//3630 3622//3622
f 3614//3614 3613//3613 3623//3623
f 3622//3622 3623//3623 3613//3613
f 3605//3605 3604//3604 3614//3614
f 3613//3613 3614//3614 3604//3604
f 3595//3595 3594//3594 3605//3605
f 3604//3604 3605//3605 3594//3594
f 3584//3584 3583//3583 3595//3595
f 3594//3594 3595//3595 3583//3583
f 3572//3572 3571//3571 3584//3584
f 3583//3583 3584//3584 3571//3571
f 3560//3560 3559//3559 3572//3572
f 3571//3571 3572//3572 3559//3559
f 3550//3550 3549//3549 3560//3560
f 3559//3559 3560//3560 3549//3549
f 3539//3539 3538//3538 3550//3550
f 3549//3549 3550//3550 3538//3538
f 3526//3526 3525//3525 3539//3539
f 3538//3538 3539//3539 3525//3525
f 3513//3513 3512//3512 3526//3526
f 3525//3525 3526//3526 3512//3512
f 3504//3504 3499//3499 3513//3513
f 3512//3512 3513//3513 3499//3499
f 3492//3492 3491//3491 3499//3499
f 3499//3499 3504//3504 3492//3492
f 3477//3477 3491//3491 3478//3478
f 3492//3492 3478//3478 3491//3491
f 3411//3411 3415//3415 3410//3410
f 3414//3414 3410//3410 3415//3415
f 3413//3413 3416//3416 3415//3415
f 3415//3415 3411//3411 3413//3413
f 3419//3419 3420//3420 3416//3416
f 3416//3416 3413//3413 3419//3419
f 3426//3426 3427//3427 3420//3420
f 3420//3420 3419//3419 3426//3426
f 3435//3435 3436//3436 3426//3426
f 3427//3427 3426//3426 3436//3436
f 3444//3444 3442//3442 3436//3436
f 3436//3436 3435//3435 3444//3444
f 3454//3454 3455//3455 3444//3444
f 3442//3442 3444//3444 3455//3455
f 3462//3462 3466//3466 3454//3454
f 3455//3455 3454//3454 3466//3466
f 3474//3474 3475//3475 3466//3466
f 3466//3466 3462//3462 3474//3474
f 3488//3488 3489//3489 3474//3474
f 3475//3475 3474//3474 3489//3489
f 3502//3502 3503//3503 3488//3488
f 3489//3489 3488//3488 3503//3503
f 3516//3516 3508//3508 3502//3502
f 3503//3503 3502//3502 3508//3508
f 3522//3522 3520//3520 3516//3516
f 3508//3508 3516//3516 3520//3520
f 3534//3534 3532//3532 3522//3522
f 3520//3520 3522//3522 3532//3532
f 3545//3545 3543//3543 3532//3532
f 3532//3532 3534//3534 3545//3545
f 3554//3554 3555//3555 3545//3545
f 3543//3543 3545//3545 3555//3555
f 3564//3564 3567//3567 3555//3555
f 3555//3555 3554//3554 3564//3564
f 3575//3575 3576//3576 3564//3564
f 3567//3567 3564//3564 3576//3576
f 3586//3586 3580//3580 3576//3576
f 3576//3576 3575//3575 3586//3586
f 3587//3587 3591//3591 3586//3586
f 3580//3580 3586//3586 3591//3591
f 3590//3590 3597//3597 3591//3591
f 3591//3591 3587//3587 3590//3590
f 3600//3600 3601//3601 3590//3590
f 3597//3597 3590//3590 3601//3601
f 3610//3610 3607//3607 3601//3601
f 3601//3601 3600//3600 3610//3610
f 3616//3616 3612//3612 3607//3607
f 3607//3607 3610//3610 3616//3616
f 3620//3620 3621//3621 3616//3616
f 3612//3612 3616//3616 3621//3621
f 3627//3627 3628//3628 3620//3620
f 3621//3621 3620//3620 3628//3628
f 3634//3634 3635//3635 3627//3627
f 3628//3628 3627//3627 3635//3635
f 3629//3629 3628//3628 3635//3635
f 3635//3635 3636//3636 3629//3629
f 3622//3622 3621//3621 3629//3629
f 3628//3628 3629//3629 3621//3621
f 3613//3613 3612//3612 3621//3621
f 3621//3621 3622//3622 3613//3613
f 3604//3604 3603//3603 3613//3613
f 3612//3612 3613//3613 3603//3603
f 3594//3594 3593//3593 3604//3604
f 3603//3603 3604//3604 3593//3593
f 3583//3583 3582//3582 3594//3594
f 3593//3593 3594//3594 3582//3582
f 3571//3571 3570//3570 3583//3583
f 3582//3582 3583//3583 3570//3570
f 3559//3559 3558//3558 3571//3571
f 3570//3570 3571//3571 3558//3558
f 3549//3549 3548//3548 3559//3559
f 3558//3558 3559//3559 3548//3548
f 3538//3538 3537//3537 3549//3549
f 3548//3548 3549//3549 3537//3537
f 3525//3525 3524//3524 3538//3538
f 3537//3537 3538//3538 3524//3524
f 3512//3512 3511//3511 3525//3525
f 3524//3524 3525//3525 3511//3511
f 3499//3499 3498//3498 3512//3512
f 3511//3511 3512//3512 3498//3498
f 3491//3491 3485//3485 3498//3498
f 3498//3498 3499//3499 3491//3491
f 3477//3477 3476//3476 3491//3491
f 3485//3485 3491//3491 3476//3476
f 3464//3464 3465//3465 3476//3476
f 3476//3476 3477//3477 3464//3464
f 3453//3453 3463//3463 3465//3465
f 3465//3465 3464//3464 3453//3453
f 3452//3452 3458//3458 3463//3463
f 3463//3463 3453//3453 3452//3452
f 3446//3446 3447//3447 3458//3458
f 3458//3458 3452//3452 3446//3446
f 3438//3438 3439//3439 3447//3447
f 3447//3447 3446//3446 3438//3438
f 3430//3430 3431//3431 3439//3439
f 3439//3439 3438//3438 3430//3430
f 3422//3422 3429//3429 3431//3431
f 3431//3431 3430//3430 3422//3422
f 3414//3414 3415//3415 3416//3416
f 3416//3416 3421//3421 3414//3414
f 3648//3648 3642//3642 3644//3644
f 3644//3644 3650//3650 3648//3648
f 3603//3603 3602//3602 3607//3607
f 3607//3607 3612//3612 3603//3603
f 3593//3593 3592//3592 3602//3602
f 3602//3602 3603//3603 3593//3593
f 3582//3582 3581//3581 3592//3592
f 3592//3592 3593//3593 3582//3582
f 3570//3570 3569//3569 3581//3581
f 3581//3581 3582//3582 3570//3570
f 3558//3558 3557//3557 3570//3570
f 3569//3569 3570//3570 3557//3557
f 3548//3548 3546//3546 3558//3558
f 3557//3557 3558//3558 3546//3546
f 3537//3537 3535//3535 3548//3548
f 3546//3546 3548//3548 3535//3535
f 3524//3524 3523//3523 3537//3537
f 3535//3535 3537//3537 3523//3523
f 3511//3511 3510//3510 3524//3524
f 3523//3523 3524//3524 3510//3510
f 3498//3498 3497//3497 3511//3511
f 3510//3510 3511//3511 3497//3497
f 3485//3485 3484//3484 3497//3497
f 3497//3497 3498//3498 3485//3485
f 3470//3470 3484//3484 3476//3476
f 3485//3485 3476//3476 3484//3484
f 3421//3421 3423//3423 3422//3422
f 3429//3429 3422//3422 3423//3423
f 3420//3420 3423//3423 3416//3416
f 3421//3421 3416//3416 3423//3423
f 3427//3427 3428//3428 3420//3420
f 3423//3423 3420//3420 3428//3428
f 3592//3592 3591//3591 3597//3597
f 3597//3597 3602//3602 3592//3592
f 3581//3581 3580//3580 3591//3591
f 3591//3591 3592//3592 3581//3581
f 3569//3569 3568//3568 3580//3580
f 3580//3580 3581//3581 3569//3569
f 3557//3557 3556//3556 3568//3568
f 3568//3568 3569//3569 3557//3557
f 3546//3546 3544//3544 3556//3556
f 3556//3556 3557//3557 3546//3546
f 3535//3535 3533//3533 3544//3544
f 3544//3544 3546//3546 3535//3535
f 3523//3523 3521//3521 3535//3535
f 3533//3533 3535//3535 3521//3521
f 3510//3510 3509//3509 3523//3523
f 3521//3521 3523//3523 3509//3509
f 3497//3497 3496//3496 3510//3510
f 3509//3509 3510//3510 3496//3496
f 3484//3484 3483//3483 3497//3497
f 3496//3496 3497//3497 3483//3483
f 3568//3568 3567//3567 3576//3576
f 3576//3576 3580//3580 3568//3568
f 3556//3556 3555//3555 3567//3567
f 3567//3567 3568//3568 3556//3556
f 3544//3544 3543//3543 3555//3555
f 3555//3555 3556//3556 3544//3544
f 3533//3533 3531//3531 3544//3544
f 3543//3543 3544//3544 3531//3531
f 3521//3521 3519//3519 3531//3531
f 3531//3531 3533//3533 3521//3521
f 3509//3509 3507//3507 3521//3521
f 3519//3519 3521//3521 3507//3507
f 3496//3496 3495//3495 3509//3509
f 3507//3507 3509//3509 3495//3495
f 3483//3483 3482//3482 3496//3496
f 3495//3495 3496//3496 3482//3482
f 3483//3483 3471//3471 3469//3469
f 3469//3469 3482//3482 3483//3483
f 3470//3470 3471//3471 3483//3483
f 3483//3483 3484//3484 3470//3470
f 3531//3531 3530//3530 3532//3532
f 3532//3532 3543//3543 3531//3531
f 3519//3519 3518//3518 3530//3530
f 3530//3530 3531//3531 3519//3519
f 3507//3507 3506//3506 3519//3519
f 3518//3518 3519//3519 3506//3506
f 3495//3495 3494//3494 3506//3506
f 3506//3506 3507//3507 3495//3495
f 3482//3482 3481//3481 3495//3495
f 3494//3494 3495//3495 3481//3481
f 3469//3469 3468//3468 3482//3482
f 3481//3481 3482//3482 3468//3468
f 3469//3469 3459//3459 3457//3457
f 3457//3457 3468//3468 3469//3469
f 3470//3470 3463//3463 3471//3471
f 3458//3458 3471//3471 3463//3463
f 3641//3641 3636//3636 3635//3635
f 3635//3635 3634//3634 3641//3641
f 3641//3641 3644//3644 3642//3642
f 3642//3642 3636//3636 3641//3641
f 3428//3428 3432//3432 3429//3429
f 3429//3429 3423//3423 3428//3428
f 3436//3436 3432//3432 3428//3428
f 3428//3428 3427//3427 3436//3436
f 3442//3442 3437//3437 3436//3436
f 3432//3432 3436//3436 3437//3437
f 3455//3455 3456//3456 3445//3445
f 3445//3445 3442//3442 3455//3455
f 3466//3466 3467//3467 3455//3455
f 3456//3456 3455//3455 3467//3467
f 3475//3475 3480//3480 3466//3466
f 3467//3467 3466//3466 3480//3480
f 3468//3468 3467//3467 3481//3481
f 3480//3480 3481//3481 3467//3467
f 3457//3457 3456//3456 3468//3468
f 3467//3467 3468//3468 3456//3456
f 3457//3457 3449//3449 3456//3456
f 3445//3445 3456//3456 3449//3449
f 3459//3459 3448//3448 3449//3449
f 3449//3449 3457//3457 3459//3459
f 3439//3439 3440//3440 3448//3448
f 3448//3448 3447//3447 3439//3439
f 3429//3429 3432//3432 3437//3437
f 3437//3437 3431//3431 3429//3429
f 3440//3440 3445//3445 3449//3449
f 3449//3449 3448//3448 3440//3440
f 3440//3440 3439//3439 3431//3431
f 3431//3431 3437//3437 3440//3440
f 3530//3530 3518//3518 3520//3520
f 3520//3520 3532//3532 3530//3530
f 3459//3459 3458//3458 3447//3447
f 3447//3447 3448//3448 3459//3459
f 3459//3459 3469//3469 3471//3471
f 3471//3471 3458//3458 3459//3459
f 3489//3489 3490//3490 3475//3475
f 3480//3480 3475//3475 3490//3490
f 3481//3481 3480//3480 3490//3490
f 3490//3490 3494//3494 3481//3481
f 3503//3503 3494//3494 3490//3490
f 3490//3490 3489//3489 3503//3503
f 3508//3508 3506//3506 3503//3503
f 3494//3494 3503//3503 3506//3506
f 3508//3508 3520//3520 3518//3518
f 3518//3518 3506//3506 3508//3508
f 3445//3445 3440//3440 3437//3437
f 3437//3437 3442//3442 3445//3445
f 3602//3602 3597//3597 3601//3601
f 3601//3601 3607//3607 3602//3602
f 3470//3470 3476//3476 3465//3465
f 3465//3465 3463//3463 3470//3470
f 1293//1293 3676//3676 3673//3673
f 3673//3673 1287//1287 1293//1293
f 1299//1299 3677//3677 1293//1293
f 3676//3676 1293//1293 3677//3677
f 1305//1305 3680//3680 1299//1299
f 3677//3677 1299//1299 3680//3680
f 1311//1311 3685//3685 3680//3680
f 3680//3680 1305//1305 1311//1311
f 1317//1317 3692//3692 3685//3685
f 3685//3685 1311//1311 1317//1317
f 1323//1323 3699//3699 3692//3692
f 3692//3692 1317//1317 1323//1323
f 1330//1330 3708//3708 3699//3699
f 3699//3699 1323//1323 1330//1330
f 1337//1337 3718//3718 3708//3708
f 3708//3708 1330//1330 1337//1337
f 1341//1341 3730//3730 3718//3718
f 3718//3718 1337//1337 1341//1341
f 1345//1345 3731//3731 3730//3730
f 3730//3730 1341//1341 1345//1345
f 1349//1349 3732//3732 3731//3731
f 3731//3731 1345//1345 1349//1349
f 1353//1353 3733//3733 3732//3732
f 3732//3732 1349//1349 1353//1353
f 1357//1357 3734//3734 3733//3733
f 3733//3733 1353//1353 1357//1357
f 1361//1361 3735//3735 3734//3734
f 3734//3734 1357//1357 1361//1361
f 1365//1365 3736//3736 3735//3735
f 3735//3735 1361//1361 1365//1365
f 1369//1369 3737//3737 3736//3736
f 3736//3736 1365//1365 1369//1369
f 1374//1374 3738//3738 3737//3737
f 3737//3737 1369//1369 1374//1374
f 1377//1377 3739//3739 3738//3738
f 3738//3738 1374//1374 1377//1377
f 1381//1381 3740//3740 1377//1377
f 3739//3739 1377//1377 3740//3740
f 3741//3741 3740//3740 1381//1381
f 1381//1381 1387//1387 3741//3741
f 3763//3763 3762//3762 3740//3740
f 3740//3740 3741//3741 3763//3763
f 3764//3764 3787//3787 3762//3762
f 3762//3762 3763//3763 3764//3764
f 3765//3765 3788//3788 3787//3787
f 3787//3787 3764//3764 3765//3765
f 3766//3766 3789//3789 3788//3788
f 3788//3788 3765//3765 3766//3766
f 3790//3790 3791//3791 3789//3789
f 3789//3789 3766//3766 3790//3790
f 3814//3814 3815//3815 3791//3791
f 3791//3791 3790//3790 3814//3814
f 3834//3834 3835//3835 3815//3815
f 3815//3815 3814//3814 3834//3834
f 3852//3852 3853//3853 3835//3835
f 3835//3835 3834//3834 3852//3852
f 3868//3868 3869//3869 3852//3852
f 3853//3853 3852//3852 3869//3869
f 3884//3884 3885//3885 3868//3868
f 3869//3869 3868//3868 3885//3885
f 3900//3900 3901//3901 3884//3884
f 3885//3885 3884//3884 3901//3901
f 3913//3913 3914//3914 3900//3900
f 3901//3901 3900//3900 3914//3914
f 3924//3924 3925//3925 3913//3913
f 3914//3914 3913//3913 3925//3925
f 3933//3933 3931//3931 3924//3924
f 3925//3925 3924//3924 3931//3931
f 3938//3938 3939//3939 3933//3933
f 3931//3931 3933//3933 3939//3939
f 3945//3945 3944//3944 3938//3938
f 3939//3939 3938//3938 3944//3944
f 3949//3949 3948//3948 3945//3945
f 3944//3944 3945//3945 3948//3948
f 3953//3953 3952//3952 3949//3949
f 3948//3948 3949//3949 3952//3952
f 3955//3955 3954//3954 3952//3952
f 3952//3952 3953//3953 3955//3955
f 3956//3956 3957//3957 3955//3955
f 3954//3954 3955//3955 3957//3957
f 3958//3958 3959//3959 3956//3956
f 3957//3957 3956//3956 3959//3959
f 316//316 3957//3957 319//319
f 3959//3959 319//319 3957//3957
f 304//304 3954//3954 316//316
f 3957//3957 316//316 3954//3954
f 294//294 3951//3951 304//304
f 3954//3954 304//304 3951//3951
f 290//290 3947//3947 294//294
f 3951//3951 294//294 3947//3947
f 285//285 3942//3942 290//290
f 3947//3947 290//290 3942//3942
f 3479//3479 3935//3935 285//285
f 3942//3942 285//285 3935//3935
f 3493//3493 3928//3928 3479//3479
f 3935//3935 3479//3479 3928//3928
f 3505//3505 3919//3919 3493//3493
f 3928//3928 3493//3493 3919//3919
f 3517//3517 3908//3908 3505//3505
f 3919//3919 3505//3505 3908//3908
f 3527//3527 3895//3895 3517//3517
f 3908//3908 3517//3517 3895//3895
f 3540//3540 3894//3894 3527//3527
f 3895//3895 3527//3527 3894//3894
f 3551//3551 3880//3880 3540//3540
f 3894//3894 3540//3540 3880//3880
f 3561//3561 3863//3863 3551//3551
f 3880//3880 3551//3551 3863//3863
f 3573//3573 3845//3845 3561//3561
f 3863//3863 3561//3561 3845//3845
f 3585//3585 3826//3826 3573//3573
f 3845//3845 3573//3573 3826//3826
f 3596//3596 3804//3804 3585//3585
f 3826//3826 3585//3585 3804//3804
f 3606//3606 3803//3803 3596//3596
f 3804//3804 3596//3596 3803//3803
f 3615//3615 3802//3802 3606//3606
f 3803//3803 3606//3606 3802//3802
f 3624//3624 3776//3776 3615//3615
f 3802//3802 3615//3615 3776//3776
f 3631//3631 3750//3750 3624//3624
f 3776//3776 3624//3624 3750//3750
f 3638//3638 3727//3727 3631//3631
f 3750//3750 3631//3631 3727//3727
f 3645//3645 3716//3716 3638//3638
f 3727//3727 3638//3638 3716//3716
f 3651//3651 3707//3707 3645//3645
f 3716//3716 3645//3645 3707//3707
f 3655//3655 3706//3706 3651//3651
f 3707//3707 3651//3651 3706//3706
f 3658//3658 3696//3696 3706//3706
f 3706//3706 3655//3655 3658//3658
f 3662//3662 3688//3688 3696//3696
f 3696//3696 3658//3658 3662//3662
f 3666//3666 3682//3682 3688//3688
f 3688//3688 3662//3662 3666//3666
f 3670//3670 3678//3678 3682//3682
f 3682//3682 3666//3666 3670//3670
f 3676//3676 3678//3678 3670//3670
f 3670//3670 3673//3673 3676//3676
f 334//334 3963//3963 3962//3962
f 3962//3962 320//320 334//334
f 3951//3951 3950//3950 3954//3954
f 3952//3952 3954//3954 3950//3950
f 3947//3947 3946//3946 3950//3950
f 3950//3950 3951//3951 3947//3947
f 3942//3942 3941//3941 3947//3947
f 3946//3946 3947//3947 3941//3941
f 3935//3935 3934//3934 3941//3941
f 3941//3941 3942//3942 3935//3935
f 3928//3928 3927//3927 3935//3935
f 3934//3934 3935//3935 3927//3927
f 3919//3919 3918//3918 3928//3928
f 3927//3927 3928//3928 3918//3918
f 3908//3908 3907//3907 3919//3919
f 3918//3918 3919//3919 3907//3907
f 3895//3895 3893//3893 3908//3908
f 3907//3907 3908//3908 3893//3893
f 3894//3894 3881//3881 3895//3895
f 3893//3893 3895//3895 3881//3881
f 3880//3880 3879//3879 3894//3894
f 3881//3881 3894//3894 3879//3879
f 3863//3863 3862//3862 3880//3880
f 3879//3879 3880//3880 3862//3862
f 3845//3845 3844//3844 3863//3863
f 3862//3862 3863//3863 3844//3844
f 3826//3826 3824//3824 3845//3845
f 3844//3844 3845//3845 3824//3824
f 3804//3804 3801//3801 3826//3826
f 3824//3824 3826//3826 3801//3801
f 3803//3803 3778//3778 3801//3801
f 3801//3801 3804//3804 3803//3803
f 3802//3802 3777//3777 3778//3778
f 3778//3778 3803//3803 3802//3802
f 3776//3776 3775//3775 3777//3777
f 3777//3777 3802//3802 3776//3776
f 3750//3750 3749//3749 3775//3775
f 3775//3775 3776//3776 3750//3750
f 3727//3727 3726//3726 3749//3749
f 3749//3749 3750//3750 3727//3727
f 3716//3716 3714//3714 3726//3726
f 3726//3726 3727//3727 3716//3716
f 3707//3707 3704//3704 3716//3716
f 3714//3714 3716//3716 3704//3704
f 3706//3706 3698//3698 3704//3704
f 3704//3704 3707//3707 3706//3706
f 3696//3696 3697//3697 3698//3698
f 3698//3698 3706//3706 3696//3696
f 3688//3688 3689//3689 3697//3697
f 3697//3697 3696//3696 3688//3688
f 3682//3682 3683//3683 3689//3689
f 3689//3689 3688//3688 3682//3682
f 3678//3678 3679//3679 3682//3682
f 3683//3683 3682//3682 3679//3679
f 3677//3677 3679//3679 3678//3678
f 3678//3678 3676//3676 3677//3677
f 3762//3762 3761//3761 3740//3740
f 3739//3739 3740//3740 3761//3761
f 3787//3787 3786//3786 3762//3762
f 3761//3761 3762//3762 3786//3786
f 3788//3788 3811//3811 3786//3786
f 3786//3786 3787//3787 3788//3788
f 3789//3789 3812//3812 3811//3811
f 3811//3811 3788//3788 3789//3789
f 3791//3791 3813//3813 3812//3812
f 3812//3812 3789//3789 3791//3791
f 3815//3815 3816//3816 3813//3813
f 3813//3813 3791//3791 3815//3815
f 3835//3835 3836//3836 3816//3816
f 3816//3816 3815//3815 3835//3835
f 3853//3853 3854//3854 3836//3836
f 3836//3836 3835//3835 3853//3853
f 3869//3869 3870//3870 3854//3854
f 3854//3854 3853//3853 3869//3869
f 3885//3885 3886//3886 3870//3870
f 3870//3870 3869//3869 3885//3885
f 3901//3901 3902//3902 3886//3886
f 3886//3886 3885//3885 3901//3901
f 3914//3914 3915//3915 3902//3902
f 3902//3902 3901//3901 3914//3914
f 3925//3925 3922//3922 3914//3914
f 3915//3915 3914//3914 3922//3922
f 3931//3931 3932//3932 3922//3922
f 3922//3922 3925//3925 3931//3931
f 3939//3939 3937//3937 3931//3931
f 3932//3932 3931//3931 3937//3937
f 3944//3944 3943//3943 3939//3939
f 3937//3937 3939//3939 3943//3943
f 3960//3960 3962//3962 3963//3963
f 3963//3963 3961//3961 3960//3960
f 3680//3680 3681//3681 3677//3677
f 3679//3679 3677//3677 3681//3681
f 3685//3685 3686//3686 3680//3680
f 3681//3681 3680//3680 3686//3686
f 3692//3692 3693//3693 3685//3685
f 3686//3686 3685//3685 3693//3693
f 3699//3699 3700//3700 3692//3692
f 3693//3693 3692//3692 3700//3700
f 3708//3708 3709//3709 3699//3699
f 3700//3700 3699//3699 3709//3709
f 3718//3718 3719//3719 3708//3708
f 3709//3709 3708//3708 3719//3719
f 3730//3730 3742//3742 3718//3718
f 3719//3719 3718//3718 3742//3742
f 3731//3731 3753//3753 3730//3730
f 3742//3742 3730//3730 3753//3753
f 3732//3732 3754//3754 3731//3731
f 3753//3753 3731//3731 3754//3754
f 3733//3733 3755//3755 3732//3732
f 3754//3754 3732//3732 3755//3755
f 3734//3734 3756//3756 3755//3755
f 3755//3755 3733//3733 3734//3734
f 3735//3735 3757//3757 3756//3756
f 3756//3756 3734//3734 3735//3735
f 3736//3736 3758//3758 3757//3757
f 3757//3757 3735//3735 3736//3736
f 3737//3737 3759//3759 3758//3758
f 3758//3758 3736//3736 3737//3737
f 3738//3738 3760//3760 3737//3737
f 3759//3759 3737//3737 3760//3760
f 3761//3761 3760//3760 3739//3739
f 3738//3738 3739//3739 3760//3760
f 3786//3786 3785//3785 3761//3761
f 3760//3760 3761//3761 3785//3785
f 3811//3811 3810//3810 3786//3786
f 3785//3785 3786//3786 3810//3810
f 3812//3812 3831//3831 3810//3810
f 3810//3810 3811//3811 3812//3812
f 3813//3813 3832//3832 3831//3831
f 3831//3831 3812//3812 3813//3813
f 3816//3816 3833//3833 3832//3832
f 3832//3832 3813//3813 3816//3816
f 3836//3836 3837//3837 3833//3833
f 3833//3833 3816//3816 3836//3836
f 3854//3854 3855//3855 3837//3837
f 3837//3837 3836//3836 3854//3854
f 3870//3870 3871//3871 3855//3855
f 3855//3855 3854//3854 3870//3870
f 3886//3886 3887//3887 3871//3871
f 3871//3871 3870//3870 3886//3886
f 3902//3902 3903//3903 3887//3887
f 3887//3887 3886//3886 3902//3902
f 3915//3915 3911//3911 3903//3903
f 3903//3903 3902//3902 3915//3915
f 3922//3922 3923//3923 3915//3915
f 3911//3911 3915//3915 3923//3923
f 3932//3932 3930//3930 3922//3922
f 3923//3923 3922//3922 3930//3930
f 3937//3937 3936//3936 3932//3932
f 3930//3930 3932//3932 3936//3936
f 3943//3943 3940//3940 3937//3937
f 3936//3936 3937//3937 3940//3940
f 3941//3941 3940//3940 3943//3943
f 3943//3943 3946//3946 3941//3941
f 3681//3681 3684//3684 3683//3683
f 3683//3683 3679//3679 3681//3681
f 3686//3686 3687//3687 3684//3684
f 3684//3684 3681//3681 3686//3686
f 3693//3693 3694//3694 3686//3686
f 3687//3687 3686//3686 3694//3694
f 3700//3700 3701//3701 3693//3693
f 3694//3694 3693//3693 3701//3701
f 3709//3709 3710//3710 3700//3700
f 3701//3701 3700//3700 3710//3710
f 3719//3719 3720//3720 3709//3709
f 3710//3710 3709//3709 3720//3720
f 3742//3742 3743//3743 3719//3719
f 3720//3720 3719//3719 3743//3743
f 3753//3753 3767//3767 3742//3742
f 3743//3743 3742//3742 3767//3767
f 3754//3754 3779//3779 3753//3753
f 3767//3767 3753//3753 3779//3779
f 3755//3755 3780//3780 3754//3754
f 3779//3779 3754//3754 3780//3780
f 3756//3756 3781//3781 3755//3755
f 3780//3780 3755//3755 3781//3781
f 3757//3757 3782//3782 3756//3756
f 3781//3781 3756//3756 3782//3782
f 3758//3758 3783//3783 3757//3757
f 3782//3782 3757//3757 3783//3783
f 3759//3759 3784//3784 3758//3758
f 3783//3783 3758//3758 3784//3784
f 3785//3785 3784//3784 3760//3760
f 3759//3759 3760//3760 3784//3784
f 3684//3684 3690//3690 3683//3683
f 3689//3689 3683//3683 3690//3690
f 3687//3687 3691//3691 3690//3690
f 3690//3690 3684//3684 3687//3687
f 3694//3694 3695//3695 3687//3687
f 3691//3691 3687//3687 3695//3695
f 3701//3701 3702//3702 3694//3694
f 3695//3695 3694//3694 3702//3702
f 3710//3710 3711//3711 3701//3701
f 3702//3702 3701//3701 3711//3711
f 3720//3720 3721//3721 3710//3710
f 3711//3711 3710//3710 3721//3721
f 3743//3743 3744//3744 3720//3720
f 3721//3721 3720//3720 3744//3744
f 3767//3767 3768//3768 3743//3743
f 3744//3744 3743//3743 3768//3768
f 3779//3779 3792//3792 3767//3767
f 3768//3768 3767//3767 3792//3792
f 3780//3780 3805//3805 3779//3779
f 3792//3792 3779//3779 3805//3805
f 3781//3781 3806//3806 3780//3780
f 3805//3805 3780//3780 3806//3806
f 3782//3782 3807//3807 3781//3781
f 3806//3806 3781//3781 3807//3807
f 3783//3783 3808//3808 3807//3807
f 3807//3807 3782//3782 3783//3783
f 3784//3784 3809//3809 3783//3783
f 3808//3808 3783//3783 3809//3809
f 3810//3810 3809//3809 3784//3784
f 3784//3784 3785//3785 3810//3810
f 3948//3948 3946//3946 3943//3943
f 3943//3943 3944//3944 3948//3948
f 3948//3948 3952//3952 3950//3950
f 3950//3950 3946//3946 3948//3948
f 3961//3961 3959//3959 3958//3958
f 3958//3958 3960//3960 3961//3961
f 3961//3961 332//332 3959//3959
f 319//319 3959//3959 332//332
f 3831//3831 3830//3830 3809//3809
f 3809//3809 3810//3810 3831//3831
f 3832//3832 3849//3849 3830//3830
f 3830//3830 3831//3831 3832//3832
f 3833//3833 3850//3850 3849//3849
f 3849//3849 3832//3832 3833//3833
f 3837//3837 3851//3851 3850//3850
f 3850//3850 3833//3833 3837//3837
f 3855//3855 3856//3856 3851//3851
f 3851//3851 3837//3837 3855//3855
f 3871//3871 3872//3872 3856//3856
f 3856//3856 3855//3855 3871//3871
f 3887//3887 3888//3888 3872//3872
f 3872//3872 3871//3871 3887//3887
f 3903//3903 3898//3898 3888//3888
f 3888//3888 3887//3887 3903//3903
f 3911//3911 3912//3912 3903//3903
f 3898//3898 3903//3903 3912//3912
f 3923//3923 3921//3921 3911//3911
f 3912//3912 3911//3911 3921//3921
f 3930//3930 3929//3929 3923//3923
f 3921//3921 3923//3923 3929//3929
f 3940//3940 3941//3941 3936//3936
f 3934//3934 3936//3936 3941//3941
f 3930//3930 3936//3936 3929//3929
f 3934//3934 3929//3929 3936//3936
f 3689//3689 3690//3690 3697//3697
f 3691//3691 3697//3697 3690//3690
f 3927//3927 3926//3926 3929//3929
f 3929//3929 3934//3934 3927//3927
f 3918//3918 3917//3917 3926//3926
f 3926//3926 3927//3927 3918//3918
f 3907//3907 3906//3906 3917//3917
f 3917//3917 3918//3918 3907//3907
f 3893//3893 3892//3892 3906//3906
f 3906//3906 3907//3907 3893//3893
f 3881//3881 3878//3878 3892//3892
f 3892//3892 3893//3893 3881//3881
f 3879//3879 3864//3864 3878//3878
f 3878//3878 3881//3881 3879//3879
f 3862//3862 3861//3861 3864//3864
f 3864//3864 3879//3879 3862//3862
f 3844//3844 3843//3843 3861//3861
f 3861//3861 3862//3862 3844//3844
f 3824//3824 3823//3823 3843//3843
f 3843//3843 3844//3844 3824//3824
f 3801//3801 3799//3799 3823//3823
f 3823//3823 3824//3824 3801//3801
f 3778//3778 3774//3774 3799//3799
f 3799//3799 3801//3801 3778//3778
f 3777//3777 3752//3752 3774//3774
f 3774//3774 3778//3778 3777//3777
f 3775//3775 3751//3751 3752//3752
f 3752//3752 3777//3777 3775//3775
f 3749//3749 3748//3748 3751//3751
f 3751//3751 3775//3775 3749//3749
f 3726//3726 3725//3725 3748//3748
f 3748//3748 3749//3749 3726//3726
f 3714//3714 3713//3713 3725//3725
f 3725//3725 3726//3726 3714//3714
f 3704//3704 3703//3703 3714//3714
f 3713//3713 3714//3714 3703//3703
f 3698//3698 3695//3695 3703//3703
f 3703//3703 3704//3704 3698//3698
f 3691//3691 3695//3695 3698//3698
f 3698//3698 3697//3697 3691//3691
f 3702//3702 3705//3705 3703//3703
f 3703//3703 3695//3695 3702//3702
f 3711//3711 3712//3712 3705//3705
f 3705//3705 3702//3702 3711//3711
f 3721//3721 3722//3722 3712//3712
f 3712//3712 3711//3711 3721//3721
f 3744//3744 3745//3745 3721//3721
f 3722//3722 3721//3721 3745//3745
f 3768//3768 3769//3769 3744//3744
f 3745//3745 3744//3744 3769//3769
f 3792//3792 3793//3793 3768//3768
f 3769//3769 3768//3768 3793//3793
f 3805//3805 3817//3817 3792//3792
f 3793//3793 3792//3792 3817//3817
f 3806//3806 3827//3827 3805//3805
f 3817//3817 3805//3805 3827//3827
f 3807//3807 3828//3828 3806//3806
f 3827//3827 3806//3806 3828//3828
f 3808//3808 3829//3829 3807//3807
f 3828//3828 3807//3807 3829//3829
f 3830//3830 3829//3829 3809//3809
f 3808//3808 3809//3809 3829//3829
f 3849//3849 3848//3848 3830//3830
f 3829//3829 3830//3830 3848//3848
f 3850//3850 3865//3865 3848//3848
f 3848//3848 3849//3849 3850//3850
f 3851//3851 3866//3866 3865//3865
f 3865//3865 3850//3850 3851//3851
f 3856//3856 3867//3867 3866//3866
f 3866//3866 3851//3851 3856//3856
f 3872//3872 3873//3873 3856//3856
f 3867//3867 3856//3856 3873//3873
f 3888//3888 3883//3883 3873//3873
f 3873//3873 3872//3872 3888//3888
f 3898//3898 3899//3899 3883//3883
f 3883//3883 3888//3888 3898//3898
f 3912//3912 3910//3910 3899//3899
f 3899//3899 3898//3898 3912//3912
f 3921//3921 3920//3920 3912//3912
f 3910//3910 3912//3912 3920//3920
f 3926//3926 3920//3920 3921//3921
f 3921//3921 3929//3929 3926//3926
f 3917//3917 3916//3916 3920//3920
f 3920//3920 3926//3926 3917//3917
f 3906//3906 3905//3905 3916//3916
f 3916//3916 3917//3917 3906//3906
f 3892//3892 3891//3891 3905//3905
f 3905//3905 3906//3906 3892//3892
f 3878//3878 3877//3877 3891//3891
f 3891//3891 3892//3892 3878//3878
f 3864//3864 3860//3860 3877//3877
f 3877//3877 3878//3878 3864//3864
f 3861//3861 3846//3846 3860//3860
f 3860//3860 3864//3864 3861//3861
f 3843//3843 3842//3842 3846//3846
f 3846//3846 3861//3861 3843//3843
f 3823//3823 3822//3822 3842//3842
f 3842//3842 3843//3843 3823//3823
f 3799//3799 3798//3798 3822//3822
f 3822//3822 3823//3823 3799//3799
f 3774//3774 3772//3772 3798//3798
f 3798//3798 3799//3799 3774//3774
f 3752//3752 3747//3747 3772//3772
f 3772//3772 3774//3774 3752//3752
f 3751//3751 3729//3729 3747//3747
f 3747//3747 3752//3752 3751//3751
f 3748//3748 3728//3728 3751//3751
f 3729//3729 3751//3751 3728//3728
f 3725//3725 3724//3724 3748//3748
f 3728//3728 3748//3748 3724//3724
f 3722//3722 3723//3723 3717//3717
f 3717//3717 3712//3712 3722//3722
f 3745//3745 3746//3746 3723//3723
f 3723//3723 3722//3722 3745//3745
f 3769//3769 3770//3770 3745//3745
f 3746//3746 3745//3745 3770//3770
f 3793//3793 3794//3794 3769//3769
f 3770//3770 3769//3769 3794//3794
f 3817//3817 3818//3818 3793//3793
f 3794//3794 3793//3793 3818//3818
f 3827//3827 3838//3838 3817//3817
f 3818//3818 3817//3817 3838//3838
f 3828//3828 3847//3847 3827//3827
f 3838//3838 3827//3827 3847//3847
f 3848//3848 3847//3847 3829//3829
f 3828//3828 3829//3829 3847//3847
f 3916//3916 3909//3909 3910//3910
f 3910//3910 3920//3920 3916//3916
f 3905//3905 3904//3904 3909//3909
f 3909//3909 3916//3916 3905//3905
f 3891//3891 3890//3890 3904//3904
f 3904//3904 3905//3905 3891//3891
f 3877//3877 3876//3876 3890//3890
f 3890//3890 3891//3891 3877//3877
f 3860//3860 3859//3859 3876//3876
f 3876//3876 3877//3877 3860//3860
f 3846//3846 3841//3841 3859//3859
f 3859//3859 3860//3860 3846//3846
f 3842//3842 3825//3825 3841//3841
f 3841//3841 3846//3846 3842//3842
f 3822//3822 3821//3821 3825//3825
f 3825//3825 3842//3842 3822//3822
f 3798//3798 3797//3797 3821//3821
f 3821//3821 3822//3822 3798//3798
f 3772//3772 3771//3771 3798//3798
f 3797//3797 3798//3798 3771//3771
f 3747//3747 3746//3746 3771//3771
f 3771//3771 3772//3772 3747//3747
f 3770//3770 3773//3773 3771//3771
f 3771//3771 3746//3746 3770//3770
f 3794//3794 3795//3795 3773//3773
f 3773//3773 3770//3770 3794//3794
f 3818//3818 3819//3819 3794//3794
f 3795//3795 3794//3794 3819//3819
f 3838//3838 3839//3839 3818//3818
f 3819//3819 3818//3818 3839//3839
f 3847//3847 3857//3857 3839//3839
f 3839//3839 3838//3838 3847//3847
f 3865//3865 3857//3857 3847//3847
f 3847//3847 3848//3848 3865//3865
f 3909//3909 3897//3897 3910//3910
f 3899//3899 3910//3910 3897//3897
f 3904//3904 3896//3896 3897//3897
f 3897//3897 3909//3909 3904//3904
f 3890//3890 3889//3889 3896//3896
f 3896//3896 3904//3904 3890//3890
f 3876//3876 3875//3875 3889//3889
f 3889//3889 3890//3890 3876//3876
f 3859//3859 3858//3858 3875//3875
f 3875//3875 3876//3876 3859//3859
f 3841//3841 3840//3840 3858//3858
f 3858//3858 3859//3859 3841//3841
f 3825//3825 3820//3820 3840//3840
f 3840//3840 3841//3841 3825//3825
f 3821//3821 3800//3800 3820//3820
f 3820//3820 3825//3825 3821//3821
f 3819//3819 3820//3820 3800//3800
f 3800//3800 3795//3795 3819//3819
f 3839//3839 3840//3840 3819//3819
f 3820//3820 3819//3819 3840//3840
f 3866//3866 3874//3874 3857//3857
f 3857//3857 3865//3865 3866//3866
f 3857//3857 3858//3858 3839//3839
f 3840//3840 3839//3839 3858//3858
f 3874//3874 3875//3875 3858//3858
f 3858//3858 3857//3857 3874//3874
f 3882//3882 3874//3874 3867//3867
f 3866//3866 3867//3867 3874//3874
f 3882//3882 3889//3889 3875//3875
f 3875//3875 3874//3874 3882//3882
f 3873//3873 3883//3883 3882//3882
f 3882//3882 3867//3867 3873//3873
f 3896//3896 3883//3883 3899//3899
f 3899//3899 3897//3897 3896//3896
f 3896//3896 3889//3889 3883//3883
f 3882//3882 3883//3883 3889//3889
f 3796//3796 3773//3773 3795//3795
f 3795//3795 3800//3800 3796//3796
f 3796//3796 3797//3797 3771//3771
f 3771//3771 3773//3773 3796//3796
f 3723//3723 3729//3729 3717//3717
f 3728//3728 3717//3717 3729//3729
f 3723//3723 3746//3746 3747//3747
f 3747//3747 3729//3729 3723//3723
f 3715//3715 3705//3705 3712//3712
f 3712//3712 3717//3717 3715//3715
f 3715//3715 3713//3713 3705//3705
f 3703//3703 3705//3705 3713//3713
f 332//332 3961//3961 3963//3963
f 3963//3963 334//334 332//332
f 3725//3725 3713//3713 3724//3724
f 3715//3715 3724//3724 3713//3713
f 3821//3821 3797//3797 3796//3796
f 3796//3796 3800//3800 3821//3821
f 3717//3717 3728//3728 3724//3724
f 3724//3724 3715//3715 3717//3717
f 2471//2471 3964//3964 2433//2433
f 3971//3971 2433//2433 3964//3964
f 3964//3964 3965//3965 3971//3971
f 3972//3972 3971//3971 3965//3965
f 3965//3965 3966//3966 3972//3972
f 3973//3973 3972//3972 3966//3966
f 3966//3966 3967//3967 3973//3973
f 3974//3974 3973//3973 3967//3967
f 3967//3967 3968//3968 3974//3974
f 3975//3975 3974//3974 3968//3968
f 3968//3968 3969//3969 3975//3975
f 3976//3976 3975//3975 3969//3969
f 3969//3969 3970//3970 3976//3976
f 3977//3977 3976//3976 3970//3970
f 3970//3970 3441//3441 3977//3977
f 3433//3433 3977//3977 3441//3441
f 2433//2433 3971//3971 2393//2393
f 3978//3978 2393//2393 3971//3971
f 3971//3971 3972//3972 3978//3978
f 3979//3979 3978//3978 3972//3972
f 3972//3972 3973//3973 3979//3979
f 3980//3980 3979//3979 3973//3973
f 3973//3973 3974//3974 3980//3980
f 3981//3981 3980//3980 3974//3974
f 3974//3974 3975//3975 3981//3981
f 3982//3982 3981//3981 3975//3975
f 3975//3975 3976//3976 3982//3982
f 3983//3983 3982//3982 3976//3976
f 3976//3976 3977//3977 3983//3983
f 3984//3984 3983//3983 3977//3977
f 3977//3977 3433//3433 3984//3984
f 3424//3424 3984//3984 3433//3433
f 2393//2393 3978//3978 2353//2353
f 3985//3985 2353//2353 3978//3978
f 3978//3978 3979//3979 3985//3985
f 3986//3986 3985//3985 3979//3979
f 3979//3979 3980//3980 3986//3986
f 3987//3987 3986//3986 3980//3980
f 3980//3980 3981//3981 3987//3987
f 3988//3988 3987//3987 3981//3981
f 3981//3981 3982//3982 3988//3988
f 3989//3989 3988//3988 3982//3982
f 3982//3982 3983//3983 3989//3989
f 3990//3990 3989//3989 3983//3983
f 3983//3983 3984//3984 3990//3990
f 3991//3991 3990//3990 3984//3984
f 3984//3984 3424//3424 3991//3991
f 3417//3417 3991//3991 3424//3424
f 2353//2353 3985//3985 237//237
f 249//249 237//237 3985//3985
f 3985//3985 3986//3986 249//249
f 259//259 249//249 3986//3986
f 3986//3986 3987//3987 259//259
f 267//267 259//259 3987//3987
f 3987//3987 3988//3988 267//267
f 273//273 267//267 3988//3988
f 3988//3988 3989//3989 273//273
f 274//274 273//273 3989//3989
f 3989//3989 3990//3990 274//274
f 275//275 274//274 3990//3990
f 3990//3990 3991//3991 275//275
f 276//276 275//275 3991//3991
f 3991//3991 3417//3417 276//276
f 277//277 276//276 3417//3417
f 603//603 629//629 3993//3993
f 3993//3993 3992//3992 603//603
f 629//629 655//655 3994//3994
f 3994//3994 3993//3993 629//629
f 655//655 691//691 3994//3994
f 1783//1783 3994//3994 691//691
f 3992//3992 3993//3993 3996//3996
f 3996//3996 3995//3995 3992//3992
f 3993//3993 3994//3994 3997//3997
f 3997//3997 3996//3996 3993//3993
f 3994//3994 1783//1783 3997//3997
f 1779//1779 3997//3997 1783//1783
f 3995//3995 3996//3996 3999//3999
f 3999//3999 3998//3998 3995//3995
f 3996//3996 3997//3997 4000//4000
f 4000//4000 3999//3999 3996//3996
f 3997//3997 1779//1779 4000//4000
f 1775//1775 4000//4000 1779//1779
f 3998//3998 3999//3999 4002//4002
f 4002//4002 4001//4001 3998//3998
f 3999//3999 4000//4000 4003//4003
f 4003//4003 4002//4002 3999//3999
f 4000//4000 1775//1775 4003//4003
f 1771//1771 4003//4003 1775//1775
f 4001//4001 4002//4002 4005//4005
f 4005//4005 4004//4004 4001//4001
f 4002//4002 4003//4003 4006//4006
f 4006//4006 4005//4005 4002//4002
f 4003//4003 1771//1771 4006//4006
f 1767//1767 4006//4006 1771//1771
f 4004//4004 4005//4005 4008//4008
f 4008//4008 4007//4007 4004//4004
f 4005//4005 4006//4006 4009//4009
f 4009//4009 4008//4008 4005//4005
f 4006//4006 1767//1767 4009//4009
f 1763//1763 4009//4009 1767//1767
f 4007//4007 4008//4008 4011//4011
f 4011//4011 4012//4012 4007//4007
f 4008//4008 4009//4009 4010//4010
f 4010//4010 4011//4011 4008//4008
f 4009//4009 1763//1763 4010//4010
f 1759//1759 4010//4010 1763//1763
f 4012//4012 4011//4011 4014//4014
f 4014//4014 4015//4015 4012//4012
f 4011//4011 4010//4010 4013//4013
f 4013//4013 4014//4014 4011//4011
f 4010//4010 1759//1759 4013//4013
f 1757//1757 4013//4013 1759//1759
f 4015//4015 4014//4014 4017//4017
f 4017//4017 4016//4016 4015//4015
f 4014//4014 4013//4013 4018//4018
f 4018//4018 4017//4017 4014//4014
f 4013//4013 1757//1757 4018//4018
f 1752//1752 4018//4018 1757//1757
f 4016//4016 4017//4017 4020//4020
f 4020//4020 4019//4019 4016//4016
f 4017//4017 4018//4018 4021//4021
f 4021//4021 4020//4020 4017//4017
f 4018//4018 1752//1752 4021//4021
f 1747//1747 4021//4021 1752//1752
f 4019//4019 4020//4020 4023//4023
f 4023//4023 4022//4022 4019//4019
f 4020//4020 4021//4021 4024//4024
f 4024//4024 4023//4023 4020//4020
f 4021//4021 1747//1747 4024//4024
f 1742//1742 4024//4024 1747//1747
f 4022//4022 4023//4023 4026//4026
f 4026//4026 4025//4025 4022//4022
f 4023//4023 4024//4024 4027//4027
f 4027//4027 4026//4026 4023//4023
f 4024//4024 1742//1742 4027//4027
f 1735//1735 4027//4027 1742//1742
f 4025//4025 4026//4026 4029//4029
f 4029//4029 4028//4028 4025//4025
f 4026//4026 4027//4027 4030//4030
f 4030//4030 4029//4029 4026//4026
f 4027//4027 1735//1735 4030//4030
f 1728//1728 4030//4030 1735//1735
f 4028//4028 4029//4029 4032//4032
f 4032//4032 4031//4031 4028//4028
f 4029//4029 4030//4030 4033//4033
f 4033//4033 4032//4032 4029//4029
f 4030//4030 1728//1728 4033//4033
f 1721//1721 4033//4033 1728//1728
f 4031//4031 4032//4032 4035//4035
f 4035//4035 4034//4034 4031//4031
f 4032//4032 4033//4033 4036//4036
f 4036//4036 4035//4035 4032//4032
f 4033//4033 1721//1721 4036//4036
f 1711//1711 4036//4036 1721//1721
f 4034//4034 4035//4035 4038//4038
f 4038//4038 4037//4037 4034//4034
f 4035//4035 4036//4036 4039//4039
f 4039//4039 4038//4038 4035//4035
f 4036//4036 1711//1711 4039//4039
f 1701//1701 4039//4039 1711//1711
f 4037//4037 4038//4038 4041//4041
f 4041//4041 4040//4040 4037//4037
f 4038//4038 4039//4039 4042//4042
f 4042//4042 4041//4041 4038//4038
f 4039//4039 1701//1701 4042//4042
f 1691//1691 4042//4042 1701//1701
f 4040//4040 4041//4041 4044//4044
f 4044//4044 4043//4043 4040//4040
f 4041//4041 4042//4042 4045//4045
f 4045//4045 4044//4044 4041//4041
f 4042//4042 1691//1691 4045//4045
f 1681//1681 4045//4045 1691//1691
f 4043//4043 4044//4044 4047//4047
f 4047//4047 4046//4046 4043//4043
f 4044//4044 4045//4045 4048//4048
f 4048//4048 4047//4047 4044//4044
f 4045//4045 1681//1681 4048//4048
f 1669//1669 4048//4048 1681//1681
f 4046//4046 4047//4047 4050//4050
f 4050//4050 4049//4049 4046//4046
f 4047//4047 4048//4048 4051//4051
f 4051//4051 4050//4050 4047//4047
f 4048//4048 1669//1669 4051//4051
f 1655//1655 4051//4051 1669//1669
f 4049//4049 4050//4050 4053//4053
f 4053//4053 4052//4052 4049//4049
f 4050//4050 4051//4051 4054//4054
f 4054//4054 4053//4053 4050//4050
f 4051//4051 1655//1655 4054//4054
f 1654//1654 4054//4054 1655//1655
f 4052//4052 4053//4053 4056//4056
f 4056//4056 4055//4055 4052//4052
f 4053//4053 4054//4054 4057//4057
f 4057//4057 4056//4056 4053//4053
f 4054//4054 1654//1654 4057//4057
f 1638//1638 4057//4057 1654//1654
f 4055//4055 4056//4056 2143//2143
f 2143//2143 2142//2142 4055//4055
f 4056//4056 4057//4057 2144//2144
f 2144//2144 2143//2143 4056//4056
f 4057//4057 1638//1638 2144//2144
f 1620//1620 2144//2144 1638//1638
f 548//548 547//547 4059//4059
f 4059//4059 4058//4058 548//548
f 547//547 557//557 4060//4060
f 4060//4060 4059//4059 547//547
f 557//557 580//580 4061//4061
f 4061//4061 4060//4060 557//557
f 580//580 603//603 3992//3992
f 3992//3992 4061//4061 580//580
f 4058//4058 4059//4059 4063//4063
f 4063//4063 4062//4062 4058//4058
f 4059//4059 4060//4060 4064//4064
f 4064//4064 4063//4063 4059//4059
f 4060//4060 4061//4061 4065//4065
f 4065//4065 4064//4064 4060//4060
f 4061//4061 3992//3992 3995//3995
f 3995//3995 4065//4065 4061//4061
f 4062//4062 4063//4063 4067//4067
f 4067//4067 4066//4066 4062//4062
f 4063//4063 4064//4064 4068//4068
f 4068//4068 4067//4067 4063//4063
f 4064//4064 4065//4065 4069//4069
f 4069//4069 4068//4068 4064//4064
f 4065//4065 3995//3995 3998//3998
f 3998//3998 4069//4069 4065//4065
f 4066//4066 4067//4067 4071//4071
f 4071//4071 4070//4070 4066//4066
f 4067//4067 4068//4068 4072//4072
f 4072//4072 4071//4071 4067//4067
f 4068//4068 4069//4069 4073//4073
f 4073//4073 4072//4072 4068//4068
f 4069//4069 3998//3998 4001//4001
f 4001//4001 4073//4073 4069//4069
f 4070//4070 4071//4071 4075//4075
f 4075//4075 4074//4074 4070//4070
f 4071//4071 4072//4072 4076//4076
f 4076//4076 4075//4075 4071//4071
f 4072//4072 4073//4073 4077//4077
f 4077//4077 4076//4076 4072//4072
f 4073//4073 4001//4001 4004//4004
f 4004//4004 4077//4077 4073//4073
f 4074//4074 4075//4075 4079//4079
f 4079//4079 4078//4078 4074//4074
f 4075//4075 4076//4076 4080//4080
f 4080//4080 4079//4079 4075//4075
f 4076//4076 4077//4077 4081//4081
f 4081//4081 4080//4080 4076//4076
f 4077//4077 4004//4004 4007//4007
f 4007//4007 4081//4081 4077//4077
f 4078//4078 4079//4079 4083//4083
f 4083//4083 4082//4082 4078//4078
f 4079//4079 4080//4080 4084//4084
f 4084//4084 4083//4083 4079//4079
f 4080//4080 4081//4081 4085//4085
f 4085//4085 4084//4084 4080//4080
f 4081//4081 4007//4007 4012//4012
f 4012//4012 4085//4085 4081//4081
f 4082//4082 4083//4083 4087//4087
f 4087//4087 4086//4086 4082//4082
f 4083//4083 4084//4084 4088//4088
f 4088//4088 4087//4087 4083//4083
f 4084//4084 4085//4085 4089//4089
f 4089//4089 4088//4088 4084//4084
f 4085//4085 4012//4012 4015//4015
f 4015//4015 4089//4089 4085//4085
f 4086//4086 4087//4087 4091//4091
f 4091//4091 4090//4090 4086//4086
f 4087//4087 4088//4088 4092//4092
f 4092//4092 4091//4091 4087//4087
f 4088//4088 4089//4089 4093//4093
f 4093//4093 4092//4092 4088//4088
f 4089//4089 4015//4015 4016//4016
f 4016//4016 4093//4093 4089//4089
f 4090//4090 4091//4091 4095//4095
f 4095//4095 4094//4094 4090//4090
f 4091//4091 4092//4092 4096//4096
f 4096//4096 4095//4095 4091//4091
f 4092//4092 4093//4093 4097//4097
f 4097//4097 4096//4096 4092//4092
f 4093//4093 4016//4016 4019//4019
f 4019//4019 4097//4097 4093//4093
f 4094//4094 4095//4095 4099//4099
f 4099//4099 4098//4098 4094//4094
f 4095//4095 4096//4096 4100//4100
f 4100//4100 4099//4099 4095//4095
f 4096//4096 4097//4097 4101//4101
f 4101//4101 4100//4100 4096//4096
f 4097//4097 4019//4019 4022//4022
f 4022//4022 4101//4101 4097//4097
f 4098//4098 4099//4099 4103//4103
f 4103//4103 4102//4102 4098//4098
f 4099//4099 4100//4100 4104//4104
f 4104//4104 4103//4103 4099//4099
f 4100//4100 4101//4101 4105//4105
f 4105//4105 4104//4104 4100//4100
f 4101//4101 4022//4022 4025//4025
f 4025//4025 4105//4105 4101//4101
f 4102//4102 4103//4103 4107//4107
f 4107//4107 4106//4106 4102//4102
f 4103//4103 4104//4104 4108//4108
f 4108//4108 4107//4107 4103//4103
f 4104//4104 4105//4105 4109//4109
f 4109//4109 4108//4108 4104//4104
f 4105//4105 4025//4025 4028//4028
f 4028//4028 4109//4109 4105//4105
f 4106//4106 4107//4107 4111//4111
f 4111//4111 4110//4110 4106//4106
f 4107//4107 4108//4108 4112//4112
f 4112//4112 4111//4111 4107//4107
f 4108//4108 4109//4109 4113//4113
f 4113//4113 4112//4112 4108//4108
f 4109//4109 4028//4028 4031//4031
f 4031//4031 4113//4113 4109//4109
f 4110//4110 4111//4111 4115//4115
f 4115//4115 4114//4114 4110//4110
f 4111//4111 4112//4112 4116//4116
f 4116//4116 4115//4115 4111//4111
f 4112//4112 4113//4113 4117//4117
f 4117//4117 4116//4116 4112//4112
f 4113//4113 4031//4031 4034//4034
f 4034//4034 4117//4117 4113//4113
f 4114//4114 4115//4115 4119//4119
f 4119//4119 4118//4118 4114//4114
f 4115//4115 4116//4116 4120//4120
f 4120//4120 4119//4119 4115//4115
f 4116//4116 4117//4117 4121//4121
f 4121//4121 4120//4120 4116//4116
f 4117//4117 4034//4034 4037//4037
f 4037//4037 4121//4121 4117//4117
f 4118//4118 4119//4119 4123//4123
f 4123//4123 4122//4122 4118//4118
f 4119//4119 4120//4120 4124//4124
f 4124//4124 4123//4123 4119//4119
f 4120//4120 4121//4121 4125//4125
f 4125//4125 4124//4124 4120//4120
f 4121//4121 4037//4037 4040//4040
f 4040//4040 4125//4125 4121//4121
f 4122//4122 4123//4123 4127//4127
f 4127//4127 4126//4126 4122//4122
f 4123//4123 4124//4124 4128//4128
f 4128//4128 4127//4127 4123//4123
f 4124//4124 4125//4125 4129//4129
f 4129//4129 4128//4128 4124//4124
f 4125//4125 4040//4040 4043//4043
f 4043//4043 4129//4129 4125//4125
f 4126//4126 4127//4127 4131//4131
f 4131//4131 4130//4130 4126//4126
f 4127//4127 4128//4128 4132//4132
f 4132//4132 4131//4131 4127//4127
f 4128//4128 4129//4129 4133//4133
f 4133//4133 4132//4132 4128//4128
f 4129//4129 4043//4043 4046//4046
f 4046//4046 4133//4133 4129//4129
f 4130//4130 4131//4131 4135//4135
f 4135//4135 4134//4134 4130//4130
f 4131//4131 4132//4132 4136//4136
f 4136//4136 4135//4135 4131//4131
f 4132//4132 4133//4133 4137//4137
f 4137//4137 4136//4136 4132//4132
f 4133//4133 4046//4046 4049//4049
f 4049//4049 4137//4137 4133//4133
f 4134//4134 4135//4135 4139//4139
f 4139//4139 4138//4138 4134//4134
f 4135//4135 4136//4136 4140//4140
f 4140//4140 4139//4139 4135//4135
f 4136//4136 4137//4137 4141//4141
f 4141//4141 4140//4140 4136//4136
f 4137//4137 4049//4049 4052//4052
f 4052//4052 4141//4141 4137//4137
f 4138//4138 4139//4139 4143//4143
f 4143//4143 4142//4142 4138//4138
f 4139//4139 4140//4140 4144//4144
f 4144//4144 4143//4143 4139//4139
f 4140//4140 4141//4141 4145//4145
f 4145//4145 4144//4144 4140//4140
f 4141//4141 4052//4052 4055//4055
f 4055//4055 4145//4145 4141//4141
f 4142//4142 4143//4143 2061//2061
f 2061//2061 2023//2023 4142//4142
f 4143//4143 4144//4144 2102//2102
f 2102//2102 2061//2061 4143//4143
f 4144//4144 4145//4145 2141//2141
f 2141//2141 2102//2102 4144//4144
f 4145//4145 4055//4055 2142//2142
f 2142//2142 2141//2141 4145//4145
f 554//554 553//553 4147//4147
f 4147//4147 4146//4146 554//554
f 553//553 552//552 4148//4148
f 4148//4148 4147//4147 553//553
f 552//552 551//551 4149//4149
f 4149//4149 4148//4148 552//552
f 551//551 550//550 4150//4150
f 4150//4150 4149//4149 551//551
f 550//550 549//549 4151//4151
f 4151//4151 4150//4150 550//550
f 549//549 548//548 4058//4058
f 4058//4058 4151//4151 549//549
f 4146//4146 4147//4147 4153//4153
f 4153//4153 4152//4152 4146//4146
f 4147//4147 4148//4148 4154//4154
f 4154//4154 4153//4153 4147//4147
f 4148//4148 4149//4149 4155//4155
f 4155//4155 4154//4154 4148//4148
f 4149//4149 4150//4150 4156//4156
f 4156//4156 4155//4155 4149//4149
f 4150//4150 4151//4151 4157//4157
f 4157//4157 4156//4156 4150//4150
f 4151//4151 4058//4058 4062//4062
f 4062//4062 4157//4157 4151//4151
f 4152//4152 4153//4153 4159//4159
f 4159//4159 4158//4158 4152//4152
f 4153//4153 4154//4154 4160//4160
f 4160//4160 4159//4159 4153//4153
f 4154//4154 4155//4155 4161//4161
f 4161//4161 4160//4160 4154//4154
f 4155//4155 4156//4156 4162//4162
f 4162//4162 4161//4161 4155//4155
f 4156//4156 4157//4157 4163//4163
f 4163//4163 4162//4162 4156//4156
f 4157//4157 4062//4062 4066//4066
f 4066//4066 4163//4163 4157//4157
f 4158//4158 4159//4159 4165//4165
f 4165//4165 4164//4164 4158//4158
f 4159//4159 4160//4160 4166//4166
f 4166//4166 4165//4165 4159//4159
f 4160//4160 4161//4161 4167//4167
f 4167//4167 4166//4166 4160//4160
f 4161//4161 4162//4162 4168//4168
f 4168//4168 4167//4167 4161//4161
f 4162//4162 4163//4163 4169//4169
f 4169//4169 4168//4168 4162//4162
f 4163//4163 4066//4066 4070//4070
f 4070//4070 4169//4169 4163//4163
f 4164//4164 4165//4165 4171//4171
f 4171//4171 4170//4170 4164//4164
f 4165//4165 4166//4166 4172//4172
f 4172//4172 4171//4171 4165//4165
f 4166//4166 4167//4167 4173//4173
f 4173//4173 4172//4172 4166//4166
f 4167//4167 4168//4168 4174//4174
f 4174//4174 4173//4173 4167//4167
f 4168//4168 4169//4169 4175//4175
f 4175//4175 4174//4174 4168//4168
f 4169//4169 4070//4070 4074//4074
f 4074//4074 4175//4175 4169//4169
f 4170//4170 4171//4171 4177//4177
f 4177//4177 4176//4176 4170//4170
f 4171//4171 4172//4172 4178//4178
f 4178//4178 4177//4177 4171//4171
f 4172//4172 4173//4173 4179//4179
f 4179//4179 4178//4178 4172//4172
f 4173//4173 4174//4174 4180//4180
f 4180//4180 4179//4179 4173//4173
f 4174//4174 4175//4175 4181//4181
f 4181//4181 4180//4180 4174//4174
f 4175//4175 4074//4074 4078//4078
f 4078//4078 4181//4181 4175//4175
f 4176//4176 4177//4177 4183//4183
f 4183//4183 4182//4182 4176//4176
f 4177//4177 4178//4178 4184//4184
f 4184//4184 4183//4183 4177//4177
f 4178//4178 4179//4179 4185//4185
f 4185//4185 4184//4184 4178//4178
f 4179//4179 4180//4180 4186//4186
f 4186//4186 4185//4185 4179//4179
f 4180//4180 4181//4181 4187//4187
f 4187//4187 4186//4186 4180//4180
f 4181//4181 4078//4078 4082//4082
f 4082//4082 4187//4187 4181//4181
f 4182//4182 4183//4183 4189//4189
f 4189//4189 4188//4188 4182//4182
f 4183//4183 4184//4184 4190//4190
f 4190//4190 4189//4189 4183//4183
f 4184//4184 4185//4185 4191//4191
f 4191//4191 4190//4190 4184//4184
f 4185//4185 4186//4186 4192//4192
f 4192//4192 4191//4191 4185//4185
f 4186//4186 4187//4187 4193//4193
f 4193//4193 4192//4192 4186//4186
f 4187//4187 4082//4082 4086//4086
f 4086//4086 4193//4193 4187//4187
f 4188//4188 4189//4189 4195//4195
f 4195//4195 4194//4194 4188//4188
f 4189//4189 4190//4190 4196//4196
f 4196//4196 4195//4195 4189//4189
f 4190//4190 4191//4191 4197//4197
f 4197//4197 4196//4196 4190//4190
f 4191//4191 4192//4192 4198//4198
f 4198//4198 4197//4197 4191//4191
f 4192//4192 4193//4193 4199//4199
f 4199//4199 4198//4198 4192//4192
f 4193//4193 4086//4086 4090//4090
f 4090//4090 4199//4199 4193//4193
f 4194//4194 4195//4195 4201//4201
f 4201//4201 4200//4200 4194//4194
f 4195//4195 4196//4196 4202//4202
f 4202//4202 4201//4201 4195//4195
f 4196//4196 4197//4197 4203//4203
f 4203//4203 4202//4202 4196//4196
f 4197//4197 4198//4198 4204//4204
f 4204//4204 4203//4203 4197//4197
f 4198//4198 4199//4199 4205//4205
f 4205//4205 4204//4204 4198//4198
f 4199//4199 4090//4090 4094//4094
f 4094//4094 4205//4205 4199//4199
f 4200//4200 4201//4201 4207//4207
f 4207//4207 4206//4206 4200//4200
f 4201//4201 4202//4202 4208//4208
f 4208//4208 4207//4207 4201//4201
f 4202//4202 4203//4203 4209//4209
f 4209//4209 4208//4208 4202//4202
f 4203//4203 4204//4204 4210//4210
f 4210//4210 4209//4209 4203//4203
f 4204//4204 4205//4205 4211//4211
f 4211//4211 4210//4210 4204//4204
f 4205//4205 4094//4094 4098//4098
f 4098//4098 4211//4211 4205//4205
f 4206//4206 4207//4207 4213//4213
f 4213//4213 4212//4212 4206//4206
f 4207//4207 4208//4208 4214//4214
f 4214//4214 4213//4213 4207//4207
f 4208//4208 4209//4209 4215//4215
f 4215//4215 4214//4214 4208//4208
f 4209//4209 4210//4210 4216//4216
f 4216//4216 4215//4215 4209//4209
f 4210//4210 4211//4211 4217//4217
f 4217//4217 4216//4216 4210//4210
f 4211//4211 4098//4098 4102//4102
f 4102//4102 4217//4217 4211//4211
f 4212//4212 4213//4213 4219//4219
f 4219//4219 4218//4218 4212//4212
f 4213//4213 4214//4214 4220//4220
f 4220//4220 4219//4219 4213//4213
f 4214//4214 4215//4215 4221//4221
f 4221//4221 4220//4220 4214//4214
f 4215//4215 4216//4216 4222//4222
f 4222//4222 4221//4221 4215//4215
f 4216//4216 4217//4217 4223//4223
f 4223//4223 4222//4222 4216//4216
f 4217//4217 4102//4102 4106//4106
f 4106//4106 4223//4223 4217//4217
f 4218//4218 4219//4219 4225//4225
f 4225//4225 4224//4224 4218//4218
f 4219//4219 4220//4220 4226//4226
f 4226//4226 4225//4225 4219//4219
f 4220//4220 4221//4221 4227//4227
f 4227//4227 4226//4226 4220//4220
f 4221//4221 4222//4222 4228//4228
f 4228//4228 4227//4227 4221//4221
f 4222//4222 4223//4223 4229//4229
f 4229//4229 4228//4228 4222//4222
f 4223//4223 4106//4106 4110//4110
f 4110//4110 4229//4229 4223//4223
f 4224//4224 4225//4225 4231//4231
f 4231//4231 4230//4230 4224//4224
f 4225//4225 4226//4226 4232//4232
f 4232//4232 4231//4231 4225//4225
f 4226//4226 4227//4227 4233//4233
f 4233//4233 4232//4232 4226//4226
f 4227//4227 4228//4228 4234//4234
f 4234//4234 4233//4233 4227//4227
f 4228//4228 4229//4229 4235//4235
f 4235//4235 4234//4234 4228//4228
f 4229//4229 4110//4110 4114//4114
f 4114//4114 4235//4235 4229//4229
f 4230//4230 4231//4231 4237//4237
f 4237//4237 4236//4236 4230//4230
f 4231//4231 4232//4232 4238//4238
f 4238//4238 4237//4237 4231//4231
f 4232//4232 4233//4233 4239//4239
f 4239//4239 4238//4238 4232//4232
f 4233//4233 4234//4234 4240//4240
f 4240//4240 4239//4239 4233//4233
f 4234//4234 4235//4235 4241//4241
f 4241//4241 4240//4240 4234//4234
f 4235//4235 4114//4114 4118//4118
f 4118//4118 4241//4241 4235//4235
f 4236//4236 4237//4237 4243//4243
f 4243//4243 4242//4242 4236//4236
f 4237//4237 4238//4238 4244//4244
f 4244//4244 4243//4243 4237//4237
f 4238//4238 4239//4239 4245//4245
f 4245//4245 4244//4244 4238//4238
f 4239//4239 4240//4240 4246//4246
f 4246//4246 4245//4245 4239//4239
f 4240//4240 4241//4241 4247//4247
f 4247//4247 4246//4246 4240//4240
f 4241//4241 4118//4118 4122//4122
f 4122//4122 4247//4247 4241//4241
f 4242//4242 4243//4243 4249//4249
f 4249//4249 4248//4248 4242//4242
f 4243//4243 4244//4244 4250//4250
f 4250//4250 4249//4249 4243//4243
f 4244//4244 4245//4245 4251//4251
f 4251//4251 4250//4250 4244//4244
f 4245//4245 4246//4246 4252//4252
f 4252//4252 4251//4251 4245//4245
f 4246//4246 4247//4247 4253//4253
f 4253//4253 4252//4252 4246//4246
f 4247//4247 4122//4122 4126//4126
f 4126//4126 4253//4253 4247//4247
f 4248//4248 4249//4249 4255//4255
f 4255//4255 4254//4254 4248//4248
f 4249//4249 4250//4250 4256//4256
f 4256//4256 4255//4255 4249//4249
f 4250//4250 4251//4251 4257//4257
f 4257//4257 4256//4256 4250//4250
f 4251//4251 4252//4252 4258//4258
f 4258//4258 4257//4257 4251//4251
f 4252//4252 4253//4253 4259//4259
f 4259//4259 4258//4258 4252//4252
f 4253//4253 4126//4126 4130//4130
f 4130//4130 4259//4259 4253//4253
f 4254//4254 4255//4255 4261//4261
f 4261//4261 4260//4260 4254//4254
f 4255//4255 4256//4256 4262//4262
f 4262//4262 4261//4261 4255//4255
f 4256//4256 4257//4257 4263//4263
f 4263//4263 4262//4262 4256//4256
f 4257//4257 4258//4258 4264//4264
f 4264//4264 4263//4263 4257//4257
f 4258//4258 4259//4259 4265//4265
f 4265//4265 4264//4264 4258//4258
f 4259//4259 4130//4130 4134//4134
f 4134//4134 4265//4265 4259//4259
f 4260//4260 4261//4261 4267//4267
f 4267//4267 4266//4266 4260//4260
f 4261//4261 4262//4262 4268//4268
f 4268//4268 4267//4267 4261//4261
f 4262//4262 4263//4263 4269//4269
f 4269//4269 4268//4268 4262//4262
f 4263//4263 4264//4264 4270//4270
f 4270//4270 4269//4269 4263//4263
f 4264//4264 4265//4265 4271//4271
f 4271//4271 4270//4270 4264//4264
f 4265//4265 4134//4134 4138//4138
f 4138//4138 4271//4271 4265//4265
f 4266//4266 4267//4267 4273//4273
f 4273//4273 4272//4272 4266//4266
f 4267//4267 4268//4268 4274//4274
f 4274//4274 4273//4273 4267//4267
f 4268//4268 4269//4269 4275//4275
f 4275//4275 4274//4274 4268//4268
f 4269//4269 4270//4270 4276//4276
f 4276//4276 4275//4275 4269//4269
f 4270//4270 4271//4271 4277//4277
f 4277//4277 4276//4276 4270//4270
f 4271//4271 4138//4138 4142//4142
f 4142//4142 4277//4277 4271//4271
f 4272//4272 4273//4273 1913//1913
f 1913//1913 1908//1908 4272//4272
f 4273//4273 4274//4274 1920//1920
f 1920//1920 1913//1913 4273//4273
f 4274//4274 4275//4275 1937//1937
f 1937//1937 1920//1920 4274//4274
f 4275//4275 4276//4276 1959//1959
f 1959//1959 1937//1937 4275//4275
f 4276//4276 4277//4277 1984//1984
f 1984//1984 1959//1959 4276//4276
f 4277//4277 4142//4142 2023//2023
f 2023//2023 1984//1984 4277//4277
f 590//590 567//567 4279//4279
f 4279//4279 4278//4278 590//590
f 567//567 556//556 4280//4280
f 4280//4280 4279//4279 567//567
f 556//556 555//555 4281//4281
f 4281//4281 4280//4280 556//556
f 555//555 554//554 4146//4146
f 4146//4146 4281//4281 555//555
f 4278//4278 4279//4279 4283//4283
f 4283//4283 4282//4282 4278//4278
f 4279//4279 4280//4280 4284//4284
f 4284//4284 4283//4283 4279//4279
f 4280//4280 4281//4281 4285//4285
f 4285//4285 4284//4284 4280//4280
f 4281//4281 4146//4146 4152//4152
f 4152//4152 4285//4285 4281//4281
f 4282//4282 4283//4283 4287//4287
f 4287//4287 4286//4286 4282//4282
f 4283//4283 4284//4284 4288//4288
f 4288//4288 4287//4287 4283//4283
f 4284//4284 4285//4285 4289//4289
f 4289//4289 4288//4288 4284//4284
f 4285//4285 4152//4152 4158//4158
f 4158//4158 4289//4289 4285//4285
f 4286//4286 4287//4287 4291//4291
f 4291//4291 4290//4290 4286//4286
f 4287//4287 4288//4288 4292//4292
f 4292//4292 4291//4291 4287//4287
f 4288//4288 4289//4289 4293//4293
f 4293//4293 4292//4292 4288//4288
f 4289//4289 4158//4158 4164//4164
f 4164//4164 4293//4293 4289//4289
f 4290//4290 4291//4291 4295//4295
f 4295//4295 4294//4294 4290//4290
f 4291//4291 4292//4292 4296//4296
f 4296//4296 4295//4295 4291//4291
f 4292//4292 4293//4293 4297//4297
f 4297//4297 4296//4296 4292//4292
f 4293//4293 4164//4164 4170//4170
f 4170//4170 4297//4297 4293//4293
f 4294//4294 4295//4295 4299//4299
f 4299//4299 4298//4298 4294//4294
f 4295//4295 4296//4296 4300//4300
f 4300//4300 4299//4299 4295//4295
f 4296//4296 4297//4297 4301//4301
f 4301//4301 4300//4300 4296//4296
f 4297//4297 4170//4170 4176//4176
f 4176//4176 4301//4301 4297//4297
f 4298//4298 4299//4299 4303//4303
f 4303//4303 4302//4302 4298//4298
f 4299//4299 4300//4300 4304//4304
f 4304//4304 4303//4303 4299//4299
f 4300//4300 4301//4301 4305//4305
f 4305//4305 4304//4304 4300//4300
f 4301//4301 4176//4176 4182//4182
f 4182//4182 4305//4305 4301//4301
f 4302//4302 4303//4303 4307//4307
f 4307//4307 4306//4306 4302//4302
f 4303//4303 4304//4304 4308//4308
f 4308//4308 4307//4307 4303//4303
f 4304//4304 4305//4305 4309//4309
f 4309//4309 4308//4308 4304//4304
f 4305//4305 4182//4182 4188//4188
f 4188//4188 4309//4309 4305//4305
f 4306//4306 4307//4307 4311//4311
f 4311//4311 4310//4310 4306//4306
f 4307//4307 4308//4308 4312//4312
f 4312//4312 4311//4311 4307//4307
f 4308//4308 4309//4309 4313//4313
f 4313//4313 4312//4312 4308//4308
f 4309//4309 4188//4188 4194//4194
f 4194//4194 4313//4313 4309//4309
f 4310//4310 4311//4311 4315//4315
f 4315//4315 4314//4314 4310//4310
f 4311//4311 4312//4312 4316//4316
f 4316//4316 4315//4315 4311//4311
f 4312//4312 4313//4313 4317//4317
f 4317//4317 4316//4316 4312//4312
f 4313//4313 4194//4194 4200//4200
f 4200//4200 4317//4317 4313//4313
f 4314//4314 4315//4315 4319//4319
f 4319//4319 4318//4318 4314//4314
f 4315//4315 4316//4316 4320//4320
f 4320//4320 4319//4319 4315//4315
f 4316//4316 4317//4317 4321//4321
f 4321//4321 4320//4320 4316//4316
f 4317//4317 4200//4200 4206//4206
f 4206//4206 4321//4321 4317//4317
f 4318//4318 4319//4319 4323//4323
f 4323//4323 4322//4322 4318//4318
f 4319//4319 4320//4320 4324//4324
f 4324//4324 4323//4323 4319//4319
f 4320//4320 4321//4321 4325//4325
f 4325//4325 4324//4324 4320//4320
f 4321//4321 4206//4206 4212//4212
f 4212//4212 4325//4325 4321//4321
f 4322//4322 4323//4323 4327//4327
f 4327//4327 4326//4326 4322//4322
f 4323//4323 4324//4324 4328//4328
f 4328//4328 4327//4327 4323//4323
f 4324//4324 4325//4325 4329//4329
f 4329//4329 4328//4328 4324//4324
f 4325//4325 4212//4212 4218//4218
f 4218//4218 4329//4329 4325//4325
f 4326//4326 4327//4327 4331//4331
f 4331//4331 4330//4330 4326//4326
f 4327//4327 4328//4328 4332//4332
f 4332//4332 4331//4331 4327//4327
f 4328//4328 4329//4329 4333//4333
f 4333//4333 4332//4332 4328//4328
f 4329//4329 4218//4218 4224//4224
f 4224//4224 4333//4333 4329//4329
f 4330//4330 4331//4331 4335//4335
f 4335//4335 4334//4334 4330//4330
f 4331//4331 4332//4332 4336//4336
f 4336//4336 4335//4335 4331//4331
f 4332//4332 4333//4333 4337//4337
f 4337//4337 4336//4336 4332//4332
f 4333//4333 4224//4224 4230//4230
f 4230//4230 4337//4337 4333//4333
f 4334//4334 4335//4335 4339//4339
f 4339//4339 4338//4338 4334//4334
f 4335//4335 4336//4336 4340//4340
f 4340//4340 4339//4339 4335//4335
f 4336//4336 4337//4337 4341//4341
f 4341//4341 4340//4340 4336//4336
f 4337//4337 4230//4230 4236//4236
f 4236//4236 4341//4341 4337//4337
f 4338//4338 4339//4339 4343//4343
f 4343//4343 4342//4342 4338//4338
f 4339//4339 4340//4340 4344//4344
f 4344//4344 4343//4343 4339//4339
f 4340//4340 4341//4341 4345//4345
f 4345//4345 4344//4344 4340//4340
f 4341//4341 4236//4236 4242//4242
f 4242//4242 4345//4345 4341//4341
f 4342//4342 4343//4343 4347//4347
f 4347//4347 4346//4346 4342//4342
f 4343//4343 4344//4344 4348//4348
f 4348//4348 4347//4347 4343//4343
f 4344//4344 4345//4345 4349//4349
f 4349//4349 4348//4348 4344//4344
f 4345//4345 4242//4242 4248//4248
f 4248//4248 4349//4349 4345//4345
f 4346//4346 4347//4347 4351//4351
f 4351//4351 4350//4350 4346//4346
f 4347//4347 4348//4348 4352//4352
f 4352//4352 4351//4351 4347//4347
f 4348//4348 4349//4349 4353//4353
f 4353//4353 4352//4352 4348//4348
f 4349//4349 4248//4248 4254//4254
f 4254//4254 4353//4353 4349//4349
f 4350//4350 4351//4351 4355//4355
f 4355//4355 4354//4354 4350//4350
f 4351//4351 4352//4352 4356//4356
f 4356//4356 4355//4355 4351//4351
f 4352//4352 4353//4353 4357//4357
f 4357//4357 4356//4356 4352//4352
f 4353//4353 4254//4254 4260//4260
f 4260//4260 4357//4357 4353//4353
f 4354//4354 4355//4355 4359//4359
f 4359//4359 4358//4358 4354//4354
f 4355//4355 4356//4356 4360//4360
f 4360//4360 4359//4359 4355//4355
f 4356//4356 4357//4357 4361//4361
f 4361//4361 4360//4360 4356//4356
f 4357//4357 4260//4260 4266//4266
f 4266//4266 4361//4361 4357//4357
f 4358//4358 4359//4359 4363//4363
f 4363//4363 4362//4362 4358//4358
f 4359//4359 4360//4360 4364//4364
f 4364//4364 4363//4363 4359//4359
f 4360//4360 4361//4361 4365//4365
f 4365//4365 4364//4364 4360//4360
f 4361//4361 4266//4266 4272//4272
f 4272//4272 4365//4365 4361//4361
f 4362//4362 4363//4363 1919//1919
f 1919//1919 1928//1928 4362//4362
f 4363//4363 4364//4364 1919//1919
f 1912//1912 1919//1919 4364//4364
f 4364//4364 4365//4365 1912//1912
f 1907//1907 1912//1912 4365//4365
f 4365//4365 4272//4272 1907//1907
f 1908//1908 1907//1907 4272//4272
f 1993//1993 4366//4366 4388//4388
f 4388//4388 1973//1973 1993//1993
f 4366//4366 4367//4367 4388//4388
f 4389//4389 4388//4388 4367//4367
f 4367//4367 4368//4368 4389//4389
f 4390//4390 4389//4389 4368//4368
f 4368//4368 4369//4369 4390//4390
f 4391//4391 4390//4390 4369//4369
f 4369//4369 4370//4370 4391//4391
f 4392//4392 4391//4391 4370//4370
f 4370//4370 4371//4371 4392//4392
f 4393//4393 4392//4392 4371//4371
f 4371//4371 4372//4372 4393//4393
f 4394//4394 4393//4393 4372//4372
f 4372//4372 4373//4373 4394//4394
f 4395//4395 4394//4394 4373//4373
f 4373//4373 4374//4374 4395//4395
f 4396//4396 4395//4395 4374//4374
f 4374//4374 4375//4375 4396//4396
f 4397//4397 4396//4396 4375//4375
f 4375//4375 4376//4376 4397//4397
f 4398//4398 4397//4397 4376//4376
f 4376//4376 4377//4377 4398//4398
f 4399//4399 4398//4398 4377//4377
f 4377//4377 4378//4378 4399//4399
f 4400//4400 4399//4399 4378//4378
f 4378//4378 4379//4379 4400//4400
f 4401//4401 4400//4400 4379//4379
f 4379//4379 4380//4380 4401//4401
f 4402//4402 4401//4401 4380//4380
f 4380//4380 4381//4381 4402//4402
f 4403//4403 4402//4402 4381//4381
f 4381//4381 4382//4382 4403//4403
f 4404//4404 4403//4403 4382//4382
f 4382//4382 4383//4383 4404//4404
f 4405//4405 4404//4404 4383//4383
f 4383//4383 4384//4384 4405//4405
f 4406//4406 4405//4405 4384//4384
f 4384//4384 4385//4385 4406//4406
f 4407//4407 4406//4406 4385//4385
f 4385//4385 4386//4386 4407//4407
f 4408//4408 4407//4407 4386//4386
f 4386//4386 4387//4387 4408//4408
f 4409//4409 4408//4408 4387//4387
f 4387//4387 767//767 4409//4409
f 734//734 4409//4409 767//767
f 1973//1973 4388//4388 4410//4410
f 4410//4410 1950//1950 1973//1973
f 4388//4388 4389//4389 4410//4410
f 4411//4411 4410//4410 4389//4389
f 4389//4389 4390//4390 4411//4411
f 4412//4412 4411//4411 4390//4390
f 4390//4390 4391//4391 4412//4412
f 4413//4413 4412//4412 4391//4391
f 4391//4391 4392//4392 4413//4413
f 4414//4414 4413//4413 4392//4392
f 4392//4392 4393//4393 4414//4414
f 4415//4415 4414//4414 4393//4393
f 4393//4393 4394//4394 4415//4415
f 4416//4416 4415//4415 4394//4394
f 4394//4394 4395//4395 4416//4416
f 4417//4417 4416//4416 4395//4395
f 4395//4395 4396//4396 4417//4417
f 4418//4418 4417//4417 4396//4396
f 4396//4396 4397//4397 4418//4418
f 4419//4419 4418//4418 4397//4397
f 4397//4397 4398//4398 4419//4419
f 4420//4420 4419//4419 4398//4398
f 4398//4398 4399//4399 4420//4420
f 4421//4421 4420//4420 4399//4399
f 4399//4399 4400//4400 4421//4421
f 4422//4422 4421//4421 4400//4400
f 4400//4400 4401//4401 4422//4422
f 4423//4423 4422//4422 4401//4401
f 4401//4401 4402//4402 4423//4423
f 4424//4424 4423//4423 4402//4402
f 4402//4402 4403//4403 4424//4424
f 4425//4425 4424//4424 4403//4403
f 4403//4403 4404//4404 4425//4425
f 4426//4426 4425//4425 4404//4404
f 4404//4404 4405//4405 4426//4426
f 4427//4427 4426//4426 4405//4405
f 4405//4405 4406//4406 4427//4427
f 4428//4428 4427//4427 4406//4406
f 4406//4406 4407//4407 4428//4428
f 4429//4429 4428//4428 4407//4407
f 4407//4407 4408//4408 4429//4429
f 4430//4430 4429//4429 4408//4408
f 4408//4408 4409//4409 4430//4430
f 4431//4431 4430//4430 4409//4409
f 4409//4409 734//734 4431//4431
f 699//699 4431//4431 734//734
f 1950//1950 4410//4410 4432//4432
f 4432//4432 1949//1949 1950//1950
f 4410//4410 4411//4411 4432//4432
f 4433//4433 4432//4432 4411//4411
f 4411//4411 4412//4412 4433//4433
f 4434//4434 4433//4433 4412//4412
f 4412//4412 4413//4413 4434//4434
f 4435//4435 4434//4434 4413//4413
f 4413//4413 4414//4414 4435//4435
f 4436//4436 4435//4435 4414//4414
f 4414//4414 4415//4415 4436//4436
f 4437//4437 4436//4436 4415//4415
f 4415//4415 4416//4416 4437//4437
f 4438//4438 4437//4437 4416//4416
f 4416//4416 4417//4417 4438//4438
f 4439//4439 4438//4438 4417//4417
f 4417//4417 4418//4418 4439//4439
f 4440//4440 4439//4439 4418//4418
f 4418//4418 4419//4419 4440//4440
f 4441//4441 4440//4440 4419//4419
f 4419//4419 4420//4420 4441//4441
f 4442//4442 4441//4441 4420//4420
f 4420//4420 4421//4421 4442//4442
f 4443//4443 4442//4442 4421//4421
f 4421//4421 4422//4422 4443//4443
f 4444//4444 4443//4443 4422//4422
f 4422//4422 4423//4423 4444//4444
f 4445//4445 4444//4444 4423//4423
f 4423//4423 4424//4424 4445//4445
f 4446//4446 4445//4445 4424//4424
f 4424//4424 4425//4425 4446//4446
f 4447//4447 4446//4446 4425//4425
f 4425//4425 4426//4426 4447//4447
f 4448//4448 4447//4447 4426//4426
f 4426//4426 4427//4427 4448//4448
f 4449//4449 4448//4448 4427//4427
f 4427//4427 4428//4428 4449//4449
f 4450//4450 4449//4449 4428//4428
f 4428//4428 4429//4429 4450//4450
f 4451//4451 4450//4450 4429//4429
f 4429//4429 4430//4430 4451//4451
f 4452//4452 4451//4451 4430//4430
f 4430//4430 4431//4431 4452//4452
f 4453//4453 4452//4452 4431//4431
f 4431//4431 699//699 4453//4453
f 663//663 4453//4453 699//699
f 1949//1949 4432//4432 4454//4454
f 4454//4454 1948//1948 1949//1949
f 4432//4432 4433//4433 4454//4454
f 4455//4455 4454//4454 4433//4433
f 4433//4433 4434//4434 4455//4455
f 4456//4456 4455//4455 4434//4434
f 4434//4434 4435//4435 4456//4456
f 4457//4457 4456//4456 4435//4435
f 4435//4435 4436//4436 4457//4457
f 4458//4458 4457//4457 4436//4436
f 4436//4436 4437//4437 4458//4458
f 4459//4459 4458//4458 4437//4437
f 4437//4437 4438//4438 4459//4459
f 4460//4460 4459//4459 4438//4438
f 4438//4438 4439//4439 4460//4460
f 4461//4461 4460//4460 4439//4439
f 4439//4439 4440//4440 4461//4461
f 4462//4462 4461//4461 4440//4440
f 4440//4440 4441//4441 4462//4462
f 4463//4463 4462//4462 4441//4441
f 4441//4441 4442//4442 4463//4463
f 4464//4464 4463//4463 4442//4442
f 4442//4442 4443//4443 4464//4464
f 4465//4465 4464//4464 4443//4443
f 4443//4443 4444//4444 4465//4465
f 4466//4466 4465//4465 4444//4444
f 4444//4444 4445//4445 4466//4466
f 4467//4467 4466//4466 4445//4445
f 4445//4445 4446//4446 4467//4467
f 4468//4468 4467//4467 4446//4446
f 4446//4446 4447//4447 4468//4468
f 4469//4469 4468//4468 4447//4447
f 4447//4447 4448//4448 4469//4469
f 4470//4470 4469//4469 4448//4448
f 4448//4448 4449//4449 4470//4470
f 4471//4471 4470//4470 4449//4449
f 4449//4449 4450//4450 4471//4471
f 4472//4472 4471//4471 4450//4450
f 4450//4450 4451//4451 4472//4472
f 4473//4473 4472//4472 4451//4451
f 4451//4451 4452//4452 4473//4473
f 4474//4474 4473//4473 4452//4452
f 4452//4452 4453//4453 4474//4474
f 4475//4475 4474//4474 4453//4453
f 4453//4453 663//663 4475//4475
f 636//636 4475//4475 663//663
f 1948//1948 4454//4454 4476//4476
f 4476//4476 1947//1947 1948//1948
f 4454//4454 4455//4455 4476//4476
f 4477//4477 4476//4476 4455//4455
f 4455//4455 4456//4456 4477//4477
f 4478//4478 4477//4477 4456//4456
f 4456//4456 4457//4457 4478//4478
f 4479//4479 4478//4478 4457//4457
f 4457//4457 4458//4458 4479//4479
f 4480//4480 4479//4479 4458//4458
f 4458//4458 4459//4459 4480//4480
f 4481//4481 4480//4480 4459//4459
f 4459//4459 4460//4460 4481//4481
f 4482//4482 4481//4481 4460//4460
f 4460//4460 4461//4461 4482//4482
f 4483//4483 4482//4482 4461//4461
f 4461//4461 4462//4462 4483//4483
f 4484//4484 4483//4483 4462//4462
f 4462//4462 4463//4463 4484//4484
f 4485//4485 4484//4484 4463//4463
f 4463//4463 4464//4464 4485//4485
f 4486//4486 4485//4485 4464//4464
f 4464//4464 4465//4465 4486//4486
f 4487//4487 4486//4486 4465//4465
f 4465//4465 4466//4466 4487//4487
f 4488//4488 4487//4487 4466//4466
f 4466//4466 4467//4467 4488//4488
f 4489//4489 4488//4488 4467//4467
f 4467//4467 4468//4468 4489//4489
f 4490//4490 4489//4489 4468//4468
f 4468//4468 4469//4469 4490//4490
f 4491//4491 4490//4490 4469//4469
f 4469//4469 4470//4470 4491//4491
f 4492//4492 4491//4491 4470//4470
f 4470//4470 4471//4471 4492//4492
f 4493//4493 4492//4492 4471//4471
f 4471//4471 4472//4472 4493//4493
f 4494//4494 4493//4493 4472//4472
f 4472//4472 4473//4473 4494//4494
f 4495//4495 4494//4494 4473//4473
f 4473//4473 4474//4474 4495//4495
f 4496//4496 4495//4495 4474//4474
f 4474//4474 4475//4475 4496//4496
f 4497//4497 4496//4496 4475//4475
f 4475//4475 636//636 4497//4497
f 613//613 4497//4497 636//636
f 1947//1947 4476//4476 4362//4362
f 4362//4362 1928//1928 1947//1947
f 4476//4476 4477//4477 4358//4358
f 4358//4358 4362//4362 4476//4476
f 4477//4477 4478//4478 4354//4354
f 4354//4354 4358//4358 4477//4477
f 4478//4478 4479//4479 4350//4350
f 4350//4350 4354//4354 4478//4478
f 4479//4479 4480//4480 4346//4346
f 4346//4346 4350//4350 4479//4479
f 4480//4480 4481//4481 4342//4342
f 4342//4342 4346//4346 4480//4480
f 4481//4481 4482//4482 4338//4338
f 4338//4338 4342//4342 4481//4481
f 4482//4482 4483//4483 4334//4334
f 4334//4334 4338//4338 4482//4482
f 4483//4483 4484//4484 4330//4330
f 4330//4330 4334//4334 4483//4483
f 4484//4484 4485//4485 4326//4326
f 4326//4326 4330//4330 4484//4484
f 4485//4485 4486//4486 4322//4322
f 4322//4322 4326//4326 4485//4485
f 4486//4486 4487//4487 4318//4318
f 4318//4318 4322//4322 4486//4486
f 4487//4487 4488//4488 4314//4314
f 4314//4314 4318//4318 4487//4487
f 4488//4488 4489//4489 4310//4310
f 4310//4310 4314//4314 4488//4488
f 4489//4489 4490//4490 4306//4306
f 4306//4306 4310//4310 4489//4489
f 4490//4490 4491//4491 4302//4302
f 4302//4302 4306//4306 4490//4490
f 4491//4491 4492//4492 4298//4298
f 4298//4298 4302//4302 4491//4491
f 4492//4492 4493//4493 4294//4294
f 4294//4294 4298//4298 4492//4492
f 4493//4493 4494//4494 4290//4290
f 4290//4290 4294//4294 4493//4493
f 4494//4494 4495//4495 4286//4286
f 4286//4286 4290//4290 4494//4494
f 4495//4495 4496//4496 4282//4282
f 4282//4282 4286//4286 4495//4495
f 4496//4496 4497//4497 4278//4278
f 4278//4278 4282//4282 4496//4496
f 4497//4497 613//613 590//590
f 590//590 4278//4278 4497//4497
f 1975//1975 4498//4498 4520//4520
f 4520//4520 1989//1989 1975//1975
f 4498//4498 4499//4499 4521//4521
f 4521//4521 4520//4520 4498//4498
f 4499//4499 4500//4500 4522//4522
f 4522//4522 4521//4521 4499//4499
f 4500//4500 4501//4501 4523//4523
f 4523//4523 4522//4522 4500//4500
f 4501//4501 4502//4502 4524//4524
f 4524//4524 4523//4523 4501//4501
f 4502//4502 4503//4503 4525//4525
f 4525//4525 4524//4524 4502//4502
f 4503//4503 4504//4504 4526//4526
f 4526//4526 4525//4525 4503//4503
f 4504//4504 4505//4505 4527//4527
f 4527//4527 4526//4526 4504//4504
f 4505//4505 4506//4506 4528//4528
f 4528//4528 4527//4527 4505//4505
f 4506//4506 4507//4507 4529//4529
f 4529//4529 4528//4528 4506//4506
f 4507//4507 4508//4508 4530//4530
f 4530//4530 4529//4529 4507//4507
f 4508//4508 4509//4509 4531//4531
f 4531//4531 4530//4530 4508//4508
f 4509//4509 4510//4510 4532//4532
f 4532//4532 4531//4531 4509//4509
f 4510//4510 4511//4511 4533//4533
f 4533//4533 4532//4532 4510//4510
f 4511//4511 4512//4512 4534//4534
f 4534//4534 4533//4533 4511//4511
f 4512//4512 4513//4513 4535//4535
f 4535//4535 4534//4534 4512//4512
f 4513//4513 4514//4514 4536//4536
f 4536//4536 4535//4535 4513//4513
f 4514//4514 4515//4515 4537//4537
f 4537//4537 4536//4536 4514//4514
f 4515//4515 4516//4516 4538//4538
f 4538//4538 4537//4537 4515//4515
f 4516//4516 4517//4517 4539//4539
f 4539//4539 4538//4538 4516//4516
f 4517//4517 4518//4518 4540//4540
f 4540//4540 4539//4539 4517//4517
f 4518//4518 4519//4519 4541//4541
f 4541//4541 4540//4540 4518//4518
f 4519//4519 1038//1038 4541//4541
f 1029//1029 4541//4541 1038//1038
f 1989//1989 4520//4520 4542//4542
f 4542//4542 1990//1990 1989//1989
f 4520//4520 4521//4521 4543//4543
f 4543//4543 4542//4542 4520//4520
f 4521//4521 4522//4522 4544//4544
f 4544//4544 4543//4543 4521//4521
f 4522//4522 4523//4523 4545//4545
f 4545//4545 4544//4544 4522//4522
f 4523//4523 4524//4524 4546//4546
f 4546//4546 4545//4545 4523//4523
f 4524//4524 4525//4525 4547//4547
f 4547//4547 4546//4546 4524//4524
f 4525//4525 4526//4526 4548//4548
f 4548//4548 4547//4547 4525//4525
f 4526//4526 4527//4527 4549//4549
f 4549//4549 4548//4548 4526//4526
f 4527//4527 4528//4528 4550//4550
f 4550//4550 4549//4549 4527//4527
f 4528//4528 4529//4529 4551//4551
f 4551//4551 4550//4550 4528//4528
f 4529//4529 4530//4530 4552//4552
f 4552//4552 4551//4551 4529//4529
f 4530//4530 4531//4531 4553//4553
f 4553//4553 4552//4552 4530//4530
f 4531//4531 4532//4532 4554//4554
f 4554//4554 4553//4553 4531//4531
f 4532//4532 4533//4533 4555//4555
f 4555//4555 4554//4554 4532//4532
f 4533//4533 4534//4534 4556//4556
f 4556//4556 4555//4555 4533//4533
f 4534//4534 4535//4535 4557//4557
f 4557//4557 4556//4556 4534//4534
f 4535//4535 4536//4536 4558//4558
f 4558//4558 4557//4557 4535//4535
f 4536//4536 4537//4537 4559//4559
f 4559//4559 4558//4558 4536//4536
f 4537//4537 4538//4538 4560//4560
f 4560//4560 4559//4559 4537//4537
f 4538//4538 4539//4539 4561//4561
f 4561//4561 4560//4560 4538//4538
f 4539//4539 4540//4540 4562//4562
f 4562//4562 4561//4561 4539//4539
f 4540//4540 4541//4541 4563//4563
f 4563//4563 4562//4562 4540//4540
f 4541//4541 1029//1029 4563//4563
f 1018//1018 4563//4563 1029//1029
f 1990//1990 4542//4542 4564//4564
f 4564//4564 1991//1991 1990//1990
f 4542//4542 4543//4543 4565//4565
f 4565//4565 4564//4564 4542//4542
f 4543//4543 4544//4544 4566//4566
f 4566//4566 4565//4565 4543//4543
f 4544//4544 4545//4545 4567//4567
f 4567//4567 4566//4566 4544//4544
f 4545//4545 4546//4546 4568//4568
f 4568//4568 4567//4567 4545//4545
f 4546//4546 4547//4547 4569//4569
f 4569//4569 4568//4568 4546//4546
f 4547//4547 4548//4548 4570//4570
f 4570//4570 4569//4569 4547//4547
f 4548//4548 4549//4549 4571//4571
f 4571//4571 4570//4570 4548//4548
f 4549//4549 4550//4550 4572//4572
f 4572//4572 4571//4571 4549//4549
f 4550//4550 4551//4551 4573//4573
f 4573//4573 4572//4572 4550//4550
f 4551//4551 4552//4552 4574//4574
f 4574//4574 4573//4573 4551//4551
f 4552//4552 4553//4553 4575//4575
f 4575//4575 4574//4574 4552//4552
f 4553//4553 4554//4554 4576//4576
f 4576//4576 4575//4575 4553//4553
f 4554//4554 4555//4555 4577//4577
f 4577//4577 4576//4576 4554//4554
f 4555//4555 4556//4556 4578//4578
f 4578//4578 4577//4577 4555//4555
f 4556//4556 4557//4557 4579//4579
f 4579//4579 4578//4578 4556//4556
f 4557//4557 4558//4558 4580//4580
f 4580//4580 4579//4579 4557//4557
f 4558//4558 4559//4559 4581//4581
f 4581//4581 4580//4580 4558//4558
f 4559//4559 4560//4560 4582//4582
f 4582//4582 4581//4581 4559//4559
f 4560//4560 4561//4561 4583//4583
f 4583//4583 4582//4582 4560//4560
f 4561//4561 4562//4562 4584//4584
f 4584//4584 4583//4583 4561//4561
f 4562//4562 4563//4563 4585//4585
f 4585//4585 4584//4584 4562//4562
f 4563//4563 1018//1018 4585//4585
f 1009//1009 4585//4585 1018//1018
f 1991//1991 4564//4564 4586//4586
f 4586//4586 1994//1994 1991//1991
f 4564//4564 4565//4565 4587//4587
f 4587//4587 4586//4586 4564//4564
f 4565//4565 4566//4566 4588//4588
f 4588//4588 4587//4587 4565//4565
f 4566//4566 4567//4567 4589//4589
f 4589//4589 4588//4588 4566//4566
f 4567//4567 4568//4568 4590//4590
f 4590//4590 4589//4589 4567//4567
f 4568//4568 4569//4569 4591//4591
f 4591//4591 4590//4590 4568//4568
f 4569//4569 4570//4570 4592//4592
f 4592//4592 4591//4591 4569//4569
f 4570//4570 4571//4571 4593//4593
f 4593//4593 4592//4592 4570//4570
f 4571//4571 4572//4572 4594//4594
f 4594//4594 4593//4593 4571//4571
f 4572//4572 4573//4573 4595//4595
f 4595//4595 4594//4594 4572//4572
f 4573//4573 4574//4574 4596//4596
f 4596//4596 4595//4595 4573//4573
f 4574//4574 4575//4575 4597//4597
f 4597//4597 4596//4596 4574//4574
f 4575//4575 4576//4576 4598//4598
f 4598//4598 4597//4597 4575//4575
f 4576//4576 4577//4577 4599//4599
f 4599//4599 4598//4598 4576//4576
f 4577//4577 4578//4578 4600//4600
f 4600//4600 4599//4599 4577//4577
f 4578//4578 4579//4579 4601//4601
f 4601//4601 4600//4600 4578//4578
f 4579//4579 4580//4580 4602//4602
f 4602//4602 4601//4601 4579//4579
f 4580//4580 4581//4581 4603//4603
f 4603//4603 4602//4602 4580//4580
f 4581//4581 4582//4582 4604//4604
f 4604//4604 4603//4603 4581//4581
f 4582//4582 4583//4583 4605//4605
f 4605//4605 4604//4604 4582//4582
f 4583//4583 4584//4584 4606//4606
f 4606//4606 4605//4605 4583//4583
f 4584//4584 4585//4585 4607//4607
f 4607//4607 4606//4606 4584//4584
f 4585//4585 1009//1009 4607//4607
f 999//999 4607//4607 1009//1009
f 1994//1994 4586//4586 4608//4608
f 4608//4608 1996//1996 1994//1994
f 4586//4586 4587//4587 4609//4609
f 4609//4609 4608//4608 4586//4586
f 4587//4587 4588//4588 4610//4610
f 4610//4610 4609//4609 4587//4587
f 4588//4588 4589//4589 4611//4611
f 4611//4611 4610//4610 4588//4588
f 4589//4589 4590//4590 4612//4612
f 4612//4612 4611//4611 4589//4589
f 4590//4590 4591//4591 4613//4613
f 4613//4613 4612//4612 4590//4590
f 4591//4591 4592//4592 4614//4614
f 4614//4614 4613//4613 4591//4591
f 4592//4592 4593//4593 4615//4615
f 4615//4615 4614//4614 4592//4592
f 4593//4593 4594//4594 4616//4616
f 4616//4616 4615//4615 4593//4593
f 4594//4594 4595//4595 4617//4617
f 4617//4617 4616//4616 4594//4594
f 4595//4595 4596//4596 4618//4618
f 4618//4618 4617//4617 4595//4595
f 4596//4596 4597//4597 4619//4619
f 4619//4619 4618//4618 4596//4596
f 4597//4597 4598//4598 4620//4620
f 4620//4620 4619//4619 4597//4597
f 4598//4598 4599//4599 4621//4621
f 4621//4621 4620//4620 4598//4598
f 4599//4599 4600//4600 4622//4622
f 4622//4622 4621//4621 4599//4599
f 4600//4600 4601//4601 4623//4623
f 4623//4623 4622//4622 4600//4600
f 4601//4601 4602//4602 4624//4624
f 4624//4624 4623//4623 4601//4601
f 4602//4602 4603//4603 4625//4625
f 4625//4625 4624//4624 4602//4602
f 4603//4603 4604//4604 4626//4626
f 4626//4626 4625//4625 4603//4603
f 4604//4604 4605//4605 4627//4627
f 4627//4627 4626//4626 4604//4604
f 4605//4605 4606//4606 4628//4628
f 4628//4628 4627//4627 4605//4605
f 4606//4606 4607//4607 4629//4629
f 4629//4629 4628//4628 4606//4606
f 4607//4607 999//999 4629//4629
f 989//989 4629//4629 999//999
f 1996//1996 4608//4608 4630//4630
f 4630//4630 1998//1998 1996//1996
f 4608//4608 4609//4609 4631//4631
f 4631//4631 4630//4630 4608//4608
f 4609//4609 4610//4610 4632//4632
f 4632//4632 4631//4631 4609//4609
f 4610//4610 4611//4611 4633//4633
f 4633//4633 4632//4632 4610//4610
f 4611//4611 4612//4612 4634//4634
f 4634//4634 4633//4633 4611//4611
f 4612//4612 4613//4613 4635//4635
f 4635//4635 4634//4634 4612//4612
f 4613//4613 4614//4614 4636//4636
f 4636//4636 4635//4635 4613//4613
f 4614//4614 4615//4615 4637//4637
f 4637//4637 4636//4636 4614//4614
f 4615//4615 4616//4616 4638//4638
f 4638//4638 4637//4637 4615//4615
f 4616//4616 4617//4617 4639//4639
f 4639//4639 4638//4638 4616//4616
f 4617//4617 4618//4618 4640//4640
f 4640//4640 4639//4639 4617//4617
f 4618//4618 4619//4619 4641//4641
f 4641//4641 4640//4640 4618//4618
f 4619//4619 4620//4620 4642//4642
f 4642//4642 4641//4641 4619//4619
f 4620//4620 4621//4621 4643//4643
f 4643//4643 4642//4642 4620//4620
f 4621//4621 4622//4622 4644//4644
f 4644//4644 4643//4643 4621//4621
f 4622//4622 4623//4623 4645//4645
f 4645//4645 4644//4644 4622//4622
f 4623//4623 4624//4624 4646//4646
f 4646//4646 4645//4645 4623//4623
f 4624//4624 4625//4625 4647//4647
f 4647//4647 4646//4646 4624//4624
f 4625//4625 4626//4626 4648//4648
f 4648//4648 4647//4647 4625//4625
f 4626//4626 4627//4627 4649//4649
f 4649//4649 4648//4648 4626//4626
f 4627//4627 4628//4628 4650//4650
f 4650//4650 4649//4649 4627//4627
f 4628//4628 4629//4629 4651//4651
f 4651//4651 4650//4650 4628//4628
f 4629//4629 989//989 4651//4651
f 977//977 4651//4651 989//989
f 1998//1998 4630//4630 4652//4652
f 4652//4652 2000//2000 1998//1998
f 4630//4630 4631//4631 4653//4653
f 4653//4653 4652//4652 4630//4630
f 4631//4631 4632//4632 4654//4654
f 4654//4654 4653//4653 4631//4631
f 4632//4632 4633//4633 4655//4655
f 4655//4655 4654//4654 4632//4632
f 4633//4633 4634//4634 4656//4656
f 4656//4656 4655//4655 4633//4633
f 4634//4634 4635//4635 4657//4657
f 4657//4657 4656//4656 4634//4634
f 4635//4635 4636//4636 4658//4658
f 4658//4658 4657//4657 4635//4635
f 4636//4636 4637//4637 4659//4659
f 4659//4659 4658//4658 4636//4636
f 4637//4637 4638//4638 4660//4660
f 4660//4660 4659//4659 4637//4637
f 4638//4638 4639//4639 4661//4661
f 4661//4661 4660//4660 4638//4638
f 4639//4639 4640//4640 4662//4662
f 4662//4662 4661//4661 4639//4639
f 4640//4640 4641//4641 4663//4663
f 4663//4663 4662//4662 4640//4640
f 4641//4641 4642//4642 4664//4664
f 4664//4664 4663//4663 4641//4641
f 4642//4642 4643//4643 4665//4665
f 4665//4665 4664//4664 4642//4642
f 4643//4643 4644//4644 4666//4666
f 4666//4666 4665//4665 4643//4643
f 4644//4644 4645//4645 4667//4667
f 4667//4667 4666//4666 4644//4644
f 4645//4645 4646//4646 4668//4668
f 4668//4668 4667//4667 4645//4645
f 4646//4646 4647//4647 4669//4669
f 4669//4669 4668//4668 4646//4646
f 4647//4647 4648//4648 4670//4670
f 4670//4670 4669//4669 4647//4647
f 4648//4648 4649//4649 4671//4671
f 4671//4671 4670//4670 4648//4648
f 4649//4649 4650//4650 4672//4672
f 4672//4672 4671//4671 4649//4649
f 4650//4650 4651//4651 4673//4673
f 4673//4673 4672//4672 4650//4650
f 4651//4651 977//977 4673//4673
f 966//966 4673//4673 977//977
f 2000//2000 4652//4652 4674//4674
f 4674//4674 2002//2002 2000//2000
f 4652//4652 4653//4653 4675//4675
f 4675//4675 4674//4674 4652//4652
f 4653//4653 4654//4654 4676//4676
f 4676//4676 4675//4675 4653//4653
f 4654//4654 4655//4655 4677//4677
f 4677//4677 4676//4676 4654//4654
f 4655//4655 4656//4656 4678//4678
f 4678//4678 4677//4677 4655//4655
f 4656//4656 4657//4657 4679//4679
f 4679//4679 4678//4678 4656//4656
f 4657//4657 4658//4658 4680//4680
f 4680//4680 4679//4679 4657//4657
f 4658//4658 4659//4659 4681//4681
f 4681//4681 4680//4680 4658//4658
f 4659//4659 4660//4660 4682//4682
f 4682//4682 4681//4681 4659//4659
f 4660//4660 4661//4661 4683//4683
f 4683//4683 4682//4682 4660//4660
f 4661//4661 4662//4662 4684//4684
f 4684//4684 4683//4683 4661//4661
f 4662//4662 4663//4663 4685//4685
f 4685//4685 4684//4684 4662//4662
f 4663//4663 4664//4664 4686//4686
f 4686//4686 4685//4685 4663//4663
f 4664//4664 4665//4665 4687//4687
f 4687//4687 4686//4686 4664//4664
f 4665//4665 4666//4666 4688//4688
f 4688//4688 4687//4687 4665//4665
f 4666//4666 4667//4667 4689//4689
f 4689//4689 4688//4688 4666//4666
f 4667//4667 4668//4668 4690//4690
f 4690//4690 4689//4689 4667//4667
f 4668//4668 4669//4669 4691//4691
f 4691//4691 4690//4690 4668//4668
f 4669//4669 4670//4670 4692//4692
f 4692//4692 4691//4691 4669//4669
f 4670//4670 4671//4671 4693//4693
f 4693//4693 4692//4692 4670//4670
f 4671//4671 4672//4672 4694//4694
f 4694//4694 4693//4693 4671//4671
f 4672//4672 4673//4673 4695//4695
f 4695//4695 4694//4694 4672//4672
f 4673//4673 966//966 4695//4695
f 955//955 4695//4695 966//966
f 2002//2002 4674//4674 4696//4696
f 4696//4696 2004//2004 2002//2002
f 4674//4674 4675//4675 4697//4697
f 4697//4697 4696//4696 4674//4674
f 4675//4675 4676//4676 4698//4698
f 4698//4698 4697//4697 4675//4675
f 4676//4676 4677//4677 4699//4699
f 4699//4699 4698//4698 4676//4676
f 4677//4677 4678//4678 4700//4700
f 4700//4700 4699//4699 4677//4677
f 4678//4678 4679//4679 4701//4701
f 4701//4701 4700//4700 4678//4678
f 4679//4679 4680//4680 4702//4702
f 4702//4702 4701//4701 4679//4679
f 4680//4680 4681//4681 4703//4703
f 4703//4703 4702//4702 4680//4680
f 4681//4681 4682//4682 4704//4704
f 4704//4704 4703//4703 4681//4681
f 4682//4682 4683//4683 4705//4705
f 4705//4705 4704//4704 4682//4682
f 4683//4683 4684//4684 4706//4706
f 4706//4706 4705//4705 4683//4683
f 4684//4684 4685//4685 4707//4707
f 4707//4707 4706//4706 4684//4684
f 4685//4685 4686//4686 4708//4708
f 4708//4708 4707//4707 4685//4685
f 4686//4686 4687//4687 4709//4709
f 4709//4709 4708//4708 4686//4686
f 4687//4687 4688//4688 4710//4710
f 4710//4710 4709//4709 4687//4687
f 4688//4688 4689//4689 4711//4711
f 4711//4711 4710//4710 4688//4688
f 4689//4689 4690//4690 4712//4712
f 4712//4712 4711//4711 4689//4689
f 4690//4690 4691//4691 4713//4713
f 4713//4713 4712//4712 4690//4690
f 4691//4691 4692//4692 4714//4714
f 4714//4714 4713//4713 4691//4691
f 4692//4692 4693//4693 4715//4715
f 4715//4715 4714//4714 4692//4692
f 4693//4693 4694//4694 4716//4716
f 4716//4716 4715//4715 4693//4693
f 4694//4694 4695//4695 4717//4717
f 4717//4717 4716//4716 4694//4694
f 4695//4695 955//955 4717//4717
f 942//942 4717//4717 955//955
f 2004//2004 4696//4696 4718//4718
f 4718//4718 2005//2005 2004//2004
f 4696//4696 4697//4697 4719//4719
f 4719//4719 4718//4718 4696//4696
f 4697//4697 4698//4698 4720//4720
f 4720//4720 4719//4719 4697//4697
f 4698//4698 4699//4699 4721//4721
f 4721//4721 4720//4720 4698//4698
f 4699//4699 4700//4700 4722//4722
f 4722//4722 4721//4721 4699//4699
f 4700//4700 4701//4701 4723//4723
f 4723//4723 4722//4722 4700//4700
f 4701//4701 4702//4702 4724//4724
f 4724//4724 4723//4723 4701//4701
f 4702//4702 4703//4703 4725//4725
f 4725//4725 4724//4724 4702//4702
f 4703//4703 4704//4704 4726//4726
f 4726//4726 4725//4725 4703//4703
f 4704//4704 4705//4705 4727//4727
f 4727//4727 4726//4726 4704//4704
f 4705//4705 4706//4706 4728//4728
f 4728//4728 4727//4727 4705//4705
f 4706//4706 4707//4707 4729//4729
f 4729//4729 4728//4728 4706//4706
f 4707//4707 4708//4708 4730//4730
f 4730//4730 4729//4729 4707//4707
f 4708//4708 4709//4709 4731//4731
f 4731//4731 4730//4730 4708//4708
f 4709//4709 4710//4710 4732//4732
f 4732//4732 4731//4731 4709//4709
f 4710//4710 4711//4711 4733//4733
f 4733//4733 4732//4732 4710//4710
f 4711//4711 4712//4712 4734//4734
f 4734//4734 4733//4733 4711//4711
f 4712//4712 4713//4713 4735//4735
f 4735//4735 4734//4734 4712//4712
f 4713//4713 4714//4714 4736//4736
f 4736//4736 4735//4735 4713//4713
f 4714//4714 4715//4715 4737//4737
f 4737//4737 4736//4736 4714//4714
f 4715//4715 4716//4716 4738//4738
f 4738//4738 4737//4737 4715//4715
f 4716//4716 4717//4717 4739//4739
f 4739//4739 4738//4738 4716//4716
f 4717//4717 942//942 4739//4739
f 925//925 4739//4739 942//942
f 2005//2005 4718//4718 4740//4740
f 4740//4740 2003//2003 2005//2005
f 4718//4718 4719//4719 4741//4741
f 4741//4741 4740//4740 4718//4718
f 4719//4719 4720//4720 4742//4742
f 4742//4742 4741//4741 4719//4719
f 4720//4720 4721//4721 4743//4743
f 4743//4743 4742//4742 4720//4720
f 4721//4721 4722//4722 4744//4744
f 4744//4744 4743//4743 4721//4721
f 4722//4722 4723//4723 4745//4745
f 4745//4745 4744//4744 4722//4722
f 4723//4723 4724//4724 4746//4746
f 4746//4746 4745//4745 4723//4723
f 4724//4724 4725//4725 4747//4747
f 4747//4747 4746//4746 4724//4724
f 4725//4725 4726//4726 4748//4748
f 4748//4748 4747//4747 4725//4725
f 4726//4726 4727//4727 4749//4749
f 4749//4749 4748//4748 4726//4726
f 4727//4727 4728//4728 4750//4750
f 4750//4750 4749//4749 4727//4727
f 4728//4728 4729//4729 4751//4751
f 4751//4751 4750//4750 4728//4728
f 4729//4729 4730//4730 4752//4752
f 4752//4752 4751//4751 4729//4729
f 4730//4730 4731//4731 4753//4753
f 4753//4753 4752//4752 4730//4730
f 4731//4731 4732//4732 4754//4754
f 4754//4754 4753//4753 4731//4731
f 4732//4732 4733//4733 4755//4755
f 4755//4755 4754//4754 4732//4732
f 4733//4733 4734//4734 4756//4756
f 4756//4756 4755//4755 4733//4733
f 4734//4734 4735//4735 4757//4757
f 4757//4757 4756//4756 4734//4734
f 4735//4735 4736//4736 4758//4758
f 4758//4758 4757//4757 4735//4735
f 4736//4736 4737//4737 4759//4759
f 4759//4759 4758//4758 4736//4736
f 4737//4737 4738//4738 4760//4760
f 4760//4760 4759//4759 4737//4737
f 4738//4738 4739//4739 4761//4761
f 4761//4761 4760//4760 4738//4738
f 4739//4739 925//925 4761//4761
f 904//904 4761//4761 925//925
f 2003//2003 4740//4740 4762//4762
f 4762//4762 2001//2001 2003//2003
f 4740//4740 4741//4741 4763//4763
f 4763//4763 4762//4762 4740//4740
f 4741//4741 4742//4742 4764//4764
f 4764//4764 4763//4763 4741//4741
f 4742//4742 4743//4743 4765//4765
f 4765//4765 4764//4764 4742//4742
f 4743//4743 4744//4744 4766//4766
f 4766//4766 4765//4765 4743//4743
f 4744//4744 4745//4745 4767//4767
f 4767//4767 4766//4766 4744//4744
f 4745//4745 4746//4746 4768//4768
f 4768//4768 4767//4767 4745//4745
f 4746//4746 4747//4747 4769//4769
f 4769//4769 4768//4768 4746//4746
f 4747//4747 4748//4748 4770//4770
f 4770//4770 4769//4769 4747//4747
f 4748//4748 4749//4749 4771//4771
f 4771//4771 4770//4770 4748//4748
f 4749//4749 4750//4750 4772//4772
f 4772//4772 4771//4771 4749//4749
f 4750//4750 4751//4751 4773//4773
f 4773//4773 4772//4772 4750//4750
f 4751//4751 4752//4752 4774//4774
f 4774//4774 4773//4773 4751//4751
f 4752//4752 4753//4753 4775//4775
f 4775//4775 4774//4774 4752//4752
f 4753//4753 4754//4754 4776//4776
f 4776//4776 4775//4775 4753//4753
f 4754//4754 4755//4755 4777//4777
f 4777//4777 4776//4776 4754//4754
f 4755//4755 4756//4756 4778//4778
f 4778//4778 4777//4777 4755//4755
f 4756//4756 4757//4757 4779//4779
f 4779//4779 4778//4778 4756//4756
f 4757//4757 4758//4758 4780//4780
f 4780//4780 4779//4779 4757//4757
f 4758//4758 4759//4759 4781//4781
f 4781//4781 4780//4780 4758//4758
f 4759//4759 4760//4760 4782//4782
f 4782//4782 4781//4781 4759//4759
f 4760//4760 4761//4761 4783//4783
f 4783//4783 4782//4782 4760//4760
f 4761//4761 904//904 4783//4783
f 881//881 4783//4783 904//904
f 2001//2001 4762//4762 4784//4784
f 4784//4784 1999//1999 2001//2001
f 4762//4762 4763//4763 4785//4785
f 4785//4785 4784//4784 4762//4762
f 4763//4763 4764//4764 4786//4786
f 4786//4786 4785//4785 4763//4763
f 4764//4764 4765//4765 4787//4787
f 4787//4787 4786//4786 4764//4764
f 4765//4765 4766//4766 4788//4788
f 4788//4788 4787//4787 4765//4765
f 4766//4766 4767//4767 4789//4789
f 4789//4789 4788//4788 4766//4766
f 4767//4767 4768//4768 4790//4790
f 4790//4790 4789//4789 4767//4767
f 4768//4768 4769//4769 4791//4791
f 4791//4791 4790//4790 4768//4768
f 4769//4769 4770//4770 4792//4792
f 4792//4792 4791//4791 4769//4769
f 4770//4770 4771//4771 4793//4793
f 4793//4793 4792//4792 4770//4770
f 4771//4771 4772//4772 4794//4794
f 4794//4794 4793//4793 4771//4771
f 4772//4772 4773//4773 4795//4795
f 4795//4795 4794//4794 4772//4772
f 4773//4773 4774//4774 4796//4796
f 4796//4796 4795//4795 4773//4773
f 4774//4774 4775//4775 4797//4797
f 4797//4797 4796//4796 4774//4774
f 4775//4775 4776//4776 4798//4798
f 4798//4798 4797//4797 4775//4775
f 4776//4776 4777//4777 4799//4799
f 4799//4799 4798//4798 4776//4776
f 4777//4777 4778//4778 4800//4800
f 4800//4800 4799//4799 4777//4777
f 4778//4778 4779//4779 4801//4801
f 4801//4801 4800//4800 4778//4778
f 4779//4779 4780//4780 4802//4802
f 4802//4802 4801//4801 4779//4779
f 4780//4780 4781//4781 4803//4803
f 4803//4803 4802//4802 4780//4780
f 4781//4781 4782//4782 4804//4804
f 4804//4804 4803//4803 4781//4781
f 4782//4782 4783//4783 4805//4805
f 4805//4805 4804//4804 4782//4782
f 4783//4783 881//881 4805//4805
f 856//856 4805//4805 881//881
f 1999//1999 4784//4784 4806//4806
f 4806//4806 1997//1997 1999//1999
f 4784//4784 4785//4785 4807//4807
f 4807//4807 4806//4806 4784//4784
f 4785//4785 4786//4786 4808//4808
f 4808//4808 4807//4807 4785//4785
f 4786//4786 4787//4787 4809//4809
f 4809//4809 4808//4808 4786//4786
f 4787//4787 4788//4788 4810//4810
f 4810//4810 4809//4809 4787//4787
f 4788//4788 4789//4789 4811//4811
f 4811//4811 4810//4810 4788//4788
f 4789//4789 4790//4790 4812//4812
f 4812//4812 4811//4811 4789//4789
f 4790//4790 4791//4791 4813//4813
f 4813//4813 4812//4812 4790//4790
f 4791//4791 4792//4792 4814//4814
f 4814//4814 4813//4813 4791//4791
f 4792//4792 4793//4793 4815//4815
f 4815//4815 4814//4814 4792//4792
f 4793//4793 4794//4794 4816//4816
f 4816//4816 4815//4815 4793//4793
f 4794//4794 4795//4795 4817//4817
f 4817//4817 4816//4816 4794//4794
f 4795//4795 4796//4796 4818//4818
f 4818//4818 4817//4817 4795//4795
f 4796//4796 4797//4797 4819//4819
f 4819//4819 4818//4818 4796//4796
f 4797//4797 4798//4798 4820//4820
f 4820//4820 4819//4819 4797//4797
f 4798//4798 4799//4799 4821//4821
f 4821//4821 4820//4820 4798//4798
f 4799//4799 4800//4800 4822//4822
f 4822//4822 4821//4821 4799//4799
f 4800//4800 4801//4801 4823//4823
f 4823//4823 4822//4822 4800//4800
f 4801//4801 4802//4802 4824//4824
f 4824//4824 4823//4823 4801//4801
f 4802//4802 4803//4803 4825//4825
f 4825//4825 4824//4824 4802//4802
f 4803//4803 4804//4804 4826//4826
f 4826//4826 4825//4825 4803//4803
f 4804//4804 4805//4805 4827//4827
f 4827//4827 4826//4826 4804//4804
f 4805//4805 856//856 4827//4827
f 829//829 4827//4827 856//856
f 1997//1997 4806//4806 4828//4828
f 4828//4828 1995//1995 1997//1997
f 4806//4806 4807//4807 4829//4829
f 4829//4829 4828//4828 4806//4806
f 4807//4807 4808//4808 4830//4830
f 4830//4830 4829//4829 4807//4807
f 4808//4808 4809//4809 4831//4831
f 4831//4831 4830//4830 4808//4808
f 4809//4809 4810//4810 4832//4832
f 4832//4832 4831//4831 4809//4809
f 4810//4810 4811//4811 4833//4833
f 4833//4833 4832//4832 4810//4810
f 4811//4811 4812//4812 4834//4834
f 4834//4834 4833//4833 4811//4811
f 4812//4812 4813//4813 4835//4835
f 4835//4835 4834//4834 4812//4812
f 4813//4813 4814//4814 4836//4836
f 4836//4836 4835//4835 4813//4813
f 4814//4814 4815//4815 4837//4837
f 4837//4837 4836//4836 4814//4814
f 4815//4815 4816//4816 4838//4838
f 4838//4838 4837//4837 4815//4815
f 4816//4816 4817//4817 4839//4839
f 4839//4839 4838//4838 4816//4816
f 4817//4817 4818//4818 4840//4840
f 4840//4840 4839//4839 4817//4817
f 4818//4818 4819//4819 4841//4841
f 4841//4841 4840//4840 4818//4818
f 4819//4819 4820//4820 4842//4842
f 4842//4842 4841//4841 4819//4819
f 4820//4820 4821//4821 4843//4843
f 4843//4843 4842//4842 4820//4820
f 4821//4821 4822//4822 4844//4844
f 4844//4844 4843//4843 4821//4821
f 4822//4822 4823//4823 4845//4845
f 4845//4845 4844//4844 4822//4822
f 4823//4823 4824//4824 4846//4846
f 4846//4846 4845//4845 4823//4823
f 4824//4824 4825//4825 4847//4847
f 4847//4847 4846//4846 4824//4824
f 4825//4825 4826//4826 4848//4848
f 4848//4848 4847//4847 4825//4825
f 4826//4826 4827//4827 4849//4849
f 4849//4849 4848//4848 4826//4826
f 4827//4827 829//829 4849//4849
f 798//798 4849//4849 829//829
f 1995//1995 4828//4828 4366//4366
f 4366//4366 1993//1993 1995//1995
f 4828//4828 4829//4829 4367//4367
f 4367//4367 4366//4366 4828//4828
f 4829//4829 4830//4830 4368//4368
f 4368//4368 4367//4367 4829//4829
f 4830//4830 4831//4831 4369//4369
f 4369//4369 4368//4368 4830//4830
f 4831//4831 4832//4832 4370//4370
f 4370//4370 4369//4369 4831//4831
f 4832//4832 4833//4833 4371//4371
f 4371//4371 4370//4370 4832//4832
f 4833//4833 4834//4834 4372//4372
f 4372//4372 4371//4371 4833//4833
f 4834//4834 4835//4835 4373//4373
f 4373//4373 4372//4372 4834//4834
f 4835//4835 4836//4836 4374//4374
f 4374//4374 4373//4373 4835//4835
f 4836//4836 4837//4837 4375//4375
f 4375//4375 4374//4374 4836//4836
f 4837//4837 4838//4838 4376//4376
f 4376//4376 4375//4375 4837//4837
f 4838//4838 4839//4839 4377//4377
f 4377//4377 4376//4376 4838//4838
f 4839//4839 4840//4840 4378//4378
f 4378//4378 4377//4377 4839//4839
f 4840//4840 4841//4841 4379//4379
f 4379//4379 4378//4378 4840//4840
f 4841//4841 4842//4842 4380//4380
f 4380//4380 4379//4379 4841//4841
f 4842//4842 4843//4843 4381//4381
f 4381//4381 4380//4380 4842//4842
f 4843//4843 4844//4844 4382//4382
f 4382//4382 4381//4381 4843//4843
f 4844//4844 4845//4845 4383//4383
f 4383//4383 4382//4382 4844//4844
f 4845//4845 4846//4846 4384//4384
f 4384//4384 4383//4383 4845//4845
f 4846//4846 4847//4847 4385//4385
f 4385//4385 4384//4384 4846//4846
f 4847//4847 4848//4848 4386//4386
f 4386//4386 4385//4385 4847//4847
f 4848//4848 4849//4849 4387//4387
f 4387//4387 4386//4386 4848//4848
f 4849//4849 798//798 767//767
f 767//767 4387//4387 4849//4849
f 1065//1065 1056//1056 4850//4850
f 4850//4850 1075//1075 1065//1065
f 1056//1056 1047//1047 4851//4851
f 4851//4851 4850//4850 1056//1056
f 1047//1047 1038//1038 4852//4852
f 4852//4852 4851//4851 1047//1047
f 1075//1075 4850//4850 4853//4853
f 4853//4853 1083//1083 1075//1075
f 4850//4850 4851//4851 4854//4854
f 4854//4854 4853//4853 4850//4850
f 4851//4851 4852//4852 4855//4855
f 4855//4855 4854//4854 4851//4851
f 1083//1083 4853//4853 4859//4859
f 4859//4859 1091//1091 1083//1083
f 4853//4853 4854//4854 4858//4858
f 4858//4858 4859//4859 4853//4853
f 4854//4854 4855//4855 4857//4857
f 4857//4857 4858//4858 4854//4854
f 4855//4855 4852//4852 4856//4856
f 4856//4856 4857//4857 4855//4855
f 4852//4852 1038//1038 4519//4519
f 4519//4519 4856//4856 4852//4852
f 1091//1091 4859//4859 4863//4863
f 4863//4863 1099//1099 1091//1091
f 4859//4859 4858//4858 4862//4862
f 4862//4862 4863//4863 4859//4859
f 4858//4858 4857//4857 4861//4861
f 4861//4861 4862//4862 4858//4858
f 4857//4857 4856//4856 4860//4860
f 4860//4860 4861//4861 4857//4857
f 4856//4856 4519//4519 4518//4518
f 4518//4518 4860//4860 4856//4856
f 1099//1099 4863//4863 4867//4867
f 4867//4867 1107//1107 1099//1099
f 4863//4863 4862//4862 4866//4866
f 4866//4866 4867//4867 4863//4863
f 4862//4862 4861//4861 4865//4865
f 4865//4865 4866//4866 4862//4862
f 4861//4861 4860//4860 4864//4864
f 4864//4864 4865//4865 4861//4861
f 4860//4860 4518//4518 4517//4517
f 4517//4517 4864//4864 4860//4860
f 1107//1107 4867//4867 4871//4871
f 4871//4871 1115//1115 1107//1107
f 4867//4867 4866//4866 4870//4870
f 4870//4870 4871//4871 4867//4867
f 4866//4866 4865//4865 4869//4869
f 4869//4869 4870//4870 4866//4866
f 4865//4865 4864//4864 4868//4868
f 4868//4868 4869//4869 4865//4865
f 4864//4864 4517//4517 4516//4516
f 4516//4516 4868//4868 4864//4864
f 1115//1115 4871//4871 4875//4875
f 4875//4875 1123//1123 1115//1115
f 4871//4871 4870//4870 4874//4874
f 4874//4874 4875//4875 4871//4871
f 4870//4870 4869//4869 4873//4873
f 4873//4873 4874//4874 4870//4870
f 4869//4869 4868//4868 4872//4872
f 4872//4872 4873//4873 4869//4869
f 4868//4868 4516//4516 4515//4515
f 4515//4515 4872//4872 4868//4868
f 1123//1123 4875//4875 4879//4879
f 4879//4879 1131//1131 1123//1123
f 4875//4875 4874//4874 4878//4878
f 4878//4878 4879//4879 4875//4875
f 4874//4874 4873//4873 4877//4877
f 4877//4877 4878//4878 4874//4874
f 4873//4873 4872//4872 4876//4876
f 4876//4876 4877//4877 4873//4873
f 4872//4872 4515//4515 4514//4514
f 4514//4514 4876//4876 4872//4872
f 1131//1131 4879//4879 4883//4883
f 4883//4883 1139//1139 1131//1131
f 4879//4879 4878//4878 4882//4882
f 4882//4882 4883//4883 4879//4879
f 4878//4878 4877//4877 4881//4881
f 4881//4881 4882//4882 4878//4878
f 4877//4877 4876//4876 4880//4880
f 4880//4880 4881//4881 4877//4877
f 4876//4876 4514//4514 4513//4513
f 4513//4513 4880//4880 4876//4876
f 1139//1139 4883//4883 4887//4887
f 4887//4887 1147//1147 1139//1139
f 4883//4883 4882//4882 4886//4886
f 4886//4886 4887//4887 4883//4883
f 4882//4882 4881//4881 4885//4885
f 4885//4885 4886//4886 4882//4882
f 4881//4881 4880//4880 4884//4884
f 4884//4884 4885//4885 4881//4881
f 4880//4880 4513//4513 4512//4512
f 4512//4512 4884//4884 4880//4880
f 1147//1147 4887//4887 4891//4891
f 4891//4891 1155//1155 1147//1147
f 4887//4887 4886//4886 4890//4890
f 4890//4890 4891//4891 4887//4887
f 4886//4886 4885//4885 4889//4889
f 4889//4889 4890//4890 4886//4886
f 4885//4885 4884//4884 4888//4888
f 4888//4888 4889//4889 4885//4885
f 4884//4884 4512//4512 4511//4511
f 4511//4511 4888//4888 4884//4884
f 1155//1155 4891//4891 4893//4893
f 4893//4893 1163//1163 1155//1155
f 4891//4891 4890//4890 4895//4895
f 4895//4895 4893//4893 4891//4891
f 4890//4890 4889//4889 4894//4894
f 4894//4894 4895//4895 4890//4890
f 4889//4889 4888//4888 4892//4892
f 4892//4892 4894//4894 4889//4889
f 4888//4888 4511//4511 4510//4510
f 4510//4510 4892//4892 4888//4888
f 1163//1163 4893//4893 4896//4896
f 4896//4896 1170//1170 1163//1163
f 4893//4893 4895//4895 4897//4897
f 4897//4897 4896//4896 4893//4893
f 4895//4895 4894//4894 4898//4898
f 4898//4898 4897//4897 4895//4895
f 4894//4894 4892//4892 4899//4899
f 4899//4899 4898//4898 4894//4894
f 4892//4892 4510//4510 4509//4509
f 4509//4509 4899//4899 4892//4892
f 1170//1170 4896//4896 4900//4900
f 4900//4900 1177//1177 1170//1170
f 4896//4896 4897//4897 4901//4901
f 4901//4901 4900//4900 4896//4896
f 4897//4897 4898//4898 4902//4902
f 4902//4902 4901//4901 4897//4897
f 4898//4898 4899//4899 4902//4902
f 4903//4903 4902//4902 4899//4899
f 4899//4899 4509//4509 4903//4903
f 4508//4508 4903//4903 4509//4509
f 1177//1177 4900//4900 1184//1184
f 4904//4904 1184//1184 4900//4900
f 4900//4900 4901//4901 4904//4904
f 4905//4905 4904//4904 4901//4901
f 4901//4901 4902//4902 4905//4905
f 4906//4906 4905//4905 4902//4902
f 4902//4902 4903//4903 4906//4906
f 4907//4907 4906//4906 4903//4903
f 4903//4903 4508//4508 4907//4907
f 4507//4507 4907//4907 4508//4508
f 1184//1184 4904//4904 1191//1191
f 4908//4908 1191//1191 4904//4904
f 4904//4904 4905//4905 4908//4908
f 4909//4909 4908//4908 4905//4905
f 4905//4905 4906//4906 4909//4909
f 4910//4910 4909//4909 4906//4906
f 4906//4906 4907//4907 4910//4910
f 4911//4911 4910//4910 4907//4907
f 4907//4907 4507//4507 4911//4911
f 4506//4506 4911//4911 4507//4507
f 1191//1191 4908//4908 1198//1198
f 4912//4912 1198//1198 4908//4908
f 4908//4908 4909//4909 4912//4912
f 4913//4913 4912//4912 4909//4909
f 4909//4909 4910//4910 4913//4913
f 4914//4914 4913//4913 4910//4910
f 4910//4910 4911//4911 4914//4914
f 4915//4915 4914//4914 4911//4911
f 4911//4911 4506//4506 4915//4915
f 4505//4505 4915//4915 4506//4506
f 1198//1198 4912//4912 1205//1205
f 4916//4916 1205//1205 4912//4912
f 4912//4912 4913//4913 4916//4916
f 4917//4917 4916//4916 4913//4913
f 4913//4913 4914//4914 4917//4917
f 4918//4918 4917//4917 4914//4914
f 4914//4914 4915//4915 4918//4918
f 4919//4919 4918//4918 4915//4915
f 4915//4915 4505//4505 4919//4919
f 4504//4504 4919//4919 4505//4505
f 1205//1205 4916//4916 1212//1212
f 4920//4920 1212//1212 4916//4916
f 4916//4916 4917//4917 4920//4920
f 4921//4921 4920//4920 4917//4917
f 4917//4917 4918//4918 4921//4921
f 4922//4922 4921//4921 4918//4918
f 4918//4918 4919//4919 4922//4922
f 4923//4923 4922//4922 4919//4919
f 4919//4919 4504//4504 4923//4923
f 4503//4503 4923//4923 4504//4504
f 1212//1212 4920//4920 1219//1219
f 4924//4924 1219//1219 4920//4920
f 4920//4920 4921//4921 4924//4924
f 4925//4925 4924//4924 4921//4921
f 4921//4921 4922//4922 4925//4925
f 4926//4926 4925//4925 4922//4922
f 4922//4922 4923//4923 4926//4926
f 4927//4927 4926//4926 4923//4923
f 4923//4923 4503//4503 4927//4927
f 4502//4502 4927//4927 4503//4503
f 1219//1219 4924//4924 1226//1226
f 4928//4928 1226//1226 4924//4924
f 4924//4924 4925//4925 4928//4928
f 4929//4929 4928//4928 4925//4925
f 4925//4925 4926//4926 4929//4929
f 4930//4930 4929//4929 4926//4926
f 4926//4926 4927//4927 4930//4930
f 4931//4931 4930//4930 4927//4927
f 4927//4927 4502//4502 4931//4931
f 4501//4501 4931//4931 4502//4502
f 1226//1226 4928//4928 1233//1233
f 4932//4932 1233//1233 4928//4928
f 4928//4928 4929//4929 4932//4932
f 4933//4933 4932//4932 4929//4929
f 4929//4929 4930//4930 4933//4933
f 4934//4934 4933//4933 4930//4930
f 4930//4930 4931//4931 4934//4934
f 4936//4936 4934//4934 4931//4931
f 4931//4931 4501//4501 4936//4936
f 4500//4500 4936//4936 4501//4501
f 1233//1233 4932//4932 1240//1240
f 4935//4935 1240//1240 4932//4932
f 4932//4932 4933//4933 4935//4935
f 4937//4937 4935//4935 4933//4933
f 4933//4933 4934//4934 4937//4937
f 4938//4938 4937//4937 4934//4934
f 4934//4934 4936//4936 4938//4938
f 4940//4940 4938//4938 4936//4936
f 4936//4936 4500//4500 4940//4940
f 4499//4499 4940//4940 4500//4500
f 1240//1240 4935//4935 1247//1247
f 4939//4939 1247//1247 4935//4935
f 4935//4935 4937//4937 4939//4939
f 4941//4941 4939//4939 4937//4937
f 4937//4937 4938//4938 4941//4941
f 4942//4942 4941//4941 4938//4938
f 4938//4938 4940//4940 4942//4942
f 4945//4945 4942//4942 4940//4940
f 4940//4940 4499//4499 4945//4945
f 4498//4498 4945//4945 4499//4499
f 1247//1247 4939//4939 1254//1254
f 4943//4943 1254//1254 4939//4939
f 4939//4939 4941//4941 4943//4943
f 4944//4944 4943//4943 4941//4941
f 4941//4941 4942//4942 4944//4944
f 4946//4946 4944//4944 4942//4942
f 4942//4942 4945//4945 4946//4946
f 4947//4947 4946//4946 4945//4945
f 4945//4945 4498//4498 4947//4947
f 1975//1975 4947//4947 4498//4498
f 1254//1254 4943//4943 1261//1261
f 4948//4948 1261//1261 4943//4943
f 4943//4943 4944//4944 4948//4948
f 4949//4949 4948//4948 4944//4944
f 4944//4944 4946//4946 4949//4949
f 4947//4947 4949//4949 4946//4946
f 1261//1261 4948//4948 1268//1268
f 1930//1930 1268//1268 4948//4948
f 4948//4948 4949//4949 1930//1930
f 1951//1951 1930//1930 4949//4949
f 4949//4949 4947//4947 1951//1951
f 1975//1975 1951//1951 4947//4947
f 284//284 1828//1828 289//289
f 4951//4951 289//289 1828//1828
f 1828//1828 1824//1824 4951//4951
f 4950//4950 4951//4951 1824//1824
f 1824//1824 1820//1820 4950//4950
f 4952//4952 4950//4950 1820//1820
f 1820//1820 1816//1816 4952//4952
f 4953//4953 4952//4952 1816//1816
f 1816//1816 1812//1812 4953//4953
f 4954//4954 4953//4953 1812//1812
f 1812//1812 1808//1808 4954//4954
f 4955//4955 4954//4954 1808//1808
f 1808//1808 1804//1804 4955//4955
f 4956//4956 4955//4955 1804//1804
f 1804//1804 1800//1800 4956//4956
f 4957//4957 4956//4956 1800//1800
f 1800//1800 1796//1796 4957//4957
f 4958//4958 4957//4957 1796//1796
f 1796//1796 1792//1792 4958//4958
f 4959//4959 4958//4958 1792//1792
f 1792//1792 1788//1788 4959//4959
f 4960//4960 4959//4959 1788//1788
f 1788//1788 1784//1784 4960//4960
f 4961//4961 4960//4960 1784//1784
f 1784//1784 667//667 4961//4961
f 703//703 4961//4961 667//667
f 289//289 4951//4951 297//297
f 4965//4965 297//297 4951//4951
f 4951//4951 4950//4950 4965//4965
f 4963//4963 4965//4965 4950//4950
f 4950//4950 4952//4952 4963//4963
f 4962//4962 4963//4963 4952//4952
f 4952//4952 4953//4953 4962//4962
f 4964//4964 4962//4962 4953//4953
f 4953//4953 4954//4954 4964//4964
f 4966//4966 4964//4964 4954//4954
f 4954//4954 4955//4955 4966//4966
f 4967//4967 4966//4966 4955//4955
f 4955//4955 4956//4956 4967//4967
f 4968//4968 4967//4967 4956//4956
f 4956//4956 4957//4957 4968//4968
f 4969//4969 4968//4968 4957//4957
f 4957//4957 4958//4958 4969//4969
f 4970//4970 4969//4969 4958//4958
f 4958//4958 4959//4959 4970//4970
f 4971//4971 4970//4970 4959//4959
f 4959//4959 4960//4960 4971//4971
f 4972//4972 4971//4971 4960//4960
f 4960//4960 4961//4961 4972//4972
f 4973//4973 4972//4972 4961//4961
f 4961//4961 703//703 4973//4973
f 708//708 4973//4973 703//703
f 297//297 4965//4965 308//308
f 4978//4978 308//308 4965//4965
f 4965//4965 4963//4963 4978//4978
f 4976//4976 4978//4978 4963//4963
f 4963//4963 4962//4962 4976//4976
f 4974//4974 4976//4976 4962//4962
f 4962//4962 4964//4964 4974//4974
f 4975//4975 4974//4974 4964//4964
f 4964//4964 4966//4966 4975//4975
f 4977//4977 4975//4975 4966//4966
f 4966//4966 4967//4967 4977//4977
f 4979//4979 4977//4977 4967//4967
f 4967//4967 4968//4968 4979//4979
f 4980//4980 4979//4979 4968//4968
f 4968//4968 4969//4969 4980//4980
f 4981//4981 4980//4980 4969//4969
f 4969//4969 4970//4970 4981//4981
f 4982//4982 4981//4981 4970//4970
f 4970//4970 4971//4971 4982//4982
f 4983//4983 4982//4982 4971//4971
f 4971//4971 4972//4972 4983//4983
f 4984//4984 4983//4983 4972//4972
f 4972//4972 4973//4973 4984//4984
f 4985//4985 4984//4984 4973//4973
f 4973//4973 708//708 4985//4985
f 709//709 4985//4985 708//708
f 308//308 4978//4978 322//322
f 4991//4991 322//322 4978//4978
f 4978//4978 4976//4976 4991//4991
f 4988//4988 4991//4991 4976//4976
f 4976//4976 4974//4974 4988//4988
f 4986//4986 4988//4988 4974//4974
f 4974//4974 4975//4975 4986//4986
f 4987//4987 4986//4986 4975//4975
f 4975//4975 4977//4977 4987//4987
f 4989//4989 4987//4987 4977//4977
f 4977//4977 4979//4979 4989//4989
f 4990//4990 4989//4989 4979//4979
f 4979//4979 4980//4980 4990//4990
f 4992//4992 4990//4990 4980//4980
f 4980//4980 4981//4981 4992//4992
f 4993//4993 4992//4992 4981//4981
f 4981//4981 4982//4982 4993//4993
f 4994//4994 4993//4993 4982//4982
f 4982//4982 4983//4983 4994//4994
f 4995//4995 4994//4994 4983//4983
f 4983//4983 4984//4984 4995//4995
f 4996//4996 4995//4995 4984//4984
f 4984//4984 4985//4985 4996//4996
f 4997//4997 4996//4996 4985//4985
f 4985//4985 709//709 4997//4997
f 744//744 4997//4997 709//709
f 322//322 4991//4991 339//339
f 5003//5003 339//339 4991//4991
f 4991//4991 4988//4988 5003//5003
f 5000//5000 5003//5003 4988//4988
f 4988//4988 4986//4986 5000//5000
f 4998//4998 5000//5000 4986//4986
f 4986//4986 4987//4987 4998//4998
f 4999//4999 4998//4998 4987//4987
f 4987//4987 4989//4989 4999//4999
f 5001//5001 4999//4999 4989//4989
f 4989//4989 4990//4990 5001//5001
f 5002//5002 5001//5001 4990//4990
f 4990//4990 4992//4992 5002//5002
f 5004//5004 5002//5002 4992//4992
f 4992//4992 4993//4993 5004//5004
f 5005//5005 5004//5004 4993//4993
f 4993//4993 4994//4994 5005//5005
f 5006//5006 5005//5005 4994//4994
f 4994//4994 4995//4995 5006//5006
f 5007//5007 5006//5006 4995//4995
f 4995//4995 4996//4996 5007//5007
f 5008//5008 5007//5007 4996//4996
f 4996//4996 4997//4997 5008//5008
f 5009//5009 5008//5008 4997//4997
f 4997//4997 744//744 5009//5009
f 776//776 5009//5009 744//744
f 339//339 5003//5003 352//352
f 5015//5015 352//352 5003//5003
f 5003//5003 5000//5000 5015//5015
f 5013//5013 5015//5015 5000//5000
f 5000//5000 4998//4998 5013//5013
f 5010//5010 5013//5013 4998//4998
f 4998//4998 4999//4999 5010//5010
f 5011//5011 5010//5010 4999//4999
f 4999//4999 5001//5001 5011//5011
f 5012//5012 5011//5011 5001//5001
f 5001//5001 5002//5002 5012//5012
f 5014//5014 5012//5012 5002//5002
f 5002//5002 5004//5004 5014//5014
f 5016//5016 5014//5014 5004//5004
f 5004//5004 5005//5005 5016//5016
f 5017//5017 5016//5016 5005//5005
f 5005//5005 5006//5006 5017//5017
f 5018//5018 5017//5017 5006//5006
f 5006//5006 5007//5007 5018//5018
f 5019//5019 5018//5018 5007//5007
f 5007//5007 5008//5008 5019//5019
f 5020//5020 5019//5019 5008//5008
f 5008//5008 5009//5009 5020//5020
f 5021//5021 5020//5020 5009//5009
f 5009//5009 776//776 5021//5021
f 802//802 5021//5021 776//776
f 352//352 5015//5015 365//365
f 5027//5027 365//365 5015//5015
f 5015//5015 5013//5013 5027//5027
f 5025//5025 5027//5027 5013//5013
f 5013//5013 5010//5010 5025//5025
f 5022//5022 5025//5025 5010//5010
f 5010//5010 5011//5011 5022//5022
f 5023//5023 5022//5022 5011//5011
f 5011//5011 5012//5012 5023//5023
f 5024//5024 5023//5023 5012//5012
f 5012//5012 5014//5014 5024//5024
f 5026//5026 5024//5024 5014//5014
f 5014//5014 5016//5016 5026//5026
f 5028//5028 5026//5026 5016//5016
f 5016//5016 5017//5017 5028//5028
f 5029//5029 5028//5028 5017//5017
f 5017//5017 5018//5018 5029//5029
f 5030//5030 5029//5029 5018//5018
f 5018//5018 5019//5019 5030//5030
f 5031//5031 5030//5030 5019//5019
f 5019//5019 5020//5020 5031//5031
f 5032//5032 5031//5031 5020//5020
f 5020//5020 5021//5021 5032//5032
f 5033//5033 5032//5032 5021//5021
f 5021//5021 802//802 5033//5033
f 803//803 5033//5033 802//802
f 365//365 5027//5027 374//374
f 5038//5038 374//374 5027//5027
f 5027//5027 5025//5025 5038//5038
f 5036//5036 5038//5038 5025//5025
f 5025//5025 5022//5022 5036//5036
f 5034//5034 5036//5036 5022//5022
f 5022//5022 5023//5023 5034//5034
f 5035//5035 5034//5034 5023//5023
f 5023//5023 5024//5024 5035//5035
f 5037//5037 5035//5035 5024//5024
f 5024//5024 5026//5026 5037//5037
f 5039//5039 5037//5037 5026//5026
f 5026//5026 5028//5028 5039//5039
f 5040//5040 5039//5039 5028//5028
f 5028//5028 5029//5029 5040//5040
f 5041//5041 5040//5040 5029//5029
f 5029//5029 5030//5030 5041//5041
f 5042//5042 5041//5041 5030//5030
f 5030//5030 5031//5031 5042//5042
f 5043//5043 5042//5042 5031//5031
f 5031//5031 5032//5032 5043//5043
f 5044//5044 5043//5043 5032//5032
f 5032//5032 5033//5033 5044//5044
f 5045//5045 5044//5044 5033//5033
f 5033//5033 803//803 5045//5045
f 804//804 5045//5045 803//803
f 374//374 5038//5038 391//391
f 5050//5050 391//391 5038//5038
f 5038//5038 5036//5036 5050//5050
f 5048//5048 5050//5050 5036//5036
f 5036//5036 5034//5034 5048//5048
f 5046//5046 5048//5048 5034//5034
f 5034//5034 5035//5035 5046//5046
f 5047//5047 5046//5046 5035//5035
f 5035//5035 5037//5037 5047//5047
f 5049//5049 5047//5047 5037//5037
f 5037//5037 5039//5039 5049//5049
f 5051//5051 5049//5049 5039//5039
f 5039//5039 5040//5040 5051//5051
f 5052//5052 5051//5051 5040//5040
f 5040//5040 5041//5041 5052//5052
f 5053//5053 5052//5052 5041//5041
f 5041//5041 5042//5042 5053//5053
f 5054//5054 5053//5053 5042//5042
f 5042//5042 5043//5043 5054//5054
f 5055//5055 5054//5054 5043//5043
f 5043//5043 5044//5044 5055//5055
f 5056//5056 5055//5055 5044//5044
f 5044//5044 5045//5045 5056//5056
f 5061//5061 5056//5056 5045//5045
f 5045//5045 804//804 5061//5061
f 835//835 5061//5061 804//804
f 391//391 5050//5050 406//406
f 5062//5062 406//406 5050//5050
f 5050//5050 5048//5048 5062//5062
f 5059//5059 5062//5062 5048//5048
f 5048//5048 5046//5046 5059//5059
f 5057//5057 5059//5059 5046//5046
f 5046//5046 5047//5047 5057//5057
f 5058//5058 5057//5057 5047//5047
f 5047//5047 5049//5049 5058//5058
f 5060//5060 5058//5058 5049//5049
f 5049//5049 5051//5051 5060//5060
f 5063//5063 5060//5060 5051//5051
f 5051//5051 5052//5052 5063//5063
f 5064//5064 5063//5063 5052//5052
f 5052//5052 5053//5053 5064//5064
f 5065//5065 5064//5064 5053//5053
f 5053//5053 5054//5054 5065//5065
f 5066//5066 5065//5065 5054//5054
f 5054//5054 5055//5055 5066//5066
f 5067//5067 5066//5066 5055//5055
f 5055//5055 5056//5056 5067//5067
f 5068//5068 5067//5067 5056//5056
f 5056//5056 5061//5061 5068//5068
f 5075//5075 5068//5068 5061//5061
f 5061//5061 835//835 5075//5075
f 860//860 5075//5075 835//835
f 406//406 5062//5062 421//421
f 5073//5073 421//421 5062//5062
f 5062//5062 5059//5059 5073//5073
f 5071//5071 5073//5073 5059//5059
f 5059//5059 5057//5057 5071//5071
f 5069//5069 5071//5071 5057//5057
f 5057//5057 5058//5058 5069//5069
f 5070//5070 5069//5069 5058//5058
f 5058//5058 5060//5060 5070//5070
f 5072//5072 5070//5070 5060//5060
f 5060//5060 5063//5063 5072//5072
f 5074//5074 5072//5072 5063//5063
f 5063//5063 5064//5064 5074//5074
f 5076//5076 5074//5074 5064//5064
f 5064//5064 5065//5065 5076//5076
f 5077//5077 5076//5076 5065//5065
f 5065//5065 5066//5066 5077//5077
f 5078//5078 5077//5077 5066//5066
f 5066//5066 5067//5067 5078//5078
f 5079//5079 5078//5078 5067//5067
f 5067//5067 5068//5068 5079//5079
f 5080//5080 5079//5079 5068//5068
f 5068//5068 5075//5075 5080//5080
f 5088//5088 5080//5080 5075//5075
f 5075//5075 860//860 5088//5088
f 885//885 5088//5088 860//860
f 421//421 5073//5073 436//436
f 5085//5085 436//436 5073//5073
f 5073//5073 5071//5071 5085//5085
f 5083//5083 5085//5085 5071//5071
f 5071//5071 5069//5069 5083//5083
f 5081//5081 5083//5083 5069//5069
f 5069//5069 5070//5070 5081//5081
f 5082//5082 5081//5081 5070//5070
f 5070//5070 5072//5072 5082//5082
f 5084//5084 5082//5082 5072//5072
f 5072//5072 5074//5074 5084//5084
f 5086//5086 5084//5084 5074//5074
f 5074//5074 5076//5076 5086//5086
f 5087//5087 5086//5086 5076//5076
f 5076//5076 5077//5077 5087//5087
f 5089//5089 5087//5087 5077//5077
f 5077//5077 5078//5078 5089//5089
f 5090//5090 5089//5089 5078//5078
f 5078//5078 5079//5079 5090//5090
f 5091//5091 5090//5090 5079//5079
f 5079//5079 5080//5080 5091//5091
f 5092//5092 5091//5091 5080//5080
f 5080//5080 5088//5088 5092//5092
f 5101//5101 5092//5092 5088//5088
f 5088//5088 885//885 5101//5101
f 908//908 5101//5101 885//885
f 436//436 5085//5085 448//448
f 5097//5097 448//448 5085//5085
f 5085//5085 5083//5083 5097//5097
f 5094//5094 5097//5097 5083//5083
f 5083//5083 5081//5081 5094//5094
f 5093//5093 5094//5094 5081//5081
f 5081//5081 5082//5082 5093//5093
f 5095//5095 5093//5093 5082//5082
f 5082//5082 5084//5084 5095//5095
f 5096//5096 5095//5095 5084//5084
f 5084//5084 5086//5086 5096//5096
f 5098//5098 5096//5096 5086//5086
f 5086//5086 5087//5087 5098//5098
f 5099//5099 5098//5098 5087//5087
f 5087//5087 5089//5089 5099//5099
f 5100//5100 5099//5099 5089//5089
f 5089//5089 5090//5090 5100//5100
f 5102//5102 5100//5100 5090//5090
f 5090//5090 5091//5091 5102//5102
f 5103//5103 5102//5102 5091//5091
f 5091//5091 5092//5092 5103//5103
f 5104//5104 5103//5103 5092//5092
f 5092//5092 5101//5101 5104//5104
f 5113//5113 5104//5104 5101//5101
f 5101//5101 908//908 5113//5113
f 929//929 5113//5113 908//908
f 448//448 5097//5097 460//460
f 5108//5108 460//460 5097//5097
f 5097//5097 5094//5094 5108//5108
f 5106//5106 5108//5108 5094//5094
f 5094//5094 5093//5093 5106//5106
f 5105//5105 5106//5106 5093//5093
f 5093//5093 5095//5095 5105//5105
f 5107//5107 5105//5105 5095//5095
f 5095//5095 5096//5096 5107//5107
f 5109//5109 5107//5107 5096//5096
f 5096//5096 5098//5098 5109//5109
f 5110//5110 5109//5109 5098//5098
f 5098//5098 5099//5099 5110//5110
f 5111//5111 5110//5110 5099//5099
f 5099//5099 5100//5100 5111//5111
f 5112//5112 5111//5111 5100//5100
f 5100//5100 5102//5102 5112//5112
f 5114//5114 5112//5112 5102//5102
f 5102//5102 5103//5103 5114//5114
f 5115//5115 5114//5114 5103//5103
f 5103//5103 5104//5104 5115//5115
f 5120//5120 5115//5115 5104//5104
f 5104//5104 5113//5113 5120//5120
f 5125//5125 5120//5120 5113//5113
f 5113//5113 929//929 5125//5125
f 947//947 5125//5125 929//929
f 460//460 5108//5108 470//470
f 5119//5119 470//470 5108//5108
f 5108//5108 5106//5106 5119//5119
f 5117//5117 5119//5119 5106//5106
f 5106//5106 5105//5105 5117//5117
f 5116//5116 5117//5117 5105//5105
f 5105//5105 5107//5107 5116//5116
f 5118//5118 5116//5116 5107//5107
f 5107//5107 5109//5109 5118//5118
f 5121//5121 5118//5118 5109//5109
f 5109//5109 5110//5110 5121//5121
f 5122//5122 5121//5121 5110//5110
f 5110//5110 5111//5111 5122//5122
f 5123//5123 5122//5122 5111//5111
f 5111//5111 5112//5112 5123//5123
f 5124//5124 5123//5123 5112//5112
f 5112//5112 5114//5114 5124//5124
f 5126//5126 5124//5124 5114//5114
f 5114//5114 5115//5115 5126//5126
f 5127//5127 5126//5126 5115//5115
f 5115//5115 5120//5120 5127//5127
f 5134//5134 5127//5127 5120//5120
f 5120//5120 5125//5125 5134//5134
f 5138//5138 5134//5134 5125//5125
f 5125//5125 947//947 5138//5138
f 959//959 5138//5138 947//947
f 470//470 5119//5119 480//480
f 5131//5131 480//480 5119//5119
f 5119//5119 5117//5117 5131//5131
f 5128//5128 5131//5131 5117//5117
f 5117//5117 5116//5116 5128//5128
f 5129//5129 5128//5128 5116//5116
f 5116//5116 5118//5118 5129//5129
f 5130//5130 5129//5129 5118//5118
f 5118//5118 5121//5121 5130//5130
f 5132//5132 5130//5130 5121//5121
f 5121//5121 5122//5122 5132//5132
f 5133//5133 5132//5132 5122//5122
f 5122//5122 5123//5123 5133//5133
f 5135//5135 5133//5133 5123//5123
f 5123//5123 5124//5124 5135//5135
f 5136//5136 5135//5135 5124//5124
f 5124//5124 5126//5126 5136//5136
f 5137//5137 5136//5136 5126//5126
f 5126//5126 5127//5127 5137//5137
f 5139//5139 5137//5137 5127//5127
f 5127//5127 5134//5134 5139//5139
f 5146//5146 5139//5139 5134//5134
f 5134//5134 5138//5138 5146//5146
f 5150//5150 5146//5146 5138//5138
f 5138//5138 959//959 5150//5150
f 970//970 5150//5150 959//959
f 480//480 5131//5131 490//490
f 5142//5142 490//490 5131//5131
f 5131//5131 5128//5128 5142//5142
f 5140//5140 5142//5142 5128//5128
f 5128//5128 5129//5129 5140//5140
f 5141//5141 5140//5140 5129//5129
f 5129//5129 5130//5130 5141//5141
f 5143//5143 5141//5141 5130//5130
f 5130//5130 5132//5132 5143//5143
f 5144//5144 5143//5143 5132//5132
f 5132//5132 5133//5133 5144//5144
f 5145//5145 5144//5144 5133//5133
f 5133//5133 5135//5135 5145//5145
f 5147//5147 5145//5145 5135//5135
f 5135//5135 5136//5136 5147//5147
f 5148//5148 5147//5147 5136//5136
f 5136//5136 5137//5137 5148//5148
f 5149//5149 5148//5148 5137//5137
f 5137//5137 5139//5139 5149//5149
f 5151//5151 5149//5149 5139//5139
f 5139//5139 5146//5146 5151//5151
f 5159//5159 5151//5151 5146//5146
f 5146//5146 5150//5150 5159//5159
f 5162//5162 5159//5159 5150//5150
f 5150//5150 970//970 5162//5162
f 981//981 5162//5162 970//970
f 490//490 5142//5142 500//500
f 5154//5154 500//500 5142//5142
f 5142//5142 5140//5140 5154//5154
f 5152//5152 5154//5154 5140//5140
f 5140//5140 5141//5141 5152//5152
f 5153//5153 5152//5152 5141//5141
f 5141//5141 5143//5143 5153//5153
f 5155//5155 5153//5153 5143//5143
f 5143//5143 5144//5144 5155//5155
f 5156//5156 5155//5155 5144//5144
f 5144//5144 5145//5145 5156//5156
f 5157//5157 5156//5156 5145//5145
f 5145//5145 5147//5147 5157//5157
f 5158//5158 5157//5157 5147//5147
f 5147//5147 5148//5148 5158//5158
f 5160//5160 5158//5158 5148//5148
f 5148//5148 5149//5149 5160//5160
f 5161//5161 5160//5160 5149//5149
f 5149//5149 5151//5151 5161//5161
f 5163//5163 5161//5161 5151//5151
f 5151//5151 5159//5159 5163//5163
f 5171//5171 5163//5163 5159//5159
f 5159//5159 5162//5162 5171//5171
f 5174//5174 5171//5171 5162//5162
f 5162//5162 981//981 5174//5174
f 982//982 5174//5174 981//981
f 500//500 5154//5154 506//506
f 5165//5165 506//506 5154//5154
f 5154//5154 5152//5152 5165//5165
f 5164//5164 5165//5165 5152//5152
f 5152//5152 5153//5153 5164//5164
f 5166//5166 5164//5164 5153//5153
f 5153//5153 5155//5155 5166//5166
f 5167//5167 5166//5166 5155//5155
f 5155//5155 5156//5156 5167//5167
f 5168//5168 5167//5167 5156//5156
f 5156//5156 5157//5157 5168//5168
f 5169//5169 5168//5168 5157//5157
f 5157//5157 5158//5158 5169//5169
f 5170//5170 5169//5169 5158//5158
f 5158//5158 5160//5160 5170//5170
f 5172//5172 5170//5170 5160//5160
f 5160//5160 5161//5161 5172//5172
f 5173//5173 5172//5172 5161//5161
f 5161//5161 5163//5163 5173//5173
f 5175//5175 5173//5173 5163//5163
f 5163//5163 5171//5171 5175//5175
f 5183//5183 5175//5175 5171//5171
f 5171//5171 5174//5174 5183//5183
f 5186//5186 5183//5183 5174//5174
f 5174//5174 982//982 5186//5186
f 995//995 5186//5186 982//982
f 506//506 5165//5165 512//512
f 5177//5177 512//512 5165//5165
f 5165//5165 5164//5164 5177//5177
f 5176//5176 5177//5177 5164//5164
f 5164//5164 5166//5166 5176//5176
f 5178//5178 5176//5176 5166//5166
f 5166//5166 5167//5167 5178//5178
f 5179//5179 5178//5178 5167//5167
f 5167//5167 5168//5168 5179//5179
f 5180//5180 5179//5179 5168//5168
f 5168//5168 5169//5169 5180//5180
f 5181//5181 5180//5180 5169//5169
f 5169//5169 5170//5170 5181//5181
f 5182//5182 5181//5181 5170//5170
f 5170//5170 5172//5172 5182//5182
f 5184//5184 5182//5182 5172//5172
f 5172//5172 5173//5173 5184//5184
f 5185//5185 5184//5184 5173//5173
f 5173//5173 5175//5175 5185//5185
f 5187//5187 5185//5185 5175//5175
f 5175//5175 5183//5183 5187//5187
f 5196//5196 5187//5187 5183//5183
f 5183//5183 5186//5186 5196//5196
f 5198//5198 5196//5196 5186//5186
f 5186//5186 995//995 5198//5198
f 1006//1006 5198//5198 995//995
f 512//512 5177//5177 518//518
f 5188//5188 518//518 5177//5177
f 5177//5177 5176//5176 5188//5188
f 5189//5189 5188//5188 5176//5176
f 5176//5176 5178//5178 5189//5189
f 5190//5190 5189//5189 5178//5178
f 5178//5178 5179//5179 5190//5190
f 5191//5191 5190//5190 5179//5179
f 5179//5179 5180//5180 5191//5191
f 5192//5192 5191//5191 5180//5180
f 5180//5180 5181//5181 5192//5192
f 5193//5193 5192//5192 5181//5181
f 5181//5181 5182//5182 5193//5193
f 5194//5194 5193//5193 5182//5182
f 5182//5182 5184//5184 5194//5194
f 5195//5195 5194//5194 5184//5184
f 5184//5184 5185//5185 5195//5195
f 5197//5197 5195//5195 5185//5185
f 5185//5185 5187//5187 5197//5197
f 5199//5199 5197//5197 5187//5187
f 5187//5187 5196//5196 5199//5199
f 5208//5208 5199//5199 5196//5196
f 5196//5196 5198//5198 5208//5208
f 5210//5210 5208//5208 5198//5198
f 5198//5198 1006//1006 5210//5210
f 1017//1017 5210//5210 1006//1006
f 518//518 5188//5188 519//519
f 5200//5200 519//519 5188//5188
f 5188//5188 5189//5189 5200//5200
f 5201//5201 5200//5200 5189//5189
f 5189//5189 5190//5190 5201//5201
f 5202//5202 5201//5201 5190//5190
f 5190//5190 5191//5191 5202//5202
f 5203//5203 5202//5202 5191//5191
f 5191//5191 5192//5192 5203//5203
f 5204//5204 5203//5203 5192//5192
f 5192//5192 5193//5193 5204//5204
f 5205//5205 5204//5204 5193//5193
f 5193//5193 5194//5194 5205//5205
f 5206//5206 5205//5205 5194//5194
f 5194//5194 5195//5195 5206//5206
f 5207//5207 5206//5206 5195//5195
f 5195//5195 5197//5197 5207//5207
f 5209//5209 5207//5207 5197//5197
f 5197//5197 5199//5199 5209//5209
f 5214//5214 5209//5209 5199//5199
f 5199//5199 5208//5208 5214//5214
f 5220//5220 5214//5214 5208//5208
f 5208//5208 5210//5210 5220//5220
f 5227//5227 5220//5220 5210//5210
f 5210//5210 1017//1017 5227//5227
f 1028//1028 5227//5227 1017//1017
f 519//519 5200//5200 525//525
f 5211//5211 525//525 5200//5200
f 5200//5200 5201//5201 5211//5211
f 5212//5212 5211//5211 5201//5201
f 5201//5201 5202//5202 5212//5212
f 5213//5213 5212//5212 5202//5202
f 5202//5202 5203//5203 5213//5213
f 5215//5215 5213//5213 5203//5203
f 5203//5203 5204//5204 5215//5215
f 5216//5216 5215//5215 5204//5204
f 5204//5204 5205//5205 5216//5216
f 5217//5217 5216//5216 5205//5205
f 5205//5205 5206//5206 5217//5217
f 5218//5218 5217//5217 5206//5206
f 5206//5206 5207//5207 5218//5218
f 5219//5219 5218//5218 5207//5207
f 5207//5207 5209//5209 5219//5219
f 5221//5221 5219//5219 5209//5209
f 5209//5209 5214//5214 5221//5221
f 5228//5228 5221//5221 5214//5214
f 5214//5214 5220//5220 5228//5228
f 5232//5232 5228//5228 5220//5220
f 5220//5220 5227//5227 5232//5232
f 5241//5241 5232//5232 5227//5227
f 5227//5227 1028//1028 5241//5241
f 1037//1037 5241//5241 1028//1028
f 525//525 5211//5211 529//529
f 5222//5222 529//529 5211//5211
f 5211//5211 5212//5212 5222//5222
f 5223//5223 5222//5222 5212//5212
f 5212//5212 5213//5213 5223//5223
f 5224//5224 5223//5223 5213//5213
f 5213//5213 5215//5215 5224//5224
f 5225//5225 5224//5224 5215//5215
f 5215//5215 5216//5216 5225//5225
f 5226//5226 5225//5225 5216//5216
f 5216//5216 5217//5217 5226//5226
f 5229//5229 5226//5226 5217//5217
f 5217//5217 5218//5218 5229//5229
f 5230//5230 5229//5229 5218//5218
f 5218//5218 5219//5219 5230//5230
f 5231//5231 5230//5230 5219//5219
f 5219//5219 5221//5221 5231//5231
f 5233//5233 5231//5231 5221//5221
f 5221//5221 5228//5228 5233//5233
f 5239//5239 5233//5233 5228//5228
f 5228//5228 5232//5232 5239//5239
f 5244//5244 5239//5239 5232//5232
f 5232//5232 5241//5241 5244//5244
f 5253//5253 5244//5244 5241//5241
f 5241//5241 1037//1037 5253//5253
f 1046//1046 5253//5253 1037//1037
f 529//529 5222//5222 533//533
f 5234//5234 533//533 5222//5222
f 5222//5222 5223//5223 5234//5234
f 5235//5235 5234//5234 5223//5223
f 5223//5223 5224//5224 5235//5235
f 5236//5236 5235//5235 5224//5224
f 5224//5224 5225//5225 5236//5236
f 5237//5237 5236//5236 5225//5225
f 5225//5225 5226//5226 5237//5237
f 5238//5238 5237//5237 5226//5226
f 5226//5226 5229//5229 5238//5238
f 5240//5240 5238//5238 5229//5229
f 5229//5229 5230//5230 5240//5240
f 5242//5242 5240//5240 5230//5230
f 5230//5230 5231//5231 5242//5242
f 5243//5243 5242//5242 5231//5231
f 5231//5231 5233//5233 5243//5243
f 5245//5245 5243//5243 5233//5233
f 5233//5233 5239//5239 5245//5245
f 5251//5251 5245//5245 5239//5239
f 5239//5239 5244//5244 5251//5251
f 5256//5256 5251//5251 5244//5244
f 5244//5244 5253//5253 5256//5256
f 5266//5266 5256//5256 5253//5253
f 5253//5253 1046//1046 5266//5266
f 1055//1055 5266//5266 1046//1046
f 533//533 5234//5234 537//537
f 5246//5246 537//537 5234//5234
f 5234//5234 5235//5235 5246//5246
f 5247//5247 5246//5246 5235//5235
f 5235//5235 5236//5236 5247//5247
f 5248//5248 5247//5247 5236//5236
f 5236//5236 5237//5237 5248//5248
f 5249//5249 5248//5248 5237//5237
f 5237//5237 5238//5238 5249//5249
f 5250//5250 5249//5249 5238//5238
f 5238//5238 5240//5240 5250//5250
f 5252//5252 5250//5250 5240//5240
f 5240//5240 5242//5242 5252//5252
f 5254//5254 5252//5252 5242//5242
f 5242//5242 5243//5243 5254//5254
f 5255//5255 5254//5254 5243//5243
f 5243//5243 5245//5245 5255//5255
f 5257//5257 5255//5255 5245//5245
f 5245//5245 5251//5251 5257//5257
f 5263//5263 5257//5257 5251//5251
f 5251//5251 5256//5256 5263//5263
f 5268//5268 5263//5263 5256//5256
f 5256//5256 5266//5266 5268//5268
f 5278//5278 5268//5268 5266//5266
f 5266//5266 1055//1055 5278//5278
f 1064//1064 5278//5278 1055//1055
f 537//537 5246//5246 539//539
f 5258//5258 539//539 5246//5246
f 5246//5246 5247//5247 5258//5258
f 5259//5259 5258//5258 5247//5247
f 5247//5247 5248//5248 5259//5259
f 5260//5260 5259//5259 5248//5248
f 5248//5248 5249//5249 5260//5260
f 5261//5261 5260//5260 5249//5249
f 5249//5249 5250//5250 5261//5261
f 5262//5262 5261//5261 5250//5250
f 5250//5250 5252//5252 5262//5262
f 5264//5264 5262//5262 5252//5252
f 5252//5252 5254//5254 5264//5264
f 5265//5265 5264//5264 5254//5254
f 5254//5254 5255//5255 5265//5265
f 5267//5267 5265//5265 5255//5255
f 5255//5255 5257//5257 5267//5267
f 5269//5269 5267//5267 5257//5257
f 5257//5257 5263//5263 5269//5269
f 5272//5272 5269//5269 5263//5263
f 5263//5263 5268//5268 5272//5272
f 5280//5280 5272//5272 5268//5268
f 5268//5268 5278//5278 5280//5280
f 5290//5290 5280//5280 5278//5278
f 5278//5278 1064//1064 5290//5290
f 1073//1073 5290//5290 1064//1064
f 539//539 5258//5258 541//541
f 5270//5270 541//541 5258//5258
f 5258//5258 5259//5259 5270//5270
f 5271//5271 5270//5270 5259//5259
f 5259//5259 5260//5260 5271//5271
f 5273//5273 5271//5271 5260//5260
f 5260//5260 5261//5261 5273//5273
f 5274//5274 5273//5273 5261//5261
f 5261//5261 5262//5262 5274//5274
f 5275//5275 5274//5274 5262//5262
f 5262//5262 5264//5264 5275//5275
f 5276//5276 5275//5275 5264//5264
f 5264//5264 5265//5265 5276//5276
f 5277//5277 5276//5276 5265//5265
f 5265//5265 5267//5267 5277//5277
f 5279//5279 5277//5277 5267//5267
f 5267//5267 5269//5269 5279//5279
f 5281//5281 5279//5279 5269//5269
f 5269//5269 5272//5272 5281//5281
f 5282//5282 5281//5281 5272//5272
f 5272//5272 5280//5280 5282//5282
f 5291//5291 5282//5282 5280//5280
f 5280//5280 5290//5290 5291//5291
f 5298//5298 5291//5291 5290//5290
f 5290//5290 1073//1073 5298//5298
f 1074//1074 5298//5298 1073//1073
f 541//541 5270//5270 543//543
f 5283//5283 543//543 5270//5270
f 5270//5270 5271//5271 5283//5283
f 5284//5284 5283//5283 5271//5271
f 5271//5271 5273//5273 5284//5284
f 5285//5285 5284//5284 5273//5273
f 5273//5273 5274//5274 5285//5285
f 5286//5286 5285//5285 5274//5274
f 5274//5274 5275//5275 5286//5286
f 5287//5287 5286//5286 5275//5275
f 5275//5275 5276//5276 5287//5287
f 5288//5288 5287//5287 5276//5276
f 5276//5276 5277//5277 5288//5288
f 5289//5289 5288//5288 5277//5277
f 5277//5277 5279//5279 5289//5289
f 5292//5292 5289//5289 5279//5279
f 5279//5279 5281//5281 5292//5292
f 5293//5293 5292//5292 5281//5281
f 5281//5281 5282//5282 5293//5293
f 5294//5294 5293//5293 5282//5282
f 5282//5282 5291//5291 5294//5294
f 5295//5295 5294//5294 5291//5291
f 5291//5291 5298//5298 5306//5306
f 5306//5306 5295//5295 5291//5291
f 5298//5298 1074//1074 1082//1082
f 1082//1082 5306//5306 5298//5298
f 543//543 5283//5283 545//545
f 5296//5296 545//545 5283//5283
f 5283//5283 5284//5284 5296//5296
f 5297//5297 5296//5296 5284//5284
f 5284//5284 5285//5285 5297//5297
f 5299//5299 5297//5297 5285//5285
f 5285//5285 5286//5286 5299//5299
f 5300//5300 5299//5299 5286//5286
f 5286//5286 5287//5287 5300//5300
f 5301//5301 5300//5300 5287//5287
f 5287//5287 5288//5288 5301//5301
f 5302//5302 5301//5301 5288//5288
f 5288//5288 5289//5289 5302//5302
f 5303//5303 5302//5302 5289//5289
f 5289//5289 5292//5292 5303//5303
f 5304//5304 5303//5303 5292//5292
f 5292//5292 5293//5293 5304//5304
f 5305//5305 5304//5304 5293//5293
f 5293//5293 5294//5294 5305//5305
f 5307//5307 5305//5305 5294//5294
f 5294//5294 5295//5295 5307//5307
f 5306//5306 5307//5307 5295//5295
f 545//545 5296//5296 1//1
f 1162//1162 1//1 5296//5296
f 5296//5296 5297//5297 1162//1162
f 1154//1154 1162//1162 5297//5297
f 5297//5297 5299//5299 1154//1154
f 1146//1146 1154//1154 5299//5299
f 5299//5299 5300//5300 1146//1146
f 1138//1138 1146//1146 5300//5300
f 5300//5300 5301//5301 1138//1138
f 1130//1130 1138//1138 5301//5301
f 5301//5301 5302//5302 1130//1130
f 1122//1122 1130//1130 5302//5302
f 5302//5302 5303//5303 1122//1122
f 1114//1114 1122//1122 5303//5303
f 5303//5303 5304//5304 1114//1114
f 1106//1106 1114//1114 5304//5304
f 5304//5304 5305//5305 1106//1106
f 1098//1098 1106//1106 5305//5305
f 5305//5305 5307//5307 1098//1098
f 1090//1090 1098//1098 5307//5307
f 5307//5307 5306//5306 1090//1090
f 1082//1082 1090//1090 5306//5306
f 685//685 5308//5308 5341//5341
f 5341//5341 683//683 685//685
f 5308//5308 5309//5309 5342//5342
f 5342//5342 5341//5341 5308//5308
f 5309//5309 5310//5310 5343//5343
f 5343//5343 5342//5342 5309//5309
f 5310//5310 5311//5311 5344//5344
f 5344//5344 5343//5343 5310//5310
f 5311//5311 5312//5312 5345//5345
f 5345//5345 5344//5344 5311//5311
f 5312//5312 5313//5313 5346//5346
f 5346//5346 5345//5345 5312//5312
f 5313//5313 5314//5314 5347//5347
f 5347//5347 5346//5346 5313//5313
f 5314//5314 5315//5315 5348//5348
f 5348//5348 5347//5347 5314//5314
f 5315//5315 5316//5316 5349//5349
f 5349//5349 5348//5348 5315//5315
f 5316//5316 5317//5317 5350//5350
f 5350//5350 5349//5349 5316//5316
f 5317//5317 5318//5318 5351//5351
f 5351//5351 5350//5350 5317//5317
f 5318//5318 5319//5319 5352//5352
f 5352//5352 5351//5351 5318//5318
f 5319//5319 5320//5320 5353//5353
f 5353//5353 5352//5352 5319//5319
f 5320//5320 5321//5321 5354//5354
f 5354//5354 5353//5353 5320//5320
f 5321//5321 5322//5322 5355//5355
f 5355//5355 5354//5354 5321//5321
f 5322//5322 5323//5323 5356//5356
f 5356//5356 5355//5355 5322//5322
f 5323//5323 5324//5324 5357//5357
f 5357//5357 5356//5356 5323//5323
f 5324//5324 5325//5325 5358//5358
f 5358//5358 5357//5357 5324//5324
f 5325//5325 5326//5326 5359//5359
f 5359//5359 5358//5358 5325//5325
f 5326//5326 5327//5327 5360//5360
f 5360//5360 5359//5359 5326//5326
f 5327//5327 5328//5328 5361//5361
f 5361//5361 5360//5360 5327//5327
f 5328//5328 5329//5329 5362//5362
f 5362//5362 5361//5361 5328//5328
f 5329//5329 5330//5330 5363//5363
f 5363//5363 5362//5362 5329//5329
f 5330//5330 5331//5331 5364//5364
f 5364//5364 5363//5363 5330//5330
f 5331//5331 5332//5332 5365//5365
f 5365//5365 5364//5364 5331//5331
f 5332//5332 5333//5333 5366//5366
f 5366//5366 5365//5365 5332//5332
f 5333//5333 5334//5334 5367//5367
f 5367//5367 5366//5366 5333//5333
f 5334//5334 5335//5335 5368//5368
f 5368//5368 5367//5367 5334//5334
f 5335//5335 5336//5336 5369//5369
f 5369//5369 5368//5368 5335//5335
f 5336//5336 5337//5337 5370//5370
f 5370//5370 5369//5369 5336//5336
f 5337//5337 5338//5338 5371//5371
f 5371//5371 5370//5370 5337//5337
f 5338//5338 5339//5339 5372//5372
f 5372//5372 5371//5371 5338//5338
f 5339//5339 5340//5340 5373//5373
f 5373//5373 5372//5372 5339//5339
f 5340//5340 1499//1499 1504//1504
f 1504//1504 5373//5373 5340//5340
f 683//683 5341//5341 5374//5374
f 5374//5374 682//682 683//683
f 5341//5341 5342//5342 5375//5375
f 5375//5375 5374//5374 5341//5341
f 5342//5342 5343//5343 5376//5376
f 5376//5376 5375//5375 5342//5342
f 5343//5343 5344//5344 5377//5377
f 5377//5377 5376//5376 5343//5343
f 5344//5344 5345//5345 5378//5378
f 5378//5378 5377//5377 5344//5344
f 5345//5345 5346//5346 5379//5379
f 5379//5379 5378//5378 5345//5345
f 5346//5346 5347//5347 5380//5380
f 5380//5380 5379//5379 5346//5346
f 5347//5347 5348//5348 5381//5381
f 5381//5381 5380//5380 5347//5347
f 5348//5348 5349//5349 5382//5382
f 5382//5382 5381//5381 5348//5348
f 5349//5349 5350//5350 5383//5383
f 5383//5383 5382//5382 5349//5349
f 5350//5350 5351//5351 5384//5384
f 5384//5384 5383//5383 5350//5350
f 5351//5351 5352//5352 5385//5385
f 5385//5385 5384//5384 5351//5351
f 5352//5352 5353//5353 5386//5386
f 5386//5386 5385//5385 5352//5352
f 5353//5353 5354//5354 5387//5387
f 5387//5387 5386//5386 5353//5353
f 5354//5354 5355//5355 5388//5388
f 5388//5388 5387//5387 5354//5354
f 5355//5355 5356//5356 5389//5389
f 5389//5389 5388//5388 5355//5355
f 5356//5356 5357//5357 5390//5390
f 5390//5390 5389//5389 5356//5356
f 5357//5357 5358//5358 5391//5391
f 5391//5391 5390//5390 5357//5357
f 5358//5358 5359//5359 5392//5392
f 5392//5392 5391//5391 5358//5358
f 5359//5359 5360//5360 5393//5393
f 5393//5393 5392//5392 5359//5359
f 5360//5360 5361//5361 5394//5394
f 5394//5394 5393//5393 5360//5360
f 5361//5361 5362//5362 5395//5395
f 5395//5395 5394//5394 5361//5361
f 5362//5362 5363//5363 5396//5396
f 5396//5396 5395//5395 5362//5362
f 5363//5363 5364//5364 5397//5397
f 5397//5397 5396//5396 5363//5363
f 5364//5364 5365//5365 5398//5398
f 5398//5398 5397//5397 5364//5364
f 5365//5365 5366//5366 5399//5399
f 5399//5399 5398//5398 5365//5365
f 5366//5366 5367//5367 5400//5400
f 5400//5400 5399//5399 5366//5366
f 5367//5367 5368//5368 5401//5401
f 5401//5401 5400//5400 5367//5367
f 5368//5368 5369//5369 5402//5402
f 5402//5402 5401//5401 5368//5368
f 5369//5369 5370//5370 5403//5403
f 5403//5403 5402//5402 5369//5369
f 5370//5370 5371//5371 5404//5404
f 5404//5404 5403//5403 5370//5370
f 5371//5371 5372//5372 5405//5405
f 5405//5405 5404//5404 5371//5371
f 5372//5372 5373//5373 5406//5406
f 5406//5406 5405//5405 5372//5372
f 5373//5373 1504//1504 1509//1509
f 1509//1509 5406//5406 5373//5373
f 682//682 5374//5374 5407//5407
f 5407//5407 681//681 682//682
f 5374//5374 5375//5375 5408//5408
f 5408//5408 5407//5407 5374//5374
f 5375//5375 5376//5376 5409//5409
f 5409//5409 5408//5408 5375//5375
f 5376//5376 5377//5377 5410//5410
f 5410//5410 5409//5409 5376//5376
f 5377//5377 5378//5378 5411//5411
f 5411//5411 5410//5410 5377//5377
f 5378//5378 5379//5379 5412//5412
f 5412//5412 5411//5411 5378//5378
f 5379//5379 5380//5380 5413//5413
f 5413//5413 5412//5412 5379//5379
f 5380//5380 5381//5381 5414//5414
f 5414//5414 5413//5413 5380//5380
f 5381//5381 5382//5382 5415//5415
f 5415//5415 5414//5414 5381//5381
f 5382//5382 5383//5383 5416//5416
f 5416//5416 5415//5415 5382//5382
f 5383//5383 5384//5384 5417//5417
f 5417//5417 5416//5416 5383//5383
f 5384//5384 5385//5385 5418//5418
f 5418//5418 5417//5417 5384//5384
f 5385//5385 5386//5386 5419//5419
f 5419//5419 5418//5418 5385//5385
f 5386//5386 5387//5387 5420//5420
f 5420//5420 5419//5419 5386//5386
f 5387//5387 5388//5388 5421//5421
f 5421//5421 5420//5420 5387//5387
f 5388//5388 5389//5389 5422//5422
f 5422//5422 5421//5421 5388//5388
f 5389//5389 5390//5390 5423//5423
f 5423//5423 5422//5422 5389//5389
f 5390//5390 5391//5391 5424//5424
f 5424//5424 5423//5423 5390//5390
f 5391//5391 5392//5392 5425//5425
f 5425//5425 5424//5424 5391//5391
f 5392//5392 5393//5393 5426//5426
f 5426//5426 5425//5425 5392//5392
f 5393//5393 5394//5394 5427//5427
f 5427//5427 5426//5426 5393//5393
f 5394//5394 5395//5395 5428//5428
f 5428//5428 5427//5427 5394//5394
f 5395//5395 5396//5396 5429//5429
f 5429//5429 5428//5428 5395//5395
f 5396//5396 5397//5397 5430//5430
f 5430//5430 5429//5429 5396//5396
f 5397//5397 5398//5398 5431//5431
f 5431//5431 5430//5430 5397//5397
f 5398//5398 5399//5399 5432//5432
f 5432//5432 5431//5431 5398//5398
f 5399//5399 5400//5400 5433//5433
f 5433//5433 5432//5432 5399//5399
f 5400//5400 5401//5401 5434//5434
f 5434//5434 5433//5433 5400//5400
f 5401//5401 5402//5402 5435//5435
f 5435//5435 5434//5434 5401//5401
f 5402//5402 5403//5403 5436//5436
f 5436//5436 5435//5435 5402//5402
f 5403//5403 5404//5404 5437//5437
f 5437//5437 5436//5436 5403//5403
f 5404//5404 5405//5405 5438//5438
f 5438//5438 5437//5437 5404//5404
f 5405//5405 5406//5406 5439//5439
f 5439//5439 5438//5438 5405//5405
f 5406//5406 1509//1509 1514//1514
f 1514//1514 5439//5439 5406//5406
f 681//681 5407//5407 5440//5440
f 5440//5440 680//680 681//681
f 5407//5407 5408//5408 5441//5441
f 5441//5441 5440//5440 5407//5407
f 5408//5408 5409//5409 5442//5442
f 5442//5442 5441//5441 5408//5408
f 5409//5409 5410//5410 5443//5443
f 5443//5443 5442//5442 5409//5409
f 5410//5410 5411//5411 5444//5444
f 5444//5444 5443//5443 5410//5410
f 5411//5411 5412//5412 5445//5445
f 5445//5445 5444//5444 5411//5411
f 5412//5412 5413//5413 5446//5446
f 5446//5446 5445//5445 5412//5412
f 5413//5413 5414//5414 5447//5447
f 5447//5447 5446//5446 5413//5413
f 5414//5414 5415//5415 5448//5448
f 5448//5448 5447//5447 5414//5414
f 5415//5415 5416//5416 5449//5449
f 5449//5449 5448//5448 5415//5415
f 5416//5416 5417//5417 5450//5450
f 5450//5450 5449//5449 5416//5416
f 5417//5417 5418//5418 5451//5451
f 5451//5451 5450//5450 5417//5417
f 5418//5418 5419//5419 5452//5452
f 5452//5452 5451//5451 5418//5418
f 5419//5419 5420//5420 5453//5453
f 5453//5453 5452//5452 5419//5419
f 5420//5420 5421//5421 5454//5454
f 5454//5454 5453//5453 5420//5420
f 5421//5421 5422//5422 5455//5455
f 5455//5455 5454//5454 5421//5421
f 5422//5422 5423//5423 5456//5456
f 5456//5456 5455//5455 5422//5422
f 5423//5423 5424//5424 5457//5457
f 5457//5457 5456//5456 5423//5423
f 5424//5424 5425//5425 5458//5458
f 5458//5458 5457//5457 5424//5424
f 5425//5425 5426//5426 5459//5459
f 5459//5459 5458//5458 5425//5425
f 5426//5426 5427//5427 5460//5460
f 5460//5460 5459//5459 5426//5426
f 5427//5427 5428//5428 5461//5461
f 5461//5461 5460//5460 5427//5427
f 5428//5428 5429//5429 5462//5462
f 5462//5462 5461//5461 5428//5428
f 5429//5429 5430//5430 5463//5463
f 5463//5463 5462//5462 5429//5429
f 5430//5430 5431//5431 5464//5464
f 5464//5464 5463//5463 5430//5430
f 5431//5431 5432//5432 5465//5465
f 5465//5465 5464//5464 5431//5431
f 5432//5432 5433//5433 5466//5466
f 5466//5466 5465//5465 5432//5432
f 5433//5433 5434//5434 5467//5467
f 5467//5467 5466//5466 5433//5433
f 5434//5434 5435//5435 5468//5468
f 5468//5468 5467//5467 5434//5434
f 5435//5435 5436//5436 5469//5469
f 5469//5469 5468//5468 5435//5435
f 5436//5436 5437//5437 5470//5470
f 5470//5470 5469//5469 5436//5436
f 5437//5437 5438//5438 5471//5471
f 5471//5471 5470//5470 5437//5437
f 5438//5438 5439//5439 5472//5472
f 5472//5472 5471//5471 5438//5438
f 5439//5439 1514//1514 1519//1519
f 1519//1519 5472//5472 5439//5439
f 680//680 5440//5440 5473//5473
f 5473//5473 679//679 680//680
f 5440//5440 5441//5441 5474//5474
f 5474//5474 5473//5473 5440//5440
f 5441//5441 5442//5442 5475//5475
f 5475//5475 5474//5474 5441//5441
f 5442//5442 5443//5443 5476//5476
f 5476//5476 5475//5475 5442//5442
f 5443//5443 5444//5444 5477//5477
f 5477//5477 5476//5476 5443//5443
f 5444//5444 5445//5445 5478//5478
f 5478//5478 5477//5477 5444//5444
f 5445//5445 5446//5446 5479//5479
f 5479//5479 5478//5478 5445//5445
f 5446//5446 5447//5447 5480//5480
f 5480//5480 5479//5479 5446//5446
f 5447//5447 5448//5448 5481//5481
f 5481//5481 5480//5480 5447//5447
f 5448//5448 5449//5449 5482//5482
f 5482//5482 5481//5481 5448//5448
f 5449//5449 5450//5450 5483//5483
f 5483//5483 5482//5482 5449//5449
f 5450//5450 5451//5451 5484//5484
f 5484//5484 5483//5483 5450//5450
f 5451//5451 5452//5452 5485//5485
f 5485//5485 5484//5484 5451//5451
f 5452//5452 5453//5453 5486//5486
f 5486//5486 5485//5485 5452//5452
f 5453//5453 5454//5454 5487//5487
f 5487//5487 5486//5486 5453//5453
f 5454//5454 5455//5455 5488//5488
f 5488//5488 5487//5487 5454//5454
f 5455//5455 5456//5456 5489//5489
f 5489//5489 5488//5488 5455//5455
f 5456//5456 5457//5457 5490//5490
f 5490//5490 5489//5489 5456//5456
f 5457//5457 5458//5458 5491//5491
f 5491//5491 5490//5490 5457//5457
f 5458//5458 5459//5459 5492//5492
f 5492//5492 5491//5491 5458//5458
f 5459//5459 5460//5460 5493//5493
f 5493//5493 5492//5492 5459//5459
f 5460//5460 5461//5461 5494//5494
f 5494//5494 5493//5493 5460//5460
f 5461//5461 5462//5462 5495//5495
f 5495//5495 5494//5494 5461//5461
f 5462//5462 5463//5463 5496//5496
f 5496//5496 5495//5495 5462//5462
f 5463//5463 5464//5464 5497//5497
f 5497//5497 5496//5496 5463//5463
f 5464//5464 5465//5465 5498//5498
f 5498//5498 5497//5497 5464//5464
f 5465//5465 5466//5466 5499//5499
f 5499//5499 5498//5498 5465//5465
f 5466//5466 5467//5467 5500//5500
f 5500//5500 5499//5499 5466//5466
f 5467//5467 5468//5468 5501//5501
f 5501//5501 5500//5500 5467//5467
f 5468//5468 5469//5469 5502//5502
f 5502//5502 5501//5501 5468//5468
f 5469//5469 5470//5470 5503//5503
f 5503//5503 5502//5502 5469//5469
f 5470//5470 5471//5471 5504//5504
f 5504//5504 5503//5503 5470//5470
f 5471//5471 5472//5472 5505//5505
f 5505//5505 5504//5504 5471//5471
f 5472//5472 1519//1519 1524//1524
f 1524//1524 5505//5505 5472//5472
f 679//679 5473//5473 5506//5506
f 5506//5506 671//671 679//679
f 5473//5473 5474//5474 5507//5507
f 5507//5507 5506//5506 5473//5473
f 5474//5474 5475//5475 5508//5508
f 5508//5508 5507//5507 5474//5474
f 5475//5475 5476//5476 5509//5509
f 5509//5509 5508//5508 5475//5475
f 5476//5476 5477//5477 5510//5510
f 5510//5510 5509//5509 5476//5476
f 5477//5477 5478//5478 5511//5511
f 5511//5511 5510//5510 5477//5477
f 5478//5478 5479//5479 5512//5512
f 5512//5512 5511//5511 5478//5478
f 5479//5479 5480//5480 5513//5513
f 5513//5513 5512//5512 5479//5479
f 5480//5480 5481//5481 5514//5514
f 5514//5514 5513//5513 5480//5480
f 5481//5481 5482//5482 5515//5515
f 5515//5515 5514//5514 5481//5481
f 5482//5482 5483//5483 5516//5516
f 5516//5516 5515//5515 5482//5482
f 5483//5483 5484//5484 5517//5517
f 5517//5517 5516//5516 5483//5483
f 5484//5484 5485//5485 5518//5518
f 5518//5518 5517//5517 5484//5484
f 5485//5485 5486//5486 5519//5519
f 5519//5519 5518//5518 5485//5485
f 5486//5486 5487//5487 5520//5520
f 5520//5520 5519//5519 5486//5486
f 5487//5487 5488//5488 5521//5521
f 5521//5521 5520//5520 5487//5487
f 5488//5488 5489//5489 5522//5522
f 5522//5522 5521//5521 5488//5488
f 5489//5489 5490//5490 5523//5523
f 5523//5523 5522//5522 5489//5489
f 5490//5490 5491//5491 5524//5524
f 5524//5524 5523//5523 5490//5490
f 5491//5491 5492//5492 5525//5525
f 5525//5525 5524//5524 5491//5491
f 5492//5492 5493//5493 5526//5526
f 5526//5526 5525//5525 5492//5492
f 5493//5493 5494//5494 5527//5527
f 5527//5527 5526//5526 5493//5493
f 5494//5494 5495//5495 5528//5528
f 5528//5528 5527//5527 5494//5494
f 5495//5495 5496//5496 5529//5529
f 5529//5529 5528//5528 5495//5495
f 5496//5496 5497//5497 5530//5530
f 5530//5530 5529//5529 5496//5496
f 5497//5497 5498//5498 5531//5531
f 5531//5531 5530//5530 5497//5497
f 5498//5498 5499//5499 5532//5532
f 5532//5532 5531//5531 5498//5498
f 5499//5499 5500//5500 5533//5533
f 5533//5533 5532//5532 5499//5499
f 5500//5500 5501//5501 5534//5534
f 5534//5534 5533//5533 5500//5500
f 5501//5501 5502//5502 5535//5535
f 5535//5535 5534//5534 5501//5501
f 5502//5502 5503//5503 5536//5536
f 5536//5536 5535//5535 5502//5502
f 5503//5503 5504//5504 5537//5537
f 5537//5537 5536//5536 5503//5503
f 5504//5504 5505//5505 5538//5538
f 5538//5538 5537//5537 5504//5504
f 5505//5505 1524//1524 1529//1529
f 1529//1529 5538//5538 5505//5505
f 671//671 5506//5506 5539//5539
f 5539//5539 650//650 671//671
f 5506//5506 5507//5507 5540//5540
f 5540//5540 5539//5539 5506//5506
f 5507//5507 5508//5508 5541//5541
f 5541//5541 5540//5540 5507//5507
f 5508//5508 5509//5509 5542//5542
f 5542//5542 5541//5541 5508//5508
f 5509//5509 5510//5510 5543//5543
f 5543//5543 5542//5542 5509//5509
f 5510//5510 5511//5511 5544//5544
f 5544//5544 5543//5543 5510//5510
f 5511//5511 5512//5512 5545//5545
f 5545//5545 5544//5544 5511//5511
f 5512//5512 5513//5513 5546//5546
f 5546//5546 5545//5545 5512//5512
f 5513//5513 5514//5514 5547//5547
f 5547//5547 5546//5546 5513//5513
f 5514//5514 5515//5515 5548//5548
f 5548//5548 5547//5547 5514//5514
f 5515//5515 5516//5516 5549//5549
f 5549//5549 5548//5548 5515//5515
f 5516//5516 5517//5517 5550//5550
f 5550//5550 5549//5549 5516//5516
f 5517//5517 5518//5518 5551//5551
f 5551//5551 5550//5550 5517//5517
f 5518//5518 5519//5519 5552//5552
f 5552//5552 5551//5551 5518//5518
f 5519//5519 5520//5520 5553//5553
f 5553//5553 5552//5552 5519//5519
f 5520//5520 5521//5521 5554//5554
f 5554//5554 5553//5553 5520//5520
f 5521//5521 5522//5522 5555//5555
f 5555//5555 5554//5554 5521//5521
f 5522//5522 5523//5523 5556//5556
f 5556//5556 5555//5555 5522//5522
f 5523//5523 5524//5524 5557//5557
f 5557//5557 5556//5556 5523//5523
f 5524//5524 5525//5525 5558//5558
f 5558//5558 5557//5557 5524//5524
f 5525//5525 5526//5526 5559//5559
f 5559//5559 5558//5558 5525//5525
f 5526//5526 5527//5527 5560//5560
f 5560//5560 5559//5559 5526//5526
f 5527//5527 5528//5528 5561//5561
f 5561//5561 5560//5560 5527//5527
f 5528//5528 5529//5529 5562//5562
f 5562//5562 5561//5561 5528//5528
f 5529//5529 5530//5530 5563//5563
f 5563//5563 5562//5562 5529//5529
f 5530//5530 5531//5531 5564//5564
f 5564//5564 5563//5563 5530//5530
f 5531//5531 5532//5532 5565//5565
f 5565//5565 5564//5564 5531//5531
f 5532//5532 5533//5533 5566//5566
f 5566//5566 5565//5565 5532//5532
f 5533//5533 5534//5534 5567//5567
f 5567//5567 5566//5566 5533//5533
f 5534//5534 5535//5535 5568//5568
f 5568//5568 5567//5567 5534//5534
f 5535//5535 5536//5536 5569//5569
f 5569//5569 5568//5568 5535//5535
f 5536//5536 5537//5537 5570//5570
f 5570//5570 5569//5569 5536//5536
f 5537//5537 5538//5538 5571//5571
f 5571//5571 5570//5570 5537//5537
f 5538//5538 1529//1529 1534//1534
f 1534//1534 5571//5571 5538//5538
f 650//650 5539//5539 5572//5572
f 5572//5572 627//627 650//650
f 5539//5539 5540//5540 5573//5573
f 5573//5573 5572//5572 5539//5539
f 5540//5540 5541//5541 5574//5574
f 5574//5574 5573//5573 5540//5540
f 5541//5541 5542//5542 5575//5575
f 5575//5575 5574//5574 5541//5541
f 5542//5542 5543//5543 5576//5576
f 5576//5576 5575//5575 5542//5542
f 5543//5543 5544//5544 5577//5577
f 5577//5577 5576//5576 5543//5543
f 5544//5544 5545//5545 5578//5578
f 5578//5578 5577//5577 5544//5544
f 5545//5545 5546//5546 5579//5579
f 5579//5579 5578//5578 5545//5545
f 5546//5546 5547//5547 5580//5580
f 5580//5580 5579//5579 5546//5546
f 5547//5547 5548//5548 5581//5581
f 5581//5581 5580//5580 5547//5547
f 5548//5548 5549//5549 5582//5582
f 5582//5582 5581//5581 5548//5548
f 5549//5549 5550//5550 5583//5583
f 5583//5583 5582//5582 5549//5549
f 5550//5550 5551//5551 5584//5584
f 5584//5584 5583//5583 5550//5550
f 5551//5551 5552//5552 5585//5585
f 5585//5585 5584//5584 5551//5551
f 5552//5552 5553//5553 5586//5586
f 5586//5586 5585//5585 5552//5552
f 5553//5553 5554//5554 5587//5587
f 5587//5587 5586//5586 5553//5553
f 5554//5554 5555//5555 5588//5588
f 5588//5588 5587//5587 5554//5554
f 5555//5555 5556//5556 5589//5589
f 5589//5589 5588//5588 5555//5555
f 5556//5556 5557//5557 5590//5590
f 5590//5590 5589//5589 5556//5556
f 5557//5557 5558//5558 5591//5591
f 5591//5591 5590//5590 5557//5557
f 5558//5558 5559//5559 5592//5592
f 5592//5592 5591//5591 5558//5558
f 5559//5559 5560//5560 5593//5593
f 5593//5593 5592//5592 5559//5559
f 5560//5560 5561//5561 5594//5594
f 5594//5594 5593//5593 5560//5560
f 5561//5561 5562//5562 5595//5595
f 5595//5595 5594//5594 5561//5561
f 5562//5562 5563//5563 5596//5596
f 5596//5596 5595//5595 5562//5562
f 5563//5563 5564//5564 5597//5597
f 5597//5597 5596//5596 5563//5563
f 5564//5564 5565//5565 5598//5598
f 5598//5598 5597//5597 5564//5564
f 5565//5565 5566//5566 5599//5599
f 5599//5599 5598//5598 5565//5565
f 5566//5566 5567//5567 5600//5600
f 5600//5600 5599//5599 5566//5566
f 5567//5567 5568//5568 5601//5601
f 5601//5601 5600//5600 5567//5567
f 5568//5568 5569//5569 5602//5602
f 5602//5602 5601//5601 5568//5568
f 5569//5569 5570//5570 5603//5603
f 5603//5603 5602//5602 5569//5569
f 5570//5570 5571//5571 5604//5604
f 5604//5604 5603//5603 5570//5570
f 5571//5571 1534//1534 1537//1537
f 1537//1537 5604//5604 5571//5571
f 627//627 5572//5572 1780//1780
f 1780//1780 626//626 627//627
f 5572//5572 5573//5573 1780//1780
f 1776//1776 1780//1780 5573//5573
f 5573//5573 5574//5574 1776//1776
f 1772//1772 1776//1776 5574//5574
f 5574//5574 5575//5575 1772//1772
f 1768//1768 1772//1772 5575//5575
f 5575//5575 5576//5576 1768//1768
f 1764//1764 1768//1768 5576//5576
f 5576//5576 5577//5577 1764//1764
f 1760//1760 1764//1764 5577//5577
f 5577//5577 5578//5578 1760//1760
f 1756//1756 1760//1760 5578//5578
f 5578//5578 5579//5579 1756//1756
f 1751//1751 1756//1756 5579//5579
f 5579//5579 5580//5580 1751//1751
f 1746//1746 1751//1751 5580//5580
f 5580//5580 5581//5581 1746//1746
f 1741//1741 1746//1746 5581//5581
f 5581//5581 5582//5582 1741//1741
f 1734//1734 1741//1741 5582//5582
f 5582//5582 5583//5583 1734//1734
f 1726//1726 1734//1734 5583//5583
f 5583//5583 5584//5584 1726//1726
f 1718//1718 1726//1726 5584//5584
f 5584//5584 5585//5585 1718//1718
f 1709//1709 1718//1718 5585//5585
f 5585//5585 5586//5586 1709//1709
f 1700//1700 1709//1709 5586//5586
f 5586//5586 5587//5587 1700//1700
f 1689//1689 1700//1700 5587//5587
f 5587//5587 5588//5588 1689//1689
f 1675//1675 1689//1689 5588//5588
f 5588//5588 5589//5589 1675//1675
f 1659//1659 1675//1675 5589//5589
f 5589//5589 5590//5590 1659//1659
f 1643//1643 1659//1659 5590//5590
f 5590//5590 5591//5591 1643//1643
f 1626//1626 1643//1643 5591//5591
f 5591//5591 5592//5592 1626//1626
f 1607//1607 1626//1626 5592//5592
f 5592//5592 5593//5593 1607//1607
f 1599//1599 1607//1607 5593//5593
f 5593//5593 5594//5594 1599//1599
f 1591//1591 1599//1599 5594//5594
f 5594//5594 5595//5595 1591//1591
f 1584//1584 1591//1591 5595//5595
f 5595//5595 5596//5596 1584//1584
f 1579//1579 1584//1584 5596//5596
f 5596//5596 5597//5597 1579//1579
f 1574//1574 1579//1579 5597//5597
f 5597//5597 5598//5598 1574//1574
f 1569//1569 1574//1574 5598//5598
f 5598//5598 5599//5599 1569//1569
f 1564//1564 1569//1569 5599//5599
f 5599//5599 5600//5600 1564//1564
f 1558//1558 1564//1564 5600//5600
f 5600//5600 5601//5601 1558//1558
f 1552//1552 1558//1558 5601//5601
f 5601//5601 5602//5602 1552//1552
f 1549//1549 1552//1552 5602//5602
f 5602//5602 5603//5603 1549//1549
f 1546//1546 1549//1549 5603//5603
f 5603//5603 5604//5604 1546//1546
f 1543//1543 1546//1546 5604//5604
f 5604//5604 1537//1537 1543//1543
f 1540//1540 1543//1543 1537//1537
f 1449//1449 1463//1463 5605//5605
f 5606//5606 5605//5605 1463//1463
f 1463//1463 1475//1475 5606//5606
f 5607//5607 5606//5606 1475//1475
f 1475//1475 1485//1485 5607//5607
f 5608//5608 5607//5607 1485//1485
f 1485//1485 1493//1493 5609//5609
f 5609//5609 5608//5608 1485//1485
f 1493//1493 1499//1499 5340//5340
f 5340//5340 5609//5609 1493//1493
f 5605//5605 5606//5606 5610//5610
f 5611//5611 5610//5610 5606//5606
f 5606//5606 5607//5607 5611//5611
f 5612//5612 5611//5611 5607//5607
f 5607//5607 5608//5608 5612//5612
f 5613//5613 5612//5612 5608//5608
f 5608//5608 5609//5609 5614//5614
f 5614//5614 5613//5613 5608//5608
f 5609//5609 5340//5340 5339//5339
f 5339//5339 5614//5614 5609//5609
f 5610//5610 5611//5611 5615//5615
f 5616//5616 5615//5615 5611//5611
f 5611//5611 5612//5612 5616//5616
f 5617//5617 5616//5616 5612//5612
f 5612//5612 5613//5613 5617//5617
f 5618//5618 5617//5617 5613//5613
f 5613//5613 5614//5614 5619//5619
f 5619//5619 5618//5618 5613//5613
f 5614//5614 5339//5339 5338//5338
f 5338//5338 5619//5619 5614//5614
f 5615//5615 5616//5616 5620//5620
f 5621//5621 5620//5620 5616//5616
f 5616//5616 5617//5617 5621//5621
f 5622//5622 5621//5621 5617//5617
f 5617//5617 5618//5618 5622//5622
f 5623//5623 5622//5622 5618//5618
f 5618//5618 5619//5619 5624//5624
f 5624//5624 5623//5623 5618//5618
f 5619//5619 5338//5338 5337//5337
f 5337//5337 5624//5624 5619//5619
f 5620//5620 5621//5621 5625//5625
f 5626//5626 5625//5625 5621//5621
f 5621//5621 5622//5622 5626//5626
f 5627//5627 5626//5626 5622//5622
f 5622//5622 5623//5623 5627//5627
f 5628//5628 5627//5627 5623//5623
f 5623//5623 5624//5624 5629//5629
f 5629//5629 5628//5628 5623//5623
f 5624//5624 5337//5337 5336//5336
f 5336//5336 5629//5629 5624//5624
f 5625//5625 5626//5626 5630//5630
f 5631//5631 5630//5630 5626//5626
f 5626//5626 5627//5627 5631//5631
f 5632//5632 5631//5631 5627//5627
f 5627//5627 5628//5628 5632//5632
f 5633//5633 5632//5632 5628//5628
f 5628//5628 5629//5629 5634//5634
f 5634//5634 5633//5633 5628//5628
f 5629//5629 5336//5336 5335//5335
f 5335//5335 5634//5634 5629//5629
f 5630//5630 5631//5631 5635//5635
f 5636//5636 5635//5635 5631//5631
f 5631//5631 5632//5632 5636//5636
f 5637//5637 5636//5636 5632//5632
f 5632//5632 5633//5633 5637//5637
f 5638//5638 5637//5637 5633//5633
f 5633//5633 5634//5634 5639//5639
f 5639//5639 5638//5638 5633//5633
f 5634//5634 5335//5335 5334//5334
f 5334//5334 5639//5639 5634//5634
f 5635//5635 5636//5636 5644//5644
f 5643//5643 5644//5644 5636//5636
f 5636//5636 5637//5637 5643//5643
f 5642//5642 5643//5643 5637//5637
f 5637//5637 5638//5638 5642//5642
f 5641//5641 5642//5642 5638//5638
f 5638//5638 5639//5639 5640//5640
f 5640//5640 5641//5641 5638//5638
f 5639//5639 5334//5334 5333//5333
f 5333//5333 5640//5640 5639//5639
f 5644//5644 5643//5643 5649//5649
f 5648//5648 5649//5649 5643//5643
f 5643//5643 5642//5642 5648//5648
f 5647//5647 5648//5648 5642//5642
f 5642//5642 5641//5641 5647//5647
f 5646//5646 5647//5647 5641//5641
f 5641//5641 5640//5640 5645//5645
f 5645//5645 5646//5646 5641//5641
f 5640//5640 5333//5333 5332//5332
f 5332//5332 5645//5645 5640//5640
f 5649//5649 5648//5648 5654//5654
f 5653//5653 5654//5654 5648//5648
f 5648//5648 5647//5647 5653//5653
f 5652//5652 5653//5653 5647//5647
f 5647//5647 5646//5646 5652//5652
f 5651//5651 5652//5652 5646//5646
f 5646//5646 5645//5645 5650//5650
f 5650//5650 5651//5651 5646//5646
f 5645//5645 5332//5332 5331//5331
f 5331//5331 5650//5650 5645//5645
f 5654//5654 5653//5653 5659//5659
f 5658//5658 5659//5659 5653//5653
f 5653//5653 5652//5652 5658//5658
f 5657//5657 5658//5658 5652//5652
f 5652//5652 5651//5651 5657//5657
f 5656//5656 5657//5657 5651//5651
f 5651//5651 5650//5650 5655//5655
f 5655//5655 5656//5656 5651//5651
f 5650//5650 5331//5331 5330//5330
f 5330//5330 5655//5655 5650//5650
f 5659//5659 5658//5658 5664//5664
f 5663//5663 5664//5664 5658//5658
f 5658//5658 5657//5657 5663//5663
f 5662//5662 5663//5663 5657//5657
f 5657//5657 5656//5656 5662//5662
f 5661//5661 5662//5662 5656//5656
f 5656//5656 5655//5655 5660//5660
f 5660//5660 5661//5661 5656//5656
f 5655//5655 5330//5330 5329//5329
f 5329//5329 5660//5660 5655//5655
f 5664//5664 5663//5663 5669//5669
f 5668//5668 5669//5669 5663//5663
f 5663//5663 5662//5662 5668//5668
f 5667//5667 5668//5668 5662//5662
f 5662//5662 5661//5661 5667//5667
f 5666//5666 5667//5667 5661//5661
f 5661//5661 5660//5660 5665//5665
f 5665//5665 5666//5666 5661//5661
f 5660//5660 5329//5329 5328//5328
f 5328//5328 5665//5665 5660//5660
f 5669//5669 5668//5668 5674//5674
f 5673//5673 5674//5674 5668//5668
f 5668//5668 5667//5667 5673//5673
f 5672//5672 5673//5673 5667//5667
f 5667//5667 5666//5666 5672//5672
f 5671//5671 5672//5672 5666//5666
f 5666//5666 5665//5665 5670//5670
f 5670//5670 5671//5671 5666//5666
f 5665//5665 5328//5328 5327//5327
f 5327//5327 5670//5670 5665//5665
f 5674//5674 5673//5673 5679//5679
f 5678//5678 5679//5679 5673//5673
f 5673//5673 5672//5672 5678//5678
f 5677//5677 5678//5678 5672//5672
f 5672//5672 5671//5671 5677//5677
f 5676//5676 5677//5677 5671//5671
f 5671//5671 5670//5670 5675//5675
f 5675//5675 5676//5676 5671//5671
f 5670//5670 5327//5327 5326//5326
f 5326//5326 5675//5675 5670//5670
f 5679//5679 5678//5678 5684//5684
f 5683//5683 5684//5684 5678//5678
f 5678//5678 5677//5677 5683//5683
f 5682//5682 5683//5683 5677//5677
f 5677//5677 5676//5676 5682//5682
f 5681//5681 5682//5682 5676//5676
f 5676//5676 5675//5675 5680//5680
f 5680//5680 5681//5681 5676//5676
f 5675//5675 5326//5326 5325//5325
f 5325//5325 5680//5680 5675//5675
f 5684//5684 5683//5683 5689//5689
f 5688//5688 5689//5689 5683//5683
f 5683//5683 5682//5682 5688//5688
f 5687//5687 5688//5688 5682//5682
f 5682//5682 5681//5681 5687//5687
f 5686//5686 5687//5687 5681//5681
f 5681//5681 5680//5680 5685//5685
f 5685//5685 5686//5686 5681//5681
f 5680//5680 5325//5325 5324//5324
f 5324//5324 5685//5685 5680//5680
f 5689//5689 5688//5688 5694//5694
f 5693//5693 5694//5694 5688//5688
f 5688//5688 5687//5687 5693//5693
f 5692//5692 5693//5693 5687//5687
f 5687//5687 5686//5686 5692//5692
f 5691//5691 5692//5692 5686//5686
f 5686//5686 5685//5685 5690//5690
f 5690//5690 5691//5691 5686//5686
f 5685//5685 5324//5324 5323//5323
f 5323//5323 5690//5690 5685//5685
f 5694//5694 5693//5693 5699//5699
f 5698//5698 5699//5699 5693//5693
f 5693//5693 5692//5692 5698//5698
f 5697//5697 5698//5698 5692//5692
f 5692//5692 5691//5691 5697//5697
f 5696//5696 5697//5697 5691//5691
f 5691//5691 5690//5690 5695//5695
f 5695//5695 5696//5696 5691//5691
f 5690//5690 5323//5323 5322//5322
f 5322//5322 5695//5695 5690//5690
f 5699//5699 5698//5698 5704//5704
f 5703//5703 5704//5704 5698//5698
f 5698//5698 5697//5697 5703//5703
f 5702//5702 5703//5703 5697//5697
f 5697//5697 5696//5696 5702//5702
f 5701//5701 5702//5702 5696//5696
f 5696//5696 5695//5695 5700//5700
f 5700//5700 5701//5701 5696//5696
f 5695//5695 5322//5322 5321//5321
f 5321//5321 5700//5700 5695//5695
f 5704//5704 5703//5703 5709//5709
f 5708//5708 5709//5709 5703//5703
f 5703//5703 5702//5702 5708//5708
f 5707//5707 5708//5708 5702//5702
f 5702//5702 5701//5701 5707//5707
f 5706//5706 5707//5707 5701//5701
f 5701//5701 5700//5700 5705//5705
f 5705//5705 5706//5706 5701//5701
f 5700//5700 5321//5321 5320//5320
f 5320//5320 5705//5705 5700//5700
f 5709//5709 5708//5708 5714//5714
f 5713//5713 5714//5714 5708//5708
f 5708//5708 5707//5707 5713//5713
f 5712//5712 5713//5713 5707//5707
f 5707//5707 5706//5706 5712//5712
f 5711//5711 5712//5712 5706//5706
f 5706//5706 5705//5705 5711//5711
f 5710//5710 5711//5711 5705//5705
f 5705//5705 5320//5320 5319//5319
f 5319//5319 5710//5710 5705//5705
f 5714//5714 5713//5713 5719//5719
f 5718//5718 5719//5719 5713//5713
f 5713//5713 5712//5712 5718//5718
f 5717//5717 5718//5718 5712//5712
f 5712//5712 5711//5711 5717//5717
f 5716//5716 5717//5717 5711//5711
f 5711//5711 5710//5710 5716//5716
f 5715//5715 5716//5716 5710//5710
f 5710//5710 5319//5319 5318//5318
f 5318//5318 5715//5715 5710//5710
f 5719//5719 5718//5718 5724//5724
f 5723//5723 5724//5724 5718//5718
f 5718//5718 5717//5717 5723//5723
f 5722//5722 5723//5723 5717//5717
f 5717//5717 5716//5716 5722//5722
f 5721//5721 5722//5722 5716//5716
f 5716//5716 5715//5715 5721//5721
f 5720//5720 5721//5721 5715//5715
f 5715//5715 5318//5318 5317//5317
f 5317//5317 5720//5720 5715//5715
f 5724//5724 5723//5723 5729//5729
f 5728//5728 5729//5729 5723//5723
f 5723//5723 5722//5722 5728//5728
f 5727//5727 5728//5728 5722//5722
f 5722//5722 5721//5721 5727//5727
f 5726//5726 5727//5727 5721//5721
f 5721//5721 5720//5720 5726//5726
f 5725//5725 5726//5726 5720//5720
f 5720//5720 5317//5317 5316//5316
f 5316//5316 5725//5725 5720//5720
f 5729//5729 5728//5728 5730//5730
f 5731//5731 5730//5730 5728//5728
f 5728//5728 5727//5727 5731//5731
f 5732//5732 5731//5731 5727//5727
f 5727//5727 5726//5726 5732//5732
f 5733//5733 5732//5732 5726//5726
f 5726//5726 5725//5725 5733//5733
f 5734//5734 5733//5733 5725//5725
f 5725//5725 5316//5316 5315//5315
f 5315//5315 5734//5734 5725//5725
f 5730//5730 5731//5731 5735//5735
f 5736//5736 5735//5735 5731//5731
f 5731//5731 5732//5732 5736//5736
f 5737//5737 5736//5736 5732//5732
f 5732//5732 5733//5733 5737//5737
f 5738//5738 5737//5737 5733//5733
f 5733//5733 5734//5734 5738//5738
f 5739//5739 5738//5738 5734//5734
f 5734//5734 5315//5315 5314//5314
f 5314//5314 5739//5739 5734//5734
f 5735//5735 5736//5736 5740//5740
f 5741//5741 5740//5740 5736//5736
f 5736//5736 5737//5737 5741//5741
f 5742//5742 5741//5741 5737//5737
f 5737//5737 5738//5738 5742//5742
f 5743//5743 5742//5742 5738//5738
f 5738//5738 5739//5739 5743//5743
f 5744//5744 5743//5743 5739//5739
f 5739//5739 5314//5314 5313//5313
f 5313//5313 5744//5744 5739//5739
f 5740//5740 5741//5741 5745//5745
f 5746//5746 5745//5745 5741//5741
f 5741//5741 5742//5742 5746//5746
f 5747//5747 5746//5746 5742//5742
f 5742//5742 5743//5743 5747//5747
f 5748//5748 5747//5747 5743//5743
f 5743//5743 5744//5744 5748//5748
f 5749//5749 5748//5748 5744//5744
f 5744//5744 5313//5313 5312//5312
f 5312//5312 5749//5749 5744//5744
f 5745//5745 5746//5746 5750//5750
f 5751//5751 5750//5750 5746//5746
f 5746//5746 5747//5747 5751//5751
f 5752//5752 5751//5751 5747//5747
f 5747//5747 5748//5748 5752//5752
f 5753//5753 5752//5752 5748//5748
f 5748//5748 5749//5749 5753//5753
f 5754//5754 5753//5753 5749//5749
f 5749//5749 5312//5312 5311//5311
f 5311//5311 5754//5754 5749//5749
f 5750//5750 5751//5751 5755//5755
f 5756//5756 5755//5755 5751//5751
f 5751//5751 5752//5752 5756//5756
f 5757//5757 5756//5756 5752//5752
f 5752//5752 5753//5753 5757//5757
f 5758//5758 5757//5757 5753//5753
f 5753//5753 5754//5754 5758//5758
f 5759//5759 5758//5758 5754//5754
f 5754//5754 5311//5311 5310//5310
f 5310//5310 5759//5759 5754//5754
f 5755//5755 5756//5756 5760//5760
f 5761//5761 5760//5760 5756//5756
f 5756//5756 5757//5757 5761//5761
f 5762//5762 5761//5761 5757//5757
f 5757//5757 5758//5758 5762//5762
f 5763//5763 5762//5762 5758//5758
f 5758//5758 5759//5759 5763//5763
f 5764//5764 5763//5763 5759//5759
f 5759//5759 5310//5310 5309//5309
f 5309//5309 5764//5764 5759//5759
f 5760//5760 5761//5761 5765//5765
f 5766//5766 5765//5765 5761//5761
f 5761//5761 5762//5762 5766//5766
f 5767//5767 5766//5766 5762//5762
f 5762//5762 5763//5763 5767//5767
f 5768//5768 5767//5767 5763//5763
f 5763//5763 5764//5764 5768//5768
f 5769//5769 5768//5768 5764//5764
f 5764//5764 5309//5309 5308//5308
f 5308//5308 5769//5769 5764//5764
f 5765//5765 5766//5766 572//572
f 595//595 572//572 5766//5766
f 5766//5766 5767//5767 595//595
f 618//618 595//595 5767//5767
f 5767//5767 5768//5768 618//618
f 641//641 618//618 5768//5768
f 5768//5768 5769//5769 641//641
f 649//649 641//641 5769//5769
f 5769//5769 5308//5308 685//685
f 685//685 649//649 5769//5769
f 1409//1409 1411//1411 5770//5770
f 5770//5770 1906//1906 1409//1409
f 1411//1411 1410//1410 5771//5771
f 5771//5771 5770//5770 1411//1411
f 1410//1410 1408//1408 5772//5772
f 5772//5772 5771//5771 1410//1410
f 1408//1408 1406//1406 5773//5773
f 5773//5773 5772//5772 1408//1408
f 1406//1406 1401//1401 5773//5773
f 5774//5774 5773//5773 1401//1401
f 1906//1906 5770//5770 5775//5775
f 5775//5775 1902//1902 1906//1906
f 5770//5770 5771//5771 5776//5776
f 5776//5776 5775//5775 5770//5770
f 5771//5771 5772//5772 5777//5777
f 5777//5777 5776//5776 5771//5771
f 5772//5772 5773//5773 5777//5777
f 5778//5778 5777//5777 5773//5773
f 5773//5773 5774//5774 5778//5778
f 5779//5779 5778//5778 5774//5774
f 1902//1902 5775//5775 5780//5780
f 5780//5780 1898//1898 1902//1902
f 5775//5775 5776//5776 5781//5781
f 5781//5781 5780//5780 5775//5775
f 5776//5776 5777//5777 5782//5782
f 5782//5782 5781//5781 5776//5776
f 5777//5777 5778//5778 5782//5782
f 5783//5783 5782//5782 5778//5778
f 5778//5778 5779//5779 5783//5783
f 5784//5784 5783//5783 5779//5779
f 1898//1898 5780//5780 5785//5785
f 5785//5785 1894//1894 1898//1898
f 5780//5780 5781//5781 5786//5786
f 5786//5786 5785//5785 5780//5780
f 5781//5781 5782//5782 5787//5787
f 5787//5787 5786//5786 5781//5781
f 5782//5782 5783//5783 5787//5787
f 5788//5788 5787//5787 5783//5783
f 5783//5783 5784//5784 5788//5788
f 5789//5789 5788//5788 5784//5784
f 1894//1894 5785//5785 5790//5790
f 5790//5790 1890//1890 1894//1894
f 5785//5785 5786//5786 5791//5791
f 5791//5791 5790//5790 5785//5785
f 5786//5786 5787//5787 5792//5792
f 5792//5792 5791//5791 5786//5786
f 5787//5787 5788//5788 5792//5792
f 5793//5793 5792//5792 5788//5788
f 5788//5788 5789//5789 5793//5793
f 5794//5794 5793//5793 5789//5789
f 1890//1890 5790//5790 5795//5795
f 5795//5795 1886//1886 1890//1890
f 5790//5790 5791//5791 5796//5796
f 5796//5796 5795//5795 5790//5790
f 5791//5791 5792//5792 5796//5796
f 5797//5797 5796//5796 5792//5792
f 5792//5792 5793//5793 5797//5797
f 5798//5798 5797//5797 5793//5793
f 5793//5793 5794//5794 5798//5798
f 5799//5799 5798//5798 5794//5794
f 1886//1886 5795//5795 5804//5804
f 5804//5804 1882//1882 1886//1886
f 5795//5795 5796//5796 5803//5803
f 5803//5803 5804//5804 5795//5795
f 5796//5796 5797//5797 5802//5802
f 5802//5802 5803//5803 5796//5796
f 5797//5797 5798//5798 5802//5802
f 5801//5801 5802//5802 5798//5798
f 5798//5798 5799//5799 5801//5801
f 5800//5800 5801//5801 5799//5799
f 1882//1882 5804//5804 5809//5809
f 5809//5809 1878//1878 1882//1882
f 5804//5804 5803//5803 5808//5808
f 5808//5808 5809//5809 5804//5804
f 5803//5803 5802//5802 5807//5807
f 5807//5807 5808//5808 5803//5803
f 5802//5802 5801//5801 5807//5807
f 5806//5806 5807//5807 5801//5801
f 5801//5801 5800//5800 5806//5806
f 5805//5805 5806//5806 5800//5800
f 1878//1878 5809//5809 5814//5814
f 5814//5814 1874//1874 1878//1878
f 5809//5809 5808//5808 5813//5813
f 5813//5813 5814//5814 5809//5809
f 5808//5808 5807//5807 5812//5812
f 5812//5812 5813//5813 5808//5808
f 5807//5807 5806//5806 5812//5812
f 5811//5811 5812//5812 5806//5806
f 5806//5806 5805//5805 5811//5811
f 5810//5810 5811//5811 5805//5805
f 1874//1874 5814//5814 5819//5819
f 5819//5819 1870//1870 1874//1874
f 5814//5814 5813//5813 5818//5818
f 5818//5818 5819//5819 5814//5814
f 5813//5813 5812//5812 5817//5817
f 5817//5817 5818//5818 5813//5813
f 5812//5812 5811//5811 5817//5817
f 5816//5816 5817//5817 5811//5811
f 5811//5811 5810//5810 5816//5816
f 5815//5815 5816//5816 5810//5810
f 1870//1870 5819//5819 5824//5824
f 5824//5824 1866//1866 1870//1870
f 5819//5819 5818//5818 5823//5823
f 5823//5823 5824//5824 5819//5819
f 5818//5818 5817//5817 5822//5822
f 5822//5822 5823//5823 5818//5818
f 5817//5817 5816//5816 5822//5822
f 5821//5821 5822//5822 5816//5816
f 5816//5816 5815//5815 5821//5821
f 5820//5820 5821//5821 5815//5815
f 1866//1866 5824//5824 5829//5829
f 5829//5829 1862//1862 1866//1866
f 5824//5824 5823//5823 5828//5828
f 5828//5828 5829//5829 5824//5824
f 5823//5823 5822//5822 5827//5827
f 5827//5827 5828//5828 5823//5823
f 5822//5822 5821//5821 5827//5827
f 5826//5826 5827//5827 5821//5821
f 5821//5821 5820//5820 5826//5826
f 5825//5825 5826//5826 5820//5820
f 1862//1862 5829//5829 5834//5834
f 5834//5834 1858//1858 1862//1862
f 5829//5829 5828//5828 5833//5833
f 5833//5833 5834//5834 5829//5829
f 5828//5828 5827//5827 5832//5832
f 5832//5832 5833//5833 5828//5828
f 5827//5827 5826//5826 5832//5832
f 5831//5831 5832//5832 5826//5826
f 5826//5826 5825//5825 5831//5831
f 5830//5830 5831//5831 5825//5825
f 1858//1858 5834//5834 5839//5839
f 5839//5839 1854//1854 1858//1858
f 5834//5834 5833//5833 5838//5838
f 5838//5838 5839//5839 5834//5834
f 5833//5833 5832//5832 5837//5837
f 5837//5837 5838//5838 5833//5833
f 5832//5832 5831//5831 5837//5837
f 5836//5836 5837//5837 5831//5831
f 5831//5831 5830//5830 5836//5836
f 5835//5835 5836//5836 5830//5830
f 1854//1854 5839//5839 5844//5844
f 5844//5844 1850//1850 1854//1854
f 5839//5839 5838//5838 5843//5843
f 5843//5843 5844//5844 5839//5839
f 5838//5838 5837//5837 5842//5842
f 5842//5842 5843//5843 5838//5838
f 5837//5837 5836//5836 5842//5842
f 5841//5841 5842//5842 5836//5836
f 5836//5836 5835//5835 5841//5841
f 5840//5840 5841//5841 5835//5835
f 1850//1850 5844//5844 5849//5849
f 5849//5849 1846//1846 1850//1850
f 5844//5844 5843//5843 5848//5848
f 5848//5848 5849//5849 5844//5844
f 5843//5843 5842//5842 5847//5847
f 5847//5847 5848//5848 5843//5843
f 5842//5842 5841//5841 5847//5847
f 5846//5846 5847//5847 5841//5841
f 5841//5841 5840//5840 5846//5846
f 5845//5845 5846//5846 5840//5840
f 1846//1846 5849//5849 5854//5854
f 5854//5854 1843//1843 1846//1846
f 5849//5849 5848//5848 5853//5853
f 5853//5853 5854//5854 5849//5849
f 5848//5848 5847//5847 5852//5852
f 5852//5852 5853//5853 5848//5848
f 5847//5847 5846//5846 5852//5852
f 5851//5851 5852//5852 5846//5846
f 5846//5846 5845//5845 5851//5851
f 5850//5850 5851//5851 5845//5845
f 1843//1843 5854//5854 5859//5859
f 5859//5859 1840//1840 1843//1843
f 5854//5854 5853//5853 5858//5858
f 5858//5858 5859//5859 5854//5854
f 5853//5853 5852//5852 5857//5857
f 5857//5857 5858//5858 5853//5853
f 5852//5852 5851//5851 5857//5857
f 5856//5856 5857//5857 5851//5851
f 5851//5851 5850//5850 5856//5856
f 5855//5855 5856//5856 5850//5850
f 1840//1840 5859//5859 5864//5864
f 5864//5864 1837//1837 1840//1840
f 5859//5859 5858//5858 5863//5863
f 5863//5863 5864//5864 5859//5859
f 5858//5858 5857//5857 5862//5862
f 5862//5862 5863//5863 5858//5858
f 5857//5857 5856//5856 5862//5862
f 5861//5861 5862//5862 5856//5856
f 5856//5856 5855//5855 5861//5861
f 5860//5860 5861//5861 5855//5855
f 1837//1837 5864//5864 5869//5869
f 5869//5869 1834//1834 1837//1837
f 5864//5864 5863//5863 5868//5868
f 5868//5868 5869//5869 5864//5864
f 5863//5863 5862//5862 5867//5867
f 5867//5867 5868//5868 5863//5863
f 5862//5862 5861//5861 5867//5867
f 5866//5866 5867//5867 5861//5861
f 5861//5861 5860//5860 5866//5866
f 5865//5865 5866//5866 5860//5860
f 1834//1834 5869//5869 5874//5874
f 5874//5874 1831//1831 1834//1834
f 5869//5869 5868//5868 5873//5873
f 5873//5873 5874//5874 5869//5869
f 5868//5868 5867//5867 5872//5872
f 5872//5872 5873//5873 5868//5868
f 5867//5867 5866//5866 5872//5872
f 5871//5871 5872//5872 5866//5866
f 5866//5866 5865//5865 5871//5871
f 5870//5870 5871//5871 5865//5865
f 1831//1831 5874//5874 5879//5879
f 5879//5879 1827//1827 1831//1831
f 5874//5874 5873//5873 5878//5878
f 5878//5878 5879//5879 5874//5874
f 5873//5873 5872//5872 5877//5877
f 5877//5877 5878//5878 5873//5873
f 5872//5872 5871//5871 5877//5877
f 5876//5876 5877//5877 5871//5871
f 5871//5871 5870//5870 5876//5876
f 5875//5875 5876//5876 5870//5870
f 1827//1827 5879//5879 5884//5884
f 5884//5884 1823//1823 1827//1827
f 5879//5879 5878//5878 5883//5883
f 5883//5883 5884//5884 5879//5879
f 5878//5878 5877//5877 5882//5882
f 5882//5882 5883//5883 5878//5878
f 5877//5877 5876//5876 5882//5882
f 5881//5881 5882//5882 5876//5876
f 5876//5876 5875//5875 5881//5881
f 5880//5880 5881//5881 5875//5875
f 1823//1823 5884//5884 5889//5889
f 5889//5889 1819//1819 1823//1823
f 5884//5884 5883//5883 5888//5888
f 5888//5888 5889//5889 5884//5884
f 5883//5883 5882//5882 5887//5887
f 5887//5887 5888//5888 5883//5883
f 5882//5882 5881//5881 5887//5887
f 5886//5886 5887//5887 5881//5881
f 5881//5881 5880//5880 5886//5886
f 5885//5885 5886//5886 5880//5880
f 1819//1819 5889//5889 5894//5894
f 5894//5894 1815//1815 1819//1819
f 5889//5889 5888//5888 5893//5893
f 5893//5893 5894//5894 5889//5889
f 5888//5888 5887//5887 5892//5892
f 5892//5892 5893//5893 5888//5888
f 5887//5887 5886//5886 5892//5892
f 5891//5891 5892//5892 5886//5886
f 5886//5886 5885//5885 5891//5891
f 5890//5890 5891//5891 5885//5885
f 1815//1815 5894//5894 5899//5899
f 5899//5899 1811//1811 1815//1815
f 5894//5894 5893//5893 5898//5898
f 5898//5898 5899//5899 5894//5894
f 5893//5893 5892//5892 5897//5897
f 5897//5897 5898//5898 5893//5893
f 5892//5892 5891//5891 5897//5897
f 5896//5896 5897//5897 5891//5891
f 5891//5891 5890//5890 5896//5896
f 5895//5895 5896//5896 5890//5890
f 1811//1811 5899//5899 5900//5900
f 5900//5900 1807//1807 1811//1811
f 5899//5899 5898//5898 5901//5901
f 5901//5901 5900//5900 5899//5899
f 5898//5898 5897//5897 5902//5902
f 5902//5902 5901//5901 5898//5898
f 5897//5897 5896//5896 5902//5902
f 5903//5903 5902//5902 5896//5896
f 5896//5896 5895//5895 5903//5903
f 5904//5904 5903//5903 5895//5895
f 1807//1807 5900//5900 5905//5905
f 5905//5905 1803//1803 1807//1807
f 5900//5900 5901//5901 5906//5906
f 5906//5906 5905//5905 5900//5900
f 5901//5901 5902//5902 5907//5907
f 5907//5907 5906//5906 5901//5901
f 5902//5902 5903//5903 5907//5907
f 5908//5908 5907//5907 5903//5903
f 5903//5903 5904//5904 5908//5908
f 5909//5909 5908//5908 5904//5904
f 1803//1803 5905//5905 5910//5910
f 5910//5910 1799//1799 1803//1803
f 5905//5905 5906//5906 5911//5911
f 5911//5911 5910//5910 5905//5905
f 5906//5906 5907//5907 5911//5911
f 5912//5912 5911//5911 5907//5907
f 5907//5907 5908//5908 5912//5912
f 5913//5913 5912//5912 5908//5908
f 5908//5908 5909//5909 5913//5913
f 5914//5914 5913//5913 5909//5909
f 1799//1799 5910//5910 5915//5915
f 5915//5915 1795//1795 1799//1799
f 5910//5910 5911//5911 5916//5916
f 5916//5916 5915//5915 5910//5910
f 5911//5911 5912//5912 5916//5916
f 5917//5917 5916//5916 5912//5912
f 5912//5912 5913//5913 5917//5917
f 5918//5918 5917//5917 5913//5913
f 5913//5913 5914//5914 5918//5918
f 5919//5919 5918//5918 5914//5914
f 1795//1795 5915//5915 5920//5920
f 5920//5920 1791//1791 1795//1795
f 5915//5915 5916//5916 5920//5920
f 5921//5921 5920//5920 5916//5916
f 5916//5916 5917//5917 5921//5921
f 5922//5922 5921//5921 5917//5917
f 5917//5917 5918//5918 5922//5922
f 5923//5923 5922//5922 5918//5918
f 5918//5918 5919//5919 5923//5923
f 5924//5924 5923//5923 5919//5919
f 1791//1791 5920//5920 1787//1787
f 5925//5925 1787//1787 5920//5920
f 5920//5920 5921//5921 5925//5925
f 5926//5926 5925//5925 5921//5921
f 5921//5921 5922//5922 5926//5926
f 5927//5927 5926//5926 5922//5922
f 5922//5922 5923//5923 5927//5927
f 5928//5928 5927//5927 5923//5923
f 5923//5923 5924//5924 5928//5928
f 5929//5929 5928//5928 5924//5924
f 1787//1787 5925//5925 704//704
f 670//670 704//704 5925//5925
f 5925//5925 5926//5926 670//670
f 640//640 670//670 5926//5926
f 5926//5926 5927//5927 640//640
f 617//617 640//640 5927//5927
f 5927//5927 5928//5928 617//617
f 594//594 617//617 5928//5928
f 5928//5928 5929//5929 594//594
f 571//571 594//594 5929//5929
f 1401//1401 1414//1414 5930//5930
f 5930//5930 5774//5774 1401//1401
f 1414//1414 1426//1426 5931//5931
f 5931//5931 5930//5930 1414//1414
f 1426//1426 1438//1438 5932//5932
f 5932//5932 5931//5931 1426//1426
f 1438//1438 1445//1445 5932//5932
f 5933//5933 5932//5932 1445//1445
f 1445//1445 1446//1446 5933//5933
f 5934//5934 5933//5933 1446//1446
f 1446//1446 1447//1447 5934//5934
f 5935//5935 5934//5934 1447//1447
f 1447//1447 1448//1448 5935//5935
f 5936//5936 5935//5935 1448//1448
f 1448//1448 1449//1449 5936//5936
f 5605//5605 5936//5936 1449//1449
f 5774//5774 5930//5930 5939//5939
f 5939//5939 5779//5779 5774//5774
f 5930//5930 5931//5931 5937//5937
f 5937//5937 5939//5939 5930//5930
f 5931//5931 5932//5932 5938//5938
f 5938//5938 5937//5937 5931//5931
f 5932//5932 5933//5933 5938//5938
f 5940//5940 5938//5938 5933//5933
f 5933//5933 5934//5934 5940//5940
f 5941//5941 5940//5940 5934//5934
f 5934//5934 5935//5935 5941//5941
f 5942//5942 5941//5941 5935//5935
f 5935//5935 5936//5936 5942//5942
f 5943//5943 5942//5942 5936//5936
f 5936//5936 5605//5605 5943//5943
f 5610//5610 5943//5943 5605//5605
f 5779//5779 5939//5939 5947//5947
f 5947//5947 5784//5784 5779//5779
f 5939//5939 5937//5937 5945//5945
f 5945//5945 5947//5947 5939//5939
f 5937//5937 5938//5938 5944//5944
f 5944//5944 5945//5945 5937//5937
f 5938//5938 5940//5940 5944//5944
f 5946//5946 5944//5944 5940//5940
f 5940//5940 5941//5941 5946//5946
f 5948//5948 5946//5946 5941//5941
f 5941//5941 5942//5942 5948//5948
f 5949//5949 5948//5948 5942//5942
f 5942//5942 5943//5943 5949//5949
f 5950//5950 5949//5949 5943//5943
f 5943//5943 5610//5610 5950//5950
f 5615//5615 5950//5950 5610//5610
f 5784//5784 5947//5947 5955//5955
f 5955//5955 5789//5789 5784//5784
f 5947//5947 5945//5945 5953//5953
f 5953//5953 5955//5955 5947//5947
f 5945//5945 5944//5944 5951//5951
f 5951//5951 5953//5953 5945//5945
f 5944//5944 5946//5946 5952//5952
f 5952//5952 5951//5951 5944//5944
f 5946//5946 5948//5948 5952//5952
f 5954//5954 5952//5952 5948//5948
f 5948//5948 5949//5949 5954//5954
f 5956//5956 5954//5954 5949//5949
f 5949//5949 5950//5950 5956//5956
f 5957//5957 5956//5956 5950//5950
f 5950//5950 5615//5615 5957//5957
f 5620//5620 5957//5957 5615//5615
f 5789//5789 5955//5955 5963//5963
f 5963//5963 5794//5794 5789//5789
f 5955//5955 5953//5953 5960//5960
f 5960//5960 5963//5963 5955//5955
f 5953//5953 5951//5951 5958//5958
f 5958//5958 5960//5960 5953//5953
f 5951//5951 5952//5952 5959//5959
f 5959//5959 5958//5958 5951//5951
f 5952//5952 5954//5954 5959//5959
f 5961//5961 5959//5959 5954//5954
f 5954//5954 5956//5956 5961//5961
f 5962//5962 5961//5961 5956//5956
f 5956//5956 5957//5957 5962//5962
f 5964//5964 5962//5962 5957//5957
f 5957//5957 5620//5620 5964//5964
f 5625//5625 5964//5964 5620//5620
f 5794//5794 5963//5963 5969//5969
f 5969//5969 5799//5799 5794//5794
f 5963//5963 5960//5960 5967//5967
f 5967//5967 5969//5969 5963//5963
f 5960//5960 5958//5958 5965//5965
f 5965//5965 5967//5967 5960//5960
f 5958//5958 5959//5959 5966//5966
f 5966//5966 5965//5965 5958//5958
f 5959//5959 5961//5961 5966//5966
f 5968//5968 5966//5966 5961//5961
f 5961//5961 5962//5962 5968//5968
f 5970//5970 5968//5968 5962//5962
f 5962//5962 5964//5964 5970//5970
f 5971//5971 5970//5970 5964//5964
f 5964//5964 5625//5625 5971//5971
f 5630//5630 5971//5971 5625//5625
f 5799//5799 5969//5969 5976//5976
f 5976//5976 5800//5800 5799//5799
f 5969//5969 5967//5967 5973//5973
f 5973//5973 5976//5976 5969//5969
f 5967//5967 5965//5965 5972//5972
f 5972//5972 5973//5973 5967//5967
f 5965//5965 5966//5966 5974//5974
f 5974//5974 5972//5972 5965//5965
f 5966//5966 5968//5968 5974//5974
f 5975//5975 5974//5974 5968//5968
f 5968//5968 5970//5970 5975//5975
f 5977//5977 5975//5975 5970//5970
f 5970//5970 5971//5971 5977//5977
f 5978//5978 5977//5977 5971//5971
f 5971//5971 5630//5630 5978//5978
f 5635//5635 5978//5978 5630//5630
f 5800//5800 5976//5976 5983//5983
f 5983//5983 5805//5805 5800//5800
f 5976//5976 5973//5973 5980//5980
f 5980//5980 5983//5983 5976//5976
f 5973//5973 5972//5972 5979//5979
f 5979//5979 5980//5980 5973//5973
f 5972//5972 5974//5974 5981//5981
f 5981//5981 5979//5979 5972//5972
f 5974//5974 5975//5975 5981//5981
f 5982//5982 5981//5981 5975//5975
f 5975//5975 5977//5977 5982//5982
f 5984//5984 5982//5982 5977//5977
f 5977//5977 5978//5978 5984//5984
f 5985//5985 5984//5984 5978//5978
f 5978//5978 5635//5635 5985//5985
f 5644//5644 5985//5985 5635//5635
f 5805//5805 5983//5983 5990//5990
f 5990//5990 5810//5810 5805//5805
f 5983//5983 5980//5980 5987//5987
f 5987//5987 5990//5990 5983//5983
f 5980//5980 5979//5979 5986//5986
f 5986//5986 5987//5987 5980//5980
f 5979//5979 5981//5981 5988//5988
f 5988//5988 5986//5986 5979//5979
f 5981//5981 5982//5982 5988//5988
f 5989//5989 5988//5988 5982//5982
f 5982//5982 5984//5984 5989//5989
f 5991//5991 5989//5989 5984//5984
f 5984//5984 5985//5985 5991//5991
f 5992//5992 5991//5991 5985//5985
f 5985//5985 5644//5644 5649//5649
f 5649//5649 5992//5992 5985//5985
f 5810//5810 5990//5990 5998//5998
f 5998//5998 5815//5815 5810//5810
f 5990//5990 5987//5987 5995//5995
f 5995//5995 5998//5998 5990//5990
f 5987//5987 5986//5986 5993//5993
f 5993//5993 5995//5995 5987//5987
f 5986//5986 5988//5988 5994//5994
f 5994//5994 5993//5993 5986//5986
f 5988//5988 5989//5989 5994//5994
f 5996//5996 5994//5994 5989//5989
f 5989//5989 5991//5991 5996//5996
f 5997//5997 5996//5996 5991//5991
f 5991//5991 5992//5992 5997//5997
f 5999//5999 5997//5997 5992//5992
f 5992//5992 5649//5649 5654//5654
f 5654//5654 5999//5999 5992//5992
f 5815//5815 5998//5998 6005//6005
f 6005//6005 5820//5820 5815//5815
f 5998//5998 5995//5995 6002//6002
f 6002//6002 6005//6005 5998//5998
f 5995//5995 5993//5993 6000//6000
f 6000//6000 6002//6002 5995//5995
f 5993//5993 5994//5994 6001//6001
f 6001//6001 6000//6000 5993//5993
f 5994//5994 5996//5996 6001//6001
f 6003//6003 6001//6001 5996//5996
f 5996//5996 5997//5997 6003//6003
f 6004//6004 6003//6003 5997//5997
f 5997//5997 5999//5999 6004//6004
f 6006//6006 6004//6004 5999//5999
f 5999//5999 5654//5654 5659//5659
f 5659//5659 6006//6006 5999//5999
f 5820//5820 6005//6005 6012//6012
f 6012//6012 5825//5825 5820//5820
f 6005//6005 6002//6002 6009//6009
f 6009//6009 6012//6012 6005//6005
f 6002//6002 6000//6000 6007//6007
f 6007//6007 6009//6009 6002//6002
f 6000//6000 6001//6001 6008//6008
f 6008//6008 6007//6007 6000//6000
f 6001//6001 6003//6003 6010//6010
f 6010//6010 6008//6008 6001//6001
f 6003//6003 6004//6004 6010//6010
f 6011//6011 6010//6010 6004//6004
f 6004//6004 6006//6006 6011//6011
f 6013//6013 6011//6011 6006//6006
f 6006//6006 5659//5659 5664//5664
f 5664//5664 6013//6013 6006//6006
f 5825//5825 6012//6012 6019//6019
f 6019//6019 5830//5830 5825//5825
f 6012//6012 6009//6009 6016//6016
f 6016//6016 6019//6019 6012//6012
f 6009//6009 6007//6007 6014//6014
f 6014//6014 6016//6016 6009//6009
f 6007//6007 6008//6008 6015//6015
f 6015//6015 6014//6014 6007//6007
f 6008//6008 6010//6010 6017//6017
f 6017//6017 6015//6015 6008//6008
f 6010//6010 6011//6011 6017//6017
f 6018//6018 6017//6017 6011//6011
f 6011//6011 6013//6013 6018//6018
f 6020//6020 6018//6018 6013//6013
f 6013//6013 5664//5664 5669//5669
f 5669//5669 6020//6020 6013//6013
f 5830//5830 6019//6019 6026//6026
f 6026//6026 5835//5835 5830//5830
f 6019//6019 6016//6016 6023//6023
f 6023//6023 6026//6026 6019//6019
f 6016//6016 6014//6014 6021//6021
f 6021//6021 6023//6023 6016//6016
f 6014//6014 6015//6015 6022//6022
f 6022//6022 6021//6021 6014//6014
f 6015//6015 6017//6017 6024//6024
f 6024//6024 6022//6022 6015//6015
f 6017//6017 6018//6018 6024//6024
f 6025//6025 6024//6024 6018//6018
f 6018//6018 6020//6020 6025//6025
f 6027//6027 6025//6025 6020//6020
f 6020//6020 5669//5669 5674//5674
f 5674//5674 6027//6027 6020//6020
f 5835//5835 6026//6026 6032//6032
f 6032//6032 5840//5840 5835//5835
f 6026//6026 6023//6023 6030//6030
f 6030//6030 6032//6032 6026//6026
f 6023//6023 6021//6021 6028//6028
f 6028//6028 6030//6030 6023//6023
f 6021//6021 6022//6022 6029//6029
f 6029//6029 6028//6028 6021//6021
f 6022//6022 6024//6024 6031//6031
f 6031//6031 6029//6029 6022//6022
f 6024//6024 6025//6025 6033//6033
f 6033//6033 6031//6031 6024//6024
f 6025//6025 6027//6027 6034//6034
f 6034//6034 6033//6033 6025//6025
f 6027//6027 5674//5674 5679//5679
f 5679//5679 6034//6034 6027//6027
f 5840//5840 6032//6032 6037//6037
f 6037//6037 5845//5845 5840//5840
f 6032//6032 6030//6030 6035//6035
f 6035//6035 6037//6037 6032//6032
f 6030//6030 6028//6028 6036//6036
f 6036//6036 6035//6035 6030//6030
f 6028//6028 6029//6029 6038//6038
f 6038//6038 6036//6036 6028//6028
f 6029//6029 6031//6031 6039//6039
f 6039//6039 6038//6038 6029//6029
f 6031//6031 6033//6033 6040//6040
f 6040//6040 6039//6039 6031//6031
f 6033//6033 6034//6034 6041//6041
f 6041//6041 6040//6040 6033//6033
f 6034//6034 5679//5679 5684//5684
f 5684//5684 6041//6041 6034//6034
f 6037//6037 6035//6035 6042//6042
f 6043//6043 6042//6042 6035//6035
f 6035//6035 6036//6036 6043//6043
f 6044//6044 6043//6043 6036//6036
f 6036//6036 6038//6038 6045//6045
f 6045//6045 6044//6044 6036//6036
f 6038//6038 6039//6039 6046//6046
f 6046//6046 6045//6045 6038//6038
f 6039//6039 6040//6040 6047//6047
f 6047//6047 6046//6046 6039//6039
f 6040//6040 6041//6041 6048//6048
f 6048//6048 6047//6047 6040//6040
f 6041//6041 5684//5684 5689//5689
f 5689//5689 6048//6048 6041//6041
f 5845//5845 6042//6042 5850//5850
f 6049//6049 5850//5850 6042//6042
f 6042//6042 6043//6043 6049//6049
f 6050//6050 6049//6049 6043//6043
f 6043//6043 6044//6044 6050//6050
f 6051//6051 6050//6050 6044//6044
f 6044//6044 6045//6045 6051//6051
f 6052//6052 6051//6051 6045//6045
f 6045//6045 6046//6046 6053//6053
f 6053//6053 6052//6052 6045//6045
f 6046//6046 6047//6047 6054//6054
f 6054//6054 6053//6053 6046//6046
f 6047//6047 6048//6048 6055//6055
f 6055//6055 6054//6054 6047//6047
f 6048//6048 5689//5689 5694//5694
f 5694//5694 6055//6055 6048//6048
f 5850//5850 6049//6049 5855//5855
f 6056//6056 5855//5855 6049//6049
f 6049//6049 6050//6050 6056//6056
f 6057//6057 6056//6056 6050//6050
f 6050//6050 6051//6051 6057//6057
f 6058//6058 6057//6057 6051//6051
f 6051//6051 6052//6052 6058//6058
f 6059//6059 6058//6058 6052//6052
f 6052//6052 6053//6053 6060//6060
f 6060//6060 6059//6059 6052//6052
f 6053//6053 6054//6054 6061//6061
f 6061//6061 6060//6060 6053//6053
f 6054//6054 6055//6055 6062//6062
f 6062//6062 6061//6061 6054//6054
f 6055//6055 5694//5694 5699//5699
f 5699//5699 6062//6062 6055//6055
f 5855//5855 6056//6056 5860//5860
f 6063//6063 5860//5860 6056//6056
f 6056//6056 6057//6057 6063//6063
f 6064//6064 6063//6063 6057//6057
f 6057//6057 6058//6058 6064//6064
f 6065//6065 6064//6064 6058//6058
f 6058//6058 6059//6059 6065//6065
f 6066//6066 6065//6065 6059//6059
f 6059//6059 6060//6060 6067//6067
f 6067//6067 6066//6066 6059//6059
f 6060//6060 6061//6061 6068//6068
f 6068//6068 6067//6067 6060//6060
f 6061//6061 6062//6062 6069//6069
f 6069//6069 6068//6068 6061//6061
f 6062//6062 5699//5699 5704//5704
f 5704//5704 6069//6069 6062//6062
f 5860//5860 6063//6063 5865//5865
f 6070//6070 5865//5865 6063//6063
f 6063//6063 6064//6064 6070//6070
f 6071//6071 6070//6070 6064//6064
f 6064//6064 6065//6065 6071//6071
f 6072//6072 6071//6071 6065//6065
f 6065//6065 6066//6066 6072//6072
f 6073//6073 6072//6072 6066//6066
f 6066//6066 6067//6067 6074//6074
f 6074//6074 6073//6073 6066//6066
f 6067//6067 6068//6068 6075//6075
f 6075//6075 6074//6074 6067//6067
f 6068//6068 6069//6069 6076//6076
f 6076//6076 6075//6075 6068//6068
f 6069//6069 5704//5704 5709//5709
f 5709//5709 6076//6076 6069//6069
f 5865//5865 6070//6070 5870//5870
f 6077//6077 5870//5870 6070//6070
f 6070//6070 6071//6071 6077//6077
f 6078//6078 6077//6077 6071//6071
f 6071//6071 6072//6072 6078//6078
f 6079//6079 6078//6078 6072//6072
f 6072//6072 6073//6073 6079//6079
f 6080//6080 6079//6079 6073//6073
f 6073//6073 6074//6074 6081//6081
f 6081//6081 6080//6080 6073//6073
f 6074//6074 6075//6075 6082//6082
f 6082//6082 6081//6081 6074//6074
f 6075//6075 6076//6076 6083//6083
f 6083//6083 6082//6082 6075//6075
f 6076//6076 5709//5709 5714//5714
f 5714//5714 6083//6083 6076//6076
f 5870//5870 6077//6077 5875//5875
f 6084//6084 5875//5875 6077//6077
f 6077//6077 6078//6078 6084//6084
f 6085//6085 6084//6084 6078//6078
f 6078//6078 6079//6079 6085//6085
f 6086//6086 6085//6085 6079//6079
f 6079//6079 6080//6080 6086//6086
f 6087//6087 6086//6086 6080//6080
f 6080//6080 6081//6081 6088//6088
f 6088//6088 6087//6087 6080//6080
f 6081//6081 6082//6082 6089//6089
f 6089//6089 6088//6088 6081//6081
f 6082//6082 6083//6083 6090//6090
f 6090//6090 6089//6089 6082//6082
f 6083//6083 5714//5714 5719//5719
f 5719//5719 6090//6090 6083//6083
f 5875//5875 6084//6084 5880//5880
f 6091//6091 5880//5880 6084//6084
f 6084//6084 6085//6085 6091//6091
f 6092//6092 6091//6091 6085//6085
f 6085//6085 6086//6086 6092//6092
f 6093//6093 6092//6092 6086//6086
f 6086//6086 6087//6087 6093//6093
f 6094//6094 6093//6093 6087//6087
f 6087//6087 6088//6088 6095//6095
f 6095//6095 6094//6094 6087//6087
f 6088//6088 6089//6089 6096//6096
f 6096//6096 6095//6095 6088//6088
f 6089//6089 6090//6090 6097//6097
f 6097//6097 6096//6096 6089//6089
f 6090//6090 5719//5719 5724//5724
f 5724//5724 6097//6097 6090//6090
f 5880//5880 6091//6091 5885//5885
f 6098//6098 5885//5885 6091//6091
f 6091//6091 6092//6092 6098//6098
f 6099//6099 6098//6098 6092//6092
f 6092//6092 6093//6093 6099//6099
f 6100//6100 6099//6099 6093//6093
f 6093//6093 6094//6094 6100//6100
f 6101//6101 6100//6100 6094//6094
f 6094//6094 6095//6095 6102//6102
f 6102//6102 6101//6101 6094//6094
f 6095//6095 6096//6096 6103//6103
f 6103//6103 6102//6102 6095//6095
f 6096//6096 6097//6097 6104//6104
f 6104//6104 6103//6103 6096//6096
f 6097//6097 5724//5724 5729//5729
f 5729//5729 6104//6104 6097//6097
f 5885//5885 6098//6098 5890//5890
f 6105//6105 5890//5890 6098//6098
f 6098//6098 6099//6099 6105//6105
f 6106//6106 6105//6105 6099//6099
f 6099//6099 6100//6100 6106//6106
f 6107//6107 6106//6106 6100//6100
f 6100//6100 6101//6101 6107//6107
f 6108//6108 6107//6107 6101//6101
f 6101//6101 6102//6102 6109//6109
f 6109//6109 6108//6108 6101//6101
f 6102//6102 6103//6103 6110//6110
f 6110//6110 6109//6109 6102//6102
f 6103//6103 6104//6104 6111//6111
f 6111//6111 6110//6110 6103//6103
f 6104//6104 5729//5729 5730//5730
f 5730//5730 6111//6111 6104//6104
f 5890//5890 6105//6105 5895//5895
f 6112//6112 5895//5895 6105//6105
f 6105//6105 6106//6106 6112//6112
f 6113//6113 6112//6112 6106//6106
f 6106//6106 6107//6107 6113//6113
f 6114//6114 6113//6113 6107//6107
f 6107//6107 6108//6108 6114//6114
f 6115//6115 6114//6114 6108//6108
f 6108//6108 6109//6109 6116//6116
f 6116//6116 6115//6115 6108//6108
f 6109//6109 6110//6110 6117//6117
f 6117//6117 6116//6116 6109//6109
f 6110//6110 6111//6111 6118//6118
f 6118//6118 6117//6117 6110//6110
f 6111//6111 5730//5730 5735//5735
f 5735//5735 6118//6118 6111//6111
f 5895//5895 6112//6112 5904//5904
f 6119//6119 5904//5904 6112//6112
f 6112//6112 6113//6113 6119//6119
f 6120//6120 6119//6119 6113//6113
f 6113//6113 6114//6114 6120//6120
f 6121//6121 6120//6120 6114//6114
f 6114//6114 6115//6115 6121//6121
f 6122//6122 6121//6121 6115//6115
f 6115//6115 6116//6116 6123//6123
f 6123//6123 6122//6122 6115//6115
f 6116//6116 6117//6117 6124//6124
f 6124//6124 6123//6123 6116//6116
f 6117//6117 6118//6118 6125//6125
f 6125//6125 6124//6124 6117//6117
f 6118//6118 5735//5735 5740//5740
f 5740//5740 6125//6125 6118//6118
f 5904//5904 6119//6119 5909//5909
f 6126//6126 5909//5909 6119//6119
f 6119//6119 6120//6120 6126//6126
f 6127//6127 6126//6126 6120//6120
f 6120//6120 6121//6121 6127//6127
f 6128//6128 6127//6127 6121//6121
f 6121//6121 6122//6122 6128//6128
f 6129//6129 6128//6128 6122//6122
f 6122//6122 6123//6123 6130//6130
f 6130//6130 6129//6129 6122//6122
f 6123//6123 6124//6124 6131//6131
f 6131//6131 6130//6130 6123//6123
f 6124//6124 6125//6125 6132//6132
f 6132//6132 6131//6131 6124//6124
f 6125//6125 5740//5740 5745//5745
f 5745//5745 6132//6132 6125//6125
f 5909//5909 6126//6126 5914//5914
f 6133//6133 5914//5914 6126//6126
f 6126//6126 6127//6127 6133//6133
f 6134//6134 6133//6133 6127//6127
f 6127//6127 6128//6128 6134//6134
f 6135//6135 6134//6134 6128//6128
f 6128//6128 6129//6129 6135//6135
f 6136//6136 6135//6135 6129//6129
f 6129//6129 6130//6130 6137//6137
f 6137//6137 6136//6136 6129//6129
f 6130//6130 6131//6131 6138//6138
f 6138//6138 6137//6137 6130//6130
f 6131//6131 6132//6132 6139//6139
f 6139//6139 6138//6138 6131//6131
f 6132//6132 5745//5745 5750//5750
f 5750//5750 6139//6139 6132//6132
f 5914//5914 6133//6133 5919//5919
f 6140//6140 5919//5919 6133//6133
f 6133//6133 6134//6134 6140//6140
f 6141//6141 6140//6140 6134//6134
f 6134//6134 6135//6135 6141//6141
f 6142//6142 6141//6141 6135//6135
f 6135//6135 6136//6136 6142//6142
f 6143//6143 6142//6142 6136//6136
f 6136//6136 6137//6137 6144//6144
f 6144//6144 6143//6143 6136//6136
f 6137//6137 6138//6138 6145//6145
f 6145//6145 6144//6144 6137//6137
f 6138//6138 6139//6139 6146//6146
f 6146//6146 6145//6145 6138//6138
f 6139//6139 5750//5750 5755//5755
f 5755//5755 6146//6146 6139//6139
f 5919//5919 6140//6140 5924//5924
f 6147//6147 5924//5924 6140//6140
f 6140//6140 6141//6141 6147//6147
f 6148//6148 6147//6147 6141//6141
f 6141//6141 6142//6142 6148//6148
f 6149//6149 6148//6148 6142//6142
f 6142//6142 6143//6143 6149//6149
f 6150//6150 6149//6149 6143//6143
f 6143//6143 6144//6144 6151//6151
f 6151//6151 6150//6150 6143//6143
f 6144//6144 6145//6145 6152//6152
f 6152//6152 6151//6151 6144//6144
f 6145//6145 6146//6146 6153//6153
f 6153//6153 6152//6152 6145//6145
f 6146//6146 5755//5755 5760//5760
f 5760//5760 6153//6153 6146//6146
f 5924//5924 6147//6147 5929//5929
f 6154//6154 5929//5929 6147//6147
f 6147//6147 6148//6148 6154//6154
f 6155//6155 6154//6154 6148//6148
f 6148//6148 6149//6149 6155//6155
f 6156//6156 6155//6155 6149//6149
f 6149//6149 6150//6150 6156//6156
f 6157//6157 6156//6156 6150//6150
f 6150//6150 6151//6151 6158//6158
f 6158//6158 6157//6157 6150//6150
f 6151//6151 6152//6152 6159//6159
f 6159//6159 6158//6158 6151//6151
f 6152//6152 6153//6153 6160//6160
f 6160//6160 6159//6159 6152//6152
f 6153//6153 5760//5760 5765//5765
f 5765//5765 6160//6160 6153//6153
f 5929//5929 6154//6154 574//574
f 574//574 571//571 5929//5929
f 6154//6154 6155//6155 574//574
f 576//576 574//574 6155//6155
f 6155//6155 6156//6156 576//576
f 578//578 576//576 6156//6156
f 6156//6156 6157//6157 578//578
f 579//579 578//578 6157//6157
f 6157//6157 6158//6158 577//577
f 577//577 579//579 6157//6157
f 6158//6158 6159//6159 575//575
f 575//575 577//577 6158//6158
f 6159//6159 6160//6160 575//575
f 573//573 575//575 6160//6160
f 6160//6160 5765//5765 572//572
f 572//572 573//573 6160//6160
f 1387//1387 1389//1389 6161//6161
f 6161//6161 3741//3741 1387//1387
f 3741//3741 6161//6161 3763//3763
f 6164//6164 3763//3763 6161//6161
f 3763//3763 6164//6164 3764//3764
f 6167//6167 3764//3764 6164//6164
f 3764//3764 6167//6167 3765//3765
f 6171//6171 3765//3765 6167//6167
f 3765//3765 6171//6171 3766//3766
f 6175//6175 3766//3766 6171//6171
f 3766//3766 6175//6175 6179//6179
f 6179//6179 3790//3790 3766//3766
f 6175//6175 6171//6171 6174//6174
f 6174//6174 6179//6179 6175//6175
f 6171//6171 6167//6167 6170//6170
f 6170//6170 6174//6174 6171//6171
f 6167//6167 6164//6164 6166//6166
f 6166//6166 6170//6170 6167//6167
f 6164//6164 6161//6161 6162//6162
f 6162//6162 6166//6166 6164//6164
f 6161//6161 1389//1389 6162//6162
f 1388//1388 6162//6162 1389//1389
f 3790//3790 6179//6179 6181//6181
f 6181//6181 3814//3814 3790//3790
f 6179//6179 6174//6174 6180//6180
f 6180//6180 6181//6181 6179//6179
f 6174//6174 6170//6170 6173//6173
f 6173//6173 6180//6180 6174//6174
f 6170//6170 6166//6166 6168//6168
f 6168//6168 6173//6173 6170//6170
f 6166//6166 6162//6162 6163//6163
f 6163//6163 6168//6168 6166//6166
f 6162//6162 1388//1388 6163//6163
f 1386//1386 6163//6163 1388//1388
f 3814//3814 6181//6181 6186//6186
f 6186//6186 3834//3834 3814//3814
f 6181//6181 6180//6180 6182//6182
f 6182//6182 6186//6186 6181//6181
f 6180//6180 6173//6173 6178//6178
f 6178//6178 6182//6182 6180//6180
f 6173//6173 6168//6168 6172//6172
f 6172//6172 6178//6178 6173//6173
f 6168//6168 6163//6163 6165//6165
f 6165//6165 6172//6172 6168//6168
f 6163//6163 1386//1386 6165//6165
f 1383//1383 6165//6165 1386//1386
f 3834//3834 6186//6186 6191//6191
f 6191//6191 3852//3852 3834//3834
f 6186//6186 6182//6182 6187//6187
f 6187//6187 6191//6191 6186//6186
f 6182//6182 6178//6178 6184//6184
f 6184//6184 6187//6187 6182//6182
f 6178//6178 6172//6172 6177//6177
f 6177//6177 6184//6184 6178//6178
f 6172//6172 6165//6165 6169//6169
f 6169//6169 6177//6177 6172//6172
f 6165//6165 1383//1383 1903//1903
f 1903//1903 6169//6169 6165//6165
f 3852//3852 6191//6191 6195//6195
f 6195//6195 3868//3868 3852//3852
f 6191//6191 6187//6187 6192//6192
f 6192//6192 6195//6195 6191//6191
f 6187//6187 6184//6184 6188//6188
f 6188//6188 6192//6192 6187//6187
f 6184//6184 6177//6177 6183//6183
f 6183//6183 6188//6188 6184//6184
f 6177//6177 6169//6169 6176//6176
f 6176//6176 6183//6183 6177//6177
f 6169//6169 1903//1903 1899//1899
f 1899//1899 6176//6176 6169//6169
f 3868//3868 6195//6195 6200//6200
f 6200//6200 3884//3884 3868//3868
f 6195//6195 6192//6192 6197//6197
f 6197//6197 6200//6200 6195//6195
f 6192//6192 6188//6188 6193//6193
f 6193//6193 6197//6197 6192//6192
f 6188//6188 6183//6183 6189//6189
f 6189//6189 6193//6193 6188//6188
f 6183//6183 6176//6176 6185//6185
f 6185//6185 6189//6189 6183//6183
f 6176//6176 1899//1899 1895//1895
f 1895//1895 6185//6185 6176//6176
f 3884//3884 6200//6200 6204//6204
f 6204//6204 3900//3900 3884//3884
f 6200//6200 6197//6197 6201//6201
f 6201//6201 6204//6204 6200//6200
f 6197//6197 6193//6193 6198//6198
f 6198//6198 6201//6201 6197//6197
f 6193//6193 6189//6189 6194//6194
f 6194//6194 6198//6198 6193//6193
f 6189//6189 6185//6185 6190//6190
f 6190//6190 6194//6194 6189//6189
f 6185//6185 1895//1895 1891//1891
f 1891//1891 6190//6190 6185//6185
f 3900//3900 6204//6204 6209//6209
f 6209//6209 3913//3913 3900//3900
f 6204//6204 6201//6201 6206//6206
f 6206//6206 6209//6209 6204//6204
f 6201//6201 6198//6198 6203//6203
f 6203//6203 6206//6206 6201//6201
f 6198//6198 6194//6194 6199//6199
f 6199//6199 6203//6203 6198//6198
f 6194//6194 6190//6190 6196//6196
f 6196//6196 6199//6199 6194//6194
f 6190//6190 1891//1891 1887//1887
f 1887//1887 6196//6196 6190//6190
f 3913//3913 6209//6209 6212//6212
f 6212//6212 3924//3924 3913//3913
f 6209//6209 6206//6206 6211//6211
f 6211//6211 6212//6212 6209//6209
f 6206//6206 6203//6203 6208//6208
f 6208//6208 6211//6211 6206//6206
f 6203//6203 6199//6199 6205//6205
f 6205//6205 6208//6208 6203//6203
f 6199//6199 6196//6196 6202//6202
f 6202//6202 6205//6205 6199//6199
f 6196//6196 1887//1887 1883//1883
f 1883//1883 6202//6202 6196//6196
f 3924//3924 6212//6212 6217//6217
f 6217//6217 3933//3933 3924//3924
f 6212//6212 6211//6211 6215//6215
f 6215//6215 6217//6217 6212//6212
f 6211//6211 6208//6208 6213//6213
f 6213//6213 6215//6215 6211//6211
f 6208//6208 6205//6205 6210//6210
f 6210//6210 6213//6213 6208//6208
f 6205//6205 6202//6202 6207//6207
f 6207//6207 6210//6210 6205//6205
f 6202//6202 1883//1883 1879//1879
f 1879//1879 6207//6207 6202//6202
f 3933//3933 6217//6217 6222//6222
f 6222//6222 3938//3938 3933//3933
f 6217//6217 6215//6215 6220//6220
f 6220//6220 6222//6222 6217//6217
f 6215//6215 6213//6213 6218//6218
f 6218//6218 6220//6220 6215//6215
f 6213//6213 6210//6210 6216//6216
f 6216//6216 6218//6218 6213//6213
f 6210//6210 6207//6207 6214//6214
f 6214//6214 6216//6216 6210//6210
f 6207//6207 1879//1879 1875//1875
f 1875//1875 6214//6214 6207//6207
f 3938//3938 6222//6222 6226//6226
f 6226//6226 3945//3945 3938//3938
f 6222//6222 6220//6220 6224//6224
f 6224//6224 6226//6226 6222//6222
f 6220//6220 6218//6218 6223//6223
f 6223//6223 6224//6224 6220//6220
f 6218//6218 6216//6216 6221//6221
f 6221//6221 6223//6223 6218//6218
f 6216//6216 6214//6214 6219//6219
f 6219//6219 6221//6221 6216//6216
f 6214//6214 1875//1875 1871//1871
f 1871//1871 6219//6219 6214//6214
f 3945//3945 6226//6226 6230//6230
f 6230//6230 3949//3949 3945//3945
f 6226//6226 6224//6224 6229//6229
f 6229//6229 6230//6230 6226//6226
f 6224//6224 6223//6223 6228//6228
f 6228//6228 6229//6229 6224//6224
f 6223//6223 6221//6221 6227//6227
f 6227//6227 6228//6228 6223//6223
f 6221//6221 6219//6219 6225//6225
f 6225//6225 6227//6227 6221//6221
f 6219//6219 1871//1871 1867//1867
f 1867//1867 6225//6225 6219//6219
f 3949//3949 6230//6230 6235//6235
f 6235//6235 3953//3953 3949//3949
f 6230//6230 6229//6229 6234//6234
f 6234//6234 6235//6235 6230//6230
f 6229//6229 6228//6228 6233//6233
f 6233//6233 6234//6234 6229//6229
f 6228//6228 6227//6227 6232//6232
f 6232//6232 6233//6233 6228//6228
f 6227//6227 6225//6225 6231//6231
f 6231//6231 6232//6232 6227//6227
f 6225//6225 1867//1867 1863//1863
f 1863//1863 6231//6231 6225//6225
f 3953//3953 6235//6235 6240//6240
f 6240//6240 3955//3955 3953//3953
f 6235//6235 6234//6234 6239//6239
f 6239//6239 6240//6240 6235//6235
f 6234//6234 6233//6233 6238//6238
f 6238//6238 6239//6239 6234//6234
f 6233//6233 6232//6232 6237//6237
f 6237//6237 6238//6238 6233//6233
f 6232//6232 6231//6231 6236//6236
f 6236//6236 6237//6237 6232//6232
f 6231//6231 1863//1863 1859//1859
f 1859//1859 6236//6236 6231//6231
f 3955//3955 6240//6240 6245//6245
f 6245//6245 3956//3956 3955//3955
f 6240//6240 6239//6239 6244//6244
f 6244//6244 6245//6245 6240//6240
f 6239//6239 6238//6238 6243//6243
f 6243//6243 6244//6244 6239//6239
f 6238//6238 6237//6237 6242//6242
f 6242//6242 6243//6243 6238//6238
f 6237//6237 6236//6236 6241//6241
f 6241//6241 6242//6242 6237//6237
f 6236//6236 1859//1859 1855//1855
f 1855//1855 6241//6241 6236//6236
f 3956//3956 6245//6245 6246//6246
f 6246//6246 3958//3958 3956//3956
f 6245//6245 6244//6244 6248//6248
f 6248//6248 6246//6246 6245//6245
f 6244//6244 6243//6243 6247//6247
f 6247//6247 6248//6248 6244//6244
f 6243//6243 6242//6242 6249//6249
f 6249//6249 6247//6247 6243//6243
f 6242//6242 6241//6241 6250//6250
f 6250//6250 6249//6249 6242//6242
f 6241//6241 1855//1855 1851//1851
f 1851//1851 6250//6250 6241//6241
f 3958//3958 6246//6246 6251//6251
f 6251//6251 3960//3960 3958//3958
f 6246//6246 6248//6248 6252//6252
f 6252//6252 6251//6251 6246//6246
f 6248//6248 6247//6247 6253//6253
f 6253//6253 6252//6252 6248//6248
f 6247//6247 6249//6249 6254//6254
f 6254//6254 6253//6253 6247//6247
f 6249//6249 6250//6250 6255//6255
f 6255//6255 6254//6254 6249//6249
f 6250//6250 1851//1851 1847//1847
f 1847//1847 6255//6255 6250//6250
f 3960//3960 6251//6251 6256//6256
f 6256//6256 3962//3962 3960//3960
f 6251//6251 6252//6252 6257//6257
f 6257//6257 6256//6256 6251//6251
f 6252//6252 6253//6253 6258//6258
f 6258//6258 6257//6257 6252//6252
f 6253//6253 6254//6254 6259//6259
f 6259//6259 6258//6258 6253//6253
f 6254//6254 6255//6255 6260//6260
f 6260//6260 6259//6259 6254//6254
f 6255//6255 1847//1847 278//278
f 278//278 6260//6260 6255//6255
f 3962//3962 6256//6256 315//315
f 315//315 320//320 3962//3962
f 6256//6256 6257//6257 302//302
f 302//302 315//315 6256//6256
f 6257//6257 6258//6258 293//293
f 293//293 302//302 6257//6257
f 6258//6258 6259//6259 287//287
f 287//287 293//293 6258//6258
f 6259//6259 6260//6260 280//280
f 280//280 287//287 6259//6259
f 3405//3405 1280//1280 6265//6265
f 6265//6265 6266//6266 3405//3405
f 1280//1280 1279//1279 6265//6265
f 6262//6262 6265//6265 1279//1279
f 1279//1279 1278//1278 6262//6262
f 6261//6261 6262//6262 1278//1278
f 1278//1278 1277//1277 6261//6261
f 6263//6263 6261//6261 1277//1277
f 1277//1277 1276//1276 6263//6263
f 6264//6264 6263//6263 1276//1276
f 1276//1276 1275//1275 6264//6264
f 3675//3675 6264//6264 1275//1275
f 6266//6266 6265//6265 6270//6270
f 6270//6270 6272//6272 6266//6266
f 6265//6265 6262//6262 6270//6270
f 6267//6267 6270//6270 6262//6262
f 6262//6262 6261//6261 6267//6267
f 6268//6268 6267//6267 6261//6261
f 6261//6261 6263//6263 6268//6268
f 6269//6269 6268//6268 6263//6263
f 6263//6263 6264//6264 6269//6269
f 6271//6271 6269//6269 6264//6264
f 6264//6264 3675//3675 6271//6271
f 3672//3672 6271//6271 3675//3675
f 3405//3405 6266//6266 3403//3403
f 6273//6273 3403//3403 6266//6266
f 6266//6266 6272//6272 6273//6273
f 6274//6274 6273//6273 6272//6272
f 6272//6272 6270//6270 6274//6274
f 6275//6275 6274//6274 6270//6270
f 6270//6270 6267//6267 6275//6275
f 6276//6276 6275//6275 6267//6267
f 6267//6267 6268//6268 6276//6276
f 6277//6277 6276//6276 6268//6268
f 6268//6268 6269//6269 6277//6277
f 6278//6278 6277//6277 6269//6269
f 6269//6269 6271//6271 6278//6278
f 6279//6279 6278//6278 6271//6271
f 6271//6271 3672//3672 6279//6279
f 3669//3669 6279//6279 3672//3672
f 3403//3403 6273//6273 3399//3399
f 6280//6280 3399//3399 6273//6273
f 6273//6273 6274//6274 6280//6280
f 6281//6281 6280//6280 6274//6274
f 6274//6274 6275//6275 6281//6281
f 6282//6282 6281//6281 6275//6275
f 6275//6275 6276//6276 6282//6282
f 6283//6283 6282//6282 6276//6276
f 6276//6276 6277//6277 6283//6283
f 6284//6284 6283//6283 6277//6277
f 6277//6277 6278//6278 6284//6284
f 6285//6285 6284//6284 6278//6278
f 6278//6278 6279//6279 6285//6285
f 6286//6286 6285//6285 6279//6279
f 6279//6279 3669//3669 6286//6286
f 3668//3668 6286//6286 3669//3669
f 3399//3399 6280//6280 3393//3393
f 6287//6287 3393//3393 6280//6280
f 6280//6280 6281//6281 6287//6287
f 6288//6288 6287//6287 6281//6281
f 6281//6281 6282//6282 6288//6288
f 6289//6289 6288//6288 6282//6282
f 6282//6282 6283//6283 6289//6289
f 6290//6290 6289//6289 6283//6283
f 6283//6283 6284//6284 6290//6290
f 6291//6291 6290//6290 6284//6284
f 6284//6284 6285//6285 6291//6291
f 6292//6292 6291//6291 6285//6285
f 6285//6285 6286//6286 6292//6292
f 6293//6293 6292//6292 6286//6286
f 6286//6286 3668//3668 6293//6293
f 3665//3665 6293//6293 3668//3668
f 3393//3393 6287//6287 3385//3385
f 6294//6294 3385//3385 6287//6287
f 6287//6287 6288//6288 6294//6294
f 6295//6295 6294//6294 6288//6288
f 6288//6288 6289//6289 6295//6295
f 6296//6296 6295//6295 6289//6289
f 6289//6289 6290//6290 6296//6296
f 6297//6297 6296//6296 6290//6290
f 6290//6290 6291//6291 6297//6297
f 6298//6298 6297//6297 6291//6291
f 6291//6291 6292//6292 6298//6298
f 6299//6299 6298//6298 6292//6292
f 6292//6292 6293//6293 6299//6299
f 6300//6300 6299//6299 6293//6293
f 6293//6293 3665//3665 6300//6300
f 3661//3661 6300//6300 3665//3665
f 3385//3385 6294//6294 3375//3375
f 6301//6301 3375//3375 6294//6294
f 6294//6294 6295//6295 6301//6301
f 6302//6302 6301//6301 6295//6295
f 6295//6295 6296//6296 6302//6302
f 6303//6303 6302//6302 6296//6296
f 6296//6296 6297//6297 6303//6303
f 6304//6304 6303//6303 6297//6297
f 6297//6297 6298//6298 6304//6304
f 6305//6305 6304//6304 6298//6298
f 6298//6298 6299//6299 6305//6305
f 6306//6306 6305//6305 6299//6299
f 6299//6299 6300//6300 6306//6306
f 6307//6307 6306//6306 6300//6300
f 6300//6300 3661//3661 6307//6307
f 3657//3657 6307//6307 3661//3661
f 3375//3375 6301//6301 3363//3363
f 6308//6308 3363//3363 6301//6301
f 6301//6301 6302//6302 6308//6308
f 6309//6309 6308//6308 6302//6302
f 6302//6302 6303//6303 6309//6309
f 6310//6310 6309//6309 6303//6303
f 6303//6303 6304//6304 6310//6310
f 6311//6311 6310//6310 6304//6304
f 6304//6304 6305//6305 6311//6311
f 6312//6312 6311//6311 6305//6305
f 6305//6305 6306//6306 6312//6312
f 6313//6313 6312//6312 6306//6306
f 6306//6306 6307//6307 6313//6313
f 6314//6314 6313//6313 6307//6307
f 6307//6307 3657//3657 6314//6314
f 3653//3653 6314//6314 3657//3657
f 3363//3363 6308//6308 3348//3348
f 6315//6315 3348//3348 6308//6308
f 6308//6308 6309//6309 6315//6315
f 6316//6316 6315//6315 6309//6309
f 6309//6309 6310//6310 6316//6316
f 6317//6317 6316//6316 6310//6310
f 6310//6310 6311//6311 6317//6317
f 6318//6318 6317//6317 6311//6311
f 6311//6311 6312//6312 6318//6318
f 6319//6319 6318//6318 6312//6312
f 6312//6312 6313//6313 6319//6319
f 6320//6320 6319//6319 6313//6313
f 6313//6313 6314//6314 6320//6320
f 6321//6321 6320//6320 6314//6314
f 6314//6314 3653//3653 6321//6321
f 3646//3646 6321//6321 3653//3653
f 3348//3348 6315//6315 3331//3331
f 6322//6322 3331//3331 6315//6315
f 6315//6315 6316//6316 6322//6322
f 6323//6323 6322//6322 6316//6316
f 6316//6316 6317//6317 6323//6323
f 6324//6324 6323//6323 6317//6317
f 6317//6317 6318//6318 6324//6324
f 6325//6325 6324//6324 6318//6318
f 6318//6318 6319//6319 6325//6325
f 6326//6326 6325//6325 6319//6319
f 6319//6319 6320//6320 6326//6326
f 6327//6327 6326//6326 6320//6320
f 6320//6320 6321//6321 6327//6327
f 6328//6328 6327//6327 6321//6321
f 6321//6321 3646//3646 6328//6328
f 3639//3639 6328//6328 3646//3646
f 3331//3331 6322//6322 3312//3312
f 6329//6329 3312//3312 6322//6322
f 6322//6322 6323//6323 6329//6329
f 6330//6330 6329//6329 6323//6323
f 6323//6323 6324//6324 6330//6330
f 6331//6331 6330//6330 6324//6324
f 6324//6324 6325//6325 6331//6331
f 6332//6332 6331//6331 6325//6325
f 6325//6325 6326//6326 6332//6332
f 6333//6333 6332//6332 6326//6326
f 6326//6326 6327//6327 6333//6333
f 6334//6334 6333//6333 6327//6327
f 6327//6327 6328//6328 6334//6334
f 6335//6335 6334//6334 6328//6328
f 6328//6328 3639//3639 6335//6335
f 3632//3632 6335//6335 3639//3639
f 3312//3312 6329//6329 3291//3291
f 6336//6336 3291//3291 6329//6329
f 6329//6329 6330//6330 6336//6336
f 6337//6337 6336//6336 6330//6330
f 6330//6330 6331//6331 6337//6337
f 6338//6338 6337//6337 6331//6331
f 6331//6331 6332//6332 6338//6338
f 6339//6339 6338//6338 6332//6332
f 6332//6332 6333//6333 6339//6339
f 6340//6340 6339//6339 6333//6333
f 6333//6333 6334//6334 6340//6340
f 6341//6341 6340//6340 6334//6334
f 6334//6334 6335//6335 6341//6341
f 6342//6342 6341//6341 6335//6335
f 6335//6335 3632//3632 6342//6342
f 3625//3625 6342//6342 3632//3632
f 3291//3291 6336//6336 3268//3268
f 6343//6343 3268//3268 6336//6336
f 6336//6336 6337//6337 6343//6343
f 6344//6344 6343//6343 6337//6337
f 6337//6337 6338//6338 6344//6344
f 6345//6345 6344//6344 6338//6338
f 6338//6338 6339//6339 6345//6345
f 6346//6346 6345//6345 6339//6339
f 6339//6339 6340//6340 6346//6346
f 6347//6347 6346//6346 6340//6340
f 6340//6340 6341//6341 6347//6347
f 6348//6348 6347//6347 6341//6341
f 6341//6341 6342//6342 6348//6348
f 6349//6349 6348//6348 6342//6342
f 6342//6342 3625//3625 6349//6349
f 3618//3618 6349//6349 3625//3625
f 3268//3268 6343//6343 3245//3245
f 6350//6350 3245//3245 6343//6343
f 6343//6343 6344//6344 6350//6350
f 6351//6351 6350//6350 6344//6344
f 6344//6344 6345//6345 6351//6351
f 6352//6352 6351//6351 6345//6345
f 6345//6345 6346//6346 6352//6352
f 6353//6353 6352//6352 6346//6346
f 6346//6346 6347//6347 6353//6353
f 6354//6354 6353//6353 6347//6347
f 6347//6347 6348//6348 6354//6354
f 6355//6355 6354//6354 6348//6348
f 6348//6348 6349//6349 6355//6355
f 6356//6356 6355//6355 6349//6349
f 6349//6349 3618//3618 6356//6356
f 3611//3611 6356//6356 3618//3618
f 3245//3245 6350//6350 3214//3214
f 6360//6360 3214//3214 6350//6350
f 6350//6350 6351//6351 6360//6360
f 6358//6358 6360//6360 6351//6351
f 6351//6351 6352//6352 6358//6358
f 6357//6357 6358//6358 6352//6352
f 6352//6352 6353//6353 6357//6357
f 6359//6359 6357//6357 6353//6353
f 6353//6353 6354//6354 6359//6359
f 6361//6361 6359//6359 6354//6354
f 6354//6354 6355//6355 6361//6361
f 6362//6362 6361//6361 6355//6355
f 6355//6355 6356//6356 6362//6362
f 6363//6363 6362//6362 6356//6356
f 6356//6356 3611//3611 6363//6363
f 3608//3608 6363//6363 3611//3611
f 3214//3214 6360//6360 3181//3181
f 6368//6368 3181//3181 6360//6360
f 6360//6360 6358//6358 6368//6368
f 6366//6366 6368//6368 6358//6358
f 6358//6358 6357//6357 6366//6366
f 6364//6364 6366//6366 6357//6357
f 6357//6357 6359//6359 6364//6364
f 6365//6365 6364//6364 6359//6359
f 6359//6359 6361//6361 6365//6365
f 6367//6367 6365//6365 6361//6361
f 6361//6361 6362//6362 6367//6367
f 6369//6369 6367//6367 6362//6362
f 6362//6362 6363//6363 6369//6369
f 6370//6370 6369//6369 6363//6363
f 6363//6363 3608//3608 6370//6370
f 3598//3598 6370//6370 3608//3608
f 3181//3181 6368//6368 3126//3126
f 6376//6376 3126//3126 6368//6368
f 6368//6368 6366//6366 6376//6376
f 6374//6374 6376//6376 6366//6366
f 6366//6366 6364//6364 6374//6374
f 6372//6372 6374//6374 6364//6364
f 6364//6364 6365//6365 6372//6372
f 6371//6371 6372//6372 6365//6365
f 6365//6365 6367//6367 6371//6371
f 6373//6373 6371//6371 6367//6367
f 6367//6367 6369//6369 6373//6373
f 6375//6375 6373//6373 6369//6369
f 6369//6369 6370//6370 6375//6375
f 6377//6377 6375//6375 6370//6370
f 6370//6370 3598//3598 6377//6377
f 3588//3588 6377//6377 3598//3598
f 3126//3126 6376//6376 3073//3073
f 6384//6384 3073//3073 6376//6376
f 6376//6376 6374//6374 6384//6384
f 6381//6381 6384//6384 6374//6374
f 6374//6374 6372//6372 6381//6381
f 6379//6379 6381//6381 6372//6372
f 6372//6372 6371//6371 6379//6379
f 6378//6378 6379//6379 6371//6371
f 6371//6371 6373//6373 6378//6378
f 6380//6380 6378//6378 6373//6373
f 6373//6373 6375//6375 6380//6380
f 6382//6382 6380//6380 6375//6375
f 6375//6375 6377//6377 6382//6382
f 6383//6383 6382//6382 6377//6377
f 6377//6377 3588//3588 6383//6383
f 3578//3578 6383//6383 3588//3588
f 3073//3073 6384//6384 3020//3020
f 6391//6391 3020//3020 6384//6384
f 6384//6384 6381//6381 6391//6391
f 6389//6389 6391//6391 6381//6381
f 6381//6381 6379//6379 6389//6389
f 6387//6387 6389//6389 6379//6379
f 6379//6379 6378//6378 6387//6387
f 6385//6385 6387//6387 6378//6378
f 6378//6378 6380//6380 6385//6385
f 6386//6386 6385//6385 6380//6380
f 6380//6380 6382//6382 6386//6386
f 6388//6388 6386//6386 6382//6382
f 6382//6382 6383//6383 6388//6388
f 6390//6390 6388//6388 6383//6383
f 6383//6383 3578//3578 6390//6390
f 3566//3566 6390//6390 3578//3578
f 3020//3020 6391//6391 6398//6398
f 6398//6398 2969//2969 3020//3020
f 6391//6391 6389//6389 6398//6398
f 6397//6397 6398//6398 6389//6389
f 6389//6389 6387//6387 6397//6397
f 6394//6394 6397//6397 6387//6387
f 6387//6387 6385//6385 6394//6394
f 6392//6392 6394//6394 6385//6385
f 6385//6385 6386//6386 6392//6392
f 6393//6393 6392//6392 6386//6386
f 6386//6386 6388//6388 6393//6393
f 6395//6395 6393//6393 6388//6388
f 6388//6388 6390//6390 6395//6395
f 6396//6396 6395//6395 6390//6390
f 6390//6390 3566//3566 6396//6396
f 3565//3565 6396//6396 3566//3566
f 2969//2969 6398//6398 6405//6405
f 6405//6405 2920//2920 2969//2969
f 6398//6398 6397//6397 6405//6405
f 6404//6404 6405//6405 6397//6397
f 6397//6397 6394//6394 6404//6404
f 6401//6401 6404//6404 6394//6394
f 6394//6394 6392//6392 6401//6401
f 6399//6399 6401//6401 6392//6392
f 6392//6392 6393//6393 6399//6399
f 6400//6400 6399//6399 6393//6393
f 6393//6393 6395//6395 6400//6400
f 6402//6402 6400//6400 6395//6395
f 6395//6395 6396//6396 6402//6402
f 6403//6403 6402//6402 6396//6396
f 6396//6396 3565//3565 6403//6403
f 3562//3562 6403//6403 3565//3565
f 2920//2920 6405//6405 6412//6412
f 6412//6412 2871//2871 2920//2920
f 6405//6405 6404//6404 6412//6412
f 6410//6410 6412//6412 6404//6404
f 6404//6404 6401//6401 6410//6410
f 6408//6408 6410//6410 6401//6401
f 6401//6401 6399//6399 6408//6408
f 6406//6406 6408//6408 6399//6399
f 6399//6399 6400//6400 6406//6406
f 6407//6407 6406//6406 6400//6400
f 6400//6400 6402//6402 6407//6407
f 6409//6409 6407//6407 6402//6402
f 6402//6402 6403//6403 6409//6409
f 6411//6411 6409//6409 6403//6403
f 6403//6403 3562//3562 6411//6411
f 3552//3552 6411//6411 3562//3562
f 2871//2871 6412//6412 6419//6419
f 6419//6419 2822//2822 2871//2871
f 6412//6412 6410//6410 6419//6419
f 6416//6416 6419//6419 6410//6410
f 6410//6410 6408//6408 6416//6416
f 6414//6414 6416//6416 6408//6408
f 6408//6408 6406//6406 6414//6414
f 6413//6413 6414//6414 6406//6406
f 6406//6406 6407//6407 6413//6413
f 6415//6415 6413//6413 6407//6407
f 6407//6407 6409//6409 6415//6415
f 6417//6417 6415//6415 6409//6409
f 6409//6409 6411//6411 6417//6417
f 6418//6418 6417//6417 6411//6411
f 6411//6411 3552//3552 6418//6418
f 3542//3542 6418//6418 3552//3552
f 2822//2822 6419//6419 6425//6425
f 6425//6425 2821//2821 2822//2822
f 6419//6419 6416//6416 6425//6425
f 6422//6422 6425//6425 6416//6416
f 6416//6416 6414//6414 6422//6422
f 6420//6420 6422//6422 6414//6414
f 6414//6414 6413//6413 6420//6420
f 6421//6421 6420//6420 6413//6413
f 6413//6413 6415//6415 6421//6421
f 6423//6423 6421//6421 6415//6415
f 6415//6415 6417//6417 6423//6423
f 6424//6424 6423//6423 6417//6417
f 6417//6417 6418//6418 6424//6424
f 6426//6426 6424//6424 6418//6418
f 6418//6418 3542//3542 6426//6426
f 3541//3541 6426//6426 3542//3542
f 2821//2821 6425//6425 6430//6430
f 6430//6430 2773//2773 2821//2821
f 6425//6425 6422//6422 6430//6430
f 6428//6428 6430//6430 6422//6422
f 6422//6422 6420//6420 6428//6428
f 6427//6427 6428//6428 6420//6420
f 6420//6420 6421//6421 6427//6427
f 6429//6429 6427//6427 6421//6421
f 6421//6421 6423//6423 6429//6429
f 6431//6431 6429//6429 6423//6423
f 6423//6423 6424//6424 6431//6431
f 6432//6432 6431//6431 6424//6424
f 6424//6424 6426//6426 6432//6432
f 6433//6433 6432//6432 6426//6426
f 6426//6426 3541//3541 6433//6433
f 3528//3528 6433//6433 3541//3541
f 2773//2773 6430//6430 2725//2725
f 6436//6436 2725//2725 6430//6430
f 6430//6430 6428//6428 6436//6436
f 6434//6434 6436//6436 6428//6428
f 6428//6428 6427//6427 6434//6434
f 6435//6435 6434//6434 6427//6427
f 6427//6427 6429//6429 6435//6435
f 6437//6437 6435//6435 6429//6429
f 6429//6429 6431//6431 6437//6437
f 6438//6438 6437//6437 6431//6431
f 6431//6431 6432//6432 6438//6438
f 6439//6439 6438//6438 6432//6432
f 6432//6432 6433//6433 6439//6439
f 6440//6440 6439//6439 6433//6433
f 6433//6433 3528//3528 6440//6440
f 3514//3514 6440//6440 3528//3528
f 2725//2725 6436//6436 2677//2677
f 6441//6441 2677//2677 6436//6436
f 6436//6436 6434//6434 6441//6441
f 6442//6442 6441//6441 6434//6434
f 6434//6434 6435//6435 6442//6442
f 6443//6443 6442//6442 6435//6435
f 6435//6435 6437//6437 6443//6443
f 6444//6444 6443//6443 6437//6437
f 6437//6437 6438//6438 6444//6444
f 6445//6445 6444//6444 6438//6438
f 6438//6438 6439//6439 6445//6445
f 6446//6446 6445//6445 6439//6439
f 6439//6439 6440//6440 6446//6446
f 6447//6447 6446//6446 6440//6440
f 6440//6440 3514//3514 6447//6447
f 3500//3500 6447//6447 3514//3514
f 2677//2677 6441//6441 2635//2635
f 6448//6448 2635//2635 6441//6441
f 6441//6441 6442//6442 6448//6448
f 6449//6449 6448//6448 6442//6442
f 6442//6442 6443//6443 6449//6449
f 6450//6450 6449//6449 6443//6443
f 6443//6443 6444//6444 6450//6450
f 6451//6451 6450//6450 6444//6444
f 6444//6444 6445//6445 6451//6451
f 6452//6452 6451//6451 6445//6445
f 6445//6445 6446//6446 6452//6452
f 6453//6453 6452//6452 6446//6446
f 6446//6446 6447//6447 6453//6453
f 6454//6454 6453//6453 6447//6447
f 6447//6447 3500//3500 6454//6454
f 3486//3486 6454//6454 3500//3500
f 2635//2635 6448//6448 2593//2593
f 6455//6455 2593//2593 6448//6448
f 6448//6448 6449//6449 6455//6455
f 6456//6456 6455//6455 6449//6449
f 6449//6449 6450//6450 6456//6456
f 6457//6457 6456//6456 6450//6450
f 6450//6450 6451//6451 6457//6457
f 6458//6458 6457//6457 6451//6451
f 6451//6451 6452//6452 6458//6458
f 6459//6459 6458//6458 6452//6452
f 6452//6452 6453//6453 6459//6459
f 6460//6460 6459//6459 6453//6453
f 6453//6453 6454//6454 6460//6460
f 6461//6461 6460//6460 6454//6454
f 6454//6454 3486//3486 6461//6461
f 3472//3472 6461//6461 3486//3486
f 2593//2593 6455//6455 2549//2549
f 6462//6462 2549//2549 6455//6455
f 6455//6455 6456//6456 6462//6462
f 6463//6463 6462//6462 6456//6456
f 6456//6456 6457//6457 6463//6463
f 6464//6464 6463//6463 6457//6457
f 6457//6457 6458//6458 6464//6464
f 6465//6465 6464//6464 6458//6458
f 6458//6458 6459//6459 6465//6465
f 6466//6466 6465//6465 6459//6459
f 6459//6459 6460//6460 6466//6466
f 6467//6467 6466//6466 6460//6460
f 6460//6460 6461//6461 6467//6467
f 6468//6468 6467//6467 6461//6461
f 6461//6461 3472//3472 6468//6468
f 3460//3460 6468//6468 3472//3472
f 2549//2549 6462//6462 2509//2509
f 6469//6469 2509//2509 6462//6462
f 6462//6462 6463//6463 6469//6469
f 6470//6470 6469//6469 6463//6463
f 6463//6463 6464//6464 6470//6470
f 6471//6471 6470//6470 6464//6464
f 6464//6464 6465//6465 6471//6471
f 6472//6472 6471//6471 6465//6465
f 6465//6465 6466//6466 6472//6472
f 6473//6473 6472//6472 6466//6466
f 6466//6466 6467//6467 6473//6473
f 6474//6474 6473//6473 6467//6467
f 6467//6467 6468//6468 6474//6474
f 6475//6475 6474//6474 6468//6468
f 6468//6468 3460//3460 6475//6475
f 3450//3450 6475//6475 3460//3460
f 2509//2509 6469//6469 2471//2471
f 3964//3964 2471//2471 6469//6469
f 6469//6469 6470//6470 3964//3964
f 3965//3965 3964//3964 6470//6470
f 6470//6470 6471//6471 3965//3965
f 3966//3966 3965//3965 6471//6471
f 6471//6471 6472//6472 3966//3966
f 3967//3967 3966//3966 6472//6472
f 6472//6472 6473//6473 3967//3967
f 3968//3968 3967//3967 6473//6473
f 6473//6473 6474//6474 3968//3968
f 3969//3969 3968//3968 6474//6474
f 6474//6474 6475//6475 3969//3969
f 3970//3970 3969//3969 6475//6475
f 6475//6475 3450//3450 3970//3970
f 3441//3441 3970//3970 3450//3450
# 12946 faces, 0 coords texture

# End of File
