edge,v0,v1,phi,p,residual
0,0,48,0.11776,0,0.11776
1,48,49,0.0857915,0,0.0857915
2,49,0,-0.203552,-0,-0.203552
3,49,50,-0.131039,-0,-0.131039
4,50,2,0.0525457,0,0.0525457
5,2,49,0.0784932,0,0.0784932
6,50,51,0.488366,0,0.488366
7,51,3,-0.0142122,-0,-0.0142122
8,3,50,-0.474154,-0,-0.474154
9,51,52,-0.468472,-0,-0.468472
10,52,4,0.191975,0,0.191975
11,4,51,0.276497,0,0.276497
12,52,53,0.386847,0,0.386847
13,53,5,-0.358796,-0,-0.358796
14,5,52,-0.0280503,-0,-0.0280503
15,53,54,-0.384064,-0,-0.384064
16,54,6,0.399311,0,0.399311
17,6,53,-0.015247,-0,-0.015247
18,54,55,0.399064,0,0.399064
19,55,7,-0.240414,-0,-0.240414
20,7,54,-0.15865,-0,-0.15865
21,55,56,-0.320887,-0,-0.320887
22,56,8,0.119169,0,0.119169
23,8,55,0.201718,0,0.201718
24,56,57,0.136218,0,0.136218
25,57,9,-0.0204385,-0,-0.0204385
26,9,56,-0.11578,-0,-0.11578
27,57,58,-0.0238869,-0,-0.0238869
28,58,10,0.0233961,0,0.0233961
29,10,57,0.000490791,0,0.000490791
30,58,59,0.0588065,0,0.0588065
31,59,11,-0.0030611,-0,-0.0030611
32,11,58,-0.0557454,-0,-0.0557454
33,59,60,0.306339,0,0.306339
34,60,12,-0.220169,-0,-0.220169
35,12,59,-0.0861693,-0,-0.0861693
36,60,61,-0.263657,-0,-0.263657
37,61,13,0.0582364,0,0.0582364
38,13,60,0.205421,0,0.205421
39,61,62,0.0588392,0,0.0588392
40,62,14,-0.152886,-0,-0.152886
41,14,61,0.0940467,0,0.0940467
42,62,63,0.318051,0,0.318051
43,63,15,-0.420234,-0,-0.420234
44,15,62,0.102183,0,0.102183
45,63,64,-0.378998,-0,-0.378998
46,64,15,-0.0412366,-0,-0.0412366
47,64,65,0.165027,0,0.165027
48,65,17,0.227977,0,0.227977
49,17,64,-0.393004,-0,-0.393004
50,65,66,0.211069,0,0.211069
51,66,18,-0.529271,-0,-0.529271
52,18,65,0.318202,0,0.318202
53,66,67,-0.402628,-0,-0.402628
54,67,18,-0.126643,-0,-0.126643
55,67,68,0.12193,0,0.12193
56,68,20,0.0455576,0,0.0455576
57,20,67,-0.167487,-0,-0.167487
58,68,69,0.0313202,0,0.0313202
59,69,21,-0.0422406,-0,-0.0422406
60,21,68,0.0109204,0,0.0109204
61,69,70,0.0874854,0,0.0874854
62,70,22,-0.227118,-0,-0.227118
63,22,69,0.139633,0,0.139633
64,70,71,0.173883,0,0.173883
65,71,23,-0.1847,-0,-0.1847
66,23,70,0.0108167,0,0.0108167
67,71,72,-0.134777,-0,-0.134777
68,72,23,-0.0499225,-0,-0.0499225
69,72,73,0.255506,0,0.255506
70,73,25,-0.467203,-0,-0.467203
71,25,72,0.211697,0,0.211697
72,73,74,-0.306625,-0,-0.306625
73,74,25,-0.160578,-0,-0.160578
74,26,74,0.0857598,0,0.0857598
75,74,75,-0.211612,-0,-0.211612
76,75,26,0.125852,0,0.125852
77,27,75,-0.0813019,-0,-0.0813019
78,75,76,0.10328,0,0.10328
79,76,27,-0.0219779,-0,-0.0219779
80,28,76,-0.0727558,-0,-0.0727558
81,76,77,-0.107505,-0,-0.107505
82,77,28,0.180261,0,0.180261
83,77,78,0.356249,0,0.356249
84,78,30,-0.517101,-0,-0.517101
85,30,77,0.160852,0,0.160852
86,78,79,-0.259102,-0,-0.259102
87,79,30,-0.257999,-0,-0.257999
88,31,79,-0.046272,-0,-0.046272
89,79,80,-0.102202,-0,-0.102202
90,80,31,0.148474,0,0.148474
91,80,81,0.127512,0,0.127512
92,81,33,0.0252161,0,0.0252161
93,33,80,-0.152728,-0,-0.152728
94,81,82,0.622711,0,0.622711
95,82,34,-0.919167,-1,0.651629
96,34,81,0.296456,0,0.296456
97,82,83,-0.830467,-1,0.74033
98,83,34,-0.0887006,-0,-0.0887006
99,35,83,-0.147869,-0,-0.147869
100,83,84,0.395082,0,0.395082
101,84,35,-0.247213,-0,-0.247213
102,36,84,0.192209,0,0.192209
103,84,85,-0.283708,-0,-0.283708
104,85,36,0.0914993,0,0.0914993
105,37,85,0.0250934,0,0.0250934
106,85,86,-0.0575196,-0,-0.0575196
107,86,37,0.0324262,0,0.0324262
108,38,86,0.021355,0,0.021355
109,86,87,-0.0375325,-0,-0.0375325
110,87,38,0.0161775,0,0.0161775
111,39,87,0.024956,0,0.024956
112,87,88,-0.168872,-0,-0.168872
113,88,39,0.143916,0,0.143916
114,40,88,-0.147083,-0,-0.147083
115,88,89,0.367298,0,0.367298
116,89,40,-0.220215,-0,-0.220215
117,41,89,0.251339,0,0.251339
118,89,90,-0.403158,-0,-0.403158
119,90,41,0.151819,0,0.151819
120,42,90,-0.393154,-0,-0.393154
121,90,91,0.426025,0,0.426025
122,91,42,-0.032871,-0,-0.032871
123,43,91,0.402351,0,0.402351
124,91,92,-0.268211,-0,-0.268211
125,92,43,-0.134141,-0,-0.134141
126,44,92,-0.00825289,-0,-0.00825289
127,92,93,0.0673043,0,0.0673043
128,93,44,-0.0590515,-0,-0.0590515
129,45,93,-0.203467,-0,-0.203467
130,93,94,-0.228685,-0,-0.228685
131,94,45,0.432153,0,0.432153
132,46,94,-0.0475914,-0,-0.0475914
133,94,95,0.123323,0,0.123323
134,95,46,-0.0757319,-0,-0.0757319
135,0,47,0.940239,1,-0.630558
136,47,95,-0.722759,-0,-0.722759
137,95,0,-0.217479,-0,-0.217479
138,48,96,0.182509,0,0.182509
139,96,97,-0.315665,-0,-0.315665
140,97,48,0.133155,0,0.133155
141,97,98,0.410487,0,0.410487
142,98,50,-0.322579,-0,-0.322579
143,50,97,-0.087908,-0,-0.087908
144,98,99,-0.13534,-0,-0.13534
145,99,50,-0.187238,-0,-0.187238
146,99,100,0.187401,0,0.187401
147,100,52,-0.354745,-0,-0.354745
148,52,99,0.167345,0,0.167345
149,100,101,-0.394329,-0,-0.394329
150,101,52,0.0395836,0,0.0395836
151,101,102,0.266078,0,0.266078
152,102,54,-0.223712,-0,-0.223712
153,54,101,-0.0423661,-0,-0.0423661
154,102,103,-0.19758,-0,-0.19758
155,103,54,-0.0261322,-0,-0.0261322
156,103,104,0.49051,0,0.49051
157,104,56,-0.438465,-0,-0.438465
158,56,103,-0.0520453,-0,-0.0520453
159,104,105,0.0237798,0,0.0237798
160,105,56,-0.462244,-0,-0.462244
161,57,105,0.326026,0,0.326026
162,105,106,-0.468965,-0,-0.468965
163,106,57,0.142938,0,0.142938
164,58,106,-0.119051,-0,-0.119051
165,106,107,0.077554,0,0.077554
166,107,58,0.0414975,0,0.0414975
167,59,107,-0.100304,-0,-0.100304
168,107,108,-0.129405,-0,-0.129405
169,108,59,0.229709,0,0.229709
170,108,109,0.256768,0,0.256768
171,109,61,0.0156216,0,0.0156216
172,61,108,-0.27239,-0,-0.27239
173,109,110,0.142145,0,0.142145
174,110,62,-0.0676841,-0,-0.0676841
175,62,109,-0.0744608,-0,-0.0744608
176,110,111,0.00801091,0,0.00801091
177,111,63,0.242356,0,0.242356
178,63,110,-0.250367,-0,-0.250367
179,111,112,0.0394511,0,0.0394511
180,112,64,-0.176092,-0,-0.176092
181,64,111,0.136641,0,0.136641
182,112,113,0.0158199,0,0.0158199
183,113,65,-0.0268857,-0,-0.0268857
184,65,112,0.0110657,0,0.0110657
185,113,114,-0.0926614,-0,-0.0926614
186,114,66,0.276844,0,0.276844
187,66,113,-0.184183,-0,-0.184183
188,114,115,-0.0238194,-0,-0.0238194
189,115,67,-0.101964,-0,-0.101964
190,67,114,0.125783,0,0.125783
191,115,116,0.0869998,0,0.0869998
192,116,68,-0.0670343,-0,-0.0670343
193,68,115,-0.0199655,-0,-0.0199655
194,116,117,0.0448044,0,0.0448044
195,117,69,-0.0805185,-0,-0.0805185
196,69,116,0.0357141,0,0.0357141
197,117,118,0.155527,0,0.155527
198,118,70,-0.14856,-0,-0.14856
199,70,117,-0.00696692,-0,-0.00696692
200,118,119,0.728845,0,0.728845
201,119,71,-0.703522,-0,-0.703522
202,71,118,-0.025323,-0,-0.025323
203,119,120,-0.903696,-1,0.667101
204,120,71,0.200173,0,0.200173
205,120,121,0.0978409,0,0.0978409
206,121,73,0.223061,0,0.223061
207,73,120,-0.320902,-0,-0.320902
208,121,122,-0.0207589,-0,-0.0207589
209,122,74,-0.0628051,-0,-0.0628051
210,74,121,0.083564,0,0.083564
211,122,123,0.268986,0,0.268986
212,123,75,-0.543403,-0,-0.543403
213,75,122,0.274417,0,0.274417
214,123,124,-0.29985,-0,-0.29985
215,124,75,-0.243553,-0,-0.243553
216,76,124,0.140273,0,0.140273
217,124,125,-0.120532,-0,-0.120532
218,125,76,-0.0197414,-0,-0.0197414
219,77,125,0.127246,0,0.127246
220,125,126,0.0164167,0,0.0164167
221,126,77,-0.143663,-0,-0.143663
222,78,126,-0.212586,-0,-0.212586
223,126,127,0.0127578,0,0.0127578
224,127,78,0.199828,0,0.199828
225,79,127,0.0592737,0,0.0592737
226,127,128,-0.0637398,-0,-0.0637398
227,128,79,0.00446609,0,0.00446609
228,80,128,0.097736,0,0.097736
229,128,129,-0.0482236,-0,-0.0482236
230,129,80,-0.0495124,-0,-0.0495124
231,81,129,-0.0779997,-0,-0.0779997
232,129,130,-0.0698966,-0,-0.0698966
233,130,81,0.147896,0,0.147896
234,130,131,0.301528,0,0.301528
235,131,83,-0.361387,-0,-0.361387
236,83,130,0.0598595,0,0.0598595
237,131,132,-0.458052,-0,-0.458052
238,132,83,0.0966642,0,0.0966642
239,132,133,0.124195,0,0.124195
240,133,85,0.0838433,0,0.0838433
241,85,132,-0.208038,-0,-0.208038
242,133,134,0.0229627,0,0.0229627
243,134,86,0.003361,0,0.003361
244,86,133,-0.0263237,-0,-0.0263237
245,134,135,0.0736571,0,0.0736571
246,135,87,-0.107829,-0,-0.107829
247,87,134,0.0341715,0,0.0341715
248,135,136,0.216461,0,0.216461
249,136,88,-0.493162,-0,-0.493162
250,88,135,0.276701,0,0.276701
251,136,137,-0.484181,-0,-0.484181
252,137,88,-0.00898094,-0,-0.00898094
253,137,138,0.173522,0,0.173522
254,138,90,-0.218363,-0,-0.218363
255,90,137,0.0448409,0,0.0448409
256,138,139,-0.255428,-0,-0.255428
257,139,90,0.0370648,0,0.0370648
258,139,140,0.184661,0,0.184661
259,140,92,0.010218,0,0.010218
260,92,139,-0.194879,-0,-0.194879
261,140,141,0.311282,0,0.311282
262,141,93,-0.23376,-0,-0.23376
263,93,140,-0.0775223,-0,-0.0775223
264,141,142,-0.0847766,-0,-0.0847766
265,142,94,-0.377669,-0,-0.377669
266,94,141,0.462445,0,0.462445
267,142,143,-0.46603,-0,-0.46603
268,143,94,0.088361,0,0.088361
269,143,96,0.294475,0,0.294475
270,48,143,-0.111966,-0,-0.111966
271,96,144,0.738543,0,0.738543
272,144,145,-0.712483,-0,-0.712483
273,145,96,-0.0260597,-0,-0.0260597
274,97,145,0.341724,0,0.341724
275,145,146,-0.271213,-0,-0.271213
276,146,97,-0.0705116,-0,-0.0705116
277,98,146,-0.339975,-0,-0.339975
278,146,147,-0.0299866,-0,-0.0299866
279,147,98,0.369962,0,0.369962
280,147,148,0.196785,0,0.196785
281,148,100,0.225237,0,0.225237
282,100,147,-0.422022,-0,-0.422022
283,148,149,0.0939597,0,0.0939597
284,149,101,-0.263052,-0,-0.263052
285,101,148,0.169092,0,0.169092
286,149,150,0.343996,0,0.343996
287,150,102,-0.34097,-0,-0.34097
288,102,149,-0.00302655,-0,-0.00302655
289,150,151,-0.0433413,-0,-0.0433413
290,151,102,-0.297628,-0,-0.297628
291,103,151,0.495208,0,0.495208
292,151,152,-0.474045,-0,-0.474045
293,152,103,-0.0211627,-0,-0.0211627
294,104,152,-0.469347,-0,-0.469347
295,152,153,0.240513,0,0.240513
296,153,104,0.228834,0,0.228834
297,153,154,0.179757,0,0.179757
298,154,106,-0.396108,-0,-0.396108
299,106,153,0.21635,0,0.21635
300,154,155,-0.283568,-0,-0.283568
301,155,106,-0.11254,-0,-0.11254
302,107,155,0.0349861,0,0.0349861
303,155,156,-0.00475789,-0,-0.00475789
304,156,107,-0.0302282,-0,-0.0302282
305,108,156,0.159633,0,0.159633
306,156,157,-0.133554,-0,-0.133554
307,157,108,-0.0260786,-0,-0.0260786
308,109,157,-0.23069,-0,-0.23069
309,157,158,0.485228,0,0.485228
310,158,109,-0.254538,-0,-0.254538
311,110,158,0.112393,0,0.112393
312,158,159,-0.274603,-0,-0.274603
313,159,110,0.16221,0,0.16221
314,111,159,-0.170221,-0,-0.170221
315,159,160,0.201318,0,0.201318
316,160,111,-0.0310971,-0,-0.0310971
317,112,160,-0.00835409,-0,-0.00835409
318,160,161,0.224858,0,0.224858
319,161,112,-0.216504,-0,-0.216504
320,113,161,0.200684,0,0.200684
321,161,162,-0.453266,-0,-0.453266
322,162,113,0.252582,0,0.252582
323,114,162,-0.15992,-0,-0.15992
324,162,163,0.096314,0,0.096314
325,163,114,0.0636065,0,0.0636065
326,115,163,-0.0397871,-0,-0.0397871
327,163,164,0.0466716,0,0.0466716
328,164,115,-0.00688447,-0,-0.00688447
329,116,164,-0.0801154,-0,-0.0801154
330,164,165,0.300746,0,0.300746
331,165,116,-0.220631,-0,-0.220631
332,117,165,0.175826,0,0.175826
333,165,166,-0.393574,-0,-0.393574
334,166,117,0.217747,0,0.217747
335,118,166,-0.373274,-0,-0.373274
336,166,167,0.291496,0,0.291496
337,167,118,0.0817782,0,0.0817782
338,167,168,-0.211023,-0,-0.211023
339,168,120,0.11795,0,0.11795
340,120,167,0.0930723,0,0.0930723
341,168,169,0.400458,0,0.400458
342,169,121,-0.184667,-0,-0.184667
343,121,168,-0.215791,-0,-0.215791
344,169,170,-0.37328,-0,-0.37328
345,170,122,0.167854,0,0.167854
346,122,169,0.205426,0,0.205426
347,170,171,0.423011,0,0.423011
348,171,123,0.0138299,0,0.0138299
349,123,170,-0.436841,-0,-0.436841
350,171,172,-0.372007,-0,-0.372007
351,172,124,0.085987,0,0.085987
352,124,171,0.28602,0,0.28602
353,172,173,-0.0631153,-0,-0.0631153
354,173,125,0.0285706,0,0.0285706
355,125,172,0.0345447,0,0.0345447
356,173,174,0.0210635,0,0.0210635
357,174,126,0.0239238,0,0.0239238
358,126,173,-0.0449873,-0,-0.0449873
359,174,175,0.00613326,0,0.00613326
360,175,127,0.0305484,0,0.0305484
361,127,174,-0.0366816,-0,-0.0366816
362,175,176,0.00887476,0,0.00887476
363,176,128,-0.0420662,-0,-0.0420662
364,128,175,0.0331914,0,0.0331914
365,176,177,-0.189362,-0,-0.189362
366,177,129,0.099072,0,0.099072
367,129,176,0.0902899,0,0.0902899
368,177,178,0.359195,0,0.359195
369,178,130,-0.33002,-0,-0.33002
370,130,177,-0.0291754,-0,-0.0291754
371,178,179,-0.468979,-0,-0.468979
372,179,131,0.440487,0,0.440487
373,131,178,0.0284915,0,0.0284915
374,179,180,0.117739,0,0.117739
375,180,132,-0.135303,-0,-0.135303
376,132,179,0.0175642,0,0.0175642
377,180,181,-0.0298669,-0,-0.0298669
378,181,133,0.0187588,0,0.0187588
379,133,180,0.0111081,0,0.0111081
380,181,182,0.0662676,0,0.0662676
381,182,134,-0.0245461,-0,-0.0245461
382,134,181,-0.0417215,-0,-0.0417215
383,182,183,0.343951,0,0.343951
384,183,135,-0.29484,-0,-0.29484
385,135,182,-0.049111,-0,-0.049111
386,183,184,-0.496032,-0,-0.496032
387,184,136,0.417652,0,0.417652
388,136,183,0.0783792,0,0.0783792
389,184,185,0.449284,0,0.449284
390,185,137,-0.515813,-0,-0.515813
391,137,184,0.0665285,0,0.0665285
392,185,186,0.0134194,0,0.0134194
393,186,138,-0.35571,-0,-0.35571
394,138,185,0.342291,0,0.342291
395,186,187,-0.347327,-0,-0.347327
396,187,138,-0.00838334,-0,-0.00838334
397,139,187,0.263811,0,0.263811
398,187,188,-0.113938,-0,-0.113938
399,188,139,-0.149873,-0,-0.149873
400,140,188,-0.0347881,-0,-0.0347881
401,188,189,-0.140287,-0,-0.140287
402,189,140,0.175075,0,0.175075
403,189,190,0.00875653,0,0.00875653
404,190,142,0.392824,0,0.392824
405,142,189,-0.40158,-0,-0.40158
406,190,191,0.254449,0,0.254449
407,191,143,-0.327655,-0,-0.327655
408,143,190,0.0732057,0,0.0732057
409,191,144,0.705363,0,0.705363
410,96,191,0.03318,0,0.03318
411,192,193,0.46688,0,0.46688
412,193,145,-0.199297,-0,-0.199297
413,145,192,-0.267584,-0,-0.267584
414,193,194,-0.220251,-0,-0.220251
415,194,146,-0.250259,-0,-0.250259
416,146,193,0.47051,0,0.47051
417,194,195,0.0813364,0,0.0813364
418,195,146,-0.331595,-0,-0.331595
419,147,195,0.361582,0,0.361582
420,195,196,-0.388332,-0,-0.388332
421,196,147,0.0267503,0,0.0267503
422,148,196,-0.223535,-0,-0.223535
423,196,197,0.498151,0,0.498151
424,197,148,-0.274615,-0,-0.274615
425,149,197,0.180656,0,0.180656
426,197,198,-0.347208,-0,-0.347208
427,198,149,0.166553,0,0.166553
428,150,198,-0.510549,-0,-0.510549
429,198,199,0.152629,0,0.152629
430,199,150,0.35792,0,0.35792
431,199,200,-0.0540215,-0,-0.0540215
432,200,152,-0.105445,-0,-0.105445
433,152,199,0.159467,0,0.159467
434,200,201,0.00507421,0,0.00507421
435,201,152,-0.110519,-0,-0.110519
436,201,202,-0.127637,-0,-0.127637
437,202,154,0.437388,0,0.437388
438,154,201,-0.309751,-0,-0.309751
439,202,203,0.177001,0,0.177001
440,203,155,-0.0231806,-0,-0.0231806
441,155,202,-0.15382,-0,-0.15382
442,203,204,0.262773,0,0.262773
443,204,156,-0.290711,-0,-0.290711
444,156,203,0.0279385,0,0.0279385
445,204,205,-0.218695,-0,-0.218695
446,205,157,-0.205571,-0,-0.205571
447,157,204,0.424266,0,0.424266
448,205,206,-0.127205,-0,-0.127205
449,206,157,-0.0783656,-0,-0.0783656
450,206,207,0.56813,0,0.56813
451,207,159,-0.435871,-0,-0.435871
452,159,206,-0.132259,-0,-0.132259
453,207,208,-0.0142405,-0,-0.0142405
454,208,159,-0.421631,-0,-0.421631
455,160,208,0.220313,0,0.220313
456,208,209,-0.441393,-0,-0.441393
457,209,160,0.22108,0,0.22108
458,209,210,0.407976,0,0.407976
459,210,162,-0.415304,-0,-0.415304
460,162,209,0.00732767,0,0.00732767
461,210,211,-0.258778,-0,-0.258778
462,211,162,-0.156526,-0,-0.156526
463,163,211,0.060212,0,0.060212
464,211,212,-0.174186,-0,-0.174186
465,212,163,0.113974,0,0.113974
466,164,212,-0.160645,-0,-0.160645
467,212,213,-0.00602961,-0,-0.00602961
468,213,164,0.166675,0,0.166675
469,213,214,0.430026,0,0.430026
470,214,166,-0.356179,-0,-0.356179
471,166,213,-0.0738474,-0,-0.0738474
472,214,215,-0.356365,-0,-0.356365
473,215,166,0.000186221,0,0.000186221
474,215,216,0.798455,1,-0.772342
475,216,168,-0.717795,-0,-0.717795
476,168,215,-0.0806599,-0,-0.0806599
477,216,217,-0.737048,-0,-0.737048
478,217,168,0.0192531,0,0.0192531
479,217,218,0.367973,0,0.367973
480,218,170,-0.321542,-0,-0.321542
481,170,217,-0.0464311,-0,-0.0464311
482,218,219,-0.424206,-0,-0.424206
483,219,170,0.102664,0,0.102664
484,219,220,-0.061886,-0,-0.061886
485,220,172,0.215553,0,0.215553
486,172,219,-0.153667,-0,-0.153667
487,220,221,0.139002,0,0.139002
488,221,173,0.013436,0,0.013436
489,173,220,-0.152438,-0,-0.152438
490,221,222,0.0160806,0,0.0160806
491,222,174,0.0184188,0,0.0184188
492,174,221,-0.0344995,-0,-0.0344995
493,222,223,0.0427209,0,0.0427209
494,223,175,-0.0181688,-0,-0.0181688
495,175,222,-0.0245521,-0,-0.0245521
496,223,224,0.306838,0,0.306838
497,224,176,-0.316132,-0,-0.316132
498,176,223,0.00929405,0,0.00929405
499,224,225,-0.0189835,-0,-0.0189835
500,225,177,-0.486511,-0,-0.486511
501,177,224,0.505494,0,0.505494
502,225,226,-0.551259,-0,-0.551259
503,226,177,0.0647482,0,0.0647482
504,226,227,0.0993291,0,0.0993291
505,227,179,-0.144365,-0,-0.144365
506,179,226,0.0450358,0,0.0450358
507,227,228,0.265249,0,0.265249
508,228,179,-0.409614,-0,-0.409614
509,180,228,0.291876,0,0.291876
510,228,229,-0.289727,-0,-0.289727
511,229,180,-0.00214868,-0,-0.00214868
512,181,229,0.0320156,0,0.0320156
513,229,230,-0.219948,-0,-0.219948
514,230,181,0.187932,0,0.187932
515,182,230,-0.2542,-0,-0.2542
516,230,231,0.207366,0,0.207366
517,231,182,0.0468335,0,0.0468335
518,231,232,-0.0444208,-0,-0.0444208
519,232,184,-0.0608262,-0,-0.0608262
520,184,231,0.105247,0,0.105247
521,232,233,0.08521,0,0.08521
522,233,184,-0.146036,-0,-0.146036
523,233,234,-0.187756,-0,-0.187756
524,234,186,0.504424,0,0.504424
525,186,233,-0.316668,-0,-0.316668
526,234,235,0.357029,0,0.357029
527,235,187,-0.199933,-0,-0.199933
528,187,234,-0.157097,-0,-0.157097
529,235,236,-0.481804,-0,-0.481804
530,236,188,0.167933,0,0.167933
531,188,235,0.313871,0,0.313871
532,236,237,0.406104,0,0.406104
533,237,189,-0.378458,-0,-0.378458
534,189,236,-0.0276461,-0,-0.0276461
535,237,238,-0.160304,-0,-0.160304
536,238,190,-0.209397,-0,-0.209397
537,190,237,0.369701,0,0.369701
538,238,239,0.234658,0,0.234658
539,239,190,-0.444055,-0,-0.444055
540,191,239,0.189606,0,0.189606
541,239,192,-0.464309,-0,-0.464309
542,192,191,0.274704,0,0.274704
543,192,240,0.203828,0,0.203828
544,240,241,0.0618744,0,0.0618744
545,241,192,-0.265702,-0,-0.265702
546,241,242,0.204438,0,0.204438
547,242,194,-0.223511,-0,-0.223511
548,194,241,0.0190728,0,0.0190728
549,242,243,-0.532674,-0,-0.532674
550,243,194,0.309163,0,0.309163
551,243,244,0.167046,0,0.167046
552,244,196,-0.164878,-0,-0.164878
553,196,243,-0.00216754,-0,-0.00216754
554,244,245,0.0889858,0,0.0889858
555,245,196,-0.253864,-0,-0.253864
556,245,246,0.250537,0,0.250537
557,246,198,-0.353459,-0,-0.353459
558,198,245,0.102922,0,0.102922
559,246,247,-0.441875,-0,-0.441875
560,247,198,0.0884163,0,0.0884163
561,247,248,0.472165,0,0.472165
562,248,200,-0.285141,-0,-0.285141
563,200,247,-0.187023,-0,-0.187023
564,248,249,-0.402199,-0,-0.402199
565,249,200,0.117058,0,0.117058
566,249,250,0.412635,0,0.412635
567,250,202,-0.41814,-0,-0.41814
568,202,249,0.00550513,0,0.00550513
569,250,251,-0.202734,-0,-0.202734
570,251,202,-0.215406,-0,-0.215406
571,203,251,0.0384045,0,0.0384045
572,251,252,-0.110786,-0,-0.110786
573,252,203,0.0723813,0,0.0723813
574,252,253,0.405635,0,0.405635
575,253,205,-0.289176,-0,-0.289176
576,205,252,-0.116459,-0,-0.116459
577,253,254,-0.426142,-0,-0.426142
578,254,205,0.136966,0,0.136966
579,206,254,-0.0097609,-0,-0.0097609
580,254,255,0.471421,0,0.471421
581,255,206,-0.46166,-0,-0.46166
582,207,255,-0.106471,-0,-0.106471
583,255,256,-0.376855,-0,-0.376855
584,256,207,0.483326,0,0.483326
585,256,257,0.143521,0,0.143521
586,257,209,-0.115828,-0,-0.115828
587,209,256,-0.0276924,-0,-0.0276924
588,257,258,0.0624257,0,0.0624257
589,258,210,0.229723,0,0.229723
590,210,257,-0.292148,-0,-0.292148
591,258,259,0.0699482,0,0.0699482
592,259,211,-0.0990038,-0,-0.0990038
593,211,258,0.0290556,0,0.0290556
594,259,260,0.330921,0,0.330921
595,260,212,-0.604111,-0,-0.604111
596,212,259,0.273189,0,0.273189
597,260,261,-0.375176,-0,-0.375176
598,261,212,-0.228934,-0,-0.228934
599,213,261,0.234964,0,0.234964
600,261,262,-0.0305002,-0,-0.0305002
601,262,213,-0.204464,-0,-0.204464
602,214,262,-0.225562,-0,-0.225562
603,262,263,0.010228,0,0.010228
604,263,214,0.215334,0,0.215334
605,215,263,0.141031,0,0.141031
606,263,264,-0.236009,-0,-0.236009
607,264,215,0.0949788,0,0.0949788
608,264,265,0.28036,0,0.28036
609,265,217,-0.123975,-0,-0.123975
610,217,264,-0.156386,-0,-0.156386
611,265,266,0.0336675,0,0.0336675
612,266,218,0.210331,0,0.210331
613,218,265,-0.243998,-0,-0.243998
614,266,267,-0.0233998,-0,-0.0233998
615,267,219,-0.190475,-0,-0.190475
616,219,266,0.213875,0,0.213875
617,267,268,0.285796,0,0.285796
618,268,220,-0.538157,-0,-0.538157
619,220,267,0.252361,0,0.252361
620,268,269,-0.313864,-0,-0.313864
621,269,220,-0.224293,-0,-0.224293
622,221,269,0.0852918,0,0.0852918
623,269,270,-0.0996591,-0,-0.0996591
624,270,221,0.0143674,0,0.0143674
625,222,270,-0.030448,-0,-0.030448
626,270,271,-0.0123573,-0,-0.0123573
627,271,222,0.0428053,0,0.0428053
628,223,271,-0.0855262,-0,-0.0855262
629,271,272,-0.0687342,-0,-0.0687342
630,272,223,0.15426,0,0.15426
631,272,273,0.365526,0,0.365526
632,273,225,0.0765893,0,0.0765893
633,225,272,-0.442115,-0,-0.442115
634,273,274,-0.51264,-0,-0.51264
635,274,226,0.0379702,0,0.0379702
636,226,273,0.47467,0,0.47467
637,274,275,0.418312,0,0.418312
638,275,227,-0.281013,-0,-0.281013
639,227,274,-0.137299,-0,-0.137299
640,275,276,-0.369292,-0,-0.369292
641,276,227,0.088279,0,0.088279
642,276,277,0.0926529,0,0.0926529
643,277,229,-0.0288515,-0,-0.0288515
644,229,276,-0.0638014,-0,-0.0638014
645,277,278,0.185975,0,0.185975
646,278,230,-0.434774,-0,-0.434774
647,230,277,0.248799,0,0.248799
648,278,279,-0.378439,-0,-0.378439
649,279,230,-0.0563354,-0,-0.0563354
650,279,280,0.389638,0,0.389638
651,280,232,-0.283028,-0,-0.283028
652,232,279,-0.10661,-0,-0.10661
653,280,281,-0.457819,-0,-0.457819
654,281,232,0.174791,0,0.174791
655,281,282,0.420996,0,0.420996
656,282,234,-0.348751,-0,-0.348751
657,234,281,-0.0722449,-0,-0.0722449
658,282,283,-0.227607,-0,-0.227607
659,283,234,-0.121145,-0,-0.121145
660,283,284,-0.120102,-0,-0.120102
661,284,236,-0.125816,-0,-0.125816
662,236,283,0.245919,0,0.245919
663,284,285,0.0160975,0,0.0160975
664,285,236,-0.141914,-0,-0.141914
665,285,286,0.0533883,0,0.0533883
666,286,238,0.0504976,0,0.0504976
667,238,285,-0.103886,-0,-0.103886
668,286,287,0.044494,0,0.044494
669,287,238,0.00600359,0,0.00600359
670,287,240,-0.01982,-0,-0.01982
671,192,287,0.223648,0,0.223648
672,240,288,0.0530593,0,0.0530593
673,288,289,-0.0347835,-0,-0.0347835
674,289,240,-0.0182758,-0,-0.0182758
675,289,290,-0.116878,-0,-0.116878
676,290,242,0.364915,0,0.364915
677,242,289,-0.248037,-0,-0.248037
678,290,291,-0.144171,-0,-0.144171
679,291,243,-0.023588,-0,-0.023588
680,243,290,0.167759,0,0.167759
681,291,292,0.403318,0,0.403318
682,292,244,-0.259861,-0,-0.259861
683,244,291,-0.143458,-0,-0.143458
684,292,293,-0.16806,-0,-0.16806
685,293,244,-0.0918009,-0,-0.0918009
686,293,294,-0.0517446,-0,-0.0517446
687,294,246,0.299467,0,0.299467
688,246,293,-0.247722,-0,-0.247722
689,294,295,-0.108876,-0,-0.108876
690,295,247,-0.033532,-0,-0.033532
691,247,294,0.142408,0,0.142408
692,295,296,0.435956,0,0.435956
693,296,248,0.0026772,0,0.0026772
694,248,295,-0.438633,-0,-0.438633
695,296,297,-0.237577,-0,-0.237577
696,297,249,-0.161945,-0,-0.161945
697,249,296,0.399522,0,0.399522
698,297,298,-0.0717857,-0,-0.0717857
699,298,250,0.322475,0,0.322475
700,250,297,-0.25069,-0,-0.25069
701,298,299,0.402069,0,0.402069
702,299,251,-0.282328,-0,-0.282328
703,251,298,-0.119741,-0,-0.119741
704,299,300,-0.216705,-0,-0.216705
705,300,252,-0.176408,-0,-0.176408
706,252,299,0.393113,0,0.393113
707,300,301,-0.0312879,-0,-0.0312879
708,301,253,0.260516,0,0.260516
709,253,300,-0.229228,-0,-0.229228
710,301,302,0.0174303,0,0.0174303
711,302,254,-0.183057,-0,-0.183057
712,254,301,0.165627,0,0.165627
713,302,303,-0.0437351,-0,-0.0437351
714,303,254,-0.139322,-0,-0.139322
715,303,304,0.0109536,0,0.0109536
716,304,256,-0.0557101,-0,-0.0557101
717,256,303,0.0447565,0,0.0447565
718,304,305,0.0740669,0,0.0740669
719,305,257,0.0137436,0,0.0137436
720,257,304,-0.0878105,-0,-0.0878105
721,305,306,-0.0630957,-0,-0.0630957
722,306,258,0.139265,0,0.139265
723,258,305,-0.0761693,-0,-0.0761693
724,306,307,0.521532,0,0.521532
725,307,259,-0.312319,-0,-0.312319
726,259,306,-0.209213,-0,-0.209213
727,307,308,-0.249651,-0,-0.249651
728,308,260,0.268253,0,0.268253
729,260,307,-0.0186021,-0,-0.0186021
730,308,309,-0.0994119,-0,-0.0994119
731,309,261,-0.00751175,-0,-0.00751175
732,261,308,0.106924,0,0.106924
733,309,310,-0.142798,-0,-0.142798
734,310,262,0.104786,0,0.104786
735,262,309,0.038012,0,0.038012
736,310,311,0.396949,0,0.396949
737,311,263,-0.281935,-0,-0.281935
738,263,310,-0.115014,-0,-0.115014
739,311,312,-0.0942967,-0,-0.0942967
740,312,264,-0.423648,-0,-0.423648
741,264,311,0.517945,0,0.517945
742,312,313,0.110051,0,0.110051
743,313,264,-0.5337,-0,-0.5337
744,265,313,0.253339,0,0.253339
745,313,314,-0.38518,-0,-0.38518
746,314,265,0.131841,0,0.131841
747,266,314,-0.165508,-0,-0.165508
748,314,315,0.386659,0,0.386659
749,315,266,-0.221151,-0,-0.221151
750,267,315,0.244551,0,0.244551
751,315,316,-0.36017,-0,-0.36017
752,316,267,0.115619,0,0.115619
753,268,316,-0.401415,-0,-0.401415
754,316,317,0.387221,0,0.387221
755,317,268,0.0141941,0,0.0141941
756,269,317,0.299669,0,0.299669
757,317,318,-0.503998,-0,-0.503998
758,318,269,0.204329,0,0.204329
759,270,318,-0.10467,-0,-0.10467
760,318,319,0.0771959,0,0.0771959
761,319,270,0.0274737,0,0.0274737
762,271,319,-0.0151164,-0,-0.0151164
763,319,320,-0.041648,-0,-0.041648
764,320,271,0.0567644,0,0.0567644
765,272,320,0.0119698,0,0.0119698
766,320,321,0.0198368,0,0.0198368
767,321,272,-0.0318066,-0,-0.0318066
768,321,322,-0.0182062,-0,-0.0182062
769,322,274,-0.160714,-0,-0.160714
770,274,321,0.178921,0,0.178921
771,322,323,6.81505e-05,0,6.81505e-05
772,323,274,-0.160782,-0,-0.160782
773,275,323,-0.257529,-0,-0.257529
774,323,324,0.0514381,0,0.0514381
775,324,275,0.206091,0,0.206091
776,276,324,0.1632,0,0.1632
777,324,325,0.237702,0,0.237702
778,325,276,-0.400902,-0,-0.400902
779,277,325,0.308249,0,0.308249
780,325,326,-0.431553,-0,-0.431553
781,326,277,0.123304,0,0.123304
782,278,326,-0.309279,-0,-0.309279
783,326,327,0.0854862,0,0.0854862
784,327,278,0.223793,0,0.223793
785,279,327,0.154646,0,0.154646
786,327,328,0.256865,0,0.256865
787,328,279,-0.411511,-0,-0.411511
788,280,328,0.0218735,0,0.0218735
789,328,329,-0.448902,-0,-0.448902
790,329,280,0.427028,0,0.427028
791,281,329,0.0307904,0,0.0307904
792,329,330,0.09395,0,0.09395
793,330,281,-0.12474,-0,-0.12474
794,282,330,-0.296256,-0,-0.296256
795,330,331,0.0486043,0,0.0486043
796,331,282,0.247652,0,0.247652
797,331,332,0.105689,0,0.105689
798,332,284,-0.205747,-0,-0.205747
799,284,331,0.100058,0,0.100058
800,332,333,-0.478301,-0,-0.478301
801,333,284,0.272554,0,0.272554
802,333,334,0.587143,0,0.587143
803,334,286,-0.245103,-0,-0.245103
804,286,333,-0.34204,-0,-0.34204
805,334,335,-0.164494,-0,-0.164494
806,335,286,-0.0806094,-0,-0.0806094
807,335,288,-0.00287607,-0,-0.00287607
808,240,335,0.0559354,0,0.0559354
809,288,336,0.292041,0,0.292041
810,336,337,-0.502767,-0,-0.502767
811,337,288,0.210725,0,0.210725
812,337,338,-0.0417954,-0,-0.0417954
813,338,290,0.100859,0,0.100859
814,290,337,-0.0590639,-0,-0.0590639
815,338,339,0.776743,0,0.776743
816,339,291,-0.820055,-1,0.750742
817,291,338,0.043312,0,0.043312
818,339,340,-0.787882,-1,0.782914
819,340,291,-0.0321728,-0,-0.0321728
820,292,340,-0.371146,-0,-0.371146
821,340,341,-0.014594,-0,-0.014594
822,341,292,0.38574,0,0.38574
823,341,342,0.23929,0,0.23929
824,342,294,-0.0733551,-0,-0.0733551
825,294,341,-0.165935,-0,-0.165935
826,342,343,0.256692,0,0.256692
827,343,295,-0.438924,-0,-0.438924
828,295,342,0.182231,0,0.182231
829,343,344,-0.465672,-0,-0.465672
830,344,295,0.0267488,0,0.0267488
831,344,345,0.199685,0,0.199685
832,345,297,0.0254426,0,0.0254426
833,297,344,-0.225127,-0,-0.225127
834,345,346,0.360812,0,0.360812
835,346,298,-0.407155,-0,-0.407155
836,298,345,0.0463431,0,0.0463431
837,346,347,-0.241805,-0,-0.241805
838,347,298,-0.16535,-0,-0.16535
839,347,348,-0.19811,-0,-0.19811
840,348,300,0.218123,0,0.218123
841,300,347,-0.0200129,-0,-0.0200129
842,348,349,0.228742,0,0.228742
843,349,301,-0.0419069,-0,-0.0419069
844,301,348,-0.186835,-0,-0.186835
845,349,350,0.29424,0,0.29424
846,350,302,-0.318717,-0,-0.318717
847,302,349,0.0244765,0,0.0244765
848,350,351,-0.494798,-0,-0.494798
849,351,302,0.176081,0,0.176081
850,351,352,0.18628,0,0.18628
851,352,304,-0.042981,-0,-0.042981
852,304,351,-0.143299,-0,-0.143299
853,352,353,0.103296,0,0.103296
854,353,305,-0.0722105,-0,-0.0722105
855,305,352,-0.0310859,-0,-0.0310859
856,353,354,0.30046,0,0.30046
857,354,306,-0.435767,-0,-0.435767
858,306,353,0.135306,0,0.135306
859,354,355,-0.402416,-0,-0.402416
860,355,306,-0.0333508,-0,-0.0333508
861,355,356,0.156666,0,0.156666
862,356,308,0.0818651,0,0.0818651
863,308,355,-0.238531,-0,-0.238531
864,356,357,0.0443462,0,0.0443462
865,357,309,-0.061893,-0,-0.061893
866,309,356,0.0175468,0,0.0175468
867,357,358,0.269406,0,0.269406
868,358,310,-0.474096,-0,-0.474096
869,310,357,0.204691,0,0.204691
870,358,359,-0.359315,-0,-0.359315
871,359,310,-0.114781,-0,-0.114781
872,359,360,0.77607,0,0.77607
873,360,312,-0.588199,-0,-0.588199
874,312,359,-0.187871,-0,-0.187871
875,360,361,-0.77436,-0,-0.77436
876,361,312,0.186162,0,0.186162
877,361,362,0.32043,0,0.32043
878,362,314,-0.409397,-0,-0.409397
879,314,361,0.0889667,0,0.0889667
880,362,363,-0.39839,-0,-0.39839
881,363,314,-0.011007,-0,-0.011007
882,363,364,0.38737,0,0.38737
883,364,316,-0.371887,-0,-0.371887
884,316,363,-0.0154821,-0,-0.0154821
885,364,365,-0.404628,-0,-0.404628
886,365,316,0.0327406,0,0.0327406
887,365,366,0.37666,0,0.37666
888,366,318,-0.460696,-0,-0.460696
889,318,365,0.0840366,0,0.0840366
890,366,367,-0.298827,-0,-0.298827
891,367,318,-0.161869,-0,-0.161869
892,319,367,0.0846728,0,0.0846728
893,367,368,-0.0932214,-0,-0.0932214
894,368,319,0.00854854,0,0.00854854
895,320,368,0.0330994,0,0.0330994
896,368,369,-0.172511,-0,-0.172511
897,369,320,0.139412,0,0.139412
898,369,370,0.462435,0,0.462435
899,370,322,-0.321393,-0,-0.321393
900,322,369,-0.141042,-0,-0.141042
901,370,371,-0.284853,-0,-0.284853
902,371,322,-0.0365397,-0,-0.0365397
903,323,371,0.0364715,0,0.0364715
904,371,372,-0.22108,-0,-0.22108
905,372,323,0.184609,0,0.184609
906,324,372,-0.236047,-0,-0.236047
907,372,373,0.242837,0,0.242837
908,373,324,-0.00679036,-0,-0.00679036
909,373,374,0.206139,0,0.206139
910,374,326,-0.406781,-0,-0.406781
911,326,373,0.200641,0,0.200641
912,374,375,-0.354492,-0,-0.354492
913,375,326,-0.0522886,-0,-0.0522886
914,327,375,-0.0331976,-0,-0.0331976
915,375,376,-0.174159,-0,-0.174159
916,376,327,0.207357,0,0.207357
917,376,377,0.507655,0,0.507655
918,377,329,-0.492335,-0,-0.492335
919,329,376,-0.0153198,-0,-0.0153198
920,377,378,-0.304931,-0,-0.304931
921,378,329,-0.187403,-0,-0.187403
922,330,378,0.0934534,0,0.0934534
923,378,379,-0.31316,-0,-0.31316
924,379,330,0.219706,0,0.219706
925,379,380,-0.00683618,-0,-0.00683618
926,380,332,0.380836,0,0.380836
927,332,379,-0.374,-0,-0.374
928,380,381,0.798458,1,-0.772338
929,381,333,-0.895923,-1,0.674873
930,333,380,0.0974646,0,0.0974646
931,381,382,-0.711641,-0,-0.711641
932,382,333,-0.184282,-0,-0.184282
933,334,382,-0.402861,-0,-0.402861
934,382,383,0.244273,0,0.244273
935,383,334,0.158587,0,0.158587
936,383,336,0.283259,0,0.283259
937,288,383,0.00878245,0,0.00878245
938,384,385,-0.301197,-0,-0.301197
939,385,337,-0.187811,-0,-0.187811
940,337,384,0.489008,0,0.489008
941,385,386,0.208202,0,0.208202
942,386,338,-0.437808,-0,-0.437808
943,338,385,0.229606,0,0.229606
944,386,387,-0.413231,-0,-0.413231
945,387,338,-0.0245773,-0,-0.0245773
946,387,388,0.234687,0,0.234687
947,388,340,-0.270404,-0,-0.270404
948,340,387,0.0357165,0,0.0357165
949,388,389,-0.135393,-0,-0.135393
950,389,340,-0.135011,-0,-0.135011
951,341,389,0.149605,0,0.149605
952,389,390,0.274219,0,0.274219
953,390,341,-0.423823,-0,-0.423823
954,342,390,0.184533,0,0.184533
955,390,391,-0.127265,-0,-0.127265
956,391,342,-0.0572678,-0,-0.0572678
957,343,391,-0.199424,-0,-0.199424
958,391,392,-0.0401573,-0,-0.0401573
959,392,343,0.239582,0,0.239582
960,344,392,0.226091,0,0.226091
961,392,393,-0.225969,-0,-0.225969
962,393,344,-0.000121984,-0,-0.000121984
963,345,393,-0.199563,-0,-0.199563
964,393,394,0.260712,0,0.260712
965,394,345,-0.0611496,-0,-0.0611496
966,346,394,-0.299663,-0,-0.299663
967,394,395,0.00113795,0,0.00113795
968,395,346,0.298525,0,0.298525
969,395,396,0.0237449,0,0.0237449
970,396,348,-0.165135,-0,-0.165135
971,348,395,0.141391,0,0.141391
972,396,397,0.228086,0,0.228086
973,397,348,-0.393221,-0,-0.393221
974,349,397,0.164479,0,0.164479
975,397,398,-0.328688,-0,-0.328688
976,398,349,0.164209,0,0.164209
977,350,398,-0.458449,-0,-0.458449
978,398,399,0.41535,0,0.41535
979,399,350,0.0430991,0,0.0430991
980,351,399,0.451699,0,0.451699
981,399,400,-0.430095,-0,-0.430095
982,400,351,-0.0216032,-0,-0.0216032
983,352,400,-0.164677,-0,-0.164677
984,400,401,0.421546,0,0.421546
985,401,352,-0.256869,-0,-0.256869
986,353,401,0.153573,0,0.153573
987,401,402,-0.299893,-0,-0.299893
988,402,353,0.14632,0,0.14632
989,354,402,-0.44678,-0,-0.44678
990,402,403,0.431893,0,0.431893
991,403,354,0.0148875,0,0.0148875
992,355,403,0.387528,0,0.387528
993,403,404,-0.434922,-0,-0.434922
994,404,355,0.0473936,0,0.0473936
995,356,404,-0.20406,-0,-0.20406
996,404,405,0.451682,0,0.451682
997,405,356,-0.247623,-0,-0.247623
998,357,405,0.203277,0,0.203277
999,405,406,-0.369831,-0,-0.369831
1000,406,357,0.166554,0,0.166554
1001,358,406,-0.43596,-0,-0.43596
1002,406,407,0.391394,0,0.391394
1003,407,358,0.0445654,0,0.0445654
1004,359,407,0.31475,0,0.31475
1005,407,408,-0.54678,-0,-0.54678
1006,408,359,0.23203,0,0.23203
1007,408,409,0.537323,0,0.537323
1008,409,361,-0.303584,-0,-0.303584
1009,361,408,-0.233739,-0,-0.233739
1010,409,410,-0.406262,-0,-0.406262
1011,410,362,0.423109,0,0.423109
1012,362,409,-0.0168464,-0,-0.0168464
1013,410,411,0.432315,0,0.432315
1014,411,363,-0.407597,-0,-0.407597
1015,363,410,-0.0247187,-0,-0.0247187
1016,411,412,-0.434477,-0,-0.434477
1017,412,364,0.41425,0,0.41425
1018,364,411,0.020227,0,0.020227
1019,412,413,0.410157,0,0.410157
1020,413,365,-0.400535,-0,-0.400535
1021,365,412,-0.0096224,-0,-0.0096224
1022,413,414,-0.460115,-0,-0.460115
1023,414,366,0.43624,0,0.43624
1024,366,413,0.0238749,0,0.0238749
1025,414,415,0.31261,0,0.31261
1026,415,367,-0.175197,-0,-0.175197
1027,367,414,-0.137413,-0,-0.137413
1028,415,416,-0.435445,-0,-0.435445
1029,416,368,0.167026,0,0.167026
1030,368,415,0.268419,0,0.268419
1031,416,417,0.445934,0,0.445934
1032,417,369,-0.451418,-0,-0.451418
1033,369,416,0.00548471,0,0.00548471
1034,417,418,-0.444233,-0,-0.444233
1035,418,370,0.45525,0,0.45525
1036,370,417,-0.0110166,-0,-0.0110166
1037,418,419,0.349305,0,0.349305
1038,419,371,-0.178908,-0,-0.178908
1039,371,418,-0.170396,-0,-0.170396
1040,419,420,-0.253555,-0,-0.253555
1041,420,372,-0.146434,-0,-0.146434
1042,372,419,0.399988,0,0.399988
1043,420,421,0.0326069,0,0.0326069
1044,421,372,-0.17904,-0,-0.17904
1045,421,422,-0.023689,-0,-0.023689
1046,422,374,0.293625,0,0.293625
1047,374,421,-0.269936,-0,-0.269936
1048,422,423,-0.280857,-0,-0.280857
1049,423,375,0.21999,0,0.21999
1050,375,422,0.0608671,0,0.0608671
1051,423,424,0.263526,0,0.263526
1052,424,376,-0.217695,-0,-0.217695
1053,376,423,-0.0458308,-0,-0.0458308
1054,424,425,0.349798,0,0.349798
1055,425,377,-0.0598382,-0,-0.0598382
1056,377,424,-0.289959,-0,-0.289959
1057,425,426,-0.436797,-0,-0.436797
1058,426,378,0.072027,0,0.072027
1059,378,425,0.36477,0,0.36477
1060,426,427,-0.0975397,-0,-0.0975397
1061,427,379,-0.143593,-0,-0.143593
1062,379,426,0.241133,0,0.241133
1063,427,428,0.139943,0,0.139943
1064,428,380,-0.290372,-0,-0.290372
1065,380,427,0.150429,0,0.150429
1066,428,429,-0.222741,-0,-0.222741
1067,429,380,-0.0676313,-0,-0.0676313
1068,429,430,0.391046,0,0.391046
1069,430,382,-0.37186,-0,-0.37186
1070,382,429,-0.0191862,-0,-0.0191862
1071,430,431,-0.315588,-0,-0.315588
1072,431,382,-0.0562728,-0,-0.0562728
1073,431,384,0.457501,0,0.457501
1074,384,336,0.0137585,0,0.0137585
1075,336,431,-0.471259,-0,-0.471259
1076,432,433,-0.0258086,-0,-0.0258086
1077,433,385,0.053773,0,0.053773
1078,385,432,-0.0279644,-0,-0.0279644
1079,433,434,0.00973347,0,0.00973347
1080,434,386,0.252241,0,0.252241
1081,386,433,-0.261975,-0,-0.261975
1082,434,435,-0.0688917,-0,-0.0688917
1083,435,387,-0.0920978,-0,-0.0920978
1084,387,434,0.16099,0,0.16099
1085,435,436,0.894149,1,-0.676647
1086,436,388,-0.75156,-0,-0.75156
1087,388,435,-0.142589,-0,-0.142589
1088,436,437,-0.754741,-0,-0.754741
1089,437,388,0.00318147,0,0.00318147
1090,389,437,0.132212,0,0.132212
1091,437,438,-0.389411,-0,-0.389411
1092,438,389,0.257199,0,0.257199
1093,438,439,0.582165,0,0.582165
1094,439,391,-0.178013,-0,-0.178013
1095,391,438,-0.404153,-0,-0.404153
1096,439,440,-0.261489,-0,-0.261489
1097,440,392,0.0433188,0,0.0433188
1098,392,439,0.21817,0,0.21817
1099,440,441,0.0453725,0,0.0453725
1100,441,393,-0.228023,-0,-0.228023
1101,393,440,0.18265,0,0.18265
1102,441,442,0.210722,0,0.210722
1103,442,393,-0.438745,-0,-0.438745
1104,394,442,0.178032,0,0.178032
1105,442,443,-0.334949,-0,-0.334949
1106,443,394,0.156917,0,0.156917
1107,443,444,0.435802,0,0.435802
1108,444,396,-0.254002,-0,-0.254002
1109,396,443,-0.1818,-0,-0.1818
1110,444,445,-0.443741,-0,-0.443741
1111,445,396,0.189739,0,0.189739
1112,445,446,0.21005,0,0.21005
1113,446,398,-0.120913,-0,-0.120913
1114,398,445,-0.0891368,-0,-0.0891368
1115,446,447,0.0128956,0,0.0128956
1116,447,398,-0.133809,-0,-0.133809
1117,447,448,0.231493,0,0.231493
1118,448,400,-0.380047,-0,-0.380047
1119,400,447,0.148554,0,0.148554
1120,448,449,-0.367845,-0,-0.367845
1121,449,400,-0.0122024,-0,-0.0122024
1122,449,450,0.312884,0,0.312884
1123,450,402,-0.203433,-0,-0.203433
1124,402,449,-0.109451,-0,-0.109451
1125,450,451,-0.0810335,-0,-0.0810335
1126,451,402,-0.122399,-0,-0.122399
1127,451,452,-0.00582616,-0,-0.00582616
1128,452,404,-0.119602,-0,-0.119602
1129,404,451,0.125429,0,0.125429
1130,452,453,0.046305,0,0.046305
1131,453,404,-0.165907,-0,-0.165907
1132,453,454,-0.00504726,-0,-0.00504726
1133,454,406,-0.0790083,-0,-0.0790083
1134,406,453,0.0840556,0,0.0840556
1135,454,455,-0.0475806,-0,-0.0475806
1136,455,406,-0.0314277,-0,-0.0314277
1137,455,456,0.0206706,0,0.0206706
1138,456,408,-0.207484,-0,-0.207484
1139,408,455,0.186813,0,0.186813
1140,456,457,-0.0232915,-0,-0.0232915
1141,457,408,-0.184192,-0,-0.184192
1142,457,458,0.0467382,0,0.0467382
1143,458,410,-0.0998696,-0,-0.0998696
1144,410,457,0.0531314,0,0.0531314
1145,458,459,0.0341673,0,0.0341673
1146,459,410,-0.134037,-0,-0.134037
1147,459,460,-0.0612521,-0,-0.0612521
1148,460,412,-0.074947,-0,-0.074947
1149,412,459,0.136199,0,0.136199
1150,460,461,0.0290977,0,0.0290977
1151,461,412,-0.104045,-0,-0.104045
1152,461,462,0.0410139,0,0.0410139
1153,462,414,-0.195017,-0,-0.195017
1154,414,461,0.154003,0,0.154003
1155,462,463,-0.29736,-0,-0.29736
1156,463,414,0.102343,0,0.102343
1157,463,464,0.350471,0,0.350471
1158,464,416,-0.370963,-0,-0.370963
1159,416,463,0.0204921,0,0.0204921
1160,464,465,-0.204402,-0,-0.204402
1161,465,416,-0.166561,-0,-0.166561
1162,465,466,-0.0626773,-0,-0.0626773
1163,466,418,-0.102183,-0,-0.102183
1164,418,465,0.164861,0,0.164861
1165,466,467,-0.181759,-0,-0.181759
1166,467,418,0.0795755,0,0.0795755
1167,467,468,0.432109,0,0.432109
1168,468,420,-0.256784,-0,-0.256784
1169,420,467,-0.175325,-0,-0.175325
1170,468,469,-0.399638,-0,-0.399638
1171,469,420,0.142855,0,0.142855
1172,469,470,0.330561,0,0.330561
1173,470,422,-0.178788,-0,-0.178788
1174,422,469,-0.151773,-0,-0.151773
1175,470,471,-0.263292,-0,-0.263292
1176,471,423,-0.196353,-0,-0.196353
1177,423,470,0.459645,0,0.459645
1178,471,472,-0.0525648,-0,-0.0525648
1179,472,423,-0.143788,-0,-0.143788
1180,424,472,-0.119738,-0,-0.119738
1181,472,473,0.0835478,0,0.0835478
1182,473,424,0.0361906,0,0.0361906
1183,473,474,-0.264514,-0,-0.264514
1184,474,426,0.213706,0,0.213706
1185,426,473,0.0508085,0,0.0508085
1186,474,475,0.297003,0,0.297003
1187,475,427,-0.180837,-0,-0.180837
1188,427,474,-0.116166,-0,-0.116166
1189,475,476,0.738738,0,0.738738
1190,476,428,-0.779632,-0,-0.779632
1191,428,475,0.0408944,0,0.0408944
1192,476,477,-0.903502,-1,0.667294
1193,477,428,0.12387,0,0.12387
1194,429,477,0.0988707,0,0.0988707
1195,477,478,0.0642834,0,0.0642834
1196,478,429,-0.163154,-0,-0.163154
1197,430,478,-0.227892,-0,-0.227892
1198,478,479,-0.0239283,-0,-0.0239283
1199,479,430,0.251821,0,0.251821
1200,431,479,0.0637668,0,0.0637668
1201,479,432,0.0645723,0,0.0645723
1202,432,431,-0.128339,-0,-0.128339
1203,480,481,-0.126264,-0,-0.126264
1204,481,433,0.233723,0,0.233723
1205,433,480,-0.107458,-0,-0.107458
1206,481,482,0.484227,0,0.484227
1207,482,434,-0.240771,-0,-0.240771
1208,434,481,-0.243456,-0,-0.243456
1209,482,483,-0.22733,-0,-0.22733
1210,483,435,-0.0823323,-0,-0.0823323
1211,435,482,0.309663,0,0.309663
1212,483,484,0.0750863,0,0.0750863
1213,484,435,-0.157419,-0,-0.157419
1214,484,485,-0.26827,-0,-0.26827
1215,485,437,0.250259,0,0.250259
1216,437,484,0.0180106,0,0.0180106
1217,485,486,0.415578,0,0.415578
1218,486,438,-0.55473,-0,-0.55473
1219,438,485,0.139152,0,0.139152
1220,486,487,-0.267751,-0,-0.267751
1221,487,438,-0.286979,-0,-0.286979
1222,487,488,-0.0948946,-0,-0.0948946
1223,488,440,0.128593,0,0.128593
1224,440,487,-0.0336981,-0,-0.0336981
1225,488,489,0.499356,0,0.499356
1226,489,441,-0.325391,-0,-0.325391
1227,441,488,-0.173965,-0,-0.173965
1228,489,490,-0.484562,-0,-0.484562
1229,490,441,0.159171,0,0.159171
1230,490,491,0.412994,0,0.412994
1231,491,443,-0.37805,-0,-0.37805
1232,443,490,-0.0349438,-0,-0.0349438
1233,491,492,-0.360971,-0,-0.360971
1234,492,444,0.418722,0,0.418722
1235,444,491,-0.0577517,-0,-0.0577517
1236,492,493,0.20816,0,0.20816
1237,493,445,-0.233179,-0,-0.233179
1238,445,492,0.025019,0,0.025019
1239,493,494,0.329238,0,0.329238
1240,494,446,-0.352367,-0,-0.352367
1241,446,493,0.023129,0,0.023129
1242,494,495,-0.486854,-0,-0.486854
1243,495,446,0.134487,0,0.134487
1244,495,496,0.128574,0,0.128574
1245,496,448,0.250303,0,0.250303
1246,448,495,-0.378876,-0,-0.378876
1247,496,497,0.174841,0,0.174841
1248,497,449,-0.292383,-0,-0.292383
1249,449,496,0.117542,0,0.117542
1250,497,498,0.753603,0,0.753603
1251,498,450,-0.733102,-0,-0.733102
1252,450,497,-0.0205014,-0,-0.0205014
1253,498,499,-0.907444,-1,0.663352
1254,499,450,0.174343,0,0.174343
1255,499,500,0.111701,0,0.111701
1256,500,452,-0.0242182,-0,-0.0242182
1257,452,499,-0.0874829,-0,-0.0874829
1258,500,501,0.0628714,0,0.0628714
1259,501,452,-0.0870897,-0,-0.0870897
1260,501,502,0.256987,0,0.256987
1261,502,454,-0.302818,-0,-0.302818
1262,454,501,0.0458319,0,0.0458319
1263,502,503,-0.555187,-0,-0.555187
1264,503,454,0.252369,0,0.252369
1265,503,504,0.921732,1,-0.649064
1266,504,456,-0.696273,-0,-0.696273
1267,456,503,-0.225459,-0,-0.225459
1268,504,505,-0.920775,-1,0.650021
1269,505,456,0.224502,0,0.224502
1270,505,506,0.556872,0,0.556872
1271,506,458,-0.308924,-0,-0.308924
1272,458,505,-0.247948,-0,-0.247948
1273,506,507,-0.242114,-0,-0.242114
1274,507,458,-0.0668095,-0,-0.0668095
1275,507,508,-0.0858433,-0,-0.0858433
1276,508,460,-0.00805091,-0,-0.00805091
1277,460,507,0.0938942,0,0.0938942
1278,508,509,-0.0906461,-0,-0.0906461
1279,509,460,0.0825952,0,0.0825952
1280,509,510,0.901081,1,-0.669715
1281,510,462,-0.748375,-0,-0.748375
1282,462,509,-0.152707,-0,-0.152707
1283,510,511,-0.758823,-0,-0.758823
1284,511,462,0.0104487,0,0.0104487
1285,463,511,0.286911,0,0.286911
1286,511,512,-0.180363,-0,-0.180363
1287,512,463,-0.106548,-0,-0.106548
1288,464,512,-0.243923,-0,-0.243923
1289,512,513,-0.124484,-0,-0.124484
1290,513,464,0.368407,0,0.368407
1291,513,514,0.459106,0,0.459106
1292,514,466,-0.357778,-0,-0.357778
1293,466,513,-0.101328,-0,-0.101328
1294,514,515,-0.318562,-0,-0.318562
1295,515,466,-0.039216,-0,-0.039216
1296,467,515,0.220975,0,0.220975
1297,515,516,-0.208037,-0,-0.208037
1298,516,467,-0.0129383,-0,-0.0129383
1299,468,516,-0.419171,-0,-0.419171
1300,516,517,0.395298,0,0.395298
1301,517,468,0.0238728,0,0.0238728
1302,469,517,0.375765,0,0.375765
1303,517,518,-0.419512,-0,-0.419512
1304,518,469,0.0437462,0,0.0437462
1305,518,519,0.44796,0,0.44796
1306,519,471,-0.336946,-0,-0.336946
1307,471,518,-0.111015,-0,-0.111015
1308,519,520,-0.502899,-0,-0.502899
1309,520,471,0.165953,0,0.165953
1310,472,520,-0.113388,-0,-0.113388
1311,520,521,0.114614,0,0.114614
1312,521,472,-0.00122607,-0,-0.00122607
1313,521,522,0.290559,0,0.290559
1314,522,474,-0.472752,-0,-0.472752
1315,474,521,0.182193,0,0.182193
1316,522,523,-0.415145,-0,-0.415145
1317,523,474,-0.0576068,-0,-0.0576068
1318,475,523,-0.239396,-0,-0.239396
1319,523,524,0.2629,0,0.2629
1320,524,475,-0.0235034,-0,-0.0235034
1321,524,525,-0.100648,-0,-0.100648
1322,525,477,-0.0876194,-0,-0.0876194
1323,477,524,0.188268,0,0.188268
1324,525,526,0.231842,0,0.231842
1325,526,477,-0.319461,-0,-0.319461
1326,478,526,0.255178,0,0.255178
1327,526,527,-0.4869,-0,-0.4869
1328,527,478,0.231722,0,0.231722
1329,479,527,-0.207793,-0,-0.207793
1330,527,480,0.139099,0,0.139099
1331,480,479,0.0686948,0,0.0686948
1332,528,529,0.11802,0,0.11802
1333,529,481,-0.205367,-0,-0.205367
1334,481,528,0.0873469,0,0.0873469
1335,529,530,-0.0123886,-0,-0.0123886
1336,530,481,-0.192979,-0,-0.192979
1337,530,531,-0.0182707,-0,-0.0182707
1338,531,483,0.0821887,0,0.0821887
1339,483,530,-0.063918,-0,-0.063918
1340,531,532,-0.0170012,-0,-0.0170012
1341,532,483,0.0991899,0,0.0991899
1342,532,533,0.0958631,0,0.0958631
1343,533,485,-0.189857,-0,-0.189857
1344,485,532,0.0939938,0,0.0939938
1345,533,534,0.284351,0,0.284351
1346,534,485,-0.474208,-0,-0.474208
1347,486,534,0.0586298,0,0.0586298
1348,534,535,-0.475862,-0,-0.475862
1349,535,486,0.417232,0,0.417232
1350,535,536,0.237287,0,0.237287
1351,536,488,-0.182701,-0,-0.182701
1352,488,535,-0.0545861,-0,-0.0545861
1353,536,537,0.333063,0,0.333063
1354,537,488,-0.515764,-0,-0.515764
1355,489,537,0.016408,0,0.016408
1356,537,538,-0.329564,-0,-0.329564
1357,538,489,0.313156,0,0.313156
1358,490,538,0.171406,0,0.171406
1359,538,539,-0.195043,-0,-0.195043
1360,539,490,0.0236361,0,0.0236361
1361,539,540,0.507403,0,0.507403
1362,540,492,-0.431743,-0,-0.431743
1363,492,539,-0.0756591,-0,-0.0756591
1364,540,541,-0.219056,-0,-0.219056
1365,541,492,-0.212687,-0,-0.212687
1366,493,541,0.00452761,0,0.00452761
1367,541,542,0.125504,0,0.125504
1368,542,493,-0.130031,-0,-0.130031
1369,494,542,-0.199207,-0,-0.199207
1370,542,543,-0.0424486,-0,-0.0424486
1371,543,494,0.241655,0,0.241655
1372,495,543,0.245199,0,0.245199
1373,543,544,-0.160527,-0,-0.160527
1374,544,495,-0.0846723,-0,-0.0846723
1375,496,544,-0.0439015,-0,-0.0439015
1376,544,545,-0.0937923,-0,-0.0937923
1377,545,496,0.137694,0,0.137694
1378,497,545,-0.312534,-0,-0.312534
1379,545,546,0.31506,0,0.31506
1380,546,497,-0.00252549,-0,-0.00252549
1381,546,547,-0.0984918,-0,-0.0984918
1382,547,499,-0.0578748,-0,-0.0578748
1383,499,546,0.156367,0,0.156367
1384,547,548,0.0694209,0,0.0694209
1385,548,500,-0.0155945,-0,-0.0155945
1386,500,547,-0.0538263,-0,-0.0538263
1387,548,549,0.0521113,0,0.0521113
1388,549,500,-0.0677058,-0,-0.0677058
1389,549,550,0.0309558,0,0.0309558
1390,550,502,0.221196,0,0.221196
1391,502,549,-0.252152,-0,-0.252152
1392,550,551,-0.00480487,-0,-0.00480487
1393,551,503,-0.329186,-0,-0.329186
1394,503,550,0.333991,0,0.333991
1395,551,552,-0.0154018,-0,-0.0154018
1396,552,503,-0.313784,-0,-0.313784
1397,552,553,0.0181436,0,0.0181436
1398,553,505,-0.330971,-0,-0.330971
1399,505,552,0.312827,0,0.312827
1400,553,554,0.0104204,0,0.0104204
1401,554,505,-0.341391,-0,-0.341391
1402,506,554,-0.215481,-0,-0.215481
1403,554,555,-0.0242987,-0,-0.0242987
1404,555,506,0.23978,0,0.23978
1405,555,556,-0.0802386,-0,-0.0802386
1406,556,508,-0.00793929,-0,-0.00793929
1407,508,555,0.0881779,0,0.0881779
1408,556,557,-0.0565262,-0,-0.0565262
1409,557,508,0.0485869,0,0.0485869
1410,509,557,0.0420592,0,0.0420592
1411,557,558,0.122075,0,0.122075
1412,558,509,-0.164134,-0,-0.164134
1413,558,559,-0.348877,-0,-0.348877
1414,559,511,0.327001,0,0.327001
1415,511,558,0.0218758,0,0.0218758
1416,559,560,0.0974545,0,0.0974545
1417,560,512,0.0491837,0,0.0491837
1418,512,559,-0.146638,-0,-0.146638
1419,560,561,0.163679,0,0.163679
1420,561,513,-0.238979,-0,-0.238979
1421,513,560,0.0753006,0,0.0753006
1422,561,562,0.0407676,0,0.0407676
1423,562,514,0.179359,0,0.179359
1424,514,561,-0.220127,-0,-0.220127
1425,562,563,-0.12941,-0,-0.12941
1426,563,515,-0.00979243,-0,-0.00979243
1427,515,562,0.139202,0,0.139202
1428,563,564,0.212122,0,0.212122
1429,564,516,-0.429951,-0,-0.429951
1430,516,563,0.217829,0,0.217829
1431,564,565,-0.477311,-0,-0.477311
1432,565,516,0.0473596,0,0.0473596
1433,565,566,0.18467,0,0.18467
1434,566,518,-0.161525,-0,-0.161525
1435,518,565,-0.0231456,-0,-0.0231456
1436,566,567,0.329073,0,0.329073
1437,567,519,-0.0426372,-0,-0.0426372
1438,519,566,-0.286435,-0,-0.286435
1439,567,568,-0.362629,-0,-0.362629
1440,568,520,-0.182906,-0,-0.182906
1441,520,567,0.545536,0,0.545536
1442,568,569,-0.202164,-0,-0.202164
1443,569,520,0.0192576,0,0.0192576
1444,569,570,0.48966,0,0.48966
1445,570,522,-0.0652293,-0,-0.0652293
1446,522,569,-0.424431,-0,-0.424431
1447,570,571,-0.312078,-0,-0.312078
1448,571,523,-0.168296,-0,-0.168296
1449,523,570,0.480374,0,0.480374
1450,571,572,-0.0800827,-0,-0.0800827
1451,572,523,-0.0882132,-0,-0.0882132
1452,572,573,-0.00888528,-0,-0.00888528
1453,573,525,0.0829235,0,0.0829235
1454,525,572,-0.0740382,-0,-0.0740382
1455,573,574,0.0297181,0,0.0297181
1456,574,525,0.0532053,0,0.0532053
1457,574,575,0.0090057,0,0.0090057
1458,575,527,-0.210858,-0,-0.210858
1459,527,574,0.201852,0,0.201852
1460,575,528,-0.110677,-0,-0.110677
1461,528,527,-0.100181,-0,-0.100181
1462,576,577,0.86003,1,-0.710766
1463,577,529,-0.667064,-0,-0.667064
1464,529,576,-0.192966,-0,-0.192966
1465,577,578,-0.810548,-1,0.760248
1466,578,529,0.143484,0,0.143484
1467,578,579,0.382659,0,0.382659
1468,579,531,-0.269835,-0,-0.269835
1469,531,578,-0.112824,-0,-0.112824
1470,579,580,-0.535559,-0,-0.535559
1471,580,531,0.265724,0,0.265724
1472,580,581,0.610784,0,0.610784
1473,581,533,-0.266198,-0,-0.266198
1474,533,580,-0.344586,-0,-0.344586
1475,581,582,-0.230027,-0,-0.230027
1476,582,533,-0.0361709,-0,-0.0361709
1477,582,583,-0.183188,-0,-0.183188
1478,583,535,-0.0444931,-0,-0.0444931
1479,535,582,0.227681,0,0.227681
1480,583,584,0.412904,0,0.412904
1481,584,536,-0.22011,-0,-0.22011
1482,536,583,-0.192794,-0,-0.192794
1483,584,585,-0.225868,-0,-0.225868
1484,585,536,0.00575786,0,0.00575786
1485,585,586,-0.256355,-0,-0.256355
1486,586,538,0.265613,0,0.265613
1487,538,585,-0.00925744,-0,-0.00925744
1488,586,587,0.513421,0,0.513421
1489,587,539,-0.442851,-0,-0.442851
1490,539,586,-0.07057,-0,-0.07057
1491,587,588,-0.322695,-0,-0.322695
1492,588,540,0.387247,0,0.387247
1493,540,587,-0.0645515,-0,-0.0645515
1494,588,589,0.208316,0,0.208316
1495,589,541,-0.0401257,-0,-0.0401257
1496,541,588,-0.168191,-0,-0.168191
1497,589,590,0.268219,0,0.268219
1498,590,542,-0.182841,-0,-0.182841
1499,542,589,-0.0853779,-0,-0.0853779
1500,590,591,-0.330868,-0,-0.330868
1501,591,543,0.105578,0,0.105578
1502,543,590,0.22529,0,0.22529
1503,591,592,-0.138482,-0,-0.138482
1504,592,544,0.0835332,0,0.0835332
1505,544,591,0.0549485,0,0.0549485
1506,592,593,0.470297,0,0.470297
1507,593,545,-0.480556,-0,-0.480556
1508,545,592,0.0102591,0,0.0102591
1509,593,594,-0.292313,-0,-0.292313
1510,594,545,-0.188243,-0,-0.188243
1511,594,595,-0.115387,-0,-0.115387
1512,595,547,0.143713,0,0.143713
1513,547,594,-0.0283254,-0,-0.0283254
1514,595,596,0.496647,0,0.496647
1515,596,548,-0.283513,-0,-0.283513
1516,548,595,-0.213133,-0,-0.213133
1517,596,597,-0.364658,-0,-0.364658
1518,597,548,0.0811451,0,0.0811451
1519,597,598,0.467124,0,0.467124
1520,598,550,-0.302911,-0,-0.302911
1521,550,597,-0.164212,-0,-0.164212
1522,598,599,-0.255606,-0,-0.255606
1523,599,551,-0.0521101,-0,-0.0521101
1524,551,598,0.307716,0,0.307716
1525,599,600,-0.087527,-0,-0.087527
1526,600,551,0.0354169,0,0.0354169
1527,600,601,0.0968933,0,0.0968933
1528,601,553,-0.0587346,-0,-0.0587346
1529,553,600,-0.0381587,-0,-0.0381587
1530,601,602,0.264572,0,0.264572
1531,602,553,-0.323307,-0,-0.323307
1532,554,602,0.312886,0,0.312886
1533,602,603,-0.465203,-0,-0.465203
1534,603,554,0.152317,0,0.152317
1535,603,604,0.339198,0,0.339198
1536,604,556,-0.291418,-0,-0.291418
1537,556,603,-0.0477795,-0,-0.0477795
1538,604,605,-0.516054,-0,-0.516054
1539,605,556,0.224636,0,0.224636
1540,557,605,-0.16811,-0,-0.16811
1541,605,606,0.151116,0,0.151116
1542,606,557,0.0169941,0,0.0169941
1543,606,607,0.261023,0,0.261023
1544,607,559,-0.470831,-0,-0.470831
1545,559,606,0.209808,0,0.209808
1546,607,608,-0.47424,-0,-0.47424
1547,608,559,0.00340906,0,0.00340906
1548,560,608,-0.100864,-0,-0.100864
1549,608,609,0.159104,0,0.159104
1550,609,560,-0.0582403,-0,-0.0582403
1551,561,609,-0.105438,-0,-0.105438
1552,609,610,0.350614,0,0.350614
1553,610,561,-0.245175,-0,-0.245175
1554,562,610,0.204408,0,0.204408
1555,610,611,-0.28014,-0,-0.28014
1556,611,562,0.075732,0,0.075732
1557,563,611,0.0536779,0,0.0536779
1558,611,612,-0.221888,-0,-0.221888
1559,612,563,0.16821,0,0.16821
1560,564,612,-0.380332,-0,-0.380332
1561,612,613,0.348456,0,0.348456
1562,613,564,0.0318765,0,0.0318765
1563,565,613,0.445434,0,0.445434
1564,613,614,-0.533729,-0,-0.533729
1565,614,565,0.0882947,0,0.0882947
1566,566,614,-0.272965,-0,-0.272965
1567,614,615,0.277876,0,0.277876
1568,615,566,-0.00491067,-0,-0.00491067
1569,615,616,0.190244,0,0.190244
1570,616,568,-0.228711,-0,-0.228711
1571,568,615,0.0384674,0,0.0384674
1572,616,617,-0.402941,-0,-0.402941
1573,617,568,0.17423,0,0.17423
1574,569,617,0.027934,0,0.027934
1575,617,618,0.215971,0,0.215971
1576,618,569,-0.243905,-0,-0.243905
1577,618,619,0.201897,0,0.201897
1578,619,571,-0.26822,-0,-0.26822
1579,571,618,0.0663227,0,0.0663227
1580,619,620,-0.614724,-0,-0.614724
1581,620,571,0.346504,0,0.346504
1582,620,621,0.529543,0,0.529543
1583,621,573,-0.272007,-0,-0.272007
1584,573,620,-0.257536,-0,-0.257536
1585,621,622,-0.373263,-0,-0.373263
1586,622,573,0.101256,0,0.101256
1587,622,623,0.811459,1,-0.759337
1588,623,575,-0.671479,-0,-0.671479
1589,575,622,-0.13998,-0,-0.13998
1590,623,576,-0.857102,-1,0.713694
1591,576,575,0.185622,0,0.185622
1592,576,624,0.85424,1,-0.716556
1593,624,625,-0.793048,-1,0.777748
1594,625,576,-0.0611924,-0,-0.0611924
1595,625,626,-0.0156913,-0,-0.0156913
1596,626,578,0.00398115,0,0.00398115
1597,578,625,0.0117102,0,0.0117102
1598,626,627,0.382653,0,0.382653
1599,627,579,0.0039873,0,0.0039873
1600,579,626,-0.38664,-0,-0.38664
1601,627,628,-0.249799,-0,-0.249799
1602,628,580,-0.281772,-0,-0.281772
1603,580,627,0.531571,0,0.531571
1604,628,629,0.0455964,0,0.0455964
1605,629,580,-0.327369,-0,-0.327369
1606,581,629,-0.283416,-0,-0.283416
1607,629,630,0.0811926,0,0.0811926
1608,630,581,0.202223,0,0.202223
1609,630,631,0.234752,0,0.234752
1610,631,583,-0.445744,-0,-0.445744
1611,583,630,0.210992,0,0.210992
1612,631,632,-0.302503,-0,-0.302503
1613,632,583,-0.143241,-0,-0.143241
1614,584,632,-0.269663,-0,-0.269663
1615,632,633,-0.205167,-0,-0.205167
1616,633,584,0.47483,0,0.47483
1617,633,634,0.217288,0,0.217288
1618,634,586,-0.224681,-0,-0.224681
1619,586,633,0.00739301,0,0.00739301
1620,634,635,-0.0278198,-0,-0.0278198
1621,635,586,-0.196862,-0,-0.196862
1622,635,636,0.0709103,0,0.0709103
1623,636,588,-0.0770461,-0,-0.0770461
1624,588,635,0.00613578,0,0.00613578
1625,636,637,0.285003,0,0.285003
1626,637,588,-0.362049,-0,-0.362049
1627,589,637,0.153733,0,0.153733
1628,637,638,-0.413297,-0,-0.413297
1629,638,589,0.259564,0,0.259564
1630,638,639,0.146896,0,0.146896
1631,639,591,0.0500196,0,0.0500196
1632,591,638,-0.196915,-0,-0.196915
1633,639,640,0.179725,0,0.179725
1634,640,592,-0.268187,-0,-0.268187
1635,592,639,0.0884622,0,0.0884622
1636,640,641,0.226178,0,0.226178
1637,641,592,-0.494365,-0,-0.494365
1638,593,641,0.0240681,0,0.0240681
1639,641,642,-0.408455,-0,-0.408455
1640,642,593,0.384387,0,0.384387
1641,642,643,0.252458,0,0.252458
1642,643,595,-0.275772,-0,-0.275772
1643,595,642,0.0233135,0,0.0233135
1644,643,644,-0.00292572,-0,-0.00292572
1645,644,595,-0.272846,-0,-0.272846
1646,596,644,-0.223801,-0,-0.223801
1647,644,645,-0.000160763,-0,-0.000160763
1648,645,596,0.223961,0,0.223961
1649,597,645,0.140697,0,0.140697
1650,645,646,0.091633,0,0.091633
1651,646,597,-0.23233,-0,-0.23233
1652,646,647,0.197795,0,0.197795
1653,647,599,-0.218608,-0,-0.218608
1654,599,646,0.0208124,0,0.0208124
1655,647,648,-0.589278,-0,-0.589278
1656,648,599,0.37067,0,0.37067
1657,648,649,0.609045,0,0.609045
1658,649,601,-0.229009,-0,-0.229009
1659,601,648,-0.380037,-0,-0.380037
1660,649,650,-0.18183,-0,-0.18183
1661,650,601,-0.0471786,-0,-0.0471786
1662,650,651,-0.0794529,-0,-0.0794529
1663,651,603,-0.168357,-0,-0.168357
1664,603,650,0.24781,0,0.24781
1665,651,652,-0.0695601,-0,-0.0695601
1666,652,604,0.240401,0,0.240401
1667,604,651,-0.170841,-0,-0.170841
1668,652,653,-0.054519,-0,-0.054519
1669,653,605,-0.221134,-0,-0.221134
1670,605,652,0.275653,0,0.275653
1671,653,654,-0.185202,-0,-0.185202
1672,654,605,-0.0359324,-0,-0.0359324
1673,654,655,0.414143,0,0.414143
1674,655,607,-0.0379372,-0,-0.0379372
1675,607,654,-0.376206,-0,-0.376206
1676,655,656,-0.257262,-0,-0.257262
1677,656,608,-0.254915,-0,-0.254915
1678,608,655,0.512177,0,0.512177
1679,656,657,-0.156234,-0,-0.156234
1680,657,608,-0.0986807,-0,-0.0986807
1681,609,657,-0.0604232,-0,-0.0604232
1682,657,658,-0.117877,-0,-0.117877
1683,658,609,0.1783,0,0.1783
1684,658,659,0.416578,0,0.416578
1685,659,611,-0.167803,-0,-0.167803
1686,611,658,-0.248774,-0,-0.248774
1687,659,660,-0.323277,-0,-0.323277
1688,660,612,-0.0664144,-0,-0.0664144
1689,612,659,0.389691,0,0.389691
1690,660,661,-0.0314921,-0,-0.0314921
1691,661,612,-0.0349223,-0,-0.0349223
1692,661,662,-0.0181705,-0,-0.0181705
1693,662,614,-0.202025,-0,-0.202025
1694,614,661,0.220196,0,0.220196
1695,662,663,-0.187753,-0,-0.187753
1696,663,614,-0.0142719,-0,-0.0142719
1697,663,664,0.196513,0,0.196513
1698,664,616,0.257335,0,0.257335
1699,616,663,-0.453848,-0,-0.453848
1700,664,665,0.304241,0,0.304241
1701,665,617,-0.449847,-0,-0.449847
1702,617,664,0.145606,0,0.145606
1703,665,666,-0.207031,-0,-0.207031
1704,666,617,-0.242815,-0,-0.242815
1705,666,667,-0.105858,-0,-0.105858
1706,667,619,0.280911,0,0.280911
1707,619,666,-0.175053,-0,-0.175053
1708,667,668,-0.0692637,-0,-0.0692637
1709,668,620,-0.264549,-0,-0.264549
1710,620,667,0.333813,0,0.333813
1711,668,669,0.268364,0,0.268364
1712,669,620,-0.532913,-0,-0.532913
1713,621,669,0.00336988,0,0.00336988
1714,669,670,-0.385361,-0,-0.385361
1715,670,621,0.381992,0,0.381992
1716,622,670,-0.00872883,-0,-0.00872883
1717,670,671,0.0237086,0,0.0237086
1718,671,622,-0.0149798,-0,-0.0149798
1719,671,624,0.793618,1,-0.777179
1720,576,671,0.0606227,0,0.0606227
1721,672,673,-0.114762,-0,-0.114762
1722,673,625,0.0172665,0,0.0172665
1723,625,672,0.0974951,0,0.0974951
1724,673,674,0.788326,1,-0.78247
1725,674,626,-0.786751,-1,0.784046
1726,626,673,-0.0015752,-0,-0.0015752
1727,674,675,-0.792771,-1,0.778025
1728,675,626,0.00602021,0,0.00602021
1729,675,676,0.198662,0,0.198662
1730,676,628,-0.0597881,-0,-0.0597881
1731,628,675,-0.138874,-0,-0.138874
1732,676,677,-0.0290541,-0,-0.0290541
1733,677,628,-0.030734,-0,-0.030734
1734,629,677,-0.0148623,-0,-0.0148623
1735,677,678,0.0381233,0,0.0381233
1736,678,629,-0.023261,-0,-0.023261
1737,678,679,-0.0288826,-0,-0.0288826
1738,679,631,0.321566,0,0.321566
1739,631,678,-0.292684,-0,-0.292684
1740,679,680,-0.183046,-0,-0.183046
1741,680,632,0.202109,0,0.202109
1742,632,679,-0.019063,-0,-0.019063
1743,680,681,0.464938,0,0.464938
1744,681,633,-0.467996,-0,-0.467996
1745,633,680,0.00305799,0,0.00305799
1746,681,682,0.0557036,0,0.0557036
1747,682,634,-0.306411,-0,-0.306411
1748,634,681,0.250708,0,0.250708
1749,682,683,-0.468126,-0,-0.468126
1750,683,634,0.161715,0,0.161715
1751,683,684,0.227418,0,0.227418
1752,684,636,-0.0226122,-0,-0.0226122
1753,636,683,-0.204806,-0,-0.204806
1754,684,685,-0.0558275,-0,-0.0558275
1755,685,636,0.0332153,0,0.0332153
1756,685,686,-0.127909,-0,-0.127909
1757,686,638,0.0328303,0,0.0328303
1758,638,685,0.0950787,0,0.0950787
1759,686,687,0.361042,0,0.361042
1760,687,639,-0.181316,-0,-0.181316
1761,639,686,-0.179726,-0,-0.179726
1762,687,688,0.310162,0,0.310162
1763,688,640,-0.311754,-0,-0.311754
1764,640,687,0.00159129,0,0.00159129
1765,688,689,-0.47376,-0,-0.47376
1766,689,640,0.162007,0,0.162007
1767,689,690,0.438446,0,0.438446
1768,690,642,-0.458717,-0,-0.458717
1769,642,689,0.0202707,0,0.0202707
1770,690,691,-0.170935,-0,-0.170935
1771,691,643,-0.0353234,-0,-0.0353234
1772,643,690,0.206259,0,0.206259
1773,691,692,0.202476,0,0.202476
1774,692,643,-0.237799,-0,-0.237799
1775,644,692,0.240725,0,0.240725
1776,692,693,-0.435093,-0,-0.435093
1777,693,644,0.194368,0,0.194368
1778,645,693,-0.194207,-0,-0.194207
1779,693,694,0.21332,0,0.21332
1780,694,645,-0.0191134,-0,-0.0191134
1781,694,695,-0.0372792,-0,-0.0372792
1782,695,647,0.307594,0,0.307594
1783,647,694,-0.270315,-0,-0.270315
1784,695,696,0.0483446,0,0.0483446
1785,696,648,-0.330028,-0,-0.330028
1786,648,695,0.281684,0,0.281684
1787,696,697,-0.0374571,-0,-0.0374571
1788,697,648,-0.292571,-0,-0.292571
1789,649,697,-0.316474,-0,-0.316474
1790,697,698,0.0846451,0,0.0846451
1791,698,649,0.231829,0,0.231829
1792,698,699,-0.0807389,-0,-0.0807389
1793,699,651,0.0512847,0,0.0512847
1794,651,698,0.0294542,0,0.0294542
1795,699,700,-0.025315,-0,-0.025315
1796,700,652,0.00703962,0,0.00703962
1797,652,699,0.0182754,0,0.0182754
1798,700,701,0.0282781,0,0.0282781
1799,701,653,-0.0757575,-0,-0.0757575
1800,653,700,0.0474794,0,0.0474794
1801,701,702,0.196448,0,0.196448
1802,702,653,-0.272205,-0,-0.272205
1803,654,702,0.457407,0,0.457407
1804,702,703,-0.42834,-0,-0.42834
1805,703,654,-0.0290665,-0,-0.0290665
1806,703,704,0.451639,0,0.451639
1807,704,656,-0.323825,-0,-0.323825
1808,656,703,-0.127814,-0,-0.127814
1809,704,705,-0.300688,-0,-0.300688
1810,705,656,-0.0231366,-0,-0.0231366
1811,657,705,0.179371,0,0.179371
1812,705,706,-0.358754,-0,-0.358754
1813,706,657,0.179383,0,0.179383
1814,658,706,-0.0615057,-0,-0.0615057
1815,706,707,0.164798,0,0.164798
1816,707,658,-0.103292,-0,-0.103292
1817,707,708,0.013294,0,0.013294
1818,708,660,-0.0232851,-0,-0.0232851
1819,660,707,0.00999113,0,0.00999113
1820,708,709,-0.203569,-0,-0.203569
1821,709,660,0.180284,0,0.180284
1822,709,710,0.436427,0,0.436427
1823,710,662,-0.305805,-0,-0.305805
1824,662,709,-0.130622,-0,-0.130622
1825,710,711,-0.0323369,-0,-0.0323369
1826,711,662,-0.273468,-0,-0.273468
1827,663,711,0.461222,0,0.461222
1828,711,712,-0.474271,-0,-0.474271
1829,712,663,0.0130496,0,0.0130496
1830,664,712,-0.209562,-0,-0.209562
1831,712,713,0.202214,0,0.202214
1832,713,664,0.00734814,0,0.00734814
1833,665,713,-0.311589,-0,-0.311589
1834,713,714,0.046208,0,0.046208
1835,714,665,0.265381,0,0.265381
1836,714,715,-0.0705993,-0,-0.0705993
1837,715,667,0.0230904,0,0.0230904
1838,667,714,0.0475088,0,0.0475088
1839,715,716,0.00321988,0,0.00321988
1840,716,668,-0.0493932,-0,-0.0493932
1841,668,715,0.0461733,0,0.0461733
1842,716,717,-0.174415,-0,-0.174415
1843,717,668,0.125021,0,0.125021
1844,717,718,0.796535,1,-0.774261
1845,718,670,-0.788512,-1,0.782285
1846,670,717,-0.00802342,-0,-0.00802342
1847,718,719,-0.785395,-0,-0.785395
1848,719,670,-0.00311715,-0,-0.00311715
1849,671,719,-0.0205914,-0,-0.0205914
1850,719,672,0.118656,0,0.118656
1851,672,671,-0.0980649,-0,-0.0980649
1852,720,721,0.925174,1,-0.645623
1853,721,673,-0.778492,-0,-0.778492
1854,673,720,-0.146682,-0,-0.146682
1855,721,722,-0.758936,-0,-0.758936
1856,722,673,-0.0195561,-0,-0.0195561
1857,722,723,0.0199215,0,0.0199215
1858,723,675,-0.0439227,-0,-0.0439227
1859,675,722,0.0240012,0,0.0240012
1860,723,724,0.479416,0,0.479416
1861,724,676,-0.324677,-0,-0.324677
1862,676,723,-0.154739,-0,-0.154739
1863,724,725,-0.241855,-0,-0.241855
1864,725,676,-0.0828218,-0,-0.0828218
1865,677,725,0.111876,0,0.111876
1866,725,726,-0.275024,-0,-0.275024
1867,726,677,0.163148,0,0.163148
1868,726,727,0.164546,0,0.164546
1869,727,679,0.00784285,0,0.00784285
1870,679,726,-0.172389,-0,-0.172389
1871,727,728,0.2821,0,0.2821
1872,728,680,-0.457303,-0,-0.457303
1873,680,727,0.175203,0,0.175203
1874,728,729,-0.396114,-0,-0.396114
1875,729,680,-0.0611891,-0,-0.0611891
1876,729,730,0.142511,0,0.142511
1877,730,682,0.316942,0,0.316942
1878,682,729,-0.459453,-0,-0.459453
1879,730,731,0.112374,0,0.112374
1880,731,683,-0.263559,-0,-0.263559
1881,683,730,0.151184,0,0.151184
1882,731,732,0.318208,0,0.318208
1883,732,684,-0.354349,-0,-0.354349
1884,684,731,0.0361409,0,0.0361409
1885,732,733,-0.517415,-0,-0.517415
1886,733,684,0.163066,0,0.163066
1887,733,734,0.4749,0,0.4749
1888,734,686,-0.495571,-0,-0.495571
1889,686,733,0.0206707,0,0.0206707
1890,734,735,-0.182366,-0,-0.182366
1891,735,686,-0.313205,-0,-0.313205
1892,687,735,-0.0478377,-0,-0.0478377
1893,735,736,0.327582,0,0.327582
1894,736,687,-0.279744,-0,-0.279744
1895,688,736,-0.0304181,-0,-0.0304181
1896,736,737,-0.449538,-0,-0.449538
1897,737,688,0.479956,0,0.479956
1898,689,737,-0.00619539,-0,-0.00619539
1899,737,738,0.1705,0,0.1705
1900,738,689,-0.164305,-0,-0.164305
1901,738,739,0.0515014,0,0.0515014
1902,739,691,0.0517049,0,0.0517049
1903,691,738,-0.103206,-0,-0.103206
1904,739,740,-0.183188,-0,-0.183188
1905,740,691,0.234893,0,0.234893
1906,740,741,0.365351,0,0.365351
1907,741,693,-0.363075,-0,-0.363075
1908,693,740,-0.00227615,-0,-0.00227615
1909,741,742,-0.207478,-0,-0.207478
1910,742,693,-0.155597,-0,-0.155597
1911,742,743,-0.0808848,-0,-0.0808848
1912,743,695,0.10133,0,0.10133
1913,695,742,-0.0204448,-0,-0.0204448
1914,743,744,0.865787,1,-0.705009
1915,744,696,-0.716113,-0,-0.716113
1916,696,743,-0.149674,-0,-0.149674
1917,744,745,-0.871856,-1,0.698941
1918,745,696,0.155743,0,0.155743
1919,697,745,-0.118286,-0,-0.118286
1920,745,746,0.0906225,0,0.0906225
1921,746,697,0.0276633,0,0.0276633
1922,746,747,-0.0347635,-0,-0.0347635
1923,747,699,0.0663331,0,0.0663331
1924,699,746,-0.0315696,-0,-0.0315696
1925,747,748,0.0600545,0,0.0600545
1926,748,700,-0.0190363,-0,-0.0190363
1927,700,747,-0.0410182,-0,-0.0410182
1928,748,749,0.0191583,0,0.0191583
1929,749,701,-0.00991651,-0,-0.00991651
1930,701,748,-0.00924182,-0,-0.00924182
1931,749,750,-0.0594321,-0,-0.0594321
1932,750,701,0.0495156,0,0.0495156
1933,750,751,-0.193452,-0,-0.193452
1934,751,703,0.0110751,0,0.0110751
1935,703,750,0.182377,0,0.182377
1936,751,752,0.4609,0,0.4609
1937,752,704,0.00181423,0,0.00181423
1938,704,751,-0.462714,-0,-0.462714
1939,752,753,-0.339229,-0,-0.339229
1940,753,705,0.0403554,0,0.0403554
1941,705,752,0.298874,0,0.298874
1942,753,754,0.168817,0,0.168817
1943,754,706,-0.487216,-0,-0.487216
1944,706,753,0.318399,0,0.318399
1945,754,755,-0.449292,-0,-0.449292
1946,755,706,-0.0379236,-0,-0.0379236
1947,755,756,0.51033,0,0.51033
1948,756,708,-0.370162,-0,-0.370162
1949,708,755,-0.140168,-0,-0.140168
1950,756,757,-0.281573,-0,-0.281573
1951,757,708,-0.0885883,-0,-0.0885883
1952,709,757,0.292158,0,0.292158
1953,757,758,-0.151778,-0,-0.151778
1954,758,709,-0.140379,-0,-0.140379
1955,710,758,-0.296048,-0,-0.296048
1956,758,759,-0.165633,-0,-0.165633
1957,759,710,0.46168,0,0.46168
1958,759,760,0.412718,0,0.412718
1959,760,712,-0.457645,-0,-0.457645
1960,712,759,0.0449276,0,0.0449276
1961,760,761,-0.253317,-0,-0.253317
1962,761,712,-0.204329,-0,-0.204329
1963,713,761,0.00211469,0,0.00211469
1964,761,762,-0.167135,-0,-0.167135
1965,762,713,0.165021,0,0.165021
1966,762,763,0.238641,0,0.238641
1967,763,715,-0.0980117,-0,-0.0980117
1968,715,762,-0.140629,-0,-0.140629
1969,763,764,0.225033,0,0.225033
1970,764,716,-0.319825,-0,-0.319825
1971,716,763,0.0947918,0,0.0947918
1972,764,765,-0.463775,-0,-0.463775
1973,765,716,0.14395,0,0.14395
1974,717,765,0.0304648,0,0.0304648
1975,765,766,-0.00014462,-0,-0.00014462
1976,766,717,-0.0303202,-0,-0.0303202
1977,766,767,0.76139,0,0.76139
1978,767,719,-0.78057,-0,-0.78057
1979,719,766,0.0191796,0,0.0191796
1980,767,720,-0.923357,-1,0.647439
1981,720,719,0.142787,0,0.142787
1982,720,768,0.243859,0,0.243859
1983,768,769,0.0074048,0,0.0074048
1984,769,720,-0.251264,-0,-0.251264
1985,769,770,-0.0857683,-0,-0.0857683
1986,770,722,0.000742151,0,0.000742151
1987,722,769,0.0850262,0,0.0850262
1988,770,771,0.89769,1,-0.673106
1989,771,723,-0.877026,-1,0.69377
1990,723,770,-0.0206637,-0,-0.0206637
1991,771,772,-0.740709,-0,-0.740709
1992,772,723,-0.136317,-0,-0.136317
1993,724,772,-0.343099,-0,-0.343099
1994,772,773,0.143955,0,0.143955
1995,773,724,0.199144,0,0.199144
1996,725,773,0.0427114,0,0.0427114
1997,773,774,0.142378,0,0.142378
1998,774,725,-0.185089,-0,-0.185089
1999,726,774,0.460114,0,0.460114
2000,774,775,-0.296298,-0,-0.296298
2001,775,726,-0.163816,-0,-0.163816
2002,727,775,-0.000730366,-0,-0.000730366
2003,775,776,0.0544625,0,0.0544625
2004,776,727,-0.0537321,-0,-0.0537321
2005,728,776,-0.228368,-0,-0.228368
2006,776,777,-0.0111738,-0,-0.0111738
2007,777,728,0.239542,0,0.239542
2008,729,777,0.156572,0,0.156572
2009,777,778,-0.0458103,-0,-0.0458103
2010,778,729,-0.110762,-0,-0.110762
2011,730,778,-0.0317489,-0,-0.0317489
2012,778,779,-0.0708571,-0,-0.0708571
2013,779,730,0.102606,0,0.102606
2014,731,779,-0.21498,-0,-0.21498
2015,779,780,0.524533,0,0.524533
2016,780,731,-0.309553,-0,-0.309553
2017,732,780,-0.00865493,-0,-0.00865493
2018,780,781,-0.402699,-0,-0.402699
2019,781,732,0.411354,0,0.411354
2020,733,781,0.106061,0,0.106061
2021,781,782,0.155271,0,0.155271
2022,782,733,-0.261332,-0,-0.261332
2023,734,782,-0.213568,-0,-0.213568
2024,782,783,-0.0292901,-0,-0.0292901
2025,783,734,0.242859,0,0.242859
2026,735,783,-0.060492,-0,-0.060492
2027,783,784,-0.123671,-0,-0.123671
2028,784,735,0.184163,0,0.184163
2029,784,785,0.428281,0,0.428281
2030,785,737,-0.366074,-0,-0.366074
2031,737,784,-0.0622076,-0,-0.0622076
2032,785,786,-0.237896,-0,-0.237896
2033,786,737,-0.128177,-0,-0.128177
2034,786,787,0.0913889,0,0.0913889
2035,787,739,0.00243507,0,0.00243507
2036,739,786,-0.093824,-0,-0.093824
2037,787,788,0.229902,0,0.229902
2038,788,739,-0.227467,-0,-0.227467
2039,740,788,0.410655,0,0.410655
2040,788,789,-0.456193,-0,-0.456193
2041,789,740,0.0455382,0,0.0455382
2042,741,789,-0.410889,-0,-0.410889
2043,789,790,0.169522,0,0.169522
2044,790,741,0.241367,0,0.241367
2045,790,791,0.0935942,0,0.0935942
2046,791,743,-0.14059,-0,-0.14059
2047,743,790,0.0469958,0,0.0469958
2048,791,792,0.0322269,0,0.0322269
2049,792,743,-0.172817,-0,-0.172817
2050,792,793,-0.0402268,-0,-0.0402268
2051,793,745,-0.138659,-0,-0.138659
2052,745,792,0.178886,0,0.178886
2053,793,794,-0.119384,-0,-0.119384
2054,794,745,-0.019275,-0,-0.019275
2055,794,795,-0.138529,-0,-0.138529
2056,795,747,0.175113,0,0.175113
2057,747,794,-0.0365839,-0,-0.0365839
2058,795,796,0.512119,0,0.512119
2059,796,748,-0.276951,-0,-0.276951
2060,748,795,-0.235168,-0,-0.235168
2061,796,797,-0.285949,-0,-0.285949
2062,797,749,0.0281559,0,0.0281559
2063,749,796,0.257793,0,0.257793
2064,797,798,-0.0693509,-0,-0.0693509
2065,798,749,0.0975068,0,0.0975068
2066,798,799,0.208659,0,0.208659
2067,799,751,-0.364037,-0,-0.364037
2068,751,798,0.155378,0,0.155378
2069,799,800,-0.414487,-0,-0.414487
2070,800,751,0.0504497,0,0.0504497
2071,800,801,0.110375,0,0.110375
2072,801,753,0.0617456,0,0.0617456
2073,753,800,-0.17212,-0,-0.17212
2074,801,802,0.0314667,0,0.0314667
2075,802,754,0.199096,0,0.199096
2076,754,801,-0.230563,-0,-0.230563
2077,802,803,-0.158224,-0,-0.158224
2078,803,755,-0.0919724,-0,-0.0919724
2079,755,802,0.250196,0,0.250196
2080,803,804,0.467168,0,0.467168
2081,804,756,-0.0488104,-0,-0.0488104
2082,756,803,-0.418358,-0,-0.418358
2083,804,805,-0.409182,-0,-0.409182
2084,805,757,0.078798,0,0.078798
2085,757,804,0.330384,0,0.330384
2086,805,806,-0.286381,-0,-0.286381
2087,806,758,0.213401,0,0.213401
2088,758,805,0.0729805,0,0.0729805
2089,806,807,0.208644,0,0.208644
2090,807,759,-0.160876,-0,-0.160876
2091,759,806,-0.0477679,-0,-0.0477679
2092,807,808,0.0943361,0,0.0943361
2093,808,760,0.157506,0,0.157506
2094,760,807,-0.251842,-0,-0.251842
2095,808,809,-0.0683023,-0,-0.0683023
2096,809,761,-0.0275088,-0,-0.0275088
2097,761,808,0.095811,0,0.095811
2098,809,810,0.236609,0,0.236609
2099,810,762,-0.431253,-0,-0.431253
2100,762,809,0.194644,0,0.194644
2101,810,811,-0.170597,-0,-0.170597
2102,811,763,-0.0220144,-0,-0.0220144
2103,763,810,0.192612,0,0.192612
2104,811,812,-0.129831,-0,-0.129831
2105,812,764,0.33285,0,0.33285
2106,764,811,-0.203019,-0,-0.203019
2107,812,813,0.754547,0,0.754547
2108,813,765,-0.885473,-1,0.685324
2109,765,812,0.130925,0,0.130925
2110,813,814,-0.890899,-1,0.679897
2111,814,765,0.00542639,0,0.00542639
2112,766,814,-0.00528177,-0,-0.00528177
2113,814,815,0.0954831,0,0.0954831
2114,815,766,-0.0902013,-0,-0.0902013
2115,815,768,-0.00830876,-0,-0.00830876
2116,720,815,0.252168,0,0.252168
2117,768,816,0.676848,0,0.676848
2118,816,817,-0.898585,-1,0.672211
2119,817,768,0.221737,0,0.221737
2120,817,818,0.573707,0,0.573707
2121,818,770,-0.430334,-0,-0.430334
2122,770,817,-0.143373,-0,-0.143373
2123,818,819,-0.154102,-0,-0.154102
2124,819,770,-0.276232,-0,-0.276232
2125,819,820,-0.080664,-0,-0.080664
2126,820,772,-0.0385874,-0,-0.0385874
2127,772,819,0.119251,0,0.119251
2128,820,821,0.265575,0,0.265575
2129,821,772,-0.304162,-0,-0.304162
2130,773,821,0.160207,0,0.160207
2131,821,822,-0.475167,-0,-0.475167
2132,822,773,0.31496,0,0.31496
2133,822,823,0.137419,0,0.137419
2134,823,775,0.0236217,0,0.0236217
2135,775,822,-0.16104,-0,-0.16104
2136,823,824,0.0497438,0,0.0497438
2137,824,776,0.0283403,0,0.0283403
2138,776,823,-0.0780842,-0,-0.0780842
2139,824,825,-0.0120605,-0,-0.0120605
2140,825,777,0.029227,0,0.029227
2141,777,824,-0.0171665,-0,-0.0171665
2142,825,826,0.0722863,0,0.0722863
2143,826,778,-0.0888696,-0,-0.0888696
2144,778,825,0.0165833,0,0.0165833
2145,826,827,0.0788177,0,0.0788177
2146,827,779,-0.238544,-0,-0.238544
2147,779,826,0.159727,0,0.159727
2148,827,828,-0.0174929,-0,-0.0174929
2149,828,779,-0.221051,-0,-0.221051
2150,828,829,0.0549178,0,0.0549178
2151,829,781,-0.154135,-0,-0.154135
2152,781,828,0.0992173,0,0.0992173
2153,829,830,0.260893,0,0.260893
2154,830,781,-0.415028,-0,-0.415028
2155,782,830,0.259757,0,0.259757
2156,830,831,-0.287301,-0,-0.287301
2157,831,782,0.0275447,0,0.0275447
2158,783,831,0.00174531,0,0.00174531
2159,831,832,-0.212445,-0,-0.212445
2160,832,783,0.2107,0,0.2107
2161,784,832,-0.0870289,-0,-0.0870289
2162,832,833,0.467472,0,0.467472
2163,833,784,-0.380443,-0,-0.380443
2164,785,833,-0.0478384,-0,-0.0478384
2165,833,834,-0.475521,-0,-0.475521
2166,834,785,0.52336,0,0.52336
2167,834,835,0.560295,0,0.560295
2168,835,787,-0.183442,-0,-0.183442
2169,787,834,-0.376853,-0,-0.376853
2170,835,836,-0.182788,-0,-0.182788
2171,836,787,-0.000653815,-0,-0.000653815
2172,836,837,-0.015226,-0,-0.015226
2173,837,789,-0.211719,-0,-0.211719
2174,789,836,0.226945,0,0.226945
2175,837,838,-0.179137,-0,-0.179137
2176,838,789,-0.0325821,-0,-0.0325821
2177,838,839,0.889401,1,-0.681395
2178,839,791,-0.658867,-0,-0.658867
2179,791,838,-0.230534,-0,-0.230534
2180,839,840,-0.900586,-1,0.67021
2181,840,791,0.241719,0,0.241719
2182,840,841,0.904615,1,-0.666182
2183,841,793,-0.670895,-0,-0.670895
2184,793,840,-0.233719,-0,-0.233719
2185,841,842,-0.885101,-1,0.685696
2186,842,793,0.214205,0,0.214205
2187,842,843,0.182458,0,0.182458
2188,843,795,-0.226166,-0,-0.226166
2189,795,842,0.0437081,0,0.0437081
2190,843,844,0.0217418,0,0.0217418
2191,844,795,-0.247908,-0,-0.247908
2192,844,845,0.142055,0,0.142055
2193,845,797,-0.163793,-0,-0.163793
2194,797,844,0.0217379,0,0.0217379
2195,845,846,-0.550416,-0,-0.550416
2196,846,797,0.386623,0,0.386623
2197,846,847,0.494649,0,0.494649
2198,847,799,0.0312822,0,0.0312822
2199,799,846,-0.525932,-0,-0.525932
2200,847,848,-0.492214,-0,-0.492214
2201,848,800,0.10901,0,0.10901
2202,800,847,0.383204,0,0.383204
2203,848,849,0.221417,0,0.221417
2204,849,801,-0.00203264,-0,-0.00203264
2205,801,848,-0.219384,-0,-0.219384
2206,849,850,0.297112,0,0.297112
2207,850,802,-0.267678,-0,-0.267678
2208,802,849,-0.0294341,-0,-0.0294341
2209,850,851,-0.307705,-0,-0.307705
2210,851,803,-0.118197,-0,-0.118197
2211,803,850,0.425901,0,0.425901
2212,851,852,-0.00546497,-0,-0.00546497
2213,852,803,-0.112732,-0,-0.112732
2214,852,853,-0.236799,-0,-0.236799
2215,853,805,0.182054,0,0.182054
2216,805,852,0.0547453,0,0.0547453
2217,853,854,0.431982,0,0.431982
2218,854,806,-0.536309,-0,-0.536309
2219,806,853,0.104327,0,0.104327
2220,854,855,-0.322564,-0,-0.322564
2221,855,806,-0.213745,-0,-0.213745
2222,807,855,0.00510123,0,0.00510123
2223,855,856,0.0151336,0,0.0151336
2224,856,807,-0.0202348,-0,-0.0202348
2225,808,856,-0.0741013,-0,-0.0741013
2226,856,857,0.251713,0,0.251713
2227,857,808,-0.177611,-0,-0.177611
2228,809,857,0.245914,0,0.245914
2229,857,858,-0.571345,-0,-0.571345
2230,858,809,0.325431,0,0.325431
2231,858,859,0.569167,0,0.569167
2232,859,811,-0.177724,-0,-0.177724
2233,811,858,-0.391443,-0,-0.391443
2234,859,860,-0.253037,-0,-0.253037
2235,860,812,-0.0545182,-0,-0.0545182
2236,812,859,0.307555,0,0.307555
2237,860,861,0.0941374,0,0.0941374
2238,861,812,-0.148656,-0,-0.148656
2239,861,862,0.151017,0,0.151017
2240,862,814,-0.436024,-0,-0.436024
2241,814,861,0.285007,0,0.285007
2242,862,863,-0.570684,-0,-0.570684
2243,863,814,0.13466,0,0.13466
2244,863,816,0.898683,1,-0.672114
2245,768,863,-0.221834,-0,-0.221834
2246,864,865,0.0354577,0,0.0354577
2247,865,817,-0.271703,-0,-0.271703
2248,817,864,0.236245,0,0.236245
2249,865,866,0.300462,0,0.300462
2250,866,817,-0.572165,-0,-0.572165
2251,818,866,-0.00154168,-0,-0.00154168
2252,866,867,-0.41719,-0,-0.41719
2253,867,818,0.418732,0,0.418732
2254,867,868,0.099761,0,0.099761
2255,868,820,0.0842048,0,0.0842048
2256,820,867,-0.183966,-0,-0.183966
2257,868,869,0.00995202,0,0.00995202
2258,869,820,0.0742528,0,0.0742528
2259,869,870,-0.212675,-0,-0.212675
2260,870,822,0.0773355,0,0.0773355
2261,822,869,0.135339,0,0.135339
2262,870,871,0.421775,0,0.421775
2263,871,823,-0.207021,-0,-0.207021
2264,823,870,-0.214754,-0,-0.214754
2265,871,872,-0.29313,-0,-0.29313
2266,872,824,0.135852,0,0.135852
2267,824,871,0.157277,0,0.157277
2268,872,873,0.154544,0,0.154544
2269,873,825,-0.0307519,-0,-0.0307519
2270,825,872,-0.123792,-0,-0.123792
2271,873,874,0.32774,0,0.32774
2272,874,826,-0.286206,-0,-0.286206
2273,826,873,-0.0415344,-0,-0.0415344
2274,874,875,-0.162115,-0,-0.162115
2275,875,827,-0.0452735,-0,-0.0452735
2276,827,874,0.207388,0,0.207388
2277,875,876,-0.0400796,-0,-0.0400796
2278,876,827,-0.00519396,-0,-0.00519396
2279,876,877,-0.0160913,-0,-0.0160913
2280,877,829,0.0483222,0,0.0483222
2281,829,876,-0.0322309,-0,-0.0322309
2282,877,878,-0.00134593,-0,-0.00134593
2283,878,829,0.0496681,0,0.0496681
2284,878,879,-0.0560663,-0,-0.0560663
2285,879,831,0.079326,0,0.079326
2286,831,878,-0.0232597,-0,-0.0232597
2287,879,880,0.0898402,0,0.0898402
2288,880,832,-0.222959,-0,-0.222959
2289,832,879,0.133119,0,0.133119
2290,880,881,-0.0211592,-0,-0.0211592
2291,881,832,-0.2018,-0,-0.2018
2292,881,882,0.289438,0,0.289438
2293,882,834,-0.499288,-0,-0.499288
2294,834,881,0.20985,0,0.20985
2295,882,883,-0.291925,-0,-0.291925
2296,883,834,-0.207363,-0,-0.207363
2297,835,883,-0.352932,-0,-0.352932
2298,883,884,0.0357125,0,0.0357125
2299,884,835,0.31722,0,0.31722
2300,884,885,0.775022,0,0.775022
2301,885,837,-0.655817,-0,-0.655817
2302,837,884,-0.119205,-0,-0.119205
2303,885,886,-0.851552,-1,0.719244
2304,886,837,0.195735,0,0.195735
2305,838,886,-0.0165985,-0,-0.0165985
2306,886,887,0.208188,0,0.208188
2307,887,838,-0.19159,-0,-0.19159
2308,887,888,-0.0422014,-0,-0.0422014
2309,888,840,-0.160573,-0,-0.160573
2310,840,887,0.202775,0,0.202775
2311,888,889,0.0579501,0,0.0579501
2312,889,840,-0.218523,-0,-0.218523
2313,889,890,-0.177646,-0,-0.177646
2314,890,842,-0.0213633,-0,-0.0213633
2315,842,889,0.199009,0,0.199009
2316,890,891,0.871155,1,-0.699642
2317,891,843,-0.71006,-0,-0.71006
2318,843,890,-0.161095,-0,-0.161095
2319,891,892,-0.846876,-1,0.72392
2320,892,843,0.136816,0,0.136816
2321,892,893,-0.0955737,-0,-0.0955737
2322,893,845,0.396187,0,0.396187
2323,845,892,-0.300613,-0,-0.300613
2324,893,894,0.327713,0,0.327713
2325,894,846,-0.481942,-0,-0.481942
2326,846,893,0.154229,0,0.154229
2327,894,895,-0.255085,-0,-0.255085
2328,895,846,-0.226858,-0,-0.226858
2329,895,896,-0.0214578,-0,-0.0214578
2330,896,848,-0.202965,-0,-0.202965
2331,848,895,0.224423,0,0.224423
2332,896,897,-0.0714466,-0,-0.0714466
2333,897,848,-0.131518,-0,-0.131518
2334,849,897,-0.0898989,-0,-0.0898989
2335,897,898,0.0746948,0,0.0746948
2336,898,849,0.0152041,0,0.0152041
2337,898,899,-0.05838,-0,-0.05838
2338,899,851,0.0629911,0,0.0629911
2339,851,898,-0.00461111,-0,-0.00461111
2340,899,900,0.0235904,0,0.0235904
2341,900,851,0.0394007,0,0.0394007
2342,900,901,-0.000404273,-0,-0.000404273
2343,901,853,-0.202459,-0,-0.202459
2344,853,900,0.202864,0,0.202864
2345,901,902,0.256323,0,0.256323
2346,902,853,-0.458782,-0,-0.458782
2347,854,902,0.0267999,0,0.0267999
2348,902,903,-0.294947,-0,-0.294947
2349,903,854,0.268148,0,0.268148
2350,855,903,0.0544167,0,0.0544167
2351,903,904,-0.227698,-0,-0.227698
2352,904,855,0.173281,0,0.173281
2353,856,904,-0.188415,-0,-0.188415
2354,904,905,0.086387,0,0.086387
2355,905,856,0.102028,0,0.102028
2356,905,906,0.00244779,0,0.00244779
2357,906,858,-0.220053,-0,-0.220053
2358,858,905,0.217605,0,0.217605
2359,906,907,0.0680893,0,0.0680893
2360,907,858,-0.288142,-0,-0.288142
2361,907,908,-0.0327323,-0,-0.0327323
2362,908,860,0.0607207,0,0.0607207
2363,860,907,-0.0279884,-0,-0.0279884
2364,908,909,-0.0995504,-0,-0.0995504
2365,909,860,0.160271,0,0.160271
2366,909,910,0.415326,0,0.415326
2367,910,862,-0.00990011,-0,-0.00990011
2368,862,909,-0.405426,-0,-0.405426
2369,910,911,-0.306808,-0,-0.306808
2370,911,863,-0.273776,-0,-0.273776
2371,863,910,0.580584,0,0.580584
2372,911,864,-0.0374334,-0,-0.0374334
2373,864,863,-0.236343,-0,-0.236343
2374,912,913,0.557022,0,0.557022
2375,913,865,-0.264056,-0,-0.264056
2376,865,912,-0.292967,-0,-0.292967
2377,913,914,-0.233542,-0,-0.233542
2378,914,865,-0.0305138,-0,-0.0305138
2379,914,915,-0.0858105,-0,-0.0858105
2380,915,867,-0.0614311,-0,-0.0614311
2381,867,914,0.147242,0,0.147242
2382,915,916,0.0419921,0,0.0419921
2383,916,868,-0.00366214,-0,-0.00366214
2384,868,915,-0.0383299,-0,-0.0383299
2385,916,917,0.00195288,0,0.00195288
2386,917,868,-0.00561502,-0,-0.00561502
2387,917,918,0.239207,0,0.239207
2388,918,870,-0.447545,-0,-0.447545
2389,870,917,0.208338,0,0.208338
2390,918,919,-0.481531,-0,-0.481531
2391,919,870,0.0339855,0,0.0339855
2392,919,920,0.966291,1,-0.604505
2393,920,872,-0.80366,-1,0.767136
2394,872,919,-0.162631,-0,-0.162631
2395,920,921,-0.611344,-0,-0.611344
2396,921,872,-0.192316,-0,-0.192316
2397,873,921,0.0377724,0,0.0377724
2398,921,922,-0.257495,-0,-0.257495
2399,922,873,0.219722,0,0.219722
2400,922,923,0.606908,0,0.606908
2401,923,875,-0.22156,-0,-0.22156
2402,875,922,-0.385348,-0,-0.385348
2403,923,924,-0.211621,-0,-0.211621
2404,924,875,-0.00993948,-0,-0.00993948
2405,924,925,-0.01781,-0,-0.01781
2406,925,877,-0.0483003,-0,-0.0483003
2407,877,924,0.0661103,0,0.0661103
2408,925,926,-0.304089,-0,-0.304089
2409,926,877,0.255789,0,0.255789
2410,926,927,0.300734,0,0.300734
2411,927,879,-0.102357,-0,-0.102357
2412,879,926,-0.198377,-0,-0.198377
2413,927,928,0.365288,0,0.365288
2414,928,880,-0.377805,-0,-0.377805
2415,880,927,0.0125166,0,0.0125166
2416,928,929,-0.504567,-0,-0.504567
2417,929,880,0.126762,0,0.126762
2418,929,930,0.266714,0,0.266714
2419,930,882,0.128327,0,0.128327
2420,882,929,-0.395041,-0,-0.395041
2421,930,931,0.341916,0,0.341916
2422,931,883,-0.505514,-0,-0.505514
2423,883,930,0.163598,0,0.163598
2424,931,932,-0.102925,-0,-0.102925
2425,932,883,-0.402589,-0,-0.402589
2426,884,932,0.366876,0,0.366876
2427,932,933,-0.455767,-0,-0.455767
2428,933,884,0.0888906,0,0.0888906
2429,933,934,0.150644,0,0.150644
2430,934,886,-0.138284,-0,-0.138284
2431,886,933,-0.0123603,-0,-0.0123603
2432,934,935,0.0219077,0,0.0219077
2433,935,886,-0.160192,-0,-0.160192
2434,935,936,0.0571272,0,0.0571272
2435,936,888,-0.051332,-0,-0.051332
2436,888,935,-0.00579515,-0,-0.00579515
2437,936,937,-0.0415857,-0,-0.0415857
2438,937,888,-0.00974634,-0,-0.00974634
2439,937,938,-0.0268201,-0,-0.0268201
2440,938,890,-0.102622,-0,-0.102622
2441,890,937,0.129442,0,0.129442
2442,938,939,0.0502559,0,0.0502559
2443,939,890,-0.152878,-0,-0.152878
2444,939,940,-0.0599494,-0,-0.0599494
2445,940,892,-0.0686501,-0,-0.0686501
2446,892,939,0.1286,0,0.1286
2447,940,941,0.376743,0,0.376743
2448,941,893,-0.540967,-0,-0.540967
2449,893,940,0.164224,0,0.164224
2450,941,942,-0.322865,-0,-0.322865
2451,942,893,-0.218102,-0,-0.218102
2452,894,942,-0.109611,-0,-0.109611
2453,942,943,-0.260882,-0,-0.260882
2454,943,894,0.370493,0,0.370493
2455,943,944,0.480772,0,0.480772
2456,944,896,-0.386821,-0,-0.386821
2457,896,943,-0.093951,-0,-0.093951
2458,944,945,-0.361473,-0,-0.361473
2459,945,896,-0.0253476,-0,-0.0253476
2460,897,945,0.0967942,0,0.0967942
2461,945,946,-0.29814,-0,-0.29814
2462,946,897,0.201346,0,0.201346
2463,946,947,0.268573,0,0.268573
2464,947,899,-0.0509129,-0,-0.0509129
2465,899,946,-0.21766,-0,-0.21766
2466,947,948,0.047842,0,0.047842
2467,948,899,-0.0987549,-0,-0.0987549
2468,948,949,0.187872,0,0.187872
2469,949,901,-0.263441,-0,-0.263441
2470,901,948,0.0755688,0,0.0755688
2471,949,950,-0.57829,-0,-0.57829
2472,950,901,0.314849,0,0.314849
2473,950,951,0.273372,0,0.273372
2474,951,903,0.00285226,0,0.00285226
2475,903,950,-0.276224,-0,-0.276224
2476,951,952,0.607476,0,0.607476
2477,952,904,-0.832321,-1,0.738475
2478,904,951,0.224846,0,0.224846
2479,952,953,-0.959199,-1,0.611597
2480,953,904,0.126878,0,0.126878
2481,953,954,0.540511,0,0.540511
2482,954,906,-0.324798,-0,-0.324798
2483,906,953,-0.215713,-0,-0.215713
2484,954,955,-0.22039,-0,-0.22039
2485,955,906,-0.104408,-0,-0.104408
2486,955,956,-0.0575411,-0,-0.0575411
2487,956,908,-0.0115103,-0,-0.0115103
2488,908,955,0.0690515,0,0.0690515
2489,956,957,-0.042414,-0,-0.042414
2490,957,908,0.0309036,0,0.0309036
2491,909,957,0.0686468,0,0.0686468
2492,957,958,0.0858538,0,0.0858538
2493,958,909,-0.154501,-0,-0.154501
2494,958,959,0.222656,0,0.222656
2495,959,911,-0.268639,-0,-0.268639
2496,911,958,0.0459826,0,0.0459826
2497,959,912,-0.563581,-0,-0.563581
2498,912,911,0.294942,0,0.294942
2499,912,960,0.198672,0,0.198672
2500,960,961,0.287714,0,0.287714
2501,961,912,-0.486386,-0,-0.486386
2502,913,961,-0.070636,-0,-0.070636
2503,961,962,-0.377504,-0,-0.377504
2504,962,913,0.44814,0,0.44814
2505,962,963,0.162283,0,0.162283
2506,963,915,-0.0334954,-0,-0.0334954
2507,915,962,-0.128788,-0,-0.128788
2508,963,964,-0.000188134,-0,-0.000188134
2509,964,916,0.00868481,0,0.00868481
2510,916,963,-0.00849668,-0,-0.00849668
2511,964,965,0.0348312,0,0.0348312
2512,965,916,-0.0261464,-0,-0.0261464
2513,965,966,0.00528382,0,0.00528382
2514,966,918,0.20973,0,0.20973
2515,918,965,-0.215014,-0,-0.215014
2516,966,967,0.292377,0,0.292377
2517,967,919,-0.564178,-0,-0.564178
2518,919,966,0.271801,0,0.271801
2519,967,968,-0.355633,-0,-0.355633
2520,968,919,-0.208545,-0,-0.208545
2521,968,969,0.171005,0,0.171005
2522,969,921,-0.0246022,-0,-0.0246022
2523,921,968,-0.146403,-0,-0.146403
2524,969,970,0.323085,0,0.323085
2525,970,922,-0.605182,-0,-0.605182
2526,922,969,0.282097,0,0.282097
2527,970,971,-0.366491,-0,-0.366491
2528,971,922,-0.238691,-0,-0.238691
2529,923,971,-0.368217,-0,-0.368217
2530,971,972,0.167243,0,0.167243
2531,972,923,0.200974,0,0.200974
2532,972,973,0.254564,0,0.254564
2533,973,925,-0.283021,-0,-0.283021
2534,925,972,0.0284565,0,0.0284565
2535,973,974,-0.338344,-0,-0.338344
2536,974,925,0.0553233,0,0.0553233
2537,926,974,0.248766,0,0.248766
2538,974,975,-0.203014,-0,-0.203014
2539,975,926,-0.0457518,-0,-0.0457518
2540,927,975,-0.254982,-0,-0.254982
2541,975,976,0.558327,0,0.558327
2542,976,927,-0.303345,-0,-0.303345
2543,928,976,-0.0619426,-0,-0.0619426
2544,976,977,-0.234489,-0,-0.234489
2545,977,928,0.296432,0,0.296432
2546,929,977,0.208135,0,0.208135
2547,977,978,-0.2146,-0,-0.2146
2548,978,929,0.00646547,0,0.00646547
2549,930,978,-0.273179,-0,-0.273179
2550,978,979,0.502788,0,0.502788
2551,979,930,-0.229609,-0,-0.229609
2552,931,979,-0.112307,-0,-0.112307
2553,979,980,-0.421718,-0,-0.421718
2554,980,931,0.534025,0,0.534025
2555,980,981,-0.0422935,-0,-0.0422935
2556,981,933,0.0176268,0,0.0176268
2557,933,980,0.0246667,0,0.0246667
2558,981,982,0.480019,0,0.480019
2559,982,934,-0.311748,-0,-0.311748
2560,934,981,-0.168271,-0,-0.168271
2561,982,983,-0.213444,-0,-0.213444
2562,983,934,-0.0983043,-0,-0.0983043
2563,983,984,0.0871282,0,0.0871282
2564,984,936,-0.106398,-0,-0.106398
2565,936,983,0.0192694,0,0.0192694
2566,984,985,-0.0871563,-0,-0.0871563
2567,985,936,-0.0192413,-0,-0.0192413
2568,985,986,0.176574,0,0.176574
2569,986,938,-0.264221,-0,-0.264221
2570,938,985,0.0876471,0,0.0876471
2571,986,987,-0.575223,-0,-0.575223
2572,987,938,0.311002,0,0.311002
2573,987,988,0.389895,0,0.389895
2574,988,940,-0.0885862,-0,-0.0885862
2575,940,987,-0.301308,-0,-0.301308
2576,988,989,0.263839,0,0.263839
2577,989,941,0.0243176,0,0.0243176
2578,941,988,-0.288157,-0,-0.288157
2579,989,990,-0.554216,-0,-0.554216
2580,990,942,0.255669,0,0.255669
2581,942,989,0.298548,0,0.298548
2582,990,991,0.203052,0,0.203052
2583,991,943,-0.208265,-0,-0.208265
2584,943,990,0.00521366,0,0.00521366
2585,991,992,0.233385,0,0.233385
2586,992,944,0.0391215,0,0.0391215
2587,944,991,-0.272507,-0,-0.272507
2588,992,993,-0.587874,-0,-0.587874
2589,993,945,0.265522,0,0.265522
2590,945,992,0.322352,0,0.322352
2591,993,994,0.203989,0,0.203989
2592,994,946,-0.236607,-0,-0.236607
2593,946,993,0.0326174,0,0.0326174
2594,994,995,0.333751,0,0.333751
2595,995,947,-0.301784,-0,-0.301784
2596,947,994,-0.0319666,-0,-0.0319666
2597,995,996,-0.222872,-0,-0.222872
2598,996,947,-0.0789116,-0,-0.0789116
2599,996,997,-0.187763,-0,-0.187763
2600,997,949,0.344566,0,0.344566
2601,949,996,-0.156803,-0,-0.156803
2602,997,998,0.365816,0,0.365816
2603,998,950,-0.59954,-0,-0.59954
2604,950,997,0.233724,0,0.233724
2605,998,999,-0.303771,-0,-0.303771
2606,999,950,-0.295769,-0,-0.295769
2607,951,999,0.0223976,0,0.0223976
2608,999,1000,-0.15493,-0,-0.15493
2609,1000,951,0.132533,0,0.132533
2610,1000,1001,0.348707,0,0.348707
2611,1001,953,-0.567898,-0,-0.567898
2612,953,1000,0.219191,0,0.219191
2613,1001,1002,-0.265841,-0,-0.265841
2614,1002,953,-0.302056,-0,-0.302056
2615,954,1002,-0.238455,-0,-0.238455
2616,1002,1003,0.0213147,0,0.0213147
2617,1003,954,0.21714,0,0.21714
2618,1003,1004,-0.075406,-0,-0.075406
2619,1004,956,0.0146153,0,0.0146153
2620,956,1003,0.0607908,0,0.0607908
2621,1004,1005,0.00844885,0,0.00844885
2622,1005,956,0.00616641,0,0.00616641
2623,957,1005,0.0362476,0,0.0362476
2624,1005,1006,-0.162941,-0,-0.162941
2625,1006,957,0.126694,0,0.126694
2626,1006,1007,0.367273,0,0.367273
2627,1007,959,0.0679308,0,0.0679308
2628,959,1006,-0.435204,-0,-0.435204
2629,1007,960,-0.296978,-0,-0.296978
2630,912,1007,0.49565,0,0.49565
2631,960,1008,-0.00709275,-0,-0.00709275
2632,1008,1009,-0.187306,-0,-0.187306
2633,1009,960,0.194399,0,0.194399
2634,1009,1010,0.466291,0,0.466291
2635,1010,962,-0.361682,-0,-0.361682
2636,962,1009,-0.104609,-0,-0.104609
2637,1010,1011,-0.201841,-0,-0.201841
2638,1011,963,0.00244203,0,0.00244203
2639,963,1010,0.199399,0,0.199399
2640,1011,1012,-0.025344,-0,-0.025344
2641,1012,964,0.0275979,0,0.0275979
2642,964,1011,-0.0022539,-0,-0.0022539
2643,1012,1013,-0.0209836,-0,-0.0209836
2644,1013,964,0.0485816,0,0.0485816
2645,1013,1014,-0.0402908,-0,-0.0402908
2646,1014,966,0.128987,0,0.128987
2647,966,1013,-0.0886966,-0,-0.0886966
2648,1014,1015,0.457706,0,0.457706
2649,1015,967,-0.0363417,-0,-0.0363417
2650,967,1014,-0.421364,-0,-0.421364
2651,1015,1016,-0.397639,-0,-0.397639
2652,1016,968,0.00566388,0,0.00566388
2653,968,1015,0.391975,0,0.391975
2654,1016,1017,0.511939,0,0.511939
2655,1017,969,-0.33527,-0,-0.33527
2656,969,1016,-0.176669,-0,-0.176669
2657,1017,1018,-0.336271,-0,-0.336271
2658,1018,970,0.324087,0,0.324087
2659,970,1017,0.0121846,0,0.0121846
2660,1018,1019,0.787818,1,-0.782978
2661,1019,971,-0.830222,-1,0.740574
2662,971,1018,0.0424044,0,0.0424044
2663,1019,1020,-0.833806,-1,0.736991
2664,1020,971,0.00358338,0,0.00358338
2665,1020,1021,0.116072,0,0.116072
2666,1021,973,0.309319,0,0.309319
2667,973,1020,-0.425391,-0,-0.425391
2668,1021,1022,-0.0012661,-0,-0.0012661
2669,1022,974,-0.0277589,-0,-0.0277589
2670,974,1021,0.029025,0,0.029025
2671,1022,1023,0.0471647,0,0.0471647
2672,1023,975,-0.277938,-0,-0.277938
2673,975,1022,0.230773,0,0.230773
2674,1023,1024,-0.223562,-0,-0.223562
2675,1024,975,-0.0543762,-0,-0.0543762
2676,1024,1025,0.42761,0,0.42761
2677,1025,977,-0.158148,-0,-0.158148
2678,977,1024,-0.269462,-0,-0.269462
2679,1025,1026,-0.196901,-0,-0.196901
2680,1026,978,-0.175847,-0,-0.175847
2681,978,1025,0.372749,0,0.372749
2682,1026,1027,-0.180227,-0,-0.180227
2683,1027,978,0.00437982,0,0.00437982
2684,1027,1028,0.434718,0,0.434718
2685,1028,980,-0.349268,-0,-0.349268
2686,980,1027,-0.0854493,-0,-0.0854493
2687,1028,1029,-0.159427,-0,-0.159427
2688,1029,981,-0.232135,-0,-0.232135
2689,981,1028,0.391562,0,0.391562
2690,1029,1030,-0.0153709,-0,-0.0153709
2691,1030,981,-0.216764,-0,-0.216764
2692,982,1030,-0.263255,-0,-0.263255
2693,1030,1031,-0.0516804,-0,-0.0516804
2694,1031,982,0.314936,0,0.314936
2695,1031,1032,0.851251,1,-0.719545
2696,1032,984,-0.662631,-0,-0.662631
2697,984,1031,-0.18862,-0,-0.18862
2698,1032,1033,-0.8611,-1,0.709696
2699,1033,984,0.198469,0,0.198469
2700,1033,1034,0.0236739,0,0.0236739
2701,1034,986,0.264212,0,0.264212
2702,986,1033,-0.287886,-0,-0.287886
2703,1034,1035,0.019569,0,0.019569
2704,1035,987,-0.33058,-0,-0.33058
2705,987,1034,0.311011,0,0.311011
2706,1035,1036,0.225992,0,0.225992
2707,1036,987,-0.556571,-0,-0.556571
2708,988,1036,0.166677,0,0.166677
2709,1036,1037,-0.41132,-0,-0.41132
2710,1037,988,0.244644,0,0.244644
2711,1037,1038,0.11785,0,0.11785
2712,1038,990,-0.163583,-0,-0.163583
2713,990,1037,0.045733,0,0.045733
2714,1038,1039,0.21245,0,0.21245
2715,1039,990,-0.376034,-0,-0.376034
2716,991,1039,0.172982,0,0.172982
2717,1039,1040,-0.443668,-0,-0.443668
2718,1040,991,0.270685,0,0.270685
2719,1040,1041,0.177112,0,0.177112
2720,1041,993,-0.260916,-0,-0.260916
2721,993,1040,0.0838035,0,0.0838035
2722,1041,1042,-0.0264082,-0,-0.0264082
2723,1042,993,-0.234508,-0,-0.234508
2724,994,1042,0.0305184,0,0.0305184
2725,1042,1043,0.0125125,0,0.0125125
2726,1043,994,-0.043031,-0,-0.043031
2727,995,1043,-0.29072,-0,-0.29072
2728,1043,1044,-0.0924491,-0,-0.0924491
2729,1044,995,0.383169,0,0.383169
2730,1044,1045,0.831726,1,-0.73907
2731,1045,997,-0.859193,-1,0.711604
2732,997,1044,0.0274668,0,0.0274668
2733,1045,1046,-0.799643,-1,0.771154
2734,1046,997,-0.0595503,-0,-0.0595503
2735,998,1046,-0.306266,-0,-0.306266
2736,1046,1047,0.349387,0,0.349387
2737,1047,998,-0.0431209,-0,-0.0431209
2738,999,1047,0.346892,0,0.346892
2739,1047,1048,-0.524504,-0,-0.524504
2740,1048,999,0.177612,0,0.177612
2741,1000,1048,-0.0226819,-0,-0.0226819
2742,1048,1049,0.426551,0,0.426551
2743,1049,1000,-0.403869,-0,-0.403869
2744,1001,1049,0.0551619,0,0.0551619
2745,1049,1050,-0.466007,-0,-0.466007
2746,1050,1001,0.410845,0,0.410845
2747,1002,1050,-0.145003,-0,-0.145003
2748,1050,1051,0.0663826,0,0.0663826
2749,1051,1002,0.0786208,0,0.0786208
2750,1051,1052,-0.0110841,-0,-0.0110841
2751,1052,1004,0.0356136,0,0.0356136
2752,1004,1051,-0.0245295,-0,-0.0245295
2753,1052,1053,0.0409056,0,0.0409056
2754,1053,1004,-0.00529197,-0,-0.00529197
2755,1005,1053,-0.00315689,-0,-0.00315689
2756,1053,1054,0.207789,0,0.207789
2757,1054,1005,-0.204632,-0,-0.204632
2758,1006,1054,0.367573,0,0.367573
2759,1054,1055,-0.476669,-0,-0.476669
2760,1055,1006,0.109096,0,0.109096
2761,1055,1008,0.172298,0,0.172298
2762,960,1055,-0.179391,-0,-0.179391
2763,1008,1056,0.711183,0,0.711183
2764,1056,1057,-0.897054,-1,0.673742
2765,1057,1008,0.185871,0,0.185871
2766,1009,1057,0.00143568,0,0.00143568
2767,1057,1058,0.140848,0,0.140848
2768,1058,1009,-0.142284,-0,-0.142284
2769,1058,1059,0.0726236,0,0.0726236
2770,1059,1011,0.0495432,0,0.0495432
2771,1011,1058,-0.122167,-0,-0.122167
2772,1059,1060,0.152326,0,0.152326
2773,1060,1012,-0.128127,-0,-0.128127
2774,1012,1059,-0.0241992,-0,-0.0241992
2775,1060,1061,-0.29877,-0,-0.29877
2776,1061,1012,0.170644,0,0.170644
2777,1061,1062,0.512537,0,0.512537
2778,1062,1014,-0.403168,-0,-0.403168
2779,1014,1061,-0.109369,-0,-0.109369
2780,1062,1063,-0.196746,-0,-0.196746
2781,1063,1014,-0.206422,-0,-0.206422
2782,1063,1064,-0.0198569,-0,-0.0198569
2783,1064,1016,-0.126497,-0,-0.126497
2784,1016,1063,0.146354,0,0.146354
2785,1064,1065,0.0494421,0,0.0494421
2786,1065,1016,-0.175939,-0,-0.175939
2787,1065,1066,0.029915,0,0.029915
2788,1066,1018,-0.0301874,-0,-0.0301874
2789,1018,1065,0.000272363,0,0.000272363
2790,1066,1067,0.0685053,0,0.0685053
2791,1067,1018,-0.0986927,-0,-0.0986927
2792,1067,1068,-0.229082,-0,-0.229082
2793,1068,1020,0.084402,0,0.084402
2794,1020,1067,0.14468,0,0.14468
2795,1068,1069,0.236651,0,0.236651
2796,1069,1021,-0.0361772,-0,-0.0361772
2797,1021,1068,-0.200474,-0,-0.200474
2798,1069,1070,0.132597,0,0.132597
2799,1070,1022,-0.17004,-0,-0.17004
2800,1022,1069,0.0374433,0,0.0374433
2801,1070,1071,0.25739,0,0.25739
2802,1071,1023,-0.380266,-0,-0.380266
2803,1023,1070,0.122875,0,0.122875
2804,1071,1072,-0.409173,-0,-0.409173
2805,1072,1023,0.0289077,0,0.0289077
2806,1024,1072,0.194654,0,0.194654
2807,1072,1073,-0.156025,-0,-0.156025
2808,1073,1024,-0.0386291,-0,-0.0386291
2809,1073,1074,0.495635,0,0.495635
2810,1074,1026,-0.303556,-0,-0.303556
2811,1026,1073,-0.19208,-0,-0.19208
2812,1074,1075,-0.314929,-0,-0.314929
2813,1075,1026,0.0113734,0,0.0113734
2814,1027,1075,0.168853,0,0.168853
2815,1075,1076,0.0429673,0,0.0429673
2816,1076,1027,-0.211821,-0,-0.211821
2817,1076,1077,0.140023,0,0.140023
2818,1077,1029,-0.0765534,-0,-0.0765534
2819,1029,1076,-0.06347,-0,-0.06347
2820,1077,1078,-0.0362811,-0,-0.0362811
2821,1078,1029,-0.0402723,-0,-0.0402723
2822,1030,1078,0.0556431,0,0.0556431
2823,1078,1079,-0.121462,-0,-0.121462
2824,1079,1030,0.065819,0,0.065819
2825,1031,1079,-0.0141386,-0,-0.0141386
2826,1079,1080,0.0936436,0,0.0936436
2827,1080,1031,-0.0795051,-0,-0.0795051
2828,1080,1081,-0.103078,-0,-0.103078
2829,1081,1033,0.0137242,0,0.0137242
2830,1033,1080,0.0893539,0,0.0893539
2831,1081,1082,0.115774,0,0.115774
2832,1082,1034,-0.0783758,-0,-0.0783758
2833,1034,1081,-0.0373981,-0,-0.0373981
2834,1082,1083,0.0378454,0,0.0378454
2835,1083,1035,-0.0966522,-0,-0.0966522
2836,1035,1082,0.0588068,0,0.0588068
2837,1083,1084,-0.102717,-0,-0.102717
2838,1084,1035,0.00606457,0,0.00606457
2839,1084,1085,-0.0542596,-0,-0.0542596
2840,1085,1037,-0.125004,-0,-0.125004
2841,1037,1084,0.179264,0,0.179264
2842,1085,1086,0.292345,0,0.292345
2843,1086,1038,-0.2995,-0,-0.2995
2844,1038,1085,0.00715419,0,0.00715419
2845,1086,1087,-0.48537,-0,-0.48537
2846,1087,1038,0.18587,0,0.18587
2847,1087,1088,0.130539,0,0.130539
2848,1088,1040,-0.175887,-0,-0.175887
2849,1040,1087,0.0453472,0,0.0453472
2850,1088,1089,0.389914,0,0.389914
2851,1089,1041,-0.388688,-0,-0.388688
2852,1041,1088,-0.00122578,-0,-0.00122578
2853,1089,1090,-0.241217,-0,-0.241217
2854,1090,1041,-0.147471,-0,-0.147471
2855,1042,1090,0.173879,0,0.173879
2856,1090,1091,-0.121693,-0,-0.121693
2857,1091,1042,-0.0521856,-0,-0.0521856
2858,1043,1091,0.039673,0,0.039673
2859,1091,1092,-0.222074,-0,-0.222074
2860,1092,1043,0.182401,0,0.182401
2861,1044,1092,-0.0899517,-0,-0.0899517
2862,1092,1093,0.271366,0,0.271366
2863,1093,1044,-0.181414,-0,-0.181414
2864,1093,1094,-0.0923764,-0,-0.0923764
2865,1094,1046,-0.0569543,-0,-0.0569543
2866,1046,1093,0.149331,0,0.149331
2867,1094,1095,-0.0496575,-0,-0.0496575
2868,1095,1046,-0.00729679,-0,-0.00729679
2869,1095,1096,-0.0878903,-0,-0.0878903
2870,1096,1048,-0.0945241,-0,-0.0945241
2871,1048,1095,0.182414,0,0.182414
2872,1096,1097,0.0832174,0,0.0832174
2873,1097,1048,-0.177742,-0,-0.177742
2874,1097,1098,0.180472,0,0.180472
2875,1098,1050,-0.39767,-0,-0.39767
2876,1050,1097,0.217197,0,0.217197
2877,1098,1099,-0.500478,-0,-0.500478
2878,1099,1050,0.102809,0,0.102809
2879,1099,1100,0.282098,0,0.282098
2880,1100,1052,-0.12399,-0,-0.12399
2881,1052,1099,-0.158107,-0,-0.158107
2882,1100,1101,-0.133829,-0,-0.133829
2883,1101,1052,0.00983896,0,0.00983896
2884,1053,1101,-0.0507445,-0,-0.0507445
2885,1101,1102,-0.063254,-0,-0.063254
2886,1102,1053,0.113999,0,0.113999
2887,1102,1103,-0.150246,-0,-0.150246
2888,1103,1055,-0.00463527,-0,-0.00463527
2889,1055,1102,0.154882,0,0.154882
2890,1103,1056,0.878846,1,-0.69195
2891,1008,1103,-0.167663,-0,-0.167663
2892,1104,1105,-0.0800784,-0,-0.0800784
2893,1105,1057,-0.1676,-0,-0.1676
2894,1057,1104,0.247679,0,0.247679
2895,1105,1106,-0.237092,-0,-0.237092
2896,1106,1057,0.0694922,0,0.0694922
2897,1106,1107,0.421959,0,0.421959
2898,1107,1059,-0.138996,-0,-0.138996
2899,1059,1106,-0.282964,-0,-0.282964
2900,1107,1108,0.749418,0,0.749418
2901,1108,1060,-0.736087,-0,-0.736087
2902,1060,1107,-0.0133302,-0,-0.0133302
2903,1108,1109,-0.914321,-1,0.656475
2904,1109,1060,0.178234,0,0.178234
2905,1061,1109,0.120536,0,0.120536
2906,1109,1110,0.114706,0,0.114706
2907,1110,1061,-0.235242,-0,-0.235242
2908,1062,1110,-0.277295,-0,-0.277295
2909,1110,1111,0.0703069,0,0.0703069
2910,1111,1062,0.206988,0,0.206988
2911,1111,1112,-0.0108401,-0,-0.0108401
2912,1112,1064,0.00122493,0,0.00122493
2913,1064,1111,0.0096152,0,0.0096152
2914,1112,1113,-0.0151747,-0,-0.0151747
2915,1113,1064,0.0163997,0,0.0163997
2916,1113,1114,0.109932,0,0.109932
2917,1114,1066,-0.0141749,-0,-0.0141749
2918,1066,1113,-0.0957568,-0,-0.0957568
2919,1114,1115,-0.0154121,-0,-0.0154121
2920,1115,1066,0.00123723,0,0.00123723
2921,1115,1116,0.336017,0,0.336017
2922,1116,1068,-0.495356,-0,-0.495356
2923,1068,1115,0.15934,0,0.15934
2924,1116,1117,-0.369008,-0,-0.369008
2925,1117,1068,-0.126348,-0,-0.126348
2926,1069,1117,-0.110303,-0,-0.110303
2927,1117,1118,0.397582,0,0.397582
2928,1118,1069,-0.287279,-0,-0.287279
2929,1070,1118,0.154682,0,0.154682
2930,1118,1119,-0.142581,-0,-0.142581
2931,1119,1070,-0.0121011,-0,-0.0121011
2932,1071,1119,-0.245289,-0,-0.245289
2933,1119,1120,-0.0705251,-0,-0.0705251
2934,1120,1071,0.315814,0,0.315814
2935,1072,1120,0.0933591,0,0.0933591
2936,1120,1121,-0.274128,-0,-0.274128
2937,1121,1072,0.180768,0,0.180768
2938,1073,1121,-0.0247435,-0,-0.0247435
2939,1121,1122,0.455694,0,0.455694
2940,1122,1073,-0.43095,-0,-0.43095
2941,1074,1122,-0.064685,-0,-0.064685
2942,1122,1123,-0.3568,-0,-0.3568
2943,1123,1074,0.421485,0,0.421485
2944,1075,1123,-0.106556,-0,-0.106556
2945,1123,1124,0.0126504,0,0.0126504
2946,1124,1075,0.0939059,0,0.0939059
2947,1124,1125,0.528327,0,0.528327
2948,1125,1077,-0.251431,-0,-0.251431
2949,1077,1124,-0.276897,-0,-0.276897
2950,1125,1126,-0.00782057,-0,-0.00782057
2951,1126,1077,-0.24361,-0,-0.24361
2952,1078,1126,0.279891,0,0.279891
2953,1126,1127,-0.378709,-0,-0.378709
2954,1127,1078,0.0988175,0,0.0988175
2955,1079,1127,0.0226446,0,0.0226446
2956,1127,1128,-0.340305,-0,-0.340305
2957,1128,1079,0.317661,0,0.317661
2958,1128,1129,0.336251,0,0.336251
2959,1129,1081,-0.0280247,-0,-0.0280247
2960,1081,1128,-0.308226,-0,-0.308226
2961,1129,1130,0.380704,0,0.380704
2962,1130,1082,-0.292955,-0,-0.292955
2963,1082,1129,-0.0877492,-0,-0.0877492
2964,1130,1131,0.00588497,0,0.00588497
2965,1131,1083,-0.260995,-0,-0.260995
2966,1083,1130,0.25511,0,0.25511
2967,1131,1132,-0.514657,-0,-0.514657
2968,1132,1083,0.253662,0,0.253662
2969,1132,1133,-0.029176,-0,-0.029176
2970,1133,1085,0.125862,0,0.125862
2971,1085,1132,-0.0966858,-0,-0.0966858
2972,1133,1134,0.365056,0,0.365056
2973,1134,1086,0.0531516,0,0.0531516
2974,1086,1133,-0.418207,-0,-0.418207
2975,1134,1135,-0.484149,-0,-0.484149
2976,1135,1087,0.0519309,0,0.0519309
2977,1087,1134,0.432218,0,0.432218
2978,1135,1136,0.275098,0,0.275098
2979,1136,1088,-0.0926281,-0,-0.0926281
2980,1088,1135,-0.18247,-0,-0.18247
2981,1136,1137,0.0767938,0,0.0767938
2982,1137,1089,0.220492,0,0.220492
2983,1089,1136,-0.297286,-0,-0.297286
2984,1137,1138,0.159056,0,0.159056
2985,1138,1090,-0.179781,-0,-0.179781
2986,1090,1137,0.0207253,0,0.0207253
2987,1138,1139,-0.411354,-0,-0.411354
2988,1139,1091,0.109879,0,0.109879
2989,1091,1138,0.301474,0,0.301474
2990,1139,1140,0.381297,0,0.381297
2991,1140,1092,-0.493492,-0,-0.493492
2992,1092,1139,0.112194,0,0.112194
2993,1140,1141,-0.255031,-0,-0.255031
2994,1141,1092,-0.238461,-0,-0.238461
2995,1141,1142,0.206659,0,0.206659
2996,1142,1094,-0.266131,-0,-0.266131
2997,1094,1141,0.0594713,0,0.0594713
2998,1142,1143,-0.50042,-0,-0.50042
2999,1143,1094,0.23429,0,0.23429
3000,1143,1144,0.114058,0,0.114058
3001,1144,1096,-0.0173162,-0,-0.0173162
3002,1096,1143,-0.0967418,-0,-0.0967418
3003,1144,1145,0.0558737,0,0.0558737
3004,1145,1096,-0.0731898,-0,-0.0731898
3005,1145,1146,-0.0779667,-0,-0.0779667
3006,1146,1098,0.268466,0,0.268466
3007,1098,1145,-0.1905,-0,-0.1905
3008,1146,1147,-0.123728,-0,-0.123728
3009,1147,1099,-0.108284,-0,-0.108284
3010,1099,1146,0.232012,0,0.232012
3011,1147,1148,0.92356,1,-0.647237
3012,1148,1100,-0.749746,-0,-0.749746
3013,1100,1147,-0.173814,-0,-0.173814
3014,1148,1149,-0.742156,-0,-0.742156
3015,1149,1100,-0.00758985,-0,-0.00758985
3016,1101,1149,0.141419,0,0.141419
3017,1149,1150,-0.413986,-0,-0.413986
3018,1150,1101,0.272567,0,0.272567
3019,1150,1151,0.280193,0,0.280193
3020,1151,1103,-0.221126,-0,-0.221126
3021,1103,1150,-0.0590667,-0,-0.0590667
3022,1151,1104,0.00834475,0,0.00834475
3023,1104,1103,-0.229471,-0,-0.229471
3024,1152,1153,0.405299,0,0.405299
3025,1153,1105,-0.406712,-0,-0.406712
3026,1105,1152,0.00141301,0,0.00141301
3027,1153,1154,-0.495269,-0,-0.495269
3028,1154,1105,0.088557,0,0.088557
3029,1106,1154,0.148535,0,0.148535
3030,1154,1155,0.0643542,0,0.0643542
3031,1155,1106,-0.21289,-0,-0.21289
3032,1107,1155,-0.20907,-0,-0.20907
3033,1155,1156,0.221156,0,0.221156
3034,1156,1107,-0.0120867,-0,-0.0120867
3035,1156,1157,0.000402533,0,0.000402533
3036,1157,1109,-0.177393,-0,-0.177393
3037,1109,1156,0.176991,0,0.176991
3038,1157,1158,-0.0695453,-0,-0.0695453
3039,1158,1109,-0.107848,-0,-0.107848
3040,1110,1158,-0.00685814,-0,-0.00685814
3041,1158,1159,0.0160588,0,0.0160588
3042,1159,1110,-0.00920067,-0,-0.00920067
3043,1159,1160,0.282202,0,0.282202
3044,1160,1112,-0.231936,-0,-0.231936
3045,1112,1159,-0.0502661,-0,-0.0502661
3046,1160,1161,-0.47588,-0,-0.47588
3047,1161,1112,0.243945,0,0.243945
3048,1161,1162,0.942719,1,-0.628077
3049,1162,1114,-0.604017,-0,-0.604017
3050,1114,1161,-0.338702,-0,-0.338702
3051,1162,1163,-0.80415,-1,0.766646
3052,1163,1114,0.200133,0,0.200133
3053,1163,1164,0.631881,0,0.631881
3054,1164,1116,-0.111144,-0,-0.111144
3055,1116,1163,-0.520737,-0,-0.520737
3056,1164,1165,-0.0253969,-0,-0.0253969
3057,1165,1117,-0.454755,-0,-0.454755
3058,1117,1164,0.480152,0,0.480152
3059,1165,1166,-0.608616,-0,-0.608616
3060,1166,1117,0.153861,0,0.153861
3061,1166,1167,0.510493,0,0.510493
3062,1167,1119,-0.101631,-0,-0.101631
3063,1119,1166,-0.408862,-0,-0.408862
3064,1167,1168,-0.365761,-0,-0.365761
3065,1168,1120,0.193604,0,0.193604
3066,1120,1167,0.172156,0,0.172156
3067,1168,1169,0.352284,0,0.352284
3068,1169,1121,-0.432808,-0,-0.432808
3069,1121,1168,0.0805233,0,0.0805233
3070,1169,1170,-0.343295,-0,-0.343295
3071,1170,1121,-0.0895126,-0,-0.0895126
3072,1170,1171,0.493051,0,0.493051
3073,1171,1123,-0.48367,-0,-0.48367
3074,1123,1170,-0.00938078,-0,-0.00938078
3075,1171,1172,-0.310527,-0,-0.310527
3076,1172,1123,-0.173143,-0,-0.173143
3077,1124,1172,0.160492,0,0.160492
3078,1172,1173,0.243806,0,0.243806
3079,1173,1124,-0.404298,-0,-0.404298
3080,1125,1173,-0.124029,-0,-0.124029
3081,1173,1174,-0.552513,-0,-0.552513
3082,1174,1125,0.676543,0,0.676543
3083,1174,1175,0.460398,0,0.460398
3084,1175,1127,-0.170385,-0,-0.170385
3085,1127,1174,-0.290013,-0,-0.290013
3086,1175,1176,-0.110433,-0,-0.110433
3087,1176,1128,-0.400257,-0,-0.400257
3088,1128,1175,0.51069,0,0.51069
3089,1176,1177,0.111504,0,0.111504
3090,1177,1128,-0.511761,-0,-0.511761
3091,1129,1177,0.175511,0,0.175511
3092,1177,1178,-0.460325,-0,-0.460325
3093,1178,1129,0.284814,0,0.284814
3094,1178,1179,0.561415,0,0.561415
3095,1179,1131,0.109989,0,0.109989
3096,1131,1178,-0.671404,-0,-0.671404
3097,1179,1180,-0.251562,-0,-0.251562
3098,1180,1132,-0.153107,-0,-0.153107
3099,1132,1179,0.404668,0,0.404668
3100,1180,1181,0.296251,0,0.296251
3101,1181,1133,-0.478534,-0,-0.478534
3102,1133,1180,0.182283,0,0.182283
3103,1181,1182,-0.48913,-0,-0.48913
3104,1182,1133,0.0105965,0,0.0105965
3105,1182,1183,0.313095,0,0.313095
3106,1183,1135,-0.421592,-0,-0.421592
3107,1135,1182,0.108497,0,0.108497
3108,1183,1184,-0.348168,-0,-0.348168
3109,1184,1135,-0.0734246,-0,-0.0734246
3110,1136,1184,-0.201674,-0,-0.201674
3111,1184,1185,0.394453,0,0.394453
3112,1185,1136,-0.192779,-0,-0.192779
3113,1137,1185,0.115985,0,0.115985
3114,1185,1186,-0.515949,-0,-0.515949
3115,1186,1137,0.399964,0,0.399964
3116,1186,1187,0.605457,0,0.605457
3117,1187,1139,-0.457791,-0,-0.457791
3118,1139,1186,-0.147666,-0,-0.147666
3119,1187,1188,0.0504088,0,0.0504088
3120,1188,1139,-0.5082,-0,-0.5082
3121,1140,1188,0.126902,0,0.126902
3122,1188,1189,-0.655602,-0,-0.655602
3123,1189,1140,0.5287,0,0.5287
3124,1189,1190,0.402915,0,0.402915
3125,1190,1142,0.0774125,0,0.0774125
3126,1142,1189,-0.480328,-0,-0.480328
3127,1190,1191,-0.438616,-0,-0.438616
3128,1191,1143,0.0156088,0,0.0156088
3129,1143,1190,0.423008,0,0.423008
3130,1191,1192,0.40208,0,0.40208
3131,1192,1144,-0.272414,-0,-0.272414
3132,1144,1191,-0.129667,-0,-0.129667
3133,1192,1193,-0.269144,-0,-0.269144
3134,1193,1144,-0.00326979,-0,-0.00326979
3135,1193,1194,-0.0341449,-0,-0.0341449
3136,1194,1146,0.00878207,0,0.00878207
3137,1146,1193,0.0253629,0,0.0253629
3138,1194,1195,0.0561744,0,0.0561744
3139,1195,1147,-0.171121,-0,-0.171121
3140,1147,1194,0.114946,0,0.114946
3141,1195,1196,0.0307756,0,0.0307756
3142,1196,1147,-0.201896,-0,-0.201896
3143,1196,1197,-0.215473,-0,-0.215473
3144,1197,1149,0.19498,0,0.19498
3145,1149,1196,0.0204925,0,0.0204925
3146,1197,1198,-0.104892,-0,-0.104892
3147,1198,1150,-0.114113,-0,-0.114113
3148,1150,1197,0.219006,0,0.219006
3149,1198,1199,0.910678,1,-0.660118
3150,1199,1151,-0.744599,-0,-0.744599
3151,1151,1198,-0.166079,-0,-0.166079
3152,1199,1152,-0.81492,-1,0.755876
3153,1152,1151,0.0703206,0,0.0703206
3154,1200,1201,0.425332,0,0.425332
3155,1201,1153,-0.0821252,-0,-0.0821252
3156,1153,1200,-0.343207,-0,-0.343207
3157,1201,1202,-0.0654526,-0,-0.0654526
3158,1202,1154,-0.511941,-0,-0.511941
3159,1154,1201,0.577394,0,0.577394
3160,1202,1203,-0.537747,-0,-0.537747
3161,1203,1154,0.0258058,0,0.0258058
3162,1155,1203,-0.09016,-0,-0.09016
3163,1203,1204,0.0274252,0,0.0274252
3164,1204,1155,0.0627348,0,0.0627348
3165,1204,1205,0.539423,0,0.539423
3166,1205,1157,-0.255129,-0,-0.255129
3167,1157,1204,-0.284294,-0,-0.284294
3168,1205,1206,-0.022329,-0,-0.022329
3169,1206,1157,-0.2328,-0,-0.2328
3170,1158,1206,0.302345,0,0.302345
3171,1206,1207,-0.58927,-0,-0.58927
3172,1207,1158,0.286924,0,0.286924
3173,1207,1208,0.559529,0,0.559529
3174,1208,1160,0.0256555,0,0.0256555
3175,1160,1207,-0.585185,-0,-0.585185
3176,1208,1209,-0.14026,-0,-0.14026
3177,1209,1161,-0.309965,-0,-0.309965
3178,1161,1208,0.450225,0,0.450225
3179,1209,1210,-0.156628,-0,-0.156628
3180,1210,1161,-0.153336,-0,-0.153336
3181,1210,1211,0.422295,0,0.422295
3182,1211,1163,-0.437062,-0,-0.437062
3183,1163,1210,0.0147676,0,0.0147676
3184,1211,1212,-0.0881982,-0,-0.0881982
3185,1212,1163,-0.348864,-0,-0.348864
3186,1212,1213,-0.0574872,-0,-0.0574872
3187,1213,1165,0.315108,0,0.315108
3188,1165,1212,-0.25762,-0,-0.25762
3189,1213,1214,0.196954,0,0.196954
3190,1214,1166,-0.490462,-0,-0.490462
3191,1166,1213,0.293508,0,0.293508
3192,1214,1215,-0.367444,-0,-0.367444
3193,1215,1166,-0.123018,-0,-0.123018
3194,1215,1216,0.521887,0,0.521887
3195,1216,1168,-0.500173,-0,-0.500173
3196,1168,1215,-0.0217141,-0,-0.0217141
3197,1216,1217,-0.276781,-0,-0.276781
3198,1217,1168,-0.223391,-0,-0.223391
3199,1169,1217,-0.128893,-0,-0.128893
3200,1217,1218,-0.217241,-0,-0.217241
3201,1218,1169,0.346134,0,0.346134
3202,1170,1218,-0.0028388,-0,-0.0028388
3203,1218,1219,0.479915,0,0.479915
3204,1219,1170,-0.477076,-0,-0.477076
3205,1171,1219,-0.0159748,-0,-0.0159748
3206,1219,1220,-0.277477,-0,-0.277477
3207,1220,1171,0.293452,0,0.293452
3208,1172,1220,0.0170755,0,0.0170755
3209,1220,1221,-0.25483,-0,-0.25483
3210,1221,1172,0.237755,0,0.237755
3211,1221,1222,0.207392,0,0.207392
3212,1222,1174,-0.278345,-0,-0.278345
3213,1174,1221,0.0709525,0,0.0709525
3214,1222,1223,-0.139316,-0,-0.139316
3215,1223,1174,-0.139029,-0,-0.139029
3216,1223,1224,0.802956,1,-0.76784
3217,1224,1176,-0.592019,-0,-0.592019
3218,1176,1223,-0.210937,-0,-0.210937
3219,1224,1225,-0.799918,-1,0.770878
3220,1225,1176,0.207899,0,0.207899
3221,1225,1226,0.135293,0,0.135293
3222,1226,1178,-0.276214,-0,-0.276214
3223,1178,1225,0.140921,0,0.140921
3224,1226,1227,-0.200079,-0,-0.200079
3225,1227,1178,-0.0761351,-0,-0.0761351
3226,1227,1228,0.246101,0,0.246101
3227,1228,1180,-0.0123822,-0,-0.0123822
3228,1180,1227,-0.233718,-0,-0.233718
3229,1228,1229,0.278588,0,0.278588
3230,1229,1181,0.00528087,0,0.00528087
3231,1181,1228,-0.283869,-0,-0.283869
3232,1229,1230,-0.509983,-0,-0.509983
3233,1230,1182,0.0261339,0,0.0261339
3234,1182,1229,0.483849,0,0.483849
3235,1230,1231,0.216882,0,0.216882
3236,1231,1183,0.122348,0,0.122348
3237,1183,1230,-0.339229,-0,-0.339229
3238,1231,1232,0.275367,0,0.275367
3239,1232,1184,-0.501187,-0,-0.501187
3240,1184,1231,0.22582,0,0.22582
3241,1232,1233,-0.495581,-0,-0.495581
3242,1233,1184,-0.005606,-0,-0.005606
3243,1233,1234,0.353458,0,0.353458
3244,1234,1186,-0.480561,-0,-0.480561
3245,1186,1233,0.127103,0,0.127103
3246,1234,1235,-0.176017,-0,-0.176017
3247,1235,1186,-0.304544,-0,-0.304544
3248,1187,1235,-0.300913,-0,-0.300913
3249,1235,1236,0.0824326,0,0.0824326
3250,1236,1187,0.21848,0,0.21848
3251,1236,1237,0.0441342,0,0.0441342
3252,1237,1189,-0.430847,-0,-0.430847
3253,1189,1236,0.386713,0,0.386713
3254,1237,1238,-0.44741,-0,-0.44741
3255,1238,1189,0.0165635,0,0.0165635
3256,1238,1239,0.188367,0,0.188367
3257,1239,1191,-0.207504,-0,-0.207504
3258,1191,1238,0.0191374,0,0.0191374
3259,1239,1240,0.189816,0,0.189816
3260,1240,1191,-0.397321,-0,-0.397321
3261,1192,1240,-0.00475974,-0,-0.00475974
3262,1240,1241,-0.582435,-0,-0.582435
3263,1241,1192,0.587195,0,0.587195
3264,1241,1242,0.590888,0,0.590888
3265,1242,1194,-0.306982,-0,-0.306982
3266,1194,1241,-0.283906,-0,-0.283906
3267,1242,1243,0.0037367,0,0.0037367
3268,1243,1195,-0.254544,-0,-0.254544
3269,1195,1242,0.250807,0,0.250807
3270,1243,1244,-0.511517,-0,-0.511517
3271,1244,1195,0.256973,0,0.256973
3272,1244,1245,0.0674,0,0.0674
3273,1245,1197,0.00487528,0,0.00487528
3274,1197,1244,-0.0722753,-0,-0.0722753
3275,1245,1246,0.0763555,0,0.0763555
3276,1246,1198,-0.176373,-0,-0.176373
3277,1198,1245,0.100017,0,0.100017
3278,1246,1247,0.0680463,0,0.0680463
3279,1247,1198,-0.244419,-0,-0.244419
3280,1247,1200,-0.0865689,-0,-0.0865689
3281,1200,1152,-0.0620915,-0,-0.0620915
3282,1152,1247,0.14866,0,0.14866
3283,1200,1248,0.805047,1,-0.765749
3284,1248,1249,-0.78742,-1,0.783376
3285,1249,1200,-0.017627,-0,-0.017627
3286,1249,1250,0.0951675,0,0.0951675
3287,1250,1202,0.247085,0,0.247085
3288,1202,1249,-0.342253,-0,-0.342253
3289,1250,1251,0.0437162,0,0.0437162
3290,1251,1203,-0.334378,-0,-0.334378
3291,1203,1250,0.290662,0,0.290662
3292,1251,1252,-0.0824229,-0,-0.0824229
3293,1252,1203,-0.251955,-0,-0.251955
3294,1204,1252,0.22453,0,0.22453
3295,1252,1253,0.000673081,0,0.000673081
3296,1253,1204,-0.225203,-0,-0.225203
3297,1205,1253,-0.31422,-0,-0.31422
3298,1253,1254,-0.147278,-0,-0.147278
3299,1254,1205,0.461497,0,0.461497
3300,1254,1255,0.369693,0,0.369693
3301,1255,1207,-0.519795,-0,-0.519795
3302,1207,1254,0.150101,0,0.150101
3303,1255,1256,-0.368933,-0,-0.368933
3304,1256,1207,-0.150862,-0,-0.150862
3305,1256,1257,0.53293,0,0.53293
3306,1257,1209,-0.264523,-0,-0.264523
3307,1209,1256,-0.268407,-0,-0.268407
3308,1257,1258,-0.00477145,-0,-0.00477145
3309,1258,1209,-0.259752,-0,-0.259752
3310,1210,1258,0.41638,0,0.41638
3311,1258,1259,-0.423553,-0,-0.423553
3312,1259,1210,0.00717265,0,0.00717265
3313,1211,1259,-0.429467,-0,-0.429467
3314,1259,1260,0.197126,0,0.197126
3315,1260,1211,0.232341,0,0.232341
3316,1260,1261,-0.104049,-0,-0.104049
3317,1261,1213,0.190705,0,0.190705
3318,1213,1260,-0.086656,-0,-0.086656
3319,1261,1262,0.219462,0,0.219462
3320,1262,1214,0.168197,0,0.168197
3321,1214,1261,-0.387659,-0,-0.387659
3322,1262,1263,0.0301101,0,0.0301101
3323,1263,1215,-0.229358,-0,-0.229358
3324,1215,1262,0.199248,0,0.199248
3325,1263,1264,0.275361,0,0.275361
3326,1264,1216,0.0171682,0,0.0171682
3327,1216,1263,-0.292529,-0,-0.292529
3328,1264,1265,-0.487467,-0,-0.487467
3329,1265,1217,0.227853,0,0.227853
3330,1217,1264,0.259613,0,0.259613
3331,1265,1266,0.366951,0,0.366951
3332,1266,1218,-0.356339,-0,-0.356339
3333,1218,1265,-0.0106128,-0,-0.0106128
3334,1266,1267,-0.20688,-0,-0.20688
3335,1267,1218,-0.149459,-0,-0.149459
3336,1267,1268,-0.197548,-0,-0.197548
3337,1268,1220,0.250527,0,0.250527
3338,1220,1267,-0.0529789,-0,-0.0529789
3339,1268,1269,0.459439,0,0.459439
3340,1269,1221,-0.463742,-0,-0.463742
3341,1221,1268,0.00430309,0,0.00430309
3342,1269,1270,-0.160185,-0,-0.160185
3343,1270,1222,-0.0961648,-0,-0.0961648
3344,1222,1269,0.25635,0,0.25635
3345,1270,1271,0.151181,0,0.151181
3346,1271,1222,-0.247346,-0,-0.247346
3347,1223,1271,0.386662,0,0.386662
3348,1271,1272,-0.535538,-0,-0.535538
3349,1272,1223,0.148876,0,0.148876
3350,1272,1273,0.54031,0,0.54031
3351,1273,1225,-0.388397,-0,-0.388397
3352,1225,1272,-0.151914,-0,-0.151914
3353,1273,1274,-0.150905,-0,-0.150905
3354,1274,1226,-0.102198,-0,-0.102198
3355,1226,1273,0.253104,0,0.253104
3356,1274,1275,0.169363,0,0.169363
3357,1275,1226,-0.271562,-0,-0.271562
3358,1227,1275,0.471641,0,0.471641
3359,1275,1276,-0.478858,-0,-0.478858
3360,1276,1227,0.00721722,0,0.00721722
3361,1228,1276,-0.253318,-0,-0.253318
3362,1276,1277,0.198248,0,0.198248
3363,1277,1228,0.0550693,0,0.0550693
3364,1277,1278,0.168383,0,0.168383
3365,1278,1230,-0.344709,-0,-0.344709
3366,1230,1277,0.176326,0,0.176326
3367,1278,1279,-0.364963,-0,-0.364963
3368,1279,1230,0.0202541,0,0.0202541
3369,1231,1279,-0.237136,-0,-0.237136
3370,1279,1280,0.516202,0,0.516202
3371,1280,1231,-0.279066,-0,-0.279066
3372,1232,1280,0.00369912,0,0.00369912
3373,1280,1281,-0.273455,-0,-0.273455
3374,1281,1232,0.269756,0,0.269756
3375,1233,1281,0.225825,0,0.225825
3376,1281,1282,-0.0232767,-0,-0.0232767
3377,1282,1233,-0.202548,-0,-0.202548
3378,1234,1282,-0.15091,-0,-0.15091
3379,1282,1283,-0.22168,-0,-0.22168
3380,1283,1234,0.372589,0,0.372589
3381,1235,1283,-0.196573,-0,-0.196573
3382,1283,1284,0.138305,0,0.138305
3383,1284,1235,0.0582673,0,0.0582673
3384,1284,1285,-0.238827,-0,-0.238827
3385,1285,1237,0.423661,0,0.423661
3386,1237,1284,-0.184834,-0,-0.184834
3387,1285,1286,0.434663,0,0.434663
3388,1286,1238,-0.458412,-0,-0.458412
3389,1238,1285,0.023749,0,0.023749
3390,1286,1287,-0.0108361,-0,-0.0108361
3391,1287,1239,-0.259209,-0,-0.259209
3392,1239,1286,0.270045,0,0.270045
3393,1287,1288,-0.508009,-0,-0.508009
3394,1288,1239,0.2488,0,0.2488
3395,1288,1289,0.351916,0,0.351916
3396,1289,1241,-0.495735,-0,-0.495735
3397,1241,1288,0.143819,0,0.143819
3398,1289,1290,-0.352975,-0,-0.352975
3399,1290,1241,-0.14276,-0,-0.14276
3400,1290,1291,0.132681,0,0.132681
3401,1291,1243,0.319184,0,0.319184
3402,1243,1290,-0.451865,-0,-0.451865
3403,1291,1292,-0.0227359,-0,-0.0227359
3404,1292,1244,-0.169597,-0,-0.169597
3405,1244,1291,0.192333,0,0.192333
3406,1292,1293,-0.108641,-0,-0.108641
3407,1293,1245,0.00644474,0,0.00644474
3408,1245,1292,0.102197,0,0.102197
3409,1293,1294,0.431259,0,0.431259
3410,1294,1246,-0.348459,-0,-0.348459
3411,1246,1293,-0.0828003,-0,-0.0828003
3412,1294,1295,-0.404159,-0,-0.404159
3413,1295,1246,0.0557003,0,0.0557003
3414,1295,1248,0.842225,1,-0.728572
3415,1200,1295,-0.0371777,-0,-0.0371777
3416,1296,1297,-0.202685,-0,-0.202685
3417,1297,1249,0.117034,0,0.117034
3418,1249,1296,0.0856507,0,0.0856507
3419,1297,1298,0.52937,0,0.52937
3420,1298,1250,-0.317168,-0,-0.317168
3421,1250,1297,-0.212202,-0,-0.212202
3422,1298,1299,-0.158403,-0,-0.158403
3423,1299,1251,-0.115049,-0,-0.115049
3424,1251,1298,0.273452,0,0.273452
3425,1299,1300,-0.0682911,-0,-0.0682911
3426,1300,1251,-0.0467575,-0,-0.0467575
3427,1252,1300,0.12918,0,0.12918
3428,1300,1301,0.135067,0,0.135067
3429,1301,1252,-0.264247,-0,-0.264247
3430,1253,1301,0.263574,0,0.263574
3431,1301,1302,-0.468202,-0,-0.468202
3432,1302,1253,0.204628,0,0.204628
3433,1254,1302,-0.0573504,-0,-0.0573504
3434,1302,1303,0.447433,0,0.447433
3435,1303,1254,-0.390082,-0,-0.390082
3436,1255,1303,0.0203892,0,0.0203892
3437,1303,1304,-0.382673,-0,-0.382673
3438,1304,1255,0.362284,0,0.362284
3439,1256,1304,0.00664899,0,0.00664899
3440,1304,1305,0.164684,0,0.164684
3441,1305,1256,-0.171333,-0,-0.171333
3442,1257,1305,-0.361598,-0,-0.361598
3443,1305,1306,-0.0805479,-0,-0.0805479
3444,1306,1257,0.442146,0,0.442146
3445,1306,1307,0.388941,0,0.388941
3446,1307,1259,-0.375119,-0,-0.375119
3447,1259,1306,-0.0138216,-0,-0.0138216
3448,1307,1308,-0.261515,-0,-0.261515
3449,1308,1259,-0.113604,-0,-0.113604
3450,1308,1309,0.129179,0,0.129179
3451,1309,1261,-0.149706,-0,-0.149706
3452,1261,1308,0.020527,0,0.020527
3453,1309,1310,0.309118,0,0.309118
3454,1310,1261,-0.458824,-0,-0.458824
3455,1262,1310,0.239361,0,0.239361
3456,1310,1311,-0.259682,-0,-0.259682
3457,1311,1262,0.020321,0,0.020321
3458,1263,1311,-0.050431,-0,-0.050431
3459,1311,1312,-0.209615,-0,-0.209615
3460,1312,1263,0.260046,0,0.260046
3461,1312,1313,0.434728,0,0.434728
3462,1313,1265,-0.386788,-0,-0.386788
3463,1265,1312,-0.0479404,-0,-0.0479404
3464,1313,1314,-0.283414,-0,-0.283414
3465,1314,1265,-0.103374,-0,-0.103374
3466,1266,1314,-0.263578,-0,-0.263578
3467,1314,1315,-0.143039,-0,-0.143039
3468,1315,1266,0.406616,0,0.406616
3469,1315,1316,0.409523,0,0.409523
3470,1316,1268,-0.407335,-0,-0.407335
3471,1268,1315,-0.00218809,-0,-0.00218809
3472,1316,1317,-0.171084,-0,-0.171084
3473,1317,1268,-0.236251,-0,-0.236251
3474,1317,1318,-0.0181205,-0,-0.0181205
3475,1318,1270,0.0811238,0,0.0811238
3476,1270,1317,-0.0630032,-0,-0.0630032
3477,1318,1319,-0.0152174,-0,-0.0152174
3478,1319,1270,0.0963411,0,0.0963411
3479,1319,1320,-0.0575454,-0,-0.0575454
3480,1320,1272,-0.230471,-0,-0.230471
3481,1272,1319,0.288016,0,0.288016
3482,1320,1321,0.0590302,0,0.0590302
3483,1321,1272,-0.289501,-0,-0.289501
3484,1321,1322,0.0244782,0,0.0244782
3485,1322,1274,0.075426,0,0.075426
3486,1274,1321,-0.0999041,-0,-0.0999041
3487,1322,1323,0.0480311,0,0.0480311
3488,1323,1274,0.0273948,0,0.0273948
3489,1323,1324,0.122251,0,0.122251
3490,1324,1276,-0.404351,-0,-0.404351
3491,1276,1323,0.2821,0,0.2821
3492,1324,1325,-0.440354,-0,-0.440354
3493,1325,1276,0.0360029,0,0.0360029
3494,1325,1326,0.134824,0,0.134824
3495,1326,1278,0.26781,0,0.26781
3496,1278,1325,-0.402634,-0,-0.402634
3497,1326,1327,0.284803,0,0.284803
3498,1327,1279,-0.381955,-0,-0.381955
3499,1279,1326,0.0971525,0,0.0971525
3500,1327,1328,-0.399382,-0,-0.399382
3501,1328,1279,0.0174266,0,0.0174266
3502,1328,1329,0.224356,0,0.224356
3503,1329,1281,0.0358176,0,0.0358176
3504,1281,1328,-0.260173,-0,-0.260173
3505,1329,1330,0.273826,0,0.273826
3506,1330,1282,-0.261285,-0,-0.261285
3507,1282,1329,-0.0125409,-0,-0.0125409
3508,1330,1331,-0.338949,-0,-0.338949
3509,1331,1283,-0.144016,-0,-0.144016
3510,1283,1330,0.482965,0,0.482965
3511,1331,1332,-0.090823,-0,-0.090823
3512,1332,1283,-0.0531928,-0,-0.0531928
3513,1332,1333,0.227908,0,0.227908
3514,1333,1285,-0.381623,-0,-0.381623
3515,1285,1332,0.153715,0,0.153715
3516,1333,1334,-0.37965,-0,-0.37965
3517,1334,1285,-0.0019734,-0,-0.0019734
3518,1334,1335,0.0684017,0,0.0684017
3519,1335,1287,0.353452,0,0.353452
3520,1287,1334,-0.421854,-0,-0.421854
3521,1335,1336,-0.171966,-0,-0.171966
3522,1336,1288,0.0174091,0,0.0174091
3523,1288,1335,0.154557,0,0.154557
3524,1336,1337,0.404257,0,0.404257
3525,1337,1289,-0.0349317,-0,-0.0349317
3526,1289,1336,-0.369325,-0,-0.369325
3527,1337,1338,-0.470113,-0,-0.470113
3528,1338,1290,0.0822066,0,0.0822066
3529,1290,1337,0.387906,0,0.387906
3530,1338,1339,0.466482,0,0.466482
3531,1339,1291,-0.251594,-0,-0.251594
3532,1291,1338,-0.214887,-0,-0.214887
3533,1339,1340,-0.182105,-0,-0.182105
3534,1340,1292,-0.092225,-0,-0.092225
3535,1292,1339,0.27433,0,0.27433
3536,1340,1341,0.0657188,0,0.0657188
3537,1341,1293,-0.266585,-0,-0.266585
3538,1293,1340,0.200866,0,0.200866
3539,1341,1342,0.229741,0,0.229741
3540,1342,1293,-0.496327,-0,-0.496327
3541,1294,1342,0.0650675,0,0.0650675
3542,1342,1343,-0.504446,-0,-0.504446
3543,1343,1294,0.439379,0,0.439379
3544,1295,1343,-0.0352195,-0,-0.0352195
3545,1343,1296,0.175675,0,0.175675
3546,1296,1295,-0.140455,-0,-0.140455
3547,1344,1345,0.0363623,0,0.0363623
3548,1345,1297,-0.146877,-0,-0.146877
3549,1297,1344,0.110515,0,0.110515
3550,1345,1346,0.107695,0,0.107695
3551,1346,1297,-0.254572,-0,-0.254572
3552,1346,1347,0.0494866,0,0.0494866
3553,1347,1299,0.0669083,0,0.0669083
3554,1299,1346,-0.116395,-0,-0.116395
3555,1347,1348,0.249918,0,0.249918
3556,1348,1299,-0.183009,-0,-0.183009
3557,1300,1348,0.251301,0,0.251301
3558,1348,1349,-0.530071,-0,-0.530071
3559,1349,1300,0.27877,0,0.27877
3560,1349,1350,0.108696,0,0.108696
3561,1350,1302,-0.163061,-0,-0.163061
3562,1302,1349,0.0543651,0,0.0543651
3563,1350,1351,-0.0131527,-0,-0.0131527
3564,1351,1302,-0.149908,-0,-0.149908
3565,1351,1352,0.0827252,0,0.0827252
3566,1352,1304,-0.167873,-0,-0.167873
3567,1304,1351,0.0851481,0,0.0851481
3568,1352,1353,0.214191,0,0.214191
3569,1353,1304,-0.382064,-0,-0.382064
3570,1305,1353,0.21738,0,0.21738
3571,1353,1354,-0.37988,-0,-0.37988
3572,1354,1305,0.1625,0,0.1625
3573,1306,1354,-0.081952,-0,-0.081952
3574,1354,1355,0.410398,0,0.410398
3575,1355,1306,-0.328446,-0,-0.328446
3576,1307,1355,-0.0604947,-0,-0.0604947
3577,1355,1356,-0.462766,-0,-0.462766
3578,1356,1307,0.523261,0,0.523261
3579,1356,1357,0.630788,0,0.630788
3580,1357,1309,-0.239864,-0,-0.239864
3581,1309,1356,-0.390924,-0,-0.390924
3582,1357,1358,-0.197325,-0,-0.197325
3583,1358,1309,-0.0425389,-0,-0.0425389
3584,1358,1359,-0.108955,-0,-0.108955
3585,1359,1311,0.115851,0,0.115851
3586,1311,1358,-0.00689654,-0,-0.00689654
3587,1359,1360,-0.0744078,-0,-0.0744078
3588,1360,1312,-0.0193564,-0,-0.0193564
3589,1312,1359,0.0937642,0,0.0937642
3590,1360,1361,0.329078,0,0.329078
3591,1361,1313,0.0862938,0,0.0862938
3592,1313,1360,-0.415372,-0,-0.415372
3593,1361,1362,0.711664,0,0.711664
3594,1362,1314,-0.908785,-1,0.662012
3595,1314,1361,0.19712,0,0.19712
3596,1362,1363,-0.774009,-0,-0.774009
3597,1363,1314,-0.134776,-0,-0.134776
3598,1315,1363,0.277814,0,0.277814
3599,1363,1364,-0.124153,-0,-0.124153
3600,1364,1315,-0.153662,-0,-0.153662
3601,1316,1364,-0.255861,-0,-0.255861
3602,1364,1365,-0.0929175,-0,-0.0929175
3603,1365,1316,0.348779,0,0.348779
3604,1365,1366,0.233475,0,0.233475
3605,1366,1318,-0.0739013,-0,-0.0739013
3606,1318,1365,-0.159574,-0,-0.159574
3607,1366,1367,-0.097524,-0,-0.097524
3608,1367,1318,0.0236228,0,0.0236228
3609,1367,1368,-0.00659442,-0,-0.00659442
3610,1368,1320,-0.0425456,-0,-0.0425456
3611,1320,1367,0.04914,0,0.04914
3612,1368,1369,-0.0254751,-0,-0.0254751
3613,1369,1320,-0.0170705,-0,-0.0170705
3614,1369,1370,0.0521825,0,0.0521825
3615,1370,1322,0.0142555,0,0.0142555
3616,1322,1369,-0.0664379,-0,-0.0664379
3617,1370,1371,0.011314,0,0.011314
3618,1371,1322,0.00294146,0,0.00294146
3619,1371,1372,-0.244503,-0,-0.244503
3620,1372,1324,0.417727,0,0.417727
3621,1324,1371,-0.173224,-0,-0.173224
3622,1372,1373,0.247546,0,0.247546
3623,1373,1325,-0.270173,-0,-0.270173
3624,1325,1372,0.0226267,0,0.0226267
3625,1373,1374,0.788933,1,-0.781863
3626,1374,1326,-0.924282,-1,0.646514
3627,1326,1373,0.135349,0,0.135349
3628,1374,1375,-0.711485,-0,-0.711485
3629,1375,1326,-0.212797,-0,-0.212797
3630,1327,1375,-0.0720061,-0,-0.0720061
3631,1375,1376,-0.331098,-0,-0.331098
3632,1376,1327,0.403104,0,0.403104
3633,1328,1376,-0.00372203,-0,-0.00372203
3634,1376,1377,0.108077,0,0.108077
3635,1377,1328,-0.104355,-0,-0.104355
3636,1329,1377,-0.120001,-0,-0.120001
3637,1377,1378,0.140165,0,0.140165
3638,1378,1329,-0.0201646,-0,-0.0201646
3639,1378,1379,0.168361,0,0.168361
3640,1379,1331,-0.253648,-0,-0.253648
3641,1331,1378,0.0852873,0,0.0852873
3642,1379,1380,-0.619747,-0,-0.619747
3643,1380,1331,0.366099,0,0.366099
3644,1380,1381,0.46463,0,0.46463
3645,1381,1333,0.0385549,0,0.0385549
3646,1333,1380,-0.503184,-0,-0.503184
3647,1381,1382,-0.447883,-0,-0.447883
3648,1382,1334,0.106788,0,0.106788
3649,1334,1381,0.341095,0,0.341095
3650,1382,1383,0.395876,0,0.395876
3651,1383,1335,-0.220686,-0,-0.220686
3652,1335,1382,-0.17519,-0,-0.17519
3653,1383,1384,-0.243844,-0,-0.243844
3654,1384,1336,-0.148808,-0,-0.148808
3655,1336,1383,0.392652,0,0.392652
3656,1384,1385,-0.0445775,-0,-0.0445775
3657,1385,1336,-0.104231,-0,-0.104231
3658,1385,1386,-0.0224129,-0,-0.0224129
3659,1386,1338,-0.147674,-0,-0.147674
3660,1338,1385,0.170087,0,0.170087
3661,1386,1387,-0.0952045,-0,-0.0952045
3662,1387,1338,-0.0524697,-0,-0.0524697
3663,1387,1388,0.518029,0,0.518029
3664,1388,1340,-0.286123,-0,-0.286123
3665,1340,1387,-0.231907,-0,-0.231907
3666,1388,1389,-0.250371,-0,-0.250371
3667,1389,1341,0.0299673,0,0.0299673
3668,1341,1388,0.220404,0,0.220404
3669,1389,1390,-0.0231861,-0,-0.0231861
3670,1390,1341,0.0531534,0,0.0531534
3671,1390,1391,-0.102802,-0,-0.102802
3672,1391,1343,-0.11875,-0,-0.11875
3673,1343,1390,0.221551,0,0.221551
3674,1391,1344,-0.0352448,-0,-0.0352448
3675,1344,1343,-0.0835049,-0,-0.0835049
3676,1392,1393,0.0178277,0,0.0178277
3677,1393,1345,-0.016843,-0,-0.016843
3678,1345,1392,-0.000984658,-0,-0.000984658
3679,1393,1394,0.0377401,0,0.0377401
3680,1394,1345,-0.0545831,-0,-0.0545831
3681,1394,1395,-0.00258358,-0,-0.00258358
3682,1395,1347,0.105182,0,0.105182
3683,1347,1394,-0.102598,-0,-0.102598
3684,1395,1396,0.0203931,0,0.0203931
3685,1396,1347,0.0847884,0,0.0847884
3686,1396,1397,-0.0669771,-0,-0.0669771
3687,1397,1349,-0.128388,-0,-0.128388
3688,1349,1396,0.195365,0,0.195365
3689,1397,1398,0.29995,0,0.29995
3690,1398,1350,-0.319642,-0,-0.319642
3691,1350,1397,0.019692,0,0.019692
3692,1398,1399,-0.425856,-0,-0.425856
3693,1399,1350,0.106214,0,0.106214
3694,1399,1400,0.448479,0,0.448479
3695,1400,1352,-0.272692,-0,-0.272692
3696,1352,1399,-0.175787,-0,-0.175787
3697,1400,1401,-0.398514,-0,-0.398514
3698,1401,1352,0.125821,0,0.125821
3699,1401,1402,0.399248,0,0.399248
3700,1402,1354,-0.439117,-0,-0.439117
3701,1354,1401,0.0398685,0,0.0398685
3702,1402,1403,-0.419178,-0,-0.419178
3703,1403,1354,-0.0199386,-0,-0.0199386
3704,1403,1404,0.196486,0,0.196486
3705,1404,1356,-0.268793,-0,-0.268793
3706,1356,1403,0.0723068,0,0.0723068
3707,1404,1405,0.262244,0,0.262244
3708,1405,1356,-0.531037,-0,-0.531037
3709,1357,1405,-0.0997513,-0,-0.0997513
3710,1405,1406,-0.342532,-0,-0.342532
3711,1406,1357,0.442284,0,0.442284
3712,1406,1407,0.211444,0,0.211444
3713,1407,1359,-0.0754396,-0,-0.0754396
3714,1359,1406,-0.136004,-0,-0.136004
3715,1407,1408,0.340627,0,0.340627
3716,1408,1360,-0.490475,-0,-0.490475
3717,1360,1407,0.149847,0,0.149847
3718,1408,1409,-0.397253,-0,-0.397253
3719,1409,1360,-0.0932213,-0,-0.0932213
3720,1361,1409,-0.235857,-0,-0.235857
3721,1409,1410,0.196754,0,0.196754
3722,1410,1361,0.0391031,0,0.0391031
3723,1410,1411,-0.287745,-0,-0.287745
3724,1411,1363,0.264503,0,0.264503
3725,1363,1410,0.0232415,0,0.0232415
3726,1411,1412,0.142876,0,0.142876
3727,1412,1364,-0.00252578,-0,-0.00252578
3728,1364,1411,-0.14035,-0,-0.14035
3729,1412,1413,0.375289,0,0.375289
3730,1413,1365,-0.470732,-0,-0.470732
3731,1365,1412,0.0954433,0,0.0954433
3732,1413,1414,0.0714306,0,0.0714306
3733,1414,1366,-0.308687,-0,-0.308687
3734,1366,1413,0.237257,0,0.237257
3735,1414,1415,-0.474929,-0,-0.474929
3736,1415,1366,0.166242,0,0.166242
3737,1415,1416,0.390284,0,0.390284
3738,1416,1368,-0.32816,-0,-0.32816
3739,1368,1415,-0.0621236,-0,-0.0621236
3740,1416,1417,-0.537902,-0,-0.537902
3741,1417,1368,0.209742,0,0.209742
3742,1417,1418,0.509529,0,0.509529
3743,1418,1370,-0.273079,-0,-0.273079
3744,1370,1417,-0.23645,-0,-0.23645
3745,1418,1419,-0.267814,-0,-0.267814
3746,1419,1370,-0.00526521,-0,-0.00526521
3747,1419,1420,0.180529,0,0.180529
3748,1420,1372,-0.418984,-0,-0.418984
3749,1372,1419,0.238455,0,0.238455
3750,1420,1421,-0.379861,-0,-0.379861
3751,1421,1372,-0.0391233,-0,-0.0391233
3752,1373,1421,-0.208423,-0,-0.208423
3753,1421,1422,0.276826,0,0.276826
3754,1422,1373,-0.0684032,-0,-0.0684032
3755,1422,1423,-0.224562,-0,-0.224562
3756,1423,1375,0.233606,0,0.233606
3757,1375,1422,-0.00904433,-0,-0.00904433
3758,1423,1424,0.388843,0,0.388843
3759,1424,1376,-0.486335,-0,-0.486335
3760,1376,1423,0.0974917,0,0.0974917
3761,1424,1425,-0.31275,-0,-0.31275
3762,1425,1376,-0.173585,-0,-0.173585
3763,1377,1425,0.0655077,0,0.0655077
3764,1425,1426,-0.178754,-0,-0.178754
3765,1426,1377,0.113246,0,0.113246
3766,1426,1427,0.352378,0,0.352378
3767,1427,1379,0.0693943,0,0.0693943
3768,1379,1426,-0.421772,-0,-0.421772
3769,1427,1428,-0.259083,-0,-0.259083
3770,1428,1380,-0.29127,-0,-0.29127
3771,1380,1427,0.550353,0,0.550353
3772,1428,1429,-0.220266,-0,-0.220266
3773,1429,1380,-0.0710042,-0,-0.0710042
3774,1429,1430,0.331545,0,0.331545
3775,1430,1382,-0.385803,-0,-0.385803
3776,1382,1429,0.0542577,0,0.0542577
3777,1430,1431,-0.341002,-0,-0.341002
3778,1431,1382,-0.0448009,-0,-0.0448009
3779,1431,1432,0.385958,0,0.385958
3780,1432,1384,-0.278727,-0,-0.278727
3781,1384,1431,-0.107231,-0,-0.107231
3782,1432,1433,-0.430216,-0,-0.430216
3783,1433,1384,0.151489,0,0.151489
3784,1433,1434,0.410717,0,0.410717
3785,1434,1386,-0.326219,-0,-0.326219
3786,1386,1433,-0.0844983,-0,-0.0844983
3787,1434,1435,-0.288411,-0,-0.288411
3788,1435,1386,-0.0378084,-0,-0.0378084
3789,1387,1435,0.133013,0,0.133013
3790,1435,1436,0.0762629,0,0.0762629
3791,1436,1387,-0.209276,-0,-0.209276
3792,1436,1437,-0.0322401,-0,-0.0322401
3793,1437,1389,0.0906225,0,0.0906225
3794,1389,1436,-0.0583824,-0,-0.0583824
3795,1437,1438,0.0171818,0,0.0171818
3796,1438,1389,0.0734406,0,0.0734406
3797,1438,1439,-0.0387487,-0,-0.0387487
3798,1439,1391,-0.0137983,-0,-0.0137983
3799,1391,1438,0.052547,0,0.052547
3800,1439,1392,-0.0136656,-0,-0.0136656
3801,1392,1391,-0.000132769,-0,-0.000132769
3802,1440,1441,0.0088845,0,0.0088845
3803,1441,1393,0.000771752,0,0.000771752
3804,1393,1440,-0.00965625,-0,-0.00965625
3805,1441,1442,0.0029448,0,0.0029448
3806,1442,1393,-0.00217305,-0,-0.00217305
3807,1442,1443,-0.0147045,-0,-0.0147045
3808,1443,1395,0.0476879,0,0.0476879
3809,1395,1442,-0.0329835,-0,-0.0329835
3810,1443,1444,-0.0250622,-0,-0.0250622
3811,1444,1395,0.0727502,0,0.0727502
3812,1444,1445,-0.158343,-0,-0.158343
3813,1445,1397,0.184509,0,0.184509
3814,1397,1444,-0.0261662,-0,-0.0261662
3815,1445,1446,0.421316,0,0.421316
3816,1446,1398,0.0631429,0,0.0631429
3817,1398,1445,-0.484459,-0,-0.484459
3818,1446,1447,-0.368207,-0,-0.368207
3819,1447,1399,0.00549432,0,0.00549432
3820,1399,1446,0.362713,0,0.362713
3821,1447,1448,0.426728,0,0.426728
3822,1448,1400,0.027246,0,0.027246
3823,1400,1447,-0.453974,-0,-0.453974
3824,1448,1449,-0.356341,-0,-0.356341
3825,1449,1401,-0.0149261,-0,-0.0149261
3826,1401,1448,0.371268,0,0.371268
3827,1449,1450,0.419516,0,0.419516
3828,1450,1402,-0.0351935,-0,-0.0351935
3829,1402,1449,-0.384322,-0,-0.384322
3830,1450,1451,-0.211994,-0,-0.211994
3831,1451,1403,-0.242378,-0,-0.242378
3832,1403,1450,0.454372,0,0.454372
3833,1451,1452,0.266755,0,0.266755
3834,1452,1404,-0.312647,-0,-0.312647
3835,1404,1451,0.0458914,0,0.0458914
3836,1452,1453,-0.546578,-0,-0.546578
3837,1453,1404,0.233931,0,0.233931
3838,1453,1454,0.536726,0,0.536726
3839,1454,1406,-0.383083,-0,-0.383083
3840,1406,1453,-0.153643,-0,-0.153643
3841,1454,1455,-0.251168,-0,-0.251168
3842,1455,1407,0.0795288,0,0.0795288
3843,1407,1454,0.17164,0,0.17164
3844,1455,1456,0.460106,0,0.460106
3845,1456,1408,-0.0399498,-0,-0.0399498
3846,1408,1455,-0.420156,-0,-0.420156
3847,1456,1457,-0.0393434,-0,-0.0393434
3848,1457,1409,-0.39786,-0,-0.39786
3849,1409,1456,0.437203,0,0.437203
3850,1457,1458,-0.43142,-0,-0.43142
3851,1458,1409,0.0335605,0,0.0335605
3852,1458,1459,0.410537,0,0.410537
3853,1459,1411,-0.467968,-0,-0.467968
3854,1411,1458,0.0574306,0,0.0574306
3855,1459,1460,-0.288076,-0,-0.288076
3856,1460,1411,-0.179892,-0,-0.179892
3857,1412,1460,0.0370161,0,0.0370161
3858,1460,1461,-0.212846,-0,-0.212846
3859,1461,1412,0.17583,0,0.17583
3860,1461,1462,0.511762,0,0.511762
3861,1462,1414,0.110788,0,0.110788
3862,1414,1461,-0.62255,-0,-0.62255
3863,1462,1463,-0.322253,-0,-0.322253
3864,1463,1415,-0.0418892,-0,-0.0418892
3865,1415,1462,0.364142,0,0.364142
3866,1463,1464,0.374649,0,0.374649
3867,1464,1416,-0.0262545,-0,-0.0262545
3868,1416,1463,-0.348394,-0,-0.348394
3869,1464,1465,-0.17983,-0,-0.17983
3870,1465,1417,-0.384327,-0,-0.384327
3871,1417,1464,0.564157,0,0.564157
3872,1465,1466,0.125728,0,0.125728
3873,1466,1417,-0.510055,-0,-0.510055
3874,1418,1466,0.000525928,0,0.000525928
3875,1466,1467,-0.513757,-0,-0.513757
3876,1467,1418,0.513232,0,0.513232
3877,1467,1468,0.273363,0,0.273363
3878,1468,1420,0.152584,0,0.152584
3879,1420,1467,-0.425947,-0,-0.425947
3880,1468,1469,0.254176,0,0.254176
3881,1469,1421,-0.481453,-0,-0.481453
3882,1421,1468,0.227277,0,0.227277
3883,1469,1470,-0.423493,-0,-0.423493
3884,1470,1421,-0.05796,-0,-0.05796
3885,1470,1471,0.390229,0,0.390229
3886,1471,1423,-0.395925,-0,-0.395925
3887,1423,1470,0.00569579,0,0.00569579
3888,1471,1472,0.0501284,0,0.0501284
3889,1472,1423,-0.446053,-0,-0.446053
3890,1424,1472,0.0572103,0,0.0572103
3891,1472,1473,-0.464661,-0,-0.464661
3892,1473,1424,0.40745,0,0.40745
3893,1425,1473,-0.0947002,-0,-0.0947002
3894,1473,1474,0.294553,0,0.294553
3895,1474,1425,-0.199853,-0,-0.199853
3896,1426,1474,0.378607,0,0.378607
3897,1474,1475,-0.544507,-0,-0.544507
3898,1475,1426,0.1659,0,0.1659
3899,1475,1476,0.548256,0,0.548256
3900,1476,1428,-0.28906,-0,-0.28906
3901,1428,1475,-0.259195,-0,-0.259195
3902,1476,1477,0.0119567,0,0.0119567
3903,1477,1428,-0.301017,-0,-0.301017
3904,1429,1477,0.521283,0,0.521283
3905,1477,1478,-0.330434,-0,-0.330434
3906,1478,1429,-0.190849,-0,-0.190849
3907,1430,1478,-0.140696,-0,-0.140696
3908,1478,1479,-0.19252,-0,-0.19252
3909,1479,1430,0.333216,0,0.333216
3910,1431,1479,0.00778608,0,0.00778608
3911,1479,1480,0.379571,0,0.379571
3912,1480,1431,-0.387357,-0,-0.387357
3913,1432,1480,0.00139862,0,0.00139862
3914,1480,1481,-0.443444,-0,-0.443444
3915,1481,1432,0.442046,0,0.442046
3916,1433,1481,-0.0118298,-0,-0.0118298
3917,1481,1482,0.381059,0,0.381059
3918,1482,1433,-0.369229,-0,-0.369229
3919,1434,1482,-0.041488,-0,-0.041488
3920,1482,1483,-0.432959,-0,-0.432959
3921,1483,1434,0.474447,0,0.474447
3922,1435,1483,-0.186037,-0,-0.186037
3923,1483,1484,0.178213,0,0.178213
3924,1484,1435,0.00782314,0,0.00782314
3925,1484,1485,0.0117482,0,0.0117482
3926,1485,1437,0.0400978,0,0.0400978
3927,1437,1484,-0.051846,-0,-0.051846
3928,1485,1486,0.0267509,0,0.0267509
3929,1486,1437,0.0133469,0,0.0133469
3930,1486,1487,-0.00686984,-0,-0.00686984
3931,1487,1439,-0.00135013,-0,-0.00135013
3932,1439,1486,0.00821997,0,0.00821997
3933,1487,1440,-0.00684427,-0,-0.00684427
3934,1440,1439,0.00549414,0,0.00549414
3935,1488,1489,0.0735576,0,0.0735576
3936,1489,1441,-0.0471059,-0,-0.0471059
3937,1441,1488,-0.0264517,-0,-0.0264517
3938,1489,1490,-0.0676797,-0,-0.0676797
3939,1490,1441,0.0205738,0,0.0205738
3940,1490,1491,-0.0047337,-0,-0.0047337
3941,1491,1443,0.0135478,0,0.0135478
3942,1443,1490,-0.00881412,-0,-0.00881412
3943,1491,1492,-0.0266326,-0,-0.0266326
3944,1492,1443,0.0401804,0,0.0401804
3945,1492,1493,0.045237,0,0.045237
3946,1493,1445,-0.188462,-0,-0.188462
3947,1445,1492,0.143225,0,0.143225
3948,1493,1494,-0.215759,-0,-0.215759
3949,1494,1445,0.0272972,0,0.0272972
3950,1494,1495,0.430001,0,0.430001
3951,1495,1447,-0.349596,-0,-0.349596
3952,1447,1494,-0.0804055,-0,-0.0804055
3953,1495,1496,-0.328775,-0,-0.328775
3954,1496,1447,-0.0208211,-0,-0.0208211
3955,1496,1497,0.481841,0,0.481841
3956,1497,1449,-0.432276,-0,-0.432276
3957,1449,1496,-0.0495652,-0,-0.0495652
3958,1497,1498,-0.422666,-0,-0.422666
3959,1498,1449,-0.00960949,-0,-0.00960949
3960,1498,1499,0.20674,0,0.20674
3961,1499,1451,-0.00882781,-0,-0.00882781
3962,1451,1498,-0.197912,-0,-0.197912
3963,1499,1500,0.031848,0,0.031848
3964,1500,1452,0.226079,0,0.226079
3965,1452,1499,-0.257927,-0,-0.257927
3966,1500,1501,0.188372,0,0.188372
3967,1501,1453,-0.50887,-0,-0.50887
3968,1453,1500,0.320498,0,0.320498
3969,1501,1502,-0.164427,-0,-0.164427
3970,1502,1453,-0.344444,-0,-0.344444
3971,1502,1503,0.306858,0,0.306858
3972,1503,1455,-0.365744,-0,-0.365744
3973,1455,1502,0.0588861,0,0.0588861
3974,1503,1504,-0.469732,-0,-0.469732
3975,1504,1455,0.103988,0,0.103988
3976,1504,1505,0.232938,0,0.232938
3977,1505,1457,0.291812,0,0.291812
3978,1457,1504,-0.52475,-0,-0.52475
3979,1505,1506,0.265419,0,0.265419
3980,1506,1458,-0.405028,-0,-0.405028
3981,1458,1505,0.139608,0,0.139608
3982,1506,1507,-0.423236,-0,-0.423236
3983,1507,1459,0.428745,0,0.428745
3984,1459,1506,-0.00550962,-0,-0.00550962
3985,1507,1508,0.418566,0,0.418566
3986,1508,1460,-0.277897,-0,-0.277897
3987,1460,1507,-0.14067,-0,-0.14067
3988,1508,1509,0.0501818,0,0.0501818
3989,1509,1461,-0.540925,-0,-0.540925
3990,1461,1508,0.490743,0,0.490743
3991,1509,1510,-0.509856,-0,-0.509856
3992,1510,1461,-0.0310684,-0,-0.0310684
3993,1510,1511,0.930451,1,-0.640346
3994,1511,1463,-0.772009,-0,-0.772009
3995,1463,1510,-0.158441,-0,-0.158441
3996,1511,1512,-0.830933,-1,0.739863
3997,1512,1463,0.0589237,0,0.0589237
3998,1512,1513,0.898998,1,-0.671798
3999,1513,1465,-0.645255,-0,-0.645255
4000,1465,1512,-0.253743,-0,-0.253743
4001,1513,1514,-0.95291,-1,0.617886
4002,1514,1465,0.307655,0,0.307655
4003,1514,1515,0.479872,0,0.479872
4004,1515,1467,-0.560247,-0,-0.560247
4005,1467,1514,0.0803748,0,0.0803748
4006,1515,1516,-0.0357334,-0,-0.0357334
4007,1516,1467,-0.524514,-0,-0.524514
4008,1468,1516,0.25115,0,0.25115
4009,1516,1517,-0.412865,-0,-0.412865
4010,1517,1468,0.161715,0,0.161715
4011,1469,1517,-0.41589,-0,-0.41589
4012,1517,1518,0.441993,0,0.441993
4013,1518,1469,-0.0261026,-0,-0.0261026
4014,1470,1518,0.449595,0,0.449595
4015,1518,1519,-0.326836,-0,-0.326836
4016,1519,1470,-0.122759,-0,-0.122759
4017,1471,1519,-0.26747,-0,-0.26747
4018,1519,1520,-0.270382,-0,-0.270382
4019,1520,1471,0.537852,0,0.537852
4020,1520,1521,0.48861,0,0.48861
4021,1521,1473,-0.365289,-0,-0.365289
4022,1473,1520,-0.12332,-0,-0.12332
4023,1521,1522,-0.262568,-0,-0.262568
4024,1522,1473,-0.102721,-0,-0.102721
4025,1522,1523,0.12477,0,0.12477
4026,1523,1475,-0.477445,-0,-0.477445
4027,1475,1522,0.352675,0,0.352675
4028,1523,1524,-0.202724,-0,-0.202724
4029,1524,1475,-0.274721,-0,-0.274721
4030,1476,1524,-0.273535,-0,-0.273535
4031,1524,1525,-0.159177,-0,-0.159177
4032,1525,1476,0.432712,0,0.432712
4033,1525,1526,0.142038,0,0.142038
4034,1526,1478,-0.0278036,-0,-0.0278036
4035,1478,1525,-0.114234,-0,-0.114234
4036,1526,1527,0.281903,0,0.281903
4037,1527,1479,-0.502227,-0,-0.502227
4038,1479,1526,0.220324,0,0.220324
4039,1527,1528,-0.514345,-0,-0.514345
4040,1528,1479,0.0121186,0,0.0121186
4041,1528,1529,0.295333,0,0.295333
4042,1529,1481,-0.347088,-0,-0.347088
4043,1481,1528,0.051755,0,0.051755
4044,1529,1530,-0.420879,-0,-0.420879
4045,1530,1481,0.0737917,0,0.0737917
4046,1530,1531,0.202682,0,0.202682
4047,1531,1483,-0.180791,-0,-0.180791
4048,1483,1530,-0.0218916,-0,-0.0218916
4049,1531,1532,-0.0146285,-0,-0.0146285
4050,1532,1483,-0.166162,-0,-0.166162
4051,1532,1533,0.0177712,0,0.0177712
4052,1533,1485,0.00602838,0,0.00602838
4053,1485,1532,-0.0237996,-0,-0.0237996
4054,1533,1534,0.0154598,0,0.0154598
4055,1534,1485,-0.00943139,-0,-0.00943139
4056,1534,1535,0.0618977,0,0.0618977
4057,1535,1487,-0.0514481,-0,-0.0514481
4058,1487,1534,-0.0104497,-0,-0.0104497
4059,1535,1488,-0.0758595,-0,-0.0758595
4060,1488,1487,0.0244115,0,0.0244115
4061,1536,1537,0.914034,1,-0.656763
4062,1537,1489,-0.627768,-0,-0.627768
4063,1489,1536,-0.286265,-0,-0.286265
4064,1537,1538,-0.78609,-1,0.784706
4065,1538,1489,0.158322,0,0.158322
4066,1538,1539,0.121875,0,0.121875
4067,1539,1491,-0.0359663,-0,-0.0359663
4068,1491,1538,-0.0859083,-0,-0.0859083
4069,1539,1540,-0.00292906,-0,-0.00292906
4070,1540,1491,-0.0330372,-0,-0.0330372
4071,1540,1541,0.308058,0,0.308058
4072,1541,1493,-0.32249,-0,-0.32249
4073,1493,1540,0.0144328,0,0.0144328
4074,1541,1542,-0.253542,-0,-0.253542
4075,1542,1493,-0.0689488,-0,-0.0689488
4076,1494,1542,0.284708,0,0.284708
4077,1542,1543,-0.171045,-0,-0.171045
4078,1543,1494,-0.113663,-0,-0.113663
4079,1495,1543,-0.316338,-0,-0.316338
4080,1543,1544,0.140742,0,0.140742
4081,1544,1495,0.175596,0,0.175596
4082,1496,1544,0.153178,0,0.153178
4083,1544,1545,0.0542298,0,0.0542298
4084,1545,1496,-0.207408,-0,-0.207408
4085,1497,1545,-0.274433,-0,-0.274433
4086,1545,1546,0.279701,0,0.279701
4087,1546,1497,-0.00526823,-0,-0.00526823
4088,1498,1546,0.427934,0,0.427934
4089,1546,1547,-0.47415,-0,-0.47415
4090,1547,1498,0.0462153,0,0.0462153
4091,1499,1547,-0.252955,-0,-0.252955
4092,1547,1548,0.432372,0,0.432372
4093,1548,1499,-0.179417,-0,-0.179417
4094,1500,1548,0.147569,0,0.147569
4095,1548,1549,-0.357247,-0,-0.357247
4096,1549,1500,0.209678,0,0.209678
4097,1501,1549,-0.39805,-0,-0.39805
4098,1549,1550,0.0477641,0,0.0477641
4099,1550,1501,0.350286,0,0.350286
4100,1550,1551,0.517876,0,0.517876
4101,1551,1503,-0.0251581,-0,-0.0251581
4102,1503,1550,-0.492718,-0,-0.492718
4103,1551,1552,0.0136531,0,0.0136531
4104,1552,1504,-0.508543,-0,-0.508543
4105,1504,1551,0.49489,0,0.49489
4106,1552,1553,-0.268511,-0,-0.268511
4107,1553,1504,-0.240032,-0,-0.240032
4108,1505,1553,0.00709416,0,0.00709416
4109,1553,1554,-0.202006,-0,-0.202006
4110,1554,1505,0.194912,0,0.194912
4111,1554,1555,0.206147,0,0.206147
4112,1555,1507,-0.169052,-0,-0.169052
4113,1507,1554,-0.0370954,-0,-0.0370954
4114,1555,1556,-0.171344,-0,-0.171344
4115,1556,1507,0.00229192,0,0.00229192
4116,1556,1557,0.450083,0,0.450083
4117,1557,1509,0.0209566,0,0.0209566
4118,1509,1556,-0.47104,-0,-0.47104
4119,1557,1558,-0.206686,-0,-0.206686
4120,1558,1510,-0.282214,-0,-0.282214
4121,1510,1557,0.4889,0,0.4889
4122,1558,1559,0.0349404,0,0.0349404
4123,1559,1510,-0.317154,-0,-0.317154
4124,1559,1560,-0.0244653,-0,-0.0244653
4125,1560,1512,-0.193172,-0,-0.193172
4126,1512,1559,0.217637,0,0.217637
4127,1560,1561,0.0563085,0,0.0563085
4128,1561,1512,-0.24948,-0,-0.24948
4129,1561,1562,-0.0367559,-0,-0.0367559
4130,1562,1514,-0.266636,-0,-0.266636
4131,1514,1561,0.303392,0,0.303392
4132,1562,1563,0.206514,0,0.206514
4133,1563,1514,-0.47315,-0,-0.47315
4134,1515,1563,-0.00672216,-0,-0.00672216
4135,1563,1564,-0.468823,-0,-0.468823
4136,1564,1515,0.475545,0,0.475545
4137,1564,1565,0.127828,0,0.127828
4138,1565,1517,-0.100881,-0,-0.100881
4139,1517,1564,-0.0269469,-0,-0.0269469
4140,1565,1566,-0.0147151,-0,-0.0147151
4141,1566,1517,-0.0861656,-0,-0.0861656
4142,1566,1567,-0.146303,-0,-0.146303
4143,1567,1519,0.175294,0,0.175294
4144,1519,1566,-0.028991,-0,-0.028991
4145,1567,1568,0.407938,0,0.407938
4146,1568,1520,-0.503026,-0,-0.503026
4147,1520,1567,0.0950886,0,0.0950886
4148,1568,1569,0.0297956,0,0.0297956
4149,1569,1520,-0.532822,-0,-0.532822
4150,1521,1569,0.0442121,0,0.0442121
4151,1569,1570,-0.507592,-0,-0.507592
4152,1570,1521,0.463379,0,0.463379
4153,1570,1571,-0.076825,-0,-0.076825
4154,1571,1523,0.402407,0,0.402407
4155,1523,1570,-0.325582,-0,-0.325582
4156,1571,1572,0.357009,0,0.357009
4157,1572,1524,-0.157326,-0,-0.157326
4158,1524,1571,-0.199683,-0,-0.199683
4159,1572,1573,-0.392864,-0,-0.392864
4160,1573,1525,0.0763607,0,0.0763607
4161,1525,1572,0.316503,0,0.316503
4162,1573,1574,0.547699,0,0.547699
4163,1574,1526,-0.329301,-0,-0.329301
4164,1526,1573,-0.218399,-0,-0.218399
4165,1574,1575,-0.328031,-0,-0.328031
4166,1575,1527,0.280633,0,0.280633
4167,1527,1574,0.0473978,0,0.0473978
4168,1575,1576,-0.0882751,-0,-0.0882751
4169,1576,1528,-0.145437,-0,-0.145437
4170,1528,1575,0.233712,0,0.233712
4171,1576,1577,-0.171943,-0,-0.171943
4172,1577,1529,0.321838,0,0.321838
4173,1529,1576,-0.149895,-0,-0.149895
4174,1577,1578,0.176233,0,0.176233
4175,1578,1530,-0.275274,-0,-0.275274
4176,1530,1577,0.0990409,0,0.0990409
4177,1578,1579,0.256085,0,0.256085
4178,1579,1531,-0.328677,-0,-0.328677
4179,1531,1578,0.0725917,0,0.0725917
4180,1579,1580,-0.280106,-0,-0.280106
4181,1580,1531,-0.048571,-0,-0.048571
4182,1580,1581,0.00477107,0,0.00477107
4183,1581,1533,-0.0501994,-0,-0.0501994
4184,1533,1580,0.0454283,0,0.0454283
4185,1581,1582,-0.114801,-0,-0.114801
4186,1582,1533,0.0646021,0,0.0646021
4187,1582,1583,0.777029,0,0.777029
4188,1583,1535,-0.635069,-0,-0.635069
4189,1535,1582,-0.14196,-0,-0.14196
4190,1583,1536,-0.923636,-1,0.64716
4191,1536,1535,0.288567,0,0.288567
4192,1536,1584,0.293216,0,0.293216
4193,1584,1585,-0.187771,-0,-0.187771
4194,1585,1536,-0.105445,-0,-0.105445
4195,1585,1586,0.3905,0,0.3905
4196,1586,1538,-0.368002,-0,-0.368002
4197,1538,1585,-0.0224986,-0,-0.0224986
4198,1586,1587,-0.193614,-0,-0.193614
4199,1587,1539,-0.0525134,-0,-0.0525134
4200,1539,1586,0.246127,0,0.246127
4201,1587,1588,-0.215634,-0,-0.215634
4202,1588,1539,0.163121,0,0.163121
4203,1588,1589,0.232052,0,0.232052
4204,1589,1541,0.236198,0,0.236198
4205,1541,1588,-0.468249,-0,-0.468249
4206,1589,1590,0.240004,0,0.240004
4207,1590,1542,-0.257348,-0,-0.257348
4208,1542,1589,0.0173439,0,0.0173439
4209,1590,1591,-0.207453,-0,-0.207453
4210,1591,1543,-0.220939,-0,-0.220939
4211,1543,1590,0.428392,0,0.428392
4212,1591,1592,0.156533,0,0.156533
4213,1592,1543,-0.377472,-0,-0.377472
4214,1544,1592,0.23673,0,0.23673
4215,1592,1593,-0.409301,-0,-0.409301
4216,1593,1544,0.172571,0,0.172571
4217,1545,1593,-0.226801,-0,-0.226801
4218,1593,1594,0.161166,0,0.161166
4219,1594,1545,0.0656349,0,0.0656349
4220,1594,1595,0.0516329,0,0.0516329
4221,1595,1547,-0.180447,-0,-0.180447
4222,1547,1594,0.128814,0,0.128814
4223,1595,1596,-0.163093,-0,-0.163093
4224,1596,1547,-0.0173541,-0,-0.0173541
4225,1596,1597,0.482286,0,0.482286
4226,1597,1549,-0.424515,-0,-0.424515
4227,1549,1596,-0.0577707,-0,-0.0577707
4228,1597,1598,-0.272384,-0,-0.272384
4229,1598,1549,-0.152131,-0,-0.152131
4230,1550,1598,0.104367,0,0.104367
4231,1598,1599,-0.0997505,-0,-0.0997505
4232,1599,1550,-0.00461687,-0,-0.00461687
4233,1599,1600,0.235987,0,0.235987
4234,1600,1552,0.290925,0,0.290925
4235,1552,1599,-0.526912,-0,-0.526912
4236,1600,1601,0.222294,0,0.222294
4237,1601,1553,-0.19988,-0,-0.19988
4238,1553,1600,-0.0224143,-0,-0.0224143
4239,1601,1602,-0.311232,-0,-0.311232
4240,1602,1554,-0.0906543,-0,-0.0906543
4241,1554,1601,0.401886,0,0.401886
4242,1602,1603,0.836368,1,-0.734428
4243,1603,1555,-0.720875,-0,-0.720875
4244,1555,1602,-0.115493,-0,-0.115493
4245,1603,1604,-0.83152,-1,0.739277
4246,1604,1555,0.110644,0,0.110644
4247,1556,1604,0.0606993,0,0.0606993
4248,1604,1605,-0.0488198,-0,-0.0488198
4249,1605,1556,-0.0118795,-0,-0.0118795
4250,1605,1606,0.457386,0,0.457386
4251,1606,1558,-0.225868,-0,-0.225868
4252,1558,1605,-0.231518,-0,-0.231518
4253,1606,1607,-0.204836,-0,-0.204836
4254,1607,1558,-0.0210324,-0,-0.0210324
4255,1607,1608,0.0488,0,0.0488
4256,1608,1560,-0.0593573,-0,-0.0593573
4257,1560,1607,0.0105573,0,0.0105573
4258,1608,1609,-0.0220063,-0,-0.0220063
4259,1609,1560,-0.037351,-0,-0.037351
4260,1609,1610,0.242943,0,0.242943
4261,1610,1562,-0.260741,-0,-0.260741
4262,1562,1609,0.0177984,0,0.0177984
4263,1610,1611,-0.500628,-0,-0.500628
4264,1611,1562,0.239887,0,0.239887
4265,1611,1612,-0.0393019,-0,-0.0393019
4266,1612,1564,0.0168796,0,0.0168796
4267,1564,1611,0.0224223,0,0.0224223
4268,1612,1613,0.817297,1,-0.753499
4269,1613,1565,-0.67259,-0,-0.67259
4270,1565,1612,-0.144707,-0,-0.144707
4271,1613,1614,-0.913391,-1,0.657405
4272,1614,1565,0.240801,0,0.240801
4273,1614,1615,0.90766,1,-0.663137
4274,1615,1567,-0.827876,-1,0.74292
4275,1567,1614,-0.0797833,-0,-0.0797833
4276,1615,1616,-0.613175,-0,-0.613175
4277,1616,1567,-0.214701,-0,-0.214701
4278,1568,1616,-0.193236,-0,-0.193236
4279,1616,1617,-0.270545,-0,-0.270545
4280,1617,1568,0.463781,0,0.463781
4281,1617,1618,0.0824056,0,0.0824056
4282,1618,1570,-0.0964204,-0,-0.0964204
4283,1570,1617,0.0140147,0,0.0140147
4284,1618,1619,0.255479,0,0.255479
4285,1619,1571,-0.428724,-0,-0.428724
4286,1571,1618,0.173245,0,0.173245
4287,1619,1620,-0.457982,-0,-0.457982
4288,1620,1571,0.0292578,0,0.0292578
4289,1620,1621,0.168526,0,0.168526
4290,1621,1573,-0.175123,-0,-0.175123
4291,1573,1620,0.00659733,0,0.00659733
4292,1621,1622,0.0184617,0,0.0184617
4293,1622,1573,-0.193585,-0,-0.193585
4294,1622,1623,-0.230633,-0,-0.230633
4295,1623,1575,0.256717,0,0.256717
4296,1575,1622,-0.0260841,-0,-0.0260841
4297,1623,1624,0.421165,0,0.421165
4298,1624,1576,-0.252723,-0,-0.252723
4299,1576,1623,-0.168442,-0,-0.168442
4300,1624,1625,-0.243139,-0,-0.243139
4301,1625,1577,-0.181527,-0,-0.181527
4302,1577,1624,0.424666,0,0.424666
4303,1625,1626,0.247889,0,0.247889
4304,1626,1577,-0.429416,-0,-0.429416
4305,1578,1626,0.253183,0,0.253183
4306,1626,1627,-0.234612,-0,-0.234612
4307,1627,1578,-0.0185703,-0,-0.0185703
4308,1579,1627,-0.237515,-0,-0.237515
4309,1627,1628,-0.205019,-0,-0.205019
4310,1628,1579,0.442534,0,0.442534
4311,1628,1629,0.245215,0,0.245215
4312,1629,1581,-0.0780163,-0,-0.0780163
4313,1581,1628,-0.167199,-0,-0.167199
4314,1629,1630,0.215667,0,0.215667
4315,1630,1581,-0.293683,-0,-0.293683
4316,1582,1630,0.408484,0,0.408484
4317,1630,1631,-0.432241,-0,-0.432241
4318,1631,1582,0.0237564,0,0.0237564
4319,1631,1584,0.170365,0,0.170365
4320,1536,1631,0.122851,0,0.122851
4321,1584,1632,0.71044,0,0.71044
4322,1632,1633,-0.659218,-0,-0.659218
4323,1633,1584,-0.0512219,-0,-0.0512219
4324,1585,1633,0.238993,0,0.238993
4325,1633,1634,-0.203431,-0,-0.203431
4326,1634,1585,-0.0355619,-0,-0.0355619
4327,1634,1635,0.408013,0,0.408013
4328,1635,1587,-0.246688,-0,-0.246688
4329,1587,1634,-0.161325,-0,-0.161325
4330,1635,1636,-0.282781,-0,-0.282781
4331,1636,1587,0.0360924,0,0.0360924
4332,1588,1636,0.179542,0,0.179542
4333,1636,1637,-0.00575332,-0,-0.00575332
4334,1637,1588,-0.173789,-0,-0.173789
4335,1589,1637,-0.0582631,-0,-0.0582631
4336,1637,1638,-0.106163,-0,-0.106163
4337,1638,1589,0.164426,0,0.164426
4338,1638,1639,0.39081,0,0.39081
4339,1639,1591,-0.193832,-0,-0.193832
4340,1591,1638,-0.196977,-0,-0.196977
4341,1639,1640,-0.392826,-0,-0.392826
4342,1640,1591,0.198994,0,0.198994
4343,1640,1641,0.392451,0,0.392451
4344,1641,1593,-0.446225,-0,-0.446225
4345,1593,1640,0.0537743,0,0.0537743
4346,1641,1642,-0.380547,-0,-0.380547
4347,1642,1593,-0.0656784,-0,-0.0656784
4348,1642,1643,0.520579,0,0.520579
4349,1643,1595,-0.373459,-0,-0.373459
4350,1595,1642,-0.147121,-0,-0.147121
4351,1643,1644,-0.28169,-0,-0.28169
4352,1644,1595,-0.0917686,-0,-0.0917686
4353,1596,1644,0.254861,0,0.254861
4354,1644,1645,-0.000547227,-0,-0.000547227
4355,1645,1596,-0.254314,-0,-0.254314
4356,1597,1645,-0.227972,-0,-0.227972
4357,1645,1646,0.0251412,0,0.0251412
4358,1646,1597,0.202831,0,0.202831
4359,1598,1646,0.0695531,0,0.0695531
4360,1646,1647,-0.0552561,-0,-0.0552561
4361,1647,1598,-0.014297,-0,-0.014297
4362,1599,1647,0.114048,0,0.114048
4363,1647,1648,0.00657629,0,0.00657629
4364,1648,1599,-0.120624,-0,-0.120624
4365,1600,1648,-0.115363,-0,-0.115363
4366,1648,1649,-0.0714095,-0,-0.0714095
4367,1649,1600,0.186773,0,0.186773
4368,1649,1650,0.481296,0,0.481296
4369,1650,1602,-0.383461,-0,-0.383461
4370,1602,1649,-0.0978353,-0,-0.0978353
4371,1650,1651,-0.303979,-0,-0.303979
4372,1651,1602,-0.0794821,-0,-0.0794821
4373,1651,1652,0.394242,0,0.394242
4374,1652,1604,-0.468876,-0,-0.468876
4375,1604,1651,0.0746336,0,0.0746336
4376,1652,1653,-0.295979,-0,-0.295979
4377,1653,1604,-0.172897,-0,-0.172897
4378,1605,1653,0.221717,0,0.221717
4379,1653,1654,-0.0240548,-0,-0.0240548
4380,1654,1605,-0.197662,-0,-0.197662
4381,1606,1654,-0.259724,-0,-0.259724
4382,1654,1655,-0.175976,-0,-0.175976
4383,1655,1606,0.435701,0,0.435701
4384,1655,1656,0.950396,1,-0.620401
4385,1656,1608,-0.670731,-0,-0.670731
4386,1608,1655,-0.279665,-0,-0.279665
4387,1656,1657,-0.936768,-1,0.634028
4388,1657,1608,0.266038,0,0.266038
4389,1657,1658,0.410262,0,0.410262
4390,1658,1610,0.0767125,0,0.0767125
4391,1610,1657,-0.486974,-0,-0.486974
4392,1658,1659,-0.424349,-0,-0.424349
4393,1659,1611,0.000432668,0,0.000432668
4394,1611,1658,0.423916,0,0.423916
4395,1659,1660,0.412828,0,0.412828
4396,1660,1612,-0.451697,-0,-0.451697
4397,1612,1659,0.0388693,0,0.0388693
4398,1660,1661,-0.376807,-0,-0.376807
4399,1661,1612,-0.0748902,-0,-0.0748902
4400,1661,1662,0.316688,0,0.316688
4401,1662,1614,-0.487673,-0,-0.487673
4402,1614,1661,0.170984,0,0.170984
4403,1662,1663,-0.376044,-0,-0.376044
4404,1663,1614,-0.111629,-0,-0.111629
4405,1663,1664,0.0419002,0,0.0419002
4406,1664,1616,0.140956,0,0.140956
4407,1616,1663,-0.182856,-0,-0.182856
4408,1664,1665,-0.0237789,-0,-0.0237789
4409,1665,1617,-0.10581,-0,-0.10581
4410,1617,1664,0.129589,0,0.129589
4411,1665,1666,0.0471403,0,0.0471403
4412,1666,1618,-0.070545,-0,-0.070545
4413,1618,1665,0.0234047,0,0.0234047
4414,1666,1667,-0.0208938,-0,-0.0208938
4415,1667,1619,0.205828,0,0.205828
4416,1619,1666,-0.184934,-0,-0.184934
4417,1667,1668,-0.00813931,-0,-0.00813931
4418,1668,1620,-0.244015,-0,-0.244015
4419,1620,1667,0.252154,0,0.252154
4420,1668,1669,0.246151,0,0.246151
4421,1669,1621,-0.32164,-0,-0.32164
4422,1621,1668,0.0754895,0,0.0754895
4423,1669,1670,-0.315177,-0,-0.315177
4424,1670,1621,-0.00646384,-0,-0.00646384
4425,1670,1671,-0.0661778,-0,-0.0661778
4426,1671,1623,-0.152457,-0,-0.152457
4427,1623,1670,0.218635,0,0.218635
4428,1671,1672,0.00950538,0,0.00950538
4429,1672,1623,-0.161962,-0,-0.161962
4430,1672,1673,-0.0283176,-0,-0.0283176
4431,1673,1625,0.0443808,0,0.0443808
4432,1625,1672,-0.0160632,-0,-0.0160632
4433,1673,1674,-0.139327,-0,-0.139327
4434,1674,1625,0.183708,0,0.183708
4435,1674,1675,0.149467,0,0.149467
4436,1675,1627,0.0475174,0,0.0475174
4437,1627,1674,-0.196984,-0,-0.196984
4438,1675,1676,0.0205118,0,0.0205118
4439,1676,1628,-0.178013,-0,-0.178013
4440,1628,1675,0.157501,0,0.157501
4441,1676,1677,0.289468,0,0.289468
4442,1677,1629,-0.222266,-0,-0.222266
4443,1629,1676,-0.0672019,-0,-0.0672019
4444,1677,1678,-0.235012,-0,-0.235012
4445,1678,1629,0.0127458,0,0.0127458
4446,1678,1679,-0.138641,-0,-0.138641
4447,1679,1631,-0.0651878,-0,-0.0651878
4448,1631,1678,0.203828,0,0.203828
4449,1679,1632,0.815617,1,-0.755179
4450,1584,1679,-0.105177,-0,-0.105177
4451,1680,1681,0.42349,0,0.42349
4452,1681,1633,-0.131523,-0,-0.131523
4453,1633,1680,-0.291967,-0,-0.291967
4454,1681,1682,-0.173694,-0,-0.173694
4455,1682,1634,-0.161259,-0,-0.161259
4456,1634,1681,0.334954,0,0.334954
4457,1682,1683,-0.147673,-0,-0.147673
4458,1683,1635,0.394427,0,0.394427
4459,1635,1682,-0.246754,-0,-0.246754
4460,1683,1684,0.0941496,0,0.0941496
4461,1684,1636,0.0174964,0,0.0174964
4462,1636,1683,-0.111646,-0,-0.111646
4463,1684,1685,0.243496,0,0.243496
4464,1685,1637,-0.231753,-0,-0.231753
4465,1637,1684,-0.0117431,-0,-0.0117431
4466,1685,1686,-0.334627,-0,-0.334627
4467,1686,1638,-0.00328869,-0,-0.00328869
4468,1638,1685,0.337916,0,0.337916
4469,1686,1687,0.155309,0,0.155309
4470,1687,1639,0.232212,0,0.232212
4471,1639,1686,-0.387521,-0,-0.387521
4472,1687,1688,0.00131265,0,0.00131265
4473,1688,1640,-0.161927,-0,-0.161927
4474,1640,1687,0.160615,0,0.160615
4475,1688,1689,0.0762174,0,0.0762174
4476,1689,1641,0.154306,0,0.154306
4477,1641,1688,-0.230524,-0,-0.230524
4478,1689,1690,0.0800815,0,0.0800815
4479,1690,1642,-0.306322,-0,-0.306322
4480,1642,1689,0.226241,0,0.226241
4481,1690,1691,-0.00434136,-0,-0.00434136
4482,1691,1643,0.218599,0,0.218599
4483,1643,1690,-0.214257,-0,-0.214257
4484,1691,1692,-0.060739,-0,-0.060739
4485,1692,1644,-0.0023525,-0,-0.0023525
4486,1644,1691,0.0630915,0,0.0630915
4487,1692,1693,-0.00583787,-0,-0.00583787
4488,1693,1645,0.00293814,0,0.00293814
4489,1645,1692,0.00289973,0,0.00289973
4490,1693,1694,0.00194046,0,0.00194046
4491,1694,1646,0.0261389,0,0.0261389
4492,1646,1693,-0.0280794,-0,-0.0280794
4493,1694,1695,0.00635299,0,0.00635299
4494,1695,1647,-0.0354702,-0,-0.0354702
4495,1647,1694,0.0291172,0,0.0291172
4496,1695,1696,0.0229109,0,0.0229109
4497,1696,1648,-0.0518048,-0,-0.0518048
4498,1648,1695,0.0288939,0,0.0288939
4499,1696,1697,0.104319,0,0.104319
4500,1697,1649,-0.227533,-0,-0.227533
4501,1649,1696,0.123214,0,0.123214
4502,1697,1698,0.0723063,0,0.0723063
4503,1698,1650,0.181457,0,0.181457
4504,1650,1697,-0.253763,-0,-0.253763
4505,1698,1699,0.0425806,0,0.0425806
4506,1699,1651,-0.165103,-0,-0.165103
4507,1651,1698,0.122522,0,0.122522
4508,1699,1700,0.0203133,0,0.0203133
4509,1700,1652,0.208826,0,0.208826
4510,1652,1699,-0.22914,-0,-0.22914
4511,1700,1701,-0.0564154,-0,-0.0564154
4512,1701,1653,-0.0307369,-0,-0.0307369
4513,1653,1700,0.0871523,0,0.0871523
4514,1701,1702,-0.0246664,-0,-0.0246664
4515,1702,1654,-0.0301253,-0,-0.0301253
4516,1654,1701,0.0547917,0,0.0547917
4517,1702,1703,0.290121,0,0.290121
4518,1703,1655,-0.496223,-0,-0.496223
4519,1655,1702,0.206102,0,0.206102
4520,1703,1704,-0.13466,-0,-0.13466
4521,1704,1655,-0.361563,-0,-0.361563
4522,1704,1705,0.092879,0,0.092879
4523,1705,1657,-0.440815,-0,-0.440815
4524,1657,1704,0.347936,0,0.347936
4525,1705,1706,-0.437129,-0,-0.437129
4526,1706,1657,-0.00368552,-0,-0.00368552
4527,1706,1707,0.463679,0,0.463679
4528,1707,1659,-0.481451,-0,-0.481451
4529,1659,1706,0.0177724,0,0.0177724
4530,1707,1708,-0.200698,-0,-0.200698
4531,1708,1659,-0.280753,-0,-0.280753
4532,1660,1708,-0.132075,-0,-0.132075
4533,1708,1709,-0.0479424,-0,-0.0479424
4534,1709,1660,0.180017,0,0.180017
4535,1661,1709,0.19679,0,0.19679
4536,1709,1710,-0.0387756,-0,-0.0387756
4537,1710,1661,-0.158014,-0,-0.158014
4538,1662,1710,-0.158674,-0,-0.158674
4539,1710,1711,-0.0471532,-0,-0.0471532
4540,1711,1662,0.205827,0,0.205827
4541,1663,1711,0.170217,0,0.170217
4542,1711,1712,-0.087423,-0,-0.087423
4543,1712,1663,-0.0827936,-0,-0.0827936
4544,1664,1712,0.0408934,0,0.0408934
4545,1712,1713,-0.0300638,-0,-0.0300638
4546,1713,1664,-0.0108295,-0,-0.0108295
4547,1665,1713,0.0346084,0,0.0346084
4548,1713,1714,-0.0129323,-0,-0.0129323
4549,1714,1665,-0.0216761,-0,-0.0216761
4550,1666,1714,-0.0254642,-0,-0.0254642
4551,1714,1715,0.00325219,0,0.00325219
4552,1715,1666,0.022212,0,0.022212
4553,1667,1715,-0.0013182,-0,-0.0013182
4554,1715,1716,0.0355591,0,0.0355591
4555,1716,1667,-0.0342409,-0,-0.0342409
4556,1668,1716,0.0423802,0,0.0423802
4557,1716,1717,-0.0195031,-0,-0.0195031
4558,1717,1668,-0.0228771,-0,-0.0228771
4559,1669,1717,-0.223274,-0,-0.223274
4560,1717,1718,-0.202152,-0,-0.202152
4561,1718,1669,0.425426,0,0.425426
4562,1718,1719,0.37055,0,0.37055
4563,1719,1671,-0.326479,-0,-0.326479
4564,1671,1718,-0.0440712,-0,-0.0440712
4565,1719,1720,-0.457745,-0,-0.457745
4566,1720,1671,0.131266,0,0.131266
4567,1720,1721,0.44489,0,0.44489
4568,1721,1673,-0.332436,-0,-0.332436
4569,1673,1720,-0.112454,-0,-0.112454
4570,1721,1722,-0.420485,-0,-0.420485
4571,1722,1673,0.0880488,0,0.0880488
4572,1674,1722,0.0512782,0,0.0512782
4573,1722,1723,0.341204,0,0.341204
4574,1723,1674,-0.392483,-0,-0.392483
4575,1675,1723,0.243016,0,0.243016
4576,1723,1724,-0.243015,-0,-0.243015
4577,1724,1675,-7.53766e-07,-0,-7.53766e-07
4578,1676,1724,-0.020511,-0,-0.020511
4579,1724,1725,-0.112664,-0,-0.112664
4580,1725,1676,0.133175,0,0.133175
4581,1677,1725,-0.422643,-0,-0.422643
4582,1725,1726,0.038597,0,0.038597
4583,1726,1677,0.384046,0,0.384046
4584,1726,1727,0.745642,0,0.745642
4585,1727,1679,-0.735249,-0,-0.735249
4586,1679,1726,-0.0103933,-0,-0.0103933
4587,1727,1680,-0.870818,-1,0.699979
4588,1680,1679,0.135569,0,0.135569
4589,1680,1728,0.458561,0,0.458561
4590,1728,1729,-0.529437,-0,-0.529437
4591,1729,1680,0.0708763,0,0.0708763
4592,1729,1730,0.539707,0,0.539707
4593,1730,1682,-0.219034,-0,-0.219034
4594,1682,1729,-0.320672,-0,-0.320672
4595,1730,1731,0.0121502,0,0.0121502
4596,1731,1683,-0.378858,-0,-0.378858
4597,1683,1730,0.366708,0,0.366708
4598,1731,1732,-0.309328,-0,-0.309328
4599,1732,1683,-0.0695299,-0,-0.0695299
4600,1684,1732,-0.0246197,-0,-0.0246197
4601,1732,1733,-0.124938,-0,-0.124938
4602,1733,1684,0.149558,0,0.149558
4603,1733,1734,0.547487,0,0.547487
4604,1734,1686,-0.48906,-0,-0.48906
4605,1686,1733,-0.0584265,-0,-0.0584265
4606,1734,1735,-0.245296,-0,-0.245296
4607,1735,1686,-0.243764,-0,-0.243764
4608,1687,1735,0.0884553,0,0.0884553
4609,1735,1736,-0.0913786,-0,-0.0913786
4610,1736,1687,0.00292331,0,0.00292331
4611,1688,1736,-0.00423596,-0,-0.00423596
4612,1736,1737,-0.132457,-0,-0.132457
4613,1737,1688,0.136693,0,0.136693
4614,1689,1737,-0.21291,-0,-0.21291
4615,1737,1738,0.495847,0,0.495847
4616,1738,1689,-0.282937,-0,-0.282937
4617,1690,1738,0.202856,0,0.202856
4618,1738,1739,-0.227958,-0,-0.227958
4619,1739,1690,0.0251019,0,0.0251019
4620,1691,1739,-0.0207606,-0,-0.0207606
4621,1739,1740,-0.0569297,-0,-0.0569297
4622,1740,1691,0.0776903,0,0.0776903
4623,1692,1740,-0.0169514,-0,-0.0169514
4624,1740,1741,-0.0156811,-0,-0.0156811
4625,1741,1692,0.0326325,0,0.0326325
4626,1693,1741,-0.0267946,-0,-0.0267946
4627,1741,1742,0.0141308,0,0.0141308
4628,1742,1693,0.0126639,0,0.0126639
4629,1694,1742,-0.0146043,-0,-0.0146043
4630,1742,1743,0.026464,0,0.026464
4631,1743,1694,-0.0118596,-0,-0.0118596
4632,1695,1743,0.00550666,0,0.00550666
4633,1743,1744,0.0347725,0,0.0347725
4634,1744,1695,-0.0402792,-0,-0.0402792
4635,1696,1744,0.0173683,0,0.0173683
4636,1744,1745,0.0563119,0,0.0563119
4637,1745,1696,-0.0736801,-0,-0.0736801
4638,1697,1745,-0.0306386,-0,-0.0306386
4639,1745,1746,0.0639796,0,0.0639796
4640,1746,1697,-0.033341,-0,-0.033341
4641,1698,1746,-0.0389653,-0,-0.0389653
4642,1746,1747,0.0450108,0,0.0450108
4643,1747,1698,-0.00604548,-0,-0.00604548
4644,1699,1747,-0.0365351,-0,-0.0365351
4645,1747,1748,0.0272234,0,0.0272234
4646,1748,1699,0.00931172,0,0.00931172
4647,1700,1748,-0.029625,-0,-0.029625
4648,1748,1749,0.00990262,0,0.00990262
4649,1749,1700,0.0197224,0,0.0197224
4650,1701,1749,0.036693,0,0.036693
4651,1749,1750,-0.0243356,-0,-0.0243356
4652,1750,1701,-0.0123575,-0,-0.0123575
4653,1702,1750,0.0370239,0,0.0370239
4654,1750,1751,-0.157659,-0,-0.157659
4655,1751,1702,0.120635,0,0.120635
4656,1703,1751,-0.410757,-0,-0.410757
4657,1751,1752,0.164092,0,0.164092
4658,1752,1703,0.246665,0,0.246665
4659,1752,1753,-0.192758,-0,-0.192758
4660,1753,1705,0.397642,0,0.397642
4661,1705,1752,-0.204884,-0,-0.204884
4662,1753,1754,0.188399,0,0.188399
4663,1754,1706,-0.227886,-0,-0.227886
4664,1706,1753,0.0394876,0,0.0394876
4665,1754,1755,0.0544866,0,0.0544866
4666,1755,1707,0.181306,0,0.181306
4667,1707,1754,-0.235793,-0,-0.235793
4668,1755,1756,-0.0473559,-0,-0.0473559
4669,1756,1708,0.0279639,0,0.0279639
4670,1708,1755,0.0193921,0,0.0193921
4671,1756,1757,-0.0364285,-0,-0.0364285
4672,1757,1709,0.01645,0,0.01645
4673,1709,1756,0.0199785,0,0.0199785
4674,1757,1758,-0.0404935,-0,-0.0404935
4675,1758,1710,0.018168,0,0.018168
4676,1710,1757,0.0223255,0,0.0223255
4677,1758,1759,-0.0564861,-0,-0.0564861
4678,1759,1711,0.0275009,0,0.0275009
4679,1711,1758,0.0289852,0,0.0289852
4680,1759,1760,-0.05609,-0,-0.05609
4681,1760,1712,-0.00383209,-0,-0.00383209
4682,1712,1759,0.0599221,0,0.0599221
4683,1760,1761,-0.0414011,-0,-0.0414011
4684,1761,1713,0.00750518,0,0.00750518
4685,1713,1760,0.0338959,0,0.0338959
4686,1761,1762,-0.0321742,-0,-0.0321742
4687,1762,1714,0.026747,0,0.026747
4688,1714,1761,0.00542712,0,0.00542712
4689,1762,1763,0.00348256,0,0.00348256
4690,1763,1715,0.0265167,0,0.0265167
4691,1715,1762,-0.0299992,-0,-0.0299992
4692,1763,1764,0.25577,0,0.25577
4693,1764,1716,-0.193694,-0,-0.193694
4694,1716,1763,-0.0620757,-0,-0.0620757
4695,1764,1765,-0.443459,-0,-0.443459
4696,1765,1717,0.230262,0,0.230262
4697,1717,1764,0.213197,0,0.213197
4698,1765,1766,0.438731,0,0.438731
4699,1766,1718,-0.410621,-0,-0.410621
4700,1718,1765,-0.0281101,-0,-0.0281101
4701,1766,1767,-0.456943,-0,-0.456943
4702,1767,1719,0.416872,0,0.416872
4703,1719,1766,0.0400711,0,0.0400711
4704,1767,1768,0.171834,0,0.171834
4705,1768,1720,-0.212707,-0,-0.212707
4706,1720,1767,0.0408729,0,0.0408729
4707,1768,1769,0.127174,0,0.127174
4708,1769,1721,0.105009,0,0.105009
4709,1721,1768,-0.232184,-0,-0.232184
4710,1769,1770,0.202559,0,0.202559
4711,1770,1722,-0.518035,-0,-0.518035
4712,1722,1769,0.315476,0,0.315476
4713,1770,1771,-0.54971,-0,-0.54971
4714,1771,1722,0.0316752,0,0.0316752
4715,1771,1772,0.113359,0,0.113359
4716,1772,1724,0.0165055,0,0.0165055
4717,1724,1771,-0.129865,-0,-0.129865
4718,1772,1773,0.298289,0,0.298289
4719,1773,1725,-0.394448,-0,-0.394448
4720,1725,1772,0.0961583,0,0.0961583
4721,1773,1774,-0.00404575,-0,-0.00404575
4722,1774,1725,-0.390402,-0,-0.390402
4723,1726,1774,0.351805,0,0.351805
4724,1774,1775,-0.390959,-0,-0.390959
4725,1775,1726,0.039154,0,0.039154
4726,1775,1728,0.37254,0,0.37254
4727,1680,1775,0.0860212,0,0.0860212
4728,1776,1777,-0.0465028,-0,-0.0465028
4729,1777,1729,-0.522728,-0,-0.522728
4730,1729,1776,0.56923,0,0.56923
4731,1777,1778,-0.422959,-0,-0.422959
4732,1778,1729,-0.099769,-0,-0.099769
4733,1778,1779,0.025756,0,0.025756
4734,1779,1731,0.426332,0,0.426332
4735,1731,1778,-0.452088,-0,-0.452088
4736,1779,1780,0.0990442,0,0.0990442
4737,1780,1732,0.0179598,0,0.0179598
4738,1732,1779,-0.117004,-0,-0.117004
4739,1780,1781,0.113387,0,0.113387
4740,1781,1733,-0.220365,-0,-0.220365
4741,1733,1780,0.106978,0,0.106978
4742,1781,1782,0.343037,0,0.343037
4743,1782,1734,-0.015916,-0,-0.015916
4744,1734,1781,-0.327121,-0,-0.327121
4745,1782,1783,-0.341059,-0,-0.341059
4746,1783,1735,0.0798464,0,0.0798464
4747,1735,1782,0.261212,0,0.261212
4748,1783,1784,0.0134351,0,0.0134351
4749,1784,1736,-0.0249673,-0,-0.0249673
4750,1736,1783,0.0115322,0,0.0115322
4751,1784,1785,0.069641,0,0.069641
4752,1785,1737,-0.227065,-0,-0.227065
4753,1737,1784,0.157424,0,0.157424
4754,1785,1786,-0.0538779,-0,-0.0538779
4755,1786,1737,-0.173187,-0,-0.173187
4756,1786,1787,-0.0268059,-0,-0.0268059
4757,1787,1739,0.121508,0,0.121508
4758,1739,1786,-0.0947025,-0,-0.0947025
4759,1787,1788,-0.00674574,-0,-0.00674574
4760,1788,1740,0.0713244,0,0.0713244
4761,1740,1787,-0.0645787,-0,-0.0645787
4762,1788,1789,0.0213585,0,0.0213585
4763,1789,1741,0.0342848,0,0.0342848
4764,1741,1788,-0.0556433,-0,-0.0556433
4765,1789,1790,0.0558802,0,0.0558802
4766,1790,1742,-0.00746461,-0,-0.00746461
4767,1742,1789,-0.0484156,-0,-0.0484156
4768,1790,1791,0.0450986,0,0.0450986
4769,1791,1743,-0.0260993,-0,-0.0260993
4770,1743,1790,-0.0189994,-0,-0.0189994
4771,1791,1792,0.0509011,0,0.0509011
4772,1792,1744,-0.0422278,-0,-0.0422278
4773,1744,1791,-0.00867328,-0,-0.00867328
4774,1792,1793,0.0604097,0,0.0604097
4775,1793,1745,-0.0463257,-0,-0.0463257
4776,1745,1792,-0.014084,-0,-0.014084
4777,1793,1794,0.0450102,0,0.0450102
4778,1794,1746,-0.0273563,-0,-0.0273563
4779,1746,1793,-0.0176539,-0,-0.0176539
4780,1794,1795,0.0185459,0,0.0185459
4781,1795,1747,-0.000891401,-0,-0.000891401
4782,1747,1794,-0.0176545,-0,-0.0176545
4783,1795,1796,0.0265915,0,0.0265915
4784,1796,1748,-0.000259521,-0,-0.000259521
4785,1748,1795,-0.026332,-0,-0.026332
4786,1796,1797,0.0657013,0,0.0657013
4787,1797,1749,-0.0560582,-0,-0.0560582
4788,1749,1796,-0.00964309,-0,-0.00964309
4789,1797,1798,0.0170116,0,0.0170116
4790,1798,1750,-0.0974054,-0,-0.0974054
4791,1750,1797,0.0803938,0,0.0803938
4792,1798,1799,0.247621,0,0.247621
4793,1799,1751,-0.502685,-0,-0.502685
4794,1751,1798,0.255065,0,0.255065
4795,1799,1800,-0.550436,-0,-0.550436
4796,1800,1751,0.0477509,0,0.0477509
4797,1800,1801,0.594165,0,0.594165
4798,1801,1753,-0.57508,-0,-0.57508
4799,1753,1800,-0.019085,-0,-0.019085
4800,1801,1802,-0.302121,-0,-0.302121
4801,1802,1753,-0.272958,-0,-0.272958
4802,1754,1802,0.0845597,0,0.0845597
4803,1802,1803,-0.0481309,-0,-0.0481309
4804,1803,1754,-0.0364287,-0,-0.0364287
4805,1755,1803,-0.0180579,-0,-0.0180579
4806,1803,1804,-0.0286542,-0,-0.0286542
4807,1804,1755,0.0467121,0,0.0467121
4808,1756,1804,0.000643839,0,0.000643839
4809,1804,1805,-0.0246379,-0,-0.0246379
4810,1805,1756,0.0239941,0,0.0239941
4811,1757,1805,0.0124344,0,0.0124344
4812,1805,1806,-0.0190146,-0,-0.0190146
4813,1806,1757,0.00658018,0,0.00658018
4814,1758,1806,0.0339134,0,0.0339134
4815,1806,1807,-0.044642,-0,-0.044642
4816,1807,1758,0.0107286,0,0.0107286
4817,1759,1807,0.0457575,0,0.0457575
4818,1807,1808,-0.0626114,-0,-0.0626114
4819,1808,1759,0.0168539,0,0.0168539
4820,1760,1808,0.0392361,0,0.0392361
4821,1808,1809,-0.0580145,-0,-0.0580145
4822,1809,1760,0.0187784,0,0.0187784
4823,1761,1809,0.0226227,0,0.0226227
4824,1809,1810,-0.0585292,-0,-0.0585292
4825,1810,1761,0.0359065,0,0.0359065
4826,1762,1810,-0.00373228,-0,-0.00373228
4827,1810,1811,-0.0862487,-0,-0.0862487
4828,1811,1762,0.089981,0,0.089981
4829,1763,1811,-0.0934635,-0,-0.0934635
4830,1811,1812,-0.154605,-0,-0.154605
4831,1812,1763,0.248069,0,0.248069
4832,1812,1813,0.412434,0,0.412434
4833,1813,1765,-0.352055,-0,-0.352055
4834,1765,1812,-0.0603794,-0,-0.0603794
4835,1813,1814,-0.173633,-0,-0.173633
4836,1814,1765,-0.178422,-0,-0.178422
4837,1814,1815,0.0305517,0,0.0305517
4838,1815,1767,-0.227186,-0,-0.227186
4839,1767,1814,0.196634,0,0.196634
4840,1815,1816,-0.0458378,-0,-0.0458378
4841,1816,1767,-0.181348,-0,-0.181348
4842,1768,1816,0.00951446,0,0.00951446
4843,1816,1817,0.00871474,0,0.00871474
4844,1817,1768,-0.0182292,-0,-0.0182292
4845,1769,1817,-0.108945,-0,-0.108945
4846,1817,1818,0.356159,0,0.356159
4847,1818,1769,-0.247214,-0,-0.247214
4848,1770,1818,0.0446548,0,0.0446548
4849,1818,1819,-0.360284,-0,-0.360284
4850,1819,1770,0.315629,0,0.315629
4851,1771,1819,0.234081,0,0.234081
4852,1819,1820,-0.116712,-0,-0.116712
4853,1820,1771,-0.11737,-0,-0.11737
4854,1772,1820,0.00401044,0,0.00401044
4855,1820,1821,-0.108928,-0,-0.108928
4856,1821,1772,0.104917,0,0.104917
4857,1773,1821,-0.403207,-0,-0.403207
4858,1821,1822,-0.0501486,-0,-0.0501486
4859,1822,1773,0.453355,0,0.453355
4860,1822,1823,0.188518,0,0.188518
4861,1823,1775,-0.130167,-0,-0.130167
4862,1775,1822,-0.0583504,-0,-0.0583504
4863,1823,1776,0.282166,0,0.282166
4864,1776,1728,-0.0397932,-0,-0.0397932
4865,1728,1823,-0.242372,-0,-0.242372
4866,1824,1825,0.488703,0,0.488703
4867,1825,1777,0.0902086,0,0.0902086
4868,1777,1824,-0.578911,-0,-0.578911
4869,1825,1826,-0.318075,-0,-0.318075
4870,1826,1778,-0.0146754,-0,-0.0146754
4871,1778,1825,0.33275,0,0.33275
4872,1826,1827,0.804679,1,-0.766117
4873,1827,1779,-0.793598,-1,0.777198
4874,1779,1826,-0.0110807,-0,-0.0110807
4875,1827,1828,-0.629806,-0,-0.629806
4876,1828,1779,-0.163792,-0,-0.163792
4877,1780,1828,0.064748,0,0.064748
4878,1828,1829,-0.0503826,-0,-0.0503826
4879,1829,1780,-0.0143654,-0,-0.0143654
4880,1781,1829,-0.0990216,-0,-0.0990216
4881,1829,1830,-0.134332,-0,-0.134332
4882,1830,1781,0.233354,0,0.233354
4883,1830,1831,0.0540261,0,0.0540261
4884,1831,1783,0.181307,0,0.181307
4885,1783,1830,-0.235333,-0,-0.235333
4886,1831,1832,0.520861,0,0.520861
4887,1832,1784,-0.326119,-0,-0.326119
4888,1784,1831,-0.194742,-0,-0.194742
4889,1832,1833,0.0154365,0,0.0154365
4890,1833,1785,-0.271915,-0,-0.271915
4891,1785,1832,0.256478,0,0.256478
4892,1833,1834,-0.52007,-0,-0.52007
4893,1834,1785,0.248155,0,0.248155
4894,1834,1835,0.130063,0,0.130063
4895,1835,1787,0.0374084,0,0.0374084
4896,1787,1834,-0.167472,-0,-0.167472
4897,1835,1836,-0.0936995,-0,-0.0936995
4898,1836,1788,0.124362,0,0.124362
4899,1788,1835,-0.0306627,-0,-0.0306627
4900,1836,1837,0.172864,0,0.172864
4901,1837,1789,-0.0271433,-0,-0.0271433
4902,1789,1836,-0.145721,-0,-0.145721
4903,1837,1838,0.0540463,0,0.0540463
4904,1838,1790,-0.0253094,-0,-0.0253094
4905,1790,1837,-0.0287369,-0,-0.0287369
4906,1838,1839,0.0472881,0,0.0472881
4907,1839,1791,-0.0274989,-0,-0.0274989
4908,1791,1838,-0.0197892,-0,-0.0197892
4909,1839,1840,0.0603335,0,0.0603335
4910,1840,1792,-0.0369313,-0,-0.0369313
4911,1792,1839,-0.0234022,-0,-0.0234022
4912,1840,1841,0.0847433,0,0.0847433
4913,1841,1793,-0.0612648,-0,-0.0612648
4914,1793,1840,-0.0234784,-0,-0.0234784
4915,1841,1842,-0.00358631,-0,-0.00358631
4916,1842,1794,-0.0126683,-0,-0.0126683
4917,1794,1841,0.0162546,0,0.0162546
4918,1842,1843,-0.0298679,-0,-0.0298679
4919,1843,1795,0.0357455,0,0.0357455
4920,1795,1842,-0.00587759,-0,-0.00587759
4921,1843,1844,0.0672953,0,0.0672953
4922,1844,1796,-0.00495825,-0,-0.00495825
4923,1796,1843,-0.062337,-0,-0.062337
4924,1844,1845,0.297142,0,0.297142
4925,1845,1797,-0.236399,-0,-0.236399
4926,1797,1844,-0.060743,-0,-0.060743
4927,1845,1846,-0.326897,-0,-0.326897
4928,1846,1798,0.10751,0,0.10751
4929,1798,1845,0.219387,0,0.219387
4930,1846,1847,0.42746,0,0.42746
4931,1847,1799,-0.072329,-0,-0.072329
4932,1799,1846,-0.355131,-0,-0.355131
4933,1847,1848,-0.209372,-0,-0.209372
4934,1848,1800,-0.413394,-0,-0.413394
4935,1800,1847,0.622765,0,0.622765
4936,1848,1849,0.263624,0,0.263624
4937,1849,1800,-0.677017,-0,-0.677017
4938,1801,1849,0.0828526,0,0.0828526
4939,1849,1850,-0.262566,-0,-0.262566
4940,1850,1801,0.179713,0,0.179713
4941,1802,1850,0.122408,0,0.122408
4942,1850,1851,-0.141228,-0,-0.141228
4943,1851,1802,0.0188194,0,0.0188194
4944,1803,1851,0.0293115,0,0.0293115
4945,1851,1852,-0.0597306,-0,-0.0597306
4946,1852,1803,0.030419,0,0.030419
4947,1804,1852,-0.0017648,-0,-0.0017648
4948,1852,1853,-0.0465698,-0,-0.0465698
4949,1853,1804,0.0483346,0,0.0483346
4950,1805,1853,-0.0236967,-0,-0.0236967
4951,1853,1854,0.0302,0,0.0302
4952,1854,1805,-0.00650329,-0,-0.00650329
4953,1806,1854,0.0255179,0,0.0255179
4954,1854,1855,0.00189727,0,0.00189727
4955,1855,1806,-0.0274152,-0,-0.0274152
4956,1807,1855,0.0720571,0,0.0720571
4957,1855,1856,-0.0910852,-0,-0.0910852
4958,1856,1807,0.0190281,0,0.0190281
4959,1808,1856,0.0435833,0,0.0435833
4960,1856,1857,-0.069412,-0,-0.069412
4961,1857,1808,0.0258287,0,0.0258287
4962,1809,1857,0.0321858,0,0.0321858
4963,1857,1858,-0.0600357,-0,-0.0600357
4964,1858,1809,0.0278498,0,0.0278498
4965,1810,1858,0.0306793,0,0.0306793
4966,1858,1859,-0.0732616,-0,-0.0732616
4967,1859,1810,0.0425823,0,0.0425823
4968,1811,1859,0.0436664,0,0.0436664
4969,1859,1860,-0.202407,-0,-0.202407
4970,1860,1811,0.158741,0,0.158741
4971,1812,1860,-0.0041359,-0,-0.0041359
4972,1860,1861,0.160509,0,0.160509
4973,1861,1812,-0.156373,-0,-0.156373
4974,1813,1861,-0.256061,-0,-0.256061
4975,1861,1862,-0.0813187,-0,-0.0813187
4976,1862,1813,0.33738,0,0.33738
4977,1862,1863,0.478924,0,0.478924
4978,1863,1815,-0.284625,-0,-0.284625
4979,1815,1862,-0.194299,-0,-0.194299
4980,1863,1864,0.00290811,0,0.00290811
4981,1864,1815,-0.287533,-0,-0.287533
4982,1816,1864,0.333371,0,0.333371
4983,1864,1865,-0.530493,-0,-0.530493
4984,1865,1816,0.197122,0,0.197122
4985,1817,1865,-0.205837,-0,-0.205837
4986,1865,1866,-0.0264009,-0,-0.0264009
4987,1866,1817,0.232238,0,0.232238
4988,1866,1867,0.13522,0,0.13522
4989,1867,1819,0.0928923,0,0.0928923
4990,1819,1866,-0.228113,-0,-0.228113
4991,1867,1868,0.0704245,0,0.0704245
4992,1868,1820,-0.0942437,-0,-0.0942437
4993,1820,1867,0.0238192,0,0.0238192
4994,1868,1869,0.632651,0,0.632651
4995,1869,1821,-0.835822,-1,0.734974
4996,1821,1868,0.203171,0,0.203171
4997,1869,1870,-0.853577,-1,0.717219
4998,1870,1821,0.017755,0,0.017755
4999,1822,1870,0.0323936,0,0.0323936
5000,1870,1871,0.298652,0,0.298652
5001,1871,1822,-0.331046,-0,-0.331046
5002,1823,1871,0.142528,0,0.142528
5003,1871,1824,-0.485777,-0,-0.485777
5004,1824,1823,0.343249,0,0.343249
5005,1824,1872,0.474286,0,0.474286
5006,1872,1873,-0.494288,-0,-0.494288
5007,1873,1824,0.0200025,0,0.0200025
5008,1873,1874,0.934238,1,-0.636558
5009,1874,1826,-0.743608,-0,-0.743608
5010,1826,1873,-0.190631,-0,-0.190631
5011,1874,1875,-0.847706,-1,0.72309
5012,1875,1826,0.104099,0,0.104099
5013,1875,1876,0.211543,0,0.211543
5014,1876,1828,0.0674286,0,0.0674286
5015,1828,1875,-0.278972,-0,-0.278972
5016,1876,1877,0.037408,0,0.037408
5017,1877,1829,-0.020362,-0,-0.020362
5018,1829,1876,-0.017046,-0,-0.017046
5019,1877,1878,0.0611786,0,0.0611786
5020,1878,1830,-0.215873,-0,-0.215873
5021,1830,1877,0.154694,0,0.154694
5022,1878,1879,0.302159,0,0.302159
5023,1879,1831,-0.464006,-0,-0.464006
5024,1831,1878,0.161847,0,0.161847
5025,1879,1880,-0.388202,-0,-0.388202
5026,1880,1831,-0.0758043,-0,-0.0758043
5027,1880,1881,0.124253,0,0.124253
5028,1881,1833,0.336241,0,0.336241
5029,1833,1880,-0.460493,-0,-0.460493
5030,1881,1882,-0.0169534,-0,-0.0169534
5031,1882,1834,-0.166876,-0,-0.166876
5032,1834,1881,0.18383,0,0.18383
5033,1882,1883,0.0834134,0,0.0834134
5034,1883,1835,-0.120227,-0,-0.120227
5035,1835,1882,0.0368131,0,0.0368131
5036,1883,1884,0.323925,0,0.323925
5037,1884,1836,-0.537851,-0,-0.537851
5038,1836,1883,0.213926,0,0.213926
5039,1884,1885,-0.294713,-0,-0.294713
5040,1885,1836,-0.243139,-0,-0.243139
5041,1837,1885,0.0702747,0,0.0702747
5042,1885,1886,-0.0239736,-0,-0.0239736
5043,1886,1837,-0.0463011,-0,-0.0463011
5044,1838,1886,-0.00774522,-0,-0.00774522
5045,1886,1887,0.0264413,0,0.0264413
5046,1887,1838,-0.0186961,-0,-0.0186961
5047,1839,1887,-0.028592,-0,-0.028592
5048,1887,1888,0.0462048,0,0.0462048
5049,1888,1839,-0.0176127,-0,-0.0176127
5050,1840,1888,-0.0427208,-0,-0.0427208
5051,1888,1889,0.0719886,0,0.0719886
5052,1889,1840,-0.0292678,-0,-0.0292678
5053,1841,1889,-0.0554755,-0,-0.0554755
5054,1889,1890,0.273627,0,0.273627
5055,1890,1841,-0.218152,-0,-0.218152
5056,1842,1890,0.221738,0,0.221738
5057,1890,1891,-0.41405,-0,-0.41405
5058,1891,1842,0.192312,0,0.192312
5059,1843,1891,-0.162445,-0,-0.162445
5060,1891,1892,0.125578,0,0.125578
5061,1892,1843,0.0368665,0,0.0368665
5062,1844,1892,-0.104162,-0,-0.104162
5063,1892,1893,-0.0817817,-0,-0.0817817
5064,1893,1844,0.185943,0,0.185943
5065,1893,1894,0.462573,0,0.462573
5066,1894,1846,-0.306385,-0,-0.306385
5067,1846,1893,-0.156188,-0,-0.156188
5068,1894,1895,-0.120357,-0,-0.120357
5069,1895,1846,-0.186028,-0,-0.186028
5070,1895,1896,0.0281134,0,0.0281134
5071,1896,1848,0.00394708,0,0.00394708
5072,1848,1895,-0.0320604,-0,-0.0320604
5073,1896,1897,-0.0247853,-0,-0.0247853
5074,1897,1848,0.0287324,0,0.0287324
5075,1897,1898,-0.124035,-0,-0.124035
5076,1898,1850,0.153825,0,0.153825
5077,1850,1897,-0.0297901,-0,-0.0297901
5078,1898,1899,-0.0505598,-0,-0.0505598
5079,1899,1851,0.0631573,0,0.0631573
5080,1851,1898,-0.0125975,-0,-0.0125975
5081,1899,1900,-0.0429197,-0,-0.0429197
5082,1900,1852,0.0463464,0,0.0463464
5083,1852,1899,-0.00342671,-0,-0.00342671
5084,1900,1901,-0.15333,-0,-0.15333
5085,1901,1853,0.153107,0,0.153107
5086,1853,1900,0.000223459,0,0.000223459
5087,1901,1902,0.423313,0,0.423313
5088,1902,1854,-0.240006,-0,-0.240006
5089,1854,1901,-0.183307,-0,-0.183307
5090,1902,1903,-0.286845,-0,-0.286845
5091,1903,1855,0.0487365,0,0.0487365
5092,1855,1902,0.238109,0,0.238109
5093,1903,1904,-0.0844551,-0,-0.0844551
5094,1904,1856,0.0421064,0,0.0421064
5095,1856,1903,0.0423487,0,0.0423487
5096,1904,1905,-0.0595362,-0,-0.0595362
5097,1905,1857,0.0322306,0,0.0322306
5098,1857,1904,0.0273056,0,0.0273056
5099,1905,1906,-0.0408857,-0,-0.0408857
5100,1906,1858,0.0130806,0,0.0130806
5101,1858,1905,0.027805,0,0.027805
5102,1906,1907,0.00917458,0,0.00917458
5103,1907,1859,-0.0693556,-0,-0.0693556
5104,1859,1906,0.060181,0,0.060181
5105,1907,1908,0.282367,0,0.282367
5106,1908,1860,-0.55413,-0,-0.55413
5107,1860,1907,0.271763,0,0.271763
5108,1908,1909,-0.295785,-0,-0.295785
5109,1909,1860,-0.258345,-0,-0.258345
5110,1861,1909,0.0978356,0,0.0978356
5111,1909,1910,-0.0535381,-0,-0.0535381
5112,1910,1861,-0.0442974,-0,-0.0442974
5113,1862,1910,0.125616,0,0.125616
5114,1910,1911,0.0266054,0,0.0266054
5115,1911,1862,-0.152221,-0,-0.152221
5116,1863,1911,-0.326702,-0,-0.326702
5117,1911,1912,-0.119458,-0,-0.119458
5118,1912,1863,0.446161,0,0.446161
5119,1912,1913,0.368215,0,0.368215
5120,1913,1865,-0.449639,-0,-0.449639
5121,1865,1912,0.081424,0,0.081424
5122,1913,1914,-0.284447,-0,-0.284447
5123,1914,1865,-0.165192,-0,-0.165192
5124,1866,1914,0.191593,0,0.191593
5125,1914,1915,-0.0486926,-0,-0.0486926
5126,1915,1866,-0.1429,-0,-0.1429
5127,1867,1915,0.00767995,0,0.00767995
5128,1915,1916,-0.0155136,-0,-0.0155136
5129,1916,1867,0.00783361,0,0.00783361
5130,1868,1916,-0.0782581,-0,-0.0782581
5131,1916,1917,-0.103876,-0,-0.103876
5132,1917,1868,0.182134,0,0.182134
5133,1917,1918,0.385041,0,0.385041
5134,1918,1870,-0.423833,-0,-0.423833
5135,1870,1917,0.0387918,0,0.0387918
5136,1918,1919,-0.440568,-0,-0.440568
5137,1919,1870,0.0167347,0,0.0167347
5138,1919,1872,0.303896,0,0.303896
5139,1824,1919,0.17039,0,0.17039
5140,1920,1921,0.0435805,0,0.0435805
5141,1921,1873,-0.359594,-0,-0.359594
5142,1873,1920,0.316014,0,0.316014
5143,1921,1922,-0.0364297,-0,-0.0364297
5144,1922,1873,-0.323164,-0,-0.323164
5145,1922,1923,0.0959279,0,0.0959279
5146,1923,1875,-0.33256,-0,-0.33256
5147,1875,1922,0.236633,0,0.236633
5148,1923,1924,-0.10651,-0,-0.10651
5149,1924,1875,-0.22605,-0,-0.22605
5150,1876,1924,0.0145073,0,0.0145073
5151,1924,1925,0.0651073,0,0.0651073
5152,1925,1876,-0.0796146,-0,-0.0796146
5153,1877,1925,0.0422066,0,0.0422066
5154,1925,1926,0.0710021,0,0.0710021
5155,1926,1877,-0.113209,-0,-0.113209
5156,1878,1926,0.0520301,0,0.0520301
5157,1926,1927,0.0362919,0,0.0362919
5158,1927,1878,-0.088322,-0,-0.088322
5159,1879,1927,-0.213837,-0,-0.213837
5160,1927,1928,-0.0183573,-0,-0.0183573
5161,1928,1879,0.232194,0,0.232194
5162,1880,1928,0.156007,0,0.156007
5163,1928,1929,-0.0481849,-0,-0.0481849
5164,1929,1880,-0.107822,-0,-0.107822
5165,1881,1929,-0.0164304,-0,-0.0164304
5166,1929,1930,0.0236594,0,0.0236594
5167,1930,1881,-0.00722903,-0,-0.00722903
5168,1882,1930,0.0241824,0,0.0241824
5169,1930,1931,0.0562652,0,0.0562652
5170,1931,1882,-0.0804475,-0,-0.0804475
5171,1883,1931,-0.0029659,-0,-0.0029659
5172,1931,1932,0.100286,0,0.100286
5173,1932,1883,-0.09732,-0,-0.09732
5174,1884,1932,-0.226605,-0,-0.226605
5175,1932,1933,-0.000259255,-0,-0.000259255
5176,1933,1884,0.226864,0,0.226864
5177,1885,1933,0.0678481,0,0.0678481
5178,1933,1934,-0.093038,-0,-0.093038
5179,1934,1885,0.0251899,0,0.0251899
5180,1886,1934,-0.00121629,-0,-0.00121629
5181,1934,1935,-0.00945225,-0,-0.00945225
5182,1935,1886,0.0106685,0,0.0106685
5183,1887,1935,-0.0371098,-0,-0.0371098
5184,1935,1936,0.0446011,0,0.0446011
5185,1936,1887,-0.00749124,-0,-0.00749124
5186,1888,1936,-0.0387135,-0,-0.0387135
5187,1936,1937,0.0265093,0,0.0265093
5188,1937,1888,0.0122042,0,0.0122042
5189,1889,1937,-0.0841928,-0,-0.0841928
5190,1937,1938,-0.0594802,-0,-0.0594802
5191,1938,1889,0.143673,0,0.143673
5192,1938,1939,0.477534,0,0.477534
5193,1939,1891,-0.474284,-0,-0.474284
5194,1891,1938,-0.00324967,-0,-0.00324967
5195,1939,1940,-0.294817,-0,-0.294817
5196,1940,1891,-0.179467,-0,-0.179467
5197,1892,1940,0.053889,0,0.053889
5198,1940,1941,-0.041439,-0,-0.041439
5199,1941,1892,-0.01245,-0,-0.01245
5200,1893,1941,0.0942316,0,0.0942316
5201,1941,1942,0.0253836,0,0.0253836
5202,1942,1893,-0.119615,-0,-0.119615
5203,1894,1942,-0.342958,-0,-0.342958
5204,1942,1943,-0.00817661,-0,-0.00817661
5205,1943,1894,0.351134,0,0.351134
5206,1943,1944,0.853345,1,-0.717451
5207,1944,1896,-0.594454,-0,-0.594454
5208,1896,1943,-0.258891,-0,-0.258891
5209,1944,1945,-0.886203,-1,0.684593
5210,1945,1896,0.291749,0,0.291749
5211,1945,1946,0.0360152,0,0.0360152
5212,1946,1898,0.106913,0,0.106913
5213,1898,1945,-0.142928,-0,-0.142928
5214,1946,1947,0.0290072,0,0.0290072
5215,1947,1899,0.0273462,0,0.0273462
5216,1899,1946,-0.0563534,-0,-0.0563534
5217,1947,1948,0.0242373,0,0.0242373
5218,1948,1900,-0.0398107,-0,-0.0398107
5219,1900,1947,0.0155734,0,0.0155734
5220,1948,1949,0.281632,0,0.281632
5221,1949,1901,-0.474773,-0,-0.474773
5222,1901,1948,0.193141,0,0.193141
5223,1949,1950,-0.46718,-0,-0.46718
5224,1950,1901,-0.00759231,-0,-0.00759231
5225,1950,1951,0.0427404,0,0.0427404
5226,1951,1903,0.0861347,0,0.0861347
5227,1903,1950,-0.128875,-0,-0.128875
5228,1951,1952,-0.0414694,-0,-0.0414694
5229,1952,1904,0.043149,0,0.043149
5230,1904,1951,-0.00167955,-0,-0.00167955
5231,1952,1953,-0.0598259,-0,-0.0598259
5232,1953,1905,0.0434386,0,0.0434386
5233,1905,1952,0.0163872,0,0.0163872
5234,1953,1954,-0.000487011,-0,-0.000487011
5235,1954,1906,0.00303999,0,0.00303999
5236,1906,1953,-0.00255298,-0,-0.00255298
5237,1954,1955,0.0910301,0,0.0910301
5238,1955,1907,-0.0788156,-0,-0.0788156
5239,1907,1954,-0.0122146,-0,-0.0122146
5240,1955,1956,0.00775068,0,0.00775068
5241,1956,1908,0.195801,0,0.195801
5242,1908,1955,-0.203551,-0,-0.203551
5243,1956,1957,-0.0854085,-0,-0.0854085
5244,1957,1909,-0.0145762,-0,-0.0145762
5245,1909,1956,0.0999847,0,0.0999847
5246,1957,1958,-0.0451064,-0,-0.0451064
5247,1958,1910,-0.0230079,-0,-0.0230079
5248,1910,1957,0.0681143,0,0.0681143
5249,1958,1959,-0.0192909,-0,-0.0192909
5250,1959,1911,0.0228883,0,0.0228883
5251,1911,1958,-0.00359745,-0,-0.00359745
5252,1959,1960,0.0460823,0,0.0460823
5253,1960,1912,-0.142652,-0,-0.142652
5254,1912,1959,0.0965698,0,0.0965698
5255,1960,1961,0.0184832,0,0.0184832
5256,1961,1913,0.20708,0,0.20708
5257,1913,1960,-0.225563,-0,-0.225563
5258,1961,1962,-0.0300453,-0,-0.0300453
5259,1962,1914,-0.0473219,-0,-0.0473219
5260,1914,1961,0.0773672,0,0.0773672
5261,1962,1963,-0.0706027,-0,-0.0706027
5262,1963,1915,-0.0254118,-0,-0.0254118
5263,1915,1962,0.0960145,0,0.0960145
5264,1963,1964,-0.0751512,-0,-0.0751512
5265,1964,1916,0.0342258,0,0.0342258
5266,1916,1963,0.0409253,0,0.0409253
5267,1964,1965,-0.0234328,-0,-0.0234328
5268,1965,1917,-0.0462178,-0,-0.0462178
5269,1917,1964,0.0696506,0,0.0696506
5270,1965,1966,0.373867,0,0.373867
5271,1966,1918,-0.0350432,-0,-0.0350432
5272,1918,1965,-0.338824,-0,-0.338824
5273,1966,1967,-0.284054,-0,-0.284054
5274,1967,1919,-0.191557,-0,-0.191557
5275,1919,1966,0.475611,0,0.475611
5276,1967,1920,-0.0659357,-0,-0.0659357
5277,1920,1872,0.178275,0,0.178275
5278,1872,1967,-0.112339,-0,-0.112339
5279,1968,1969,0.755379,0,0.755379
5280,1969,1921,-0.692346,-0,-0.692346
5281,1921,1968,-0.0630332,-0,-0.0630332
5282,1969,1970,-0.887173,-1,0.683623
5283,1970,1921,0.194827,0,0.194827
5284,1970,1971,0.964448,1,-0.606348
5285,1971,1923,-0.710123,-0,-0.710123
5286,1923,1970,-0.254326,-0,-0.254326
5287,1971,1972,-0.656166,-0,-0.656166
5288,1972,1923,-0.0539566,-0,-0.0539566
5289,1924,1972,0.160467,0,0.160467
5290,1972,1973,-0.25198,-0,-0.25198
5291,1973,1924,0.0915134,0,0.0915134
5292,1925,1973,-0.156621,-0,-0.156621
5293,1973,1974,0.429133,0,0.429133
5294,1974,1925,-0.272512,-0,-0.272512
5295,1926,1974,0.20151,0,0.20151
5296,1974,1975,-0.203075,-0,-0.203075
5297,1975,1926,0.00156461,0,0.00156461
5298,1927,1975,-0.0378565,-0,-0.0378565
5299,1975,1976,0.00482346,0,0.00482346
5300,1976,1927,0.033033,0,0.033033
5301,1928,1976,-0.0146757,-0,-0.0146757
5302,1976,1977,-0.0169272,-0,-0.0169272
5303,1977,1928,0.0316029,0,0.0316029
5304,1929,1977,0.016582,0,0.016582
5305,1977,1978,-0.0136632,-0,-0.0136632
5306,1978,1929,-0.00291874,-0,-0.00291874
5307,1930,1978,-0.0207406,-0,-0.0207406
5308,1978,1979,0.0403361,0,0.0403361
5309,1979,1930,-0.0195955,-0,-0.0195955
5310,1931,1979,-0.0366697,-0,-0.0366697
5311,1979,1980,0.106767,0,0.106767
5312,1980,1931,-0.0700974,-0,-0.0700974
5313,1932,1980,-0.0301885,-0,-0.0301885
5314,1980,1981,0.0315792,0,0.0315792
5315,1981,1932,-0.00139079,-0,-0.00139079
5316,1933,1981,0.00165004,0,0.00165004
5317,1981,1982,-0.0695124,-0,-0.0695124
5318,1982,1933,0.0678623,0,0.0678623
5319,1934,1982,0.0251757,0,0.0251757
5320,1982,1983,-0.160323,-0,-0.160323
5321,1983,1934,0.135148,0,0.135148
5322,1935,1983,-0.125696,-0,-0.125696
5323,1983,1984,0.149525,0,0.149525
5324,1984,1935,-0.0238299,-0,-0.0238299
5325,1936,1984,-0.0207711,-0,-0.0207711
5326,1984,1985,0.0284095,0,0.0284095
5327,1985,1936,-0.00763838,-0,-0.00763838
5328,1937,1985,-0.0188709,-0,-0.0188709
5329,1985,1986,0.0274083,0,0.0274083
5330,1986,1937,-0.00853742,-0,-0.00853742
5331,1938,1986,0.0680176,0,0.0680176
5332,1986,1987,0.359381,0,0.359381
5333,1987,1938,-0.427398,-0,-0.427398
5334,1939,1987,-0.0501352,-0,-0.0501352
5335,1987,1988,-0.249765,-0,-0.249765
5336,1988,1939,0.299901,0,0.299901
5337,1940,1988,-0.00508378,-0,-0.00508378
5338,1988,1989,-0.0098746,-0,-0.0098746
5339,1989,1940,0.0149584,0,0.0149584
5340,1941,1989,0.0264806,0,0.0264806
5341,1989,1990,-0.0131,-0,-0.0131
5342,1990,1941,-0.0133806,-0,-0.0133806
5343,1942,1990,-0.0120029,-0,-0.0120029
5344,1990,1991,-0.165765,-0,-0.165765
5345,1991,1942,0.177768,0,0.177768
5346,1943,1991,-0.169591,-0,-0.169591
5347,1991,1992,0.210206,0,0.210206
5348,1992,1943,-0.0406151,-0,-0.0406151
5349,1992,1993,-0.212747,-0,-0.212747
5350,1993,1945,0.139274,0,0.139274
5351,1945,1992,0.0734732,0,0.0734732
5352,1993,1994,0.184382,0,0.184382
5353,1994,1946,-0.00909335,-0,-0.00909335
5354,1946,1993,-0.175289,-0,-0.175289
5355,1994,1995,0.0233304,0,0.0233304
5356,1995,1947,-0.00341654,-0,-0.00341654
5357,1947,1994,-0.0199139,-0,-0.0199139
5358,1995,1996,0.00831624,0,0.00831624
5359,1996,1948,0.0125045,0,0.0125045
5360,1948,1995,-0.0208208,-0,-0.0208208
5361,1996,1997,0.258784,0,0.258784
5362,1997,1949,0.0353526,0,0.0353526
5363,1949,1996,-0.294137,-0,-0.294137
5364,1997,1998,-0.372911,-0,-0.372911
5365,1998,1950,-0.0589169,-0,-0.0589169
5366,1950,1997,0.431828,0,0.431828
5367,1998,1999,-0.0422878,-0,-0.0422878
5368,1999,1951,0.0261113,0,0.0261113
5369,1951,1998,0.0161765,0,0.0161765
5370,1999,2000,-0.0442566,-0,-0.0442566
5371,2000,1952,0.0288985,0,0.0288985
5372,1952,1999,0.0153581,0,0.0153581
5373,2000,2001,-0.171089,-0,-0.171089
5374,2001,1953,0.140162,0,0.140162
5375,1953,2000,0.0309274,0,0.0309274
5376,2001,2002,0.1699,0,0.1699
5377,2002,1954,-0.030225,-0,-0.030225
5378,1954,2001,-0.139675,-0,-0.139675
5379,2002,2003,0.0787867,0,0.0787867
5380,2003,1955,-0.0179815,-0,-0.0179815
5381,1955,2002,-0.0608051,-0,-0.0608051
5382,2003,2004,-0.0230611,-0,-0.0230611
5383,2004,1956,0.0128302,0,0.0128302
5384,1956,2003,0.0102309,0,0.0102309
5385,2004,2005,-0.101393,-0,-0.101393
5386,2005,1957,0.0288144,0,0.0288144
5387,1957,2004,0.0725783,0,0.0725783
5388,2005,2006,-0.0363788,-0,-0.0363788
5389,2006,1958,0.0200868,0,0.0200868
5390,1958,2005,0.016292,0,0.016292
5391,2006,2007,0.0138819,0,0.0138819
5392,2007,1959,-0.013086,-0,-0.013086
5393,1959,2006,-0.000795917,-0,-0.000795917
5394,2007,2008,0.0157362,0,0.0157362
5395,2008,1960,0.0172602,0,0.0172602
5396,1960,2007,-0.0329963,-0,-0.0329963
5397,2008,2009,-0.0034224,-0,-0.0034224
5398,2009,1961,0.0391657,0,0.0391657
5399,1961,2008,-0.0357433,-0,-0.0357433
5400,2009,2010,0.20941,0,0.20941
5401,2010,1962,-0.20029,-0,-0.20029
5402,1962,2009,-0.00912043,-0,-0.00912043
5403,2010,2011,-0.46272,-0,-0.46272
5404,2011,1963,0.191828,0,0.191828
5405,1963,2010,0.270893,0,0.270893
5406,2011,2012,0.225941,0,0.225941
5407,2012,1964,-0.109264,-0,-0.109264
5408,1964,2011,-0.116677,-0,-0.116677
5409,2012,2013,0.668658,0,0.668658
5410,2013,1965,-0.801355,-1,0.769441
5411,1965,2012,0.132697,0,0.132697
5412,2013,2014,-0.8324,-1,0.738396
5413,2014,1965,0.0310456,0,0.0310456
5414,2014,2015,0.112922,0,0.112922
5415,2015,1967,0.00793572,0,0.00793572
5416,1967,2014,-0.120858,-0,-0.120858
5417,2015,1968,-0.0774526,-0,-0.0774526
5418,1968,1920,0.0194526,0,0.0194526
5419,1920,2015,0.058,0,0.058
5420,1968,2016,0.336451,0,0.336451
5421,2016,2017,-0.382693,-0,-0.382693
5422,2017,1968,0.0462422,0,0.0462422
5423,2017,2018,0.357912,0,0.357912
5424,2018,1970,-0.443464,-0,-0.443464
5425,1970,2017,0.0855519,0,0.0855519
5426,2018,2019,-0.285119,-0,-0.285119
5427,2019,1970,-0.158345,-0,-0.158345
5428,2019,2020,0.114555,0,0.114555
5429,2020,1972,0.0353821,0,0.0353821
5430,1972,2019,-0.149937,-0,-0.149937
5431,2020,2021,0.192485,0,0.192485
5432,2021,1973,-0.409083,-0,-0.409083
5433,1973,2020,0.216598,0,0.216598
5434,2021,2022,-0.415006,-0,-0.415006
5435,2022,1973,0.0059232,0,0.0059232
5436,2022,2023,0.219804,0,0.219804
5437,2023,1975,0.0121777,0,0.0121777
5438,1975,2022,-0.231981,-0,-0.231981
5439,2023,2024,0.0105883,0,0.0105883
5440,2024,1976,0.00641295,0,0.00641295
5441,1976,2023,-0.0170012,-0,-0.0170012
5442,2024,2025,-0.0373466,-0,-0.0373466
5443,2025,1977,0.0268324,0,0.0268324
5444,1977,2024,0.0105143,0,0.0105143
5445,2025,2026,-0.044207,-0,-0.044207
5446,2026,1978,0.0573761,0,0.0573761
5447,1978,2025,-0.0131691,-0,-0.0131691
5448,2026,2027,0.112614,0,0.112614
5449,2027,1979,-0.0149018,-0,-0.0149018
5450,1979,2026,-0.0977123,-0,-0.0977123
5451,2027,2028,0.298862,0,0.298862
5452,2028,1980,-0.206997,-0,-0.206997
5453,1980,2027,-0.0918653,-0,-0.0918653
5454,2028,2029,-0.247362,-0,-0.247362
5455,2029,1981,0.0719447,0,0.0719447
5456,1981,2028,0.175417,0,0.175417
5457,2029,2030,0.0516354,0,0.0516354
5458,2030,1982,-0.0492031,-0,-0.0492031
5459,1982,2029,-0.00243236,-0,-0.00243236
5460,2030,2031,0.313225,0,0.313225
5461,2031,1983,-0.522752,-0,-0.522752
5462,1983,2030,0.209527,0,0.209527
5463,2031,2032,-0.292078,-0,-0.292078
5464,2032,1983,-0.230674,-0,-0.230674
5465,1984,2032,0.0811481,0,0.0811481
5466,2032,2033,-0.0381491,-0,-0.0381491
5467,2033,1984,-0.042999,-0,-0.042999
5468,1985,2033,0.0145895,0,0.0145895
5469,2033,2034,-0.0394349,-0,-0.0394349
5470,2034,1985,0.0248454,0,0.0248454
5471,1986,2034,-0.0522537,-0,-0.0522537
5472,2034,2035,-0.150918,-0,-0.150918
5473,2035,1986,0.203172,0,0.203172
5474,2035,2036,0.0762376,0,0.0762376
5475,2036,1988,0.236549,0,0.236549
5476,1988,2035,-0.312787,-0,-0.312787
5477,2036,2037,0.463366,0,0.463366
5478,2037,1989,-0.236691,-0,-0.236691
5479,1989,2036,-0.226675,-0,-0.226675
5480,2037,2038,-0.350514,-0,-0.350514
5481,2038,1990,0.100723,0,0.100723
5482,1990,2037,0.249791,0,0.249791
5483,2038,2039,0.780324,0,0.780324
5484,2039,1991,-0.845366,-1,0.725431
5485,1991,2038,0.0650421,0,0.0650421
5486,2039,2040,-0.915984,-1,0.654812
5487,2040,1991,0.0706185,0,0.0706185
5488,2040,2041,0.918685,1,-0.652111
5489,2041,1993,-0.850607,-1,0.720189
5490,1993,2040,-0.068078,-0,-0.068078
5491,2041,2042,-0.776531,-0,-0.776531
5492,2042,1993,-0.0740758,-0,-0.0740758
5493,1994,2042,-0.110306,-0,-0.110306
5494,2042,2043,0.365898,0,0.365898
5495,2043,1994,-0.255592,-0,-0.255592
5496,1995,2043,0.232262,0,0.232262
5497,2043,2044,-0.471668,-0,-0.471668
5498,2044,1995,0.239406,0,0.239406
5499,1996,2044,-0.247722,-0,-0.247722
5500,2044,2045,-0.066099,-0,-0.066099
5501,2045,1996,0.313821,0,0.313821
5502,2045,2046,0.136598,0,0.136598
5503,2046,1998,0.0630963,0,0.0630963
5504,1998,2045,-0.199694,-0,-0.199694
5505,2046,2047,0.0266056,0,0.0266056
5506,2047,1999,-0.0057971,-0,-0.0057971
5507,1999,2046,-0.0208085,-0,-0.0208085
5508,2047,2048,0.0236475,0,0.0236475
5509,2048,2000,-0.0737012,-0,-0.0737012
5510,2000,2047,0.0500537,0,0.0500537
5511,2048,2049,0.273992,0,0.273992
5512,2049,2001,-0.518783,-0,-0.518783
5513,2001,2048,0.244791,0,0.244791
5514,2049,2050,-0.299168,-0,-0.299168
5515,2050,2001,-0.219614,-0,-0.219614
5516,2002,2050,0.0497143,0,0.0497143
5517,2050,2051,-0.0402006,-0,-0.0402006
5518,2051,2002,-0.00951378,-0,-0.00951378
5519,2003,2051,-0.0692729,-0,-0.0692729
5520,2051,2052,0.267925,0,0.267925
5521,2052,2003,-0.198652,-0,-0.198652
5522,2004,2052,0.221713,0,0.221713
5523,2052,2053,-0.305381,-0,-0.305381
5524,2053,2004,0.0836676,0,0.0836676
5525,2005,2053,0.0177251,0,0.0177251
5526,2053,2054,-0.11234,-0,-0.11234
5527,2054,2005,0.0946149,0,0.0946149
5528,2006,2054,-0.0582361,-0,-0.0582361
5529,2054,2055,0.0467112,0,0.0467112
5530,2055,2006,0.0115249,0,0.0115249
5531,2007,2055,-0.0254068,-0,-0.0254068
5532,2055,2056,0.0310176,0,0.0310176
5533,2056,2007,-0.00561077,-0,-0.00561077
5534,2008,2056,-0.0101254,-0,-0.0101254
5535,2056,2057,-0.0110016,-0,-0.0110016
5536,2057,2008,0.021127,0,0.021127
5537,2009,2057,-0.0177046,-0,-0.0177046
5538,2057,2058,-0.222611,-0,-0.222611
5539,2058,2009,0.240316,0,0.240316
5540,2058,2059,0.382171,0,0.382171
5541,2059,2011,-0.395165,-0,-0.395165
5542,2011,2058,0.0129945,0,0.0129945
5543,2059,2060,-0.199749,-0,-0.199749
5544,2060,2011,-0.195417,-0,-0.195417
5545,2012,2060,-0.0305241,-0,-0.0305241
5546,2060,2061,-0.135262,-0,-0.135262
5547,2061,2012,0.165786,0,0.165786
5548,2061,2062,0.0700791,0,0.0700791
5549,2062,2014,-0.0680356,-0,-0.0680356
5550,2014,2061,-0.00204354,-0,-0.00204354
5551,2062,2063,0.340409,0,0.340409
5552,2063,2015,-0.295522,-0,-0.295522
5553,2015,2062,-0.0448868,-0,-0.0448868
5554,2063,2016,-0.0365234,-0,-0.0365234
5555,1968,2063,0.372975,0,0.372975
5556,2064,2065,0.103697,0,0.103697
5557,2065,2017,-0.0922018,-0,-0.0922018
5558,2017,2064,-0.011495,-0,-0.011495
5559,2065,2066,0.044404,0,0.044404
5560,2066,2018,0.221306,0,0.221306
5561,2018,2065,-0.26571,-0,-0.26571
5562,2066,2067,0.267965,0,0.267965
5563,2067,2019,-0.331777,-0,-0.331777
5564,2019,2066,0.0638124,0,0.0638124
5565,2067,2068,-0.322285,-0,-0.322285
5566,2068,2020,0.105062,0,0.105062
5567,2020,2067,0.217223,0,0.217223
5568,2068,2069,0.0231035,0,0.0231035
5569,2069,2021,0.274444,0,0.274444
5570,2021,2068,-0.297547,-0,-0.297547
5571,2069,2070,0.015046,0,0.015046
5572,2070,2022,-0.155609,-0,-0.155609
5573,2022,2069,0.140562,0,0.140562
5574,2070,2071,0.314638,0,0.314638
5575,2071,2023,-0.250443,-0,-0.250443
5576,2023,2070,-0.0641952,-0,-0.0641952
5577,2071,2072,-0.42248,-0,-0.42248
5578,2072,2024,0.182626,0,0.182626
5579,2024,2071,0.239854,0,0.239854
5580,2072,2073,0.261384,0,0.261384
5581,2073,2025,-0.116105,-0,-0.116105
5582,2025,2072,-0.145279,-0,-0.145279
5583,2073,2074,0.748204,0,0.748204
5584,2074,2026,-0.908516,-1,0.66228
5585,2026,2073,0.160312,0,0.160312
5586,2074,2075,-0.754353,-0,-0.754353
5587,2075,2026,-0.154163,-0,-0.154163
5588,2027,2075,0.0415486,0,0.0415486
5589,2075,2076,-0.345677,-0,-0.345677
5590,2076,2027,0.304128,0,0.304128
5591,2076,2077,0.336589,0,0.336589
5592,2077,2029,0.0190389,0,0.0190389
5593,2029,2076,-0.355628,-0,-0.355628
5594,2077,2078,0.135841,0,0.135841
5595,2078,2030,-0.0651666,-0,-0.0651666
5596,2030,2077,-0.0706743,-0,-0.0706743
5597,2078,2079,0.0142089,0,0.0142089
5598,2079,2031,0.23385,0,0.23385
5599,2031,2078,-0.248059,-0,-0.248059
5600,2079,2080,-0.0611187,-0,-0.0611187
5601,2080,2032,0.00289028,0,0.00289028
5602,2032,2079,0.0582285,0,0.0582285
5603,2080,2081,-0.0147253,-0,-0.0147253
5604,2081,2033,-0.0205335,-0,-0.0205335
5605,2033,2080,0.0352588,0,0.0352588
5606,2081,2082,-0.0892034,-0,-0.0892034
5607,2082,2034,0.0292351,0,0.0292351
5608,2034,2081,0.0599684,0,0.0599684
5609,2082,2083,0.0395047,0,0.0395047
5610,2083,2035,-0.161187,-0,-0.161187
5611,2035,2082,0.121683,0,0.121683
5612,2083,2084,0.323409,0,0.323409
5613,2084,2036,-0.408359,-0,-0.408359
5614,2036,2083,0.0849499,0,0.0849499
5615,2084,2085,-0.20754,-0,-0.20754
5616,2085,2036,-0.200819,-0,-0.200819
5617,2085,2086,0.0354859,0,0.0354859
5618,2086,2038,-0.123453,-0,-0.123453
5619,2038,2085,0.087967,0,0.087967
5620,2086,2087,0.0518575,0,0.0518575
5621,2087,2038,-0.17531,-0,-0.17531
5622,2087,2088,-0.0575096,-0,-0.0575096
5623,2088,2040,-0.253462,-0,-0.253462
5624,2040,2087,0.310971,0,0.310971
5625,2088,2089,0.0643692,0,0.0643692
5626,2089,2040,-0.317831,-0,-0.317831
5627,2089,2090,-0.0547455,-0,-0.0547455
5628,2090,2042,-0.120932,-0,-0.120932
5629,2042,2089,0.175677,0,0.175677
5630,2090,2091,-0.0177836,-0,-0.0177836
5631,2091,2042,-0.103148,-0,-0.103148
5632,2091,2092,0.194301,0,0.194301
5633,2092,2044,-0.403218,-0,-0.403218
5634,2044,2091,0.208917,0,0.208917
5635,2092,2093,-0.31984,-0,-0.31984
5636,2093,2044,-0.0833782,-0,-0.0833782
5637,2045,2093,0.149477,0,0.149477
5638,2093,2094,-0.0428631,-0,-0.0428631
5639,2094,2045,-0.106614,-0,-0.106614
5640,2046,2094,-0.0299838,-0,-0.0299838
5641,2094,2095,0.0824351,0,0.0824351
5642,2095,2046,-0.0524513,-0,-0.0524513
5643,2047,2095,0.0258457,0,0.0258457
5644,2095,2096,0.0039444,0,0.0039444
5645,2096,2047,-0.0297901,-0,-0.0297901
5646,2048,2096,0.00614259,0,0.00614259
5647,2096,2097,0.0532807,0,0.0532807
5648,2097,2048,-0.0594233,-0,-0.0594233
5649,2049,2097,-0.214569,-0,-0.214569
5650,2097,2098,-0.014485,-0,-0.014485
5651,2098,2049,0.229054,0,0.229054
5652,2050,2098,0.0701146,0,0.0701146
5653,2098,2099,-0.12988,-0,-0.12988
5654,2099,2050,0.059765,0,0.059765
5655,2051,2099,-0.0195644,-0,-0.0195644
5656,2099,2100,-0.328805,-0,-0.328805
5657,2100,2051,0.34837,0,0.34837
5658,2100,2101,0.363555,0,0.363555
5659,2101,2053,-0.0526407,-0,-0.0526407
5660,2053,2100,-0.310914,-0,-0.310914
5661,2101,2102,0.770565,0,0.770565
5662,2102,2054,-0.935546,-1,0.63525
5663,2054,2101,0.164981,0,0.164981
5664,2102,2103,-0.738623,-0,-0.738623
5665,2103,2054,-0.196923,-0,-0.196923
5666,2055,2103,0.150212,0,0.150212
5667,2103,2104,-0.321697,-0,-0.321697
5668,2104,2055,0.171484,0,0.171484
5669,2056,2104,-0.202502,-0,-0.202502
5670,2104,2105,0.442455,0,0.442455
5671,2105,2056,-0.239953,-0,-0.239953
5672,2057,2105,0.250955,0,0.250955
5673,2105,2106,-0.329091,-0,-0.329091
5674,2106,2057,0.078136,0,0.078136
5675,2058,2106,0.144475,0,0.144475
5676,2106,2107,-0.0258549,-0,-0.0258549
5677,2107,2058,-0.11862,-0,-0.11862
5678,2059,2107,-0.263551,-0,-0.263551
5679,2107,2108,-0.0406959,-0,-0.0406959
5680,2108,2059,0.304247,0,0.304247
5681,2060,2108,-0.104498,-0,-0.104498
5682,2108,2109,0.309429,0,0.309429
5683,2109,2060,-0.204931,-0,-0.204931
5684,2061,2109,0.340193,0,0.340193
5685,2109,2110,-0.329878,-0,-0.329878
5686,2110,2061,-0.0103155,-0,-0.0103155
5687,2062,2110,-0.0597636,-0,-0.0597636
5688,2110,2111,-0.122686,-0,-0.122686
5689,2111,2062,0.18245,0,0.18245
5690,2111,2064,0.0921469,0,0.0921469
5691,2064,2016,0.394188,0,0.394188
5692,2016,2111,-0.486335,-0,-0.486335
5693,2064,2112,0.841874,1,-0.728922
5694,2112,2113,-0.657107,-0,-0.657107
5695,2113,2064,-0.184767,-0,-0.184767
5696,2065,2113,0.0810702,0,0.0810702
5697,2113,2114,-0.271304,-0,-0.271304
5698,2114,2065,0.190234,0,0.190234
5699,2066,2114,-0.234638,-0,-0.234638
5700,2114,2115,0.093162,0,0.093162
5701,2115,2066,0.141476,0,0.141476
5702,2115,2116,0.886408,1,-0.684388
5703,2116,2068,-0.799252,-1,0.771544
5704,2068,2115,-0.0871556,-0,-0.0871556
5705,2116,2117,-0.701423,-0,-0.701423
5706,2117,2068,-0.0978291,-0,-0.0978291
5707,2069,2117,0.0747255,0,0.0747255
5708,2117,2118,-0.271179,-0,-0.271179
5709,2118,2069,0.196454,0,0.196454
5710,2070,2118,-0.2115,-0,-0.2115
5711,2118,2119,0.218488,0,0.218488
5712,2119,2070,-0.00698795,-0,-0.00698795
5713,2119,2120,0.26538,0,0.26538
5714,2120,2072,-0.38021,-0,-0.38021
5715,2072,2119,0.11483,0,0.11483
5716,2120,2121,-0.346351,-0,-0.346351
5717,2121,2072,-0.0338593,-0,-0.0338593
5718,2073,2121,-0.227525,-0,-0.227525
5719,2121,2122,0.246561,0,0.246561
5720,2122,2073,-0.0190358,-0,-0.0190358
5721,2122,2123,-0.262558,-0,-0.262558
5722,2123,2075,0.237372,0,0.237372
5723,2075,2122,0.0251854,0,0.0251854
5724,2123,2124,0.421783,0,0.421783
5725,2124,2076,-0.530088,-0,-0.530088
5726,2076,2123,0.108305,0,0.108305
5727,2124,2125,0.0280224,0,0.0280224
5728,2125,2076,-0.55811,-0,-0.55811
5729,2077,2125,0.221521,0,0.221521
5730,2125,2126,-0.33265,-0,-0.33265
5731,2126,2077,0.111129,0,0.111129
5732,2078,2126,-0.24697,-0,-0.24697
5733,2126,2127,0.431357,0,0.431357
5734,2127,2078,-0.184388,-0,-0.184388
5735,2079,2127,0.170179,0,0.170179
5736,2127,2128,-0.44262,-0,-0.44262
5737,2128,2079,0.272441,0,0.272441
5738,2080,2128,-0.211322,-0,-0.211322
5739,2128,2129,0.405977,0,0.405977
5740,2129,2080,-0.194655,-0,-0.194655
5741,2081,2129,0.20938,0,0.20938
5742,2129,2130,-0.266864,-0,-0.266864
5743,2130,2081,0.0574844,0,0.0574844
5744,2082,2130,0.0317191,0,0.0317191
5745,2130,2131,-0.103331,-0,-0.103331
5746,2131,2082,0.0716123,0,0.0716123
5747,2083,2131,-0.111117,-0,-0.111117
5748,2131,2132,0.180379,0,0.180379
5749,2132,2083,-0.0692615,-0,-0.0692615
5750,2084,2132,-0.254147,-0,-0.254147
5751,2132,2133,-0.144967,-0,-0.144967
5752,2133,2084,0.399114,0,0.399114
5753,2133,2134,0.488294,0,0.488294
5754,2134,2086,-0.261234,-0,-0.261234
5755,2086,2133,-0.22706,-0,-0.22706
5756,2134,2135,-0.213614,-0,-0.213614
5757,2135,2086,-0.0476197,-0,-0.0476197
5758,2135,2136,-0.0409296,-0,-0.0409296
5759,2136,2088,-0.0123421,-0,-0.0123421
5760,2088,2135,0.0532717,0,0.0532717
5761,2136,2137,0.0484896,0,0.0484896
5762,2137,2088,-0.0608318,-0,-0.0608318
5763,2137,2138,0.212173,0,0.212173
5764,2138,2090,-0.263381,-0,-0.263381
5765,2090,2137,0.051208,0,0.051208
5766,2138,2139,-0.478633,-0,-0.478633
5767,2139,2090,0.215253,0,0.215253
5768,2139,2140,0.142975,0,0.142975
5769,2140,2092,0.248795,0,0.248795
5770,2092,2139,-0.39177,-0,-0.39177
5771,2140,2141,-0.19027,-0,-0.19027
5772,2141,2093,0.119225,0,0.119225
5773,2093,2140,0.0710451,0,0.0710451
5774,2141,2142,0.100419,0,0.100419
5775,2142,2094,-0.0240566,-0,-0.0240566
5776,2094,2141,-0.0763621,-0,-0.0763621
5777,2142,2143,0.270374,0,0.270374
5778,2143,2095,-0.211996,-0,-0.211996
5779,2095,2142,-0.0583785,-0,-0.0583785
5780,2143,2144,-0.432001,-0,-0.432001
5781,2144,2096,0.223949,0,0.223949
5782,2096,2143,0.208052,0,0.208052
5783,2144,2145,0.465112,0,0.465112
5784,2145,2097,-0.187882,-0,-0.187882
5785,2097,2144,-0.27723,-0,-0.27723
5786,2145,2146,-0.449614,-0,-0.449614
5787,2146,2098,0.247247,0,0.247247
5788,2098,2145,0.202367,0,0.202367
5789,2146,2147,0.353634,0,0.353634
5790,2147,2099,-0.236266,-0,-0.236266
5791,2099,2146,-0.117368,-0,-0.117368
5792,2147,2148,-0.0561267,-0,-0.0561267
5793,2148,2100,-0.508945,-0,-0.508945
5794,2100,2147,0.565071,0,0.565071
5795,2148,2149,-0.409229,-0,-0.409229
5796,2149,2100,-0.0997152,-0,-0.0997152
5797,2101,2149,-0.26384,-0,-0.26384
5798,2149,2150,0.338854,0,0.338854
5799,2150,2101,-0.0750142,-0,-0.0750142
5800,2150,2151,-0.153909,-0,-0.153909
5801,2151,2103,0.110837,0,0.110837
5802,2103,2150,0.0430716,0,0.0430716
5803,2151,2152,-0.0584374,-0,-0.0584374
5804,2152,2104,-0.152422,-0,-0.152422
5805,2104,2151,0.210859,0,0.210859
5806,2152,2153,-0.0477867,-0,-0.0477867
5807,2153,2104,-0.104635,-0,-0.104635
5808,2153,2154,-0.215834,-0,-0.215834
5809,2154,2106,0.224563,0,0.224563
5810,2106,2153,-0.00872904,-0,-0.00872904
5811,2154,2155,0.271374,0,0.271374
5812,2155,2107,-0.0726664,-0,-0.0726664
5813,2107,2154,-0.198708,-0,-0.198708
5814,2155,2156,0.696539,0,0.696539
5815,2156,2108,-0.809902,-1,0.760895
5816,2108,2155,0.113362,0,0.113362
5817,2156,2157,-0.899461,-1,0.671336
5818,2157,2108,0.0895591,0,0.0895591
5819,2157,2158,-0.113434,-0,-0.113434
5820,2158,2110,0.182544,0,0.182544
5821,2110,2157,-0.0691107,-0,-0.0691107
5822,2158,2159,0.286614,0,0.286614
5823,2159,2111,-0.226756,-0,-0.226756
5824,2111,2158,-0.059858,-0,-0.059858
5825,2159,2112,0.707265,0,0.707265
5826,2064,2159,0.134609,0,0.134609
5827,2160,2161,0.431364,0,0.431364
5828,2161,2113,-0.158254,-0,-0.158254
5829,2113,2160,-0.27311,-0,-0.27311
5830,2161,2162,-0.198966,-0,-0.198966
5831,2162,2114,-0.230591,-0,-0.230591
5832,2114,2161,0.429557,0,0.429557
5833,2162,2163,-0.116966,-0,-0.116966
5834,2163,2114,-0.113625,-0,-0.113625
5835,2115,2163,0.020463,0,0.020463
5836,2163,2164,0.115899,0,0.115899
5837,2164,2115,-0.136362,-0,-0.136362
5838,2164,2165,-0.156311,-0,-0.156311
5839,2165,2117,0.204933,0,0.204933
5840,2117,2164,-0.0486223,-0,-0.0486223
5841,2165,2166,0.463749,0,0.463749
5842,2166,2118,-0.529995,-0,-0.529995
5843,2118,2165,0.0662461,0,0.0662461
5844,2166,2167,-0.478962,-0,-0.478962
5845,2167,2118,-0.0510327,-0,-0.0510327
5846,2167,2168,0.256691,0,0.256691
5847,2168,2120,0.176144,0,0.176144
5848,2120,2167,-0.432835,-0,-0.432835
5849,2168,2169,0.261004,0,0.261004
5850,2169,2121,-0.431211,-0,-0.431211
5851,2121,2168,0.170207,0,0.170207
5852,2169,2170,-0.283486,-0,-0.283486
5853,2170,2121,-0.147725,-0,-0.147725
5854,2170,2171,0.292398,0,0.292398
5855,2171,2123,-0.45612,-0,-0.45612
5856,2123,2170,0.163722,0,0.163722
5857,2171,2172,-0.356501,-0,-0.356501
5858,2172,2123,-0.0996188,-0,-0.0996188
5859,2124,2172,-0.322164,-0,-0.322164
5860,2172,2173,-0.0417751,-0,-0.0417751
5861,2173,2124,0.363939,0,0.363939
5862,2173,2174,0.404501,0,0.404501
5863,2174,2126,-0.345188,-0,-0.345188
5864,2126,2173,-0.0593124,-0,-0.0593124
5865,2174,2175,-0.220899,-0,-0.220899
5866,2175,2126,-0.12429,-0,-0.12429
5867,2175,2176,-0.00942726,-0,-0.00942726
5868,2176,2128,-0.126125,-0,-0.126125
5869,2128,2175,0.135552,0,0.135552
5870,2176,2177,-0.184534,-0,-0.184534
5871,2177,2128,0.0584085,0,0.0584085
5872,2177,2178,0.202119,0,0.202119
5873,2178,2130,-0.004598,-0,-0.004598
5874,2130,2177,-0.197521,-0,-0.197521
5875,2178,2179,0.376662,0,0.376662
5876,2179,2131,-0.484591,-0,-0.484591
5877,2131,2178,0.107929,0,0.107929
5878,2179,2180,0.00134624,0,0.00134624
5879,2180,2131,-0.485937,-0,-0.485937
5880,2132,2180,0.305559,0,0.305559
5881,2180,2181,-0.470639,-0,-0.470639
5882,2181,2132,0.165081,0,0.165081
5883,2133,2181,-0.0201138,-0,-0.0201138
5884,2181,2182,0.172639,0,0.172639
5885,2182,2133,-0.152526,-0,-0.152526
5886,2134,2182,-0.335769,-0,-0.335769
5887,2182,2183,0.0512721,0,0.0512721
5888,2183,2134,0.284497,0,0.284497
5889,2183,2184,-0.00028078,-0,-0.00028078
5890,2184,2136,0.0302334,0,0.0302334
5891,2136,2183,-0.0299527,-0,-0.0299527
5892,2184,2185,0.00820639,0,0.00820639
5893,2185,2136,0.022027,0,0.022027
5894,2185,2186,-0.0485412,-0,-0.0485412
5895,2186,2138,0.33123,0,0.33123
5896,2138,2185,-0.282689,-0,-0.282689
5897,2186,2187,-0.172228,-0,-0.172228
5898,2187,2139,0.0248251,0,0.0248251
5899,2139,2186,0.147403,0,0.147403
5900,2187,2188,0.482184,0,0.482184
5901,2188,2140,-0.314383,-0,-0.314383
5902,2140,2187,-0.1678,-0,-0.1678
5903,2188,2189,-0.0133223,-0,-0.0133223
5904,2189,2141,-0.491331,-0,-0.491331
5905,2141,2188,0.504654,0,0.504654
5906,2189,2190,-0.385044,-0,-0.385044
5907,2190,2141,-0.106287,-0,-0.106287
5908,2142,2190,0.00586833,0,0.00586833
5909,2190,2191,-0.219656,-0,-0.219656
5910,2191,2142,0.213788,0,0.213788
5911,2191,2192,0.146694,0,0.146694
5912,2192,2144,-0.0945325,-0,-0.0945325
5913,2144,2191,-0.0521619,-0,-0.0521619
5914,2192,2193,0.0656346,0,0.0656346
5915,2193,2144,-0.160167,-0,-0.160167
5916,2193,2194,0.195399,0,0.195399
5917,2194,2146,-0.340068,-0,-0.340068
5918,2146,2193,0.144669,0,0.144669
5919,2194,2195,-0.386006,-0,-0.386006
5920,2195,2146,0.0459381,0,0.0459381
5921,2195,2196,0.017297,0,0.017297
5922,2196,2148,0.326148,0,0.326148
5923,2148,2195,-0.343445,-0,-0.343445
5924,2196,2197,0.351877,0,0.351877
5925,2197,2149,-0.434958,-0,-0.434958
5926,2149,2196,0.0830814,0,0.0830814
5927,2197,2198,-0.255141,-0,-0.255141
5928,2198,2149,-0.179817,-0,-0.179817
5929,2198,2199,0.0186452,0,0.0186452
5930,2199,2151,-0.0135173,-0,-0.0135173
5931,2151,2198,-0.00512795,-0,-0.00512795
5932,2199,2200,0.248956,0,0.248956
5933,2200,2152,-0.320911,-0,-0.320911
5934,2152,2199,0.0719547,0,0.0719547
5935,2200,2201,-0.501581,-0,-0.501581
5936,2201,2152,0.18067,0,0.18067
5937,2201,2202,0.456599,0,0.456599
5938,2202,2154,-0.539549,-0,-0.539549
5939,2154,2201,0.0829503,0,0.0829503
5940,2202,2203,-0.468566,-0,-0.468566
5941,2203,2154,-0.0709829,-0,-0.0709829
5942,2155,2203,-0.200391,-0,-0.200391
5943,2203,2204,0.165665,0,0.165665
5944,2204,2155,0.0347264,0,0.0347264
5945,2204,2205,-0.117131,-0,-0.117131
5946,2205,2157,-0.0510637,-0,-0.0510637
5947,2157,2204,0.168195,0,0.168195
5948,2205,2206,0.1616,0,0.1616
5949,2206,2158,-0.326097,-0,-0.326097
5950,2158,2205,0.164497,0,0.164497
5951,2206,2207,0.129262,0,0.129262
5952,2207,2158,-0.455359,-0,-0.455359
5953,2159,2207,0.168745,0,0.168745
5954,2207,2160,-0.391697,-0,-0.391697
5955,2160,2159,0.222952,0,0.222952
5956,2160,2208,0.842529,1,-0.728267
5957,2208,2209,-0.751099,-0,-0.751099
5958,2209,2160,-0.0914303,-0,-0.0914303
5959,2209,2210,0.400156,0,0.400156
5960,2210,2162,-0.259188,-0,-0.259188
5961,2162,2209,-0.140968,-0,-0.140968
5962,2210,2211,-0.244164,-0,-0.244164
5963,2211,2162,-0.0150248,-0,-0.0150248
5964,2163,2211,0.131991,0,0.131991
5965,2211,2212,-0.362653,-0,-0.362653
5966,2212,2163,0.230661,0,0.230661
5967,2212,2213,0.626065,0,0.626065
5968,2213,2165,-0.435815,-0,-0.435815
5969,2165,2212,-0.19025,-0,-0.19025
5970,2213,2214,0.112918,0,0.112918
5971,2214,2165,-0.548733,-0,-0.548733
5972,2166,2214,0.0849838,0,0.0849838
5973,2214,2215,-0.293972,-0,-0.293972
5974,2215,2166,0.208989,0,0.208989
5975,2167,2215,0.269974,0,0.269974
5976,2215,2216,-0.221297,-0,-0.221297
5977,2216,2167,-0.0486764,-0,-0.0486764
5978,2168,2216,-0.208015,-0,-0.208015
5979,2216,2217,0.408322,0,0.408322
5980,2217,2168,-0.200307,-0,-0.200307
5981,2169,2217,-0.0606964,-0,-0.0606964
5982,2217,2218,-0.509001,-0,-0.509001
5983,2218,2169,0.569698,0,0.569698
5984,2218,2219,0.653647,0,0.653647
5985,2219,2171,-0.0750374,-0,-0.0750374
5986,2171,2218,-0.57861,-0,-0.57861
5987,2219,2220,0.00017152,0,0.00017152
5988,2220,2172,-0.43171,-0,-0.43171
5989,2172,2219,0.431539,0,0.431539
5990,2220,2221,-0.300633,-0,-0.300633
5991,2221,2172,-0.131077,-0,-0.131077
5992,2173,2221,0.172852,0,0.172852
5993,2221,2222,0.00207851,0,0.00207851
5994,2222,2173,-0.174931,-0,-0.174931
5995,2174,2222,-0.22957,-0,-0.22957
5996,2222,2223,-0.179542,-0,-0.179542
5997,2223,2174,0.409112,0,0.409112
5998,2223,2224,0.487605,0,0.487605
5999,2224,2176,-0.308818,-0,-0.308818
6000,2176,2223,-0.178786,-0,-0.178786
6001,2224,2225,-0.208084,-0,-0.208084
6002,2225,2176,-0.100734,-0,-0.100734
6003,2177,2225,0.285268,0,0.285268
6004,2225,2226,-0.0772428,-0,-0.0772428
6005,2226,2177,-0.208025,-0,-0.208025
6006,2178,2226,0.00590575,0,0.00590575
6007,2226,2227,-0.0773867,-0,-0.0773867
6008,2227,2178,0.0714809,0,0.0714809
6009,2179,2227,-0.448143,-0,-0.448143
6010,2227,2228,0.159486,0,0.159486
6011,2228,2179,0.288657,0,0.288657
6012,2228,2229,-0.0245089,-0,-0.0245089
6013,2229,2181,-0.156128,-0,-0.156128
6014,2181,2228,0.180636,0,0.180636
6015,2229,2230,0.232062,0,0.232062
6016,2230,2181,-0.388189,-0,-0.388189
6017,2182,2230,0.21555,0,0.21555
6018,2230,2231,-0.49291,-0,-0.49291
6019,2231,2182,0.27736,0,0.27736
6020,2231,2232,0.938459,1,-0.632337
6021,2232,2184,-0.610107,-0,-0.610107
6022,2184,2231,-0.328352,-0,-0.328352
6023,2232,2233,-0.935716,-1,0.63508
6024,2233,2184,0.325609,0,0.325609
6025,2233,2234,0.500427,0,0.500427
6026,2234,2186,-0.215153,-0,-0.215153
6027,2186,2233,-0.285274,-0,-0.285274
6028,2234,2235,-0.242848,-0,-0.242848
6029,2235,2187,-0.144533,-0,-0.144533
6030,2187,2234,0.387381,0,0.387381
6031,2235,2236,0.055188,0,0.055188
6032,2236,2187,-0.199721,-0,-0.199721
6033,2236,2237,-0.151706,-0,-0.151706
6034,2237,2189,0.420847,0,0.420847
6035,2189,2236,-0.269141,-0,-0.269141
6036,2237,2238,0.0146613,0,0.0146613
6037,2238,2190,0.0211411,0,0.0211411
6038,2190,2237,-0.0358023,-0,-0.0358023
6039,2238,2239,0.0215833,0,0.0215833
6040,2239,2191,-0.220099,-0,-0.220099
6041,2191,2238,0.198515,0,0.198515
6042,2239,2240,0.232768,0,0.232768
6043,2240,2192,-0.306172,-0,-0.306172
6044,2192,2239,0.0734043,0,0.0734043
6045,2240,2241,-0.444828,-0,-0.444828
6046,2241,2192,0.138656,0,0.138656
6047,2241,2242,0.185871,0,0.185871
6048,2242,2194,0.213818,0,0.213818
6049,2194,2241,-0.399689,-0,-0.399689
6050,2242,2243,-0.00565539,-0,-0.00565539
6051,2243,2195,-0.166533,-0,-0.166533
6052,2195,2242,0.172188,0,0.172188
6053,2243,2244,0.284009,0,0.284009
6054,2244,2196,-0.433245,-0,-0.433245
6055,2196,2243,0.149236,0,0.149236
6056,2244,2245,0.0166239,0,0.0166239
6057,2245,2196,-0.449869,-0,-0.449869
6058,2197,2245,0.0979918,0,0.0979918
6059,2245,2246,-0.685667,-0,-0.685667
6060,2246,2197,0.587675,0,0.587675
6061,2246,2247,0.561575,0,0.561575
6062,2247,2199,-0.210396,-0,-0.210396
6063,2199,2246,-0.351179,-0,-0.351179
6064,2247,2248,-0.384445,-0,-0.384445
6065,2248,2200,0.423005,0,0.423005
6066,2200,2247,-0.0385601,-0,-0.0385601
6067,2248,2249,0.198353,0,0.198353
6068,2249,2201,-0.276929,-0,-0.276929
6069,2201,2248,0.0785758,0,0.0785758
6070,2249,2250,0.286444,0,0.286444
6071,2250,2202,-0.106773,-0,-0.106773
6072,2202,2249,-0.17967,-0,-0.17967
6073,2250,2251,-0.133646,-0,-0.133646
6074,2251,2203,-0.441693,-0,-0.441693
6075,2203,2250,0.57534,0,0.57534
6076,2251,2252,-0.625668,-0,-0.625668
6077,2252,2203,0.183974,0,0.183974
6078,2252,2253,0.41122,0,0.41122
6079,2253,2205,-0.178712,-0,-0.178712
6080,2205,2252,-0.232508,-0,-0.232508
6081,2253,2254,0.648492,0,0.648492
6082,2254,2206,-0.665604,-0,-0.665604
6083,2206,2253,0.0171123,0,0.0171123
6084,2254,2255,-0.96461,-1,0.606186
6085,2255,2206,0.299007,0,0.299007
6086,2255,2208,0.8791,1,-0.691696
6087,2160,2255,-0.0365711,-0,-0.0365711
6088,2256,2257,-0.131923,-0,-0.131923
6089,2257,2209,0.0445566,0,0.0445566
6090,2209,2256,0.0873661,0,0.0873661
6091,2257,2258,0.219496,0,0.219496
6092,2258,2210,0.225216,0,0.225216
6093,2210,2257,-0.444713,-0,-0.444713
6094,2258,2259,0.23229,0,0.23229
6095,2259,2211,-0.251237,-0,-0.251237
6096,2211,2258,0.0189472,0,0.0189472
6097,2259,2260,-0.20812,-0,-0.20812
6098,2260,2212,-0.405769,-0,-0.405769
6099,2212,2259,0.61389,0,0.61389
6100,2260,2261,-0.0355788,-0,-0.0355788
6101,2261,2212,-0.370191,-0,-0.370191
6102,2213,2261,-0.255874,-0,-0.255874
6103,2261,2262,-0.131856,-0,-0.131856
6104,2262,2213,0.38773,0,0.38773
6105,2262,2263,0.404775,0,0.404775
6106,2263,2215,-0.1981,-0,-0.1981
6107,2215,2262,-0.206675,-0,-0.206675
6108,2263,2264,-0.0214333,-0,-0.0214333
6109,2264,2216,-0.397964,-0,-0.397964
6110,2216,2263,0.419397,0,0.419397
6111,2264,2265,-0.466248,-0,-0.466248
6112,2265,2216,0.0682843,0,0.0682843
6113,2265,2266,0.19826,0,0.19826
6114,2266,2218,-0.230655,-0,-0.230655
6115,2218,2265,0.0323949,0,0.0323949
6116,2266,2267,0.0520815,0,0.0520815
6117,2267,2218,-0.282736,-0,-0.282736
6118,2267,2268,-0.135282,-0,-0.135282
6119,2268,2220,0.506365,0,0.506365
6120,2220,2267,-0.371083,-0,-0.371083
6121,2268,2269,0.411998,0,0.411998
6122,2269,2221,-0.206266,-0,-0.206266
6123,2221,2268,-0.205732,-0,-0.205732
6124,2269,2270,-0.282715,-0,-0.282715
6125,2270,2222,0.0785277,0,0.0785277
6126,2222,2269,0.204187,0,0.204187
6127,2270,2271,-0.0412945,-0,-0.0412945
6128,2271,2223,-0.0597199,-0,-0.0597199
6129,2223,2270,0.101014,0,0.101014
6130,2271,2272,0.251709,0,0.251709
6131,2272,2224,0.176175,0,0.176175
6132,2224,2271,-0.427885,-0,-0.427885
6133,2272,2273,0.188223,0,0.188223
6134,2273,2225,-0.220132,-0,-0.220132
6135,2225,2272,0.0319088,0,0.0319088
6136,2273,2274,-0.384303,-0,-0.384303
6137,2274,2226,0.0869285,0,0.0869285
6138,2226,2273,0.297375,0,0.297375
6139,2274,2275,0.827236,1,-0.74356
6140,2275,2227,-0.817694,-1,0.753102
6141,2227,2274,-0.00954183,-0,-0.00954183
6142,2275,2276,-0.837454,-1,0.733343
6143,2276,2227,0.0197593,0,0.0197593
6144,2276,2277,0.176663,0,0.176663
6145,2277,2229,-0.0219265,-0,-0.0219265
6146,2229,2276,-0.154736,-0,-0.154736
6147,2277,2278,-0.0243109,-0,-0.0243109
6148,2278,2229,0.00238445,0,0.00238445
6149,2278,2279,-0.0221458,-0,-0.0221458
6150,2279,2231,-0.236318,-0,-0.236318
6151,2231,2278,0.258464,0,0.258464
6152,2279,2280,0.0396962,0,0.0396962
6153,2280,2231,-0.276014,-0,-0.276014
6154,2280,2281,-0.0487755,-0,-0.0487755
6155,2281,2233,-0.224496,-0,-0.224496
6156,2233,2280,0.273272,0,0.273272
6157,2281,2282,0.0333834,0,0.0333834
6158,2282,2233,-0.25788,-0,-0.25788
6159,2282,2283,0.00463458,0,0.00463458
6160,2283,2235,-0.00493545,-0,-0.00493545
6161,2235,2282,0.000300873,0,0.000300873
6162,2283,2284,-0.138415,-0,-0.138415
6163,2284,2235,0.133479,0,0.133479
6164,2284,2285,0.885729,1,-0.685067
6165,2285,2237,-0.848768,-1,0.722028
6166,2237,2284,-0.0369612,-0,-0.0369612
6167,2285,2286,-0.695031,-0,-0.695031
6168,2286,2237,-0.153737,-0,-0.153737
6169,2238,2286,0.139076,0,0.139076
6170,2286,2287,-0.11134,-0,-0.11134
6171,2287,2238,-0.0277359,-0,-0.0277359
6172,2239,2287,0.00615258,0,0.00615258
6173,2287,2288,0.0668817,0,0.0668817
6174,2288,2239,-0.0730343,-0,-0.0730343
6175,2240,2288,-0.159733,-0,-0.159733
6176,2288,2289,-0.234927,-0,-0.234927
6177,2289,2240,0.394661,0,0.394661
6178,2241,2289,0.0501674,0,0.0501674
6179,2289,2290,0.0599932,0,0.0599932
6180,2290,2241,-0.110161,-0,-0.110161
6181,2242,2290,-0.0757105,-0,-0.0757105
6182,2290,2291,0.299979,0,0.299979
6183,2291,2242,-0.224269,-0,-0.224269
6184,2243,2291,0.229924,0,0.229924
6185,2291,2292,-0.434403,-0,-0.434403
6186,2292,2243,0.204479,0,0.204479
6187,2244,2292,-0.488488,-0,-0.488488
6188,2292,2293,0.145976,0,0.145976
6189,2293,2244,0.342512,0,0.342512
6190,2293,2294,-0.104119,-0,-0.104119
6191,2294,2246,-0.222412,-0,-0.222412
6192,2246,2293,0.326531,0,0.326531
6193,2294,2295,-0.147096,-0,-0.147096
6194,2295,2246,-0.0753159,-0,-0.0753159
6195,2295,2296,0.47001,0,0.47001
6196,2296,2248,-0.368196,-0,-0.368196
6197,2248,2295,-0.101814,-0,-0.101814
6198,2296,2297,0.0468919,0,0.0468919
6199,2297,2248,-0.415088,-0,-0.415088
6200,2249,2297,0.216735,0,0.216735
6201,2297,2298,-0.421163,-0,-0.421163
6202,2298,2249,0.204429,0,0.204429
6203,2298,2299,0.107291,0,0.107291
6204,2299,2251,0.249935,0,0.249935
6205,2251,2298,-0.357226,-0,-0.357226
6206,2299,2300,0.0075132,0,0.0075132
6207,2300,2252,-0.383246,-0,-0.383246
6208,2252,2299,0.375733,0,0.375733
6209,2300,2301,0.20081,0,0.20081
6210,2301,2252,-0.584057,-0,-0.584057
6211,2253,2301,0.172837,0,0.172837
6212,2301,2302,-0.38231,-0,-0.38231
6213,2302,2253,0.209473,0,0.209473
6214,2302,2303,0.110456,0,0.110456
6215,2303,2255,-0.217101,-0,-0.217101
6216,2255,2302,0.106645,0,0.106645
6217,2303,2256,-0.00173387,-0,-0.00173387
6218,2256,2255,-0.215367,-0,-0.215367
6219,2304,2305,0.903974,1,-0.666823
6220,2305,2257,-0.81022,-1,0.760576
6221,2257,2304,-0.0937538,-0,-0.0937538
6222,2305,2306,-0.794062,-1,0.776734
6223,2306,2257,-0.0161576,-0,-0.0161576
6224,2258,2306,-0.203339,-0,-0.203339
6225,2306,2307,0.19252,0,0.19252
6226,2307,2258,0.0108183,0,0.0108183
6227,2307,2308,0.0166492,0,0.0166492
6228,2308,2260,0.0183386,0,0.0183386
6229,2260,2307,-0.0349878,-0,-0.0349878
6230,2308,2309,0.27018,0,0.27018
6231,2309,2260,-0.251842,-0,-0.251842
6232,2261,2309,0.287421,0,0.287421
6233,2309,2310,-0.364255,-0,-0.364255
6234,2310,2261,0.0768341,0,0.0768341
6235,2262,2310,0.0550214,0,0.0550214
6236,2310,2311,-0.141488,-0,-0.141488
6237,2311,2262,0.0864668,0,0.0864668
6238,2311,2312,0.181502,0,0.181502
6239,2312,2264,0.288307,0,0.288307
6240,2264,2311,-0.469809,-0,-0.469809
6241,2312,2313,0.0771221,0,0.0771221
6242,2313,2265,-0.255064,-0,-0.255064
6243,2265,2312,0.177942,0,0.177942
6244,2313,2314,0.33016,0,0.33016
6245,2314,2266,-0.386964,-0,-0.386964
6246,2266,2313,0.0568037,0,0.0568037
6247,2314,2315,-0.528376,-0,-0.528376
6248,2315,2266,0.141412,0,0.141412
6249,2315,2316,0.404466,0,0.404466
6250,2316,2268,-0.346255,-0,-0.346255
6251,2268,2315,-0.0582115,-0,-0.0582115
6252,2316,2317,-0.362037,-0,-0.362037
6253,2317,2268,0.0157822,0,0.0157822
6254,2317,2318,0.0685526,0,0.0685526
6255,2318,2270,0.0765121,0,0.0765121
6256,2270,2317,-0.145065,-0,-0.145065
6257,2318,2319,0.5064,0,0.5064
6258,2319,2271,-0.471183,-0,-0.471183
6259,2271,2318,-0.0352176,-0,-0.0352176
6260,2319,2320,-0.0366764,-0,-0.0366764
6261,2320,2271,-0.434506,-0,-0.434506
6262,2272,2320,0.182797,0,0.182797
6263,2320,2321,-0.448968,-0,-0.448968
6264,2321,2272,0.266171,0,0.266171
6265,2321,2322,0.205917,0,0.205917
6266,2322,2274,-0.135826,-0,-0.135826
6267,2274,2321,-0.0700909,-0,-0.0700909
6268,2322,2323,0.0281091,0,0.0281091
6269,2323,2274,-0.163935,-0,-0.163935
6270,2323,2324,-0.132531,-0,-0.132531
6271,2324,2276,-0.0416216,-0,-0.0416216
6272,2276,2323,0.174153,0,0.174153
6273,2324,2325,0.447696,0,0.447696
6274,2325,2277,-0.312655,-0,-0.312655
6275,2277,2324,-0.135041,-0,-0.135041
6276,2325,2326,-0.302093,-0,-0.302093
6277,2326,2277,-0.0105617,-0,-0.0105617
6278,2326,2327,0.0352913,0,0.0352913
6279,2327,2279,-0.0923098,-0,-0.0923098
6280,2279,2326,0.0570184,0,0.0570184
6281,2327,2328,-0.0824361,-0,-0.0824361
6282,2328,2279,-0.00987373,-0,-0.00987373
6283,2328,2329,0.0570811,0,0.0570811
6284,2329,2281,-0.0760341,-0,-0.0760341
6285,2281,2328,0.0189531,0,0.0189531
6286,2329,2330,-0.0235948,-0,-0.0235948
6287,2330,2281,-0.0524393,-0,-0.0524393
6288,2330,2331,0.28659,0,0.28659
6289,2331,2283,-0.301011,-0,-0.301011
6290,2283,2330,0.0144213,0,0.0144213
6291,2331,2332,-0.443223,-0,-0.443223
6292,2332,2283,0.142212,0,0.142212
6293,2284,2332,-0.00379772,-0,-0.00379772
6294,2332,2333,0.173405,0,0.173405
6295,2333,2284,-0.169607,-0,-0.169607
6296,2333,2334,-0.252416,-0,-0.252416
6297,2334,2286,0.273507,0,0.273507
6298,2286,2333,-0.0210911,-0,-0.0210911
6299,2334,2335,0.17692,0,0.17692
6300,2335,2287,-0.0147531,-0,-0.0147531
6301,2287,2334,-0.162167,-0,-0.162167
6302,2335,2336,0.316823,0,0.316823
6303,2336,2288,-0.264695,-0,-0.264695
6304,2288,2335,-0.0521287,-0,-0.0521287
6305,2336,2337,-0.00851546,-0,-0.00851546
6306,2337,2289,-0.491106,-0,-0.491106
6307,2289,2336,0.499622,0,0.499622
6308,2337,2338,-0.515232,-0,-0.515232
6309,2338,2289,0.0241257,0,0.0241257
6310,2290,2338,-0.0841189,-0,-0.0841189
6311,2338,2339,-0.0373137,-0,-0.0373137
6312,2339,2290,0.121433,0,0.121433
6313,2339,2340,0.36673,0,0.36673
6314,2340,2292,-0.379721,-0,-0.379721
6315,2292,2339,0.0129915,0,0.0129915
6316,2340,2341,-0.435825,-0,-0.435825
6317,2341,2292,0.0561044,0,0.0561044
6318,2341,2342,0.459271,0,0.459271
6319,2342,2294,-0.36131,-0,-0.36131
6320,2294,2341,-0.0979617,-0,-0.0979617
6321,2342,2343,-0.282132,-0,-0.282132
6322,2343,2294,-0.0791777,-0,-0.0791777
6323,2295,2343,0.226274,0,0.226274
6324,2343,2344,-0.0468955,-0,-0.0468955
6325,2344,2295,-0.179379,-0,-0.179379
6326,2296,2344,-0.290631,-0,-0.290631
6327,2344,2345,-0.162987,-0,-0.162987
6328,2345,2296,0.453618,0,0.453618
6329,2345,2346,0.126337,0,0.126337
6330,2346,2298,-0.0469904,-0,-0.0469904
6331,2298,2345,-0.0793466,-0,-0.0793466
6332,2346,2347,0.354338,0,0.354338
6333,2347,2299,-0.294037,-0,-0.294037
6334,2299,2346,-0.0603011,-0,-0.0603011
6335,2347,2348,-0.296862,-0,-0.296862
6336,2348,2300,0.0103379,0,0.0103379
6337,2300,2347,0.286524,0,0.286524
6338,2348,2349,-0.0322927,-0,-0.0322927
6339,2349,2300,0.0426306,0,0.0426306
6340,2349,2350,-0.163116,-0,-0.163116
6341,2350,2302,0.0242474,0,0.0242474
6342,2302,2349,0.138869,0,0.138869
6343,2350,2351,0.841416,1,-0.72938
6344,2351,2303,-0.706713,-0,-0.706713
6345,2303,2350,-0.134703,-0,-0.134703
6346,2351,2304,-0.934123,-1,0.636673
6347,2304,2303,0.22741,0,0.22741
6348,2304,2352,0.206181,0,0.206181
6349,2352,2353,0.0695294,0,0.0695294
6350,2353,2304,-0.27571,-0,-0.27571
6351,2353,2354,-0.0563862,-0,-0.0563862
6352,2354,2306,-0.109413,-0,-0.109413
6353,2306,2353,0.165799,0,0.165799
6354,2354,2355,0.0047929,0,0.0047929
6355,2355,2306,-0.114206,-0,-0.114206
6356,2355,2356,-0.015653,-0,-0.015653
6357,2356,2308,0.110617,0,0.110617
6358,2308,2355,-0.0949637,-0,-0.0949637
6359,2356,2357,0.00957804,0,0.00957804
6360,2357,2308,0.101039,0,0.101039
6361,2357,2358,-0.226911,-0,-0.226911
6362,2358,2310,0.233875,0,0.233875
6363,2310,2357,-0.00696433,-0,-0.00696433
6364,2358,2359,0.420849,0,0.420849
6365,2359,2311,-0.328461,-0,-0.328461
6366,2311,2358,-0.0923873,-0,-0.0923873
6367,2359,2360,-0.294833,-0,-0.294833
6368,2360,2312,0.147873,0,0.147873
6369,2312,2359,0.14696,0,0.14696
6370,2360,2361,0.512696,0,0.512696
6371,2361,2313,-0.287701,-0,-0.287701
6372,2313,2360,-0.224995,-0,-0.224995
6373,2361,2362,-0.276125,-0,-0.276125
6374,2362,2314,0.318584,0,0.318584
6375,2314,2361,-0.0424595,-0,-0.0424595
6376,2362,2363,-0.134915,-0,-0.134915
6377,2363,2315,-0.0748764,-0,-0.0748764
6378,2315,2362,0.209791,0,0.209791
6379,2363,2364,0.161969,0,0.161969
6380,2364,2316,0.167621,0,0.167621
6381,2316,2363,-0.32959,-0,-0.32959
6382,2364,2365,0.200586,0,0.200586
6383,2365,2317,-0.395002,-0,-0.395002
6384,2317,2364,0.194416,0,0.194416
6385,2365,2366,-0.129432,-0,-0.129432
6386,2366,2318,-0.197018,-0,-0.197018
6387,2318,2365,0.32645,0,0.32645
6388,2366,2367,0.260912,0,0.260912
6389,2367,2318,-0.457929,-0,-0.457929
6390,2319,2367,-0.0484711,-0,-0.0484711
6391,2367,2368,-0.496796,-0,-0.496796
6392,2368,2319,0.545267,0,0.545267
6393,2368,2369,0.270944,0,0.270944
6394,2369,2321,-0.211321,-0,-0.211321
6395,2321,2368,-0.0596226,-0,-0.0596226
6396,2369,2370,0.33661,0,0.33661
6397,2370,2322,-0.342014,-0,-0.342014
6398,2322,2369,0.00540405,0,0.00540405
6399,2370,2371,-0.43482,-0,-0.43482
6400,2371,2322,0.0928054,0,0.0928054
6401,2371,2372,0.403904,0,0.403904
6402,2372,2324,-0.415521,-0,-0.415521
6403,2324,2371,0.0116167,0,0.0116167
6404,2372,2373,0.0281923,0,0.0281923
6405,2373,2324,-0.443713,-0,-0.443713
6406,2325,2373,-0.00398255,-0,-0.00398255
6407,2373,2374,-0.517757,-0,-0.517757
6408,2374,2325,0.521739,0,0.521739
6409,2374,2375,0.932616,1,-0.63818
6410,2375,2327,-0.677679,-0,-0.677679
6411,2327,2374,-0.254937,-0,-0.254937
6412,2375,2376,-0.90576,-1,0.665036
6413,2376,2327,0.228081,0,0.228081
6414,2376,2377,0.840422,1,-0.730375
6415,2377,2329,-0.637696,-0,-0.637696
6416,2329,2376,-0.202726,-0,-0.202726
6417,2377,2378,-0.910764,-1,0.660032
6418,2378,2329,0.273068,0,0.273068
6419,2378,2379,0.540035,0,0.540035
6420,2379,2331,-0.00397114,-0,-0.00397114
6421,2331,2378,-0.536063,-0,-0.536063
6422,2379,2380,-0.0486456,-0,-0.0486456
6423,2380,2332,-0.398549,-0,-0.398549
6424,2332,2379,0.447194,0,0.447194
6425,2380,2381,-0.418734,-0,-0.418734
6426,2381,2332,0.0201853,0,0.0201853
6427,2381,2382,0.411823,0,0.411823
6428,2382,2334,-0.470649,-0,-0.470649
6429,2334,2381,0.0588255,0,0.0588255
6430,2382,2383,-0.272099,-0,-0.272099
6431,2383,2334,-0.198549,-0,-0.198549
6432,2335,2383,0.0216295,0,0.0216295
6433,2383,2384,-0.223695,-0,-0.223695
6434,2384,2335,0.202065,0,0.202065
6435,2384,2385,0.481039,0,0.481039
6436,2385,2337,0.0293339,0,0.0293339
6437,2337,2384,-0.510373,-0,-0.510373
6438,2385,2386,-0.303291,-0,-0.303291
6439,2386,2338,-0.182607,-0,-0.182607
6440,2338,2385,0.485898,0,0.485898
6441,2386,2387,0.170684,0,0.170684
6442,2387,2338,-0.353291,-0,-0.353291
6443,2339,2387,0.390605,0,0.390605
6444,2387,2388,-0.18349,-0,-0.18349
6445,2388,2339,-0.207115,-0,-0.207115
6446,2340,2388,-0.159615,-0,-0.159615
6447,2388,2389,-0.0301189,-0,-0.0301189
6448,2389,2340,0.189734,0,0.189734
6449,2341,2389,0.246092,0,0.246092
6450,2389,2390,-0.21112,-0,-0.21112
6451,2390,2341,-0.034972,-0,-0.034972
6452,2342,2390,-0.424299,-0,-0.424299
6453,2390,2391,0.418922,0,0.418922
6454,2391,2342,0.00537703,0,0.00537703
6455,2343,2391,0.276755,0,0.276755
6456,2391,2392,-0.483234,-0,-0.483234
6457,2392,2343,0.20648,0,0.20648
6458,2344,2392,-0.159584,-0,-0.159584
6459,2392,2393,0.324071,0,0.324071
6460,2393,2344,-0.164487,-0,-0.164487
6461,2345,2393,0.327474,0,0.327474
6462,2393,2394,-0.436481,-0,-0.436481
6463,2394,2345,0.109007,0,0.109007
6464,2346,2394,-0.235344,-0,-0.235344
6465,2394,2395,0.232908,0,0.232908
6466,2395,2346,0.00243586,0,0.00243586
6467,2395,2396,-0.0375057,-0,-0.0375057
6468,2396,2348,0.097418,0,0.097418
6469,2348,2395,-0.0599123,-0,-0.0599123
6470,2396,2397,0.0234958,0,0.0234958
6471,2397,2348,0.0739221,0,0.0739221
6472,2397,2398,-0.00530371,-0,-0.00530371
6473,2398,2350,-0.116183,-0,-0.116183
6474,2350,2397,0.121487,0,0.121487
6475,2398,2399,0.0710032,0,0.0710032
6476,2399,2350,-0.187186,-0,-0.187186
6477,2399,2352,-0.0737124,-0,-0.0737124
6478,2304,2399,0.279893,0,0.279893
6479,2352,2400,0.0179341,0,0.0179341
6480,2400,2401,0.00609425,0,0.00609425
6481,2401,2352,-0.0240283,-0,-0.0240283
6482,2401,2402,0.0102685,0,0.0102685
6483,2402,2354,-0.0211536,-0,-0.0211536
6484,2354,2401,0.0108851,0,0.0108851
6485,2402,2403,-0.0202446,-0,-0.0202446
6486,2403,2354,-0.000908999,-0,-0.000908999
6487,2403,2404,-0.0126816,-0,-0.0126816
6488,2404,2356,0.00091243,0,0.00091243
6489,2356,2403,0.0117691,0,0.0117691
6490,2404,2405,-0.180504,-0,-0.180504
6491,2405,2356,0.181416,0,0.181416
6492,2405,2406,0.425636,0,0.425636
6493,2406,2358,-0.461553,-0,-0.461553
6494,2358,2405,0.0359167,0,0.0359167
6495,2406,2407,-0.384634,-0,-0.384634
6496,2407,2358,-0.0769182,-0,-0.0769182
6497,2407,2408,0.443629,0,0.443629
6498,2408,2360,-0.394531,-0,-0.394531
6499,2360,2407,-0.0490976,-0,-0.0490976
6500,2408,2409,-0.379483,-0,-0.379483
6501,2409,2360,-0.0150481,-0,-0.0150481
6502,2409,2410,0.195684,0,0.195684
6503,2410,2362,0.0258395,0,0.0258395
6504,2362,2409,-0.221523,-0,-0.221523
6505,2410,2411,0.3322,0,0.3322
6506,2411,2363,-0.441276,-0,-0.441276
6507,2363,2410,0.109076,0,0.109076
6508,2411,2412,-0.0102534,-0,-0.0102534
6509,2412,2363,-0.431023,-0,-0.431023
6510,2364,2412,0.269054,0,0.269054
6511,2412,2413,-0.549926,-0,-0.549926
6512,2413,2364,0.280872,0,0.280872
6513,2413,2414,0.541246,0,0.541246
6514,2414,2366,-0.18922,-0,-0.18922
6515,2366,2413,-0.352026,-0,-0.352026
6516,2414,2415,-0.296777,-0,-0.296777
6517,2415,2366,0.107557,0,0.107557
6518,2415,2416,0.46189,0,0.46189
6519,2416,2368,-0.590217,-0,-0.590217
6520,2368,2415,0.128327,0,0.128327
6521,2416,2417,-0.0508981,-0,-0.0508981
6522,2417,2368,-0.539319,-0,-0.539319
6523,2369,2417,0.268375,0,0.268375
6524,2417,2418,-0.388811,-0,-0.388811
6525,2418,2369,0.120436,0,0.120436
6526,2370,2418,-0.457047,-0,-0.457047
6527,2418,2419,0.427184,0,0.427184
6528,2419,2370,0.0298632,0,0.0298632
6529,2371,2419,0.404957,0,0.404957
6530,2419,2420,-0.258178,-0,-0.258178
6531,2420,2371,-0.146778,-0,-0.146778
6532,2372,2420,-0.257126,-0,-0.257126
6533,2420,2421,-0.287122,-0,-0.287122
6534,2421,2372,0.544248,0,0.544248
6535,2421,2422,0.497305,0,0.497305
6536,2422,2374,-0.442621,-0,-0.442621
6537,2374,2421,-0.0546838,-0,-0.0546838
6538,2422,2423,-0.14063,-0,-0.14063
6539,2423,2374,-0.301991,-0,-0.301991
6540,2423,2424,0.180942,0,0.180942
6541,2424,2376,-0.456076,-0,-0.456076
6542,2376,2423,0.275135,0,0.275135
6543,2424,2425,-0.373462,-0,-0.373462
6544,2425,2376,-0.0826143,-0,-0.0826143
6545,2425,2426,0.334404,0,0.334404
6546,2426,2378,-0.48736,-0,-0.48736
6547,2378,2425,0.152957,0,0.152957
6548,2426,2427,-0.500439,-0,-0.500439
6549,2427,2378,0.0130793,0,0.0130793
6550,2427,2428,0.219692,0,0.219692
6551,2428,2380,0.284776,0,0.284776
6552,2380,2427,-0.504468,-0,-0.504468
6553,2428,2429,0.287459,0,0.287459
6554,2429,2381,-0.421417,-0,-0.421417
6555,2381,2428,0.133958,0,0.133958
6556,2429,2430,-0.413121,-0,-0.413121
6557,2430,2382,0.403527,0,0.403527
6558,2382,2429,0.00959379,0,0.00959379
6559,2430,2431,0.431497,0,0.431497
6560,2431,2383,-0.300069,-0,-0.300069
6561,2383,2430,-0.131428,-0,-0.131428
6562,2431,2432,0.0433409,0,0.0433409
6563,2432,2384,-0.567104,-0,-0.567104
6564,2384,2431,0.523763,0,0.523763
6565,2432,2433,-0.455065,-0,-0.455065
6566,2433,2384,-0.112039,-0,-0.112039
6567,2433,2434,0.255677,0,0.255677
6568,2434,2386,-0.189969,-0,-0.189969
6569,2386,2433,-0.0657085,-0,-0.0657085
6570,2434,2435,-0.53122,-0,-0.53122
6571,2435,2386,0.341251,0,0.341251
6572,2435,2436,0.551015,0,0.551015
6573,2436,2388,-0.22257,-0,-0.22257
6574,2388,2435,-0.328445,-0,-0.328445
6575,2436,2437,-0.267348,-0,-0.267348
6576,2437,2389,0.0146596,0,0.0146596
6577,2389,2436,0.252689,0,0.252689
6578,2437,2438,0.210535,0,0.210535
6579,2438,2390,-0.406995,-0,-0.406995
6580,2390,2437,0.19646,0,0.19646
6581,2438,2439,-0.420485,-0,-0.420485
6582,2439,2390,0.0134904,0,0.0134904
6583,2439,2440,0.354561,0,0.354561
6584,2440,2392,-0.405383,-0,-0.405383
6585,2392,2439,0.0508218,0,0.0508218
6586,2440,2441,-0.429104,-0,-0.429104
6587,2441,2392,0.0237211,0,0.0237211
6588,2441,2442,0.368715,0,0.368715
6589,2442,2394,-0.457403,-0,-0.457403
6590,2394,2441,0.0886886,0,0.0886886
6591,2442,2443,-0.416789,-0,-0.416789
6592,2443,2394,-0.0406142,-0,-0.0406142
6593,2443,2444,0.161796,0,0.161796
6594,2444,2396,-0.00700733,-0,-0.00700733
6595,2396,2443,-0.154788,-0,-0.154788
6596,2444,2445,0.0259676,0,0.0259676
6597,2445,2396,-0.0329749,-0,-0.0329749
6598,2445,2446,0.0121136,0,0.0121136
6599,2446,2398,-0.0268964,-0,-0.0268964
6600,2398,2445,0.0147828,0,0.0147828
6601,2446,2447,-0.00348882,-0,-0.00348882
6602,2447,2398,-0.0234076,-0,-0.0234076
6603,2447,2400,-0.00818269,-0,-0.00818269
6604,2352,2447,0.0261168,0,0.0261168
6605,2400,2448,-0.0075149,-0,-0.0075149
6606,2448,2449,0.0141097,0,0.0141097
6607,2449,2400,-0.00659481,-0,-0.00659481
6608,2449,2450,0.0402275,0,0.0402275
6609,2450,2402,-0.0304596,-0,-0.0304596
6610,2402,2449,-0.00976792,-0,-0.00976792
6611,2450,2451,-0.0147691,-0,-0.0147691
6612,2451,2402,-0.0156905,-0,-0.0156905
6613,2451,2452,0.0314491,0,0.0314491
6614,2452,2404,-0.0800658,-0,-0.0800658
6615,2404,2451,0.0486167,0,0.0486167
6616,2452,2453,-0.0765996,-0,-0.0765996
6617,2453,2404,-0.0034662,-0,-0.0034662
6618,2405,2453,0.18397,0,0.18397
6619,2453,2454,0.286143,0,0.286143
6620,2454,2405,-0.470113,-0,-0.470113
6621,2406,2454,0.0444769,0,0.0444769
6622,2454,2455,-0.413741,-0,-0.413741
6623,2455,2406,0.369264,0,0.369264
6624,2407,2455,0.0153708,0,0.0153708
6625,2455,2456,0.428315,0,0.428315
6626,2456,2407,-0.443686,-0,-0.443686
6627,2408,2456,5.6527e-05,0,5.6527e-05
6628,2456,2457,-0.385929,-0,-0.385929
6629,2457,2408,0.385873,0,0.385873
6630,2409,2457,-0.00638927,-0,-0.00638927
6631,2457,2458,0.341441,0,0.341441
6632,2458,2409,-0.335052,-0,-0.335052
6633,2410,2458,0.139368,0,0.139368
6634,2458,2459,-0.330687,-0,-0.330687
6635,2459,2410,0.191319,0,0.191319
6636,2411,2459,-0.523519,-0,-0.523519
6637,2459,2460,0.221409,0,0.221409
6638,2460,2411,0.30211,0,0.30211
6639,2460,2461,0.257583,0,0.257583
6640,2461,2413,-0.515652,-0,-0.515652
6641,2413,2460,0.258069,0,0.258069
6642,2461,2462,-0.353923,-0,-0.353923
6643,2462,2413,-0.161729,-0,-0.161729
6644,2414,2462,-0.379518,-0,-0.379518
6645,2462,2463,0.176928,0,0.176928
6646,2463,2414,0.202589,0,0.202589
6647,2415,2463,0.094188,0,0.094188
6648,2463,2464,0.311312,0,0.311312
6649,2464,2415,-0.4055,-0,-0.4055
6650,2416,2464,-0.0563895,-0,-0.0563895
6651,2464,2465,-0.39025,-0,-0.39025
6652,2465,2416,0.446639,0,0.446639
6653,2465,2466,0.222939,0,0.222939
6654,2466,2418,-0.216009,-0,-0.216009
6655,2418,2465,-0.00693006,-0,-0.00693006
6656,2466,2467,-0.27728,-0,-0.27728
6657,2467,2418,0.0612706,0,0.0612706
6658,2467,2468,0.374702,0,0.374702
6659,2468,2420,-0.144426,-0,-0.144426
6660,2420,2467,-0.230276,-0,-0.230276
6661,2468,2469,-0.187069,-0,-0.187069
6662,2469,2421,-0.244479,-0,-0.244479
6663,2421,2468,0.431548,0,0.431548
6664,2469,2470,0.260547,0,0.260547
6665,2470,2421,-0.505026,-0,-0.505026
6666,2422,2470,0.00772119,0,0.00772119
6667,2470,2471,-0.518335,-0,-0.518335
6668,2471,2422,0.510614,0,0.510614
6669,2471,2472,0.533869,0,0.533869
6670,2472,2424,0.0170568,0,0.0170568
6671,2424,2471,-0.550926,-0,-0.550926
6672,2472,2473,-0.384861,-0,-0.384861
6673,2473,2425,0.0284556,0,0.0284556
6674,2425,2472,0.356405,0,0.356405
6675,2473,2474,0.479858,0,0.479858
6676,2474,2426,-0.116999,-0,-0.116999
6677,2426,2473,-0.362859,-0,-0.362859
6678,2474,2475,-0.0672658,-0,-0.0672658
6679,2475,2427,-0.550173,-0,-0.550173
6680,2427,2474,0.617439,0,0.617439
6681,2475,2476,-0.371734,-0,-0.371734
6682,2476,2427,-0.178439,-0,-0.178439
6683,2428,2476,-0.0412525,-0,-0.0412525
6684,2476,2477,-0.140533,-0,-0.140533
6685,2477,2428,0.181786,0,0.181786
6686,2477,2478,0.288726,0,0.288726
6687,2478,2430,-0.232602,-0,-0.232602
6688,2430,2477,-0.0561239,-0,-0.0561239
6689,2478,2479,-0.195616,-0,-0.195616
6690,2479,2430,-0.036986,-0,-0.036986
6691,2479,2480,0.400517,0,0.400517
6692,2480,2432,0.0373346,0,0.0373346
6693,2432,2479,-0.437852,-0,-0.437852
6694,2480,2481,-0.337269,-0,-0.337269
6695,2481,2433,-0.0804613,-0,-0.0804613
6696,2433,2480,0.41773,0,0.41773
6697,2481,2482,-0.207602,-0,-0.207602
6698,2482,2434,0.382818,0,0.382818
6699,2434,2481,-0.175216,-0,-0.175216
6700,2482,2483,0.345547,0,0.345547
6701,2483,2435,-0.493949,-0,-0.493949
6702,2435,2482,0.148402,0,0.148402
6703,2483,2484,-0.2593,-0,-0.2593
6704,2484,2435,-0.23465,-0,-0.23465
6705,2484,2485,-0.196652,-0,-0.196652
6706,2485,2437,0.245669,0,0.245669
6707,2437,2484,-0.0490168,-0,-0.0490168
6708,2485,2486,0.419441,0,0.419441
6709,2486,2438,0.0367629,0,0.0367629
6710,2438,2485,-0.456204,-0,-0.456204
6711,2486,2487,-0.399999,-0,-0.399999
6712,2487,2439,0.0162763,0,0.0162763
6713,2439,2486,0.383722,0,0.383722
6714,2487,2488,0.397723,0,0.397723
6715,2488,2440,-0.0268865,-0,-0.0268865
6716,2440,2487,-0.370837,-0,-0.370837
6717,2488,2489,-0.448209,-0,-0.448209
6718,2489,2441,-0.00778127,-0,-0.00778127
6719,2441,2488,0.45599,0,0.45599
6720,2489,2490,0.427067,0,0.427067
6721,2490,2442,-0.0661333,-0,-0.0661333
6722,2442,2489,-0.360933,-0,-0.360933
6723,2490,2491,-0.297882,-0,-0.297882
6724,2491,2443,-0.18504,-0,-0.18504
6725,2443,2490,0.482922,0,0.482922
6726,2491,2492,0.0681612,0,0.0681612
6727,2492,2444,-0.0914055,-0,-0.0914055
6728,2444,2491,0.0232444,0,0.0232444
6729,2492,2493,-0.0195592,-0,-0.0195592
6730,2493,2444,-0.0718463,-0,-0.0718463
6731,2493,2494,0.00213196,0,0.00213196
6732,2494,2446,-0.0358971,-0,-0.0358971
6733,2446,2493,0.0337651,0,0.0337651
6734,2494,2495,-0.0378508,-0,-0.0378508
6735,2495,2446,0.0019537,0,0.0019537
6736,2495,2448,-0.0172327,-0,-0.0172327
6737,2400,2495,0.0097178,0,0.0097178
6738,2448,2496,-0.0351268,-0,-0.0351268
6739,2496,2497,0.035807,0,0.035807
6740,2497,2448,-0.000680169,-0,-0.000680169
6741,2497,2498,0.10345,0,0.10345
6742,2498,2450,-0.0497933,-0,-0.0497933
6743,2450,2497,-0.053657,-0,-0.053657
6744,2498,2499,0.0242154,0,0.0242154
6745,2499,2450,-0.0740087,-0,-0.0740087
6746,2499,2500,0.249975,0,0.249975
6747,2500,2452,-0.307303,-0,-0.307303
6748,2452,2499,0.0573287,0,0.0573287
6749,2500,2501,-0.51855,-0,-0.51855
6750,2501,2452,0.211247,0,0.211247
6751,2453,2501,-0.134647,-0,-0.134647
6752,2501,2502,0.0939808,0,0.0939808
6753,2502,2453,0.0406662,0,0.0406662
6754,2502,2503,0.0206668,0,0.0206668
6755,2503,2455,-0.107599,-0,-0.107599
6756,2455,2502,0.0869317,0,0.0869317
6757,2503,2504,0.0431536,0,0.0431536
6758,2504,2455,-0.150752,-0,-0.150752
6759,2504,2505,0.243516,0,0.243516
6760,2505,2457,-0.351883,-0,-0.351883
6761,2457,2504,0.108367,0,0.108367
6762,2505,2506,-0.396156,-0,-0.396156
6763,2506,2457,0.0442734,0,0.0442734
6764,2506,2507,0.447665,0,0.447665
6765,2507,2459,-0.392638,-0,-0.392638
6766,2459,2506,-0.0550274,-0,-0.0550274
6767,2507,2508,-0.464874,-0,-0.464874
6768,2508,2459,0.0722367,0,0.0722367
6769,2508,2509,0.618919,0,0.618919
6770,2509,2461,-0.06769,-0,-0.06769
6771,2461,2508,-0.551229,-0,-0.551229
6772,2509,2510,-0.169979,-0,-0.169979
6773,2510,2462,-0.251634,-0,-0.251634
6774,2462,2509,0.421613,0,0.421613
6775,2510,2511,-0.141253,-0,-0.141253
6776,2511,2462,-0.110381,-0,-0.110381
6777,2463,2511,-0.0665468,-0,-0.0665468
6778,2511,2512,-0.109636,-0,-0.109636
6779,2512,2463,0.176182,0,0.176182
6780,2512,2513,0.329183,0,0.329183
6781,2513,2465,-0.231938,-0,-0.231938
6782,2465,2512,-0.0972448,-0,-0.0972448
6783,2513,2514,0.710278,0,0.710278
6784,2514,2466,-0.719276,-0,-0.719276
6785,2466,2513,0.00899833,0,0.00899833
6786,2514,2515,-0.790405,-1,0.780391
6787,2515,2466,0.0711288,0,0.0711288
6788,2467,2515,0.206151,0,0.206151
6789,2515,2516,-0.251608,-0,-0.251608
6790,2516,2467,0.045457,0,0.045457
6791,2516,2517,0.239248,0,0.239248
6792,2517,2469,-0.00615845,-0,-0.00615845
6793,2469,2516,-0.23309,-0,-0.23309
6794,2517,2518,-0.0171099,-0,-0.0171099
6795,2518,2469,0.0109514,0,0.0109514
6796,2518,2519,-0.0544343,-0,-0.0544343
6797,2519,2471,-0.192403,-0,-0.192403
6798,2471,2518,0.246837,0,0.246837
6799,2519,2520,0.0210585,0,0.0210585
6800,2520,2471,-0.213461,-0,-0.213461
6801,2520,2521,0.0103525,0,0.0103525
6802,2521,2473,-0.0748054,-0,-0.0748054
6803,2473,2520,0.0644529,0,0.0644529
6804,2521,2522,0.0982301,0,0.0982301
6805,2522,2473,-0.173036,-0,-0.173036
6806,2522,2523,-0.229212,-0,-0.229212
6807,2523,2475,0.468769,0,0.468769
6808,2475,2522,-0.239557,-0,-0.239557
6809,2523,2524,0.0956863,0,0.0956863
6810,2524,2476,0.00134877,0,0.00134877
6811,2476,2523,-0.0970351,-0,-0.0970351
6812,2524,2525,0.125982,0,0.125982
6813,2525,2477,-0.265166,-0,-0.265166
6814,2477,2524,0.139185,0,0.139185
6815,2525,2526,0.774998,0,0.774998
6816,2526,2478,-0.751438,-0,-0.751438
6817,2478,2525,-0.0235597,-0,-0.0235597
6818,2526,2527,-0.710555,-0,-0.710555
6819,2527,2478,-0.0408827,-0,-0.0408827
6820,2479,2527,0.236499,0,0.236499
6821,2527,2528,-0.326362,-0,-0.326362
6822,2528,2479,0.0898635,0,0.0898635
6823,2528,2529,0.0778092,0,0.0778092
6824,2529,2481,0.0753026,0,0.0753026
6825,2481,2528,-0.153112,-0,-0.153112
6826,2529,2530,0.111285,0,0.111285
6827,2530,2482,-0.243584,-0,-0.243584
6828,2482,2529,0.132299,0,0.132299
6829,2530,2531,0.199631,0,0.199631
6830,2531,2482,-0.443215,-0,-0.443215
6831,2483,2531,0.097668,0,0.097668
6832,2531,2532,-0.628776,-0,-0.628776
6833,2532,2483,0.531108,0,0.531108
6834,2532,2533,0.463805,0,0.463805
6835,2533,2485,-0.38865,-0,-0.38865
6836,2485,2532,-0.0751559,-0,-0.0751559
6837,2533,2534,-0.409482,-0,-0.409482
6838,2534,2485,0.0208324,0,0.0208324
6839,2534,2535,0.380007,0,0.380007
6840,2535,2487,-0.339732,-0,-0.339732
6841,2487,2534,-0.0402747,-0,-0.0402747
6842,2535,2536,-0.214105,-0,-0.214105
6843,2536,2487,-0.125627,-0,-0.125627
6844,2536,2537,-0.0820576,-0,-0.0820576
6845,2537,2489,-0.094055,-0,-0.094055
6846,2489,2536,0.176113,0,0.176113
6847,2537,2538,0.0139672,0,0.0139672
6848,2538,2489,-0.108022,-0,-0.108022
6849,2538,2539,-0.107263,-0,-0.107263
6850,2539,2491,0.128425,0,0.128425
6851,2491,2538,-0.0211622,-0,-0.0211622
6852,2539,2540,0.530938,0,0.530938
6853,2540,2492,-0.334352,-0,-0.334352
6854,2492,2539,-0.196586,-0,-0.196586
6855,2540,2541,-0.249376,-0,-0.249376
6856,2541,2492,-0.0849764,-0,-0.0849764
6857,2541,2542,-0.0493368,-0,-0.0493368
6858,2542,2494,-0.0530668,-0,-0.0530668
6859,2494,2541,0.102404,0,0.102404
6860,2542,2543,-0.107422,-0,-0.107422
6861,2543,2494,0.0543552,0,0.0543552
6862,2543,2496,-0.0358551,-0,-0.0358551
6863,2448,2543,0.000728278,0,0.000728278
6864,2496,2544,0.0922503,0,0.0922503
6865,2544,2545,-0.175208,-0,-0.175208
6866,2545,2496,0.0829575,0,0.0829575
6867,2545,2546,0.504806,0,0.504806
6868,2546,2498,-0.282591,-0,-0.282591
6869,2498,2545,-0.222215,-0,-0.222215
6870,2546,2547,-0.229313,-0,-0.229313
6871,2547,2498,-0.0532783,-0,-0.0532783
6872,2547,2548,-0.066029,-0,-0.066029
6873,2548,2500,0.286941,0,0.286941
6874,2500,2547,-0.220912,-0,-0.220912
6875,2548,2549,0.181514,0,0.181514
6876,2549,2501,-0.413123,-0,-0.413123
6877,2501,2548,0.231609,0,0.231609
6878,2549,2550,-0.467308,-0,-0.467308
6879,2550,2501,0.0541852,0,0.0541852
6880,2550,2551,0.468926,0,0.468926
6881,2551,2503,-0.300093,-0,-0.300093
6882,2503,2550,-0.168833,-0,-0.168833
6883,2551,2552,-0.405281,-0,-0.405281
6884,2552,2503,0.105187,0,0.105187
6885,2552,2553,0.171137,0,0.171137
6886,2553,2505,0.22072,0,0.22072
6887,2505,2552,-0.391857,-0,-0.391857
6888,2553,2554,-0.0691112,-0,-0.0691112
6889,2554,2506,-0.106325,-0,-0.106325
6890,2506,2553,0.175436,0,0.175436
6891,2554,2555,0.37918,0,0.37918
6892,2555,2507,-0.0378396,-0,-0.0378396
6893,2507,2554,-0.34134,-0,-0.34134
6894,2555,2556,-0.228965,-0,-0.228965
6895,2556,2508,-0.273749,-0,-0.273749
6896,2508,2555,0.502714,0,0.502714
6897,2556,2557,0.0904481,0,0.0904481
6898,2557,2508,-0.364197,-0,-0.364197
6899,2557,2558,0.337499,0,0.337499
6900,2558,2510,-0.252756,-0,-0.252756
6901,2510,2557,-0.0847425,-0,-0.0847425
6902,2558,2559,-0.274869,-0,-0.274869
6903,2559,2510,0.0221124,0,0.0221124
6904,2511,2559,0.11914,0,0.11914
6905,2559,2560,-0.226067,-0,-0.226067
6906,2560,2511,0.106927,0,0.106927
6907,2512,2560,0.00270875,0,0.00270875
6908,2560,2561,0.398254,0,0.398254
6909,2561,2512,-0.400962,-0,-0.400962
6910,2513,2561,0.0717799,0,0.0717799
6911,2561,2562,-0.286772,-0,-0.286772
6912,2562,2513,0.214992,0,0.214992
6913,2562,2563,-0.138199,-0,-0.138199
6914,2563,2515,0.273064,0,0.273064
6915,2515,2562,-0.134865,-0,-0.134865
6916,2563,2564,0.437062,0,0.437062
6917,2564,2516,-0.415606,-0,-0.415606
6918,2516,2563,-0.0214558,-0,-0.0214558
6919,2564,2565,-0.124812,-0,-0.124812
6920,2565,2517,-0.0515465,-0,-0.0515465
6921,2517,2564,0.176358,0,0.176358
6922,2565,2566,-0.051663,-0,-0.051663
6923,2566,2517,0.000116508,0,0.000116508
6924,2566,2567,-0.0253662,-0,-0.0253662
6925,2567,2519,-0.0460614,-0,-0.0460614
6926,2519,2566,0.0714276,0,0.0714276
6927,2567,2568,-0.0619229,-0,-0.0619229
6928,2568,2519,0.0158615,0,0.0158615
6929,2568,2569,0.0594436,0,0.0594436
6930,2569,2521,-0.012171,-0,-0.012171
6931,2521,2568,-0.0472726,-0,-0.0472726
6932,2569,2570,0.0149582,0,0.0149582
6933,2570,2521,-0.0271292,-0,-0.0271292
6934,2570,2571,0.020668,0,0.020668
6935,2571,2523,-0.178779,-0,-0.178779
6936,2523,2570,0.158111,0,0.158111
6937,2571,2572,0.172246,0,0.172246
6938,2572,2523,-0.351025,-0,-0.351025
6939,2524,2572,0.255338,0,0.255338
6940,2572,2573,-0.407526,-0,-0.407526
6941,2573,2524,0.152187,0,0.152187
6942,2525,2573,-0.278169,-0,-0.278169
6943,2573,2574,0.144933,0,0.144933
6944,2574,2525,0.133236,0,0.133236
6945,2574,2575,0.285345,0,0.285345
6946,2575,2527,-0.0876668,-0,-0.0876668
6947,2527,2574,-0.197678,-0,-0.197678
6948,2575,2576,-0.432541,-0,-0.432541
6949,2576,2528,0.0185121,0,0.0185121
6950,2528,2575,0.414029,0,0.414029
6951,2576,2577,0.212232,0,0.212232
6952,2577,2529,-0.115911,-0,-0.115911
6953,2529,2576,-0.0963213,-0,-0.0963213
6954,2577,2578,0.261424,0,0.261424
6955,2578,2530,-0.26605,-0,-0.26605
6956,2530,2577,0.00462573,0,0.00462573
6957,2578,2579,-0.307139,-0,-0.307139
6958,2579,2530,0.0410895,0,0.0410895
6959,2579,2580,-0.128166,-0,-0.128166
6960,2580,2532,-0.259889,-0,-0.259889
6961,2532,2579,0.388055,0,0.388055
6962,2580,2581,0.263134,0,0.263134
6963,2581,2532,-0.523023,-0,-0.523023
6964,2533,2581,0.0592178,0,0.0592178
6965,2581,2582,-0.388073,-0,-0.388073
6966,2582,2533,0.328855,0,0.328855
6967,2534,2582,0.080627,0,0.080627
6968,2582,2583,0.0815305,0,0.0815305
6969,2583,2534,-0.162157,-0,-0.162157
6970,2535,2583,-0.21785,-0,-0.21785
6971,2583,2584,-0.163983,-0,-0.163983
6972,2584,2535,0.381833,0,0.381833
6973,2584,2585,0.383432,0,0.383432
6974,2585,2537,-0.297762,-0,-0.297762
6975,2537,2584,-0.0856701,-0,-0.0856701
6976,2585,2586,-0.446539,-0,-0.446539
6977,2586,2537,0.148777,0,0.148777
6978,2586,2587,0.469187,0,0.469187
6979,2587,2539,-0.413706,-0,-0.413706
6980,2539,2586,-0.0554815,-0,-0.0554815
6981,2587,2588,-0.13438,-0,-0.13438
6982,2588,2539,-0.279325,-0,-0.279325
6983,2540,2588,-0.251612,-0,-0.251612
6984,2588,2589,0.0688855,0,0.0688855
6985,2589,2540,0.182727,0,0.182727
6986,2589,2590,0.158707,0,0.158707
6987,2590,2542,-0.274692,-0,-0.274692
6988,2542,2589,0.115985,0,0.115985
6989,2590,2591,-0.528916,-0,-0.528916
6990,2591,2542,0.254224,0,0.254224
6991,2591,2544,0.203197,0,0.203197
6992,2496,2591,-0.110947,-0,-0.110947
6993,2544,2592,0.701829,0,0.701829
6994,2592,2593,-0.84195,-1,0.728846
6995,2593,2544,0.140122,0,0.140122
6996,2545,2593,0.0350862,0,0.0350862
6997,2593,2594,0.404402,0,0.404402
6998,2594,2545,-0.439488,-0,-0.439488
6999,2546,2594,-0.0653186,-0,-0.0653186
7000,2594,2595,-0.431129,-0,-0.431129
7001,2595,2546,0.496447,0,0.496447
7002,2595,2596,0.108284,0,0.108284
7003,2596,2548,0.0928209,0,0.0928209
7004,2548,2595,-0.201105,-0,-0.201105
7005,2596,2597,0.0220915,0,0.0220915
7006,2597,2549,0.252243,0,0.252243
7007,2549,2596,-0.274335,-0,-0.274335
7008,2597,2598,-0.133629,-0,-0.133629
7009,2598,2550,-0.0814357,-0,-0.0814357
7010,2550,2597,0.215065,0,0.215065
7011,2598,2599,0.352047,0,0.352047
7012,2599,2551,0.0354434,0,0.0354434
7013,2551,2598,-0.38749,-0,-0.38749
7014,2599,2600,-0.352828,-0,-0.352828
7015,2600,2552,-0.0170086,-0,-0.0170086
7016,2552,2599,0.369837,0,0.369837
7017,2600,2601,0.507245,0,0.507245
7018,2601,2553,-0.353116,-0,-0.353116
7019,2553,2600,-0.154129,-0,-0.154129
7020,2601,2602,0.0102102,0,0.0102102
7021,2602,2554,-0.432437,-0,-0.432437
7022,2554,2601,0.422227,0,0.422227
7023,2602,2603,-0.43548,-0,-0.43548
7024,2603,2554,0.00304219,0,0.00304219
7025,2603,2604,0.237432,0,0.237432
7026,2604,2556,-0.0841758,-0,-0.0841758
7027,2556,2603,-0.153257,-0,-0.153257
7028,2604,2605,-0.139099,-0,-0.139099
7029,2605,2556,0.0549232,0,0.0549232
7030,2605,2606,0.220176,0,0.220176
7031,2606,2558,0.262693,0,0.262693
7032,2558,2605,-0.48287,-0,-0.48287
7033,2606,2607,0.0218692,0,0.0218692
7034,2607,2559,-0.0340442,-0,-0.0340442
7035,2559,2606,0.0121751,0,0.0121751
7036,2607,2608,0.272064,0,0.272064
7037,2608,2560,-0.532176,-0,-0.532176
7038,2560,2607,0.260111,0,0.260111
7039,2608,2609,-0.517403,-0,-0.517403
7040,2609,2560,-0.0147725,-0,-0.0147725
7041,2609,2610,0.36278,0,0.36278
7042,2610,2562,-0.266071,-0,-0.266071
7043,2562,2609,-0.0967088,-0,-0.0967088
7044,2610,2611,-0.170446,-0,-0.170446
7045,2611,2563,-0.233824,-0,-0.233824
7046,2563,2610,0.404269,0,0.404269
7047,2611,2612,-0.200832,-0,-0.200832
7048,2612,2563,-0.032992,-0,-0.032992
7049,2612,2613,0.476527,0,0.476527
7050,2613,2565,-0.197268,-0,-0.197268
7051,2565,2612,-0.279258,-0,-0.279258
7052,2613,2614,-0.17158,-0,-0.17158
7053,2614,2565,-0.0256888,-0,-0.0256888
7054,2614,2615,0.150366,0,0.150366
7055,2615,2567,-0.253084,-0,-0.253084
7056,2567,2614,0.102718,0,0.102718
7057,2615,2616,-0.541566,-0,-0.541566
7058,2616,2567,0.288482,0,0.288482
7059,2616,2617,0.535658,0,0.535658
7060,2617,2569,-0.249655,-0,-0.249655
7061,2569,2616,-0.286003,-0,-0.286003
7062,2617,2618,-0.151536,-0,-0.151536
7063,2618,2569,-0.0981187,-0,-0.0981187
7064,2618,2619,0.161628,0,0.161628
7065,2619,2571,-0.224121,-0,-0.224121
7066,2571,2618,0.0624925,0,0.0624925
7067,2619,2620,-0.458323,-0,-0.458323
7068,2620,2571,0.234202,0,0.234202
7069,2620,2621,0.199306,0,0.199306
7070,2621,2573,-0.200383,-0,-0.200383
7071,2573,2620,0.00107741,0,0.00107741
7072,2621,2622,0.207919,0,0.207919
7073,2622,2573,-0.408302,-0,-0.408302
7074,2574,2622,0.263369,0,0.263369
7075,2622,2623,-0.365037,-0,-0.365037
7076,2623,2574,0.101668,0,0.101668
7077,2623,2624,0.489174,0,0.489174
7078,2624,2576,-0.534702,-0,-0.534702
7079,2576,2623,0.045528,0,0.045528
7080,2624,2625,-0.273681,-0,-0.273681
7081,2625,2576,-0.261021,-0,-0.261021
7082,2577,2625,0.0487892,0,0.0487892
7083,2625,2626,-0.0281622,-0,-0.0281622
7084,2626,2577,-0.020627,-0,-0.020627
7085,2578,2626,-0.240797,-0,-0.240797
7086,2626,2627,-0.217358,-0,-0.217358
7087,2627,2578,0.458155,0,0.458155
7088,2627,2628,0.105376,0,0.105376
7089,2628,2580,-0.0825262,-0,-0.0825262
7090,2580,2627,-0.0228499,-0,-0.0228499
7091,2628,2629,-0.195274,-0,-0.195274
7092,2629,2580,0.112748,0,0.112748
7093,2629,2630,0.42465,0,0.42465
7094,2630,2582,-0.43684,-0,-0.43684
7095,2582,2629,0.0121906,0,0.0121906
7096,2630,2631,0.00562105,0,0.00562105
7097,2631,2582,-0.442461,-0,-0.442461
7098,2583,2631,0.360931,0,0.360931
7099,2631,2632,-0.532126,-0,-0.532126
7100,2632,2583,0.171195,0,0.171195
7101,2584,2632,-0.00721185,-0,-0.00721185
7102,2632,2633,0.369854,0,0.369854
7103,2633,2584,-0.362642,-0,-0.362642
7104,2585,2633,-0.0207902,-0,-0.0207902
7105,2633,2634,-0.368788,-0,-0.368788
7106,2634,2585,0.389578,0,0.389578
7107,2586,2634,0.0569609,0,0.0569609
7108,2634,2635,0.148296,0,0.148296
7109,2635,2586,-0.205257,-0,-0.205257
7110,2587,2635,-0.26393,-0,-0.26393
7111,2635,2636,0.000205847,0,0.000205847
7112,2636,2587,0.263724,0,0.263724
7113,2588,2636,-0.129344,-0,-0.129344
7114,2636,2637,0.0830854,0,0.0830854
7115,2637,2588,0.0462586,0,0.0462586
7116,2637,2638,-0.0431739,-0,-0.0431739
7117,2638,2590,0.317025,0,0.317025
7118,2590,2637,-0.273851,-0,-0.273851
7119,2638,2639,-0.094613,-0,-0.094613
7120,2639,2591,-0.117278,-0,-0.117278
7121,2591,2638,0.211891,0,0.211891
7122,2639,2592,0.787748,1,-0.783049
7123,2544,2639,-0.0859188,-0,-0.0859188
7124,2640,2641,0.0869124,0,0.0869124
7125,2641,2593,-0.123928,-0,-0.123928
7126,2593,2640,0.0370158,0,0.0370158
7127,2641,2642,-0.0680154,-0,-0.0680154
7128,2642,2593,-0.0559128,-0,-0.0559128
7129,2642,2643,-0.0764545,-0,-0.0764545
7130,2643,2595,-0.00618531,-0,-0.00618531
7131,2595,2642,0.0826398,0,0.0826398
7132,2643,2644,-0.0679093,-0,-0.0679093
7133,2644,2596,0.170008,0,0.170008
7134,2596,2643,-0.102099,-0,-0.102099
7135,2644,2645,0.510884,0,0.510884
7136,2645,2597,-0.318784,-0,-0.318784
7137,2597,2644,-0.1921,-0,-0.1921
7138,2645,2646,-0.00426766,-0,-0.00426766
7139,2646,2598,-0.448146,-0,-0.448146
7140,2598,2645,0.452414,0,0.452414
7141,2646,2647,-0.591849,-0,-0.591849
7142,2647,2598,0.143703,0,0.143703
7143,2647,2648,0.581386,0,0.581386
7144,2648,2600,-0.438465,-0,-0.438465
7145,2600,2647,-0.142921,-0,-0.142921
7146,2648,2649,-0.190531,-0,-0.190531
7147,2649,2600,-0.247935,-0,-0.247935
7148,2649,2650,-0.189478,-0,-0.189478
7149,2650,2602,0.458999,0,0.458999
7150,2602,2649,-0.26952,-0,-0.26952
7151,2650,2651,0.44632,0,0.44632
7152,2651,2603,-0.422801,-0,-0.422801
7153,2603,2650,-0.0235191,-0,-0.0235191
7154,2651,2652,-0.0452626,-0,-0.0452626
7155,2652,2604,-0.140106,-0,-0.140106
7156,2604,2651,0.185368,0,0.185368
7157,2652,2653,-0.0833159,-0,-0.0833159
7158,2653,2604,-0.0567896,-0,-0.0567896
7159,2605,2653,0.195889,0,0.195889
7160,2653,2654,0.175103,0,0.175103
7161,2654,2605,-0.370992,-0,-0.370992
7162,2606,2654,0.150816,0,0.150816
7163,2654,2655,-0.355139,-0,-0.355139
7164,2655,2606,0.204323,0,0.204323
7165,2607,2655,-0.226192,-0,-0.226192
7166,2655,2656,0.494464,0,0.494464
7167,2656,2607,-0.268272,-0,-0.268272
7168,2608,2656,-0.0037921,-0,-0.0037921
7169,2656,2657,-0.276823,-0,-0.276823
7170,2657,2608,0.280616,0,0.280616
7171,2609,2657,0.236787,0,0.236787
7172,2657,2658,-0.21894,-0,-0.21894
7173,2658,2609,-0.0178476,-0,-0.0178476
7174,2658,2659,0.508044,0,0.508044
7175,2659,2611,-0.333557,-0,-0.333557
7176,2611,2658,-0.174486,-0,-0.174486
7177,2659,2660,-0.280134,-0,-0.280134
7178,2660,2611,-0.0534227,-0,-0.0534227
7179,2612,2660,0.254255,0,0.254255
7180,2660,2661,-0.248114,-0,-0.248114
7181,2661,2612,-0.00614011,-0,-0.00614011
7182,2613,2661,-0.470387,-0,-0.470387
7183,2661,2662,0.197966,0,0.197966
7184,2662,2613,0.272421,0,0.272421
7185,2662,2663,-0.136096,-0,-0.136096
7186,2663,2615,0.387303,0,0.387303
7187,2615,2662,-0.251207,-0,-0.251207
7188,2663,2664,0.799211,1,-0.771586
7189,2664,2616,-0.953474,-1,0.617323
7190,2616,2663,0.154263,0,0.154263
7191,2664,2665,-0.803021,-1,0.767775
7192,2665,2616,-0.150453,-0,-0.150453
7193,2617,2665,-0.385205,-0,-0.385205
7194,2665,2666,0.139009,0,0.139009
7195,2666,2617,0.246196,0,0.246196
7196,2666,2667,-0.206254,-0,-0.206254
7197,2667,2619,0.462543,0,0.462543
7198,2619,2666,-0.256288,-0,-0.256288
7199,2667,2668,0.255845,0,0.255845
7200,2668,2620,-0.251626,-0,-0.251626
7201,2620,2667,-0.00421931,-0,-0.00421931
7202,2668,2669,0.27852,0,0.27852
7203,2669,2621,-0.33084,-0,-0.33084
7204,2621,2668,0.0523198,0,0.0523198
7205,2669,2670,-0.478657,-0,-0.478657
7206,2670,2621,0.147818,0,0.147818
7207,2670,2671,0.21914,0,0.21914
7208,2671,2623,-0.22844,-0,-0.22844
7209,2623,2670,0.00930048,0,0.00930048
7210,2671,2672,0.278344,0,0.278344
7211,2672,2624,-0.01761,-0,-0.01761
7212,2624,2671,-0.260734,-0,-0.260734
7213,2672,2673,-0.520344,-0,-0.520344
7214,2673,2625,0.229054,0,0.229054
7215,2625,2672,0.291291,0,0.291291
7216,2673,2674,0.369446,0,0.369446
7217,2674,2626,-0.168555,-0,-0.168555
7218,2626,2673,-0.200891,-0,-0.200891
7219,2674,2675,-0.195651,-0,-0.195651
7220,2675,2627,-0.190262,-0,-0.190262
7221,2627,2674,0.385913,0,0.385913
7222,2675,2676,0.0587054,0,0.0587054
7223,2676,2628,-0.143592,-0,-0.143592
7224,2628,2675,0.0848863,0,0.0848863
7225,2676,2677,0.0895507,0,0.0895507
7226,2677,2628,-0.233142,-0,-0.233142
7227,2629,2677,0.428416,0,0.428416
7228,2677,2678,-0.420977,-0,-0.420977
7229,2678,2629,-0.00743958,-0,-0.00743958
7230,2630,2678,-0.41721,-0,-0.41721
7231,2678,2679,0.158002,0,0.158002
7232,2679,2630,0.259208,0,0.259208
7233,2679,2680,0.141042,0,0.141042
7234,2680,2632,-0.40834,-0,-0.40834
7235,2632,2679,0.267297,0,0.267297
7236,2680,2681,-0.558307,-0,-0.558307
7237,2681,2632,0.149967,0,0.149967
7238,2681,2682,0.590371,0,0.590371
7239,2682,2634,-0.439338,-0,-0.439338
7240,2634,2681,-0.151033,-0,-0.151033
7241,2682,2683,0.022923,0,0.022923
7242,2683,2634,-0.462261,-0,-0.462261
7243,2635,2683,0.313964,0,0.313964
7244,2683,2684,-0.538499,-0,-0.538499
7245,2684,2635,0.224535,0,0.224535
7246,2636,2684,-0.224741,-0,-0.224741
7247,2684,2685,-0.0264275,-0,-0.0264275
7248,2685,2636,0.251168,0,0.251168
7249,2685,2686,0.538404,0,0.538404
7250,2686,2638,-0.247324,-0,-0.247324
7251,2638,2685,-0.29108,-0,-0.29108
7252,2686,2687,0.0658475,0,0.0658475
7253,2687,2639,-0.407784,-0,-0.407784
7254,2639,2686,0.341937,0,0.341937
7255,2687,2640,-0.424971,-0,-0.424971
7256,2640,2639,0.017187,0,0.017187
7257,2688,2689,0.815027,1,-0.755769
7258,2689,2641,-0.666469,-0,-0.666469
7259,2641,2688,-0.148558,-0,-0.148558
7260,2689,2690,-0.910705,-1,0.660091
7261,2690,2641,0.244236,0,0.244236
7262,2690,2691,0.10464,0,0.10464
7263,2691,2643,-0.00487338,-0,-0.00487338
7264,2643,2690,-0.0997663,-0,-0.0997663
7265,2691,2692,0.214989,0,0.214989
7266,2692,2644,-0.287771,-0,-0.287771
7267,2644,2691,0.0727827,0,0.0727827
7268,2692,2693,-0.0313839,-0,-0.0313839
7269,2693,2644,-0.256387,-0,-0.256387
7270,2693,2694,-0.0568834,-0,-0.0568834
7271,2694,2646,0.307112,0,0.307112
7272,2646,2693,-0.250229,-0,-0.250229
7273,2694,2695,0.0332872,0,0.0332872
7274,2695,2647,-0.318024,-0,-0.318024
7275,2647,2694,0.284737,0,0.284737
7276,2695,2696,0.268396,0,0.268396
7277,2696,2647,-0.58642,-0,-0.58642
7278,2648,2696,0.00503311,0,0.00503311
7279,2696,2697,-0.403113,-0,-0.403113
7280,2697,2648,0.39808,0,0.39808
7281,2697,2698,0.437486,0,0.437486
7282,2698,2650,-0.419415,-0,-0.419415
7283,2650,2697,-0.018071,-0,-0.018071
7284,2698,2699,-0.404232,-0,-0.404232
7285,2699,2650,-0.0151836,-0,-0.0151836
7286,2699,2700,0.65426,0,0.65426
7287,2700,2652,-0.268387,-0,-0.268387
7288,2652,2699,-0.385873,-0,-0.385873
7289,2700,2701,-0.0510824,-0,-0.0510824
7290,2701,2652,-0.217304,-0,-0.217304
7291,2653,2701,0.30062,0,0.30062
7292,2701,2702,-0.607002,-0,-0.607002
7293,2702,2653,0.306382,0,0.306382
7294,2702,2703,0.514084,0,0.514084
7295,2703,2655,-0.387737,-0,-0.387737
7296,2655,2702,-0.126347,-0,-0.126347
7297,2703,2704,-0.395696,-0,-0.395696
7298,2704,2655,0.00795905,0,0.00795905
7299,2704,2705,0.346431,0,0.346431
7300,2705,2657,-0.120831,-0,-0.120831
7301,2657,2704,-0.2256,-0,-0.2256
7302,2705,2706,-0.315087,-0,-0.315087
7303,2706,2658,-0.0246841,-0,-0.0246841
7304,2658,2705,0.339771,0,0.339771
7305,2706,2707,0.487657,0,0.487657
7306,2707,2659,-0.00429719,-0,-0.00429719
7307,2659,2706,-0.483359,-0,-0.483359
7308,2707,2708,-0.297619,-0,-0.297619
7309,2708,2660,0.0131873,0,0.0131873
7310,2660,2707,0.284432,0,0.284432
7311,2708,2709,0.25045,0,0.25045
7312,2709,2661,-0.485377,-0,-0.485377
7313,2661,2708,0.234927,0,0.234927
7314,2709,2710,-0.562541,-0,-0.562541
7315,2710,2661,0.0771642,0,0.0771642
7316,2710,2711,0.459606,0,0.459606
7317,2711,2663,-0.320572,-0,-0.320572
7318,2663,2710,-0.139034,-0,-0.139034
7319,2711,2712,-0.112381,-0,-0.112381
7320,2712,2663,-0.208191,-0,-0.208191
7321,2712,2713,0.110611,0,0.110611
7322,2713,2665,-0.322613,-0,-0.322613
7323,2665,2712,0.212001,0,0.212001
7324,2713,2714,-0.460675,-0,-0.460675
7325,2714,2665,0.138062,0,0.138062
7326,2714,2715,0.552805,0,0.552805
7327,2715,2667,-0.481988,-0,-0.481988
7328,2667,2714,-0.0708174,-0,-0.0708174
7329,2715,2716,-0.243389,-0,-0.243389
7330,2716,2667,-0.238599,-0,-0.238599
7331,2668,2716,-0.0172464,-0,-0.0172464
7332,2716,2717,0.311281,0,0.311281
7333,2717,2668,-0.294034,-0,-0.294034
7334,2669,2717,0.0155145,0,0.0155145
7335,2717,2718,-0.491962,-0,-0.491962
7336,2718,2669,0.476447,0,0.476447
7337,2670,2718,0.00221002,0,0.00221002
7338,2718,2719,0.344842,0,0.344842
7339,2719,2670,-0.347052,-0,-0.347052
7340,2671,2719,0.127912,0,0.127912
7341,2719,2720,-0.350518,-0,-0.350518
7342,2720,2671,0.222606,0,0.222606
7343,2720,2721,0.367288,0,0.367288
7344,2721,2673,-0.386682,-0,-0.386682
7345,2673,2720,0.0193942,0,0.0193942
7346,2721,2722,-0.508386,-0,-0.508386
7347,2722,2673,0.121704,0,0.121704
7348,2722,2723,0.61047,0,0.61047
7349,2723,2675,-0.314971,-0,-0.314971
7350,2675,2722,-0.295499,-0,-0.295499
7351,2723,2724,0.0262836,0,0.0262836
7352,2724,2676,-0.282549,-0,-0.282549
7353,2676,2723,0.256265,0,0.256265
7354,2724,2725,-0.630276,-0,-0.630276
7355,2725,2676,0.347727,0,0.347727
7356,2725,2726,0.805501,1,-0.765295
7357,2726,2678,-0.789201,-1,0.781596
7358,2678,2725,-0.0163004,-0,-0.0163004
7359,2726,2727,-0.941442,-1,0.629354
7360,2727,2678,0.152242,0,0.152242
7361,2727,2728,0.477235,0,0.477235
7362,2728,2680,-0.0259486,-0,-0.0259486
7363,2680,2727,-0.451286,-0,-0.451286
7364,2728,2729,-0.281287,-0,-0.281287
7365,2729,2681,-0.302968,-0,-0.302968
7366,2681,2728,0.584255,0,0.584255
7367,2729,2730,-0.015039,-0,-0.015039
7368,2730,2681,-0.287929,-0,-0.287929
7369,2682,2730,-0.302442,-0,-0.302442
7370,2730,2731,0.0704147,0,0.0704147
7371,2731,2682,0.232027,0,0.232027
7372,2731,2732,0.000476477,0,0.000476477
7373,2732,2684,-0.284026,-0,-0.284026
7374,2684,2731,0.283549,0,0.283549
7375,2732,2733,-0.220299,-0,-0.220299
7376,2733,2684,-0.0637268,-0,-0.0637268
7377,2685,2733,0.0901543,0,0.0901543
7378,2733,2734,-0.0635081,-0,-0.0635081
7379,2734,2685,-0.0266461,-0,-0.0266461
7380,2734,2735,0.495804,0,0.495804
7381,2735,2687,0.0818014,0,0.0818014
7382,2687,2734,-0.577605,-0,-0.577605
7383,2735,2688,-0.404816,-0,-0.404816
7384,2688,2640,0.0616458,0,0.0616458
7385,2640,2735,0.34317,0,0.34317
7386,2688,2736,0.0792829,0,0.0792829
7387,2736,2737,-0.00851126,-0,-0.00851126
7388,2737,2688,-0.0707716,-0,-0.0707716
7389,2737,2738,-0.280123,-0,-0.280123
7390,2738,2690,0.113673,0,0.113673
7391,2690,2737,0.16645,0,0.16645
7392,2738,2739,0.413337,0,0.413337
7393,2739,2691,-0.195025,-0,-0.195025
7394,2691,2738,-0.218313,-0,-0.218313
7395,2739,2740,0.741712,0,0.741712
7396,2740,2692,-0.721748,-0,-0.721748
7397,2692,2739,-0.0199639,-0,-0.0199639
7398,2740,2741,-0.924112,-1,0.646685
7399,2741,2692,0.202363,0,0.202363
7400,2741,2742,0.122876,0,0.122876
7401,2742,2694,-0.00878017,-0,-0.00878017
7402,2694,2741,-0.114096,-0,-0.114096
7403,2742,2743,0.0770832,0,0.0770832
7404,2743,2695,-0.0525762,-0,-0.0525762
7405,2695,2742,-0.0245071,-0,-0.0245071
7406,2743,2744,-0.0568113,-0,-0.0568113
7407,2744,2695,0.0042351,0,0.0042351
7408,2744,2745,-0.115328,-0,-0.115328
7409,2745,2697,-0.0151537,-0,-0.0151537
7410,2697,2744,0.130482,0,0.130482
7411,2745,2746,0.499192,0,0.499192
7412,2746,2698,-0.0768594,-0,-0.0768594
7413,2698,2745,-0.422332,-0,-0.422332
7414,2746,2747,-0.207748,-0,-0.207748
7415,2747,2699,-0.273343,-0,-0.273343
7416,2699,2746,0.481091,0,0.481091
7417,2747,2748,0.254115,0,0.254115
7418,2748,2699,-0.527458,-0,-0.527458
7419,2700,2748,-0.126802,-0,-0.126802
7420,2748,2749,-0.382669,-0,-0.382669
7421,2749,2700,0.509471,0,0.509471
7422,2749,2750,0.409707,0,0.409707
7423,2750,2702,-0.558321,-0,-0.558321
7424,2702,2749,0.148614,0,0.148614
7425,2750,2751,-0.160294,-0,-0.160294
7426,2751,2702,-0.398028,-0,-0.398028
7427,2703,2751,-0.116056,-0,-0.116056
7428,2751,2752,-0.0783852,-0,-0.0783852
7429,2752,2703,0.194441,0,0.194441
7430,2704,2752,0.201255,0,0.201255
7431,2752,2753,-0.277137,-0,-0.277137
7432,2753,2704,0.0758819,0,0.0758819
7433,2753,2754,0.482131,0,0.482131
7434,2754,2706,-0.374905,-0,-0.374905
7435,2706,2753,-0.107226,-0,-0.107226
7436,2754,2755,-0.366309,-0,-0.366309
7437,2755,2706,-0.00859603,-0,-0.00859603
7438,2755,2756,0.0276414,0,0.0276414
7439,2756,2708,0.1538,0,0.1538
7440,2708,2755,-0.181442,-0,-0.181442
7441,2756,2757,0.513932,0,0.513932
7442,2757,2709,-0.109682,-0,-0.109682
7443,2709,2756,-0.40425,-0,-0.40425
7444,2757,2758,-0.00617339,-0,-0.00617339
7445,2758,2710,-0.66605,-0,-0.66605
7446,2710,2757,0.672223,0,0.672223
7447,2758,2759,-0.381052,-0,-0.381052
7448,2759,2710,-0.284999,-0,-0.284999
7449,2711,2759,-0.174607,-0,-0.174607
7450,2759,2760,-0.336732,-0,-0.336732
7451,2760,2711,0.511339,0,0.511339
7452,2760,2761,0.339763,0,0.339763
7453,2761,2713,0.169807,0,0.169807
7454,2713,2760,-0.509569,-0,-0.509569
7455,2761,2762,0.37842,0,0.37842
7456,2762,2714,-0.669289,-0,-0.669289
7457,2714,2761,0.290869,0,0.290869
7458,2762,2763,0.00763606,0,0.00763606
7459,2763,2714,-0.676925,-0,-0.676925
7460,2715,2763,0.124119,0,0.124119
7461,2763,2764,-0.528204,-0,-0.528204
7462,2764,2715,0.404085,0,0.404085
7463,2716,2764,-0.160695,-0,-0.160695
7464,2764,2765,-0.0119079,-0,-0.0119079
7465,2765,2716,0.172603,0,0.172603
7466,2765,2766,0.357685,0,0.357685
7467,2766,2718,-0.365763,-0,-0.365763
7468,2718,2765,0.00807786,0,0.00807786
7469,2766,2767,-0.454013,-0,-0.454013
7470,2767,2718,0.0882493,0,0.0882493
7471,2767,2768,0.276153,0,0.276153
7472,2768,2720,-0.193581,-0,-0.193581
7473,2720,2767,-0.0825728,-0,-0.0825728
7474,2768,2769,0.0722529,0,0.0722529
7475,2769,2721,0.101454,0,0.101454
7476,2721,2768,-0.173707,-0,-0.173707
7477,2769,2770,0.143999,0,0.143999
7478,2770,2722,-0.550931,-0,-0.550931
7479,2722,2769,0.406932,0,0.406932
7480,2770,2771,-0.39574,-0,-0.39574
7481,2771,2722,-0.155191,-0,-0.155191
7482,2771,2772,0.370643,0,0.370643
7483,2772,2724,0.11092,0,0.11092
7484,2724,2771,-0.481563,-0,-0.481563
7485,2772,2773,-0.334852,-0,-0.334852
7486,2773,2725,-0.184504,-0,-0.184504
7487,2725,2772,0.519356,0,0.519356
7488,2773,2774,0.0168722,0,0.0168722
7489,2774,2725,-0.201376,-0,-0.201376
7490,2774,2775,-0.108645,-0,-0.108645
7491,2775,2727,-0.228672,-0,-0.228672
7492,2727,2774,0.337317,0,0.337317
7493,2775,2776,0.0164308,0,0.0164308
7494,2776,2727,-0.245103,-0,-0.245103
7495,2776,2777,0.0119296,0,0.0119296
7496,2777,2729,-0.0610851,-0,-0.0610851
7497,2729,2776,0.0491556,0,0.0491556
7498,2777,2778,-0.069275,-0,-0.069275
7499,2778,2729,0.00818989,0,0.00818989
7500,2730,2778,0.00684915,0,0.00684915
7501,2778,2779,-0.11363,-0,-0.11363
7502,2779,2730,0.106781,0,0.106781
7503,2779,2780,0.915083,1,-0.655713
7504,2780,2732,-0.737411,-0,-0.737411
7505,2732,2779,-0.177672,-0,-0.177672
7506,2780,2781,-0.748741,-0,-0.748741
7507,2781,2732,0.0113294,0,0.0113294
7508,2733,2781,0.20897,0,0.20897
7509,2781,2782,-0.420762,-0,-0.420762
7510,2782,2733,0.211792,0,0.211792
7511,2734,2782,-0.148284,-0,-0.148284
7512,2782,2783,0.237714,0,0.237714
7513,2783,2734,-0.0894301,-0,-0.0894301
7514,2783,2736,0.0808407,0,0.0808407
7515,2688,2783,-0.00155783,-0,-0.00155783
7516,2736,2784,0.649996,0,0.649996
7517,2784,2785,-0.878704,-1,0.692092
7518,2785,2736,0.228708,0,0.228708
7519,2785,2786,0.150412,0,0.150412
7520,2786,2738,-0.210337,-0,-0.210337
7521,2738,2785,0.0599258,0,0.0599258
7522,2786,2787,0.0621982,0,0.0621982
7523,2787,2738,-0.272536,-0,-0.272536
7524,2739,2787,-0.140802,-0,-0.140802
7525,2787,2788,0.132962,0,0.132962
7526,2788,2739,0.00783954,0,0.00783954
7527,2788,2789,-0.282764,-0,-0.282764
7528,2789,2741,0.108205,0,0.108205
7529,2741,2788,0.17456,0,0.17456
7530,2789,2790,0.499501,0,0.499501
7531,2790,2742,-0.26842,-0,-0.26842
7532,2742,2789,-0.231081,-0,-0.231081
7533,2790,2791,-0.181148,-0,-0.181148
7534,2791,2743,-0.0101889,-0,-0.0101889
7535,2743,2790,0.191337,0,0.191337
7536,2791,2792,-0.0843511,-0,-0.0843511
7537,2792,2743,0.0741622,0,0.0741622
7538,2792,2793,0.0867546,0,0.0867546
7539,2793,2745,-0.184732,-0,-0.184732
7540,2745,2792,0.0979774,0,0.0979774
7541,2793,2794,0.0483999,0,0.0483999
7542,2794,2745,-0.233132,-0,-0.233132
7543,2794,2795,0.0911608,0,0.0911608
7544,2795,2747,-0.0328487,-0,-0.0328487
7545,2747,2794,-0.058312,-0,-0.058312
7546,2795,2796,-0.272911,-0,-0.272911
7547,2796,2747,0.240063,0,0.240063
7548,2796,2797,0.220057,0,0.220057
7549,2797,2749,-0.108548,-0,-0.108548
7550,2749,2796,-0.111509,-0,-0.111509
7551,2797,2798,0.119956,0,0.119956
7552,2798,2750,0.181203,0,0.181203
7553,2750,2797,-0.301159,-0,-0.301159
7554,2798,2799,0.239931,0,0.239931
7555,2799,2751,-0.219022,-0,-0.219022
7556,2751,2798,-0.0209091,-0,-0.0209091
7557,2799,2800,-0.39179,-0,-0.39179
7558,2800,2752,0.0943832,0,0.0943832
7559,2752,2799,0.297407,0,0.297407
7560,2800,2801,-0.133034,-0,-0.133034
7561,2801,2753,-0.04972,-0,-0.04972
7562,2753,2800,0.182754,0,0.182754
7563,2801,2802,0.484242,0,0.484242
7564,2802,2754,-0.0518313,-0,-0.0518313
7565,2754,2801,-0.432411,-0,-0.432411
7566,2802,2803,-0.293615,-0,-0.293615
7567,2803,2755,-0.124525,-0,-0.124525
7568,2755,2802,0.41814,0,0.41814
7569,2803,2804,0.0534266,0,0.0534266
7570,2804,2756,-0.15031,-0,-0.15031
7571,2756,2803,0.0968834,0,0.0968834
7572,2804,2805,0.102705,0,0.102705
7573,2805,2756,-0.253015,-0,-0.253015
7574,2805,2806,-0.0379863,-0,-0.0379863
7575,2806,2758,0.292731,0,0.292731
7576,2758,2805,-0.254744,-0,-0.254744
7577,2806,2807,-0.115696,-0,-0.115696
7578,2807,2759,0.0273748,0,0.0273748
7579,2759,2806,0.0883207,0,0.0883207
7580,2807,2808,0.103277,0,0.103277
7581,2808,2760,-0.412634,-0,-0.412634
7582,2760,2807,0.309357,0,0.309357
7583,2808,2809,-0.0945295,-0,-0.0945295
7584,2809,2760,-0.318104,-0,-0.318104
7585,2761,2809,-0.0216583,-0,-0.0216583
7586,2809,2810,0.12067,0,0.12067
7587,2810,2761,-0.0990113,-0,-0.0990113
7588,2762,2810,-0.279409,-0,-0.279409
7589,2810,2811,0.035779,0,0.035779
7590,2811,2762,0.24363,0,0.24363
7591,2811,2812,-0.140485,-0,-0.140485
7592,2812,2764,-0.136454,-0,-0.136454
7593,2764,2811,0.276938,0,0.276938
7594,2812,2813,-0.0427796,-0,-0.0427796
7595,2813,2764,-0.093674,-0,-0.093674
7596,2765,2813,0.105582,0,0.105582
7597,2813,2814,0.315758,0,0.315758
7598,2814,2765,-0.42134,-0,-0.42134
7599,2766,2814,0.0636544,0,0.0636544
7600,2814,2815,-0.494788,-0,-0.494788
7601,2815,2766,0.431134,0,0.431134
7602,2767,2815,0.022879,0,0.022879
7603,2815,2816,0.15834,0,0.15834
7604,2816,2767,-0.181219,-0,-0.181219
7605,2768,2816,-0.094935,-0,-0.094935
7606,2816,2817,0.411049,0,0.411049
7607,2817,2768,-0.316114,-0,-0.316114
7608,2769,2817,0.243861,0,0.243861
7609,2817,2818,-0.255977,-0,-0.255977
7610,2818,2769,0.012116,0,0.012116
7611,2770,2818,-0.156115,-0,-0.156115
7612,2818,2819,-0.130667,-0,-0.130667
7613,2819,2770,0.286782,0,0.286782
7614,2771,2819,0.108958,0,0.108958
7615,2819,2820,-0.23436,-0,-0.23436
7616,2820,2771,0.125402,0,0.125402
7617,2820,2821,0.230893,0,0.230893
7618,2821,2773,-0.0696995,-0,-0.0696995
7619,2773,2820,-0.161193,-0,-0.161193
7620,2821,2822,-0.067078,-0,-0.067078
7621,2822,2773,-0.00262142,-0,-0.00262142
7622,2822,2823,-0.0285308,-0,-0.0285308
7623,2823,2775,-0.0658633,-0,-0.0658633
7624,2775,2822,0.0943941,0,0.0943941
7625,2823,2824,-0.0481896,-0,-0.0481896
7626,2824,2775,-0.0176737,-0,-0.0176737
7627,2824,2825,0.021095,0,0.021095
7628,2825,2777,-0.0104085,-0,-0.0104085
7629,2777,2824,-0.0106866,-0,-0.0106866
7630,2825,2826,0.19752,0,0.19752
7631,2826,2777,-0.207929,-0,-0.207929
7632,2778,2826,0.277204,0,0.277204
7633,2826,2827,-0.511398,-0,-0.511398
7634,2827,2778,0.234194,0,0.234194
7635,2779,2827,-0.120564,-0,-0.120564
7636,2827,2828,0.299725,0,0.299725
7637,2828,2779,-0.179161,-0,-0.179161
7638,2828,2829,-0.151165,-0,-0.151165
7639,2829,2781,0.138347,0,0.138347
7640,2781,2828,0.0128183,0,0.0128183
7641,2829,2830,-0.0711514,-0,-0.0711514
7642,2830,2782,-0.211264,-0,-0.211264
7643,2782,2829,0.282415,0,0.282415
7644,2830,2831,-0.140224,-0,-0.140224
7645,2831,2782,-0.0710401,-0,-0.0710401
7646,2831,2784,0.897511,1,-0.673286
7647,2736,2831,-0.247515,-0,-0.247515
7648,2832,2833,-0.171355,-0,-0.171355
7649,2833,2785,0.00289984,0,0.00289984
7650,2785,2832,0.168455,0,0.168455
7651,2833,2834,0.476055,0,0.476055
7652,2834,2786,-0.322744,-0,-0.322744
7653,2786,2833,-0.153311,-0,-0.153311
7654,2834,2835,-0.209027,-0,-0.209027
7655,2835,2786,-0.113717,-0,-0.113717
7656,2787,2835,0.0515187,0,0.0515187
7657,2835,2836,-0.042057,-0,-0.042057
7658,2836,2787,-0.00946173,-0,-0.00946173
7659,2836,2837,0.0105793,0,0.0105793
7660,2837,2789,-0.169843,-0,-0.169843
7661,2789,2836,0.159264,0,0.159264
7662,2837,2838,-0.0675216,-0,-0.0675216
7663,2838,2789,-0.102321,-0,-0.102321
7664,2838,2839,0.465197,0,0.465197
7665,2839,2791,-0.249165,-0,-0.249165
7666,2791,2838,-0.216031,-0,-0.216031
7667,2839,2840,-0.42781,-0,-0.42781
7668,2840,2791,0.178645,0,0.178645
7669,2840,2841,0.523221,0,0.523221
7670,2841,2793,-0.342173,-0,-0.342173
7671,2793,2840,-0.181048,-0,-0.181048
7672,2841,2842,-0.350697,-0,-0.350697
7673,2842,2793,0.0085243,0,0.0085243
7674,2842,2843,0.798538,1,-0.772259
7675,2843,2795,-0.650453,-0,-0.650453
7676,2795,2842,-0.148085,-0,-0.148085
7677,2843,2844,-0.83298,-1,0.737816
7678,2844,2795,0.182528,0,0.182528
7679,2796,2844,0.0903837,0,0.0903837
7680,2844,2845,0.090454,0,0.090454
7681,2845,2796,-0.180838,-0,-0.180838
7682,2797,2845,-0.0392197,-0,-0.0392197
7683,2845,2846,-0.0147141,-0,-0.0147141
7684,2846,2797,0.0539338,0,0.0539338
7685,2798,2846,-0.17389,-0,-0.17389
7686,2846,2847,0.0243741,0,0.0243741
7687,2847,2798,0.149516,0,0.149516
7688,2847,2848,-0.180201,-0,-0.180201
7689,2848,2800,0.177858,0,0.177858
7690,2800,2847,0.00234329,0,0.00234329
7691,2848,2849,0.441225,0,0.441225
7692,2849,2801,-0.396401,-0,-0.396401
7693,2801,2848,-0.0448244,-0,-0.0448244
7694,2849,2850,-0.212904,-0,-0.212904
7695,2850,2801,-0.183497,-0,-0.183497
7696,2850,2851,-0.119474,-0,-0.119474
7697,2851,2803,0.126604,0,0.126604
7698,2803,2850,-0.00713041,-0,-0.00713041
7699,2851,2852,0.411486,0,0.411486
7700,2852,2804,-0.231456,-0,-0.231456
7701,2804,2851,-0.180031,-0,-0.180031
7702,2852,2853,-0.22548,-0,-0.22548
7703,2853,2804,-0.00597585,-0,-0.00597585
7704,2853,2854,-0.0191213,-0,-0.0191213
7705,2854,2806,0.0778636,0,0.0778636
7706,2806,2853,-0.0587423,-0,-0.0587423
7707,2854,2855,-0.0228817,-0,-0.0228817
7708,2855,2807,-0.0149502,-0,-0.0149502
7709,2807,2854,0.0378319,0,0.0378319
7710,2855,2856,0.860959,1,-0.709837
7711,2856,2808,-0.772632,-0,-0.772632
7712,2808,2855,-0.088327,-0,-0.088327
7713,2856,2857,-0.851635,-1,0.719161
7714,2857,2808,0.079003,0,0.079003
7715,2809,2857,0.0155265,0,0.0155265
7716,2857,2858,0.0502414,0,0.0502414
7717,2858,2809,-0.0657679,-0,-0.0657679
7718,2810,2858,-0.0549017,-0,-0.0549017
7719,2858,2859,0.0142737,0,0.0142737
7720,2859,2810,0.0406279,0,0.0406279
7721,2859,2860,0.158437,0,0.158437
7722,2860,2812,-0.222515,-0,-0.222515
7723,2812,2859,0.0640778,0,0.0640778
7724,2860,2861,-0.43563,-0,-0.43563
7725,2861,2812,0.213115,0,0.213115
7726,2813,2861,-0.170335,-0,-0.170335
7727,2861,2862,0.181343,0,0.181343
7728,2862,2813,-0.0110077,-0,-0.0110077
7729,2862,2863,0.197053,0,0.197053
7730,2863,2815,-0.387091,-0,-0.387091
7731,2815,2862,0.190038,0,0.190038
7732,2863,2864,-0.425303,-0,-0.425303
7733,2864,2815,0.0382123,0,0.0382123
7734,2816,2864,-0.196552,-0,-0.196552
7735,2864,2865,0.22667,0,0.22667
7736,2865,2816,-0.0301186,-0,-0.0301186
7737,2865,2866,-0.0449741,-0,-0.0449741
7738,2866,2818,0.169927,0,0.169927
7739,2818,2865,-0.124953,-0,-0.124953
7740,2866,2867,0.00369306,0,0.00369306
7741,2867,2819,0.0355676,0,0.0355676
7742,2819,2866,-0.0392606,-0,-0.0392606
7743,2867,2868,-0.113824,-0,-0.113824
7744,2868,2820,-0.0849683,-0,-0.0849683
7745,2820,2867,0.198793,0,0.198793
7746,2868,2869,0.835218,1,-0.735579
7747,2869,2821,-0.689293,-0,-0.689293
7748,2821,2868,-0.145924,-0,-0.145924
7749,2869,2870,-0.78657,-1,0.784226
7750,2870,2821,0.0972768,0,0.0972768
7751,2870,2871,0.337729,0,0.337729
7752,2871,2823,-0.336061,-0,-0.336061
7753,2823,2870,-0.00166794,-0,-0.00166794
7754,2871,2872,-0.510513,-0,-0.510513
7755,2872,2823,0.174452,0,0.174452
7756,2872,2873,0.399017,0,0.399017
7757,2873,2825,-0.251659,-0,-0.251659
7758,2825,2872,-0.147357,-0,-0.147357
7759,2873,2874,-0.456822,-0,-0.456822
7760,2874,2825,0.205162,0,0.205162
7761,2874,2875,0.0414778,0,0.0414778
7762,2875,2827,-0.150193,-0,-0.150193
7763,2827,2874,0.108715,0,0.108715
7764,2875,2876,0.0217785,0,0.0217785
7765,2876,2827,-0.171971,-0,-0.171971
7766,2876,2877,0.0267091,0,0.0267091
7767,2877,2829,-0.0501205,-0,-0.0501205
7768,2829,2876,0.0234114,0,0.0234114
7769,2877,2878,0.203364,0,0.203364
7770,2878,2830,-0.324636,-0,-0.324636
7771,2830,2877,0.121272,0,0.121272
7772,2878,2879,-0.464881,-0,-0.464881
7773,2879,2830,0.140245,0,0.140245
7774,2831,2879,-2.08574e-05,-0,-2.08574e-05
7775,2879,2832,0.187282,0,0.187282
7776,2832,2831,-0.187261,-0,-0.187261
7777,2880,2881,0.298158,0,0.298158
7778,2881,2833,-0.478754,-0,-0.478754
7779,2833,2880,0.180596,0,0.180596
7780,2881,2882,-0.368386,-0,-0.368386
7781,2882,2833,-0.110368,-0,-0.110368
7782,2834,2882,-0.365687,-0,-0.365687
7783,2882,2883,0.160752,0,0.160752
7784,2883,2834,0.204935,0,0.204935
7785,2835,2883,0.00409144,0,0.00409144
7786,2883,2884,-0.00991235,-0,-0.00991235
7787,2884,2835,0.00582091,0,0.00582091
7788,2884,2885,0.0747547,0,0.0747547
7789,2885,2837,-0.100411,-0,-0.100411
7790,2837,2884,0.0256568,0,0.0256568
7791,2885,2886,-0.0221079,-0,-0.0221079
7792,2886,2837,-0.0783036,-0,-0.0783036
7793,2838,2886,0.145825,0,0.145825
7794,2886,2887,0.265037,0,0.265037
7795,2887,2838,-0.410863,-0,-0.410863
7796,2839,2887,-0.0543341,-0,-0.0543341
7797,2887,2888,-0.349558,-0,-0.349558
7798,2888,2839,0.403892,0,0.403892
7799,2840,2888,0.0239184,0,0.0239184
7800,2888,2889,0.153175,0,0.153175
7801,2889,2840,-0.177094,-0,-0.177094
7802,2841,2889,-0.346127,-0,-0.346127
7803,2889,2890,0.302353,0,0.302353
7804,2890,2841,0.0437749,0,0.0437749
7805,2842,2890,0.306922,0,0.306922
7806,2890,2891,-0.367287,-0,-0.367287
7807,2891,2842,0.0603644,0,0.0603644
7808,2891,2892,0.186168,0,0.186168
7809,2892,2844,-0.160246,-0,-0.160246
7810,2844,2891,-0.0259218,-0,-0.0259218
7811,2892,2893,0.221487,0,0.221487
7812,2893,2844,-0.381733,-0,-0.381733
7813,2845,2893,0.291279,0,0.291279
7814,2893,2894,-0.335773,-0,-0.335773
7815,2894,2845,0.0444938,0,0.0444938
7816,2846,2894,-0.0297797,-0,-0.0297797
7817,2894,2895,-0.207394,-0,-0.207394
7818,2895,2846,0.237173,0,0.237173
7819,2895,2896,0.584336,0,0.584336
7820,2896,2848,-0.502989,-0,-0.502989
7821,2848,2895,-0.0813462,-0,-0.0813462
7822,2896,2897,-0.235775,-0,-0.235775
7823,2897,2848,-0.267214,-0,-0.267214
7824,2849,2897,-0.174011,-0,-0.174011
7825,2897,2898,-0.204902,-0,-0.204902
7826,2898,2849,0.378913,0,0.378913
7827,2898,2899,0.552921,0,0.552921
7828,2899,2851,-0.506386,-0,-0.506386
7829,2851,2898,-0.0465352,-0,-0.0465352
7830,2899,2900,-0.262999,-0,-0.262999
7831,2900,2851,-0.243387,-0,-0.243387
7832,2852,2900,-0.168099,-0,-0.168099
7833,2900,2901,-0.387997,-0,-0.387997
7834,2901,2852,0.556096,0,0.556096
7835,2901,2902,0.576793,0,0.576793
7836,2902,2854,-0.265298,-0,-0.265298
7837,2854,2901,-0.311495,-0,-0.311495
7838,2902,2903,-0.174964,-0,-0.174964
7839,2903,2855,-0.113216,-0,-0.113216
7840,2855,2902,0.28818,0,0.28818
7841,2903,2904,0.0862409,0,0.0862409
7842,2904,2855,-0.199457,-0,-0.199457
7843,2904,2905,-0.086925,-0,-0.086925
7844,2905,2857,-0.103208,-0,-0.103208
7845,2857,2904,0.190133,0,0.190133
7846,2905,2906,0.211443,0,0.211443
7847,2906,2857,-0.314651,-0,-0.314651
7848,2858,2906,0.264409,0,0.264409
7849,2906,2907,-0.481979,-0,-0.481979
7850,2907,2858,0.21757,0,0.21757
7851,2907,2908,0.0392703,0,0.0392703
7852,2908,2860,0.35101,0,0.35101
7853,2860,2907,-0.39028,-0,-0.39028
7854,2908,2909,0.420094,0,0.420094
7855,2909,2861,-0.504714,-0,-0.504714
7856,2861,2908,0.0846196,0,0.0846196
7857,2909,2910,-0.501855,-0,-0.501855
7858,2910,2861,-0.00285884,-0,-0.00285884
7859,2910,2911,0.216132,0,0.216132
7860,2911,2863,0.159405,0,0.159405
7861,2863,2910,-0.375537,-0,-0.375537
7862,2911,2912,0.23684,0,0.23684
7863,2912,2864,-0.502737,-0,-0.502737
7864,2864,2911,0.265898,0,0.265898
7865,2912,2913,-0.554619,-0,-0.554619
7866,2913,2864,0.0518812,0,0.0518812
7867,2913,2914,0.206682,0,0.206682
7868,2914,2866,0.0268956,0,0.0268956
7869,2866,2913,-0.233578,-0,-0.233578
7870,2914,2915,0.340579,0,0.340579
7871,2915,2867,-0.309991,-0,-0.309991
7872,2867,2914,-0.0305886,-0,-0.0305886
7873,2915,2916,-0.252998,-0,-0.252998
7874,2916,2868,-0.170817,-0,-0.170817
7875,2868,2915,0.423815,0,0.423815
7876,2916,2917,-0.16549,-0,-0.16549
7877,2917,2868,-0.00532702,-0,-0.00532702
7878,2917,2918,0.368124,0,0.368124
7879,2918,2870,-0.324803,-0,-0.324803
7880,2870,2917,-0.0433206,-0,-0.0433206
7881,2918,2919,-0.32151,-0,-0.32151
7882,2919,2871,0.334436,0,0.334436
7883,2871,2918,-0.0129257,-0,-0.0129257
7884,2919,2920,-0.169055,-0,-0.169055
7885,2920,2872,-0.00702253,-0,-0.00702253
7886,2872,2919,0.176077,0,0.176077
7887,2920,2921,0.356541,0,0.356541
7888,2921,2873,0.035453,0,0.035453
7889,2873,2920,-0.391994,-0,-0.391994
7890,2921,2922,-0.2916,-0,-0.2916
7891,2922,2874,-0.129769,-0,-0.129769
7892,2874,2921,0.421369,0,0.421369
7893,2922,2923,-0.00468516,-0,-0.00468516
7894,2923,2875,-0.083606,-0,-0.083606
7895,2875,2922,0.0882912,0,0.0882912
7896,2923,2924,-0.0338873,-0,-0.0338873
7897,2924,2875,-0.0497187,-0,-0.0497187
7898,2924,2925,0.00175792,0,0.00175792
7899,2925,2877,-0.00298907,-0,-0.00298907
7900,2877,2924,0.00123115,0,0.00123115
7901,2925,2926,-0.15959,-0,-0.15959
7902,2926,2878,0.359965,0,0.359965
7903,2878,2925,-0.200375,-0,-0.200375
7904,2926,2927,0.379654,0,0.379654
7905,2927,2879,-0.48457,-0,-0.48457
7906,2879,2926,0.104916,0,0.104916
7907,2927,2880,-0.288046,-0,-0.288046
7908,2880,2879,-0.196524,-0,-0.196524
7909,2928,2929,0.562681,0,0.562681
7910,2929,2881,-0.0698198,-0,-0.0698198
7911,2881,2928,-0.492862,-0,-0.492862
7912,2929,2930,-0.223198,-0,-0.223198
7913,2930,2882,-0.215008,-0,-0.215008
7914,2882,2929,0.438206,0,0.438206
7915,2930,2931,-0.0895433,-0,-0.0895433
7916,2931,2882,-0.125464,-0,-0.125464
7917,2883,2931,-0.0352876,-0,-0.0352876
7918,2931,2932,0.0403991,0,0.0403991
7919,2932,2883,-0.00511148,-0,-0.00511148
7920,2932,2933,0.0564059,0,0.0564059
7921,2933,2885,0.00332497,0,0.00332497
7922,2885,2932,-0.0597309,-0,-0.0597309
7923,2933,2934,0.220099,0,0.220099
7924,2934,2885,-0.216774,-0,-0.216774
7925,2886,2934,0.238882,0,0.238882
7926,2934,2935,-0.54085,-0,-0.54085
7927,2935,2886,0.301968,0,0.301968
7928,2935,2936,0.958314,1,-0.612482
7929,2936,2888,-0.740866,-0,-0.740866
7930,2888,2935,-0.217448,-0,-0.217448
7931,2936,2937,-0.608816,-0,-0.608816
7932,2937,2888,-0.13205,-0,-0.13205
7933,2889,2937,-0.0211252,-0,-0.0211252
7934,2937,2938,-0.276008,-0,-0.276008
7935,2938,2889,0.297133,0,0.297133
7936,2938,2939,0.576384,0,0.576384
7937,2939,2891,-0.344186,-0,-0.344186
7938,2891,2938,-0.232199,-0,-0.232199
7939,2939,2940,-0.188938,-0,-0.188938
7940,2940,2892,0.0309202,0,0.0309202
7941,2892,2939,0.158017,0,0.158017
7942,2940,2941,-0.0496156,-0,-0.0496156
7943,2941,2892,0.0805357,0,0.0805357
7944,2941,2942,-0.271483,-0,-0.271483
7945,2942,2894,0.237733,0,0.237733
7946,2894,2941,0.0337504,0,0.0337504
7947,2942,2943,0.292877,0,0.292877
7948,2943,2895,-0.262538,-0,-0.262538
7949,2895,2942,-0.030339,-0,-0.030339
7950,2943,2944,0.358136,0,0.358136
7951,2944,2896,-0.0363381,-0,-0.0363381
7952,2896,2943,-0.321798,-0,-0.321798
7953,2944,2945,-0.485026,-0,-0.485026
7954,2945,2897,0.212912,0,0.212912
7955,2897,2944,0.272114,0,0.272114
7956,2945,2946,0.259812,0,0.259812
7957,2946,2898,-0.251802,-0,-0.251802
7958,2898,2945,-0.00801024,-0,-0.00801024
7959,2946,2947,0.323777,0,0.323777
7960,2947,2899,-0.0226578,-0,-0.0226578
7961,2899,2946,-0.301119,-0,-0.301119
7962,2947,2948,-0.37548,-0,-0.37548
7963,2948,2900,0.089823,0,0.089823
7964,2900,2947,0.285657,0,0.285657
7965,2948,2949,0.0635925,0,0.0635925
7966,2949,2901,-0.361766,-0,-0.361766
7967,2901,2948,0.298174,0,0.298174
7968,2949,2950,-0.0478547,-0,-0.0478547
7969,2950,2901,-0.313911,-0,-0.313911
7970,2950,2951,0.0301944,0,0.0301944
7971,2951,2903,0.0577235,0,0.0577235
7972,2903,2950,-0.0879178,-0,-0.0879178
7973,2951,2952,0.0400789,0,0.0400789
7974,2952,2903,0.0176446,0,0.0176446
7975,2952,2953,-0.0566517,-0,-0.0566517
7976,2953,2905,0.0736121,0,0.0736121
7977,2905,2952,-0.0169604,-0,-0.0169604
7978,2953,2954,-0.025865,-0,-0.025865
7979,2954,2905,0.099477,0,0.099477
7980,2954,2955,-0.154391,-0,-0.154391
7981,2955,2907,-0.0166688,-0,-0.0166688
7982,2907,2954,0.171059,0,0.171059
7983,2955,2956,0.451147,0,0.451147
7984,2956,2908,-0.428546,-0,-0.428546
7985,2908,2955,-0.0226015,-0,-0.0226015
7986,2956,2957,0.101998,0,0.101998
7987,2957,2908,-0.530544,-0,-0.530544
7988,2909,2957,0.110449,0,0.110449
7989,2957,2958,-0.343211,-0,-0.343211
7990,2958,2909,0.232761,0,0.232761
7991,2910,2958,0.269094,0,0.269094
7992,2958,2959,-0.266089,-0,-0.266089
7993,2959,2910,-0.00300487,-0,-0.00300487
7994,2911,2959,-0.213127,-0,-0.213127
7995,2959,2960,0.508911,0,0.508911
7996,2960,2911,-0.295784,-0,-0.295784
7997,2912,2960,0.0589448,0,0.0589448
7998,2960,2961,-0.361864,-0,-0.361864
7999,2961,2912,0.302919,0,0.302919
8000,2913,2961,0.2517,0,0.2517
8001,2961,2962,-0.295051,-0,-0.295051
8002,2962,2913,0.0433517,0,0.0433517
8003,2914,2962,-0.250034,-0,-0.250034
8004,2962,2963,0.307357,0,0.307357
8005,2963,2914,-0.057323,-0,-0.057323
8006,2963,2964,0.0198474,0,0.0198474
8007,2964,2916,0.0104108,0,0.0104108
8008,2916,2963,-0.0302582,-0,-0.0302582
8009,2964,2965,0.212754,0,0.212754
8010,2965,2916,-0.202344,-0,-0.202344
8011,2917,2965,0.367833,0,0.367833
8012,2965,2966,-0.60486,-0,-0.60486
8013,2966,2917,0.237026,0,0.237026
8014,2966,2967,0.260448,0,0.260448
8015,2967,2919,0.0231923,0,0.0231923
8016,2919,2966,-0.28364,-0,-0.28364
8017,2967,2968,0.612873,0,0.612873
8018,2968,2920,-0.758735,-0,-0.758735
8019,2920,2967,0.145862,0,0.145862
8020,2968,2969,-0.965347,-1,0.60545
8021,2969,2920,0.206611,0,0.206611
8022,2969,2970,0.481589,0,0.481589
8023,2970,2922,-0.210036,-0,-0.210036
8024,2922,2969,-0.271553,-0,-0.271553
8025,2970,2971,-0.23955,-0,-0.23955
8026,2971,2923,0.0248283,0,0.0248283
8027,2923,2970,0.214721,0,0.214721
8028,2971,2972,-0.000543229,-0,-0.000543229
8029,2972,2923,0.0253715,0,0.0253715
8030,2972,2973,-0.0400675,-0,-0.0400675
8031,2973,2925,0.0333096,0,0.0333096
8032,2925,2972,0.00675787,0,0.00675787
8033,2973,2974,0.0899452,0,0.0899452
8034,2974,2926,-0.216225,-0,-0.216225
8035,2926,2973,0.12628,0,0.12628
8036,2974,2975,0.235365,0,0.235365
8037,2975,2926,-0.45159,-0,-0.45159
8038,2927,2975,0.0719366,0,0.0719366
8039,2975,2928,-0.554686,-0,-0.554686
8040,2928,2927,0.48275,0,0.48275
8041,2928,2976,0.265604,0,0.265604
8042,2976,2977,0.0329721,0,0.0329721
8043,2977,2928,-0.298576,-0,-0.298576
8044,2977,2978,0.305417,0,0.305417
8045,2978,2930,-0.26451,-0,-0.26451
8046,2930,2977,-0.0409072,-0,-0.0409072
8047,2978,2979,-0.422163,-0,-0.422163
8048,2979,2930,0.157653,0,0.157653
8049,2931,2979,-0.0681094,-0,-0.0681094
8050,2979,2980,0.0965319,0,0.0965319
8051,2980,2931,-0.0284225,-0,-0.0284225
8052,2980,2981,0.030659,0,0.030659
8053,2981,2933,0.0377235,0,0.0377235
8054,2933,2980,-0.0683825,-0,-0.0683825
8055,2981,2982,-0.0668691,-0,-0.0668691
8056,2982,2933,0.104593,0,0.104593
8057,2982,2983,-0.000496138,-0,-0.000496138
8058,2983,2935,-0.215662,-0,-0.215662
8059,2935,2982,0.216158,0,0.216158
8060,2983,2984,-0.0883553,-0,-0.0883553
8061,2984,2935,-0.127307,-0,-0.127307
8062,2984,2985,0.224473,0,0.224473
8063,2985,2937,-0.0022824,-0,-0.0022824
8064,2937,2984,-0.222191,-0,-0.222191
8065,2985,2986,0.292214,0,0.292214
8066,2986,2938,-0.570504,-0,-0.570504
8067,2938,2985,0.27829,0,0.27829
8068,2986,2987,-0.257566,-0,-0.257566
8069,2987,2938,-0.312938,-0,-0.312938
8070,2987,2988,-0.000141553,-0,-0.000141553
8071,2988,2940,0.0746503,0,0.0746503
8072,2940,2987,-0.0745088,-0,-0.0745088
8073,2988,2989,-0.0248211,-0,-0.0248211
8074,2989,2940,0.0994715,0,0.0994715
8075,2989,2990,0.0579731,0,0.0579731
8076,2990,2942,-0.2796,-0,-0.2796
8077,2942,2989,0.221627,0,0.221627
8078,2990,2991,-0.082276,-0,-0.082276
8079,2991,2942,-0.197324,-0,-0.197324
8080,2943,2991,-0.0955527,-0,-0.0955527
8081,2991,2992,0.0646078,0,0.0646078
8082,2992,2943,0.0309448,0,0.0309448
8083,2992,2993,0.0127327,0,0.0127327
8084,2993,2945,-0.108678,-0,-0.108678
8085,2945,2992,0.095945,0,0.095945
8086,2993,2994,0.255925,0,0.255925
8087,2994,2945,-0.364603,-0,-0.364603
8088,2946,2994,0.10479,0,0.10479
8089,2994,2995,-0.326491,-0,-0.326491
8090,2995,2946,0.221701,0,0.221701
8091,2995,2996,0.100371,0,0.100371
8092,2996,2948,0.0696269,0,0.0696269
8093,2948,2995,-0.169998,-0,-0.169998
8094,2996,2997,0.852459,1,-0.718337
8095,2997,2949,-0.71924,-0,-0.71924
8096,2949,2996,-0.133219,-0,-0.133219
8097,2997,2998,-0.866712,-1,0.704084
8098,2998,2949,0.147472,0,0.147472
8099,2998,2999,0.18344,0,0.18344
8100,2999,2951,-0.0536285,-0,-0.0536285
8101,2951,2998,-0.129812,-0,-0.129812
8102,2999,3000,-0.0604459,-0,-0.0604459
8103,3000,2951,0.00681746,0,0.00681746
8104,3000,3001,0.0432224,0,0.0432224
8105,3001,2953,-0.0529776,-0,-0.0529776
8106,2953,3000,0.00975528,0,0.00975528
8107,3001,3002,-0.214893,-0,-0.214893
8108,3002,2953,0.161916,0,0.161916
8109,3002,3003,0.846542,1,-0.724254
8110,3003,2955,-0.864882,-1,0.705914
8111,2955,3002,0.0183398,0,0.0183398
8112,3003,3004,-0.780959,-0,-0.780959
8113,3004,2955,-0.0839225,-0,-0.0839225
8114,2956,3004,-0.367225,-0,-0.367225
8115,3004,3005,-0.0412624,-0,-0.0412624
8116,3005,2956,0.408487,0,0.408487
8117,3005,3006,0.290119,0,0.290119
8118,3006,2958,-0.122845,-0,-0.122845
8119,2958,3005,-0.167274,-0,-0.167274
8120,3006,3007,-0.291018,-0,-0.291018
8121,3007,2959,-0.0979164,-0,-0.0979164
8122,2959,3006,0.388934,0,0.388934
8123,3007,3008,0.0304661,0,0.0304661
8124,3008,2959,-0.128382,-0,-0.128382
8125,3008,3009,-0.0826571,-0,-0.0826571
8126,3009,2961,0.101322,0,0.101322
8127,2961,3008,-0.0186652,-0,-0.0186652
8128,3009,3010,0.0644503,0,0.0644503
8129,3010,2962,-0.258179,-0,-0.258179
8130,2962,3009,0.193729,0,0.193729
8131,3010,3011,0.00206951,0,0.00206951
8132,3011,2962,-0.260249,-0,-0.260249
8133,3011,3012,0.0177156,0,0.0177156
8134,3012,2964,0.0492396,0,0.0492396
8135,2964,3011,-0.0669552,-0,-0.0669552
8136,3012,3013,0.0405047,0,0.0405047
8137,3013,2964,0.00873484,0,0.00873484
8138,3013,3014,0.163174,0,0.163174
8139,3014,2966,-0.546544,-0,-0.546544
8140,2966,3013,0.38337,0,0.38337
8141,3014,3015,-0.324678,-0,-0.324678
8142,3015,2966,-0.221866,-0,-0.221866
8143,2967,3015,-0.038581,-0,-0.038581
8144,3015,3016,-0.150633,-0,-0.150633
8145,3016,2967,0.189214,0,0.189214
8146,3016,3017,0.295494,0,0.295494
8147,3017,2969,-0.458754,-0,-0.458754
8148,2969,3016,0.163259,0,0.163259
8149,3017,3018,-0.424295,-0,-0.424295
8150,3018,2969,-0.0344582,-0,-0.0344582
8151,3018,3019,0.209013,0,0.209013
8152,3019,2971,-0.0014317,-0,-0.0014317
8153,2971,3018,-0.207581,-0,-0.207581
8154,3019,3020,-0.00728487,-0,-0.00728487
8155,3020,2971,0.00585317,0,0.00585317
8156,3020,3021,-0.0971485,-0,-0.0971485
8157,3021,2973,0.062391,0,0.062391
8158,2973,3020,0.0347576,0,0.0347576
8159,3021,3022,0.425257,0,0.425257
8160,3022,2974,-0.272921,-0,-0.272921
8161,2974,3021,-0.152336,-0,-0.152336
8162,3022,3023,-0.297374,-0,-0.297374
8163,3023,2974,0.0244532,0,0.0244532
8164,3023,2976,-0.0292641,-0,-0.0292641
8165,2928,3023,0.294868,0,0.294868
8166,2976,3024,0.672479,0,0.672479
8167,3024,3025,-0.903111,-1,0.667685
8168,3025,2976,0.230633,0,0.230633
8169,3025,3026,0.556689,0,0.556689
8170,3026,2978,0.0123326,0,0.0123326
8171,2978,3025,-0.569022,-0,-0.569022
8172,3026,3027,-0.160016,-0,-0.160016
8173,3027,2979,-0.249814,-0,-0.249814
8174,2979,3026,0.40983,0,0.40983
8175,3027,3028,-0.0957853,-0,-0.0957853
8176,3028,2979,-0.154029,-0,-0.154029
8177,3028,3029,0.249783,0,0.249783
8178,3029,2981,-0.276621,-0,-0.276621
8179,2981,3028,0.0268381,0,0.0268381
8180,3029,3030,-0.563905,-0,-0.563905
8181,3030,2981,0.287285,0,0.287285
8182,3030,3031,0.57848,0,0.57848
8183,3031,2983,-0.35856,-0,-0.35856
8184,2983,3030,-0.219919,-0,-0.219919
8185,3031,3032,-0.252721,-0,-0.252721
8186,3032,2983,-0.105839,-0,-0.105839
8187,2984,3032,0.194194,0,0.194194
8188,3032,3033,-0.0210399,-0,-0.0210399
8189,3033,2984,-0.173155,-0,-0.173155
8190,2985,3033,-0.0513189,-0,-0.0513189
8191,3033,3034,0.317374,0,0.317374
8192,3034,2985,-0.266055,-0,-0.266055
8193,2986,3034,-0.0261589,-0,-0.0261589
8194,3034,3035,-0.435421,-0,-0.435421
8195,3035,2986,0.46158,0,0.46158
8196,3035,3036,0.237764,0,0.237764
8197,3036,2988,-0.0338912,-0,-0.0338912
8198,2988,3035,-0.203873,-0,-0.203873
8199,3036,3037,0.0077619,0,0.0077619
8200,3037,2988,-0.0416531,-0,-0.0416531
8201,3037,3038,0.310946,0,0.310946
8202,3038,2990,-0.319448,-0,-0.319448
8203,2990,3037,0.00850118,0,0.00850118
8204,3038,3039,-0.304531,-0,-0.304531
8205,3039,2990,-0.0149164,-0,-0.0149164
8206,2991,3039,0.0971924,0,0.0971924
8207,3039,3040,-0.239526,-0,-0.239526
8208,3040,2991,0.142334,0,0.142334
8209,3040,3041,0.476674,0,0.476674
8210,3041,2993,-0.257,-0,-0.257
8211,2993,3040,-0.219674,-0,-0.219674
8212,3041,3042,-0.49411,-0,-0.49411
8213,3042,2993,0.23711,0,0.23711
8214,3042,3043,0.557584,0,0.557584
8215,3043,2995,-0.39104,-0,-0.39104
8216,2995,3042,-0.166544,-0,-0.166544
8217,3043,3044,-0.136236,-0,-0.136236
8218,3044,2996,-0.154432,-0,-0.154432
8219,2996,3043,0.290669,0,0.290669
8220,3044,3045,-0.0099281,-0,-0.0099281
8221,3045,2996,-0.144504,-0,-0.144504
8222,3045,3046,-0.17109,-0,-0.17109
8223,3046,2998,0.0123336,0,0.0123336
8224,2998,3045,0.158756,0,0.158756
8225,3046,3047,0.887031,1,-0.683765
8226,3047,2999,-0.691258,-0,-0.691258
8227,2999,3046,-0.195774,-0,-0.195774
8228,3047,3048,-0.904469,-1,0.666327
8229,3048,2999,0.213211,0,0.213211
8230,3048,3049,0.898517,1,-0.672279
8231,3049,3001,-0.702529,-0,-0.702529
8232,3001,3048,-0.195988,-0,-0.195988
8233,3049,3050,-0.892916,-1,0.67788
8234,3050,3001,0.190387,0,0.190387
8235,3002,3050,0.0245066,0,0.0245066
8236,3050,3051,0.168115,0,0.168115
8237,3051,3002,-0.192621,-0,-0.192621
8238,3051,3052,0.00407318,0,0.00407318
8239,3052,3004,-0.131112,-0,-0.131112
8240,3004,3051,0.127038,0,0.127038
8241,3052,3053,0.175891,0,0.175891
8242,3053,3004,-0.307002,-0,-0.307002
8243,3005,3053,0.348265,0,0.348265
8244,3053,3054,-0.569249,-0,-0.569249
8245,3054,3005,0.220984,0,0.220984
8246,3054,3055,0.473243,0,0.473243
8247,3055,3007,-0.253157,-0,-0.253157
8248,3007,3054,-0.220086,-0,-0.220086
8249,3055,3056,-0.450779,-0,-0.450779
8250,3056,3007,0.197622,0,0.197622
8251,3056,3057,0.232255,0,0.232255
8252,3057,3009,-0.0868236,-0,-0.0868236
8253,3009,3056,-0.145431,-0,-0.145431
8254,3057,3058,0.295841,0,0.295841
8255,3058,3010,-0.318214,-0,-0.318214
8256,3010,3057,0.0223732,0,0.0223732
8257,3058,3059,-0.263916,-0,-0.263916
8258,3059,3010,-0.054298,-0,-0.054298
8259,3059,3060,-0.0565926,-0,-0.0565926
8260,3060,3012,0.0220798,0,0.0220798
8261,3012,3059,0.0345129,0,0.0345129
8262,3060,3061,0.0159755,0,0.0159755
8263,3061,3012,0.00610433,0,0.00610433
8264,3061,3062,-0.0769509,-0,-0.0769509
8265,3062,3014,0.286734,0,0.286734
8266,3014,3061,-0.209783,-0,-0.209783
8267,3062,3063,-0.0646176,-0,-0.0646176
8268,3063,3015,0.0266736,0,0.0266736
8269,3015,3062,0.037944,0,0.037944
8270,3063,3064,0.0185728,0,0.0185728
8271,3064,3016,-0.142533,-0,-0.142533
8272,3016,3063,0.12396,0,0.12396
8273,3064,3065,-0.0504974,-0,-0.0504974
8274,3065,3017,0.203459,0,0.203459
8275,3017,3064,-0.152962,-0,-0.152962
8276,3065,3066,-0.146796,-0,-0.146796
8277,3066,3018,-0.0740397,-0,-0.0740397
8278,3018,3065,0.220836,0,0.220836
8279,3066,3067,0.467937,0,0.467937
8280,3067,3019,-0.332963,-0,-0.332963
8281,3019,3066,-0.134973,-0,-0.134973
8282,3067,3068,-0.261447,-0,-0.261447
8283,3068,3019,-0.0715163,-0,-0.0715163
8284,3068,3069,0.0813517,0,0.0813517
8285,3069,3021,-0.257301,-0,-0.257301
8286,3021,3068,0.17595,0,0.17595
8287,3069,3070,0.165266,0,0.165266
8288,3070,3021,-0.422567,-0,-0.422567
8289,3022,3070,-0.00268961,-0,-0.00268961
8290,3070,3071,-0.557293,-0,-0.557293
8291,3071,3022,0.559983,0,0.559983
8292,3071,3024,0.905824,1,-0.664973
8293,2976,3071,-0.233345,-0,-0.233345
8294,3072,3073,0.00987167,0,0.00987167
8295,3073,3025,-0.257941,-0,-0.257941
8296,3025,3072,0.248069,0,0.248069
8297,3073,3074,-0.140302,-0,-0.140302
8298,3074,3025,-0.117639,-0,-0.117639
8299,3074,3075,0.877666,1,-0.69313
8300,3075,3027,-0.598632,-0,-0.598632
8301,3027,3074,-0.279034,-0,-0.279034
8302,3075,3076,-0.757945,-0,-0.757945
8303,3076,3027,0.159313,0,0.159313
8304,3076,3077,0.128421,0,0.128421
8305,3077,3029,0.18489,0,0.18489
8306,3029,3076,-0.31331,-0,-0.31331
8307,3077,3078,0.180399,0,0.180399
8308,3078,3030,-0.559414,-0,-0.559414
8309,3030,3077,0.379016,0,0.379016
8310,3078,3079,-0.222623,-0,-0.222623
8311,3079,3030,-0.336791,-0,-0.336791
8312,3031,3079,-0.241689,-0,-0.241689
8313,3079,3080,0.0728162,0,0.0728162
8314,3080,3031,0.168873,0,0.168873
8315,3032,3080,0.0838486,0,0.0838486
8316,3080,3081,-0.0993416,-0,-0.0993416
8317,3081,3032,0.015493,0,0.015493
8318,3033,3081,0.00554686,0,0.00554686
8319,3081,3082,-0.227685,-0,-0.227685
8320,3082,3033,0.222138,0,0.222138
8321,3082,3083,0.276142,0,0.276142
8322,3083,3035,-0.172052,-0,-0.172052
8323,3035,3082,-0.10409,-0,-0.10409
8324,3083,3084,0.41876,0,0.41876
8325,3084,3036,-0.353048,-0,-0.353048
8326,3036,3083,-0.0657117,-0,-0.0657117
8327,3084,3085,-0.454802,-0,-0.454802
8328,3085,3036,0.101754,0,0.101754
8329,3085,3086,0.165138,0,0.165138
8330,3086,3038,0.255324,0,0.255324
8331,3038,3085,-0.420462,-0,-0.420462
8332,3086,3087,-0.0533181,-0,-0.0533181
8333,3087,3039,0.00411071,0,0.00411071
8334,3039,3086,0.0492074,0,0.0492074
8335,3087,3088,-0.155049,-0,-0.155049
8336,3088,3040,-0.0803662,-0,-0.0803662
8337,3040,3087,0.235415,0,0.235415
8338,3088,3089,0.413821,0,0.413821
8339,3089,3041,-0.0175131,-0,-0.0175131
8340,3041,3088,-0.396308,-0,-0.396308
8341,3089,3090,-0.213756,-0,-0.213756
8342,3090,3042,-0.297867,-0,-0.297867
8343,3042,3089,0.511623,0,0.511623
8344,3090,3091,0.0821826,0,0.0821826
8345,3091,3042,-0.380049,-0,-0.380049
8346,3091,3092,0.295234,0,0.295234
8347,3092,3044,-0.253936,-0,-0.253936
8348,3044,3091,-0.0412979,-0,-0.0412979
8349,3092,3093,-0.482131,-0,-0.482131
8350,3093,3044,0.228195,0,0.228195
8351,3093,3094,0.158286,0,0.158286
8352,3094,3046,-0.11111,-0,-0.11111
8353,3046,3093,-0.0471766,-0,-0.0471766
8354,3094,3095,0.111978,0,0.111978
8355,3095,3046,-0.223088,-0,-0.223088
8356,3095,3096,0.0446408,0,0.0446408
8357,3096,3048,-0.285166,-0,-0.285166
8358,3048,3095,0.240526,0,0.240526
8359,3096,3097,-0.0393535,-0,-0.0393535
8360,3097,3048,-0.245813,-0,-0.245813
8361,3097,3098,-0.0920537,-0,-0.0920537
8362,3098,3050,-0.148158,-0,-0.148158
8363,3050,3097,0.240212,0,0.240212
8364,3098,3099,-0.185018,-0,-0.185018
8365,3099,3050,0.0368595,0,0.0368595
8366,3099,3100,0.432549,0,0.432549
8367,3100,3052,-0.223502,-0,-0.223502
8368,3052,3099,-0.209047,-0,-0.209047
8369,3100,3101,-0.243882,-0,-0.243882
8370,3101,3052,0.0203803,0,0.0203803
8371,3101,3102,-0.108293,-0,-0.108293
8372,3102,3054,-0.264685,-0,-0.264685
8373,3054,3101,0.372978,0,0.372978
8374,3102,3103,0.240978,0,0.240978
8375,3103,3054,-0.505664,-0,-0.505664
8376,3055,3103,0.0324207,0,0.0324207
8377,3103,3104,-0.428932,-0,-0.428932
8378,3104,3055,0.396512,0,0.396512
8379,3056,3104,0.0542673,0,0.0542673
8380,3104,3105,0.172815,0,0.172815
8381,3105,3056,-0.227082,-0,-0.227082
8382,3057,3105,-0.00517286,-0,-0.00517286
8383,3105,3106,0.0540262,0,0.0540262
8384,3106,3057,-0.0488534,-0,-0.0488534
8385,3058,3106,-0.246987,-0,-0.246987
8386,3106,3107,-0.161594,-0,-0.161594
8387,3107,3058,0.408581,0,0.408581
8388,3107,3108,0.390402,0,0.390402
8389,3108,3060,-0.302329,-0,-0.302329
8390,3060,3107,-0.0880726,-0,-0.0880726
8391,3108,3109,-0.532922,-0,-0.532922
8392,3109,3060,0.230594,0,0.230594
8393,3109,3110,0.0807198,0,0.0807198
8394,3110,3062,0.0888983,0,0.0888983
8395,3062,3109,-0.169618,-0,-0.169618
8396,3110,3111,0.0666077,0,0.0666077
8397,3111,3063,-0.042327,-0,-0.042327
8398,3063,3110,-0.0242807,-0,-0.0242807
8399,3111,3112,0.0162598,0,0.0162598
8400,3112,3064,-0.0400141,-0,-0.0400141
8401,3064,3111,0.0237542,0,0.0237542
8402,3112,3113,-0.0610495,-0,-0.0610495
8403,3113,3065,-0.029462,-0,-0.029462
8404,3065,3112,0.0905115,0,0.0905115
8405,3113,3114,0.277651,0,0.277651
8406,3114,3066,-0.45391,-0,-0.45391
8407,3066,3113,0.176258,0,0.176258
8408,3114,3115,-0.155815,-0,-0.155815
8409,3115,3066,-0.298095,-0,-0.298095
8410,3067,3115,-0.169842,-0,-0.169842
8411,3115,3116,-0.142908,-0,-0.142908
8412,3116,3067,0.31275,0,0.31275
8413,3116,3117,0.744192,0,0.744192
8414,3117,3069,-0.611537,-0,-0.611537
8415,3069,3116,-0.132655,-0,-0.132655
8416,3117,3118,-0.882251,-1,0.688545
8417,3118,3069,0.270713,0,0.270713
8418,3118,3119,0.134192,0,0.134192
8419,3119,3071,-0.255506,-0,-0.255506
8420,3071,3118,0.121314,0,0.121314
8421,3119,3072,-0.00472426,-0,-0.00472426
8422,3072,3071,-0.250782,-0,-0.250782
8423,3120,3121,0.904402,1,-0.666394
8424,3121,3073,-0.728875,-0,-0.728875
8425,3073,3120,-0.175527,-0,-0.175527
8426,3121,3122,-0.879225,-1,0.691571
8427,3122,3073,0.15035,0,0.15035
8428,3074,3122,-0.0100483,-0,-0.0100483
8429,3122,3123,-0.0148539,-0,-0.0148539
8430,3123,3074,0.0249022,0,0.0249022
8431,3123,3124,0.463761,0,0.463761
8432,3124,3076,-0.319137,-0,-0.319137
8433,3076,3123,-0.144623,-0,-0.144623
8434,3124,3125,-0.231232,-0,-0.231232
8435,3125,3077,0.0405157,0,0.0405157
8436,3077,3124,0.190717,0,0.190717
8437,3125,3126,-0.188846,-0,-0.188846
8438,3126,3078,0.40976,0,0.40976
8439,3078,3125,-0.220914,-0,-0.220914
8440,3126,3127,0.177177,0,0.177177
8441,3127,3079,0.00995976,0,0.00995976
8442,3079,3126,-0.187137,-0,-0.187137
8443,3127,3128,0.255252,0,0.255252
8444,3128,3080,-0.172476,-0,-0.172476
8445,3080,3127,-0.0827759,-0,-0.0827759
8446,3128,3129,-0.423244,-0,-0.423244
8447,3129,3081,0.151426,0,0.151426
8448,3081,3128,0.271817,0,0.271817
8449,3129,3130,0.0884909,0,0.0884909
8450,3130,3082,-0.164749,-0,-0.164749
8451,3082,3129,0.0762585,0,0.0762585
8452,3130,3131,0.187818,0,0.187818
8453,3131,3083,-0.0764253,-0,-0.0764253
8454,3083,3130,-0.111393,-0,-0.111393
8455,3131,3132,0.301297,0,0.301297
8456,3132,3084,0.0410372,0,0.0410372
8457,3084,3131,-0.342334,-0,-0.342334
8458,3132,3133,-0.470594,-0,-0.470594
8459,3133,3085,0.0568294,0,0.0568294
8460,3085,3132,0.413764,0,0.413764
8461,3133,3134,0.453729,0,0.453729
8462,3134,3086,-0.231761,-0,-0.231761
8463,3086,3133,-0.221968,-0,-0.221968
8464,3134,3135,-0.241074,-0,-0.241074
8465,3135,3087,-0.0440055,-0,-0.0440055
8466,3087,3134,0.285079,0,0.285079
8467,3135,3136,0.223919,0,0.223919
8468,3136,3088,-0.422973,-0,-0.422973
8469,3088,3135,0.199055,0,0.199055
8470,3136,3137,-0.396837,-0,-0.396837
8471,3137,3088,-0.0261366,-0,-0.0261366
8472,3137,3138,0.216716,0,0.216716
8473,3138,3090,-0.0427882,-0,-0.0427882
8474,3090,3137,-0.173928,-0,-0.173928
8475,3138,3139,0.0312215,0,0.0312215
8476,3139,3090,-0.0740097,-0,-0.0740097
8477,3139,3140,0.0410928,0,0.0410928
8478,3140,3092,0.262314,0,0.262314
8479,3092,3139,-0.303407,-0,-0.303407
8480,3140,3141,0.00502294,0,0.00502294
8481,3141,3093,-0.22484,-0,-0.22484
8482,3093,3140,0.219817,0,0.219817
8483,3141,3142,0.0148609,0,0.0148609
8484,3142,3094,-0.0814142,-0,-0.0814142
8485,3094,3141,0.0665534,0,0.0665534
8486,3142,3143,-0.0972741,-0,-0.0972741
8487,3143,3094,0.0158599,0,0.0158599
8488,3143,3144,0.877661,1,-0.693135
8489,3144,3096,-0.705183,-0,-0.705183
8490,3096,3143,-0.172479,-0,-0.172479
8491,3144,3145,-0.873858,-1,0.696938
8492,3145,3096,0.168676,0,0.168676
8493,3145,3146,0.0850978,0,0.0850978
8494,3146,3098,-0.0478294,-0,-0.0478294
8495,3098,3145,-0.0372684,-0,-0.0372684
8496,3146,3147,0.198125,0,0.198125
8497,3147,3098,-0.245954,-0,-0.245954
8498,3099,3147,0.430972,0,0.430972
8499,3147,3148,-0.377001,-0,-0.377001
8500,3148,3099,-0.0539702,-0,-0.0539702
8501,3100,3148,-0.378579,-0,-0.378579
8502,3148,3149,0.103625,0,0.103625
8503,3149,3100,0.274953,0,0.274953
8504,3149,3150,-0.0327616,-0,-0.0327616
8505,3150,3102,-0.0444599,-0,-0.0444599
8506,3102,3149,0.0772215,0,0.0772215
8507,3150,3151,-0.198936,-0,-0.198936
8508,3151,3102,0.154476,0,0.154476
8509,3151,3152,0.380534,0,0.380534
8510,3152,3104,-0.414012,-0,-0.414012
8511,3104,3151,0.0334778,0,0.0334778
8512,3152,3153,-0.202011,-0,-0.202011
8513,3153,3104,-0.212001,-0,-0.212001
8514,3105,3153,0.0391864,0,0.0391864
8515,3153,3154,0.262339,0,0.262339
8516,3154,3105,-0.301526,-0,-0.301526
8517,3106,3154,0.2475,0,0.2475
8518,3154,3155,-0.477627,-0,-0.477627
8519,3155,3106,0.230127,0,0.230127
8520,3107,3155,-0.0685331,-0,-0.0685331
8521,3155,3156,0.475396,0,0.475396
8522,3156,3107,-0.406863,-0,-0.406863
8523,3108,3156,0.0164613,0,0.0164613
8524,3156,3157,-0.338882,-0,-0.338882
8525,3157,3108,0.32242,0,0.32242
8526,3109,3157,0.210502,0,0.210502
8527,3157,3158,-0.149128,-0,-0.149128
8528,3158,3109,-0.061374,-0,-0.061374
8529,3110,3158,-0.0193458,-0,-0.0193458
8530,3158,3159,-0.0589819,-0,-0.0589819
8531,3159,3110,0.0783277,0,0.0783277
8532,3111,3159,-0.144935,-0,-0.144935
8533,3159,3160,0.40824,0,0.40824
8534,3160,3111,-0.263305,-0,-0.263305
8535,3112,3160,0.247045,0,0.247045
8536,3160,3161,-0.283679,-0,-0.283679
8537,3161,3112,0.0366344,0,0.0366344
8538,3113,3161,0.0244152,0,0.0244152
8539,3161,3162,-0.178798,-0,-0.178798
8540,3162,3113,0.154383,0,0.154383
8541,3114,3162,-0.432035,-0,-0.432035
8542,3162,3163,0.210228,0,0.210228
8543,3163,3114,0.221807,0,0.221807
8544,3115,3163,-0.0659917,-0,-0.0659917
8545,3163,3164,0.247431,0,0.247431
8546,3164,3115,-0.181439,-0,-0.181439
8547,3116,3164,0.324348,0,0.324348
8548,3164,3165,-0.479057,-0,-0.479057
8549,3165,3116,0.15471,0,0.15471
8550,3165,3166,-0.000461456,-0,-0.000461456
8551,3166,3118,0.0171125,0,0.0171125
8552,3118,3165,-0.0166511,-0,-0.0166511
8553,3166,3167,0.882714,1,-0.688082
8554,3167,3119,-0.73141,-0,-0.73141
8555,3119,3166,-0.151304,-0,-0.151304
8556,3167,3120,-0.90179,-1,0.669007
8557,3120,3119,0.17038,0,0.17038
8558,3120,3168,0.267387,0,0.267387
8559,3168,3169,0.0130133,0,0.0130133
8560,3169,3120,-0.2804,-0,-0.2804
8561,3169,3170,0.129534,0,0.129534
8562,3170,3122,-0.384757,-0,-0.384757
8563,3122,3169,0.255223,0,0.255223
8564,3170,3171,-0.486337,-0,-0.486337
8565,3171,3122,0.10158,0,0.10158
8566,3123,3171,-0.086726,-0,-0.086726
8567,3171,3172,0.210831,0,0.210831
8568,3172,3123,-0.124105,-0,-0.124105
8569,3172,3173,-0.0787536,-0,-0.0787536
8570,3173,3125,0.187177,0,0.187177
8571,3125,3172,-0.108424,-0,-0.108424
8572,3173,3174,0.417882,0,0.417882
8573,3174,3126,-0.419551,-0,-0.419551
8574,3126,3173,0.00166868,0,0.00166868
8575,3174,3175,-0.255139,-0,-0.255139
8576,3175,3126,-0.164412,-0,-0.164412
8577,3127,3175,-0.0127656,-0,-0.0127656
8578,3175,3176,-0.142221,-0,-0.142221
8579,3176,3127,0.154987,0,0.154987
8580,3176,3177,0.775492,0,0.775492
8581,3177,3129,-0.788497,-1,0.782299
8582,3129,3176,0.0130052,0,0.0130052
8583,3177,3178,-0.639346,-0,-0.639346
8584,3178,3129,-0.149151,-0,-0.149151
8585,3130,3178,0.0606597,0,0.0606597
8586,3178,3179,-0.165897,-0,-0.165897
8587,3179,3130,0.105237,0,0.105237
8588,3131,3179,-0.293056,-0,-0.293056
8589,3179,3180,0.207359,0,0.207359
8590,3180,3131,0.0856971,0,0.0856971
8591,3180,3181,0.0302046,0,0.0302046
8592,3181,3133,-0.113804,-0,-0.113804
8593,3133,3180,0.0835996,0,0.0835996
8594,3181,3182,0.0165822,0,0.0165822
8595,3182,3133,-0.130386,-0,-0.130386
8596,3182,3183,-0.0612574,-0,-0.0612574
8597,3183,3135,0.143526,0,0.143526
8598,3135,3182,-0.0822686,-0,-0.0822686
8599,3183,3184,0.170079,0,0.170079
8600,3184,3136,0.197365,0,0.197365
8601,3136,3183,-0.367445,-0,-0.367445
8602,3184,3185,0.0491355,0,0.0491355
8603,3185,3137,-0.248607,-0,-0.248607
8604,3137,3184,0.199471,0,0.199471
8605,3185,3186,0.278105,0,0.278105
8606,3186,3138,-0.309996,-0,-0.309996
8607,3138,3185,0.0318906,0,0.0318906
8608,3186,3187,-0.482593,-0,-0.482593
8609,3187,3138,0.172597,0,0.172597
8610,3187,3188,0.474487,0,0.474487
8611,3188,3140,-0.229576,-0,-0.229576
8612,3140,3187,-0.244911,-0,-0.244911
8613,3188,3189,-0.177079,-0,-0.177079
8614,3189,3141,-0.0474741,-0,-0.0474741
8615,3141,3188,0.224553,0,0.224553
8616,3189,3190,0.105828,0,0.105828
8617,3190,3142,-0.138442,-0,-0.138442
8618,3142,3189,0.0326132,0,0.0326132
8619,3190,3191,-0.141139,-0,-0.141139
8620,3191,3142,0.0026978,0,0.0026978
8621,3143,3191,0.0945763,0,0.0945763
8622,3191,3192,0.0930621,0,0.0930621
8623,3192,3143,-0.187638,-0,-0.187638
8624,3192,3193,-0.103814,-0,-0.103814
8625,3193,3145,-0.0800213,-0,-0.0800213
8626,3145,3192,0.183835,0,0.183835
8627,3193,3194,0.0982168,0,0.0982168
8628,3194,3146,-0.0931403,-0,-0.0931403
8629,3146,3193,-0.00507648,-0,-0.00507648
8630,3194,3195,-0.231125,-0,-0.231125
8631,3195,3146,0.137984,0,0.137984
8632,3195,3196,0.741742,0,0.741742
8633,3196,3148,-0.782634,-0,-0.782634
8634,3148,3195,0.0408924,0,0.0408924
8635,3196,3197,-0.823201,-1,0.747595
8636,3197,3148,0.0405674,0,0.0405674
8637,3197,3198,0.438061,0,0.438061
8638,3198,3150,-0.32663,-0,-0.32663
8639,3150,3197,-0.111431,-0,-0.111431
8640,3198,3199,-0.279473,-0,-0.279473
8641,3199,3150,-0.0471576,-0,-0.0471576
8642,3151,3199,0.246094,0,0.246094
8643,3199,3200,-0.0498791,-0,-0.0498791
8644,3200,3151,-0.196215,-0,-0.196215
8645,3152,3200,-0.18432,-0,-0.18432
8646,3200,3201,-0.172994,-0,-0.172994
8647,3201,3152,0.357314,0,0.357314
8648,3153,3201,-0.155303,-0,-0.155303
8649,3201,3202,0.0973689,0,0.0973689
8650,3202,3153,0.0579338,0,0.0579338
8651,3202,3203,-0.0600661,-0,-0.0600661
8652,3203,3155,-0.0972873,-0,-0.0972873
8653,3155,3202,0.157353,0,0.157353
8654,3203,3204,0.00573021,0,0.00573021
8655,3204,3155,-0.103018,-0,-0.103018
8656,3204,3205,-0.233971,-0,-0.233971
8657,3205,3157,0.267468,0,0.267468
8658,3157,3204,-0.0334967,-0,-0.0334967
8659,3205,3206,0.189828,0,0.189828
8660,3206,3158,-0.0714883,-0,-0.0714883
8661,3158,3205,-0.11834,-0,-0.11834
8662,3206,3207,0.649467,0,0.649467
8663,3207,3159,-0.779937,-0,-0.779937
8664,3159,3206,0.13047,0,0.13047
8665,3207,3208,-0.772857,-0,-0.772857
8666,3208,3159,-0.00707985,-0,-0.00707985
8667,3208,3209,0.121058,0,0.121058
8668,3209,3161,-0.00357693,-0,-0.00357693
8669,3161,3208,-0.117481,-0,-0.117481
8670,3209,3210,0.26647,0,0.26647
8671,3210,3162,-0.448846,-0,-0.448846
8672,3162,3209,0.182375,0,0.182375
8673,3210,3211,-0.455201,-0,-0.455201
8674,3211,3162,0.00635541,0,0.00635541
8675,3163,3211,-0.216583,-0,-0.216583
8676,3211,3212,0.108099,0,0.108099
8677,3212,3163,0.108484,0,0.108484
8678,3212,3213,-0.232152,-0,-0.232152
8679,3213,3165,0.10901,0,0.10901
8680,3165,3212,0.123142,0,0.123142
8681,3213,3214,0.491738,0,0.491738
8682,3214,3166,-0.38319,-0,-0.38319
8683,3166,3213,-0.108548,-0,-0.108548
8684,3214,3215,-0.121071,-0,-0.121071
8685,3215,3166,-0.262119,-0,-0.262119
8686,3215,3168,-0.0138076,-0,-0.0138076
8687,3120,3215,0.281194,0,0.281194
8688,3168,3216,0.598131,0,0.598131
8689,3216,3217,-0.774697,-0,-0.774697
8690,3217,3168,0.176567,0,0.176567
8691,3217,3218,0.0653282,0,0.0653282
8692,3218,3170,0.253786,0,0.253786
8693,3170,3217,-0.319114,-0,-0.319114
8694,3218,3219,-0.0124903,-0,-0.0124903
8695,3219,3171,-0.220061,-0,-0.220061
8696,3171,3218,0.232551,0,0.232551
8697,3219,3220,1.85724e-05,0,1.85724e-05
8698,3220,3171,-0.220079,-0,-0.220079
8699,3220,3221,0.410176,0,0.410176
8700,3221,3173,-0.498179,-0,-0.498179
8701,3173,3220,0.0880024,0,0.0880024
8702,3221,3222,-0.21343,-0,-0.21343
8703,3222,3173,-0.284748,-0,-0.284748
8704,3174,3222,-0.133134,-0,-0.133134
8705,3222,3223,-0.237907,-0,-0.237907
8706,3223,3174,0.371041,0,0.371041
8707,3175,3223,-0.115902,-0,-0.115902
8708,3223,3224,0.270557,0,0.270557
8709,3224,3175,-0.154655,-0,-0.154655
8710,3176,3224,0.296876,0,0.296876
8711,3224,3225,-0.457628,-0,-0.457628
8712,3225,3176,0.160752,0,0.160752
8713,3225,3226,0.331476,0,0.331476
8714,3226,3178,-0.0345793,-0,-0.0345793
8715,3178,3225,-0.296897,-0,-0.296897
8716,3226,3227,0.285853,0,0.285853
8717,3227,3179,-0.486329,-0,-0.486329
8718,3179,3226,0.200476,0,0.200476
8719,3227,3228,-0.412465,-0,-0.412465
8720,3228,3179,-0.0738647,-0,-0.0738647
8721,3228,3229,0.482807,0,0.482807
8722,3229,3181,-0.319109,-0,-0.319109
8723,3181,3228,-0.163698,-0,-0.163698
8724,3229,3230,-0.425537,-0,-0.425537
8725,3230,3181,0.106428,0,0.106428
8726,3230,3231,0.480419,0,0.480419
8727,3231,3183,-0.418666,-0,-0.418666
8728,3183,3230,-0.0617531,-0,-0.0617531
8729,3231,3232,0.0136482,0,0.0136482
8730,3232,3183,-0.432314,-0,-0.432314
8731,3184,3232,0.262235,0,0.262235
8732,3232,3233,-0.403884,-0,-0.403884
8733,3233,3184,0.141649,0,0.141649
8734,3185,3233,-0.190785,-0,-0.190785
8735,3233,3234,0.429994,0,0.429994
8736,3234,3185,-0.239209,-0,-0.239209
8737,3186,3234,-0.0388962,-0,-0.0388962
8738,3234,3235,-0.451877,-0,-0.451877
8739,3235,3186,0.490773,0,0.490773
8740,3187,3235,-0.00818046,-0,-0.00818046
8741,3235,3236,0.0305218,0,0.0305218
8742,3236,3187,-0.0223413,-0,-0.0223413
8743,3236,3237,0.337844,0,0.337844
8744,3237,3189,-0.062777,-0,-0.062777
8745,3189,3236,-0.275067,-0,-0.275067
8746,3237,3238,0.695956,0,0.695956
8747,3238,3190,-0.652904,-0,-0.652904
8748,3190,3237,-0.0430515,-0,-0.0430515
8749,3238,3239,-0.902614,-1,0.668182
8750,3239,3190,0.24971,0,0.24971
8751,3191,3239,-0.108571,-0,-0.108571
8752,3239,3240,0.0748244,0,0.0748244
8753,3240,3191,0.0337461,0,0.0337461
8754,3240,3241,-0.0912854,-0,-0.0912854
8755,3241,3193,0.11428,0,0.11428
8756,3193,3240,-0.0229943,-0,-0.0229943
8757,3241,3242,0.889905,1,-0.680891
8758,3242,3194,-0.677408,-0,-0.677408
8759,3194,3241,-0.212497,-0,-0.212497
8760,3242,3243,-0.704493,-0,-0.704493
8761,3243,3194,0.0270846,0,0.0270846
8762,3195,3243,0.20404,0,0.20404
8763,3243,3244,-0.260764,-0,-0.260764
8764,3244,3195,0.0567237,0,0.0567237
8765,3244,3245,-0.0660461,-0,-0.0660461
8766,3245,3197,0.0413099,0,0.0413099
8767,3197,3244,0.0247361,0,0.0247361
8768,3245,3246,0.454409,0,0.454409
8769,3246,3198,0.0249621,0,0.0249621
8770,3198,3245,-0.479371,-0,-0.479371
8771,3246,3247,-0.448514,-0,-0.448514
8772,3247,3199,0.194004,0,0.194004
8773,3199,3246,0.25451,0,0.25451
8774,3247,3248,0.420587,0,0.420587
8775,3248,3200,-0.276462,-0,-0.276462
8776,3200,3247,-0.144125,-0,-0.144125
8777,3248,3249,-0.0326863,-0,-0.0326863
8778,3249,3201,-0.41677,-0,-0.41677
8779,3201,3248,0.449456,0,0.449456
8780,3249,3250,-0.459854,-0,-0.459854
8781,3250,3201,0.0430836,0,0.0430836
8782,3250,3251,0.405238,0,0.405238
8783,3251,3203,-0.324851,-0,-0.324851
8784,3203,3250,-0.0803864,-0,-0.0803864
8785,3251,3252,-0.460721,-0,-0.460721
8786,3252,3203,0.13587,0,0.13587
8787,3252,3253,0.394933,0,0.394933
8788,3253,3205,-0.487305,-0,-0.487305
8789,3205,3252,0.0923715,0,0.0923715
8790,3253,3254,-0.265875,-0,-0.265875
8791,3254,3205,-0.22143,-0,-0.22143
8792,3206,3254,0.0316014,0,0.0316014
8793,3254,3255,-0.319545,-0,-0.319545
8794,3255,3206,0.287943,0,0.287943
8795,3255,3256,0.464301,0,0.464301
8796,3256,3208,-0.299748,-0,-0.299748
8797,3208,3255,-0.164553,-0,-0.164553
8798,3256,3257,-0.310606,-0,-0.310606
8799,3257,3209,0.131916,0,0.131916
8800,3209,3256,0.17869,0,0.17869
8801,3257,3258,0.429705,0,0.429705
8802,3258,3210,-0.0313186,-0,-0.0313186
8803,3210,3257,-0.398386,-0,-0.398386
8804,3258,3259,-0.234953,-0,-0.234953
8805,3259,3211,-0.251567,-0,-0.251567
8806,3211,3258,0.48652,0,0.48652
8807,3259,3260,-0.179219,-0,-0.179219
8808,3260,3211,-0.0723474,-0,-0.0723474
8809,3260,3261,0.0183462,0,0.0183462
8810,3261,3213,-0.214746,-0,-0.214746
8811,3213,3260,0.1964,0,0.1964
8812,3261,3262,0.0255844,0,0.0255844
8813,3262,3213,-0.24033,-0,-0.24033
8814,3214,3262,-0.251408,-0,-0.251408
8815,3262,3263,-0.0593381,-0,-0.0593381
8816,3263,3214,0.310746,0,0.310746
8817,3263,3216,0.773998,0,0.773998
8818,3168,3263,-0.175867,-0,-0.175867
8819,3264,3265,0.488149,0,0.488149
8820,3265,3217,-0.273217,-0,-0.273217
8821,3217,3264,-0.214932,-0,-0.214932
8822,3265,3266,-0.349197,-0,-0.349197
8823,3266,3218,0.141308,0,0.141308
8824,3218,3265,0.207889,0,0.207889
8825,3266,3267,0.489178,0,0.489178
8826,3267,3219,-0.360361,-0,-0.360361
8827,3219,3266,-0.128818,-0,-0.128818
8828,3267,3268,-0.409582,-0,-0.409582
8829,3268,3219,0.0492211,0,0.0492211
8830,3268,3269,0.452006,0,0.452006
8831,3269,3221,0.00740983,0,0.00740983
8832,3221,3268,-0.459416,-0,-0.459416
8833,3269,3270,-0.232301,-0,-0.232301
8834,3270,3222,0.0262805,0,0.0262805
8835,3222,3269,0.206021,0,0.206021
8836,3270,3271,0.208054,0,0.208054
8837,3271,3223,-0.419681,-0,-0.419681
8838,3223,3270,0.211627,0,0.211627
8839,3271,3272,-0.505041,-0,-0.505041
8840,3272,3223,0.0853602,0,0.0853602
8841,3272,3273,0.21118,0,0.21118
8842,3273,3225,-0.312891,-0,-0.312891
8843,3225,3272,0.101711,0,0.101711
8844,3273,3274,0.232991,0,0.232991
8845,3274,3225,-0.545882,-0,-0.545882
8846,3226,3274,0.214405,0,0.214405
8847,3274,3275,-0.146776,-0,-0.146776
8848,3275,3226,-0.0676293,-0,-0.0676293
8849,3227,3275,-0.218224,-0,-0.218224
8850,3275,3276,0.011799,0,0.011799
8851,3276,3227,0.206425,0,0.206425
8852,3228,3276,0.20604,0,0.20604
8853,3276,3277,0.0792898,0,0.0792898
8854,3277,3228,-0.28533,-0,-0.28533
8855,3229,3277,-0.197477,-0,-0.197477
8856,3277,3278,0.0124813,0,0.0124813
8857,3278,3229,0.184996,0,0.184996
8858,3230,3278,0.240541,0,0.240541
8859,3278,3279,-0.0701726,-0,-0.0701726
8860,3279,3230,-0.170368,-0,-0.170368
8861,3231,3279,-0.31005,-0,-0.31005
8862,3279,3280,-0.102393,-0,-0.102393
8863,3280,3231,0.412443,0,0.412443
8864,3280,3281,0.448827,0,0.448827
8865,3281,3233,-0.426619,-0,-0.426619
8866,3233,3280,-0.0222073,-0,-0.0222073
8867,3281,3282,-0.459309,-0,-0.459309
8868,3282,3233,0.0326896,0,0.0326896
8869,3282,3283,0.172529,0,0.172529
8870,3283,3235,-0.161722,-0,-0.161722
8871,3235,3282,-0.0108067,-0,-0.0108067
8872,3283,3284,0.250951,0,0.250951
8873,3284,3235,-0.412673,-0,-0.412673
8874,3236,3284,0.382151,0,0.382151
8875,3284,3285,-0.188346,-0,-0.188346
8876,3285,3236,-0.193805,-0,-0.193805
8877,3237,3285,-0.144038,-0,-0.144038
8878,3285,3286,-0.0550776,-0,-0.0550776
8879,3286,3237,0.199116,0,0.199116
8880,3286,3287,0.160167,0,0.160167
8881,3287,3239,-0.16771,-0,-0.16771
8882,3239,3286,0.00754282,0,0.00754282
8883,3287,3288,-0.115463,-0,-0.115463
8884,3288,3239,-0.0522469,-0,-0.0522469
8885,3288,3289,0.10766,0,0.10766
8886,3289,3241,-0.176368,-0,-0.176368
8887,3241,3288,0.0687079,0,0.0687079
8888,3289,3290,-0.161221,-0,-0.161221
8889,3290,3241,-0.0151468,-0,-0.0151468
8890,3290,3291,0.0690391,0,0.0690391
8891,3291,3243,0.101226,0,0.101226
8892,3243,3290,-0.170265,-0,-0.170265
8893,3291,3292,0.200298,0,0.200298
8894,3292,3244,-0.359836,-0,-0.359836
8895,3244,3291,0.159538,0,0.159538
8896,3292,3293,-0.287285,-0,-0.287285
8897,3293,3245,-0.138597,-0,-0.138597
8898,3245,3292,0.425882,0,0.425882
8899,3293,3294,-0.155709,-0,-0.155709
8900,3294,3245,0.0171126,0,0.0171126
8901,3294,3295,0.444868,0,0.444868
8902,3295,3247,-0.421861,-0,-0.421861
8903,3247,3294,-0.0230074,-0,-0.0230074
8904,3295,3296,-0.430637,-0,-0.430637
8905,3296,3247,0.00877656,0,0.00877656
8906,3296,3297,0.0996935,0,0.0996935
8907,3297,3249,0.296984,0,0.296984
8908,3249,3296,-0.396678,-0,-0.396678
8909,3297,3298,0.0761236,0,0.0761236
8910,3298,3250,-0.238993,-0,-0.238993
8911,3250,3297,0.16287,0,0.16287
8912,3298,3299,-0.00971076,-0,-0.00971076
8913,3299,3251,0.175955,0,0.175955
8914,3251,3298,-0.166244,-0,-0.166244
8915,3299,3300,-0.0786609,-0,-0.0786609
8916,3300,3252,-0.206105,-0,-0.206105
8917,3252,3299,0.284766,0,0.284766
8918,3300,3301,-0.0051857,-0,-0.0051857
8919,3301,3253,0.194014,0,0.194014
8920,3253,3300,-0.188828,-0,-0.188828
8921,3301,3302,0.164282,0,0.164282
8922,3302,3254,-0.236143,-0,-0.236143
8923,3254,3301,0.071861,0,0.071861
8924,3302,3303,-0.258308,-0,-0.258308
8925,3303,3255,-0.29738,-0,-0.29738
8926,3255,3302,0.555688,0,0.555688
8927,3303,3304,-0.180559,-0,-0.180559
8928,3304,3255,-0.116821,-0,-0.116821
8929,3304,3305,0.390483,0,0.390483
8930,3305,3257,-0.353609,-0,-0.353609
8931,3257,3304,-0.0368737,-0,-0.0368737
8932,3305,3306,-0.334464,-0,-0.334464
8933,3306,3257,-0.019145,-0,-0.019145
8934,3306,3307,0.777395,0,0.777395
8935,3307,3259,-0.601788,-0,-0.601788
8936,3259,3306,-0.175607,-0,-0.175607
8937,3307,3308,-0.780266,-0,-0.780266
8938,3308,3259,0.178479,0,0.178479
8939,3308,3309,0.392938,0,0.392938
8940,3309,3261,-0.375333,-0,-0.375333
8941,3261,3308,-0.0176055,-0,-0.0176055
8942,3309,3310,-0.490832,-0,-0.490832
8943,3310,3261,0.115499,0,0.115499
8944,3262,3310,-0.141084,-0,-0.141084
8945,3310,3311,0.355944,0,0.355944
8946,3311,3262,-0.214861,-0,-0.214861
8947,3263,3311,0.274199,0,0.274199
8948,3311,3264,-0.489831,-0,-0.489831
8949,3264,3263,0.215632,0,0.215632
8950,3264,3312,0.248684,0,0.248684
8951,3312,3313,-0.000192674,-0,-0.000192674
8952,3313,3264,-0.248491,-0,-0.248491
8953,3313,3314,0.0451272,0,0.0451272
8954,3314,3266,-0.154666,-0,-0.154666
8955,3266,3313,0.109539,0,0.109539
8956,3314,3315,0.0407385,0,0.0407385
8957,3315,3266,-0.195404,-0,-0.195404
8958,3267,3315,-0.293774,-0,-0.293774
8959,3315,3316,0.263251,0,0.263251
8960,3316,3267,0.0305234,0,0.0305234
8961,3268,3316,0.379059,0,0.379059
8962,3316,3317,-0.584934,-0,-0.584934
8963,3317,3268,0.205876,0,0.205876
8964,3317,3318,0.603416,0,0.603416
8965,3318,3270,-0.177835,-0,-0.177835
8966,3270,3317,-0.425581,-0,-0.425581
8967,3318,3319,-0.403999,-0,-0.403999
8968,3319,3271,0.434218,0,0.434218
8969,3271,3318,-0.0302191,-0,-0.0302191
8970,3319,3320,0.411133,0,0.411133
8971,3320,3272,-0.481956,-0,-0.481956
8972,3272,3319,0.0708229,0,0.0708229
8973,3320,3321,-0.161621,-0,-0.161621
8974,3321,3273,-0.109155,-0,-0.109155
8975,3273,3320,0.270776,0,0.270776
8976,3321,3322,-0.268383,-0,-0.268383
8977,3322,3273,0.159229,0,0.159229
8978,3322,3323,0.182389,0,0.182389
8979,3323,3275,0.0630553,0,0.0630553
8980,3275,3322,-0.245444,-0,-0.245444
8981,3323,3324,0.081828,0,0.081828
8982,3324,3276,-0.00697373,-0,-0.00697373
8983,3276,3323,-0.0748543,-0,-0.0748543
8984,3324,3325,0.298594,0,0.298594
8985,3325,3277,-0.226278,-0,-0.226278
8986,3277,3324,-0.072316,-0,-0.072316
8987,3325,3326,-0.290756,-0,-0.290756
8988,3326,3278,0.0769586,0,0.0769586
8989,3278,3325,0.213797,0,0.213797
8990,3326,3327,-0.095847,-0,-0.095847
8991,3327,3279,0.102633,0,0.102633
8992,3279,3326,-0.00678601,-0,-0.00678601
8993,3327,3328,0.189421,0,0.189421
8994,3328,3280,-0.189181,-0,-0.189181
8995,3280,3327,-0.000240386,-0,-0.000240386
8996,3328,3329,0.247476,0,0.247476
8997,3329,3281,0.0121698,0,0.0121698
8998,3281,3328,-0.259646,-0,-0.259646
8999,3329,3330,-0.439312,-0,-0.439312
9000,3330,3282,-0.00782712,-0,-0.00782712
9001,3282,3329,0.447139,0,0.447139
9002,3330,3331,0.4292,0,0.4292
9003,3331,3283,-0.264498,-0,-0.264498
9004,3283,3330,-0.164702,-0,-0.164702
9005,3331,3332,-0.332805,-0,-0.332805
9006,3332,3283,0.0683074,0,0.0683074
9007,3332,3333,0.173616,0,0.173616
9008,3333,3285,-0.0427041,-0,-0.0427041
9009,3285,3332,-0.130912,-0,-0.130912
9010,3333,3334,0.0760031,0,0.0760031
9011,3334,3286,-0.173785,-0,-0.173785
9012,3286,3333,0.0977817,0,0.0977817
9013,3334,3335,0.646066,0,0.646066
9014,3335,3287,-0.659684,-0,-0.659684
9015,3287,3334,0.013618,0,0.013618
9016,3335,3336,-0.905024,-1,0.665772
9017,3336,3287,0.24534,0,0.24534
9018,3336,3337,0.903486,1,-0.66731
9019,3337,3289,-0.665949,-0,-0.665949
9020,3289,3336,-0.237537,-0,-0.237537
9021,3337,3338,-0.643917,-0,-0.643917
9022,3338,3289,-0.0220314,-0,-0.0220314
9023,3290,3338,0.183252,0,0.183252
9024,3338,3339,-0.0684282,-0,-0.0684282
9025,3339,3290,-0.114824,-0,-0.114824
9026,3291,3339,0.045785,0,0.045785
9027,3339,3340,-0.169299,-0,-0.169299
9028,3340,3291,0.123514,0,0.123514
9029,3340,3341,0.299364,0,0.299364
9030,3341,3293,-0.262837,-0,-0.262837
9031,3293,3340,-0.0365266,-0,-0.0365266
9032,3341,3342,-0.438459,-0,-0.438459
9033,3342,3293,0.175622,0,0.175622
9034,3294,3342,-0.0199127,-0,-0.0199127
9035,3342,3343,0.468945,0,0.468945
9036,3343,3294,-0.449032,-0,-0.449032
9037,3295,3343,0.00416454,0,0.00416454
9038,3343,3344,-0.252241,-0,-0.252241
9039,3344,3295,0.248077,0,0.248077
9040,3296,3344,0.18256,0,0.18256
9041,3344,3345,-0.194715,-0,-0.194715
9042,3345,3296,0.0121545,0,0.0121545
9043,3297,3345,-0.111848,-0,-0.111848
9044,3345,3346,0.111174,0,0.111174
9045,3346,3297,0.00067416,0,0.00067416
9046,3298,3346,-0.0767978,-0,-0.0767978
9047,3346,3347,0.310881,0,0.310881
9048,3347,3298,-0.234083,-0,-0.234083
9049,3299,3347,0.243794,0,0.243794
9050,3347,3348,-0.31047,-0,-0.31047
9051,3348,3299,0.0666757,0,0.0666757
9052,3300,3348,0.0119852,0,0.0119852
9053,3348,3349,-0.0801638,-0,-0.0801638
9054,3349,3300,0.0681785,0,0.0681785
9055,3301,3349,-0.0629928,-0,-0.0629928
9056,3349,3350,-0.164964,-0,-0.164964
9057,3350,3301,0.227957,0,0.227957
9058,3350,3351,0.24142,0,0.24142
9059,3351,3303,-0.107489,-0,-0.107489
9060,3303,3350,-0.133931,-0,-0.133931
9061,3351,3352,0.2129,0,0.2129
9062,3352,3303,-0.320389,-0,-0.320389
9063,3304,3352,0.500948,0,0.500948
9064,3352,3353,-0.302306,-0,-0.302306
9065,3353,3304,-0.198641,-0,-0.198641
9066,3305,3353,-0.191841,-0,-0.191841
9067,3353,3354,-0.0758841,-0,-0.0758841
9068,3354,3305,0.267725,0,0.267725
9069,3306,3354,0.0667385,0,0.0667385
9070,3354,3355,-0.26746,-0,-0.26746
9071,3355,3306,0.200722,0,0.200722
9072,3355,3356,0.584999,0,0.584999
9073,3356,3308,-0.387149,-0,-0.387149
9074,3308,3355,-0.19785,-0,-0.19785
9075,3356,3357,-0.278015,-0,-0.278015
9076,3357,3309,0.283804,0,0.283804
9077,3309,3356,-0.00578903,-0,-0.00578903
9078,3357,3358,-0.0514986,-0,-0.0514986
9079,3358,3310,-0.155529,-0,-0.155529
9080,3310,3357,0.207028,0,0.207028
9081,3358,3359,-0.0380378,-0,-0.0380378
9082,3359,3310,-0.117492,-0,-0.117492
9083,3359,3312,-0.00269423,-0,-0.00269423
9084,3264,3359,0.251378,0,0.251378
9085,3312,3360,0.0705058,0,0.0705058
9086,3360,3361,0.0177366,0,0.0177366
9087,3361,3312,-0.0882423,-0,-0.0882423
9088,3361,3362,0.248302,0,0.248302
9089,3362,3314,-0.29161,-0,-0.29161
9090,3314,3361,0.0433079,0,0.0433079
9091,3362,3363,-0.482759,-0,-0.482759
9092,3363,3314,0.19115,0,0.19115
9093,3315,3363,-0.231888,-0,-0.231888
9094,3363,3364,0.142897,0,0.142897
9095,3364,3315,0.0889908,0,0.0889908
9096,3364,3365,-0.0183347,-0,-0.0183347
9097,3365,3317,-0.214358,-0,-0.214358
9098,3317,3364,0.232693,0,0.232693
9099,3365,3366,0.00643748,0,0.00643748
9100,3366,3317,-0.220796,-0,-0.220796
9101,3366,3367,0.119554,0,0.119554
9102,3367,3319,-0.140932,-0,-0.140932
9103,3319,3366,0.0213784,0,0.0213784
9104,3367,3368,0.0627287,0,0.0627287
9105,3368,3319,-0.203661,-0,-0.203661
9106,3368,3369,0.28486,0,0.28486
9107,3369,3321,-0.239009,-0,-0.239009
9108,3321,3368,-0.0458509,-0,-0.0458509
9109,3369,3370,-0.286752,-0,-0.286752
9110,3370,3321,0.0477428,0,0.0477428
9111,3322,3370,0.220641,0,0.220641
9112,3370,3371,-0.0796603,-0,-0.0796603
9113,3371,3322,-0.14098,-0,-0.14098
9114,3323,3371,-0.0414083,-0,-0.0414083
9115,3371,3372,0.0460901,0,0.0460901
9116,3372,3323,-0.00468183,-0,-0.00468183
9117,3324,3372,-0.0771462,-0,-0.0771462
9118,3372,3373,-0.127763,-0,-0.127763
9119,3373,3324,0.204909,0,0.204909
9120,3373,3374,0.144116,0,0.144116
9121,3374,3326,0.0686317,0,0.0686317
9122,3326,3373,-0.212748,-0,-0.212748
9123,3374,3375,0.855492,1,-0.715304
9124,3375,3327,-0.882708,-1,0.688089
9125,3327,3374,0.0272154,0,0.0272154
9126,3375,3376,-0.649143,-0,-0.649143
9127,3376,3327,-0.233565,-0,-0.233565
9128,3328,3376,0.0441433,0,0.0441433
9129,3376,3377,-0.219299,-0,-0.219299
9130,3377,3328,0.175156,0,0.175156
9131,3377,3378,0.42162,0,0.42162
9132,3378,3330,-0.4383,-0,-0.4383
9133,3330,3377,0.0166804,0,0.0166804
9134,3378,3379,-0.380973,-0,-0.380973
9135,3379,3330,-0.0573267,-0,-0.0573267
9136,3331,3379,-0.371873,-0,-0.371873
9137,3379,3380,0.173545,0,0.173545
9138,3380,3331,0.198328,0,0.198328
9139,3332,3380,0.134477,0,0.134477
9140,3380,3381,0.294234,0,0.294234
9141,3381,3332,-0.428711,-0,-0.428711
9142,3333,3381,0.255094,0,0.255094
9143,3381,3382,-0.276844,-0,-0.276844
9144,3382,3333,0.0217495,0,0.0217495
9145,3334,3382,-0.0977526,-0,-0.0977526
9146,3382,3383,-0.192087,-0,-0.192087
9147,3383,3334,0.28984,0,0.28984
9148,3383,3384,0.806808,1,-0.763988
9149,3384,3336,-0.775927,-0,-0.775927
9150,3336,3383,-0.0308814,-0,-0.0308814
9151,3384,3385,-0.805778,-1,0.765019
9152,3385,3336,0.0298511,0,0.0298511
9153,3385,3386,0.203646,0,0.203646
9154,3386,3338,0.085774,0,0.085774
9155,3338,3385,-0.28942,-0,-0.28942
9156,3386,3387,0.291439,0,0.291439
9157,3387,3339,-0.274093,-0,-0.274093
9158,3339,3386,-0.0173458,-0,-0.0173458
9159,3387,3388,-0.294693,-0,-0.294693
9160,3388,3340,-0.148699,-0,-0.148699
9161,3340,3387,0.443392,0,0.443392
9162,3388,3389,-0.25105,-0,-0.25105
9163,3389,3341,0.401715,0,0.401715
9164,3341,3388,-0.150665,-0,-0.150665
9165,3389,3390,0.380327,0,0.380327
9166,3390,3342,-0.417072,-0,-0.417072
9167,3342,3389,0.0367445,0,0.0367445
9168,3390,3391,-0.3772,-0,-0.3772
9169,3391,3342,-0.0398719,-0,-0.0398719
9170,3391,3392,0.227979,0,0.227979
9171,3392,3344,-0.0511466,-0,-0.0511466
9172,3344,3391,-0.176832,-0,-0.176832
9173,3392,3393,0.650455,0,0.650455
9174,3393,3345,-0.896316,-1,0.67448
9175,3345,3392,0.245861,0,0.245861
9176,3393,3394,-0.862358,-1,0.708438
9177,3394,3345,-0.0339579,-0,-0.0339579
9178,3346,3394,-0.0772159,-0,-0.0772159
9179,3394,3395,-0.12268,-0,-0.12268
9180,3395,3346,0.199896,0,0.199896
9181,3395,3396,0.115565,0,0.115565
9182,3396,3348,0.0847425,0,0.0847425
9183,3348,3395,-0.200307,-0,-0.200307
9184,3396,3397,-0.0364944,-0,-0.0364944
9185,3397,3349,0.0410732,0,0.0410732
9186,3349,3396,-0.00457877,-0,-0.00457877
9187,3397,3398,0.126674,0,0.126674
9188,3398,3350,-0.250565,-0,-0.250565
9189,3350,3397,0.123891,0,0.123891
9190,3398,3399,0.246211,0,0.246211
9191,3399,3351,-0.255356,-0,-0.255356
9192,3351,3398,0.00914498,0,0.00914498
9193,3399,3400,-0.309412,-0,-0.309412
9194,3400,3351,0.0540567,0,0.0540567
9195,3400,3401,-0.287289,-0,-0.287289
9196,3401,3353,0.251939,0,0.251939
9197,3353,3400,0.03535,0,0.03535
9198,3401,3402,0.346343,0,0.346343
9199,3402,3354,-0.170288,-0,-0.170288
9200,3354,3401,-0.176055,-0,-0.176055
9201,3402,3403,-0.204492,-0,-0.204492
9202,3403,3355,-0.233256,-0,-0.233256
9203,3355,3402,0.437748,0,0.437748
9204,3403,3404,0.012388,0,0.012388
9205,3404,3355,-0.245644,-0,-0.245644
9206,3404,3405,-0.171129,-0,-0.171129
9207,3405,3357,0.232469,0,0.232469
9208,3357,3404,-0.06134,-0,-0.06134
9209,3405,3406,0.477379,0,0.477379
9210,3406,3358,-0.296409,-0,-0.296409
9211,3358,3405,-0.18097,-0,-0.18097
9212,3406,3407,-0.244573,-0,-0.244573
9213,3407,3358,-0.0518359,-0,-0.0518359
9214,3407,3360,-0.0220622,-0,-0.0220622
9215,3312,3407,0.0925679,0,0.0925679
9216,3360,3408,-0.0153254,-0,-0.0153254
9217,3408,3409,0.037748,0,0.037748
9218,3409,3360,-0.0224226,-0,-0.0224226
9219,3409,3410,-0.0635842,-0,-0.0635842
9220,3410,3362,0.3072,0,0.3072
9221,3362,3409,-0.243616,-0,-0.243616
9222,3410,3411,0.0190732,0,0.0190732
9223,3411,3363,-0.194632,-0,-0.194632
9224,3363,3410,0.175559,0,0.175559
9225,3411,3412,-0.0553809,-0,-0.0553809
9226,3412,3363,-0.139252,-0,-0.139252
9227,3412,3413,0.304694,0,0.304694
9228,3413,3365,-0.319383,-0,-0.319383
9229,3365,3412,0.0146889,0,0.0146889
9230,3413,3414,-0.507425,-0,-0.507425
9231,3414,3365,0.188042,0,0.188042
9232,3414,3415,0.905334,1,-0.665463
9233,3415,3367,-0.591301,-0,-0.591301
9234,3367,3414,-0.314033,-0,-0.314033
9235,3415,3416,-0.729959,-0,-0.729959
9236,3416,3367,0.138658,0,0.138658
9237,3416,3417,0.179109,0,0.179109
9238,3417,3369,0.307138,0,0.307138
9239,3369,3416,-0.486247,-0,-0.486247
9240,3417,3418,0.00790765,0,0.00790765
9241,3418,3370,0.0124782,0,0.0124782
9242,3370,3417,-0.0203858,-0,-0.0203858
9243,3418,3419,-0.159832,-0,-0.159832
9244,3419,3371,0.0926501,0,0.0926501
9245,3371,3418,0.0671821,0,0.0671821
9246,3419,3420,0.378881,0,0.378881
9247,3420,3372,-0.240141,-0,-0.240141
9248,3372,3419,-0.13874,-0,-0.13874
9249,3420,3421,-0.320236,-0,-0.320236
9250,3421,3373,-0.0476683,-0,-0.0476683
9251,3373,3420,0.367904,0,0.367904
9252,3421,3422,0.871786,1,-0.69901
9253,3422,3374,-0.775338,-0,-0.775338
9254,3374,3421,-0.096448,-0,-0.096448
9255,3422,3423,-0.676061,-0,-0.676061
9256,3423,3374,-0.0992767,-0,-0.0992767
9257,3423,3424,0.0594571,0,0.0594571
9258,3424,3376,0.0476155,0,0.0476155
9259,3376,3423,-0.107073,-0,-0.107073
9260,3424,3425,0.0317207,0,0.0317207
9261,3425,3377,-0.203404,-0,-0.203404
9262,3377,3424,0.171684,0,0.171684
9263,3425,3426,0.0734266,0,0.0734266
9264,3426,3378,0.144789,0,0.144789
9265,3378,3425,-0.218215,-0,-0.218215
9266,3426,3427,0.205319,0,0.205319
9267,3427,3379,-0.441504,-0,-0.441504
9268,3379,3426,0.236185,0,0.236185
9269,3427,3428,-0.443419,-0,-0.443419
9270,3428,3379,0.00191519,0,0.00191519
9271,3380,3428,-0.17546,-0,-0.17546
9272,3428,3429,0.166444,0,0.166444
9273,3429,3380,0.00901596,0,0.00901596
9274,3429,3430,-0.156482,-0,-0.156482
9275,3430,3382,0.182888,0,0.182888
9276,3382,3429,-0.0264061,-0,-0.0264061
9277,3430,3431,0.81398,1,-0.756816
9278,3431,3383,-0.823179,-1,0.747618
9279,3383,3430,0.00919851,0,0.00919851
9280,3431,3432,-0.774588,-0,-0.774588
9281,3432,3383,-0.0485911,-0,-0.0485911
9282,3432,3433,0.773612,0,0.773612
9283,3433,3385,-0.821172,-1,0.749624
9284,3385,3432,0.0475608,0,0.0475608
9285,3433,3434,-0.815428,-1,0.755368
9286,3434,3385,-0.00574395,-0,-0.00574395
9287,3386,3434,-0.197902,-0,-0.197902
9288,3434,3435,0.200007,0,0.200007
9289,3435,3386,-0.00210557,-0,-0.00210557
9290,3435,3436,-0.0652868,-0,-0.0652868
9291,3436,3388,0.0599274,0,0.0599274
9292,3388,3435,0.00535945,0,0.00535945
9293,3436,3437,0.00596231,0,0.00596231
9294,3437,3389,-0.197085,-0,-0.197085
9295,3389,3436,0.191123,0,0.191123
9296,3437,3438,0.00696769,0,0.00696769
9297,3438,3389,-0.204053,-0,-0.204053
9298,3390,3438,-0.176275,-0,-0.176275
9299,3438,3439,-0.0178151,-0,-0.0178151
9300,3439,3390,0.19409,0,0.19409
9301,3391,3439,0.18311,0,0.18311
9302,3439,3440,0.000794255,0,0.000794255
9303,3440,3391,-0.183904,-0,-0.183904
9304,3392,3440,-0.0440742,-0,-0.0440742
9305,3440,3441,-0.0399047,-0,-0.0399047
9306,3441,3392,0.0839788,0,0.0839788
9307,3441,3442,0.666129,0,0.666129
9308,3442,3394,-0.794054,-1,0.776743
9309,3394,3441,0.127925,0,0.127925
9310,3442,3443,-0.890994,-1,0.679803
9311,3443,3394,0.0969399,0,0.0969399
9312,3395,3443,0.0257402,0,0.0257402
9313,3443,3444,0.330933,0,0.330933
9314,3444,3395,-0.356674,-0,-0.356674
9315,3396,3444,0.241109,0,0.241109
9316,3444,3445,-0.419492,-0,-0.419492
9317,3445,3396,0.178383,0,0.178383
9318,3397,3445,-0.141889,-0,-0.141889
9319,3445,3446,0.204056,0,0.204056
9320,3446,3397,-0.0621678,-0,-0.0621678
9321,3398,3446,-0.0645065,-0,-0.0645065
9322,3446,3447,0.270516,0,0.270516
9323,3447,3398,-0.206009,-0,-0.206009
9324,3399,3447,-0.0402014,-0,-0.0402014
9325,3447,3448,-0.642268,-0,-0.642268
9326,3448,3399,0.682469,0,0.682469
9327,3448,3449,0.80448,1,-0.766316
9328,3449,3401,-0.718712,-0,-0.718712
9329,3401,3448,-0.085768,-0,-0.085768
9330,3449,3450,-0.806599,-1,0.764197
9331,3450,3401,0.0878866,0,0.0878866
9332,3450,3451,0.521472,0,0.521472
9333,3451,3403,-0.291734,-0,-0.291734
9334,3403,3450,-0.229738,-0,-0.229738
9335,3451,3452,-0.285645,-0,-0.285645
9336,3452,3403,-0.00608936,-0,-0.00608936
9337,3452,3453,0.0258973,0,0.0258973
9338,3453,3405,-0.190727,-0,-0.190727
9339,3405,3452,0.16483,0,0.16483
9340,3453,3454,-0.0152828,-0,-0.0152828
9341,3454,3405,-0.175445,-0,-0.175445
9342,3406,3454,-0.301935,-0,-0.301935
9343,3454,3455,0.0640454,0,0.0640454
9344,3455,3406,0.237889,0,0.237889
9345,3455,3408,-0.0440714,-0,-0.0440714
9346,3360,3455,0.028746,0,0.028746
9347,3408,3456,0.0255036,0,0.0255036
9348,3456,3457,-0.0875672,-0,-0.0875672
9349,3457,3408,0.0620636,0,0.0620636
9350,3457,3458,-0.131934,-0,-0.131934
9351,3458,3410,0.168162,0,0.168162
9352,3410,3457,-0.0362274,-0,-0.0362274
9353,3458,3459,0.839854,1,-0.730943
9354,3459,3411,-0.652619,-0,-0.652619
9355,3411,3458,-0.187235,-0,-0.187235
9356,3459,3460,-0.874152,-1,0.696645
9357,3460,3411,0.221533,0,0.221533
9358,3460,3461,0.484643,0,0.484643
9359,3461,3413,-0.0137968,-0,-0.0137968
9360,3413,3460,-0.470846,-0,-0.470846
9361,3461,3462,-0.000113849,-0,-0.000113849
9362,3462,3414,-0.521108,-0,-0.521108
9363,3414,3461,0.521222,0,0.521222
9364,3462,3463,-0.527609,-0,-0.527609
9365,3463,3414,0.0065016,0,0.0065016
9366,3463,3464,0.236999,0,0.236999
9367,3464,3416,-0.055123,-0,-0.055123
9368,3416,3463,-0.181876,-0,-0.181876
9369,3464,3465,0.0955665,0,0.0955665
9370,3465,3417,0.0284198,0,0.0284198
9371,3417,3464,-0.123986,-0,-0.123986
9372,3465,3466,0.29777,0,0.29777
9373,3466,3418,-0.261442,-0,-0.261442
9374,3418,3465,-0.0363274,-0,-0.0363274
9375,3466,3467,-0.234216,-0,-0.234216
9376,3467,3419,-0.187059,-0,-0.187059
9377,3419,3466,0.421275,0,0.421275
9378,3467,3468,-0.0325557,-0,-0.0325557
9379,3468,3419,-0.154503,-0,-0.154503
9380,3468,3469,0.0462745,0,0.0462745
9381,3469,3421,-0.142132,-0,-0.142132
9382,3421,3468,0.0958575,0,0.0958575
9383,3469,3470,-0.0900761,-0,-0.0900761
9384,3470,3421,-0.052056,-0,-0.052056
9385,3470,3471,0.391864,0,0.391864
9386,3471,3423,-0.248195,-0,-0.248195
9387,3423,3470,-0.143669,-0,-0.143669
9388,3471,3472,-0.230719,-0,-0.230719
9389,3472,3424,0.0419811,0,0.0419811
9390,3424,3471,0.188738,0,0.188738
9391,3472,3473,0.0845573,0,0.0845573
9392,3473,3425,-0.0108554,-0,-0.0108554
9393,3425,3472,-0.0737019,-0,-0.0737019
9394,3473,3474,0.0773523,0,0.0773523
9395,3474,3426,-0.0147812,-0,-0.0147812
9396,3426,3473,-0.0625712,-0,-0.0625712
9397,3474,3475,-0.129337,-0,-0.129337
9398,3475,3427,0.319875,0,0.319875
9399,3427,3474,-0.190538,-0,-0.190538
9400,3475,3476,0.338681,0,0.338681
9401,3476,3428,-0.462225,-0,-0.462225
9402,3428,3475,0.123544,0,0.123544
9403,3476,3477,-0.286306,-0,-0.286306
9404,3477,3428,-0.175919,-0,-0.175919
9405,3477,3478,-0.00176808,-0,-0.00176808
9406,3478,3430,-0.16419,-0,-0.16419
9407,3430,3477,0.165958,0,0.165958
9408,3478,3479,-0.0851848,-0,-0.0851848
9409,3479,3430,-0.0790049,-0,-0.0790049
9410,3479,3480,0.809799,1,-0.760997
9411,3480,3432,-0.849411,-1,0.721385
9412,3432,3479,0.0396123,0,0.0396123
9413,3480,3481,-0.812239,-1,0.758557
9414,3481,3432,-0.0371718,-0,-0.0371718
9415,3481,3482,0.0640783,0,0.0640783
9416,3482,3434,-0.143067,-0,-0.143067
9417,3434,3481,0.0789887,0,0.0789887
9418,3482,3483,0.0056513,0,0.0056513
9419,3483,3434,-0.148718,-0,-0.148718
9420,3483,3484,0.0231559,0,0.0231559
9421,3484,3436,-0.0371537,-0,-0.0371537
9422,3436,3483,0.0139978,0,0.0139978
9423,3484,3485,0.111867,0,0.111867
9424,3485,3437,-0.143058,-0,-0.143058
9425,3437,3484,0.0311914,0,0.0311914
9426,3485,3486,-0.0777425,-0,-0.0777425
9427,3486,3437,-0.0653158,-0,-0.0653158
9428,3438,3486,0.0583481,0,0.0583481
9429,3486,3487,-0.0641133,-0,-0.0641133
9430,3487,3438,0.00576521,0,0.00576521
9431,3439,3487,0.0120499,0,0.0120499
9432,3487,3488,-0.0536138,-0,-0.0536138
9433,3488,3439,0.0415639,0,0.0415639
9434,3440,3488,-0.0423582,-0,-0.0423582
9435,3488,3489,0.265156,0,0.265156
9436,3489,3440,-0.222798,-0,-0.222798
9437,3441,3489,0.262702,0,0.262702
9438,3489,3490,-0.388325,-0,-0.388325
9439,3490,3441,0.125623,0,0.125623
9440,3490,3491,0.0487045,0,0.0487045
9441,3491,3443,-0.147946,-0,-0.147946
9442,3443,3490,0.0992417,0,0.0992417
9443,3491,3492,-0.078857,-0,-0.078857
9444,3492,3443,-0.0690892,-0,-0.0690892
9445,3492,3493,-0.0412567,-0,-0.0412567
9446,3493,3445,-0.116391,-0,-0.116391
9447,3445,3492,0.157648,0,0.157648
9448,3493,3494,0.275744,0,0.275744
9449,3494,3445,-0.392135,-0,-0.392135
9450,3446,3494,0.188079,0,0.188079
9451,3494,3495,-0.444969,-0,-0.444969
9452,3495,3446,0.25689,0,0.25689
9453,3495,3496,0.330641,0,0.330641
9454,3496,3448,-0.445503,-0,-0.445503
9455,3448,3495,0.114862,0,0.114862
9456,3496,3497,-0.449731,-0,-0.449731
9457,3497,3448,0.00422834,0,0.00422834
9458,3497,3498,0.526871,0,0.526871
9459,3498,3450,-0.524762,-0,-0.524762
9460,3450,3497,-0.00210975,-0,-0.00210975
9461,3498,3499,0.0179732,0,0.0179732
9462,3499,3450,-0.542735,-0,-0.542735
9463,3451,3499,0.0212629,0,0.0212629
9464,3499,3500,-0.488563,-0,-0.488563
9465,3500,3451,0.467301,0,0.467301
9466,3500,3501,0.867334,1,-0.703462
9467,3501,3453,-0.659782,-0,-0.659782
9468,3453,3500,-0.207553,-0,-0.207553
9469,3501,3502,-0.845391,-1,0.725405
9470,3502,3453,0.185609,0,0.185609
9471,3454,3502,-0.170326,-0,-0.170326
9472,3502,3503,0.134851,0,0.134851
9473,3503,3454,0.0354757,0,0.0354757
9474,3503,3456,0.0809534,0,0.0809534
9475,3408,3503,-0.0554497,-0,-0.0554497
9476,3456,3504,0.647781,0,0.647781
9477,3504,3505,-0.873798,-1,0.696998
9478,3505,3456,0.226017,0,0.226017
9479,3505,3506,0.184334,0,0.184334
9480,3506,3458,-0.177818,-0,-0.177818
9481,3458,3505,-0.00651544,-0,-0.00651544
9482,3506,3507,-0.108184,-0,-0.108184
9483,3507,3458,-0.069634,-0,-0.069634
9484,3507,3508,0.757097,0,0.757097
9485,3508,3460,-0.861029,-1,0.709767
9486,3460,3507,0.103932,0,0.103932
9487,3508,3509,-0.897389,-1,0.673407
9488,3509,3460,0.0363598,0,0.0363598
9489,3509,3510,0.497355,0,0.497355
9490,3510,3462,0.0235342,0,0.0235342
9491,3462,3509,-0.520889,-0,-0.520889
9492,3510,3511,-0.191347,-0,-0.191347
9493,3511,3463,-0.312728,-0,-0.312728
9494,3463,3510,0.504075,0,0.504075
9495,3511,3512,0.150372,0,0.150372
9496,3512,3463,-0.4631,-0,-0.4631
9497,3464,3512,0.226101,0,0.226101
9498,3512,3513,-0.377054,-0,-0.377054
9499,3513,3464,0.150952,0,0.150952
9500,3465,3513,-0.246519,-0,-0.246519
9501,3513,3514,0.228038,0,0.228038
9502,3514,3465,0.0184805,0,0.0184805
9503,3514,3515,0.0794574,0,0.0794574
9504,3515,3467,0.00257709,0,0.00257709
9505,3467,3514,-0.0820345,-0,-0.0820345
9506,3515,3516,-0.00449471,-0,-0.00449471
9507,3516,3467,0.0070718,0,0.0070718
9508,3516,3517,0.0308827,0,0.0308827
9509,3517,3469,-0.0100921,-0,-0.0100921
9510,3469,3516,-0.0207906,-0,-0.0207906
9511,3517,3518,0.200752,0,0.200752
9512,3518,3469,-0.210844,-0,-0.210844
9513,3470,3518,0.30092,0,0.30092
9514,3518,3519,-0.3871,-0,-0.3871
9515,3519,3470,0.0861795,0,0.0861795
9516,3519,3520,0.0584627,0,0.0584627
9517,3520,3472,0.188861,0,0.188861
9518,3472,3519,-0.247324,-0,-0.247324
9519,3520,3521,0.496176,0,0.496176
9520,3521,3473,-0.222757,-0,-0.222757
9521,3473,3520,-0.273419,-0,-0.273419
9522,3521,3522,-0.267146,-0,-0.267146
9523,3522,3474,0.121742,0,0.121742
9524,3474,3521,0.145405,0,0.145405
9525,3522,3523,0.833592,1,-0.737205
9526,3523,3475,-0.841187,-1,0.729609
9527,3475,3522,0.00759551,0,0.00759551
9528,3523,3524,-0.813639,-1,0.757157
9529,3524,3475,-0.0275484,-0,-0.0275484
9530,3476,3524,-0.311133,-0,-0.311133
9531,3524,3525,0.116893,0,0.116893
9532,3525,3476,0.19424,0,0.19424
9533,3525,3526,0.192274,0,0.192274
9534,3526,3478,-0.286108,-0,-0.286108
9535,3478,3525,0.0938341,0,0.0938341
9536,3526,3527,-0.443699,-0,-0.443699
9537,3527,3478,0.157591,0,0.157591
9538,3479,3527,-0.072406,-0,-0.072406
9539,3527,3528,0.206929,0,0.206929
9540,3528,3479,-0.134523,-0,-0.134523
9541,3528,3529,-0.212573,-0,-0.212573
9542,3529,3481,0.0756094,0,0.0756094
9543,3481,3528,0.136964,0,0.136964
9544,3529,3530,0.431374,0,0.431374
9545,3530,3482,-0.291687,-0,-0.291687
9546,3482,3529,-0.139688,-0,-0.139688
9547,3530,3531,-0.226853,-0,-0.226853
9548,3531,3482,-0.0648333,-0,-0.0648333
9549,3531,3532,-0.101306,-0,-0.101306
9550,3532,3484,0.0652795,0,0.0652795
9551,3484,3531,0.036026,0,0.036026
9552,3532,3533,0.882359,1,-0.688437
9553,3533,3485,-0.705213,-0,-0.705213
9554,3485,3532,-0.177146,-0,-0.177146
9555,3533,3534,-0.856873,-1,0.713923
9556,3534,3485,0.15166,0,0.15166
9557,3486,3534,-0.0739175,-0,-0.0739175
9558,3534,3535,0.25787,0,0.25787
9559,3535,3486,-0.183953,-0,-0.183953
9560,3487,3535,0.248066,0,0.248066
9561,3535,3536,-0.500449,-0,-0.500449
9562,3536,3487,0.252383,0,0.252383
9563,3488,3536,-0.198769,-0,-0.198769
9564,3536,3537,-0.00506344,-0,-0.00506344
9565,3537,3488,0.203833,0,0.203833
9566,3537,3538,0.437074,0,0.437074
9567,3538,3490,-0.356411,-0,-0.356411
9568,3490,3537,-0.0806634,-0,-0.0806634
9569,3538,3539,-0.0330131,-0,-0.0330131
9570,3539,3491,-0.274693,-0,-0.274693
9571,3491,3538,0.307706,0,0.307706
9572,3539,3540,-0.50459,-0,-0.50459
9573,3540,3491,0.229896,0,0.229896
9574,3540,3541,0.128687,0,0.128687
9575,3541,3493,-0.0189042,-0,-0.0189042
9576,3493,3540,-0.109783,-0,-0.109783
9577,3541,3542,-0.0502129,-0,-0.0502129
9578,3542,3493,0.0313087,0,0.0313087
9579,3542,3543,-0.183367,-0,-0.183367
9580,3543,3495,0.0454505,0,0.0454505
9581,3495,3542,0.137916,0,0.137916
9582,3543,3544,0.445053,0,0.445053
9583,3544,3496,-0.0689611,-0,-0.0689611
9584,3496,3543,-0.376092,-0,-0.376092
9585,3544,3545,-0.20773,-0,-0.20773
9586,3545,3497,-0.310962,-0,-0.310962
9587,3497,3544,0.518692,0,0.518692
9588,3545,3546,0.212442,0,0.212442
9589,3546,3497,-0.523404,-0,-0.523404
9590,3498,3546,-0.0034674,-0,-0.0034674
9591,3546,3547,-0.500698,-0,-0.500698
9592,3547,3498,0.504166,0,0.504166
9593,3547,3548,0.897918,1,-0.672879
9594,3548,3500,-0.864342,-1,0.706454
9595,3500,3547,-0.0335753,-0,-0.0335753
9596,3548,3549,-0.761352,-0,-0.761352
9597,3549,3500,-0.10299,-0,-0.10299
9598,3549,3550,0.091927,0,0.091927
9599,3550,3502,-0.172974,-0,-0.172974
9600,3502,3549,0.0810466,0,0.0810466
9601,3550,3551,-0.179775,-0,-0.179775
9602,3551,3502,0.00680134,0,0.00680134
9603,3551,3504,0.870386,1,-0.70041
9604,3456,3551,-0.222605,-0,-0.222605
9605,3552,3553,-0.104169,-0,-0.104169
9606,3553,3505,-0.0251439,-0,-0.0251439
9607,3505,3552,0.129313,0,0.129313
9608,3553,3554,0.890801,1,-0.679995
9609,3554,3506,-0.731611,-0,-0.731611
9610,3506,3553,-0.15919,-0,-0.15919
9611,3554,3555,-0.849043,-1,0.721753
9612,3555,3506,0.117432,0,0.117432
9613,3507,3555,-0.00924796,-0,-0.00924796
9614,3555,3556,0.144739,0,0.144739
9615,3556,3507,-0.135491,-0,-0.135491
9616,3556,3557,-0.00782108,-0,-0.00782108
9617,3557,3509,-0.267961,-0,-0.267961
9618,3509,3556,0.275782,0,0.275782
9619,3557,3558,-0.139022,-0,-0.139022
9620,3558,3509,-0.128939,-0,-0.128939
9621,3558,3559,0.434591,0,0.434591
9622,3559,3511,-0.257523,-0,-0.257523
9623,3511,3558,-0.177068,-0,-0.177068
9624,3559,3560,-0.426086,-0,-0.426086
9625,3560,3511,0.168562,0,0.168562
9626,3560,3561,0.37991,0,0.37991
9627,3561,3513,-0.438029,-0,-0.438029
9628,3513,3560,0.0581192,0,0.0581192
9629,3561,3562,-0.401097,-0,-0.401097
9630,3562,3513,-0.0369324,-0,-0.0369324
9631,3562,3563,0.509383,0,0.509383
9632,3563,3515,-0.23882,-0,-0.23882
9633,3515,3562,-0.270563,-0,-0.270563
9634,3563,3564,-0.202726,-0,-0.202726
9635,3564,3515,-0.0360938,-0,-0.0360938
9636,3564,3565,-0.0242781,-0,-0.0242781
9637,3565,3517,0.0145723,0,0.0145723
9638,3517,3564,0.00970578,0,0.00970578
9639,3565,3566,-0.218686,-0,-0.218686
9640,3566,3517,0.233259,0,0.233259
9641,3566,3567,0.440754,0,0.440754
9642,3567,3519,-0.393843,-0,-0.393843
9643,3519,3566,-0.0469109,-0,-0.0469109
9644,3567,3568,-0.120825,-0,-0.120825
9645,3568,3520,-0.214555,-0,-0.214555
9646,3520,3567,0.33538,0,0.33538
9647,3568,3569,-0.131367,-0,-0.131367
9648,3569,3520,-0.0831874,-0,-0.0831874
9649,3569,3570,0.438045,0,0.438045
9650,3570,3522,-0.292203,-0,-0.292203
9651,3522,3569,-0.145842,-0,-0.145842
9652,3570,3571,-0.115843,-0,-0.115843
9653,3571,3522,-0.17636,-0,-0.17636
9654,3571,3572,-0.0362866,-0,-0.0362866
9655,3572,3524,-0.12012,-0,-0.12012
9656,3524,3571,0.156407,0,0.156407
9657,3572,3573,-0.0617128,-0,-0.0617128
9658,3573,3524,-0.0584077,-0,-0.0584077
9659,3573,3574,-0.164775,-0,-0.164775
9660,3574,3526,0.415535,0,0.415535
9661,3526,3573,-0.250759,-0,-0.250759
9662,3574,3575,0.408675,0,0.408675
9663,3575,3527,-0.436839,-0,-0.436839
9664,3527,3574,0.0281644,0,0.0281644
9665,3575,3576,-0.219336,-0,-0.219336
9666,3576,3527,-0.217504,-0,-0.217504
9667,3576,3577,0.217504,0,0.217504
9668,3577,3529,-0.440651,-0,-0.440651
9669,3529,3576,0.223148,0,0.223148
9670,3577,3578,-0.39542,-0,-0.39542
9671,3578,3529,-0.0452317,-0,-0.0452317
9672,3530,3578,-0.386143,-0,-0.386143
9673,3578,3579,0.159058,0,0.159058
9674,3579,3530,0.227085,0,0.227085
9675,3579,3580,-0.0257165,-0,-0.0257165
9676,3580,3532,-0.0753578,-0,-0.0753578
9677,3532,3579,0.101074,0,0.101074
9678,3580,3581,0.105762,0,0.105762
9679,3581,3532,-0.18112,-0,-0.18112
9680,3581,3582,0.100296,0,0.100296
9681,3582,3534,-0.255929,-0,-0.255929
9682,3534,3581,0.155633,0,0.155633
9683,3582,3583,-0.411094,-0,-0.411094
9684,3583,3534,0.155165,0,0.155165
9685,3583,3584,0.109699,0,0.109699
9686,3584,3536,-0.197113,-0,-0.197113
9687,3536,3583,0.087414,0,0.087414
9688,3584,3585,0.175163,0,0.175163
9689,3585,3536,-0.372276,-0,-0.372276
9690,3537,3585,0.37734,0,0.37734
9691,3585,3586,-0.416686,-0,-0.416686
9692,3586,3537,0.0393461,0,0.0393461
9693,3586,3587,0.100147,0,0.100147
9694,3587,3539,0.34326,0,0.34326
9695,3539,3586,-0.443407,-0,-0.443407
9696,3587,3588,0.0849559,0,0.0849559
9697,3588,3540,-0.246285,-0,-0.246285
9698,3540,3587,0.161329,0,0.161329
9699,3588,3589,0.232898,0,0.232898
9700,3589,3541,-0.350497,-0,-0.350497
9701,3541,3588,0.117598,0,0.117598
9702,3589,3590,-0.542421,-0,-0.542421
9703,3590,3541,0.191924,0,0.191924
9704,3590,3591,0.392021,0,0.392021
9705,3591,3543,-0.433676,-0,-0.433676
9706,3543,3590,0.0416553,0,0.0416553
9707,3591,3592,-0.349084,-0,-0.349084
9708,3592,3543,-0.0845923,-0,-0.0845923
9709,3592,3593,0.41276,0,0.41276
9710,3593,3545,-0.26003,-0,-0.26003
9711,3545,3592,-0.152731,-0,-0.152731
9712,3593,3594,-0.411171,-0,-0.411171
9713,3594,3545,0.151142,0,0.151142
9714,3594,3595,0.12856,0,0.12856
9715,3595,3547,-0.265675,-0,-0.265675
9716,3547,3594,0.137115,0,0.137115
9717,3595,3596,0.0186901,0,0.0186901
9718,3596,3547,-0.284365,-0,-0.284365
9719,3596,3597,-0.166282,-0,-0.166282
9720,3597,3549,0.0184828,0,0.0184828
9721,3549,3596,0.1478,0,0.1478
9722,3597,3598,0.849476,1,-0.72132
9723,3598,3550,-0.739067,-0,-0.739067
9724,3550,3597,-0.11041,-0,-0.11041
9725,3598,3599,-0.897772,-1,0.673024
9726,3599,3550,0.158706,0,0.158706
9727,3551,3599,0.0210694,0,0.0210694
9728,3599,3552,0.104832,0,0.104832
9729,3552,3551,-0.125901,-0,-0.125901
9730,3600,3601,0.560547,0,0.560547
9731,3601,3553,-0.389579,-0,-0.389579
9732,3553,3600,-0.170968,-0,-0.170968
9733,3601,3602,-0.16394,-0,-0.16394
9734,3602,3553,-0.225639,-0,-0.225639
9735,3602,3603,-0.0605808,-0,-0.0605808
9736,3603,3555,-0.123301,-0,-0.123301
9737,3555,3602,0.183882,0,0.183882
9738,3603,3604,0.00725248,0,0.00725248
9739,3604,3555,-0.130553,-0,-0.130553
9740,3604,3605,0.0923547,0,0.0923547
9741,3605,3557,-0.0859904,-0,-0.0859904
9742,3557,3604,-0.00636421,-0,-0.00636421
9743,3605,3606,0.189959,0,0.189959
9744,3606,3557,-0.275949,-0,-0.275949
9745,3558,3606,0.414971,0,0.414971
9746,3606,3607,-0.219782,-0,-0.219782
9747,3607,3558,-0.195189,-0,-0.195189
9748,3559,3607,-0.239403,-0,-0.239403
9749,3607,3608,-0.00327825,-0,-0.00327825
9750,3608,3559,0.242681,0,0.242681
9751,3560,3608,0.183405,0,0.183405
9752,3608,3609,0.00381673,0,0.00381673
9753,3609,3560,-0.187221,-0,-0.187221
9754,3561,3609,-0.192688,-0,-0.192688
9755,3609,3610,-0.00163691,-0,-0.00163691
9756,3610,3561,0.194325,0,0.194325
9757,3562,3610,0.206771,0,0.206771
9758,3610,3611,-0.13943,-0,-0.13943
9759,3611,3562,-0.067341,-0,-0.067341
9760,3563,3611,-0.442042,-0,-0.442042
9761,3611,3612,0.225661,0,0.225661
9762,3612,3563,0.216381,0,0.216381
9763,3612,3613,0.25844,0,0.25844
9764,3613,3565,-0.269063,-0,-0.269063
9765,3565,3612,0.0106231,0,0.0106231
9766,3613,3614,-0.447332,-0,-0.447332
9767,3614,3565,0.178269,0,0.178269
9768,3566,3614,0.0404169,0,0.0404169
9769,3614,3615,0.153572,0,0.153572
9770,3615,3566,-0.193989,-0,-0.193989
9771,3615,3616,0.14278,0,0.14278
9772,3616,3568,-0.0168407,-0,-0.0168407
9773,3568,3615,-0.125939,-0,-0.125939
9774,3616,3617,0.246913,0,0.246913
9775,3617,3568,-0.263754,-0,-0.263754
9776,3569,3617,0.395121,0,0.395121
9777,3617,3618,-0.235039,-0,-0.235039
9778,3618,3569,-0.160082,-0,-0.160082
9779,3570,3618,-0.277964,-0,-0.277964
9780,3618,3619,-0.198225,-0,-0.198225
9781,3619,3570,0.476188,0,0.476188
9782,3619,3620,0.934275,1,-0.636521
9783,3620,3572,-0.610216,-0,-0.610216
9784,3572,3619,-0.324059,-0,-0.324059
9785,3620,3621,-0.794493,-1,0.776303
9786,3621,3572,0.184277,0,0.184277
9787,3621,3622,0.402905,0,0.402905
9788,3622,3574,-0.445116,-0,-0.445116
9789,3574,3621,0.042211,0,0.042211
9790,3622,3623,-0.339991,-0,-0.339991
9791,3623,3574,-0.105125,-0,-0.105125
9792,3575,3623,-0.30355,-0,-0.30355
9793,3623,3624,0.0934663,0,0.0934663
9794,3624,3575,0.210084,0,0.210084
9795,3624,3625,-0.103213,-0,-0.103213
9796,3625,3577,0.311464,0,0.311464
9797,3577,3624,-0.208252,-0,-0.208252
9798,3625,3626,0.332212,0,0.332212
9799,3626,3578,-0.416167,-0,-0.416167
9800,3578,3625,0.0839553,0,0.0839553
9801,3626,3627,-0.233279,-0,-0.233279
9802,3627,3578,-0.182888,-0,-0.182888
9803,3627,3628,0.184638,0,0.184638
9804,3628,3580,-0.234185,-0,-0.234185
9805,3580,3627,0.0495465,0,0.0495465
9806,3628,3629,-0.539265,-0,-0.539265
9807,3629,3580,0.30508,0,0.30508
9808,3629,3630,0.240977,0,0.240977
9809,3630,3582,0.270161,0,0.270161
9810,3582,3629,-0.511138,-0,-0.511138
9811,3630,3631,0.251635,0,0.251635
9812,3631,3583,-0.392568,-0,-0.392568
9813,3583,3630,0.140933,0,0.140933
9814,3631,3632,-0.277449,-0,-0.277449
9815,3632,3584,-0.00541974,-0,-0.00541974
9816,3584,3631,0.282869,0,0.282869
9817,3632,3633,-0.0967537,-0,-0.0967537
9818,3633,3584,0.0913339,0,0.0913339
9819,3633,3634,-0.245477,-0,-0.245477
9820,3634,3586,0.0952882,0,0.0952882
9821,3586,3633,0.150189,0,0.150189
9822,3634,3635,0.222844,0,0.222844
9823,3635,3587,-0.0274091,-0,-0.0274091
9824,3587,3634,-0.195435,-0,-0.195435
9825,3635,3636,0.330992,0,0.330992
9826,3636,3588,-0.273445,-0,-0.273445
9827,3588,3635,-0.0575468,-0,-0.0575468
9828,3636,3637,-0.486177,-0,-0.486177
9829,3637,3589,0.445631,0,0.445631
9830,3589,3636,0.0405467,0,0.0405467
9831,3637,3638,0.114921,0,0.114921
9832,3638,3590,-0.211711,-0,-0.211711
9833,3590,3637,0.0967899,0,0.0967899
9834,3638,3639,0.00379253,0,0.00379253
9835,3639,3591,0.176517,0,0.176517
9836,3591,3638,-0.18031,-0,-0.18031
9837,3639,3640,0.00515286,0,0.00515286
9838,3640,3592,-0.17772,-0,-0.17772
9839,3592,3639,0.172567,0,0.172567
9840,3640,3641,0.0189939,0,0.0189939
9841,3641,3593,0.216047,0,0.216047
9842,3593,3640,-0.235041,-0,-0.235041
9843,3641,3642,0.240948,0,0.240948
9844,3642,3594,-0.436072,-0,-0.436072
9845,3594,3641,0.195124,0,0.195124
9846,3642,3643,-0.175319,-0,-0.175319
9847,3643,3595,-0.132193,-0,-0.132193
9848,3595,3642,0.307512,0,0.307512
9849,3643,3644,-0.144612,-0,-0.144612
9850,3644,3595,0.0124195,0,0.0124195
9851,3644,3645,-0.0212414,-0,-0.0212414
9852,3645,3597,-0.113931,-0,-0.113931
9853,3597,3644,0.135173,0,0.135173
9854,3645,3646,0.0852038,0,0.0852038
9855,3646,3597,-0.199135,-0,-0.199135
9856,3646,3647,0.11372,0,0.11372
9857,3647,3599,-0.361151,-0,-0.361151
9858,3599,3646,0.247431,0,0.247431
9859,3647,3600,-0.531456,-0,-0.531456
9860,3600,3599,0.170305,0,0.170305
9861,3600,3648,0.498323,0,0.498323
9862,3648,3649,0.100592,0,0.100592
9863,3649,3600,-0.598915,-0,-0.598915
9864,3601,3649,0.0383679,0,0.0383679
9865,3649,3650,-0.536055,-0,-0.536055
9866,3650,3601,0.497687,0,0.497687
9867,3650,3651,0.500746,0,0.500746
9868,3651,3603,-0.22758,-0,-0.22758
9869,3603,3650,-0.273167,-0,-0.273167
9870,3651,3652,-0.151788,-0,-0.151788
9871,3652,3603,-0.0757919,-0,-0.0757919
9872,3652,3653,0.243006,0,0.243006
9873,3653,3605,-0.219191,-0,-0.219191
9874,3605,3652,-0.0238152,-0,-0.0238152
9875,3653,3654,-0.469834,-0,-0.469834
9876,3654,3605,0.250643,0,0.250643
9877,3654,3655,0.184062,0,0.184062
9878,3655,3607,0.0367581,0,0.0367581
9879,3607,3654,-0.22082,-0,-0.22082
9880,3655,3656,0.00315353,0,0.00315353
9881,3656,3608,0.0303263,0,0.0303263
9882,3608,3655,-0.0334798,-0,-0.0334798
9883,3656,3657,0.070259,0,0.070259
9884,3657,3609,-0.0361159,-0,-0.0361159
9885,3609,3656,-0.034143,-0,-0.034143
9886,3657,3658,0.0760514,0,0.0760514
9887,3658,3610,-0.113804,-0,-0.113804
9888,3610,3657,0.0377529,0,0.0377529
9889,3658,3659,0.234187,0,0.234187
9890,3659,3611,-0.487422,-0,-0.487422
9891,3611,3658,0.253235,0,0.253235
9892,3659,3660,-0.435607,-0,-0.435607
9893,3660,3611,-0.0518149,-0,-0.0518149
9894,3660,3661,0.228729,0,0.228729
9895,3661,3613,0.203557,0,0.203557
9896,3613,3660,-0.432286,-0,-0.432286
9897,3661,3662,0.250089,0,0.250089
9898,3662,3614,-0.493864,-0,-0.493864
9899,3614,3661,0.243775,0,0.243775
9900,3662,3663,-0.437842,-0,-0.437842
9901,3663,3614,-0.056022,-0,-0.056022
9902,3663,3664,0.476359,0,0.476359
9903,3664,3616,-0.236029,-0,-0.236029
9904,3616,3663,-0.24033,-0,-0.24033
9905,3664,3665,-0.389504,-0,-0.389504
9906,3665,3616,0.153476,0,0.153476
9907,3665,3666,0.172379,0,0.172379
9908,3666,3618,-0.00703023,-0,-0.00703023
9909,3618,3665,-0.165349,-0,-0.165349
9910,3666,3667,0.306605,0,0.306605
9911,3667,3619,-0.51186,-0,-0.51186
9912,3619,3666,0.205255,0,0.205255
9913,3667,3668,-0.384622,-0,-0.384622
9914,3668,3619,-0.127238,-0,-0.127238
9915,3668,3669,0.141726,0,0.141726
9916,3669,3621,-0.129182,-0,-0.129182
9917,3621,3668,-0.0125439,-0,-0.0125439
9918,3669,3670,0.147118,0,0.147118
9919,3670,3622,0.126605,0,0.126605
9920,3622,3669,-0.273723,-0,-0.273723
9921,3670,3671,0.628508,0,0.628508
9922,3671,3623,-0.841894,-1,0.728903
9923,3623,3670,0.213386,0,0.213386
9924,3671,3672,-0.965965,-1,0.604831
9925,3672,3623,0.124071,0,0.124071
9926,3672,3673,0.953611,1,-0.617185
9927,3673,3625,-0.839286,-1,0.73151
9928,3625,3672,-0.114325,-0,-0.114325
9929,3673,3674,-0.658867,-0,-0.658867
9930,3674,3625,-0.180419,-0,-0.180419
9931,3626,3674,-0.151792,-0,-0.151792
9932,3674,3675,-0.277926,-0,-0.277926
9933,3675,3626,0.429718,0,0.429718
9934,3675,3676,0.162394,0,0.162394
9935,3676,3628,0.218684,0,0.218684
9936,3628,3675,-0.381078,-0,-0.381078
9937,3676,3677,0.241204,0,0.241204
9938,3677,3629,-0.561785,-0,-0.561785
9939,3629,3676,0.320581,0,0.320581
9940,3677,3678,-0.313866,-0,-0.313866
9941,3678,3629,-0.247919,-0,-0.247919
9942,3630,3678,0.00694234,0,0.00694234
9943,3678,3679,-0.157419,-0,-0.157419
9944,3679,3630,0.150477,0,0.150477
9945,3679,3680,0.369378,0,0.369378
9946,3680,3632,-0.244715,-0,-0.244715
9947,3632,3679,-0.124663,-0,-0.124663
9948,3680,3681,-0.474694,-0,-0.474694
9949,3681,3632,0.22998,0,0.22998
9950,3681,3682,0.391214,0,0.391214
9951,3682,3634,-0.503465,-0,-0.503465
9952,3634,3681,0.112251,0,0.112251
9953,3682,3683,-0.271709,-0,-0.271709
9954,3683,3634,-0.231756,-0,-0.231756
9955,3635,3683,0.00891157,0,0.00891157
9956,3683,3684,-0.156738,-0,-0.156738
9957,3684,3635,0.147827,0,0.147827
9958,3684,3685,0.422578,0,0.422578
9959,3685,3637,-0.429937,-0,-0.429937
9960,3637,3684,0.00735904,0,0.00735904
9961,3685,3686,-0.206501,-0,-0.206501
9962,3686,3637,-0.223435,-0,-0.223435
9963,3638,3686,0.108514,0,0.108514
9964,3686,3687,-0.0731556,-0,-0.0731556
9965,3687,3638,-0.0353585,-0,-0.0353585
9966,3639,3687,0.0315659,0,0.0315659
9967,3687,3688,-0.0664945,-0,-0.0664945
9968,3688,3639,0.0349286,0,0.0349286
9969,3640,3688,-0.0400814,-0,-0.0400814
9970,3688,3689,0.0115751,0,0.0115751
9971,3689,3640,0.0285063,0,0.0285063
9972,3641,3689,-0.0475002,-0,-0.0475002
9973,3689,3690,-0.144762,-0,-0.144762
9974,3690,3641,0.192262,0,0.192262
9975,3690,3691,0.880147,1,-0.690649
9976,3691,3643,-0.622257,-0,-0.622257
9977,3643,3690,-0.25789,-0,-0.25789
9978,3691,3692,-0.833337,-1,0.73746
9979,3692,3643,0.211079,0,0.211079
9980,3692,3693,0.295094,0,0.295094
9981,3693,3645,-0.249868,-0,-0.249868
9982,3645,3692,-0.0452253,-0,-0.0452253
9983,3693,3694,-0.412278,-0,-0.412278
9984,3694,3645,0.16241,0,0.16241
9985,3694,3695,0.17096,0,0.17096
9986,3695,3647,0.190374,0,0.190374
9987,3647,3694,-0.361334,-0,-0.361334
9988,3695,3648,0.157241,0,0.157241
9989,3600,3695,0.341083,0,0.341083
9990,3648,3696,0.733314,0,0.733314
9991,3696,3697,-0.921928,-1,0.648868
9992,3697,3648,0.188615,0,0.188615
9993,3697,3698,0.331462,0,0.331462
9994,3698,3650,-0.578311,-0,-0.578311
9995,3650,3697,0.246849,0,0.246849
9996,3698,3699,-0.398399,-0,-0.398399
9997,3699,3650,-0.179913,-0,-0.179913
9998,3651,3699,-0.320833,-0,-0.320833
9999,3699,3700,-0.0615634,-0,-0.0615634
10000,3700,3651,0.382397,0,0.382397
10001,3700,3701,0.290676,0,0.290676
10002,3701,3653,0.18294,0,0.18294
10003,3653,3700,-0.473615,-0,-0.473615
10004,3701,3702,0.708362,0,0.708362
10005,3702,3654,-0.995257,-1,0.575539
10006,3654,3701,0.286895,0,0.286895
10007,3702,3703,-0.698137,-0,-0.698137
10008,3703,3654,-0.29712,-0,-0.29712
10009,3655,3703,0.113059,0,0.113059
10010,3703,3704,-0.112267,-0,-0.112267
10011,3704,3655,-0.000791521,-0,-0.000791521
10012,3656,3704,-0.00236201,-0,-0.00236201
10013,3704,3705,-0.124362,-0,-0.124362
10014,3705,3656,0.126724,0,0.126724
10015,3657,3705,-0.196983,-0,-0.196983
10016,3705,3706,0.464045,0,0.464045
10017,3706,3657,-0.267062,-0,-0.267062
10018,3658,3706,0.191011,0,0.191011
10019,3706,3707,-0.171763,-0,-0.171763
10020,3707,3658,-0.019248,-0,-0.019248
10021,3659,3707,-0.214939,-0,-0.214939
10022,3707,3708,-0.0222136,-0,-0.0222136
10023,3708,3659,0.237153,0,0.237153
10024,3660,3708,0.198454,0,0.198454
10025,3708,3709,-0.00551111,-0,-0.00551111
10026,3709,3660,-0.192943,-0,-0.192943
10027,3661,3709,-0.0357857,-0,-0.0357857
10028,3709,3710,0.0897038,0,0.0897038
10029,3710,3661,-0.0539181,-0,-0.0539181
10030,3662,3710,-0.196171,-0,-0.196171
10031,3710,3711,-0.0352577,-0,-0.0352577
10032,3711,3662,0.231428,0,0.231428
10033,3663,3711,0.206413,0,0.206413
10034,3711,3712,-0.00283556,-0,-0.00283556
10035,3712,3663,-0.203578,-0,-0.203578
10036,3664,3712,-0.272781,-0,-0.272781
10037,3712,3713,0.0414429,0,0.0414429
10038,3713,3664,0.231338,0,0.231338
10039,3665,3713,0.158166,0,0.158166
10040,3713,3714,0.00286778,0,0.00286778
10041,3714,3665,-0.161034,-0,-0.161034
10042,3666,3714,-0.0113455,-0,-0.0113455
10043,3714,3715,0.0971551,0,0.0971551
10044,3715,3666,-0.0858096,-0,-0.0858096
10045,3667,3715,-0.220796,-0,-0.220796
10046,3715,3716,0.0479877,0,0.0479877
10047,3716,3667,0.172808,0,0.172808
10048,3668,3716,0.211815,0,0.211815
10049,3716,3717,-0.0541477,-0,-0.0541477
10050,3717,3668,-0.157667,-0,-0.157667
10051,3669,3717,0.0159412,0,0.0159412
10052,3717,3718,-0.18657,-0,-0.18657
10053,3718,3669,0.170629,0,0.170629
10054,3670,3718,-0.317747,-0,-0.317747
10055,3718,3719,0.23594,0,0.23594
10056,3719,3670,0.0818078,0,0.0818078
10057,3719,3720,-0.00903445,-0,-0.00903445
10058,3720,3672,-0.246615,-0,-0.246615
10059,3672,3719,0.25565,0,0.25565
10060,3720,3721,0.0120709,0,0.0120709
10061,3721,3672,-0.258686,-0,-0.258686
10062,3721,3722,-0.285169,-0,-0.285169
10063,3722,3674,0.321227,0,0.321227
10064,3674,3721,-0.0360582,-0,-0.0360582
10065,3722,3723,0.187748,0,0.187748
10066,3723,3675,-0.144446,-0,-0.144446
10067,3675,3722,-0.0433013,-0,-0.0433013
10068,3723,3724,0.0500758,0,0.0500758
10069,3724,3676,-0.0321283,-0,-0.0321283
10070,3676,3723,-0.0179475,-0,-0.0179475
10071,3724,3725,-0.01804,-0,-0.01804
10072,3725,3677,0.227116,0,0.227116
10073,3677,3724,-0.209076,-0,-0.209076
10074,3725,3726,-0.0787577,-0,-0.0787577
10075,3726,3678,-0.00799247,-0,-0.00799247
10076,3678,3725,0.0867502,0,0.0867502
10077,3726,3727,0.000168553,0,0.000168553
10078,3727,3679,-0.16558,-0,-0.16558
10079,3679,3726,0.165412,0,0.165412
10080,3727,3728,-0.0443342,-0,-0.0443342
10081,3728,3680,0.248132,0,0.248132
10082,3680,3727,-0.203797,-0,-0.203797
10083,3728,3729,-0.0383807,-0,-0.0383807
10084,3729,3681,-0.188182,-0,-0.188182
10085,3681,3728,0.226563,0,0.226563
10086,3729,3730,0.0375921,0,0.0375921
10087,3730,3682,0.165439,0,0.165439
10088,3682,3729,-0.203032,-0,-0.203032
10089,3730,3731,-0.087458,-0,-0.087458
10090,3731,3683,-0.0188113,-0,-0.0188113
10091,3683,3730,0.106269,0,0.106269
10092,3731,3732,-0.0181589,-0,-0.0181589
10093,3732,3684,-0.157391,-0,-0.157391
10094,3684,3731,0.17555,0,0.17555
10095,3732,3733,0.0584454,0,0.0584454
10096,3733,3685,0.206742,0,0.206742
10097,3685,3732,-0.265187,-0,-0.265187
10098,3733,3734,0.200388,0,0.200388
10099,3734,3686,-0.200148,-0,-0.200148
10100,3686,3733,-0.000240144,-0,-0.000240144
10101,3734,3735,-0.48441,-0,-0.48441
10102,3735,3687,0.211107,0,0.211107
10103,3687,3734,0.273303,0,0.273303
10104,3735,3736,0.138792,0,0.138792
10105,3736,3688,0.00582054,0,0.00582054
10106,3688,3735,-0.144613,-0,-0.144613
10107,3736,3737,0.118196,0,0.118196
10108,3737,3689,-0.1008,-0,-0.1008
10109,3689,3736,-0.0173956,-0,-0.0173956
10110,3737,3738,0.667441,0,0.667441
10111,3738,3690,-0.913003,-1,0.657793
10112,3690,3737,0.245562,0,0.245562
10113,3738,3739,-0.83462,-1,0.736176
10114,3739,3690,-0.0783829,-0,-0.0783829
10115,3739,3740,0.0435424,0,0.0435424
10116,3740,3692,-0.0751144,-0,-0.0751144
10117,3692,3739,0.031572,0,0.031572
10118,3740,3741,-0.15156,-0,-0.15156
10119,3741,3693,0.37154,0,0.37154
10120,3693,3740,-0.219979,-0,-0.219979
10121,3741,3742,0.132143,0,0.132143
10122,3742,3694,-0.172882,-0,-0.172882
10123,3694,3741,0.0407385,0,0.0407385
10124,3742,3743,0.17073,0,0.17073
10125,3743,3695,-0.172652,-0,-0.172652
10126,3695,3742,0.00192168,0,0.00192168
10127,3743,3696,0.717903,0,0.717903
10128,3648,3743,0.0154109,0,0.0154109
10129,3744,3745,-0.218136,-0,-0.218136
10130,3745,3697,0.0595189,0,0.0595189
10131,3697,3744,0.158617,0,0.158617
10132,3745,3746,0.516717,0,0.516717
10133,3746,3698,-0.125736,-0,-0.125736
10134,3698,3745,-0.390981,-0,-0.390981
10135,3746,3747,-0.0512265,-0,-0.0512265
10136,3747,3699,-0.472908,-0,-0.472908
10137,3699,3746,0.524134,0,0.524134
10138,3747,3748,-0.389532,-0,-0.389532
10139,3748,3699,-0.0833757,-0,-0.0833757
10140,3700,3748,0.144939,0,0.144939
10141,3748,3749,-0.136152,-0,-0.136152
10142,3749,3700,-0.00878667,-0,-0.00878667
10143,3701,3749,-0.281889,-0,-0.281889
10144,3749,3750,0.254063,0,0.254063
10145,3750,3701,0.0278259,0,0.0278259
10146,3750,3751,-0.0964086,-0,-0.0964086
10147,3751,3703,0.13446,0,0.13446
10148,3703,3750,-0.0380514,-0,-0.0380514
10149,3751,3752,0.0574208,0,0.0574208
10150,3752,3704,-0.0352277,-0,-0.0352277
10151,3704,3751,-0.0221931,-0,-0.0221931
10152,3752,3753,0.278799,0,0.278799
10153,3753,3705,-0.438389,-0,-0.438389
10154,3705,3752,0.15959,0,0.15959
10155,3753,3754,-0.412825,-0,-0.412825
10156,3754,3705,-0.0255645,-0,-0.0255645
10157,3754,3755,0.188894,0,0.188894
10158,3755,3707,0.0778239,0,0.0778239
10159,3707,3754,-0.266718,-0,-0.266718
10160,3755,3756,0.0558028,0,0.0558028
10161,3756,3708,-0.000192442,-0,-0.000192442
10162,3708,3755,-0.0556103,-0,-0.0556103
10163,3756,3757,0.0498681,0,0.0498681
10164,3757,3709,-0.0555717,-0,-0.0555717
10165,3709,3756,0.00570355,0,0.00570355
10166,3757,3758,0.04969,0,0.04969
10167,3758,3710,-0.0155579,-0,-0.0155579
10168,3710,3757,-0.0341321,-0,-0.0341321
10169,3758,3759,-0.161037,-0,-0.161037
10170,3759,3711,0.110221,0,0.110221
10171,3711,3758,0.0508156,0,0.0508156
10172,3759,3760,0.0987387,0,0.0987387
10173,3760,3712,0.00864719,0,0.00864719
10174,3712,3759,-0.107386,-0,-0.107386
10175,3760,3761,0.0624319,0,0.0624319
10176,3761,3713,-0.0123418,-0,-0.0123418
10177,3713,3760,-0.0500901,-0,-0.0500901
10178,3761,3762,0.0328556,0,0.0328556
10179,3762,3714,-0.0423296,-0,-0.0423296
10180,3714,3761,0.00947401,0,0.00947401
10181,3762,3763,0.019735,0,0.019735
10182,3763,3715,0.0350905,0,0.0350905
10183,3715,3762,-0.0548255,-0,-0.0548255
10184,3763,3764,0.302878,0,0.302878
10185,3764,3716,-0.2198,-0,-0.2198
10186,3716,3763,-0.0830782,-0,-0.0830782
10187,3764,3765,-0.246649,-0,-0.246649
10188,3765,3717,-0.0272986,-0,-0.0272986
10189,3717,3764,0.273947,0,0.273947
10190,3765,3766,0.270036,0,0.270036
10191,3766,3718,-0.483905,-0,-0.483905
10192,3718,3765,0.213869,0,0.213869
10193,3766,3767,-0.534315,-0,-0.534315
10194,3767,3718,0.0504107,0,0.0504107
10195,3767,3768,0.953321,1,-0.617475
10196,3768,3720,-0.676005,-0,-0.676005
10197,3720,3767,-0.277316,-0,-0.277316
10198,3768,3769,-0.854324,-1,0.716473
10199,3769,3720,0.178318,0,0.178318
10200,3769,3770,0.107649,0,0.107649
10201,3770,3722,-0.202429,-0,-0.202429
10202,3722,3769,0.09478,0,0.09478
10203,3770,3771,0.236337,0,0.236337
10204,3771,3722,-0.438766,-0,-0.438766
10205,3723,3771,0.251019,0,0.251019
10206,3771,3772,-0.242568,-0,-0.242568
10207,3772,3723,-0.00845067,-0,-0.00845067
10208,3724,3772,-0.0416252,-0,-0.0416252
10209,3772,3773,-0.030061,-0,-0.030061
10210,3773,3724,0.0716861,0,0.0716861
10211,3725,3773,-0.0536461,-0,-0.0536461
10212,3773,3774,0.0235941,0,0.0235941
10213,3774,3725,0.0300521,0,0.0300521
10214,3726,3774,0.0487057,0,0.0487057
10215,3774,3775,-0.0066064,-0,-0.0066064
10216,3775,3726,-0.0420993,-0,-0.0420993
10217,3727,3775,0.0419307,0,0.0419307
10218,3775,3776,-0.0806784,-0,-0.0806784
10219,3776,3727,0.0387476,0,0.0387476
10220,3728,3776,0.00558661,0,0.00558661
10221,3776,3777,-0.0412817,-0,-0.0412817
10222,3777,3728,0.0356951,0,0.0356951
10223,3729,3777,0.00268562,0,0.00268562
10224,3777,3778,-0.0981618,-0,-0.0981618
10225,3778,3729,0.0954761,0,0.0954761
10226,3730,3778,-0.133068,-0,-0.133068
10227,3778,3779,0.33064,0,0.33064
10228,3779,3730,-0.197572,-0,-0.197572
10229,3731,3779,0.28503,0,0.28503
10230,3779,3780,-0.445673,-0,-0.445673
10231,3780,3731,0.160642,0,0.160642
10232,3732,3780,-0.142484,-0,-0.142484
10233,3780,3781,0.100584,0,0.100584
10234,3781,3732,0.0419,0,0.0419
10235,3733,3781,-0.100345,-0,-0.100345
10236,3781,3782,-0.14759,-0,-0.14759
10237,3782,3733,0.247935,0,0.247935
10238,3782,3783,0.393833,0,0.393833
10239,3783,3735,-0.429921,-0,-0.429921
10240,3735,3782,0.0360876,0,0.0360876
10241,3783,3784,-0.264979,-0,-0.264979
10242,3784,3735,-0.164942,-0,-0.164942
10243,3736,3784,0.0261496,0,0.0261496
10244,3784,3785,-0.0522968,-0,-0.0522968
10245,3785,3736,0.0261471,0,0.0261471
10246,3737,3785,-0.144343,-0,-0.144343
10247,3785,3786,0.0888788,0,0.0888788
10248,3786,3737,0.0554642,0,0.0554642
10249,3786,3787,-0.24033,-0,-0.24033
10250,3787,3739,0.128615,0,0.128615
10251,3739,3786,0.111715,0,0.111715
10252,3787,3788,0.403506,0,0.403506
10253,3788,3740,-0.231349,-0,-0.231349
10254,3740,3787,-0.172157,-0,-0.172157
10255,3788,3789,-0.198509,-0,-0.198509
10256,3789,3741,-0.1844,-0,-0.1844
10257,3741,3788,0.382909,0,0.382909
10258,3789,3790,0.226687,0,0.226687
10259,3790,3741,-0.411088,-0,-0.411088
10260,3742,3790,0.278944,0,0.278944
10261,3790,3791,-0.416764,-0,-0.416764
10262,3791,3742,0.137819,0,0.137819
10263,3743,3791,-0.308549,-0,-0.308549
10264,3791,3744,0.263141,0,0.263141
10265,3744,3743,0.0454081,0,0.0454081
10266,3792,3793,0.0979288,0,0.0979288
10267,3793,3745,-0.152374,-0,-0.152374
10268,3745,3792,0.0544451,0,0.0544451
10269,3793,3794,0.0288305,0,0.0288305
10270,3794,3745,-0.181204,-0,-0.181204
10271,3794,3795,-0.198835,-0,-0.198835
10272,3795,3747,0.483121,0,0.483121
10273,3747,3794,-0.284286,-0,-0.284286
10274,3795,3796,0.166672,0,0.166672
10275,3796,3748,-0.0730827,-0,-0.0730827
10276,3748,3795,-0.0935892,-0,-0.0935892
10277,3796,3797,0.605614,0,0.605614
10278,3797,3749,-0.814849,-1,0.755947
10279,3749,3796,0.209235,0,0.209235
10280,3797,3798,-0.953353,-1,0.617443
10281,3798,3749,0.138505,0,0.138505
10282,3798,3799,0.288163,0,0.288163
10283,3799,3751,0.00799591,0,0.00799591
10284,3751,3798,-0.296159,-0,-0.296159
10285,3799,3800,0.109327,0,0.109327
10286,3800,3752,-0.0439107,-0,-0.0439107
10287,3752,3799,-0.0654167,-0,-0.0654167
10288,3800,3801,-0.00423911,-0,-0.00423911
10289,3801,3753,0.239128,0,0.239128
10290,3753,3800,-0.234889,-0,-0.234889
10291,3801,3802,-0.0180036,-0,-0.0180036
10292,3802,3754,-0.155693,-0,-0.155693
10293,3754,3801,0.173697,0,0.173697
10294,3802,3803,0.0673431,0,0.0673431
10295,3803,3755,-0.0341423,-0,-0.0341423
10296,3755,3802,-0.0332008,-0,-0.0332008
10297,3803,3804,0.0551253,0,0.0551253
10298,3804,3756,-0.0334648,-0,-0.0334648
10299,3756,3803,-0.0216605,-0,-0.0216605
10300,3804,3805,0.0530657,0,0.0530657
10301,3805,3757,-0.0366624,-0,-0.0366624
10302,3757,3804,-0.0164033,-0,-0.0164033
10303,3805,3806,0.30053,0,0.30053
10304,3806,3758,-0.287502,-0,-0.287502
10305,3758,3805,-0.0130276,-0,-0.0130276
10306,3806,3807,-0.00951844,-0,-0.00951844
10307,3807,3759,-0.439021,-0,-0.439021
10308,3759,3806,0.448539,0,0.448539
10309,3807,3808,-0.272322,-0,-0.272322
10310,3808,3759,-0.166699,-0,-0.166699
10311,3760,3808,0.0679606,0,0.0679606
10312,3808,3809,-0.160955,-0,-0.160955
10313,3809,3760,0.0929947,0,0.0929947
10314,3761,3809,-0.155427,-0,-0.155427
10315,3809,3810,0.359134,0,0.359134
10316,3810,3761,-0.203707,-0,-0.203707
10317,3762,3810,0.170852,0,0.170852
10318,3810,3811,-0.344725,-0,-0.344725
10319,3811,3762,0.173874,0,0.173874
10320,3763,3811,-0.193609,-0,-0.193609
10321,3811,3812,-0.0181592,-0,-0.0181592
10322,3812,3763,0.211768,0,0.211768
10323,3812,3813,0.251064,0,0.251064
10324,3813,3765,0.0169329,0,0.0169329
10325,3765,3812,-0.267997,-0,-0.267997
10326,3813,3814,0.27383,0,0.27383
10327,3814,3766,0.0131393,0,0.0131393
10328,3766,3813,-0.286969,-0,-0.286969
10329,3814,3815,-0.29791,-0,-0.29791
10330,3815,3767,-0.223266,-0,-0.223266
10331,3767,3814,0.521176,0,0.521176
10332,3815,3816,0.0669748,0,0.0669748
10333,3816,3767,-0.290241,-0,-0.290241
10334,3816,3817,-0.0602575,-0,-0.0602575
10335,3817,3769,-0.130986,-0,-0.130986
10336,3769,3816,0.191243,0,0.191243
10337,3817,3818,0.225595,0,0.225595
10338,3818,3770,-0.248932,-0,-0.248932
10339,3770,3817,0.0233364,0,0.0233364
10340,3818,3819,-0.432131,-0,-0.432131
10341,3819,3770,0.1832,0,0.1832
10342,3819,3820,0.103828,0,0.103828
10343,3820,3772,0.0731412,0,0.0731412
10344,3772,3819,-0.176969,-0,-0.176969
10345,3820,3821,-0.0969088,-0,-0.0969088
10346,3821,3773,0.139989,0,0.139989
10347,3773,3820,-0.0430802,-0,-0.0430802
10348,3821,3822,0.372396,0,0.372396
10349,3822,3774,-0.208813,-0,-0.208813
10350,3774,3821,-0.163583,-0,-0.163583
10351,3822,3823,-0.27588,-0,-0.27588
10352,3823,3775,0.0604606,0,0.0604606
10353,3775,3822,0.215419,0,0.215419
10354,3823,3824,-0.115526,-0,-0.115526
10355,3824,3776,0.0953079,0,0.0953079
10356,3776,3823,0.0202178,0,0.0202178
10357,3824,3825,0.129986,0,0.129986
10358,3825,3777,-0.0759599,-0,-0.0759599
10359,3777,3824,-0.0540262,-0,-0.0540262
10360,3825,3826,0.622769,0,0.622769
10361,3826,3778,-0.796891,-1,0.773905
10362,3778,3825,0.174122,0,0.174122
10363,3826,3827,-0.817307,-1,0.753489
10364,3827,3778,0.0204159,0,0.0204159
10365,3827,3828,0.377454,0,0.377454
10366,3828,3780,-0.472071,-0,-0.472071
10367,3780,3827,0.0946164,0,0.0946164
10368,3828,3829,-0.278109,-0,-0.278109
10369,3829,3780,-0.193962,-0,-0.193962
10370,3781,3829,0.0933779,0,0.0933779
10371,3829,3830,-0.080771,-0,-0.080771
10372,3830,3781,-0.012607,-0,-0.012607
10373,3782,3830,0.160196,0,0.160196
10374,3830,3831,0.0115209,0,0.0115209
10375,3831,3782,-0.171717,-0,-0.171717
10376,3783,3831,-0.222116,-0,-0.222116
10377,3831,3832,-0.000664911,-0,-0.000664911
10378,3832,3783,0.222781,0,0.222781
10379,3784,3832,0.0421983,0,0.0421983
10380,3832,3833,-0.105903,-0,-0.105903
10381,3833,3784,0.0637046,0,0.0637046
10382,3785,3833,-0.0114078,-0,-0.0114078
10383,3833,3834,-0.288922,-0,-0.288922
10384,3834,3785,0.30033,0,0.30033
10385,3834,3835,0.91801,1,-0.652787
10386,3835,3787,-0.769131,-0,-0.769131
10387,3787,3834,-0.148879,-0,-0.148879
10388,3835,3836,-0.733148,-0,-0.733148
10389,3836,3787,-0.0359835,-0,-0.0359835
10390,3836,3837,0.150068,0,0.150068
10391,3837,3789,0.0189458,0,0.0189458
10392,3789,3836,-0.169014,-0,-0.169014
10393,3837,3838,0.000774162,0,0.000774162
10394,3838,3789,0.0181717,0,0.0181717
10395,3838,3839,0.00886428,0,0.00886428
10396,3839,3791,-0.180769,-0,-0.180769
10397,3791,3838,0.171905,0,0.171905
10398,3839,3792,-0.0813186,-0,-0.0813186
10399,3792,3791,-0.0994503,-0,-0.0994503
10400,0,1,0.936737,1,-0.634059
10401,1,3793,-0.654903,-0,-0.654903
10402,3793,0,-0.281834,-0,-0.281834
10403,1,2,-0.811678,-1,0.759118
10404,2,3793,0.156775,0,0.156775
10405,2,3,0.421608,0,0.421608
10406,3,3795,-0.434838,-0,-0.434838
10407,3795,2,0.0132297,0,0.0132297
10408,3,4,-0.262285,-0,-0.262285
10409,4,3795,-0.172553,-0,-0.172553
10410,3796,4,0.00588135,0,0.00588135
10411,4,5,-0.163925,-0,-0.163925
10412,5,3796,0.158044,0,0.158044
10413,5,6,0.374043,0,0.374043
10414,6,3798,-0.563739,-0,-0.563739
10415,3798,5,0.189696,0,0.189696
10416,6,7,-0.240661,-0,-0.240661
10417,7,3798,-0.323078,-0,-0.323078
10418,3799,7,0.0349151,0,0.0349151
10419,7,8,0.0386961,0,0.0386961
10420,8,3799,-0.0736113,-0,-0.0736113
10421,3800,8,-0.0357161,-0,-0.0357161
10422,8,9,-0.00338927,-0,-0.00338927
10423,9,3800,0.0391054,0,0.0391054
10424,3801,9,-0.0348662,-0,-0.0348662
10425,9,10,0.0199477,0,0.0199477
10426,10,3801,0.0149185,0,0.0149185
10427,3802,10,0.00308508,0,0.00308508
10428,10,11,0.0323493,0,0.0323493
10429,11,3802,-0.0354344,-0,-0.0354344
10430,3803,11,-0.0319087,-0,-0.0319087
10431,11,12,0.0892304,0,0.0892304
10432,12,3803,-0.0573217,-0,-0.0573217
10433,3804,12,0.00219642,0,0.00219642
10434,12,13,0.0147484,0,0.0147484
10435,13,3804,-0.0169448,-0,-0.0169448
10436,3805,13,-0.0361209,-0,-0.0361209
10437,13,14,-0.152283,-0,-0.152283
10438,14,3805,0.188404,0,0.188404
10439,14,15,0.0507032,0,0.0507032
10440,15,3807,0.428712,0,0.428712
10441,3807,14,-0.479416,-0,-0.479416
10442,15,16,0.433608,0,0.433608
10443,16,3808,-0.277217,-0,-0.277217
10444,3808,15,-0.156391,-0,-0.156391
10445,16,17,0.000632674,0,0.000632674
10446,17,3809,-0.438805,-0,-0.438805
10447,3809,16,0.438172,0,0.438172
10448,17,18,-0.54618,-0,-0.54618
10449,18,3809,0.107375,0,0.107375
10450,18,19,0.922056,1,-0.64874
10451,19,3811,-0.800273,-1,0.770523
10452,3811,18,-0.121783,-0,-0.121783
10453,19,20,-0.627926,-0,-0.627926
10454,20,3811,-0.172347,-0,-0.172347
10455,3812,20,0.190507,0,0.190507
10456,20,21,-0.0564781,-0,-0.0564781
10457,21,3812,-0.134029,-0,-0.134029
10458,3813,21,-0.117036,-0,-0.117036
10459,21,22,-0.0973922,-0,-0.0973922
10460,22,3813,0.214428,0,0.214428
10461,22,23,0.216302,0,0.216302
10462,23,3815,-0.0259545,-0,-0.0259545
10463,3815,22,-0.190347,-0,-0.190347
10464,23,24,-0.0184807,-0,-0.0184807
10465,24,3815,-0.00747371,-0,-0.00747371
10466,24,25,-0.143294,-0,-0.143294
10467,25,3817,0.142538,0,0.142538
10468,3817,24,0.000756427,0,0.000756427
10469,25,26,0.0748184,0,0.0748184
10470,26,3818,0.293315,0,0.293315
10471,3818,25,-0.368133,-0,-0.368133
10472,26,27,-0.04455,-0,-0.04455
10473,27,3819,-0.0942667,-0,-0.0942667
10474,3819,26,0.138817,0,0.138817
10475,27,28,0.0947337,0,0.0947337
10476,28,3820,-0.0851727,-0,-0.0851727
10477,3820,27,-0.00956099,-0,-0.00956099
10478,28,29,0.610553,0,0.610553
10479,29,3821,-0.792635,-1,0.778162
10480,3821,28,0.182081,0,0.182081
10481,29,30,-0.951666,-1,0.61913
10482,30,3821,0.159031,0,0.159031
10483,30,31,0.304271,0,0.304271
10484,31,3823,-0.0487237,-0,-0.0487237
10485,3823,30,-0.255547,-0,-0.255547
10486,31,32,0.708923,0,0.708923
10487,32,3824,-0.873172,-1,0.697624
10488,3824,31,0.164249,0,0.164249
10489,32,33,-0.704669,-0,-0.704669
10490,33,3824,-0.168504,-0,-0.168504
10491,3825,33,0.0385175,0,0.0385175
10492,33,34,-0.321673,-0,-0.321673
10493,34,3825,0.283155,0,0.283155
10494,34,35,0.23657,0,0.23657
10495,35,3827,-0.147952,-0,-0.147952
10496,3827,34,-0.0886175,-0,-0.0886175
10497,35,36,0.0550041,0,0.0550041
10498,36,3828,0.174498,0,0.174498
10499,3828,35,-0.229502,-0,-0.229502
10500,36,37,-0.116593,-0,-0.116593
10501,37,3829,0.0129817,0,0.0129817
10502,3829,36,0.103611,0,0.103611
10503,37,38,-0.0537811,-0,-0.0537811
10504,38,3830,-0.0140081,-0,-0.0140081
10505,3830,37,0.0677893,0,0.0677893
10506,38,39,-0.0411335,-0,-0.0411335
10507,39,3831,0.0386463,0,0.0386463
10508,3831,38,0.00248723,0,0.00248723
10509,39,40,0.00316673,0,0.00316673
10510,40,3832,0.0348146,0,0.0348146
10511,3832,39,-0.0379813,-0,-0.0379813
10512,40,41,-0.0311237,-0,-0.0311237
10513,41,3833,-0.0399646,-0,-0.0399646
10514,3833,40,0.0710883,0,0.0710883
10515,41,42,0.241335,0,0.241335
10516,42,3834,-0.570221,-0,-0.570221
10517,3834,41,0.328886,0,0.328886
10518,42,43,-0.36948,-0,-0.36948
10519,43,3834,-0.200741,-0,-0.200741
10520,43,44,0.142394,0,0.142394
10521,44,3836,-0.158272,-0,-0.158272
10522,3836,43,0.0158784,0,0.0158784
10523,44,45,0.262519,0,0.262519
10524,45,3837,-0.270723,-0,-0.270723
10525,3837,44,0.00820433,0,0.00820433
10526,45,46,-0.384561,-0,-0.384561
10527,46,3837,0.113838,0,0.113838
10528,46,47,0.798491,1,-0.772305
10529,47,3839,-0.675015,-0,-0.675015
10530,3839,46,-0.123476,-0,-0.123476
10531,0,3839,0.265224,0,0.265224
10532,49,1,0.733185,0,0.733185
10533,64,16,0.392371,0,0.392371
10534,67,19,0.795413,1,-0.775383
10535,72,24,-0.0684033,-0,-0.0684033
10536,77,29,0.790814,1,-0.779982
10537,80,32,0.857397,1,-0.713399
10538,95,48,-0.0997186,-0,-0.0997186
10539,97,49,0.218947,0,0.218947
10540,99,51,0.301128,0,0.301128
10541,101,53,0.42643,0,0.42643
10542,103,55,0.372932,0,0.372932
10543,108,60,0.536047,0,0.536047
10544,120,72,0.0653962,0,0.0653962
10545,130,82,0.770607,0,0.770607
10546,132,84,0.491746,0,0.491746
10547,137,89,0.358318,0,0.358318
10548,139,91,0.46309,0,0.46309
10549,143,95,0.211684,0,0.211684
10550,147,99,0.234621,0,0.234621
10551,153,105,0.252614,0,0.252614
10552,167,119,0.810623,1,-0.760173
10553,189,141,0.486357,0,0.486357
10554,144,192,-0.980066,-1,0.59073
10555,199,151,0.314579,0,0.314579
10556,201,153,0.129993,0,0.129993
10557,206,158,0.406862,0,0.406862
10558,209,161,0.445938,0,0.445938
10559,213,165,0.467421,0,0.467421
10560,215,167,0.291682,0,0.291682
10561,217,169,0.419712,0,0.419712
10562,219,171,0.525674,0,0.525674
10563,226,178,0.423943,0,0.423943
10564,231,183,0.390785,0,0.390785
10565,233,185,0.303248,0,0.303248
10566,241,193,0.201178,0,0.201178
10567,243,195,0.3905,0,0.3905
10568,245,197,0.244287,0,0.244287
10569,247,199,0.241045,0,0.241045
10570,249,201,0.122132,0,0.122132
10571,252,204,0.335154,0,0.335154
10572,256,208,0.469085,0,0.469085
10573,264,216,0.893433,1,-0.677363
10574,272,224,0.461099,0,0.461099
10575,276,228,0.353528,0,0.353528
10576,279,231,0.151031,0,0.151031
10577,281,233,0.260001,0,0.260001
10578,283,235,0.235885,0,0.235885
10579,285,237,0.26419,0,0.26419
10580,287,239,0.240661,0,0.240661
10581,289,241,0.0435986,0,0.0435986
10582,293,245,-0.00281509,-0,-0.00281509
10583,303,255,0.332099,0,0.332099
10584,321,273,0.333719,0,0.333719
10585,331,283,0.0200448,0,0.0200448
10586,333,285,0.288651,0,0.288651
10587,335,287,-0.0361154,-0,-0.0361154
10588,337,289,0.175942,0,0.175942
10589,341,293,0.21768,0,0.21768
10590,344,296,0.462704,0,0.462704
10591,347,299,0.236718,0,0.236718
10592,351,303,0.132346,0,0.132346
10593,355,307,0.488182,0,0.488182
10594,359,311,0.282168,0,0.282168
10595,361,313,0.296213,0,0.296213
10596,363,315,0.375652,0,0.375652
10597,365,317,0.419962,0,0.419962
10598,369,321,0.159248,0,0.159248
10599,373,325,0.230912,0,0.230912
10600,376,328,0.464222,0,0.464222
10601,379,331,0.268311,0,0.268311
10602,383,335,-0.00590638,-0,-0.00590638
10603,387,339,0.752165,0,0.752165
10604,395,347,0.0567197,0,0.0567197
10605,408,360,1.0081,1,-0.562697
10606,421,373,0.0637967,0,0.0637967
10607,429,381,0.730827,0,0.730827
10608,431,383,0.188001,0,0.188001
10609,384,432,-0.329162,-0,-0.329162
10610,438,390,0.531418,0,0.531418
10611,443,395,0.158055,0,0.158055
10612,445,397,0.417825,0,0.417825
10613,447,399,0.281542,0,0.281542
10614,449,401,0.409344,0,0.409344
10615,451,403,0.309493,0,0.309493
10616,453,405,0.285775,0,0.285775
10617,455,407,0.359967,0,0.359967
10618,457,409,0.353131,0,0.353131
10619,459,411,0.298278,0,0.298278
10620,461,413,0.306112,0,0.306112
10621,463,415,0.414953,0,0.414953
10622,465,417,0.279372,0,0.279372
10623,467,419,0.42888,0,0.42888
10624,469,421,0.175462,0,0.175462
10625,473,425,0.385988,0,0.385988
10626,432,480,-0.133267,-0,-0.133267
10627,484,436,0.736731,0,0.736731
10628,487,439,0.295187,0,0.295187
10629,490,442,0.369893,0,0.369893
10630,495,447,0.147383,0,0.147383
10631,499,451,0.0933091,0,0.0933091
10632,501,453,-0.0407846,-0,-0.0407846
10633,503,455,0.204788,0,0.204788
10634,505,457,0.20121,0,0.20121
10635,507,459,-0.0326422,-0,-0.0326422
10636,509,461,0.111693,0,0.111693
10637,513,465,0.164006,0,0.164006
10638,518,470,0.374307,0,0.374307
10639,521,473,0.0823217,0,0.0823217
10640,524,476,0.715234,0,0.715234
10641,480,528,-0.0389171,-0,-0.0389171
10642,530,482,0.291248,0,0.291248
10643,532,484,0.174276,0,0.174276
10644,535,487,0.149481,0,0.149481
10645,539,491,0.43663,0,0.43663
10646,546,498,0.751078,0,0.751078
10647,549,501,-0.00483437,-0,-0.00483437
10648,552,504,0.607948,0,0.607948
10649,555,507,-0.00233459,-0,-0.00233459
10650,558,510,0.736947,0,0.736947
10651,565,517,0.442657,0,0.442657
10652,569,521,0.133872,0,0.133872
10653,572,524,0.174687,0,0.174687
10654,574,526,0.285047,0,0.285047
10655,528,576,-0.0749458,-0,-0.0749458
10656,578,530,0.131095,0,0.131095
10657,580,532,0.248723,0,0.248723
10658,582,534,0.24818,0,0.24818
10659,585,537,0.338821,0,0.338821
10660,594,546,0.126817,0,0.126817
10661,597,549,0.133256,0,0.133256
10662,600,552,0.0200151,0,0.0200151
10663,603,555,0.128018,0,0.128018
10664,606,558,0.139069,0,0.139069
10665,615,567,0.324162,0,0.324162
10666,618,570,0.245755,0,0.245755
10667,620,572,0.266421,0,0.266421
10668,622,574,0.130974,0,0.130974
10669,625,577,0.798838,1,-0.771958
10670,630,582,-0.0278042,-0,-0.0278042
10671,633,585,0.248962,0,0.248962
10672,635,587,0.316559,0,0.316559
10673,638,590,0.527783,0,0.527783
10674,642,594,0.0920737,0,0.0920737
10675,646,598,0.234794,0,0.234794
10676,648,600,0.283143,0,0.283143
10677,650,602,0.217393,0,0.217393
10678,654,606,0.115183,0,0.115183
10679,658,610,0.528914,0,0.528914
10680,661,613,0.313533,0,0.313533
10681,663,615,0.263604,0,0.263604
10682,666,618,-0.0268448,-0,-0.0268448
10683,671,623,0.796479,1,-0.774317
10684,624,672,-0.695553,-0,-0.695553
10685,675,627,0.388673,0,0.388673
10686,678,630,0.0579316,0,0.0579316
10687,683,635,0.133895,0,0.133895
10688,685,637,0.318218,0,0.318218
10689,689,641,0.388184,0,0.388184
10690,694,646,0.0725196,0,0.0725196
10691,698,650,0.0499987,0,0.0499987
10692,703,655,0.385076,0,0.385076
10693,707,659,0.313286,0,0.313286
10694,709,661,0.148792,0,0.148792
10695,714,666,0.0583495,0,0.0583495
10696,717,669,0.393385,0,0.393385
10697,672,720,-0.261443,-0,-0.261443
10698,722,674,0.76877,0,0.76877
10699,726,678,0.201272,0,0.201272
10700,729,681,0.403749,0,0.403749
10701,733,685,0.107238,0,0.107238
10702,738,690,0.274141,0,0.274141
10703,740,692,0.437369,0,0.437369
10704,742,694,0.057724,0,0.057724
10705,746,698,0.112308,0,0.112308
10706,750,702,0.245963,0,0.245963
10707,755,707,0.126874,0,0.126874
10708,759,711,0.429344,0,0.429344
10709,762,714,0.211229,0,0.211229
10710,766,718,0.766215,0,0.766215
10711,769,721,0.673909,0,0.673909
10712,784,736,0.511745,0,0.511745
10713,786,738,0.0423226,0,0.0423226
10714,790,742,0.033889,0,0.033889
10715,792,744,0.69297,0,0.69297
10716,794,746,0.0713475,0,0.0713475
10717,798,750,0.0380747,0,0.0380747
10718,800,752,0.511349,0,0.511349
10719,815,767,0.671189,0,0.671189
10720,817,769,0.229141,0,0.229141
10721,819,771,0.621458,0,0.621458
10722,822,774,0.457338,0,0.457338
10723,828,780,0.303482,0,0.303482
10724,834,786,0.285464,0,0.285464
10725,836,788,0.229248,0,0.229248
10726,838,790,0.13694,0,0.13694
10727,840,792,0.273946,0,0.273946
10728,842,794,0.0948212,0,0.0948212
10729,844,796,0.264211,0,0.264211
10730,846,798,0.317272,0,0.317272
10731,852,804,0.354436,0,0.354436
10732,858,810,0.56204,0,0.56204
10733,861,813,0.605892,0,0.605892
10734,863,815,0.230143,0,0.230143
10735,816,864,-0.662339,-0,-0.662339
10736,867,819,0.26463,0,0.26463
10737,869,821,0.339828,0,0.339828
10738,876,828,-0.0226869,-0,-0.0226869
10739,878,830,0.310561,0,0.310561
10740,881,833,0.265671,0,0.265671
10741,884,836,0.134431,0,0.134431
10742,887,839,0.697811,0,0.697811
10743,889,841,0.686091,0,0.686091
10744,892,844,0.158558,0,0.158558
10745,895,847,0.267792,0,0.267792
10746,898,850,0.312316,0,0.312316
10747,900,852,0.0339357,0,0.0339357
10748,905,857,0.35374,0,0.35374
10749,907,859,0.281025,0,0.281025
10750,909,861,0.254409,0,0.254409
10751,864,912,-0.257509,-0,-0.257509
10752,914,866,0.269948,0,0.269948
10753,917,869,0.004337,0,0.004337
10754,919,871,0.455761,0,0.455761
10755,922,874,0.547462,0,0.547462
10756,924,876,-0.050019,-0,-0.050019
10757,926,878,0.254443,0,0.254443
10758,929,881,0.105603,0,0.105603
10759,933,885,0.863913,1,-0.706884
10760,935,887,0.0479965,0,0.0479965
10761,937,889,0.0482038,0,0.0482038
10762,939,891,0.718276,0,0.718276
10763,943,895,0.115409,0,0.115409
10764,946,898,0.27604,0,0.27604
10765,948,900,-0.0751645,-0,-0.0751645
10766,950,902,0.571172,0,0.571172
10767,953,905,0.213265,0,0.213265
10768,955,907,-0.0363192,-0,-0.0363192
10769,958,910,0.260825,0,0.260825
10770,962,914,0.214598,0,0.214598
10771,965,917,-0.0241936,-0,-0.0241936
10772,968,920,0.757747,0,0.757747
10773,972,924,-0.0106465,-0,-0.0106465
10774,980,932,0.4311,0,0.4311
10775,983,935,-0.0763966,-0,-0.0763966
10776,985,937,-0.060827,-0,-0.060827
10777,987,939,0.361258,0,0.361258
10778,996,948,-0.0310697,-0,-0.0310697
10779,1000,952,0.740008,0,0.740008
10780,1003,955,-0.00324961,-0,-0.00324961
10781,1006,958,0.212547,0,0.212547
10782,1009,961,0.482113,0,0.482113
10783,1013,965,0.0834128,0,0.0834128
10784,1020,972,0.170827,0,0.170827
10785,1024,976,0.503951,0,0.503951
10786,1027,979,0.507168,0,0.507168
10787,1031,983,0.101492,0,0.101492
10788,1033,985,0.111312,0,0.111312
10789,1037,989,0.508483,0,0.508483
10790,1040,992,0.504071,0,0.504071
10791,1044,996,0.160296,0,0.160296
10792,1051,1003,0.0999355,0,0.0999355
10793,1055,1007,0.476369,0,0.476369
10794,1058,1010,0.324008,0,0.324008
10795,1061,1013,0.14966,0,0.14966
10796,1063,1015,0.251284,0,0.251284
10797,1065,1017,0.335999,0,0.335999
10798,1067,1019,0.689125,0,0.689125
10799,1073,1025,0.388981,0,0.388981
10800,1076,1028,0.222897,0,0.222897
10801,1080,1032,0.771746,0,0.771746
10802,1084,1036,0.232056,0,0.232056
10803,1087,1039,0.39832,0,0.39832
10804,1093,1045,0.650312,0,0.650312
10805,1095,1047,0.34209,0,0.34209
10806,1097,1049,0.248809,0,0.248809
10807,1099,1051,0.169191,0,0.169191
10808,1102,1054,0.321787,0,0.321787
10809,1056,1104,-0.649376,-0,-0.649376
10810,1106,1058,0.21034,0,0.21034
10811,1111,1063,0.0102417,0,0.0102417
10812,1113,1065,0.0658417,0,0.0658417
10813,1115,1067,0.0697425,0,0.0697425
10814,1124,1076,0.136873,0,0.136873
10815,1128,1080,0.411304,0,0.411304
10816,1132,1084,0.150945,0,0.150945
10817,1141,1093,0.0329051,0,0.0329051
10818,1143,1095,0.184632,0,0.184632
10819,1145,1097,0.0100276,0,0.0100276
10820,1150,1102,0.209313,0,0.209313
10821,1104,1152,-0.0786654,-0,-0.0786654
10822,1156,1108,0.737331,0,0.737331
10823,1159,1111,0.0611063,0,0.0611063
10824,1161,1113,0.22877,0,0.22877
10825,1163,1115,0.184721,0,0.184721
10826,1166,1118,0.551443,0,0.551443
10827,1170,1122,0.366181,0,0.366181
10828,1174,1126,0.668722,0,0.668722
10829,1178,1130,0.665519,0,0.665519
10830,1182,1134,0.375652,0,0.375652
10831,1186,1138,0.55902,0,0.55902
10832,1189,1141,0.273669,0,0.273669
10833,1193,1145,0.0526039,0,0.0526039
10834,1196,1148,0.721663,0,0.721663
10835,1204,1156,0.283891,0,0.283891
10836,1207,1159,0.302983,0,0.302983
10837,1210,1162,0.789383,1,-0.781414
10838,1212,1164,0.283017,0,0.283017
10839,1215,1167,0.387475,0,0.387475
10840,1221,1173,0.481561,0,0.481561
10841,1223,1175,0.321369,0,0.321369
10842,1225,1177,0.319403,0,0.319403
10843,1227,1179,0.48528,0,0.48528
10844,1233,1185,0.388847,0,0.388847
10845,1236,1188,0.268889,0,0.268889
10846,1238,1190,0.419479,0,0.419479
10847,1241,1193,0.318051,0,0.318051
10848,1244,1196,0.287748,0,0.287748
10849,1247,1199,0.66626,0,0.66626
10850,1249,1201,0.407705,0,0.407705
10851,1254,1206,0.439168,0,0.439168
10852,1256,1208,0.408667,0,0.408667
10853,1260,1212,0.144143,0,0.144143
10854,1267,1219,0.330456,0,0.330456
10855,1272,1224,0.951832,1,-0.618964
10856,1277,1229,0.333657,0,0.333657
10857,1284,1236,0.1407,0,0.1407
10858,1288,1240,0.438616,0,0.438616
10859,1290,1242,0.448128,0,0.448128
10860,1295,1247,0.123747,0,0.123747
10861,1248,1296,-0.701769,-0,-0.701769
10862,1306,1258,0.437374,0,0.437374
10863,1308,1260,0.083522,0,0.083522
10864,1312,1264,0.535407,0,0.535407
10865,1315,1267,0.199736,0,0.199736
10866,1317,1269,0.223188,0,0.223188
10867,1319,1271,0.247522,0,0.247522
10868,1321,1273,0.25081,0,0.25081
10869,1323,1275,0.196758,0,0.196758
10870,1325,1277,0.234251,0,0.234251
10871,1328,1280,0.533628,0,0.533628
10872,1332,1284,0.0851125,0,0.0851125
10873,1334,1286,0.43269,0,0.43269
10874,1296,1344,-0.09217,-0,-0.09217
10875,1346,1298,0.274798,0,0.274798
10876,1349,1301,0.413837,0,0.413837
10877,1351,1303,0.297525,0,0.297525
10878,1356,1308,0.261745,0,0.261745
10879,1358,1310,0.266579,0,0.266579
10880,1365,1317,0.177695,0,0.177695
10881,1367,1319,0.00840539,0,0.00840539
10882,1369,1321,0.0419597,0,0.0419597
10883,1371,1323,0.0509726,0,0.0509726
10884,1378,1330,0.253662,0,0.253662
10885,1380,1332,0.275276,0,0.275276
10886,1385,1337,0.300026,0,0.300026
10887,1387,1339,0.414012,0,0.414012
10888,1390,1342,0.282895,0,0.282895
10889,1344,1392,0.0353776,0,0.0353776
10890,1394,1346,0.0531114,0,0.0531114
10891,1396,1348,0.334706,0,0.334706
10892,1399,1351,0.0930617,0,0.0930617
10893,1401,1353,0.340012,0,0.340012
10894,1403,1355,0.390459,0,0.390459
10895,1406,1358,0.244959,0,0.244959
10896,1410,1362,0.750767,0,0.750767
10897,1415,1367,0.068718,0,0.068718
10898,1417,1369,0.184267,0,0.184267
10899,1419,1371,0.00604879,0,0.00604879
10900,1422,1374,0.72053,0,0.72053
10901,1426,1378,0.253412,0,0.253412
10902,1429,1381,0.393625,0,0.393625
10903,1431,1383,0.351075,0,0.351075
10904,1433,1385,0.106911,0,0.106911
10905,1436,1388,0.308753,0,0.308753
10906,1438,1390,0.0502546,0,0.0502546
10907,1392,1440,0.00817142,0,0.00817142
10908,1442,1394,0.0355671,0,0.0355671
10909,1444,1396,0.0931433,0,0.0931433
10910,1453,1405,0.496175,0,0.496175
10911,1458,1410,0.230314,0,0.230314
10912,1461,1413,0.551119,0,0.551119
10913,1467,1419,0.245417,0,0.245417
10914,1470,1422,0.218866,0,0.218866
10915,1475,1427,0.518278,0,0.518278
10916,1484,1436,0.0840861,0,0.0840861
10917,1486,1438,0.0305287,0,0.0305287
10918,1440,1488,-0.0175672,-0,-0.0175672
10919,1490,1442,0.0235186,0,0.0235186
10920,1492,1444,0.0151182,0,0.0151182
10921,1494,1446,0.448613,0,0.448613
10922,1496,1448,0.405907,0,0.405907
10923,1498,1450,0.409906,0,0.409906
10924,1502,1454,0.192282,0,0.192282
10925,1504,1456,0.564094,0,0.564094
10926,1510,1462,0.480694,0,0.480694
10927,1512,1464,0.433573,0,0.433573
10928,1514,1466,0.433383,0,0.433383
10929,1520,1472,0.587981,0,0.587981
10930,1522,1474,0.191832,0,0.191832
10931,1525,1477,0.444668,0,0.444668
10932,1528,1480,0.391689,0,0.391689
10933,1530,1482,0.454851,0,0.454851
10934,1532,1484,0.0120514,0,0.0120514
10935,1534,1486,0.0173195,0,0.0173195
10936,1488,1536,-0.212708,-0,-0.212708
10937,1538,1490,0.090642,0,0.090642
10938,1540,1492,-0.0596698,-0,-0.0596698
10939,1550,1502,0.18586,0,0.18586
10940,1554,1506,0.460331,0,0.460331
10941,1556,1508,0.420858,0,0.420858
10942,1559,1511,0.613296,0,0.613296
10943,1561,1513,0.649518,0,0.649518
10944,1564,1516,0.439812,0,0.439812
10945,1566,1518,0.355827,0,0.355827
10946,1570,1522,0.200811,0,0.200811
10947,1580,1532,-0.0631995,-0,-0.0631995
10948,1582,1534,0.0800618,0,0.0800618
10949,1585,1537,0.808589,1,-0.762208
10950,1588,1540,0.160192,0,0.160192
10951,1594,1546,0.345336,0,0.345336
10952,1596,1548,0.415018,0,0.415018
10953,1599,1551,0.513259,0,0.513259
10954,1605,1557,0.438204,0,0.438204
10955,1607,1559,0.013908,0,0.013908
10956,1609,1561,0.0189575,0,0.0189575
10957,1611,1563,0.446401,0,0.446401
10958,1614,1566,0.226086,0,0.226086
10959,1617,1569,0.493577,0,0.493577
10960,1620,1572,0.386267,0,0.386267
10961,1622,1574,0.354115,0,0.354115
10962,1628,1580,0.162428,0,0.162428
10963,1631,1583,0.800785,1,-0.770011
10964,1634,1586,0.354938,0,0.354938
10965,1638,1590,0.40443,0,0.40443
10966,1640,1592,0.355527,0,0.355527
10967,1642,1594,0.0954877,0,0.0954877
10968,1649,1601,0.409067,0,0.409067
10969,1651,1603,0.756886,0,0.756886
10970,1655,1607,0.230865,0,0.230865
10971,1657,1609,0.244031,0,0.244031
10972,1661,1613,0.742407,0,0.742407
10973,1663,1615,0.796031,1,-0.774765
10974,1670,1622,0.0119979,0,0.0119979
10975,1672,1624,0.259202,0,0.259202
10976,1674,1626,0.431596,0,0.431596
10977,1678,1630,0.228412,0,0.228412
10978,1632,1680,-0.951186,-1,0.619611
10979,1704,1656,0.588832,0,0.588832
10980,1706,1658,0.406576,0,0.406576
10981,1718,1670,0.110249,0,0.110249
10982,1720,1672,0.140771,0,0.140771
10983,1726,1678,0.149034,0,0.149034
10984,1729,1681,0.494367,0,0.494367
10985,1733,1685,0.393054,0,0.393054
10986,1752,1704,0.112005,0,0.112005
10987,1771,1723,0.37288,0,0.37288
10988,1775,1727,0.784796,0,0.784796
10989,1778,1730,0.439938,0,0.439938
10990,1786,1738,0.32266,0,0.32266
10991,1800,1752,0.211843,0,0.211843
10992,1812,1764,0.503838,0,0.503838
10993,1814,1766,0.260309,0,0.260309
10994,1822,1774,0.449309,0,0.449309
10995,1776,1824,-0.625414,-0,-0.625414
10996,1830,1782,0.576391,0,0.576391
10997,1834,1786,0.194277,0,0.194277
10998,1862,1814,0.163747,0,0.163747
10999,1866,1818,0.588396,0,0.588396
11000,1873,1825,0.508705,0,0.508705
11001,1875,1827,0.908778,1,-0.662019
11002,1880,1832,0.445057,0,0.445057
11003,1893,1845,0.483085,0,0.483085
11004,1895,1847,0.241432,0,0.241432
11005,1897,1849,0.292356,0,0.292356
11006,1912,1864,0.449069,0,0.449069
11007,1917,1869,0.814785,1,-0.756011
11008,1919,1871,0.315387,0,0.315387
11009,1922,1874,0.611074,0,0.611074
11010,1938,1890,0.4173,0,0.4173
11011,1943,1895,0.230777,0,0.230777
11012,1945,1897,0.266963,0,0.266963
11013,1950,1902,0.415721,0,0.415721
11014,1970,1922,0.158398,0,0.158398
11015,1992,1944,0.81273,1,-0.758067
11016,2014,1966,0.404912,0,0.404912
11017,2017,1969,0.801621,1,-0.769175
11018,2019,1971,0.806103,1,-0.764693
11019,2022,1974,0.435056,0,0.435056
11020,2035,1987,0.562552,0,0.562552
11021,2040,1992,0.280825,0,0.280825
11022,2045,1997,0.572605,0,0.572605
11023,2058,2010,0.449726,0,0.449726
11024,2061,2013,0.834444,1,-0.736352
11025,2076,2028,0.60299,0,0.60299
11026,2085,2037,0.262547,0,0.262547
11027,2087,2039,0.605013,0,0.605013
11028,2089,2041,0.600854,0,0.600854
11029,2091,2043,0.26275,0,0.26275
11030,2100,2052,0.616294,0,0.616294
11031,2111,2063,0.522859,0,0.522859
11032,2115,2067,0.40944,0,0.40944
11033,2119,2071,0.30765,0,0.30765
11034,2122,2074,0.729168,0,0.729168
11035,2133,2085,0.191574,0,0.191574
11036,2135,2087,0.00423781,0,0.00423781
11037,2137,2089,0.00353744,0,0.00353744
11038,2139,2091,0.197469,0,0.197469
11039,2150,2102,0.695551,0,0.695551
11040,2153,2105,0.33782,0,0.33782
11041,2157,2109,0.398989,0,0.398989
11042,2112,2160,-0.930217,-1,0.640579
11043,2164,2116,0.750045,0,0.750045
11044,2167,2119,0.167455,0,0.167455
11045,2170,2122,0.0988358,0,0.0988358
11046,2173,2125,0.391962,0,0.391962
11047,2175,2127,0.307068,0,0.307068
11048,2177,2129,0.464385,0,0.464385
11049,2183,2135,0.0708823,0,0.0708823
11050,2185,2137,0.0705167,0,0.0705167
11051,2191,2143,0.484163,0,0.484163
11052,2193,2145,0.304945,0,0.304945
11053,2195,2147,0.399572,0,0.399572
11054,2198,2150,0.159037,0,0.159037
11055,2201,2153,0.132884,0,0.132884
11056,2204,2156,0.731266,0,0.731266
11057,2209,2161,0.339934,0,0.339934
11058,2212,2164,0.346561,0,0.346561
11059,2218,2170,0.286212,0,0.286212
11060,2223,2175,0.188214,0,0.188214
11061,2228,2180,0.290003,0,0.290003
11062,2231,2183,0.328632,0,0.328632
11063,2233,2185,0.333816,0,0.333816
11064,2236,2188,0.282463,0,0.282463
11065,2241,2193,0.204291,0,0.204291
11066,2246,2198,0.332534,0,0.332534
11067,2252,2204,0.349639,0,0.349639
11068,2255,2207,0.428268,0,0.428268
11069,2208,2256,-0.663733,-0,-0.663733
11070,2262,2214,0.500647,0,0.500647
11071,2265,2217,0.476606,0,0.476606
11072,2267,2219,0.370911,0,0.370911
11073,2276,2228,0.179245,0,0.179245
11074,2278,2230,0.234446,0,0.234446
11075,2280,2232,0.662445,0,0.662445
11076,2282,2234,0.242548,0,0.242548
11077,2284,2236,0.188667,0,0.188667
11078,2293,2245,0.359136,0,0.359136
11079,2295,2247,0.486259,0,0.486259
11080,2298,2250,0.490872,0,0.490872
11081,2302,2254,0.857965,1,-0.712831
11082,2256,2304,-0.225676,-0,-0.225676
11083,2307,2259,0.243108,0,0.243108
11084,2311,2263,0.491242,0,0.491242
11085,2315,2267,0.193494,0,0.193494
11086,2317,2269,0.42778,0,0.42778
11087,2321,2273,0.454394,0,0.454394
11088,2323,2275,0.663301,0,0.663301
11089,2326,2278,-0.0348726,-0,-0.0348726
11090,2328,2280,0.0298224,0,0.0298224
11091,2330,2282,-0.0190559,-0,-0.0190559
11092,2333,2285,0.716122,0,0.716122
11093,2339,2291,0.421412,0,0.421412
11094,2341,2293,0.202081,0,0.202081
11095,2345,2297,0.50051,0,0.50051
11096,2349,2301,0.243441,0,0.243441
11097,2353,2305,0.628263,0,0.628263
11098,2355,2307,0.0783145,0,0.0783145
11099,2357,2309,0.371219,0,0.371219
11100,2368,2320,0.508591,0,0.508591
11101,2371,2323,0.120915,0,0.120915
11102,2374,2326,0.219646,0,0.219646
11103,2376,2328,0.145645,0,0.145645
11104,2378,2330,0.249474,0,0.249474
11105,2381,2333,0.19359,0,0.19359
11106,2384,2336,0.518888,0,0.518888
11107,2395,2347,0.356774,0,0.356774
11108,2397,2349,0.0416294,0,0.0416294
11109,2399,2351,0.654229,0,0.654229
11110,2401,2353,0.045501,0,0.045501
11111,2403,2355,0.0038839,0,0.0038839
11112,2405,2357,0.190994,0,0.190994
11113,2407,2359,0.343931,0,0.343931
11114,2409,2361,0.497648,0,0.497648
11115,2413,2365,0.481458,0,0.481458
11116,2415,2367,0.368469,0,0.368469
11117,2421,2373,0.57244,0,0.57244
11118,2423,2375,0.630626,0,0.630626
11119,2425,2377,0.757807,0,0.757807
11120,2427,2379,0.553114,0,0.553114
11121,2433,2385,0.369,0,0.369
11122,2435,2387,0.511935,0,0.511935
11123,2439,2391,0.432413,0,0.432413
11124,2441,2393,0.347792,0,0.347792
11125,2443,2395,0.192294,0,0.192294
11126,2445,2397,-0.00947911,-0,-0.00947911
11127,2447,2399,0.0475956,0,0.0475956
11128,2449,2401,-0.000500562,-0,-0.000500562
11129,2451,2403,-0.0359351,-0,-0.0359351
11130,2460,2412,0.291857,0,0.291857
11131,2465,2417,0.395741,0,0.395741
11132,2467,2419,0.488454,0,0.488454
11133,2471,2423,0.369984,0,0.369984
11134,2477,2429,0.469245,0,0.469245
11135,2479,2431,0.394511,0,0.394511
11136,2484,2436,0.316365,0,0.316365
11137,2493,2445,-0.0458787,-0,-0.0458787
11138,2495,2447,-0.00153511,-0,-0.00153511
11139,2497,2449,0.0134295,0,0.0134295
11140,2499,2451,-0.0887778,-0,-0.0887778
11141,2502,2454,0.326809,0,0.326809
11142,2504,2456,0.277563,0,0.277563
11143,2506,2458,0.385714,0,0.385714
11144,2508,2460,0.293645,0,0.293645
11145,2512,2464,0.487495,0,0.487495
11146,2516,2468,0.420159,0,0.420159
11147,2518,2470,0.271498,0,0.271498
11148,2520,2472,0.320408,0,0.320408
11149,2522,2474,0.306823,0,0.306823
11150,2528,2480,0.490381,0,0.490381
11151,2532,2484,0.271808,0,0.271808
11152,2534,2486,0.440273,0,0.440273
11153,2536,2488,0.272096,0,0.272096
11154,2538,2490,0.319044,0,0.319044
11155,2541,2493,-0.104536,-0,-0.104536
11156,2543,2495,0.0165044,0,0.0165044
11157,2545,2497,0.118765,0,0.118765
11158,2547,2499,-0.0290629,-0,-0.0290629
11159,2550,2502,0.148166,0,0.148166
11160,2552,2504,0.148341,0,0.148341
11161,2557,2509,0.254722,0,0.254722
11162,2562,2514,0.92527,1,-0.645526
11163,2566,2518,-0.0169933,-0,-0.0169933
11164,2568,2520,0.03692,0,0.03692
11165,2570,2522,0.0711009,0,0.0711009
11166,2574,2526,0.908234,1,-0.662563
11167,2579,2531,0.240721,0,0.240721
11168,2584,2536,0.167728,0,0.167728
11169,2586,2538,0.162744,0,0.162744
11170,2589,2541,-0.0666486,-0,-0.0666486
11171,2591,2543,0.146802,0,0.146802
11172,2595,2547,0.267134,0,0.267134
11173,2603,2555,0.382222,0,0.382222
11174,2605,2557,0.145371,0,0.145371
11175,2609,2561,0.383481,0,0.383481
11176,2612,2564,0.40407,0,0.40407
11177,2614,2566,-0.0773517,-0,-0.0773517
11178,2616,2568,0.226559,0,0.226559
11179,2618,2570,-0.0831605,-0,-0.0831605
11180,2620,2572,0.406448,0,0.406448
11181,2623,2575,0.387013,0,0.387013
11182,2627,2579,0.151016,0,0.151016
11183,2629,2581,0.375882,0,0.375882
11184,2637,2589,0.115144,0,0.115144
11185,2592,2640,-0.804935,-1,0.765862
11186,2642,2594,0.348489,0,0.348489
11187,2647,2599,0.49575,0,0.49575
11188,2649,2601,0.25931,0,0.25931
11189,2658,2610,0.344932,0,0.344932
11190,2662,2614,0.100841,0,0.100841
11191,2666,2618,0.0946597,0,0.0946597
11192,2670,2622,0.355737,0,0.355737
11193,2679,2631,0.264829,0,0.264829
11194,2681,2633,0.519821,0,0.519821
11195,2685,2637,0.334254,0,0.334254
11196,2690,2642,0.176221,0,0.176221
11197,2693,2645,0.254497,0,0.254497
11198,2697,2649,0.207549,0,0.207549
11199,2699,2651,0.431136,0,0.431136
11200,2702,2654,0.481485,0,0.481485
11201,2704,2656,0.502423,0,0.502423
11202,2710,2662,0.27513,0,0.27513
11203,2712,2664,0.59102,0,0.59102
11204,2714,2666,0.277072,0,0.277072
11205,2720,2672,0.50095,0,0.50095
11206,2722,2674,0.49115,0,0.49115
11207,2725,2677,0.437277,0,0.437277
11208,2727,2679,0.310244,0,0.310244
11209,2731,2683,0.25495,0,0.25495
11210,2734,2686,0.511758,0,0.511758
11211,2737,2689,0.744256,0,0.744256
11212,2741,2693,0.170979,0,0.170979
11213,2744,2696,0.272631,0,0.272631
11214,2749,2701,0.458388,0,0.458388
11215,2753,2705,0.422313,0,0.422313
11216,2755,2707,0.479061,0,0.479061
11217,2760,2712,0.398958,0,0.398958
11218,2765,2717,0.483884,0,0.483884
11219,2767,2719,0.433091,0,0.433091
11220,2771,2723,0.455279,0,0.455279
11221,2774,2726,0.604125,0,0.604125
11222,2776,2728,0.232132,0,0.232132
11223,2779,2731,0.177195,0,0.177195
11224,2783,2735,0.406374,0,0.406374
11225,2785,2737,0.220197,0,0.220197
11226,2788,2740,0.749552,0,0.749552
11227,2792,2744,0.0173509,0,0.0173509
11228,2794,2746,0.26606,0,0.26606
11229,2796,2748,0.494178,0,0.494178
11230,2805,2757,0.260918,0,0.260918
11231,2811,2763,0.251266,0,0.251266
11232,2820,2772,0.496045,0,0.496045
11233,2822,2774,0.0142508,0,0.0142508
11234,2824,2776,-0.00124297,-0,-0.00124297
11235,2828,2780,0.735922,0,0.735922
11236,2831,2783,0.166674,0,0.166674
11237,2784,2832,-0.710249,-0,-0.710249
11238,2836,2788,0.123501,0,0.123501
11239,2838,2790,0.39718,0,0.39718
11240,2840,2792,0.0942935,0,0.0942935
11241,2842,2794,0.0569242,0,0.0569242
11242,2847,2799,0.389447,0,0.389447
11243,2850,2802,0.300745,0,0.300745
11244,2853,2805,0.0967287,0,0.0967287
11245,2859,2811,0.076407,0,0.076407
11246,2862,2814,0.30475,0,0.30475
11247,2865,2817,0.380931,0,0.380931
11248,2870,2822,0.0301987,0,0.0301987
11249,2872,2824,0.126262,0,0.126262
11250,2874,2826,0.402683,0,0.402683
11251,2876,2828,0.127754,0,0.127754
11252,2832,2880,0.0092418,0,0.0092418
11253,2884,2836,-0.0362361,-0,-0.0362361
11254,2891,2843,0.858902,1,-0.711894
11255,2895,2847,0.261548,0,0.261548
11256,2898,2850,0.166009,0,0.166009
11257,2901,2853,0.330616,0,0.330616
11258,2904,2856,0.661502,0,0.661502
11259,2907,2859,0.231844,0,0.231844
11260,2910,2862,0.178484,0,0.178484
11261,2913,2865,0.278552,0,0.278552
11262,2917,2869,0.829891,1,-0.740906
11263,2924,2876,-0.0279403,-0,-0.0279403
11264,2880,2928,-0.194704,-0,-0.194704
11265,2932,2884,-0.0150238,-0,-0.0150238
11266,2935,2887,0.567005,0,0.567005
11267,2938,2890,0.599486,0,0.599486
11268,2941,2893,0.302023,0,0.302023
11269,2950,2902,0.262881,0,0.262881
11270,2952,2904,0.103885,0,0.103885
11271,2954,2906,0.31092,0,0.31092
11272,2963,2915,0.283256,0,0.283256
11273,2966,2918,0.60515,0,0.60515
11274,2969,2921,0.563153,0,0.563153
11275,2972,2924,-0.00851579,-0,-0.00851579
11276,2977,2929,0.264105,0,0.264105
11277,2980,2932,0.0119766,0,0.0119766
11278,2982,2934,0.324691,0,0.324691
11279,2984,2936,0.831007,1,-0.739789
11280,2987,2939,0.263446,0,0.263446
11281,2989,2941,0.0498559,0,0.0498559
11282,2992,2944,0.389081,0,0.389081
11283,2995,2947,0.545478,0,0.545478
11284,2998,2950,0.0996172,0,0.0996172
11285,3000,2952,0.0468964,0,0.0468964
11286,3002,2954,0.136051,0,0.136051
11287,3005,2957,0.510485,0,0.510485
11288,3008,2960,0.380529,0,0.380529
11289,3011,2963,0.0471079,0,0.0471079
11290,3013,2965,0.221489,0,0.221489
11291,3016,2968,0.802087,1,-0.768709
11292,3018,2970,0.447131,0,0.447131
11293,3020,2972,0.00530994,0,0.00530994
11294,3023,2975,0.259818,0,0.259818
11295,3025,2977,0.263605,0,0.263605
11296,3028,2980,-0.0574971,-0,-0.0574971
11297,3030,2982,0.220416,0,0.220416
11298,3035,2987,0.204014,0,0.204014
11299,3037,2989,-0.0664743,-0,-0.0664743
11300,3040,2992,0.206942,0,0.206942
11301,3042,2994,0.493035,0,0.493035
11302,3045,2997,0.707955,0,0.707955
11303,3048,3000,0.152765,0,0.152765
11304,3051,3003,0.653921,0,0.653921
11305,3054,3006,0.511104,0,0.511104
11306,3056,3008,0.228088,0,0.228088
11307,3059,3011,-0.0522285,-0,-0.0522285
11308,3061,3013,0.0466091,0,0.0466091
11309,3068,3020,-0.0788012,-0,-0.0788012
11310,3071,3023,0.262609,0,0.262609
11311,3024,3072,-0.655042,-0,-0.655042
11312,3074,3026,0.43905,0,0.43905
11313,3076,3028,0.063528,0,0.063528
11314,3082,3034,0.539512,0,0.539512
11315,3085,3037,0.109516,0,0.109516
11316,3091,3043,0.177534,0,0.177534
11317,3093,3045,0.218267,0,0.218267
11318,3095,3047,0.663944,0,0.663944
11319,3097,3049,0.652704,0,0.652704
11320,3099,3051,0.204974,0,0.204974
11321,3101,3053,0.196271,0,0.196271
11322,3107,3059,0.144665,0,0.144665
11323,3109,3061,0.246569,0,0.246569
11324,3116,3068,0.0513032,0,0.0513032
11325,3118,3070,0.435979,0,0.435979
11326,3072,3120,-0.165655,-0,-0.165655
11327,3123,3075,0.902568,1,-0.668228
11328,3137,3089,0.387684,0,0.387684
11329,3139,3091,0.00817288,0,0.00817288
11330,3143,3095,0.127838,0,0.127838
11331,3145,3097,0.129322,0,0.129322
11332,3149,3101,0.0310712,0,0.0310712
11333,3151,3103,0.395454,0,0.395454
11334,3165,3117,0.898902,1,-0.671894
11335,3169,3121,0.624002,0,0.624002
11336,3172,3124,0.339656,0,0.339656
11337,3176,3128,0.410238,0,0.410238
11338,3180,3132,0.386994,0,0.386994
11339,3182,3134,0.323342,0,0.323342
11340,3187,3139,0.203818,0,0.203818
11341,3192,3144,0.690023,0,0.690023
11342,3195,3147,0.336109,0,0.336109
11343,3197,3149,0.144193,0,0.144193
11344,3202,3154,0.320273,0,0.320273
11345,3204,3156,0.372378,0,0.372378
11346,3208,3160,0.40116,0,0.40116
11347,3212,3164,0.355915,0,0.355915
11348,3215,3167,0.620596,0,0.620596
11349,3217,3169,0.18958,0,0.18958
11350,3220,3172,-0.00924881,-0,-0.00924881
11351,3225,3177,0.936244,1,-0.634553
11352,3228,3180,0.133494,0,0.133494
11353,3230,3182,0.123011,0,0.123011
11354,3236,3188,0.452146,0,0.452146
11355,3240,3192,0.126808,0,0.126808
11356,3244,3196,0.798465,1,-0.772331
11357,3250,3202,0.140453,0,0.140453
11358,3252,3204,0.1416,0,0.1416
11359,3255,3207,0.93741,1,-0.633386
11360,3260,3212,0.0357517,0,0.0357517
11361,3263,3215,0.189675,0,0.189675
11362,3216,3264,-0.989629,-1,0.581167
11363,3268,3220,0.0492397,0,0.0492397
11364,3272,3224,0.355917,0,0.355917
11365,3280,3232,0.426091,0,0.426091
11366,3282,3234,0.462684,0,0.462684
11367,3286,3238,0.895071,1,-0.675725
11368,3288,3240,0.0225775,0,0.0225775
11369,3290,3242,0.874758,1,-0.696038
11370,3294,3246,0.471522,0,0.471522
11371,3296,3248,0.429364,0,0.429364
11372,3304,3256,0.34748,0,0.34748
11373,3306,3258,0.41056,0,0.41056
11374,3308,3260,-0.000740714,-0,-0.000740714
11375,3313,3265,0.239658,0,0.239658
11376,3317,3269,0.657882,0,0.657882
11377,3322,3274,0.39222,0,0.39222
11378,3332,3284,0.319258,0,0.319258
11379,3336,3288,0.129877,0,0.129877
11380,3340,3292,0.323812,0,0.323812
11381,3350,3302,0.392239,0,0.392239
11382,3355,3307,0.978116,1,-0.59268
11383,3359,3311,0.238453,0,0.238453
11384,3361,3313,-0.088435,-0,-0.088435
11385,3364,3316,0.352242,0,0.352242
11386,3366,3318,0.382621,0,0.382621
11387,3368,3320,0.207472,0,0.207472
11388,3373,3325,0.503503,0,0.503503
11389,3377,3329,0.422632,0,0.422632
11390,3383,3335,0.935906,1,-0.63489
11391,3385,3337,0.933337,1,-0.637459
11392,3391,3343,0.429073,0,0.429073
11393,3395,3347,0.510777,0,0.510777
11394,3400,3352,0.266956,0,0.266956
11395,3404,3356,0.339355,0,0.339355
11396,3407,3359,-0.0898737,-0,-0.0898737
11397,3409,3361,-0.00468603,-0,-0.00468603
11398,3412,3364,0.00364578,0,0.00364578
11399,3414,3366,0.194479,0,0.194479
11400,3416,3368,0.201387,0,0.201387
11401,3423,3375,0.756216,0,0.756216
11402,3429,3381,0.30325,0,0.30325
11403,3432,3384,0.758217,0,0.758217
11404,3435,3387,0.289333,0,0.289333
11405,3441,3393,0.734434,0,0.734434
11406,3448,3400,0.373057,0,0.373057
11407,3450,3402,0.434229,0,0.434229
11408,3452,3404,0.00629864,0,0.00629864
11409,3455,3407,-0.00668384,-0,-0.00668384
11410,3457,3409,0.0998116,0,0.0998116
11411,3460,3412,0.166152,0,0.166152
11412,3463,3415,0.911835,1,-0.658961
11413,3468,3420,0.224378,0,0.224378
11414,3470,3422,0.81973,1,-0.751066
11415,3477,3429,-0.00947543,-0,-0.00947543
11416,3479,3431,0.734975,0,0.734975
11417,3481,3433,0.73644,0,0.73644
11418,3483,3435,0.051289,0,0.051289
11419,3490,3442,0.791752,1,-0.779044
11420,3492,3444,0.261844,0,0.261844
11421,3495,3447,0.527406,0,0.527406
11422,3497,3449,0.808709,1,-0.762088
11423,3500,3452,0.181655,0,0.181655
11424,3503,3455,0.0995211,0,0.0995211
11425,3505,3457,0.13845,0,0.13845
11426,3507,3459,0.77022,0,0.77022
11427,3509,3461,0.521003,0,0.521003
11428,3514,3466,0.31625,0,0.31625
11429,3516,3468,-0.0254839,-0,-0.0254839
11430,3519,3471,0.478043,0,0.478043
11431,3525,3477,-0.0920661,-0,-0.0920661
11432,3528,3480,0.675276,0,0.675276
11433,3531,3483,-0.059182,-0,-0.059182
11434,3537,3489,0.468988,0,0.468988
11435,3540,3492,0.151039,0,0.151039
11436,3542,3494,0.307053,0,0.307053
11437,3547,3499,0.522139,0,0.522139
11438,3549,3501,0.764344,0,0.764344
11439,3551,3503,0.141652,0,0.141652
11440,3504,3552,-0.744485,-0,-0.744485
11441,3556,3508,0.621607,0,0.621607
11442,3558,3510,0.368415,0,0.368415
11443,3560,3512,0.318934,0,0.318934
11444,3562,3514,0.191106,0,0.191106
11445,3564,3516,-0.0405885,-0,-0.0405885
11446,3566,3518,0.434011,0,0.434011
11447,3569,3521,0.412988,0,0.412988
11448,3571,3523,0.657232,0,0.657232
11449,3573,3525,0.0584853,0,0.0584853
11450,3576,3528,-0.0105746,-0,-0.0105746
11451,3579,3531,0.000231287,0,0.000231287
11452,3581,3533,0.70124,0,0.70124
11453,3583,3535,0.413035,0,0.413035
11454,3586,3538,0.47642,0,0.47642
11455,3590,3542,0.141711,0,0.141711
11456,3592,3544,0.36046,0,0.36046
11457,3594,3546,0.363583,0,0.363583
11458,3596,3548,0.613553,0,0.613553
11459,3552,3600,-0.275137,-0,-0.275137
11460,3602,3554,0.665162,0,0.665162
11461,3604,3556,0.0141853,0,0.0141853
11462,3612,3564,0.0136551,0,0.0136551
11463,3615,3567,0.246764,0,0.246764
11464,3619,3571,0.360345,0,0.360345
11465,3621,3573,0.122564,0,0.122564
11466,3624,3576,-0.00925198,-0,-0.00925198
11467,3627,3579,-0.0238301,-0,-0.0238301
11468,3629,3581,0.410842,0,0.410842
11469,3633,3585,0.266497,0,0.266497
11470,3644,3596,0.0311096,0,0.0311096
11471,3646,3598,0.650341,0,0.650341
11472,3650,3602,0.333747,0,0.333747
11473,3652,3604,-0.0685394,-0,-0.0685394
11474,3654,3606,0.440602,0,0.440602
11475,3660,3612,0.173846,0,0.173846
11476,3663,3615,0.0975504,0,0.0975504
11477,3665,3617,0.400389,0,0.400389
11478,3668,3620,0.807037,1,-0.763759
11479,3672,3624,0.217537,0,0.217537
11480,3675,3627,0.196439,0,0.196439
11481,3679,3631,0.402112,0,0.402112
11482,3681,3633,0.133226,0,0.133226
11483,3684,3636,0.478818,0,0.478818
11484,3690,3642,0.433209,0,0.433209
11485,3692,3644,0.0664667,0,0.0664667
11486,3694,3646,0.247614,0,0.247614
11487,3697,3649,0.289206,0,0.289206
11488,3700,3652,0.230609,0,0.230609
11489,3719,3671,0.710315,0,0.710315
11490,3721,3673,0.694925,0,0.694925
11491,3739,3691,0.801765,1,-0.769032
11492,3696,3744,-0.763311,-0,-0.763311
11493,3750,3702,0.736188,0,0.736188
11494,3754,3706,0.438481,0,0.438481
11495,3767,3719,0.28635,0,0.28635
11496,3769,3721,0.190389,0,0.190389
11497,3782,3734,0.448323,0,0.448323
11498,3786,3738,0.722905,0,0.722905
11499,3744,3792,-0.163691,-0,-0.163691
11500,3794,3746,0.335512,0,0.335512
11501,3798,3750,0.392568,0,0.392568
11502,3812,3764,0.514646,0,0.514646
11503,3816,3768,0.663081,0,0.663081
11504,3819,3771,0.419537,0,0.419537
11505,3827,3779,0.351056,0,0.351056
11506,3834,3786,0.389208,0,0.389208
11507,3836,3788,0.367523,0,0.367523
11508,3838,3790,0.244859,0,0.244859
11509,3792,0,-0.183905,-0,-0.183905
11510,2,3794,0.185606,0,0.185606
11511,5,3797,0.763657,0,0.763657
11512,14,3806,0.488934,0,0.488934
11513,18,3810,0.466508,0,0.466508
11514,22,3814,0.488257,0,0.488257
11515,24,3816,0.0595011,0,0.0595011
11516,30,3822,0.531427,0,0.531427
11517,34,3826,0.905924,1,-0.664872
11518,43,3835,0.717269,0,0.717269
11519,46,3838,0.114612,0,0.114612
