face,alpha_mod,dirx,diry,dirz,cx,cy,cz
0,0,0.0578968,-0.315676,0.947099,0.997376,0.00870199,-0.0522613
1,0.193627,-0.0138027,-0.126425,-0.99188,0.992839,0.0432113,-0.0520826
2,1.23975,-0.27833,0.750455,-0.599458,0.985546,0.0682786,-0.0517293
3,1.53355,-0.426575,0.837828,-0.340702,0.975049,0.0921786,-0.0512066
4,1.31759,-0.484146,0.693268,-0.533837,0.961529,0.114501,-0.050524
5,0.095471,0.119524,-0.180043,-0.97637,0.945219,0.134865,-0.0496933
6,1.11443,-0.55159,0.459672,-0.696024,0.926393,0.152921,-0.048728
7,1.56371,-0.791829,0.520721,-0.31915,0.905378,0.168359,-0.0476446
8,1.33695,-0.765223,0.367141,-0.528811,0.882531,0.180919,-0.046462
9,1.36696,-0.816984,0.2705,-0.509281,0.858245,0.190381,-0.0452
10,1.29786,-0.803516,0.155338,-0.574659,0.832933,0.196587,-0.0438813
11,1.2256,-0.766742,0.0486357,-0.640111,0.80703,0.199429,-0.042528
12,0.0919948,0.265088,0.019868,-0.964019,0.780978,0.198859,-0.0411626
13,0.139927,0.225879,0.0525354,-0.972738,0.755224,0.194885,-0.0398087
14,0.407535,-0.0228319,0.00559278,-0.999724,0.730208,0.187579,-0.0384893
15,1.53607,0.80889,0.407183,-0.424145,0.714179,0.180919,-0.037228
16,0.10886,0.241,0.186039,-0.952527,0.684082,0.163515,-0.0360453
17,0.21119,0.148538,0.163856,-0.975237,0.66376,0.147171,-0.034962
18,1.37546,0.622423,0.723186,-0.299319,0.651492,0.134865,-0.0339967
19,1.49647,-0.491491,-0.705485,-0.510615,0.630336,0.107251,-0.0331653
20,1.47049,-0.388233,-0.744045,-0.543757,0.617804,0.0843573,-0.0324827
21,0.0883679,0.0921722,0.378182,-0.921131,0.608362,0.0600213,-0.03196
22,0.331014,-0.00519058,0.168712,-0.985652,0.60217,0.0346586,-0.0316067
23,1.07632,0.0648404,0.997792,-0.0143862,0.599906,0.017404,-0.0314287
24,0.84488,-0.0153611,-0.331432,-0.943354,0.599906,-0.017404,-0.0314287
25,0.301892,-0.113314,0.707529,0.697541,0.60217,-0.0346586,-0.0316067
26,0.552941,-0.259306,0.82244,0.506313,0.608362,-0.0600213,-0.03196
27,0.352583,-0.304258,0.670923,0.676232,0.617804,-0.0843573,-0.0324827
28,0.31047,-0.36824,0.593219,0.715884,0.630336,-0.107251,-0.0331653
29,0.457515,-0.0498232,0.0120747,-0.998685,0.651492,-0.134865,-0.0339967
30,0.0388149,-0.326319,0.316841,0.890577,0.66376,-0.147171,-0.034962
31,0.262648,-0.513483,0.363492,0.777309,0.684082,-0.163515,-0.0360453
32,1.56257,0.791508,-0.399356,-0.462634,0.714179,-0.180919,-0.037228
33,0.250329,-0.203008,0.0558653,-0.977582,0.738465,-0.190381,-0.0384893
34,0.332224,-0.635238,0.132314,0.760898,0.755224,-0.194885,-0.0398087
35,0.285178,-0.600754,0.0414533,0.798359,0.780978,-0.198859,-0.0411626
36,0.736197,-0.882632,-0.0590869,0.466337,0.80703,-0.199429,-0.042528
37,0.680647,-0.834907,-0.170169,0.523423,0.832933,-0.196587,-0.0438813
38,0.679609,-0.79983,-0.278561,0.531672,0.858245,-0.190381,-0.0452
39,0.697475,-0.760639,-0.385251,0.522504,0.882531,-0.180919,-0.046462
40,0.414657,-0.547003,-0.385019,0.743336,0.905378,-0.168359,-0.0476446
41,0.893362,-0.696654,-0.623104,0.355548,0.926393,-0.152921,-0.048728
42,0.354515,-0.389815,-0.479742,0.786061,0.945219,-0.134865,-0.0496933
43,0.794864,-0.484194,-0.7511,0.448781,0.961529,-0.114501,-0.050524
44,0.924824,-0.407274,-0.852036,0.328881,0.975049,-0.0921786,-0.0512066
45,0.783491,-0.26978,-0.847552,0.457027,0.985546,-0.0682786,-0.0517293
46,0.305776,-0.0828153,-0.57678,0.812691,0.992839,-0.0432113,-0.0520826
47,0.308524,0.0401118,0.0133295,0.999106,0.997833,-0.017404,-0.026108
48,0.0422313,0.132955,-0.355354,0.925228,0.990201,0.00870199,-0.130354
49,0.246973,-0.10252,-0.0743732,-0.991947,0.985693,0.0432113,-0.12982
50,1.49255,0.280655,-0.918332,-0.279106,0.981244,0.0600213,-0.129115
51,0.628136,-0.242029,0.265211,-0.933319,0.968026,0.0921786,-0.127551
52,0.322805,0.429074,-0.506534,0.747876,0.959431,0.107251,-0.126189
53,0.483699,-0.211809,0.10979,-0.971125,0.938406,0.134865,-0.123701
54,0.0268728,0.379634,-0.238645,0.893827,0.926251,0.147171,-0.121776
55,0.321848,-0.0938501,-0.0159166,-0.995459,0.898849,0.168359,-0.118533
56,0.0511491,0.46263,-0.176343,0.868836,0.883963,0.177061,-0.116175
57,0.830338,0.918551,-0.299538,0.257955,0.860284,0.187579,-0.113046
58,0.55832,0.853975,-0.157222,0.495991,0.835449,0.194885,-0.109769
59,0.405655,0.789279,-0.0467191,0.612254,0.80988,0.198859,-0.106399
60,0.156394,0.125183,0.0158111,-0.992008,0.775341,0.198859,-0.102311
61,0.0784347,0.20817,0.0639941,-0.975997,0.749773,0.194885,-0.0989399
62,1.4791,-0.875652,-0.279648,-0.39374,0.724937,0.187579,-0.0956619
63,1.38608,-0.792071,-0.359631,-0.493243,0.701259,0.177061,-0.0925333
64,0.0149844,0.241426,0.234316,-0.941706,0.679145,0.163515,-0.0896066
65,1.44058,-0.684844,-0.54717,-0.481242,0.658972,0.147171,-0.0869326
66,1.30085,-0.561289,-0.553639,-0.615173,0.641085,0.128309,-0.0845559
67,1.39301,-0.507323,-0.656229,-0.558558,0.625791,0.107251,-0.0825186
68,1.50441,-0.434484,-0.76059,-0.482418,0.613352,0.0843573,-0.0808546
69,0.0139583,0.0448203,0.441679,-0.896053,0.603979,0.0600213,-0.0795926
70,0.141915,-0.0413548,0.34733,-0.936831,0.597834,0.0346586,-0.0787546
71,1.40602,0.021862,0.940218,-0.33987,0.59559,0.017404,-0.0783993
72,0.278492,-0.129153,0.225379,-0.965673,0.59559,-0.017404,-0.0783993
73,0.136562,-0.179204,0.35223,-0.918597,0.59953,-0.0432113,-0.078888
74,0.469081,-0.127087,0.0284984,-0.991482,0.606774,-0.0682786,-0.0798126
75,0.0209264,-0.113148,0.440489,0.890599,0.613352,-0.0843573,-0.0808546
76,0.413404,-0.357655,0.649968,0.67054,0.625791,-0.107251,-0.0825186
77,0.570551,-0.506685,0.650196,0.566141,0.641085,-0.128309,-0.0845559
78,0.512953,-0.551959,0.546011,0.630249,0.658972,-0.147171,-0.0869326
79,0.384498,-0.532838,0.411919,0.739193,0.679145,-0.163515,-0.0896066
80,0.490316,-0.642268,0.354249,0.679706,0.701259,-0.177061,-0.0925333
81,0.474516,-0.663119,0.251814,0.704885,0.724937,-0.187579,-0.0956619
82,0.453154,-0.0777283,-0.00796026,-0.996943,0.758299,-0.196587,-0.0996113
83,0.00193737,-0.279711,0.0256338,0.959742,0.775341,-0.198859,-0.102311
84,1.56517,0.869756,0.0604652,-0.489764,0.80988,-0.198859,-0.106399
85,1.44414,0.795835,0.170929,-0.580887,0.835449,-0.194885,-0.109769
86,1.46492,0.783183,0.286215,-0.552001,0.860284,-0.187579,-0.113046
87,0.269574,-0.196313,-0.039383,-0.97975,0.883963,-0.177061,-0.116175
88,0.053572,-0.21648,-0.21854,0.951513,0.898849,-0.168359,-0.118533
89,0.442897,-0.0427619,0.0655604,-0.996932,0.926251,-0.147171,-0.121776
90,1.55152,-0.658396,-0.714434,-0.236852,0.938406,-0.134865,-0.123701
91,1.52576,0.469427,0.773209,-0.426364,0.959431,-0.107251,-0.126189
92,1.43393,0.339658,0.801837,-0.49162,0.971871,-0.0843573,-0.127853
93,0.556273,-0.041257,0.217141,-0.975268,0.981244,-0.0600213,-0.129115
94,0.286148,-0.0143306,-0.561092,0.827629,0.985693,-0.0432113,-0.12982
95,0.518888,-0.102576,0.195322,-0.97536,0.990201,-0.00870199,-0.130354
96,0.326703,0.194195,-0.602763,0.773928,0.976921,0.00870199,-0.207642
97,0.693476,0.265249,-0.83389,0.484014,0.974149,0.0346586,-0.207023
98,0.404201,0.355404,-0.630897,0.689679,0.968089,0.0600213,-0.205705
99,0.0281247,-0.0583399,-0.264977,-0.962488,0.955035,0.0921786,-0.203109
100,1.54686,-0.57848,0.779498,-0.2403,0.941788,0.114501,-0.200319
101,0.241198,-0.132251,-0.0720874,-0.988591,0.925807,0.134865,-0.196946
102,1.47246,0.667842,-0.63991,-0.380135,0.913841,0.147171,-0.194073
103,0.653445,0.79256,-0.468902,0.389845,0.893939,0.163515,-0.189825
104,0.197107,0.629741,-0.233515,0.740876,0.872123,0.177061,-0.185172
105,0.64712,-0.443585,0.0886856,-0.891833,0.840607,0.190381,-0.178903
106,0.297666,0.753687,-0.122077,0.645796,0.824261,0.194885,-0.174979
107,0.42786,0.846815,-0.047727,0.529743,0.799036,0.198859,-0.169613
108,0.604749,0.93074,0.0552838,0.361479,0.773519,0.199429,-0.164189
109,0.387987,0.826144,0.140107,0.545762,0.748146,0.196587,-0.158799
110,0.742399,0.930693,0.295796,0.215211,0.723353,0.190381,-0.153537
111,0.397288,0.782834,0.328069,0.528717,0.699563,0.180919,-0.148492
112,0.407473,0.744238,0.420377,0.51903,0.677183,0.168359,-0.14375
113,0.812544,0.762027,0.630909,0.145839,0.656596,0.152921,-0.139393
114,0.38874,0.617745,0.571116,0.540571,0.638154,0.134865,-0.135494
115,0.275172,0.516335,0.572271,0.637105,0.622173,0.114501,-0.132121
116,0.193301,0.425474,0.567987,0.70453,0.608926,0.0921786,-0.129332
117,0.582951,0.369799,0.83615,0.405095,0.598641,0.0682786,-0.127174
118,1.55801,0.0765774,0.864901,-0.496068,0.591492,0.0432113,-0.125683
119,0.198083,-0.166426,0.302724,-0.938435,0.58704,0.00870199,-0.124798
120,1.56118,-0.0404998,-0.867985,-0.494937,0.587604,-0.017404,-0.124887
121,0.397895,-0.214229,0.103759,-0.971257,0.591492,-0.0432113,-0.125683
122,1.4629,0.147508,-0.77778,-0.610983,0.598641,-0.0682786,-0.127174
123,0.157484,-0.326723,0.294812,-0.897963,0.608926,-0.0921786,-0.129332
124,0.0974008,-0.385923,0.313353,-0.867683,0.622173,-0.114501,-0.132121
125,0.0136686,-0.461699,0.333827,-0.821823,0.638154,-0.134865,-0.135494
126,1.51256,0.542539,-0.572253,-0.614962,0.656596,-0.152921,-0.139393
127,1.50308,0.611849,-0.482962,-0.62641,0.677183,-0.168359,-0.14375
128,0.0520858,-0.511466,0.166431,-0.843032,0.699563,-0.180919,-0.148492
129,1.48195,0.712922,-0.28011,-0.642869,0.723353,-0.190381,-0.153537
130,0.259894,-0.33893,0.0296572,-0.940344,0.748146,-0.196587,-0.158799
131,1.39562,0.714923,-0.0549443,-0.697041,0.773519,-0.199429,-0.164189
132,1.52783,0.807311,0.0594841,-0.587121,0.799036,-0.198859,-0.169613
133,1.45112,0.752226,0.171574,-0.636175,0.824261,-0.194885,-0.174979
134,1.40857,0.702665,0.2775,-0.655176,0.848763,-0.187579,-0.180195
135,0.179055,-0.349068,-0.0790599,-0.933757,0.872123,-0.177061,-0.185172
136,1.39057,0.604416,0.479375,-0.636302,0.893939,-0.163515,-0.189825
137,0.603133,0.000830038,0.169456,-0.985537,0.913841,-0.147171,-0.194073
138,0.278338,-0.213912,-0.434265,0.875018,0.925807,-0.134865,-0.196946
139,0.555641,-0.299297,-0.645054,0.703084,0.941788,-0.114501,-0.200319
140,0.674811,-0.260469,-0.756179,0.600292,0.955035,-0.0921786,-0.203109
141,0.237311,-0.22191,-0.0828549,-0.971541,0.968089,-0.0600213,-0.205705
142,1.4737,0.0950179,0.89558,-0.434635,0.974149,-0.0346586,-0.207023
143,0.262726,-0.198531,-0.0589891,-0.978318,0.976921,-0.00870199,-0.207642
144,1.39484,-0.184831,0.876745,-0.444023,0.957063,0.017404,-0.283516
145,0.494853,-0.299537,0.167844,-0.939205,0.953249,0.0432113,-0.282418
146,0.0773476,0.370817,-0.370754,0.851491,0.948965,0.0600213,-0.281026
147,0.767435,0.502508,-0.797542,0.333785,0.939905,0.0843573,-0.278313
148,0.513084,0.579911,-0.622159,0.525948,0.927879,0.107251,-0.274724
149,0.963225,0.683768,-0.724772,0.0846616,0.913091,0.128309,-0.27032
150,0.279995,0.642673,-0.385033,0.662361,0.895797,0.147171,-0.265174
151,0.424664,-0.329969,0.0412085,-0.943092,0.86924,0.168359,-0.257684
152,1.39177,0.800687,-0.435456,-0.411435,0.854906,0.177061,-0.253026
153,0.172829,-0.089784,-0.062296,-0.994011,0.82398,0.190381,-0.244304
154,1.16246,-0.859051,0.137946,-0.492953,0.799675,0.196587,-0.237113
155,1.22442,-0.894464,0.0485861,-0.444492,0.774804,0.199429,-0.22975
156,0.380199,-0.252143,0.00131194,-0.967689,0.749791,0.198859,-0.222341
157,1.34397,0.877659,0.191898,-0.439192,0.733381,0.196587,-0.217009
158,0.123901,0.0109637,0.0953556,-0.995383,0.701047,0.187579,-0.20789
159,1.26805,0.818715,0.438597,-0.370591,0.685756,0.180919,-0.202921
160,0.33327,0.756936,0.392262,0.522665,0.663817,0.168359,-0.196438
161,0.591071,-0.362127,-0.0847528,-0.928268,0.63726,0.147171,-0.188948
162,0.0705743,0.560606,0.389351,0.73084,0.625556,0.134865,-0.185145
163,0.290687,0.567756,0.581582,0.582595,0.609889,0.114501,-0.180529
164,0.0155694,0.44409,0.436294,0.78258,0.596902,0.0921786,-0.176709
165,0.308092,-0.207772,0.17985,-0.961501,0.584092,0.0600213,-0.173096
166,1.23203,0.140459,0.967477,-0.210378,0.579808,0.0432113,-0.171705
167,0.318258,-0.254894,0.186547,-0.948804,0.575439,0.00870199,-0.170473
168,0.21526,0.16222,0.659152,0.734305,0.575439,-0.00870199,-0.170473
169,0.882522,-0.182834,-0.36257,-0.913846,0.579808,-0.0432113,-0.171705
170,0.201023,0.00837876,0.610224,0.792184,0.584092,-0.0600213,-0.173096
171,0.428355,-0.298089,0.0574027,-0.95281,0.596902,-0.0921786,-0.176709
172,0.0679921,-0.46416,0.335872,-0.819601,0.609889,-0.114501,-0.180529
173,0.0244112,-0.519934,0.326567,-0.789317,0.625556,-0.134865,-0.185145
174,1.55344,0.516531,-0.5852,-0.625089,0.643635,-0.152921,-0.190479
175,0.00832795,-0.587479,0.237669,-0.773552,0.663817,-0.168359,-0.196438
176,0.833308,0.082205,-0.170617,-0.981902,0.685756,-0.180919,-0.202921
177,0.457301,-0.531197,0.248325,0.81004,0.701047,-0.187579,-0.20789
178,0.79895,0.104486,-0.0736151,-0.991798,0.733381,-0.196587,-0.217009
179,0.13072,-0.252232,0.0331606,0.967098,0.749791,-0.198859,-0.222341
180,0.843809,-0.815839,-0.0617812,0.57497,0.774804,-0.199429,-0.22975
181,0.888816,-0.819299,-0.186269,0.542266,0.799675,-0.196587,-0.237113
182,0.456726,-0.484792,-0.236136,0.84215,0.82398,-0.190381,-0.244304
183,0.760465,0.0877266,0.173078,-0.980993,0.854906,-0.177061,-0.253026
184,0.112153,-0.114178,-0.248091,0.961984,0.86924,-0.168359,-0.257684
185,0.291584,-0.3085,-0.034114,-0.950612,0.895797,-0.147171,-0.265174
186,1.18256,0.294506,0.562717,-0.772409,0.913091,-0.128309,-0.27032
187,0.107024,-0.383864,-0.185585,-0.904548,0.927879,-0.107251,-0.274724
188,1.44923,0.265217,0.807856,-0.526335,0.939905,-0.0843573,-0.278313
189,0.623501,-0.168472,0.278572,-0.945524,0.948965,-0.0600213,-0.281026
190,0.144743,0.157721,-0.442118,0.882981,0.953249,-0.0432113,-0.282418
191,0.779402,0.066765,-0.889885,0.451272,0.957063,-0.017404,-0.283516
192,0.0133718,0.347,-0.328303,0.878526,0.932411,0.00870199,-0.357909
193,0.718865,-0.389888,0.378308,-0.839565,0.928153,0.0432113,-0.356338
194,0.279928,0.456101,-0.538496,0.708516,0.923991,0.0600213,-0.354615
195,0.204075,-0.292193,-0.11087,-0.949911,0.911503,0.0921786,-0.350008
196,1.27969,0.506349,-0.830968,-0.230441,0.903463,0.107251,-0.346678
197,0.499227,-0.44132,0.121326,-0.88911,0.883599,0.134865,-0.33935
198,0.172158,0.648744,-0.325157,0.688043,0.87223,0.147171,-0.33464
199,0.334061,-0.333272,-0.00912759,-0.942786,0.846343,0.168359,-0.32509
200,1.48085,0.719211,-0.4267,-0.548328,0.832419,0.177061,-0.319322
201,0.355224,-0.334964,-0.00402713,-0.942222,0.802272,0.190381,-0.3082
202,0.02781,0.681105,-0.0770376,0.728122,0.786741,0.194885,-0.301767
203,0.270787,0.847113,-0.0401244,0.529897,0.762665,0.198859,-0.29252
204,0.535658,-0.469348,-0.00884246,-0.882969,0.730035,0.198859,-0.280482
205,0.0122375,0.694444,0.0804323,0.715037,0.714094,0.196587,-0.27388
206,1.37182,0.788227,0.313437,-0.529581,0.690429,0.190381,-0.264804
207,0.14355,0.751144,0.242982,0.613793,0.66772,0.180919,-0.256099
208,0.0320219,0.000371517,0.225699,-0.974197,0.639462,0.163515,-0.245674
209,1.4386,-0.778032,-0.546465,-0.309908,0.620471,0.147171,-0.238364
210,1.24927,-0.680042,-0.526641,-0.51009,0.603633,0.128309,-0.231879
211,0.0608091,-0.101811,0.341323,-0.934416,0.589238,0.107251,-0.226327
212,1.25962,0.345573,0.882299,-0.319575,0.581198,0.0921786,-0.222997
213,0.215052,0.45891,0.620318,0.636088,0.571376,0.0682786,-0.219256
214,0.189223,0.383144,0.626671,0.67859,0.564549,0.0432113,-0.216666
215,0.140855,0.313104,0.601645,0.734839,0.560832,0.017404,-0.215271
216,0.408345,-0.350488,0.0976066,-0.931467,0.560832,-0.017404,-0.215271
217,0.342464,-0.371029,0.15764,-0.915143,0.564549,-0.0432113,-0.216666
218,0.341277,-0.389189,0.1489,-0.909044,0.571376,-0.0682786,-0.219256
219,0.918269,-0.143853,-0.370567,-0.917598,0.581198,-0.0921786,-0.222997
220,0.480328,-0.230615,0.683215,0.692845,0.589238,-0.107251,-0.226327
221,0.800051,-0.489865,0.719139,0.492821,0.603633,-0.128309,-0.231879
222,0.766581,-0.54825,0.621412,0.559705,0.620471,-0.147171,-0.238364
223,0.650347,-0.538373,0.495512,0.681633,0.639462,-0.163515,-0.245674
224,0.44177,-0.342595,-0.00185194,-0.939481,0.66772,-0.180919,-0.256099
225,0.827183,0.029299,-0.125916,-0.991608,0.690429,-0.190381,-0.264804
226,0.535916,-0.230088,-0.0240597,-0.972872,0.714094,-0.196587,-0.27388
227,0.00433213,-0.0503148,0.0257779,0.998401,0.730035,-0.198859,-0.280482
228,0.287589,-0.438791,-0.00660746,-0.898565,0.762665,-0.198859,-0.29252
229,0.554406,-0.17908,0.0342993,-0.983236,0.786741,-0.194885,-0.301767
230,0.243627,-0.226481,-0.184614,0.95636,0.802272,-0.190381,-0.3082
231,0.705488,-0.0395481,0.15044,-0.987828,0.832419,-0.177061,-0.319322
232,0.279369,-0.179666,-0.327418,0.927641,0.846343,-0.168359,-0.32509
233,0.409686,-0.298588,0.0437407,-0.953379,0.87223,-0.147171,-0.33464
234,0.0779095,0.0673553,-0.303319,0.950505,0.883599,-0.134865,-0.33935
235,0.814184,-0.0651082,0.385604,-0.920364,0.903463,-0.107251,-0.346678
236,0.279939,0.047236,-0.512347,0.857479,0.911503,-0.0921786,-0.350008
237,0.705165,-0.209536,0.351475,-0.912447,0.923991,-0.0600213,-0.354615
238,1.5022,-0.264096,-0.949271,-0.170699,0.928153,-0.0432113,-0.356338
239,0.545453,-0.323894,0.221242,-0.919861,0.932411,-0.00870199,-0.357909
240,1.49888,-0.0460914,-0.966852,-0.251142,0.901455,0.00870199,-0.429962
241,0.251064,-0.404891,-0.070381,-0.911652,0.897333,0.0432113,-0.428062
242,1.54643,-0.41734,0.889836,-0.184446,0.890729,0.0682786,-0.424944
243,1.42964,-0.547339,0.800082,-0.24554,0.881232,0.0921786,-0.420445
244,1.02943,0.580244,-0.813523,-0.0387092,0.873479,0.107251,-0.416494
245,0.00063522,-0.197512,-0.248379,-0.948313,0.854251,0.134865,-0.40763
246,1.38404,-0.800563,0.569101,-0.187679,0.837229,0.152921,-0.399534
247,0.986107,-0.785075,0.329995,-0.524176,0.818228,0.168359,-0.390491
248,1.35867,-0.911455,0.37244,-0.174754,0.797573,0.180919,-0.380656
249,1.27902,-0.936088,0.25417,-0.243179,0.775618,0.190381,-0.370196
250,0.789378,-0.740016,0.0781008,-0.66804,0.752737,0.196587,-0.35929
251,1.47358,-0.996825,0.0579157,-0.0546431,0.729324,0.199429,-0.348127
252,1.43236,-0.99264,-0.0562162,-0.107263,0.705779,0.198859,-0.336896
253,1.35173,-0.966062,-0.157597,-0.204664,0.682503,0.194885,-0.32579
254,0.6975,0.956387,0.289818,0.0364667,0.667524,0.190381,-0.318158
255,1.40119,-0.907661,-0.363486,-0.209832,0.638343,0.177061,-0.304706
256,1.38162,-0.855613,-0.446101,-0.262528,0.618216,0.163515,-0.295088
257,1.30383,-0.787956,-0.491854,-0.370412,0.599856,0.147171,-0.286311
258,0.966677,-0.65211,-0.356015,-0.669332,0.583579,0.128309,-0.278524
259,1.27052,-0.652698,-0.588918,-0.476614,0.569663,0.107251,-0.27186
260,1.11788,-0.574425,-0.5252,-0.627854,0.558346,0.0843573,-0.266434
261,1.17019,-0.50927,-0.588838,-0.627626,0.549822,0.0600213,-0.262337
262,0.955108,-0.453947,-0.427705,-0.781665,0.544237,0.0346586,-0.259641
263,0.186612,-0.378801,0.313599,-0.870727,0.541686,0.00870199,-0.258392
264,0.45744,0.190083,0.819576,0.540522,0.541686,-0.00870199,-0.258392
265,1.2469,-0.249125,0.96497,-0.0822736,0.544237,-0.0346586,-0.259641
266,0.954269,-0.240674,0.940494,0.239891,0.549822,-0.0600213,-0.262337
267,1.42676,-0.520215,0.843131,-0.136039,0.558346,-0.0843573,-0.266434
268,0.918405,-0.42681,0.819867,0.381644,0.569663,-0.107251,-0.27186
269,1.21401,-0.643212,0.746979,0.16823,0.583579,-0.128309,-0.278524
270,0.916335,-0.590029,0.647442,0.482374,0.599856,-0.147171,-0.286311
271,0.885866,-0.636786,0.540619,0.549759,0.618216,-0.163515,-0.295088
272,0.853604,-0.667181,0.425411,0.61147,0.638343,-0.177061,-0.304706
273,1.45647,0.522907,-0.275972,-0.806478,0.667524,-0.190381,-0.318158
274,0.779891,-0.672905,0.181423,0.717136,0.682503,-0.194885,-0.32579
275,0.697223,-0.615706,0.0582891,0.785817,0.705779,-0.198859,-0.336896
276,0.665936,-0.581449,-0.0569592,0.811587,0.729324,-0.199429,-0.348127
277,1.38396,-0.95394,-0.191681,0.230774,0.752737,-0.196587,-0.35929
278,0.920228,-0.708898,-0.308844,0.634097,0.775618,-0.190381,-0.370196
279,0.82824,-0.598271,-0.410382,0.688228,0.797573,-0.180919,-0.380656
280,1.19622,-0.744618,-0.555695,0.369794,0.818228,-0.168359,-0.390491
281,0.807152,-0.452308,-0.602207,0.657848,0.837229,-0.152921,-0.399534
282,0.576346,-0.218059,-0.595412,0.773263,0.854251,-0.134865,-0.40763
283,1.07798,0.0347191,0.564406,-0.824767,0.873479,-0.107251,-0.416494
284,0.571123,-0.0536948,-0.702157,0.709995,0.881232,-0.0921786,-0.420445
285,0.334973,-0.415719,0.0095308,-0.909443,0.893319,-0.0600213,-0.426017
286,1.39242,-0.235514,-0.970584,-0.0499935,0.897333,-0.0432113,-0.428062
287,0.626344,-0.381636,0.299144,-0.874567,0.901455,-0.00870199,-0.429962
288,0.168461,0.457885,-0.469921,0.754663,0.864942,0.00870199,-0.499364
289,0.293562,-0.483412,-0.028754,-0.874921,0.860981,0.0432113,-0.497146
290,0.137881,-0.427986,-0.176096,-0.886464,0.854643,0.0682786,-0.49352
291,0.303413,0.622062,-0.529493,0.576781,0.848965,0.0843573,-0.49004
292,1.53116,0.323067,-0.796335,-0.51135,0.838108,0.107251,-0.483742
293,1.43952,-0.733651,0.671105,-0.106647,0.819635,0.134865,-0.473397
294,0.0453058,-0.274529,-0.193673,-0.941873,0.803301,0.152921,-0.46399
295,1.36121,0.649489,-0.550325,-0.524697,0.791529,0.163515,-0.456776
296,1.37597,-0.922423,0.376512,-0.0858764,0.765248,0.180919,-0.442058
297,1.40597,-0.959817,0.277088,-0.044425,0.744181,0.190381,-0.429908
298,1.06758,0.910105,-0.193701,-0.366319,0.729848,0.194885,-0.421125
299,0.0643785,-0.185779,-0.0208663,-0.98237,0.699762,0.199429,-0.404276
300,1.2418,-0.974783,-0.0488372,-0.217744,0.67717,0.198859,-0.391233
301,1.32034,-0.975188,-0.153893,-0.159141,0.654838,0.194885,-0.378334
302,0.801775,0.942549,0.302765,-0.141193,0.640504,0.190381,-0.36955
303,1.25373,-0.904696,-0.322425,-0.278508,0.612468,0.177061,-0.35385
304,1.27814,-0.864721,-0.409426,-0.290908,0.593157,0.163515,-0.342683
305,1.49774,-0.813289,-0.567347,-0.129145,0.575542,0.147171,-0.332492
306,0.997741,0.620674,0.748417,-0.233743,0.56505,0.134865,-0.326062
307,1.24762,-0.688011,-0.575278,-0.442376,0.546577,0.107251,-0.315718
308,1.19195,-0.622173,-0.577577,-0.528494,0.53572,0.0843573,-0.30942
309,1.46532,-0.508349,-0.779104,-0.366849,0.527544,0.0600213,-0.304667
310,0.936359,0.232224,0.972474,0.0191435,0.523704,0.0432113,-0.302313
311,0.0205216,-0.405459,0.465918,-0.786463,0.519744,0.00870199,-0.300095
312,0.556536,0.187831,0.871881,0.452264,0.519744,-0.00870199,-0.300095
313,1.20238,-0.264838,-0.630728,-0.729413,0.523704,-0.0432113,-0.302313
314,0.608722,-0.0325732,0.847337,0.530056,0.527544,-0.0600213,-0.304667
315,1.24575,-0.092575,-0.613641,-0.784139,0.539157,-0.0921786,-0.311171
316,0.641519,-0.226631,0.750457,0.620848,0.546577,-0.107251,-0.315718
317,1.16457,-0.0100891,-0.479358,-0.877562,0.56505,-0.134865,-0.326062
318,0.689499,-0.400194,0.602528,0.690511,0.575542,-0.147171,-0.332492
319,0.948128,-0.630627,0.547599,0.549949,0.593157,-0.163515,-0.342683
320,0.985196,-0.701784,0.437755,0.562023,0.612468,-0.177061,-0.35385
321,1.37483,0.387696,-0.261598,-0.883888,0.640504,-0.190381,-0.36955
322,0.858937,-0.673458,0.186544,0.715301,0.654838,-0.194885,-0.378334
323,0.944102,-0.738672,0.0638186,0.671037,0.67717,-0.198859,-0.391233
324,0.535034,-0.400006,-0.0522519,0.915022,0.699762,-0.199429,-0.404276
325,1.11362,0.212139,0.13104,-0.968414,0.729848,-0.194885,-0.421125
326,0.774858,-0.548658,-0.292594,0.783175,0.744181,-0.190381,-0.429908
327,0.803043,-0.523453,-0.406071,0.749068,0.765248,-0.180919,-0.442058
328,0.786321,-0.136751,0.234648,-0.962413,0.791529,-0.163515,-0.456776
329,0.58484,-0.23213,-0.528026,0.816887,0.803301,-0.152921,-0.46399
330,0.799231,-0.315958,-0.682288,0.659282,0.819635,-0.134865,-0.473397
331,0.554274,-0.369838,0.183269,-0.910842,0.838108,-0.107251,-0.483742
332,0.266827,-0.511289,-0.0548409,-0.857658,0.848965,-0.0843573,-0.49004
333,0.509747,0.120374,-0.701798,0.702132,0.854643,-0.0682786,-0.49352
334,0.16002,0.353754,-0.455444,0.816964,0.860981,-0.0432113,-0.497146
335,0.643136,-0.445624,0.315084,-0.837938,0.864942,-0.00870199,-0.499364
336,0.228056,-0.548044,-0.0934762,-0.83121,0.822609,0.017404,-0.56539
337,0.549636,-0.577784,0.220509,-0.785838,0.819321,0.0432113,-0.563166
338,0.232273,0.612794,-0.500775,0.611316,0.815677,0.0600213,-0.560518
339,0.177482,-0.494184,-0.134501,-0.85889,0.804611,0.0921786,-0.553123
340,1.36712,0.386795,-0.824788,-0.412448,0.797571,0.107251,-0.548008
341,0.0758212,0.728787,-0.301885,0.614602,0.784868,0.128309,-0.53925
342,0.67804,0.823084,-0.562527,0.0780738,0.770011,0.147171,-0.529012
343,0.407125,0.878586,-0.381977,0.28667,0.753251,0.163515,-0.51747
344,0.408725,0.917493,-0.307268,0.252573,0.734874,0.177061,-0.504823
345,0.200188,0.891828,-0.173002,0.417987,0.715197,0.187579,-0.491286
346,1.5224,0.591902,-0.184733,-0.784555,0.694557,0.194885,-0.47709
347,0.512663,-0.653947,0.00810231,-0.756497,0.665886,0.199429,-0.457933
348,1.45973,0.636813,0.0627709,-0.768459,0.651806,0.199429,-0.447704
349,0.434476,0.978929,0.146276,0.142481,0.630428,0.196587,-0.433015
350,1.3701,0.644066,0.31356,-0.697753,0.609535,0.190381,-0.418664
351,0.0904309,0.85555,0.222995,0.467234,0.589486,0.180919,-0.404899
352,1.5154,0.424385,0.513104,-0.746071,0.570624,0.168359,-0.391954
353,0.34296,0.83554,0.475564,0.275157,0.553272,0.152921,-0.38005
354,1.30931,0.418782,0.735226,-0.532977,0.537726,0.134865,-0.369391
355,0.15494,0.721303,0.49577,0.483668,0.524252,0.114501,-0.360159
356,1.46563,0.130518,0.830599,-0.541359,0.513081,0.0921786,-0.352513
357,0.338933,0.570144,0.70399,0.423479,0.504404,0.0682786,-0.346583
358,1.30251,0.0279561,0.953711,-0.299423,0.49837,0.0432113,-0.34247
359,0.0219135,0.507236,0.502905,0.699855,0.495082,0.017404,-0.340246
360,0.596084,-0.548481,-0.0894833,-0.831361,0.495082,-0.017404,-0.340246
361,0.944846,-0.433227,-0.418608,-0.798174,0.49837,-0.0432113,-0.34247
362,0.49231,-0.557392,0.00650911,-0.830224,0.504404,-0.0682786,-0.346583
363,0.881851,-0.374419,-0.340594,-0.862442,0.513081,-0.0921786,-0.352513
364,0.449327,-0.571135,0.0285954,-0.820358,0.524252,-0.114501,-0.360159
365,0.848586,-0.316212,-0.275466,-0.907815,0.537726,-0.134865,-0.369391
366,0.27299,-0.663195,0.124081,-0.73809,0.553272,-0.152921,-0.38005
367,0.712099,-0.3576,-0.143953,-0.922713,0.570624,-0.168359,-0.391954
368,0.548017,-0.470017,-0.0487832,-0.881308,0.589486,-0.180919,-0.404899
369,0.942554,-0.0932023,-0.159142,-0.982847,0.609535,-0.190381,-0.418664
370,0.306459,-0.63868,0.0206416,-0.769195,0.630428,-0.196587,-0.433015
371,0.74527,-0.242207,-0.0221507,-0.969972,0.651806,-0.199429,-0.447704
372,0.102835,0.0982714,-0.0309081,0.99468,0.665886,-0.199429,-0.457933
373,0.672103,-0.295149,0.0566285,-0.953772,0.694557,-0.194885,-0.47709
374,0.42322,-0.511059,0.0178326,-0.859361,0.715197,-0.187579,-0.491286
375,0.134422,-0.707444,-0.0984128,-0.699884,0.734874,-0.177061,-0.504823
376,0.0119975,-0.753567,-0.18458,-0.630925,0.753251,-0.163515,-0.51747
377,0.345923,-0.55395,0.00171182,-0.832548,0.770011,-0.147171,-0.529012
378,0.46626,-0.480424,0.0968061,-0.871677,0.784868,-0.128309,-0.53925
379,0.755169,-0.317,0.341449,-0.88483,0.797571,-0.107251,-0.548008
380,0.350267,0.202032,-0.562832,0.801501,0.804611,-0.0921786,-0.553123
381,0.306489,-0.560399,-0.0174557,-0.828039,0.815677,-0.0600213,-0.560518
382,1.4456,-0.268023,-0.961718,-0.0571137,0.819321,-0.0432113,-0.563166
383,1.32361,-0.253592,0.840606,-0.478616,0.823095,-0.00870199,-0.565688
384,0.496166,-0.61863,0.173031,-0.766392,0.775713,0.017404,-0.628188
385,0.0641453,-0.55933,-0.250951,-0.790047,0.77261,0.0432113,-0.625712
386,1.43109,-0.502928,0.846612,-0.174104,0.766917,0.0682786,-0.621139
387,1.33628,-0.623783,0.75881,-0.187355,0.758733,0.0921786,-0.614547
388,1.46207,0.288098,-0.811023,-0.509158,0.752117,0.107251,-0.608896
389,0.00702266,0.757431,-0.253812,0.601563,0.74014,0.128309,-0.599168
390,1.06556,-0.854719,0.43605,-0.281632,0.720827,0.152921,-0.583942
391,1.46891,-0.857746,0.499965,0.11961,0.704462,0.168359,-0.570713
392,1.46423,-0.907118,0.395538,0.143829,0.686674,0.180919,-0.556328
393,0.965811,0.868256,-0.312612,-0.385234,0.674447,0.187579,-0.545885
394,0.0330852,0.875198,-0.0779826,0.477438,0.654984,0.194885,-0.530114
395,0.300045,-0.547321,-0.00579614,-0.836902,0.627904,0.199429,-0.508766
396,1.33596,0.671008,0.0645979,-0.738631,0.61467,0.199429,-0.497463
397,1.45891,-0.97666,-0.169026,0.132533,0.587591,0.194885,-0.476115
398,0.742563,0.926912,0.295811,-0.230933,0.574808,0.190381,-0.465198
399,0.0390975,-0.297327,0.171744,-0.939202,0.549574,0.177061,-0.445305
400,1.1022,0.664131,0.555758,-0.500064,0.538113,0.168359,-0.435516
401,1.42211,-0.838613,-0.5403,-0.0693138,0.516444,0.147171,-0.418434
402,0.689728,0.720541,0.690508,-0.0633968,0.507086,0.134865,-0.410442
403,0.0280435,-0.364037,0.36598,-0.856467,0.490458,0.107251,-0.397333
404,0.742368,0.531838,0.846846,0.000650064,0.483842,0.0921786,-0.391682
405,0.198248,-0.516506,0.280686,-0.808973,0.47339,0.0600213,-0.383442
406,0.845016,0.285611,0.95676,0.0550981,0.469964,0.0432113,-0.380516
407,0.162049,-0.565459,0.336784,-0.752883,0.466399,0.00870199,-0.377706
408,0.52516,0.273916,0.856224,0.438008,0.466399,-0.00870199,-0.377706
409,1.42692,-0.25146,-0.782142,-0.570106,0.469964,-0.0432113,-0.380516
410,0.523755,0.10713,0.808391,0.578816,0.47339,-0.0600213,-0.383442
411,1.48324,-0.0488971,-0.750369,-0.659208,0.483842,-0.0921786,-0.391682
412,0.582117,-0.0821357,0.727858,0.680792,0.490458,-0.107251,-0.397333
413,1.55859,0.168624,-0.665081,-0.727484,0.507086,-0.134865,-0.410442
414,0.81779,-0.387975,0.631925,0.67093,0.516444,-0.147171,-0.418434
415,1.21835,0.00838172,-0.386233,-0.922363,0.538113,-0.168359,-0.435516
416,0.701573,-0.380626,0.402005,0.832776,0.549574,-0.177061,-0.445305
417,1.50813,0.366914,-0.284142,-0.885798,0.574808,-0.190381,-0.465198
418,0.773044,-0.480986,0.180926,0.857857,0.587591,-0.194885,-0.476115
419,0.856776,-0.210226,-0.0288728,-0.977226,0.61467,-0.199429,-0.497463
420,0.324674,-0.0446185,-0.0428528,0.998085,0.627904,-0.199429,-0.508766
421,0.609712,-0.425493,0.0448786,-0.903848,0.654984,-0.194885,-0.530114
422,1.18111,0.114922,0.233684,-0.965497,0.674447,-0.187579,-0.545885
423,0.651022,-0.266808,-0.374717,0.887919,0.686674,-0.180919,-0.556328
424,0.570128,-0.14486,-0.442457,0.885013,0.704462,-0.168359,-0.570713
425,0.835415,-0.26677,0.311648,-0.911981,0.726131,-0.147171,-0.587796
426,0.499413,-0.527359,0.121445,-0.840919,0.74014,-0.128309,-0.599168
427,0.699739,-0.420982,0.298941,-0.856393,0.752117,-0.107251,-0.608896
428,0.731599,0.000155647,-0.782348,0.622842,0.758733,-0.0921786,-0.614547
429,0.709675,0.0994136,-0.814094,0.572161,0.766917,-0.0682786,-0.621139
430,0.457525,0.33226,-0.690074,0.642963,0.77261,-0.0432113,-0.625712
431,0.0991471,0.544046,-0.407825,0.733275,0.775713,-0.017404,-0.628188
432,0.409369,-0.680402,0.0871966,-0.727633,0.724035,0.017404,-0.687113
433,1.36644,-0.465222,0.847627,-0.255141,0.721135,0.0432113,-0.684401
434,0.213604,-0.648394,-0.105192,-0.754002,0.715819,0.0682786,-0.679396
435,1.16479,0.376492,-0.894281,-0.241898,0.71111,0.0843573,-0.674687
436,1.26417,-0.732062,0.667704,-0.135115,0.69834,0.114501,-0.662883
437,1.1582,-0.816739,0.550443,-0.173063,0.686476,0.134865,-0.651657
438,1.02155,0.679066,-0.645672,-0.349251,0.677775,0.147171,-0.642956
439,0.102642,-0.508311,-0.136363,-0.850309,0.657513,0.168359,-0.624226
440,1.37904,-0.916274,0.377213,0.134731,0.640908,0.180919,-0.608488
441,0.978037,0.829228,-0.313527,-0.462689,0.629538,0.187579,-0.597118
442,1.01164,-0.973481,0.115627,-0.197394,0.604869,0.196587,-0.574314
443,1.3428,-0.990342,0.0534332,0.127934,0.586051,0.199429,-0.556462
444,0.956027,-0.963236,-0.034552,-0.266424,0.567128,0.198859,-0.538505
445,1.22446,-0.989663,-0.141706,-0.0220578,0.548424,0.194885,-0.52075
446,0.739566,0.906988,0.29542,-0.300165,0.536538,0.190381,-0.508863
447,0.991534,-0.923686,-0.232806,-0.304312,0.512941,0.177061,-0.487051
448,0.871292,-0.869033,-0.227269,-0.439467,0.49677,0.163515,-0.471684
449,1.15528,-0.874816,-0.421422,-0.238959,0.482022,0.147171,-0.457664
450,0.952589,0.576753,0.744231,-0.336862,0.47332,0.134865,-0.448962
451,1.4955,-0.705642,-0.705108,-0.0699436,0.457772,0.107251,-0.43459
452,0.543623,0.625258,0.771738,0.116074,0.451619,0.0921786,-0.428436
453,0.16868,-0.565529,0.307299,-0.76534,0.441846,0.0600213,-0.419402
454,1.03927,0.16191,0.980427,-0.112013,0.438661,0.0432113,-0.416217
455,1.45721,-0.433409,-0.812202,-0.390493,0.435327,0.00870199,-0.413135
456,0.811038,0.123749,0.965982,0.227079,0.435327,-0.00870199,-0.413135
457,1.18235,-0.438575,-0.615554,-0.654787,0.438661,-0.0432113,-0.416217
458,0.488248,0.177107,0.790392,0.586442,0.441846,-0.0600213,-0.419402
459,0.203582,-0.74312,0.255477,-0.618469,0.451619,-0.0921786,-0.428436
460,0.806335,-0.203685,0.799131,0.565599,0.457772,-0.107251,-0.43459
461,1.3388,-0.0717586,-0.572515,-0.816748,0.47332,-0.134865,-0.448962
462,1.15138,-0.580467,0.659005,0.4783,0.482022,-0.147171,-0.457664
463,1.43995,-0.792622,0.527796,0.305258,0.49677,-0.163515,-0.471684
464,1.31509,-0.770416,0.435276,0.465825,0.512941,-0.177061,-0.487051
465,1.54384,0.329149,-0.289325,-0.898862,0.536538,-0.190381,-0.508863
466,0.992623,-0.598274,0.192578,0.777806,0.548424,-0.194885,-0.52075
467,1.26042,-0.790709,0.0652233,0.608708,0.567128,-0.198859,-0.538505
468,0.852386,-0.473459,-0.0619653,0.878633,0.586051,-0.199429,-0.556462
469,1.21514,-0.735038,-0.195187,0.649324,0.604869,-0.196587,-0.574314
470,1.20688,0.063838,0.239321,-0.96884,0.629538,-0.187579,-0.597118
471,0.817428,-0.346824,-0.408549,0.844275,0.640908,-0.180919,-0.608488
472,0.546251,-0.0532496,-0.434277,0.899204,0.657513,-0.168359,-0.624226
473,1.34115,0.0957915,0.554264,-0.82681,0.677775,-0.147171,-0.642956
474,1.09298,-0.384012,-0.744712,0.545838,0.686476,-0.134865,-0.651657
475,0.916328,-0.171681,-0.788804,0.590181,0.69834,-0.114501,-0.662883
476,0.943288,-0.366959,0.517752,-0.772835,0.71111,-0.0843573,-0.674687
477,0.351177,0.381879,-0.592586,0.709232,0.715819,-0.0682786,-0.679396
478,0.728491,0.212701,-0.851456,0.479355,0.721135,-0.0432113,-0.684401
479,0.108416,0.596889,-0.416241,0.685905,0.724035,-0.017404,-0.687113
480,0.617845,-0.715342,0.29104,-0.635281,0.667893,0.017404,-0.741801
481,0.028159,0.735036,-0.337277,0.588189,0.666418,0.0346586,-0.740074
482,0.351778,-0.739919,0.0254336,-0.672215,0.660308,0.0682786,-0.733465
483,1.15417,0.363841,-0.893504,-0.263193,0.655982,0.0843573,-0.728401
484,0.0120282,-0.578438,-0.261647,-0.772626,0.644178,0.114501,-0.715631
485,1.11304,0.532433,-0.746635,-0.398812,0.637297,0.128309,-0.707574
486,0.0689523,0.877232,-0.2643,0.400761,0.62524,0.147171,-0.694151
487,0.0776498,-0.555107,-0.149782,-0.818182,0.60651,0.168359,-0.673889
488,1.12201,0.672331,-0.440781,-0.594713,0.596721,0.177061,-0.662428
489,0.0992612,0.94506,-0.144802,0.293077,0.580748,0.187579,-0.644671
490,1.5496,0.367522,-0.182965,-0.911839,0.563992,0.194885,-0.62605
491,0.0201779,-0.441073,-0.0235888,-0.897161,0.540585,0.199429,-0.600728
492,1.23384,0.629547,0.0653604,-0.774208,0.529282,0.199429,-0.587494
493,1.43221,0.4424,0.187975,-0.876896,0.511923,0.196587,-0.568221
494,1.35048,0.480129,0.314912,-0.818722,0.494958,0.190381,-0.549391
495,1.38454,0.406937,0.42869,-0.806615,0.478677,0.180919,-0.531325
496,1.4317,0.312475,0.529179,-0.788878,0.463358,0.168359,-0.514334
497,0.969362,0.607148,0.65323,-0.452395,0.449264,0.152921,-0.498708
498,1.31297,-0.823411,-0.559741,-0.0931896,0.43257,0.128309,-0.480648
499,1.32715,-0.769804,-0.621185,-0.146735,0.422264,0.107251,-0.469166
500,0.366652,0.706827,0.67923,0.19759,0.416612,0.0921786,-0.46255
501,1.19024,-0.704834,-0.603583,-0.372687,0.407578,0.0600213,-0.452776
502,1.30775,-0.60486,-0.70623,-0.367944,0.403449,0.0346586,-0.448148
503,0.626754,0.351449,0.903777,0.244277,0.401974,0.017404,-0.44642
504,0.118649,-0.696609,0.377209,-0.610286,0.401974,-0.017404,-0.44642
505,1.01024,-0.0905243,0.979236,0.181391,0.403449,-0.0346586,-0.448148
506,1.14086,-0.268321,0.944732,0.188374,0.407578,-0.0600213,-0.452776
507,0.412347,-0.755987,0.0717038,-0.650648,0.416612,-0.0921786,-0.46255
508,0.989209,-0.303358,0.827677,0.472148,0.422264,-0.107251,-0.469166
509,0.949019,-0.334029,0.743848,0.578891,0.43257,-0.128309,-0.480648
510,1.35416,-0.0640144,-0.513372,-0.855775,0.449264,-0.152921,-0.498708
511,0.876117,-0.435515,-0.229685,-0.870386,0.463358,-0.168359,-0.514334
512,0.932836,-0.356823,-0.21034,-0.910184,0.478677,-0.180919,-0.531325
513,0.624686,-0.592175,-0.0638295,-0.803277,0.494958,-0.190381,-0.549391
514,0.571972,-0.619182,-0.0310314,-0.784634,0.511923,-0.196587,-0.568221
515,0.787473,-0.42417,-0.0247328,-0.905245,0.529282,-0.199429,-0.587494
516,0.428546,0.0085487,-0.0477562,0.998822,0.540585,-0.199429,-0.600728
517,0.681805,-0.501354,0.0584499,-0.863266,0.563992,-0.194885,-0.62605
518,0.503728,-0.640411,0.0435956,-0.766794,0.580748,-0.187579,-0.644671
519,1.04243,-0.184706,0.279583,-0.942187,0.596721,-0.177061,-0.662428
520,0.516195,0.045293,-0.423676,0.904681,0.60651,-0.168359,-0.673889
521,0.685222,-0.520775,0.221156,-0.82455,0.62524,-0.147171,-0.694151
522,1.14388,-0.18508,0.543,-0.819083,0.637297,-0.128309,-0.707574
523,0.608829,0.127956,-0.672054,0.729364,0.644178,-0.114501,-0.715631
524,1.00463,-0.38468,0.561696,-0.732474,0.655982,-0.0843573,-0.728401
525,0.19778,0.527422,-0.472761,0.70592,0.660308,-0.0682786,-0.733465
526,0.507518,-0.69755,0.180071,-0.69354,0.666418,-0.0346586,-0.740074
527,1.44507,-0.186656,-0.978725,-0.0851932,0.667893,-0.017404,-0.741801
528,0.301718,-0.784335,-0.0201139,-0.620011,0.607633,0.017404,-0.791917
529,0.168716,0.749277,-0.46298,0.473534,0.606298,0.0346586,-0.790079
530,0.231992,-0.763476,-0.0878818,-0.639829,0.600725,0.0682786,-0.783011
531,1.40216,0.145526,-0.88567,-0.44092,0.59681,0.0843573,-0.777623
532,1.09875,-0.804117,0.576931,-0.143339,0.586044,0.114501,-0.763966
533,0.740732,0.731004,-0.662613,-0.163023,0.579817,0.128309,-0.755395
534,1.40011,-0.791311,0.57437,0.209585,0.564592,0.152921,-0.736081
535,1.15306,-0.915787,0.399737,0.0392969,0.551767,0.168359,-0.719398
536,0.664016,0.88304,-0.377754,-0.278462,0.542908,0.177061,-0.707204
537,1.09684,-0.976195,0.214266,0.0336544,0.523015,0.190381,-0.681969
538,0.781823,-0.960785,0.0767552,-0.26646,0.507579,0.196587,-0.661867
539,1.17099,-0.992488,0.0461669,0.1133,0.491786,0.199429,-0.64129
540,0.436013,-0.806913,-0.00234316,-0.590666,0.475905,0.198859,-0.620594
541,0.398248,-0.776659,0.00275946,-0.629915,0.460208,0.194885,-0.600131
542,0.822868,-0.951127,-0.124635,-0.28253,0.444964,0.187579,-0.580252
543,0.833962,-0.938761,-0.170889,-0.299208,0.430434,0.177061,-0.561296
544,0.799924,-0.914126,-0.190485,-0.357895,0.416866,0.163515,-0.54359
545,0.368104,0.873276,0.486892,-0.0180391,0.40875,0.152921,-0.53242
546,1.37591,-0.806916,-0.590239,0.0224723,0.393525,0.128309,-0.513106
547,1.02922,-0.849702,-0.431509,-0.302997,0.384151,0.107251,-0.50085
548,0.336631,0.732306,0.661339,0.162352,0.379036,0.0921786,-0.49381
549,0.973917,-0.789373,-0.432878,-0.435324,0.370796,0.0600213,-0.483358
550,0.0184386,-0.638272,0.457639,-0.619011,0.367044,0.0346586,-0.47842
551,0.631157,0.366442,0.905637,0.213406,0.365709,0.017404,-0.476582
552,0.0674917,-0.728091,0.423966,-0.538642,0.365709,-0.017404,-0.476582
553,0.691831,0.175392,0.912616,0.369282,0.367044,-0.0346586,-0.47842
554,1.34269,-0.401887,0.912423,0.0772722,0.370796,-0.0600213,-0.483358
555,0.47883,-0.788947,0.0121613,-0.614341,0.379036,-0.0921786,-0.49381
556,1.36494,-0.546,0.799764,0.249523,0.384151,-0.107251,-0.50085
557,0.982355,-0.315305,0.747145,0.585113,0.393525,-0.128309,-0.513106
558,0.388648,-0.817399,0.0484915,-0.574028,0.40875,-0.152921,-0.53242
559,1.5179,-0.778392,0.512567,0.362465,0.416866,-0.163515,-0.54359
560,1.47697,-0.78734,0.416721,0.454356,0.430434,-0.177061,-0.561296
561,1.1341,-0.576892,0.321587,0.750851,0.444964,-0.187579,-0.580252
562,0.0294028,0.45032,0.0834765,0.888956,0.460208,-0.194885,-0.600131
563,0.0214558,0.463669,0.0268048,0.885603,0.475905,-0.198859,-0.620594
564,1.05325,-0.511706,-0.0649467,0.856703,0.491786,-0.199429,-0.64129
565,1.47768,-0.803294,-0.187385,0.565337,0.507579,-0.196587,-0.661867
566,1.0794,-0.484883,-0.319173,0.814259,0.523015,-0.190381,-0.681969
567,1.51398,0.190943,0.404937,-0.894185,0.542908,-0.177061,-0.707204
568,0.957898,-0.293296,-0.536823,0.791074,0.551767,-0.168359,-0.719398
569,0.894837,-0.183385,-0.623449,0.760054,0.564592,-0.152921,-0.736081
570,0.00326629,-0.875667,-0.246518,-0.415254,0.579817,-0.128309,-0.755395
571,1.07904,-0.214561,-0.821057,0.528988,0.586044,-0.114501,-0.763966
572,0.79071,-0.580606,0.40042,-0.708915,0.59681,-0.0843573,-0.777623
573,0.294549,0.523916,-0.549829,0.650539,0.600725,-0.0682786,-0.783011
574,0.373849,-0.778142,0.0499687,-0.626098,0.606298,-0.0346586,-0.790079
575,0.175711,0.670783,-0.476288,0.568506,0.607633,-0.017404,-0.791917
576,0.302408,0.695847,-0.583268,0.419042,0.543962,0.00870199,-0.837612
577,0.0506168,-0.771719,-0.26375,-0.578693,0.54144,0.0432113,-0.833838
578,1.00824,-0.75746,0.597914,-0.262209,0.537439,0.0682786,-0.827729
579,1.51976,-0.535803,0.83334,0.135866,0.531692,0.0921786,-0.818931
580,1.02361,0.478865,-0.812506,-0.332451,0.527146,0.107251,-0.811511
581,1.06244,0.502418,-0.741118,-0.445332,0.518762,0.128309,-0.798558
582,0.164453,-0.743904,-0.117359,-0.657901,0.505099,0.152921,-0.77811
583,1.48716,0.226228,-0.536159,-0.813237,0.497884,0.163515,-0.766337
584,1.26684,0.451978,-0.44193,-0.774863,0.485747,0.177061,-0.74762
585,1.30429,-0.916449,0.259069,0.304968,0.467895,0.190381,-0.720903
586,0.783427,0.830912,-0.179093,-0.526794,0.459112,0.194885,-0.706569
587,1.46259,-0.883672,0.0575722,0.464553,0.439954,0.199429,-0.677898
588,0.750767,0.845129,0.0598042,-0.531206,0.430861,0.199429,-0.663059
589,1.06124,0.62298,0.19432,-0.757718,0.416731,0.196587,-0.641308
590,0.911628,-0.980962,-0.150433,-0.122816,0.398066,0.187579,-0.613374
591,0.962745,-0.969195,-0.221889,-0.106894,0.385068,0.177061,-0.593338
592,0.34322,0.912392,0.396175,-0.102889,0.377194,0.168359,-0.580487
593,0.946805,0.546042,0.650966,-0.527335,0.365718,0.152921,-0.562848
594,1.4684,-0.759904,-0.630803,0.156954,0.352054,0.128309,-0.5424
595,0.786895,0.540575,0.79446,-0.276789,0.346519,0.114501,-0.533366
596,0.859828,0.420022,0.875666,-0.238308,0.339124,0.0921786,-0.522027
597,0.800469,0.394651,0.912399,-0.108525,0.333378,0.0682786,-0.513228
598,0.251083,-0.777941,0.245324,-0.578466,0.328376,0.0346586,-0.505744
599,1.03028,0.0647117,0.997279,-0.0353022,0.327189,0.017404,-0.503807
600,1.28413,-0.566896,-0.700223,-0.433954,0.327189,-0.017404,-0.503807
601,0.502932,0.352929,0.828926,0.433961,0.328376,-0.0346586,-0.505744
602,0.0127924,-0.818466,0.442653,-0.366296,0.333378,-0.0682786,-0.513228
603,1.57034,-0.177053,-0.790254,-0.586644,0.339124,-0.0921786,-0.522027
604,0.0662752,-0.88514,0.337179,-0.320682,0.346519,-0.114501,-0.533366
605,0.900928,-0.196917,0.73769,0.645784,0.352054,-0.128309,-0.5424
606,1.36109,-0.190785,-0.516186,-0.834957,0.365718,-0.152921,-0.562848
607,0.0923237,-0.940553,0.194673,-0.278322,0.377194,-0.168359,-0.580487
608,1.03032,-0.41016,0.440252,0.798716,0.385068,-0.177061,-0.593338
609,1.08126,-0.471252,0.320949,0.821531,0.398066,-0.187579,-0.613374
610,0.966525,-0.420317,-0.10274,-0.901542,0.416731,-0.196587,-0.641308
611,1.50786,0.124481,-0.0585914,-0.990491,0.430861,-0.199429,-0.663059
612,0.785408,-0.190012,-0.0604041,0.979922,0.439954,-0.199429,-0.677898
613,1.49344,0.123877,0.175365,-0.976679,0.459112,-0.194885,-0.706569
614,0.861648,-0.217303,-0.30306,0.927865,0.467895,-0.190381,-0.720903
615,0.821821,-0.521294,0.197742,-0.830151,0.485747,-0.177061,-0.74762
616,0.701925,-0.621669,0.191337,-0.759551,0.497884,-0.163515,-0.766337
617,0.495094,0.245445,-0.490475,0.836176,0.505099,-0.152921,-0.77811
618,1.11679,-0.333939,0.528717,-0.780348,0.518762,-0.128309,-0.798558
619,1.16457,-0.331447,0.61512,-0.715381,0.527146,-0.107251,-0.811511
620,0.677786,0.237792,-0.757596,0.607868,0.531692,-0.0921786,-0.818931
621,1.07505,-0.0345232,-0.933217,0.35765,0.537439,-0.0682786,-0.827729
622,0.487767,0.494417,-0.710827,0.500277,0.54144,-0.0432113,-0.833838
623,0.171523,-0.827518,-0.149467,-0.541178,0.543962,-0.00870199,-0.837612
624,0.260776,-0.86892,-0.0609353,-0.491187,0.476269,0.017404,-0.877223
625,0.0494193,-0.814352,-0.264886,-0.516397,0.474349,0.0432113,-0.873748
626,1.52732,-0.0915746,-0.909759,-0.40491,0.472304,0.0600213,-0.869735
627,0.0251687,-0.768381,-0.267512,-0.581402,0.465801,0.0921786,-0.858122
628,0.903648,0.543136,-0.78542,-0.296848,0.46185,0.107251,-0.850369
629,0.906185,0.585504,-0.712137,-0.387358,0.454509,0.128309,-0.836798
630,1.14875,-0.869289,0.475691,0.134368,0.442492,0.152921,-0.815341
631,0.835517,-0.96124,0.259145,-0.0941303,0.432436,0.168359,-0.796856
632,0.551174,-0.940204,0.0846832,-0.329918,0.421506,0.180919,-0.776758
633,1.27898,-0.900274,0.25416,0.353425,0.409892,0.190381,-0.755391
634,0.839811,0.751423,-0.183183,-0.633883,0.40226,0.194885,-0.740413
635,1.16197,-0.96493,0.0457452,0.258492,0.385411,0.199429,-0.710326
636,0.395693,0.958792,0.0467931,-0.28023,0.37751,0.199429,-0.694819
637,0.976843,-0.993512,-0.104461,0.0449636,0.360661,0.194885,-0.664734
638,0.776838,-0.978504,-0.110861,-0.173896,0.348715,0.187579,-0.642716
639,0.972446,-0.973981,-0.225595,-0.0216075,0.337329,0.177061,-0.62172
640,0.396467,0.8823,0.416364,-0.219518,0.330486,0.168359,-0.608292
641,0.670175,-0.929515,-0.136167,-0.342724,0.317004,0.147171,-0.584217
642,1.34646,-0.807407,-0.576254,0.126592,0.308413,0.128309,-0.56835
643,0.424495,0.750626,0.655695,-0.081397,0.303604,0.114501,-0.55891
644,0.978257,0.302145,0.892506,-0.334874,0.297122,0.0921786,-0.547025
645,0.624283,0.51893,0.853818,-0.0413095,0.292082,0.0682786,-0.537802
646,1.34383,-0.653331,-0.730311,-0.19951,0.287684,0.0346586,-0.529949
647,1.32033,-0.62226,-0.725499,-0.294014,0.286355,0.00870199,-0.527438
648,0.98853,0.0343636,0.994985,0.0939344,0.286355,-0.00870199,-0.527438
649,0.967045,-0.00779977,0.975928,0.217953,0.287684,-0.0346586,-0.529949
650,0.161889,-0.875278,0.313379,-0.368352,0.292082,-0.0682786,-0.537802
651,0.180123,-0.896653,0.275567,-0.346519,0.297122,-0.0921786,-0.547025
652,0.211916,-0.913313,0.223277,-0.340598,0.303604,-0.114501,-0.55891
653,0.865704,-0.113214,0.732037,0.671792,0.308413,-0.128309,-0.56835
654,0.0524427,0.578669,0.324687,0.748145,0.317004,-0.147171,-0.584217
655,0.313152,-0.919784,0.0759037,-0.385015,0.330486,-0.168359,-0.608292
656,1.32004,-0.592612,0.434896,0.677994,0.337329,-0.177061,-0.62172
657,1.53525,-0.75923,0.297538,0.578827,0.348715,-0.187579,-0.642716
658,1.30691,-0.603011,0.19311,0.774007,0.360661,-0.194885,-0.664734
659,0.348714,-0.896451,0.00337237,-0.44313,0.37751,-0.199429,-0.694819
660,1.07554,-0.391967,-0.065118,0.917672,0.385411,-0.199429,-0.710326
661,1.45801,0.0116244,0.172204,-0.984993,0.40226,-0.194885,-0.740413
662,0.850264,-0.132742,-0.301814,0.94408,0.409892,-0.190381,-0.755391
663,1.56225,-0.710853,-0.41575,0.567309,0.421506,-0.180919,-0.776758
664,1.3478,-0.513842,-0.551329,0.657269,0.432436,-0.168359,-0.796856
665,1.02657,-0.185732,-0.646371,0.740073,0.442492,-0.152921,-0.815341
666,1.32195,-0.214267,0.626584,-0.749321,0.454509,-0.128309,-0.836798
667,1.32363,-0.250535,0.69601,-0.672906,0.46185,-0.107251,-0.850369
668,0.569163,0.375481,-0.701064,0.606237,0.465801,-0.0921786,-0.858122
669,0.556674,-0.813131,0.217521,-0.53991,0.472304,-0.0600213,-0.869735
670,0.476255,0.540132,-0.703,0.462654,0.474349,-0.0432113,-0.873748
671,0.212015,0.734832,-0.507803,0.44962,0.476269,-0.017404,-0.877223
672,0.223722,-0.901094,-0.0977901,-0.422454,0.405975,0.017404,-0.911886
673,0.15125,0.845223,-0.447808,0.291661,0.405106,0.0346586,-0.909787
674,1.3979,-0.551817,0.832054,0.0564253,0.401338,0.0682786,-0.901613
675,1.20783,-0.721349,0.691265,0.0425272,0.397038,0.0921786,-0.892023
676,0.806253,0.591683,-0.755098,-0.28238,0.393708,0.107251,-0.883983
677,0.979445,0.495379,-0.727944,-0.474021,0.387454,0.128309,-0.869879
678,0.946196,-0.926465,0.37401,0.0421858,0.377158,0.152921,-0.847545
679,1.12844,-0.891165,0.390121,0.231583,0.368582,0.168359,-0.828328
680,0.808077,0.702233,-0.406944,-0.584179,0.362814,0.177061,-0.814403
681,0.732476,-0.989805,0.114724,-0.084408,0.349361,0.190381,-0.785223
682,0.576775,-0.971384,0.038592,-0.234356,0.339045,0.196587,-0.762071
683,0.892336,-0.996996,0.031612,0.0707045,0.328492,0.199429,-0.738376
684,0.457823,0.909923,0.0495471,-0.411808,0.321832,0.199429,-0.722297
685,1.09919,-0.962591,-0.123799,0.241025,0.307395,0.194885,-0.690983
686,0.757471,0.710812,0.297655,-0.637298,0.300962,0.190381,-0.675451
687,1.00189,0.491104,0.438799,-0.75251,0.29106,0.180919,-0.653239
688,1.23868,0.238686,0.551999,-0.798953,0.281742,0.168359,-0.632346
689,0.786619,0.585845,0.625722,-0.515032,0.273166,0.152921,-0.61313
690,1.37747,-0.778535,-0.590964,0.211295,0.262871,0.128309,-0.590796
691,0.368491,0.772849,0.626019,-0.103945,0.258816,0.114501,-0.581008
692,0.790306,-0.922465,-0.263296,-0.282371,0.251535,0.0843573,-0.565214
693,0.161836,0.799423,0.581376,0.151409,0.248987,0.0682786,-0.559061
694,1.31059,-0.687265,-0.708158,-0.161797,0.245218,0.0346586,-0.550886
695,1.06202,-0.785914,-0.526421,-0.324377,0.244089,0.00870199,-0.54828
696,1.2472,-0.191891,0.981256,-0.0177436,0.244089,-0.00870199,-0.54828
697,0.975598,0.00152701,0.976719,0.214517,0.245218,-0.0346586,-0.550886
698,0.313288,-0.917354,0.175013,-0.357537,0.248987,-0.0682786,-0.559061
699,0.199151,-0.922869,0.259274,-0.284764,0.253287,-0.0921786,-0.568651
700,0.0746382,-0.925677,0.330798,-0.183562,0.258816,-0.114501,-0.581008
701,0.69808,0.0986956,0.692983,0.714167,0.262871,-0.128309,-0.590796
702,1.5208,-0.170826,-0.57495,-0.800157,0.273166,-0.152921,-0.61313
703,1.00991,-0.584727,-0.295167,-0.755626,0.281742,-0.168359,-0.632346
704,1.30042,-0.305345,-0.33625,-0.890898,0.29106,-0.180919,-0.653239
705,1.53129,-0.0523459,-0.287545,-0.956336,0.300962,-0.190381,-0.675451
706,1.18121,-0.431183,0.195191,0.880898,0.307395,-0.194885,-0.690983
707,0.273582,-0.953628,0.00827223,-0.300873,0.321832,-0.199429,-0.722297
708,1.26888,-0.494869,-0.0652468,0.866514,0.328492,-0.199429,-0.738376
709,0.20262,0.534245,-0.107062,0.838523,0.339045,-0.196587,-0.762071
710,1.4181,-0.581086,-0.314223,0.750735,0.349361,-0.190381,-0.785223
711,1.29842,-0.232663,0.357348,-0.904528,0.362814,-0.177061,-0.814403
712,1.00658,-0.14748,-0.543217,0.826538,0.368582,-0.168359,-0.828328
713,1.20443,-0.293645,-0.659435,0.692039,0.377158,-0.152921,-0.847545
714,1.30369,-0.288953,0.618904,-0.730386,0.387454,-0.128309,-0.869879
715,1.45883,-0.180203,0.751013,-0.635221,0.393708,-0.107251,-0.883983
716,0.922264,0.110507,-0.851326,0.512866,0.397038,-0.0921786,-0.892023
717,0.676017,0.376719,-0.797346,0.471511,0.401338,-0.0682786,-0.901613
718,0.371116,-0.903158,0.0472958,-0.426695,0.405106,-0.0346586,-0.909787
719,0.24128,0.753286,-0.532717,0.38571,0.405975,-0.017404,-0.911886
720,1.53998,-0.247575,-0.955894,-0.158029,0.333396,0.00870199,-0.941455
721,0.0548599,-0.886827,-0.25974,-0.382196,0.331825,0.0432113,-0.937196
722,1.33208,-0.595237,0.800508,0.0698547,0.32936,0.0682786,-0.930322
723,1.47216,-0.0643122,-0.873498,-0.482561,0.327302,0.0843573,-0.923987
724,1.20363,0.224979,-0.831177,-0.508457,0.323137,0.107251,-0.912148
725,1.0176,0.423879,-0.734618,-0.529777,0.31801,0.128309,-0.897596
726,0.0858827,0.961352,-0.274498,0.0212667,0.312006,0.147171,-0.88058
727,0.0280923,0.978099,-0.205446,0.0333723,0.305231,0.163515,-0.861392
728,1.41433,0.115652,-0.433561,-0.893672,0.297798,0.177061,-0.840359
729,1.28124,0.253444,-0.320645,-0.912662,0.289836,0.187579,-0.817841
730,1.30908,0.228499,-0.193917,-0.954036,0.281482,0.194885,-0.794225
731,0.980631,0.52615,-0.064165,-0.847968,0.272876,0.198859,-0.769912
732,1.26901,0.251494,0.0651779,-0.965662,0.26417,0.199429,-0.745321
733,0.990762,0.491264,0.192507,-0.849471,0.255507,0.196587,-0.720873
734,1.06722,0.40045,0.320604,-0.858401,0.247039,0.190381,-0.696983
735,0.792326,0.606175,0.417146,-0.677157,0.238911,0.180919,-0.674061
736,0.917638,-0.967185,-0.250493,0.0424954,0.228485,0.163515,-0.645804
737,0.371338,0.823279,0.488333,-0.289383,0.224219,0.152921,-0.632672
738,1.35673,-0.771755,-0.581173,0.258133,0.215707,0.128309,-0.609599
739,0.397009,0.745461,0.641384,-0.181424,0.212433,0.114501,-0.599523
740,0.910008,0.30808,0.884301,-0.350854,0.207889,0.0921786,-0.586771
741,0.55859,0.557348,0.825095,-0.0926361,0.204355,0.0682786,-0.576873
742,1.36024,-0.665693,-0.740952,-0.0885655,0.20124,0.0346586,-0.568428
743,0.490624,0.52831,0.838019,0.136432,0.200538,0.017404,-0.566267
744,0.293852,-0.921863,0.210417,-0.325412,0.200538,-0.017404,-0.566267
745,0.993103,0.00186808,0.978133,0.207974,0.20124,-0.0346586,-0.568428
746,0.336699,-0.943819,0.153175,-0.292821,0.204355,-0.0682786,-0.576873
747,1.40165,-0.455635,-0.707771,-0.539867,0.207889,-0.0921786,-0.586771
748,0.387718,-0.952298,0.0797072,-0.294576,0.212433,-0.114501,-0.599523
749,0.973071,-0.11017,0.746305,0.656424,0.215707,-0.128309,-0.609599
750,0.36171,-0.959564,0.0661911,-0.273598,0.224219,-0.152921,-0.632672
751,1.38417,-0.522161,0.53666,0.66283,0.228485,-0.163515,-0.645804
752,1.51124,-0.174634,-0.389038,-0.904518,0.238911,-0.180919,-0.674061
753,1.17311,-0.464652,-0.218786,-0.858039,0.247039,-0.190381,-0.696983
754,1.33261,-0.29807,-0.155365,-0.941815,0.255507,-0.196587,-0.720873
755,0.798107,-0.731083,-0.0253787,-0.681816,0.26417,-0.199429,-0.745321
756,1.27671,-0.323986,0.0508101,-0.944696,0.272876,-0.198859,-0.769912
757,1.04628,-0.525879,0.121001,-0.841909,0.281482,-0.194885,-0.794225
758,0.804352,-0.711599,0.136005,-0.689297,0.289836,-0.187579,-0.817841
759,0.621049,-0.82557,0.114798,-0.5525,0.297798,-0.177061,-0.840359
760,0.526087,-0.873496,0.0971204,-0.477046,0.305231,-0.163515,-0.861392
761,0.741096,-0.764178,0.25551,-0.592239,0.312006,-0.147171,-0.88058
762,1.30944,-0.340177,0.621338,-0.705846,0.31801,-0.128309,-0.897596
763,1.0744,-0.561438,0.562233,-0.607191,0.323137,-0.107251,-0.912148
764,0.636894,-0.847272,0.272689,-0.455819,0.327302,-0.0843573,-0.923987
765,0.706825,0.386168,-0.812706,0.43633,0.32936,-0.0682786,-0.930322
766,0.459877,0.617569,-0.691706,0.374368,0.331825,-0.0432113,-0.937196
767,0.494902,-0.920293,0.171798,-0.351491,0.333396,-0.00870199,-0.941455
768,0.178387,0.853023,-0.478629,0.208007,0.258503,0.00870199,-0.96471
769,1.55273,-0.371686,0.924362,0.0860496,0.257271,0.0432113,-0.960341
770,1.05386,0.269267,-0.92959,-0.251711,0.256219,0.0600213,-0.955961
771,1.3826,-0.579386,0.780148,0.235969,0.252606,0.0921786,-0.943151
772,0.711885,0.614214,-0.718885,-0.325493,0.250575,0.107251,-0.934689
773,1.13841,0.269552,-0.748709,-0.605621,0.246605,0.128309,-0.91978
774,0.848748,-0.940898,0.319371,0.112749,0.239929,0.152921,-0.89611
775,0.531205,-0.987341,0.0998908,-0.123202,0.234465,0.168359,-0.875789
776,0.4844,-0.985384,0.0555184,-0.161049,0.228529,0.180919,-0.853695
777,0.433967,-0.977352,0.0212786,-0.210549,0.222225,0.190381,-0.830207
778,0.647453,-0.998595,0.0520124,-0.0101777,0.215657,0.196587,-0.805727
779,0.119553,0.972625,-0.0318682,-0.230185,0.211629,0.198859,-0.788949
780,0.962341,-0.958718,-0.0349052,0.282209,0.202189,0.198859,-0.755475
781,0.303886,0.900734,0.128187,-0.415026,0.198161,0.196587,-0.738697
782,1.00566,0.389003,0.318469,-0.864439,0.191593,0.190381,-0.714217
783,1.01121,0.358731,0.439322,-0.823595,0.185288,0.180919,-0.690729
784,0.74597,0.562231,0.517282,-0.645225,0.179353,0.168359,-0.668635
785,1.06648,0.244331,0.659012,-0.711341,0.173889,0.152921,-0.648314
786,0.823677,-0.965422,-0.25799,-0.0374268,0.167213,0.128309,-0.624644
787,0.0498435,0.905338,0.422978,-0.0381039,0.16474,0.114501,-0.614342
788,1.09728,-0.859894,-0.510134,0.0185949,0.160019,0.0843573,-0.597604
789,0.317446,0.722536,0.690205,-0.0394874,0.158465,0.0682786,-0.591128
790,0.999385,-0.87185,-0.466365,-0.149605,0.156021,0.0346586,-0.582464
791,0.648078,0.405517,0.912591,0.0522838,0.155491,0.017404,-0.580256
792,0.105483,-0.893087,0.389342,-0.225406,0.155491,-0.017404,-0.580256
793,1.34203,-0.312373,0.943936,0.106811,0.156021,-0.0346586,-0.582464
794,0.522881,-0.960108,-0.0224387,-0.278727,0.158465,-0.0682786,-0.591128
795,1.32829,-0.354241,0.869178,0.345025,0.160019,-0.0843573,-0.597604
796,0.77367,-0.879177,-0.237767,-0.412935,0.16474,-0.114501,-0.614342
797,1.55098,-0.582667,0.67602,0.451105,0.167213,-0.128309,-0.624644
798,1.23681,-0.545188,-0.461329,-0.699961,0.173889,-0.152921,-0.648314
799,0.0220725,-0.96928,0.230742,0.0851697,0.179353,-0.168359,-0.668635
800,1.22665,-0.50531,-0.314117,-0.803736,0.185288,-0.180919,-0.690729
801,1.31274,-0.40804,-0.24949,-0.878213,0.191593,-0.190381,-0.714217
802,0.422986,-0.959578,-0.00207253,-0.281434,0.198161,-0.196587,-0.738697
803,1.06694,-0.169826,0.065139,0.983319,0.202189,-0.198859,-0.755475
804,0.031772,-0.996438,-0.0228792,0.0811626,0.211629,-0.198859,-0.788949
805,1.514,-0.163764,0.17709,-0.970474,0.2183,-0.194885,-0.813861
806,1.29163,-0.341159,-0.320359,0.883731,0.222225,-0.190381,-0.830207
807,1.43041,-0.446028,-0.43212,0.783793,0.228529,-0.180919,-0.853695
808,1.35192,-0.34999,-0.551025,0.757548,0.234465,-0.168359,-0.875789
809,0.211804,0.7104,-0.347643,0.611945,0.239929,-0.152921,-0.89611
810,1.14036,-0.539641,0.541191,-0.644903,0.246605,-0.128309,-0.91978
811,1.55541,-0.185998,0.781948,-0.594948,0.250575,-0.107251,-0.934689
812,0.683215,0.40922,-0.760208,0.504602,0.252606,-0.0921786,-0.943151
813,0.987021,-0.705484,0.582188,-0.404164,0.256219,-0.0600213,-0.955961
814,0.514373,0.60507,-0.728557,0.321084,0.257271,-0.0432113,-0.960341
815,0.286508,-0.962479,-0.035283,-0.269052,0.258503,-0.00870199,-0.96471
816,0.381034,-0.979823,0.0589977,-0.19096,0.181883,0.017404,-0.981463
817,1.31658,-0.0293551,-0.978507,-0.204116,0.181527,0.0346586,-0.97922
818,0.314372,0.824491,-0.565003,-0.0314135,0.180425,0.0600213,-0.973117
819,1.24456,-0.665278,0.711804,0.225255,0.177829,0.0921786,-0.960063
820,0.476927,0.755343,-0.601789,-0.259436,0.176468,0.107251,-0.951469
821,0.72351,-0.956949,0.283382,0.0628013,0.172337,0.134865,-0.930703
822,0.437544,-0.99023,0.0620469,-0.124878,0.168882,0.152921,-0.912173
823,0.573461,-0.992366,0.122921,-0.00999433,0.165029,0.168359,-0.891485
824,0.302251,-0.969363,-0.0249592,-0.244361,0.160845,0.180919,-0.868993
825,0.24576,-0.951021,-0.0391403,-0.306637,0.156402,0.190381,-0.845083
826,0.698972,-0.991033,0.0616369,0.118554,0.151776,0.196587,-0.820163
827,1.54859,-0.169683,-0.0611416,-0.9836,0.149077,0.198859,-0.803121
828,0.837991,-0.970822,-0.0277657,0.238187,0.142291,0.198859,-0.769009
829,1.54786,-0.195372,0.180612,-0.963955,0.139592,0.196587,-0.751967
830,0.47435,-0.988719,-0.0158968,-0.148939,0.133038,0.187579,-0.719017
831,0.590694,-0.995993,-0.0675015,-0.0586617,0.128697,0.177061,-0.695532
832,1.49673,-0.209382,0.517021,-0.829969,0.126339,0.168359,-0.680646
833,1.06976,-0.888997,-0.376505,0.260631,0.120956,0.147171,-0.653583
834,0.63324,0.553899,0.672604,-0.490714,0.119031,0.134865,-0.641428
835,0.477518,0.650331,0.68187,-0.334848,0.116031,0.114501,-0.625374
836,0.911442,-0.931002,-0.36501,-0.00180228,0.112639,0.0843573,-0.608318
837,0.575716,0.521803,0.832925,-0.184278,0.111597,0.0682786,-0.60174
838,0.45004,0.598396,0.800042,-0.0430754,0.110238,0.0432113,-0.594565
839,1.17286,-0.778751,-0.616956,-0.113634,0.109352,0.00870199,-0.590112
840,1.17818,-0.123945,0.991415,0.04163,0.109352,-0.00870199,-0.590112
841,0.349005,-0.97491,0.151296,-0.163281,0.110238,-0.0432113,-0.594565
842,0.276026,-0.970337,0.209573,-0.120522,0.111597,-0.0682786,-0.60174
843,1.56534,-0.535112,0.792769,0.291842,0.112639,-0.0843573,-0.608318
844,0.36505,-0.986714,0.0984538,-0.129239,0.116031,-0.114501,-0.625374
845,0.162003,-0.97298,0.230556,0.0124431,0.119031,-0.134865,-0.641428
846,1.27893,-0.310813,0.650029,0.693439,0.120956,-0.147171,-0.653583
847,0.804014,-0.863817,-0.192632,-0.465524,0.126339,-0.168359,-0.680646
848,0.0689984,0.772735,0.214751,0.597297,0.128697,-0.177061,-0.695532
849,0.255393,0.646261,0.202303,0.735812,0.133038,-0.187579,-0.719017
850,0.507011,-0.958317,-0.018444,-0.28511,0.139592,-0.196587,-0.751967
851,1.20222,-0.225603,0.0654621,0.972018,0.142291,-0.198859,-0.769009
852,0.549832,-0.936835,0.0105097,-0.349613,0.149077,-0.198859,-0.803121
853,1.51548,-0.492294,-0.185183,0.850503,0.151776,-0.196587,-0.820163
854,0.385929,0.588762,-0.220095,0.777764,0.156402,-0.190381,-0.845083
855,0.0881805,0.808893,-0.19125,0.555981,0.160845,-0.180919,-0.868993
856,1.26751,-0.208283,-0.555248,0.805182,0.165029,-0.168359,-0.891485
857,0.17565,-0.991501,-0.110088,-0.0693291,0.170412,-0.147171,-0.918548
858,1.23122,-0.126244,-0.752124,0.646816,0.172337,-0.134865,-0.930703
859,0.253302,-0.986268,-0.0654512,-0.151627,0.176468,-0.107251,-0.951469
860,0.784091,0.356974,-0.804292,0.475061,0.177829,-0.0921786,-0.960063
861,0.167472,-0.978481,-0.148485,-0.143276,0.180425,-0.0600213,-0.973117
862,0.755917,-0.874296,0.411582,-0.257308,0.181527,-0.0346586,-0.97922
863,0.0836655,0.896204,-0.393673,0.204549,0.181883,-0.017404,-0.981463
864,0.0474766,-0.953833,-0.27039,-0.130737,0.104317,0.017404,-0.992709
865,0.970296,0.29421,-0.943258,-0.153965,0.104139,0.0346586,-0.990444
866,1.5034,-0.414571,0.875046,0.24985,0.10308,0.0682786,-0.981505
867,1.07173,-0.766014,0.607306,0.210717,0.101955,0.0921786,-0.971055
868,0.417743,0.771221,-0.566792,-0.289768,0.101272,0.107251,-0.962381
869,1.09273,-0.77597,0.515708,0.363202,0.098784,0.134865,-0.941355
870,0.874831,0.42588,-0.618988,-0.659909,0.0978186,0.147171,-0.929087
871,0.638629,-0.97989,0.157972,0.121905,0.0945753,0.168359,-0.901685
872,0.733156,0.551217,-0.392776,-0.73613,0.0933926,0.177061,-0.886659
873,0.959434,0.347548,-0.312128,-0.884187,0.0909066,0.187579,-0.862905
874,0.398712,-0.995263,0.00408448,-0.097134,0.0869586,0.196587,-0.829543
875,1.42464,-0.124597,-0.0635764,-0.990169,0.0856053,0.198859,-0.812341
876,0.844515,-0.947066,-0.0281459,0.319803,0.0815173,0.198859,-0.777803
877,0.0802112,0.929516,0.0923318,-0.357037,0.0801633,0.196587,-0.760601
878,0.285857,-0.968056,0.0445814,-0.246738,0.076214,0.187579,-0.727239
879,0.442942,-0.99362,-0.00237235,-0.112759,0.0737293,0.177061,-0.703485
880,1.50382,-0.280646,0.515533,-0.809607,0.0725467,0.168359,-0.688459
881,0.293519,-0.964137,0.110753,-0.241194,0.0693033,0.147171,-0.661057
882,0.413322,-0.986604,0.0452903,-0.156719,0.0674387,0.128309,-0.643111
883,1.53234,-0.368812,0.75057,-0.54829,0.0666073,0.114501,-0.632549
884,0.75639,0.363576,0.850917,-0.379148,0.0651667,0.0921786,-0.619089
885,0.782765,-0.963965,-0.264983,-0.0235655,0.0636027,0.0600213,-0.605872
886,1.48881,-0.38574,0.894815,-0.224745,0.0632493,0.0432113,-0.601381
887,1.18293,-0.779101,-0.624819,-0.0510142,0.0627153,0.00870199,-0.596872
888,1.14103,-0.0836081,0.994939,0.0557258,0.0627153,-0.00870199,-0.596872
889,0.671412,-0.975344,-0.163555,-0.148165,0.0632493,-0.0432113,-0.601381
890,1.42049,-0.374936,0.889951,0.259634,0.0636027,-0.0600213,-0.605872
891,0.444266,-0.994419,0.0431356,-0.0962833,0.0651667,-0.0921786,-0.619089
892,0.707958,-0.953696,-0.184932,-0.2372,0.0666073,-0.114501,-0.632549
893,0.29163,0.662592,0.520975,0.538105,0.0674387,-0.128309,-0.643111
894,0.392781,0.585006,0.497729,0.640339,0.0693033,-0.147171,-0.661057
895,0.796823,-0.90079,-0.188861,-0.391036,0.0725467,-0.168359,-0.688459
896,0.185526,0.744936,0.258294,0.615105,0.0737293,-0.177061,-0.703485
897,0.282513,0.68244,0.209006,0.700423,0.076214,-0.187579,-0.727239
898,0.424768,-0.991565,-0.00242438,-0.129586,0.0801633,-0.196587,-0.760601
899,1.15825,-0.10503,0.0654824,0.992311,0.0815173,-0.198859,-0.777803
900,0.704154,-0.907654,0.0203227,-0.419228,0.0856053,-0.198859,-0.812341
901,0.0802378,0.839738,-0.0863309,0.536085,0.0869586,-0.196587,-0.829543
902,1.11557,-0.652402,0.218718,-0.725626,0.0909066,-0.187579,-0.862905
903,1.32848,-0.474597,0.365035,-0.800941,0.0933926,-0.177061,-0.886659
904,1.37333,-0.247915,-0.549384,0.797944,0.0945753,-0.168359,-0.901685
905,0.0165469,-0.968872,-0.211725,0.128294,0.0978186,-0.147171,-0.929087
906,1.11051,0.0450556,-0.746422,0.663945,0.098784,-0.134865,-0.941355
907,0.398703,-0.986521,0.0553886,-0.153973,0.101272,-0.107251,-0.962381
908,0.94928,0.237597,-0.858636,0.454193,0.101955,-0.0921786,-0.971055
909,0.543846,0.612463,-0.723062,0.319484,0.10308,-0.0682786,-0.981505
910,1.12402,-0.674604,0.704375,-0.220827,0.104139,-0.0346586,-0.990444
911,0.421175,0.726104,-0.675091,0.130478,0.104317,-0.017404,-0.992709
912,1.49677,-0.242643,-0.967367,-0.0729701,0.0261534,0.00870199,-0.998401
913,0.340719,0.791884,-0.604147,-0.0890329,0.026108,0.0346586,-0.995561
914,1.43518,-0.455385,0.84833,0.270111,0.0257547,0.0682786,-0.986567
915,0.986531,-0.800906,0.548917,0.239248,0.025452,0.0921786,-0.976061
916,0.346028,0.791846,-0.521735,-0.317448,0.025452,0.107251,-0.967359
917,0.586745,-0.974668,0.185737,0.124593,0.0246214,0.134865,-0.946204
918,0.684994,-0.951361,0.220998,0.214645,0.0241067,0.152921,-0.927361
919,0.26834,0.832867,-0.322443,-0.449848,0.0241067,0.163515,-0.913553
920,0.281876,-0.993584,-0.0339509,-0.107878,0.022924,0.180919,-0.883456
921,0.589359,-0.982965,0.0706938,0.169656,0.022276,0.190381,-0.859145
922,0.449003,0.705052,-0.143655,-0.694453,0.022276,0.194885,-0.842335
923,0.150927,0.877398,-0.0336468,-0.478582,0.0216054,0.198859,-0.816554
924,0.815072,-0.930266,-0.0263948,0.365935,0.02024,0.198859,-0.7818
925,0.2855,0.790372,0.125462,-0.599643,0.02024,0.196587,-0.764545
926,0.543527,0.596794,0.265018,-0.757366,0.0195687,0.190381,-0.739209
927,0.364071,0.720279,0.318012,-0.616496,0.0189207,0.180919,-0.714898
928,0.628368,0.501051,0.489851,-0.713438,0.0183074,0.168359,-0.692029
929,0.568337,0.539239,0.565663,-0.623896,0.017738,0.152921,-0.670993
930,0.3296,0.712522,0.541195,-0.446564,0.017224,0.134865,-0.652152
931,0.520854,0.554446,0.701873,-0.447174,0.0167727,0.114501,-0.635826
932,0.61606,-0.993738,-0.110652,0.0155383,0.01609,0.0843573,-0.618449
933,0.436952,-0.99651,0.0588773,-0.0591661,0.01587,0.0600213,-0.608994
934,1.31645,-0.239342,0.950433,-0.198475,0.01587,0.0432113,-0.60449
935,0.986636,-0.887345,-0.461083,-0.00463375,0.015692,0.00870199,-0.599954
936,1.16852,-0.106319,0.992465,0.0609065,0.015692,-0.00870199,-0.599954
937,0.958482,-0.894382,-0.430673,-0.120838,0.01587,-0.0432113,-0.60449
938,0.219653,0.743695,0.623605,0.240903,0.01587,-0.0600213,-0.608994
939,0.294896,-0.983213,0.176,0.0481334,0.0163927,-0.0921786,-0.622294
940,0.0770582,-0.926367,0.328959,0.183384,0.0167727,-0.114501,-0.635826
941,0.333358,-0.993041,0.105099,0.053145,0.017224,-0.134865,-0.652152
942,0.185171,-0.969192,0.180429,0.167664,0.017738,-0.152921,-0.670993
943,1.54426,-0.429465,-0.493899,-0.756058,0.0183074,-0.168359,-0.692029
944,0.212246,-0.981833,0.098902,0.161931,0.0189207,-0.180919,-0.714898
945,0.00912848,-0.929115,0.129901,0.346223,0.0195687,-0.190381,-0.739209
946,0.201229,-0.98511,0.0409174,0.166983,0.02024,-0.196587,-0.764545
947,1.10985,0.0215269,0.0653678,0.997629,0.02024,-0.198859,-0.7818
948,0.437848,-0.996092,0.00322002,-0.0882592,0.0216054,-0.198859,-0.816554
949,0.0312987,-0.952923,-0.0663052,0.295874,0.022276,-0.194885,-0.842335
950,1.4561,-0.286161,-0.311386,0.906174,0.022276,-0.190381,-0.859145
951,0.212562,0.821558,-0.239291,0.517478,0.022924,-0.180919,-0.883456
952,0.176375,-0.989776,-0.0962929,0.105219,0.0241067,-0.163515,-0.913553
953,0.117147,0.882034,-0.293105,0.368925,0.0241067,-0.152921,-0.927361
954,0.186882,0.852167,-0.376364,0.363541,0.0246214,-0.134865,-0.946204
955,0.560651,-0.968297,0.188467,-0.163955,0.025452,-0.107251,-0.967359
956,1.03257,0.191542,-0.877248,0.440168,0.025452,-0.0921786,-0.976061
957,0.609925,0.583335,-0.761864,0.281572,0.0257547,-0.0682786,-0.986567
958,0.131785,-0.982493,-0.186292,-0.00154164,0.026108,-0.0346586,-0.995561
959,0.558499,-0.970784,0.23392,-0.0534737,0.0261534,-0.00870199,-0.998401
960,1.39831,-0.151265,-0.986746,-0.0587429,-0.0522612,0.00870199,-0.997376
961,1.24407,-0.598316,0.78104,0.17887,-0.0520826,0.0432113,-0.99284
962,1.44705,-0.422064,0.853267,0.306263,-0.0517293,0.0682786,-0.985546
963,0.949732,-0.802139,0.522449,0.289171,-0.0512066,0.0921786,-0.975049
964,0.316152,0.783385,-0.502149,-0.366271,-0.0505239,0.107251,-0.966374
965,0.440988,-0.991172,0.0779186,0.10727,-0.0496933,0.134865,-0.945219
966,1.483,-0.390766,0.599218,0.698741,-0.0487279,0.152921,-0.926393
967,0.0808127,-0.971811,-0.148089,-0.183447,-0.0476439,0.168359,-0.905378
968,1.43457,-0.443591,0.389483,0.807174,-0.0464613,0.180919,-0.882531
969,0.204083,-0.991933,-0.052406,-0.115425,-0.0451999,0.190381,-0.858245
970,1.53643,-0.364986,0.178888,0.913665,-0.0438813,0.196587,-0.832933
971,1.47968,-0.330391,-0.0626151,-0.941765,-0.0425279,0.198859,-0.815732
972,0.097968,-0.96559,0.0194949,-0.259337,-0.0411626,0.198859,-0.780978
973,1.40059,-0.517587,-0.163048,0.839952,-0.0398086,0.194885,-0.755224
974,0.18194,-0.978826,0.0773779,-0.189507,-0.0384893,0.187579,-0.730208
975,1.16818,-0.0701294,0.442344,-0.894099,-0.0372279,0.180919,-0.714179
976,1.4204,-0.537712,-0.458585,0.707507,-0.0360453,0.163515,-0.684081
977,0.450312,-0.99951,0.00786209,0.0303016,-0.0349619,0.147171,-0.66376
978,1.26115,-0.188593,0.742027,-0.643296,-0.0339966,0.134865,-0.651492
979,0.139675,-0.94803,0.280518,-0.150161,-0.0331653,0.107251,-0.630336
980,0.889171,-0.914886,-0.346678,0.206876,-0.0324826,0.0843573,-0.617804
981,0.129762,0.800612,0.557104,-0.22058,-0.0319599,0.0682786,-0.611165
982,0.236175,0.732697,0.66139,-0.160369,-0.0316066,0.0432113,-0.603872
983,0.446809,-0.997613,0.0593376,0.0353147,-0.0314286,0.00870199,-0.599335
984,0.096823,0.824384,0.566011,0.00470566,-0.0314286,-0.00870199,-0.599335
985,0.51659,-0.999245,-0.012467,0.0368099,-0.0316066,-0.0432113,-0.603872
986,0.630179,-0.992315,-0.123704,-0.00301959,-0.0319599,-0.0682786,-0.611165
987,1.54001,-0.429491,0.803155,0.412891,-0.0324826,-0.0843573,-0.617804
988,0.70488,0.392915,0.771652,0.500171,-0.0331653,-0.107251,-0.630336
989,0.985094,-0.883991,-0.368163,-0.288124,-0.0339966,-0.134865,-0.651492
990,0.311459,0.735403,0.460925,0.49672,-0.0349619,-0.147171,-0.66376
991,0.757603,0.385378,0.51961,0.762554,-0.0360453,-0.163515,-0.684081
992,0.954378,-0.88614,-0.218698,-0.408568,-0.0372279,-0.180919,-0.714179
993,0.366006,0.729092,0.228661,0.645088,-0.0384893,-0.187579,-0.730208
994,0.643571,0.525553,0.169939,0.833616,-0.0398086,-0.194885,-0.755224
995,0.223463,0.833978,0.0382476,0.55047,-0.0411626,-0.198859,-0.780978
996,0.731464,-0.954256,0.0220156,-0.29818,-0.0425279,-0.198859,-0.815732
997,0.498193,0.669332,-0.149979,0.727668,-0.0438813,-0.196587,-0.832933
998,0.220327,0.85199,-0.178426,0.492216,-0.0451999,-0.190381,-0.858245
999,0.615532,0.590519,-0.366129,0.719192,-0.0464613,-0.180919,-0.882531
1000,0.358935,0.779417,-0.362091,0.511273,-0.0476439,-0.168359,-0.905378
1001,0.852886,0.393063,-0.613842,0.684616,-0.0487279,-0.152921,-0.926393
1002,0.295965,0.820845,-0.445025,0.358004,-0.0496933,-0.134865,-0.945219
1003,0.655153,-0.95445,0.264058,-0.138921,-0.0505239,-0.107251,-0.966374
1004,1.05356,0.205001,-0.880988,0.42642,-0.0512066,-0.0921786,-0.975049
1005,0.59348,0.616646,-0.752513,0.231243,-0.0517293,-0.0682786,-0.985546
1006,0.813951,0.427089,-0.8899,0.160231,-0.0520826,-0.0432113,-0.99284
1007,0.68123,-0.936307,0.350912,0.0137757,-0.0522612,-0.00870199,-0.997376
1008,0.195561,0.859264,-0.493597,-0.134262,-0.130354,0.00870199,-0.990201
1009,1.54521,-0.312807,-0.937794,-0.150647,-0.129953,0.0346586,-0.987389
1010,1.50148,-0.346577,0.874356,0.339685,-0.128895,0.0682786,-0.978449
1011,0.916146,-0.797386,0.49769,0.341292,-0.127551,0.0921786,-0.968026
1012,0.464153,0.647917,-0.594404,-0.476327,-0.126189,0.107251,-0.959431
1013,0.320135,-0.994246,-0.0128363,0.106349,-0.123701,0.134865,-0.938406
1014,0.0731588,0.872434,-0.266841,-0.409457,-0.121776,0.147171,-0.926251
1015,0.559509,-0.951178,0.11535,0.286279,-0.118533,0.168359,-0.898849
1016,1.52972,-0.410241,-0.42044,-0.809279,-0.116175,0.177061,-0.883963
1017,0.466252,-0.977309,0.0316375,0.209441,-0.112398,0.190381,-0.852053
1018,1.3217,-0.241771,-0.193618,-0.95082,-0.109769,0.194885,-0.835449
1019,0.0154924,-0.967486,-0.0238751,-0.251795,-0.105716,0.199429,-0.801205
1020,1.27385,-0.547694,-0.0502134,0.835171,-0.102311,0.198859,-0.775341
1021,1.35962,-0.486303,-0.158489,0.859297,-0.0989399,0.194885,-0.749773
1022,0.183296,-0.990852,0.0769499,-0.110868,-0.0956619,0.187579,-0.724937
1023,1.27187,-0.241634,0.438359,-0.86571,-0.0931466,0.180919,-0.709056
1024,1.50343,-0.46153,0.515641,-0.721876,-0.0901759,0.168359,-0.686373
1025,0.35855,-0.996879,0.0682734,0.0396455,-0.0869326,0.147171,-0.658972
1026,1.29709,-0.273074,0.737154,-0.618089,-0.0850072,0.134865,-0.646817
1027,1.54831,-0.500414,0.744747,-0.441516,-0.0828986,0.114501,-0.630621
1028,0.954435,-0.865773,-0.399882,0.300885,-0.0808546,0.0843573,-0.613352
1029,0.0394309,0.833104,0.485756,-0.264534,-0.0798126,0.0682786,-0.606774
1030,0.170824,0.761167,0.612689,-0.212692,-0.0788879,0.0432113,-0.59953
1031,0.255966,0.712937,0.689098,-0.129864,-0.0783992,0.017404,-0.59559
1032,0.524391,-0.993048,-0.0180301,0.116321,-0.0783992,-0.017404,-0.59559
1033,0.562187,-0.992717,-0.057152,0.106054,-0.0788879,-0.0432113,-0.59953
1034,0.694667,-0.981488,-0.18395,0.053335,-0.0798126,-0.0682786,-0.606774
1035,1.35481,-0.221011,0.862975,0.454345,-0.0808546,-0.0843573,-0.613352
1036,0.80416,-0.963076,-0.261956,-0.0621564,-0.0828986,-0.114501,-0.630621
1037,0.904154,-0.934753,-0.313942,-0.166362,-0.0850072,-0.134865,-0.646817
1038,0.267843,0.798871,0.439899,0.410236,-0.0869326,-0.147171,-0.658972
1039,0.684339,-0.98863,-0.129002,-0.0772545,-0.0901759,-0.168359,-0.686373
1040,0.846452,-0.953113,-0.175965,-0.246195,-0.0931466,-0.180919,-0.709056
1041,0.319298,0.805913,0.217857,0.550494,-0.0956619,-0.187579,-0.724937
1042,0.655874,0.579335,0.171095,0.79693,-0.0989399,-0.194885,-0.749773
1043,0.576685,0.652903,0.0542795,0.755494,-0.102311,-0.198859,-0.775341
1044,0.590198,0.651448,-0.0543473,0.756744,-0.105716,-0.199429,-0.801205
1045,0.70897,-0.976587,0.0634792,-0.205544,-0.109769,-0.194885,-0.835449
1046,1.50881,-0.192806,-0.306725,0.932065,-0.112398,-0.190381,-0.852053
1047,0.539424,-0.995837,0.0795627,-0.0444733,-0.116175,-0.177061,-0.883963
1048,1.39074,-0.072131,-0.547814,0.833485,-0.118533,-0.168359,-0.898849
1049,0.711004,-0.958454,0.237082,-0.158613,-0.121776,-0.147171,-0.926251
1050,0.384166,0.796852,-0.496714,0.343951,-0.123701,-0.134865,-0.938406
1051,0.551757,-0.983426,0.181226,-0.00547905,-0.126189,-0.107251,-0.959431
1052,1.05723,0.23428,-0.881621,0.409704,-0.127551,-0.0921786,-0.968026
1053,0.524934,0.683881,-0.711369,0.162054,-0.128895,-0.0682786,-0.978449
1054,0.535787,-0.975486,0.207251,0.0739882,-0.129953,-0.0346586,-0.987389
1055,0.346401,-0.992956,0.0244704,0.115925,-0.130354,-0.00870199,-0.990201
1056,0.408121,-0.976042,0.0859492,0.199887,-0.207553,0.017404,-0.976357
1057,1.45853,-0.242236,-0.959144,-0.146168,-0.207022,0.0346586,-0.974149
1058,1.12065,-0.641541,0.676509,0.361609,-0.205266,0.0682786,-0.96532
1059,0.715749,-0.875368,0.339177,0.344515,-0.203108,0.0921786,-0.955035
1060,0.897514,0.226098,-0.783706,-0.57852,-0.201077,0.107251,-0.946573
1061,0.416976,0.626802,-0.514962,-0.58475,-0.197845,0.128309,-0.931486
1062,0.368787,0.646614,-0.431003,-0.629385,-0.194072,0.147171,-0.913841
1063,0.523688,-0.93816,0.0957811,0.332688,-0.18869,0.168359,-0.886778
1064,1.42625,-0.379339,-0.432514,-0.817945,-0.185172,0.177061,-0.872123
1065,0.266214,-0.994458,-0.0326024,0.0999545,-0.178903,0.190381,-0.840608
1066,1.10563,-0.105033,-0.194495,-0.975264,-0.174978,0.194885,-0.824262
1067,0.325566,-0.991109,-0.0041289,0.132991,-0.168251,0.199429,-0.790441
1068,0.032019,0.809032,0.027435,-0.587124,-0.164188,0.199429,-0.773519
1069,0.0358886,0.800945,0.0846176,-0.592728,-0.158799,0.196587,-0.748147
1070,0.465338,0.473556,0.249972,-0.844547,-0.153537,0.190381,-0.723353
1071,0.314557,0.596687,0.302396,-0.743318,-0.148491,0.180919,-0.699563
1072,0.120617,0.737711,0.300308,-0.604647,-0.14375,0.168359,-0.677183
1073,1.55729,-0.557614,0.594293,-0.579554,-0.139393,0.152921,-0.656596
1074,0.34146,0.579119,0.547348,-0.604178,-0.135494,0.134865,-0.638154
1075,1.44353,-0.44378,0.779361,-0.44233,-0.132121,0.114501,-0.622173
1076,0.453236,-0.983409,0.035093,0.177974,-0.128729,0.0843573,-0.605117
1077,1.28392,-0.267927,0.925727,-0.266918,-0.127174,0.0682786,-0.598641
1078,0.325658,0.634189,0.723471,-0.272752,-0.125683,0.0432113,-0.591492
1079,0.297196,0.671677,0.718248,-0.181576,-0.124887,0.017404,-0.587604
1080,0.436123,-0.977474,0.0699685,0.199121,-0.124887,-0.017404,-0.587604
1081,0.373979,-0.967594,0.127052,0.21822,-0.125683,-0.0432113,-0.591492
1082,1.06112,-0.863357,-0.504586,-0.00281244,-0.127174,-0.0682786,-0.598641
1083,0.330571,0.730214,0.657658,0.18513,-0.128729,-0.0843573,-0.605117
1084,0.799603,-0.965915,-0.258348,0.0162397,-0.132121,-0.114501,-0.622173
1085,0.230408,-0.920984,0.18108,0.34496,-0.135494,-0.134865,-0.638154
1086,0.68315,-0.989081,-0.144528,0.0288294,-0.139393,-0.152921,-0.656596
1087,0.436632,-0.978508,0.00751114,0.206073,-0.14375,-0.168359,-0.677183
1088,0.147066,-0.88958,0.126784,0.438831,-0.148491,-0.180919,-0.699563
1089,1.51211,-0.619572,-0.284741,-0.731473,-0.153537,-0.190381,-0.723353
1090,0.228846,-0.929386,0.0356319,0.367385,-0.158799,-0.196587,-0.748147
1091,0.218985,-0.929632,0.011805,0.368299,-0.164188,-0.199429,-0.773519
1092,0.158721,0.9388,-0.0340843,0.342773,-0.168251,-0.199429,-0.790441
1093,0.937869,-0.932589,0.10372,-0.345717,-0.174978,-0.194885,-0.824262
1094,0.296332,0.886204,-0.198229,0.418745,-0.178903,-0.190381,-0.840608
1095,0.601004,-0.994106,0.106229,-0.0216634,-0.185172,-0.177061,-0.872123
1096,1.29962,0.0839606,-0.554094,0.828209,-0.18869,-0.168359,-0.886778
1097,0.314627,-0.976171,-0.0189276,0.216175,-0.194072,-0.147171,-0.913841
1098,0.272036,-0.970331,-0.0489725,0.236767,-0.197845,-0.128309,-0.931486
1099,0.139489,-0.941915,-0.159181,0.295733,-0.201077,-0.107251,-0.946573
1100,1.21821,0.110321,-0.896756,0.428553,-0.203108,-0.0921786,-0.955035
1101,0.885999,0.404054,-0.886328,0.226194,-0.205266,-0.0682786,-0.96532
1102,0.642291,-0.943121,0.307978,0.125193,-0.207022,-0.0346586,-0.974149
1103,0.170258,0.870416,-0.471501,-0.141646,-0.207553,-0.017404,-0.976357
1104,0.484476,-0.946895,0.161535,0.278024,-0.283516,0.017404,-0.957063
1105,0.198075,0.808448,-0.488159,-0.328803,-0.282815,0.0346586,-0.954903
1106,0.256011,0.756713,-0.519713,-0.39659,-0.281026,0.0600213,-0.948965
1107,1.38225,-0.252617,-0.88828,-0.383592,-0.278313,0.0843573,-0.939905
1108,1.03856,-0.634252,0.539904,0.553378,-0.273593,0.114501,-0.923167
1109,0.142641,0.771177,-0.347199,-0.533609,-0.27032,0.128309,-0.913091
1110,0.230236,0.697725,-0.357918,-0.620544,-0.265174,0.147171,-0.895797
1111,0.41897,-0.944764,0.0380515,0.325536,-0.257684,0.168359,-0.86924
1112,0.0441523,0.790017,-0.173499,-0.588023,-0.253026,0.177061,-0.854906
1113,1.31401,-0.35427,0.260915,0.898007,-0.244304,0.190381,-0.82398
1114,1.17247,-0.24641,-0.19519,-0.949307,-0.23911,0.194885,-0.807992
1115,0.961212,-0.662203,0.0354857,0.748484,-0.22975,0.199429,-0.774804
1116,0.0324712,-0.995481,0.023545,-0.092,-0.22234,0.198859,-0.749791
1117,1.28597,-0.386469,0.193664,-0.90174,-0.217008,0.196587,-0.733381
1118,1.00908,-0.661104,-0.177362,0.72903,-0.207889,0.187579,-0.701047
1119,1.36195,-0.385422,-0.353313,0.85242,-0.201095,0.177061,-0.678151
1120,1.31024,-0.456851,-0.42128,0.78346,-0.194745,0.163515,-0.656766
1121,0.953056,-0.0524883,0.651653,-0.756699,-0.190478,0.152921,-0.643635
1122,0.0320151,-0.946591,0.321414,-0.0256547,-0.183803,0.128309,-0.619965
1123,1.12918,-0.191105,0.830942,-0.522508,-0.180529,0.114501,-0.609889
1124,1.53909,-0.535346,0.803477,-0.26044,-0.176708,0.0921786,-0.596902
1125,0.345395,0.573931,0.70807,-0.411389,-0.17375,0.0682786,-0.586818
1126,1.31082,-0.627534,-0.70832,0.323239,-0.171307,0.0346586,-0.578154
1127,0.763796,-0.926205,-0.254104,0.278523,-0.170472,0.00870199,-0.575439
1128,0.151431,0.772512,0.610023,-0.17634,-0.170472,-0.00870199,-0.575439
1129,0.841134,0.267033,0.955922,0.122095,-0.171307,-0.0346586,-0.578154
1130,0.410702,-0.950978,0.083669,0.297725,-0.17375,-0.0682786,-0.586818
1131,0.727958,-0.963883,-0.209351,0.164624,-0.176708,-0.0921786,-0.596902
1132,1.15554,-0.847114,-0.51765,-0.120153,-0.180529,-0.114501,-0.609889
1133,0.676774,0.556161,0.686593,0.468269,-0.183803,-0.128309,-0.619965
1134,1.33483,-0.774982,-0.505264,-0.379619,-0.190478,-0.152921,-0.643635
1135,0.823936,0.497193,0.531559,0.685744,-0.194745,-0.163515,-0.656766
1136,0.643577,0.667458,0.39061,0.633975,-0.201095,-0.177061,-0.678151
1137,0.977569,0.414619,0.317054,0.852976,-0.207889,-0.187579,-0.701047
1138,0.569524,-0.992261,-0.0305597,0.120351,-0.217008,-0.196587,-0.733381
1139,0.178196,0.953965,0.0358033,0.297774,-0.22234,-0.198859,-0.749791
1140,1.02085,0.421923,-0.0646444,0.904324,-0.22975,-0.199429,-0.774804
1141,0.123296,-0.864425,-0.0491545,0.500353,-0.23911,-0.194885,-0.807992
1142,0.582085,-0.995099,0.0684094,0.0713996,-0.246232,-0.187579,-0.832009
1143,0.427697,-0.976958,0.0305244,0.211236,-0.253026,-0.177061,-0.854906
1144,1.30577,0.142654,-0.553865,0.820295,-0.257684,-0.168359,-0.86924
1145,0.477001,-0.981058,0.0879094,0.172617,-0.265174,-0.147171,-0.895797
1146,0.562492,-0.978097,0.168005,0.12288,-0.27032,-0.128309,-0.913091
1147,1.5351,-0.136945,-0.795429,0.590371,-0.273593,-0.114501,-0.923167
1148,0.602337,-0.958973,0.242994,0.146028,-0.278313,-0.0843573,-0.939905
1149,0.265334,-0.955556,-0.0563947,0.289365,-0.281026,-0.0600213,-0.948965
1150,0.211326,-0.950586,-0.109186,0.290629,-0.282815,-0.0346586,-0.954903
1151,0.23737,0.825234,-0.529418,-0.196736,-0.283516,-0.017404,-0.957063
1152,1.24065,-0.551312,0.793162,0.258744,-0.357733,0.017404,-0.931869
1153,0.330388,-0.937657,0.00735521,0.347483,-0.356338,0.0432113,-0.928153
1154,0.192216,0.760538,-0.468187,-0.449871,-0.354615,0.0600213,-0.923991
1155,0.0731792,0.803961,-0.35028,-0.480573,-0.3512,0.0843573,-0.915171
1156,0.710237,-0.800942,0.307062,0.514008,-0.345181,0.114501,-0.898856
1157,1.4984,-0.465706,-0.725889,-0.506165,-0.341126,0.128309,-0.889068
1158,0.442071,0.479459,-0.466413,-0.743356,-0.33464,0.147171,-0.87223
1159,1.05706,-0.526771,0.360889,0.769592,-0.32509,0.168359,-0.846343
1160,0.0463236,-0.988172,-0.135997,0.0708576,-0.316905,0.180919,-0.82498
1161,0.978883,-0.110969,-0.313584,-0.943054,-0.310752,0.187579,-0.810125
1162,1.10316,-0.476825,0.129521,0.869403,-0.299124,0.196587,-0.778607
1163,0.695635,0.133378,-0.0578928,-0.989373,-0.292521,0.198859,-0.762665
1164,1.37446,-0.241363,-0.0541771,0.968921,-0.280483,0.198859,-0.730035
1165,1.365,-0.267083,-0.159108,0.950448,-0.271237,0.194885,-0.70596
1166,1.02216,-0.209452,0.319151,-0.924268,-0.264804,0.190381,-0.690429
1167,0.0276892,-0.98416,0.176384,-0.0178088,-0.253682,0.177061,-0.660282
1168,1.21095,-0.371137,0.553601,-0.745508,-0.247914,0.168359,-0.646358
1169,1.4222,-0.536895,0.627433,-0.563978,-0.24039,0.152921,-0.626706
1170,1.22313,-0.344112,0.746152,-0.569951,-0.233655,0.134865,-0.609102
1171,0.0847299,0.687198,0.44771,-0.572115,-0.227824,0.114501,-0.593845
1172,1.40451,-0.445485,0.849715,-0.282008,-0.222996,0.0921786,-0.581198
1173,0.270685,-0.938986,0.214492,0.268882,-0.21839,0.0600213,-0.56871
1174,1.11678,-0.114172,0.979587,-0.165451,-0.216666,0.0432113,-0.564549
1175,0.658156,-0.923979,-0.150937,0.351399,-0.215094,0.00870199,-0.56029
1176,0.252962,0.696066,0.686926,-0.208865,-0.215094,-0.00870199,-0.56029
1177,1.15869,-0.785241,-0.597314,0.163131,-0.216666,-0.0432113,-0.564549
1178,0.431858,0.6493,0.759722,0.0350963,-0.21839,-0.0600213,-0.56871
1179,0.899186,-0.922168,-0.354912,0.153762,-0.222996,-0.0921786,-0.581198
1180,0.609445,-0.954892,-0.104283,0.27804,-0.227824,-0.114501,-0.593845
1181,1.11824,-0.886971,-0.451966,-0.0949194,-0.233655,-0.134865,-0.609102
1182,0.74153,-0.973554,-0.181845,0.138291,-0.24039,-0.152921,-0.626706
1183,0.7927,-0.980324,-0.186719,0.0640392,-0.247914,-0.168359,-0.646358
1184,0.313954,0.897391,0.302198,0.321505,-0.253682,-0.177061,-0.660282
1185,0.974029,-0.971318,-0.167862,-0.168417,-0.264804,-0.190381,-0.690429
1186,0.482624,0.851708,0.15233,0.501388,-0.271237,-0.194885,-0.70596
1187,0.498396,0.854446,0.051243,0.517007,-0.280483,-0.198859,-0.730035
1188,0.964736,-0.974903,0.0356776,-0.219754,-0.292521,-0.198859,-0.762665
1189,0.62915,0.788311,-0.165015,0.592736,-0.299124,-0.196587,-0.778607
1190,1.1142,-0.911266,0.218401,-0.349134,-0.310752,-0.187579,-0.810125
1191,0.55223,0.820363,-0.349663,0.452482,-0.316905,-0.180919,-0.82498
1192,0.656628,0.74449,-0.469868,0.474298,-0.32509,-0.168359,-0.846343
1193,0.286269,-0.921833,-0.0376136,0.385758,-0.33464,-0.147171,-0.87223
1194,0.808906,-0.93939,0.341758,0.0273622,-0.341126,-0.128309,-0.889068
1195,0.234122,0.89488,-0.446127,-0.0126521,-0.345181,-0.114501,-0.898856
1196,0.403419,-0.947051,0.0675953,0.313888,-0.3512,-0.0843573,-0.915171
1197,0.495489,-0.943449,0.160746,0.289938,-0.354615,-0.0600213,-0.923991
1198,1.56737,-0.230583,-0.931185,0.282357,-0.356338,-0.0432113,-0.928153
1199,0.279043,-0.936369,-0.0427311,0.348407,-0.357909,-0.00870199,-0.932411
1200,0.148805,0.796982,-0.452526,-0.400049,-0.429962,0.00870199,-0.901455
1201,0.0288093,-0.892812,-0.284291,0.349379,-0.428062,0.0432113,-0.897333
1202,0.074427,-0.913135,-0.234745,0.333285,-0.424944,0.0682786,-0.890729
1203,1.32986,-0.263323,-0.893605,-0.363498,-0.421921,0.0843573,-0.884795
1204,0.231476,0.643531,-0.44427,-0.623292,-0.416494,0.107251,-0.873479
1205,0.359652,0.519327,-0.482702,-0.705194,-0.40983,0.128309,-0.859563
1206,0.23824,-0.93614,-0.0691808,0.344756,-0.399534,0.152921,-0.837229
1207,1.15121,-0.284493,-0.554516,-0.782033,-0.393266,0.163515,-0.824927
1208,1.41854,-0.116582,0.38608,0.915069,-0.380656,0.180919,-0.797573
1209,0.801379,-0.00982683,-0.296025,-0.95513,-0.373356,0.187579,-0.783247
1210,1.46745,-0.641373,-0.187923,-0.743858,-0.362564,0.194885,-0.760639
1211,0.978693,-0.225661,-0.0641389,-0.972092,-0.351457,0.198859,-0.737363
1212,1.26689,-0.269476,-0.0499145,0.961713,-0.336896,0.198859,-0.705777
1213,0.703346,-0.752164,-0.0560208,0.65659,-0.32579,0.194885,-0.682502
1214,0.793532,-0.704308,-0.115883,0.700372,-0.314998,0.187579,-0.659895
1215,0.713643,-0.77143,-0.120636,0.624774,-0.304706,0.177061,-0.638343
1216,1.0115,-0.583491,-0.295924,0.756285,-0.295088,0.163515,-0.618216
1217,0.923444,-0.673213,-0.293528,0.678694,-0.286311,0.147171,-0.599856
1218,0.541972,0.24426,0.63911,-0.729298,-0.280724,0.134865,-0.588891
1219,1.23301,-0.506559,-0.566475,0.650003,-0.27186,0.107251,-0.569663
1220,1.04287,-0.677178,-0.469229,0.566792,-0.266434,0.0843573,-0.558346
1221,0.19895,-0.907291,0.280055,0.313674,-0.262337,0.0600213,-0.549822
1222,0.862872,0.104098,0.960465,-0.258205,-0.260292,0.0432113,-0.545809
1223,0.054221,0.754634,0.530499,-0.386133,-0.25861,0.017404,-0.542213
1224,0.652739,-0.902423,-0.145596,0.405505,-0.25861,-0.017404,-0.542213
1225,1.29181,-0.698381,-0.695297,0.169784,-0.260292,-0.0432113,-0.545809
1226,0.385607,0.679333,0.732767,-0.039498,-0.262337,-0.0600213,-0.549822
1227,1.28107,-0.00151139,0.878647,0.47747,-0.266434,-0.0843573,-0.558346
1228,1.03295,0.281286,0.830453,0.48086,-0.27186,-0.107251,-0.569663
1229,0.285545,-0.840554,0.14058,0.523169,-0.280724,-0.134865,-0.588891
1230,1.25029,0.183241,0.652974,0.73488,-0.286311,-0.147171,-0.599856
1231,1.00502,0.450495,0.55216,0.701551,-0.295088,-0.163515,-0.618216
1232,1.14972,0.360382,0.442539,0.821148,-0.304706,-0.177061,-0.638343
1233,1.21334,0.334285,0.320877,0.886166,-0.314998,-0.187579,-0.659895
1234,1.10827,0.455626,0.195012,0.868548,-0.32579,-0.194885,-0.682502
1235,0.409119,0.928993,0.0474039,0.367049,-0.336896,-0.198859,-0.705777
1236,0.772928,-0.998526,0.0245517,0.0484135,-0.351457,-0.198859,-0.737363
1237,0.551857,-0.965527,0.0338087,0.258099,-0.362564,-0.194885,-0.760639
1238,1.27026,-0.873868,0.252432,-0.415492,-0.373356,-0.187579,-0.783247
1239,0.681648,0.783303,-0.381766,0.490602,-0.380656,-0.180919,-0.797573
1240,0.578348,-0.963288,0.125555,0.237302,-0.393266,-0.163515,-0.824927
1241,0.495824,0.84086,-0.490814,0.228158,-0.399534,-0.152921,-0.837229
1242,0.405084,-0.924767,0.0510051,0.377101,-0.40983,-0.128309,-0.859563
1243,0.20523,-0.87144,-0.105208,0.479087,-0.416494,-0.107251,-0.873479
1244,0.47295,-0.925353,0.129563,0.356279,-0.421921,-0.0843573,-0.884795
1245,0.36157,-0.912454,0.0347104,0.407704,-0.426017,-0.0600213,-0.893319
1246,1.57036,-0.210348,-0.93026,0.300615,-0.428062,-0.0432113,-0.897333
1247,0.33357,-0.908394,0.0116671,0.417953,-0.429962,-0.00870199,-0.901455
1248,0.034355,-0.845731,-0.282974,0.452399,-0.499105,0.017404,-0.864434
1249,1.27692,-0.426948,0.800107,0.421361,-0.497146,0.0432113,-0.860981
1250,0.278927,-0.878788,-0.0435415,0.475222,-0.49352,0.0682786,-0.854643
1251,1.33079,-0.29182,-0.893537,-0.341222,-0.49004,0.0843573,-0.848965
1252,1.49372,-0.482646,-0.804752,-0.345584,-0.483742,0.107251,-0.838108
1253,0.445624,0.391425,-0.530465,-0.751927,-0.476008,0.128309,-0.824758
1254,0.303585,0.474868,-0.397562,-0.78514,-0.466967,0.147171,-0.809143
1255,0.706859,0.0747212,-0.484167,-0.871779,-0.456776,0.163515,-0.791529
1256,1.45332,-0.633868,-0.429798,-0.643028,-0.44561,0.177061,-0.772217
1257,1.29795,-0.543269,-0.320173,-0.776111,-0.433658,0.187579,-0.751539
1258,0.984977,-0.443137,0.111397,0.889506,-0.417243,0.196587,-0.722227
1259,0.589624,0.0828138,-0.0543271,-0.995083,-0.408228,0.198859,-0.707515
1260,1.42911,-0.0323205,-0.0561084,0.997901,-0.391233,0.198859,-0.677169
1261,0.69411,-0.0377579,0.174567,-0.983921,-0.382217,0.196587,-0.662457
1262,1.37974,-0.652251,0.312867,-0.690422,-0.36955,0.190381,-0.640504
1263,1.34688,-0.613223,0.432526,-0.660968,-0.3574,0.180919,-0.619437
1264,1.36784,-0.207575,-0.441491,0.872925,-0.342683,0.163515,-0.593158
1265,1.04039,-0.306988,0.658042,-0.68756,-0.335469,0.152921,-0.581385
1266,0.868872,-0.116122,0.732609,-0.670671,-0.326062,0.134865,-0.56505
1267,1.38478,-0.328915,-0.651988,0.683174,-0.315718,0.107251,-0.546577
1268,0.815993,0.0177537,0.866299,-0.499211,-0.311171,0.0921786,-0.539157
1269,0.269291,-0.885305,0.215779,0.411916,-0.304667,0.0600213,-0.527544
1270,0.755925,0.176332,0.933775,-0.311401,-0.302314,0.0432113,-0.523704
1271,1.16839,-0.668512,-0.613444,0.420449,-0.300096,0.00870199,-0.519744
1272,0.386245,0.572308,0.777009,-0.262145,-0.300096,-0.00870199,-0.519744
1273,1.5197,-0.540665,-0.83362,0.112955,-0.302314,-0.0432113,-0.523704
1274,0.441235,0.641096,0.764982,-0.0616312,-0.304667,-0.0600213,-0.527544
1275,1.49073,-0.654171,-0.754004,-0.0594856,-0.311171,-0.0921786,-0.539157
1276,0.914289,0.417293,0.819263,0.393287,-0.315718,-0.107251,-0.546577
1277,1.33708,-0.811682,-0.57173,-0.119569,-0.326062,-0.134865,-0.56505
1278,1.12514,-0.913732,-0.405899,-0.0184413,-0.335469,-0.152921,-0.581385
1279,0.571537,0.801855,0.474153,0.363603,-0.342683,-0.163515,-0.593158
1280,0.638551,-0.942393,-0.0883368,0.322633,-0.3574,-0.180919,-0.619437
1281,0.412167,-0.866528,0.00409419,0.499111,-0.36955,-0.190381,-0.640504
1282,1.00173,-0.991666,-0.108513,-0.0694484,-0.382217,-0.196587,-0.662457
1283,0.33314,0.974563,0.0438373,0.219784,-0.391233,-0.198859,-0.677169
1284,1.24381,-0.940394,0.0494248,-0.336475,-0.408228,-0.198859,-0.707515
1285,1.00743,0.631965,-0.191889,0.750866,-0.417243,-0.196587,-0.722227
1286,0.933617,-0.98455,0.172435,-0.0304655,-0.433658,-0.187579,-0.751539
1287,0.317305,-0.853637,-0.0182913,0.520547,-0.44561,-0.177061,-0.772217
1288,1.56674,-0.683839,0.52126,-0.510541,-0.456776,-0.163515,-0.791529
1289,0.411584,-0.89552,0.0449877,0.442741,-0.466967,-0.147171,-0.809143
1290,0.0251241,-0.731481,-0.230924,0.641568,-0.476008,-0.128309,-0.824758
1291,0.54593,-0.910206,0.176494,0.374667,-0.483742,-0.107251,-0.838108
1292,0.817195,-0.871653,0.421515,0.250091,-0.49004,-0.0843573,-0.848965
1293,0.380182,0.766171,-0.613764,-0.190463,-0.49352,-0.0682786,-0.854643
1294,0.943609,0.352304,-0.935751,0.0158746,-0.497146,-0.0432113,-0.860981
1295,0.38482,0.684267,-0.647941,-0.334592,-0.499105,-0.017404,-0.864434
1296,0.342412,-0.830544,0.020496,0.556576,-0.56539,0.017404,-0.822609
1297,1.40269,-0.235173,-0.969095,-0.074485,-0.564054,0.0346586,-0.820772
1298,0.295691,-0.836322,-0.0276769,0.547539,-0.559053,0.0682786,-0.813287
1299,1.18135,-0.194014,-0.895342,-0.400901,-0.555138,0.0843573,-0.807899
1300,0.0229959,0.672345,-0.289131,-0.681437,-0.548008,0.107251,-0.797571
1301,0.0200128,-0.904184,-0.234582,0.356963,-0.536246,0.134865,-0.779966
1302,1.21797,-0.409682,-0.659545,-0.630207,-0.529012,0.147171,-0.77001
1303,0.239573,-0.877478,-0.0615137,0.475655,-0.513682,0.168359,-0.747067
1304,0.836151,-0.158075,-0.411658,-0.897524,-0.504824,0.177061,-0.734874
1305,1.42648,-0.697218,-0.313634,-0.644609,-0.491286,0.187579,-0.715197
1306,1.21213,-0.560696,-0.195195,-0.804686,-0.47709,0.194885,-0.694557
1307,1.26284,-0.619603,-0.065281,-0.782196,-0.46248,0.198859,-0.673305
1308,0.830611,-0.524345,-0.027323,0.851067,-0.443157,0.198859,-0.644387
1309,0.26539,0.30601,0.122428,-0.944123,-0.433015,0.196587,-0.630428
1310,0.837176,-0.551016,-0.128864,0.824485,-0.41435,0.187579,-0.602494
1311,0.884234,-0.534723,-0.191187,0.823116,-0.400812,0.177061,-0.582818
1312,0.452442,-0.830395,-0.00127967,0.557174,-0.388166,0.163515,-0.564442
1313,0.815566,-0.635632,-0.228261,0.737475,-0.376624,0.147171,-0.547682
1314,0.825355,-0.129424,0.72446,-0.677058,-0.369391,0.134865,-0.537726
1315,1.22778,-0.422056,0.823446,-0.379217,-0.360159,0.114501,-0.524252
1316,1.27045,-0.399743,0.880522,-0.254729,-0.352513,0.0921786,-0.513081
1317,0.0358386,-0.823569,0.423243,0.377623,-0.345118,0.0600213,-0.502014
1318,0.677475,0.215463,0.907371,-0.360906,-0.34247,0.0432113,-0.49837
1319,1.26995,-0.575505,-0.69007,0.438859,-0.339949,0.00870199,-0.494596
1320,0.315269,0.592845,0.730666,-0.338616,-0.339949,-0.00870199,-0.494596
1321,1.44411,-0.577738,-0.792186,0.196623,-0.34247,-0.0432113,-0.49837
1322,0.421378,0.645402,0.753752,-0.123751,-0.345118,-0.0600213,-0.502014
1323,1.22131,-0.783746,-0.597477,0.169598,-0.352513,-0.0921786,-0.513081
1324,0.994029,-0.876213,-0.406226,0.259289,-0.360159,-0.114501,-0.524252
1325,1.38938,-0.796877,-0.596435,-0.0961867,-0.369391,-0.134865,-0.537726
1326,1.33289,0.222127,0.643103,0.732857,-0.376624,-0.147171,-0.547682
1327,1.43932,0.178104,0.527868,0.830442,-0.388166,-0.163515,-0.564442
1328,1.07587,0.545015,0.441886,0.712528,-0.400812,-0.177061,-0.582818
1329,0.913529,0.703386,0.312967,0.6382,-0.41435,-0.187579,-0.602494
1330,1.50303,-0.867337,-0.173166,-0.466626,-0.433015,-0.196587,-0.630428
1331,0.868455,0.776666,0.062524,0.626802,-0.443157,-0.198859,-0.644387
1332,0.698332,-0.960864,0.0199606,0.276299,-0.46248,-0.198859,-0.673305
1333,0.990026,-0.993588,0.112195,-0.0139681,-0.47709,-0.194885,-0.694557
1334,0.348129,-0.820981,-0.00631136,0.57092,-0.491286,-0.187579,-0.715197
1335,0.952349,-0.967896,0.247582,0.0433759,-0.504824,-0.177061,-0.734874
1336,0.422563,0.917655,-0.388186,0.084978,-0.513682,-0.168359,-0.747067
1337,0.987209,-0.915667,0.39594,0.0691733,-0.529012,-0.147171,-0.77001
1338,0.454352,0.844791,-0.535097,-0.000596765,-0.536246,-0.134865,-0.779966
1339,0.539758,-0.87722,0.17147,0.448424,-0.548008,-0.107251,-0.797571
1340,1.0066,-0.801378,0.563081,0.201824,-0.555138,-0.0843573,-0.807899
1341,0.228839,0.801069,-0.49801,-0.332075,-0.559053,-0.0682786,-0.813287
1342,0.759891,-0.799156,0.41512,0.43477,-0.564054,-0.0346586,-0.820772
1343,0.130784,0.763607,-0.436419,-0.475861,-0.56539,-0.017404,-0.822609
1344,0.299941,-0.786009,-0.0218923,0.617827,-0.628187,0.017404,-0.775713
1345,1.22509,-0.102716,-0.980566,-0.16715,-0.626712,0.0346586,-0.773986
1346,0.118366,-0.809415,-0.194216,0.554191,-0.621139,0.0682786,-0.766917
1347,0.981497,-0.0614846,-0.866553,-0.495284,-0.616813,0.0843573,-0.761853
1348,1.29684,-0.164816,0.683602,0.711002,-0.606048,0.114501,-0.748196
1349,1.45005,0.0187935,0.674571,0.737971,-0.595788,0.134865,-0.735489
1350,1.2783,-0.504617,-0.658761,-0.558029,-0.587795,0.147171,-0.726131
1351,1.48656,0.136031,0.504172,0.852823,-0.570714,0.168359,-0.704462
1352,0.67731,-0.0773858,-0.380779,-0.921422,-0.560925,0.177061,-0.693001
1353,0.936574,-0.345905,0.173234,0.922139,-0.541031,0.190381,-0.667767
1354,0.704779,-0.167882,-0.172435,-0.970609,-0.530114,0.194885,-0.654984
1355,0.926058,-0.358379,0.0335227,0.932974,-0.508766,0.199429,-0.627904
1356,0.405965,0.0978161,0.0472619,-0.994082,-0.497463,0.199429,-0.61467
1357,0.779893,-0.273983,0.181425,-0.944467,-0.481142,0.196587,-0.59451
1358,0.735767,-0.568379,-0.0983785,0.816864,-0.460344,0.187579,-0.568128
1359,1.03805,-0.334272,-0.250075,0.908694,-0.445305,0.177061,-0.549574
1360,0.640812,-0.0939613,0.493092,-0.864888,-0.435517,0.168359,-0.538113
1361,0.480643,0.0847777,0.533781,-0.841362,-0.422288,0.152921,-0.521748
1362,0.959323,-0.503989,-0.351119,0.78912,-0.407062,0.128309,-0.502434
1363,0.564587,-0.754981,-0.0672023,0.652294,-0.397334,0.107251,-0.490458
1364,0.838041,-0.64615,-0.303926,0.700085,-0.389416,0.0843573,-0.480721
1365,1.55282,-0.215425,-0.823183,0.52532,-0.383442,0.0600213,-0.47339
1366,0.85847,0.0444058,0.95957,-0.277945,-0.380517,0.0432113,-0.469964
1367,1.20928,-0.572984,-0.645102,0.505502,-0.377706,0.00870199,-0.466399
1368,0.555625,0.417912,0.871436,-0.256805,-0.377706,-0.00870199,-0.466399
1369,1.23974,-0.663164,-0.65834,0.356093,-0.380517,-0.0432113,-0.469964
1370,0.509787,0.586661,0.80143,-0.116355,-0.383442,-0.0600213,-0.47339
1371,0.168196,-0.657254,0.285725,0.697408,-0.391682,-0.0921786,-0.483842
1372,1.35435,0.124158,0.802155,0.584065,-0.397334,-0.107251,-0.490458
1373,1.19517,0.329259,0.748485,0.575638,-0.407062,-0.128309,-0.502434
1374,1.41088,-0.83581,-0.535995,-0.118872,-0.422288,-0.152921,-0.521748
1375,1.26266,-0.913671,-0.403584,-0.0482322,-0.435517,-0.168359,-0.538113
1376,0.864638,0.743634,0.426732,0.514693,-0.445305,-0.177061,-0.549574
1377,0.960969,0.720597,0.316135,0.617089,-0.460344,-0.187579,-0.568128
1378,0.877775,-0.974282,-0.0876238,0.2076,-0.481142,-0.196587,-0.59451
1379,1.53217,-0.89291,-0.0592858,-0.446314,-0.497463,-0.199429,-0.61467
1380,1.03456,0.726533,-0.0647758,0.684072,-0.508766,-0.199429,-0.627904
1381,1.56918,-0.854859,0.181362,-0.486131,-0.530114,-0.194885,-0.654984
1382,0.817106,0.838699,-0.297963,0.455852,-0.541031,-0.190381,-0.667767
1383,1.15943,-0.945249,0.31772,-0.0745512,-0.560925,-0.177061,-0.693001
1384,0.683925,0.843683,-0.477807,0.244744,-0.570714,-0.168359,-0.704462
1385,0.984159,-0.907701,0.39436,0.143383,-0.587795,-0.147171,-0.726131
1386,0.5635,0.807527,-0.589451,0.0211794,-0.595788,-0.134865,-0.735489
1387,0.739455,0.677775,-0.730177,0.0863934,-0.606048,-0.114501,-0.748196
1388,1.23331,-0.700149,0.705599,0.109185,-0.616813,-0.0843573,-0.761853
1389,0.350706,0.73717,-0.592239,-0.32532,-0.621139,-0.0682786,-0.766917
1390,0.930564,-0.713616,0.560016,0.420874,-0.626712,-0.0346586,-0.773986
1391,0.171019,0.710987,-0.472171,-0.521106,-0.628187,-0.017404,-0.775713
1392,0.267311,-0.735651,-0.0544192,0.675172,-0.687113,0.017404,-0.724035
1393,1.16987,-0.0746421,-0.977837,-0.19561,-0.685506,0.0346586,-0.722429
1394,0.0627196,-0.765747,-0.245463,0.594458,-0.679396,0.0682786,-0.715819
1395,0.999125,-0.113999,-0.870509,-0.478767,-0.674687,0.0843573,-0.71111
1396,1.29402,-0.110756,0.682202,0.722727,-0.662883,0.114501,-0.69834
1397,0.613854,-0.584222,0.205446,0.78516,-0.651657,0.134865,-0.686476
1398,0.971131,-0.294622,0.387413,0.873561,-0.638697,0.152921,-0.672789
1399,0.518801,-0.629403,0.0931209,0.771479,-0.624225,0.168359,-0.657512
1400,0.438929,-0.683144,0.0354851,0.729421,-0.608487,0.180919,-0.640908
1401,0.0786271,-0.887093,-0.0916989,0.452391,-0.591755,0.190381,-0.623259
1402,0.686083,-0.497691,0.0592386,0.865329,-0.574314,0.196587,-0.604869
1403,0.69709,-0.494046,0.0198841,0.869208,-0.556462,0.199429,-0.586051
1404,0.220866,0.203026,0.0381099,-0.978431,-0.544156,0.199429,-0.573745
1405,0.145698,-0.8838,0.0514505,0.465027,-0.52075,0.194885,-0.548424
1406,0.621567,-0.594568,-0.0628483,0.801585,-0.5035,0.187579,-0.530258
1407,0.20684,-0.854077,0.101229,0.510201,-0.487052,0.177061,-0.512941
1408,0.739416,-0.542832,-0.15857,0.824736,-0.471686,0.163515,-0.49677
1409,0.258399,0.215096,0.435249,-0.874238,-0.461922,0.152921,-0.487008
1410,1.25272,-0.208131,-0.528463,0.823048,-0.445228,0.128309,-0.468948
1411,0.801586,-0.154838,0.798005,-0.58242,-0.437736,0.114501,-0.461456
1412,1.00981,-0.248997,0.894899,-0.370347,-0.428438,0.0921786,-0.451618
1413,0.831928,-0.622799,-0.309346,0.718628,-0.419403,0.0600213,-0.441845
1414,1.09,-0.538567,-0.542524,0.644681,-0.415112,0.0346586,-0.437366
1415,0.514228,-0.73395,-0.00790759,0.679157,-0.413135,0.00870199,-0.435327
1416,1.42439,-0.481241,-0.792735,0.374137,-0.413506,-0.017404,-0.43576
1417,0.798527,0.322326,0.945698,-0.0419716,-0.415112,-0.0346586,-0.437366
1418,1.31608,0.0338499,0.918853,0.393144,-0.419403,-0.0600213,-0.441845
1419,1.33571,-0.712394,-0.669943,0.208977,-0.428438,-0.0921786,-0.451618
1420,1.40172,-0.745445,-0.660681,0.088386,-0.437736,-0.114501,-0.461456
1421,0.91216,0.574851,0.739243,0.350809,-0.445228,-0.128309,-0.468948
1422,0.129396,-0.52732,0.215511,0.821881,-0.461922,-0.152921,-0.487008
1423,1.16361,0.532231,0.555349,0.638998,-0.471686,-0.163515,-0.49677
1424,0.0844739,0.940044,0.220714,-0.260005,-0.487052,-0.177061,-0.512941
1425,1.01427,0.733562,0.318838,0.600192,-0.5035,-0.187579,-0.530258
1426,1.51438,0.36811,0.183007,0.911594,-0.52075,-0.194885,-0.548424
1427,0.0396193,-0.448103,0.0231081,0.893683,-0.544156,-0.199429,-0.573745
1428,1.03218,0.779454,-0.0647593,0.623103,-0.556462,-0.199429,-0.586051
1429,0.294546,0.989142,-0.121597,-0.0825309,-0.574314,-0.196587,-0.604869
1430,1.5657,0.340425,-0.300718,0.890887,-0.591755,-0.190381,-0.623259
1431,1.24936,0.580954,-0.442272,0.683292,-0.608487,-0.180919,-0.640908
1432,0.0506976,0.896362,-0.217066,-0.386546,-0.624225,-0.168359,-0.657512
1433,1.14739,0.567312,-0.657467,0.495877,-0.638697,-0.152921,-0.672789
1434,1.37815,0.336889,-0.744294,0.576656,-0.651657,-0.134865,-0.686476
1435,0.714646,0.693811,-0.720034,0.0133469,-0.662883,-0.114501,-0.69834
1436,1.24844,-0.683402,0.713902,0.152665,-0.674687,-0.0843573,-0.71111
1437,0.372118,0.703016,-0.607924,-0.369048,-0.679396,-0.0682786,-0.715819
1438,0.992842,-0.657746,0.609049,0.443203,-0.685506,-0.0346586,-0.722429
1439,0.195326,0.660232,-0.493389,-0.56627,-0.687113,-0.017404,-0.724035
1440,0.22684,-0.680295,-0.0946931,0.726796,-0.741801,0.017404,-0.667893
1441,1.17218,-0.0913553,-0.97801,-0.187484,-0.740074,0.0346586,-0.666417
1442,0.0433706,-0.717609,-0.263117,0.644831,-0.733465,0.0682786,-0.660308
1443,1.02964,-0.173605,-0.876721,-0.448576,-0.728401,0.0843573,-0.655982
1444,1.55197,0.149576,0.78098,0.60638,-0.715631,0.114501,-0.644178
1445,1.06446,-0.362789,-0.741362,-0.564594,-0.707574,0.128309,-0.637297
1446,1.19989,-0.0276182,0.498398,0.866508,-0.689515,0.152921,-0.620603
1447,0.875799,-0.34529,-0.523212,-0.779118,-0.679016,0.163515,-0.611636
1448,0.675298,-0.440039,0.137803,0.887342,-0.656897,0.180919,-0.59119
1449,0.410436,-0.00465894,-0.225775,-0.974168,-0.644671,0.187579,-0.580748
1450,0.623146,-0.483542,0.0474276,0.874035,-0.620001,0.196587,-0.557944
1451,0.0940221,-0.862322,-0.0190174,0.506003,-0.600728,0.199429,-0.540585
1452,0.239216,-0.787488,0.0104991,0.61624,-0.581341,0.198859,-0.523129
1453,1.50436,-0.907689,0.18368,-0.377309,-0.568221,0.196587,-0.511923
1454,0.857254,-0.324993,-0.134763,0.936065,-0.543552,0.187579,-0.489119
1455,0.475883,-0.106536,0.350376,-0.93053,-0.531325,0.180919,-0.478677
1456,0.170783,-0.820798,0.153271,0.550272,-0.509207,0.163515,-0.458231
1457,0.124044,-0.823459,0.21884,0.523474,-0.494072,0.147171,-0.444628
1458,0.78488,-0.497931,-0.230371,0.836058,-0.480648,0.128309,-0.43257
1459,0.315344,-0.737525,0.139383,0.66078,-0.469166,0.107251,-0.422263
1460,1.09264,-0.376813,-0.50669,0.775421,-0.459822,0.0843573,-0.413884
1461,0.642005,0.0682831,0.860944,-0.504096,-0.454758,0.0682786,-0.409559
1462,1.23131,-0.411783,-0.65219,0.636461,-0.448148,0.0346586,-0.403449
1463,0.751557,0.163318,0.9494,-0.268266,-0.44642,0.017404,-0.401974
1464,1.3556,-0.484374,-0.749213,0.451732,-0.44642,-0.017404,-0.401974
1465,0.995774,0.191055,0.97833,0.0798046,-0.448148,-0.0346586,-0.403449
1466,0.0191112,-0.493131,0.437361,0.752022,-0.454758,-0.0682786,-0.409559
1467,1.15859,0.269143,0.894144,0.357867,-0.459822,-0.0843573,-0.413884
1468,0.37212,0.752913,0.62801,-0.196786,-0.469166,-0.107251,-0.422263
1469,1.36135,0.289972,0.726013,0.623556,-0.480648,-0.128309,-0.43257
1470,0.277599,0.873434,0.444682,-0.198423,-0.494072,-0.147171,-0.444628
1471,0.189162,0.908946,0.331642,-0.252646,-0.509207,-0.163515,-0.458231
1472,1.13891,-0.943467,-0.285571,0.168283,-0.531325,-0.180919,-0.478677
1473,0.641702,0.936718,0.281597,0.207997,-0.543552,-0.187579,-0.489119
1474,0.171727,-0.487606,0.046531,0.871823,-0.568221,-0.196587,-0.511923
1475,0.0653692,0.935513,0.0294025,-0.352066,-0.581341,-0.198859,-0.523129
1476,1.53132,0.456311,-0.0615357,0.88769,-0.600728,-0.199429,-0.540585
1477,0.979521,-0.967253,0.110525,0.228486,-0.626049,-0.194885,-0.563992
1478,1.21761,-0.970375,0.241595,0.00189884,-0.644671,-0.187579,-0.580748
1479,0.952319,0.810765,-0.427724,0.39964,-0.656897,-0.180919,-0.59119
1480,1.31215,-0.889011,0.455897,-0.0426315,-0.679016,-0.163515,-0.611636
1481,0.899172,0.741311,-0.624384,0.246177,-0.689515,-0.152921,-0.620603
1482,0.944594,-0.833604,0.429236,0.34765,-0.707574,-0.128309,-0.637297
1483,0.413884,0.775279,-0.564425,-0.283491,-0.715631,-0.114501,-0.644178
1484,1.24762,-0.669573,0.713474,0.206463,-0.728401,-0.0843573,-0.655982
1485,0.361175,0.674643,-0.599943,-0.430031,-0.733465,-0.0682786,-0.660308
1486,1.00458,-0.617276,0.618028,0.486838,-0.740074,-0.0346586,-0.666417
1487,0.231716,0.602663,-0.524623,-0.601305,-0.741801,-0.017404,-0.667893
1488,1.43267,-0.228897,0.89414,0.384864,-0.791917,0.017404,-0.607633
1489,1.38287,-0.234978,-0.971901,-0.0139192,-0.790079,0.0346586,-0.606298
1490,1.50776,-0.000650567,0.876608,0.481205,-0.783011,0.0682786,-0.600725
1491,0.988501,-0.180173,-0.868186,-0.462375,-0.777623,0.0843573,-0.59681
1492,1.47754,0.141798,0.757533,0.637211,-0.763966,0.114501,-0.586044
1493,1.15948,-0.470278,-0.750067,-0.465014,-0.755395,0.128309,-0.579817
1494,1.50703,-0.738164,-0.633997,-0.230569,-0.741067,0.147171,-0.56885
1495,1.27148,-0.683631,-0.555124,-0.473799,-0.724911,0.163515,-0.556476
1496,1.28426,-0.747004,-0.44144,-0.497108,-0.707204,0.177061,-0.542908
1497,0.692952,-0.346653,-0.280684,-0.895013,-0.688249,0.187579,-0.528378
1498,1.17663,-0.759957,-0.195216,-0.619965,-0.66837,0.194885,-0.513134
1499,0.89077,-0.572754,-0.0627296,-0.817324,-0.647907,0.198859,-0.497437
1500,0.913318,-0.600322,0.063335,-0.797247,-0.62721,0.199429,-0.481556
1501,0.332629,-0.0670858,0.13237,-0.988928,-0.606634,0.196587,-0.465763
1502,1.55411,0.407681,-0.290757,0.865596,-0.580252,0.187579,-0.444964
1503,0.674449,-0.436556,-0.103867,0.893661,-0.561296,0.177061,-0.430434
1504,0.303044,0.00513929,0.380181,-0.924898,-0.549103,0.168359,-0.421576
1505,0.538076,-0.162439,0.555147,-0.815736,-0.53242,0.152921,-0.40875
1506,1.11924,-0.183034,-0.452571,0.872742,-0.513106,0.128309,-0.393525
1507,0.458812,0.011079,0.672849,-0.739697,-0.504534,0.114501,-0.387298
1508,0.536679,-0.603108,-0.03973,0.79667,-0.490878,0.0843573,-0.376532
1509,1.04308,-0.399218,-0.490054,0.774901,-0.483358,0.0600213,-0.370796
1510,0.322226,0.306994,0.721192,-0.620997,-0.479714,0.0432113,-0.368148
1511,1.23681,-0.426915,-0.665818,0.611907,-0.476149,0.00870199,-0.365338
1512,0.770435,0.228515,0.955036,-0.188911,-0.476149,-0.00870199,-0.365338
1513,0.400203,-0.599921,0.101515,0.793593,-0.479714,-0.0432113,-0.368148
1514,1.23456,0.148482,0.93446,0.323632,-0.483358,-0.0600213,-0.370796
1515,0.133817,0.705059,0.525704,-0.475948,-0.490878,-0.0843573,-0.376532
1516,0.198295,-0.471278,0.234157,0.850334,-0.504534,-0.114501,-0.387298
1517,0.884968,0.636371,0.735222,0.233409,-0.513106,-0.128309,-0.393525
1518,1.55893,-0.80779,-0.586854,-0.0554766,-0.53242,-0.152921,-0.40875
1519,1.26821,-0.899678,-0.405679,0.161257,-0.549103,-0.168359,-0.421576
1520,0.88353,0.835345,0.428889,0.343879,-0.561296,-0.177061,-0.430434
1521,1.44202,0.530574,0.30761,0.789853,-0.580252,-0.187579,-0.444964
1522,1.56146,-0.956133,-0.178137,-0.232543,-0.606634,-0.196587,-0.465763
1523,0.829593,-0.889126,-0.0272629,0.456849,-0.62721,-0.199429,-0.481556
1524,1.00174,-0.95724,0.0376826,0.286831,-0.647907,-0.198859,-0.497437
1525,0.696106,-0.829049,0.0611048,0.555827,-0.66837,-0.194885,-0.513134
1526,0.97337,-0.932292,0.183093,0.311943,-0.688249,-0.187579,-0.528378
1527,0.944864,-0.905302,0.244842,0.347104,-0.707204,-0.177061,-0.542908
1528,0.823951,-0.84866,0.253452,0.464261,-0.724911,-0.163515,-0.556476
1529,0.524529,-0.715339,0.118872,0.688592,-0.741067,-0.147171,-0.56885
1530,0.866289,-0.795659,0.379639,0.472018,-0.755395,-0.128309,-0.579817
1531,0.423568,0.74965,-0.570309,-0.335816,-0.763966,-0.114501,-0.586044
1532,1.31001,-0.632446,0.745991,0.208588,-0.777623,-0.0843573,-0.59681
1533,0.435549,0.622437,-0.652726,-0.43188,-0.783011,-0.0682786,-0.600725
1534,0.816036,-0.617799,0.464327,0.634606,-0.790079,-0.0346586,-0.606298
1535,0.601284,0.414406,-0.79581,-0.441537,-0.791917,-0.017404,-0.607633
1536,1.33511,-0.101936,-0.99416,0.0354142,-0.837612,0.00870199,-0.543962
1537,1.2061,-0.227337,0.757964,0.611398,-0.833838,0.0432113,-0.54144
1538,0.0359714,-0.608656,-0.269841,0.746139,-0.827729,0.0682786,-0.537439
1539,1.11983,-0.296596,-0.890235,-0.345707,-0.822051,0.0843573,-0.533959
1540,0.657604,-0.378757,0.265984,0.886451,-0.807591,0.114501,-0.524298
1541,0.471404,-0.477258,0.100634,0.872982,-0.793907,0.134865,-0.515383
1542,1.16327,0.0778534,0.482243,0.872571,-0.77811,0.152921,-0.505099
1543,0.687956,-0.313567,-0.47892,-0.819946,-0.766337,0.163515,-0.497884
1544,1.29399,-0.78853,-0.44111,-0.428535,-0.74762,0.177061,-0.485747
1545,0.923721,-0.603604,-0.309155,-0.734905,-0.727583,0.187579,-0.472749
1546,0.887323,-0.0872211,0.0952322,0.991627,-0.69965,0.196587,-0.454084
1547,0.36266,-0.160345,-0.0447037,-0.986048,-0.684938,0.198859,-0.445069
1548,0.364055,-0.585201,0.00236793,0.810885,-0.656019,0.198859,-0.425746
1549,1.54677,-0.965119,0.180703,-0.189452,-0.641307,0.196587,-0.416731
1550,0.299668,-0.105828,0.213173,-0.971266,-0.620055,0.190381,-0.40292
1551,0.0634572,-0.789624,0.161756,0.591887,-0.593337,0.177061,-0.385068
1552,1.39351,0.233383,-0.45002,0.861983,-0.574621,0.163515,-0.372932
1553,0.436605,-0.571407,0.0169209,0.820492,-0.557544,0.147171,-0.361864
1554,0.74582,-0.387771,-0.202266,0.89929,-0.5424,0.128309,-0.352054
1555,0.697159,-0.215878,0.769226,-0.601405,-0.533366,0.114501,-0.346519
1556,0.638538,-0.0959649,0.811621,-0.576248,-0.522027,0.0921786,-0.339124
1557,0.959752,-0.378962,-0.4209,0.824155,-0.51096,0.0600213,-0.33173
1558,0.182558,0.327013,0.621626,-0.711789,-0.50712,0.0432113,-0.329376
1559,0.376926,-0.557938,0.128728,0.819838,-0.503346,0.00870199,-0.326854
1560,0.9945,0.09306,0.995419,-0.0219466,-0.503346,-0.00870199,-0.326854
1561,0.470066,-0.549766,0.0331549,0.834661,-0.50712,-0.0432113,-0.329376
1562,1.29318,0.138475,0.923852,0.356823,-0.51096,-0.0600213,-0.33173
1563,0.139664,-0.394403,0.309881,0.865113,-0.522027,-0.0921786,-0.339124
1564,1.5402,-0.6753,-0.724051,0.140429,-0.533366,-0.114501,-0.346519
1565,1.19226,0.492754,0.748746,0.443366,-0.5424,-0.128309,-0.352054
1566,0.113714,-0.308738,0.225262,0.924088,-0.562848,-0.152921,-0.365718
1567,1.38141,0.52458,0.537096,0.660563,-0.574621,-0.163515,-0.372932
1568,1.38794,0.581544,0.428309,0.691635,-0.593337,-0.177061,-0.385068
1569,0.0606332,-0.238629,0.114581,0.964327,-0.620055,-0.190381,-0.40292
1570,0.317775,-0.476054,0.0184422,0.879223,-0.641307,-0.196587,-0.416731
1571,1.35058,0.716816,0.0644329,0.694278,-0.656019,-0.198859,-0.425746
1572,1.47958,-0.992463,0.0580946,-0.107899,-0.684938,-0.198859,-0.445069
1573,0.847097,0.955537,-0.183677,0.230677,-0.69965,-0.196587,-0.454084
1574,1.36937,-0.96259,0.270916,0.0049952,-0.727583,-0.187579,-0.472749
1575,0.816653,-0.827975,0.195693,0.525511,-0.74762,-0.177061,-0.485747
1576,1.48588,-0.861037,0.50397,-0.0680418,-0.766337,-0.163515,-0.497884
1577,0.862077,0.7822,-0.616061,0.092914,-0.77811,-0.152921,-0.505099
1578,1.5508,0.347342,-0.714584,0.607226,-0.793907,-0.134865,-0.515383
1579,1.18984,0.488276,-0.830682,0.267496,-0.807591,-0.114501,-0.524298
1580,1.17276,-0.643692,0.670793,0.368371,-0.822051,-0.0843573,-0.533959
1581,0.281913,0.608701,-0.540044,-0.581236,-0.827729,-0.0682786,-0.537439
1582,1.00312,0.291906,-0.951573,-0.09644,-0.833838,-0.0432113,-0.54144
1583,0.725859,-0.532208,0.392244,0.750266,-0.837612,-0.00870199,-0.543962
1584,1.46652,-0.161133,-0.974333,0.157198,-0.877709,0.00870199,-0.476567
1585,0.18493,0.344235,-0.476936,-0.808724,-0.875199,0.0346586,-0.475238
1586,0.0430091,-0.547292,-0.263445,0.794398,-0.867345,0.0682786,-0.47084
1587,1.33682,-0.429837,-0.89304,-0.133117,-0.861411,0.0843573,-0.467816
1588,1.11478,-0.420346,-0.825292,-0.377097,-0.850369,0.107251,-0.46185
1589,1.22516,-0.570899,-0.752059,-0.329365,-0.836798,0.128309,-0.454509
1590,1.11469,0.106817,0.459851,0.881548,-0.815341,0.152921,-0.442492
1591,0.665119,-0.358809,-0.472358,-0.805067,-0.803039,0.163515,-0.436224
1592,0.833175,-0.0771741,0.202229,0.976293,-0.776758,0.180919,-0.421506
1593,0.622515,-0.422792,-0.26893,-0.865403,-0.762432,0.187579,-0.414206
1594,0.61157,-0.277114,0.0452234,0.959772,-0.73312,0.196587,-0.397791
1595,0.355618,-0.230375,-0.0443652,-0.97209,-0.717745,0.198859,-0.389958
1596,0.690692,-0.546695,0.0580958,-0.835314,-0.69482,0.199429,-0.37751
1597,0.33364,-0.221932,0.132516,-0.966015,-0.672027,0.196587,-0.36513
1598,0.228359,-0.114097,0.195472,-0.97405,-0.649756,0.190381,-0.35303
1599,0.426394,-0.277649,0.336573,-0.899794,-0.628389,0.180919,-0.341416
1600,0.419137,-0.238651,0.424606,-0.873359,-0.608291,0.168359,-0.330486
1601,0.590951,-0.400414,-0.0846638,0.912415,-0.584217,0.147171,-0.317004
1602,0.0385949,0.144134,0.368587,-0.918351,-0.573252,0.134865,-0.311417
1603,0.956318,-0.214533,-0.378586,0.90036,-0.554778,0.107251,-0.301072
1604,0.479746,-0.0432292,0.741001,-0.670111,-0.547025,0.0921786,-0.297122
1605,0.867576,-0.175424,0.927359,-0.330501,-0.537802,0.0682786,-0.292082
1606,0.785129,-0.0275096,0.942133,-0.334108,-0.531399,0.0432113,-0.288573
1607,0.0433485,-0.462645,0.445648,0.766393,-0.527438,0.00870199,-0.286355
1608,1.28766,-0.0525338,0.973115,0.224248,-0.527438,-0.00870199,-0.286355
1609,1.32803,-0.45671,-0.719883,0.52267,-0.531399,-0.0432113,-0.288573
1610,0.220897,-0.392843,0.260131,0.882047,-0.537802,-0.0682786,-0.292082
1611,0.252551,-0.383032,0.213073,0.898825,-0.547025,-0.0921786,-0.297122
1612,1.295,0.373167,0.81376,0.445578,-0.554778,-0.107251,-0.301072
1613,0.133953,-0.269165,0.250552,0.929932,-0.573252,-0.134865,-0.311417
1614,1.37058,0.506834,0.637077,0.580735,-0.584217,-0.147171,-0.317004
1615,1.55417,-0.867573,-0.496412,0.0298809,-0.608291,-0.168359,-0.330486
1616,1.53029,-0.919468,-0.392968,0.0124181,-0.628389,-0.180919,-0.341416
1617,0.0760048,-0.176754,0.109951,0.978094,-0.649756,-0.190381,-0.35303
1618,1.33455,-0.977097,-0.155594,0.145162,-0.672027,-0.196587,-0.36513
1619,1.15697,-0.952999,-0.0449664,0.299616,-0.69482,-0.199429,-0.37751
1620,1.46492,-0.998224,0.0576433,-0.0150449,-0.717745,-0.198859,-0.389958
1621,0.899171,0.960545,-0.186865,0.205997,-0.73312,-0.196587,-0.397791
1622,0.322201,-0.450507,-0.0146472,0.892653,-0.762432,-0.187579,-0.414206
1623,1.15742,0.80793,-0.441937,0.389795,-0.776758,-0.180919,-0.421506
1624,0.207453,-0.380236,-0.0792422,0.921489,-0.803039,-0.163515,-0.436224
1625,0.856958,0.788183,-0.614875,0.0263831,-0.815341,-0.152921,-0.442492
1626,0.5845,-0.614508,0.184092,0.767131,-0.836798,-0.128309,-0.454509
1627,0.689346,-0.627194,0.290851,0.722519,-0.850369,-0.107251,-0.46185
1628,0.895081,-0.61931,0.481843,0.619905,-0.861411,-0.0843573,-0.467816
1629,0.104243,0.560918,-0.394057,-0.728073,-0.867345,-0.0682786,-0.47084
1630,0.729475,-0.516063,0.387889,0.763689,-0.875199,-0.0346586,-0.475238
1631,0.455455,-0.491855,0.132894,0.860475,-0.877709,-0.00870199,-0.476567
1632,0.886279,-0.321943,0.533763,0.781952,-0.911886,0.017404,-0.405975
1633,1.35376,-0.0634158,0.841306,0.536827,-0.908271,0.0432113,-0.404333
1634,1.06141,-0.114185,0.636091,0.763119,-0.901613,0.0682786,-0.401338
1635,0.183679,-0.472036,-0.129007,0.872089,-0.892023,0.0921786,-0.397038
1636,0.146288,-0.5046,-0.153625,0.849575,-0.879667,0.114501,-0.391508
1637,0.721096,-0.164036,0.281686,0.945381,-0.864755,0.134865,-0.384843
1638,0.277308,-0.46276,-0.043509,0.885415,-0.847545,0.152921,-0.377158
1639,0.200177,-0.526986,-0.0832358,0.845788,-0.828328,0.168359,-0.368582
1640,0.13975,-0.585516,-0.0961167,0.804943,-0.807435,0.180919,-0.359264
1641,0.31963,-0.459541,-0.0154709,0.888022,-0.785223,0.190381,-0.349361
1642,1.37051,0.517164,0.163512,0.840122,-0.762071,0.196587,-0.339045
1643,1.39939,0.545335,0.0554857,0.83638,-0.738376,0.199429,-0.328491
1644,1.41621,0.549719,-0.0556669,0.833493,-0.714545,0.198859,-0.31788
1645,1.02812,0.172662,-0.112766,0.978505,-0.690983,0.194885,-0.307395
1646,1.08817,0.199535,-0.198012,0.959676,-0.668093,0.187579,-0.297214
1647,1.25347,0.306233,-0.322368,0.895712,-0.64627,0.177061,-0.28751
1648,1.44871,0.40796,-0.467319,0.784335,-0.625886,0.163515,-0.27845
1649,1.36764,0.27848,-0.518902,0.808201,-0.607288,0.147171,-0.27019
1650,1.36047,0.199381,-0.582972,0.787649,-0.590795,0.128309,-0.26287
1651,0.355107,-0.479883,0.106651,0.870826,-0.576691,0.107251,-0.256616
1652,0.256402,-0.50091,0.209714,0.839708,-0.565214,0.0843573,-0.251535
1653,0.348719,-0.457654,0.141941,0.877728,-0.556564,0.0600213,-0.247714
1654,0.588854,-0.402105,-0.0832443,0.911801,-0.550886,0.0346586,-0.245218
1655,0.0748997,0.317341,0.547854,-0.774048,-0.548788,0.017404,-0.244348
1656,0.639701,-0.422814,-0.132723,0.896445,-0.548788,-0.017404,-0.244348
1657,0.0703392,0.447686,0.532752,-0.718159,-0.550886,-0.0346586,-0.245218
1658,0.688259,-0.466021,-0.178014,0.866681,-0.559061,-0.0682786,-0.248986
1659,0.179737,0.577562,0.558506,-0.595393,-0.565214,-0.0843573,-0.251535
1660,0.337092,0.654351,0.608517,-0.448923,-0.576691,-0.107251,-0.256616
1661,0.334671,0.721971,0.543825,-0.4278,-0.590795,-0.128309,-0.26287
1662,0.440704,0.795201,0.51789,-0.315349,-0.607288,-0.147171,-0.27019
1663,0.594524,0.863064,0.480685,-0.155122,-0.625886,-0.163515,-0.27845
1664,0.738475,0.912722,0.408573,-0.00268625,-0.64627,-0.177061,-0.28751
1665,0.7966,0.95125,0.302191,0.0616826,-0.668093,-0.187579,-0.297214
1666,0.629949,0.980254,0.168607,-0.103319,-0.690983,-0.194885,-0.307395
1667,0.408797,0.944695,0.04739,-0.32451,-0.714545,-0.198859,-0.31788
1668,0.496983,0.96661,-0.05071,-0.251184,-0.738376,-0.199429,-0.328491
1669,0.307392,0.887806,-0.123549,-0.443325,-0.762071,-0.196587,-0.339045
1670,0.418687,-0.461898,0.0163791,0.886782,-0.79258,-0.187579,-0.35311
1671,1.34963,0.749292,-0.438406,0.496349,-0.807435,-0.180919,-0.359264
1672,0.188611,-0.291509,-0.0895858,0.952364,-0.834789,-0.163515,-0.371874
1673,1.14338,0.715325,-0.657279,0.237265,-0.847545,-0.152921,-0.377158
1674,0.9907,0.681629,-0.730028,0.0494039,-0.864755,-0.134865,-0.384843
1675,0.0605403,0.579738,-0.3182,-0.750101,-0.879667,-0.114501,-0.391508
1676,0.0318748,0.533197,-0.315888,-0.784803,-0.892023,-0.0921786,-0.397038
1677,1.13558,0.336054,-0.941239,0.0337142,-0.901613,-0.0682786,-0.401338
1678,0.873038,-0.449405,0.512799,0.731486,-0.909787,-0.0346586,-0.405106
1679,0.707577,0.266633,-0.855184,-0.444486,-0.911886,-0.017404,-0.405975
1680,1.45557,-0.130969,-0.976636,0.170379,-0.941455,0.00870199,-0.333396
1681,0.962772,-0.168441,0.585656,0.792865,-0.937196,0.0432113,-0.331825
1682,1.55056,0.166512,0.891141,0.422069,-0.930322,0.0682786,-0.32936
1683,0.90007,-0.274292,-0.844823,-0.459389,-0.923987,0.0843573,-0.327302
1684,0.915374,-0.383953,-0.788586,-0.480325,-0.912148,0.107251,-0.323137
1685,0.945517,0.0693335,0.429804,0.900256,-0.892284,0.134865,-0.315809
1686,0.70335,-0.437292,-0.571057,-0.694745,-0.88058,0.147171,-0.312006
1687,1.02842,-0.699548,-0.545689,-0.461363,-0.861392,0.163515,-0.30523
1688,0.990982,-0.744889,-0.431798,-0.508616,-0.840359,0.177061,-0.297798
1689,0.624576,-0.55457,-0.269299,-0.787356,-0.817841,0.187579,-0.289836
1690,1.19326,-0.920235,-0.195231,-0.339194,-0.794225,0.194885,-0.281482
1691,0.510603,-0.517539,-0.0512726,-0.854122,-0.769913,0.198859,-0.272876
1692,0.575919,-0.581576,0.0542475,-0.811682,-0.745322,0.199429,-0.264168
1693,0.504286,-0.519586,0.154944,-0.840252,-0.720873,0.196587,-0.255506
1694,0.0972777,-0.143094,0.16041,-0.976623,-0.696983,0.190381,-0.247039
1695,0.150474,-0.178716,0.245536,-0.952771,-0.674061,0.180919,-0.23891
1696,0.289763,-0.270204,0.374764,-0.886872,-0.652502,0.168359,-0.23126
1697,0.336092,-0.263469,0.472404,-0.841082,-0.632672,0.152921,-0.224219
1698,0.261498,-0.157937,0.504385,-0.848912,-0.614911,0.134865,-0.217907
1699,0.272279,-0.105552,0.570535,-0.814462,-0.599523,0.114501,-0.212433
1700,0.883829,-0.339983,0.880063,-0.331514,-0.586771,0.0921786,-0.207889
1701,0.894035,-0.235427,0.932126,-0.275165,-0.576873,0.0682786,-0.204355
1702,0.952911,-0.142327,0.97445,-0.173752,-0.57,0.0432113,-0.201891
1703,0.433267,0.154745,0.805584,-0.571916,-0.566268,0.017404,-0.200538
1704,0.359819,-0.333491,0.145661,0.931432,-0.566268,-0.017404,-0.200538
1705,0.0266554,-0.22345,0.450513,0.864354,-0.57,-0.0432113,-0.201891
1706,0.0140193,-0.165664,0.441624,0.881773,-0.576873,-0.0682786,-0.204355
1707,1.43273,-0.539038,-0.72455,0.429496,-0.586771,-0.0921786,-0.207889
1708,1.39897,-0.623938,-0.659293,0.419565,-0.599523,-0.114501,-0.212433
1709,1.50089,-0.708211,-0.643727,0.289918,-0.614911,-0.134865,-0.217907
1710,0.116316,-0.0865186,0.223645,0.970823,-0.632672,-0.152921,-0.224219
1711,0.152076,-0.101823,0.163239,0.981318,-0.652502,-0.168359,-0.23126
1712,0.18309,-0.123179,0.111427,0.986109,-0.674061,-0.180919,-0.23891
1713,1.56775,-0.951879,-0.292593,0.0911865,-0.696983,-0.190381,-0.247039
1714,1.29072,-0.929184,-0.150281,0.337687,-0.720873,-0.196587,-0.255506
1715,1.19005,-0.908557,-0.0465112,0.415165,-0.745322,-0.199429,-0.264168
1716,0.0145603,0.0199154,-0.0239322,0.999515,-0.769913,-0.198859,-0.272876
1717,1.29275,-0.940307,0.154725,0.303123,-0.794225,-0.194885,-0.281482
1718,1.45029,-0.9469,0.284047,0.150657,-0.817841,-0.187579,-0.289836
1719,1.0652,-0.809444,0.287322,0.5121,-0.840359,-0.177061,-0.297798
1720,0.850907,-0.677858,0.266726,0.685103,-0.861392,-0.163515,-0.30523
1721,1.05423,-0.722405,0.430401,0.541189,-0.88058,-0.147171,-0.312006
1722,0.73295,0.708568,-0.659795,-0.250204,-0.892284,-0.134865,-0.315809
1723,0.881463,-0.567183,0.434288,0.699784,-0.912148,-0.107251,-0.323137
1724,0.931423,-0.520339,0.509009,0.68568,-0.923987,-0.0843573,-0.327302
1725,0.73182,0.432636,-0.824601,-0.364498,-0.930322,-0.0682786,-0.32936
1726,1.47607,0.0998619,-0.9554,0.277919,-0.937196,-0.0432113,-0.331825
1727,0.742513,-0.340945,0.407473,0.847185,-0.941455,-0.00870199,-0.333396
1728,0.0512685,-0.27837,-0.266751,0.922688,-0.964168,0.017404,-0.258326
1729,1.23302,-0.183544,-0.980709,-0.0672453,-0.961959,0.0346586,-0.257796
1730,0.683116,-0.145807,0.332002,0.931942,-0.953295,0.0682786,-0.255352
1731,0.103934,-0.359194,-0.199312,0.911732,-0.943151,0.0921786,-0.252606
1732,0.197018,-0.340927,-0.111981,0.933396,-0.930082,0.114501,-0.249078
1733,0.0191284,-0.456197,-0.235211,0.858231,-0.914311,0.134865,-0.244828
1734,0.257366,-0.332553,-0.0566317,0.941383,-0.89611,0.152921,-0.239928
1735,0.196184,-0.391155,-0.0854326,0.916351,-0.875789,0.168359,-0.234464
1736,0.356928,-0.27292,-0.000756482,0.962036,-0.853695,0.180919,-0.228529
1737,1.45196,-0.950103,-0.311707,-0.0119893,-0.838061,0.187579,-0.224776
1738,0.434312,-0.217699,0.0110287,0.975954,-0.805727,0.196587,-0.215657
1739,1.20186,0.511207,0.0475786,0.85814,-0.780673,0.199429,-0.20894
1740,1.25804,0.548903,-0.0495377,0.834417,-0.755475,0.198859,-0.202188
1741,1.18944,0.468358,-0.136898,0.872869,-0.730563,0.194885,-0.195517
1742,0.827253,0.10709,-0.125942,0.986241,-0.706363,0.187579,-0.189041
1743,0.911746,0.152569,-0.202104,0.967407,-0.683291,0.177061,-0.182871
1744,1.05436,0.231149,-0.315783,0.920245,-0.661739,0.163515,-0.177112
1745,1.11988,0.227363,-0.40318,0.886426,-0.642078,0.147171,-0.171863
1746,1.0942,0.148038,-0.437409,0.886994,-0.624643,0.128309,-0.167213
1747,1.14254,0.11257,-0.509105,0.853311,-0.609734,0.107251,-0.163243
1748,0.257815,-0.362901,0.208477,0.908207,-0.597604,0.0843573,-0.160019
1749,0.401067,-0.300401,0.0927693,0.949291,-0.588463,0.0600213,-0.157599
1750,0.787281,-0.208133,-0.274262,0.938861,-0.582465,0.0346586,-0.156021
1751,1.37548,-0.142931,0.949995,0.277632,-0.580256,0.017404,-0.155491
1752,0.538628,-0.273311,-0.0322432,0.961385,-0.580256,-0.017404,-0.155491
1753,0.143653,0.329649,0.591646,-0.735722,-0.582465,-0.0346586,-0.156021
1754,0.505861,0.406525,0.799435,-0.442314,-0.588463,-0.0600213,-0.157599
1755,0.545972,0.504292,0.772851,-0.385216,-0.597604,-0.0843573,-0.160019
1756,0.53558,0.597445,0.708349,-0.375902,-0.609734,-0.107251,-0.163243
1757,0.652594,0.689365,0.678989,-0.252486,-0.624643,-0.128309,-0.167213
1758,0.888901,0.765164,0.643748,-0.0106019,-0.642078,-0.147171,-0.171863
1759,0.960826,0.833078,0.548759,0.0696027,-0.661739,-0.163515,-0.177112
1760,1.00935,0.889967,0.439228,0.122624,-0.683291,-0.177061,-0.182871
1761,0.860388,0.950877,0.308601,-0.0244526,-0.706363,-0.187579,-0.189041
1762,0.62952,0.951917,0.168563,-0.255815,-0.730563,-0.194885,-0.195517
1763,0.460267,0.905129,0.0496526,-0.422227,-0.755475,-0.198859,-0.202188
1764,0.476006,-0.354206,0.00571365,0.93515,-0.788949,-0.198859,-0.211629
1765,1.5678,0.779029,-0.181686,0.600086,-0.805727,-0.196587,-0.215657
1766,0.607449,-0.480034,0.0763531,0.873921,-0.838061,-0.187579,-0.224776
1767,0.0651565,0.602334,-0.182015,-0.777216,-0.853695,-0.180919,-0.228529
1768,0.069858,0.574281,-0.22683,-0.786606,-0.875789,-0.168359,-0.234464
1769,1.55707,0.596601,-0.62409,0.504558,-0.89611,-0.152921,-0.239928
1770,0.0792726,0.504839,-0.304257,-0.807815,-0.914311,-0.134865,-0.244828
1771,0.0302114,0.443234,-0.294749,-0.846561,-0.930082,-0.114501,-0.249078
1772,0.155656,0.438136,-0.417131,-0.796265,-0.943151,-0.0921786,-0.252606
1773,1.18254,0.325752,-0.945095,0.0261072,-0.953295,-0.0682786,-0.255352
1774,0.89896,-0.329821,0.534292,0.7783,-0.961959,-0.0346586,-0.257796
1775,0.132738,-0.254783,-0.187616,0.948623,-0.96471,-0.00870199,-0.258502
1776,0.804825,-0.143006,0.4634,0.874534,-0.981463,0.017404,-0.181882
1777,0.615403,-0.131676,0.282839,0.950086,-0.977566,0.0432113,-0.181129
1778,0.621035,-0.0946646,0.276345,0.956385,-0.970391,0.0682786,-0.179771
1779,0.721175,-0.27863,-0.777721,-0.563485,-0.963813,0.0843573,-0.178729
1780,0.945625,-0.465034,-0.796187,-0.387079,-0.951469,0.107251,-0.176467
1781,0.842518,-0.523182,-0.695336,-0.492736,-0.936293,0.128309,-0.173679
1782,0.304047,-0.223897,-0.0259043,0.974269,-0.912173,0.152921,-0.168881
1783,1.49354,0.660905,0.505787,0.554422,-0.891485,0.168359,-0.165029
1784,0.473348,-0.0931567,0.050639,0.994363,-0.868993,0.180919,-0.160845
1785,0.108812,-0.252676,-0.147534,-0.956237,-0.853112,0.187579,-0.158329
1786,0.21658,-0.346941,-0.0313375,0.937363,-0.820163,0.196587,-0.151775
1787,1.09959,0.490802,0.0427346,0.870222,-0.794659,0.199429,-0.147045
1788,1.01258,0.402906,-0.037643,0.914467,-0.769009,0.198859,-0.142291
1789,1.0278,0.396024,-0.112719,0.911296,-0.74365,0.194885,-0.137595
1790,0.688,0.0531397,-0.0836402,0.995078,-0.719017,0.187579,-0.133037
1791,0.767002,0.0999205,-0.143179,0.98464,-0.695532,0.177061,-0.128697
1792,0.905152,0.183066,-0.244296,0.952264,-0.673595,0.163515,-0.124647
1793,1.0321,0.23346,-0.355844,0.904915,-0.653583,0.147171,-0.120956
1794,1.01799,0.167891,-0.389552,0.905572,-0.635837,0.128309,-0.117689
1795,1.00998,0.104866,-0.417744,0.902493,-0.620662,0.107251,-0.1149
1796,0.0966257,-0.347115,0.345795,0.871744,-0.608317,0.0843573,-0.112639
1797,0.578192,-0.169619,-0.0747564,0.98267,-0.599013,0.0600213,-0.110942
1798,0.169223,-0.24707,0.322145,0.913881,-0.592911,0.0346586,-0.10984
1799,0.414565,-0.200121,0.0914122,0.975497,-0.590112,0.00870199,-0.109352
1800,1.40156,-0.0039498,0.941706,0.336413,-0.590112,-0.00870199,-0.109352
1801,0.640794,0.254717,0.893111,-0.370772,-0.592911,-0.0346586,-0.10984
1802,0.598062,0.36937,0.842779,-0.391522,-0.599013,-0.0600213,-0.110942
1803,0.615361,0.474989,0.802551,-0.360968,-0.608317,-0.0843573,-0.112639
1804,0.652181,0.576125,0.754239,-0.314966,-0.620662,-0.107251,-0.1149
1805,0.716898,0.67259,0.698377,-0.244731,-0.635837,-0.128309,-0.117689
1806,0.965159,0.757504,0.652812,0.00497753,-0.653583,-0.147171,-0.120956
1807,1.10778,0.817744,0.555821,0.149525,-0.673595,-0.163515,-0.124647
1808,1.16363,0.873148,0.442402,0.204678,-0.695532,-0.177061,-0.128697
1809,1.02113,0.945734,0.319116,0.0612497,-0.719017,-0.187579,-0.133037
1810,0.835366,0.974084,0.185146,-0.129929,-0.74365,-0.194885,-0.137595
1811,0.851988,0.990539,0.0621946,-0.122329,-0.769009,-0.198859,-0.142291
1812,0.700684,0.957764,-0.0580452,-0.281637,-0.794659,-0.199429,-0.147045
1813,0.585082,0.90099,-0.160266,-0.403153,-0.820163,-0.196587,-0.151775
1814,0.456986,-0.277055,0.0286609,0.960427,-0.853112,-0.187579,-0.158329
1815,1.46467,0.802862,-0.428532,0.414456,-0.868993,-0.180919,-0.160845
1816,0.323527,0.661293,-0.34693,-0.665079,-0.891485,-0.168359,-0.165029
1817,1.49219,0.660457,-0.63661,0.39815,-0.912173,-0.152921,-0.168881
1818,0.952703,-0.532483,0.434263,0.726552,-0.936293,-0.128309,-0.173679
1819,0.86515,-0.44479,0.422633,0.789648,-0.951469,-0.107251,-0.176467
1820,1.15847,-0.45163,0.662233,0.597895,-0.963813,-0.0843573,-0.178729
1821,1.27569,0.309113,-0.946577,0.0918747,-0.970391,-0.0682786,-0.179771
1822,1.29237,0.182309,-0.979852,0.081567,-0.977566,-0.0432113,-0.181129
1823,0.223531,0.200034,-0.517657,-0.831876,-0.981463,-0.017404,-0.181882
1824,1.25803,-0.0659837,-0.99782,0.00136752,-0.993272,0.00870199,-0.104406
1825,0.727532,-0.0318261,0.386145,0.921889,-0.988764,0.0432113,-0.103872
1826,0.816173,-0.241056,-0.860902,-0.44804,-0.984273,0.0600213,-0.103519
1827,0.109078,-0.210046,-0.194811,0.958086,-0.971055,0.0921786,-0.101954
1828,0.0286821,-0.276903,-0.248469,0.928217,-0.957595,0.114501,-0.100513
1829,0.183358,-0.216436,-0.115252,0.96947,-0.941355,0.134865,-0.0987833
1830,0.352821,-0.110446,0.00625159,0.993862,-0.922611,0.152921,-0.0967926
1831,0.130593,-0.277793,-0.257216,-0.925565,-0.908846,0.163515,-0.0957086
1832,1.49778,0.759642,0.401986,0.511225,-0.878934,0.180919,-0.0921679
1833,1.47388,0.787923,0.287522,0.544526,-0.854749,0.190381,-0.0896146
1834,0.0463173,-0.428098,-0.0635378,0.901496,-0.829543,0.196587,-0.0869586
1835,1.32884,0.731046,0.0528968,0.680274,-0.803747,0.199429,-0.0842439
1836,1.28855,-0.997883,0.065032,0.000428566,-0.786397,0.199429,-0.0828786
1837,0.0190435,-0.300485,0.081643,-0.950286,-0.760601,0.196587,-0.0801633
1838,0.0516964,-0.326947,0.147543,-0.933454,-0.735395,0.190381,-0.077506
1839,1.24603,-0.898067,0.439801,0.00709177,-0.711209,0.180919,-0.0749526
1840,1.27659,-0.833765,0.549095,0.0577109,-0.688459,0.168359,-0.0725466
1841,1.35805,-0.752301,0.639195,0.159604,-0.667533,0.152921,-0.0703293
1842,0.262559,-0.352323,0.504984,-0.787946,-0.648789,0.134865,-0.068338
1843,1.44715,-0.557485,0.778323,0.288831,-0.632549,0.114501,-0.0666073
1844,1.38959,-0.453811,0.853953,0.254598,-0.619089,0.0921786,-0.0651666
1845,0.723667,-0.0435675,-0.210806,0.976557,-0.605871,0.0600213,-0.063602
1846,0.10344,-0.0139652,0.55973,-0.828557,-0.601381,0.0432113,-0.0632486
1847,0.586754,-0.111958,-0.0801769,0.990473,-0.596872,0.00870199,-0.0627153
1848,1.17179,0.0519416,0.992121,0.114006,-0.596872,-0.00870199,-0.0627153
1849,0.350626,-0.0865997,0.149738,0.984926,-0.601381,-0.0432113,-0.0632486
1850,0.19372,-0.0161597,0.284788,0.958454,-0.60864,-0.0682786,-0.0640406
1851,0.194033,0.0166756,0.263667,0.96447,-0.619089,-0.0921786,-0.0651666
1852,0.278061,-0.0024346,0.169833,0.98547,-0.632549,-0.114501,-0.0666073
1853,0.147322,0.0984138,0.241045,0.965511,-0.648789,-0.134865,-0.068338
1854,0.654485,-0.257963,-0.126041,0.957898,-0.667533,-0.152921,-0.0703293
1855,0.662508,-0.288891,-0.117155,0.950167,-0.688459,-0.168359,-0.0725466
1856,0.479484,-0.154718,-0.0185385,0.987785,-0.711209,-0.180919,-0.0749526
1857,0.265228,0.0334735,0.0511396,0.99813,-0.735395,-0.190381,-0.077506
1858,0.305195,-0.0126916,0.020883,0.999701,-0.760601,-0.196587,-0.0801633
1859,0.634191,-0.344062,-0.015181,0.938824,-0.786397,-0.199429,-0.0828786
1860,0.360202,0.760721,-0.0445865,-0.647546,-0.803747,-0.199429,-0.0842439
1861,0.699116,0.913283,-0.171907,-0.369272,-0.829543,-0.196587,-0.0869586
1862,0.735466,0.892358,-0.287102,-0.348237,-0.854749,-0.190381,-0.0896146
1863,0.570091,0.783574,-0.354454,-0.510269,-0.878934,-0.180919,-0.0921679
1864,0.130931,0.0650744,-0.121059,0.99051,-0.908846,-0.163515,-0.0957086
1865,1.41245,0.712077,-0.648319,0.269497,-0.922611,-0.152921,-0.0967926
1866,0.0519726,0.357067,-0.28537,-0.88942,-0.941355,-0.134865,-0.0987833
1867,0.182042,0.373498,-0.408992,-0.832601,-0.957595,-0.114501,-0.100513
1868,0.100029,0.289121,-0.372328,-0.881919,-0.971055,-0.0921786,-0.101954
1869,1.27234,-0.327635,0.768876,0.549077,-0.984273,-0.0600213,-0.103519
1870,1.02576,0.214733,-0.956711,-0.196454,-0.988764,-0.0432113,-0.103872
1871,1.52858,-0.10252,0.93245,0.346448,-0.993272,-0.00870199,-0.104406
1872,1.13616,0.0205797,0.725674,0.687731,-0.997833,0.017404,-0.026108
1873,0.379839,-0.0959581,-0.633897,-0.767441,-0.995561,0.0346586,-0.026108
1874,0.954309,0.157181,0.557466,0.815184,-0.986566,0.0682786,-0.0257547
1875,0.551553,-0.31528,-0.691096,-0.650372,-0.979906,0.0843573,-0.0257547
1876,0.788038,-0.482339,-0.748629,-0.454867,-0.967359,0.107251,-0.025452
1877,0.891382,-0.60715,-0.708517,-0.359684,-0.951935,0.128309,-0.025072
1878,1.0127,-0.725427,-0.644434,-0.241785,-0.933897,0.147171,-0.0246213
1879,0.65476,-0.680257,-0.46931,-0.563026,-0.913553,0.163515,-0.0241067
1880,0.601315,-0.711499,-0.36256,-0.60193,-0.891253,0.177061,-0.0235373
1881,0.560251,-0.733775,-0.257439,-0.628728,-0.867377,0.187579,-0.022924
1882,0.695093,-0.842254,-0.17154,-0.51106,-0.842335,0.194885,-0.022276
1883,0.687278,-0.858814,-0.0576323,-0.509035,-0.816554,0.198859,-0.0216053
1884,1.48185,-0.961188,0.0623411,0.268757,-0.790475,0.199429,-0.0209227
1885,1.56197,-0.9167,0.179564,0.356958,-0.764545,0.196587,-0.02024
1886,1.52303,-0.894104,0.299028,0.333407,-0.739209,0.190381,-0.0195687
1887,1.4719,-0.858177,0.417442,0.298789,-0.714898,0.180919,-0.0189207
1888,1.07816,-0.828215,0.555358,-0.0750751,-0.692029,0.168359,-0.0183073
1889,1.04302,-0.746864,0.658172,-0.0948865,-0.670993,0.152921,-0.017738
1890,1.54064,0.557758,-0.658717,0.504973,-0.646419,0.128309,-0.0167727
1891,1.05766,-0.553444,0.831312,-0.0511973,-0.635825,0.114501,-0.0167727
1892,1.3232,-0.438054,0.870255,0.225312,-0.622293,0.0921786,-0.0163927
1893,1.52409,-0.305802,0.851726,0.425498,-0.611789,0.0682786,-0.01609
1894,0.460633,-0.1377,0.806007,-0.575666,-0.60449,0.0432113,-0.01587
1895,0.294601,-0.0521203,0.209677,0.97638,-0.599953,0.00870199,-0.015692
1896,1.49348,0.0430838,0.907442,0.417963,-0.599953,-0.00870199,-0.015692
1897,0.381137,-0.0151412,0.120092,0.992647,-0.60449,-0.0432113,-0.01587
1898,0.305815,0.0231489,0.181964,0.983033,-0.611789,-0.0682786,-0.01609
1899,0.443848,-0.0178186,0.0435225,0.998894,-0.622293,-0.0921786,-0.0163927
1900,0.955186,-0.287002,-0.377744,0.880306,-0.635825,-0.114501,-0.0167727
1901,0.472691,0.557163,0.610149,-0.563283,-0.646419,-0.128309,-0.0167727
1902,0.910483,-0.360886,-0.285847,0.887723,-0.670993,-0.152921,-0.017738
1903,0.66513,-0.215573,-0.118592,0.96926,-0.692029,-0.168359,-0.0183073
1904,0.436591,-0.0383781,0.000451263,0.999263,-0.714898,-0.180919,-0.0189207
1905,0.38863,-0.00492727,0.0116589,0.99992,-0.739209,-0.190381,-0.0195687
1906,0.360836,0.0112608,0.0100559,0.999886,-0.764545,-0.196587,-0.02024
1907,0.148248,0.210582,0.016328,0.97744,-0.790475,-0.199429,-0.0209227
1908,0.0107375,0.331404,-0.0241646,0.943179,-0.816554,-0.198859,-0.0216053
1909,1.50578,-0.902304,0.176415,0.393352,-0.842335,-0.194885,-0.022276
1910,1.50929,-0.876637,0.292449,0.382074,-0.867377,-0.187579,-0.022924
1911,1.26435,-0.729266,0.348249,0.588977,-0.891253,-0.177061,-0.0235373
1912,1.08604,-0.58647,0.372982,0.718984,-0.913553,-0.163515,-0.0241067
1913,0.785648,-0.356957,0.282328,0.890434,-0.933897,-0.147171,-0.0246213
1914,0.885038,-0.376482,0.391748,0.839521,-0.951935,-0.128309,-0.025072
1915,0.932931,-0.346061,0.470184,0.811892,-0.967359,-0.107251,-0.025452
1916,0.964284,-0.294041,0.533,0.793379,-0.979906,-0.0843573,-0.0257547
1917,0.523607,-0.101816,0.18693,0.977083,-0.989361,-0.0600213,-0.0259747
1918,1.03223,-0.156662,0.63884,0.75322,-0.995561,-0.0346586,-0.026108
1919,1.11749,-0.0741398,0.712763,0.697476,-0.998401,-0.00870199,-0.0261533
1920,0.490492,0.0496457,0.167453,0.984629,-0.996805,0.017404,0.0522606
1921,0.576337,-0.176912,-0.767822,-0.615753,-0.994541,0.0346586,0.0520826
1922,0.669195,0.145302,0.319623,0.936338,-0.985546,0.0682786,0.0517293
1923,1.06131,-0.441522,-0.882268,-0.163281,-0.978906,0.0843573,0.0512066
1924,1.285,-0.552398,-0.830802,0.0679958,-0.966374,0.107251,0.0505239
1925,1.46202,-0.632537,-0.732572,0.251468,-0.950968,0.128309,0.0496926
1926,0.460846,-0.568161,-0.475088,-0.671926,-0.932951,0.147171,0.0487273
1927,0.423672,-0.608785,-0.388604,-0.691641,-0.912629,0.163515,0.0476439
1928,0.598553,-0.755195,-0.361854,-0.546573,-0.890353,0.177061,0.0464613
1929,0.752566,-0.868844,-0.289539,-0.401592,-0.866502,0.187579,0.0452
1930,0.68656,-0.876032,-0.170731,-0.45102,-0.841486,0.194885,0.0438813
1931,0.514259,-0.807159,-0.0514193,-0.588091,-0.815732,0.198859,0.042528
1932,0.466823,-0.785617,0.0499299,-0.616695,-0.78968,0.199429,0.041162
1933,1.39326,-0.943965,0.189895,0.269943,-0.763777,0.196587,0.039808
1934,0.38586,-0.712833,0.233106,-0.661461,-0.738465,0.190381,0.0384893
1935,1.31969,-0.8732,0.434939,0.219885,-0.714179,0.180919,0.0372273
1936,1.32352,-0.8057,0.544443,0.233303,-0.691332,0.168359,0.0360446
1937,0.955365,-0.748222,0.651887,-0.123317,-0.670317,0.152921,0.034962
1938,1.10014,-0.658413,0.752106,0.0287851,-0.651492,0.134865,0.0339966
1939,0.00390808,-0.294668,0.389653,-0.872549,-0.635181,0.114501,0.0331653
1940,1.29508,-0.422856,0.87606,0.231757,-0.621661,0.0921786,0.0324826
1941,1.34959,-0.297911,0.910645,0.286313,-0.611165,0.0682786,0.03196
1942,1.45674,-0.165251,0.90723,0.386816,-0.603871,0.0432113,0.0316066
1943,0.28147,-0.074002,0.70727,-0.703059,-0.599905,0.017404,0.0314286
1944,0.502144,0.0395548,0.0041521,0.999209,-0.599905,-0.017404,0.0314286
1945,0.297675,0.0783406,0.200818,0.976491,-0.603871,-0.0432113,0.0316066
1946,0.457726,0.0525168,0.0392416,0.997849,-0.611165,-0.0682786,0.03196
1947,0.738368,-0.0694359,-0.218453,0.973374,-0.621661,-0.0921786,0.0324826
1948,0.413495,0.0781121,0.0583495,0.995236,-0.635181,-0.114501,0.0331653
1949,0.879204,-0.223787,-0.296784,0.928353,-0.651492,-0.134865,0.0339966
1950,0.810121,-0.219115,-0.22488,0.94943,-0.670317,-0.152921,0.034962
1951,0.608322,-0.0920649,-0.0875526,0.991896,-0.691332,-0.168359,0.0360446
1952,0.616371,-0.120676,-0.0787109,0.989567,-0.714179,-0.180919,0.0372273
1953,0.323831,0.134536,0.0324564,0.990377,-0.738465,-0.190381,0.0384893
1954,0.213012,0.232551,0.0386649,0.971815,-0.763777,-0.196587,0.039808
1955,0.198958,0.237818,0.0130933,0.971221,-0.78968,-0.199429,0.041162
1956,0.0968016,0.324486,-0.0188425,0.945703,-0.815732,-0.198859,0.042528
1957,0.0622885,0.341417,-0.060582,0.937957,-0.841486,-0.194885,0.0438813
1958,1.2847,-0.727113,0.255288,0.637287,-0.866502,-0.187579,0.0452
1959,1.1583,-0.615188,0.317378,0.721675,-0.890353,-0.177061,0.0464613
1960,0.921065,-0.415612,0.300212,0.858568,-0.912629,-0.163515,0.0476439
1961,0.81324,-0.305072,0.298684,0.904278,-0.932951,-0.147171,0.0487273
1962,1.24866,-0.496458,0.594463,0.632569,-0.950968,-0.128309,0.0496926
1963,0.935022,-0.282284,0.471636,0.835389,-0.966374,-0.107251,0.0505239
1964,1.15515,-0.298503,0.660193,0.689232,-0.978906,-0.0843573,0.0512066
1965,1.12698,0.314079,-0.940309,-0.131049,-0.985546,-0.0682786,0.0517293
1966,1.21074,-0.126342,0.760837,0.636525,-0.994541,-0.0346586,0.0520826
1967,1.24657,-0.0285122,0.796723,0.603671,-0.997376,-0.00870199,0.0522606
1968,0.703254,-0.116483,-0.852955,-0.508822,-0.990201,0.00870199,0.130353
1969,0.608708,0.167342,0.276544,0.946319,-0.985693,0.0432113,0.129819
1970,0.442115,-0.306018,-0.65722,-0.688777,-0.981244,0.0600213,0.129115
1971,0.618018,0.238131,0.256525,0.936744,-0.968026,0.0921786,0.12755
1972,0.986301,0.42885,0.506095,0.748301,-0.954602,0.114501,0.125809
1973,0.987033,-0.663348,-0.729378,-0.167264,-0.944138,0.128309,0.124151
1974,1.05954,0.578712,0.433034,0.691067,-0.919715,0.152921,0.121261
1975,1.2606,0.723932,0.438895,0.532253,-0.898849,0.168359,0.118532
1976,1.44511,0.842816,0.391669,0.36913,-0.876165,0.180919,0.115561
1977,1.37211,0.856519,0.271409,0.438991,-0.852053,0.190381,0.112397
1978,1.2271,0.808889,0.146583,0.569396,-0.826923,0.196587,0.109097
1979,0.914843,0.599339,0.0328918,0.79982,-0.801205,0.199429,0.105716
1980,1.32476,0.861887,-0.0522889,0.504397,-0.775341,0.198859,0.10231
1981,1.25991,0.807914,-0.146354,0.570838,-0.749773,0.194885,0.0989399
1982,1.56107,0.90237,-0.291715,0.317224,-0.724937,0.187579,0.0956619
1983,1.22133,-0.876703,0.44089,0.192374,-0.709056,0.180919,0.0931466
1984,1.01763,-0.833224,0.552914,-0.00495176,-0.686373,0.168359,0.0901746
1985,1.00571,-0.754541,0.656102,-0.0140928,-0.665507,0.152921,0.0874459
1986,0.80533,-0.660592,0.72031,-0.211596,-0.646817,0.134865,0.0850073
1987,0.706276,0.236343,-0.183565,0.954173,-0.625791,0.107251,0.0825186
1988,1.56149,0.441366,-0.786481,0.432022,-0.613351,0.0843573,0.0808546
1989,0.498097,0.117189,0.00101966,0.993109,-0.603979,0.0600213,0.0795926
1990,0.43966,0.104848,0.0629536,0.992494,-0.597834,0.0346586,0.0787546
1991,0.259542,-0.129741,0.691674,-0.710461,-0.59559,0.017404,0.0783993
1992,0.651962,0.10684,-0.144815,0.983674,-0.59559,-0.017404,0.0783993
1993,0.617553,0.1233,0.883453,-0.452005,-0.597834,-0.0346586,0.0787546
1994,0.751481,0.265816,0.898882,-0.348357,-0.603979,-0.0600213,0.0795926
1995,1.21927,0.451083,0.888135,0.087979,-0.613351,-0.0843573,0.0808546
1996,1.56532,0.543664,0.738348,0.39909,-0.625791,-0.107251,0.0825186
1997,0.985878,-0.218361,-0.368689,0.903542,-0.646817,-0.134865,0.0850073
1998,0.724151,-0.0797616,-0.170781,0.982075,-0.665507,-0.152921,0.0874459
1999,1.29285,-0.537997,-0.414924,0.733756,-0.686373,-0.168359,0.0901746
2000,1.51021,-0.726108,-0.388809,0.567093,-0.709056,-0.180919,0.0931466
2001,1.1665,0.94253,0.321548,-0.0907986,-0.724937,-0.187579,0.0956619
2002,1.50283,0.956447,0.183766,0.226803,-0.749773,-0.194885,0.0989399
2003,1.46722,0.982012,0.062635,0.178128,-0.775341,-0.198859,0.10231
2004,0.289205,0.529879,-0.0410704,-0.847078,-0.801205,-0.199429,0.105716
2005,0.170333,0.407222,-0.101738,-0.907645,-0.826923,-0.196587,0.109097
2006,1.09704,0.922583,-0.319833,-0.215749,-0.852053,-0.190381,0.112397
2007,1.11347,0.874608,-0.440425,-0.202701,-0.876165,-0.180919,0.115561
2008,1.03538,0.789824,-0.546383,-0.278647,-0.898849,-0.168359,0.118532
2009,1.22264,0.745843,-0.659579,-0.0931356,-0.919715,-0.152921,0.121261
2010,1.23189,-0.436927,0.586669,0.681846,-0.944138,-0.128309,0.124151
2011,1.20015,0.546503,-0.831036,-0.103512,-0.954602,-0.114501,0.125809
2012,1.4097,0.452353,-0.884555,0.113753,-0.968026,-0.0921786,0.12755
2013,0.199666,0.156469,-0.118306,0.980572,-0.981244,-0.0600213,0.129115
2014,0.235667,0.13396,-0.0854293,0.987298,-0.987389,-0.0346586,0.129953
2015,1.01056,0.0495123,0.634159,0.771615,-0.990201,-0.00870199,0.130353
2016,0.142279,0.180498,-0.178256,0.967288,-0.976357,0.017404,0.207552
2017,0.000299386,0.124421,-0.310932,0.942253,-0.972469,0.0432113,0.206756
2018,0.133871,0.131716,-0.179823,0.974841,-0.96532,0.0682786,0.205266
2019,0.851159,0.385576,0.448183,0.806513,-0.955035,0.0921786,0.203108
2020,0.723187,0.387991,0.31703,0.865422,-0.941788,0.114501,0.200318
2021,0.618944,0.367118,0.209116,0.906363,-0.925807,0.134865,0.196945
2022,0.927115,0.569106,0.36356,0.737525,-0.907365,0.152921,0.193047
2023,0.0156655,-0.0836455,-0.182655,0.979612,-0.886778,0.168359,0.188689
2024,1.21676,0.792979,0.334892,0.508952,-0.864397,0.180919,0.183948
2025,1.04282,0.73268,0.200999,0.650215,-0.840608,0.190381,0.178903
2026,1.44827,-0.88148,-0.188913,0.432788,-0.824262,0.194885,0.174978
2027,0.0644485,-0.603825,-0.028669,-0.796601,-0.799036,0.198859,0.169613
2028,1.13811,0.802736,-0.0440566,0.594705,-0.764925,0.198859,0.162827
2029,1.09577,0.758655,-0.123278,0.639722,-0.739699,0.194885,0.157461
2030,0.867579,0.574094,-0.137772,0.807115,-0.715197,0.187579,0.152245
2031,0.310303,0.0818573,0.0561843,0.995059,-0.691838,0.177061,0.147268
2032,0.307127,0.0768996,0.0792192,0.993887,-0.670021,0.163515,0.142615
2033,0.413676,0.159071,0.0320154,0.986748,-0.650119,0.147171,0.138367
2034,0.415058,0.15696,0.0439753,0.986625,-0.632475,0.128309,0.134595
2035,0.446864,0.174898,0.0306445,0.984109,-0.617387,0.107251,0.131363
2036,1.44861,-0.333531,0.836261,0.435231,-0.608926,0.0921786,0.129331
2037,0.911339,0.30498,-0.379353,0.873544,-0.595872,0.0600213,0.126735
2038,0.0317303,-0.265348,0.500577,-0.824022,-0.591492,0.0432113,0.125683
2039,0.859198,0.205194,-0.344869,0.915948,-0.58704,0.00870199,0.124798
2040,0.100035,-0.123765,0.568652,-0.813214,-0.58704,-0.00870199,0.124798
2041,1.23399,0.0178608,-0.654159,0.756147,-0.591492,-0.0432113,0.125683
2042,0.351861,0.108323,0.712107,-0.693663,-0.595872,-0.0600213,0.126735
2043,1.34855,-0.19957,-0.67756,0.707873,-0.608926,-0.0921786,0.129331
2044,0.643521,0.408212,0.751164,-0.518764,-0.617387,-0.107251,0.131363
2045,0.263889,0.290215,0.505729,-0.812412,-0.632475,-0.128309,0.134595
2046,0.348245,0.399731,0.477955,-0.78216,-0.650119,-0.147171,0.138367
2047,0.387179,0.475049,0.412906,-0.777069,-0.670021,-0.163515,0.142615
2048,0.452916,0.560991,0.344085,-0.752924,-0.691838,-0.177061,0.147268
2049,0.169049,0.358042,0.17999,-0.916193,-0.715197,-0.187579,0.152245
2050,0.0518896,0.256274,0.0874228,-0.962643,-0.739699,-0.194885,0.157461
2051,0.0418727,0.242368,0.0280195,-0.96978,-0.764925,-0.198859,0.162827
2052,1.13933,-0.52494,0.0446732,0.849966,-0.799036,-0.198859,0.169613
2053,1.28029,-0.634096,0.15324,0.757918,-0.824262,-0.194885,0.174978
2054,1.4703,0.947227,-0.310204,0.0808396,-0.840608,-0.190381,0.178903
2055,1.284,0.891216,-0.441477,-0.104073,-0.864397,-0.180919,0.183948
2056,0.958577,0.737063,-0.536914,-0.410441,-0.886778,-0.168359,0.188689
2057,1.36979,0.757397,-0.652927,-0.00603501,-0.907365,-0.152921,0.193047
2058,0.0841183,0.086295,-0.307589,-0.947598,-0.925807,-0.134865,0.196945
2059,1.53946,0.577992,-0.794313,0.18706,-0.941788,-0.114501,0.200318
2060,1.34312,0.45084,-0.892518,0.0124255,-0.955035,-0.0921786,0.203108
2061,0.352174,0.0453517,-0.593319,-0.803689,-0.96532,-0.0682786,0.205266
2062,1.01806,0.141703,-0.955022,-0.260487,-0.972469,-0.0432113,0.206756
2063,0.53,0.177634,0.206183,0.962255,-0.976921,-0.00870199,0.207641
2064,0.775722,-0.179647,-0.888214,-0.42285,-0.957618,0.00870199,0.283649
2065,1.05584,-0.236,-0.962777,-0.131775,-0.954903,0.0346586,0.282814
2066,0.903099,-0.382418,-0.891908,-0.241364,-0.948965,0.0600213,0.281025
2067,1.05157,0.485123,0.593861,0.64186,-0.936155,0.0921786,0.277412
2068,1.46526,-0.459781,-0.81043,0.363049,-0.927879,0.107251,0.274723
2069,0.0741834,-0.502441,-0.30075,-0.810618,-0.913091,0.128309,0.270318
2070,1.43058,-0.653759,-0.646054,0.393971,-0.895797,0.147171,0.265173
2071,0.487689,0.378298,0.0760426,0.922555,-0.86924,0.168359,0.257684
2072,0.133781,-0.647208,-0.209246,-0.733033,-0.854906,0.177061,0.253026
2073,1.03649,-0.943706,-0.317171,0.0939197,-0.832009,0.187579,0.246232
2074,1.33557,0.928228,0.159684,0.335997,-0.799675,0.196587,0.237112
2075,1.14431,0.856169,0.0449155,0.51474,-0.774804,0.199429,0.22975
2076,0.935397,-0.997202,0.0636863,0.0391395,-0.758253,0.199429,0.224372
2077,0.169289,-0.745402,0.107271,-0.657928,-0.733381,0.196587,0.217008
2078,1.3156,-0.852388,0.316977,0.415886,-0.709077,0.190381,0.209817
2079,1.26905,-0.818339,0.438539,0.371491,-0.685755,0.180919,0.20292
2080,0.732411,-0.843287,0.514479,-0.155492,-0.663817,0.168359,0.196438
2081,1.14764,-0.71223,0.659109,0.241463,-0.643635,0.152921,0.190479
2082,1.01906,-0.653574,0.749796,0.103188,-0.625555,0.134865,0.185145
2083,0.613921,-0.599399,0.740303,-0.304422,-0.609889,0.114501,0.180529
2084,0.449741,-0.503728,0.725499,-0.468946,-0.596901,0.0921786,0.176709
2085,0.59981,0.3011,-0.0951539,0.948833,-0.584092,0.0600213,0.173096
2086,1.42878,-0.0793963,0.917287,0.390232,-0.579808,0.0432113,0.171704
2087,0.875876,0.275845,-0.360421,0.89107,-0.575439,0.00870199,0.170472
2088,1.44636,0.159544,0.925977,0.342216,-0.575439,-0.00870199,0.170472
2089,1.38306,0.028587,-0.755426,0.65461,-0.579808,-0.0432113,0.171704
2090,0.643379,0.168481,0.8615,-0.478991,-0.584092,-0.0600213,0.173096
2091,0.797207,0.131221,-0.2692,0.954103,-0.596901,-0.0921786,0.176709
2092,0.474678,0.276278,0.00751265,0.961048,-0.609889,-0.114501,0.180529
2093,1.2293,-0.237482,-0.515795,0.823139,-0.625555,-0.134865,0.185145
2094,1.19095,-0.279208,-0.439246,0.853877,-0.643635,-0.152921,0.190479
2095,1.55687,-0.593956,-0.497062,0.63257,-0.663817,-0.168359,0.196438
2096,1.06802,-0.289502,-0.260923,0.920928,-0.685755,-0.180919,0.20292
2097,1.31007,-0.533524,-0.24892,0.808326,-0.709077,-0.190381,0.209817
2098,0.966169,-0.265576,-0.102687,0.958606,-0.733381,-0.196587,0.217008
2099,0.243762,0.417778,0.0102058,0.908492,-0.758253,-0.199429,0.224372
2100,1.53464,0.995052,-0.0614685,0.0780605,-0.774804,-0.199429,0.22975
2101,1.39466,0.979174,-0.191278,-0.0680461,-0.799675,-0.196587,0.237112
2102,1.49109,-0.704139,0.289955,0.648162,-0.832009,-0.187579,0.246232
2103,1.03349,-0.327286,0.276502,0.903565,-0.854906,-0.177061,0.253026
2104,0.476773,0.405171,-0.409173,-0.817566,-0.86924,-0.168359,0.257684
2105,0.865063,-0.125188,0.328745,0.936085,-0.895797,-0.147171,0.265173
2106,0.637433,0.0717042,0.22242,0.972311,-0.913091,-0.128309,0.270318
2107,0.830513,-0.0170425,0.397589,0.917405,-0.927879,-0.107251,0.274723
2108,1.15797,0.400924,-0.893764,-0.20111,-0.936155,-0.0921786,0.277412
2109,1.28802,-0.0988332,0.777455,0.621124,-0.948965,-0.0600213,0.281025
2110,0.171175,0.296671,-0.148231,0.943406,-0.954903,-0.0346586,0.282814
2111,0.577595,0.246723,0.252404,0.935639,-0.957618,-0.00870199,0.283649
2112,0.22754,0.3388,-0.0939934,0.936152,-0.931869,0.017404,0.357733
2113,0.862192,0.390919,0.503691,0.770375,-0.928153,0.0432113,0.356338
2114,0.671068,-0.441153,-0.794802,-0.416741,-0.923991,0.0600213,0.354614
2115,0.908864,-0.505223,-0.847463,-0.162963,-0.915171,0.0843573,0.351198
2116,1.1678,0.61854,0.616926,0.486631,-0.898856,0.114501,0.34518
2117,1.18668,0.692869,0.564785,0.448274,-0.883599,0.134865,0.339349
2118,1.10204,-0.742916,-0.654427,0.140714,-0.87223,0.147171,0.33464
2119,1.29496,0.834754,0.450343,0.316824,-0.846343,0.168359,0.32509
2120,1.40589,0.901647,0.383305,0.200274,-0.82498,0.180919,0.316904
2121,0.567861,-0.920439,-0.2589,-0.292853,-0.810125,0.187579,0.310752
2122,0.114043,0.0942456,-0.0508998,0.994247,-0.778607,0.196587,0.299124
2123,1.33805,-0.871084,-0.0646963,0.486854,-0.762665,0.198859,0.29252
2124,1.19293,-0.9282,0.0654743,0.366276,-0.738311,0.199429,0.283172
2125,1.18627,0.890653,-0.136458,0.433724,-0.70596,0.194885,0.271237
2126,0.685549,-0.949641,0.288126,-0.123147,-0.690429,0.190381,0.264804
2127,1.08115,0.781696,-0.265596,0.564279,-0.660282,0.177061,0.253682
2128,0.319557,-0.791295,0.386833,-0.473511,-0.646358,0.168359,0.247914
2129,0.43102,0.323936,0.0205831,0.945855,-0.620471,0.147171,0.238364
2130,0.573472,0.40604,-0.0750149,0.910771,-0.603633,0.128309,0.231878
2131,1.47479,-0.351442,0.769935,0.532624,-0.593845,0.114501,0.227824
2132,0.725057,-0.508885,0.841567,-0.181111,-0.581198,0.0921786,0.222996
2133,0.506217,-0.439876,0.799627,-0.408786,-0.571376,0.0682786,0.219256
2134,0.26187,-0.376296,0.679781,-0.629523,-0.564549,0.0432113,0.216666
2135,0.881702,0.344477,-0.365851,0.864574,-0.56029,0.00870199,0.215094
2136,1.40964,0.174767,0.939014,0.296158,-0.56029,-0.00870199,0.215094
2137,0.942354,0.235721,-0.416402,0.878092,-0.564549,-0.0432113,0.216666
2138,0.722189,0.270891,-0.209462,0.939544,-0.571376,-0.0682786,0.219256
2139,0.521163,0.334032,-0.025809,0.942208,-0.581198,-0.0921786,0.222996
2140,1.21321,-0.0891959,-0.554297,0.827526,-0.593845,-0.114501,0.227824
2141,0.663178,0.415425,0.682363,-0.601501,-0.603633,-0.128309,0.231878
2142,0.250719,0.19941,0.431429,-0.879832,-0.620471,-0.147171,0.238364
2143,0.431198,0.360825,0.010524,0.932574,-0.646358,-0.168359,0.247914
2144,1.20881,0.865021,0.441358,-0.238625,-0.660282,-0.177061,0.253682
2145,0.40797,0.361145,0.00545214,0.932494,-0.690429,-0.190381,0.264804
2146,1.48153,0.982419,0.185137,-0.0240123,-0.70596,-0.194885,0.271237
2147,1.50523,-0.680977,-0.0585135,0.729963,-0.738311,-0.199429,0.283172
2148,1.3118,-0.537801,0.0522292,0.841452,-0.762665,-0.198859,0.29252
2149,1.02474,0.849189,-0.192479,-0.491762,-0.778607,-0.196587,0.299124
2150,0.143415,0.535058,-0.0715471,0.84178,-0.810125,-0.187579,0.310752
2151,1.15878,-0.362456,0.317536,0.87624,-0.832419,-0.177061,0.319322
2152,0.770545,0.551854,-0.500574,-0.666996,-0.846343,-0.168359,0.32509
2153,1.22286,-0.322647,0.508195,0.798522,-0.87223,-0.147171,0.33464
2154,1.10324,0.568075,-0.745725,-0.348117,-0.883599,-0.134865,0.339349
2155,1.11896,0.475856,-0.82572,-0.302898,-0.898856,-0.114501,0.34518
2156,1.34556,-0.170952,0.763205,0.623132,-0.915171,-0.0843573,0.351198
2157,0.0203981,0.420566,-0.283944,0.861684,-0.923991,-0.0600213,0.354614
2158,1.5518,0.278095,-0.935873,0.216345,-0.928153,-0.0432113,0.356338
2159,0.994662,-0.0277277,-0.965782,-0.25787,-0.931869,-0.017404,0.357733
2160,0.626654,-0.292237,-0.810825,-0.50711,-0.901455,0.00870199,0.429962
2161,0.904869,0.447082,0.539134,0.713759,-0.897333,0.0432113,0.428062
2162,0.74776,-0.456287,-0.831931,-0.315741,-0.893319,0.0600213,0.426016
2163,0.988914,-0.493686,-0.868259,-0.0489897,-0.884795,0.0843573,0.42192
2164,1.09024,0.650712,0.571848,0.499564,-0.869003,0.114501,0.41464
2165,1.0188,-0.674004,-0.734806,0.0760222,-0.859563,0.128309,0.40983
2166,0.160135,-0.69602,-0.318237,-0.643647,-0.843286,0.147171,0.402042
2167,0.223325,-0.761405,-0.301741,-0.573772,-0.824927,0.163515,0.393266
2168,0.156845,-0.765695,-0.218184,-0.605068,-0.804799,0.177061,0.383648
2169,1.34666,-0.791118,-0.318309,0.522314,-0.783247,0.187579,0.373356
2170,0.736788,0.704886,0.0685971,0.705996,-0.752738,0.196587,0.35929
2171,1.42161,0.992726,0.0562439,0.10645,-0.729325,0.199429,0.348127
2172,1.02527,-0.957262,0.0647998,0.281869,-0.713818,0.199429,0.340226
2173,1.27587,-0.835474,0.193899,0.514186,-0.690405,0.196587,0.329062
2174,1.24123,-0.816139,0.320149,0.481063,-0.667524,0.190381,0.318158
2175,0.841356,0.70495,-0.173881,0.687612,-0.638343,0.177061,0.304705
2176,0.262464,-0.810343,0.36343,-0.459633,-0.624914,0.168359,0.297862
2177,0.608151,-0.799756,0.578716,-0.159617,-0.605913,0.152921,0.28882
2178,0.84015,-0.685286,0.727386,0.0359607,-0.588891,0.134865,0.280724
2179,0.147658,-0.635618,0.49089,-0.595833,-0.574139,0.114501,0.273714
2180,0.755572,0.508666,-0.233367,0.828734,-0.558346,0.0843573,0.266433
2181,1.49094,-0.0959857,0.864967,0.492563,-0.552412,0.0682786,0.26341
2182,0.472652,-0.381101,0.81266,-0.440846,-0.545809,0.0432113,0.260292
2183,0.396935,0.409686,0.108914,0.905701,-0.541686,0.00870199,0.258392
2184,1.54983,0.247805,0.882626,0.399454,-0.541686,-0.00870199,0.258392
2185,0.720927,0.370715,-0.21122,0.90441,-0.545809,-0.0432113,0.260292
2186,1.30704,0.0784563,-0.684515,0.724765,-0.552412,-0.0682786,0.26341
2187,0.460019,0.0843608,0.730899,-0.677252,-0.558346,-0.0843573,0.266433
2188,1.00104,0.1145,-0.411301,0.904279,-0.574139,-0.114501,0.273714
2189,0.440561,0.438201,0.0248194,0.898535,-0.588891,-0.134865,0.280724
2190,0.0816165,0.642277,0.245038,0.726248,-0.605913,-0.152921,0.28882
2191,0.363006,0.482762,0.0483581,0.874415,-0.624914,-0.168359,0.297862
2192,1.35226,0.885872,0.432009,-0.169111,-0.638343,-0.177061,0.304705
2193,1.46938,-0.533207,-0.278082,0.798975,-0.667524,-0.190381,0.318158
2194,1.37069,-0.488081,-0.159754,0.858053,-0.690405,-0.196587,0.329062
2195,0.144724,0.634091,0.0165517,0.773081,-0.713818,-0.199429,0.340226
2196,1.41908,0.979146,-0.0636602,-0.192924,-0.729325,-0.199429,0.348127
2197,0.369849,0.29858,-0.132748,-0.945107,-0.752738,-0.196587,0.35929
2198,1.41877,-0.53838,0.279142,0.795127,-0.783247,-0.187579,0.373356
2199,0.825042,0.00774872,0.199024,0.979964,-0.804799,-0.177061,0.383648
2200,0.546168,0.263888,0.108077,0.958479,-0.824927,-0.163515,0.393266
2201,0.645655,0.196445,0.196405,0.960643,-0.843286,-0.147171,0.402042
2202,1.30254,-0.253855,0.618394,0.743739,-0.859563,-0.128309,0.40983
2203,1.18089,0.479224,-0.830282,-0.284564,-0.869003,-0.114501,0.41464
2204,1.26489,-0.0754582,0.72275,0.686977,-0.884795,-0.0843573,0.42192
2205,1.47196,-0.0937449,0.863244,0.496005,-0.893319,-0.0600213,0.426016
2206,0.166066,-0.286449,-0.460684,-0.840069,-0.897333,-0.0432113,0.428062
2207,0.42788,0.410049,0.105578,0.905932,-0.901455,-0.00870199,0.429962
2208,0.532949,0.489715,0.209058,0.846448,-0.864434,0.017404,0.499105
2209,0.268918,0.478722,-0.0529042,0.876371,-0.860981,0.0432113,0.497146
2210,0.147709,0.431556,-0.166936,0.886505,-0.854643,0.0682786,0.49352
2211,1.34446,0.585104,0.76268,0.275632,-0.845528,0.0921786,0.488289
2212,0.957003,-0.601206,-0.79889,0.0180552,-0.838109,0.107251,0.483742
2213,1.24184,-0.570963,-0.75208,0.329207,-0.824759,0.128309,0.476008
2214,0.875034,0.753646,0.33443,0.56584,-0.803301,0.152921,0.46399
2215,0.082509,0.279129,-0.147186,0.948906,-0.785068,0.168359,0.453484
2216,1.31714,-0.72686,-0.440155,0.527198,-0.772217,0.177061,0.445609
2217,0.978387,0.874023,0.184412,0.449528,-0.744181,0.190381,0.429908
2218,0.538566,-0.97634,-0.154902,-0.150881,-0.729848,0.194885,0.421124
2219,0.971956,0.887362,0.0360718,0.459659,-0.699762,0.199429,0.404276
2220,0.232285,0.336231,0.0109467,0.941716,-0.67717,0.198859,0.391232
2221,0.691401,0.705407,-0.0537717,0.70676,-0.654837,0.194885,0.378334
2222,0.210918,0.30204,0.0682983,0.950845,-0.633146,0.187579,0.365802
2223,1.42625,0.922167,-0.369692,0.113733,-0.612468,0.177061,0.353849
2224,1.31858,0.869275,-0.424324,0.253594,-0.593157,0.163515,0.342683
2225,0.317714,0.38908,0.095,0.916292,-0.575543,0.147171,0.332492
2226,0.0518622,0.210452,0.307855,0.927866,-0.559927,0.128309,0.323452
2227,1.53512,-0.225022,0.749558,0.622518,-0.550894,0.114501,0.317917
2228,0.590606,0.524087,-0.0879696,0.847109,-0.53572,0.0843573,0.30942
2229,1.19178,-0.219681,0.940174,0.260409,-0.530042,0.0682786,0.30594
2230,0.509391,0.489545,-0.00539924,0.871961,-0.522188,0.0346586,0.301541
2231,1.30631,0.0616513,0.968828,0.239942,-0.520252,0.017404,0.300354
2232,0.594111,0.481735,-0.0874983,0.871938,-0.520252,-0.017404,0.300354
2233,0.561305,-0.087868,0.858101,-0.505907,-0.522188,-0.0346586,0.301541
2234,1.55966,-0.00589899,-0.82635,0.563127,-0.530042,-0.0682786,0.30594
2235,0.573049,0.100891,0.784878,-0.611382,-0.53572,-0.0843573,0.30942
2236,1.1594,0.078226,-0.520129,0.850498,-0.550894,-0.114501,0.317917
2237,0.852141,0.439242,0.72966,-0.524083,-0.559927,-0.128309,0.323452
2238,1.25173,0.718811,0.652824,-0.23902,-0.575543,-0.147171,0.332492
2239,0.76555,0.510121,0.521197,-0.684201,-0.593157,-0.163515,0.342683
2240,0.691368,0.49833,0.400091,-0.769152,-0.612468,-0.177061,0.353849
2241,0.359576,0.237808,0.227212,-0.944363,-0.633146,-0.187579,0.365802
2242,0.444901,0.327158,0.147616,-0.933369,-0.654837,-0.194885,0.378334
2243,0.870715,0.687437,0.0625688,-0.723544,-0.67717,-0.198859,0.391232
2244,0.23254,0.109345,-0.0381158,-0.993273,-0.699762,-0.199429,0.404276
2245,0.643885,0.246417,0.0513422,0.967803,-0.729848,-0.194885,0.421124
2246,0.120752,-0.04377,-0.15094,-0.987573,-0.744181,-0.190381,0.429908
2247,1.17814,-0.238216,0.323443,0.915772,-0.772217,-0.177061,0.445609
2248,0.891173,0.528438,-0.526001,-0.66639,-0.785068,-0.168359,0.453484
2249,1.50684,0.765086,-0.634036,-0.112432,-0.803301,-0.152921,0.46399
2250,1.13073,-0.0672043,0.536125,0.841459,-0.824759,-0.128309,0.476008
2251,1.31927,-0.135035,0.694022,0.707177,-0.838109,-0.107251,0.483742
2252,1.33579,0.429362,-0.893132,-0.134027,-0.845528,-0.0921786,0.488289
2253,0.408335,-0.17546,-0.633816,-0.75332,-0.854643,-0.0682786,0.49352
2254,0.327609,0.487809,0.00463607,0.872938,-0.862497,-0.0346586,0.497918
2255,0.234786,-0.384735,-0.52723,-0.757633,-0.864434,-0.017404,0.499105
2256,0.56598,0.55223,0.241171,0.798046,-0.822609,0.017404,0.565389
2257,0.942979,-0.321396,-0.935569,-0.146341,-0.820772,0.0346586,0.564054
2258,0.821953,-0.472008,-0.863163,-0.179324,-0.815677,0.0600213,0.560518
2259,1.48285,0.560618,0.820554,0.11135,-0.804611,0.0921786,0.553123
2260,0.697106,-0.682054,-0.712613,-0.164272,-0.797571,0.107251,0.548008
2261,1.39876,-0.449149,-0.741899,0.497847,-0.784869,0.128309,0.53925
2262,1.38182,-0.532094,-0.651764,0.540444,-0.770011,0.147171,0.529012
2263,1.13963,0.881939,0.394515,0.257955,-0.747068,0.168359,0.513682
2264,0.441618,0.615437,0.0366738,0.787333,-0.728205,0.180919,0.500736
2265,0.91909,0.885652,0.168483,0.432706,-0.708157,0.190381,0.486971
2266,0.550898,-0.985777,-0.156357,-0.0616134,-0.694557,0.194885,0.47709
2267,0.970689,0.920188,0.0360017,0.389818,-0.665886,0.199429,0.457932
2268,0.528066,-0.997142,0.0524312,-0.0543967,-0.651806,0.199429,0.447703
2269,0.241829,0.409104,0.0331362,0.911886,-0.623135,0.194885,0.428546
2270,1.56293,0.947711,-0.291959,-0.128853,-0.602494,0.187579,0.41435
2271,1.17163,-0.723701,0.442287,0.529754,-0.589486,0.180919,0.404899
2272,0.430984,-0.886716,0.428813,-0.172785,-0.570624,0.168359,0.391954
2273,0.572881,0.62117,-0.0728376,0.780284,-0.547682,0.147171,0.376624
2274,1.20338,-0.486036,0.747867,0.452176,-0.537726,0.134865,0.36939
2275,0.328931,0.47775,0.128218,0.869089,-0.520121,0.107251,0.357628
2276,0.164939,0.407843,0.288508,0.866272,-0.509792,0.0843573,0.350498
2277,1.03315,-0.288249,0.946306,0.146348,-0.504404,0.0682786,0.346583
2278,0.573229,0.565487,-0.0679616,0.821953,-0.49692,0.0346586,0.341581
2279,1.22616,0.0358322,0.984855,0.169637,-0.495082,0.017404,0.340246
2280,0.585595,0.549541,-0.0790545,0.831718,-0.495082,-0.017404,0.340246
2281,0.559193,-0.128453,0.857083,-0.498907,-0.49692,-0.0346586,0.341581
2282,0.00899002,0.615887,0.445847,0.649541,-0.504404,-0.0682786,0.346583
2283,0.889222,0.256483,0.881006,-0.397548,-0.509792,-0.0843573,0.350498
2284,0.751056,0.252685,0.785152,-0.565408,-0.520121,-0.107251,0.357628
2285,0.954192,0.239269,-0.347717,0.906556,-0.537726,-0.134865,0.36939
2286,0.613641,0.454972,-0.0994853,0.884931,-0.553272,-0.152921,0.38005
2287,0.0890946,0.763902,0.196354,0.614734,-0.570624,-0.168359,0.391954
2288,0.769462,0.282328,-0.144215,0.948416,-0.589486,-0.180919,0.404899
2289,0.398081,0.19942,0.235799,-0.951121,-0.602494,-0.187579,0.41435
2290,0.30236,0.114873,0.127965,-0.985104,-0.623135,-0.194885,0.428546
2291,0.626113,0.35562,-0.0146678,0.934516,-0.651806,-0.199429,0.447703
2292,0.216957,0.0155548,-0.0372809,-0.999184,-0.665886,-0.199429,0.457932
2293,0.631296,0.333279,0.0489665,0.941556,-0.694557,-0.194885,0.47709
2294,0.218841,-0.0269105,-0.178026,-0.983658,-0.708157,-0.190381,0.486971
2295,0.577568,0.2711,-0.356429,-0.894127,-0.728205,-0.180919,0.500736
2296,1.34956,0.757033,-0.551215,-0.350804,-0.747068,-0.168359,0.513682
2297,1.02355,0.038853,0.414871,0.90905,-0.770011,-0.147171,0.529012
2298,1.01492,0.0892294,0.471607,0.877283,-0.784869,-0.128309,0.53925
2299,0.0711214,0.655887,-0.214571,0.723721,-0.797571,-0.107251,0.548008
2300,1.21235,0.350386,-0.896619,-0.270747,-0.804611,-0.0921786,0.553123
2301,0.0337986,0.608866,-0.271814,0.745251,-0.815677,-0.0600213,0.560518
2302,0.0977638,0.577736,-0.218934,0.786314,-0.820772,-0.0346586,0.564054
2303,0.45368,-0.358684,-0.698618,-0.619095,-0.822609,-0.017404,0.565389
2304,0.308208,-0.530462,-0.587953,-0.610673,-0.776175,0.00870199,0.628522
2305,0.962483,0.588084,0.58543,0.558059,-0.77261,0.0432113,0.625712
2306,0.489982,-0.608227,-0.689095,-0.393965,-0.769185,0.0600213,0.622787
2307,1.33652,0.623703,0.758923,0.187163,-0.758733,0.0921786,0.614547
2308,0.484332,-0.741747,-0.606025,-0.287308,-0.752117,0.107251,0.608896
2309,0.807886,0.786492,0.341061,0.514886,-0.735489,0.134865,0.595788
2310,0.557183,0.730267,0.139995,0.668664,-0.720827,0.152921,0.583942
2311,0.433751,0.671241,0.0462386,0.739796,-0.704462,0.168359,0.570713
2312,0.217781,0.514069,-0.0621494,0.855494,-0.686673,0.180919,0.556328
2313,0.495557,0.708822,0.0409893,0.704195,-0.667767,0.190381,0.541031
2314,0.402089,0.637634,0.00474601,0.770325,-0.648065,0.196587,0.525086
2315,1.10389,0.981281,0.042946,0.187732,-0.627904,0.199429,0.508766
2316,1.25987,0.997775,-0.0496174,0.0445403,-0.60763,0.198859,0.492348
2317,0.314681,0.541023,0.0190422,0.840792,-0.587591,0.194885,0.476115
2318,1.24523,-0.678534,0.320033,0.661189,-0.574808,0.190381,0.465198
2319,0.0227426,-0.867484,0.196623,-0.456958,-0.555901,0.180919,0.449902
2320,0.0844899,0.344753,0.198746,0.917412,-0.532247,0.163515,0.431254
2321,0.347272,0.547303,0.0756571,0.833508,-0.516444,0.147171,0.418433
2322,1.21629,-0.44037,0.746766,0.498412,-0.507086,0.134865,0.410441
2323,0.429437,0.594537,0.0451141,0.802802,-0.490458,0.107251,0.397333
2324,1.39563,-0.136673,0.852276,0.504923,-0.483842,0.0921786,0.391682
2325,0.260941,-0.6225,0.652496,-0.432137,-0.475657,0.0682786,0.38509
2326,0.242567,0.558513,0.2534,0.789843,-0.468588,0.0346586,0.379516
2327,1.46557,0.194464,0.918671,0.343842,-0.46686,0.017404,0.378041
2328,0.199101,0.605619,0.301759,0.73632,-0.46686,-0.017404,0.378041
2329,1.14804,0.202778,0.977584,-0.0566595,-0.468588,-0.0346586,0.379516
2330,0.815633,0.509846,-0.2947,0.808213,-0.475657,-0.0682786,0.38509
2331,1.22834,0.225863,-0.60218,0.765745,-0.483842,-0.0921786,0.391682
2332,0.641478,0.126652,0.750445,-0.648684,-0.490458,-0.107251,0.397333
2333,1.31721,0.024874,-0.561865,0.826855,-0.507086,-0.134865,0.410441
2334,0.66635,0.268532,0.59616,-0.756627,-0.516444,-0.147171,0.418433
2335,1.17581,0.685949,0.555007,-0.470575,-0.532247,-0.163515,0.431254
2336,0.366559,0.6675,0.0314126,0.743947,-0.555901,-0.180919,0.449902
2337,0.758632,0.341353,-0.105353,0.934012,-0.574808,-0.190381,0.465198
2338,0.103974,-0.158132,0.0963935,-0.982702,-0.587591,-0.194885,0.476115
2339,0.819475,0.522893,0.0614962,-0.850177,-0.60763,-0.198859,0.492348
2340,0.839342,0.529942,-0.0616776,-0.845788,-0.627904,-0.199429,0.508766
2341,0.988132,0.628134,-0.191163,-0.754257,-0.648065,-0.196587,0.525086
2342,0.650027,0.30757,-0.273681,-0.911317,-0.667767,-0.190381,0.541031
2343,0.861176,0.448456,-0.415602,-0.791304,-0.686673,-0.180919,0.556328
2344,0.543497,0.121165,-0.43334,-0.893048,-0.704462,-0.168359,0.570713
2345,0.341709,-0.105986,-0.417332,-0.902552,-0.720827,-0.152921,0.583942
2346,0.0403778,-0.384671,-0.277285,-0.880421,-0.735489,-0.134865,0.595788
2347,0.351704,0.610418,0.0163171,0.791911,-0.752117,-0.107251,0.608896
2348,1.35328,0.413237,-0.891556,-0.185371,-0.758733,-0.0921786,0.614547
2349,0.343647,0.614267,0.0177318,0.788899,-0.769185,-0.0600213,0.622787
2350,0.00951859,-0.535265,-0.320053,-0.781701,-0.77261,-0.0432113,0.625712
2351,0.745783,0.543159,0.410443,0.732472,-0.776175,-0.00870199,0.628522
2352,0.20951,-0.609535,-0.505646,-0.610565,-0.724469,0.00870199,0.687483
2353,1.01444,0.61412,0.62551,0.481242,-0.721135,0.0432113,0.684401
2354,0.459048,-0.647222,-0.668673,-0.366032,-0.717951,0.0600213,0.681217
2355,1.32921,0.639403,0.755394,0.143332,-0.708177,0.0921786,0.672182
2356,0.612544,-0.728219,-0.673864,-0.12492,-0.702024,0.107251,0.666029
2357,1.01893,0.83201,0.473955,0.288315,-0.686476,0.134865,0.651657
2358,0.884525,-0.748051,-0.621178,0.233574,-0.677775,0.147171,0.642955
2359,0.614188,0.814452,0.144883,0.561852,-0.657513,0.168359,0.624225
2360,0.473043,-0.943928,-0.327103,-0.0447528,-0.646855,0.177061,0.613568
2361,0.475783,0.749815,0.0346832,0.660738,-0.623259,0.190381,0.591756
2362,0.614241,0.828624,0.0457325,0.557935,-0.604869,0.196587,0.574314
2363,1.22604,-0.702264,-0.0654316,0.708903,-0.592668,0.198859,0.562114
2364,0.461355,-0.998123,0.0496977,0.0357929,-0.573745,0.199429,0.544156
2365,0.0150518,0.347255,0.0755485,0.934723,-0.548424,0.194885,0.520749
2366,0.937811,-0.820543,0.314681,0.477164,-0.536538,0.190381,0.508862
2367,0.128432,0.446263,0.134666,0.884711,-0.512942,0.177061,0.487051
2368,1.45026,-0.357871,0.525939,0.771567,-0.502284,0.168359,0.476394
2369,0.718407,-0.768622,0.610037,0.192547,-0.487008,0.152921,0.461922
2370,0.0583998,-0.830477,0.381484,-0.405928,-0.47332,0.134865,0.448962
2371,0.438497,-0.734979,0.662799,-0.143191,-0.461456,0.114501,0.437736
2372,0.306149,-0.706137,0.642563,-0.297461,-0.45162,0.0921786,0.428436
2373,0.116101,0.541431,0.353965,0.762602,-0.441846,0.0600213,0.419401
2374,1.12647,-0.102511,0.979074,0.175802,-0.438661,0.0432113,0.416216
2375,0.46406,0.676166,0.0421399,0.735543,-0.435327,0.00870199,0.413135
2376,1.41017,0.275156,0.938834,0.207076,-0.435327,-0.00870199,0.413135
2377,0.0932525,0.679514,0.391523,0.620459,-0.438661,-0.0432113,0.416216
2378,1.14836,0.28722,0.944219,-0.161104,-0.441846,-0.0600213,0.419401
2379,0.807254,0.544896,-0.277789,0.791152,-0.45162,-0.0921786,0.428436
2380,0.634427,0.60989,-0.124862,0.782588,-0.461456,-0.114501,0.437736
2381,0.966763,0.368769,-0.356063,0.85862,-0.47332,-0.134865,0.448962
2382,0.219713,0.791469,0.158401,0.590327,-0.487008,-0.152921,0.461922
2383,1.31803,-0.026943,-0.424105,0.905212,-0.502284,-0.168359,0.476394
2384,0.997407,0.560528,0.438527,-0.702497,-0.512942,-0.177061,0.487051
2385,1.07936,0.115283,-0.195781,0.973848,-0.536538,-0.190381,0.508862
2386,0.432073,0.0875839,0.145965,-0.985405,-0.548424,-0.194885,0.520749
2387,1.55333,-0.394394,-0.0598568,0.91699,-0.573745,-0.199429,0.544156
2388,0.407013,0.665222,0.00120455,0.746645,-0.592668,-0.198859,0.562114
2389,0.657519,0.45358,0.053901,0.889584,-0.611372,-0.194885,0.579869
2390,0.318971,-0.0841142,-0.203916,-0.975368,-0.623259,-0.190381,0.591756
2391,0.612226,0.491928,0.111021,0.863528,-0.646855,-0.177061,0.613568
2392,0.308446,-0.162951,-0.340342,-0.926075,-0.657513,-0.168359,0.624225
2393,0.0417692,0.812096,-0.195911,0.549653,-0.677775,-0.147171,0.642955
2394,1.38944,0.583415,-0.743024,-0.327937,-0.686476,-0.134865,0.651657
2395,0.278048,0.699836,-0.0449114,0.71289,-0.702024,-0.107251,0.666029
2396,1.33154,0.38346,-0.893479,-0.233781,-0.708177,-0.0921786,0.672182
2397,0.388966,0.66231,0.0606143,0.746774,-0.717951,-0.0600213,0.681217
2398,1.50122,0.308662,-0.949525,0.0559454,-0.721135,-0.0432113,0.684401
2399,0.835334,0.567674,0.490137,0.661447,-0.724469,-0.00870199,0.687483
2400,0.191686,-0.661407,-0.490229,-0.567642,-0.668297,0.00870199,0.742205
2401,0.979087,0.662533,0.598416,0.450498,-0.665215,0.0432113,0.738871
2402,0.438363,-0.681341,-0.654655,-0.327416,-0.662289,0.0600213,0.735447
2403,1.35578,0.636327,0.767972,0.0728464,-0.653255,0.0921786,0.725673
2404,0.745968,-0.679425,-0.732755,0.0380902,-0.647604,0.107251,0.719056
2405,0.967802,-0.624563,-0.725662,0.288678,-0.637297,0.128309,0.707574
2406,0.00857903,-0.865184,-0.227355,-0.446953,-0.625239,0.147171,0.694151
2407,0.53142,-0.902382,-0.429104,0.0396956,-0.611637,0.163515,0.679015
2408,1.16799,-0.640519,-0.442146,0.627887,-0.596721,0.177061,0.662428
2409,0.705982,-0.915116,-0.282701,0.287477,-0.580748,0.187579,0.644671
2410,1.21155,-0.652006,-0.195213,0.732653,-0.563992,0.194885,0.626049
2411,1.46002,-0.449929,-0.0629755,0.890841,-0.546738,0.198859,0.606881
2412,0.420622,0.747988,-0.00133593,0.663711,-0.523129,0.198859,0.581341
2413,1.55191,-0.333318,0.180326,0.925409,-0.511923,0.196587,0.568221
2414,1.56123,-0.291809,0.294278,0.910082,-0.494958,0.190381,0.54939
2415,1.457,-0.343419,0.419597,0.840239,-0.478677,0.180919,0.531325
2416,0.31171,-0.920819,0.38369,-0.0698233,-0.463359,0.168359,0.514334
2417,0.394904,0.698332,0.0443871,0.714397,-0.444628,0.147171,0.494072
2418,1.21149,-0.360717,0.747188,0.558206,-0.436636,0.134865,0.484714
2419,1.3902,0.74947,-0.654825,0.0974583,-0.422264,0.107251,0.469166
2420,0.408053,0.706439,0.0755531,0.70373,-0.413886,0.0843573,0.459822
2421,1.23179,-0.0981306,0.934898,0.341081,-0.40956,0.0682786,0.454758
2422,0.148403,-0.663907,0.595349,-0.452534,-0.404653,0.0432113,0.44935
2423,1.24765,0.571565,-0.67383,0.468259,-0.40157,0.00870199,0.446017
2424,1.56903,0.318495,-0.871819,0.372147,-0.401974,-0.017404,0.44642
2425,0.989292,0.58772,-0.457614,0.667214,-0.404653,-0.0432113,0.44935
2426,0.148217,0.764515,0.325567,0.556348,-0.40956,-0.0682786,0.454758
2427,1.27765,0.439443,0.879261,-0.183818,-0.413886,-0.0843573,0.459822
2428,1.17575,0.440444,0.828415,-0.346032,-0.422264,-0.107251,0.469166
2429,1.37556,0.104347,-0.590058,0.800589,-0.436636,-0.134865,0.484714
2430,0.456614,-0.0399708,0.524314,-0.850587,-0.444628,-0.147171,0.494072
2431,0.920068,0.399196,-0.251723,0.881634,-0.463359,-0.168359,0.514334
2432,1.24504,0.0678802,-0.319785,0.945055,-0.478677,-0.180919,0.531325
2433,1.06932,0.200933,-0.193209,0.960363,-0.494958,-0.190381,0.54939
2434,0.442654,0.713823,-0.00591366,0.700301,-0.511923,-0.196587,0.568221
2435,0.12402,-0.296658,0.0327822,-0.954421,-0.523129,-0.198859,0.581341
2436,0.70373,0.48827,0.0202931,0.872457,-0.546738,-0.198859,0.606881
2437,0.0585429,0.90616,-0.0612764,0.418473,-0.563992,-0.194885,0.626049
2438,0.362245,0.737846,-0.00177344,0.674967,-0.580748,-0.187579,0.644671
2439,1.51007,-0.25694,0.404221,0.877831,-0.596721,-0.177061,0.662428
2440,0.388993,0.712044,0.0214072,0.701808,-0.611637,-0.163515,0.679015
2441,0.91659,0.340223,0.357763,0.869629,-0.625239,-0.147171,0.694151
2442,1.44453,-0.0719141,0.672722,0.736392,-0.637297,-0.128309,0.707574
2443,0.18311,0.782128,-0.123424,0.610772,-0.647604,-0.107251,0.719056
2444,1.26846,0.318784,-0.896708,-0.307069,-0.653255,-0.0921786,0.725673
2445,0.435856,0.705667,0.104847,0.700743,-0.662289,-0.0600213,0.735447
2446,1.52198,0.326104,-0.944217,0.045928,-0.665215,-0.0432113,0.738871
2447,0.842947,0.61477,0.496746,0.612618,-0.668297,-0.00870199,0.742205
2448,0.171749,-0.710737,-0.472813,-0.520866,-0.608004,0.00870199,0.792351
2449,0.869894,0.73349,0.510159,0.449144,-0.605193,0.0432113,0.788786
2450,0.353877,-0.736111,-0.594574,-0.323454,-0.602545,0.0600213,0.785142
2451,1.34693,0.644712,0.763874,0.0290293,-0.594305,0.0921786,0.774689
2452,0.990183,-0.526409,-0.806084,0.270412,-0.589191,0.107251,0.767649
2453,0.670534,-0.764193,-0.636017,0.107198,-0.579818,0.128309,0.755395
2454,1.13687,0.882477,0.470165,0.0134124,-0.564592,0.152921,0.736081
2455,1.45784,-0.315389,-0.540295,0.780135,-0.556476,0.163515,0.724911
2456,0.738388,0.935151,0.164039,0.31398,-0.537829,0.180919,0.701257
2457,0.334438,-0.978155,-0.207736,0.00764289,-0.528378,0.187579,0.688249
2458,0.644346,0.91752,0.051421,0.394352,-0.507579,0.196587,0.661866
2459,1.23247,-0.577475,-0.065411,0.813784,-0.497437,0.198859,0.647907
2460,1.00292,0.997141,-0.0371238,0.0658148,-0.475905,0.198859,0.620594
2461,1.5409,0.884871,-0.176456,-0.431123,-0.460208,0.194885,0.600131
2462,1.19952,-0.543256,0.321147,0.775717,-0.450327,0.190381,0.586531
2463,1.25144,-0.458634,0.439525,0.772316,-0.435514,0.180919,0.567244
2464,1.43966,0.861324,-0.46456,-0.205681,-0.416867,0.163515,0.54359
2465,0.149775,0.604251,0.202762,0.770564,-0.404493,0.147171,0.527434
2466,1.50812,-0.060377,0.689471,0.721792,-0.39726,0.134865,0.517478
2467,0.0499245,-0.850993,0.423036,-0.311211,-0.387298,0.114501,0.504534
2468,0.35316,0.739751,0.124472,0.661267,-0.376532,0.0843573,0.490878
2469,0.938581,-0.301287,0.938635,0.167901,-0.372617,0.0682786,0.48549
2470,0.300343,0.744712,0.198251,0.63726,-0.367044,0.0346586,0.47842
2471,1.05335,-0.0491662,0.997804,0.0443906,-0.365709,0.017404,0.476582
2472,0.239348,0.768167,0.263242,0.583629,-0.365709,-0.017404,0.476582
2473,1.01141,0.0769504,0.979297,-0.187234,-0.367044,-0.0346586,0.47842
2474,0.00283258,0.78526,0.450964,0.424262,-0.372617,-0.0682786,0.48549
2475,1.00104,0.552632,-0.436857,0.709756,-0.379037,-0.0921786,0.49381
2476,0.895702,0.58194,-0.33303,0.741915,-0.387298,-0.114501,0.504534
2477,1.11505,0.385057,-0.450012,0.805742,-0.39726,-0.134865,0.517478
2478,0.882957,0.277846,0.642911,-0.71377,-0.404493,-0.147171,0.527434
2479,0.959894,0.382282,0.548684,-0.74351,-0.416867,-0.163515,0.54359
2480,1.49963,-0.102311,-0.38656,0.916572,-0.435514,-0.180919,0.567244
2481,1.48361,-0.126193,-0.280353,0.951566,-0.450327,-0.190381,0.586531
2482,0.087729,-0.397986,0.0936231,-0.912602,-0.460208,-0.194885,0.600131
2483,0.600201,0.0959548,0.0551231,-0.993858,-0.475905,-0.198859,0.620594
2484,0.903599,0.379234,0.0322563,0.924738,-0.497437,-0.198859,0.647907
2485,0.525803,-0.00896935,-0.153368,-0.988129,-0.507579,-0.196587,0.661866
2486,0.796345,0.470666,0.133666,0.872128,-0.528378,-0.187579,0.688249
2487,0.400002,-0.188006,-0.304475,-0.933782,-0.537829,-0.180919,0.701257
2488,1.07862,0.243699,0.369949,0.89652,-0.556476,-0.163515,0.724911
2489,1.3692,0.571601,-0.65296,-0.496906,-0.564592,-0.152921,0.736081
2490,0.202241,0.833086,-0.101191,0.543808,-0.579818,-0.128309,0.755395
2491,1.53279,-0.0364823,0.775328,0.630504,-0.589191,-0.107251,0.767649
2492,1.23777,0.269658,-0.897025,-0.350187,-0.594305,-0.0921786,0.774689
2493,0.561374,0.716868,0.221836,0.660976,-0.602545,-0.0600213,0.785142
2494,0.0586962,-0.683893,-0.365244,-0.631575,-0.605193,-0.0432113,0.788786
2495,0.850638,0.657663,0.503382,0.560434,-0.608004,-0.00870199,0.792351
2496,0.213776,-0.733536,-0.509306,-0.450035,-0.543962,0.00870199,0.837612
2497,0.528904,0.836042,0.200648,0.510661,-0.54144,0.0432113,0.833838
2498,0.251143,-0.794498,-0.515854,-0.320419,-0.539087,0.0600213,0.829997
2499,0.841315,0.844905,0.440493,0.303483,-0.531692,0.0921786,0.818931
2500,0.807917,0.880425,0.380963,0.282346,-0.524298,0.114501,0.807591
2501,0.578986,-0.796685,-0.596656,0.0964088,-0.518762,0.128309,0.798557
2502,1.12597,0.884009,0.465128,-0.0467352,-0.505099,0.152921,0.778109
2503,1.45458,-0.256224,-0.54065,0.801278,-0.497884,0.163515,0.766337
2504,0.0325433,0.628053,-0.141787,0.765144,-0.481151,0.180919,0.741292
2505,0.0032946,0.589341,-0.114643,0.799709,-0.467896,0.190381,0.720903
2506,0.776806,0.97784,0.0758536,0.195131,-0.454086,0.196587,0.699649
2507,1.2269,0.968224,0.0486909,-0.245297,-0.439956,0.199429,0.677898
2508,0.711768,-0.865283,0.0587184,0.497833,-0.430862,0.199429,0.663059
2509,1.54638,0.845471,-0.176902,-0.50387,-0.411704,0.194885,0.634388
2510,1.28853,-0.402517,0.318355,0.858272,-0.40292,0.190381,0.620055
2511,1.39757,-0.263624,0.427215,0.864864,-0.389665,0.180919,0.599665
2512,1.31476,-0.29278,0.545447,0.785346,-0.377194,0.168359,0.580487
2513,0.241765,-0.904084,0.426933,-0.0189651,-0.365718,0.152921,0.562848
2514,1.48823,0.749881,-0.638802,-0.17208,-0.352054,0.128309,0.5424
2515,1.22573,0.821371,-0.561998,0.0975068,-0.343671,0.107251,0.529447
2516,0.259541,0.75237,0.206978,0.62538,-0.336858,0.0843573,0.518906
2517,0.890333,-0.325456,0.931481,0.162544,-0.333378,0.0682786,0.513228
2518,0.238421,0.773912,0.257326,0.578657,-0.328376,0.0346586,0.505744
2519,0.84507,-0.216419,0.973939,-0.0678646,-0.32719,0.017404,0.503807
2520,1.53228,0.399855,-0.853379,0.334456,-0.32719,-0.017404,0.503807
2521,0.935623,-0.0014995,0.972386,-0.233375,-0.328376,-0.0346586,0.505744
2522,0.447756,0.839543,0.048667,0.541109,-0.333378,-0.0682786,0.513228
2523,1.20578,0.349195,0.889742,-0.293976,-0.336858,-0.0843573,0.518906
2524,0.219314,-0.434843,0.537694,-0.722355,-0.343671,-0.107251,0.529447
2525,1.14871,0.408422,0.751142,-0.518629,-0.352054,-0.128309,0.5424
2526,0.80856,0.640356,-0.223876,0.734727,-0.365718,-0.152921,0.562848
2527,1.09504,0.386861,-0.334162,0.859462,-0.377194,-0.168359,0.580487
2528,1.39593,0.0703568,-0.362143,0.929463,-0.389665,-0.180919,0.599665
2529,1.45131,-0.0193964,-0.27513,0.961211,-0.40292,-0.190381,0.620055
2530,0.825245,0.243003,0.184499,-0.952318,-0.411704,-0.194885,0.634388
2531,0.925066,0.441772,-0.0328157,0.896527,-0.430862,-0.199429,0.663059
2532,0.396071,-0.196589,-0.046278,-0.979393,-0.439956,-0.199429,0.677898
2533,0.951966,0.330665,-0.189597,-0.924507,-0.454086,-0.196587,0.699649
2534,1.10297,0.440363,-0.320012,-0.838852,-0.467896,-0.190381,0.720903
2535,1.11726,0.417165,-0.440618,-0.794877,-0.481151,-0.180919,0.741292
2536,1.1403,0.25731,0.394763,0.882017,-0.497884,-0.163515,0.766337
2537,1.10704,0.314669,-0.654827,-0.687157,-0.505099,-0.152921,0.778109
2538,0.305774,0.84256,-0.0236256,0.538085,-0.518762,-0.128309,0.798557
2539,0.0931541,-0.630149,-0.343082,-0.696568,-0.524298,-0.114501,0.807591
2540,0.133802,-0.634964,-0.399671,-0.661123,-0.531692,-0.0921786,0.818931
2541,0.751937,0.682893,0.392211,0.616301,-0.539087,-0.0600213,0.829997
2542,0.435666,-0.529014,-0.674668,-0.51475,-0.54144,-0.0432113,0.833838
2543,0.765265,0.735498,0.428093,0.525147,-0.543962,-0.00870199,0.837612
2544,0.523962,-0.602444,-0.746931,-0.281344,-0.476567,0.00870199,0.877709
2545,0.494325,-0.666489,-0.715243,-0.210283,-0.475238,0.0346586,0.875199
2546,0.951658,-0.403209,-0.906323,0.126492,-0.472304,0.0600213,0.869735
2547,0.671519,0.894265,0.302108,0.330182,-0.465801,0.0921786,0.858122
2548,0.345241,0.875984,0.010954,0.482215,-0.459319,0.114501,0.846237
2549,0.510422,0.914948,0.129618,0.38219,-0.451505,0.134865,0.831895
2550,0.953,0.92558,0.377719,0.0250978,-0.442492,0.152921,0.815341
2551,1.33663,0.820272,0.463512,-0.335127,-0.432436,0.168359,0.796856
2552,1.20661,0.905758,0.331919,-0.263498,-0.421507,0.180919,0.776758
2553,1.48514,0.798101,0.289121,-0.528624,-0.409892,0.190381,0.755391
2554,1.13881,-0.52576,-0.194945,0.827993,-0.40226,0.194885,0.740413
2555,1.22421,0.94685,0.0485716,-0.317988,-0.385412,0.199429,0.710326
2556,0.51951,-0.916586,0.0520929,0.39643,-0.37751,0.199429,0.694819
2557,1.01818,0.990105,-0.11119,-0.0856072,-0.360661,0.194885,0.664734
2558,0.810865,0.982481,-0.121068,0.141683,-0.348715,0.187579,0.642715
2559,1.08139,0.960841,-0.265662,-0.0787912,-0.337329,0.177061,0.62172
2560,0.836444,-0.634542,0.53357,0.559159,-0.330486,0.168359,0.608292
2561,1.29727,0.857838,-0.488965,-0.158199,-0.317004,0.147171,0.584217
2562,0.468054,0.870717,0.00414991,0.491766,-0.308413,0.128309,0.56835
2563,1.31538,-0.0667914,0.810091,0.582487,-0.303604,0.114501,0.55891
2564,1.50745,0.643779,-0.762017,-0.0698513,-0.295106,0.0843573,0.543736
2565,0.713173,-0.453076,0.886814,0.0910168,-0.292082,0.0682786,0.537802
2566,0.32972,0.842805,0.169957,0.510681,-0.287684,0.0346586,0.529949
2567,0.980387,-0.105115,0.994335,0.0157773,-0.286653,0.017404,0.527925
2568,0.746763,0.839802,-0.237637,0.488121,-0.286653,-0.017404,0.527925
2569,0.874665,-0.0732134,0.962744,-0.260314,-0.287684,-0.0346586,0.529949
2570,0.513891,0.87009,-0.0139489,0.492696,-0.292082,-0.0682786,0.537802
2571,1.31726,0.416273,0.871536,-0.259117,-0.295106,-0.0843573,0.543736
2572,0.0682098,0.90778,0.335708,0.251466,-0.303604,-0.114501,0.55891
2573,0.8821,0.128334,0.734768,-0.666068,-0.308413,-0.128309,0.56835
2574,1.33024,0.550114,0.643449,-0.532305,-0.317004,-0.147171,0.584217
2575,0.0676016,0.961046,0.207488,0.182591,-0.330486,-0.168359,0.608292
2576,1.28537,0.565358,0.437485,-0.699269,-0.337329,-0.177061,0.62172
2577,0.440418,-0.213489,0.244845,-0.945766,-0.348715,-0.187579,0.642715
2578,0.186202,-0.450793,0.110016,-0.885823,-0.360661,-0.194885,0.664734
2579,0.27739,0.925671,0.00802385,0.378245,-0.37751,-0.199429,0.694819
2580,1.14184,0.451997,-0.0654364,-0.889616,-0.385412,-0.199429,0.710326
2581,0.614083,0.736078,0.0457,0.675352,-0.40226,-0.194885,0.740413
2582,0.684591,-0.0304859,-0.279355,-0.959704,-0.409892,-0.190381,0.755391
2583,1.46585,0.643124,-0.428432,-0.634695,-0.421507,-0.180919,0.776758
2584,1.3526,0.517741,-0.550984,-0.654494,-0.432436,-0.168359,0.796856
2585,0.107591,-0.625256,-0.287455,-0.725551,-0.442492,-0.152921,0.815341
2586,0.104929,-0.650817,-0.321799,-0.687665,-0.451505,-0.134865,0.831895
2587,0.525954,-0.365278,-0.629203,-0.686058,-0.459319,-0.114501,0.846237
2588,0.145895,-0.677777,-0.409356,-0.610775,-0.465801,-0.0921786,0.858122
2589,0.344624,0.869241,0.0186631,0.494036,-0.472304,-0.0600213,0.869735
2590,0.266759,0.876468,-0.0550204,0.478306,-0.475238,-0.0346586,0.875199
2591,0.465893,0.858885,0.14321,0.491739,-0.476567,-0.00870199,0.877709
2592,0.470758,0.902151,0.148014,0.405235,-0.405975,0.017404,0.911887
2593,0.0186951,-0.883015,-0.328546,-0.335175,-0.405106,0.0346586,0.909788
2594,0.519228,0.917026,0.182855,0.35444,-0.401338,0.0682786,0.901613
2595,0.445449,0.923571,0.105113,0.368739,-0.397038,0.0921786,0.892023
2596,0.26836,0.891501,-0.0529536,0.449914,-0.391508,0.114501,0.879667
2597,0.246367,0.879366,-0.0682258,0.471233,-0.384843,0.134865,0.864755
2598,1.56978,0.00840863,-0.621342,0.783494,-0.380134,0.147171,0.853386
2599,1.50516,0.68541,0.50843,-0.52126,-0.368582,0.168359,0.828328
2600,1.23448,-0.355045,-0.442473,0.823505,-0.362814,0.177061,0.814403
2601,1.13103,0.93024,0.222342,-0.291919,-0.349361,0.190381,0.785223
2602,0.474787,0.943633,0.0189064,0.330454,-0.339045,0.196587,0.762071
2603,1.13506,0.950363,0.0444711,-0.307948,-0.328492,0.199429,0.738376
2604,0.4863,-0.89777,0.0507463,0.437532,-0.321832,0.199429,0.722297
2605,1.09606,-0.466412,0.194863,0.862837,-0.311278,0.196587,0.698603
2606,0.0691108,-0.987528,0.1525,0.0391501,-0.300962,0.190381,0.675451
2607,1.16623,-0.34524,0.442369,0.827719,-0.29106,0.180919,0.653239
2608,1.56917,0.0801736,0.50089,0.861789,-0.281742,0.168359,0.632346
2609,1.50391,0.0593592,0.60873,0.791154,-0.273166,0.152921,0.61313
2610,0.412261,0.889523,0.0460786,0.454562,-0.26287,0.128309,0.590796
2611,1.35934,0.0202781,0.801033,0.598276,-0.258816,0.114501,0.581008
2612,0.00529004,-0.886328,0.428207,-0.176241,-0.253286,0.0921786,0.568651
2613,1.10505,-0.104049,0.946486,0.305514,-0.248986,0.0682786,0.559061
2614,1.34351,0.667171,-0.730108,0.14773,-0.245218,0.0346586,0.550886
2615,0.713922,0.894275,-0.205686,0.397449,-0.244089,0.00870199,0.54828
2616,0.623969,-0.362507,0.902599,-0.232172,-0.244089,-0.00870199,0.54828
2617,1.34263,0.325772,0.943763,-0.0564218,-0.245218,-0.0346586,0.550886
2618,0.122815,0.894008,0.348051,0.282151,-0.248986,-0.0682786,0.559061
2619,1.22006,0.555021,-0.59662,0.579652,-0.253286,-0.0921786,0.568651
2620,1.50018,0.280338,-0.707131,0.649135,-0.258816,-0.114501,0.581008
2621,0.873752,0.0678028,0.733402,-0.676406,-0.26287,-0.128309,0.590796
2622,1.11731,0.528461,-0.401846,0.747829,-0.273166,-0.152921,0.61313
2623,0.97168,0.613999,-0.27695,0.739123,-0.281742,-0.168359,0.632346
2624,1.22517,0.374706,-0.313659,0.872476,-0.29106,-0.180919,0.653239
2625,1.1919,0.378781,-0.223186,0.898172,-0.300962,-0.190381,0.675451
2626,0.120424,0.987892,0.0561966,0.144609,-0.311278,-0.196587,0.698603
2627,0.294008,0.947308,0.00694362,0.32025,-0.321832,-0.199429,0.722297
2628,1.21953,0.451424,-0.0654471,-0.889906,-0.328492,-0.199429,0.738376
2629,0.283921,-0.464152,-0.119967,-0.877594,-0.339045,-0.196587,0.762071
2630,0.674488,-0.115645,-0.27774,-0.95367,-0.349361,-0.190381,0.785223
2631,1.48223,0.0542406,0.399054,0.915322,-0.362814,-0.177061,0.814403
2632,1.18142,0.312451,-0.555445,-0.77062,-0.368582,-0.168359,0.828328
2633,1.07102,0.468811,0.438741,0.766631,-0.380134,-0.147171,0.853386
2634,0.86664,-0.0682635,-0.702034,-0.708864,-0.384843,-0.134865,0.864755
2635,0.327504,-0.575208,-0.509631,-0.639853,-0.391508,-0.114501,0.879667
2636,0.348715,-0.592136,-0.561741,-0.577774,-0.397038,-0.0921786,0.892023
2637,0.121954,0.916606,-0.190895,0.351272,-0.40261,-0.0600213,0.90411
2638,0.718624,0.806485,0.378096,0.45456,-0.405106,-0.0346586,0.909788
2639,0.576113,-0.544541,-0.780405,-0.307316,-0.405975,-0.017404,0.911887
2640,0.230152,0.932179,-0.0914017,0.350269,-0.333177,0.017404,0.940928
2641,0.31562,-0.793568,-0.584563,-0.168925,-0.332476,0.0346586,0.938768
2642,0.47068,0.944391,0.137545,0.298675,-0.32936,0.0682786,0.930322
2643,0.736406,0.921796,0.356236,0.152928,-0.325826,0.0921786,0.920424
2644,0.364113,-0.843114,-0.533353,0.0684997,-0.323137,0.107251,0.912148
2645,1.51942,0.566563,0.696021,-0.441091,-0.315809,0.134865,0.892284
2646,1.51766,0.602257,0.608434,-0.516812,-0.309497,0.152921,0.874523
2647,1.14189,-0.360338,-0.554184,0.750358,-0.30523,0.163515,0.861392
2648,1.56614,0.0341016,-0.415132,0.909122,-0.297798,0.177061,0.840359
2649,1.22805,0.860322,0.243808,-0.447665,-0.286676,0.190381,0.810213
2650,0.751426,-0.707832,-0.176506,0.683973,-0.281482,0.194885,0.794225
2651,1.09128,0.939156,0.0423261,-0.340872,-0.269547,0.199429,0.761873
2652,0.570793,-0.814663,0.0540582,0.577409,-0.264169,0.199429,0.745322
2653,1.1503,-0.347067,0.195243,0.917292,-0.255506,0.196587,0.720873
2654,1.06939,0.9469,-0.193208,-0.257004,-0.243879,0.187579,0.689353
2655,0.609293,-0.738098,0.383243,0.555279,-0.23891,0.180919,0.674061
2656,0.884551,0.972146,-0.23394,-0.0142805,-0.228485,0.163515,0.645803
2657,1.38719,0.772408,-0.526767,-0.354826,-0.22171,0.147171,0.626615
2658,0.899495,0.948621,-0.310728,0.0597132,-0.215706,0.128309,0.609599
2659,1.20795,0.830046,-0.551037,-0.0859171,-0.210578,0.107251,0.595047
2660,1.31971,0.747641,-0.660294,-0.0710245,-0.206413,0.0843573,0.583207
2661,0.813544,-0.346943,0.915655,0.202993,-0.204355,0.0682786,0.576873
2662,1.25229,0.73339,-0.667417,0.129207,-0.20124,0.0346586,0.568428
2663,0.259563,-0.691904,0.691687,-0.206973,-0.200538,0.017404,0.566268
2664,1.08595,0.772541,-0.546544,0.323218,-0.200538,-0.017404,0.566268
2665,0.278231,-0.61801,0.691261,-0.374463,-0.20124,-0.0346586,0.568428
2666,0.303287,0.941887,0.184308,0.280854,-0.204355,-0.0682786,0.576873
2667,1.36453,0.411568,0.860524,-0.300185,-0.206413,-0.0843573,0.583207
2668,0.00561641,-0.737763,0.390919,-0.550353,-0.210578,-0.107251,0.595047
2669,0.29128,-0.518947,0.520777,-0.677853,-0.215706,-0.128309,0.609599
2670,1.41776,0.533278,0.628335,-0.566401,-0.22171,-0.147171,0.626615
2671,0.172752,-0.594146,0.324277,-0.736094,-0.228485,-0.163515,0.645803
2672,0.264539,0.977618,0.076207,0.196102,-0.23891,-0.180919,0.674061
2673,0.17267,-0.591199,0.180948,-0.785965,-0.243879,-0.187579,0.689353
2674,0.0976146,0.99719,0.0604454,0.0442571,-0.255506,-0.196587,0.720873
2675,0.557252,0.872638,-0.0102411,0.48826,-0.264169,-0.199429,0.745322
2676,0.050956,-0.702024,-0.0278716,-0.711607,-0.269547,-0.199429,0.761873
2677,1.52125,0.0799234,0.177673,0.980839,-0.281482,-0.194885,0.794225
2678,1.56489,0.638623,-0.300801,-0.708294,-0.286676,-0.190381,0.810213
2679,0.555735,0.859257,0.0866558,0.504151,-0.297798,-0.177061,0.840359
2680,1.51945,0.10213,0.511619,0.853121,-0.30523,-0.163515,0.861392
2681,1.12862,0.166284,-0.65638,-0.735877,-0.309497,-0.152921,0.874523
2682,1.12752,0.127506,-0.747867,-0.651489,-0.315809,-0.134865,0.892284
2683,0.286528,0.945972,-0.0378584,0.322031,-0.323137,-0.107251,0.912148
2684,1.48129,0.3703,-0.871601,-0.321231,-0.325826,-0.0921786,0.920424
2685,0.503103,-0.552625,-0.697551,-0.456101,-0.32936,-0.0682786,0.930322
2686,0.0904986,0.928512,-0.225884,0.29469,-0.332476,-0.0346586,0.938768
2687,0.422346,0.9312,0.100089,0.350499,-0.333396,-0.00870199,0.941455
2688,0.26626,-0.810578,-0.55363,-0.190937,-0.258502,0.00870199,0.96471
2689,0.452425,0.961227,0.126707,0.244923,-0.25727,0.0432113,0.960341
2690,0.288584,0.958654,-0.034403,0.282487,-0.255352,0.0682786,0.953295
2691,0.573762,0.96272,0.218246,0.159811,-0.252606,0.0921786,0.943151
2692,1.19046,-0.196989,-0.830681,0.520734,-0.250574,0.107251,0.934689
2693,1.41043,0.616569,0.660918,-0.42782,-0.244828,0.134865,0.914311
2694,1.2543,0.751162,0.521147,-0.405168,-0.239928,0.152921,0.89611
2695,0.613051,-0.734493,-0.456471,0.50215,-0.236704,0.163515,0.882684
2696,0.691943,0.989121,0.144811,-0.025853,-0.228529,0.180919,0.853695
2697,0.176541,0.896067,-0.0611253,0.43969,-0.222224,0.190381,0.830207
2698,0.949157,0.953551,0.105581,-0.282121,-0.215656,0.196587,0.805727
2699,0.624728,-0.739001,-0.0555768,0.671408,-0.211628,0.198859,0.788949
2700,1.05296,-0.381907,0.0650379,0.921909,-0.204877,0.199429,0.763751
2701,1.08282,0.919531,-0.121307,-0.373828,-0.195517,0.194885,0.730563
2702,0.803868,-0.564926,0.302989,0.7675,-0.191592,0.190381,0.714217
2703,1.12899,-0.247469,0.442616,0.861888,-0.185287,0.180919,0.690729
2704,1.21923,-0.129837,0.553145,0.822905,-0.179352,0.168359,0.668635
2705,1.53602,0.638232,-0.579791,-0.50646,-0.171862,0.147171,0.642078
2706,0.975123,-0.29478,0.746524,0.596496,-0.16899,0.134865,0.630112
2707,1.17967,0.835276,-0.533164,-0.134347,-0.163242,0.107251,0.609734
2708,0.605318,0.969835,-0.101106,0.221804,-0.160019,0.0843573,0.597604
2709,1.3924,0.671312,-0.73779,-0.0707519,-0.157599,0.0600213,0.588463
2710,1.05539,-0.0639999,0.980752,0.184468,-0.156547,0.0432113,0.584083
2711,0.878147,-0.195738,0.980589,0.0115193,-0.155491,0.017404,0.580256
2712,0.363439,0.95518,0.142081,0.259701,-0.155491,-0.017404,0.580256
2713,1.5523,0.43436,-0.850013,0.29801,-0.156547,-0.0432113,0.584083
2714,1.21852,0.22715,0.936786,-0.26615,-0.157599,-0.0600213,0.588463
2715,0.428729,-0.486691,0.714277,-0.502931,-0.160019,-0.0843573,0.597604
2716,1.49061,0.516565,0.764834,-0.384954,-0.163242,-0.107251,0.609734
2717,0.219438,0.976517,0.189083,0.103255,-0.16899,-0.134865,0.630112
2718,1.22019,0.309966,0.65549,-0.688661,-0.171862,-0.147171,0.642078
2719,1.40627,0.370688,-0.454102,0.810174,-0.179352,-0.168359,0.668635
2720,1.36478,0.382837,-0.35407,0.853271,-0.185287,-0.180919,0.690729
2721,0.441396,0.958089,-0.00530904,0.286421,-0.191592,-0.190381,0.714217
2722,0.155054,-0.668555,0.104936,-0.736222,-0.195517,-0.194885,0.730563
2723,0.119828,0.999824,0.0181235,-0.00494815,-0.204877,-0.199429,0.763751
2724,0.485419,0.931778,0.00632748,0.362973,-0.211628,-0.198859,0.788949
2725,1.47427,0.522923,-0.187567,-0.831487,-0.215656,-0.196587,0.805727
2726,0.51193,0.915542,0.0462078,0.39956,-0.224776,-0.187579,0.838061
2727,0.764634,-0.197051,-0.399031,-0.895514,-0.228529,-0.180919,0.853695
2728,1.5286,0.159842,0.513532,0.843051,-0.236704,-0.163515,0.882684
2729,0.895853,-0.120436,-0.62366,-0.772362,-0.239928,-0.152921,0.89611
2730,1.21567,0.161611,-0.751993,-0.639052,-0.244828,-0.134865,0.914311
2731,1.40961,0.32296,0.732505,0.599277,-0.250574,-0.107251,0.934689
2732,1.56636,0.419758,-0.85048,-0.316998,-0.252606,-0.0921786,0.943151
2733,0.377568,-0.678242,-0.61187,-0.406943,-0.255352,-0.0682786,0.953295
2734,0.445615,-0.655192,-0.68172,-0.325548,-0.25727,-0.0432113,0.960341
2735,0.830741,0.831866,0.486139,0.267709,-0.258502,-0.00870199,0.96471
2736,0.498344,-0.678275,-0.729736,-0.0861925,-0.182016,0.00870199,0.982018
2737,0.777167,0.897999,0.430398,0.0914106,-0.18113,0.0432113,0.977566
2738,0.498429,-0.712674,-0.694551,0.0984615,-0.180424,0.0600213,0.973117
2739,0.719961,-0.564458,-0.777186,0.278155,-0.178729,0.0843573,0.963813
2740,1.33886,0.615868,0.702838,-0.355985,-0.175336,0.114501,0.946757
2741,0.843619,0.920044,0.364824,-0.142906,-0.172336,0.134865,0.930703
2742,0.0424485,0.893264,-0.195477,0.404805,-0.16888,0.152921,0.912173
2743,1.45077,0.0661497,-0.54117,0.838307,-0.166721,0.163515,0.898535
2744,0.834831,0.95187,0.202859,-0.229762,-0.160845,0.180919,0.868993
2745,0.205138,-0.924324,-0.174345,0.339454,-0.15833,0.187579,0.853113
2746,1.02156,0.899319,0.117178,-0.421301,-0.151776,0.196587,0.820163
2747,0.532279,-0.748437,-0.0521409,0.661154,-0.149077,0.198859,0.803121
2748,0.475398,0.992636,-0.00492021,0.121037,-0.142291,0.198859,0.769009
2749,0.412523,0.980809,-2.52519e-05,0.19497,-0.137595,0.194885,0.743651
2750,0.209612,0.918677,0.0687104,0.388987,-0.133037,0.187579,0.719017
2751,0.842361,0.97042,-0.174303,-0.167042,-0.128697,0.177061,0.695532
2752,0.933025,0.943941,-0.258116,-0.205794,-0.124647,0.163515,0.673595
2753,0.56245,0.990535,-0.0659777,0.120363,-0.120956,0.147171,0.653583
2754,0.973698,0.922306,-0.360684,-0.138773,-0.117689,0.128309,0.635837
2755,1.21547,0.802096,-0.55569,-0.218748,-0.1149,0.107251,0.620662
2756,0.389686,-0.689923,0.692545,0.210685,-0.113539,0.0921786,0.612068
2757,1.01663,0.883382,-0.468452,0.0137022,-0.110942,0.0600213,0.599014
2758,0.676513,0.972736,-0.168483,0.159368,-0.10984,0.0346586,0.592911
2759,0.868862,0.921558,-0.353909,0.159622,-0.109352,0.00870199,0.590112
2760,0.268892,-0.691632,0.698355,-0.184242,-0.109352,-0.00870199,0.590112
2761,1.40924,0.365044,0.923912,-0.114582,-0.10984,-0.0346586,0.592911
2762,0.0027149,-0.82968,0.45558,-0.322611,-0.110942,-0.0600213,0.599014
2763,0.682557,0.946799,-0.169569,0.273529,-0.113539,-0.0921786,0.612068
2764,1.41371,0.417301,0.787682,-0.453229,-0.1149,-0.107251,0.620662
2765,0.0911114,-0.759738,0.402487,-0.510688,-0.117689,-0.128309,0.635837
2766,0.593574,-0.355431,0.574038,-0.737664,-0.120956,-0.147171,0.653583
2767,0.197436,-0.684398,0.335323,-0.647424,-0.124647,-0.163515,0.673595
2768,0.21277,-0.674666,0.267986,-0.687757,-0.128697,-0.177061,0.695532
2769,0.744334,-0.213306,0.296033,-0.931056,-0.133037,-0.187579,0.719017
2770,0.573974,-0.381538,0.162829,-0.909899,-0.137595,-0.194885,0.743651
2771,0.748918,-0.223787,0.0597578,-0.972805,-0.142291,-0.198859,0.769009
2772,0.72954,0.859271,0.0218946,0.511052,-0.149077,-0.198859,0.803121
2773,0.0327683,-0.822903,-0.0779259,-0.562812,-0.151776,-0.196587,0.820163
2774,0.789335,0.819319,0.131624,0.558025,-0.15833,-0.187579,0.853113
2775,0.804915,-0.227813,-0.406383,-0.884847,-0.160845,-0.180919,0.868993
2776,1.51832,0.235426,0.511343,0.826501,-0.166721,-0.163515,0.898535
2777,0.834908,-0.239717,-0.609416,-0.755744,-0.16888,-0.152921,0.912173
2778,1.30751,0.200645,-0.750073,-0.630184,-0.172336,-0.134865,0.930703
2779,1.26563,0.134693,-0.831346,-0.539186,-0.175336,-0.114501,0.946757
2780,1.44785,0.349832,0.807355,0.47518,-0.178729,-0.0843573,0.963813
2781,0.185027,0.979943,-0.132044,0.149253,-0.180424,-0.0600213,0.973117
2782,0.152167,-0.854787,-0.448613,-0.260931,-0.18113,-0.0432113,0.977566
2783,0.492108,0.964451,0.169045,0.203119,-0.182016,-0.00870199,0.982018
2784,0.613329,0.953395,0.286729,0.0939343,-0.104317,0.017404,0.992709
2785,0.483476,0.983954,0.156839,0.0850667,-0.103872,0.0432113,0.988764
2786,0.297269,-0.828979,-0.551922,0.0904217,-0.103519,0.0600213,0.984273
2787,0.542796,-0.679487,-0.686064,0.260025,-0.102557,0.0843573,0.974865
2788,0.166452,0.96872,-0.137111,0.206836,-0.100513,0.114501,0.957595
2789,1.08642,-0.222252,-0.743983,0.630154,-0.0996825,0.128309,0.947034
2790,1.51932,0.463521,0.608829,-0.643798,-0.0967925,0.152921,0.922611
2791,0.077676,-0.943994,-0.230791,0.23582,-0.0957085,0.163515,0.908846
2792,0.496597,0.998128,0.0608565,-0.00601919,-0.0921679,0.180919,0.878934
2793,0.0908954,-0.939712,-0.142395,0.31091,-0.0909066,0.187579,0.862905
2794,0.705268,0.977372,0.0628,-0.201991,-0.0869586,0.196587,0.829543
2795,0.909369,-0.380498,-0.0630707,0.922629,-0.0856052,0.198859,0.812341
2796,0.76647,-0.498297,0.0602134,0.864913,-0.0828786,0.199429,0.786397
2797,1.01548,-0.255554,0.19326,0.947282,-0.0801632,0.196587,0.760601
2798,0.7658,-0.471777,0.298651,0.829599,-0.0775059,0.190381,0.735395
2799,1.16607,0.811178,-0.294666,-0.505136,-0.0737292,0.177061,0.703485
2800,0.912966,0.932213,-0.248164,-0.263428,-0.0714126,0.163515,0.681298
2801,0.396993,-0.715395,0.499546,0.488533,-0.0703292,0.152921,0.667533
2802,1.23486,0.772362,-0.518845,-0.366411,-0.0674386,0.128309,0.643111
2803,0.87321,0.943472,-0.315794,-0.100668,-0.0658492,0.107251,0.627763
2804,0.128573,-0.837913,0.521896,0.159771,-0.0651666,0.0921786,0.619089
2805,0.850055,0.945542,-0.325499,0.000717567,-0.0636019,0.0600213,0.605872
2806,0.743079,0.970226,-0.232371,0.0683027,-0.0629826,0.0346586,0.599701
2807,0.641989,0.98498,-0.134965,0.107694,-0.0627152,0.00870199,0.596872
2808,0.386574,-0.616829,0.777224,-0.124279,-0.0627152,-0.00870199,0.596872
2809,1.27965,0.232065,0.958703,-0.164419,-0.0629826,-0.0346586,0.599701
2810,1.25368,0.216943,0.931341,-0.29247,-0.0636019,-0.0600213,0.605872
2811,0.971399,0.857353,-0.413455,0.306596,-0.0651666,-0.0921786,0.619089
2812,0.21782,-0.716436,0.536748,-0.445668,-0.0658492,-0.107251,0.627763
2813,1.33994,0.313861,0.730062,-0.607043,-0.0674386,-0.128309,0.643111
2814,0.64821,0.959614,-0.121975,0.253502,-0.0703292,-0.152921,0.667533
2815,0.122927,-0.781449,0.301388,-0.546354,-0.0714126,-0.163515,0.681298
2816,1.49119,0.446665,0.414557,-0.792864,-0.0737292,-0.177061,0.703485
2817,0.228756,0.995715,0.0626833,-0.0679842,-0.0775059,-0.190381,0.735395
2818,1.56719,0.295849,-0.178603,0.938389,-0.0801632,-0.196587,0.760601
2819,0.490104,0.978535,-0.0058765,0.205998,-0.0828786,-0.199429,0.786397
2820,0.417727,0.989237,0.00190484,0.146307,-0.0856052,-0.198859,0.812341
2821,0.340592,-0.671784,-0.1285,-0.729516,-0.0869586,-0.196587,0.829543
2822,0.890565,0.804838,0.160593,0.571354,-0.0909066,-0.187579,0.862905
2823,1.00458,-0.101503,-0.433086,-0.895619,-0.0921679,-0.180919,0.878934
2824,1.35906,0.446702,0.470315,0.761092,-0.0957085,-0.163515,0.908846
2825,0.916907,-0.21935,-0.628024,-0.74664,-0.0967925,-0.152921,0.922611
2826,1.083,0.676891,0.510351,0.530434,-0.0996825,-0.128309,0.947034
2827,0.837578,-0.327689,-0.765666,-0.553511,-0.100513,-0.114501,0.957595
2828,0.0863666,0.97665,-0.214644,0.00907639,-0.102557,-0.0843573,0.974865
2829,0.402695,0.987133,0.0735785,0.141968,-0.103519,-0.0600213,0.984273
2830,0.381423,-0.741945,-0.635079,-0.214923,-0.103872,-0.0432113,0.988764
2831,0.308696,-0.79756,-0.588346,-0.133214,-0.104317,-0.017404,0.992709
2832,0.960148,0.804041,0.594528,-0.00741155,-0.0261079,0.017404,0.997833
2833,0.806767,-0.433565,-0.886924,0.159334,-0.0261079,0.0346586,0.995561
2834,0.685988,-0.541368,-0.802402,0.25114,-0.0259746,0.0600213,0.989361
2835,0.555943,-0.647034,-0.6936,0.316646,-0.0257546,0.0843573,0.979906
2836,0.137902,0.976247,-0.16047,0.145573,-0.0250719,0.114501,0.96253
2837,1.02386,-0.233346,-0.735614,0.635941,-0.0250719,0.128309,0.951936
2838,1.46834,0.209711,-0.640545,0.738731,-0.0246213,0.147171,0.933897
2839,0.84408,-0.397492,-0.516982,0.758109,-0.0241066,0.163515,0.913553
2840,0.579308,-0.619352,-0.356887,0.699311,-0.0235373,0.177061,0.891253
2841,0.410993,-0.737359,-0.225907,0.636607,-0.0229239,0.187579,0.867377
2842,0.705291,-0.502269,-0.172482,0.847335,-0.0222759,0.194885,0.842335
2843,0.844553,0.914421,0.0288325,-0.403737,-0.0209226,0.199429,0.807879
2844,0.215911,-0.838122,0.0378453,0.544169,-0.0209226,0.199429,0.790475
2845,0.997689,-0.197942,0.192729,0.96108,-0.0202399,0.196587,0.764545
2846,0.904245,-0.275219,0.312283,0.909249,-0.0195686,0.190381,0.739209
2847,1.19451,0.750577,-0.303916,-0.586744,-0.0183073,0.177061,0.707101
2848,0.80977,-0.33675,0.529212,0.778803,-0.0183073,0.168359,0.692029
2849,0.911684,-0.224397,0.646848,0.728858,-0.0177379,0.152921,0.670993
2850,1.22897,0.745171,-0.515656,-0.42287,-0.0167726,0.128309,0.646419
2851,0.778089,-0.324643,0.792284,0.516617,-0.0167726,0.114501,0.635825
2852,0.739095,-0.348963,0.845852,0.403435,-0.0163926,0.0921786,0.622294
2853,0.48063,0.998822,0.0175506,0.0452301,-0.0158699,0.0600213,0.608994
2854,1.03158,0.867158,-0.493884,-0.0641544,-0.0157366,0.0346586,0.602794
2855,0.134605,-0.802466,0.596649,0.00757961,-0.0157366,0.017404,0.600522
2856,0.680963,0.98358,-0.173395,0.0500392,-0.0157366,-0.017404,0.600522
2857,0.952601,-0.106369,0.97441,-0.198016,-0.0157366,-0.0346586,0.602794
2858,1.51385,0.439015,0.85592,-0.273251,-0.0158699,-0.0600213,0.608994
2859,0.0632822,0.915863,0.373202,-0.148038,-0.0163926,-0.0921786,0.622294
2860,0.178317,0.95955,0.250059,-0.129362,-0.0167726,-0.114501,0.635825
2861,1.29656,0.223221,0.737242,-0.637689,-0.0167726,-0.128309,0.646419
2862,0.0213557,0.916272,0.281479,-0.284983,-0.0177379,-0.152921,0.670993
2863,0.208885,0.97809,0.132801,-0.160322,-0.0183073,-0.168359,0.692029
2864,1.39469,0.292335,0.427543,-0.855422,-0.0183073,-0.177061,0.707101
2865,0.114507,0.962835,0.0982321,-0.251595,-0.0195686,-0.190381,0.739209
2866,0.0391173,0.944473,0.0711945,-0.320784,-0.0202399,-0.196587,0.764545
2867,1.10611,0.735041,-0.0424827,0.67669,-0.0209226,-0.199429,0.790475
2868,0.488043,-0.609089,-0.0503365,-0.791503,-0.0209226,-0.199429,0.807879
2869,0.345646,0.99995,-0.00627447,0.00775097,-0.0222759,-0.194885,0.842335
2870,0.614285,0.959944,0.0784923,0.268973,-0.0229239,-0.187579,0.867377
2871,0.908141,0.833758,0.231137,0.501421,-0.0235373,-0.177061,0.891253
2872,0.611406,0.956987,0.143395,0.252217,-0.0241066,-0.163515,0.913553
2873,0.970012,0.792048,0.386823,0.472259,-0.0246213,-0.147171,0.933897
2874,1.18159,0.644333,0.562237,0.518387,-0.0250719,-0.128309,0.951936
2875,0.809708,-0.395839,-0.75633,-0.520843,-0.0250719,-0.114501,0.96253
2876,0.0956193,0.976366,-0.206578,-0.0635152,-0.0257546,-0.0843573,0.979906
2877,0.024199,0.958122,-0.28051,-0.0575829,-0.0259746,-0.0600213,0.989361
2878,0.0415048,0.962058,-0.272353,-0.0163738,-0.0261079,-0.0346586,0.995561
2879,1.48541,0.236609,-0.970085,-0.0543247,-0.0261079,-0.017404,0.997833
2880,0.163985,0.987204,-0.156898,-0.028485,0.0522613,0.017404,0.996805
2881,0.805527,0.881536,0.455217,-0.125188,0.0520827,0.0432113,0.99284
2882,0.374526,-0.756487,-0.609671,0.236705,0.0517293,0.0600213,0.988349
2883,0.52601,-0.643371,-0.67627,0.358795,0.0512067,0.0843573,0.978906
2884,1.53059,0.343147,0.774723,-0.531088,0.050524,0.114501,0.96153
2885,0.777418,-0.416951,-0.6752,0.608487,0.0496933,0.128309,0.950969
2886,1.44622,0.245657,-0.643855,0.72464,0.048728,0.147171,0.93295
2887,0.0410546,0.961712,-0.169268,0.21554,0.0476447,0.168359,0.905378
2888,0.223657,-0.815185,-0.243406,0.525573,0.046462,0.177061,0.890353
2889,0.331398,-0.740874,-0.206988,0.638954,0.0452,0.187579,0.866502
2890,0.224957,0.993444,-0.0297254,0.110384,0.0438813,0.196587,0.832933
2891,0.900111,0.852177,0.0320562,-0.52227,0.042528,0.199429,0.80703
2892,0.0803172,-0.867946,0.0302729,0.495735,0.0411627,0.199429,0.78968
2893,0.541458,0.985957,-0.025139,-0.165099,0.0398087,0.194885,0.755224
2894,0.264496,0.992339,0.0513735,0.112353,0.0384893,0.187579,0.730208
2895,0.155663,0.969577,0.123136,0.211562,0.037228,0.177061,0.706357
2896,0.612018,0.980902,-0.0895831,-0.172642,0.0360453,0.163515,0.684081
2897,0.36114,0.997105,0.0665677,0.0367373,0.034962,0.147171,0.66376
2898,0.2594,0.981902,0.159848,0.101577,0.0339967,0.128309,0.645743
2899,0.587464,0.991596,-0.0861225,-0.0965436,0.0331654,0.107251,0.630336
2900,0.766916,0.957103,-0.243197,-0.15751,0.0324827,0.0843573,0.617804
2901,0.137139,-0.796179,0.562738,0.222319,0.03196,0.0682786,0.611165
2902,0.949857,0.898193,-0.423058,-0.119463,0.0316067,0.0346586,0.60217
2903,1.45274,0.380651,0.923595,0.0455775,0.0314287,0.017404,0.599906
2904,0.715086,0.978061,-0.206824,-0.0248937,0.0314287,-0.017404,0.599906
2905,1.12522,0.0505873,0.979147,-0.196754,0.0316067,-0.0346586,0.60217
2906,0.048875,0.894135,0.412167,-0.175049,0.03196,-0.0682786,0.611165
2907,0.0361528,0.889383,0.395188,-0.229837,0.0324827,-0.0921786,0.621662
2908,1.54996,0.426662,0.74414,-0.514019,0.0331654,-0.107251,0.630336
2909,0.596267,-0.502605,0.659691,-0.558746,0.0339967,-0.128309,0.645743
2910,0.55982,-0.546388,0.56277,-0.620283,0.034962,-0.147171,0.66376
2911,0.309576,-0.746958,0.382818,-0.543602,0.0360453,-0.163515,0.684081
2912,0.636478,-0.507141,0.389122,-0.76902,0.037228,-0.177061,0.706357
2913,0.713352,-0.452613,0.291986,-0.842547,0.0384893,-0.187579,0.730208
2914,0.465705,-0.66778,0.150246,-0.729037,0.0398087,-0.194885,0.755224
2915,1.02073,0.835743,-0.0380765,0.547799,0.0411627,-0.199429,0.78968
2916,0.221443,-0.841415,-0.0375227,-0.539086,0.042528,-0.199429,0.80703
2917,1.11061,-0.120622,-0.194576,-0.973443,0.0438813,-0.196587,0.832933
2918,0.726531,0.948658,0.112931,0.295456,0.0452,-0.187579,0.866502
2919,1.29348,0.621825,0.356054,0.697538,0.046462,-0.177061,0.890353
2920,1.34308,0.0899695,-0.551695,-0.829179,0.0476447,-0.168359,0.905378
2921,1.04911,0.779663,0.427815,0.457275,0.048728,-0.147171,0.93295
2922,1.45278,0.462562,0.67552,0.574202,0.0496933,-0.128309,0.950969
2923,0.912593,-0.340792,-0.787852,-0.512981,0.050524,-0.114501,0.96153
2924,0.135353,0.97742,-0.171741,-0.123104,0.0512067,-0.0843573,0.978906
2925,0.335314,0.999306,0.00984125,-0.0359264,0.0517293,-0.0600213,0.988349
2926,1.53228,0.272984,-0.941425,-0.197989,0.0520827,-0.0432113,0.99284
2927,0.675136,-0.544552,-0.838056,-0.0335515,0.0522613,-0.017404,0.996805
2928,0.224635,-0.844428,-0.518599,0.134155,0.130354,0.00870199,0.990201
2929,0.972489,0.776939,0.593278,-0.210683,0.12982,0.0432113,0.985693
2930,0.596483,-0.57044,-0.754238,0.325152,0.129115,0.0600213,0.981244
2931,0.422478,-0.690876,-0.611751,0.385295,0.127853,0.0843573,0.971871
2932,1.36218,0.455197,0.713023,-0.533286,0.12581,0.114501,0.954602
2933,0.610149,-0.516913,-0.610623,0.599951,0.124153,0.128309,0.944138
2934,1.26006,0.534098,0.523455,-0.663878,0.121262,0.152921,0.919715
2935,1.33078,0.206574,-0.552478,0.807524,0.119102,0.163515,0.906077
2936,1.25717,0.535998,0.346266,-0.769939,0.115561,0.180919,0.876165
2937,0.0947108,0.986293,-0.0867303,0.140374,0.112398,0.190381,0.852052
2938,0.0738312,-0.843196,-0.0852078,0.53081,0.109769,0.194885,0.835449
2939,0.936171,0.786838,0.034092,-0.616217,0.105716,0.199429,0.801205
2940,0.0726631,-0.830672,0.029829,0.555963,0.102993,0.199429,0.784017
2941,0.954836,0.791001,-0.100784,-0.603457,0.09894,0.194885,0.749773
2942,0.420909,-0.575214,0.240734,0.781777,0.09631,0.190381,0.733169
2943,0.453673,-0.542099,0.344289,0.766547,0.0931466,0.180919,0.709056
2944,1.12771,0.712452,-0.348482,-0.609075,0.0896066,0.163515,0.679145
2945,0.324018,-0.639091,0.4668,0.611278,0.0874466,0.152921,0.665507
2946,0.729226,-0.284988,0.701768,0.652919,0.0850073,0.134865,0.646817
2947,0.729579,0.947323,-0.202415,-0.248206,0.0825186,0.107251,0.625791
2948,0.50981,0.992012,-0.0156349,-0.125173,0.0808546,0.0843573,0.613352
2949,0.22325,-0.720049,0.626152,0.299104,0.0798133,0.0682786,0.606774
2950,0.774528,0.950795,-0.262235,-0.16499,0.0787553,0.0346586,0.597834
2951,1.38876,0.323711,0.945848,0.0241459,0.0783993,0.017404,0.59559
2952,0.714744,0.973171,-0.206474,-0.101526,0.0783993,-0.017404,0.59559
2953,1.32832,0.234515,0.947499,-0.217364,0.0787553,-0.0346586,0.597834
2954,0.248504,0.952669,0.234894,-0.192993,0.0798133,-0.0682786,0.606774
2955,0.121846,-0.841497,0.516975,-0.156909,0.0808546,-0.0843573,0.613352
2956,1.41799,0.260938,0.786533,-0.559712,0.0825186,-0.107251,0.625791
2957,0.200302,0.935317,0.202979,-0.289797,0.0850073,-0.134865,0.646817
2958,0.62755,0.994069,-0.108534,0.00691962,0.0874466,-0.152921,0.665507
2959,1.38389,0.164071,0.536721,-0.827654,0.0896066,-0.163515,0.679145
2960,0.354475,0.980893,0.0367452,-0.191047,0.0931466,-0.180919,0.709056
2961,0.555518,0.999105,-0.0418876,0.0059211,0.09631,-0.190381,0.733169
2962,1.54719,0.269762,0.180662,-0.945828,0.09894,-0.194885,0.749773
2963,0.93389,0.91464,-0.0333179,0.402895,0.102993,-0.199429,0.784017
2964,0.0957928,-0.933426,-0.0304999,-0.357472,0.105716,-0.199429,0.801205
2965,1.36064,0.646723,0.162463,0.745221,0.109769,-0.194885,0.835449
2966,1.16165,-0.152295,-0.321344,-0.934636,0.112398,-0.190381,0.852052
2967,1.34625,0.028337,-0.438598,-0.898236,0.115561,-0.180919,0.876165
2968,0.09634,0.93661,-0.139753,-0.321296,0.119102,-0.163515,0.906077
2969,1.43208,0.115286,-0.645823,-0.754733,0.121262,-0.152921,0.919715
2970,1.53651,0.432654,0.700825,0.567146,0.124153,-0.128309,0.944138
2971,0.962605,-0.333532,-0.800152,-0.498512,0.12581,-0.114501,0.954602
2972,0.244888,0.985331,-0.0744556,-0.153558,0.127853,-0.0843573,0.971871
2973,0.118272,0.964193,-0.194306,-0.180491,0.129115,-0.0600213,0.981244
2974,1.33669,0.0652187,-0.976957,-0.203228,0.12982,-0.0432113,0.985693
2975,0.602783,0.956272,0.276635,-0.0949547,0.130354,-0.00870199,0.990201
2976,0.417162,-0.716327,-0.672137,0.187371,0.207642,0.00870199,0.976921
2977,0.0827381,0.961686,-0.233276,-0.144022,0.206756,0.0432113,0.972469
2978,0.54182,0.944315,0.203797,-0.258332,0.205266,0.0682786,0.96532
2979,0.137183,-0.837891,-0.402385,0.368816,0.203711,0.0843573,0.958844
2980,1.31474,0.454016,0.69191,-0.561365,0.200319,0.114501,0.941788
2981,0.912508,-0.187526,-0.713678,0.674906,0.197846,0.128309,0.931486
2982,0.981578,0.700345,0.392986,-0.595885,0.193048,0.152921,0.907365
2983,1.24796,0.18925,-0.555623,0.809609,0.189825,0.163515,0.893939
2984,0.0717831,-0.818321,-0.184684,0.544282,0.185172,0.177061,0.872123
2985,0.297382,-0.65772,-0.198495,0.726639,0.180195,0.187579,0.848763
2986,0.71595,-0.280374,-0.173443,0.944091,0.174979,0.194885,0.824261
2987,0.654091,0.895372,0.0171802,-0.444988,0.168251,0.199429,0.790441
2988,1.46989,0.47522,0.0625783,0.877639,0.164189,0.199429,0.773519
2989,0.836398,0.815209,-0.080326,-0.57357,0.157461,0.194885,0.739699
2990,0.41392,-0.518097,0.23924,0.821182,0.153537,0.190381,0.723353
2991,0.46097,-0.473909,0.346312,0.809616,0.148492,0.180919,0.699563
2992,0.830002,0.850739,-0.206097,-0.483495,0.142616,0.163515,0.670021
2993,0.17461,-0.701322,0.39224,0.595228,0.139393,0.152921,0.656595
2994,0.184374,0.976724,0.214484,-0.00266064,0.134595,0.128309,0.632475
2995,0.885821,0.860157,-0.325464,-0.392686,0.131363,0.107251,0.617388
2996,0.0641724,-0.787226,0.473853,0.394636,0.129332,0.0921786,0.608926
2997,0.583408,0.972032,-0.0796654,-0.220923,0.126736,0.0600213,0.595872
2998,0.379995,0.977965,0.121196,-0.169988,0.125417,0.0346586,0.589812
2999,0.0610762,-0.820256,0.536272,0.198982,0.124887,0.017404,0.587604
3000,0.485775,0.980314,0.0204784,-0.196381,0.124887,-0.017404,0.587604
3001,0.178128,-0.785364,0.61826,0.0309531,0.125417,-0.0346586,0.589812
3002,0.0169419,-0.883958,0.467352,0.0141876,0.126736,-0.0600213,0.595872
3003,0.504093,0.981728,-0.0105253,-0.190001,0.129332,-0.0921786,0.608926
3004,1.22992,0.0323859,0.82317,-0.566871,0.131363,-0.107251,0.617388
3005,0.290515,-0.7971,0.520371,-0.306341,0.134595,-0.128309,0.632475
3006,0.790246,0.975736,-0.212492,0.0527884,0.139393,-0.152921,0.656595
3007,0.131011,-0.908802,0.305155,-0.284535,0.142616,-0.163515,0.670021
3008,0.36213,0.964811,0.0333642,-0.260821,0.148492,-0.180919,0.699563
3009,0.517534,0.993668,-0.029755,-0.108343,0.153537,-0.190381,0.723353
3010,1.56927,0.216308,0.178991,-0.959778,0.157461,-0.194885,0.739699
3011,0.950707,0.937728,-0.0342575,0.345677,0.164189,-0.199429,0.773519
3012,0.139741,-0.945163,-0.0330168,-0.324925,0.168251,-0.199429,0.790441
3013,1.02163,0.899281,0.117194,0.421377,0.174979,-0.194885,0.824261
3014,0.763335,0.976222,0.123934,0.177851,0.180195,-0.187579,0.848763
3015,0.837808,0.950987,0.204066,0.232336,0.185172,-0.177061,0.872123
3016,0.901094,0.92069,0.290808,0.260308,0.189825,-0.163515,0.893939
3017,1.25213,0.71854,0.520278,0.461531,0.194074,-0.147171,0.913841
3018,1.24431,0.705469,0.592462,0.388975,0.197846,-0.128309,0.931486
3019,0.94199,-0.390371,-0.795305,-0.463789,0.200319,-0.114501,0.941788
3020,0.552722,0.975337,0.199899,-0.0935908,0.203711,-0.0843573,0.958844
3021,0.157114,-0.898083,-0.439009,0.0267987,0.205266,-0.0682786,0.96532
3022,0.638566,-0.592523,-0.804289,-0.0451138,0.206756,-0.0432113,0.972469
3023,0.388436,0.979463,0.0663683,-0.190387,0.207642,-0.00870199,0.976921
3024,0.636159,0.909834,0.308477,-0.277569,0.283517,0.017404,0.957063
3025,0.318134,-0.739759,-0.586536,0.329747,0.282815,0.0346586,0.954903
3026,0.397564,0.95359,0.0687329,-0.293158,0.280372,0.0682786,0.946239
3027,0.357539,-0.669047,-0.567883,0.479464,0.278313,0.0843573,0.939905
3028,0.708016,0.839906,0.305356,-0.448683,0.273593,0.114501,0.923167
3029,1.0112,0.640343,0.46939,-0.607975,0.268977,0.134865,0.907501
3030,0.891411,-0.12479,-0.622712,0.772436,0.265175,0.147171,0.895797
3031,0.0334832,-0.807852,-0.208231,0.551376,0.259378,0.163515,0.876291
3032,0.0378987,-0.793761,-0.170949,0.583712,0.253027,0.177061,0.854906
3033,0.127759,-0.724487,-0.152927,0.67211,0.246233,0.187579,0.832009
3034,0.155035,0.997487,-0.0431333,-0.0561984,0.237113,0.196587,0.799675
3035,0.282902,0.985666,-0.0069128,-0.168566,0.22975,0.199429,0.774803
3036,1.4179,0.498225,0.0635023,0.864719,0.224373,0.199429,0.758252
3037,0.165882,0.998323,0.0476374,-0.0329036,0.215013,0.194885,0.725065
3038,1.49666,0.23495,-0.282373,-0.930088,0.20789,0.187579,0.701047
3039,0.195094,0.992742,0.106282,-0.0562742,0.201095,0.177061,0.678151
3040,1.42604,0.352498,-0.460357,-0.814749,0.194745,0.163515,0.656766
3041,0.456566,0.963598,0.00373348,-0.267331,0.188948,0.147171,0.637259
3042,1.38943,0.448557,0.720211,0.529238,0.185145,0.134865,0.625555
3043,0.906314,0.815971,-0.341111,-0.466727,0.179398,0.107251,0.605178
3044,0.184159,-0.675345,0.561613,0.478017,0.176709,0.0921786,0.596902
3045,0.568823,0.954061,-0.0659158,-0.292272,0.173096,0.0600213,0.584092
3046,1.24769,0.225103,0.96482,0.135833,0.171705,0.0432113,0.579808
3047,0.431513,0.961088,0.0745624,-0.265989,0.170473,0.00870199,0.575438
3048,1.27487,0.183647,0.975864,-0.118164,0.170473,-0.00870199,0.575438
3049,0.765821,0.943338,-0.253986,-0.213554,0.171705,-0.0432113,0.579808
3050,1.48173,0.303794,0.868496,-0.391693,0.173096,-0.0600213,0.584092
3051,0.451607,0.956769,0.0365747,-0.288541,0.176709,-0.0921786,0.596902
3052,1.26981,0.0266815,0.817835,-0.574834,0.179398,-0.107251,0.605178
3053,0.660851,0.978936,-0.140027,-0.148585,0.185145,-0.134865,0.625555
3054,1.56053,0.236811,0.593382,-0.769297,0.188948,-0.147171,0.637259
3055,0.501009,-0.742638,0.452508,-0.493686,0.194745,-0.163515,0.656766
3056,0.713925,-0.614152,0.404276,-0.677775,0.201095,-0.177061,0.678151
3057,0.903442,-0.480559,0.312195,-0.819511,0.20789,-0.187579,0.701047
3058,0.786446,-0.597815,0.181892,-0.780726,0.215013,-0.194885,0.725065
3059,0.919272,0.970048,-0.0324908,0.240731,0.224373,-0.199429,0.758252
3060,0.432756,-0.85392,-0.0479457,-0.518191,0.22975,-0.199429,0.774803
3061,1.00601,0.935161,0.114736,0.335126,0.23911,-0.194885,0.807992
3062,0.878058,0.965373,0.157098,0.208267,0.246233,-0.187579,0.832009
3063,0.913407,0.946326,0.233113,0.223886,0.253027,-0.177061,0.854906
3064,1.10738,0.854613,0.38171,0.352042,0.259378,-0.163515,0.876291
3065,0.0634223,0.868638,-0.182218,-0.460722,0.265175,-0.147171,0.895797
3066,1.42669,0.00911601,-0.738114,-0.674614,0.268977,-0.134865,0.907501
3067,1.55982,0.160751,-0.78918,-0.592751,0.273593,-0.114501,0.923167
3068,0.329193,0.962599,0.00106079,-0.27093,0.278313,-0.0843573,0.939905
3069,0.2878,-0.837521,-0.544611,0.0442421,0.280372,-0.0682786,0.946239
3070,0.407449,0.963488,0.082849,-0.254612,0.282815,-0.0346586,0.954903
3071,0.133206,-0.872297,-0.438595,0.216175,0.283517,-0.017404,0.957063
3072,0.445628,0.928215,0.123172,-0.351064,0.357733,0.017404,0.931869
3073,0.593467,-0.517578,-0.778167,0.355766,0.356864,0.0346586,0.92977
3074,0.44051,-0.599475,-0.656121,0.458405,0.354615,0.0600213,0.923991
3075,0.212759,0.949564,-0.103136,-0.296127,0.350008,0.0921786,0.911503
3076,0.814414,0.742005,0.385771,-0.548278,0.345181,0.114501,0.898856
3077,0.574483,0.858289,0.17679,-0.481752,0.33935,0.134865,0.883599
3078,0.599142,0.841837,0.166903,-0.513277,0.332614,0.152921,0.865995
3079,0.603446,0.836321,0.139119,-0.530296,0.32509,0.168359,0.846343
3080,1.15891,0.43077,0.317568,-0.844741,0.316905,0.180919,0.82498
3081,1.19786,0.391218,0.237368,-0.88916,0.3082,0.190381,0.802272
3082,1.26932,0.325308,0.151899,-0.933328,0.299124,0.196587,0.778607
3083,1.03727,0.539041,0.0395637,-0.84135,0.289832,0.199429,0.754389
3084,1.53918,0.0790047,-0.0594766,-0.995098,0.280484,0.198859,0.730035
3085,1.2313,0.392842,-0.142605,-0.908482,0.271237,0.194885,0.70596
3086,0.223034,0.98485,0.0644844,-0.160972,0.262253,0.187579,0.682575
3087,0.51729,0.910497,-0.0352437,-0.412012,0.253683,0.177061,0.660282
3088,0.0205116,-0.705717,0.252062,0.662139,0.247915,0.168359,0.646358
3089,0.437353,0.944375,0.0164078,-0.328461,0.238365,0.147171,0.620471
3090,1.11513,0.244866,0.751985,0.612012,0.233655,0.134865,0.609102
3091,0.223902,0.95608,0.213652,-0.20066,0.226327,0.107251,0.589238
3092,0.153681,0.935727,0.298042,-0.188644,0.221805,0.0843573,0.577529
3093,0.436877,0.943288,0.0589453,-0.3267,0.21839,0.0600213,0.56871
3094,1.08604,0.0854243,0.980627,0.176278,0.216666,0.0432113,0.564549
3095,0.20927,0.903722,0.292069,-0.31302,0.215095,0.00870199,0.56029
3096,1.47262,0.351622,0.915901,-0.193616,0.215095,-0.00870199,0.56029
3097,0.975793,0.866327,-0.445858,-0.225139,0.216666,-0.0432113,0.564549
3098,0.0205733,-0.869515,0.470334,0.150763,0.21839,-0.0600213,0.56871
3099,0.577404,-0.584817,0.786747,-0.197527,0.221805,-0.0843573,0.577529
3100,0.261471,-0.819861,0.563958,-0.0988881,0.226327,-0.107251,0.589238
3101,0.989956,0.928486,-0.371343,0.00430268,0.233655,-0.134865,0.609102
3102,0.0986118,-0.932837,0.350846,-0.0819844,0.238365,-0.147171,0.620471
3103,0.358196,0.907813,0.0510317,-0.416259,0.247915,-0.168359,0.646358
3104,1.45529,0.00255926,0.419853,-0.907588,0.253683,-0.177061,0.660282
3105,0.6634,-0.725624,0.284896,-0.626342,0.262253,-0.187579,0.682575
3106,1.18384,-0.315511,0.195178,-0.928632,0.271237,-0.194885,0.70596
3107,0.968692,-0.526476,0.0641591,-0.847766,0.280484,-0.198859,0.730035
3108,1.36644,-0.167582,-0.0643835,-0.983754,0.289832,-0.199429,0.754389
3109,1.26538,-0.270708,-0.194725,-0.942761,0.299124,-0.196587,0.778607
3110,0.23742,-0.958018,-0.182976,-0.220729,0.3082,-0.190381,0.802272
3111,0.0144748,-0.986776,-0.161337,0.0156193,0.316905,-0.180919,0.82498
3112,0.50551,-0.832249,-0.419802,-0.362116,0.32509,-0.168359,0.846343
3113,0.56433,-0.782554,-0.519814,-0.342642,0.332614,-0.152921,0.865995
3114,0.303047,-0.888648,-0.449306,-0.0918141,0.33935,-0.134865,0.883599
3115,0.00261695,-0.949263,-0.273183,0.155791,0.345181,-0.114501,0.898856
3116,0.503982,-0.74489,-0.663128,-0.0734897,0.350008,-0.0921786,0.911503
3117,0.25769,0.9286,-0.0636182,-0.365587,0.354615,-0.0600213,0.923991
3118,0.137273,0.909623,-0.181,-0.373933,0.356864,-0.0346586,0.92977
3119,0.298017,-0.77678,-0.579704,0.246083,0.357733,-0.017404,0.931869
3120,0.182729,-0.781728,-0.482431,0.395172,0.429962,0.00870199,0.901455
3121,0.787563,0.775259,0.439535,-0.453632,0.428062,0.0432113,0.897333
3122,0.531707,-0.493217,-0.715596,0.494631,0.426017,0.0600213,0.893319
3123,0.504965,-0.473968,-0.66372,0.578645,0.421921,0.0843573,0.884795
3124,0.893599,0.644911,0.442847,-0.622877,0.41464,0.114501,0.869003
3125,0.876882,0.637284,0.386465,-0.666719,0.40763,0.134865,0.854251
3126,1.08267,0.180303,-0.652733,0.73582,0.402043,0.147171,0.843286
3127,1.30771,0.425975,-0.553719,0.7155,0.393266,0.163515,0.824927
3128,1.52473,0.0125097,0.406843,-0.913412,0.380656,0.180919,0.797573
3129,0.15035,-0.592641,-0.15928,0.789561,0.373356,0.187579,0.783247
3130,0.354083,-0.401179,-0.130468,0.906661,0.362564,0.194885,0.760639
3131,1.53677,0.707113,-0.061415,0.704429,0.351457,0.198859,0.737363
3132,0.444184,0.888897,-0.0028777,-0.458099,0.336896,0.198859,0.705777
3133,1.31622,0.548199,0.192833,0.813814,0.329062,0.196587,0.690404
3134,0.353814,0.934014,0.0228491,-0.356504,0.314998,0.187579,0.659895
3135,1.43713,0.1752,-0.372326,-0.911416,0.304706,0.177061,0.638343
3136,1.47166,0.177266,-0.474114,-0.862434,0.295088,0.163515,0.618216
3137,0.184125,0.959636,0.181093,-0.215183,0.286311,0.147171,0.599856
3138,1.1291,0.304725,0.75172,0.584859,0.280724,0.134865,0.588891
3139,1.44645,0.327982,-0.682605,-0.653053,0.27186,0.107251,0.569663
3140,0.342525,0.925596,0.133914,-0.354033,0.266434,0.0843573,0.558346
3141,0.45934,0.912775,0.0377042,-0.406718,0.262337,0.0600213,0.549822
3142,1.16554,0.170635,0.976048,0.13496,0.260293,0.0432113,0.545809
3143,1.25499,0.198822,0.979811,-0.0209948,0.25861,0.017404,0.542213
3144,0.975049,0.822555,-0.450797,-0.346677,0.25861,-0.017404,0.542213
3145,1.04756,0.819414,-0.507371,-0.266713,0.260293,-0.0432113,0.545809
3146,0.137665,-0.8101,0.563138,0.163139,0.262337,-0.0600213,0.549822
3147,0.544009,0.916478,-0.046296,-0.397398,0.26791,-0.0921786,0.56191
3148,0.350567,-0.782233,0.616107,-0.0923262,0.27186,-0.107251,0.569663
3149,0.918624,0.93846,-0.323787,-0.120232,0.280724,-0.134865,0.588891
3150,0.309435,-0.87034,0.459961,-0.175912,0.286311,-0.147171,0.599856
3151,0.614808,-0.74449,0.486251,-0.457488,0.295088,-0.163515,0.618216
3152,0.588531,-0.791645,0.378553,-0.479578,0.304706,-0.177061,0.638343
3153,0.01429,-0.990516,0.136756,0.013269,0.314998,-0.187579,0.659895
3154,1.14979,0.948293,-0.131291,0.288968,0.329062,-0.196587,0.690404
3155,0.434504,-0.919326,0.0485355,-0.390492,0.336896,-0.198859,0.705777
3156,0.954679,0.990547,0.0351214,0.132603,0.351457,-0.198859,0.737363
3157,0.558022,0.967032,0.0349934,-0.252239,0.362564,-0.194885,0.760639
3158,1.23675,0.889029,0.245613,0.386396,0.373356,-0.187579,0.783247
3159,1.29027,-0.303393,-0.44125,-0.844542,0.380656,-0.180919,0.797573
3160,1.43797,0.730193,0.492173,0.473903,0.393266,-0.163515,0.824927
3161,0.100391,0.805793,-0.158663,-0.570547,0.402043,-0.147171,0.843286
3162,0.0183115,-0.947395,-0.261784,0.184154,0.40763,-0.134865,0.854251
3163,1.50394,0.0137043,-0.802593,-0.59637,0.41464,-0.114501,0.869003
3164,0.226111,0.884614,-0.0912391,-0.457311,0.421921,-0.0843573,0.884795
3165,0.17484,0.877825,-0.141585,-0.457578,0.426017,-0.0600213,0.893319
3166,1.50359,0.150686,-0.948924,-0.277195,0.428062,-0.0432113,0.897333
3167,0.559098,0.88913,0.2345,-0.39301,0.429962,-0.00870199,0.901455
3168,0.341151,-0.667978,-0.614189,0.42021,0.499364,0.00870199,0.864941
3169,0.323592,0.872435,0.000702597,-0.48873,0.497146,0.0432113,0.860981
3170,0.472181,0.840021,0.138952,-0.52446,0.49352,0.0682786,0.854643
3171,0.0393175,-0.736731,-0.32213,0.594525,0.49004,0.0843573,0.848965
3172,1.06258,0.468819,0.554902,-0.687236,0.481543,0.114501,0.833791
3173,1.01887,0.128697,-0.734863,0.665893,0.476008,0.128309,0.824758
3174,0.0790002,-0.645317,-0.270363,0.714471,0.466967,0.147171,0.809143
3175,1.22996,0.414608,-0.555808,0.72054,0.456776,0.163515,0.791529
3176,0.122238,-0.570862,-0.204733,0.795111,0.44561,0.177061,0.772217
3177,1.15393,0.289058,0.227598,-0.929863,0.429909,0.190381,0.744181
3178,1.44424,0.00208668,0.170932,-0.985281,0.417243,0.196587,0.722227
3179,1.1772,0.483235,-0.0654904,0.873038,0.408228,0.198859,0.707515
3180,0.226351,0.943697,0.0113289,-0.330616,0.391233,0.198859,0.677169
3181,1.30365,0.600428,0.193178,0.775995,0.382217,0.196587,0.662457
3182,0.385308,0.890127,0.0127315,-0.455535,0.365802,0.187579,0.633146
3183,1.45991,0.694999,0.419179,0.58418,0.3574,0.180919,0.619437
3184,0.598618,-0.0829852,0.481813,0.872336,0.345975,0.168359,0.599617
3185,0.254078,-0.416909,0.433097,0.799133,0.335469,0.152921,0.581384
3186,0.447695,-0.271274,0.598968,0.753424,0.326062,0.134865,0.56505
3187,1.50938,0.605102,0.75858,0.241679,0.317917,0.114501,0.550894
3188,0.25871,0.898794,0.2077,-0.386045,0.30942,0.0843573,0.53572
3189,0.270967,0.885381,0.214233,-0.41256,0.304667,0.0600213,0.527544
3190,1.47675,0.434985,0.899604,-0.0387436,0.302314,0.0432113,0.523704
3191,1.11604,0.0768681,0.996534,0.0317969,0.300355,0.017404,0.520252
3192,1.08138,0.749549,-0.542725,-0.378981,0.300355,-0.017404,0.520252
3193,0.746745,0.869785,-0.235879,-0.433398,0.302314,-0.0432113,0.523704
3194,0.421115,-0.653284,0.753597,0.0728836,0.304667,-0.0600213,0.527544
3195,0.604854,-0.590121,0.798291,-0.120373,0.30942,-0.0843573,0.53572
3196,0.638741,0.903936,-0.128401,-0.407937,0.317917,-0.114501,0.550894
3197,0.107905,0.699678,0.268927,-0.661913,0.326062,-0.134865,0.56505
3198,0.265557,0.783897,0.128888,-0.607366,0.335469,-0.152921,0.581384
3199,1.48612,0.794162,-0.478234,0.374966,0.345975,-0.168359,0.599617
3200,0.585814,0.927631,-0.0653533,-0.367737,0.3574,-0.180919,0.619437
3201,0.0870742,-0.98728,0.157563,0.0212401,0.365802,-0.187579,0.633146
3202,0.607738,0.948931,-0.0378953,-0.313199,0.382217,-0.196587,0.662457
3203,0.119984,-0.999431,0.0325523,-0.00879036,0.391233,-0.198859,0.677169
3204,1.24675,0.939396,0.0495508,0.339234,0.408228,-0.198859,0.707515
3205,1.03897,-0.607394,-0.19293,-0.770617,0.417243,-0.196587,0.722227
3206,1.30207,-0.374146,-0.320046,-0.870394,0.429909,-0.190381,0.744181
3207,1.11552,0.935152,0.30392,0.181998,0.44561,-0.177061,0.772217
3208,1.56093,0.687765,0.52013,0.506404,0.456776,-0.163515,0.791529
3209,1.06538,0.897492,0.435951,0.0667494,0.466967,-0.147171,0.809143
3210,0.115417,0.780289,-0.165439,-0.603141,0.476008,-0.128309,0.824758
3211,1.26851,-0.245232,-0.831275,-0.498841,0.481543,-0.114501,0.833791
3212,0.689399,0.892501,0.317165,-0.320701,0.49004,-0.0843573,0.848965
3213,0.251221,-0.817158,-0.51592,0.257057,0.49352,-0.0682786,0.854643
3214,0.379932,-0.727294,-0.633969,0.262919,0.497146,-0.0432113,0.860981
3215,0.386775,0.872733,0.0647136,-0.48389,0.499364,-0.00870199,0.864941
3216,1.53954,0.253524,0.936289,-0.243082,0.565389,0.017404,0.82261
3217,0.598703,0.770542,0.267108,-0.578722,0.563166,0.0432113,0.819322
3218,0.33971,0.82873,0.0140041,-0.559473,0.559053,0.0682786,0.813287
3219,0.0471623,-0.683665,-0.328684,0.65159,0.555138,0.0843573,0.807899
3220,0.286429,0.844692,-0.0379499,-0.533905,0.545477,0.114501,0.79344
3221,0.964663,0.458121,0.441528,-0.771478,0.536245,0.134865,0.779967
3222,1.17064,0.255396,0.485568,-0.836061,0.525586,0.152921,0.764421
3223,0.979478,0.2502,-0.539811,0.803744,0.51747,0.163515,0.753251
3224,1.32846,0.0592806,0.365058,-0.929095,0.500737,0.180919,0.728206
3225,1.03749,0.381842,-0.317214,0.868085,0.491286,0.187579,0.715198
3226,0.258124,-0.345324,-0.115958,0.931292,0.47709,0.194885,0.694557
3227,0.146895,-0.432144,-0.0334208,0.901185,0.46248,0.198859,0.673305
3228,0.150154,-0.418726,0.0342524,0.907466,0.447704,0.199429,0.651806
3229,0.229868,-0.339408,0.11695,0.933341,0.433015,0.196587,0.630427
3230,0.381132,-0.196101,0.23206,0.952729,0.418664,0.190381,0.609535
3231,0.217498,-0.355846,0.269648,0.894798,0.404899,0.180919,0.589486
3232,0.269465,0.900931,0.0998847,-0.42231,0.388166,0.163515,0.564442
3233,1.35449,0.607438,0.639758,0.470881,0.38005,0.152921,0.553272
3234,0.287774,0.88479,0.138945,-0.444792,0.366386,0.128309,0.532824
3235,1.06299,0.288392,0.831423,0.474938,0.360159,0.114501,0.524252
3236,0.278371,-0.425426,0.62494,0.654571,0.352513,0.0921786,0.513082
3237,0.321338,-0.436377,0.69273,0.574196,0.346583,0.0682786,0.504405
3238,1.5347,0.334551,-0.841251,-0.424702,0.341582,0.0346586,0.49692
3239,0.692212,-0.268631,0.929511,0.252677,0.340247,0.017404,0.495082
3240,1.28297,0.618463,-0.69941,-0.358231,0.340247,-0.017404,0.495082
3241,0.449137,-0.569892,0.799532,0.189662,0.341582,-0.0346586,0.49692
3242,0.422334,0.81533,0.0727141,-0.574412,0.346583,-0.0682786,0.504405
3243,0.473846,0.826776,0.0166227,-0.562286,0.352513,-0.0921786,0.513082
3244,1.25091,0.812673,-0.577275,-0.0794762,0.360159,-0.114501,0.524252
3245,0.432211,-0.801197,0.59184,-0.0883746,0.366386,-0.128309,0.532824
3246,0.77022,0.918931,-0.199943,-0.339982,0.38005,-0.152921,0.553272
3247,0.279687,-0.927609,0.370611,-0.0467972,0.388166,-0.163515,0.564442
3248,0.292231,0.750542,0.0641055,-0.657705,0.404899,-0.180919,0.589486
3249,0.0631869,0.591501,0.113815,-0.798231,0.418664,-0.190381,0.609535
3250,0.0768738,0.6057,0.0642829,-0.793092,0.433015,-0.196587,0.630427
3251,0.173531,0.685586,0.0147199,-0.727843,0.447704,-0.199429,0.651806
3252,0.741386,0.971794,0.0226239,-0.234744,0.46248,-0.198859,0.673305
3253,0.634584,0.942591,0.0495862,-0.330246,0.47709,-0.194885,0.694557
3254,1.41638,0.870662,0.278748,0.405275,0.491286,-0.187579,0.715198
3255,0.987334,-0.670996,-0.431476,-0.602987,0.500737,-0.180919,0.728206
3256,0.329145,0.82142,-0.0118645,-0.5702,0.51747,-0.163515,0.753251
3257,1.55974,-0.123517,-0.62355,-0.771964,0.525586,-0.152921,0.764421
3258,0.0824777,0.712379,-0.189523,-0.67572,0.539249,-0.128309,0.784869
3259,0.0149663,-0.886833,-0.282864,0.365398,0.545477,-0.114501,0.79344
3260,0.563762,0.865816,0.209544,-0.454372,0.555138,-0.0843573,0.807899
3261,0.286186,-0.783392,-0.543357,0.30176,0.559053,-0.0682786,0.813287
3262,0.11183,-0.799756,-0.413068,0.43562,0.563166,-0.0432113,0.819322
3263,0.72977,-0.444031,-0.866392,0.228477,0.565389,-0.017404,0.82261
3264,0.154007,-0.679528,-0.457145,0.573812,0.628522,0.00870199,0.776176
3265,1.04212,0.511281,0.646164,-0.566625,0.625712,0.0432113,0.772611
3266,0.550839,-0.350184,-0.727327,0.590226,0.622787,0.0600213,0.769185
3267,0.47556,-0.348172,-0.645704,0.67959,0.616814,0.0843573,0.761853
3268,0.903297,0.0661212,-0.785312,0.615559,0.608896,0.107251,0.752117
3269,0.719609,0.576347,0.280642,-0.767505,0.595787,0.134865,0.735489
3270,0.976449,0.357787,0.390275,-0.848336,0.583942,0.152921,0.720827
3271,0.556709,0.663294,0.113818,-0.739653,0.570712,0.168359,0.704462
3272,0.0316494,0.922016,-0.142169,-0.360102,0.556327,0.180919,0.686674
3273,0.889338,0.315279,-0.305923,0.898338,0.545885,0.187579,0.674447
3274,0.886216,0.390396,0.0950487,-0.915728,0.525086,0.196587,0.648065
3275,0.774409,0.495166,0.0246394,-0.868449,0.508766,0.199429,0.627904
3276,0.726685,0.545718,-0.0210028,-0.837706,0.492348,0.198859,0.60763
3277,1.29117,0.0335779,-0.150336,-0.988065,0.476115,0.194885,0.587591
3278,1.21459,0.136651,-0.228392,-0.963931,0.460344,0.187579,0.568128
3279,1.1244,0.255265,-0.280634,-0.925248,0.445305,0.177061,0.549574
3280,1.06647,0.343333,-0.321308,-0.882544,0.431254,0.163515,0.532247
3281,0.0443007,0.906584,0.267713,-0.326245,0.418433,0.147171,0.516444
3282,1.42126,0.126976,-0.610775,-0.781557,0.407062,0.128309,0.502435
3283,0.728454,0.0462677,0.778753,0.625622,0.400181,0.114501,0.494379
3284,1.16041,0.446984,-0.55563,-0.701057,0.389415,0.0843573,0.480722
3285,1.1807,0.484592,-0.596602,-0.639716,0.383442,0.0600213,0.47339
3286,1.32799,0.444818,-0.719853,-0.532869,0.379516,0.0346586,0.468588
3287,0.962196,-0.0399486,0.992648,0.114256,0.378041,0.017404,0.46686
3288,1.0199,0.70388,-0.49025,-0.514011,0.378041,-0.017404,0.46686
3289,0.675642,-0.411068,0.906687,0.0945561,0.379516,-0.0346586,0.468588
3290,0.885652,-0.340655,0.930671,-0.133439,0.383442,-0.0600213,0.47339
3291,1.05304,-0.293494,0.896713,-0.331311,0.389415,-0.0843573,0.480722
3292,1.50977,0.700976,-0.711276,0.0521489,0.400181,-0.114501,0.494379
3293,0.815303,-0.610363,0.722429,-0.324892,0.407062,-0.128309,0.502435
3294,0.631125,-0.774141,0.585849,-0.239764,0.418433,-0.147171,0.516444
3295,1.02372,-0.588235,0.553243,-0.589833,0.431254,-0.163515,0.532247
3296,0.970743,-0.674864,0.436769,-0.594803,0.445305,-0.177061,0.549574
3297,0.859422,-0.784211,0.308511,-0.538362,0.460344,-0.187579,0.568128
3298,0.718155,-0.883967,0.176627,-0.432903,0.476115,-0.194885,0.587591
3299,1.16758,-0.620118,0.0654912,-0.78177,0.492348,-0.198859,0.60763
3300,1.12445,-0.662017,-0.0653787,-0.746632,0.508766,-0.199429,0.627904
3301,1.56631,-0.278972,-0.181801,-0.942933,0.525086,-0.196587,0.648065
3302,1.56446,0.832649,0.299375,0.465908,0.545885,-0.187579,0.674447
3303,0.945525,-0.742453,-0.42696,-0.516206,0.556327,-0.180919,0.686674
3304,0.176658,-0.937606,-0.279632,0.206642,0.570712,-0.168359,0.704462
3305,0.275811,-0.909583,-0.38279,0.161649,0.583942,-0.152921,0.720827
3306,0.455293,-0.8419,-0.535573,0.0660727,0.595787,-0.134865,0.735489
3307,1.30518,0.726107,0.687475,0.0120862,0.608896,-0.107251,0.752117
3308,0.10762,0.706518,-0.196085,-0.679988,0.616814,-0.0843573,0.761853
3309,0.0883341,0.716823,-0.221964,-0.660981,0.622787,-0.0600213,0.769185
3310,1.22451,-0.139044,-0.980542,-0.138581,0.625712,-0.0432113,0.772611
3311,0.549077,0.774246,0.224769,-0.591626,0.628522,-0.00870199,0.776176
3312,0.0608168,-0.664638,-0.372628,0.647615,0.687483,0.00870199,0.72447
3313,1.02498,0.475185,0.633426,-0.610713,0.684402,0.0432113,0.721136
3314,0.676018,-0.212594,-0.797355,0.564825,0.681217,0.0600213,0.717951
3315,0.266572,-0.440245,-0.502459,0.744123,0.674687,0.0843573,0.71111
3316,0.770651,0.504766,0.353179,-0.787703,0.662882,0.114501,0.698341
3317,0.739995,0.0460577,-0.662313,0.74781,0.65539,0.128309,0.690849
3318,1.3428,-0.0320834,0.554851,-0.831331,0.638696,0.152921,0.672789
3319,0.746441,0.167,-0.494608,0.85292,0.628934,0.163515,0.663026
3320,0.0769938,0.874574,-0.123018,-0.469028,0.608488,0.180919,0.640908
3321,1.13112,0.588303,-0.320788,0.74229,0.597118,0.187579,0.629539
3322,1.30104,0.741038,-0.194097,0.642797,0.579869,0.194885,0.611372
3323,1.40301,0.821767,-0.0639004,0.56623,0.562113,0.198859,0.592668
3324,1.32499,0.782224,0.0647117,0.619627,0.544156,0.199429,0.573745
3325,1.29214,-0.0450167,-0.150457,-0.987591,0.520749,0.194885,0.548424
3326,1.26327,0.0131212,-0.23914,-0.970896,0.5035,0.187579,0.530258
3327,1.28347,0.711769,0.437613,0.549436,0.49213,0.180919,0.518889
3328,0.109994,-0.322317,0.295327,0.899385,0.476394,0.168359,0.502284
3329,0.467328,0.731707,-0.0033558,-0.681611,0.457663,0.147171,0.482022
3330,1.5066,0.702674,0.689966,0.173771,0.448961,0.134865,0.47332
3331,1.1819,0.444746,0.827939,0.34164,0.437736,0.114501,0.461457
3332,1.10939,0.322633,0.896579,0.303404,0.428436,0.0921786,0.45162
3333,0.102866,-0.481729,0.536319,0.693037,0.421222,0.0682786,0.443978
3334,1.51947,0.440108,0.882077,-0.168063,0.416216,0.0432113,0.438661
3335,1.27303,0.498073,-0.692296,-0.522159,0.413135,0.00870199,0.435327
3336,1.03635,-0.0650129,0.997467,-0.0288714,0.413135,-0.00870199,0.435327
3337,0.521783,0.73658,-0.0175611,-0.676122,0.416216,-0.0432113,0.438661
3338,0.41397,0.713101,0.080598,-0.696413,0.421222,-0.0682786,0.443978
3339,1.12466,0.769681,-0.530117,-0.355763,0.428436,-0.0921786,0.45162
3340,1.11403,0.81536,-0.490193,-0.308058,0.437736,-0.114501,0.461457
3341,0.738901,0.82593,-0.197233,-0.528146,0.448961,-0.134865,0.47332
3342,0.220175,-0.891642,0.415978,0.178707,0.457663,-0.147171,0.482022
3343,0.527681,0.775831,-0.0430603,-0.62947,0.476394,-0.168359,0.502284
3344,0.754863,0.887566,-0.138076,-0.439501,0.49213,-0.180919,0.518889
3345,0.788667,-0.858932,0.301316,-0.414057,0.5035,-0.187579,0.530258
3346,0.757956,-0.899342,0.179797,-0.398569,0.520749,-0.194885,0.548424
3347,0.585808,0.846699,-0.0120843,-0.531935,0.544156,-0.199429,0.573745
3348,0.484929,0.796027,0.0062959,-0.605228,0.562113,-0.198859,0.592668
3349,1.11697,0.991176,0.131525,-0.0164719,0.579869,-0.194885,0.611372
3350,1.38828,0.931844,0.274144,0.237723,0.597118,-0.187579,0.629539
3351,0.917241,-0.795845,-0.423494,-0.432763,0.608488,-0.180919,0.640908
3352,1.28059,0.891309,0.445621,0.0836064,0.628934,-0.163515,0.663026
3353,0.921327,0.893781,0.360376,-0.266993,0.642954,-0.147171,0.677775
3354,0.315903,0.724627,-0.0160255,-0.688955,0.65539,-0.128309,0.690849
3355,1.45068,-0.214001,-0.813064,-0.541415,0.662882,-0.114501,0.698341
3356,0.359023,0.743282,0.0278287,-0.668399,0.674687,-0.0843573,0.71111
3357,1.55489,0.450955,0.892535,-0.00458746,0.681217,-0.0600213,0.717951
3358,1.22603,-0.148369,-0.980577,-0.128275,0.684402,-0.0432113,0.721136
3359,0.634078,0.712456,0.306491,-0.631244,0.687483,-0.00870199,0.72447
3360,0.0155266,-0.624641,-0.330332,0.707605,0.742205,0.00870199,0.668297
3361,0.517744,0.638234,0.18991,-0.746051,0.738871,0.0432113,0.665215
3362,0.407964,0.656873,0.0785478,-0.749898,0.733464,0.0682786,0.660307
3363,1.52048,0.498197,-0.862666,0.0872193,0.728399,0.0843573,0.655982
3364,1.22931,0.104718,0.650051,-0.75264,0.715629,0.114501,0.644179
3365,0.869825,0.210776,-0.702879,0.679363,0.707573,0.128309,0.637298
3366,0.850157,0.325554,0.320188,-0.889659,0.689514,0.152921,0.620604
3367,0.757071,0.242778,-0.49727,0.832936,0.679015,0.163515,0.611637
3368,0.806243,0.326948,0.19157,-0.925422,0.656897,0.180919,0.591192
3369,0.490919,0.588249,0.0395027,-0.807714,0.638832,0.190381,0.57491
3370,0.566862,0.531352,0.0366979,-0.846356,0.620002,0.196587,0.557944
3371,0.352314,0.704971,-0.00237919,-0.709232,0.600728,0.199429,0.540585
3372,1.01119,0.135656,-0.0375696,-0.990043,0.581341,0.198859,0.523129
3373,1.13743,0.0304256,-0.129486,-0.991114,0.562173,0.194885,0.505876
3374,1.07154,0.642952,0.320731,0.695518,0.54939,0.190381,0.494958
3375,1.19933,0.0367295,-0.305473,-0.951492,0.525794,0.177061,0.473147
3376,1.34196,-0.048754,-0.432595,-0.900269,0.509207,0.163515,0.458232
3377,1.34561,0.00416474,-0.509783,-0.860293,0.494072,0.147171,0.444628
3378,1.40783,0.0143042,-0.604803,-0.796246,0.480648,0.128309,0.43257
3379,0.859573,0.244127,0.81025,0.53282,0.472592,0.114501,0.42569
3380,0.67355,0.0309556,0.824483,0.565039,0.462549,0.0921786,0.416613
3381,1.31136,0.295773,-0.687355,-0.663371,0.452776,0.0600213,0.407578
3382,1.14241,0.459707,-0.584562,-0.668548,0.448148,0.0346586,0.40345
3383,0.955392,-0.0262138,0.99193,0.124047,0.44642,0.017404,0.401974
3384,1.24088,0.535901,-0.668843,-0.515227,0.44642,-0.017404,0.401974
3385,1.05186,-0.153398,0.98069,-0.12131,0.448148,-0.0346586,0.40345
3386,0.864438,-0.370455,0.926759,-0.0622928,0.452776,-0.0600213,0.407578
3387,1.47728,0.64579,-0.747402,-0.156031,0.462549,-0.0921786,0.416613
3388,0.000796248,0.411834,0.386206,-0.825371,0.472592,-0.114501,0.42569
3389,0.811391,-0.655719,0.721578,-0.222167,0.480648,-0.128309,0.43257
3390,0.850491,-0.706895,0.637744,-0.305912,0.494072,-0.147171,0.444628
3391,0.851628,-0.768887,0.535877,-0.348782,0.509207,-0.163515,0.458232
3392,1.00401,-0.740455,0.438908,-0.509006,0.525794,-0.177061,0.473147
3393,1.13087,0.967652,-0.208659,-0.141811,0.54939,-0.190381,0.494958
3394,1.08767,-0.766383,0.194758,-0.612149,0.562173,-0.194885,0.505876
3395,0.995548,-0.839754,0.0644909,-0.539123,0.581341,-0.198859,0.523129
3396,0.000866513,-0.906207,-0.0248685,0.422103,0.600728,-0.199429,0.540585
3397,1.26224,-0.671499,-0.194779,-0.714947,0.620002,-0.196587,0.557944
3398,0.257255,-0.957311,-0.188178,0.21942,0.638832,-0.190381,0.57491
3399,0.400921,-0.945653,-0.304788,0.113332,0.656897,-0.180919,0.591192
3400,1.54741,0.816179,0.517448,0.257098,0.679015,-0.163515,0.611637
3401,0.0015136,-0.825413,-0.222972,0.518629,0.689514,-0.152921,0.620604
3402,1.53473,0.698164,0.700307,0.148782,0.707573,-0.128309,0.637298
3403,1.43496,-0.267567,-0.81572,-0.512844,0.715629,-0.114501,0.644179
3404,0.729726,0.751649,0.350749,-0.558569,0.728399,-0.0843573,0.655982
3405,0.267536,-0.694841,-0.528799,0.48741,0.733464,-0.0682786,0.660307
3406,0.153015,-0.668959,-0.44935,0.592096,0.738871,-0.0432113,0.665215
3407,0.674608,0.653584,0.344723,-0.673791,0.742205,-0.00870199,0.668297
3408,0.0347038,-0.562232,-0.34833,0.750041,0.792351,0.00870199,0.608004
3409,0.529778,0.574452,0.201482,-0.793354,0.788786,0.0432113,0.605194
3410,0.344399,0.614083,0.018449,-0.789026,0.78301,0.0682786,0.600726
3411,0.424446,-0.214753,-0.613042,0.760303,0.777622,0.0843573,0.596811
3412,0.410156,0.583182,0.0648645,-0.809747,0.763965,0.114501,0.586045
3413,0.950807,0.208153,0.433099,-0.876982,0.751022,0.134865,0.576083
3414,0.776426,0.26138,-0.593617,0.761117,0.741066,0.147171,0.56885
3415,0.493408,0.519801,0.0791972,-0.850608,0.719397,0.168359,0.551768
3416,0.427947,0.568851,0.0306334,-0.82187,0.701257,0.180919,0.53783
3417,0.378191,0.611309,0.00335675,-0.791385,0.68197,0.190381,0.523015
3418,1.11344,-0.0578648,0.131009,-0.989691,0.661866,0.196587,0.507579
3419,0.534054,0.251014,-0.0522133,0.966574,0.647907,0.198859,0.497437
3420,1.5531,-0.464913,-0.0598536,-0.883331,0.620594,0.198859,0.475905
3421,0.882629,0.572507,0.187864,0.798087,0.606634,0.196587,0.465763
3422,0.808552,0.295752,-0.120389,-0.947648,0.580252,0.187579,0.444965
3423,1.27439,-0.10817,-0.328626,-0.938245,0.561296,0.177061,0.430435
3424,1.19015,0.0169612,-0.37481,-0.926947,0.54359,0.163515,0.416867
3425,1.12462,0.12516,-0.405648,-0.905419,0.527434,0.147171,0.404493
3426,0.965746,0.301057,-0.3554,-0.884905,0.513105,0.128309,0.393526
3427,0.779533,0.465063,-0.242454,-0.85143,0.50085,0.107251,0.384152
3428,0.265679,-0.210918,0.616702,0.758414,0.49381,0.0921786,0.379037
3429,0.0377751,0.666646,0.421605,-0.61468,0.483358,0.0600213,0.370797
3430,0.769715,-0.0348862,0.937807,0.345399,0.479714,0.0432113,0.368149
3431,1.16355,0.458803,-0.609628,-0.646416,0.476149,0.00870199,0.365338
3432,1.00033,-0.0908648,0.995813,0.00999559,0.476149,-0.00870199,0.365338
3433,1.40092,0.505916,-0.76649,-0.395654,0.479714,-0.0432113,0.368149
3434,0.540944,-0.530895,0.816756,0.225966,0.483358,-0.0600213,0.370797
3435,0.0731143,0.42416,0.365158,-0.828702,0.49381,-0.0921786,0.379037
3436,0.132783,0.431463,0.285897,-0.85563,0.504534,-0.114501,0.387298
3437,0.889352,-0.634175,0.735919,-0.237161,0.513105,-0.128309,0.393526
3438,0.944535,-0.683428,0.650746,-0.330842,0.527434,-0.147171,0.404493
3439,0.962934,-0.741966,0.548952,-0.384887,0.54359,-0.163515,0.416867
3440,0.891529,-0.831907,0.429735,-0.351082,0.561296,-0.177061,0.430435
3441,1.38974,-0.572129,0.31211,-0.758456,0.580252,-0.187579,0.444965
3442,1.40887,0.982963,-0.16392,0.0831536,0.606634,-0.196587,0.465763
3443,0.744212,-0.969508,0.0596272,-0.237695,0.620594,-0.198859,0.475905
3444,1.42766,0.98934,0.0564501,0.13424,0.647907,-0.198859,0.497437
3445,0.777608,-0.954541,-0.178629,-0.238629,0.661866,-0.196587,0.507579
3446,1.33333,-0.65685,-0.318902,-0.683264,0.68197,-0.190381,0.523015
3447,0.374987,0.63052,0.00721913,-0.776139,0.707203,-0.177061,0.542909
3448,0.11136,-0.845122,-0.247695,0.473726,0.719397,-0.168359,0.551768
3449,1.5517,0.771429,0.616725,0.156674,0.741066,-0.147171,0.56885
3450,1.43243,-0.385048,-0.737315,-0.555072,0.751022,-0.134865,0.576083
3451,0.417025,-0.750337,-0.56633,0.340976,0.763965,-0.114501,0.586045
3452,0.464268,0.660529,0.121861,-0.740845,0.777622,-0.0843573,0.596811
3453,0.471138,-0.613357,-0.676729,0.407224,0.78301,-0.0682786,0.600726
3454,0.139767,-0.622335,-0.437761,0.648895,0.788786,-0.0432113,0.605194
3455,0.652963,0.602151,0.324371,-0.729518,0.792351,-0.00870199,0.608004
3456,0.343159,-0.403614,-0.615765,0.676705,0.837611,0.00870199,0.543963
3457,0.639874,0.477379,0.305737,-0.823792,0.833837,0.0432113,0.54144
3458,0.330625,-0.277594,-0.577281,0.767911,0.829997,0.0600213,0.539087
3459,0.452982,0.505415,0.11182,-0.8556,0.818931,0.0921786,0.531692
3460,0.824878,0.199342,-0.761443,0.616821,0.811511,0.107251,0.527146
3461,0.378253,0.532612,0.0308763,-0.845796,0.793906,0.134865,0.515383
3462,0.978944,0.076058,0.391565,-0.917001,0.778109,0.152921,0.505099
3463,0.597853,0.237623,-0.451609,0.859991,0.766336,0.163515,0.497884
3464,1.26637,0.774613,-0.441959,0.45238,0.74762,0.177061,0.485748
3465,0.859817,0.554402,-0.302862,0.775186,0.727583,0.187579,0.47275
3466,1.3902,-0.397234,0.165587,-0.902655,0.699649,0.196587,0.454086
3467,0.621178,0.406942,-0.0554541,0.911769,0.684938,0.198859,0.44507
3468,1.44366,-0.437361,-0.0565935,-0.897504,0.65602,0.198859,0.425748
3469,0.641139,0.434042,0.169692,0.884767,0.641308,0.196587,0.416732
3470,1.13639,0.781978,0.321606,0.533929,0.620055,0.190381,0.40292
3471,1.21662,-0.128508,-0.310976,-0.94169,0.593338,0.177061,0.385069
3472,0.753381,0.323824,-0.16597,-0.931446,0.57462,0.163515,0.372932
3473,1.15369,0.029455,-0.420606,-0.906765,0.557543,0.147171,0.361864
3474,1.05088,0.166481,-0.410511,-0.896529,0.5424,0.128309,0.352054
3475,0.934792,0.372095,0.822023,0.431073,0.533366,0.114501,0.346519
3476,0.642532,0.0985969,0.81314,0.573656,0.522027,0.0921786,0.339124
3477,1.48884,0.0817461,-0.791537,-0.605629,0.51096,0.0600213,0.33173
3478,0.771874,-0.00650421,0.938447,0.345362,0.50712,0.0432113,0.329376
3479,0.539451,-0.231446,0.863462,0.448182,0.503807,0.017404,0.32719
3480,1.54716,0.327767,-0.860981,-0.388949,0.503807,-0.017404,0.32719
3481,1.32944,0.495843,-0.72083,-0.484298,0.50712,-0.0432113,0.329376
3482,0.618051,-0.483518,0.851253,0.203907,0.51096,-0.0600213,0.33173
3483,0.138512,0.393785,0.31085,-0.865047,0.522027,-0.0921786,0.339124
3484,1.42262,0.700736,-0.671056,-0.242185,0.533366,-0.114501,0.346519
3485,1.17055,-0.505773,0.750118,-0.426046,0.5424,-0.128309,0.352054
3486,0.956311,-0.701977,0.651974,-0.286631,0.557543,-0.147171,0.361864
3487,1.4229,-0.494484,0.530635,-0.688413,0.57462,-0.163515,0.372932
3488,0.984315,-0.819759,0.437712,-0.369329,0.593338,-0.177061,0.385069
3489,1.09332,0.923932,-0.199324,-0.326525,0.620055,-0.190381,0.40292
3490,0.0984605,0.276613,0.0602883,-0.959089,0.641308,-0.196587,0.416732
3491,1.13133,-0.850833,0.0654407,-0.521344,0.65602,-0.198859,0.425748
3492,1.42948,0.996714,0.0565074,0.0580413,0.684938,-0.198859,0.44507
3493,0.681943,-0.983002,-0.170295,-0.068604,0.699649,-0.196587,0.454086
3494,1.1553,0.949898,0.227907,-0.213896,0.727583,-0.187579,0.47275
3495,1.26657,0.929581,0.348877,-0.119009,0.74762,-0.177061,0.485748
3496,0.275239,0.502046,-0.0417845,-0.863831,0.766336,-0.163515,0.497884
3497,1.46318,-0.477931,-0.641334,-0.600228,0.778109,-0.152921,0.505099
3498,0.39988,-0.779653,-0.505528,0.369571,0.793906,-0.134865,0.515383
3499,0.00900775,0.380231,-0.264035,-0.886403,0.811511,-0.107251,0.527146
3500,0.213269,-0.665506,-0.462158,0.586099,0.818931,-0.0921786,0.531692
3501,0.501862,0.59391,0.166695,-0.787073,0.829997,-0.0600213,0.539087
3502,0.0270414,-0.577453,-0.336249,0.743966,0.833837,-0.0432113,0.54144
3503,0.339131,0.556438,0.0172168,-0.830711,0.837611,-0.00870199,0.543963
3504,0.414092,0.481312,0.0918814,-0.87172,0.877222,0.017404,0.47627
3505,0.341965,0.485273,0.0187124,-0.874162,0.873748,0.0432113,0.474349
3506,0.530997,-0.108677,-0.715159,0.690461,0.869735,0.0600213,0.472304
3507,0.440465,-0.0832587,-0.623447,0.77742,0.861411,0.0843573,0.467816
3508,1.04779,0.0508493,0.545713,-0.836428,0.846237,0.114501,0.459319
3509,0.596592,0.171622,-0.604592,0.777826,0.836797,0.128309,0.454509
3510,0.934159,0.0405096,0.367468,-0.929154,0.81534,0.152921,0.442492
3511,0.497879,0.221021,-0.416998,0.881625,0.803038,0.163515,0.436224
3512,0.930697,-0.0127126,0.239603,-0.970788,0.776758,0.180919,0.421507
3513,0.642328,0.439784,-0.27237,0.855806,0.762432,0.187579,0.414207
3514,0.996453,-0.0982136,0.113222,-0.988704,0.73312,0.196587,0.397792
3515,0.468828,0.338644,-0.0495227,0.93961,0.717745,0.198859,0.389958
3516,1.38526,-0.455385,-0.0545717,-0.88862,0.6874,0.198859,0.372964
3517,0.558124,0.430078,0.161115,0.888299,0.672027,0.196587,0.36513
3518,0.681207,0.263235,-0.0815276,-0.961281,0.642716,0.187579,0.348715
3519,1.4524,-0.406659,-0.375934,-0.832648,0.62172,0.177061,0.33733
3520,0.779244,0.519806,0.523783,0.674872,0.608292,0.168359,0.330487
3521,1.21597,-0.0925185,-0.451401,-0.887512,0.584217,0.147171,0.317004
3522,0.572359,0.252761,0.650867,0.715879,0.573252,0.134865,0.311417
3523,1.13581,0.0943646,-0.504707,-0.858118,0.554778,0.107251,0.301072
3524,0.27984,-0.0809452,0.625864,0.77572,0.547025,0.0921786,0.297122
3525,1.02055,0.284117,-0.471687,-0.834739,0.535412,0.0600213,0.290618
3526,0.637888,0.461492,-0.131043,-0.877412,0.529949,0.0346586,0.287684
3527,0.064541,-0.380316,0.539189,0.751422,0.527925,0.017404,0.286653
3528,0.432185,0.483034,0.0738945,-0.872478,0.527925,-0.017404,0.286653
3529,1.43345,0.0163094,0.915665,-0.401612,0.529949,-0.0346586,0.287684
3530,1.09724,-0.267648,0.946697,-0.179246,0.535412,-0.0600213,0.290618
3531,0.391752,0.447413,0.0901124,-0.889776,0.547025,-0.0921786,0.297122
3532,1.06182,-0.496658,0.831407,-0.249185,0.554778,-0.107251,0.301072
3533,0.0217201,0.18852,0.328398,-0.925535,0.573252,-0.134865,0.311417
3534,0.912629,-0.738366,0.646969,-0.190386,0.584217,-0.147171,0.317004
3535,1.34421,0.871442,-0.433383,-0.229711,0.608292,-0.168359,0.330487
3536,0.653618,-0.919576,0.392669,0.0138607,0.62172,-0.177061,0.33733
3537,1.45777,-0.636348,0.306094,-0.708073,0.642716,-0.187579,0.348715
3538,1.33855,0.977597,-0.15608,-0.141221,0.672027,-0.196587,0.36513
3539,1.1445,0.949206,-0.0443654,-0.311512,0.69482,-0.199429,0.37751
3540,1.41709,0.997888,0.0560917,-0.0327542,0.717745,-0.198859,0.389958
3541,1.00114,-0.933182,-0.19165,-0.304041,0.73312,-0.196587,0.397792
3542,1.45469,0.95861,0.284699,0.00367173,0.762432,-0.187579,0.414207
3543,1.16197,-0.805907,-0.442043,-0.393843,0.776758,-0.180919,0.421507
3544,0.205249,0.378523,-0.0804535,-0.922089,0.803038,-0.163515,0.436224
3545,1.34227,-0.595463,-0.655301,-0.464764,0.81534,-0.152921,0.442492
3546,0.19306,0.400967,-0.108038,-0.9097,0.836797,-0.128309,0.454509
3547,1.36025,-0.421654,-0.825539,-0.375091,0.846237,-0.114501,0.459319
3548,0.242349,0.45384,-0.0767372,-0.887773,0.861411,-0.0843573,0.467816
3549,0.151421,0.432898,-0.163479,-0.886495,0.869735,-0.0600213,0.472304
3550,0.242688,-0.503691,-0.525614,0.685584,0.873748,-0.0432113,0.474349
3551,0.24419,-0.442999,-0.535175,0.719263,0.877222,-0.017404,0.47627
3552,0.342151,0.417357,0.0202271,-0.908517,0.911886,0.017404,0.405975
3553,0.135237,-0.297205,-0.433778,0.850592,0.909787,0.0346586,0.405106
3554,0.617724,0.316623,0.27334,-0.908314,0.901613,0.0682786,0.401338
3555,0.130444,-0.197783,-0.396972,0.896267,0.895459,0.0843573,0.398789
3556,1.00562,0.0126855,0.518757,-0.854828,0.879667,0.114501,0.391508
3557,0.407882,0.0980815,-0.50995,0.854594,0.869879,0.128309,0.387454
3558,1.12949,0.638334,-0.656447,0.402004,0.853386,0.147171,0.380134
3559,1.12148,0.709926,-0.553152,0.435922,0.834789,0.163515,0.371874
3560,1.14661,0.785197,-0.441634,0.43408,0.814403,0.177061,0.362814
3561,1.1456,0.834433,-0.321101,0.447901,0.79258,0.187579,0.35311
3562,1.15791,0.875434,-0.195116,0.442206,0.769692,0.194885,0.342928
3563,0.772384,0.664367,-0.0600708,0.744989,0.746129,0.198859,0.332442
3564,1.38703,-0.525145,-0.0546347,-0.849257,0.714544,0.198859,0.317881
3565,0.843473,0.717157,0.185639,0.671732,0.698603,0.196587,0.311278
3566,0.693052,0.590069,0.289197,0.75378,0.675452,0.190381,0.300962
3567,1.36104,-0.397113,-0.353067,-0.847139,0.64627,0.177061,0.28751
3568,0.49018,0.362947,0.448992,0.816502,0.632346,0.168359,0.281742
3569,1.13693,0.69417,0.659345,0.288778,0.61313,0.152921,0.273166
3570,1.00773,0.558686,0.749095,0.355987,0.595919,0.134865,0.26548
3571,0.804406,0.238363,-0.262173,-0.93512,0.576691,0.107251,0.256616
3572,0.438538,0.0720443,0.719537,0.690707,0.568651,0.0921786,0.253286
3573,1.01156,0.221897,-0.464282,-0.857441,0.556564,0.0600213,0.247714
3574,0.453618,-0.0961641,0.80206,0.589451,0.552402,0.0432113,0.24599
3575,0.252774,-0.262894,0.68678,0.677658,0.548788,0.017404,0.244348
3576,0.0707481,0.354535,0.421009,-0.834899,0.548788,-0.017404,0.244348
3577,1.41162,0.397257,-0.772983,-0.494656,0.552402,-0.0432113,0.24599
3578,0.82473,-0.385161,0.918297,0.0915532,0.556564,-0.0600213,0.247714
3579,0.475869,0.411987,0.0148144,-0.911069,0.568651,-0.0921786,0.253286
3580,1.30477,-0.401954,0.812041,-0.42311,0.576691,-0.107251,0.256616
3581,1.03498,0.673041,-0.400401,-0.621848,0.595919,-0.134865,0.26548
3582,0.894427,0.666064,-0.276286,-0.692838,0.61313,-0.152921,0.273166
3583,1.55774,0.862429,-0.497298,-0.0943925,0.632346,-0.168359,0.281742
3584,0.675455,-0.915526,0.397042,0.0645677,0.64627,-0.177061,0.28751
3585,1.29509,0.927245,-0.245853,-0.282443,0.675452,-0.190381,0.300962
3586,0.991801,0.838013,-0.106902,-0.535075,0.698603,-0.196587,0.311278
3587,0.949508,0.830189,-0.0341895,-0.556432,0.722297,-0.199429,0.321832
3588,1.25192,0.9608,0.0497733,-0.272739,0.746129,-0.198859,0.332442
3589,0.892257,0.802732,0.0960674,-0.588551,0.769692,-0.194885,0.342928
3590,0.913607,0.804233,0.166978,-0.570375,0.79258,-0.187579,0.35311
3591,0.900567,0.7787,0.22827,-0.584396,0.814403,-0.177061,0.362814
3592,0.928797,0.763219,0.303844,-0.570242,0.834789,-0.163515,0.371874
3593,1.12346,0.777695,0.463953,-0.424191,0.853386,-0.147171,0.380134
3594,0.290128,0.39003,-0.0353892,-0.920122,0.869879,-0.128309,0.387454
3595,1.32384,-0.466853,-0.828654,-0.308838,0.879667,-0.114501,0.391508
3596,0.578533,0.505099,0.222393,-0.833916,0.895459,-0.0843573,0.398789
3597,0.0395518,-0.495145,-0.33756,0.800553,0.901613,-0.0682786,0.401338
3598,0.478178,0.440985,0.151711,-0.884599,0.909787,-0.0346586,0.405106
3599,0.299382,-0.374998,-0.580814,0.722517,0.911886,-0.017404,0.405975
3600,0.104589,-0.28973,-0.412771,0.863526,0.941454,0.00870199,0.333396
3601,0.781549,0.00766972,-0.876085,0.482096,0.938767,0.0346586,0.332476
3602,0.379902,0.329035,0.0520409,-0.942883,0.930322,0.0682786,0.32936
3603,0.0126672,-0.187668,-0.299706,0.935392,0.923987,0.0843573,0.327302
3604,0.84582,0.0454261,0.408723,-0.911527,0.907672,0.114501,0.321284
3605,0.416784,0.170968,-0.51485,0.840059,0.897596,0.128309,0.31801
3606,0.219233,0.430729,-0.0816409,-0.898781,0.874523,0.152921,0.309498
3607,0.24103,0.429231,-0.060725,-0.901151,0.854693,0.168359,0.302456
3608,0.192359,0.480602,-0.0732637,-0.873873,0.833133,0.180919,0.294805
3609,0.281255,0.421559,-0.0277834,-0.906375,0.810213,0.190381,0.286676
3610,0.662371,0.0738772,0.0548066,-0.99576,0.786323,0.196587,0.278208
3611,0.383316,0.405039,-0.0456827,0.913158,0.769912,0.198859,0.272876
3612,0.619973,0.133717,-0.0142778,-0.990917,0.737282,0.198859,0.260839
3613,0.670295,0.0999837,-0.0497921,-0.993742,0.71297,0.194885,0.252234
3614,0.326862,0.353846,0.219641,0.909148,0.696982,0.190381,0.247039
3615,0.897559,-0.0633226,-0.196489,-0.978459,0.666836,0.177061,0.235917
3616,0.245861,0.234423,0.356387,0.904453,0.652502,0.168359,0.23126
3617,0.421901,0.374253,0.0265903,-0.926945,0.626615,0.147171,0.22171
3618,0.634673,0.242438,-0.120632,-0.962638,0.609599,0.128309,0.215706
3619,0.189246,0.0540604,0.518381,0.853439,0.599523,0.114501,0.212432
3620,0.44744,0.364407,0.0402947,-0.930367,0.583207,0.0843573,0.206414
3621,0.312386,0.396067,0.175868,-0.901222,0.574284,0.0600213,0.203283
3622,0.389011,0.364807,0.112427,-0.924271,0.568428,0.0346586,0.20124
3623,0.205425,-0.222062,0.651756,0.725191,0.566267,0.017404,0.200538
3624,0.719218,0.351252,-0.210848,-0.912231,0.566267,-0.017404,0.200538
3625,1.49802,-0.0215743,0.89106,-0.453373,0.568428,-0.0346586,0.20124
3626,1.53136,-0.116466,0.848685,-0.515916,0.574284,-0.0600213,0.203283
3627,0.00603128,0.112129,0.419274,-0.900908,0.586771,-0.0921786,0.20789
3628,0.0992409,0.125444,0.311931,-0.941787,0.599523,-0.114501,0.212432
3629,1.27454,-0.547582,0.7403,-0.390013,0.609599,-0.128309,0.215706
3630,1.54075,-0.495353,0.598966,-0.629178,0.626615,-0.147171,0.22171
3631,0.144844,0.0956929,0.167077,-0.981289,0.652502,-0.168359,0.23126
3632,1.07263,-0.860699,0.441804,-0.252995,0.666836,-0.177061,0.235917
3633,0.11337,0.0571587,0.0985794,-0.993486,0.696982,-0.190381,0.247039
3634,1.35033,-0.83722,0.191646,-0.512186,0.71297,-0.194885,0.252234
3635,0.0323761,-0.706705,0.0274568,0.706975,0.737282,-0.198859,0.260839
3636,0.201981,0.166341,-0.0121546,-0.985993,0.769912,-0.198859,0.272876
3637,1.43624,-0.809686,-0.189483,-0.555431,0.786323,-0.196587,0.278208
3638,0.207452,-0.773679,-0.174966,0.60894,0.810213,-0.190381,0.286676
3639,0.283466,-0.781026,-0.265073,0.565451,0.833133,-0.180919,0.294805
3640,0.21663,-0.710892,-0.298608,0.636762,0.854693,-0.168359,0.302456
3641,0.23379,-0.674792,-0.359889,0.64431,0.874523,-0.152921,0.309498
3642,0.0445075,0.152987,-0.217009,-0.964107,0.897596,-0.128309,0.31801
3643,1.56828,-0.380893,-0.786922,-0.485463,0.907672,-0.114501,0.321284
3644,0.489669,0.40836,0.144383,-0.90133,0.923987,-0.0843573,0.327302
3645,0.0866136,-0.437787,-0.378812,0.81538,0.930322,-0.0682786,0.32936
3646,0.0184385,0.275394,-0.294014,-0.915267,0.938767,-0.0346586,0.332476
3647,0.250021,0.34081,-0.0716413,-0.937399,0.941454,-0.00870199,0.333396
3648,0.187478,-0.206313,-0.486569,0.848932,0.96471,0.00870199,0.258503
3649,0.624102,0.203551,0.290998,-0.934819,0.960341,0.0432113,0.25727
3650,0.594952,0.0815025,-0.753356,0.652542,0.955961,0.0600213,0.256219
3651,0.512126,0.135646,-0.668035,0.731662,0.946819,0.0843573,0.253798
3652,0.116267,0.379586,-0.178089,-0.907854,0.930082,0.114501,0.249078
3653,0.237514,0.333226,-0.0748497,-0.939871,0.914311,0.134865,0.244828
3654,0.563167,0.402206,-0.519338,0.754001,0.902345,0.147171,0.241955
3655,1.04161,0.739095,-0.546983,0.393126,0.882684,0.163515,0.236706
3656,1.03189,0.800392,-0.435447,0.412018,0.861133,0.177061,0.230946
3657,0.69907,0.666934,-0.281634,0.689841,0.838061,0.187579,0.224776
3658,1.1471,0.930485,-0.195034,0.310097,0.813861,0.194885,0.2183
3659,0.940568,0.867556,-0.0635887,0.493257,0.788949,0.198859,0.211628
3660,0.890299,0.84782,0.062935,0.526535,0.76375,0.199429,0.204877
3661,1.03528,0.903448,0.193761,0.382411,0.738697,0.196587,0.19816
3662,0.880523,0.808219,0.310368,0.500453,0.714216,0.190381,0.191593
3663,0.842822,0.749187,0.424081,0.508797,0.690729,0.180919,0.185288
3664,0.761056,0.65338,0.520292,0.549901,0.668636,0.168359,0.179353
3665,0.675789,0.542867,0.598786,0.588855,0.648314,0.152921,0.173889
3666,0.814139,0.533216,0.722186,0.440599,0.630112,0.134865,0.16899
3667,0.669015,0.378225,0.760018,0.528506,0.614342,0.114501,0.16474
3668,0.699345,0.294731,0.833351,0.467611,0.601273,0.0921786,0.161211
3669,0.883115,0.252856,0.93021,0.266032,0.591128,0.0682786,0.158465
3670,0.389996,-0.0237809,0.764564,0.64411,0.584083,0.0432113,0.156547
3671,0.836245,0.236424,-0.323275,-0.916295,0.579714,0.00870199,0.155315
3672,0.0702116,-0.261862,0.543957,0.797207,0.579714,-0.00870199,0.155315
3673,0.0781871,0.169723,0.405043,-0.898406,0.584083,-0.0432113,0.156547
3674,1.27971,0.410464,-0.666363,-0.622478,0.591128,-0.0682786,0.158465
3675,1.39944,0.502274,-0.706593,-0.498444,0.601273,-0.0921786,0.161211
3676,1.21382,0.558724,-0.554653,-0.616594,0.614342,-0.114501,0.16474
3677,1.06331,0.578337,-0.418296,-0.700397,0.630112,-0.134865,0.16899
3678,1.22538,0.696175,-0.455909,-0.554515,0.648314,-0.152921,0.173889
3679,1.17507,0.733705,-0.368566,-0.570821,0.668636,-0.168359,0.179353
3680,1.14094,0.765227,-0.28627,-0.576608,0.690729,-0.180919,0.185288
3681,1.1134,0.788645,-0.204357,-0.579894,0.714216,-0.190381,0.191593
3682,1.04172,0.775048,-0.114922,-0.621365,0.738697,-0.196587,0.19816
3683,1.22391,0.889052,-0.0480474,-0.455278,0.76375,-0.199429,0.204877
3684,1.10454,0.835106,0.0429808,-0.548407,0.788949,-0.198859,0.211628
3685,0.88672,0.696961,0.0951286,-0.710771,0.813861,-0.194885,0.2183
3686,1.35013,0.908714,0.267529,-0.320416,0.838061,-0.187579,0.224776
3687,0.985296,0.725986,0.259572,-0.636841,0.861133,-0.177061,0.230946
3688,0.953931,0.677532,0.315421,-0.664425,0.882684,-0.163515,0.236706
3689,1.36979,0.759411,0.564278,-0.32386,0.902345,-0.147171,0.241955
3690,0.0314785,-0.481795,-0.271048,0.833311,0.914311,-0.134865,0.244828
3691,1.57016,0.593801,0.786041,-0.171873,0.934689,-0.107251,0.250575
3692,1.54859,0.49269,0.842581,-0.217518,0.946819,-0.0843573,0.253798
3693,1.21472,0.411112,0.73576,-0.538186,0.955961,-0.0600213,0.256219
3694,1.4355,0.288325,0.879659,-0.378244,0.961959,-0.0346586,0.257796
3695,0.0979129,0.250695,-0.221619,-0.942357,0.96471,-0.00870199,0.258503
3696,0.33584,0.194177,0.0139341,-0.980868,0.981463,0.017404,0.181883
3697,1.49018,-0.099227,0.90205,-0.420071,0.977566,0.0432113,0.18113
3698,0.633929,0.0900371,0.288001,-0.953388,0.970391,0.0682786,0.179771
3699,0.455592,0.167762,-0.633142,0.755637,0.963813,0.0843573,0.178729
3700,0.679816,0.358305,-0.70511,0.611913,0.951469,0.107251,0.176468
3701,0.401588,0.291052,-0.506458,0.811658,0.936293,0.128309,0.17368
3702,0.346051,0.193076,0.00180212,-0.981182,0.912172,0.152921,0.168882
3703,0.196583,0.317788,-0.085211,-0.944325,0.891485,0.168359,0.165029
3704,0.399554,0.158966,0.018086,-0.987118,0.868993,0.180919,0.160845
3705,0.11151,0.255147,-0.148308,0.95546,0.853112,0.187579,0.15833
3706,0.177437,0.382618,-0.0388574,-0.923089,0.820163,0.196587,0.151776
3707,0.0548671,0.504958,-0.0214563,-0.862877,0.794659,0.199429,0.147045
3708,0.072336,0.499874,0.0210913,-0.865841,0.769009,0.198859,0.142291
3709,0.105926,0.476184,0.0589,-0.877371,0.74365,0.194885,0.137595
3710,0.184818,0.41031,0.0764741,-0.908734,0.719017,0.187579,0.133039
3711,1.55071,-0.702768,-0.397045,-0.590315,0.695532,0.177061,0.128697
3712,1.50451,-0.612647,-0.483379,-0.625306,0.673596,0.163515,0.124647
3713,1.53844,-0.55624,-0.580533,-0.594625,0.653583,0.147171,0.120956
3714,1.53725,-0.470274,-0.657475,-0.588702,0.635838,0.128309,0.117689
3715,1.42925,-0.327391,-0.674312,-0.661905,0.620662,0.107251,0.1149
3716,0.437869,0.218405,0.0488623,-0.974634,0.608318,0.0843573,0.112639
3717,0.685844,0.133245,-0.175759,-0.975374,0.599014,0.0600213,0.110943
3718,0.166704,-0.0340514,0.609521,0.792038,0.594565,0.0432113,0.110238
3719,0.562803,0.191128,-0.0563496,-0.979946,0.590112,0.00870199,0.109352
3720,0.226204,-0.187944,0.667302,0.720684,0.590112,-0.00870199,0.109352
3721,0.540817,0.202034,-0.0362218,-0.978708,0.594565,-0.0432113,0.110238
3722,1.311,-0.259813,0.920002,-0.293419,0.599014,-0.0600213,0.110943
3723,0.436793,-0.464042,0.718618,0.517931,0.608318,-0.0843573,0.112639
3724,0.412259,-0.547143,0.649373,0.528157,0.620662,-0.107251,0.1149
3725,0.297101,-0.59022,0.523935,0.614111,0.635838,-0.128309,0.117689
3726,0.327057,-0.660712,0.468215,0.586715,0.653583,-0.147171,0.120956
3727,0.423203,-0.750209,0.426056,0.505631,0.673596,-0.163515,0.124647
3728,0.402582,-0.785194,0.329635,0.524223,0.695532,-0.177061,0.128697
3729,0.382271,-0.805722,0.232316,0.544831,0.719017,-0.187579,0.133039
3730,0.166245,-0.689371,0.106774,0.716497,0.74365,-0.194885,0.137595
3731,0.660998,-0.949506,0.0571699,0.308495,0.769009,-0.198859,0.142291
3732,0.369444,-0.814545,-0.0450273,0.578351,0.794659,-0.199429,0.147045
3733,0.238063,-0.714897,-0.112786,0.690073,0.820163,-0.196587,0.151776
3734,0.323455,0.153751,-0.0142437,-0.988007,0.853112,-0.187579,0.15833
3735,0.0269419,-0.511557,-0.166466,0.84297,0.868993,-0.180919,0.160845
3736,0.226187,-0.608089,-0.303079,0.733738,0.891485,-0.168359,0.165029
3737,0.0628823,-0.470484,-0.26063,0.843041,0.912172,-0.152921,0.168882
3738,0.133203,0.0600952,-0.152371,-0.986495,0.936293,-0.128309,0.17368
3739,1.3981,0.57105,0.727931,-0.379498,0.951469,-0.107251,0.176468
3740,0.513019,0.271515,0.165026,-0.94818,0.963813,-0.0843573,0.178729
3741,0.0445109,-0.295698,-0.341941,0.891986,0.970391,-0.0682786,0.179771
3742,0.738951,-0.26201,-0.856502,0.444697,0.977566,-0.0432113,0.18113
3743,0.32679,-0.194181,-0.602833,0.773878,0.981463,-0.017404,0.181883
3744,0.603288,0.094893,0.277118,-0.956139,0.992709,0.017404,0.104317
3745,0.131183,-0.0207208,-0.430201,0.902495,0.990444,0.0346586,0.104139
3746,0.375632,0.10121,0.0480014,-0.993706,0.981505,0.0682786,0.10308
3747,1.37278,-0.320626,0.775741,-0.543529,0.971055,0.0921786,0.101955
3748,0.0883827,0.247102,-0.200663,-0.947985,0.957595,0.114501,0.100514
3749,0.233974,0.254934,-0.406607,0.877314,0.947034,0.128309,0.0996832
3750,0.0872718,0.302751,-0.167058,-0.938314,0.922611,0.152921,0.0967926
3751,0.0209973,0.378302,-0.179853,-0.908042,0.901685,0.168359,0.0945752
3752,1.40902,-0.714155,0.383983,-0.585269,0.878934,0.180919,0.0921686
3753,1.35267,-0.718493,0.267987,-0.641834,0.854749,0.190381,0.0896152
3754,1.48519,-0.818708,0.17465,-0.547005,0.829543,0.196587,0.0869586
3755,1.50854,-0.840672,0.0589469,-0.538326,0.803747,0.199429,0.0842439
3756,1.53719,-0.849723,-0.0594202,-0.523871,0.777802,0.198859,0.0815173
3757,0.00215651,0.496204,0.077866,-0.864707,0.752153,0.194885,0.0788253
3758,0.876409,-0.304524,-0.140317,-0.942113,0.727239,0.187579,0.0762146
3759,0.452941,0.618347,0.344087,0.706577,0.711209,0.180919,0.0749533
3760,0.675031,0.694253,0.501564,0.516184,0.68846,0.168359,0.0725473
3761,0.414522,0.498563,0.507017,0.703113,0.667534,0.152921,0.0703299
3762,0.777755,0.584441,0.714053,0.38543,0.64879,0.134865,0.0683379
3763,0.400113,0.351829,0.643017,0.680254,0.632549,0.114501,0.0666073
3764,0.381805,0.165254,0.0989829,-0.981271,0.61528,0.0843573,0.0645633
3765,0.0846884,0.236051,0.381364,-0.893779,0.605872,0.0600213,0.0636026
3766,0.597446,0.0989144,-0.0916292,-0.990868,0.599701,0.0346586,0.0629826
3767,1.3813,0.0982876,0.948198,-0.302093,0.597436,0.017404,0.0628046
3768,0.319949,0.103452,0.184898,-0.977297,0.597436,-0.017404,0.0628046
3769,0.500254,0.116826,0.00355183,-0.993146,0.601381,-0.0432113,0.0632493
3770,1.31694,-0.280931,0.918643,-0.2778,0.605872,-0.0600213,0.0636026
3771,1.52878,0.437571,-0.771965,-0.461088,0.619089,-0.0921786,0.0651666
3772,1.4039,0.509968,-0.661761,-0.549549,0.632549,-0.114501,0.0666073
3773,1.09017,0.474352,-0.434918,-0.7654,0.64879,-0.134865,0.0683379
3774,1.50308,0.70342,-0.569137,-0.425774,0.667534,-0.152921,0.0703299
3775,1.45075,0.758365,-0.467904,-0.453816,0.68846,-0.168359,0.0725473
3776,1.28884,0.747209,-0.332899,-0.575202,0.711209,-0.180919,0.0749533
3777,1.52625,0.891757,-0.286807,-0.350017,0.735395,-0.190381,0.0775059
3778,1.48586,-0.884409,0.184879,-0.428533,0.752153,-0.194885,0.0788253
3779,0.450809,0.167482,-0.00330974,-0.98587,0.786397,-0.199429,0.0828786
3780,0.133995,-0.596496,-0.0326914,0.80195,0.803747,-0.199429,0.0842439
3781,0.432197,-0.786458,-0.141408,0.601239,0.829543,-0.196587,0.0869586
3782,0.61503,-0.847577,-0.267604,0.45826,0.854749,-0.190381,0.0896152
3783,0.573713,-0.785166,-0.355412,0.507146,0.878934,-0.180919,0.0921686
3784,0.401336,-0.64964,-0.379643,0.658664,0.901685,-0.168359,0.0945752
3785,0.333361,-0.559063,-0.413043,0.718919,0.922611,-0.152921,0.0967926
3786,0.175474,0.0106242,-0.121106,-0.992583,0.947034,-0.128309,0.0996832
3787,0.275348,-0.411215,-0.47468,0.778191,0.957595,-0.114501,0.100514
3788,0.497612,0.189942,0.151412,-0.97005,0.974865,-0.0843573,0.102557
3789,1.39654,-0.297769,-0.936266,-0.186384,0.981505,-0.0682786,0.10308
3790,0.4179,0.135383,0.0930621,-0.986413,0.990444,-0.0346586,0.104139
3791,1.52471,-0.0304532,-0.960151,-0.277817,0.992709,-0.017404,0.104317
3792,0.218393,0.0457822,-0.103083,-0.993619,0.997833,0.017404,0.026108
3793,0.243794,0.0714704,-0.526533,0.847146,0.995561,0.0346586,0.026108
3794,0.589953,-0.0461752,0.248067,-0.967642,0.986566,0.0682786,0.0257546
3795,0.37187,0.254475,-0.577775,0.775512,0.979906,0.0843573,0.0257546
3796,0.546233,0.401973,-0.640104,0.65474,0.967359,0.107251,0.025452
3797,0.483492,-0.0571597,0.109648,-0.992326,0.946203,0.134865,0.0246213
3798,0.366715,0.459813,-0.429963,0.776984,0.933897,0.147171,0.0246213
3799,0.717558,0.708931,-0.487078,0.510071,0.913553,0.163515,0.0241066
3800,0.747272,0.783349,-0.395621,0.479424,0.891253,0.177061,0.023538
3801,0.664212,0.79193,-0.276056,0.544647,0.867377,0.187579,0.022924
3802,0.642345,0.814587,-0.166385,0.555666,0.842335,0.194885,0.022276
3803,0.635015,0.831099,-0.0559289,0.553305,0.816554,0.198859,0.0216053
3804,0.682936,0.862478,0.0578556,0.502777,0.790475,0.199429,0.0209226
3805,0.651638,0.837758,0.170705,0.518673,0.764545,0.196587,0.02024
3806,0.332157,0.126731,0.0297814,-0.99149,0.730977,0.187579,0.0189206
3807,1.33054,-0.673314,-0.34474,-0.654066,0.707101,0.177061,0.0183073
3808,0.487667,0.00807269,-0.0208662,-0.99975,0.684801,0.163515,0.0177386
3809,0.0141165,0.309478,0.302448,0.901526,0.670994,0.152921,0.0177386
3810,0.343864,0.124112,0.0972708,-0.987489,0.64642,0.128309,0.0167726
3811,0.18687,0.314027,0.516837,0.796409,0.635826,0.114501,0.0167726
3812,0.556511,0.363307,0.777583,0.513199,0.622294,0.0921786,0.0163926
3813,0.566709,0.261901,0.828839,0.494402,0.611789,0.0682786,0.01609
3814,0.676731,0.00519299,-0.168691,-0.985655,0.602794,0.0346586,0.0157366
3815,1.26329,0.0718089,0.978205,-0.194828,0.600522,0.017404,0.0157366
3816,0.469731,0.0368676,0.0364926,-0.998654,0.600522,-0.017404,0.0157366
3817,1.52743,0.1868,-0.837572,-0.513399,0.60449,-0.0432113,0.01587
3818,1.36822,0.270444,-0.723258,-0.635419,0.611789,-0.0682786,0.01609
3819,1.44613,0.382982,-0.731579,-0.564018,0.622294,-0.0921786,0.0163926
3820,0.133926,-0.153241,0.285012,-0.946195,0.635826,-0.114501,0.0167726
3821,1.54009,-0.578149,0.679578,-0.451572,0.64642,-0.128309,0.0167726
3822,1.52987,0.676906,-0.57784,-0.455961,0.670994,-0.152921,0.0177386
3823,0.159955,-0.200039,0.159042,-0.966794,0.69203,-0.168359,0.0183073
3824,0.1454,-0.52607,0.243659,0.814789,0.707101,-0.177061,0.0183073
3825,0.365108,-0.699741,0.228469,0.676879,0.730977,-0.187579,0.0189206
3826,1.49548,0.884151,-0.172485,-0.434195,0.764545,-0.196587,0.02024
3827,1.40181,0.861024,-0.0551623,-0.505565,0.790475,-0.199429,0.0209226
3828,1.31932,0.82314,0.0525229,-0.565404,0.816554,-0.198859,0.0216053
3829,1.36328,0.838561,0.162746,-0.519932,0.842335,-0.194885,0.022276
3830,1.36974,0.818307,0.270986,-0.506893,0.867377,-0.187579,0.022924
3831,1.28402,0.739401,0.353558,-0.57296,0.891253,-0.177061,0.023538
3832,1.31211,0.703691,0.455875,-0.544974,0.913553,-0.163515,0.0241066
3833,0.103018,-0.140623,-0.156984,-0.977538,0.933897,-0.147171,0.0246213
3834,1.56352,-0.610274,-0.711571,-0.348185,0.946203,-0.134865,0.0246213
3835,0.161337,-0.0555846,-0.14131,-0.988404,0.967359,-0.107251,0.025452
3836,0.323741,0.0373798,-0.00382476,-0.999294,0.979906,-0.0843573,0.0257546
3837,1.51234,-0.299272,-0.913596,-0.27528,0.986566,-0.0682786,0.0257546
3838,0.259934,0.0269095,-0.0617028,-0.997732,0.995561,-0.0346586,0.026108
3839,0.290181,-0.0696588,-0.573328,0.816359,0.997833,-0.017404,0.026108
3840,0.525434,0.0667216,-0.500515,0.863153,0.997833,0.017404,-0.026108
3841,1.3707,0.00178218,-0.202302,-0.979322,0.995561,0.0346586,-0.026108
3842,1.40161,0.0194344,-0.171224,-0.98504,0.989361,0.0600213,-0.0259747
3843,0.946411,0.232949,-0.536942,-0.810819,0.979906,0.0843573,-0.0257547
3844,1.03538,0.260099,-0.439818,-0.859598,0.967359,0.107251,-0.025452
3845,1.3702,0.109622,-0.168886,-0.979521,0.951935,0.128309,-0.025072
3846,0.959276,0.417686,-0.394454,-0.818501,0.933897,0.147171,-0.0246213
3847,1.04417,0.407434,-0.294929,-0.8643,0.913553,0.163515,-0.0241067
3848,1.12928,0.376288,-0.203092,-0.90397,0.891253,0.177061,-0.023538
3849,1.03591,0.479206,-0.174122,-0.860258,0.867377,0.187579,-0.022924
3850,1.01433,0.516766,-0.109434,-0.849104,0.842335,0.194885,-0.022276
3851,0.962321,0.570254,-0.0395119,-0.820518,0.816554,0.198859,-0.0216053
3852,1.09632,0.455743,0.0321789,-0.889529,0.790475,0.199429,-0.0209227
3853,1.24283,0.314508,0.0699632,-0.946673,0.764545,0.196587,-0.02024
3854,1.48844,0.0738568,0.0383543,-0.996531,0.739209,0.190381,-0.0195687
3855,0.444106,0.420435,0.190159,0.887172,0.707101,0.177061,-0.0183073
3856,0.0843861,0.827493,0.555117,-0.0842659,0.69203,0.168359,-0.0183073
3857,1.03107,0.371736,0.355525,-0.857563,0.670994,0.152921,-0.017738
3858,0.404857,0.295481,0.296256,0.908253,0.64642,0.128309,-0.0167727
3859,1.20206,0.174907,0.316619,-0.932287,0.635826,0.114501,-0.0167727
3860,0.984569,0.218364,0.509151,-0.832516,0.622294,0.0921786,-0.0163927
3861,1.03298,0.134415,0.495339,-0.858238,0.611789,0.0682786,-0.01609
3862,1.39477,-0.00304519,0.179153,-0.983816,0.60449,0.0432113,-0.01587
3863,0.212146,0.0521449,0.210107,0.976287,0.599954,0.00870199,-0.015692
3864,0.277979,-0.0736557,0.958847,-0.274202,0.599954,-0.00870199,-0.015692
3865,0.966357,-0.137962,0.807032,0.574165,0.60449,-0.0432113,-0.01587
3866,0.926252,-0.232966,0.75702,0.610449,0.611789,-0.0682786,-0.01609
3867,0.866948,-0.311301,0.683831,0.659899,0.622294,-0.0921786,-0.0163927
3868,0.613923,-0.287524,0.479108,0.829328,0.635826,-0.114501,-0.0167727
3869,1.368,-0.154544,0.132353,-0.979081,0.64642,-0.128309,-0.0167727
3870,0.759065,-0.488405,0.453957,0.745241,0.670994,-0.152921,-0.017738
3871,0.564302,-0.41107,0.297289,0.861766,0.69203,-0.168359,-0.0183073
3872,1.24248,-0.296466,0.127871,-0.946444,0.707101,-0.177061,-0.0183073
3873,1.06257,-0.464359,0.145952,-0.873538,0.730977,-0.187579,-0.0189207
3874,0.833287,-0.698938,0.144511,0.700431,0.764545,-0.196587,-0.02024
3875,0.932623,-0.777457,0.0525994,0.626733,0.790475,-0.199429,-0.0209227
3876,1.03336,-0.836407,-0.0562561,0.545214,0.816554,-0.198859,-0.0216053
3877,1.02601,-0.817782,-0.166982,0.550772,0.842335,-0.194885,-0.022276
3878,1.03118,-0.791524,-0.275927,0.545302,0.867377,-0.187579,-0.022924
3879,0.912215,-0.684615,-0.350026,0.639362,0.891253,-0.177061,-0.023538
3880,0.985359,-0.670611,-0.463293,0.579344,0.913553,-0.163515,-0.0241067
3881,1.08487,-0.645775,-0.583236,0.492758,0.933897,-0.147171,-0.0246213
3882,0.724579,-0.407086,-0.498528,0.765344,0.951935,-0.128309,-0.025072
3883,1.26108,-0.516475,-0.792101,0.325316,0.967359,-0.107251,-0.025452
3884,1.31188,-0.416924,-0.867097,0.272613,0.979906,-0.0843573,-0.0257547
3885,0.676252,-0.170263,-0.592714,0.787211,0.989361,-0.0600213,-0.0259747
3886,0.709401,-0.0971178,-0.638881,0.763151,0.995561,-0.0346586,-0.026108
3887,0.206756,0.0719131,0.977145,0.200038,0.997376,-0.00870199,-0.0522613
3888,0.230953,0.129283,-0.228415,0.964942,0.992709,0.017404,-0.104317
3889,0.019683,0.192169,-0.980743,-0.0348354,0.990444,0.0346586,-0.104139
3890,0.433918,0.240766,-0.398144,0.885163,0.981505,0.0682786,-0.10308
3891,0.150149,0.419541,-0.889103,-0.182978,0.974865,0.0843573,-0.102557
3892,0.615287,0.414244,-0.480047,0.773276,0.957595,0.114501,-0.100513
3893,0.214801,0.620762,-0.73874,-0.262523,0.947034,0.128309,-0.0996826
3894,0.396348,0.396576,-0.25463,0.881981,0.922611,0.152921,-0.0967926
3895,0.0560767,0.822525,-0.555726,-0.12092,0.908846,0.163515,-0.0957093
3896,0.872064,0.757437,-0.338867,0.558084,0.878934,0.180919,-0.0921686
3897,1.05515,0.876001,-0.279804,0.39285,0.854749,0.190381,-0.0896153
3898,0.894612,0.83321,-0.15228,0.531575,0.829543,0.196587,-0.0869586
3899,0.564584,0.629522,-0.0350426,0.776192,0.803747,0.199429,-0.0842439
3900,0.0677463,0.987178,0.0654608,-0.145585,0.786397,0.199429,-0.0828786
3901,1.34981,0.136275,0.0500935,-0.989404,0.760601,0.196587,-0.0801633
3902,1.34173,0.134003,0.0846174,-0.987362,0.735395,0.190381,-0.077506
3903,0.847083,0.527534,0.30459,-0.793053,0.711209,0.180919,-0.0749526
3904,1.15717,0.250243,0.23988,-0.937996,0.68846,0.168359,-0.0725466
3905,1.19209,0.188474,0.26187,-0.946521,0.667534,0.152921,-0.0703293
3906,0.727358,0.424082,0.57452,-0.700058,0.64879,0.134865,-0.068338
3907,0.951073,0.235845,0.497691,-0.834674,0.632549,0.114501,-0.0666073
3908,0.993668,0.148458,0.502404,-0.851792,0.619089,0.0921786,-0.0651666
3909,1.10516,0.0424711,0.435832,-0.899025,0.60864,0.0682786,-0.0640406
3910,1.24182,-0.0469849,0.323994,-0.944892,0.601381,0.0432113,-0.0632486
3911,0.14147,0.12553,0.140697,0.982062,0.596872,0.00870199,-0.0627153
3912,0.0734948,-0.0736524,0.994976,-0.0678127,0.596872,-0.00870199,-0.0627153
3913,1.11224,-0.190132,0.427406,-0.88384,0.599701,-0.0346586,-0.0629826
3914,1.25367,-0.207779,0.28394,-0.936059,0.605872,-0.0600213,-0.063602
3915,0.756851,-0.215928,0.615933,0.757629,0.619089,-0.0921786,-0.0651666
3916,0.916863,-0.366187,0.660085,0.655892,0.632549,-0.114501,-0.0666073
3917,1.18778,-0.563124,0.697613,0.442975,0.64879,-0.134865,-0.068338
3918,0.775345,-0.438529,0.461706,0.771051,0.667534,-0.152921,-0.0703293
3919,0.830176,-0.529976,0.410237,0.74218,0.68846,-0.168359,-0.0725466
3920,0.977415,-0.672556,0.366953,0.642662,0.711209,-0.180919,-0.0749526
3921,0.751541,-0.556128,0.219578,0.801565,0.735395,-0.190381,-0.077506
3922,1.51324,-0.136093,0.0037225,-0.990689,0.752153,-0.194885,-0.0788253
3923,0.305521,-0.185957,0.019698,0.98236,0.786397,-0.199429,-0.0828786
3924,1.34537,-0.29899,-0.012126,-0.954179,0.803747,-0.199429,-0.0842439
3925,1.05412,-0.552485,-0.0898321,-0.828668,0.829543,-0.196587,-0.0869586
3926,1.02582,-0.559939,-0.156389,-0.81364,0.854749,-0.190381,-0.0896153
3927,1.16981,-0.428298,-0.158309,-0.889662,0.878934,-0.180919,-0.0921686
3928,0.41303,-0.223703,-0.223122,0.948775,0.908846,-0.163515,-0.0957093
3929,0.0252231,-0.751741,-0.658587,0.0338986,0.922611,-0.152921,-0.0967926
3930,0.280865,-0.0684707,-0.208476,0.975628,0.947034,-0.128309,-0.0996826
3931,1.36675,-0.215519,-0.150718,-0.964798,0.957595,-0.114501,-0.100513
3932,1.16611,-0.274617,-0.338821,-0.899881,0.971055,-0.0921786,-0.101955
3933,1.32709,-0.187477,-0.216902,-0.958022,0.981505,-0.0682786,-0.10308
3934,0.520662,0.00566459,-0.48791,0.872875,0.990444,-0.0346586,-0.104139
3935,0.306475,-0.0975844,-0.950608,-0.294657,0.992709,-0.017404,-0.104317
3936,0.674638,0.192381,-0.62328,0.757965,0.981463,0.017404,-0.181883
3937,1.06909,0.261443,-0.859946,0.438338,0.977566,0.0432113,-0.18113
3938,0.356774,0.292849,-0.330742,0.897134,0.970391,0.0682786,-0.179771
3939,0.139595,0.406485,-0.890341,-0.205094,0.963813,0.0843573,-0.178729
3940,1.06742,0.104218,-0.416908,-0.902954,0.951469,0.107251,-0.176467
3941,1.50373,-0.134252,-0.0698186,-0.988485,0.936293,0.128309,-0.173679
3942,0.508741,0.52945,-0.321271,0.785154,0.912173,0.152921,-0.168881
3943,1.02509,0.798151,-0.475134,0.370409,0.891485,0.168359,-0.165029
3944,0.315627,0.458445,-0.13738,0.878041,0.868993,0.180919,-0.160845
3945,0.100231,0.914552,-0.320982,-0.246102,0.853112,0.187579,-0.15833
3946,0.781529,0.816015,-0.137525,0.561432,0.820163,0.196587,-0.151776
3947,0.845348,0.861682,-0.0489997,0.505077,0.794659,0.199429,-0.147045
3948,1.03106,0.93981,0.0561802,0.337046,0.769009,0.198859,-0.142291
3949,1.05489,0.932958,0.169835,0.317404,0.74365,0.194885,-0.137595
3950,1.00509,0.888565,0.271511,0.369774,0.719017,0.187579,-0.133038
3951,0.865973,0.796317,0.337145,0.502207,0.695532,0.177061,-0.128697
3952,1.0741,0.809747,0.488697,0.324783,0.673596,0.163515,-0.124647
3953,1.02222,0.730752,0.562797,0.386343,0.653583,0.147171,-0.120956
3954,0.798687,0.599177,0.538854,0.592135,0.635838,0.128309,-0.117689
3955,0.765776,0.518113,0.576416,0.631904,0.620662,0.107251,-0.1149
3956,0.9063,0.461563,0.706158,0.536937,0.608318,0.0843573,-0.112639
3957,0.864373,0.36631,0.72037,0.588969,0.599014,0.0600213,-0.110942
3958,0.409319,0.25507,0.390351,0.884627,0.592911,0.0346586,-0.10984
3959,1.17206,-0.154539,0.389783,-0.907847,0.590667,0.017404,-0.109485
3960,1.2477,-0.205347,0.314393,-0.926817,0.590112,-0.00870199,-0.109352
3961,1.23188,-0.246671,0.318982,-0.915098,0.592911,-0.0346586,-0.10984
3962,1.28435,-0.273033,0.256097,-0.92729,0.599014,-0.0600213,-0.110942
3963,0.932531,-0.410868,0.52186,-0.747563,0.608318,-0.0843573,-0.112639
3964,1.12812,-0.40058,0.339771,-0.850936,0.620662,-0.107251,-0.1149
3965,1.13001,-0.439078,0.303179,-0.84575,0.635838,-0.128309,-0.117689
3966,1.0575,-0.515602,0.306808,-0.800015,0.653583,-0.147171,-0.120956
3967,0.987085,-0.593081,0.291032,-0.750703,0.673596,-0.163515,-0.124647
3968,1.05979,-0.57625,0.202733,-0.79173,0.695532,-0.177061,-0.128697
3969,1.04908,-0.605224,0.149817,-0.78183,0.719017,-0.187579,-0.133038
3970,1.34858,-0.367531,0.0356673,-0.929327,0.74365,-0.194885,-0.137595
3971,0.938652,-0.708695,0.036598,-0.704565,0.769009,-0.198859,-0.142291
3972,1.09152,-0.593447,-0.0279012,-0.80439,0.794659,-0.199429,-0.147045
3973,1.08191,-0.59436,-0.0849929,-0.799695,0.820163,-0.196587,-0.151776
3974,1.06064,-0.596675,-0.146499,-0.788997,0.845083,-0.190381,-0.156402
3975,1.3005,-0.394614,-0.103112,-0.913043,0.868993,-0.180919,-0.160845
3976,0.940864,-0.619827,-0.312596,-0.719791,0.891485,-0.168359,-0.165029
3977,1.52632,-0.206062,-0.00983655,-0.978489,0.912173,-0.152921,-0.168881
3978,0.623908,-0.219269,-0.439401,0.871119,0.936293,-0.128309,-0.173679
3979,1.03759,-0.369864,-0.7162,0.591826,0.951469,-0.107251,-0.176467
3980,0.82773,-0.187227,-0.660567,0.727047,0.963813,-0.0843573,-0.178729
3981,0.328768,-0.362201,-0.892352,-0.269292,0.970391,-0.0682786,-0.179771
3982,1.08278,-0.261361,-0.453294,-0.852182,0.977566,-0.0432113,-0.18113
3983,1.47584,-0.200168,-0.0920013,-0.975432,0.981463,-0.017404,-0.181883
3984,1.35847,-0.251796,-0.212766,-0.944102,0.96471,0.00870199,-0.258502
3985,1.27989,-0.204245,-0.288479,-0.935449,0.961959,0.0346586,-0.257796
3986,0.733863,0.408644,-0.634243,0.656313,0.953295,0.0682786,-0.255352
3987,1.06868,0.503524,-0.786303,0.358037,0.943151,0.0921786,-0.252606
3988,1.11978,0.599324,-0.748487,0.283863,0.930082,0.114501,-0.249078
3989,1.13387,0.689567,-0.681458,0.245179,0.914311,0.134865,-0.244828
3990,0.229271,0.428753,-0.149907,0.890898,0.89611,0.152921,-0.239928
3991,1.51808,-0.202296,-0.0473592,-0.978179,0.882684,0.163515,-0.236705
3992,0.244814,0.472532,-0.10728,0.87476,0.853695,0.180919,-0.228529
3993,0.151975,0.874218,-0.319503,-0.365598,0.838061,0.187579,-0.224776
3994,0.976997,0.338916,-0.115388,-0.933714,0.813861,0.194885,-0.2183
3995,0.847035,0.467488,-0.0452584,-0.88284,0.788949,0.198859,-0.211629
3996,1.16568,0.167716,0.0281488,-0.985433,0.763751,0.199429,-0.204877
3997,0.238129,0.486417,0.046054,0.872512,0.730563,0.194885,-0.195517
3998,1.43926,-0.114519,0.0540117,-0.991952,0.714217,0.190381,-0.191593
3999,0.563097,0.69024,0.23627,0.683919,0.683291,0.177061,-0.182871
4000,0.567443,0.658927,0.298753,0.690335,0.66174,0.163515,-0.177112
4001,0.151022,0.685165,0.654733,-0.319175,0.648314,0.152921,-0.173889
4002,0.714187,0.620575,0.492644,0.610072,0.624644,0.128309,-0.167213
4003,0.668608,0.544294,0.515528,0.661797,0.609734,0.107251,-0.163243
4004,0.350176,0.400928,0.30774,0.862875,0.597604,0.0843573,-0.160019
4005,1.46616,-0.233443,0.110775,-0.96604,0.591128,0.0682786,-0.158465
4006,0.184291,0.301204,0.179734,0.936468,0.582465,0.0346586,-0.156021
4007,1.46603,-0.263116,0.106956,-0.958817,0.580256,0.017404,-0.155491
4008,0.702317,0.166561,0.644608,0.746149,0.580256,-0.017404,-0.155491
4009,0.274978,-0.255856,0.941911,-0.217582,0.582465,-0.0346586,-0.156021
4010,0.597544,0.0504719,0.532788,0.844742,0.591128,-0.0682786,-0.158465
4011,0.0544569,-0.443759,0.894719,0.0505614,0.597604,-0.0843573,-0.160019
4012,1.26943,-0.408373,0.229502,-0.883493,0.609734,-0.107251,-0.163243
4013,1.11572,-0.510769,0.312961,-0.800731,0.624644,-0.128309,-0.167213
4014,1.07371,-0.568354,0.297299,-0.767194,0.642078,-0.147171,-0.171863
4015,1.07672,-0.599265,0.24747,-0.761342,0.66174,-0.163515,-0.177112
4016,1.40992,-0.377492,0.0554808,-0.924349,0.683291,-0.177061,-0.182871
4017,0.817446,-0.479049,0.234595,0.845859,0.714217,-0.190381,-0.191593
4018,0.355016,-0.975864,0.180317,-0.123186,0.730563,-0.194885,-0.195517
4019,0.940557,-0.615926,0.0529088,0.786025,0.763751,-0.199429,-0.204877
4020,1.23461,-0.817072,-0.0618242,0.573211,0.788949,-0.198859,-0.211629
4021,1.07868,-0.703667,-0.172071,0.689379,0.813861,-0.194885,-0.2183
4022,0.777651,-0.445965,-0.225651,0.866139,0.838061,-0.187579,-0.224776
4023,0.351601,-0.901672,-0.409909,-0.137703,0.853695,-0.180919,-0.228529
4024,0.608694,-0.234784,-0.317824,0.918621,0.882684,-0.163515,-0.236705
4025,0.275849,-0.771537,-0.629075,-0.0948435,0.89611,-0.152921,-0.239928
4026,0.988789,-0.5654,-0.397066,-0.722953,0.914311,-0.134865,-0.244828
4027,1.02342,-0.502923,-0.417204,-0.756974,0.930082,-0.114501,-0.249078
4028,1.16049,-0.413664,-0.343501,-0.843142,0.943151,-0.0921786,-0.252606
4029,1.48701,-0.292718,-0.0672941,-0.953828,0.953295,-0.0682786,-0.255352
4030,0.911677,0.0179184,-0.775368,0.631256,0.961959,-0.0346586,-0.257796
4031,0.811421,0.141259,-0.723715,0.675486,0.96471,-0.00870199,-0.258502
4032,0.600952,0.320111,-0.564221,0.761041,0.940928,0.017404,-0.333177
4033,0.384606,0.0426638,-0.911971,-0.408031,0.938768,0.0346586,-0.332476
4034,0.295685,0.418926,-0.275949,0.865074,0.930322,0.0682786,-0.32936
4035,1.46641,-0.293187,-0.108946,-0.949827,0.923987,0.0843573,-0.327302
4036,0.303382,0.485937,-0.248467,0.837931,0.907672,0.114501,-0.321283
4037,0.0850088,0.5968,-0.75078,-0.283125,0.897596,0.128309,-0.31801
4038,0.411666,0.599351,-0.26393,0.755725,0.874523,0.152921,-0.309497
4039,0.203305,0.709788,-0.547822,-0.442823,0.861392,0.163515,-0.30523
4040,0.104101,0.431668,-0.0459896,0.90086,0.833133,0.180919,-0.294805
4041,0.0191963,0.894437,-0.321576,-0.310759,0.817841,0.187579,-0.289836
4042,0.621035,0.816888,-0.1136,0.565499,0.786323,0.196587,-0.278208
4043,0.587032,0.806721,-0.0362771,0.589817,0.761873,0.199429,-0.269546
4044,0.291043,0.82037,0.0634221,-0.568305,0.745322,0.199429,-0.264168
4045,0.235691,0.551429,0.0455938,0.832975,0.712971,0.194885,-0.252234
4046,0.687606,0.831295,0.204115,0.516996,0.689354,0.187579,-0.243879
4047,0.0786549,0.411155,0.034778,0.910902,0.666836,0.177061,-0.235917
4048,1.21302,-0.0232547,0.211549,-0.977091,0.652502,0.168359,-0.23126
4049,1.29803,-0.120491,0.196365,-0.9731,0.632672,0.152921,-0.224219
4050,0.772549,0.218763,0.552016,-0.804625,0.614911,0.134865,-0.217907
4051,0.896477,0.0684592,0.533287,-0.84316,0.599523,0.114501,-0.212433
4052,0.479251,0.498359,0.413615,0.761946,0.583207,0.0843573,-0.206413
4053,0.918674,0.44954,0.752692,0.481009,0.574284,0.0600213,-0.203283
4054,0.506141,0.391417,0.475505,0.787837,0.568428,0.0346586,-0.20124
4055,0.552196,0.326854,0.523435,0.786881,0.565741,0.00870199,-0.20032
4056,0.055879,-0.081452,0.996158,-0.0321743,0.565741,-0.00870199,-0.20032
4057,0.0182936,-0.191821,0.980485,0.0430624,0.568428,-0.0346586,-0.20124
4058,1.18642,-0.431937,0.344008,-0.83372,0.574284,-0.0600213,-0.203283
4059,0.0152215,-0.425787,0.896513,0.12235,0.583207,-0.0843573,-0.206413
4060,1.18833,-0.354135,0.771585,0.528436,0.599523,-0.114501,-0.212433
4061,1.25926,-0.48247,0.71589,0.504703,0.614911,-0.134865,-0.217907
4062,1.186,-0.523673,0.611379,0.593281,0.632672,-0.152921,-0.224219
4063,0.946231,-0.430277,0.450914,0.782009,0.652502,-0.168359,-0.23126
4064,0.449901,-0.905618,0.391544,-0.162943,0.666836,-0.177061,-0.235917
4065,1.46121,-0.409476,0.023265,-0.912024,0.689354,-0.187579,-0.243879
4066,0.325752,-0.983069,0.182436,-0.0170873,0.712971,-0.194885,-0.252234
4067,0.316293,0.0377671,0.0203699,0.999079,0.745322,-0.199429,-0.264168
4068,1.49435,-0.38074,-0.00243819,-0.924679,0.761873,-0.199429,-0.269546
4069,1.46011,-0.41159,-0.0140858,-0.91126,0.786323,-0.196587,-0.278208
4070,0.667712,-0.278266,-0.199149,0.939632,0.817841,-0.187579,-0.289836
4071,0.481501,-0.902465,-0.384804,-0.193604,0.833133,-0.180919,-0.294805
4072,0.455042,-0.0318713,-0.244315,0.969172,0.861392,-0.163515,-0.30523
4073,0.165604,-0.758872,-0.647093,0.0733768,0.874523,-0.152921,-0.309497
4074,0.536264,-0.0183854,-0.384265,0.92304,0.897596,-0.128309,-0.31801
4075,0.278528,-0.600007,-0.794451,-0.0940196,0.907672,-0.114501,-0.321283
4076,0.749853,-0.0293622,-0.611326,0.790834,0.923987,-0.0843573,-0.327302
4077,0.471555,-0.427859,-0.838164,-0.338256,0.930322,-0.0682786,-0.32936
4078,0.248283,0.290557,-0.241026,0.926004,0.938768,-0.0346586,-0.332476
4079,1.56815,-0.346118,-7.27483e-05,-0.938191,0.940928,-0.017404,-0.333177
4080,0.26824,0.419424,-0.264468,0.868413,0.911887,0.017404,-0.405975
4081,0.18393,0.100909,-0.965623,-0.239562,0.909788,0.0346586,-0.405106
4082,1.12492,-0.246299,-0.419161,-0.873866,0.90411,0.0600213,-0.40261
4083,1.26246,-0.268206,-0.287014,-0.919613,0.895459,0.0843573,-0.398789
4084,1.47914,0.540474,-0.828174,-0.148373,0.879667,0.114501,-0.391508
4085,1.5078,-0.363902,-0.0667304,-0.929044,0.869879,0.128309,-0.387454
4086,0.927869,0.0976856,-0.410897,-0.906433,0.853386,0.147171,-0.380134
4087,1.1069,-0.00846268,-0.26481,-0.964263,0.834789,0.163515,-0.371874
4088,0.635685,0.435328,-0.365158,-0.82289,0.814403,0.177061,-0.362814
4089,1.19913,-0.0423109,-0.12786,-0.990889,0.79258,0.187579,-0.35311
4090,0.569812,0.555756,-0.168321,-0.814127,0.769692,0.194885,-0.342928
4091,0.731025,0.43075,-0.0504333,-0.901061,0.746129,0.198859,-0.332442
4092,1.30055,-0.122821,0.0199428,-0.992228,0.722298,0.199429,-0.321831
4093,0.812282,0.344549,0.139659,-0.928322,0.698603,0.196587,-0.311278
4094,1.25096,0.94792,0.3053,-0.0907754,0.668094,0.187579,-0.297214
4095,0.954018,0.161294,0.268544,-0.949668,0.653239,0.180919,-0.29106
4096,1.05197,0.038938,0.291246,-0.955856,0.632346,0.168359,-0.281742
4097,0.947327,0.0822068,0.400776,-0.912481,0.61313,0.152921,-0.273166
4098,0.72818,0.186403,0.574117,-0.797272,0.595919,0.134865,-0.26548
4099,0.827249,0.0474392,0.576184,-0.815942,0.581008,0.114501,-0.258816
4100,0.535971,0.141159,0.779058,-0.610854,0.568651,0.0921786,-0.253286
4101,0.645619,-0.012494,0.763528,-0.645654,0.559061,0.0682786,-0.248986
4102,0.57388,-0.0751591,0.827727,-0.556075,0.552402,0.0432113,-0.24599
4103,0.735745,-0.236094,0.741474,-0.628073,0.548788,0.017404,-0.244348
4104,1.49744,-0.02847,0.995181,0.0938286,0.548788,-0.017404,-0.244348
4105,0.0481456,0.409657,0.0472033,0.911018,0.552402,-0.0432113,-0.24599
4106,0.103785,0.386183,0.0981093,0.91719,0.559061,-0.0682786,-0.248986
4107,0.232726,0.3148,0.206873,0.926339,0.568651,-0.0921786,-0.253286
4108,1.38792,-0.419715,0.817797,0.393761,0.581008,-0.114501,-0.258816
4109,1.48326,-0.559604,0.749225,0.354267,0.595919,-0.134865,-0.26548
4110,1.3511,-0.57492,0.643755,0.505021,0.61313,-0.152921,-0.273166
4111,1.27922,-0.6027,0.532404,0.59439,0.632346,-0.168359,-0.281742
4112,1.32299,-0.686783,0.42909,0.586695,0.653239,-0.180919,-0.29106
4113,0.95207,-0.822181,0.176661,-0.541119,0.668094,-0.187579,-0.297214
4114,1.35306,-0.779198,0.190632,0.597084,0.698603,-0.196587,-0.311278
4115,0.891355,-0.441888,0.0509467,0.895622,0.722298,-0.199429,-0.321831
4116,1.45548,-0.851996,-0.0650557,0.519491,0.746129,-0.198859,-0.332442
4117,0.06766,0.357489,-0.0131996,0.933824,0.769692,-0.194885,-0.342928
4118,1.06418,-0.548741,-0.281231,0.787269,0.79258,-0.187579,-0.35311
4119,0.0276189,0.396017,-0.0122221,0.918162,0.814403,-0.177061,-0.362814
4120,1.11968,-0.496871,-0.500257,0.709128,0.834789,-0.163515,-0.371874
4121,1.27522,-0.531009,-0.631006,0.565562,0.853386,-0.147171,-0.380134
4122,0.665894,-0.0405193,-0.464622,0.884582,0.869879,-0.128309,-0.387454
4123,0.624036,-0.654685,-0.664159,-0.360943,0.879667,-0.114501,-0.391508
4124,0.626564,0.103758,-0.525978,0.844146,0.895459,-0.0843573,-0.398789
4125,0.339461,-0.418225,-0.888897,-0.186946,0.901613,-0.0682786,-0.401338
4126,0.225115,0.368584,-0.218935,0.903445,0.909788,-0.0346586,-0.405106
4127,0.246017,-0.160501,-0.967203,-0.196867,0.911887,-0.017404,-0.405975
4128,0.279616,0.48537,-0.275397,0.829803,0.877223,0.017404,-0.476269
4129,0.0373778,0.155516,-0.980373,-0.121174,0.875199,0.0346586,-0.475238
4130,1.35311,-0.411722,-0.216218,-0.885288,0.869735,0.0600213,-0.472304
4131,0.663591,0.622479,-0.552508,0.554305,0.858122,0.0921786,-0.465801
4132,1.48592,0.524141,-0.828679,-0.196386,0.846237,0.114501,-0.459319
4133,1.29412,-0.29511,-0.22409,-0.928813,0.836797,0.128309,-0.454509
4134,1.12003,-0.13038,-0.304736,-0.943471,0.820931,0.147171,-0.445918
4135,0.134351,0.581378,-0.0744557,0.81022,0.796856,0.168359,-0.432435
4136,1.27768,-0.210221,-0.142732,-0.967179,0.783427,0.177061,-0.425593
4137,1.02901,0.0429856,-0.175967,-0.983457,0.762432,0.187579,-0.414206
4138,1.50328,0.886724,-0.194787,-0.41926,0.73312,0.196587,-0.397791
4139,1.30569,-0.205372,-0.0196197,-0.978487,0.717746,0.198859,-0.389958
4140,1.06759,0.0308935,0.0338039,-0.998951,0.694821,0.199429,-0.37751
4141,0.922035,0.165221,0.123872,-0.978447,0.672028,0.196587,-0.36513
4142,1.09177,0.958368,0.285411,-0.0084374,0.642716,0.187579,-0.348715
4143,0.994644,0.048971,0.254049,-0.965951,0.628389,0.180919,-0.341416
4144,0.891705,0.103678,0.363052,-0.925983,0.608292,0.168359,-0.330486
4145,0.929747,0.0247029,0.409902,-0.911795,0.589807,0.152921,-0.32043
4146,1.49062,0.612306,0.749688,-0.251096,0.56835,0.128309,-0.308413
4147,1.02425,-0.151018,0.447647,-0.881366,0.55891,0.114501,-0.303604
4148,0.699367,-0.0086237,0.696341,-0.717659,0.547025,0.0921786,-0.297122
4149,0.774066,-0.134286,0.685467,-0.715614,0.537802,0.0682786,-0.292082
4150,1.55504,0.177769,0.980692,-0.0814912,0.529949,0.0346586,-0.287684
4151,1.27538,-0.450353,0.292913,-0.843436,0.527925,0.017404,-0.286652
4152,0.876696,0.268736,0.766986,0.582678,0.527925,-0.017404,-0.286652
4153,0.572779,-0.410199,0.820155,-0.398852,0.529949,-0.0346586,-0.287684
4154,1.11889,-0.038751,0.851944,0.522197,0.537802,-0.0682786,-0.292082
4155,0.7259,-0.614597,0.660445,-0.431373,0.543736,-0.0843573,-0.295106
4156,1.0925,-0.205218,0.738341,0.642448,0.55891,-0.114501,-0.303604
4157,0.646614,-0.754192,0.58833,-0.291656,0.56835,-0.128309,-0.308413
4158,1.3136,-0.509914,0.637894,0.577131,0.589807,-0.152921,-0.32043
4159,1.38971,-0.625414,0.546782,0.556675,0.608292,-0.168359,-0.330486
4160,1.28339,-0.611785,0.424445,0.667507,0.628389,-0.180919,-0.341416
4161,1.08691,-0.797539,0.13892,-0.587054,0.642716,-0.187579,-0.348715
4162,1.30784,-0.699285,0.188533,0.689533,0.672028,-0.196587,-0.36513
4163,1.15971,-0.602834,0.0600336,0.795605,0.694821,-0.199429,-0.37751
4164,0.930452,-0.406208,-0.052519,0.91227,0.717746,-0.198859,-0.389958
4165,0.660966,-0.96934,-0.149379,-0.195104,0.73312,-0.196587,-0.397791
4166,1.19491,-0.589072,-0.299164,0.750663,0.762432,-0.187579,-0.414206
4167,0.954345,-0.355871,-0.361133,0.861939,0.783427,-0.177061,-0.425593
4168,0.457409,-0.869913,-0.49042,-0.0523418,0.796856,-0.168359,-0.432435
4169,1.11555,-0.374153,-0.592441,0.713458,0.820931,-0.147171,-0.445918
4170,0.916735,-0.159056,-0.59687,0.786414,0.836797,-0.128309,-0.454509
4171,0.662021,-0.684243,-0.644664,-0.340911,0.846237,-0.114501,-0.459319
4172,1.39482,-0.543411,-0.141707,-0.82742,0.858122,-0.0921786,-0.465801
4173,1.01894,0.0175303,-0.806439,0.591058,0.869735,-0.0600213,-0.472304
4174,0.324318,0.408935,-0.312547,0.857372,0.875199,-0.0346586,-0.475238
4175,0.30989,-0.204439,-0.949544,-0.237847,0.877223,-0.017404,-0.476269
4176,0.990524,-0.433959,-0.549206,-0.714179,0.837612,0.00870199,-0.543962
4177,0.00484215,0.163671,-0.98081,-0.105938,0.835214,0.0346586,-0.54244
4178,0.581769,0.610951,-0.52038,0.59661,0.827729,0.0682786,-0.537439
4179,1.40193,-0.477927,-0.166089,-0.862554,0.822051,0.0843573,-0.533959
4180,0.263409,0.656628,-0.216539,0.722462,0.807591,0.114501,-0.524298
4181,0.836835,0.778994,-0.558483,0.285072,0.793906,0.134865,-0.515383
4182,0.957041,0.830862,-0.539221,0.137512,0.77811,0.152921,-0.505099
4183,0.541288,0.832276,-0.286388,0.474656,0.760471,0.168359,-0.493622
4184,0.767498,0.917511,-0.307308,0.25246,0.741292,0.180919,-0.48115
4185,0.62908,0.912458,-0.18925,0.362774,0.720903,0.190381,-0.467896
4186,0.0393564,0.58723,-0.00768171,0.809383,0.699649,0.196587,-0.454085
4187,0.0218843,0.839202,-0.065484,-0.539862,0.684938,0.198859,-0.44507
4188,0.682377,0.9544,0.0413013,0.295659,0.65602,0.198859,-0.425748
4189,0.682666,0.945511,0.123166,0.301394,0.634388,0.194885,-0.411704
4190,0.0763089,0.613979,0.0245187,0.788941,0.613374,0.187579,-0.398066
4191,0.559422,0.866559,0.234882,0.440348,0.593338,0.177061,-0.385068
4192,0.651612,0.860914,0.337108,0.381032,0.57462,0.163515,-0.372932
4193,0.658883,0.821873,0.403832,0.401802,0.557544,0.147171,-0.361864
4194,0.251129,0.674322,0.186904,0.714393,0.5424,0.128309,-0.352054
4195,0.591275,0.718625,0.463576,0.51834,0.529447,0.107251,-0.343671
4196,0.634839,0.665284,0.531969,0.523838,0.518906,0.0843573,-0.336858
4197,0.671565,0.60111,0.589235,0.539878,0.51096,0.0600213,-0.33173
4198,0.213452,0.577312,0.207771,0.789647,0.505744,0.0346586,-0.328376
4199,0.296174,0.54724,0.291239,0.784671,0.503346,0.00870199,-0.326854
4200,0.320878,-0.228139,0.946092,-0.22992,0.503346,-0.00870199,-0.326854
4201,0.385792,-0.362655,0.905903,-0.218682,0.505744,-0.0346586,-0.328376
4202,0.00523231,-0.276963,0.946851,0.163599,0.51096,-0.0600213,-0.33173
4203,0.383362,-0.555126,0.825946,-0.0982279,0.518906,-0.0843573,-0.336858
4204,1.52417,-0.566841,0.0206052,-0.823569,0.529447,-0.107251,-0.343671
4205,0.340248,-0.710526,0.702283,0.0441899,0.5424,-0.128309,-0.352054
4206,1.4801,-0.592747,0.0403698,-0.804376,0.557544,-0.147171,-0.361864
4207,1.52405,-0.565206,0.00780268,-0.824913,0.57462,-0.163515,-0.372932
4208,0.0597434,-0.794912,0.440599,0.417118,0.593338,-0.177061,-0.385068
4209,0.524679,-0.962245,0.272177,0.00221416,0.613374,-0.187579,-0.398066
4210,0.0239169,-0.848525,0.194854,0.491973,0.634388,-0.194885,-0.411704
4211,0.0337978,-0.867983,0.0653168,0.49228,0.65602,-0.198859,-0.425748
4212,0.670511,-0.0802574,-0.040697,0.995943,0.684938,-0.198859,-0.44507
4213,0.568231,-0.9867,-0.160389,-0.0264421,0.699649,-0.196587,-0.454085
4214,1.53422,-0.555046,0.000213694,-0.831819,0.720903,-0.190381,-0.467896
4215,1.37108,-0.670175,-0.0724858,-0.738655,0.741292,-0.180919,-0.48115
4216,1.53161,-0.560068,-0.00363298,-0.828439,0.760471,-0.168359,-0.493622
4217,1.26266,-0.706042,-0.181434,-0.684534,0.77811,-0.152921,-0.505099
4218,1.47548,-0.592249,-0.0521803,-0.804063,0.793906,-0.134865,-0.515383
4219,0.250811,-0.594275,-0.800923,0.0732049,0.807591,-0.114501,-0.524298
4220,0.745897,0.158655,-0.608738,0.777346,0.822051,-0.0843573,-0.533959
4221,1.55894,-0.555381,0.000717246,-0.831596,0.827729,-0.0682786,-0.537439
4222,0.253953,0.497036,-0.246412,0.832007,0.835214,-0.0346586,-0.54244
4223,0.0405816,-0.0782182,-0.996936,0.000407043,0.837151,-0.017404,-0.543627
4224,0.204802,-0.0740838,-0.977523,-0.197382,0.792351,0.00870199,-0.608004
4225,0.010874,0.151067,-0.980814,-0.123219,0.790079,0.0346586,-0.606298
4226,0.957787,-0.354098,-0.554552,-0.753052,0.785142,0.0600213,-0.602546
4227,1.16825,-0.423802,-0.365709,-0.828643,0.777623,0.0843573,-0.59681
4228,0.22018,0.699372,-0.181634,0.691295,0.763966,0.114501,-0.586045
4229,0.0870143,0.661736,-0.0653638,0.746882,0.751022,0.134865,-0.576083
4230,1.15588,-0.305208,-0.283577,-0.909083,0.741067,0.147171,-0.56885
4231,0.932901,-0.0793891,-0.345411,-0.935087,0.724911,0.163515,-0.556476
4232,0.958204,-0.06864,-0.267103,-0.96122,0.707204,0.177061,-0.542908
4233,0.232835,0.77397,-0.0742115,0.628859,0.68197,0.190381,-0.523015
4234,0.25127,0.791139,-0.0485411,0.609708,0.661866,0.196587,-0.507579
4235,0.132352,0.722619,-0.0652095,-0.688164,0.647907,0.198859,-0.497437
4236,1.5535,0.794216,0.0654802,-0.604096,0.620594,0.198859,-0.475905
4237,1.17418,-0.236757,0.0822985,-0.968077,0.606634,0.196587,-0.465763
4238,1.3053,0.87999,0.310341,-0.359592,0.580252,0.187579,-0.444964
4239,1.059,-0.162435,0.23023,-0.959484,0.567244,0.180919,-0.435514
4240,1.47868,0.706999,0.553495,-0.440223,0.54359,0.163515,-0.416866
4241,1.09888,-0.259143,0.317088,-0.912305,0.53242,0.152921,-0.408751
4242,1.2992,0.664692,0.724511,-0.182398,0.513106,0.128309,-0.393526
4243,1.01148,-0.278109,0.45653,-0.845125,0.504534,0.114501,-0.387298
4244,1.4716,0.406719,0.892603,-0.194525,0.490878,0.0843573,-0.376532
4245,1.19838,-0.479048,0.355629,-0.802522,0.48549,0.0682786,-0.372617
4246,1.39969,0.256301,0.966484,0.0147764,0.47842,0.0346586,-0.367044
4247,1.04233,-0.507843,0.505382,-0.697628,0.476582,0.017404,-0.365709
4248,1.21567,0.167181,0.9356,0.310972,0.476582,-0.017404,-0.365709
4249,0.854856,-0.569801,0.638029,-0.517924,0.47842,-0.0346586,-0.367044
4250,1.15695,0.0179904,0.867061,0.497877,0.48549,-0.0682786,-0.372617
4251,0.841254,-0.695457,0.586144,-0.415661,0.490878,-0.0843573,-0.376532
4252,1.16987,-0.159871,0.765711,0.622999,0.504534,-0.114501,-0.387298
4253,0.86104,-0.806889,0.475164,-0.350926,0.513106,-0.128309,-0.393526
4254,1.17768,-0.308054,0.60931,0.730646,0.53242,-0.152921,-0.408751
4255,0.73008,-0.899689,0.401857,-0.170503,0.54359,-0.163515,-0.416866
4256,1.30571,-0.517424,0.427155,0.741493,0.567244,-0.180919,-0.435514
4257,0.999082,-0.911555,0.163849,-0.377123,0.580252,-0.187579,-0.444964
4258,1.10585,-0.410846,0.174516,0.894846,0.606634,-0.196587,-0.465763
4259,0.637754,-0.998642,0.051048,-0.0104049,0.620594,-0.198859,-0.475905
4260,0.570449,0.097875,-0.0353673,0.99457,0.647907,-0.198859,-0.497437
4261,0.356463,-0.949132,-0.180198,0.25822,0.661866,-0.196587,-0.507579
4262,0.373586,-0.92893,-0.29488,0.223907,0.68197,-0.190381,-0.523015
4263,1.15347,-0.392856,-0.404606,0.825807,0.707204,-0.177061,-0.542908
4264,0.884426,-0.112643,-0.42998,0.895784,0.724911,-0.163515,-0.556476
4265,0.46895,-0.814398,-0.579351,0.0332849,0.736081,-0.152921,-0.564592
4266,0.252488,-0.667737,-0.723175,0.176481,0.751022,-0.134865,-0.576083
4267,0.304957,-0.611745,-0.787631,0.073519,0.763966,-0.114501,-0.586045
4268,0.935721,0.087857,-0.722138,0.686147,0.777623,-0.0843573,-0.59681
4269,1.18656,-0.00183452,-0.877938,0.478771,0.785142,-0.0600213,-0.602546
4270,0.528585,0.457412,-0.494639,0.73899,0.790079,-0.0346586,-0.606298
4271,0.549368,0.501198,-0.521032,0.690888,0.792351,-0.00870199,-0.608004
4272,0.197524,-0.0843849,-0.978956,-0.185805,0.742205,0.00870199,-0.668297
4273,1.29467,-0.611578,-0.274619,-0.741995,0.740074,0.0346586,-0.666417
4274,1.16241,-0.52314,-0.38699,-0.759317,0.735447,0.0600213,-0.662289
4275,0.0794041,0.702411,-0.0711527,0.708206,0.725673,0.0921786,-0.653255
4276,0.956309,-0.303649,-0.494232,-0.814575,0.719057,0.107251,-0.647604
4277,0.707737,-0.0520439,-0.58392,-0.810141,0.707574,0.128309,-0.637298
4278,0.0810502,0.721246,-0.0534031,0.690617,0.689515,0.152921,-0.620604
4279,1.38931,-0.533568,-0.118125,-0.837467,0.679016,0.163515,-0.611637
4280,1.22953,-0.389205,-0.162702,-0.906668,0.662428,0.177061,-0.596721
4281,1.04849,0.941244,-0.278738,-0.190694,0.638832,0.190381,-0.574909
4282,0.707287,0.144152,-0.153183,-0.977627,0.62605,0.194885,-0.563992
4283,1.05113,-0.18698,-0.0347256,-0.98175,0.606881,0.198859,-0.546738
4284,0.569937,0.28833,0.0564802,-0.955864,0.587494,0.199429,-0.529282
4285,0.827452,0.0257396,0.137567,-0.990158,0.568221,0.196587,-0.511923
4286,1.08019,0.933117,0.283684,-0.220942,0.543552,0.187579,-0.489119
4287,0.968042,-0.1531,0.263602,-0.952405,0.531325,0.180919,-0.478677
4288,0.336236,0.379553,0.530428,-0.758014,0.514334,0.168359,-0.463358
4289,0.743067,-0.0270154,0.498688,-0.866361,0.498708,0.152921,-0.449264
4290,1.19257,0.700416,0.698937,-0.144586,0.480648,0.128309,-0.43257
4291,1.12106,-0.419498,0.377781,-0.825411,0.472592,0.114501,-0.425689
4292,1.15369,0.571722,0.82012,0.0231735,0.459822,0.0843573,-0.413884
4293,1.20708,-0.544636,0.348023,-0.763054,0.454758,0.0682786,-0.409559
4294,1.38115,0.268557,0.963227,0.00846203,0.448148,0.0346586,-0.403449
4295,1.17888,-0.608232,0.383462,-0.69499,0.44642,0.017404,-0.401974
4296,1.09284,0.269617,0.886039,0.377151,0.44642,-0.017404,-0.401974
4297,0.883926,-0.618094,0.616092,-0.488252,0.448148,-0.0346586,-0.403449
4298,1.05422,0.130171,0.823434,0.552279,0.454758,-0.0682786,-0.409559
4299,1.06948,-0.751875,0.417351,-0.510394,0.459822,-0.0843573,-0.413884
4300,1.20746,-0.139897,0.777362,0.6133,0.472592,-0.114501,-0.425689
4301,1.06982,-0.82499,0.343983,-0.448406,0.480648,-0.128309,-0.43257
4302,0.032348,0.660584,0.0213334,0.750449,0.498708,-0.152921,-0.449264
4303,0.425837,0.366041,0.229613,0.901827,0.514334,-0.168359,-0.463358
4304,1.38428,-0.52119,0.434921,0.734306,0.531325,-0.180919,-0.478677
4305,1.18306,-0.876284,0.110439,-0.468966,0.543552,-0.187579,-0.489119
4306,1.4442,-0.628723,0.193684,0.753122,0.568221,-0.196587,-0.511923
4307,0.102778,0.600019,0.00671926,0.799957,0.587494,-0.199429,-0.529282
4308,1.21718,-0.45233,-0.0614359,0.889732,0.606881,-0.198859,-0.546738
4309,1.54918,-0.705352,-0.195201,0.681451,0.62605,-0.194885,-0.563992
4310,1.11379,-0.903249,-0.131084,-0.408606,0.638832,-0.190381,-0.574909
4311,1.01014,-0.196719,-0.374822,0.905986,0.662428,-0.177061,-0.596721
4312,0.897954,-0.0543562,-0.434723,0.898922,0.679016,-0.163515,-0.611637
4313,0.786132,-0.872564,-0.452103,-0.185028,0.689515,-0.152921,-0.620604
4314,1.48781,-0.426032,-0.749479,0.506732,0.707574,-0.128309,-0.637298
4315,1.24336,-0.167754,-0.787494,0.593054,0.719057,-0.107251,-0.647604
4316,0.409659,-0.576549,-0.816472,-0.0310572,0.725673,-0.0921786,-0.653255
4317,0.995552,0.171371,-0.79459,0.582459,0.735447,-0.0600213,-0.662289
4318,0.819648,0.358657,-0.716888,0.59786,0.740074,-0.0346586,-0.666417
4319,0.361595,0.617914,-0.353009,0.702543,0.742205,-0.00870199,-0.668297
4320,0.211135,-0.108646,-0.976223,-0.187578,0.687483,0.00870199,-0.724469
4321,0.544016,0.696789,-0.507651,0.506731,0.684402,0.0432113,-0.721135
4322,0.1034,0.150573,-0.943107,-0.296442,0.681217,0.0600213,-0.717951
4323,1.38297,0.431877,-0.881233,-0.192121,0.672182,0.0921786,-0.708177
4324,1.17856,-0.52062,-0.334584,-0.785499,0.666029,0.107251,-0.702024
4325,0.353641,0.843808,-0.260477,0.46919,0.651657,0.134865,-0.686476
4326,0.00275506,0.735736,-0.00181726,0.677266,0.638698,0.152921,-0.672789
4327,1.38519,-0.594725,-0.120359,-0.794869,0.628934,0.163515,-0.663026
4328,0.450612,0.926118,-0.192751,0.324273,0.608488,0.180919,-0.640908
4329,0.185173,0.84011,-0.0592185,0.539174,0.591756,0.190381,-0.623259
4330,0.143847,0.822163,-0.0279872,0.568563,0.574314,0.196587,-0.604869
4331,1.31718,-0.507565,-0.0189029,-0.861406,0.562114,0.198859,-0.592668
4332,0.269251,0.888046,0.0174203,0.459424,0.538505,0.198859,-0.567128
4333,0.403789,0.936847,0.0767172,0.341223,0.52075,0.194885,-0.548424
4334,0.0061465,0.738259,0.00197672,0.674514,0.5035,0.187579,-0.530258
4335,0.354943,0.900087,0.153813,0.407659,0.487051,0.177061,-0.512941
4336,0.173318,0.820636,0.0958632,0.563353,0.471684,0.163515,-0.49677
4337,1.43411,0.60549,0.653456,-0.454287,0.457664,0.147171,-0.482022
4338,0.708927,-0.116461,0.583364,-0.803818,0.448962,0.134865,-0.47332
4339,0.91909,-0.338891,0.518764,-0.784881,0.437736,0.114501,-0.461456
4340,0.938411,0.676097,0.72351,0.139376,0.425932,0.0843573,-0.448686
4341,0.955851,-0.466402,0.556067,-0.687938,0.421222,0.0682786,-0.443977
4342,0.477544,-0.214475,0.874508,-0.435013,0.416217,0.0432113,-0.438661
4343,1.44684,0.134814,0.990206,0.0362996,0.413135,0.00870199,-0.435327
4344,0.669888,-0.492124,0.780622,-0.385285,0.413135,-0.00870199,-0.435327
4345,0.284714,0.667606,0.27549,0.69167,0.416217,-0.0432113,-0.438661
4346,1.40023,-0.0901775,0.933296,0.347602,0.421222,-0.0682786,-0.443977
4347,1.38521,-0.774185,0.150189,-0.614882,0.425932,-0.0843573,-0.448686
4348,1.42432,-0.265677,0.822793,0.502422,0.437736,-0.114501,-0.461456
4349,0.0159326,0.72711,0.0119821,0.686417,0.448962,-0.134865,-0.47332
4350,0.831153,-0.889435,0.430011,-0.154907,0.457664,-0.147171,-0.482022
4351,0.532283,-0.869715,0.469511,0.15217,0.471684,-0.163515,-0.49677
4352,0.341597,-0.836196,0.411531,0.362517,0.487051,-0.177061,-0.512941
4353,0.697029,-0.969141,0.238744,0.0613696,0.5035,-0.187579,-0.530258
4354,1.55269,-0.720585,-0.00398888,-0.693355,0.52075,-0.194885,-0.548424
4355,0.130216,-0.791449,0.0645501,0.607817,0.538505,-0.198859,-0.567128
4356,0.769806,0.0558326,-0.045584,0.997399,0.562114,-0.198859,-0.592668
4357,0.28865,-0.866407,-0.184881,0.463851,0.574314,-0.196587,-0.604869
4358,0.428359,-0.903975,-0.287406,0.316587,0.591756,-0.190381,-0.623259
4359,0.1434,-0.729483,-0.435539,0.527409,0.608488,-0.180919,-0.640908
4360,0.847439,0.0630871,-0.416647,0.906876,0.628934,-0.163515,-0.663026
4361,0.736799,-0.876825,-0.475221,-0.0730955,0.638698,-0.152921,-0.672789
4362,0.300415,-0.659114,-0.712447,0.240807,0.651657,-0.134865,-0.686476
4363,1.02912,0.0556139,-0.712594,0.699369,0.666029,-0.107251,-0.702024
4364,0.73331,-0.720299,-0.655921,-0.225693,0.672182,-0.0921786,-0.708177
4365,0.46949,0.55622,-0.428455,0.712071,0.681217,-0.0600213,-0.717951
4366,1.54593,-0.736492,-0.0168813,-0.676236,0.684402,-0.0432113,-0.721135
4367,0.296332,0.689353,-0.291388,0.663238,0.687483,-0.00870199,-0.724469
4368,0.175376,-0.0951522,-0.982997,-0.157042,0.628522,0.00870199,-0.776175
4369,0.348112,0.779371,-0.334581,0.529752,0.625712,0.0432113,-0.77261
4370,0.032542,0.183211,-0.946814,-0.264531,0.622787,0.0600213,-0.769185
4371,1.46443,0.355452,-0.891956,-0.279407,0.614547,0.0921786,-0.758733
4372,1.13309,-0.551366,-0.368873,-0.748283,0.608896,0.107251,-0.752117
4373,1.11412,0.712509,-0.675018,-0.191522,0.595788,0.134865,-0.735489
4374,0.858634,-0.264693,-0.44559,-0.855212,0.587796,0.147171,-0.726131
4375,1.02801,-0.378792,-0.302499,-0.874649,0.574975,0.163515,-0.710328
4376,1.07716,0.860991,-0.389741,-0.326797,0.556328,0.180919,-0.686673
4377,0.775489,-0.0950173,-0.237865,-0.966639,0.545885,0.187579,-0.674447
4378,0.51314,0.181196,-0.173667,-0.967992,0.530114,0.194885,-0.654984
4379,0.886031,-0.179213,-0.0433739,-0.982854,0.51388,0.198859,-0.634944
4380,0.24317,0.445886,0.0641336,-0.892789,0.497463,0.199429,-0.61467
4381,0.109788,0.549734,0.194752,-0.81232,0.481142,0.196587,-0.59451
4382,0.209833,0.442546,0.316836,-0.838909,0.465198,0.190381,-0.574808
4383,0.37664,0.26015,0.41705,-0.870856,0.449902,0.180919,-0.555901
4384,0.37221,0.223728,0.524121,-0.821732,0.435516,0.168359,-0.538113
4385,1.05748,0.790988,0.574603,-0.210167,0.418433,0.147171,-0.516444
4386,0.956505,-0.386132,0.449224,-0.805667,0.410441,0.134865,-0.507086
4387,0.780466,-0.290735,0.603596,-0.742391,0.400181,0.114501,-0.494378
4388,0.7722,0.753497,0.625867,0.201329,0.389415,0.0843573,-0.480721
4389,0.651596,-0.308687,0.760183,-0.571694,0.38509,0.0682786,-0.475657
4390,0.78526,-0.464973,0.698894,-0.543459,0.380516,0.0432113,-0.469964
4391,1.14333,0.362377,0.908073,0.209969,0.377706,0.00870199,-0.466399
4392,1.16752,-0.738892,0.389197,-0.550059,0.377706,-0.00870199,-0.466399
4393,1.51901,-0.0798899,0.979495,0.18495,0.380516,-0.0432113,-0.469964
4394,0.118762,0.756226,0.112204,0.644618,0.38509,-0.0682786,-0.475657
4395,0.0175657,-0.30088,0.896478,0.325265,0.389415,-0.0843573,-0.480721
4396,0.0532275,0.765911,0.0442462,0.641423,0.400181,-0.114501,-0.494378
4397,1.43893,-0.301216,0.745561,0.594481,0.410441,-0.134865,-0.507086
4398,1.27032,-0.881205,0.176535,-0.438534,0.418433,-0.147171,-0.516444
4399,0.393839,0.527706,0.213301,0.82221,0.435516,-0.168359,-0.538113
4400,0.402008,0.50551,0.173174,0.845263,0.449902,-0.180919,-0.555901
4401,0.233374,0.628466,0.0743779,0.774273,0.465198,-0.190381,-0.574808
4402,0.366042,0.515962,0.0698833,0.853756,0.481142,-0.196587,-0.59451
4403,0.253463,0.605303,0.0164225,0.795826,0.497463,-0.199429,-0.61467
4404,1.41003,-0.484094,-0.0646432,0.872625,0.51388,-0.198859,-0.634944
4405,0.196367,0.651751,-0.0380941,0.757476,0.530114,-0.194885,-0.654984
4406,1.45208,-0.489061,-0.319355,0.811685,0.545885,-0.187579,-0.674447
4407,1.08158,-0.94923,-0.19408,-0.247578,0.556328,-0.180919,-0.686673
4408,1.13414,-0.13423,-0.503717,0.853376,0.574975,-0.163515,-0.710328
4409,1.48206,-0.393899,-0.657017,0.642785,0.587796,-0.147171,-0.726131
4410,1.1447,-0.88223,-0.293067,-0.368486,0.595788,-0.134865,-0.735489
4411,1.06462,0.0800824,-0.727372,0.681555,0.608896,-0.107251,-0.752117
4412,0.702891,-0.723642,-0.674241,-0.147447,0.614547,-0.0921786,-0.758733
4413,0.518215,0.583697,-0.469079,0.662769,0.622787,-0.0600213,-0.769185
4414,0.183287,-0.267518,-0.962995,0.032782,0.625712,-0.0432113,-0.77261
4415,0.311967,0.734996,-0.306274,0.60496,0.628522,-0.00870199,-0.776175
4416,0.685476,0.666621,-0.63169,0.395708,0.565389,0.017404,-0.822609
4417,1.29451,-0.767826,-0.274794,-0.578733,0.564054,0.0346586,-0.820772
4418,1.0826,-0.643647,-0.454704,-0.615599,0.560518,0.0600213,-0.815677
4419,0.677543,-0.315966,-0.708541,-0.63098,0.555138,0.0843573,-0.807899
4420,0.112264,0.860787,-0.0931668,0.500365,0.545477,0.114501,-0.79344
4421,1.2562,0.605446,-0.715218,-0.34914,0.536246,0.134865,-0.779966
4422,1.21049,-0.610367,-0.250694,-0.751402,0.529012,0.147171,-0.770011
4423,0.324367,0.935305,-0.177155,0.306303,0.513682,0.168359,-0.747068
4424,1.17812,0.778447,-0.408902,-0.476257,0.500736,0.180919,-0.728205
4425,0.96641,-0.35126,-0.192499,-0.916275,0.491286,0.187579,-0.715197
4426,1.38436,0.689545,-0.191859,-0.698368,0.472621,0.196587,-0.687265
4427,1.10698,-0.46126,-0.0315699,-0.886703,0.462479,0.198859,-0.673305
4428,1.31988,0.743459,0.0634392,-0.665765,0.443156,0.198859,-0.644387
4429,1.21141,0.802491,0.182769,-0.567982,0.428546,0.194885,-0.623135
4430,0.720839,-0.117327,0.24934,-0.961282,0.418664,0.190381,-0.609535
4431,0.471878,0.0997633,0.401074,-0.910597,0.404899,0.180919,-0.589486
4432,1.38499,0.6075,0.546284,-0.576643,0.388166,0.163515,-0.564442
4433,1.06359,0.768875,0.576565,-0.276415,0.376624,0.147171,-0.547682
4434,0.997363,-0.480066,0.424222,-0.767836,0.36939,0.134865,-0.537726
4435,0.00522614,0.833069,0.00434637,0.553152,0.357628,0.107251,-0.520121
4436,1.15894,0.557878,0.822002,-0.114386,0.350498,0.0843573,-0.509792
4437,1.53197,0.210599,0.946293,-0.245313,0.345118,0.0600213,-0.502014
4438,1.30481,-0.771271,0.265037,-0.578703,0.34247,0.0432113,-0.49837
4439,1.21987,0.319907,0.937049,0.139999,0.339949,0.00870199,-0.494596
4440,1.03769,-0.735512,0.504957,-0.451709,0.339949,-0.00870199,-0.494596
4441,1.05401,0.316648,0.852723,0.415448,0.34247,-0.0432113,-0.49837
4442,0.823926,-0.73683,0.634477,-0.233497,0.345118,-0.0600213,-0.502014
4443,1.23547,-0.866563,0.280483,-0.412793,0.350498,-0.0843573,-0.509792
4444,0.815694,-0.824258,0.556622,-0.103784,0.357628,-0.107251,-0.520121
4445,1.41043,-0.228673,0.742451,0.629663,0.36939,-0.134865,-0.537726
4446,1.26568,-0.91372,0.179461,-0.364568,0.376624,-0.147171,-0.547682
4447,0.904131,-0.943461,0.32928,-0.0381618,0.388166,-0.163515,-0.564442
4448,1.56658,-0.494683,0.44261,0.747921,0.404899,-0.180919,-0.589486
4449,1.32787,-0.310598,0.312167,0.89782,0.418664,-0.190381,-0.609535
4450,0.760422,-0.975882,0.136173,0.170621,0.428546,-0.194885,-0.623135
4451,0.682781,-0.965547,0.0491512,0.255547,0.443156,-0.198859,-0.644387
4452,1.20898,-0.224152,-0.06125,0.972628,0.462479,-0.198859,-0.673305
4453,0.856904,-0.989593,-0.122059,0.0762051,0.472621,-0.196587,-0.687265
4454,1.24367,-0.230974,-0.304573,0.92406,0.491286,-0.187579,-0.715197
4455,1.00037,-0.969289,-0.225759,-0.0975301,0.500736,-0.180919,-0.728205
4456,0.173161,-0.622015,-0.544119,0.563055,0.513682,-0.168359,-0.747068
4457,1.08124,0.0224589,-0.582129,0.812786,0.529012,-0.147171,-0.770011
4458,1.06085,-0.90633,-0.350031,-0.236737,0.536246,-0.134865,-0.779966
4459,0.476871,-0.668609,-0.730358,0.139784,0.545477,-0.114501,-0.79344
4460,1.53869,-0.218724,-0.896573,0.385119,0.555138,-0.0843573,-0.807899
4461,1.01798,0.28469,-0.805933,0.519061,0.560518,-0.0600213,-0.815677
4462,0.825623,0.484224,-0.720873,0.495852,0.564054,-0.0346586,-0.820772
4463,1.3573,-0.820627,-0.208967,-0.531887,0.565389,-0.017404,-0.822609
4464,1.41478,-0.856507,-0.157598,-0.491487,0.499364,0.00870199,-0.864942
4465,1.30654,-0.814866,-0.263398,-0.516347,0.497918,0.0346586,-0.862497
4466,0.275428,0.882295,-0.257546,0.393986,0.49352,0.0682786,-0.854643
4467,1.4242,-0.825539,-0.146416,-0.545021,0.49004,0.0843573,-0.848965
4468,1.26646,0.520299,-0.793456,-0.31578,0.481543,0.114501,-0.833792
4469,1.26665,0.56853,-0.717586,-0.402299,0.473397,0.134865,-0.819635
4470,1.12769,-0.609634,-0.300307,-0.733595,0.466967,0.147171,-0.809143
4471,0.536711,-0.06574,-0.486701,-0.871092,0.456776,0.163515,-0.791529
4472,0.224671,0.266017,-0.434673,-0.860403,0.445609,0.177061,-0.772217
4473,0.697696,-0.169927,-0.253976,-0.952166,0.433657,0.187579,-0.751539
4474,1.11202,0.816047,-0.175053,-0.550839,0.417242,0.196587,-0.722227
4475,1.01732,-0.45135,-0.0365818,-0.891597,0.408226,0.198859,-0.707515
4476,0.787602,0.961106,0.0464112,-0.272254,0.391232,0.198859,-0.677169
4477,0.507892,0.0327061,0.174126,-0.98418,0.382216,0.196587,-0.662457
4478,0.568853,-0.0435205,0.277225,-0.959819,0.36955,0.190381,-0.640504
4479,0.568471,-0.0661901,0.381145,-0.922143,0.3574,0.180919,-0.619437
4480,0.501869,0.960299,0.267416,0.0794606,0.342683,0.163515,-0.593158
4481,0.217185,0.198048,0.647995,-0.735446,0.335469,0.152921,-0.581385
4482,0.692538,-0.286446,0.591102,-0.754021,0.326062,0.134865,-0.56505
4483,1.22991,0.547417,0.783792,-0.293266,0.315718,0.107251,-0.546577
4484,1.31765,0.427611,0.86842,-0.25099,0.30942,0.0843573,-0.53572
4485,1.18277,0.475412,0.876599,-0.0745527,0.304667,0.0600213,-0.527544
4486,1.11798,-0.739256,0.435914,-0.513302,0.302313,0.0432113,-0.523704
4487,0.534816,-0.415322,0.859782,-0.297124,0.300354,0.017404,-0.520252
4488,0.216618,0.845245,0.214469,0.489452,0.300354,-0.017404,-0.520252
4489,1.23911,0.194066,0.927359,0.319912,0.302313,-0.0432113,-0.523704
4490,1.17649,-0.868171,0.352745,-0.349071,0.304667,-0.0600213,-0.527544
4491,1.16487,-0.889281,0.339835,-0.30609,0.30942,-0.0843573,-0.53572
4492,1.22972,-0.913566,0.261054,-0.311845,0.315718,-0.107251,-0.546577
4493,0.0406611,0.858679,0.0305743,0.5116,0.326062,-0.134865,-0.56505
4494,0.543758,0.556651,0.341234,0.757429,0.335469,-0.152921,-0.581385
4495,1.50294,-0.886267,0.0195856,-0.462761,0.342683,-0.163515,-0.593158
4496,0.209992,0.761995,0.0922593,0.640977,0.3574,-0.180919,-0.619437
4497,0.209965,0.756895,0.0670339,0.65009,0.36955,-0.190381,-0.640504
4498,0.251787,0.72561,0.0486415,0.686385,0.382216,-0.196587,-0.662457
4499,1.47008,-0.900822,0.00402508,-0.43417,0.391232,-0.198859,-0.677169
4500,1.28391,-0.220753,-0.0628145,0.973305,0.408226,-0.198859,-0.707515
4501,1.17234,-0.985378,-0.0687722,-0.155887,0.417242,-0.196587,-0.722227
4502,1.49149,-0.392105,-0.32061,0.862243,0.433657,-0.187579,-0.751539
4503,0.337067,0.678483,-0.146374,0.719885,0.445609,-0.177061,-0.772217
4504,0.11248,0.821387,-0.0623884,0.566949,0.456776,-0.163515,-0.791529
4505,1.10451,0.0642134,-0.589191,0.805438,0.466967,-0.147171,-0.809143
4506,0.911377,-0.893812,-0.445257,-0.0533627,0.473397,-0.134865,-0.819635
4507,0.923566,-0.866188,-0.486888,-0.112514,0.481543,-0.114501,-0.833792
4508,0.772145,0.474386,-0.625818,0.61912,0.49004,-0.0843573,-0.848965
4509,0.22715,-0.359674,-0.919909,0.15621,0.49352,-0.0682786,-0.854643
4510,0.802255,0.537981,-0.705132,0.461915,0.497918,-0.0346586,-0.862497
4511,0.63196,0.685139,-0.589466,0.427919,0.499364,-0.00870199,-0.864942
4512,0.051074,-0.0167356,-0.99669,-0.0795584,0.429962,0.00870199,-0.901455
4513,0.49369,0.83838,-0.464783,0.284773,0.428062,0.0432113,-0.897333
4514,1.06155,-0.720253,-0.472041,-0.508344,0.426017,0.0600213,-0.893319
4515,1.05196,-0.686134,-0.45828,-0.564977,0.421921,0.0843573,-0.884795
4516,1.22115,0.5295,-0.78135,-0.330335,0.41464,0.114501,-0.869003
4517,1.1535,0.620308,-0.68755,-0.377483,0.40763,0.134865,-0.854251
4518,0.804767,-0.410885,-0.471129,-0.78052,0.402043,0.147171,-0.843286
4519,0.635414,-0.22814,-0.457894,-0.859235,0.393266,0.163515,-0.824927
4520,1.22792,0.65888,-0.416836,-0.626198,0.380656,0.180919,-0.797573
4521,0.86142,-0.397336,-0.218435,-0.891297,0.373356,0.187579,-0.783247
4522,0.0862343,0.36676,-0.195008,-0.909648,0.362564,0.194885,-0.760639
4523,0.506736,-0.036361,-0.0584611,-0.997627,0.351457,0.198859,-0.737363
4524,0.77342,0.941651,0.0457502,-0.333467,0.336896,0.198859,-0.705777
4525,0.704678,-0.238386,0.153509,-0.958961,0.329062,0.196587,-0.690404
4526,1.4873,0.470766,0.320489,-0.821989,0.314998,0.187579,-0.659895
4527,0.148426,0.953674,0.0654524,0.293636,0.304706,0.177061,-0.638343
4528,1.25505,0.612815,0.528394,-0.587587,0.295088,0.163515,-0.618216
4529,1.28125,0.56088,0.632132,-0.534624,0.286311,0.147171,-0.599856
4530,1.03293,-0.620206,0.401855,-0.673689,0.280724,0.134865,-0.588891
4531,0.662133,0.859158,0.511312,0.0201826,0.27186,0.107251,-0.569663
4532,0.317593,-0.0917654,0.856884,-0.507276,0.26791,0.0921786,-0.56191
4533,0.884886,0.679262,0.732835,0.0394399,0.262337,0.0600213,-0.549822
4534,0.834775,-0.613151,0.663979,-0.427993,0.260293,0.0432113,-0.545809
4535,0.708003,-0.567947,0.759735,-0.316604,0.25861,0.017404,-0.542213
4536,0.026966,0.907082,0.0269051,0.420093,0.25861,-0.017404,-0.542213
4537,1.45181,0.0267614,0.973878,0.225488,0.260293,-0.0432113,-0.545809
4538,1.32686,-0.914785,0.217091,-0.340645,0.262337,-0.0600213,-0.549822
4539,1.30119,-0.925595,0.223839,-0.305238,0.266434,-0.0843573,-0.558346
4540,1.29253,-0.937404,0.210973,-0.277063,0.27186,-0.107251,-0.569663
4541,1.12213,0.145297,0.677664,0.720874,0.280724,-0.134865,-0.588891
4542,0.846658,-0.899145,0.422203,0.115252,0.286311,-0.147171,-0.599856
4543,1.01479,-0.960528,0.277798,0.0146373,0.295088,-0.163515,-0.618216
4544,0.522765,-0.799315,0.375471,0.469166,0.304706,-0.177061,-0.638343
4545,0.785344,-0.935247,0.218822,0.278263,0.314998,-0.187579,-0.659895
4546,0.0606786,0.88156,0.0118407,0.471924,0.329062,-0.196587,-0.690404
4547,1.54514,-0.9024,-0.000885471,-0.430899,0.336896,-0.198859,-0.705777
4548,0.17532,0.821347,-0.0114229,0.570315,0.351457,-0.198859,-0.737363
4549,0.720806,0.411266,-0.12885,0.902362,0.362564,-0.194885,-0.760639
4550,1.32419,-0.162719,-0.31189,0.936081,0.373356,-0.187579,-0.783247
4551,0.859621,-0.943329,-0.276909,0.182899,0.380656,-0.180919,-0.797573
4552,1.56141,-0.339475,-0.555817,0.758831,0.393266,-0.163515,-0.824927
4553,1.38271,-0.13931,-0.648006,0.748787,0.402043,-0.147171,-0.843286
4554,1.08121,-0.935658,-0.336369,-0.106772,0.40763,-0.134865,-0.854251
4555,1.01016,-0.898755,-0.426758,-0.100582,0.41464,-0.114501,-0.869003
4556,1.10632,0.241362,-0.80197,0.546433,0.421921,-0.0843573,-0.884795
4557,1.03125,0.351186,-0.812485,0.465335,0.426017,-0.0600213,-0.893319
4558,0.021373,-0.10798,-0.980393,0.164831,0.428062,-0.0432113,-0.897333
4559,0.42037,0.817911,-0.407227,0.406433,0.429962,-0.00870199,-0.901455
4560,0.542327,0.81525,-0.515026,0.264795,0.357733,0.017404,-0.931869
4561,1.22539,-0.856999,-0.339123,-0.388007,0.356864,0.0346586,-0.92977
4562,1.04042,-0.745802,-0.489299,-0.452068,0.354615,0.0600213,-0.923991
4563,0.365676,0.930867,-0.320754,0.174935,0.350008,0.0921786,-0.911503
4564,1.33656,0.404699,-0.808954,-0.426395,0.345181,0.114501,-0.898856
4565,1.53989,0.256983,-0.751747,-0.607319,0.33935,0.134865,-0.883599
4566,0.379294,0.967833,-0.24423,0.0604192,0.332614,0.152921,-0.865995
4567,0.430563,0.972652,-0.232008,-0.0109777,0.32509,0.168359,-0.846343
4568,1.49241,0.382883,-0.441225,-0.811617,0.316905,0.180919,-0.82498
4569,0.147838,0.976232,-0.0473765,0.211486,0.3082,0.190381,-0.802272
4570,0.0134727,0.942684,-0.00263029,0.333676,0.299124,0.196587,-0.778607
4571,0.107068,0.969734,-0.00699879,0.244064,0.289832,0.199429,-0.754389
4572,1.29708,0.58613,0.0630509,-0.80776,0.280484,0.198859,-0.730035
4573,0.134913,0.97532,0.0262608,0.219228,0.271237,0.194885,-0.70596
4574,1.29039,0.574568,0.309049,-0.757866,0.262253,0.187579,-0.682575
4575,1.04146,0.741644,0.382037,-0.551372,0.253683,0.177061,-0.660282
4576,0.562358,-0.225765,0.479685,-0.847899,0.247915,0.168359,-0.646358
4577,1.0193,0.713146,0.561818,-0.419265,0.238365,0.147171,-0.620471
4578,1.00291,-0.649959,0.420823,-0.63282,0.233655,0.134865,-0.609102
4579,0.991741,0.674267,0.696087,-0.246629,0.226327,0.107251,-0.589238
4580,1.46863,0.247886,0.892308,-0.377277,0.221805,0.0843573,-0.577529
4581,0.843243,0.706961,0.707234,0.00515119,0.21839,0.0600213,-0.56871
4582,0.817032,-0.632533,0.676723,-0.376759,0.216666,0.0432113,-0.564549
4583,1.25559,0.312346,0.948702,0.0490433,0.215095,0.00870199,-0.56029
4584,1.1769,-0.875884,0.38062,-0.296572,0.215095,-0.00870199,-0.56029
4585,1.51627,-0.0162552,0.979348,0.201525,0.216666,-0.0432113,-0.564549
4586,1.43229,-0.944722,0.118893,-0.305557,0.21839,-0.0600213,-0.56871
4587,1.23491,-0.938912,0.280924,-0.198811,0.221805,-0.0843573,-0.577529
4588,1.1644,-0.941767,0.312017,-0.125379,0.226327,-0.107251,-0.589238
4589,1.34914,-0.0162596,0.733705,0.679273,0.233655,-0.134865,-0.609102
4590,1.28157,-0.973535,0.169402,-0.1534,0.238365,-0.147171,-0.620471
4591,0.213055,0.856139,0.117536,0.503202,0.247915,-0.168359,-0.646358
4592,1.23724,-0.987974,0.130079,-0.0835909,0.253683,-0.177061,-0.660282
4593,0.974749,-0.969219,0.17053,0.17758,0.262253,-0.187579,-0.682575
4594,0.510637,-0.779217,0.166541,0.604222,0.271237,-0.194885,-0.70596
4595,0.972962,-0.978637,0.0347084,0.202646,0.280484,-0.198859,-0.730035
4596,0.407576,-0.71677,-0.0590656,0.694804,0.289832,-0.199429,-0.754389
4597,0.770701,-0.913269,-0.134721,0.384434,0.299124,-0.196587,-0.778607
4598,0.417868,-0.706728,-0.2889,0.645811,0.3082,-0.190381,-0.802272
4599,0.562238,-0.784392,-0.365909,0.500839,0.316905,-0.180919,-0.82498
4600,0.0722387,-0.38436,-0.552811,0.73937,0.32509,-0.168359,-0.846343
4601,0.173637,-0.444055,-0.646048,0.620836,0.332614,-0.152921,-0.865995
4602,0.753695,-0.821783,-0.53488,0.196407,0.33935,-0.134865,-0.883599
4603,0.923538,-0.873113,-0.486908,0.0244004,0.345181,-0.114501,-0.898856
4604,0.160604,-0.31666,-0.882844,0.346861,0.350008,-0.0921786,-0.911503
4605,1.02632,0.390841,-0.810056,0.437096,0.354615,-0.0600213,-0.923991
4606,0.872953,0.551157,-0.751537,0.362515,0.356864,-0.0346586,-0.92977
4607,1.48906,-0.937038,-0.0788905,-0.340201,0.357733,-0.017404,-0.931869
4608,0.278524,0.930242,-0.274349,0.243686,0.283517,0.017404,-0.957063
4609,1.38085,-0.933349,-0.192522,-0.302977,0.282815,0.0346586,-0.954903
4610,0.0842191,0.966381,-0.0796607,0.244462,0.280372,0.0682786,-0.946239
4611,0.952706,-0.703367,-0.532405,-0.470977,0.278313,0.0843573,-0.939905
4612,1.34812,0.359542,-0.811154,-0.461258,0.273593,0.114501,-0.923167
4613,1.16066,0.547829,-0.689717,-0.473469,0.268977,0.134865,-0.907501
4614,0.695991,-0.434643,-0.518459,-0.7364,0.265175,0.147171,-0.895797
4615,0.291482,-0.0281963,-0.537369,-0.842876,0.259378,0.163515,-0.876291
4616,0.178182,0.103836,-0.438068,-0.892925,0.253027,0.177061,-0.854906
4617,0.0867737,0.208956,-0.321231,-0.92366,0.246233,0.187579,-0.832009
4618,0.148458,0.159031,-0.194053,-0.968015,0.23911,0.194885,-0.807992
4619,0.766415,0.881218,-0.045421,-0.470524,0.22975,0.199429,-0.774803
4620,0.502085,-0.187443,0.0586012,-0.980526,0.224373,0.199429,-0.758252
4621,1.1708,0.619975,0.179833,-0.763735,0.215013,0.194885,-0.725065
4622,1.44706,0.373859,0.319139,-0.87085,0.20789,0.187579,-0.701047
4623,1.28315,0.50646,0.424429,-0.750572,0.201095,0.177061,-0.678151
4624,0.00575937,0.963737,0.00320132,0.266834,0.194745,0.163515,-0.656766
4625,1.01242,0.682943,0.559428,-0.469711,0.188948,0.147171,-0.63726
4626,0.752828,-0.505982,0.561964,-0.654353,0.185145,0.134865,-0.625556
4627,0.607187,0.876415,0.474522,-0.0820101,0.179398,0.107251,-0.605178
4628,0.395313,-0.24364,0.833687,-0.495587,0.176709,0.0921786,-0.596902
4629,0.862981,0.692,0.719533,-0.0583893,0.173096,0.0600213,-0.584092
4630,0.733642,-0.599412,0.733452,-0.320551,0.171705,0.0432113,-0.579808
4631,0.959578,0.566839,0.817201,0.10429,0.170473,0.00870199,-0.575438
4632,1.40107,-0.951997,0.165971,-0.257208,0.170473,-0.00870199,-0.575438
4633,0.0609094,0.957456,0.0597031,0.282337,0.171705,-0.0432113,-0.579808
4634,1.55949,-0.962347,-0.00124609,-0.271822,0.173096,-0.0600213,-0.584092
4635,0.497798,0.788363,0.428306,0.441631,0.176709,-0.0921786,-0.596902
4636,0.211727,-0.369394,0.809093,0.457074,0.179398,-0.107251,-0.605178
4637,0.0671385,0.948289,0.0504564,0.313373,0.185145,-0.134865,-0.625556
4638,1.29113,-0.983005,0.163276,-0.0839197,0.188948,-0.147171,-0.63726
4639,0.710643,-0.817439,0.409241,0.405358,0.194745,-0.163515,-0.656766
4640,0.998514,-0.951481,0.226457,0.208329,0.201095,-0.177061,-0.678151
4641,0.75391,-0.865132,0.226106,0.447687,0.20789,-0.187579,-0.701047
4642,1.11694,-0.988052,0.0787696,0.132475,0.215013,-0.194885,-0.725065
4643,0.00906729,0.959955,0.000593852,0.280153,0.224373,-0.199429,-0.758252
4644,1.33644,-0.996714,-0.0127041,-0.0799995,0.22975,-0.199429,-0.774803
4645,0.993337,-0.962665,-0.100197,0.251468,0.237113,-0.196587,-0.799675
4646,0.302326,0.842277,-0.0957616,0.530471,0.246233,-0.187579,-0.832009
4647,0.238523,0.877712,-0.104567,0.46764,0.253027,-0.177061,-0.854906
4648,0.309207,0.848146,-0.169157,0.50203,0.259378,-0.163515,-0.876291
4649,0.220193,0.894652,-0.144071,0.422896,0.265175,-0.147171,-0.895797
4650,1.16874,-0.960873,-0.276307,-0.0194307,0.268977,-0.134865,-0.907501
4651,0.89401,-0.855078,-0.506636,0.110277,0.273593,-0.114501,-0.923167
4652,1.15988,0.274453,-0.82232,0.498462,0.278313,-0.0843573,-0.939905
4653,0.364423,-0.435468,-0.880457,0.187519,0.280372,-0.0682786,-0.946239
4654,0.702592,0.700327,-0.633801,0.328387,0.282815,-0.0346586,-0.954903
4655,0.183841,-0.195852,-0.980566,0.0114545,0.283517,-0.017404,-0.957063
4656,1.3963,-0.963202,-0.175787,-0.203325,0.207642,0.00870199,-0.976921
4657,0.640831,0.808932,-0.586394,0.042085,0.206756,0.0432113,-0.972469
4658,1.50765,0.124446,-0.945104,-0.302143,0.205266,0.0682786,-0.96532
4659,1.11793,-0.835247,-0.406462,-0.370338,0.203711,0.0843573,-0.958844
4660,0.734761,0.800365,-0.557544,-0.220366,0.200319,0.114501,-0.941788
4661,0.354146,-0.194444,-0.711968,-0.674754,0.197846,0.128309,-0.931486
4662,0.338421,-0.158539,-0.628368,-0.76159,0.194074,0.147171,-0.913841
4663,0.0983987,0.0974559,-0.554637,-0.826365,0.189825,0.163515,-0.893939
4664,0.102558,0.108504,-0.441613,-0.89062,0.185172,0.177061,-0.872123
4665,1.52757,-0.96277,-0.025851,-0.269084,0.180195,0.187579,-0.848763
4666,0.152315,0.0787271,-0.193977,-0.977842,0.174979,0.194885,-0.824261
4667,0.447303,0.968493,-0.0283269,-0.247426,0.168251,0.199429,-0.790441
4668,0.509179,-0.27062,0.0583895,-0.960914,0.164189,0.199429,-0.773519
4669,0.37835,0.982098,0.072119,-0.174021,0.157461,0.194885,-0.739699
4670,0.109865,0.112979,0.320776,-0.940393,0.153537,0.190381,-0.723353
4671,0.0552513,0.155288,0.442524,-0.883209,0.148492,0.180919,-0.699563
4672,0.663343,0.872661,0.342263,-0.348308,0.142616,0.163515,-0.670021
4673,0.427198,-0.244635,0.608125,-0.755207,0.139393,0.152921,-0.656596
4674,1.31416,0.373304,0.727491,-0.575674,0.134595,0.128309,-0.632475
4675,0.672719,0.83461,0.518207,-0.186782,0.131363,0.107251,-0.617388
4676,0.555613,-0.428781,0.770182,-0.472194,0.129332,0.0921786,-0.608926
4677,0.970516,0.605742,0.781433,-0.149799,0.126736,0.0600213,-0.595872
4678,1.16159,0.425123,0.89984,-0.0977665,0.125417,0.0346586,-0.589812
4679,0.466293,-0.427333,0.892455,-0.144601,0.124887,0.017404,-0.587604
4680,0.332208,0.922999,0.325434,0.205342,0.124887,-0.017404,-0.587604
4681,1.20923,-0.933187,0.339895,-0.116765,0.125417,-0.0346586,-0.589812
4682,1.42465,-0.980398,0.126057,-0.151427,0.126736,-0.0600213,-0.595872
4683,0.350087,0.891718,0.307664,0.331937,0.129332,-0.0921786,-0.608926
4684,0.169692,-0.293063,0.816433,0.497545,0.131363,-0.107251,-0.617388
4685,1.03008,-0.916951,0.370347,0.148474,0.134595,-0.128309,-0.632475
4686,0.397233,0.847685,0.255177,0.465097,0.139393,-0.152921,-0.656596
4687,0.0968037,-0.287426,0.551193,0.783309,0.142616,-0.163515,-0.670021
4688,0.638098,0.683597,0.263651,0.680576,0.148492,-0.180919,-0.699563
4689,0.665077,0.65775,0.198482,0.726616,0.153537,-0.190381,-0.723353
4690,0.356822,-0.554298,0.18018,0.812582,0.157461,-0.194885,-0.739699
4691,1.56305,-0.187056,0.0654884,0.980164,0.164189,-0.199429,-0.773519
4692,1.48992,-0.988047,-0.00272921,-0.154127,0.168251,-0.199429,-0.790441
4693,0.781272,0.561657,-0.137484,0.815867,0.174979,-0.194885,-0.824261
4694,0.485539,0.781233,-0.150096,0.605926,0.180195,-0.187579,-0.848763
4695,0.273537,0.897053,-0.119568,0.425441,0.185172,-0.177061,-0.872123
4696,1.51598,-0.108201,-0.555001,0.824783,0.189825,-0.163515,-0.893939
4697,1.15606,-0.963994,-0.247893,0.0962556,0.193048,-0.152921,-0.907365
4698,0.285767,0.904764,-0.212016,0.369394,0.197846,-0.128309,-0.931486
4699,1.49824,-0.985019,-0.0422261,-0.167194,0.200319,-0.114501,-0.941788
4700,0.951809,0.498832,-0.730599,0.466254,0.203711,-0.0843573,-0.958844
4701,0.523754,-0.555035,-0.814028,0.171154,0.205266,-0.0682786,-0.96532
4702,1.41557,-0.97572,-0.14419,-0.164865,0.206756,-0.0432113,-0.972469
4703,0.641885,0.777945,-0.597426,0.194637,0.207642,-0.00870199,-0.976921
4704,0.0210705,-0.0107572,-0.997691,-0.0670633,0.130354,0.00870199,-0.990201
4705,1.32368,0.265125,-0.951024,-0.15894,0.12982,0.0432113,-0.985693
4706,1.04388,-0.832591,-0.486528,-0.264733,0.129115,0.0600213,-0.981244
4707,0.799363,-0.663013,-0.636396,-0.394225,0.127853,0.0843573,-0.971871
4708,0.75543,0.76768,-0.570184,-0.292504,0.12581,0.114501,-0.954602
4709,0.573079,-0.450543,-0.642303,-0.620047,0.124153,0.128309,-0.944138
4710,1.18418,0.456264,-0.610897,-0.647014,0.121262,0.152921,-0.919715
4711,0.48341,-0.344711,-0.500339,-0.794251,0.119102,0.163515,-0.906077
4712,1.28941,0.377019,-0.425168,-0.822854,0.115561,0.180919,-0.876165
4713,1.04672,0.593312,-0.278453,-0.755278,0.112398,0.190381,-0.852052
4714,0.444795,-0.286556,-0.179353,-0.941126,0.109769,0.194885,-0.835449
4715,0.328182,0.977875,-0.0211089,-0.208124,0.105716,0.199429,-0.801205
4716,0.417393,-0.25768,0.0608664,-0.964311,0.102993,0.199429,-0.784017
4717,0.313771,0.980165,0.060258,-0.188802,0.09894,0.194885,-0.749773
4718,0.096529,0.0522236,0.32105,-0.945621,0.09631,0.190381,-0.733169
4719,0.028049,0.112499,0.442596,-0.889637,0.0931466,0.180919,-0.709056
4720,0.331914,0.9707,0.181131,-0.157904,0.0896066,0.163515,-0.679145
4721,0.255893,-0.136761,0.642764,-0.753758,0.0874466,0.152921,-0.665507
4722,1.37283,-0.951099,0.166954,-0.259879,0.0850073,0.134865,-0.646817
4723,0.881885,0.681669,0.641986,-0.350972,0.0825186,0.107251,-0.625791
4724,1.15988,0.44431,0.822346,-0.355438,0.0808546,0.0843573,-0.613352
4725,0.308527,-0.253526,0.905826,-0.339416,0.0798133,0.0682786,-0.606774
4726,0.730405,0.755025,0.654374,-0.0416078,0.0787553,0.0346586,-0.597834
4727,0.684981,-0.620327,0.774393,-0.124537,0.0783993,0.017404,-0.59559
4728,0.0863013,0.988713,0.0860095,0.122677,0.0783993,-0.017404,-0.59559
4729,0.0303688,-0.0607138,0.980107,0.188954,0.0787553,-0.0346586,-0.597834
4730,0.50173,0.852515,0.455454,0.256476,0.0798133,-0.0682786,-0.606774
4731,1.35115,-0.983257,0.180219,-0.0269588,0.0808546,-0.0843573,-0.613352
4732,1.56951,-0.99152,-0.0170846,-0.128828,0.0825186,-0.107251,-0.625791
4733,0.983296,0.485967,0.626016,0.609869,0.0850073,-0.134865,-0.646817
4734,0.484536,0.837621,0.307232,0.451663,0.0874466,-0.152921,-0.665507
4735,0.408005,-0.511924,0.502766,0.696535,0.0896066,-0.163515,-0.679145
4736,0.648465,0.72784,0.267318,0.631498,0.0931466,-0.180919,-0.709056
4737,0.506074,0.814638,0.155903,0.558623,0.09631,-0.190381,-0.733169
4738,0.191531,-0.338677,0.19009,0.921501,0.09894,-0.194885,-0.749773
4739,0.0864095,0.979239,0.00565234,0.202632,0.102993,-0.199429,-0.784017
4740,0.200751,-0.349927,-0.0636139,0.934615,0.105716,-0.199429,-0.801205
4741,0.143163,0.966459,-0.0278568,0.255307,0.109769,-0.194885,-0.835449
4742,1.08585,-0.943338,-0.139262,0.301196,0.112398,-0.190381,-0.852052
4743,0.709708,-0.750733,-0.32534,0.574938,0.115561,-0.180919,-0.876165
4744,0.0261359,0.990178,-0.0145264,0.139059,0.119102,-0.163515,-0.906077
4745,1.43016,-0.996742,-0.0731095,-0.0340665,0.121262,-0.152921,-0.919715
4746,1.55211,-0.0588926,-0.751995,0.656533,0.124153,-0.128309,-0.944138
4747,1.54655,-0.993223,-0.00201322,-0.116206,0.12581,-0.114501,-0.954602
4748,1.24636,0.267325,-0.850226,0.45349,0.127853,-0.0843573,-0.971871
4749,1.02327,0.484733,-0.80856,0.333564,0.129115,-0.0600213,-0.981244
4750,0.74744,-0.69734,-0.714192,0.0603896,0.12982,-0.0432113,-0.985693
4751,0.448108,0.891691,-0.432335,0.134061,0.130354,-0.00870199,-0.990201
4752,0.734236,0.74349,-0.668587,-0.0146294,0.0522613,0.017404,-0.996805
4753,1.51139,0.0669628,-0.979084,-0.192122,0.0520827,0.0432113,-0.99284
4754,1.25167,-0.940637,-0.308432,-0.141673,0.0517293,0.0600213,-0.988349
4755,0.684392,-0.604538,-0.704743,-0.371311,0.0512067,0.0843573,-0.978906
4756,0.704242,0.775632,-0.538485,-0.329286,0.050524,0.114501,-0.96153
4757,0.490393,-0.424549,-0.6724,-0.60633,0.0496933,0.128309,-0.950969
4758,0.0994056,-0.0403092,-0.657966,-0.751968,0.048728,0.147171,-0.93295
4759,0.82736,0.700321,-0.409208,-0.584893,0.0476447,0.168359,-0.905378
4760,0.104875,-0.0343884,-0.441511,-0.896596,0.046462,0.177061,-0.890353
4761,1.5475,-0.995154,-0.0194443,-0.0963872,0.0452,0.187579,-0.866502
4762,0.907803,0.645367,-0.153878,-0.748213,0.0438813,0.196587,-0.832933
4763,0.375731,0.943897,-0.0240326,-0.329364,0.042528,0.199429,-0.80703
4764,0.425554,-0.34026,0.0606596,-0.938373,0.0411627,0.199429,-0.78968
4765,0.719648,0.776831,0.128695,-0.616418,0.0398087,0.194885,-0.755224
4766,1.05666,0.523795,0.280024,-0.804503,0.0384893,0.187579,-0.730208
4767,1.14044,0.44887,0.402256,-0.797938,0.037228,0.177061,-0.706357
4768,0.822453,0.703831,0.40733,-0.581984,0.0360453,0.163515,-0.684081
4769,1.07633,0.500167,0.580607,-0.64244,0.034962,0.147171,-0.66376
4770,1.11687,0.46142,0.675946,-0.57462,0.0339967,0.128309,-0.645743
4771,0.504586,0.885248,0.402061,-0.233846,0.0331654,0.107251,-0.630336
4772,0.116384,-0.0815069,0.892636,-0.443349,0.0324827,0.0921786,-0.621662
4773,0.118678,-0.0932285,0.941674,-0.323354,0.03196,0.0682786,-0.611165
4774,0.384665,0.929082,0.368049,-0.0366843,0.0316067,0.0346586,-0.60217
4775,0.463618,-0.442256,0.893666,-0.0759672,0.0314287,0.017404,-0.599906
4776,0.123274,0.99133,0.122699,0.0470158,0.0314287,-0.017404,-0.599906
4777,0.202031,-0.215466,0.959334,0.182354,0.0316067,-0.0346586,-0.60217
4778,0.407827,0.912277,0.375593,0.163345,0.03196,-0.0682786,-0.611165
4779,0.0291918,-0.0638448,0.896058,0.439322,0.0324827,-0.0843573,-0.617804
4780,1.44011,-0.99568,0.090393,0.0212446,0.0331654,-0.107251,-0.630336
4781,1.11392,-0.918673,0.314197,0.239416,0.0339967,-0.128309,-0.645743
4782,1.14545,-0.933331,0.25435,0.253378,0.034962,-0.147171,-0.66376
4783,1.4693,-0.999109,0.0382203,0.0179267,0.0360453,-0.163515,-0.684081
4784,1.01983,-0.886599,0.218306,0.40778,0.037228,-0.177061,-0.706357
4785,1.04274,-0.898772,0.151605,0.411369,0.0384893,-0.187579,-0.730208
4786,1.35308,-0.990096,0.0347931,0.136009,0.0398087,-0.194885,-0.755224
4787,0.0181999,0.998351,0.0011918,0.0573965,0.0411627,-0.199429,-0.78968
4788,0.166832,-0.242748,-0.0641074,0.967969,0.042528,-0.199429,-0.80703
4789,1.07488,-0.913495,-0.0862332,0.397605,0.0438813,-0.196587,-0.832933
4790,0.548826,0.833087,-0.167787,0.52708,0.0452,-0.187579,-0.866502
4791,0.432786,0.892338,-0.18562,0.411433,0.046462,-0.177061,-0.890353
4792,1.14487,-0.935446,-0.213029,0.282062,0.0476447,-0.168359,-0.905378
4793,0.762541,0.702143,-0.455609,0.54719,0.048728,-0.147171,-0.93295
4794,0.149067,0.984304,-0.1117,0.136636,0.0496933,-0.128309,-0.950969
4795,0.145995,-0.188375,-0.820012,0.540458,0.050524,-0.114501,-0.96153
4796,1.35441,0.197587,-0.876082,0.439819,0.0512067,-0.0843573,-0.978906
4797,0.808154,0.681182,-0.684689,0.259214,0.0517293,-0.0600213,-0.988349
4798,0.586166,-0.565434,-0.812914,0.139481,0.0520827,-0.0432113,-0.99284
4799,1.30914,-0.966552,-0.255591,-0.0212043,0.0522613,-0.017404,-0.996805
4800,1.5258,0.0423874,-0.99685,-0.0670369,-0.0261079,0.017404,-0.997833
4801,1.03345,-0.858434,-0.508477,-0.0673958,-0.0261079,0.0346586,-0.995561
4802,0.935355,-0.804253,-0.571647,-0.162469,-0.0259746,0.0600213,-0.989361
4803,0.641348,-0.597905,-0.727965,-0.335525,-0.0257546,0.0843573,-0.979906
4804,0.599631,0.812603,-0.469364,-0.345506,-0.0250719,0.114501,-0.96253
4805,0.21837,-0.216544,-0.738206,-0.638874,-0.0250719,0.128309,-0.951936
4806,0.0197581,-0.0197502,-0.659556,-0.751396,-0.0246213,0.147171,-0.933897
4807,0.941804,-0.808428,-0.341531,-0.479375,-0.0241066,0.163515,-0.913553
4808,1.28779,-0.960075,-0.138476,-0.243064,-0.0235373,0.177061,-0.891253
4809,1.43213,-0.990322,-0.0562676,-0.126869,-0.0229239,0.187579,-0.867377
4810,1.15476,-0.914672,-0.0857251,-0.395002,-0.0222759,0.194885,-0.842335
4811,0.293953,0.945018,-0.0189745,-0.326466,-0.0209226,0.199429,-0.807879
4812,0.162309,-0.161597,0.0649927,-0.984714,-0.0209226,0.199429,-0.790475
4813,0.997725,-0.840215,0.112105,-0.530539,-0.0202399,0.196587,-0.764545
4814,1.13425,-0.906146,0.146727,-0.396699,-0.0195686,0.190381,-0.739209
4815,0.172888,0.978276,0.0761379,-0.19282,-0.0183073,0.177061,-0.707101
4816,1.27238,-0.955577,0.180681,-0.232866,-0.0183073,0.168359,-0.692029
4817,1.21565,-0.93728,0.247523,-0.245434,-0.0177379,0.152921,-0.670993
4818,0.248579,0.962146,0.185045,-0.200082,-0.0167726,0.128309,-0.64642
4819,1.33403,-0.971583,0.212672,-0.103908,-0.0167726,0.114501,-0.635826
4820,0.022603,-0.0225871,0.896983,-0.441487,-0.0163926,0.0921786,-0.622294
4821,1.00331,0.526459,0.798576,-0.291749,-0.0158699,0.0600213,-0.608994
4822,0.447651,0.897455,0.424544,-0.119734,-0.0157366,0.0346586,-0.602794
4823,0.34873,-0.341442,0.93867,-0.0481335,-0.0157366,0.017404,-0.600522
4824,0.404664,0.919537,0.392867,-0.0103866,-0.0157366,-0.017404,-0.600522
4825,0.285687,-0.281608,0.938912,0.197843,-0.0157366,-0.0346586,-0.602794
4826,1.30667,-0.964652,0.235673,0.117921,-0.0158699,-0.0600213,-0.608994
4827,1.01817,0.5393,0.763479,0.355324,-0.0163926,-0.0921786,-0.622294
4828,0.94395,0.603805,0.673555,0.426313,-0.0167726,-0.114501,-0.635826
4829,0.439907,-0.42567,0.672,0.605988,-0.0167726,-0.128309,-0.64642
4830,1.14974,0.435352,0.601979,0.669395,-0.0177379,-0.152921,-0.670993
4831,0.937046,0.618014,0.447919,0.646086,-0.0183073,-0.168359,-0.692029
4832,0.397755,-0.387291,0.401747,0.829822,-0.0183073,-0.177061,-0.707101
4833,1.0254,0.55013,0.274968,0.788511,-0.0195686,-0.190381,-0.739209
4834,1.10295,0.484986,0.174266,0.856983,-0.0202399,-0.196587,-0.764545
4835,0.240527,0.979795,0.0156003,0.199393,-0.0209226,-0.199429,-0.790475
4836,0.276159,-0.272661,-0.0622593,0.960094,-0.0209226,-0.199429,-0.807879
4837,0.935531,0.62393,-0.157157,0.765515,-0.0222759,-0.194885,-0.842335
4838,0.631197,0.828636,-0.189797,0.526631,-0.0229239,-0.187579,-0.867377
4839,0.796585,0.723781,-0.316439,0.613194,-0.0235373,-0.177061,-0.891253
4840,1.11329,0.470657,-0.498694,0.727864,-0.0241066,-0.163515,-0.913553
4841,0.785369,0.727446,-0.466385,0.503296,-0.0246213,-0.147171,-0.933897
4842,0.554554,0.863108,-0.396026,0.313383,-0.0250719,-0.128309,-0.951936
4843,0.325805,-0.319901,-0.781959,0.53498,-0.0250719,-0.114501,-0.96253
4844,1.38686,0.199822,-0.881864,0.427067,-0.0257546,-0.0843573,-0.979906
4845,1.12303,0.443986,-0.853637,0.27236,-0.0259746,-0.0600213,-0.989361
4846,1.02774,0.522909,-0.839716,0.146438,-0.0261079,-0.0346586,-0.995561
4847,0.536171,-0.510456,-0.85652,0.0762165,-0.0261079,-0.017404,-0.997833
4848,0.331567,0.936477,-0.324829,-0.132274,-0.104317,0.017404,-0.992709
4849,0.439575,0.888909,-0.417391,-0.188747,-0.103872,0.0432113,-0.988764
4850,1.31135,-0.966688,-0.254478,0.0274841,-0.103519,0.0600213,-0.984273
4851,0.629702,-0.613316,-0.734018,-0.291652,-0.102557,0.0843573,-0.974865
4852,0.625575,0.766791,-0.487009,-0.418156,-0.100513,0.114501,-0.957595
4853,0.11824,-0.168662,-0.748912,-0.640847,-0.0996825,0.128309,-0.947034
4854,0.622923,0.755011,-0.384803,-0.530928,-0.0967925,0.152921,-0.922611
4855,0.0952682,-0.159712,-0.554782,-0.816522,-0.0957085,0.163515,-0.908846
4856,0.493521,0.824631,-0.209666,-0.525379,-0.0921679,0.180919,-0.878934
4857,0.135405,-0.208152,-0.320074,-0.924243,-0.0909066,0.187579,-0.862905
4858,0.293806,0.917131,-0.0565408,-0.394554,-0.0869586,0.196587,-0.829543
4859,1.09216,-0.920929,-0.0324182,-0.38838,-0.0856052,0.198859,-0.812341
4860,1.11328,-0.928952,0.0312079,-0.368883,-0.0828786,0.199429,-0.786397
4861,0.948268,-0.854672,0.119862,-0.505142,-0.0801632,0.196587,-0.760601
4862,1.24348,-0.967502,0.114645,-0.225381,-0.0775059,0.190381,-0.735395
4863,0.188111,0.955841,0.0827706,-0.281986,-0.0737292,0.177061,-0.703485
4864,0.47739,0.837163,0.255387,-0.483669,-0.0714126,0.163515,-0.681298
4865,0.117952,-0.175655,0.657039,-0.733106,-0.0703292,0.152921,-0.667533
4866,0.292387,0.928599,0.216787,-0.301178,-0.0674386,0.128309,-0.643111
4867,0.74843,0.683271,0.565934,-0.461367,-0.0658492,0.107251,-0.627764
4868,0.542881,-0.543131,0.775982,-0.32072,-0.0651666,0.0921786,-0.619089
4869,0.619065,0.786867,0.549516,-0.280843,-0.0636019,0.0600213,-0.605872
4870,0.776426,0.692426,0.68729,-0.219496,-0.0629826,0.0346586,-0.599701
4871,0.654909,0.782925,0.607784,-0.132765,-0.0627152,0.00870199,-0.596872
4872,1.46679,-0.987185,0.101038,0.123521,-0.0627152,-0.00870199,-0.596872
4873,1.56747,-0.993161,-0.00426223,0.116672,-0.0629826,-0.0346586,-0.599701
4874,0.124065,-0.0979035,0.938162,0.332063,-0.0636019,-0.0600213,-0.605872
4875,0.270316,0.970879,0.23954,0.00394675,-0.0651666,-0.0921786,-0.619089
4876,0.0509057,-0.00707198,0.829459,0.558522,-0.0658492,-0.107251,-0.627764
4877,0.419589,-0.357978,0.678718,0.641244,-0.0674386,-0.128309,-0.643111
4878,0.544194,0.895342,0.341502,0.285899,-0.0703292,-0.152921,-0.667533
4879,0.113299,-0.047706,0.549935,0.833844,-0.0714126,-0.163515,-0.681298
4880,0.37485,-0.299279,0.405915,0.863519,-0.0737292,-0.177061,-0.703485
4881,0.89169,0.710351,0.250249,0.657858,-0.0775059,-0.190381,-0.735395
4882,1.12041,0.536046,0.175781,0.825685,-0.0801632,-0.196587,-0.760601
4883,0.794532,0.779458,0.0467276,0.62471,-0.0828786,-0.199429,-0.786397
4884,1.16025,0.50388,-0.0600502,0.861684,-0.0856052,-0.198859,-0.812341
4885,0.143291,-0.0662227,-0.19202,0.979154,-0.0869586,-0.196587,-0.829543
4886,0.313067,0.979076,-0.0990533,0.177762,-0.0909066,-0.187579,-0.862905
4887,1.53389,-0.992893,-0.000729407,0.119012,-0.0921679,-0.180919,-0.878934
4888,0.348152,0.96682,-0.189643,0.171156,-0.0957085,-0.163515,-0.908846
4889,0.120974,-0.0615189,-0.652121,0.755614,-0.0967925,-0.152921,-0.922611
4890,0.618566,0.853983,-0.436126,0.283739,-0.0996825,-0.128309,-0.947034
4891,0.355974,-0.305656,-0.773041,0.555861,-0.100513,-0.114501,-0.957595
4892,1.37539,0.243782,-0.879929,0.407792,-0.102557,-0.0843573,-0.974865
4893,0.735855,0.761464,-0.635642,0.127011,-0.103519,-0.0600213,-0.984273
4894,0.0503498,-0.0347163,-0.979163,0.200084,-0.103872,-0.0432113,-0.988764
4895,0.189685,-0.18214,-0.979489,0.0861716,-0.104317,-0.017404,-0.992709
4896,1.41199,-0.970083,-0.160394,0.182245,-0.182016,0.00870199,-0.982018
4897,0.141127,0.965685,-0.137961,-0.220042,-0.18113,0.0432113,-0.977566
4898,1.0913,-0.894019,-0.447434,0.0230796,-0.180424,0.0600213,-0.973117
4899,0.418528,-0.462301,-0.825835,-0.322916,-0.178729,0.0843573,-0.963813
4900,1.05136,0.392804,-0.721953,-0.56964,-0.175336,0.114501,-0.946757
4901,0.989409,0.43118,-0.628553,-0.647306,-0.172336,0.134865,-0.930703
4902,0.554189,0.756818,-0.347111,-0.553841,-0.16888,0.152921,-0.912173
4903,0.196263,-0.319737,-0.548446,-0.772642,-0.166721,0.163515,-0.898535
4904,0.197728,0.927316,-0.0869394,-0.364042,-0.160845,0.180919,-0.868993
4905,0.031445,-0.179052,-0.321638,-0.929779,-0.15833,0.187579,-0.853113
4906,1.55396,-0.174791,-0.195205,-0.965061,-0.151776,0.196587,-0.820163
4907,1.38754,-0.999567,-0.0144471,-0.0256199,-0.149077,0.198859,-0.803121
4908,0.55857,0.728535,0.0347106,-0.684129,-0.142291,0.198859,-0.769009
4909,0.735561,0.598816,0.131002,-0.7901,-0.137595,0.194885,-0.743651
4910,0.997422,0.376867,0.270181,-0.885987,-0.133037,0.187579,-0.719017
4911,0.477404,0.790754,0.203367,-0.577365,-0.128697,0.177061,-0.695532
4912,0.473482,0.798932,0.253469,-0.5454,-0.124647,0.163515,-0.673595
4913,0.879701,0.51215,0.508239,-0.692384,-0.120956,0.147171,-0.653583
4914,0.463019,0.820094,0.335938,-0.46324,-0.117689,0.128309,-0.635838
4915,0.37463,0.873115,0.304326,-0.380862,-0.1149,0.107251,-0.620662
4916,0.255126,-0.314804,0.871785,-0.375353,-0.113539,0.0921786,-0.612068
4917,0.549648,0.803583,0.494699,-0.330949,-0.110942,0.0600213,-0.599014
4918,0.78085,0.669897,0.690384,-0.273146,-0.10984,0.0346586,-0.592911
4919,0.537593,0.835908,0.510973,-0.200409,-0.109352,0.00870199,-0.590112
4920,0.123721,-0.110873,0.98991,0.0882306,-0.109352,-0.00870199,-0.590112
4921,1.52097,-0.978308,0.0413306,0.202989,-0.10984,-0.0346586,-0.592911
4922,0.170279,-0.116745,0.931205,0.345295,-0.110942,-0.0600213,-0.599014
4923,0.569285,0.872583,0.48352,0.0693386,-0.113539,-0.0921786,-0.612068
4924,0.396529,-0.299442,0.759936,0.576916,-0.1149,-0.107251,-0.620662
4925,0.164121,-0.0589927,0.738589,0.67157,-0.117689,-0.128309,-0.635838
4926,1.24502,-0.895234,0.192586,0.401828,-0.120956,-0.147171,-0.653583
4927,0.136294,-0.00507349,0.54795,0.836496,-0.124647,-0.163515,-0.673595
4928,0.054162,0.0866818,0.44084,0.89339,-0.128697,-0.177061,-0.695532
4929,1.02264,-0.765158,0.157286,0.624336,-0.133037,-0.187579,-0.719017
4930,1.22846,-0.878628,0.058405,0.473922,-0.137595,-0.194885,-0.743651
4931,1.2382,-0.882557,0.0189424,0.469824,-0.142291,-0.198859,-0.769009
4932,0.785838,0.830925,-0.0463287,0.554452,-0.149077,-0.198859,-0.803121
4933,0.46207,-0.302861,-0.171278,0.937518,-0.151776,-0.196587,-0.820163
4934,0.429773,0.968557,-0.134017,0.209613,-0.15833,-0.187579,-0.853113
4935,0.303917,-0.161252,-0.417373,0.894314,-0.160845,-0.180919,-0.868993
4936,0.152506,0.994038,-0.0844447,-0.0689751,-0.166721,-0.163515,-0.898535
4937,0.21668,-0.096867,-0.639691,0.762504,-0.16888,-0.152921,-0.912173
4938,1.24773,-0.900147,-0.220231,0.37581,-0.172336,-0.134865,-0.930703
4939,1.53028,-0.978577,-0.0156167,0.205287,-0.175336,-0.114501,-0.946757
4940,1.55379,0.102893,-0.896895,0.430107,-0.178729,-0.0843573,-0.963813
4941,0.938349,0.630311,-0.763833,0.138806,-0.180424,-0.0600213,-0.973117
4942,0.370878,-0.327063,-0.911406,0.249737,-0.18113,-0.0432113,-0.977566
4943,0.721608,0.74474,-0.659181,-0.104123,-0.182016,-0.00870199,-0.982018
4944,0.163732,-0.171972,-0.984927,-0.0185322,-0.258502,0.00870199,-0.96471
4945,0.432396,0.851705,-0.411009,-0.32507,-0.25727,0.0432113,-0.960341
4946,0.348535,0.874808,-0.323418,-0.360709,-0.255352,0.0682786,-0.953295
4947,1.1744,0.260922,-0.827469,-0.497207,-0.252606,0.0921786,-0.943151
4948,0.551356,-0.616221,-0.717771,-0.324155,-0.250574,0.107251,-0.934689
4949,0.587686,0.701792,-0.417,-0.57758,-0.244828,0.134865,-0.914311
4950,0.582766,0.691313,-0.362999,-0.624754,-0.239928,0.152921,-0.89611
4951,0.151398,-0.338072,-0.551929,-0.762287,-0.236704,0.163515,-0.882684
4952,0.158845,0.911835,-0.0700127,-0.404542,-0.228529,0.180919,-0.853695
4953,1.32211,-0.995873,-0.0906863,0.00347027,-0.224776,0.187579,-0.838061
4954,1.4218,-0.120413,-0.193076,-0.973767,-0.215656,0.196587,-0.805727
4955,1.1325,-0.97928,-0.0300967,-0.200263,-0.211628,0.198859,-0.788949
4956,0.76207,-0.839826,0.0491109,-0.54063,-0.204877,0.199429,-0.763751
4957,1.5445,-0.240791,0.195172,-0.950751,-0.195517,0.194885,-0.730563
4958,1.03018,-0.946606,0.175647,-0.270341,-0.191592,0.190381,-0.714217
4959,0.78748,-0.835335,0.323191,-0.444706,-0.185287,0.180919,-0.690729
4960,0.812232,-0.837066,0.395326,-0.378204,-0.179352,0.168359,-0.668635
4961,1.50481,-0.140105,0.65816,-0.739727,-0.171862,0.147171,-0.642078
4962,1.16453,-0.948891,0.31502,-0.0191875,-0.16899,0.134865,-0.630112
4963,0.300192,0.87485,0.245919,-0.417326,-0.163242,0.107251,-0.609734
4964,0.968591,0.446312,0.739236,-0.504318,-0.160019,0.0843573,-0.597604
4965,0.194881,0.927358,0.183384,-0.326157,-0.157599,0.0600213,-0.588463
4966,1.10458,-0.880562,0.447554,0.155903,-0.156547,0.0432113,-0.584083
4967,1.14129,-0.881416,0.41791,0.220131,-0.155491,0.017404,-0.580256
4968,1.1695,0.392274,0.918589,-0.0481238,-0.155491,-0.017404,-0.580256
4969,1.0755,0.503999,0.862951,0.0360632,-0.156547,-0.0432113,-0.584083
4970,0.568708,-0.455621,0.791445,0.407461,-0.157599,-0.0600213,-0.588463
4971,1.35493,-0.9199,0.176853,0.35001,-0.160019,-0.0843573,-0.597604
4972,0.366897,-0.225253,0.76961,0.597463,-0.163242,-0.107251,-0.609734
4973,1.13974,0.564659,0.683324,0.462848,-0.16899,-0.134865,-0.630112
4974,0.734584,-0.518605,0.476237,0.710103,-0.171862,-0.147171,-0.642078
4975,1.34751,0.433175,0.542044,0.720102,-0.179352,-0.168359,-0.668635
4976,1.27394,0.514297,0.42326,0.745888,-0.185287,-0.180919,-0.690729
4977,1.00249,0.734599,0.271066,0.622003,-0.191592,-0.190381,-0.714217
4978,0.266318,-0.0349207,0.18624,0.981884,-0.195517,-0.194885,-0.730563
4979,1.08662,0.687719,0.0579628,0.723659,-0.204877,-0.199429,-0.763751
4980,0.880799,0.821543,-0.0505093,0.567906,-0.211628,-0.198859,-0.788949
4981,0.391917,-0.159662,-0.17743,0.971096,-0.215656,-0.196587,-0.805727
4982,1.20172,-0.826169,-0.104805,0.553589,-0.222224,-0.190381,-0.830207
4983,0.163461,0.0486088,-0.433909,0.899645,-0.228529,-0.180919,-0.853695
4984,0.0887418,0.978665,-0.0492618,-0.199471,-0.236704,-0.163515,-0.882684
4985,0.0787906,0.0987909,-0.655731,0.748503,-0.239928,-0.152921,-0.89611
4986,0.0845063,0.0718166,-0.74754,0.660323,-0.244828,-0.134865,-0.914311
4987,0.498284,0.917462,-0.397461,0.0169687,-0.250574,-0.107251,-0.934689
4988,0.734964,-0.570057,-0.654938,0.496075,-0.252606,-0.0921786,-0.943151
4989,0.0666772,0.0106366,-0.944014,0.329734,-0.255352,-0.0682786,-0.953295
4990,0.0468968,0.000377406,-0.97936,0.202123,-0.25727,-0.0432113,-0.960341
4991,0.488931,0.858021,-0.468678,-0.2101,-0.258502,-0.00870199,-0.96471
4992,1.32554,-0.915076,-0.24478,0.320498,-0.333396,0.00870199,-0.941455
4993,1.0086,-0.826322,-0.529192,0.192738,-0.332476,0.0346586,-0.938768
4994,0.491331,0.774747,-0.446791,-0.447376,-0.32936,0.0682786,-0.930322
4995,1.45438,-0.0429807,-0.890918,-0.452126,-0.325826,0.0921786,-0.920424
4996,0.684308,-0.728572,-0.655769,-0.197863,-0.323137,0.107251,-0.912148
4997,0.497618,0.715529,-0.358999,-0.599281,-0.315809,0.134865,-0.892284
4998,0.498476,0.69966,-0.315346,-0.641118,-0.309497,0.152921,-0.874523
4999,1.32447,-0.981149,-0.153096,0.117937,-0.30523,0.163515,-0.861392
5000,0.843417,-0.892777,-0.305722,-0.330882,-0.297798,0.177061,-0.840359
5001,1.49997,-0.260505,-0.320822,-0.91061,-0.286676,0.190381,-0.810213
5002,0.749071,-0.86926,-0.147981,-0.471686,-0.281482,0.194885,-0.794225
5003,1.43312,-0.213345,-0.0648751,-0.974821,-0.269547,0.199429,-0.761873
5004,1.18921,-0.997432,0.0267479,-0.0664375,-0.264169,0.199429,-0.745322
5005,0.697663,-0.84292,0.154351,-0.515424,-0.255506,0.196587,-0.720873
5006,1.5701,-0.327077,0.321598,-0.888592,-0.243879,0.187579,-0.689353
5007,1.21785,-0.985865,0.167529,0.00194347,-0.23891,0.180919,-0.674061
5008,0.442527,0.724617,0.238028,-0.646741,-0.228485,0.163515,-0.645804
5009,0.128751,0.897029,0.084691,-0.433782,-0.22171,0.147171,-0.626615
5010,0.584428,0.656638,0.414946,-0.629798,-0.215706,0.128309,-0.609599
5011,0.309019,0.835308,0.252934,-0.488145,-0.210578,0.107251,-0.595047
5012,0.182137,0.894961,0.162473,-0.415509,-0.206413,0.0843573,-0.583207
5013,1.28399,-0.929238,0.279343,0.241835,-0.204355,0.0682786,-0.576873
5014,0.331214,0.865243,0.318953,-0.386812,-0.20124,0.0346586,-0.568428
5015,0.365311,-0.354096,0.932914,0.0654831,-0.200538,0.017404,-0.566268
5016,0.551379,0.811,0.522741,-0.262716,-0.200538,-0.017404,-0.566268
5017,0.242162,-0.16661,0.950356,0.2628,-0.20124,-0.0346586,-0.568428
5018,1.00715,0.595216,0.80053,0.0697863,-0.204355,-0.0682786,-0.576873
5019,0.504501,-0.335055,0.777591,0.532063,-0.206413,-0.0843573,-0.583207
5020,0.397409,-0.206317,0.759673,0.61671,-0.210578,-0.107251,-0.595047
5021,0.0945441,0.11372,0.746644,0.655431,-0.215706,-0.128309,-0.609599
5022,0.589022,-0.332064,0.537405,0.775196,-0.22171,-0.147171,-0.626615
5023,0.0840968,0.176483,0.552066,0.814909,-0.228485,-0.163515,-0.645804
5024,0.757135,0.895057,0.304007,0.32627,-0.23891,-0.180919,-0.674061
5025,0.38483,-0.0852976,0.293384,0.952182,-0.243879,-0.187579,-0.689353
5026,1.19953,0.656696,0.181947,0.731878,-0.255506,-0.196587,-0.720873
5027,0.606397,0.967751,0.0373226,0.249129,-0.264169,-0.199429,-0.745322
5028,0.53346,-0.218106,-0.0550459,0.974372,-0.269547,-0.199429,-0.761873
5029,0.990397,0.798332,-0.163261,0.579666,-0.281482,-0.194885,-0.794225
5030,0.690092,-0.378975,-0.240244,0.893678,-0.286676,-0.190381,-0.810213
5031,1.30821,0.543272,-0.427406,0.72262,-0.297798,-0.177061,-0.840359
5032,0.419896,0.973982,-0.226619,0.00189176,-0.30523,-0.163515,-0.861392
5033,0.197409,0.0424676,-0.642701,0.764939,-0.309497,-0.152921,-0.874523
5034,0.19498,0.0170111,-0.73382,0.679131,-0.315809,-0.134865,-0.892284
5035,0.309214,0.95218,-0.253091,-0.171165,-0.323137,-0.107251,-0.912148
5036,0.507168,-0.337428,-0.776398,0.532305,-0.325826,-0.0921786,-0.920424
5037,0.0579763,0.0447799,-0.944637,0.325047,-0.32936,-0.0682786,-0.930322
5038,0.563884,0.829008,-0.52422,-0.194782,-0.332476,-0.0346586,-0.938768
5039,1.37672,-0.916742,-0.189921,0.351446,-0.333177,-0.017404,-0.940928
5040,0.48831,0.789168,-0.468132,-0.397576,-0.405975,0.017404,-0.911887
5041,0.0653434,-0.133794,-0.979184,-0.152638,-0.405106,0.0346586,-0.909788
5042,1.04228,-0.847659,-0.487825,0.208567,-0.40261,0.0600213,-0.90411
5043,0.339018,0.794913,-0.298312,-0.528321,-0.397038,0.0921786,-0.892023
5044,1.36591,-0.0428434,-0.814271,-0.578902,-0.391508,0.114501,-0.879667
5045,0.23536,0.81876,-0.175386,-0.546692,-0.384843,0.134865,-0.864755
5046,1.34518,-0.958163,-0.166503,0.232812,-0.380134,0.147171,-0.853386
5047,0.0817564,0.876686,-0.0453949,-0.478917,-0.368582,0.168359,-0.828328
5048,1.36348,-0.971723,-0.106283,0.210852,-0.362814,0.177061,-0.814403
5049,1.42888,-0.263985,-0.318398,-0.910458,-0.349361,0.190381,-0.785223
5050,0.226009,0.793027,-0.0437504,-0.607614,-0.339045,0.196587,-0.762071
5051,1.09405,0.0455304,-0.0581898,-0.997267,-0.328492,0.199429,-0.738376
5052,0.992461,-0.982327,0.037917,-0.183291,-0.321832,0.199429,-0.722297
5053,0.71721,-0.889701,0.151984,-0.430504,-0.311278,0.196587,-0.698603
5054,0.206563,-0.543814,0.317009,-0.777028,-0.300962,0.190381,-0.675451
5055,0.603754,-0.805335,0.372969,-0.460792,-0.29106,0.180919,-0.653239
5056,0.334421,-0.602204,0.530748,-0.59637,-0.281742,0.168359,-0.632346
5057,0.501381,-0.693047,0.587543,-0.417708,-0.273166,0.152921,-0.61313
5058,1.165,0.10497,0.691024,-0.715169,-0.26287,0.128309,-0.590796
5059,0.824106,-0.814487,0.578066,-0.0494936,-0.258816,0.114501,-0.581008
5060,0.563582,-0.629863,0.766488,-0.125574,-0.253286,0.0921786,-0.568651
5061,1.02684,-0.842121,0.500279,0.201379,-0.248986,0.0682786,-0.559061
5062,0.173868,0.880336,0.169673,-0.442966,-0.245218,0.0346586,-0.550886
5063,0.914551,0.532435,0.790597,-0.302439,-0.244089,0.00870199,-0.54828
5064,1.56174,-0.907945,0.00645542,0.41904,-0.244089,-0.00870199,-0.54828
5065,0.527189,-0.392646,0.843843,0.365729,-0.245218,-0.0346586,-0.550886
5066,1.15633,0.488795,0.866832,0.0983985,-0.248986,-0.0682786,-0.559061
5067,0.195444,0.92679,0.174197,-0.332741,-0.253286,-0.0921786,-0.568651
5068,1.46158,0.330082,0.826711,0.455626,-0.258816,-0.114501,-0.581008
5069,1.18059,-0.750197,0.268004,0.604465,-0.26287,-0.128309,-0.590796
5070,0.121474,0.939582,0.0799288,-0.332862,-0.273166,-0.152921,-0.61313
5071,0.132501,0.946159,0.0734376,-0.315262,-0.281742,-0.168359,-0.632346
5072,1.31754,0.590982,0.428492,0.683472,-0.29106,-0.180919,-0.653239
5073,0.270015,0.980982,0.0857881,-0.174109,-0.300962,-0.190381,-0.675451
5074,1.14806,0.747044,0.178055,0.640485,-0.311278,-0.196587,-0.698603
5075,0.751088,0.94891,0.0446917,0.312367,-0.321832,-0.199429,-0.722297
5076,0.571097,-0.178177,-0.0536665,0.982534,-0.328492,-0.199429,-0.738376
5077,1.49291,-0.891268,-0.00768612,0.453412,-0.339045,-0.196587,-0.762071
5078,0.595284,-0.217091,-0.25942,0.941049,-0.349361,-0.190381,-0.785223
5079,0.791511,0.905301,-0.314861,0.28512,-0.362814,-0.177061,-0.814403
5080,0.0513899,0.270561,-0.553903,0.787393,-0.368582,-0.168359,-0.828328
5081,0.981909,0.766083,-0.548505,0.33505,-0.380134,-0.147171,-0.853386
5082,0.493889,-0.211551,-0.652787,0.727404,-0.384843,-0.134865,-0.864755
5083,1.09952,-0.716946,-0.361341,0.596171,-0.391508,-0.114501,-0.879667
5084,0.025392,0.146064,-0.896194,0.418929,-0.397038,-0.0921786,-0.892023
5085,0.106818,0.0253124,-0.940245,0.339556,-0.401338,-0.0682786,-0.901613
5086,0.266741,0.897538,-0.258531,-0.357194,-0.405106,-0.0346586,-0.909788
5087,0.0463561,-0.0170382,-0.996672,0.079722,-0.405975,-0.017404,-0.911887
5088,1.25555,-0.838774,-0.311834,0.446337,-0.476567,0.00870199,-0.877709
5089,1.17387,-0.839566,-0.386059,0.382214,-0.475238,0.0346586,-0.875199
5090,1.26402,-0.877646,-0.297397,0.375888,-0.472304,0.0600213,-0.869735
5091,0.134756,0.83557,-0.12051,-0.536004,-0.465801,0.0921786,-0.858122
5092,0.519238,0.622854,-0.412692,-0.664634,-0.459319,0.114501,-0.846237
5093,0.792374,0.383347,-0.535502,-0.752518,-0.451505,0.134865,-0.831895
5094,1.03698,0.127798,-0.567865,-0.81314,-0.442492,0.152921,-0.815341
5095,0.234522,0.754215,-0.129165,-0.643798,-0.432436,0.168359,-0.796856
5096,0.456511,0.589998,-0.195106,-0.783477,-0.421507,0.180919,-0.776758
5097,1.09953,-0.0161046,-0.286561,-0.957927,-0.409892,0.190381,-0.755391
5098,0.659567,-0.897404,-0.158783,-0.411648,-0.40226,0.194885,-0.740413
5099,1.09188,-0.0306319,-0.0581218,-0.997839,-0.385412,0.199429,-0.710326
5100,1.0475,-0.998091,0.0349222,-0.0509318,-0.37751,0.199429,-0.694819
5101,1.56528,-0.474407,0.195255,-0.858378,-0.360661,0.194885,-0.664734
5102,0.264126,0.721454,0.0839614,-0.687353,-0.348715,0.187579,-0.642716
5103,1.50105,-0.376297,0.441524,-0.814529,-0.337329,0.177061,-0.62172
5104,0.998255,-0.948623,0.316227,-0.0107419,-0.330486,0.168359,-0.608292
5105,0.0352015,0.859024,0.0232137,-0.511409,-0.317004,0.147171,-0.584217
5106,1.17067,0.0432961,0.692697,-0.719928,-0.308413,0.128309,-0.56835
5107,0.925059,-0.85317,0.514858,0.0837979,-0.303604,0.114501,-0.55891
5108,0.0563211,0.858955,0.0504934,-0.509556,-0.295106,0.0843573,-0.543736
5109,1.41653,-0.886446,0.157292,0.435285,-0.292082,0.0682786,-0.537802
5110,1.20025,0.227169,0.914247,-0.33548,-0.287684,0.0346586,-0.529949
5111,1.09345,-0.788708,0.460671,0.40709,-0.286653,0.017404,-0.527925
5112,1.18205,0.360255,0.923407,-0.132423,-0.286653,-0.017404,-0.527925
5113,0.946454,-0.656731,0.567205,0.496974,-0.287684,-0.0346586,-0.529949
5114,0.913001,0.657622,0.749407,-0.076952,-0.292082,-0.0682786,-0.537802
5115,0.698905,-0.409931,0.676588,0.611707,-0.295106,-0.0843573,-0.543736
5116,1.362,0.446264,0.81361,0.372676,-0.303604,-0.114501,-0.55891
5117,1.24022,-0.735736,0.225605,0.638588,-0.308413,-0.128309,-0.56835
5118,0.536217,-0.157652,0.556817,0.815537,-0.317004,-0.147171,-0.584217
5119,1.00424,0.81101,0.469019,0.349692,-0.330486,-0.168359,-0.608292
5120,0.325171,0.102329,0.414165,0.904431,-0.337329,-0.177061,-0.62172
5121,0.127893,0.312954,0.317236,0.895221,-0.348715,-0.187579,-0.642716
5122,0.210034,0.249867,0.189257,0.949604,-0.360661,-0.194885,-0.664734
5123,0.786552,0.961391,0.0463616,0.271251,-0.37751,-0.199429,-0.694819
5124,0.662296,-0.190601,-0.0500284,0.980392,-0.385412,-0.199429,-0.710326
5125,1.38721,0.630446,-0.191951,0.752125,-0.40226,-0.194885,-0.740413
5126,0.950585,-0.473589,-0.177084,0.86276,-0.409892,-0.190381,-0.755391
5127,0.0127321,0.395828,-0.442091,0.804907,-0.421507,-0.180919,-0.776758
5128,1.4794,-0.847136,-0.0326353,0.530373,-0.432436,-0.168359,-0.796856
5129,1.22161,-0.712908,-0.20727,0.669926,-0.442492,-0.152921,-0.815341
5130,1.5319,-0.868231,-0.00980771,0.496063,-0.451505,-0.134865,-0.831895
5131,1.48849,-0.854495,-0.0502601,0.517022,-0.459319,-0.114501,-0.846237
5132,0.270985,-0.0410222,-0.859975,0.508684,-0.465801,-0.0921786,-0.858122
5133,1.20142,0.461346,-0.883146,0.0849262,-0.472304,-0.0600213,-0.869735
5134,0.741919,0.707557,-0.662735,-0.245245,-0.475238,-0.0346586,-0.875199
5135,0.745395,0.662776,-0.676814,-0.320392,-0.476567,-0.00870199,-0.877709
5136,1.48337,-0.831368,-0.0896598,0.548442,-0.543962,0.00870199,-0.837612
5137,0.409347,0.719668,-0.390374,-0.574183,-0.54144,0.0432113,-0.833838
5138,0.0997827,-0.250174,-0.943406,-0.21771,-0.539087,0.0600213,-0.829997
5139,0.121562,0.79556,-0.108774,-0.596031,-0.531692,0.0921786,-0.818931
5140,0.0763055,0.805532,-0.0633976,-0.589152,-0.524298,0.114501,-0.807591
5141,1.22514,-0.907659,-0.273066,0.318731,-0.518762,0.128309,-0.798557
5142,0.140401,0.764835,-0.0923056,-0.637579,-0.505099,0.152921,-0.778109
5143,1.4074,-0.905503,-0.108288,0.41029,-0.497884,0.163515,-0.766337
5144,0.00605476,0.828433,-0.00267988,-0.560082,-0.481151,0.180919,-0.741292
5145,0.101096,0.774134,-0.0324592,-0.632189,-0.467896,0.190381,-0.720903
5146,0.141176,0.746514,-0.027472,-0.664803,-0.454086,0.196587,-0.699649
5147,1.16139,-0.177589,-0.0600788,-0.982269,-0.439956,0.199429,-0.677898
5148,0.860487,-0.986345,0.0446169,-0.158534,-0.430862,0.199429,-0.663059
5149,0.720329,0.265511,0.128782,-0.955468,-0.411704,0.194885,-0.634388
5150,0.456341,-0.81892,0.293776,-0.493017,-0.40292,0.190381,-0.620055
5151,0.388082,-0.754848,0.415323,-0.507653,-0.389665,0.180919,-0.599665
5152,0.450369,-0.759405,0.508091,-0.406384,-0.377194,0.168359,-0.580487
5153,0.185724,-0.541855,0.651545,-0.530926,-0.365718,0.152921,-0.562848
5154,1.43368,-0.249049,0.745079,-0.618734,-0.352054,0.128309,-0.5424
5155,0.447893,0.615847,0.360158,-0.700727,-0.343671,0.107251,-0.529447
5156,1.44473,-0.139082,0.88989,-0.434456,-0.336858,0.0843573,-0.518906
5157,1.27965,-0.846785,0.283254,0.450246,-0.333378,0.0682786,-0.513228
5158,1.2597,0.15143,0.933744,-0.324331,-0.328376,0.0346586,-0.505744
5159,0.717079,-0.57223,0.753814,0.322982,-0.32719,0.017404,-0.503807
5160,0.838663,0.582805,0.742159,-0.330967,-0.32719,-0.017404,-0.503807
5161,0.999012,-0.644722,0.524428,0.556156,-0.328376,-0.0346586,-0.505744
5162,0.917606,0.647031,0.75206,-0.125522,-0.333378,-0.0682786,-0.513228
5163,0.89346,-0.50631,0.549953,0.664231,-0.336858,-0.0843573,-0.518906
5164,0.289358,0.0390903,0.791697,0.609661,-0.343671,-0.107251,-0.529447
5165,0.754589,-0.324867,0.534449,0.780273,-0.352054,-0.128309,-0.5424
5166,0.437147,0.930066,0.279235,-0.238758,-0.365718,-0.152921,-0.562848
5167,1.48632,0.530318,0.553901,0.641838,-0.377194,-0.168359,-0.580487
5168,0.0470273,0.853966,0.0208063,-0.519913,-0.389665,-0.180919,-0.599665
5169,1.35859,0.689369,0.314406,0.652624,-0.40292,-0.190381,-0.620055
5170,0.966871,-0.410108,0.104606,0.906018,-0.411704,-0.194885,-0.634388
5171,0.902586,0.950314,0.0514061,0.30702,-0.430862,-0.199429,-0.663059
5172,0.666468,-0.11724,-0.0498512,0.991852,-0.439956,-0.199429,-0.677898
5173,0.232576,0.3023,-0.188109,0.934468,-0.454086,-0.196587,-0.699649
5174,0.534654,-0.0076004,-0.270456,0.962702,-0.467896,-0.190381,-0.720903
5175,0.16578,0.322108,-0.433693,0.84152,-0.481151,-0.180919,-0.741292
5176,0.877293,0.886671,-0.427443,0.176373,-0.497884,-0.163515,-0.766337
5177,0.567949,-0.122469,-0.545345,0.829217,-0.505099,-0.152921,-0.778109
5178,0.844012,0.826097,-0.562084,0.0403258,-0.518762,-0.128309,-0.798557
5179,0.417736,-0.0746621,-0.75258,0.654254,-0.524298,-0.114501,-0.807591
5180,0.44084,-0.147551,-0.804482,0.575358,-0.531692,-0.0921786,-0.818931
5181,0.500602,0.815098,-0.454517,-0.359206,-0.539087,-0.0600213,-0.829997
5182,0.207774,-0.0719673,-0.958136,0.277122,-0.54144,-0.0432113,-0.833838
5183,0.536158,0.733335,-0.509746,-0.449865,-0.543962,-0.00870199,-0.837612
5184,1.55239,-0.785995,-0.020909,0.61788,-0.608004,0.00870199,-0.792351
5185,0.0317624,0.781084,-0.0311479,-0.623648,-0.605193,0.0432113,-0.788786
5186,1.47944,-0.801713,-0.0982701,0.589576,-0.602545,0.0600213,-0.785142
5187,1.22469,0.00900771,-0.843843,-0.536514,-0.594305,0.0921786,-0.774689
5188,0.863336,-0.814652,-0.554153,0.171048,-0.589191,0.107251,-0.767649
5189,1.11904,-0.884984,-0.345733,0.311886,-0.579818,0.128309,-0.755395
5190,1.51543,-0.421153,-0.658564,-0.623638,-0.564592,0.152921,-0.736081
5191,1.34453,-0.890907,-0.142327,0.43131,-0.556476,0.163515,-0.724911
5192,0.910169,0.0435206,-0.349458,-0.935941,-0.537829,0.180919,-0.701257
5193,0.566075,-0.902381,-0.277673,-0.329554,-0.528378,0.187579,-0.688249
5194,1.10253,-0.187356,-0.174215,-0.96672,-0.507579,0.196587,-0.661866
5195,0.504258,-0.904368,-0.0585363,-0.422721,-0.497437,0.198859,-0.647907
5196,1.29202,-0.377815,0.0629616,-0.923738,-0.475905,0.198859,-0.620594
5197,0.798081,0.113468,0.139797,-0.983657,-0.460208,0.194885,-0.600131
5198,0.484022,-0.868005,0.29003,-0.403051,-0.450327,0.190381,-0.586531
5199,0.485867,-0.841754,0.39843,-0.364286,-0.435514,0.180919,-0.567244
5200,1.17875,-0.175526,0.513679,-0.839836,-0.416867,0.163515,-0.54359
5201,1.1534,-0.107019,0.602997,-0.790532,-0.404493,0.147171,-0.527434
5202,0.47623,-0.709177,0.677097,-0.196491,-0.39726,0.134865,-0.517478
5203,0.243008,-0.507718,0.811393,-0.289592,-0.387298,0.114501,-0.504534
5204,0.267643,-0.459581,0.869076,-0.183009,-0.379037,0.0921786,-0.49381
5205,0.828952,-0.708442,0.648557,0.27836,-0.372617,0.0682786,-0.48549
5206,1.26357,0.122435,0.934883,-0.333172,-0.367044,0.0346586,-0.47842
5207,0.767704,-0.573078,0.71978,0.39179,-0.365709,0.017404,-0.476582
5208,0.852196,0.547434,0.751121,-0.368963,-0.365709,-0.017404,-0.476582
5209,0.89568,-0.542084,0.607096,0.581016,-0.367044,-0.0346586,-0.47842
5210,1.01421,0.583723,0.804069,-0.112873,-0.372617,-0.0682786,-0.48549
5211,0.990744,-0.518302,0.478479,0.708816,-0.376532,-0.0843573,-0.490878
5212,0.306385,0.852428,0.250841,-0.458743,-0.387298,-0.114501,-0.504534
5213,0.178677,0.845323,0.133666,-0.517265,-0.39726,-0.134865,-0.517478
5214,0.965322,-0.405218,0.359235,0.840683,-0.404493,-0.147171,-0.527434
5215,0.682402,-0.126307,0.41971,0.898827,-0.416867,-0.163515,-0.54359
5216,1.4758,0.627122,0.440619,0.642318,-0.435514,-0.180919,-0.567244
5217,1.27263,0.791034,0.307419,0.528921,-0.450327,-0.190381,-0.586531
5218,0.960804,-0.332111,0.105604,0.93731,-0.460208,-0.194885,-0.600131
5219,0.356799,0.267033,0.0604216,0.961791,-0.475905,-0.198859,-0.620594
5220,1.49419,0.676039,-0.0653018,0.733967,-0.497437,-0.198859,-0.647907
5221,1.09858,-0.457481,-0.0820405,0.885427,-0.507579,-0.196587,-0.661866
5222,1.22966,0.815155,-0.303094,0.493616,-0.528378,-0.187579,-0.688249
5223,0.872745,-0.277427,-0.272331,0.921342,-0.537829,-0.180919,-0.701257
5224,0.882901,0.896194,-0.42948,0.111281,-0.556476,-0.163515,-0.724911
5225,0.695797,-0.172764,-0.493553,0.852384,-0.564592,-0.152921,-0.736081
5226,0.938497,0.793235,-0.606723,0.0516216,-0.579818,-0.128309,-0.755395
5227,1.30409,0.538624,-0.802231,0.257507,-0.589191,-0.107251,-0.767649
5228,0.946326,-0.488888,-0.511738,0.706479,-0.594305,-0.0921786,-0.774689
5229,0.602188,0.759841,-0.536418,-0.367285,-0.602545,-0.0600213,-0.785142
5230,0.5475,-0.311351,-0.833529,0.456387,-0.605193,-0.0432113,-0.788786
5231,0.493033,0.710938,-0.472288,-0.521068,-0.608004,-0.00870199,-0.792351
5232,1.52846,-0.735577,-0.0447954,0.675958,-0.668297,0.00870199,-0.742205
5233,1.49492,-0.0762593,-0.978,-0.194168,-0.665215,0.0432113,-0.738871
5234,1.35418,-0.764661,-0.215167,0.607451,-0.662289,0.0600213,-0.735447
5235,1.25437,-0.056644,-0.852471,-0.519697,-0.653255,0.0921786,-0.725673
5236,1.00992,-0.820541,-0.45765,0.342444,-0.647604,0.107251,-0.719056
5237,0.786997,-0.830414,-0.54456,0.11776,-0.637297,0.128309,-0.707574
5238,0.447157,-0.764189,-0.602912,-0.229156,-0.625239,0.147171,-0.694151
5239,0.654969,-0.886529,-0.45167,-0.100306,-0.611637,0.163515,-0.679015
5240,1.39924,-0.843627,-0.0908494,0.529188,-0.596721,0.177061,-0.662428
5241,0.132423,-0.709629,-0.320164,-0.627632,-0.580748,0.187579,-0.644671
5242,1.46321,-0.823404,-0.0284179,0.566743,-0.563992,0.194885,-0.62605
5243,0.301769,-0.84472,-0.063244,-0.531459,-0.546738,0.198859,-0.606881
5244,0.465586,0.352071,0.0294021,-0.935511,-0.523129,0.198859,-0.581341
5245,1.49626,-0.80472,0.0220199,0.593246,-0.511923,0.196587,-0.568221
5246,0.0622566,-0.660917,0.321519,-0.678096,-0.494958,0.190381,-0.54939
5247,0.224629,-0.736058,0.434683,-0.518912,-0.478677,0.180919,-0.531325
5248,1.45555,-0.80946,0.081917,0.581432,-0.463359,0.168359,-0.514334
5249,0.687089,0.244093,0.418369,-0.874864,-0.444628,0.147171,-0.494072
5250,0.747648,-0.820975,0.564577,0.0851581,-0.436636,0.134865,-0.484714
5251,1.46518,-0.297394,0.827046,-0.477023,-0.422264,0.107251,-0.469166
5252,1.50644,-0.252197,0.895148,-0.367568,-0.413886,0.0843573,-0.459822
5253,0.967968,-0.725445,0.546758,0.418073,-0.40956,0.0682786,-0.454758
5254,0.229629,-0.290793,0.956736,0.00976232,-0.404653,0.0432113,-0.44935
5255,0.310067,-0.264572,0.951041,0.159756,-0.401974,0.017404,-0.44642
5256,0.0316613,0.0192338,0.99728,0.0711497,-0.40157,-0.00870199,-0.446017
5257,0.241667,0.74465,0.234727,-0.62482,-0.404653,-0.0432113,-0.44935
5258,1.302,0.405205,0.913011,0.0471143,-0.40956,-0.0682786,-0.454758
5259,1.08351,-0.518828,0.406219,0.752199,-0.413886,-0.0843573,-0.459822
5260,0.668893,-0.177333,0.641034,0.746745,-0.422264,-0.107251,-0.469166
5261,1.4437,0.536836,0.746026,0.394021,-0.436636,-0.134865,-0.484714
5262,1.2028,-0.5232,0.219062,0.823574,-0.444628,-0.147171,-0.494072
5263,0.488986,0.91332,0.261112,-0.312516,-0.463359,-0.168359,-0.514334
5264,0.114623,0.799122,0.0506209,-0.599034,-0.478677,-0.180919,-0.531325
5265,0.0682138,0.776423,0.0219219,-0.62983,-0.494958,-0.190381,-0.54939
5266,0.190047,0.846863,0.0368831,-0.53053,-0.511923,-0.196587,-0.568221
5267,1.43022,-0.661981,0.00662995,0.749491,-0.523129,-0.198859,-0.581341
5268,0.151064,0.827884,-0.0098553,-0.560812,-0.546738,-0.198859,-0.606881
5269,0.936862,0.971338,-0.157311,0.178199,-0.563992,-0.194885,-0.62605
5270,0.0294466,0.752919,-0.00946924,-0.658045,-0.580748,-0.187579,-0.644671
5271,0.485245,0.933462,-0.206429,-0.293319,-0.596721,-0.177061,-0.662428
5272,1.52992,0.593803,-0.55541,0.582166,-0.611637,-0.163515,-0.679015
5273,0.289142,0.849319,-0.188075,-0.493238,-0.625239,-0.147171,-0.694151
5274,1.24092,0.661138,-0.711519,0.237986,-0.637297,-0.128309,-0.707574
5275,1.03888,0.697247,-0.716796,0.0071084,-0.647604,-0.107251,-0.719056
5276,0.95487,-0.437638,-0.505383,0.74368,-0.653255,-0.0921786,-0.725673
5277,0.683685,0.707017,-0.598177,-0.377241,-0.662289,-0.0600213,-0.735447
5278,0.654091,-0.34686,-0.773792,0.530032,-0.665215,-0.0432113,-0.738871
5279,0.511705,0.662003,-0.488616,-0.568337,-0.668297,-0.00870199,-0.742205
5280,1.50472,-0.680493,-0.0683873,0.729556,-0.724469,0.00870199,-0.687483
5281,1.47449,-0.0771843,-0.976278,-0.202298,-0.721135,0.0432113,-0.684401
5282,1.31069,-0.717247,-0.255088,0.64845,-0.717951,0.0600213,-0.681217
5283,1.31745,-0.144079,-0.868376,-0.474515,-0.708177,0.0921786,-0.672182
5284,1.09848,-0.790999,-0.394418,0.467713,-0.702024,0.107251,-0.666029
5285,1.37435,-0.342134,-0.737671,-0.582054,-0.686476,0.134865,-0.651657
5286,0.966538,-0.873828,-0.390638,0.289528,-0.677775,0.147171,-0.642955
5287,1.24712,-0.362816,-0.526994,-0.768532,-0.657513,0.168359,-0.624225
5288,0.4014,-0.857879,-0.413234,-0.305419,-0.646855,0.177061,-0.613568
5289,0.787784,-0.0139943,-0.227973,-0.973567,-0.623259,0.190381,-0.591756
5290,0.481776,-0.94172,-0.176368,-0.286457,-0.611372,0.194885,-0.579869
5291,0.00249893,-0.707355,-0.0654505,-0.703821,-0.592668,0.198859,-0.562114
5292,1.12848,-0.940964,0.0303296,0.337144,-0.573745,0.199429,-0.544156
5293,0.690375,0.064724,0.124338,-0.990127,-0.548424,0.194885,-0.520749
5294,0.410606,-0.895039,0.299449,-0.330509,-0.536538,0.190381,-0.508862
5295,0.80949,-0.0084198,0.320415,-0.94724,-0.512942,0.177061,-0.487051
5296,0.277996,-0.757048,0.539206,-0.368965,-0.502284,0.168359,-0.476394
5297,1.12254,-0.856562,0.3033,0.417505,-0.487008,0.152921,-0.461922
5298,0.34271,-0.671359,0.714654,-0.196333,-0.47332,0.134865,-0.448962
5299,1.5516,-0.694965,0.0341393,0.718233,-0.461456,0.114501,-0.437736
5300,0.12688,-0.396824,0.891636,-0.217981,-0.45162,0.0921786,-0.428436
5301,1.36656,-0.0933043,0.927324,-0.362442,-0.441846,0.0600213,-0.419401
5302,0.893476,-0.616268,0.620479,0.484995,-0.438661,0.0432113,-0.416216
5303,1.19894,0.201928,0.929661,-0.308149,-0.435327,0.00870199,-0.413135
5304,1.10047,-0.584244,0.44992,0.675449,-0.435327,-0.00870199,-0.413135
5305,1.192,0.384034,0.911282,-0.148605,-0.438661,-0.0432113,-0.416216
5306,0.770814,-0.31192,0.670946,0.672708,-0.441846,-0.0600213,-0.419401
5307,0.604705,0.742949,0.509967,-0.433544,-0.45162,-0.0921786,-0.428436
5308,0.707472,0.780891,0.540517,-0.31313,-0.461456,-0.114501,-0.437736
5309,0.290228,0.788903,0.215224,-0.575596,-0.47332,-0.134865,-0.448962
5310,0.906777,0.852987,0.519456,-0.0507784,-0.487008,-0.152921,-0.461922
5311,0.0581105,0.713103,0.0322831,-0.700315,-0.502284,-0.168359,-0.476394
5312,1.0219,-0.267676,0.217466,0.938647,-0.512942,-0.177061,-0.487051
5313,1.16932,0.905281,0.296045,0.304669,-0.536538,-0.190381,-0.508862
5314,0.938916,-0.160125,0.109164,0.981042,-0.548424,-0.194885,-0.520749
5315,0.740337,0.995381,0.0441738,-0.0852402,-0.573745,-0.199429,-0.544156
5316,1.48723,0.78684,-0.065266,0.613696,-0.592668,-0.198859,-0.562114
5317,1.04128,-0.259032,-0.0920579,0.961472,-0.604869,-0.196587,-0.574314
5318,0.592354,0.162353,-0.259977,0.951868,-0.623259,-0.190381,-0.591756
5319,1.29887,0.816605,-0.426316,0.389115,-0.646855,-0.177061,-0.613568
5320,0.877314,-0.161191,-0.341202,0.926066,-0.657513,-0.168359,-0.624225
5321,1.16872,0.77356,-0.606982,0.182146,-0.677775,-0.147171,-0.642955
5322,0.603398,-0.0082882,-0.608059,0.793849,-0.686476,-0.134865,-0.651657
5323,0.912123,0.737941,-0.657672,-0.151365,-0.702024,-0.107251,-0.666029
5324,0.926061,-0.359009,-0.526562,0.770613,-0.708177,-0.0921786,-0.672182
5325,0.695522,0.672274,-0.606828,-0.424037,-0.717951,-0.0600213,-0.681217
5326,0.684491,-0.32302,-0.755112,0.570494,-0.721135,-0.0432113,-0.684401
5327,0.529184,0.6102,-0.503748,-0.611469,-0.724469,-0.00870199,-0.687483
5328,1.39963,-0.618637,-0.172494,0.766508,-0.776175,0.00870199,-0.628522
5329,1.54743,-0.138555,-0.980554,-0.138984,-0.77261,0.0432113,-0.625712
5330,1.28139,-0.666115,-0.281712,0.6906,-0.769185,0.0600213,-0.622787
5331,1.34953,-0.202765,-0.875157,-0.439302,-0.758733,0.0921786,-0.614547
5332,1.15286,-0.745838,-0.354062,0.564239,-0.752117,0.107251,-0.608896
5333,1.56565,-0.514371,-0.752081,-0.412064,-0.735489,0.134865,-0.595788
5334,0.367515,0.365683,-0.236997,-0.90006,-0.720827,0.152921,-0.583942
5335,1.48975,-0.60055,-0.55405,-0.576514,-0.704462,0.168359,-0.570713
5336,1.33514,-0.540204,-0.430345,-0.723175,-0.686673,0.180919,-0.556328
5337,1.12649,-0.405278,-0.290392,-0.866846,-0.667767,0.190381,-0.541031
5338,1.53238,-0.745855,-0.195103,-0.636895,-0.648065,0.196587,-0.525086
5339,1.16598,-0.476449,-0.0601945,-0.877139,-0.627904,0.199429,-0.508766
5340,1.14306,-0.456213,0.0595911,-0.887873,-0.60763,0.198859,-0.492348
5341,0.433325,0.23847,0.0819825,-0.967683,-0.587591,0.194885,-0.476115
5342,0.0882826,-0.774262,0.321198,-0.545298,-0.574808,0.190381,-0.465198
5343,1.34798,-0.778287,0.112942,0.617668,-0.555901,0.180919,-0.449902
5344,0.993212,-0.208893,0.465684,-0.859943,-0.532247,0.163515,-0.431254
5345,0.908158,-0.0844739,0.52002,-0.849967,-0.516444,0.147171,-0.418433
5346,0.708605,-0.792158,0.583495,0.178939,-0.507086,0.134865,-0.410441
5347,0.94023,0.0128114,0.671725,-0.74069,-0.490458,0.107251,-0.397333
5348,0.532706,-0.60713,0.780518,0.148943,-0.483842,0.0921786,-0.391682
5349,0.0676512,-0.285918,0.94557,-0.155398,-0.475657,0.0682786,-0.38509
5350,1.35245,-0.0153728,0.957524,-0.287945,-0.468588,0.0346586,-0.379516
5351,0.515479,-0.348479,0.869482,0.35009,-0.46686,0.017404,-0.378041
5352,1.52623,0.0788406,0.996872,0.00542261,-0.46686,-0.017404,-0.378041
5353,0.889469,-0.388301,0.611918,0.689042,-0.468588,-0.0346586,-0.379516
5354,0.636101,0.64787,0.562579,-0.513585,-0.475657,-0.0682786,-0.38509
5355,0.150636,0.66418,0.134614,-0.735353,-0.483842,-0.0921786,-0.391682
5356,1.2905,-0.487079,0.212571,0.847094,-0.490458,-0.107251,-0.397333
5357,1.4447,0.591321,0.74612,0.306015,-0.507086,-0.134865,-0.410441
5358,1.09616,-0.304641,0.283993,0.909143,-0.516444,-0.147171,-0.418433
5359,0.942283,-0.146063,0.311939,0.938808,-0.532247,-0.163515,-0.431254
5360,0.283148,0.791173,0.123653,-0.598961,-0.555901,-0.180919,-0.449902
5361,1.40354,0.836283,0.31713,0.447279,-0.574808,-0.190381,-0.465198
5362,1.24388,-0.374486,0.055527,0.925568,-0.587591,-0.194885,-0.476115
5363,0.707485,0.154647,0.0480675,0.9868,-0.60763,-0.198859,-0.492348
5364,0.547555,0.30984,-0.0545366,0.949223,-0.627904,-0.199429,-0.508766
5365,0.498187,0.345343,-0.167793,0.923355,-0.648065,-0.196587,-0.525086
5366,0.60518,0.224518,-0.257523,0.939826,-0.667767,-0.190381,-0.541031
5367,0.289724,0.469682,-0.419412,0.776848,-0.686673,-0.180919,-0.556328
5368,0.698995,0.0721415,-0.413615,0.907589,-0.704462,-0.168359,-0.570713
5369,0.122096,0.489963,-0.652045,0.578597,-0.720827,-0.152921,-0.583942
5370,0.430653,0.191676,-0.675083,0.712406,-0.735489,-0.134865,-0.595788
5371,0.804222,0.743551,-0.599035,-0.297134,-0.752117,-0.107251,-0.608896
5372,0.919225,-0.293035,-0.531527,0.794739,-0.758733,-0.0921786,-0.614547
5373,0.695869,0.636872,-0.607078,-0.475237,-0.769185,-0.0600213,-0.622787
5374,0.627454,-0.244077,-0.789565,0.56304,-0.77261,-0.0432113,-0.625712
5375,0.634595,0.528999,-0.591582,-0.608433,-0.776175,-0.00870199,-0.628522
5376,0.19163,0.535065,-0.190053,-0.823155,-0.822609,0.017404,-0.565389
5377,0.913409,-0.537184,-0.605277,0.587429,-0.820772,0.0346586,-0.564054
5378,1.04836,-0.614128,-0.482877,0.624241,-0.815677,0.0600213,-0.560518
5379,1.2847,-0.195753,-0.860573,-0.470208,-0.804611,0.0921786,-0.553123
5380,0.815584,-0.71987,-0.583112,0.376521,-0.797571,0.107251,-0.548008
5381,0.153544,-0.614224,-0.74601,-0.25729,-0.784869,0.128309,-0.53925
5382,0.421111,-0.789664,-0.609685,-0.0686643,-0.770011,0.147171,-0.529012
5383,1.41592,-0.597216,-0.549199,-0.584563,-0.747068,0.168359,-0.513682
5384,1.51827,-0.715404,-0.441978,-0.541159,-0.728205,0.180919,-0.500736
5385,0.706615,-0.0886291,-0.208822,-0.973929,-0.708157,0.190381,-0.486971
5386,0.419263,-0.963525,-0.181263,-0.196884,-0.694557,0.194885,-0.47709
5387,0.768665,-0.177424,-0.045527,-0.983081,-0.665886,0.199429,-0.457932
5388,0.0607794,-0.841497,0.0654747,-0.53628,-0.651806,0.199429,-0.447703
5389,0.620197,-0.0218506,0.113474,-0.993301,-0.623135,0.194885,-0.428546
5390,0.536971,0.0746594,0.164515,-0.983545,-0.602494,0.187579,-0.41435
5391,0.187964,-0.821457,0.437457,-0.365841,-0.589486,0.180919,-0.404899
5392,0.989048,-0.852412,0.320441,0.413173,-0.570624,0.168359,-0.391954
5393,1.17283,-0.764687,0.273482,0.583491,-0.553272,0.152921,-0.38005
5394,0.413588,-0.71736,0.696269,-0.024579,-0.537726,0.134865,-0.36939
5395,1.07023,-0.138422,0.729629,-0.669687,-0.520121,0.107251,-0.357628
5396,1.13029,-0.0955406,0.811378,-0.57666,-0.509792,0.0843573,-0.350498
5397,0.704771,-0.560163,0.729115,0.393202,-0.504404,0.0682786,-0.346583
5398,0.775858,0.283055,0.686888,-0.669377,-0.49692,0.0346586,-0.341581
5399,0.764467,-0.422827,0.721947,0.547732,-0.495082,0.017404,-0.340246
5400,1.53814,0.0724115,0.997333,0.00911641,-0.495082,-0.017404,-0.340246
5401,1.51154,-0.546485,0.0506013,0.835939,-0.49692,-0.0346586,-0.341581
5402,1.55247,0.277215,0.946848,0.163192,-0.504404,-0.0682786,-0.346583
5403,1.11243,-0.345511,0.382929,0.856731,-0.509792,-0.0843573,-0.350498
5404,1.17933,-0.351265,0.30044,0.886763,-0.520121,-0.107251,-0.357628
5405,1.42503,0.622866,0.744125,0.241487,-0.537726,-0.134865,-0.36939
5406,1.27249,-0.369687,0.175132,0.912502,-0.547682,-0.147171,-0.376624
5407,0.475456,0.810326,0.254438,-0.527858,-0.570624,-0.168359,-0.391954
5408,1.36174,0.844655,0.432977,0.314785,-0.589486,-0.180919,-0.404899
5409,0.840876,0.0752698,0.205391,0.975781,-0.602494,-0.187579,-0.41435
5410,1.26442,-0.319939,0.0516712,0.946028,-0.623135,-0.194885,-0.428546
5411,0.150755,0.673865,0.00983558,-0.738789,-0.651806,-0.199429,-0.447703
5412,1.04516,-0.103231,-0.0306165,0.994186,-0.665886,-0.199429,-0.457932
5413,1.41847,0.890332,-0.192982,0.412391,-0.694557,-0.194885,-0.47709
5414,0.97077,-0.0498392,-0.171597,0.983906,-0.708157,-0.190381,-0.486971
5415,0.709767,0.17151,-0.325369,0.929903,-0.728205,-0.180919,-0.500736
5416,0.678051,0.161412,-0.421277,0.892453,-0.747068,-0.168359,-0.513682
5417,0.0640241,0.59442,-0.0422019,-0.803047,-0.770011,-0.147171,-0.529012
5418,0.324754,0.701382,-0.239987,-0.67117,-0.784869,-0.128309,-0.53925
5419,1.07939,0.669251,-0.733228,-0.120333,-0.797571,-0.107251,-0.548008
5420,0.994617,-0.276217,-0.475601,0.83517,-0.804611,-0.0921786,-0.553123
5421,0.900519,0.554456,-0.742106,-0.376639,-0.815677,-0.0600213,-0.560518
5422,1.30224,0.303675,-0.945662,-0.116211,-0.820772,-0.0346586,-0.564054
5423,0.278614,-0.101972,-0.958691,0.265543,-0.822609,-0.017404,-0.565389
5424,0.268823,0.455933,-0.265029,-0.849638,-0.864434,0.017404,-0.499105
5425,0.477405,0.355824,-0.45066,-0.818715,-0.860981,0.0432113,-0.497146
5426,1.46284,-0.518775,-0.113917,0.847287,-0.857141,0.0600213,-0.494792
5427,0.0579288,0.465472,-0.0519336,-0.883537,-0.845528,0.0921786,-0.488289
5428,0.049844,0.463873,-0.0414368,-0.884932,-0.833792,0.114501,-0.481543
5429,1.41321,-0.491212,-0.742786,-0.454951,-0.819635,0.134865,-0.473397
5430,0.997916,-0.774197,-0.37378,0.510791,-0.809143,0.147171,-0.466967
5431,0.816632,-0.194071,-0.405116,-0.89343,-0.785068,0.168359,-0.453484
5432,0.455955,-0.913722,-0.403993,-0.0435987,-0.772217,0.177061,-0.445609
5433,1.05595,-0.478434,-0.279929,-0.832311,-0.744181,0.190381,-0.429908
5434,0.419373,-0.976023,-0.181248,-0.120531,-0.729848,0.194885,-0.421124
5435,0.836033,-0.318427,-0.0485938,-0.946701,-0.699761,0.199429,-0.404276
5436,0.973987,-0.445506,0.0541699,-0.893638,-0.67717,0.198859,-0.391232
5437,0.583725,-0.0638817,0.107604,-0.992139,-0.654837,0.194885,-0.378334
5438,0.74995,-0.205564,0.219218,-0.953775,-0.633146,0.187579,-0.365802
5439,0.984629,-0.381483,0.368709,-0.847658,-0.612468,0.177061,-0.35385
5440,0.65579,-0.0549987,0.338969,-0.939189,-0.593157,0.163515,-0.342683
5441,0.256067,-0.748794,0.642722,-0.161914,-0.581385,0.152921,-0.335469
5442,0.954897,-0.187074,0.613936,-0.766867,-0.559927,0.128309,-0.323452
5443,0.419751,-0.635998,0.766656,0.0880069,-0.550894,0.114501,-0.317917
5444,1.14502,-0.14941,0.816922,-0.55706,-0.53572,0.0843573,-0.30942
5445,1.54874,-0.269425,0.946771,-0.176164,-0.527544,0.0600213,-0.304667
5446,0.875954,0.182207,0.753421,-0.631789,-0.522188,0.0346586,-0.301541
5447,1.38998,-0.490824,0.181885,0.852062,-0.520252,0.017404,-0.300354
5448,1.52793,0.0779039,0.996946,-0.00548613,-0.520252,-0.017404,-0.300354
5449,1.30162,-0.428056,0.253511,0.867467,-0.522188,-0.0346586,-0.301541
5450,0.734805,-0.126589,0.694568,0.708202,-0.527544,-0.0600213,-0.304667
5451,1.27473,-0.363672,0.246769,0.898247,-0.53572,-0.0843573,-0.30942
5452,0.282826,0.604402,0.232087,-0.762125,-0.550894,-0.114501,-0.317917
5453,1.0343,-0.145293,0.367562,0.918579,-0.559927,-0.128309,-0.323452
5454,0.373658,0.694287,0.24076,-0.678233,-0.581385,-0.152921,-0.335469
5455,0.906597,0.0338548,0.328205,0.944,-0.593157,-0.163515,-0.342683
5456,0.927864,0.0455906,0.252716,0.966466,-0.612468,-0.177061,-0.35385
5457,1.16129,-0.154627,0.116994,0.981021,-0.633146,-0.187579,-0.365802
5458,1.25926,-0.239759,0.0526541,0.969404,-0.654837,-0.194885,-0.378334
5459,0.677158,0.335781,0.0493941,0.940644,-0.67717,-0.198859,-0.391232
5460,0.961572,0.0584747,-0.0353421,0.997663,-0.699761,-0.199429,-0.404276
5461,1.28342,0.959102,-0.187235,0.212287,-0.729848,-0.194885,-0.421124
5462,1.26942,-0.255957,-0.0839842,0.963033,-0.744181,-0.190381,-0.429908
5463,0.107246,0.569571,-0.0473755,-0.820575,-0.772217,-0.177061,-0.445609
5464,1.41117,-0.392838,-0.0703966,0.916909,-0.785068,-0.168359,-0.453484
5465,1.01658,0.814764,-0.560872,-0.146911,-0.809143,-0.147171,-0.466967
5466,0.577745,0.196066,-0.619202,0.760359,-0.819635,-0.134865,-0.473397
5467,0.17795,0.377866,-0.815135,0.439058,-0.833792,-0.114501,-0.481543
5468,0.616914,0.0210886,-0.722537,0.69101,-0.845528,-0.0921786,-0.488289
5469,0.416415,0.56022,-0.383047,-0.734458,-0.857141,-0.0600213,-0.494792
5470,0.195131,0.0682119,-0.960721,0.269003,-0.860981,-0.0432113,-0.497146
5471,0.236168,-0.0601777,-0.969559,0.237349,-0.864434,-0.017404,-0.499105
5472,0.874235,-0.358635,-0.642161,0.677502,-0.901455,0.00870199,-0.429962
5473,0.703609,-0.404287,-0.752733,0.519562,-0.898904,0.0346586,-0.428712
5474,0.868215,-0.507359,-0.620987,0.597463,-0.893319,0.0600213,-0.426017
5475,0.359464,-0.518597,-0.845033,0.130292,-0.884795,0.0843573,-0.421921
5476,1.43078,-0.494432,-0.133991,0.858827,-0.873479,0.107251,-0.416494
5477,0.0718779,-0.617131,-0.751292,-0.233901,-0.859563,0.128309,-0.40983
5478,0.351011,-0.77987,-0.625835,-0.0115512,-0.843286,0.147171,-0.402043
5479,1.37581,-0.578235,-0.125455,0.806167,-0.824927,0.163515,-0.393266
5480,0.0468286,-0.819158,-0.44257,-0.364847,-0.804799,0.177061,-0.383649
5481,1.33368,-0.635975,-0.0871412,0.766774,-0.783247,0.187579,-0.373356
5482,1.24541,-0.708214,-0.0694759,0.702571,-0.760639,0.194885,-0.362564
5483,0.986796,-0.868846,-0.0382215,0.493604,-0.737363,0.198859,-0.351457
5484,1.05232,-0.83482,0.0346616,0.54943,-0.713817,0.199429,-0.340226
5485,0.682326,-0.963661,0.156156,0.216731,-0.690405,0.196587,-0.329062
5486,0.671291,-0.940764,0.259082,0.218723,-0.667524,0.190381,-0.318158
5487,0.8222,-0.871423,0.312469,0.378134,-0.645568,0.180919,-0.307699
5488,0.908068,-0.80512,0.356152,0.474275,-0.624914,0.168359,-0.297863
5489,1.18868,-0.656796,0.263909,0.706379,-0.605913,0.152921,-0.28882
5490,0.790209,-0.721769,0.542875,0.429344,-0.588891,0.134865,-0.280724
5491,0.0565365,-0.518498,0.83117,-0.20079,-0.574139,0.114501,-0.273714
5492,1.25076,-0.527957,0.296954,0.795663,-0.56191,0.0921786,-0.26791
5493,1.37819,-0.469318,0.193007,0.861678,-0.552412,0.0682786,-0.26341
5494,1.45729,-0.436988,0.118508,0.891626,-0.545809,0.0432113,-0.260292
5495,0.152302,0.404815,0.151389,-0.90178,-0.541686,0.00870199,-0.258392
5496,1.16246,-0.361253,0.393837,0.845215,-0.541686,-0.00870199,-0.258392
5497,0.577899,0.44739,0.535784,-0.716085,-0.545809,-0.0432113,-0.260292
5498,0.158683,0.216057,0.933144,0.287335,-0.549822,-0.0600213,-0.262337
5499,0.952865,0.569747,0.731128,-0.375287,-0.56191,-0.0921786,-0.26791
5500,0.628343,0.635119,0.488861,-0.59803,-0.574139,-0.114501,-0.273714
5501,0.966252,0.730396,0.618801,-0.289149,-0.588891,-0.134865,-0.280724
5502,0.697118,0.75921,0.423463,-0.494245,-0.605913,-0.152921,-0.28882
5503,1.12744,0.861517,0.50213,-0.0751937,-0.624914,-0.168359,-0.297863
5504,1.1869,0.911878,0.410384,0.00795736,-0.645568,-0.180919,-0.307699
5505,1.24913,0.94815,0.305114,0.0889747,-0.667524,-0.190381,-0.318158
5506,1.02011,0.978067,0.16638,-0.125311,-0.690405,-0.196587,-0.329062
5507,0.843242,0.955182,0.0489113,-0.291952,-0.713817,-0.199429,-0.340226
5508,0.908462,0.972049,-0.0516425,-0.229027,-0.737363,-0.198859,-0.351457
5509,0.0983815,0.504123,-0.0191761,-0.863419,-0.760639,-0.194885,-0.362564
5510,0.0577639,0.816298,-0.32017,0.48078,-0.775618,-0.190381,-0.370196
5511,0.00621953,0.423722,-0.00275274,-0.905788,-0.804799,-0.177061,-0.383649
5512,1.48871,-0.380851,-0.0274653,0.924228,-0.818228,-0.168359,-0.390492
5513,1.39864,0.744174,-0.649888,0.154436,-0.843286,-0.147171,-0.402043
5514,0.1496,0.503185,-0.112093,-0.856878,-0.859563,-0.128309,-0.40983
5515,0.380384,0.575956,-0.308781,-0.756921,-0.873479,-0.107251,-0.416494
5516,0.312347,0.52175,-0.275643,-0.80734,-0.884795,-0.0843573,-0.421921
5517,0.689399,0.50859,-0.602373,-0.61521,-0.893319,-0.0600213,-0.426017
5518,0.552867,-0.0726186,-0.830709,0.551951,-0.897333,-0.0432113,-0.428062
5519,0.893886,0.308493,-0.777847,-0.547527,-0.901455,-0.00870199,-0.429962
5520,0.135772,0.334644,-0.135065,-0.932615,-0.931869,0.017404,-0.357733
5521,1.19689,-0.389327,-0.365204,0.845606,-0.92977,0.0346586,-0.356864
5522,0.871533,-0.458951,-0.618622,0.637708,-0.923991,0.0600213,-0.354615
5523,1.29759,-0.305921,-0.863744,-0.400447,-0.911503,0.0921786,-0.350008
5524,1.09789,-0.306131,-0.740389,-0.598421,-0.898856,0.114501,-0.345181
5525,0.692663,-0.699942,-0.591037,0.400945,-0.889068,0.128309,-0.341126
5526,1.29043,-0.581855,-0.633855,-0.509582,-0.865995,0.152921,-0.332614
5527,1.35388,-0.687122,-0.542839,-0.482897,-0.846343,0.168359,-0.32509
5528,1.20524,-0.661983,-0.41334,-0.625243,-0.82498,0.180919,-0.316905
5529,1.36822,-0.800539,-0.315055,-0.509782,-0.802272,0.190381,-0.3082
5530,0.919992,-0.522383,-0.155329,-0.838444,-0.778607,0.196587,-0.299124
5531,0.99311,-0.595242,-0.0548633,-0.801672,-0.75439,0.199429,-0.289832
5532,0.943447,-0.554746,0.0530203,-0.830329,-0.730035,0.198859,-0.280482
5533,0.536805,-0.173099,0.0998449,-0.97983,-0.70596,0.194885,-0.271237
5534,0.582543,-0.199692,0.176934,-0.963752,-0.682575,0.187579,-0.262252
5535,0.72254,-0.2967,0.292696,-0.909009,-0.660282,0.177061,-0.253682
5536,0.828958,-0.341117,0.409799,-0.845993,-0.639462,0.163515,-0.245674
5537,0.774039,-0.245424,0.461086,-0.852741,-0.620471,0.147171,-0.238364
5538,0.792519,-0.197337,0.535593,-0.821096,-0.603633,0.128309,-0.231879
5539,1.37825,-0.4451,0.816296,-0.368166,-0.589237,0.107251,-0.226327
5540,1.3565,-0.331646,0.876467,-0.349022,-0.577529,0.0843573,-0.221805
5541,1.41978,-0.245833,0.936236,-0.251054,-0.56871,0.0600213,-0.21839
5542,1.35034,-0.102808,0.957069,-0.271017,-0.562931,0.0346586,-0.216141
5543,0.15766,0.332199,0.156672,-0.930106,-0.56029,0.00870199,-0.215095
5544,0.0431046,0.0454158,0.996825,0.0654002,-0.56029,-0.00870199,-0.215095
5545,1.01898,-0.201461,0.507745,0.837621,-0.562931,-0.0346586,-0.216141
5546,1.30882,-0.261061,0.233697,0.936607,-0.56871,-0.0600213,-0.21839
5547,0.890211,-0.0173931,0.552253,0.833495,-0.577529,-0.0843573,-0.221805
5548,0.890557,0.0450015,0.508871,0.859665,-0.589237,-0.107251,-0.226327
5549,0.872877,0.11407,0.468213,0.876222,-0.603633,-0.128309,-0.231879
5550,0.979658,0.0826137,0.351296,0.932613,-0.620471,-0.147171,-0.238364
5551,1.16472,-0.0377519,0.202777,0.978497,-0.639462,-0.163515,-0.245674
5552,1.24129,-0.087266,0.128362,0.987881,-0.660282,-0.177061,-0.253682
5553,1.27164,-0.104222,0.0832981,0.99106,-0.682575,-0.187579,-0.262252
5554,1.07763,0.0931699,0.085752,0.991951,-0.70596,-0.194885,-0.271237
5555,0.812648,0.356121,0.0431324,0.933444,-0.730035,-0.198859,-0.280482
5556,0.944332,0.230608,-0.0362889,0.97237,-0.75439,-0.199429,-0.289832
5557,0.925846,0.240004,-0.111267,0.964374,-0.778607,-0.196587,-0.299124
5558,1.28836,-0.12008,-0.0780883,0.989688,-0.802272,-0.190381,-0.3082
5559,0.63043,0.447928,-0.348094,0.823524,-0.82498,-0.180919,-0.316905
5560,0.996675,0.105348,-0.286496,0.952272,-0.846343,-0.168359,-0.32509
5561,0.36594,0.517417,-0.608707,0.601461,-0.865995,-0.152921,-0.332614
5562,1.03848,0.70842,-0.64804,-0.279615,-0.889068,-0.128309,-0.341126
5563,0.657443,0.187889,-0.64707,0.738916,-0.898856,-0.114501,-0.345181
5564,0.4899,0.19433,-0.784055,0.589486,-0.911503,-0.0921786,-0.350008
5565,1.44714,0.341786,-0.939762,-0.00537172,-0.923991,-0.0600213,-0.354615
5566,1.39062,0.241911,-0.964948,-0.101757,-0.92977,-0.0346586,-0.356864
5567,0.332022,-0.0557096,-0.942514,0.329491,-0.931869,-0.017404,-0.357733
5568,0.733507,-0.228007,-0.742949,0.629317,-0.957618,0.00870199,-0.28365
5569,0.0848678,0.254553,-0.0831397,-0.963478,-0.953249,0.0432113,-0.282418
5570,1.20091,-0.367232,-0.353506,0.860334,-0.948965,0.0600213,-0.281026
5571,1.52003,-0.29977,-0.06107,0.952055,-0.939905,0.0843573,-0.278313
5572,1.35054,-0.391627,-0.199328,0.898274,-0.927879,0.107251,-0.274724
5573,0.0349112,-0.636743,-0.752061,-0.170182,-0.913091,0.128309,-0.27032
5574,1.26253,-0.495886,-0.218637,0.840414,-0.895797,0.147171,-0.265174
5575,1.43758,-0.399771,-0.091751,0.912011,-0.876291,0.163515,-0.259376
5576,1.44692,-0.404771,-0.0701474,0.911723,-0.854906,0.177061,-0.253026
5577,0.422104,-0.125736,-0.131764,-0.983274,-0.82398,0.190381,-0.244304
5578,0.189746,-0.974052,-0.193004,-0.118203,-0.807992,0.194885,-0.23911
5579,0.916973,-0.822366,-0.0418401,0.567418,-0.783265,0.198859,-0.231781
5580,0.952674,-0.801689,0.0400152,0.596401,-0.758253,0.199429,-0.224372
5581,0.863983,-0.839646,0.132418,0.526745,-0.733381,0.196587,-0.217009
5582,0.458543,-0.942635,0.293474,0.159095,-0.709077,0.190381,-0.209817
5583,0.518049,-0.890411,0.392014,0.231288,-0.685755,0.180919,-0.202921
5584,0.650945,-0.809296,0.452941,0.374011,-0.663817,0.168359,-0.196438
5585,0.704829,-0.734304,0.514837,0.442426,-0.643635,0.152921,-0.190479
5586,0.664157,-0.671154,0.60402,0.429782,-0.625555,0.134865,-0.185145
5587,0.706995,-0.585581,0.643984,0.492321,-0.609889,0.114501,-0.180529
5588,1.34895,-0.3645,0.212538,0.906624,-0.596901,0.0921786,-0.176709
5589,1.40491,-0.322044,0.168141,0.931674,-0.586818,0.0682786,-0.173751
5590,0.0359606,-0.195235,0.980422,-0.0256165,-0.579808,0.0432113,-0.171705
5591,0.263244,0.245717,0.259657,-0.933917,-0.575439,0.00870199,-0.170473
5592,0.0487949,0.0489056,0.996542,0.067176,-0.575439,-0.00870199,-0.170473
5593,0.920488,0.31365,0.780629,-0.540595,-0.579808,-0.0432113,-0.171705
5594,1.0564,0.402674,0.824466,-0.397629,-0.586818,-0.0682786,-0.173751
5595,1.02243,0.504564,0.765472,-0.399334,-0.596901,-0.0921786,-0.176709
5596,0.995297,0.596069,0.697712,-0.397365,-0.609889,-0.114501,-0.180529
5597,1.11959,0.689192,0.676824,-0.258697,-0.625555,-0.134865,-0.185145
5598,1.3404,0.766259,0.642183,-0.0211592,-0.643635,-0.152921,-0.190479
5599,1.39411,0.835327,0.547195,0.0529731,-0.663817,-0.168359,-0.196438
5600,1.42814,0.892868,0.438119,0.104104,-0.685755,-0.180919,-0.202921
5601,1.24941,0.950406,0.305132,-0.0601861,-0.709077,-0.190381,-0.209817
5602,0.951901,0.926322,0.159034,-0.341519,-0.733381,-0.196587,-0.217009
5603,0.612439,0.774191,0.0376471,-0.631832,-0.758253,-0.199429,-0.224372
5604,0.108579,0.909966,-0.0647811,0.409591,-0.774804,-0.199429,-0.22975
5605,0.553236,0.726931,-0.102583,-0.679005,-0.807992,-0.194885,-0.23911
5606,0.00591589,0.898787,-0.321329,0.298211,-0.82398,-0.190381,-0.244304
5607,0.605177,0.714214,-0.251786,-0.653071,-0.854906,-0.177061,-0.253026
5608,0.438549,0.585478,-0.236047,-0.775562,-0.876291,-0.163515,-0.259376
5609,0.567378,0.617685,-0.354485,-0.702001,-0.895797,-0.147171,-0.265174
5610,0.100852,0.333919,-0.0757213,-0.939555,-0.913091,-0.128309,-0.27032
5611,0.479642,0.487433,-0.383792,-0.784291,-0.927879,-0.107251,-0.274724
5612,0.339871,0.397739,-0.299026,-0.867403,-0.939905,-0.0843573,-0.278313
5613,1.08603,0.400055,-0.837886,-0.371353,-0.948965,-0.0600213,-0.281026
5614,0.626812,-0.00977357,-0.789958,0.613083,-0.953249,-0.0432113,-0.282418
5615,0.0506756,0.0483145,-0.996453,0.068906,-0.957063,-0.017404,-0.283516
5616,1.34414,-0.204547,-0.226759,0.95223,-0.976921,0.00870199,-0.207642
5617,0.400427,-0.251288,-0.906142,0.340236,-0.974149,0.0346586,-0.207022
5618,0.31977,-0.359326,-0.902658,0.23684,-0.968089,0.0600213,-0.205705
5619,1.21295,-0.337692,-0.840204,-0.424289,-0.955035,0.0921786,-0.203108
5620,1.27873,-0.465394,-0.796427,-0.386151,-0.941788,0.114501,-0.200319
5621,0.857915,-0.361364,-0.568961,-0.738715,-0.925807,0.134865,-0.196946
5622,0.225577,-0.76106,-0.64696,0.0472237,-0.913841,0.147171,-0.194073
5623,1.37042,-0.378087,-0.12835,0.91683,-0.893939,0.163515,-0.189824
5624,1.46418,-0.317421,-0.0625388,0.94622,-0.872123,0.177061,-0.185172
5625,0.228401,-0.0202742,-0.0728217,-0.997139,-0.840607,0.190381,-0.178903
5626,0.0447972,-0.963117,-0.195236,-0.185172,-0.824261,0.194885,-0.174978
5627,0.78078,-0.853445,-0.0482921,0.518941,-0.799036,0.198859,-0.169613
5628,0.797262,-0.844804,0.0475566,0.532958,-0.773519,0.199429,-0.164189
5629,0.682684,-0.886302,0.156115,0.436002,-0.748146,0.196587,-0.158799
5630,0.320101,-0.946219,0.308838,0.0963754,-0.723353,0.190381,-0.153537
5631,0.388007,-0.892717,0.415353,0.174755,-0.699563,0.180919,-0.148491
5632,0.511144,-0.81357,0.493418,0.307639,-0.677183,0.168359,-0.14375
5633,0.583128,-0.729643,0.561077,0.390914,-0.656595,0.152921,-0.139393
5634,0.576181,-0.652952,0.641082,0.403322,-0.638153,0.134865,-0.135494
5635,0.610436,-0.561303,0.691695,0.454419,-0.622173,0.114501,-0.132121
5636,1.25313,-0.326763,0.294909,0.897917,-0.608926,0.0921786,-0.129332
5637,1.44307,-0.237247,0.132493,0.962372,-0.598641,0.0682786,-0.127174
5638,0.0281565,-0.195133,0.980613,-0.017944,-0.591492,0.0432113,-0.125683
5639,0.858808,-0.189384,0.653839,0.732549,-0.587603,0.017404,-0.124887
5640,1.01408,0.15751,0.847181,-0.50742,-0.587603,-0.017404,-0.124887
5641,0.964962,0.268254,0.806259,-0.527244,-0.591492,-0.0432113,-0.125683
5642,1.07842,0.369887,0.834496,-0.408412,-0.598641,-0.0682786,-0.127174
5643,1.10173,0.474847,0.800145,-0.366452,-0.608926,-0.0921786,-0.129332
5644,1.08757,0.572928,0.73642,-0.359778,-0.622173,-0.114501,-0.132121
5645,1.19696,0.67296,0.700176,-0.238493,-0.638153,-0.134865,-0.135494
5646,1.45482,0.754801,0.655165,0.0321567,-0.656595,-0.152921,-0.139393
5647,1.5389,0.821123,0.55556,0.130802,-0.677183,-0.168359,-0.14375
5648,0.00458214,0.199115,0.00202813,-0.979974,-0.699563,-0.180919,-0.148491
5649,1.41819,0.947538,0.317883,0.0334866,-0.723353,-0.190381,-0.153537
5650,1.20517,0.968078,0.182334,-0.171988,-0.748146,-0.196587,-0.158799
5651,1.09348,0.958915,0.0581706,-0.277666,-0.773519,-0.199429,-0.164189
5652,1.32411,0.996691,-0.0635077,-0.0507296,-0.799036,-0.198859,-0.169613
5653,0.625499,0.721336,-0.114313,-0.683086,-0.824261,-0.194885,-0.174978
5654,0.246292,0.837028,-0.30878,0.451707,-0.840607,-0.190381,-0.178903
5655,0.540049,0.619554,-0.227585,-0.751238,-0.872123,-0.177061,-0.185172
5656,0.476905,0.547582,-0.255149,-0.796902,-0.893939,-0.163515,-0.189824
5657,0.0324863,0.218942,-0.0214241,-0.975503,-0.913841,-0.147171,-0.194073
5658,0.802596,0.293141,-0.508401,0.809689,-0.925807,-0.134865,-0.196946
5659,0.500859,0.37455,-0.720633,0.583439,-0.941788,-0.114501,-0.200319
5660,0.609913,0.236437,-0.726237,0.645505,-0.955035,-0.0921786,-0.203108
5661,0.0120539,0.198874,-0.0114147,-0.979959,-0.968089,-0.0600213,-0.205705
5662,0.402879,0.254422,-0.384548,-0.887352,-0.974149,-0.0346586,-0.207022
5663,1.10462,0.144952,-0.891385,-0.429443,-0.976921,-0.00870199,-0.207642
5664,1.55991,-0.0636172,-0.997803,-0.0184941,-0.989632,0.017404,-0.130308
5665,0.602931,-0.226181,-0.812109,0.537887,-0.987389,0.0346586,-0.129953
5666,1.03699,-0.214829,-0.81525,-0.537788,-0.978449,0.0682786,-0.128895
5667,0.0908053,-0.446369,-0.894601,0.0210566,-0.971871,0.0843573,-0.127853
5668,1.30628,-0.26849,-0.234906,0.934202,-0.959431,0.107251,-0.126189
5669,1.28814,-0.310725,-0.228391,0.922653,-0.944138,0.128309,-0.124151
5670,1.44792,-0.22946,-0.100107,0.968156,-0.926251,0.147171,-0.121776
5671,0.556874,-0.336536,-0.293794,-0.894666,-0.898849,0.168359,-0.118533
5672,0.0640826,-0.893533,-0.442389,-0.0767435,-0.883963,0.177061,-0.116175
5673,0.959491,-0.661624,-0.194256,0.724236,-0.860284,0.187579,-0.113045
5674,1.24096,-0.460295,-0.0702893,0.884979,-0.835449,0.194885,-0.109768
5675,0.765459,-0.818938,-0.0489643,0.571789,-0.80988,0.198859,-0.106399
5676,0.361123,-0.24017,0.0231393,-0.970455,-0.775341,0.198859,-0.102311
5677,0.484363,-0.349492,0.0909157,-0.932518,-0.749773,0.194885,-0.0989399
5678,0.141418,-0.0161833,0.0453309,-0.998841,-0.724937,0.187579,-0.0956619
5679,0.198658,-0.060522,0.0873504,-0.994337,-0.701259,0.177061,-0.0925333
5680,0.304953,-0.135775,0.166898,-0.976581,-0.679145,0.163515,-0.0896066
5681,0.514392,-0.264915,0.324518,-0.908024,-0.658971,0.147171,-0.0869326
5682,0.522521,-0.224776,0.375361,-0.899211,-0.641085,0.128309,-0.0845559
5683,0.415327,-0.114969,0.335563,-0.934976,-0.625791,0.107251,-0.0825186
5684,0.843189,-0.249604,0.669865,-0.69927,-0.613351,0.0843573,-0.0808546
5685,0.393313,-0.339847,0.879206,0.333917,-0.606773,0.0682786,-0.0798126
5686,0.793357,-0.0555227,0.699042,-0.712921,-0.597834,0.0346586,-0.0787546
5687,0.115066,-0.0777571,0.99155,0.103838,-0.59559,0.017404,-0.0783993
5688,0.0785857,0.122252,0.0783366,-0.989403,-0.59559,-0.017404,-0.0783993
5689,1.41491,-0.0876381,0.144859,0.985564,-0.597834,-0.0346586,-0.0787546
5690,1.25107,-0.0156009,0.286266,0.958023,-0.603979,-0.0600213,-0.0795926
5691,1.18482,0.048511,0.323216,0.945081,-0.613351,-0.0843573,-0.0808546
5692,1.20428,0.0757213,0.281016,0.956711,-0.625791,-0.107251,-0.0825186
5693,1.18614,0.119751,0.264084,0.957037,-0.641085,-0.128309,-0.0845559
5694,1.455,-0.0528084,0.0568137,0.996987,-0.658971,-0.147171,-0.0869326
5695,0.11088,0.800217,0.55015,0.238719,-0.679145,-0.163515,-0.0896066
5696,0.135052,0.85771,0.436207,0.272133,-0.701259,-0.177061,-0.0925333
5697,1.54324,-0.126607,-0.00310861,0.991948,-0.724937,-0.187579,-0.0956619
5698,1.35951,0.051642,0.033566,0.998101,-0.749773,-0.194885,-0.0989399
5699,1.4938,-0.0799984,0.00247517,0.996792,-0.775341,-0.198859,-0.102311
5700,1.0072,0.900468,-0.0553612,-0.431384,-0.80988,-0.198859,-0.106399
5701,1.12118,0.928249,-0.175844,-0.327769,-0.835449,-0.194885,-0.109768
5702,1.25545,0.930395,-0.305757,-0.202183,-0.860284,-0.187579,-0.113045
5703,0.320071,0.39175,-0.139248,-0.909473,-0.883963,-0.177061,-0.116175
5704,1.2372,0.13247,-0.164784,0.977393,-0.898849,-0.168359,-0.118533
5705,0.350181,0.366474,-0.226283,-0.902493,-0.926251,-0.147171,-0.121776
5706,0.532068,0.433309,-0.381566,-0.816487,-0.944138,-0.128309,-0.124151
5707,0.50629,0.370189,-0.403299,-0.836845,-0.959431,-0.107251,-0.126189
5708,0.232569,0.215531,-0.206743,-0.95436,-0.971871,-0.0843573,-0.127853
5709,0.89599,0.103445,-0.58224,0.806409,-0.978449,-0.0682786,-0.128895
5710,1.33191,0.215879,-0.952966,-0.212724,-0.987389,-0.0346586,-0.129953
5711,1.03374,-0.0680936,-0.508303,0.858482,-0.989632,-0.017404,-0.130308
5712,0.5009,-0.0761296,-0.876535,0.47528,-0.997376,0.00870199,-0.0522613
5713,1.02589,-0.146246,-0.838767,-0.524482,-0.992839,0.0432113,-0.0520826
5714,0.405388,-0.311579,-0.874889,0.370793,-0.988349,0.0600213,-0.0517293
5715,1.10561,-0.377142,-0.801682,-0.463756,-0.975049,0.0921786,-0.0512066
5716,1.18637,-0.499597,-0.77099,-0.394939,-0.961529,0.114501,-0.050524
5717,1.304,-0.62488,-0.725501,-0.288397,-0.945219,0.134865,-0.0496933
5718,1.21908,-0.691555,-0.619198,-0.371949,-0.926393,0.152921,-0.048728
5719,0.803973,-0.570911,-0.400297,-0.716815,-0.905378,0.168359,-0.047644
5720,0.94443,-0.702921,-0.358565,-0.614274,-0.882531,0.180919,-0.0464613
5721,1.0487,-0.800507,-0.278776,-0.530541,-0.858245,0.190381,-0.0452
5722,1.0789,-0.845258,-0.172091,-0.505888,-0.832933,0.196587,-0.0438813
5723,0.537892,-0.477119,-0.0335535,-0.878198,-0.80703,0.199429,-0.042528
5724,0.334334,-0.290092,0.021489,-0.956757,-0.780978,0.198859,-0.0411626
5725,0.378336,-0.325511,0.0721214,-0.942784,-0.755224,0.194885,-0.0398087
5726,0.375827,-0.310725,0.118041,-0.943142,-0.730208,0.187579,-0.0384893
5727,1.567,-0.895865,0.442611,-0.0390026,-0.706357,0.177061,-0.037228
5728,0.0186714,0.0237673,0.0103777,-0.999664,-0.684081,0.163515,-0.0360453
5729,1.48762,-0.745168,0.657334,-0.112416,-0.66376,0.147171,-0.034962
5730,1.09624,-0.350431,0.360892,0.864266,-0.651492,0.134865,-0.0339967
5731,0.1909,-0.0666986,0.157801,-0.985216,-0.630336,0.107251,-0.0331653
5732,0.358221,-0.118081,0.314507,-0.941882,-0.617804,0.0843573,-0.0324827
5733,1.30748,-0.299712,0.914353,-0.272272,-0.608362,0.0600213,-0.03196
5734,0.712377,-0.0975954,0.641093,-0.761232,-0.60217,0.0346586,-0.0316067
5735,0.0497429,-0.0670899,0.996751,0.0445679,-0.599905,0.017404,-0.0314287
5736,0.137236,0.0478488,0.136513,-0.989482,-0.599905,-0.017404,-0.0314287
5737,1.54924,-0.0365684,0.013651,0.999238,-0.60217,-0.0346586,-0.0316067
5738,1.32852,0.0348184,0.215582,0.975865,-0.608362,-0.0600213,-0.03196
5739,1.33273,0.0583783,0.196366,0.978791,-0.617804,-0.0843573,-0.0324827
5740,1.54029,-0.0344516,0.00725912,0.99938,-0.630336,-0.107251,-0.0331653
5741,0.953853,0.559842,0.613459,-0.556997,-0.651492,-0.134865,-0.0339967
5742,0.508653,0.624761,0.566389,0.537473,-0.66376,-0.147171,-0.034962
5743,0.329418,0.762869,0.519798,0.3845,-0.684081,-0.163515,-0.0360453
5744,0.136669,0.876108,0.436095,0.205564,-0.706357,-0.177061,-0.037228
5745,1.48917,0.00279715,0.0142931,0.999894,-0.730208,-0.187579,-0.0384893
5746,1.49294,-0.000718263,0.007671,0.99997,-0.755224,-0.194885,-0.0398087
5747,1.56158,-0.0691113,-0.00196144,0.997607,-0.780978,-0.198859,-0.0411626
5748,1.08383,0.396321,-0.0283562,0.917674,-0.80703,-0.199429,-0.042528
5749,1.169,0.311578,-0.0693884,0.947684,-0.832933,-0.196587,-0.0438813
5750,1.1138,0.349768,-0.131087,0.92762,-0.858245,-0.190381,-0.0452
5751,1.08347,0.356161,-0.193364,0.914199,-0.882531,-0.180919,-0.0464613
5752,1.01563,0.380477,-0.277391,0.882208,-0.905378,-0.168359,-0.047644
5753,0.498933,0.628798,-0.569593,0.529317,-0.926393,-0.152921,-0.048728
5754,0.463804,0.562689,-0.663739,0.49278,-0.945219,-0.134865,-0.0496933
5755,0.551445,0.444831,-0.698737,0.56026,-0.961529,-0.114501,-0.050524
5756,0.54926,0.351586,-0.756812,0.55102,-0.975049,-0.0921786,-0.0512066
5757,0.574993,0.245392,-0.788148,0.564452,-0.985546,-0.0682786,-0.0517293
5758,0.22609,0.180411,-0.954143,0.238877,-0.992839,-0.0432113,-0.0520826
5759,0.905315,0.00925826,-0.614047,0.789215,-0.996805,-0.017404,-0.0522613
5760,0.768129,-0.0199088,-0.719451,0.694258,-0.998401,0.00870199,0.0261526
5761,0.723842,-0.158415,-0.64956,-0.743624,-0.993865,0.0432113,0.0259746
5762,0.520846,-0.261277,-0.827319,0.497271,-0.989361,0.0600213,0.0259746
5763,0.951334,-0.382421,-0.730326,-0.56602,-0.976061,0.0921786,0.025452
5764,1.01139,-0.491092,-0.7049,-0.511806,-0.962529,0.114501,0.025072
5765,1.10581,-0.606194,-0.672277,-0.424939,-0.946203,0.134865,0.0246206
5766,1.26071,-0.727203,-0.628129,-0.276821,-0.927361,0.152921,0.0241066
5767,0.958303,-0.702208,-0.454815,-0.547767,-0.906325,0.168359,0.0235373
5768,0.937735,-0.745626,-0.356824,-0.562777,-0.883456,0.180919,0.022924
5769,0.829966,-0.724661,-0.237333,-0.646946,-0.859145,0.190381,0.022276
5770,0.93956,-0.814332,-0.157622,-0.558587,-0.833809,0.196587,0.0216053
5771,0.897262,-0.80383,-0.0511872,-0.592653,-0.807879,0.199429,0.0209226
5772,0.233171,-0.268594,0.015132,-0.963135,-0.7818,0.198859,0.0202393
5773,0.419553,-0.43505,0.0795339,-0.896887,-0.756019,0.194885,0.0195686
5774,0.31218,-0.327982,0.0987832,-0.939505,-0.730977,0.187579,0.0189206
5775,0.223649,-0.237016,0.0981614,-0.966534,-0.707101,0.177061,0.0183066
5776,1.43646,-0.828411,0.550853,-0.101474,-0.684801,0.163515,0.017738
5777,1.50569,-0.752011,0.65819,-0.0355619,-0.664457,0.147171,0.017224
5778,0.537756,-0.371028,0.38525,-0.844938,-0.646419,0.128309,0.0167726
5779,0.221737,-0.160356,0.182905,-0.969965,-0.630995,0.107251,0.0163926
5780,0.251485,-0.147928,0.223211,-0.96348,-0.618449,0.0843573,0.01609
5781,0.401826,-0.161677,0.370378,-0.914703,-0.608994,0.0600213,0.01587
5782,0.957367,-0.181903,0.801989,-0.568969,-0.602794,0.0346586,0.0157366
5783,0.500607,-0.0658086,0.478931,-0.875382,-0.599953,0.00870199,0.015692
5784,1.31776,0.054237,0.247327,0.967413,-0.599953,-0.00870199,0.015692
5785,1.4197,0.0667262,0.1402,0.987872,-0.602794,-0.0346586,0.0157366
5786,1.36106,0.10138,0.185461,0.977408,-0.608994,-0.0600213,0.01587
5787,1.5154,0.0560157,0.0341075,0.997847,-0.618449,-0.0843573,0.01609
5788,0.211665,0.548874,0.809103,0.209975,-0.630995,-0.107251,0.0163926
5789,1.43933,0.108451,0.0792557,0.990937,-0.646419,-0.128309,0.0167726
5790,0.435031,0.689042,0.589686,0.421298,-0.664457,-0.147171,0.017224
5791,0.289122,0.800422,0.527329,0.285043,-0.684801,-0.163515,0.017738
5792,0.0940528,0.893618,0.438896,0.0939,-0.707101,-0.177061,0.0183066
5793,0.00140559,0.946946,0.321389,0.00140548,-0.730977,-0.187579,0.0189206
5794,1.46676,0.103341,0.0127856,0.994564,-0.756019,-0.194885,0.0195686
5795,1.35024,0.218464,0.011812,0.975774,-0.7818,-0.198859,0.0202393
5796,1.31749,0.250232,-0.0139157,0.968086,-0.807879,-0.199429,0.0209226
5797,1.21162,0.346153,-0.0615375,0.936158,-0.833809,-0.196587,0.0216053
5798,1.19801,0.348664,-0.105922,0.931243,-0.859145,-0.190381,0.022276
5799,0.894812,0.56713,-0.264584,0.779974,-0.883456,-0.180919,0.022924
5800,0.749728,0.616795,-0.39424,0.681277,-0.906325,-0.168359,0.0235373
5801,0.501887,0.667365,-0.568631,0.480919,-0.927361,-0.152921,0.0241066
5802,0.644325,0.54045,-0.589439,0.600397,-0.946203,-0.134865,0.0246206
5803,0.69782,0.443135,-0.625462,0.642206,-0.962529,-0.114501,0.025072
5804,0.677079,0.36453,-0.689259,0.626131,-0.976061,-0.0921786,0.025452
5805,1.42085,0.311474,-0.93639,-0.161735,-0.989361,-0.0600213,0.0259746
5806,1.00106,0.137024,-0.522724,0.841418,-0.993865,-0.0432113,0.0259746
5807,0.864115,0.072207,-0.645973,0.759938,-0.997833,-0.017404,0.026108
5808,0.978889,-0.119449,-0.828103,-0.547701,-0.992709,0.017404,0.104316
5809,0.207951,-0.16634,-0.96121,0.220015,-0.990444,0.0346586,0.104138
5810,0.925382,-0.325552,-0.756507,-0.567198,-0.981505,0.0682786,0.10308
5811,0.457313,-0.347108,-0.81158,0.469951,-0.974865,0.0843573,0.102557
5812,0.27645,-0.504007,-0.804874,0.313298,-0.962381,0.107251,0.101271
5813,1.31831,-0.663082,-0.728263,-0.173075,-0.941355,0.134865,0.0987826
5814,0.977762,-0.339778,-0.384653,0.85825,-0.929087,0.147171,0.0978172
5815,0.736638,-0.553161,-0.423685,0.717289,-0.908847,0.163515,0.0957086
5816,0.93896,-0.458622,-0.273829,0.84539,-0.886659,0.177061,0.0933912
5817,1.09678,-0.357492,-0.157343,0.920566,-0.862905,0.187579,0.0909066
5818,0.985552,-0.473515,-0.114043,0.873372,-0.837991,0.194885,0.0882959
5819,0.903372,-0.553983,-0.0425216,0.831441,-0.812341,0.198859,0.0856053
5820,0.77232,-0.65764,0.0486597,0.751759,-0.786397,0.199429,0.0828779
5821,0.891146,-0.552392,0.128478,0.823624,-0.760601,0.196587,0.0801626
5822,0.933904,-0.495083,0.200736,0.845339,-0.735395,0.190381,0.0775059
5823,0.31879,-0.390706,0.138722,-0.910003,-0.703485,0.177061,0.0737286
5824,0.109194,-0.206774,0.0605744,-0.976512,-0.681298,0.163515,0.0714113
5825,1.33115,-0.752961,0.640765,-0.149898,-0.661057,0.147171,0.0693033
5826,1.16256,-0.647345,0.690303,-0.32315,-0.643111,0.128309,0.0674386
5827,0.621832,-0.388761,0.686391,0.614599,-0.632549,0.114501,0.0666073
5828,0.20917,-0.40845,0.880577,0.240317,-0.619089,0.0921786,0.0651666
5829,1.31842,0.0298832,0.248023,0.968293,-0.60864,0.0682786,0.0640406
5830,1.47667,0.0972507,0.099674,0.990256,-0.601381,0.0432113,0.0632486
5831,0.494546,-0.134275,0.473617,-0.870435,-0.596872,0.00870199,0.0627153
5832,0.211142,0.0883621,0.975159,0.203119,-0.596872,-0.00870199,0.0627153
5833,1.19552,0.137042,0.912556,-0.385306,-0.601381,-0.0432113,0.0632486
5834,1.53126,0.314129,0.946254,-0.0769793,-0.60864,-0.0682786,0.0640406
5835,0.272391,0.00488937,0.241333,-0.97043,-0.619089,-0.0921786,0.0651666
5836,1.40292,0.524052,0.819966,-0.230273,-0.632549,-0.114501,0.0666073
5837,0.804461,0.528284,0.507406,0.680776,-0.643111,-0.128309,0.0674386
5838,0.419649,0.723384,0.594173,0.351673,-0.661057,-0.147171,0.0693033
5839,0.235048,0.827207,0.536045,0.168479,-0.681298,-0.163515,0.0714113
5840,0.385106,0.860959,0.404095,0.308962,-0.703485,-0.177061,0.0737286
5841,0.294713,0.160649,0.093414,-0.982581,-0.735395,-0.190381,0.0775059
5842,0.365882,0.238735,0.0698565,-0.968569,-0.760601,-0.196587,0.0801626
5843,0.456145,0.330966,0.0288463,-0.943202,-0.786397,-0.199429,0.0828779
5844,0.530423,0.399928,-0.0331325,-0.915947,-0.812341,-0.198859,0.0856053
5845,1.52301,0.967233,-0.195016,-0.162572,-0.837991,-0.194885,0.0882959
5846,1.49755,0.929181,-0.320762,-0.183671,-0.862905,-0.187579,0.0909066
5847,1.39599,0.856497,-0.43584,-0.276506,-0.886659,-0.177061,0.0933912
5848,0.0128909,-0.106902,-0.00716507,-0.994244,-0.908847,-0.163515,0.0957086
5849,1.32565,0.695553,-0.639895,-0.326712,-0.929087,-0.147171,0.0978172
5850,0.855828,0.506858,-0.478228,0.717212,-0.941355,-0.134865,0.0987826
5851,0.197421,-0.00708269,-0.163129,-0.986579,-0.962381,-0.107251,0.101271
5852,0.00111821,-0.117041,-0.00100303,-0.993127,-0.974865,-0.0843573,0.102557
5853,1.43497,0.155849,-0.116387,0.9809,-0.981505,-0.0682786,0.10308
5854,1.5208,0.125622,-0.0415013,0.99121,-0.988764,-0.0432113,0.103872
5855,0.313126,0.0981952,-0.948545,0.301031,-0.992709,-0.017404,0.104316
5856,1.40524,0.181612,-0.166958,0.969093,-0.982018,0.00870199,0.182015
5857,1.49106,0.177654,-0.0856145,0.980362,-0.97922,0.0346586,0.181527
5858,1.03952,0.00390363,-0.490037,0.871693,-0.973117,0.0600213,0.180425
5859,0.158096,-0.401848,-0.888151,0.222947,-0.963813,0.0843573,0.178729
5860,0.439916,-0.418496,-0.760013,0.497234,-0.951469,0.107251,0.176467
5861,0.142564,-0.619252,-0.747014,0.241861,-0.936293,0.128309,0.173678
5862,0.466928,-0.585162,-0.597504,0.548247,-0.918548,0.147171,0.170411
5863,0.866832,-0.403158,-0.373399,0.835486,-0.898535,0.163515,0.166721
5864,1.0886,-0.265497,-0.218931,0.938925,-0.876598,0.177061,0.16267
5865,1.01135,-0.360362,-0.1807,0.915143,-0.853113,0.187579,0.158329
5866,0.409436,-0.56189,-0.0777216,-0.823553,-0.820163,0.196587,0.151775
5867,0.148979,-0.338185,-0.00972057,-0.94103,-0.794659,0.199429,0.147045
5868,1.13269,-0.276273,0.0300849,0.960608,-0.777471,0.199429,0.144323
5869,0.757378,-0.595422,0.146926,0.789864,-0.751967,0.196587,0.139592
5870,0.785718,-0.54764,0.23564,0.802848,-0.727047,0.190381,0.134965
5871,0.244063,-0.819933,0.432991,0.374472,-0.703137,0.180919,0.130522
5872,1.47321,0.0875943,0.0721519,0.99354,-0.680646,0.168359,0.126339
5873,1.47789,0.103568,0.0805808,0.991353,-0.659958,0.152921,0.122486
5874,1.5189,0.144262,0.0584504,0.987812,-0.641428,0.134865,0.119031
5875,0.124488,-0.521759,0.827273,0.208295,-0.625373,0.114501,0.116031
5876,0.571017,-0.39844,0.484828,-0.778581,-0.608317,0.0843573,0.112638
5877,0.336798,-0.23651,0.897666,0.37183,-0.601739,0.0682786,0.111596
5878,0.71092,-0.272586,0.640016,-0.718384,-0.592911,0.0346586,0.10984
5879,0.108478,-0.043188,0.992266,0.116372,-0.590667,0.017404,0.109485
5880,0.924181,-0.0663319,0.796417,-0.601098,-0.590667,-0.017404,0.109485
5881,0.546764,0.265245,0.833892,0.484014,-0.592911,-0.0346586,0.10984
5882,0.909999,0.129012,0.747658,-0.651432,-0.601739,-0.0682786,0.111596
5883,0.629885,0.46346,0.715593,0.52262,-0.608317,-0.0843573,0.112638
5884,0.587972,0.139766,0.461297,-0.876168,-0.625373,-0.114501,0.116031
5885,0.840462,0.351362,0.560297,-0.750075,-0.641428,-0.134865,0.119031
5886,0.811468,0.400372,0.478398,-0.781561,-0.659958,-0.152921,0.122486
5887,0.884356,0.50701,0.429961,-0.747044,-0.680646,-0.168359,0.126339
5888,0.808513,0.501376,0.320121,-0.803831,-0.703137,-0.180919,0.130522
5889,0.394158,0.176505,0.12351,-0.97652,-0.727047,-0.190381,0.134965
5890,0.461669,0.253791,0.0869649,-0.963342,-0.751967,-0.196587,0.139592
5891,0.107086,-0.0893611,0.00700016,-0.995975,-0.777471,-0.199429,0.144323
5892,1.02242,0.647425,-0.0319254,0.76146,-0.794659,-0.199429,0.147045
5893,0.698926,0.843137,-0.144502,0.517919,-0.820163,-0.196587,0.151775
5894,1.49242,0.910549,-0.320651,-0.260928,-0.853113,-0.187579,0.158329
5895,1.51158,0.866407,-0.441802,-0.232702,-0.876598,-0.177061,0.16267
5896,1.46217,0.789345,-0.552583,-0.267555,-0.898535,-0.163515,0.166721
5897,0.27684,0.0138122,-0.180277,-0.983519,-0.918548,-0.147171,0.170411
5898,0.564295,0.180831,-0.402252,-0.897493,-0.936293,-0.128309,0.173678
5899,0.204807,-0.0802471,-0.16914,-0.98232,-0.951469,-0.107251,0.176467
5900,0.3369,-0.0408302,-0.296521,-0.954153,-0.963813,-0.0843573,0.178729
5901,1.4007,0.277497,-0.933332,-0.227787,-0.973117,-0.0600213,0.180425
5902,1.15849,0.0969716,-0.898627,-0.427862,-0.97922,-0.0346586,0.181527
5903,0.691904,0.174103,-0.766757,0.617877,-0.981463,-0.017404,0.181882
5904,1.28236,-0.137503,-0.956642,-0.256767,-0.964168,0.017404,0.258326
5905,1.1885,-0.275327,-0.910012,-0.309957,-0.960341,0.0432113,0.25727
5906,1.08654,-0.400007,-0.838111,-0.370896,-0.953295,0.0682786,0.255352
5907,0.828053,-0.0963429,-0.618021,0.780236,-0.946819,0.0843573,0.253798
5908,0.324381,-0.427626,-0.265062,-0.864221,-0.930082,0.114501,0.249076
5909,0.214922,-0.400484,-0.160407,-0.902154,-0.914311,0.134865,0.244826
5910,0.210101,-0.416348,-0.137564,-0.898738,-0.89611,0.152921,0.239928
5911,0.0550204,-0.793806,-0.555704,0.247112,-0.882684,0.163515,0.236704
5912,0.526277,-0.668236,-0.222336,-0.709949,-0.853695,0.180919,0.228529
5913,1.42329,-0.941316,-0.318128,0.11278,-0.830207,0.190381,0.222224
5914,0.971104,-0.344341,-0.116316,0.931611,-0.813861,0.194885,0.218299
5915,0.759596,-0.542704,-0.0492192,0.838481,-0.788949,0.198859,0.211628
5916,0.322941,-0.562192,0.0207838,-0.826746,-0.755475,0.198859,0.202188
5917,0.470545,-0.669874,0.088516,-0.737179,-0.730563,0.194885,0.195517
5918,0.354095,-0.570597,0.111519,-0.813623,-0.706363,0.187579,0.189041
5919,1.43418,-0.891968,0.438496,0.110062,-0.683291,0.177061,0.182871
5920,1.37721,-0.837351,0.54546,0.0362779,-0.661739,0.163515,0.177112
5921,1.5524,-0.728274,0.659484,0.186273,-0.642078,0.147171,0.171863
5922,1.421,-0.667684,0.743702,0.0332602,-0.624643,0.128309,0.167213
5923,1.16692,-0.598133,0.764729,-0.239638,-0.609734,0.107251,0.163243
5924,0.542998,-0.452215,0.463498,-0.762018,-0.597604,0.0843573,0.160019
5925,0.364104,-0.196845,0.889117,0.413187,-0.591128,0.0682786,0.158464
5926,0.409497,-0.323687,0.390511,-0.861817,-0.582465,0.0346586,0.156021
5927,0.407882,0.0492161,0.917036,0.395756,-0.580256,0.017404,0.155491
5928,0.442721,-0.21832,0.427484,-0.877265,-0.580256,-0.017404,0.155491
5929,0.820328,0.326819,0.663407,0.673113,-0.582465,-0.0346586,0.156021
5930,0.894074,0.0710499,0.738304,-0.670715,-0.591128,-0.0682786,0.158464
5931,0.679271,0.500455,0.688041,0.525494,-0.597604,-0.0843573,0.160019
5932,1.46892,0.313315,0.0665459,0.947315,-0.609734,-0.107251,0.163243
5933,0.806181,0.627776,0.506421,0.591131,-0.624643,-0.128309,0.167213
5934,0.757581,0.702913,0.465617,0.537694,-0.642078,-0.147171,0.171863
5935,0.866013,0.710573,0.346095,0.612621,-0.661739,-0.163515,0.177112
5936,0.872408,0.745192,0.272467,0.608647,-0.683291,-0.177061,0.182871
5937,0.645654,0.878279,0.249514,0.407884,-0.706363,-0.187579,0.189041
5938,0.632664,0.907995,0.152893,0.390088,-0.730563,-0.194885,0.195517
5939,0.81007,0.838169,0.043259,0.543692,-0.755475,-0.198859,0.202188
5940,0.465513,0.188531,-0.0293974,-0.981627,-0.788949,-0.198859,0.211628
5941,0.205004,-0.0736036,-0.0397451,-0.996495,-0.813861,-0.194885,0.218299
5942,1.0431,0.668764,-0.151518,0.727871,-0.830207,-0.190381,0.222224
5943,0.428727,0.893272,-0.395823,0.213046,-0.853695,-0.180919,0.228529
5944,0.931906,0.480403,-0.446208,-0.755058,-0.882684,-0.163515,0.236704
5945,0.500945,0.761318,-0.56895,0.31095,-0.89611,-0.152921,0.239928
5946,0.473027,0.686841,-0.66043,0.303449,-0.914311,-0.134865,0.244826
5947,0.363277,0.597287,-0.770743,0.22182,-0.930082,-0.114501,0.249076
5948,1.3964,0.371835,-0.883419,-0.285147,-0.946819,-0.0843573,0.253798
5949,1.01954,0.3916,-0.485735,0.78148,-0.953295,-0.0682786,0.255352
5950,1.47131,0.287504,-0.0899634,0.953545,-0.960341,-0.0432113,0.25727
5951,0.118489,0.0952246,-0.990553,0.0986734,-0.964168,-0.017404,0.258326
5952,0.181353,0.00126174,-0.981962,0.189074,-0.941455,0.00870199,0.333396
5953,0.0715476,-0.160429,-0.978808,0.127268,-0.938768,0.0346586,0.332475
5954,1.10961,-0.42392,-0.848063,-0.317932,-0.930322,0.0682786,0.329359
5955,1.37323,-0.474597,-0.879541,-0.034126,-0.920424,0.0921786,0.325825
5956,0.906124,-0.0624504,-0.527111,0.847499,-0.912148,0.107251,0.323136
5957,0.656702,-0.295201,-0.607359,0.737544,-0.897596,0.128309,0.318008
5958,1.49639,-0.728931,-0.657787,0.189672,-0.874523,0.152921,0.309496
5959,1.41001,0.189703,-0.106879,0.976007,-0.861392,0.163515,0.30523
5960,0.803516,-0.364421,-0.318247,0.875166,-0.840359,0.177061,0.297798
5961,1.08334,-0.946989,-0.28416,-0.149885,-0.810213,0.190381,0.286676
5962,1.18187,-0.0665107,-0.0809405,0.994497,-0.794225,0.194885,0.281481
5963,0.255502,-0.571492,-0.0165526,-0.82044,-0.761873,0.199429,0.269546
5964,1.22923,-0.998032,0.0617053,0.0111623,-0.737283,0.198859,0.260838
5965,0.875808,-0.358924,0.130718,0.924168,-0.720873,0.196587,0.255506
5966,1.23477,-0.952796,0.303612,5.35762e-05,-0.689353,0.187579,0.243878
5967,0.543242,-0.566674,0.386721,0.727549,-0.674061,0.180919,0.23891
5968,0.711294,-0.771315,0.362866,-0.522877,-0.645803,0.163515,0.228485
5969,0.27642,-0.599177,0.639608,0.481548,-0.632672,0.152921,0.224218
5970,1.57009,0.329533,0.0200124,0.943932,-0.614911,0.134865,0.217907
5971,0.873646,-0.621606,0.637626,-0.455015,-0.595047,0.107251,0.210578
5972,1.05236,-0.531739,0.77912,-0.332001,-0.583207,0.0843573,0.206413
5973,1.1579,-0.414881,0.867438,-0.274638,-0.574284,0.0600213,0.203282
5974,0.481259,-0.391491,0.454013,-0.800379,-0.568428,0.0346586,0.201239
5975,0.407944,0.0801372,0.917003,0.390747,-0.566268,0.017404,0.200537
5976,0.32313,-0.308753,0.316857,-0.896813,-0.566268,-0.017404,0.200537
5977,0.713523,0.365913,0.736631,0.568756,-0.568428,-0.0346586,0.201239
5978,0.063004,0.326605,0.944316,-0.0399614,-0.574284,-0.0600213,0.203282
5979,0.179213,0.474344,0.879714,0.0331909,-0.583207,-0.0843573,0.206413
5980,0.203072,0.584995,0.810743,0.0218329,-0.595047,-0.107251,0.210578
5981,0.707081,0.138541,0.488572,-0.861454,-0.614911,-0.134865,0.217907
5982,0.517376,0.0479628,0.326245,-0.944068,-0.632672,-0.152921,0.224218
5983,0.000576475,0.79097,0.555542,-0.256398,-0.645803,-0.163515,0.228485
5984,0.235773,-0.140034,0.103393,-0.984734,-0.674061,-0.180919,0.23891
5985,1.37198,0.484576,0.0517533,0.873217,-0.689353,-0.187579,0.243878
5986,0.277205,-0.0810908,0.0534336,-0.995273,-0.720873,-0.196587,0.255506
5987,1.40928,0.457799,0.00799365,0.88902,-0.737283,-0.198859,0.260838
5988,0.800879,0.882559,-0.0437109,0.468165,-0.761873,-0.199429,0.269546
5989,1.51062,0.897661,-0.194883,-0.395253,-0.794225,-0.194885,0.281481
5990,1.31444,0.531004,-0.06994,0.844478,-0.810213,-0.190381,0.286676
5991,0.692976,0.858292,-0.330341,0.392695,-0.833133,-0.180919,0.294805
5992,0.940338,0.42592,-0.449028,-0.785472,-0.861392,-0.163515,0.30523
5993,0.767087,0.740462,-0.461164,0.488921,-0.874523,-0.152921,0.309496
5994,0.0806273,-0.295186,-0.0605736,-0.953518,-0.897596,-0.128309,0.318008
5995,1.41631,0.461478,-0.821772,-0.334258,-0.912148,-0.107251,0.323136
5996,0.831991,0.533794,-0.592431,0.603398,-0.920424,-0.0921786,0.325825
5997,1.08913,0.444976,-0.428053,0.786617,-0.930322,-0.0682786,0.329359
5998,1.14779,0.0247081,-0.894362,-0.446661,-0.938768,-0.0346586,0.332475
5999,1.10899,-0.0993658,-0.89334,-0.438257,-0.941455,-0.00870199,0.333396
6000,1.03996,-0.263126,-0.860542,-0.436155,-0.911887,0.017404,0.405975
6001,0.730667,0.144233,-0.735466,0.662032,-0.909788,0.0346586,0.405106
6002,1.08771,-0.452851,-0.838618,-0.302732,-0.901613,0.0682786,0.401336
6003,1.08624,-0.550208,-0.793753,-0.259283,-0.892023,0.0921786,0.397036
6004,0.970295,0.0461849,-0.484845,0.87338,-0.883983,0.107251,0.393707
6005,0.33394,-0.59171,-0.246516,-0.767535,-0.864755,0.134865,0.384843
6006,0.294471,-0.598742,-0.191441,-0.777726,-0.847545,0.152921,0.377157
6007,0.622495,-0.780296,-0.324096,-0.534883,-0.828328,0.168359,0.368582
6008,0.715801,-0.850298,-0.290441,-0.438904,-0.807435,0.180919,0.359263
6009,1.14472,-0.956043,-0.292875,-0.0143648,-0.785223,0.190381,0.349361
6010,0.97609,-0.189533,-0.115527,0.975054,-0.769692,0.194885,0.342928
6011,0.473211,-0.646114,-0.059418,0.760925,-0.74613,0.198859,0.332442
6012,1.55658,-0.912056,0.065484,0.404802,-0.714545,0.198859,0.31788
6013,0.292384,-0.657607,0.0562756,-0.751256,-0.690983,0.194885,0.307395
6014,1.25704,-0.947134,0.3059,0.09676,-0.668093,0.187579,0.297213
6015,0.617795,-0.44969,0.369611,0.813122,-0.653239,0.180919,0.29106
6016,0.813327,-0.836158,0.403879,-0.37111,-0.625886,0.163515,0.27845
6017,1.2784,-0.774273,0.631614,0.0395583,-0.607288,0.147171,0.27019
6018,1.24223,-0.701585,0.711873,-0.0318703,-0.590795,0.128309,0.26287
6019,0.342712,-0.563795,0.279475,-0.777192,-0.576691,0.107251,0.256616
6020,0.0999416,-0.365563,0.893933,0.259321,-0.568651,0.0921786,0.253286
6021,0.8075,-0.500187,0.684276,-0.530641,-0.556564,0.0600213,0.247714
6022,0.69917,-0.434385,0.63123,-0.642541,-0.550886,0.0346586,0.245218
6023,0.373119,0.096311,0.930143,0.354343,-0.548788,0.017404,0.244348
6024,0.159728,-0.403882,0.15871,-0.900939,-0.548788,-0.017404,0.244348
6025,0.494685,0.356764,0.859644,0.365694,-0.550886,-0.0346586,0.245218
6026,0.407888,0.43718,0.864518,0.247957,-0.556564,-0.0600213,0.247714
6027,1.15214,0.196566,0.81952,-0.538284,-0.568651,-0.0921786,0.253286
6028,0.764637,0.652561,0.587445,0.478615,-0.576691,-0.107251,0.256616
6029,1.54773,0.417004,-0.00210441,0.908902,-0.590795,-0.128309,0.26287
6030,0.962096,0.723969,0.360999,0.587834,-0.607288,-0.147171,0.27019
6031,1.37762,0.53394,0.0888485,0.840841,-0.625886,-0.163515,0.27845
6032,0.080375,-0.351906,0.0355375,-0.93536,-0.653239,-0.180919,0.29106
6033,1.40704,0.523901,0.040621,0.85081,-0.668093,-0.187579,0.297213
6034,0.747569,0.925588,0.137957,0.352499,-0.690983,-0.194885,0.307395
6035,1.12687,0.741672,0.0257888,0.670267,-0.714545,-0.198859,0.31788
6036,0.649644,0.214794,-0.0396155,-0.975856,-0.74613,-0.198859,0.332442
6037,0.163935,-0.267692,-0.0318628,-0.962977,-0.769692,-0.194885,0.342928
6038,1.36502,0.557018,-0.0539703,0.828745,-0.785223,-0.190381,0.349361
6039,0.469699,0.91525,-0.387358,0.110772,-0.807435,-0.180919,0.359263
6040,0.0845239,0.798668,-0.552044,-0.239536,-0.828328,-0.168359,0.368582
6041,0.452442,0.798873,-0.58446,0.142157,-0.847545,-0.152921,0.377157
6042,0.364144,0.712734,-0.695629,0.0900627,-0.864755,-0.134865,0.384843
6043,1.32899,0.389335,-0.807484,-0.443156,-0.883983,-0.107251,0.393707
6044,1.15205,0.542202,-0.350458,0.763673,-0.892023,-0.0921786,0.397036
6045,1.11735,0.503128,-0.404113,0.763908,-0.901613,-0.0682786,0.401336
6046,0.189942,-0.377712,-0.185179,-0.907217,-0.909788,-0.0346586,0.405106
6047,0.14006,0.118228,-0.987738,0.101958,-0.911887,-0.017404,0.405975
6048,0.126287,0.00373468,-0.990239,0.139327,-0.877709,0.00870199,0.476567
6049,0.174149,-0.0867823,-0.967241,0.238565,-0.875199,0.0346586,0.475238
6050,1.30421,0.392459,-0.260966,0.881971,-0.869735,0.0600213,0.472304
6051,0.0914343,-0.348446,-0.894559,0.279909,-0.861411,0.0843573,0.467816
6052,0.0884716,-0.529513,-0.0734835,-0.845113,-0.846238,0.114501,0.459319
6053,1.19133,-0.715124,-0.698583,-0.0240864,-0.831895,0.134865,0.451505
6054,0.767872,-0.15609,-0.487821,0.858875,-0.820931,0.147171,0.445918
6055,0.762517,-0.214778,-0.414279,0.884445,-0.803039,0.163515,0.436224
6056,0.0367104,-0.517024,-0.0162444,-0.855817,-0.776758,0.180919,0.421506
6057,0.615376,-0.424764,-0.269334,0.864312,-0.762432,0.187579,0.414206
6058,1.19908,-0.974735,-0.181911,0.129613,-0.733121,0.196587,0.397791
6059,0.99358,-0.104598,-0.0378604,0.993794,-0.717747,0.198859,0.389958
6060,0.116132,-0.830478,0.065296,0.553211,-0.694821,0.199429,0.37751
6061,0.0768779,-0.836348,0.195101,0.512306,-0.672027,0.196587,0.36513
6062,0.237733,-0.712275,0.315168,0.627163,-0.649756,0.190381,0.35303
6063,1.45168,0.3626,0.0680052,0.92946,-0.628389,0.180919,0.341415
6064,0.845139,-0.144041,0.382285,0.912749,-0.608291,0.168359,0.330486
6065,1.11811,0.12879,0.305874,0.943321,-0.589807,0.152921,0.32043
6066,1.36528,0.343692,0.172535,0.923097,-0.573252,0.134865,0.311417
6067,0.42828,-0.645694,0.345392,-0.681017,-0.554778,0.107251,0.301072
6068,0.27037,-0.25108,0.868468,0.427461,-0.547025,0.0921786,0.297121
6069,0.117767,-0.518174,0.111268,-0.848007,-0.535412,0.0600213,0.290618
6070,1.46182,0.465507,0.114181,0.877648,-0.531399,0.0432113,0.288573
6071,0.517838,-0.452779,0.493944,-0.742301,-0.527438,0.00870199,0.286355
6072,1.42367,0.491731,0.143795,0.858792,-0.527438,-0.00870199,0.286355
6073,1.30274,0.0345972,0.945787,-0.322939,-0.531399,-0.0432113,0.288573
6074,1.04759,0.563266,0.462805,0.684501,-0.535412,-0.0600213,0.290618
6075,0.931943,0.0182398,0.720107,-0.693624,-0.547025,-0.0921786,0.297121
6076,0.690888,0.686057,0.629263,0.365177,-0.554778,-0.107251,0.301072
6077,0.00410369,-0.486268,0.00308639,-0.873804,-0.573252,-0.134865,0.311417
6078,1.20952,0.440746,0.617009,-0.651953,-0.589807,-0.152921,0.32043
6079,1.2887,0.560589,0.533917,-0.632987,-0.608291,-0.168359,0.330486
6080,0.734313,0.161563,0.296566,-0.941247,-0.628389,-0.180919,0.341415
6081,0.932995,0.372774,0.258384,-0.891222,-0.649756,-0.190381,0.35303
6082,1.04101,0.491472,0.16848,-0.854441,-0.672027,-0.196587,0.36513
6083,1.10967,0.562263,0.0586496,-0.824876,-0.694821,-0.199429,0.37751
6084,0.29871,-0.210794,-0.0192728,-0.97734,-0.717747,-0.198859,0.389958
6085,1.4718,0.539426,-0.0117907,0.841951,-0.733121,-0.196587,0.397791
6086,0.563827,0.0285005,-0.171881,-0.984705,-0.762432,-0.187579,0.414206
6087,0.886061,0.862315,-0.267678,0.429839,-0.776758,-0.180919,0.421506
6088,0.0626201,-0.442269,-0.0347852,-0.896207,-0.803039,-0.163515,0.436224
6089,0.0749184,-0.438152,-0.0493716,-0.897544,-0.820931,-0.147171,0.445918
6090,1.12489,0.680635,-0.306705,0.665333,-0.831895,-0.134865,0.451505
6091,0.589643,0.677187,-0.680979,0.27872,-0.846238,-0.114501,0.459319
6092,0.560412,-0.208891,-0.476796,-0.853833,-0.861411,-0.0843573,0.467816
6093,0.523773,-0.282933,-0.473647,-0.834031,-0.869735,-0.0600213,0.472304
6094,1.46124,0.503381,-0.099792,0.858282,-0.873748,-0.0432113,0.474349
6095,0.787436,-0.30442,-0.707033,-0.638305,-0.877709,-0.00870199,0.476567
6096,0.340407,0.132914,-0.941452,0.309842,-0.837612,0.00870199,0.543962
6097,1.28201,-0.313596,-0.9402,-0.132971,-0.833838,0.0432113,0.54144
6098,1.13605,-0.476243,-0.85891,-0.188325,-0.827729,0.0682786,0.537439
6099,1.20721,0.379107,-0.333515,0.86316,-0.822051,0.0843573,0.533959
6100,1.28102,-0.601183,-0.797,0.0580531,-0.807591,0.114501,0.524298
6101,0.0883234,-0.601744,-0.0663423,-0.795929,-0.793907,0.134865,0.515383
6102,0.0678895,-0.596688,-0.0447459,-0.801225,-0.77811,0.152921,0.505099
6103,1.2916,0.316698,-0.170546,0.933068,-0.766337,0.163515,0.497884
6104,0.536033,-0.387273,-0.388234,0.836238,-0.74762,0.177061,0.485747
6105,0.375186,-0.558508,-0.303421,0.772013,-0.727583,0.187579,0.472749
6106,0.787279,-0.969811,-0.138316,-0.200839,-0.69965,0.196587,0.454084
6107,0.679414,-0.333479,-0.0525201,0.941293,-0.684938,0.198859,0.445069
6108,0.912504,-0.996191,0.0518059,-0.0701377,-0.656019,0.198859,0.425746
6109,0.523261,-0.462658,0.17275,0.869543,-0.641307,0.196587,0.416731
6110,1.36091,0.346162,0.0786524,0.934872,-0.620055,0.190381,0.40292
6111,0.472939,-0.834202,0.201603,-0.513287,-0.593337,0.177061,0.385068
6112,0.614922,-0.852538,0.320686,-0.412722,-0.574621,0.163515,0.372932
6113,0.21025,-0.514923,0.648833,0.560242,-0.562848,0.152921,0.365718
6114,0.270063,-0.681636,0.200665,-0.703638,-0.5424,0.128309,0.352054
6115,1.26371,0.376642,0.268664,0.886544,-0.533366,0.114501,0.346519
6116,1.47499,0.510516,0.101294,0.853881,-0.522027,0.0921786,0.339124
6117,1.54289,-0.28249,0.946633,0.155195,-0.51096,0.0600213,0.33173
6118,0.0199158,-0.155209,0.980744,0.11854,-0.50712,0.0432113,0.329376
6119,0.171532,-0.556692,0.170327,-0.81307,-0.503346,0.00870199,0.326854
6120,0.139054,0.132253,0.98786,0.0814938,-0.503346,-0.00870199,0.326854
6121,1.04712,-0.137463,0.849377,-0.509571,-0.50712,-0.0432113,0.329376
6122,1.05357,0.615449,0.457849,0.641558,-0.51096,-0.0600213,0.33173
6123,1.23857,0.166227,0.847959,-0.503323,-0.522027,-0.0921786,0.339124
6124,1.40439,0.36331,0.820159,-0.441979,-0.533366,-0.114501,0.346519
6125,0.475839,0.747611,0.659437,0.0788779,-0.5424,-0.128309,0.352054
6126,0.284038,0.765855,0.627417,-0.140765,-0.557544,-0.147171,0.361864
6127,1.22922,0.7394,0.168987,0.651714,-0.574621,-0.163515,0.372932
6128,1.36784,0.672253,0.0739009,0.736624,-0.593337,-0.177061,0.385068
6129,0.798851,0.176619,0.230459,-0.956919,-0.620055,-0.190381,0.40292
6130,0.634314,0.0357728,0.115705,-0.992639,-0.641307,-0.196587,0.416731
6131,0.173731,0.928344,0.0640124,-0.366168,-0.656019,-0.198859,0.425746
6132,0.553545,-0.0364148,-0.0344291,-0.998744,-0.684938,-0.198859,0.445069
6133,0.312941,0.956891,-0.183306,-0.225298,-0.69965,-0.196587,0.454084
6134,0.709955,0.0918233,-0.209632,-0.973459,-0.727583,-0.187579,0.472749
6135,0.419885,-0.203354,-0.180425,-0.962338,-0.74762,-0.177061,0.485747
6136,1.26008,0.488235,-0.529219,-0.693941,-0.766337,-0.163515,0.497884
6137,0.730089,0.835738,-0.4783,0.26976,-0.77811,-0.152921,0.505099
6138,0.712093,0.779194,-0.55641,0.288555,-0.793907,-0.134865,0.515383
6139,1.00151,0.714702,-0.432911,0.549353,-0.807591,-0.114501,0.524298
6140,1.49771,0.32597,-0.894613,-0.305631,-0.822051,-0.0843573,0.533959
6141,1.12819,0.616348,-0.394768,0.681377,-0.827729,-0.0682786,0.537439
6142,1.4727,0.567935,-0.0885548,0.818295,-0.833838,-0.0432113,0.54144
6143,0.563534,-0.440661,-0.533036,-0.722282,-0.837612,-0.00870199,0.543962
6144,0.905795,-0.422379,-0.785236,-0.452769,-0.791917,0.017404,0.607633
6145,0.481438,0.14627,-0.872772,0.465698,-0.790079,0.0346586,0.606298
6146,0.929115,-0.572667,-0.758622,-0.310716,-0.783011,0.0682786,0.600725
6147,1.12086,0.396357,-0.4041,0.824381,-0.777623,0.0843573,0.59681
6148,0.715386,-0.753355,-0.545476,-0.367303,-0.763966,0.114501,0.586044
6149,0.503534,-0.175027,-0.667951,0.723331,-0.755395,0.128309,0.579817
6150,0.266286,-0.428544,-0.641198,0.636565,-0.741067,0.147171,0.56885
6151,0.574972,-0.239608,-0.476093,0.846123,-0.724911,0.163515,0.556476
6152,1.54149,0.572336,-0.0285695,0.819522,-0.707204,0.177061,0.542908
6153,0.18393,-0.645029,-0.318168,0.694771,-0.688249,0.187579,0.528378
6154,1.41852,0.461814,-0.0370247,0.886204,-0.66837,0.194885,0.513134
6155,0.138392,-0.718473,-0.0651681,0.692495,-0.647907,0.198859,0.497437
6156,0.586825,-0.3467,0.0559137,0.936308,-0.62721,0.199429,0.481556
6157,1.29316,0.348963,0.060701,0.935168,-0.606634,0.196587,0.465763
6158,0.557276,-0.918688,0.170092,-0.356485,-0.580252,0.187579,0.444964
6159,1.48585,-0.754191,0.441019,0.486516,-0.561296,0.177061,0.430434
6160,1.29742,0.393659,0.167461,0.903875,-0.549103,0.168359,0.421576
6161,1.44596,0.521009,0.10139,0.847508,-0.53242,0.152921,0.40875
6162,0.0262522,-0.632472,0.0197421,-0.774332,-0.513106,0.128309,0.393525
6163,1.52669,0.589046,0.0547554,0.806242,-0.504534,0.114501,0.387298
6164,0.760919,-0.687713,0.618568,-0.380031,-0.490878,0.0843573,0.376532
6165,0.238385,-0.661153,0.22362,-0.71615,-0.483358,0.0600213,0.370796
6166,0.0264186,-0.141492,0.980635,0.135404,-0.479714,0.0432113,0.368148
6167,0.173002,-0.618689,0.171773,-0.766627,-0.476149,0.00870199,0.365338
6168,0.0247426,0.0681984,0.997492,-0.0189334,-0.476149,-0.00870199,0.365338
6169,1.10199,-0.143123,0.874985,-0.462511,-0.479714,-0.0432113,0.368148
6170,0.839957,0.632148,0.623217,0.460422,-0.483358,-0.0600213,0.370796
6171,0.271348,0.509044,0.859871,-0.0386739,-0.490878,-0.0843573,0.376532
6172,1.105,0.111553,0.743061,-0.659861,-0.504534,-0.114501,0.387298
6173,0.758883,0.803696,0.532121,0.266307,-0.513106,-0.128309,0.393525
6174,0.0335178,-0.598968,0.0221044,-0.800468,-0.53242,-0.152921,0.40875
6175,0.958247,0.178173,0.45479,-0.872594,-0.549103,-0.168359,0.421576
6176,0.4041,0.900658,0.400577,-0.168385,-0.561296,-0.177061,0.430434
6177,1.38147,0.724651,0.0487536,0.68739,-0.580252,-0.187579,0.444964
6178,0.829091,0.14965,0.143956,-0.978203,-0.606634,-0.196587,0.465763
6179,1.38763,0.657742,0.0643945,-0.750486,-0.62721,-0.199429,0.481556
6180,1.11982,0.435454,-0.0589424,-0.898279,-0.647907,-0.198859,0.497437
6181,1.44209,0.684362,-0.193627,-0.702963,-0.66837,-0.194885,0.513134
6182,0.943094,0.238261,-0.260319,-0.935663,-0.688249,-0.187579,0.528378
6183,1.05355,0.30597,-0.384694,-0.870858,-0.707204,-0.177061,0.542908
6184,0.357553,-0.35147,-0.194538,-0.915764,-0.724911,-0.163515,0.556476
6185,0.612938,-0.166848,-0.379453,-0.910042,-0.741067,-0.147171,0.56885
6186,0.375139,-0.386399,-0.275582,-0.880199,-0.755395,-0.128309,0.579817
6187,0.0577143,0.483912,-0.829006,-0.280316,-0.763966,-0.114501,0.586044
6188,0.0365557,-0.605988,-0.0327845,-0.794798,-0.777623,-0.0843573,0.59681
6189,1.45543,0.641703,-0.0971478,0.760776,-0.783011,-0.0682786,0.600725
6190,0.519586,-0.461393,-0.486997,-0.741586,-0.790079,-0.0346586,0.606298
6191,0.1414,0.139604,-0.987535,0.0726941,-0.791917,-0.017404,0.607633
6192,0.555417,-0.602087,-0.526169,-0.600532,-0.741801,0.017404,0.667893
6193,0.688328,0.315953,-0.762244,0.564941,-0.740074,0.0346586,0.666417
6194,0.784875,-0.646943,-0.66928,-0.365416,-0.733465,0.0682786,0.660307
6195,1.00682,0.389055,-0.492601,0.778447,-0.728401,0.0843573,0.655982
6196,0.763201,-0.772384,-0.574873,-0.270082,-0.715631,0.114501,0.644177
6197,0.671753,0.0220407,-0.600635,0.79922,-0.707574,0.128309,0.637297
6198,1.30477,-0.710962,-0.636409,0.299194,-0.689515,0.152921,0.620603
6199,0.345466,-0.371911,-0.528901,0.762853,-0.679016,0.163515,0.611636
6200,0.84676,-0.942947,-0.331551,-0.0304108,-0.656897,0.180919,0.59119
6201,0.366779,-0.438211,-0.304313,0.845792,-0.644671,0.187579,0.580748
6202,0.120686,-0.662026,-0.194587,0.72378,-0.626049,0.194885,0.563992
6203,0.474929,-0.938732,-0.0299459,-0.343344,-0.600728,0.199429,0.540585
6204,0.580705,-0.969523,0.0359295,-0.242351,-0.581341,0.198859,0.523129
6205,1.564,0.645502,0.0088384,0.763707,-0.568221,0.196587,0.511923
6206,1.25515,-0.871678,0.30573,0.383024,-0.543552,0.187579,0.489119
6207,0.921912,0.109902,0.279717,0.953772,-0.531325,0.180919,0.478677
6208,0.868922,-0.904411,0.424466,-0.0432293,-0.509207,0.163515,0.458231
6209,1.06019,-0.813257,0.575479,0.0862416,-0.494072,0.147171,0.444628
6210,0.502106,-0.827933,0.361962,-0.428381,-0.480648,0.128309,0.43257
6211,1.06901,-0.683992,0.729134,-0.022753,-0.469166,0.107251,0.422263
6212,0.254284,-0.738616,0.225649,-0.63524,-0.459822,0.0843573,0.413884
6213,1.26523,0.570945,0.296237,0.765679,-0.454758,0.0682786,0.409559
6214,0.361539,-0.68555,0.346927,-0.640049,-0.448148,0.0346586,0.403449
6215,1.30423,0.641609,0.265282,0.719697,-0.44642,0.017404,0.401974
6216,0.428294,-0.597552,0.414432,-0.686424,-0.44642,-0.017404,0.401974
6217,0.999511,0.650296,0.523967,0.550067,-0.448148,-0.0346586,0.403449
6218,1.37245,0.0975072,0.928434,-0.358472,-0.454758,-0.0682786,0.409559
6219,0.801969,0.717571,0.612403,0.331743,-0.459822,-0.0843573,0.413884
6220,1.56575,0.671866,-0.0139166,0.740542,-0.469166,-0.107251,0.422263
6221,0.45766,0.744085,0.665848,-0.0546283,-0.480648,-0.128309,0.43257
6222,1.43021,0.735792,0.073121,0.673248,-0.494072,-0.147171,0.444628
6223,0.311533,0.803654,0.523261,-0.283439,-0.509207,-0.163515,0.458231
6224,1.08917,0.269145,0.39225,-0.879603,-0.531325,-0.180919,0.478677
6225,0.682956,0.970336,0.241758,0.00116016,-0.543552,-0.187579,0.489119
6226,0.422687,-0.323627,0.0800926,-0.942789,-0.568221,-0.196587,0.511923
6227,1.44238,0.741408,0.00583726,0.67103,-0.581341,-0.198859,0.523129
6228,1.29726,0.830377,-0.0152062,0.556995,-0.600728,-0.199429,0.540585
6229,0.0447731,0.774148,-0.19457,-0.60236,-0.620001,-0.196587,0.557944
6230,0.67324,-0.0971643,-0.200537,-0.974856,-0.644671,-0.187579,0.580748
6231,0.167548,0.781673,-0.433513,-0.44839,-0.656897,-0.180919,0.59119
6232,0.63521,-0.184213,-0.329826,-0.925894,-0.679016,-0.163515,0.611636
6233,1.15104,0.837727,-0.250927,0.485025,-0.689515,-0.152921,0.620603
6234,0.196464,-0.571283,-0.146811,-0.807516,-0.707574,-0.128309,0.637297
6235,0.0789616,0.473971,-0.827439,-0.301158,-0.715631,-0.114501,0.644177
6236,0.12171,-0.63437,-0.108908,-0.76532,-0.728401,-0.0843573,0.655982
6237,0.0366765,0.26903,-0.945852,-0.181623,-0.733465,-0.0682786,0.660307
6238,0.27671,-0.613879,-0.267953,-0.742532,-0.740074,-0.0346586,0.666417
6239,0.484768,0.360298,-0.881691,0.304642,-0.741801,-0.017404,0.667893
6240,0.520154,-0.65927,-0.49595,-0.565153,-0.687113,0.017404,0.724035
6241,0.673634,0.349656,-0.771234,0.531919,-0.685506,0.0346586,0.722429
6242,0.778966,-0.675759,-0.665313,-0.317344,-0.679396,0.0682786,0.715819
6243,0.996532,0.44218,-0.500277,0.744446,-0.674687,0.0843573,0.71111
6244,1.08152,-0.677839,-0.734073,0.0408777,-0.662883,0.114501,0.69834
6245,0.204307,-0.809819,-0.1526,-0.566486,-0.651657,0.134865,0.686476
6246,1.55345,-0.522875,-0.659481,0.54008,-0.638697,0.152921,0.672789
6247,1.32559,-0.725661,-0.539233,0.427368,-0.624225,0.168359,0.657512
6248,1.14078,-0.859415,-0.402287,0.315549,-0.608487,0.180919,0.640907
6249,1.40877,-0.752767,-0.317424,0.576701,-0.591755,0.190381,0.623259
6250,1.39804,-0.782068,-0.192329,0.592772,-0.574314,0.196587,0.604869
6251,1.54653,-0.694941,-0.0654754,0.716079,-0.556462,0.199429,0.586051
6252,1.37232,0.55421,0.0154198,0.832234,-0.544156,0.199429,0.573745
6253,0.55521,-0.974944,0.102918,-0.197211,-0.52075,0.194885,0.548424
6254,0.21273,-0.85347,0.0679034,-0.5167,-0.5035,0.187579,0.530258
6255,0.729301,-0.953143,0.294926,-0.0673602,-0.487052,0.177061,0.512941
6256,0.3152,-0.873068,0.17232,-0.456133,-0.471686,0.163515,0.49677
6257,1.53991,0.702179,0.0398157,0.710886,-0.461922,0.152921,0.487008
6258,0.0530052,-0.756994,0.0398456,-0.652205,-0.445228,0.128309,0.468948
6259,1.15853,0.507736,0.34974,0.787329,-0.437736,0.114501,0.461456
6260,1.06829,0.488252,0.445604,0.750365,-0.428438,0.0921786,0.451618
6261,0.665183,-0.712335,0.584495,-0.388515,-0.419403,0.0600213,0.441845
6262,0.141663,-0.745659,0.138481,-0.651779,-0.415112,0.0346586,0.437366
6263,1.34504,0.705232,0.225859,0.672038,-0.413506,0.017404,0.43576
6264,0.72171,0.519788,0.747376,0.413822,-0.413135,-0.00870199,0.435327
6265,1.02656,0.698792,0.501344,0.510239,-0.415112,-0.0346586,0.437366
6266,0.589797,0.595745,0.780307,0.190287,-0.419403,-0.0600213,0.441845
6267,0.129905,-0.689263,0.116199,-0.715133,-0.428438,-0.0921786,0.451618
6268,1.47767,0.306994,0.828069,-0.469102,-0.437736,-0.114501,0.461456
6269,0.932205,0.858025,0.432507,0.277004,-0.445228,-0.128309,0.468948
6270,0.955833,-0.00691919,0.538765,-0.842428,-0.461922,-0.152921,0.487008
6271,0.875096,0.926053,0.342126,0.159295,-0.471686,-0.163515,0.49677
6272,0.354547,0.842038,0.409413,-0.351218,-0.487052,-0.177061,0.512941
6273,0.782404,0.975373,0.2195,0.0216024,-0.5035,-0.187579,0.530258
6274,1.41422,0.807655,0.0230073,0.589207,-0.52075,-0.194885,0.548424
6275,0.680488,-0.144624,0.041203,-0.988628,-0.544156,-0.199429,0.573745
6276,0.324911,0.894437,-0.0612006,-0.442987,-0.556462,-0.199429,0.586051
6277,0.0984463,0.759763,-0.193407,-0.620768,-0.574314,-0.196587,0.604869
6278,1.14439,0.923296,-0.122049,0.364182,-0.591755,-0.190381,0.623259
6279,1.48703,0.762993,-0.0214817,0.64605,-0.608487,-0.180919,0.640907
6280,1.12063,0.900036,-0.225378,0.373015,-0.624225,-0.168359,0.657512
6281,0.904723,0.893785,-0.392102,0.217726,-0.638697,-0.152921,0.672789
6282,0.598517,0.792226,-0.610213,0.00421888,-0.651657,-0.134865,0.686476
6283,1.37678,0.788036,-0.142518,0.598905,-0.662883,-0.114501,0.69834
6284,0.097504,-0.701631,-0.0873235,-0.707169,-0.674687,-0.0843573,0.71111
6285,0.0645568,0.274009,-0.944187,-0.182838,-0.679396,-0.0682786,0.715819
6286,0.272106,-0.671747,-0.263606,-0.692291,-0.685506,-0.0346586,0.722429
6287,0.508732,0.398068,-0.870214,0.290291,-0.687113,-0.017404,0.724035
6288,0.494311,-0.710513,-0.47341,-0.520629,-0.628187,0.017404,0.775713
6289,0.608328,0.344306,-0.809137,0.476183,-0.626712,0.0346586,0.773986
6290,0.752803,-0.709073,-0.647452,-0.279322,-0.621139,0.0682786,0.766917
6291,0.978914,0.487463,-0.513272,0.706351,-0.616813,0.0843573,0.761853
6292,1.11099,-0.656528,-0.745326,0.116019,-0.606048,0.114501,0.748196
6293,0.967087,-0.781735,-0.619129,0.0746314,-0.595788,0.134865,0.735489
6294,0.73614,0.155966,-0.501677,0.850879,-0.587795,0.147171,0.726131
6295,0.388281,-0.921696,-0.210453,-0.325863,-0.570714,0.168359,0.704462
6296,0.306602,-0.324365,-0.426385,0.844384,-0.560925,0.177061,0.693001
6297,0.657927,-0.97984,-0.196663,-0.0351864,-0.541031,0.190381,0.667767
6298,0.310742,-0.373689,-0.188058,0.90829,-0.530114,0.194885,0.654984
6299,1.54891,-0.63482,-0.0654719,0.769881,-0.508766,0.199429,0.627904
6300,1.29444,0.554823,0.0203237,0.83172,-0.497463,0.199429,0.61467
6301,0.708914,0.0121218,0.152993,0.988153,-0.481142,0.196587,0.59451
6302,0.164004,-0.870497,0.0525106,-0.489365,-0.460344,0.187579,0.568128
6303,1.51286,-0.599702,0.441854,0.667175,-0.445305,0.177061,0.549574
6304,1.11942,0.455633,0.258667,0.851757,-0.435517,0.168359,0.538113
6305,1.25107,0.578629,0.225762,0.783722,-0.422288,0.152921,0.521748
6306,0.339784,-0.876401,0.250659,-0.411207,-0.407062,0.128309,0.502434
6307,0.488163,-0.854816,0.390061,-0.34226,-0.397334,0.107251,0.490458
6308,0.0854271,-0.219649,0.894933,0.388392,-0.391682,0.0921786,0.483842
6309,1.42678,-0.309486,0.937213,0.160781,-0.383442,0.0600213,0.47339
6310,1.16297,0.669778,0.395907,0.628216,-0.380517,0.0432113,0.469964
6311,0.202333,-0.777418,0.200526,-0.596163,-0.377706,0.00870199,0.466399
6312,1.45011,0.784607,0.117549,0.608748,-0.377706,-0.00870199,0.466399
6313,0.0500577,-0.778308,0.0490761,-0.625961,-0.380517,-0.0432113,0.469964
6314,1.30143,0.810082,0.240498,0.534722,-0.383442,-0.0600213,0.47339
6315,0.588279,0.672079,0.737433,0.0670978,-0.389416,-0.0843573,0.480721
6316,0.251041,0.542642,0.800919,-0.253116,-0.397334,-0.107251,0.490458
6317,0.639186,0.805671,0.591825,-0.0252479,-0.407062,-0.128309,0.502434
6318,1.17353,0.125237,0.608223,-0.783825,-0.422288,-0.152921,0.521748
6319,0.134725,-0.709074,0.074664,-0.70117,-0.435517,-0.168359,0.538113
6320,1.17994,0.929477,0.154114,0.335144,-0.445305,-0.177061,0.549574
6321,0.889248,0.979973,0.193197,0.048253,-0.460344,-0.187579,0.568128
6322,0.902759,-0.00979529,0.153277,-0.988135,-0.481142,-0.196587,0.59451
6323,0.861894,-0.0422937,0.0497131,-0.997868,-0.497463,-0.199429,0.61467
6324,0.550953,0.950278,-0.0544131,-0.306613,-0.508766,-0.199429,0.627904
6325,0.909131,-0.00346601,-0.154044,-0.988058,-0.530114,-0.194885,0.654984
6326,0.431717,0.877805,-0.286911,-0.383589,-0.541031,-0.190381,0.667767
6327,0.824123,-0.125922,-0.324831,-0.937352,-0.560925,-0.177061,0.693001
6328,0.519397,0.850023,-0.473306,-0.231176,-0.570714,-0.168359,0.704462
6329,0.205228,-0.674002,-0.134423,-0.726397,-0.587795,-0.147171,0.726131
6330,1.43109,0.826571,-0.0854128,0.556314,-0.595788,-0.134865,0.735489
6331,1.37548,0.832878,-0.143559,0.534513,-0.606048,-0.114501,0.748196
6332,0.079949,-0.760959,-0.071638,-0.644832,-0.616813,-0.0843573,0.761853
6333,0.121401,0.302045,-0.938505,-0.167262,-0.621139,-0.0682786,0.766917
6334,0.327224,-0.704856,-0.315251,-0.635449,-0.626712,-0.0346586,0.773986
6335,0.52546,0.430636,-0.861953,0.267561,-0.628187,-0.017404,0.775713
6336,0.452689,-0.763595,-0.43645,-0.475851,-0.56539,0.017404,0.822609
6337,0.435926,0.246772,-0.892248,0.378149,-0.564054,0.0346586,0.820772
6338,0.629342,-0.777229,-0.557409,-0.291909,-0.559053,0.0682786,0.813287
6339,0.751582,0.37482,-0.665906,0.645042,-0.555138,0.0843573,0.807899
6340,0.248192,-0.114023,-0.810416,0.574651,-0.548008,0.107251,0.797571
6341,0.861994,-0.819167,-0.570975,0.0543329,-0.536246,0.134865,0.779966
6342,0.743342,0.228747,-0.498547,0.836138,-0.529012,0.147171,0.77001
6343,0.129053,-0.884001,-0.0715415,-0.461979,-0.513682,0.168359,0.747067
6344,0.100952,-0.442487,-0.441616,0.7805,-0.504824,0.177061,0.734874
6345,1.06122,0.436692,-0.167237,0.88393,-0.491286,0.187579,0.715197
6346,1.35114,0.66482,-0.0498396,0.745339,-0.47709,0.194885,0.694557
6347,0.476045,-0.150549,-0.0593433,0.98682,-0.46248,0.198859,0.673305
6348,1.4762,-0.630444,0.0651971,0.773492,-0.443157,0.198859,0.644387
6349,1.26,0.594758,0.0668226,0.801123,-0.433015,0.196587,0.630427
6350,0.120529,-0.888685,0.0386695,-0.456885,-0.41435,0.187579,0.602494
6351,0.157424,-0.899298,0.0693908,-0.431796,-0.400812,0.177061,0.582818
6352,0.595069,-0.947436,0.311592,-0.0726334,-0.388166,0.163515,0.564442
6353,0.488986,-0.930179,0.309847,-0.196881,-0.376624,0.147171,0.547682
6354,1.17544,0.609061,0.307552,0.731066,-0.369391,0.134865,0.537726
6355,0.763462,0.33415,0.613248,0.715731,-0.360159,0.114501,0.524252
6356,1.17492,0.662894,0.360176,0.656388,-0.352513,0.0921786,0.513081
6357,1.38938,-0.325541,0.931466,0.162464,-0.345118,0.0600213,0.502014
6358,1.41402,0.802531,0.160539,0.574605,-0.34247,0.0432113,0.49837
6359,1.33553,-0.2291,0.970376,-0.0767003,-0.339949,0.00870199,0.494596
6360,1.29609,0.810613,0.268264,0.520521,-0.339949,-0.00870199,0.494596
6361,1.43238,-0.00743881,0.971426,-0.237226,-0.34247,-0.0432113,0.49837
6362,1.34859,0.850408,0.196969,0.487861,-0.345118,-0.0600213,0.502014
6363,0.447704,-0.643216,0.388313,-0.659914,-0.352513,-0.0921786,0.513081
6364,0.329633,-0.68683,0.269206,-0.675124,-0.360159,-0.114501,0.524252
6365,1.48906,0.297034,0.749569,-0.591538,-0.369391,-0.134865,0.537726
6366,0.514498,0.787626,0.564399,-0.247183,-0.376624,-0.147171,0.547682
6367,0.198221,0.639849,0.541104,-0.545711,-0.388166,-0.163515,0.564442
6368,1.01948,0.969025,0.218435,0.115228,-0.400812,-0.177061,0.582818
6369,0.98458,0.983795,0.167833,0.0630789,-0.41435,-0.187579,0.602494
6370,0.377493,-0.572079,0.0719646,-0.817035,-0.433015,-0.196587,0.630427
6371,0.0976176,0.662578,0.0648783,-0.746178,-0.443157,-0.198859,0.644387
6372,1.27054,0.283676,-0.0625638,-0.956877,-0.46248,-0.198859,0.673305
6373,1.39011,0.38659,-0.192052,-0.902034,-0.47709,-0.194885,0.694557
6374,0.122948,-0.760673,-0.0394442,-0.647936,-0.491286,-0.187579,0.715197
6375,1.04325,0.0118648,-0.382401,-0.92392,-0.504824,-0.177061,0.734874
6376,0.842857,0.934304,-0.356109,-0.0161692,-0.513682,-0.168359,0.747067
6377,0.186807,-0.739446,-0.122497,-0.661978,-0.529012,-0.147171,0.77001
6378,1.56898,0.822417,0.0180963,0.568597,-0.536246,-0.134865,0.779966
6379,0.713412,-0.426806,-0.544237,-0.722249,-0.548008,-0.107251,0.797571
6380,0.279063,-0.731659,-0.247093,-0.635312,-0.555138,-0.0843573,0.807899
6381,0.298395,0.424389,-0.901549,-0.0842771,-0.559053,-0.0682786,0.813287
6382,0.504318,-0.675623,-0.473942,-0.564723,-0.564054,-0.0346586,0.820772
6383,0.55176,0.468539,-0.84843,0.246248,-0.56539,-0.017404,0.822609
6384,0.705721,-0.684797,-0.647197,-0.334945,-0.499105,0.017404,0.864434
6385,1.2567,-0.360162,-0.932827,0.0108081,-0.497146,0.0432113,0.860981
6386,0.780132,-0.730588,-0.666096,-0.15019,-0.49352,0.0682786,0.854643
6387,0.561988,0.267302,-0.767232,0.583014,-0.49004,0.0843573,0.848965
6388,0.272474,-0.046408,-0.805648,0.590574,-0.483742,0.107251,0.838108
6389,1.3576,0.771418,-0.178107,0.610895,-0.476008,0.128309,0.824758
6390,0.284224,-0.135613,-0.638337,0.757717,-0.466967,0.147171,0.809143
6391,0.606884,0.132901,-0.466679,0.874384,-0.456776,0.163515,0.791529
6392,1.03828,0.500064,-0.237974,0.832649,-0.44561,0.177061,0.772217
6393,1.23827,0.64635,-0.11622,0.754138,-0.433658,0.187579,0.751539
6394,1.51356,-0.528328,-0.194922,0.826363,-0.417243,0.196587,0.722227
6395,1.02803,0.460873,-0.0359989,0.886736,-0.408228,0.198859,0.707515
6396,0.864796,-0.937083,0.0498364,0.345532,-0.391233,0.198859,0.677169
6397,0.758014,0.214508,0.146852,0.965619,-0.382217,0.196587,0.662457
6398,0.38033,-0.14215,0.302871,0.942371,-0.36955,0.190381,0.640504
6399,0.455226,-0.0443097,0.404127,0.913629,-0.3574,0.180919,0.619437
6400,1.30134,-0.623781,0.535823,0.569026,-0.342683,0.163515,0.593158
6401,0.961259,0.481258,0.393401,0.783343,-0.335469,0.152921,0.581385
6402,1.12699,0.632259,0.340428,0.695958,-0.326062,0.134865,0.56505
6403,0.261315,-0.912973,0.214857,-0.346868,-0.315718,0.107251,0.546577
6404,1.44541,0.832889,0.127618,0.538525,-0.311171,0.0921786,0.539157
6405,1.23803,-0.433361,0.89505,0.105277,-0.304667,0.0600213,0.527544
6406,1.32304,0.820127,0.247806,0.515737,-0.302314,0.0432113,0.523704
6407,1.19821,-0.347369,0.929396,-0.124731,-0.300096,0.00870199,0.519744
6408,0.969104,0.738544,0.56273,0.371333,-0.300096,-0.00870199,0.519744
6409,1.43987,-0.0194958,0.972432,-0.232369,-0.302314,-0.0432113,0.523704
6410,1.51041,0.87899,0.0452171,0.474691,-0.304667,-0.0600213,0.527544
6411,1.56064,0.20711,0.896962,-0.390596,-0.311171,-0.0921786,0.539157
6412,1.13242,0.907666,0.33653,0.250779,-0.315718,-0.107251,0.546577
6413,1.52911,0.285368,0.751485,-0.594841,-0.326062,-0.134865,0.56505
6414,0.120023,-0.822247,0.0789738,-0.563626,-0.335469,-0.152921,0.581385
6415,1.11013,0.962378,0.230743,0.143478,-0.342683,-0.163515,0.593158
6416,0.816541,-0.278118,0.322553,-0.904771,-0.3574,-0.180919,0.619437
6417,0.839343,-0.238457,0.239352,-0.941195,-0.36955,-0.190381,0.640504
6418,0.0510471,-0.846927,0.00996182,-0.531615,-0.382217,-0.196587,0.662457
6419,1.43159,0.916816,0.0065362,0.399257,-0.391233,-0.198859,0.677169
6420,0.599984,-0.444828,-0.0369783,-0.894852,-0.408228,-0.198859,0.707515
6421,0.185598,0.661117,-0.190359,-0.725732,-0.417243,-0.196587,0.722227
6422,1.46357,0.366634,-0.319774,-0.873684,-0.433658,-0.187579,0.751539
6423,0.139515,-0.803081,-0.0615501,-0.592683,-0.44561,-0.177061,0.772217
6424,0.47169,-0.592647,-0.252567,-0.764839,-0.456776,-0.163515,0.791529
6425,0.38518,-0.670595,-0.247832,-0.699201,-0.466967,-0.147171,0.809143
6426,1.12195,-0.0884726,-0.677639,-0.730054,-0.476008,-0.128309,0.824758
6427,0.603244,-0.564568,-0.471806,-0.677246,-0.483742,-0.107251,0.838108
6428,0.427639,-0.704352,-0.372011,-0.604563,-0.49004,-0.0843573,0.848965
6429,0.280927,0.402707,-0.906491,-0.126894,-0.49352,-0.0682786,0.854643
6430,1.29515,0.866578,-0.259737,0.426121,-0.497146,-0.0432113,0.860981
6431,0.227348,0.229929,-0.971602,0.0558692,-0.499105,-0.017404,0.864434
6432,0.114413,0.0741999,-0.991627,0.105686,-0.429962,0.00870199,0.901455
6433,0.397491,-0.868934,-0.379677,-0.31749,-0.428062,0.0432113,0.897333
6434,0.124245,-0.032424,-0.941118,0.336519,-0.426017,0.0600213,0.893319
6435,0.217892,-0.000485504,-0.879034,0.476759,-0.421921,0.0843573,0.884795
6436,1.54004,0.894677,-0.04369,0.444572,-0.416494,0.107251,0.873479
6437,0.280982,-0.0378571,-0.727753,0.684793,-0.40983,0.128309,0.859563
6438,0.198587,-0.952375,-0.130136,-0.275764,-0.399534,0.152921,0.837229
6439,1.30631,0.766443,-0.162756,0.62135,-0.393266,0.163515,0.824927
6440,0.270264,-0.975412,-0.118168,-0.186033,-0.380656,0.180919,0.797573
6441,1.07004,0.576722,-0.164808,0.800144,-0.373356,0.187579,0.783247
6442,0.342729,-0.119661,-0.186263,0.975186,-0.362564,0.194885,0.760639
6443,0.558978,0.0884753,-0.05684,0.994455,-0.351457,0.198859,0.737363
6444,0.943319,-0.871371,0.0530146,0.487753,-0.336896,0.198859,0.705777
6445,0.30861,-0.989954,0.0593064,-0.128348,-0.32579,0.194885,0.682502
6446,0.289707,-0.983545,0.0918747,-0.155559,-0.314998,0.187579,0.659895
6447,0.301289,-0.978641,0.131342,-0.158148,-0.304706,0.177061,0.638343
6448,0.167873,-0.953526,0.0928786,-0.286638,-0.295088,0.163515,0.618216
6449,0.413213,-0.958067,0.26486,-0.109348,-0.286311,0.147171,0.599856
6450,0.139007,-0.171599,0.74729,0.641959,-0.280724,0.134865,0.588891
6451,0.325671,-0.934781,0.266089,-0.235332,-0.27186,0.107251,0.569663
6452,0.503806,-0.884648,0.433039,-0.172845,-0.266434,0.0843573,0.558346
6453,1.3318,-0.34564,0.92009,0.184302,-0.262337,0.0600213,0.549822
6454,1.23857,0.828997,0.32694,0.453734,-0.260292,0.0432113,0.545809
6455,0.454947,0.372308,0.89751,0.236353,-0.25861,0.017404,0.542213
6456,1.28073,-0.233529,0.956177,-0.176609,-0.25861,-0.017404,0.542213
6457,1.54539,0.058526,0.980497,-0.187618,-0.260292,-0.0432113,0.545809
6458,1.4381,0.917711,0.113426,0.380712,-0.262337,-0.0600213,0.549822
6459,0.714512,0.744568,0.667281,-0.0188368,-0.266434,-0.0843573,0.558346
6460,0.942369,0.878635,0.474141,0.0564895,-0.27186,-0.107251,0.569663
6461,1.1995,-0.0723662,0.700853,-0.709626,-0.280724,-0.134865,0.588891
6462,0.616246,0.797843,0.526777,-0.293176,-0.286311,-0.147171,0.599856
6463,0.749602,0.887008,0.394278,-0.240336,-0.295088,-0.163515,0.618216
6464,0.461084,0.762559,0.389202,-0.516745,-0.304706,-0.177061,0.638343
6465,0.93072,0.972809,0.18237,-0.142774,-0.314998,-0.187579,0.659895
6466,0.854426,0.96487,0.122448,-0.232446,-0.32579,-0.194885,0.682502
6467,1.34052,0.970956,0.0124395,0.238937,-0.336896,-0.198859,0.705777
6468,0.233301,-0.786949,-0.0151406,-0.616832,-0.351457,-0.198859,0.737363
6469,1.45945,0.307153,-0.194022,-0.931672,-0.362564,-0.194885,0.760639
6470,1.12111,-0.0377584,-0.289646,-0.956389,-0.373356,-0.187579,0.783247
6471,0.821059,0.932014,-0.290014,-0.217353,-0.380656,-0.180919,0.797573
6472,1.39857,0.187229,-0.547618,-0.815512,-0.393266,-0.163515,0.824927
6473,0.849245,0.900001,-0.420928,-0.113213,-0.399534,-0.152921,0.837229
6474,0.345614,-0.760969,-0.254788,-0.596665,-0.40983,-0.128309,0.859563
6475,0.901454,-0.381167,-0.652222,-0.655224,-0.416494,-0.107251,0.873479
6476,0.425549,-0.750757,-0.370302,-0.547029,-0.421921,-0.0843573,0.884795
6477,0.0755424,0.213861,-0.943344,-0.253705,-0.424944,-0.0682786,0.890729
6478,0.0461235,0.130353,-0.979388,-0.154297,-0.428062,-0.0432113,0.897333
6479,0.916799,-0.530772,-0.791964,-0.301786,-0.429962,-0.00870199,0.901455
6480,0.0594544,0.0307132,-0.996252,0.0808607,-0.357909,0.00870199,0.932411
6481,0.394272,-0.89213,-0.376765,-0.249304,-0.356338,0.0432113,0.928153
6482,0.258131,0.120185,-0.918592,0.376489,-0.354615,0.0600213,0.923991
6483,0.167998,-0.0104656,-0.886856,0.461927,-0.3512,0.0843573,0.915171
6484,0.952574,-0.700382,-0.677733,0.223926,-0.345181,0.114501,0.898856
6485,1.45837,0.897768,-0.103723,0.428082,-0.341126,0.128309,0.889068
6486,0.904587,0.553435,-0.422758,0.717625,-0.33464,0.147171,0.87223
6487,0.507992,-0.959673,-0.270386,0.07694,-0.32509,0.168359,0.846343
6488,1.52672,-0.351409,-0.442154,0.825234,-0.316905,0.180919,0.82498
6489,0.915578,0.512913,-0.205329,0.833523,-0.310752,0.187579,0.810125
6490,1.14441,-0.697074,-0.177756,0.694615,-0.299124,0.196587,0.778607
6491,0.752403,0.352704,-0.0495269,0.934423,-0.292521,0.198859,0.762665
6492,1.18832,-0.670567,0.060757,0.739357,-0.280483,0.198859,0.730035
6493,1.25631,-0.613033,0.185665,0.767932,-0.271237,0.194885,0.70596
6494,0.811971,0.422155,0.229805,0.876912,-0.264804,0.190381,0.690429
6495,1.03891,-0.743305,0.381467,0.549528,-0.253682,0.177061,0.660282
6496,0.692663,0.34794,0.439122,0.828317,-0.247914,0.168359,0.646358
6497,0.584729,0.273507,0.56052,0.781672,-0.24039,0.152921,0.626706
6498,0.975584,0.630205,0.437701,0.641296,-0.233655,0.134865,0.609102
6499,0.452033,0.216619,0.755883,0.617833,-0.227824,0.114501,0.593845
6500,0.728389,0.496365,0.679628,0.540119,-0.222996,0.0921786,0.581198
6501,1.23554,-0.413657,0.894291,0.17068,-0.21839,0.0600213,0.56871
6502,0.968089,0.730092,0.562182,0.38848,-0.216666,0.0432113,0.564549
6503,0.974067,-0.545907,0.825412,-0.143808,-0.215094,0.00870199,0.56029
6504,0.365084,0.35829,0.931188,0.0672143,-0.215094,-0.00870199,0.56029
6505,0.152016,-0.917148,0.148525,-0.369837,-0.216666,-0.0432113,0.564549
6506,1.43311,0.944727,0.118121,0.305839,-0.21839,-0.0600213,0.56871
6507,0.506578,-0.746132,0.435207,-0.503867,-0.222996,-0.0921786,0.581198
6508,0.749348,-0.555982,0.566499,-0.608246,-0.227824,-0.114501,0.593845
6509,0.306975,-0.825409,0.227269,-0.516767,-0.233655,-0.134865,0.609102
6510,0.494985,-0.70202,0.313327,-0.639527,-0.24039,-0.152921,0.626706
6511,0.308516,-0.806528,0.168786,-0.56659,-0.247914,-0.168359,0.646358
6512,1.3431,0.98023,0.084649,0.178838,-0.253682,-0.177061,0.660282
6513,0.471879,-0.686676,0.146191,-0.712112,-0.264804,-0.190381,0.690429
6514,1.51308,0.944552,0.00376232,0.328339,-0.271237,-0.194885,0.70596
6515,1.4323,0.967794,0.00648832,0.251661,-0.280483,-0.198859,0.730035
6516,0.0262327,-0.928815,-0.00171785,-0.370541,-0.292521,-0.198859,0.762665
6517,1.1212,0.995679,-0.0780099,-0.0503835,-0.299124,-0.196587,0.778607
6518,0.958608,-0.270931,-0.263221,-0.925911,-0.310752,-0.187579,0.810125
6519,0.613124,0.813948,-0.352771,-0.461563,-0.316905,-0.180919,0.82498
6520,0.55207,0.757766,-0.46352,-0.459282,-0.32509,-0.168359,0.846343
6521,0.196381,-0.869402,-0.128704,-0.477049,-0.33464,-0.147171,0.87223
6522,1.2327,-0.0959942,-0.709528,-0.698108,-0.341126,-0.128309,0.889068
6523,1.21989,0.949957,-0.268783,0.159179,-0.345181,-0.114501,0.898856
6524,0.737868,-0.591255,-0.603432,-0.535059,-0.3512,-0.0843573,0.915171
6525,0.854669,-0.532013,-0.714367,-0.454578,-0.354615,-0.0600213,0.923991
6526,0.337607,0.380981,-0.922946,-0.0549906,-0.356338,-0.0432113,0.928153
6527,1.32548,0.916132,-0.239809,0.321238,-0.357733,-0.017404,0.931869
6528,0.658912,-0.771827,-0.61095,-0.176132,-0.283516,0.017404,0.957063
6529,1.54151,0.959851,-0.0361873,0.278168,-0.282815,0.0346586,0.954903
6530,0.0285442,-0.0719103,-0.946875,0.31346,-0.281026,0.0600213,0.948965
6531,0.176055,0.0336104,-0.885719,0.463003,-0.278313,0.0843573,0.939905
6532,1.32017,-0.384706,-0.805704,0.450381,-0.273593,0.114501,0.923167
6533,1.21319,0.82562,-0.281394,0.489048,-0.27032,0.128309,0.913091
6534,1.1116,0.753953,-0.309718,0.579336,-0.265174,0.147171,0.895797
6535,0.959281,-0.737283,-0.455154,0.499249,-0.257684,0.168359,0.86924
6536,0.721939,0.421931,-0.342278,0.839535,-0.253026,0.177061,0.854906
6537,0.385599,0.0870543,-0.302297,0.94923,-0.246232,0.187579,0.832009
6538,1.49498,0.925792,-0.0222776,0.377376,-0.23911,0.194885,0.807992
6539,1.54081,-0.299579,-0.0654654,0.951823,-0.22975,0.199429,0.774804
6540,0.943727,-0.784069,0.0530295,0.618404,-0.22234,0.198859,0.749791
6541,0.560337,0.248984,0.169262,0.953602,-0.217008,0.196587,0.733381
6542,0.0560181,-0.975335,0.0180059,-0.219996,-0.207889,0.187579,0.701047
6543,1.37214,-0.42857,0.43391,0.792496,-0.201095,0.177061,0.678151
6544,0.02269,-0.967325,0.0126111,-0.253224,-0.194745,0.163515,0.656766
6545,1.21054,0.81274,0.25064,0.525959,-0.190478,0.152921,0.643635
6546,1.4573,-0.286754,0.747253,0.599487,-0.183803,0.128309,0.619965
6547,1.00008,0.714188,0.464476,0.523638,-0.180529,0.114501,0.609889
6548,0.559505,0.393817,0.768371,0.504493,-0.176708,0.0921786,0.596902
6549,0.235237,0.127469,0.923649,0.361418,-0.17375,0.0682786,0.586818
6550,0.27347,-0.940985,0.264892,-0.210664,-0.171307,0.0346586,0.578154
6551,0.87312,-0.63192,0.764697,-0.126157,-0.170472,0.00870199,0.575439
6552,0.471555,0.455241,0.887772,0.067948,-0.170472,-0.00870199,0.575439
6553,1.2505,0.93207,0.301706,0.200547,-0.171307,-0.0346586,0.578154
6554,0.796976,-0.610264,0.677354,-0.410814,-0.17375,-0.0682786,0.586818
6555,0.56425,-0.749106,0.479694,-0.456873,-0.176708,-0.0921786,0.596902
6556,0.221659,-0.905764,0.182843,-0.382309,-0.180529,-0.114501,0.609889
6557,1.28272,0.975927,0.194965,0.0977501,-0.183803,-0.128309,0.619965
6558,0.0233765,-0.957422,0.015418,-0.28828,-0.190478,-0.152921,0.643635
6559,1.00605,0.943871,0.282005,-0.171992,-0.194745,-0.163515,0.656766
6560,1.0657,0.968353,0.200414,-0.148752,-0.201095,-0.177061,0.678151
6561,1.14315,0.987842,0.122403,-0.095842,-0.207889,-0.187579,0.701047
6562,0.722606,-0.545865,0.129127,-0.827863,-0.217008,-0.196587,0.733381
6563,0.161935,0.457695,0.0641681,-0.886791,-0.22234,-0.198859,0.749791
6564,1.10905,0.988875,-0.0268592,-0.146301,-0.22975,-0.199429,0.774804
6565,0.410987,-0.775953,-0.0779976,-0.62595,-0.23911,-0.194885,0.807992
6566,1.34051,0.993892,-0.0617331,0.0914725,-0.244304,-0.190381,0.82398
6567,1.36111,0.0377057,-0.432884,-0.900661,-0.253026,-0.177061,0.854906
6568,1.09635,0.966511,-0.237692,-0.0967459,-0.257684,-0.168359,0.86924
6569,1.54602,0.180118,-0.6594,-0.729897,-0.265174,-0.147171,0.895797
6570,1.4461,0.0577959,-0.746252,-0.66315,-0.27032,-0.128309,0.913091
6571,1.23343,0.961702,-0.258136,0.0921659,-0.273593,-0.114501,0.923167
6572,0.493519,-0.790767,-0.424929,-0.440593,-0.278313,-0.0843573,0.939905
6573,0.916777,-0.516336,-0.751577,-0.410523,-0.281026,-0.0600213,0.948965
6574,0.857924,-0.58943,-0.741973,-0.31945,-0.282815,-0.0346586,0.954903
6575,0.507864,0.485666,-0.870678,0.0777705,-0.283516,-0.017404,0.957063
6576,0.591516,-0.821257,-0.556428,-0.126196,-0.207553,0.017404,0.976357
6577,0.40204,0.34172,-0.905535,0.251462,-0.207022,0.0346586,0.974149
6578,1.09588,-0.504214,-0.842191,0.191004,-0.205266,0.0682786,0.96532
6579,1.04011,-0.570764,-0.773652,0.275121,-0.203108,0.0921786,0.955035
6580,0.853986,0.652284,-0.559894,0.510925,-0.201077,0.107251,0.946573
6581,0.924514,0.687341,-0.468361,0.555158,-0.197845,0.128309,0.931486
6582,0.804372,0.581384,-0.471299,0.663227,-0.194072,0.147171,0.913841
6583,0.156317,-0.994073,-0.0865343,-0.0658069,-0.18869,0.168359,0.886778
6584,0.413369,0.199571,-0.411336,0.889367,-0.185172,0.177061,0.872123
6585,0.806027,-0.812358,-0.232063,0.534996,-0.178903,0.190381,0.840608
6586,0.740585,0.487303,-0.149066,0.860416,-0.174978,0.194885,0.824262
6587,0.68087,-0.884631,-0.0412242,0.464467,-0.168251,0.199429,0.790441
6588,0.225881,-0.00923652,0.0643524,0.997884,-0.164188,0.199429,0.773519
6589,0.22224,-0.00893449,0.191953,0.981364,-0.158799,0.196587,0.748147
6590,1.42694,0.931482,0.0579193,0.359146,-0.153537,0.190381,0.723353
6591,0.0388982,-0.171286,0.442616,0.8802,-0.148491,0.180919,0.699563
6592,0.343049,0.145149,0.529282,0.835938,-0.14375,0.168359,0.677183
6593,0.562146,0.371707,0.568229,0.734132,-0.139393,0.152921,0.656595
6594,0.177899,0.0214533,0.743448,0.668449,-0.135494,0.134865,0.638153
6595,0.646515,0.485717,0.67459,0.555884,-0.132121,0.114501,0.622173
6596,1.13507,-0.492124,0.813217,0.310631,-0.128729,0.0843573,0.605117
6597,0.886799,0.712048,0.607633,0.351809,-0.127174,0.0682786,0.598641
6598,0.232409,0.181483,0.956156,0.229848,-0.125683,0.0432113,0.591492
6599,0.14777,0.129351,0.987353,0.0916603,-0.124887,0.017404,0.587604
6600,1.0933,-0.439405,0.886248,-0.146588,-0.124887,-0.017404,0.587604
6601,0.781293,-0.669579,0.69069,-0.273149,-0.125683,-0.0432113,0.591492
6602,0.164517,-0.95728,0.155094,-0.244052,-0.127174,-0.0682786,0.598641
6603,1.46671,0.984569,0.0777192,0.156791,-0.128729,-0.0843573,0.605117
6604,0.459083,-0.83123,0.368522,-0.416232,-0.132121,-0.114501,0.622173
6605,0.992173,-0.428729,0.62969,-0.647828,-0.135494,-0.134865,0.638153
6606,0.624682,-0.709801,0.385758,-0.589383,-0.139393,-0.152921,0.656595
6607,0.745292,-0.610795,0.376965,-0.696295,-0.14375,-0.168359,0.677183
6608,0.925386,-0.45022,0.353587,-0.819925,-0.148491,-0.180919,0.699563
6609,1.14248,-0.239314,0.292568,-0.925814,-0.153537,-0.190381,0.723353
6610,1.04016,-0.331312,0.168391,-0.928373,-0.158799,-0.196587,0.748147
6611,0.998125,-0.367863,0.0550418,-0.92825,-0.164188,-0.199429,0.773519
6612,0.462891,0.642641,-0.0574078,-0.764013,-0.168251,-0.199429,0.790441
6613,0.341435,-0.860099,-0.0653738,-0.505921,-0.174978,-0.194885,0.824262
6614,0.28997,0.490135,-0.304559,-0.816708,-0.178903,-0.190381,0.840608
6615,1.17726,-0.214502,-0.408784,-0.887065,-0.185172,-0.177061,0.872123
6616,1.14588,0.968284,-0.212504,-0.131409,-0.18869,-0.168359,0.886778
6617,1.3675,-0.0543977,-0.646013,-0.761386,-0.194072,-0.147171,0.913841
6618,0.14748,-0.951244,-0.110521,-0.287958,-0.197845,-0.128309,0.931486
6619,0.206077,-0.937864,-0.170173,-0.30241,-0.201077,-0.107251,0.946573
6620,1.08963,0.915761,-0.401254,-0.0194158,-0.203108,-0.0921786,0.955035
6621,1.13592,0.920307,-0.38814,0.0488142,-0.205266,-0.0682786,0.96532
6622,0.546094,-0.818389,-0.509391,-0.266006,-0.207022,-0.0346586,0.974149
6623,0.415155,0.409558,-0.912053,0.0205521,-0.207553,-0.017404,0.976357
6624,0.125502,0.114214,-0.990324,0.078824,-0.130354,0.00870199,0.990201
6625,0.296275,0.260628,-0.940269,0.219016,-0.129953,0.0346586,0.987389
6626,0.735904,-0.761431,-0.63568,0.127022,-0.128895,0.0682786,0.978449
6627,0.880251,-0.672584,-0.691514,0.263514,-0.127551,0.0921786,0.968026
6628,1.26781,0.920288,-0.265471,0.287394,-0.126189,0.107251,0.959431
6629,1.52594,-0.12191,-0.751369,0.648523,-0.123701,0.134865,0.938406
6630,1.42149,0.961529,-0.117297,0.248401,-0.121776,0.147171,0.926251
6631,0.249508,-0.986443,-0.137258,0.0899477,-0.118533,0.168359,0.898849
6632,0.354248,0.211343,-0.420248,0.882454,-0.116175,0.177061,0.883963
6633,0.450102,-0.942575,-0.139933,0.303268,-0.112398,0.190381,0.852053
6634,0.514077,0.352184,-0.17357,0.919696,-0.109769,0.194885,0.835449
6635,1.11549,-0.542033,-0.0588183,0.838296,-0.105716,0.199429,0.801205
6636,1.34751,-0.334244,0.063869,0.94032,-0.102311,0.198859,0.775341
6637,1.37394,-0.307286,0.191462,0.932158,-0.0989399,0.194885,0.749773
6638,1.04118,-0.597733,0.277556,0.752116,-0.0956619,0.187579,0.724937
6639,0.761346,0.580579,0.330959,0.743905,-0.0931466,0.180919,0.709056
6640,0.58325,0.436332,0.473707,0.764994,-0.0901759,0.168359,0.686373
6641,1.04274,-0.576679,0.569738,0.585526,-0.0869326,0.147171,0.658971
6642,0.767867,0.613974,0.554411,0.56184,-0.0850072,0.134865,0.646817
6643,0.656515,0.536263,0.669698,0.513738,-0.0828986,0.114501,0.630621
6644,0.626928,-0.834698,0.526245,0.162314,-0.0808546,0.0843573,0.613352
6645,0.542836,0.469625,0.816981,0.334654,-0.0798126,0.0682786,0.606774
6646,0.280659,0.245702,0.944495,0.218083,-0.0788879,0.0432113,0.59953
6647,0.256714,0.24223,0.965806,0.0924338,-0.0783992,0.017404,0.59559
6648,0.19721,-0.972316,0.195515,-0.127967,-0.0783992,-0.017404,0.59559
6649,0.23697,-0.959938,0.230256,-0.159689,-0.0788879,-0.0432113,0.59953
6650,0.491349,-0.85777,0.446809,-0.25415,-0.0798126,-0.0682786,0.606774
6651,0.39758,0.447886,0.820898,-0.354296,-0.0808546,-0.0843573,0.613352
6652,0.413057,-0.883356,0.333835,-0.328994,-0.0828986,-0.114501,0.630621
6653,0.300677,-0.925574,0.222755,-0.306092,-0.0850072,-0.134865,0.646817
6654,1.53717,0.99342,0.00268684,0.114498,-0.0869326,-0.147171,0.658971
6655,0.554529,-0.792811,0.292687,-0.534588,-0.0901759,-0.168359,0.686373
6656,0.30974,-0.91369,0.134911,-0.383366,-0.0931466,-0.180919,0.709056
6657,1.46238,0.99847,0.0228768,0.0503411,-0.0956619,-0.187579,0.724937
6658,1.15556,0.965836,0.0718236,-0.249004,-0.0989399,-0.194885,0.749773
6659,1.42267,0.999933,0.00711754,0.00911757,-0.102311,-0.198859,0.775341
6660,0.135817,0.288406,-0.0644897,-0.955334,-0.105716,-0.199429,0.801205
6661,0.554701,-0.783461,-0.102827,-0.612874,-0.109769,-0.194885,0.835449
6662,0.487341,0.59363,-0.278405,-0.755046,-0.112398,-0.190381,0.852053
6663,1.2822,-0.181593,-0.424271,-0.88714,-0.116175,-0.177061,0.883963
6664,1.12332,0.948211,-0.224045,-0.225165,-0.118533,-0.168359,0.898849
6665,1.03977,-0.426731,-0.568753,-0.70315,-0.121776,-0.147171,0.926251
6666,0.611208,0.652997,-0.604583,-0.456152,-0.123701,-0.134865,0.938406
6667,1.34163,-0.16204,-0.809908,-0.56373,-0.126189,-0.107251,0.959431
6668,1.28846,0.972001,-0.234971,-0.0015648,-0.127551,-0.0921786,0.968026
6669,1.51466,0.993772,-0.0411768,0.103549,-0.128895,-0.0682786,0.978449
6670,0.630593,-0.788569,-0.578315,-0.209072,-0.129953,-0.0346586,0.987389
6671,0.833247,-0.662128,-0.738537,-0.127079,-0.130354,-0.00870199,0.990201
6672,0.460304,0.439217,-0.895166,0.0759343,-0.0522612,0.00870199,0.997376
6673,1.24002,-0.331767,-0.927644,0.171484,-0.0520826,0.0432113,0.99284
6674,0.805975,-0.700975,-0.683262,0.204419,-0.0517293,0.0682786,0.985546
6675,0.878126,-0.651457,-0.690281,0.314828,-0.0512066,0.0921786,0.975049
6676,1.37278,0.970431,-0.181355,0.159293,-0.0505239,0.107251,0.966374
6677,1.43937,-0.156601,-0.745624,0.647704,-0.0496933,0.134865,0.945219
6678,0.651743,-0.812317,-0.40008,0.424354,-0.0487279,0.152921,0.926393
6679,0.790664,-0.726026,-0.395128,0.562814,-0.0476439,0.168359,0.905378
6680,1.11507,-0.471386,-0.397415,0.78731,-0.0464613,0.180919,0.882531
6681,0.734973,-0.766208,-0.215671,0.60532,-0.0451999,0.190381,0.858245
6682,1.02273,-0.553518,-0.166643,0.815995,-0.0438813,0.196587,0.832933
6683,0.521002,0.428321,-0.0580355,0.901761,-0.0425279,0.198859,0.815732
6684,0.997884,-0.574588,0.0550307,0.816591,-0.0411626,0.198859,0.780978
6685,1.36554,-0.241344,0.191154,0.951427,-0.0398086,0.194885,0.755224
6686,1.092,-0.493378,0.285437,0.821647,-0.0384893,0.187579,0.730208
6687,0.873439,0.719359,0.295994,0.628418,-0.0372279,0.180919,0.714179
6688,1.52713,-0.0762428,0.555311,0.828141,-0.0360453,0.163515,0.684081
6689,0.995002,-0.568829,0.553258,0.608555,-0.0349619,0.147171,0.66376
6690,0.854908,0.719204,0.508139,0.473857,-0.0339966,0.134865,0.651492
6691,1.5052,-0.0872735,0.829868,0.551091,-0.0331653,0.107251,0.630336
6692,0.675366,-0.790722,0.560808,0.245465,-0.0324826,0.0843573,0.617804
6693,0.357381,0.325834,0.891273,0.31538,-0.0319599,0.0682786,0.611165
6694,0.254401,0.236652,0.951103,0.198492,-0.0316066,0.0432113,0.603872
6695,0.840371,-0.668584,0.743298,0.0224496,-0.0314286,0.00870199,0.599335
6696,0.176311,0.180305,0.981941,-0.0572813,-0.0314286,-0.00870199,0.599335
6697,0.177804,-0.98212,0.173475,-0.073123,-0.0316066,-0.0432113,0.603872
6698,0.193039,-0.978251,0.181674,-0.100102,-0.0319599,-0.0682786,0.611165
6699,1.51461,0.99915,0.0347998,0.0220866,-0.0324826,-0.0843573,0.617804
6700,1.15899,0.932482,0.316205,-0.174619,-0.0331653,-0.107251,0.630336
6701,0.113146,-0.989919,0.0849167,-0.113356,-0.0339966,-0.134865,0.651492
6702,1.47598,0.999023,0.0430674,-0.00986358,-0.0349619,-0.147171,0.66376
6703,1.03096,0.889314,0.269969,-0.369104,-0.0360453,-0.163515,0.684081
6704,0.20171,-0.97191,0.0886754,-0.218008,-0.0372279,-0.180919,0.714179
6705,1.45679,0.999135,0.0246882,-0.0334564,-0.0384893,-0.187579,0.730208
6706,1.18959,0.954078,0.0656004,-0.292288,-0.0398086,-0.194885,0.755224
6707,0.24289,0.315752,0.0628995,-0.946755,-0.0411626,-0.198859,0.780978
6708,0.841053,-0.636949,-0.0488144,-0.769359,-0.0425279,-0.198859,0.815732
6709,1.54351,0.998736,0.00217937,0.0502179,-0.0438813,-0.196587,0.832933
6710,0.222261,0.292291,-0.310859,-0.904396,-0.0451999,-0.190381,0.858245
6711,0.338213,0.397275,-0.412088,-0.819973,-0.0464613,-0.180919,0.882531
6712,0.620217,0.632963,-0.441538,-0.635926,-0.0476439,-0.168359,0.905378
6713,0.175765,0.232606,-0.645722,-0.727281,-0.0487279,-0.152921,0.926393
6714,0.730262,0.704383,-0.547174,-0.452156,-0.0496933,-0.134865,0.945219
6715,1.19149,-0.349739,-0.772578,-0.529911,-0.0505239,-0.107251,0.966374
6716,1.31981,0.976103,-0.207652,-0.0640565,-0.0512066,-0.0921786,0.975049
6717,1.45782,0.995466,-0.0948694,0.00690814,-0.0517293,-0.0682786,0.985546
6718,1.17686,0.928481,-0.369531,-0.0370203,-0.0520826,-0.0432113,0.99284
6719,0.448428,-0.899323,-0.432622,-0.0636864,-0.0522612,-0.00870199,0.997376
6720,0.33754,0.330913,-0.942399,0.0488027,0.0261534,0.00870199,0.998401
6721,1.49038,0.99603,-0.0862696,-0.0219625,0.026108,0.0346586,0.995561
6722,0.824913,-0.668833,-0.695556,0.26242,0.0257547,0.0682786,0.986567
6723,0.859127,-0.639453,-0.67927,0.360127,0.025452,0.0921786,0.976061
6724,1.28007,0.957524,-0.255731,0.133227,0.025452,0.107251,0.967359
6725,1.33139,-0.211803,-0.730645,0.649075,0.0246214,0.134865,0.946204
6726,1.48758,-0.0536419,-0.657305,0.751713,0.0241067,0.152921,0.927361
6727,1.51147,0.998003,-0.0510579,0.0371957,0.0241067,0.163515,0.913553
6728,0.714368,-0.731861,-0.289958,0.616688,0.022924,0.180919,0.883456
6729,0.402015,-0.905018,-0.125845,0.406332,0.022276,0.190381,0.859145
6730,1.41185,0.987365,-0.0383053,0.153764,0.022276,0.194885,0.842335
6731,0.230546,0.228508,-0.0642934,0.971417,0.0216054,0.198859,0.816554
6732,0.400012,-0.905088,0.0255032,0.424459,0.02024,0.198859,0.7818
6733,0.136509,0.136081,0.19431,0.971455,0.02024,0.196587,0.764545
6734,1.49935,0.997369,0.0348677,0.0635515,0.0195687,0.190381,0.739209
6735,0.137354,0.136902,0.440284,0.88736,0.0189207,0.180919,0.714898
6736,1.35786,0.977183,0.135142,0.163862,0.0183074,0.168359,0.692029
6737,1.5493,0.999433,0.0336503,-0.000915117,0.017738,0.152921,0.670993
6738,0.176595,0.175602,0.743606,0.645146,0.017224,0.134865,0.652151
6739,1.40111,0.985112,0.1583,0.0670466,0.0167727,0.114501,0.635825
6740,0.0313004,0.0312759,0.896909,0.441108,0.0163927,0.0921786,0.622294
6741,0.950214,-0.570794,0.770436,0.283941,0.01587,0.0600213,0.608994
6742,0.694998,0.639908,0.75811,0.125646,0.01587,0.0432113,0.60449
6743,0.370604,-0.93046,0.361403,0.0602658,0.015692,0.00870199,0.599954
6744,0.264149,0.260887,0.962577,-0.073377,0.015692,-0.00870199,0.599954
6745,1.26037,-0.312524,0.933932,-0.173494,0.01587,-0.0432113,0.60449
6746,0.936821,0.805121,0.551288,-0.218773,0.01587,-0.0600213,0.608994
6747,1.1198,0.899457,0.37689,-0.221205,0.01609,-0.0843573,0.618449
6748,0.959385,-0.59144,0.681005,-0.431776,0.0167727,-0.114501,0.635825
6749,0.752958,-0.746797,0.514308,-0.421641,0.017224,-0.134865,0.652151
6750,0.972849,-0.586916,0.545144,-0.598621,0.017738,-0.152921,0.670993
6751,1.01512,-0.554841,0.472227,-0.684948,0.0183074,-0.168359,0.692029
6752,0.886579,-0.658882,0.342969,-0.669513,0.0189207,-0.180919,0.714898
6753,1.12809,-0.461641,0.290622,-0.838109,0.0195687,-0.190381,0.739209
6754,0.934012,-0.625117,0.15698,-0.764582,0.02024,-0.196587,0.764545
6755,0.611565,0.574147,0.0521044,-0.817092,0.02024,-0.198859,0.7818
6756,1.12058,-0.470116,-0.0589628,-0.880633,0.0216054,-0.198859,0.816554
6757,1.24757,-0.353897,-0.185136,-0.916778,0.022276,-0.194885,0.842335
6758,0.605231,0.568906,-0.257512,-0.781046,0.022276,-0.190381,0.859145
6759,0.753743,0.684269,-0.311841,-0.659189,0.022924,-0.180919,0.883456
6760,1.54049,-0.062909,-0.555605,-0.829063,0.0241067,-0.163515,0.913553
6761,0.947805,0.811864,-0.368864,-0.452565,0.0241067,-0.152921,0.927361
6762,0.874963,0.767185,-0.467008,-0.439693,0.0246214,-0.134865,0.946204
6763,1.21928,-0.364518,-0.78085,-0.507346,0.025452,-0.107251,0.967359
6764,1.35402,0.97599,-0.177687,-0.125978,0.025452,-0.0921786,0.976061
6765,1.44229,0.991068,-0.1095,-0.0761176,0.0257547,-0.0682786,0.986567
6766,0.925074,-0.60742,-0.783352,-0.131912,0.026108,-0.0346586,0.995561
6767,0.529675,-0.863603,-0.504172,0.000860334,0.0261534,-0.00870199,0.998401
6768,0.845087,-0.653318,-0.746429,0.126569,0.104317,0.017404,0.992709
6769,0.698199,0.650189,-0.756123,0.0743754,0.104139,0.0346586,0.990444
6770,0.763752,-0.691126,-0.654976,0.305536,0.10308,0.0682786,0.981505
6771,0.778896,-0.670268,-0.630137,0.392005,0.101955,0.0921786,0.971055
6772,1.12032,0.914042,-0.378357,0.146192,0.101272,0.107251,0.962381
6773,0.842749,-0.602981,-0.561434,0.56675,0.098784,0.134865,0.941355
6774,0.73006,0.707718,-0.504229,0.494862,0.0978186,0.147171,0.929087
6775,0.237761,-0.94212,-0.130924,0.308657,0.0945753,0.168359,0.901685
6776,1.15588,0.940017,-0.192547,0.28159,0.0933926,0.177061,0.886659
6777,0.93796,0.847496,-0.199727,0.491792,0.0909066,0.187579,0.862905
6778,0.764559,-0.636891,-0.135148,0.759015,0.0869586,0.196587,0.829543
6779,0.66123,0.673971,-0.053225,0.736838,0.0856053,0.198859,0.812341
6780,0.373444,-0.881851,0.0238914,0.470923,0.0815173,0.198859,0.777803
6781,0.362031,0.425028,0.185118,0.886049,0.0801633,0.196587,0.760601
6782,1.04316,-0.403857,0.277863,0.871603,0.076214,0.187579,0.727239
6783,0.86031,-0.567789,0.335522,0.751692,0.0737293,0.177061,0.703485
6784,0.614219,0.627211,0.464444,0.625219,0.0725467,0.168359,0.688459
6785,1.15084,-0.324224,0.602301,0.72946,0.0693033,0.147171,0.661057
6786,0.981101,-0.487884,0.625085,0.609293,0.0674387,0.128309,0.643111
6787,0.457442,0.478214,0.753987,0.450349,0.0666073,0.114501,0.632549
6788,0.193579,0.225243,0.883136,0.411504,0.0651667,0.0921786,0.619089
6789,0.574943,-0.812876,0.514963,0.272114,0.0636027,0.0600213,0.605872
6790,0.408139,0.408243,0.903212,0.132459,0.0632493,0.0432113,0.601381
6791,0.317464,-0.941045,0.311491,0.13194,0.0627153,0.00870199,0.596872
6792,0.267989,0.258022,0.961559,-0.0939641,0.0627153,-0.00870199,0.596872
6793,0.0994876,-0.990435,0.097418,0.0977184,0.0632493,-0.0432113,0.601381
6794,1.28918,0.947321,0.251681,-0.198088,0.0636027,-0.0600213,0.605872
6795,0.698141,-0.794118,0.576606,-0.192098,0.0651667,-0.0921786,0.619089
6796,0.404485,-0.938617,0.327295,-0.108979,0.0666073,-0.114501,0.632549
6797,1.43894,0.979302,0.079574,-0.186105,0.0674387,-0.128309,0.643111
6798,1.31762,0.948755,0.146269,-0.280125,0.0693033,-0.147171,0.661057
6799,0.316088,-0.974243,0.172783,-0.144905,0.0725467,-0.168359,0.688459
6800,1.47111,0.984221,0.028503,-0.174635,0.0737293,-0.177061,0.703485
6801,1.47049,0.98407,0.020292,-0.17662,0.076214,-0.187579,0.727239
6802,0.6477,-0.86148,0.117806,-0.493937,0.0801633,-0.196587,0.760601
6803,0.561431,0.464485,0.0540271,-0.883931,0.0815173,-0.198859,0.777803
6804,0.475696,-0.936523,-0.0299927,-0.349321,0.0856053,-0.198859,0.812341
6805,0.560924,0.465132,-0.161195,-0.870442,0.0869586,-0.196587,0.829543
6806,0.172706,-0.997421,-0.0552707,-0.0457943,0.0909066,-0.187579,0.862905
6807,0.384696,-0.960041,-0.166091,-0.225244,0.0933926,-0.177061,0.886659
6808,1.12074,0.868206,-0.225341,-0.442085,0.0945753,-0.168359,0.901685
6809,0.283229,-0.978191,-0.184323,-0.0957464,0.0978186,-0.147171,0.929087
6810,1.38096,0.967122,-0.122721,-0.222745,0.098784,-0.134865,0.941355
6811,1.28881,-0.339008,-0.798844,-0.496912,0.101272,-0.107251,0.962381
6812,1.43558,0.980073,-0.10548,-0.168316,0.101955,-0.0921786,0.971055
6813,1.50387,0.989555,-0.0514094,-0.134677,0.10308,-0.0682786,0.981505
6814,0.0643182,-0.992487,-0.0630407,0.104858,0.104139,-0.0346586,0.990444
6815,1.55433,0.992864,-0.0139312,-0.118439,0.104317,-0.017404,0.992709
6816,0.508405,-0.850532,-0.485744,0.201611,0.181883,0.017404,0.981463
6817,0.336475,0.352769,-0.92825,0.117923,0.181527,0.0346586,0.97922
6818,1.33093,0.965347,-0.236559,-0.110202,0.180425,0.0600213,0.973117
6819,0.619202,-0.748649,-0.52062,0.410463,0.177829,0.0921786,0.960063
6820,0.977631,0.863596,-0.479812,0.154863,0.176468,0.107251,0.951469
6821,0.962422,-0.455042,-0.617179,0.641894,0.172337,0.134865,0.930703
6822,0.887659,0.837982,-0.431256,0.334373,0.170412,0.147171,0.918548
6823,0.133489,-0.950468,-0.073982,0.301889,0.165029,0.168359,0.891485
6824,0.603615,-0.708181,-0.251213,0.659827,0.160845,0.180919,0.868993
6825,0.931196,-0.437213,-0.258047,0.861543,0.156402,0.190381,0.845083
6826,0.632161,-0.678197,-0.115369,0.725768,0.151776,0.196587,0.820163
6827,0.508478,0.617197,-0.0584093,0.784638,0.149077,0.198859,0.803121
6828,0.340953,-0.859223,0.0219005,0.511133,0.142291,0.198859,0.769009
6829,0.445965,0.564324,0.179252,0.805858,0.139592,0.196587,0.751967
6830,0.853738,-0.505316,0.242415,0.828185,0.133038,0.187579,0.719017
6831,0.756224,-0.593427,0.303708,0.74539,0.128697,0.177061,0.695532
6832,0.632209,0.687305,0.458919,0.563033,0.126339,0.168359,0.680646
6833,0.399752,-0.846392,0.256702,0.46661,0.120956,0.147171,0.653583
6834,1.5034,0.988498,0.0700586,-0.134028,0.119031,0.134865,0.641428
6835,0.123657,0.207493,0.827344,0.521967,0.116031,0.114501,0.625373
6836,0.701045,-0.693871,0.578592,0.42869,0.112639,0.0843573,0.608318
6837,0.00576472,0.0558858,0.94698,0.316396,0.111597,0.0682786,0.60174
6838,0.079487,0.108382,0.978284,0.176672,0.110238,0.0432113,0.594565
6839,0.379589,-0.906246,0.369745,0.204956,0.109352,0.00870199,0.590112
6840,0.224255,0.208128,0.972298,-0.106395,0.109352,-0.00870199,0.590112
6841,0.491619,-0.882581,0.462999,0.0817533,0.110238,-0.0432113,0.594565
6842,0.538608,-0.874074,0.485757,0.00585741,0.111597,-0.0682786,0.60174
6843,1.43812,0.964353,0.103209,-0.243663,0.112639,-0.0843573,0.608318
6844,0.415811,-0.940971,0.335931,-0.0415297,0.116031,-0.114501,0.625373
6845,1.05918,-0.59228,0.655821,-0.468086,0.119031,-0.134865,0.641428
6846,0.518596,0.385884,0.56297,-0.730861,0.120956,-0.147171,0.653583
6847,0.298062,-0.985164,0.16324,-0.0529559,0.126339,-0.168359,0.680646
6848,0.0347562,-0.105924,0.441524,-0.890975,0.128697,-0.177061,0.695532
6849,0.0331082,-0.115407,0.320822,-0.940082,0.133038,-0.187579,0.719017
6850,0.463762,-0.962784,0.0873307,-0.255776,0.139592,-0.196587,0.751967
6851,0.476805,0.314572,0.0569677,-0.947523,0.142291,-0.198859,0.769009
6852,0.522294,-0.947138,-0.0326709,-0.319159,0.149077,-0.198859,0.803121
6853,0.815118,0.61343,-0.128328,-0.779253,0.151776,-0.196587,0.820163
6854,0.320415,0.170313,-0.301271,-0.938205,0.156402,-0.190381,0.845083
6855,0.320019,0.177061,-0.414949,-0.89245,0.160845,-0.180919,0.868993
6856,0.670875,0.510834,-0.423868,-0.74792,0.165029,-0.168359,0.891485
6857,0.658474,0.509481,-0.509553,-0.693386,0.168882,-0.152921,0.912173
6858,1.01618,0.782009,-0.379385,-0.494499,0.172337,-0.134865,0.930703
6859,1.34559,-0.324615,-0.810653,-0.487305,0.176468,-0.107251,0.951469
6860,0.0313402,-0.0382997,-0.895958,-0.442485,0.177829,-0.0921786,0.960063
6861,0.964133,-0.610662,-0.778011,-0.147619,0.180425,-0.0600213,0.973117
6862,0.401461,-0.917664,-0.383268,0.104873,0.181527,-0.0346586,0.97922
6863,0.297275,0.277575,-0.953323,-0.11886,0.181883,-0.017404,0.981463
6864,0.0687654,0.0813874,-0.995675,0.044813,0.258503,0.00870199,0.96471
6865,0.758652,-0.662118,-0.674747,0.326062,0.257271,0.0432113,0.960341
6866,0.364348,0.413403,-0.889034,0.196767,0.256219,0.0600213,0.955961
6867,0.526222,-0.771977,-0.450549,0.448393,0.252606,0.0921786,0.943151
6868,0.711114,0.728403,-0.641809,0.239814,0.250575,0.107251,0.934689
6869,0.216887,0.358395,-0.738429,0.571206,0.246605,0.128309,0.91978
6870,0.00072194,-0.962306,-0.000476196,0.271968,0.239929,0.152921,0.89611
6871,0.21512,-0.892119,-0.118651,0.435943,0.234465,0.168359,0.875789
6872,0.381043,-0.802903,-0.164605,0.572932,0.228529,0.180919,0.853695
6873,0.273379,-0.857323,-0.0868333,0.507402,0.222225,0.190381,0.830207
6874,1.49064,0.987204,-0.0231139,-0.157778,0.2183,0.194885,0.813861
6875,1.55928,0.974947,-0.00332029,-0.222414,0.211629,0.198859,0.788949
6876,0.145571,-0.912991,0.00949983,0.40787,0.202189,0.198859,0.755475
6877,0.0745568,0.300726,0.195112,0.933539,0.198161,0.196587,0.738697
6878,1.1062,0.967424,0.154703,0.200395,0.191593,0.190381,0.714217
6879,1.10282,0.960539,0.213432,0.178359,0.185288,0.180919,0.690729
6880,1.44134,0.986255,0.089722,-0.138747,0.179353,0.168359,0.668635
6881,1.02293,0.917797,0.36003,0.167413,0.173889,0.152921,0.648313
6882,0.672234,-0.641645,0.468375,0.607386,0.167213,0.128309,0.624643
6883,0.5165,0.589614,0.731935,0.341506,0.16474,0.114501,0.614342
6884,0.44833,-0.815321,0.38883,0.429026,0.160019,0.0843573,0.597604
6885,0.242674,0.304395,0.922036,0.239151,0.158465,0.0682786,0.591128
6886,0.403848,-0.864233,0.385422,0.323345,0.156021,0.0346586,0.582464
6887,1.31332,0.93464,0.256623,-0.246156,0.155491,0.017404,0.580256
6888,0.456189,-0.871842,0.439588,0.215995,0.155491,-0.017404,0.580256
6889,0.0141042,-0.0319808,0.980586,-0.193464,0.156021,-0.0346586,0.582464
6890,0.373262,-0.927978,0.345323,0.14003,0.158465,-0.0682786,0.591128
6891,0.150875,0.0429172,0.884362,-0.464824,0.160019,-0.0843573,0.597604
6892,0.0105916,-0.963992,0.0088082,0.265786,0.16474,-0.114501,0.614342
6893,1.35919,0.912878,0.138853,-0.383892,0.167213,-0.128309,0.624643
6894,0.918731,-0.74621,0.524268,-0.41026,0.173889,-0.152921,0.648313
6895,1.09724,-0.639749,0.494674,-0.588233,0.179353,-0.168359,0.668635
6896,1.33355,-0.462803,0.430214,-0.775067,0.185288,-0.180919,0.690729
6897,1.44579,-0.374989,0.319117,-0.870372,0.191593,-0.190381,0.714217
6898,0.751791,-0.884849,0.133338,-0.446389,0.198161,-0.196587,0.738697
6899,0.567946,0.326647,0.0537867,-0.943615,0.202189,-0.198859,0.755475
6900,0.590814,-0.950189,-0.0364806,-0.309531,0.211629,-0.198859,0.788949
6901,0.759309,0.503071,-0.136327,-0.853425,0.215657,-0.196587,0.805727
6902,0.497435,0.269195,-0.276749,-0.922466,0.222225,-0.190381,0.830207
6903,0.49575,0.277506,-0.381668,-0.881657,0.228529,-0.180919,0.853695
6904,0.633806,0.417572,-0.436928,-0.796698,0.234465,-0.168359,0.875789
6905,1.08505,0.774176,-0.290555,-0.562343,0.239929,-0.152921,0.89611
6906,0.490941,-0.933117,-0.354588,-0.0596643,0.246605,-0.128309,0.91978
6907,0.00836465,-0.963676,-0.00695638,0.266983,0.250575,-0.107251,0.934689
6908,0.116519,0.00953332,-0.889003,-0.457803,0.252606,-0.0921786,0.943151
6909,0.342007,-0.93596,-0.317601,0.152017,0.256219,-0.0600213,0.955961
6910,1.52642,0.959864,-0.0360304,-0.278143,0.257271,-0.0432113,0.960341
6911,0.721258,-0.734496,-0.658917,0.162307,0.258503,-0.00870199,0.96471
6912,0.301786,0.298215,-0.953508,-0.0434838,0.333396,0.00870199,0.941455
6913,0.765994,-0.629373,-0.679955,0.376234,0.331825,0.0432113,0.937196
6914,0.740528,-0.61747,-0.638915,0.458823,0.32936,0.0682786,0.930322
6915,1.42613,0.950584,-0.144713,-0.274678,0.327302,0.0843573,0.923987
6916,0.225746,0.378169,-0.81446,0.440049,0.323137,0.107251,0.912148
6917,0.467737,0.607367,-0.679872,0.410949,0.31801,0.128309,0.897596
6918,1.42783,0.96892,-0.113207,-0.219952,0.312006,0.147171,0.88058
6919,0.278473,0.507401,-0.539166,0.672193,0.305231,0.163515,0.861392
6920,0.460625,0.669923,-0.403124,0.623454,0.297798,0.177061,0.840359
6921,0.686054,0.828035,-0.256271,0.498681,0.289836,0.187579,0.817841
6922,1.03336,0.971721,-0.106325,0.210839,0.281482,0.194885,0.794225
6923,1.00716,0.96863,-0.0371326,0.245717,0.272876,0.198859,0.769912
6924,0.646767,0.819151,0.0537729,0.571052,0.26417,0.199429,0.745321
6925,1.12059,0.987742,0.0916595,0.126351,0.255507,0.196587,0.720873
6926,1.08787,0.977003,0.15983,0.141134,0.247039,0.190381,0.696983
6927,1.44816,0.975318,0.0695848,-0.209553,0.238911,0.180919,0.674061
6928,0.496794,-0.687656,0.264923,0.675978,0.228485,0.163515,0.645803
6929,0.178564,0.396574,0.652299,0.645938,0.224219,0.152921,0.632672
6930,0.0919296,-0.913298,0.0690422,0.401397,0.215707,0.128309,0.609599
6931,0.105522,0.269988,0.828762,0.490164,0.212433,0.114501,0.599523
6932,1.06604,0.889495,0.447349,-0.0931581,0.207889,0.0921786,0.586771
6933,1.46955,0.944747,0.107605,-0.309636,0.204355,0.0682786,0.576873
6934,0.00327293,-0.937965,0.00321009,0.346714,0.20124,0.0346586,0.568428
6935,1.44874,0.933731,0.123978,-0.335821,0.200538,0.017404,0.566267
6936,0.638493,-0.766838,0.594713,0.241406,0.200538,-0.017404,0.566267
6937,0.501443,0.398392,0.856387,-0.328459,0.20124,-0.0346586,0.568428
6938,0.638823,-0.819458,0.564663,0.0981998,0.204355,-0.0682786,0.576873
6939,1.12376,-0.543538,0.808845,-0.224356,0.207889,-0.0921786,0.586771
6940,0.470223,-0.923445,0.37682,0.0725012,0.212433,-0.114501,0.599523
6941,0.413255,0.192442,0.680729,-0.706806,0.215707,-0.128309,0.609599
6942,0.270027,-0.973592,0.175956,0.145459,0.224219,-0.152921,0.632672
6943,1.41273,0.894833,0.0695361,-0.440952,0.228485,-0.163515,0.645803
6944,1.04912,-0.736617,0.383741,-0.556901,0.238911,-0.180919,0.674061
6945,1.34872,-0.526335,0.313701,-0.790293,0.247039,-0.190381,0.696983
6946,1.43746,-0.461175,0.193512,-0.865951,0.255507,-0.196587,0.720873
6947,0.167822,-0.982705,0.0109399,0.184852,0.26417,-0.199429,0.745321
6948,1.43267,-0.471246,-0.0648665,-0.879613,0.272876,-0.198859,0.769912
6949,0.624512,-0.959587,-0.114152,-0.257222,0.281482,-0.194885,0.794225
6950,0.518068,-0.977371,-0.159271,-0.139208,0.289836,-0.187579,0.817841
6951,0.608948,-0.947089,-0.253156,-0.19732,0.297798,-0.177061,0.840359
6952,0.883242,-0.817766,-0.429586,-0.383034,0.305231,-0.163515,0.861392
6953,1.07229,-0.677046,-0.579335,-0.45385,0.312006,-0.147171,0.88058
6954,0.400683,-0.952856,-0.293352,0.0775304,0.31801,-0.128309,0.897596
6955,0.507625,-0.913306,-0.404287,0.0492355,0.323137,-0.107251,0.912148
6956,0.848323,-0.735149,-0.672897,-0.0822478,0.327302,-0.0843573,0.923987
6957,1.50764,0.931368,-0.0478773,-0.360916,0.32936,-0.0682786,0.930322
6958,1.52879,0.935324,-0.0336361,-0.35219,0.331825,-0.0432113,0.937196
6959,0.464937,-0.848742,-0.447409,0.281891,0.333396,-0.00870199,0.941455
6960,0.785009,-0.623052,-0.705317,0.338132,0.405975,0.017404,0.911886
6961,0.217138,0.268642,-0.959387,0.0860685,0.405106,0.0346586,0.909787
6962,0.755045,-0.569178,-0.648995,0.504818,0.401338,0.0682786,0.901613
6963,0.957068,-0.371739,-0.733314,0.569263,0.397038,0.0921786,0.892023
6964,0.691762,0.74613,-0.651905,0.135311,0.393708,0.107251,0.883983
6965,0.400194,0.588882,-0.700018,0.403971,0.387454,0.128309,0.869879
6966,0.0195986,-0.901808,-0.0129266,0.431944,0.377158,0.152921,0.847545
6967,1.50321,0.285901,-0.554596,0.781463,0.368582,0.168359,0.828328
6968,1.18826,0.982358,-0.179554,-0.0522835,0.362814,0.177061,0.814403
6969,0.66725,-0.468055,-0.199035,0.860994,0.349361,0.190381,0.785223
6970,0.626642,-0.494795,-0.114492,0.861434,0.339045,0.196587,0.762071
6971,0.268899,-0.764499,-0.0173995,0.64439,0.328492,0.199429,0.738376
6972,1.57029,0.923977,0.00259601,-0.38244,0.321832,0.199429,0.722297
6973,0.288181,-0.754002,0.0554894,0.654524,0.307395,0.194885,0.690983
6974,0.0020345,0.36424,0.321412,0.874085,0.300962,0.190381,0.675451
6975,1.39132,0.967267,0.0942707,-0.235602,0.29106,0.180919,0.653239
6976,0.834836,0.894764,0.386405,0.223803,0.281742,0.168359,0.632346
6977,1.29971,0.960594,0.195334,-0.197747,0.273166,0.152921,0.61313
6978,1.43007,0.145821,0.744669,0.651309,0.262871,0.128309,0.590796
6979,1.24808,0.933287,0.280912,-0.223748,0.258816,0.114501,0.581008
6980,1.20972,0.912254,0.33144,-0.240707,0.253287,0.0921786,0.568651
6981,1.48102,0.917133,0.0967829,-0.386652,0.248987,0.0682786,0.559061
6982,0.0959235,-0.896157,0.0939381,0.43368,0.245218,0.0346586,0.550886
6983,0.378137,-0.833889,0.368401,0.410986,0.244089,0.00870199,0.54828
6984,1.25633,0.855938,0.306199,-0.416667,0.244089,-0.00870199,0.54828
6985,0.541124,0.404075,0.836796,-0.369455,0.245218,-0.0346586,0.550886
6986,0.346841,-0.899776,0.321918,0.29457,0.248987,-0.0682786,0.559061
6987,1.56414,0.91008,-0.00962671,-0.414321,0.251535,-0.0843573,0.565214
6988,0.745134,-0.825116,0.563928,-0.0341985,0.258816,-0.114501,0.581008
6989,0.575076,0.285889,0.620339,-0.730375,0.262871,-0.128309,0.590796
6990,0.818828,-0.850148,0.481744,-0.212535,0.273166,-0.152921,0.61313
6991,1.21044,-0.64589,0.520163,-0.558799,0.281742,-0.168359,0.632346
6992,0.594512,-0.962598,0.247908,-0.109298,0.29106,-0.180919,0.653239
6993,0.90033,-0.874878,0.251992,-0.413628,0.300962,-0.190381,0.675451
6994,0.541502,0.154294,0.163306,-0.974435,0.307395,-0.194885,0.690983
6995,0.971928,-0.857005,0.0540919,-0.512461,0.321832,-0.199429,0.722297
6996,0.560259,0.167506,-0.0540702,-0.984387,0.328492,-0.199429,0.738376
6997,0.260059,-0.125323,-0.186598,-0.97441,0.339045,-0.196587,0.762071
6998,0.701347,0.318223,-0.237834,-0.917698,0.349361,-0.190381,0.785223
6999,0.035332,-0.920836,-0.0156341,0.389637,0.362814,-0.177061,0.814403
7000,1.17231,0.723551,-0.198846,-0.66101,0.368582,-0.168359,0.828328
7001,1.11594,0.697418,-0.272153,-0.662979,0.377158,-0.152921,0.847545
7002,0.481801,-0.932615,-0.348507,0.0936627,0.387454,-0.128309,0.869879
7003,0.130886,-0.930716,-0.108543,0.349265,0.393708,-0.107251,0.883983
7004,1.3284,0.843956,-0.200155,-0.497671,0.397038,-0.0921786,0.892023
7005,1.51663,0.90178,-0.0393173,-0.430403,0.401338,-0.0682786,0.901613
7006,0.517788,-0.829489,-0.485468,0.276168,0.405106,-0.0346586,0.909787
7007,1.52428,0.906067,-0.0438676,-0.420854,0.405975,-0.017404,0.911886
7008,0.486461,-0.756351,-0.466502,0.458595,0.476269,0.017404,0.877222
7009,0.327465,0.364753,-0.931071,0.0078647,0.475238,0.0346586,0.875198
7010,1.33039,0.884004,-0.237112,-0.402882,0.472304,0.0600213,0.869735
7011,0.587402,-0.606554,-0.497119,0.620456,0.465801,0.0921786,0.858122
7012,0.618475,0.714672,-0.687978,0.12622,0.46185,0.107251,0.850369
7013,0.0700316,-0.847833,-0.0526267,0.527646,0.451505,0.134865,0.831895
7014,0.0512688,-0.852527,-0.0338041,0.52159,0.442492,0.152921,0.815341
7015,0.164318,-0.794293,-0.0909244,0.600693,0.432436,0.168359,0.796856
7016,0.320136,-0.690278,-0.139284,0.710012,0.421507,0.180919,0.776758
7017,1.1202,0.987575,-0.150715,-0.0445128,0.414207,0.187579,0.762432
7018,0.859337,0.965041,-0.133083,0.225798,0.40226,0.194885,0.740413
7019,0.0689276,-0.836858,-0.00451047,0.547401,0.385412,0.199429,0.710326
7020,1.54537,0.902149,0.00422548,-0.431405,0.37751,0.199429,0.694819
7021,0.0387705,-0.853258,0.00756833,0.521435,0.360661,0.194885,0.664734
7022,1.5238,0.908324,0.0270604,-0.41739,0.35303,0.190381,0.649756
7023,0.75903,-0.331446,0.304605,0.89295,0.337329,0.177061,0.62172
7024,0.907087,-0.217521,0.437867,0.872328,0.326698,0.163515,0.602109
7025,0.955524,-0.203667,0.538631,0.817555,0.317004,0.147171,0.584217
7026,0.430493,-0.658519,0.313867,0.683988,0.308413,0.128309,0.56835
7027,0.444637,-0.670955,0.357727,0.649501,0.301072,0.107251,0.554778
7028,0.00983297,0.209429,0.896977,0.389323,0.297122,0.0921786,0.547025
7029,1.4125,0.886478,0.161048,-0.433843,0.292082,0.0682786,0.537802
7030,0.160126,-0.84616,0.156383,0.509468,0.287684,0.0346586,0.529949
7031,0.0178077,-0.871793,0.0177687,0.489552,0.286355,0.00870199,0.527438
7032,1.45928,0.863848,0.108552,-0.491917,0.286355,-0.00870199,0.527438
7033,0.453085,0.302646,0.878519,-0.369608,0.287684,-0.0346586,0.529949
7034,0.893192,-0.669269,0.737792,0.0879902,0.292082,-0.0682786,0.537802
7035,0.928761,-0.695451,0.71839,-0.0162671,0.297122,-0.0921786,0.547025
7036,0.108466,-0.155659,0.824623,-0.543845,0.301072,-0.107251,0.554778
7037,0.0877838,-0.220936,0.747247,-0.626744,0.308413,-0.128309,0.56835
7038,1.09008,0.625036,0.287606,-0.725681,0.317004,-0.147171,0.584217
7039,1.1475,0.65206,0.211681,-0.728017,0.326698,-0.163515,0.602109
7040,1.23432,0.703194,0.131324,-0.698765,0.337329,-0.177061,0.62172
7041,0.416232,-0.985062,0.130033,0.112894,0.35303,-0.190381,0.649756
7042,0.237259,-0.223544,0.187879,-0.956415,0.360661,-0.194885,0.664734
7043,0.907319,-0.921462,0.0515964,-0.385028,0.37751,-0.199429,0.694819
7044,0.726576,0.253231,-0.0472104,-0.966253,0.385412,-0.199429,0.710326
7045,0.0674149,-0.902795,-0.0131516,0.42987,0.40226,-0.194885,0.740413
7046,0.288042,-0.96798,-0.0913639,0.23381,0.414207,-0.187579,0.762432
7047,0.886201,0.429963,-0.267633,-0.862267,0.421507,-0.180919,0.776758
7048,0.999087,0.54025,-0.285331,-0.791654,0.432436,-0.168359,0.796856
7049,1.0909,0.625654,-0.287123,-0.72534,0.442492,-0.152921,0.815341
7050,0.836624,0.453138,-0.489273,-0.74517,0.451505,-0.134865,0.831895
7051,0.200746,-0.909075,-0.165836,0.382204,0.46185,-0.107251,0.850369
7052,0.147656,-0.0697452,-0.88482,-0.460684,0.465801,-0.0921786,0.858122
7053,0.954215,-0.632557,-0.772635,0.0539099,0.472304,-0.0600213,0.869735
7054,0.392068,-0.842688,-0.374767,0.386558,0.475238,-0.0346586,0.875198
7055,0.238181,0.177045,-0.969082,-0.17186,0.476269,-0.017404,0.877222
7056,1.43518,0.82855,-0.137474,-0.542776,0.543962,0.00870199,0.837612
7057,1.49851,0.837478,-0.0783059,-0.540832,0.54244,0.0346586,0.835214
7058,0.147124,0.288357,-0.938447,0.190175,0.539087,0.0600213,0.829997
7059,0.325939,-0.709067,-0.28722,0.643994,0.531692,0.0921786,0.818931
7060,0.298544,0.523917,-0.800012,0.29239,0.527146,0.107251,0.811511
7061,1.54361,0.849727,-0.0398874,-0.525711,0.518762,0.128309,0.798558
7062,0.630656,0.814648,-0.543963,0.20113,0.508952,0.147171,0.783414
7063,1.24462,0.171061,-0.526528,0.83277,0.493622,0.168359,0.760471
7064,0.903358,0.956463,-0.28605,0.0579168,0.485748,0.177061,0.74762
7065,0.380335,-0.576766,-0.119396,0.808137,0.467896,0.190381,0.720903
7066,0.703553,-0.281539,-0.126308,0.9512,0.454086,0.196587,0.69965
7067,0.329124,-0.607654,-0.0211677,0.793919,0.439956,0.199429,0.677898
7068,0.835709,-0.146392,0.0485795,0.988033,0.425748,0.198859,0.656019
7069,0.457272,-0.505486,0.086196,0.858519,0.411704,0.194885,0.634388
7070,0.976402,-0.0297927,0.266459,0.963386,0.398066,0.187579,0.613374
7071,0.242654,-0.687417,0.106346,0.718435,0.385068,0.177061,0.593338
7072,1.42007,0.90177,0.101393,-0.420155,0.377194,0.168359,0.580486
7073,0.213253,-0.724271,0.139599,0.675237,0.361864,0.147171,0.557544
7074,1.34724,0.896123,0.185667,-0.403101,0.355434,0.134865,0.547052
7075,0.388597,-0.652583,0.315103,0.689091,0.343671,0.107251,0.529447
7076,0.96457,-0.271958,0.737165,0.618569,0.336858,0.0843573,0.518907
7077,0.621408,-0.572141,0.551326,0.607202,0.33173,0.0600213,0.51096
7078,1.30478,0.829795,0.265078,-0.491095,0.329376,0.0432113,0.50712
7079,1.25076,-0.227095,0.947194,0.226387,0.326855,0.00870199,0.503346
7080,1.2256,0.770941,0.335227,-0.541547,0.326855,-0.00870199,0.503346
7081,0.968171,-0.560484,0.808055,0.1814,0.329376,-0.0432113,0.50712
7082,0.0808029,-0.100127,0.942873,-0.317751,0.33173,-0.0600213,0.51096
7083,1.37536,0.774839,0.158902,-0.611861,0.336858,-0.0843573,0.518907
7084,0.319454,-0.0124111,0.783676,-0.621046,0.343671,-0.107251,0.529447
7085,0.802498,-0.841076,0.540858,-0.0079638,0.355434,-0.134865,0.547052
7086,0.301509,-0.124698,0.623805,-0.771568,0.361864,-0.147171,0.557544
7087,0.680673,-0.936816,0.349808,-0.00322823,0.377194,-0.168359,0.580486
7088,0.216117,-0.275765,0.428689,-0.860337,0.385068,-0.177061,0.593338
7089,1.00903,0.456181,0.161085,-0.875186,0.398066,-0.187579,0.613374
7090,1.36304,0.727792,0.0328918,-0.685009,0.411704,-0.194885,0.634388
7091,1.02015,0.453714,0.0320548,-0.890571,0.425748,-0.198859,0.656019
7092,0.502379,-0.0464529,-0.0561197,-0.997343,0.439956,-0.199429,0.677898
7093,0.146382,-0.382703,-0.191913,-0.903719,0.454086,-0.196587,0.69965
7094,0.455758,-0.0699672,-0.283332,-0.956466,0.467896,-0.190381,0.720903
7095,0.362996,-0.954186,-0.15716,0.254617,0.485748,-0.177061,0.74762
7096,1.55366,0.83854,0.00862385,-0.544771,0.493622,-0.168359,0.760471
7097,0.351419,-0.92439,-0.227056,0.30651,0.508952,-0.147171,0.783414
7098,1.46579,0.799923,-0.0594403,-0.597151,0.515382,-0.134865,0.793906
7099,0.252629,-0.882194,-0.20787,0.422521,0.527146,-0.107251,0.811511
7100,0.236012,-0.0293036,-0.868369,-0.495052,0.531692,-0.0921786,0.818931
7101,0.575798,-0.794577,-0.515646,0.320556,0.539087,-0.0600213,0.829997
7102,0.777455,-0.668547,-0.688018,0.282267,0.54244,-0.0346586,0.835214
7103,0.851421,-0.575196,-0.750608,0.325174,0.543962,-0.00870199,0.837612
7104,0.724374,-0.561339,-0.661252,0.497639,0.607633,0.017404,0.791919
7105,0.617374,0.548642,-0.80409,-0.228977,0.606298,0.0346586,0.790081
7106,1.07117,-0.201663,-0.831229,0.518064,0.600725,0.0682786,0.783011
7107,0.773028,-0.371064,-0.626405,0.685513,0.594306,0.0921786,0.77469
7108,1.0295,-0.110002,-0.71277,0.692718,0.586044,0.114501,0.763967
7109,0.833856,0.84963,-0.519659,-0.0899102,0.579816,0.128309,0.755395
7110,0.589776,0.81148,-0.55879,0.171035,0.568849,0.147171,0.741067
7111,0.231559,0.659679,-0.544891,0.517607,0.556476,0.163515,0.724911
7112,0.723437,0.927579,-0.341878,0.15072,0.542908,0.177061,0.707205
7113,1.09788,0.164171,-0.28631,0.943967,0.523015,0.190381,0.68197
7114,0.744169,0.971483,-0.148616,0.184754,0.513134,0.194885,0.66837
7115,0.484587,0.895817,-0.0591012,0.440476,0.497437,0.198859,0.647907
7116,0.431935,0.871284,0.0605045,0.487036,0.481556,0.199429,0.62721
7117,0.591251,0.929075,0.166168,0.330466,0.465763,0.196587,0.606634
7118,0.839009,0.971995,0.223641,0.0721784,0.450327,0.190381,0.586531
7119,0.722295,0.92729,0.342193,0.151779,0.435514,0.180919,0.567244
7120,0.90862,0.932754,0.355882,-0.0576071,0.421576,0.168359,0.549103
7121,0.633648,0.829065,0.54284,0.134073,0.40875,0.152921,0.53242
7122,1.18663,0.882875,0.299862,-0.361405,0.397259,0.134865,0.517478
7123,1.14388,-0.0122705,0.757017,0.65328,0.384151,0.107251,0.500851
7124,0.841988,0.762393,0.60894,-0.218971,0.379036,0.0921786,0.493812
7125,0.723334,0.663063,0.717713,-0.212687,0.372617,0.0682786,0.48549
7126,0.863006,0.671927,0.643383,-0.366841,0.368148,0.0432113,0.479714
7127,1.22317,-0.229518,0.938177,0.259124,0.365338,0.00870199,0.476149
7128,1.09068,0.678889,0.458583,-0.573421,0.365338,-0.00870199,0.476149
7129,1.20156,-0.395996,0.914705,0.0806316,0.368148,-0.0432113,0.479714
7130,1.49965,-0.254227,0.944591,-0.207645,0.372617,-0.0682786,0.48549
7131,1.4219,-0.387082,0.88711,-0.251403,0.379036,-0.0921786,0.493812
7132,1.07632,0.542693,0.378656,-0.749736,0.384151,-0.107251,0.500851
7133,1.11326,-0.712948,0.674745,-0.190853,0.397259,-0.134865,0.517478
7134,1.46969,-0.542207,0.656236,-0.524753,0.40875,-0.152921,0.53242
7135,1.22578,-0.749918,0.523096,-0.404963,0.421576,-0.168359,0.549103
7136,1.39617,-0.683138,0.435883,-0.585943,0.435514,-0.180919,0.567244
7137,1.20732,-0.827104,0.300597,-0.47491,0.450327,-0.190381,0.586531
7138,1.32401,-0.780632,0.189327,-0.595625,0.465763,-0.196587,0.606634
7139,1.50114,-0.670939,0.0653312,-0.738629,0.481556,-0.199429,0.62721
7140,0.436286,-0.972807,-0.0276745,0.229959,0.497437,-0.198859,0.647907
7141,0.152062,-0.868223,-0.0295747,0.495292,0.513134,-0.194885,0.66837
7142,1.29344,0.623323,-0.0765026,-0.778213,0.523015,-0.190381,0.68197
7143,0.0261984,-0.799587,-0.0115945,0.600439,0.542908,-0.177061,0.707205
7144,0.81097,-0.914015,-0.402968,-0.0468305,0.556476,-0.163515,0.724911
7145,0.725763,-0.896239,-0.437799,0.0713287,0.568849,-0.147171,0.741067
7146,0.578269,-0.88065,-0.411068,0.235541,0.579816,-0.128309,0.755395
7147,1.14917,0.589547,-0.323748,-0.740015,0.586044,-0.114501,0.763967
7148,1.33884,0.709044,-0.191013,-0.678801,0.594306,-0.0921786,0.77469
7149,1.11458,0.623938,-0.406459,-0.667453,0.600725,-0.0682786,0.783011
7150,0.0940932,-0.793177,-0.0921512,0.601978,0.606298,-0.0346586,0.790081
7151,1.54401,0.784103,-0.0241229,-0.620162,0.607633,-0.017404,0.791919
7152,0.470942,-0.63426,-0.452756,0.626678,0.667893,0.017404,0.741803
7153,0.66649,0.554166,-0.775563,-0.302327,0.666418,0.0346586,0.740075
7154,0.809786,-0.348533,-0.685761,0.63895,0.660308,0.0682786,0.733465
7155,0.505569,-0.497153,-0.434435,0.751069,0.653255,0.0921786,0.725673
7156,0.227684,0.519093,-0.814093,0.260376,0.647604,0.107251,0.719057
7157,1.298,0.23298,-0.724281,0.648951,0.633231,0.134865,0.703509
7158,1.0076,0.894067,-0.368464,-0.254713,0.625239,0.147171,0.694151
7159,1.30059,0.347787,-0.535682,0.769473,0.606509,0.168359,0.673889
7160,1.37022,0.85621,-0.103402,-0.506175,0.59672,0.177061,0.662428
7161,1.45114,0.550473,-0.319319,0.771372,0.574909,0.190381,0.638832
7162,0.249004,-0.547598,-0.0481165,0.835357,0.557944,0.196587,0.620002
7163,0.225563,-0.564234,-0.0146467,0.825485,0.540584,0.199429,0.600728
7164,1.5203,0.639417,0.065408,0.766073,0.523129,0.198859,0.581341
7165,1.13102,0.958327,0.0898606,-0.271172,0.511923,0.196587,0.568221
7166,0.848368,0.975072,0.221488,-0.013349,0.494958,0.190381,0.549391
7167,0.383845,-0.452943,0.165747,0.875997,0.473146,0.177061,0.525795
7168,0.384983,-0.468676,0.208746,0.858352,0.458231,0.163515,0.509207
7169,1.56265,0.753015,0.0248277,-0.657534,0.449264,0.152921,0.498708
7170,0.466681,-0.454504,0.338398,0.823962,0.43257,0.128309,0.480649
7171,1.46729,0.299044,0.827206,0.475714,0.422263,0.107251,0.469168
7172,0.459682,-0.524976,0.397967,0.752345,0.413884,0.0843573,0.459823
7173,0.5803,-0.494566,0.519217,0.697006,0.407577,0.0600213,0.452776
7174,0.162715,-0.703193,0.158889,0.693018,0.403449,0.0346586,0.448148
7175,0.800123,0.556527,0.69693,-0.45229,0.401974,0.017404,0.44642
7176,1.24066,-0.280006,0.943977,0.174653,0.401974,-0.017404,0.44642
7177,0.299622,0.0960046,0.934856,-0.341799,0.403449,-0.0346586,0.448148
7178,1.49034,0.717851,0.0642221,-0.693229,0.407577,-0.0600213,0.452776
7179,0.17146,-0.156833,0.88105,-0.446267,0.413884,-0.0843573,0.459823
7180,0.759178,0.24923,0.590665,-0.767462,0.422263,-0.107251,0.469168
7181,0.202698,-0.269313,0.732553,-0.625169,0.43257,-0.128309,0.480649
7182,0.683441,-0.891567,0.416522,0.177813,0.449264,-0.152921,0.498708
7183,0.221774,-0.361327,0.537965,-0.761602,0.458231,-0.163515,0.509207
7184,0.0361666,-0.554758,0.44147,-0.705229,0.473146,-0.177061,0.525795
7185,1.24753,-0.84271,0.304961,-0.443665,0.494958,-0.190381,0.549391
7186,0.89667,-0.978483,0.152537,-0.138934,0.511923,-0.196587,0.568221
7187,0.346724,-0.351143,0.0606754,-0.934354,0.523129,-0.198859,0.581341
7188,0.061624,-0.599975,-0.0651551,-0.797361,0.540584,-0.199429,0.600728
7189,0.576796,-0.119802,-0.159439,-0.979912,0.557944,-0.196587,0.620002
7190,0.974173,0.281304,-0.170679,-0.944318,0.574909,-0.190381,0.638832
7191,1.1617,-0.850563,-0.406075,-0.334134,0.59672,-0.177061,0.662428
7192,0.862141,0.219733,-0.347806,-0.911454,0.606509,-0.168359,0.673889
7193,0.724541,0.130826,-0.480804,-0.867013,0.620603,-0.152921,0.689515
7194,1.0858,0.46007,-0.333252,-0.822969,0.633231,-0.134865,0.703509
7195,0.43173,-0.824664,-0.348001,0.445897,0.647604,-0.107251,0.719057
7196,0.0750024,-0.231002,-0.893201,-0.385784,0.653255,-0.0921786,0.725673
7197,1.39835,0.690258,-0.150737,-0.707688,0.660308,-0.0682786,0.733465
7198,0.0299572,-0.737956,-0.0293779,0.674209,0.666418,-0.0346586,0.740075
7199,0.217109,0.116695,-0.973893,-0.194716,0.667893,-0.017404,0.741803
7200,0.359827,-0.61843,-0.35136,0.702916,0.724035,0.017404,0.687114
7201,0.446186,0.417804,-0.888029,-0.191947,0.722429,0.0346586,0.685507
7202,1.47107,0.700964,-0.106167,-0.70525,0.717951,0.0600213,0.681217
7203,0.416931,-0.489202,-0.363249,0.792926,0.708177,0.0921786,0.672182
7204,0.435051,0.646035,-0.761651,0.0502549,0.702023,0.107251,0.666029
7205,1.01899,0.0562902,-0.640458,0.765927,0.686476,0.134865,0.651657
7206,0.850394,0.872889,-0.449577,-0.189594,0.677774,0.147171,0.642955
7207,0.968898,0.118811,-0.458175,0.880885,0.657512,0.168359,0.624225
7208,0.969006,0.937326,-0.263238,-0.22831,0.646854,0.177061,0.613568
7209,0.177696,0.783488,-0.318452,0.533605,0.629538,0.187579,0.59712
7210,0.149185,0.790755,-0.194041,0.580563,0.611372,0.194885,0.579869
7211,0.135546,0.794688,-0.0651866,0.603508,0.592668,0.198859,0.562114
7212,0.243046,0.854969,0.0641358,0.514699,0.573744,0.199429,0.544156
7213,0.697095,0.984998,0.154406,0.0770515,0.554927,0.196587,0.526304
7214,0.0249097,-0.661272,0.00801065,0.750104,0.530258,0.187579,0.5035
7215,0.874654,0.944995,0.295587,-0.140047,0.518888,0.180919,0.492131
7216,0.74683,0.905862,0.420046,-0.0545516,0.502284,0.168359,0.476394
7217,1.1247,0.856182,0.301979,-0.419238,0.487007,0.152921,0.461922
7218,0.764512,0.814839,0.556129,-0.163577,0.47332,0.134865,0.448962
7219,1.34138,0.242692,0.809882,0.534033,0.457772,0.107251,0.43459
7220,1.1569,0.0241724,0.821267,0.570032,0.448686,0.0843573,0.425932
7221,0.866271,0.666629,0.622406,-0.410142,0.443976,0.0682786,0.421223
7222,0.637034,0.51528,0.792914,-0.325228,0.43866,0.0432113,0.416218
7223,1.51029,0.00685686,0.996036,0.0886902,0.435327,0.00870199,0.413135
7224,0.749502,0.428674,0.728715,-0.534054,0.435327,-0.00870199,0.413135
7225,1.56149,-0.149466,0.98077,-0.125496,0.43866,-0.0432113,0.416218
7226,1.25103,-0.437298,0.899001,0.0238425,0.443976,-0.0682786,0.421223
7227,0.944331,0.371027,0.513207,-0.773924,0.448686,-0.0843573,0.425932
7228,0.903223,0.2967,0.500544,-0.81328,0.457772,-0.107251,0.43459
7229,1.489,-0.537782,0.749596,-0.385871,0.47332,-0.134865,0.448962
7230,1.11864,-0.793046,0.593298,-0.138117,0.487007,-0.152921,0.461922
7231,1.48567,-0.665931,0.553848,-0.499788,0.502284,-0.168359,0.476394
7232,1.31249,-0.810032,0.427916,-0.400918,0.518888,-0.180919,0.492131
7233,0.540813,-0.211447,0.269366,-0.939538,0.530258,-0.187579,0.5035
7234,1.37003,-0.841092,0.191324,-0.505925,0.554927,-0.196587,0.526304
7235,0.14841,-0.779685,0.00968389,0.626097,0.573744,-0.199429,0.544156
7236,0.211116,-0.817287,-0.0137237,0.576068,0.592668,-0.198859,0.562114
7237,0.689539,-0.981893,-0.124205,0.143036,0.611372,-0.194885,0.579869
7238,0.799759,-0.971709,-0.230662,0.0507592,0.629538,-0.187579,0.59712
7239,0.0849487,-0.73222,-0.0375531,0.680033,0.646854,-0.177061,0.613568
7240,1.24998,0.477373,-0.157942,-0.864389,0.657512,-0.168359,0.624225
7241,0.290698,-0.808515,-0.189057,0.55728,0.677774,-0.147171,0.642955
7242,1.40138,0.602596,-0.107578,-0.790763,0.686476,-0.134865,0.651657
7243,0.243195,-0.757005,-0.200271,0.62196,0.702023,-0.107251,0.666029
7244,0.219526,-0.156214,-0.871957,-0.463992,0.708177,-0.0921786,0.672182
7245,0.777837,-0.649123,-0.664552,0.370148,0.717951,-0.0600213,0.681217
7246,0.238013,-0.693417,-0.231248,0.68242,0.722429,-0.0346586,0.685507
7247,0.321416,0.170597,-0.945948,-0.275825,0.724035,-0.017404,0.687114
7248,0.294522,-0.577536,-0.289662,0.763249,0.775713,0.017404,0.628188
7249,0.250844,0.297633,-0.951969,-0.0719078,0.773986,0.0346586,0.626713
7250,0.051333,0.276092,-0.946273,0.168347,0.769185,0.0600213,0.622787
7251,0.530905,-0.358153,-0.454176,0.815751,0.758732,0.0921786,0.614547
7252,0.570704,0.695022,-0.709487,-0.116501,0.752115,0.107251,0.608896
7253,0.117824,0.572184,-0.748926,0.334239,0.740139,0.128309,0.599168
7254,1.11325,0.25606,-0.591763,0.764362,0.720826,0.152921,0.583942
7255,0.234009,0.763482,-0.54461,0.347124,0.710327,0.163515,0.574975
7256,0.233303,0.812248,-0.433966,0.389778,0.693001,0.177061,0.560926
7257,0.0780791,0.76827,-0.321336,0.553628,0.674447,0.187579,0.545886
7258,0.310408,0.90816,-0.188075,0.373996,0.654984,0.194885,0.530114
7259,1.07723,0.396776,-0.0576714,0.916102,0.627904,0.199429,0.508766
7260,0.89203,0.981783,0.043083,-0.185058,0.61467,0.199429,0.497463
7261,1.34705,0.61364,0.19038,0.766291,0.587591,0.194885,0.476115
7262,0.564475,0.954122,0.277929,0.11138,0.574808,0.190381,0.465198
7263,0.667053,0.933914,0.357146,-0.0158645,0.555901,0.180919,0.449902
7264,0.82744,0.899107,0.389346,-0.200041,0.538113,0.168359,0.435517
7265,0.780477,0.853928,0.482223,-0.195621,0.521748,0.152921,0.422288
7266,0.703002,0.791282,0.586147,-0.174081,0.507086,0.134865,0.410442
7267,0.194063,0.535733,0.819366,0.204034,0.494378,0.114501,0.400182
7268,0.933973,-0.0890534,0.721184,0.686996,0.480721,0.0843573,0.389416
7269,0.956041,0.649268,0.555898,-0.519065,0.475657,0.0682786,0.38509
7270,1.3526,0.0155001,0.957546,0.287865,0.468588,0.0346586,0.379517
7271,0.62024,0.400345,0.813515,-0.421802,0.46686,0.017404,0.378041
7272,1.5545,-0.0613952,0.997731,-0.027643,0.46686,-0.017404,0.378041
7273,0.810379,0.347125,0.670517,-0.655677,0.468588,-0.0346586,0.379517
7274,1.18883,-0.464821,0.878767,0.108215,0.475657,-0.0682786,0.38509
7275,1.12012,0.416154,0.376591,-0.827644,0.480721,-0.0843573,0.389416
7276,1.16691,0.411843,0.310112,-0.856864,0.490458,-0.107251,0.397334
7277,1.34843,-0.641362,0.733574,-0.224775,0.507086,-0.134865,0.410442
7278,1.40102,-0.686387,0.650106,-0.325936,0.521748,-0.152921,0.422288
7279,1.37149,-0.762459,0.54487,-0.348961,0.538113,-0.168359,0.435517
7280,1.55193,-0.715764,0.442518,-0.540241,0.555901,-0.180919,0.449902
7281,0.118217,-0.702471,0.0379323,0.710701,0.574808,-0.190381,0.465198
7282,0.858717,0.00347756,0.121786,-0.99255,0.587591,-0.194885,0.476115
7283,1.14319,-0.969804,0.0595947,-0.236492,0.61467,-0.199429,0.497463
7284,0.842212,-0.0207714,-0.0416575,-0.998916,0.627904,-0.199429,0.508766
7285,1.513,-0.804671,-0.194921,-0.560812,0.654984,-0.194885,0.530114
7286,0.428898,-0.872249,-0.133745,0.470418,0.674447,-0.187579,0.545886
7287,1.43702,0.54682,-0.0435313,-0.836118,0.686673,-0.180919,0.556328
7288,0.448399,-0.840898,-0.240973,0.484586,0.710327,-0.163515,0.574975
7289,1.18094,0.371226,-0.232556,-0.898949,0.720826,-0.152921,0.583942
7290,0.727842,-0.806534,-0.50034,0.314901,0.740139,-0.128309,0.599168
7291,0.525484,-0.754314,-0.417197,0.506909,0.752115,-0.107251,0.608896
7292,0.32648,-0.118075,-0.844523,-0.52234,0.758732,-0.0921786,0.614547
7293,0.632977,-0.648413,-0.560186,0.515512,0.769185,-0.0600213,0.622787
7294,0.427177,-0.626888,-0.406354,0.664746,0.773986,-0.0346586,0.626713
7295,0.384022,0.185849,-0.924242,-0.333521,0.775713,-0.017404,0.628188
7296,0.439017,-0.47978,-0.424141,0.768059,0.822609,0.017404,0.56539
7297,0.331196,0.330273,-0.92994,-0.161651,0.820771,0.0346586,0.564054
7298,0.725176,-0.238624,-0.628114,0.740629,0.813287,0.0682786,0.559054
7299,0.0384683,0.379119,-0.89682,0.227998,0.807899,0.0843573,0.555139
7300,1.12061,0.17398,-0.748774,0.639584,0.793439,0.114501,0.545477
7301,0.58783,0.759712,-0.636468,-0.133213,0.784868,0.128309,0.53925
7302,0.0470426,0.634605,-0.659473,0.402953,0.77001,0.147171,0.529012
7303,1.41141,0.594236,-0.548855,0.587913,0.747067,0.168359,0.513682
7304,1.47409,0.688474,-0.440504,0.57616,0.728205,0.180919,0.500738
7305,1.20908,0.539741,-0.300817,0.786249,0.708157,0.190381,0.486972
7306,0.931315,0.944177,-0.12245,-0.305838,0.694557,0.194885,0.47709
7307,1.00274,0.400484,-0.0552081,0.914639,0.665886,0.199429,0.457933
7308,1.06739,0.904183,0.033815,-0.425806,0.651806,0.199429,0.447704
7309,1.26436,0.609886,0.186147,0.770317,0.623135,0.194885,0.428546
7310,1.4751,0.730614,0.320152,0.603081,0.602494,0.187579,0.41435
7311,1.03231,0.871297,0.24023,-0.427938,0.589486,0.180919,0.4049
7312,0.622834,0.883446,0.461825,-0.0790051,0.570624,0.168359,0.391954
7313,0.555443,0.819405,0.570441,-0.0563231,0.553271,0.152921,0.38005
7314,0.595669,0.76109,0.633317,-0.140187,0.537725,0.134865,0.369391
7315,1.44606,0.388989,0.825202,0.409547,0.520121,0.107251,0.357628
7316,1.00963,0.0154956,0.759441,0.650391,0.509792,0.0843573,0.350498
7317,1.11438,0.616297,0.428124,-0.660975,0.504404,0.0682786,0.346583
7318,1.11818,-0.0971872,0.882046,0.46103,0.49692,0.0346586,0.341582
7319,1.1803,-0.161267,0.922744,0.350051,0.494596,0.00870199,0.339949
7320,0.502501,0.221277,0.873297,-0.434038,0.494596,-0.00870199,0.339949
7321,0.957594,0.364528,0.558305,-0.745261,0.49692,-0.0346586,0.341582
7322,1.10393,-0.488556,0.845659,0.214882,0.504404,-0.0682786,0.346583
7323,1.1458,0.364318,0.355655,-0.860687,0.509792,-0.0843573,0.350498
7324,1.12978,0.319569,0.338482,-0.885046,0.520121,-0.107251,0.357628
7325,1.49246,-0.589768,0.749805,-0.299945,0.537725,-0.134865,0.369391
7326,0.0542014,-0.588599,0.0357335,0.807635,0.553271,-0.152921,0.38005
7327,0.0498691,-0.589337,0.0277084,0.807412,0.570624,-0.168359,0.391954
7328,1.21808,-0.891619,0.415349,-0.180279,0.589486,-0.180919,0.4049
7329,0.711935,-0.198225,0.235528,-0.951438,0.602494,-0.187579,0.41435
7330,0.986297,0.0513726,0.101378,-0.993521,0.623135,-0.194885,0.428546
7331,1.30167,-0.947538,0.0631325,-0.313347,0.651806,-0.199429,0.447704
7332,1.11142,0.168814,-0.0267158,-0.985286,0.665886,-0.199429,0.457933
7333,0.956688,-0.98661,-0.159559,0.033795,0.694557,-0.194885,0.47709
7334,0.612385,-0.290861,-0.256115,-0.921849,0.708157,-0.190381,0.486972
7335,1.2488,0.321957,-0.125201,-0.938439,0.728205,-0.180919,0.500738
7336,0.944225,0.0736345,-0.311085,-0.947525,0.747067,-0.168359,0.513682
7337,0.740537,-0.831726,-0.445005,0.331969,0.77001,-0.147171,0.529012
7338,0.232634,-0.66693,-0.173397,0.724664,0.784868,-0.128309,0.53925
7339,1.25948,0.400636,-0.237413,-0.884944,0.793439,-0.114501,0.545477
7340,0.860243,-0.640941,-0.679941,0.356195,0.807899,-0.0843573,0.555139
7341,0.0833215,-0.212671,-0.942649,-0.257262,0.813287,-0.0682786,0.559054
7342,0.34312,-0.5777,-0.329974,0.746578,0.820771,-0.0346586,0.564054
7343,0.237279,0.0792028,-0.969294,-0.232798,0.822609,-0.017404,0.56539
7344,1.5363,0.490399,-0.0370173,-0.870711,0.864941,0.00870199,0.499365
7345,0.125016,0.226074,-0.974081,-0.00758198,0.862497,0.0346586,0.497918
7346,0.738486,-0.172663,-0.637492,0.75086,0.854643,0.0682786,0.49352
7347,0.903956,0.000826262,-0.704851,0.709355,0.845528,0.0921786,0.488289
7348,0.46171,0.646462,-0.752457,-0.126076,0.838108,0.107251,0.483742
7349,1.06272,0.264646,-0.657129,0.705793,0.819635,0.134865,0.473397
7350,0.797429,0.81117,-0.474484,-0.341861,0.809142,0.147171,0.466967
7351,0.679802,0.0759298,-0.349438,0.933878,0.785067,0.168359,0.453484
7352,0.396019,0.904512,-0.414099,0.101878,0.772217,0.177061,0.44561
7353,1.04701,0.470985,-0.278501,0.837025,0.744181,0.190381,0.429909
7354,0.894385,0.929937,-0.127988,-0.344727,0.729848,0.194885,0.421126
7355,0.893556,0.372314,-0.0510377,0.926702,0.699761,0.199429,0.404277
7356,0.973367,0.910475,0.0389349,-0.411726,0.684923,0.199429,0.395184
7357,0.737251,0.213503,0.131247,0.968086,0.654838,0.194885,0.378334
7358,0.340425,0.934352,0.306947,0.181025,0.640504,0.190381,0.36955
7359,0.685301,0.918536,0.352316,-0.179348,0.619437,0.180919,0.357401
7360,1.31258,0.576462,0.537406,0.615537,0.593157,0.163515,0.342684
7361,0.929133,0.790488,0.41023,-0.454798,0.581384,0.152921,0.335469
7362,1.22227,0.373556,0.706919,0.600601,0.559927,0.128309,0.323452
7363,0.586836,0.670823,0.702379,-0.238035,0.550894,0.114501,0.317917
7364,0.830626,-0.0447821,0.662309,0.747891,0.53572,0.0843573,0.30942
7365,0.784768,0.541687,0.67845,-0.496267,0.530042,0.0682786,0.30594
7366,0.113515,0.220706,0.975337,0.00251134,0.523704,0.0432113,0.302314
7367,0.833704,-0.286174,0.738842,0.610096,0.519744,0.00870199,0.300096
7368,0.841732,0.327338,0.662849,-0.67341,0.519744,-0.00870199,0.300096
7369,0.411755,-0.515841,0.392545,0.761457,0.523704,-0.0432113,0.302314
7370,1.36933,-0.372379,0.927848,0.0208097,0.530042,-0.0682786,0.30594
7371,1.35173,0.401455,0.179702,-0.898076,0.53572,-0.0843573,0.30942
7372,0.0937703,-0.531821,0.0778693,0.843269,0.550894,-0.114501,0.317917
7373,0.93742,0.0729904,0.429314,-0.900201,0.559927,-0.128309,0.323452
7374,1.21969,-0.783825,0.619365,-0.0447859,0.581384,-0.152921,0.335469
7375,0.774035,-0.14905,0.384592,-0.910974,0.593157,-0.163515,0.342684
7376,1.50535,-0.812663,0.44166,-0.380152,0.619437,-0.180919,0.357401
7377,0.272529,-0.692969,0.0865701,0.715751,0.640504,-0.190381,0.36955
7378,1.32837,0.30525,0.0395312,-0.951451,0.654838,-0.194885,0.378334
7379,0.543728,-0.457877,0.0546745,-0.887333,0.67717,-0.198859,0.391233
7380,0.951342,-0.068667,-0.0359035,-0.996993,0.699761,-0.199429,0.404277
7381,1.187,-0.976413,-0.181037,-0.117654,0.729848,-0.194885,0.421126
7382,1.00809,0.00825618,-0.161343,-0.986864,0.744181,-0.190381,0.429909
7383,0.367954,-0.737352,-0.159209,0.656479,0.772217,-0.177061,0.44561
7384,1.54562,0.494053,0.00416559,-0.869422,0.785067,-0.168359,0.453484
7385,0.0823425,-0.54089,-0.0542496,0.839342,0.809142,-0.147171,0.466967
7386,1.26365,0.309824,-0.208754,-0.927594,0.819635,-0.134865,0.473397
7387,0.380102,-0.633504,-0.308553,0.709554,0.838108,-0.107251,0.483742
7388,1.31998,0.38615,-0.20751,-0.898793,0.845528,-0.0921786,0.488289
7389,1.49508,0.469982,-0.059707,-0.880654,0.854643,-0.0682786,0.49352
7390,0.545004,-0.505995,-0.508481,0.696718,0.862497,-0.0346586,0.497918
7391,0.70738,-0.408478,-0.648452,0.642383,0.864941,-0.00870199,0.499365
7392,0.193859,0.137846,-0.97967,-0.145755,0.901455,0.00870199,0.429963
7393,0.68376,-0.212703,-0.619588,0.755558,0.897333,0.0432113,0.428062
7394,0.121499,0.335464,-0.941405,0.0349436,0.893319,0.0600213,0.426017
7395,0.588996,-0.125114,-0.498309,0.857925,0.881232,0.0921786,0.420445
7396,0.701708,0.65535,-0.646734,-0.390194,0.873479,0.107251,0.416494
7397,1.02104,0.291586,-0.641267,0.709756,0.854251,0.134865,0.40763
7398,0.0971901,-0.35044,-0.0640095,0.934395,0.837229,0.152921,0.399534
7399,1.2293,0.571122,-0.523744,0.63207,0.818228,0.168359,0.390492
7400,0.121689,-0.316701,-0.0537269,0.947003,0.797573,0.180919,0.380656
7401,1.31903,0.728486,-0.311481,0.610154,0.775618,0.190381,0.370196
7402,0.0322708,-0.389718,-0.00629916,0.920913,0.752737,0.196587,0.35929
7403,0.944663,0.488918,-0.0530663,0.870714,0.729323,0.199429,0.348128
7404,0.970175,0.876895,0.039099,-0.479089,0.713817,0.199429,0.340226
7405,1.07755,0.586275,0.171983,0.791646,0.682502,0.194885,0.32579
7406,1.31196,0.724098,0.310896,0.615651,0.659895,0.187579,0.314998
7407,1.10042,0.760691,0.214365,-0.612697,0.645568,0.180919,0.307699
7408,1.20405,0.554583,0.518907,0.650518,0.618216,0.163515,0.295088
7409,0.18847,-0.283379,0.123578,0.951013,0.599856,0.147171,0.286311
7410,1.00512,0.280861,0.634943,0.719698,0.583579,0.128309,0.278524
7411,0.666559,0.654655,0.664703,-0.359995,0.574139,0.114501,0.273714
7412,0.799197,-0.00418099,0.642969,0.765881,0.558346,0.0843573,0.266434
7413,0.689277,0.489587,0.738368,-0.463806,0.552412,0.0682786,0.26341
7414,1.06262,-0.0490344,0.856873,0.513191,0.544237,0.0346586,0.259641
7415,0.548991,-0.326173,0.520711,0.788968,0.541686,0.00870199,0.258392
7416,0.555625,0.171427,0.846374,-0.504246,0.541686,-0.00870199,0.258392
7417,0.816163,0.186876,0.666415,-0.721781,0.544237,-0.0346586,0.259641
7418,1.50679,-0.317886,0.945069,-0.0761135,0.552412,-0.0682786,0.26341
7419,1.51323,0.402193,0.0360278,-0.914846,0.558346,-0.0843573,0.266434
7420,1.48338,-0.538885,0.828496,-0.152308,0.574139,-0.114501,0.273714
7421,1.04671,0.0817542,0.359426,-0.929585,0.583579,-0.128309,0.278524
7422,0.261732,-0.533614,0.631812,-0.562201,0.599856,-0.147171,0.286311
7423,0.792061,-0.204927,0.37729,-0.903137,0.618216,-0.163515,0.295088
7424,0.986482,-0.910184,0.369168,0.187828,0.645568,-0.180919,0.307699
7425,0.682836,-0.370436,0.241791,-0.896836,0.659895,-0.187579,0.314998
7426,0.736356,-0.343477,0.139512,-0.928741,0.682502,-0.194885,0.32579
7427,0.567653,-0.505634,0.0537973,-0.861069,0.705777,-0.198859,0.336896
7428,0.783551,-0.309513,-0.0445482,-0.949851,0.729323,-0.199429,0.348128
7429,0.379213,-0.644284,-0.178449,-0.743676,0.752737,-0.196587,0.35929
7430,0.688923,-0.364968,-0.240484,-0.899425,0.775618,-0.190381,0.370196
7431,0.334129,-0.608298,-0.412752,-0.677945,0.797573,-0.180919,0.380656
7432,0.780683,-0.214495,-0.381905,-0.898966,0.818228,-0.168359,0.390492
7433,0.555524,-0.337854,-0.549941,-0.763819,0.837229,-0.152921,0.399534
7434,1.1903,0.18481,-0.26113,-0.947447,0.854251,-0.134865,0.40763
7435,0.146471,-0.487773,-0.121381,0.864491,0.873479,-0.107251,0.416494
7436,0.0979693,-0.350564,-0.89104,-0.288361,0.881232,-0.0921786,0.420445
7437,0.558205,-0.509614,-0.501602,0.699063,0.893319,-0.0600213,0.426017
7438,1.47098,0.400609,-0.0902405,-0.911795,0.897333,-0.0432113,0.428062
7439,0.466378,-0.40064,-0.448693,0.798851,0.901455,-0.00870199,0.429963
7440,1.02538,-0.12709,-0.853082,0.506063,0.931868,0.017404,0.357733
7441,0.606744,-0.180085,-0.559262,0.809194,0.928152,0.0432113,0.356338
7442,0.340753,0.396867,-0.896462,-0.19711,0.923991,0.0600213,0.354615
7443,0.416458,-0.148778,-0.362863,0.919889,0.911503,0.0921786,0.350008
7444,0.559372,0.624705,-0.714369,-0.315311,0.903463,0.107251,0.346678
7445,0.503345,-0.00493713,-0.362785,0.93186,0.883599,0.134865,0.33935
7446,0.0922322,0.725469,-0.658311,0.200801,0.87223,0.147171,0.33464
7447,1.4426,0.466549,-0.0890244,-0.880004,0.853239,0.163515,0.327331
7448,1.46626,0.459949,-0.0616685,-0.885801,0.832418,0.177061,0.319322
7449,1.47781,0.458506,-0.0417512,-0.88771,0.810125,0.187579,0.310752
7450,0.065854,0.929247,-0.195163,0.313705,0.786741,0.194885,0.301767
7451,0.823774,0.451741,-0.0480528,0.890854,0.754389,0.199429,0.289832
7452,0.689212,0.954754,0.0521376,-0.292792,0.738311,0.199429,0.283172
7453,0.0546638,0.925621,0.195215,0.324217,0.714094,0.196587,0.27388
7454,0.807791,0.402862,0.232448,0.885251,0.682575,0.187579,0.262252
7455,0.74551,0.863544,0.335591,-0.376392,0.66772,0.180919,0.256099
7456,0.542516,0.106245,0.286989,0.952024,0.639462,0.163515,0.245674
7457,0.17162,0.747071,0.652958,0.124618,0.626706,0.152921,0.24039
7458,1.56344,0.366498,0.0250351,-0.930082,0.609102,0.134865,0.233655
7459,0.800196,0.132696,0.596714,0.791407,0.589238,0.107251,0.226326
7460,0.0105025,0.412361,0.896964,0.159416,0.581198,0.0921786,0.222996
7461,0.0968742,0.329393,0.943656,0.0318341,0.571376,0.0682786,0.219256
7462,1.26508,0.385665,0.302375,-0.871684,0.564549,0.0432113,0.216666
7463,0.587667,-0.254075,0.553237,0.793331,0.56029,0.00870199,0.215094
7464,0.36758,0.0680752,0.93029,-0.360453,0.56029,-0.00870199,0.215094
7465,0.611531,-0.388424,0.563102,0.729412,0.564549,-0.0432113,0.216666
7466,0.0300204,-0.355016,0.0284255,0.934428,0.571376,-0.0682786,0.219256
7467,1.38704,0.272644,0.148587,-0.950572,0.577529,-0.0843573,0.221805
7468,0.843928,-0.0740306,0.53898,-0.839059,0.589238,-0.107251,0.226326
7469,0.425232,-0.570358,0.310268,0.760543,0.609102,-0.134865,0.233655
7470,0.281699,-0.528489,0.183364,0.828901,0.626706,-0.152921,0.24039
7471,1.41773,0.249917,0.0667716,-0.965962,0.639462,-0.163515,0.245674
7472,1.28023,-0.905184,0.424059,-0.0285756,0.66772,-0.180919,0.256099
7473,1.10984,-0.0498032,0.132251,-0.989964,0.682575,-0.187579,0.262252
7474,0.423674,-0.693802,0.080266,0.715679,0.714094,-0.196587,0.27388
7475,0.284797,-0.595183,0.0184,0.803379,0.738311,-0.199429,0.283172
7476,1.33763,0.159094,-0.0126274,-0.987183,0.754389,-0.199429,0.289832
7477,0.466685,-0.723098,-0.0878422,0.685137,0.786741,-0.194885,0.301767
7478,0.610553,-0.792889,-0.184398,0.580796,0.810125,-0.187579,0.310752
7479,0.607208,-0.764263,-0.252528,0.593407,0.832418,-0.177061,0.319322
7480,0.624613,-0.736832,-0.325061,0.592802,0.853239,-0.163515,0.327331
7481,0.398403,-0.592566,-0.255893,0.763796,0.87223,-0.147171,0.33464
7482,1.51006,0.324384,-0.0261726,-0.945563,0.883599,-0.134865,0.33935
7483,0.273362,-0.473902,-0.224525,0.851472,0.903463,-0.107251,0.346678
7484,0.189526,-0.334741,-0.877883,-0.342446,0.911503,-0.0921786,0.350008
7485,0.304504,-0.420563,-0.283928,0.861691,0.923991,-0.0600213,0.354615
7486,0.0492558,-0.162868,-0.979238,-0.120692,0.928152,-0.0432113,0.356338
7487,1.15526,0.292394,-0.400444,-0.868418,0.931868,-0.017404,0.357733
7488,0.320738,-0.237769,-0.314592,0.918965,0.957063,0.017404,0.283517
7489,0.0620137,0.202027,-0.97938,0.000508079,0.954903,0.0346586,0.282815
7490,1.09979,0.152349,-0.843876,0.514454,0.946239,0.0682786,0.280372
7491,0.457733,-0.0555046,-0.396397,0.9164,0.936155,0.0921786,0.277413
7492,0.248962,0.581808,-0.81032,-0.0698636,0.927879,0.107251,0.274724
7493,1.19792,0.496424,-0.292013,-0.817491,0.913091,0.128309,0.27032
7494,1.20361,0.577719,-0.615643,0.535933,0.889421,0.152921,0.263644
7495,1.39289,0.73941,-0.547075,0.392405,0.869239,0.168359,0.257684
7496,1.26381,0.740672,-0.421915,0.52287,0.847301,0.180919,0.251201
7497,1.33388,0.822154,-0.312643,0.475728,0.82398,0.190381,0.244304
7498,1.54416,0.936366,-0.195162,0.291771,0.799675,0.196587,0.237113
7499,1.09207,0.727374,-0.0581277,0.683775,0.774803,0.199429,0.22975
7500,1.48344,0.933048,0.0652451,0.353785,0.749791,0.198859,0.222341
7501,1.50159,0.922902,0.194764,0.332142,0.725064,0.194885,0.215012
7502,1.074,0.671769,0.282741,0.684678,0.701047,0.187579,0.20789
7503,1.48399,0.836257,0.440948,0.325944,0.678151,0.177061,0.201095
7504,0.979861,0.513163,0.461588,0.723603,0.656766,0.163515,0.194745
7505,1.29905,0.623987,0.635407,0.454861,0.63726,0.147171,0.188948
7506,1.37353,0.568806,0.737506,0.364065,0.619965,0.128309,0.183803
7507,0.979906,0.292593,0.690664,0.661342,0.605178,0.107251,0.179398
7508,1.34941,0.355443,0.875105,0.328406,0.593152,0.0843573,0.175809
7509,1.21164,0.194004,0.88659,0.419906,0.584092,0.0600213,0.173097
7510,0.812092,-0.0505585,0.711795,0.700565,0.578154,0.0346586,0.171308
7511,0.104402,0.0901207,0.992701,-0.0801456,0.575993,0.017404,0.170606
7512,0.83522,-0.228771,0.739861,0.632669,0.575993,-0.017404,0.170606
7513,1.17355,0.179825,0.37258,-0.910411,0.578154,-0.0346586,0.171308
7514,0.811166,-0.010861,0.643395,-0.765457,0.584092,-0.0600213,0.173097
7515,0.907713,-0.0392479,0.53985,-0.840846,0.593152,-0.0843573,0.175809
7516,0.917334,-0.0964808,0.491056,-0.865769,0.605178,-0.107251,0.179398
7517,0.477126,-0.424897,0.658946,-0.620687,0.619965,-0.128309,0.183803
7518,0.568209,-0.445205,0.545242,-0.710284,0.63726,-0.147171,0.188948
7519,0.896074,-0.261741,0.332875,-0.905917,0.656766,-0.163515,0.194745
7520,0.44159,-0.642214,0.393252,-0.657962,0.678151,-0.177061,0.201095
7521,0.854326,-0.361308,0.20205,-0.910293,0.701047,-0.187579,0.20789
7522,0.484534,-0.682123,0.169127,-0.71141,0.725064,-0.194885,0.215012
7523,0.608984,-0.601749,0.052212,-0.796976,0.749791,-0.198859,0.222341
7524,0.941948,-0.30849,-0.0364208,-0.95053,0.774803,-0.199429,0.22975
7525,0.470626,-0.691885,-0.170468,-0.701595,0.799675,-0.196587,0.237113
7526,0.671927,-0.514916,-0.244104,-0.821751,0.82398,-0.190381,0.244304
7527,0.735987,-0.429623,-0.317363,-0.845402,0.847301,-0.180919,0.251201
7528,0.588184,-0.492874,-0.452122,-0.743412,0.869239,-0.168359,0.257684
7529,0.751391,-0.322723,-0.468505,-0.822407,0.889421,-0.152921,0.263644
7530,0.43749,-0.514609,-0.318637,0.79602,0.913091,-0.128309,0.27032
7531,1.18467,0.0632286,-0.296304,-0.952999,0.923167,-0.114501,0.273594
7532,1.42328,0.21391,-0.116486,-0.969883,0.936155,-0.0921786,0.277413
7533,0.836387,-0.000525437,-0.62567,-0.780088,0.946239,-0.0682786,0.280372
7534,1.10307,0.159931,-0.435515,-0.88586,0.953249,-0.0432113,0.282418
7535,1.32882,0.248793,-0.236586,-0.939217,0.957063,-0.017404,0.283517
7536,1.42873,0.202286,-0.143841,-0.968705,0.976921,0.00870199,0.207642
7537,1.53293,0.203594,-0.0446652,-0.978036,0.974149,0.0346586,0.207022
7538,1.3056,0.274011,-0.259673,-0.926007,0.968089,0.0600213,0.205704
7539,0.86696,0.204217,-0.683863,0.700448,0.955035,0.0921786,0.203108
7540,1.02069,0.362289,-0.708953,0.605089,0.941788,0.114501,0.200319
7541,0.710961,0.273977,-0.490803,0.827073,0.925807,0.134865,0.196946
7542,0.00423797,0.732017,-0.659394,0.171318,0.913841,0.147171,0.194074
7543,1.47179,0.30049,-0.0730076,-0.950987,0.893939,0.163515,0.189825
7544,1.48728,0.297867,-0.0524036,-0.953168,0.872123,0.177061,0.185172
7545,0.504829,0.278427,-0.155555,0.947777,0.840607,0.190381,0.178903
7546,0.104886,0.972731,-0.19481,0.125868,0.824261,0.194885,0.174979
7547,1.3318,0.456335,-0.017984,-0.889626,0.799036,0.198859,0.169613
7548,1.27639,0.504792,0.0214446,-0.862975,0.773519,0.199429,0.164189
7549,1.337,0.446619,0.0525143,-0.893182,0.748146,0.196587,0.158799
7550,1.31705,0.453242,0.0922423,-0.886602,0.723353,0.190381,0.153537
7551,1.25575,0.485059,0.151895,-0.861189,0.699563,0.180919,0.148493
7552,1.13711,0.540829,0.24992,-0.803146,0.677183,0.168359,0.14375
7553,1.09625,0.526885,0.318582,-0.787971,0.656596,0.152921,0.139393
7554,1.14439,0.457938,0.328691,-0.825987,0.638154,0.134865,0.135494
7555,1.05045,0.448151,0.42914,-0.784219,0.622173,0.114501,0.132121
7556,1.18266,0.350262,0.353831,-0.867249,0.608926,0.0921786,0.129332
7557,1.55624,0.203579,0.0257552,-0.97872,0.598641,0.0682786,0.127174
7558,0.620169,-0.0476671,0.570026,0.820242,0.589812,0.0346586,0.125418
7559,0.336405,0.124494,0.942777,-0.309309,0.587604,0.017404,0.124888
7560,0.132549,-0.20186,0.131879,0.970495,0.587604,-0.017404,0.124888
7561,1.50535,0.183721,0.0566987,-0.981342,0.589812,-0.0346586,0.125418
7562,0.678143,-0.349593,0.594091,0.724459,0.598641,-0.0682786,0.127174
7563,0.937603,-0.464884,0.723136,0.510839,0.608926,-0.0921786,0.129332
7564,0.824301,-0.532286,0.610485,0.586498,0.622173,-0.114501,0.132121
7565,0.740604,-0.580104,0.507483,0.637134,0.638154,-0.134865,0.135494
7566,0.831397,-0.676146,0.487358,0.552547,0.656596,-0.152921,0.139393
7567,0.834601,-0.73516,0.411896,0.538407,0.677183,-0.168359,0.14375
7568,0.80448,-0.768932,0.318889,0.554124,0.699563,-0.180919,0.148493
7569,0.711682,-0.754262,0.210057,0.622065,0.723353,-0.190381,0.153537
7570,0.776203,-0.813096,0.13678,0.565833,0.748146,-0.196587,0.158799
7571,0.900587,-0.888159,0.0513243,0.456661,0.773519,-0.199429,0.164189
7572,0.7162,-0.78968,-0.042996,0.61201,0.799036,-0.198859,0.169613
7573,0.367935,-0.528004,-0.0702256,0.846333,0.824261,-0.194885,0.174979
7574,1.45317,0.119866,-0.0258266,-0.992454,0.840607,-0.190381,0.178903
7575,0.550521,-0.626368,-0.231547,0.744345,0.872123,-0.177061,0.185172
7576,0.550544,-0.592799,-0.290786,0.751021,0.893939,-0.163515,0.189825
7577,0.407194,-0.471075,-0.261226,0.842526,0.913841,-0.147171,0.194074
7578,1.22914,-0.0152542,-0.233527,-0.972231,0.925807,-0.134865,0.196946
7579,1.21641,0.00656922,-0.271553,-0.962401,0.941788,-0.114501,0.200319
7580,1.35551,0.106067,-0.176351,-0.978596,0.955035,-0.0921786,0.203108
7581,0.782894,-0.360534,-0.667946,0.651048,0.968089,-0.0600213,0.205704
7582,0.957215,-0.26864,-0.801908,0.533644,0.974149,-0.0346586,0.207022
7583,0.618657,-0.196105,-0.578702,0.791611,0.976921,-0.00870199,0.207642
7584,0.22947,0.0896797,-0.972271,-0.215979,0.990201,0.00870199,0.130354
7585,0.635261,0.0202553,-0.582006,0.812932,0.985693,0.0432113,0.12982
7586,0.347636,0.339921,-0.894356,-0.29083,0.981244,0.0600213,0.129115
7587,1.15568,0.290649,-0.375908,-0.879896,0.971871,0.0843573,0.127853
7588,1.13971,0.346976,-0.363931,-0.864385,0.959431,0.107251,0.12619
7589,0.432681,0.167708,-0.315355,0.934037,0.938405,0.134865,0.123702
7590,0.0696649,0.750502,-0.659089,0.0484619,0.926251,0.147171,0.121777
7591,1.33936,0.328918,-0.145086,-0.933147,0.906077,0.163515,0.119102
7592,1.3205,0.363634,-0.124673,-0.923161,0.883963,0.177061,0.116175
7593,0.84835,0.732741,-0.221471,-0.643461,0.860284,0.187579,0.113046
7594,1.17913,0.513011,-0.0814242,-0.854511,0.835449,0.194885,0.109769
7595,1.18074,0.51929,-0.0272563,-0.854163,0.80988,0.198859,0.106399
7596,1.19255,0.509196,0.0265505,-0.860241,0.784016,0.199429,0.102993
7597,1.21213,0.485138,0.0755269,-0.87117,0.758299,0.196587,0.0996112
7598,1.48522,0.231751,0.0393644,-0.971978,0.733169,0.190381,0.0963106
7599,1.05723,0.717881,0.385506,0.579683,0.701259,0.177061,0.0925339
7600,1.03217,0.648355,0.477164,0.593254,0.679145,0.163515,0.0896072
7601,1.08047,0.60313,0.581871,0.545583,0.658972,0.147171,0.0869326
7602,1.07744,0.520752,0.662434,0.538515,0.641085,0.128309,0.0845559
7603,0.672066,0.251365,0.517791,0.817746,0.625791,0.107251,0.0825186
7604,0.174789,0.451926,0.885927,-0.104381,0.617196,0.0921786,0.0811573
7605,1.45585,0.15715,0.120419,-0.980206,0.606774,0.0682786,0.0798133
7606,1.15091,0.187219,0.406748,-0.894151,0.59953,0.0432113,0.0788886
7607,0.607067,-0.059483,0.569239,0.820018,0.595022,0.00870199,0.0783546
7608,1.51221,0.113731,0.0558644,-0.99194,0.595022,-0.00870199,0.0783546
7609,1.50768,0.106618,0.0542957,-0.992816,0.597834,-0.0346586,0.0787553
7610,0.0621067,-0.137113,0.0587773,0.98881,0.606774,-0.0682786,0.0798133
7611,1.196,-0.0434555,0.313838,-0.948482,0.613352,-0.0843573,0.0808546
7612,0.941433,-0.218295,0.474745,-0.852622,0.625791,-0.107251,0.0825186
7613,0.754307,-0.382503,0.534593,-0.753593,0.641085,-0.128309,0.0845559
7614,0.795858,-0.419892,0.447364,-0.789656,0.658972,-0.147171,0.0869326
7615,0.94775,-0.361941,0.309448,-0.879341,0.679145,-0.163515,0.0896072
7616,0.870003,-0.457399,0.273291,-0.846226,0.701259,-0.177061,0.0925339
7617,0.890079,-0.470222,0.192988,-0.861189,0.724937,-0.187579,0.0956626
7618,0.307018,-0.406385,0.059007,0.911795,0.758299,-0.196587,0.0996112
7619,1.48756,0.0737952,0.00288315,-0.997269,0.775341,-0.198859,0.102311
7620,0.716609,-0.739505,-0.0430159,0.671776,0.80988,-0.198859,0.106399
7621,0.822579,-0.793787,-0.143097,0.591122,0.835449,-0.194885,0.109769
7622,1.1545,-0.907528,-0.29415,0.299781,0.860284,-0.187579,0.113046
7623,0.70961,-0.66937,-0.288353,0.684687,0.883963,-0.177061,0.116175
7624,0.688112,-0.615048,-0.353019,0.705048,0.906077,-0.163515,0.119102
7625,0.37635,-0.38365,-0.242429,0.89109,0.926251,-0.147171,0.121777
7626,1.53208,0.109133,-0.00967056,-0.99398,0.938405,-0.134865,0.123702
7627,0.706155,-0.447252,-0.539672,0.713247,0.959431,-0.107251,0.12619
7628,0.321334,-0.374959,-0.84608,-0.378885,0.968026,-0.0921786,0.127551
7629,0.167982,-0.169218,-0.158331,0.972778,0.981244,-0.0600213,0.129115
7630,1.48619,0.102322,-0.0753286,-0.991895,0.985693,-0.0432113,0.12982
7631,0.390658,-0.133406,-0.379983,0.915323,0.990201,-0.00870199,0.130354
7632,0.18098,0.0712398,-0.982034,-0.17474,0.997376,0.00870199,0.0522613
7633,0.409903,0.0416421,-0.390875,0.919501,0.992839,0.0432113,0.0520826
7634,0.236932,0.321689,-0.923273,-0.209961,0.988349,0.0600213,0.0517293
7635,0.872427,0.313044,-0.687005,0.655765,0.975049,0.0921786,0.0512066
7636,0.720256,0.336442,-0.548565,0.76543,0.961529,0.114501,0.0505239
7637,1.55324,0.0677788,-0.0326328,-0.997167,0.950968,0.128309,0.0496933
7638,1.03313,0.624979,-0.566512,0.53709,0.926393,0.152921,0.0487279
7639,1.14164,0.738968,-0.50547,0.445451,0.905378,0.168359,0.0476446
7640,1.06683,0.765676,-0.387558,0.513361,0.882531,0.180919,0.0464619
7641,1.01705,0.784097,-0.273561,0.557096,0.858245,0.190381,0.0452
7642,1.05558,0.833428,-0.169894,0.525864,0.832933,0.196587,0.0438813
7643,1.08097,0.861373,-0.0577915,0.504675,0.80703,0.199429,0.042528
7644,1.10012,0.870857,0.0583664,0.488059,0.780978,0.198859,0.0411626
7645,0.875582,0.727414,0.149938,0.669617,0.755224,0.194885,0.0398086
7646,0.423851,0.8911,0.29786,-0.342374,0.738465,0.190381,0.0384893
7647,1.08451,0.480404,0.220479,-0.848882,0.714179,0.180919,0.037228
7648,1.20278,0.360112,0.216783,-0.907372,0.691332,0.168359,0.036046
7649,0.458586,0.297265,0.291997,0.90905,0.66376,0.147171,0.0349626
7650,0.0179924,0.658199,0.752086,0.0337869,0.651492,0.134865,0.0339966
7651,0.858392,0.394228,0.629392,0.669664,0.630336,0.107251,0.0331653
7652,1.18291,0.393974,0.83039,0.394002,0.617804,0.0843573,0.0324826
7653,0.851456,0.215584,0.712368,0.667874,0.608362,0.0600213,0.03196
7654,0.370836,0.196047,0.916831,-0.347832,0.603872,0.0432113,0.0316066
7655,0.244715,-0.0222747,0.241762,0.97008,0.599335,0.00870199,0.0314286
7656,0.182657,-0.0569612,0.980795,-0.186538,0.599335,-0.00870199,0.0314286
7657,1.38404,0.00394989,0.174742,-0.984606,0.60217,-0.0346586,0.0316066
7658,0.717613,-0.212946,0.70553,-0.67593,0.608362,-0.0600213,0.03196
7659,0.94595,-0.21985,0.512017,-0.830364,0.617804,-0.0843573,0.0324826
7660,1.01714,-0.247532,0.421777,-0.872257,0.630336,-0.107251,0.0331653
7661,0.283831,-0.222097,0.210618,0.952005,0.651492,-0.134865,0.0339966
7662,1.29364,-0.145998,0.161654,-0.975988,0.66376,-0.147171,0.0349626
7663,1.08375,-0.329324,0.243991,-0.912148,0.684082,-0.163515,0.036046
7664,0.751476,-0.640438,0.302181,0.706063,0.714179,-0.180919,0.037228
7665,0.506878,-0.493621,0.156121,0.855549,0.738465,-0.190381,0.0384893
7666,1.13319,-0.344602,0.0758636,-0.935678,0.755224,-0.194885,0.0398086
7667,1.1919,-0.295237,0.0218223,-0.955175,0.780978,-0.198859,0.0411626
7668,0.787894,-0.646164,-0.0443403,-0.761909,0.80703,-0.199429,0.042528
7669,0.879234,-0.564312,-0.118639,-0.816993,0.832933,-0.196587,0.0438813
7670,0.962301,-0.478572,-0.173911,-0.860653,0.858245,-0.190381,0.0452
7671,0.928085,-0.479203,-0.252617,-0.840565,0.882531,-0.180919,0.0464619
7672,0.857919,-0.491932,-0.349638,-0.797343,0.905378,-0.168359,0.0476446
7673,0.97205,-0.371716,-0.355485,-0.857588,0.926393,-0.152921,0.0487279
7674,0.530661,-0.36713,-0.380646,0.848719,0.950968,-0.128309,0.0496933
7675,1.36238,-0.0643699,-0.154302,-0.985925,0.961529,-0.114501,0.0505239
7676,1.54096,0.0337501,-0.0111821,-0.999368,0.975049,-0.0921786,0.0512066
7677,0.175138,-0.0945713,-0.165008,0.981748,0.988349,-0.0600213,0.0517293
7678,0.0528788,-0.192066,-0.979018,-0.0680776,0.992839,-0.0432113,0.0520826
7679,0.36225,-0.059849,-0.353622,0.933472,0.997376,-0.00870199,0.0522613
