face,alpha,vx,vy,vz,cx,cy,cz
0,0,0.0578968,-0.315676,0.947099,0.997376,0.00870199,-0.0522613
1,-2.94797,0.0138027,0.126425,0.99188,0.992839,0.0432113,-0.0520826
2,2.81055,-0.164673,0.577595,0.799542,0.985546,0.0682786,-0.0517293
3,9.38753,-0.121096,0.320396,0.939512,0.975049,0.0921786,-0.0512066
4,15.4548,-0.273778,0.459448,0.844957,0.961529,0.114501,-0.050524
5,22.0866,-0.119524,0.180043,0.97637,0.945219,0.134865,-0.0496933
6,21.5348,-0.511254,0.473012,0.717551,0.926393,0.152921,-0.048728
7,28.2673,-0.253936,0.19455,0.947453,0.905378,0.168359,-0.0476446
8,34.3237,-0.46782,0.247158,0.848562,0.882531,0.180919,-0.046462
9,40.6369,-0.478805,0.173988,0.860508,0.858245,0.190381,-0.0452
10,46.8509,-0.562409,0.118271,0.818357,0.832933,0.196587,-0.0438813
11,46.7787,-0.638611,0.0438614,0.768278,0.80703,0.199429,-0.042528
12,53.4991,-0.265088,-0.019868,0.964019,0.780978,0.198859,-0.0411626
13,59.8302,-0.225879,-0.0525354,0.972738,0.755224,0.194885,-0.0398087
14,66.381,0.0228319,-0.00559278,0.999724,0.730208,0.187579,-0.0384893
15,69.0803,0.387418,0.17352,0.905427,0.714179,0.180919,-0.037228
16,66.0823,-0.241,-0.186039,0.952527,0.684082,0.163515,-0.0360453
17,72.4678,-0.148538,-0.163856,0.975237,0.66376,0.147171,-0.034962
18,75.2029,0.218614,0.20657,0.953696,0.651492,0.134865,-0.0339967
19,72.1823,-0.260484,-0.440391,0.859188,0.630336,0.107251,-0.0331653
20,78.4395,-0.214128,-0.50106,0.838504,0.617804,0.0843573,-0.0324827
21,84.9114,-0.0921722,-0.378182,0.921131,0.608362,0.0600213,-0.03196
22,91.4372,0.00519058,-0.168712,0.985652,0.60217,0.0346586,-0.0316067
23,93.7533,0.0400531,0.0118026,0.999128,0.599906,0.017404,-0.0314287
24,47.9688,0.0153611,0.331432,0.943354,0.599906,-0.017404,-0.0314287
25,50.5674,-0.113314,0.707529,0.697541,0.60217,-0.0346586,-0.0316067
26,50.8184,-0.259306,0.82244,0.506313,0.608362,-0.0600213,-0.03196
27,44.3349,-0.304258,0.670923,0.676232,0.617804,-0.0843573,-0.0324827
28,38.0096,-0.36824,0.593219,0.715884,0.630336,-0.107251,-0.0331653
29,28.7318,0.0498232,-0.0120747,0.998685,0.651492,-0.134865,-0.0339967
30,31.4547,-0.326319,0.316841,0.890577,0.66376,-0.147171,-0.034962
31,25.3954,-0.513483,0.363492,0.777309,0.684082,-0.163515,-0.0360453
32,15.6997,0.421794,-0.190845,0.886379,0.714179,-0.180919,-0.037228
33,15.9583,0.203008,-0.0558653,0.977582,0.738465,-0.190381,-0.0384893
34,19.1818,-0.635238,0.132314,0.760898,0.755224,-0.194885,-0.0398087
35,12.8515,-0.600754,0.0414533,0.798359,0.780978,-0.198859,-0.0411626
36,7.01938,-0.882632,-0.0590869,0.466337,0.80703,-0.199429,-0.042528
37,6.96383,-0.834907,-0.170169,0.523423,0.832933,-0.196587,-0.0438813
38,6.96279,-0.79983,-0.278561,0.531672,0.858245,-0.190381,-0.0452
39,6.98066,-0.760639,-0.385251,0.522504,0.882531,-0.180919,-0.046462
40,6.69784,-0.547003,-0.385019,0.743336,0.905378,-0.168359,-0.0476446
41,0.893362,-0.696654,-0.623104,0.355548,0.926393,-0.152921,-0.048728
42,-5.92867,-0.389815,-0.479742,0.786061,0.945219,-0.134865,-0.0496933
43,-5.48832,-0.484194,-0.7511,0.448781,0.961529,-0.114501,-0.050524
44,0.924824,-0.407274,-0.852036,0.328881,0.975049,-0.0921786,-0.0512066
45,0.783491,-0.26978,-0.847552,0.457027,0.985546,-0.0682786,-0.0517293
46,0.305776,-0.0828153,-0.57678,0.812691,0.992839,-0.0432113,-0.0520826
47,0.308524,0.0401118,0.0133295,0.999106,0.997833,-0.017404,-0.026108
48,6.32542,0.132955,-0.355354,0.925228,0.990201,0.00870199,-0.130354
49,3.38857,0.10252,0.0743732,0.991947,0.985693,0.0432113,-0.12982
50,6.20494,0.191876,-0.231242,0.953788,0.981244,0.0600213,-0.129115
51,10.0529,0.242029,-0.265211,0.933319,0.968026,0.0921786,-0.127551
52,12.8892,0.429074,-0.506534,0.747876,0.959431,0.107251,-0.126189
53,9.90848,0.211809,-0.10979,0.971125,0.938406,0.134865,-0.123701
54,12.5932,0.379634,-0.238645,0.893827,0.926251,0.147171,-0.121776
55,16.0298,0.0938501,0.0159166,0.995459,0.898849,0.168359,-0.118533
56,18.9007,0.46263,-0.176343,0.868836,0.883963,0.177061,-0.116175
57,19.6799,0.918551,-0.299538,0.257955,0.860284,0.187579,-0.113046
58,19.4079,0.853975,-0.157222,0.495991,0.835449,0.194885,-0.109769
59,19.2552,0.789279,-0.0467191,0.612254,0.80988,0.198859,-0.106399
60,22.1475,-0.125183,-0.0158111,0.992008,0.775341,0.198859,-0.102311
61,28.3528,-0.20817,-0.0639941,0.975997,0.749773,0.194885,-0.0989399
62,34.4658,-0.36225,-0.158853,0.918445,0.724937,0.187579,-0.0956619
63,40.656,-0.423591,-0.258004,0.868334,0.701259,0.177061,-0.0925333
64,40.8557,-0.241426,-0.234316,0.941706,0.679145,0.163515,-0.0896066
65,46.9937,-0.319297,-0.368312,0.873153,0.658972,0.147171,-0.0869326
66,53.1371,-0.356475,-0.509094,0.783421,0.641085,0.128309,-0.0845559
67,59.5125,-0.246024,-0.510893,0.823687,0.625791,0.107251,-0.0825186
68,65.9071,-0.133032,-0.475548,0.869573,0.613352,0.0843573,-0.0808546
69,72.2706,-0.0448203,-0.441679,0.896053,0.603979,0.0600213,-0.0795926
70,78.6817,0.0413548,-0.34733,0.936831,0.597834,0.0346586,-0.0787546
71,81.5166,0.13249,0.334228,0.933133,0.59559,0.017404,-0.0783993
72,28.5528,0.129153,-0.225379,0.965673,0.59559,-0.017404,-0.0783993
73,28.4109,0.179204,-0.35223,0.918597,0.59953,-0.0432113,-0.078888
74,28.7434,0.127087,-0.0284984,0.991482,0.606774,-0.0682786,-0.0798126
75,31.4369,-0.113148,0.440489,0.890599,0.613352,-0.0843573,-0.0808546
76,25.5461,-0.357655,0.649968,0.67054,0.625791,-0.107251,-0.0825186
77,19.4201,-0.506685,0.650196,0.566141,0.641085,-0.128309,-0.0845559
78,13.0793,-0.551959,0.546011,0.630249,0.658972,-0.147171,-0.0869326
79,12.9509,-0.532838,0.411919,0.739193,0.679145,-0.163515,-0.0896066
80,6.7735,-0.642268,0.354249,0.679706,0.701259,-0.177061,-0.0925333
81,0.474516,-0.663119,0.251814,0.704885,0.724937,-0.187579,-0.0956619
82,3.59475,0.0777283,0.00796026,0.996943,0.758299,-0.196587,-0.0996113
83,6.28512,-0.279711,0.0256338,0.959742,0.775341,-0.198859,-0.102311
84,3.13597,0.489178,0.0251575,0.871821,0.80988,-0.198859,-0.106399
85,3.01494,0.573631,0.0943645,0.81366,0.835449,-0.194885,-0.109769
86,3.03572,0.533493,0.146696,0.832986,0.860284,-0.187579,-0.113046
87,3.41117,0.196313,0.039383,0.97975,0.883963,-0.177061,-0.116175
88,6.33676,-0.21648,-0.21854,0.951513,0.898849,-0.168359,-0.118533
89,-2.6987,0.0427619,-0.0655604,0.996932,0.926251,-0.147171,-0.121776
90,-0.0192787,-0.0929332,-0.235111,0.967516,0.938406,-0.134865,-0.123701
91,3.09655,0.312325,0.306252,0.899257,0.959431,-0.107251,-0.126189
92,3.00473,0.301825,0.402128,0.864404,0.971871,-0.0843573,-0.127853
93,3.69787,0.041257,-0.217141,0.975268,0.981244,-0.0600213,-0.129115
94,6.56933,-0.0143306,-0.561092,0.827629,0.985693,-0.0432113,-0.12982
95,3.66048,0.102576,-0.195322,0.97536,0.990201,-0.00870199,-0.130354
96,12.8931,0.194195,-0.602763,0.773928,0.976921,0.00870199,-0.207642
97,6.97666,0.265249,-0.83389,0.484014,0.974149,0.0346586,-0.207023
98,-1.1666,-0.105006,0.706232,0.70015,0.968089,0.0600213,-0.205705
99,9.4529,0.0583399,0.264977,0.962488,0.955035,0.0921786,-0.203109
100,15.684,-0.00696659,0.289863,0.957043,0.941788,0.114501,-0.200319
101,22.2323,0.132251,0.0720874,0.988591,0.925807,0.134865,-0.196946
102,25.0344,0.368064,-0.159976,0.915935,0.913841,0.147171,-0.194073
103,13.2198,0.79256,-0.468902,0.389845,0.893939,0.163515,-0.189825
104,12.7635,0.629741,-0.233515,0.740876,0.872123,0.177061,-0.185172
105,22.6383,0.443585,-0.0886856,0.891833,0.840607,0.190381,-0.178903
106,25.4304,0.753687,-0.122077,0.645796,0.824261,0.194885,-0.174979
107,19.2774,0.846815,-0.047727,0.529743,0.799036,0.198859,-0.169613
108,19.4543,0.93074,0.0552838,0.361479,0.773519,0.199429,-0.164189
109,19.2375,0.826144,0.140107,0.545762,0.748146,0.196587,-0.158799
110,19.592,0.930693,0.295796,0.215211,0.723353,0.190381,-0.153537
111,19.2468,0.782834,0.328069,0.528717,0.699563,0.180919,-0.148492
112,19.257,0.744238,0.420377,0.51903,0.677183,0.168359,-0.14375
113,19.6621,0.762027,0.630909,0.145839,0.656596,0.152921,-0.139393
114,19.2383,0.617745,0.571116,0.540571,0.638154,0.134865,-0.135494
115,19.1247,0.516335,0.572271,0.637105,0.622173,0.114501,-0.132121
116,19.0429,0.425474,0.567987,0.70453,0.608926,0.0921786,-0.129332
117,19.4325,0.369799,0.83615,0.405095,0.598641,0.0682786,-0.127174
118,18.8368,0.262201,0.462549,0.846935,0.591492,0.0432113,-0.125683
119,22.1892,0.166426,-0.302724,0.938435,0.58704,0.00870199,-0.124798
120,21.9815,0.201331,-0.492273,0.846837,0.587604,-0.017404,-0.124887
121,28.6722,0.214229,-0.103759,0.971257,0.591492,-0.0432113,-0.125683
122,3.03369,0.339977,-0.540226,0.769787,0.598641,-0.0682786,-0.127174
123,3.29908,0.326723,-0.294812,0.897963,0.608926,-0.0921786,-0.129332
124,3.23899,0.385923,-0.313353,0.867683,0.622173,-0.114501,-0.132121
125,3.15526,0.461699,-0.333827,0.821823,0.638154,-0.134865,-0.135494
126,3.08335,0.535859,-0.328015,0.777986,0.656596,-0.152921,-0.139393
127,3.07388,0.573094,-0.275153,0.771916,0.677183,-0.168359,-0.14375
128,3.19368,0.511466,-0.166431,0.843032,0.699563,-0.180919,-0.148492
129,3.05275,0.626287,-0.158056,0.763402,0.723353,-0.190381,-0.153537
130,-2.8817,0.33893,-0.0296572,0.940344,0.748146,-0.196587,-0.158799
131,-3.31677,0.696246,-0.0356386,0.716918,0.773519,-0.199429,-0.164189
132,3.09862,0.58662,0.0273976,0.809399,0.799036,-0.198859,-0.169613
133,3.02191,0.630466,0.0931716,0.770605,0.824261,-0.194885,-0.174979
134,2.97937,0.637776,0.162586,0.752866,0.848763,-0.187579,-0.180195
135,-2.96254,0.349068,0.0790599,0.933757,0.872123,-0.177061,-0.185172
136,-3.32182,0.580936,0.281342,0.76378,0.893939,-0.163515,-0.189825
137,10.0279,-0.000830038,-0.169456,0.985537,0.913841,-0.147171,-0.194073
138,12.8447,-0.213912,-0.434265,0.875018,0.925807,-0.134865,-0.196946
139,19.4052,-0.299297,-0.645054,0.703084,0.941788,-0.114501,-0.200319
140,13.2412,-0.260469,-0.756179,0.600292,0.955035,-0.0921786,-0.203109
141,11.2329,-0.296807,-0.943361,0.148245,0.968089,-0.0600213,-0.205705
142,3.0445,0.256089,0.399925,0.880044,0.974149,-0.0346586,-0.207023
143,3.40432,0.198531,0.0589891,0.978318,0.976921,-0.00870199,-0.207642
144,10.8196,0.184831,-0.876745,0.444023,0.957063,0.017404,-0.283516
145,17.7736,0.138402,-0.966348,-0.216835,0.953249,0.0432113,-0.282418
146,4.78974,-0.178241,0.871401,0.457046,0.948965,0.0600213,-0.281026
147,-0.803362,0.0466297,0.410508,0.910664,0.939905,0.0843573,-0.278313
148,-1.05771,-0.151562,0.551927,0.820003,0.927879,0.107251,-0.274724
149,-0.607571,0.0921609,0.20087,0.975273,0.913091,0.128309,-0.27032
150,-1.2908,-0.4289,0.53556,0.727475,0.895797,0.147171,-0.265174
151,28.699,0.329969,-0.0412085,0.943092,0.86924,0.168359,-0.257684
152,31.2369,0.421253,-0.0790794,0.903489,0.854906,0.177061,-0.253026
153,15.8808,0.089784,0.062296,0.994011,0.82398,0.190381,-0.244304
154,21.5828,-0.476157,0.138153,0.86844,0.799675,0.196587,-0.237113
155,27.928,-0.442674,0.04392,0.895606,0.774804,0.199429,-0.22975
156,28.6545,0.252143,-0.00131194,0.967689,0.749791,0.198859,-0.222341
157,31.1891,0.44091,0.0360184,0.896828,0.733381,0.196587,-0.217009
158,22.1151,-0.0109637,-0.0953556,0.995383,0.701047,0.187579,-0.20789
159,24.83,0.385011,0.0595015,0.920992,0.685756,0.180919,-0.202921
160,19.1828,0.756936,0.392262,0.522665,0.663817,0.168359,-0.196438
161,16.299,0.362127,0.0847528,0.928268,0.63726,0.147171,-0.188948
162,18.9201,0.560606,0.389351,0.73084,0.625556,0.134865,-0.185145
163,19.1402,0.567756,0.581582,0.582595,0.609889,0.114501,-0.180529
164,18.8651,0.44409,0.436294,0.78258,0.596902,0.0921786,-0.176709
165,22.2992,0.207772,-0.17985,0.961501,0.584092,0.0600213,-0.173096
166,24.794,0.298561,0.161205,0.940678,0.579808,0.0432113,-0.171705
167,22.3094,0.254894,-0.186547,0.948804,0.575439,0.00870199,-0.170473
168,37.9144,0.16222,0.659152,0.734305,0.575439,-0.00870199,-0.170473
169,-2.25907,0.182834,0.36257,0.913846,0.579808,-0.0432113,-0.171705
170,0.201023,0.00837876,0.610224,0.792184,0.584092,-0.0600213,-0.173096
171,-2.71324,0.298089,-0.0574027,0.95281,0.596902,-0.0921786,-0.176709
172,-3.0736,0.46416,-0.335872,0.819601,0.609889,-0.114501,-0.180529
173,-3.11718,0.519934,-0.326567,0.789317,0.625556,-0.134865,-0.185145
174,3.12424,0.5746,-0.304351,0.75974,0.643635,-0.152921,-0.190479
175,3.14992,0.587479,-0.237669,0.773552,0.663817,-0.168359,-0.196438
176,-8.59147,-0.082205,0.170617,0.981902,0.685756,-0.180919,-0.202921
177,-5.82588,-0.531197,0.248325,0.81004,0.701047,-0.187579,-0.20789
178,22.7901,-0.104486,0.0736151,0.991798,0.733381,-0.196587,-0.217009
179,25.2635,-0.252232,0.0331606,0.967098,0.749791,-0.198859,-0.222341
180,19.6934,-0.815839,-0.0617812,0.57497,0.774804,-0.199429,-0.22975
181,13.4552,-0.819299,-0.186269,0.542266,0.799675,-0.196587,-0.237113
182,6.73991,-0.484792,-0.236136,0.84215,0.82398,-0.190381,-0.244304
183,10.1852,-0.0877266,-0.173078,0.980993,0.854906,-0.177061,-0.253026
184,12.6785,-0.114178,-0.248091,0.961984,0.86924,-0.168359,-0.257684
185,17.5703,-0.708386,-0.658719,0.25353,0.895797,-0.147171,-0.265174
186,16.8905,-0.294506,-0.562717,0.772409,0.913091,-0.128309,-0.27032
187,17.3858,-0.460344,-0.810718,0.361691,0.927879,-0.107251,-0.274724
188,10.874,-0.265217,-0.807856,0.526335,0.939905,-0.0843573,-0.278313
189,17.9023,-0.375356,-0.905094,-0.19978,0.948965,-0.0600213,-0.281026
190,4.85713,0.28983,0.875518,0.38661,0.953249,-0.0432113,-0.282418
191,-0.791394,0.270493,0.451487,0.85029,0.957063,-0.017404,-0.283516
192,12.5797,0.347,-0.328303,0.878526,0.932411,0.00870199,-0.357909
193,24.2808,0.0352531,-0.904916,-0.424127,0.928153,0.0432113,-0.356338
194,11.2755,-0.0511085,0.778985,0.624956,0.923991,0.0600213,-0.354615
195,3.34567,0.292193,0.11087,0.949911,0.911503,0.0921786,-0.350008
196,5.99208,0.367145,-0.0340573,0.92954,0.903463,0.107251,-0.346678
197,-4.21316,-0.554378,0.742256,0.376459,0.883599,0.134865,-0.33935
198,-1.39864,-0.442907,0.573896,0.688823,0.87223,0.147171,-0.33464
199,-4.37833,-0.785469,0.55579,0.27228,0.846343,0.168359,-0.32509
200,-1.66074,-0.719211,0.4267,0.548328,0.832419,0.177061,-0.319322
201,28.6296,0.334964,0.00402713,0.942222,0.802272,0.190381,-0.3082
202,31.4437,0.681105,-0.0770376,0.728122,0.786741,0.194885,-0.301767
203,31.6867,0.847113,-0.0401244,0.529897,0.762665,0.198859,-0.29252
204,28.81,0.469348,0.00884246,0.882969,0.730035,0.198859,-0.280482
205,31.4282,0.694444,0.0804323,0.715037,0.714094,0.196587,-0.27388
206,31.217,0.536338,0.0720448,0.840923,0.690429,0.190381,-0.264804
207,31.5595,0.751144,0.242982,0.613793,0.66772,0.180919,-0.256099
208,22.0232,-0.000371517,-0.225699,0.974197,0.639462,0.163515,-0.245674
209,28.1421,-0.108174,-0.369406,0.922951,0.620471,0.147171,-0.238364
210,34.236,-0.199086,-0.536948,0.819788,0.603633,0.128309,-0.231879
211,40.9015,0.101811,-0.341323,0.934416,0.589238,0.107251,-0.226327
212,43.6711,0.415185,0.161653,0.89526,0.581198,0.0921786,-0.222997
213,19.0646,0.45891,0.620318,0.636088,0.571376,0.0682786,-0.219256
214,19.0388,0.383144,0.626671,0.67859,0.564549,0.0432113,-0.216666
215,25.2736,0.313104,0.601645,0.734839,0.560832,0.017404,-0.215271
216,-2.73325,0.350488,-0.0976066,0.931467,0.560832,-0.017404,-0.215271
217,-9.08231,0.371029,-0.15764,0.915143,0.564549,-0.0432113,-0.216666
218,-9.0835,0.389189,-0.1489,0.909044,0.571376,-0.0682786,-0.219256
219,4.05986,0.143853,0.370567,0.917598,0.581198,-0.0921786,-0.222997
220,6.76351,-0.230615,0.683215,0.692845,0.589238,-0.107251,-0.226327
221,0.800051,-0.489865,0.719139,0.492821,0.603633,-0.128309,-0.231879
222,0.766581,-0.54825,0.621412,0.559705,0.620471,-0.147171,-0.238364
223,-5.63284,-0.538373,0.495512,0.681633,0.639462,-0.163515,-0.245674
224,16.1497,0.342595,0.00185194,0.939481,0.66772,-0.180919,-0.256099
225,16.5351,-0.029299,0.125916,0.991608,0.690429,-0.190381,-0.264804
226,16.2439,0.230088,0.0240597,0.972872,0.714094,-0.196587,-0.27388
227,18.8539,-0.0503148,0.0257779,0.998401,0.730035,-0.198859,-0.280482
228,9.71237,0.438791,0.00660746,0.898565,0.762665,-0.198859,-0.29252
229,9.97918,0.17908,-0.0342993,0.983236,0.786741,-0.194885,-0.301767
230,12.81,-0.226481,-0.184614,0.95636,0.802272,-0.190381,-0.3082
231,17.9842,-0.908858,-0.416231,-0.0270027,0.832419,-0.177061,-0.319322
232,20.6997,-0.834117,-0.449203,-0.320102,0.846343,-0.168359,-0.32509
233,23.9716,-0.726554,-0.658157,0.197352,0.87223,-0.147171,-0.33464
234,26.7814,-0.705381,-0.68823,-0.169639,0.883599,-0.134865,-0.33935
235,10.239,0.0651082,-0.385604,0.920364,0.903463,-0.107251,-0.346678
236,12.8463,0.047236,-0.512347,0.857479,0.911503,-0.0921786,-0.350008
237,17.9839,-0.408332,-0.879353,-0.244956,0.923991,-0.0600213,-0.354615
238,4.64379,0.264096,0.949271,0.170699,0.928153,-0.0432113,-0.356338
239,9.97023,0.323894,-0.221242,0.919861,0.932411,-0.00870199,-0.357909
240,18.7776,0.420337,-0.246841,0.873147,0.901455,0.00870199,-0.429962
241,17.5298,0.206655,-0.978279,-0.0162568,0.897333,0.0432113,-0.428062
242,3.11723,0.293553,0.324092,0.899328,0.890729,0.0682786,-0.424944
243,9.28362,0.191927,0.405565,0.893689,0.881232,0.0921786,-0.420445
244,12.025,0.304752,0.172797,0.936625,0.873479,0.107251,-0.416494
245,3.14223,0.197512,0.248379,0.948313,0.854251,0.134865,-0.40763
246,2.95483,0.0161028,0.333507,0.94261,0.837229,0.152921,-0.399534
247,8.84009,-0.358941,0.447303,0.819196,0.818228,0.168359,-0.390491
248,9.21265,-0.0876941,0.239129,0.96702,0.797573,0.180919,-0.380656
249,15.4162,-0.196034,0.197072,0.96059,0.775618,0.190381,-0.370196
250,35.3469,0.740016,-0.0781008,0.66804,0.752737,0.196587,-0.35929
251,36.0311,0.996825,-0.0579157,0.0546431,0.729324,0.199429,-0.348127
252,42.2731,0.99264,0.0562162,0.107263,0.705779,0.198859,-0.336896
253,35.9093,0.966062,0.157597,0.204664,0.682503,0.194885,-0.32579
254,38.3966,0.956387,0.289818,0.0364667,0.667524,0.190381,-0.318158
255,34.3879,-0.120806,-0.252531,0.960018,0.638343,0.177061,-0.304706
256,34.3683,-0.114413,-0.331646,0.93644,0.618216,0.163515,-0.295088
257,40.5737,-0.142584,-0.439473,0.886867,0.599856,0.147171,-0.286311
258,40.2366,-0.329015,-0.662503,0.672933,0.583579,0.128309,-0.278524
259,46.8236,-0.0595878,-0.587242,0.807215,0.569663,0.107251,-0.27186
260,46.671,-0.0802969,-0.727172,0.681743,0.558346,0.0843573,-0.266434
261,46.7233,0.0318624,-0.741683,0.669993,0.549822,0.0600213,-0.262337
262,52.7914,0.0232362,-0.882646,0.469464,0.544237,0.0346586,-0.259641
263,59.8769,0.378801,-0.313599,0.870727,0.541686,0.00870199,-0.258392
264,44.4397,0.190083,0.819576,0.540522,0.541686,-0.00870199,-0.258392
265,45.2292,-0.249125,0.96497,-0.0822736,0.544237,-0.0346586,-0.259641
266,38.6534,-0.240674,0.940494,0.239891,0.549822,-0.0600213,-0.262337
267,39.1259,-0.520215,0.843131,-0.136039,0.558346,-0.0843573,-0.266434
268,32.3343,-0.42681,0.819867,0.381644,0.569663,-0.107251,-0.27186
269,26.3468,-0.643212,0.746979,0.16823,0.583579,-0.128309,-0.278524
270,26.0491,-0.590029,0.647442,0.482374,0.599856,-0.147171,-0.286311
271,26.0186,-0.636786,0.540619,0.549759,0.618216,-0.163515,-0.295088
272,19.7032,-0.667181,0.425411,0.61147,0.638343,-0.177061,-0.304706
273,15.5936,0.80079,-0.165141,0.575729,0.667524,-0.190381,-0.318158
274,18.0587,0.718164,-0.0721528,0.692123,0.682503,-0.194885,-0.32579
275,17.976,0.785729,-0.0298546,0.617851,0.705779,-0.198859,-0.336896
276,11.6615,0.811406,0.032329,0.583588,0.729324,-0.199429,-0.348127
277,6.09634,0.242001,-0.0370577,0.969568,0.752737,-0.196587,-0.35929
278,13.4866,-0.708898,-0.308844,0.634097,0.775618,-0.190381,-0.370196
279,13.3946,-0.598271,-0.410382,0.688228,0.797573,-0.180919,-0.380656
280,20.0458,-0.744618,-0.555695,0.369794,0.818228,-0.168359,-0.390491
281,19.6567,-0.452308,-0.602207,0.657848,0.837229,-0.152921,-0.399534
282,19.4259,-0.218059,-0.595412,0.773263,0.854251,-0.134865,-0.40763
283,16.7859,-0.0347191,-0.564406,0.824767,0.873479,-0.107251,-0.416494
284,19.4207,-0.0536948,-0.702157,0.709995,0.881232,-0.0921786,-0.420445
285,23.8969,-0.295875,-0.94697,0.125324,0.893319,-0.0600213,-0.426017
286,10.8172,0.235514,0.970584,0.0499935,0.897333,-0.0432113,-0.428062
287,3.76794,0.381636,-0.299144,0.874567,0.901455,-0.00870199,-0.429962
288,25.3012,0.457885,-0.469921,0.754663,0.864942,0.00870199,-0.499364
289,23.8555,0.184342,-0.980392,-0.0696324,0.860981,0.0432113,-0.497146
290,3.27947,0.427986,0.176096,0.886464,0.854643,0.0682786,-0.49352
291,11.299,-0.0228685,0.724058,0.68936,0.848965,0.0843573,-0.49004
292,4.67275,-0.323067,0.796335,0.51135,0.838108,0.107251,-0.483742
293,9.2935,0.17635,0.339603,0.923889,0.819635,0.134865,-0.473397
294,9.47008,0.274529,0.193673,0.941873,0.803301,0.152921,-0.46399
295,12.3568,0.585639,-0.0780655,0.806804,0.791529,0.163515,-0.456776
296,1.37597,-0.922423,0.376512,-0.0858764,0.765248,0.180919,-0.442058
297,7.68915,-0.959817,0.277088,-0.044425,0.744181,0.190381,-0.429908
298,10.4924,-0.910105,0.193701,0.366319,0.729848,0.194885,-0.421125
299,34.6219,0.185779,0.0208663,0.98237,0.699762,0.199429,-0.404276
300,40.5117,-0.215714,-0.0436351,0.975481,0.67717,0.198859,-0.391233
301,46.8734,-0.141397,-0.120139,0.982636,0.654838,0.194885,-0.378334
302,49.4965,0.181272,-0.108506,0.977429,0.640504,0.190381,-0.36955
303,42.0944,0.904696,0.322425,0.278508,0.612468,0.177061,-0.35385
304,48.402,0.864721,0.409426,0.290908,0.593157,0.163515,-0.342683
305,54.9048,0.813289,0.567347,0.129145,0.575542,0.147171,-0.332492
306,57.5464,0.620674,0.748417,-0.233743,0.56505,0.134865,-0.326062
307,38.9467,-0.688011,-0.575278,-0.442376,0.546577,0.107251,-0.315718
308,45.1743,-0.622173,-0.577577,-0.528494,0.53572,0.0843573,-0.30942
309,51.7308,-0.508349,-0.779104,-0.366849,0.527544,0.0600213,-0.304667
310,54.3434,-0.232224,-0.972474,-0.0191435,0.523704,0.0432113,-0.302313
311,51.8568,-0.278563,-0.882411,-0.379147,0.519744,0.00870199,-0.300095
312,52.3928,-0.454658,0.485338,-0.746815,0.519744,-0.00870199,-0.300095
313,37.3307,-0.444457,0.751125,-0.488128,0.523704,-0.0432113,-0.302313
314,39.8786,-0.56236,0.422887,-0.710576,0.527544,-0.0600213,-0.304667
315,24.8077,-0.615562,0.654268,-0.439336,0.539157,-0.0921786,-0.311171
316,27.3451,-0.649722,0.358395,-0.670384,0.546577,-0.107251,-0.315718
317,9.01855,0.754491,-0.579593,0.307922,0.56505,-0.134865,-0.326062
318,11.6851,0.713193,-0.268405,0.647545,0.575542,-0.147171,-0.332492
319,11.9437,0.605899,-0.0954212,0.789798,0.593157,-0.163515,-0.342683
320,11.9808,0.598649,-0.0652599,0.798349,0.612468,-0.177061,-0.35385
321,4.51642,-0.387696,0.261598,0.883888,0.640504,-0.190381,-0.36955
322,7.14212,-0.673458,0.186544,0.715301,0.654838,-0.194885,-0.378334
323,7.22729,-0.738672,0.0638186,0.671037,0.67717,-0.198859,-0.391233
324,0.535034,-0.400006,-0.0522519,0.915022,0.699762,-0.199429,-0.404276
325,37.2419,-0.962279,-0.144723,-0.230378,0.729848,-0.194885,-0.421125
326,40.0448,-0.787544,-0.133551,-0.601613,0.744181,-0.190381,-0.429908
327,33.7898,-0.759527,-0.176051,-0.626199,0.765248,-0.180919,-0.442058
328,22.7775,0.136751,-0.234648,0.962413,0.791529,-0.163515,-0.456776
329,25.7176,-0.23213,-0.528026,0.816887,0.803301,-0.152921,-0.46399
330,25.932,-0.315958,-0.682288,0.659282,0.819635,-0.134865,-0.473397
331,17.833,-0.580271,-0.8112,0.0723923,0.838108,-0.107251,-0.483742
332,17.5456,-0.35506,-0.89533,0.268917,0.848965,-0.0843573,-0.49004
333,25.6425,0.120374,-0.701798,0.702132,0.854643,-0.0682786,-0.49352
334,17.4388,0.377527,0.868658,0.320789,0.860981,-0.0432113,-0.497146
335,3.78473,0.445624,-0.315084,0.837938,0.864942,-0.00870199,-0.499364
336,30.0732,0.106141,-0.993475,0.0417419,0.822609,0.017404,-0.56539
337,30.3948,0.0330158,-0.95571,-0.292451,0.819321,0.0432113,-0.563166
338,4.94466,0.0670684,0.803747,0.591179,0.815677,0.0600213,-0.560518
339,22.1686,0.494184,0.134501,0.85889,0.804611,0.0921786,-0.553123
340,10.7919,-0.386795,0.824788,0.412448,0.797571,0.107251,-0.548008
341,4.78821,-0.278884,0.688889,0.66907,0.784868,0.128309,-0.53925
342,5.39043,0.147462,0.344446,0.927152,0.770011,0.147171,-0.529012
343,5.11951,-0.120343,0.403813,0.906892,0.753251,0.163515,-0.51747
344,12.9751,0.917493,-0.307268,0.252573,0.734874,0.177061,-0.504823
345,12.7666,0.891828,-0.173002,0.417987,0.715197,0.187579,-0.491286
346,12.518,0.789495,-0.0631553,0.610499,0.694557,0.194885,-0.47709
347,14.6498,-0.754578,0.064991,0.652984,0.665886,0.199429,-0.457933
348,17.1677,-0.636813,-0.0627709,0.768459,0.651806,0.199429,-0.447704
349,17.7132,-0.123872,-0.129317,0.983836,0.630428,0.196587,-0.433015
350,17.0781,-0.644066,-0.31356,0.697753,0.609535,0.190381,-0.418664
351,50.3559,0.85555,0.222995,0.467234,0.589486,0.180919,-0.404899
352,37.6437,0.778645,0.213765,0.589929,0.570624,0.168359,-0.391954
353,38.0421,0.83554,0.475564,0.275157,0.553272,0.152921,-0.38005
354,37.4376,0.658455,0.158325,0.735779,0.537726,0.134865,-0.369391
355,58.2744,0.039494,0.66774,-0.743346,0.524252,0.114501,-0.360159
356,58.0143,0.130518,0.830599,-0.541359,0.513081,0.0921786,-0.352513
357,58.4584,-0.234361,0.633419,-0.737465,0.504404,0.0682786,-0.346583
358,57.8512,0.0279561,0.953711,-0.299423,0.49837,0.0432113,-0.34247
359,54.9998,0.233107,-0.861871,0.450378,0.495082,0.017404,-0.340246
360,36.7244,-0.103903,0.993845,-0.0384231,0.495082,-0.017404,-0.340246
361,24.5068,-0.383727,0.886989,-0.256912,0.49837,-0.0432113,-0.34247
362,24.0543,-0.263255,0.946984,0.184168,0.504404,-0.0682786,-0.346583
363,2.45265,0.550944,-0.829833,0.0885305,0.513081,-0.0921786,-0.352513
364,2.02012,0.442315,-0.831172,-0.336913,0.524252,-0.114501,-0.360159
365,16.5565,0.316212,0.275466,0.907815,0.537726,-0.134865,-0.369391
366,15.981,0.663195,-0.124081,0.73809,0.553272,-0.152921,-0.38005
367,16.4201,0.3576,0.143953,0.922713,0.570624,-0.168359,-0.391954
368,3.68961,0.470017,0.0487832,0.881308,0.589486,-0.180919,-0.404899
369,11.9381,-0.959065,0.279476,0.0456945,0.609535,-0.190381,-0.418664
370,11.302,-0.752153,0.194148,0.62974,0.630428,-0.196587,-0.433015
371,30.5904,-0.968695,0.0616301,0.24048,0.651806,-0.199429,-0.447704
372,33.0896,-0.993669,-0.0577422,0.0963773,0.665886,-0.199429,-0.457933
373,38.3712,-0.295149,0.0566285,-0.953772,0.694557,-0.194885,-0.47709
374,38.1223,-0.511059,0.0178326,-0.859361,0.715197,-0.187579,-0.491286
375,15.8424,0.707444,0.0984128,0.699884,0.734874,-0.177061,-0.504823
376,23.5739,-0.467475,-0.52431,0.711734,0.753251,-0.163515,-0.51747
377,23.9079,-0.62638,-0.659604,0.415417,0.770011,-0.147171,-0.529012
378,17.745,-0.614898,-0.745876,0.256065,0.784868,-0.128309,-0.53925
379,18.0339,-0.649124,-0.758307,-0.0600683,0.797571,-0.107251,-0.548008
380,12.9166,0.202032,-0.562832,0.801501,0.804611,-0.0921786,-0.553123
381,36.4348,-0.256841,-0.946826,0.193785,0.815677,-0.0600213,-0.560518
382,23.4367,0.268023,0.961718,0.0571137,0.819321,-0.0432113,-0.563166
383,23.3148,0.253592,-0.840606,0.478616,0.823095,-0.00870199,-0.565688
384,30.3413,-0.0567751,-0.982743,-0.176049,0.775713,0.017404,-0.628188
385,36.1925,0.306369,-0.948175,0.0842777,0.77261,0.0432113,-0.625712
386,15.5683,0.440421,0.424336,0.791182,0.766917,0.0682786,-0.621139
387,21.7566,0.338593,0.478395,0.810243,0.758733,0.0921786,-0.614547
388,17.17,-0.288098,0.811023,0.509158,0.752117,0.107251,-0.608896
389,11.0026,-0.278312,0.707945,0.64912,0.74014,0.128309,-0.599168
390,1.06556,-0.854719,0.43605,-0.281632,0.720827,0.152921,-0.583942
391,7.7521,-0.857746,0.499965,0.11961,0.704462,0.168359,-0.570713
392,23.4554,0.907118,-0.395538,-0.143829,0.686674,0.180919,-0.556328
393,26.0986,0.868256,-0.312612,-0.385234,0.674447,0.187579,-0.545885
394,12.5995,0.875198,-0.0779826,0.477438,0.654984,0.194885,-0.530114
395,16.008,0.547321,0.00579614,0.836902,0.627904,0.199429,-0.508766
396,18.6147,0.739664,0.0107816,0.67289,0.61467,0.199429,-0.497463
397,14.0253,-0.97666,-0.169026,0.132533,0.587591,0.194885,-0.476115
398,16.4505,-0.926912,-0.295811,0.230933,0.574808,0.190381,-0.465198
399,20.4594,-0.889262,-0.407916,0.206925,0.549574,0.177061,-0.445305
400,23.0933,-0.664131,-0.555758,0.500064,0.538113,0.168359,-0.435516
401,34.4088,0.168547,-0.37837,0.91018,0.516444,0.147171,-0.418434
402,36.818,0.363301,-0.298059,0.882708,0.507086,0.134865,-0.410442
403,40.8687,0.364037,-0.36598,0.856467,0.490458,0.107251,-0.397333
404,43.1539,0.47001,-0.295815,0.831615,0.483842,0.0921786,-0.391682
405,61.4593,0.424427,0.904449,0.0428284,0.47339,0.0600213,-0.383442
406,63.6769,0.285611,0.95676,0.0550981,0.469964,0.0432113,-0.380516
407,61.4231,0.25725,0.939312,0.226969,0.466399,0.00870199,-0.377706
408,14.6623,-0.557576,0.512457,-0.653067,0.466399,-0.00870199,-0.377706
409,9.2809,0.586078,-0.591813,0.553417,0.469964,-0.0432113,-0.380516
410,11.5193,0.659878,-0.493271,0.566784,0.47339,-0.0600213,-0.383442
411,-4.79994,-0.0488971,-0.750369,-0.659208,0.483842,-0.0921786,-0.391682
412,-2.55948,0.0821357,-0.727858,-0.680792,0.490458,-0.107251,-0.397333
413,17.2666,-0.168624,0.665081,0.727484,0.507086,-0.134865,-0.410442
414,19.6673,-0.387975,0.631925,0.67093,0.516444,-0.147171,-0.418434
415,-3.49404,0.899656,-0.399745,0.175566,0.538113,-0.168359,-0.435516
416,-0.869224,0.856921,-0.185159,0.481043,0.549574,-0.177061,-0.445305
417,37.6364,-0.89531,0.150672,-0.419186,0.574808,-0.190381,-0.465198
418,40.043,-0.863216,0.0733968,-0.49947,0.587591,-0.194885,-0.476115
419,44.8391,-0.210226,-0.0288728,-0.977226,0.61467,-0.199429,-0.497463
420,47.4486,0.0446185,0.0428528,-0.998085,0.627904,-0.199429,-0.508766
421,38.3088,-0.425493,0.0448786,-0.903848,0.654984,-0.194885,-0.530114
422,9.03509,0.960729,0.220976,0.167839,0.674447,-0.187579,-0.545885
423,11.6466,0.898895,0.235504,0.369493,0.686674,-0.180919,-0.556328
424,33.5569,-0.887945,-0.336494,-0.313568,0.704462,-0.168359,-0.570713
425,18.1142,-0.812717,-0.581346,0.0390721,0.726131,-0.147171,-0.587796
426,24.0614,-0.61078,-0.742198,0.275846,0.74014,-0.128309,-0.599168
427,24.2617,-0.629438,-0.776096,0.0385043,0.752117,-0.107251,-0.608896
428,13.298,0.000155647,-0.782348,0.622842,0.758733,-0.0921786,-0.614547
429,13.276,0.0994136,-0.814094,0.572161,0.766917,-0.0682786,-0.621139
430,30.3027,0.544349,0.697,0.466771,0.77261,-0.0432113,-0.625712
431,25.2319,0.544046,-0.407825,0.733275,0.775713,-0.017404,-0.628188
432,36.5377,-0.0114685,-0.994041,-0.108398,0.724035,0.017404,-0.687113
433,42.2071,0.465222,-0.847627,0.255141,0.721135,0.0432113,-0.684401
434,15.9216,0.648394,0.105192,0.754002,0.715819,0.0682786,-0.679396
435,23.1559,-0.376492,0.894281,0.241898,0.71111,0.0843573,-0.674687
436,15.4013,0.301918,0.495793,0.81427,0.69834,0.114501,-0.662883
437,21.5786,0.166974,0.512565,0.842257,0.686476,0.134865,-0.651657
438,-3.69084,-0.55159,-0.134873,-0.823139,0.677775,0.147171,-0.642956
439,-6.18054,-0.508311,-0.136363,-0.850309,0.657513,0.168359,-0.624226
440,-6.47494,-0.234142,-0.231488,-0.944241,0.640908,0.180919,-0.608488
441,-3.73435,-0.506555,-0.071767,-0.859215,0.629538,0.187579,-0.597118
442,23.0028,0.973481,-0.115627,0.197394,0.604869,0.196587,-0.574314
443,23.334,0.990342,-0.0534332,-0.127934,0.586051,0.199429,-0.556462
444,29.2304,0.963236,0.034552,0.266424,0.567128,0.198859,-0.538505
445,29.4988,0.989663,0.141706,0.0220578,0.548424,0.194885,-0.52075
446,32.1555,0.906988,0.29542,-0.300165,0.536538,0.190381,-0.508863
447,19.8411,-0.923686,-0.232806,-0.304312,0.512941,0.177061,-0.487051
448,26.004,-0.869033,-0.227269,-0.439467,0.49677,0.163515,-0.471684
449,32.5712,-0.874816,-0.421422,-0.238959,0.482022,0.147171,-0.457664
450,35.5101,-0.576753,-0.744231,0.336862,0.47332,0.134865,-0.448962
451,40.7654,0.359219,-0.441073,0.822445,0.457772,0.107251,-0.43459
452,42.9551,0.41854,-0.457132,0.784764,0.451619,0.0921786,-0.428436
453,41.0094,0.565529,-0.307299,0.76534,0.441846,0.0600213,-0.419402
454,43.4508,0.674555,-0.027113,0.737726,0.438661,0.0432113,-0.416217
455,61.1475,0.433409,0.812202,0.390493,0.435327,0.00870199,-0.413135
456,18.0898,0.669146,-0.250214,0.69974,0.435327,-0.00870199,-0.413135
457,-5.10083,-0.438575,-0.615554,-0.654787,0.438661,-0.0432113,-0.416217
458,-2.65334,-0.177107,-0.790392,-0.586442,0.441846,-0.0600213,-0.419402
459,23.7655,-0.117882,0.859814,0.496813,0.451619,-0.0921786,-0.428436
460,25.9391,-0.203685,0.799131,0.565599,0.457772,-0.107251,-0.43459
461,24.9007,-0.830566,0.487705,-0.268893,0.47332,-0.134865,-0.448962
462,27.8549,-0.654556,-0.0282221,-0.755487,0.482022,-0.147171,-0.457664
463,28.1435,-0.452901,-0.174472,-0.874323,0.49677,-0.163515,-0.471684
464,28.0186,-0.548489,-0.0800678,-0.832315,0.512941,-0.177061,-0.487051
465,31.389,-0.914268,0.140428,-0.379991,0.536538,-0.190381,-0.508863
466,46.5457,-0.788359,0.0322319,-0.614371,0.548424,-0.194885,-0.52075
467,40.5303,-0.610301,-0.00587712,-0.792148,0.567128,-0.198859,-0.538505
468,40.1223,-0.879502,-0.0212099,-0.475423,0.586051,-0.199429,-0.556462
469,34.2019,-0.662696,0.00432391,-0.748876,0.604869,-0.196587,-0.574314
470,31.052,-0.96961,-0.214884,-0.116969,0.629538,-0.187579,-0.597118
471,33.8042,-0.879826,-0.170187,-0.443782,0.640908,-0.180919,-0.608488
472,27.2498,-0.911358,-0.346924,-0.221519,0.657513,-0.168359,-0.624226
473,24.9031,-0.869601,-0.357596,-0.340469,0.677775,-0.147171,-0.642956
474,26.2257,-0.384012,-0.744712,0.545838,0.686476,-0.134865,-0.651657
475,19.7659,-0.171681,-0.788804,0.590181,0.69834,-0.114501,-0.662883
476,24.5052,-0.656854,-0.732501,-0.178842,0.71111,-0.0843573,-0.674687
477,19.2007,0.381879,-0.592586,0.709232,0.715819,-0.0682786,-0.679396
478,36.8568,0.660311,0.486864,0.571798,0.721135,-0.0432113,-0.684401
479,25.2412,0.596889,-0.416241,0.685905,0.724035,-0.017404,-0.687113
480,43.0293,-0.171714,-0.954473,-0.243917,0.667893,0.017404,-0.741801
481,44.0105,0.735036,-0.337277,0.588189,0.666418,0.0346586,-0.740074
482,16.0597,0.739919,-0.0254336,0.672215,0.660308,0.0682786,-0.733465
483,29.4285,-0.363841,0.893504,0.263193,0.655982,0.0843573,-0.728401
484,9.43681,0.578438,0.261647,0.772626,0.644178,0.114501,-0.715631
485,23.1042,-0.532433,0.746635,0.398812,0.637297,0.128309,-0.707574
486,17.3477,-0.173194,0.604345,0.77767,0.62524,0.147171,-0.694151
487,0.0776498,-0.555107,-0.149782,-0.818182,0.60651,0.168359,-0.673889
488,2.6928,-0.676546,-0.0398329,-0.735322,0.596721,0.177061,-0.662428
489,-10.8963,0.243308,-0.287179,-0.926461,0.580748,0.187579,-0.644671
490,-3.16279,-0.920523,0.0681549,-0.384698,0.563992,0.194885,-0.62605
491,22.0113,0.441073,0.0235888,0.897161,0.540585,0.199429,-0.600728
492,24.7958,0.77569,0.00414012,0.631101,0.529282,0.199429,-0.587494
493,24.9942,0.886971,0.0527892,0.458799,0.511923,0.196587,-0.568221
494,24.9124,0.849598,0.0653394,0.523368,0.494958,0.190381,-0.549391
495,32.8005,0.406937,0.42869,-0.806615,0.478677,0.180919,-0.531325
496,15.5689,-0.871773,-0.170118,-0.459425,0.463358,0.168359,-0.514334
497,15.1065,-0.656431,0.0915325,-0.748812,0.449264,0.152921,-0.498708
498,18.5917,-0.247716,0.502328,-0.828434,0.43257,0.128309,-0.480648
499,18.6059,-0.297897,0.552976,-0.778123,0.422264,0.107251,-0.469166
500,20.787,-0.360102,0.585919,-0.725965,0.416612,0.0921786,-0.46255
501,46.7433,0.30003,-0.729725,0.614397,0.407578,0.0600213,-0.452776
502,53.144,0.43692,-0.680609,0.588109,0.403449,0.0346586,-0.448148
503,55.6046,0.646292,-0.422988,0.635129,0.401974,0.017404,-0.44642
504,23.6806,0.236528,0.92382,0.301016,0.401974,-0.017404,-0.44642
505,26.143,-0.0905243,0.979236,0.181391,0.403449,-0.0346586,-0.448148
506,26.2736,-0.268321,0.944732,0.188374,0.407578,-0.0600213,-0.452776
507,23.9743,-0.240339,0.894155,0.377789,0.416612,-0.0921786,-0.46255
508,32.4051,-0.303358,0.827677,0.472148,0.422264,-0.107251,-0.469166
509,19.7986,-0.334029,0.743848,0.578891,0.43257,-0.128309,-0.480648
510,26.4869,-0.0640144,-0.513372,-0.855775,0.449264,-0.152921,-0.498708
511,32.292,-0.435515,-0.229685,-0.870386,0.463358,-0.168359,-0.514334
512,30.778,-0.884543,0.389422,0.256777,0.478677,-0.180919,-0.531325
513,36.753,-0.775673,0.315222,0.546778,0.494958,-0.190381,-0.549391
514,36.7003,-0.773983,0.192765,0.603152,0.511923,-0.196587,-0.568221
515,36.9158,-0.904491,0.0606416,0.42216,0.529282,-0.199429,-0.587494
516,39.6985,-0.998975,-0.0448106,0.0064075,0.540585,-0.199429,-0.600728
517,30.5269,-0.855032,-0.186292,0.483959,0.563992,-0.194885,-0.62605
518,38.2028,-0.640411,0.0435956,-0.766794,0.580748,-0.187579,-0.644671
519,24.6044,-0.93575,-0.343086,0.0816375,0.596721,-0.177061,-0.662428
520,27.2197,-0.924969,-0.359856,-0.122217,0.60651,-0.168359,-0.673889
521,30.5304,-0.72686,-0.621432,0.292399,0.62524,-0.147171,-0.694151
522,37.2722,-0.839706,-0.52038,-0.155239,0.637297,-0.128309,-0.707574
523,25.7416,0.127956,-0.672054,0.729364,0.644178,-0.114501,-0.715631
524,30.8498,-0.693733,-0.699394,-0.171995,0.655982,-0.0843573,-0.728401
525,25.3305,0.527422,-0.472761,0.70592,0.660308,-0.0682786,-0.733465
526,47.6314,0.69755,-0.180071,0.69354,0.666418,-0.0346586,-0.740074
527,31.2902,0.711589,-0.194477,0.675144,0.667893,-0.017404,-0.741801
528,48.9964,0.0562505,-0.997663,-0.0387935,0.607633,0.017404,-0.791917
529,50.4342,0.749277,-0.46298,0.473534,0.606298,0.0346586,-0.790079
530,15.94,0.763476,0.0878818,0.639829,0.600725,0.0682786,-0.783011
531,35.9597,-0.145526,0.88567,0.44092,0.59681,0.0843573,-0.777623
532,8.95273,0.297198,0.598972,0.743577,0.586044,0.114501,-0.763966
533,22.7319,-0.731004,0.662613,0.163023,0.579817,0.128309,-0.755395
534,28.1036,0.455049,0.32431,0.829309,0.564592,0.152921,-0.736081
535,-0.41774,-0.207161,-0.38624,-0.898834,0.551767,0.168359,-0.719398
536,2.23481,-0.381002,-0.230626,-0.895348,0.542908,0.177061,-0.707204
537,-0.473951,-0.0859849,-0.239864,-0.966991,0.523015,0.190381,-0.681969
538,7.06501,-0.960785,0.0767552,-0.26646,0.507579,0.196587,-0.661867
539,13.7374,-0.992488,0.0461669,0.1133,0.491786,0.199429,-0.64129
540,34.9935,0.806913,0.00234316,0.590666,0.475905,0.198859,-0.620594
541,28.6726,0.776659,-0.00275946,0.629915,0.460208,0.194885,-0.600131
542,35.3804,0.951127,0.124635,0.28253,0.444964,0.187579,-0.580252
543,36.9623,0.208904,0.408295,-0.888625,0.430434,0.177061,-0.561296
544,19.6495,-0.914126,-0.190485,-0.357895,0.416866,0.163515,-0.54359
545,22.3593,-0.873276,-0.486892,0.0180391,0.40875,0.152921,-0.53242
546,18.6547,-0.363426,0.46613,-0.806625,0.393525,0.128309,-0.513106
547,24.5912,-0.113575,0.710959,-0.694001,0.384151,0.107251,-0.50085
548,27.0402,-0.394108,0.606021,-0.690954,0.379036,0.0921786,-0.49381
549,18.2527,-0.182096,0.84228,-0.507351,0.370796,0.0600213,-0.483358
550,25.1512,-0.638272,0.457639,-0.619011,0.367044,0.0346586,-0.47842
551,27.3347,-0.695762,0.418996,-0.583402,0.365709,0.017404,-0.476582
552,23.6294,0.297064,0.903321,0.309459,0.365709,-0.017404,-0.476582
553,32.1078,0.175392,0.912616,0.369282,0.367044,-0.0346586,-0.47842
554,32.7586,-0.401887,0.912423,0.0772722,0.370796,-0.0600213,-0.483358
555,39.7487,0.262976,-0.89693,-0.355473,0.379036,-0.0921786,-0.49381
556,42.2056,0.546,-0.799764,-0.249523,0.384151,-0.107251,-0.50085
557,35.5399,0.315305,-0.747145,-0.585113,0.393525,-0.128309,-0.513106
558,31.8046,-0.817399,0.0484915,-0.574028,0.40875,-0.152921,-0.53242
559,34.5046,-0.525055,-0.215049,-0.82345,0.416866,-0.163515,-0.54359
560,26.6097,-0.78734,0.416721,0.454356,0.430434,-0.177061,-0.561296
561,32.55,-0.576892,0.321587,0.750851,0.444964,-0.187579,-0.580252
562,39.2993,-0.884648,0.176497,0.431564,0.460208,-0.194885,-0.600131
563,39.2914,-0.88508,0.0597532,0.461587,0.475905,-0.198859,-0.620594
564,32.4692,-0.511706,-0.0649467,0.856703,0.491786,-0.199429,-0.64129
565,26.6104,-0.803294,-0.187385,0.565337,0.507579,-0.196587,-0.661867
566,40.3493,-0.85161,-0.0396653,-0.522673,0.523015,-0.190381,-0.681969
567,25.0759,-0.942584,-0.17864,-0.282176,0.542908,-0.177061,-0.707204
568,27.6614,-0.891942,-0.144193,-0.428543,0.551767,-0.168359,-0.719398
569,32.3108,-0.183385,-0.623449,0.760054,0.564592,-0.152921,-0.736081
570,43.9856,-0.875667,-0.246518,-0.415254,0.579817,-0.128309,-0.755395
571,32.495,-0.214561,-0.821057,0.528988,0.586044,-0.114501,-0.763966
572,30.6358,-0.595392,-0.802706,0.0342329,0.59681,-0.0843573,-0.777623
573,31.7105,0.523916,-0.549829,0.650539,0.600725,-0.0682786,-0.783011
574,47.4977,0.778142,-0.0499687,0.626098,0.606298,-0.0346586,-0.790079
575,31.5916,0.670783,-0.476288,0.568506,0.607633,-0.017404,-0.791917
576,50.5679,0.695847,-0.583268,0.419042,0.543962,0.00870199,-0.837612
577,48.7453,0.327905,-0.944687,-0.00672142,0.54144,0.0432113,-0.833838
578,21.4286,0.386565,0.734378,0.557903,0.537439,0.0682786,-0.827729
579,40.7897,0.681592,0.331914,0.652124,0.531692,0.0921786,-0.818931
580,10.4484,-0.478865,0.812506,0.332451,0.527146,0.107251,-0.811511
581,4.20403,-0.502418,0.741118,0.445332,0.518762,0.128309,-0.798558
582,34.722,0.743904,0.117359,0.657901,0.505099,0.152921,-0.77811
583,37.6155,0.923829,-0.14658,0.353631,0.497884,0.163515,-0.766337
584,-5.01634,0.451978,-0.44193,-0.774863,0.485747,0.177061,-0.74762
585,-0.266502,-0.358045,-0.190586,-0.914046,0.467895,0.190381,-0.720903
586,2.35422,-0.54573,-0.0777496,-0.834347,0.459112,0.194885,-0.706569
587,-0.10821,-0.466691,-0.0312173,-0.883869,0.439954,0.199429,-0.677898
588,2.32156,-0.533323,0.0266934,-0.845491,0.430861,0.199429,-0.663059
589,30.9064,0.774681,-0.018944,0.632068,0.416731,0.196587,-0.641308
590,21.332,-0.076062,-0.284271,0.955722,0.398066,0.187579,-0.613374
591,21.3831,-0.0141977,-0.382953,0.923659,0.385068,0.177061,-0.593338
592,23.9052,0.268642,-0.389937,0.880784,0.377194,0.168359,-0.580487
593,15.084,-0.753362,0.106214,-0.648972,0.365718,0.152921,-0.562848
594,20.318,-0.759904,-0.630803,0.156954,0.352054,0.128309,-0.5424
595,22.778,-0.540575,-0.79446,0.276789,0.346519,0.114501,-0.533366
596,19.7094,0.420022,0.875666,-0.238308,0.339124,0.0921786,-0.522027
597,27.504,-0.753288,0.253652,-0.606809,0.333378,0.0682786,-0.513228
598,25.3838,-0.777941,0.245324,-0.578466,0.328376,0.0346586,-0.505744
599,27.7338,-0.82973,0.0341185,-0.557122,0.327189,0.017404,-0.503807
600,32.7001,-0.566896,-0.700223,-0.433954,0.327189,-0.017404,-0.503807
601,35.0605,-0.352929,-0.828926,-0.433961,0.328376,-0.0346586,-0.505744
602,32.9995,-0.230882,-0.83718,-0.495805,0.333378,-0.0682786,-0.513228
603,40.8402,0.848703,-0.424408,0.315565,0.339124,-0.0921786,-0.522027
604,37.7654,-0.88514,0.337179,-0.320682,0.346519,-0.114501,-0.533366
605,40.1708,-0.886905,0.146714,-0.438035,0.352054,-0.128309,-0.5424
606,32.777,-0.190785,-0.516186,-0.834957,0.365718,-0.152921,-0.562848
607,56.641,-0.940553,0.194673,-0.278322,0.377194,-0.168359,-0.580487
608,59.1498,-0.878242,0.045451,-0.476051,0.385068,-0.177061,-0.593338
609,52.9175,-0.863709,0.0207748,-0.503563,0.398066,-0.187579,-0.613374
610,43.378,-0.900871,0.166023,0.401083,0.416731,-0.196587,-0.641308
611,31.353,-0.991555,0.0292597,-0.126346,0.430861,-0.199429,-0.663059
612,33.7721,-0.981107,-0.0253067,-0.191802,0.439954,-0.199429,-0.677898
613,31.3386,-0.986351,-0.0858278,-0.140515,0.459112,-0.194885,-0.706569
614,46.4147,-0.959611,-0.107678,-0.259907,0.467895,-0.190381,-0.720903
615,32.2377,-0.521294,0.197742,-0.830151,0.485747,-0.177061,-0.74762
616,38.401,-0.621669,0.191337,-0.759551,0.497884,-0.163515,-0.766337
617,38.1942,0.245445,-0.490475,0.836176,0.505099,-0.152921,-0.77811
618,37.2451,-0.844912,-0.534905,-0.000851435,0.518762,-0.128309,-0.798558
619,43.5761,-0.82259,-0.559742,-0.100175,0.527146,-0.107251,-0.811511
620,25.8105,0.237792,-0.757596,0.607868,0.531692,-0.0921786,-0.818931
621,38.7742,-0.0345232,-0.933217,0.35765,0.537439,-0.0682786,-0.827729
622,49.1825,0.677218,0.675812,0.290954,0.54144,-0.0432113,-0.833838
623,36.2998,0.0886598,-0.986607,0.13692,0.543962,-0.00870199,-0.837612
624,55.2386,0.085136,-0.996002,-0.027046,0.476269,0.017404,-0.877223
625,48.7441,0.327366,-0.944361,-0.0318422,0.474349,0.0432113,-0.873748
626,17.2353,0.0915746,0.909759,0.40491,0.472304,0.0600213,-0.869735
627,47.1491,0.768381,0.267512,0.581402,0.465801,0.0921786,-0.858122
628,16.6116,-0.543136,0.78542,0.296848,0.46185,0.107251,-0.850369
629,10.331,-0.585504,0.712137,0.387358,0.454509,0.128309,-0.836798
630,40.4187,0.374764,0.456994,0.806665,0.442492,0.152921,-0.815341
631,41.6762,0.96124,-0.259145,0.0941303,0.432436,0.168359,-0.796856
632,5.26356,0.263142,-0.434423,-0.861413,0.421506,0.180919,-0.776758
633,12.2746,-0.405967,-0.197082,-0.892384,0.409892,0.190381,-0.755391
634,14.977,-0.652889,-0.0675246,-0.754438,0.40226,0.194885,-0.740413
635,5.87436,-0.260551,-0.0468644,-0.964322,0.385411,0.199429,-0.710326
636,8.24967,-0.282302,0.0458182,-0.958231,0.37751,0.199429,-0.694819
637,-0.593954,-0.0618941,0.164965,-0.984356,0.360661,0.194885,-0.664734
638,5.48923,0.133549,0.301899,-0.943939,0.348715,0.187579,-0.642716
639,11.968,-0.0677411,0.38079,-0.922177,0.337329,0.177061,-0.62172
640,14.5336,-0.384412,0.368286,-0.846518,0.330486,0.168359,-0.608292
641,19.5197,-0.929515,-0.136167,-0.342724,0.317004,0.147171,-0.584217
642,20.196,-0.807407,-0.576254,0.126592,0.308413,0.128309,-0.56835
643,22.4156,-0.750626,-0.655695,0.081397,0.303604,0.114501,-0.55891
644,22.9694,-0.302145,-0.892506,0.334874,0.297122,0.0921786,-0.547025
645,19.4738,0.51893,0.853818,-0.0413095,0.292082,0.0682786,-0.537802
646,24.9058,-0.586077,0.654708,-0.47736,0.287684,0.0346586,-0.529949
647,24.8823,-0.612429,0.685113,-0.394399,0.286355,0.00870199,-0.527438
648,35.546,-0.0343636,-0.994985,-0.0939344,0.286355,-0.00870199,-0.527438
649,29.2414,0.00779977,-0.975928,-0.217953,0.287684,-0.0346586,-0.529949
650,41.0026,0.875278,-0.313379,0.368352,0.292082,-0.0682786,-0.537802
651,37.8792,-0.896653,0.275567,-0.346519,0.297122,-0.0921786,-0.547025
652,44.1942,-0.913313,0.223277,-0.340598,0.303604,-0.114501,-0.55891
653,46.4188,-0.923115,0.172576,-0.343621,0.308413,-0.128309,-0.56835
654,34.61,-0.578669,-0.324687,-0.748145,0.317004,-0.147171,-0.584217
655,38.0123,-0.919784,0.0759037,-0.385015,0.330486,-0.168359,-0.608292
656,40.5899,-0.775912,-0.0822184,-0.62546,0.337329,-0.177061,-0.62172
657,40.8052,-0.631565,-0.122083,-0.765651,0.348715,-0.187579,-0.642716
658,34.2936,-0.792007,-0.0288813,-0.609829,0.360661,-0.194885,-0.664734
659,31.7646,-0.896451,0.00337237,-0.44313,0.37751,-0.199429,-0.694819
660,40.3454,-0.919423,-0.00696763,-0.393209,0.385411,-0.199429,-0.710326
661,31.3031,-0.995371,-0.0919857,-0.0278285,0.40226,-0.194885,-0.740413
662,52.6865,-0.978612,-0.111118,-0.17312,0.409892,-0.190381,-0.755391
663,34.549,-0.669264,0.151812,-0.72735,0.421506,-0.180919,-0.776758
664,28.0513,-0.813756,0.0706805,-0.576893,0.432436,-0.168359,-0.796856
665,45.0089,-0.185732,-0.646371,0.740073,0.442492,-0.152921,-0.815341
666,37.4503,-0.905012,-0.415963,-0.0890431,0.454509,-0.128309,-0.836798
667,43.7351,-0.878689,-0.455246,-0.143725,0.46185,-0.107251,-0.850369
668,31.9851,0.375481,-0.701064,0.606237,0.465801,-0.0921786,-0.858122
669,49.2514,-0.35314,-0.921699,0.160508,0.472304,-0.0600213,-0.869735
670,49.1709,0.691806,0.683939,0.231583,0.474349,-0.0432113,-0.873748
671,37.9111,0.734832,-0.507803,0.44962,0.476269,-0.017404,-0.877223
672,48.9184,0.116251,-0.993055,-0.018091,0.405975,0.017404,-0.911886
673,44.1335,0.845223,-0.447808,0.291661,0.405106,0.0346586,-0.909787
674,28.1014,0.733701,0.452198,0.507149,0.401338,0.0682786,-0.901613
675,53.0441,0.581913,0.571652,0.578438,0.397038,0.0921786,-0.892023
676,22.7974,-0.591683,0.755098,0.28238,0.393708,0.107251,-0.883983
677,16.6874,-0.495379,0.727944,0.474021,0.387454,0.128309,-0.869879
678,40.2161,0.255748,0.543325,0.799619,0.377158,0.152921,-0.847545
679,41.9691,0.891165,-0.390121,-0.231583,0.368582,0.168359,-0.828328
680,0.808077,0.702233,-0.406944,-0.584179,0.362814,0.177061,-0.814403
681,3.87407,0.989805,-0.114724,0.084408,0.349361,0.190381,-0.785223
682,10.0016,0.971384,-0.038592,0.234356,0.339045,0.196587,-0.762071
683,11.8879,-0.0724329,-0.0573585,-0.995723,0.328492,0.199429,-0.738376
684,14.595,-0.41387,0.0428235,-0.909328,0.321832,0.199429,-0.722297
685,12.0948,-0.258337,0.150974,-0.954185,0.307395,0.194885,-0.690983
686,14.8946,-0.690375,0.121799,-0.713125,0.300962,0.190381,-0.675451
687,1.00189,0.491104,0.438799,-0.75251,0.29106,0.180919,-0.653239
688,1.23868,0.238686,0.551999,-0.798953,0.281742,0.168359,-0.632346
689,14.9238,-0.761923,0.208707,-0.613119,0.273166,0.152921,-0.61313
690,18.6562,-0.542888,0.465213,-0.699178,0.262871,0.128309,-0.590796
691,20.7888,-0.530527,0.547511,-0.647126,0.258816,0.114501,-0.581008
692,33.777,0.0896548,-0.857472,0.506659,0.251535,0.0843573,-0.565214
693,36.2902,0.451368,-0.747555,0.487266,0.248987,0.0682786,-0.559061
694,17.0186,0.687265,0.708158,0.161797,0.245218,0.0346586,-0.550886
695,16.77,0.785914,0.526421,0.324377,0.244089,0.00870199,-0.54828
696,43.6587,0.888057,0.181305,0.422473,0.244089,-0.00870199,-0.54828
697,43.3871,0.91181,-0.0894426,0.400752,0.245218,-0.0346586,-0.550886
698,31.7292,-0.917354,0.175013,-0.357537,0.248987,-0.0682786,-0.559061
699,31.6151,-0.922869,0.259274,-0.284764,0.253287,-0.0921786,-0.568651
700,44.0569,-0.925677,0.330798,-0.183562,0.258816,-0.114501,-0.581008
701,46.2512,-0.943982,0.292295,-0.15317,0.262871,-0.128309,-0.590796
702,37.6491,-0.945811,0.323293,-0.0303792,0.273166,-0.152921,-0.61313
703,44.9922,-0.584727,-0.295167,-0.755626,0.281742,-0.168359,-0.632346
704,38.9995,-0.305345,-0.33625,-0.890898,0.29106,-0.180919,-0.653239
705,37.6596,-0.989511,0.144052,0.010849,0.300962,-0.190381,-0.675451
706,40.4511,-0.898554,-0.00444914,-0.43884,0.307395,-0.194885,-0.690983
707,37.9727,-0.953628,0.00827223,-0.300873,0.321832,-0.199429,-0.722297
708,40.5388,-0.868535,0.00567191,-0.495596,0.328492,-0.199429,-0.738376
709,33.1893,-0.841368,-0.163263,0.515213,0.339045,-0.196587,-0.762071
710,42.2588,0.581086,0.314223,-0.750735,0.349361,-0.190381,-0.785223
711,38.9975,-0.232663,0.357348,-0.904528,0.362814,-0.177061,-0.814403
712,27.7101,-0.961296,-0.117904,-0.249015,0.368582,-0.168359,-0.828328
713,51.4699,-0.293645,-0.659435,0.692039,0.377158,-0.152921,-0.847545
714,31.1488,-0.90408,-0.42734,-0.00444278,0.387454,-0.128309,-0.869879
715,43.8703,-0.919942,-0.357277,-0.161429,0.393708,-0.107251,-0.883983
716,32.3382,0.110507,-0.851326,0.512866,0.397038,-0.0921786,-0.892023
717,44.6583,0.376719,-0.797346,0.471511,0.401338,-0.0682786,-0.901613
718,60.0614,0.903158,-0.0472958,0.426695,0.405106,-0.0346586,-0.909787
719,44.2236,0.753286,-0.532717,0.38571,0.405975,-0.017404,-0.911886
720,43.9515,0.905222,-0.286356,0.313964,0.333396,0.00870199,-0.941455
721,48.7495,0.313514,-0.945799,-0.0846963,0.331825,0.0432113,-0.937196
722,21.7524,0.73366,0.505947,0.453608,0.32936,0.0682786,-0.930322
723,54.8792,0.0643122,0.873498,0.482561,0.327302,0.0843573,-0.923987
724,29.478,-0.224979,0.831177,0.508457,0.323137,0.107251,-0.912148
725,23.0087,-0.423879,0.734618,0.529777,0.31801,0.128309,-0.897596
726,17.3646,0.153888,0.599783,0.785226,0.312006,0.147171,-0.88058
727,36.1564,0.0794042,0.516523,0.852583,0.305231,0.163515,-0.861392
728,37.5426,0.981406,-0.0888779,0.170124,0.297798,0.177061,-0.840359
729,1.28124,0.253444,-0.320645,-0.912662,0.289836,0.187579,-0.817841
730,-0.261721,0.971196,-0.0226134,0.237206,0.281482,0.194885,-0.794225
731,-0.590165,0.85009,0.0131076,0.526474,0.272876,0.198859,-0.769912
732,7.5522,0.251494,0.0651779,-0.965662,0.26417,0.199429,-0.745321
733,15.1279,-0.868385,0.0325812,-0.494819,0.255507,0.196587,-0.720873
734,7.3504,0.40045,0.320604,-0.858401,0.247039,0.190381,-0.696983
735,14.9295,-0.780438,0.14798,-0.607469,0.238911,0.180919,-0.674061
736,4.05923,0.967185,0.250493,-0.0424954,0.228485,0.163515,-0.645804
737,6.65452,0.823279,0.488333,-0.289383,0.224219,0.152921,-0.632672
738,18.6355,-0.580208,0.477369,-0.659908,0.215707,0.128309,-0.609599
739,20.8174,-0.601196,0.529446,-0.59854,0.212433,0.114501,-0.599523
740,21.3304,-0.89928,0.15034,-0.410723,0.207889,0.0921786,-0.586771
741,28.8329,-0.557348,-0.825095,0.0926361,0.204355,0.0682786,-0.576873
742,40.6301,0.664539,-0.642623,0.381345,0.20124,0.0346586,-0.568428
743,42.9021,0.775631,-0.541717,0.323943,0.200538,0.017404,-0.566267
744,25.4266,-0.921863,0.210417,-0.325412,0.200538,-0.017404,-0.566267
745,27.6966,-0.940614,0.0723205,-0.331685,0.20124,-0.0346586,-0.568428
746,25.4694,-0.943819,0.153175,-0.292821,0.204355,-0.0682786,-0.576873
747,37.53,-0.834275,0.551045,-0.0183174,0.207889,-0.0921786,-0.586771
748,38.0868,-0.952298,0.0797072,-0.294576,0.212433,-0.114501,-0.599523
749,40.243,-0.959223,0.0931269,-0.266868,0.215707,-0.128309,-0.609599
750,33.3484,0.164676,-0.656283,-0.736325,0.224219,-0.152921,-0.632672
751,35.9417,0.522161,-0.53666,-0.66283,0.228485,-0.163515,-0.645804
752,37.6396,-0.972643,0.211088,0.0969967,0.238911,-0.180919,-0.674061
753,45.1554,-0.464652,-0.218786,-0.858039,0.247039,-0.190381,-0.696983
754,37.4609,-0.952149,0.118247,0.281834,0.255507,-0.196587,-0.720873
755,44.7804,-0.731083,-0.0253787,-0.681816,0.26417,-0.199429,-0.745321
756,31.1218,-0.94579,-0.0413194,0.322139,0.272876,-0.198859,-0.769912
757,40.3162,0.847871,0.153212,-0.507583,0.281482,-0.194885,-0.794225
758,38.5035,-0.711599,0.136005,-0.689297,0.289836,-0.187579,-0.817841
759,25.7538,-0.82557,0.114798,-0.5525,0.297798,-0.177061,-0.840359
760,49.2208,-0.4472,-0.547332,0.707418,0.305231,-0.163515,-0.861392
761,49.4358,-0.603251,-0.608114,0.516028,0.312006,-0.147171,-0.88058
762,37.4378,-0.903613,-0.423772,0.062453,0.31801,-0.128309,-0.897596
763,49.7691,-0.775841,-0.612863,0.149895,0.323137,-0.107251,-0.912148
764,43.0484,-0.430976,-0.854536,0.289877,0.327302,-0.0843573,-0.923987
765,50.9723,0.386168,-0.812706,0.43633,0.32936,-0.0682786,-0.930322
766,55.4377,0.709479,0.695373,0.114436,0.331825,-0.0432113,-0.937196
767,49.1896,-0.183796,-0.982964,0.000781633,0.333396,-0.00870199,-0.941455
768,44.1607,0.853023,-0.478629,0.208007,0.258503,0.00870199,-0.96471
769,54.9598,0.371686,-0.924362,-0.0860496,0.257271,0.0432113,-0.960341
770,23.045,-0.269267,0.92959,0.251711,0.256219,0.0600213,-0.955961
771,65.7852,0.777827,0.442747,0.446049,0.252606,0.0921786,-0.943151
772,35.2694,-0.614214,0.718885,0.325493,0.250575,0.107251,-0.934689
773,29.4127,-0.269552,0.748709,0.605621,0.246605,0.128309,-0.91978
774,21.2691,0.287493,0.577133,0.764372,0.239929,0.152921,-0.89611
775,39.8011,-0.0489783,0.546783,0.83584,0.234465,0.168359,-0.875789
776,35.0419,0.985384,-0.0555184,0.161049,0.228529,0.180919,-0.853695
777,11.4295,0.192776,-0.320916,-0.927281,0.222225,0.190381,-0.830207
778,10.0722,0.998595,-0.0520124,0.0101777,0.215657,0.196587,-0.805727
779,12.6859,0.972625,-0.0318682,-0.230185,0.211629,0.198859,-0.788949
780,2.53314,0.283804,-0.0554131,0.95728,0.202189,0.198859,-0.755475
781,5.01628,0.431127,-0.147263,0.890193,0.198161,0.196587,-0.738697
782,15.1428,-0.917091,0.0449566,-0.396134,0.191593,0.190381,-0.714217
783,7.2944,0.358731,0.439322,-0.823595,0.185288,0.180919,-0.690729
784,14.8831,-0.813099,0.203424,-0.545426,0.179353,0.168359,-0.668635
785,15.2036,-0.953019,0.027747,-0.301637,0.173889,0.152921,-0.648314
786,3.96527,0.965422,0.25799,0.0374268,0.167213,0.128309,-0.624644
787,6.33303,0.905338,0.422978,-0.0381039,0.16474,0.114501,-0.614342
788,18.376,-0.44864,0.737858,-0.504269,0.160019,0.0843573,-0.597604
789,20.7378,-0.641755,0.648384,-0.409571,0.158465,0.0682786,-0.591128
790,32.4153,-0.87185,-0.466365,-0.149605,0.156021,0.0346586,-0.582464
791,35.2056,-0.405517,-0.912591,-0.0522838,0.155491,0.017404,-0.580256
792,31.5214,-0.893087,0.389342,-0.225406,0.155491,-0.017404,-0.580256
793,28.0456,-0.911884,-0.266438,-0.312216,0.156021,-0.0346586,-0.582464
794,44.5052,-0.960108,-0.0224387,-0.278727,0.158465,-0.0682786,-0.591128
795,46.8814,-0.902889,-0.221811,-0.368227,0.160019,-0.0843573,-0.597604
796,40.0436,0.41962,-0.796926,-0.434543,0.16474,-0.114501,-0.614342
797,42.3917,0.582667,-0.67602,-0.451105,0.167213,-0.128309,-0.624644
798,40.5067,0.818971,-0.471427,-0.327176,0.173889,-0.152921,-0.648314
799,37.7212,-0.96928,0.230742,0.0851697,0.179353,-0.168359,-0.668635
800,45.2089,-0.50531,-0.314117,-0.803736,0.185288,-0.180919,-0.690729
801,37.4411,-0.908781,0.202973,0.364581,0.191593,-0.190381,-0.714217
802,38.1221,-0.959578,-0.00207253,-0.281434,0.198161,-0.196587,-0.738697
803,46.62,-0.985314,0.006775,-0.17062,0.202189,-0.198859,-0.755475
804,40.8725,0.996438,0.0228792,-0.0811626,0.211629,-0.198859,-0.788949
805,40.7839,0.985075,0.0822032,-0.151227,0.2183,-0.194885,-0.813861
806,40.5615,-0.935943,0.0284547,-0.351,0.222225,-0.190381,-0.830207
807,28.1339,-0.886918,0.0958381,-0.451876,0.228529,-0.180919,-0.853695
808,51.6174,-0.34999,-0.551025,0.757548,0.234465,-0.168359,-0.875789
809,45.7649,-0.680642,-0.560558,0.4717,0.239929,-0.152921,-0.89611
810,30.9855,-0.816768,-0.522291,0.245157,0.246605,-0.128309,-0.91978
811,56.5333,-0.956262,-0.283193,-0.0732493,0.250575,-0.107251,-0.934689
812,44.6655,0.40922,-0.760208,0.504602,0.252606,-0.0921786,-0.943151
813,55.9649,-0.660469,-0.746896,0.0769899,0.256219,-0.0600213,-0.955961
814,55.4922,0.750342,0.656664,0.076017,0.257271,-0.0432113,-0.960341
815,48.9812,0.0162988,-0.997237,0.0724703,0.258503,-0.00870199,-0.96471
816,42.7925,-0.045263,-0.996117,-0.075507,0.181883,0.017404,-0.981463
817,56.2945,0.981083,-0.067296,0.181513,0.181527,0.0346586,-0.97922
818,50.5799,0.824491,-0.565003,-0.0314135,0.180425,0.0600213,-0.973117
819,65.6472,0.725795,0.545883,0.418609,0.177829,0.0921786,-0.960063
820,41.3176,-0.755343,0.601789,0.259436,0.176468,0.107251,-0.951469
821,21.1439,0.25043,0.696699,0.672232,0.172337,0.134865,-0.930703
822,27.1411,-0.0537236,0.656656,0.752275,0.168882,0.152921,-0.912173
823,46.1266,0.0587067,0.542106,0.838257,0.165029,0.168359,-0.891485
824,34.8598,0.969363,0.0249592,0.244361,0.160845,0.180919,-0.868993
825,11.2413,0.302692,-0.31923,-0.898037,0.156402,0.190381,-0.845083
826,10.1238,0.991033,-0.0616369,-0.118554,0.151776,0.196587,-0.820163
827,12.5442,0.985416,-0.0234655,-0.168537,0.149077,0.198859,-0.803121
828,16.546,0.970822,0.0277657,-0.238187,0.142291,0.198859,-0.769009
829,18.8266,0.979989,0.0741286,-0.184732,0.139592,0.196587,-0.751967
830,13.0407,-0.988719,-0.0158968,-0.148939,0.133038,0.187579,-0.719017
831,5.30308,0.0233002,0.437429,-0.898951,0.128697,0.177061,-0.695532
832,7.77992,-0.209382,0.517021,-0.829969,0.126339,0.168359,-0.680646
833,12.0653,-0.439463,0.541563,-0.716646,0.120956,0.147171,-0.653583
834,14.7704,-0.819553,0.336597,-0.463719,0.119031,0.134865,-0.641428
835,14.6147,-0.742123,0.476132,-0.471754,0.116031,0.114501,-0.625374
836,10.3362,0.931002,0.36501,0.00180228,0.112639,0.0843573,-0.608318
837,13.1421,0.521803,0.832925,-0.184278,0.111597,0.0682786,-0.60174
838,20.8704,-0.778011,0.567395,-0.269743,0.110238,0.0432113,-0.594565
839,24.7348,-0.596373,0.784273,-0.171041,0.109352,0.00870199,-0.590112
840,53.0145,-0.973011,-0.1132,-0.201084,0.109352,-0.00870199,-0.590112
841,44.3313,-0.97491,0.151296,-0.163281,0.110238,-0.0432113,-0.594565
842,45.8291,-0.155938,-0.923522,-0.350415,0.111597,-0.0682786,-0.60174
843,48.6892,0.535112,-0.792769,-0.291842,0.112639,-0.0843573,-0.608318
844,47.4889,0.986714,-0.0984538,0.129239,0.116031,-0.114501,-0.625374
845,44.1443,-0.97298,0.230556,0.0124431,0.119031,-0.134865,-0.641428
846,46.832,-0.941721,-0.111841,-0.317259,0.120956,-0.147171,-0.653583
847,44.7863,-0.863817,-0.192632,-0.465524,0.126339,-0.168359,-0.680646
848,47.1929,-0.772735,-0.214751,-0.597297,0.128697,-0.177061,-0.695532
849,39.5253,-0.760533,0.25002,0.599233,0.133038,-0.187579,-0.719017
850,35.0645,0.958317,0.018444,0.28511,0.139592,-0.196587,-0.751967
851,37.3305,0.974136,0.00207074,0.225955,0.142291,-0.198859,-0.769009
852,41.3905,0.936835,-0.0105097,0.349613,0.149077,-0.198859,-0.803121
853,42.3562,0.492294,0.185183,-0.850503,0.151776,-0.196587,-0.820163
854,47.5098,-0.588762,0.220095,-0.777764,0.156402,-0.190381,-0.845083
855,34.6457,-0.808893,0.19125,-0.555981,0.160845,-0.180919,-0.868993
856,57.8162,-0.208283,-0.555248,0.805182,0.165029,-0.168359,-0.891485
857,56.7243,-0.991501,-0.110088,-0.0693291,0.170412,-0.147171,-0.918548
858,32.6471,-0.126244,-0.752124,0.646816,0.172337,-0.134865,-0.930703
859,50.5188,-0.986268,-0.0654512,-0.151627,0.176468,-0.107251,-0.951469
860,44.7664,0.356974,-0.804292,0.475061,0.177829,-0.0921786,-0.960063
861,59.8577,0.978481,0.148485,0.143276,0.180425,-0.0600213,-0.973117
862,60.4462,0.874296,-0.411582,0.257308,0.181527,-0.0346586,-0.97922
863,50.3491,0.896204,-0.393673,0.204549,0.181883,-0.017404,-0.981463
864,42.459,0.276487,-0.960529,-0.0306355,0.104317,0.017404,-0.992709
865,62.2314,0.948762,0.268814,0.166102,0.104139,0.0346586,-0.990444
866,48.6273,0.414571,-0.875046,-0.24985,0.10308,0.0682786,-0.981505
867,59.1912,0.634122,0.660143,0.402617,0.101955,0.0921786,-0.971055
868,47.5416,-0.771221,0.566792,0.289768,0.101272,0.107251,-0.962381
869,15.2299,0.624544,0.547466,0.556978,0.098784,0.134865,-0.941355
870,29.1492,-0.42588,0.618988,0.659909,0.0978186,0.147171,-0.929087
871,52.4749,0.18854,0.532959,0.824868,0.0945753,0.168359,-0.901685
872,55.711,0.832739,0.203975,0.514723,0.0933926,0.177061,-0.886659
873,30.8046,0.9369,0.0775781,0.340882,0.0909066,0.187579,-0.862905
874,16.1067,0.995263,-0.00408448,0.097134,0.0869586,0.196587,-0.829543
875,18.7034,0.992178,-0.0157256,-0.12384,0.0856053,0.198859,-0.812341
876,16.5525,0.947066,0.0281459,-0.319803,0.0815173,0.198859,-0.777803
877,18.9298,0.929516,0.0923318,-0.357037,0.0801633,0.196587,-0.760601
878,15.9938,0.968056,-0.0445814,0.246738,0.076214,0.187579,-0.727239
879,11.4385,0.10007,0.442609,-0.891113,0.0737293,0.177061,-0.703485
880,14.0702,-0.280646,0.515533,-0.809607,0.0725467,0.168359,-0.688459
881,11.2891,0.25383,0.650251,-0.716061,0.0693033,0.147171,-0.661057
882,19.2629,-0.986604,0.0452903,-0.156719,0.0674387,0.128309,-0.643111
883,21.9527,-0.924351,-0.358189,0.131439,0.0666073,0.114501,-0.632549
884,14.8936,-0.92558,0.283907,-0.250396,0.0651667,0.0921786,-0.619089
885,11.7783,-0.241628,0.909166,-0.339167,0.0636027,0.0600213,-0.605872
886,14.0552,-0.38574,0.894815,-0.224745,0.0632493,0.0432113,-0.601381
887,24.7449,-0.615826,0.778029,-0.124214,0.0627153,0.00870199,-0.596872
888,40.4109,-0.989571,-0.0763141,-0.122173,0.0627153,-0.00870199,-0.596872
889,44.6537,-0.975344,-0.163555,-0.148165,0.0632493,-0.0432113,-0.601381
890,46.9736,-0.920346,-0.323704,-0.219499,0.0636027,-0.0600213,-0.605872
891,41.285,0.994419,-0.0431356,0.0962833,0.0651667,-0.0921786,-0.619089
892,36.8363,-0.284448,0.810836,0.511502,0.0666073,-0.114501,-0.632549
893,39.5615,-0.743747,0.54245,0.390626,0.0674387,-0.128309,-0.643111
894,53.7999,-0.585006,-0.497729,-0.640339,0.0693033,-0.147171,-0.661057
895,44.7791,-0.90079,-0.188861,-0.391036,0.0725467,-0.168359,-0.688459
896,47.3094,-0.744936,-0.258294,-0.615105,0.0737293,-0.177061,-0.703485
897,44.2648,0.68244,0.209006,0.700423,0.076214,-0.187579,-0.727239
898,41.2655,0.991565,0.00242438,0.129586,0.0801633,-0.196587,-0.760601
899,37.2866,0.994439,-0.000805247,0.105308,0.0815173,-0.198859,-0.777803
900,47.828,0.907654,-0.0203227,0.419228,0.0856053,-0.198859,-0.812341
901,48.7749,0.542507,0.175115,-0.821597,0.0869586,-0.196587,-0.829543
902,32.5315,-0.652402,0.218718,-0.725626,0.0909066,-0.187579,-0.862905
903,32.7444,-0.474597,0.365035,-0.800941,0.0933926,-0.177061,-0.886659
904,64.2052,-0.247915,-0.549384,0.797944,0.0945753,-0.168359,-0.901685
905,56.5652,-0.968872,-0.211725,0.128294,0.0978186,-0.147171,-0.929087
906,38.8096,0.0450556,-0.746422,0.663945,0.098784,-0.134865,-0.941355
907,44.381,-0.986521,0.0553886,-0.153973,0.101272,-0.107251,-0.962381
908,44.9316,0.237597,-0.858636,0.454193,0.101955,-0.0921786,-0.971055
909,61.8049,0.782625,0.611538,-0.116276,0.10308,-0.0682786,-0.981505
910,60.8143,0.674604,-0.704375,0.220827,0.104139,-0.0346586,-0.990444
911,50.6867,0.726104,-0.675091,0.130478,0.104317,-0.017404,-0.992709
912,43.9083,0.969325,-0.244795,0.0220228,0.0261534,0.00870199,-0.998401
913,38.0398,0.791884,-0.604147,-0.0890329,0.026108,0.0346586,-0.995561
914,48.5591,0.455385,-0.84833,-0.270111,0.0257547,0.0682786,-0.986567
915,65.3892,0.597754,0.70943,0.373363,0.025452,0.0921786,-0.976061
916,53.7531,-0.791846,0.521735,0.317448,0.025452,0.107251,-0.967359
917,14.7239,0.221697,0.728799,0.647845,0.0246214,0.134865,-0.946204
918,33.6717,0.306988,0.621462,0.720793,0.0241067,0.152921,-0.927361
919,53.6754,-0.832867,0.322443,0.449848,0.0241067,0.163515,-0.913553
920,50.5474,-0.993584,-0.0339509,-0.107878,0.022924,0.180919,-0.883456
921,35.1469,0.982965,-0.0706938,-0.169656,0.022276,0.190381,-0.859145
922,38.1481,0.705052,-0.143655,-0.694453,0.022276,0.194885,-0.842335
923,11.1465,0.479757,0.056184,0.875601,0.0216054,0.198859,-0.816554
924,22.8062,0.930266,0.0263948,-0.365935,0.02024,0.198859,-0.7818
925,25.4182,0.790372,0.125462,-0.599643,0.02024,0.196587,-0.764545
926,19.3931,0.596794,0.265018,-0.757366,0.0195687,0.190381,-0.739209
927,11.3596,0.693467,-0.307821,0.651422,0.0189207,0.180919,-0.714898
928,6.91155,0.501051,0.489851,-0.713438,0.0183074,0.168359,-0.692029
929,14.7055,-0.841754,0.339235,-0.419963,0.017738,0.152921,-0.670993
930,6.61279,0.712522,0.541195,-0.446564,0.017224,0.134865,-0.652152
931,14.658,-0.831578,0.446153,-0.330795,0.0167727,0.114501,-0.635826
932,19.4656,-0.993738,-0.110652,0.0155383,0.01609,0.0843573,-0.618449
933,19.2865,-0.99651,0.0588773,-0.0591661,0.01587,0.0600213,-0.608994
934,21.7368,-0.97017,-0.242217,0.0100362,0.01587,0.0432113,-0.60449
935,18.2654,-0.459438,0.884945,-0.0760887,0.015692,0.00870199,-0.599954
936,40.4384,-0.99356,-0.103623,-0.0458406,0.015692,-0.00870199,-0.599954
937,48.0824,0.894382,0.430673,0.120838,0.01587,-0.0432113,-0.60449
938,50.4851,0.743695,0.623605,0.240903,0.01587,-0.0600213,-0.608994
939,30.14,0.179026,0.87956,0.440823,0.0163927,-0.0921786,-0.622294
940,44.0594,-0.926367,0.328959,0.183384,0.0167727,-0.114501,-0.635826
941,58.4528,-0.11401,-0.744753,-0.657529,0.017224,-0.134865,-0.652152
942,37.8843,-0.969192,0.180429,0.167664,0.017738,-0.152921,-0.670993
943,51.8097,-0.429465,-0.493899,-0.756058,0.0183074,-0.168359,-0.692029
944,42.6237,0.188947,0.431397,0.882154,0.0189207,-0.180919,-0.714898
945,34.5666,0.929115,-0.129901,-0.346223,0.0195687,-0.190381,-0.739209
946,41.0419,0.98511,-0.0409174,-0.166983,0.02024,-0.196587,-0.764545
947,37.2382,0.999765,-0.00397397,-0.0213126,0.02024,-0.198859,-0.7818
948,53.8449,0.996092,-0.00322002,0.0882592,0.0216054,-0.198859,-0.816554
949,31.4472,-0.952923,-0.0663052,0.295874,0.022276,-0.194885,-0.842335
950,34.4428,-0.958098,0.0805229,-0.274888,0.022276,-0.190381,-0.859145
951,28.4869,-0.821558,0.239291,-0.517478,0.022924,-0.180919,-0.883456
952,75.5746,-0.989776,-0.0962929,0.105219,0.0241067,-0.163515,-0.913553
953,58.2366,-0.470474,-0.590885,0.65537,0.0241067,-0.152921,-0.927361
954,52.0232,-0.522437,-0.651149,0.550513,0.0246214,-0.134865,-0.946204
955,50.8261,-0.968297,0.188467,-0.163955,0.025452,-0.107251,-0.967359
956,45.0149,0.191542,-0.877248,0.440168,0.025452,-0.0921786,-0.976061
957,61.871,0.81138,0.562458,-0.15907,0.0257547,-0.0682786,-0.986567
958,55.1097,0.182279,-0.962972,0.198642,0.026108,-0.0346586,-0.995561
959,55.5364,-0.236736,-0.970054,0.0543157,0.0261534,-0.00870199,-0.998401
960,50.093,0.987717,-0.148525,-0.048535,-0.0522612,0.00870199,-0.997376
961,42.0848,0.598316,-0.78104,-0.17887,-0.0520826,0.0432113,-0.99284
962,48.5709,0.422064,-0.853267,-0.306263,-0.0517293,0.0682786,-0.985546
963,65.3524,0.596098,0.729147,0.336171,-0.0512066,0.0921786,-0.975049
964,60.0064,-0.783385,0.502149,0.366271,-0.0505239,0.107251,-0.966374
965,20.8613,0.129253,0.748064,0.650918,-0.0496933,0.134865,-0.945219
966,39.1821,-0.390766,0.599218,0.698741,-0.0487279,0.152921,-0.926393
967,51.9171,-0.234749,0.535788,0.811064,-0.0476439,0.168359,-0.905378
968,56.4124,-0.896061,-0.2102,-0.391013,-0.0464613,0.180919,-0.882531
969,34.7616,0.991933,0.052406,0.115425,-0.0451999,0.190381,-0.858245
970,48.6603,0.364986,-0.178888,-0.913665,-0.0438813,0.196587,-0.832933
971,17.1876,0.330391,0.0626151,0.941765,-0.0425279,0.198859,-0.815732
972,7.95195,-0.260056,-0.0625183,0.963567,-0.0411626,0.198859,-0.780978
973,7.68378,-0.517587,-0.163048,0.839952,-0.0398086,0.194885,-0.755224
974,23.7439,0.204305,0.312153,-0.927804,-0.0384893,0.187579,-0.730208
975,26.3009,-0.0701294,0.442344,-0.894099,-0.0372279,0.180919,-0.714179
976,7.70359,-0.537712,-0.458585,0.707507,-0.0360453,0.163515,-0.684081
977,25.5831,-0.99951,0.00786209,0.0303016,-0.0349619,0.147171,-0.66376
978,27.9647,-0.981611,-0.12274,0.146198,-0.0339966,0.134865,-0.651492
979,3.28127,0.94803,-0.280518,0.150161,-0.0331653,0.107251,-0.630336
980,4.03076,0.914886,0.346678,-0.206876,-0.0324826,0.0843573,-0.617804
981,6.41295,0.800612,0.557104,-0.22058,-0.0319599,0.0682786,-0.611165
982,14.3733,-0.679463,0.724264,-0.11735,-0.0316066,0.0432113,-0.603872
983,41.2875,0.997613,-0.0593376,-0.0353147,-0.0314286,0.00870199,-0.599335
984,44.0791,0.824384,0.566011,0.00470566,-0.0314286,-0.00870199,-0.599335
985,55.4945,-0.00504236,0.980735,0.19528,-0.0316066,-0.0432113,-0.603872
986,28.9045,0.992315,0.123704,0.00301959,-0.0319599,-0.0682786,-0.611165
987,31.3851,0.902385,0.399506,0.161544,-0.0324826,-0.0843573,-0.617804
988,46.258,-0.918994,0.310172,0.2434,-0.0331653,-0.107251,-0.630336
989,59.1046,0.46657,-0.655839,-0.593454,-0.0339966,-0.134865,-0.651492
990,33.2982,-0.677135,0.471846,0.564667,-0.0349619,-0.147171,-0.66376
991,52.5939,-0.9225,0.197393,0.331706,-0.0360453,-0.163515,-0.684081
992,49.6491,-0.463092,0.38481,0.798416,-0.0372279,-0.180919,-0.714179
993,36.4943,0.684299,-0.226144,-0.693249,-0.0384893,-0.187579,-0.730208
994,30.4887,0.850727,-0.096148,-0.51674,-0.0398086,-0.194885,-0.755224
995,44.2058,0.833978,0.0382476,0.55047,-0.0411626,-0.198859,-0.780978
996,60.4217,0.954256,-0.0220156,0.29818,-0.0425279,-0.198859,-0.815732
997,33.4849,-0.742924,-0.124998,0.657601,-0.0438813,-0.196587,-0.832933
998,34.7778,-0.85199,0.178426,-0.492216,-0.0451999,-0.190381,-0.858245
999,35.1731,-0.590519,0.366129,-0.719192,-0.0464613,-0.180919,-0.882531
1000,77.328,-0.626126,-0.421769,0.655803,-0.0476439,-0.168359,-0.905378
1001,58.9723,-0.919147,-0.241323,0.31134,-0.0487279,-0.152921,-0.926393
1002,58.4154,-0.570387,-0.60632,0.554107,-0.0496933,-0.134865,-0.945219
1003,50.9206,-0.95445,0.264058,-0.138921,-0.0505239,-0.107251,-0.966374
1004,45.0359,0.205001,-0.880988,0.42642,-0.0512066,-0.0921786,-0.975049
1005,68.1377,0.786362,0.574911,-0.226078,-0.0517293,-0.0682786,-0.985546
1006,57.3626,0.427089,-0.8899,0.160231,-0.0520826,-0.0432113,-0.99284
1007,49.3759,-0.348991,-0.934124,0.074944,-0.0522612,-0.00870199,-0.997376
1008,50.461,0.859264,-0.493597,-0.134262,-0.130354,0.00870199,-0.990201
1009,37.6735,0.942794,-0.287312,-0.169091,-0.129953,0.0346586,-0.987389
1010,48.6254,0.346577,-0.874356,-0.339685,-0.128895,0.0682786,-0.978449
1011,65.3188,0.594192,0.746293,0.29997,-0.127551,0.0921786,-0.968026
1012,60.1544,-0.647917,0.594404,0.476327,-0.126189,0.107251,-0.959431
1013,27.0237,0.0604982,0.752016,0.656362,-0.123701,0.134865,-0.938406
1014,40.9139,-0.872434,0.266841,0.409457,-0.121776,0.147171,-0.926251
1015,52.3958,0.30165,0.543766,0.783151,-0.118533,0.168359,-0.898849
1016,51.7952,-0.410241,-0.42044,-0.809279,-0.116175,0.177061,-0.883963
1017,41.307,0.977309,-0.0316375,-0.209441,-0.112398,0.190381,-0.852053
1018,43.7332,0.970062,-0.0250588,-0.241561,-0.109769,0.194885,-0.835449
1019,22.0066,0.967486,0.0238751,0.251795,-0.105716,0.199429,-0.801205
1020,1.27385,-0.547694,-0.0502134,0.835171,-0.102311,0.198859,-0.775341
1021,7.64281,-0.486303,-0.158489,0.859297,-0.0989399,0.194885,-0.749773
1022,30.0284,0.129554,0.312275,-0.941116,-0.0956619,0.187579,-0.724937
1023,32.6878,-0.241634,0.438359,-0.86571,-0.0931466,0.180919,-0.709056
1024,26.6362,-0.46153,0.515641,-0.721876,-0.0901759,0.168359,-0.686373
1025,6.64174,-0.996879,0.0682734,0.0396455,-0.0869326,0.147171,-0.658972
1026,9.15107,-0.957922,-0.149321,0.245129,-0.0850072,0.134865,-0.646817
1027,28.2519,-0.860252,-0.370135,0.350666,-0.0828986,0.114501,-0.630621
1028,-3.75795,0.489204,-0.802955,0.340503,-0.0808546,0.0843573,-0.613352
1029,-1.53137,0.5418,-0.812925,0.213556,-0.0798126,0.0682786,-0.606774
1030,6.45401,0.761167,0.612689,-0.212692,-0.0788879,0.0432113,-0.59953
1031,14.3931,-0.691354,0.721708,0.0341582,-0.0783992,0.017404,-0.59559
1032,55.5023,-0.010256,0.997694,0.0670889,-0.0783992,-0.017404,-0.59559
1033,28.8365,0.992717,0.057152,-0.106054,-0.0788879,-0.0432113,-0.59953
1034,35.2522,0.981488,0.18395,-0.053335,-0.0798126,-0.0682786,-0.606774
1035,37.4831,0.969555,0.244781,0.00669654,-0.0808546,-0.0843573,-0.613352
1036,52.6404,0.250862,-0.789321,-0.560393,-0.0828986,-0.114501,-0.630621
1037,57.4528,-0.934753,-0.313942,-0.166362,-0.0850072,-0.134865,-0.646817
1038,59.9581,-0.798871,-0.439899,-0.410236,-0.0869326,-0.147171,-0.658972
1039,49.379,-0.13543,0.54069,0.830249,-0.0901759,-0.168359,-0.686373
1040,55.8243,-0.29811,0.406125,0.863825,-0.0931466,-0.180919,-0.709056
1041,36.4476,0.590827,-0.236591,-0.771329,-0.0956619,-0.187579,-0.724937
1042,36.7842,0.814767,-0.0940321,-0.572113,-0.0989399,-0.194885,-0.749773
1043,50.8422,0.652903,0.0542795,0.755494,-0.102311,-0.198859,-0.775341
1044,61.8513,0.758654,0.0365418,-0.650468,-0.105716,-0.199429,-0.801205
1045,44.6913,-0.976587,0.0634792,-0.205544,-0.109769,-0.194885,-0.835449
1046,40.7787,-0.980509,0.0968167,-0.170966,-0.112398,-0.190381,-0.852053
1047,39.8093,0.0748489,0.435363,-0.897138,-0.116175,-0.177061,-0.883963
1048,76.789,-0.072131,-0.547814,0.833485,-0.118533,-0.168359,-0.898849
1049,63.5429,-0.958454,0.237082,-0.158613,-0.121776,-0.147171,-0.926251
1050,64.7868,-0.597672,-0.564773,0.569051,-0.123701,-0.134865,-0.938406
1051,57.1004,-0.983426,0.181226,-0.00547905,-0.126189,-0.107251,-0.959431
1052,51.3227,0.23428,-0.881621,0.409704,-0.127551,-0.0921786,-0.968026
1053,74.3524,0.721054,0.625108,-0.298866,-0.128895,-0.0682786,-0.978449
1054,68.08,-0.187444,-0.958672,0.214037,-0.129953,-0.0346586,-0.987389
1055,55.3243,-0.0166736,-0.997563,0.0677552,-0.130354,-0.00870199,-0.990201
1056,55.386,-0.097183,-0.994153,-0.0470665,-0.207553,0.017404,-0.976357
1057,37.5868,0.951161,-0.205055,-0.230748,-0.207022,0.0346586,-0.974149
1058,54.5277,0.641541,-0.676509,-0.361609,-0.205266,0.0682786,-0.96532
1059,65.1184,0.450672,0.830432,0.327533,-0.203108,0.0921786,-0.955035
1060,66.871,-0.226098,0.783706,0.57852,-0.201077,0.107251,-0.946573
1061,22.4081,-0.626802,0.514962,0.58475,-0.197845,0.128309,-0.931486
1062,22.3599,-0.646614,0.431003,0.629385,-0.194072,0.147171,-0.913841
1063,58.6432,0.328775,0.547528,0.769493,-0.18869,0.168359,-0.886778
1064,57.9749,-0.379339,-0.432514,-0.817945,-0.185172,0.177061,-0.872123
1065,41.1069,0.994458,0.0326024,-0.0999545,-0.178903,0.190381,-0.840608
1066,43.5171,0.993739,0.0170361,-0.11042,-0.174978,0.194885,-0.824262
1067,22.3167,0.991109,0.0041289,-0.132991,-0.168251,0.199429,-0.790441
1068,-3.10957,-0.809032,-0.027435,0.587124,-0.164188,0.199429,-0.773519
1069,-3.1057,-0.800945,-0.0846176,0.592728,-0.158799,0.196587,-0.748147
1070,-2.67625,-0.473556,-0.249972,0.844547,-0.153537,0.190381,-0.723353
1071,25.4473,0.596687,0.302396,-0.743318,-0.148491,0.180919,-0.699563
1072,33.1073,-0.666352,0.467736,-0.580687,-0.14375,0.168359,-0.677183
1073,26.69,-0.557614,0.594293,-0.579554,-0.139393,0.152921,-0.656596
1074,27.045,-0.80193,0.515849,-0.301342,-0.135494,0.134865,-0.638154
1075,9.29751,-0.881327,-0.290211,0.372882,-0.132121,0.114501,-0.622173
1076,31.8692,-0.983409,0.035093,0.177974,-0.128729,0.0843573,-0.605117
1077,34.2706,-0.945562,-0.199538,0.257095,-0.127174,0.0682786,-0.598641
1078,-1.24514,0.749124,-0.662264,-0.0148214,-0.125683,0.0432113,-0.591492
1079,6.58038,0.671677,0.718248,-0.181576,-0.124887,0.017404,-0.587604
1080,22.4273,0.977474,-0.0699685,-0.199121,-0.124887,-0.017404,-0.587604
1081,22.3651,0.967594,-0.127052,-0.21822,-0.125683,-0.0432113,-0.591492
1082,52.8974,0.469559,-0.801361,-0.370587,-0.127174,-0.0682786,-0.598641
1083,55.3084,0.660427,-0.610045,-0.437814,-0.128729,-0.0843573,-0.605117
1084,57.3483,-0.965915,-0.258348,0.0162397,-0.132121,-0.114501,-0.622173
1085,58.3499,-0.360914,-0.73,-0.58038,-0.135494,-0.134865,-0.638154
1086,43.0947,-0.0718296,0.643567,0.762012,-0.139393,-0.152921,-0.656596
1087,42.8481,0.175401,0.555792,0.812607,-0.14375,-0.168359,-0.677183
1088,40.9878,0.88958,-0.126784,-0.438831,-0.148491,-0.180919,-0.699563
1089,40.782,0.782428,-0.149541,-0.60452,-0.153537,-0.190381,-0.723353
1090,55.2067,0.367138,0.19196,0.910144,-0.158799,-0.196587,-0.748147
1091,61.48,0.368267,0.0644176,0.927486,-0.164188,-0.199429,-0.773519
1092,67.703,0.344226,0.0559218,-0.93722,-0.168251,-0.199429,-0.790441
1093,44.9202,-0.932589,0.10372,-0.345717,-0.174978,-0.194885,-0.824262
1094,47.4202,-0.886204,0.198229,-0.418745,-0.178903,-0.190381,-0.840608
1095,39.8709,0.065541,0.429682,-0.900599,-0.185172,-0.177061,-0.872123
1096,82.981,0.0839606,-0.554094,0.828209,-0.18869,-0.168359,-0.886778
1097,69.4297,-0.976171,-0.0189276,0.216175,-0.194072,-0.147171,-0.913841
1098,75.6703,-0.970331,-0.0489725,0.236767,-0.197845,-0.128309,-0.931486
1099,56.6882,-0.941915,-0.159181,0.295733,-0.201077,-0.107251,-0.946573
1100,51.4837,0.110321,-0.896756,0.428553,-0.203108,-0.0921786,-0.955035
1101,74.7134,0.895883,0.333493,-0.293558,-0.205266,-0.0682786,-0.96532
1102,61.9033,-0.271862,-0.931211,0.242769,-0.207022,-0.0346586,-0.974149
1103,50.4357,0.870416,-0.471501,-0.141646,-0.207553,-0.017404,-0.976357
1104,55.4623,-0.173293,-0.984704,-0.0180768,-0.283516,0.017404,-0.957063
1105,37.8972,0.808448,-0.488159,-0.328803,-0.282815,0.0346586,-0.954903
1106,37.9551,0.756713,-0.519713,-0.39659,-0.281026,0.0600213,-0.948965
1107,50.0769,0.936432,-0.124694,-0.327942,-0.278313,0.0843573,-0.939905
1108,71.7244,0.739433,0.632621,0.230281,-0.273593,0.114501,-0.923167
1109,22.1338,-0.771177,0.347199,0.533609,-0.27032,0.128309,-0.913091
1110,28.5046,-0.697725,0.357918,0.620544,-0.265174,0.147171,-0.895797
1111,64.8216,0.290961,0.554589,0.779598,-0.257684,0.168359,-0.86924
1112,64.4468,-0.601203,-0.407153,-0.687591,-0.253026,0.177061,-0.854906
1113,46.8671,0.931059,0.188062,0.312668,-0.244304,0.190381,-0.82398
1114,49.8672,0.967716,0.00400585,-0.252012,-0.23911,0.194885,-0.807992
1115,27.6647,0.749114,0.0550485,0.66015,-0.22975,0.199429,-0.774804
1116,1.60327,-0.0932865,-0.0611097,0.993762,-0.22234,0.198859,-0.749791
1117,2.85677,-0.920778,-0.0248345,0.389295,-0.217008,0.196587,-0.733381
1118,-0.561715,-0.745199,0.268269,-0.6105,-0.207889,0.187579,-0.701047
1119,35.9195,0.385422,0.353313,-0.85242,-0.201095,0.177061,-0.678151
1120,37.4386,-0.876653,0.362616,-0.316209,-0.194745,0.163515,-0.656766
1121,26.0858,-0.0524883,0.651653,-0.756699,-0.190478,0.152921,-0.643635
1122,23.594,0.249563,0.679952,-0.68948,-0.183803,0.128309,-0.619965
1123,26.2619,-0.191105,0.830942,-0.522508,-0.180529,0.114501,-0.609889
1124,9.39307,-0.808784,-0.398767,0.432265,-0.176708,0.0921786,-0.596902
1125,27.0489,-0.7775,0.628879,-0.00228643,-0.17375,0.0682786,-0.586818
1126,31.1559,-0.731663,0.678441,0.0662347,-0.171307,0.0346586,-0.578154
1127,14.901,0.262253,-0.964964,-0.00826287,-0.170472,0.00870199,-0.575439
1128,17.4302,0.574332,-0.789681,-0.215748,-0.170472,-0.00870199,-0.575439
1129,18.1199,0.926188,-0.219575,-0.306535,-0.171307,-0.0346586,-0.578154
1130,60.101,0.950978,-0.083669,-0.297725,-0.17375,-0.0682786,-0.586818
1131,57.2766,-0.963883,-0.209351,0.164624,-0.176708,-0.0921786,-0.596902
1132,43.567,-0.481068,0.650944,0.587235,-0.180529,-0.114501,-0.609889
1133,46.2299,-0.805607,0.306973,0.50672,-0.183803,-0.128309,-0.619965
1134,50.0295,-0.606089,0.424024,0.672948,-0.190478,-0.152921,-0.643635
1135,44.8062,0.497193,0.531559,0.685744,-0.194745,-0.163515,-0.656766
1136,43.0551,0.734891,-0.208163,-0.645448,-0.201095,-0.177061,-0.678151
1137,37.1059,0.905798,-0.0538726,-0.420271,-0.207889,-0.187579,-0.701047
1138,61.8306,0.112292,0.192843,0.974783,-0.217008,-0.196587,-0.733381
1139,63.01,0.953965,0.0358033,0.297774,-0.22234,-0.198859,-0.749791
1140,68.5651,0.906457,0.0105202,-0.422167,-0.22975,-0.199429,-0.774804
1141,51.9596,-0.499961,0.188942,-0.845186,-0.23911,-0.194885,-0.807992
1142,33.5688,-0.0464297,0.314268,-0.948198,-0.246232,-0.187579,-0.832009
1143,39.6976,-0.176419,0.441524,-0.879734,-0.253026,-0.177061,-0.854906
1144,82.9872,0.142654,-0.553865,0.820295,-0.257684,-0.168359,-0.86924
1145,75.8752,-0.981058,0.0879094,0.172617,-0.265174,-0.147171,-0.895797
1146,75.9607,-0.978097,0.168005,0.12288,-0.27032,-0.128309,-0.913091
1147,58.0838,-0.136945,-0.795429,0.590371,-0.273593,-0.114501,-0.923167
1148,72.859,0.958973,-0.242994,-0.146028,-0.278313,-0.0843573,-0.939905
1149,55.2432,0.144359,-0.945313,0.292477,-0.281026,-0.0600213,-0.948965
1150,55.1892,0.159726,-0.974719,0.156237,-0.282815,-0.0346586,-0.954903
1151,50.5029,0.825234,-0.529418,-0.196736,-0.283516,-0.017404,-0.957063
1152,42.0814,0.551312,-0.793162,-0.258744,-0.357733,0.017404,-0.931869
1153,49.0251,-0.0745133,-0.980784,-0.180308,-0.356338,0.0432113,-0.928153
1154,44.1745,0.760538,-0.468187,-0.449871,-0.354615,0.0600213,-0.923991
1155,37.7723,0.803961,-0.35028,-0.480573,-0.3512,0.0843573,-0.915171
1156,77.6793,0.525006,0.772904,0.356355,-0.345181,0.114501,-0.898856
1157,21.9188,-0.845785,0.196847,0.495882,-0.341126,0.128309,-0.889068
1158,28.7164,-0.479459,0.466413,0.743356,-0.33464,0.147171,-0.87223
1159,63.8889,-0.526771,0.360889,0.769592,-0.32509,0.168359,-0.846343
1160,75.4445,-0.988172,-0.135997,0.0708576,-0.316905,0.180919,-0.82498
1161,41.8196,0.110969,0.313584,0.943054,-0.310752,0.187579,-0.810125
1162,38.8023,-0.476825,0.129521,0.869403,-0.299124,0.196587,-0.778607
1163,28.97,-0.133378,0.0578928,0.989373,-0.292521,0.198859,-0.762665
1164,7.65764,-0.241363,-0.0541771,0.968921,-0.280483,0.198859,-0.730035
1165,13.9314,-0.267083,-0.159108,0.950448,-0.271237,0.194885,-0.70596
1166,-5.26102,-0.209452,0.319151,-0.924268,-0.264804,0.190381,-0.690429
1167,-1.54311,0.0892138,0.405948,-0.909531,-0.253682,0.177061,-0.660282
1168,1.21095,-0.371137,0.553601,-0.745508,-0.247914,0.168359,-0.646358
1169,32.8381,-0.536895,0.627433,-0.563978,-0.24039,0.152921,-0.626706
1170,26.3559,-0.344112,0.746152,-0.569951,-0.233655,0.134865,-0.609102
1171,18.9343,0.687198,0.44771,-0.572115,-0.227824,0.114501,-0.593845
1172,26.5372,-0.445485,0.849715,-0.282008,-0.222996,0.0921786,-0.581198
1173,6.55387,-0.938986,0.214492,0.268882,-0.21839,0.0600213,-0.56871
1174,8.97076,-0.933657,-0.0488913,0.354816,-0.216666,0.0432113,-0.564549
1175,21.0785,0.164257,-0.986383,0.00821785,-0.215094,0.00870199,-0.56029
1176,17.5317,0.629452,-0.723786,-0.282708,-0.215094,-0.00870199,-0.56029
1177,57.7074,-0.785241,-0.597314,0.163131,-0.216666,-0.0432113,-0.564549
1178,60.1221,-0.6493,-0.759722,-0.0350963,-0.21839,-0.0600213,-0.56871
1179,37.0275,-0.230703,0.823784,0.517838,-0.222996,-0.0921786,-0.581198
1180,44.5917,-0.954892,-0.104283,0.27804,-0.227824,-0.114501,-0.593845
1181,49.8129,-0.381473,0.601157,0.702202,-0.233655,-0.134865,-0.609102
1182,49.4362,-0.00859284,0.634048,0.773246,-0.24039,-0.152921,-0.626706
1183,49.4874,-0.0441413,0.523567,0.850841,-0.247914,-0.168359,-0.646358
1184,42.7255,0.413786,-0.323392,-0.850999,-0.253682,-0.177061,-0.660282
1185,48.0979,0.971318,0.167862,0.168417,-0.264804,-0.190381,-0.690429
1186,57.0313,0.851708,0.15233,0.501388,-0.271237,-0.194885,-0.70596
1187,57.0471,0.854446,0.051243,0.517007,-0.280483,-0.198859,-0.730035
1188,51.2302,-0.974903,0.0356776,-0.219754,-0.292521,-0.198859,-0.762665
1189,54.0362,-0.788311,0.165015,-0.592736,-0.299124,-0.196587,-0.778607
1190,40.3841,0.396486,0.23611,-0.887159,-0.310752,-0.187579,-0.810125
1191,41.3929,-0.820363,0.349663,-0.452482,-0.316905,-0.180919,-0.82498
1192,90.192,-0.63931,-0.297002,0.709276,-0.32509,-0.168359,-0.846343
1193,81.9677,-0.921833,-0.0376136,0.385758,-0.33464,-0.147171,-0.87223
1194,82.4903,-0.93939,0.341758,0.0273622,-0.341126,-0.128309,-0.889068
1195,58.3536,-0.34107,-0.701882,0.625327,-0.345181,-0.114501,-0.898856
1196,49.0981,0.0818535,-0.894463,0.439586,-0.3512,-0.0843573,-0.915171
1197,49.1902,-0.0496722,-0.933251,0.355775,-0.354615,-0.0600213,-0.923991
1198,50.2621,0.911913,-0.308034,-0.271164,-0.356338,-0.0432113,-0.928153
1199,55.2569,0.0627691,-0.996948,0.0464238,-0.357909,-0.00870199,-0.932411
1200,44.1311,0.796982,-0.452526,-0.400049,-0.429962,0.00870199,-0.901455
1201,48.7235,0.185098,-0.938702,-0.290822,-0.428062,0.0432113,-0.897333
1202,55.0523,0.0948432,-0.917463,-0.386351,-0.424944,0.0682786,-0.890729
1203,43.7414,0.888615,-0.0780008,-0.451972,-0.421921,0.0843573,-0.884795
1204,37.9306,0.643531,-0.44427,-0.623292,-0.416494,0.107251,-0.873479
1205,22.3508,-0.519327,0.482702,0.705194,-0.40983,0.128309,-0.859563
1206,33.225,0.21767,0.656002,0.722691,-0.399534,0.152921,-0.837229
1207,59.2707,-0.930007,-0.0383726,0.365532,-0.393266,0.163515,-0.824927
1208,75.246,-0.975743,-0.216417,-0.033003,-0.380656,0.180919,-0.797573
1209,41.6421,0.00982683,0.296025,0.95513,-0.373356,0.187579,-0.783247
1210,42.3082,0.641373,0.187923,0.743858,-0.362564,0.194885,-0.760639
1211,33.9654,-0.97382,-0.0132327,0.226935,-0.351457,0.198859,-0.737363
1212,7.55008,-0.269476,-0.0499145,0.961713,-0.336896,0.198859,-0.705777
1213,13.2697,-0.752164,-0.0560208,0.65659,-0.32579,0.194885,-0.682502
1214,-7.06045,-0.697009,0.300006,-0.651287,-0.314998,0.187579,-0.659895
1215,3.85524,0.77143,0.120636,-0.624774,-0.304706,0.177061,-0.638343
1216,5.72389,-0.778061,0.470557,-0.416169,-0.295088,0.163515,-0.618216
1217,43.3349,-0.685946,0.590676,-0.424946,-0.286311,0.147171,-0.599856
1218,31.9579,0.24426,0.63911,-0.729298,-0.280724,0.134865,-0.588891
1219,23.2242,0.506559,0.566475,-0.650003,-0.27186,0.107251,-0.569663
1220,37.1712,-0.632775,0.764485,-0.123118,-0.266434,0.0843573,-0.558346
1221,37.8981,-0.907291,0.280055,0.313674,-0.262337,0.0600213,-0.549822
1222,40.1328,-0.90584,0.198749,0.374103,-0.260292,0.0432113,-0.545809
1223,9.479,-0.754634,-0.530499,0.386133,-0.25861,0.017404,-0.542213
1224,50.9182,-0.902423,-0.145596,0.405505,-0.25861,-0.017404,-0.542213
1225,51.5573,-0.698381,-0.695297,0.169784,-0.260292,-0.0432113,-0.545809
1226,66.3591,-0.679333,-0.732767,0.039498,-0.262337,-0.0600213,-0.549822
1227,38.9802,-0.00151139,0.878647,0.47747,-0.266434,-0.0843573,-0.558346
1228,46.586,-0.894223,0.045012,0.445352,-0.27186,-0.107251,-0.569663
1229,56.8342,-0.840554,0.14058,0.523169,-0.280724,-0.134865,-0.588891
1230,45.2326,0.183241,0.652974,0.73488,-0.286311,-0.147171,-0.599856
1231,44.9873,0.450495,0.55216,0.701551,-0.295088,-0.163515,-0.618216
1232,43.5612,0.914214,0.00730672,-0.405165,-0.304706,-0.177061,-0.638343
1233,49.908,0.932805,0.021682,-0.35973,-0.314998,-0.187579,-0.659895
1234,63.9401,0.455626,0.195012,0.868548,-0.32579,-0.194885,-0.682502
1235,53.8162,-0.928993,-0.0474039,-0.367049,-0.336896,-0.198859,-0.705777
1236,58.8924,-0.0468494,0.0607134,-0.997055,-0.351457,-0.198859,-0.737363
1237,39.8218,-0.247139,0.192281,-0.949711,-0.362564,-0.194885,-0.760639
1238,46.8234,0.467146,0.199294,-0.861427,-0.373356,-0.187579,-0.783247
1239,47.8055,-0.783303,0.381766,-0.490602,-0.380656,-0.180919,-0.797573
1240,101.109,-0.963288,0.125555,0.237302,-0.393266,-0.163515,-0.824927
1241,77.4648,-0.465502,-0.44071,0.767517,-0.399534,-0.152921,-0.837229
1242,88.3697,-0.924767,0.0510051,0.377101,-0.40983,-0.128309,-0.859563
1243,48.8999,0.345483,-0.82499,0.44725,-0.416494,-0.107251,-0.873479
1244,55.4508,0.0519408,-0.887596,0.457684,-0.421921,-0.0843573,-0.884795
1245,49.0563,0.101095,-0.946382,0.306825,-0.426017,-0.0600213,-0.893319
1246,56.5482,0.887202,-0.310803,-0.340989,-0.428062,-0.0432113,-0.897333
1247,49.0283,0.0167279,-0.997796,0.0642105,-0.429962,-0.00870199,-0.901455
1248,48.729,0.216815,-0.956901,-0.193215,-0.499105,0.017404,-0.864434
1249,48.4008,0.426948,-0.800107,-0.421361,-0.497146,0.0432113,-0.860981
1250,55.2568,-0.116678,-0.946,-0.302439,-0.49352,0.0682786,-0.854643
1251,50.0255,0.850138,-0.078831,-0.520626,-0.49004,0.0843573,-0.848965
1252,43.9052,0.775839,-0.20978,-0.595035,-0.483742,0.107251,-0.838108
1253,38.1447,0.391425,-0.530465,-0.751927,-0.476008,0.128309,-0.824758
1254,34.8611,-0.474868,0.397562,0.78514,-0.466967,0.147171,-0.809143
1255,28.9812,-0.0747212,0.484167,0.871779,-0.456776,0.163515,-0.791529
1256,59.5728,-0.742588,0.105712,0.661353,-0.44561,0.177061,-0.772217
1257,70.413,-0.543269,-0.320173,-0.776111,-0.433658,0.187579,-0.751539
1258,52.8213,0.891364,0.160343,0.423982,-0.417243,0.196587,-0.722227
1259,39.8595,-0.996051,-0.0365742,-0.0808976,-0.408228,0.198859,-0.707515
1260,37.5574,-0.998965,0.033778,-0.0304557,-0.391233,0.198859,-0.677169
1261,14.8313,-0.994724,0.0874236,0.0536831,-0.382217,0.196587,-0.662457
1262,9.23372,-0.741533,-0.0745253,0.666765,-0.36955,0.190381,-0.640504
1263,-11.2195,-0.613223,0.432526,-0.660968,-0.3574,0.180919,-0.619437
1264,-3.34455,0.939754,-0.337774,0.0526337,-0.342683,0.163515,-0.593158
1265,38.7395,-0.306988,0.658042,-0.68756,-0.335469,0.152921,-0.581385
1266,38.568,-0.116122,0.732609,-0.670671,-0.326062,0.134865,-0.56505
1267,17.0927,0.328915,0.651988,-0.683174,-0.315718,0.107251,-0.546577
1268,19.6655,0.0177537,0.866299,-0.499211,-0.311171,0.0921786,-0.539157
1269,36.3976,0.045968,0.922091,-0.384233,-0.304667,0.0600213,-0.527544
1270,38.455,0.176332,0.933775,-0.311401,-0.302314,0.0432113,-0.523704
1271,49.8631,-0.561577,0.787027,0.255383,-0.300096,0.00870199,-0.519744
1272,52.2225,-0.659349,0.626084,0.416267,-0.300096,-0.00870199,-0.519744
1273,43.9312,-0.691368,0.516816,0.504888,-0.302314,-0.0432113,-0.523704
1274,45.9943,-0.612269,0.558225,0.559921,-0.304667,-0.0600213,-0.527544
1275,43.9022,-0.616401,0.485903,0.619635,-0.311171,-0.0921786,-0.539157
1276,52.7506,-0.812855,0.142972,0.564646,-0.315718,-0.107251,-0.546577
1277,62.5981,-0.453985,0.488709,0.745024,-0.326062,-0.134865,-0.56505
1278,56.103,-0.247447,0.519888,0.81761,-0.335469,-0.152921,-0.581385
1279,50.837,0.801855,0.474153,0.363603,-0.342683,-0.163515,-0.593158
1280,54.0456,0.942393,0.0883368,-0.322633,-0.3574,-0.180919,-0.619437
1281,61.6732,0.473742,0.321595,0.819845,-0.36955,-0.190381,-0.640504
1282,65.4044,0.0865965,-0.162301,-0.982934,-0.382217,-0.196587,-0.662457
1283,67.8774,0.221817,-0.0486559,-0.973874,-0.391233,-0.198859,-0.677169
1284,65.6465,0.338577,0.0429684,-0.939957,-0.408228,-0.198859,-0.707515
1285,41.8481,-0.631965,0.191889,-0.750866,-0.417243,-0.196587,-0.722227
1286,52.7699,0.0772341,0.271489,-0.959338,-0.433658,-0.187579,-0.751539
1287,100.848,-0.853637,-0.0182913,0.520547,-0.44561,-0.177061,-0.772217
1288,75.3942,-0.6772,-0.192975,0.710043,-0.456776,-0.163515,-0.791529
1289,82.093,-0.89552,0.0449877,0.442741,-0.466967,-0.147171,-0.809143
1290,48.7198,0.574336,-0.715811,0.39718,-0.476008,-0.128309,-0.824758
1291,55.5238,0.07999,-0.812701,0.577165,-0.483742,-0.107251,-0.838108
1292,55.7951,-0.219348,-0.7918,0.570034,-0.49004,-0.0843573,-0.848965
1293,44.3625,0.766171,-0.613764,-0.190463,-0.49352,-0.0682786,-0.854643
1294,44.9259,0.352304,-0.935751,0.0158746,-0.497146,-0.0432113,-0.860981
1295,56.9335,0.684267,-0.647941,-0.334592,-0.499105,-0.017404,-0.864434
1296,49.0371,-0.053377,-0.997652,-0.0429125,-0.56539,0.017404,-0.822609
1297,43.8142,0.804832,-0.151199,-0.57392,-0.564054,0.0346586,-0.820772
1298,55.2736,-0.154116,-0.946583,-0.283248,-0.559053,0.0682786,-0.813287
1299,56.1592,0.844972,0.0550953,-0.531964,-0.555138,0.0843573,-0.807899
1300,50.2885,0.672345,-0.289131,-0.681437,-0.548008,0.107251,-0.797571
1301,48.7147,-0.0885418,-0.714615,-0.693892,-0.536246,0.134865,-0.779966
1302,34.2047,-0.835392,-0.0062591,0.549618,-0.529012,0.147171,-0.77001
1303,33.2263,0.366955,0.552487,0.7484,-0.513682,0.168359,-0.747067
1304,65.2388,-0.956326,-0.162504,0.242965,-0.504824,0.177061,-0.734874
1305,59.5459,-0.694231,0.0712668,0.716215,-0.491286,0.187579,-0.715197
1306,70.3272,-0.560696,-0.195195,-0.804686,-0.47709,0.194885,-0.694557
1307,48.3867,0.619603,0.065281,0.782196,-0.46248,0.198859,-0.673305
1308,43.2421,-0.850728,0.0595179,-0.522225,-0.443157,0.198859,-0.644387
1309,20.6857,-0.945828,0.152089,-0.286841,-0.433015,0.196587,-0.630428
1310,19.6867,-0.551016,-0.128864,0.824485,-0.41435,0.187579,-0.602494
1311,-6.96975,-0.808459,0.399193,-0.43248,-0.400812,0.177061,-0.582818
1312,2.02324,0.46376,-0.55585,0.689897,-0.388166,0.163515,-0.564442
1313,43.2271,-0.679476,0.618874,-0.39409,-0.376624,0.147171,-0.547682
1314,44.8077,-0.129424,0.72446,-0.677058,-0.369391,0.134865,-0.537726
1315,38.9269,-0.422056,0.823446,-0.379217,-0.360159,0.114501,-0.524252
1316,12.266,0.769317,0.171197,-0.615502,-0.352513,0.0921786,-0.513081
1317,17.3146,0.211969,0.847164,-0.487219,-0.345118,0.0600213,-0.502014
1318,19.527,0.215463,0.907371,-0.360906,-0.34247,0.0432113,-0.49837
1319,56.2478,-0.601207,0.72079,0.344981,-0.339949,0.00870199,-0.494596
1320,52.1515,-0.584115,0.679604,0.443788,-0.339949,-0.00870199,-0.494596
1321,50.1388,-0.607703,0.578295,0.544308,-0.34247,-0.0432113,-0.49837
1322,52.2577,-0.553763,0.573305,0.603877,-0.345118,-0.0600213,-0.502014
1323,57.77,-0.783746,-0.597477,0.169598,-0.352513,-0.0921786,-0.513081
1324,55.9719,-0.136924,0.725703,0.674245,-0.360159,-0.114501,-0.524252
1325,62.6504,-0.436373,0.458138,0.774396,-0.369391,-0.134865,-0.537726
1326,57.8816,0.222127,0.643103,0.732857,-0.376624,-0.147171,-0.547682
1327,51.7048,0.178104,0.527868,0.830442,-0.388166,-0.163515,-0.564442
1328,49.7706,0.801557,-0.0253701,-0.59738,-0.400812,-0.177061,-0.582818
1329,63.7454,0.703386,0.312967,0.6382,-0.41435,-0.187579,-0.602494
1330,65.9057,0.485757,-0.0901844,-0.869429,-0.433015,-0.196587,-0.630428
1331,74.6959,0.628861,-0.0194851,-0.777273,-0.443157,-0.198859,-0.644387
1332,39.9682,-0.274619,0.0623782,-0.959528,-0.46248,-0.198859,-0.673305
1333,46.5431,0.0319117,0.159772,-0.986638,-0.47709,-0.194885,-0.694557
1334,94.5959,-0.820981,-0.00631136,0.57092,-0.491286,-0.187579,-0.715197
1335,95.2001,-0.967896,0.247582,0.0433759,-0.504824,-0.177061,-0.734874
1336,77.3916,-0.250066,-0.397917,0.882683,-0.513682,-0.168359,-0.747067
1337,48.1111,0.915667,-0.39594,-0.0691733,-0.529012,-0.147171,-0.77001
1338,50.7198,0.844791,-0.535097,-0.000596765,-0.536246,-0.134865,-0.779966
1339,55.5176,0.130452,-0.813766,0.566364,-0.548008,-0.107251,-0.797571
1340,55.9845,-0.330776,-0.698292,0.634803,-0.555138,-0.0843573,-0.807899
1341,50.4943,0.801069,-0.49801,-0.332075,-0.559053,-0.0682786,-0.813287
1342,55.7378,-0.253792,-0.888641,0.381978,-0.564054,-0.0346586,-0.820772
1343,62.9626,0.763607,-0.436419,-0.475861,-0.56539,-0.017404,-0.822609
1344,48.9946,-0.0232486,-0.997619,-0.0649272,-0.628187,0.017404,-0.775713
1345,49.9198,0.787859,0.022382,-0.615449,-0.626712,0.0346586,-0.773986
1346,61.3794,-0.0335827,-0.926872,-0.373871,-0.621139,0.0682786,-0.766917
1347,62.2426,0.82936,0.23173,-0.508393,-0.616813,0.0843573,-0.761853
1348,42.1375,0.164816,-0.683602,-0.711002,-0.606048,0.114501,-0.748196
1349,48.5739,-0.0187935,-0.674571,-0.737971,-0.595788,0.134865,-0.735489
1350,40.5482,-0.760656,0.0335106,0.64829,-0.587795,0.147171,-0.726131
1351,32.9025,0.136031,0.504172,0.852823,-0.570714,0.168359,-0.704462
1352,71.3631,-0.958611,-0.225573,0.173727,-0.560925,0.177061,-0.693001
1353,70.0516,-0.345905,0.173234,0.922139,-0.541031,0.190381,-0.667767
1354,76.103,-0.167882,-0.172435,-0.970609,-0.530114,0.194885,-0.654984
1355,59.0455,0.932696,0.056257,0.35625,-0.508766,0.199429,-0.627904
1356,61.667,0.994378,-0.0453371,0.0956898,-0.497463,0.199429,-0.61467
1357,38.479,-0.273983,0.181425,-0.944467,-0.481142,0.196587,-0.59451
1358,25.8685,-0.568379,-0.0983785,0.816864,-0.460344,0.187579,-0.568128
1359,-0.532741,-0.901765,0.365177,-0.231226,-0.445305,0.177061,-0.549574
1360,2.21161,-0.934205,0.256625,0.247799,-0.435517,0.168359,-0.538113
1361,-2.66095,-0.0847777,-0.533781,0.841362,-0.422288,0.152921,-0.521748
1362,43.3708,-0.727457,0.665098,-0.168671,-0.407062,0.128309,-0.502434
1363,49.2593,-0.406083,0.82896,-0.384606,-0.397334,0.107251,-0.490458
1364,10.2628,0.64615,0.303926,-0.700085,-0.389416,0.0843573,-0.480721
1365,17.2608,0.215425,0.823183,-0.52532,-0.383442,0.0600213,-0.47339
1366,19.708,0.0444058,0.95957,-0.277945,-0.380517,0.0432113,-0.469964
1367,56.1872,-0.538551,0.761298,0.361094,-0.377706,0.00870199,-0.466399
1368,58.6751,-0.666106,0.486138,0.565661,-0.377706,-0.00870199,-0.466399
1369,64.0716,-0.663164,-0.65834,0.356093,-0.380517,-0.0432113,-0.469964
1370,66.4832,-0.586661,-0.80143,0.116355,-0.383442,-0.0600213,-0.47339
1371,58.2877,-0.509543,-0.850284,-0.131848,-0.391682,-0.0921786,-0.483842
1372,57.903,0.124158,0.802155,0.584065,-0.397334,-0.107251,-0.490458
1373,51.4607,0.329259,0.748485,0.575638,-0.407062,-0.128309,-0.502434
1374,50.1056,-0.36699,0.384406,0.847084,-0.422288,-0.152921,-0.521748
1375,49.9573,-0.216273,0.382252,0.898393,-0.435517,-0.168359,-0.538113
1376,49.5593,0.609858,-0.11744,-0.783761,-0.445305,-0.177061,-0.549574
1377,70.076,0.720597,0.316135,0.617089,-0.460344,-0.187579,-0.568128
1378,79.4176,0.974282,0.0876238,-0.2076,-0.481142,-0.196587,-0.59451
1379,32.9481,-0.89291,-0.0592858,-0.446314,-0.497463,-0.199429,-0.61467
1380,35.5921,-0.726533,0.0647758,-0.684072,-0.508766,-0.199429,-0.627904
1381,53.4055,0.504583,0.0723125,-0.860329,-0.530114,-0.194885,-0.654984
1382,90.3525,-0.506889,-0.121063,0.853468,-0.541031,-0.190381,-0.667767
1383,95.4072,-0.945249,0.31772,-0.0745512,-0.560925,-0.177061,-0.693001
1384,83.9361,-0.412027,-0.284071,0.865758,-0.570714,-0.168359,-0.704462
1385,48.108,0.907701,-0.39436,-0.143383,-0.587795,-0.147171,-0.726131
1386,57.1122,0.807527,-0.589451,0.0211794,-0.595788,-0.134865,-0.735489
1387,51.0049,0.677775,-0.730177,0.0863934,-0.606048,-0.114501,-0.748196
1388,56.2112,-0.448787,-0.553842,0.701319,-0.616813,-0.0843573,-0.761853
1389,50.6162,0.73717,-0.592239,-0.32532,-0.621139,-0.0682786,-0.766917
1390,49.6253,-0.34932,-0.805229,0.479147,-0.626712,-0.0346586,-0.773986
1391,69.2861,0.710987,-0.472171,-0.521106,-0.628187,-0.017404,-0.775713
1392,55.2452,-0.00428676,-0.996374,-0.0849791,-0.687113,0.017404,-0.724035
1393,49.8646,0.742402,0.0764737,-0.665576,-0.685506,0.0346586,-0.722429
1394,61.3238,-0.0202511,-0.914641,-0.403759,-0.679396,0.0682786,-0.715819
1395,62.2602,0.785024,0.216424,-0.58043,-0.674687,0.0843573,-0.71111
1396,48.4179,0.110756,-0.682202,-0.722727,-0.662883,0.114501,-0.69834
1397,54.0209,0.584222,-0.205446,-0.78516,-0.651657,0.134865,-0.686476
1398,32.3871,-0.294622,0.387413,0.873561,-0.638697,0.152921,-0.672789
1399,31.9347,-0.629403,0.0931209,0.771479,-0.624225,0.168359,-0.657512
1400,69.554,-0.683144,0.0354851,0.729421,-0.608487,0.180919,-0.640908
1401,75.4769,-0.887093,-0.0916989,0.452391,-0.591755,0.190381,-0.623259
1402,87.0799,-0.85717,-0.186031,-0.480263,-0.574314,0.196587,-0.604869
1403,58.8166,0.868299,0.0624034,0.492101,-0.556462,0.199429,-0.586051
1404,61.4819,0.978164,-0.0532566,0.200896,-0.544156,0.199429,-0.573745
1405,42.5572,-0.448701,0.188344,-0.87361,-0.52075,0.194885,-0.548424
1406,32.0375,-0.594568,-0.0628483,0.801585,-0.5035,0.187579,-0.530258
1407,4.91923,-0.424606,0.430868,-0.79628,-0.487052,0.177061,-0.512941
1408,13.3058,-0.542832,-0.15857,0.824736,-0.471686,0.163515,-0.49677
1409,-2.88319,-0.215096,-0.435249,0.874238,-0.461922,0.152921,-0.487008
1410,49.9474,-0.8343,0.535122,0.132616,-0.445228,0.128309,-0.468948
1411,51.0671,-0.154838,0.798005,-0.58242,-0.437736,0.114501,-0.461456
1412,44.9921,-0.248997,0.894899,-0.370347,-0.428438,0.0921786,-0.451618
1413,8.68591,0.445952,-0.895056,0.00119206,-0.419403,0.0600213,-0.441845
1414,15.2272,0.516429,-0.817106,-0.256201,-0.415112,0.0346586,-0.437366
1415,63.3461,-0.73395,-0.00790759,0.679157,-0.413135,0.00870199,-0.435327
1416,62.6854,-0.556433,0.606053,0.568404,-0.413506,-0.017404,-0.43576
1417,65.2012,-0.672948,0.260096,0.692453,-0.415112,-0.0346586,-0.437366
1418,67.2895,-0.0338499,-0.918853,-0.393144,-0.419403,-0.0600213,-0.441845
1419,62.5968,-0.348914,0.596491,0.722812,-0.428438,-0.0921786,-0.451618
1420,62.6628,-0.354411,0.505153,0.786901,-0.437736,-0.114501,-0.461456
1421,51.1776,0.574851,0.739243,0.350809,-0.445228,-0.128309,-0.468948
1422,56.6781,-0.52732,0.215511,0.821881,-0.461922,-0.152921,-0.487008
1423,45.1459,0.532231,0.555349,0.638998,-0.471686,-0.163515,-0.49677
1424,50.35,0.940044,0.220714,-0.260005,-0.487052,-0.177061,-0.512941
1425,70.1293,0.733562,0.318838,0.600192,-0.5035,-0.187579,-0.530258
1426,81.625,0.920288,0.0680393,-0.38528,-0.52075,-0.194885,-0.548424
1427,39.3095,-0.892876,-0.0612752,-0.446114,-0.544156,-0.199429,-0.573745
1428,41.8729,-0.779454,0.0647593,-0.623103,-0.556462,-0.199429,-0.586051
1429,36.4229,-0.06351,0.152745,-0.986223,-0.574314,-0.196587,-0.604869
1430,97.3843,-0.914573,0.114099,0.387991,-0.591755,-0.190381,-0.623259
1431,90.7848,-0.756463,0.0164746,0.653829,-0.608487,-0.180919,-0.640908
1432,91.1569,-0.896362,0.217066,0.386546,-0.624225,-0.168359,-0.657512
1433,49.8421,0.691158,0.052756,-0.720776,-0.638697,-0.152921,-0.672789
1434,64.21,0.336889,-0.744294,0.576656,-0.651657,-0.134865,-0.686476
1435,57.2633,0.693811,-0.720034,0.0133469,-0.662883,-0.114501,-0.69834
1436,62.5095,-0.402766,-0.543111,0.736756,-0.674687,-0.0843573,-0.71111
1437,56.9208,0.703016,-0.607924,-0.369048,-0.679396,-0.0682786,-0.715819
1438,49.6875,-0.352281,-0.768812,0.533691,-0.685506,-0.0346586,-0.722429
1439,69.3104,0.660232,-0.493389,-0.56627,-0.687113,-0.017404,-0.724035
1440,61.4879,0.01661,-0.993356,-0.113876,-0.741801,0.017404,-0.667893
1441,56.1501,0.687685,0.0742105,-0.722207,-0.740074,0.0346586,-0.666417
1442,67.5876,-0.0380029,-0.909715,-0.413492,-0.733465,0.0682786,-0.660308
1443,68.5739,0.732094,0.189774,-0.654235,-0.728401,0.0843573,-0.655982
1444,54.959,-0.149576,-0.78098,-0.60638,-0.715631,0.114501,-0.644178
1445,56.0423,0.750586,0.126595,-0.648532,-0.707574,0.128309,-0.637297
1446,32.6158,-0.0276182,0.498398,0.866508,-0.689515,0.152921,-0.620603
1447,33.8625,-0.845077,-0.18774,0.500598,-0.679016,0.163515,-0.611636
1448,76.0735,-0.440039,0.137803,0.887342,-0.656897,0.180919,-0.59119
1449,77.3795,-0.971701,-0.229052,0.0577326,-0.644671,0.187579,-0.580748
1450,87.0169,-0.8635,-0.189399,-0.467436,-0.620001,0.196587,-0.557944
1451,64.4967,0.504071,0.0626656,0.861386,-0.600728,0.199429,-0.540585
1452,72.4958,0.787488,-0.0104991,-0.61624,-0.581341,0.198859,-0.523129
1453,43.9159,0.394391,0.0662026,-0.916555,-0.568221,0.196587,-0.511923
1454,32.2732,-0.324993,-0.134763,0.936065,-0.543552,0.187579,-0.489119
1455,0.475883,-0.106536,0.350376,-0.93053,-0.531325,0.180919,-0.478677
1456,3.31238,0.820798,-0.153271,-0.550272,-0.509207,0.163515,-0.458231
1457,7.97803,0.295463,-0.622252,0.724917,-0.494072,0.147171,-0.444628
1458,55.7628,-0.668619,0.715942,-0.200936,-0.480648,0.128309,-0.43257
1459,49.01,-0.28824,0.819893,-0.494664,-0.469166,0.107251,-0.422263
1460,49.7873,-0.651244,0.740217,0.167216,-0.459822,0.0843573,-0.413884
1461,52.4783,-0.715368,0.394445,0.576769,-0.454758,0.0682786,-0.409559
1462,1.23131,-0.411783,-0.65219,0.636461,-0.448148,0.0346586,-0.403449
1463,65.1542,-0.660596,0.307197,0.685013,-0.44642,0.017404,-0.401974
1464,62.6167,-0.477956,0.659098,0.580644,-0.44642,-0.017404,-0.401974
1465,71.6816,-0.666898,0.0697195,0.74188,-0.448148,-0.0346586,-0.403449
1466,61.2802,0.522719,0.839956,-0.145734,-0.454758,-0.0682786,-0.409559
1467,63.9904,0.269143,0.894144,0.357867,-0.459822,-0.0843573,-0.413884
1468,58.4916,-0.245249,0.545212,0.801622,-0.469166,-0.107251,-0.422263
1469,57.91,0.289972,0.726013,0.623556,-0.480648,-0.128309,-0.43257
1470,52.1139,-0.049966,0.487181,0.87187,-0.494072,-0.147171,-0.444628
1471,52.0254,0.0848893,0.446075,0.89096,-0.509207,-0.163515,-0.458231
1472,92.2451,0.943467,0.285571,-0.168283,-0.531325,-0.180919,-0.478677
1473,94.8895,0.936718,0.281597,0.207997,-0.543552,-0.187579,-0.489119
1474,92.8487,0.861211,0.189621,0.47155,-0.568221,-0.196587,-0.511923
1475,34.6229,-0.935513,-0.0294025,0.352066,-0.581341,-0.198859,-0.523129
1476,48.6552,-0.456311,0.0615357,-0.88769,-0.600728,-0.199429,-0.540585
1477,95.2273,-0.967253,0.110525,0.228486,-0.626049,-0.194885,-0.563992
1478,101.749,-0.970375,0.241595,0.00189884,-0.644671,-0.187579,-0.580748
1479,96.7709,-0.486869,-0.113696,0.866044,-0.656897,-0.180919,-0.59119
1480,95.5599,-0.889011,0.455897,-0.0426315,-0.679016,-0.163515,-0.611636
1481,49.5939,0.464594,0.21268,-0.859604,-0.689515,-0.152921,-0.620603
1482,74.772,0.00998383,-0.617576,0.786448,-0.707574,-0.128309,-0.637297
1483,63.2457,0.775279,-0.564425,-0.283491,-0.715631,-0.114501,-0.644178
1484,56.2255,-0.34318,-0.5437,0.76591,-0.728401,-0.0843573,-0.655982
1485,63.193,0.674643,-0.599943,-0.430031,-0.733465,-0.0682786,-0.660308
1486,49.6993,-0.316585,-0.761611,0.56544,-0.740074,-0.0346586,-0.666417
1487,75.6299,0.602663,-0.524623,-0.601305,-0.741801,-0.017404,-0.667893
1488,61.1229,0.228897,-0.89414,-0.384864,-0.791917,0.017404,-0.607633
1489,56.3607,0.592879,-0.131964,-0.794406,-0.790079,0.0346586,-0.606298
1490,67.4812,0.000650567,-0.876608,-0.481205,-0.783011,0.0682786,-0.600725
1491,74.8159,0.686491,0.225669,-0.691233,-0.777623,0.0843573,-0.59681
1492,54.8846,-0.141798,-0.757533,-0.637211,-0.763966,0.114501,-0.586044
1493,62.4205,0.655704,0.0556948,-0.752961,-0.755395,0.128309,-0.579817
1494,56.4849,0.432199,-0.182006,-0.88322,-0.741067,0.147171,-0.56885
1495,27.975,-0.584894,0.0284341,0.810611,-0.724911,0.163515,-0.556476
1496,34.271,-0.566723,0.0318964,0.823291,-0.707204,0.177061,-0.542908
1497,71.3788,-0.903347,-0.157037,0.399129,-0.688249,0.187579,-0.528378
1498,78.1457,-0.631631,-0.00319674,0.775263,-0.66837,0.194885,-0.513134
1499,82.5722,-0.572754,-0.0627296,-0.817324,-0.647907,0.198859,-0.497437
1500,60.6036,0.600322,-0.063335,0.797247,-0.62721,0.199429,-0.481556
1501,67.8769,0.985896,-0.14352,-0.0860905,-0.606634,0.196587,-0.465763
1502,37.6824,-0.877499,0.137452,0.459458,-0.580252,0.187579,-0.444964
1503,5.38684,-0.829818,0.430255,-0.355362,-0.561296,0.177061,-0.430434
1504,5.01543,0.899681,-0.405503,-0.161684,-0.549103,0.168359,-0.421576
1505,-1.03272,0.839817,-0.356216,-0.409656,-0.53242,0.152921,-0.40875
1506,56.0971,-0.785906,0.600698,0.146677,-0.513106,0.128309,-0.393525
1507,50.7243,0.011079,0.672849,-0.739697,-0.504534,0.114501,-0.387298
1508,49.2314,-0.374196,0.896132,-0.23859,-0.490878,0.0843573,-0.376532
1509,63.8749,-0.399218,-0.490054,0.774901,-0.483358,0.0600213,-0.370796
1510,66.2957,-0.306994,-0.721192,0.620997,-0.479714,0.0432113,-0.368148
1511,76.635,-0.426915,-0.665818,0.611907,-0.476149,0.00870199,-0.365338
1512,63.6023,0.228515,0.955036,-0.188911,-0.476149,-0.00870199,-0.365338
1513,60.0905,0.599921,-0.101515,-0.793593,-0.479714,-0.0432113,-0.368148
1514,62.4956,0.651817,0.153632,-0.742652,-0.483358,-0.0600213,-0.370796
1515,70.8197,-0.081568,0.726819,0.681969,-0.490878,-0.0843573,-0.376532
1516,63.0301,-0.471278,0.234157,0.850334,-0.504534,-0.114501,-0.387298
1517,57.4336,0.636371,0.735222,0.233409,-0.513106,-0.128309,-0.393525
1518,56.5368,-0.281344,0.301131,0.911134,-0.53242,-0.152921,-0.40875
1519,90.8036,0.00555439,-0.379994,-0.924972,-0.549103,-0.168359,-0.421576
1520,93.5605,0.425885,-0.109373,-0.898142,-0.561296,-0.177061,-0.430434
1521,101.973,0.530574,0.30761,0.789853,-0.580252,-0.187579,-0.444964
1522,39.2606,-0.956133,-0.178137,-0.232543,-0.606634,-0.196587,-0.465763
1523,52.6659,-0.454763,-0.0595456,-0.88862,-0.62721,-0.199429,-0.481556
1524,88.9663,-0.95724,0.0376826,0.286831,-0.647907,-0.198859,-0.497437
1525,94.9439,-0.829049,0.0611048,0.555827,-0.66837,-0.194885,-0.513134
1526,101.504,-0.932292,0.183093,0.311943,-0.688249,-0.187579,-0.528378
1527,88.9095,-0.905302,0.244842,0.347104,-0.707204,-0.177061,-0.542908
1528,54.231,0.84866,-0.253452,-0.464261,-0.724911,-0.163515,-0.556476
1529,74.352,0.469012,-0.648805,0.599233,-0.741067,-0.147171,-0.56885
1530,80.9769,0.134295,-0.64929,0.74859,-0.755395,-0.128309,-0.579817
1531,69.5386,0.74965,-0.570309,-0.335816,-0.763966,-0.114501,-0.586044
1532,56.2879,-0.322094,-0.498167,0.805038,-0.777623,-0.0843573,-0.59681
1533,69.5506,0.622437,-0.652726,-0.43188,-0.783011,-0.0682786,-0.600725
1534,55.7939,-0.158255,-0.863948,0.478068,-0.790079,-0.0346586,-0.606298
1535,82.2827,0.414406,-0.79581,-0.441537,-0.791917,-0.017404,-0.607633
1536,62.5962,0.548844,-0.0858953,-0.8315,-0.837612,0.00870199,-0.543962
1537,60.8964,0.227337,-0.757964,-0.611398,-0.833838,0.0432113,-0.54144
1538,73.8634,-0.0977072,-0.907743,-0.40799,-0.827729,0.0682786,-0.537439
1539,74.9473,0.596467,0.110025,-0.795061,-0.822051,0.0843573,-0.533959
1540,54.0647,0.378757,-0.265984,-0.886451,-0.807591,0.114501,-0.524298
1541,53.8785,0.477258,-0.100634,-0.872982,-0.793907,0.134865,-0.515383
1542,60.8535,-0.0778534,-0.482243,-0.872571,-0.77811,0.152921,-0.505099
1543,27.3915,-0.829509,-0.282113,0.482002,-0.766337,0.163515,-0.497884
1544,27.9975,-0.492741,0.0361869,0.869424,-0.74762,0.177061,-0.485747
1545,33.9104,-0.751099,-0.0886749,0.654208,-0.727583,0.187579,-0.472749
1546,88.8519,-0.0872211,0.0952322,0.991627,-0.69965,0.196587,-0.454084
1547,88.3273,-0.160345,-0.0447037,-0.986048,-0.684938,0.198859,-0.445069
1548,71.0499,0.809058,-0.0654483,0.584074,-0.656019,0.198859,-0.425746
1549,73.8034,0.965119,-0.180703,0.189452,-0.641307,0.196587,-0.416731
1550,67.8439,0.957751,-0.240826,-0.157211,-0.620055,0.190381,-0.40292
1551,4.77585,-0.490985,0.411974,-0.767601,-0.593337,0.177061,-0.385068
1552,-3.31888,0.855516,-0.326326,-0.401999,-0.574621,0.163515,-0.372932
1553,-2.70499,0.571407,-0.0169209,-0.820492,-0.557544,0.147171,-0.361864
1554,55.7237,-0.677159,0.724431,-0.129052,-0.5424,0.128309,-0.352054
1555,57.2458,-0.215878,0.769226,-0.601405,-0.533366,0.114501,-0.346519
1556,50.904,-0.0959649,0.811621,-0.576248,-0.522027,0.0921786,-0.339124
1557,41.8005,0.378962,0.4209,-0.824155,-0.51096,0.0600213,-0.33173
1558,44.1649,0.327013,0.621626,-0.711789,-0.50712,0.0432113,-0.329376
1559,66.3504,0.557938,-0.128728,-0.819838,-0.503346,0.00870199,-0.326854
1560,68.5387,0.550411,-0.0697999,-0.831971,-0.503346,-0.00870199,-0.326854
1561,66.4435,0.549766,-0.0331549,-0.834661,-0.50712,-0.0432113,-0.329376
1562,68.8374,0.600677,0.208111,-0.771931,-0.51096,-0.0600213,-0.33173
1563,56.6883,-0.394403,0.309881,0.865113,-0.522027,-0.0921786,-0.339124
1564,56.5181,-0.256569,0.409128,0.875663,-0.533366,-0.114501,-0.346519
1565,64.0241,0.492754,0.748746,0.443366,-0.5424,-0.128309,-0.352054
1566,56.6624,-0.308738,0.225262,0.924088,-0.562848,-0.152921,-0.365718
1567,92.4876,-0.52458,-0.537096,-0.660563,-0.574621,-0.163515,-0.372932
1568,100.348,0.725519,0.111533,-0.679104,-0.593337,-0.177061,-0.385068
1569,39.3305,-0.933565,-0.300518,-0.195309,-0.620055,-0.190381,-0.40292
1570,45.8709,-0.864303,-0.194369,-0.463898,-0.641307,-0.196587,-0.416731
1571,54.7577,-0.716816,-0.0644329,-0.694278,-0.656019,-0.198859,-0.425746
1572,83.161,-0.992463,0.0580946,-0.107899,-0.684938,-0.198859,-0.445069
1573,90.3825,-0.246161,-0.0661964,0.966966,-0.69965,-0.196587,-0.454084
1574,89.334,-0.96259,0.270916,0.0049952,-0.727583,-0.187579,-0.472749
1575,54.2237,0.827975,-0.195693,-0.525511,-0.74762,-0.177061,-0.485747
1576,54.893,0.861037,-0.50397,0.0680418,-0.766337,-0.163515,-0.497884
1577,76.2603,0.7822,-0.616061,0.092914,-0.77811,-0.152921,-0.505099
1578,70.6658,0.347342,-0.714584,0.607226,-0.793907,-0.134865,-0.515383
1579,76.5881,0.488276,-0.830682,0.267496,-0.807591,-0.114501,-0.524298
1580,49.8674,-0.171473,-0.595533,0.784817,-0.822051,-0.0843573,-0.533959
1581,69.397,0.608701,-0.540044,-0.581236,-0.827729,-0.0682786,-0.537439
1582,57.5518,0.291906,-0.951573,-0.09644,-0.833838,-0.0432113,-0.54144
1583,80.8365,-0.168449,-0.917539,0.360205,-0.837612,-0.00870199,-0.543962
1584,69.0108,0.464792,-0.215426,-0.858813,-0.877709,0.00870199,-0.476567
1585,63.0168,0.344235,-0.476936,-0.808724,-0.875199,0.0346586,-0.475238
1586,80.1536,-0.133237,-0.909638,-0.393454,-0.867345,0.0682786,-0.47084
1587,75.1642,0.450258,-0.0842151,-0.888918,-0.861411,0.0843573,-0.467816
1588,56.0926,0.544765,0.102816,-0.832262,-0.850369,0.107251,-0.46185
1589,49.9199,0.493442,0.00633186,-0.869756,-0.836798,0.128309,-0.454509
1590,60.8049,-0.106817,-0.459851,-0.881548,-0.815341,0.152921,-0.442492
1591,33.6518,-0.797535,-0.292979,0.527353,-0.803039,0.163515,-0.436224
1592,38.5323,-0.0771741,0.202229,0.976293,-0.776758,0.180919,-0.421506
1593,39.8924,-0.861688,-0.176396,0.475793,-0.762432,0.187579,-0.414206
1594,88.5762,-0.277114,0.0452234,0.959772,-0.73312,0.196587,-0.397791
1595,94.6034,-0.230375,-0.0443652,-0.97209,-0.717745,0.198859,-0.389958
1596,88.6553,-0.546695,0.0580958,-0.835314,-0.69482,0.199429,-0.37751
1597,66.3071,0.221932,-0.132516,0.966015,-0.672027,0.196587,-0.36513
1598,74.0558,0.953019,-0.255389,-0.162885,-0.649756,0.190381,-0.35303
1599,67.9706,0.879651,-0.287425,-0.378946,-0.628389,0.180919,-0.341416
1600,67.9634,0.841324,-0.358753,-0.404314,-0.608291,0.168359,-0.330486
1601,-8.83383,0.400414,0.0846638,-0.912415,-0.584217,0.147171,-0.317004
1602,-6.24459,0.144134,0.368587,-0.918351,-0.573252,0.134865,-0.311417
1603,62.2174,-0.653789,0.740508,0.155589,-0.554778,0.107251,-0.301072
1604,50.7452,-0.0432292,0.741001,-0.670111,-0.547025,0.0921786,-0.297122
1605,51.1331,-0.175424,0.927359,-0.330501,-0.537802,0.0682786,-0.292082
1606,36.9134,0.516655,-0.27273,-0.811595,-0.531399,0.0432113,-0.288573
1607,72.3,0.462645,-0.445648,-0.766393,-0.527438,0.00870199,-0.286355
1608,75.1151,0.489117,0.220852,-0.843795,-0.527438,-0.00870199,-0.286355
1609,73.5847,0.45671,0.719883,-0.52267,-0.531399,-0.0432113,-0.288573
1610,56.7696,-0.392843,0.260131,0.882047,-0.537802,-0.0682786,-0.292082
1611,63.0844,-0.383032,0.213073,0.898825,-0.547025,-0.0921786,-0.297122
1612,51.5605,0.373167,0.81376,0.445578,-0.554778,-0.107251,-0.301072
1613,75.5322,-0.269165,0.250552,0.929932,-0.573252,-0.134865,-0.311417
1614,57.9192,0.506834,0.637077,0.580735,-0.584217,-0.147171,-0.317004
1615,39.2533,-0.867573,-0.496412,0.0298809,-0.608291,-0.168359,-0.330486
1616,39.2294,-0.919468,-0.392968,0.0124181,-0.628389,-0.180919,-0.341416
1617,39.3459,-0.943409,-0.302231,-0.136511,-0.649756,-0.190381,-0.35303
1618,53.1708,-0.127525,-0.117945,-0.984798,-0.672027,-0.196587,-0.36513
1619,82.8384,-0.952999,-0.0449664,0.299616,-0.69482,-0.199429,-0.37751
1620,89.4295,-0.998224,0.0576433,-0.0150449,-0.717745,-0.198859,-0.389958
1621,96.7177,-0.219859,-0.0565409,0.973892,-0.73312,-0.196587,-0.397791
1622,89.8576,-0.847527,0.321286,-0.422461,-0.762432,-0.187579,-0.414206
1623,56.1353,0.445115,0.0242079,-0.895146,-0.776758,-0.180919,-0.421506
1624,48.9021,0.787545,-0.550164,0.277656,-0.803039,-0.163515,-0.436224
1625,82.5384,0.788183,-0.614875,0.0263831,-0.815341,-0.152921,-0.442492
1626,80.6951,0.437939,-0.729207,0.525801,-0.836798,-0.128309,-0.454509
1627,87.0831,0.282997,-0.779156,0.559311,-0.850369,-0.107251,-0.46185
1628,55.873,0.0628244,-0.756598,0.650856,-0.861411,-0.0843573,-0.467816
1629,69.2193,0.560918,-0.394057,-0.728073,-0.867345,-0.0682786,-0.47084
1630,68.2737,-0.0369868,-0.900847,0.432559,-0.875199,-0.0346586,-0.475238
1631,80.5661,-0.0085908,-0.988976,0.147829,-0.877709,-0.00870199,-0.476567
1632,66.8597,0.321943,-0.533763,-0.781952,-0.911886,0.017404,-0.405975
1633,73.6104,0.0634158,-0.841306,-0.536827,-0.908271,0.0432113,-0.404333
1634,79.6012,0.114185,-0.636091,-0.763119,-0.901613,0.0682786,-0.401338
1635,59.8739,0.472036,0.129007,-0.872089,-0.892023,0.0921786,-0.397038
1636,53.5534,0.5046,0.153625,-0.849575,-0.879667,0.114501,-0.391508
1637,60.4114,0.164036,-0.281686,-0.945381,-0.864755,0.134865,-0.384843
1638,59.9676,0.46276,0.043509,-0.885415,-0.847545,0.152921,-0.377158
1639,37.8993,-0.526986,-0.0832358,0.845788,-0.828328,0.168359,-0.368582
1640,44.122,-0.585516,-0.0961167,0.804943,-0.807435,0.180919,-0.359264
1641,44.3019,-0.459541,-0.0154709,0.888022,-0.785223,0.190381,-0.349361
1642,87.7643,-0.83732,-0.106681,0.536203,-0.762071,0.196587,-0.339045
1643,86.2224,-0.545335,-0.0554857,-0.83638,-0.738376,0.199429,-0.328491
1644,92.5224,-0.549719,0.0556669,-0.833493,-0.714545,0.198859,-0.31788
1645,76.4263,0.172662,-0.112766,0.978505,-0.690983,0.194885,-0.307395
1646,84.3404,0.935351,-0.253426,-0.246767,-0.668093,0.187579,-0.297214
1647,65.6561,0.862934,-0.303287,-0.404181,-0.64627,0.177061,-0.28751
1648,78.4177,0.760749,-0.300997,-0.575031,-0.625886,0.163515,-0.27845
1649,-9.62794,0.750752,-0.407219,-0.520138,-0.607288,0.147171,-0.27019
1650,4.50206,-0.199381,0.582972,-0.787649,-0.590795,0.128309,-0.26287
1651,55.333,-0.446414,0.824799,-0.347018,-0.576691,0.107251,-0.256616
1652,55.2343,-0.292447,0.872126,-0.392263,-0.565214,0.0843573,-0.251535
1653,61.6098,-0.225641,0.936317,-0.269067,-0.556564,0.0600213,-0.247714
1654,47.7127,0.402105,0.0832443,-0.911801,-0.550886,0.0346586,-0.245218
1655,50.3404,0.317341,0.547854,-0.774048,-0.548788,0.017404,-0.244348
1656,57.1884,-0.422814,-0.132723,0.896445,-0.548788,-0.017404,-0.244348
1657,59.7606,-0.447686,-0.532752,0.718159,-0.550886,-0.0346586,-0.245218
1658,63.5201,-0.466021,-0.178014,0.866681,-0.559061,-0.0682786,-0.248986
1659,64.5824,0.053465,0.701894,0.710272,-0.565214,-0.0843573,-0.251535
1660,58.4566,0.037393,0.566899,0.822938,-0.576691,-0.107251,-0.256616
1661,71.0205,0.110693,0.519535,0.847249,-0.590795,-0.128309,-0.26287
1662,64.8434,0.093996,0.408505,0.907903,-0.607288,-0.147171,-0.27019
1663,41.4352,-0.863064,-0.480685,0.155122,-0.625886,-0.163515,-0.27845
1664,41.5792,-0.912722,-0.408573,0.00268625,-0.64627,-0.177061,-0.28751
1665,35.3541,-0.95125,-0.302191,-0.0616826,-0.668093,-0.187579,-0.297214
1666,55.6078,-0.0875493,-0.0984437,-0.991284,-0.690983,-0.194885,-0.307395
1667,85.2318,-0.944695,-0.04739,0.32451,-0.714545,-0.198859,-0.31788
1668,79.0368,-0.96661,0.05071,0.251184,-0.738376,-0.199429,-0.328491
1669,85.1304,-0.887806,0.123549,0.443325,-0.762071,-0.196587,-0.339045
1670,89.9541,-0.837457,0.321214,-0.442139,-0.79258,-0.187579,-0.35311
1671,62.6107,0.526321,-0.0606634,-0.848119,-0.807435,-0.180919,-0.359264
1672,48.8833,0.812522,-0.548599,0.1971,-0.834789,-0.163515,-0.371874
1673,89.108,0.715325,-0.657279,0.237265,-0.847545,-0.152921,-0.377158
1674,76.3889,0.681629,-0.730028,0.0494039,-0.864755,-0.134865,-0.384843
1675,77.0296,0.305723,-0.768385,0.562243,-0.879667,-0.114501,-0.391508
1676,83.2841,0.228255,-0.839552,0.493003,-0.892023,-0.0921786,-0.397038
1677,51.4011,0.336054,-0.941239,0.0337142,-0.901613,-0.0682786,-0.401338
1678,68.4173,-0.0680069,-0.836095,0.544352,-0.909787,-0.0346586,-0.405106
1679,82.389,0.266633,-0.855184,-0.444486,-0.911886,-0.017404,-0.405975
1680,68.9998,0.326167,-0.20474,-0.922874,-0.941455,0.00870199,-0.333396
1681,79.5026,0.168441,-0.585656,-0.792865,-0.937196,0.0432113,-0.331825
1682,80.0904,-0.166512,-0.891141,-0.422069,-0.930322,0.0682786,-0.32936
1683,62.1611,0.465363,0.301438,-0.832209,-0.923987,0.0843573,-0.327302
1684,55.8932,0.49369,0.264272,-0.828511,-0.912148,0.107251,-0.323137
1685,66.919,-0.0693335,-0.429804,-0.900256,-0.892284,0.134865,-0.315809
1686,55.6812,0.652551,0.330099,-0.682064,-0.88058,0.147171,-0.312006
1687,56.0063,0.488498,0.106027,-0.866099,-0.861392,0.163515,-0.30523
1688,33.9777,-0.522237,-0.0970804,0.847256,-0.840359,0.177061,-0.297798
1689,39.8945,-0.7755,-0.175848,0.606364,-0.817841,0.187579,-0.289836
1690,40.4632,-0.345859,5.40481e-05,0.938286,-0.794225,0.194885,-0.281482
1691,83.7628,-0.85345,-0.0407517,0.519579,-0.769913,0.198859,-0.272876
1692,82.2573,-0.581576,0.0542475,-0.811682,-0.745322,0.199429,-0.264168
1693,88.4689,-0.519586,0.154944,-0.840252,-0.720873,0.196587,-0.255506
1694,72.3539,0.143094,-0.16041,0.976623,-0.696983,0.190381,-0.247039
1695,80.2611,0.891976,-0.368267,-0.262218,-0.674061,0.180919,-0.23891
1696,61.5508,0.809343,-0.410511,-0.420052,-0.652502,0.168359,-0.23126
1697,74.1635,0.74001,-0.460351,-0.49037,-0.632672,0.152921,-0.224219
1698,-13.8757,0.690776,-0.557889,-0.459988,-0.614911,0.134865,-0.217907
1699,0.272279,-0.105552,0.570535,-0.814462,-0.599523,0.114501,-0.212433
1700,57.4325,-0.339983,0.880063,-0.331514,-0.586771,0.0921786,-0.207889
1701,51.1595,-0.235427,0.932126,-0.275165,-0.576873,0.0682786,-0.204355
1702,57.5016,-0.142327,0.97445,-0.173752,-0.57,0.0432113,-0.201891
1703,42.8448,0.315659,-0.588861,-0.744044,-0.566268,0.017404,-0.200538
1704,64.7625,-0.111223,-0.987171,0.114556,-0.566268,-0.017404,-0.200538
1705,56.5753,-0.22345,0.450513,0.864354,-0.57,-0.0432113,-0.201891
1706,62.8459,-0.165664,0.441624,0.881773,-0.576873,-0.0682786,-0.204355
1707,62.6938,-0.0350813,0.52879,0.848028,-0.586771,-0.0921786,-0.207889
1708,75.2264,0.0431967,0.506972,0.860879,-0.599523,-0.114501,-0.212433
1709,69.0451,0.0235067,0.38892,0.920971,-0.614911,-0.134865,-0.217907
1710,45.6694,-0.780734,-0.620541,0.0733737,-0.632672,-0.152921,-0.224219
1711,45.7052,-0.847159,-0.531339,0.00048396,-0.652502,-0.168359,-0.23126
1712,39.453,-0.901326,-0.42836,-0.0641851,-0.674061,-0.180919,-0.23891
1713,59.6872,-0.0537719,-0.133472,-0.989593,-0.696983,-0.190381,-0.247039
1714,89.2553,-0.929184,-0.150281,0.337687,-0.720873,-0.196587,-0.255506
1715,76.5883,-0.908557,-0.0465112,0.415165,-0.745322,-0.199429,-0.264168
1716,76.9836,-0.997912,0.0609658,0.0213432,-0.769913,-0.198859,-0.272876
1717,82.9742,-0.940307,0.154725,0.303123,-0.794225,-0.194885,-0.281482
1718,67.4237,0.9469,-0.284047,-0.150657,-0.817841,-0.187579,-0.289836
1719,67.0386,0.809444,-0.287322,-0.5121,-0.840359,-0.177061,-0.297798
1720,93.5279,0.518177,-0.487725,0.702579,-0.861392,-0.163515,-0.30523
1721,100.014,0.308509,-0.499826,0.809318,-0.88058,-0.147171,-0.312006
1722,82.4144,0.708568,-0.659795,-0.250204,-0.892284,-0.134865,-0.315809
1723,80.9921,0.263539,-0.709297,0.653793,-0.912148,-0.107251,-0.323137
1724,93.6084,0.145075,-0.73858,0.658372,-0.923987,-0.0843573,-0.327302
1725,57.2805,0.432636,-0.824601,-0.364498,-0.930322,-0.0682786,-0.32936
1726,51.7416,0.0998619,-0.9554,0.277919,-0.937196,-0.0432113,-0.331825
1727,87.1363,-0.0854078,-0.91088,0.403736,-0.941455,-0.00870199,-0.333396
1728,73.8787,0.0119371,-0.961546,-0.274384,-0.964168,0.017404,-0.258326
1729,81.3436,0.274196,0.0146155,-0.961563,-0.961959,0.0346586,-0.257796
1730,66.6566,0.145807,-0.332002,-0.931942,-0.953295,0.0682786,-0.255352
1731,59.7942,0.359194,0.199312,-0.911732,-0.943151,0.0921786,-0.252606
1732,66.1705,0.340927,0.111981,-0.933396,-0.930082,0.114501,-0.249078
1733,65.9926,0.456197,0.235211,-0.858231,-0.914311,0.134865,-0.244828
1734,53.6644,0.332553,0.0566317,-0.941383,-0.89611,0.152921,-0.239928
1735,59.8864,0.391155,0.0854326,-0.916351,-0.875789,0.168359,-0.234464
1736,44.3392,-0.27292,-0.000756482,0.962036,-0.853695,0.180919,-0.228529
1737,39.1511,-0.950103,-0.311707,-0.0119893,-0.838061,0.187579,-0.224776
1738,44.4166,-0.217699,0.0110287,0.975954,-0.805727,0.196587,-0.215657
1739,87.5957,-0.857143,-0.0450029,0.513109,-0.780673,0.199429,-0.20894
1740,86.081,-0.548903,0.0495377,-0.834417,-0.755475,0.198859,-0.202188
1741,92.2956,-0.468358,0.136898,-0.872869,-0.730563,0.194885,-0.195517
1742,76.2255,0.10709,-0.125942,0.986241,-0.706363,0.187579,-0.189041
1743,90.4471,0.891766,-0.393785,-0.222906,-0.683291,0.177061,-0.182871
1744,71.7402,0.812634,-0.457431,-0.361086,-0.661739,0.163515,-0.177112
1745,78.0889,0.738439,-0.522027,-0.426843,-0.642078,0.147171,-0.171863
1746,-3.61819,0.673855,-0.611853,-0.414192,-0.624643,0.128309,-0.167213
1747,4.28413,-0.11257,0.509105,-0.853311,-0.609734,0.107251,-0.163243
1748,48.9525,-0.350623,0.872473,-0.340375,-0.597604,0.0843573,-0.160019
1749,55.3789,-0.281136,0.942432,-0.181064,-0.588463,0.0600213,-0.157599
1750,62.0483,-0.256022,0.941692,0.218332,-0.582465,0.0346586,-0.156021
1751,73.6321,0.142931,-0.949995,-0.277632,-0.580256,0.017404,-0.155491
1752,71.2245,-0.0540893,-0.997342,-0.0488262,-0.580256,-0.017404,-0.155491
1753,58.2631,-0.0140924,0.782277,0.622771,-0.582465,-0.0346586,-0.156021
1754,52.3421,-0.0633729,0.50763,0.859241,-0.588463,-0.0600213,-0.157599
1755,58.6654,-0.0179575,0.455382,0.890115,-0.597604,-0.0843573,-0.160019
1756,77.5046,0.0488543,0.435736,0.898748,-0.609734,-0.107251,-0.163243
1757,65.0552,0.0277621,0.32352,0.945814,-0.624643,-0.128309,-0.167213
1758,48.0128,-0.765164,-0.643748,0.0106019,-0.642078,-0.147171,-0.171863
1759,41.8015,-0.833078,-0.548759,-0.0696027,-0.661739,-0.163515,-0.177112
1760,41.8501,-0.889967,-0.439228,-0.122624,-0.683291,-0.177061,-0.182871
1761,62.1214,0.00378825,-0.0905832,-0.995882,-0.706363,-0.187579,-0.189041
1762,85.4525,-0.951917,-0.168563,0.255815,-0.730563,-0.194885,-0.195517
1763,72.7169,-0.905129,-0.0496526,0.422227,-0.755475,-0.198859,-0.202188
1764,83.7282,-0.933041,0.0652407,-0.353806,-0.788949,-0.198859,-0.211629
1765,84.82,-0.598167,0.0714739,0.798178,-0.805727,-0.196587,-0.215657
1766,74.4349,0.820823,-0.312426,0.478163,-0.838061,-0.187579,-0.224776
1767,69.1802,0.602334,-0.182015,-0.777216,-0.853695,-0.180919,-0.228529
1768,95.8884,0.619677,-0.507454,0.598742,-0.875789,-0.168359,-0.234464
1769,89.5217,0.596601,-0.62409,0.504558,-0.89611,-0.152921,-0.239928
1770,89.6147,0.47026,-0.687825,0.552949,-0.914311,-0.134865,-0.244828
1771,83.2824,0.403561,-0.777665,0.482054,-0.930082,-0.114501,-0.249078
1772,77.1247,0.250356,-0.794139,0.553773,-0.943151,-0.0921786,-0.252606
1773,89.1471,0.325752,-0.945095,0.0261072,-0.953295,-0.0682786,-0.255352
1774,55.8768,0.00947073,-0.822518,0.56866,-0.961959,-0.0346586,-0.257796
1775,92.8097,0.112828,-0.980065,-0.163531,-0.96471,-0.00870199,-0.258502
1776,85.6278,0.143006,-0.4634,-0.874534,-0.981463,0.017404,-0.181882
1777,66.5888,0.131676,-0.282839,-0.950086,-0.977566,0.0432113,-0.181129
1778,66.5945,0.0946646,-0.276345,-0.956385,-0.970391,0.0682786,-0.179771
1779,55.699,0.385161,0.446982,-0.807377,-0.963813,0.0843573,-0.178729
1780,55.9235,0.344121,0.24028,-0.90766,-0.951469,0.107251,-0.176467
1781,62.1036,0.426753,0.286709,-0.857718,-0.936293,0.128309,-0.173679
1782,59.9943,0.223897,0.0259043,-0.974269,-0.912173,0.152921,-0.168881
1783,65.8962,0.515732,0.230582,-0.825138,-0.891485,0.168359,-0.165029
1784,44.4556,-0.0931567,0.050639,0.994363,-0.868993,0.180919,-0.160845
1785,45.6619,-0.914688,-0.28578,0.285789,-0.853112,0.187579,-0.158329
1786,37.9157,-0.346941,-0.0313375,0.937363,-0.820163,0.196587,-0.151775
1787,93.7766,-0.8689,-0.0496254,0.492493,-0.794659,0.199429,-0.147045
1788,92.1188,-0.402906,0.037643,-0.914467,-0.769009,0.198859,-0.142291
1789,98.4172,-0.396024,0.112719,-0.911296,-0.74365,0.194885,-0.137595
1790,76.0862,0.0531397,-0.0836402,0.995078,-0.719017,0.187579,-0.133037
1791,90.3024,0.895304,-0.418809,-0.151755,-0.695532,0.177061,-0.128697
1792,71.591,0.818083,-0.499307,-0.285364,-0.673595,0.163515,-0.124647
1793,84.2843,0.725952,-0.555357,-0.405675,-0.653583,0.147171,-0.120956
1794,2.58878,0.653948,-0.643384,-0.398007,-0.635837,0.128309,-0.117689
1795,4.15157,-0.104866,0.417744,-0.902493,-0.620662,0.107251,-0.1149
1796,55.0745,-0.324793,0.827689,-0.457647,-0.608317,0.0843573,-0.112639
1797,61.8392,-0.329485,0.944043,0.0149454,-0.599013,0.0600213,-0.110942
1798,61.4303,-0.116479,0.926408,-0.358052,-0.592911,0.0346586,-0.10984
1799,85.2376,0.200121,-0.0914122,-0.975497,-0.590112,0.00870199,-0.109352
1800,72.0874,-0.20531,-0.330013,0.921379,-0.590112,-0.00870199,-0.109352
1801,65.0434,-0.098642,0.405416,0.908795,-0.592911,-0.0346586,-0.10984
1802,58.7175,-0.029938,0.43189,0.901429,-0.599013,-0.0600213,-0.110942
1803,52.4516,0.0191058,0.400693,0.916013,-0.608317,-0.0843573,-0.112639
1804,83.9044,0.0525195,0.350389,0.935131,-0.620662,-0.107251,-0.1149
1805,65.1195,0.0588107,0.27922,0.958424,-0.635837,-0.128309,-0.117689
1806,48.089,-0.757504,-0.652812,-0.00497753,-0.653583,-0.147171,-0.120956
1807,48.2317,-0.817744,-0.555821,-0.149525,-0.673595,-0.163515,-0.124647
1808,42.0043,-0.873148,-0.442402,-0.204678,-0.695532,-0.177061,-0.128697
1809,68.5654,0.0780178,-0.0400178,-0.996148,-0.719017,-0.187579,-0.133037
1810,91.9416,-0.974084,-0.185146,0.129929,-0.74365,-0.194885,-0.137595
1811,73.1086,-0.990539,-0.0621946,0.122329,-0.769009,-0.198859,-0.142291
1812,72.9573,-0.957764,0.0580452,0.281637,-0.794659,-0.199429,-0.147045
1813,91.6913,-0.90099,0.160266,0.403153,-0.820163,-0.196587,-0.151775
1814,80.5676,0.907601,-0.320336,0.271376,-0.853112,-0.187579,-0.158329
1815,75.2921,0.408653,-0.110589,-0.905965,-0.868993,-0.180919,-0.160845
1816,102.425,0.515234,-0.434313,0.738855,-0.891485,-0.168359,-0.165029
1817,95.74,0.660457,-0.63661,0.39815,-0.912173,-0.152921,-0.168881
1818,87.3465,0.41509,-0.614093,0.67126,-0.936293,-0.128309,-0.173679
1819,80.9758,0.369916,-0.716261,0.59172,-0.951469,-0.107251,-0.176467
1820,87.5523,0.148371,-0.605054,0.782237,-0.963813,-0.0843573,-0.178729
1821,95.5235,0.309113,-0.946577,0.0918747,-0.970391,-0.0682786,-0.179771
1822,89.257,0.182309,-0.979852,0.081567,-0.977566,-0.0432113,-0.181129
1823,52.0598,-0.0464043,-0.853089,0.519699,-0.981463,-0.017404,-0.181882
1824,87.6518,0.116956,-0.00909506,-0.993096,-0.993272,0.00870199,-0.104406
1825,60.4178,0.0318261,-0.386145,-0.921889,-0.988764,0.0432113,-0.103872
1826,68.3604,0.239757,0.394519,-0.887058,-0.984273,0.0600213,-0.103519
1827,59.7993,0.210046,0.194811,-0.958086,-0.971055,0.0921786,-0.101954
1828,66.0021,0.276903,0.248469,-0.928217,-0.957595,0.114501,-0.100513
1829,66.1568,0.216436,0.115252,-0.96947,-0.941355,0.134865,-0.0987833
1830,60.0431,0.110446,-0.00625159,-0.993862,-0.922611,0.152921,-0.0967926
1831,67.6748,0.786195,0.492784,-0.372909,-0.908846,0.163515,-0.0957086
1832,37.6261,-0.479341,-0.185173,0.857871,-0.878934,0.180919,-0.0921679
1833,56.4518,-0.526465,-0.144129,0.837891,-0.854749,0.190381,-0.0896146
1834,37.7454,-0.428098,-0.0635378,0.901496,-0.829543,0.196587,-0.0869586
1835,94.0058,-0.679221,-0.0386158,0.732917,-0.803747,0.199429,-0.0842439
1836,93.9655,7.29766e-05,0.00770966,-0.99997,-0.786397,0.199429,-0.0828786
1837,87.9836,-0.300485,0.081643,-0.950286,-0.760601,0.196587,-0.0801633
1838,94.2995,-0.326947,0.147543,-0.933454,-0.735395,0.190381,-0.077506
1839,71.9319,-0.0165182,-0.0498326,0.998621,-0.711209,0.180919,-0.0749526
1840,86.0996,0.833765,-0.549095,-0.0577109,-0.688459,0.168359,-0.0725466
1841,67.3315,0.752301,-0.639195,-0.159604,-0.667533,0.152921,-0.0703293
1842,80.3732,0.563929,-0.557367,-0.609365,-0.648789,0.134865,-0.068338
1843,-1.69444,0.557485,-0.778323,-0.288831,-0.632549,0.114501,-0.0666073
1844,-0.181207,-0.022498,0.274642,-0.961283,-0.619089,0.0921786,-0.0651666
1845,68.2679,-0.337183,0.923233,0.184252,-0.605871,0.0600213,-0.063602
1846,62.9353,-0.0139652,0.55973,-0.828557,-0.601381,0.0432113,-0.0632486
1847,91.6929,0.111958,0.0801769,-0.990473,-0.596872,0.00870199,-0.0627153
1848,78.1408,-0.123829,-0.106881,0.986531,-0.596872,-0.00870199,-0.0627153
1849,63.1825,-0.0865997,0.149738,0.984926,-0.601381,-0.0432113,-0.0632486
1850,56.7424,-0.0161597,0.284788,0.958454,-0.60864,-0.0682786,-0.0640406
1851,88.1586,0.0166756,0.263667,0.96447,-0.619089,-0.0921786,-0.0651666
1852,69.3931,-0.0024346,0.169833,0.98547,-0.632549,-0.114501,-0.0666073
1853,51.9836,-0.657619,-0.712436,0.244894,-0.648789,-0.134865,-0.068338
1854,52.4908,-0.71019,-0.647461,-0.276449,-0.667533,-0.152921,-0.0703293
1855,46.2156,-0.78221,-0.543352,-0.30482,-0.688459,-0.168359,-0.0725466
1856,66.4529,0.154718,0.0185385,-0.987785,-0.711209,-0.180919,-0.0749526
1857,96.0838,-0.947038,-0.317509,0.0480277,-0.735395,-0.190381,-0.077506
1858,77.2742,-0.980939,-0.194132,-0.00839813,-0.760601,-0.196587,-0.0801633
1859,77.6032,-0.936692,-0.0637035,-0.344311,-0.786397,-0.199429,-0.0828786
1860,78.9,-0.760721,0.0445865,0.647546,-0.803747,-0.199429,-0.0842439
1861,98.0885,-0.913283,0.171907,0.369272,-0.829543,-0.196587,-0.0869586
1862,76.1337,0.892358,-0.287102,-0.348237,-0.854749,-0.190381,-0.0896146
1863,75.9683,0.783574,-0.354454,-0.510269,-0.878934,-0.180919,-0.0921679
1864,113.228,0.0650744,-0.121059,0.99051,-0.908846,-0.163515,-0.0957086
1865,101.943,0.712077,-0.648319,0.269497,-0.922611,-0.152921,-0.0967926
1866,89.5874,0.560932,-0.695872,0.448462,-0.941355,-0.134865,-0.0987833
1867,83.4342,0.422307,-0.724182,0.545177,-0.957595,-0.114501,-0.100513
1868,77.069,0.350588,-0.816077,0.459464,-0.971055,-0.0921786,-0.101954
1869,100.233,0.0908109,-0.552836,0.828327,-0.984273,-0.0600213,-0.103519
1870,95.2735,0.214733,-0.956711,-0.196454,-0.988764,-0.0432113,-0.103872
1871,62.7896,-0.0867303,-0.355336,0.930706,-0.993272,-0.00870199,-0.104406
1872,85.9592,-0.0205797,-0.725674,-0.687731,-0.997833,0.017404,-0.026108
1873,61.6409,0.174016,0.748442,-0.639963,-0.995561,0.0346586,-0.026108
1874,73.2109,-0.157181,-0.557466,-0.815184,-0.986566,0.0682786,-0.0257547
1875,61.8126,0.31183,0.571827,-0.758799,-0.979906,0.0843573,-0.0257547
1876,55.7659,0.277017,0.362259,-0.889961,-0.967359,0.107251,-0.025452
1877,62.1524,0.257949,0.252401,-0.932607,-0.951935,0.128309,-0.025072
1878,62.2738,0.19842,0.140571,-0.969984,-0.933897,0.147171,-0.0246213
1879,55.6326,0.478274,0.297875,-0.826151,-0.913553,0.163515,-0.0241067
1880,68.1456,0.546064,0.253841,-0.79836,-0.891253,0.177061,-0.0235373
1881,33.547,-0.598572,-0.192796,0.777522,-0.867377,0.187579,-0.022924
1882,52.5314,-0.50254,-0.0932488,0.859511,-0.842335,0.194885,-0.022276
1883,33.674,-0.508091,-0.031101,0.860742,-0.816554,0.198859,-0.0216053
1884,89.4464,-0.961188,0.0623411,0.268757,-0.790475,0.199429,-0.0209227
1885,94.239,-0.348711,0.0766686,-0.934089,-0.764545,0.196587,-0.02024
1886,87.9168,-0.311917,0.118438,-0.942699,-0.739209,0.190381,-0.0195687
1887,94.1489,-0.260672,0.147062,-0.954161,-0.714898,0.180919,-0.0189207
1888,71.764,-0.0745283,0.0236241,0.996939,-0.692029,0.168359,-0.0183073
1889,85.866,0.746864,-0.658172,0.0948865,-0.670993,0.152921,-0.017738
1890,70.6557,0.557758,-0.658717,0.504973,-0.646419,0.128309,-0.0167727
1891,73.3143,0.553444,-0.831312,0.0511973,-0.635825,0.114501,-0.0167727
1892,-1.81839,0.438054,-0.870255,-0.225312,-0.622293,0.0921786,-0.0163927
1893,-0.0467101,-0.105005,0.41401,-0.904196,-0.611789,0.0682786,-0.01609
1894,63.2925,-0.1377,0.806007,-0.575666,-0.60449,0.0432113,-0.01587
1895,97.684,0.0521203,-0.209677,-0.97638,-0.599953,0.00870199,-0.015692
1896,84.7457,-0.0628868,-0.415059,0.907619,-0.599953,-0.00870199,-0.015692
1897,56.9298,-0.0151412,0.120092,0.992647,-0.60449,-0.0432113,-0.01587
1898,88.2704,0.0231489,0.181964,0.983033,-0.611789,-0.0682786,-0.01609
1899,69.5589,-0.0178186,0.0435225,0.998894,-0.622293,-0.0921786,-0.0163927
1900,52.7915,-0.476466,-0.740937,-0.473279,-0.635825,-0.114501,-0.0167727
1901,55.4506,-0.353184,-0.439797,-0.825736,-0.646419,-0.128309,-0.0167727
1902,46.4636,-0.659831,-0.59443,-0.459647,-0.670993,-0.152921,-0.017738
1903,60.3554,0.215573,0.118592,-0.96926,-0.692029,-0.168359,-0.0183073
1904,96.2552,-0.896072,-0.442589,-0.034215,-0.714898,-0.180919,-0.0189207
1905,77.3576,-0.946937,-0.321417,-0.000918504,-0.739209,-0.190381,-0.0195687
1906,77.3299,-0.98072,-0.194987,0.013006,-0.764545,-0.196587,-0.02024
1907,83.4005,-0.975384,-0.0634203,0.211198,-0.790475,-0.199429,-0.0209227
1908,102.112,-0.941217,0.0608673,0.332274,-0.816554,-0.198859,-0.0216053
1909,73.7624,0.902304,-0.176415,-0.393352,-0.842335,-0.194885,-0.022276
1910,73.7659,0.876637,-0.292449,-0.382074,-0.867377,-0.187579,-0.022924
1911,106.508,0.5221,-0.273144,0.807963,-0.891253,-0.177061,-0.0235373
1912,100.046,0.589532,-0.412147,0.694684,-0.913553,-0.163515,-0.0241067
1913,87.1794,0.661965,-0.596109,0.454375,-0.933897,-0.147171,-0.0246213
1914,87.2788,0.541692,-0.642056,0.542525,-0.951935,-0.128309,-0.025072
1915,81.0435,0.435466,-0.686006,0.582894,-0.967359,-0.107251,-0.025452
1916,81.0749,0.331933,-0.721465,0.607708,-0.979906,-0.0843573,-0.0257547
1917,99.4838,0.306878,-0.928384,0.209591,-0.989361,-0.0600213,-0.0259747
1918,99.9924,0.122257,-0.744228,0.656642,-0.995561,-0.0346586,-0.026108
1919,68.6617,0.0176899,-0.698351,0.715537,-0.998401,-0.00870199,-0.0261533
1920,-1.0803,-0.0577982,-0.983711,0.170211,-0.996805,0.017404,0.0522606
1921,0.576337,-0.176912,-0.767822,-0.615753,-0.994541,0.0346586,0.0520826
1922,-0.901601,-0.288915,-0.891425,0.349126,-0.985546,0.0682786,0.0517293
1923,1.06131,-0.441522,-0.882268,-0.163281,-0.978906,0.0843573,0.0512066
1924,1.285,-0.552398,-0.830802,0.0679958,-0.966374,0.107251,0.0505239
1925,1.46202,-0.632537,-0.732572,0.251468,-0.950968,0.128309,0.0496926
1926,2.03164,-0.492719,-0.457583,0.740166,-0.932951,0.147171,0.0487273
1927,1.99447,-0.566477,-0.397425,0.721912,-0.912629,0.163515,0.0476439
1928,2.16935,-0.48384,-0.254839,0.837231,-0.890353,0.177061,0.0464613
1929,2.32336,-0.376599,-0.140033,0.915732,-0.866502,0.187579,0.0452
1930,2.25736,-0.441032,-0.0947044,0.892481,-0.841486,0.194885,0.0438813
1931,52.3505,-0.586696,-0.0405622,0.808791,-0.815732,0.198859,0.042528
1932,33.4535,-0.615243,0.0423742,0.787198,-0.78968,0.199429,0.041162
1933,89.3579,-0.943965,0.189895,0.269943,-0.763777,0.196587,0.039808
1934,3.52745,0.712833,-0.233106,0.661461,-0.738465,0.190381,0.0384893
1935,87.7135,-0.204737,0.0820628,-0.975371,-0.714179,0.180919,0.0372273
1936,94.0005,-0.205824,0.111996,-0.972159,-0.691332,0.168359,0.0360446
1937,71.6412,-0.075794,0.100666,0.992029,-0.670317,0.152921,0.034962
1938,85.9231,0.658413,-0.752106,-0.0287851,-0.651492,0.134865,0.0339966
1939,65.9774,0.294668,-0.389653,0.872549,-0.635181,0.114501,0.0331653
1940,73.5517,0.422856,-0.87606,-0.231757,-0.621661,0.0921786,0.0324826
1941,-1.79201,0.297911,-0.910645,-0.286313,-0.611165,0.0682786,0.03196
1942,-0.114056,-0.110369,0.372733,-0.921352,-0.603871,0.0432113,0.0316066
1943,63.1133,-0.074002,0.70727,-0.703059,-0.599905,0.017404,0.0314286
1944,57.0508,0.0395548,0.0041521,0.999209,-0.599905,-0.017404,0.0314286
1945,88.2623,0.0783406,0.200818,0.976491,-0.603871,-0.0432113,0.0316066
1946,69.5728,0.0525168,0.0392416,0.997849,-0.611165,-0.0682786,0.03196
1947,52.5746,-0.437902,-0.870024,-0.226496,-0.621661,-0.0921786,0.0324826
1948,60.1038,-0.0781121,-0.0583495,-0.995236,-0.635181,-0.114501,0.0331653
1949,46.4323,-0.620582,-0.691077,-0.370526,-0.651492,-0.134865,0.0339966
1950,54.2172,0.219115,0.22488,-0.94943,-0.670317,-0.152921,0.034962
1951,96.4269,-0.826462,-0.548904,-0.12516,-0.691332,-0.168359,0.0360446
1952,77.5854,-0.888726,-0.435558,-0.143023,-0.714179,-0.180919,0.0372273
1953,83.576,-0.937354,-0.319959,0.137819,-0.738465,-0.190381,0.0384893
1954,83.4652,-0.952814,-0.191387,0.235619,-0.763777,-0.196587,0.039808
1955,102.301,-0.969103,-0.0641649,0.238164,-0.78968,-0.199429,0.041162
1956,73.9242,0.943624,-0.0627232,-0.325023,-0.815732,-0.198859,0.042528
1957,73.8897,0.919443,-0.185602,-0.346666,-0.841486,-0.194885,0.0438813
1958,106.528,0.606649,-0.195628,0.770523,-0.866502,-0.187579,0.0452
1959,100.118,0.652659,-0.308468,0.692014,-0.890353,-0.177061,0.0464613
1960,87.3149,0.720266,-0.467795,0.512235,-0.912629,-0.163515,0.0476439
1961,80.9239,0.687394,-0.588115,0.426158,-0.932951,-0.147171,0.0487273
1962,81.3593,0.434433,-0.460742,0.773941,-0.950968,-0.128309,0.0496926
1963,81.0456,0.479238,-0.685035,0.548688,-0.966374,-0.107251,0.0505239
1964,81.2658,0.327913,-0.607252,0.723684,-0.978906,-0.0843573,0.0512066
1965,95.3748,0.314079,-0.940309,-0.131049,-0.985546,-0.0682786,0.0517293
1966,106.454,0.153373,-0.618969,0.770295,-0.994541,-0.0346586,0.0520826
1967,68.7908,0.070662,-0.6008,0.79627,-0.997376,-0.00870199,0.0522606
1968,0.703254,-0.116483,-0.852955,-0.508822,-0.990201,0.00870199,0.130353
1969,-0.962089,-0.152569,-0.941027,0.301977,-0.985693,0.0432113,0.129819
1970,0.442115,-0.306018,-0.65722,-0.688777,-0.981244,0.0600213,0.129115
1971,-0.952778,-0.386992,-0.859557,0.333765,-0.968026,0.0921786,0.12755
1972,-0.584495,-0.366053,-0.659936,0.656117,-0.954602,0.114501,0.125809
1973,0.987033,-0.663348,-0.729378,-0.167264,-0.944138,0.128309,0.124151
1974,-0.511257,-0.48585,-0.497529,0.71862,-0.919715,0.152921,0.121261
1975,-0.310198,-0.413774,-0.341105,0.844061,-0.898849,0.168359,0.118532
1976,-0.125682,-0.310635,-0.206081,0.927921,-0.876165,0.180919,0.115561
1977,-0.198682,-0.405404,-0.172595,0.897696,-0.852053,0.190381,0.112397
1978,5.93949,-0.555075,-0.128957,0.821743,-0.826923,0.196587,0.109097
1979,0.914843,0.599339,0.0328918,0.79982,-0.801205,0.199429,0.105716
1980,1.32476,0.861887,-0.0522889,0.504397,-0.775341,0.198859,0.10231
1981,1.25991,0.807914,-0.146354,0.570838,-0.749773,0.194885,0.0989399
1982,-0.00973033,-0.289343,0.135425,0.947597,-0.724937,0.187579,0.0956619
1983,2.79212,0.195438,-0.0389528,0.979942,-0.709056,0.180919,0.0931466
1984,-0.553161,-0.0320057,-0.057168,-0.997851,-0.686373,0.168359,0.0901746
1985,1.00571,-0.754541,0.656102,-0.0140928,-0.665507,0.152921,0.0874459
1986,71.4912,-0.0757675,0.216443,0.973351,-0.646817,0.134865,0.0850073
1987,-4.00611,0.511905,-0.811143,-0.282845,-0.625791,0.107251,0.0825186
1988,-4.7217,0.441366,-0.786481,0.432022,-0.613351,0.0843573,0.0808546
1989,-5.78509,0.117189,0.00101966,0.993109,-0.603979,0.0600213,0.0795926
1990,-4.27273,0.200705,-0.978798,0.0408822,-0.597834,0.0346586,0.0787546
1991,-4.45285,0.0346223,0.71924,0.693899,-0.59559,0.017404,0.0783993
1992,57.2006,0.10684,-0.144815,0.983674,-0.59559,-0.017404,0.0783993
1993,83.8698,0.189928,0.426053,0.884537,-0.597834,-0.0346586,0.0787546
1994,-25.9521,-0.211955,-0.298021,-0.93073,-0.603979,-0.0600213,0.0795926
1995,-20.7719,-0.451083,-0.888135,-0.087979,-0.613351,-0.0843573,0.0808546
1996,-18.855,0.149446,0.382742,-0.911688,-0.625791,-0.107251,0.0825186
1997,54.393,0.218361,0.368689,-0.903542,-0.646817,-0.134865,0.0850073
1998,90.2595,-0.751393,-0.637094,-0.171816,-0.665507,-0.152921,0.0874459
1999,-19.1275,0.63706,0.369893,0.676265,-0.686373,-0.168359,0.0901746
2000,-6.34378,0.528746,0.21149,0.822009,-0.709056,-0.180919,0.0931466
2001,-3.54589,0.0981282,-0.00662531,0.995152,-0.724937,-0.187579,0.0956619
2002,-4.78036,0.956447,0.183766,0.226803,-0.749773,-0.194885,0.0989399
2003,-11.0992,0.982012,0.062635,0.178128,-0.775341,-0.198859,0.10231
2004,-5.99398,0.529879,-0.0410704,-0.847078,-0.801205,-0.199429,0.105716
2005,-2.97126,-0.407222,0.101738,0.907645,-0.826923,-0.196587,0.109097
2006,-25.6065,-0.216374,0.0340383,-0.975717,-0.852053,-0.190381,0.112397
2007,-30.3025,0.874608,-0.440425,-0.202701,-0.876165,-0.180919,0.115561
2008,-30.3805,0.789824,-0.546383,-0.278647,-0.898849,-0.168359,0.118532
2009,-17.6269,0.745843,-0.659579,-0.0931356,-0.919715,-0.152921,0.121261
2010,-19.1885,0.501216,-0.470651,0.726134,-0.944138,-0.128309,0.124151
2011,-23.9326,0.546503,-0.831036,-0.103512,-0.954602,-0.114501,0.125809
2012,-23.723,0.452353,-0.884555,0.113753,-0.968026,-0.0921786,0.12755
2013,-2.94193,-0.156469,0.118306,-0.980572,-0.981244,-0.0600213,0.129115
2014,-2.90593,-0.13396,0.0854293,-0.987298,-0.987389,-0.0346586,0.129953
2015,-2.13104,-0.0495123,-0.634159,-0.771615,-0.990201,-0.00870199,0.130353
2016,-1.42852,-0.0979127,-0.981812,-0.162662,-0.976357,0.017404,0.207552
2017,-1.5705,-0.243165,-0.930229,-0.274855,-0.972469,0.0432113,0.206756
2018,-1.43693,-0.346397,-0.929762,-0.124704,-0.96532,0.0682786,0.205266
2019,-0.719637,-0.278026,-0.777039,0.564723,-0.955035,0.0921786,0.203108
2020,-0.847609,-0.429143,-0.768841,0.474046,-0.941788,0.114501,0.200318
2021,-0.951853,-0.566628,-0.722468,0.396198,-0.925807,0.134865,0.196945
2022,-0.643681,-0.507554,-0.550356,0.662946,-0.907365,0.152921,0.193047
2023,0.0156655,-0.0836455,-0.182655,0.979612,-0.886778,0.168359,0.188689
2024,-0.35404,-0.427467,-0.289412,0.856454,-0.864397,0.180919,0.183948
2025,2.61362,0.603056,0.251077,-0.757155,-0.840608,0.190381,0.178903
2026,3.01907,0.431655,0.0492983,0.900691,-0.824262,0.194885,0.174978
2027,3.20604,0.603825,0.028669,0.796601,-0.799036,0.198859,0.169613
2028,1.13811,0.802736,-0.0440566,0.594705,-0.764925,0.198859,0.162827
2029,-0.475027,-0.622716,0.151396,0.767662,-0.739699,0.194885,0.157461
2030,0.867579,0.574094,-0.137772,0.807115,-0.715197,0.187579,0.152245
2031,-2.83129,-0.0818573,-0.0561843,-0.995059,-0.691838,0.177061,0.147268
2032,-1.26367,-0.834796,0.550169,0.0207383,-0.670021,0.163515,0.142615
2033,-2.72792,-0.159071,-0.0320154,-0.986748,-0.650119,0.147171,0.138367
2034,-4.29733,0.656661,-0.750837,-0.0710005,-0.632475,0.128309,0.134595
2035,-4.26553,0.551463,-0.831075,-0.0721282,-0.617387,0.107251,0.131363
2036,-3.26378,0.338715,-0.32454,0.883145,-0.608926,0.0921786,0.129331
2037,-5.37185,0.30498,-0.379353,0.873544,-0.595872,0.0600213,0.126735
2038,-3.10986,0.265348,-0.500577,0.824022,-0.591492,0.0432113,0.125683
2039,-2.28239,-0.205194,0.344869,-0.915948,-0.58704,0.00870199,0.124798
2040,0.100035,-0.123765,0.568652,-0.813214,-0.58704,-0.00870199,0.124798
2041,-28.6111,-0.27257,-0.730808,-0.6258,-0.591492,-0.0432113,0.125683
2042,-26.3517,-0.354411,-0.624257,-0.696201,-0.595872,-0.0600213,0.126735
2043,-22.2134,-0.431442,-0.587853,-0.684315,-0.608926,-0.0921786,0.129331
2044,-21.3476,-0.408212,-0.751164,0.518764,-0.617387,-0.107251,0.131363
2045,-18.5857,0.290215,0.505729,-0.812412,-0.632475,-0.128309,0.134595
2046,-23.2137,0.649388,0.454562,0.609646,-0.650119,-0.147171,0.138367
2047,-18.4624,0.475049,0.412906,-0.777069,-0.670021,-0.163515,0.142615
2048,-16.8258,0.704863,0.278418,0.652419,-0.691838,-0.177061,0.147268
2049,-10.8265,0.878807,0.26654,0.395795,-0.715197,-0.187579,0.152245
2050,-3.0897,-0.256274,-0.0874228,0.962643,-0.739699,-0.194885,0.157461
2051,-4.67052,0.968056,0.0591936,0.243648,-0.764925,-0.198859,0.162827
2052,-8.28545,0.52494,-0.0446732,-0.849966,-0.799036,-0.198859,0.169613
2053,-5.00289,-0.634096,0.15324,0.757918,-0.824262,-0.194885,0.174978
2054,-1.67129,-0.947227,0.310204,-0.0808396,-0.840608,-0.190381,0.178903
2055,-25.4195,-0.131441,-0.0317698,-0.990815,-0.864397,-0.180919,0.183948
2056,-24.1742,0.737063,-0.536914,-0.410441,-0.886778,-0.168359,0.188689
2057,-23.763,0.757397,-0.652927,-0.00603501,-0.907365,-0.152921,0.193047
2058,-17.1946,0.669624,-0.686351,0.283769,-0.925807,-0.134865,0.196945
2059,-17.3101,0.577992,-0.794313,0.18706,-0.941788,-0.114501,0.200318
2060,-17.5064,0.45084,-0.892518,0.0124255,-0.955035,-0.0921786,0.203108
2061,-16.9266,0.367809,-0.738083,0.565641,-0.96532,-0.0682786,0.205266
2062,-0.552733,-0.233517,0.223466,-0.946326,-0.972469,-0.0432113,0.206756
2063,-2.61159,-0.177634,-0.206183,-0.962255,-0.976921,-0.00870199,0.207641
2064,0.775722,-0.179647,-0.888214,-0.42285,-0.957618,0.00870199,0.283649
2065,1.05584,-0.236,-0.962777,-0.131775,-0.954903,0.0346586,0.282814
2066,0.903099,-0.382418,-0.891908,-0.241364,-0.948965,0.0600213,0.281025
2067,-0.519225,-0.13913,-0.672249,0.727134,-0.936155,0.0921786,0.277412
2068,1.46526,-0.459781,-0.81043,0.363049,-0.927879,0.107251,0.274723
2069,1.64498,-0.472848,-0.689341,0.548838,-0.913091,0.128309,0.270318
2070,1.43058,-0.653759,-0.646054,0.393971,-0.895797,0.147171,0.265173
2071,0.487689,0.378298,0.0760426,0.922555,-0.86924,0.168359,0.257684
2072,1.70458,-0.632198,-0.389989,0.669503,-0.854906,0.177061,0.253026
2073,4.17808,0.943706,0.317171,-0.0939197,-0.832009,0.187579,0.246232
2074,1.33557,0.928228,0.159684,0.335997,-0.799675,0.196587,0.237112
2075,1.14431,0.856169,0.0449155,0.51474,-0.774804,0.199429,0.22975
2076,2.50619,0.0401876,0.0152587,0.999076,-0.758253,0.199429,0.224372
2077,1.74009,-0.63958,0.163142,0.751214,-0.733381,0.196587,0.217008
2078,2.8864,0.42146,-0.0543257,0.905218,-0.709077,0.190381,0.209817
2079,-0.301748,-0.385809,0.0599336,-0.92063,-0.685755,0.180919,0.20292
2080,0.732411,-0.843287,0.514479,-0.155492,-0.663817,0.168359,0.196438
2081,-0.423154,-0.299498,0.0257679,-0.953749,-0.643635,0.152921,0.190479
2082,-2.12254,0.653574,-0.749796,-0.103188,-0.625555,0.134865,0.185145
2083,-2.52767,0.599399,-0.740303,0.304422,-0.609889,0.114501,0.180529
2084,-2.69185,0.503728,-0.725499,0.468946,-0.596901,0.0921786,0.176709
2085,-2.54178,-0.3011,0.0951539,-0.948833,-0.584092,0.0600213,0.173096
2086,-0.142015,-0.320267,0.34724,-0.881393,-0.579808,0.0432113,0.171704
2087,-5.40731,0.275845,-0.360421,0.89107,-0.575439,0.00870199,0.170472
2088,-3.26603,0.228444,-0.371878,0.899734,-0.575439,-0.00870199,0.170472
2089,-25.3205,0.328721,0.625558,0.707544,-0.579808,-0.0432113,0.171704
2090,-22.9186,0.375273,0.393282,0.839345,-0.584092,-0.0600213,0.173096
2091,-22.7647,-0.487302,-0.855641,-0.174399,-0.596901,-0.0921786,0.176709
2092,-23.0873,-0.531933,-0.831645,0.159419,-0.609889,-0.114501,0.180529
2093,-20.7619,0.237482,0.515795,-0.823139,-0.625555,-0.134865,0.185145
2094,-25.5126,0.720426,0.492089,0.488708,-0.643635,-0.152921,0.190479
2095,-20.4343,0.593956,0.497062,-0.63257,-0.663817,-0.168359,0.196438
2096,-19.3523,0.857156,0.35753,0.370752,-0.685755,-0.180919,0.20292
2097,-12.8271,0.787112,0.203629,0.582228,-0.709077,-0.190381,0.209817
2098,-5.31702,-0.265576,-0.102687,0.958606,-0.733381,-0.196587,0.217008
2099,-6.03942,0.417778,0.0102058,0.908492,-0.758253,-0.199429,0.224372
2100,-3.17775,-0.0768001,0.0226097,0.99679,-0.774804,-0.199429,0.22975
2101,-0.176138,-0.0768738,-0.0391074,-0.996274,-0.799675,-0.196587,0.237112
2102,-3.2213,-0.639038,0.139162,-0.756481,-0.832009,-0.187579,0.246232
2103,-27.2408,0.327286,-0.276502,-0.903565,-0.854906,-0.177061,0.253026
2104,-24.656,0.405171,-0.409173,-0.817566,-0.86924,-0.168359,0.257684
2105,-25.8385,0.762431,-0.571852,0.302793,-0.895797,-0.147171,0.265173
2106,-19.7829,0.686215,-0.718451,0.113743,-0.913091,-0.128309,0.270318
2107,-19.5898,0.59916,-0.730488,0.327713,-0.927879,-0.107251,0.274723
2108,-17.6916,0.400924,-0.893764,-0.20111,-0.936155,-0.0921786,0.277412
2109,-19.1323,0.399374,-0.540715,0.740357,-0.948965,-0.0600213,0.281025
2110,-2.97042,-0.296671,0.148231,-0.943406,-0.954903,-0.0346586,0.282814
2111,-2.564,-0.246723,-0.252404,-0.935639,-0.957618,-0.00870199,0.283649
2112,-1.34326,-0.0936301,-0.993426,-0.0658586,-0.931869,0.017404,0.357733
2113,-0.708604,0.020797,-0.841597,0.539705,-0.928153,0.0432113,0.356338
2114,0.671068,-0.441153,-0.794802,-0.416741,-0.923991,0.0600213,0.354614
2115,0.908864,-0.505223,-0.847463,-0.162963,-0.915171,0.0843573,0.351198
2116,-0.403,-0.0926228,-0.557755,0.824822,-0.898856,0.114501,0.34518
2117,-0.38412,-0.148415,-0.49667,0.855156,-0.883599,0.134865,0.339349
2118,1.10204,-0.742916,-0.654427,0.140714,-0.87223,0.147171,0.33464
2119,-0.275841,-0.176724,-0.325828,0.928765,-0.846343,0.168359,0.32509
2120,-1.7357,-0.901647,-0.383305,-0.200274,-0.82498,0.180919,0.316904
2121,3.70945,0.920439,0.2589,0.292853,-0.810125,0.187579,0.310752
2122,1.68484,0.978553,0.188484,-0.0831086,-0.778607,0.196587,0.299124
2123,2.90885,0.487275,0.0101693,0.873189,-0.762665,0.198859,0.29252
2124,2.76372,0.366974,-0.00146428,0.93023,-0.738311,0.199429,0.283172
2125,2.75707,0.416155,-0.139636,-0.898508,-0.70596,0.194885,0.271237
2126,2.25635,-0.0845311,0.142868,0.986125,-0.690429,0.190381,0.264804
2127,-2.06045,-0.781696,0.265596,-0.564279,-0.660282,0.177061,0.253682
2128,0.319557,-0.791295,0.386833,-0.473511,-0.646358,0.168359,0.247914
2129,-4.28137,0.715612,-0.659288,-0.230735,-0.620471,0.147171,0.238364
2130,-4.13892,0.58071,-0.748356,-0.32053,-0.603633,0.128309,0.231878
2131,-3.2376,0.517369,-0.314432,0.795903,-0.593845,0.114501,0.227824
2132,-2.41654,0.508885,-0.841567,0.181111,-0.581198,0.0921786,0.222996
2133,-1.06458,-0.1308,-0.50738,-0.851738,-0.571376,0.0682786,0.219256
2134,-2.87972,0.376296,-0.679781,0.629523,-0.564549,0.0432113,0.216666
2135,-5.40148,0.344477,-0.365851,0.864574,-0.56029,0.00870199,0.215094
2136,-3.30275,0.304968,-0.33762,0.89051,-0.56029,-0.00870199,0.215094
2137,-22.6196,-0.312576,-0.888026,-0.337203,-0.564549,-0.0432113,0.216666
2138,-24.4106,0.270891,-0.209462,0.939544,-0.571376,-0.0682786,0.219256
2139,-23.0408,-0.424526,-0.896614,0.125943,-0.581198,-0.0921786,0.222996
2140,-22.3487,-0.619052,-0.620018,-0.482029,-0.593845,-0.114501,0.227824
2141,-37.0359,0.415425,0.682363,-0.601501,-0.603633,-0.128309,0.231878
2142,-18.5988,0.19941,0.431429,-0.879832,-0.620471,-0.147171,0.238364
2143,-19.9892,0.773198,0.555765,-0.305432,-0.646358,-0.168359,0.247914
2144,-17.6407,0.865021,0.441358,-0.238625,-0.660282,-0.177061,0.253682
2145,-12.1584,0.361145,0.00545214,0.932494,-0.690429,-0.190381,0.264804
2146,-9.51405,0.0360618,-0.0619931,0.997425,-0.70596,-0.194885,0.271237
2147,-6.34875,0.729722,0.0294142,0.683111,-0.738311,-0.199429,0.283172
2148,-4.97138,-0.537801,0.0522292,0.841452,-0.762665,-0.198859,0.29252
2149,-0.546054,-0.495305,0.0326945,-0.868104,-0.778607,-0.196587,0.299124
2150,-2.99818,-0.535058,0.0715471,-0.84178,-0.810125,-0.187579,0.310752
2151,-27.1156,0.362456,-0.317536,-0.87624,-0.832419,-0.177061,0.319322
2152,-24.3622,0.551854,-0.500574,-0.666996,-0.846343,-0.168359,0.32509
2153,-25.4807,0.716193,-0.420502,0.556997,-0.87223,-0.147171,0.33464
2154,-24.0295,0.568075,-0.745725,-0.348117,-0.883599,-0.134865,0.339349
2155,-17.7306,0.475856,-0.82572,-0.302898,-0.898856,-0.114501,0.34518
2156,-19.0748,0.512388,-0.471329,0.717849,-0.915171,-0.0843573,0.351198
2157,-18.8292,0.420566,-0.283944,0.861684,-0.923991,-0.0600213,0.354614
2158,-11.0146,0.278095,-0.935873,0.216345,-0.928153,-0.0432113,0.356338
2159,-0.576134,-0.350405,0.250991,-0.902341,-0.931869,-0.017404,0.357733
2160,0.626654,-0.292237,-0.810825,-0.50711,-0.901455,0.00870199,0.429962
2161,-0.665927,0.0822214,-0.81934,0.567382,-0.897333,0.0432113,0.428062
2162,0.74776,-0.456287,-0.831931,-0.315741,-0.893319,0.0600213,0.426016
2163,0.988914,-0.493686,-0.868259,-0.0489897,-0.884795,0.0843573,0.42192
2164,-0.48056,-0.0782832,-0.603877,0.793224,-0.869003,0.114501,0.41464
2165,1.0188,-0.674004,-0.734806,0.0760222,-0.859563,0.128309,0.40983
2166,1.73093,-0.395878,-0.577779,0.71376,-0.843286,0.147171,0.402042
2167,1.79412,-0.406745,-0.466828,0.785258,-0.824927,0.163515,0.393266
2168,0.156845,-0.765695,-0.218184,-0.605068,-0.804799,0.177061,0.383648
2169,4.48826,0.791118,0.318309,-0.522314,-0.783247,0.187579,0.373356
2170,0.736788,0.704886,0.0685971,0.705996,-0.752738,0.196587,0.35929
2171,1.42161,0.992726,0.0562439,0.10645,-0.729325,0.199429,0.348127
2172,2.59607,0.283041,0.0094817,0.959061,-0.713818,0.199429,0.340226
2173,4.41747,0.835474,-0.193899,-0.514186,-0.690405,0.196587,0.329062
2174,2.81202,0.498611,-0.0306163,0.866285,-0.667524,0.190381,0.318158
2175,-2.30024,-0.70495,0.173881,-0.687612,-0.638343,0.177061,0.304705
2176,0.262464,-0.810343,0.36343,-0.459633,-0.624914,0.168359,0.297862
2177,-2.53344,0.799756,-0.578716,0.159617,-0.605913,0.152921,0.28882
2178,-2.30144,0.685286,-0.727386,-0.0359607,-0.588891,0.134865,0.280724
2179,-2.99393,0.635618,-0.49089,0.595833,-0.574139,0.114501,0.273714
2180,-3.95682,0.278661,-0.866127,-0.414935,-0.558346,0.0843573,0.266433
2181,-1.65065,0.0959857,-0.864967,-0.492563,-0.552412,0.0682786,0.26341
2182,-2.66894,0.381101,-0.81266,0.440846,-0.545809,0.0432113,0.260292
2183,-5.88625,0.409686,0.108914,0.905701,-0.541686,0.00870199,0.258392
2184,-6.30415,-0.34263,0.46551,-0.81603,-0.541686,-0.00870199,0.258392
2185,-22.841,-0.263048,-0.9578,-0.115867,-0.545809,-0.0432113,0.260292
2186,-23.8257,0.0784563,-0.684515,0.724765,-0.552412,-0.0682786,0.26341
2187,-21.5311,-0.0843608,-0.730899,0.677252,-0.558346,-0.0843573,0.266433
2188,-22.5609,-0.645352,-0.722831,-0.247057,-0.574139,-0.114501,0.273714
2189,-38.8293,0.584361,0.751693,-0.305746,-0.588891,-0.134865,0.280724
2190,-20.3387,0.478202,0.612384,-0.629531,-0.605913,-0.152921,0.28882
2191,-20.0573,0.715609,0.553781,-0.425712,-0.624914,-0.168359,0.297862
2192,-17.4973,0.885872,0.432009,-0.169111,-0.638343,-0.177061,0.304705
2193,-9.52619,-0.793969,-0.161563,-0.586098,-0.667524,-0.190381,0.318158
2194,-11.1957,-0.488081,-0.159754,0.858053,-0.690405,-0.196587,0.329062
2195,-6.13846,0.634091,0.0165517,0.773081,-0.713818,-0.199429,0.340226
2196,-1.72252,-0.979146,0.0636602,0.192924,-0.729325,-0.199429,0.348127
2197,-2.77174,-0.29858,0.132748,0.945107,-0.752738,-0.196587,0.35929
2198,-3.29362,-0.790467,0.159749,-0.591306,-0.783247,-0.187579,0.373356
2199,-40.0157,-0.00774872,-0.199024,-0.979964,-0.804799,-0.177061,0.383648
2200,-26.1574,0.821914,-0.545248,-0.164808,-0.824927,-0.163515,0.393266
2201,-26.0579,0.776255,-0.629705,-0.0299948,-0.843286,-0.147171,0.402042
2202,-25.401,0.684882,-0.428046,0.589672,-0.859563,-0.128309,0.40983
2203,-17.6687,0.479224,-0.830282,-0.284564,-0.869003,-0.114501,0.41464
2204,-19.1555,0.575063,-0.53129,0.622121,-0.884795,-0.0843573,0.42192
2205,-18.9484,0.501589,-0.389401,0.772512,-0.893319,-0.0600213,0.426016
2206,-10.8295,0.352972,-0.865883,0.354482,-0.897333,-0.0432113,0.428062
2207,-2.71371,-0.410049,-0.105578,-0.905932,-0.901455,-0.00870199,0.429962
2208,-1.03785,0.0466404,-0.975719,0.214002,-0.864434,0.017404,0.499105
2209,-1.30188,-0.196198,-0.979386,0.0480514,-0.860981,0.0432113,0.497146
2210,-1.42309,-0.362015,-0.932172,0.000695443,-0.854643,0.0682786,0.49352
2211,-0.226339,0.212446,-0.472168,0.855525,-0.845528,0.0921786,0.488289
2212,0.957003,-0.601206,-0.79889,0.0180552,-0.838109,0.107251,0.483742
2213,1.24184,-0.570963,-0.75208,0.329207,-0.824759,0.128309,0.476008
2214,-0.695763,-0.317506,-0.56854,0.758915,-0.803301,0.152921,0.46399
2215,-1.48829,-0.828795,-0.535992,0.160659,-0.785068,0.168359,0.453484
2216,-0.253661,-0.567941,-0.0463873,-0.821761,-0.772217,0.177061,0.445609
2217,2.54918,0.396663,0.2635,-0.879333,-0.744181,0.190381,0.429908
2218,2.10936,-0.133199,-0.118846,0.983938,-0.729848,0.194885,0.421124
2219,0.971956,0.887362,0.0360718,0.459659,-0.699762,0.199429,0.404276
2220,1.80308,0.940044,-0.0645698,-0.334884,-0.67717,0.198859,0.391232
2221,0.691401,0.705407,-0.0537717,0.70676,-0.654837,0.194885,0.378334
2222,-2.93067,-0.30204,-0.0682983,-0.950845,-0.633146,0.187579,0.365802
2223,2.99705,0.0220388,-0.243344,-0.96969,-0.612468,0.177061,0.353849
2224,-4.96461,0.869275,-0.424324,0.253594,-0.593157,0.163515,0.342683
2225,-4.39468,0.719339,-0.652696,-0.237779,-0.575543,0.147171,0.332492
2226,-4.66053,0.724604,-0.686249,0.0633398,-0.559927,0.128309,0.323452
2227,-3.17727,0.650266,-0.360273,0.668848,-0.550894,0.114501,0.317917
2228,-4.12178,0.335878,-0.892684,-0.300502,-0.53572,0.0843573,0.30942
2229,-1.94981,0.219681,-0.940174,-0.260409,-0.530042,0.0682786,0.30594
2230,-7.34459,-0.167373,0.980805,0.100041,-0.522188,0.0346586,0.301541
2231,-4.97688,0.0616513,0.968828,0.239942,-0.520252,0.017404,0.300354
2232,-7.25987,0.0996433,0.994019,0.0446974,-0.520252,-0.017404,0.300354
2233,-21.4298,0.087868,-0.858101,0.505907,-0.522188,-0.0346586,0.301541
2234,-23.5731,-0.00589899,-0.82635,0.563127,-0.530042,-0.0682786,0.30594
2235,-21.4181,-0.100891,-0.784878,0.611382,-0.53572,-0.0843573,0.30942
2236,-22.4025,-0.683639,-0.648922,-0.333974,-0.550894,-0.114501,0.317917
2237,-21.139,-0.439242,-0.72966,0.524083,-0.559927,-0.128309,0.323452
2238,-36.4474,0.718811,0.652824,-0.23902,-0.575543,-0.147171,0.332492
2239,-10.23,0.710314,0.193285,0.676827,-0.593157,-0.163515,0.342683
2240,-16.5874,0.776238,0.189251,0.601364,-0.612468,-0.177061,0.353849
2241,-10.636,0.929894,0.227629,0.288932,-0.633146,-0.187579,0.365802
2242,-7.40908,-0.929489,-0.127784,-0.346007,-0.654837,-0.194885,0.378334
2243,-8.55406,-0.687437,-0.0625688,0.723544,-0.67717,-0.198859,0.391232
2244,-4.47985,0.99236,-0.0532567,0.111288,-0.699762,-0.199429,0.404276
2245,-4.0685,-0.954076,0.188369,0.232929,-0.729848,-0.194885,0.421124
2246,-1.45004,-0.958823,0.284002,-0.00091086,-0.744181,-0.190381,0.429908
2247,-39.6626,0.238216,-0.323443,-0.915772,-0.772217,-0.177061,0.445609
2248,-22.6708,0.696826,-0.179649,0.694377,-0.785068,-0.168359,0.453484
2249,-23.6259,0.765086,-0.634036,-0.112432,-0.803301,-0.152921,0.46399
2250,-25.5728,0.75158,-0.527477,0.396101,-0.824759,-0.128309,0.476008
2251,-19.1011,0.6747,-0.458277,0.578586,-0.838109,-0.107251,0.483742
2252,-17.5138,0.429362,-0.893132,-0.134027,-0.845528,-0.0921786,0.488289
2253,-16.8704,0.535266,-0.703626,0.467334,-0.854643,-0.0682786,0.49352
2254,-12.2388,0.487809,0.00463607,0.872938,-0.862497,-0.0346586,0.497918
2255,1.80558,0.306554,-0.847208,0.433893,-0.864434,-0.017404,0.499105
2256,-1.00482,0.0815852,-0.968283,0.236162,-0.822609,0.017404,0.565389
2257,0.942979,-0.321396,-0.935569,-0.146341,-0.820772,0.0346586,0.564054
2258,0.821953,-0.472008,-0.863163,-0.179324,-0.815677,0.0600213,0.560518
2259,-0.0879447,0.359719,-0.362442,0.85979,-0.804611,0.0921786,0.553123
2260,0.697106,-0.682054,-0.712613,-0.164272,-0.797571,0.107251,0.548008
2261,1.39876,-0.449149,-0.741899,0.497847,-0.784869,0.128309,0.53925
2262,1.38182,-0.532094,-0.651764,0.540444,-0.770011,0.147171,0.529012
2263,-2.00196,-0.881939,-0.394515,-0.257955,-0.747068,0.168359,0.513682
2264,2.01241,0.697003,0.441067,-0.565373,-0.728205,0.180919,0.500736
2265,0.91909,0.885652,0.168483,0.432706,-0.708157,0.190381,0.486971
2266,2.12169,-0.0434679,-0.116928,0.992189,-0.694557,0.194885,0.47709
2267,0.970689,0.920188,0.0360017,0.389818,-0.665886,0.199429,0.457932
2268,3.66966,0.997142,-0.0524312,0.0543967,-0.651806,0.199429,0.447703
2269,-2.89976,-0.409104,-0.0331362,-0.911886,-0.623135,0.194885,0.428546
2270,1.56293,0.947711,-0.291959,-0.128853,-0.602494,0.187579,0.41435
2271,4.31322,0.723701,-0.442287,-0.529754,-0.589486,0.180919,0.404899
2272,-2.71061,0.886716,-0.428813,0.172785,-0.570624,0.168359,0.391954
2273,-4.13951,0.559779,-0.655572,-0.506826,-0.547682,0.147171,0.376624
2274,-3.50901,0.610491,-0.079688,0.788004,-0.537726,0.134865,0.36939
2275,-4.38346,0.54183,-0.821721,-0.176622,-0.520121,0.107251,0.357628
2276,-4.54745,0.526679,-0.849347,0.0349094,-0.509792,0.0843573,0.350498
2277,-5.25004,-0.288249,0.946306,0.146348,-0.504404,0.0682786,0.346583
2278,-7.28075,-0.12323,0.97845,0.165681,-0.49692,0.0346586,0.341581
2279,-5.05702,0.0358322,0.984855,0.169637,-0.495082,0.017404,0.340246
2280,-5.69759,0.549541,-0.0790545,0.831718,-0.495082,-0.017404,0.340246
2281,-18.2904,-0.128453,0.857083,-0.498907,-0.49692,-0.0346586,0.341581
2282,-23.553,0.0259306,-0.835489,0.548895,-0.504404,-0.0682786,0.346583
2283,-21.1019,-0.256483,-0.881006,0.397548,-0.509792,-0.0843573,0.350498
2284,-21.2401,-0.252685,-0.785152,0.565408,-0.520121,-0.107251,0.357628
2285,-22.6078,-0.742752,-0.666895,-0.0597574,-0.537726,-0.134865,0.36939
2286,-38.6563,0.701583,0.65206,-0.287401,-0.553272,-0.152921,0.38005
2287,-18.7605,0.763902,0.196354,0.614734,-0.570624,-0.168359,0.391954
2288,-7.08452,0.88592,0.41846,-0.200093,-0.589486,-0.180919,0.404899
2289,-4.31431,0.942722,0.218704,0.251879,-0.602494,-0.187579,0.41435
2290,-10.6932,0.980026,0.147461,0.133436,-0.623135,-0.194885,0.428546
2291,-10.3695,-0.933043,-0.0638262,0.354058,-0.651806,-0.199429,0.447703
2292,-7.63703,-0.998395,0.053843,-0.0175515,-0.665886,-0.199429,0.457932
2293,-7.22269,0.928747,-0.189003,-0.318916,-0.694557,-0.194885,0.47709
2294,-2.92275,0.0269105,0.178026,0.983658,-0.708157,-0.190381,0.486971
2295,-0.993228,-0.889427,0.262379,-0.374268,-0.728205,-0.180919,0.500736
2296,-31.6372,-0.461837,-0.0716461,-0.884066,-0.747068,-0.168359,0.513682
2297,-25.68,0.835286,-0.512798,0.19833,-0.770011,-0.147171,0.529012
2298,-25.6886,0.775214,-0.585909,0.236123,-0.784869,-0.128309,0.53925
2299,-18.7784,0.655887,-0.214571,0.723721,-0.797571,-0.107251,0.548008
2300,-17.6372,0.350386,-0.896619,-0.270747,-0.804611,-0.0921786,0.553123
2301,-18.8158,0.608866,-0.271814,0.745251,-0.815677,-0.0600213,0.560518
2302,-12.4686,0.577736,-0.218934,0.786314,-0.820772,-0.0346586,0.564054
2303,-1.11712,-0.427739,0.712508,-0.556212,-0.822609,-0.017404,0.565389
2304,0.308208,-0.530462,-0.587953,-0.610673,-0.776175,0.00870199,0.628522
2305,-0.608313,0.246719,-0.786945,0.56555,-0.77261,0.0432113,0.625712
2306,0.489982,-0.608227,-0.689095,-0.393965,-0.769185,0.0600213,0.622787
2307,-0.234279,0.338741,-0.478215,0.810287,-0.758733,0.0921786,0.614547
2308,0.484332,-0.741747,-0.606025,-0.287308,-0.752117,0.107251,0.608896
2309,-0.76291,-0.180536,-0.670312,0.719784,-0.735489,0.134865,0.595788
2310,-2.58441,-0.730267,-0.139995,-0.668664,-0.720827,0.152921,0.583942
2311,2.00455,0.599055,0.553948,-0.578165,-0.704462,0.168359,0.570713
2312,0.217781,0.514069,-0.0621494,0.855494,-0.686673,0.180919,0.556328
2313,0.495557,0.708822,0.0409893,0.704195,-0.667767,0.190381,0.541031
2314,0.402089,0.637634,0.00474601,0.770325,-0.648065,0.196587,0.525086
2315,-2.0377,-0.981281,-0.042946,-0.187732,-0.627904,0.199429,0.508766
2316,-3.45251,0.0424329,-0.0427463,-0.998184,-0.60763,0.198859,0.492348
2317,0.314681,0.541023,0.0190422,0.840792,-0.587591,0.194885,0.476115
2318,2.81603,0.689782,-0.031895,0.723314,-0.574808,0.190381,0.465198
2319,1.59354,-0.355888,0.396525,0.846234,-0.555901,0.180919,0.449902
2320,-4.6279,0.831021,-0.519107,-0.19983,-0.532247,0.163515,0.431254
2321,-4.36512,0.657365,-0.655259,-0.372165,-0.516444,0.147171,0.418433
2322,-3.49609,0.676186,-0.0893368,0.731294,-0.507086,0.134865,0.410441
2323,-4.28295,0.469015,-0.830433,-0.300675,-0.490458,0.107251,0.397333
2324,-3.31676,0.696478,-0.279787,0.660785,-0.483842,0.0921786,0.391682
2325,-4.45145,0.24373,0.686339,0.685226,-0.475657,0.0682786,0.38509
2326,-2.89903,-0.558513,-0.2534,-0.789843,-0.468588,0.0346586,0.379516
2327,-3.24682,0.589989,-0.389582,0.707205,-0.46686,0.017404,0.378041
2328,-2.94249,-0.605619,-0.301759,-0.73632,-0.46686,-0.017404,0.378041
2329,-12.9891,-0.604644,0.0794865,-0.79252,-0.468588,-0.0346586,0.379516
2330,-21.1755,-0.509846,0.2947,-0.808213,-0.475657,-0.0682786,0.38509
2331,-22.3336,-0.672865,-0.664856,-0.324374,-0.483842,-0.0921786,0.391682
2332,-21.3497,-0.126652,-0.750445,0.648684,-0.490458,-0.107251,0.397333
2333,-22.2447,-0.806557,-0.499949,-0.315462,-0.507086,-0.134865,0.410441
2334,-18.1832,0.268532,0.59616,-0.756627,-0.516444,-0.147171,0.418433
2335,-36.5233,0.685949,0.555007,-0.470575,-0.532247,-0.163515,0.431254
2336,-20.0538,0.658506,0.441481,-0.609479,-0.555901,-0.180919,0.449902
2337,-11.8077,0.341353,-0.105353,0.934012,-0.574808,-0.190381,0.465198
2338,-9.3208,0.158132,-0.0963935,0.982702,-0.587591,-0.194885,0.476115
2339,-10.1761,0.850845,0.0225246,0.524933,-0.60763,-0.198859,0.492348
2340,-11.727,0.529942,-0.0616776,-0.845788,-0.627904,-0.199429,0.508766
2341,-6.86585,-0.762848,0.0397241,-0.645356,-0.648065,-0.196587,0.525086
2342,-5.63316,0.30757,-0.273681,-0.911317,-0.667767,-0.190381,0.541031
2343,-2.28042,-0.448456,0.415602,0.791304,-0.686673,-0.180919,0.556328
2344,-1.0273,-0.891488,0.348156,-0.289891,-0.704462,-0.168359,0.570713
2345,-24.791,-0.105986,-0.417332,-0.902552,-0.720827,-0.152921,0.583942
2346,-23.5216,0.70936,-0.699109,-0.0897502,-0.735489,-0.134865,0.595788
2347,-18.4979,0.610418,0.0163171,0.791911,-0.752117,-0.107251,0.608896
2348,-17.4963,0.413237,-0.891556,-0.185371,-0.758733,-0.0921786,0.614547
2349,-18.5059,0.614267,0.0177318,0.788899,-0.769185,-0.0600213,0.622787
2350,-10.9861,0.346704,-0.927134,0.142194,-0.77261,-0.0432113,0.625712
2351,-2.39581,-0.543159,-0.410443,-0.732472,-0.776175,-0.00870199,0.628522
2352,0.20951,-0.609535,-0.505646,-0.610565,-0.724469,0.00870199,0.687483
2353,-0.556358,0.322659,-0.755481,0.570211,-0.721135,0.0432113,0.684401
2354,0.459048,-0.647222,-0.668673,-0.366032,-0.717951,0.0600213,0.681217
2355,-0.241589,0.396601,-0.48374,0.780194,-0.708177,0.0921786,0.672182
2356,0.612544,-0.728219,-0.673864,-0.12492,-0.702024,0.107251,0.666029
2357,-0.551868,0.0519725,-0.584018,0.810075,-0.686476,0.134865,0.651657
2358,-0.686271,-0.453674,0.221782,-0.863129,-0.677775,0.147171,0.642955
2359,2.18498,0.412386,0.536645,-0.736172,-0.657513,0.168359,0.624225
2360,2.04384,0.0581399,-0.298127,0.952754,-0.646855,0.177061,0.613568
2361,0.475783,0.749815,0.0346832,0.660738,-0.623259,0.190381,0.591756
2362,-0.956555,-0.541137,-0.189804,0.819235,-0.604869,0.196587,0.574314
2363,-0.344756,-0.71029,-0.00287191,-0.703903,-0.592668,0.198859,0.562114
2364,-1.10944,-0.0379252,-0.042647,-0.99837,-0.573745,0.199429,0.544156
2365,0.0150518,0.347255,0.0755485,0.934723,-0.548424,0.194885,0.520749
2366,2.50861,0.520512,0.0664439,0.851265,-0.536538,0.190381,0.508862
2367,-1.44236,-0.833796,0.421617,0.356404,-0.512942,0.177061,0.487051
2368,-3.26213,0.839831,-0.17991,0.512169,-0.502284,0.168359,0.476394
2369,-2.42319,0.768622,-0.610037,-0.192547,-0.487008,0.152921,0.461922
2370,-3.08319,0.830477,-0.381484,0.405928,-0.47332,0.134865,0.448962
2371,-2.7031,0.734979,-0.662799,0.143191,-0.461456,0.114501,0.437736
2372,-2.83544,0.706137,-0.642563,0.297461,-0.45162,0.0921786,0.428436
2373,-4.59629,0.472496,-0.878367,0.0722361,-0.441846,0.0600213,0.419401
2374,-2.01513,0.102511,-0.979074,-0.175802,-0.438661,0.0432113,0.416216
2375,-4.24833,0.0766166,-0.996972,-0.0133143,-0.435327,0.00870199,0.413135
2376,-1.73142,-0.275156,-0.938834,-0.207076,-0.435327,-0.00870199,0.413135
2377,-14.0439,-0.139703,0.899279,-0.414465,-0.438661,-0.0432113,0.416216
2378,-11.418,0.28722,0.944219,-0.161104,-0.441846,-0.0600213,0.419401
2379,-22.7547,-0.518838,-0.852912,0.0578687,-0.45162,-0.0921786,0.428436
2380,-22.9275,-0.505032,-0.822248,0.262394,-0.461456,-0.114501,0.437736
2381,-22.5952,-0.747662,-0.662456,0.0463979,-0.47332,-0.134865,0.448962
2382,-20.2006,0.372773,0.640307,-0.6716,-0.487008,-0.152921,0.461922
2383,-37.9519,0.912503,0.359325,0.195509,-0.502284,-0.168359,0.476394
2384,-35.1309,0.761692,0.0599184,0.645163,-0.512942,-0.177061,0.487051
2385,-20.9118,-0.115283,0.195781,-0.973848,-0.536538,-0.190381,0.508862
2386,-18.4175,0.0875839,0.145965,-0.985405,-0.548424,-0.194885,0.520749
2387,-12.5838,0.917682,0.0265667,0.396426,-0.573745,-0.199429,0.544156
2388,-13.7302,0.745095,-0.0654835,-0.663735,-0.592668,-0.198859,0.562114
2389,-8.76726,-0.45358,-0.053901,-0.889584,-0.611372,-0.194885,0.579869
2390,-5.96421,-0.0841142,-0.203916,-0.975368,-0.623259,-0.190381,0.591756
2391,-4.10016,-0.807705,0.428428,0.405045,-0.646855,-0.177061,0.613568
2392,-1.26235,-0.898243,0.439485,-0.00346124,-0.657513,-0.168359,0.624225
2393,-26.6618,0.325424,-0.629816,-0.705288,-0.677775,-0.147171,0.642955
2394,-23.7433,0.583415,-0.743024,-0.327937,-0.686476,-0.134865,0.651657
2395,-18.5715,0.699836,-0.0449114,0.71289,-0.702024,-0.107251,0.666029
2396,-17.518,0.38346,-0.893479,-0.233781,-0.708177,-0.0921786,0.672182
2397,-18.4606,0.66231,0.0606143,0.746774,-0.717951,-0.0600213,0.681217
2398,-11.0652,0.308662,-0.949525,0.0559454,-0.721135,-0.0432113,0.684401
2399,-2.30626,-0.567674,-0.490137,-0.661447,-0.724469,-0.00870199,0.687483
2400,0.191686,-0.661407,-0.490229,-0.567642,-0.668297,0.00870199,0.742205
2401,-0.591709,0.343198,-0.777116,0.527547,-0.665215,0.0432113,0.738871
2402,0.438363,-0.681341,-0.654655,-0.327416,-0.662289,0.0600213,0.735447
2403,-0.215021,0.473661,-0.463501,0.748874,-0.653255,0.0921786,0.725673
2404,0.745968,-0.679425,-0.732755,0.0380902,-0.647604,0.107251,0.719056
2405,0.967802,-0.624563,-0.725662,0.288678,-0.637297,0.128309,0.707574
2406,0.00857903,-0.865184,-0.227355,-0.446953,-0.625239,0.147171,0.694151
2407,3.67301,0.902382,0.429104,-0.0396956,-0.611637,0.163515,0.679015
2408,2.73879,0.706738,-0.019528,0.707206,-0.596721,0.177061,0.662428
2409,2.27678,0.338968,-0.153361,0.928214,-0.580748,0.187579,0.644671
2410,1.21155,-0.652006,-0.195213,0.732653,-0.563992,0.194885,0.626049
2411,-0.110778,-0.891957,-0.017965,-0.451763,-0.546738,0.198859,0.606881
2412,-2.72097,-0.747988,0.00133593,-0.663711,-0.523129,0.198859,0.581341
2413,1.55191,-0.333318,0.180326,0.925409,-0.511923,0.196587,0.568221
2414,1.56123,-0.291809,0.294278,0.910082,-0.494958,0.190381,0.54939
2415,-0.113796,-0.889833,0.140823,-0.434012,-0.478677,0.180919,0.531325
2416,-2.82988,0.920819,-0.38369,0.0698233,-0.463359,0.168359,0.514334
2417,-4.31748,0.55846,-0.658091,-0.505013,-0.444628,0.147171,0.494072
2418,-3.5009,0.78055,-0.0857542,0.619183,-0.436636,0.134865,0.484714
2419,-4.89299,0.74947,-0.654825,0.0974583,-0.422264,0.107251,0.469166
2420,-5.87513,0.706439,0.0755531,0.70373,-0.413886,0.0843573,0.459822
2421,-3.4806,0.759691,-0.151018,0.632506,-0.40956,0.0682786,0.454758
2422,-1.42239,-0.340527,-0.779442,-0.525843,-0.404653,0.0432113,0.44935
2423,-3.46474,-0.463156,-0.735992,-0.493764,-0.40157,0.00870199,0.446017
2424,-4.71416,0.318495,-0.871819,0.372147,-0.401974,-0.017404,0.44642
2425,-13.1479,0.459692,0.867502,0.19006,-0.404653,-0.0432113,0.44935
2426,-12.4182,0.764515,0.325567,0.556348,-0.40956,-0.0682786,0.454758
2427,-9.71793,0.660411,-0.177532,0.729616,-0.413886,-0.0843573,0.459822
2428,-20.8154,-0.440444,-0.828415,0.346032,-0.422264,-0.107251,0.469166
2429,-22.1864,-0.853514,-0.466342,-0.232462,-0.436636,-0.134865,0.484714
2430,-18.3929,-0.0399708,0.524314,-0.850587,-0.444628,-0.147171,0.494072
2431,-35.2082,-0.835624,-0.495613,0.236856,-0.463359,-0.168359,0.514334
2432,-36.4541,0.0678802,-0.319785,0.945055,-0.478677,-0.180919,0.531325
2433,-38.2006,0.954968,0.257117,-0.148076,-0.494958,-0.190381,0.54939
2434,-19.9777,0.687671,0.195157,-0.699301,-0.511923,-0.196587,0.568221
2435,-17.1547,0.953948,0.0566962,-0.294564,-0.523129,-0.198859,0.581341
2436,-13.4334,0.87156,-0.0622643,-0.486319,-0.546738,-0.198859,0.606881
2437,-6.22464,0.90616,-0.0612764,0.418473,-0.563992,-0.194885,0.626049
2438,-7.49174,0.638686,-0.321615,-0.699031,-0.580748,-0.187579,0.644671
2439,-1.63153,0.25694,-0.404221,-0.877831,-0.596721,-0.177061,0.662428
2440,-2.7526,-0.712044,-0.0214072,-0.701808,-0.611637,-0.163515,0.679015
2441,-30.4993,0.340223,0.357763,0.869629,-0.625239,-0.147171,0.694151
2442,-25.259,0.856852,-0.33623,0.390837,-0.637297,-0.128309,0.707574
2443,-18.6664,0.782128,-0.123424,0.610772,-0.647604,-0.107251,0.719056
2444,-17.5811,0.318784,-0.896708,-0.307069,-0.653255,-0.0921786,0.725673
2445,-18.4137,0.705667,0.104847,0.700743,-0.662289,-0.0600213,0.735447
2446,-11.0444,0.326104,-0.944217,0.045928,-0.665215,-0.0432113,0.738871
2447,-2.29865,-0.61477,-0.496746,-0.612618,-0.668297,-0.00870199,0.742205
2448,0.171749,-0.710737,-0.472813,-0.520866,-0.608004,0.00870199,0.792351
2449,-0.700903,0.305403,-0.837701,0.452753,-0.605193,0.0432113,0.788786
2450,0.353877,-0.736111,-0.594574,-0.323454,-0.602545,0.0600213,0.785142
2451,-0.22387,0.525279,-0.470287,0.709163,-0.594305,0.0921786,0.774689
2452,0.990183,-0.526409,-0.806084,0.270412,-0.589191,0.107251,0.767649
2453,0.670534,-0.764193,-0.636017,0.107198,-0.579818,0.128309,0.755395
2454,-2.00472,-0.882477,-0.470165,-0.0134124,-0.564592,0.152921,0.736081
2455,3.02864,0.88436,0.130795,0.448108,-0.556476,0.163515,0.724911
2456,0.738388,0.935151,0.164039,0.31398,-0.537829,0.180919,0.701257
2457,1.90523,0.0597068,-0.24554,0.967546,-0.528378,0.187579,0.688249
2458,5.35674,-0.37888,-0.188337,0.906079,-0.507579,0.196587,0.661866
2459,-0.338323,-0.815401,-0.00329338,-0.578887,-0.497437,0.198859,0.647907
2460,-0.567879,-0.0637642,0.0539515,0.996506,-0.475905,0.198859,0.620594
2461,-1.6007,-0.884871,0.176456,0.431123,-0.460208,0.194885,0.600131
2462,1.19952,-0.543256,0.321147,0.775717,-0.450327,0.190381,0.586531
2463,-0.319358,-0.845323,0.0522053,-0.531699,-0.435514,0.180919,0.567244
2464,-4.84353,0.861324,-0.46456,-0.205681,-0.416867,0.163515,0.54359
2465,-4.56261,0.684182,-0.627692,-0.371346,-0.404493,0.147171,0.527434
2466,-3.20427,0.882923,-0.300421,0.360824,-0.39726,0.134865,0.517478
2467,-3.09167,0.850993,-0.423036,0.311211,-0.387298,0.114501,0.504534
2468,-2.78843,-0.739751,-0.124472,-0.661267,-0.376532,0.0843573,0.490878
2469,-0.632215,-0.751998,-0.125631,-0.647083,-0.372617,0.0682786,0.48549
2470,-4.41205,0.276954,-0.960562,-0.0248235,-0.367044,0.0346586,0.47842
2471,-2.08824,0.0491662,-0.997804,-0.0443906,-0.365709,0.017404,0.476582
2472,-4.47304,0.168176,-0.962517,0.212786,-0.365709,-0.017404,0.476582
2473,-8.41337,-0.0769504,-0.979297,0.187234,-0.367044,-0.0346586,0.47842
2474,-10.9927,0.199102,-0.832736,0.516632,-0.372617,-0.0682786,0.48549
2475,-11.5653,0.552632,-0.436857,0.709756,-0.379037,-0.0921786,0.49381
2476,-22.6662,-0.629478,-0.762072,0.151669,-0.387298,-0.114501,0.504534
2477,-22.4469,-0.796825,-0.602588,0.0442463,-0.39726,-0.134865,0.517478
2478,-14.825,-0.277846,-0.642911,0.71377,-0.404493,-0.147171,0.527434
2479,-11.6065,0.382282,0.548684,-0.74351,-0.416867,-0.163515,0.54359
2480,-36.1995,-0.102311,-0.38656,0.916572,-0.435514,-0.180919,0.567244
2481,-37.7863,0.971819,0.15759,0.175309,-0.450327,-0.190381,0.586531
2482,-4.62466,0.909394,0.171331,-0.37901,-0.460208,-0.194885,0.600131
2483,-5.68298,0.0959548,0.0551231,-0.993858,-0.475905,-0.198859,0.620594
2484,-13.2336,0.924412,-0.0569998,-0.377112,-0.497437,-0.198859,0.647907
2485,-10.4698,0.992629,-0.120803,0.00973965,-0.507579,-0.196587,0.661866
2486,-7.05764,0.85955,-0.292537,-0.419042,-0.528378,-0.187579,0.688249
2487,-5.88318,-0.188006,-0.304475,-0.933782,-0.537829,-0.180919,0.701257
2488,-2.06297,-0.243699,-0.369949,-0.89652,-0.556476,-0.163515,0.724911
2489,-22.1927,0.711715,0.0931769,0.696261,-0.564592,-0.152921,0.736081
2490,-24.9305,0.833086,-0.101191,0.543808,-0.579818,-0.128309,0.755395
2491,-18.8876,0.85649,-0.300803,0.419455,-0.589191,-0.107251,0.767649
2492,-17.6118,0.269658,-0.897025,-0.350187,-0.594305,-0.0921786,0.774689
2493,-18.2882,0.716868,0.221836,0.660976,-0.602545,-0.0600213,0.785142
2494,-10.9369,0.404436,-0.910276,0.0884806,-0.605193,-0.0432113,0.788786
2495,-2.29095,-0.657663,-0.503382,-0.560434,-0.608004,-0.00870199,0.792351
2496,0.213776,-0.733536,-0.509306,-0.450035,-0.543962,0.00870199,0.837612
2497,-1.04189,0.0640815,-0.960072,0.272316,-0.54144,0.0432113,0.833838
2498,0.251143,-0.794498,-0.515854,-0.320419,-0.539087,0.0600213,0.829997
2499,-0.729482,0.194393,-0.781402,0.592978,-0.531692,0.0921786,0.818931
2500,-0.762879,0.106643,-0.739258,0.664925,-0.524298,0.114501,0.807591
2501,0.578986,-0.796685,-0.596656,0.0964088,-0.518762,0.128309,0.798557
2502,1.12597,0.884009,0.465128,-0.0467352,-0.505099,0.152921,0.778109
2503,3.02538,0.915959,0.129035,0.379959,-0.497884,0.163515,0.766337
2504,0.0325433,0.628053,-0.141787,0.765144,-0.481151,0.180919,0.741292
2505,4.71568,-0.787877,-0.300494,0.537544,-0.467896,0.190381,0.720903
2506,-2.36479,-0.97784,-0.0758536,-0.195131,-0.454086,0.196587,0.699649
2507,-1.91469,-0.968224,-0.0486909,0.245297,-0.439956,0.199429,0.677898
2508,0.711768,-0.865283,0.0587184,0.497833,-0.430862,0.199429,0.663059
2509,-1.59521,-0.845471,0.176902,0.50387,-0.411704,0.194885,0.634388
2510,1.28853,-0.402517,0.318355,0.858272,-0.40292,0.190381,0.620055
2511,-0.173229,-0.932759,0.115652,-0.341447,-0.389665,0.180919,0.599665
2512,-3.39763,0.904935,-0.10721,0.411824,-0.377194,0.168359,0.580487
2513,-2.89983,0.904084,-0.426933,0.0189651,-0.365718,0.152921,0.562848
2514,-4.79495,0.749881,-0.638802,-0.17208,-0.352054,0.128309,0.5424
2515,-3.48666,-0.334468,-0.61302,-0.715778,-0.343671,0.107251,0.529447
2516,-4.45285,0.430798,-0.872802,-0.229411,-0.336858,0.0843573,0.518906
2517,-2.25126,0.325456,-0.931481,-0.162544,-0.333378,0.0682786,0.513228
2518,-4.47397,0.32262,-0.946469,-0.0105903,-0.328376,0.0346586,0.505744
2519,-2.29652,0.216419,-0.973939,0.0678646,-0.32719,0.017404,0.503807
2520,-4.75091,0.399855,-0.853379,0.334456,-0.32719,-0.017404,0.503807
2521,-8.48915,0.0014995,-0.972386,0.233375,-0.328376,-0.0346586,0.505744
2522,-10.5478,-0.135499,-0.94575,0.29529,-0.333378,-0.0682786,0.513228
2523,-8.219,-0.349195,-0.889742,0.293976,-0.336858,-0.0843573,0.518906
2524,-9.20546,0.434843,-0.537694,0.722355,-0.343671,-0.107251,0.529447
2525,-20.8424,-0.408422,-0.751142,0.518629,-0.352054,-0.128309,0.5424
2526,-16.4702,-0.675026,-0.620417,0.399278,-0.365718,-0.152921,0.562848
2527,-13.0421,0.868888,0.444232,-0.218385,-0.377194,-0.168359,0.580487
2528,-36.3032,0.0703568,-0.362143,0.929463,-0.389665,-0.180919,0.599665
2529,-37.8186,0.983716,0.166563,0.0675263,-0.40292,-0.190381,0.620055
2530,-30.5907,0.243003,0.184499,-0.952318,-0.411704,-0.194885,0.634388
2531,-6.92892,0.896389,0.0566764,-0.43963,-0.430862,-0.199429,0.663059
2532,-4.31632,0.979811,-0.0463404,-0.194483,-0.439956,-0.199429,0.677898
2533,0.951966,0.330665,-0.189597,-0.924507,-0.454086,-0.196587,0.699649
2534,-9.8926,0.87986,-0.0321274,0.474146,-0.467896,-0.190381,0.720903
2535,-5.16593,0.417165,-0.440618,-0.794877,-0.481151,-0.180919,0.741292
2536,-2.00129,-0.25731,-0.394763,-0.882017,-0.497884,-0.163515,0.766337
2537,-9.88854,0.875604,-0.0792491,0.476485,-0.505099,-0.152921,0.778109
2538,-24.827,0.84256,-0.0236256,0.538085,-0.518762,-0.128309,0.798557
2539,-17.1856,0.624046,-0.757581,-0.191409,-0.524298,-0.114501,0.807591
2540,-17.145,0.590316,-0.803048,-0.0814894,-0.531692,-0.0921786,0.818931
2541,-18.0976,0.682893,0.392211,0.616301,-0.539087,-0.0600213,0.829997
2542,-10.5599,0.650551,-0.711913,0.264506,-0.54144,-0.0432113,0.833838
2543,-2.37633,-0.735498,-0.428093,-0.525147,-0.543962,-0.00870199,0.837612
2544,0.523962,-0.602444,-0.746931,-0.281344,-0.476567,0.00870199,0.877709
2545,0.494325,-0.666489,-0.715243,-0.210283,-0.475238,0.0346586,0.875199
2546,0.951658,-0.403209,-0.906323,0.126492,-0.472304,0.0600213,0.869735
2547,-0.899277,0.0904902,-0.844596,0.527701,-0.465801,0.0921786,0.858122
2548,-1.22556,-0.259809,-0.8316,0.490856,-0.459319,0.114501,0.846237
2549,0.510422,0.914948,0.129618,0.38219,-0.451505,0.134865,0.831895
2550,0.953,0.92558,0.377719,0.0250978,-0.442492,0.152921,0.815341
2551,-0.23417,0.503375,-0.306783,0.807773,-0.432436,0.168359,0.796856
2552,4.3482,-0.905758,-0.331919,0.263498,-0.421507,0.180919,0.776758
2553,-1.65646,-0.798101,-0.289121,0.528624,-0.409892,0.190381,0.755391
2554,-0.431982,-0.845267,0.0105709,-0.534239,-0.40226,0.194885,0.740413
2555,-1.91738,-0.94685,-0.0485716,0.317988,-0.385412,0.199429,0.710326
2556,0.51951,-0.916586,0.0520929,0.39643,-0.37751,0.199429,0.694819
2557,-0.552613,0.102902,0.160507,0.981656,-0.360661,0.194885,0.664734
2558,-2.33073,-0.982481,0.121068,-0.141683,-0.348715,0.187579,0.642715
2559,-2.0602,-0.960841,0.265662,0.0787912,-0.337329,0.177061,0.62172
2560,-3.87595,0.723589,0.155874,0.6724,-0.330486,0.168359,0.608292
2561,-4.98592,0.857838,-0.488965,-0.158199,-0.317004,0.147171,0.584217
2562,-4.24434,0.326819,-0.752093,-0.572316,-0.308413,0.128309,0.56835
2563,-1.82621,0.0667914,-0.810091,-0.582487,-0.303604,0.114501,0.55891
2564,-4.77573,0.643779,-0.762017,-0.0698513,-0.295106,0.0843573,0.543736
2565,-2.42842,0.453076,-0.886814,-0.0910168,-0.292082,0.0682786,0.537802
2566,-5.95346,0.842805,0.169957,0.510681,-0.287684,0.0346586,0.529949
2567,-2.16121,0.105115,-0.994335,-0.0157773,-0.286653,0.017404,0.527925
2568,-10.2488,-0.238799,-0.969153,-0.060975,-0.286653,-0.017404,0.527925
2569,-6.97932,-0.874634,-0.187402,-0.447097,-0.287684,-0.0346586,0.529949
2570,-10.4817,-0.169785,-0.946905,0.273028,-0.292082,-0.0682786,0.537802
2571,-8.10752,-0.416273,-0.871536,0.259117,-0.295106,-0.0843573,0.543736
2572,-10.9274,0.103972,-0.760906,0.640477,-0.303604,-0.114501,0.55891
2573,-8.54268,-0.128334,-0.734768,0.666068,-0.308413,-0.128309,0.56835
2574,-14.3777,-0.550114,-0.643449,0.532305,-0.317004,-0.147171,0.584217
2575,-12.4988,0.961046,0.207488,0.182591,-0.330486,-0.168359,0.608292
2576,-9.71021,0.795989,-0.0670929,0.601581,-0.337329,-0.177061,0.62172
2577,-34.1171,0.213489,-0.244845,0.945766,-0.348715,-0.187579,0.642715
2578,-35.9421,0.887515,0.161313,-0.43162,-0.360661,-0.194885,0.664734
2579,-32.7093,0.376975,0.0649962,-0.92394,-0.37751,-0.199429,0.694819
2580,-30.2741,0.451997,-0.0654364,-0.889616,-0.385412,-0.199429,0.710326
2581,-0.956713,0.670141,-0.189808,-0.717554,-0.40226,-0.194885,0.740413
2582,-8.74019,0.0304859,0.279355,0.959704,-0.409892,-0.190381,0.755391
2583,-9.52972,0.734589,0.11109,0.669357,-0.421507,-0.180919,0.776758
2584,1.3526,0.517741,-0.550984,-0.654494,-0.432436,-0.168359,0.796856
2585,0.107591,-0.625256,-0.287455,-0.725551,-0.442492,-0.152921,0.815341
2586,-9.31985,0.650817,0.321799,0.687665,-0.451505,-0.134865,0.831895
2587,-16.7528,0.837509,-0.543859,0.0528733,-0.459319,-0.114501,0.846237
2588,-17.1329,0.590354,-0.798148,-0.120178,-0.465801,-0.0921786,0.858122
2589,-18.5049,0.869241,0.0186631,0.494036,-0.472304,-0.0600213,0.869735
2590,-12.2996,0.876468,-0.0550204,0.478306,-0.475238,-0.0346586,0.875199
2591,-2.6757,-0.858885,-0.14321,-0.491739,-0.476567,-0.00870199,0.877709
2592,-1.10004,0.10765,-0.986824,0.120786,-0.405975,0.017404,0.911887
2593,0.0186951,-0.883015,-0.328546,-0.335175,-0.405106,0.0346586,0.909788
2594,-1.05157,0.0433918,-0.929172,0.367092,-0.401338,0.0682786,0.901613
2595,-1.12535,-0.0773566,-0.890834,0.447696,-0.397038,0.0921786,0.892023
2596,0.26836,0.891501,-0.0529536,0.449914,-0.391508,0.114501,0.879667
2597,1.81716,0.357163,0.749004,-0.558058,-0.384843,0.134865,0.864755
2598,3.14057,0.961076,0.221404,0.165268,-0.380134,0.147171,0.853386
2599,3.07595,-0.689966,0.22469,-0.688085,-0.368582,0.168359,0.828328
2600,5.94687,-0.916302,-0.00988811,-0.400366,-0.362814,0.177061,0.814403
2601,-2.01056,-0.93024,-0.222342,0.291919,-0.349361,0.190381,0.785223
2602,-2.66681,-0.943633,-0.0189064,-0.330454,-0.339045,0.196587,0.762071
2603,-3.57733,-0.309932,0.0480794,-0.949542,-0.328492,0.199429,0.738376
2604,-1.0845,-0.439611,-0.0413954,-0.897234,-0.321832,0.199429,0.722297
2605,1.09606,-0.466412,0.194863,0.862837,-0.311278,0.196587,0.698603
2606,0.0691108,-0.987528,0.1525,0.0391501,-0.300962,0.190381,0.675451
2607,-0.404571,-0.92004,0.014606,-0.391553,-0.29106,0.180919,0.653239
2608,-3.14322,0.969233,-0.241029,0.049922,-0.281742,0.168359,0.632346
2609,-3.20848,0.959279,-0.254036,0.123487,-0.273166,0.152921,0.61313
2610,-4.30013,0.331048,-0.750692,-0.571724,-0.26287,0.128309,0.590796
2611,-1.78225,-0.0202781,-0.801033,-0.598276,-0.258816,0.114501,0.581008
2612,-3.1363,0.886328,-0.428207,0.176241,-0.253286,0.0921786,0.568651
2613,-3.60733,0.912132,-0.0316427,0.408674,-0.248986,0.0682786,0.559061
2614,-3.36888,-0.621516,-0.654921,-0.429879,-0.245218,0.0346586,0.550886
2615,-8.71086,-0.894275,0.205686,-0.397449,-0.244089,0.00870199,0.54828
2616,-8.80081,0.362507,-0.902599,0.232172,-0.244089,-0.00870199,0.54828
2617,-25.3609,-0.851629,0.267004,-0.451039,-0.245218,-0.0346586,0.550886
2618,-9.30196,-0.894008,-0.348051,-0.282151,-0.248986,-0.0682786,0.559061
2619,-9.77551,-0.742238,-0.669798,0.0212945,-0.253286,-0.0921786,0.568651
2620,-11.0662,0.280338,-0.707131,0.649135,-0.258816,-0.114501,0.581008
2621,-8.55103,-0.0678028,-0.733402,0.676406,-0.26287,-0.128309,0.590796
2622,-16.1615,-0.802789,-0.523073,0.286225,-0.273166,-0.152921,0.61313
2623,-10.0239,-0.754218,-0.481959,0.445948,-0.281742,-0.168359,0.632346
2624,-11.3412,0.374706,-0.313659,0.872476,-0.29106,-0.180919,0.653239
2625,-36.5072,0.378781,-0.223186,0.898172,-0.300962,-0.190381,0.675451
2626,-37.5787,0.987892,0.0561966,0.144609,-0.311278,-0.196587,0.698603
2627,-31.1219,0.947308,0.00694362,0.32025,-0.321832,-0.199429,0.722297
2628,-28.6256,0.891888,0.00244651,0.452249,-0.328492,-0.199429,0.738376
2629,-29.5612,0.881976,-0.154029,-0.445414,-0.339045,-0.196587,0.762071
2630,0.674488,-0.115645,-0.27774,-0.95367,-0.349361,-0.190381,0.785223
2631,-11.0841,0.0542406,0.399054,0.915322,-0.362814,-0.177061,0.814403
2632,-8.24336,-0.312451,0.555445,0.77062,-0.368582,-0.168359,0.828328
2633,-2.07057,-0.468811,-0.438741,-0.766631,-0.380134,-0.147171,0.853386
2634,-0.704156,-0.946673,0.269833,-0.176069,-0.384843,-0.134865,0.864755
2635,-9.09727,0.575208,0.509631,0.639853,-0.391508,-0.114501,0.879667
2636,-16.93,0.712981,-0.699343,-0.050768,-0.397038,-0.0921786,0.892023
2637,-18.7276,0.916606,-0.190895,0.351272,-0.40261,-0.0600213,0.90411
2638,-11.8477,0.806485,0.378096,0.45456,-0.405106,-0.0346586,0.909788
2639,-0.994683,-0.727283,0.621851,-0.29045,-0.405975,-0.017404,0.911887
2640,-1.34064,-0.10844,-0.993671,0.0292992,-0.333177,0.017404,0.940928
2641,0.31562,-0.793568,-0.584563,-0.168925,-0.332476,0.0346586,0.938768
2642,-1.10012,0.0262528,-0.936951,0.348473,-0.32936,0.0682786,0.930322
2643,-0.83439,0.23219,-0.823217,0.518075,-0.325826,0.0921786,0.920424
2644,1.93491,0.454203,-0.638155,0.621657,-0.323137,0.107251,0.912148
2645,1.51942,0.566563,0.696021,-0.441091,-0.315809,0.134865,0.892284
2646,1.51766,0.602257,0.608434,-0.516812,-0.309497,0.152921,0.874523
2647,4.28348,0.360338,0.554184,-0.750358,-0.30523,0.163515,0.861392
2648,3.13694,0.987609,0.153425,0.0330129,-0.297798,0.177061,0.840359
2649,-1.91354,-0.860322,-0.243808,0.447665,-0.286676,0.190381,0.810213
2650,-0.81937,-0.703141,0.0834319,-0.706138,-0.281482,0.194885,0.794225
2651,-2.05031,-0.939156,-0.0423261,0.340872,-0.269547,0.199429,0.761873
2652,-2.5708,0.814663,-0.0540582,-0.577409,-0.264169,0.199429,0.745322
2653,1.1503,-0.347067,0.195243,0.917292,-0.255506,0.196587,0.720873
2654,1.06939,0.9469,-0.193208,-0.257004,-0.243879,0.187579,0.689353
2655,-0.961503,-0.65707,-0.221434,-0.720573,-0.23891,0.180919,0.674061
2656,-5.39863,0.972146,-0.23394,-0.0142805,-0.228485,0.163515,0.645803
2657,-4.89599,0.772408,-0.526767,-0.354826,-0.22171,0.147171,0.626615
2658,-3.81289,-0.179899,-0.684902,-0.706077,-0.215706,0.128309,0.609599
2659,-5.07524,0.830046,-0.551037,-0.0859171,-0.210578,0.107251,0.595047
2660,-3.39268,-0.587066,-0.607127,-0.535491,-0.206413,0.0843573,0.583207
2661,-0.757252,-0.878745,-0.241719,-0.411558,-0.204355,0.0682786,0.576873
2662,-5.0309,0.73339,-0.667417,0.129207,-0.20124,0.0346586,0.568428
2663,-7.59442,-0.634002,-0.71923,-0.284164,-0.200538,0.017404,0.566268
2664,-9.90963,-0.532794,-0.834873,-0.138265,-0.200538,-0.017404,0.566268
2665,-1.29257,-0.70908,-0.695816,-0.114221,-0.20124,-0.0346586,0.568428
2666,-21.6879,-0.941887,-0.184308,-0.280854,-0.204355,-0.0682786,0.576873
2667,-19.0558,-0.85687,0.253159,-0.449093,-0.206413,-0.0843573,0.583207
2668,-7.84837,-0.610612,-0.734078,0.297123,-0.210578,-0.107251,0.595047
2669,-9.1335,0.518947,-0.520777,0.677853,-0.215706,-0.128309,0.609599
2670,-8.00702,-0.533278,-0.628335,0.566401,-0.22171,-0.147171,0.626615
2671,-13.9644,-0.781012,-0.451456,0.431519,-0.228485,-0.163515,0.645803
2672,-10.731,-0.144201,-0.436006,0.888316,-0.23891,-0.180919,0.674061
2673,-37.5264,-0.591199,0.180948,-0.785965,-0.243879,-0.187579,0.689353
2674,-37.6015,0.99719,0.0604454,0.0442571,-0.255506,-0.196587,0.720873
2675,-37.1419,0.872638,-0.0102411,0.48826,-0.264169,-0.199429,0.745322
2676,-34.5066,0.702024,0.0278716,0.711607,-0.269547,-0.199429,0.761873
2677,-31.4655,0.994508,-0.0809165,-0.0663797,-0.281482,-0.194885,0.794225
2678,-28.2802,0.761426,0.113856,0.638175,-0.286676,-0.190381,0.810213
2679,-2.58586,-0.859257,-0.0866558,-0.504151,-0.297798,-0.177061,0.840359
2680,-9.47613,-0.975988,0.217402,-0.0135382,-0.30523,-0.163515,0.861392
2681,-6.72536,-0.959288,0.065091,-0.274827,-0.309497,-0.152921,0.874523
2682,-0.443272,-0.95707,0.0796179,-0.278709,-0.315809,-0.134865,0.892284
2683,-10.709,-0.149264,0.830828,0.53614,-0.323137,-0.107251,0.912148
2684,-7.94349,-0.3703,0.871601,0.321231,-0.325826,-0.0921786,0.920424
2685,-16.7757,0.76627,-0.640483,0.0511061,-0.32936,-0.0682786,0.930322
2686,-12.4759,0.928512,-0.225884,0.29469,-0.332476,-0.0346586,0.938768
2687,-2.71925,-0.9312,-0.100089,-0.350499,-0.333396,-0.00870199,0.941455
2688,0.26626,-0.810578,-0.55363,-0.190937,-0.258502,0.00870199,0.96471
2689,-1.11837,0.0718683,-0.972599,0.221102,-0.25727,0.0432113,0.960341
2690,-1.28221,-0.122106,-0.946368,0.299128,-0.255352,0.0682786,0.953295
2691,-2.56783,-0.96272,-0.218246,-0.159811,-0.252606,0.0921786,0.943151
2692,2.76125,0.954058,-0.0401117,0.296925,-0.250574,0.107251,0.934689
2693,1.41043,0.616569,0.660918,-0.42782,-0.244828,0.134865,0.914311
2694,1.2543,0.751162,0.521147,-0.405168,-0.239928,0.152921,0.89611
2695,3.75464,0.734493,0.456471,-0.50215,-0.236704,0.163515,0.882684
2696,-2.44965,-0.989121,-0.144811,0.025853,-0.228529,0.180919,0.853695
2697,-2.96505,-0.896067,0.0611253,-0.43969,-0.222224,0.190381,0.830207
2698,-3.76323,-0.296531,0.164228,-0.940797,-0.215656,0.196587,0.805727
2699,-0.946069,-0.67347,0.0346442,-0.738402,-0.211628,0.198859,0.788949
2700,-2.08863,0.381907,-0.0650379,-0.921909,-0.204877,0.199429,0.763751
2701,-0.487977,0.389429,0.15298,0.908263,-0.195517,0.194885,0.730563
2702,2.37466,0.820511,0.107874,0.56136,-0.191592,0.190381,0.714217
2703,-0.441802,-0.961418,-0.00186857,-0.275087,-0.185287,0.180919,0.690729
2704,-3.49316,0.979988,-0.0547045,0.191393,-0.179352,0.168359,0.668635
2705,-4.74716,0.638232,-0.579791,-0.50646,-0.171862,0.147171,0.642078
2706,-2.16647,0.29478,-0.746524,-0.596496,-0.16899,0.134865,0.630112
2707,-3.53272,-0.501361,-0.638247,-0.58419,-0.163242,0.107251,0.609734
2708,-5.67787,0.969835,-0.101106,0.221804,-0.160019,0.0843573,0.597604
2709,-6.46158,0.695181,0.593675,0.405306,-0.157599,0.0600213,0.588463
2710,-3.657,0.961788,0.0113087,0.27356,-0.156547,0.0432113,0.584083
2711,-6.97583,-0.942514,-0.184867,-0.278374,-0.155491,0.017404,0.580256
2712,-2.77815,-0.95518,-0.142081,-0.259701,-0.155491,-0.017404,0.580256
2713,-12.5849,0.860502,0.489369,0.141612,-0.156547,-0.0432113,0.584083
2714,-9.77705,0.93933,-0.138626,0.313756,-0.157599,-0.0600213,0.588463
2715,-10.5668,0.838944,0.542659,-0.0411547,-0.160019,-0.0843573,0.597604
2716,-18.9297,-0.82596,0.326576,-0.459497,-0.163242,-0.107251,0.609734
2717,-10.7761,0.0688273,-0.727969,0.682147,-0.16899,-0.134865,0.630112
2718,-8.20458,-0.309966,-0.65549,0.688661,-0.171862,-0.147171,0.642078
2719,-15.8725,-0.916419,-0.32055,0.239631,-0.179352,-0.168359,0.668635
2720,-11.2016,0.382837,-0.35407,0.853271,-0.185287,-0.180919,0.690729
2721,-38.8285,0.272847,0.321576,-0.906721,-0.191592,-0.190381,0.714217
2722,-35.9733,0.741773,0.164641,-0.650128,-0.195517,-0.194885,0.730563
2723,-28.1545,-0.999824,-0.0181235,0.00494815,-0.204877,-0.199429,0.763751
2724,-35.6429,-0.362593,0.065184,0.929665,-0.211628,-0.198859,0.788949
2725,-33.0832,-0.522923,0.187567,0.831487,-0.215656,-0.196587,0.805727
2726,-29.3332,-0.392634,0.318284,0.862864,-0.224776,-0.187579,0.838061
2727,-11.8017,-0.197051,-0.399031,-0.895514,-0.228529,-0.180919,0.853695
2728,-3.18379,-0.975544,0.212712,0.0553919,-0.236704,-0.163515,0.882684
2729,-0.674943,-0.976442,0.214744,-0.0211406,-0.239928,-0.152921,0.89611
2730,-0.355126,-0.965505,0.0134836,-0.260035,-0.244828,-0.134865,0.914311
2731,-1.73198,-0.32296,-0.732505,-0.599277,-0.250574,-0.107251,0.934689
2732,-3.14603,0.874361,0.285202,0.392623,-0.252606,-0.0921786,0.943151
2733,-7.47641,-0.688415,0.72278,0.0606091,-0.255352,-0.0682786,0.953295
2734,-10.55,0.706998,-0.705168,0.0537775,-0.25727,-0.0432113,0.960341
2735,-2.31085,-0.831866,-0.486139,-0.267709,-0.258502,-0.00870199,0.96471
2736,0.498344,-0.678275,-0.729736,-0.0861925,-0.182016,0.00870199,0.982018
2737,-0.793629,0.396212,-0.881341,0.257399,-0.18113,0.0432113,0.977566
2738,0.498429,-0.712674,-0.694551,0.0984615,-0.180424,0.0600213,0.973117
2739,-0.850836,-0.806697,0.447924,-0.385492,-0.178729,0.0843573,0.963813
2740,1.33886,0.615868,0.702838,-0.355985,-0.175336,0.114501,0.946757
2741,0.843619,0.920044,0.364824,-0.142906,-0.172336,0.134865,0.930703
2742,0.0424485,0.893264,-0.195477,0.404805,-0.16888,0.152921,0.912173
2743,-3.26162,0.991899,0.126976,0.00370004,-0.166721,0.163515,0.898535
2744,-2.30676,-0.95187,-0.202859,0.229762,-0.160845,0.180919,0.868993
2745,-1.36566,-0.376415,0.270292,-0.886145,-0.15833,0.187579,0.853113
2746,-3.69082,-0.435632,0.156157,-0.886476,-0.151776,0.196587,0.820163
2747,-1.03852,-0.663083,0.0396263,-0.747496,-0.149077,0.198859,0.803121
2748,-1.0954,-0.120461,0.0653098,0.990567,-0.142291,0.198859,0.769009
2749,-2.72907,-0.980809,2.52519e-05,-0.19497,-0.137595,0.194885,0.743651
2750,-2.93198,-0.918677,-0.0687104,-0.388987,-0.133037,0.187579,0.719017
2751,-5.44082,0.97042,-0.174303,-0.167042,-0.128697,0.177061,0.695532
2752,-5.35016,0.943941,-0.258116,-0.205794,-0.124647,0.163515,0.673595
2753,-5.72073,0.990535,-0.0659777,0.120363,-0.120956,0.147171,0.653583
2754,-3.73869,-0.357522,-0.660001,-0.66074,-0.117689,0.128309,0.635837
2755,-6.63851,0.574731,0.618754,0.535563,-0.1149,0.107251,0.620662
2756,-4.3227,0.702409,0.570109,0.426142,-0.113539,0.0921786,0.612068
2757,-2.12497,-0.883382,0.468452,-0.0137022,-0.110942,0.0600213,0.599014
2758,-8.74826,-0.972736,0.168483,-0.159368,-0.10984,0.0346586,0.592911
2759,-3.84353,-0.335923,-0.932989,-0.129184,-0.109352,0.00870199,0.590112
2760,-1.3019,-0.695527,-0.712755,-0.0906779,-0.109352,-0.00870199,0.590112
2761,-23.7235,0.365044,0.923912,-0.114582,-0.10984,-0.0346586,0.592911
2762,-14.1345,-0.526778,-0.830212,0.182354,-0.110942,-0.0600213,0.599014
2763,-11.8838,0.946799,-0.169569,0.273529,-0.113539,-0.0921786,0.612068
2764,-9.58186,0.894166,-0.266842,0.359531,-0.1149,-0.107251,0.620662
2765,-12.4753,-0.759738,0.402487,-0.510688,-0.117689,-0.128309,0.635837
2766,-0.977222,-0.925803,-0.324848,0.193291,-0.120956,-0.147171,0.653583
2767,-7.65655,-0.720998,-0.443336,0.532555,-0.124647,-0.163515,0.673595
2768,-7.64121,-0.733056,-0.352257,0.581845,-0.128697,-0.177061,0.695532
2769,-8.68044,0.213306,-0.296033,0.931056,-0.133037,-0.187579,0.719017
2770,-2.56762,0.381538,-0.162829,0.909899,-0.137595,-0.194885,0.743651
2771,-35.3794,0.974554,0.0268063,-0.222542,-0.142291,-0.198859,0.769009
2772,-29.1156,-0.511361,0.0617216,0.857147,-0.149077,-0.198859,0.803121
2773,-26.6708,-0.566904,0.179006,0.8041,-0.151776,-0.196587,0.820163
2774,-29.0558,-0.569895,0.293478,0.767523,-0.15833,-0.187579,0.853113
2775,0.804915,-0.227813,-0.406383,-0.884847,-0.160845,-0.180919,0.868993
2776,-7.90646,-0.235426,-0.511343,-0.826501,-0.166721,-0.163515,0.898535
2777,-5.44828,-0.239717,-0.609416,-0.755744,-0.16888,-0.152921,0.912173
2778,-0.263284,-0.968612,-0.0555365,-0.242295,-0.172336,-0.134865,0.930703
2779,-0.305165,-0.977514,-0.0223821,-0.209681,-0.175336,-0.114501,0.946757
2780,-4.83534,0.349832,0.807355,0.47518,-0.178729,-0.0843573,0.963813
2781,-9.23975,-0.979943,0.132044,-0.149253,-0.180424,-0.0600213,0.973117
2782,-10.8434,0.482415,-0.87221,-0.0807793,-0.18113,-0.0432113,0.977566
2783,-2.64948,-0.964451,-0.169045,-0.203119,-0.182016,-0.00870199,0.982018
2784,-0.957467,0.277992,-0.955779,0.095953,-0.104317,0.017404,0.992709
2785,-1.08732,0.13618,-0.968193,0.209898,-0.103872,0.0432113,0.988764
2786,0.297269,-0.828979,-0.551922,0.0904217,-0.103519,0.0600213,0.984273
2787,-1.028,-0.726073,0.577862,-0.372683,-0.102557,0.0843573,0.974865
2788,1.73725,0.228087,0.820313,-0.524464,-0.100513,0.114501,0.957595
2789,2.65721,0.970973,-0.11029,0.212245,-0.0996825,0.128309,0.947034
2790,-0.0514812,0.882689,-0.253702,0.395596,-0.0967925,0.152921,0.922611
2791,-3.06392,0.943994,0.230791,-0.23582,-0.0957085,0.163515,0.908846
2792,-2.645,-0.998128,-0.0608565,0.00601919,-0.0921679,0.180919,0.878934
2793,-1.4799,-0.339871,0.288385,-0.895166,-0.0909066,0.187579,0.862905
2794,-4.00712,-0.21028,0.184864,-0.960004,-0.0869586,0.196587,0.829543
2795,-0.661428,-0.92475,0.0176449,-0.380166,-0.0856052,0.198859,0.812341
2796,0.76647,-0.498297,0.0602134,0.864913,-0.0828786,0.199429,0.786397
2797,-0.555314,-0.966523,-0.0278187,-0.255069,-0.0801632,0.196587,0.760601
2798,-0.804996,-0.880907,-0.119311,-0.458004,-0.0775059,0.190381,0.735395
2799,-5.11712,0.811178,-0.294666,-0.505136,-0.0737292,0.177061,0.703485
2800,-3.79942,-0.355969,-0.497365,-0.791148,-0.0714126,0.163515,0.681298
2801,-1.1738,-0.694408,-0.430751,-0.576412,-0.0703292,0.152921,0.667533
2802,-6.61912,0.629003,0.544488,0.554877,-0.0674386,0.128309,0.643111
2803,-2.26838,-0.943472,0.315794,0.100668,-0.0658492,0.107251,0.627763
2804,0.128573,-0.837913,0.521896,0.159771,-0.0651666,0.0921786,0.619089
2805,-8.57472,-0.945542,0.325499,-0.000717567,-0.0636019,0.0600213,0.605872
2806,-3.96931,-0.213019,-0.95289,-0.215924,-0.0629826,0.0346586,0.599701
2807,-4.0704,-0.126704,-0.988692,-0.0802092,-0.0627152,0.00870199,0.596872
2808,-4.32581,0.778308,0.62582,0.0508543,-0.0627152,-0.00870199,0.596872
2809,-25.4239,-0.965847,0.207085,-0.15574,-0.0629826,-0.0346586,0.599701
2810,-23.8791,0.216943,0.931341,-0.29247,-0.0636019,-0.0600213,0.605872
2811,-16.3074,-0.503817,-0.796064,0.335336,-0.0651666,-0.0921786,0.619089
2812,-13.9193,-0.690772,-0.635261,0.345367,-0.0658492,-0.107251,0.627763
2813,-9.65563,0.945346,-0.180766,0.271376,-0.0674386,-0.128309,0.643111
2814,-8.77657,-0.959614,0.121975,-0.253502,-0.0703292,-0.152921,0.667533
2815,-6.16026,-0.781449,0.301388,-0.546354,-0.0714126,-0.163515,0.681298
2816,-7.93359,-0.446665,-0.414557,0.792864,-0.0737292,-0.177061,0.703485
2817,-10.7668,0.0843918,-0.315433,0.945188,-0.0775059,-0.190381,0.735395
2818,-4.71599,0.295849,-0.178603,0.938389,-0.0801632,-0.196587,0.760601
2819,-37.209,0.978535,-0.0058765,0.205998,-0.0828786,-0.199429,0.786397
2820,-29.4274,-0.146117,0.0654647,0.987099,-0.0856052,-0.198859,0.812341
2821,-26.3629,-0.740392,0.14699,0.655907,-0.0869586,-0.196587,0.829543
2822,-28.9546,-0.592289,0.278661,0.756004,-0.0909066,-0.187579,0.862905
2823,-2.13702,0.101503,0.433086,0.895619,-0.0921679,-0.180919,0.878934
2824,-1.78253,-0.446702,-0.470315,-0.761092,-0.0957085,-0.163515,0.908846
2825,0.916907,-0.21935,-0.628024,-0.74664,-0.0967925,-0.152921,0.922611
2826,-2.05859,-0.676891,-0.510351,-0.530434,-0.0996825,-0.128309,0.947034
2827,-0.733218,-0.939714,0.324759,0.107093,-0.100513,-0.114501,0.957595
2828,-4.62602,0.187189,0.87094,0.454338,-0.102557,-0.0843573,0.974865
2829,-9.02208,-0.987133,-0.0735785,-0.141968,-0.103519,-0.0600213,0.984273
2830,-1.18937,-0.660475,0.747443,0.071426,-0.103872,-0.0432113,0.988764
2831,-4.40369,0.591726,-0.805963,0.0168738,-0.104317,-0.017404,0.992709
2832,-0.610649,0.593284,-0.801412,0.0758555,-0.0261079,0.017404,0.997833
2833,0.806767,-0.433565,-0.886924,0.159334,-0.0261079,0.0346586,0.995561
2834,0.685988,-0.541368,-0.802402,0.25114,-0.0259746,0.0600213,0.989361
2835,-1.01485,-0.761647,0.568787,-0.310443,-0.0257546,0.0843573,0.979906
2836,1.7087,0.214186,0.816079,-0.536786,-0.0250719,0.114501,0.96253
2837,2.59466,0.971945,-0.156581,0.175514,-0.0250719,0.128309,0.951936
2838,1.46834,0.209711,-0.640545,0.738731,-0.0246213,0.147171,0.933897
2839,-2.29751,0.397492,0.516982,-0.758109,-0.0241066,0.163515,0.913553
2840,-0.991488,-0.784922,0.261757,-0.561588,-0.0235373,0.177061,0.891253
2841,-1.1598,-0.675384,0.228935,-0.701032,-0.0229239,0.187579,0.867377
2842,-2.4363,0.502269,0.172482,-0.847335,-0.0222759,0.194885,0.842335
2843,-2.29704,-0.914421,-0.0288325,0.403737,-0.0209226,0.199429,0.807879
2844,0.215911,-0.838122,0.0378453,0.544169,-0.0209226,0.199429,0.790475
2845,-0.573107,-0.980184,-0.0312498,-0.19561,-0.0202399,0.196587,0.764545
2846,-0.666552,-0.961299,-0.0769719,-0.264538,-0.0195686,0.190381,0.739209
2847,-5.08868,0.750577,-0.303916,-0.586744,-0.0183073,0.177061,0.707101
2848,-2.33182,0.33675,-0.529212,-0.778803,-0.0183073,0.168359,0.692029
2849,-3.80071,0.974153,0.12901,0.185423,-0.0177379,0.152921,0.670993
2850,-3.48342,-0.666218,-0.547542,-0.506311,-0.0167726,0.128309,0.646419
2851,-0.792707,-0.945272,-0.252911,-0.206146,-0.0167726,0.114501,0.635825
2852,-5.54409,-0.348963,0.845852,0.403435,-0.0163926,0.0921786,0.622294
2853,-4.23176,0.0311351,-0.946854,-0.320153,-0.0158699,0.0600213,0.608994
2854,-5.25161,0.867158,-0.493884,-0.0641544,-0.0157366,0.0346586,0.602794
2855,-3.00699,0.802466,-0.596649,-0.00757961,-0.0157366,0.017404,0.600522
2856,-7.17302,0.176162,0.982679,-0.0575173,-0.0157366,-0.017404,0.600522
2857,-24.1801,-0.106369,0.97441,-0.198016,-0.0157366,-0.0346586,0.602794
2858,-25.1897,-0.897709,0.405267,-0.172851,-0.0158699,-0.0600213,0.608994
2859,-26.6403,-0.399941,0.815672,-0.418002,-0.0163926,-0.0921786,0.622294
2860,-15.5296,-0.95955,-0.250059,0.129362,-0.0167726,-0.114501,0.635825
2861,-12.8406,-0.97432,0.148923,-0.168886,-0.0167726,-0.128309,0.646419
2862,-12.545,0.916272,0.281479,-0.284983,-0.0177379,-0.152921,0.670993
2863,-7.6451,-0.207034,0.539764,-0.815961,-0.0183073,-0.168359,0.692029
2864,-4.88849,0.292335,0.427543,-0.855422,-0.0183073,-0.177061,0.707101
2865,-10.8811,0.269797,-0.306261,0.912915,-0.0195686,-0.190381,0.739209
2866,-4.67327,0.3285,-0.181804,0.926841,-0.0202399,-0.196587,0.764545
2867,-36.593,0.735041,-0.0424827,0.67669,-0.0209226,-0.199429,0.790475
2868,-34.0695,0.609089,0.0503365,0.791503,-0.0209226,-0.199429,0.807879
2869,-27.9287,-0.99995,0.00627447,-0.00775097,-0.0222759,-0.194885,0.842335
2870,-29.2308,-0.279907,0.311904,0.907947,-0.0229239,-0.187579,0.867377
2871,-3.80425,-0.551856,0.377439,0.743636,-0.0235373,-0.177061,0.891253
2872,0.611406,0.956987,0.143395,0.252217,-0.0241066,-0.163515,0.913553
2873,-0.600784,0.60991,-0.534251,-0.585309,-0.0246213,-0.147171,0.933897
2874,-1.96,-0.644333,-0.562237,-0.518387,-0.0250719,-0.128309,0.951936
2875,-0.761088,-0.917739,0.345979,0.195073,-0.0250719,-0.114501,0.96253
2876,-4.61677,0.213233,0.872884,0.438868,-0.0257546,-0.0843573,0.979906
2877,-9.40058,-0.958122,0.28051,0.0575829,-0.0259746,-0.0600213,0.989361
2878,-3.10009,-0.962058,0.272353,0.0163738,-0.0261079,-0.0346586,0.995561
2879,1.48541,0.236609,-0.970085,-0.0543247,-0.0261079,-0.017404,0.997833
2880,-1.40681,-0.15458,-0.985449,0.0706705,0.0522613,0.017404,0.996805
2881,-0.765269,0.470544,-0.868777,0.154321,0.0520827,0.0432113,0.99284
2882,0.374526,-0.756487,-0.609671,0.236705,0.0517293,0.0600213,0.988349
2883,-1.04479,-0.764744,0.589295,-0.260571,0.0512067,0.0843573,0.978906
2884,1.53059,0.343147,0.774723,-0.531088,0.050524,0.114501,0.96153
2885,2.34821,0.908449,-0.331323,0.254844,0.0496933,0.128309,0.950969
2886,1.44622,0.245657,-0.643855,0.72464,0.048728,0.147171,0.93295
2887,-4.67133,0.273191,0.529479,-0.80313,0.0476447,0.168359,0.905378
2888,-1.34714,-0.57894,0.36964,-0.72677,0.046462,0.177061,0.890353
2889,-1.2394,-0.671526,0.246167,-0.698896,0.0452,0.187579,0.866502
2890,-2.91664,-0.993444,0.0297254,-0.110384,0.0438813,0.196587,0.832933
2891,-2.24148,-0.852177,-0.0320562,0.52227,0.042528,0.199429,0.80703
2892,0.0803172,-0.867946,0.0302729,0.495735,0.0411627,0.199429,0.78968
2893,-2.60014,-0.985957,0.025139,0.165099,0.0398087,0.194885,0.755224
2894,-6.01869,0.992339,0.0513735,0.112353,0.0384893,0.187579,0.730208
2895,-4.55673,0.24417,-0.425141,-0.871571,0.037228,0.177061,0.706357
2896,-5.67117,0.980902,-0.0895831,-0.172642,0.0360453,0.163515,0.684081
2897,-4.35125,0.0714871,-0.656247,-0.751152,0.034962,0.147171,0.66376
2898,-6.02378,0.981902,0.159848,0.101577,0.0339967,0.128309,0.645743
2899,-7.26652,0.125179,0.827186,0.547808,0.0331654,0.107251,0.630336
2900,-5.51627,0.957103,-0.243197,-0.15751,0.0324827,0.0843573,0.617804
2901,-3.00445,0.796179,-0.562738,-0.222319,0.03196,0.0682786,0.611165
2902,-6.90413,0.43791,0.884883,0.158799,0.0316067,0.0346586,0.60217
2903,-4.83045,0.380651,0.923595,0.0455775,0.0314287,0.017404,0.599906
2904,-7.1389,0.204595,0.976193,-0.0720336,0.0314287,-0.017404,0.599906
2905,-20.8659,-0.0505873,-0.979147,0.196754,0.0316067,-0.0346586,0.60217
2906,-26.6547,-0.446253,0.852594,-0.271921,0.03196,-0.0682786,0.611165
2907,-26.6674,-0.455803,0.805289,-0.379149,0.0324827,-0.0921786,0.621662
2908,-3.16243,0.903821,-0.371361,0.212602,0.0331654,-0.107251,0.630336
2909,-4.11612,0.864011,0.361215,-0.350725,0.0339967,-0.128309,0.645743
2910,-12.0066,-0.546388,0.56277,-0.620283,0.034962,-0.147171,0.66376
2911,-10.686,0.664512,0.403,-0.629297,0.0360453,-0.163515,0.684081
2912,-11.9299,-0.507141,0.389122,-0.76902,0.037228,-0.177061,0.706357
2913,-3.99904,0.891618,0.134802,-0.432258,0.0384893,-0.187579,0.730208
2914,-2.67589,0.66778,-0.150246,0.729037,0.0398087,-0.194885,0.755224
2915,-5.26246,0.835743,-0.0380765,0.547799,0.0411627,-0.199429,0.78968
2916,-2.92015,0.841415,0.0375227,0.539086,0.042528,-0.199429,0.80703
2917,-27.1637,0.120622,0.194576,0.973443,0.0438813,-0.196587,0.832933
2918,-29.1186,-0.316051,0.301146,0.899679,0.0452,-0.187579,0.866502
2919,-3.41891,-0.782963,0.262879,0.563794,0.046462,-0.177061,0.890353
2920,-0.227718,-0.995705,-0.0680664,-0.0627503,0.0476447,-0.168359,0.905378
2921,-0.521685,0.625664,-0.502009,-0.597102,0.048728,-0.147171,0.93295
2922,-1.68882,-0.462562,-0.67552,-0.574202,0.0496933,-0.128309,0.950969
2923,-0.658204,-0.939571,0.266462,0.214952,0.050524,-0.114501,0.96153
2924,-4.57704,0.208348,0.880406,0.426001,0.0512067,-0.0843573,0.978906
2925,-9.08946,-0.999306,-0.00984125,0.0359264,0.0517293,-0.0600213,0.988349
2926,-1.60932,-0.272984,0.941425,0.197989,0.0520827,-0.0432113,0.99284
2927,-0.895661,-0.837813,0.541655,0.0684106,0.0522613,-0.017404,0.996805
2928,0.224635,-0.844428,-0.518599,0.134155,0.130354,0.00870199,0.990201
2929,-0.598307,0.618932,-0.781042,0.0830477,0.12982,0.0432113,0.985693
2930,0.596483,-0.57044,-0.754238,0.325152,0.129115,0.0600213,0.981244
2931,-1.14832,-0.715245,0.656057,-0.240861,0.127853,0.0843573,0.971871
2932,1.36218,0.455197,0.713023,-0.533286,0.12581,0.114501,0.954602
2933,2.18094,0.851461,-0.439127,0.286673,0.124153,0.128309,0.944138
2934,-0.310737,0.841861,-0.401303,0.360868,0.121262,0.152921,0.919715
2935,-3.38161,0.976248,0.0612774,-0.207812,0.119102,0.163515,0.906077
2936,-3.45522,-0.842615,0.275627,-0.462633,0.115561,0.180919,0.876165
2937,-4.61768,0.160616,0.309704,-0.937169,0.112398,0.190381,0.852052
2938,-1.49697,-0.537116,0.175673,-0.825013,0.109769,0.194885,0.835449
2939,-2.20542,-0.786838,-0.034092,0.616217,0.105716,0.199429,0.801205
2940,0.0726631,-0.830672,0.029829,0.555963,0.102993,0.199429,0.784017
2941,-2.18676,-0.791001,0.100784,0.603457,0.09894,0.194885,0.749773
2942,-4.29148,0.817129,0.213271,0.535552,0.09631,0.190381,0.733169
2943,-2.68792,0.542099,-0.344289,-0.766547,0.0931466,0.180919,0.709056
2944,-5.15548,0.712452,-0.348482,-0.609075,0.0896066,0.163515,0.679145
2945,-2.81757,0.639091,-0.4668,-0.611278,0.0874466,0.152921,0.665507
2946,-3.98316,0.954446,0.270582,0.125773,0.0850073,0.134865,0.646817
2947,-5.55361,0.947323,-0.202415,-0.248206,0.0825186,0.107251,0.625791
2948,-5.77338,0.992012,-0.0156349,-0.125173,0.0808546,0.0843573,0.613352
2949,-6.05994,-0.720049,0.626152,0.299104,0.0798133,0.0682786,0.606774
2950,-7.07945,0.287583,0.945113,0.155105,0.0787553,0.0346586,0.597834
2951,-4.89443,0.323711,0.945848,0.0241459,0.0783993,0.017404,0.59559
2952,-22.8472,-0.197961,-0.976262,0.0878857,0.0783993,-0.017404,0.59559
2953,-20.6628,-0.234515,-0.947499,0.217364,0.0787553,-0.0346586,0.597834
2954,-21.7426,-0.952669,-0.234894,0.192993,0.0798133,-0.0682786,0.606774
2955,-18.7277,-0.841497,0.516975,-0.156909,0.0808546,-0.0843573,0.613352
2956,-25.2855,-0.960395,0.270212,-0.0680212,0.0825186,-0.107251,0.625791
2957,-6.08288,0.935317,0.202979,-0.289797,0.0850073,-0.134865,0.646817
2958,-13.5096,0.076292,0.650592,-0.755586,0.0874466,-0.152921,0.665507
2959,-11.1825,0.164071,0.536721,-0.827654,0.0896066,-0.163515,0.679145
2960,-13.7827,-0.187466,0.441079,-0.877671,0.0931466,-0.180919,0.709056
2961,-5.72767,0.999105,-0.0418876,0.0059211,0.09631,-0.190381,0.733169
2962,-3.1652,0.962654,-0.0740068,0.260425,0.09894,-0.194885,0.749773
2963,-5.3493,0.91464,-0.0333179,0.402895,0.102993,-0.199429,0.784017
2964,-3.0458,0.933426,0.0304999,0.357472,0.105716,-0.199429,0.801205
2965,-28.4845,-0.762379,0.108291,0.638005,0.109769,-0.194885,0.835449
2966,-25.5419,-0.987612,0.0133061,0.156353,0.112398,-0.190381,0.852052
2967,-26.9281,-0.028337,0.438598,0.898236,0.115561,-0.180919,0.876165
2968,-1.47446,-0.34423,-0.538011,-0.769448,0.119102,-0.163515,0.906077
2969,1.43208,0.115286,-0.645823,-0.754733,0.121262,-0.152921,0.919715
2970,-1.60509,-0.432654,-0.700825,-0.567146,0.124153,-0.128309,0.944138
2971,-0.608192,-0.937657,0.226729,0.263426,0.12581,-0.114501,0.954602
2972,-4.4675,0.134196,0.893927,0.427652,0.127853,-0.0843573,0.971871
2973,-9.30651,-0.964193,0.194306,0.180491,0.129115,-0.0600213,0.981244
2974,-1.8049,-0.0652187,0.976957,0.203228,0.12982,-0.0432113,0.985693
2975,-2.53881,-0.956272,-0.276635,0.0949547,0.130354,-0.00870199,0.990201
2976,0.417162,-0.716327,-0.672137,0.187371,0.207642,0.00870199,0.976921
2977,-1.48806,-0.196332,-0.952673,0.232094,0.206756,0.0432113,0.972469
2978,-1.02898,0.272276,-0.924803,0.265715,0.205266,0.0682786,0.96532
2979,-1.43361,-0.517022,0.801713,-0.299907,0.203711,0.0843573,0.958844
2980,1.31474,0.454016,0.69191,-0.561365,0.200319,0.114501,0.941788
2981,2.4833,0.971237,-0.237365,0.0188624,0.197846,0.128309,0.931486
2982,-0.589218,0.70211,-0.529754,0.475818,0.193048,0.152921,0.907365
2983,-3.46443,0.975923,0.0153782,-0.217573,0.189825,0.163515,0.893939
2984,-1.49901,-0.568237,0.402247,-0.717847,0.185172,0.177061,0.872123
2985,-2.84421,0.65772,0.198495,-0.726639,0.180195,0.187579,0.848763
2986,-0.854846,-0.959135,0.0896445,-0.268373,0.174979,0.194885,0.824261
2987,-2.4875,-0.895372,-0.0171802,0.444988,0.168251,0.199429,0.790441
2988,-0.100903,-0.879774,0.0193117,0.474999,0.164189,0.199429,0.773519
2989,-2.30519,-0.815209,0.080326,0.57357,0.157461,0.194885,0.739699
2990,-4.29847,0.853017,0.214959,0.475558,0.153537,0.190381,0.723353
2991,-2.68062,0.473909,-0.346312,-0.809616,0.148492,0.180919,0.699563
2992,-5.45318,0.850739,-0.206097,-0.483495,0.142616,0.163515,0.670021
2993,-2.96698,0.701322,-0.39224,-0.595228,0.139393,0.152921,0.656595
2994,-6.09881,0.976724,0.214484,-0.00266064,0.134595,0.128309,0.632475
2995,-6.96816,0.483532,0.76531,0.424851,0.131363,0.107251,0.617388
2996,-4.64822,0.591308,0.761664,0.264996,0.129332,0.0921786,0.608926
2997,-7.27057,0.144968,0.943631,0.297566,0.126736,0.0600213,0.595872
2998,-1.1908,-0.0834515,0.973301,0.213823,0.125417,0.0346586,0.589812
2999,1.63187,0.537845,0.841512,-0.050803,0.124887,0.017404,0.587604
3000,-23.0762,0.0328753,-0.997652,0.0600763,0.124887,-0.017404,0.587604
3001,-20.2422,-0.588713,-0.761419,0.2714,0.125417,-0.0346586,0.589812
3002,-20.4034,-0.429513,-0.823631,0.370339,0.126736,-0.0600213,0.595872
3003,-26.1994,-0.0747131,0.896971,-0.43573,0.129332,-0.0921786,0.608926
3004,-23.9028,0.0323859,0.82317,-0.566871,0.131363,-0.107251,0.617388
3005,-24.8422,-0.7971,0.520371,-0.306341,0.134595,-0.128309,0.632475
3006,-7.06374,0.177142,0.624431,-0.760727,0.139393,-0.152921,0.656595
3007,-4.58138,0.402889,0.464588,-0.788568,0.142616,-0.163515,0.670021
3008,-13.775,-0.248365,0.441354,-0.862277,0.148492,-0.180919,0.699563
3009,-5.76565,0.993668,-0.029755,-0.108343,0.153537,-0.190381,0.723353
3010,-3.14312,0.975582,-0.0779783,0.205327,0.157461,-0.194885,0.739699
3011,-5.33248,0.937728,-0.0342575,0.345677,0.164189,-0.199429,0.773519
3012,-3.00185,0.945163,0.0330168,0.324925,0.168251,-0.199429,0.790441
3013,-28.8235,-0.435709,0.156154,0.886439,0.174979,-0.194885,0.824261
3014,-27.511,-0.976222,-0.123934,-0.177851,0.180195,-0.187579,0.848763
3015,-29.0073,-0.296925,0.39277,0.870383,0.185172,-0.177061,0.872123
3016,-27.3732,-0.92069,-0.290808,-0.260308,0.189825,-0.163515,0.893939
3017,-0.318663,0.683475,-0.405448,-0.607021,0.194074,-0.147171,0.913841
3018,-1.89728,-0.705469,-0.592462,-0.388975,0.197846,-0.128309,0.931486
3019,-0.628806,-0.906247,0.243161,0.345816,0.200319,-0.114501,0.941788
3020,-4.15967,-0.134504,0.87447,0.466058,0.203711,-0.0843573,0.958844
3021,-1.41368,-0.39914,0.839086,0.369624,0.205266,-0.0682786,0.96532
3022,-0.93223,-0.782498,0.561358,0.269397,0.206756,-0.0432113,0.972469
3023,-2.75316,-0.979463,-0.0663683,0.190387,0.207642,-0.00870199,0.976921
3024,-0.934637,0.314392,-0.948987,-0.0241237,0.283517,0.017404,0.957063
3025,0.318134,-0.739759,-0.586536,0.329747,0.282815,0.0346586,0.954903
3026,-1.17323,0.156823,-0.944497,0.288674,0.280372,0.0682786,0.946239
3027,-1.21326,-0.702209,0.694334,-0.157489,0.278313,0.0843573,0.939905
3028,0.708016,0.839906,0.305356,-0.448683,0.273593,0.114501,0.923167
3029,-0.559596,0.74046,-0.587635,0.326195,0.268977,0.134865,0.907501
3030,0.891411,-0.12479,-0.622712,0.772436,0.265175,0.147171,0.895797
3031,-3.10811,0.807852,0.208231,-0.551376,0.259378,0.163515,0.876291
3032,-1.5329,-0.596251,0.40823,-0.691255,0.253027,0.177061,0.854906
3033,-3.01383,0.724487,0.152927,-0.67211,0.246233,0.187579,0.832009
3034,-2.98656,-0.997487,0.0431333,0.0561984,0.237113,0.196587,0.799675
3035,-2.85869,-0.985666,0.0069128,0.168566,0.22975,0.199429,0.774803
3036,-0.152895,-0.866866,0.016032,0.498284,0.224373,0.199429,0.758252
3037,-6.1173,0.998323,0.0476374,-0.0329036,0.215013,0.194885,0.725065
3038,-4.78652,0.23495,-0.282373,-0.930088,0.20789,0.187579,0.701047
3039,-6.08809,0.992742,0.106282,-0.0562742,0.201095,0.177061,0.678151
3040,-6.42794,0.923569,0.311511,0.223566,0.194745,0.163515,0.656766
3041,-7.39742,0.198557,0.659602,0.724914,0.188948,0.147171,0.637259
3042,-4.89376,0.448557,0.720211,0.529238,0.185145,0.134865,0.625555
3043,-6.94767,0.532199,0.758507,0.376073,0.179398,0.107251,0.605178
3044,-4.52823,0.696158,0.699415,0.161807,0.176709,0.0921786,0.596902
3045,-5.71436,0.954061,-0.0659158,-0.292272,0.173096,0.0600213,0.584092
3046,-3.4647,0.937264,-0.176335,-0.300737,0.171705,0.0432113,0.579808
3047,-7.42247,-0.054236,0.995075,0.0829718,0.170473,0.00870199,0.575438
3048,-5.00832,0.183647,0.975864,-0.118164,0.170473,-0.00870199,0.575438
3049,-16.5129,-0.198114,-0.947345,0.251571,0.171705,-0.0432113,0.579808
3050,-14.2262,-0.303794,-0.868496,0.391693,0.173096,-0.0600213,0.584092
3051,-23.1103,0.159125,-0.896244,0.414036,0.176709,-0.0921786,0.596902
3052,-20.7213,-0.0266815,-0.817835,0.574834,0.179398,-0.107251,0.605178
3053,-26.0427,0.00343398,0.738942,-0.673761,0.185145,-0.134865,0.625555
3054,-23.5722,0.236811,0.593382,-0.769297,0.188948,-0.147171,0.637259
3055,-24.6317,-0.742638,0.452508,-0.493686,0.194745,-0.163515,0.656766
3056,-3.99846,0.779988,0.180192,-0.59929,0.201095,-0.177061,0.678151
3057,-5.37974,-0.480559,0.312195,-0.819511,0.20789,-0.187579,0.701047
3058,-0.78435,-0.799881,-0.0709667,0.595949,0.215013,-0.194885,0.725065
3059,-5.36391,0.970048,-0.0324908,0.240731,0.224373,-0.199429,0.758252
3060,-2.70884,0.85392,0.0479457,0.518191,0.22975,-0.199429,0.774803
3061,-28.8391,-0.350236,0.157959,0.923246,0.23911,-0.194885,0.807992
3062,-27.3963,-0.965373,-0.157098,-0.208267,0.246233,-0.187579,0.832009
3063,-28.9317,-0.300064,0.37621,0.8766,0.253027,-0.177061,0.854906
3064,-27.167,-0.854613,-0.38171,-0.352042,0.259378,-0.163515,0.876291
3065,0.0634223,0.868638,-0.182218,-0.460722,0.265175,-0.147171,0.895797
3066,1.42669,0.00911601,-0.738114,-0.674614,0.268977,-0.134865,0.907501
3067,-0.0109729,-0.960831,-0.262489,0.0889011,0.273593,-0.114501,0.923167
3068,-4.3832,0.118849,0.896989,0.425776,0.278313,-0.0843573,0.939905
3069,-1.283,-0.482169,0.774723,0.409044,0.280372,-0.0682786,0.946239
3070,-2.73414,-0.963488,-0.082849,0.254612,0.282815,-0.0346586,0.954903
3071,1.704,0.407108,-0.896308,-0.17577,0.283517,-0.017404,0.957063
3072,-1.12517,0.138274,-0.990227,0.018172,0.357733,0.017404,0.931869
3073,0.593467,-0.517578,-0.778167,0.355766,0.356864,0.0346586,0.92977
3074,0.44051,-0.599475,-0.656121,0.458405,0.354615,0.0600213,0.923991
3075,0.212759,0.949564,-0.103136,-0.296127,0.350008,0.0921786,0.911503
3076,-0.756383,0.605448,-0.736782,0.300973,0.345181,0.114501,0.898856
3077,-0.996313,0.442241,-0.731033,0.519628,0.33935,0.134865,0.883599
3078,-5.68404,0.841837,0.166903,-0.513277,0.332614,0.152921,0.865995
3079,-4.10894,-0.513372,0.538175,-0.668444,0.32509,0.168359,0.846343
3080,-5.12427,0.43077,0.317568,-0.844741,0.316905,0.180919,0.82498
3081,-3.51453,-0.91354,0.217034,-0.344006,0.3082,0.190381,0.802272
3082,-3.44307,-0.943191,0.122653,-0.308784,0.299124,0.196587,0.778607
3083,-5.24591,0.539041,0.0395637,-0.84135,0.289832,0.199429,0.754389
3084,-6.3148,0.996616,0.0274104,0.0774869,0.280484,0.198859,0.730035
3085,-5.05189,0.392842,-0.142605,-0.908482,0.271237,0.194885,0.70596
3086,-6.06015,0.98485,0.0644844,-0.160972,0.262253,0.187579,0.682575
3087,-4.1951,-0.384091,-0.441207,-0.811055,0.253683,0.177061,0.660282
3088,-4.69188,0.681871,0.49543,0.538147,0.247915,0.168359,0.646358
3089,-7.41663,0.23672,0.659405,0.713546,0.238365,0.147171,0.620471
3090,-5.16805,0.244866,0.751985,0.612012,0.233655,0.134865,0.609102
3091,-7.63008,-0.0552834,0.803754,0.592388,0.226327,0.107251,0.589238
3092,-6.1295,0.935727,0.298042,-0.188644,0.221805,0.0843573,0.577529
3093,-7.4171,0.0525612,0.945179,0.322296,0.21839,0.0600213,0.56871
3094,-5.19715,0.0854243,0.980627,0.176278,0.216666,0.0432113,0.564549
3095,-7.64471,-0.252988,0.954164,0.159898,0.215095,0.00870199,0.56029
3096,-4.81056,0.351622,0.915901,-0.193616,0.215095,-0.00870199,0.56029
3097,-24.1569,0.866327,-0.445858,-0.225139,0.216666,-0.0432113,0.564549
3098,-21.9706,0.869515,-0.470334,-0.150763,0.21839,-0.0600213,0.56871
3099,-7.27658,-0.749402,-0.430826,0.502778,0.221805,-0.0843573,0.577529
3100,-13.8757,-0.494946,-0.611244,0.617583,0.226327,-0.107251,0.589238
3101,-22.572,-0.264863,-0.65404,0.708576,0.233655,-0.134865,0.609102
3102,-20.3217,-0.278738,-0.558562,0.781226,0.238365,-0.147171,0.620471
3103,-26.3453,-0.372638,0.553518,-0.744822,0.247915,-0.168359,0.646358
3104,-23.6774,0.00255926,0.419853,-0.907588,0.253683,-0.177061,0.660282
3105,-4.04899,0.679028,0.149222,-0.718786,0.262253,-0.187579,0.682575
3106,-5.09935,-0.315511,0.195178,-0.928632,0.271237,-0.194885,0.70596
3107,-0.602105,-0.849888,-0.0131305,0.5268,0.280484,-0.198859,0.730035
3108,4.50803,0.167582,0.0643835,0.983754,0.289832,-0.199429,0.754389
3109,-1.87622,0.270708,0.194725,0.942761,0.299124,-0.196587,0.778607
3110,-20.1829,-0.264214,0.264513,0.927483,0.3082,-0.190381,0.802272
3111,-25.1183,-0.986776,-0.161337,0.0156193,0.316905,-0.180919,0.82498
3112,-19.9148,-0.519946,0.364352,0.772595,0.32509,-0.168359,0.846343
3113,-18.2852,-0.782554,-0.519814,-0.342642,0.332614,-0.152921,0.865995
3114,1.87384,0.377549,-0.603148,-0.702616,0.33935,-0.134865,0.883599
3115,1.57341,0.126647,-0.785518,-0.605741,0.345181,-0.114501,0.898856
3116,0.503982,-0.74489,-0.663128,-0.0734897,0.350008,-0.0921786,0.911503
3117,-2.8839,-0.9286,0.0636182,0.365587,0.354615,-0.0600213,0.923991
3118,-3.00432,-0.909623,0.181,0.373933,0.356864,-0.0346586,0.92977
3119,-1.27278,-0.526608,0.812198,0.251036,0.357733,-0.017404,0.931869
3120,0.182729,-0.781728,-0.482431,0.395172,0.429962,0.00870199,0.901455
3121,-0.783234,0.479946,-0.876808,-0.0293309,0.428062,0.0432113,0.897333
3122,0.531707,-0.493217,-0.715596,0.494631,0.426017,0.0600213,0.893319
3123,2.07576,0.796449,-0.603399,-0.0397419,0.421921,0.0843573,0.884795
3124,-0.677197,0.680336,-0.703964,0.203906,0.41464,0.114501,0.869003
3125,-0.693914,0.703366,-0.645197,0.298323,0.40763,0.134865,0.854251
3126,-3.62972,0.944045,-0.0952012,-0.315777,0.402043,0.147171,0.843286
3127,-1.83388,-0.425975,0.553719,-0.7155,0.393266,0.163515,0.824927
3128,-4.75846,0.0125097,0.406843,-0.913412,0.380656,0.180919,0.797573
3129,-1.42045,-0.794133,0.27941,-0.539706,0.373356,0.187579,0.783247
3130,-1.21671,-0.912346,0.145235,-0.382795,0.362564,0.194885,0.760639
3131,-3.17562,0.706569,0.02274,-0.707279,0.351457,0.198859,0.737363
3132,-5.839,0.888897,-0.0028777,-0.458099,0.336896,0.198859,0.705777
3133,-3.39617,0.832343,-0.0306761,-0.553412,0.329062,0.196587,0.690404
3134,-4.35858,-0.33089,-0.320796,-0.887469,0.314998,0.187579,0.659895
3135,-6.41685,0.966938,0.239307,0.088113,0.304706,0.177061,0.638343
3136,-7.95312,-0.177266,0.474114,0.862434,0.295088,0.163515,0.618216
3137,-7.66986,0.0532634,0.634242,0.771298,0.286311,0.147171,0.599856
3138,-5.15409,0.304725,0.75172,0.584859,0.280724,0.134865,0.588891
3139,-6.40753,0.878171,0.475108,-0.0555648,0.27186,0.107251,0.569663
3140,-7.51146,0.0474041,0.88695,0.459426,0.266434,0.0843573,0.558346
3141,9.88412,-0.912775,-0.0377042,0.406718,0.262337,0.0600213,0.549822
3142,12.1611,-0.895693,0.0965683,0.434061,0.260293,0.0432113,0.545809
3143,12.2506,-0.886541,0.188945,0.422309,0.25861,0.017404,0.542213
3144,-36.7241,0.822555,-0.450797,-0.346677,0.25861,-0.017404,0.542213
3145,-36.6515,0.819414,-0.507371,-0.266713,0.260293,-0.0432113,0.545809
3146,-34.4199,0.8101,-0.563138,-0.163139,0.262337,-0.0600213,0.549822
3147,-24.5887,0.916478,-0.046296,-0.397398,0.26791,-0.0921786,0.56191
3148,-21.6406,0.782233,-0.616107,0.0923262,0.27186,-0.107251,0.569663
3149,-22.6433,-0.141911,-0.678837,0.720445,0.280724,-0.134865,0.588891
3150,-20.1109,-0.407734,-0.47275,0.781191,0.286311,-0.147171,0.599856
3151,-19.8055,-0.625761,-0.269361,0.73203,0.295088,-0.163515,0.618216
3152,-21.4026,0.791645,-0.378553,0.479578,0.304706,-0.177061,0.638343
3153,-23.5477,0.027378,0.291085,-0.956306,0.314998,-0.187579,0.659895
3154,-6.7042,0.306686,0.144527,-0.940774,0.329062,-0.196587,0.690404
3155,-4.27789,0.39254,0.0439682,-0.918683,0.336896,-0.198859,0.705777
3156,-3.75771,-0.134407,0.0552756,0.989383,0.351457,-0.198859,0.737363
3157,-4.15437,0.241181,0.192069,0.951284,0.362564,-0.194885,0.760639
3158,-22.3252,-0.437605,0.20764,0.874865,0.373356,-0.187579,0.783247
3159,-19.1301,-0.934676,-0.0345419,0.353819,0.380656,-0.180919,0.797573
3160,-22.124,-0.642392,0.258314,0.721531,0.393266,-0.163515,0.824927
3161,-20.32,-0.523859,-0.640273,-0.561802,0.402043,-0.147171,0.843286
3162,0.0183115,-0.947395,-0.261784,0.184154,0.40763,-0.134865,0.854251
3163,1.50394,0.0137043,-0.802593,-0.59637,0.41464,-0.114501,0.869003
3164,-1.34469,-0.276467,-0.89235,-0.356758,0.421921,-0.0843573,0.884795
3165,-2.96675,-0.877825,0.141585,0.457578,0.426017,-0.0600213,0.893319
3166,-1.638,-0.150686,0.948924,0.277195,0.428062,-0.0432113,0.897333
3167,-2.58249,-0.88913,-0.2345,0.39301,0.429962,-0.00870199,0.901455
3168,0.341151,-0.667978,-0.614189,0.42021,0.499364,0.00870199,0.864941
3169,-1.2472,0.0958457,-0.980827,0.169685,0.497146,0.0432113,0.860981
3170,-1.09862,0.283281,-0.936752,0.205541,0.49352,0.0682786,0.854643
3171,1.61011,0.514898,-0.837171,0.184456,0.49004,0.0843573,0.848965
3172,-0.50822,0.784264,-0.619449,0.034842,0.481543,0.114501,0.833791
3173,1.01887,0.128697,-0.734863,0.665893,0.476008,0.128309,0.824758
3174,-3.06259,0.645317,0.270363,-0.714471,0.466967,0.147171,0.809143
3175,-1.91164,-0.414608,0.555808,-0.72054,0.456776,0.163515,0.791529
3176,-3.01935,0.570862,0.204733,-0.795111,0.44561,0.177061,0.772217
3177,-3.55846,-0.944325,0.227243,-0.237932,0.429909,0.190381,0.744181
3178,-4.83894,0.00208668,0.170932,-0.985281,0.417243,0.196587,0.722227
3179,-3.53518,0.874906,-0.00032398,-0.484293,0.408228,0.198859,0.707515
3180,-4.48604,-0.329259,-0.064504,-0.942034,0.391233,0.198859,0.677169
3181,-1.83794,-0.600428,-0.193178,-0.775995,0.382217,0.196587,0.662457
3182,-5.89788,0.890127,0.0127315,-0.455535,0.365802,0.187579,0.633146
3183,-4.82328,0.694999,0.419179,0.58418,0.3574,0.180919,0.619437
3184,-5.68457,-0.0829852,0.481813,0.872336,0.345975,0.168359,0.599617
3185,-6.02911,-0.416909,0.433097,0.799133,0.335469,0.152921,0.581384
3186,-4.26469,0.889573,0.454916,-0.0413608,0.326062,0.134865,0.56505
3187,-4.7738,0.605102,0.75858,0.241679,0.317917,0.114501,0.550894
3188,9.68349,-0.898794,-0.2077,0.386045,0.30942,0.0843573,0.53572
3189,9.69574,-0.885381,-0.214233,0.41256,0.304667,0.0600213,0.527544
3190,9.33073,0.762297,-0.390812,-0.515916,0.302314,0.0432113,0.523704
3191,8.97002,0.869703,-0.0514219,-0.490889,0.300355,0.017404,0.520252
3192,-36.6177,0.749549,-0.542725,-0.378981,0.300355,-0.017404,0.520252
3193,-36.9524,0.869785,-0.235879,-0.433398,0.302314,-0.0432113,0.523704
3194,-34.1364,0.653284,-0.753597,-0.0728836,0.304667,-0.0600213,0.527544
3195,-27.6695,0.590121,-0.798291,0.120373,0.30942,-0.0843573,0.53572
3196,-22.9232,0.13336,-0.821673,0.554138,0.317917,-0.114501,0.550894
3197,-23.454,0.612683,-0.702417,0.362256,0.326062,-0.134865,0.56505
3198,-21.7256,-0.783897,-0.128888,0.607366,0.335469,-0.152921,0.581384
3199,-22.0758,-0.543634,-0.283307,0.790063,0.345975,-0.168359,0.599617
3200,-22.9761,0.304521,-0.437741,0.845961,0.3574,-0.180919,0.619437
3201,-28.1873,0.98728,-0.157563,-0.0212401,0.365802,-0.187579,0.633146
3202,-26.0958,-0.300716,0.191521,-0.934285,0.382217,-0.196587,0.662457
3203,-23.442,0.0106316,0.0568283,-0.998327,0.391233,-0.198859,0.677169
3204,-6.60724,0.341337,-0.0428231,-0.938965,0.408228,-0.198859,0.707515
3205,4.18056,0.607394,0.19293,0.770617,0.417243,-0.196587,0.722227
3206,-1.83953,0.374146,0.320046,0.870394,0.429909,-0.190381,0.744181
3207,-20.8756,-0.935152,-0.30392,-0.181998,0.44561,-0.177061,0.772217
3208,-22.001,-0.673213,0.196002,0.712999,0.456776,-0.163515,0.791529
3209,-20.9258,-0.897492,-0.435951,-0.0667494,0.466967,-0.147171,0.809143
3210,-1.45538,-0.506039,-0.733718,-0.453412,0.476008,-0.128309,0.824758
3211,1.26851,-0.245232,-0.831275,-0.498841,0.481543,-0.114501,0.833791
3212,-0.881397,0.106469,-0.839065,-0.533512,0.49004,-0.0843573,0.848965
3213,1.82202,0.343707,-0.794128,-0.501225,0.49352,-0.0682786,0.854643
3214,-1.19086,-0.491297,0.748401,0.44556,0.497146,-0.0432113,0.860981
3215,-2.75482,-0.872733,-0.0647136,0.48389,0.499364,-0.00870199,0.864941
3216,-1.60205,-0.253524,-0.936289,0.243082,0.565389,0.017404,0.82261
3217,-0.972094,0.330668,-0.943735,0.00469106,0.563166,0.0432113,0.819322
3218,-1.23109,0.190769,-0.946884,0.25888,0.559053,0.0682786,0.813287
3219,1.61796,0.533125,-0.834649,0.138343,0.555138,0.0843573,0.807899
3220,-1.28437,0.270223,-0.830798,0.486574,0.545477,0.114501,0.79344
3221,-5.31852,0.458121,0.441528,-0.771478,0.536245,0.134865,0.779967
3222,-5.11254,0.255396,0.485568,-0.836061,0.525586,0.152921,0.764421
3223,-2.16211,-0.2502,0.539811,-0.803744,0.51747,0.163515,0.753251
3224,-4.95473,0.0592806,0.365058,-0.929095,0.500737,0.180919,0.728206
3225,-2.10411,-0.381842,0.317214,-0.868085,0.491286,0.187579,0.715198
3226,-2.88347,0.345324,0.115958,-0.931292,0.47709,0.194885,0.694557
3227,-2.9947,0.432144,0.0334208,-0.901185,0.46248,0.198859,0.673305
3228,-2.99144,0.418726,-0.0342524,-0.907466,0.447704,0.199429,0.651806
3229,-2.91172,0.339408,-0.11695,-0.933341,0.433015,0.196587,0.630427
3230,-4.33126,0.964168,0.222668,0.144219,0.418664,0.190381,0.609535
3231,-4.49489,0.901612,0.350994,0.252783,0.404899,0.180919,0.589486
3232,-6.01372,0.900931,0.0998847,-0.42231,0.388166,0.163515,0.564442
3233,-3.3579,0.704793,-0.160594,-0.690996,0.38005,0.152921,0.553272
3234,8.14176,-0.206252,-0.739155,-0.641179,0.366386,0.128309,0.532824
3235,10.4878,-0.288392,-0.831423,-0.474938,0.360159,0.114501,0.524252
3236,11.2739,-0.755409,-0.643524,0.123429,0.352513,0.0921786,0.513082
3237,11.3169,-0.729935,-0.645686,0.224243,0.346583,0.0682786,0.504405
3238,7.81789,0.334551,-0.841251,-0.424702,0.341582,0.0346586,0.49692
3239,10.117,0.268631,-0.929511,-0.252677,0.340247,0.017404,0.495082
3240,-22.279,-0.556884,-0.711731,0.428158,0.340247,-0.017404,0.495082
3241,-19.9712,-0.615027,-0.568095,0.546818,0.341582,-0.0346586,0.49692
3242,-29.4228,0.241798,-0.944192,0.223688,0.346583,-0.0682786,0.504405
3243,-29.3713,0.260905,-0.896881,0.357116,0.352513,-0.0921786,0.513082
3244,-28.5942,-0.35505,-0.59868,0.717998,0.360159,-0.114501,0.524252
3245,-26.2713,-0.428344,-0.464092,0.775333,0.366386,-0.128309,0.532824
3246,-24.3625,0.918931,-0.199943,-0.339982,0.38005,-0.152921,0.553272
3247,-21.7115,0.927609,-0.370611,0.0467972,0.388166,-0.163515,0.564442
3248,-23.2697,0.613365,-0.437947,0.657257,0.404899,-0.180919,0.589486
3249,-29.7819,0.786258,-0.300797,0.53974,0.418664,-0.190381,0.609535
3250,-25.0559,0.6057,0.0642829,-0.793092,0.433015,-0.196587,0.630427
3251,-24.9592,0.685586,0.0147199,-0.727843,0.447704,-0.199429,0.651806
3252,-7.1126,-0.233008,-0.061458,-0.970531,0.46248,-0.198859,0.673305
3253,-4.07781,0.315841,0.188841,0.92983,0.47709,-0.194885,0.694557
3254,-3.29601,-0.458284,0.160413,0.87421,0.491286,-0.187579,0.715198
3255,-0.583462,-0.699499,0.0986692,0.707789,0.500737,-0.180919,0.728206
3256,-21.662,-0.82142,0.0118645,0.5702,0.51747,-0.163515,0.753251
3257,-18.8606,-0.922194,-0.215159,0.321348,0.525586,-0.152921,0.764421
3258,-7.7715,-0.563865,-0.727808,-0.390322,0.539249,-0.128309,0.784869
3259,-4.69742,-0.00729357,-0.782083,-0.623132,0.545477,-0.114501,0.79344
3260,-1.00703,-0.0445253,-0.872218,-0.487087,0.555138,-0.0843573,0.807899
3261,1.85698,0.330883,-0.775595,-0.537558,0.559053,-0.0682786,0.813287
3262,1.68263,0.251925,-0.889583,-0.38102,0.563166,-0.0432113,0.819322
3263,-0.841026,-0.703936,0.495076,0.509288,0.565389,-0.017404,0.82261
3264,0.154007,-0.679528,-0.457145,0.573812,0.628522,0.00870199,0.776176
3265,-0.528677,0.608175,-0.737876,-0.292681,0.625712,0.0432113,0.772611
3266,0.550839,-0.350184,-0.727327,0.590226,0.622787,0.0600213,0.769185
3267,2.04636,0.755234,-0.622672,-0.204698,0.616814,0.0843573,0.761853
3268,0.903297,0.0661212,-0.785312,0.615559,0.608896,0.107251,0.752117
3269,-5.56358,0.576347,0.280642,-0.767505,0.595787,0.134865,0.735489
3270,-3.73594,-0.839778,0.531765,-0.10954,0.583942,0.152921,0.720827
3271,-5.72648,0.663294,0.113818,-0.739653,0.570712,0.168359,0.704462
3272,-3.10994,-0.922016,0.142169,0.360102,0.556327,0.180919,0.686674
3273,-2.25225,-0.315279,0.305923,-0.898338,0.545885,0.187579,0.674447
3274,-5.39697,0.390396,0.0950487,-0.915728,0.525086,0.196587,0.648065
3275,-5.50878,0.495166,0.0246394,-0.868449,0.508766,0.199429,0.627904
3276,-5.5565,0.545718,-0.0210028,-0.837706,0.492348,0.198859,0.60763
3277,-6.56281,0.9921,0.124582,0.0147597,0.476115,0.194885,0.587591
3278,-6.63939,0.970403,0.226441,0.0839158,0.460344,0.187579,0.568128
3279,-6.72959,0.927232,0.342252,0.152004,0.445305,0.177061,0.549574
3280,-6.78751,0.873899,0.453578,0.174836,0.431254,0.163515,0.532247
3281,7.89828,-0.106531,-0.602842,-0.790717,0.418433,0.147171,0.516444
3282,10.846,-0.126976,0.610775,0.781557,0.407062,0.128309,0.502435
3283,13.2948,0.0462677,0.778753,0.625622,0.400181,0.114501,0.494379
3284,10.5852,-0.446984,0.55563,0.701057,0.389415,0.0843573,0.480722
3285,7.46389,0.484592,-0.596602,-0.639716,0.383442,0.0600213,0.47339
3286,15.4652,-0.658358,-0.666184,0.350377,0.379516,0.0346586,0.468588
3287,15.0994,0.785347,0.101889,-0.610613,0.378041,0.017404,0.46686
3288,-22.542,-0.350597,-0.86913,0.348849,0.378041,-0.017404,0.46686
3289,-19.7447,-0.679942,-0.374041,0.630692,0.379516,-0.0346586,0.468588
3290,-19.5347,-0.735001,-0.175111,0.655065,0.383442,-0.0600213,0.47339
3291,-19.3673,-0.778107,-0.0227486,0.627719,0.389415,-0.0843573,0.480722
3292,-22.0522,-0.493512,-0.430977,0.75545,0.400181,-0.114501,0.494379
3293,-19.605,-0.640825,-0.209244,0.738621,0.407062,-0.128309,0.502435
3294,-19.7892,-0.483682,-0.303101,0.821086,0.418433,-0.147171,0.516444
3295,-14.6842,0.588235,-0.553243,0.589833,0.431254,-0.163515,0.532247
3296,-21.0204,0.674864,-0.436769,0.594803,0.445305,-0.177061,0.549574
3297,-21.1317,0.784211,-0.308511,0.538362,0.460344,-0.187579,0.568128
3298,-21.273,0.883967,-0.176627,0.432903,0.476115,-0.194885,0.587591
3299,-22.3944,0.78346,0.000195967,-0.621442,0.492348,-0.198859,0.60763
3300,-16.1543,0.748391,-0.00377479,-0.663247,0.508766,-0.199429,0.627904
3301,1.56631,-0.278972,-0.181801,-0.942933,0.525086,-0.196587,0.648065
3302,-1.57714,-0.832649,-0.299375,-0.465908,0.545885,-0.187579,0.674447
3303,0.945525,-0.742453,-0.42696,-0.516206,0.556327,-0.180919,0.686674
3304,0.176658,-0.937606,-0.279632,0.206642,0.570712,-0.168359,0.704462
3305,1.84661,0.0767895,-0.537178,-0.839966,0.583942,-0.152921,0.720827
3306,-12.1111,-0.8419,-0.535573,0.0660727,0.595787,-0.134865,0.735489
3307,-6.5488,0.455712,-0.468009,-0.757162,0.608896,-0.107251,0.752117
3308,-7.74636,-0.438673,-0.875332,-0.203373,0.616814,-0.0843573,0.761853
3309,0.0883341,0.716823,-0.221964,-0.660981,0.622787,-0.0600213,0.769185
3310,1.22451,-0.139044,-0.980542,-0.138581,0.625712,-0.0432113,0.772611
3311,-2.59252,-0.774246,-0.224769,0.591626,0.628522,-0.00870199,0.776176
3312,0.0608168,-0.664638,-0.372628,0.647615,0.687483,0.00870199,0.72447
3313,-0.545816,0.575276,-0.748842,-0.329079,0.684402,0.0432113,0.721136
3314,0.676018,-0.212594,-0.797355,0.564825,0.681217,0.0600213,0.717951
3315,1.83737,0.65988,-0.743075,-0.111347,0.674687,0.0843573,0.71111
3316,-0.800145,0.653076,-0.752959,0.0808951,0.662882,0.114501,0.698341
3317,-3.97239,0.858637,-0.356329,-0.368474,0.65539,0.128309,0.690849
3318,-3.36959,-0.893586,0.356684,0.272546,0.638696,0.152921,0.672789
3319,-3.96595,0.910901,-0.253657,-0.325449,0.628934,0.163515,0.663026
3320,-3.0646,-0.874574,0.123018,0.469028,0.608488,0.180919,0.640908
3321,-2.01047,-0.588303,0.320788,-0.74229,0.597118,0.187579,0.629539
3322,-3.41135,0.658255,0.0210536,-0.752501,0.579869,0.194885,0.611372
3323,-3.30938,0.568087,0.0143471,-0.822843,0.562113,0.198859,0.592668
3324,-3.3874,0.621409,-0.010073,-0.783422,0.544156,0.199429,0.573745
3325,-6.56184,0.990156,0.124434,-0.0640909,0.520749,0.194885,0.548424
3326,-0.307523,0.97579,0.21506,-0.0397838,0.5035,0.187579,0.530258
3327,2.85426,0.634919,-0.066262,-0.769732,0.49213,0.180919,0.518889
3328,11.1056,-0.868185,-0.470916,-0.156503,0.476394,0.168359,0.502284
3329,6.75051,0.731707,-0.0033558,-0.681611,0.457663,0.147171,0.482022
3330,12.5022,-0.495578,0.299358,0.815345,0.448961,0.134865,0.47332
3331,12.1775,-0.695324,0.0787315,0.714371,0.437736,0.114501,0.461457
3332,12.105,-0.724675,0.0277737,0.688531,0.428436,0.0921786,0.45162
3333,9.52764,0.481729,-0.536319,-0.693037,0.421222,0.0682786,0.443978
3334,17.2274,-0.440108,-0.882077,0.168063,0.416216,0.0432113,0.438661
3335,20.1226,0.498073,-0.692296,-0.522159,0.413135,0.00870199,0.435327
3336,23.0275,0.0650129,-0.997467,0.0288714,0.413135,-0.00870199,0.435327
3337,-18.3278,0.73658,-0.0175611,-0.676122,0.416216,-0.0432113,0.438661
3338,-18.4356,0.713101,0.080598,-0.696413,0.421222,-0.0682786,0.443978
3339,-17.7249,0.769681,-0.530117,-0.355763,0.428436,-0.0921786,0.45162
3340,-17.7355,0.81536,-0.490193,-0.308058,0.437736,-0.114501,0.461457
3341,-18.1107,0.82593,-0.197233,-0.528146,0.448961,-0.134865,0.47332
3342,-15.4878,0.891642,-0.415978,-0.178707,0.457663,-0.147171,0.482022
3343,-23.0343,0.505687,-0.554189,0.661177,0.476394,-0.168359,0.502284
3344,-18.0947,0.887566,-0.138076,-0.439501,0.49213,-0.180919,0.518889
3345,-14.9193,0.858932,-0.301316,0.414057,0.5035,-0.187579,0.530258
3346,-21.2332,0.899342,-0.179797,0.398569,0.520749,-0.194885,0.548424
3347,-18.2637,0.846699,-0.0120843,-0.531935,0.544156,-0.199429,0.573745
3348,-18.3646,0.796027,0.0062959,-0.605228,0.562113,-0.198859,0.592668
3349,-0.453824,0.00270142,-0.144285,-0.989533,0.579869,-0.194885,0.611372
3350,-1.75331,-0.931844,-0.274144,-0.237723,0.597118,-0.187579,0.629539
3351,0.917241,-0.795845,-0.423494,-0.432763,0.608488,-0.180919,0.640908
3352,-1.86101,-0.891309,-0.445621,-0.0836064,0.628934,-0.163515,0.663026
3353,-0.649469,-0.026121,-0.55246,-0.83313,0.642954,-0.147171,0.677775
3354,-13.8213,-0.462918,-0.751913,-0.469397,0.65539,-0.128309,0.690849
3355,-11.1157,-0.214001,-0.813064,-0.541415,0.662882,-0.114501,0.698341
3356,-7.49496,-0.27711,-0.896577,-0.345484,0.674687,-0.0843573,0.71111
3357,-0.0159053,0.619203,-0.316547,-0.7186,0.681217,-0.0600213,0.717951
3358,1.22603,-0.148369,-0.980577,-0.128275,0.684402,-0.0432113,0.721136
3359,-2.50752,-0.712456,-0.306491,0.631244,0.687483,-0.00870199,0.72447
3360,0.0155266,-0.624641,-0.330332,0.707605,0.742205,0.00870199,0.668297
3361,-1.05305,0.271885,-0.96225,-0.0123509,0.738871,0.0432113,0.665215
3362,-1.16283,0.291418,-0.943721,0.156418,0.733464,0.0682786,0.660307
3363,1.52048,0.498197,-0.862666,0.0872193,0.728399,0.0843573,0.655982
3364,-5.05387,0.104718,0.650051,-0.75264,0.715629,0.114501,0.644179
3365,-3.84256,0.806571,-0.267596,-0.527101,0.707573,0.128309,0.637298
3366,-3.86223,-0.812037,0.576687,-0.0896001,0.689514,0.152921,0.620604
3367,-3.95532,0.880032,-0.248376,-0.404788,0.679015,0.163515,0.611637
3368,-3.90615,-0.887393,0.399015,-0.230913,0.656897,0.180919,0.591192
3369,-5.79227,0.588249,0.0395027,-0.807714,0.638832,0.190381,0.57491
3370,-5.71632,0.531352,0.0366979,-0.846356,0.620002,0.196587,0.557944
3371,-5.93087,0.704971,-0.00237919,-0.709232,0.600728,0.199429,0.540585
3372,-6.8428,0.989588,0.0536438,0.133558,0.581341,0.198859,0.523129
3373,10.5622,-0.0304256,0.129486,0.991114,0.562173,0.194885,0.505876
3374,10.4963,-0.642952,-0.320731,-0.695518,0.54939,0.190381,0.494958
3375,9.05331,-0.944997,-0.320279,0.0663456,0.525794,0.177061,0.473147
3376,6.05435,0.911595,0.349082,-0.217107,0.509207,0.163515,0.458232
3377,10.7704,-0.00416474,0.509783,0.860293,0.494072,0.147171,0.444628
3378,10.8326,-0.0143042,0.604803,0.796246,0.480648,0.128309,0.43257
3379,10.2844,-0.244127,-0.81025,-0.53282,0.472592,0.114501,0.42569
3380,10.0983,-0.0309556,-0.824483,-0.565039,0.462549,0.0921786,0.416613
3381,15.4485,-0.654931,-0.651447,0.38299,0.452776,0.0600213,0.407578
3382,15.2796,-0.519552,-0.787565,0.331372,0.448148,0.0346586,0.40345
3383,18.2342,-0.67998,-0.108653,0.725136,0.44642,0.017404,0.401974
3384,-22.3211,-0.419369,-0.740527,0.525119,0.44642,-0.017404,0.401974
3385,-19.3685,-0.67656,-0.0147547,0.736239,0.448148,-0.0346586,0.40345
3386,-25.8391,-0.615776,-0.194829,0.763454,0.452776,-0.0600213,0.407578
3387,-17.3723,0.64579,-0.747402,-0.156031,0.462549,-0.0921786,0.416613
3388,-10.9948,0.676321,-0.736572,-0.00719215,0.472592,-0.114501,0.42569
3389,-8.61339,0.655719,-0.721578,0.222167,0.480648,-0.128309,0.43257
3390,-14.8575,0.706895,-0.637744,0.305912,0.494072,-0.147171,0.444628
3391,-14.8563,0.768887,-0.535877,0.348782,0.509207,-0.163515,0.458232
3392,-20.9871,0.740455,-0.438908,0.509006,0.525794,-0.177061,0.473147
3393,-25.5727,-0.0887226,0.244746,-0.96552,0.54939,-0.190381,0.494958
3394,-22.4743,0.62618,0.0138054,-0.779556,0.562173,-0.194885,0.505876
3395,-20.9956,0.839754,-0.0644909,0.539123,0.581341,-0.198859,0.523129
3396,-9.42391,0.906207,0.0248685,-0.422103,0.600728,-0.199429,0.540585
3397,-16.0165,0.727003,0.0135056,-0.686502,0.620002,-0.196587,0.557944
3398,1.82805,-0.166683,-0.260803,-0.950894,0.638832,-0.190381,0.57491
3399,0.400921,-0.945653,-0.304788,0.113332,0.656897,-0.180919,0.591192
3400,-1.59419,-0.816179,-0.517448,-0.257098,0.679015,-0.163515,0.611637
3401,1.57231,-0.28997,-0.620783,-0.728386,0.689514,-0.152921,0.620604
3402,-1.60686,-0.698164,-0.700307,-0.148782,0.707573,-0.128309,0.637298
3403,-0.135837,-0.745267,-0.162154,0.646748,0.715629,-0.114501,0.644179
3404,-7.12426,-0.0333101,-0.825609,-0.563259,0.728399,-0.0843573,0.655982
3405,-4.44485,0.183314,-0.785589,-0.59097,0.733464,-0.0682786,0.660307
3406,1.72381,0.183732,-0.871824,-0.454055,0.738871,-0.0432113,0.665215
3407,-2.46698,-0.653584,-0.344723,0.673791,0.742205,-0.00870199,0.668297
3408,0.0347038,-0.562232,-0.34833,0.750041,0.792351,0.00870199,0.608004
3409,-1.04102,0.276985,-0.959902,-0.0432191,0.788786,0.0432113,0.605194
3410,-2.79719,-0.614083,-0.018449,0.789026,0.78301,0.0682786,0.600726
3411,-2.71715,0.214753,0.613042,-0.760303,0.777622,0.0843573,0.596811
3412,-5.87303,0.583182,0.0648645,-0.809747,0.763965,0.114501,0.586045
3413,-3.76158,-0.779613,0.614922,0.118637,0.751022,0.134865,0.576083
3414,-2.36517,-0.26138,0.593617,-0.761117,0.741066,0.147171,0.56885
3415,-4.21898,-0.734324,0.550231,-0.39751,0.719397,0.168359,0.551768
3416,-5.85524,0.568851,0.0306334,-0.82187,0.701257,0.180919,0.53783
3417,-5.90499,0.611309,0.00335675,-0.791385,0.68197,0.190381,0.523015
3418,-6.74054,0.986481,-0.144746,-0.0768378,0.661866,0.196587,0.507579
3419,-4.17834,0.966616,-0.0395376,-0.253161,0.647907,0.198859,0.497437
3420,9.40708,-0.883861,-0.02658,0.466993,0.620594,0.198859,0.475905
3421,11.8782,-0.805435,-0.053166,0.590294,0.606634,0.196587,0.465763
3422,8.66253,-0.921269,-0.298242,-0.249631,0.580252,0.187579,0.444965
3423,5.98678,0.931391,0.296473,-0.211221,0.561296,0.177061,0.430435
3424,10.6149,-0.0169612,0.37481,0.926947,0.54359,0.163515,0.416867
3425,10.5494,-0.12516,0.405648,0.905419,0.527434,0.147171,0.404493
3426,8.81973,-0.748671,-0.662842,0.0115056,0.513105,0.128309,0.393526
3427,14.9167,-0.597615,-0.795536,-0.0998879,0.50085,0.107251,0.384152
3428,17.5444,-0.677695,-0.65139,0.341206,0.49381,0.0921786,0.379037
3429,15.7457,-0.666646,-0.421605,0.61468,0.483358,0.0600213,0.370797
3430,18.0485,-0.636775,-0.28723,0.715554,0.479714,0.0432113,0.368149
3431,21.5839,-0.41883,-0.789993,0.447763,0.476149,0.00870199,0.365338
3432,24.5623,-0.614542,-0.0639675,0.786286,0.476149,-0.00870199,0.365338
3433,-22.161,-0.388263,-0.611945,0.689039,0.479714,-0.0432113,0.368149
3434,-19.8794,-0.406252,-0.479299,0.777966,0.483358,-0.0600213,0.370797
3435,-21.918,-0.42416,-0.365158,0.828702,0.49381,-0.0921786,0.379037
3436,-21.8584,-0.431463,-0.285897,0.85563,0.504534,-0.114501,0.387298
3437,-19.531,-0.498965,-0.155214,0.85261,0.513105,-0.128309,0.393526
3438,-14.7634,0.683428,-0.650746,0.330842,0.527434,-0.147171,0.404493
3439,-14.745,0.741966,-0.548952,0.384887,0.54359,-0.163515,0.416867
3440,-21.0996,0.831907,-0.429735,0.351082,0.561296,-0.177061,0.430435
3441,-14.3182,0.572129,-0.31211,0.758456,0.580252,-0.187579,0.444965
3442,-23.7239,0.982963,-0.16392,0.0831536,0.606634,-0.196587,0.465763
3443,-21.2469,0.969508,-0.0596272,0.237695,0.620594,-0.198859,0.475905
3444,-17.4219,0.98934,0.0564501,0.13424,0.647907,-0.198859,0.497437
3445,-14.9304,0.954541,0.178629,0.238629,0.661866,-0.196587,0.507579
3446,-15.9454,0.710459,0.0417844,-0.702497,0.68197,-0.190381,0.523015
3447,-1.19581,-0.694011,-0.442514,-0.567917,0.707203,-0.177061,0.542909
3448,1.68216,-0.308535,-0.497668,-0.810637,0.719397,-0.168359,0.551768
3449,-0.0190984,0.369599,-0.233857,-0.899282,0.741066,-0.147171,0.56885
3450,1.43243,-0.385048,-0.737315,-0.555072,0.751022,-0.134865,0.576083
3451,0.417025,-0.750337,-0.56633,0.340976,0.763965,-0.114501,0.586045
3452,-2.67732,-0.660529,-0.121861,0.740845,0.777622,-0.0843573,0.596811
3453,0.471138,-0.613357,-0.676729,0.407224,0.78301,-0.0682786,0.600726
3454,1.71056,0.139336,-0.877708,-0.458491,0.788786,-0.0432113,0.605194
3455,-2.48863,-0.602151,-0.324371,0.729518,0.792351,-0.00870199,0.608004
3456,0.343159,-0.403614,-0.615765,0.676705,0.837611,0.00870199,0.543963
3457,-0.930923,0.327144,-0.931958,-0.156304,0.833837,0.0432113,0.54144
3458,-1.24017,-0.550398,0.750705,0.365382,0.829997,0.0600213,0.539087
3459,-4.25941,-0.433913,0.890011,-0.140001,0.818931,0.0921786,0.531692
3460,-3.88751,0.694335,-0.334424,-0.637227,0.811511,0.107251,0.527146
3461,-4.33414,-0.570287,0.751504,-0.331685,0.793906,0.134865,0.515383
3462,-5.30424,0.076058,0.391565,-0.917001,0.778109,0.152921,0.505099
3463,-2.54374,-0.237623,0.451609,-0.859991,0.766336,0.163515,0.497884
3464,-3.44602,0.51433,0.0239842,-0.857257,0.74762,0.177061,0.485748
3465,-3.85257,0.788116,-0.108234,-0.605936,0.727583,0.187579,0.47275
3466,9.24418,-0.903246,0.103443,0.41647,0.699649,0.196587,0.454086
3467,11.6168,-0.911829,0.0348416,0.409088,0.684938,0.198859,0.44507
3468,9.29765,-0.897636,-0.0329585,0.439503,0.65602,0.198859,0.425748
3469,11.6367,-0.886147,-0.096544,0.453235,0.641308,0.196587,0.416732
3470,8.99037,0.563026,0.0030585,-0.826434,0.620055,0.190381,0.40292
3471,10.6414,0.128508,0.310976,0.94169,0.593338,0.177061,0.385069
3472,10.1782,-0.323824,0.16597,0.931446,0.57462,0.163515,0.372932
3473,9.00767,-0.835669,-0.508103,0.20854,0.557543,0.147171,0.361864
3474,8.90486,-0.762362,-0.630232,0.14701,0.5424,0.128309,0.352054
3475,11.9304,-0.619196,-0.12615,0.775037,0.533366,0.114501,0.346519
3476,11.6381,-0.658795,-0.378716,0.650049,0.522027,0.0921786,0.339124
3477,9.34282,-0.610988,-0.519885,0.597004,0.51096,0.0600213,0.33173
3478,11.7674,-0.578674,-0.285199,0.764067,0.50712,0.0432113,0.329376
3479,11.535,-0.508025,-0.500159,0.70125,0.503807,0.017404,0.32719
3480,7.83035,0.327767,-0.860981,-0.388949,0.503807,-0.017404,0.32719
3481,7.61262,0.495843,-0.72083,-0.484298,0.50712,-0.0432113,0.329376
3482,10.0428,0.483518,-0.851253,-0.203907,0.51096,-0.0600213,0.33173
3483,-28.1358,-0.393785,-0.31085,0.865047,0.522027,-0.0921786,0.339124
3484,-15.8561,-0.175577,-0.491243,0.853143,0.533366,-0.114501,0.346519
3485,-12.9666,-0.594226,0.0550844,0.80241,0.5424,-0.128309,0.352054
3486,-19.464,-0.454354,-0.100041,0.885186,0.557543,-0.147171,0.361864
3487,-14.2851,0.494484,-0.530635,0.688413,0.57462,-0.163515,0.372932
3488,-14.7236,0.819759,-0.437712,0.369329,0.593338,-0.177061,0.385069
3489,-24.0394,0.923932,-0.199324,-0.326525,0.620055,-0.190381,0.40292
3490,-17.1803,0.947172,-0.185692,0.261503,0.641308,-0.196587,0.416732
3491,-14.5766,0.850833,-0.0654407,0.521344,0.65602,-0.198859,0.425748
3492,-23.7033,0.996714,0.0565074,0.0580413,0.684938,-0.198859,0.44507
3493,-21.3092,0.983002,0.170295,0.068604,0.699649,-0.196587,0.454086
3494,-17.6943,0.949898,0.227907,-0.213896,0.727583,-0.187579,0.47275
3495,-0.304226,-0.0209311,-0.272373,-0.961964,0.74762,-0.177061,0.485748
3496,0.275239,0.502046,-0.0417845,-0.863831,0.766336,-0.163515,0.497884
3497,3.03397,0.686167,0.15404,-0.710948,0.778109,-0.152921,0.505099
3498,1.97068,-0.0323054,-0.556914,-0.829942,0.793906,-0.134865,0.515383
3499,-1.56179,-0.614218,-0.788619,-0.0285666,0.811511,-0.107251,0.527146
3500,1.78407,-0.0287503,-0.768787,-0.638859,0.818931,-0.0921786,0.531692
3501,-1.06893,-0.165128,-0.932215,-0.322037,0.829997,-0.0600213,0.539087
3502,1.59784,0.038242,-0.921389,-0.386756,0.833837,-0.0432113,0.54144
3503,-2.80246,-0.556438,-0.0172168,0.830711,0.837611,-0.00870199,0.543963
3504,-1.1567,0.101773,-0.993623,-0.0485374,0.877222,0.017404,0.47627
3505,-1.22883,0.179413,-0.980628,0.0786062,0.873748,0.0432113,0.474349
3506,-1.0398,-0.55268,0.620799,0.556015,0.869735,0.0600213,0.472304
3507,-2.70113,0.0832587,0.623447,-0.77742,0.861411,0.0843573,0.467816
3508,-5.23539,0.0508493,0.545713,-0.836428,0.846237,0.114501,0.459319
3509,-2.545,-0.171622,0.604592,-0.777826,0.836797,0.128309,0.454509
3510,-5.34903,0.0405096,0.367468,-0.929154,0.81534,0.152921,0.442492
3511,-2.64371,-0.221021,0.416998,-0.881625,0.803038,0.163515,0.436224
3512,8.78468,-0.922342,0.372135,0.103926,0.776758,0.180919,0.421507
3513,11.6379,-0.85314,0.171036,0.492848,0.762432,0.187579,0.414207
3514,8.85043,-0.980479,0.159048,0.11561,0.73312,0.196587,0.397792
3515,11.4644,-0.939178,0.0428532,0.340747,0.717745,0.198859,0.389958
3516,7.66845,-0.455385,-0.0545717,-0.88862,0.6874,0.198859,0.372964
3517,9.9829,-0.430078,-0.161115,-0.888299,0.672027,0.196587,0.36513
3518,10.106,-0.263235,0.0815276,0.961281,0.642716,0.187579,0.348715
3519,9.30638,-0.827951,-0.233598,0.509833,0.62172,0.177061,0.33733
3520,11.7748,-0.703262,-0.18613,0.686133,0.608292,0.168359,0.330487
3521,9.06995,-0.812562,-0.480932,0.329314,0.584217,0.147171,0.317004
3522,11.5679,-0.710991,-0.376872,0.593682,0.573252,0.134865,0.311417
3523,8.98979,-0.681586,-0.661022,0.313832,0.554778,0.107251,0.301072
3524,11.2754,-0.617206,-0.642578,0.454038,0.547025,0.0921786,0.297122
3525,15.1577,-0.486394,-0.821179,0.298473,0.535412,0.0600213,0.290618
3526,21.0582,-0.233847,-0.97202,0.0221767,0.529949,0.0346586,0.287684
3527,23.6265,-0.311993,-0.839645,0.444586,0.527925,0.017404,0.286653
3528,20.8525,0.093049,-0.995122,-0.0327668,0.527925,-0.017404,0.286653
3529,23.4246,-0.0163094,-0.915665,0.401612,0.529949,-0.0346586,0.287684
3530,16.8052,0.267648,-0.946697,0.179246,0.535412,-0.0600213,0.290618
3531,8.24573,0.432801,-0.892464,0.127244,0.547025,-0.0921786,0.297122
3532,10.4866,0.496658,-0.831407,0.249185,0.554778,-0.107251,0.301072
3533,-15.6862,-0.18852,-0.328398,0.925535,0.573252,-0.134865,0.311417
3534,-13.2245,-0.351615,-0.128408,0.927296,0.584217,-0.147171,0.317004
3535,-22.2177,0.0732423,-0.348098,0.934592,0.608292,-0.168359,0.330487
3536,-19.7667,-0.0724892,-0.20422,0.976238,0.62172,-0.177061,0.33733
3537,-7.967,0.636348,-0.306094,0.708073,0.642716,-0.187579,0.348715
3538,-23.7942,0.977597,-0.15608,-0.141221,0.672027,-0.196587,0.36513
3539,-23.9882,0.949206,-0.0443654,-0.311512,0.69482,-0.199429,0.37751
3540,-23.7157,0.997888,0.0560917,-0.0327542,0.717745,-0.198859,0.389958
3541,-20.99,0.933182,0.19165,0.304041,0.73312,-0.196587,0.397792
3542,-17.3949,0.95861,0.284699,0.00367173,0.762432,-0.187579,0.414207
3543,-14.546,0.805907,0.442043,0.393843,0.776758,-0.180919,0.421507
3544,-10.7903,0.788373,0.549988,0.275645,0.803038,-0.163515,0.436224
3545,-8.08251,0.595463,0.655301,0.464764,0.81534,-0.152921,0.442492
3546,0.19306,0.400967,-0.108038,-0.9097,0.836797,-0.128309,0.454509
3547,2.93105,0.543764,0.10082,-0.83316,0.846237,-0.114501,0.459319
3548,0.242349,0.45384,-0.0767372,-0.887773,0.861411,-0.0843573,0.467816
3549,-1.41938,-0.360368,-0.932802,-0.00395827,0.869735,-0.0600213,0.472304
3550,1.81348,0.118214,-0.828077,-0.548008,0.873748,-0.0432113,0.474349
3551,1.81499,0.21394,-0.842209,-0.494887,0.877222,-0.017404,0.47627
3552,-1.22864,0.0678783,-0.997653,0.00897046,0.911886,0.017404,0.405975
3553,0.135237,-0.297205,-0.433778,0.850592,0.909787,0.0346586,0.405106
3554,-2.52387,-0.316623,-0.27334,0.908314,0.901613,0.0682786,0.401338
3555,-3.01115,0.197783,0.396972,-0.896267,0.895459,0.0843573,0.398789
3556,-5.27757,0.0126855,0.518757,-0.854828,0.879667,0.114501,0.391508
3557,-2.73371,-0.0980815,0.50995,-0.854594,0.869879,0.128309,0.387454
3558,-3.5829,0.483432,-0.0645274,-0.873001,0.853386,0.147171,0.380134
3559,-3.59091,0.491095,-0.0548489,-0.869377,0.834789,0.163515,0.371874
3560,10.5714,-0.785197,0.441634,-0.43408,0.814403,0.177061,0.362814
3561,10.5704,-0.834433,0.321101,-0.447901,0.79258,0.187579,0.35311
3562,10.5827,-0.875434,0.195116,-0.442206,0.769692,0.194885,0.342928
3563,10.1972,-0.664367,0.0600708,-0.744989,0.746129,0.198859,0.332442
3564,9.24102,-0.848932,-0.0361083,0.527267,0.714544,0.198859,0.317881
3565,11.839,-0.67398,-0.0604779,0.73627,0.698603,0.196587,0.311278
3566,11.6886,-0.752671,-0.140707,0.643185,0.675452,0.190381,0.300962
3567,9.21503,-0.825067,-0.266923,0.498013,0.64627,0.177061,0.28751
3568,11.4858,-0.783226,-0.327708,0.52836,0.632346,0.168359,0.281742
3569,12.1325,-0.399127,0.0187117,0.916705,0.61313,0.152921,0.273166
3570,12.0033,-0.470493,-0.0672191,0.87984,0.595919,0.134865,0.26548
3571,8.65839,-0.610538,-0.789261,0.065653,0.576691,0.107251,0.256616
3572,11.4341,-0.575551,-0.535584,0.617973,0.568651,0.0921786,0.253286
3573,8.86554,-0.459481,-0.825396,0.328022,0.556564,0.0600213,0.247714
3574,11.4492,-0.444283,-0.564517,0.695653,0.552402,0.0432113,0.24599
3575,11.2483,-0.331162,-0.723926,0.605197,0.548788,0.017404,0.244348
3576,14.2079,0.230405,-0.904702,-0.358368,0.548788,-0.017404,0.244348
3577,13.978,0.397257,-0.772983,-0.494656,0.552402,-0.0432113,0.24599
3578,16.5327,0.385161,-0.918297,-0.0915532,0.556564,-0.0600213,0.247714
3579,14.613,0.40831,-0.896864,0.170055,0.568651,-0.0921786,0.253286
3580,17.0127,0.401954,-0.812041,0.42311,0.576691,-0.107251,0.256616
3581,7.31816,0.673041,-0.400401,-0.621848,0.595919,-0.134865,0.26548
3582,7.17761,0.666064,-0.276286,-0.692838,0.61313,-0.152921,0.273166
3583,7.84093,0.862429,-0.497298,-0.0943925,0.632346,-0.168359,0.281742
3584,10.1002,0.915526,-0.397042,-0.0645677,0.64627,-0.177061,0.28751
3585,-15.9837,0.234335,-0.20734,0.949788,0.675452,-0.190381,0.300962
3586,-16.287,0.516039,-0.163375,0.84084,0.698603,-0.196587,0.311278
3587,-16.3293,0.5543,-0.0558556,0.830441,0.722297,-0.199429,0.321832
3588,-16.0268,0.270789,0.0425668,0.961697,0.746129,-0.198859,0.332442
3589,-16.3865,0.569373,0.169965,0.804318,0.769692,-0.194885,0.342928
3590,-16.3652,0.517584,0.274891,0.810273,0.79258,-0.187579,0.35311
3591,-16.3782,0.481747,0.379174,0.79003,0.814403,-0.177061,0.362814
3592,-5.35439,0.763219,0.303844,-0.570242,0.834789,-0.163515,0.371874
3593,-9.87212,0.190701,0.468865,0.862438,0.853386,-0.147171,0.380134
3594,-9.13465,-0.39003,0.0353892,0.920122,0.869879,-0.128309,0.387454
3595,-6.53014,-0.460012,-0.0707075,0.885093,0.879667,-0.114501,0.391508
3596,0.578533,0.505099,0.222393,-0.833916,0.895459,-0.0843573,0.398789
3597,3.18114,0.495145,0.33756,-0.800553,0.901613,-0.0682786,0.401338
3598,0.478178,0.440985,0.151711,-0.884599,0.909787,-0.0346586,0.405106
3599,-1.27141,-0.195374,0.811404,0.550866,0.911886,-0.017404,0.405975
3600,0.104589,-0.28973,-0.412771,0.863526,0.941454,0.00870199,0.333396
3601,0.781549,0.00766972,-0.876085,0.482096,0.938767,0.0346586,0.332476
3602,-2.76169,-0.329035,-0.0520409,0.942883,0.930322,0.0682786,0.32936
3603,-3.12893,0.187668,0.299706,-0.935392,0.923987,0.0843573,0.327302
3604,-5.43737,0.0454261,0.408723,-0.911527,0.907672,0.114501,0.321284
3605,-2.72481,-0.170968,0.51485,-0.840059,0.897596,0.128309,0.31801
3606,-6.06395,0.430729,-0.0816409,-0.898781,0.874523,0.152921,0.309498
3607,8.09501,-0.73743,0.552522,-0.388481,0.854693,0.168359,0.302456
3608,8.04634,-0.772393,0.436499,-0.461386,0.833133,0.180919,0.294805
3609,8.13524,-0.855123,0.320426,-0.407543,0.810213,0.190381,0.286676
3610,8.51635,-0.980302,0.18738,-0.062417,0.786323,0.196587,0.278208
3611,11.3789,-0.912233,0.046926,0.406976,0.769912,0.198859,0.272876
3612,8.47395,-0.989113,-0.0639197,-0.132553,0.737282,0.198859,0.260839
3613,8.52428,-0.977985,-0.188775,-0.0889396,0.71297,0.194885,0.252234
3614,11.3224,-0.885293,-0.234941,0.401321,0.696982,0.190381,0.247039
3615,8.75154,-0.907497,-0.396611,0.138376,0.666836,0.177061,0.235917
3616,11.2414,-0.820422,-0.426564,0.380724,0.652502,0.168359,0.23126
3617,8.27588,-0.690627,-0.659076,-0.297746,0.626615,0.147171,0.22171
3618,8.48865,-0.665834,-0.742355,-0.0746614,0.609599,0.128309,0.215706
3619,11.1848,-0.623091,-0.65036,0.4345,0.599523,0.114501,0.212432
3620,8.30142,-0.39874,-0.896095,-0.194989,0.583207,0.0843573,0.206414
3621,-2.82921,-0.396067,-0.175868,0.901222,0.574284,0.0600213,0.203283
3622,-2.75258,-0.364807,-0.112427,0.924271,0.568428,0.0346586,0.20124
3623,-2.93617,0.222062,-0.651756,-0.725191,0.566267,0.017404,0.200538
3624,5.43161,0.0132338,0.975334,-0.220338,0.566267,-0.017404,0.200538
3625,23.4892,0.0215743,-0.89106,0.453373,0.568428,-0.0346586,0.20124
3626,23.5225,0.116466,-0.848685,0.515916,0.574284,-0.0600213,0.203283
3627,20.4264,0.528396,-0.792981,-0.30328,0.586771,-0.0921786,0.20789
3628,20.5196,0.612722,-0.770965,-0.173739,0.599523,-0.114501,0.212432
3629,23.2657,0.547582,-0.7403,0.390013,0.609599,-0.128309,0.215706
3630,17.2487,0.495353,-0.598966,0.629178,0.626615,-0.147171,0.22171
3631,14.282,0.847873,-0.530144,-0.0075814,0.652502,-0.168359,0.23126
3632,16.7806,0.860699,-0.441804,0.252995,0.666836,-0.177061,0.235917
3633,7.96735,0.951675,-0.30614,0.0243762,0.696982,-0.190381,0.247039
3634,10.7751,0.83722,-0.191646,0.512186,0.71297,-0.194885,0.252234
3635,4.74477,0.704835,-0.0594618,0.706875,0.737282,-0.198859,0.260839
3636,-4.51041,0.984152,0.0643524,0.165237,0.769912,-0.198859,0.272876
3637,-1.70536,0.809686,0.189483,0.555431,0.786323,-0.196587,0.278208
3638,-1.36334,0.557108,0.269873,0.785366,0.810213,-0.190381,0.286676
3639,-7.57052,0.466442,0.354451,0.81043,0.833133,-0.180919,0.294805
3640,-13.9205,0.471884,0.468829,0.746676,0.854693,-0.168359,0.302456
3641,-2.9078,0.674792,0.359889,-0.64431,0.874523,-0.152921,0.309498
3642,-4.66788,0.691892,0.720105,-0.052296,0.897596,-0.128309,0.31801
3643,-1.57331,0.380893,0.786922,0.485463,0.907672,-0.114501,0.321284
3644,-8.93511,-0.40836,-0.144383,0.90133,0.923987,-0.0843573,0.327302
3645,-6.19657,-0.437787,-0.378812,0.81538,0.930322,-0.0682786,0.32936
3646,0.0184385,0.275394,-0.294014,-0.915267,0.938767,-0.0346586,0.332476
3647,-2.89157,-0.34081,0.0716413,0.937399,0.941454,-0.00870199,0.333396
3648,0.187478,-0.206313,-0.486569,0.848932,0.96471,0.00870199,0.258503
3649,-0.946694,0.259693,-0.936656,-0.235023,0.960341,0.0432113,0.25727
3650,-0.975844,-0.403279,0.573804,0.712822,0.955961,0.0600213,0.256219
3651,-2.62947,-0.135646,0.668035,-0.731662,0.946819,0.0843573,0.253798
3652,-4.59612,-0.463932,0.812357,-0.353332,0.930082,0.114501,0.249078
3653,-4.47488,-0.604125,0.74838,-0.273789,0.914311,0.134865,0.244828
3654,-4.14922,0.659703,-0.406655,-0.631999,0.902345,0.147171,0.241955
3655,10.4664,-0.739095,0.546983,-0.393126,0.882684,0.163515,0.236706
3656,10.4567,-0.800392,0.435447,-0.412018,0.861133,0.177061,0.230946
3657,10.1238,-0.666934,0.281634,-0.689841,0.838061,0.187579,0.224776
3658,10.5719,-0.930485,0.195034,-0.310097,0.813861,0.194885,0.2183
3659,10.3653,-0.867556,0.0635887,-0.493257,0.788949,0.198859,0.211628
3660,10.3151,-0.84782,-0.062935,-0.526535,0.76375,0.199429,0.204877
3661,10.4601,-0.903448,-0.193761,-0.382411,0.738697,0.196587,0.19816
3662,10.3053,-0.808219,-0.310368,-0.500453,0.714216,0.190381,0.191593
3663,10.2676,-0.749187,-0.424081,-0.508797,0.690729,0.180919,0.185288
3664,10.1858,-0.65338,-0.520292,-0.549901,0.668636,0.168359,0.179353
3665,10.1006,-0.542867,-0.598786,-0.588855,0.648314,0.152921,0.173889
3666,10.2389,-0.533216,-0.722186,-0.440599,0.630112,0.134865,0.16899
3667,10.0938,-0.378225,-0.760018,-0.528506,0.614342,0.114501,0.16474
3668,10.1241,-0.294731,-0.833351,-0.467611,0.601273,0.0921786,0.161211
3669,-0.687681,-0.324602,-0.177465,0.929053,0.591128,0.0682786,0.158465
3670,-1.1808,-0.329076,-0.614373,0.717116,0.584083,0.0432113,0.156547
3671,3.97784,-0.236424,0.323275,0.916295,0.579714,0.00870199,0.155315
3672,6.3534,-0.261862,0.543957,0.797207,0.579714,-0.00870199,0.155315
3673,-15.6298,-0.169723,-0.405043,0.898406,0.584083,-0.0432113,0.156547
3674,-15.999,0.0286792,-0.672863,0.739211,0.591128,-0.0682786,0.158465
3675,-15.8793,0.0482574,-0.552627,0.832031,0.601273,-0.0921786,0.161211
3676,-16.0649,0.217187,-0.619665,0.754218,0.614342,-0.114501,0.16474
3677,-16.2154,0.376182,-0.625076,0.683936,0.630112,-0.134865,0.16899
3678,-16.0534,0.335156,-0.476669,0.812685,0.648314,-0.152921,0.173889
3679,-16.1037,0.418905,-0.416078,0.807092,0.668636,-0.168359,0.179353
3680,-16.1378,0.482657,-0.337572,0.808138,0.690729,-0.180919,0.185288
3681,-16.1654,0.531241,-0.248359,0.81,0.714216,-0.190381,0.191593
3682,-16.237,0.603317,-0.157833,0.781727,0.738697,-0.196587,0.19816
3683,-16.0548,0.453446,-0.0445022,0.890172,0.76375,-0.199429,0.204877
3684,-16.1742,0.546465,0.049413,0.836023,0.788949,-0.198859,0.211628
3685,-16.392,0.692052,0.170496,0.701424,0.813861,-0.194885,0.2183
3686,-15.9286,0.280036,0.178516,0.943245,0.838061,-0.187579,0.224776
3687,-16.2935,0.539876,0.358518,0.761577,0.861133,-0.177061,0.230946
3688,-16.3248,0.504742,0.457668,0.731967,0.882684,-0.163515,0.236706
3689,-4.91339,0.759411,0.564278,-0.32386,0.902345,-0.147171,0.241955
3690,-1.53932,0.493842,0.701576,0.513723,0.914311,-0.134865,0.244828
3691,-3.14223,-0.0820124,0.271625,0.958902,0.934689,-0.107251,0.250575
3692,-7.87619,-0.49269,-0.842581,0.217518,0.946819,-0.0843573,0.253798
3693,-8.21006,-0.411112,-0.73576,0.538186,0.955961,-0.0600213,0.256219
3694,-0.135293,0.160477,-0.433824,-0.886591,0.961959,-0.0346586,0.257796
3695,-3.04368,-0.250695,0.221619,0.942357,0.96471,-0.00870199,0.258503
3696,-1.23496,0.0668026,-0.997766,-0.000949655,0.981463,0.017404,0.181883
3697,-3.22221,-0.254488,0.385109,0.887089,0.977566,0.0432113,0.18113
3698,-4.07846,-0.359476,0.902142,0.238572,0.970391,0.0682786,0.179771
3699,-2.686,-0.167762,0.633142,-0.755637,0.963813,0.0843573,0.178729
3700,-2.46178,-0.358305,0.70511,-0.611913,0.951469,0.107251,0.176468
3701,-2.74001,-0.291052,0.506458,-0.811658,0.936293,0.128309,0.17368
3702,8.20003,-0.73769,0.659615,-0.14395,0.912172,0.152921,0.168882
3703,14.3337,-0.775748,0.549297,-0.310624,0.891485,0.168359,0.165029
3704,20.8199,-0.886743,0.442202,-0.1347,0.868993,0.180919,0.160845
3705,23.6735,-0.914,0.285384,0.288373,0.853112,0.187579,0.15833
3706,20.5978,-0.903843,0.191341,-0.382695,0.820163,0.196587,0.151776
3707,26.7584,-0.860751,0.0618753,-0.505252,0.794659,0.199429,0.147045
3708,33.0591,-0.863713,-0.0620006,-0.500156,0.769009,0.198859,0.142291
3709,33.0926,-0.858241,-0.186151,-0.478298,0.74365,0.194885,0.137595
3710,39.4547,-0.855654,-0.312396,-0.412633,0.719017,0.187579,0.133039
3711,45.533,-0.702768,-0.397045,-0.590315,0.695532,0.177061,0.128697
3712,51.77,-0.612647,-0.483379,-0.625306,0.673596,0.163515,0.124647
3713,58.0871,-0.55624,-0.580533,-0.594625,0.653583,0.147171,0.120956
3714,64.3691,-0.470274,-0.657475,-0.588702,0.635838,0.128309,0.117689
3715,70.5443,-0.327391,-0.674312,-0.661905,0.620662,0.107251,0.1149
3716,-2.70372,-0.218405,-0.0488623,0.974634,0.608318,0.0843573,0.112639
3717,3.82744,-0.133245,0.175759,0.975374,0.599014,0.0600213,0.110943
3718,6.44989,-0.0340514,0.609521,0.792038,0.594565,0.0432113,0.110238
3719,3.7044,-0.191128,0.0563496,0.979946,0.590112,0.00870199,0.109352
3720,6.50939,-0.187944,0.667302,0.720684,0.590112,-0.00870199,0.109352
3721,8.3948,0.183844,-0.980149,0.074226,0.594565,-0.0432113,0.110238
3722,10.7358,0.259813,-0.920002,0.293419,0.599014,-0.0600213,0.110943
3723,11.4324,0.10317,-0.536871,0.837332,0.608318,-0.0843573,0.112639
3724,5.12465,0.187918,-0.51958,0.833501,0.620662,-0.107251,0.1149
3725,11.2927,0.327835,-0.539617,0.77546,0.635838,-0.128309,0.117689
3726,11.3226,0.380748,-0.464566,0.799506,0.653583,-0.147171,0.120956
3727,5.13559,0.374112,-0.357022,0.855906,0.673596,-0.163515,0.124647
3728,11.3982,0.44162,-0.295358,0.847193,0.695532,-0.177061,0.128697
3729,11.3778,0.501307,-0.222416,0.836195,0.719017,-0.187579,0.133039
3730,11.1618,0.69864,-0.163465,0.69655,0.74365,-0.194885,0.137595
3731,5.37339,0.307103,-0.0319457,0.95114,0.769009,-0.198859,0.142291
3732,5.08183,0.576534,0.0475549,0.815688,0.794659,-0.199429,0.147045
3733,-1.33273,0.672496,0.159376,0.722736,0.820163,-0.196587,0.151776
3734,-10.6721,0.936407,0.321305,0.141089,0.853112,-0.187579,0.15833
3735,-7.82704,0.741548,0.410071,0.530988,0.868993,-0.180919,0.160845
3736,-7.62779,0.577064,0.465974,0.67072,0.891485,-0.168359,0.165029
3737,-7.7911,0.600091,0.605944,0.522229,0.912172,-0.152921,0.168882
3738,-3.00839,-0.0600952,0.152371,0.986495,0.936293,-0.128309,0.17368
3739,-3.31429,0.0926256,0.4022,0.910855,0.951469,-0.107251,0.176468
3740,-7.34096,-0.390196,-0.881714,-0.265193,0.963813,-0.0843573,0.178729
3741,-4.66788,-0.223366,-0.883109,-0.412585,0.970391,-0.0682786,0.179771
3742,-5.54423,-0.26201,-0.856502,0.444697,0.977566,-0.0432113,0.18113
3743,1.89759,0.0667904,-0.795188,-0.602674,0.981463,-0.017404,0.181883
3744,-0.967508,0.095005,-0.95861,-0.268405,0.992709,0.017404,0.104317
3745,-1.43961,-0.225535,0.881433,0.414982,0.990444,0.0346586,0.104139
3746,-4.33676,-0.324572,0.945777,0.0126283,0.981505,0.0682786,0.10308
3747,1.37278,-0.320626,0.775741,-0.543529,0.971055,0.0921786,0.101955
3748,7.94236,-0.506738,0.807123,-0.302933,0.957595,0.114501,0.100514
3749,11.2295,-0.614126,0.632728,0.471705,0.947034,0.128309,0.0996832
3750,14.2244,-0.692325,0.638067,-0.336983,0.922611,0.152921,0.0967926
3751,20.4413,-0.743072,0.525979,-0.413752,0.901685,0.168359,0.0945752
3752,20.2586,-0.714155,0.383983,-0.585269,0.878934,0.180919,0.0921686
3753,26.4854,-0.718493,0.267987,-0.641834,0.854749,0.190381,0.0896152
3754,32.9011,-0.818708,0.17465,-0.547005,0.829543,0.196587,0.0869586
3755,32.9245,-0.840672,0.0589469,-0.538326,0.803747,0.199429,0.0842439
3756,39.2363,-0.849723,-0.0594202,-0.523871,0.777802,0.198859,0.0815173
3757,39.2721,-0.846277,-0.179054,-0.501752,0.752153,0.194885,0.0788253
3758,-2.26518,0.304524,0.140317,0.942113,0.727239,0.187579,0.0762146
3759,0.452941,0.618347,0.344087,0.706577,0.711209,0.180919,0.0749533
3760,0.675031,0.694253,0.501564,0.516184,0.68846,0.168359,0.0725473
3761,0.414522,0.498563,0.507017,0.703113,0.667534,0.152921,0.0703299
3762,0.777755,0.584441,0.714053,0.38543,0.64879,0.134865,0.0683379
3763,0.400113,0.351829,0.643017,0.680254,0.632549,0.114501,0.0666073
3764,3.5234,-0.165254,-0.0989829,0.981271,0.61528,0.0843573,0.0645633
3765,9.50947,-0.236051,-0.381364,0.893779,0.605872,0.0600213,0.0636026
3766,10.0222,-0.0989144,0.0916292,0.990868,0.599701,0.0346586,0.0629826
3767,12.3769,-0.0914439,0.310884,0.946039,0.597436,0.017404,0.0628046
3768,8.17393,0.0855572,-0.980582,-0.176463,0.597436,-0.017404,0.0628046
3769,14.6374,0.194019,-0.980808,0.0193152,0.601381,-0.0432113,0.0632493
3770,17.0249,0.280931,-0.918643,0.2778,0.605872,-0.0600213,0.0636026
3771,14.0951,0.437571,-0.771965,-0.461088,0.619089,-0.0921786,0.0651666
3772,13.9703,0.509968,-0.661761,-0.549549,0.632549,-0.114501,0.0666073
3773,13.6565,0.474352,-0.434918,-0.7654,0.64879,-0.134865,0.0683379
3774,14.0694,0.70342,-0.569137,-0.425774,0.667534,-0.152921,0.0703299
3775,14.0171,0.758365,-0.467904,-0.453816,0.68846,-0.168359,0.0725473
3776,13.8552,0.747209,-0.332899,-0.575202,0.711209,-0.180919,0.0749533
3777,14.0926,0.891757,-0.286807,-0.350017,0.735395,-0.190381,0.0775059
3778,17.1938,0.884409,-0.184879,0.428533,0.752153,-0.194885,0.0788253
3779,8.30479,0.983728,-0.0654037,0.167338,0.786397,-0.199429,0.0828786
3780,11.1296,0.799976,0.0567497,0.597342,0.803747,-0.199429,0.0842439
3781,5.14459,0.586423,0.134619,0.79874,0.829543,-0.196587,0.0869586
3782,-0.955767,0.423794,0.17841,0.888014,0.854749,-0.190381,0.0896152
3783,-0.997083,0.436282,0.263744,0.860289,0.878934,-0.180919,0.0921686
3784,-1.16946,0.52272,0.406044,0.749595,0.901685,-0.168359,0.0945752
3785,-1.23743,0.50835,0.51423,0.690758,0.922611,-0.152921,0.0967926
3786,-4.53691,0.664852,0.742299,-0.0834525,0.947034,-0.128309,0.0996832
3787,-1.29545,0.385676,0.682929,0.620372,0.957595,-0.114501,0.100514
3788,-4.21478,0.412829,0.884129,0.218835,0.974865,-0.0843573,0.102557
3789,-1.74505,0.297769,0.936266,0.186384,0.981505,-0.0682786,0.10308
3790,-7.43608,-0.181567,-0.976389,-0.117036,0.990444,-0.0346586,0.104139
3791,-4.75847,-0.0304532,-0.960151,-0.277817,0.992709,-0.017404,0.104317
3792,-1.3524,0.0609342,-0.992521,0.105777,0.997833,0.017404,0.026108
3793,-1.327,-0.185423,0.827499,0.529965,0.995561,0.0346586,0.026108
3794,-2.55164,0.0461752,-0.248067,0.967642,0.986566,0.0682786,0.0257546
3795,0.37187,0.254475,-0.577775,0.775512,0.979906,0.0843573,0.0257546
3796,0.546233,0.401973,-0.640104,0.65474,0.967359,0.107251,0.025452
3797,-2.6581,0.0571597,-0.109648,0.992326,0.946203,0.134865,0.0246213
3798,0.366715,0.459813,-0.429963,0.776984,0.933897,0.147171,0.0246213
3799,0.717558,0.708931,-0.487078,0.510071,0.913553,0.163515,0.0241066
3800,0.747272,0.783349,-0.395621,0.479424,0.891253,0.177061,0.023538
3801,0.664212,0.79193,-0.276056,0.544647,0.867377,0.187579,0.022924
3802,0.642345,0.814587,-0.166385,0.555666,0.842335,0.194885,0.022276
3803,0.635015,0.831099,-0.0559289,0.553305,0.816554,0.198859,0.0216053
3804,0.682936,0.862478,0.0578556,0.502777,0.790475,0.199429,0.0209226
3805,0.651638,0.837758,0.170705,0.518673,0.764545,0.196587,0.02024
3806,-2.80944,-0.126731,-0.0297814,0.99149,0.730977,0.187579,0.0189206
3807,2.90133,-0.592508,-0.277559,0.756238,0.707101,0.177061,0.0183073
3808,3.62926,-0.00807269,0.0208662,0.99975,0.684801,0.163515,0.0177386
3809,6.2973,0.309478,0.302448,0.901526,0.670994,0.152921,0.0177386
3810,-2.79773,-0.124112,-0.0972708,0.987489,0.64642,0.128309,0.0167726
3811,0.18687,0.314027,0.516837,0.796409,0.635826,0.114501,0.0167726
3812,0.556511,0.363307,0.777583,0.513199,0.622294,0.0921786,0.0163926
3813,0.566709,0.261901,0.828839,0.494402,0.611789,0.0682786,0.01609
3814,-2.46486,-0.00519299,0.168691,0.985655,0.602794,0.0346586,0.0157366
3815,-0.307504,-0.0256056,0.197076,0.980054,0.600522,0.017404,0.0157366
3816,9.89451,-0.0368676,-0.0364926,0.998654,0.600522,-0.017404,0.0157366
3817,9.38141,0.0678145,-0.510357,0.857285,0.60449,-0.0432113,0.01587
3818,9.2222,0.177204,-0.611341,0.771272,0.611789,-0.0682786,0.01609
3819,9.30011,0.223531,-0.519031,0.82501,0.622294,-0.0921786,0.0163926
3820,9.5587,0.153241,-0.285012,0.946195,0.635826,-0.114501,0.0167726
3821,12.5357,-0.317668,0.322299,0.891746,0.64642,-0.128309,0.0167726
3822,9.38385,0.327741,-0.318052,0.889623,0.670994,-0.152921,0.0177386
3823,9.58473,0.200039,-0.159042,0.966794,0.69203,-0.168359,0.0183073
3824,12.7118,-0.52607,0.243659,0.814789,0.707101,-0.177061,0.0183073
3825,12.9315,-0.699741,0.228469,0.676879,0.730977,-0.187579,0.0189206
3826,3.06628,0.424516,-0.0914879,0.900786,0.764545,-0.196587,0.02024
3827,2.9726,0.504338,-0.0352968,0.862785,0.790475,-0.199429,0.0209226
3828,2.89012,0.564055,0.0391164,0.82481,0.816554,-0.198859,0.0216053
3829,2.93407,0.508678,0.107865,0.854173,0.842335,-0.194885,0.022276
3830,2.94053,0.476538,0.173238,0.861917,0.867377,-0.187579,0.022924
3831,2.85482,0.507645,0.266236,0.819399,0.891253,-0.177061,0.023538
3832,2.88291,0.443073,0.318055,0.838169,0.913553,-0.163515,0.0241066
3833,3.24461,0.140623,0.156984,0.977538,0.933897,-0.147171,0.0246213
3834,6.27591,-0.250469,-0.24366,0.936961,0.946203,-0.134865,0.0246213
3835,-2.98026,0.0555846,0.14131,0.988404,0.967359,-0.107251,0.025452
3836,-2.81785,-0.0373798,0.00382476,0.999294,0.979906,-0.0843573,0.0257546
3837,-0.058456,-0.122386,-0.249366,0.960645,0.986566,-0.0682786,0.0257546
3838,-4.45246,0.19689,0.978869,-0.055226,0.995561,-0.0346586,0.026108
3839,-1.28062,0.0309295,0.816713,0.576215,0.997833,-0.017404,0.026108
3840,0.525434,0.0667216,-0.500515,0.863153,0.997833,0.017404,-0.026108
3841,-1.77089,-0.00178218,0.202302,0.979322,0.995561,0.0346586,-0.026108
3842,-1.73999,-0.0194344,0.171224,0.98504,0.989361,0.0600213,-0.0259747
3843,4.088,-0.232949,0.536942,0.810819,0.979906,0.0843573,-0.0257547
3844,10.4602,-0.260099,0.439818,0.859598,0.967359,0.107251,-0.025452
3845,17.0782,-0.109622,0.168886,0.979521,0.951935,0.128309,-0.025072
3846,22.9504,-0.417686,0.394454,0.818501,0.933897,0.147171,-0.0246213
3847,23.0353,-0.407434,0.294929,0.8643,0.913553,0.163515,-0.0241067
3848,29.4036,-0.376288,0.203092,0.90397,0.891253,0.177061,-0.023538
3849,35.5934,-0.479206,0.174122,0.860258,0.867377,0.187579,-0.022924
3850,41.855,-0.516766,0.109434,0.849104,0.842335,0.194885,-0.022276
3851,48.0862,-0.570254,0.0395119,0.820518,0.816554,0.198859,-0.0216053
3852,48.2202,-0.455743,-0.0321789,0.889529,0.790475,0.199429,-0.0209227
3853,54.6499,-0.314508,-0.0699632,0.946673,0.764545,0.196587,-0.02024
3854,61.1787,-0.0738568,-0.0383543,0.996531,0.739209,0.190381,-0.0195687
3855,69.5591,0.420435,0.190159,0.887172,0.707101,0.177061,-0.0183073
3856,67.6286,0.0821631,0.0287447,0.996204,0.69203,0.168359,-0.0183073
3857,67.0045,-0.371736,-0.355525,0.857563,0.670994,0.152921,-0.017738
3858,75.8031,0.295481,0.296256,0.908253,0.64642,0.128309,-0.0167727
3859,73.4587,-0.174907,-0.316619,0.932287,0.635826,0.114501,-0.0167727
3860,73.2412,-0.218364,-0.509151,0.832516,0.622294,0.0921786,-0.0163927
3861,79.5728,-0.134415,-0.495339,0.858238,0.611789,0.0682786,-0.01609
3862,86.2178,0.00304519,-0.179153,0.983816,0.60449,0.0432113,-0.01587
3863,0.212146,0.0521449,0.210107,0.976287,0.599954,0.00870199,-0.015692
3864,-1.29282,0.0196417,0.276291,0.960873,0.599954,-0.00870199,-0.015692
3865,51.2318,-0.137962,0.807032,0.574165,0.60449,-0.0432113,-0.01587
3866,44.9085,-0.232966,0.75702,0.610449,0.611789,-0.0682786,-0.01609
3867,38.5661,-0.311301,0.683831,0.659899,0.622294,-0.0921786,-0.0163927
3868,32.0298,-0.287524,0.479108,0.829328,0.635826,-0.114501,-0.0167727
3869,29.6423,0.154544,-0.132353,0.979081,0.64642,-0.128309,-0.0167727
3870,25.8918,-0.488405,0.453957,0.745241,0.670994,-0.152921,-0.017738
3871,19.4139,-0.41107,0.297289,0.861766,0.69203,-0.168359,-0.0183073
3872,16.9504,0.296466,-0.127871,0.946444,0.707101,-0.177061,-0.0183073
3873,16.7705,0.464359,-0.145952,0.873538,0.730977,-0.187579,-0.0189207
3874,13.3997,-0.698938,0.144511,0.700431,0.764545,-0.196587,-0.02024
3875,7.21581,-0.777457,0.0525994,0.626733,0.790475,-0.199429,-0.0209227
3876,1.03336,-0.836407,-0.0562561,0.545214,0.816554,-0.198859,-0.0216053
3877,7.30919,-0.817782,-0.166982,0.550772,0.842335,-0.194885,-0.022276
3878,7.31437,-0.791524,-0.275927,0.545302,0.867377,-0.187579,-0.022924
3879,7.1954,-0.684615,-0.350026,0.639362,0.891253,-0.177061,-0.023538
3880,0.985359,-0.670611,-0.463293,0.579344,0.913553,-0.163515,-0.0241067
3881,-5.19831,-0.645775,-0.583236,0.492758,0.933897,-0.147171,-0.0246213
3882,-11.8418,-0.407086,-0.498528,0.765344,0.951935,-0.128309,-0.025072
3883,-5.02211,-0.516475,-0.792101,0.325316,0.967359,-0.107251,-0.025452
3884,1.31188,-0.416924,-0.867097,0.272613,0.979906,-0.0843573,-0.0257547
3885,0.676252,-0.170263,-0.592714,0.787211,0.989361,-0.0600213,-0.0259747
3886,6.99259,-0.0971178,-0.638881,0.763151,0.995561,-0.0346586,-0.026108
3887,-4.50563,0.0251967,-0.202273,0.979005,0.997376,-0.00870199,-0.0522613
3888,0.230953,0.129283,-0.228415,0.964942,0.992709,0.017404,-0.104317
3889,-1.55111,0.11986,-0.0117752,0.992721,0.990444,0.0346586,-0.104139
3890,6.7171,0.240766,-0.398144,0.885163,0.981505,0.0682786,-0.10308
3891,4.86254,0.174616,-0.118763,0.977448,0.974865,0.0843573,-0.102557
3892,13.1817,0.414244,-0.480047,0.773276,0.957595,0.114501,-0.100513
3893,11.2104,0.238321,-0.141199,0.960867,0.947034,0.128309,-0.0996826
3894,12.9627,0.396576,-0.25463,0.881981,0.922611,0.152921,-0.0967926
3895,11.0517,0.136822,-0.0130152,0.99051,0.908846,0.163515,-0.0957093
3896,19.7216,0.757437,-0.338867,0.558084,0.878934,0.180919,-0.0921686
3897,19.9047,0.876001,-0.279804,0.39285,0.854749,0.190381,-0.0896153
3898,19.7442,0.83321,-0.15228,0.531575,0.829543,0.196587,-0.0869586
3899,19.4141,0.629522,-0.0350426,0.776192,0.803747,0.199429,-0.0842439
3900,17.3465,0.145777,0.00186851,0.989316,0.786397,0.199429,-0.0828786
3901,23.341,-0.136275,-0.0500935,0.989404,0.760601,0.196587,-0.0801633
3902,29.6161,-0.134003,-0.0846174,0.987362,0.735395,0.190381,-0.077506
3903,35.4046,-0.527534,-0.30459,0.793053,0.711209,0.180919,-0.0749526
3904,41.9979,-0.250243,-0.23988,0.937996,0.68846,0.168359,-0.0725466
3905,42.0328,-0.188474,-0.26187,0.946521,0.667534,0.152921,-0.0703293
3906,47.8512,-0.424082,-0.57452,0.700058,0.64879,0.134865,-0.068338
3907,54.3581,-0.235845,-0.497691,0.834674,0.632549,0.114501,-0.0666073
3908,60.6839,-0.148458,-0.502404,0.851792,0.619089,0.0921786,-0.0651666
3909,67.0786,-0.0424711,-0.435832,0.899025,0.60864,0.0682786,-0.0640406
3910,73.4984,0.0469849,-0.323994,0.944892,0.601381,0.0432113,-0.0632486
3911,94.3892,0.12553,0.140697,0.982062,0.596872,0.00870199,-0.0627153
3912,92.7505,0.11228,0.0758381,0.990778,0.596872,-0.00870199,-0.0627153
3913,29.3866,0.190132,-0.427406,0.88384,0.599701,-0.0346586,-0.0629826
3914,29.528,0.207779,-0.28394,0.936059,0.605872,-0.0600213,-0.063602
3915,25.8896,-0.215928,0.615933,0.757629,0.619089,-0.0921786,-0.0651666
3916,19.7664,-0.366187,0.660085,0.655892,0.632549,-0.114501,-0.0666073
3917,13.7542,-0.563124,0.697613,0.442975,0.64879,-0.134865,-0.068338
3918,7.05853,-0.438529,0.461706,0.771051,0.667534,-0.152921,-0.0703293
3919,7.11336,-0.529976,0.410237,0.74218,0.68846,-0.168359,-0.0725466
3920,0.977415,-0.672556,0.366953,0.642662,0.711209,-0.180919,-0.0749526
3921,0.751541,-0.556128,0.219578,0.801565,0.735395,-0.190381,-0.077506
3922,4.65484,0.136093,-0.0037225,0.990689,0.752153,-0.194885,-0.0788253
3923,6.58871,-0.185957,0.019698,0.98236,0.786397,-0.199429,-0.0828786
3924,4.48696,0.29899,0.012126,0.954179,0.803747,-0.199429,-0.0842439
3925,4.19571,0.552485,0.0898321,0.828668,0.829543,-0.196587,-0.0869586
3926,4.16741,0.559939,0.156389,0.81364,0.854749,-0.190381,-0.0896153
3927,4.31141,0.428298,0.158309,0.889662,0.878934,-0.180919,-0.0921686
3928,0.41303,-0.223703,-0.223122,0.948775,0.908846,-0.163515,-0.0957093
3929,-1.54557,0.0765311,-0.036069,0.996415,0.922611,-0.152921,-0.0967926
3930,0.280865,-0.0684707,-0.208476,0.975628,0.947034,-0.128309,-0.0996826
3931,4.50834,0.215519,0.150718,0.964798,0.957595,-0.114501,-0.100513
3932,4.3077,0.274617,0.338821,0.899881,0.971055,-0.0921786,-0.101955
3933,4.46868,0.187477,0.216902,0.958022,0.981505,-0.0682786,-0.10308
3934,0.520662,0.00566459,-0.48791,0.872875,0.990444,-0.0346586,-0.104139
3935,-1.26432,0.0922384,-0.303434,0.948377,0.992709,-0.017404,-0.104317
3936,6.95782,0.192381,-0.62328,0.757965,0.981463,0.017404,-0.181883
3937,-0.501704,0.0791054,0.471695,0.878206,0.977566,0.0432113,-0.18113
3938,6.63996,0.292849,-0.330742,0.897134,0.970391,0.0682786,-0.179771
3939,4.85198,0.246463,-0.109302,0.962969,0.963813,0.0843573,-0.178729
3940,10.4922,-0.104218,0.416908,0.902954,0.951469,0.107251,-0.176467
3941,17.2117,0.134252,0.0698186,0.988485,0.936293,0.128309,-0.173679
3942,13.0751,0.52945,-0.321271,0.785154,0.912173,0.152921,-0.168881
3943,13.5915,0.798151,-0.475134,0.370409,0.891485,0.168359,-0.165029
3944,19.1652,0.458445,-0.13738,0.878041,0.868993,0.180919,-0.160845
3945,17.379,0.253164,-0.0202528,0.967211,0.853112,0.187579,-0.15833
3946,19.6311,0.816015,-0.137525,0.561432,0.820163,0.196587,-0.151776
3947,19.6949,0.861682,-0.0489997,0.505077,0.794659,0.199429,-0.147045
3948,19.8806,0.93981,0.0561802,0.337046,0.769009,0.198859,-0.142291
3949,19.9044,0.932958,0.169835,0.317404,0.74365,0.194885,-0.137595
3950,19.8546,0.888565,0.271511,0.369774,0.719017,0.187579,-0.133038
3951,19.7155,0.796317,0.337145,0.502207,0.695532,0.177061,-0.128697
3952,19.9237,0.809747,0.488697,0.324783,0.673596,0.163515,-0.124647
3953,19.8718,0.730752,0.562797,0.386343,0.653583,0.147171,-0.120956
3954,19.6482,0.599177,0.538854,0.592135,0.635838,0.128309,-0.117689
3955,19.6153,0.518113,0.576416,0.631904,0.620662,0.107251,-0.1149
3956,19.7559,0.461563,0.706158,0.536937,0.608318,0.0843573,-0.112639
3957,19.7139,0.36631,0.72037,0.588969,0.599014,0.0600213,-0.110942
3958,19.2589,0.25507,0.390351,0.884627,0.592911,0.0346586,-0.10984
3959,16.88,0.154539,-0.389783,0.907847,0.590667,0.017404,-0.109485
3960,23.2388,0.205347,-0.314393,0.926817,0.590112,-0.00870199,-0.109352
3961,23.223,0.246671,-0.318982,0.915098,0.592911,-0.0346586,-0.10984
3962,29.5587,0.273033,-0.256097,0.92729,0.599014,-0.0600213,-0.110942
3963,4.07412,0.410868,-0.52186,0.747563,0.608318,-0.0843573,-0.112639
3964,4.26971,0.40058,-0.339771,0.850936,0.620662,-0.107251,-0.1149
3965,4.2716,0.439078,-0.303179,0.84575,0.635838,-0.128309,-0.117689
3966,4.1991,0.515602,-0.306808,0.800015,0.653583,-0.147171,-0.120956
3967,4.12868,0.593081,-0.291032,0.750703,0.673596,-0.163515,-0.124647
3968,4.20138,0.57625,-0.202733,0.79173,0.695532,-0.177061,-0.128697
3969,4.19067,0.605224,-0.149817,0.78183,0.719017,-0.187579,-0.133038
3970,4.49017,0.367531,-0.0356673,0.929327,0.74365,-0.194885,-0.137595
3971,-2.20294,0.708695,-0.036598,0.704565,0.769009,-0.198859,-0.142291
3972,-2.05007,0.593447,0.0279012,0.80439,0.794659,-0.199429,-0.147045
3973,4.22351,0.59436,0.0849929,0.799695,0.820163,-0.196587,-0.151776
3974,4.20223,0.596675,0.146499,0.788997,0.845083,-0.190381,-0.156402
3975,4.44209,0.394614,0.103112,0.913043,0.868993,-0.180919,-0.160845
3976,-2.20073,0.619827,0.312596,0.719791,0.891485,-0.168359,-0.165029
3977,-1.61527,0.206062,0.00983655,0.978489,0.912173,-0.152921,-0.168881
3978,13.1903,-0.219269,-0.439401,0.871119,0.936293,-0.128309,-0.173679
3979,13.604,-0.369864,-0.7162,0.591826,0.951469,-0.107251,-0.176467
3980,7.11092,-0.187227,-0.660567,0.727047,0.963813,-0.0843573,-0.178729
3981,5.04116,0.0783599,-0.317037,0.94517,0.970391,-0.0682786,-0.179771
3982,12.0783,-0.0793757,-0.869786,0.487002,0.977566,-0.0432113,-0.18113
3983,4.61743,0.200168,0.0920013,0.975432,0.981463,-0.017404,-0.181883
3984,18.6372,0.119345,-0.974914,0.18788,0.96471,0.00870199,-0.258502
3985,12.2755,0.259144,-0.937434,0.23251,0.961959,0.0346586,-0.257796
3986,-0.836933,-0.0478135,0.70323,0.709353,0.953295,0.0682786,-0.255352
3987,-0.502116,0.033228,0.431722,0.901395,0.943151,0.0921786,-0.252606
3988,-0.451019,0.0113329,0.362502,0.931914,0.930082,0.114501,-0.249078
3989,-0.436926,-0.022454,0.318262,0.947737,0.914311,0.134865,-0.244828
3990,25.362,0.428753,-0.149907,0.890898,0.89611,0.152921,-0.239928
3991,23.5092,0.202296,0.0473592,0.978179,0.882684,0.163515,-0.236705
3992,12.8112,0.472532,-0.10728,0.87476,0.853695,0.180919,-0.228529
3993,11.1475,0.374066,-0.0368475,0.92667,0.838061,0.187579,-0.224776
3994,16.685,-0.338916,0.115388,0.933714,0.813861,0.194885,-0.2183
3995,22.8382,-0.467488,0.0452584,0.88284,0.788949,0.198859,-0.211629
3996,29.44,-0.167716,-0.0281488,0.985433,0.763751,0.199429,-0.204877
3997,19.0877,0.486417,0.046054,0.872512,0.730563,0.194885,-0.195517
3998,17.1472,0.114519,-0.0540117,0.991952,0.714217,0.190381,-0.191593
3999,19.4127,0.69024,0.23627,0.683919,0.683291,0.177061,-0.182871
4000,19.417,0.658927,0.298753,0.690335,0.66174,0.163515,-0.177112
4001,17.4298,0.357125,0.079947,0.930629,0.648314,0.152921,-0.173889
4002,19.5637,0.620575,0.492644,0.610072,0.624644,0.128309,-0.167213
4003,19.5182,0.544294,0.515528,0.661797,0.609734,0.107251,-0.163243
4004,19.1997,0.400928,0.30774,0.862875,0.597604,0.0843573,-0.160019
4005,17.1741,0.233443,-0.110775,0.96604,0.591128,0.0682786,-0.158465
4006,19.0338,0.301204,0.179734,0.936468,0.582465,0.0346586,-0.156021
4007,17.174,0.263116,-0.106956,0.958817,0.580256,0.017404,-0.155491
4008,32.1182,0.166561,0.644608,0.746149,0.580256,-0.017404,-0.155491
4009,30.1201,0.208338,0.27351,0.939036,0.582465,-0.0346586,-0.156021
4010,-5.68564,0.0504719,0.532788,0.844742,0.591128,-0.0682786,-0.158465
4011,-1.51634,0.240232,0.0644139,0.968576,0.597604,-0.0843573,-0.160019
4012,-1.87216,0.408373,-0.229502,0.883493,0.609734,-0.107251,-0.163243
4013,-2.02588,0.510769,-0.312961,0.800731,0.624644,-0.128309,-0.167213
4014,-2.06788,0.568354,-0.297299,0.767194,0.642078,-0.147171,-0.171863
4015,4.21832,0.599265,-0.24747,0.761342,0.66174,-0.163515,-0.177112
4016,4.55151,0.377492,-0.0554808,0.924349,0.683291,-0.177061,-0.182871
4017,-11.7489,-0.479049,0.234595,0.845859,0.714217,-0.190381,-0.191593
4018,-7.49897,-0.11126,0.0748598,0.990968,0.730563,-0.194885,-0.195517
4019,19.7901,-0.615926,0.0529088,0.786025,0.763751,-0.199429,-0.204877
4020,13.801,-0.817072,-0.0618242,0.573211,0.788949,-0.198859,-0.211629
4021,7.36186,-0.703667,-0.172071,0.689379,0.813861,-0.194885,-0.2183
4022,0.777651,-0.445965,-0.225651,0.866139,0.838061,-0.187579,-0.224776
4023,-1.2192,-0.0742305,-0.166995,0.983159,0.853695,-0.180919,-0.228529
4024,13.1751,-0.234784,-0.317824,0.918621,0.882684,-0.163515,-0.236705
4025,11.2714,0.0413518,-0.198356,0.979257,0.89611,-0.152921,-0.239928
4026,18.2675,-0.395384,-0.63876,0.660044,0.914311,-0.134865,-0.244828
4027,18.3022,-0.32617,-0.719431,0.613215,0.930082,-0.114501,-0.249078
4028,18.4393,-0.289004,-0.828651,0.479389,0.943151,-0.0921786,-0.252606
4029,12.4826,-0.289123,-0.944599,0.155371,0.953295,-0.0682786,-0.255352
4030,-0.659119,0.32947,0.600673,0.728451,0.961959,-0.0346586,-0.257796
4031,-0.759375,0.240188,0.686996,0.685818,0.96471,-0.00870199,-0.258502
4032,6.88414,0.320111,-0.564221,0.761041,0.940928,0.017404,-0.333177
4033,19.2342,0.0426638,-0.911971,-0.408031,0.938768,0.0346586,-0.332476
4034,5.00807,-0.18746,0.905896,0.379751,0.930322,0.0682786,-0.32936
4035,4.608,0.293187,0.108946,0.949827,0.923987,0.0843573,-0.327302
4036,-1.26741,-0.393729,0.793708,0.463687,0.907672,0.114501,-0.321283
4037,-3.05658,-0.5968,0.75078,0.283125,0.897596,0.128309,-0.31801
4038,-1.15913,-0.507763,0.604493,0.613811,0.874523,0.152921,-0.309497
4039,-2.93829,-0.709788,0.547822,0.442823,0.861392,0.163515,-0.30523
4040,31.52,0.431668,-0.0459896,0.90086,0.833133,0.180919,-0.294805
4041,29.8643,0.330046,0.00579897,0.943947,0.817841,0.187579,-0.289836
4042,32.037,0.816888,-0.1136,0.565499,0.786323,0.196587,-0.278208
4043,32.003,0.806721,-0.0362771,0.589817,0.761873,0.199429,-0.269546
4044,30.1362,0.568523,0.0163212,0.822506,0.745322,0.199429,-0.264168
4045,31.6516,0.551429,0.0455938,0.832975,0.712971,0.194885,-0.252234
4046,32.1035,0.831295,0.204115,0.516996,0.689354,0.187579,-0.243879
4047,25.2114,0.411155,0.034778,0.910902,0.666836,0.177061,-0.235917
4048,23.2042,0.0232547,-0.211549,0.977091,0.652502,0.168359,-0.23126
4049,23.2892,0.120491,-0.196365,0.9731,0.632672,0.152921,-0.224219
4050,29.0469,-0.218763,-0.552016,0.804625,0.614911,0.134865,-0.217907
4051,35.454,-0.0684592,-0.533287,0.84316,0.599523,0.114501,-0.212433
4052,19.3288,0.498359,0.413615,0.761946,0.583207,0.0843573,-0.206413
4053,19.7682,0.44954,0.752692,0.481009,0.574284,0.0600213,-0.203283
4054,25.6389,0.391417,0.475505,0.787837,0.568428,0.0346586,-0.20124
4055,25.6849,0.326854,0.523435,0.786881,0.565741,0.00870199,-0.20032
4056,-1.51492,0.341941,0.0582523,0.937914,0.565741,-0.00870199,-0.20032
4057,-1.5525,0.341283,0.0255008,0.939615,0.568428,-0.0346586,-0.20124
4058,-8.23836,0.431937,-0.344008,0.83372,0.574284,-0.0600213,-0.203283
4059,-7.83876,0.332417,0.0292268,0.94268,0.583207,-0.0843573,-0.206413
4060,1.18833,-0.354135,0.771585,0.528436,0.599523,-0.114501,-0.212433
4061,1.25926,-0.48247,0.71589,0.504703,0.614911,-0.134865,-0.217907
4062,-5.09718,-0.523673,0.611379,0.593281,0.632672,-0.152921,-0.224219
4063,-11.6201,-0.430277,0.450914,0.782009,0.652502,-0.168359,-0.23126
4064,-7.40408,-0.0861289,0.206403,0.974669,0.666836,-0.177061,-0.235917
4065,17.1692,0.409476,-0.023265,0.912024,0.689354,-0.187579,-0.243879
4066,17.6045,-0.00442896,0.0695685,0.997567,0.712971,-0.194885,-0.252234
4067,12.8827,0.0377671,0.0203699,0.999079,0.745322,-0.199429,-0.264168
4068,10.9191,0.38074,0.00243819,0.924679,0.761873,-0.199429,-0.269546
4069,10.8849,0.41159,0.0140858,0.91126,0.786323,-0.196587,-0.278208
4070,6.9509,-0.278266,-0.199149,0.939632,0.817841,-0.187579,-0.289836
4071,11.4771,-0.114665,-0.218632,0.969047,0.833133,-0.180919,-0.294805
4072,14.5922,-0.852633,-0.499328,-0.153913,0.861392,-0.163515,-0.30523
4073,12.732,-0.758872,-0.647093,0.0733768,0.874523,-0.152921,-0.309497
4074,20.9566,-0.708365,-0.646517,-0.283257,0.897596,-0.128309,-0.31801
4075,19.1281,-0.600007,-0.794451,-0.0940196,0.907672,-0.114501,-0.321283
4076,7.03304,-0.0293622,-0.611326,0.790834,0.923987,-0.0843573,-0.327302
4077,19.3211,-0.427859,-0.838164,-0.338256,0.930322,-0.0682786,-0.32936
4078,4.96067,0.262332,0.95074,0.165151,0.938768,-0.0346586,-0.332476
4079,4.70974,0.346118,7.27483e-05,0.938191,0.940928,-0.017404,-0.333177
4080,12.8346,0.419424,-0.264468,0.868413,0.911887,0.017404,-0.405975
4081,19.0335,0.100909,-0.965623,-0.239562,0.909788,0.0346586,-0.405106
4082,16.8329,0.246299,0.419161,0.873866,0.90411,0.0600213,-0.40261
4083,4.40405,0.268206,0.287014,0.919613,0.895459,0.0843573,-0.398789
4084,6.19153,0.370743,0.0761211,0.925611,0.879667,0.114501,-0.391508
4085,4.64939,0.363902,0.0667304,0.929044,0.869879,0.128309,-0.387454
4086,-2.21372,-0.0976856,0.410897,0.906433,0.853386,0.147171,-0.380134
4087,4.24849,0.00846268,0.26481,0.964263,0.834789,0.163515,-0.371874
4088,3.77728,-0.435328,0.365158,0.82289,0.814403,0.177061,-0.362814
4089,10.6239,0.0423109,0.12786,0.990889,0.79258,0.187579,-0.35311
4090,30.4149,0.812219,-0.0989197,0.574905,0.769692,0.194885,-0.342928
4091,36.8593,0.90051,-0.0417794,0.432824,0.746129,0.198859,-0.332442
4092,37.4289,0.990645,0.0623804,-0.121371,0.722298,0.199429,-0.321831
4093,36.9406,0.921872,0.136435,0.36268,0.698603,0.196587,-0.311278
4094,31.0961,0.127059,-0.101119,0.986727,0.668094,0.187579,-0.297214
4095,29.2284,-0.161294,-0.268544,0.949668,0.653239,0.180919,-0.29106
4096,35.6095,-0.038938,-0.291246,0.955856,0.632346,0.168359,-0.281742
4097,35.5048,-0.0822068,-0.400776,0.912481,0.61313,0.152921,-0.273166
4098,41.5689,-0.186403,-0.574117,0.797272,0.595919,0.134865,-0.26548
4099,41.668,-0.0474392,-0.576184,0.815942,0.581008,0.114501,-0.258816
4100,47.6599,-0.141159,-0.779058,0.610854,0.568651,0.0921786,-0.253286
4101,47.7695,0.012494,-0.763528,0.645654,0.559061,0.0682786,-0.248986
4102,47.6978,0.0751591,-0.827727,0.556075,0.552402,0.0432113,-0.24599
4103,54.1428,0.236094,-0.741474,0.628073,0.548788,0.017404,-0.244348
4104,45.4797,-0.02847,0.995181,0.0938286,0.548788,-0.017404,-0.244348
4105,39.3181,-0.197019,0.979669,0.037833,0.552402,-0.0432113,-0.24599
4106,33.0905,-0.33349,0.941919,0.0396616,0.559061,-0.0682786,-0.248986
4107,33.2194,-0.487186,0.872805,-0.0293554,0.568651,-0.0921786,-0.253286
4108,26.5207,-0.419715,0.817797,0.393761,0.581008,-0.114501,-0.258816
4109,20.3328,-0.559604,0.749225,0.354267,0.595919,-0.134865,-0.26548
4110,26.4838,-0.57492,0.643755,0.505021,0.61313,-0.152921,-0.273166
4111,20.1288,-0.6027,0.532404,0.59439,0.632346,-0.168359,-0.281742
4112,13.8894,-0.686783,0.42909,0.586695,0.653239,-0.180919,-0.29106
4113,11.9476,-0.488584,0.268745,0.830097,0.668094,-0.187579,-0.297214
4114,12.3486,0.601176,-0.0421765,0.798003,0.698603,-0.196587,-0.311278
4115,11.8869,0.895096,-0.0411516,0.44397,0.722298,-0.199429,-0.321831
4116,6.16787,0.520159,0.00753544,0.854036,0.746129,-0.198859,-0.332442
4117,6.35085,0.357489,-0.0131996,0.933824,0.769692,-0.194885,-0.342928
4118,13.6305,-0.548741,-0.281231,0.787269,0.79258,-0.187579,-0.35311
4119,14.1648,-0.825606,-0.442414,0.350207,0.814403,-0.177061,-0.362814
4120,19.9692,-0.496871,-0.500257,0.709128,0.834789,-0.163515,-0.371874
4121,20.1248,-0.531009,-0.631006,0.565562,0.853386,-0.147171,-0.380134
4122,13.2323,-0.0405193,-0.464622,0.884582,0.869879,-0.128309,-0.387454
4123,11.6196,0.030824,-0.50056,0.865153,0.879667,-0.114501,-0.391508
4124,13.1929,0.103758,-0.525978,0.844146,0.895459,-0.0843573,-0.398789
4125,19.189,-0.418225,-0.888897,-0.186946,0.901613,-0.0682786,-0.401338
4126,4.9375,0.266034,0.956065,0.123151,0.909788,-0.0346586,-0.405106
4127,4.95841,0.391208,-0.245454,0.886966,0.911887,-0.017404,-0.405975
4128,19.1292,0.48537,-0.275397,0.829803,0.877223,0.017404,-0.476269
4129,18.8869,0.155516,-0.980373,-0.121174,0.875199,0.0346586,-0.475238
4130,4.4947,0.411722,0.216218,0.885288,0.869735,0.0600213,-0.472304
4131,5.37598,-0.00285729,0.706645,0.707563,0.858122,0.0921786,-0.465801
4132,12.4815,0.445811,0.0705019,0.892346,0.846237,0.114501,-0.459319
4133,10.7189,0.29511,0.22409,0.928813,0.836797,0.128309,-0.454509
4134,4.26163,0.13038,0.304736,0.943471,0.820931,0.147171,-0.445918
4135,4.84674,-0.653294,0.550849,0.519396,0.796856,0.168359,-0.432435
4136,2.84847,-0.898156,0.418954,0.133392,0.783427,0.177061,-0.425593
4137,2.59981,-0.958859,0.269211,-0.0900796,0.762432,0.187579,-0.414206
4138,31.3484,0.429774,0.0131717,0.90284,0.73312,0.196587,-0.397791
4139,29.58,0.205372,0.0196197,0.978487,0.717746,0.198859,-0.389958
4140,35.6251,-0.0308935,-0.0338039,0.998951,0.694821,0.199429,-0.37751
4141,41.7627,-0.165221,-0.123872,0.978447,0.672028,0.196587,-0.36513
4142,38.7909,0.958368,0.285411,-0.0084374,0.642716,0.187579,-0.348715
4143,37.123,0.921128,0.362427,0.142019,0.628389,0.180919,-0.341416
4144,43.3032,0.86835,0.420936,0.262262,0.608292,0.168359,-0.330486
4145,49.6244,0.817443,0.516757,0.254458,0.589807,0.152921,-0.32043
4146,36.0481,-0.612306,-0.749688,0.251096,0.56835,0.128309,-0.308413
4147,34.011,-0.671297,-0.700921,-0.240975,0.55891,0.114501,-0.303604
4148,39.9693,-0.622431,-0.56544,-0.541163,0.547025,0.0921786,-0.297122
4149,46.3272,-0.547047,-0.653421,-0.52324,0.537802,0.0682786,-0.292082
4150,54.9621,-0.177769,-0.980692,0.0814912,0.529949,0.0346586,-0.287684
4151,53.1117,-0.19794,-0.953903,-0.225587,0.527925,0.017404,-0.286652
4152,46.4298,-0.412042,0.638327,-0.6502,0.527925,-0.017404,-0.286652
4153,50.8383,-0.410199,0.820155,-0.398852,0.529949,-0.0346586,-0.287684
4154,40.3888,-0.561954,0.41354,-0.716375,0.537802,-0.0682786,-0.292082
4155,38.425,-0.614597,0.660445,-0.431373,0.543736,-0.0843573,-0.295106
4156,27.796,-0.656759,0.382794,-0.64972,0.55891,-0.114501,-0.303604
4157,32.0625,-0.754192,0.58833,-0.291656,0.56835,-0.128309,-0.308413
4158,12.3092,0.639384,-0.167778,0.750359,0.589807,-0.152921,-0.32043
4159,12.3853,0.61126,-0.100113,0.785072,0.608292,-0.168359,-0.330486
4160,12.279,0.690359,-0.125462,0.712506,0.628389,-0.180919,-0.341416
4161,10.5117,0.797539,-0.13892,0.587054,0.642716,-0.187579,-0.348715
4162,7.59102,-0.699285,0.188533,0.689533,0.672028,-0.196587,-0.36513
4163,1.15971,-0.602834,0.0600336,0.795605,0.694821,-0.199429,-0.37751
4164,0.930452,-0.406208,-0.052519,0.91227,0.717746,-0.198859,-0.389958
4165,5.37336,-0.1771,-0.125703,0.976132,0.73312,-0.196587,-0.397791
4166,34.1816,-0.757795,-0.118067,-0.641722,0.762432,-0.187579,-0.414206
4167,27.6579,-0.851019,-0.255886,-0.458573,0.783427,-0.177061,-0.425593
4168,25.5902,-0.869913,-0.49042,-0.0523418,0.796856,-0.168359,-0.432435
4169,19.9651,-0.374153,-0.592441,0.713458,0.820931,-0.147171,-0.445918
4170,19.7663,-0.159056,-0.59687,0.786414,0.836797,-0.128309,-0.454509
4171,17.9408,0.0726866,-0.52544,0.84772,0.846237,-0.114501,-0.459319
4172,18.6736,-0.303633,-0.885738,0.351106,0.858122,-0.0921786,-0.465801
4173,19.8685,0.0175303,-0.806439,0.591058,0.869735,-0.0600213,-0.472304
4174,11.3199,0.316957,0.929676,0.187727,0.875199,-0.0346586,-0.475238
4175,-1.26091,0.447438,-0.306757,0.840059,0.877223,-0.017404,-0.476269
4176,24.5525,0.351123,-0.83313,0.427326,0.837612,0.00870199,-0.543962
4177,25.1376,0.163671,-0.98081,-0.105938,0.835214,0.0346586,-0.54244
4178,-0.989027,0.0821438,0.791212,0.606,0.827729,0.0682786,-0.537439
4179,17.1099,0.477927,0.166089,0.862554,0.822051,0.0843573,-0.533959
4180,4.9758,-0.301138,0.802961,0.514363,0.807591,0.114501,-0.524298
4181,5.54922,0.0455084,0.503794,0.862624,0.793906,0.134865,-0.515383
4182,5.66943,0.0942467,0.379894,0.920216,0.77811,0.152921,-0.505099
4183,13.1077,0.832276,-0.286388,0.474656,0.760471,0.168359,-0.493622
4184,13.3339,0.917511,-0.307308,0.25246,0.741292,0.180919,-0.48115
4185,13.1955,0.912458,-0.18925,0.362774,0.720903,0.190381,-0.467896
4186,11.0349,-0.792975,0.195082,0.577177,0.699649,0.196587,-0.454085
4187,9.44666,-0.839202,0.065484,0.539862,0.684938,0.198859,-0.44507
4188,17.9611,-0.293522,-0.0508261,0.9546,0.65602,0.198859,-0.425748
4189,17.9614,-0.282235,-0.15148,0.94731,0.634388,0.194885,-0.411704
4190,50.3418,0.613979,0.0245187,0.788941,0.613374,0.187579,-0.398066
4191,38.2585,0.866559,0.234882,0.440348,0.593338,0.177061,-0.385068
4192,38.3507,0.860914,0.337108,0.381032,0.57462,0.163515,-0.372932
4193,38.358,0.821873,0.403832,0.401802,0.557544,0.147171,-0.361864
4194,58.3706,0.392685,0.728546,-0.561266,0.5424,0.128309,-0.352054
4195,58.7107,0.073647,0.690458,-0.719614,0.529447,0.107251,-0.343671
4196,58.7543,-0.0335627,0.722241,-0.690827,0.518906,0.0843573,-0.336858
4197,58.791,-0.136583,0.741359,-0.657063,0.51096,0.0600213,-0.33173
4198,55.1913,-0.0406993,-0.958559,0.281971,0.505744,0.0346586,-0.328376
4199,55.274,0.110185,-0.954416,0.277397,0.503346,0.00870199,-0.326854
4200,38.02,-0.228139,0.946092,-0.22992,0.503346,-0.00870199,-0.326854
4201,38.0849,-0.362655,0.905903,-0.218682,0.505744,-0.0346586,-0.328376
4202,25.138,-0.276963,0.946851,0.163599,0.51096,-0.0600213,-0.33173
4203,25.5161,-0.555126,0.825946,-0.0982279,0.518906,-0.0843573,-0.336858
4204,3.09496,0.447813,-0.831391,-0.329019,0.529447,-0.107251,-0.343671
4205,3.48184,0.710526,-0.702283,-0.0441899,0.5424,-0.128309,-0.352054
4206,17.1881,0.592747,-0.0403698,0.804376,0.557544,-0.147171,-0.361864
4207,17.232,0.565206,-0.00780268,0.824913,0.57462,-0.163515,-0.372932
4208,17.3385,0.482376,0.0419549,0.874959,0.593338,-0.177061,-0.385068
4209,5.23707,0.0507305,0.171347,0.983904,0.613374,-0.187579,-0.398066
4210,12.5903,-0.848525,0.194854,0.491973,0.634388,-0.194885,-0.411704
4211,12.6002,-0.867983,0.0653168,0.49228,0.65602,-0.198859,-0.425748
4212,33.6572,-0.995286,-0.0513148,-0.0823013,0.684938,-0.198859,-0.44507
4213,38.2673,-0.9867,-0.160389,-0.0264421,0.699649,-0.196587,-0.454085
4214,39.2333,-0.555046,0.000213694,-0.831819,0.720903,-0.190381,-0.467896
4215,39.0702,-0.670175,-0.0724858,-0.738655,0.741292,-0.180919,-0.48115
4216,17.2396,0.560068,0.00363298,0.828439,0.760471,-0.168359,-0.493622
4217,24.8246,-0.448016,-0.634162,0.630175,0.77811,-0.152921,-0.505099
4218,25.0374,-0.508078,-0.750326,0.422928,0.793906,-0.134865,-0.515383
4219,19.1004,-0.594275,-0.800923,0.0732049,0.807591,-0.114501,-0.524298
4220,13.3123,0.158655,-0.608738,0.777346,0.822051,-0.0843573,-0.533959
4221,31.4041,-0.26751,-0.947001,0.177839,0.827729,-0.0682786,-0.537439
4222,17.5327,0.296469,0.949357,0.104058,0.835214,-0.0346586,-0.54244
4223,4.75297,0.552719,-0.0430257,0.832257,0.837151,-0.017404,-0.543627
4224,31.6207,-0.0740838,-0.977523,-0.197382,0.792351,0.00870199,-0.608004
4225,31.4268,0.151067,-0.980814,-0.123219,0.790079,0.0346586,-0.606298
4226,10.3826,0.354098,0.554552,0.753052,0.785142,0.0600213,-0.602546
4227,23.1594,0.423802,0.365709,0.828643,0.777623,0.0843573,-0.59681
4228,11.2158,-0.29038,0.811557,0.507005,0.763966,0.114501,-0.586045
4229,4.7994,-0.461768,0.749287,0.4747,0.751022,0.134865,-0.576083
4230,2.72668,-0.799081,0.595535,0.0825071,0.741067,0.147171,-0.56885
4231,2.5037,-0.896186,0.435502,-0.0847834,0.724911,0.163515,-0.556476
4232,18.237,0.935136,-0.352906,0.0312879,0.707204,0.177061,-0.542908
4233,12.7992,0.77397,-0.0742115,0.628859,0.68197,0.190381,-0.523015
4234,12.8176,0.791139,-0.0485411,0.609708,0.661866,0.196587,-0.507579
4235,11.1279,0.689331,-0.00609621,0.724421,0.647907,0.198859,-0.497437
4236,17.2615,-0.794216,-0.0654802,0.604096,0.620594,0.198859,-0.475905
4237,15.3114,-0.959394,-0.177049,0.219583,0.606634,0.196587,-0.465763
4238,17.0133,-0.87999,-0.310341,0.359592,0.580252,0.187579,-0.444964
4239,15.1962,-0.923467,-0.378024,0.0656304,0.567244,0.180919,-0.435514
4240,37.607,0.556421,-0.051131,0.829326,0.54359,0.163515,-0.416866
4241,35.6564,0.259143,-0.317088,0.912305,0.53242,0.152921,-0.408751
4242,37.4275,0.457554,-0.201761,0.865989,0.513106,0.128309,-0.393526
4243,35.569,0.278109,-0.45653,0.845125,0.504534,0.114501,-0.387298
4244,58.0203,0.406719,0.892603,-0.194525,0.490878,0.0843573,-0.376532
4245,56.1763,0.466284,0.877694,0.110603,0.48549,0.0682786,-0.372617
4246,57.9484,0.256301,0.966484,0.0147764,0.47842,0.0346586,-0.367044
4247,56.0202,0.357765,0.860421,0.362876,0.476582,0.017404,-0.365709
4248,15.3528,-0.59829,0.346971,-0.722261,0.476582,-0.017404,-0.365709
4249,19.7044,-0.569801,0.638029,-0.517924,0.47842,-0.0346586,-0.367044
4250,5.86934,0.668269,-0.38082,0.639056,0.48549,-0.0682786,-0.372617
4251,3.98285,0.695457,-0.586144,0.415661,0.490878,-0.0843573,-0.376532
4252,-1.97172,0.159871,-0.765711,-0.622999,0.504534,-0.114501,-0.387298
4253,18.1398,-0.0100434,0.58296,0.812439,0.513106,-0.128309,-0.393526
4254,13.744,-0.308054,0.60931,0.730646,0.53242,-0.152921,-0.408751
4255,18.0088,-0.00344686,0.384034,0.923313,0.54359,-0.163515,-0.416866
4256,-0.265082,0.781952,-0.11596,0.612458,0.567244,-0.180919,-0.435514
4257,7.28227,-0.911555,0.163849,-0.377123,0.580252,-0.187579,-0.444964
4258,34.0926,-0.89872,0.0875426,-0.429697,0.606634,-0.196587,-0.465763
4259,32.0537,-0.998642,0.051048,-0.0104049,0.620594,-0.198859,-0.475905
4260,41.4112,-0.097875,0.0353673,-0.99457,0.647907,-0.198859,-0.497437
4261,39.6264,-0.275031,0.075124,-0.958496,0.661866,-0.196587,-0.507579
4262,39.6435,-0.270727,0.128416,-0.954053,0.68197,-0.190381,-0.523015
4263,12.149,0.851384,0.179389,0.492915,0.707204,-0.177061,-0.542908
4264,27.588,-0.892616,-0.352262,-0.281332,0.724911,-0.163515,-0.556476
4265,25.6017,-0.814398,-0.579351,0.0332849,0.736081,-0.152921,-0.564592
4266,19.102,-0.667737,-0.723175,0.176481,0.751022,-0.134865,-0.576083
4267,19.1545,-0.611745,-0.787631,0.073519,0.763966,-0.114501,-0.586045
4268,13.5021,0.087857,-0.722138,0.686147,0.777623,-0.0843573,-0.59681
4269,32.6025,-0.00183452,-0.877938,0.478771,0.785142,-0.0600213,-0.602546
4270,24.0905,0.444403,0.846958,0.291835,0.790079,-0.0346586,-0.606298
4271,19.3989,0.501198,-0.521032,0.690888,0.792351,-0.00870199,-0.608004
4272,31.6135,-0.0843849,-0.978956,-0.185805,0.742205,0.00870199,-0.668297
4273,37.423,0.327457,-0.941592,0.0785903,0.740074,0.0346586,-0.666417
4274,16.8704,0.52314,0.38699,0.759317,0.735447,0.0600213,-0.662289
4275,17.3582,-0.269687,0.894199,0.357319,0.725673,0.0921786,-0.653255
4276,22.9475,0.303649,0.494232,0.814575,0.719057,0.107251,-0.647604
4277,16.4157,0.0520439,0.58392,0.810141,0.707574,0.128309,-0.637298
4278,-3.06054,-0.721246,0.0534031,-0.690617,0.689515,0.152921,-0.620604
4279,-4.89387,-0.533568,-0.118125,-0.837467,0.679016,0.163515,-0.611637
4280,-5.05365,-0.389205,-0.162702,-0.906668,0.662428,0.177061,-0.596721
4281,26.1812,0.941244,-0.278738,-0.190694,0.638832,0.190381,-0.574909
4282,17.986,0.979114,-0.121063,0.16334,0.62605,0.194885,-0.563992
4283,24.6131,0.981186,-0.0555229,-0.184909,0.606881,0.198859,-0.546738
4284,24.1319,0.956323,0.0331528,0.290427,0.587494,0.199429,-0.529282
4285,30.6726,0.989334,0.138552,0.0449678,0.568221,0.196587,-0.511923
4286,16.7882,-0.933117,-0.283684,0.220942,0.543552,0.187579,-0.489119
4287,15.1052,-0.933236,-0.355537,0.0516151,0.531325,0.180919,-0.478677
4288,20.7566,-0.830265,-0.166182,-0.532018,0.514334,0.168359,-0.463358
4289,27.4466,-0.874444,-0.431739,-0.221247,0.498708,0.152921,-0.449264
4290,37.3209,0.452112,-0.277724,0.847622,0.480648,0.128309,-0.43257
4291,35.6786,0.419498,-0.377781,0.825411,0.472592,0.114501,-0.425689
4292,43.5652,0.489147,-0.363398,0.792891,0.459822,0.0843573,-0.413884
4293,42.0478,0.544636,-0.348023,0.763054,0.454758,0.0682786,-0.409559
4294,64.213,0.268557,0.963227,0.00846203,0.448148,0.0346586,-0.403449
4295,62.4399,0.305146,0.921242,0.241244,0.44642,0.017404,-0.401974
4296,12.0884,0.624794,-0.458984,0.631638,0.44642,-0.017404,-0.401974
4297,10.3087,0.618094,-0.616092,0.488252,0.448148,-0.0346586,-0.403449
4298,-8.37055,-0.130171,-0.823434,-0.552279,0.454758,-0.0682786,-0.409559
4299,-3.64291,-0.0285514,-0.794023,-0.607216,0.459822,-0.0843573,-0.413884
4300,20.057,-0.139897,0.777362,0.6133,0.472592,-0.114501,-0.425689
4301,18.3486,-0.119915,0.668819,0.73369,0.480648,-0.128309,-0.43257
4302,28.3067,-0.660584,-0.0213334,-0.750449,0.498708,-0.152921,-0.449264
4303,28.7002,-0.366041,-0.229613,-0.901827,0.514334,-0.168359,-0.463358
4304,28.0878,-0.789133,0.0820724,-0.608715,0.531325,-0.180919,-0.478677
4305,32.599,-0.876284,0.110439,-0.468966,0.543552,-0.187579,-0.489119
4306,40.7141,-0.764298,0.0246516,-0.644392,0.568221,-0.196587,-0.511923
4307,40.9435,-0.600019,-0.00671926,-0.799957,0.587494,-0.199429,-0.529282
4308,34.2039,-0.890553,-0.022678,-0.454314,0.606881,-0.198859,-0.546738
4309,34.5359,-0.694206,-0.00422096,-0.719764,0.62605,-0.194885,-0.563992
4310,4.25538,0.903249,0.131084,0.408606,0.638832,-0.190381,-0.574909
4311,27.7137,-0.925032,-0.235336,-0.298217,0.662428,-0.177061,-0.596721
4312,21.3183,-0.911274,-0.346427,-0.222637,0.679016,-0.163515,-0.611637
4313,19.6357,-0.872564,-0.452103,-0.185028,0.689515,-0.152921,-0.620604
4314,20.3374,-0.426032,-0.749479,0.506732,0.707574,-0.128309,-0.637298
4315,20.0929,-0.167754,-0.787494,0.593054,0.719057,-0.107251,-0.647604
4316,19.2592,-0.576549,-0.816472,-0.0310572,0.725673,-0.0921786,-0.653255
4317,13.5619,0.171371,-0.79459,0.582459,0.735447,-0.0600213,-0.662289
4318,30.6648,0.593819,0.66939,0.446426,0.740074,-0.0346586,-0.666417
4319,25.4943,0.617914,-0.353009,0.702543,0.742205,-0.00870199,-0.668297
4320,37.9102,-0.108646,-0.976223,-0.187578,0.687483,0.00870199,-0.724469
4321,38.2431,0.696789,-0.507651,0.506731,0.684402,0.0432113,-0.721135
4322,17.3822,0.751066,-0.0858512,0.654621,0.681217,0.0600213,-0.717951
4323,23.3741,-0.431877,0.881233,0.192121,0.672182,0.0921786,-0.708177
4324,10.6033,0.52062,0.334584,0.785499,0.666029,0.107251,-0.702024
4325,17.6324,-0.165333,0.705593,0.689059,0.651657,0.134865,-0.686476
4326,-3.13884,-0.735736,0.00181726,-0.677266,0.638698,0.152921,-0.672789
4327,-4.89799,-0.594725,-0.120359,-0.794869,0.628934,0.163515,-0.663026
4328,-10.545,0.228143,-0.398401,-0.888385,0.608488,0.180919,-0.640908
4329,-2.95642,-0.84011,0.0592185,-0.539174,0.591756,0.190381,-0.623259
4330,18.9934,0.822163,-0.0279872,0.568563,0.574314,0.196587,-0.604869
4331,17.0251,0.507565,0.0189029,0.861406,0.562114,0.198859,-0.592668
4332,25.402,0.888046,0.0174203,0.459424,0.538505,0.198859,-0.567128
4333,25.5365,0.936847,0.0767172,0.341223,0.52075,0.194885,-0.548424
4334,32.9929,0.638213,0.321597,-0.699471,0.5035,0.187579,-0.530258
4335,16.0629,-0.900087,-0.153813,-0.407659,0.487051,0.177061,-0.512941
4336,15.8813,-0.820636,-0.0958632,-0.563353,0.471684,0.163515,-0.49677
4337,15.5713,-0.657961,0.0898805,-0.747669,0.457664,0.147171,-0.482022
4338,13.2753,-0.116461,0.583364,-0.803818,0.448962,0.134865,-0.47332
4339,19.7686,-0.338891,0.518764,-0.784881,0.437736,0.114501,-0.461456
4340,43.3499,0.414917,-0.53017,0.739434,0.425932,0.0843573,-0.448686
4341,41.7966,0.466402,-0.556067,0.687938,0.421222,0.0682786,-0.443977
4342,47.6014,0.214475,-0.874508,0.435013,0.416217,0.0432113,-0.438661
4343,56.4247,0.723205,-0.123373,0.679524,0.413135,0.00870199,-0.435327
4344,24.2318,0.546823,0.621577,0.560916,0.413135,-0.00870199,-0.435327
4345,26.9883,-0.333301,0.941317,-0.0532193,0.416217,-0.0432113,-0.438661
4346,20.2498,-0.0901775,0.933296,0.347602,0.421222,-0.0682786,-0.443977
4347,18.664,-0.172918,0.884303,0.433714,0.425932,-0.0843573,-0.448686
4348,26.5571,-0.265677,0.822793,0.502422,0.437736,-0.114501,-0.461456
4349,20.4363,-0.459013,0.751988,0.473098,0.448962,-0.134865,-0.47332
4350,33.8179,-0.091855,-0.500174,-0.861039,0.457664,-0.147171,-0.482022
4351,27.2358,-0.318149,-0.297603,-0.900118,0.471684,-0.163515,-0.49677
4352,33.3283,-0.458823,-0.162844,-0.873478,0.487051,-0.177061,-0.512941
4353,32.113,-0.969141,0.238744,0.0613696,0.5035,-0.187579,-0.530258
4354,37.681,-0.680581,0.195216,0.706187,0.52075,-0.194885,-0.548424
4355,37.8293,-0.791449,0.0645501,0.607817,0.538505,-0.198859,-0.567128
4356,33.7565,-0.99745,-0.0470281,0.0536861,0.562114,-0.198859,-0.592668
4357,31.7046,-0.866407,-0.184881,0.463851,0.574314,-0.196587,-0.604869
4358,31.8443,-0.903975,-0.287406,0.316587,0.591756,-0.190381,-0.623259
4359,39.4133,-0.61449,0.0786277,-0.784997,0.608488,-0.180919,-0.640908
4360,27.551,-0.923942,-0.36791,-0.104755,0.628934,-0.163515,-0.663026
4361,25.8695,-0.876825,-0.475221,-0.0730955,0.638698,-0.152921,-0.672789
4362,31.7163,-0.659114,-0.712447,0.240807,0.651657,-0.134865,-0.686476
4363,19.8787,0.0556139,-0.712594,0.699369,0.666029,-0.107251,-0.702024
4364,25.8661,-0.720299,-0.655921,-0.225693,0.672182,-0.0921786,-0.708177
4365,19.319,0.55622,-0.428455,0.712071,0.681217,-0.0600213,-0.717951
4366,42.3866,0.736492,0.0168813,0.676236,0.684402,-0.0432113,-0.721135
4367,25.4291,0.689353,-0.291388,0.663238,0.687483,-0.00870199,-0.724469
4368,44.1577,-0.0951522,-0.982997,-0.157042,0.628522,0.00870199,-0.776175
4369,44.3304,0.779371,-0.334581,0.529752,0.625712,0.0432113,-0.77261
4370,17.3113,0.789113,-0.0188389,0.613959,0.622787,0.0600213,-0.769185
4371,29.7388,-0.355452,0.891956,0.279407,0.614547,0.0921786,-0.758733
4372,10.5579,0.551366,0.368873,0.748283,0.608896,0.107251,-0.752117
4373,23.1053,-0.712509,0.675018,0.191522,0.595788,0.134865,-0.735489
4374,22.8498,0.264693,0.44559,0.855212,0.587796,0.147171,-0.726131
4375,1.02801,-0.378792,-0.302499,-0.874649,0.574975,0.163515,-0.710328
4376,2.64795,-0.428509,-0.209708,-0.878864,0.556328,0.180919,-0.686673
4377,0.775489,-0.0950173,-0.237865,-0.966639,0.545885,0.187579,-0.674447
4378,2.08394,-0.97599,0.0892264,-0.198701,0.530114,0.194885,-0.654984
4379,8.74001,-0.982975,0.0490646,0.17707,0.51388,0.198859,-0.634944
4380,30.0883,0.894171,0.0132669,0.447529,0.497463,0.199429,-0.61467
4381,23.6717,0.826548,0.0139005,0.562695,0.481142,0.196587,-0.59451
4382,30.055,0.874362,0.0552611,0.482118,0.465198,0.190381,-0.574808
4383,31.7926,0.26015,0.41705,-0.870856,0.449902,0.180919,-0.555901
4384,14.5094,-0.911879,-0.185118,-0.366345,0.435516,0.168359,-0.538113
4385,15.1946,-0.455611,0.323914,-0.829155,0.418433,0.147171,-0.516444
4386,13.5229,-0.386132,0.449224,-0.805667,0.410441,0.134865,-0.507086
4387,19.63,-0.290735,0.603596,-0.742391,0.400181,0.114501,-0.494378
4388,21.1926,-0.35191,0.642609,-0.680598,0.389415,0.0843573,-0.480721
4389,19.5012,-0.308687,0.760183,-0.571694,0.38509,0.0682786,-0.475657
4390,19.6348,-0.464973,0.698894,-0.543459,0.380516,0.0432113,-0.469964
4391,56.1212,0.697876,-0.413685,0.584666,0.377706,0.00870199,-0.466399
4392,24.7295,0.269047,0.918835,0.288715,0.377706,-0.00870199,-0.466399
4393,26.6518,-0.0798899,0.979495,0.18495,0.380516,-0.0432113,-0.469964
4394,26.8223,-0.290516,0.940331,0.177138,0.38509,-0.0682786,-0.475657
4395,18.8671,-0.30088,0.896478,0.325265,0.389415,-0.0843573,-0.480721
4396,36.1815,0.385073,-0.83048,-0.40252,0.400181,-0.114501,-0.494378
4397,29.7133,0.301216,-0.745561,-0.594481,0.410441,-0.134865,-0.507086
4398,27.9739,0.238158,-0.63555,-0.734409,0.418433,-0.147171,-0.516444
4399,28.6682,-0.527706,-0.213301,-0.82221,0.435516,-0.168359,-0.538113
4400,27.1055,-0.818157,0.407312,0.405851,0.449902,-0.180919,-0.555901
4401,33.2201,-0.751921,0.3129,0.580265,0.465198,-0.190381,-0.574808
4402,33.3528,-0.84804,0.182312,0.497584,0.481142,-0.196587,-0.59451
4403,33.2402,-0.794962,0.063399,0.603338,0.497463,-0.199429,-0.61467
4404,26.5428,-0.484094,-0.0646432,0.872625,0.51388,-0.198859,-0.634944
4405,26.8999,-0.748739,-0.191495,0.634602,0.530114,-0.194885,-0.654984
4406,34.4388,-0.849219,-0.0380928,-0.526664,0.545885,-0.187579,-0.674447
4407,19.9311,-0.94923,-0.19408,-0.247578,0.556328,-0.180919,-0.686673
4408,27.8377,-0.929274,-0.235085,-0.284931,0.574975,-0.163515,-0.710328
4409,26.6148,-0.393899,-0.657017,0.642785,0.587796,-0.147171,-0.726131
4410,38.8438,-0.88223,-0.293067,-0.368486,0.595788,-0.134865,-0.735489
4411,26.1974,0.0800824,-0.727372,0.681555,0.608896,-0.107251,-0.752117
4412,32.1188,-0.723642,-0.674241,-0.147447,0.614547,-0.0921786,-0.758733
4413,25.651,0.583697,-0.469079,0.662769,0.622787,-0.0600213,-0.769185
4414,48.878,0.748138,-0.18615,0.636897,0.625712,-0.0432113,-0.77261
4415,31.7279,0.734996,-0.306274,0.60496,0.628522,-0.00870199,-0.776175
4416,44.6678,0.666621,-0.63169,0.395708,0.565389,0.017404,-0.822609
4417,49.9892,0.336905,-0.941539,7.76119e-05,0.564054,0.0346586,-0.820772
4418,16.7906,0.643647,0.454704,0.615599,0.560518,0.0600213,-0.815677
4419,35.2351,0.315966,0.708541,0.63098,0.555138,0.0843573,-0.807899
4420,4.82465,-0.213442,0.826399,0.521063,0.545477,0.114501,-0.79344
4421,23.2473,-0.605446,0.715218,0.34914,0.536246,0.134865,-0.779966
4422,29.4848,0.610367,0.250694,0.751402,0.529012,0.147171,-0.770011
4423,-4.38802,0.172747,-0.526866,-0.832208,0.513682,0.168359,-0.747068
4424,2.74891,-0.577547,-0.169364,-0.798596,0.500736,0.180919,-0.728205
4425,0.96641,-0.35126,-0.192499,-0.916275,0.491286,0.187579,-0.715197
4426,2.95515,-0.716074,-0.0361907,-0.697086,0.472621,0.196587,-0.687265
4427,1.10698,-0.46126,-0.0315699,-0.886703,0.462479,0.198859,-0.673305
4428,31.165,0.667791,-0.0162605,0.744172,0.443156,0.198859,-0.644387
4429,24.7734,0.586722,-0.0686668,0.806872,0.428546,0.194885,-0.623135
4430,22.712,0.117327,-0.24934,0.961282,0.418664,0.190381,-0.609535
4431,22.463,-0.0997633,-0.401074,0.910597,0.404899,0.180919,-0.589486
4432,15.5222,-0.731828,0.102687,-0.673708,0.388166,0.163515,-0.564442
4433,23.0547,-0.768875,-0.576565,0.276415,0.376624,0.147171,-0.547682
4434,21.4177,-0.771331,-0.621041,0.139132,0.36939,0.134865,-0.537726
4435,20.4256,0.304148,0.831653,-0.464594,0.357628,0.107251,-0.520121
4436,27.8625,-0.66364,0.359082,-0.656234,0.350498,0.0843573,-0.509792
4437,28.2355,-0.82392,0.036764,-0.565512,0.345118,0.0600213,-0.502014
4438,26.4376,-0.771271,0.265037,-0.578703,0.34247,0.0432113,-0.49837
4439,27.9234,-0.76832,0.343038,-0.540379,0.339949,0.00870199,-0.494596
4440,18.3165,0.38946,0.860671,0.327975,0.339949,-0.00870199,-0.494596
4441,35.6115,-0.316648,-0.852723,-0.415448,0.34247,-0.0432113,-0.49837
4442,33.8106,-0.424592,-0.703037,-0.570492,0.345118,-0.0600213,-0.502014
4443,34.2222,-0.0267359,-0.852031,-0.522808,0.350498,-0.0843573,-0.509792
4444,41.6564,0.824258,-0.556622,0.103784,0.357628,-0.107251,-0.520121
4445,34.3972,-0.879274,0.120093,-0.460928,0.36939,-0.134865,-0.537726
4446,32.6816,-0.91372,0.179461,-0.364568,0.376624,-0.147171,-0.547682
4447,33.8909,-0.12046,-0.447823,-0.885971,0.388166,-0.163515,-0.564442
4448,53.4029,-0.833558,0.00186605,-0.552429,0.404899,-0.180919,-0.589486
4449,46.881,-0.933597,0.0773608,-0.349873,0.418664,-0.190381,-0.609535
4450,44.7427,-0.975882,0.136173,0.170621,0.428546,-0.194885,-0.623135
4451,44.6651,-0.965547,0.0491512,0.255547,0.443156,-0.198859,-0.644387
4452,27.9125,-0.973875,-0.0231814,-0.225899,0.462479,-0.198859,-0.673305
4453,32.2728,-0.989593,-0.122059,0.0762051,0.472621,-0.196587,-0.687265
4454,40.5136,-0.956411,-0.103348,-0.273125,0.491286,-0.187579,-0.715197
4455,26.1331,-0.969289,-0.225759,-0.0975301,0.500736,-0.180919,-0.728205
4456,33.1599,-0.719537,0.113604,-0.685099,0.513682,-0.168359,-0.747068
4457,32.4972,0.0224589,-0.582129,0.812786,0.529012,-0.147171,-0.770011
4458,38.76,-0.90633,-0.350031,-0.236737,0.536246,-0.134865,-0.779966
4459,38.176,-0.668609,-0.730358,0.139784,0.545477,-0.114501,-0.79344
4460,26.6714,-0.218724,-0.896573,0.385119,0.555138,-0.0843573,-0.807899
4461,32.4339,0.28469,-0.805933,0.519061,0.560518,-0.0600213,-0.815677
4462,43.2371,0.684535,0.665093,0.298434,0.564054,-0.0346586,-0.820772
4463,37.4856,0.138642,-0.97574,0.169442,0.565389,-0.017404,-0.822609
4464,56.3927,0.169314,-0.985341,0.0208925,0.499364,0.00870199,-0.864942
4465,50.0012,0.326065,-0.944784,-0.0326227,0.497918,0.0346586,-0.862497
4466,17.5542,0.0862385,0.911308,0.402592,0.49352,0.0682786,-0.854643
4467,42.2649,0.825539,0.146416,0.545021,0.49004,0.0843573,-0.848965
4468,10.6912,-0.520299,0.793456,0.31578,0.481543,0.114501,-0.833792
4469,4.40824,-0.56853,0.717586,0.402299,0.473397,0.134865,-0.819635
4470,35.6852,0.609634,0.300307,0.733595,0.466967,0.147171,-0.809143
4471,42.9482,0.960164,-0.268466,0.0775365,0.456776,0.163515,-0.791529
4472,0.224671,0.266017,-0.434673,-0.860403,0.445609,0.177061,-0.772217
4473,6.98088,-0.169927,-0.253976,-0.952166,0.433657,0.187579,-0.751539
4474,2.68282,-0.570058,-0.0864623,-0.817043,0.417242,0.196587,-0.722227
4475,1.01732,-0.45135,-0.0365818,-0.891597,0.408226,0.198859,-0.707515
4476,2.3584,-0.274321,0.0462071,-0.960527,0.391232,0.198859,-0.677169
4477,0.507892,0.0327061,0.174126,-0.98418,0.382216,0.196587,-0.662457
4478,0.568853,-0.0435205,0.277225,-0.959819,0.36955,0.190381,-0.640504
4479,6.85166,-0.0661901,0.381145,-0.922143,0.3574,0.180919,-0.619437
4480,24.0638,0.0636457,-0.487334,0.870893,0.342683,0.163515,-0.593158
4481,20.6375,-0.925696,-0.123047,-0.357696,0.335469,0.152921,-0.581385
4482,21.1129,-0.884804,-0.465092,-0.028471,0.326062,0.134865,-0.56505
4483,23.2211,-0.547417,-0.783792,0.293266,0.315718,0.107251,-0.546577
4484,20.1672,0.427611,0.86842,-0.25099,0.30942,0.0843573,-0.53572
4485,27.8863,-0.748239,0.358311,-0.558348,0.304667,0.0600213,-0.527544
4486,26.2507,-0.739256,0.435914,-0.513302,0.302313,0.0432113,-0.523704
4487,25.6676,-0.415322,0.859782,-0.297124,0.300354,0.017404,-0.520252
4488,30.0617,0.21871,-0.974542,0.0493317,0.300354,-0.017404,-0.520252
4489,29.5134,-0.194066,-0.927359,-0.319912,0.302313,-0.0432113,-0.523704
4490,34.1632,-0.179324,-0.878853,-0.442108,0.304667,-0.0600213,-0.527544
4491,42.0056,0.889281,-0.339835,0.30609,0.30942,-0.0843573,-0.53572
4492,38.9288,-0.913566,0.261054,-0.311845,0.315718,-0.107251,-0.546577
4493,40.8814,-0.858679,-0.0305743,-0.5116,0.326062,-0.134865,-0.56505
4494,28.8181,-0.556651,-0.341234,-0.757429,0.335469,-0.152921,-0.581385
4495,51.7684,-0.886267,0.0195856,-0.462761,0.342683,-0.163515,-0.593158
4496,41.0507,-0.761995,-0.0922593,-0.640977,0.3574,-0.180919,-0.619437
4497,34.7675,-0.756895,-0.0670339,-0.65009,0.36955,-0.190381,-0.640504
4498,34.8093,-0.72561,-0.0486415,-0.686385,0.382216,-0.196587,-0.662457
4499,32.886,-0.900822,0.00402508,-0.43417,0.391232,-0.198859,-0.677169
4500,34.2706,-0.974805,-0.018532,-0.222289,0.408226,-0.198859,-0.707515
4501,26.3051,-0.985378,-0.0687722,-0.155887,0.417242,-0.196587,-0.722227
4502,47.0446,-0.906397,-0.0254783,-0.421658,0.433657,-0.187579,-0.751539
4503,28.6114,-0.678483,0.146374,-0.719885,0.445609,-0.177061,-0.772217
4504,34.67,-0.821387,0.0623884,-0.566949,0.456776,-0.163515,-0.791529
4505,38.8036,0.0642134,-0.589191,0.805438,0.466967,-0.147171,-0.809143
4506,38.6105,-0.893812,-0.445257,-0.0533627,0.473397,-0.134865,-0.819635
4507,44.9059,-0.866188,-0.486888,-0.112514,0.481543,-0.114501,-0.833792
4508,25.9049,0.474386,-0.625818,0.61912,0.49004,-0.0843573,-0.848965
4509,44.2094,-0.359674,-0.919909,0.15621,0.49352,-0.0682786,-0.854643
4510,49.4969,0.69347,0.681751,0.233053,0.497918,-0.0346586,-0.862497
4511,32.0479,0.685139,-0.589466,0.427919,0.499364,-0.00870199,-0.864942
4512,50.3166,-0.0167356,-0.99669,-0.0795584,0.429962,0.00870199,-0.901455
4513,44.476,0.83838,-0.464783,0.284773,0.428062,0.0432113,-0.897333
4514,23.0527,0.720253,0.472041,0.508344,0.426017,0.0600213,-0.893319
4515,48.1758,0.686134,0.45828,0.564977,0.421921,0.0843573,-0.884795
4516,16.9291,-0.5295,0.78135,0.330335,0.41464,0.114501,-0.869003
4517,10.5783,-0.620308,0.68755,0.377483,0.40763,0.134865,-0.854251
4518,41.6455,0.410885,0.471129,0.78052,0.402043,0.147171,-0.843286
4519,36.7637,0.945411,-0.315108,-0.0830974,0.393266,0.163515,-0.824927
4520,1.22792,0.65888,-0.416836,-0.626198,0.380656,0.180919,-0.797573
4521,-0.709376,0.907741,-0.236064,-0.346813,0.373356,0.187579,-0.783247
4522,4.79862,0.926718,-0.00932547,0.375642,0.362564,0.194885,-0.760639
4523,6.78992,-0.036361,-0.0584611,-0.997627,0.351457,0.198859,-0.737363
4524,8.6274,-0.335472,0.0468596,-0.940884,0.336896,0.198859,-0.705777
4525,6.98786,-0.238386,0.153509,-0.958961,0.329062,0.196587,-0.690404
4526,1.4873,0.470766,0.320489,-0.821989,0.314998,0.187579,-0.659895
4527,1.71922,0.237001,0.437733,-0.867306,0.304706,0.177061,-0.638343
4528,15.3922,-0.755181,0.172613,-0.632381,0.295088,0.163515,-0.618216
4529,15.4184,-0.780482,0.188325,-0.596139,0.286311,0.147171,-0.599856
4530,13.5993,-0.620206,0.401855,-0.673689,0.280724,0.134865,-0.588891
4531,22.6533,-0.859158,-0.511312,-0.0201826,0.27186,0.107251,-0.569663
4532,28.5919,0.0917654,-0.856884,0.507276,0.26791,0.0921786,-0.56191
4533,19.7344,0.679262,0.732835,0.0394399,0.262337,0.0600213,-0.549822
4534,18.1135,0.674854,0.721891,0.153117,0.260293,0.0432113,-0.545809
4535,17.9868,0.70917,0.64694,0.280263,0.25861,0.017404,-0.542213
4536,37.7261,0.907082,0.0269051,0.420093,0.25861,-0.017404,-0.542213
4537,37.5801,0.911409,-0.116429,0.394688,0.260293,-0.0432113,-0.545809
4538,35.8844,0.914785,-0.217091,0.340645,0.262337,-0.0600213,-0.549822
4539,32.7171,-0.925595,0.223839,-0.305238,0.266434,-0.0843573,-0.558346
4540,45.2748,-0.937404,0.210973,-0.277063,0.27186,-0.107251,-0.569663
4541,40.392,-0.937941,0.326234,-0.117632,0.280724,-0.134865,-0.588891
4542,38.5458,-0.899145,0.422203,0.115252,0.286311,-0.147171,-0.599856
4543,38.7139,-0.960528,0.277798,0.0146373,0.295088,-0.163515,-0.618216
4544,46.0759,-0.571628,-0.234342,-0.786337,0.304706,-0.177061,-0.638343
4545,40.0553,-0.327391,-0.235689,-0.915022,0.314998,-0.187579,-0.659895
4546,34.6182,-0.88156,-0.0118407,-0.471924,0.329062,-0.196587,-0.690404
4547,32.9611,-0.9024,-0.000885471,-0.430899,0.336896,-0.198859,-0.705777
4548,41.016,-0.821347,0.0114229,-0.570315,0.351457,-0.198859,-0.737363
4549,27.4243,-0.907843,-0.146672,0.392821,0.362564,-0.194885,-0.760639
4550,35.8817,0.162719,0.31189,-0.936081,0.373356,-0.187579,-0.783247
4551,33.8463,-0.275312,0.345277,-0.897211,0.380656,-0.180919,-0.797573
4552,28.2649,-0.911376,-0.0052187,-0.411542,0.393266,-0.163515,-0.824927
4553,45.365,-0.13931,-0.648006,0.748787,0.402043,-0.147171,-0.843286
4554,32.4971,-0.935658,-0.336369,-0.106772,0.40763,-0.134865,-0.854251
4555,44.9925,-0.898755,-0.426758,-0.100582,0.41464,-0.114501,-0.869003
4556,32.5222,0.241362,-0.80197,0.546433,0.421921,-0.0843573,-0.884795
4557,45.0135,0.351186,-0.812485,0.465335,0.426017,-0.0600213,-0.893319
4558,54.9992,0.905381,-0.0284917,0.423643,0.428062,-0.0432113,-0.897333
4559,38.1195,0.817911,-0.407227,0.406433,0.429962,-0.00870199,-0.901455
4560,44.5246,0.81525,-0.515026,0.264795,0.357733,0.017404,-0.931869
4561,49.9201,0.387678,-0.920333,-0.0518891,0.356864,0.0346586,-0.92977
4562,23.0316,0.745802,0.489299,0.452068,0.354615,0.0600213,-0.923991
4563,49.0604,0.192617,0.837705,0.511027,0.350008,0.0921786,-0.911503
4564,23.3277,-0.404699,0.808954,0.426395,0.345181,0.114501,-0.898856
4565,17.2479,-0.256983,0.751747,0.607319,0.33935,0.134865,-0.883599
4566,36.5076,0.105728,0.612728,0.78319,0.332614,0.152921,-0.865995
4567,38.1297,0.972652,-0.232008,-0.0109777,0.32509,0.168359,-0.846343
4568,1.49241,0.382883,-0.441225,-0.811617,0.316905,0.180919,-0.82498
4569,0.147838,0.976232,-0.0473765,0.211486,0.3082,0.190381,-0.802272
4570,0.0134727,0.942684,-0.00263029,0.333676,0.299124,0.196587,-0.778607
4571,7.96105,0.24311,-0.0651174,-0.967811,0.289832,0.199429,-0.754389
4572,15.4342,-0.8099,0.0177025,-0.586301,0.280484,0.198859,-0.730035
4573,7.98889,0.210198,0.193467,-0.958325,0.271237,0.194885,-0.70596
4574,15.4276,-0.810852,0.0890035,-0.578444,0.262253,0.187579,-0.682575
4575,1.04146,0.741644,0.382037,-0.551372,0.253683,0.177061,-0.660282
4576,-1.00844,0.954994,0.280871,-0.0953825,0.247915,0.168359,-0.646358
4577,15.1565,-0.6628,0.345608,-0.664268,0.238365,0.147171,-0.620471
4578,13.5693,-0.649959,0.420823,-0.63282,0.233655,0.134865,-0.609102
4579,21.4121,-0.680079,0.455115,-0.574771,0.226327,0.107251,-0.589238
4580,29.743,-0.247886,-0.892308,0.377277,0.221805,0.0843573,-0.577529
4581,36.9716,0.626707,-0.629807,0.458891,0.21839,0.0600213,-0.56871
4582,35.3746,0.632533,-0.676723,0.376759,0.216666,0.0432113,-0.564549
4583,12.2512,0.884962,-0.309353,0.348057,0.215095,0.00870199,-0.56029
4584,26.3096,-0.875884,0.38062,-0.296572,0.215095,-0.00870199,-0.56029
4585,28.2198,-0.940471,0.0534569,-0.335643,0.216666,-0.0432113,-0.564549
4586,26.565,-0.944722,0.118893,-0.305557,0.21839,-0.0600213,-0.56871
4587,32.6508,-0.938912,0.280924,-0.198811,0.221805,-0.0843573,-0.577529
4588,38.8635,-0.941767,0.312017,-0.125379,0.226327,-0.107251,-0.589238
4589,40.619,-0.965388,0.165349,-0.201707,0.233655,-0.134865,-0.609102
4590,38.9807,-0.973535,0.169402,-0.1534,0.238365,-0.147171,-0.620471
4591,36.3414,0.479593,-0.543297,-0.689071,0.247915,-0.168359,-0.646358
4592,40.5071,0.020941,-0.423066,-0.905857,0.253683,-0.177061,-0.660282
4593,38.6739,-0.969219,0.17053,0.17758,0.262253,-0.187579,-0.682575
4594,46.0637,-0.6231,-0.101898,-0.775476,0.271237,-0.194885,-0.70596
4595,38.6721,-0.978637,0.0347084,0.202646,0.280484,-0.198859,-0.730035
4596,45.9607,-0.696942,0.0282933,-0.71657,0.289832,-0.199429,-0.754389
4597,32.1866,-0.913269,-0.134721,0.384434,0.299124,-0.196587,-0.778607
4598,41.2586,0.706728,0.2889,-0.645811,0.3082,-0.190381,-0.802272
4599,39.8321,-0.601052,0.24898,-0.759438,0.316905,-0.180919,-0.82498
4600,26.7758,-0.902912,0.0581921,-0.425868,0.32509,-0.168359,-0.846343
4601,50.4391,-0.444055,-0.646048,0.620836,0.332614,-0.152921,-0.865995
4602,32.1696,-0.821783,-0.53488,0.196407,0.33935,-0.134865,-0.883599
4603,44.9058,-0.873113,-0.486908,0.0244004,0.345181,-0.114501,-0.898856
4604,37.8597,-0.31666,-0.882844,0.346861,0.350008,-0.0921786,-0.911503
4605,45.0086,0.390841,-0.810056,0.437096,0.354615,-0.0600213,-0.923991
4606,55.8508,0.762211,0.630246,0.147731,0.356864,-0.0346586,-0.92977
4607,43.9006,0.0516026,-0.994735,0.0885405,0.357733,-0.017404,-0.931869
4608,44.2608,0.930242,-0.274349,0.243686,0.283517,0.017404,-0.957063
4609,50.0755,0.240801,-0.961735,-0.130691,0.282815,0.0346586,-0.954903
4610,17.363,-0.00592761,0.943638,0.330927,0.280372,0.0682786,-0.946239
4611,60.643,0.703367,0.532405,0.470977,0.278313,0.0843573,-0.939905
4612,29.6225,-0.359542,0.811154,0.461258,0.273593,0.114501,-0.923167
4613,23.1518,-0.547829,0.689717,0.473469,0.268977,0.134865,-0.907501
4614,16.404,0.434643,0.518459,0.7364,0.265175,0.147171,-0.895797
4615,41.1322,0.0281963,0.537369,0.842876,0.259378,0.163515,-0.876291
4616,36.3065,0.987314,-0.0630267,0.145733,0.253027,0.177061,-0.854906
4617,6.36996,0.208956,-0.321231,-0.92366,0.246233,0.187579,-0.832009
4618,4.86085,0.98585,-0.0214159,0.166254,0.23911,0.194885,-0.807992
4619,-0.804382,0.472376,0.0471791,0.880133,0.22975,0.199429,-0.774803
4620,-2.63951,0.187443,-0.0586012,0.980526,0.224373,0.199429,-0.758252
4621,15.308,-0.78283,0.0760313,-0.617573,0.215013,0.194885,-0.725065
4622,7.73024,0.373859,0.319139,-0.87085,0.20789,0.187579,-0.701047
4623,15.4203,-0.853852,0.12557,-0.505143,0.201095,0.177061,-0.678151
4624,15.7137,-0.963737,-0.00320132,-0.266834,0.194745,0.163515,-0.656766
4625,7.2956,0.682943,0.559428,-0.469711,0.188948,0.147171,-0.63726
4626,5.46522,0.838039,0.499839,-0.218752,0.185145,0.134865,-0.625556
4627,21.0275,-0.425372,0.683022,-0.59375,0.179398,0.107251,-0.605178
4628,19.2449,-0.24364,0.833687,-0.495587,0.176709,0.0921786,-0.596902
4629,29.1373,-0.692,-0.719533,0.0583893,0.173096,0.0600213,-0.584092
4630,27.4372,-0.754878,-0.651168,-0.0783578,0.171705,0.0432113,-0.579808
4631,43.3711,0.778027,-0.57264,0.258376,0.170473,0.00870199,-0.575438
4632,26.5338,-0.951997,0.165971,-0.257208,0.170473,-0.00870199,-0.575438
4633,28.3352,-0.957456,-0.0597031,-0.282337,0.171705,-0.0432113,-0.579808
4634,26.6922,-0.962347,-0.00124609,-0.271822,0.173096,-0.0600213,-0.584092
4635,41.3385,-0.788363,-0.428306,-0.441631,0.176709,-0.0921786,-0.596902
4636,39.4816,-0.901439,-0.192508,-0.387748,0.179398,-0.107251,-0.605178
4637,36.1955,0.243054,-0.750398,-0.614677,0.185145,-0.134865,-0.625556
4638,34.2779,-0.0405814,-0.639085,-0.768065,0.188948,-0.147171,-0.63726
4639,41.5513,0.817439,-0.409241,-0.405358,0.194745,-0.163515,-0.656766
4640,38.6976,-0.951481,0.226457,0.208329,0.201095,-0.177061,-0.678151
4641,46.307,-0.493889,-0.228695,-0.838912,0.20789,-0.187579,-0.701047
4642,38.816,-0.988052,0.0787696,0.132475,0.215013,-0.194885,-0.725065
4643,40.8498,-0.959955,-0.000593852,-0.280153,0.224373,-0.199429,-0.758252
4644,32.7524,-0.996714,-0.0127041,-0.0799995,0.22975,-0.199429,-0.774803
4645,41.834,0.962665,0.100197,-0.251468,0.237113,-0.196587,-0.799675
4646,34.8598,-0.842277,0.0957616,-0.530471,0.246233,-0.187579,-0.832009
4647,22.2297,-0.877712,0.104567,-0.46764,0.253027,-0.177061,-0.854906
4648,45.8623,-0.507819,-0.52952,0.679506,0.259378,-0.163515,-0.876291
4649,45.7733,-0.409314,-0.643686,0.64663,0.265175,-0.147171,-0.895797
4650,32.5847,-0.960873,-0.276307,-0.0194307,0.268977,-0.134865,-0.907501
4651,51.1595,-0.855078,-0.506636,0.110277,0.273593,-0.114501,-0.923167
4652,38.859,0.274453,-0.82232,0.498462,0.278313,-0.0843573,-0.939905
4653,56.9131,-0.435468,-0.880457,0.187519,0.280372,-0.0682786,-0.946239
4654,55.6805,0.662319,0.748529,0.0322124,0.282815,-0.0346586,-0.954903
4655,50.4493,-0.195852,-0.980566,0.0114545,0.283517,-0.017404,-0.957063
4656,43.8078,0.185331,-0.982256,-0.0287397,0.207642,0.00870199,-0.976921
4657,50.9063,0.808932,-0.586394,0.042085,0.206756,0.0432113,-0.972469
4658,23.4988,-0.124446,0.945104,0.302143,0.205266,0.0682786,-0.96532
4659,60.8082,0.835247,0.406462,0.370338,0.203711,0.0843573,-0.958844
4660,35.2923,-0.800365,0.557544,0.220366,0.200319,0.114501,-0.941788
4661,28.6285,0.194444,0.711968,0.674754,0.197846,0.128309,-0.931486
4662,22.3296,0.158539,0.628368,0.76159,0.194074,0.147171,-0.913841
4663,40.9391,-0.0974559,0.554637,0.826365,0.189825,0.163515,-0.893939
4664,29.9477,0.990338,-0.0298125,0.135434,0.185172,0.177061,-0.872123
4665,12.5231,0.262942,-0.320581,-0.909994,0.180195,0.187579,-0.848763
4666,11.1479,0.996168,-0.022166,0.0845997,0.174979,0.194885,-0.824261
4667,13.0137,0.968493,-0.0283269,-0.247426,0.168251,0.199429,-0.790441
4668,11.5048,0.962601,0.0296591,-0.269293,0.164189,0.199429,-0.773519
4669,5.09074,0.184482,-0.181431,0.965945,0.157461,0.194885,-0.739699
4670,14.247,-0.991614,-0.0233686,-0.127104,0.153537,0.190381,-0.723353
4671,6.33844,0.155288,0.442524,-0.883209,0.148492,0.180919,-0.699563
4672,14.8005,-0.476132,0.43797,-0.762549,0.142616,0.163515,-0.670021
4673,12.9936,-0.244635,0.608125,-0.755207,0.139393,0.152921,-0.656596
4674,15.4513,-0.916032,0.190909,-0.352759,0.134595,0.128309,-0.632475
4675,6.9559,0.83461,0.518207,-0.186782,0.131363,0.107251,-0.617388
4676,5.268,0.886294,0.459879,-0.054715,0.129332,0.0921786,-0.608926
4677,21.3909,-0.773912,0.534928,-0.338987,0.126736,0.0600213,-0.595872
4678,27.8651,-0.884675,0.390246,-0.255064,0.125417,0.0346586,-0.589812
4679,25.599,-0.427333,0.892455,-0.144601,0.124887,0.017404,-0.587604
4680,47.4561,-0.922999,-0.325434,-0.205342,0.124887,-0.017404,-0.587604
4681,45.1915,-0.933187,0.339895,-0.116765,0.125417,-0.0346586,-0.589812
4682,45.4069,-0.980398,0.126057,-0.151427,0.126736,-0.0600213,-0.595872
4683,42.7616,0.417385,-0.842622,-0.340262,0.129332,-0.0921786,-0.608926
4684,41.0104,0.293063,-0.816433,-0.497545,0.131363,-0.107251,-0.617388
4685,48.154,0.916951,-0.370347,-0.148474,0.134595,-0.128309,-0.632475
4686,41.2379,-0.847685,-0.255177,-0.465097,0.139393,-0.152921,-0.656596
4687,39.3667,-0.951644,-0.0717485,-0.298707,0.142616,-0.163515,-0.670021
4688,41.4788,-0.683597,-0.263651,-0.680576,0.148492,-0.180919,-0.699563
4689,33.6518,-0.750619,0.253077,0.610347,0.153537,-0.190381,-0.723353
4690,33.3435,-0.831446,-0.0751898,-0.550494,0.157461,-0.194885,-0.739699
4691,37.6914,0.982266,-0.000507528,0.187491,0.164189,-0.199429,-0.773519
4692,36.0474,0.988047,0.00272921,0.154127,0.168251,-0.199429,-0.790441
4693,36.9096,0.826493,0.138624,-0.545612,0.174979,-0.194885,-0.824261
4694,41.3262,-0.781233,0.150096,-0.605926,0.180195,-0.187579,-0.848763
4695,28.5479,-0.897053,0.119568,-0.425441,0.185172,-0.177061,-0.872123
4696,51.7815,-0.108201,-0.555001,0.824783,0.189825,-0.163515,-0.893939
4697,51.4215,-0.963994,-0.247893,0.0962556,0.193048,-0.152921,-0.907365
4698,26.9893,-0.399838,-0.721614,0.565157,0.197846,-0.128309,-0.931486
4699,51.7637,-0.985019,-0.0422261,-0.167194,0.200319,-0.114501,-0.941788
4700,44.9341,0.498832,-0.730599,0.466254,0.203711,-0.0843573,-0.958844
4701,57.0724,-0.555035,-0.814028,0.171154,0.205266,-0.0682786,-0.96532
4702,61.1058,0.97572,0.14419,0.164865,0.206756,-0.0432113,-0.972469
4703,44.6242,0.777945,-0.597426,0.194637,0.207642,-0.00870199,-0.976921
4704,37.7202,-0.0107572,-0.997691,-0.0670633,0.130354,0.00870199,-0.990201
4705,56.3016,0.957298,0.239914,0.161314,0.12982,0.0432113,-0.985693
4706,49.7386,0.54259,-0.812463,-0.213307,0.129115,0.0600213,-0.981244
4707,60.4896,0.663013,0.636396,0.394225,0.127853,0.0843573,-0.971871
4708,41.5961,-0.76768,0.570184,0.292504,0.12581,0.114501,-0.954602
4709,16.281,0.450543,0.642303,0.620047,0.124153,0.128309,-0.944138
4710,23.1753,-0.456264,0.610897,0.647014,0.121262,0.152921,-0.919715
4711,47.6073,0.344711,0.500339,0.794251,0.119102,0.163515,-0.906077
4712,31.1345,0.924743,0.122895,0.360203,0.115561,0.180919,-0.876165
4713,7.3299,0.593312,-0.278453,-0.755278,0.112398,0.190381,-0.852052
4714,11.4404,0.957789,-0.0771615,-0.276925,0.109769,0.194885,-0.835449
4715,12.8946,0.977875,-0.0211089,-0.208124,0.105716,0.199429,-0.801205
4716,11.413,0.9662,0.0241839,-0.256658,0.102993,0.199429,-0.784017
4717,19.1633,0.980165,0.060258,-0.188802,0.09894,0.194885,-0.749773
4718,17.3753,0.99792,0.0190695,0.0615863,0.09631,0.190381,-0.733169
4719,6.31123,0.112499,0.442596,-0.889637,0.0931466,0.180919,-0.709056
4720,8.1859,-0.231248,0.525527,-0.818746,0.0896066,0.163515,-0.679145
4721,6.53908,-0.136761,0.642764,-0.753758,0.0874466,0.152921,-0.665507
4722,13.9392,-0.951099,0.166954,-0.259879,0.0850073,0.134865,-0.646817
4723,15.0191,-0.725103,0.52868,-0.441274,0.0825186,0.107251,-0.625791
4724,15.297,-0.889647,0.358315,-0.283086,0.0808546,0.0843573,-0.613352
4725,12.8749,-0.253526,0.905826,-0.339416,0.0798133,0.0682786,-0.606774
4726,21.1508,-0.645486,0.730616,-0.222594,0.0787553,0.0346586,-0.597834
4727,19.5345,-0.620327,0.774393,-0.124537,0.0783993,0.017404,-0.59559
4728,40.927,-0.988713,-0.0860095,-0.122677,0.0783993,-0.017404,-0.59559
4729,45.5835,-0.991478,-0.0373577,-0.124802,0.0787553,-0.0346586,-0.597834
4730,41.3424,-0.852515,-0.455454,-0.256476,0.0798133,-0.0682786,-0.606774
4731,54.7582,0.983257,-0.180219,0.0269588,0.0808546,-0.0843573,-0.613352
4732,42.4102,0.99152,0.0170846,0.128828,0.0825186,-0.107251,-0.625791
4733,40.2532,-0.869494,0.41689,0.264919,0.0850073,-0.134865,-0.646817
4734,47.6084,-0.837621,-0.307232,-0.451663,0.0874466,-0.152921,-0.665507
4735,45.9611,-0.856544,-0.237094,-0.458387,0.0896066,-0.163515,-0.679145
4736,47.7724,-0.72784,-0.267318,-0.631498,0.0931466,-0.180919,-0.709056
4737,38.2052,0.814638,0.155903,0.558623,0.09631,-0.190381,-0.733169
4738,36.3198,0.940623,0.044515,0.336522,0.09894,-0.194885,-0.749773
4739,37.7855,0.979239,0.00565234,0.202632,0.102993,-0.199429,-0.784017
4740,42.6123,0.936745,-0.0155628,0.349665,0.105716,-0.199429,-0.801205
4741,42.5547,0.255794,0.193249,-0.947219,0.109769,-0.194885,-0.835449
4742,52.9221,-0.329672,0.289905,-0.898483,0.112398,-0.190381,-0.852052
4743,33.6964,-0.658554,0.300042,-0.690132,0.115561,-0.180919,-0.876165
4744,58.1456,-0.123614,-0.555676,0.822158,0.119102,-0.163515,-0.906077
4745,57.9788,-0.996742,-0.0731095,-0.0340665,0.121262,-0.152921,-0.919715
4746,32.968,-0.0588926,-0.751995,0.656533,0.124153,-0.128309,-0.944138
4747,45.5289,-0.993223,-0.00201322,-0.116206,0.12581,-0.114501,-0.954602
4748,45.2287,0.267325,-0.850226,0.45349,0.127853,-0.0843573,-0.971871
4749,56.0011,0.867551,0.492987,-0.0657171,0.129115,-0.0600213,-0.981244
4750,62.0085,0.707409,-0.672262,0.21826,0.12982,-0.0432113,-0.985693
4751,50.7136,0.891691,-0.432335,0.134061,0.130354,-0.00870199,-0.990201
4752,38.4333,0.74349,-0.668587,-0.0146294,0.0522613,0.017404,-0.996805
4753,62.7725,0.997012,0.0582286,0.0507597,0.0520827,0.0432113,-0.99284
4754,43.6632,0.337371,-0.895359,-0.290712,0.0517293,0.0600213,-0.988349
4755,60.3747,0.604538,0.704743,0.371311,0.0512067,0.0843573,-0.978906
4756,47.8281,-0.775632,0.538485,0.329286,0.050524,0.114501,-0.96153
4757,9.91517,0.424549,0.6724,0.60633,0.0496933,0.128309,-0.950969
4758,34.6569,0.0403092,0.657966,0.751968,0.048728,0.147171,-0.93295
4759,47.9512,-0.700321,0.409208,0.584893,0.0476447,0.168359,-0.905378
4760,45.658,-0.999258,0.0307846,0.0231666,0.046462,0.177061,-0.890353
4761,29.8218,0.995154,0.0194443,0.0963872,0.0452,0.187579,-0.866502
4762,11.9034,0.763834,0.120165,0.634128,0.0438813,0.196587,-0.832933
4763,19.2253,0.943897,-0.0240326,-0.329364,0.042528,0.199429,-0.80703
4764,17.7043,0.940328,0.0246779,-0.339373,0.0411627,0.199429,-0.78968
4765,19.5692,0.776831,0.128695,-0.616418,0.0398087,0.194885,-0.755224
4766,12.0522,0.851751,-0.158157,0.499507,0.0384893,0.187579,-0.730208
4767,7.42362,0.44887,0.402256,-0.797938,0.037228,0.177061,-0.706357
4768,14.9596,-0.710032,0.378208,-0.59398,0.0360453,0.163515,-0.684081
4769,7.35952,0.500167,0.580607,-0.64244,0.034962,0.147171,-0.66376
4770,15.254,-0.88669,0.329795,-0.324063,0.0339967,0.128309,-0.645743
4771,22.4957,-0.885248,-0.402061,0.233846,0.0331654,0.107251,-0.630336
4772,14.2536,-0.996049,-0.0886856,0.00455826,0.0324827,0.0921786,-0.621662
4773,20.539,-0.994951,-0.100237,-0.00505082,0.03196,0.0682786,-0.611165
4774,14.5218,-0.36786,0.90914,-0.195302,0.0316067,0.0346586,-0.60217
4775,13.03,-0.442256,0.893666,-0.0759672,0.0314287,0.017404,-0.599906
4776,40.964,-0.99133,-0.122699,-0.0470158,0.0314287,-0.017404,-0.599906
4777,45.7551,-0.975751,-0.204143,-0.0789673,0.0316067,-0.0346586,-0.60217
4778,44.3901,0.912277,0.375593,0.163345,0.03196,-0.0682786,-0.611165
4779,42.4407,0.997339,0.0417593,0.0597652,0.0324827,-0.0843573,-0.617804
4780,31.2852,0.0869148,0.82673,0.555845,0.0331654,-0.107251,-0.630336
4781,45.0962,-0.918673,0.314197,0.239416,0.0339967,-0.128309,-0.645743
4782,59.2649,-0.358083,-0.608603,-0.708081,0.034962,-0.147171,-0.66376
4783,39.1684,-0.999109,0.0382203,0.0179267,0.0360453,-0.163515,-0.684081
4784,52.8561,-0.462212,-0.385033,-0.798818,0.037228,-0.177061,-0.706357
4785,43.4542,0.438234,0.283625,0.852941,0.0384893,-0.187579,-0.730208
4786,35.9106,0.990096,-0.0347931,-0.136009,0.0398087,-0.194885,-0.755224
4787,37.7173,0.998351,0.0011918,0.0573965,0.0411627,-0.199429,-0.78968
4788,48.8615,0.970086,-0.0133972,0.242392,0.042528,-0.199429,-0.80703
4789,54.482,0.913495,0.0862332,-0.397605,0.0438813,-0.196587,-0.832933
4790,28.8232,-0.833087,0.167787,-0.52708,0.0452,-0.187579,-0.866502
4791,28.7071,-0.892338,0.18562,-0.411433,0.046462,-0.177061,-0.890353
4792,70.2599,-0.935446,-0.213029,0.282062,0.0476447,-0.168359,-0.905378
4793,52.5988,-0.711565,-0.476927,0.515961,0.048728,-0.147171,-0.93295
4794,39.419,-0.173994,-0.74377,0.645393,0.0496933,-0.128309,-0.950969
4795,45.6991,-0.981554,0.138897,-0.131374,0.050524,-0.114501,-0.96153
4796,45.3367,0.197587,-0.876082,0.439819,0.0512067,-0.0843573,-0.978906
4797,62.0692,0.731169,0.654216,-0.193371,0.0517293,-0.0600213,-0.988349
4798,55.564,0.823894,-0.548786,0.141536,0.0520827,-0.0432113,-0.99284
4799,56.287,0.253462,-0.964573,0.0731853,0.0522613,-0.017404,-0.996805
4800,43.9373,0.998334,0.0448892,-0.0362635,-0.0261079,0.017404,-0.997833
4801,43.445,0.511478,-0.838732,-0.186866,-0.0261079,0.0346586,-0.995561
4802,49.63,0.593123,-0.754994,-0.279624,-0.0259746,0.0600213,-0.989361
4803,60.3316,0.597905,0.727965,0.335525,-0.0257546,0.0843573,-0.979906
4804,54.0067,-0.812603,0.469364,0.345506,-0.0250719,0.114501,-0.96253
4805,15.9263,0.216544,0.738206,0.638874,-0.0250719,0.128309,-0.951936
4806,34.5773,0.0197502,0.659556,0.751396,-0.0246213,0.147171,-0.933897
4807,52.7781,-0.58819,0.438563,0.679481,-0.0241066,0.163515,-0.913553
4808,51.5533,-0.960075,-0.138476,-0.243064,-0.0235373,0.177061,-0.891253
4809,29.7065,0.990322,0.0562676,0.126869,-0.0229239,0.187579,-0.867377
4810,43.5663,0.404124,-0.175421,-0.897726,-0.0222759,0.194885,-0.842335
4811,11.2895,0.327007,0.0626794,0.942941,-0.0209226,0.199429,-0.807879
4812,9.58709,0.161597,-0.0649927,0.984714,-0.0209226,0.199429,-0.790475
4813,8.85171,-0.542199,-0.159855,0.824904,-0.0202399,0.196587,-0.764545
4814,18.413,0.422776,0.28621,-0.859851,-0.0195686,0.190381,-0.739209
4815,11.1685,0.206578,-0.435991,0.875921,-0.0183073,0.177061,-0.707101
4816,9.12637,-0.293932,-0.525676,0.798291,-0.0183073,0.168359,-0.692029
4817,20.0652,-0.93728,0.247523,-0.245434,-0.0177379,0.152921,-0.670993
4818,6.53176,0.962146,0.185045,-0.200082,-0.0167726,0.128309,-0.64642
4819,4.47562,0.971583,-0.212672,0.103908,-0.0167726,0.114501,-0.635826
4820,4.73499,0.999123,0.0046831,-0.0416017,-0.0163926,0.0921786,-0.622294
4821,15.1405,-0.849386,0.509035,-0.139377,-0.0158699,0.0600213,-0.608994
4822,22.4388,-0.897455,-0.424544,0.119734,-0.0157366,0.0346586,-0.602794
4823,20.7691,-0.939085,-0.338561,0.0591214,-0.0157366,0.017404,-0.600522
4824,38.1038,0.919537,0.392867,-0.0103866,-0.0157366,-0.017404,-0.600522
4825,42.6972,0.958756,0.283614,0.0187254,-0.0157366,-0.0346586,-0.602794
4826,56.2845,0.260888,0.917224,0.301062,-0.0158699,-0.0600213,-0.608994
4827,26.1509,0.5393,0.763479,0.355324,-0.0163926,-0.0921786,-0.622294
4828,40.2139,-0.796462,0.487853,0.357277,-0.0167726,-0.114501,-0.635826
4829,60.1302,0.42567,-0.672,-0.605988,-0.0167726,-0.128309,-0.64642
4830,34.1365,-0.899887,0.269587,0.34282,-0.0177379,-0.152921,-0.670993
4831,46.4901,-0.785864,0.329165,0.523516,-0.0183073,-0.168359,-0.692029
4832,44.3801,-0.387291,0.401747,0.829822,-0.0183073,-0.177061,-0.707101
4833,30.8705,0.834984,-0.166847,-0.52437,-0.0195686,-0.190381,-0.739209
4834,37.2313,0.874488,-0.088049,-0.476989,-0.0202399,-0.196587,-0.764545
4835,37.9396,0.979795,0.0156003,0.199393,-0.0209226,-0.199429,-0.790475
4836,55.254,0.962107,-0.0203107,0.271916,-0.0209226,-0.199429,-0.807879
4837,27.6391,-0.781442,-0.115858,0.613127,-0.0222759,-0.194885,-0.842335
4838,35.1887,-0.828636,0.189797,-0.526631,-0.0229239,-0.187579,-0.867377
4839,29.0709,-0.723781,0.316439,-0.613194,-0.0235373,-0.177061,-0.891253
4840,71.7991,-0.882046,-0.245531,0.40213,-0.0241066,-0.163515,-0.913553
4841,58.9048,-0.685676,-0.466412,0.558846,-0.0246213,-0.147171,-0.933897
4842,52.3908,-0.504156,-0.639382,0.580532,-0.0250719,-0.128309,-0.951936
4843,52.1621,-0.946888,0.283332,-0.152074,-0.0250719,-0.114501,-0.96253
4844,45.3692,0.199822,-0.881864,0.427067,-0.0257546,-0.0843573,-0.979906
4845,62.3841,0.895262,0.41,-0.174373,-0.0259746,-0.0600213,-0.989361
4846,51.2932,0.522909,-0.839716,0.146438,-0.0261079,-0.0346586,-0.995561
4847,50.8017,-0.510456,-0.85652,0.0762165,-0.0261079,-0.017404,-0.997833
4848,50.597,0.936477,-0.324829,-0.132274,-0.104317,0.017404,-0.992709
4849,38.1387,0.888909,-0.417391,-0.188747,-0.103872,0.0432113,-0.988764
4850,50.006,0.230489,-0.912162,-0.338874,-0.103519,0.0600213,-0.984273
4851,66.6031,0.613316,0.734018,0.291652,-0.102557,0.0843573,-0.974865
4852,60.3158,-0.766791,0.487009,0.418156,-0.100513,0.114501,-0.957595
4853,22.1094,0.168662,0.748912,0.640847,-0.0996825,0.128309,-0.947034
4854,35.1804,-0.755011,0.384803,0.530928,-0.0967925,0.152921,-0.922611
4855,47.2192,0.159712,0.554782,0.816522,-0.0957085,0.163515,-0.908846
4856,52.3298,-0.563273,-0.389772,-0.728561,-0.0921679,0.180919,-0.878934
4857,36.2637,0.977366,-0.0315415,-0.209193,-0.0909066,0.187579,-0.862905
4858,44.2761,0.917131,-0.0565408,-0.394554,-0.0869586,0.196587,-0.829543
4859,23.0833,0.920929,0.0324182,0.38838,-0.0856052,0.198859,-0.812341
4860,2.68408,-0.370121,-0.0575732,0.927198,-0.0828786,0.199429,-0.786397
4861,2.51906,-0.518661,-0.154131,0.840972,-0.0801632,0.196587,-0.760601
4862,24.8054,0.250022,0.300472,-0.920438,-0.0775059,0.190381,-0.735395
4863,26.8916,-0.289242,0.434808,-0.852808,-0.0737292,0.177061,-0.703485
4864,3.61898,-0.837163,-0.255387,0.483669,-0.0714126,0.163515,-0.681298
4865,1.68875,-0.981396,-0.05824,0.182949,-0.0703292,0.152921,-0.667533
4866,28.5667,-0.928599,-0.216787,0.301178,-0.0674386,0.128309,-0.643111
4867,-0.822366,0.723594,-0.609404,0.324098,-0.0658492,0.107251,-0.627764
4868,-2.59871,0.543131,-0.775982,0.32072,-0.0651666,0.0921786,-0.619089
4869,6.90225,0.786867,0.549516,-0.280843,-0.0636019,0.0600213,-0.605872
4870,14.9136,-0.712223,0.699735,-0.0557685,-0.0629826,0.0346586,-0.599701
4871,36.7832,0.610957,-0.791408,-0.0201228,-0.0627152,0.00870199,-0.596872
4872,43.8783,0.108196,0.992733,0.0526697,-0.0627152,-0.00870199,-0.596872
4873,56.5453,0.0185931,0.980805,0.194103,-0.0629826,-0.0346586,-0.599701
4874,29.9692,0.988952,0.129031,-0.0729687,-0.0636019,-0.0600213,-0.605872
4875,31.6862,0.970879,0.23954,0.00394675,-0.0651666,-0.0921786,-0.619089
4876,51.8872,-0.995187,-0.060431,0.0771448,-0.0658492,-0.107251,-0.627764
4877,53.8267,0.357978,-0.678718,-0.641244,-0.0674386,-0.128309,-0.643111
4878,53.9513,-0.895342,-0.341502,-0.285899,-0.0703292,-0.152921,-0.667533
4879,58.2328,-0.996724,-0.080795,-0.0037389,-0.0714126,-0.163515,-0.681298
4880,50.6403,-0.299279,0.405915,0.863519,-0.0737292,-0.177061,-0.703485
4881,37.02,0.702832,-0.201997,-0.682074,-0.0775059,-0.190381,-0.735395
4882,30.9655,0.843877,-0.0849957,-0.529761,-0.0801632,-0.196587,-0.760601
4883,44.7768,0.779458,0.0467276,0.62471,-0.0828786,-0.199429,-0.786397
4884,56.1381,0.863739,0.0261386,-0.503261,-0.0856052,-0.198859,-0.812341
4885,39.4132,-0.997541,0.0353088,-0.0605419,-0.0869586,-0.196587,-0.829543
4886,34.8706,-0.979076,0.0990533,-0.177762,-0.0909066,-0.187579,-0.862905
4887,40.8038,-0.107042,0.442585,-0.890315,-0.0921679,-0.180919,-0.878934
4888,77.3172,-0.246963,-0.522524,0.816074,-0.0957085,-0.163515,-0.908846
4889,58.2404,-0.995091,0.098868,0.00431038,-0.0967925,-0.152921,-0.922611
4890,58.738,-0.512735,-0.612755,0.60136,-0.0996825,-0.128309,-0.947034
4891,52.1923,-0.94711,0.306791,-0.0941379,-0.100513,-0.114501,-0.957595
4892,45.3577,0.243782,-0.879929,0.407792,-0.102557,-0.0843573,-0.974865
4893,68.2801,0.63858,0.701966,-0.315372,-0.103519,-0.0600213,-0.984273
4894,62.8822,-0.0347163,-0.979163,0.200084,-0.103872,-0.0432113,-0.988764
4895,50.4552,-0.18214,-0.979489,0.0861716,-0.104317,-0.017404,-0.992709
4896,50.1067,0.145068,-0.984888,-0.0946085,-0.182016,0.00870199,-0.982018
4897,37.8402,0.965685,-0.137961,-0.220042,-0.18113,0.0432113,-0.977566
4898,49.786,0.408163,-0.83463,-0.369858,-0.180424,0.0600213,-0.973117
4899,60.1088,0.462301,0.825835,0.322916,-0.178729,0.0843573,-0.963813
4900,60.7416,-0.392804,0.721953,0.56964,-0.175336,0.114501,-0.946757
4901,22.9806,-0.43118,0.628553,0.647306,-0.172336,0.134865,-0.930703
4902,41.3949,-0.756818,0.347111,0.553841,-0.16888,0.152921,-0.912173
4903,53.6033,0.319737,0.548446,0.772642,-0.166721,0.163515,-0.898535
4904,52.034,-0.364186,-0.433948,-0.82405,-0.160845,0.180919,-0.868993
4905,42.4429,0.981837,0.00185281,-0.189718,-0.15833,0.187579,-0.853113
4906,43.9655,0.983869,0.00328682,-0.178862,-0.151776,0.196587,-0.820163
4907,23.3787,0.999567,0.0144471,0.0256199,-0.149077,0.198859,-0.803121
4908,-2.58302,-0.728535,-0.0347106,0.684129,-0.142291,0.198859,-0.769009
4909,-2.40603,-0.598816,-0.131002,0.7901,-0.137595,0.194885,-0.743651
4910,26.1302,0.376867,0.270181,-0.885987,-0.133037,0.187579,-0.719017
4911,33.4641,-0.606015,0.393119,-0.691522,-0.128697,0.177061,-0.695532
4912,27.177,-0.591563,0.494714,-0.636641,-0.124647,0.163515,-0.673595
4913,27.5832,-0.849203,0.420405,-0.319553,-0.120956,0.147171,-0.653583
4914,9.8878,-0.820094,-0.335938,0.46324,-0.117689,0.128309,-0.635838
4915,28.649,-0.873115,-0.304326,0.380862,-0.1149,0.107251,-0.620662
4916,26.9587,-0.932883,-0.211269,0.291711,-0.113539,0.0921786,-0.612068
4917,-1.02115,0.565791,-0.807513,0.166743,-0.110942,0.0600213,-0.599014
4918,7.06404,0.669897,0.690384,-0.273146,-0.10984,0.0346586,-0.592911
4919,58.6571,-0.513196,0.857103,0.0447651,-0.109352,0.00870199,-0.590112
4920,56.6724,-0.110873,0.98991,0.0882306,-0.109352,-0.00870199,-0.590112
4921,23.5121,0.978308,-0.0413306,-0.202989,-0.10984,-0.0346586,-0.592911
4922,36.2986,0.975825,0.172229,-0.134545,-0.110942,-0.0600213,-0.599014
4923,55.5472,0.456039,-0.755547,-0.470295,-0.113539,-0.0921786,-0.612068
4924,53.8036,0.299442,-0.759936,-0.576916,-0.1149,-0.107251,-0.620662
4925,58.2836,-0.987416,-0.142056,0.0694947,-0.117689,-0.128309,-0.635838
4926,59.3645,-0.426613,-0.630839,-0.648108,-0.120956,-0.147171,-0.653583
4927,44.1186,-0.00507349,0.54795,0.836496,-0.124647,-0.163515,-0.673595
4928,56.6028,0.0866818,0.44084,0.89339,-0.128697,-0.177061,-0.695532
4929,41.8633,0.765158,-0.157286,-0.624336,-0.133037,-0.187579,-0.719017
4930,42.0692,0.878628,-0.058405,-0.473922,-0.137595,-0.194885,-0.743651
4931,56.2161,0.470032,0.0626958,0.88042,-0.142291,-0.198859,-0.769009
4932,62.0469,0.556237,0.046288,-0.829734,-0.149077,-0.198859,-0.803121
4933,46.0152,-0.952273,0.0936992,-0.29051,-0.151776,-0.196587,-0.820163
4934,41.2705,-0.968557,0.134017,-0.209613,-0.15833,-0.187579,-0.853113
4935,41.1446,0.161252,0.417373,-0.894314,-0.160845,-0.180919,-0.868993
4936,77.1215,0.011299,-0.549415,0.835473,-0.166721,-0.163515,-0.898535
4937,64.6193,-0.986944,0.160786,0.00950938,-0.16888,-0.152921,-0.912173
4938,70.3628,-0.900147,-0.220231,0.37581,-0.172336,-0.134865,-0.930703
4939,58.079,-0.978577,-0.0156167,0.205287,-0.175336,-0.114501,-0.946757
4940,51.8193,0.102893,-0.896895,0.430107,-0.178729,-0.0843573,-0.963813
4941,74.7658,0.754039,0.55979,-0.343599,-0.180424,-0.0600213,-0.973117
4942,63.2027,-0.327063,-0.911406,0.249737,-0.18113,-0.0432113,-0.977566
4943,50.9871,0.74474,-0.659181,-0.104123,-0.182016,-0.00870199,-0.982018
4944,50.4292,-0.171972,-0.984927,-0.0185322,-0.258502,0.00870199,-0.96471
4945,38.1315,0.851705,-0.411009,-0.32507,-0.25727,0.0432113,-0.960341
4946,50.614,0.874808,-0.323418,-0.360709,-0.255352,0.0682786,-0.953295
4947,60.8647,-0.260922,0.827469,0.497207,-0.252606,0.0921786,-0.943151
4948,72.808,0.616221,0.717771,0.324155,-0.250574,0.107251,-0.934689
4949,22.5788,-0.701792,0.417,0.57758,-0.244828,0.134865,-0.914311
4950,22.5739,-0.691313,0.362999,0.624754,-0.239928,0.152921,-0.89611
4951,59.8417,0.338072,0.551929,0.762287,-0.236704,0.163515,-0.882684
4952,58.2783,-0.392582,-0.437048,-0.809239,-0.228529,0.180919,-0.853695
4953,42.1628,0.995873,0.0906863,-0.00347027,-0.224776,0.187579,-0.838061
4954,43.8333,0.991308,0.0289816,-0.128328,-0.215656,0.196587,-0.805727
4955,23.1237,0.97928,0.0300967,0.200263,-0.211628,0.198859,-0.788949
4956,2.33287,-0.542565,-0.0433256,0.838896,-0.204877,0.199429,-0.763751
4957,-3.16789,-0.969129,0.00513393,0.2465,-0.195517,0.194885,-0.730563
4958,-5.25301,-0.946606,0.175647,-0.270341,-0.191592,0.190381,-0.714217
4959,30.6326,0.536451,0.302423,-0.787883,-0.185287,0.180919,-0.690729
4960,38.5113,-0.837066,0.395326,-0.378204,-0.179352,0.168359,-0.668635
4961,26.6376,-0.140105,0.65816,-0.739727,-0.171862,0.147171,-0.642078
4962,24.7265,0.240684,0.682974,-0.689651,-0.16899,0.134865,-0.630112
4963,9.72497,-0.87485,-0.245919,0.417326,-0.163242,0.107251,-0.609734
4964,27.6721,-0.861105,0.508135,-0.0172306,-0.160019,0.0843573,-0.597604
4965,34.7524,-0.927358,-0.183384,0.326157,-0.157599,0.0600213,-0.588463
4966,32.5205,-0.880562,0.447554,0.155903,-0.156547,0.0432113,-0.584083
4967,12.1369,0.386978,0.906135,-0.170784,-0.155491,0.017404,-0.580256
4968,18.4483,0.879071,-0.389775,-0.274425,-0.155491,-0.017404,-0.580256
4969,18.3543,0.821655,-0.466175,-0.327969,-0.156547,-0.0432113,-0.584083
4970,53.9758,0.455621,-0.791445,-0.407461,-0.157599,-0.0600213,-0.588463
4971,61.0452,0.9199,-0.176853,-0.35001,-0.160019,-0.0843573,-0.597604
4972,58.4864,-0.947792,-0.315158,0.0486315,-0.163242,-0.107251,-0.609734
4973,40.4096,-0.799677,0.31426,0.511622,-0.16899,-0.134865,-0.630112
4974,44.7169,-0.518605,0.476237,0.710103,-0.171862,-0.147171,-0.642078
4975,39.0466,0.433175,0.542044,0.720102,-0.179352,-0.168359,-0.668635
4976,37.4023,0.849154,-0.129475,-0.512029,-0.185287,-0.180919,-0.690729
4977,37.1308,0.672863,-0.173097,-0.719231,-0.191592,-0.190381,-0.714217
4978,56.815,-0.0349207,0.18624,0.981884,-0.195517,-0.194885,-0.730563
4979,57.6353,0.687719,0.0579628,0.723659,-0.204877,-0.199429,-0.763751
4980,68.425,0.56987,0.0416869,-0.820677,-0.211628,-0.198859,-0.788949
4981,45.945,-0.985748,0.0814684,-0.147186,-0.215656,-0.196587,-0.805727
4982,53.038,-0.556618,0.304065,-0.773124,-0.222224,-0.190381,-0.830207
4983,34.721,-0.0486088,0.433909,-0.899645,-0.228529,-0.180919,-0.853695
4984,83.3409,0.139464,-0.553656,0.820984,-0.236704,-0.163515,-0.882684
4985,70.7646,-0.978868,0.0712999,0.191658,-0.239928,-0.152921,-0.89611
4986,70.7703,-0.976299,0.0828263,0.199948,-0.244828,-0.134865,-0.914311
4987,52.3346,-0.327558,-0.730524,0.5992,-0.250574,-0.107251,-0.934689
4988,51.0004,-0.570057,-0.654938,0.496075,-0.252606,-0.0921786,-0.943151
4989,73.8941,0.966341,-0.0750621,-0.246071,-0.255352,-0.0682786,-0.953295
4990,56.5956,0.000377406,-0.97936,0.202123,-0.25727,-0.0432113,-0.960341
4991,50.7544,0.858021,-0.468678,-0.2101,-0.258502,-0.00870199,-0.96471
4992,56.3034,0.208235,-0.967377,-0.144288,-0.333396,0.00870199,-0.941455
4993,43.4201,0.449388,-0.825807,-0.340725,-0.332476,0.0346586,-0.938768
4994,38.1904,0.774747,-0.446791,-0.447376,-0.32936,0.0682786,-0.930322
4995,50.1491,0.949618,0.104192,-0.295585,-0.325826,0.0921786,-0.920424
4996,72.9409,0.728572,0.655769,0.197863,-0.323137,0.107251,-0.912148
4997,22.4888,-0.715529,0.358999,0.599281,-0.315809,0.134865,-0.892284
4998,28.7728,-0.69966,0.315346,0.641118,-0.309497,0.152921,-0.874523
4999,65.7271,0.0181905,0.534397,0.845038,-0.30523,0.163515,-0.861392
5000,69.9585,-0.892777,-0.305722,-0.330882,-0.297798,0.177061,-0.840359
5001,42.3407,0.260505,0.320822,0.91061,-0.286676,0.190381,-0.810213
5002,40.019,-0.489715,0.127344,0.862533,-0.281482,0.194885,-0.794225
5003,23.4243,0.213345,0.0648751,0.974821,-0.269547,0.199429,-0.761873
5004,2.76001,-0.0679383,-0.059777,0.995897,-0.264169,0.199429,-0.745322
5005,8.55164,-0.533778,-0.119576,0.837128,-0.255506,0.196587,-0.720873
5006,-4.71309,-0.327077,0.321598,-0.888592,-0.243879,0.187579,-0.689353
5007,-6.63613,0.0678248,0.409686,-0.909702,-0.23891,0.180919,-0.674061
5008,33.4292,-0.661755,0.502305,-0.556569,-0.228485,0.163515,-0.645804
5009,26.8323,-0.378444,0.654153,-0.654877,-0.22171,0.147171,-0.626615
5010,19.434,0.656638,0.414946,-0.629798,-0.215706,0.128309,-0.609599
5011,27.0126,-0.468405,0.792283,-0.391005,-0.210578,0.107251,-0.595047
5012,9.60691,-0.894961,-0.162473,0.415509,-0.206413,0.0843573,-0.583207
5013,7.56718,-0.929238,0.279343,0.241835,-0.204355,0.0682786,-0.576873
5014,27.0348,-0.368897,0.927507,-0.0603768,-0.20124,0.0346586,-0.568428
5015,16.0733,0.354096,-0.932914,-0.0654831,-0.200538,0.017404,-0.566268
5016,17.8301,0.472194,-0.84998,-0.233596,-0.200538,-0.017404,-0.566268
5017,23.8041,0.925728,0.242535,-0.290181,-0.20124,-0.0346586,-0.568428
5018,54.4142,-0.595216,-0.80053,-0.0697863,-0.204355,-0.0682786,-0.576873
5019,52.3408,-0.88958,-0.44715,0.0932996,-0.206413,-0.0843573,-0.583207
5020,38.0965,-0.206317,0.759673,0.61671,-0.210578,-0.107251,-0.595047
5021,45.6476,-0.958809,-0.0903637,0.269297,-0.215706,-0.128309,-0.609599
5022,50.8545,-0.332064,0.537405,0.775196,-0.22171,-0.147171,-0.626615
5023,50.3496,0.176483,0.552066,0.814909,-0.228485,-0.163515,-0.645804
5024,43.1686,0.418811,-0.321696,-0.849181,-0.23891,-0.180919,-0.674061
5025,42.7963,0.990118,0.131724,0.0481095,-0.243879,-0.187579,-0.689353
5026,57.7482,0.656696,0.181947,0.731878,-0.255506,-0.196587,-0.720873
5027,63.4383,0.967751,0.0373226,0.249129,-0.264169,-0.199429,-0.745322
5028,74.3609,0.975662,-0.0354899,0.21639,-0.269547,-0.199429,-0.761873
5029,48.1143,-0.798332,0.163261,-0.579666,-0.281482,-0.194885,-0.794225
5030,35.2476,0.378975,0.240244,-0.893678,-0.286676,-0.190381,-0.810213
5031,35.8657,-0.543272,0.427406,-0.72262,-0.297798,-0.177061,-0.840359
5032,83.6721,-0.119763,-0.507604,0.853226,-0.30523,-0.163515,-0.861392
5033,77.1664,-0.972667,0.148347,0.178641,-0.309497,-0.152921,-0.874523
5034,77.164,-0.965376,0.164779,0.20223,-0.315809,-0.134865,-0.892284
5035,58.4287,-0.102447,-0.792245,0.601541,-0.323137,-0.107251,-0.912148
5036,74.3346,0.888686,-0.449218,-0.091872,-0.325826,-0.0921786,-0.920424
5037,50.3235,0.0447799,-0.944637,0.325047,-0.32936,-0.0682786,-0.930322
5038,50.8294,0.829008,-0.52422,-0.194782,-0.332476,-0.0346586,-0.938768
5039,56.3546,0.20075,-0.979626,-0.0057347,-0.333177,-0.017404,-0.940928
5040,38.1874,0.789168,-0.468132,-0.397576,-0.405975,0.017404,-0.911887
5041,50.3308,-0.133794,-0.979184,-0.152638,-0.405106,0.0346586,-0.909788
5042,49.737,0.352526,-0.811679,-0.465727,-0.40261,0.0600213,-0.90411
5043,38.0381,0.794913,-0.298312,-0.528321,-0.397038,0.0921786,-0.892023
5044,73.6225,0.0428434,0.814271,0.578902,-0.391508,0.114501,-0.879667
5045,22.2265,-0.81876,0.175386,0.546692,-0.384843,0.134865,-0.864755
5046,28.0487,0.0752445,0.63825,0.766143,-0.380134,0.147171,-0.853386
5047,59.772,-0.876686,0.0453949,0.478917,-0.368582,0.168359,-0.828328
5048,76.7617,-0.971723,-0.106283,0.210852,-0.362814,0.177061,-0.814403
5049,42.2696,0.263985,0.318398,0.910458,-0.349361,0.190381,-0.785223
5050,34.7835,-0.793027,0.0437504,0.607614,-0.339045,0.196587,-0.762071
5051,29.3684,-0.0455304,0.0581898,0.997267,-0.328492,0.199429,-0.738376
5052,8.84644,-0.185152,-0.0533954,0.981258,-0.321832,0.199429,-0.722297
5053,14.8544,-0.449167,-0.122557,0.885002,-0.311278,0.196587,-0.698603
5054,-6.07662,-0.543814,0.317009,-0.777028,-0.300962,0.190381,-0.675451
5055,-0.967042,0.563116,0.238323,-0.791267,-0.29106,0.180919,-0.653239
5056,6.61761,-0.602204,0.530748,-0.59637,-0.281742,0.168359,-0.632346
5057,38.2005,-0.693047,0.587543,-0.417708,-0.273166,0.152921,-0.61313
5058,26.2977,0.10497,0.691024,-0.715169,-0.26287,0.128309,-0.590796
5059,24.3861,0.464075,0.597919,-0.65355,-0.258816,0.114501,-0.581008
5060,31.9795,-0.629863,0.766488,-0.125574,-0.253286,0.0921786,-0.568651
5061,38.726,-0.842121,0.500279,0.201379,-0.248986,0.0682786,-0.559061
5062,9.59865,-0.880336,-0.169673,0.442966,-0.245218,0.0346586,-0.550886
5063,16.6225,-0.532435,-0.790597,0.302439,-0.244089,0.00870199,-0.54828
5064,23.5529,0.907945,-0.00645542,-0.41904,-0.244089,-0.00870199,-0.54828
5065,52.3635,-0.822939,-0.499909,0.269929,-0.245218,-0.0346586,-0.550886
5066,60.8466,-0.488795,-0.866832,-0.0983985,-0.248986,-0.0682786,-0.559061
5067,33.1822,0.00519285,0.879909,0.475114,-0.253286,-0.0921786,-0.568651
5068,40.7315,-0.877383,0.0906493,0.471149,-0.258816,-0.114501,-0.581008
5069,51.4461,-0.750197,0.268004,0.604465,-0.26287,-0.128309,-0.590796
5070,45.6746,0.202303,0.65475,0.728269,-0.273166,-0.152921,-0.61313
5071,45.6856,0.224997,0.550993,0.803606,-0.281742,-0.168359,-0.632346
5072,43.729,0.785114,-0.1109,-0.609342,-0.29106,-0.180919,-0.653239
5073,44.2523,0.980982,0.0857881,-0.174109,-0.300962,-0.190381,-0.675451
5074,57.6967,0.747044,0.178055,0.640485,-0.311278,-0.196587,-0.698603
5075,47.875,-0.94891,-0.0446917,-0.312367,-0.321832,-0.199429,-0.722297
5076,52.4074,-0.983616,0.0375395,-0.176322,-0.328492,-0.199429,-0.738376
5077,59.6124,-0.44605,0.195084,-0.873488,-0.339045,-0.196587,-0.762071
5078,41.436,0.217091,0.25942,-0.941049,-0.349361,-0.190381,-0.785223
5079,41.6322,-0.905301,0.314861,-0.28512,-0.362814,-0.177061,-0.814403
5080,95.87,-0.934151,0.0466629,0.353815,-0.368582,-0.168359,-0.828328
5081,77.9509,-0.580391,-0.366372,0.727267,-0.380134,-0.147171,-0.853386
5082,83.7461,-0.925255,0.373538,0.0661292,-0.384843,-0.134865,-0.864755
5083,63.9314,-0.716946,-0.361341,0.596171,-0.391508,-0.114501,-0.879667
5084,50.2909,0.146064,-0.896194,0.418929,-0.397038,-0.0921786,-0.892023
5085,44.0891,0.0253124,-0.940245,0.339556,-0.401338,-0.0682786,-0.901613
5086,50.5322,0.897538,-0.258531,-0.357194,-0.405106,-0.0346586,-0.909788
5087,50.3118,-0.0170382,-0.996672,0.079722,-0.405975,-0.017404,-0.911887
5088,49.9502,0.242339,-0.947889,-0.20683,-0.476567,0.00870199,-0.877709
5089,49.8686,0.255846,-0.901632,-0.348715,-0.475238,0.0346586,-0.875199
5090,49.9587,0.125006,-0.89911,-0.419492,-0.472304,0.0600213,-0.869735
5091,44.1171,0.83557,-0.12051,-0.536004,-0.465801,0.0921786,-0.858122
5092,38.2183,0.622854,-0.412692,-0.664634,-0.459319,0.114501,-0.846237
5093,22.7835,-0.383347,0.535502,0.752518,-0.451505,0.134865,-0.831895
5094,29.3113,-0.127798,0.567865,0.81314,-0.442492,0.152921,-0.815341
5095,59.9248,-0.754215,0.129165,0.643798,-0.432436,0.168359,-0.796856
5096,71.1423,-0.777902,-0.397276,-0.486867,-0.421507,0.180919,-0.776758
5097,41.9402,0.0161046,0.286561,0.957927,-0.409892,0.190381,-0.755391
5098,47.7835,0.897404,0.158783,0.411648,-0.40226,0.194885,-0.740413
5099,34.0786,-0.999018,-0.0301786,0.032426,-0.385412,0.199429,-0.710326
5100,32.4634,-0.998091,0.0349222,-0.0509318,-0.37751,0.199429,-0.694819
5101,9.41926,-0.87512,0.00107745,0.483905,-0.360661,0.194885,-0.664734
5102,-10.7314,-0.674396,0.310457,-0.669931,-0.348715,0.187579,-0.642716
5103,-0.069742,0.900905,-0.0308428,-0.432919,-0.337329,0.177061,-0.62172
5104,-2.14334,0.948623,-0.316227,0.0107419,-0.330486,0.168359,-0.608292
5105,39.3051,-0.397748,0.65918,-0.638183,-0.317004,0.147171,-0.584217
5106,32.5866,0.0432961,0.692697,-0.719928,-0.308413,0.128309,-0.56835
5107,18.2038,0.327071,0.653146,-0.682953,-0.303604,0.114501,-0.55891
5108,33.043,-0.264755,0.89558,-0.35755,-0.295106,0.0843573,-0.543736
5109,31.2617,-0.00985429,0.933854,-0.357519,-0.292082,0.0682786,-0.537802
5110,40.4702,-0.847784,0.355175,0.393843,-0.287684,0.0346586,-0.529949
5111,15.2306,-0.374474,-0.885162,0.276148,-0.286653,0.017404,-0.527925
5112,46.7351,-0.795304,0.378217,0.473755,-0.286653,-0.017404,-0.527925
5113,52.7827,-0.582279,-0.800172,0.143791,-0.287684,-0.0346586,-0.529949
5114,40.1829,-0.594488,0.578975,0.558007,-0.292082,-0.0682786,-0.537802
5115,38.398,-0.409931,0.676588,0.611707,-0.295106,-0.0843573,-0.543736
5116,46.9151,-0.797322,0.172388,0.578411,-0.303604,-0.114501,-0.55891
5117,57.7889,-0.735736,0.225605,0.638588,-0.308413,-0.128309,-0.56835
5118,50.8017,-0.157652,0.556817,0.815537,-0.317004,-0.147171,-0.584217
5119,44.9865,0.81101,0.469019,0.349692,-0.330486,-0.168359,-0.608292
5120,49.0199,0.970957,0.156082,-0.18133,-0.337329,-0.177061,-0.62172
5121,55.1058,0.936678,0.0528637,-0.34618,-0.348715,-0.187579,-0.642716
5122,63.0419,0.249867,0.189257,0.949604,-0.360661,-0.194885,-0.664734
5123,62.0476,0.273318,-0.0462547,-0.960811,-0.37751,-0.199429,-0.694819
5124,60.3526,0.190601,0.0500284,-0.980392,-0.385412,-0.199429,-0.710326
5125,35.9447,-0.630446,0.191951,-0.752125,-0.40226,-0.194885,-0.740413
5126,48.0745,0.473589,0.177084,-0.86276,-0.409892,-0.190381,-0.755391
5127,53.4198,-0.395828,0.442091,-0.804907,-0.421507,-0.180919,-0.776758
5128,102.01,-0.847136,-0.0326353,0.530373,-0.432436,-0.168359,-0.796856
5129,76.6198,-0.712908,-0.20727,0.669926,-0.442492,-0.152921,-0.815341
5130,89.4965,-0.868231,-0.00980771,0.496063,-0.451505,-0.134865,-0.831895
5131,50.1832,0.323555,-0.830152,0.454047,-0.459319,-0.114501,-0.846237
5132,56.8197,-0.0410222,-0.859975,0.508684,-0.465801,-0.0921786,-0.858122
5133,45.1837,0.461346,-0.883146,0.0849262,-0.472304,-0.0600213,-0.869735
5134,57.2906,0.707557,-0.662735,-0.245245,-0.475238,-0.0346586,-0.875199
5135,44.7277,0.662776,-0.676814,-0.320392,-0.476567,-0.00870199,-0.877709
5136,43.8949,0.0385645,-0.993828,-0.104013,-0.543962,0.00870199,-0.837612
5137,44.3916,0.719668,-0.390374,-0.574183,-0.54144,0.0432113,-0.833838
5138,56.6485,-0.250174,-0.943406,-0.21771,-0.539087,0.0600213,-0.829997
5139,50.387,0.79556,-0.108774,-0.596031,-0.531692,0.0921786,-0.818931
5140,44.0586,0.805532,-0.0633976,-0.589152,-0.524298,0.114501,-0.807591
5141,43.6366,-0.0392752,-0.700818,-0.712258,-0.518762,0.128309,-0.798557
5142,34.6979,-0.764835,0.0923056,0.637579,-0.505099,0.152921,-0.778109
5143,34.3941,0.291026,0.545184,0.786179,-0.497884,0.163515,-0.766337
5144,59.6963,-0.828433,0.00267988,0.560082,-0.481151,0.180919,-0.741292
5145,70.7869,-0.60728,-0.319979,-0.727203,-0.467896,0.190381,-0.720903
5146,48.8359,0.656468,0.193299,0.729167,-0.454086,0.196587,-0.699649
5147,40.4313,-0.983432,-0.0260697,0.179394,-0.439956,0.199429,-0.677898
5148,38.5596,-0.986345,0.0446169,-0.158534,-0.430862,0.199429,-0.663059
5149,14.8575,-0.957987,0.146735,-0.246433,-0.411704,0.194885,-0.634388
5150,14.5935,-0.545383,-0.130902,0.827902,-0.40292,0.190381,-0.620055
5151,-12.1783,-0.754848,0.415323,-0.507653,-0.389665,0.180919,-0.599665
5152,-2.69122,0.759405,-0.508091,0.406384,-0.377194,0.168359,-0.580487
5153,44.168,-0.541855,0.651545,-0.530926,-0.365718,0.152921,-0.562848
5154,39.1328,-0.249049,0.745079,-0.618734,-0.352054,0.128309,-0.5424
5155,13.0143,0.615847,0.360158,-0.700727,-0.343671,0.107251,-0.529447
5156,20.2943,-0.139082,0.88989,-0.434456,-0.336858,0.0843573,-0.518906
5157,18.5584,0.0784036,0.903648,-0.421039,-0.333378,0.0682786,-0.513228
5158,38.9588,0.15143,0.933744,-0.324331,-0.328376,0.0346586,-0.505744
5159,50.9826,-0.57223,0.753814,0.322982,-0.32719,0.017404,-0.503807
5160,52.6749,-0.594102,0.667027,0.449574,-0.32719,-0.017404,-0.503807
5161,44.9813,-0.644722,0.524428,0.556156,-0.328376,-0.0346586,-0.505744
5162,46.4707,-0.551854,0.575515,0.603523,-0.333378,-0.0682786,-0.513228
5163,44.8758,-0.50631,0.549953,0.664231,-0.336858,-0.0843573,-0.518906
5164,58.4088,-0.885998,-0.254657,0.387502,-0.343671,-0.107251,-0.529447
5165,57.3033,-0.324867,0.534449,0.780273,-0.352054,-0.128309,-0.5424
5166,52.2734,0.0263249,0.59755,0.8014,-0.365718,-0.152921,-0.562848
5167,51.7518,0.530318,0.553901,0.641838,-0.377194,-0.168359,-0.580487
5168,50.3125,0.853966,0.0208063,-0.519913,-0.389665,-0.180919,-0.599665
5169,57.9073,0.689369,0.314406,0.652624,-0.40292,-0.190381,-0.620055
5170,66.9403,0.410108,-0.104606,-0.906018,-0.411704,-0.194885,-0.634388
5171,68.4468,0.30916,-0.0405771,-0.950144,-0.430862,-0.199429,-0.663059
5172,66.6399,0.11724,0.0498512,-0.991852,-0.439956,-0.199429,-0.677898
5173,41.0733,-0.3023,0.188109,-0.934468,-0.454086,-0.196587,-0.699649
5174,53.9417,0.0076004,0.270456,-0.962702,-0.467896,-0.190381,-0.720903
5175,95.9844,-0.914209,0.0883932,0.395486,-0.481151,-0.180919,-0.741292
5176,71.5631,-0.344161,-0.355309,0.869085,-0.497884,-0.163515,-0.766337
5177,77.537,-0.922334,0.371051,0.107804,-0.505099,-0.152921,-0.778109
5178,44.8263,0.826097,-0.562084,0.0403258,-0.518762,-0.128309,-0.798557
5179,56.9664,-0.0746621,-0.75258,0.654254,-0.524298,-0.114501,-0.807591
5180,50.7063,-0.147551,-0.804482,0.575358,-0.531692,-0.0921786,-0.818931
5181,44.4829,0.815098,-0.454517,-0.359206,-0.539087,-0.0600213,-0.829997
5182,50.4733,-0.0719673,-0.958136,0.277122,-0.54144,-0.0432113,-0.833838
5183,57.0848,0.733335,-0.509746,-0.449865,-0.543962,-0.00870199,-0.837612
5184,50.2471,-0.0239934,-0.997643,-0.0642818,-0.608004,0.00870199,-0.792351
5185,44.0141,0.781084,-0.0311479,-0.623648,-0.605193,0.0432113,-0.788786
5186,56.4573,-0.116333,-0.941874,-0.315182,-0.602545,0.0600213,-0.785142
5187,56.2026,0.831559,0.304306,-0.464659,-0.594305,0.0921786,-0.774689
5188,55.8412,0.266923,-0.620106,-0.737713,-0.589191,0.107251,-0.767649
5189,43.5305,-0.00131972,-0.667961,-0.744195,-0.579818,0.128309,-0.755395
5190,34.5022,-0.809875,-0.036501,0.585466,-0.564592,0.152921,-0.736081
5191,34.3312,0.296391,0.537372,0.789546,-0.556476,0.163515,-0.724911
5192,65.3128,-0.960746,-0.271568,0.0567231,-0.537829,0.180919,-0.701257
5193,64.9687,-0.382178,0.162303,0.909724,-0.528378,0.187579,-0.688249
5194,70.2176,-0.187356,-0.174215,-0.96672,-0.507579,0.196587,-0.661866
5195,53.9113,0.904368,0.0585363,0.422721,-0.497437,0.198859,-0.647907
5196,38.9911,-0.377815,0.0629616,-0.923738,-0.475905,0.198859,-0.620594
5197,21.2184,-0.986162,0.136295,-0.0943866,-0.460208,0.194885,-0.600131
5198,20.9044,-0.45489,-0.138979,0.879636,-0.450327,0.190381,-0.586531
5199,-5.79732,-0.841754,0.39843,-0.364286,-0.435514,0.180919,-0.567244
5200,-1.96284,0.175526,-0.513679,0.839836,-0.416867,0.163515,-0.54359
5201,38.8525,-0.107019,0.602997,-0.790532,-0.404493,0.147171,-0.527434
5202,50.7417,-0.709177,0.677097,-0.196491,-0.39726,0.134865,-0.517478
5203,44.2253,-0.507718,0.811393,-0.289592,-0.387298,0.114501,-0.504534
5204,11.2632,0.693108,0.22212,-0.685758,-0.379037,0.0921786,-0.49381
5205,11.8245,0.392919,0.690067,-0.607801,-0.372617,0.0682786,-0.48549
5206,20.1131,0.122435,0.934883,-0.333172,-0.367044,0.0346586,-0.47842
5207,57.3164,-0.573078,0.71978,0.39179,-0.365709,0.017404,-0.476582
5208,52.6885,-0.564518,0.656926,0.499767,-0.365709,-0.017404,-0.476582
5209,44.878,-0.542084,0.607096,0.581016,-0.367044,-0.0346586,-0.47842
5210,60.7045,-0.583723,-0.804069,0.112873,-0.372617,-0.0682786,-0.48549
5211,59.1102,-0.650362,-0.758742,0.0366211,-0.376532,-0.0843573,-0.490878
5212,52.1427,0.0909035,0.792932,0.602491,-0.387298,-0.114501,-0.504534
5213,58.2981,0.261971,0.740106,0.619366,-0.39726,-0.134865,-0.517478
5214,63.7972,-0.405218,0.359235,0.840683,-0.404493,-0.147171,-0.527434
5215,50.9479,-0.126307,0.41971,0.898827,-0.416867,-0.163515,-0.54359
5216,50.1705,0.729132,-0.0419821,-0.683084,-0.435514,-0.180919,-0.567244
5217,64.1045,0.791034,0.307419,0.528921,-0.450327,-0.190381,-0.586531
5218,66.9342,0.332111,-0.105604,-0.93731,-0.460208,-0.194885,-0.600131
5219,80.4674,0.962834,0.0252622,-0.26891,-0.475905,-0.198859,-0.620594
5220,36.0517,-0.676039,0.0653018,-0.733967,-0.497437,-0.198859,-0.647907
5221,48.2225,0.457481,0.0820405,-0.885427,-0.507579,-0.196587,-0.661866
5222,90.765,-0.543944,-0.107604,0.832194,-0.528378,-0.187579,-0.688249
5223,96.6913,-0.920848,0.348864,-0.174161,-0.537829,-0.180919,-0.701257
5224,77.8519,-0.279998,-0.352949,0.892764,-0.556476,-0.163515,-0.724911
5225,49.3905,0.896336,-0.437543,-0.0716765,-0.564592,-0.152921,-0.736081
5226,51.204,0.793235,-0.606723,0.0516216,-0.579818,-0.128309,-0.755395
5227,51.5696,0.538624,-0.802231,0.257507,-0.589191,-0.107251,-0.767649
5228,57.495,-0.488888,-0.511738,0.706479,-0.594305,-0.0921786,-0.774689
5229,50.8677,0.759841,-0.536418,-0.367285,-0.602545,-0.0600213,-0.785142
5230,50.813,-0.311351,-0.833529,0.456387,-0.605193,-0.0432113,-0.788786
5231,63.3249,0.710938,-0.472288,-0.521068,-0.608004,-0.00870199,-0.792351
5232,50.2231,-0.0113816,-0.996853,-0.0784464,-0.668297,0.00870199,-0.742205
5233,50.1896,0.74224,0.0743482,-0.665998,-0.665215,0.0432113,-0.738871
5234,62.6152,-0.0455032,-0.922233,-0.383947,-0.662289,0.0600213,-0.735447
5235,62.5154,0.791238,0.279121,-0.544089,-0.653255,0.0921786,-0.725673
5236,43.4214,0.0893788,-0.694473,-0.713946,-0.647604,0.107251,-0.719056
5237,49.4817,0.223116,-0.51871,-0.825324,-0.637297,0.128309,-0.707574
5238,39.7171,-0.464271,0.267553,0.844315,-0.625239,0.147171,-0.694151
5239,33.6417,-0.267747,0.324023,0.90737,-0.611637,0.163515,-0.679015
5240,76.7975,-0.843627,-0.0908494,0.529188,-0.596721,0.177061,-0.662428
5241,70.8183,-0.669898,0.0305688,0.741824,-0.580748,0.187579,-0.644671
5242,81.5738,-0.551762,-0.193168,-0.811323,-0.563992,0.194885,-0.62605
5243,59.992,0.84472,0.063244,0.531459,-0.546738,0.198859,-0.606881
5244,61.7266,0.934917,-0.0585205,0.350008,-0.523129,0.198859,-0.581341
5245,43.9078,-0.578671,0.194001,-0.792151,-0.511923,0.196587,-0.568221
5246,26.7658,-0.718002,-0.0080512,0.695995,-0.494958,0.190381,-0.54939
5247,0.224629,-0.736058,0.434683,-0.518912,-0.478677,0.180919,-0.531325
5248,7.73874,-0.80946,0.081917,0.581432,-0.463359,0.168359,-0.514334
5249,-2.4545,-0.244093,-0.418369,0.874864,-0.444628,0.147171,-0.494072
5250,44.7299,-0.820975,0.564577,0.0851581,-0.436636,0.134865,-0.484714
5251,45.4475,-0.297394,0.827046,-0.477023,-0.422264,0.107251,-0.469166
5252,6.21883,0.752097,-0.057689,-0.656522,-0.413886,0.0843573,-0.459822
5253,4.10956,0.725445,-0.546758,-0.418073,-0.40956,0.0682786,-0.454758
5254,9.65441,0.290793,-0.956736,-0.00976232,-0.404653,0.0432113,-0.44935
5255,50.5755,-0.264572,0.951041,0.159756,-0.401974,0.017404,-0.44642
5256,64.4343,-0.735412,-0.0340994,0.676762,-0.40157,-0.00870199,-0.446017
5257,59.9319,-0.74465,-0.234727,0.62482,-0.404653,-0.0432113,-0.44935
5258,67.2754,-0.405205,-0.913011,-0.0471143,-0.40956,-0.0682786,-0.454758
5259,52.9198,-0.60006,-0.799753,0.0180102,-0.413886,-0.0843573,-0.459822
5260,63.5007,-0.177333,0.641034,0.746745,-0.422264,-0.107251,-0.469166
5261,51.7092,0.536836,0.746026,0.394021,-0.436636,-0.134865,-0.484714
5262,51.4683,-0.5232,0.219062,0.823574,-0.444628,-0.147171,-0.494072
5263,46.0421,0.153201,0.490731,0.857737,-0.463359,-0.168359,-0.514334
5264,50.3801,0.799122,0.0506209,-0.599034,-0.478677,-0.180919,-0.531325
5265,70.754,0.591189,0.320871,0.739957,-0.494958,-0.190381,-0.54939
5266,75.5883,0.846863,0.0368831,-0.53053,-0.511923,-0.196587,-0.568221
5267,34.4169,-0.748201,-0.065155,-0.660265,-0.523129,-0.198859,-0.581341
5268,36.2794,-0.559134,0.064742,-0.826545,-0.546738,-0.198859,-0.606881
5269,49.6315,0.197324,0.115648,-0.973493,-0.563992,-0.194885,-0.62605
5270,91.1356,-0.752919,0.00946924,0.658045,-0.580748,-0.187579,-0.644671
5271,91.5914,-0.933462,0.206429,0.293319,-0.596721,-0.177061,-0.662428
5272,84.7821,-0.710647,-0.0227154,0.703182,-0.611637,-0.163515,-0.679015
5273,44.2714,0.849319,-0.188075,-0.493238,-0.625239,-0.147171,-0.694151
5274,57.7896,0.661138,-0.711519,0.237986,-0.637297,-0.128309,-0.707574
5275,51.3044,0.697247,-0.716796,0.0071084,-0.647604,-0.107251,-0.719056
5276,57.5035,-0.437638,-0.505383,0.74368,-0.653255,-0.0921786,-0.725673
5277,50.9492,0.707017,-0.598177,-0.377241,-0.662289,-0.0600213,-0.735447
5278,44.6364,-0.34686,-0.773792,0.530032,-0.665215,-0.0432113,-0.738871
5279,69.6267,0.662003,-0.488616,-0.568337,-0.668297,-0.00870199,-0.742205
5280,56.4826,-0.00140103,-0.995512,-0.0946244,-0.724469,0.00870199,-0.687483
5281,50.1692,0.689417,0.0943153,-0.718199,-0.721135,0.0432113,-0.684401
5282,62.5717,-0.0443148,-0.912004,-0.407781,-0.717951,0.0600213,-0.681217
5283,62.5785,0.738491,0.224829,-0.635675,-0.708177,0.0921786,-0.672182
5284,49.7932,-0.0370619,-0.732171,-0.680112,-0.702024,0.107251,-0.666029
5285,50.069,0.760189,0.146806,-0.632899,-0.686476,0.134865,-0.651657
5286,27.6701,0.0427233,0.531462,0.846004,-0.677775,0.147171,-0.642955
5287,27.9507,-0.83771,-0.176796,0.516706,-0.657513,0.168359,-0.624225
5288,71.0872,-0.398025,0.158473,0.903583,-0.646855,0.177061,-0.613568
5289,71.4736,-0.971607,-0.226888,0.0670949,-0.623259,0.190381,-0.591756
5290,88.4464,-0.94172,-0.176368,-0.286457,-0.611372,0.194885,-0.579869
5291,59.6928,0.707355,0.0654505,0.703821,-0.592668,0.198859,-0.562114
5292,67.1019,0.940964,-0.0303296,-0.337144,-0.573745,0.199429,-0.544156
5293,38.3895,0.064724,0.124338,-0.990127,-0.548424,0.194885,-0.520749
5294,33.3973,-0.378323,-0.117343,0.918206,-0.536538,0.190381,-0.508862
5295,0.80949,-0.0084198,0.320415,-0.94724,-0.512942,0.177061,-0.487051
5296,-1.2928,0.510163,0.135041,-0.84941,-0.502284,0.168359,-0.476394
5297,2.69334,0.178002,-0.585741,0.79071,-0.487008,0.152921,-0.461922
5298,50.6082,-0.671359,0.714654,-0.196333,-0.47332,0.134865,-0.448962
5299,56.5295,-0.379535,0.830974,-0.406738,-0.461456,0.114501,-0.437736
5300,50.3924,-0.396824,0.891636,-0.217981,-0.45162,0.0921786,-0.428436
5301,4.50816,0.0933043,-0.927324,0.362442,-0.441846,0.0600213,-0.419401
5302,2.46427,-0.318544,-0.759604,0.567037,-0.438661,0.0432113,-0.416216
5303,59.3184,-0.649843,0.362572,0.668016,-0.435327,0.00870199,-0.413135
5304,57.6491,-0.584244,0.44992,0.675449,-0.435327,-0.00870199,-0.413135
5305,65.5946,-0.577732,0.362709,0.731209,-0.438661,-0.0432113,-0.416216
5306,73.0274,0.31192,-0.670946,-0.672708,-0.441846,-0.0600213,-0.419401
5307,58.7242,-0.118875,0.737943,0.664311,-0.45162,-0.0921786,-0.428436
5308,58.8269,-0.131274,0.632079,0.763704,-0.461456,-0.114501,-0.437736
5309,52.1265,0.269483,0.72063,0.638804,-0.47332,-0.134865,-0.448962
5310,52.7431,-0.194413,0.406508,0.892723,-0.487008,-0.152921,-0.461922
5311,45.6112,0.569975,0.554921,0.605963,-0.502284,-0.168359,-0.476394
5312,55.9998,0.907037,0.385493,0.169351,-0.512942,-0.177061,-0.487051
5313,89.1339,0.905281,0.296045,0.304669,-0.536538,-0.190381,-0.508862
5314,87.3327,0.976629,0.161878,0.141392,-0.548424,-0.194885,-0.520749
5315,35.2979,-0.995381,-0.0441738,0.0852402,-0.573745,-0.199429,-0.544156
5316,42.3279,-0.78684,0.065266,-0.613696,-0.592668,-0.198859,-0.562114
5317,41.882,0.259032,0.0920579,-0.961472,-0.604869,-0.196587,-0.574314
5318,96.4109,-0.958049,0.189373,0.215129,-0.623259,-0.190381,-0.591756
5319,90.8343,-0.477008,-0.118872,0.870823,-0.646855,-0.177061,-0.613568
5320,90.4127,-0.898561,0.438817,0.00527545,-0.657513,-0.168359,-0.624225
5321,49.8634,0.408663,0.258113,-0.875427,-0.677775,-0.147171,-0.642955
5322,69.7184,-0.0082882,-0.608059,0.793849,-0.686476,-0.134865,-0.651657
5323,57.4608,0.737941,-0.657672,-0.151365,-0.702024,-0.107251,-0.666029
5324,57.4747,-0.359009,-0.526562,0.770613,-0.708177,-0.0921786,-0.672182
5325,57.2442,0.672274,-0.606828,-0.424037,-0.717951,-0.0600213,-0.681217
5326,50.95,-0.32302,-0.755112,0.570494,-0.721135,-0.0432113,-0.684401
5327,69.6442,0.6102,-0.503748,-0.611469,-0.724469,-0.00870199,-0.687483
5328,56.3775,0.0564317,-0.982837,-0.175632,-0.776175,0.00870199,-0.628522
5329,56.5253,0.622507,0.0229184,-0.782279,-0.77261,0.0432113,-0.625712
5330,68.8256,-0.0566763,-0.90413,-0.423482,-0.769185,0.0600213,-0.622787
5331,68.8938,0.680174,0.196862,-0.706122,-0.758733,0.0921786,-0.614547
5332,56.1307,-0.131018,-0.752526,-0.645399,-0.752117,0.107251,-0.608896
5333,56.5435,0.62176,0.0038725,-0.783199,-0.735489,0.134865,-0.595788
5334,28.6418,-0.365683,0.236997,0.90006,-0.720827,0.152921,-0.583942
5335,34.4765,-0.669904,-0.0450034,0.741083,-0.704462,0.168359,-0.570713
5336,72.021,-0.766407,-0.103335,0.63399,-0.686673,0.180919,-0.556328
5337,78.0955,-0.878611,-0.138242,0.45709,-0.667767,0.190381,-0.541031
5338,83.2138,-0.745855,-0.195103,-0.636895,-0.648065,0.196587,-0.525086
5339,60.8562,0.476449,0.0601945,0.877139,-0.627904,0.199429,-0.508766
5340,68.6873,0.888383,-0.0271669,-0.458299,-0.60763,0.198859,-0.492348
5341,44.4156,0.23847,0.0819825,-0.967683,-0.587591,0.194885,-0.476115
5342,33.075,-0.58028,-0.0164365,0.814251,-0.574808,0.190381,-0.465198
5343,6.06037,-0.522929,0.427944,-0.737163,-0.555901,0.180919,-0.449902
5344,-0.577584,0.875108,-0.303496,-0.376929,-0.532247,0.163515,-0.431254
5345,4.04975,0.0844739,-0.52002,0.849967,-0.516444,0.147171,-0.418433
5346,50.9741,-0.792158,0.583495,0.178939,-0.507086,0.134865,-0.410441
5347,44.9225,0.0128114,0.671725,-0.74069,-0.490458,0.107251,-0.397333
5348,50.7982,-0.60713,0.780518,0.148943,-0.483842,0.0921786,-0.391682
5349,58.1871,-0.604286,-0.0520585,0.795065,-0.475657,0.0682786,-0.38509
5350,-3.35994,-0.637555,0.212455,0.740531,-0.468588,0.0346586,-0.379516
5351,71.2013,-0.514262,-0.489624,0.704132,-0.46686,0.017404,-0.378041
5352,58.0749,0.0788406,0.996872,0.00542261,-0.46686,-0.017404,-0.378041
5353,77.8585,-0.5059,-0.766515,0.395626,-0.468588,-0.0346586,-0.379516
5354,57.1848,0.64787,0.562579,-0.513585,-0.475657,-0.0682786,-0.38509
5355,64.5533,0.250252,0.886867,0.388382,-0.483842,-0.0921786,-0.391682
5356,64.1224,-0.487079,0.212571,0.847094,-0.490458,-0.107251,-0.397333
5357,57.9934,0.591321,0.74612,0.306015,-0.507086,-0.134865,-0.410441
5358,51.3616,-0.304641,0.283993,0.909143,-0.516444,-0.147171,-0.418433
5359,57.491,-0.146063,0.311939,0.938808,-0.532247,-0.163515,-0.431254
5360,88.2477,0.791173,0.123653,-0.598961,-0.555901,-0.180919,-0.449902
5361,95.6513,0.836283,0.31713,0.447279,-0.574808,-0.190381,-0.465198
5362,93.9209,0.914467,0.187185,0.358765,-0.587591,-0.194885,-0.476115
5363,39.9774,-0.98663,-0.0444821,0.156787,-0.60763,-0.198859,-0.492348
5364,53.9546,-0.30984,0.0545366,-0.949223,-0.627904,-0.199429,-0.508766
5365,90.0336,-0.925866,0.0998348,0.364424,-0.648065,-0.196587,-0.525086
5366,102.707,-0.941169,0.192667,0.277632,-0.667767,-0.190381,-0.541031
5367,102.391,-0.811541,0.141313,0.56695,-0.686673,-0.180919,-0.556328
5368,90.2344,-0.896787,0.371374,0.240529,-0.704462,-0.168359,-0.570713
5369,55.1,0.701149,-0.0996307,-0.70602,-0.720827,-0.152921,-0.583942
5370,75.8289,0.191676,-0.675083,0.712406,-0.735489,-0.134865,-0.595788
5371,63.6361,0.743551,-0.599035,-0.297134,-0.752117,-0.107251,-0.608896
5372,57.4679,-0.293035,-0.531527,0.794739,-0.758733,-0.0921786,-0.614547
5373,63.5277,0.636872,-0.607078,-0.475237,-0.769185,-0.0600213,-0.622787
5374,50.8929,-0.244077,-0.789565,0.56304,-0.77261,-0.0432113,-0.625712
5375,76.0328,0.528999,-0.591582,-0.608433,-0.776175,-0.00870199,-0.628522
5376,56.7403,0.535065,-0.190053,-0.823155,-0.822609,0.017404,-0.565389
5377,62.1745,0.215327,-0.771781,-0.598321,-0.820772,0.0346586,-0.564054
5378,68.5926,0.0534995,-0.814625,-0.577515,-0.815677,0.0600213,-0.560518
5379,75.1121,0.636688,0.253154,-0.728383,-0.804611,0.0921786,-0.553123
5380,55.7935,0.0603222,-0.592956,-0.802972,-0.797571,0.107251,-0.548008
5381,61.4146,0.481297,-0.0957695,-0.87131,-0.784869,0.128309,-0.53925
5382,55.399,0.275034,-0.251722,-0.927897,-0.770011,0.147171,-0.529012
5383,28.1195,-0.655534,-0.0857453,0.750281,-0.747068,0.168359,-0.513682
5384,34.505,-0.593947,-0.0232385,0.804168,-0.728205,0.180919,-0.500736
5385,71.3925,-0.959493,-0.24462,0.139765,-0.708157,0.190381,-0.486971
5386,83.6715,-0.212756,0.0725495,0.974408,-0.694557,0.194885,-0.47709
5387,82.4501,-0.177424,-0.045527,-0.983081,-0.665886,0.199429,-0.457932
5388,66.0342,0.841497,-0.0654747,0.53628,-0.651806,0.199429,-0.447703
5389,68.1644,0.986493,-0.158881,-0.0398513,-0.623135,0.194885,-0.428546
5390,33.5237,-0.960687,0.276347,-0.0267004,-0.602494,0.187579,-0.41435
5391,0.187964,-0.821457,0.437457,-0.365841,-0.589486,0.180919,-0.404899
5392,10.4138,0.852412,-0.320441,-0.413173,-0.570624,0.168359,-0.391954
5393,-1.96877,0.764687,-0.273482,-0.583491,-0.553272,0.152921,-0.38005
5394,56.9623,-0.71736,0.696269,-0.024579,-0.537726,0.134865,-0.36939
5395,51.3357,-0.138422,0.729629,-0.669687,-0.520121,0.107251,-0.357628
5396,45.1126,-0.0955406,0.811378,-0.57666,-0.509792,0.0843573,-0.350498
5397,43.1163,0.257306,0.604328,-0.754043,-0.504404,0.0682786,-0.346583
5398,66.7493,-0.283055,-0.686888,0.669377,-0.49692,0.0346586,-0.341581
5399,65.1671,-0.364479,-0.68886,0.6266,-0.495082,0.017404,-0.340246
5400,62.7992,0.55352,-0.0325814,-0.832199,-0.495082,-0.017404,-0.340246
5401,61.2018,0.546485,-0.0506013,-0.835939,-0.49692,-0.0346586,-0.341581
5402,62.8135,0.550582,-0.0173519,-0.8346,-0.504404,-0.0682786,-0.346583
5403,70.2275,-0.345511,0.382929,0.856731,-0.509792,-0.0843573,-0.350498
5404,57.728,-0.351265,0.30044,0.886763,-0.520121,-0.107251,-0.357628
5405,57.9737,0.622866,0.744125,0.241487,-0.537726,-0.134865,-0.36939
5406,57.8212,-0.369687,0.175132,0.912502,-0.547682,-0.147171,-0.376624
5407,86.8693,-0.360226,-0.494199,-0.791204,-0.570624,-0.168359,-0.391954
5408,94.0387,0.388743,-0.0918594,-0.916756,-0.589486,-0.180919,-0.404899
5409,107.655,0.0752698,0.205391,0.975781,-0.602494,-0.187579,-0.41435
5410,40.5343,-0.933427,-0.188281,-0.305393,-0.623135,-0.194885,-0.428546
5411,48.8454,-0.736845,-0.0647472,-0.672954,-0.651806,-0.199429,-0.447703
5412,84.2974,-0.993166,0.0578927,-0.101342,-0.665886,-0.199429,-0.457932
5413,90.9539,-0.425387,-0.0296251,0.904527,-0.694557,-0.194885,-0.47709
5414,96.7893,-0.962288,0.27203,-0.00130122,-0.708157,-0.190381,-0.486971
5415,90.2452,-0.913871,0.300033,0.273534,-0.728205,-0.180919,-0.500736
5416,55.6559,0.871974,-0.362626,-0.328883,-0.747068,-0.168359,-0.513682
5417,70.7499,0.588114,-0.658255,0.469918,-0.770011,-0.147171,-0.529012
5418,77.2938,0.342024,-0.712817,0.612299,-0.784869,-0.128309,-0.53925
5419,70.1944,0.669251,-0.733228,-0.120333,-0.797571,-0.107251,-0.548008
5420,51.2601,-0.276217,-0.475601,0.83517,-0.804611,-0.0921786,-0.553123
5421,70.0156,0.554456,-0.742106,-0.376639,-0.815677,-0.0600213,-0.560518
5422,51.5677,0.303675,-0.945662,-0.116211,-0.820772,-0.0346586,-0.564054
5423,81.96,-0.101972,-0.958691,0.265543,-0.822609,-0.017404,-0.565389
5424,63.1007,0.455933,-0.265029,-0.849638,-0.864434,0.017404,-0.499105
5425,57.0261,0.355824,-0.45066,-0.818715,-0.860981,0.0432113,-0.497146
5426,75.2903,-0.219462,-0.940125,-0.26077,-0.857141,0.0600213,-0.494792
5427,75.4562,0.465472,-0.0519336,-0.883537,-0.845528,0.0921786,-0.488289
5428,50.3153,0.463873,-0.0414368,-0.884932,-0.833792,0.114501,-0.481543
5429,50.1079,0.572793,0.118034,-0.811157,-0.819635,0.134865,-0.473397
5430,55.9758,-0.263451,-0.54348,-0.797009,-0.809143,0.147171,-0.466967
5431,27.5202,-0.852731,-0.380568,0.357795,-0.785068,0.168359,-0.453484
5432,33.4427,-0.126465,0.18077,0.975361,-0.772217,0.177061,-0.445609
5433,34.0427,-0.832081,-0.158366,0.531565,-0.744181,0.190381,-0.429908
5434,89.9548,-0.135503,0.0725825,0.988115,-0.729848,0.194885,-0.421124
5435,88.8006,-0.318427,-0.0485938,-0.946701,-0.699761,0.199429,-0.404276
5436,66.9474,0.445506,-0.0541699,0.893638,-0.67717,0.198859,-0.391232
5437,74.4112,0.983311,-0.162912,-0.0809822,-0.654837,0.194885,-0.378334
5438,68.2942,0.93755,-0.235337,-0.256157,-0.633146,0.187579,-0.365802
5439,68.5289,0.839853,-0.24483,-0.484465,-0.612468,0.177061,-0.35385
5440,-7.19819,0.87278,-0.440574,-0.21012,-0.593157,0.163515,-0.342683
5441,-7.59791,0.328837,0.148143,-0.932695,-0.581385,0.152921,-0.335469
5442,51.2204,-0.187074,0.613936,-0.766867,-0.559927,0.128309,-0.323452
5443,56.9684,-0.635998,0.766656,0.0880069,-0.550894,0.114501,-0.317917
5444,51.4105,-0.14941,0.816922,-0.55706,-0.53572,0.0843573,-0.30942
5445,37.6771,0.494692,-0.020884,-0.868817,-0.527544,0.0600213,-0.304667
5446,44.8583,0.182207,0.753421,-0.631789,-0.522188,0.0346586,-0.301541
5447,67.3634,0.490824,-0.181885,-0.852062,-0.520252,0.017404,-0.300354
5448,69.0722,0.485724,-0.0427602,-0.873066,-0.520252,-0.017404,-0.300354
5449,67.2751,0.428056,-0.253511,-0.867467,-0.522188,-0.0346586,-0.301541
5450,74.5622,0.548895,0.643729,-0.533223,-0.527544,-0.0600213,-0.304667
5451,57.8234,-0.363672,0.246769,0.898247,-0.53572,-0.0843573,-0.30942
5452,52.1191,0.328907,0.798604,0.504035,-0.550894,-0.114501,-0.317917
5453,70.1493,-0.145293,0.367562,0.918579,-0.559927,-0.128309,-0.323452
5454,52.2099,0.432195,0.614062,0.660405,-0.581385,-0.152921,-0.335469
5455,98.296,-0.0338548,-0.328205,-0.944,-0.593157,-0.163515,-0.342683
5456,40.1978,-0.921305,-0.36335,0.138471,-0.612468,-0.177061,-0.35385
5457,40.4312,-0.947284,-0.299587,-0.113582,-0.633146,-0.187579,-0.365802
5458,46.8123,-0.955771,-0.188007,-0.226175,-0.654837,-0.194885,-0.378334
5459,54.0842,-0.335781,-0.0493941,-0.940644,-0.67717,-0.198859,-0.391232
5460,84.2138,-0.996652,0.0551365,0.0603687,-0.699761,-0.199429,-0.404276
5461,90.8188,-0.226064,-0.0553381,0.972539,-0.729848,-0.194885,-0.421124
5462,84.5216,-0.925064,0.310462,-0.21879,-0.744181,-0.190381,-0.429908
5463,50.3727,0.569571,-0.0473755,-0.820575,-0.772217,-0.177061,-0.445609
5464,50.1059,0.78134,-0.551358,0.292424,-0.785068,-0.168359,-0.453484
5465,76.4148,0.814764,-0.560872,-0.146911,-0.809143,-0.147171,-0.466967
5466,69.6928,0.196066,-0.619202,0.760359,-0.819635,-0.134865,-0.473397
5467,81.8594,0.377866,-0.815135,0.439058,-0.833792,-0.114501,-0.481543
5468,50.8824,0.0210886,-0.722537,0.69101,-0.845528,-0.0921786,-0.488289
5469,69.5315,0.56022,-0.383047,-0.734458,-0.857141,-0.0600213,-0.494792
5470,63.027,0.0682119,-0.960721,0.269003,-0.860981,-0.0432113,-0.497146
5471,81.9176,-0.0601777,-0.969559,0.237349,-0.864434,-0.017404,-0.499105
5472,74.7017,0.224029,-0.763781,-0.605351,-0.901455,0.00870199,-0.429962
5473,68.2479,0.207777,-0.628789,-0.749301,-0.898904,0.0346586,-0.428712
5474,80.9788,0.0543238,-0.714995,-0.697016,-0.893319,0.0600213,-0.426017
5475,80.4701,0.259744,-0.300887,-0.917606,-0.884795,0.0843573,-0.421921
5476,61.121,0.494432,0.133991,-0.858827,-0.873479,0.107251,-0.416494
5477,55.0497,0.390711,-0.034558,-0.919864,-0.859563,0.128309,-0.40983
5478,61.6121,0.181518,-0.208456,-0.96104,-0.843286,0.147171,-0.402043
5479,32.7917,-0.578235,-0.125455,0.806167,-0.824927,0.163515,-0.393266
5480,39.3167,-0.409174,0.00514331,0.912442,-0.804799,0.177061,-0.383649
5481,39.0328,-0.635975,-0.0871412,0.766774,-0.783247,0.187579,-0.373356
5482,82.9268,-0.708214,-0.0694759,0.702571,-0.760639,0.194885,-0.362564
5483,99.947,-0.491496,-0.0531792,-0.869254,-0.737363,0.198859,-0.351457
5484,87.4461,-0.5473,0.0555704,-0.83509,-0.713817,0.199429,-0.340226
5485,71.3682,0.199795,-0.117199,0.972803,-0.690405,0.196587,-0.329062
5486,79.2111,0.940764,-0.259082,-0.218723,-0.667524,0.190381,-0.318158
5487,66.7956,0.871423,-0.312469,-0.378134,-0.645568,0.180919,-0.307699
5488,73.1647,0.80512,-0.356152,-0.474275,-0.624914,0.168359,-0.297863
5489,-8.23609,0.656796,-0.263909,-0.706379,-0.605913,0.152921,-0.28882
5490,-0.780587,-0.112012,0.520523,-0.846468,-0.588891,0.134865,-0.280724
5491,56.6052,-0.518498,0.83117,-0.20079,-0.574139,0.114501,-0.273714
5492,56.2286,-0.240182,0.846423,-0.475269,-0.56191,0.0921786,-0.26791
5493,56.3561,-0.200258,0.927131,-0.31674,-0.552412,0.0682786,-0.26341
5494,42.298,0.436988,-0.118508,-0.891626,-0.545809,0.0432113,-0.260292
5495,67.6965,0.122179,-0.986312,-0.110733,-0.541686,0.00870199,-0.258392
5496,81.2731,0.21977,0.916854,-0.333286,-0.541686,-0.00870199,-0.258392
5497,53.985,-0.44739,-0.535784,0.716085,-0.545809,-0.0432113,-0.260292
5498,58.2781,-0.462266,-0.161451,0.871919,-0.549822,-0.0600213,-0.262337
5499,59.0723,-0.10869,0.519679,0.84742,-0.56191,-0.0921786,-0.26791
5500,52.4646,0.161843,0.672824,0.721882,-0.574139,-0.114501,-0.273714
5501,71.6521,-0.00429084,0.427485,0.904012,-0.588891,-0.134865,-0.280724
5502,58.8166,0.254552,0.505704,0.824298,-0.605913,-0.152921,-0.28882
5503,35.685,-0.861517,-0.50213,0.0751937,-0.624914,-0.168359,-0.297863
5504,35.7444,-0.911878,-0.410384,-0.00795736,-0.645568,-0.180919,-0.307699
5505,35.8067,-0.94815,-0.305114,-0.0889747,-0.667524,-0.190381,-0.318158
5506,49.7148,-0.109299,-0.102166,-0.988745,-0.690405,-0.196587,-0.329062
5507,79.3831,-0.955182,-0.0489113,0.291952,-0.713817,-0.199429,-0.340226
5508,85.7315,-0.972049,0.0516425,0.229027,-0.737363,-0.198859,-0.351457
5509,97.4878,-0.504123,0.0191761,0.863419,-0.760639,-0.194885,-0.362564
5510,91.164,-0.816298,0.32017,-0.48078,-0.775618,-0.190381,-0.370196
5511,56.5549,0.423722,-0.00275274,-0.905788,-0.804799,-0.177061,-0.383649
5512,50.1834,0.774692,-0.555162,0.302733,-0.818228,-0.168359,-0.390492
5513,83.08,0.744174,-0.649888,0.154436,-0.843286,-0.147171,-0.402043
5514,77.1186,0.529444,-0.743686,0.408191,-0.859563,-0.128309,-0.40983
5515,83.6326,0.31278,-0.772226,0.553025,-0.873479,-0.107251,-0.416494
5516,52.1486,0.253352,-0.853601,0.455168,-0.884795,-0.0843573,-0.421921
5517,69.8044,0.50859,-0.602373,-0.61521,-0.893319,-0.0600213,-0.426017
5518,69.6679,-0.0726186,-0.830709,0.551951,-0.897333,-0.0432113,-0.428062
5519,76.2921,0.308493,-0.777847,-0.547527,-0.901455,-0.00870199,-0.429962
5520,62.9676,0.334644,-0.135065,-0.932615,-0.931869,0.017404,-0.357733
5521,75.0243,-0.0408143,-0.910299,-0.411935,-0.92977,0.0346586,-0.356864
5522,80.9821,-0.00209766,-0.71701,-0.69706,-0.923991,0.0600213,-0.354615
5523,56.2755,0.445155,0.242031,-0.862124,-0.911503,0.0921786,-0.350008
5524,49.7926,0.545415,0.378803,-0.747684,-0.898856,0.114501,-0.345181
5525,61.9537,-0.110382,-0.465122,-0.878338,-0.889068,0.128309,-0.341126
5526,56.2683,0.527711,0.182517,-0.829584,-0.865995,0.152921,-0.332614
5527,34.3406,-0.50586,-0.119632,0.854279,-0.846343,0.168359,-0.32509
5528,40.4751,-0.62399,-0.158211,0.765249,-0.82498,0.180919,-0.316905
5529,40.6381,-0.517767,-0.0647111,0.853071,-0.802272,0.190381,-0.3082
5530,84.1722,-0.832805,-0.118279,0.540782,-0.778607,0.196587,-0.299124
5531,82.6745,-0.595242,-0.0548633,-0.801672,-0.75439,0.199429,-0.289832
5532,88.908,-0.554746,0.0530203,-0.830329,-0.730035,0.198859,-0.280482
5533,72.7934,0.173099,-0.0998449,0.97983,-0.70596,0.194885,-0.271237
5534,80.6932,0.932245,-0.268566,-0.242469,-0.682575,0.187579,-0.262252
5535,61.9836,0.859961,-0.332016,-0.387598,-0.660282,0.177061,-0.253682
5536,74.6564,0.782091,-0.375567,-0.497276,-0.639462,0.163515,-0.245674
5537,-13.3631,0.746192,-0.471682,-0.469802,-0.620471,0.147171,-0.238364
5538,0.792519,-0.197337,0.535593,-0.821096,-0.603633,0.128309,-0.231879
5539,51.6437,-0.4451,0.816296,-0.368166,-0.589237,0.107251,-0.226327
5540,51.622,-0.331646,0.876467,-0.349022,-0.577529,0.0843573,-0.221805
5541,57.9684,-0.245833,0.936236,-0.251054,-0.56871,0.0600213,-0.21839
5542,43.7618,0.377779,-0.214478,-0.900712,-0.562931,0.0346586,-0.216141
5543,53.5647,-0.332199,-0.156672,0.930106,-0.56029,0.00870199,-0.215095
5544,51.8794,-0.348548,-0.0455416,0.936184,-0.56029,-0.00870199,-0.215095
5545,65.4216,-0.335708,-0.839152,0.42793,-0.562931,-0.0346586,-0.216141
5546,57.8575,-0.261061,0.233697,0.936607,-0.56871,-0.0600213,-0.21839
5547,70.0052,-0.0173931,0.552253,0.833495,-0.577529,-0.0843573,-0.221805
5548,63.7224,0.0450015,0.508871,0.859665,-0.589237,-0.107251,-0.226327
5549,76.2711,0.11407,0.468213,0.876222,-0.603633,-0.128309,-0.231879
5550,70.0947,0.0826137,0.351296,0.932613,-0.620471,-0.147171,-0.238364
5551,46.7178,-0.852409,-0.517559,0.0743683,-0.639462,-0.163515,-0.245674
5552,46.7944,-0.90551,-0.42359,-0.0249499,-0.660282,-0.177061,-0.253682
5553,40.5415,-0.947679,-0.310636,-0.0735515,-0.682575,-0.187579,-0.262252
5554,60.7679,-0.0931699,-0.085752,-0.991951,-0.70596,-0.194885,-0.271237
5555,90.348,-0.932418,-0.0492811,0.358006,-0.730035,-0.198859,-0.280482
5556,77.9134,-0.971105,0.0545173,0.232343,-0.75439,-0.199429,-0.289832
5557,84.1781,-0.953335,0.160427,0.255766,-0.778607,-0.196587,-0.299124
5558,84.5406,-0.945794,0.312009,-0.090136,-0.802272,-0.190381,-0.3082
5559,68.1747,0.791799,-0.273334,-0.546207,-0.82498,-0.180919,-0.316905
5560,49.6914,0.846719,-0.476347,-0.236982,-0.846343,-0.168359,-0.32509
5561,94.6137,0.517417,-0.608707,0.601461,-0.865995,-0.152921,-0.332614
5562,76.4367,0.70842,-0.64804,-0.279615,-0.889068,-0.128309,-0.341126
5563,76.0557,0.187889,-0.64707,0.738916,-0.898856,-0.114501,-0.345181
5564,88.4545,0.19433,-0.784055,0.589486,-0.911503,-0.0921786,-0.350008
5565,51.7126,0.341786,-0.939762,-0.00537172,-0.923991,-0.0600213,-0.354615
5566,64.2225,0.241911,-0.964948,-0.101757,-0.92977,-0.0346586,-0.356864
5567,82.0134,-0.0557096,-0.942514,0.329491,-0.931869,-0.017404,-0.357733
5568,74.5609,0.160153,-0.666155,-0.728415,-0.957618,0.00870199,-0.28365
5569,75.4831,0.254553,-0.0831397,-0.963478,-0.953249,0.0432113,-0.282418
5570,81.3115,-0.185515,-0.878539,-0.440174,-0.948965,0.0600213,-0.281026
5571,67.4935,0.29977,0.06107,-0.952055,-0.939905,0.0843573,-0.278313
5572,61.0408,0.391627,0.199328,-0.898274,-0.927879,0.107251,-0.274724
5573,67.5792,0.265689,-0.00680011,-0.964035,-0.913091,0.128309,-0.27032
5574,60.9528,0.495886,0.218637,-0.840414,-0.895797,0.147171,-0.265174
5575,54.8447,0.399771,0.091751,-0.912011,-0.876291,0.163515,-0.259376
5576,39.146,-0.404771,-0.0701474,0.911723,-0.854906,0.177061,-0.253026
5577,39.692,-0.942533,-0.293398,0.159843,-0.82398,0.190381,-0.244304
5578,39.4597,-0.126156,0.0294075,0.991574,-0.807992,0.194885,-0.23911
5579,82.5984,-0.822366,-0.0418401,0.567418,-0.783265,0.198859,-0.231781
5580,81.0633,-0.594409,0.0518416,-0.80249,-0.758253,0.199429,-0.224372
5581,87.2578,-0.509589,0.143485,-0.84837,-0.733381,0.196587,-0.217009
5582,77.4276,0.125027,-0.131524,0.983397,-0.709077,0.190381,-0.209817
5583,85.3411,0.890411,-0.392014,-0.231288,-0.685755,0.180919,-0.202921
5584,66.6244,0.809296,-0.452941,-0.374011,-0.663817,0.168359,-0.196438
5585,72.9615,0.734304,-0.514837,-0.442426,-0.643635,0.152921,-0.190479
5586,-8.76062,0.671154,-0.60402,-0.429782,-0.625555,0.134865,-0.185145
5587,-0.863801,-0.127973,0.526284,-0.840624,-0.609889,0.114501,-0.180529
5588,62.61,-0.34903,0.871446,-0.344615,-0.596901,0.0921786,-0.176709
5589,50.0996,-0.255995,0.931977,-0.256683,-0.586818,0.0682786,-0.173751
5590,62.8678,-0.195235,0.980422,-0.0256165,-0.579808,0.0432113,-0.171705
5591,67.8075,0.131401,-0.963484,-0.233306,-0.575439,0.00870199,-0.170473
5592,66.0222,-0.0489056,-0.996542,-0.067176,-0.575439,-0.00870199,-0.170473
5593,52.7568,-0.102428,0.593817,0.798054,-0.579808,-0.0432113,-0.171705
5594,59.1759,-0.0842606,0.465947,0.880791,-0.586818,-0.0682786,-0.173751
5595,59.1419,-0.00983526,0.467594,0.883889,-0.596901,-0.0921786,-0.176709
5596,71.6811,0.0631177,0.452644,0.889455,-0.609889,-0.114501,-0.180529
5597,65.5222,0.0323295,0.327952,0.944141,-0.625555,-0.134865,-0.185145
5598,42.1811,-0.766259,-0.642183,0.0211592,-0.643635,-0.152921,-0.190479
5599,42.2348,-0.835327,-0.547195,-0.0529731,-0.663817,-0.168359,-0.196438
5600,35.9857,-0.892868,-0.438119,-0.104104,-0.685755,-0.180919,-0.202921
5601,56.2273,-0.0303548,-0.101587,-0.994363,-0.709077,-0.190381,-0.209817
5602,85.7749,-0.926322,-0.159034,0.341519,-0.733381,-0.196587,-0.217009
5603,72.8691,-0.774191,-0.0376471,0.631832,-0.758253,-0.199429,-0.224372
5604,78.6484,-0.909966,0.0647811,-0.409591,-0.774804,-0.199429,-0.22975
5605,79.0931,-0.726931,0.102583,0.679005,-0.807992,-0.194885,-0.23911
5606,69.121,0.898787,-0.321329,0.298211,-0.82398,-0.190381,-0.244304
5607,63.437,0.714214,-0.251786,-0.653071,-0.854906,-0.177061,-0.253026
5608,89.9739,0.609071,-0.503287,0.612971,-0.876291,-0.163515,-0.259376
5609,96.386,0.464164,-0.556251,0.689301,-0.895797,-0.147171,-0.265174
5610,83.3531,0.603763,-0.748271,0.274883,-0.913091,-0.128309,-0.27032
5611,77.4487,0.348822,-0.737841,0.577853,-0.927879,-0.107251,-0.274724
5612,89.8753,0.310632,-0.84568,0.433974,-0.939905,-0.0843573,-0.278313
5613,57.6347,0.400055,-0.837886,-0.371353,-0.948965,-0.0600213,-0.281026
5614,57.1755,-0.00977357,-0.789958,0.613083,-0.953249,-0.0432113,-0.282418
5615,88.0153,0.0483145,-0.996453,0.068906,-0.957063,-0.017404,-0.283516
5616,68.8884,-0.0181,-0.971755,-0.235296,-0.976921,0.00870199,-0.207642
5617,86.7942,0.107064,-0.375381,-0.920666,-0.974149,0.0346586,-0.207022
5618,67.864,0.0906786,-0.286361,-0.953821,-0.968089,0.0600213,-0.205705
5619,56.1908,0.334561,0.314189,-0.888456,-0.955035,0.0921786,-0.203108
5620,62.5398,0.343651,0.239461,-0.908054,-0.941788,0.114501,-0.200319
5621,62.119,0.570324,0.491896,-0.657851,-0.925807,0.134865,-0.196946
5622,55.2034,0.0477619,-0.128489,-0.99056,-0.913841,0.147171,-0.194073
5623,61.0607,0.378087,0.12835,-0.91683,-0.893939,0.163515,-0.189824
5624,39.1633,-0.317421,-0.0625388,0.94622,-0.872123,0.177061,-0.185172
5625,39.4983,-0.948728,-0.313269,0.0421681,-0.840607,0.190381,-0.178903
5626,39.3147,-0.189044,0.00122108,0.981968,-0.824261,0.194885,-0.174978
5627,88.7454,-0.853445,-0.0482921,0.518941,-0.799036,0.198859,-0.169613
5628,87.1911,-0.531206,0.0450262,-0.846045,-0.773519,0.199429,-0.164189
5629,93.3597,-0.421665,0.117246,-0.89914,-0.748146,0.196587,-0.158799
5630,77.2891,0.0718762,-0.0897728,0.993365,-0.723353,0.190381,-0.153537
5631,85.211,0.892717,-0.415353,-0.174755,-0.699563,0.180919,-0.148491
5632,72.7678,0.81357,-0.493418,-0.307639,-0.677183,0.168359,-0.14375
5633,79.1229,0.729643,-0.561077,-0.390914,-0.656595,0.152921,-0.139393
5634,-2.56541,0.652952,-0.641082,-0.403322,-0.638153,0.134865,-0.135494
5635,-0.96036,-0.140125,0.461718,-0.875889,-0.622173,0.114501,-0.132121
5636,49.9478,-0.345234,0.84717,-0.403877,-0.608926,0.0921786,-0.129332
5637,56.4209,-0.284704,0.937673,-0.199279,-0.598641,0.0682786,-0.127174
5638,62.86,-0.195133,0.980613,-0.017944,-0.591492,0.0432113,-0.125683
5639,79.3986,0.189384,-0.653839,-0.732549,-0.587603,0.017404,-0.124887
5640,66.9875,-0.15751,-0.847181,0.50742,-0.587603,-0.017404,-0.124887
5641,59.0844,-0.0515097,0.558525,0.827887,-0.591492,-0.0432113,-0.125683
5642,52.9147,-0.0229536,0.447663,0.893908,-0.598641,-0.0682786,-0.127174
5643,59.2212,0.021924,0.405507,0.913829,-0.608926,-0.0921786,-0.129332
5644,78.0566,0.0803127,0.386409,0.918824,-0.622173,-0.114501,-0.132121
5645,65.5996,0.054438,0.27467,0.959996,-0.638153,-0.134865,-0.135494
5646,48.5787,-0.754801,-0.655165,-0.0321567,-0.656595,-0.152921,-0.139393
5647,42.3796,-0.821123,-0.55556,-0.130802,-0.677183,-0.168359,-0.14375
5648,42.4161,-0.878577,-0.442614,-0.179429,-0.699563,-0.180919,-0.148491
5649,62.6792,0.0516535,-0.0488918,-0.997468,-0.723353,-0.190381,-0.153537
5650,86.0282,-0.968078,-0.182334,0.171988,-0.748146,-0.196587,-0.158799
5651,73.3501,-0.958915,-0.0581706,0.277666,-0.773519,-0.199429,-0.164189
5652,79.8639,-0.996691,0.0635077,0.0507296,-0.799036,-0.198859,-0.169613
5653,85.4485,-0.721336,0.114313,0.683086,-0.824261,-0.194885,-0.174978
5654,75.6445,0.837028,-0.30878,0.451707,-0.840607,-0.190381,-0.178903
5655,69.6551,0.619554,-0.227585,-0.751238,-0.872123,-0.177061,-0.185172
5656,96.2955,0.634786,-0.493822,0.594295,-0.893939,-0.163515,-0.189824
5657,89.5679,0.73045,-0.659248,0.178421,-0.913841,-0.147171,-0.194073
5658,95.0504,0.293141,-0.508401,0.809689,-0.925807,-0.134865,-0.196946
5659,88.4655,0.37455,-0.720633,0.583439,-0.941788,-0.114501,-0.200319
5660,82.2913,0.236437,-0.726237,0.645505,-0.955035,-0.0921786,-0.203108
5661,89.5474,0.312709,-0.946923,0.0744915,-0.968089,-0.0600213,-0.205705
5662,52.2392,0.0993865,-0.90229,0.419518,-0.974149,-0.0346586,-0.207022
5663,89.0692,0.144952,-0.891385,-0.429443,-0.976921,-0.00870199,-0.207642
5664,81.6705,0.118247,0.0108646,-0.992925,-0.989632,0.017404,-0.130308
5665,61.864,-0.0112106,-0.54999,-0.835096,-0.987389,0.0346586,-0.129953
5666,62.298,0.263497,0.481844,-0.835701,-0.978449,0.0682786,-0.128895
5667,55.0687,0.0850091,-0.0658171,-0.994204,-0.971871,0.0843573,-0.127853
5668,60.9965,0.26849,0.234906,-0.934202,-0.959431,0.107251,-0.126189
5669,60.9784,0.310725,0.228391,-0.922653,-0.944138,0.128309,-0.124151
5670,61.1382,0.22946,0.100107,-0.968156,-0.926251,0.147171,-0.121776
5671,61.8179,0.762906,0.471881,-0.441932,-0.898849,0.168359,-0.118533
5672,39.334,-0.09183,0.0127495,0.995693,-0.883963,0.177061,-0.116175
5673,51.225,-0.661624,-0.194256,0.724236,-0.860284,0.187579,-0.113045
5674,32.6569,-0.460295,-0.0702893,0.884979,-0.835449,0.194885,-0.109768
5675,95.0132,-0.818938,-0.0489643,0.571789,-0.80988,0.198859,-0.106399
5676,88.3257,-0.24017,0.0231393,-0.970455,-0.775341,0.198859,-0.102311
5677,94.7321,-0.349492,0.0909157,-0.932518,-0.749773,0.194885,-0.0989399
5678,72.398,0.0161833,-0.0453309,0.998841,-0.724937,0.187579,-0.0956619
5679,86.5925,0.896182,-0.433902,-0.092665,-0.701259,0.177061,-0.0925333
5680,67.8492,0.822706,-0.530219,-0.204996,-0.679145,0.163515,-0.0896066
5681,80.625,0.70766,-0.574227,-0.411681,-0.658971,0.147171,-0.0869326
5682,-1.04827,0.625775,-0.651765,-0.428494,-0.641085,0.128309,-0.0845559
5683,0.415327,-0.114969,0.335563,-0.934976,-0.625791,0.107251,-0.0825186
5684,51.1087,-0.249604,0.669865,-0.69927,-0.613351,0.0843573,-0.0808546
5685,63.2252,-0.339847,0.879206,0.333917,-0.606773,0.0682786,-0.0798126
5686,57.342,-0.0555227,0.699042,-0.712921,-0.597834,0.0346586,-0.0787546
5687,86.5089,0.109477,0.112016,-0.987657,-0.59559,0.017404,-0.0783993
5688,72.3352,-0.122252,-0.0783366,0.989403,-0.59559,-0.017404,-0.0783993
5689,70.5299,-0.0876381,0.144859,0.985564,-0.597834,-0.0346586,-0.0787546
5690,64.0829,-0.0156009,0.286266,0.958023,-0.603979,-0.0600213,-0.0795926
5691,57.7335,0.048511,0.323216,0.945081,-0.613351,-0.0843573,-0.0808546
5692,89.1689,0.0757213,0.281016,0.956711,-0.625791,-0.107251,-0.0825186
5693,70.3012,0.119751,0.264084,0.957037,-0.641085,-0.128309,-0.0845559
5694,53.2913,-0.753773,-0.657131,-0.00247899,-0.658971,-0.147171,-0.0869326
5695,53.518,-0.800217,-0.55015,-0.238719,-0.679145,-0.163515,-0.0896066
5696,47.2589,-0.85771,-0.436207,-0.272133,-0.701259,-0.177061,-0.0925333
5697,67.5167,0.126607,0.00310861,-0.991948,-0.724937,-0.187579,-0.0956619
5698,97.1781,-0.979662,-0.19234,0.0571564,-0.749773,-0.194885,-0.0989399
5699,78.4628,-0.994671,-0.0654432,-0.0796657,-0.775341,-0.198859,-0.102311
5700,73.2638,-0.900468,0.0553612,0.431384,-0.80988,-0.198859,-0.106399
5701,92.2274,-0.928249,0.175844,0.327769,-0.835449,-0.194885,-0.109768
5702,76.6537,0.930395,-0.305757,-0.202183,-0.860284,-0.187579,-0.113045
5703,75.7183,0.39175,-0.139248,-0.909473,-0.883963,-0.177061,-0.116175
5704,108.051,0.13247,-0.164784,0.977393,-0.898849,-0.168359,-0.118533
5705,96.1688,0.660797,-0.619557,0.423671,-0.926251,-0.147171,-0.121776
5706,83.7843,0.504347,-0.648152,0.570555,-0.944138,-0.128309,-0.124151
5707,77.4753,0.425279,-0.727323,0.538645,-0.959431,-0.107251,-0.126189
5708,83.4848,0.400023,-0.872869,0.27943,-0.971871,-0.0843573,-0.127853
5709,95.1438,0.103445,-0.58224,0.806409,-0.978449,-0.0682786,-0.128895
5710,89.2965,0.215879,-0.952966,-0.212724,-0.987389,-0.0346586,-0.129953
5711,57.5824,-0.0680936,-0.508303,0.858482,-0.989632,-0.017404,-0.130308
5712,86.8947,0.00326545,-0.47688,-0.878962,-0.997376,0.00870199,-0.0522613
5713,56.0038,0.134527,0.508395,-0.850551,-0.992839,0.0432113,-0.0520826
5714,74.2328,-0.0866076,-0.362447,-0.927972,-0.988349,0.0600213,-0.0517293
5715,56.0835,0.233226,0.402388,-0.885263,-0.975049,0.0921786,-0.0512066
5716,62.4474,0.244448,0.311909,-0.918127,-0.961529,0.114501,-0.050524
5717,62.5651,0.211486,0.198289,-0.957055,-0.945219,0.134865,-0.0496933
5718,56.197,0.295608,0.227228,-0.927892,-0.926393,0.152921,-0.048728
5719,68.3482,0.604598,0.385695,-0.696922,-0.905378,0.168359,-0.047644
5720,33.9312,-0.557067,-0.259445,0.788901,-0.882531,0.180919,-0.0464613
5721,52.885,-0.505872,-0.160394,0.847565,-0.858245,0.190381,-0.0452
5722,34.0656,-0.497473,-0.0922102,0.862565,-0.832933,0.196587,-0.0438813
5723,90.0733,-0.876399,-0.0562442,0.478291,-0.80703,0.199429,-0.042528
5724,94.5821,-0.290092,0.021489,-0.956757,-0.780978,0.198859,-0.0411626
5725,88.3429,-0.325511,0.0721214,-0.942784,-0.755224,0.194885,-0.0398087
5726,94.6236,-0.310725,0.118041,-0.943142,-0.730208,0.187579,-0.0384893
5727,72.2528,-0.0426657,0.0016816,0.999088,-0.706357,0.177061,-0.037228
5728,86.4125,0.831236,-0.555744,0.0139936,-0.684081,0.163515,-0.0360453
5729,67.4611,0.745168,-0.657334,0.112416,-0.66376,0.147171,-0.034962
5730,65.4989,0.558929,-0.659868,0.502169,-0.651492,0.134865,-0.0339967
5731,-1.3799,0.552237,-0.816549,-0.168172,-0.630336,0.107251,-0.0331653
5732,0.358221,-0.118081,0.314507,-0.941882,-0.617804,0.0843573,-0.0324827
5733,64.1393,-0.299712,0.914353,-0.272272,-0.608362,0.0600213,-0.03196
5734,63.5442,-0.0975954,0.641093,-0.761232,-0.60217,0.0346586,-0.0316067
5735,92.7267,0.036159,0.0470682,-0.998237,-0.599905,0.017404,-0.0314287
5736,78.6771,-0.0478488,-0.136513,0.989482,-0.599905,-0.017404,-0.0314287
5737,64.3811,-0.0365684,0.013651,0.999238,-0.60217,-0.0346586,-0.0316067
5738,57.8772,0.0348184,0.215582,0.975865,-0.608362,-0.0600213,-0.03196
5739,89.2973,0.0583783,0.196366,0.978791,-0.617804,-0.0843573,-0.0324827
5740,70.6553,-0.0344516,0.00725912,0.99938,-0.630336,-0.107251,-0.0331653
5741,49.6485,-0.34897,-0.435129,-0.82999,-0.651492,-0.134865,-0.0339967
5742,47.6325,-0.624761,-0.566389,-0.537473,-0.66376,-0.147171,-0.034962
5743,47.4533,-0.762869,-0.519798,-0.3845,-0.684081,-0.163515,-0.0360453
5744,61.3977,0.19191,0.0756908,-0.978489,-0.706357,-0.177061,-0.037228
5745,97.3077,-0.946956,-0.321283,0.00724167,-0.730208,-0.187579,-0.0384893
5746,78.462,-0.980783,-0.195102,0.000792191,-0.755224,-0.194885,-0.0398087
5747,78.5306,-0.995461,-0.0654579,-0.0690913,-0.780978,-0.198859,-0.0411626
5748,84.336,-0.915777,0.0590353,0.397326,-0.80703,-0.199429,-0.042528
5749,103.271,-0.929978,0.182492,0.319119,-0.832933,-0.196587,-0.0438813
5750,74.9412,0.879988,-0.293698,-0.373312,-0.858245,-0.190381,-0.0452
5751,74.9109,0.823147,-0.39811,-0.404893,-0.882531,-0.180919,-0.0464613
5752,107.83,0.380477,-0.277391,0.882208,-0.905378,-0.168359,-0.047644
5753,101.03,0.628798,-0.569593,0.529317,-0.926393,-0.152921,-0.048728
5754,88.4284,0.562689,-0.663739,0.49278,-0.945219,-0.134865,-0.0496933
5755,88.516,0.444831,-0.698737,0.56026,-0.961529,-0.114501,-0.050524
5756,82.2307,0.351586,-0.756812,0.55102,-0.975049,-0.0921786,-0.0512066
5757,101.106,0.245392,-0.788148,0.564452,-0.985546,-0.0682786,-0.0517293
5758,100.757,0.180411,-0.954143,0.238877,-0.992839,-0.0432113,-0.0520826
5759,63.7372,0.00925826,-0.614047,0.789215,-0.996805,-0.017404,-0.0522613
5760,87.1619,-0.0735755,-0.691458,-0.71866,-0.998401,0.00870199,0.0261526
5761,61.9849,0.119976,0.73489,-0.66749,-0.993865,0.0432113,0.0259746
5762,74.3483,-0.190459,-0.460852,-0.866799,-0.989361,0.0600213,0.0259746
5763,62.2124,0.224485,0.520793,-0.823639,-0.976061,0.0921786,0.025452
5764,55.9893,0.261183,0.441354,-0.858481,-0.962529,0.114501,0.025072
5765,62.3669,0.260189,0.337264,-0.90474,-0.946203,0.134865,0.0246206
5766,62.5218,0.191809,0.201268,-0.960573,-0.927361,0.152921,0.0241066
5767,55.9362,0.445421,0.319569,-0.836347,-0.906325,0.168359,0.0235373
5768,68.482,0.498456,0.261843,-0.826426,-0.883456,0.180919,0.022924
5769,33.8167,-0.609574,-0.217068,0.762431,-0.859145,0.190381,0.022276
5770,52.7758,-0.546627,-0.115223,0.829411,-0.833809,0.196587,0.0216053
5771,33.884,-0.59125,-0.0408486,0.805454,-0.807879,0.199429,0.0209226
5772,89.7686,-0.961028,0.0637163,0.269007,-0.7818,0.198859,0.0202393
5773,94.6673,-0.43505,0.0795339,-0.896887,-0.756019,0.194885,0.0195686
5774,88.2768,-0.327982,0.0987832,-0.939505,-0.730977,0.187579,0.0189206
5775,94.4714,-0.237016,0.0981614,-0.966534,-0.707101,0.177061,0.0183066
5776,72.1223,-0.0723244,0.0744506,0.994599,-0.684801,0.163515,0.017738
5777,86.3287,0.752011,-0.65819,0.0355619,-0.664457,0.147171,0.017224
5778,66.5112,0.371028,-0.38525,0.844938,-0.646419,0.128309,0.0167726
5779,74.0492,0.532612,-0.81131,-0.24104,-0.630995,0.107251,0.0163926
5780,-1.31931,0.418039,-0.868779,-0.265455,-0.618449,0.0843573,0.01609
5781,0.401826,-0.161677,0.370378,-0.914703,-0.608994,0.0600213,0.01587
5782,63.7892,-0.181903,0.801989,-0.568969,-0.602794,0.0346586,0.0157366
5783,93.1776,0.0384731,-0.875414,-0.481841,-0.599953,0.00870199,0.015692
5784,90.8531,-0.053566,-0.966723,0.250154,-0.599953,-0.00870199,0.015692
5785,57.9684,0.0667262,0.1402,0.987872,-0.602794,-0.0346586,0.0157366
5786,89.3257,0.10138,0.185461,0.977408,-0.608994,-0.0600213,0.01587
5787,70.6304,0.0560157,0.0341075,0.997847,-0.618449,-0.0843573,0.01609
5788,53.6187,-0.548874,-0.809103,-0.209975,-0.630995,-0.107251,0.0163926
5789,61.1296,-0.108451,-0.0792557,-0.990937,-0.646419,-0.128309,0.0167726
5790,47.5589,-0.689042,-0.589686,-0.421298,-0.664457,-0.147171,0.017224
5791,55.267,0.225435,0.1758,-0.958266,-0.684801,-0.163515,0.017738
5792,97.4834,-0.893618,-0.438896,-0.0939,-0.707101,-0.177061,0.0183066
5793,78.5412,-0.946946,-0.321389,-0.00140548,-0.730977,-0.187579,0.0189206
5794,72.1526,-0.975325,-0.194827,0.103846,-0.756019,-0.194885,0.0195686
5795,84.6024,-0.973649,-0.0644145,0.218768,-0.7818,-0.198859,0.0202393
5796,103.419,-0.965972,0.0639929,0.250605,-0.807879,-0.199429,0.0209226
5797,75.039,0.917669,-0.185295,-0.351497,-0.833809,-0.196587,0.0216053
5798,75.0254,0.880425,-0.303687,-0.364179,-0.859145,-0.190381,0.022276
5799,107.709,0.56713,-0.264584,0.779974,-0.883456,-0.180919,0.022924
5800,101.281,0.616795,-0.39424,0.681277,-0.906325,-0.168359,0.0235373
5801,88.4665,0.667365,-0.568631,0.480919,-0.927361,-0.152921,0.0241066
5802,82.3257,0.54045,-0.589439,0.600397,-0.946203,-0.134865,0.0246206
5803,82.3792,0.443135,-0.625462,0.642206,-0.962529,-0.114501,0.025072
5804,82.3585,0.36453,-0.689259,0.626131,-0.976061,-0.0921786,0.025452
5805,95.6686,0.311474,-0.93639,-0.161735,-0.989361,-0.0600213,0.0259746
5806,101.532,0.137024,-0.522724,0.841418,-0.993865,-0.0432113,0.0259746
5807,69.9792,0.072207,-0.645973,0.759938,-0.997833,-0.017404,0.026108
5808,0.978889,-0.119449,-0.828103,-0.547701,-0.992709,0.017404,0.104316
5809,0.207951,-0.16634,-0.96121,0.220015,-0.990444,0.0346586,0.104138
5810,0.925382,-0.325552,-0.756507,-0.567198,-0.981505,0.0682786,0.10308
5811,0.457313,-0.347108,-0.81158,0.469951,-0.974865,0.0843573,0.102557
5812,0.27645,-0.504007,-0.804874,0.313298,-0.962381,0.107251,0.101271
5813,1.31831,-0.663082,-0.728263,-0.173075,-0.941355,0.134865,0.0987826
5814,0.977762,-0.339778,-0.384653,0.85825,-0.929087,0.147171,0.0978172
5815,0.736638,-0.553161,-0.423685,0.717289,-0.908847,0.163515,0.0957086
5816,0.93896,-0.458622,-0.273829,0.84539,-0.886659,0.177061,0.0933912
5817,1.09678,-0.357492,-0.157343,0.920566,-0.862905,0.187579,0.0909066
5818,0.985552,-0.473515,-0.114043,0.873372,-0.837991,0.194885,0.0882959
5819,7.18656,-0.553983,-0.0425216,0.831441,-0.812341,0.198859,0.0856053
5820,2.34312,0.75052,-0.0438265,0.659393,-0.786397,0.199429,0.0828779
5821,2.46194,0.810719,-0.147029,0.566672,-0.760601,0.196587,0.0801626
5822,2.5047,0.808019,-0.251261,0.532892,-0.735395,0.190381,0.0775059
5823,3.46038,0.390706,-0.138722,0.910003,-0.703485,0.177061,0.0737286
5824,94.357,-0.206774,0.0605744,-0.976512,-0.681298,0.163515,0.0714113
5825,72.017,-0.0629848,0.156567,0.985657,-0.661057,0.147171,0.0693033
5826,85.9856,0.647345,-0.690303,0.32315,-0.643111,0.128309,0.0674386
5827,83.874,0.408366,-0.469598,0.782761,-0.632549,0.114501,0.0666073
5828,78.749,0.40845,-0.880577,-0.240317,-0.619089,0.0921786,0.0651666
5829,-3.39397,0.338672,-0.913938,0.223648,-0.60864,0.0682786,0.0640406
5830,-4.80651,0.0972507,0.099674,0.990256,-0.601381,0.0432113,0.0632486
5831,47.6184,0.134275,-0.473617,0.870435,-0.596872,0.00870199,0.0627153
5832,52.0474,0.101112,-0.211644,0.972102,-0.596872,-0.00870199,0.0627153
5833,84.4477,0.180311,0.359496,0.91556,-0.601381,-0.0432113,0.0632486
5834,65.9339,0.130057,0.037428,0.9908,-0.60864,-0.0682786,0.0640406
5835,48.9671,-0.454343,-0.863957,-0.217143,-0.619089,-0.0921786,0.0651666
5836,43.8144,-0.208009,-0.138962,-0.968205,-0.632549,-0.114501,0.0666073
5837,41.6452,-0.528284,-0.507406,-0.680776,-0.643111,-0.128309,0.0674386
5838,55.3975,0.218252,0.286445,-0.932907,-0.661057,-0.147171,0.0693033
5839,91.3412,-0.827207,-0.536045,-0.168479,-0.681298,-0.163515,0.0714113
5840,78.9249,-0.860959,-0.404095,-0.308962,-0.703485,-0.177061,0.0737286
5841,-4.41768,0.933913,0.307735,0.181949,-0.735395,-0.190381,0.0775059
5842,-10.6297,0.951529,0.18233,0.247686,-0.760601,-0.196587,0.0801626
5843,-12.1102,0.330966,0.0288463,-0.943202,-0.786397,-0.199429,0.0828779
5844,-2.61117,-0.399928,0.0331325,0.915947,-0.812341,-0.198859,0.0856053
5845,-25.1805,-0.163918,0.00932691,-0.98643,-0.837991,-0.194885,0.0882959
5846,-29.9184,0.929181,-0.320762,-0.183671,-0.862905,-0.187579,0.0909066
5847,-30.0199,0.856497,-0.43584,-0.276506,-0.886659,-0.177061,0.0933912
5848,-17.2659,0.826973,-0.555793,-0.0849114,-0.908847,-0.163515,0.0957086
5849,-17.5239,0.695553,-0.639895,-0.326712,-0.929087,-0.147171,0.0978172
5850,-17.9937,0.506858,-0.478228,0.717212,-0.941355,-0.134865,0.0987826
5851,-23.3645,0.563728,-0.815538,0.130801,-0.962381,-0.107251,0.101271
5852,-23.5608,0.439098,-0.897,-0.050842,-0.974865,-0.0843573,0.102557
5853,-1.70662,-0.155849,0.116387,-0.9809,-0.981505,-0.0682786,0.10308
5854,-1.6208,-0.125622,0.0415013,-0.99121,-0.988764,-0.0432113,0.103872
5855,-1.25767,-0.0915854,-0.309823,-0.946373,-0.992709,-0.017404,0.104316
5856,-0.165552,-0.0958369,-0.983796,-0.151531,-0.982018,0.00870199,0.182015
5857,-0.0797331,-0.207466,-0.977077,-0.0477321,-0.97922,0.0346586,0.181527
5858,-0.531281,-0.370557,-0.810351,-0.453893,-0.973117,0.0600213,0.180425
5859,0.158096,-0.401848,-0.888151,0.222947,-0.963813,0.0843573,0.178729
5860,0.439916,-0.418496,-0.760013,0.497234,-0.951469,0.107251,0.176467
5861,0.142564,-0.619252,-0.747014,0.241861,-0.936293,0.128309,0.173678
5862,0.466928,-0.585162,-0.597504,0.548247,-0.918548,0.147171,0.170411
5863,0.866832,-0.403158,-0.373399,0.835486,-0.898535,0.163515,0.166721
5864,1.0886,-0.265497,-0.218931,0.938925,-0.876598,0.177061,0.16267
5865,1.01135,-0.360362,-0.1807,0.915143,-0.853113,0.187579,0.158329
5866,3.55103,0.56189,0.0777216,0.823553,-0.820163,0.196587,0.151775
5867,3.29057,0.338185,0.00972057,0.94103,-0.794659,0.199429,0.147045
5868,2.70349,0.95893,-0.0581762,0.277612,-0.777471,0.199429,0.144323
5869,2.32817,0.780262,-0.128563,0.612097,-0.751967,0.196587,0.139592
5870,0.785718,-0.54764,0.23564,0.802848,-0.727047,0.190381,0.134965
5871,1.81486,0.373182,-0.0917608,0.923209,-0.703137,0.180919,0.130522
5872,-1.66838,-0.0875943,-0.0721519,-0.99354,-0.680646,0.168359,0.126339
5873,-0.09291,-0.755497,0.654647,0.025716,-0.659958,0.152921,0.122486
5874,-1.6227,-0.144262,-0.0584504,-0.987812,-0.641428,0.134865,0.119031
5875,-3.0171,0.521759,-0.827273,-0.208295,-0.625373,0.114501,0.116031
5876,-2.57058,0.39844,-0.484828,0.778581,-0.608317,0.0843573,0.112638
5877,-4.37559,0.28529,-0.301662,0.909731,-0.601739,0.0682786,0.111596
5878,-2.43067,0.272586,-0.640016,0.718384,-0.592911,0.0346586,0.10984
5879,-4.60391,0.200797,-0.105483,0.973937,-0.590667,0.017404,0.109485
5880,0.924181,-0.0663319,0.796417,-0.601098,-0.590667,-0.017404,0.109485
5881,-27.7276,-0.265245,-0.833892,-0.484014,-0.592911,-0.0346586,0.10984
5882,-25.7935,-0.347395,-0.581216,-0.73587,-0.601739,-0.0682786,0.111596
5883,-21.3613,-0.46346,-0.715593,-0.52262,-0.608317,-0.0843573,0.112638
5884,-18.2616,0.139766,0.461297,-0.876168,-0.625373,-0.114501,0.116031
5885,-22.7215,0.576524,0.501758,0.644872,-0.641428,-0.134865,0.119031
5886,-18.0381,0.400372,0.478398,-0.781561,-0.659958,-0.152921,0.122486
5887,-16.3944,0.667622,0.352297,0.655872,-0.680646,-0.168359,0.126339
5888,-10.1871,0.74845,0.305653,0.588557,-0.703137,-0.180919,0.130522
5889,-2.74743,-0.176505,-0.12351,0.97652,-0.727047,-0.190381,0.134965
5890,-4.25072,0.948117,0.174794,0.26556,-0.751967,-0.196587,0.139592
5891,-10.8885,0.993926,0.0651196,-0.0887196,-0.777471,-0.199429,0.144323
5892,-6.83156,0.759417,-0.0571812,-0.648086,-0.794659,-0.199429,0.147045
5893,-4.01346,-0.502448,0.131286,0.854582,-0.820163,-0.196587,0.151775
5894,-25.2111,-0.267181,0.0251821,-0.963317,-0.853113,-0.187579,0.158329
5895,-29.9044,0.866407,-0.441802,-0.232702,-0.876598,-0.177061,0.16267
5896,-29.9538,0.789345,-0.552583,-0.267555,-0.898535,-0.163515,0.166721
5897,-17.0019,0.762439,-0.634474,0.127005,-0.918548,-0.147171,0.170411
5898,-16.7145,0.650491,-0.635521,0.415902,-0.936293,-0.128309,0.173678
5899,-23.3571,0.572919,-0.814272,0.0934025,-0.951469,-0.107251,0.176467
5900,-23.225,0.473621,-0.846592,0.242827,-0.963813,-0.0843573,0.178729
5901,-0.170092,-0.245607,0.160301,-0.956023,-0.973117,-0.0600213,0.180425
5902,-0.412306,-0.255342,0.393038,-0.883358,-0.97922,-0.0346586,0.181527
5903,-0.878892,-0.108882,-0.638602,-0.761796,-0.981463,-0.017404,0.181882
5904,1.28236,-0.137503,-0.956642,-0.256767,-0.964168,0.017404,0.258326
5905,1.1885,-0.275327,-0.910012,-0.309957,-0.960341,0.0432113,0.25727
5906,1.08654,-0.400007,-0.838111,-0.370896,-0.953295,0.0682786,0.255352
5907,0.828053,-0.0963429,-0.618021,0.780236,-0.946819,0.0843573,0.253798
5908,1.89518,-0.420082,-0.788268,0.449627,-0.930082,0.114501,0.249076
5909,1.78572,-0.561788,-0.73482,0.380043,-0.914311,0.134865,0.244826
5910,1.7809,-0.65088,-0.645092,0.400266,-0.89611,0.152921,0.239928
5911,1.62582,0.289267,0.012428,0.957168,-0.882684,0.163515,0.236704
5912,2.09707,-0.609905,-0.382726,0.693928,-0.853695,0.180919,0.228529
5913,4.56488,0.941316,0.318128,-0.11278,-0.830207,0.190381,0.222224
5914,2.5419,0.919847,0.156809,0.359571,-0.813861,0.194885,0.218299
5915,2.33039,0.837556,0.0432026,0.544641,-0.788949,0.198859,0.211628
5916,3.46453,0.562192,-0.0207838,0.826746,-0.755475,0.198859,0.202188
5917,2.04134,-0.718302,0.174021,0.673616,-0.730563,0.194885,0.195517
5918,3.49569,0.570597,-0.111519,0.813623,-0.706363,0.187579,0.189041
5919,-0.136621,-0.151379,-0.0602832,-0.986636,-0.683291,0.177061,0.182871
5920,1.37721,-0.837351,0.54546,0.0362779,-0.661739,0.163515,0.177112
5921,-0.0183967,-0.258076,-0.0121337,-0.966048,-0.642078,0.147171,0.171863
5922,-1.7206,0.667684,-0.743702,-0.0332602,-0.624643,0.128309,0.167213
5923,-1.97467,0.598133,-0.764729,0.239638,-0.609734,0.107251,0.163243
5924,-2.59859,0.452215,-0.463498,0.762018,-0.597604,0.0843573,0.160019
5925,-4.34828,0.361309,-0.325988,0.873606,-0.591128,0.0682786,0.158464
5926,0.409497,-0.323687,0.390511,-0.861817,-0.582465,0.0346586,0.156021
5927,-1.16291,-0.274242,0.393414,-0.877506,-0.580256,0.017404,0.155491
5928,-2.69887,0.21832,-0.427484,0.877265,-0.580256,-0.017404,0.155491
5929,-24.3124,0.326819,0.663407,0.673113,-0.582465,-0.0346586,0.156021
5930,-25.8095,-0.40527,-0.593046,-0.695739,-0.591128,-0.0682786,0.158464
5931,-21.3119,-0.500455,-0.688041,-0.525494,-0.597604,-0.0843573,0.160019
5932,-22.093,-0.511039,-0.828972,0.227254,-0.609734,-0.107251,0.163243
5933,-19.6142,0.28617,0.556084,-0.780306,-0.624643,-0.128309,0.167213
5934,-24.3752,0.702913,0.465617,0.537694,-0.642078,-0.147171,0.171863
5935,-19.5543,0.457045,0.434948,-0.775842,-0.661739,-0.163515,0.177112
5936,-17.9771,0.745192,0.272467,0.608647,-0.683291,-0.177061,0.182871
5937,-11.9207,0.878279,0.249514,0.407884,-0.706363,-0.187579,0.189041
5938,-4.07972,-0.374479,-0.121417,0.919252,-0.730563,-0.194885,0.195517
5939,-5.47312,0.838169,0.043259,0.543692,-0.755475,-0.198859,0.202188
5940,-5.81767,0.188531,-0.0293974,-0.981627,-0.788949,-0.198859,0.211628
5941,-6.07818,-0.0736036,-0.0397451,-0.996495,-0.813861,-0.194885,0.218299
5942,-2.0985,-0.668764,0.151518,-0.727871,-0.830207,-0.190381,0.222224
5943,-26.2748,0.143483,-0.198082,-0.969627,-0.853695,-0.180919,0.228529
5944,-24.2008,0.480403,-0.446208,-0.755058,-0.882684,-0.163515,0.236704
5945,-24.6318,0.761318,-0.56895,0.31095,-0.89611,-0.152921,0.239928
5946,-18.3765,0.686841,-0.66043,0.303449,-0.914311,-0.134865,0.244826
5947,-18.4863,0.597287,-0.770743,0.22182,-0.930082,-0.114501,0.249076
5948,-17.4532,0.371835,-0.883419,-0.285147,-0.946819,-0.0843573,0.253798
5949,-17.83,0.3916,-0.485735,0.78148,-0.953295,-0.0682786,0.255352
5950,-1.67028,-0.287504,0.0899634,-0.953545,-0.960341,-0.0432113,0.25727
5951,-1.45231,-0.261844,-0.120558,-0.957551,-0.964168,-0.017404,0.258326
5952,0.181353,0.00126174,-0.981962,0.189074,-0.941455,0.00870199,0.333396
5953,0.0715476,-0.160429,-0.978808,0.127268,-0.938768,0.0346586,0.332475
5954,1.10961,-0.42392,-0.848063,-0.317932,-0.930322,0.0682786,0.329359
5955,1.37323,-0.474597,-0.879541,-0.034126,-0.920424,0.0921786,0.325825
5956,0.906124,-0.0624504,-0.527111,0.847499,-0.912148,0.107251,0.323136
5957,0.656702,-0.295201,-0.607359,0.737544,-0.897596,0.128309,0.318008
5958,1.49639,-0.728931,-0.657787,0.189672,-0.874523,0.152921,0.309496
5959,1.41001,0.189703,-0.106879,0.976007,-0.861392,0.163515,0.30523
5960,0.803516,-0.364421,-0.318247,0.875166,-0.840359,0.177061,0.297798
5961,4.22493,0.946989,0.28416,0.149885,-0.810213,0.190381,0.286676
5962,2.75266,0.980829,0.177667,0.0800566,-0.794225,0.194885,0.281481
5963,3.39709,0.571492,0.0165526,0.82044,-0.761873,0.199429,0.269546
5964,2.80003,0.012537,0.0219362,0.999681,-0.737283,0.198859,0.260838
5965,0.875808,-0.358924,0.130718,0.924168,-0.720873,0.196587,0.255506
5966,2.80556,0.0338472,0.106044,0.993785,-0.689353,0.187579,0.243878
5967,-1.02755,-0.711648,0.215303,-0.668732,-0.674061,0.180919,0.23891
5968,0.711294,-0.771315,0.362866,-0.522877,-0.645803,0.163515,0.228485
5969,-1.29438,-0.507954,0.161214,-0.846164,-0.632672,0.152921,0.224218
5970,-3.1423,0.627314,-0.751826,-0.20306,-0.614911,0.134865,0.217907
5971,-2.26795,0.621606,-0.637626,0.455015,-0.595047,0.107251,0.210578
5972,-2.08923,0.531739,-0.77912,0.332001,-0.583207,0.0843573,0.206413
5973,-0.412895,-0.196134,-0.380005,-0.903951,-0.574284,0.0600213,0.203282
5974,-2.66033,0.391491,-0.454013,0.800379,-0.568428,0.0346586,0.201239
5975,-4.30444,0.342275,-0.393487,0.853238,-0.566268,0.017404,0.200537
5976,-2.81846,0.308753,-0.316857,0.896813,-0.566268,-0.017404,0.200537
5977,-21.2776,-0.365913,-0.736631,-0.568756,-0.568428,-0.0346586,0.201239
5978,-23.4989,0.322372,-0.0715528,0.943905,-0.574284,-0.0600213,0.203282
5979,-21.8119,-0.474344,-0.879714,-0.0331909,-0.583207,-0.0843573,0.206413
5980,-21.7881,-0.584995,-0.810743,-0.0218329,-0.595047,-0.107251,0.210578
5981,-18.1425,0.138541,0.488572,-0.861454,-0.614911,-0.134865,0.217907
5982,-23.0446,0.784047,0.573282,0.237944,-0.632672,-0.152921,0.224218
5983,-18.849,0.79097,0.555542,-0.256398,-0.645803,-0.163515,0.228485
5984,-17.043,0.898862,0.43037,-0.0826359,-0.674061,-0.180919,0.23891
5985,-11.1944,0.484576,0.0517533,0.873217,-0.689353,-0.187579,0.243878
5986,-2.86439,0.0810908,-0.0534336,0.995273,-0.720873,-0.196587,0.255506
5987,-4.87391,0.457799,0.00799365,0.88902,-0.737283,-0.198859,0.260838
5988,-3.91151,-0.466169,0.0487744,0.88335,-0.761873,-0.199429,0.269546
5989,-0.0601767,-0.400816,0.0117416,-0.916084,-0.794225,-0.194885,0.281481
5990,-1.82715,-0.531004,0.06994,-0.844478,-0.810213,-0.190381,0.286676
5991,-26.0106,0.301539,-0.294532,-0.906821,-0.833133,-0.180919,0.294805
5992,-24.1924,0.42592,-0.449028,-0.785472,-0.861392,-0.163515,0.30523
5993,-24.3657,0.740462,-0.461164,0.488921,-0.874523,-0.152921,0.309496
5994,-17.1981,0.64419,-0.74965,-0.151803,-0.897596,-0.128309,0.318008
5995,-17.4333,0.461478,-0.821772,-0.334258,-0.912148,-0.107251,0.323136
5996,-18.0176,0.533794,-0.592431,0.603398,-0.920424,-0.0921786,0.325825
5997,-17.7604,0.444976,-0.428053,0.786617,-0.930322,-0.0682786,0.329359
5998,-0.423005,-0.390692,0.402625,-0.8278,-0.938768,-0.0346586,0.332475
5999,-3.60339,0.337141,-0.444611,0.829853,-0.941455,-0.00870199,0.333396
6000,1.03996,-0.263126,-0.860542,-0.436155,-0.911887,0.017404,0.405975
6001,0.730667,0.144233,-0.735466,0.662032,-0.909788,0.0346586,0.405106
6002,1.08771,-0.452851,-0.838618,-0.302732,-0.901613,0.0682786,0.401336
6003,1.08624,-0.550208,-0.793753,-0.259283,-0.892023,0.0921786,0.397036
6004,0.970295,0.0461849,-0.484845,0.87338,-0.883983,0.107251,0.393707
6005,1.90474,-0.428216,-0.710557,0.558337,-0.864755,0.134865,0.384843
6006,1.86527,-0.531678,-0.631218,0.564696,-0.847545,0.152921,0.377157
6007,2.19329,-0.369219,-0.451587,0.812248,-0.828328,0.168359,0.368582
6008,0.715801,-0.850298,-0.290441,-0.438904,-0.807435,0.180919,0.359263
6009,4.28631,0.956043,0.292875,0.0143648,-0.785223,0.190381,0.349361
6010,2.54689,0.965734,0.157387,0.206368,-0.769692,0.194885,0.342928
6011,2.04401,0.76092,0.0275413,0.648261,-0.74613,0.198859,0.332442
6012,3.12737,0.405729,0.000931292,0.913993,-0.714545,0.198859,0.31788
6013,5.00477,0.732199,-0.186956,-0.65493,-0.690983,0.194885,0.307395
6014,2.82783,0.132805,0.0992575,0.98616,-0.668093,0.187579,0.297213
6015,-0.953001,-0.797621,0.243522,-0.551812,-0.653239,0.180919,0.29106
6016,0.813327,-0.836158,0.403879,-0.37111,-0.625886,0.163515,0.27845
6017,-1.86319,0.774273,-0.631614,-0.0395583,-0.607288,0.147171,0.27019
6018,-1.89936,0.701585,-0.711873,0.0318703,-0.590795,0.128309,0.26287
6019,-2.79888,0.563795,-0.279475,0.777192,-0.576691,0.107251,0.256616
6020,-3.04165,0.365563,-0.893933,-0.259321,-0.568651,0.0921786,0.253286
6021,-0.763296,-0.100866,-0.654678,-0.749148,-0.556564,0.0600213,0.247714
6022,-2.44242,0.434385,-0.63123,0.642541,-0.550886,0.0346586,0.245218
6023,-4.33927,0.411711,-0.361344,0.836615,-0.548788,0.017404,0.244348
6024,-6.12346,-0.403882,0.15871,-0.900939,-0.548788,-0.017404,0.244348
6025,-21.4965,-0.356764,-0.859644,-0.365694,-0.550886,-0.0346586,0.245218
6026,-23.1541,0.263123,-0.386582,0.883923,-0.556564,-0.0600213,0.247714
6027,-20.839,-0.196566,-0.81952,0.538284,-0.568651,-0.0921786,0.253286
6028,-21.2265,-0.652561,-0.587445,-0.478615,-0.576691,-0.107251,0.256616
6029,-37.7222,0.599669,0.752102,-0.273387,-0.590795,-0.128309,0.26287
6030,-19.4583,0.342125,0.552056,-0.760384,-0.607288,-0.147171,0.27019
6031,-19.0427,0.678292,0.548719,-0.488701,-0.625886,-0.163515,0.27845
6032,-17.1984,0.84533,0.441194,-0.301272,-0.653239,-0.180919,0.29106
6033,-8.01774,-0.523901,-0.040621,-0.85081,-0.668093,-0.187579,0.297213
6034,-10.248,-0.334438,-0.138157,0.932236,-0.690983,-0.194885,0.307395
6035,-5.15631,0.741672,0.0257888,0.670267,-0.714545,-0.198859,0.31788
6036,-2.49195,-0.214794,0.0396155,0.975856,-0.74613,-0.198859,0.332442
6037,0.163935,-0.267692,-0.0318628,-0.962977,-0.769692,-0.194885,0.342928
6038,-1.77657,-0.557018,0.0539703,-0.828745,-0.785223,-0.190381,0.349361
6039,-38.8002,0.0275566,-0.214113,-0.97642,-0.807435,-0.180919,0.359263
6040,-25.0482,0.798668,-0.552044,-0.239536,-0.828328,-0.168359,0.368582
6041,-24.6803,0.798873,-0.58446,0.142157,-0.847545,-0.152921,0.377157
6042,-24.7686,0.712734,-0.695629,0.0900627,-0.864755,-0.134865,0.384843
6043,-17.5206,0.389335,-0.807484,-0.443156,-0.883983,-0.107251,0.393707
6044,-17.6975,0.542202,-0.350458,0.763673,-0.892023,-0.0921786,0.397036
6045,-17.7322,0.503128,-0.404113,0.763908,-0.901613,-0.0682786,0.401336
6046,-10.8056,0.252908,-0.963172,0.0913043,-0.909788,-0.0346586,0.405106
6047,-1.43074,-0.405988,-0.141787,-0.902812,-0.911887,-0.017404,0.405975
6048,0.126287,0.00373468,-0.990239,0.139327,-0.877709,0.00870199,0.476567
6049,0.174149,-0.0867823,-0.967241,0.238565,-0.875199,0.0346586,0.475238
6050,-0.266588,-0.404052,-0.910341,-0.0895654,-0.869735,0.0600213,0.472304
6051,0.0914343,-0.348446,-0.894559,0.279909,-0.861411,0.0843573,0.467816
6052,1.65927,-0.439402,-0.828419,0.347343,-0.846238,0.114501,0.459319
6053,1.19133,-0.715124,-0.698583,-0.0240864,-0.831895,0.134865,0.451505
6054,0.767872,-0.15609,-0.487821,0.858875,-0.820931,0.147171,0.445918
6055,0.762517,-0.214778,-0.414279,0.884445,-0.803039,0.163515,0.436224
6056,0.0367104,-0.517024,-0.0162444,-0.855817,-0.776758,0.180919,0.421506
6057,3.75697,0.424764,0.269334,-0.864312,-0.762432,0.187579,0.414206
6058,2.76988,0.144474,-0.0709152,0.986964,-0.733121,0.196587,0.397791
6059,2.56438,0.992872,0.0534369,0.106537,-0.717747,0.198859,0.389958
6060,1.68693,0.554113,-0.00503416,0.832426,-0.694821,0.199429,0.37751
6061,3.21847,0.836348,-0.195101,-0.512306,-0.672027,0.196587,0.36513
6062,1.80853,0.643371,-0.0640487,0.76287,-0.649756,0.190381,0.35303
6063,-1.68991,-0.3626,-0.0680052,-0.92946,-0.628389,0.180919,0.341415
6064,3.98673,0.144041,-0.382285,-0.912749,-0.608291,0.168359,0.330486
6065,-3.59428,0.807604,-0.584379,0.0792256,-0.589807,0.152921,0.32043
6066,-3.34711,0.671768,-0.732047,-0.11329,-0.573252,0.134865,0.311417
6067,-2.71331,0.645694,-0.345392,0.681017,-0.554778,0.107251,0.301072
6068,-2.87122,0.25108,-0.868468,-0.427461,-0.547025,0.0921786,0.297121
6069,-1.45303,0.220901,-0.940448,-0.258379,-0.535412,0.0600213,0.290618
6070,-3.25057,0.225816,-0.974145,0.00696241,-0.531399,0.0432113,0.288573
6071,-4.19455,0.192318,0.867034,0.459637,-0.527438,0.00870199,0.286355
6072,-6.43031,-0.0139833,0.987447,-0.157331,-0.527438,-0.00870199,0.286355
6073,-20.6884,-0.0345972,-0.945787,0.322939,-0.531399,-0.0432113,0.288573
6074,-22.5144,-0.0057123,-0.826217,0.563323,-0.535412,-0.0600213,0.290618
6075,-21.0592,-0.0182398,-0.720107,0.693624,-0.547025,-0.0921786,0.297121
6076,-21.3003,-0.686057,-0.629263,-0.365177,-0.554778,-0.107251,0.301072
6077,-36.1242,0.57701,0.752098,-0.318447,-0.573252,-0.134865,0.311417
6078,-9.78606,0.68888,0.233146,0.686359,-0.589807,-0.152921,0.32043
6079,-15.9901,0.671194,0.154744,0.72495,-0.608291,-0.168359,0.330486
6080,-16.5444,0.908175,0.328527,0.259398,-0.628389,-0.180919,0.341415
6081,-6.92099,-0.884478,-0.191497,-0.425472,-0.649756,-0.190381,0.35303
6082,-8.38377,-0.491472,-0.16848,0.854441,-0.672027,-0.196587,0.36513
6083,-3.60271,0.824982,0.0291399,0.564407,-0.694821,-0.199429,0.37751
6084,-1.27209,-0.975859,0.0625897,0.209241,-0.717747,-0.198859,0.389958
6085,-3.24058,-0.824622,0.194888,0.531053,-0.733121,-0.196587,0.397791
6086,-1.00697,-0.959399,0.271838,-0.0752176,-0.762432,-0.187579,0.414206
6087,-38.3838,0.327554,-0.352482,-0.876621,-0.776758,-0.180919,0.421506
6088,-23.4993,0.754444,-0.554769,-0.350778,-0.803039,-0.163515,0.436224
6089,-23.487,0.690504,-0.657771,-0.300899,-0.820931,-0.147171,0.445918
6090,-24.0079,0.680635,-0.306705,0.665333,-0.831895,-0.134865,0.451505
6091,-18.2599,0.677187,-0.680979,0.27872,-0.846238,-0.114501,0.459319
6092,-16.7183,0.586369,-0.759805,0.280834,-0.861411,-0.0843573,0.467816
6093,-16.755,0.487064,-0.82005,0.300478,-0.869735,-0.0600213,0.472304
6094,-11.1051,0.503381,-0.099792,0.858282,-0.873748,-0.0432113,0.474349
6095,2.35823,0.386424,-0.704158,0.595683,-0.877709,-0.00870199,0.476567
6096,0.340407,0.132914,-0.941452,0.309842,-0.837612,0.00870199,0.543962
6097,1.28201,-0.313596,-0.9402,-0.132971,-0.833838,0.0432113,0.54144
6098,1.13605,-0.476243,-0.85891,-0.188325,-0.827729,0.0682786,0.537439
6099,1.20721,0.379107,-0.333515,0.86316,-0.822051,0.0843573,0.533959
6100,1.28102,-0.601183,-0.797,0.0580531,-0.807591,0.114501,0.524298
6101,1.65912,-0.496829,-0.749175,0.438062,-0.793907,0.134865,0.515383
6102,1.63869,-0.585813,-0.658086,0.473019,-0.77811,0.152921,0.505099
6103,-0.279198,-0.828319,-0.529024,0.18445,-0.766337,0.163515,0.497884
6104,-1.03476,-0.845336,-0.212514,-0.490148,-0.74762,0.177061,0.485747
6105,3.51678,0.558508,0.303421,-0.772013,-0.727583,0.187579,0.472749
6106,2.35808,-0.181971,-0.137797,0.973601,-0.69965,0.196587,0.454084
6107,2.25021,0.941183,0.0391245,0.335623,-0.684938,0.198859,0.445069
6108,4.0541,0.996191,-0.0518059,0.0701377,-0.656019,0.198859,0.425746
6109,2.09406,0.871547,-0.0909755,0.481798,-0.641307,0.196587,0.416731
6110,-1.78069,-0.346162,-0.0786524,-0.934872,-0.620055,0.190381,0.40292
6111,5.18533,0.410705,-0.39401,-0.822239,-0.593337,0.177061,0.385068
6112,-2.52667,0.852538,-0.320686,0.412722,-0.574621,0.163515,0.372932
6113,-2.93134,0.514923,-0.648833,-0.560242,-0.562848,0.152921,0.365718
6114,-2.87153,0.681636,-0.200665,0.703638,-0.5424,0.128309,0.352054
6115,-3.44868,0.61644,-0.787055,-0.0233761,-0.533366,0.114501,0.346519
6116,-3.2374,0.427908,-0.89127,-0.150107,-0.522027,0.0921786,0.339124
6117,-4.74029,-0.28249,0.946633,0.155195,-0.51096,0.0600213,0.33173
6118,-6.26327,-0.155209,0.980744,0.11854,-0.50712,0.0432113,0.329376
6119,-4.54086,0.0412978,0.983219,0.177695,-0.503346,0.00870199,0.326854
6120,-6.14413,0.132253,0.98786,0.0814938,-0.503346,-0.00870199,0.326854
6121,-20.944,0.137463,-0.849377,0.509571,-0.50712,-0.0432113,0.329376
6122,-22.5084,0.0347958,-0.828967,0.558214,-0.51096,-0.0600213,0.33173
6123,-20.7526,-0.166227,-0.847959,0.503323,-0.522027,-0.0921786,0.339124
6124,-20.5868,-0.36331,-0.820159,0.441979,-0.533366,-0.114501,0.346519
6125,-21.5153,-0.747611,-0.659437,-0.0788779,-0.5424,-0.128309,0.352054
6126,-37.4151,0.765855,0.627417,-0.140765,-0.557544,-0.147171,0.361864
6127,-17.6203,0.7394,0.168987,0.651714,-0.574621,-0.163515,0.372932
6128,-6.48614,0.642376,0.436379,-0.630021,-0.593337,-0.177061,0.385068
6129,-10.1967,0.947255,0.22434,0.228864,-0.620055,-0.190381,0.40292
6130,-7.21967,-0.986087,-0.157263,-0.0538677,-0.641307,-0.196587,0.416731
6131,-9.25105,-0.928344,-0.0640124,0.366168,-0.656019,-0.198859,0.425746
6132,-4.15884,0.997852,-0.055711,-0.0344619,-0.684938,-0.198859,0.445069
6133,-5.97024,0.956891,-0.183306,-0.225298,-0.69965,-0.196587,0.454084
6134,-0.860842,-0.959195,0.243914,-0.143004,-0.727583,-0.187579,0.472749
6135,-37.2792,-0.203354,-0.180425,-0.962338,-0.74762,-0.177061,0.485747
6136,-22.3019,0.740295,-0.16994,0.650449,-0.766337,-0.163515,0.497884
6137,-24.4027,0.835738,-0.4783,0.26976,-0.77811,-0.152921,0.505099
6138,-24.4206,0.779194,-0.55641,0.288555,-0.793907,-0.134865,0.515383
6139,-17.848,0.714702,-0.432911,0.549353,-0.807591,-0.114501,0.524298
6140,-17.3518,0.32597,-0.894613,-0.305631,-0.822051,-0.0843573,0.533959
6141,-17.7214,0.616348,-0.394768,0.681377,-0.827729,-0.0682786,0.537439
6142,-11.0937,0.567935,-0.0885548,0.818295,-0.833838,-0.0432113,0.54144
6143,2.13433,0.342694,-0.843567,0.413468,-0.837612,-0.00870199,0.543962
6144,0.905795,-0.422379,-0.785236,-0.452769,-0.791917,0.017404,0.607633
6145,0.481438,0.14627,-0.872772,0.465698,-0.790079,0.0346586,0.606298
6146,0.929115,-0.572667,-0.758622,-0.310716,-0.783011,0.0682786,0.600725
6147,1.12086,0.396357,-0.4041,0.824381,-0.777623,0.0843573,0.59681
6148,0.715386,-0.753355,-0.545476,-0.367303,-0.763966,0.114501,0.586044
6149,0.503534,-0.175027,-0.667951,0.723331,-0.755395,0.128309,0.579817
6150,0.266286,-0.428544,-0.641198,0.636565,-0.741067,0.147171,0.56885
6151,-0.995825,-0.867202,-0.286892,-0.407005,-0.724911,0.163515,0.556476
6152,3.11229,0.742713,0.441668,-0.503297,-0.707204,0.177061,0.542908
6153,1.75473,0.721208,0.0470484,0.691119,-0.688249,0.187579,0.528378
6154,1.41852,0.461814,-0.0370247,0.886204,-0.66837,0.194885,0.513134
6155,1.70919,0.693651,0.00648508,0.720282,-0.647907,0.198859,0.497437
6156,-0.983971,-0.936565,0.034097,-0.348832,-0.62721,0.199429,0.481556
6157,-1.84843,-0.348963,-0.060701,-0.935168,-0.606634,0.196587,0.465763
6158,3.69887,0.918688,-0.170092,0.356485,-0.580252,0.187579,0.444964
6159,1.48585,-0.754191,0.441019,0.486516,-0.561296,0.177061,0.430434
6160,-3.41497,0.809002,-0.530026,-0.254141,-0.549103,0.168359,0.421576
6161,-3.26643,0.678401,-0.651766,-0.339078,-0.53242,0.152921,0.40875
6162,-3.11534,0.632472,-0.0197421,0.774332,-0.513106,0.128309,0.393525
6163,-3.1857,0.475884,-0.829858,-0.291325,-0.504534,0.114501,0.387298
6164,-2.38067,0.687713,-0.618568,0.380031,-0.490878,0.0843573,0.376532
6165,-4.474,-0.0989359,0.920224,0.378681,-0.483358,0.0600213,0.370796
6166,-6.25677,-0.141492,0.980635,0.135404,-0.479714,0.0432113,0.368148
6167,-2.96859,0.618689,-0.171773,0.766627,-0.476149,0.00870199,0.365338
6168,-4.68765,0.617469,-0.0272948,0.786122,-0.476149,-0.00870199,0.365338
6169,-17.7476,-0.143123,0.874985,-0.462511,-0.479714,-0.0432113,0.368148
6170,-19.5804,-0.217487,0.713035,-0.666544,-0.483358,-0.0600213,0.370796
6171,-21.7198,-0.509044,-0.859871,0.0386739,-0.490878,-0.0843573,0.376532
6172,-20.8861,-0.111553,-0.743061,0.659861,-0.504534,-0.114501,0.387298
6173,-21.2323,-0.803696,-0.532121,-0.266307,-0.513106,-0.128309,0.393525
6174,-36.0948,0.610668,0.659234,-0.438742,-0.53242,-0.152921,0.40875
6175,-16.3205,0.881876,0.31959,0.346636,-0.549103,-0.168359,0.421576
6176,-18.4455,0.900658,0.400577,-0.168385,-0.561296,-0.177061,0.430434
6177,-11.1849,0.724651,0.0487536,0.68739,-0.580252,-0.187579,0.444964
6178,-10.1665,0.976778,0.131895,0.168843,-0.606634,-0.196587,0.465763
6179,-17.4619,0.657742,0.0643945,-0.750486,-0.62721,-0.199429,0.481556
6180,-6.73416,-0.898741,0.0285435,-0.43755,-0.647907,-0.198859,0.497437
6181,-4.8411,0.684362,-0.193627,-0.702963,-0.66837,-0.194885,0.513134
6182,-2.1985,-0.238261,0.260319,0.935663,-0.688249,-0.187579,0.528378
6183,-0.517242,-0.886325,0.218854,-0.408082,-0.707204,-0.177061,0.542908
6184,-31.0584,-0.35147,-0.194538,-0.915764,-0.724911,-0.163515,0.556476
6185,-22.949,0.838954,-0.539531,0.0711493,-0.741067,-0.147171,0.56885
6186,-23.1868,0.708381,-0.699826,-0.0918635,-0.755395,-0.128309,0.579817
6187,-17.221,0.582479,0.0660652,0.810157,-0.763966,-0.114501,0.586044
6188,-17.2422,0.369474,-0.896436,-0.244726,-0.777623,-0.0843573,0.59681
6189,-17.3941,0.641703,-0.0971478,0.760776,-0.783011,-0.0682786,0.600725
6190,-10.476,0.440268,-0.851375,0.285173,-0.790079,-0.0346586,0.606298
6191,-1.4294,-0.605334,-0.14321,-0.782982,-0.791917,-0.017404,0.607633
6192,0.555417,-0.602087,-0.526169,-0.600532,-0.741801,0.017404,0.667893
6193,0.688328,0.315953,-0.762244,0.564941,-0.740074,0.0346586,0.666417
6194,0.784875,-0.646943,-0.66928,-0.365416,-0.733465,0.0682786,0.660307
6195,1.00682,0.389055,-0.492601,0.778447,-0.728401,0.0843573,0.655982
6196,0.763201,-0.772384,-0.574873,-0.270082,-0.715631,0.114501,0.644177
6197,0.671753,0.0220407,-0.600635,0.79922,-0.707574,0.128309,0.637297
6198,-0.266026,-0.509826,0.173412,-0.842618,-0.689515,0.152921,0.620603
6199,3.48706,0.371911,0.528901,-0.762853,-0.679016,0.163515,0.611636
6200,2.41756,0.0723364,-0.293169,0.95332,-0.656897,0.180919,0.59119
6201,1.93758,0.867292,0.104081,0.486798,-0.644671,0.187579,0.580748
6202,1.69148,0.73564,0.016032,0.677183,-0.626049,0.194885,0.563992
6203,0.474929,-0.938732,-0.0299459,-0.343344,-0.600728,0.199429,0.540585
6204,-0.990091,0.240234,-0.0547558,-0.969169,-0.581341,0.198859,0.523129
6205,1.564,0.645502,0.0088384,0.763707,-0.568221,0.196587,0.511923
6206,2.82594,0.429419,0.099841,0.89757,-0.543552,0.187579,0.489119
6207,0.921912,0.109902,0.279717,0.953772,-0.531325,0.180919,0.478677
6208,-2.27267,0.904411,-0.424466,0.0432293,-0.509207,0.163515,0.458231
6209,-2.0814,0.813257,-0.575479,-0.0862416,-0.494072,0.147171,0.444628
6210,-2.63949,0.827933,-0.361962,0.428381,-0.480648,0.128309,0.43257
6211,-2.07258,0.683992,-0.729134,0.022753,-0.469166,0.107251,0.422263
6212,-2.88731,0.738616,-0.225649,0.63524,-0.459822,0.0843573,0.413884
6213,-5.01795,0.570945,0.296237,0.765679,-0.454758,0.0682786,0.409559
6214,-1.20926,-0.106187,-0.917405,-0.383526,-0.448148,0.0346586,0.403449
6215,-3.40816,0.226712,-0.961954,0.152465,-0.44642,0.017404,0.401974
6216,-1.1425,-0.325563,-0.907732,-0.264635,-0.44642,-0.017404,0.401974
6217,-13.1377,-0.241598,0.829125,-0.504165,-0.448148,-0.0346586,0.403449
6218,-19.0479,-0.711973,-0.186603,-0.676959,-0.454758,-0.0682786,0.409559
6219,-21.1892,-0.717571,-0.612403,-0.331743,-0.459822,-0.0843573,0.413884
6220,-21.9962,-0.419072,-0.83154,0.364581,-0.469166,-0.107251,0.422263
6221,-21.5335,-0.744085,-0.665848,0.0546283,-0.480648,-0.128309,0.43257
6222,-18.9901,0.473278,0.655546,-0.588444,-0.494072,-0.147171,0.444628
6223,-37.3876,0.803654,0.523261,-0.283439,-0.509207,-0.163515,0.458231
6224,-17.7604,0.269145,0.39225,-0.879603,-0.531325,-0.180919,0.478677
6225,-19.7374,-0.051681,0.212113,-0.975878,-0.543552,-0.187579,0.489119
6226,-9.00209,0.323627,-0.0800926,0.942789,-0.568221,-0.196587,0.511923
6227,-11.124,0.741408,0.00583726,0.67103,-0.581341,-0.198859,0.523129
6228,-12.8399,0.555123,-0.0636978,-0.829325,-0.600728,-0.199429,0.540585
6229,-7.80921,-0.616554,-0.016241,-0.787145,-0.620001,-0.196587,0.557944
6230,-5.60995,-0.0971643,-0.200537,-0.974856,-0.644671,-0.187579,0.580748
6231,-2.97404,-0.781673,0.433513,0.44839,-0.656897,-0.180919,0.59119
6232,-0.935586,-0.894118,0.44745,0.0184979,-0.679016,-0.163515,0.611636
6233,-25.5525,0.252196,-0.610019,-0.751181,-0.689515,-0.152921,0.620603
6234,-23.3655,0.60715,-0.737625,-0.295429,-0.707574,-0.128309,0.637297
6235,-17.1998,0.63435,0.0836583,0.768506,-0.715631,-0.114501,0.644177
6236,-17.157,0.404569,-0.89039,-0.208639,-0.728401,-0.0843573,0.655982
6237,-17.2421,0.666356,0.0466355,0.744174,-0.733465,-0.0682786,0.660307
6238,-10.7189,0.323123,-0.943511,0.0733404,-0.740074,-0.0346586,0.666417
6239,-1.08603,-0.577289,-0.467273,-0.669621,-0.741801,-0.017404,0.667893
6240,0.520154,-0.65927,-0.49595,-0.565153,-0.687113,0.017404,0.724035
6241,0.673634,0.349656,-0.771234,0.531919,-0.685506,0.0346586,0.722429
6242,0.778966,-0.675759,-0.665313,-0.317344,-0.679396,0.0682786,0.715819
6243,0.996532,0.44218,-0.500277,0.744446,-0.674687,0.0843573,0.71111
6244,1.08152,-0.677839,-0.734073,0.0408777,-0.662883,0.114501,0.69834
6245,1.7751,-0.289034,-0.736494,0.611585,-0.651657,0.134865,0.686476
6246,-0.0173495,-0.725357,0.0114428,-0.688278,-0.638697,0.152921,0.672789
6247,4.46718,0.725661,0.539233,-0.427368,-0.624225,0.168359,0.657512
6248,2.71158,0.413702,-0.184503,0.891521,-0.608487,0.180919,0.640907
6249,2.97957,0.621028,-0.0518851,0.782069,-0.591755,0.190381,0.623259
6250,1.39804,-0.782068,-0.192329,0.592772,-0.574314,0.196587,0.604869
6251,-0.0242647,-0.717691,0.00158905,-0.69636,-0.556462,0.199429,0.586051
6252,-1.76928,-0.55421,-0.0154198,-0.832234,-0.544156,0.199429,0.573745
6253,2.12601,-0.17866,0.165918,0.969821,-0.52075,0.194885,0.548424
6254,1.78353,-0.47321,0.314371,0.822948,-0.5035,0.187579,0.530258
6255,0.729301,-0.953143,0.294926,-0.0673602,-0.487052,0.177061,0.512941
6256,-2.82639,0.873068,-0.17232,0.456133,-0.471686,0.163515,0.49677
6257,-3.17248,0.553594,-0.658406,-0.509937,-0.461922,0.152921,0.487008
6258,-3.08859,0.756994,-0.0398456,0.652205,-0.445228,0.128309,0.468948
6259,-3.55386,0.650769,-0.754561,-0.0844867,-0.437736,0.114501,0.461456
6260,-3.6441,0.625185,-0.7785,0.0555126,-0.428438,0.0921786,0.451618
6261,-2.47641,0.712335,-0.584495,0.388515,-0.419403,0.0600213,0.441845
6262,-1.42913,0.0273255,-0.970988,-0.237563,-0.415112,0.0346586,0.437366
6263,-3.36735,0.209423,-0.971965,0.106891,-0.413506,0.017404,0.43576
6264,-2.41988,-0.519788,-0.747376,-0.413822,-0.413135,-0.00870199,0.435327
6265,-3.68583,0.261617,-0.842999,0.470009,-0.415112,-0.0346586,0.437366
6266,-11.9766,0.595745,0.780307,0.190287,-0.419403,-0.0600213,0.441845
6267,-20.2904,-0.392636,-0.889451,0.23391,-0.428438,-0.0921786,0.451618
6268,-20.5135,-0.306994,-0.828069,0.469102,-0.437736,-0.114501,0.461456
6269,-21.0589,-0.858025,-0.432507,-0.277004,-0.445228,-0.128309,0.468948
6270,-17.8937,-0.00691919,0.538765,-0.842428,-0.461922,-0.152921,0.487008
6271,-33.6824,-0.926053,-0.342126,-0.159295,-0.471686,-0.163515,0.49677
6272,-35.7738,0.448008,-0.168154,0.878074,-0.487052,-0.177061,0.512941
6273,-36.9167,0.975373,0.2195,0.0216024,-0.5035,-0.187579,0.530258
6274,-19.0061,0.574569,0.193885,-0.79516,-0.52075,-0.194885,0.548424
6275,-10.3151,0.988488,0.0509013,-0.142482,-0.544156,-0.199429,0.573745
6276,-12.2415,0.894437,-0.0612006,-0.442987,-0.556462,-0.199429,0.586051
6277,-4.61394,0.63655,0.0266531,0.770775,-0.574314,-0.196587,0.604869
6278,-6.70959,0.316004,-0.29758,-0.900881,-0.591755,-0.190381,0.623259
6279,-0.0837621,0.572351,-0.442057,-0.690652,-0.608487,-0.180919,0.640907
6280,-2.02097,-0.900036,0.225378,-0.373015,-0.624225,-0.168359,0.657512
6281,-28.9404,0.0262611,0.53038,0.847353,-0.638697,-0.152921,0.672789
6282,-24.5342,0.792226,-0.610213,0.00421888,-0.651657,-0.134865,0.686476
6283,-17.4728,0.788036,-0.142518,0.598905,-0.662883,-0.114501,0.69834
6284,-17.1813,0.370097,-0.892749,-0.256959,-0.674687,-0.0843573,0.71111
6285,-17.2142,0.71533,0.0730164,0.694962,-0.679396,-0.0682786,0.715819
6286,-10.7235,0.324788,-0.944736,0.0445804,-0.685506,-0.0346586,0.722429
6287,-1.06206,-0.618661,-0.488312,-0.615475,-0.687113,-0.017404,0.724035
6288,0.494311,-0.710513,-0.47341,-0.520629,-0.628187,0.017404,0.775713
6289,0.608328,0.344306,-0.809137,0.476183,-0.626712,0.0346586,0.773986
6290,0.752803,-0.709073,-0.647452,-0.279322,-0.621139,0.0682786,0.766917
6291,0.978914,0.487463,-0.513272,0.706351,-0.616813,0.0843573,0.761853
6292,1.11099,-0.656528,-0.745326,0.116019,-0.606048,0.114501,0.748196
6293,0.967087,-0.781735,-0.619129,0.0746314,-0.595788,0.134865,0.735489
6294,-0.834657,-0.899394,-0.428262,-0.0876437,-0.587795,0.147171,0.726131
6295,3.52987,0.921696,0.210453,0.325863,-0.570714,0.168359,0.704462
6296,1.8774,0.905379,0.118623,0.407697,-0.560925,0.177061,0.693001
6297,2.22872,0.0163541,-0.254484,0.966939,-0.541031,0.190381,0.667767
6298,0.310742,-0.373689,-0.188058,0.90829,-0.530114,0.194885,0.654984
6299,-0.0218907,-0.771596,0.00143345,-0.636112,-0.508766,0.199429,0.627904
6300,-1.84715,-0.554823,-0.0203237,-0.83172,-0.497463,0.199429,0.61467
6301,0.708914,0.0121218,0.152993,0.988153,-0.481142,0.196587,0.59451
6302,1.7348,-0.450102,0.317303,0.834702,-0.460344,0.187579,0.568128
6303,-0.0579409,-0.751849,-0.0256301,-0.658837,-0.445305,0.177061,0.549574
6304,-3.59297,0.820954,-0.492024,-0.289735,-0.435517,0.168359,0.538113
6305,-3.46132,0.706009,-0.61975,-0.342726,-0.422288,0.152921,0.521748
6306,-2.80181,0.876401,-0.250659,0.411207,-0.407062,0.128309,0.502434
6307,-2.65343,0.854816,-0.390061,0.34226,-0.397334,0.107251,0.490458
6308,-4.62696,0.802104,-0.0609532,0.594065,-0.391682,0.0921786,0.483842
6309,-0.144012,-0.748667,-0.13591,-0.648865,-0.383442,0.0600213,0.47339
6310,-1.97863,-0.669778,-0.395907,-0.628216,-0.380517,0.0432113,0.469964
6311,-1.36846,-0.118187,-0.977507,-0.174675,-0.377706,0.00870199,0.466399
6312,-3.26228,0.0523414,-0.990915,0.123884,-0.377706,-0.00870199,0.466399
6313,-14.0871,-0.15987,-0.979573,0.121979,-0.380517,-0.0432113,0.469964
6314,-9.69414,0.00711849,-0.91597,0.401184,-0.383442,-0.0600213,0.47339
6315,-10.4073,0.489817,-0.510699,0.706587,-0.389416,-0.0843573,0.480721
6316,-21.7401,-0.542642,-0.800919,0.253116,-0.397334,-0.107251,0.490458
6317,-21.352,-0.805671,-0.591825,0.0252479,-0.407062,-0.128309,0.502434
6318,-17.676,0.125237,0.608223,-0.783825,-0.422288,-0.152921,0.521748
6319,-32.852,-0.615453,-0.550837,0.563734,-0.435517,-0.168359,0.538113
6320,-34.9484,-0.246964,-0.414899,0.87571,-0.445305,-0.177061,0.549574
6321,-36.8099,0.979973,0.193197,0.048253,-0.460344,-0.187579,0.568128
6322,-5.38043,-0.00979529,0.153277,-0.988135,-0.481142,-0.196587,0.59451
6323,-16.4169,0.998282,0.042635,-0.0401872,-0.497463,-0.199429,0.61467
6324,-12.0154,0.950278,-0.0544131,-0.306613,-0.508766,-0.199429,0.627904
6325,-3.80326,0.992661,-0.119966,0.0152212,-0.530114,-0.194885,0.654984
6326,-5.85147,0.877805,-0.286911,-0.383589,-0.541031,-0.190381,0.667767
6327,0.824123,-0.125922,-0.324831,-0.937352,-0.560925,-0.177061,0.693001
6328,-1.0514,-0.398784,-0.291508,-0.869479,-0.570714,-0.168359,0.704462
6329,-28.0691,0.674002,0.134423,0.726397,-0.587795,-0.147171,0.726131
6330,-23.7016,0.826571,-0.0854128,0.556314,-0.595788,-0.134865,0.735489
6331,-17.4741,0.832878,-0.143559,0.534513,-0.606048,-0.114501,0.748196
6332,-17.1988,0.335498,-0.894136,-0.296582,-0.616813,-0.0843573,0.761853
6333,-17.1574,0.751698,0.126569,0.647248,-0.621139,-0.0682786,0.766917
6334,-10.6684,0.366675,-0.928778,0.0540484,-0.626712,-0.0346586,0.773986
6335,-1.04534,-0.657954,-0.502752,-0.560658,-0.628187,-0.017404,0.775713
6336,0.452689,-0.763595,-0.43645,-0.475851,-0.56539,0.017404,0.822609
6337,0.435926,0.246772,-0.892248,0.378149,-0.564054,0.0346586,0.820772
6338,0.629342,-0.777229,-0.557409,-0.291909,-0.559053,0.0682786,0.813287
6339,0.751582,0.37482,-0.665906,0.645042,-0.555138,0.0843573,0.807899
6340,0.248192,-0.114023,-0.810416,0.574651,-0.548008,0.107251,0.797571
6341,0.861994,-0.819167,-0.570975,0.0543329,-0.536246,0.134865,0.779966
6342,-0.827454,-0.901884,-0.431845,-0.0107531,-0.529012,0.147171,0.77001
6343,3.27065,0.884001,0.0715415,0.461979,-0.513682,0.168359,0.747067
6344,1.67175,0.862411,0.0290703,0.505373,-0.504824,0.177061,0.734874
6345,1.06122,0.436692,-0.167237,0.88393,-0.491286,0.187579,0.715197
6346,6.06353,-0.739087,-0.188761,0.646621,-0.47709,0.194885,0.694557
6347,-1.09475,-0.987933,-0.02771,-0.152385,-0.46248,0.198859,0.673305
6348,1.4762,-0.630444,0.0651971,0.773492,-0.443157,0.198859,0.644387
6349,-0.3108,-0.796553,0.183451,0.576063,-0.433015,0.196587,0.630427
6350,1.69133,-0.422271,0.319277,0.84838,-0.41435,0.187579,0.602494
6351,0.157424,-0.899298,0.0693908,-0.431796,-0.400812,0.177061,0.582818
6352,-2.54652,0.947436,-0.311592,0.0726334,-0.388166,0.163515,0.564442
6353,-2.65261,0.930179,-0.309847,0.196881,-0.376624,0.147171,0.547682
6354,-3.53695,0.674151,-0.686321,-0.272917,-0.369391,0.134865,0.537726
6355,-3.94893,0.821487,-0.561775,0.0978125,-0.360159,0.114501,0.524252
6356,-1.96668,-0.662894,-0.360176,-0.656388,-0.352513,0.0921786,0.513081
6357,-1.75221,0.325541,-0.931466,-0.162464,-0.345118,0.0600213,0.502014
6358,-3.29837,0.242958,-0.96758,-0.0689997,-0.34247,0.0432113,0.49837
6359,-1.80606,0.2291,-0.970376,0.0767003,-0.339949,0.00870199,0.494596
6360,-3.4163,0.188584,-0.961129,0.20166,-0.339949,-0.00870199,0.494596
6361,-7.9924,0.00743881,-0.971426,0.237226,-0.34247,-0.0432113,0.49837
6362,-9.64699,-0.0016119,-0.926296,0.376793,-0.345118,-0.0600213,0.502014
6363,-8.97707,0.643216,-0.388313,0.659914,-0.352513,-0.0921786,0.513081
6364,-20.0907,-0.561037,-0.786888,0.256993,-0.360159,-0.114501,0.524252
6365,-20.5021,-0.297034,-0.749569,0.591538,-0.369391,-0.134865,0.537726
6366,-15.1935,-0.787626,-0.564399,0.247183,-0.376624,-0.147171,0.547682
6367,-12.3681,0.639849,0.541104,-0.545711,-0.388166,-0.163515,0.564442
6368,-35.1088,-0.0229366,-0.384959,0.922649,-0.400812,-0.177061,0.582818
6369,-36.7145,0.983795,0.167833,0.0630789,-0.41435,-0.187579,0.602494
6370,-4.3349,0.812994,0.181496,-0.553263,-0.433015,-0.196587,0.630427
6371,-6.18557,0.662578,0.0648783,-0.746178,-0.443157,-0.198859,0.644387
6372,-5.01265,0.283676,-0.0625638,-0.956877,-0.46248,-0.198859,0.673305
6373,-9.60546,0.915852,-0.0350838,0.399981,-0.47709,-0.194885,0.694557
6374,-4.58944,0.624057,-0.319201,-0.713207,-0.491286,-0.187579,0.715197
6375,-5.23994,0.0118648,-0.382401,-0.92392,-0.504824,-0.177061,0.734874
6376,-0.727939,-0.178043,-0.426863,-0.886616,-0.513682,-0.168359,0.747067
6377,-21.8043,0.739446,0.122497,0.661978,-0.529012,-0.147171,0.77001
6378,-23.5638,0.822417,0.0180963,0.568597,-0.536246,-0.134865,0.779966
6379,-16.5653,0.777412,-0.628827,0.0144363,-0.548008,-0.107251,0.797571
6380,-16.9997,0.465076,-0.862333,-0.200218,-0.555138,-0.0843573,0.807899
6381,-16.9804,0.73694,0.289816,0.610677,-0.559053,-0.0682786,0.813287
6382,-10.4913,0.496583,-0.858712,0.12657,-0.564054,-0.0346586,0.820772
6383,-1.01904,-0.68784,-0.525259,-0.500979,-0.56539,-0.017404,0.822609
6384,0.705721,-0.684797,-0.647197,-0.334945,-0.499105,0.017404,0.864434
6385,1.2567,-0.360162,-0.932827,0.0108081,-0.497146,0.0432113,0.860981
6386,0.780132,-0.730588,-0.666096,-0.15019,-0.49352,0.0682786,0.854643
6387,0.561988,0.267302,-0.767232,0.583014,-0.49004,0.0843573,0.848965
6388,0.272474,-0.046408,-0.805648,0.590574,-0.483742,0.107251,0.838108
6389,-0.213193,-0.519462,-0.730746,0.44291,-0.476008,0.128309,0.824758
6390,1.85502,0.936878,0.166156,0.307656,-0.466967,0.147171,0.809143
6391,2.17768,0.953191,0.301931,0.0162684,-0.456776,0.163515,0.791529
6392,1.03828,0.500064,-0.237974,0.832649,-0.44561,0.177061,0.772217
6393,5.95066,-0.746683,-0.299888,0.593744,-0.433658,0.187579,0.751539
6394,-0.0572335,-0.843664,0.0111682,-0.536755,-0.417243,0.196587,0.722227
6395,-0.542764,-0.886889,-0.0547099,0.458731,-0.408228,0.198859,0.707515
6396,0.864796,-0.937083,0.0498364,0.345532,-0.391233,0.198859,0.677169
6397,-0.812783,-0.972053,0.12865,0.196372,-0.382217,0.196587,0.662457
6398,0.38033,-0.14215,0.302871,0.942371,-0.36955,0.190381,0.640504
6399,-1.11557,-0.97533,0.180471,-0.12713,-0.3574,0.180919,0.619437
6400,-3.41105,0.732886,0.147982,0.664062,-0.342683,0.163515,0.593158
6401,-3.75113,0.815185,-0.529409,-0.234948,-0.335469,0.152921,0.581385
6402,-3.5854,0.68204,-0.670687,-0.291549,-0.326062,0.134865,0.56505
6403,-1.30948,0.0367179,-0.803411,-0.594291,-0.315718,0.107251,0.546577
6404,-3.26698,0.337914,-0.887883,-0.312214,-0.311171,0.0921786,0.539157
6405,-1.90357,0.433361,-0.89505,-0.105277,-0.304667,0.0600213,0.527544
6406,-3.38935,0.31257,-0.949007,-0.0410642,-0.302314,0.0432113,0.523704
6407,-1.94338,0.347369,-0.929396,0.124731,-0.300096,0.00870199,0.519744
6408,-3.74328,0.46565,-0.824051,0.322661,-0.300096,-0.00870199,0.519744
6409,-7.98491,0.0194958,-0.972432,0.232369,-0.302314,-0.0432113,0.523704
6410,-9.48517,-0.115123,-0.945922,0.30328,-0.304667,-0.0600213,0.527544
6411,-7.86414,-0.20711,-0.896962,0.390596,-0.311171,-0.0921786,0.539157
6412,-9.86316,0.104928,-0.760513,0.640788,-0.315718,-0.107251,0.546577
6413,-20.462,-0.285368,-0.751485,0.594841,-0.326062,-0.134865,0.56505
6414,-14.0171,-0.469091,-0.654829,0.592582,-0.335469,-0.152921,0.581385
6415,-11.4562,0.962378,0.230743,0.143478,-0.342683,-0.163515,0.593158
6416,-33.741,0.278118,-0.322553,0.904771,-0.3574,-0.180919,0.619437
6417,-35.289,0.958353,0.214827,-0.188172,-0.36955,-0.190381,0.640504
6418,-29.7941,0.523082,0.19498,-0.829679,-0.382217,-0.196587,0.662457
6419,-31.5551,0.398026,0.0651643,-0.915057,-0.391233,-0.198859,0.677169
6420,-4.11241,0.895044,-0.0540528,-0.44269,-0.408228,-0.198859,0.707515
6421,0.185598,0.661117,-0.190359,-0.725732,-0.417243,-0.196587,0.722227
6422,-9.532,0.916997,-0.0344196,0.397407,-0.433658,-0.187579,0.751539
6423,-4.57287,0.555237,-0.438307,-0.706823,-0.44561,-0.177061,0.772217
6424,0.47169,-0.592647,-0.252567,-0.764839,-0.456776,-0.163515,0.791529
6425,-9.0396,0.670595,0.247832,0.699201,-0.466967,-0.147171,0.809143
6426,-22.44,0.925797,-0.32637,0.190744,-0.476008,-0.128309,0.824758
6427,-16.6755,0.718426,-0.684859,-0.121787,-0.483742,-0.107251,0.838108
6428,-16.8511,0.558374,-0.81623,-0.148282,-0.49004,-0.0843573,0.848965
6429,-16.9978,0.789753,0.27402,0.54882,-0.49352,-0.0682786,0.854643
6430,-11.2712,0.866578,-0.259737,0.426121,-0.497146,-0.0432113,0.860981
6431,-1.34345,-0.84226,-0.227425,-0.488749,-0.499105,-0.017404,0.864434
6432,0.114413,0.0741999,-0.991627,0.105686,-0.429962,0.00870199,0.901455
6433,0.397491,-0.868934,-0.379677,-0.31749,-0.428062,0.0432113,0.897333
6434,0.124245,-0.032424,-0.941118,0.336519,-0.426017,0.0600213,0.893319
6435,0.217892,-0.000485504,-0.879034,0.476759,-0.421921,0.0843573,0.884795
6436,-0.030756,-0.279854,-0.830523,0.481573,-0.416494,0.107251,0.873479
6437,1.85178,0.948381,0.189761,0.254094,-0.40983,0.128309,0.859563
6438,3.34018,0.952375,0.130136,0.275764,-0.399534,0.152921,0.837229
6439,1.30631,0.766443,-0.162756,0.62135,-0.393266,0.163515,0.824927
6440,6.55345,-0.975412,-0.118168,-0.186033,-0.380656,0.180919,0.797573
6441,-0.500757,-0.805768,-0.276185,0.523889,-0.373356,0.187579,0.783247
6442,-1.22807,-0.989445,-0.0584923,-0.132583,-0.362564,0.194885,0.760639
6443,-1.01182,-0.995701,-0.0325287,0.0867269,-0.351457,0.198859,0.737363
6444,-0.627478,-0.489859,-0.0384493,-0.870954,-0.336896,0.198859,0.705777
6445,1.87941,-0.115361,0.186033,0.975748,-0.32579,0.194885,0.682502
6446,0.289707,-0.983545,0.0918747,-0.155559,-0.314998,0.187579,0.659895
6447,0.301289,-0.978641,0.131342,-0.158148,-0.304706,0.177061,0.638343
6448,-2.97372,0.953526,-0.0928786,0.286638,-0.295088,0.163515,0.618216
6449,-2.72838,0.958067,-0.26486,0.109348,-0.286311,0.147171,0.599856
6450,-3.00259,0.171599,-0.74729,-0.641959,-0.280724,0.134865,0.588891
6451,-1.24512,-0.0702973,-0.787956,-0.611706,-0.27186,0.107251,0.569663
6452,-2.63779,0.884648,-0.433039,0.172845,-0.266434,0.0843573,0.558346
6453,-3.38059,0.850493,0.224184,0.475819,-0.262337,0.0600213,0.549822
6454,-5.04461,0.828997,0.32694,0.453734,-0.260292,0.0432113,0.545809
6455,-2.68665,-0.372308,-0.89751,-0.236353,-0.25861,0.017404,0.542213
6456,-8.14405,0.233529,-0.956177,0.176609,-0.25861,-0.017404,0.542213
6457,-6.30859,-0.909921,-0.0249117,-0.414032,-0.260292,-0.0432113,0.545809
6458,-7.98668,-0.917711,-0.113426,-0.380712,-0.262337,-0.0600213,0.549822
6459,-8.71027,-0.744568,-0.667281,0.0188368,-0.266434,-0.0843573,0.558346
6460,-10.0532,0.326738,-0.683277,0.652973,-0.27186,-0.107251,0.569663
6461,-8.22528,0.0723662,-0.700853,0.709626,-0.280724,-0.134865,0.588891
6462,-15.0917,-0.797843,-0.526777,0.293176,-0.286311,-0.147171,0.599856
6463,-8.67518,-0.887008,-0.394278,0.240336,-0.295088,-0.163515,0.618216
6464,-10.5345,0.619812,-0.210751,0.755921,-0.304706,-0.177061,0.638343
6465,-35.1976,0.188454,-0.264903,0.945681,-0.314998,-0.187579,0.659895
6466,-36.8447,0.96487,0.122448,-0.232446,-0.32579,-0.194885,0.682502
6467,-30.0754,0.970956,0.0124395,0.238937,-0.336896,-0.198859,0.705777
6468,-29.6118,0.616408,-0.0637155,-0.784845,-0.351457,-0.198859,0.737363
6469,1.45945,0.307153,-0.194022,-0.931672,-0.362564,-0.194885,0.760639
6470,-8.30367,0.0377584,0.289646,0.956389,-0.373356,-0.187579,0.783247
6471,-10.1745,0.311474,0.334345,0.889493,-0.380656,-0.180919,0.797573
6472,1.39857,0.187229,-0.547618,-0.815512,-0.393266,-0.163515,0.824927
6473,-0.721551,-0.337246,-0.507882,-0.792667,-0.399534,-0.152921,0.837229
6474,-9.07916,0.760969,0.254788,0.596665,-0.40983,-0.128309,0.859563
6475,-16.3773,0.856433,-0.516027,0.0154459,-0.416494,-0.107251,0.873479
6476,-16.8532,0.543452,-0.817001,-0.192793,-0.421921,-0.0843573,0.884795
6477,-17.2032,0.89279,0.0833408,0.442696,-0.424944,-0.0682786,0.890729
6478,-10.9495,0.902431,0.0527457,0.427592,-0.428062,-0.0432113,0.897333
6479,2.4876,0.737387,-0.607064,0.296198,-0.429962,-0.00870199,0.901455
6480,0.0594544,0.0307132,-0.996252,0.0808607,-0.357909,0.00870199,0.932411
6481,0.394272,-0.89213,-0.376765,-0.249304,-0.356338,0.0432113,0.928153
6482,0.258131,0.120185,-0.918592,0.376489,-0.354615,0.0600213,0.923991
6483,0.167998,-0.0104656,-0.886856,0.461927,-0.3512,0.0843573,0.915171
6484,2.52337,0.653149,-0.482023,0.583995,-0.345181,0.114501,0.898856
6485,3.02917,0.355313,0.744919,-0.564666,-0.341126,0.128309,0.889068
6486,2.47538,0.800993,0.50632,-0.319452,-0.33464,0.147171,0.87223
6487,5.22038,-0.204966,0.485672,-0.849771,-0.32509,0.168359,0.846343
6488,3.09752,0.923605,-0.0195002,0.38285,-0.316905,0.180919,0.82498
6489,-0.655218,-0.851192,-0.247563,0.462801,-0.310752,0.187579,0.810125
6490,-0.426387,-0.713808,0.0807465,-0.695671,-0.299124,0.196587,0.778607
6491,-2.38919,-0.352704,0.0495269,-0.934423,-0.292521,0.198859,0.762665
6492,-1.95327,0.670567,-0.060757,-0.739357,-0.280483,0.198859,0.730035
6493,1.25631,-0.613033,0.185665,0.767932,-0.271237,0.194885,0.70596
6494,-0.758825,-0.899663,0.224995,0.374145,-0.264804,0.190381,0.690429
6495,-0.531883,-0.651174,-0.224474,-0.724971,-0.253682,0.177061,0.660282
6496,-4.01973,0.917563,-0.340819,-0.204747,-0.247914,0.168359,0.646358
6497,-4.12766,0.934385,-0.347709,-0.0776064,-0.24039,0.152921,0.626706
6498,-3.73681,0.731492,-0.611622,-0.301393,-0.233655,0.134865,0.609102
6499,-2.68956,-0.216619,-0.755883,-0.617833,-0.227824,0.114501,0.593845
6500,-3.984,0.810704,-0.585396,-0.00842999,-0.222996,0.0921786,0.581198
6501,-0.335256,-0.849378,-0.311578,-0.426,-0.21839,0.0600213,0.56871
6502,-2.1735,-0.730092,-0.562182,-0.38848,-0.216666,0.0432113,0.564549
6503,-6.87991,-0.76335,-0.56074,-0.32073,-0.215094,0.00870199,0.56029
6504,-9.05969,-0.35829,-0.931188,-0.0672143,-0.215094,-0.00870199,0.56029
6505,-24.9807,-0.917148,0.148525,-0.369837,-0.216666,-0.0432113,0.564549
6506,-20.558,-0.944727,-0.118121,-0.305839,-0.21839,-0.0600213,0.56871
6507,-7.3474,-0.588986,-0.784333,0.194724,-0.222996,-0.0921786,0.581198
6508,-8.67543,0.555982,-0.566499,0.608246,-0.227824,-0.114501,0.593845
6509,-7.54701,-0.500937,-0.716947,0.484819,-0.233655,-0.134865,0.609102
6510,-13.6422,-0.674574,-0.58044,0.456113,-0.24039,-0.152921,0.626706
6511,-7.54547,-0.559013,-0.52962,0.637971,-0.247914,-0.168359,0.646358
6512,-9.65248,-0.125216,-0.434442,0.891953,-0.253682,-0.177061,0.660282
6513,-34.0856,0.686676,-0.146191,0.712112,-0.264804,-0.190381,0.690429
6514,-36.186,0.944552,0.00376232,0.328339,-0.271237,-0.194885,0.70596
6515,-36.2668,0.967794,0.00648832,0.251661,-0.280483,-0.198859,0.730035
6516,-28.2481,0.928815,0.00171785,0.370541,-0.292521,-0.198859,0.762665
6517,-30.2947,0.995679,-0.0780099,-0.0503835,-0.299124,-0.196587,0.778607
6518,0.958608,-0.270931,-0.263221,-0.925911,-0.310752,-0.187579,0.810125
6519,-0.957673,-0.560377,-0.267269,-0.783929,-0.316905,-0.180919,0.82498
6520,-8.87271,-0.757766,0.46352,0.459282,-0.32509,-0.168359,0.846343
6521,0.196381,-0.869402,-0.128704,-0.477049,-0.33464,-0.147171,0.87223
6522,-0.338094,-0.960739,0.249466,-0.121439,-0.341126,-0.128309,0.889068
6523,-9.77568,0.121333,0.787034,0.60486,-0.345181,-0.114501,0.898856
6524,-16.5409,0.744327,-0.663704,-0.0739855,-0.3512,-0.0843573,0.915171
6525,-16.4241,0.780721,-0.621671,0.06324,-0.354615,-0.0600213,0.923991
6526,-10.658,0.860004,0.331906,0.387597,-0.356338,-0.0432113,0.928153
6527,-1.81612,-0.916132,0.239809,-0.321238,-0.357733,-0.017404,0.931869
6528,0.658912,-0.771827,-0.61095,-0.176132,-0.283516,0.017404,0.957063
6529,-0.0292847,-0.088386,-0.980148,0.177477,-0.282815,0.0346586,0.954903
6530,0.0285442,-0.0719103,-0.946875,0.31346,-0.281026,0.0600213,0.948965
6531,0.176055,0.0336104,-0.885719,0.463003,-0.278313,0.0843573,0.939905
6532,2.89096,0.895007,-0.206271,0.395492,-0.273593,0.114501,0.923167
6533,2.78398,0.526,0.697467,-0.486687,-0.27032,0.128309,0.913091
6534,2.6824,0.632058,0.582366,-0.511227,-0.265174,0.147171,0.895797
6535,4.10087,0.737283,0.455154,-0.499249,-0.257684,0.168359,0.86924
6536,2.29273,0.898635,0.280573,-0.337244,-0.253026,0.177061,0.854906
6537,-1.1852,-0.992371,-0.10982,0.0560369,-0.246232,0.187579,0.832009
6538,-1.64661,-0.925792,0.0222776,-0.377376,-0.23911,0.194885,0.807992
6539,-0.0299869,-0.953906,0.00196369,-0.3001,-0.22975,0.199429,0.774804
6540,-2.19787,0.784069,-0.0530295,-0.618404,-0.22234,0.198859,0.749791
6541,0.560337,0.248984,0.169262,0.953602,-0.217008,0.196587,0.733381
6542,3.19761,0.975335,-0.0180059,0.219996,-0.207889,0.187579,0.701047
6543,-0.198657,-0.895485,-0.0873516,-0.436437,-0.201095,0.177061,0.678151
6544,-3.1189,0.967325,-0.0126111,0.253224,-0.194745,0.163515,0.656766
6545,-3.50185,0.554432,-0.610138,-0.565984,-0.190478,0.152921,0.643635
6546,-1.68429,0.286754,-0.747253,-0.599487,-0.183803,0.128309,0.619965
6547,-3.71231,0.662543,-0.689892,-0.291694,-0.180529,0.114501,0.609889
6548,-2.58209,-0.393817,-0.768371,-0.504493,-0.176708,0.0921786,0.596902
6549,-4.47715,0.957942,-0.209102,0.196526,-0.17375,0.0682786,0.586818
6550,-2.86812,0.940985,-0.264892,0.210664,-0.171307,0.0346586,0.578154
6551,-6.98086,-0.726161,-0.641064,-0.24845,-0.170472,0.00870199,0.575439
6552,-8.95322,-0.455241,-0.887772,-0.067948,-0.170472,-0.00870199,0.575439
6553,-1.89109,-0.93207,-0.301706,-0.200547,-0.171307,-0.0346586,0.578154
6554,-10.1986,0.749319,0.661848,-0.0218524,-0.17375,-0.0682786,0.586818
6555,-18.2853,-0.749106,0.479694,-0.456873,-0.176708,-0.0921786,0.596902
6556,-7.63232,-0.358636,-0.811331,0.461651,-0.180529,-0.114501,0.609889
6557,-9.71285,0.0767021,-0.726382,0.682998,-0.183803,-0.128309,0.619965
6558,-7.83061,-0.226461,-0.659432,0.716843,-0.190478,-0.152921,0.643635
6559,-14.7019,-0.943871,-0.282005,0.171992,-0.194745,-0.163515,0.656766
6560,-9.92987,0.218763,-0.394642,0.892413,-0.201095,-0.177061,0.678151
6561,-38.1268,-0.128637,0.297394,-0.946049,-0.207889,-0.187579,0.701047
6562,-35.4057,0.836195,0.146454,-0.528516,-0.217008,-0.196587,0.733381
6563,-26.5416,-0.888932,0.0130848,-0.457853,-0.22234,-0.198859,0.749791
6564,-35.0193,0.14768,0.0597341,0.98723,-0.22975,-0.199429,0.774804
6565,-26.2926,-0.628561,0.178974,0.756888,-0.23911,-0.194885,0.807992
6566,-28.5046,-0.0675026,0.315647,0.946473,-0.244304,-0.190381,0.82398
6567,-0.209689,-0.992043,0.0921253,-0.0858094,-0.253026,-0.177061,0.854906
6568,-2.04525,-0.966511,0.237692,0.0967459,-0.257684,-0.168359,0.86924
6569,-6.30796,-0.967212,0.0163417,-0.253444,-0.265174,-0.147171,0.895797
6570,-0.124699,-0.977233,0.0935421,-0.190434,-0.27032,-0.128309,0.913091
6571,-0.337366,-0.155454,-0.790615,-0.592252,-0.273593,-0.114501,0.923167
6572,-7.36046,-0.561612,0.789953,0.246101,-0.278313,-0.0843573,0.939905
6573,-16.362,0.816899,-0.576133,0.0273167,-0.281026,-0.0600213,0.948965
6574,-10.1377,0.762691,-0.641463,0.0826285,-0.282815,-0.0346586,0.954903
6575,-1.06293,-0.831125,-0.4875,-0.267536,-0.283516,-0.017404,0.957063
6576,0.591516,-0.821257,-0.556428,-0.126196,-0.207553,0.017404,0.976357
6577,0.40204,0.34172,-0.905535,0.251462,-0.207022,0.0346586,0.974149
6578,1.09588,-0.504214,-0.842191,0.191004,-0.205266,0.0682786,0.96532
6579,-0.530682,-0.802248,0.454005,-0.387656,-0.203108,0.0921786,0.955035
6580,2.42478,0.740406,0.614944,-0.271374,-0.201077,0.107251,0.946573
6581,2.49531,0.711359,0.588487,-0.384255,-0.197845,0.128309,0.931486
6582,2.37517,0.803388,0.461459,-0.376329,-0.194072,0.147171,0.913841
6583,-2.98528,0.994073,0.0865343,0.0658069,-0.18869,0.168359,0.886778
6584,-1.15743,-0.97607,-0.163443,0.143434,-0.185172,0.177061,0.872123
6585,-0.76477,-0.579773,0.222681,-0.783758,-0.178903,0.190381,0.840608
6586,-2.40101,-0.487303,0.149066,-0.860416,-0.174978,0.194885,0.824262
6587,-0.889927,-0.466117,0.0508877,-0.883258,-0.168251,0.199429,0.790441
6588,-2.91571,0.00923652,-0.0643524,-0.997884,-0.164188,0.199429,0.773519
6589,0.22224,-0.00893449,0.191953,0.981364,-0.158799,0.196587,0.748147
6590,-1.71465,-0.931482,-0.0579193,-0.359146,-0.153537,0.190381,0.723353
6591,-1.5319,-0.98143,0.00164687,-0.191813,-0.148491,0.180919,0.699563
6592,-4.36934,0.98345,-0.169771,-0.0632707,-0.14375,0.168359,0.677183
6593,-4.15024,0.919388,-0.334938,-0.20626,-0.139393,0.152921,0.656595
6594,-4.53449,0.988945,-0.113904,0.0949449,-0.135494,0.134865,0.638153
6595,-2.49508,-0.485717,-0.67459,-0.555884,-0.132121,0.114501,0.622173
6596,-3.57732,0.852755,0.378611,0.359809,-0.128729,0.0843573,0.605117
6597,-5.39639,0.712048,0.607633,0.351809,-0.127174,0.0682786,0.598641
6598,-1.33839,-0.964597,0.218564,-0.147591,-0.125683,0.0432113,0.591492
6599,-7.70621,-0.972298,0.14444,-0.183774,-0.124887,0.017404,0.587604
6600,-0.477501,-0.876937,-0.458579,-0.143828,-0.124887,-0.017404,0.587604
6601,-13.3559,-0.717667,-0.696384,-0.00165021,-0.125683,-0.0432113,0.591492
6602,-9.26026,0.95728,-0.155094,0.244052,-0.127174,-0.0682786,0.598641
6603,-11.0997,0.984569,0.0777192,0.156791,-0.128729,-0.0843573,0.605117
6604,-18.3905,-0.83123,0.368522,-0.416232,-0.132121,-0.114501,0.622173
6605,-0.578623,-0.891439,-0.411315,0.19015,-0.135494,-0.134865,0.638153
6606,-7.2293,-0.692548,-0.535031,0.483859,-0.139393,-0.152921,0.656595
6607,-13.3919,-0.784329,-0.408483,0.466872,-0.14375,-0.168359,0.677183
6608,-8.49939,0.45022,-0.353587,0.819925,-0.148491,-0.180919,0.699563
6609,-8.2823,0.239314,-0.292568,0.925814,-0.153537,-0.190381,0.723353
6610,-35.0882,0.942752,0.0988065,-0.318522,-0.158799,-0.196587,0.748147
6611,-25.7054,-0.929792,-0.0354879,0.36637,-0.164188,-0.199429,0.773519
6612,-27.8114,-0.642641,0.0574078,0.764013,-0.168251,-0.199429,0.790441
6613,-32.6453,-0.508703,0.183969,0.841057,-0.174978,-0.194885,0.824262
6614,-27.9844,-0.490135,0.304559,0.816708,-0.178903,-0.190381,0.840608
6615,-11.3891,-0.214502,-0.408784,-0.887065,-0.185172,-0.177061,0.872123
6616,-6.7081,-0.225088,-0.513617,-0.827969,-0.18869,-0.168359,0.886778
6617,-0.203297,-0.990192,0.133172,-0.0422478,-0.194072,-0.147171,0.913841
6618,0.14748,-0.951244,-0.110521,-0.287958,-0.197845,-0.128309,0.931486
6619,0.206077,-0.937864,-0.170173,-0.30241,-0.201077,-0.107251,0.946573
6620,-3.62276,0.361601,0.80228,0.474965,-0.203108,-0.0921786,0.955035
6621,-8.28886,-0.920307,0.38814,-0.0488142,-0.205266,-0.0682786,0.96532
6622,-10.4495,0.541871,-0.838167,-0.0620536,-0.207022,-0.0346586,0.974149
6623,-1.15564,-0.891271,-0.40483,-0.204323,-0.207553,-0.017404,0.976357
6624,0.125502,0.114214,-0.990324,0.078824,-0.130354,0.00870199,0.990201
6625,0.296275,0.260628,-0.940269,0.219016,-0.129953,0.0346586,0.987389
6626,0.735904,-0.761431,-0.63568,0.127022,-0.128895,0.0682786,0.978449
6627,-0.690545,-0.732475,0.571365,-0.370165,-0.127551,0.0921786,0.968026
6628,2.83861,0.378839,0.788142,-0.485091,-0.126189,0.107251,0.959431
6629,3.09674,0.988597,-0.033726,0.146763,-0.123701,0.134865,0.938406
6630,1.42149,0.961529,-0.117297,0.248401,-0.121776,0.147171,0.926251
6631,-2.89209,0.986443,0.137258,-0.0899477,-0.118533,0.168359,0.898849
6632,-1.21655,-0.976027,-0.138789,0.167658,-0.116175,0.177061,0.883963
6633,-1.12069,-0.331849,0.289608,-0.897777,-0.112398,0.190381,0.852053
6634,-2.62752,-0.352184,0.17357,-0.919696,-0.109769,0.194885,0.835449
6635,-0.455302,-0.840322,0.0287981,-0.541323,-0.105716,0.199429,0.801205
6636,1.34751,-0.334244,0.063869,0.94032,-0.102311,0.198859,0.775341
6637,-0.196853,-0.951341,-0.0381843,-0.305766,-0.0989399,0.194885,0.749773
6638,-0.529613,-0.800804,-0.16248,-0.576466,-0.0956619,0.187579,0.724937
6639,-3.95104,0.812541,-0.293883,-0.503399,-0.0931466,0.180919,0.709056
6640,-4.12914,0.897411,-0.29084,-0.331762,-0.0901759,0.168359,0.686373
6641,-0.528061,-0.813284,-0.332336,-0.47762,-0.0869326,0.147171,0.658971
6642,-2.37373,-0.613974,-0.554411,-0.56184,-0.0850072,0.134865,0.646817
6643,-5.62667,0.536263,0.669698,0.513738,-0.0828986,0.114501,0.630621
6644,0.626928,-0.834698,0.526245,0.162314,-0.0808546,0.0843573,0.613352
6645,-1.02796,-0.875821,0.478902,0.0599233,-0.0798126,0.0682786,0.606774
6646,-7.57332,-0.962466,0.264459,-0.0609898,-0.0788879,0.0432113,0.59953
6647,-2.88488,-0.24223,-0.965806,-0.0924338,-0.0783992,0.017404,0.59559
6648,-24.9355,-0.972316,0.195515,-0.127967,-0.0783992,-0.017404,0.59559
6649,-23.325,0.2554,0.95341,-0.16056,-0.0788879,-0.0432113,0.59953
6650,-13.6458,-0.501837,-0.834966,0.225815,-0.0798126,-0.0682786,0.606774
6651,-15.3104,-0.447886,-0.820898,0.354296,-0.0808546,-0.0843573,0.613352
6652,-9.01172,0.883356,-0.333835,0.328994,-0.0828986,-0.114501,0.630621
6653,-12.2657,-0.925574,0.222755,-0.306092,-0.0850072,-0.134865,0.646817
6654,-7.88761,-0.99342,-0.00268684,-0.114498,-0.0869326,-0.147171,0.658971
6655,-7.29945,-0.605955,-0.472568,0.63992,-0.0901759,-0.168359,0.686373
6656,-7.54424,-0.403069,-0.421545,0.812303,-0.0931466,-0.180919,0.709056
6657,-9.53319,-0.0403599,-0.320802,0.946286,-0.0956619,-0.187579,0.724937
6658,-3.55683,0.258138,-0.181541,0.948898,-0.0989399,-0.194885,0.749773
6659,-36.2764,0.999933,0.00711754,0.00911757,-0.102311,-0.198859,0.775341
6660,-28.1385,-0.288406,0.0644897,0.955334,-0.105716,-0.199429,0.801205
6661,-26.1488,-0.621017,0.165959,0.766026,-0.109769,-0.194885,0.835449
6662,-27.787,-0.59363,0.278405,0.755046,-0.112398,-0.190381,0.852053
6663,1.2822,-0.181593,-0.424271,-0.88714,-0.116175,-0.177061,0.883963
6664,-0.44748,-0.310849,-0.508714,-0.802859,-0.118533,-0.168359,0.898849
6665,-5.24342,-0.426731,-0.568753,-0.70315,-0.121776,-0.147171,0.926251
6666,-0.959589,-0.752184,-0.447407,-0.483783,-0.123701,-0.134865,0.938406
6667,-0.229163,-0.981933,0.18892,0.0108293,-0.126189,-0.107251,0.959431
6668,-3.42393,0.210006,0.865701,0.454378,-0.127551,-0.0921786,0.968026
6669,-7.91012,-0.993772,0.0411768,-0.103549,-0.128895,-0.0682786,0.978449
6670,-10.365,0.604042,-0.792186,-0.0870352,-0.129953,-0.0346586,0.987389
6671,-3.87914,0.740153,-0.671039,0.0433642,-0.130354,-0.00870199,0.990201
6672,0.460304,0.439217,-0.895166,0.0759343,-0.0522612,0.00870199,0.997376
6673,1.24002,-0.331767,-0.927644,0.171484,-0.0520826,0.0432113,0.99284
6674,0.805975,-0.700975,-0.683262,0.204419,-0.0517293,0.0682786,0.985546
6675,-0.692671,-0.757868,0.572819,-0.312272,-0.0512066,0.0921786,0.975049
6676,2.94357,0.239161,0.811679,-0.532897,-0.0505239,0.107251,0.966374
6677,3.01016,0.98722,-0.0985663,0.125222,-0.0496933,0.134865,0.945219
6678,2.22254,0.58264,-0.52438,0.620932,-0.0487279,0.152921,0.926393
6679,-2.35093,0.726026,0.395128,-0.562814,-0.0476439,0.168359,0.905378
6680,-0.455725,-0.881756,0.194787,-0.429609,-0.0464613,0.180919,0.882531
6681,-0.835824,-0.642469,0.238597,-0.728221,-0.0451999,0.190381,0.858245
6682,-2.11886,0.553518,0.166643,-0.815995,-0.0438813,0.196587,0.832933
6683,-1.04979,-0.903623,-0.03035,0.427253,-0.0425279,0.198859,0.815732
6684,0.997884,-0.574588,0.0550307,0.816591,-0.0411626,0.198859,0.780978
6685,-0.205253,-0.970409,-0.0397953,-0.238164,-0.0398086,0.194885,0.755224
6686,-0.478799,-0.869723,-0.148166,-0.470774,-0.0384893,0.187579,0.730208
6687,-3.83895,0.69442,-0.329082,-0.639911,-0.0372279,0.180919,0.714179
6688,-1.61446,0.0762428,-0.555311,-0.828141,-0.0360453,0.163515,0.684081
6689,-3.71739,0.822048,0.359161,0.44186,-0.0349619,0.147171,0.66376
6690,-5.42828,0.719204,0.508139,0.473857,-0.0339966,0.134865,0.651492
6691,-0.0655974,-0.995648,-0.0545154,-0.0755829,-0.0331653,0.107251,0.630336
6692,-5.60782,-0.790722,0.560808,0.245465,-0.0324826,0.0843573,0.617804
6693,-7.4966,-0.944696,0.320047,0.0715471,-0.0319599,0.0682786,0.611165
6694,-2.88719,-0.236652,-0.951103,-0.198492,-0.0316066,0.0432113,0.603872
6695,-2.30122,0.668584,-0.743298,-0.0224496,-0.0314286,0.00870199,0.599335
6696,-4.53608,0.98283,-0.177536,0.050261,-0.0314286,-0.00870199,0.599335
6697,-24.9549,-0.98212,0.173475,-0.073123,-0.0316066,-0.0432113,0.603872
6698,-23.3689,0.204069,0.929405,-0.307511,-0.0319599,-0.0682786,0.611165
6699,-25.1889,-0.0214308,0.896355,-0.442818,-0.0324826,-0.0843573,0.617804
6700,-14.549,-0.932482,-0.316205,0.174619,-0.0331653,-0.107251,0.630336
6701,-9.31163,0.989919,-0.0849167,0.113356,-0.0339966,-0.134865,0.651492
6702,-11.0904,0.999023,0.0430674,-0.00986358,-0.0349619,-0.147171,0.66376
6703,-6.82302,-0.456776,0.485876,-0.745171,-0.0360453,-0.163515,0.684081
6704,-7.65227,-0.234709,-0.43364,0.869981,-0.0372279,-0.180919,0.714179
6705,-9.53878,0.0396126,-0.320652,0.946368,-0.0384893,-0.187579,0.730208
6706,-3.5228,0.299461,-0.183903,0.936217,-0.0398086,-0.194885,0.755224
6707,-35.8854,0.948838,-0.0182274,0.315236,-0.0411626,-0.198859,0.780978
6708,-24.2917,-0.636949,-0.0488144,-0.769359,-0.0425279,-0.198859,0.815732
6709,-26.7308,-0.998736,-0.00217937,-0.0502179,-0.0438813,-0.196587,0.832933
6710,-28.0521,-0.292291,0.310859,0.904396,-0.0451999,-0.190381,0.858245
6711,-2.80338,-0.397275,0.412088,0.819973,-0.0464613,-0.180919,0.882531
6712,2.19101,0.773874,0.337702,0.535795,-0.0476439,-0.168359,0.905378
6713,0.175765,0.232606,-0.645722,-0.727281,-0.0487279,-0.152921,0.926393
6714,-0.840534,-0.709206,-0.516015,-0.48037,-0.0496933,-0.134865,0.945219
6715,-0.379303,-0.936278,0.307954,0.168962,-0.0505239,-0.107251,0.966374
6716,-3.39258,0.214435,0.872634,0.43878,-0.0512066,-0.0921786,0.975049
6717,-7.96696,-0.995466,0.0948694,-0.00690814,-0.0517293,-0.0682786,0.985546
6718,-1.96473,-0.928481,0.369531,0.0370203,-0.0520826,-0.0432113,0.99284
6719,-4.26396,0.435527,-0.899203,-0.041838,-0.0522612,-0.00870199,0.997376
6720,0.33754,0.330913,-0.942399,0.0488027,0.0261534,0.00870199,0.998401
6721,-0.0804163,-0.0802702,-0.977025,0.19743,0.026108,0.0346586,0.995561
6722,0.824913,-0.668833,-0.695556,0.26242,0.0257547,0.0682786,0.986567
6723,-0.711669,-0.768023,0.585826,-0.258743,0.025452,0.0921786,0.976061
6724,2.85086,0.286499,0.791415,-0.539982,0.025452,0.107251,0.967359
6725,2.90219,0.976866,-0.178338,0.118017,0.0246214,0.134865,0.946204
6726,1.48758,-0.0536419,-0.657305,0.751713,0.0241067,0.152921,0.927361
6727,-3.20092,0.0592791,0.553511,-0.83073,0.0241067,0.163515,0.913553
6728,-0.856428,-0.681232,0.334379,-0.65124,0.022924,0.180919,0.883456
6729,-1.16878,-0.425186,0.295987,-0.855341,0.022276,0.190381,0.859145
6730,-3.30054,0.158278,0.191452,-0.968656,0.022276,0.194885,0.842335
6731,-1.34025,-0.973539,-0.0124542,0.228183,0.0216054,0.198859,0.816554
6732,0.400012,-0.905088,0.0255032,0.424459,0.02024,0.198859,0.7818
6733,-1.43429,-0.990668,0.0191014,0.134952,0.02024,0.196587,0.764545
6734,-1.64224,-0.997369,-0.0348677,-0.0635515,0.0195687,0.190381,0.739209
6735,-4.57504,0.990432,-0.0451132,-0.13042,0.0189207,0.180919,0.714898
6736,-3.35452,0.211276,-0.539182,-0.815257,0.0183074,0.168359,0.692029
6737,-4.73389,0.999433,0.0336503,-0.000915117,0.017738,0.152921,0.670993
6738,-2.965,-0.175602,-0.743606,-0.645146,0.017224,0.134865,0.652151
6739,-4.88207,0.985112,0.1583,0.0670466,0.0167727,0.114501,0.635825
6740,-6.25188,0.0312759,0.896909,0.441108,0.0163927,0.0921786,0.622294
6741,-2.19138,0.570794,-0.770436,-0.283941,0.01587,0.0600213,0.608994
6742,-4.01739,0.767485,-0.622303,-0.153968,0.01587,0.0432113,0.60449
6743,-4.34179,0.364292,0.930114,0.0466797,0.015692,0.00870199,0.599954
6744,-6.01904,0.260887,0.962577,-0.073377,0.015692,-0.00870199,0.599954
6745,-23.8724,-0.312524,0.933932,-0.173494,0.01587,-0.0432113,0.60449
6746,-25.7667,-0.591942,0.770014,-0.23808,0.01587,-0.0600213,0.608994
6747,-25.5837,-0.43559,0.813974,-0.384327,0.01609,-0.0843573,0.618449
6748,-3.753,0.805687,0.477399,-0.350655,0.0167727,-0.114501,0.635825
6749,-11.8134,-0.746797,0.514308,-0.421641,0.017224,-0.134865,0.652151
6750,-10.0227,0.809233,0.371313,-0.455267,0.017738,-0.152921,0.670993
6751,-11.5513,-0.554841,0.472227,-0.684948,0.0183074,-0.168359,0.692029
6752,-3.82581,0.752045,0.279746,-0.5968,0.0189207,-0.180919,0.714898
6753,-8.29669,0.461641,-0.290622,0.838109,0.0195687,-0.190381,0.739209
6754,-2.20758,0.625117,-0.15698,0.764582,0.02024,-0.196587,0.764545
6755,-4.10082,0.818748,-0.0396721,0.572781,0.02024,-0.198859,0.7818
6756,-33.4369,0.470116,0.0589628,0.880633,0.0216054,-0.198859,0.816554
6757,-25.456,-0.935253,0.0620156,0.348505,0.022276,-0.194885,0.842335
6758,-27.6691,-0.568906,0.257512,0.781046,0.022276,-0.190381,0.859145
6759,-2.38785,-0.684269,0.311841,0.659189,0.022924,-0.180919,0.883456
6760,3.11128,0.997781,-0.0168456,-0.064422,0.0241067,-0.163515,0.913553
6761,0.947805,0.811864,-0.368864,-0.452565,0.0241067,-0.152921,0.927361
6762,-0.695833,-0.640746,-0.589533,-0.491829,0.0246214,-0.134865,0.946204
6763,-0.351513,-0.930624,0.286372,0.227882,0.025452,-0.107251,0.967359
6764,-3.35837,0.214949,0.87922,0.425169,0.025452,-0.0921786,0.976061
6765,-7.98249,-0.991068,0.1095,0.0761176,0.0257547,-0.0682786,0.986567
6766,-0.645722,-0.793448,0.590237,0.148527,0.026108,-0.0346586,0.995561
6767,2.10047,0.502649,-0.861124,-0.0762161,0.0261534,-0.00870199,0.998401
6768,0.845087,-0.653318,-0.746429,0.126569,0.104317,0.017404,0.992709
6769,0.698199,0.650189,-0.756123,0.0743754,0.104139,0.0346586,0.990444
6770,0.763752,-0.691126,-0.654976,0.305536,0.10308,0.0682786,0.981505
6771,-0.7919,-0.734595,0.638385,-0.229857,0.101955,0.0921786,0.971055
6772,2.69111,0.393668,0.740647,-0.544488,0.101272,0.107251,0.962381
6773,2.41355,0.792843,-0.500466,0.347756,0.098784,0.134865,0.941355
6774,0.73006,0.707718,-0.504229,0.494862,0.0978186,0.147171,0.929087
6775,-2.90383,0.94212,0.130924,-0.308657,0.0945753,0.168359,0.901685
6776,-1.98572,-0.940017,0.192547,-0.28159,0.0933926,0.177061,0.886659
6777,-2.20363,-0.847496,0.199727,-0.491792,0.0909066,0.187579,0.862905
6778,-0.806238,-0.770612,0.140902,-0.621533,0.0869586,0.196587,0.829543
6779,-0.909566,-0.738717,-0.0381621,0.672934,0.0856053,0.198859,0.812341
6780,0.373444,-0.881851,0.0238914,0.470923,0.0815173,0.198859,0.777803
6781,-1.20877,-0.90489,0.0620844,0.421094,0.0801633,0.196587,0.760601
6782,-3.66923,0.914041,0.161923,0.3719,0.076214,0.187579,0.727239
6783,-2.28128,0.567789,-0.335522,-0.751692,0.0737293,0.177061,0.703485
6784,-4.09817,0.776105,-0.305366,-0.551736,0.0725467,0.168359,0.688459
6785,-1.99075,0.324224,-0.602301,-0.72946,0.0693033,0.147171,0.661057
6786,-3.73129,0.868422,0.418253,0.266284,0.0674387,0.128309,0.643111
6787,-5.82574,0.478214,0.753987,0.450349,0.0666073,0.114501,0.632549
6788,-4.51881,0.968582,-0.157267,-0.192654,0.0651667,0.0921786,0.619089
6789,-5.70824,-0.812876,0.514963,0.272114,0.0636027,0.0600213,0.605872
6790,-5.87505,0.408243,0.903212,0.132459,0.0632493,0.0432113,0.601381
6791,-4.39492,0.317293,0.947999,0.0249675,0.0627153,0.00870199,0.596872
6792,-6.0152,0.258022,0.961559,-0.0939641,0.0627153,-0.00870199,0.596872
6793,-20.3209,-0.075837,-0.975964,0.20431,0.0632493,-0.0432113,0.601381
6794,-20.702,-0.947321,-0.251681,0.198088,0.0636027,-0.0600213,0.605872
6795,-24.4346,-0.794118,0.576606,-0.192098,0.0651667,-0.0921786,0.619089
6796,-2.73711,0.938617,-0.327295,0.108979,0.0666073,-0.114501,0.632549
6797,-4.84424,0.979302,0.079574,-0.186105,0.0674387,-0.128309,0.643111
6798,-12.8195,-0.306355,0.643194,-0.701746,0.0693033,-0.147171,0.661057
6799,-10.6795,0.215832,0.528302,-0.821166,0.0725467,-0.168359,0.688459
6800,-12.6661,-0.169125,0.441697,-0.881079,0.0737293,-0.177061,0.703485
6801,-4.81269,0.98407,0.020292,-0.17662,0.076214,-0.187579,0.727239
6802,-2.49389,0.86148,-0.117806,0.493937,0.0801633,-0.196587,0.760601
6803,-4.15096,0.885547,-0.0370089,0.463072,0.0815173,-0.198859,0.777803
6804,-2.6659,0.936523,0.0299927,0.349321,0.0856053,-0.198859,0.812341
6805,-27.7134,-0.465132,0.161195,0.870442,0.0869586,-0.196587,0.829543
6806,-26.5308,-0.0610142,0.316839,0.946515,0.0909066,-0.187579,0.862905
6807,-4.32769,0.274981,-0.410235,-0.869536,0.0933926,-0.177061,0.886659
6808,-0.450061,-0.491883,-0.508156,-0.706986,0.0945753,-0.168359,0.901685
6809,1.85403,0.192699,-0.633295,-0.749536,0.0978186,-0.147171,0.929087
6810,-0.189837,-0.238457,-0.742033,-0.626518,0.098784,-0.134865,0.941355
6811,-0.281988,-0.935693,0.231432,0.266304,0.101272,-0.107251,0.962381
6812,-3.27681,0.168361,0.890777,0.422104,0.101955,-0.0921786,0.971055
6813,-7.92091,-0.989555,0.0514094,0.134677,0.10308,-0.0682786,0.981505
6814,-1.50648,-0.0409609,0.978786,0.200748,0.104139,-0.0346586,0.990444
6815,-1.58726,-0.992864,0.0139312,0.118439,0.104317,-0.017404,0.992709
6816,0.508405,-0.850532,-0.485744,0.201611,0.181883,0.017404,0.981463
6817,0.336475,0.352769,-0.92825,0.117923,0.181527,0.0346586,0.97922
6818,-0.239869,-0.184315,-0.916976,0.353812,0.180425,0.0600213,0.973117
6819,-0.951595,-0.639452,0.730485,-0.239777,0.177829,0.0921786,0.960063
6820,2.54843,0.477364,0.679286,-0.5574,0.176468,0.107251,0.951469
6821,2.53322,0.878296,-0.429866,0.209313,0.172337,0.134865,0.930703
6822,0.887659,0.837982,-0.431256,0.334373,0.170412,0.147171,0.918548
6823,-3.0081,0.950468,0.073982,-0.301889,0.165029,0.168359,0.891485
6824,-0.967182,-0.700733,0.364364,-0.613361,0.160845,0.180919,0.868993
6825,-2.2104,0.437213,0.258047,-0.861543,0.156402,0.190381,0.845083
6826,-0.938635,-0.733892,0.157516,-0.66075,0.151776,0.196587,0.820163
6827,-1.06232,-0.786705,-0.029619,0.616618,0.149077,0.198859,0.803121
6828,0.340953,-0.859223,0.0219005,0.511133,0.142291,0.198859,0.769009
6829,-1.12483,-0.824674,0.0773606,0.560293,0.139592,0.196587,0.751967
6830,-3.85865,0.86065,0.211356,0.463259,0.133038,0.187579,0.719017
6831,-2.38537,0.593427,-0.303708,-0.74539,0.128697,0.177061,0.695532
6832,-4.08018,0.71823,-0.313658,-0.6211,0.126339,0.168359,0.680646
6833,-2.74184,0.846392,-0.256702,-0.46661,0.120956,0.147171,0.653583
6834,-4.77978,0.988498,0.0700586,-0.134028,0.119031,0.134865,0.641428
6835,-4.58873,0.964689,-0.0845611,-0.24945,0.116031,0.114501,0.625373
6836,-4.01134,0.698514,0.685474,0.205437,0.112639,0.0843573,0.608318
6837,-6.27742,0.0558858,0.94698,0.316396,0.111597,0.0682786,0.60174
6838,-6.2037,0.108382,0.978284,0.176672,0.110238,0.0432113,0.594565
6839,-4.3328,0.375275,0.926827,-0.0126736,0.109352,0.00870199,0.590112
6840,-6.05893,0.208128,0.972298,-0.106395,0.109352,-0.00870199,0.590112
6841,-19.9287,-0.429454,-0.86466,0.260639,0.110238,-0.0432113,0.594565
6842,-23.0233,0.449293,0.812929,-0.370516,0.111597,-0.0682786,0.60174
6843,-25.2654,-0.198499,0.891061,-0.408176,0.112639,-0.0843573,0.608318
6844,-24.7169,-0.940971,0.335931,-0.0415297,0.116031,-0.114501,0.625373
6845,-3.65321,0.79226,0.36823,-0.48655,0.119031,-0.134865,0.641428
6846,-5.76459,0.385884,0.56297,-0.730861,0.120956,-0.147171,0.653583
6847,-10.6975,0.133017,0.531357,-0.83664,0.126339,-0.168359,0.680646
6848,-12.5316,-0.105924,0.441524,-0.890975,0.128697,-0.177061,0.695532
6849,-4.67928,0.991335,-0.0225779,-0.129404,0.133038,-0.187579,0.719017
6850,-2.67783,0.962784,-0.0873307,0.255776,0.139592,-0.196587,0.751967
6851,-4.23558,0.949148,-0.0323149,0.313168,0.142291,-0.198859,0.769009
6852,-2.6193,0.947138,0.0326709,0.319159,0.149077,-0.198859,0.803121
6853,-27.4592,-0.61343,0.128328,0.779253,0.151776,-0.196587,0.820163
6854,-26.3831,-0.983391,-0.112585,-0.142363,0.156402,-0.190381,0.845083
6855,-27.9543,-0.177061,0.414949,0.89245,0.160845,-0.180919,0.868993
6856,-26.0327,-0.85281,-0.359616,-0.37867,0.165029,-0.168359,0.891485
6857,0.658474,0.509481,-0.509553,-0.693386,0.168882,-0.152921,0.912173
6858,-0.554614,-0.605746,-0.649431,-0.459686,0.172337,-0.134865,0.930703
6859,-0.225206,-0.931826,0.185714,0.311786,0.176468,-0.107251,0.951469
6860,-3.11025,0.0382997,0.895958,0.442485,0.177829,-0.0921786,0.960063
6861,-6.88985,-0.770039,0.539911,0.339906,0.180425,-0.0600213,0.973117
6862,-1.16934,-0.34825,0.902834,0.252214,0.181527,-0.0346586,0.97922
6863,-1.27352,-0.940773,-0.294798,0.16745,0.181883,-0.017404,0.981463
6864,0.0687654,0.0813874,-0.995675,0.044813,0.258503,0.00870199,0.96471
6865,0.758652,-0.662118,-0.674747,0.326062,0.257271,0.0432113,0.960341
6866,0.364348,0.413403,-0.889034,0.196767,0.256219,0.0600213,0.955961
6867,-1.04457,-0.587158,0.775668,-0.231483,0.252606,0.0921786,0.943151
6868,2.28191,0.646885,0.528887,-0.549379,0.250575,0.107251,0.934689
6869,1.78768,0.910975,0.142822,-0.386945,0.246605,0.128309,0.91978
6870,1.57152,0.204716,-0.659606,0.723195,0.239929,0.152921,0.89611
6871,-2.92647,0.892119,0.118651,-0.435943,0.234465,0.168359,0.875789
6872,-1.18975,-0.583876,0.410874,-0.700194,0.228529,0.180919,0.853695
6873,-2.86821,0.857323,0.0868333,-0.507402,0.222225,0.190381,0.830207
6874,-1.65095,-0.987204,0.0231139,0.157778,0.2183,0.194885,0.813861
6875,-1.58231,-0.974947,0.00332029,0.222414,0.211629,0.198859,0.788949
6876,0.145571,-0.912991,0.00949983,0.40787,0.202189,0.198859,0.755475
6877,-1.49624,-0.952237,0.00703781,0.305279,0.198161,0.196587,0.738697
6878,-5.17699,0.967424,0.154703,0.200395,0.191593,0.190381,0.714217
6879,-3.60957,0.250857,-0.387753,-0.886972,0.185288,0.180919,0.690729
6880,-4.84185,0.986255,0.089722,-0.138747,0.179353,0.168359,0.668635
6881,-5.26026,0.917797,0.36003,0.167413,0.173889,0.152921,0.648313
6882,-4.04015,0.739328,0.588487,0.327228,0.167213,0.128309,0.624643
6883,-5.76669,0.589614,0.731935,0.341506,0.16474,0.114501,0.614342
6884,-4.26406,0.525307,0.808382,0.26565,0.160019,0.0843573,0.597604
6885,-6.04051,0.304395,0.922036,0.239151,0.158465,0.0682786,0.591128
6886,-2.73774,0.864233,-0.385422,-0.323345,0.156021,0.0346586,0.582464
6887,-4.96986,0.93464,0.256623,-0.246156,0.155491,0.017404,0.580256
6888,-4.2562,0.408063,0.895819,-0.176046,0.155491,-0.017404,0.580256
6889,-15.6939,0.0319808,-0.980586,0.193464,0.156021,-0.0346586,0.582464
6890,-20.0471,-0.269748,-0.88178,0.38691,0.158465,-0.0682786,0.591128
6891,-21.8403,-0.0429172,-0.884362,0.464824,0.160019,-0.0843573,0.597604
6892,-23.5514,-0.140545,0.831593,-0.537308,0.16474,-0.114501,0.614342
6893,-25.3443,-0.353506,0.739196,-0.573256,0.167213,-0.128309,0.624643
6894,-24.214,-0.74621,0.524268,-0.41026,0.173889,-0.152921,0.648313
6895,-3.61515,0.753628,0.253493,-0.606454,0.179353,-0.168359,0.668635
6896,-11.2328,-0.462803,0.430214,-0.775067,0.185288,-0.180919,0.690729
6897,-6.40819,-0.92291,-0.0401008,0.382922,0.191593,-0.190381,0.714217
6898,-2.3898,0.884849,-0.133338,0.446389,0.198161,-0.196587,0.738697
6899,-4.14444,0.944979,-0.0373628,0.32499,0.202189,-0.198859,0.755475
6900,-2.55078,0.950189,0.0364806,0.309531,0.211629,-0.198859,0.788949
6901,-27.515,-0.503071,0.136327,0.853425,0.215657,-0.196587,0.805727
6902,-26.2061,-0.959121,-0.163859,-0.230732,0.222225,-0.190381,0.830207
6903,-27.7786,-0.277506,0.381668,0.881657,0.228529,-0.180919,0.853695
6904,-26.0697,-0.896033,-0.343576,-0.281211,0.234465,-0.168359,0.875789
6905,1.08505,0.774176,-0.290555,-0.562343,0.239929,-0.152921,0.89611
6906,0.490941,-0.933117,-0.354588,-0.0596643,0.246605,-0.128309,0.91978
6907,0.00836465,-0.963676,-0.00695638,0.266983,0.250575,-0.107251,0.934689
6908,-3.02507,-0.00953332,0.889003,0.457803,0.252606,-0.0921786,0.943151
6909,-1.22879,-0.240639,0.892147,0.382318,0.256219,-0.0600213,0.955961
6910,-1.61517,-0.959864,0.0360304,0.278143,0.257271,-0.0432113,0.960341
6911,-3.99113,0.622212,-0.74937,-0.226489,0.258503,-0.00870199,0.96471
6912,0.301786,0.298215,-0.953508,-0.0434838,0.333396,0.00870199,0.941455
6913,0.765994,-0.629373,-0.679955,0.376234,0.331825,0.0432113,0.937196
6914,0.740528,-0.61747,-0.638915,0.458823,0.32936,0.0682786,0.930322
6915,-1.71547,-0.950584,0.144713,0.274678,0.327302,0.0843573,0.923987
6916,1.79654,0.879847,0.168413,-0.444417,0.323137,0.107251,0.912148
6917,0.467737,0.607367,-0.679872,0.410949,0.31801,0.128309,0.897596
6918,-0.142966,0.0952595,-0.649825,0.754091,0.312006,0.147171,0.88058
6919,-4.43392,0.839957,0.135293,-0.525517,0.305231,0.163515,0.861392
6920,-2.68097,-0.669923,0.403124,-0.623454,0.297798,0.177061,0.840359
6921,-4.02633,0.549514,0.194344,-0.812567,0.289836,0.187579,0.817841
6922,-2.10824,-0.971721,0.106325,-0.210839,0.281482,0.194885,0.794225
6923,-2.13444,-0.96863,0.0371326,-0.245717,0.272876,0.198859,0.769912
6924,-4.06562,0.57313,-0.0373905,-0.818611,0.26417,0.199429,0.745321
6925,-5.16259,0.987742,0.0916595,0.126351,0.255507,0.196587,0.720873
6926,-3.62452,0.18186,-0.27907,-0.942893,0.247039,0.190381,0.696983
6927,-4.83503,0.975318,0.0695848,-0.209553,0.238911,0.180919,0.674061
6928,-4.21559,0.700085,0.488655,0.52067,0.228485,0.163515,0.645803
6929,-6.10462,0.396574,0.652299,0.645938,0.224219,0.152921,0.632672
6930,-4.62046,0.313261,0.748917,0.583945,0.215707,0.128309,0.609599
6931,-6.17766,0.269988,0.828762,0.490164,0.212433,0.114501,0.599523
6932,-6.78794,-0.335286,0.777476,0.532084,0.207889,0.0921786,0.586771
6933,-4.81364,0.944747,0.107605,-0.309636,0.204355,0.0682786,0.576873
6934,-4.70912,0.0705644,0.980797,0.181817,0.20124,0.0346586,0.568428
6935,-6.40524,-0.09413,0.990133,0.103812,0.200538,0.017404,0.566267
6936,-21.3527,0.766838,-0.594713,-0.241406,0.200538,-0.017404,0.566267
6937,-23.0605,0.852081,-0.478095,-0.213032,0.20124,-0.0346586,0.568428
6938,-7.21516,-0.470159,-0.760268,0.448267,0.204355,-0.0682786,0.576873
6939,-13.0134,-0.779861,-0.387762,0.491382,0.207889,-0.0921786,0.586771
6940,-19.9501,-0.253768,-0.741413,0.621215,0.212433,-0.114501,0.599523
6941,-21.5779,-0.192442,-0.680729,0.706806,0.215707,-0.128309,0.609599
6942,-23.2919,-0.00043815,0.63571,-0.771928,0.224219,-0.152921,0.632672
6943,-25.2908,-0.402819,0.551482,-0.730482,0.228485,-0.163515,0.645803
6944,-3.66327,0.658731,0.22057,-0.719321,0.238911,-0.180919,0.674061
6945,-4.93446,-0.526335,0.313701,-0.790293,0.247039,-0.190381,0.696983
6946,-0.133335,-0.884732,-0.0259558,0.465376,0.255507,-0.196587,0.720873
6947,4.88021,0.183783,-0.0645747,0.980844,0.26417,-0.199429,0.745321
6948,-1.70892,0.471246,0.0648665,0.879613,0.272876,-0.198859,0.769912
6949,-26.079,-0.273181,0.158381,0.948835,0.281482,-0.194885,0.794225
6950,-24.6147,-0.977371,-0.159271,-0.139208,0.289836,-0.187579,0.817841
6951,-26.0946,-0.282058,0.363024,0.888064,0.297798,-0.177061,0.840359
6952,-24.2495,-0.817766,-0.429586,-0.383034,0.305231,-0.163515,0.861392
6953,2.64308,0.699634,-0.315373,-0.641133,0.312006,-0.147171,0.88058
6954,1.97148,0.155894,-0.692523,-0.70435,0.31801,-0.128309,0.897596
6955,0.507625,-0.913306,-0.404287,0.0492355,0.323137,-0.107251,0.912148
6956,0.848323,-0.735149,-0.672897,-0.0822478,0.327302,-0.0843573,0.923987
6957,-1.63395,-0.931368,0.0478773,0.360916,0.32936,-0.0682786,0.930322
6958,-1.6128,-0.935324,0.0336361,0.35219,0.331825,-0.0432113,0.937196
6959,2.03573,0.400446,-0.891941,-0.209962,0.333396,-0.00870199,0.941455
6960,0.785009,-0.623052,-0.705317,0.338132,0.405975,0.017404,0.911886
6961,0.217138,0.268642,-0.959387,0.0860685,0.405106,0.0346586,0.909787
6962,0.755045,-0.569178,-0.648995,0.504818,0.401338,0.0682786,0.901613
6963,2.52786,0.848986,-0.516608,-0.111082,0.397038,0.0921786,0.892023
6964,0.691762,0.74613,-0.651905,0.135311,0.393708,0.107251,0.883983
6965,0.400194,0.588882,-0.700018,0.403971,0.387454,0.128309,0.869879
6966,-3.12199,0.901808,0.0129266,-0.431944,0.377158,0.152921,0.847545
6967,-1.63838,-0.285901,0.554596,-0.781463,0.368582,0.168359,0.828328
6968,-3.52413,0.0252836,0.404525,-0.914178,0.362814,0.177061,0.814403
6969,-0.903547,-0.87338,0.25265,-0.416383,0.349361,0.190381,0.785223
6970,-0.944154,-0.865157,0.158141,-0.475915,0.339045,0.196587,0.762071
6971,-2.87269,0.764499,0.0173995,-0.64439,0.328492,0.199429,0.738376
6972,-4.71289,0.923977,0.00259601,-0.38244,0.321832,0.199429,0.722297
6973,-2.85341,0.754002,-0.0554894,-0.654524,0.307395,0.194885,0.690983
6974,-4.71035,0.921521,0.011306,-0.388164,0.300962,0.190381,0.675451
6975,-3.32107,-0.173375,-0.432455,-0.88483,0.29106,0.180919,0.653239
6976,-5.44835,0.894764,0.386405,0.223803,0.281742,0.168359,0.632346
6977,-6.55427,0.0316195,0.630024,0.775931,0.273166,0.152921,0.61313
6978,-4.85312,0.145821,0.744669,0.651309,0.262871,0.128309,0.590796
6979,-6.6059,-0.0879211,0.782787,0.616047,0.258816,0.114501,0.581008
6980,-5.07346,0.912254,0.33144,-0.240707,0.253287,0.0921786,0.568651
6981,-6.37296,0.0409531,0.942056,0.332946,0.248987,0.0682786,0.559061
6982,12.6623,-0.896157,0.0939381,0.43368,0.245218,0.0346586,0.550886
6983,12.9445,-0.833889,0.368401,0.410986,0.244089,0.00870199,0.54828
6984,10.6811,-0.855938,-0.306199,0.416667,0.244089,-0.00870199,0.54828
6985,-35.5872,0.817388,-0.511618,-0.264807,0.245218,-0.0346586,0.550886
6986,-21.6443,0.899776,-0.321918,-0.29457,0.248987,-0.0682786,0.559061
6987,-23.5686,0.91008,-0.00962671,-0.414321,0.251535,-0.0843573,0.565214
6988,-25.9584,-0.444904,-0.611272,0.654528,0.258816,-0.114501,0.581008
6989,-21.4161,-0.285889,-0.620339,0.730375,0.262871,-0.128309,0.590796
6990,-19.6015,-0.448317,-0.450565,0.772012,0.273166,-0.152921,0.61313
6991,-20.7807,0.64589,-0.520163,0.558799,0.281742,-0.168359,0.632346
6992,-22.9674,0.197657,0.366668,-0.909113,0.29106,-0.180919,0.653239
6993,-3.81206,0.465252,0.199833,-0.862327,0.300962,-0.190381,0.675451
6994,-5.74168,0.154294,0.163306,-0.974435,0.307395,-0.194885,0.690983
6995,-0.598868,-0.514578,-0.0369165,0.856648,0.321832,-0.199429,0.722297
6996,-2.58133,-0.167506,0.0540702,0.984387,0.328492,-0.199429,0.738376
6997,-2.88153,0.125323,0.186598,0.97441,0.339045,-0.196587,0.762071
6998,-21.2898,-0.318223,0.237834,0.917698,0.349361,-0.190381,0.785223
6999,-25.0974,-0.920836,-0.0156341,0.389637,0.362814,-0.177061,0.814403
7000,-20.8188,-0.723551,0.198846,0.66101,0.368582,-0.168359,0.828328
7001,-19.3044,-0.661326,-0.600848,-0.449031,0.377158,-0.152921,0.847545
7002,2.0526,0.176309,-0.666486,-0.724369,0.387454,-0.128309,0.869879
7003,1.70168,-0.11196,-0.824552,-0.554598,0.393708,-0.107251,0.883983
7004,-0.242392,-0.383022,-0.874398,-0.297864,0.397038,-0.0921786,0.892023
7005,-1.62496,-0.90178,0.0393173,0.430403,0.401338,-0.0682786,0.901613
7006,-1.05301,-0.378602,0.852255,0.361001,0.405106,-0.0346586,0.909787
7007,-1.61732,-0.906067,0.0438676,0.420854,0.405975,-0.017404,0.911886
7008,0.486461,-0.756351,-0.466502,0.458595,0.476269,0.017404,0.877222
7009,0.327465,0.364753,-0.931071,0.0078647,0.475238,0.0346586,0.875198
7010,-0.240409,-0.066523,-0.916855,0.393639,0.472304,0.0600213,0.869735
7011,2.1582,0.663319,-0.746649,0.0502293,0.465801,0.0921786,0.858122
7012,0.618475,0.714672,-0.687978,0.12622,0.46185,0.107251,0.850369
7013,1.64083,0.382287,-0.750242,0.539438,0.451505,0.134865,0.831895
7014,-3.09032,0.852527,0.0338041,-0.52159,0.442492,0.152921,0.815341
7015,-1.40648,-0.543444,0.548354,-0.635591,0.432436,0.168359,0.796856
7016,-2.82146,0.690278,0.139284,-0.710012,0.421507,0.180919,0.776758
7017,-2.02139,-0.987575,0.150715,0.0445128,0.414207,0.187579,0.762432
7018,-2.28226,-0.965041,0.133083,-0.225798,0.40226,0.194885,0.740413
7019,-3.07267,0.836858,0.00451047,-0.547401,0.385412,0.199429,0.710326
7020,-4.73781,0.902149,0.00422548,-0.431405,0.37751,0.199429,0.694819
7021,-1.53203,-0.512687,-0.195111,-0.836112,0.360661,0.194885,0.664734
7022,-3.18859,-0.387622,-0.32047,-0.86432,0.35303,0.190381,0.649756
7023,-3.95336,0.918353,0.321108,0.231338,0.337329,0.177061,0.62172
7024,-5.3761,-0.217521,0.437867,0.872328,0.326698,0.163515,0.602109
7025,-5.32766,-0.203667,0.538631,0.817555,0.317004,0.147171,0.584217
7026,-4.2819,0.656743,0.683482,0.318654,0.308413,0.128309,0.56835
7027,-4.26775,0.620223,0.750806,0.227186,0.301072,0.107251,0.554778
7028,-6.27335,0.209429,0.896977,0.389323,0.297122,0.0921786,0.547025
7029,10.8373,-0.886478,-0.161048,0.433843,0.292082,0.0682786,0.537802
7030,9.5849,0.84616,-0.156383,-0.509468,0.287684,0.0346586,0.529949
7031,9.44259,0.871793,-0.0177687,-0.489552,0.286355,0.00870199,0.527438
7032,7.74246,0.863848,0.108552,-0.491917,0.286355,-0.00870199,0.527438
7033,-35.6752,0.823863,-0.43612,-0.362008,0.287684,-0.0346586,0.529949
7034,-33.6643,0.669269,-0.737792,-0.0879902,0.292082,-0.0682786,0.537802
7035,-19.4916,-0.569422,-0.537149,0.622278,0.297122,-0.0921786,0.547025
7036,-21.8827,0.155659,-0.824623,0.543845,0.301072,-0.107251,0.554778
7037,-21.9034,0.220936,-0.747247,0.626744,0.308413,-0.128309,0.56835
7038,-20.9011,-0.625036,-0.287606,0.725681,0.317004,-0.147171,0.584217
7039,-20.8436,-0.65206,-0.211681,0.728017,0.326698,-0.163515,0.602109
7040,-22.3276,0.677309,-0.422668,0.602167,0.337329,-0.177061,0.62172
7041,-23.1457,-0.0704084,0.294151,-0.953162,0.35303,-0.190381,0.649756
7042,-24.8955,-0.223544,0.187879,-0.956415,0.360661,-0.194885,0.664734
7043,-3.80507,0.387149,0.0403324,-0.921134,0.37751,-0.199429,0.694819
7044,-5.55661,0.253231,-0.0472104,-0.966253,0.385412,-0.199429,0.710326
7045,-1.50338,0.419358,0.194788,0.886677,0.40226,-0.194885,0.740413
7046,-16.9907,-0.19575,-0.308369,-0.930908,0.414207,-0.187579,0.762432
7047,-19.5342,-0.876562,-0.352516,-0.327677,0.421507,-0.180919,0.776758
7048,-20.9921,-0.54025,0.285331,0.791654,0.432436,-0.168359,0.796856
7049,-19.3295,-0.7104,-0.593874,-0.377685,0.442492,-0.152921,0.815341
7050,-0.734172,-0.812176,-0.571178,-0.118852,0.451505,-0.134865,0.831895
7051,1.77154,-0.0918898,-0.814971,-0.572171,0.46185,-0.107251,0.850369
7052,0.147656,-0.0697452,-0.88482,-0.460684,0.465801,-0.0921786,0.858122
7053,-0.616581,-0.621096,0.547613,0.560678,0.472304,-0.0600213,0.869735
7054,-1.17873,-0.245331,0.906384,0.343919,0.475238,-0.0346586,0.875198
7055,-1.33262,-0.854931,-0.237938,0.460955,0.476269,-0.017404,0.877222
7056,-0.135617,-0.0785715,-0.988345,0.130388,0.543962,0.00870199,0.837612
7057,-0.0722819,0.0415367,-0.977696,0.205878,0.54244,0.0346586,0.835214
7058,0.147124,0.288357,-0.938447,0.190175,0.539087,0.0600213,0.829997
7059,1.89674,0.498875,-0.849781,0.170283,0.531692,0.0921786,0.818931
7060,0.298544,0.523917,-0.800012,0.29239,0.527146,0.107251,0.811511
7061,-0.0271896,0.321502,-0.751079,0.576642,0.518762,0.128309,0.798558
7062,-4.08173,0.4495,0.373074,-0.811644,0.508952,0.147171,0.783414
7063,-1.89697,-0.171061,0.526528,-0.83277,0.493622,0.168359,0.760471
7064,-3.80903,0.157207,0.337754,-0.928013,0.485748,0.177061,0.74762
7065,-1.19046,-0.797128,0.298638,-0.524788,0.467896,0.190381,0.720903
7066,-2.43804,0.281539,0.126308,-0.9512,0.454086,0.196587,0.69965
7067,-2.81247,0.607654,0.0211677,-0.793919,0.439956,0.199429,0.677898
7068,-2.30588,0.146392,-0.0485795,-0.988033,0.425748,0.198859,0.656019
7069,-2.68432,0.505486,-0.086196,-0.858519,0.411704,0.194885,0.634388
7070,-3.73599,0.983455,0.18011,-0.0194025,0.398066,0.187579,0.613374
7071,-4.46974,0.683373,0.429626,0.590274,0.385068,0.177061,0.593338
7072,-6.43391,0.302404,0.546528,0.780934,0.377194,0.168359,0.580486
7073,-2.92834,0.724271,-0.139599,-0.675237,0.361864,0.147171,0.557544
7074,-4.93595,0.896123,0.185667,-0.403101,0.355434,0.134865,0.547052
7075,11.3842,-0.600546,-0.76964,-0.216793,0.343671,0.107251,0.529447
7076,11.9601,-0.823233,-0.511088,0.247138,0.336858,0.0843573,0.518907
7077,11.617,-0.629169,-0.769969,0.106274,0.33173,0.0600213,0.51096
7078,9.15876,0.120474,-0.944327,-0.306156,0.329376,0.0432113,0.50712
7079,10.6755,0.227095,-0.947194,-0.226387,0.326855,0.00870199,0.503346
7080,9.07958,0.313544,-0.939866,-0.135435,0.326855,-0.00870199,0.503346
7081,-25.7354,-0.623643,-0.555939,0.549546,0.329376,-0.0432113,0.50712
7082,-28.1935,0.100127,-0.942873,0.317751,0.33173,-0.0600213,0.51096
7083,-28.4698,0.388969,-0.882821,0.263306,0.336858,-0.0843573,0.518907
7084,-27.9549,0.0124111,-0.783676,0.621046,0.343671,-0.107251,0.529447
7085,-21.1887,0.841076,-0.540858,0.0079638,0.355434,-0.134865,0.547052
7086,-23.2604,0.922045,-0.214349,-0.322317,0.361864,-0.147171,0.557544
7087,-19.7397,-0.164358,-0.431981,0.88678,0.377194,-0.168359,0.580486
7088,-21.775,0.275765,-0.428689,0.860337,0.385068,-0.177061,0.593338
7089,-28.8361,0.871763,-0.278373,0.40316,0.398066,-0.187579,0.613374
7090,-23.7697,0.727792,0.0328918,-0.685009,0.411704,-0.194885,0.634388
7091,-24.1126,0.453714,0.0320548,-0.890571,0.425748,-0.198859,0.656019
7092,-5.78081,-0.0464529,-0.0561197,-0.997343,0.439956,-0.199429,0.677898
7093,-2.99521,0.382703,0.191913,0.903719,0.454086,-0.196587,0.69965
7094,-2.68583,0.0699672,0.283332,0.956466,0.467896,-0.190381,0.720903
7095,-18.4866,-0.954186,-0.15716,0.254617,0.485748,-0.177061,0.74762
7096,-20.4375,-0.83854,-0.00862385,0.544771,0.493622,-0.168359,0.760471
7097,-18.4981,-0.92439,-0.227056,0.30651,0.508952,-0.147171,0.783414
7098,-6.38819,-0.430698,-0.749786,-0.502315,0.515382,-0.134865,0.793906
7099,1.82343,-0.0908882,-0.805248,-0.58593,0.527146,-0.107251,0.811511
7100,0.236012,-0.0293036,-0.868369,-0.495052,0.531692,-0.0921786,0.818931
7101,2.14659,0.30305,-0.794305,-0.526536,0.539087,-0.0600213,0.829997
7102,-0.793341,-0.506102,0.699036,0.505183,0.54244,-0.0346586,0.835214
7103,2.42222,0.601513,-0.657505,-0.453728,0.543962,-0.00870199,0.837612
7104,0.724374,-0.561339,-0.661252,0.497639,0.607633,0.017404,0.791919
7105,0.617374,0.548642,-0.80409,-0.228977,0.606298,0.0346586,0.790081
7106,1.07117,-0.201663,-0.831229,0.518064,0.600725,0.0682786,0.783011
7107,2.34382,0.744244,-0.642098,-0.183879,0.594306,0.0921786,0.77469
7108,1.0295,-0.110002,-0.71277,0.692718,0.586044,0.114501,0.763967
7109,-3.87853,0.247663,0.543671,-0.801926,0.579816,0.128309,0.755395
7110,-4.12261,0.418013,0.350517,-0.838095,0.568849,0.147171,0.741067
7111,-2.91003,-0.659679,0.544891,-0.517607,0.556476,0.163515,0.724911
7112,-3.98895,0.253986,0.281118,-0.925453,0.542908,0.177061,0.707205
7113,-2.04372,-0.164171,0.28631,-0.943967,0.523015,0.190381,0.68197
7114,-3.96822,0.203985,0.126621,-0.970751,0.513134,0.194885,0.66837
7115,-4.2278,0.44257,0.0282133,-0.89629,0.497437,0.198859,0.647907
7116,-4.28045,0.489102,-0.0250629,-0.871867,0.481556,0.199429,0.62721
7117,-4.12114,0.349584,-0.102507,-0.931281,0.465763,0.196587,0.606634
7118,-5.44418,0.971995,0.223641,0.0721784,0.450327,0.190381,0.586531
7119,-5.56089,0.92729,0.342193,0.151779,0.435514,0.180919,0.567244
7120,-5.37456,0.932754,0.355882,-0.0576071,0.421576,0.168359,0.549103
7121,-5.64954,0.829065,0.54284,0.134073,0.40875,0.152921,0.53242
7122,9.04062,-0.061072,-0.68974,-0.721477,0.397259,0.134865,0.517478
7123,13.7102,-0.0122705,0.757017,0.65328,0.384151,0.107251,0.500851
7124,11.8376,-0.332203,0.658684,0.675112,0.379036,0.0921786,0.493812
7125,11.7189,-0.465411,0.617796,0.633815,0.372617,0.0682786,0.48549
7126,8.71699,0.424036,-0.740299,-0.521681,0.368148,0.0432113,0.479714
7127,15.3603,0.752108,0.33994,-0.5646,0.365338,0.00870199,0.476149
7128,13.657,0.678889,0.458583,-0.573421,0.365338,-0.00870199,0.476149
7129,-19.2188,-0.688825,-0.353974,0.632631,0.368148,-0.0432113,0.479714
7130,-18.9207,-0.769174,-0.0673198,0.635484,0.372617,-0.0682786,0.48549
7131,-25.2816,-0.73605,-0.133074,0.663718,0.379036,-0.0921786,0.493812
7132,-27.198,-0.542693,-0.378656,0.749736,0.384151,-0.107251,0.500851
7133,-25.5903,-0.524313,-0.332232,0.78404,0.397259,-0.134865,0.517478
7134,-20.5215,0.542207,-0.656236,0.524753,0.40875,-0.152921,0.53242
7135,-20.7654,0.749918,-0.523096,0.404963,0.421576,-0.168359,0.549103
7136,-20.595,0.683138,-0.435883,0.585943,0.435514,-0.180919,0.567244
7137,-27.067,0.827104,-0.300597,0.47491,0.450327,-0.190381,0.586531
7138,-22.2379,0.613191,0.0476955,-0.788494,0.465763,-0.196587,0.606634
7139,-22.0608,0.740403,0.00455825,-0.672148,0.481556,-0.199429,0.62721
7140,-4.2761,-0.228042,-0.0593554,-0.97184,0.497437,-0.198859,0.647907
7141,1.72286,-0.481226,-0.192989,-0.855089,0.513134,-0.194885,0.66837
7142,-0.277354,-0.75619,-0.312378,-0.574975,0.523015,-0.190381,0.68197
7143,0.0261984,-0.799587,-0.0115945,0.600439,0.542908,-0.177061,0.707205
7144,-3.90142,0.214832,-0.382868,-0.898476,0.556476,-0.163515,0.724911
7145,-18.1238,-0.896239,-0.437799,0.0713287,0.568849,-0.147171,0.741067
7146,-2.56332,0.88065,0.411068,-0.235541,0.579816,-0.128309,0.755395
7147,-5.13401,0.589547,-0.323748,-0.740015,0.586044,-0.114501,0.763967
7148,-6.51514,-0.434562,-0.876463,-0.207288,0.594306,-0.0921786,0.77469
7149,1.11458,0.623938,-0.406459,-0.667453,0.600725,-0.0682786,0.783011
7150,1.66489,-0.0463942,-0.976469,-0.210608,0.606298,-0.0346586,0.790081
7151,-1.59759,-0.784103,0.0241229,0.620162,0.607633,-0.017404,0.791919
7152,0.470942,-0.63426,-0.452756,0.626678,0.667893,0.017404,0.741803
7153,0.66649,0.554166,-0.775563,-0.302327,0.666418,0.0346586,0.740075
7154,0.809786,-0.348533,-0.685761,0.63895,0.660308,0.0682786,0.733465
7155,2.07637,0.618119,-0.784807,-0.044799,0.653255,0.0921786,0.725673
7156,0.227684,0.519093,-0.814093,0.260376,0.647604,0.107251,0.719057
7157,-3.41439,0.8277,-0.202634,-0.523308,0.633231,0.134865,0.703509
7158,-2.13399,-0.894067,0.368464,0.254713,0.625239,0.147171,0.694151
7159,-3.4118,0.858301,-0.148372,-0.491228,0.606509,0.168359,0.673889
7160,-1.77137,-0.85621,0.103402,0.506175,0.59672,0.177061,0.662428
7161,-1.69046,-0.550473,0.319319,-0.771372,0.574909,0.190381,0.638832
7162,-2.89259,0.547598,0.0481165,-0.835357,0.557944,0.196587,0.620002
7163,-2.91603,0.564234,0.0146467,-0.825485,0.540584,0.199429,0.600728
7164,-3.19209,0.767574,0.00330543,-0.640952,0.523129,0.198859,0.581341
7165,-5.15217,0.958327,0.0898606,-0.271172,0.511923,0.196587,0.568221
7166,-5.43482,0.975072,0.221488,-0.013349,0.494958,0.190381,0.549391
7167,3.52544,0.452943,-0.165747,-0.875997,0.473146,0.177061,0.525795
7168,11.3806,-0.798738,-0.515165,-0.310841,0.458231,0.163515,0.509207
7169,9.41663,-0.482181,-0.659144,-0.577087,0.449264,0.152921,0.498708
7170,13.0331,-0.454504,0.338398,0.823962,0.43257,0.128309,0.480649
7171,12.4629,-0.769333,-0.0859306,0.633042,0.422263,0.107251,0.469168
7172,13.0261,-0.524976,0.397967,0.752345,0.413884,0.0843573,0.459823
7173,10.0051,0.494566,-0.519217,-0.697006,0.407577,0.0600213,0.452776
7174,17.4415,-0.24955,-0.967855,-0.0313123,0.403449,0.0346586,0.448148
7175,14.9373,0.481131,-0.714156,-0.508423,0.401974,0.017404,0.44642
7176,-14.4673,0.280006,-0.943977,-0.174653,0.401974,-0.017404,0.44642
7177,-16.9791,0.739958,-0.296705,-0.603679,0.403449,-0.0346586,0.448148
7178,-17.3592,0.717851,0.0642221,-0.693229,0.407577,-0.0600213,0.452776
7179,-17.1073,0.777599,-0.168422,-0.605784,0.413884,-0.0843573,0.459823
7180,-16.5196,0.786883,-0.585464,-0.195056,0.422263,-0.107251,0.469168
7181,-17.0761,0.81658,-0.170446,-0.551493,0.43257,-0.128309,0.480649
7182,-19.7369,-0.0681074,-0.511466,0.8566,0.449264,-0.152921,0.498708
7183,-21.7694,0.361327,-0.537965,0.761602,0.458231,-0.163515,0.509207
7184,-17.2426,0.775876,-0.0315721,-0.630095,0.473146,-0.177061,0.525795
7185,-20.7436,0.84271,-0.304961,0.443665,0.494958,-0.190381,0.549391
7186,-21.0945,0.978483,-0.152537,0.138934,0.511923,-0.196587,0.568221
7187,-16.932,0.935266,-0.0246501,-0.353086,0.523129,-0.198859,0.581341
7188,-17.2171,0.798783,0.00659259,-0.601584,0.540584,-0.199429,0.600728
7189,0.576796,-0.119802,-0.159439,-0.979912,0.557944,-0.196587,0.620002
7190,-0.596623,-0.934456,-0.272594,-0.229096,0.574909,-0.190381,0.638832
7191,1.1617,-0.850563,-0.406075,-0.334134,0.59672,-0.177061,0.662428
7192,-0.708655,-0.899641,-0.433591,-0.0514296,0.606509,-0.168359,0.673889
7193,0.724541,0.130826,-0.480804,-0.867013,0.620603,-0.152921,0.689515
7194,-13.0514,-0.726432,-0.67423,-0.13308,0.633231,-0.134865,0.703509
7195,-4.28066,-0.0350779,-0.755347,-0.654386,0.647604,-0.107251,0.719057
7196,-6.20818,-0.231002,-0.893201,-0.385784,0.653255,-0.0921786,0.725673
7197,1.39835,0.690258,-0.150737,-0.707688,0.660308,-0.0682786,0.733465
7198,1.60075,-0.110286,-0.980371,-0.163432,0.666418,-0.0346586,0.740075
7199,-1.35369,-0.726346,-0.2174,0.652042,0.667893,-0.017404,0.741803
7200,0.359827,-0.61843,-0.35136,0.702916,0.724035,0.017404,0.687114
7201,0.446186,0.417804,-0.888029,-0.191947,0.722429,0.0346586,0.685507
7202,-0.0997238,0.15829,-0.941036,0.29899,0.717951,0.0600213,0.681217
7203,1.98773,0.571659,-0.820168,-0.0230396,0.708177,0.0921786,0.672182
7204,0.435051,0.646035,-0.761651,0.0502549,0.702023,0.107251,0.666029
7205,-3.6934,0.831762,-0.394262,-0.390805,0.686476,0.134865,0.651657
7206,-2.2912,-0.872889,0.449577,0.189594,0.677774,0.147171,0.642955
7207,-3.74349,0.905136,-0.314733,-0.285784,0.657512,0.168359,0.624225
7208,-2.17259,-0.937326,0.263238,0.22831,0.646854,0.177061,0.613568
7209,-2.9639,-0.783488,0.318452,-0.533605,0.629538,0.187579,0.59712
7210,-4.5632,0.595107,0.0215613,-0.803358,0.611372,0.194885,0.579869
7211,-4.57684,0.60511,0.00630557,-0.796117,0.592668,0.198859,0.562114
7212,-4.46934,0.516445,-0.0132551,-0.856218,0.573744,0.199429,0.544156
7213,-5.58609,0.984998,0.154406,0.0770515,0.554927,0.196587,0.526304
7214,11.0205,-0.711998,-0.321521,-0.624246,0.530258,0.187579,0.5035
7215,8.72864,-0.036778,-0.329428,-0.943464,0.518888,0.180919,0.492131
7216,10.1716,-0.905862,-0.420046,0.0545516,0.502284,0.168359,0.476394
7217,7.40788,0.856182,0.301979,-0.419238,0.487007,0.152921,0.461922
7218,11.7601,-0.176125,0.506351,0.84415,0.47332,0.134865,0.448962
7219,10.7662,-0.242692,-0.809882,-0.534033,0.457772,0.107251,0.43459
7220,10.5817,-0.0241724,-0.821267,-0.570032,0.448686,0.0843573,0.425932
7221,8.72025,0.268357,-0.713745,-0.646957,0.443976,0.0682786,0.421223
7222,16.345,-0.51528,-0.792914,0.325228,0.43866,0.0432113,0.416218
7223,18.789,-0.680458,-0.0603437,0.730298,0.435327,0.00870199,0.413135
7224,16.4575,-0.428674,-0.728715,0.534054,0.435327,-0.00870199,0.413135
7225,-25.142,-0.677455,-0.00912815,0.735507,0.43866,-0.0432113,0.416218
7226,-14.4569,0.437298,-0.899001,-0.0238425,0.443976,-0.0682786,0.421223
7227,-16.3344,0.654571,-0.735693,-0.174047,0.448686,-0.0843573,0.425932
7228,-16.3755,0.734167,-0.66418,-0.140941,0.457772,-0.107251,0.43459
7229,-14.219,0.537782,-0.749596,0.385871,0.47332,-0.134865,0.448962
7230,-14.5893,0.793046,-0.593298,0.138117,0.487007,-0.152921,0.461922
7231,-20.5055,0.665931,-0.553848,0.499788,0.502284,-0.168359,0.476394
7232,-28.5326,0.488073,0.113061,-0.865449,0.518888,-0.180919,0.492131
7233,-24.5919,-0.211447,0.269366,-0.939538,0.530258,-0.187579,0.5035
7234,-20.6211,0.841092,-0.191324,0.505925,0.554927,-0.196587,0.526304
7235,-9.27637,0.779685,-0.00968389,-0.626097,0.573744,-0.199429,0.544156
7236,-15.4968,0.817287,0.0137237,-0.576068,0.592668,-0.198859,0.562114
7237,2.26034,-0.123823,-0.150632,-0.980805,0.611372,-0.194885,0.579869
7238,0.799759,-0.971709,-0.230662,0.0507592,0.629538,-0.187579,0.59712
7239,1.65575,-0.598516,-0.441004,-0.668801,0.646854,-0.177061,0.613568
7240,-0.320815,-0.778139,-0.532951,-0.332359,0.657512,-0.168359,0.624225
7241,1.86149,-0.334207,-0.631934,-0.69926,0.677774,-0.147171,0.642955
7242,-0.169419,-0.576086,-0.74435,-0.33774,0.686476,-0.134865,0.651657
7243,-10.7524,-0.232294,-0.8072,-0.542649,0.702023,-0.107251,0.666029
7244,-6.06366,-0.156214,-0.871957,-0.463992,0.708177,-0.0921786,0.672182
7245,2.34863,0.308295,-0.674678,-0.670644,0.717951,-0.0600213,0.681217
7246,1.80881,0.0209214,-0.953162,-0.301735,0.722429,-0.0346586,0.685507
7247,-1.24938,-0.658765,-0.317665,0.681995,0.724035,-0.017404,0.687114
7248,0.294522,-0.577536,-0.289662,0.763249,0.775713,0.017404,0.628188
7249,0.250844,0.297633,-0.951969,-0.0719078,0.773986,0.0346586,0.626713
7250,0.051333,0.276092,-0.946273,0.168347,0.769185,0.0600213,0.622787
7251,-2.61069,0.358153,0.454176,-0.815751,0.758732,0.0921786,0.614547
7252,-4.14169,0.300628,0.433957,-0.849297,0.752115,0.107251,0.608896
7253,-4.59456,0.568989,0.0689999,-0.819445,0.740139,0.128309,0.599168
7254,-2.02835,-0.25606,0.591763,-0.764362,0.720826,0.152921,0.583942
7255,-4.47838,0.475967,0.111198,-0.872405,0.710327,0.163515,0.574975
7256,-2.90829,-0.812248,0.433966,-0.389778,0.693001,0.177061,0.560926
7257,-4.63431,0.588194,0.0131346,-0.808613,0.674447,0.187579,0.545886
7258,-4.40198,0.389532,0.052432,-0.919519,0.654984,0.194885,0.530114
7259,-3.63516,0.916474,-0.0310263,-0.39889,0.627904,0.199429,0.508766
7260,-5.39116,0.981783,0.043083,-0.185058,0.61467,0.199429,0.497463
7261,12.3426,-0.774555,-0.0433221,0.631021,0.587591,0.194885,0.476115
7262,9.98925,-0.954122,-0.277929,-0.11138,0.574808,0.190381,0.465198
7263,10.0918,-0.933914,-0.357146,0.0158645,0.555901,0.180919,0.449902
7264,7.11063,0.899107,0.389346,-0.200041,0.538113,0.168359,0.435517
7265,11.7761,-0.0498759,0.450021,0.891624,0.521748,0.152921,0.422288
7266,11.6986,-0.158185,0.471246,0.867701,0.507086,0.134865,0.410442
7267,9.61884,-0.535733,-0.819366,-0.204034,0.494378,0.114501,0.400182
7268,18.2127,-0.704157,-0.5334,0.468666,0.480721,0.0843573,0.389416
7269,16.664,-0.649268,-0.555898,0.519065,0.475657,0.0682786,0.38509
7270,18.6314,-0.637561,-0.212314,0.740567,0.468588,0.0346586,0.379517
7271,16.3282,-0.400345,-0.813515,0.421802,0.46686,0.017404,0.378041
7272,-18.8659,-0.61817,-0.0162656,0.785876,0.46686,-0.017404,0.378041
7273,-21.1808,-0.347125,-0.670517,0.655677,0.468588,-0.0346586,0.379517
7274,-25.5147,-0.480453,-0.352999,0.802842,0.475657,-0.0682786,0.38509
7275,-20.871,-0.416154,-0.376591,0.827644,0.480721,-0.0843573,0.389416
7276,-20.8242,-0.411843,-0.310112,0.856864,0.490458,-0.107251,0.397334
7277,-14.3595,0.641362,-0.733574,0.224775,0.507086,-0.134865,0.410442
7278,-14.3069,0.686387,-0.650106,0.325936,0.521748,-0.152921,0.422288
7279,-20.6197,0.762459,-0.54487,0.348961,0.538113,-0.168359,0.435517
7280,-20.4392,0.715764,-0.442518,0.540241,0.555901,-0.180919,0.449902
7281,-20.3021,0.665388,-0.319374,0.674729,0.574808,-0.190381,0.465198
7282,-22.7032,0.988169,-0.152609,-0.015263,0.587591,-0.194885,0.476115
7283,-20.848,0.969804,-0.0595947,0.236492,0.61467,-0.199429,0.497463
7284,-16.4365,0.998461,0.0505299,-0.0228691,0.627904,-0.199429,0.508766
7285,-15.7658,0.573581,-0.0112781,-0.819072,0.654984,-0.194885,0.530114
7286,1.99969,-0.418799,-0.292475,-0.85969,0.674447,-0.187579,0.545886
7287,-0.133777,-0.761683,-0.440475,-0.475207,0.686673,-0.180919,0.556328
7288,-2.69319,0.840898,0.240973,-0.484586,0.710327,-0.163515,0.574975
7289,1.18094,0.371226,-0.232556,-0.898949,0.720826,-0.152921,0.583942
7290,0.727842,-0.806534,-0.50034,0.314901,0.740139,-0.128309,0.599168
7291,0.525484,-0.754314,-0.417197,0.506909,0.752115,-0.107251,0.608896
7292,-1.24432,-0.699875,-0.302382,0.647101,0.758732,-0.0921786,0.614547
7293,-4.07941,0.162799,-0.763524,-0.624922,0.769185,-0.0600213,0.622787
7294,1.99797,0.117149,-0.892676,-0.435208,0.773986,-0.0346586,0.626713
7295,-1.18677,-0.592762,-0.376172,0.712129,0.775713,-0.017404,0.628188
7296,0.439017,-0.47978,-0.424141,0.768059,0.822609,0.017404,0.56539
7297,0.331196,0.330273,-0.92994,-0.161651,0.820771,0.0346586,0.564054
7298,-0.84562,-0.568382,0.708719,0.417924,0.813287,0.0682786,0.559054
7299,-3.10312,-0.379119,0.89682,-0.227998,0.807899,0.0843573,0.555139
7300,-3.59178,0.701133,-0.361875,-0.614377,0.793439,0.114501,0.545477
7301,-2.55376,-0.759712,0.636468,0.133213,0.784868,0.128309,0.53925
7302,-3.09455,-0.634605,0.659473,-0.402953,0.77001,0.147171,0.529012
7303,-1.73018,-0.594236,0.548855,-0.587913,0.747067,0.168359,0.513682
7304,-3.2383,0.624974,-0.0427326,-0.779475,0.728205,0.180919,0.500738
7305,-3.50331,0.798225,-0.113818,-0.591509,0.708157,0.190381,0.486972
7306,-5.35187,0.944177,-0.12245,-0.305838,0.694557,0.194885,0.47709
7307,11.9983,-0.914684,0.0352354,0.40263,0.665886,0.199429,0.457933
7308,10.4922,-0.904183,-0.033815,0.425806,0.651806,0.199429,0.447704
7309,12.2599,-0.775684,-0.0588983,0.628368,0.623135,0.194885,0.428546
7310,9.32909,0.628243,0.03073,-0.77741,0.602494,0.187579,0.41435
7311,7.3155,0.871297,0.24023,-0.427938,0.589486,0.180919,0.4049
7312,11.6184,-0.0769436,0.309336,0.947835,0.570624,0.168359,0.391954
7313,11.551,-0.166701,0.331156,0.928734,0.553271,0.152921,0.38005
7314,10.0204,-0.76109,-0.633317,0.140187,0.537725,0.134865,0.369391
7315,12.4416,-0.608697,-0.103471,0.786627,0.520121,0.107251,0.357628
7316,18.2884,-0.665948,-0.477364,0.573269,0.509792,0.0843573,0.350498
7317,16.8223,-0.616297,-0.428124,0.660975,0.504404,0.0682786,0.346583
7318,12.1138,-0.570558,-0.428926,0.700347,0.49692,0.0346586,0.341582
7319,12.1759,-0.534417,-0.379839,0.755063,0.494596,0.00870199,0.339949
7320,9.92728,-0.221277,-0.873297,0.434038,0.494596,-0.00870199,0.339949
7321,8.81158,0.449557,-0.806398,-0.384215,0.49692,-0.0346586,0.341582
7322,-25.5996,-0.375901,-0.426242,0.822809,0.504404,-0.0682786,0.346583
7323,-20.8453,-0.364318,-0.355655,0.860687,0.509792,-0.0843573,0.350498
7324,-27.1446,-0.319569,-0.338482,0.885046,0.520121,-0.107251,0.357628
7325,-18.9279,-0.510978,-0.0588593,0.857576,0.537725,-0.134865,0.369391
7326,-14.083,0.593941,-0.658627,0.462001,0.553271,-0.152921,0.38005
7327,-14.0873,0.66263,-0.555161,0.502711,0.570624,-0.168359,0.391954
7328,-20.7731,0.891619,-0.415349,0.180279,0.589486,-0.180919,0.4049
7329,-22.85,0.94297,-0.219016,-0.250678,0.602494,-0.187579,0.41435
7330,-22.5756,0.985397,-0.16686,0.0339263,0.623135,-0.194885,0.428546
7331,-20.6895,0.947538,-0.0631325,0.313347,0.651806,-0.199429,0.447704
7332,-22.4505,0.984142,0.0597975,0.166997,0.665886,-0.199429,0.457933
7333,-14.7513,0.98661,0.159559,-0.033795,0.694557,-0.194885,0.47709
7334,-16.6664,0.918631,0.194552,-0.343898,0.708157,-0.190381,0.486972
7335,1.2488,0.321957,-0.125201,-0.938439,0.728205,-0.180919,0.500738
7336,0.944225,0.0736345,-0.311085,-0.947525,0.747067,-0.168359,0.513682
7337,2.31133,-0.0864522,-0.486836,-0.869205,0.77001,-0.147171,0.529012
7338,1.80343,-0.405106,-0.731872,-0.547953,0.784868,-0.128309,0.53925
7339,-0.311316,-0.601122,-0.797026,-0.058316,0.793439,-0.114501,0.545477
7340,2.43104,0.181418,-0.585083,-0.790421,0.807899,-0.0843573,0.555139
7341,0.0833215,-0.212671,-0.942649,-0.257262,0.813287,-0.0682786,0.559054
7342,1.91392,0.0342824,-0.923647,-0.381708,0.820771,-0.0346586,0.564054
7343,-1.33352,-0.552563,-0.237061,0.799047,0.822609,-0.017404,0.56539
7344,-0.0344918,0.0389176,-0.997171,0.0643126,0.864941,0.00870199,0.499365
7345,0.125016,0.226074,-0.974081,-0.00758198,0.862497,0.0346586,0.497918
7346,-0.83231,-0.536183,0.700297,0.471266,0.854643,0.0682786,0.49352
7347,-2.23764,-0.000826262,0.704851,-0.709355,0.845528,0.0921786,0.488289
7348,-4.25068,0.235756,0.354177,-0.904974,0.838108,0.107251,0.483742
7349,-2.07888,-0.264646,0.657129,-0.705793,0.819635,0.134865,0.473397
7350,-3.91496,-0.104044,0.458152,-0.882764,0.809142,0.147171,0.466967
7351,-2.46179,-0.0759298,0.349438,-0.933878,0.785067,0.168359,0.453484
7352,-4.31637,0.180914,0.156278,-0.971003,0.772217,0.177061,0.44561
7353,12.0426,-0.836319,0.160864,0.524112,0.744181,0.190381,0.429909
7354,10.3192,-0.929937,0.127988,0.344727,0.729848,0.194885,0.421126
7355,11.8891,-0.926346,0.0410397,0.374432,0.699761,0.199429,0.404277
7356,10.3981,-0.910475,-0.0389349,0.411726,0.684923,0.199429,0.395184
7357,10.162,-0.213503,-0.131247,-0.968086,0.654838,0.194885,0.378334
7358,8.19441,0.219645,-0.0960406,-0.970841,0.640504,0.190381,0.36955
7359,11.6809,0.08463,0.267909,0.95972,0.619437,0.180919,0.357401
7360,12.3082,-0.657655,-0.141937,0.739827,0.593157,0.163515,0.342684
7361,10.3539,-0.790488,-0.41023,0.454798,0.581384,0.152921,0.335469
7362,12.2178,-0.655589,-0.256862,0.710088,0.559927,0.128309,0.323452
7363,10.0116,-0.670823,-0.702379,0.238035,0.550894,0.114501,0.317917
7364,11.8262,-0.620867,-0.604954,0.498553,0.53572,0.0843573,0.30942
7365,10.2095,-0.541687,-0.67845,0.496267,0.530042,0.0682786,0.30594
7366,15.8215,-0.220706,-0.975337,-0.00251134,0.523704,0.0432113,0.302314
7367,11.8293,-0.400128,-0.670699,0.624548,0.519744,0.00870199,0.300096
7368,10.2665,-0.327338,-0.662849,0.67341,0.519744,-0.00870199,0.300096
7369,17.6905,-0.0397376,-0.898849,0.436453,0.523704,-0.0432113,0.302314
7370,10.7941,0.372379,-0.927848,-0.0208097,0.530042,-0.0682786,0.30594
7371,9.20571,0.475726,-0.878823,0.0368076,0.53572,-0.0843573,0.30942
7372,-12.4726,-0.531821,0.0778693,0.843269,0.550894,-0.114501,0.317917
7373,-14.7705,-0.0729904,-0.429314,0.900201,0.559927,-0.128309,0.323452
7374,-19.2007,-0.233292,-0.226864,0.945573,0.581384,-0.152921,0.335469
7375,-21.2171,0.14905,-0.384592,0.910974,0.593157,-0.163515,0.342684
7376,-14.2026,0.812663,-0.44166,0.380152,0.619437,-0.180919,0.357401
7377,-13.8646,0.664117,-0.309751,0.680443,0.640504,-0.190381,0.36955
7378,-15.9504,0.936914,-0.19119,0.292642,0.654838,-0.194885,0.378334
7379,-23.0182,0.887177,-0.0360528,-0.460018,0.67717,-0.198859,0.391233
7380,-22.6106,0.996002,0.0547726,-0.0705712,0.699761,-0.199429,0.404277
7381,-20.8042,0.976413,0.181037,0.117654,0.729848,-0.194885,0.421126
7382,-16.2707,0.959786,0.278224,-0.0374573,0.744181,-0.190381,0.429909
7383,-13.7692,0.554243,0.412982,0.722677,0.772217,-0.177061,0.44561
7384,-9.44996,0.721595,0.555849,0.412713,0.785067,-0.168359,0.453484
7385,3.22394,0.54089,0.0542496,-0.839342,0.809142,-0.147171,0.466967
7386,1.26365,0.309824,-0.208754,-0.927594,0.819635,-0.134865,0.473397
7387,3.52169,0.633504,0.308553,-0.709554,0.838108,-0.107251,0.483742
7388,1.31998,0.38615,-0.20751,-0.898793,0.845528,-0.0921786,0.488289
7389,-0.0757166,-0.310519,-0.945118,-0.101638,0.854643,-0.0682786,0.49352
7390,2.1158,0.107922,-0.83873,-0.533746,0.862497,-0.0346586,0.497918
7391,2.27818,0.274139,-0.758439,-0.591286,0.864941,-0.00870199,0.499365
7392,0.193859,0.137846,-0.97967,-0.145755,0.901455,0.00870199,0.429963
7393,0.68376,-0.212703,-0.619588,0.755558,0.897333,0.0432113,0.428062
7394,-1.4493,-0.384484,-0.102957,0.917372,0.893319,0.0600213,0.426017
7395,-2.5526,0.125114,0.498309,-0.857925,0.881232,0.0921786,0.420445
7396,-4.01068,0.00852274,0.522889,-0.852358,0.873479,0.107251,0.416494
7397,-2.12055,-0.291586,0.641267,-0.709756,0.854251,0.134865,0.40763
7398,-3.0444,0.35044,0.0640095,-0.934395,0.837229,0.152921,0.399534
7399,-3.48309,0.647314,-0.186151,-0.739143,0.818228,0.168359,0.390492
7400,11.1173,-0.859151,0.439327,-0.262397,0.797573,0.180919,0.380656
7401,10.7438,-0.728486,0.311481,-0.610154,0.775618,0.190381,0.370196
7402,11.0278,-0.903707,0.195129,-0.381102,0.752737,0.196587,0.35929
7403,10.3694,-0.488918,0.0530663,-0.870714,0.729323,0.199429,0.348128
7404,8.82416,-0.476988,-0.0525373,-0.877338,0.713817,0.199429,0.340226
7405,12.0731,-0.790467,-0.0924515,0.605487,0.682502,0.194885,0.32579
7406,12.3075,-0.624803,-0.0823174,0.776431,0.659895,0.187579,0.314998
7407,10.5252,-0.760691,-0.214365,0.612697,0.645568,0.180919,0.307699
7408,12.1996,-0.661514,-0.199327,0.722958,0.618216,0.163515,0.295088
7409,12.7548,-0.283379,0.123578,0.951013,0.599856,0.147171,0.286311
7410,12.0007,-0.674252,-0.40312,0.618772,0.583579,0.128309,0.278524
7411,10.0913,-0.654655,-0.664703,0.359995,0.574139,0.114501,0.273714
7412,11.7948,-0.579995,-0.625464,0.52192,0.558346,0.0843573,0.266434
7413,10.1141,-0.489587,-0.738368,0.463806,0.552412,0.0682786,0.26341
7414,12.0582,-0.451889,-0.477247,0.753679,0.544237,0.0346586,0.259641
7415,11.5446,-0.269098,-0.851228,0.450552,0.541686,0.00870199,0.258392
7416,9.9804,-0.171427,-0.846374,0.504246,0.541686,-0.00870199,0.258392
7417,14.9533,0.414349,-0.719643,-0.557162,0.544237,-0.0346586,0.259641
7418,10.9316,0.317886,-0.945069,0.0761135,0.552412,-0.0682786,0.26341
7419,9.36721,0.417914,-0.896279,0.148431,0.558346,-0.0843573,0.266434
7420,10.9082,0.538885,-0.828496,0.152308,0.574139,-0.114501,0.273714
7421,8.9007,0.72582,-0.660659,-0.191612,0.583579,-0.128309,0.278524
7422,8.11571,0.597044,-0.189396,-0.779531,0.599856,-0.147171,0.286311
7423,8.64604,0.838551,-0.408225,-0.36081,0.618216,-0.163515,0.295088
7424,-19.4339,0.100024,-0.24415,0.964565,0.645568,-0.180919,0.307699
7425,-15.0251,0.370436,-0.241791,0.896836,0.659895,-0.187579,0.314998
7426,-14.9716,0.343477,-0.139512,0.928741,0.682502,-0.194885,0.32579
7427,-15.1403,0.505634,-0.0537973,0.861069,0.705777,-0.198859,0.336896
7428,-14.9244,0.309513,0.0445482,0.949851,0.729323,-0.199429,0.348128
7429,-15.3288,0.644284,0.178449,0.743676,0.752737,-0.196587,0.35929
7430,-15.019,0.364968,0.240484,0.899425,0.775618,-0.190381,0.370196
7431,-15.3738,0.608298,0.412752,0.677945,0.797573,-0.180919,0.380656
7432,-3.93171,0.836174,0.403867,-0.371086,0.818228,-0.168359,0.390492
7433,-8.86925,0.337854,0.549941,0.763819,0.837229,-0.152921,0.399534
7434,-8.23448,-0.18481,0.26113,0.947447,0.854251,-0.134865,0.40763
7435,3.28806,0.487773,0.121381,-0.864491,0.873479,-0.107251,0.416494
7436,1.66877,0.462083,0.10325,-0.880806,0.881232,-0.0921786,0.420445
7437,3.6998,0.509614,0.501602,-0.699063,0.893319,-0.0600213,0.426017
7438,1.47098,0.400609,-0.0902405,-0.911795,0.897333,-0.0432113,0.428062
7439,2.03717,0.135244,-0.891293,-0.432787,0.901455,-0.00870199,0.429963
7440,1.02538,-0.12709,-0.853082,0.506063,0.931868,0.017404,0.357733
7441,0.606744,-0.180085,-0.559262,0.809194,0.928152,0.0432113,0.356338
7442,-1.23004,-0.230515,-0.305207,0.923965,0.923991,0.0600213,0.354615
7443,-2.72513,0.148778,0.362863,-0.919889,0.911503,0.0921786,0.350008
7444,-4.15302,0.030545,0.425845,-0.90428,0.903463,0.107251,0.346678
7445,-2.63825,0.00493713,0.362785,-0.93186,0.883599,0.134865,0.33935
7446,-4.62016,0.301215,0.0413587,-0.952659,0.87223,0.147171,0.33464
7447,-4.84058,0.466549,-0.0890244,-0.880004,0.853239,0.163515,0.327331
7448,9.32024,-0.784876,0.438267,-0.438056,0.832418,0.177061,0.319322
7449,9.33179,-0.835894,0.318911,-0.446742,0.810125,0.187579,0.310752
7450,9.49063,-0.929247,0.195163,-0.313705,0.786741,0.194885,0.301767
7451,11.8193,-0.890031,0.0444993,0.453724,0.754389,0.199429,0.289832
7452,10.114,-0.954754,-0.0521376,0.292792,0.738311,0.199429,0.283172
7453,9.47944,-0.925621,-0.195215,-0.324217,0.714094,0.196587,0.27388
7454,11.8034,-0.864095,-0.222264,0.451596,0.682575,0.187579,0.262252
7455,10.1703,-0.863544,-0.335591,0.376392,0.66772,0.180919,0.256099
7456,11.5381,-0.846604,-0.47605,0.237986,0.639462,0.163515,0.245674
7457,9.5964,-0.747071,-0.652958,-0.124618,0.626706,0.152921,0.24039
7458,9.41742,-0.606446,-0.751689,-0.259203,0.609102,0.134865,0.233655
7459,11.7958,-0.611212,-0.57931,0.539277,0.589238,0.107251,0.226326
7460,9.43528,-0.412361,-0.896964,-0.159416,0.581198,0.0921786,0.222996
7461,9.52165,-0.329393,-0.943656,-0.0318341,0.571376,0.0682786,0.219256
7462,-1.87651,-0.385665,-0.302375,0.871684,0.564549,0.0432113,0.216666
7463,-2.55393,0.254075,-0.553237,-0.793331,0.56029,0.00870199,0.215094
7464,-4.34481,0.34484,-0.360964,-0.866482,0.56029,-0.00870199,0.215094
7465,17.8903,-0.0489398,-0.803055,0.593892,0.564549,-0.0432113,0.216666
7466,17.3088,0.290811,-0.946588,0.139283,0.571376,-0.0682786,0.219256
7467,15.5242,0.466343,-0.884593,-0.0045171,0.577529,-0.0843573,0.221805
7468,21.2643,0.621054,-0.633378,-0.461654,0.589238,-0.107251,0.226326
7469,17.704,0.420464,-0.685126,0.594821,0.609102,-0.134865,0.233655
7470,11.2773,0.581149,-0.63361,0.51069,0.626706,-0.152921,0.24039
7471,9.27171,0.815824,-0.55184,0.172927,0.639462,-0.163515,0.245674
7472,10.705,0.905184,-0.424059,0.0285756,0.66772,-0.180919,0.256099
7473,8.96382,0.952091,-0.29316,-0.0870617,0.682575,-0.187579,0.262252
7474,5.13606,0.696482,-0.177979,0.695152,0.714094,-0.196587,0.27388
7475,-1.286,0.801238,-0.062851,0.595036,0.738311,-0.199429,0.283172
7476,-3.37476,0.985349,0.0642636,0.157977,0.754389,-0.199429,0.289832
7477,-7.3873,0.666016,0.174358,0.725273,0.786741,-0.194885,0.301767
7478,-7.24343,0.529408,0.263523,0.806401,0.810125,-0.187579,0.310752
7479,-13.53,0.493442,0.36347,0.790193,0.832418,-0.177061,0.319322
7480,-2.51698,0.736832,0.325061,-0.592802,0.853239,-0.163515,0.327331
7481,-1.17239,0.515656,0.60795,0.603735,0.87223,-0.147171,0.33464
7482,-3.20233,0.629979,0.751651,0.195315,0.883599,-0.134865,0.33935
7483,-6.00982,-0.473902,-0.224525,0.851472,0.903463,-0.107251,0.346678
7484,-7.66446,-0.423915,-0.184267,0.886759,0.911503,-0.0921786,0.350008
7485,3.4461,0.420563,0.283928,-0.861691,0.923991,-0.0600213,0.354615
7486,1.62005,0.355958,0.0557698,-0.932836,0.928152,-0.0432113,0.356338
7487,-1.98633,-0.292394,0.400444,0.868418,0.931868,-0.017404,0.357733
7488,0.320738,-0.237769,-0.314592,0.918965,0.957063,0.017404,0.283517
7489,0.0620137,0.202027,-0.97938,0.000508079,0.954903,0.0346586,0.282815
7490,-0.471011,-0.382183,0.429734,0.818086,0.946239,0.0682786,0.280372
7491,-2.68386,0.0555046,0.396397,-0.9164,0.936155,0.0921786,0.277413
7492,-4.46343,0.144149,0.187274,-0.971674,0.927879,0.107251,0.274724
7493,-3.51447,-0.479162,0.693088,-0.538547,0.913091,0.128309,0.27032
7494,-3.50878,0.513041,-0.236795,-0.825056,0.889421,0.152921,0.263644
7495,10.8177,-0.73941,0.547075,-0.392405,0.869239,0.168359,0.257684
7496,10.6886,-0.740672,0.421915,-0.52287,0.847301,0.180919,0.251201
7497,10.7587,-0.822154,0.312643,-0.475728,0.82398,0.190381,0.244304
7498,10.9689,-0.936366,0.195162,-0.291771,0.799675,0.196587,0.237113
7499,10.5168,-0.727374,0.0581277,-0.683775,0.774803,0.199429,0.22975
7500,10.9082,-0.933048,-0.0652451,-0.353785,0.749791,0.198859,0.222341
7501,10.9264,-0.922902,-0.194764,-0.332142,0.725064,0.194885,0.215012
7502,10.4988,-0.671769,-0.282741,-0.684678,0.701047,0.187579,0.20789
7503,10.9088,-0.836257,-0.440948,-0.325944,0.678151,0.177061,0.201095
7504,10.4046,-0.513163,-0.461588,-0.723603,0.656766,0.163515,0.194745
7505,10.7238,-0.623987,-0.635407,-0.454861,0.63726,0.147171,0.188948
7506,10.7983,-0.568806,-0.737506,-0.364065,0.619965,0.128309,0.183803
7507,10.4047,-0.292593,-0.690664,-0.661342,0.605178,0.107251,0.179398
7508,10.7742,-0.355443,-0.875105,-0.328406,0.593152,0.0843573,0.175809
7509,-0.359161,-0.362752,-0.332865,0.870409,0.584092,0.0600213,0.173097
7510,-0.758704,-0.326139,-0.674773,0.662053,0.578154,0.0346586,0.171308
7511,-3.03719,-0.0901207,-0.992701,0.0801456,0.575993,0.017404,0.170606
7512,7.11841,-0.228771,0.739861,0.632669,0.575993,-0.017404,0.170606
7513,-14.5344,-0.179825,-0.37258,0.910411,0.578154,-0.0346586,0.171308
7514,-14.8968,0.010861,-0.643395,0.765457,0.584092,-0.0600213,0.173097
7515,-14.8003,0.0392479,-0.53985,0.840846,0.593152,-0.0843573,0.175809
7516,-14.7906,0.0964808,-0.491056,0.865769,0.605178,-0.107251,0.179398
7517,-15.2308,0.424897,-0.658946,0.620687,0.619965,-0.128309,0.183803
7518,-15.1398,0.445205,-0.545242,0.710284,0.63726,-0.147171,0.188948
7519,-14.8119,0.261741,-0.332875,0.905917,0.656766,-0.163515,0.194745
7520,-15.2664,0.642214,-0.393252,0.657962,0.678151,-0.177061,0.201095
7521,-14.8536,0.361308,-0.20205,0.910293,0.701047,-0.187579,0.20789
7522,-15.2234,0.682123,-0.169127,0.71141,0.725064,-0.194885,0.215012
7523,-15.099,0.601749,-0.052212,0.796976,0.749791,-0.198859,0.222341
7524,-14.766,0.30849,0.0364208,0.95053,0.774803,-0.199429,0.22975
7525,-15.2373,0.691885,0.170468,0.701595,0.799675,-0.196587,0.237113
7526,-15.036,0.514916,0.244104,0.821751,0.82398,-0.190381,0.244304
7527,-14.972,0.429623,0.317363,0.845402,0.847301,-0.180919,0.251201
7528,-15.1198,0.492874,0.452122,0.743412,0.869239,-0.168359,0.257684
7529,-3.961,0.702011,0.464319,-0.539989,0.889421,-0.152921,0.263644
7530,0.43749,-0.514609,-0.318637,0.79602,0.913091,-0.128309,0.27032
7531,-1.95692,-0.0632286,0.296304,0.952999,0.923167,-0.114501,0.273594
7532,-6.4307,-0.457086,-0.889402,0.00600888,0.936155,-0.0921786,0.277413
7533,-7.01759,-0.41143,-0.710869,0.57043,0.946239,-0.0682786,0.280372
7534,1.10307,0.159931,-0.435515,-0.88586,0.953249,-0.0432113,0.282418
7535,-1.81278,-0.248793,0.236586,0.939217,0.957063,-0.017404,0.283517
7536,-0.142066,0.035318,-0.98744,0.153998,0.976921,0.00870199,0.207642
7537,-0.0378689,0.182097,-0.979801,0.0826523,0.974149,0.0346586,0.207022
7538,-1.83599,-0.274011,0.259673,0.926007,0.968089,0.0600213,0.205704
7539,-2.27463,-0.204217,0.683863,-0.700448,0.955035,0.0921786,0.203108
7540,-2.1209,-0.362289,0.708953,-0.605089,0.941788,0.114501,0.200319
7541,-2.43063,-0.273977,0.490803,-0.827073,0.925807,0.134865,0.196946
7542,-4.70815,0.213613,-0.016638,-0.976777,0.913841,0.147171,0.194074
7543,9.32577,-0.782631,0.55102,-0.289596,0.893939,0.163515,0.189825
7544,15.6244,-0.85019,0.439505,-0.28985,0.872123,0.177061,0.185172
7545,24.0668,-0.907179,0.281501,0.312702,0.840607,0.190381,0.178903
7546,22.096,-0.972731,0.19481,-0.125868,0.824261,0.194885,0.174979
7547,21.7522,-0.887487,0.0629727,-0.456511,0.799036,0.198859,0.169613
7548,27.9799,-0.860848,-0.0618799,-0.505086,0.773519,0.199429,0.164189
7549,34.3237,-0.873993,-0.188044,-0.44808,0.748146,0.196587,0.158799
7550,34.3038,-0.833706,-0.308114,-0.458258,0.723353,0.190381,0.153537
7551,40.5257,-0.759123,-0.415733,-0.500897,0.699563,0.180919,0.148493
7552,46.6902,-0.640546,-0.496489,-0.585832,0.677183,0.168359,0.14375
7553,52.9325,-0.551258,-0.577558,-0.602114,0.656596,0.152921,0.139393
7554,59.2639,-0.496117,-0.6765,-0.544258,0.638154,0.134865,0.135494
7555,65.4531,-0.365864,-0.712365,-0.598898,0.622173,0.114501,0.132121
7556,71.8685,-0.321368,-0.824301,-0.466101,0.608926,0.0921786,0.129332
7557,-1.58535,-0.203579,-0.0257552,0.97872,0.598641,0.0682786,0.127174
7558,6.90335,-0.0476671,0.570026,0.820242,0.589812,0.0346586,0.125418
7559,5.04879,-0.163323,0.326953,0.930821,0.587604,0.017404,0.124888
7560,11.1281,0.0377616,-0.989108,0.142263,0.587604,-0.017404,0.124888
7561,9.35933,0.202124,-0.979181,-0.0187333,0.589812,-0.0346586,0.125418
7562,5.39053,0.122995,-0.737456,0.664101,0.598641,-0.0682786,0.127174
7563,5.64999,0.0992153,-0.530794,0.841673,0.608926,-0.0921786,0.129332
7564,5.53669,0.226646,-0.564742,0.793535,0.622173,-0.114501,0.132121
7565,11.7362,0.345425,-0.555113,0.756658,0.638154,-0.134865,0.135494
7566,5.54379,0.352589,-0.444465,0.823487,0.656596,-0.152921,0.139393
7567,5.54699,0.402909,-0.373234,0.83568,0.677183,-0.168359,0.14375
7568,11.8001,0.469355,-0.306946,0.827944,0.699563,-0.180919,0.148493
7569,5.42407,0.575832,-0.243556,0.780447,0.723353,-0.190381,0.153537
7570,5.48859,0.549734,-0.139319,0.82364,0.748146,-0.196587,0.158799
7571,5.61298,0.455024,-0.0406793,0.889549,0.773519,-0.199429,0.164189
7572,-0.854596,0.610147,0.0493998,0.790747,0.799036,-0.198859,0.169613
7573,-7.48605,0.827371,0.182173,0.531291,0.824261,-0.194885,0.174979
7574,-9.54241,0.941344,0.320583,0.10535,0.840607,-0.190381,0.178903
7575,-13.5866,0.647465,0.377222,0.662188,0.872123,-0.177061,0.185172
7576,-13.5866,0.592786,0.473706,0.651312,0.893939,-0.163515,0.189825
7577,0.407194,-0.471075,-0.261226,0.842526,0.913841,-0.147171,0.194074
7578,-1.91245,0.0152542,0.233527,0.972231,0.925807,-0.134865,0.196946
7579,-1.92518,-0.00656922,0.271553,0.962401,0.941788,-0.114501,0.200319
7580,-6.49847,-0.463377,-0.879522,0.108273,0.955035,-0.0921786,0.203108
7581,-5.50029,-0.360534,-0.667946,0.651048,0.968089,-0.0600213,0.205704
7582,2.52801,0.0494231,-0.564754,-0.823778,0.974149,-0.0346586,0.207022
7583,2.18945,0.0609099,-0.812916,-0.579187,0.976921,-0.00870199,0.207642
7584,0.22947,0.0896797,-0.972271,-0.215979,0.990201,0.00870199,0.130354
7585,-0.935535,-0.225552,0.789478,0.570834,0.985693,0.0432113,0.12982
7586,-2.79396,-0.339921,0.894356,0.29083,0.981244,0.0600213,0.129115
7587,-3.55671,-0.349269,0.814459,-0.463323,0.971871,0.0843573,0.127853
7588,2.7105,-0.444421,0.747799,-0.493241,0.959431,0.107251,0.12619
7589,11.4283,-0.643471,0.682779,0.34606,0.938405,0.134865,0.123702
7590,9.49444,-0.750502,0.659089,-0.0484619,0.926251,0.147171,0.121777
7591,15.4765,-0.766221,0.536598,-0.353509,0.906077,0.163515,0.119102
7592,21.7409,-0.821344,0.42465,-0.380877,0.883963,0.177061,0.116175
7593,21.2687,-0.600901,0.233215,-0.764545,0.860284,0.187579,0.113046
7594,27.8827,-0.836197,0.177458,-0.518925,0.835449,0.194885,0.109769
7595,34.1675,-0.85212,0.0595485,-0.519948,0.80988,0.198859,0.106399
7596,34.1793,-0.85819,-0.0598665,-0.509829,0.784016,0.199429,0.102993
7597,40.482,-0.85267,-0.180047,-0.490445,0.758299,0.196587,0.0996112
7598,40.7551,-0.918848,-0.319201,-0.23201,0.733169,0.190381,0.0963106
7599,1.05723,0.717881,0.385506,0.579683,0.701259,0.177061,0.0925339
7600,1.03217,0.648355,0.477164,0.593254,0.679145,0.163515,0.0896072
7601,1.08047,0.60313,0.581871,0.545583,0.658972,0.147171,0.0869326
7602,1.07744,0.520752,0.662434,0.538515,0.641085,0.128309,0.0845559
7603,0.672066,0.251365,0.517791,0.817746,0.625791,0.107251,0.0825186
7604,-1.39601,-0.0472606,0.140626,0.988934,0.617196,0.0921786,0.0811573
7605,4.59745,-0.15715,-0.120419,0.980206,0.606774,0.0682786,0.0798133
7606,10.5757,-0.187219,-0.406748,0.894151,0.59953,0.0432113,0.0788886
7607,13.1734,-0.059483,0.569239,0.820018,0.595022,0.00870199,0.0783546
7608,10.937,-0.113731,-0.0558644,0.99194,0.595022,-0.00870199,0.0783546
7609,9.36166,0.199779,-0.979315,-0.0321031,0.597834,-0.0346586,0.0787553
7610,11.0577,0.311094,-0.945175,0.0993212,0.606774,-0.0682786,0.0798133
7611,15.3332,0.452311,-0.840326,-0.298774,0.613352,-0.0843573,0.0808546
7612,15.0786,0.519857,-0.682837,-0.513305,0.625791,-0.107251,0.0825186
7613,14.8915,0.543885,-0.529059,-0.651372,0.641085,-0.128309,0.0845559
7614,14.933,0.628214,-0.48468,-0.608632,0.658972,-0.147171,0.0869326
7615,15.0849,0.751185,-0.461767,-0.471691,0.679145,-0.163515,0.0896072
7616,15.0072,0.773042,-0.348152,-0.530279,0.701259,-0.177061,0.0925339
7617,15.0272,0.822728,-0.257283,-0.506877,0.724937,-0.187579,0.0956626
7618,11.3026,0.892892,-0.186117,0.410004,0.758299,-0.196587,0.0996112
7619,9.34154,0.995151,-0.0654265,0.0734492,0.775341,-0.198859,0.102311
7620,5.429,0.670002,0.0493819,0.740715,0.80988,-0.198859,0.106399
7621,-0.748218,0.576461,0.132833,0.806256,0.835449,-0.194885,0.109769
7622,-6.69948,0.272733,0.130055,0.953259,0.860284,-0.187579,0.113046
7623,-7.14437,0.598981,0.335743,0.726979,0.883963,-0.177061,0.116175
7624,-0.882684,0.563025,0.429377,0.706144,0.906077,-0.163515,0.119102
7625,-7.47763,0.650944,0.613454,0.447153,0.926251,-0.147171,0.121777
7626,-3.18031,0.65595,0.752026,0.064703,0.938405,-0.134865,0.123702
7627,-0.864641,0.343319,0.632775,0.694067,0.959431,-0.107251,0.12619
7628,-2.82026,0.374959,0.84608,0.378885,0.968026,-0.0921786,0.127551
7629,-4.54441,-0.294871,-0.933669,-0.20326,0.981244,-0.0600213,0.129115
7630,-6.36779,-0.202025,-0.977922,0.0534268,0.985693,-0.0432113,0.12982
7631,1.96145,-0.0152395,-0.922682,-0.385259,0.990201,-0.00870199,0.130354
7632,0.18098,0.0712398,-0.982034,-0.17474,0.997376,0.00870199,0.0522613
7633,-1.16089,-0.194297,0.899563,0.391198,0.992839,0.0432113,0.0520826
7634,-2.90466,-0.321689,0.923273,0.209961,0.988349,0.0600213,0.0517293
7635,0.872427,0.313044,-0.687005,0.655765,0.975049,0.0921786,0.0512066
7636,0.720256,0.336442,-0.548565,0.76543,0.961529,0.114501,0.0505239
7637,-1.58835,-0.0677788,0.0326328,0.997167,0.950968,0.128309,0.0496933
7638,1.03313,0.624979,-0.566512,0.53709,0.926393,0.152921,0.0487279
7639,1.14164,0.738968,-0.50547,0.445451,0.905378,0.168359,0.0476446
7640,1.06683,0.765676,-0.387558,0.513361,0.882531,0.180919,0.0464619
7641,1.01705,0.784097,-0.273561,0.557096,0.858245,0.190381,0.0452
7642,1.05558,0.833428,-0.169894,0.525864,0.832933,0.196587,0.0438813
7643,1.08097,0.861373,-0.0577915,0.504675,0.80703,0.199429,0.042528
7644,1.10012,0.870857,0.0583664,0.488059,0.780978,0.198859,0.0411626
7645,0.875582,0.727414,0.149938,0.669617,0.755224,0.194885,0.0398086
7646,-1.14694,0.320426,0.121271,0.939479,0.738465,0.190381,0.0384893
7647,-2.05708,-0.480404,-0.220479,0.848882,0.714179,0.180919,0.037228
7648,4.34437,-0.360112,-0.216783,0.907372,0.691332,0.168359,0.036046
7649,0.458586,0.297265,0.291997,0.90905,0.66376,0.147171,0.0349626
7650,-1.5528,-0.044472,-0.00595866,0.998993,0.651492,0.134865,0.0339966
7651,0.858392,0.394228,0.629392,0.669664,0.630336,0.107251,0.0331653
7652,1.18291,0.393974,0.83039,0.394002,0.617804,0.0843573,0.0324826
7653,0.851456,0.215584,0.712368,0.667874,0.608362,0.0600213,0.03196
7654,-1.19996,0.0324784,0.34845,0.936764,0.603872,0.0432113,0.0316066
7655,12.8111,-0.0222747,0.241762,0.97008,0.599335,0.00870199,0.0314286
7656,11.1782,-0.0506235,0.183763,0.981666,0.599335,-0.00870199,0.0314286
7657,10.8088,-0.00394989,-0.174742,0.984606,0.60217,-0.0346586,0.0316066
7658,10.1424,0.212946,-0.70553,0.67593,0.608362,-0.0600213,0.03196
7659,10.3707,0.21985,-0.512017,0.830364,0.617804,-0.0843573,0.0324826
7660,10.4419,0.247532,-0.421777,0.872257,0.630336,-0.107251,0.0331653
7661,6.56702,-0.222097,0.210618,0.952005,0.651492,-0.134865,0.0339966
7662,10.7184,0.145998,-0.161654,0.975988,0.66376,-0.147171,0.0349626
7663,10.5085,0.329324,-0.243991,0.912148,0.684082,-0.163515,0.036046
7664,13.3178,-0.640438,0.302181,0.706063,0.714179,-0.180919,0.037228
7665,6.79006,-0.493621,0.156121,0.855549,0.738465,-0.190381,0.0384893
7666,4.27478,0.344602,-0.0758636,0.935678,0.755224,-0.194885,0.0398086
7667,4.33349,0.295237,-0.0218223,0.955175,0.780978,-0.198859,0.0411626
7668,3.92949,0.646164,0.0443403,0.761909,0.80703,-0.199429,0.042528
7669,4.02083,0.564312,0.118639,0.816993,0.832933,-0.196587,0.0438813
7670,4.10389,0.478572,0.173911,0.860653,0.858245,-0.190381,0.0452
7671,4.06968,0.479203,0.252617,0.840565,0.882531,-0.180919,0.0464619
7672,3.99951,0.491932,0.349638,0.797343,0.905378,-0.168359,0.0476446
7673,4.11364,0.371716,0.355485,0.857588,0.926393,-0.152921,0.0487279
7674,0.530661,-0.36713,-0.380646,0.848719,0.950968,-0.128309,0.0496933
7675,-1.77922,0.0643699,0.154302,0.985925,0.961529,-0.114501,0.0505239
7676,-1.60063,-0.0337501,0.0111821,0.999368,0.975049,-0.0921786,0.0512066
7677,-1.39566,0.309255,0.932508,0.186522,0.988349,-0.0600213,0.0517293
7678,-3.08871,0.192066,0.979018,0.0680776,0.992839,-0.0432113,0.0520826
7679,-4.35014,-0.0471643,-0.933102,-0.356505,0.997376,-0.00870199,0.0522613
