vertex,is_boundary,flattened,candidate,K_orig,K_final,K_rounded
0,0,1,0,0.01027404704264967,5.1751940510769145e-08,
1,0,1,0,0.010176775989075182,3.499470970780294e-07,
2,0,1,0,0.0099126237929008099,1.1843395508748245e-06,
3,0,1,0,0.0094956187110248891,2.4119168076097708e-06,
4,0,1,0,0.0088939562865952837,3.8517158840178922e-06,
5,0,1,0,0.0081441656265690554,5.2530008973761255e-06,
6,0,1,0,0.0072718504838604758,6.3643738332785915e-06,
7,0,1,0,0.0062538554898621257,6.9562977786929991e-06,
8,0,1,0,0.0051362869597273431,6.9089485421613972e-06,
9,0,1,0,0.0039348530354672562,6.1532820243570541e-06,
10,0,1,0,0.0026594696489050662,4.7195953420953174e-06,
11,0,1,0,0.0013423468057753851,2.7533237672017208e-06,
12,0,1,0,-5.9809934782606433e-12,4.5371970358587532e-07,
13,0,1,0,-0.0013417951779350901,-1.9162236082337358e-06,
14,0,1,0,-0.0026584937696139121,-4.0800548672947912e-06,
15,0,1,0,-0.0039381414180885699,-5.8081415321709073e-06,
16,0,1,0,-0.0051373448685678724,-6.8784755775652684e-06,
17,0,1,0,-0.0062561870228101668,-7.2172776377499304e-06,
18,0,1,0,-0.0072714533596549558,-6.8198388918361275e-06,
19,0,1,0,-0.008151713404119576,-5.7918318683292114e-06,
20,0,1,0,-0.0089022966134608694,-4.3542866121626389e-06,
21,0,1,0,-0.0094920524812236451,-2.7781679579064189e-06,
22,0,1,0,-0.0099253413936413182,-1.3708770838505302e-06,
23,0,1,0,-0.010187369059297069,-4.0480369278839134e-07,
24,0,1,0,-0.01027848580652968,-5.4894181644726814e-08,
25,0,1,0,-0.010187369088334286,-4.0480297602840665e-07,
26,0,1,0,-0.0099253413648483502,-1.3708774675436075e-06,
27,0,1,0,-0.0094920524812236451,-2.7781678051397307e-06,
28,0,1,0,-0.0089022966134617576,-4.354286661012452e-06,
29,0,1,0,-0.008151713404119576,-5.7918319011918129e-06,
30,0,1,0,-0.0072714533596549558,-6.8198389362450484e-06,
31,0,1,0,-0.0062561871446353834,-7.2172759972843892e-06,
32,0,1,0,-0.0051373447505262959,-6.8784766966700772e-06,
33,0,1,0,-0.0039381412175698571,-5.8081416041133593e-06,
34,0,1,0,-0.0026584939634908267,-4.0800549294672805e-06,
35,0,1,0,-0.0013417951779342019,-1.9162236153391632e-06,
36,0,1,0,-5.9809934782606433e-12,4.53719707138589e-07,
37,0,1,0,0.0013423468057753851,2.7533237734189697e-06,
38,0,1,0,0.0026594696489050662,4.7195953456480311e-06,
39,0,1,0,0.0039348530354672562,6.1532820270215893e-06,
40,0,1,0,0.0051362869597273431,6.9089485448259325e-06,
41,0,1,0,0.0062538554898621257,6.9562977778048207e-06,
42,0,1,0,0.0072718504838604758,6.3643738315022347e-06,
43,0,1,0,0.0081441656265690554,5.2530008964879471e-06,
44,0,1,0,0.0088939562865952837,3.8517158840178922e-06,
45,0,1,0,0.0094956187110248891,2.4119168067215924e-06,
46,0,1,0,0.0099126237929008099,1.1843395455457539e-06,
47,0,1,0,0.010176775989075182,3.4994709885438624e-07,
48,0,1,0,0.010275965543007359,4.4061172488341072e-09,
49,0,1,0,0.010185308711387009,3.0147132967783818e-07,
50,0,1,0,0.0099265158928574238,1.1459985387318739e-06,
51,0,1,0,0.0094875628001114265,2.4024557454538353e-06,
52,0,1,0,0.008889508533478363,3.8485607563032431e-06,
53,0,1,0,0.008154358460743083,5.2435760791169628e-06,
54,0,1,0,0.0072711921342500929,6.3598403432507666e-06,
55,0,1,0,0.0062493280913811233,6.9535004714182946e-06,
56,0,1,0,0.0051385436155788611,6.9107379507826749e-06,
57,0,1,0,0.0039352110017807362,6.1528723191983659e-06,
58,0,1,0,0.0026594335554657178,4.719829259869357e-06,
59,0,1,0,0.0013410920521197411,2.7503535857675843e-06,
60,0,1,0,2.5650834345469775e-08,4.5469006426657188e-07,
61,0,1,0,-0.0013415879583646984,-1.9163042432879251e-06,
62,0,1,0,-0.0026589393827300967,-4.0780367998038969e-06,
63,0,1,0,-0.0039343989460514095,-5.7987369403988964e-06,
64,0,1,0,-0.0051346197137132066,-6.8647727964332717e-06,
65,0,1,0,-0.0062512941970851443,-7.1977958970848022e-06,
66,0,1,0,-0.0072686935712171774,-6.7988214791370183e-06,
67,0,1,0,-0.0081442915284259954,-5.7587458712760053e-06,
68,0,1,0,-0.0088957247800474093,-4.318189750662782e-06,
69,0,1,0,-0.0094855915214058228,-2.7418953099100918e-06,
70,0,1,0,-0.009919746222806225,-1.3293805416481064e-06,
71,0,1,0,-0.010176543753464884,-3.5628923278352431e-07,
72,0,1,0,-0.010272940415875453,-1.171596686333487e-08,
73,0,1,0,-0.010176543443124686,-3.5628785433061694e-07,
74,0,1,0,-0.0099197464851066286,-1.3293815737114301e-06,
75,0,1,0,-0.0094855915662135359,-2.7418950976354495e-06,
76,0,1,0,-0.0088957247800465211,-4.3181899105348975e-06,
77,0,1,0,-0.0081442915284259954,-5.7587459583174905e-06,
78,0,1,0,-0.0072686935712162892,-6.798821527098653e-06,
79,0,1,0,-0.0062512941970851443,-7.1977959130720137e-06,
80,0,1,0,-0.0051346197137132066,-6.8647728683757236e-06,
81,0,1,0,-0.0039343991465523587,-5.7987368409229134e-06,
82,0,1,0,-0.0026589391824964892,-4.0780376693305698e-06,
83,0,1,0,-0.0013415879645277684,-1.9163034838953763e-06,
84,0,1,0,2.5650834345469775e-08,4.5469006160203662e-07,
85,0,1,0,0.0013410920521206293,2.7503535786621569e-06,
86,0,1,0,0.0026594335554648296,4.7198292509875728e-06,
87,0,1,0,0.0039352110017816244,6.1528723049875111e-06,
88,0,1,0,0.0051385436155797493,6.9107379214727871e-06,
89,0,1,0,0.0062493280913811233,6.9535004136866974e-06,
90,0,1,0,0.0072711921342500929,6.3598402251230368e-06,
91,0,1,0,0.0081543584607439712,5.2435758428615031e-06,
92,0,1,0,0.0088895089753897594,3.8485575384328286e-06,
93,0,1,0,0.009487562363381663,2.4024582909731862e-06,
94,0,1,0,0.0099265158928574238,1.1459987980799724e-06,
95,0,1,0,0.010185308711387897,3.0147144158831907e-07,
96,0,1,0,0.010266264368009814,3.5692822031307969e-08,
97,0,1,0,0.01018133937739929,3.2460071341944285e-07,
98,0,1,0,0.0099250156725911864,1.1578223677588539e-06,
99,0,1,0,0.0094873448260450743,2.3949285044011503e-06,
100,0,1,0,0.0089045657274509082,3.8398373654047191e-06,
101,0,1,0,0.0081451360341695533,5.239296720027653e-06,
102,0,1,0,0.0072728864630153822,6.3554871800874935e-06,
103,0,1,0,0.0062533106122115711,6.9517776504213202e-06,
104,0,1,0,0.0051397412053404423,6.9088908229986146e-06,
105,0,1,0,0.0039332069353621435,6.1514214788616073e-06,
106,0,1,0,0.0026577095652182692,4.7176174717833419e-06,
107,0,1,0,0.0013415554021989351,2.7522124685930294e-06,
108,0,1,0,-2.6343371928305714e-12,4.5376235391358932e-07,
109,0,1,0,-0.0013414611372439822,-1.9151433399144935e-06,
110,0,1,0,-0.0026586443349261302,-4.0791585753652271e-06,
111,0,1,0,-0.0039361635489267854,-5.8035279071333434e-06,
112,0,1,0,-0.005135787041465889,-6.8719251871129927e-06,
113,0,1,0,-0.0062551043379830418,-7.2109540125708804e-06,
114,0,1,0,-0.0072711027967464759,-6.812997517258168e-06,
115,0,1,0,-0.0081472322666797936,-5.7768625216780833e-06,
116,0,1,0,-0.0089023975960920154,-4.3424089088972551e-06,
117,0,1,0,-0.0094851514552667382,-2.7577926964283961e-06,
118,0,1,0,-0.0099274583340438483,-1.3574468233912285e-06,
119,0,1,0,-0.010179656707513196,-3.8231538290744993e-07,
120,0,1,0,-0.010277198277421462,-3.6509316458932517e-08,
121,0,1,0,-0.010179658795824942,-3.8231961330126296e-07,
122,0,1,0,-0.0099274580717407801,-1.357447088956576e-06,
123,0,1,0,-0.0094851514104599133,-2.7577934842426544e-06,
124,0,1,0,-0.0089023975960920154,-4.3424090279131633e-06,
125,0,1,0,-0.0081472322666789054,-5.7768625811860375e-06,
126,0,1,0,-0.0072711027967446995,-6.812997567884338e-06,
127,0,1,0,-0.0062551043379830418,-7.2109539903664199e-06,
128,0,1,0,-0.005135787041465889,-6.8719251817839222e-06,
129,0,1,0,-0.0039361635489267854,-5.8035278920343103e-06,
130,0,1,0,-0.0026586443412996985,-4.0791576640941685e-06,
131,0,1,0,-0.0013414611310818003,-1.9151440957543286e-06,
132,0,1,0,-2.6343371928305714e-12,4.537623530254109e-07,
133,0,1,0,0.0013415554021998233,2.7522124694812078e-06,
134,0,1,0,0.0026577095656161731,4.71761800113768e-06,
135,0,1,0,0.0039332069349766741,6.1514210916158163e-06,
136,0,1,0,0.0051397412053404423,6.9088908452030751e-06,
137,0,1,0,0.006253310612210683,6.951777702823847e-06,
138,0,1,0,0.0072728864630153822,6.3554872928861528e-06,
139,0,1,0,0.0081451360341695533,5.2392969518422206e-06,
140,0,1,0,0.0089045652855297419,3.8398405806105984e-06,
141,0,1,0,0.0094873452627872723,2.3949259659872268e-06,
142,0,1,0,0.0099250156725902983,1.1578221217334317e-06,
143,0,1,0,0.01018133937739929,3.2460060683803249e-07,
144,0,1,0,0.010275542966059703,1.8194109330238462e-08,
145,0,1,0,0.010179275654102149,3.2421620765887837e-07,
146,0,1,0,0.0099250590561599239,1.1643080277679019e-06,
147,0,1,0,0.0094825100102537974,2.4069454074293617e-06,
148,0,1,0,0.0089040331927883187,3.847290273917281e-06,
149,0,1,0,0.0081453853158048872,5.2457790955529049e-06,
150,0,1,0,0.0072692580801971829,6.3589436258837395e-06,
151,0,1,0,0.0062562849556790923,6.9596107863389989e-06,
152,0,1,0,0.0051307011324714935,6.9039833885398139e-06,
153,0,1,0,0.0039375916863608751,6.1572569070023064e-06,
154,0,1,0,0.0026596583160944931,4.7197702581769363e-06,
155,0,1,0,0.0013418419910378176,2.7516629055313047e-06,
156,0,1,0,-4.1406877926419838e-12,4.5365923639906214e-07,
157,0,1,0,-0.0013416662251692912,-1.9149168473120426e-06,
158,0,1,0,-0.0026581310588067453,-4.0792787006083131e-06,
159,0,1,0,-0.0039372011413476571,-5.8056932088490498e-06,
160,0,1,0,-0.005137133777306957,-6.8743755843314602e-06,
161,0,1,0,-0.0062540659931693554,-7.2089466680580472e-06,
162,0,1,0,-0.0072705501503254055,-6.8115871112439663e-06,
163,0,1,0,-0.0081475234540810959,-5.7750941442336057e-06,
164,0,1,0,-0.0089002065378744888,-4.3380702408057914e-06,
165,0,1,0,-0.0094875046863371892,-2.7545376362070328e-06,
166,0,1,0,-0.009922738944732501,-1.3419579563134221e-06,
167,0,1,0,-0.010177268192092193,-3.644595878427026e-07,
168,0,1,0,-0.010274296206045364,-2.1044294307159817e-08,
169,0,1,0,-0.010177266414113539,-3.644556922921538e-07,
170,0,1,0,-0.009922738944732501,-1.3419566071704025e-06,
171,0,1,0,-0.0094875046863371892,-2.7545371192871926e-06,
172,0,1,0,-0.008900206537875377,-4.3380700045503318e-06,
173,0,1,0,-0.0081475234540810959,-5.7750940030132369e-06,
174,0,1,0,-0.0072705500272292056,-6.8115866760365407e-06,
175,0,1,0,-0.0062540661126950781,-7.2089469416170004e-06,
176,0,1,0,-0.005137133777306957,-6.8743756047595639e-06,
177,0,1,0,-0.0039372011413476571,-5.8056932124017635e-06,
178,0,1,0,-0.0026581310588067453,-4.0792787032728484e-06,
179,0,1,0,-0.0013416662251692912,-1.9149168464238642e-06,
180,0,1,0,-4.1406877926419838e-12,4.5365923817541898e-07,
181,0,1,0,0.0013418419910378176,2.7516629064194831e-06,
182,0,1,0,0.0026596583156983655,4.719769730598955e-06,
183,0,1,0,0.0039375916867463445,6.1572573049062385e-06,
184,0,1,0,0.0051307011324714935,6.903983392980706e-06,
185,0,1,0,0.0062562849556790923,6.9596107872271773e-06,
186,0,1,0,0.0072692580801971829,6.3589436170019553e-06,
187,0,1,0,0.0081453853158048872,5.2457790618021249e-06,
188,0,1,0,0.0089040331927892069,3.8472901637831569e-06,
189,0,1,0,0.0094825100102537974,2.4069455744069046e-06,
190,0,1,0,0.0099250590561590357,1.1643080828349639e-06,
191,0,1,0,0.010179275654101261,3.2421622275791151e-07,
192,0,1,0,0.01025778595546889,3.8785016975850795e-08,
193,0,1,0,0.010187698502452491,3.2143071315715588e-07,
194,0,1,0,0.0099263444998829442,1.1580805665545313e-06,
195,0,1,0,0.0094917058879460114,2.402857221639465e-06,
196,0,1,0,0.0088865528886490353,3.8545764322606146e-06,
197,0,1,0,0.0081540592241147181,5.2505729275509339e-06,
198,0,1,0,0.0072661053821860833,6.3598850532642359e-06,
199,0,1,0,0.0062497060994664011,6.9548272092490038e-06,
200,0,1,0,0.0051420336425920254,6.9128832329568013e-06,
201,0,1,0,0.0039343387109509464,6.1520269838410968e-06,
202,0,1,0,0.0026593509626131606,4.7209355473754044e-06,
203,0,1,0,0.0013408810418784611,2.7492860645850214e-06,
204,0,1,0,3.2428816965079932e-08,4.5504291712461509e-07,
205,0,1,0,-0.0013416992759776036,-1.9161972542036665e-06,
206,0,1,0,-0.0026598069977659122,-4.0806819274763484e-06,
207,0,1,0,-0.0039360736798936813,-5.8035923444776927e-06,
208,0,1,0,-0.0051350165979897611,-6.8676721625138271e-06,
209,0,1,0,-0.0062536048572301439,-7.2040877032719663e-06,
210,0,1,0,-0.0072670548846573979,-6.7997352486415252e-06,
211,0,1,0,-0.0081472516348597424,-5.7668255353249265e-06,
212,0,1,0,-0.0088938578272124147,-4.3268972182985976e-06,
213,0,1,0,-0.0094920666480451388,-2.7609970061348577e-06,
214,0,1,0,-0.0099228357300038539,-1.3597912129625911e-06,
215,0,1,0,-0.010187152973998082,-3.9602242374314756e-07,
216,0,1,0,-0.010275724020538668,-4.9965634296711414e-08,
217,0,1,0,-0.010187152973997193,-3.9602330659249674e-07,
218,0,1,0,-0.0099228357300038539,-1.3597913959273455e-06,
219,0,1,0,-0.0094920666480451388,-2.7609970105757498e-06,
220,0,1,0,-0.0088938578272115265,-4.3268972049759213e-06,
221,0,1,0,-0.0081472516348588542,-5.7668255486476028e-06,
222,0,1,0,-0.0072670550077562623,-6.7997356190119262e-06,
223,0,1,0,-0.0062536047377008686,-7.2040873959622331e-06,
224,0,1,0,-0.0051350165979897611,-6.8676721234339766e-06,
225,0,1,0,-0.0039360736798936813,-5.8035923284904811e-06,
226,0,1,0,-0.0026598069977668004,-4.0806819221472779e-06,
227,0,1,0,-0.0013416992759776036,-1.9161972550918449e-06,
228,0,1,0,3.2428816076901512e-08,4.5504291623643667e-07,
229,0,1,0,0.0013408810418784611,2.749286063696843e-06,
230,0,1,0,0.0026593509626122724,4.7209355438226908e-06,
231,0,1,0,0.0039343387109500583,6.1520269776238479e-06,
232,0,1,0,0.0051420336425920254,6.9128832231868387e-06,
233,0,1,0,0.0062497060994664011,6.9548271994790412e-06,
234,0,1,0,0.0072661053821860833,6.3598850532642359e-06,
235,0,1,0,0.0081540592241156062,5.250572953308108e-06,
236,0,1,0,0.0088865528886490353,3.8545765432829171e-06,
237,0,1,0,0.0094917058879460114,2.4028575271728414e-06,
238,0,1,0,0.0099263444998829442,1.1580802556920844e-06,
239,0,1,0,0.010187698502452491,3.214305923648908e-07,
240,0,1,0,0.01027371004671096,2.9575000226600423e-09,
241,0,1,0,0.010186711782693258,3.0724238087032063e-07,
242,0,1,0,0.0099250157735699673,1.1489858025015565e-06,
243,0,1,0,0.0094847166133806837,2.4012224315583808e-06,
244,0,1,0,0.0088995105568390187,3.8410889828810468e-06,
245,0,1,0,0.0081485913490579875,5.2434451331961895e-06,
246,0,1,0,0.007269603540208891,6.3523699642686893e-06,
247,0,1,0,0.0062550187846364125,6.9540174809645805e-06,
248,0,1,0,0.0051373680520061527,6.9087944112311561e-06,
249,0,1,0,0.0039340716467517467,6.1520137037973655e-06,
250,0,1,0,0.0026596410587478303,4.7205006685757667e-06,
251,0,1,0,0.0013419353592967198,2.7515102098973898e-06,
252,0,1,0,-7.4562578333825513e-12,4.5363197909153996e-07,
253,0,1,0,-0.0013415177882851737,-1.9146510439327358e-06,
254,0,1,0,-0.0026578226823197326,-4.0773900185087086e-06,
255,0,1,0,-0.0039359375922218831,-5.8033686496372638e-06,
256,0,1,0,-0.005136560489495956,-6.8735997151847528e-06,
257,0,1,0,-0.0062547993723800488,-7.2117723082243401e-06,
258,0,1,0,-0.0072708986679872467,-6.816981009905021e-06,
259,0,1,0,-0.0081540380844833393,-5.7899800207650287e-06,
260,0,1,0,-0.0088960689341339716,-4.3403642351336202e-06,
261,0,1,0,-0.0094954127596924565,-2.7616581466105572e-06,
262,0,1,0,-0.009915371177791954,-1.3354755150629671e-06,
263,0,1,0,-0.010182152761496255,-3.6223374966226629e-07,
264,0,1,0,-0.010265858389509219,-1.2382018965695352e-08,
265,0,1,0,-0.010182152761496255,-3.6223389621170554e-07,
266,0,1,0,-0.009915371177791954,-1.3354756154271286e-06,
267,0,1,0,-0.0094954127596915683,-2.7616582025657976e-06,
268,0,1,0,-0.0088960689341339716,-4.3403642333572634e-06,
269,0,1,0,-0.0081540380844833393,-5.7899800083305308e-06,
270,0,1,0,-0.0072708986679881349,-6.8169809752660626e-06,
271,0,1,0,-0.0062547993723800488,-7.2117723277642654e-06,
272,0,1,0,-0.005136560489495956,-6.8735997160729312e-06,
273,0,1,0,-0.0039359375922218831,-5.8033686487490854e-06,
274,0,1,0,-0.0026578226823197326,-4.0773900167323518e-06,
275,0,1,0,-0.0013415177882851737,-1.9146510430445574e-06,
276,0,1,0,-7.4571460118022515e-12,4.5363197997971838e-07,
277,0,1,0,0.0013419353592958316,2.751510208121033e-06,
278,0,1,0,0.0026596410587469421,4.7205006623585177e-06,
279,0,1,0,0.0039340716467517467,6.1520136886983323e-06,
280,0,1,0,0.0051373680520061527,6.9087943774803762e-06,
281,0,1,0,0.0062550187846364125,6.9540174099103069e-06,
282,0,1,0,0.007269603540208891,6.35236981771925e-06,
283,0,1,0,0.0081485913490579875,5.2434448480909168e-06,
284,0,1,0,0.0088995105568390187,3.8410884233286424e-06,
285,0,1,0,0.0094847175932804006,2.401216843139764e-06,
286,0,1,0,0.0099250148019578432,1.1489903570804927e-06,
287,0,1,0,0.010186711782693258,3.0724280897231893e-07,
288,0,1,0,0.010262857139252901,4.2636244756977248e-08,
289,0,1,0,0.010186985043460162,3.3497526619186146e-07,
290,0,1,0,0.0099114985208661466,1.1741067105219827e-06,
291,0,1,0,0.0094956052328587504,2.4049103588552612e-06,
292,0,1,0,0.0088949329418444023,3.8472578722803519e-06,
293,0,1,0,0.0081542862493133583,5.2450383734026218e-06,
294,0,1,0,0.0072632432170394168,6.3564883143740758e-06,
295,0,1,0,0.0062548266577628908,6.9582866455419889e-06,
296,0,1,0,0.0051368983458184303,6.9065947396751426e-06,
297,0,1,0,0.0039370443556459023,6.1547650274107468e-06,
298,0,1,0,0.0026590737655407537,4.7196340773325574e-06,
299,0,1,0,0.0013410733213499171,2.7494714887055238e-06,
300,0,1,0,2.2925996212563859e-08,4.5461983688710461e-07,
301,0,1,0,-0.0013414765550052721,-1.9151505394887636e-06,
302,0,1,0,-0.0026594541977376096,-4.0809049979273482e-06,
303,0,1,0,-0.0039361448704777757,-5.8037869807847642e-06,
304,0,1,0,-0.0051373476803640017,-6.8749576733750928e-06,
305,0,1,0,-0.0062546299989945098,-7.208416992199318e-06,
306,0,1,0,-0.0072687235811521589,-6.8048381436369709e-06,
307,0,1,0,-0.0081454723961922326,-5.7637969366197694e-06,
308,0,1,0,-0.0088941814150782506,-4.3261033511043934e-06,
309,0,1,0,-0.0094923346771675909,-2.7567516696080929e-06,
310,0,1,0,-0.0099214059569252555,-1.3506630498483219e-06,
311,0,1,0,-0.010184605596786689,-3.7783100559352079e-07,
312,0,1,0,-0.010269096652879561,-3.0677780316068493e-08,
313,0,1,0,-0.010184605596786689,-3.7783103135069496e-07,
314,0,1,0,-0.0099214059569252555,-1.3506630658355334e-06,
315,0,1,0,-0.009492334627059229,-2.7567520204385687e-06,
316,0,1,0,-0.0088941814642620187,-4.3261027329322133e-06,
317,0,1,0,-0.0081454723961922326,-5.7637969534951594e-06,
318,0,1,0,-0.0072687235811521589,-6.8048381489660414e-06,
319,0,1,0,-0.006254629998995398,-7.2084169957520317e-06,
320,0,1,0,-0.0051373476803640017,-6.8749576742632712e-06,
321,0,1,0,-0.0039361448704777757,-5.8037869816729426e-06,
322,0,1,0,-0.0026594541977376096,-4.0809049970391698e-06,
323,0,1,0,-0.0013414765550052721,-1.915150540376942e-06,
324,0,1,0,2.2925997100742279e-08,4.5461983688710461e-07,
325,0,1,0,0.0013410733213499171,2.7494714904818807e-06,
326,0,1,0,0.0026590737655407537,4.7196340817734495e-06,
327,0,1,0,0.0039370443556459023,6.1547650407334231e-06,
328,0,1,0,0.0051368983458175421,6.9065947698732089e-06,
329,0,1,0,0.0062548266577628908,6.9582867094908352e-06,
330,0,1,0,0.0072632432170394168,6.3564884520417309e-06,
331,0,1,0,0.0081542862493133583,5.2450386585078945e-06,
332,0,1,0,0.0088949329418452905,3.847258429168221e-06,
333,0,1,0,0.0094956042529341644,2.4049159552674837e-06,
334,0,1,0,0.0099114994925022515,1.1741021861411127e-06,
335,0,1,0,0.01018698504346105,3.3497489759781729e-07,
336,0,1,0,0.010266406433901309,1.7579934841194245e-08,
337,0,1,0,0.010186935756316906,3.1125965094247476e-07,
338,0,1,0,0.0099242099758214408,1.1495009966111525e-06,
339,0,1,0,0.0094906790335755886,2.3966600348757083e-06,
340,0,1,0,0.0088983606382440072,3.8481919339972137e-06,
341,0,1,0,0.0081420215940077867,5.2426386183412887e-06,
342,0,1,0,0.0072734711560960008,6.3574304585145569e-06,
343,0,1,0,0.0062562063064648399,6.9583780026860609e-06,
344,0,1,0,0.0051341208706725538,6.9062553436083363e-06,
345,0,1,0,0.0039336987202034379,6.1531055646213417e-06,
346,0,1,0,0.002659336208200358,4.721186604328409e-06,
347,0,1,0,0.0013415367230074082,2.7504133823796906e-06,
348,0,1,0,1.3442992496948136e-08,4.5417150662530048e-07,
349,0,1,0,-0.001341787726816257,-1.9145735015158039e-06,
350,0,1,0,-0.002658362499852629,-4.0792457083327349e-06,
351,0,1,0,-0.0039357704525162518,-5.8004764280639165e-06,
352,0,1,0,-0.0051349521575243529,-6.8662690608789489e-06,
353,0,1,0,-0.0062508475115086171,-7.1970855888281449e-06,
354,0,1,0,-0.0072668223069909388,-6.8008965357080342e-06,
355,0,1,0,-0.0081487357233163138,-5.7732882563499288e-06,
356,0,1,0,-0.0088984753295413554,-4.3360709129913744e-06,
357,0,1,0,-0.0094891534389898169,-2.7565150304553754e-06,
358,0,1,0,-0.0099217188872353645,-1.3511107566088754e-06,
359,0,1,0,-0.010185262169105869,-3.8098454879786914e-07,
360,0,1,0,-0.010271321965582558,-3.8589173634306917e-08,
361,0,1,0,-0.010185262169105869,-3.8098456478508069e-07,
362,0,1,0,-0.0099217188872344764,-1.3511107894714769e-06,
363,0,1,0,-0.0094891534890999552,-2.7565147124875011e-06,
364,0,1,0,-0.0088984752803558109,-4.3360715515916581e-06,
365,0,1,0,-0.008148735723317202,-5.7732882430272525e-06,
366,0,1,0,-0.007266822306991827,-6.8008965312671421e-06,
367,0,1,0,-0.0062508475115086171,-7.1970855888281449e-06,
368,0,1,0,-0.0051349521575243529,-6.8662690608789489e-06,
369,0,1,0,-0.0039357704525162518,-5.8004764280639165e-06,
370,0,1,0,-0.002658362499852629,-4.0792457083327349e-06,
371,0,1,0,-0.0013417877268171452,-1.9145735006276254e-06,
372,0,1,0,1.3442992496948136e-08,4.5417150573712206e-07,
373,0,1,0,0.0013415367230074082,2.7504133823796906e-06,
374,0,1,0,0.0026593362081994698,4.7211866078811227e-06,
375,0,1,0,0.0039336987202034379,6.1531055655095201e-06,
376,0,1,0,0.005134120870673442,6.9062553507137636e-06,
377,0,1,0,0.0062562063064657281,6.9583780062387746e-06,
378,0,1,0,0.0072734711560960008,6.3574304380864533e-06,
379,0,1,0,0.0081420215940086749,5.2426385606096915e-06,
380,0,1,0,0.0088983606382440072,3.8481917838950608e-06,
381,0,1,0,0.0094906790335755886,2.3966596796043405e-06,
382,0,1,0,0.0099242099758214408,1.1495012079976163e-06,
383,0,1,0,0.01018693587379893,3.1125928590114427e-07,
384,0,1,0,0.010269895863570078,2.7109319233886708e-08,
385,0,1,0,0.010181750009100377,3.2087843404582372e-07,
386,0,1,0,0.0099287272795942627,1.1606015428711203e-06,
387,0,1,0,0.009478346011738914,2.4095903112808514e-06,
388,0,1,0,0.0089056212702915971,3.8540311404489103e-06,
389,0,1,0,0.0081396584903217217,5.2491457562808819e-06,
390,0,1,0,0.0072715724267933268,6.3606740052790656e-06,
391,0,1,0,0.006254518457343039,6.9576607755195141e-06,
392,0,1,0,0.005136432870930463,6.9078069575567724e-06,
393,0,1,0,0.0039353001473916294,6.1531797008740341e-06,
394,0,1,0,0.0026598119783862728,4.7210289739751943e-06,
395,0,1,0,0.0013408635267673219,2.7491524026146408e-06,
396,0,1,0,2.0808496259405729e-08,4.5448673624548519e-07,
397,0,1,0,-0.0013414620499458962,-1.9148002916580253e-06,
398,0,1,0,-0.0026588286941127137,-4.0795592761710964e-06,
399,0,1,0,-0.0039351301794638971,-5.8022612181574118e-06,
400,0,1,0,-0.0051369511007735014,-6.8746776644701413e-06,
401,0,1,0,-0.0062573178973064358,-7.21741994436087e-06,
402,0,1,0,-0.0072698884749788917,-6.8144587608287566e-06,
403,0,1,0,-0.0081497608103564545,-5.7794125813970254e-06,
404,0,1,0,-0.0088987243343057187,-4.3382454162355089e-06,
405,0,1,0,-0.009489138366435057,-2.7560715354368881e-06,
406,0,1,0,-0.0099200584512262324,-1.3467158694879799e-06,
407,0,1,0,-0.010185674989914517,-3.7228614235829127e-07,
408,0,1,0,-0.010264620871254237,-2.0817568113784546e-08,
409,0,1,0,-0.010185674989914517,-3.7228614679918337e-07,
410,0,1,0,-0.0099200584512262324,-1.3467158703761584e-06,
411,0,1,0,-0.009489138366435057,-2.7560715274432823e-06,
412,0,1,0,-0.0088987243343048306,-4.3382454348872557e-06,
413,0,1,0,-0.0081497608103573427,-5.7794125858379175e-06,
414,0,1,0,-0.0072698884749797799,-6.8144587626051134e-06,
415,0,1,0,-0.0062573178973064358,-7.2174199452490484e-06,
416,0,1,0,-0.0051369511007735014,-6.8746776662464981e-06,
417,0,1,0,-0.0039351301794647853,-5.802261216381055e-06,
418,0,1,0,-0.0026588286941127137,-4.079559275282918e-06,
419,0,1,0,-0.0013414620499450081,-1.9148002934343822e-06,
420,0,1,0,2.0808495371227309e-08,4.5448673802184203e-07,
421,0,1,0,0.0013408635267673219,2.7491524026146408e-06,
422,0,1,0,0.0026598119783862728,4.7210289739751943e-06,
423,0,1,0,0.0039353001473916294,6.1531796973213204e-06,
424,0,1,0,0.0051364328709295748,6.9078069504513451e-06,
425,0,1,0,0.006254518476463744,6.95766037317469e-06,
426,0,1,0,0.0072715724080731903,6.3606743339050809e-06,
427,0,1,0,0.0081396584903226099,5.2491457642744876e-06,
428,0,1,0,0.0089056212702915971,3.854031154659765e-06,
429,0,1,0,0.0094783460117398022,2.4095903503607019e-06,
430,0,1,0,0.0099287272795942627,1.1606016689924559e-06,
431,0,1,0,0.010181749891617464,3.2087894119570137e-07,
432,0,1,0,0.0102778756919637,2.726350789572507e-08,
433,0,1,0,0.010175244745425971,3.2491453083594024e-07,
434,0,1,0,0.0099243376753186396,1.1617048167877897e-06,
435,0,1,0,0.0094866469031007483,2.3987614765630383e-06,
436,0,1,0,0.0088987360710746088,3.8403465438818785e-06,
437,0,1,0,0.0081612953210639105,5.2370843093285657e-06,
438,0,1,0,0.0072619568875209595,6.3530607334882916e-06,
439,0,1,0,0.0062519872825577139,6.955366164795862e-06,
440,0,1,0,0.0051400888260406674,6.9100097475072175e-06,
441,0,1,0,0.0039354629738790337,6.1524491581366192e-06,
442,0,1,0,0.0026582298583059938,4.7173591841698226e-06,
443,0,1,0,0.001342298573578482,2.7532744937275311e-06,
444,0,1,0,-1.9560379094230029e-08,4.5288343564209299e-07,
445,0,1,0,-0.0013414563879283747,-1.9147718521850265e-06,
446,0,1,0,-0.0026581876416091887,-4.0782288550644807e-06,
447,0,1,0,-0.0039363848884281794,-5.8034641039483859e-06,
448,0,1,0,-0.0051374540274746749,-6.8731025333335083e-06,
449,0,1,0,-0.0062534745956437376,-7.2027299804489076e-06,
450,0,1,0,-0.0072640466138977899,-6.7946135002827646e-06,
451,0,1,0,-0.0081486514182858016,-5.7649861071595865e-06,
452,0,1,0,-0.0088934833541491898,-4.3216154637093496e-06,
453,0,1,0,-0.0094907006445179576,-2.7482585807092619e-06,
454,0,1,0,-0.0099162429242980465,-1.3371750871016275e-06,
455,0,1,0,-0.010184906523972082,-3.6626140786921724e-07,
456,0,1,0,-0.010266726048920205,-2.1004865402574069e-08,
457,0,1,0,-0.01018490652397297,-3.6626140786921724e-07,
458,0,1,0,-0.0099162429242980465,-1.3371750888779843e-06,
459,0,1,0,-0.0094907006445179576,-2.7482585833737971e-06,
460,0,1,0,-0.0088934833541491898,-4.3216154663738848e-06,
461,0,1,0,-0.0081486514182866898,-5.7649861080477649e-06,
462,0,1,0,-0.0072640466138977899,-6.7946135029472998e-06,
463,0,1,0,-0.0062534745956437376,-7.2027299822252644e-06,
464,0,1,0,-0.0051374540274746749,-6.8731025333335083e-06,
465,0,1,0,-0.0039363848884272912,-5.8034641057247427e-06,
466,0,1,0,-0.0026581876416083006,-4.0782288595053728e-06,
467,0,1,0,-0.0013414563879274866,-1.9147718512968481e-06,
468,0,1,0,-1.9560379982408449e-08,4.5288343653027141e-07,
469,0,1,0,0.0013422985735775939,2.7532744963920663e-06,
470,0,1,0,0.0026582298583059938,4.7173591832816442e-06,
471,0,1,0,0.0039354629738781455,6.1524491616893329e-06,
472,0,1,0,0.0051400888260415556,6.9100097555008233e-06,
473,0,1,0,0.006251987263437897,6.9553665609234372e-06,
474,0,1,0,0.0072619569062428724,6.3530603995332058e-06,
475,0,1,0,0.0081612953210630224,5.237084295117711e-06,
476,0,1,0,0.0088987360710746088,3.8403465287828453e-06,
477,0,1,0,0.0094866469031007483,2.3987614596876483e-06,
478,0,1,0,0.0099243376753186396,1.1617047901424371e-06,
479,0,1,0,0.010175244745425971,3.2491447399252138e-07,
480,0,1,0,0.010281100370868046,2.1368492753026658e-08,
481,0,1,0,0.010174848839858974,3.18365512619323e-07,
482,0,1,0,0.0099251252372942744,1.156916280109499e-06,
483,0,1,0,0.0094917719025735536,2.4014899739910334e-06,
484,0,1,0,0.0088972784261214244,3.8543099956100946e-06,
485,0,1,0,0.0081398089055557676,5.2506671099905589e-06,
486,0,1,0,0.0072743766982314995,6.3569787052131232e-06,
487,0,1,0,0.0062578907660393313,6.9578163985895003e-06,
488,0,1,0,0.0051340495618790172,6.9074249573475299e-06,
489,0,1,0,0.003932975576439901,6.1519567529089159e-06,
490,0,1,0,0.002660007867054226,4.722043525973163e-06,
491,0,1,0,0.0013408675684498661,2.7497833201550748e-06,
492,0,1,0,3.6391845092964559e-08,4.5519136371297009e-07,
493,0,1,0,-0.0013418447650339616,-1.9172487277785422e-06,
494,0,1,0,-0.002659923462852376,-4.080805353190442e-06,
495,0,1,0,-0.0039352813694364386,-5.8015168491465374e-06,
496,0,1,0,-0.0051359526341521189,-6.8727567317239391e-06,
497,0,1,0,-0.0062551703335369524,-7.2117660412374107e-06,
498,0,1,0,-0.00726844413583283,-6.8148415293123321e-06,
499,0,1,0,-0.0081555072542176532,-5.7932253598735883e-06,
500,0,1,0,-0.0088974350960189241,-4.347993962205976e-06,
501,0,1,0,-0.0094970917174421743,-2.7763682828307878e-06,
502,0,1,0,-0.0099184221526380512,-1.3621913028671884e-06,
503,0,1,0,-0.01019068404592538,-3.9585540090314453e-07,
504,0,1,0,-0.010272462093619872,-5.0299620468763351e-08,
505,0,1,0,-0.010190684045924492,-3.9585540267950137e-07,
506,0,1,0,-0.0099184221526380512,-1.3621913046435452e-06,
507,0,1,0,-0.0094970917174430625,-2.7763682854953231e-06,
508,0,1,0,-0.0088974350960189241,-4.3479939630941544e-06,
509,0,1,0,-0.0081555072542185414,-5.7932253607617668e-06,
510,0,1,0,-0.00726844413583283,-6.8148415284241537e-06,
511,0,1,0,-0.0062551703335360642,-7.2117660412374107e-06,
512,0,1,0,-0.0051359526341521189,-6.8727567317239391e-06,
513,0,1,0,-0.0039352813694364386,-5.8015168491465374e-06,
514,0,1,0,-0.002659923462852376,-4.0808053523022636e-06,
515,0,1,0,-0.0013418447650339616,-1.9172487268903637e-06,
516,0,1,0,3.6391844204786139e-08,4.5519136371297009e-07,
517,0,1,0,0.0013408675684489779,2.7497833201550748e-06,
518,0,1,0,0.0026600078670551142,4.7220435250849846e-06,
519,0,1,0,0.0039329755764390129,6.1519567537970943e-06,
520,0,1,0,0.0051340495618790172,6.9074249546829947e-06,
521,0,1,0,0.0062578907660393313,6.9578163941486082e-06,
522,0,1,0,0.0072743766982306113,6.3569787069894801e-06,
523,0,1,0,0.0081398089055557676,5.2506671091023804e-06,
524,0,1,0,0.0088972784261223126,3.8543099911692025e-06,
525,0,1,0,0.0094917719025735536,2.4014899686619628e-06,
526,0,1,0,0.0099251252372942744,1.15691627389225e-06,
527,0,1,0,0.010174848839859862,3.1836550551389564e-07,
528,0,1,0,0.010279753832227456,2.0683007306843137e-08,
529,0,1,0,0.010175243294730407,3.2392511251089218e-07,
530,0,1,0,0.0099243379986617697,1.1622056703686212e-06,
531,0,1,0,0.0094866468160557105,2.4005096319612562e-06,
532,0,1,0,0.0089014319361506722,3.8449055077549588e-06,
533,0,1,0,0.0081528135252870726,5.2401442829363987e-06,
534,0,1,0,0.0072641631607286428,6.3572877504469716e-06,
535,0,1,0,0.0062519869896036084,6.956714682537779e-06,
536,0,1,0,0.005140089103305101,6.9107480396013443e-06,
537,0,1,0,0.0039354630335131091,6.1529040360497333e-06,
538,0,1,0,0.0026582297969364177,4.7177379798313268e-06,
539,0,1,0,0.0013418845797481538,2.7529590092001399e-06,
540,0,1,0,-1.9551827712405156e-08,4.5292639949678914e-07,
541,0,1,0,-0.0013414563826259496,-1.914774983013956e-06,
542,0,1,0,-0.0026581875852080827,-4.0782372190406591e-06,
543,0,1,0,-0.0039363848615838748,-5.803547356464378e-06,
544,0,1,0,-0.0051374541213711211,-6.8736023539628377e-06,
545,0,1,0,-0.0062534745150042426,-7.2049363470938488e-06,
546,0,1,0,-0.0072662626168948918,-6.8000611541663147e-06,
547,0,1,0,-0.0081486528971534966,-5.7669689343953223e-06,
548,0,1,0,-0.0088934773032818271,-4.3223182357721157e-06,
549,0,1,0,-0.0094907090292366547,-2.7484530242816163e-06,
550,0,1,0,-0.009916239116466663,-1.3371548810425793e-06,
551,0,1,0,-0.010184906523972082,-3.6616869536487684e-07,
552,0,1,0,-0.010266726048919317,-2.0895463137549086e-08,
553,0,1,0,-0.01018490652397297,-3.6616869891759052e-07,
554,0,1,0,-0.0099162391164657748,-1.3371548863716498e-06,
555,0,1,0,-0.0094907090292366547,-2.7484530251697947e-06,
556,0,1,0,-0.0088934773032818271,-4.3223182357721157e-06,
557,0,1,0,-0.0081486528971534966,-5.7669689335071439e-06,
558,0,1,0,-0.00726626261689578,-6.8000611523899579e-06,
559,0,1,0,-0.0062534745150042426,-7.2049363470938488e-06,
560,0,1,0,-0.0051374541213711211,-6.8736023530746593e-06,
561,0,1,0,-0.0039363848615838748,-5.803547356464378e-06,
562,0,1,0,-0.0026581875852080827,-4.0782372199288375e-06,
563,0,1,0,-0.0013414563826268378,-1.9147749803494207e-06,
564,0,1,0,-1.9551827712405156e-08,4.5292639772043231e-07,
565,0,1,0,0.0013418845797481538,2.7529590083119615e-06,
566,0,1,0,0.0026582297969364177,4.7177379824958621e-06,
567,0,1,0,0.0039354630335139973,6.1529040333851981e-06,
568,0,1,0,0.005140089103305101,6.9107480413777012e-06,
569,0,1,0,0.0062519869896027203,6.9567146798732438e-06,
570,0,1,0,0.0072641631607295309,6.3572877495587932e-06,
571,0,1,0,0.0081528135252870726,5.2401442829363987e-06,
572,0,1,0,0.0089014319361506722,3.8449055077549588e-06,
573,0,1,0,0.0094866468160557105,2.4005096319612562e-06,
574,0,1,0,0.0099243379986617697,1.1622056685922644e-06,
575,0,1,0,0.010175243294730407,3.2392511428724902e-07,
576,0,1,0,0.010258959110950983,4.132986397564764e-08,
577,0,1,0,0.010185263838948799,3.2526322968351451e-07,
578,0,1,0,0.0099287268024355058,1.1631317349269921e-06,
579,0,1,0,0.0094783470396873071,2.4111595990916612e-06,
580,0,1,0,0.0089056205127535648,3.8552394334701034e-06,
581,0,1,0,0.0081390748693310755,5.2506315855183061e-06,
582,0,1,0,0.0072715717227183063,6.3611059424317773e-06,
583,0,1,0,0.0062545182614819339,6.9575223058393476e-06,
584,0,1,0,0.0051364330879142273,6.9075660089623625e-06,
585,0,1,0,0.0039353001506725604,6.1527258390370321e-06,
586,0,1,0,0.0026601900482425833,4.7201738917479474e-06,
587,0,1,0,0.0013419215963565989,2.7519103431572489e-06,
588,0,1,0,-9.8321351060803863e-13,4.5351165045559583e-07,
589,0,1,0,-0.0013417747070949559,-1.9154370232143947e-06,
590,0,1,0,-0.0026588286702873276,-4.0793739612965396e-06,
591,0,1,0,-0.0039351302703183322,-5.8014971884290389e-06,
592,0,1,0,-0.005136951350250385,-6.8721280630512638e-06,
593,0,1,0,-0.0062532957009437951,-7.2064028664442503e-06,
594,0,1,0,-0.0072692148485247188,-6.8075984271942502e-06,
595,0,1,0,-0.0081477652691415159,-5.7727986471078907e-06,
596,0,1,0,-0.0088987238037283589,-4.3360718002816157e-06,
597,0,1,0,-0.0094891386967175251,-2.7550731349634816e-06,
598,0,1,0,-0.0099200583593663794,-1.3462014862852811e-06,
599,0,1,0,-0.010185675365914193,-3.7192099089367048e-07,
600,0,1,0,-0.010264620117095724,-2.0498018393766415e-08,
601,0,1,0,-0.010185675365914193,-3.7192099533456258e-07,
602,0,1,0,-0.0099200583593663794,-1.3462014996079574e-06,
603,0,1,0,-0.0094891386967166369,-2.7550731509506932e-06,
604,0,1,0,-0.0088987238037265826,-4.3360717896234746e-06,
605,0,1,0,-0.0081477652691424041,-5.7727986373379281e-06,
606,0,1,0,-0.0072692148485247188,-6.807598424529715e-06,
607,0,1,0,-0.0062532957009437951,-7.2064028646678935e-06,
608,0,1,0,-0.005136951350250385,-6.8721280612749069e-06,
609,0,1,0,-0.003935130270317444,-5.8014971910935742e-06,
610,0,1,0,-0.0026588286702873276,-4.079373962184718e-06,
611,0,1,0,-0.0013417747070940678,-1.9154370249907515e-06,
612,0,1,0,-9.8410168902773876e-13,4.5351165134377425e-07,
613,0,1,0,0.0013419215963565989,2.7519103431572489e-06,
614,0,1,0,0.0026601900482425833,4.7201738917479474e-06,
615,0,1,0,0.0039353001506725604,6.1527258408133889e-06,
616,0,1,0,0.0051364330879142273,6.9075660080741841e-06,
617,0,1,0,0.0062545182614810457,6.957522306727526e-06,
618,0,1,0,0.0072715717227191945,6.3611059424317773e-06,
619,0,1,0,0.0081390748693310755,5.2506315846301277e-06,
620,0,1,0,0.0089056205127535648,3.855239432581925e-06,
621,0,1,0,0.0094783470396873071,2.4111595990916612e-06,
622,0,1,0,0.0099287268024355058,1.1631317349269921e-06,
623,0,1,0,0.010185263838947911,3.2526322879533609e-07,
624,0,1,0,0.010268255328144349,9.0406313546509409e-09,
625,0,1,0,0.01018693594320208,3.0845602516649251e-07,
626,0,1,0,0.0099242098641250109,1.1465983726921536e-06,
627,0,1,0,0.0094906783746075973,2.3932126644865548e-06,
628,0,1,0,0.0088948224511460339,3.8415512308986877e-06,
629,0,1,0,0.0081531524296272195,5.2378986401535599e-06,
630,0,1,0,0.0072705758338811322,6.3525149425203153e-06,
631,0,1,0,0.0062551301201292375,6.9577046142299537e-06,
632,0,1,0,0.0051341209467068438,6.9064138950025722e-06,
633,0,1,0,0.0039340228591129289,6.1545132190587992e-06,
634,0,1,0,0.0026578343833705276,4.7189512466516703e-06,
635,0,1,0,0.0013412313045497726,2.7513764138120678e-06,
636,0,1,0,-9.7344354799133725e-13,4.5373171797535861e-07,
637,0,1,0,-0.0013418105659290802,-1.915218314607614e-06,
638,0,1,0,-0.002658243131977045,-4.0787986179680047e-06,
639,0,1,0,-0.0039357704384030967,-5.8015679611500559e-06,
640,0,1,0,-0.005136532244613079,-6.8723113937352309e-06,
641,0,1,0,-0.0062521382660909453,-7.2042201839650488e-06,
642,0,1,0,-0.0072710364937824679,-6.8125569105959016e-06,
643,0,1,0,-0.0081487354561184944,-5.7774661810228167e-06,
644,0,1,0,-0.0088984755949237382,-4.3380304326490204e-06,
645,0,1,0,-0.0094891533843286524,-2.7574130481156089e-06,
646,0,1,0,-0.0099217189509426262,-1.351393965620673e-06,
647,0,1,0,-0.010185261785454536,-3.8075423169914302e-07,
648,0,1,0,-0.010271322735093236,-3.8394800228047643e-08,
649,0,1,0,-0.010185261785454536,-3.8075423791639196e-07,
650,0,1,0,-0.0099217189509426262,-1.3513940029241667e-06,
651,0,1,0,-0.0094891533843277642,-2.757413185783264e-06,
652,0,1,0,-0.0088984755949237382,-4.3380303056395064e-06,
653,0,1,0,-0.0081487354561193825,-5.7774661526011073e-06,
654,0,1,0,-0.0072710364937824679,-6.8125569097077232e-06,
655,0,1,0,-0.0062521382660909453,-7.2042201875177625e-06,
656,0,1,0,-0.005136532244613079,-6.8723113955115878e-06,
657,0,1,0,-0.0039357704384030967,-5.8015679611500559e-06,
658,0,1,0,-0.002658243131977045,-4.0787986197443615e-06,
659,0,1,0,-0.0013418105659299684,-1.915218314607614e-06,
660,0,1,0,-9.7344354799133725e-13,4.5373171708718019e-07,
661,0,1,0,0.0013412313045497726,2.7513764138120678e-06,
662,0,1,0,0.0026578343833696394,4.7189512493162056e-06,
663,0,1,0,0.0039340228591129289,6.1545132190587992e-06,
664,0,1,0,0.0051341209467059556,6.906413896778929e-06,
665,0,1,0,0.0062551301201292375,6.9577046151181321e-06,
666,0,1,0,0.007270575833880244,6.3525149442966722e-06,
667,0,1,0,0.0081531524296263314,5.237898638377203e-06,
668,0,1,0,0.0088948224511460339,3.8415512308986877e-06,
669,0,1,0,0.0094906783746084855,2.3932126618220195e-06,
670,0,1,0,0.0099242098641258991,1.1465983709157967e-06,
671,0,1,0,0.01018693594320208,3.0845602427831409e-07,
672,0,1,0,0.010262857139251125,3.5915592278001895e-08,
673,0,1,0,0.010189986491427661,3.2161896790228184e-07,
674,0,1,0,0.0099114997155203,1.1702175273242688e-06,
675,0,1,0,0.0094956043544378588,2.4037143795396787e-06,
676,0,1,0,0.0088949332423631233,3.8481115067767746e-06,
677,0,1,0,0.0081518800382411882,5.2489958637380596e-06,
678,0,1,0,0.0072620589386644951,6.3552296056812452e-06,
679,0,1,0,0.0062588517055184312,6.9594698324237925e-06,
680,0,1,0,0.0051360565557470039,6.9043561543580267e-06,
681,0,1,0,0.0039370443942425837,6.1540596973941319e-06,
682,0,1,0,0.0026595689513140286,4.7195632966179346e-06,
683,0,1,0,0.001341096218967941,2.7501505615035171e-06,
684,0,1,0,-2.2506441155201173e-12,4.5373020451933144e-07,
685,0,1,0,-0.0013409531288095522,-1.9149382817218452e-06,
686,0,1,0,-0.0026592504105265036,-4.0793601074895491e-06,
687,0,1,0,-0.0039361448841672697,-5.8032860117407381e-06,
688,0,1,0,-0.0051373476657783357,-6.8734459119923486e-06,
689,0,1,0,-0.0062520205007547958,-7.2019752082042032e-06,
690,0,1,0,-0.0072687234431274561,-6.8021699055620388e-06,
691,0,1,0,-0.0081454724000504797,-5.7630518242035578e-06,
692,0,1,0,-0.0088941810414775446,-4.3262719042758135e-06,
693,0,1,0,-0.0094923350578088872,-2.7573760998933494e-06,
694,0,1,0,-0.0099214055589458283,-1.3511465599691519e-06,
695,0,1,0,-0.010184605555725312,-3.7590281554145122e-07,
696,0,1,0,-0.010269097540237304,-3.0873161804834126e-08,
697,0,1,0,-0.010184605555727089,-3.7590274093446396e-07,
698,0,1,0,-0.0099214055589458283,-1.3511463565762938e-06,
699,0,1,0,-0.0094923346771684791,-2.7573756318233222e-06,
700,0,1,0,-0.0088941814150800269,-4.3262723172787787e-06,
701,0,1,0,-0.0081454724000504797,-5.7630519973983496e-06,
702,0,1,0,-0.0072687234431274561,-6.8021699686227066e-06,
703,0,1,0,-0.0062520205007556839,-7.2019752295204853e-06,
704,0,1,0,-0.0051373476657774475,-6.8734459217623112e-06,
705,0,1,0,-0.0039361448841663815,-5.8032860161816302e-06,
706,0,1,0,-0.0026592504105273918,-4.0793601066013707e-06,
707,0,1,0,-0.0013409531288104404,-1.9149382808336668e-06,
708,0,1,0,-2.2506441155201173e-12,4.5373020451933144e-07,
709,0,1,0,0.001341096218967941,2.7501505597271603e-06,
710,0,1,0,0.0026595689513140286,4.7195632966179346e-06,
711,0,1,0,0.0039370443942425837,6.1540596991704888e-06,
712,0,1,0,0.0051360565557470039,6.9043561534698483e-06,
713,0,1,0,0.0062588517055184312,6.9594698324237925e-06,
714,0,1,0,0.0072620589386644951,6.3552296047930668e-06,
715,0,1,0,0.0081518800382411882,5.2489958628498812e-06,
716,0,1,0,0.0088949332423631233,3.8481115067767746e-06,
717,0,1,0,0.0094956043544369706,2.4037143795396787e-06,
718,0,1,0,0.0099114997155203,1.1702175246597335e-06,
719,0,1,0,0.010189986491426772,3.2161896879046026e-07,
720,0,1,0,0.010283600323864661,2.0273937195725011e-08,
721,0,1,0,0.01016975379187901,3.3334763571701842e-07,
722,0,1,0,0.0099303490818147822,1.1583920960234195e-06,
723,0,1,0,0.0094847174917767063,2.4062421619674979e-06,
724,0,1,0,0.0088995103519096119,3.8439080647378887e-06,
725,0,1,0,0.0081485916613646125,5.2449789027519955e-06,
726,0,1,0,0.0072696032769252739,6.354417824816494e-06,
727,0,1,0,0.0062533353097258271,6.9562743210127564e-06,
728,0,1,0,0.0051373680624227092,6.9100580182279714e-06,
729,0,1,0,0.0039340716322850966,6.1525600347778209e-06,
730,0,1,0,0.002659641075338115,4.7207744433563903e-06,
731,0,1,0,0.0013419255180551204,2.7511923690326512e-06,
732,0,1,0,1.9698502384812855e-08,4.5426376438228999e-07,
733,0,1,0,-0.0013418439659078629,-1.915709114896913e-06,
734,0,1,0,-0.0026578226966798013,-4.077436182470251e-06,
735,0,1,0,-0.0039359375607830316,-5.8033595990991671e-06,
736,0,1,0,-0.0051365603920121572,-6.8736205278696616e-06,
737,0,1,0,-0.0062547994695183462,-7.2123074295049605e-06,
738,0,1,0,-0.0072708985661336101,-6.8169167164455757e-06,
739,0,1,0,-0.0081540381890796709,-5.7899500784941438e-06,
740,0,1,0,-0.0088960693347246433,-4.3409322874055079e-06,
741,0,1,0,-0.0094954125192856509,-2.7640674602480431e-06,
742,0,1,0,-0.0099153714057100828,-1.3432580798777849e-06,
743,0,1,0,-0.010187302283599209,-3.7514248951708851e-07,
744,0,1,0,-0.010265853882127196,-2.685281863534783e-08,
745,0,1,0,-0.010187302283599209,-3.7514256323589734e-07,
746,0,1,0,-0.0099153714057100828,-1.3432582868233567e-06,
747,0,1,0,-0.0094954128999198417,-2.7640679292062487e-06,
748,0,1,0,-0.0088960689611301547,-4.3409318690734722e-06,
749,0,1,0,-0.0081540381890796709,-5.7899498999702814e-06,
750,0,1,0,-0.0072708985661336101,-6.8169166489440158e-06,
751,0,1,0,-0.0062547994695183462,-7.2123074046359648e-06,
752,0,1,0,-0.0051365603920121572,-6.8736205172115206e-06,
753,0,1,0,-0.0039359375607830316,-5.803359594658275e-06,
754,0,1,0,-0.0026578226966798013,-4.0774361815820725e-06,
755,0,1,0,-0.0013418439659087511,-1.9157091131205561e-06,
756,0,1,0,1.9698502384812855e-08,4.5426376438228999e-07,
757,0,1,0,0.0013419255180551204,2.751192370809008e-06,
758,0,1,0,0.002659641075338115,4.7207744442445687e-06,
759,0,1,0,0.0039340716322850966,6.1525600347778209e-06,
760,0,1,0,0.0051373680624227092,6.9100580191161498e-06,
761,0,1,0,0.0062533353097258271,6.9562743236772917e-06,
762,0,1,0,0.0072696032769243857,6.3544178221519587e-06,
763,0,1,0,0.0081485916613646125,5.2449788991992818e-06,
764,0,1,0,0.0088995103519113883,3.8439080620733534e-06,
765,0,1,0,0.0094847174917767063,2.4062421566384273e-06,
766,0,1,0,0.009930349081813894,1.1583920960234195e-06,
767,0,1,0,0.010169753791878122,3.3334763482884e-07,
768,0,1,0,0.010263534809151764,2.4294225298149286e-08,
769,0,1,0,0.010188952435996157,3.0560358510456354e-07,
770,0,1,0,0.0099263445855282129,1.1524537244511635e-06,
771,0,1,0,0.0094917058889629757,2.3998446376793936e-06,
772,0,1,0,0.0088865523554852999,3.8527492733919644e-06,
773,0,1,0,0.0081540595721962816,5.2490370388014185e-06,
774,0,1,0,0.0072652990509798343,6.3573798589899866e-06,
775,0,1,0,0.0062524455371439913,6.9549272705415888e-06,
776,0,1,0,0.0051414599148724704,6.9112489615719142e-06,
777,0,1,0,0.0039343387088015547,6.1517427498714028e-06,
778,0,1,0,0.0026593509714878394,4.7208682989463568e-06,
779,0,1,0,0.0013409054904753859,2.7503302462150714e-06,
780,0,1,0,-2.4456241476400464e-08,4.5282597405105207e-07,
781,0,1,0,-0.001341943734916029,-1.9150285588409588e-06,
782,0,1,0,-0.0026598776451312034,-4.081187309878942e-06,
783,0,1,0,-0.0039360737146765246,-5.8036079852996636e-06,
784,0,1,0,-0.0051350167032140348,-6.8676414848312106e-06,
785,0,1,0,-0.0062536047489878399,-7.2039790719458097e-06,
786,0,1,0,-0.0072670549902662529,-6.799300402704489e-06,
787,0,1,0,-0.0081472528490778018,-5.7657236753883012e-06,
788,0,1,0,-0.0088938564468676873,-4.3242776364138535e-06,
789,0,1,0,-0.0094920665078124244,-2.7546954459722883e-06,
790,0,1,0,-0.0099173408009107789,-1.343833188727217e-06,
791,0,1,0,-0.010187903294811562,-3.7599796698373211e-07,
792,0,1,0,-0.010264356696364274,-2.1787874615597502e-08,
793,0,1,0,-0.010187903294810674,-3.7599796964826737e-07,
794,0,1,0,-0.009917340800911667,-1.3438331638582213e-06,
795,0,1,0,-0.0094920665078133126,-2.7546953180745959e-06,
796,0,1,0,-0.0088938564468676873,-4.3242777536534049e-06,
797,0,1,0,-0.0081472528490778018,-5.7657236904873344e-06,
798,0,1,0,-0.0072670549902662529,-6.7993003938227048e-06,
799,0,1,0,-0.0062536047489869517,-7.2039790648403823e-06,
800,0,1,0,-0.005135016703214923,-6.8676414777257833e-06,
801,0,1,0,-0.0039360737146765246,-5.8036079817469499e-06,
802,0,1,0,-0.0026598776451312034,-4.0811873116552988e-06,
803,0,1,0,-0.001341943734916029,-1.9150285561764235e-06,
804,0,1,0,-2.4456241476400464e-08,4.5282597227469523e-07,
805,0,1,0,0.0013409055041817552,2.7503300277231801e-06,
806,0,1,0,0.0026593509581953612,4.7208684632593645e-06,
807,0,1,0,0.0039343387088024429,6.151742758753187e-06,
808,0,1,0,0.0051414599148724704,6.9112489775591257e-06,
809,0,1,0,0.0062524455371439913,6.954927306956904e-06,
810,0,1,0,0.0072652990509798343,6.357379815469244e-06,
811,0,1,0,0.0081540595721962816,5.2490370192614932e-06,
812,0,1,0,0.008886552355486188,3.8527492645101802e-06,
813,0,1,0,0.0094917058889629757,2.3998446350148583e-06,
814,0,1,0,0.0099263445855282129,1.1524537253393419e-06,
815,0,1,0,0.010188952435996157,3.0560358421638512e-07,
816,0,1,0,0.010274639056417456,2.2768202434519935e-08,
817,0,1,0,0.010179276045168884,3.2636147118125791e-07,
818,0,1,0,0.0099250590236792391,1.1651569478132728e-06,
819,0,1,0,0.0094825100677962126,2.4074557272157904e-06,
820,0,1,0,0.008904034025479568,3.8479940300817361e-06,
821,0,1,0,0.0081448470064779954,5.2471290592492892e-06,
822,0,1,0,0.0072687691051438463,6.3602290278907958e-06,
823,0,1,0,0.0062556864971288206,6.9609829740358009e-06,
824,0,1,0,0.0051307020760553712,6.9045323654037816e-06,
825,0,1,0,0.003937591677061647,6.1574451031276567e-06,
826,0,1,0,0.0026596583123694728,4.7197895369777143e-06,
827,0,1,0,0.0013418420046980017,2.7516004710292918e-06,
828,0,1,0,-4.1140424400509801e-12,4.5350468269589328e-07,
829,0,1,0,-0.0013409615463677582,-1.9134888722405208e-06,
830,0,1,0,-0.0026581310552202808,-4.0791155768715726e-06,
831,0,1,0,-0.0039372011384264383,-5.8055733296313861e-06,
832,0,1,0,-0.0051371339632080293,-6.8743061394371807e-06,
833,0,1,0,-0.0062540658044207831,-7.2089114278028887e-06,
834,0,1,0,-0.00727055015461886,-6.8115752780428807e-06,
835,0,1,0,-0.0081475222824636262,-5.7751583550924579e-06,
836,0,1,0,-0.0089002077321538309,-4.3384452022010578e-06,
837,0,1,0,-0.0094875052592309217,-2.7559368032115117e-06,
838,0,1,0,-0.0099217058139409176,-1.3478962515023341e-06,
839,0,1,0,-0.01018254561368348,-3.7609869618648872e-07,
840,0,1,0,-0.010274297306929192,-3.4743011134708013e-08,
841,0,1,0,-0.010182545613684368,-3.7609871839094922e-07,
842,0,1,0,-0.0099217058139409176,-1.3478962967994335e-06,
843,0,1,0,-0.0094875052592309217,-2.7559368565022169e-06,
844,0,1,0,-0.0089002077321538309,-4.3384451551276015e-06,
845,0,1,0,-0.0081475222824636262,-5.7751583222298564e-06,
846,0,1,0,-0.0072705501546197482,-6.8115752629438475e-06,
847,0,1,0,-0.0062540658044207831,-7.2089114233619966e-06,
848,0,1,0,-0.0051371339632080293,-6.8743061394371807e-06,
849,0,1,0,-0.0039372011384273264,-5.8055733287432076e-06,
850,0,1,0,-0.0026581310552193926,-4.0791155804242862e-06,
851,0,1,0,-0.0013409615463677582,-1.9134888713523424e-06,
852,0,1,0,-4.1140424400509801e-12,4.5350468536042854e-07,
853,0,1,0,0.0013418419909907442,2.7516006877448262e-06,
854,0,1,0,0.0026596583256637274,4.7197893611183872e-06,
855,0,1,0,0.003937591677061647,6.1574450782586609e-06,
856,0,1,0,0.0051307020760571476,6.9045323076721843e-06,
857,0,1,0,0.0062556866647582865,6.9609831241379538e-06,
858,0,1,0,0.0072687689410102507,6.3602285358399513e-06,
859,0,1,0,0.0081448470064779954,5.2471291480671312e-06,
860,0,1,0,0.0089040340254804562,3.8479940833724413e-06,
861,0,1,0,0.0094825100677971008,2.407455753861143e-06,
862,0,1,0,0.0099250590236801273,1.165156962912306e-06,
863,0,1,0,0.010179276045167995,3.2636148006304211e-07,
864,0,1,0,0.010266264368006262,3.5593076042061966e-08,
865,0,1,0,0.010181339377557386,3.244805188984401e-07,
866,0,1,0,0.0099250157251695725,1.1568290414487592e-06,
867,0,1,0,0.0094873452042278927,2.3942267635135295e-06,
868,0,1,0,0.0089039149436276332,3.8382416231996785e-06,
869,0,1,0,0.0081466479799559011,5.2366404927894905e-06,
870,0,1,0,0.0072740781731273074,6.3540459915856218e-06,
871,0,1,0,0.0062529023100497128,6.950484920054123e-06,
872,0,1,0,0.0051397411433908857,6.9086296603515507e-06,
873,0,1,0,0.0039332069485249477,6.1513973044213799e-06,
874,0,1,0,0.0026577095715367705,4.7177022297617555e-06,
875,0,1,0,0.0013415554010309805,2.7523431320730651e-06,
876,0,1,0,-2.540839361131475e-08,4.5271741022645529e-07,
877,0,1,0,-0.0013423206697007473,-1.9148544261327061e-06,
878,0,1,0,-0.0026588701004843784,-4.0808461738706114e-06,
879,0,1,0,-0.0039361635886079327,-5.8037199526239647e-06,
880,0,1,0,-0.0051357868702925913,-6.8720809371924929e-06,
881,0,1,0,-0.0062551040530927082,-7.2111190778656464e-06,
882,0,1,0,-0.0072711031105789914,-6.8132749317939556e-06,
883,0,1,0,-0.0081472323016784642,-5.7774298110047084e-06,
884,0,1,0,-0.0089023977550990452,-4.3436487384695965e-06,
885,0,1,0,-0.0094859930801209913,-2.7606974351002123e-06,
886,0,1,0,-0.0099273705542550772,-1.3602386896849339e-06,
887,0,1,0,-0.010180562283117922,-3.8292780324411524e-07,
888,0,1,0,-0.010277196494436147,-3.8423237924689602e-08,
889,0,1,0,-0.010180562283117034,-3.8292783521853835e-07,
890,0,1,0,-0.0099273705542550772,-1.3602388557742984e-06,
891,0,1,0,-0.0094859930801209913,-2.7606980514960355e-06,
892,0,1,0,-0.0089023977550990452,-4.3436481753644784e-06,
893,0,1,0,-0.0081472323016784642,-5.7774296946533354e-06,
894,0,1,0,-0.0072711031105798796,-6.8132749255767067e-06,
895,0,1,0,-0.0062551040530927082,-7.2111190920765011e-06,
896,0,1,0,-0.0051357868702917031,-6.8720809505151692e-06,
897,0,1,0,-0.0039361635886079327,-5.803719959729392e-06,
898,0,1,0,-0.0026588701004834903,-4.0808461765351467e-06,
899,0,1,0,-0.0013423206696998591,-1.9148544287972413e-06,
900,0,1,0,-2.540839449949317e-08,4.5271741200281213e-07,
901,0,1,0,0.0013415554010300923,2.7523431347376004e-06,
902,0,1,0,0.0026577095715367705,4.7177022413080749e-06,
903,0,1,0,0.0039332069485249477,6.1513973292903756e-06,
904,0,1,0,0.0051397411433908857,6.9086297171949695e-06,
905,0,1,0,0.0062529021424264641,6.9504847726165053e-06,
906,0,1,0,0.0072740783372546858,6.35404648718918e-06,
907,0,1,0,0.0081466479799559011,5.236640404859827e-06,
908,0,1,0,0.0089039149436276332,3.8382415716853302e-06,
909,0,1,0,0.0094873452042278927,2.39422673509182e-06,
910,0,1,0,0.0099250157251695725,1.1568290254615476e-06,
911,0,1,0,0.010181339377557386,3.2448051268119116e-07,
912,0,1,0,0.010275965333255144,8.9120675283993478e-09,
913,0,1,0,0.010185308148703776,3.0695644248623921e-07,
914,0,1,0,0.0099232799790014425,1.1594564615080571e-06,
915,0,1,0,0.0094875623831534028,2.4081512597362575e-06,
916,0,1,0,0.0088895101207784322,3.8539378444113481e-06,
917,0,1,0,0.0081512777531322911,5.252458699089857e-06,
918,0,1,0,0.007270897703132384,6.3637241218827967e-06,
919,0,1,0,0.0062493279747855013,6.955030398714257e-06,
920,0,1,0,0.0051385436846151933,6.9113481657723241e-06,
921,0,1,0,0.0039352109851833461,6.1530576225266032e-06,
922,0,1,0,0.002659433545192158,4.7198354451438718e-06,
923,0,1,0,0.0013410920533383219,2.7503008457330225e-06,
924,0,1,0,2.5637912237641558e-08,4.546391823012641e-07,
925,0,1,0,-0.0013410290238589084,-1.9151219028401556e-06,
926,0,1,0,-0.0026589395241920499,-4.0779262437951047e-06,
927,0,1,0,-0.0039343990910643001,-5.7986639570017928e-06,
928,0,1,0,-0.005134619500356763,-6.8647446411773672e-06,
929,0,1,0,-0.0062512946818671367,-7.1977580038407041e-06,
930,0,1,0,-0.0072686935585606349,-6.7988600198631843e-06,
931,0,1,0,-0.008144291028714612,-5.7587699879846355e-06,
932,0,1,0,-0.0088957231107489321,-4.318001125547255e-06,
933,0,1,0,-0.0094855920164977903,-2.7409391272215089e-06,
934,0,1,0,-0.0099191244142744495,-1.3276197368128351e-06,
935,0,1,0,-0.010176543612101518,-3.5465040504334411e-07,
936,0,1,0,-0.01027294041587723,-1.065963139978976e-08,
937,0,1,0,-0.010176543612101518,-3.546500799700425e-07,
938,0,1,0,-0.0099191244142735613,-1.3276188219890628e-06,
939,0,1,0,-0.0094855903157968768,-2.7409363916319762e-06,
940,0,1,0,-0.0088957247800465211,-4.3180037945234062e-06,
941,0,1,0,-0.008144291028714612,-5.7587707740225369e-06,
942,0,1,0,-0.0072686935585606349,-6.7988603076329923e-06,
943,0,1,0,-0.0062512946818662485,-7.1977581113102929e-06,
944,0,1,0,-0.0051346195003576511,-6.8647446784808608e-06,
945,0,1,0,-0.0039343990910634119,-5.798663972100826e-06,
946,0,1,0,-0.0026589395241920499,-4.0779262491241752e-06,
947,0,1,0,-0.0013410290238589084,-1.9151219028401556e-06,
948,0,1,0,2.5637912237641558e-08,4.5463918318944252e-07,
949,0,1,0,0.0013410920533383219,2.7503008466212009e-06,
950,0,1,0,0.0026594335451930462,4.7198354451438718e-06,
951,0,1,0,0.0039352109851833461,6.1530576207502463e-06,
952,0,1,0,0.0051385436846151933,6.9113481542260047e-06,
953,0,1,0,0.0062493279747855013,6.955030364963477e-06,
954,0,1,0,0.0072708977031332722,6.3637241645153608e-06,
955,0,1,0,0.0081512777531322911,5.2524587195179606e-06,
956,0,1,0,0.0088895101207784322,3.8539378559576676e-06,
957,0,1,0,0.0094875623831534028,2.4081512632889712e-06,
958,0,1,0,0.0099232799790023307,1.159456463284414e-06,
959,0,1,0,0.010185308148703776,3.0695644426259605e-07,
960,0,1,0,0.010274047252400109,4.2693299562301945e-08,
961,0,1,0,0.01017100376491431,3.3907249097353542e-07,
962,0,1,0,0.0099302518932109507,1.1609986332317135e-06,
963,0,1,0,0.0094902358672372955,2.4007947265758389e-06,
964,0,1,0,0.0088898049354959596,3.8403777331552647e-06,
965,0,1,0,0.0081572223690340451,5.2445095040098977e-06,
966,0,1,0,0.0072684562517517648,6.3558704397337351e-06,
967,0,1,0,0.0062538555411215668,6.9535870874659622e-06,
968,0,1,0,0.0051363596761966335,6.907463536265368e-06,
969,0,1,0,0.0039348530412750549,6.1526857981775152e-06,
970,0,1,0,0.0026594696532562523,4.7192564336384635e-06,
971,0,1,0,0.0013423468028772589,2.7532357727011458e-06,
972,0,1,0,-3.276490190273762e-12,4.5371429990836987e-07,
973,0,1,0,-0.0013417951776402148,-1.9162458748667177e-06,
974,0,1,0,-0.0026584935757334449,-4.0800714931066295e-06,
975,0,1,0,-0.0039381414339256793,-5.8081319265212983e-06,
976,0,1,0,-0.0051373449413931738,-6.878589524639267e-06,
977,0,1,0,-0.0062563046605674799,-7.2174883785081079e-06,
978,0,1,0,-0.0072714530880109152,-6.820044090360966e-06,
979,0,1,0,-0.0081517137178526156,-5.791936015242527e-06,
980,0,1,0,-0.0089022982826918451,-4.3543363936748847e-06,
981,0,1,0,-0.0094920534406277568,-2.7781745046695505e-06,
982,0,1,0,-0.0099253386967319557,-1.3708333668205341e-06,
983,0,1,0,-0.010187369059297069,-4.0468978745877848e-07,
984,0,1,0,-0.010278485806532345,-5.480735243423851e-08,
985,0,1,0,-0.010187369059297069,-4.0469011164390167e-07,
986,0,1,0,-0.0099253386967310675,-1.3708342816443064e-06,
987,0,1,0,-0.0094920551412638332,-2.7781772455881537e-06,
988,0,1,0,-0.0089022966134599812,-4.3543337202578414e-06,
989,0,1,0,-0.0081517137178517274,-5.7919352327573392e-06,
990,0,1,0,-0.0072714530880109152,-6.8200438043675149e-06,
991,0,1,0,-0.0062563046605683681,-7.2174882728148759e-06,
992,0,1,0,-0.0051373449413922856,-6.8785894882239518e-06,
993,0,1,0,-0.0039381414339274556,-5.8081319114222651e-06,
994,0,1,0,-0.0026584935757334449,-4.0800714860012022e-06,
995,0,1,0,-0.0013417951776393267,-1.9162458757548961e-06,
996,0,1,0,-3.2773783686934621e-12,4.5371430257290513e-07,
997,0,1,0,0.0013423468028772589,2.7532357727011458e-06,
998,0,1,0,0.0026594696532553641,4.7192564345266419e-06,
999,0,1,0,0.0039348530412741667,6.1526857972893367e-06,
1000,0,1,0,0.0051363596761948571,6.9074635380417249e-06,
1001,0,1,0,0.006253855541122455,6.9535870856896054e-06,
1002,0,1,0,0.0072684562517508766,6.355870441510092e-06,
1003,0,1,0,0.0081572223690331569,5.2445095128916819e-06,
1004,0,1,0,0.0088898049354950714,3.8403777384843352e-06,
1005,0,1,0,0.0094902358672364073,2.4007947319049094e-06,
1006,0,1,0,0.0099302518932109507,1.1609986358962487e-06,
1007,0,1,0,0.01017100376491431,3.3907249363807068e-07,
1008,0,1,0,0.010275965543007359,8.8041831602936327e-09,
1009,0,1,0,0.010185307944185595,3.0681740792459777e-07,
1010,0,1,0,0.0099232801060678,1.1592334496768331e-06,
1011,0,1,0,0.0094875627718309374,2.4077756783924542e-06,
1012,0,1,0,0.0088895087902010061,3.8532952206793425e-06,
1013,0,1,0,0.0081516026083487958,5.2509551098367524e-06,
1014,0,1,0,0.0072711921342500929,6.3626807289551834e-06,
1015,0,1,0,0.0062494735225939735,6.9552999519828518e-06,
1016,0,1,0,0.0051380155053601939,6.9112183043174014e-06,
1017,0,1,0,0.0039353032117492859,6.1538615634404437e-06,
1018,0,1,0,0.0026584271304725959,4.7192512724336666e-06,
1019,0,1,0,0.0013410920562355599,2.7505541471128936e-06,
1020,0,1,0,2.5646587076266769e-08,4.5468352904975973e-07,
1021,0,1,0,-0.0013410290359168187,-1.9151347725454571e-06,
1022,0,1,0,-0.0026589394647986708,-4.0779390104717095e-06,
1023,0,1,0,-0.0039343989678020108,-5.7986162795842233e-06,
1024,0,1,0,-0.0051346199401143267,-6.8647226223461644e-06,
1025,0,1,0,-0.0062512939402328271,-7.1977379869636593e-06,
1026,0,1,0,-0.0072686937523380735,-6.7988308707356282e-06,
1027,0,1,0,-0.0081442913529059524,-5.758772077868457e-06,
1028,0,1,0,-0.0088957247693359776,-4.3182091697957503e-06,
1029,0,1,0,-0.0094855902362249722,-2.7418978589821563e-06,
1030,0,1,0,-0.0099197478047390319,-1.3293720648732688e-06,
1031,0,1,0,-0.010176543688238837,-3.5625786765081102e-07,
1032,0,1,0,-0.010272939982487017,-1.1683859213462711e-08,
1033,0,1,0,-0.010176543688238837,-3.5625783390003107e-07,
1034,0,1,0,-0.0099197478047390319,-1.3293718943430122e-06,
1035,0,1,0,-0.0094855902362258604,-2.7418972390336194e-06,
1036,0,1,0,-0.0088957247693350894,-4.3182097391181173e-06,
1037,0,1,0,-0.0081442913529059524,-5.7587721986607221e-06,
1038,0,1,0,-0.0072686937523380735,-6.798830878729234e-06,
1039,0,1,0,-0.0062512939402328271,-7.1977379709764477e-06,
1040,0,1,0,-0.0051346199401134385,-6.864722615240737e-06,
1041,0,1,0,-0.0039343989678011226,-5.7986162742551528e-06,
1042,0,1,0,-0.0026589394647977826,-4.0779390086953526e-06,
1043,0,1,0,-0.0013410290359168187,-1.9151347725454571e-06,
1044,0,1,0,2.5646586188088349e-08,4.5468352993793815e-07,
1045,0,1,0,0.0013410920562346718,2.7505541471128936e-06,
1046,0,1,0,0.0026584271304725959,4.7192512706573098e-06,
1047,0,1,0,0.0039353032117492859,6.1538615607759084e-06,
1048,0,1,0,0.0051380155053601939,6.9112183052055798e-06,
1049,0,1,0,0.0062494735225939735,6.9552999528710302e-06,
1050,0,1,0,0.0072711921342500929,6.3626807351724324e-06,
1051,0,1,0,0.008151602608349684,5.2509551107249308e-06,
1052,0,1,0,0.0088895087902010061,3.8532952277847698e-06,
1053,0,1,0,0.0094875627718309374,2.4077756837215247e-06,
1054,0,1,0,0.0099232801060678,1.159233455894082e-06,
1055,0,1,0,0.010185307944185595,3.0681741058913303e-07,
1056,0,1,0,0.010266264567263761,3.597280251455004e-08,
1057,0,1,0,0.010181339377059118,3.2466680011111748e-07,
1058,0,1,0,0.0099250155973091836,1.1571096729667829e-06,
1059,0,1,0,0.009487344801143216,2.3947616814012918e-06,
1060,0,1,0,0.0089045657274375856,3.8395492651943641e-06,
1061,0,1,0,0.008145135990226926,5.2382961488461888e-06,
1062,0,1,0,0.0072728865631939144,6.3546668904734815e-06,
1063,0,1,0,0.0062537402602069747,6.9505127964220037e-06,
1064,0,1,0,0.0051399587901093113,6.9082359370753466e-06,
1065,0,1,0,0.0039325941260850428,6.1486369720142875e-06,
1066,0,1,0,0.0026605486079356311,4.7221461789703767e-06,
1067,0,1,0,0.001341329586975526,2.750666741491159e-06,
1068,0,1,0,-2.5420346716487074e-08,4.5264320913673828e-07,
1069,0,1,0,-0.0013423206672023014,-1.9148373482380521e-06,
1070,0,1,0,-0.0026588701319560926,-4.0808943282399923e-06,
1071,0,1,0,-0.003936508036398223,-5.8043799215923286e-06,
1072,0,1,0,-0.0051357868150523345,-6.8722390231812369e-06,
1073,0,1,0,-0.0062551045948477935,-7.2111171256494799e-06,
1074,0,1,0,-0.0072711026156202507,-6.8130802048926853e-06,
1075,0,1,0,-0.0081472324422033893,-5.7769009966790463e-06,
1076,0,1,0,-0.008902397325265099,-4.3424241686906839e-06,
1077,0,1,0,-0.0094851516972891403,-2.7577983319204691e-06,
1078,0,1,0,-0.0099274580717398919,-1.3574507029545657e-06,
1079,0,1,0,-0.01017965879582583,-3.8232350441091967e-07,
1080,0,1,0,-0.010277196494436147,-3.6512460610538255e-08,
1081,0,1,0,-0.01017965879582583,-3.823234742128534e-07,
1082,0,1,0,-0.0099274580717398919,-1.3574506425584332e-06,
1083,0,1,0,-0.0094851516972891403,-2.7577982635307308e-06,
1084,0,1,0,-0.0089023973252642108,-4.3424242273104596e-06,
1085,0,1,0,-0.0081472324422033893,-5.7769010410879673e-06,
1086,0,1,0,-0.0072711026156202507,-6.8130802226562537e-06,
1087,0,1,0,-0.0062551045948486816,-7.2111171309785504e-06,
1088,0,1,0,-0.0051357868150532227,-6.8722390205167017e-06,
1089,0,1,0,-0.0039365080363991112,-5.8043799189277934e-06,
1090,0,1,0,-0.0026588701319560926,-4.0808943282399923e-06,
1091,0,1,0,-0.0013423206672014132,-1.9148373509025873e-06,
1092,0,1,0,-2.5420346716487074e-08,4.5264320913673828e-07,
1093,0,1,0,0.0013413295869746378,2.7506667432675158e-06,
1094,0,1,0,0.0026605486079356311,4.7221461798585551e-06,
1095,0,1,0,0.0039325941260850428,6.1486369702379307e-06,
1096,0,1,0,0.0051399587901084232,6.9082359370753466e-06,
1097,0,1,0,0.0062537402602069747,6.950512799086539e-06,
1098,0,1,0,0.0072728865631930262,6.3546668949143736e-06,
1099,0,1,0,0.008145135990226926,5.2382961559516161e-06,
1100,0,1,0,0.0089045657274375856,3.839549277628862e-06,
1101,0,1,0,0.0094873448011423278,2.3947616991648601e-06,
1102,0,1,0,0.0099250155973091836,1.1571096916185297e-06,
1103,0,1,0,0.010181339377059118,3.2466681521015062e-07,
1104,0,1,0,0.01027554276680398,1.8263230927573204e-08,
1105,0,1,0,0.010179275734911286,3.2427459295547578e-07,
1106,0,1,0,0.0099250590225157254,1.164364010541874e-06,
1107,0,1,0,0.0094825100634379211,2.4070876234461025e-06,
1108,0,1,0,0.008904034056447685,3.8475622954337041e-06,
1109,0,1,0,0.0081453844830017275,5.2462668902464316e-06,
1110,0,1,0,0.0072698674691817899,6.3605010414136132e-06,
1111,0,1,0,0.0062542154306637343,6.9594175595710794e-06,
1112,0,1,0,0.0051311340420348017,6.9055088820491051e-06,
1113,0,1,0,0.0039375915857826627,6.158029434821799e-06,
1114,0,1,0,0.0026586643836621349,4.7192321819267136e-06,
1115,0,1,0,0.0013418420063011638,2.7518416807481572e-06,
1116,0,1,0,-4.0909498011387768e-12,4.536336266625085e-07,
1117,0,1,0,-0.0013411143046919705,-1.9137473232788693e-06,
1118,0,1,0,-0.0026579862617532868,-4.0785060910764059e-06,
1119,0,1,0,-0.0039367965153438433,-5.8048802360488594e-06,
1120,0,1,0,-0.0051368593427536524,-6.8733267326592795e-06,
1121,0,1,0,-0.0062540661238026374,-7.2087115370322863e-06,
1122,0,1,0,-0.007270549417606631,-6.8114624784954003e-06,
1123,0,1,0,-0.0081475240800994442,-5.7750214637053432e-06,
1124,0,1,0,-0.0089002068194172779,-4.3380225633882219e-06,
1125,0,1,0,-0.0094875077432865496,-2.7545140577345251e-06,
1126,0,1,0,-0.0099227355246807036,-1.3419569739880899e-06,
1127,0,1,0,-0.01017726644434358,-3.6449649343239798e-07,
1128,0,1,0,-0.010274297989042225,-2.1093088165002882e-08,
1129,0,1,0,-0.01017726644434358,-3.6449648455061379e-07,
1130,0,1,0,-0.0099227355246798155,-1.3419569571126999e-06,
1131,0,1,0,-0.0094875077432874377,-2.7545140461882056e-06,
1132,0,1,0,-0.008900206819418166,-4.3380225722700061e-06,
1133,0,1,0,-0.0081475240800994442,-5.7750214734753058e-06,
1134,0,1,0,-0.0072705494176075192,-6.8114624864890061e-06,
1135,0,1,0,-0.0062540661238026374,-7.2087115414731784e-06,
1136,0,1,0,-0.0051368593427536524,-6.8733267326592795e-06,
1137,0,1,0,-0.0039367965153438433,-5.804880235160681e-06,
1138,0,1,0,-0.0026579862617532868,-4.0785060919645844e-06,
1139,0,1,0,-0.0013411143046919705,-1.9137473223906909e-06,
1140,0,1,0,-4.0909498011387768e-12,4.536336266625085e-07,
1141,0,1,0,0.001341842006302052,2.7518416771954435e-06,
1142,0,1,0,0.0026586643936283849,4.7192321783739999e-06,
1143,0,1,0,0.003937591576097077,6.1580294428154048e-06,
1144,0,1,0,0.0051311340420348017,6.9055088829372835e-06,
1145,0,1,0,0.0062542154306628461,6.9594175631237931e-06,
1146,0,1,0,0.0072698674691817899,6.3605010467426837e-06,
1147,0,1,0,0.0081453844830026156,5.2462669044572863e-06,
1148,0,1,0,0.008904034056447685,3.8475623229672351e-06,
1149,0,1,0,0.0094825100634379211,2.4070876651904882e-06,
1150,0,1,0,0.0099250590225157254,1.1643640629444008e-06,
1151,0,1,0,0.010179275734912174,3.2427473861673661e-07,
1152,0,1,0,0.010257786273005109,3.878591847694679e-08,
1153,0,1,0,0.010187698203355744,3.2143257744365883e-07,
1154,0,1,0,0.0099263444807906609,1.1580716803294422e-06,
1155,0,1,0,0.0094917053901717452,2.4028284837385172e-06,
1156,0,1,0,0.0088865528591792753,3.854487090393377e-06,
1157,0,1,0,0.0081540596964764234,5.2503556347005542e-06,
1158,0,1,0,0.0072661054523335267,6.3594048018700278e-06,
1159,0,1,0,0.0062503037594439093,6.9543162073415488e-06,
1160,0,1,0,0.0051420336541170286,6.9125353601151573e-06,
1161,0,1,0,0.0039343386959416193,6.1518754890244054e-06,
1162,0,1,0,0.0026593509847234742,4.7207870936816221e-06,
1163,0,1,0,0.0013408810248307645,2.7492725269695484e-06,
1164,0,1,0,3.242417268012332e-08,4.5509107327035281e-07,
1165,0,1,0,-0.0013416992578152431,-1.916210642605165e-06,
1166,0,1,0,-0.0026598069359646814,-4.0807830998801364e-06,
1167,0,1,0,-0.0039365531118171759,-5.8048606170757466e-06,
1168,0,1,0,-0.0051350167032140348,-6.8679237639202029e-06,
1169,0,1,0,-0.0062536046338124152,-7.2042823235918263e-06,
1170,0,1,0,-0.007267055718477522,-6.7998112101008701e-06,
1171,0,1,0,-0.008147251021634716,-5.766801411510869e-06,
1172,0,1,0,-0.0088938577031854038,-4.3268163789633718e-06,
1173,0,1,0,-0.0094920631363990537,-2.7609122259519836e-06,
1174,0,1,0,-0.0099228393202421827,-1.3597973103074423e-06,
1175,0,1,0,-0.010187151146515916,-3.9620528013983858e-07,
1176,0,1,0,-0.010275727625187692,-5.0103500015552527e-08,
1177,0,1,0,-0.010187151146515916,-3.962052765871249e-07,
1178,0,1,0,-0.0099228393202412946,-1.3597973094192639e-06,
1179,0,1,0,-0.0094920631363990537,-2.7609122241756268e-06,
1180,0,1,0,-0.0088938577031854038,-4.3268163798515502e-06,
1181,0,1,0,-0.0081472510216338279,-5.7668014168399395e-06,
1182,0,1,0,-0.007267055718477522,-6.7998112127654053e-06,
1183,0,1,0,-0.0062536046338124152,-7.2042823244800047e-06,
1184,0,1,0,-0.0051350167032131466,-6.8679237648083813e-06,
1185,0,1,0,-0.0039365531118171759,-5.8048606152993898e-06,
1186,0,1,0,-0.0026598069359646814,-4.0807830981037796e-06,
1187,0,1,0,-0.0013416992578161313,-1.9162106417169866e-06,
1188,0,1,0,3.24241717919449e-08,4.5509107415853123e-07,
1189,0,1,0,0.0013408810248307645,2.7492725278577268e-06,
1190,0,1,0,0.002659350974756336,4.7207870919052652e-06,
1191,0,1,0,0.003934338705627205,6.151875471260837e-06,
1192,0,1,0,0.0051420336541161404,6.9125353467924811e-06,
1193,0,1,0,0.0062503037594439093,6.9543161895779804e-06,
1194,0,1,0,0.0072661054523326385,6.3594047841064594e-06,
1195,0,1,0,0.0081540596964764234,5.2503556240424132e-06,
1196,0,1,0,0.0088865528591792753,3.8544871205914433e-06,
1197,0,1,0,0.0094917053901726334,2.4028286160771017e-06,
1198,0,1,0,0.0099263444807906609,1.1580710479464074e-06,
1199,0,1,0,0.010187698521446187,3.2143035433307432e-07,
1200,0,1,0,0.010273709729172964,2.9472344564851483e-09,
1201,0,1,0,0.010186712100781037,3.0724163835316176e-07,
1202,0,1,0,0.0099250157735699673,1.1490300977357037e-06,
1203,0,1,0,0.0094847170096645783,2.4013507653464217e-06,
1204,0,1,0,0.0088995098253281668,3.8413744816168105e-06,
1205,0,1,0,0.0081485916252930224,5.2439897189060503e-06,
1206,0,1,0,0.00726960360058726,6.3533671985638307e-06,
1207,0,1,0,0.0062540967813733417,6.9555666888376777e-06,
1208,0,1,0,0.0051373680624227092,6.9094268919656088e-06,
1209,0,1,0,0.0039340716354612226,6.1521423617705295e-06,
1210,0,1,0,0.0026596410720696184,4.7205703568309332e-06,
1211,0,1,0,0.0013419255191307045,2.7511392328705142e-06,
1212,0,1,0,1.9697692366094088e-08,4.5437337359288676e-07,
1213,0,1,0,-0.0013420387087661467,-1.9161787374599726e-06,
1214,0,1,0,-0.002657822718621361,-4.0774762011253074e-06,
1215,0,1,0,-0.0039359375958998299,-5.8033415193392557e-06,
1216,0,1,0,-0.0051365603920121572,-6.8736489167164905e-06,
1217,0,1,0,-0.0062547994651653838,-7.2123766798881661e-06,
1218,0,1,0,-0.0072708985706162466,-6.8169900515613335e-06,
1219,0,1,0,-0.0081540380678610802,-5.7897660328265488e-06,
1220,0,1,0,-0.0088960690581592061,-4.3400476057442461e-06,
1221,0,1,0,-0.0094954129274231747,-2.7612619364347779e-06,
1222,0,1,0,-0.0099153714057100828,-1.3352193830584724e-06,
1223,0,1,0,-0.010182154607477401,-3.6328929997608839e-07,
1224,0,1,0,-0.010265853882128084,-1.2251178738154067e-08,
1225,0,1,0,-0.010182154607477401,-3.6328929908790997e-07,
1226,0,1,0,-0.009915371405710971,-1.3352193812821156e-06,
1227,0,1,0,-0.0094954129274231747,-2.7612619373229563e-06,
1228,0,1,0,-0.0088960690581583179,-4.3400476066324245e-06,
1229,0,1,0,-0.0081540380678619684,-5.7897660319383704e-06,
1230,0,1,0,-0.0072708985706162466,-6.8169900515613335e-06,
1231,0,1,0,-0.0062547994651653838,-7.2123766816645229e-06,
1232,0,1,0,-0.0051365603920121572,-6.8736489184928473e-06,
1233,0,1,0,-0.0039359375958998299,-5.8033415175628988e-06,
1234,0,1,0,-0.002657822718621361,-4.0774762020134858e-06,
1235,0,1,0,-0.0013420387087661467,-1.9161787374599726e-06,
1236,0,1,0,1.9697692366094088e-08,4.543733753692436e-07,
1237,0,1,0,0.0013419255191315926,2.7511392275414437e-06,
1238,0,1,0,0.0026596410720696184,4.7205703523900411e-06,
1239,0,1,0,0.0039340716354612226,6.1521423511123885e-06,
1240,0,1,0,0.0051373680624227092,6.909426867096613e-06,
1241,0,1,0,0.0062540967813724535,6.9555666293297236e-06,
1242,0,1,0,0.0072696036005881481,6.3533670804361009e-06,
1243,0,1,0,0.0081485916252930224,5.2439894808742338e-06,
1244,0,1,0,0.0088995098253281668,3.841374006441356e-06,
1245,0,1,0,0.0094847179895634071,2.4013452231130827e-06,
1246,0,1,0,0.0099250148019569551,1.1490350564358209e-06,
1247,0,1,0,0.01018671178269237,3.0724415633898161e-07,
1248,0,1,0,0.010262857141775328,4.2368702324324659e-08,
1249,0,1,0,0.010186985042196284,3.3469622096049534e-07,
1250,0,1,0,0.0099114985208661466,1.1737894460850384e-06,
1251,0,1,0,0.0094956053343606683,2.4045097655189807e-06,
1252,0,1,0,0.0088949328391354499,3.846694147213725e-06,
1253,0,1,0,0.008154285280731699,5.2441485083321027e-06,
1254,0,1,0,0.007262058704586849,6.3538295798082345e-06,
1255,0,1,0,0.0062588519709496637,6.9595796059473969e-06,
1256,0,1,0,0.0051360565547078352,6.904656810746701e-06,
1257,0,1,0,0.003936332301833545,6.1543760772053702e-06,
1258,0,1,0,0.0026590737819223165,4.7197113470787144e-06,
1259,0,1,0,0.0013408386572617559,2.7501279316055616e-06,
1260,0,1,0,-2.2497559371004172e-12,4.5380800095529139e-07,
1261,0,1,0,-0.0013406782373479587,-1.9144077310073726e-06,
1262,0,1,0,-0.0026592503546236657,-4.0792847961768075e-06,
1263,0,1,0,-0.0039361448841663815,-5.803189905506656e-06,
1264,0,1,0,-0.0051373476657783357,-6.8733524560826709e-06,
1265,0,1,0,-0.0062520205007565721,-7.2019784358445804e-06,
1266,0,1,0,-0.0072687234431265679,-6.8026593105230404e-06,
1267,0,1,0,-0.0081454724000513679,-5.7627748581978722e-06,
1268,0,1,0,-0.0088941814642637951,-4.3254591659547259e-06,
1269,0,1,0,-0.0094923346270601172,-2.7553645827183004e-06,
1270,0,1,0,-0.0099214065052155576,-1.3465041828197855e-06,
1271,0,1,0,-0.010181925082328291,-3.7069490410601702e-07,
1272,0,1,0,-0.010269098107543506,-2.2582951508809401e-08,
1273,0,1,0,-0.01018192508232918,-3.706949032178386e-07,
1274,0,1,0,-0.0099214065052155576,-1.3465041828197855e-06,
1275,0,1,0,-0.0094923346270601172,-2.7553645844946573e-06,
1276,0,1,0,-0.0088941814642637951,-4.3254591659547259e-06,
1277,0,1,0,-0.0081454724000513679,-5.7627748573096937e-06,
1278,0,1,0,-0.0072687234431274561,-6.8026593114112188e-06,
1279,0,1,0,-0.0062520205007565721,-7.2019784367327588e-06,
1280,0,1,0,-0.0051373476657774475,-6.8733524578590277e-06,
1281,0,1,0,-0.0039361448841663815,-5.8031899072830129e-06,
1282,0,1,0,-0.0026592503546236657,-4.0792847988413428e-06,
1283,0,1,0,-0.0013406782373479587,-1.9144077292310158e-06,
1284,0,1,0,-2.2488677586807171e-12,4.5380800006711297e-07,
1285,0,1,0,0.0013408386572617559,2.7501279342700968e-06,
1286,0,1,0,0.0026590737819232046,4.7197113524077849e-06,
1287,0,1,0,0.003936332301833545,6.1543760931925817e-06,
1288,0,1,0,0.0051360565547078352,6.9046568453856594e-06,
1289,0,1,0,0.0062588519709496637,6.9595796770016705e-06,
1290,0,1,0,0.0072620587045877372,6.3538297236931385e-06,
1291,0,1,0,0.008154285280731699,5.2441487943255538e-06,
1292,0,1,0,0.0088949328391354499,3.8466947049897726e-06,
1293,0,1,0,0.0094956043544360824,2.4045154471963315e-06,
1294,0,1,0,0.0099114994925040278,1.1737847334103435e-06,
1295,0,1,0,0.010186985042196284,3.3469563831545202e-07,
1296,0,1,0,0.010266406548660179,1.7285380238263315e-08,
1297,0,1,0,0.010186935646828488,3.1097775110566772e-07,
1298,0,1,0,0.0099242104310253154,1.149273415101959e-06,
1299,0,1,0,0.0094906780277890235,2.3965990880725485e-06,
1300,0,1,0,0.0088983613050421795,3.8485306266267116e-06,
1301,0,1,0,0.008142022704672236,5.2423792284983506e-06,
1302,0,1,0,0.0072734697917331559,6.3567988348722793e-06,
1303,0,1,0,0.0062569608703091362,6.9576101271451307e-06,
1304,0,1,0,0.005132477056024598,6.904345019265179e-06,
1305,0,1,0,0.0039361585200969884,6.1557773403109195e-06,
1306,0,1,0,0.0026588924882764431,4.7190758740711658e-06,
1307,0,1,0,0.0013422201235826492,2.7522147938441321e-06,
1308,0,1,0,-1.078248601515952e-12,4.5353082711585557e-07,
1309,0,1,0,-0.0013422786504886375,-1.9155939634529773e-06,
1310,0,1,0,-0.0026583625948006784,-4.0795482334488042e-06,
1311,0,1,0,-0.0039357703372466801,-5.8014214445734069e-06,
1312,0,1,0,-0.005136532380050518,-6.8718739818507402e-06,
1313,0,1,0,-0.0062521382660918334,-7.2030535207545654e-06,
1314,0,1,0,-0.0072690480796406831,-6.8077696822044231e-06,
1315,0,1,0,-0.0081487357233154256,-5.775554827280871e-06,
1316,0,1,0,-0.0088984752803558109,-4.3391125643665873e-06,
1317,0,1,0,-0.0094891534262648847,-2.7603406618226245e-06,
1318,0,1,0,-0.0099247372638444631,-1.361289461598858e-06,
1319,0,1,0,-0.010184844675015903,-3.9150873831772515e-07,
1320,0,1,0,-0.010277572085025888,-5.3293655710717758e-08,
1321,0,1,0,-0.010184844675015015,-3.9150873121229779e-07,
1322,0,1,0,-0.0099247372638453513,-1.3612894589343227e-06,
1323,0,1,0,-0.0094891534262648847,-2.7603406760334792e-06,
1324,0,1,0,-0.0088984752803558109,-4.3391125519320894e-06,
1325,0,1,0,-0.0081487357233154256,-5.7755548290572278e-06,
1326,0,1,0,-0.0072690480796406831,-6.8077696830926016e-06,
1327,0,1,0,-0.0062521382660918334,-7.2030535234191007e-06,
1328,0,1,0,-0.005136532380050518,-6.8718739818507402e-06,
1329,0,1,0,-0.0039357703372466801,-5.8014214481261206e-06,
1330,0,1,0,-0.0026583625948006784,-4.0795482325606258e-06,
1331,0,1,0,-0.0013422786504886375,-1.9155939661175125e-06,
1332,0,1,0,-1.078248601515952e-12,4.5353082978039083e-07,
1333,0,1,0,0.0013422201235826492,2.752214795620489e-06,
1334,0,1,0,0.0026588924882755549,4.7190758802884147e-06,
1335,0,1,0,0.0039361585200961002,6.1557773438636332e-06,
1336,0,1,0,0.005132477056024598,6.9043450245942495e-06,
1337,0,1,0,0.0062569608703091362,6.9576101333623797e-06,
1338,0,1,0,0.0072734697917322677,6.3567988277668519e-06,
1339,0,1,0,0.008142022704672236,5.2423791903066785e-06,
1340,0,1,0,0.0088983613050421795,3.8485305040580897e-06,
1341,0,1,0,0.0094906780277899117,2.3965987798746369e-06,
1342,0,1,0,0.0099242104310253154,1.1492737241880491e-06,
1343,0,1,0,0.010186935646828488,3.1097786212797018e-07,
1344,0,1,0,0.010269895746287006,2.6584778822780208e-08,
1345,0,1,0,0.01018175008956046,3.2021568330264927e-07,
1346,0,1,0,0.0099287268548415852,1.1594745448206822e-06,
1347,0,1,0,0.0094783460013614373,2.407509624546833e-06,
1348,0,1,0,0.0089079518963703919,3.8483744697614952e-06,
1349,0,1,0,0.0081396571786580552,5.2483565102789953e-06,
1350,0,1,0,0.0072736823460841649,6.3642170369249129e-06,
1351,0,1,0,0.0062462587101848044,6.9533815487687889e-06,
1352,0,1,0,0.0051418899840269816,6.9145823449190402e-06,
1353,0,1,0,0.0039337998282080733,6.1515371463372048e-06,
1354,0,1,0,0.0026598119478276061,4.7213868565876282e-06,
1355,0,1,0,0.0013405706493392344,2.7488534914965612e-06,
1356,0,1,0,2.0806432132758346e-08,4.5451355568104645e-07,
1357,0,1,0,-0.00134146205491259,-1.9147784682260749e-06,
1358,0,1,0,-0.0026588286957309748,-4.0793391011817448e-06,
1359,0,1,0,-0.0039351303031720519,-5.8015574122549651e-06,
1360,0,1,0,-0.0051369514884749279,-6.8723576660545405e-06,
1361,0,1,0,-0.0062529787377645363,-7.2067758827287776e-06,
1362,0,1,0,-0.0072698880559958212,-6.8097132954747508e-06,
1363,0,1,0,-0.0081497608877558747,-5.7741218650875226e-06,
1364,0,1,0,-0.0088958745759910585,-4.3283834303409208e-06,
1365,0,1,0,-0.0094891384670301449,-2.7480737996299354e-06,
1366,0,1,0,-0.0099167784609273113,-1.3326025003479458e-06,
1367,0,1,0,-0.010182628731961074,-3.5970647438432479e-07,
1368,0,1,0,-0.010264620117095724,-9.8849710639115074e-09,
1369,0,1,0,-0.010182628731961962,-3.5970641487637067e-07,
1370,0,1,0,-0.0099167784609273113,-1.3326024692617011e-06,
1371,0,1,0,-0.0094891384292719039,-2.7480739595020509e-06,
1372,0,1,0,-0.0088958746130511912,-4.3283832882323736e-06,
1373,0,1,0,-0.0081497608877558747,-5.7741218864038046e-06,
1374,0,1,0,-0.0072698880559958212,-6.8097133052447134e-06,
1375,0,1,0,-0.0062529787377645363,-7.2067758853933128e-06,
1376,0,1,0,-0.0051369514884749279,-6.8723576678308973e-06,
1377,0,1,0,-0.0039351303031711637,-5.8015574149195004e-06,
1378,0,1,0,-0.002658828695731863,-4.0793391020699232e-06,
1379,0,1,0,-0.0013414620549117018,-1.9147784700024317e-06,
1380,0,1,0,2.0806431244579926e-08,4.5451355656922487e-07,
1381,0,1,0,0.0013405706493383462,2.7488534932729181e-06,
1382,0,1,0,0.0026598119478276061,4.7213868583639851e-06,
1383,0,1,0,0.0039337998282071851,6.1515371463372048e-06,
1384,0,1,0,0.0051418899840269816,6.914582342254505e-06,
1385,0,1,0,0.0062462587101848044,6.953381546992432e-06,
1386,0,1,0,0.0072736823460841649,6.3642170289313071e-06,
1387,0,1,0,0.0081396571786580552,5.2483564925154269e-06,
1388,0,1,0,0.0089079518963703919,3.8483744431161426e-06,
1389,0,1,0,0.0094783460013614373,2.4075096005660157e-06,
1390,0,1,0,0.0099287268548415852,1.159474552814288e-06,
1391,0,1,0,0.01018175008956046,3.2021569307261188e-07,
1392,0,1,0,0.010277875691965477,2.9068903728557416e-08,
1393,0,1,0,0.01017524476906484,3.2696041785129637e-07,
1394,0,1,0,0.0099243376515589787,1.1645516639902098e-06,
1395,0,1,0,0.0094903194830200377,2.4044360253938635e-06,
1396,0,1,0,0.0088874007198693761,3.8483391140431422e-06,
1397,0,1,0,0.0081644528643103342,5.2413148790009245e-06,
1398,0,1,0,0.0072619586138129577,6.352488283845048e-06,
1399,0,1,0,0.0062553316355034028,6.9534065634258013e-06,
1400,0,1,0,0.0051389422357441816,6.9087335985429377e-06,
1401,0,1,0,0.0039354630074068808,6.1523326833068381e-06,
1402,0,1,0,0.0026582298157542539,4.7173997250737898e-06,
1403,0,1,0,0.0013422985735775939,2.7533347886077308e-06,
1404,0,1,0,-1.9563460185167969e-08,4.5293537009882812e-07,
1405,0,1,0,-0.0013414563794400536,-1.9148467327312346e-06,
1406,0,1,0,-0.0026590346204669046,-4.0802739764700391e-06,
1407,0,1,0,-0.0039363848661562173,-5.8039037771351332e-06,
1408,0,1,0,-0.0051370414419142918,-6.8741242182923656e-06,
1409,0,1,0,-0.0062544575391072499,-7.2077561501515675e-06,
1410,0,1,0,-0.007265742086389082,-6.802932903227088e-06,
1411,0,1,0,-0.0081513472547012356,-5.7778022082288771e-06,
1412,0,1,0,-0.008897000989996684,-4.3375923102217939e-06,
1413,0,1,0,-0.0094939403337015449,-2.7672724325356057e-06,
1414,0,1,0,-0.0099197589955171139,-1.3549139046276082e-06,
1415,0,1,0,-0.010188657703950277,-3.8434682281263122e-07,
1416,0,1,0,-0.010266725973398394,-3.2419706030850648e-08,
1417,0,1,0,-0.010188657779258037,-3.8434669047404668e-07,
1418,0,1,0,-0.0099197589955171139,-1.3549140112090186e-06,
1419,0,1,0,-0.0094939403714615622,-2.7672723064142701e-06,
1420,0,1,0,-0.0088970009529365512,-4.3375924718702663e-06,
1421,0,1,0,-0.0081513472547012356,-5.7778021957943793e-06,
1422,0,1,0,-0.0072657420863881939,-6.802932903227088e-06,
1423,0,1,0,-0.0062544575391072499,-7.2077561474870322e-06,
1424,0,1,0,-0.0051370414419142918,-6.8741242156278304e-06,
1425,0,1,0,-0.0039363848661562173,-5.8039037735824195e-06,
1426,0,1,0,-0.0026590346204669046,-4.0802739782463959e-06,
1427,0,1,0,-0.0013414563794400536,-1.9148467309548778e-06,
1428,0,1,0,-1.9563460185167969e-08,4.529353692106497e-07,
1429,0,1,0,0.0013422985735775939,2.7533347921604445e-06,
1430,0,1,0,0.0026582298157542539,4.7173997215210761e-06,
1431,0,1,0,0.0039354630074068808,6.1523326806423029e-06,
1432,0,1,0,0.0051389422357441816,6.9087335976547593e-06,
1433,0,1,0,0.0062553316355034028,6.9534065598730876e-06,
1434,0,1,0,0.0072619586138129577,6.3524882829568696e-06,
1435,0,1,0,0.0081644528643103342,5.2413148754482108e-06,
1436,0,1,0,0.0088874007198693761,3.8483391096022501e-06,
1437,0,1,0,0.0094903194830200377,2.4044360209529714e-06,
1438,0,1,0,0.0099243376515580906,1.164551662213853e-06,
1439,0,1,0,0.01017524476906484,3.2696041962765321e-07,
1440,0,1,0,0.010281100370868046,2.0918658805157975e-08,
1441,0,1,0,0.010174848846513207,3.1778341824661993e-07,
1442,0,1,0,0.0099251252306062909,1.1558854948745534e-06,
1443,0,1,0,0.0094917719025744418,2.3995382969488332e-06,
1444,0,1,0,0.0088994546754204151,3.8486742255372519e-06,
1445,0,1,0,0.0081398089055557676,5.2501711405028573e-06,
1446,0,1,0,0.0072762231193213012,6.3607262976717038e-06,
1447,0,1,0,0.0062516229193683159,6.956693562543137e-06,
1448,0,1,0,0.0051353601761361389,6.9107255100675502e-06,
1449,0,1,0,0.0039329755157808677,6.1525587558008965e-06,
1450,0,1,0,0.0026600079545922029,4.7222514654166048e-06,
1451,0,1,0,0.0013408675414705584,2.7498130021896827e-06,
1452,0,1,0,3.6398005498483599e-08,4.5516572289017176e-07,
1453,0,1,0,-0.0013416830200245755,-1.916113850697343e-06,
1454,0,1,0,-0.002658894152007818,-4.0800448735112127e-06,
1455,0,1,0,-0.0039356732982636089,-5.8023346571900447e-06,
1456,0,1,0,-0.005137176358738671,-6.8743666394865954e-06,
1457,0,1,0,-0.0062544509069040188,-7.2099604278008655e-06,
1458,0,1,0,-0.0072684444121602354,-6.8113169291450504e-06,
1459,0,1,0,-0.0081525701946221218,-5.7825744894657305e-06,
1460,0,1,0,-0.0088975781261497744,-4.3373588978212751e-06,
1461,0,1,0,-0.0094897202351678089,-2.7583424788701905e-06,
1462,0,1,0,-0.0099190400610638108,-1.3494137958147689e-06,
1463,0,1,0,-0.01018659851899173,-3.8136067104233007e-07,
1464,0,1,0,-0.010272462169139018,-4.0875354656577656e-08,
1465,0,1,0,-0.01018659844368397,-3.8136081492723406e-07,
1466,0,1,0,-0.0099190400610638108,-1.3494137078851054e-06,
1467,0,1,0,-0.0094897202351678089,-2.7583424371258047e-06,
1468,0,1,0,-0.0088975781261506626,-4.3373589040385241e-06,
1469,0,1,0,-0.0081525701946221218,-5.7825744956829794e-06,
1470,0,1,0,-0.0072684444121602354,-6.8113169380268346e-06,
1471,0,1,0,-0.0062544509069040188,-7.2099604180309029e-06,
1472,0,1,0,-0.005137176358738671,-6.8743666306048112e-06,
1473,0,1,0,-0.0039356732982636089,-5.802334653637331e-06,
1474,0,1,0,-0.002658894152007818,-4.0800448717348559e-06,
1475,0,1,0,-0.0013416830200245755,-1.9161138542500566e-06,
1476,0,1,0,3.6398006386662018e-08,4.5516572111381493e-07,
1477,0,1,0,0.0013408675684498661,2.7498127099789826e-06,
1478,0,1,0,0.0026600079284255784,4.7222517229883465e-06,
1479,0,1,0,0.0039329755157799795,6.1525587646826807e-06,
1480,0,1,0,0.0051353601761352508,6.910725518061156e-06,
1481,0,1,0,0.0062516229193674278,6.9566935678722075e-06,
1482,0,1,0,0.0072762231193213012,6.3607263012244175e-06,
1483,0,1,0,0.0081398089055539913,5.2501711458319278e-06,
1484,0,1,0,0.0088994546754204151,3.8486742255372519e-06,
1485,0,1,0,0.0094917719025744418,2.3995383005015469e-06,
1486,0,1,0,0.0099251252306062909,1.1558854975390886e-06,
1487,0,1,0,0.010174848846512319,3.1778342002297677e-07,
1488,0,1,0,0.010279753832226568,2.0445974691085667e-08,
1489,0,1,0,0.010175243294730407,3.2369191416137255e-07,
1490,0,1,0,0.0099243379986617697,1.1619974227272678e-06,
1491,0,1,0,0.0094866468160557105,2.4003993823740188e-06,
1492,0,1,0,0.0089014319361506722,3.8450774901832574e-06,
1493,0,1,0,0.0081528135252870726,5.2394941141287177e-06,
1494,0,1,0,0.0072641628762397659,6.3558620375658847e-06,
1495,0,1,0,0.0062534815195984805,6.9546944567733249e-06,
1496,0,1,0,0.0051400891745174704,6.9097123924777293e-06,
1497,0,1,0,0.0039354630162478088,6.1524843379956451e-06,
1498,0,1,0,0.0026582297849051528,4.71759074827105e-06,
1499,0,1,0,0.0013418846103450122,2.7529269530646161e-06,
1500,0,1,0,-1.9554106778230107e-08,4.529336381509097e-07,
1501,0,1,0,-0.0013414563842797378,-1.9148024339443737e-06,
1502,0,1,0,-0.0026589705492376936,-4.0797266169789737e-06,
1503,0,1,0,-0.0039363847975799615,-5.8030708114387153e-06,
1504,0,1,0,-0.0051357055028606879,-6.8693971879696392e-06,
1505,0,1,0,-0.0062534740976678549,-7.204373074998216e-06,
1506,0,1,0,-0.0072662626122514951,-6.8001043267429395e-06,
1507,0,1,0,-0.0081486516931015274,-5.7689777186453739e-06,
1508,0,1,0,-0.00889660298015027,-4.3274086705125114e-06,
1509,0,1,0,-0.0094870296113587216,-2.7493291874236547e-06,
1510,0,1,0,-0.0099198364042178966,-1.3429375638196461e-06,
1511,0,1,0,-0.010184906149041772,-3.7012836973104868e-07,
1512,0,1,0,-0.010266726697276241,-2.2908782426611651e-08,
1513,0,1,0,-0.010184906149042661,-3.7012841858086176e-07,
1514,0,1,0,-0.0099198364042170084,-1.3429375691487166e-06,
1515,0,1,0,-0.0094870296113587216,-2.7493291785418705e-06,
1516,0,1,0,-0.00889660298015027,-4.3274086722888683e-06,
1517,0,1,0,-0.0081486516931015274,-5.7689777532843323e-06,
1518,0,1,0,-0.0072662626122506069,-6.8001044368770636e-06,
1519,0,1,0,-0.0062534740976687431,-7.2043729764104114e-06,
1520,0,1,0,-0.0051357055028589116,-6.8693971675415355e-06,
1521,0,1,0,-0.0039363847975799615,-5.8030708096623584e-06,
1522,0,1,0,-0.0026589705492376936,-4.0797266169789737e-06,
1523,0,1,0,-0.0013414563842797378,-1.9148024339443737e-06,
1524,0,1,0,-1.9554107666408527e-08,4.5293363992726654e-07,
1525,0,1,0,0.0013418845833648163,2.7529272434989593e-06,
1526,0,1,0,0.0026582298110726654,4.7175904924756651e-06,
1527,0,1,0,0.0039354630162478088,6.1524843326665746e-06,
1528,0,1,0,0.0051400891745174704,6.9097123889250156e-06,
1529,0,1,0,0.0062534815195984805,6.9546944567733249e-06,
1530,0,1,0,0.0072641628762397659,6.3558620420067768e-06,
1531,0,1,0,0.0081528135252879608,5.2394941185696098e-06,
1532,0,1,0,0.0089014319361506722,3.8450774981768632e-06,
1533,0,1,0,0.0094866468160557105,2.4003993939203383e-06,
1534,0,1,0,0.0099243379986617697,1.161997431609052e-06,
1535,0,1,0,0.010175243294730407,3.2369191860226465e-07,
1536,0,1,0,0.010258959110950094,4.1259706762275528e-08,
1537,0,1,0,0.010185263838947023,3.251973419438059e-07,
1538,0,1,0,0.0099287268024355058,1.1630804825912833e-06,
1539,0,1,0,0.0094783463806988877,2.4111342238342104e-06,
1540,0,1,0,0.0089056221037449035,3.8552375585254595e-06,
1541,0,1,0,0.0081390741882216844,5.2506416698960834e-06,
1542,0,1,0,0.0072715714796540709,6.3611883440728434e-06,
1543,0,1,0,0.006254518377112106,6.9578341070908323e-06,
1544,0,1,0,0.0051364329499037353,6.9075966457887716e-06,
1545,0,1,0,0.0039353001523245723,6.152678416526669e-06,
1546,0,1,0,0.0026601900514648946,4.7201211330616388e-06,
1547,0,1,0,0.0013419215922425565,2.7518745486787566e-06,
1548,0,1,0,-1.2496670365180762e-12,4.5350134314503521e-07,
1549,0,1,0,-0.0013417747025421534,-1.91543354688406e-06,
1550,0,1,0,-0.0026588287046696024,-4.0792805107159325e-06,
1551,0,1,0,-0.0039351302404275756,-5.8014695936137173e-06,
1552,0,1,0,-0.0051369510067358348,-6.8724375958950645e-06,
1553,0,1,0,-0.006253295597987929,-7.2065156393463781e-06,
1554,0,1,0,-0.0072692153196900477,-6.8076162573760257e-06,
1555,0,1,0,-0.0081477652477186524,-5.7726865945184613e-06,
1556,0,1,0,-0.0088987240689171188,-4.3351357508214505e-06,
1557,0,1,0,-0.0094891383860300493,-2.7567126457128666e-06,
1558,0,1,0,-0.0099200592733907911,-1.3450541560544593e-06,
1559,0,1,0,-0.010185674455673421,-3.7213895520693541e-07,
1560,0,1,0,-0.010264620222896426,-2.0943503820092246e-08,
1561,0,1,0,-0.01018567445567431,-3.7213895964782751e-07,
1562,0,1,0,-0.0099200592733907911,-1.3450541498372104e-06,
1563,0,1,0,-0.0094891383860300493,-2.756712602192124e-06,
1564,0,1,0,-0.0088987240689153424,-4.3351356584508949e-06,
1565,0,1,0,-0.0081477652477186524,-5.7726864017837443e-06,
1566,0,1,0,-0.0072692148485247188,-6.8076154668972322e-06,
1567,0,1,0,-0.0062532960554815276,-7.2065160452439159e-06,
1568,0,1,0,-0.005136951006736723,-6.872437717575508e-06,
1569,0,1,0,-0.0039351302404284638,-5.8014696291408541e-06,
1570,0,1,0,-0.0026588287046704906,-4.0792805204858951e-06,
1571,0,1,0,-0.0013417747025421534,-1.9154335513249521e-06,
1572,0,1,0,-1.2487788580983761e-12,4.5350134403321363e-07,
1573,0,1,0,0.0013419215922434446,2.7518745451260429e-06,
1574,0,1,0,0.0026601900514648946,4.7201211401670662e-06,
1575,0,1,0,0.0039353001523245723,6.1526784200793827e-06,
1576,0,1,0,0.0051364329499037353,6.9075966502296637e-06,
1577,0,1,0,0.0062545183771138824,6.9578341062026539e-06,
1578,0,1,0,0.0072715714796540709,6.3611883494019139e-06,
1579,0,1,0,0.0081390741882216844,5.2506416849951165e-06,
1580,0,1,0,0.0089056221037457917,3.8552375878353473e-06,
1581,0,1,0,0.0094783463806988877,2.4111342655785961e-06,
1582,0,1,0,0.0099287268024355058,1.163080524335669e-06,
1583,0,1,0,0.010185263838947023,3.2519734549651957e-07,
1584,0,1,0,0.010268255325620146,9.0635872140865104e-09,
1585,0,1,0,0.010186935722585666,3.0846940290985003e-07,
1586,0,1,0,0.0099242105657939561,1.1465996028192649e-06,
1587,0,1,0,0.0094906785191639642,2.3932202930510016e-06,
1588,0,1,0,0.008894820892172639,3.8415729770591156e-06,
1589,0,1,0,0.0081531531107899013,5.2379294697146861e-06,
1590,0,1,0,0.0072705760956575105,6.3525652560514345e-06,
1591,0,1,0,0.0062551301070765675,6.9577624799421756e-06,
1592,0,1,0,0.0051341209600703763,6.9064299115240146e-06,
1593,0,1,0,0.0039340228752262618,6.1544897507204155e-06,
1594,0,1,0,0.0026578343841237029,4.7188931349140262e-06,
1595,0,1,0,0.0013412312864682363,2.75130619797892e-06,
1596,0,1,0,-2.2737367544323206e-12,4.5367581069655216e-07,
1597,0,1,0,-0.0013413195701117431,-1.9142016238760107e-06,
1598,0,1,0,-0.0026582430718073979,-4.0786698312089698e-06,
1599,0,1,0,-0.0039357704527196447,-5.8014809312112448e-06,
1600,0,1,0,-0.0051365325734247236,-6.8722959287725871e-06,
1601,0,1,0,-0.0062521383691462873,-7.2042116530113276e-06,
1602,0,1,0,-0.0072710366961930006,-6.8125097243409982e-06,
1603,0,1,0,-0.0081487341335169106,-5.7773440955699584e-06,
1604,0,1,0,-0.0088984762404598072,-4.3378402061478027e-06,
1605,0,1,0,-0.0094891534471628347,-2.7574372483130105e-06,
1606,0,1,0,-0.0099217182077282473,-1.3513567065359666e-06,
1607,0,1,0,-0.010185262846661658,-3.8112588107708234e-07,
1608,0,1,0,-0.01027132198093561,-3.8722769879484531e-08,
1609,0,1,0,-0.010185262846661658,-3.8112590328154283e-07,
1610,0,1,0,-0.0099217182077282473,-1.3513567802547755e-06,
1611,0,1,0,-0.0094891534471619465,-2.7574372385430479e-06,
1612,0,1,0,-0.0088984762404598072,-4.3378402860838605e-06,
1613,0,1,0,-0.0081487341335160224,-5.7773442883046755e-06,
1614,0,1,0,-0.0072710371673361252,-6.8125105130434349e-06,
1615,0,1,0,-0.0062521379116757814,-7.2042112444492545e-06,
1616,0,1,0,-0.0051365325734256118,-6.8722958062039652e-06,
1617,0,1,0,-0.0039357704527196447,-5.8014808939077511e-06,
1618,0,1,0,-0.0026582430718073979,-4.0786698178862935e-06,
1619,0,1,0,-0.0013413195701117431,-1.9142016229878323e-06,
1620,0,1,0,-2.2737367544323206e-12,4.5367580892019532e-07,
1621,0,1,0,0.0013412312864682363,2.7513061962025631e-06,
1622,0,1,0,0.0026578343841237029,4.7188931340258478e-06,
1623,0,1,0,0.00393402287522715,6.1544897445031665e-06,
1624,0,1,0,0.0051341209600703763,6.9064299266230478e-06,
1625,0,1,0,0.0062551301070765675,6.9577624373096114e-06,
1626,0,1,0,0.0072705760956575105,6.3525652320706172e-06,
1627,0,1,0,0.0081531531107907895,5.2379294741555782e-06,
1628,0,1,0,0.008894820892172639,3.8415730374552481e-06,
1629,0,1,0,0.0094906785191621879,2.3932204769039345e-06,
1630,0,1,0,0.0099242105657939561,1.1466000557902589e-06,
1631,0,1,0,0.010186935722584778,3.0846904586212531e-07,
1632,0,1,0,0.010262857141775328,3.6215414667140067e-08,
1633,0,1,0,0.010189988152979446,3.2167942354277557e-07,
1634,0,1,0,0.0099114975654845949,1.1702050528583641e-06,
1635,0,1,0,0.009495604868858365,2.4036721697484609e-06,
1636,0,1,0,0.0088949332331953457,3.8480826489717401e-06,
1637,0,1,0,0.0081518801431945676,5.2490024229356891e-06,
1638,0,1,0,0.0072620588081413473,6.3553053930576198e-06,
1639,0,1,0,0.0062588517185702131,6.9596723619724798e-06,
1640,0,1,0,0.0051360566054654555,6.9044506663118455e-06,
1641,0,1,0,0.0039370443299882041,6.1541344216209382e-06,
1642,0,1,0,0.0026595689332040706,4.7196614714195562e-06,
1643,0,1,0,0.001341096237545969,2.7502648620725267e-06,
1644,0,1,0,-2.2914754538305715e-08,4.5275015558843279e-07,
1645,0,1,0,-0.0013417286080823487,-1.9146699621330754e-06,
1646,0,1,0,-0.002659454147476481,-4.0808666543767913e-06,
1647,0,1,0,-0.0039361448650998554,-5.8034354539771016e-06,
1648,0,1,0,-0.0051373476932203843,-6.8735464315849981e-06,
1649,0,1,0,-0.0062520203176825717,-7.2020188905952409e-06,
1650,0,1,0,-0.0072687229830021849,-6.8021264283402161e-06,
1651,0,1,0,-0.0081454736924850835,-5.762876912562831e-06,
1652,0,1,0,-0.0088941804267754776,-4.325883085520843e-06,
1653,0,1,0,-0.0094923349513287292,-2.7567810754192124e-06,
1654,0,1,0,-0.0099214054448273359,-1.3507252223377009e-06,
1655,0,1,0,-0.01018460622975681,-3.7790094609135849e-07,
1656,0,1,0,-0.010269096637525621,-3.0750626933695457e-08,
1657,0,1,0,-0.01018460622975681,-3.7790087592526334e-07,
1658,0,1,0,-0.0099214053368719135,-1.3507264231549243e-06,
1659,0,1,0,-0.009492335057807999,-2.7567803702055471e-06,
1660,0,1,0,-0.0088941804267763658,-4.3258831530224029e-06,
1661,0,1,0,-0.0081454736924850835,-5.7628769054574036e-06,
1662,0,1,0,-0.0072687229830030731,-6.8021263253115194e-06,
1663,0,1,0,-0.0062520203176825717,-7.2020189900712239e-06,
1664,0,1,0,-0.0051373476932194961,-6.873546454677637e-06,
1665,0,1,0,-0.0039361448650989672,-5.8034354530889232e-06,
1666,0,1,0,-0.002659454147476481,-4.0808666526004345e-06,
1667,0,1,0,-0.0013417286080823487,-1.9146699585803617e-06,
1668,0,1,0,-2.2914753650127295e-08,4.5275014937118385e-07,
1669,0,1,0,0.001341096237545969,2.7502648496380289e-06,
1670,0,1,0,0.0026595689602686434,4.719660184449026e-06,
1671,0,1,0,0.0039370443036883529,6.1541350993010724e-06,
1672,0,1,0,0.0051360567555116532,6.9044507444715464e-06,
1673,0,1,0,0.0062588515720651827,6.959672171902298e-06,
1674,0,1,0,0.0072620588081395709,6.3553053522014125e-06,
1675,0,1,0,0.0081518801431936794,5.2490022373063994e-06,
1676,0,1,0,0.0088949332331953457,3.8480822279751692e-06,
1677,0,1,0,0.009495604868858365,2.4036713224262485e-06,
1678,0,1,0,0.0099114990138442494,1.1701995017432409e-06,
1679,0,1,0,0.010189986712045851,3.2168437247293014e-07,
1680,0,1,0,0.010284751807683179,1.6236636035671381e-08,
1681,0,1,0,0.01016975235091877,3.3216784700584867e-07,
1682,0,1,0,0.0099303505302010819,1.1577580867339066e-06,
1683,0,1,0,0.0094847174917767063,2.4058735359488992e-06,
1684,0,1,0,0.0088995103290363531,3.8436162625998804e-06,
1685,0,1,0,0.0081485916252921342,5.244615855382051e-06,
1686,0,1,0,0.0072696033096342205,6.3538346264380152e-06,
1687,0,1,0,0.0062540970785311956,6.9558611972553308e-06,
1688,0,1,0,0.0051373679993389487,6.9096522752332135e-06,
1689,0,1,0,0.0039340716970555079,6.1523825038989344e-06,
1690,0,1,0,0.002659641075338115,4.7206894251416998e-06,
1691,0,1,0,0.0013419353663000066,2.7515517917464649e-06,
1692,0,1,0,-3.6921576906934206e-12,4.535535511607236e-07,
1693,0,1,0,-0.0013415178066713551,-1.9146383438695125e-06,
1694,0,1,0,-0.0026578226970901397,-4.0773633775970097e-06,
1695,0,1,0,-0.0039359375954237663,-5.8032734209234604e-06,
1696,0,1,0,-0.0051365604732751535,-6.8736174068106948e-06,
1697,0,1,0,-0.0062547995554602664,-7.212347818530418e-06,
1698,0,1,0,-0.0072708984583398362,-6.8169452136501718e-06,
1699,0,1,0,-0.0081540381107823023,-5.7898259973043764e-06,
1700,0,1,0,-0.008896069303869325,-4.3402516318735707e-06,
1701,0,1,0,-0.0094954126257658089,-2.7616025439769487e-06,
1702,0,1,0,-0.0099153720242526333,-1.3354622909744762e-06,
1703,0,1,0,-0.01018215342473372,-3.6223617350117365e-07,
1704,0,1,0,-0.010265854784840656,-1.2384476555382662e-08,
1705,0,1,0,-0.010182153424734608,-3.6223624277909039e-07,
1706,0,1,0,-0.009915372132209832,-1.3354610910454312e-06,
1707,0,1,0,-0.0094954125192856509,-2.7616032483024355e-06,
1708,0,1,0,-0.008896069303869325,-4.3402515492729776e-06,
1709,0,1,0,-0.0081540381107814142,-5.7898259600008828e-06,
1710,0,1,0,-0.0072708984583407243,-6.8169451923338897e-06,
1711,0,1,0,-0.0062547995554602664,-7.2123478256358453e-06,
1712,0,1,0,-0.0051365604732751535,-6.8736174103634085e-06,
1713,0,1,0,-0.0039359375954228781,-5.8032734244761741e-06,
1714,0,1,0,-0.0026578226970919161,-4.0773633775970097e-06,
1715,0,1,0,-0.0013415178066713551,-1.9146383456458693e-06,
1716,0,1,0,-3.6912695122737205e-12,4.5355355293708044e-07,
1717,0,1,0,0.0013419353663000066,2.7515518006282491e-06,
1718,0,1,0,0.002659641048272654,4.7206907076713378e-06,
1719,0,1,0,0.0039340717233571354,6.1523818200015512e-06,
1720,0,1,0,0.0051373678492856456,6.909652191744442e-06,
1721,0,1,0,0.0062540972250433313,6.9558613802200853e-06,
1722,0,1,0,0.0072696033096351087,6.3538346655178657e-06,
1723,0,1,0,0.0081485916252921342,5.2446160481167681e-06,
1724,0,1,0,0.0088995103290354649,3.8436167075772687e-06,
1725,0,1,0,0.0094847174917758181,2.4058744614308125e-06,
1726,0,1,0,0.0099303490818147822,1.1577638163728921e-06,
1727,0,1,0,0.010169753791878122,3.3216327910423615e-07,
1728,0,1,0,0.010257787401100948,3.1749393336610865e-08,
1729,0,1,0,0.010190798427855974,3.0797732541998357e-07,
1730,0,1,0,0.0099263446056276905,1.153767422934493e-06,
1731,0,1,0,0.0094917058879468996,2.4006857959335548e-06,
1732,0,1,0,0.0088865532191721996,3.8535133182193704e-06,
1733,0,1,0,0.0081540588196915564,5.2498049374349876e-06,
1734,0,1,0,0.0072661054834100014,6.3591084717984359e-06,
1735,0,1,0,0.0062503043783825873,6.9541675360440536e-06,
1736,0,1,0,0.0051420329877247539,6.9124902015715861e-06,
1737,0,1,0,0.0039343386991186335,6.1519181500102604e-06,
1738,0,1,0,0.0026593509814532013,4.7209360998223815e-06,
1739,0,1,0,0.0013408810300177265,2.7492941558904249e-06,
1740,0,1,0,3.2421610285382485e-08,4.5504940349161416e-07,
1741,0,1,0,-0.0013416992594112997,-1.9162100448610886e-06,
1742,0,1,0,-0.0026598067849610274,-4.0807772556661348e-06,
1743,0,1,0,-0.0039365532610844411,-5.8048569675506201e-06,
1744,0,1,0,-0.0051350166054682234,-6.8679214138001043e-06,
1745,0,1,0,-0.0062536047377026449,-7.204283996919969e-06,
1746,0,1,0,-0.0072670550077553742,-6.7998202091246185e-06,
1747,0,1,0,-0.0081472516348597424,-5.7668334711991065e-06,
1748,0,1,0,-0.0088938578002144553,-4.3268723857181612e-06,
1749,0,1,0,-0.0094920631639032749,-2.7609656942928495e-06,
1750,0,1,0,-0.0099228385637584182,-1.3597724315417281e-06,
1751,0,1,0,-0.010187151909439862,-3.9600948031903727e-07,
1752,0,1,0,-0.010275727625187692,-4.9959463233051338e-08,
1753,0,1,0,-0.01018715190944075,-3.9600946522000413e-07,
1754,0,1,0,-0.0099228385637584182,-1.3597723746983092e-06,
1755,0,1,0,-0.0094920631639032749,-2.7609657404781274e-06,
1756,0,1,0,-0.0088938578002144553,-4.3268723910472318e-06,
1757,0,1,0,-0.0081472516348597424,-5.7668334703109281e-06,
1758,0,1,0,-0.0072670550077553742,-6.799820203795548e-06,
1759,0,1,0,-0.0062536047377017567,-7.2042839986963259e-06,
1760,0,1,0,-0.0051350166054691115,-6.8679214129119259e-06,
1761,0,1,0,-0.0039365532610853293,-5.8048569684387985e-06,
1762,0,1,0,-0.0026598067849619156,-4.0807772547779564e-06,
1763,0,1,0,-0.0013416992594112997,-1.9162100448610886e-06,
1764,0,1,0,3.2425700347005204e-08,4.5504928714024118e-07,
1765,0,1,0,0.0013408810260564508,2.74929424293191e-06,
1766,0,1,0,0.0026593509814532013,4.7209360936051326e-06,
1767,0,1,0,0.0039343386991186335,6.1519181517866173e-06,
1768,0,1,0,0.0051420329877247539,6.9124901784789472e-06,
1769,0,1,0,0.0062503043783816992,6.9541675573603356e-06,
1770,0,1,0,0.0072661054834108896,6.3591084504821538e-06,
1771,0,1,0,0.0081540588196924446,5.2498048397353614e-06,
1772,0,1,0,0.0088865532191730878,3.8535130775230186e-06,
1773,0,1,0,0.0094917058879468996,2.400685263026503e-06,
1774,0,1,0,0.0099263446056276905,1.1537663038296841e-06,
1775,0,1,0,0.010190799239790493,3.0797344230393264e-07,
1776,0,1,0,0.010275542155508077,1.7399931273587299e-08,
1777,0,1,0,0.010179921462607489,3.2272713568204381e-07,
1778,0,1,0,0.0099250590251909188,1.1635250949382225e-06,
1779,0,1,0,0.009482509953940621,2.4061037766642812e-06,
1780,0,1,0,0.0089046118375515348,3.8460152804731251e-06,
1781,0,1,0,0.0081453853158048872,5.2455826251573967e-06,
1782,0,1,0,0.0072698675139415414,6.3600498307891939e-06,
1783,0,1,0,0.0062542149346915821,6.9590214142323248e-06,
1784,0,1,0,0.0051311345499804872,6.9050333362241645e-06,
1785,0,1,0,0.0039375916792216969,6.1573609766440995e-06,
1786,0,1,0,0.0026598559791199961,4.7201067117086382e-06,
1787,0,1,0,0.0013418419904640544,2.7516301370766882e-06,
1788,0,1,0,-6.5636385215839255e-13,4.5364126322056109e-07,
1789,0,1,0,-0.0013416662245440136,-1.9148903316335009e-06,
1790,0,1,0,-0.0026579863815898719,-4.0786095798495126e-06,
1791,0,1,0,-0.0039367964011836065,-5.8049562783324404e-06,
1792,0,1,0,-0.0051368593463809731,-6.8733725981928728e-06,
1793,0,1,0,-0.0062540661126950781,-7.208735248731557e-06,
1794,0,1,0,-0.0072705500272292056,-6.8114765117144316e-06,
1795,0,1,0,-0.0081475234540810959,-5.775033709909394e-06,
1796,0,1,0,-0.008900206537875377,-4.3380329604048029e-06,
1797,0,1,0,-0.0094875080301193293,-2.7545137397666508e-06,
1798,0,1,0,-0.0099227355546585017,-1.3419282272053579e-06,
1799,0,1,0,-0.010177266414112651,-3.6443520023965448e-07,
1800,0,1,0,-0.010274297989041337,-2.102574381268596e-08,
1801,0,1,0,-0.010177266414112651,-3.6443520201601132e-07,
1802,0,1,0,-0.0099227355546576135,-1.3419282431925694e-06,
1803,0,1,0,-0.0094875080301193293,-2.7545137228912608e-06,
1804,0,1,0,-0.0089002065378736006,-4.3380329595166245e-06,
1805,0,1,0,-0.0081475234540802077,-5.7750337107975724e-06,
1806,0,1,0,-0.0072705500272292056,-6.81147651260261e-06,
1807,0,1,0,-0.0062540661126959662,-7.208735248731557e-06,
1808,0,1,0,-0.0051368593463809731,-6.8733726008574081e-06,
1809,0,1,0,-0.0039367964011836065,-5.8049562792206189e-06,
1810,0,1,0,-0.0026579863815889837,-4.0786095798495126e-06,
1811,0,1,0,-0.0013416662245440136,-1.914890329857144e-06,
1812,0,1,0,-4.7464254748774692e-12,4.5364137690739881e-07,
1813,0,1,0,0.0013418419944253301,2.7516300500352031e-06,
1814,0,1,0,0.0026598559791191079,4.7201067125968166e-06,
1815,0,1,0,0.0039375916792216969,6.1573609784204564e-06,
1816,0,1,0,0.0051311345499804872,6.9050333477704839e-06,
1817,0,1,0,0.0062542149346915821,6.9590214426540342e-06,
1818,0,1,0,0.0072698675139424296,6.3600498840798991e-06,
1819,0,1,0,0.0081453853158048872,5.2455827264097366e-06,
1820,0,1,0,0.0089046118375515348,3.8460154669905933e-06,
1821,0,1,0,0.0094825099539415092,2.4061041177247944e-06,
1822,0,1,0,0.0099250590251909188,1.163525730873971e-06,
1823,0,1,0,0.010179920650676522,3.227313776221763e-07,
1824,0,1,0,0.010268133959224102,3.8503055854732793e-08,
1825,0,1,0,0.010178467843180883,3.2942014893677651e-07,
1826,0,1,0,0.00992591882640248,1.1599951790230989e-06,
1827,0,1,0,0.0094881008753073814,2.3969036142545974e-06,
1828,0,1,0,0.0089022331398602716,3.8418907752912901e-06,
1829,0,1,0,0.0081457855826165826,5.2403405197409825e-06,
1830,0,1,0,0.007272886450275351,6.3554223324047143e-06,
1831,0,1,0,0.006253740105551131,6.95103195269553e-06,
1832,0,1,0,0.0051399589485043862,6.9089264158606056e-06,
1833,0,1,0,0.0039333039467726039,6.1516858469445879e-06,
1834,0,1,0,0.002657260000071382,4.7168651926554617e-06,
1835,0,1,0,0.001341591165687106,2.7524777514997822e-06,
1836,0,1,0,-2.6334490144108713e-12,4.5378317192756867e-07,
1837,0,1,0,-0.0013414611372439822,-1.9151615937573752e-06,
1838,0,1,0,-0.0026586443171972007,-4.0792717701521042e-06,
1839,0,1,0,-0.0039365080581479361,-5.8042508488398425e-06,
1840,0,1,0,-0.0051357870414667772,-6.8721523840409304e-06,
1841,0,1,0,-0.0062551043379830418,-7.2110679028014601e-06,
1842,0,1,0,-0.0072711027967446995,-6.813054945098429e-06,
1843,0,1,0,-0.0081472322666789054,-5.7768910863842393e-06,
1844,0,1,0,-0.0089023975960920154,-4.3424184745788352e-06,
1845,0,1,0,-0.0094851514104590251,-2.7577866044126154e-06,
1846,0,1,0,-0.0099274583794732862,-1.3574329820187359e-06,
1847,0,1,0,-0.010179658485483856,-3.8230493704105584e-07,
1848,0,1,0,-0.010277196494435259,-3.6495679367476441e-08,
1849,0,1,0,-0.010179658485482967,-3.8230491128388167e-07,
1850,0,1,0,-0.0099274583340438483,-1.3574335655519576e-06,
1851,0,1,0,-0.0094851514552676264,-2.7577861860805797e-06,
1852,0,1,0,-0.0089023975960920154,-4.3424185047769015e-06,
1853,0,1,0,-0.0081472322666789054,-5.7768910997069156e-06,
1854,0,1,0,-0.0072711027967446995,-6.8130549468747859e-06,
1855,0,1,0,-0.0062551043379830418,-7.2110679054659954e-06,
1856,0,1,0,-0.005135787041465889,-6.872152383152752e-06,
1857,0,1,0,-0.0039365080581479361,-5.8042508488398425e-06,
1858,0,1,0,-0.0026586443171972007,-4.0792717701521042e-06,
1859,0,1,0,-0.0013414611372439822,-1.9151615928691967e-06,
1860,0,1,0,-2.6334490144108713e-12,4.5378317281574709e-07,
1861,0,1,0,0.0013415911656862178,2.7524777532761391e-06,
1862,0,1,0,0.0026572600000704938,4.7168651917672832e-06,
1863,0,1,0,0.0039333039467717157,6.1516858469445879e-06,
1864,0,1,0,0.005139958948503498,6.9089264149724272e-06,
1865,0,1,0,0.006253740105551131,6.9510319509191731e-06,
1866,0,1,0,0.007272886450275351,6.3554223412864985e-06,
1867,0,1,0,0.0081457855826148062,5.2403405481626919e-06,
1868,0,1,0,0.0089022331398602716,3.8418908516746342e-06,
1869,0,1,0,0.0094881008753073814,2.396903795442995e-06,
1870,0,1,0,0.00992591882640248,1.1599947979945568e-06,
1871,0,1,0,0.010178467843180883,3.2941974037470345e-07,
1872,0,1,0,0.010275965617204008,3.2985028042276099e-09,
1873,0,1,0,0.010185697113030301,2.9916123089890334e-07,
1874,0,1,0,0.0099265168347848487,1.1451202706069807e-06,
1875,0,1,0,0.0094875616424872078,2.4017192146175148e-06,
1876,0,1,0,0.0088898573386009261,3.8470433718629238e-06,
1877,0,1,0,0.0081543583938152864,5.2431716621725855e-06,
1878,0,1,0,0.0072711922024062403,6.3596491006734368e-06,
1879,0,1,0,0.0062494735225948617,6.9534349940170159e-06,
1880,0,1,0,0.0051380155053601939,6.910311739716235e-06,
1881,0,1,0,0.0039353031982258813,6.1530891866112825e-06,
1882,0,1,0,0.002659552676661292,4.719806468322929e-06,
1883,0,1,0,0.0013410920521197411,2.7503491217828469e-06,
1884,0,1,0,2.5650835233648195e-08,4.5469520593144352e-07,
1885,0,1,0,-0.0013415879583655865,-1.9163095874574765e-06,
1886,0,1,0,-0.0026589393827309848,-4.0780491552538933e-06,
1887,0,1,0,-0.0039343991307418946,-5.7986972015200422e-06,
1888,0,1,0,-0.0051346195228365588,-6.8647393707266247e-06,
1889,0,1,0,-0.0062512941970851443,-7.1977498246056371e-06,
1890,0,1,0,-0.0072686935712171774,-6.7988499017346271e-06,
1891,0,1,0,-0.0081442915284268835,-5.7587920787582902e-06,
1892,0,1,0,-0.0088957247800465211,-4.318219515297983e-06,
1893,0,1,0,-0.0094855915662135359,-2.7418867789563706e-06,
1894,0,1,0,-0.0099197461773776752,-1.3293333163133525e-06,
1895,0,1,0,-0.010176543753464884,-3.5628188044256603e-07,
1896,0,1,0,-0.010272940415875453,-1.1733591875895399e-08,
1897,0,1,0,-0.010176543753464884,-3.5628190797609705e-07,
1898,0,1,0,-0.0099197462228053368,-1.3293327336683092e-06,
1899,0,1,0,-0.0094855915214058228,-2.7418871990647631e-06,
1900,0,1,0,-0.0088957247800465211,-4.3182194868762735e-06,
1901,0,1,0,-0.0081442915284268835,-5.7587920689883276e-06,
1902,0,1,0,-0.0072686935712171774,-6.798849897293735e-06,
1903,0,1,0,-0.0062512941970851443,-7.1977498237174586e-06,
1904,0,1,0,-0.0051346195228365588,-6.8647393698384462e-06,
1905,0,1,0,-0.0039343991307418946,-5.7986972006318638e-06,
1906,0,1,0,-0.002658939382731873,-4.0780491543657149e-06,
1907,0,1,0,-0.0013415879583655865,-1.9163095874574765e-06,
1908,0,1,0,2.5650835233648195e-08,4.546952050432651e-07,
1909,0,1,0,0.0013410920521206293,2.7503491208946684e-06,
1910,0,1,0,0.0026595526766604038,4.7198064656583938e-06,
1911,0,1,0,0.0039353031982249931,6.1530891759531414e-06,
1912,0,1,0,0.0051380155053593057,6.9103117130708824e-06,
1913,0,1,0,0.0062494735225939735,6.9534349336208834e-06,
1914,0,1,0,0.0072711922024062403,6.3596489807693501e-06,
1915,0,1,0,0.0081543583938152864,5.2431714250289474e-06,
1916,0,1,0,0.0088898573386018143,3.8470429055692534e-06,
1917,0,1,0,0.0094875624633523614,2.4017139281795608e-06,
1918,0,1,0,0.0099265160208723557,1.1451251538119323e-06,
1919,0,1,0,0.010185697218089373,2.9916158794662806e-07,
1920,0,1,0,0.010274177974083365,5.088304355638229e-08,
1921,0,1,0,0.010176775837554608,3.4997523812307918e-07,
1922,0,1,0,0.009912623812923016,1.1843588199056398e-06,
1923,0,1,0,0.0094956186902948048,2.4121512183228333e-06,
1924,0,1,0,0.0088939560508540794,3.8523991152672465e-06,
1925,0,1,0,0.0081441658610748036,5.2538587009820503e-06,
1926,0,1,0,0.0072719486295866886,6.3651915684914684e-06,
1927,0,1,0,0.0062516561973549045,6.9583412196649874e-06,
1928,0,1,0,0.005136432468611396,6.9096364274656707e-06,
1929,0,1,0,0.0039348530412741667,6.1536444055931838e-06,
1930,0,1,0,0.0026594696406121443,4.7196509926905605e-06,
1931,0,1,0,0.0013423468159139418,2.7533582906968945e-06,
1932,0,1,0,-3.383071600637777e-12,4.5373869106413167e-07,
1933,0,1,0,-0.0013418172865664602,-1.9162378013248826e-06,
1934,0,1,0,-0.0026584937601406011,-4.0801058807105051e-06,
1935,0,1,0,-0.0039381412162038387,-5.8082335598896861e-06,
1936,0,1,0,-0.0051374385658231603,-6.8787181692897548e-06,
1937,0,1,0,-0.0062563048251078612,-7.2175264929086325e-06,
1938,0,1,0,-0.0072714530787738596,-6.820126394302406e-06,
1939,0,1,0,-0.0081517135815936115,-5.7920150302592788e-06,
1940,0,1,0,-0.0089022981011037672,-4.354395305661285e-06,
1941,0,1,0,-0.009492052110608995,-2.7781411997551686e-06,
1942,0,1,0,-0.0099253400451857487,-1.3705236820982236e-06,
1943,0,1,0,-0.010187369275376668,-4.0486949171025799e-07,
1944,0,1,0,-0.01027848537314302,-5.5087445716139882e-08,
1945,0,1,0,-0.010187369275376668,-4.0486948549300905e-07,
1946,0,1,0,-0.0099253400451857487,-1.3705236590055847e-06,
1947,0,1,0,-0.009492052110608995,-2.7781412210714507e-06,
1948,0,1,0,-0.0089022981011037672,-4.3543953109903555e-06,
1949,0,1,0,-0.0081517135815936115,-5.7920150311474572e-06,
1950,0,1,0,-0.0072714530787729714,-6.820126394302406e-06,
1951,0,1,0,-0.0062563048251078612,-7.217526492020454e-06,
1952,0,1,0,-0.0051374385658231603,-6.8787181692897548e-06,
1953,0,1,0,-0.0039381412162038387,-5.8082335590015077e-06,
1954,0,1,0,-0.0026584937601406011,-4.0801058815986835e-06,
1955,0,1,0,-0.0013418172865664602,-1.9162378013248826e-06,
1956,0,1,0,-3.383071600637777e-12,4.5373869106413167e-07,
1957,0,1,0,0.0013423468159139418,2.7533582915850729e-06,
1958,0,1,0,0.0026594696406112561,4.7196509953550958e-06,
1959,0,1,0,0.0039348530412750549,6.1536444153631464e-06,
1960,0,1,0,0.005136432468611396,6.909636447005596e-06,
1961,0,1,0,0.0062516561973549045,6.9583412667384437e-06,
1962,0,1,0,0.0072719486295875768,6.365191667079273e-06,
1963,0,1,0,0.0081441658610748036,5.2538589079276221e-06,
1964,0,1,0,0.0088939560508549675,3.8523995335992822e-06,
1965,0,1,0,0.0094956178694118876,2.4121564443646548e-06,
1966,0,1,0,0.009912624626855937,1.1843538736400205e-06,
1967,0,1,0,0.010176775864098708,3.4997430375938166e-07,
1968,0,1,0,0.010274505292614755,4.7985881934664576e-09,
1969,0,1,0,0.010186166539329022,2.991919769712581e-07,
1970,0,1,0,0.0099265157878711818,1.1447685750454184e-06,
1971,0,1,0,0.009487562820842399,2.4009838046623599e-06,
1972,0,1,0,0.008889858094872416,3.8458773623517573e-06,
1973,0,1,0,0.0081546237904266405,5.2416353071293997e-06,
1974,0,1,0,0.0072677258772051445,6.3534160084088853e-06,
1975,0,1,0,0.0062585142611055744,6.9557635145045538e-06,
1976,0,1,0,0.0051363849637127146,6.9052862867735598e-06,
1977,0,1,0,0.0039353031921560699,6.1524308918592396e-06,
1978,0,1,0,0.002658546265824846,4.7186446998637166e-06,
1979,0,1,0,0.0013410920377605606,2.7503429889108588e-06,
1980,0,1,0,2.7665549851008109e-08,4.5472026588555536e-07,
1981,0,1,0,-0.0013409607425209913,-1.9151388723770424e-06,
1982,0,1,0,-0.0026589213511591936,-4.0777555110338426e-06,
1983,0,1,0,-0.0039343069870199088,-5.7983000356642833e-06,
1984,0,1,0,-0.0051344839991820379,-6.8646056732291072e-06,
1985,0,1,0,-0.0062515004430752086,-7.1980623026490775e-06,
1986,0,1,0,-0.0072686935678181186,-6.7991550114498978e-06,
1987,0,1,0,-0.0081442911649665106,-5.7589786957024103e-06,
1988,0,1,0,-0.0088957232923343454,-4.3182888607162795e-06,
1989,0,1,0,-0.0094855918921181726,-2.7414508867451559e-06,
1990,0,1,0,-0.009919747542436852,-1.3293545571002596e-06,
1991,0,1,0,-0.010176543782502101,-3.5630860395485797e-07,
1992,0,1,0,-0.010272940415874565,-1.18006466820475e-08,
1993,0,1,0,-0.010176543782501213,-3.5630860573121481e-07,
1994,0,1,0,-0.009919747542436852,-1.3293545535475459e-06,
1995,0,1,0,-0.0094855918921190607,-2.7414508902978696e-06,
1996,0,1,0,-0.0088957232923334573,-4.3182888624926363e-06,
1997,0,1,0,-0.0081442911649665106,-5.7589786983669455e-06,
1998,0,1,0,-0.0072686935678190068,-6.7991550114498978e-06,
1999,0,1,0,-0.0062515004430752086,-7.1980623026490775e-06,
2000,0,1,0,-0.0051344839991820379,-6.8646056732291072e-06,
2001,0,1,0,-0.0039343069870199088,-5.7983000356642833e-06,
2002,0,1,0,-0.0026589213511600818,-4.0777555092574858e-06,
2003,0,1,0,-0.0013409607425209913,-1.9151388706006856e-06,
2004,0,1,0,2.7665550739186529e-08,4.5472026499737694e-07,
2005,0,1,0,0.0013410920377605606,2.7503429897990372e-06,
2006,0,1,0,0.0026585462658239578,4.7186447034164303e-06,
2007,0,1,0,0.0039353031921560699,6.1524308936355965e-06,
2008,0,1,0,0.0051363849637127146,6.9052862876617382e-06,
2009,0,1,0,0.0062585142611055744,6.9557635127281969e-06,
2010,0,1,0,0.0072677258772051445,6.3534159941980306e-06,
2011,0,1,0,0.0081546237904266405,5.2416352582795867e-06,
2012,0,1,0,0.0088898580948715278,3.8458772353422432e-06,
2013,0,1,0,0.009487562820842399,2.400983500017162e-06,
2014,0,1,0,0.0099265159728076924,1.1447673635700539e-06,
2015,0,1,0,0.010186166223737914,2.9919390964749937e-07,
2016,0,1,0,0.01026917492249968,3.3964388634899478e-08,
2017,0,1,0,0.010178467680856507,3.2785044190575263e-07,
2018,0,1,0,0.0099259190609917169,1.1593319051428352e-06,
2019,0,1,0,0.009488100485356199,2.3964335404969006e-06,
2020,0,1,0,0.0089022326193806123,3.8415746415054741e-06,
2021,0,1,0,0.0081463240089920674,5.2397322232167198e-06,
2022,0,1,0,0.0072731806846517699,6.356989757705378e-06,
2023,0,1,0,0.0062518445876635909,6.953702387235694e-06,
2024,0,1,0,0.0051389061801145886,6.9089460943416725e-06,
2025,0,1,0,0.0039328745667273068,6.1501022656784698e-06,
2026,0,1,0,0.0026600988966967165,4.7217018819267764e-06,
2027,0,1,0,0.0013413653580922613,2.7509875719644583e-06,
2028,0,1,0,-2.541807830880316e-08,4.5266611614636076e-07,
2029,0,1,0,-0.0013423867922899291,-1.9150289567448908e-06,
2030,0,1,0,-0.0026588701348675414,-4.0808755548127351e-06,
2031,0,1,0,-0.0039365080049673651,-5.8042785777701056e-06,
2032,0,1,0,-0.0051357765869139982,-6.8720168417968353e-06,
2033,0,1,0,-0.0062548675840741197,-7.2102734742784946e-06,
2034,0,1,0,-0.007270694729017535,-6.812041552173298e-06,
2035,0,1,0,-0.0081472323016793524,-5.7770487842390139e-06,
2036,0,1,0,-0.0089023975699298319,-4.3437322378991894e-06,
2037,0,1,0,-0.0094861264813310697,-2.7602399468307226e-06,
2038,0,1,0,-0.0099274584205097938,-1.3590613239244931e-06,
2039,0,1,0,-0.010179656707513196,-3.8224130971542536e-07,
2040,0,1,0,-0.01027720006041033,-3.6902678246519827e-08,
2041,0,1,0,-0.010179656707513196,-3.8224130971542536e-07,
2042,0,1,0,-0.0099274584205097938,-1.3590613257008499e-06,
2043,0,1,0,-0.0094861264813301815,-2.760239947718901e-06,
2044,0,1,0,-0.0089023975699298319,-4.3437322405637246e-06,
2045,0,1,0,-0.0081472323016793524,-5.7770487860153708e-06,
2046,0,1,0,-0.007270694729017535,-6.8120415539496548e-06,
2047,0,1,0,-0.0062548675840741197,-7.2102734733903162e-06,
2048,0,1,0,-0.0051357765869148864,-6.8720168426850137e-06,
2049,0,1,0,-0.0039365080049673651,-5.8042785795464624e-06,
2050,0,1,0,-0.0026588701348675414,-4.0808755548127351e-06,
2051,0,1,0,-0.0013423867922899291,-1.9150289567448908e-06,
2052,0,1,0,-2.541807830880316e-08,4.5266611614636076e-07,
2053,0,1,0,0.0013413653580913731,2.7509875746289936e-06,
2054,0,1,0,0.0026600988966958283,4.7217018854794901e-06,
2055,0,1,0,0.0039328745667273068,6.1501022674548267e-06,
2056,0,1,0,0.0051389061801145886,6.9089460961180293e-06,
2057,0,1,0,0.0062518445876627027,6.9537023925647645e-06,
2058,0,1,0,0.0072731806846517699,6.3569897674753406e-06,
2059,0,1,0,0.0081463240089920674,5.2397322409802882e-06,
2060,0,1,0,0.0089022326193806123,3.8415746876907519e-06,
2061,0,1,0,0.009488100485356199,2.3964336373083484e-06,
2062,0,1,0,0.00992591887605343,1.1593334425796797e-06,
2063,0,1,0,0.0101784678695509,3.2784904124838476e-07,
2064,0,1,0,0.010271197746803296,2.130687892787364e-08,
2065,0,1,0,0.010181316423836684,3.2201609911908236e-07,
2066,0,1,0,0.0099259383323797579,1.1606091359084303e-06,
2067,0,1,0,0.0094825111596801293,2.4060842482853673e-06,
2068,0,1,0,0.0089055798913983963,3.8468076448694433e-06,
2069,0,1,0,0.0081430864088130051,5.2442074780501002e-06,
2070,0,1,0,0.0072713399568602455,6.3592584265137475e-06,
2071,0,1,0,0.0062542155276528177,6.9581123831596869e-06,
2072,0,1,0,0.0051314949149681155,6.9052751081599695e-06,
2073,0,1,0,0.0039375921457773799,6.1575758909526712e-06,
2074,0,1,0,0.0026591371799629115,4.7194652958992833e-06,
2075,0,1,0,0.0013418420090669514,2.7517259848508502e-06,
2076,0,1,0,-8.9261931179862586e-12,4.5361856138015355e-07,
2077,0,1,0,-0.0013411143096000444,-1.9137472868635541e-06,
2078,0,1,0,-0.0026579863758993127,-4.0785112247476718e-06,
2079,0,1,0,-0.0039367964326162408,-5.8048484463668615e-06,
2080,0,1,0,-0.005136859402268712,-6.873483812341874e-06,
2081,0,1,0,-0.00625464963596567,-7.2100749139991649e-06,
2082,0,1,0,-0.0072705499204595014,-6.8115101417021151e-06,
2083,0,1,0,-0.0081475236050714273,-5.7742360031198814e-06,
2084,0,1,0,-0.0088990785506117831,-4.3351131280289223e-06,
2085,0,1,0,-0.0094875582806537295,-2.7522365995125142e-06,
2086,0,1,0,-0.0099214818101325264,-1.341222205297754e-06,
2087,0,1,0,-0.010178757058450394,-3.6721047180776623e-07,
2088,0,1,0,-0.010274293626295616,-2.4746745097559142e-08,
2089,0,1,0,-0.010178757058451282,-3.6721047003140939e-07,
2090,0,1,0,-0.0099214818101316382,-1.3412222070741109e-06,
2091,0,1,0,-0.0094875582806537295,-2.752236601288871e-06,
2092,0,1,0,-0.0088990785506117831,-4.3351131298052792e-06,
2093,0,1,0,-0.0081475236050714273,-5.7742360057844166e-06,
2094,0,1,0,-0.0072705499204595014,-6.8115101417021151e-06,
2095,0,1,0,-0.0062546496359665582,-7.2100749131109865e-06,
2096,0,1,0,-0.005136859402268712,-6.873483812341874e-06,
2097,0,1,0,-0.0039367964326162408,-5.8048484454786831e-06,
2098,0,1,0,-0.0026579863758993127,-4.0785112256358502e-06,
2099,0,1,0,-0.0013411143095991562,-1.9137472868635541e-06,
2100,0,1,0,-8.9261931179862586e-12,4.5361856049197513e-07,
2101,0,1,0,0.0013418420090669514,2.751725986627207e-06,
2102,0,1,0,0.0026591371799629115,4.7194652985638186e-06,
2103,0,1,0,0.0039375921457773799,6.1575759024989907e-06,
2104,0,1,0,0.0051314949149672273,6.9052750948372932e-06,
2105,0,1,0,0.0062542155276519296,6.9581123778306164e-06,
2106,0,1,0,0.0072713399568602455,6.3592584229610338e-06,
2107,0,1,0,0.0081430864088130051,5.2442074718328513e-06,
2108,0,1,0,0.0089055798913975082,3.8468076324349454e-06,
2109,0,1,0,0.0094825111596801293,2.4060842171991226e-06,
2110,0,1,0,0.009925938332380646,1.1606090684068704e-06,
2111,0,1,0,0.010181316419132891,3.2201616839699909e-07,
2112,0,1,0,0.010258691159370059,3.7549938269876293e-08,
2113,0,1,0,0.010189482345110079,3.2278152328757415e-07,
2114,0,1,0,0.0099208957965117861,1.1628927101270392e-06,
2115,0,1,0,0.0094944494988258299,2.4011675776591801e-06,
2116,0,1,0,0.0088888625424701218,3.8534582360583158e-06,
2117,0,1,0,0.0081518217790659264,5.2519124640326709e-06,
2118,0,1,0,0.0072637522437055679,6.3608102838230707e-06,
2119,0,1,0,0.0062511102025082366,6.9560915321176253e-06,
2120,0,1,0,0.0051426748443663683,6.9127731894269573e-06,
2121,0,1,0,0.0039345303644386931,6.1526594592464789e-06,
2122,0,1,0,0.0026584627684780315,4.7194123453664361e-06,
2123,0,1,0,0.0013409516646554209,2.7497910037865836e-06,
2124,0,1,0,3.242843860107314e-08,4.5509616075634085e-07,
2125,0,1,0,-0.0013416992583943355,-1.916259349421523e-06,
2126,0,1,0,-0.0026598067879959331,-4.0809966925792196e-06,
2127,0,1,0,-0.003937164539757454,-5.8062412229276106e-06,
2128,0,1,0,-0.0051350167105734812,-6.8681198026609991e-06,
2129,0,1,0,-0.0062536046405661239,-7.2043982068947798e-06,
2130,0,1,0,-0.0072670550077553742,-6.8000405519796914e-06,
2131,0,1,0,-0.0081472517560783331,-5.7670431576894998e-06,
2132,0,1,0,-0.0088938577031854038,-4.3267062252994037e-06,
2133,0,1,0,-0.0094934233211700914,-2.7616226700999391e-06,
2134,0,1,0,-0.0099210499376471972,-1.3562147458401341e-06,
2135,0,1,0,-0.010187397429637812,-3.9031519172283424e-07,
2136,0,1,0,-0.010272032187436331,-4.1380776139021691e-08,
2137,0,1,0,-0.010187397429637812,-3.9031519172283424e-07,
2138,0,1,0,-0.009921049937646309,-1.356214747616491e-06,
2139,0,1,0,-0.0094934233211709795,-2.761622671876296e-06,
2140,0,1,0,-0.0088938577031845156,-4.3267062297402958e-06,
2141,0,1,0,-0.0081472517560783331,-5.7670431585776782e-06,
2142,0,1,0,-0.0072670550077553742,-6.8000405555324051e-06,
2143,0,1,0,-0.0062536046405661239,-7.2043982042302446e-06,
2144,0,1,0,-0.005135016710572593,-6.8681198008846422e-06,
2145,0,1,0,-0.003937164539757454,-5.8062412211512537e-06,
2146,0,1,0,-0.0026598067879959331,-4.0809966916910412e-06,
2147,0,1,0,-0.0013416992583934473,-1.916259349421523e-06,
2148,0,1,0,3.242843771289472e-08,4.5509616075634085e-07,
2149,0,1,0,0.0013409516646554209,2.7497910011220483e-06,
2150,0,1,0,0.0026584627684780315,4.7194123320437598e-06,
2151,0,1,0,0.0039345304363473943,6.1526594645755495e-06,
2152,0,1,0,0.0051426747743290591,6.9127730286666633e-06,
2153,0,1,0,0.0062511102025082366,6.9560915587629779e-06,
2154,0,1,0,0.0072637522437046798,6.3608102998102822e-06,
2155,0,1,0,0.0081518217790650382,5.2519124738026335e-06,
2156,0,1,0,0.0088888625424692336,3.8534582404992079e-06,
2157,0,1,0,0.0094944494988258299,2.4011675803237154e-06,
2158,0,1,0,0.0099208957965117861,1.1628927092388608e-06,
2159,0,1,0,0.010189482345110079,3.2278152239939573e-07,
2160,0,1,0,0.010273709411635856,3.7505234473655946e-09,
2161,0,1,0,0.010186712205847215,3.0772375048115919e-07,
2162,0,1,0,0.0099281963997999156,1.1479357073795882e-06,
2163,0,1,0,0.0094815773112824075,2.4040062971408815e-06,
2164,0,1,0,0.0088956544907192736,3.8451278356887997e-06,
2165,0,1,0,0.0081511342981395174,5.2438060276216447e-06,
2166,0,1,0,0.0072704704510861973,6.3521738118410553e-06,
2167,0,1,0,0.006255728136266292,6.9558330784147415e-06,
2168,0,1,0,0.005134792512437869,6.9072883386311901e-06,
2169,0,1,0,0.0039345213093966436,6.1534413653419051e-06,
2170,0,1,0,0.0026599918337453232,4.7213319325223324e-06,
2171,0,1,0,0.0013414566367986325,2.7509645139645045e-06,
2172,0,1,0,-4.0261127765006677e-12,4.5365134315744626e-07,
2173,0,1,0,-0.0013415178076883194,-1.9146205056941312e-06,
2174,0,1,0,-0.0026575853340924382,-4.0763976674185187e-06,
2175,0,1,0,-0.0039352739155384953,-5.8025361804325826e-06,
2176,0,1,0,-0.0051371080142459391,-6.874351562657921e-06,
2177,0,1,0,-0.006254799652599452,-7.2129201384996122e-06,
2178,0,1,0,-0.007270898458338948,-6.8178177148325858e-06,
2179,0,1,0,-0.0081540380271976076,-5.7921822822493141e-06,
2180,0,1,0,-0.0088979953128518474,-4.344929514843443e-06,
2181,0,1,0,-0.0094954136628357944,-2.7644434927864836e-06,
2182,0,1,0,-0.0099153714678124061,-1.3389273156860781e-06,
2183,0,1,0,-0.010184052715835001,-3.6690444815690171e-07,
2184,0,1,0,-0.010265854784839767,-1.7410343389201444e-08,
2185,0,1,0,-0.010184052715835001,-3.6690444904508013e-07,
2186,0,1,0,-0.0099153714678124061,-1.3389273183506134e-06,
2187,0,1,0,-0.0094954136628357944,-2.7644434945628404e-06,
2188,0,1,0,-0.0088979953128518474,-4.3449295201725135e-06,
2189,0,1,0,-0.0081540380271984958,-5.7921822937956335e-06,
2190,0,1,0,-0.007270898458338948,-6.8178177254907268e-06,
2191,0,1,0,-0.0062547996525985639,-7.212920129617828e-06,
2192,0,1,0,-0.0051371080142459391,-6.8743515564406721e-06,
2193,0,1,0,-0.0039352739155384953,-5.8025361759916905e-06,
2194,0,1,0,-0.0026575853340915501,-4.076397670083054e-06,
2195,0,1,0,-0.0013415178076883194,-1.9146205056941312e-06,
2196,0,1,0,-4.0261127765006677e-12,4.5365134404562468e-07,
2197,0,1,0,0.0013414566367986325,2.7509645175172182e-06,
2198,0,1,0,0.0026599918337453232,4.7213319458450087e-06,
2199,0,1,0,0.0039345212374843896,6.1534413573482993e-06,
2200,0,1,0,0.0051347925824778429,6.9072884967269488e-06,
2201,0,1,0,0.006255728136266292,6.9558330473284968e-06,
2202,0,1,0,0.0072704704510861973,6.3521737896365948e-06,
2203,0,1,0,0.0081511342981395174,5.2438060196280389e-06,
2204,0,1,0,0.0088956544907192736,3.8451278339124428e-06,
2205,0,1,0,0.0094815773112824075,2.4040063157926284e-06,
2206,0,1,0,0.0099281963997999156,1.1479357731047912e-06,
2207,0,1,0,0.010186712205848103,3.0772369097320507e-07,
2208,0,1,0,0.010262857141775328,4.425239286121041e-08,
2209,0,1,0,0.010186985042195396,3.3634776297475355e-07,
2210,0,1,0,0.0099139424267953302,1.1764467862107608e-06,
2211,0,1,0,0.0094894412306967268,2.4083478997738439e-06,
2212,0,1,0,0.0088983666823736485,3.8486259477110707e-06,
2213,0,1,0,0.0081518800191631158,5.2501891607548146e-06,
2214,0,1,0,0.0072632442543856257,6.3581601628115436e-06,
2215,0,1,0,0.0062548267792852386,6.9583813209206369e-06,
2216,0,1,0,0.0051376736130617218,6.9064485090919447e-06,
2217,0,1,0,0.0039370443909509945,6.1539706699420549e-06,
2218,0,1,0,0.0026593651845843169,4.718196501940497e-06,
2219,0,1,0,0.0013422386667025776,2.7524292356417845e-06,
2220,0,1,0,-3.872457909892546e-13,4.5352818833777064e-07,
2221,0,1,0,-0.0013417515304476879,-1.9156283554977449e-06,
2222,0,1,0,-0.0026594541474755928,-4.0807308598900249e-06,
2223,0,1,0,-0.003936350881335926,-5.8031266103597545e-06,
2224,0,1,0,-0.0051365614324367925,-6.8714750129927893e-06,
2225,0,1,0,-0.0062511786861056962,-7.1988108603093792e-06,
2226,0,1,0,-0.0072687230874777242,-6.7999093618098527e-06,
2227,0,1,0,-0.0081435897624873022,-5.7571290188462854e-06,
2228,0,1,0,-0.008894081027706946,-4.320570641702659e-06,
2229,0,1,0,-0.0094901421912956252,-2.7510271607411596e-06,
2230,0,1,0,-0.0099214053529248503,-1.3485546785929614e-06,
2231,0,1,0,-0.010184606229755033,-3.7610375258623208e-07,
2232,0,1,0,-0.010269096637526509,-2.9957468505870111e-08,
2233,0,1,0,-0.010184606229755033,-3.7610374992169682e-07,
2234,0,1,0,-0.0099214053529239621,-1.3485546741520693e-06,
2235,0,1,0,-0.009490142191294737,-2.7510271563002675e-06,
2236,0,1,0,-0.0088940810277060578,-4.3205706461435511e-06,
2237,0,1,0,-0.0081435897624881903,-5.7571290534852437e-06,
2238,0,1,0,-0.0072687230874777242,-6.799909474608512e-06,
2239,0,1,0,-0.0062511786861056962,-7.1988107634979315e-06,
2240,0,1,0,-0.0051365614324367925,-6.8714749916765072e-06,
2241,0,1,0,-0.003936350881335926,-5.8031266094715761e-06,
2242,0,1,0,-0.002659454147476481,-4.0807308590018465e-06,
2243,0,1,0,-0.0013417515304467997,-1.9156283563859233e-06,
2244,0,1,0,-3.872457909892546e-13,4.5352818744959222e-07,
2245,0,1,0,0.0013422386667016895,2.7524292374181414e-06,
2246,0,1,0,0.0026593651845843169,4.7181964992759617e-06,
2247,0,1,0,0.0039370443909509945,6.1539706583957354e-06,
2248,0,1,0,0.0051376736130617218,6.9064485197500858e-06,
2249,0,1,0,0.0062548267792852386,6.9583813182561016e-06,
2250,0,1,0,0.0072632442543856257,6.3581601486006889e-06,
2251,0,1,0,0.0081518800191622276,5.2501891234513209e-06,
2252,0,1,0,0.0088983666823736485,3.8486258757686187e-06,
2253,0,1,0,0.0094894412306967268,2.4083477629943673e-06,
2254,0,1,0,0.0099139426498116023,1.1764460747798466e-06,
2255,0,1,0,0.010186984820315104,3.3634836071883001e-07,
2256,0,1,0,0.010268255325621034,7.4852977149930666e-09,
2257,0,1,0,0.010186935722584778,3.0630140113174775e-07,
2258,0,1,0,0.0099242105120991297,1.1446756884581077e-06,
2259,0,1,0,0.0094922054927710775,2.3888966005358725e-06,
2260,0,1,0,0.0088948208983481436,3.8403914199847122e-06,
2261,0,1,0,0.008153153258048107,5.2369500824767101e-06,
2262,0,1,0,0.0072705758707805046,6.3514322974356219e-06,
2263,0,1,0,0.0062562062344859726,6.9567913731916065e-06,
2264,0,1,0,0.0051341209600712645,6.9059382825642501e-06,
2265,0,1,0,0.0039340228752262618,6.154361877008796e-06,
2266,0,1,0,0.0026578343841237029,4.7189913336964651e-06,
2267,0,1,0,0.001340771338377067,2.7508518991581354e-06,
2268,0,1,0,-9.4768637382003362e-13,4.5380557800456245e-07,
2269,0,1,0,-0.0013413195701117431,-1.9142261171722907e-06,
2270,0,1,0,-0.0026582430718082861,-4.0787896118388289e-06,
2271,0,1,0,-0.003935770457191623,-5.8018715023422374e-06,
2272,0,1,0,-0.0051376964587301899,-6.8752953188422339e-06,
2273,0,1,0,-0.0062521380131173032,-7.2051899504543826e-06,
2274,0,1,0,-0.0072710370628641385,-6.8135903994459568e-06,
2275,0,1,0,-0.0081487341335169106,-5.7797277088766918e-06,
2276,0,1,0,-0.0089007252933201997,-4.3427787570493592e-06,
2277,0,1,0,-0.0094891533565180097,-2.7600042651343415e-06,
2278,0,1,0,-0.0099217182996298448,-1.3522576676194831e-06,
2279,0,1,0,-0.010185262846661658,-3.8131943203012497e-07,
2280,0,1,0,-0.010271321980937387,-3.8794679468878712e-08,
2281,0,1,0,-0.010185262846661658,-3.8131942226016236e-07,
2282,0,1,0,-0.0099217182996298448,-1.3522576480795578e-06,
2283,0,1,0,-0.0094891533565180097,-2.7600042242781342e-06,
2284,0,1,0,-0.0089007252933210879,-4.342778665566982e-06,
2285,0,1,0,-0.0081487341335169106,-5.7797275161419748e-06,
2286,0,1,0,-0.0072710365917219022,-6.8135896391652295e-06,
2287,0,1,0,-0.0062521384705878091,-7.2051903590164557e-06,
2288,0,1,0,-0.0051376964587301899,-6.8752954387463205e-06,
2289,0,1,0,-0.003935770457191623,-5.8018715414220878e-06,
2290,0,1,0,-0.0026582430718073979,-4.0787896242733268e-06,
2291,0,1,0,-0.0013413195701117431,-1.9142261189486476e-06,
2292,0,1,0,-9.4857455223973375e-13,4.5380558155727613e-07,
2293,0,1,0,0.001340771338377067,2.7508519000463139e-06,
2294,0,1,0,0.0026578343841237029,4.7189913345846435e-06,
2295,0,1,0,0.0039340228752262618,6.1543618805615097e-06,
2296,0,1,0,0.0051341209600712645,6.9059382870051422e-06,
2297,0,1,0,0.0062562062344859726,6.9567913847379259e-06,
2298,0,1,0,0.0072705758707796164,6.3514323196400824e-06,
2299,0,1,0,0.008153153258048107,5.2369501180038469e-06,
2300,0,1,0,0.0088948208983481436,3.840391489262629e-06,
2301,0,1,0,0.0094922054927710775,2.388896739091706e-06,
2302,0,1,0,0.0099242102890801931,1.1446763998890219e-06,
2303,0,1,0,0.010186935944466846,3.0630080161131445e-07,
2304,0,1,0,0.010258959110950983,4.0916160237713939e-08,
2305,0,1,0,0.010185263838948799,3.2490655410555291e-07,
2306,0,1,0,0.0099287268024372821,1.1630202063628303e-06,
2307,0,1,0,0.0094783463806971113,2.4114882100079171e-06,
2308,0,1,0,0.0089056221037466798,3.8553377006422807e-06,
2309,0,1,0,0.0081390741882225726,5.2506606618152318e-06,
2310,0,1,0,0.0072715714796549591,6.3612451519645674e-06,
2311,0,1,0,0.0062545183771138824,6.9580537971347667e-06,
2312,0,1,0,0.0051364329499046235,6.9076537911882951e-06,
2313,0,1,0,0.0039353001523236841,6.1526823964541677e-06,
2314,0,1,0,0.0026601900514640064,4.7201054540479959e-06,
2315,0,1,0,0.0013419215922425565,2.751839835113401e-06,
2316,0,1,0,-1.2505552149377763e-12,4.5350108202057982e-07,
2317,0,1,0,-0.0013417747025421534,-1.9154377461916283e-06,
2318,0,1,0,-0.0026588287046696024,-4.0792971596204097e-06,
2319,0,1,0,-0.0039351302404302402,-5.8014723833821336e-06,
2320,0,1,0,-0.0051369510067358348,-6.8722869457360503e-06,
2321,0,1,0,-0.0062532960554824157,-7.2065878775617875e-06,
2322,0,1,0,-0.0072692148485238306,-6.8077870754024161e-06,
2323,0,1,0,-0.0081477652477186524,-5.7727606224133865e-06,
2324,0,1,0,-0.0088987240689162306,-4.3343926838801394e-06,
2325,0,1,0,-0.0094891383860291612,-2.7567461557964634e-06,
2326,0,1,0,-0.0099200592733907911,-1.345230136173825e-06,
2327,0,1,0,-0.01018567445567431,-3.7228728189120375e-07,
2328,0,1,0,-0.010264620222895537,-2.1073741862664974e-08,
2329,0,1,0,-0.01018567445567431,-3.7228728277938217e-07,
2330,0,1,0,-0.0099200592733907911,-1.3452301494965013e-06,
2331,0,1,0,-0.0094891383860291612,-2.7567461957644923e-06,
2332,0,1,0,-0.0088987240689162306,-4.3343927735861598e-06,
2333,0,1,0,-0.0081477652477186524,-5.7727608142599252e-06,
2334,0,1,0,-0.0072692153196900477,-6.807787834794965e-06,
2335,0,1,0,-0.0062532955979897054,-7.2065874689997145e-06,
2336,0,1,0,-0.0051369510067358348,-6.8722868249437852e-06,
2337,0,1,0,-0.003935130240429352,-5.8014723451904615e-06,
2338,0,1,0,-0.0026588287046704906,-4.0792971471859119e-06,
2339,0,1,0,-0.0013417747025421534,-1.9154377461916283e-06,
2340,0,1,0,-1.2514433933574765e-12,4.5350108202057982e-07,
2341,0,1,0,0.0013419215922434446,2.7518398333370442e-06,
2342,0,1,0,0.0026601900514631183,4.7201054531598174e-06,
2343,0,1,0,0.0039353001523245723,6.152682392901454e-06,
2344,0,1,0,0.0051364329499046235,6.9076537911882951e-06,
2345,0,1,0,0.0062545183771129942,6.9580537980229451e-06,
2346,0,1,0,0.0072715714796540709,6.3612451572936379e-06,
2347,0,1,0,0.0081390741882225726,5.250660660038875e-06,
2348,0,1,0,0.0089056221037466798,3.8553376953132101e-06,
2349,0,1,0,0.0094783463806971113,2.411488184250743e-06,
2350,0,1,0,0.0099287268024372821,1.1630201388612704e-06,
2351,0,1,0,0.010185263838948799,3.2490661183715019e-07,
2352,0,1,0,0.010279753832227456,2.0393907895766006e-08,
2353,0,1,0,0.010175243294730407,3.2365331215089554e-07,
2354,0,1,0,0.0099243379986617697,1.1619950752717045e-06,
2355,0,1,0,0.0094866468160565987,2.4004365011265349e-06,
2356,0,1,0,0.0089014319361506722,3.8451186306076579e-06,
2357,0,1,0,0.0081528135252870726,5.2395341336719525e-06,
2358,0,1,0,0.0072641628762415422,6.3559047287498061e-06,
2359,0,1,0,0.0062534815195984805,6.9547388346080652e-06,
2360,0,1,0,0.0051400891745192467,6.909739422411576e-06,
2361,0,1,0,0.003935463016248697,6.1524956294078947e-06,
2362,0,1,0,0.0026582298110717772,4.717591992609016e-06,
2363,0,1,0,0.0013418845833639281,2.7529251385161047e-06,
2364,0,1,0,-1.9554105890051687e-08,4.5293335304563698e-07,
2365,0,1,0,-0.0013414563842797378,-1.9148031142890432e-06,
2366,0,1,0,-0.00265897054923947,-4.079727824013446e-06,
2367,0,1,0,-0.0039363847975781852,-5.8030668732556023e-06,
2368,0,1,0,-0.0051357055028615761,-6.8693802397490344e-06,
2369,0,1,0,-0.0062534740976687431,-7.2043724639314632e-06,
2370,0,1,0,-0.0072662626122506069,-6.8001106772186404e-06,
2371,0,1,0,-0.0081486516931024155,-5.7689477985789495e-06,
2372,0,1,0,-0.00889660298015027,-4.3272964367346844e-06,
2373,0,1,0,-0.0094870296113587216,-2.7492909469017945e-06,
2374,0,1,0,-0.0099198364042170084,-1.342959963679391e-06,
2375,0,1,0,-0.010184906149041772,-3.7017688736540322e-07,
2376,0,1,0,-0.010266726697274464,-2.296360968045974e-08,
2377,0,1,0,-0.010184906149041772,-3.7017683851559013e-07,
2378,0,1,0,-0.0099198364042170084,-1.3429599601266773e-06,
2379,0,1,0,-0.0094870296113587216,-2.7492909513426866e-06,
2380,0,1,0,-0.00889660298015027,-4.3272964340701492e-06,
2381,0,1,0,-0.0081486516931015274,-5.7689477657163479e-06,
2382,0,1,0,-0.0072662626122506069,-6.8001105661963379e-06,
2383,0,1,0,-0.0062534740976687431,-7.2043725616310894e-06,
2384,0,1,0,-0.0051357055028615761,-6.8693802610653165e-06,
2385,0,1,0,-0.0039363847975781852,-5.8030668750319592e-06,
2386,0,1,0,-0.0026589705492376936,-4.0797278213489108e-06,
2387,0,1,0,-0.001341456384280626,-1.9148031151772216e-06,
2388,0,1,0,-1.9554105890051687e-08,4.5293335482199382e-07,
2389,0,1,0,0.0013418846103459003,2.7529248445290477e-06,
2390,0,1,0,0.0026582297849024883,4.7175922510689361e-06,
2391,0,1,0,0.0039354630162495852,6.1524956347369653e-06,
2392,0,1,0,0.0051400891745183586,6.9097394277406465e-06,
2393,0,1,0,0.0062534815195975924,6.9547388399371357e-06,
2394,0,1,0,0.0072641628762415422,6.3559047287498061e-06,
2395,0,1,0,0.0081528135252870726,5.2395341327837741e-06,
2396,0,1,0,0.0089014319361506722,3.8451186288313011e-06,
2397,0,1,0,0.0094866468160557105,2.4004364966856429e-06,
2398,0,1,0,0.0099243379986608815,1.1619950717189909e-06,
2399,0,1,0,0.010175243294730407,3.2365331037453871e-07,
2400,0,1,0,0.010281100370868934,2.0918252019441752e-08,
2401,0,1,0,0.010174848846512319,3.1778540421356638e-07,
2402,0,1,0,0.0099251252306071791,1.1558935408828575e-06,
2403,0,1,0,0.0094917719025744418,2.3995530140652477e-06,
2404,0,1,0,0.0088994546754204151,3.8486929154757377e-06,
2405,0,1,0,0.0081398089055557676,5.250191373207258e-06,
2406,0,1,0,0.0072762231193195248,6.360746271028006e-06,
2407,0,1,0,0.0062516229193692041,6.9567111333768139e-06,
2408,0,1,0,0.0051353601761361389,6.9107384330635568e-06,
2409,0,1,0,0.0039329755157808677,6.1525665273620689e-06,
2410,0,1,0,0.0026600079284255784,4.7222553716252946e-06,
2411,0,1,0,0.0013408675684489779,2.7498138841508535e-06,
2412,0,1,0,3.6398007274840438e-08,4.5516584279425842e-07,
2413,0,1,0,-0.0013416830200245755,-1.9161141402435078e-06,
2414,0,1,0,-0.0026588941520069298,-4.0800447660416239e-06,
2415,0,1,0,-0.0039356732982636089,-5.8023327254019819e-06,
2416,0,1,0,-0.0051371763587377828,-6.8743617784861044e-06,
2417,0,1,0,-0.0062544509069040188,-7.2099543544368316e-06,
2418,0,1,0,-0.007268444412158459,-6.8113076938658423e-06,
2419,0,1,0,-0.0081525701946212337,-5.7825561334823306e-06,
2420,0,1,0,-0.0088975781261497744,-4.3373306723992755e-06,
2421,0,1,0,-0.0094897202351695853,-2.7583243662476775e-06,
2422,0,1,0,-0.0099190400610655871,-1.349412185547294e-06,
2423,0,1,0,-0.010186598443684858,-3.8137141533667318e-07,
2424,0,1,0,-0.010272462169139907,-4.0890171248975093e-08,
2425,0,1,0,-0.01018659851899173,-3.8137127589266129e-07,
2426,0,1,0,-0.0099190400610655871,-1.3494122708124223e-06,
2427,0,1,0,-0.0094897202351678089,-2.7583244124329553e-06,
2428,0,1,0,-0.0088975781261506626,-4.3373306652938481e-06,
2429,0,1,0,-0.0081525701946221218,-5.7825561246005464e-06,
2430,0,1,0,-0.007268444412158459,-6.8113076840958797e-06,
2431,0,1,0,-0.006254450906904907,-7.2099543650949727e-06,
2432,0,1,0,-0.0051371763587377828,-6.8743617855915318e-06,
2433,0,1,0,-0.0039356732982636089,-5.8023327280665171e-06,
2434,0,1,0,-0.002658894152007818,-4.080044770482516e-06,
2435,0,1,0,-0.0013416830200245755,-1.9161141366907941e-06,
2436,0,1,0,3.6398006386662018e-08,4.5516584545879368e-07,
2437,0,1,0,0.0013408675414687821,2.749814177249732e-06,
2438,0,1,0,0.0026600079545939792,4.7222551105008392e-06,
2439,0,1,0,0.0039329755157808677,6.1525665211448199e-06,
2440,0,1,0,0.0051353601761370271,6.9107384277344863e-06,
2441,0,1,0,0.0062516229193700923,6.9567111307122786e-06,
2442,0,1,0,0.0072762231193195248,6.3607462692516492e-06,
2443,0,1,0,0.0081398089055548795,5.2501913749836149e-06,
2444,0,1,0,0.0088994546754204151,3.8486929163639161e-06,
2445,0,1,0,0.0094917719025735536,2.3995530131770693e-06,
2446,0,1,0,0.0099251252306071791,1.1558935417710359e-06,
2447,0,1,0,0.010174848846512319,3.1778540421356638e-07,
2448,0,1,0,0.010277875691965477,2.9076526963933702e-08,
2449,0,1,0,0.010175244769065728,3.2696845231328098e-07,
2450,0,1,0,0.0099243376515572024,1.164560787358937e-06,
2451,0,1,0,0.0094903194830227022,2.404446366455204e-06,
2452,0,1,0,0.0088874007198684879,3.8483502731168073e-06,
2453,0,1,0,0.0081644528643103342,5.2413262086048462e-06,
2454,0,1,0,0.0072619586138138459,6.352498930439765e-06,
2455,0,1,0,0.0062553316355016264,6.9534157658424078e-06,
2456,0,1,0,0.005138942235745958,6.9087407315038263e-06,
2457,0,1,0,0.0039354630074068808,6.1523375221028687e-06,
2458,0,1,0,0.0026582298157542539,4.7174024855323182e-06,
2459,0,1,0,0.001342298573578482,2.7533359627796017e-06,
2460,0,1,0,-1.9563461073346389e-08,4.5293554595815522e-07,
2461,0,1,0,-0.0013414563794400536,-1.9148469458940554e-06,
2462,0,1,0,-0.0026590346204677928,-4.0802739373901886e-06,
2463,0,1,0,-0.0039363848661562173,-5.8039027708289836e-06,
2464,0,1,0,-0.0051370414419134036,-6.8741216452394838e-06,
2465,0,1,0,-0.0062544575391081381,-7.2077516826141164e-06,
2466,0,1,0,-0.0072657420863873057,-6.8029260624768995e-06,
2467,0,1,0,-0.0081513472547021237,-5.7777924888924304e-06,
2468,0,1,0,-0.0088970009529347749,-4.3375810037105111e-06,
2469,0,1,0,-0.0094939403714615622,-2.7672628775121666e-06,
2470,0,1,0,-0.0099197589955171139,-1.3549090631670424e-06,
2471,0,1,0,-0.010188657779258037,-3.843458120655896e-07,
2472,0,1,0,-0.010266725973399282,-3.2420415685407988e-08,
2473,0,1,0,-0.010188657703951165,-3.8434594440417413e-07,
2474,0,1,0,-0.0099197589955171139,-1.3549089583619889e-06,
2475,0,1,0,-0.0094939403337015449,-2.7672630018571454e-06,
2476,0,1,0,-0.0088970009899957958,-4.3375808402856819e-06,
2477,0,1,0,-0.0081513472547021237,-5.777792498662393e-06,
2478,0,1,0,-0.0072657420863873057,-6.8029260651414347e-06,
2479,0,1,0,-0.0062544575391072499,-7.2077516852786516e-06,
2480,0,1,0,-0.0051370414419134036,-6.8741216461276622e-06,
2481,0,1,0,-0.0039363848661571055,-5.8039027699408052e-06,
2482,0,1,0,-0.0026590346204677928,-4.0802739409429023e-06,
2483,0,1,0,-0.0013414563794400536,-1.9148469458940554e-06,
2484,0,1,0,-1.9563461073346389e-08,4.5293554418179838e-07,
2485,0,1,0,0.001342298573578482,2.7533359618914233e-06,
2486,0,1,0,0.0026582298157542539,4.7174024881968535e-06,
2487,0,1,0,0.0039354630074068808,6.1523375247674039e-06,
2488,0,1,0,0.005138942235745958,6.9087407341683615e-06,
2489,0,1,0,0.0062553316355016264,6.9534157685069431e-06,
2490,0,1,0,0.0072619586138147341,6.3524989331043002e-06,
2491,0,1,0,0.0081644528643094461,5.2413262130457383e-06,
2492,0,1,0,0.0088874007198693761,3.8483502775576994e-06,
2493,0,1,0,0.0094903194830218141,2.4044463744488098e-06,
2494,0,1,0,0.0099243376515580906,1.1645607864707586e-06,
2495,0,1,0,0.010175244769065728,3.2696845231328098e-07,
2496,0,1,0,0.010269895746287894,2.6592032575933899e-08,
2497,0,1,0,0.01018175008956046,3.202229974519355e-07,
2498,0,1,0,0.0099287268548406971,1.1594819833149472e-06,
2499,0,1,0,0.0094783460013623255,2.4075170870219154e-06,
2500,0,1,0,0.0089079518963703919,3.8483818602941255e-06,
2501,0,1,0,0.0081396571786580552,5.2483635499811498e-06,
2502,0,1,0,0.0072736823460832767,6.3642234433558542e-06,
2503,0,1,0,0.0062462587101856926,6.9533869977433937e-06,
2504,0,1,0,0.0051418899840252053,6.9145866401498779e-06,
2505,0,1,0,0.0039337998282089615,6.1515401874601139e-06,
2506,0,1,0,0.0026598119478276061,4.7213886897878865e-06,
2507,0,1,0,0.0013405706493401226,2.748854329048811e-06,
2508,0,1,0,2.0806431244579926e-08,4.5451370489502096e-07,
2509,0,1,0,-0.0013414620549134781,-1.9147786307627257e-06,
2510,0,1,0,-0.0026588286957309748,-4.0793391455906658e-06,
2511,0,1,0,-0.0039351303031711637,-5.8015568953351249e-06,
2512,0,1,0,-0.0051369514884749279,-6.8723561934547206e-06,
2513,0,1,0,-0.0062529787377645363,-7.206773151580137e-06,
2514,0,1,0,-0.0072698880559958212,-6.8097091725505265e-06,
2515,0,1,0,-0.0081497608877567629,-5.7741164551927682e-06,
2516,0,1,0,-0.0088958746130511912,-4.3283771091751078e-06,
2517,0,1,0,-0.0094891384292727921,-2.7480680966363025e-06,
2518,0,1,0,-0.0099167784609264231,-1.3325977494815788e-06,
2519,0,1,0,-0.010182628731962851,-3.5970287193265449e-07,
2520,0,1,0,-0.010264620117096612,-9.8819246119319359e-09,
2521,0,1,0,-0.010182628731961074,-3.5970293410514387e-07,
2522,0,1,0,-0.0099167784609281995,-1.332597775238753e-06,
2523,0,1,0,-0.0094891384670328094,-2.7480679349878301e-06,
2524,0,1,0,-0.0088958745759910585,-4.3283772512836549e-06,
2525,0,1,0,-0.0081497608877567629,-5.7741164312119508e-06,
2526,0,1,0,-0.0072698880559958212,-6.8097091636687423e-06,
2527,0,1,0,-0.0062529787377645363,-7.2067731498037801e-06,
2528,0,1,0,-0.0051369514884749279,-6.8723561916783638e-06,
2529,0,1,0,-0.0039351303031711637,-5.8015568953351249e-06,
2530,0,1,0,-0.0026588286957309748,-4.0793391455906658e-06,
2531,0,1,0,-0.0013414620549134781,-1.9147786298745473e-06,
2532,0,1,0,2.0806431244579926e-08,4.5451370311866413e-07,
2533,0,1,0,0.0013405706493392344,2.7488543299369894e-06,
2534,0,1,0,0.0026598119478276061,4.7213886897878865e-06,
2535,0,1,0,0.0039337998282089615,6.1515401883482923e-06,
2536,0,1,0,0.0051418899840252053,6.9145866419262347e-06,
2537,0,1,0,0.0062462587101856926,6.9533870039606427e-06,
2538,0,1,0,0.0072736823460832767,6.3642234522376384e-06,
2539,0,1,0,0.0081396571786580552,5.2483635686328967e-06,
2540,0,1,0,0.0089079518963703919,3.8483818860512997e-06,
2541,0,1,0,0.0094783460013623255,2.4075171127790895e-06,
2542,0,1,0,0.0099287268548415852,1.159481974433163e-06,
2543,0,1,0,0.01018175008956046,3.2022298768197288e-07,
2544,0,1,0,0.010266406548660179,1.7290792797552967e-08,
2545,0,1,0,0.0101869356468276,3.109832551473346e-07,
2546,0,1,0,0.0099242104310262036,1.1492790417122478e-06,
2547,0,1,0,0.0094906780277881353,2.3966039481848611e-06,
2548,0,1,0,0.0088983613050430677,3.8485354147965722e-06,
2549,0,1,0,0.008142022704672236,5.2423837173520837e-06,
2550,0,1,0,0.0072734697917340441,6.35680285299145e-06,
2551,0,1,0,0.0062569608703109125,6.9576135111049098e-06,
2552,0,1,0,0.0051324770560254862,6.9043476678132265e-06,
2553,0,1,0,0.0039361585200952121,6.1557792196964556e-06,
2554,0,1,0,0.0026588924882782194,4.7190770349203603e-06,
2555,0,1,0,0.001342220123581761,2.7522153303038976e-06,
2556,0,1,0,-1.0764722446765518e-12,4.535309230391249e-07,
2557,0,1,0,-0.0013422786504895257,-1.9155940744752797e-06,
2558,0,1,0,-0.0026583625948006784,-4.0795482885158663e-06,
2559,0,1,0,-0.0039357703372466801,-5.8014211727908105e-06,
2560,0,1,0,-0.0051365323800496299,-6.8718731291994573e-06,
2561,0,1,0,-0.0062521382660909453,-7.2030519122634473e-06,
2562,0,1,0,-0.0072690480796397949,-6.8077672477073747e-06,
2563,0,1,0,-0.0081487357233163138,-5.7755516458257716e-06,
2564,0,1,0,-0.0088984752803558109,-4.3391088722088966e-06,
2565,0,1,0,-0.0094891534262639965,-2.7603368737416645e-06,
2566,0,1,0,-0.0099247372638444631,-1.3612858591471877e-06,
2567,0,1,0,-0.010184844675015015,-3.9150541653043547e-07,
2568,0,1,0,-0.010277572085025888,-5.3290469814726293e-08,
2569,0,1,0,-0.010184844675015015,-3.9150542452404125e-07,
2570,0,1,0,-0.0099247372638453513,-1.3612858591471877e-06,
2571,0,1,0,-0.0094891534262631083,-2.7603368639717019e-06,
2572,0,1,0,-0.0088984752803558109,-4.3391088828670377e-06,
2573,0,1,0,-0.0081487357233163138,-5.77555164671395e-06,
2574,0,1,0,-0.0072690480796406831,-6.8077672459310179e-06,
2575,0,1,0,-0.0062521382660909453,-7.2030519104870905e-06,
2576,0,1,0,-0.0051365323800496299,-6.8718731274231004e-06,
2577,0,1,0,-0.0039357703372466801,-5.8014211710144536e-06,
2578,0,1,0,-0.0026583625948006784,-4.0795482885158663e-06,
2579,0,1,0,-0.0013422786504895257,-1.9155940735871013e-06,
2580,0,1,0,-1.0764722446765518e-12,4.535309230391249e-07,
2581,0,1,0,0.0013422201235808728,2.7522153303038976e-06,
2582,0,1,0,0.0026588924882782194,4.7190770313676467e-06,
2583,0,1,0,0.0039361585200952121,6.1557792143673851e-06,
2584,0,1,0,0.0051324770560254862,6.904347662484156e-06,
2585,0,1,0,0.0062569608703109125,6.9576135057758393e-06,
2586,0,1,0,0.0072734697917340441,6.3568028592086989e-06,
2587,0,1,0,0.008142022704672236,5.2423837590964695e-06,
2588,0,1,0,0.0088983613050430677,3.8485355400297294e-06,
2589,0,1,0,0.0094906780277881353,2.3966042563827727e-06,
2590,0,1,0,0.0099242104310262036,1.1492787344025146e-06,
2591,0,1,0,0.010186935646826711,3.1098314057231846e-07,
2592,0,1,0,0.010262857141776216,4.2372247932576101e-08,
2593,0,1,0,0.010186985042195396,3.3469916171924297e-07,
2594,0,1,0,0.0099114994925031397,1.1737881635554004e-06,
2595,0,1,0,0.0094956043544351942,2.4045187299037707e-06,
2596,0,1,0,0.0088949328391372262,3.8466977656526069e-06,
2597,0,1,0,0.0081542852807325872,5.244151562777688e-06,
2598,0,1,0,0.0072620587045886253,6.3538321271039422e-06,
2599,0,1,0,0.0062588519709505519,6.9595816665213306e-06,
2600,0,1,0,0.0051360565547078352,6.9046583837106823e-06,
2601,0,1,0,0.0039363323018326568,6.1543771785466106e-06,
2602,0,1,0,0.0026590737819232046,4.7197120052189234e-06,
2603,0,1,0,0.0013408386572617559,2.7501282318098674e-06,
2604,0,1,0,-2.2488677586807171e-12,4.5380805335781815e-07,
2605,0,1,0,-0.001340678237349735,-1.9144077878507915e-06,
2606,0,1,0,-0.002659250354625442,-4.0792848139403759e-06,
2607,0,1,0,-0.0039361448841654934,-5.8031897189891879e-06,
2608,0,1,0,-0.0051373476657774475,-6.8733519347219385e-06,
2609,0,1,0,-0.0062520205007556839,-7.2019774925990987e-06,
2610,0,1,0,-0.0072687234431274561,-6.8026578921021041e-06,
2611,0,1,0,-0.0081454724000504797,-5.7627730365439334e-06,
2612,0,1,0,-0.0088941814642637951,-4.3254570680772986e-06,
2613,0,1,0,-0.009492334627059229,-2.7553623667131433e-06,
2614,0,1,0,-0.0099214065052155576,-1.3465019756964125e-06,
2615,0,1,0,-0.01018192508232918,-3.7069276892509606e-07,
2616,0,1,0,-0.010269098107544394,-2.258085096684681e-08,
2617,0,1,0,-0.01018192508232918,-3.7069277158963132e-07,
2618,0,1,0,-0.0099214065052155576,-1.3465019748082341e-06,
2619,0,1,0,-0.009492334627059229,-2.7553623667131433e-06,
2620,0,1,0,-0.0088941814642637951,-4.3254570698536554e-06,
2621,0,1,0,-0.0081454724000504797,-5.7627730374321118e-06,
2622,0,1,0,-0.0072687234431274561,-6.8026578921021041e-06,
2623,0,1,0,-0.0062520205007556839,-7.2019774925990987e-06,
2624,0,1,0,-0.0051373476657783357,-6.8733519338337601e-06,
2625,0,1,0,-0.0039361448841654934,-5.8031897172128311e-06,
2626,0,1,0,-0.002659250354625442,-4.0792848130521975e-06,
2627,0,1,0,-0.0013406782373488468,-1.9144077896271483e-06,
2628,0,1,0,-2.2497559371004172e-12,4.5380805246963973e-07,
2629,0,1,0,0.0013408386572617559,2.7501282282571538e-06,
2630,0,1,0,0.0026590737819240928,4.7197119990016745e-06,
2631,0,1,0,0.0039363323018326568,6.1543771643357559e-06,
2632,0,1,0,0.0051360565547087234,6.9046583490717239e-06,
2633,0,1,0,0.0062588519709496637,6.959581595467057e-06,
2634,0,1,0,0.0072620587045886253,6.3538319823308598e-06,
2635,0,1,0,0.0081542852807334754,5.2441512714551664e-06,
2636,0,1,0,0.0088949328391372262,3.8466972096529162e-06,
2637,0,1,0,0.009495605334358892,2.4045130482264199e-06,
2638,0,1,0,0.0099114985208670348,1.1737928788946306e-06,
2639,0,1,0,0.010186985042195396,3.3469974347610787e-07,
2640,0,1,0,0.010273709729169411,2.9491786790458718e-09,
2641,0,1,0,0.01018671178269237,3.0724607924526026e-07,
2642,0,1,0,0.0099250148019578432,1.1490369127287181e-06,
2643,0,1,0,0.0094847179895634071,2.4013469630546069e-06,
2644,0,1,0,0.0088995098253281668,3.8413756016097977e-06,
2645,0,1,0,0.008148591625291246,5.2439908824197801e-06,
2646,0,1,0,0.0072696036005881481,6.353368257272507e-06,
2647,0,1,0,0.0062540967813724535,6.9555675690224916e-06,
2648,0,1,0,0.0051373680624227092,6.909427552770353e-06,
2649,0,1,0,0.0039340716354612226,6.1521428023070257e-06,
2650,0,1,0,0.0026596410720687302,4.7205706010799986e-06,
2651,0,1,0,0.0013419255191315926,2.7511393154711072e-06,
2652,0,1,0,1.9697692366094088e-08,4.5437337359288676e-07,
2653,0,1,0,-0.0013420387087661467,-1.9161787463417568e-06,
2654,0,1,0,-0.0026578227186204728,-4.0774761398409964e-06,
2655,0,1,0,-0.0039359375959016063,-5.8033413159463976e-06,
2656,0,1,0,-0.0051365603920130454,-6.8736485321352347e-06,
2657,0,1,0,-0.0062547994651653838,-7.2123760910258738e-06,
2658,0,1,0,-0.0072708985706162466,-6.8169892966096768e-06,
2659,0,1,0,-0.0081540380678628566,-5.7897651704053033e-06,
2660,0,1,0,-0.0088960690581592061,-4.3400467255594322e-06,
2661,0,1,0,-0.0094954129274231747,-2.7612611352978433e-06,
2662,0,1,0,-0.009915371405710971,-1.3352187018256245e-06,
2663,0,1,0,-0.010182154607477401,-3.6328873065372136e-07,
2664,0,1,0,-0.010265853882127196,-1.2250654712886444e-08,
2665,0,1,0,-0.010182154607477401,-3.6328873154189978e-07,
2666,0,1,0,-0.009915371405710971,-1.3352187036019814e-06,
2667,0,1,0,-0.0094954129274231747,-2.7612611326333081e-06,
2668,0,1,0,-0.0088960690581592061,-4.3400467255594322e-06,
2669,0,1,0,-0.0081540380678628566,-5.7897651686289464e-06,
2670,0,1,0,-0.0072708985706162466,-6.8169892966096768e-06,
2671,0,1,0,-0.0062547994651662719,-7.212376089249517e-06,
2672,0,1,0,-0.0051365603920130454,-6.8736485303588779e-06,
2673,0,1,0,-0.0039359375959024945,-5.8033413159463976e-06,
2674,0,1,0,-0.0026578227186204728,-4.0774761425055317e-06,
2675,0,1,0,-0.0013420387087661467,-1.9161787445653999e-06,
2676,0,1,0,1.9697692366094088e-08,4.5437337448106518e-07,
2677,0,1,0,0.0013419255191307045,2.7511393172474641e-06,
2678,0,1,0,0.0026596410720678421,4.7205706064090691e-06,
2679,0,1,0,0.0039340716354612226,6.1521428120769883e-06,
2680,0,1,0,0.0051373680624227092,6.9094275794157056e-06,
2681,0,1,0,0.0062540967813724535,6.9555676249777321e-06,
2682,0,1,0,0.0072696036005881481,6.3533683754002368e-06,
2683,0,1,0,0.008148591625291246,5.2439911222279534e-06,
2684,0,1,0,0.0088995098253281668,3.8413760758970739e-06,
2685,0,1,0,0.0094847170096654665,2.401352503511589e-06,
2686,0,1,0,0.0099250157735690792,1.1490319513640657e-06,
2687,0,1,0,0.010186712100782813,3.0724356214761883e-07,
2688,0,1,0,0.010257786273006886,3.8786513556487989e-08,
2689,0,1,0,0.010187698521443522,3.2143093697811764e-07,
2690,0,1,0,0.0099263444807924373,1.158071582629816e-06,
2691,0,1,0,0.0094917053901699688,2.4028290876998426e-06,
2692,0,1,0,0.0088865528591792753,3.8544874909618443e-06,
2693,0,1,0,0.0081540596964773115,5.2503558887195823e-06,
2694,0,1,0,0.0072661054523326385,6.3594049386495044e-06,
2695,0,1,0,0.0062503037594439093,6.9543162339869014e-06,
2696,0,1,0,0.0051420336541161404,6.9125353023835601e-06,
2697,0,1,0,0.0039343387056263168,6.151875354909464e-06,
2698,0,1,0,0.0026593509747572242,4.7207869489085397e-06,
2699,0,1,0,0.0013408810248289882,2.7492724088418186e-06,
2700,0,1,0,3.242417268012332e-08,4.5509101553875553e-07,
2701,0,1,0,-0.0013416992578161313,-1.9162105946435304e-06,
2702,0,1,0,-0.0026598069359646814,-4.0807829204680957e-06,
2703,0,1,0,-0.0039365531118171759,-5.804860308877835e-06,
2704,0,1,0,-0.0051350167032131466,-6.8679233633517356e-06,
2705,0,1,0,-0.006253604633811527,-7.204281906147969e-06,
2706,0,1,0,-0.007267055718477522,-6.7998108823630332e-06,
2707,0,1,0,-0.008147251021634716,-5.7668013031531018e-06,
2708,0,1,0,-0.0088938577031854038,-4.3268166090015825e-06,
2709,0,1,0,-0.0094920631363990537,-2.7609128485650558e-06,
2710,0,1,0,-0.0099228393202412946,-1.3597983237190192e-06,
2711,0,1,0,-0.010187151146515916,-3.9620657865668818e-07,
2712,0,1,0,-0.010275727625186803,-5.0104910442883011e-08,
2713,0,1,0,-0.010187151146515916,-3.9620658309758028e-07,
2714,0,1,0,-0.0099228393202412946,-1.359798325495376e-06,
2715,0,1,0,-0.0094920631363990537,-2.7609128521177695e-06,
2716,0,1,0,-0.0088938577031854038,-4.326816603672512e-06,
2717,0,1,0,-0.008147251021634716,-5.7668013004885665e-06,
2718,0,1,0,-0.007267055718477522,-6.7998108788103195e-06,
2719,0,1,0,-0.006253604633811527,-7.2042819043716122e-06,
2720,0,1,0,-0.0051350167032131466,-6.8679233606872003e-06,
2721,0,1,0,-0.0039365531118171759,-5.804860308877835e-06,
2722,0,1,0,-0.0026598069359655696,-4.0807829204680957e-06,
2723,0,1,0,-0.0013416992578161313,-1.9162105946435304e-06,
2724,0,1,0,3.242417268012332e-08,4.5509101465057711e-07,
2725,0,1,0,0.0013408810248298764,2.7492724079536401e-06,
2726,0,1,0,0.0026593509847234742,4.7207869515730749e-06,
2727,0,1,0,0.0039343386959416193,6.1518753735612108e-06,
2728,0,1,0,0.0051420336541161404,6.91253531925895e-06,
2729,0,1,0,0.0062503037594439093,6.9543162517504697e-06,
2730,0,1,0,0.0072661054523335267,6.3594049564130728e-06,
2731,0,1,0,0.0081540596964764234,5.2503558958250096e-06,
2732,0,1,0,0.0088865528591792753,3.8544874634283133e-06,
2733,0,1,0,0.009491705390170857,2.402828950920366e-06,
2734,0,1,0,0.0099263444807924373,1.1580722159010293e-06,
2735,0,1,0,0.010187698203353079,3.2143315742416689e-07,
2736,0,1,0,0.01027554276680398,1.8262707790484001e-08,
2737,0,1,0,0.010179275734910398,3.2427420659786321e-07,
2738,0,1,0,0.0099250590225157254,1.1643634945102121e-06,
2739,0,1,0,0.0094825100634379211,2.4070870505710218e-06,
2740,0,1,0,0.008904034056447685,3.8475616452871009e-06,
2741,0,1,0,0.0081453844830035038,5.2462661761509821e-06,
2742,0,1,0,0.0072698674691817899,6.3605002740274585e-06,
2743,0,1,0,0.006254215430661958,6.9594167833031406e-06,
2744,0,1,0,0.0051311340420339135,6.9055081191038425e-06,
2745,0,1,0,0.0039375915760979652,6.1580287571416648e-06,
2746,0,1,0,0.0026586643936266086,4.7192316294797365e-06,
2747,0,1,0,0.001341842006302052,2.7518413130422914e-06,
2748,0,1,0,-4.0918379795584769e-12,4.5363349610028081e-07,
2749,0,1,0,-0.0013411143046919705,-1.9137472051511395e-06,
2750,0,1,0,-0.0026579862617532868,-4.0785057331405028e-06,
2751,0,1,0,-0.0039367965153438433,-5.804879704029986e-06,
2752,0,1,0,-0.0051368593427536524,-6.8733261597841988e-06,
2753,0,1,0,-0.0062540661238035256,-7.2087111027130391e-06,
2754,0,1,0,-0.0072705494176075192,-6.8114624145465541e-06,
2755,0,1,0,-0.0081475240800976678,-5.7750220125996066e-06,
2756,0,1,0,-0.008900206819418166,-4.3380239151957767e-06,
2757,0,1,0,-0.0094875077432865496,-2.7545162781805743e-06,
2758,0,1,0,-0.0099227355246807036,-1.3419600213282479e-06,
2759,0,1,0,-0.01017726644434358,-3.6450012963484824e-07,
2760,0,1,0,-0.010274297989043113,-2.1096949964771738e-08,
2761,0,1,0,-0.01017726644434358,-3.6450013851663243e-07,
2762,0,1,0,-0.0099227355246807036,-1.3419600382036379e-06,
2763,0,1,0,-0.0094875077432874377,-2.7545162879505369e-06,
2764,0,1,0,-0.0089002068194172779,-4.3380239045376356e-06,
2765,0,1,0,-0.0081475240800976678,-5.7750220019414655e-06,
2766,0,1,0,-0.007270549417606631,-6.8114624056647699e-06,
2767,0,1,0,-0.0062540661238035256,-7.2087111000485038e-06,
2768,0,1,0,-0.0051368593427536524,-6.873326158007842e-06,
2769,0,1,0,-0.0039367965153438433,-5.8048797049181644e-06,
2770,0,1,0,-0.0026579862617523986,-4.0785057349168596e-06,
2771,0,1,0,-0.0013411143046919705,-1.9137472051511395e-06,
2772,0,1,0,-4.0918379795584769e-12,4.5363349698845923e-07,
2773,0,1,0,0.0013418420063011638,2.7518413148186482e-06,
2774,0,1,0,0.0026586643836594703,4.7192316356969854e-06,
2775,0,1,0,0.0039375915857835508,6.1580287464835237e-06,
2776,0,1,0,0.0051311340420348017,6.9055081191038425e-06,
2777,0,1,0,0.006254215430661958,6.9594167806386054e-06,
2778,0,1,0,0.0072698674691817899,6.360500268698388e-06,
2779,0,1,0,0.0081453844830035038,5.2462661601637706e-06,
2780,0,1,0,0.008904034056447685,3.8475616186417483e-06,
2781,0,1,0,0.0094825100634379211,2.4070870070502792e-06,
2782,0,1,0,0.0099250590225157254,1.1643634394431501e-06,
2783,0,1,0,0.010179275734910398,3.242740618247808e-07,
2784,0,1,0,0.010266264567263761,3.597141073896637e-08,
2785,0,1,0,0.010181339377059118,3.2466540567099855e-07,
2786,0,1,0,0.0099250155973091836,1.157108244775884e-06,
2787,0,1,0,0.009487344801143216,2.3947601883733682e-06,
2788,0,1,0,0.0089045657274375856,3.8395477046648807e-06,
2789,0,1,0,0.008145135990226926,5.2382945350260002e-06,
2790,0,1,0,0.0072728865631948025,6.3546652402379777e-06,
2791,0,1,0,0.0062537402602060865,6.9505111728318525e-06,
2792,0,1,0,0.0051399587901093113,6.9082344262838546e-06,
2793,0,1,0,0.0039325941260841546,6.1486356512929774e-06,
2794,0,1,0,0.0026605486079365193,4.7221451318080199e-06,
2795,0,1,0,0.0013413295869746378,2.7506660744691658e-06,
2796,0,1,0,-2.5420346716487074e-08,4.5264297021674338e-07,
2797,0,1,0,-0.0013423206672014132,-1.9148371332988745e-06,
2798,0,1,0,-0.0026588701319560926,-4.0808936931924222e-06,
2799,0,1,0,-0.0039365080363999994,-5.8043789916695232e-06,
2800,0,1,0,-0.0051357868150532227,-6.8722380337504774e-06,
2801,0,1,0,-0.0062551045948477935,-7.2111164142185658e-06,
2802,0,1,0,-0.0072711026156202507,-6.8130801977872579e-06,
2803,0,1,0,-0.0081472324422051656,-5.7769021353237804e-06,
2804,0,1,0,-0.0089023973252633226,-4.3424268127978394e-06,
2805,0,1,0,-0.0094851516972882521,-2.7578025010299712e-06,
2806,0,1,0,-0.0099274580717425565,-1.3574564077245554e-06,
2807,0,1,0,-0.01017965879582583,-3.8233032206846929e-07,
2808,0,1,0,-0.010277196494435259,-3.6519707258264589e-08,
2809,0,1,0,-0.01017965879582583,-3.8233035137835714e-07,
2810,0,1,0,-0.0099274580717425565,-1.3574564654561527e-06,
2811,0,1,0,-0.0094851516972882521,-2.7578025685315311e-06,
2812,0,1,0,-0.0089023973252633226,-4.3424267559544205e-06,
2813,0,1,0,-0.0081472324422051656,-5.7769020918030378e-06,
2814,0,1,0,-0.0072711026156193626,-6.8130801800236895e-06,
2815,0,1,0,-0.0062551045948477935,-7.2111164080013168e-06,
2816,0,1,0,-0.0051357868150532227,-6.872238032862299e-06,
2817,0,1,0,-0.0039365080363999994,-5.8043789952222369e-06,
2818,0,1,0,-0.0026588701319560926,-4.0808936923042438e-06,
2819,0,1,0,-0.0013423206672023014,-1.9148371324106961e-06,
2820,0,1,0,-2.5420346716487074e-08,4.5264297199310022e-07,
2821,0,1,0,0.0013413295869746378,2.7506660753573442e-06,
2822,0,1,0,0.0026605486079365193,4.7221451326961983e-06,
2823,0,1,0,0.0039325941260850428,6.1486356521811558e-06,
2824,0,1,0,0.0051399587901093113,6.908234422731141e-06,
2825,0,1,0,0.0062537402602051984,6.9505111737200309e-06,
2826,0,1,0,0.0072728865631956907,6.3546652349089072e-06,
2827,0,1,0,0.008145135990226926,5.2382945270323944e-06,
2828,0,1,0,0.0089045657274375856,3.8395476922303828e-06,
2829,0,1,0,0.009487344801143216,2.3947601697216214e-06,
2830,0,1,0,0.0099250155973091836,1.1571082279004941e-06,
2831,0,1,0,0.010181339377059118,3.2466539323650068e-07,
2832,0,1,0,0.010275965543008247,8.8022975575086093e-09,
2833,0,1,0,0.010185307944185595,3.0681549834099542e-07,
2834,0,1,0,0.0099232801060669118,1.1592314574926377e-06,
2835,0,1,0,0.0094875627718309374,2.4077735654159937e-06,
2836,0,1,0,0.0088895087902010061,3.8532929647061565e-06,
2837,0,1,0,0.008151602608349684,5.2509527126431976e-06,
2838,0,1,0,0.0072711921342492047,6.3626782527137493e-06,
2839,0,1,0,0.0062494735225939735,6.9552974855113803e-06,
2840,0,1,0,0.0051380155053610821,6.9112159497564107e-06,
2841,0,1,0,0.0039353032117483977,6.1538594628984811e-06,
2842,0,1,0,0.0026584271304725959,4.7192496106518433e-06,
2843,0,1,0,0.0013410920562346718,2.7505530457716532e-06,
2844,0,1,0,2.564658529990993e-08,4.546831355867198e-07,
2845,0,1,0,-0.0013410290359168187,-1.9151344110568402e-06,
2846,0,1,0,-0.002658939464799559,-4.0779379286703943e-06,
2847,0,1,0,-0.0039343989678002345,-5.7986146533295368e-06,
2848,0,1,0,-0.0051346199401152148,-6.8647207926986198e-06,
2849,0,1,0,-0.0062512939402328271,-7.1977365090347689e-06,
2850,0,1,0,-0.0072686937523371853,-6.798830485266194e-06,
2851,0,1,0,-0.0081442913529050642,-5.7587736836950398e-06,
2852,0,1,0,-0.0088957247693359776,-4.3182137785535701e-06,
2853,0,1,0,-0.0094855902362249722,-2.7419041916942888e-06,
2854,0,1,0,-0.0099197478047390319,-1.3293815781523222e-06,
2855,0,1,0,-0.010176543688240614,-3.5626947703093492e-07,
2856,0,1,0,-0.010272939982487905,-1.1696222657064936e-08,
2857,0,1,0,-0.010176543688240614,-3.5626950989353645e-07,
2858,0,1,0,-0.0099197478047390319,-1.3293817469062219e-06,
2859,0,1,0,-0.0094855902362258604,-2.7419048107546473e-06,
2860,0,1,0,-0.0088957247693359776,-4.3182132127839168e-06,
2861,0,1,0,-0.0081442913529059524,-5.7587735629027748e-06,
2862,0,1,0,-0.0072686937523371853,-6.7988304799371235e-06,
2863,0,1,0,-0.0062512939402337153,-7.1977365232456236e-06,
2864,0,1,0,-0.0051346199401152148,-6.8647208060212961e-06,
2865,0,1,0,-0.0039343989678011226,-5.7986146577704289e-06,
2866,0,1,0,-0.0026589394647986708,-4.0779379339994648e-06,
2867,0,1,0,-0.0013410290359168187,-1.9151344101686618e-06,
2868,0,1,0,2.5646587076266769e-08,4.5468313203400612e-07,
2869,0,1,0,0.0013410920562346718,2.7505530466598316e-06,
2870,0,1,0,0.0026584271304734841,4.7192496097636649e-06,
2871,0,1,0,0.0039353032117483977,6.1538594664511947e-06,
2872,0,1,0,0.0051380155053601939,6.9112159515327676e-06,
2873,0,1,0,0.0062494735225939735,6.9552974855113803e-06,
2874,0,1,0,0.0072711921342492047,6.3626782500492141e-06,
2875,0,1,0,0.008151602608349684,5.2509527082023055e-06,
2876,0,1,0,0.0088895087902010061,3.8532929576007291e-06,
2877,0,1,0,0.0094875627718309374,2.4077735583105664e-06,
2878,0,1,0,0.0099232801060686882,1.1592314512753887e-06,
2879,0,1,0,0.010185307944185595,3.0681549656463858e-07,
2880,0,1,0,0.010274047252403662,4.2691604917877157e-08,
2881,0,1,0,0.010171003764910758,3.390707359329781e-07,
2882,0,1,0,0.0099302518932136152,1.1609966925618664e-06,
2883,0,1,0,0.0094902358672381837,2.4007925123470386e-06,
2884,0,1,0,0.0088898049354950714,3.8403751894122706e-06,
2885,0,1,0,0.0081572223690340451,5.2445066032191789e-06,
2886,0,1,0,0.0072684562517491003,6.3558672529495652e-06,
2887,0,1,0,0.0062538555411215668,6.9535837230461084e-06,
2888,0,1,0,0.0051363596761957453,6.9074601958263315e-06,
2889,0,1,0,0.0039348530412750549,6.1526827392910377e-06,
2890,0,1,0,0.0026594696532553641,4.7192539289753199e-06,
2891,0,1,0,0.0013423468028772589,2.7532340896030405e-06,
2892,0,1,0,-3.276490190273762e-12,4.5371366752533504e-07,
2893,0,1,0,-0.0013417951776393267,-1.9162453046561723e-06,
2894,0,1,0,-0.0026584935757343331,-4.0800696998744002e-06,
2895,0,1,0,-0.0039381414339274556,-5.8081290710276789e-06,
2896,0,1,0,-0.0051373449413931738,-6.8785860669606791e-06,
2897,0,1,0,-0.0062563046605692563,-7.2174851144524155e-06,
2898,0,1,0,-0.0072714530880109152,-6.8200421692310442e-06,
2899,0,1,0,-0.0081517137178526156,-5.7919366067693545e-06,
2900,0,1,0,-0.0089022966134599812,-4.3543394525613621e-06,
2901,0,1,0,-0.0094920551412647214,-2.7781880964639072e-06,
2902,0,1,0,-0.0099253386967310675,-1.370850059245754e-06,
2903,0,1,0,-0.010187369059297957,-4.047094632753101e-07,
2904,0,1,0,-0.010278485806532345,-5.4828030116027549e-08,
2905,0,1,0,-0.010187369059297069,-4.0470914175472217e-07,
2906,0,1,0,-0.0099253386967310675,-1.370849147086517e-06,
2907,0,1,0,-0.0094920534406277568,-2.7781853590980177e-06,
2908,0,1,0,-0.0089022982826918451,-4.3543421224256917e-06,
2909,0,1,0,-0.0081517137178526156,-5.7919373892545423e-06,
2910,0,1,0,-0.0072714530880109152,-6.820042454336317e-06,
2911,0,1,0,-0.0062563046605683681,-7.2174852210338258e-06,
2912,0,1,0,-0.0051373449413931738,-6.8785861060405296e-06,
2913,0,1,0,-0.0039381414339274556,-5.8081290825739984e-06,
2914,0,1,0,-0.0026584935757343331,-4.0800697025389354e-06,
2915,0,1,0,-0.0013417951776393267,-1.9162453064325291e-06,
2916,0,1,0,-3.2773783686934621e-12,4.5371366841351346e-07,
2917,0,1,0,0.0013423468028772589,2.7532340922675758e-06,
2918,0,1,0,0.0026594696532544759,4.7192539298634983e-06,
2919,0,1,0,0.003934853041275943,6.1526827401792161e-06,
2920,0,1,0,0.0051363596761948571,6.9074602002672236e-06,
2921,0,1,0,0.0062538555411215668,6.9535837239342868e-06,
2922,0,1,0,0.0072684562517473239,6.35586725028503e-06,
2923,0,1,0,0.0081572223690340451,5.2445065987782868e-06,
2924,0,1,0,0.0088898049354959596,3.8403751823068433e-06,
2925,0,1,0,0.0094902358672381837,2.4007925087943249e-06,
2926,0,1,0,0.0099302518932127271,1.1609966890091528e-06,
2927,0,1,0,0.010171003764911646,3.3907073326844284e-07,
2928,0,1,0,0.01027596533325692,8.9118454837944228e-09,
2929,0,1,0,0.010185308148703776,3.0695608987940659e-07,
2930,0,1,0,0.0099232799790005544,1.1594557456362509e-06,
2931,0,1,0,0.0094875623831534028,2.408149971877549e-06,
2932,0,1,0,0.0088895101207784322,3.8539358460099038e-06,
2933,0,1,0,0.0081512777531314029,5.2524559146505112e-06,
2934,0,1,0,0.007270897703132384,6.3637205593991553e-06,
2935,0,1,0,0.0062493279747855013,6.9550261363460208e-06,
2936,0,1,0,0.0051385436846151933,6.9113436200751721e-06,
2937,0,1,0,0.0039352109851842343,6.1530532589060272e-06,
2938,0,1,0,0.002659433545192158,4.7198317574270732e-06,
2939,0,1,0,0.0013410920533383219,2.7502983543925552e-06,
2940,0,1,0,2.5637913125819978e-08,4.546382266212845e-07,
2941,0,1,0,-0.0013410290238589084,-1.915121046636159e-06,
2942,0,1,0,-0.0026589395241920499,-4.0779233589915975e-06,
2943,0,1,0,-0.0039343990910643001,-5.7986590453751319e-06,
2944,0,1,0,-0.0051346195003576511,-6.8647381574749033e-06,
2945,0,1,0,-0.0062512946818671367,-7.1977512376975028e-06,
2946,0,1,0,-0.0072686935585615231,-6.7988553702491572e-06,
2947,0,1,0,-0.008144291028714612,-5.7587706878692302e-06,
2948,0,1,0,-0.0088957247800456329,-4.3180113094010153e-06,
2949,0,1,0,-0.0094855903157968768,-2.7409531337951876e-06,
2950,0,1,0,-0.0099191244142744495,-1.3276447159427107e-06,
2951,0,1,0,-0.010176543612102407,-3.5468276315953062e-07,
2952,0,1,0,-0.01027294041587723,-1.0694810370637242e-08,
2953,0,1,0,-0.010176543612101518,-3.5468308734465381e-07,
2954,0,1,0,-0.0099191244142744495,-1.327645630766483e-06,
2955,0,1,0,-0.0094855920164977903,-2.7409558702728987e-06,
2956,0,1,0,-0.0088957231107471557,-4.3180086404248641e-06,
2957,0,1,0,-0.008144291028714612,-5.7587699036076856e-06,
2958,0,1,0,-0.0072686935585606349,-6.7988550833675276e-06,
2959,0,1,0,-0.0062512946818671367,-7.1977511293397356e-06,
2960,0,1,0,-0.0051346195003576511,-6.8647381183950529e-06,
2961,0,1,0,-0.0039343990910643001,-5.798659032940634e-06,
2962,0,1,0,-0.0026589395241911618,-4.0779233554388838e-06,
2963,0,1,0,-0.0013410290238589084,-1.915121046636159e-06,
2964,0,1,0,2.5637912237641558e-08,4.5463822750946292e-07,
2965,0,1,0,0.0013410920533383219,2.75029835172802e-06,
2966,0,1,0,0.002659433545192158,4.7198317565388948e-06,
2967,0,1,0,0.0039352109851842343,6.1530532633469193e-06,
2968,0,1,0,0.0051385436846151933,6.9113436316214916e-06,
2969,0,1,0,0.0062493279747863895,6.9550261692086224e-06,
2970,0,1,0,0.007270897703132384,6.3637205149902343e-06,
2971,0,1,0,0.0081512777531314029,5.2524558924460507e-06,
2972,0,1,0,0.0088895101207784322,3.8539358371281196e-06,
2973,0,1,0,0.0094875623831534028,2.4081499674366569e-06,
2974,0,1,0,0.0099232799790005544,1.1594557420835372e-06,
2975,0,1,0,0.010185308148704664,3.0695609076758501e-07,
2976,0,1,0,0.010266264368009814,3.5596658953807037e-08,
2977,0,1,0,0.010181339377556498,3.2448385134387081e-07,
2978,0,1,0,0.0099250157251695725,1.1568316367061016e-06,
2979,0,1,0,0.0094873452042278927,2.3942283471356518e-06,
2980,0,1,0,0.0089039149436276332,3.8382419536020507e-06,
2981,0,1,0,0.0081466479799559011,5.2366392182534582e-06,
2982,0,1,0,0.0072740783372537976,6.3540433705711052e-06,
2983,0,1,0,0.0062529021424273523,6.9504797792774298e-06,
2984,0,1,0,0.0051397411433908857,6.9086234599780028e-06,
2985,0,1,0,0.0039332069485240595,6.1513908455879118e-06,
2986,0,1,0,0.0026577095715367705,4.717696743483657e-06,
2987,0,1,0,0.0013415554010309805,2.7523394168227355e-06,
2988,0,1,0,-2.540839361131475e-08,4.527160131218011e-07,
2989,0,1,0,-0.0013423206697016354,-1.9148532102164495e-06,
2990,0,1,0,-0.0026588701004843784,-4.0808418360072096e-06,
2991,0,1,0,-0.0039361635886079327,-5.8037116481557405e-06,
2992,0,1,0,-0.0051357868702917031,-6.872068316177149e-06,
2993,0,1,0,-0.00625510405309182,-7.2111036910627035e-06,
2994,0,1,0,-0.0072711031105807677,-6.813261638427548e-06,
2995,0,1,0,-0.0081472323016802406,-5.7774247643749277e-06,
2996,0,1,0,-0.0089023977550990452,-4.3436569789889745e-06,
2997,0,1,0,-0.0094859930801201031,-2.7607239392324345e-06,
2998,0,1,0,-0.0099273705542550772,-1.3602822095393208e-06,
2999,0,1,0,-0.010180562283117034,-3.8298492199828615e-07,
3000,0,1,0,-0.010277196494435259,-3.8484959219431403e-08,
3001,0,1,0,-0.010180562283117034,-3.8298489180021988e-07,
3002,0,1,0,-0.0099273705542550772,-1.360282040785421e-06,
3003,0,1,0,-0.0094859930801209913,-2.760723320172076e-06,
3004,0,1,0,-0.008902397755098157,-4.3436575456468063e-06,
3005,0,1,0,-0.0081472323016811288,-5.7774248816144791e-06,
3006,0,1,0,-0.0072711031105807677,-6.8132616446447969e-06,
3007,0,1,0,-0.00625510405309182,-7.211103675075492e-06,
3008,0,1,0,-0.0051357868702917031,-6.8720683046308295e-06,
3009,0,1,0,-0.0039361635886070445,-5.8037116410503131e-06,
3010,0,1,0,-0.0026588701004834903,-4.0808418333426744e-06,
3011,0,1,0,-0.0013423206697016354,-1.9148532102164495e-06,
3012,0,1,0,-2.540839361131475e-08,4.5271601223362268e-07,
3013,0,1,0,0.0013415554010309805,2.7523394141582003e-06,
3014,0,1,0,0.0026577095715367705,4.7176967328255159e-06,
3015,0,1,0,0.0039332069485240595,6.1513908207189161e-06,
3016,0,1,0,0.0051397411433917739,6.9086234049109407e-06,
3017,0,1,0,0.0062529023100506009,6.9504799338204748e-06,
3018,0,1,0,0.0072740781731273074,6.3540428696384765e-06,
3019,0,1,0,0.0081466479799559011,5.2366393052949434e-06,
3020,0,1,0,0.0089039149436276332,3.8382420060045774e-06,
3021,0,1,0,0.0094873452042278927,2.3942283746691828e-06,
3022,0,1,0,0.0099250157251686844,1.1568316535814915e-06,
3023,0,1,0,0.010181339377556498,3.2448385756111975e-07,
3024,0,1,0,0.010274639056417456,2.2779937047801013e-08,
3025,0,1,0,0.010179276045169772,3.2637262137313883e-07,
3026,0,1,0,0.0099250590236783509,1.1651656386391096e-06,
3027,0,1,0,0.0094825100677971008,2.4074629045856e-06,
3028,0,1,0,0.0089040340254804562,3.8480011239627743e-06,
3029,0,1,0,0.0081448470064771072,5.2471351059679705e-06,
3030,0,1,0,0.0072687689410102507,6.3602295945486276e-06,
3031,0,1,0,0.0062556866647582865,6.9609779140833439e-06,
3032,0,1,0,0.0051307020760571476,6.9045221442465277e-06,
3033,0,1,0,0.0039375916770607589,6.1574332006486543e-06,
3034,0,1,0,0.0026596583256637274,4.7197796213538368e-06,
3035,0,1,0,0.0013418419909889678,2.7515951668277694e-06,
3036,0,1,0,-4.1140424400509801e-12,4.5350298094604113e-07,
3037,0,1,0,-0.00134096154636687,-1.9134875941517748e-06,
3038,0,1,0,-0.0026581310552202808,-4.0791104041204562e-06,
3039,0,1,0,-0.0039372011384264383,-5.8055605958173828e-06,
3040,0,1,0,-0.0051371339632080293,-6.8742808476685013e-06,
3041,0,1,0,-0.0062540658044216713,-7.2088733915620651e-06,
3042,0,1,0,-0.0072705501546179718,-6.81154082027291e-06,
3043,0,1,0,-0.0081475222824636262,-5.7751416102647113e-06,
3044,0,1,0,-0.0089002077321538309,-4.3384543175761792e-06,
3045,0,1,0,-0.0094875052592300335,-2.7559765998219632e-06,
3046,0,1,0,-0.0099217058139409176,-1.3479697535956348e-06,
3047,0,1,0,-0.010182545613684368,-3.7620532467030898e-07,
3048,0,1,0,-0.01027429730693008,-3.4853903763121252e-08,
3049,0,1,0,-0.01018254561368348,-3.7620530424220533e-07,
3050,0,1,0,-0.0099217058139409176,-1.3479697056340001e-06,
3051,0,1,0,-0.0094875052592300335,-2.7559765474194364e-06,
3052,0,1,0,-0.0089002077321538309,-4.3384543646496354e-06,
3053,0,1,0,-0.0081475222824636262,-5.7751416431273128e-06,
3054,0,1,0,-0.0072705501546170836,-6.8115408353719431e-06,
3055,0,1,0,-0.0062540658044216713,-7.2088733951147788e-06,
3056,0,1,0,-0.0051371339632089175,-6.8742808458921445e-06,
3057,0,1,0,-0.0039372011384273264,-5.8055605958173828e-06,
3058,0,1,0,-0.0026581310552202808,-4.0791104041204562e-06,
3059,0,1,0,-0.0013409615463650937,-1.9134875968163101e-06,
3060,0,1,0,-4.11315426163128e-12,4.5350298094604113e-07,
3061,0,1,0,0.0013418420046971136,2.7515949430068076e-06,
3062,0,1,0,0.002659658312370361,4.719779801654056e-06,
3063,0,1,0,0.0039375916770607589,6.15743322551765e-06,
3064,0,1,0,0.0051307020760571476,6.9045222010899465e-06,
3065,0,1,0,0.0062556864971297088,6.960977757763942e-06,
3066,0,1,0,0.0072687691051429582,6.3602300954812563e-06,
3067,0,1,0,0.0081448470064771072,5.2471350171501285e-06,
3068,0,1,0,0.0089040340254804562,3.8480010697838907e-06,
3069,0,1,0,0.0094825100677962126,2.4074628734993553e-06,
3070,0,1,0,0.0099250590236792391,1.165165622651898e-06,
3071,0,1,0,0.010179276045169772,3.2637261249135463e-07,
3072,0,1,0,0.010263534809153541,2.4323872693798876e-08,
3073,0,1,0,0.010188952435994381,3.0563918063108986e-07,
3074,0,1,0,0.009926344585529101,1.1524600145307318e-06,
3075,0,1,0,0.0094917058889620876,2.3998445817241532e-06,
3076,0,1,0,0.008886552355486188,3.852770669610095e-06,
3077,0,1,0,0.008154059572198058,5.2490852420206124e-06,
3078,0,1,0,0.0072652990509798343,6.3574053035253542e-06,
3079,0,1,0,0.0062524455371457677,6.9549250625300374e-06,
3080,0,1,0,0.0051414599148724704,6.9112251690484072e-06,
3081,0,1,0,0.0039343387088024429,6.1517082290407643e-06,
3082,0,1,0,0.0026593509581926966,4.7208431057654821e-06,
3083,0,1,0,0.0013409055041808671,2.7503201529555099e-06,
3084,0,1,0,-2.4456240588222045e-08,4.5282531768719991e-07,
3085,0,1,0,-0.001341943734916029,-1.915029225862952e-06,
3086,0,1,0,-0.0026598776451312034,-4.0811880790414534e-06,
3087,0,1,0,-0.0039360737146765246,-5.8035961361113664e-06,
3088,0,1,0,-0.0051350167032131466,-6.8675895423808697e-06,
3089,0,1,0,-0.0062536047489878399,-7.2038572485055852e-06,
3090,0,1,0,-0.0072670549902671411,-6.7992154058060805e-06,
3091,0,1,0,-0.0081472528490778018,-5.7656926584215284e-06,
3092,0,1,0,-0.0088938564468685755,-4.3242917548980131e-06,
3093,0,1,0,-0.0094920665078142008,-2.7547510033087974e-06,
3094,0,1,0,-0.0099173408009107789,-1.3439414772165037e-06,
3095,0,1,0,-0.010187903294810674,-3.7623980553291858e-07,
3096,0,1,0,-0.010264356696362498,-2.1962817342568997e-08,
3097,0,1,0,-0.010187903294809786,-3.762398019802049e-07,
3098,0,1,0,-0.0099173408009125552,-1.3439415003091426e-06,
3099,0,1,0,-0.0094920665078142008,-2.7547511303183114e-06,
3100,0,1,0,-0.0088938564468676873,-4.3242916385466401e-06,
3101,0,1,0,-0.0081472528490778018,-5.7656926415461385e-06,
3102,0,1,0,-0.0072670549902671411,-6.7992154146878647e-06,
3103,0,1,0,-0.0062536047489869517,-7.203857256499191e-06,
3104,0,1,0,-0.0051350167032131466,-6.8675895477099402e-06,
3105,0,1,0,-0.0039360737146765246,-5.8035961369995448e-06,
3106,0,1,0,-0.0026598776451320916,-4.081188078153275e-06,
3107,0,1,0,-0.001341943734916029,-1.9150292249747736e-06,
3108,0,1,0,-2.4456241476400464e-08,4.5282531946355675e-07,
3109,0,1,0,0.0013409054904744977,2.7503203776646501e-06,
3110,0,1,0,0.002659350971486063,4.720842934347047e-06,
3111,0,1,0,0.0039343387088024429,6.1517082254880506e-06,
3112,0,1,0,0.0051414599148724704,6.9112251566139093e-06,
3113,0,1,0,0.0062524455371448795,6.9549250287792574e-06,
3114,0,1,0,0.0072652990509798343,6.3574053452697399e-06,
3115,0,1,0,0.0081540595721989462,5.2490852588960024e-06,
3116,0,1,0,0.0088865523554870762,3.852770669610095e-06,
3117,0,1,0,0.0094917058889620876,2.3998445781714395e-06,
3118,0,1,0,0.0099263445855299892,1.1524600074253044e-06,
3119,0,1,0,0.010188952435994381,3.0563917885473302e-07,
3120,0,1,0,0.010283600323864661,2.0211638585010405e-08,
3121,0,1,0,0.010169753791878122,3.3372810381848694e-07,
3122,0,1,0,0.0099303490818147822,1.1581974526109207e-06,
3123,0,1,0,0.0094847174917784827,2.4059828591660448e-06,
3124,0,1,0,0.0088995103519096119,3.8438692424591636e-06,
3125,0,1,0,0.0081485916613655007,5.2454742061058823e-06,
3126,0,1,0,0.007269603276926162,6.354543602427043e-06,
3127,0,1,0,0.0062533353097258271,6.9562792024413511e-06,
3128,0,1,0,0.0051373680624227092,6.9099963742047521e-06,
3129,0,1,0,0.0039340716322850966,6.1523916334849105e-06,
3130,0,1,0,0.0026596410753398914,4.7206734707927467e-06,
3131,0,1,0,0.0013419255180542322,2.7511673987845597e-06,
3132,0,1,0,1.9698502384812855e-08,4.5427074102377674e-07,
3133,0,1,0,-0.0013418439659087511,-1.915722426026889e-06,
3134,0,1,0,-0.0026578226966798013,-4.0774701481893771e-06,
3135,0,1,0,-0.0039359375607839198,-5.8034011232166449e-06,
3136,0,1,0,-0.0051365603920121572,-6.8735711398204558e-06,
3137,0,1,0,-0.0062547994695183462,-7.2116629841190161e-06,
3138,0,1,0,-0.0072708985661327219,-6.8168091882370163e-06,
3139,0,1,0,-0.0081540381890796709,-5.7900015555389928e-06,
3140,0,1,0,-0.0088960689611301547,-4.3409963996765555e-06,
3141,0,1,0,-0.0094954128999180654,-2.7641202935413389e-06,
3142,0,1,0,-0.0099153714057091946,-1.3431504788385951e-06,
3143,0,1,0,-0.010187302283597433,-3.7615730619222632e-07,
3144,0,1,0,-0.010265853882126308,-2.663319875750858e-08,
3145,0,1,0,-0.010187302283597433,-3.7615723158523906e-07,
3146,0,1,0,-0.0099153714057091946,-1.3431502718930233e-06,
3147,0,1,0,-0.0094954125192856509,-2.7641198157013491e-06,
3148,0,1,0,-0.0088960693347246433,-4.3409968233376617e-06,
3149,0,1,0,-0.0081540381890796709,-5.7900017331746767e-06,
3150,0,1,0,-0.0072708985661336101,-6.816809253074041e-06,
3151,0,1,0,-0.0062547994695183462,-7.2116630107643687e-06,
3152,0,1,0,-0.0051365603920121572,-6.8735711469258831e-06,
3153,0,1,0,-0.0039359375607848079,-5.8034011267693586e-06,
3154,0,1,0,-0.0026578226966798013,-4.077470149965734e-06,
3155,0,1,0,-0.0013418439659087511,-1.915722426026889e-06,
3156,0,1,0,1.9698502384812855e-08,4.5427074102377674e-07,
3157,0,1,0,0.0013419255180551204,2.7511673952318461e-06,
3158,0,1,0,0.0026596410753390032,4.7206734752336388e-06,
3159,0,1,0,0.0039340716322850966,6.1523916379258026e-06,
3160,0,1,0,0.0051373680624227092,6.9099963848628931e-06,
3161,0,1,0,0.0062533353097258271,6.9562792202049195e-06,
3162,0,1,0,0.0072696032769243857,6.3545436255196819e-06,
3163,0,1,0,0.0081485916613655007,5.2454741830132434e-06,
3164,0,1,0,0.0088995103519105001,3.8438692122610973e-06,
3165,0,1,0,0.0094847174917775945,2.4059828360734059e-06,
3166,0,1,0,0.0099303490818147822,1.1581974339591738e-06,
3167,0,1,0,0.010169753791878122,3.3372809404852433e-07,
3168,0,1,0,0.010262855538579529,2.7686732906317957e-08,
3169,0,1,0,0.010192873245003398,3.0754536162191926e-07,
3170,0,1,0,0.0099114979799894698,1.1654168492469807e-06,
3171,0,1,0,0.0094956043544351942,2.4006388326114347e-06,
3172,0,1,0,0.0088949332423648997,3.8449125003836571e-06,
3173,0,1,0,0.0081542847432176657,5.2430898218602806e-06,
3174,0,1,0,0.0072620590949981079,6.3538007584185152e-06,
3175,0,1,0,0.0062588517055193194,6.9592467131229796e-06,
3176,0,1,0,0.005136056554706947,6.9048344286670726e-06,
3177,0,1,0,0.0039363323025929375,6.154327683027816e-06,
3178,0,1,0,0.002659073781143384,4.7197445995905696e-06,
3179,0,1,0,0.0013408386572608677,2.7501353780934323e-06,
3180,0,1,0,-2.2506441155201173e-12,4.5382465252430393e-07,
3181,0,1,0,-0.0013406781833005255,-1.9144303768925397e-06,
3182,0,1,0,-0.0026592503818267943,-4.0794108997488365e-06,
3183,0,1,0,-0.0039361449138493043,-5.8036519616777582e-06,
3184,0,1,0,-0.0051373478162135555,-6.8748674246776886e-06,
3185,0,1,0,-0.0062546299741157441,-7.2082648685523054e-06,
3186,0,1,0,-0.0072687234431274561,-6.8041388594508589e-06,
3187,0,1,0,-0.0081454730309848955,-5.7638296073747597e-06,
3188,0,1,0,-0.0088941807695208652,-4.3264620686045419e-06,
3189,0,1,0,-0.0094923346771693673,-2.7578776187198173e-06,
3190,0,1,0,-0.0099214065052164457,-1.346710426730624e-06,
3191,0,1,0,-0.010181925365186473,-3.6816435056152841e-07,
3192,0,1,0,-0.010269097540237304,-2.2181086301031883e-08,
3193,0,1,0,-0.010181925365186473,-3.681644225039804e-07,
3194,0,1,0,-0.0099214065052164457,-1.3467106292353037e-06,
3195,0,1,0,-0.0094923350578088872,-2.7578780965598071e-06,
3196,0,1,0,-0.0088941803959201593,-4.3264616458316141e-06,
3197,0,1,0,-0.0081454730309840073,-5.7638294350681463e-06,
3198,0,1,0,-0.0072687234431274561,-6.8041387946138343e-06,
3199,0,1,0,-0.0062546299741166322,-7.2082648454596665e-06,
3200,0,1,0,-0.0051373478162126673,-6.8748674166840829e-06,
3201,0,1,0,-0.0039361449138493043,-5.8036519599014014e-06,
3202,0,1,0,-0.0026592503818267943,-4.0794108979724797e-06,
3203,0,1,0,-0.0013406781833005255,-1.9144303760043613e-06,
3204,0,1,0,-2.2506441155201173e-12,4.5382465163612551e-07,
3205,0,1,0,0.0013408386572599795,2.7501353745407187e-06,
3206,0,1,0,0.0026590737811442722,4.7197445951496775e-06,
3207,0,1,0,0.0039363323025929375,6.1543276874687081e-06,
3208,0,1,0,0.0051360565547078352,6.9048344615296742e-06,
3209,0,1,0,0.0062588517055193194,6.9592468223689252e-06,
3210,0,1,0,0.0072620590949981079,6.3538010710573189e-06,
3211,0,1,0,0.0081542847432176657,5.2430894559307717e-06,
3212,0,1,0,0.0088949332423631233,3.8449123316297573e-06,
3213,0,1,0,0.0094956043544351942,2.4006387588926259e-06,
3214,0,1,0,0.0099114979799894698,1.1654168252661634e-06,
3215,0,1,0,0.010192873245003398,3.0754535274013506e-07,
3216,0,1,0,0.010275680252162189,3.8637717025835627e-08,
3217,0,1,0,0.01016853393156758,3.4688207062316678e-07,
3218,0,1,0,0.0099291334748139448,1.1618576927219237e-06,
3219,0,1,0,0.0094906780277881353,2.4036021217810344e-06,
3220,0,1,0,0.0088983609488559878,3.853129961761681e-06,
3221,0,1,0,0.0081397320053664401,5.248686462344665e-06,
3222,0,1,0,0.0072748607957464628,6.3581756313269011e-06,
3223,0,1,0,0.0062551298900785923,6.9593069520479389e-06,
3224,0,1,0,0.0051335071806697385,6.9057867175814636e-06,
3225,0,1,0,0.0039349466900642227,6.1555688137815423e-06,
3226,0,1,0,0.0026588925159458654,4.7196012715744473e-06,
3227,0,1,0,0.001341781780466178,2.7517880223371094e-06,
3228,0,1,0,-1.3997691894473974e-12,4.5356135203178383e-07,
3229,0,1,0,-0.0013422786501555706,-1.9155756874056351e-06,
3230,0,1,0,-0.002658362652404378,-4.0793464330945994e-06,
3231,0,1,0,-0.0039357704087175094,-5.8006356216111499e-06,
3232,0,1,0,-0.005134952020648953,-6.8667092163465782e-06,
3233,0,1,0,-0.006250847313198804,-7.1984487410858833e-06,
3234,0,1,0,-0.0072688102714035807,-6.8052427888432021e-06,
3235,0,1,0,-0.0081487359292262695,-5.7754771329854293e-06,
3236,0,1,0,-0.0088984770236493205,-4.33496326923688e-06,
3237,0,1,0,-0.0094849958439882087,-2.7515739731143185e-06,
3238,0,1,0,-0.0099247345016344468,-1.354220689364638e-06,
3239,0,1,0,-0.010184848849059236,-3.8908541633020377e-07,
3240,0,1,0,-0.010277569171366352,-5.2112209658616848e-08,
3241,0,1,0,-0.010184848849058348,-3.8908540922477641e-07,
3242,0,1,0,-0.0099247345016344468,-1.3542206529493228e-06,
3243,0,1,0,-0.0094849958439882087,-2.7515738372230203e-06,
3244,0,1,0,-0.0088984770236493205,-4.3349633989109293e-06,
3245,0,1,0,-0.0081487359292262695,-5.7754771614071387e-06,
3246,0,1,0,-0.0072688102714035807,-6.8052427897313805e-06,
3247,0,1,0,-0.006250847313198804,-7.1984487375331696e-06,
3248,0,1,0,-0.0051349520206498411,-6.8667092127938645e-06,
3249,0,1,0,-0.0039357704087183976,-5.8006356180584362e-06,
3250,0,1,0,-0.002658362652404378,-4.0793464313182426e-06,
3251,0,1,0,-0.0013422786501555706,-1.9155756865174567e-06,
3252,0,1,0,-1.3997691894473974e-12,4.5356134936724857e-07,
3253,0,1,0,0.0013417817804652898,2.7517880107907899e-06,
3254,0,1,0,0.0026588925159449772,4.7196012369354889e-06,
3255,0,1,0,0.0039349466900642227,6.1555687196346298e-06,
3256,0,1,0,0.0051335071806697385,6.9057864955368586e-06,
3257,0,1,0,0.0062551298900785923,6.9593064582207376e-06,
3258,0,1,0,0.0072748621832019467,6.3581713440896692e-06,
3259,0,1,0,0.0081397306428776517,5.2486903543425001e-06,
3260,0,1,0,0.0088983609488559878,3.8531306802980225e-06,
3261,0,1,0,0.0094906780277881353,2.4036025303431074e-06,
3262,0,1,0,0.0099291334748139448,1.1618579129901718e-06,
3263,0,1,0,0.01016853393156758,3.4688216565825769e-07,
3264,0,1,0,0.010264338402243389,8.469521972642724e-09,
3265,0,1,0,0.010195436100692845,2.94525909438903e-07,
3266,0,1,0,0.0099240544177936485,1.1500798429153747e-06,
3267,0,1,0,0.0094783472944444114,2.4022887323837949e-06,
3268,0,1,0,0.0089022633070960921,3.8448258310452843e-06,
3269,0,1,0,0.0081539203922265102,5.2417834126572416e-06,
3270,0,1,0,0.0072623554386064271,6.3535564382988241e-06,
3271,0,1,0,0.0062560530059281305,6.9572715384325079e-06,
3272,0,1,0,0.0051366286989447119,6.9038548744515538e-06,
3273,0,1,0,0.0039382998378734158,6.1556418788910605e-06,
3274,0,1,0,0.0026591249449801069,4.717579344060141e-06,
3275,0,1,0,0.0013416287002323557,2.7513780089805095e-06,
3276,0,1,0,-1.5543122344752192e-12,4.5352962541045372e-07,
3277,0,1,0,-0.001341462050407749,-1.9147451695289419e-06,
3278,0,1,0,-0.0026588286723168153,-4.0793569953123665e-06,
3279,0,1,0,-0.0039351302020067536,-5.8019299444822536e-06,
3280,0,1,0,-0.0051369511016643443,-6.8739030245623667e-06,
3281,0,1,0,-0.006255783003090265,-7.2118787279862318e-06,
3282,0,1,0,-0.0072692155834817029,-6.8063771436754905e-06,
3283,0,1,0,-0.0081445278852694258,-5.7658867440579797e-06,
3284,0,1,0,-0.00889901504063495,-4.3347135347815424e-06,
3285,0,1,0,-0.0094889580941970308,-2.7607359296411005e-06,
3286,0,1,0,-0.0099244176509705184,-1.3502520816999208e-06,
3287,0,1,0,-0.010182624650034278,-3.6941413217306263e-07,
3288,0,1,0,-0.010264622949720525,-1.6249631862308433e-08,
3289,0,1,0,-0.010182624650034278,-3.6941412773217053e-07,
3290,0,1,0,-0.0099244176509714066,-1.3502520701536014e-06,
3291,0,1,0,-0.0094889580941970308,-2.7607359172066026e-06,
3292,0,1,0,-0.00889901504063495,-4.334713550768754e-06,
3293,0,1,0,-0.0081445278852676495,-5.7658867564924776e-06,
3294,0,1,0,-0.0072692155834817029,-6.8063771463400258e-06,
3295,0,1,0,-0.0062557830030911532,-7.2118787297625886e-06,
3296,0,1,0,-0.0051369511016634561,-6.8739030245623667e-06,
3297,0,1,0,-0.0039351302020067536,-5.8019299444822536e-06,
3298,0,1,0,-0.0026588286723168153,-4.0793569979769018e-06,
3299,0,1,0,-0.0013414620504086372,-1.9147451686407635e-06,
3300,0,1,0,-1.5543122344752192e-12,4.5352962807498898e-07,
3301,0,1,0,0.0013416287002314675,2.7513780231913643e-06,
3302,0,1,0,0.0026591249449809951,4.7175793786990994e-06,
3303,0,1,0,0.0039382998378725276,6.1556419748143298e-06,
3304,0,1,0,0.0051366286989438237,6.9038550956079803e-06,
3305,0,1,0,0.0062560530059272423,6.9572720322597092e-06,
3306,0,1,0,0.0072623540512566365,6.3535607219833423e-06,
3307,0,1,0,0.0081539217546078291,5.2417795179948712e-06,
3308,0,1,0,0.0089022633070960921,3.8448251080680507e-06,
3309,0,1,0,0.0094783472944444114,2.4022883238217219e-06,
3310,0,1,0,0.0099240544177927603,1.1500796190944129e-06,
3311,0,1,0,0.010195436100692845,2.9452581529199051e-07,
3312,0,1,0,0.010268048390459583,3.2216078693636518e-08,
3313,0,1,0,0.010184179206930821,3.2926816206924059e-07,
3314,0,1,0,0.0099199474308164781,1.1645046704700235e-06,
3315,0,1,0,0.0094866466690515239,2.4032187457834198e-06,
3316,0,1,0,0.0089014321249774042,3.848653651772338e-06,
3317,0,1,0,0.0081486244415769349,5.2479383079173658e-06,
3318,0,1,0,0.0072674137960930807,6.355258459933566e-06,
3319,0,1,0,0.0062546855495639875,6.9580541239844251e-06,
3320,0,1,0,0.0051357176972439689,6.9084673102182137e-06,
3321,0,1,0,0.0039340117734294466,6.1543528140362014e-06,
3322,0,1,0,0.0026582298296027318,4.7186258171905138e-06,
3323,0,1,0,0.0013418846174984012,2.7532605093583129e-06,
3324,0,1,0,-1.9556287256250471e-08,4.5294776374049661e-07,
3325,0,1,0,-0.001341456384280626,-1.9148611567487706e-06,
3326,0,1,0,-0.0026589705710202693,-4.0799702150096095e-06,
3327,0,1,0,-0.003936384871098042,-5.8037336785332627e-06,
3328,0,1,0,-0.0051357054035934269,-6.8710762013424187e-06,
3329,0,1,0,-0.0062534740931603494,-7.2085405138366809e-06,
3330,0,1,0,-0.0072712746494563163,-6.8158408819130045e-06,
3331,0,1,0,-0.008152331784723188,-5.7865319504912804e-06,
3332,0,1,0,-0.0088999283265822626,-4.3409957424245249e-06,
3333,0,1,0,-0.0094867748582601052,-2.7536774043213086e-06,
3334,0,1,0,-0.009919836306496066,-1.3427714513625233e-06,
3335,0,1,0,-0.010184906149042661,-3.7190589541324925e-07,
3336,0,1,0,-0.010266726697277129,-2.3628085266125254e-08,
3337,0,1,0,-0.010184906149042661,-3.7190589541324925e-07,
3338,0,1,0,-0.0099198363064969541,-1.3427714513625233e-06,
3339,0,1,0,-0.0094867748582601052,-2.7536774114267359e-06,
3340,0,1,0,-0.0088999283265822626,-4.3409957513063091e-06,
3341,0,1,0,-0.008152331784723188,-5.7865319451622099e-06,
3342,0,1,0,-0.0072712746494563163,-6.8158408819130045e-06,
3343,0,1,0,-0.0062534740931594612,-7.2085405129485025e-06,
3344,0,1,0,-0.0051357054035934269,-6.8710762004542403e-06,
3345,0,1,0,-0.003936384871098042,-5.8037336838623332e-06,
3346,0,1,0,-0.0026589705710202693,-4.0799702141214311e-06,
3347,0,1,0,-0.001341456384280626,-1.9148611585251274e-06,
3348,0,1,0,-1.9556286368072051e-08,4.5294776285231819e-07,
3349,0,1,0,0.0013418846174984012,2.7532605120228482e-06,
3350,0,1,0,0.0026582298296027318,4.718625826072298e-06,
3351,0,1,0,0.0039340117734294466,6.1543528140362014e-06,
3352,0,1,0,0.005135717697244857,6.9084672702501848e-06,
3353,0,1,0,0.0062546855538618829,6.9580539605595959e-06,
3354,0,1,0,0.0072674137918848913,6.3552581730519364e-06,
3355,0,1,0,0.0081486244415769349,5.2479386720705179e-06,
3356,0,1,0,0.008901432124976516,3.8486538196380593e-06,
3357,0,1,0,0.0094866466690515239,2.4032188186140502e-06,
3358,0,1,0,0.0099199474308164781,1.1645046962271977e-06,
3359,0,1,0,0.010184179206930821,3.2926817006284637e-07,
3360,0,1,0,0.010272646921039907,1.8867818418755178e-08,
3361,0,1,0,0.010183158256364955,3.164028310465028e-07,
3362,0,1,0,0.0099210418434116932,1.1516656615029319e-06,
3363,0,1,0,0.0094940654537287728,2.3886159663533135e-06,
3364,0,1,0,0.0088965209071556473,3.8398791675220423e-06,
3365,0,1,0,0.0081534651996770791,5.2433276698238274e-06,
3366,0,1,0,0.0072660359658849316,6.3538123011852576e-06,
3367,0,1,0,0.0062534689575901581,6.9562264712885735e-06,
3368,0,1,0,0.0051371468896599382,6.9071414419141774e-06,
3369,0,1,0,0.0039353149365126683,6.1540958915529131e-06,
3370,0,1,0,0.002659569042757326,4.7201900850168954e-06,
3371,0,1,0,0.001340885709456785,2.75031004193238e-06,
3372,0,1,0,-4.4160231027490227e-12,4.5367884471403386e-07,
3373,0,1,0,-0.0013416648224175987,-1.9152926302723472e-06,
3374,0,1,0,-0.0026588941524341436,-4.079919280641775e-06,
3375,0,1,0,-0.0039356732911937087,-5.8019884416893319e-06,
3376,0,1,0,-0.0051371763029646189,-6.8727514097588482e-06,
3377,0,1,0,-0.0062526053798617198,-7.2023869908122151e-06,
3378,0,1,0,-0.0072676306976768856,-6.8003661368720714e-06,
3379,0,1,0,-0.0081471438179567812,-5.7645118616278523e-06,
3380,0,1,0,-0.0088941984821344633,-4.3241059284326866e-06,
3381,0,1,0,-0.009489719507001837,-2.7535143916068705e-06,
3382,0,1,0,-0.0099190394093877643,-1.3469487498696253e-06,
3383,0,1,0,-0.010186599559364851,-3.8019719816873021e-07,
3384,0,1,0,-0.010272462093619872,-3.9994490386163761e-08,
3385,0,1,0,-0.010186599559363962,-3.8019719816873021e-07,
3386,0,1,0,-0.0099190394093877643,-1.346948753422339e-06,
3387,0,1,0,-0.009489719507001837,-2.753514413811331e-06,
3388,0,1,0,-0.0088941984821335751,-4.324106011921458e-06,
3389,0,1,0,-0.0081471438179576694,-5.7645117852445082e-06,
3390,0,1,0,-0.0072676306976768856,-6.8003661208848598e-06,
3391,0,1,0,-0.0062526053798617198,-7.202386992588572e-06,
3392,0,1,0,-0.0051371763029646189,-6.8727514097588482e-06,
3393,0,1,0,-0.0039356732911937087,-5.8019884434656888e-06,
3394,0,1,0,-0.0026588941524350318,-4.0799192788654182e-06,
3395,0,1,0,-0.0013416648224175987,-1.915292632048704e-06,
3396,0,1,0,-4.4160231027490227e-12,4.536788464903907e-07,
3397,0,1,0,0.001340885709456785,2.7503100454850937e-06,
3398,0,1,0,0.002659569042757326,4.7201901036686422e-06,
3399,0,1,0,0.0039353149365126683,6.1540959599426515e-06,
3400,0,1,0,0.0051371468896599382,6.9071413317800534e-06,
3401,0,1,0,0.0062534689532913745,6.9562264499722914e-06,
3402,0,1,0,0.0072660359700940091,6.3538122283546272e-06,
3403,0,1,0,0.0081534651996779672,5.2433276866992173e-06,
3404,0,1,0,0.0088965209071556473,3.8398792012728222e-06,
3405,0,1,0,0.0094940654537278846,2.3886159965513798e-06,
3406,0,1,0,0.0099210418434125813,1.151665682819214e-06,
3407,0,1,0,0.010183158256364067,3.1640284081646541e-07,
3408,0,1,0,0.010270113032296635,3.0385002069976963e-08,
3409,0,1,0,0.010184923007713564,3.2649020820230135e-07,
3410,0,1,0,0.0099246798842766992,1.1723572841404462e-06,
3411,0,1,0,0.009475876482349932,2.4248466301557414e-06,
3412,0,1,0,0.0088942304829577878,3.8623496481093866e-06,
3413,0,1,0,0.0081526499004755948,5.2524322153857383e-06,
3414,0,1,0,0.0072663782316322312,6.3588159768812602e-06,
3415,0,1,0,0.0062567426034725315,6.959102034187481e-06,
3416,0,1,0,0.0051330607511301807,6.9049669244591882e-06,
3417,0,1,0,0.003938425028032988,6.1587019164477397e-06,
3418,0,1,0,0.002657826874489011,4.7165822616435094e-06,
3419,0,1,0,0.0013422985985940272,2.7533884079389281e-06,
3420,0,1,0,-1.9556223307404252e-08,4.5286503524977206e-07,
3421,0,1,0,-0.001341456385142159,-1.9148196512830395e-06,
3422,0,1,0,-0.0026590345927743897,-4.0800760086057153e-06,
3423,0,1,0,-0.0039352917159201084,-5.8014984940513159e-06,
3424,0,1,0,-0.0051370415031941619,-6.8748058907885934e-06,
3425,0,1,0,-0.0062544572772029738,-7.2106706596741788e-06,
3426,0,1,0,-0.007271182230332407,-6.8155066710318124e-06,
3427,0,1,0,-0.008151347090493033,-5.7841256522195295e-06,
3428,0,1,0,-0.0088970012806397492,-4.3412194630221279e-06,
3429,0,1,0,-0.0094939403289542312,-2.768132122632494e-06,
3430,0,1,0,-0.0099197603442080506,-1.3547503927568982e-06,
3431,0,1,0,-0.010188656046815403,-3.8388369283381962e-07,
3432,0,1,0,-0.010266726697275352,-3.1895623919808713e-08,
3433,0,1,0,-0.010188656046814515,-3.8388367507025123e-07,
3434,0,1,0,-0.0099197603442080506,-1.3547503368016578e-06,
3435,0,1,0,-0.0094939403289542312,-2.7681319929584447e-06,
3436,0,1,0,-0.0088970010295135182,-4.3412191290670421e-06,
3437,0,1,0,-0.0081513473359393629,-5.7841259524238353e-06,
3438,0,1,0,-0.007271182230332407,-6.8155067705077954e-06,
3439,0,1,0,-0.0062544572772029738,-7.2106706952013155e-06,
3440,0,1,0,-0.00513704150319505,-6.8748059014467344e-06,
3441,0,1,0,-0.0039352917159192202,-5.801498498492208e-06,
3442,0,1,0,-0.0026590345927743897,-4.0800760077175369e-06,
3443,0,1,0,-0.001341456385142159,-1.9148196495066827e-06,
3444,0,1,0,-1.9556223307404252e-08,4.5286503080887996e-07,
3445,0,1,0,0.0013422985985949154,2.7533883768526835e-06,
3446,0,1,0,0.002657826874489011,4.7165821674965969e-06,
3447,0,1,0,0.0039384255797605405,6.1587015629527286e-06,
3448,0,1,0,0.0051330602137955594,6.9049674715770948e-06,
3449,0,1,0,0.0062567426034725315,6.9591022411330528e-06,
3450,0,1,0,0.0072663782316322312,6.3588161065553095e-06,
3451,0,1,0,0.0081526499004755948,5.2524322979863314e-06,
3452,0,1,0,0.0088942304829577878,3.8623497014000918e-06,
3453,0,1,0,0.0094758764823490438,2.4248466665710566e-06,
3454,0,1,0,0.0099246798842775874,1.172357302792193e-06,
3455,0,1,0,0.010184923007713564,3.264902197486208e-07,
3456,0,1,0,0.010268044359268202,2.6739281011600724e-08,
3457,0,1,0,0.010182452350692373,3.1329177652139606e-07,
3458,0,1,0,0.0099255622418450429,1.1509759634265038e-06,
3459,0,1,0,0.0094904703274822921,2.388572868383676e-06,
3460,0,1,0,0.0089051115578442364,3.8387426579689077e-06,
3461,0,1,0,0.0081418232770760213,5.2392538183454462e-06,
3462,0,1,0,0.0072736844846215121,6.3593844785714282e-06,
3463,0,1,0,0.0062480876696771048,6.9491336116556113e-06,
3464,0,1,0,0.005143344735510702,6.9129561186542787e-06,
3465,0,1,0,0.0039328981063402324,6.1501588657364437e-06,
3466,0,1,0,0.0026598119823608712,4.7212668672358404e-06,
3467,0,1,0,0.0013405706476525836,2.748857585999076e-06,
3468,0,1,0,2.0808497147584148e-08,4.5453729313749136e-07,
3469,0,1,0,-0.0013414620676774902,-1.9148200429697226e-06,
3470,0,1,0,-0.0026591933884878571,-4.0808680505932671e-06,
3471,0,1,0,-0.0039361489312081943,-5.8028558003186959e-06,
3472,0,1,0,-0.0051363191333670954,-6.8716524079803776e-06,
3473,0,1,0,-0.0062533533215987092,-7.2056134010622941e-06,
3474,0,1,0,-0.0072689604745193037,-6.804527545867245e-06,
3475,0,1,0,-0.0081470143871058553,-5.7673788429468686e-06,
3476,0,1,0,-0.0088958740594815566,-4.3267144800296364e-06,
3477,0,1,0,-0.0094891387278392969,-2.7473061052774028e-06,
3478,0,1,0,-0.0099167805956259514,-1.3320761409474358e-06,
3479,0,1,0,-0.010182626627448954,-3.5918857577144081e-07,
3480,0,1,0,-0.0102646194687388,-9.3714644933129421e-09,
3481,0,1,0,-0.010182626627449842,-3.591885935350092e-07,
3482,0,1,0,-0.0099167805956259514,-1.3320761977908546e-06,
3483,0,1,0,-0.0094891387278392969,-2.7473062349514521e-06,
3484,0,1,0,-0.0088958743106015703,-4.3267148157610791e-06,
3485,0,1,0,-0.0081470141416648545,-5.7673785418543844e-06,
3486,0,1,0,-0.0072689604745184155,-6.8045274428385483e-06,
3487,0,1,0,-0.0062533533215987092,-7.2056133664233357e-06,
3488,0,1,0,-0.0051363191333679836,-6.8716523964340581e-06,
3489,0,1,0,-0.0039361489312090825,-5.8028557967659822e-06,
3490,0,1,0,-0.0026591933884878571,-4.0808680523696239e-06,
3491,0,1,0,-0.001341462067676602,-1.9148200465224363e-06,
3492,0,1,0,2.0808496259405729e-08,4.5453730024291872e-07,
3493,0,1,0,0.0013405706476525836,2.7488576161971423e-06,
3494,0,1,0,0.0026598119823608712,4.7212669596063961e-06,
3495,0,1,0,0.0039328975546704115,6.1501592210078115e-06,
3496,0,1,0,0.005143345272784039,6.9129555715363722e-06,
3497,0,1,0,0.0062480876696762166,6.9491334011573258e-06,
3498,0,1,0,0.0072736844846215121,6.3593843506737358e-06,
3499,0,1,0,0.0081418232770760213,5.239253743738459e-06,
3500,0,1,0,0.0089051115578433482,3.838742616224522e-06,
3501,0,1,0,0.0094904703274822921,2.3885728435146802e-06,
3502,0,1,0,0.0099255622418468192,1.1509759492156491e-06,
3503,0,1,0,0.010182452350691484,3.1329177208050396e-07,
3504,0,1,0,0.010284697050428449,2.3964227047201803e-08,
3505,0,1,0,0.010168161126002495,3.3349292216655613e-07,
3506,0,1,0,0.0099291333704085716,1.1586693684506599e-06,
3507,0,1,0,0.009488943208980416,2.4074162858767068e-06,
3508,0,1,0,0.0088983614069917394,3.853451902458005e-06,
3509,0,1,0,0.0081420215230441073,5.2464527602325006e-06,
3510,0,1,0,0.0072756976236441062,6.3632029139171209e-06,
3511,0,1,0,0.0062494028045732009,6.9567436691286844e-06,
3512,0,1,0,0.0051340579563365907,6.9090322147857819e-06,
3513,0,1,0,0.0039361582030768005,6.1565904045934872e-06,
3514,0,1,0,0.002658892491755438,4.7193734644679353e-06,
3515,0,1,0,0.0013422201057817773,2.7522969423543486e-06,
3516,0,1,0,-2.0667911826421914e-12,4.535346693756992e-07,
3517,0,1,0,-0.001342278752740178,-1.915571905541924e-06,
3518,0,1,0,-0.0026583624892921875,-4.0793387388049496e-06,
3519,0,1,0,-0.0039354034351894995,-5.8007953773753229e-06,
3520,0,1,0,-0.005135856340984013,-6.8689601251392673e-06,
3521,0,1,0,-0.0062518151671788758,-7.2026463202590207e-06,
3522,0,1,0,-0.0072697996029589262,-6.8087654030435374e-06,
3523,0,1,0,-0.0081487341335169106,-5.776864283824068e-06,
3524,0,1,0,-0.0088984762404598072,-4.3397273508105627e-06,
3525,0,1,0,-0.0094891533565171216,-2.7606791217493765e-06,
3526,0,1,0,-0.0099247345935351561,-1.3612598586121294e-06,
3527,0,1,0,-0.010184847396359054,-3.9105372806602645e-07,
3528,0,1,0,-0.010277572085025,-5.2888228907477242e-08,
3529,0,1,0,-0.010184847396359054,-3.9105373161874013e-07,
3530,0,1,0,-0.0099247345935342679,-1.3612598692702704e-06,
3531,0,1,0,-0.0094891533565171216,-2.7606791119794138e-06,
3532,0,1,0,-0.0088984762404598072,-4.3397272584400071e-06,
3533,0,1,0,-0.0081487341335169106,-5.7768643495492711e-06,
3534,0,1,0,-0.0072697996029589262,-6.8087654163662137e-06,
3535,0,1,0,-0.0062518151671788758,-7.2026463202590207e-06,
3536,0,1,0,-0.0051358563409831248,-6.8689601251392673e-06,
3537,0,1,0,-0.0039354034351894995,-5.8007953747107877e-06,
3538,0,1,0,-0.0026583624892912994,-4.0793387405813064e-06,
3539,0,1,0,-0.0013422787521655266,-1.9155709720664049e-06,
3540,0,1,0,-2.6227908733744698e-12,4.5353363908873234e-07,
3541,0,1,0,0.0013422201057817773,2.7522969396898134e-06,
3542,0,1,0,0.002658892491755438,4.7193734440398316e-06,
3543,0,1,0,0.0039361582030776887,6.1565903290983215e-06,
3544,0,1,0,0.0051340579563365907,6.9090323133735865e-06,
3545,0,1,0,0.0062494028045723127,6.9567437179784974e-06,
3546,0,1,0,0.0072756976236441062,6.363202935233403e-06,
3547,0,1,0,0.0081420215230441073,5.2464527682261064e-06,
3548,0,1,0,0.0088983614069917394,3.8534519042343618e-06,
3549,0,1,0,0.009488943208980416,2.4074162858767068e-06,
3550,0,1,0,0.0099291333704085716,1.1586693648979463e-06,
3551,0,1,0,0.010168161126002495,3.3349292216655613e-07,
3552,0,1,0,0.010269674945558194,2.4778818108472933e-08,
3553,0,1,0,0.010190157697191893,3.0800629602367735e-07,
3554,0,1,0,0.0099114997155211881,1.1645594666376269e-06,
3555,0,1,0,0.009495604284602166,2.3990369228954478e-06,
3556,0,1,0,0.0088949329097989249,3.8435087921229183e-06,
3557,0,1,0,0.008154286249311582,5.2420608804837343e-06,
3558,0,1,0,0.0072620566664181041,6.3516509785088715e-06,
3559,0,1,0,0.0062607736037474382,6.9573485408369606e-06,
3560,0,1,0,0.0051360565581033413,6.9037447216757641e-06,
3561,0,1,0,0.0039363322762921982,6.1539666189602826e-06,
3562,0,1,0,0.0026590737848692925,4.719550904752623e-06,
3563,0,1,0,0.0013408386798712257,2.7500718813300296e-06,
3564,0,1,0,-1.078248601515952e-12,4.5379387358934764e-07,
3565,0,1,0,-0.0013406781172520255,-1.9144000642512538e-06,
3566,0,1,0,-0.0026592504784890281,-4.0792036539727405e-06,
3567,0,1,0,-0.0039361448535757404,-5.8032574097310885e-06,
3568,0,1,0,-0.0051361839798476083,-6.8722233166340629e-06,
3569,0,1,0,-0.0062546304845270129,-7.2075102250934719e-06,
3570,0,1,0,-0.0072687227733609916,-6.8035563849377922e-06,
3571,0,1,0,-0.0081454736886286128,-5.7635789749710398e-06,
3572,0,1,0,-0.0088941808003770717,-4.3262978950409092e-06,
3573,0,1,0,-0.0094923346613349224,-2.7568931191268575e-06,
3574,0,1,0,-0.0099214069192496979,-1.3470727715514386e-06,
3575,0,1,0,-0.010181925131043101,-3.6870343311790066e-07,
3576,0,1,0,-0.010269097204833599,-2.2651833297970825e-08,
3577,0,1,0,-0.01018192513104399,-3.6870343755879276e-07,
3578,0,1,0,-0.009921406919250586,-1.3470727981967912e-06,
3579,0,1,0,-0.0094923346613349224,-2.7568932319255168e-06,
3580,0,1,0,-0.0088941808003770717,-4.3262977733604657e-06,
3581,0,1,0,-0.0081454736886277246,-5.7635789598720066e-06,
3582,0,1,0,-0.0072687227733609916,-6.8035563858259707e-06,
3583,0,1,0,-0.0062546304845270129,-7.2075102304225425e-06,
3584,0,1,0,-0.0051361839798467201,-6.8722233201867766e-06,
3585,0,1,0,-0.0039361448535766286,-5.8032574115074453e-06,
3586,0,1,0,-0.0026592504784890281,-4.0792036521963837e-06,
3587,0,1,0,-0.0013406781175921978,-1.9144020351191671e-06,
3588,0,1,0,-7.4784622938750545e-13,4.5379596613770445e-07,
3589,0,1,0,0.0013408386798712257,2.7500718786654943e-06,
3590,0,1,0,0.0026590737848692925,4.719550898535374e-06,
3591,0,1,0,0.0039363322762921982,6.153966615407569e-06,
3592,0,1,0,0.0051360565581033413,6.9037447305575483e-06,
3593,0,1,0,0.0062607736037474382,6.957348558600529e-06,
3594,0,1,0,0.0072620566664181041,6.3516509989369752e-06,
3595,0,1,0,0.008154286249311582,5.2420609035763732e-06,
3596,0,1,0,0.0088949329097998131,3.8435088001165241e-06,
3597,0,1,0,0.009495604284602166,2.399036931777232e-06,
3598,0,1,0,0.0099114997155211881,1.1645594781839463e-06,
3599,0,1,0,0.010190157697191893,3.0800629247096367e-07,
3600,0,1,0,0.010282209369043116,1.8585406991178388e-08,
3601,0,1,0,0.010172853166642959,3.2168130470466849e-07,
3602,0,1,0,0.0099303494224027844,1.1551106533502775e-06,
3603,0,1,0,0.0094847179350496802,2.4051041531691908e-06,
3604,0,1,0,0.0088984844629740323,3.8453195072563062e-06,
3605,0,1,0,0.0081485915997348002,5.2455926384809004e-06,
3606,0,1,0,0.007269603540208891,6.3541588701809815e-06,
3607,0,1,0,0.0062533352609728254,6.9554205976984917e-06,
3608,0,1,0,0.0051391058166840864,6.9091122787412473e-06,
3609,0,1,0,0.003934071557288199,6.1515199423212152e-06,
3610,0,1,0,0.0026596410554775574,4.7203690352048966e-06,
3611,0,1,0,0.001341925509212416,2.751107391674168e-06,
3612,0,1,0,1.9703541020987814e-08,4.5429278117126159e-07,
3613,0,1,0,-0.0013418439159682549,-1.9157911790301796e-06,
3614,0,1,0,-0.002658904912111737,-4.0798693312638079e-06,
3615,0,1,0,-0.003935937592594918,-5.803846827134862e-06,
3616,0,1,0,-0.0051365604532573883,-6.8740504310937922e-06,
3617,0,1,0,-0.0062547993680279745,-7.2117713383335058e-06,
3618,0,1,0,-0.0072708985668592518,-6.8165993711843953e-06,
3619,0,1,0,-0.008154038223095128,-5.7892828220218462e-06,
3620,0,1,0,-0.0088960689032777651,-4.3389290125261937e-06,
3621,0,1,0,-0.009493681061027992,-2.7602663275061445e-06,
3622,0,1,0,-0.0099153708997778978,-1.3410078416598026e-06,
3623,0,1,0,-0.01018730223487907,-3.7601005153931055e-07,
3624,0,1,0,-0.010265854784840656,-2.6323788482329746e-08,
3625,0,1,0,-0.01018730223487907,-3.7600998581410749e-07,
3626,0,1,0,-0.0099153708997778978,-1.3410076595832265e-06,
3627,0,1,0,-0.0094936807473260387,-2.7602663745796008e-06,
3628,0,1,0,-0.0088960692111799133,-4.338929290526039e-06,
3629,0,1,0,-0.0081540382230942399,-5.7892829730121775e-06,
3630,0,1,0,-0.00727089856686014,-6.8165994253632789e-06,
3631,0,1,0,-0.0062547993680279745,-7.2117713596497879e-06,
3632,0,1,0,-0.0051365604532573883,-6.8740504364228627e-06,
3633,0,1,0,-0.003935937592594918,-5.8038468289112188e-06,
3634,0,1,0,-0.0026589049121108488,-4.0798693312638079e-06,
3635,0,1,0,-0.0013418439162045104,-1.9157901389732501e-06,
3636,0,1,0,1.9703768394663257e-08,4.5429171535715795e-07,
3637,0,1,0,0.001341925509212416,2.7511073907859895e-06,
3638,0,1,0,0.0026596410554784455,4.7203690307640045e-06,
3639,0,1,0,0.003934071557288199,6.1515199387685016e-06,
3640,0,1,0,0.0051391058166849746,6.9091122778530689e-06,
3641,0,1,0,0.0062533352609719373,6.9554206136857033e-06,
3642,0,1,0,0.007269603540208891,6.3541589154780809e-06,
3643,0,1,0,0.0081485915997348002,5.2455927699313065e-06,
3644,0,1,0,0.0088984844629740323,3.8453193900167548e-06,
3645,0,1,0,0.0094847179350505684,2.4051041611627966e-06,
3646,0,1,0,0.0099303494224027844,1.1551108149987499e-06,
3647,0,1,0,0.010172853166642959,3.2168113595076875e-07,
3648,0,1,0,0.01027490188038449,3.6533736924582172e-08,
3649,0,1,0,0.010171494406358228,3.3013739297871325e-07,
3650,0,1,0,0.0099318367511624928,1.1602055529635891e-06,
3651,0,1,0,0.0094902127791360869,2.4023391009819761e-06,
3652,0,1,0,0.0088911583674438077,3.8523518490762854e-06,
3653,0,1,0,0.0081527766736844143,5.2493318003499212e-06,
3654,0,1,0,0.007265298839636003,6.3595636419222501e-06,
3655,0,1,0,0.0062542082800991494,6.9601644954175867e-06,
3656,0,1,0,0.0051350585913558788,6.9076773563381266e-06,
3657,0,1,0,0.003935456641594115,6.1553079682141743e-06,
3658,0,1,0,0.0026593509658834336,4.7213229130704804e-06,
3659,0,1,0,0.0013409055099007361,2.7503716442112136e-06,
3660,0,1,0,-2.4467600390210009e-08,4.527600658832398e-07,
3661,0,1,0,-0.001341726244082686,-1.9134400321973999e-06,
3662,0,1,0,-0.0026584928064616875,-4.0798221316862282e-06,
3663,0,1,0,-0.0039354837404470544,-5.8010224677218503e-06,
3664,0,1,0,-0.0051350166057329005,-6.8672626598598185e-06,
3665,0,1,0,-0.0062536048504746589,-7.2038252598716213e-06,
3666,0,1,0,-0.0072670555953795457,-6.7995750256955034e-06,
3667,0,1,0,-0.0081472522230860989,-5.7668755069073541e-06,
3668,0,1,0,-0.0088953509361591188,-4.3281465398337104e-06,
3669,0,1,0,-0.0094919983022219157,-2.7581327852743698e-06,
3670,0,1,0,-0.0099190078660544856,-1.3463491583820542e-06,
3671,0,1,0,-0.010186410844699623,-3.7501005500928386e-07,
3672,0,1,0,-0.010264358027363585,-1.9839728082615693e-08,
3673,0,1,0,-0.010186410844698734,-3.750101242872006e-07,
3674,0,1,0,-0.0099190078660553738,-1.3463493298004892e-06,
3675,0,1,0,-0.0094919986159283098,-2.7581327293191293e-06,
3676,0,1,0,-0.0088953506282525296,-4.3281462449584751e-06,
3677,0,1,0,-0.0081472522230860989,-5.7668753470352385e-06,
3678,0,1,0,-0.0072670555953813221,-6.7995749670757277e-06,
3679,0,1,0,-0.0062536048504746589,-7.2038252385553392e-06,
3680,0,1,0,-0.0051350166057329005,-6.8672626536425696e-06,
3681,0,1,0,-0.0039354837404479426,-5.8010224623927797e-06,
3682,0,1,0,-0.0026584928064607993,-4.0798221316862282e-06,
3683,0,1,0,-0.001341726244082686,-1.9134400313092215e-06,
3684,0,1,0,-2.446759950203159e-08,4.5276006499506138e-07,
3685,0,1,0,0.0013409055099007361,2.7503716379939647e-06,
3686,0,1,0,0.0026593509658834336,4.7213229024123393e-06,
3687,0,1,0,0.003935456641594115,6.1553079442333569e-06,
3688,0,1,0,0.0051350585913558788,6.9076773030474214e-06,
3689,0,1,0,0.0062542082800991494,6.9601643772898569e-06,
3690,0,1,0,0.0072652988396368912,6.3595633905677573e-06,
3691,0,1,0,0.0081527771785303571,5.2493305009448932e-06,
3692,0,1,0,0.0088911578701509342,3.8523526830758215e-06,
3693,0,1,0,0.009490212779136975,2.4023389855187816e-06,
3694,0,1,0,0.0099318373818011452,1.1602024159174107e-06,
3695,0,1,0,0.010171493778933893,3.3014047673418645e-07,
3696,0,1,0,0.010274639056416568,1.5483492710188784e-08,
3697,0,1,0,0.010182457391206157,3.1245330944784655e-07,
3698,0,1,0,0.0099250590762576252,1.1609080594610077e-06,
3699,0,1,0,0.0094825111617922175,2.4055400480449407e-06,
3700,0,1,0,0.0089032276976022118,3.8482594595379283e-06,
3701,0,1,0,0.0081448474006577953,5.2447269007771524e-06,
3702,0,1,0,0.0072712262225422819,6.3552645155340315e-06,
3703,0,1,0,0.0062556872420476139,6.9578542483128558e-06,
3704,0,1,0,0.0051324842411348826,6.9029908313922306e-06,
3705,0,1,0,0.0039375916470918426,6.1563194027058898e-06,
3706,0,1,0,0.0026596583160944931,4.7194607430967039e-06,
3707,0,1,0,0.0013418419910369295,2.7515979779124677e-06,
3708,0,1,0,-9.5923269327613525e-14,4.5358171796294755e-07,
3709,0,1,0,-0.0013415134611918234,-1.9147088590187877e-06,
3710,0,1,0,-0.0026592414009298793,-4.0817044704155592e-06,
3711,0,1,0,-0.0039368564507160642,-5.8051320044327781e-06,
3712,0,1,0,-0.0051371337997370148,-6.8744441996670957e-06,
3713,0,1,0,-0.0062540660042769147,-7.2090109890510234e-06,
3714,0,1,0,-0.0072705495407019427,-6.8115158944337395e-06,
3715,0,1,0,-0.0081475227574925313,-5.7748138244662073e-06,
3716,0,1,0,-0.008900205172327702,-4.3372311164802113e-06,
3717,0,1,0,-0.0094861500479961336,-2.7543269256469216e-06,
3718,0,1,0,-0.0099230507910892385,-1.3499196525046386e-06,
3719,0,1,0,-0.010182364034009517,-3.8031782345626652e-07,
3720,0,1,0,-0.010277087252502426,-4.127853614477317e-08,
3721,0,1,0,-0.010182364034010405,-3.8031787585879329e-07,
3722,0,1,0,-0.0099230507910892385,-1.3499195699040456e-06,
3723,0,1,0,-0.0094861500479961336,-2.7543268483753991e-06,
3724,0,1,0,-0.008900205172327702,-4.337231164441846e-06,
3725,0,1,0,-0.0081475227574925313,-5.7748138360125267e-06,
3726,0,1,0,-0.0072705495407019427,-6.8115158962100963e-06,
3727,0,1,0,-0.0062540660042778029,-7.2090109917155587e-06,
3728,0,1,0,-0.0051371337997370148,-6.8744441996670957e-06,
3729,0,1,0,-0.0039368564507160642,-5.8051320124263839e-06,
3730,0,1,0,-0.0026592414009307674,-4.0817044624219534e-06,
3731,0,1,0,-0.0013415134611918234,-1.9147088607951446e-06,
3732,0,1,0,-9.5923269327613525e-14,4.5358171618659071e-07,
3733,0,1,0,0.0013418419910378176,2.751597980577003e-06,
3734,0,1,0,0.0026596583160944931,4.7194607528666666e-06,
3735,0,1,0,0.0039375916470927308,6.1563194240221719e-06,
3736,0,1,0,0.0051324842411339944,6.9029908864592926e-06,
3737,0,1,0,0.0062556872420467258,6.9578543797632619e-06,
3738,0,1,0,0.0072712262225422819,6.3552647926456984e-06,
3739,0,1,0,0.0081448468958296161,5.2447282650192051e-06,
3740,0,1,0,0.0089032281948764336,3.848258764982404e-06,
3741,0,1,0,0.0094825111617922175,2.4055400107414471e-06,
3742,0,1,0,0.0099250584456260782,1.1609111219001989e-06,
3743,0,1,0,0.010182458018622498,3.1245019460612866e-07,
3744,0,1,0,0.010266264368006262,3.6435493733222302e-08,
3745,0,1,0,0.010181339377400178,3.2605124289375453e-07,
3746,0,1,0,0.0099250156725911864,1.1586226333903937e-06,
3747,0,1,0,0.0094873452627872723,2.3956492665178075e-06,
3748,0,1,0,0.0089039157681130021,3.8404728215368777e-06,
3749,0,1,0,0.0081499996863900748,5.2440530682318354e-06,
3750,0,1,0,0.0072632034064117335,6.3558718181866425e-06,
3751,0,1,0,0.0062554804429337807,6.9564450884129769e-06,
3752,0,1,0,0.0051397411621900702,6.910278364635758e-06,
3753,0,1,0,0.0039332069353621435,6.1519635048412624e-06,
3754,0,1,0,0.0026577095652200455,4.7178233799627378e-06,
3755,0,1,0,0.0013415554021989351,2.7522926124845526e-06,
3756,0,1,0,-1.3127277043167851e-12,4.5378847346455586e-07,
3757,0,1,0,-0.0013414611324478187,-1.9151665444638866e-06,
3758,0,1,0,-0.0026587413290037887,-4.079534327239287e-06,
3759,0,1,0,-0.0039364347430153046,-5.8039863688463811e-06,
3760,0,1,0,-0.0051359707660196818,-6.8725247901468833e-06,
3761,0,1,0,-0.0062547527732101926,-7.2102682739938473e-06,
3762,0,1,0,-0.0072711027967455877,-6.8130735328963965e-06,
3763,0,1,0,-0.0081472322666780173,-5.7772472086270454e-06,
3764,0,1,0,-0.0089023974207327328,-4.3434568102185267e-06,
3765,0,1,0,-0.0094859938316798065,-2.760752227715102e-06,
3766,0,1,0,-0.0099273698058350845,-1.3583420566121163e-06,
3767,0,1,0,-0.010179493801399708,-3.7965132815287461e-07,
3768,0,1,0,-0.01027719373978897,-3.4719720432008216e-08,
3769,0,1,0,-0.010179493632419323,-3.7965170562870298e-07,
3770,0,1,0,-0.0099273699733855025,-1.358341406465513e-06,
3771,0,1,0,-0.0094859936530227174,-2.7607523218620145e-06,
3772,0,1,0,-0.0089023975960920154,-4.3434567151834358e-06,
3773,0,1,0,-0.0081472322666780173,-5.7772473036621363e-06,
3774,0,1,0,-0.0072711027967446995,-6.8130735773053175e-06,
3775,0,1,0,-0.0062547527732110808,-7.2102683041919136e-06,
3776,0,1,0,-0.00513597076602057,-6.8725247572842818e-06,
3777,0,1,0,-0.0039364346574828346,-5.8039862018688382e-06,
3778,0,1,0,-0.0026587414117056341,-4.0795341593735657e-06,
3779,0,1,0,-0.0013414611310826885,-1.9151664600869367e-06,
3780,0,1,0,-2.6334490144108713e-12,4.5378840951570965e-07,
3781,0,1,0,0.0013415554021998233,2.7522926142609094e-06,
3782,0,1,0,0.0026577095652200455,4.7178233817390947e-06,
3783,0,1,0,0.0039332069353612553,6.1519635012885487e-06,
3784,0,1,0,0.0051397411621900702,6.9102783468721896e-06,
3785,0,1,0,0.0062554804429337807,6.956445027128666e-06,
3786,0,1,0,0.0072632034064117335,6.355871668972668e-06,
3787,0,1,0,0.0081499996863900748,5.2440527165131812e-06,
3788,0,1,0,0.0089039162100359448,3.8404700628547062e-06,
3789,0,1,0,0.0094873448260450743,2.3956515260437072e-06,
3790,0,1,0,0.0099250156725911864,1.1586227177673436e-06,
3791,0,1,0,0.010181339377401066,3.2605151556452938e-07,
3792,0,1,0,0.010275965543010024,4.5231010048496501e-09,
3793,0,1,0,0.010185308711385233,3.0156003738568415e-07,
3794,0,1,0,0.0099265167067708049,1.1459164248606157e-06,
3795,0,1,0,0.0094875615425165094,2.4021258582251903e-06,
3796,0,1,0,0.008889509164593079,3.847836741677213e-06,
3797,0,1,0,0.0081540344711292789,5.2426332333155301e-06,
3798,0,1,0,0.0072733848532955392,6.3566959376260002e-06,
3799,0,1,0,0.0062493280492468273,6.9520761893926419e-06,
3800,0,1,0,0.0051385436587318978,6.9101727833142945e-06,
3801,0,1,0,0.0039352110017798481,6.1526681900403446e-06,
3802,0,1,0,0.0026594335554639414,4.719765538396814e-06,
3803,0,1,0,0.0013410920521215175,2.7503374351312004e-06,
3804,0,1,0,2.5649514512338101e-08,4.5468607368093217e-07,
3805,0,1,0,-0.0013415879631635264,-1.9162978599496228e-06,
3806,0,1,0,-0.0026589392651938937,-4.0779877865659842e-06,
3807,0,1,0,-0.0039341915274846428,-5.7984411903078126e-06,
3808,0,1,0,-0.0051347650173960702,-6.8651410698450377e-06,
3809,0,1,0,-0.0062514133819835394,-7.1981973830403945e-06,
3810,0,1,0,-0.0072688982947219927,-6.799432700432817e-06,
3811,0,1,0,-0.0081442915284259954,-5.7589003574776143e-06,
3812,0,1,0,-0.0088957249554075801,-4.3180402338194313e-06,
3813,0,1,0,-0.0094855914671265751,-2.7409511780263074e-06,
3814,0,1,0,-0.0099191232046083044,-1.3275920718314183e-06,
3815,0,1,0,-0.010176542314839665,-3.5515526164431321e-07,
3816,0,1,0,-0.010272942737143964,-1.0630074598338979e-08,
3817,0,1,0,-0.010176542454781057,-3.5515550322884337e-07,
3818,0,1,0,-0.0099191230658499663,-1.3275920940358787e-06,
3819,0,1,0,-0.0094855916457854406,-2.740951033253225e-06,
3820,0,1,0,-0.0088957247800465211,-4.3180403110909538e-06,
3821,0,1,0,-0.0081442915284259954,-5.7589002411262413e-06,
3822,0,1,0,-0.0072688982947219927,-6.7994326240494729e-06,
3823,0,1,0,-0.0062514132601636518,-7.1981990039660104e-06,
3824,0,1,0,-0.005134765135434094,-6.8651399267594115e-06,
3825,0,1,0,-0.003934191613012672,-5.7984414034706333e-06,
3826,0,1,0,-0.002658939182495601,-4.077987949102635e-06,
3827,0,1,0,-0.0013415879645286566,-1.9162979434383942e-06,
3828,0,1,0,2.5650835233648195e-08,4.5468614207067048e-07,
3829,0,1,0,0.0013410920521215175,2.7503374351312004e-06,
3830,0,1,0,0.0026594335554639414,4.7197655428377061e-06,
3831,0,1,0,0.0039352110017789599,6.1526682006984856e-06,
3832,0,1,0,0.0051385436587318978,6.9101728072951119e-06,
3833,0,1,0,0.0062493280492468273,6.9520762409069903e-06,
3834,0,1,0,0.0072733848532964274,6.3566960442074105e-06,
3835,0,1,0,0.0081540344711292789,5.2426334535837782e-06,
3836,0,1,0,0.0088895087226807945,3.8478396326979691e-06,
3837,0,1,0,0.009487561979247161,2.4021235782711869e-06,
3838,0,1,0,0.0099265167067699167,1.1459161592952682e-06,
3839,0,1,0,0.010185308711385233,3.0155993080427379e-07,
