edge,v0,v1,l0,lfinal,scale
0,0,48,0.078520447780536476,0.0618252345450288,0.78737750856731537
1,48,49,0.026162016393723571,0.020616986095160328,0.7880503469184611
2,49,0,0.082698769654117182,0.065170946037733407,0.78805218397210886
3,49,50,0.026160650639782988,0.020686524945777166,0.79074963503846429
4,50,2,0.077983997733131222,0.061824217917425005,0.79278082317597331
5,2,49,0.08244443059257904,0.065193064402671835,0.79075158787669486
6,50,51,0.02616061875987221,0.020827956965969036,0.79615689357917829
7,51,3,0.077323564831307465,0.061824046261405627,0.79954987068022176
8,3,50,0.081941396159382923,0.065238252712876824,0.79615744630446528
9,51,52,0.026162224480508138,0.021041971011616041,0.80428829846992245
10,52,4,0.076414852220282312,0.061823882188584589,0.80905583655863
11,4,51,0.081198140480154321,0.065306751937496632,0.80428876266517813
12,52,53,0.026160087575210222,0.021324745620665306,0.81516338809480993
13,53,5,0.075273926066357216,0.06182388338993474,0.82131870384220851
14,5,52,0.080227248298681469,0.065398409846978617,0.81516456358448275
15,53,54,0.026161768934948391,0.021683025439255509,0.82880578500523638
16,54,6,0.073920927942596734,0.061824710492079202,0.83636274885630701
17,6,53,0.079048493078896387,0.065515881647655316,0.82880620611281608
18,54,55,0.02616158393180178,0.022112727905825202,0.84523658672459712
19,55,7,0.072375763927099643,0.061823728381167356,0.85420484740498481
20,7,54,0.077682304443155645,0.065659913332625261,0.84523642550630285
21,55,56,0.026159938492947975,0.022614253439735589,0.86446126185777505
22,56,8,0.070668410852937652,0.061823625562582259,0.87484103316315454
23,8,55,0.076151156409591622,0.065829752996734547,0.86446163263310549
24,56,57,0.026162735822670022,0.023192409245958036,0.8864672793837487
25,57,9,0.068825005695953234,0.061821960356719684,0.89824853236960478
26,9,56,0.074487016566804995,0.066030311296999974,0.88646739177396805
27,57,58,0.026160369835299846,0.02383759211418484,0.91121005797170596
28,58,10,0.066879522219549237,0.061820657308424801,0.92435853691482106
29,10,57,0.07271422908573423,0.066257922867711455,0.91120986498515411
30,58,59,0.026161695163189239,0.024555266862269175,0.9385961692887399
31,59,11,0.064866012715019739,0.06182068540789374,0.95305203480742307
32,11,58,0.070869581627979503,0.066517857587047549,0.93859531916280026
33,59,60,0.026160519068005983,0.025335627350080273,0.96846806763346893
34,60,12,0.062816373926045263,0.061819647508351762,0.98413269733036546
35,12,59,0.068985627130340094,0.066810385635294553,0.96846819278839513
36,60,61,0.026162508628672042,0.026177790764925286,1.0005841235055148
37,61,13,0.060766813671486022,0.061818726775885458,1.0173106510090562
38,13,60,0.067093929349595946,0.067133117634833553,1.0005840809387301
39,61,62,0.026159893538745298,0.027064900488538535,1.0345952076774638
40,62,14,0.058751227179091765,0.061816518118800977,1.0521740751110655
41,14,61,0.065226900680697725,0.067483482679889351,1.0345958795472772
42,62,63,0.026162257887379973,0.027994317414421769,1.0700268124765155
43,63,15,0.056805822247751984,0.061815119206614776,1.0881828087447678
44,15,62,0.063417693043593695,0.067858609265458433,1.0700264549013478
45,63,64,0.026160806904299418,0.028940659656367058,1.1062602068138343
46,64,15,0.061699418326825808,0.068255588469275194,1.1062598371304073
47,64,65,0.026161726812446124,0.029890347697180672,1.1425219715604056
48,65,17,0.053255064003505395,0.061812696465590955,1.1606914313636403
49,17,64,0.060096442906383912,0.068661543233443617,1.1425225839140283
50,65,66,0.026159966856869488,0.030813548995554493,1.1778894508600264
51,66,18,0.051711819909564215,0.061813435513686545,1.1953444226443481
52,18,65,0.058636200662076025,0.069067048161267547,1.177890916897995
53,66,67,0.026161872367955624,0.031690041338467097,1.2113063198520397
54,67,18,0.05734495598894758,0.069462394056005017,1.2113078274816864
55,67,68,0.026161195268037517,0.032482536997188768,1.2416304631491497
56,68,20,0.049215975726998387,0.061812446204636641,1.2559427155830665
57,20,67,0.056237877247063812,0.069826751591667277,1.2416320638295952
58,68,69,0.026161342661269803,0.033164596968743375,1.2676947585660976
59,69,21,0.048307184567333815,0.061811973867906177,1.2795606786346341
60,21,68,0.05533462979223492,0.070147544155504934,1.2676969994899776
61,69,70,0.026160618759872176,0.033705169942276805,1.2883934532151522
62,70,22,0.047646751699773206,0.061811733430441586,1.2972916563110808
63,22,69,0.054644728715942802,0.070404028108978389,1.2883956012474036
64,70,71,0.026160650639783008,0.03408155291315642,1.3027792535606106
65,71,23,0.047246432232662908,0.061812273869738962,1.3082950595157583
66,23,70,0.054180128416235041,0.070584899116186359,1.3027820564381616
67,71,72,0.026162006073432168,0.034276343990515795,1.3101573286967407
68,72,23,0.053947718416503629,0.070680150715045575,1.3101601474479259
69,72,73,0.026162006073432168,0.034276343991123316,1.3101573287199622
70,73,25,0.047246432232662908,0.061812273871700373,1.3082950595572729
71,25,72,0.053947718416503629,0.070680150716035658,1.3101601474662785
72,73,74,0.026160650639783008,0.034081552915810692,1.3027792536620713
73,74,25,0.054180128416235041,0.070584899121421199,1.3027820565347807
74,26,74,0.047646751699773206,0.061811733435133916,1.2972916564095625
75,74,75,0.026160618759872176,0.033705169945786984,1.2883934533493302
76,75,26,0.054644728715942802,0.070404028113184663,1.2883956013243785
77,27,75,0.048307184567333815,0.061811973871773521,1.2795606787146914
78,75,76,0.026161342661269803,0.033164596971081907,1.2676947586554865
79,76,27,0.05533462979223492,0.070147544158668862,1.2676969995471556
80,28,76,0.049215975726998387,0.061812446207136267,1.2559427156338554
81,76,77,0.026161195268037517,0.032482536998613462,1.2416304632036081
82,77,28,0.056237877247063812,0.069826751593849268,1.2416320638683946
83,77,78,0.026161872367955624,0.03169004133942753,1.211306319888751
84,78,30,0.051711819909564215,0.061813435515195414,1.1953444226735266
85,30,77,0.05734495598894758,0.069462394058003654,1.2113078275165394
86,78,79,0.026159966856869488,0.030813548996306971,1.1778894508887909
87,79,30,0.058636200662076025,0.069067048162848241,1.1778909169249525
88,31,79,0.053255064003505395,0.0618126964671585,1.160691431393075
89,79,80,0.026161726812446124,0.029890347697850896,1.1425219715860242
90,80,31,0.060096442906383912,0.068661543235152306,1.1425225839424606
91,80,81,0.026160806904299418,0.028940659657174073,1.1062602068446825
92,81,33,0.056805822247751984,0.061815119206764732,1.0881828087474077
93,33,80,0.061699418326825808,0.068255588469035594,1.106259837126524
94,81,82,0.026162257887379973,0.027994317414508238,1.0700268124798207
95,82,34,0.058751227179091765,0.061816518118919202,1.0521740751130779
96,34,81,0.063417890684982811,0.067858887493626188,1.0700275073906707
97,82,83,0.026159893538745298,0.027064900488024561,1.0345952076578164
98,83,34,0.065226900680697725,0.067483482680602391,1.0345958795582089
99,35,83,0.060766813671486022,0.061818726776120235,1.0173106510129197
100,83,84,0.026162508628672042,0.026177790764729369,1.0005841234980264
101,84,35,0.067093929349595946,0.067133117635280043,1.0005840809453848
102,36,84,0.062816373926045263,0.061819647508567339,0.98413269733379727
103,84,85,0.026160519068005983,0.02533562734999531,0.9684680676302212
104,85,36,0.068985627130340094,0.066810385635612882,0.96846819279300955
105,37,85,0.064866012715019739,0.061820685408093497,0.9530520348105026
106,85,86,0.026161695163189239,0.024555266862227598,0.93859616928715073
107,86,37,0.070869581627979503,0.066517857587287968,0.93859531916619265
108,38,86,0.066879522219549237,0.061820657308600091,0.92435853691744208
109,86,87,0.026160369835299846,0.023837592114145496,0.91121005797020205
110,87,38,0.07271422908573423,0.066257922867876767,0.91120986498742762
111,39,87,0.068825005695953234,0.061821960356847581,0.89824853237146307
112,87,88,0.026162735822670022,0.023192409245886184,0.88646727938100234
113,88,39,0.074487016566804995,0.066030311297063479,0.88646739177482059
114,40,88,0.070668410852937652,0.061823625562625086,0.87484103316376061
115,88,89,0.026159938492947975,0.022614253439588339,0.86446126185214622
116,89,40,0.076151156409591622,0.065829752996628341,0.86446163263171083
117,41,89,0.072375763927099643,0.061823728381053926,0.85420484740341762
118,89,90,0.02616158393180178,0.022112727905534466,0.84523658671348401
119,90,41,0.077682304443155645,0.06565991333222046,0.84523642550109179
120,42,90,0.073920927942596734,0.061824710491683331,0.83636274885095174
121,90,91,0.026161768934948391,0.021683025438706784,0.82880578498426205
122,91,42,0.079048493078896387,0.065515881646722951,0.82880620610102129
123,43,91,0.075273926066357216,0.061823883389037181,0.8213187038302846
124,91,92,0.026160087575210222,0.021324745619662078,0.81516338805646038
125,92,43,0.080227248298681469,0.065398409845119451,0.81516456356130906
126,44,92,0.076414852220282312,0.061823882186806255,0.80905583653535784
127,92,93,0.026162224480508138,0.021041971011601362,0.80428829846936134
128,93,44,0.081198140480154321,0.065306751939553362,0.80428876269050786
129,45,93,0.077323564831307465,0.061824046263330747,0.79954987070511874
130,93,94,0.02616061875987221,0.020827956966914443,0.79615689361531683
131,94,45,0.081941396159382923,0.065238252713983896,0.7961574463179758
132,46,94,0.077983997733131222,0.061824217918448103,0.7927808231890926
133,94,95,0.026160650639782988,0.020686524946238575,0.79074963505610185
134,95,46,0.08244443059257904,0.06519306440316934,0.79075158788272926
135,0,47,0.026162054846329004,0.02061711843579592,0.78805424714904859
136,47,95,0.078384317187362912,0.061823879373703969,0.78872766379945181
137,95,0,0.082698769654117182,0.065170946038169655,0.78805218397738397
138,48,96,0.078518328893159101,0.061823502566133344,0.78737669837901647
139,96,97,0.026161976717914384,0.020616998038137879,0.78805199853344465
140,97,48,0.082700013579105475,0.065171826115323531,0.78805097236150246
141,97,98,0.026160533211430331,0.020686449930786412,0.79075031703665255
142,98,50,0.077984480624824964,0.061824452317055828,0.79277891987877291
143,50,97,0.082446769415992466,0.065194804568181511,0.7907502626238192
144,98,99,0.026160512416771305,0.020827859661736729,0.79615641046786778
145,99,50,0.081941349101421035,0.065238125880338491,0.79615635568303234
146,99,100,0.026161541961897631,0.021041370417677334,0.80428632411356138
147,100,52,0.076417405394580987,0.061825802167355691,0.80905393016314009
148,52,99,0.08119858462634999,0.065307027344806215,0.80428775508007122
149,100,101,0.026161486001920631,0.021325845621633761,0.81516186122103829
150,101,52,0.080227395056436987,0.065398429030195285,0.81516331153703703
151,101,102,0.026161275462902287,0.021682602145139857,0.82880523833352993
152,102,54,0.073918290486874677,0.061822438239728161,0.83636185080207825
153,54,101,0.079046866392317838,0.065514493999557846,0.82880570716620927
154,102,103,0.026161066451176829,0.022112257115060197,0.84523531012496245
155,103,54,0.077680772781749646,0.065658569214182477,0.84523578825168855
156,103,104,0.026160503624906704,0.02261471232177558,0.86446012836865749
157,104,56,0.070667768753661458,0.06182301465100494,0.87484033727613264
158,56,103,0.076150536483108058,0.065829126672220212,0.86446044522381826
159,104,105,0.026163346071882324,0.023192950173243972,0.88646727790561053
160,105,56,0.074485346890586168,0.066028846903848026,0.88646760282716874
161,57,105,0.068825066836399704,0.061822029994833667,0.89824874622769968
162,105,106,0.026160739628105396,0.02383795432746301,0.91121102332493165
163,106,57,0.072715928565532523,0.066259531504248001,0.91121069085343609
164,58,106,0.066881647706020952,0.061822678052463546,0.92435937470030394
165,106,107,0.026160636649323298,0.024554289515931724,0.93859678742057207
166,107,58,0.07087177028719964,0.066519969708872126,0.9385961355178184
167,59,107,0.064865552318916928,0.061820300395383831,0.95305286373635023
168,107,108,0.026161490588808584,0.025336581715817895,0.96846858285117854
169,108,59,0.068985275375560567,0.066810074284410395,0.96846861769691828
170,108,109,0.026161490588808584,0.026176785810563295,1.0005846464177104
171,109,61,0.060765127730502473,0.06181701147560472,1.0173106481363361
172,61,108,0.067092587368867279,0.067131815855214091,1.0005846918100079
173,109,110,0.026160636649323301,0.027065682486722666,1.0345957114703008
174,110,62,0.058751253561472379,0.061816538639504211,1.0521739519110784
175,62,109,0.06522614850320739,0.067482657595273929,1.0345951607422532
176,110,111,0.02616103587141351,0.027993025318583241,1.0700274047317664
177,111,63,0.056805613219823525,0.061814913712385573,1.0881831954384034
178,63,110,0.063418344403199142,0.067859365036669367,1.0700273820652781
179,111,112,0.026161293810596422,0.028941213255804066,1.106260778436029
180,112,64,0.054962911295814057,0.061813383936890343,1.1246380964830371
181,64,111,0.061697313995612062,0.068253284786459437,1.1062602302478457
182,112,113,0.026160503624906795,0.029888966462195556,1.1425225940122568
183,113,65,0.053256912130828761,0.061814811486227986,1.1606908664621081
184,65,112,0.060096811112831293,0.068661961141359446,1.1425225377174697
185,113,114,0.026161301684811417,0.030815148036854288,1.1778904738040912
186,114,66,0.05171040342704173,0.061811716031520574,1.1953439140874389
187,66,113,0.058637322141093462,0.069068286579832674,1.1778895088974248
188,114,115,0.026161275462902214,0.031689364152537744,1.2113080724016911
189,115,67,0.050356914498289704,0.061812289746903108,1.2274836606401385
190,67,114,0.057344887630777934,0.06946228170061676,1.2113073121331783
191,115,116,0.026161312081829306,0.032482732765065199,1.2416324022076293
192,116,68,0.049215025743223569,0.061811231129274391,1.2559422695778066
193,68,115,0.056238258020577962,0.069827178179301244,1.2416312424497751
194,116,117,0.026161680255917405,0.033165076443997847,1.2676967274109381
195,117,69,0.0483068197346644,0.061811436040515533,1.2795592088245127
196,69,116,0.055334117417123636,0.070146836140848531,1.2676959426688346
197,117,118,0.026160512416771305,0.033705090333556259,1.2883956474777682
198,118,70,0.047646199424737155,0.061810980923690251,1.2972908997983785
199,70,117,0.054644681282326649,0.070403893199289011,1.28839425076964
200,118,119,0.026160472127072305,0.034081382418196644,1.3027816261361485
201,119,71,0.047245316708429505,0.061810727012024641,1.3082932091128596
202,71,118,0.054179398218538531,0.07058387248720821,1.302780665863073
203,119,120,0.026162126400132199,0.034276552714011241,1.3101592810069917
204,120,71,0.053946424706034064,0.070678356909094048,1.3101583152958878
205,120,121,0.026162126400132199,0.034276552721706849,1.3101592813011425
206,121,73,0.047245316708429505,0.061810727026997629,1.3082932094297797
207,73,120,0.053946424706034064,0.070678356910346754,1.310158315319109
208,121,122,0.026160472127072305,0.034081382428007685,1.3027816265111816
209,122,74,0.047646199424737155,0.061810980931324637,1.2972908999586092
210,74,121,0.054179906932709909,0.070584510759322011,1.3027802142035092
211,122,123,0.026160512416771305,0.033705090336443491,1.2883956475881342
212,123,75,0.0483068197346644,0.061811436044613227,1.2795592089093391
213,75,122,0.054644138977015512,0.070403227243988856,1.2883948500607165
214,123,124,0.026161680255917405,0.033165076445100208,1.2676967274530746
215,124,75,0.055334117417123636,0.070146836144701033,1.2676959427384573
216,76,124,0.049215025743223569,0.061811231131589733,1.2559422696248521
217,124,125,0.026161312081829306,0.032482732765606613,1.2416324022283245
218,125,76,0.056238258020577962,0.069827178181553914,1.2416312424898308
219,77,125,0.050356914498289704,0.061812289748329141,1.2274836606684569
220,125,126,0.026161275462902214,0.031689364152838864,1.2113080724132015
221,126,77,0.057344887630777934,0.069462281702082559,1.2113073121587394
222,78,126,0.05171040342704173,0.061811716032555253,1.195343914107448
223,126,127,0.026161301684811417,0.0308151480371174,1.1778904738141485
224,127,78,0.058637322141093462,0.069068286581058194,1.1778895089183248
225,79,127,0.053256912130828761,0.061814811487230614,1.1606908664809343
226,127,128,0.026160503624906795,0.029888966462467716,1.1425225940226602
227,128,79,0.060096811112831293,0.068661961142443106,1.1425225377355017
228,80,128,0.054962911295814057,0.061813383937836634,1.124638096500254
229,128,129,0.026161293810596422,0.028941213256023085,1.106260778444401
230,129,80,0.061697313995612062,0.068253284787429161,1.1062602302635631
231,81,129,0.056805613219823525,0.061814913713630779,1.0881831954603238
232,129,130,0.02616103587141351,0.027993025318677731,1.0700274047353782
233,130,81,0.063418344403199142,0.067859365037826552,1.0700273820835251
234,130,131,0.026160636649323301,0.027065682486664223,1.0345957114680668
235,131,83,0.060765127730502473,0.061817011475142951,1.0173106481287368
236,83,130,0.065225174164278463,0.06748168853128568,1.034595758400336
237,131,132,0.026161490588808584,0.026176785810457473,1.0005846464136654
238,132,83,0.067092587368867279,0.067131815854750226,1.0005846918030941
239,132,133,0.026161490588808584,0.02533658171574844,0.96846858284852377
240,133,85,0.064865552318916928,0.061820300395257849,0.95305286373440801
241,85,132,0.068985275375560567,0.06681007428422471,0.96846861769422654
242,133,134,0.026160636649323298,0.024554289515905429,0.93859678741956687
243,134,86,0.066881647706020952,0.061822678052418659,0.92435937469963281
244,86,133,0.07087177028719964,0.066519969708762033,0.93859613551626497
245,134,135,0.026160739628105396,0.023837954327470868,0.91121102332523196
246,135,87,0.068825066836399704,0.061822029994796891,0.89824874622716533
247,87,134,0.072715928565532523,0.066259531504177321,0.91121069085246409
248,135,136,0.026163346071882324,0.023192950173301748,0.88646727790781887
249,136,88,0.070667768753661458,0.061823014651004184,0.87484033727612198
250,88,135,0.074485346890586168,0.066028846903735644,0.88646760282565995
251,136,137,0.026160503624906704,0.022614712321929815,0.86446012837455322
252,137,88,0.076150536483108058,0.065829126672393143,0.86446044522608922
253,137,138,0.026161066451176829,0.022112257115367843,0.84523531013672215
254,138,90,0.073918290486874677,0.061822438239755619,0.83636185080244974
255,90,137,0.077680772781749646,0.065658569213919202,0.84523578824829937
256,138,139,0.026161275462902287,0.021682602145706102,0.82880523835517428
257,139,90,0.079046866392317838,0.065514494000094584,0.8288057071729994
258,139,140,0.026161486001920631,0.021325845622646826,0.81516186125976176
259,140,92,0.076417405394580987,0.061825802167361527,0.80905393016321647
260,92,139,0.080227395056436987,0.065398429029309396,0.81516331152599475
261,140,141,0.026161541961897631,0.021041370417688238,0.80428632411397816
262,141,93,0.077323860315883272,0.061824197825649352,0.79954877541143532
263,93,140,0.081200096557455095,0.065308171305033191,0.80428686755098633
264,141,142,0.026160512416771305,0.020827859660777659,0.79615641043120688
265,142,94,0.077984480624824964,0.061824452317032187,0.79277891987846971
266,94,141,0.081941349101421035,0.065238125879396244,0.79615635567153331
267,142,143,0.026160533211430331,0.020686449930311848,0.79075031701851206
268,143,94,0.082446769415992466,0.065194804568746323,0.79075026263066983
269,143,96,0.026161976717914384,0.020616998037994643,0.7880519985279697
270,48,143,0.082700013579105475,0.065171826114870754,0.78805097235602761
271,96,144,0.078520568411254196,0.061825311843055383,0.78737728335387447
272,144,145,0.026162015705704273,0.02061701821138406,0.78805159523273272
273,145,96,0.082700057134037178,0.065171948395913656,0.78805203592889161
274,97,145,0.078384070939121669,0.061823624359402619,0.78872688824007364
275,145,146,0.02616054674323999,0.020686468492965373,0.79075061756157117
276,146,97,0.082443419919325175,0.065192182121528428,0.79075058003806842
277,98,146,0.077984386375393067,0.061824402414952788,0.79277923810734319
278,146,147,0.026160658361290348,0.020827998703302222,0.79615728379837691
279,147,98,0.081942990939688057,0.065239487394380069,0.79615701899870661
280,147,148,0.026161451294443128,0.021041326783815987,0.80428744365131266
281,148,100,0.07641428062858191,0.061823202870828549,0.80905299850070522
282,100,147,0.081198164347655311,0.065306623044095666,0.80428693885838409
283,148,149,0.026161499533237594,0.02132588333234154,0.81516288105914902
284,149,101,0.07527641509038327,0.061825865450059303,0.8213178772637606
285,101,148,0.080228931596759714,0.065399606250782269,0.81516237283937143
286,149,150,0.026161662825865621,0.021682957401549331,0.82880654589400693
287,150,102,0.073920467882721982,0.061824283350075698,0.83636217573950689
288,102,149,0.079050341236386559,0.065517377756100156,0.82880575505906562
289,150,151,0.026160359590810329,0.02211168927971531,0.84523644267805687
290,151,102,0.077683463538378614,0.065660831723435925,0.84523563616595121
291,103,151,0.072376642888663092,0.061824398026865394,0.85420372594470562
292,151,152,0.026161987573343995,0.022616037518505407,0.86446174837069734
293,152,103,0.076150790820613462,0.065829420379564352,0.86446141491343265
294,104,152,0.070666116555140671,0.061821638588088139,0.87484131860916403
295,152,153,0.026160567461420998,0.023190502333517545,0.88646786304297831
296,153,104,0.074485791727736422,0.066029162351134249,0.88646654374685041
297,153,154,0.026160653621355411,0.023837831133733306,0.91120930993383353
298,154,106,0.066878725948399276,0.061819955190917063,0.92435904413930758
299,106,153,0.072714722549294286,0.066258401870681577,0.91121026867377675
300,154,155,0.026161658009664995,0.024555213555573264,0.93859546464913435
301,155,106,0.070868722468480749,0.066517131481128422,0.93859645220375287
302,107,155,0.064864220383099594,0.061819006687407835,0.95305248906552509
303,155,156,0.026161310552856285,0.025336389074287785,0.96846788401896655
304,156,107,0.068984226826625195,0.066809032046096714,0.96846822990427517
305,108,156,0.062814807438400261,0.061818145581008538,0.98413332941648979
306,156,157,0.026161310552856507,0.026176585767632897,1.0005838856866718
307,157,108,0.067092079800489021,0.06713127837077279,1.0005842503377498
308,109,157,0.060765394494348327,0.061817255582637468,1.0173101992843472
309,157,158,0.026161658009664884,0.027066737090516341,1.0345956315351685
310,158,109,0.065225733178300535,0.067482285322711624,1.0345960410784896
311,110,158,0.058750888938901721,0.061816207592452432,1.0521748472050951
312,158,159,0.026160211503972405,0.027992151398604379,1.070027717258853
313,159,110,0.06341826471024356,0.06785927940137175,1.0700273763626154
314,111,159,0.056807379388311929,0.06181683529780492,1.08818318963898
315,159,160,0.026160986179221756,0.028940866340476733,1.1062605263506038
316,160,111,0.061698466059146813,0.068254579347219291,1.1062605556803877
317,112,160,0.054963888526415094,0.061814501151841617,1.1246384273218621
318,160,161,0.026161599297815447,0.029890219978799745,1.1425226584406729
319,161,112,0.060096192109377652,0.068661274996538013,1.142522888498019
320,113,161,0.053255323733635916,0.061812986826108772,1.1606912228207498
321,161,162,0.026160710576968196,0.030814456047872356,1.1778906370762461
322,162,113,0.058636609758823136,0.069067495822630304,1.1778903334744317
323,114,162,0.051711498744582376,0.061813068584646705,1.1953447508833348
324,162,163,0.026161354969484504,0.031689456057470082,1.2113079041369892
325,163,114,0.057345498875477081,0.069463064330125335,1.2113080484478991
326,115,163,0.050357513100769281,0.061813062095813741,1.2274844067879409
327,163,164,0.026161758920348718,0.032483288674270326,1.2416324442545297
328,164,115,0.056238441987281902,0.069827475566583835,1.2416324688079914
329,116,164,0.049215724426234238,0.061812169686572341,1.2559435100710135
330,164,165,0.02616124480693436,0.033164532642134092,1.267697041439841
331,165,116,0.055335208774738333,0.070148276688483335,1.2676969734413919
332,117,165,0.048308100156026199,0.061813124676109166,1.2795602492431755
333,165,166,0.026160808433301853,0.033705468857227971,1.2883955380492758
334,166,117,0.054645135120793643,0.070404534601847424,1.2883952880017127
335,118,166,0.047647580247236539,0.06181282201501849,1.2972919441927695
336,166,167,0.026160546743240032,0.034081462647680416,1.3027809771019856
337,167,118,0.054180352113676424,0.070585151760391235,1.3027813405918018
338,167,168,0.026161985203497131,0.034276350745746718,1.3101586320431418
339,168,120,0.047112969619132035,0.061813473356896881,1.312026685148608
340,120,167,0.053946998197002743,0.070679144878775885,1.3101589938456069
341,168,169,0.026161985203497131,0.034276350738812515,1.3101586317780931
342,169,121,0.047245934119127454,0.061811566780698379,1.3082938867256737
343,121,168,0.053948310689462903,0.07068086044168137,1.3101589194985979
344,169,170,0.026160546743240032,0.034081462637636645,1.3027809767180574
345,170,122,0.047647580247236539,0.061812822013223453,1.2972919441550963
346,122,169,0.054180352113676424,0.070585151750583636,1.3027813404107842
347,170,171,0.026160808433301853,0.033705468852550262,1.2883955378704697
348,171,123,0.048308100156026199,0.061813124674620683,1.2795602492123632
349,123,170,0.054645135120793643,0.070404534596912774,1.2883952879114089
350,171,172,0.02616124480693436,0.033164532639738779,1.2676970413482813
351,172,124,0.049215724426234238,0.061812169685650988,1.2559435100522927
352,124,171,0.055335208774738333,0.070148276685996352,1.2676969733964478
353,172,173,0.026161758920348718,0.032483288672863653,1.2416324442007616
354,173,125,0.050357513100769281,0.06181306209508864,1.2274844067735418
355,125,172,0.056238441987281902,0.069827475565180055,1.2416324687830302
356,173,174,0.026161354969484504,0.03168945605637892,1.2113079040952803
357,174,126,0.051711498744582376,0.061813068583830774,1.1953447508675563
358,126,173,0.057345498875477081,0.069463064329173776,1.2113080484313057
359,174,175,0.026160710576968196,0.030814456047473331,1.1778906370609932
360,175,127,0.053255323733635916,0.061812986826652046,1.1606912228309512
361,127,174,0.058636609758823136,0.069067495821787964,1.1778903334600663
362,175,176,0.026161599297815447,0.029890219978941639,1.1425226584460966
363,176,128,0.054963888526415094,0.061814501152154623,1.1246384273275569
364,128,175,0.060096192109377652,0.068661274997111471,1.1425228885075613
365,176,177,0.026160986179221756,0.02894086634047625,1.1062605263505854
366,177,129,0.056807379388311929,0.0618168352979587,1.0881831896416869
367,129,176,0.061698466059146813,0.068254579347489769,1.1062605556847716
368,177,178,0.026160211503972405,0.027992151398536568,1.0700277172562609
369,178,130,0.058750888938901721,0.061816207592357564,1.0521748472034804
370,130,177,0.06341826471024356,0.067859279401330783,1.0700273763619692
371,178,179,0.026161658009664884,0.027066737090410884,1.0345956315311375
372,179,131,0.060765394494348327,0.061817255582357997,1.017310199279748
373,131,178,0.065225733178300535,0.067482285322443186,1.0345960410743742
374,179,180,0.026161310552856507,0.026176585767513694,1.0005838856821154
375,180,132,0.062814807438400261,0.0618181455807566,0.984133329412479
376,132,179,0.067092079800489021,0.067131278370506892,1.0005842503337865
377,180,181,0.026161310552856285,0.025336389074170986,0.9684678840145019
378,181,133,0.064864220383099594,0.061819006687205337,0.95305248906240325
379,133,180,0.068984226826625195,0.066809032045873962,0.96846822990104608
380,181,182,0.026161658009664995,0.024555213555463782,0.93859546464494958
381,182,134,0.066878725948399276,0.061819955190777716,0.92435904413722403
382,134,181,0.070868722468480749,0.066517131480972311,0.93859645220155008
383,182,183,0.026160653621355411,0.023837831133649991,0.91120930993064875
384,183,135,0.068826158637546916,0.061822982060119727,0.89824833005271443
385,135,182,0.072714130838200219,0.066257847857141894,0.91121006458257037
386,183,184,0.026160567461420998,0.023190502333462471,0.88646786304087311
387,184,136,0.070666116555140671,0.061821638588151671,0.87484131861006309
388,136,183,0.074485791727736422,0.066029162351185638,0.8864665437475403
389,184,185,0.026161987573343995,0.022616037518465873,0.86446174836918621
390,185,137,0.072376642888663092,0.061824398027115431,0.8542037259481603
391,137,184,0.076150790820613462,0.065829420379805742,0.86446141491660256
392,185,186,0.026160359590810329,0.022111689279694202,0.84523644267725007
393,186,138,0.073920467882721982,0.061824283350626792,0.83636217574696214
394,138,185,0.077683463538378614,0.065660831723993923,0.84523563617313424
395,186,187,0.026161662825865621,0.021682957401542018,0.82880654589372738
396,187,138,0.079050341236386559,0.065517377756697387,0.82880575506662069
397,139,187,0.07527641509038327,0.061825865451101934,0.8213178772776113
398,187,188,0.026161499533237594,0.021325883332324203,0.81516288105848633
399,188,139,0.080228931596759714,0.065399606251840867,0.8151623728525661
400,140,188,0.07641428062858191,0.06182320287267256,0.80905299852483703
401,188,189,0.026161451294443128,0.021041326783718502,0.80428744364758631
402,189,140,0.081198164347655311,0.065306623045838341,0.80428693887984604
403,189,190,0.026160658361290348,0.020827998703149584,0.79615728379254225
404,190,142,0.077984386375393067,0.061824402413751284,0.79277923809193618
405,142,189,0.081942990939688057,0.065239487393083037,0.79615701898287816
406,190,191,0.02616054674323999,0.020686468492855711,0.7907506175573793
407,191,143,0.078384070939121669,0.061823624358858097,0.78872688823312675
408,143,190,0.082443419919325175,0.065192182120851191,0.79075058002985388
409,191,144,0.026162015705704273,0.020617018211345706,0.78805159523126667
410,96,191,0.082700057134037178,0.065171948395792406,0.78805203592742545
411,192,193,0.026161896525199218,0.020616924895119158,0.78805161832441595
412,193,145,0.078384653911635557,0.061824048251351807,0.78872643006177179
413,145,192,0.082698706049859821,0.065170890086817035,0.78805211350616411
414,193,194,0.026160599953000119,0.020686485894731776,0.7907496743919068
415,194,146,0.077985755840498661,0.061825473767682999,0.79277905434592855
416,146,193,0.082445369351428432,0.065193685764494358,0.79075012068418638
417,194,195,0.026160636878675186,0.020827961105331527,0.7961565003912201
418,195,146,0.081941801569439809,0.065238534793321201,0.79615694973506546
419,147,195,0.077322850635458781,0.061823417334910515,0.79954912198438111
420,195,196,0.026162531256426542,0.021042215958498298,0.80428823007443151
421,196,147,0.081197520883285759,0.06530623775979548,0.80428856754958578
422,148,196,0.076415434015054087,0.061824261216267988,0.80905463684323786
423,196,197,0.026160203017814295,0.02132485458438926,0.81516395610032877
424,197,148,0.080228916041296769,0.06539962920547987,0.81516281700498461
425,149,197,0.075273969613892475,0.061823890623077554,0.82131832478338451
426,197,198,0.026162445790683626,0.021683617485569993,0.82880697236997114
427,198,149,0.079049119754049088,0.065516466760041386,0.82880703749627105
428,150,198,0.073921506747098187,0.061825247880947704,0.83636346986899957
429,198,199,0.026160528930178329,0.022111859625798279,0.84523748295816847
430,199,150,0.077680991522488099,0.065658846802961385,0.84523698161027738
431,199,200,0.026159225638633123,0.022613624854115447,0.86446078972301943
432,200,152,0.070668528189383961,0.061823732416166795,0.87484109263583254
433,152,199,0.076150941258589386,0.065829617794149128,0.86446229956118803
434,200,201,0.026163055587999532,0.023192670849807671,0.88646644394417307
435,201,152,0.07448546336959927,0.066028979162577578,0.88646799221667794
436,201,202,0.026160097743354146,0.023837325904380778,0.91120935931657754
437,202,154,0.066880921405312876,0.061821913876587871,0.92435798696512683
438,154,201,0.072714287726136417,0.066257945596190221,0.91120944271278981
439,202,203,0.026162757227117268,0.024556258501978966,0.93859597017270058
440,203,155,0.064865553336404549,0.061820293937040187,0.95305274922159233
441,155,202,0.070871420246238118,0.06651958752831906,0.93859537874648347
442,203,204,0.026159520446462529,0.025334658532307264,0.9684680032325742
443,204,156,0.062816129435556506,0.061819392729235007,0.98413247178268026
444,156,203,0.068984985922330447,0.066809785443326039,0.96846849426839854
445,204,205,0.026162035199577448,0.026177296274593823,1.0005833290453114
446,205,157,0.060765323500062245,0.061817155841998671,1.0173097464368037
447,157,204,0.067093577871820506,0.067132718813756098,1.0005833783676044
448,205,206,0.026160285509270263,0.027065291179927418,1.0345946404268582
449,206,157,0.06522603882334678,0.067482513509360478,1.0345946914256892
450,206,207,0.026162484166212745,0.027994565114046504,1.0700270255757969
451,207,159,0.056804920186572225,0.061814173808191923,1.0881834461727455
452,159,206,0.063417347366787363,0.067858257776448716,1.0700267449531817
453,207,208,0.026160795360328466,0.028940661836086613,1.1062607782932194
454,208,159,0.061697699261796586,0.068253726904199452,1.1062604881680309
455,160,208,0.05496373071372801,0.061814309089234257,1.1246381620488366
456,208,209,0.02616132102631941,0.029889895196874166,1.1425223965870703
457,209,160,0.060096329987956956,0.068661405333775835,1.1425224360212227
458,209,210,0.026160064180819117,0.030813665425651494,1.1778895194089185
459,210,162,0.051711294998711556,0.061812771054823815,1.1953437069476591
460,162,209,0.058636986211262086,0.069067943598879453,1.1778904077715704
461,210,211,0.026162445790683626,0.031690753437947604,1.2113069890901635
462,211,162,0.057345729930275174,0.069463335848131927,1.211307902656225
463,163,211,0.050356907230182421,0.061812317101205785,1.2274843810137199
464,211,212,0.026160546360985592,0.032481758516536972,1.2416315037280143
465,212,163,0.056237597008628605,0.069826372225232913,1.2416315052458475
466,164,212,0.049215442849193179,0.061811772610870577,1.2559426276072592
467,212,213,0.026162531256426539,0.033166163522047112,1.2676970434158663
468,213,164,0.055334422254862944,0.070147336541902292,1.2676980021371336
469,213,214,0.026159826795373192,0.033704248616729299,1.2883972390325791
470,214,166,0.047646503036180482,0.061811442074768276,1.2972923118372741
471,166,213,0.054644261954192884,0.070403476635517742,1.2883965144324847
472,214,215,0.026160599953000102,0.034081600188729889,1.3027835848551097
473,215,166,0.054180861114198266,0.070585896775060747,1.3027828521640732
474,215,216,0.026162061344278606,0.034276533869644632,1.3101618186191044
475,216,168,0.047110789110917199,0.061810656776320347,1.3120276255783769
476,168,215,0.053947239840670277,0.070679543679418005,1.3101605177237152
477,216,217,0.026162061344278606,0.034276533868260933,1.3101618185662149
478,217,168,0.053947239840670277,0.07067954367656476,1.3101605176708255
479,217,218,0.026160599953000102,0.03408160018600026,1.3027835847507685
480,218,170,0.047646503036180482,0.061811442066601878,1.2972923116658786
481,170,217,0.054180861114198266,0.070585896765689438,1.3027828519911098
482,218,219,0.026159826795373192,0.033704248614366959,1.2883972389422749
483,219,170,0.054644261954192884,0.070403476626874739,1.2883965142743161
484,219,220,0.026162531256426539,0.033166163520352746,1.2676970433511032
485,220,172,0.049215442849193179,0.061811772607992768,1.2559426275487855
486,172,219,0.055334422254862944,0.070147336537959543,1.2676980020658803
487,220,221,0.026160546360985592,0.032481758515474794,1.2416315036874119
488,221,173,0.050356907230182421,0.061812317099385568,1.2274843809775735
489,173,220,0.056237597008628605,0.069826372222566602,1.2416315051984361
490,221,222,0.026162445790683626,0.031690753437490858,1.2113069890727055
491,222,174,0.051711294998711556,0.061812771053624788,1.1953437069244721
492,174,221,0.057345729930275174,0.069463335846121035,1.2113079026211588
493,222,223,0.026160064180819117,0.030813665425040878,1.177889519385577
494,223,175,0.053255507263980824,0.061813203746300005,1.1606912960175135
495,175,222,0.058636661535246472,0.069067522521255031,1.1778897487152908
496,223,224,0.02616132102631941,0.029889895196039927,1.1425223965551821
497,224,176,0.05496373071372801,0.061814309088628748,1.1246381620378201
498,176,223,0.060096329987956956,0.06866140533263218,1.1425224360021924
499,224,225,0.026160795360328466,0.028940661835576628,1.1062607782737253
500,225,177,0.056804920186572225,0.061814173807707123,1.088183446164211
501,177,224,0.061697699261796586,0.068253726903430192,1.1062604881555627
502,225,226,0.026162484166212745,0.027994565113698789,1.0700270255625062
503,226,177,0.063417347366787363,0.067858257776036837,1.0700267449466871
504,226,227,0.026160285509270263,0.027065291179664549,1.0345946404168098
505,227,179,0.060765323500062245,0.061817155841590157,1.0173097464300809
506,179,226,0.06522603882334678,0.067482513508851441,1.034594691417885
507,227,228,0.026162035199577448,0.026177296274376347,1.0005833290369988
508,228,179,0.067093577871820506,0.067132718813343997,1.0005833783614622
509,180,228,0.062816129435556506,0.061819392728848441,0.98413247177652641
510,228,229,0.026159520446462529,0.025334658532112291,0.96846800322512105
511,229,180,0.068984985922330447,0.066809785442917768,0.96846849426248027
512,181,229,0.064865553336404549,0.061820293936666014,0.95305274921582395
513,229,230,0.026162757227117268,0.024556258501789816,0.93859597016547081
514,230,181,0.070871420246238118,0.066519587527906543,0.93859537874066279
515,182,230,0.066880921405312876,0.061821913876210208,0.92435798695948002
516,230,231,0.026160097743354146,0.02383732590418311,0.91120935930902147
517,231,182,0.072714287726136417,0.066257945595756262,0.91120944270682191
518,231,232,0.026163055587999532,0.023192670849585543,0.88646644393568297
519,232,184,0.070668528189383961,0.061823732415778924,0.87484109263034393
520,184,231,0.07448546336959927,0.066028979162219087,0.88646799221186512
521,232,233,0.026159225638633123,0.022613624853851485,0.86446078971292883
522,233,184,0.076150941258589386,0.065829617793653816,0.86446229955468368
523,233,234,0.026160528930178329,0.022111859625477303,0.84523748294589895
524,234,186,0.073921506747098187,0.061825247880433087,0.83636346986203791
525,186,233,0.077680991522488099,0.065658846802519433,0.84523698160458804
526,234,235,0.026162445790683626,0.021683617485184631,0.82880697235524159
527,235,187,0.075273969613892475,0.06182389062247258,0.8213183247753475
528,187,234,0.079049119754049088,0.065516466759509256,0.82880703748953943
529,235,236,0.026160203017814295,0.021324854583954,0.81516395608369052
530,236,188,0.076415434015054087,0.061824261215560831,0.80905463683398371
531,188,235,0.080228916041296769,0.065399629204795598,0.81516281699645554
532,236,237,0.026162531256426542,0.021042215958080479,0.8042882300584614
533,237,189,0.077322850635458781,0.061823417334103674,0.79954912197394645
534,189,236,0.081197520883285759,0.065306237758843269,0.80428856753785871
535,237,238,0.026160636878675186,0.020827961105117976,0.79615650038305696
536,238,190,0.077985755840498661,0.061825473767402883,0.79277905434233664
537,190,237,0.081941801569439809,0.065238534792498956,0.79615694972503104
538,238,239,0.026160599953000119,0.020686485894722557,0.79074967439155441
539,239,190,0.082445369351428432,0.065193685764312045,0.79075012068197514
540,191,239,0.078384653911635557,0.061824048251276638,0.78872643006081278
541,239,192,0.026161896525199218,0.020616924895132442,0.78805161832492376
542,192,191,0.082698706049859821,0.065170890086695799,0.78805211350469817
543,192,240,0.078520695333112026,0.061825349877898547,0.78737649501973928
544,240,241,0.026161974424513179,0.020616934012290079,0.78804962032882642
545,241,192,0.082699288160002493,0.06517125716271624,0.78805100518672078
546,241,242,0.026160712105976185,0.020686553252436585,0.79074885915322324
547,242,194,0.077984161766355878,0.061824159489058582,0.79277840639342378
548,194,241,0.082443653533393113,0.065192241464832143,0.79074905915500904
549,242,243,0.026160644905988937,0.020827959717967665,0.79615620306055734
550,243,194,0.081941937275187671,0.065238598153042573,0.7961564044300069
551,243,244,0.02616183315061079,0.021041623633045674,0.80428705098420916
552,244,196,0.076416734053475224,0.061825316227597439,0.80905467883949422
553,196,243,0.081199892075000696,0.065308109607611201,0.80428813313309622
554,244,245,0.0261609530765247,0.021325428395311347,0.81516251846525922
555,245,196,0.08022889926432758,0.065399679571582714,0.81516361524682635
556,245,246,0.026162001715974628,0.021683220745585582,0.82880587582660836
557,246,198,0.073918570362511246,0.06182277272267972,0.83636320912983908
558,198,245,0.079048651942997761,0.065516046491844476,0.82880662581176345
559,246,247,0.026160173889629153,0.022111516037673789,0.84523582033373257
560,247,198,0.077680619307565785,0.065658501398685357,0.84523658518631917
561,247,248,0.026160548195806724,0.0226147496252804,0.86446008149421427
562,248,200,0.070668053748198206,0.061823224392883243,0.87483977715262218
563,200,247,0.076151257340205197,0.065829706137395527,0.8644598715330698
564,248,249,0.026162687203931858,0.023192350314798573,0.88646667423800074
565,249,200,0.074486240240756188,0.066029553625371523,0.88646645893186771
566,249,250,0.026159755235280059,0.023837007980465903,0.91120913655638458
567,250,202,0.066879619109972491,0.061820688273189484,0.92435766076262438
568,202,249,0.07271416607200358,0.066257829799946141,0.91120937472260632
569,250,251,0.026162121201785557,0.024555637378389377,0.9385950469762927
570,251,202,0.070869611146938974,0.066517883389682161,0.93859529230047467
571,203,251,0.064864849354486331,0.061819617311459824,0.95305266144403855
572,251,252,0.026161190757546905,0.025336266406917218,0.96846762984625556
573,252,203,0.06898443382983431,0.066809239378394794,0.96846832929287896
574,252,253,0.026161190757546783,0.026176454130257602,1.0005834357026129
575,253,205,0.060765774676060869,0.061817597557461267,1.0173094622261891
576,205,252,0.067092826202204039,0.067131985998206467,1.000583665918088
577,253,254,0.026161370564978026,0.027066418088513563,1.0345948053939924
578,254,205,0.065227430551125676,0.067483976344185251,1.0345950434348457
579,206,254,0.05875169715815217,0.061816989411187621,1.0521736801029606
580,254,255,0.026161504961052039,0.027993527787781528,1.0700274250069679
581,255,206,0.063419334391391871,0.067860400640661733,1.0700270081969303
582,207,255,0.056807154769512661,0.061816620652233645,1.0881837138833341
583,255,256,0.026161030061254344,0.028940933870557215,1.1062612520529165
584,256,207,0.061698001216741655,0.06825410918374554,1.1062612700202823
585,256,257,0.02616054819580679,0.029889031600338664,1.1425231373832412
586,257,209,0.053255380028359819,0.061813056635624516,1.1606913067319682
587,209,256,0.060095685120831605,0.068660696708097296,1.1425229044322305
588,257,258,0.026160173889629108,0.030813821163466457,1.1778905328944405
589,258,210,0.051712053665673885,0.061813671885538941,1.1953435902038143
590,210,257,0.058636754582616996,0.069067632757336045,1.1778897595708906
591,258,259,0.026162001715974534,0.031690257338225274,1.2113085872506149
592,259,211,0.050356000336915965,0.061811244798963848,1.2274851931329829
593,211,258,0.057345632416544862,0.069463210944819651,1.2113077843532287
594,259,260,0.026160953076524707,0.032482296594118713,1.2416327684661614
595,260,212,0.049215766363967128,0.061812154171384553,1.2559421246082587
596,212,259,0.056238434447966196,0.069827458215001206,1.2416323267250275
597,260,261,0.026162650434040171,0.033166326541185065,1.2676974997163295
598,261,212,0.055335468897435368,0.070148610609821874,1.2676970487020316
599,213,261,0.048307747295208904,0.061812779110487236,1.2795624422879628
600,261,262,0.02616005095456916,0.033704496305918159,1.288395667288686
601,262,213,0.054644819447259033,0.070404148322043072,1.2883956619162098
602,214,262,0.047647154495101277,0.061812246306980428,1.2972914534347586
603,262,263,0.0261608614131798,0.034081847269408896,1.3027800090802253
604,263,214,0.05418024694646302,0.070585029011430253,1.3027816038043762
605,215,263,0.047244754364506834,0.061810093699160913,1.3082953765042
606,263,264,0.026161924351869887,0.034276232264074141,1.3101571506388174
607,264,215,0.053946417476650091,0.070678392084005337,1.3101591429050397
608,264,265,0.026161924351869887,0.034276232263682371,1.3101571506238425
609,265,217,0.047244754364506834,0.061810093695959231,1.308295376436432
610,217,264,0.053946417476650091,0.070678392081152133,1.3101591428521502
611,265,266,0.0261608614131798,0.034081847268473194,1.3027800090444581
612,266,218,0.047647154495101277,0.061812246303534588,1.2972914533624387
613,218,265,0.05418024694646302,0.070585029007819683,1.3027816037377362
614,266,267,0.02616005095456916,0.033704496304842971,1.2883956672475856
615,267,219,0.048307747295208904,0.061812779107628758,1.2795624422287906
616,219,266,0.054644819447259033,0.070404148318776824,1.2883956618564374
617,267,268,0.026162650434040171,0.033166326540225416,1.2676974996796493
618,268,220,0.049215766363967128,0.061812154169296703,1.2559421245658364
619,220,267,0.055335468897435368,0.070148610607254788,1.2676970486556403
620,268,269,0.026160953076524707,0.032482296593358585,1.2416327684371056
621,269,220,0.056238434447966196,0.069827458212832233,1.2416323266864602
622,221,269,0.050356000336915965,0.061811244797583917,1.2274851931055795
623,269,270,0.026162001715974534,0.031690257337631846,1.2113085872279321
624,270,221,0.057345632416544862,0.069463210943405032,1.2113077843285605
625,222,270,0.051712053665673885,0.061813671884870504,1.1953435901908882
626,270,271,0.026160173889629108,0.030813821162943598,1.1778905328744536
627,271,222,0.058636754582616996,0.069067632756575195,1.1778897595579148
628,223,271,0.053255380028359819,0.061813056634019169,1.1606913067018239
629,271,272,0.02616054819580679,0.02988903159986122,1.1425231373649907
630,272,223,0.060095685120831605,0.068660696706396282,1.1425229044039253
631,272,273,0.026161030061254344,0.028940933870167704,1.1062612520380275
632,273,225,0.056807154769512661,0.061816620651419678,1.0881837138690056
633,225,272,0.061698001216741655,0.068254109182756831,1.1062612700042573
634,273,274,0.026161504961052039,0.027993527787472227,1.0700274249951451
635,274,226,0.05875169715815217,0.06181698941055077,1.0521736800921209
636,226,273,0.063419334391391871,0.067860400639888532,1.0700270081847385
637,274,275,0.026161370564978026,0.027066418088265733,1.0345948053845193
638,275,227,0.060765774676060869,0.06181759755693169,1.0173094622174741
639,227,274,0.065227430551125676,0.06748397634355309,1.0345950434251541
640,275,276,0.026161190757546783,0.026176454130052117,1.0005834356947583
641,276,227,0.067092826202204039,0.067131985997665317,1.0005836659100222
642,276,277,0.026161190757546905,0.025336266406735829,0.968467629839322
643,277,229,0.064864849354486331,0.061819617311010773,0.95305266143711564
644,229,276,0.06898443382983431,0.066809239377897137,0.96846832928566495
645,277,278,0.026162121201785557,0.024555637378212786,0.93859504696954277
646,278,230,0.066879619109972491,0.061820688272717771,0.92435766075557124
647,230,277,0.070869611146938974,0.06651788338918907,0.9385952922935169
648,278,279,0.026159755235280059,0.023837007980270376,0.91120913654891023
649,279,230,0.07271416607200358,0.066257829799387963,0.91120937471493002
650,279,280,0.026162687203931858,0.023192350314550567,0.88646667422852132
651,280,232,0.070668053748198206,0.061823224392178078,0.8748397771426436
652,232,279,0.074486240240756188,0.066029553624730411,0.88646645892326048
653,280,281,0.026160548195806724,0.02261474962492848,0.86446008148076192
654,281,232,0.076151257340205197,0.065829706136435892,0.8644598715204681
655,281,282,0.026160173889629153,0.022111516037134654,0.84523582031312361
656,282,234,0.073918570362511246,0.061822772721253451,0.83636320911054396
657,234,281,0.077680619307565785,0.065658501397541535,0.8452365851715945
658,282,283,0.026162001715974628,0.021683220744719844,0.82880587579351694
659,283,234,0.079048651942997761,0.065516046489684759,0.82880662578444209
660,283,284,0.0261609530765247,0.021325428393880706,0.81516251841057319
661,284,236,0.076416734053475224,0.061825316224328825,0.80905467879672066
662,236,283,0.08022889926432758,0.065399679569254229,0.81516361521780334
663,284,285,0.02616183315061079,0.021041623630635102,0.80428705089206842
664,285,236,0.081199892075000696,0.065308109602185416,0.80428813306627611
665,285,286,0.026160644905988937,0.020827959717661014,0.79615620304883561
666,286,238,0.077984161766355878,0.061824159492556201,0.79277840643827413
667,238,285,0.081941937275187671,0.065238598148249061,0.79615640437150803
668,286,287,0.026160712105976185,0.020686553254139064,0.79074885921830096
669,287,238,0.082443653533393113,0.06519224146636711,0.79074905917362748
670,287,240,0.026161974424513179,0.020616934012797978,0.78804962034824011
671,192,287,0.082699288160002493,0.065171257164321733,0.78805100520613436
672,240,288,0.078519016219041865,0.061824050686862822,0.78737678671870193
673,288,289,0.026161936506917297,0.020616981246986011,0.78805256795630618
674,289,240,0.082699551909929864,0.06517145558006622,0.78805089114685978
675,289,290,0.026160835725979631,0.020686719612784045,0.79075148169829346
676,290,242,0.077983879273025386,0.061824025240458255,0.79277955670824363
677,242,289,0.082445204976006214,0.06519355690915328,0.7907501343240807
678,290,291,0.026159947208549764,0.020827438337753568,0.79615750642442462
679,291,243,0.07732442275254775,0.061824629342049138,0.79954854030917533
680,243,290,0.08194071862463681,0.065237722575852808,0.79615755964627366
681,291,292,0.026162164393899037,0.021041893678334891,0.80428718975719826
682,292,244,0.076415206495587293,0.061824011967087457,0.80905378395669947
683,244,291,0.081199018770011552,0.065307314983655051,0.80428699721891672
684,292,293,0.026160744291574396,0.021325259756663294,0.81516257790614655
685,293,244,0.080227873245039286,0.065398744318546975,0.81516238276440622
686,293,294,0.026162663429641908,0.021683779785319851,0.82880628127304701
687,294,246,0.073920275243297751,0.061824183213571061,0.83636300067993286
688,246,293,0.079049824121983511,0.06551694780869162,0.82880573785453315
689,294,295,0.026159661962214989,0.022111101907300385,0.84523653016761668
690,295,247,0.072373951919456725,0.061822082129906454,0.85420348744679298
691,247,294,0.077680297476804508,0.065658213011307531,0.84523637452486844
692,295,296,0.026160922955327556,0.022615082697046627,0.86446042961344238
693,296,248,0.070667408277793317,0.061822688237242865,0.87484018084005721
694,248,295,0.076149538665062813,0.065828248521830293,0.8644602406768368
695,296,297,0.026161728876526725,0.023191493573565033,0.88646639841808395
696,297,249,0.068825789010225152,0.061822586202441236,0.89824740248537538
697,249,296,0.07448650442289749,0.066029818282867386,0.88646686798433683
698,297,298,0.026160735576238256,0.023837893326183641,0.91120883266889297
699,298,250,0.066879404365916176,0.061820485744188039,0.92435760052452975
700,250,297,0.072715360600606918,0.066258865849570095,0.9112086538840195
701,298,299,0.026162724432439093,0.024556223955312012,0.93859582623837201
702,299,251,0.064866808718976085,0.061821479237387296,0.95305257740083782
703,251,298,0.070870519709662974,0.066518731827516719,0.9385952311345489
704,299,300,0.026159784899103072,0.025334914111938237,0.96846798280848567
705,300,252,0.062815800347754788,0.061819062480256266,0.98413237016832589
706,252,299,0.068986227135837519,0.066810970246860252,0.96846824389027575
707,300,301,0.026161563061530099,0.026176818518214774,1.0005831248174581
708,301,253,0.060765629298225238,0.061817432898143398,1.0173091863289381
709,253,300,0.067093230863586956,0.067132357352183633,1.000583165963139
710,301,302,0.026160976623020075,0.027066003413832761,1.0345945338300679
711,302,254,0.05875038004306278,0.061815613972917849,1.0521738570475343
712,254,301,0.065225079139697245,0.067481525284387667,1.0345947628496952
713,302,303,0.026161563214425896,0.027993574727102961,1.0700268366099341
714,303,254,0.063418142221944154,0.067859129126836129,1.0700270734729169
715,303,304,0.026161728876526749,0.028941696667014776,1.1062608592730396
716,304,256,0.054965029734811939,0.061815821198346714,1.1246390931941195
717,256,303,0.06169945797056111,0.068255697201579008,1.1062608886150362
718,304,305,0.026160196213595544,0.029888611262493345,1.1425224420511086
719,305,257,0.053255832487061429,0.061813558423952537,1.1606908677837346
720,257,304,0.060096856705844304,0.068662047449269126,1.1425231070794402
721,305,306,0.026161001774935112,0.030814759971286049,1.1778891434046577
722,306,258,0.051710346494648236,0.061811634873990044,1.1953436606808898
723,258,305,0.058636060782668586,0.069066820680386234,1.1778898472797943
724,306,307,0.026162064784368919,0.031690279132227529,1.2113065002102417
725,307,259,0.050358186321476317,0.061813899470197622,1.2274846253514848
726,259,306,0.05734493366792151,0.069462369078411093,1.2113078634053425
727,307,308,0.026160744291574466,0.032481979016666024,1.2416305382843187
728,308,260,0.049217231520758443,0.061813974851861582,1.2559417289814481
729,260,307,0.056239073152446938,0.069828197510122536,1.2416313711436822
730,308,309,0.026162164393898995,0.033165671563065956,1.2676960156553476
731,309,261,0.048307177943070205,0.061812019947000606,1.27956180797491
732,261,308,0.055335425344950027,0.070148533301388205,1.2676966493723725
733,309,310,0.026160239026628299,0.033704739278147308,1.2883956925561546
734,310,262,0.047646742465159243,0.061811668232510199,1.2972905393838579
735,262,309,0.054645027334498997,0.070404381261724117,1.2883950232242958
736,310,311,0.026160658590641966,0.03408161749784832,1.3027813263860182
737,311,263,0.047247660117035024,0.06181383167596477,1.308294030283162
738,263,310,0.054180738192615888,0.070585619264342744,1.3027806858852031
739,311,312,0.026161995906030012,0.034276360248272478,1.3101584592929398
740,312,264,0.047111605518528929,0.061811568178375409,1.3120242347517748
741,264,311,0.053948183901482087,0.070680633652007593,1.3101577947662075
742,312,313,0.026161995906030012,0.034276360248116131,1.3101584592869637
743,313,264,0.053948183901482087,0.070680633651685185,1.3101577947602314
744,265,313,0.047247660117035024,0.061813831674976297,1.308294030262241
745,313,314,0.026160658590641966,0.034081617497422528,1.3027813263697421
746,314,265,0.054180738192615888,0.070585619262976074,1.3027806858599789
747,266,314,0.047646742465159243,0.061811668231029404,1.2972905393527792
748,314,315,0.026160239026628299,0.033704739277524841,1.2883956925323601
749,315,266,0.054645027334498997,0.070404381259854112,1.2883950231900749
750,267,315,0.048307177943070205,0.061812019945368016,1.279561807941114
751,315,316,0.026162164393898995,0.033165671562542687,1.2676960156353465
752,316,267,0.055335425344950027,0.07014853329990689,1.2676966493456028
753,268,316,0.049217231520758443,0.061813974850730438,1.2559417289584653
754,316,317,0.026160744291574466,0.032481979016296778,1.2416305382702042
755,317,268,0.056239073152446938,0.069828197508782885,1.2416313711198614
756,269,317,0.050358186321476317,0.061813899469179569,1.2274846253312686
757,317,318,0.026162064784368919,0.031690279131843004,1.2113065001955439
758,318,269,0.05734493366792151,0.069462369077275377,1.2113078633855374
759,270,318,0.051710346494648236,0.061811634873100568,1.1953436606636887
760,318,319,0.026161001774935112,0.030814759970927405,1.1778891433909486
761,319,270,0.058636060782668586,0.069066820679418287,1.1778898472632866
762,271,319,0.053255832487061429,0.06181355842307374,1.1606908677672332
763,319,320,0.026160196213595544,0.029888611262176561,1.1425224420389992
764,320,271,0.060096856705844304,0.068662047448338565,1.1425231070639559
765,272,320,0.054965029734811939,0.061815821197582929,1.1246390931802237
766,320,321,0.026161728876526749,0.028941696666750449,1.1062608592629362
767,321,272,0.06169945797056111,0.068255697200790361,1.106260888602254
768,321,322,0.026161563214425896,0.027993574726893147,1.0700268366019141
769,322,274,0.05875038004306278,0.061815613972404287,1.0521738570387928
770,274,321,0.063418142221944154,0.067859129126215598,1.0700270734631321
771,322,323,0.026160976623020075,0.027066003413675151,1.0345945338240434
772,323,274,0.065225079139697245,0.067481525283883417,1.0345947628419643
773,275,323,0.060765629298225238,0.061817432897730965,1.0173091863221508
774,323,324,0.026161563061530099,0.026176818518106489,1.000583124813319
775,324,275,0.067093230863586956,0.067132357351792848,1.0005831659573146
776,276,324,0.062815800347754788,0.061819062479927675,0.98413237016309485
777,324,325,0.026159784899103072,0.025334914111878382,0.96846798280619761
778,325,276,0.068986227135837519,0.066810970246566848,0.96846824388602271
779,277,325,0.064866808718976085,0.061821479237127247,0.9530525773968288
780,325,326,0.026162724432439093,0.024556223955303873,0.93859582623806082
781,326,277,0.070870519709662974,0.066518731827310565,0.93859523113164001
782,278,326,0.066879404365916176,0.061820485743983002,0.92435760052146398
783,326,327,0.026160735576238256,0.02383789332623746,0.91120883267095021
784,327,278,0.072715360600606918,0.066258865849448539,0.91120865388234784
785,279,327,0.068825789010225152,0.061822586202278748,0.89824740248301449
786,327,328,0.026161728876526725,0.023191493573702503,0.88646639842333863
787,328,279,0.07448650442289749,0.066029818282838298,0.88646686798394625
788,280,328,0.070667408277793317,0.061822688237110721,0.87484018083818726
789,328,329,0.026160922955327556,0.022615082697308608,0.86446042962345659
790,329,280,0.076149538665062813,0.065828248521917945,0.86446024067798788
791,281,329,0.072373951919456725,0.061822082129792712,0.85420348744522145
792,329,330,0.026159661962214989,0.022111101907760524,0.84523653018520639
793,330,281,0.077680297476804508,0.065658213011564742,0.84523637452817968
794,282,330,0.073920275243297751,0.06182418321346396,0.83636300067848401
795,330,331,0.026162663429641908,0.021683779786108751,0.82880628130320066
796,331,282,0.079049824121983511,0.06551694780922114,0.82880573786123179
797,331,332,0.026160744291574396,0.021325259758012062,0.81516257795770353
798,332,284,0.076415206495587293,0.061824011966962189,0.80905378395506011
799,284,331,0.080227873245039286,0.065398744317299362,0.81516238274885533
800,332,333,0.026162164393899037,0.021041893680655486,0.80428718984589875
801,333,284,0.081199018770011552,0.065307314985481035,0.80428699724140451
802,333,334,0.026159947208549764,0.020827438337965975,0.79615750643254424
803,334,286,0.077983879273025386,0.061824025240317708,0.7927795567064414
804,286,333,0.081942404799294433,0.065238949521876075,0.79615614994054718
805,334,335,0.026160835725979631,0.020686719610998661,0.79075148163004705
806,335,286,0.082445204976006214,0.065193556911193495,0.79075013434882702
807,335,288,0.026161936506917297,0.020616981246442363,0.78805256793552603
808,240,335,0.082699551909929864,0.06517145557834772,0.78805089112607973
809,288,336,0.078519337846975526,0.061824376366173613,0.78737770925503314
810,336,337,0.026161941246619788,0.020616946430331348,0.78805109437340115
811,337,288,0.082698951349203423,0.06517106142649387,0.78805184785600813
812,337,338,0.02616064521179132,0.020686521828568588,0.7907496799522592
813,338,290,0.077984736367199214,0.061824725695888413,0.79277982559023197
814,290,337,0.082444776327222677,0.06519326946720308,0.79075075913180359
815,338,339,0.026160410048705084,0.020827775823075927,0.79615632110884604
816,339,291,0.07732309814236521,0.061823558450361249,0.79954838768272551
817,291,338,0.081940882547602983,0.065237759689760408,0.79615641986600505
818,339,340,0.026162001104401495,0.021041760263589674,0.80428711013430876
819,340,291,0.081197608669032986,0.065306198126971096,0.80428720990003078
820,292,340,0.07641513418021631,0.061823969808440238,0.80905399789831567
821,340,341,0.026161584619832437,0.021325967010329232,0.8151634283713286
822,341,292,0.080228557167950756,0.065399384076428216,0.81516340795610853
823,341,342,0.02616085652038173,0.021682286024319826,0.82880642716828923
824,342,294,0.0739204669087037,0.061824331980999951,0.83636284464161714
825,294,341,0.079049345182831729,0.065516660531181214,0.82880712521588862
826,342,343,0.026160325340547512,0.02211163869820951,0.84523561577949147
827,343,295,0.072375923068347683,0.061823762464604158,0.85420344008906568
828,295,342,0.077682677705578518,0.065660181656862215,0.84523581828265237
829,343,344,0.026162002021761138,0.022616027587266014,0.86446089135129489
830,344,295,0.076151870563687871,0.065830329677306218,0.86446109846048402
831,344,345,0.026162143524090208,0.023191905744317384,0.8864681031568451
832,345,297,0.068823918991009342,0.06182094476980058,0.89824795908347532
833,297,344,0.074484647958979744,0.06602818870067563,0.88646708429150045
834,345,346,0.026159656839832138,0.023836944645763906,0.91121014284363466
835,346,298,0.066881722076041122,0.061822658102184208,0.92435804855465575
836,298,345,0.072714463537040058,0.066258137591762939,0.91120987997128899
837,346,347,0.026162398547425025,0.024555923680550196,0.93859604026890942
838,347,298,0.070871441862813231,0.066519635510524353,0.9385957694960867
839,347,348,0.026159959593873672,0.025335081211535704,0.96846790304174846
840,348,300,0.062817452614744154,0.061820670509474485,0.98413208330202628
841,300,347,0.068985103773777173,0.066809860256671058,0.96846792426029549
842,348,349,0.026161002310081959,0.026176244615752697,1.0005826346211844
843,349,301,0.060767832868978806,0.061819643137102316,1.0173086683935448
844,301,348,0.067095036234711025,0.067134159544598837,1.0005831028952865
845,349,350,0.026162398547425119,0.027067468397167678,1.0345942994523962
846,350,302,0.058751438169721767,0.061816728548579732,1.0521738781951673
847,302,349,0.065227626909631076,0.067484114672749312,1.034594049638575
848,350,351,0.026160646358550272,0.027992587072390565,1.070026584539703
849,351,302,0.063417922978650523,0.067858847138201478,1.0700263261703791
850,351,352,0.026162143524090208,0.028942127256198158,1.106259784468659
851,352,304,0.054962042777359055,0.061812429741564291,1.1246385071958638
852,304,351,0.06169727344284303,0.068253246174524856,1.1062603315486113
853,352,353,0.02616113319138624,0.029889665238351584,1.1425218097277603
854,353,305,0.053257237195116221,0.061815149233216925,1.1606901237994651
855,305,352,0.060095182887118126,0.068660061153157398,1.1425218770384211
856,353,354,0.026160325340547491,0.030813956441841619,1.1778888848175439
857,354,306,0.051711716103567236,0.061813225160931864,1.1953427543795592
858,306,353,0.058638050511125493,0.069069119018322647,1.1778890740103656
859,354,355,0.026160856520381713,0.031688805964045212,1.2113061336258895
860,355,306,0.05734516273703829,0.069462558514241865,1.2113063281861984
861,355,356,0.026161584619832454,0.032483031107616564,1.241630871357539
862,356,308,0.049215303827808685,0.061811537679408959,1.2559414017979278
863,308,355,0.056237402583502981,0.069826066525096278,1.2416303619537983
864,356,357,0.026162001104401495,0.033165469433081012,1.2676962018590103
865,357,309,0.048307339864652923,0.061812179955470045,1.2795608313075169
866,309,356,0.055334878749309417,0.07014783409681434,1.2676965357530452
867,357,358,0.026160410048705073,0.033704952777356752,1.2883954309051486
868,358,310,0.047647446641312118,0.061812617593242733,1.2972912915683688
869,310,357,0.054645375214458204,0.070404847500738152,1.2883953532102432
870,358,359,0.02616051646867305,0.034081441648088108,1.302781682039813
871,359,310,0.054179119883678108,0.070583560677050544,1.3027816034773647
872,359,360,0.026161984515477011,0.034276364117395972,1.3101591776082055
873,360,312,0.047112845152373531,0.061813246703262652,1.3120253405062827
874,312,359,0.053946124111138201,0.070677985882923303,1.3101587379533444
875,360,361,0.026161984515477011,0.03427636411734488,1.3101591776062529
876,361,312,0.053946124111138201,0.070677985882817942,1.3101587379513913
877,361,362,0.02616051646867305,0.034081441647960176,1.3027816820349227
878,362,314,0.047647446641312118,0.06181261759261255,1.2972912915551429
879,314,361,0.054179119883678108,0.070583560676385451,1.302781603465089
880,362,363,0.026160410048705073,0.033704952777226627,1.2883954309001744
881,363,314,0.054645375214458204,0.070404847500067202,1.2883953531979651
882,363,364,0.026162001104401495,0.033165469432790438,1.2676962018479037
883,364,316,0.049215303827808685,0.061811537678642219,1.2559414017823485
884,316,363,0.055334267486848984,0.070147011946031707,1.2676956817527798
885,364,365,0.026161584619832454,0.032483031107202298,1.2416308713417041
886,365,316,0.056237402583502981,0.069826066524340008,1.2416303619403506
887,365,366,0.026160856520381713,0.031688805963720534,1.2113061336134785
888,366,318,0.051711716103567236,0.061813225160272732,1.1953427543668129
889,318,365,0.05734516273703829,0.069462558513436301,1.2113063281721508
890,366,367,0.026160325340547491,0.030813956441576817,1.1778888848074216
891,367,318,0.058638050511125493,0.069069119017635794,1.1778890739986521
892,319,367,0.053257237195116221,0.061815149232625412,1.1606901237883585
893,367,368,0.02616113319138624,0.029889665238136597,1.1425218097195424
894,368,319,0.060095182887118126,0.068660061152547247,1.1425218770282679
895,320,368,0.054962042777359055,0.061812429741056045,1.1246385071866165
896,368,369,0.026162143524090208,0.028942127256030029,1.1062597844622326
897,369,320,0.06169727344284303,0.068253246174011503,1.1062603315402908
898,369,370,0.026160646358550272,0.027992587072268153,1.0700265845350236
899,370,322,0.058751438169721767,0.061816728548261451,1.0521738781897498
900,322,369,0.063417922978650523,0.067858847137802242,1.0700263261640837
901,370,371,0.026162398547425119,0.027067468397090254,1.0345942994494368
902,371,322,0.065227626909631076,0.067484114672454368,1.0345940496340533
903,323,371,0.060767832868978806,0.06181964313688379,1.0173086683899488
904,371,372,0.026161002310081959,0.026176244615720143,1.00058263461994
905,372,323,0.067095036234711025,0.067134159544417829,1.0005831028925887
906,324,372,0.062817452614744154,0.061820670509360395,0.98413208330021007
907,372,373,0.026159959593873672,0.025335081211548933,0.96846790304225416
908,373,324,0.068985103773777173,0.066809860256609691,0.96846792425940598
909,373,374,0.026162398547425025,0.024555923680611602,0.93859604027125654
910,374,326,0.066881722076041122,0.06182265810231799,0.92435804855665593
911,326,373,0.070871441862813231,0.066519635510598335,0.93859576949713053
912,374,375,0.026159656839832138,0.0238369446458776,0.91121014284798085
913,375,326,0.072714463537040058,0.066258137591986982,0.91120987997437008
914,327,375,0.068823918991009342,0.061820944770101242,0.89824795908784394
915,375,376,0.026162143524090208,0.02319190574448917,0.88646810316341129
916,376,327,0.074484647958979744,0.066028188701090521,0.88646708429707055
917,376,377,0.026162002021761138,0.022616027587502585,0.86446089136033755
918,377,329,0.072375923068347683,0.061823762465443313,0.85420344010066007
919,329,376,0.076151870563687871,0.065830329678092256,0.86446109847080599
920,377,378,0.026160325340547512,0.022111638698516338,0.8452356157912202
921,378,329,0.077682677705578518,0.06566018165787052,0.84523581829563221
922,330,378,0.0739204669087037,0.061824331982305275,0.83636284465927557
923,378,379,0.02616085652038173,0.021682286024685509,0.82880642718226749
924,379,330,0.079049345182831729,0.065516660532643517,0.82880712523438715
925,379,380,0.026161584619832437,0.021325967010709646,0.81516342838586964
926,380,332,0.07641513418021631,0.061823969811466616,0.8090539979379201
927,332,379,0.080228557167950756,0.065399384079644893,0.81516340799620246
928,380,381,0.026162001104401495,0.021041760263882645,0.80428711014550713
929,381,333,0.07732309814236521,0.061823558455013861,0.79954838774289649
930,333,380,0.081197608669032986,0.065306198132126209,0.80428720996351932
931,381,382,0.026160410048705084,0.020827775823053431,0.79615632110798606
932,382,333,0.081940882547602983,0.065237759693931363,0.79615641991690711
933,334,382,0.077984736367199214,0.061824725691799469,0.79277982553779935
934,382,383,0.02616064521179132,0.020686521828167131,0.79074967993691336
935,383,334,0.082444776327222677,0.065193269462434686,0.79075075907396619
936,383,336,0.026161941246619788,0.020616946430059086,0.78805109436299436
937,288,383,0.082698951349203423,0.065171061425633239,0.78805184784560134
938,384,385,0.026161988872937469,0.020617006761401411,0.78805196583231063
939,385,337,0.078386886047997595,0.06182580639935413,0.78872639948341816
940,337,384,0.082701519100898846,0.065173045955183292,0.78805137636794576
941,385,386,0.02616050997033971,0.020686439591220709,0.79075062430642984
942,386,338,0.077984727775787285,0.06182466209849146,0.79277909741818442
943,338,385,0.082445997739926877,0.06519419509157344,0.79075027143496202
944,386,387,0.02616081936566643,0.020828136045479149,0.79615763383979032
945,387,338,0.081941618415138723,0.065238415917826087,0.79615727855545115
946,387,388,0.026161189381464767,0.021041131847871538,0.8042880444410988
947,388,340,0.076416035382411027,0.061824697947684165,0.80905398504768011
948,340,387,0.081198498171729708,0.065306983978969724,0.80428807735888863
949,388,389,0.026161918389014376,0.021326244658475969,0.81516364134180053
950,389,340,0.080228656409205304,0.065399486375149016,0.81516367470470552
951,341,389,0.075273908610138551,0.061823907963955309,0.82131922076952335
952,389,390,0.026161058729789889,0.021682469195568817,0.82880702266375583
953,390,341,0.079048344334849627,0.065515803116514643,0.82880677220751142
954,342,390,0.073919886066839469,0.061823819854221224,0.83636248841508221
955,390,391,0.026160352175020652,0.02211167694981192,0.84523621096069834
956,391,342,0.07768020664304931,0.065658096195586629,0.84523585908176269
957,343,391,0.072375601027335201,0.06182349036025226,0.85420348132103852
958,391,392,0.026161182883298655,0.022615314886859153,0.86446071600595742
959,392,343,0.076151130329918701,0.065829641700508743,0.86446046716978553
960,344,392,0.070667123790083261,0.061822518198343349,0.87484129652689957
961,392,393,0.026162310176311133,0.023192030873797218,0.88646723922708559
962,393,344,0.074487496272274786,0.066030757577992177,0.88646767420708272
963,345,393,0.068827183936152114,0.061823918641931014,0.8982485568388543
964,393,394,0.026160023737525018,0.02383726315318007,0.91120953835324381
965,394,345,0.072714503831563013,0.066258181529369395,0.91120997927526071
966,346,394,0.066879077688076716,0.061820220478074339,0.92435814929151938
967,394,395,0.026162837646526823,0.024556336602348978,0.93859607027790759
968,395,346,0.070870746601595896,0.066519016198531886,0.93859623876227072
969,395,396,0.026159857376549984,0.025334991691198596,0.96846826519433526
970,396,348,0.062814235979076843,0.061817513603896632,0.98413222162708125
971,348,395,0.068983962737175664,0.066808767864231719,0.96846810785238169
972,396,397,0.026161471935459493,0.026176731501643912,1.0005832839307385
973,397,348,0.06709224777811576,0.067131370701638798,1.0005831213712264
974,349,397,0.060765174434831017,0.061816939830459883,1.0173086871783255
975,397,398,0.026161250693494599,0.027066290169111731,1.0345946562807942
976,398,349,0.065225699510650811,0.06748212733809443,1.034594152985284
977,350,398,0.058751057208192986,0.061816333885709812,1.0521739832979442
978,398,399,0.02616155587542527,0.027993571832482304,1.07002702613639
979,399,350,0.063417255278496384,0.067858186678038834,1.070027177619721
980,351,399,0.05680572503947473,0.061814998509565809,1.0881825461537564
981,399,400,0.026160858966780793,0.028940727982804611,1.1062606170368379
982,400,351,0.061698998224844738,0.068255134015229105,1.106260003873845
983,352,400,0.054964674053519708,0.061815370666313943,1.1246381740774745
984,400,401,0.026161182883298623,0.029889749476838805,1.1425228595424295
985,401,352,0.060096393752116853,0.068661490020180613,1.1425226329452101
986,353,401,0.053254533873703366,0.061812052410352848,1.1606908917265937
987,401,402,0.026159468304863199,0.030812968609613599,1.1778897128381347
988,402,353,0.058635778771670782,0.069066430855197355,1.1778888641377783
989,354,402,0.051711911803223758,0.061813448075369724,1.1953425413971299
990,402,403,0.026162900636462025,0.031691302573217311,1.2113069194266102
991,403,354,0.057345233431600563,0.069462679271362862,1.2113069406930843
992,355,403,0.050357337436779767,0.061812811541440874,1.2274837131538712
993,403,404,0.026161019434775865,0.032482354217159393,1.2416318216552591
994,404,355,0.056238034720536088,0.069826886972219671,1.2416309943832626
995,356,404,0.049214099514754674,0.061810056615970867,1.2559420415167781
996,404,405,0.026161905010807951,0.033165344449528129,1.2676960808407083
997,405,356,0.055334551071254373,0.07014738657762723,1.267695955232353
998,357,405,0.048307164735941967,0.061811927561866715,1.2795602453537664
999,405,406,0.026160299270562952,0.033704785814359074,1.2883945044270042
1000,406,357,0.05464326323242847,0.070402093749144287,1.2883947550805057
1001,358,406,0.047645407121142583,0.061809943046582883,1.2972906893087457
1002,406,407,0.026160825634572685,0.034081808468659137,1.3027803076527724
1003,407,358,0.054179515015393545,0.070584042264917546,1.3027809910233255
1004,359,407,0.04724713407829402,0.061813167360148996,1.3082945360816458
1005,407,408,0.026161912043923055,0.034276216315330767,1.3101571573891335
1006,408,359,0.053949189596314479,0.070681954375807265,1.3101578523180613
1007,408,409,0.026161912043923055,0.03427621631530562,1.3101571573881723
1008,409,361,0.04724713407829402,0.061813167360011488,1.3082945360787355
1009,361,408,0.053949189596314479,0.070681954375701919,1.3101578523161084
1010,409,410,0.026160825634572685,0.034081808468588305,1.3027803076500648
1011,410,362,0.047645407121142583,0.061809943046359901,1.2972906893040657
1012,362,409,0.054179515015393545,0.070584042264706021,1.3027809910194212
1013,410,411,0.026160299270562952,0.033704785814250668,1.2883945044228602
1014,411,363,0.048307164735941967,0.061811927561652255,1.2795602453493269
1015,363,410,0.05464326323242847,0.07040209374893712,1.2883947550767145
1016,411,412,0.026161905010807951,0.03316534444937512,1.2676960808348599
1017,412,364,0.049214099514754674,0.06181005661535862,1.2559420415043376
1018,364,411,0.055334551071254373,0.070147386576993431,1.2676959552208991
1019,412,413,0.026161019434775865,0.03248235421697928,1.2416318216483742
1020,413,365,0.050357337436779767,0.061812811540922073,1.2274837131435687
1021,365,412,0.056238034720536088,0.069826886971637914,1.241630994372918
1022,413,414,0.026162900636462025,0.031691302573047336,1.2113069194201134
1023,414,366,0.051711911803223758,0.061813448074923658,1.1953425413885039
1024,366,413,0.057345233431600563,0.069462679270844693,1.2113069406840484
1025,414,415,0.026159468304863199,0.030812968609467504,1.1778897128325498
1026,415,367,0.053254533873703366,0.06181205240997463,1.1606908917194916
1027,367,414,0.058635778771670782,0.069066430854748603,1.1778888641301251
1028,415,416,0.026161182883298623,0.029889749476722044,1.1425228595379664
1029,416,368,0.054964674053519708,0.061815370666006106,1.1246381740718738
1030,368,415,0.060096393752116853,0.068661490019807328,1.1425226329389986
1031,416,417,0.026160858966780793,0.028940727982719593,1.106260617033588
1032,417,369,0.05680572503947473,0.061814998509332968,1.0881825461496575
1033,369,416,0.061698998224844738,0.068255134014937061,1.1062600038691117
1034,417,418,0.02616155587542527,0.027993571832429974,1.0700270261343898
1035,418,370,0.058751057208192986,0.061816333885556761,1.0521739832953392
1036,370,417,0.063417255278496384,0.067858186677833082,1.0700271776164765
1037,418,419,0.026161250693494599,0.027066290169092271,1.0345946562800503
1038,419,371,0.060765174434831017,0.061816939830391666,1.0173086871772028
1039,371,418,0.065225699510650811,0.067482127337979869,1.0345941529835276
1040,419,420,0.026161471935459493,0.026176731501657034,1.0005832839312401
1041,420,372,0.062814235979076843,0.061817513603918968,0.98413222162743685
1042,372,419,0.06709224777811576,0.067131370701621021,1.0005831213709615
1043,420,421,0.026159857376549984,0.025334991691243564,0.96846826519605411
1044,421,372,0.068983962737175664,0.066808767864299123,0.9684681078533588
1045,421,422,0.026162837646526823,0.024556336602424358,0.93859607028078884
1046,422,374,0.066879077688076716,0.061820220478299034,0.92435814929487914
1047,374,421,0.070870746601595896,0.066519016198730602,0.93859623876507459
1048,422,423,0.026160023737525018,0.023837263153283026,0.91120953835717944
1049,423,375,0.068827183936152114,0.061823918642268223,0.89824855684375371
1050,375,422,0.072714503831563013,0.066258181529690874,0.91120997927968173
1051,423,424,0.026162310176311133,0.023192030873922312,0.8864672392318671
1052,424,376,0.070667123790083261,0.061822518198797541,0.87484129653332676
1053,376,423,0.074487496272274786,0.066030757578446106,0.88646767421317674
1054,424,425,0.026161182883298655,0.022615314886996057,0.86446071601119057
1055,425,377,0.072375601027335201,0.061823490360819015,0.85420348132886925
1056,377,424,0.076151130329918701,0.065829641701099867,0.86446046717754799
1057,425,426,0.026160352175020652,0.022111676950030558,0.84523621096905599
1058,426,378,0.073919886066839469,0.061823819855123668,0.83636248842729066
1059,378,425,0.07768020664304931,0.065658096196305596,0.84523585909101817
1060,426,427,0.026161058729789889,0.021682469195865004,0.82880702267507755
1061,427,379,0.075273908610138551,0.061823907964940084,0.82131922078260589
1062,379,426,0.079048344334849627,0.065515803117550009,0.82880677222060939
1063,427,428,0.026161918389014376,0.021326244658777849,0.81516364135333941
1064,428,380,0.076416035382411027,0.061824697948677364,0.80905398506067738
1065,380,427,0.080228656409205304,0.065399486376175459,0.8151636747174994
1066,428,429,0.026161189381464767,0.02104113184819131,0.80428804445332203
1067,429,380,0.081198498171729708,0.065306983980062794,0.80428807737235042
1068,429,430,0.02616081936566643,0.020828136045841557,0.79615763385364335
1069,430,382,0.077984727775787285,0.06182466209869325,0.79277909742077202
1070,382,429,0.081941618415138723,0.065238415917939219,0.79615727855683183
1071,430,431,0.02616050997033971,0.020686439591695156,0.79075062432456589
1072,431,382,0.082445997739926877,0.065194195092047352,0.79075027144071008
1073,431,384,0.026161988872937469,0.02061700676167913,0.78805196584292603
1074,384,336,0.07852112273452827,0.061825744756744426,0.78737723817030514
1075,336,431,0.082700714445545359,0.06517243727425874,0.78805168384817048
1076,432,433,0.026162070212066058,0.020617084903081572,0.78805250257194415
1077,433,385,0.078384299122550918,0.061823854025294417,0.78872752218700248
1078,385,432,0.082698765905578703,0.065170925412738473,0.78805197029357565
1079,433,434,0.026160445216271089,0.020686409621313458,0.79075143600564834
1080,434,386,0.077984174615097629,0.061824272857038821,0.79277972950514153
1081,386,433,0.082444887722751825,0.065193390471547666,0.79075115840756527
1082,434,435,0.026160420446077307,0.020827810435120039,0.79615732774826709
1083,435,387,0.077323552441829674,0.06182401724059703,0.79954962347477621
1084,387,434,0.081941971518886741,0.065238749059102513,0.79615791333584995
1085,435,436,0.026161483708476475,0.021041341023075508,0.80428699142388438
1086,436,388,0.076414906057880982,0.061823746262242421,0.80905348775032992
1087,388,435,0.081197658227050371,0.065306257714740926,0.80428745287366743
1088,436,437,0.02616048520020723,0.021325014599647672,0.81516127993982102
1089,437,388,0.080228151302099759,0.065398920024430873,0.81516174762859372
1090,389,437,0.07527451513829421,0.06182428117502143,0.82131756094925312
1091,437,438,0.026163321151549356,0.02168429847732721,0.82880527100219059
1092,438,389,0.079048709249367882,0.065516139092865022,0.82880719641084999
1093,438,439,0.02616007358444945,0.022111450050248525,0.84523653876082439
1094,439,391,0.072376149026764411,0.061823987275524787,0.85420387941146914
1095,391,438,0.07768176460231678,0.065659454137730514,0.84523638815192781
1096,439,440,0.026160114027666406,0.022614379740113894,0.86446028928610119
1097,440,392,0.070668824274842626,0.061823933982249425,0.87484027952419341
1098,392,439,0.076151911324266811,0.06583034751861136,0.86446087004035121
1099,440,441,0.026163040375728506,0.023192659662787423,0.88646653178364121
1100,441,393,0.068823110867311771,0.061820222295733626,0.89824800879635569
1101,393,440,0.074485463289046816,0.066028878645440436,0.88646664368871653
1102,441,442,0.026160798647684919,0.023837977403144198,0.91120984967535479
1103,442,393,0.072713538929754948,0.066257301241681874,0.91120996470395788
1104,394,442,0.066880567821283599,0.061821615723486913,0.92435841586580014
1105,442,443,0.026160633514847823,0.024554255585973503,0.93859560289460886
1106,443,394,0.070870291462418314,0.066518512818781725,0.93859516373028762
1107,443,444,0.026162375613773693,0.025337422534442725,0.96846795980955735
1108,444,396,0.062816198971690301,0.061819495706943138,0.98413302171950334
1109,396,443,0.068985053676064945,0.066809770729389512,0.96846732979450922
1110,444,445,0.026160858049381064,0.026176142480825441,1.0005842480936797
1111,445,396,0.067093344734710986,0.067132500221904368,1.0005835971861026
1112,445,446,0.026160633514847823,0.027065658159861866,1.034594905528583
1113,446,398,0.058750591921831082,0.06181583111167499,1.0521737584179964
1114,398,445,0.065226240398660068,0.067482740892741075,1.0345949801841923
1115,446,447,0.026160798647684957,0.027992746465363445,1.070026448441038
1116,447,398,0.063417937517102854,0.06785887534552755,1.0700265256533616
1117,447,448,0.026161875425835802,0.028941838219090271,1.1062600730263075
1118,448,400,0.054963906101560774,0.061814517772723815,1.124638370106096
1119,400,447,0.061698342393256195,0.068254414401506966,1.1062600996062961
1120,448,449,0.02616119404485372,0.029889744724209452,1.1425221904230778
1121,449,400,0.06009528642262061,0.068660199927365759,1.1425222178743324
1122,449,450,0.026160073584449411,0.030813648896542197,1.1778884641539791
1123,450,402,0.051709783355640755,0.061810871954785879,1.1953419245575556
1124,402,449,0.058635325838977501,0.069065908325559935,1.1778890513071689
1125,450,451,0.026162464749119398,0.031690746024536656,1.2113058279649793
1126,451,402,0.057345566849279619,0.069463053958375154,1.211306431776038
1127,451,452,0.026161206811832052,0.032482558057874415,1.2416307203069614
1128,452,404,0.049216253684305059,0.061812738308469978,1.255941557538377
1129,404,451,0.056239233645366801,0.069828394007914601,1.2416313217964221
1130,452,453,0.026161483708476423,0.033164790917661419,1.2676953374366875
1131,453,404,0.055335168258087569,0.070148168779268535,1.2676959515527624
1132,453,454,0.026160420446077335,0.033704926112322939,1.28839389954747
1133,454,406,0.047646985125033819,0.061811935037323858,1.2972895320683731
1134,406,453,0.054645553783437176,0.070405024005584724,1.2883943730280976
1135,454,455,0.026160741921614872,0.03408168695521991,1.3027798316018129
1136,455,406,0.054181506134170561,0.07058659937774675,1.3027803103692241
1137,455,456,0.026161970755070818,0.034276302904518829,1.3101575269468284
1138,456,408,0.047110042610497373,0.061809482697976086,1.3120234937805657
1139,408,455,0.053946754513208413,0.070678726690768093,1.3101571601209669
1140,456,457,0.026161970755070818,0.034276302904506388,1.3101575269463528
1141,457,408,0.053946754513208413,0.070678726690742433,1.3101571601204913
1142,457,458,0.026160741921614872,0.034081686955184272,1.3027798316004506
1143,458,410,0.047646985125033819,0.061811935037198548,1.2972895320657432
1144,410,457,0.054181506134170561,0.070586599377626208,1.3027803103669995
1145,458,459,0.026160420446077335,0.033704926112268198,1.2883938995453774
1146,459,410,0.054645553783437176,0.070405024005423755,1.2883943730251519
1147,459,460,0.026161483708476423,0.033164790917592495,1.2676953374340529
1148,460,412,0.049216253684305059,0.06181273830823026,1.2559415575335062
1149,412,459,0.055335168258087569,0.070148168779010159,1.267695951548093
1150,460,461,0.026161206811832052,0.032482558057800044,1.2416307203041186
1151,461,412,0.056239233645366801,0.069828394007642625,1.2416313217915862
1152,461,462,0.026162464749119398,0.0316907460244676,1.2113058279623397
1153,462,414,0.051709783355640755,0.061810871954564216,1.195341924553269
1154,414,461,0.057345566849279619,0.069463053958117235,1.2113064317715405
1155,462,463,0.026160073584449411,0.030813648896485909,1.1778884641518275
1156,463,414,0.058635325838977501,0.069065908325327829,1.1778890513032105
1157,463,464,0.02616119404485372,0.029889744724170351,1.1425221904215832
1158,464,416,0.054963906101560774,0.061814517772585828,1.1246383701035856
1159,416,463,0.06009528642262061,0.068660199927192356,1.1425222178714469
1160,464,465,0.026161875425835802,0.028941838219070811,1.1062600730255636
1161,465,416,0.061698342393256195,0.068254414401377972,1.1062600996042056
1162,465,466,0.026160798647684957,0.027992746465364912,1.0700264484410942
1163,466,418,0.058750591921831082,0.061815831111647838,1.0521737584175344
1164,418,465,0.063417937517102854,0.067858875345471789,1.0700265256524826
1165,466,467,0.026160633514847823,0.027065658159884928,1.0345949055294645
1166,467,418,0.065226240398660068,0.067482740892739618,1.0345949801841698
1167,467,468,0.026160858049381064,0.026176142480870478,1.0005842480954013
1168,468,420,0.062816198971690301,0.061819495707045119,0.98413302172112682
1169,420,467,0.067093344734710986,0.067132500221984831,1.0005835971873018
1170,468,469,0.026162375613773693,0.025337422534510143,0.96846795981213429
1171,469,420,0.068985053676064945,0.066809770729532397,0.96846732979658046
1172,469,470,0.026160633514847823,0.024554255586064066,0.93859560289807065
1173,470,422,0.066880567821283599,0.061821615723732459,0.92435841586947154
1174,422,469,0.070870291462418314,0.066518512819010112,0.93859516373351026
1175,470,471,0.026160798647684919,0.023837977403259613,0.91120984967976648
1176,471,423,0.068823110867311771,0.061820222296054411,0.89824800880101674
1177,423,470,0.072713538929754948,0.066257301241984937,0.91120996470812576
1178,471,472,0.026163040375728506,0.02319265966293128,0.8864665317891397
1179,472,423,0.074485463289046816,0.066028878645832345,0.88646664369397798
1180,424,472,0.070668824274842626,0.061823933982645581,0.87484027952979915
1181,472,473,0.026160114027666406,0.022614379740293379,0.86446028929296215
1182,473,424,0.076151911324266811,0.065830347519098178,0.86446087004674388
1183,473,474,0.02616007358444945,0.022111450050388975,0.84523653876619331
1184,474,426,0.073919805763766833,0.061823791390474912,0.83636301193825635
1185,426,473,0.077680877183155903,0.065658701994560115,0.84523636157905491
1186,474,475,0.026163321151549356,0.021684298477426363,0.82880527100598045
1187,475,427,0.07527451513829421,0.061824281175613435,0.82131756095711772
1188,427,474,0.079048709249367882,0.065516139093440409,0.82880719641812894
1189,475,476,0.02616048520020723,0.021325014599770244,0.81516127994450649
1190,476,428,0.076414906057880982,0.06182374626288091,0.80905348775868546
1191,428,475,0.080228151302099759,0.065398920025081297,0.81516174763670091
1192,476,477,0.026161483708476475,0.021041341023205602,0.80428699142885707
1193,477,428,0.081197658227050371,0.065306257715418828,0.8042874528820162
1194,429,477,0.077323552441829674,0.061824017241280359,0.79954962348361347
1195,477,478,0.026160420446077307,0.020827810435243607,0.79615732775299064
1196,478,429,0.081941971518886741,0.065238749059803841,0.79615791334440877
1197,430,478,0.077984174615097629,0.061824272857798027,0.79277972951487685
1198,478,479,0.026160445216271089,0.020686409621412362,0.79075143600942899
1199,479,430,0.082444887722751825,0.065193390472292889,0.79075115841660437
1200,431,479,0.078384299122550918,0.061823854026248758,0.78872752219917763
1201,479,432,0.026162070212066058,0.020617084903122106,0.78805250257349357
1202,432,431,0.082698765905578703,0.065170925413616354,0.78805197030419105
1203,480,481,0.026162094980697843,0.020617093858710286,0.78805209880636062
1204,481,433,0.078385172658610641,0.061824575518112893,0.78872793694511867
1205,433,480,0.082700982882517649,0.065172692882332781,0.78805221668181391
1206,481,482,0.026160413336109932,0.020686378343435296,0.79075120402938448
1207,482,434,0.077984648350062705,0.061824661239068116,0.79277989382660852
1208,434,481,0.082445241436521391,0.065193683306204661,0.79075131772645069
1209,482,483,0.02616028956120724,0.02082770057600462,0.79615711161277636
1210,483,435,0.077325134037021723,0.06182522843644904,0.79954893329830323
1211,435,482,0.081942670643710219,0.065239248307917802,0.79615721327390565
1212,483,484,0.026161966244713893,0.021041745367933976,0.80428761244906533
1213,484,435,0.081199494611064682,0.065307755991936112,0.80428771514837638
1214,484,485,0.026161479427380039,0.02132589067355339,0.81516378814701795
1215,485,437,0.075274244289589287,0.061824049695741269,0.82131744103463244
1216,437,484,0.080227654717539287,0.065398536553869679,0.8151620134493639
1217,485,486,0.026160899561683455,0.021682323204978027,0.82880648480203745
1218,486,438,0.073919943101448532,0.061823875159376415,0.83636259127700707
1219,438,485,0.079048744771706148,0.06551615896849397,0.8288070754027218
1220,486,487,0.026160224883044855,0.022111546219272395,0.84523532645942512
1221,487,438,0.077680776489224904,0.065658583263224712,0.84523592876716691
1222,487,488,0.026161955924402711,0.022615977718221818,0.86446050836461497
1223,488,440,0.070667480390095017,0.061822777048656741,0.87484054486428275
1224,440,487,0.076151145378915347,0.065829593655528595,0.86445966541897123
1225,488,489,0.026162932666480114,0.023192608432091449,0.88646822310580509
1226,489,441,0.06882617685733286,0.061823026180703733,0.89824873331050059
1227,441,488,0.07448694079529021,0.066030244456844966,0.88646739618846104
1228,489,490,0.026159394297253301,0.02383671693234779,0.91121058314605596
1229,490,441,0.072715435082652283,0.066259012197439668,0.9112097331484863
1230,490,491,0.026162171579836711,0.024555717611193871,0.93859630636009816
1231,491,443,0.064866153682152428,0.061820847642128092,0.95305246469604943
1232,443,490,0.070871106325414518,0.066519300262722389,0.93859548286560945
1233,491,492,0.026159614025846527,0.025334747762972093,0.96846794979239981
1234,492,444,0.062815485999795473,0.061818779385324506,0.98413278829882467
1235,444,491,0.068985123952011965,0.06680994086792752,0.96846880951322833
1236,492,493,0.026162436387905944,0.026177701754429451,1.0005834841334029
1237,493,445,0.060766064838253774,0.06181792210252663,1.0173099453958829
1238,445,492,0.067093633078187734,0.0671327728108293,1.0005833598636096
1239,493,494,0.026159397508331701,0.027064365566553377,1.0345943769512829
1240,494,446,0.058752138334553151,0.06181741448559798,1.05217301425848
1241,446,493,0.065226977765292349,0.067483507280268792,1.0345950340225201
1242,494,495,0.026162072658351791,0.02799409095209994,1.0700257321991387
1243,495,446,0.06341853418997706,0.067859506579194415,1.0700264117728413
1244,495,496,0.026162932666480076,0.028943025898559772,1.1062607647055389
1245,496,448,0.054963269499277184,0.061813841106969837,1.1246390847943051
1246,448,495,0.061698225923423895,0.068254281576668893,1.1062600351164389
1247,496,497,0.026159604163329176,0.029887952241925673,1.1425231075867324
1248,497,449,0.053256490175196632,0.061814307032233173,1.160690590553078
1249,449,496,0.060096310818759824,0.068661413955826547,1.1425229439274169
1250,497,498,0.026160224883044883,0.030813855822837449,1.1778895617525331
1251,498,450,0.051712386468504103,0.0618140014977187,1.1953422713408726
1252,450,497,0.058638005659755341,0.069069040321331168,1.1778886328791855
1253,498,499,0.026162764412892031,0.031691178552707991,1.2113084860822951
1254,499,450,0.057346281075040903,0.069463982132729071,1.2113075308550778
1255,499,500,0.026159908064771566,0.032481017006148867,1.2416334539756915
1256,500,452,0.049215863568342393,0.061812267594558913,1.2559419486508621
1257,452,499,0.056238529507282968,0.069827584066708082,1.2416324658287039
1258,500,501,0.026163217342054273,0.033167067927614806,1.2676983680559299
1259,501,452,0.055334730416135097,0.070147691618659774,1.2676973591653273
1260,501,502,0.026159380535484694,0.033703676368067731,1.2883973426797835
1261,502,454,0.047647681238459617,0.061812881992325923,1.2972904532956082
1262,454,501,0.05464516531555795,0.07040460991387143,1.2883959542863095
1263,502,503,0.026160965155573743,0.034082064381477123,1.3027831419367852
1264,503,454,0.054180984626113919,0.070585997319980873,1.3027817380409905
1265,503,504,0.026162002403994258,0.034276447527892592,1.3101614700050432
1266,504,456,0.047112632683630737,0.061812993819191656,1.312025889834608
1267,456,503,0.053947949342931956,0.070680415325907853,1.3101594441822488
1268,504,505,0.026162002403994258,0.034276447527888186,1.3101614700048747
1269,505,456,0.053947949342931956,0.070680415325898763,1.3101594441820805
1270,505,506,0.026160965155573743,0.034082064381465604,1.3027831419363451
1271,506,458,0.047647681238459617,0.061812881992270773,1.2972904532944507
1272,458,505,0.054180984626113919,0.070585997319923613,1.3027817380399336
1273,506,507,0.026159380535484694,0.033703676368053354,1.2883973426792339
1274,507,458,0.05464516531555795,0.070404609913808106,1.2883959542851506
1275,507,508,0.026163217342054273,0.033167067927602531,1.2676983680554608
1276,508,460,0.049215863568342393,0.061812267594479192,1.2559419486492422
1277,460,507,0.055334730416135097,0.07014769161856485,1.2676973591636118
1278,508,509,0.026159908064771566,0.032481017006142629,1.241633453975453
1279,509,460,0.056238529507282968,0.069827584066626008,1.2416324658272446
1280,509,510,0.026162764412892031,0.031691178552710093,1.2113084860823755
1281,510,462,0.051712386468504103,0.061814001497661766,1.1953422713397717
1282,462,509,0.057346281075040903,0.069463982132655089,1.2113075308537877
1283,510,511,0.026160224883044883,0.030813855822848939,1.1778895617529723
1284,511,462,0.058638005659755341,0.069069040321278793,1.1778886328782925
1285,463,511,0.053256490175196632,0.061814307032200227,1.1606905905524594
1286,511,512,0.026159604163329176,0.029887952241947006,1.1425231075875479
1287,512,463,0.060096310818759824,0.068661413955802206,1.1425229439270119
1288,464,512,0.054963269499277184,0.061813841106966042,1.124639084794236
1289,512,513,0.026162932666480076,0.028943025898591213,1.1062607647067406
1290,513,464,0.061698225923423895,0.068254281576677941,1.1062600351165854
1291,513,514,0.026162072658351791,0.027994090952141622,1.0700257322007318
1292,514,466,0.058752138334553151,0.061817414485663899,1.052173014259602
1293,466,513,0.06341853418997706,0.06785950657925259,1.0700264117737588
1294,514,515,0.026159397508331701,0.027064365566605339,1.0345943769532693
1295,515,466,0.065226977765292349,0.067483507280355723,1.0345950340238528
1296,467,515,0.060766064838253774,0.06181792210263206,1.017309945397618
1297,515,516,0.026162436387905944,0.026177701754491557,1.0005834841357768
1298,516,467,0.067093633078187734,0.067132772810959265,1.0005833598655467
1299,468,516,0.062815485999795473,0.061818779385472089,0.98413278830117423
1300,516,517,0.026159614025846527,0.025334747763043924,0.96846794979514572
1301,517,468,0.068985123952011965,0.066809940868102533,0.96846880951576531
1302,469,517,0.064866153682152428,0.061820847642320272,0.95305246469901217
1303,517,518,0.026162171579836711,0.024555717611274674,0.93859630636318669
1304,518,469,0.070871106325414518,0.066519300262944017,0.93859548286873662
1305,518,519,0.026159394297253301,0.023836716932436226,0.91121058314943659
1306,519,471,0.06882617685733286,0.061823026180993154,0.89824873331470567
1307,471,518,0.072715435082652283,0.066259012197736833,0.91120973315257303
1308,519,520,0.026162932666480114,0.02319260843218527,0.88646822310939111
1309,520,471,0.07448694079529021,0.06603024445716324,0.88646739619273385
1310,472,520,0.070667480390095017,0.061822777049000882,0.87484054486915264
1311,520,521,0.026161955924402711,0.022615977718317019,0.86446050836825394
1312,521,472,0.076151145378915347,0.065829593655896718,0.86445966542380526
1313,521,522,0.026160224883044855,0.022111546219361778,0.84523532646284194
1314,522,474,0.073919943101448532,0.061823875159612261,0.83636259128019763
1315,474,521,0.077680776489224904,0.065658583263487821,0.84523592877055398
1316,522,523,0.026160899561683455,0.021682323205059049,0.82880648480513452
1317,523,474,0.079048744771706148,0.065516158968736485,0.82880707540578979
1318,475,523,0.075274244289589287,0.06182404969601913,0.82131744103832383
1319,523,524,0.026161479427380039,0.021325890673627588,0.81516378814985413
1320,524,475,0.080227654717539287,0.065398536554154188,0.81516201345291006
1321,524,525,0.026161966244713893,0.021041745367999291,0.80428761245156188
1322,525,477,0.077325134037021723,0.061825228436730606,0.79954893330194454
1323,477,524,0.081199494611064682,0.065307755992248639,0.80428771515222519
1324,525,526,0.02616028956120724,0.020827700576057158,0.79615711161478464
1325,526,477,0.081942670643710219,0.065239248308192041,0.79615721327725231
1326,478,526,0.077984648350062705,0.061824661239309298,0.79277989382970127
1327,526,527,0.026160413336109932,0.020686378343470192,0.79075120403071841
1328,527,478,0.082445241436521391,0.065193683306427358,0.79075131772915175
1329,479,527,0.078385172658610641,0.061824575518271613,0.78872793694714349
1330,527,480,0.026162094980697843,0.020617093858722672,0.78805209880683402
1331,480,479,0.082700982882517649,0.065172692882460914,0.78805221668336323
1332,528,529,0.026162070212066058,0.020617084573269613,0.78805248996545108
1333,529,481,0.078385172658610641,0.061824578112792392,0.78872797004678075
1334,481,528,0.082699633530519026,0.065171639639545184,0.78805233901664862
1335,529,530,0.026160445216271075,0.020686413018478213,0.7907515658644767
1336,530,481,0.08244524143652146,0.06519369127636962,0.79075141439867536
1337,530,531,0.026160420446077335,0.020827817412243033,0.79615759445357437
1338,531,483,0.077325134037021723,0.061825241588965428,0.79954910339198049
1339,483,530,0.081941893122029305,0.06523863830402224,0.79615732342024015
1340,531,532,0.026161483708476437,0.021041352666009157,0.80428743646491518
1341,532,483,0.081199388797694116,0.065307626026145579,0.80428716266396538
1342,532,533,0.026161206811832056,0.021325636044375231,0.81516254956289635
1343,533,485,0.07527571290279729,0.06182533112928558,0.82131844050577052
1344,485,532,0.080229052550353161,0.065399781822580147,0.81516333227958904
1345,533,534,0.02616246474911945,0.021683622362721245,0.82880655819903404
1346,534,485,0.079048744771706148,0.065516180992576376,0.82880735401666406
1347,486,534,0.073919943101448532,0.061823895942251079,0.83636287243083096
1348,534,535,0.026160073584449384,0.022111462042421662,0.84523699717594136
1349,535,486,0.077681655748034387,0.065659340579587305,0.84523611073066907
1350,535,536,0.026160114027666537,0.022614387191478208,0.86446057412294064
1351,536,488,0.070667480390094933,0.061822784671905703,0.87484065273920619
1352,488,535,0.076151421381713075,0.065829957522123228,0.86446131047439079
1353,536,537,0.02616304037572844,0.023192664202234363,0.88646670528973737
1354,537,488,0.074486940795290058,0.066030249238731326,0.88646746038611024
1355,489,537,0.06882617685733286,0.061823030657904988,0.89824879836134985
1356,537,538,0.026160798647684991,0.023837980258097167,0.91120995880630828
1357,538,489,0.072714390154192704,0.066258133465707858,0.91121074281453518
1358,490,538,0.06688019123907904,0.061821291573586498,0.92435877392442989
1359,538,539,0.026160633514847754,0.024554258051877574,0.93859569715471669
1360,539,490,0.070871106325414518,0.066519303793666329,0.93859553268766138
1361,539,540,0.026162375613773679,0.025337424271868667,0.96846802621889194
1362,540,492,0.062815485999795626,0.061818780342899927,0.98413280354307953
1363,492,539,0.068985838449067916,0.066810518456412421,0.96846715149716522
1364,540,541,0.026160858049381147,0.026176142730731544,1.0005842576463488
1365,541,492,0.067093633078187831,0.067132772411862857,1.0005833539171953
1366,493,541,0.060766064838253857,0.06181792173514606,1.0173099393500635
1367,541,542,0.026160633514847671,0.027065657313806769,1.0345948731878165
1368,542,493,0.06522697776529239,0.067483505571829042,1.0345950078302932
1369,494,542,0.058752138334553228,0.06181741292060336,1.0521729876212418
1370,542,543,0.026160798647685002,0.027992744555732956,1.0700263754451573
1371,543,494,0.063418323746744193,0.067859237716064558,1.0700257229606822
1372,495,543,0.05680604166111515,0.061815314717831922,1.0881820473709527
1373,543,544,0.026161875425835757,0.028941835501552823,1.1062599691523551
1374,544,495,0.061698225923423791,0.068254278096099977,1.1062599787036531
1375,496,544,0.05496326949927733,0.061813837954825965,1.1246390274442954
1376,544,545,0.02616119404485372,0.029889742711947394,1.1425221135052561
1377,545,496,0.060096310818759928,0.068661412834676416,1.1425229252715254
1378,497,545,0.053256490175196791,0.061814306022887316,1.1606905716005327
1379,545,546,0.02616007358444945,0.030813653758587124,1.1778886500114412
1380,546,497,0.058638005659755361,0.069069052347450116,1.1778888379700441
1381,546,547,0.026162464749119423,0.03169075234006203,1.2113060693614
1382,547,499,0.050356505615979846,0.061811870362734368,1.2274852992007321
1383,499,546,0.057346281075040875,0.069463994227614206,1.2113077417647469
1384,547,548,0.026161206811832032,0.032482558440192232,1.2416307349208835
1385,548,500,0.049215863568342427,0.061812266766348871,1.2559419318227496
1386,500,547,0.05623748878927546,0.069826251041948548,1.2416317397028667
1387,548,549,0.02616148370847644,0.03316479001562464,1.2676953029571139
1388,549,500,0.055334930434508232,0.070147888167982883,1.2676963288316871
1389,549,550,0.026160420446077335,0.033704925408864113,1.2883938726572741
1390,550,502,0.047647681238459617,0.06181288155523041,1.2972904441221185
1391,502,549,0.054644558855094651,0.07040379116883419,1.2883952701590942
1392,550,551,0.026160741921614876,0.034081686705666303,1.3027798220625724
1393,551,503,0.047245688256444256,0.061811333708134471,1.308295761776811
1394,503,550,0.054180984626113912,0.07058599682084829,1.3027817288286703
1395,551,552,0.026161970755070818,0.034276302973728918,1.3101575295922747
1396,552,503,0.053947949342931886,0.070680415486361683,1.3101594471564848
1397,552,553,0.026161970755070818,0.03427630297372735,1.3101575295922148
1398,553,505,0.047245688256444256,0.061811333708123709,1.3082957617765831
1399,505,552,0.053947949342931886,0.070680415486352607,1.3101594471563165
1400,553,554,0.026160741921614876,0.034081686705665443,1.3027798220625393
1401,554,505,0.054180984626113912,0.070585996820840644,1.3027817288285293
1402,506,554,0.047647681238459617,0.061812881555218704,1.2972904441218729
1403,554,555,0.026160420446077335,0.033704925408873737,1.288393872657642
1404,555,506,0.054644558855094651,0.070403791168838117,1.2883952701591659
1405,555,556,0.02616148370847644,0.033164790015654776,1.2676953029582658
1406,556,508,0.049215863568342427,0.061812266766379166,1.2559419318233651
1407,508,555,0.055334930434508232,0.070147888167990738,1.267696328831829
1408,556,557,0.026161206811832032,0.032482558440244114,1.2416307349228668
1409,557,508,0.05623748878927546,0.069826251042004447,1.2416317397038605
1410,509,557,0.050356505615979846,0.061811870362790913,1.227485299201855
1411,557,558,0.026162464749119423,0.031690752340128588,1.2113060693639439
1412,558,509,0.057346281075040875,0.069463994227691145,1.2113077417660887
1413,558,559,0.02616007358444945,0.030813653758660981,1.1778886500142645
1414,559,511,0.053256490175196791,0.061814306022981151,1.1606905716022946
1415,511,558,0.058638005659755361,0.069069052347547816,1.1778888379717103
1416,559,560,0.02616119404485372,0.029889742712023781,1.142522113508176
1417,560,512,0.05496326949927733,0.061813837954934239,1.1246390274462654
1418,512,559,0.060096310818759928,0.068661412834792879,1.1425229252734634
1419,560,561,0.026161875425835757,0.028941835501629466,1.1062599691552848
1420,561,513,0.05680604166111515,0.06181531471795447,1.0881820473731101
1421,513,560,0.061698225923423791,0.068254278096232773,1.1062599787058054
1422,561,562,0.026160798647685002,0.027992744555809128,1.070026375448069
1423,562,514,0.058752138334553228,0.061817412920741055,1.0521729876235855
1424,514,561,0.063418323746744193,0.067859237716213272,1.0700257229630272
1425,562,563,0.026160633514847671,0.027065657313882486,1.0345948731907109
1426,563,515,0.060766064838253857,0.061817921735299985,1.0173099393525966
1427,515,562,0.06522697776529239,0.067483505571994326,1.0345950078328272
1428,563,564,0.026160858049381147,0.02617614273080698,1.0005842576492323
1429,564,516,0.062815485999795626,0.061818780343070812,0.98413280354579991
1430,516,563,0.067093633078187831,0.067132772412045502,1.0005833539199176
1431,564,565,0.026162375613773679,0.025337424271943847,0.96846802622176553
1432,565,516,0.068985838449067916,0.066810518456599896,0.96846715149988283
1433,565,566,0.026160633514847754,0.024554258051952216,0.93859569715756985
1434,566,518,0.06688019123907904,0.06182129157379003,0.92435877392747312
1435,518,565,0.070871106325414518,0.066519303793883267,0.93859553269072238
1436,566,567,0.026160798647684991,0.023837980258170605,0.91120995880911548
1437,567,519,0.06882617685733286,0.061823030658121281,0.89824879836449245
1438,519,566,0.072714390154192704,0.066258133465939006,0.91121074281771408
1439,567,568,0.02616304037572844,0.023192664202305535,0.88646670529245775
1440,568,520,0.070667480390094933,0.061822784672129219,0.87484065274236911
1441,520,567,0.074486940795290058,0.066030249238971495,0.88646746038933455
1442,568,569,0.026160114027666537,0.022614387191545675,0.86446057412551969
1443,569,520,0.076151421381713075,0.065829957522357041,0.86446131047746122
1444,569,570,0.026160073584449384,0.022111462042483813,0.84523699717831713
1445,570,522,0.073919943101448532,0.061823895942453626,0.83636287243357099
1446,522,569,0.077681655748034387,0.065659340579809544,0.84523611073352989
1447,570,571,0.02616246474911945,0.021683622362776819,0.82880655820115812
1448,571,523,0.07527571290279729,0.061825331129472499,0.82131844050825364
1449,523,570,0.079048744771706148,0.065516180992783571,0.82880735401928507
1450,571,572,0.026161206811832056,0.021325636044423248,0.81516254956473189
1451,572,523,0.080229052550353161,0.065399781822766637,0.81516333228191351
1452,572,573,0.026161483708476437,0.021041352666048511,0.80428743646641954
1453,573,525,0.077325134037021723,0.061825241589105601,0.79954910339379326
1454,525,572,0.081199388797694116,0.065307626026307297,0.80428716266595701
1455,573,574,0.026160420446077335,0.020827817412272482,0.79615759445470002
1456,574,525,0.081941893122029305,0.065238638304154009,0.79615732342184831
1457,574,575,0.026160445216271075,0.020686413018496528,0.79075156586517692
1458,575,527,0.078385172658610641,0.061824578112848229,0.78872797004749307
1459,527,574,0.08244524143652146,0.065193691276446836,0.79075141439961194
1460,575,528,0.026162070212066058,0.020617084573275844,0.78805248996568922
1461,528,527,0.082699633530519026,0.065171639639584333,0.78805233901712202
1462,576,577,0.026161912043923048,0.020616973031703328,0.7880529908169418
1463,577,529,0.078384299122550918,0.06182387282809286,0.78872776206665507
1464,529,576,0.082699849032671344,0.065171893038973167,0.78805334956810391
1465,577,578,0.026160509970339706,0.020686448300905734,0.79075095723896971
1466,578,529,0.082444887722751978,0.065193403564684838,0.79075131721834679
1467,578,579,0.026160819365666409,0.020828141573139197,0.79615784513516252
1468,579,531,0.077323552441829743,0.061824036978781319,0.79954987874220262
1469,531,578,0.081940809128899963,0.065237776970089298,0.79615734410755756
1470,579,580,0.026161189381464806,0.021041135940634528,0.8042882008851695
1471,580,531,0.081197658227050371,0.06530627735380809,0.80428769474107575
1472,580,581,0.026161918389014376,0.021326248609183317,0.8151637923516496
1473,581,533,0.075272944473254236,0.061823072406634982,0.82131864030643542
1474,533,580,0.080226890614479768,0.065397977697669543,0.81516281133131907
1475,581,582,0.026161058729789934,0.021682472568121662,0.82880715157875284
1476,582,533,0.079047454015295338,0.065515016356906638,0.82880615413912972
1477,582,583,0.026160352175020586,0.022111678942641138,0.8452362871381619
1478,583,535,0.072376149026764494,0.061824001991912354,0.85420408274347415
1479,535,582,0.077680877183155875,0.06565871935831892,0.84523658510586686
1480,583,584,0.026161182883298675,0.022615315618815399,0.86446074398467043
1481,584,536,0.070668824274842543,0.061823941637620762,0.87484038785161344
1482,536,583,0.076151954474778558,0.065830339078949862,0.86446026937828357
1483,584,585,0.026162310176311192,0.023192029927488627,0.88646720305640203
1484,585,536,0.074485463289046816,0.066028884058992404,0.88646671636802499
1485,585,586,0.026160023737524952,0.023837259571297079,0.91120940143123763
1486,586,538,0.066880567821283501,0.061821611915379084,0.92435835892687357
1487,538,585,0.072713538929754948,0.066257301640868863,0.91120997019381567
1488,586,587,0.026161250693494599,0.024554816999045295,0.93859491989621247
1489,587,539,0.064865568752881644,0.061820229891074156,0.95305153534675202
1490,539,586,0.070870291462418314,0.066518509102919232,0.93859511129840945
1491,587,588,0.026161471935459618,0.025336525331432599,0.96846711813226094
1492,588,540,0.062816198971690107,0.061819492478657416,0.98413297032693936
1493,540,587,0.068986751092689758,0.066811449041521448,0.96846782872488657
1494,588,589,0.026161471935459438,0.026176729031149617,1.0005831894981987
1495,589,541,0.060765590987141564,0.061817411002349783,1.0173094673831247
1496,541,588,0.067093344734710902,0.067132495277317711,1.0005835234889782
1497,589,590,0.026161250693494599,0.027066287750049017,1.0345945638133986
1498,590,542,0.058750591921831082,0.06181582567030016,1.0521736657997836
1499,542,589,0.065225426213319893,0.067481869036605399,1.0345945278441846
1500,590,591,0.02616155587542527,0.027993566368443894,1.0700268172788421
1501,591,543,0.056806810692629633,0.06181617440630887,1.0881824494739532
1502,543,590,0.063417937517102979,0.067858868178847329,1.070026412646212
1503,591,592,0.026160858966780845,0.028940715797955444,1.1062601512704331
1504,592,544,0.054963906101560663,0.061814496784096062,1.1246379882440867
1505,544,591,0.061699248211800346,0.068255434234429105,1.1062603874867774
1506,592,593,0.026161182883298651,0.029889721054947832,1.1425217731278308
1507,593,545,0.053255010712854961,0.061812573744902934,1.1606902884348178
1508,545,592,0.060095286422620485,0.068660178994478197,1.1425218695460582
1509,593,594,0.026160352175020586,0.030813990803316708,1.1778889900702363
1510,594,545,0.058637146655600672,0.069068055283467766,1.1778890894731282
1511,594,595,0.026162125559223228,0.03169035361455206,1.2113065332866237
1512,595,547,0.050356977091344929,0.061812364362015412,1.2274836166176339
1513,547,594,0.057346592445253086,0.069464301402745551,1.2113065212908831
1514,595,596,0.026161019434775865,0.03248233717445325,1.2416311702010532
1515,596,548,0.049216253684305059,0.061812727765418629,1.2559413433194846
1516,548,595,0.056238063597737496,0.069826908926892001,1.2416307472169292
1517,596,597,0.026161905010807989,0.033165337266935498,1.2676958062967607
1518,597,548,0.055333576519372693,0.0701461190044569,1.2676953744332471
1519,597,598,0.026160299270562942,0.033704783450050853,1.288394414049284
1520,598,550,0.047646985125033743,0.061811933936133122,1.297289508956929
1521,550,597,0.054643371132005618,0.070402188517281417,1.2883939453004496
1522,598,599,0.026160825634572692,0.034081808564729962,1.3027803113250884
1523,599,551,0.047246860622189017,0.061812777764231989,1.30829386228473
1524,551,598,0.054181506134170561,0.070586598601656933,1.3027802960453363
1525,599,600,0.026161912043923052,0.034276217494368939,1.3101572024561063
1526,600,551,0.053946754513208475,0.070678728145651015,1.3101571870898339
1527,600,601,0.026161912043923052,0.034276217494357747,1.3101572024556785
1528,601,553,0.047246860622189017,0.061812777764208994,1.3082938622842433
1529,553,600,0.053946754513208475,0.070678728145647782,1.3101571870897739
1530,601,602,0.026160825634572692,0.034081808564707022,1.3027803113242113
1531,602,553,0.054181506134170561,0.070586598601629233,1.3027802960448251
1532,554,602,0.047646985125033743,0.061811933936112937,1.2972895089565053
1533,602,603,0.026160299270562942,0.033704783450048514,1.2883944140491945
1534,603,554,0.054643371132005618,0.070402188517302372,1.2883939453008331
1535,603,604,0.026161905010807989,0.033165337266999585,1.2676958062992103
1536,604,556,0.049216253684305059,0.061812727765560696,1.2559413433223712
1537,556,603,0.055333576519372693,0.070146119004521501,1.2676953744344146
1538,604,605,0.026161019434775865,0.032482337174583549,1.2416311702060336
1539,605,556,0.056238063597737496,0.069826908927101472,1.241630747220654
1540,557,605,0.050356977091344929,0.061812364362220013,1.2274836166216969
1541,605,606,0.026162125559223228,0.031690353614706582,1.2113065332925301
1542,606,557,0.057346592445253086,0.069464301402986817,1.2113065212950902
1543,606,607,0.026160352175020586,0.030813990803468985,1.1778889900760572
1544,607,559,0.053255010712854961,0.061812573745129933,1.1606902884390802
1545,559,606,0.058637146655600672,0.069068055283728155,1.1778890894775691
1546,607,608,0.026161182883298651,0.029889721055087096,1.1425217731331541
1547,608,559,0.060095286422620485,0.068660178994717644,1.1425218695500425
1548,560,608,0.054963906101560663,0.061814496784315033,1.1246379882480706
1549,608,609,0.026160858966780845,0.028940715798079393,1.1062601512751711
1550,609,560,0.061699248211800346,0.068255434234657839,1.1062603874904846
1551,561,609,0.056806810692629633,0.061816174406518327,1.0881824494776404
1552,609,610,0.02616155587542527,0.027993566368553754,1.0700268172830414
1553,610,561,0.063417937517102979,0.067858868179065918,1.0700264126496588
1554,562,610,0.058750591921831082,0.061815825670501499,1.0521736658032106
1555,610,611,0.026161250693494599,0.027066287750146981,1.0345945638171432
1556,611,562,0.065225426213319893,0.067481869036815911,1.034594527847412
1557,563,611,0.060765590987141564,0.06181741100254512,1.0173094673863392
1558,611,612,0.026161471935459438,0.026176729031237817,1.00058318950157
1559,612,563,0.067093344734710902,0.067132495277522311,1.0005835234920275
1560,564,612,0.062816198971690107,0.061819492478848527,0.9841329703299817
1561,612,613,0.026161471935459618,0.025336525331512715,0.96846711813532327
1562,613,564,0.068986751092689758,0.066811449041721635,0.96846782872778847
1563,565,613,0.064865568752881644,0.061820229891261957,0.95305153534964726
1564,613,614,0.026161250693494599,0.024554816999118479,0.93859491989900989
1565,614,565,0.070870291462418314,0.066518509103115547,0.93859511130117945
1566,566,614,0.066880567821283501,0.061821611915563464,0.92435835892963036
1567,614,615,0.026160023737524952,0.023837259571364011,0.91120940143379614
1568,615,566,0.072713538929754948,0.066257301641060751,0.91120997019645467
1569,615,616,0.026162310176311192,0.023192029927549589,0.88646720305873217
1570,616,568,0.070668824274842543,0.061823941637793325,0.87484038785405527
1571,568,615,0.074485463289046816,0.066028884059182863,0.88646671637058205
1572,616,617,0.026161182883298675,0.022615315618870362,0.86446074398677142
1573,617,568,0.076151954474778558,0.065830339079126679,0.86446026938060549
1574,569,617,0.072376149026764494,0.061824001992074482,0.85420408274571424
1575,617,618,0.026160352175020586,0.022111678942689887,0.84523628714002541
1576,618,569,0.077680877183155875,0.065658719358483192,0.8452365851079815
1577,618,619,0.026161058729789934,0.021682472568163885,0.82880715158036689
1578,619,571,0.075272944473254236,0.061823072406765864,0.82131864030817414
1579,571,618,0.079047454015295338,0.065515016357054298,0.82880615414099779
1580,619,620,0.026161918389014376,0.021326248609218661,0.81516379235300052
1581,620,571,0.080226890614479768,0.065397977697797968,0.81516281133291979
1582,620,621,0.026161189381464806,0.021041135940662599,0.80428820088624242
1583,621,573,0.077323552441829743,0.061824036978868666,0.79954987874333228
1584,573,620,0.081197658227050371,0.065306277353911438,0.80428769474234862
1585,621,622,0.026160819365666409,0.020828141573159605,0.79615784513594257
1586,622,573,0.081940809128899963,0.065237776970169442,0.79615734410853556
1587,622,623,0.026160509970339706,0.020686448300918141,0.790750957239444
1588,623,575,0.078384299122550918,0.06182387282812403,0.78872776206705275
1589,575,622,0.082444887722751978,0.065193403564730468,0.79075131721890035
1590,623,576,0.026161912043923048,0.020616973031707495,0.78805299081710101
1591,576,575,0.082699849032671344,0.065171893038992845,0.78805334956834183
1592,576,624,0.078519459803908717,0.061824476585656582,0.78737776265978521
1593,624,625,0.026161941246619792,0.020616932739585613,0.78805057106568455
1594,625,576,0.082699918609444256,0.065171833356142794,0.78805196488670093
1595,625,626,0.02616064521179132,0.020686510297478235,0.79074923917221496
1596,626,578,0.077984727775787216,0.061824655491463751,0.79277901269611328
1597,578,625,0.082446158402261355,0.065194293803676209,0.79074992779636954
1598,626,627,0.026160410048705035,0.020827764072786852,0.79615587194581627
1599,627,579,0.077324081307811182,0.061824399354643553,0.79954909659428608
1600,579,626,0.081941618415138751,0.065238405531404337,0.79615715180152591
1601,627,628,0.026162001104401495,0.021041745463123367,0.80428654441052305
1602,628,580,0.076416035382411096,0.061824678351133686,0.80905372860215219
1603,580,627,0.081198900788388359,0.06530721284471866,0.80428690795846036
1604,628,629,0.026160637184477701,0.021325153878272128,0.81516186811096925
1605,629,580,0.080228578108090087,0.065399307167798237,0.81516223657469389
1606,581,629,0.075275019768758097,0.061824733293979126,0.82131806120944606
1607,629,630,0.026161980846036006,0.021683178073571011,0.8288049059120226
1608,630,581,0.079048264763374482,0.065515714679421036,0.82880648772667942
1609,630,631,0.026160325340547606,0.022111629048251879,0.84523524690190355
1610,631,583,0.072375601027335035,0.061823485526622458,0.85420341453569104
1611,583,630,0.077680206643049199,0.065658076856713279,0.84523561012679593
1612,631,632,0.026162002021761038,0.022616023927138556,0.86446075144887591
1613,632,583,0.076151259362492854,0.065829803181459826,0.86446112293558852
1614,584,632,0.070667123790083275,0.061822515027595643,0.87484125165811832
1615,632,633,0.026162143524090322,0.023191904853851687,0.88646806912042142
1616,633,584,0.074486075082809633,0.066029498209874998,0.88646768052239211
1617,633,634,0.026160646358550154,0.023837863792614534,0.91121081130411519
1618,634,586,0.066880740636309555,0.061821795425948234,0.92435871429906358
1619,586,633,0.072714503831563013,0.066258175199464725,0.91120989222378768
1620,634,635,0.026161373622916886,0.024554981270285492,0.93859678869368601
1621,635,586,0.070870787577524338,0.066519026538882309,0.93859584199086665
1622,635,636,0.026161002310082015,0.025336110212222131,0.96846863556363116
1623,636,588,0.06281589892144912,0.061819187958996893,0.9841328233844332
1624,588,635,0.068984925648413173,0.066809697772422391,0.96846806957396758
1625,636,637,0.026161002310081987,0.02617628042870479,1.0005840035653724
1626,637,588,0.067093594564895359,0.06713273822978956,1.0005834188069376
1627,589,637,0.060766837368589545,0.061818672490465278,1.0173093609511992
1628,637,638,0.026161373622916886,0.027066428310677525,1.0345950751977269
1629,638,589,0.065226733295816797,0.067483241573609951,1.0345948380943657
1630,638,639,0.026160646358550244,0.027992593430543396,1.0700268275823546
1631,639,591,0.056805725039474619,0.061815000600541424,1.0881825829629994
1632,591,638,0.063417255278496287,0.067858181816060958,1.0700271009532403
1633,639,640,0.026162143524090235,0.028942143499633092,1.1062604053441958
1634,640,592,0.054964674053519756,0.061815377242488569,1.1246382937211308
1635,592,639,0.061698998224844738,0.06825512567160387,1.1062598686427154
1636,640,641,0.026159715250228137,0.029888046693451003,1.1425218664484642
1637,641,592,0.060095923206966079,0.068660873037574607,1.1425213121547606
1638,593,641,0.053255645014599659,0.061813279816505244,1.160689722179866
1639,641,642,0.02616160747772946,0.030815475406115823,1.1778892192441941
1640,642,593,0.058637133012391707,0.069068074689568659,1.1778896944871537
1641,642,643,0.026160856520381713,0.031688833887805266,1.211307201012962
1642,643,595,0.050357337436779816,0.06181280440013863,1.2274835713413237
1643,595,642,0.057345233431600598,0.069462697449530236,1.211307257688347
1644,643,644,0.026161584619832437,0.032483042804438783,1.2416313184566889
1645,644,595,0.056237824720245182,0.069826647721626112,1.2416313765508975
1646,596,644,0.049214099514754674,0.061810053583897809,1.2559419799069329
1647,644,645,0.026162001104401506,0.033165475198519465,1.2676964222335305
1648,645,596,0.055333265387819935,0.070145770904933596,1.2676962115518708
1649,597,645,0.048307164735941995,0.061811927952766847,1.2795602534457358
1650,645,646,0.026160410048705042,0.03370495726750166,1.2883956025440846
1651,646,597,0.054644955452451273,0.070404297799414428,1.2883951906718265
1652,646,647,0.026160516468673067,0.034081446765175785,1.3027818776432776
1653,647,599,0.047247134078293999,0.061813173307453444,1.3082946619581586
1654,599,646,0.054179515015393635,0.07058404798605139,1.3027810966192084
1655,647,648,0.026161984515477004,0.034276369939905856,1.3101594001643306
1656,648,599,0.053946026532365909,0.070677851391152666,1.3101586147174007
1657,648,649,0.026161984515477004,0.03427636993985101,1.3101594001622341
1658,649,601,0.047247134078293999,0.061813173307334351,1.3082946619556379
1659,601,648,0.053946026532365909,0.070677851391129587,1.310158614716973
1660,649,650,0.026160516468673067,0.034081446765023928,1.3027818776374729
1661,650,601,0.054179515015393635,0.070584047985826778,1.3027810966150628
1662,650,651,0.026160410048705042,0.033704957267327043,1.2883956025374099
1663,651,603,0.048307164735941995,0.061811927952640268,1.2795602534431154
1664,603,650,0.054644955452451273,0.070404297799232907,1.2883951906685047
1665,651,652,0.026162001104401506,0.033165475198607373,1.2676964222368907
1666,652,604,0.049214099514754674,0.061810053584307675,1.2559419799152611
1667,604,651,0.055333265387819935,0.070145770904886551,1.2676962115510206
1668,652,653,0.026161584619832437,0.032483042804785811,1.2416313184699537
1669,653,605,0.050357337436779816,0.061812804400637057,1.2274835713512215
1670,605,652,0.056237824720245182,0.069826647722138105,1.2416313765600016
1671,653,654,0.026160856520381713,0.031688833888141581,1.2113072010258175
1672,654,605,0.057345233431600598,0.06946269745003468,1.2113072576971435
1673,654,655,0.02616160747772946,0.030815475406389469,1.177889219254654
1674,655,607,0.053255645014599659,0.061813279816900643,1.1606897221872905
1675,607,654,0.058637133012391707,0.069068074690074796,1.1778896944957853
1676,655,656,0.026159715250228137,0.029888046693666119,1.1425218664566874
1677,656,608,0.054964674053519756,0.061815377242826083,1.1246382937272714
1678,608,655,0.060095923206966079,0.0686608730380011,1.1425213121618574
1679,656,657,0.026162143524090235,0.028942143499803508,1.1062604053507097
1680,657,608,0.061698998224844738,0.068255125671938477,1.1062598686481386
1681,609,657,0.056805725039474619,0.061815000600832642,1.088182582968126
1682,657,658,0.026160646358550244,0.02799259343068114,1.0700268275876199
1683,658,609,0.063417255278496287,0.067858181816352836,1.0700271009578428
1684,658,659,0.026161373622916886,0.027066428310791327,1.0345950752020769
1685,659,611,0.060766837368589545,0.061818672490693394,1.0173093609549531
1686,611,658,0.065226733295816797,0.067483241573879624,1.0345948380985002
1687,659,660,0.026161002310081987,0.026176280428800665,1.0005840035690372
1688,660,612,0.06281589892144912,0.061819187959203513,0.98413282338772246
1689,612,659,0.067093594564895359,0.067132738230029743,1.0005834188105174
1690,660,661,0.026161002310082015,0.025336110212304242,0.96846863556676976
1691,661,612,0.068984925648413173,0.066809697772633236,0.96846806957702403
1692,661,662,0.026161373622916886,0.024554981270356727,0.93859678869640895
1693,662,614,0.066880740636309555,0.061821795426122622,0.92435871430167105
1694,614,661,0.070870787577524338,0.066519026539080151,0.9385958419936582
1695,662,663,0.026160646358550154,0.023837863792676862,0.91121081130649773
1696,663,614,0.072714503831563013,0.066258175199642819,0.91120989222623683
1697,663,664,0.026162143524090322,0.023191904853906417,0.88646806912251341
1698,664,616,0.070667123790083275,0.061822515027743212,0.87484125166020654
1699,616,663,0.074486075082809633,0.06602949821004063,0.88646768052461578
1700,664,665,0.026162002021761038,0.022616023927186528,0.86446075145070955
1701,665,617,0.072375601027335035,0.061823485526756282,0.85420341453754012
1702,617,664,0.076151259362492854,0.065829803181610039,0.86446112293756117
1703,665,666,0.026160325340547606,0.022111629048293564,0.84523524690349694
1704,666,617,0.077680206643049199,0.065658076856847603,0.84523561012852511
1705,666,667,0.026161980846036006,0.021683178073606601,0.82880490591338296
1706,667,619,0.075275019768758097,0.061824733294081953,0.82131806121081208
1707,619,666,0.079048264763374482,0.06551571467953822,0.82880648772816179
1708,667,668,0.026160637184477701,0.021325153878301584,0.81516186811209512
1709,668,620,0.076416035382411096,0.061824678351218701,0.80905372860326474
1710,620,667,0.080228578108090087,0.065399307167896978,0.81516223657592457
1711,668,669,0.026162001104401495,0.021041745463146546,0.80428654441140901
1712,669,620,0.081198900788388359,0.065307212844799012,0.8042869079594499
1713,621,669,0.077324081307811182,0.061824399354709125,0.79954909659513407
1714,669,670,0.026160410048705035,0.020827764072803578,0.79615587194645565
1715,670,621,0.081941618415138751,0.065238405531463498,0.79615715180224789
1716,622,670,0.077984727775787216,0.06182465549150841,0.79277901269668594
1717,670,671,0.02616064521179132,0.020686510297488348,0.79074923917260154
1718,671,622,0.082446158402261355,0.065194293803712847,0.79074992779681386
1719,671,624,0.026161941246619792,0.020616932739588995,0.78805057106581378
1720,576,671,0.082699918609444256,0.065171833356153494,0.78805196488683038
1721,672,673,0.026161936506917293,0.020616968199035701,0.78805206921836668
1722,673,625,0.07838413442128285,0.061823606762400091,0.78872602496473765
1723,625,672,0.082698951349203284,0.065171023911623355,0.78805139422425341
1724,673,674,0.026160835725979648,0.020686708958450564,0.79075107443555903
1725,674,626,0.077984736367199076,0.061824698997305874,0.79277948323371872
1726,626,673,0.082444888596061139,0.065193288771301525,0.79074991647712867
1727,674,675,0.026159947208549743,0.020827433594985702,0.79615732512559356
1728,675,626,0.081940882547602928,0.06523773833468513,0.79615615925036887
1729,675,676,0.026162164393899026,0.021041892743047609,0.80428715400758444
1730,676,628,0.076415134180216254,0.061823945833369004,0.80905368415063406
1731,628,675,0.081197608669032986,0.065306167657496791,0.80428683464914841
1732,676,677,0.026160744291574469,0.0213252625910689,0.81516268625189992
1733,677,628,0.080227220577464967,0.065398210668761184,0.81516236257511454
1734,629,677,0.075273478394108945,0.061823386843312324,0.82131699188423246
1735,677,678,0.026162663429641908,0.021683781179510319,0.82880633456236408
1736,678,629,0.07904880346955212,0.065516109314116638,0.82880583182200873
1737,678,679,0.026158979300289882,0.022110508059427256,0.84523588652337966
1738,679,631,0.072374178077466628,0.061822221188716463,0.85420273958129456
1739,631,678,0.0776802173793575,0.06565813106677254,0.84523619116725501
1740,679,680,0.02616167788604265,0.022615715992712761,0.86445969143203649
1741,680,632,0.07066665024512786,0.06182207432651543,0.87484087772757813
1742,632,679,0.076150510613332806,0.065829103901583447,0.86446043987599686
1743,680,681,0.026161728876526725,0.023191487563490574,0.88646616869035888
1744,681,633,0.068823918991009342,0.061820938472873573,0.89824786759018205
1745,633,680,0.07448518412039222,0.066028680178052135,0.8864673016224055
1746,681,682,0.026160735576238259,0.023837887556009782,0.91120861210269966
1747,682,634,0.066879977094945225,0.061821081799156581,0.92435859706400836
1748,634,681,0.072713510076845581,0.066257251831010638,0.91120964674911453
1749,682,683,0.026162724432439093,0.024556218482640356,0.93859561706016992
1750,683,634,0.070868870798692696,0.066517287045689752,0.9385966828035982
1751,683,684,0.026161563061530071,0.025336659283243187,0.96846886493950035
1752,684,636,0.062814730386577144,0.061818095708407635,0.98413374264227549
1753,636,683,0.068983968796545309,0.066808802598955344,0.96846852630347802
1754,684,685,0.026161563061529926,0.026176870974827533,1.00058512991986
1755,685,636,0.067092827633055283,0.06713206218042321,1.0005847800540246
1756,685,686,0.026159228849732138,0.027064219450286912,1.0345954617299065
1757,686,638,0.058751438169721767,0.061816726118825785,1.0521738368386657
1758,638,685,0.065225864169210168,0.067482410213682315,1.0345958780801765
1759,686,687,0.026161563214425802,0.027993569453913764,1.0700266350474719
1760,687,639,0.056804774037299985,0.061813963697480462,1.0881825470671052
1761,639,686,0.063417922978650565,0.067858851628399872,1.070026396973681
1762,687,688,0.026161728876526815,0.028941690256300195,1.1062606142313345
1763,688,640,0.054962042777359006,0.061812445915560489,1.1246388014716118
1764,640,687,0.061697269812218125,0.068253261896990269,1.1062606514798137
1765,688,689,0.026160196213595544,0.029888598090182468,1.142521938526182
1766,689,640,0.060095182887118077,0.06866006716010245,1.1425219769956025
1767,689,690,0.026161001774935112,0.030814748075787532,1.1778886887011788
1768,690,642,0.05171171610356718,0.061813259196449588,1.1953434125576348
1769,642,689,0.058637751728727469,0.069068782284882294,1.1778893332133762
1770,690,691,0.026162064784368871,0.031690276184748269,1.2113063875479109
1771,691,643,0.050355982384760474,0.061811130515659091,1.2274833612294962
1772,643,690,0.057345162737038248,0.069462570558396289,1.2113065382153256
1773,691,692,0.026160744291574469,0.032481978815837399,1.2416305306076019
1774,692,643,0.056237402583503002,0.06982608469501099,1.2416306850468619
1775,644,692,0.049215303827808789,0.061811544871082889,1.2559415479247062
1776,692,693,0.026162164393899026,0.033165673153031351,1.2676960764288114
1777,693,644,0.055334878749309417,0.070147844465612411,1.2676967231357286
1778,645,693,0.048307339864652875,0.061812186472345022,1.2795609662119654
1779,693,694,0.026160239026628299,0.033704744044422565,1.2883958747515563
1780,694,645,0.054645375214458163,0.070404859289162833,1.2883955689361797
1781,694,695,0.026160658590641973,0.03408162732850422,1.3027817021661561
1782,695,647,0.04724358135382252,0.061808555638553961,1.3082953041948624
1783,647,694,0.054179119883678108,0.070583573689940032,1.3027818436601053
1784,695,696,0.026161995906030008,0.034276372899254053,1.310158942856259
1785,696,648,0.047112845152373475,0.061813263366334296,1.3120256941905415
1786,648,695,0.05394695749042995,0.070679105789958202,1.3101592578691115
1787,696,697,0.026161995906030008,0.034276372899118036,1.31015894285106
1788,697,648,0.05394695749042995,0.070679105789677746,1.3101592578639125
1789,649,697,0.04724358135382252,0.061808555638209778,1.3082953041875771
1790,697,698,0.026160658590641973,0.03408162732798533,1.3027817021463213
1791,698,649,0.054179119883678108,0.070583573689032536,1.3027818436433554
1792,698,699,0.026160239026628299,0.033704744043094044,1.2883958747007722
1793,699,651,0.048307339864652875,0.061812186470460675,1.2795609661729579
1794,651,698,0.054645375214458163,0.070404859288206584,1.2883955689186803
1795,699,700,0.026162164393899026,0.033165673153131604,1.2676960764326435
1796,700,652,0.049215303827808789,0.061811544873317914,1.2559415479701195
1797,652,699,0.055334878749309417,0.070147844463986128,1.2676967231063387
1798,700,701,0.026160744291574469,0.032481978817328477,1.2416305306645987
1799,701,653,0.050355982384760474,0.061811130516921858,1.227483361254573
1800,653,700,0.056237402583503002,0.06982608469758686,1.2416306850926653
1801,701,702,0.026162064784368871,0.031690276185464931,1.2113063875753041
1802,702,653,0.057345162737038248,0.06946257055934095,1.2113065382317989
1803,654,702,0.05171171610356718,0.061813259197240684,1.195343412572933
1804,702,703,0.026161001774935112,0.030814748076181408,1.1778886887162348
1805,703,654,0.058637751728727469,0.069068782285558863,1.1778893332249143
1806,703,704,0.026160196213595544,0.029888598090431685,1.1425219385357086
1807,704,656,0.054962042777359006,0.061812445915972861,1.1246388014791147
1808,656,703,0.060095182887118077,0.068660067160659477,1.1425219770048716
1809,704,705,0.026161728876526815,0.028941690256477116,1.1062606142380971
1810,705,656,0.061697269812218125,0.068253261897392115,1.1062606514863269
1811,657,705,0.056804774037299985,0.061813963697809934,1.0881825470729052
1812,705,706,0.026161563214425802,0.027993569454049176,1.0700266350526479
1813,706,657,0.063417922978650565,0.067858851628728178,1.0700263969788577
1814,658,706,0.058751438169721767,0.061816726119099524,1.0521738368433249
1815,706,707,0.026159228849732138,0.027064219450395038,1.0345954617340398
1816,707,658,0.065225864169210168,0.067482410213957525,1.0345958780843958
1817,707,708,0.026161563061529926,0.026176870974915969,1.0005851299232404
1818,708,660,0.062814730386577144,0.061818095708609737,0.98413374264549291
1819,660,707,0.067092827633055283,0.067132062180660618,1.0005847800575631
1820,708,709,0.026161563061530071,0.025336659283316808,0.96846886494231443
1821,709,660,0.068983968796545309,0.066808802599160014,0.96846852630644487
1822,709,710,0.026162724432439093,0.024556218482702837,0.93859561706255812
1823,710,662,0.066879977094945225,0.061821081799315357,0.92435859706638235
1824,662,709,0.070868870798692696,0.06651728704587094,0.93859668280615494
1825,710,711,0.026160735576238259,0.023837887556063656,0.9112086121047589
1826,711,662,0.072713510076845581,0.066257251831172259,0.9112096467513372
1827,663,711,0.068823918991009342,0.061820938473016153,0.89824786759225372
1828,711,712,0.026161728876526725,0.023191487563537543,0.88646616869215422
1829,712,663,0.07448518412039222,0.066028680178197421,0.88646730162435594
1830,664,712,0.07066665024512786,0.061822074326643953,0.87484087772939678
1831,712,713,0.02616167788604265,0.022615715992754217,0.86445969143362111
1832,713,664,0.076150510613332806,0.06582910390171462,0.86446043987771948
1833,665,713,0.072374178077466628,0.061822221188832398,0.85420273958289639
1834,713,714,0.026158979300289882,0.022110508059464136,0.84523588652478954
1835,714,665,0.0776802173793575,0.065658131066890502,0.84523619116877358
1836,714,715,0.026162663429641908,0.021683781179542852,0.82880633456360753
1837,715,667,0.075273478394108945,0.061823386843402807,0.8213169918854345
1838,667,714,0.07904880346955212,0.065516109314218363,0.82880583182329559
1839,715,716,0.026160744291574469,0.021325262591096687,0.81516268625296207
1840,716,668,0.076415134180216254,0.061823945833444464,0.8090536841516216
1841,668,715,0.080227220577464967,0.065398210668848086,0.81516236257619767
1842,716,717,0.026162164393899026,0.021041892743070036,0.80428715400844164
1843,717,668,0.081197608669032986,0.065306167657568082,0.80428683465002637
1844,717,718,0.026159947208549743,0.020827433595002172,0.79615732512622317
1845,718,670,0.077984736367199076,0.061824698997345863,0.79277948323423153
1846,670,717,0.081940882547602928,0.065237738334736867,0.79615615925100025
1847,718,719,0.026160835725979648,0.020686708958460628,0.79075107443594372
1848,719,670,0.082444888596061139,0.065193288771333388,0.79074991647751514
1849,671,719,0.07838413442128285,0.061823606762420394,0.78872602496499666
1850,719,672,0.026161936506917293,0.020616968199039087,0.78805206921849613
1851,672,671,0.082698951349203284,0.065171023911634041,0.78805139422438264
1852,720,721,0.026162095286483278,0.020617090518593409,0.78805196192543825
1853,721,673,0.078385756873156007,0.061824984208273814,0.78872727233238471
1854,673,720,0.082699551909929808,0.065171496886215069,0.78805139061932294
1855,721,722,0.026160351639860416,0.020686322685227212,0.79075094134849278
1856,722,673,0.082445204976006131,0.065193576181679924,0.79075036808572541
1857,722,723,0.026160644905988944,0.020827981646193178,0.79615704127481346
1858,723,675,0.077324422752547708,0.061824650775044732,0.79954881749191864
1859,675,722,0.081942404799294322,0.065238987543643545,0.79615661394654813
1860,723,724,0.026161833150610745,0.021041638106597014,0.80428760421575429
1861,724,676,0.076415206495587348,0.061824030312147428,0.80905402402750171
1862,676,723,0.08119817222959419,0.065306681905779068,0.80428758569982728
1863,724,725,0.026160953076524687,0.021325438965876051,0.81516292252411315
1864,725,676,0.080227572177508519,0.065398540697657923,0.81516290375781986
1865,677,725,0.075274251702471581,0.061824075972287944,0.82131770923015357
1866,725,726,0.026162001715974707,0.021683229600122429,0.82880621427688739
1867,726,677,0.079049824121983511,0.065516967988219002,0.82880599313058989
1868,726,727,0.026160173889629077,0.02211152534734313,0.84523617620557978
1869,727,679,0.072375768210294622,0.061823603858791251,0.85420307635501624
1870,679,726,0.077681990780843355,0.065659579295675827,0.8452355383233523
1871,727,728,0.026160548195806724,0.022614757177297468,0.86446037017383259
1872,728,680,0.070667408277793359,0.061822685843323948,0.8748401469642012
1873,680,727,0.076151002295141601,0.065829521626474277,0.86446034382234482
1874,728,729,0.026162687203931952,0.023192353592951152,0.88646679953676955
1875,729,680,0.07448650442289749,0.066029811171649716,0.88646677251445638
1876,729,730,0.026159755235279962,0.02383700880010714,0.91120916788853268
1877,730,682,0.066879404365916217,0.061820477794550494,0.92435748165927289
1878,682,729,0.072713470276865075,0.066257185463777291,0.91120923278032639
1879,730,731,0.026162121201785658,0.02455563690444687,0.93859502886068968
1880,731,683,0.064866808718976085,0.061821472216235018,0.95305246916131725
1881,683,730,0.070871864880364899,0.066520017012365665,0.93859555021805396
1882,731,732,0.026160427097335279,0.025335513773493856,0.96846713087778868
1883,732,684,0.062814821415973041,0.061818130560110089,0.984132871297004
1884,684,731,0.06898670444610884,0.066811438239376117,0.96846832698854313
1885,732,733,0.026161954548360913,0.026177205094802335,1.0005829284051859
1886,733,684,0.067093295877464501,0.067132489377683624,1.0005841641807358
1887,733,734,0.026161370564978029,0.027066416558319904,1.0345947469034154
1888,734,686,0.05875038004306278,0.061815604862295377,1.0521737019741124
1889,686,733,0.065226610278847214,0.067483089845508881,1.0345944631648816
1890,734,735,0.026161504961051938,0.027993524298041545,1.0700272916147995
1891,735,686,0.063417008910123196,0.067857911676312707,1.0700269981588586
1892,687,735,0.056805811685469887,0.061815127578390063,1.0881831584531603
1893,735,736,0.026161030061254413,0.028940928497516553,1.106261046669538
1894,736,687,0.061699457970561047,0.068255683791026991,1.1062606712622038
1895,688,736,0.054965029734811939,0.061815806269213895,1.1246388215826442
1896,736,737,0.026160548195806724,0.029889024262841613,1.1425228569037604
1897,737,688,0.060096856705844359,0.068662028874775058,1.1425227980034727
1898,689,737,0.053255832487061526,0.061813530935786509,1.1606903516305762
1899,737,738,0.026160173889629171,0.030813812977229356,1.177890219966965
1900,738,689,0.058636060782668586,0.069066790576884043,1.1778893338840819
1901,738,739,0.026162001715974551,0.031690249354100981,1.2113082820704379
1902,739,691,0.050358186321476268,0.061813890943212449,1.2274844560247926
1903,691,738,0.057345802612074982,0.069463375051279155,1.2113070510351989
1904,739,740,0.026160953076524714,0.032482288671468573,1.2416324656235957
1905,740,691,0.056239073152446951,0.069828188097200011,1.2416312037703239
1906,740,741,0.026162650434040167,0.033166319633190007,1.2676972356759917
1907,741,693,0.048307177943070254,0.061812016967667485,1.2795617463001587
1908,693,740,0.05533556673679392,0.070148718871024821,1.2676967637232364
1909,741,742,0.026160050954569164,0.033704495463198536,1.2883956350746957
1910,742,693,0.054645027334499066,0.070404388485349204,1.2883951554161046
1911,742,743,0.026160861413179779,0.034081869260011846,1.3027808496719258
1912,743,695,0.047247660117035094,0.061813879214784914,1.3082950364455823
1913,695,742,0.054181293109366806,0.070586357852881948,1.3027809747988288
1914,743,744,0.02616192435186989,0.034276260735594297,1.3101582389196247
1915,744,696,0.047111605518528971,0.061811594798902775,1.3120247998042076
1916,696,743,0.053947344868947526,0.070679589534909729,1.3101588170207317
1917,744,745,0.02616192435186989,0.034276260735750685,1.3101582389256023
1918,745,696,0.053947344868947526,0.070679589535232193,1.3101588170267091
1919,697,745,0.047247660117035094,0.061813879214821642,1.3082950364463597
1920,745,746,0.026160861413179779,0.034081869260596177,1.3027808496942617
1921,746,697,0.054181293109366806,0.070586357853489989,1.302780974810051
1922,746,747,0.026160050954569164,0.033704495464646912,1.2883956351300616
1923,747,699,0.048307177943070254,0.061812016967805347,1.2795617463030127
1924,699,746,0.054645027334499066,0.070404388484252511,1.2883951553960351
1925,747,748,0.026162650434040167,0.033166319633269291,1.2676972356790221
1926,748,700,0.049217231520758423,0.061813967920027982,1.2559415881398492
1927,700,747,0.055335425344950007,0.070148527717324063,1.2676965484593663
1928,748,749,0.026160953076524714,0.032482288670209081,1.2416324655754518
1929,749,701,0.050358186321476268,0.061813890943456448,1.2274844560296378
1930,701,748,0.056239073152446951,0.069828188096272864,1.241631203753838
1931,749,750,0.026162001715974551,0.031690249353648732,1.2113082820531513
1932,750,701,0.057345802612074982,0.069463375052058976,1.2113070510487975
1933,750,751,0.026160173889629171,0.030813812977110309,1.1778902199624142
1934,751,703,0.053255832487061526,0.061813530936066043,1.1606903516358251
1935,703,750,0.058636060782668586,0.069066790576980314,1.1778893338857237
1936,751,752,0.026160548195806724,0.029889024262858582,1.142522856904409
1937,752,704,0.054965029734811939,0.061815806269484866,1.124638821587574
1938,704,751,0.060096856705844359,0.068662028874986583,1.1425227980069925
1939,752,753,0.026161030061254413,0.028940928497583937,1.1062610466721137
1940,753,705,0.056805811685469887,0.06181512757864089,1.0881831584575758
1941,705,752,0.061699457970561047,0.068255683791272712,1.1062606712661862
1942,753,754,0.026161504961051938,0.027993524298120988,1.0700272916178362
1943,754,706,0.05875038004306278,0.06181560486251899,1.0521737019779185
1944,706,753,0.063417008910123196,0.067857911676554666,1.070026998162674
1945,754,755,0.026161370564978029,0.027066416558394278,1.0345947469062582
1946,755,706,0.065226610278847214,0.067483089845743402,1.0345944631684771
1947,755,756,0.026161954548360913,0.026177205094864934,1.0005829284075787
1948,756,708,0.062814821415973041,0.061818130560273549,0.98413287129960625
1949,708,755,0.067093295877464501,0.067132489377875526,1.000584164183596
1950,756,757,0.026160427097335279,0.02533551377354425,0.96846713087971503
1951,757,708,0.06898670444610884,0.066811438239540208,0.96846832699092167
1952,709,757,0.064866808718976085,0.06182147221637415,0.95305246916346209
1953,757,758,0.026162121201785658,0.02455563690449028,0.93859502886234891
1954,758,709,0.070871864880364899,0.066520017012513172,0.9385955502201353
1955,710,758,0.066879404365916217,0.061820477794677947,0.92435748166117859
1956,758,759,0.026159755235279962,0.023837008800145734,0.91120916789000794
1957,759,710,0.072713470276865075,0.066257185463906229,0.91120923278209964
1958,759,760,0.026162687203931952,0.023192353592984289,0.8864667995380362
1959,760,712,0.070667408277793359,0.061822685843425144,0.87484014696563317
1960,712,759,0.07448650442289749,0.066029811171762723,0.8864667725159735
1961,760,761,0.026160548195806724,0.022614757177328585,0.86446037017502197
1962,761,712,0.076151002295141601,0.065829521626583481,0.8644603438237789
1963,713,761,0.072375768210294622,0.061823603858888458,0.85420307635635928
1964,761,762,0.026160173889629077,0.022111525347376336,0.8452361762068491
1965,762,713,0.077681990780843355,0.065659579295785878,0.84523553832476905
1966,762,763,0.026162001715974707,0.021683229600157793,0.82880621427823908
1967,763,715,0.075274251702471581,0.061824075972382792,0.82131770923141356
1968,715,762,0.079049824121983511,0.065516967988317812,0.82880599313183978
1969,763,764,0.026160953076524687,0.021325438965909937,0.81516292252540834
1970,764,716,0.076415206495587348,0.061824030312231389,0.80905402402860038
1971,716,763,0.080227572177508519,0.065398540697751154,0.81516290375898193
1972,764,765,0.026161833150610745,0.021041638106626091,0.80428760421686574
1973,765,716,0.08119817222959419,0.065306681905858657,0.80428758570080738
1974,717,765,0.077324422752547708,0.061824650775112108,0.79954881749279005
1975,765,766,0.026160644905988944,0.020827981646215198,0.79615704127565523
1976,766,717,0.081942404799294322,0.065238987543702553,0.79615661394726833
1977,766,767,0.026160351639860416,0.020686322685240857,0.79075094134901436
1978,767,719,0.078385756873156007,0.061824984208297809,0.7887272723326908
1979,719,766,0.082445204976006131,0.065193576181719046,0.79075036808619992
1980,767,720,0.026162095286483278,0.020617090518598027,0.78805196192561477
1981,720,719,0.082699551909929808,0.065171496886225769,0.78805139061945229
1982,720,768,0.078518818942049956,0.061823885575174271,0.78737666215793167
1983,768,769,0.026161936965598223,0.02061693201052188,0.78805067215138636
1984,769,720,0.082700432271399643,0.065172130969364112,0.78805066889478204
1985,769,770,0.026160599953000119,0.020686472872229918,0.79074917660126431
1986,770,722,0.077984161766355919,0.061824187014222778,0.79277875935181352
1987,722,769,0.082445932800525312,0.065194092002142184,0.7907496438893683
1988,770,771,0.026160636878675151,0.020827955244561568,0.7961562763611264
1989,771,723,0.077325445344778879,0.061825478707633746,0.79954895095613299
1990,723,770,0.081941937275187671,0.065238611785004702,0.79615657079124491
1991,771,772,0.026162531256426588,0.021042213618230575,0.80428814062331022
1992,772,723,0.081199892075000696,0.065308134367700527,0.80428843806070993
1993,724,772,0.076416734053475183,0.061825331709644889,0.80905488143971882
1994,772,773,0.026160203017814295,0.021324853563196362,0.81516391706420599
1995,773,724,0.080228157210240708,0.065399031087914977,0.81516307194411208
1996,725,773,0.075274623700685481,0.061824409329770076,0.8213180789266048
1997,773,774,0.026162445790683626,0.021683616043542121,0.82880691725173483
1998,774,725,0.079048651942997802,0.065516057520636967,0.82880676533080888
1999,726,774,0.073918570362511246,0.061822781654857689,0.83636332996791707
2000,774,775,0.026160064180819127,0.022111455574438436,0.84523705376268998
2001,775,726,0.077679947040208877,0.065657925918284343,0.84523649178466009
2002,727,775,0.072375244000614597,0.061823225816395384,0.85420403993208494
2003,775,776,0.026159739485916836,0.022614057218721745,0.86446033726352978
2004,776,727,0.076151257340205142,0.065829717025039911,0.8644600145069985
2005,728,776,0.070668053748198151,0.061823226975239211,0.87483981369467867
2006,776,777,0.026163055587999626,0.023192668509644836,0.88646635449885158
2007,777,728,0.074487555879477751,0.066030739283182621,0.88646671921980613
2008,729,777,0.06882603786959314,0.061822841360463489,0.89824786191529971
2009,777,778,0.02616009774335416,0.02383732434696605,0.91120929978259735
2010,778,729,0.07271416607200358,0.066257830353934885,0.91120938234132465
2011,730,778,0.066879619109972449,0.061820686441739887,0.92435763337835419
2012,778,779,0.026162757227117164,0.024556257240152059,0.93859592194281416
2013,779,730,0.070871133078160231,0.066519340835321669,0.93859570104461021
2014,731,779,0.064864849354486373,0.06181961477310198,0.95305262231101184
2015,779,780,0.026161418498128145,0.025336525780226452,0.96846911347866271
2016,780,731,0.068984204705657304,0.066809023729389114,0.96846841990062393
2017,732,780,0.062815904111209617,0.061819202006838832,0.98413296571189646
2018,780,781,0.026159520446462518,0.026174800194583445,1.0005840989383654
2019,781,732,0.067092826202204081,0.067131925698647024,1.0005827671698477
2020,733,781,0.06076389829773126,0.061815663368119146,1.0173090453353477
2021,781,782,0.026160891687347535,0.027065906422408248,1.034594185315878
2022,782,733,0.065225339652061828,0.067481768013383209,1.0345943520318648
2023,734,782,0.05875169715815217,0.061816984055960214,1.0521735889527868
2024,782,783,0.026162484166212745,0.027994562099959808,1.0700269103693556
2025,783,734,0.063418620694463149,0.067859656661431608,1.0700273187643796
2026,735,783,0.056807154769512626,0.06181661164562096,1.0881835553361814
2027,783,784,0.026160795360328466,0.028940657100406393,1.1062605972711919
2028,784,735,0.061698917931879808,0.068255080070485655,1.1062605692022724
2029,784,785,0.02616132102631933,0.029889888613828179,1.1425221449542919
2030,785,737,0.05325538002835984,0.061813040431713324,1.1606910024639072
2031,737,784,0.060095561351611669,0.068660522808473956,1.1425223637857338
2032,785,786,0.02616006418081919,0.030813656584478669,1.1778891814444223
2033,786,737,0.058636754582617003,0.069067612086645844,1.177889407049842
2034,786,787,0.026162445790683626,0.031690741144297416,1.2113065191933394
2035,787,739,0.050356000336915965,0.061811223200855546,1.2274847642246471
2036,739,786,0.05734480560086673,0.069462190018910394,1.2113074460899476
2037,787,788,0.026160546360985592,0.032481739760165267,1.2416307867563026
2038,788,739,0.056238434447966196,0.069827425041755917,1.2416317368571619
2039,740,788,0.049215766363967101,0.061812125000399586,1.2559415318919995
2040,788,789,0.026162531256426539,0.033166131549591249,1.2676958213454348
2041,789,740,0.055334923964825096,0.070147893057431576,1.2676965654099874
2042,741,789,0.048307747295208904,0.061812735819153523,1.279561546130801
2043,789,790,0.026159826795373192,0.033704188110950703,1.2883949261052394
2044,790,741,0.054645053832745344,0.070404447319602742,1.2883956073150353
2045,790,791,0.026160971118646507,0.034082012490694875,1.3027808614643728
2046,791,743,0.047244062093182451,0.061809167892729791,1.308294950819844
2047,743,790,0.054180246946462958,0.070584986631529748,1.3027808216023227
2048,791,792,0.026161936965598223,0.034276276692280006,1.3101582171592179
2049,792,743,0.053946780205161964,0.070678815212468521,1.3101581770714377
2050,792,793,0.026161936965598223,0.03427627669233943,1.3101582171614892
2051,793,745,0.047244062093182451,0.061809167893118938,1.308294950828081
2052,745,792,0.053946780205161964,0.070678815212790985,1.3101581770774151
2053,793,794,0.026160971118646507,0.034082012490875883,1.3027808614712919
2054,794,745,0.054180246946462958,0.070584986632104302,1.3027808216129273
2055,794,795,0.026159826795373192,0.033704188111217732,1.288394926115447
2056,795,747,0.048307747295208904,0.061812735821300618,1.2795615461752472
2057,747,794,0.054645053832745344,0.070404447321994218,1.2883956073587992
2058,795,796,0.026162531256426539,0.033166131549695652,1.2676958213494252
2059,796,748,0.049215766363967101,0.061812124998594842,1.2559415318553295
2060,748,795,0.055334923964825096,0.070147893055772279,1.267696565380001
2061,796,797,0.026160546360985592,0.032481739760105252,1.2416307867540084
2062,797,749,0.050356000336915965,0.061811223200149326,1.2274847642106226
2063,749,796,0.056238434447966196,0.069827425040919905,1.2416317368422964
2064,797,798,0.026162445790683626,0.031690741144299567,1.2113065191934216
2065,798,749,0.05734480560086673,0.069462190018211828,1.2113074460777655
2066,798,799,0.02616006418081919,0.030813656584551399,1.1778891814472026
2067,799,751,0.05325538002835984,0.061813040431792116,1.1606910024653867
2068,751,798,0.058636754582617003,0.06906761208667006,1.177889407050255
2069,799,800,0.02616132102631933,0.029889888613937616,1.142522144958475
2070,800,751,0.060095561351611669,0.068660522808587351,1.1425223637876207
2071,800,801,0.026160795360328466,0.028940657100522505,1.1062605972756303
2072,801,753,0.056807154769512626,0.061816611645830286,1.0881835553398662
2073,753,800,0.061698917931879808,0.068255080070718552,1.1062605692060472
2074,801,802,0.026162484166212745,0.027994562100063167,1.0700269103733062
2075,802,754,0.05875169715815217,0.061816984056154552,1.0521735889560946
2076,754,801,0.063418620694463149,0.067859656661664894,1.0700273187680582
2077,802,803,0.026160891687347535,0.027065906422486866,1.0345941853188831
2078,803,755,0.06076389829773126,0.061815663368274217,1.0173090453378997
2079,755,802,0.065225339652061828,0.067481768013585797,1.0345943520349707
2080,803,804,0.026159520446462518,0.026174800194628277,1.0005840989400792
2081,804,756,0.062815904111209617,0.061819202006937482,0.98413296571346698
2082,756,803,0.067092826202204081,0.067131925698801026,1.000582767172143
2083,804,805,0.026161418498128145,0.025336525780227145,0.96846911347868925
2084,805,757,0.064864849354486373,0.061819614773127973,0.95305262231141252
2085,757,804,0.068984204705657304,0.066809023729483163,0.96846841990198729
2086,805,806,0.026162757227117164,0.024556257240167117,0.9385959219433897
2087,806,758,0.066879619109972449,0.061820686441861082,0.92435763338016641
2088,758,805,0.070871133078160231,0.066519340835347426,0.9385957010449737
2089,806,807,0.02616009774335416,0.023837324346996223,0.91120929978375076
2090,807,759,0.06882603786959314,0.061822841360520631,0.89824786191612993
2091,759,806,0.07271416607200358,0.066257830354057121,0.91120938234300564
2092,807,808,0.026163055587999626,0.023192668509641721,0.88646635449873257
2093,808,760,0.070668053748198151,0.061823226975262109,0.87483981369500274
2094,760,807,0.074487555879477751,0.066030739283238729,0.88646671922055931
2095,808,809,0.026159739485916836,0.022614057218712215,0.86446033726316551
2096,809,761,0.072375244000614597,0.061823225816431501,0.85420403993258398
2097,761,808,0.076151257340205142,0.065829717025065737,0.86446001450733767
2098,809,810,0.026160064180819127,0.022111455574467431,0.84523705376379832
2099,810,762,0.073918570362511246,0.061822781654995475,0.83636332996978113
2100,762,809,0.077679947040208877,0.065657925918329516,0.84523649178524163
2101,810,811,0.026162445790683626,0.021683616043610607,0.82880691725435252
2102,811,763,0.075274623700685481,0.061824409329928387,0.8213180789287079
2103,763,810,0.079048651942997802,0.065516057520784668,0.82880676533267739
2104,811,812,0.026160203017814295,0.021324853563266365,0.81516391706688185
2105,812,764,0.076416734053475183,0.061825331709787767,0.80905488144158855
2106,764,811,0.080228157210240708,0.065399031088078,0.81516307194614401
2107,812,813,0.026162531256426588,0.021042213618288383,0.80428814062551979
2108,813,765,0.077325445344778879,0.06182547870774617,0.79954895095758682
2109,765,812,0.081199892075000696,0.065308134367842371,0.80428843806245676
2110,813,814,0.026160636878675151,0.020827955244603111,0.79615627636271435
2111,814,765,0.081941937275187671,0.065238611785097281,0.79615657079237467
2112,766,814,0.077984161766355919,0.061824187014299044,0.79277875935279152
2113,814,815,0.026160599953000119,0.020686472872254617,0.79074917660220845
2114,815,766,0.082445932800525312,0.065194092002196433,0.79074964389002633
2115,815,768,0.026161936965598223,0.02061693201053005,0.78805067215169866
2116,720,815,0.082700432271399643,0.065172130969389938,0.78805066889509434
2117,768,816,0.078520087721194315,0.061824893348039929,0.78737677379532545
2118,816,817,0.026162015705704266,0.020617018376741288,0.78805160155324083
2119,817,768,0.082700543322566794,0.065172286643609273,0.78805149307677491
2120,817,818,0.026160546743240011,0.020686467803013774,0.7907505911878252
2121,818,770,0.077985755840498661,0.061825460423097972,0.79277888323025636
2122,770,817,0.082445650166769455,0.065193897897217273,0.79075000033772946
2123,818,819,0.026160658361290348,0.020827998378997643,0.79615727140172488
2124,819,770,0.08194182097342291,0.065238527853521119,0.79615667651174904
2125,819,820,0.026161451294443128,0.021041327420691976,0.80428746799537454
2126,820,772,0.076415434015054087,0.061824261226619076,0.80905463697869595
2127,772,819,0.081197520883285759,0.065306235917541269,0.80428854486103329
2128,820,821,0.026161499533237594,0.021325885539898112,0.81516296544103117
2129,821,772,0.080226475815477399,0.065397739493964116,0.81516405686796345
2130,773,821,0.075273969613892475,0.061823894051860305,0.82131837033409438
2131,821,822,0.026161662825865621,0.021682960978893065,0.82880668263392898
2132,822,773,0.079049815570427701,0.065517004169331039,0.82880654049040892
2133,822,823,0.026160359590810249,0.022111693336526204,0.84523659775279691
2134,823,775,0.072375369568107764,0.061823350908938167,0.85420428631815448
2135,775,822,0.077682666737898698,0.065660238513945202,0.84523666953250765
2136,823,824,0.026161987573344085,0.022616040442742819,0.86446186014497772
2137,824,776,0.070668528189383975,0.061823730761197931,0.87484106921707849
2138,776,823,0.07615010467995173,0.065828739583934801,0.86446026385129493
2139,824,825,0.026160567461420901,0.023190503287154458,0.88646789949620131
2140,825,777,0.068824031742239861,0.061821027348427336,0.89824768737698757
2141,777,824,0.074485463369599311,0.066028979103870317,0.88646799142850674
2142,825,826,0.026160653621355417,0.023837830835653842,0.91120929853964305
2143,826,778,0.066880921405312932,0.061821911105132729,0.92435794552647532
2144,778,825,0.072714456523315388,0.066258082141301827,0.9112092052844627
2145,826,827,0.026161658009665096,0.024555212230232212,0.93859541398945723
2146,827,779,0.064865553336404522,0.061820290195094579,0.95305269153387695
2147,779,826,0.070871009276075883,0.066519247098223447,0.93859601800081216
2148,827,828,0.026161310552856285,0.025336386474411932,0.96846778464031158
2149,828,779,0.068984985922330447,0.066809779483502044,0.96846840787533905
2150,828,829,0.026161310552856396,0.026176580847120785,1.0005836976031279
2151,829,781,0.060767248413127903,0.061819081753415939,1.0173092145482237
2152,781,828,0.067094056961417237,0.067133197617188833,1.0005833699368352
2153,829,830,0.026161658009664995,0.027066731552279125,1.0345954198422656
2154,830,781,0.065228082143885785,0.067484652931605466,1.0345950810379789
2155,782,830,0.058751337474384928,0.061816635531820534,1.0521740983134562
2156,830,831,0.026160211503972398,0.027992147074436063,1.0700275519632358
2157,831,782,0.063417347366787349,0.067858250205150419,1.0700266255647399
2158,783,831,0.056804920186572225,0.06181416512478672,1.0881832933091349
2159,831,832,0.026160986179221756,0.028940862059835627,1.1062603627237024
2160,832,783,0.061697641690830952,0.068253673642892296,1.1062606571725035
2161,784,832,0.05496373071372801,0.061814298514778099,1.1246379696591275
2162,832,833,0.026161599297815447,0.029890215167873452,1.1425224745480049
2163,833,784,0.060095905335562687,0.068660918756368539,1.1425224126832043
2164,785,833,0.053255507263980768,0.061813190758423661,1.1606910521389562
2165,833,834,0.026160710576968116,0.030814450427217213,1.1778904222252375
2166,834,785,0.058636986211262059,0.06906792826160861,1.1778901462084888
2167,834,835,0.026161354969484508,0.031689449498588554,1.2113076534282037
2168,835,787,0.050356907230182477,0.061812296350784883,1.2274839689466945
2169,787,834,0.05734572993027523,0.069463313407144872,1.2113075113282716
2170,835,836,0.026161758920348773,0.032483281257948506,1.2416321607750469
2171,836,787,0.056238949786317077,0.069828080551288627,1.2416320151177109
2172,836,837,0.02616124480693436,0.033164525124068867,1.2676967540657011
2173,837,789,0.048306101322560559,0.061810581342661493,1.2795605451561021
2174,789,836,0.055334422254862944,0.070147285266602188,1.2676970754933192
2175,837,838,0.026160808433301853,0.033705464223973705,1.2883953609425829
2176,838,789,0.054644261954192884,0.070403431454871407,1.2883956876183833
2177,838,839,0.026160546743240032,0.034081480962389839,1.3027816771909251
2178,839,791,0.047248147841614567,0.061814517317030943,1.3082950367545796
2179,791,838,0.054181517687909117,0.070586686009538685,1.3027816314804055
2180,839,840,0.026161985203497131,0.03427637878504488,1.310159703800424
2181,840,791,0.053947653613083645,0.070680039398504743,1.3101596578310326
2182,840,841,0.026161985203497131,0.034276378784993899,1.3101597037984756
2183,841,793,0.047248147841614567,0.06181451731704616,1.3082950367549018
2184,793,840,0.053947653613083645,0.070680039398627284,1.3101596578333041
2185,841,842,0.026160546743240032,0.034081480962273786,1.3027816771864889
2186,842,793,0.054181517687909117,0.070586686009525695,1.3027816314801657
2187,842,843,0.026160808433301853,0.033705464223905149,1.2883953609399623
2188,843,795,0.048306101322560559,0.061810581342922874,1.2795605451615131
2189,795,842,0.054644261954192884,0.070403431455042298,1.2883956876215108
2190,843,844,0.02616124480693436,0.033164525124207637,1.2676967540710056
2191,844,795,0.055334422254862944,0.070147285267208676,1.2676970755042796
2192,844,845,0.026161758920348773,0.032483281258294576,1.241632160788275
2193,845,797,0.050356907230182477,0.061812296351137393,1.2274839689536947
2194,797,844,0.056238949786317077,0.069828080551543534,1.2416320151222435
2195,845,846,0.026161354969484508,0.031689449498997053,1.2113076534438183
2196,846,797,0.05734572993027523,0.069463313407553823,1.211307511335403
2197,846,847,0.026160710576968116,0.030814450427598405,1.1778904222398088
2198,847,799,0.053255507263980768,0.061813190758885715,1.1606910521476324
2199,799,846,0.058636986211262059,0.069067928262173575,1.1778901462181237
2200,847,848,0.026161599297815447,0.029890215168192794,1.1425224745602114
2201,848,800,0.05496373071372801,0.061814298515202752,1.1246379696668536
2202,800,847,0.060095905335562687,0.068660918756907649,1.1425224126921754
2203,848,849,0.026160986179221756,0.02894086206008829,1.1062603627333605
2204,849,801,0.056804920186572225,0.061814165125149742,1.0881832933155255
2205,801,848,0.061697641690830952,0.068253673643359436,1.1062606571800748
2206,849,850,0.026160211503972398,0.027992147074629384,1.0700275519706257
2207,850,802,0.058751337474384928,0.061816635532112654,1.0521740983184285
2208,802,849,0.063417347366787349,0.067858250205528978,1.0700266255707094
2209,850,851,0.026161658009664995,0.027066731552423787,1.0345954198477951
2210,851,803,0.060767248413127903,0.061819081753633771,1.0173092145518083
2211,803,850,0.065228082143885785,0.067484652931891057,1.0345950810423574
2212,851,852,0.026161310552856396,0.026176580847227338,1.0005836976072009
2213,852,803,0.067094056961417237,0.067133197617387411,1.0005833699397948
2214,852,853,0.026161310552856285,0.025336386474490068,0.9684677846432983
2215,853,805,0.064865553336404522,0.061820290195147211,0.9530526915346883
2216,805,852,0.068984985922330447,0.066809779483587059,0.9684684078765714
2217,853,854,0.026161658009665096,0.024555212230216814,0.9385954139888687
2218,854,806,0.066880921405312932,0.06182191110507923,0.92435794552567541
2219,806,853,0.070871420246238118,0.066519583218437608,0.93859531793379702
2220,854,855,0.026160653621355417,0.023837830835527665,0.91120929853481991
2221,855,806,0.072714456523315388,0.066258082141153335,0.91120920528242055
2222,807,855,0.068824031742239861,0.061821027348231868,0.8982476873741474
2223,855,856,0.026160567461420901,0.023190503286933919,0.88646789948777116
2224,856,807,0.074485463369599311,0.066028979103473953,0.88646799142318544
2225,808,856,0.070668528189383975,0.061823730760797176,0.87484106921140758
2226,856,857,0.026161987573344085,0.02261604044234446,0.86446186012975101
2227,857,808,0.07615010467995173,0.065828739583161627,0.86446026384114161
2228,809,857,0.072375369568107764,0.061823350908223905,0.8542042863082856
2229,857,858,0.026160359590810249,0.022111693336534378,0.84523659775310933
2230,858,809,0.077682666737898698,0.06566023851471299,0.84523666954239129
2231,858,859,0.026161662825865621,0.02168296097929415,0.82880668264926005
2232,859,811,0.075273969613892475,0.061823894052380972,0.82131837034101129
2233,811,858,0.079049815570427701,0.065517004170218177,0.82880654050163138
2234,859,860,0.026161499533237594,0.021325885540122772,0.81516296544961864
2235,860,812,0.076415434015054087,0.061824261226952663,0.80905463698306135
2236,812,859,0.080226475815477399,0.065397739494502977,0.81516405687468019
2237,860,861,0.026161451294443128,0.021041327420819277,0.80428746800024042
2238,861,812,0.081197520883285759,0.065306235917786518,0.80428854486405377
2239,861,862,0.026160658361290348,0.020827998379068652,0.79615727140443926
2240,862,814,0.077985755840498661,0.061825460423221755,0.79277888323184365
2241,814,861,0.08194182097342291,0.065238527853717004,0.79615667651413957
2242,862,863,0.026160546743240011,0.020686467803049707,0.79075059118919877
2243,863,814,0.082445650166769455,0.06519389789730401,0.79075000033878151
2244,863,816,0.026162015705704266,0.020617018376752269,0.78805160155366061
2245,768,863,0.082700543322566794,0.065172286643643981,0.78805149307719469
2246,864,865,0.026161976717914384,0.020616998750813329,0.78805202577433153
2247,865,817,0.078384070939121656,0.06182362435718116,0.78872688821173309
2248,817,864,0.08270005713403715,0.065171948456516124,0.78805203666169021
2249,865,866,0.026160533211430331,0.020686450557396433,0.79075034098914676
2250,866,817,0.082445724955282629,0.065193986022176784,0.79075035191378407
2251,818,866,0.077984386375393094,0.061824402227870702,0.79277923570837439
2252,866,867,0.026160512416771305,0.020827859736861149,0.79615641333954024
2253,867,818,0.081942133193862954,0.065238774605685251,0.79615665424940762
2254,867,868,0.026161541961897631,0.021041369196928505,0.80428627745160119
2255,868,820,0.07641428062858191,0.061823201707867419,0.80905298328154562
2256,820,867,0.081199143869754187,0.065307403202420899,0.80428684454082289
2257,868,869,0.026161312081829247,0.021325696881736043,0.81516159491664575
2258,869,820,0.080227006560376651,0.065398020734197038,0.81516216967387756
2259,869,870,0.026161275462902291,0.021682589806774458,0.82880476670647107
2260,870,822,0.073918506319136906,0.061822630426633642,0.83636200871970623
2261,822,869,0.079047738299272169,0.065515229793097762,0.82880587354769386
2262,870,871,0.026161301684811414,0.02211244797226751,0.84523500545484842
2263,871,823,0.072376642888663065,0.061824399430957397,0.8542037453445005
2264,823,870,0.077681715169927487,0.065659340951963518,0.84523546896891733
2265,871,872,0.026160503624906704,0.022614709712852617,0.86446002864110638
2266,872,824,0.070666116555140671,0.061821638045561553,0.87484131093184125
2267,824,871,0.076150790820613462,0.065829418184443211,0.86446138608745304
2268,872,873,0.026163346071882324,0.023192948372358742,0.88646720907323628
2269,873,825,0.068826158637546903,0.061822980344562989,0.89824830512677412
2270,825,872,0.074485791727736367,0.06602915965077237,0.88646650749346889
2271,873,874,0.026160739628105396,0.023837953074897389,0.91121097544533658
2272,874,826,0.06687872594839922,0.061819952885089874,0.92435900966157036
2273,826,873,0.072714130838200136,0.066257844593668166,0.91121001970169768
2274,874,875,0.026160636649323298,0.024554288982156832,0.93859676701682959
2275,875,827,0.064864220383099594,0.061819004312729249,0.95305245245553316
2276,827,874,0.070868722468480749,0.066517127672157519,0.93859639845689857
2277,875,876,0.026161490588808584,0.025336582582111428,0.96846861596448797
2278,876,827,0.068984644920282209,0.066809437354594256,0.96846823567474183
2279,876,877,0.026159519452562043,0.026174784044364515,1.0005835195799431
2280,877,829,0.060765784681676809,0.061817573141450956,1.0173088929120881
2281,829,876,0.067092079800488966,0.067131272550992285,1.0005841635945683
2282,877,878,0.026162574065638249,0.027067656291869958,1.0345945404286667
2283,878,829,0.065226197777828857,0.067482711548342497,1.0345952063341128
2284,878,879,0.026161035871413406,0.027993025835490855,1.0700274244904535
2285,879,831,0.056807379388311957,0.06181683012630295,1.0881830986032368
2286,831,878,0.063418264710243547,0.067859276533622129,1.0700273311429989
2287,879,880,0.026161293810596519,0.028941212031747602,1.1062607316471897
2288,880,832,0.054963888526415081,0.061814494565751887,1.1246383074961022
2289,832,879,0.061698466059146875,0.068254573396505994,1.1062604592320682
2290,880,881,0.026160503624906798,0.029888964442138687,1.1425225167944439
2291,881,832,0.060095659361945331,0.068660627075046082,1.1425222354499098
2292,881,882,0.026161301684811334,0.030815145951669943,1.1778903940991792
2293,882,834,0.051711498744582376,0.06181306066774224,1.1953445977857713
2294,834,881,0.05863660975882308,0.069067486572774561,1.1778901757256173
2295,882,883,0.026161275462902287,0.031689362916105766,1.2113080251397728
2296,883,834,0.057344987029109958,0.069462430111991658,1.2113078005707898
2297,835,883,0.050357513100769226,0.061813054807267329,1.2274842620519144
2298,883,884,0.026161312081829306,0.032482734007517416,1.2416324496995983
2299,884,835,0.056239243389438039,0.069828461056525876,1.2416322988733512
2300,884,885,0.026161680255917402,0.03316508345186233,1.2676969952784611
2301,885,837,0.048308100156026157,0.061813128184755366,1.2795603218737746
2302,837,884,0.055335208774738312,0.070148272351398255,1.2676968950629932
2303,885,886,0.026160411883535736,0.033704971755597293,1.2883960659965674
2304,886,837,0.054644330835931391,0.070403535312405743,1.2883959641447724
2305,838,886,0.047645618683232881,0.061810285367001352,1.2972921136346416
2306,886,887,0.026160533211430307,0.03408147933090918,1.3027822887041911
2307,887,838,0.054180649932533,0.070585558075770896,1.3027816787666016
2308,887,888,0.026162126400132209,0.034276575094481218,1.3101601364600088
2309,888,840,0.047112969619132035,0.061813507702095316,1.3120274141452879
2310,840,887,0.053948310689462917,0.070680902838926488,1.3101597053850242
2311,888,889,0.026162126400132209,0.034276575094202663,1.3101601364493616
2312,889,840,0.053948310689462917,0.070680902838352058,1.3101597053743765
2313,889,890,0.026160533211430307,0.034081479330127208,1.3027822886742999
2314,890,842,0.047645618683232881,0.061810285365966958,1.2972921136129314
2315,842,889,0.054180649932533,0.070585558075061894,1.3027816787535156
2316,890,891,0.026160411883535736,0.033704971754638061,1.2883960659599001
2317,891,843,0.048308100156026157,0.061813128183904893,1.2795603218561693
2318,843,890,0.054644330835931391,0.070403535311354348,1.2883959641255318
2319,891,892,0.026161680255917402,0.033165083452003641,1.2676969952838626
2320,892,843,0.055335208774738312,0.070148272352645952,1.2676968950855412
2321,892,893,0.026161312081829306,0.032482734008753678,1.2416324497468536
2322,893,845,0.050357513100769226,0.061813054808905921,1.2274842620844537
2323,845,892,0.056239243389438039,0.069828461058219646,1.2416322989034685
2324,893,894,0.026161275462902287,0.031689362917246777,1.2113080251833874
2325,894,846,0.051711498744582376,0.061813060669126105,1.1953445978125325
2326,846,893,0.057344987029109958,0.069462430113845855,1.2113078006031239
2327,894,895,0.026161301684811334,0.030815145952505844,1.1778903941311309
2328,895,846,0.05863660975882308,0.06906748657400491,1.1778901757465998
2329,895,896,0.026160503624906798,0.029888964442708079,1.1425225168162092
2330,896,848,0.054963888526415081,0.061814494566532298,1.1246383075103008
2331,848,895,0.060095659361945331,0.068660627076153363,1.1425222354683351
2332,896,897,0.026161293810596519,0.028941212032127486,1.1062607316617106
2333,897,848,0.061698466059146875,0.068254573397202381,1.1062604592433551
2334,849,897,0.056807379388311957,0.061816830126873626,1.0881830986132826
2335,897,898,0.026161035871413406,0.027993025835745925,1.0700274245002035
2336,898,849,0.063418264710243547,0.067859276534140534,1.0700273311511732
2337,898,899,0.026162574065638249,0.027067656292046844,1.0345945404354278
2338,899,851,0.060765784681676809,0.061817573141765822,1.0173088929172698
2339,851,898,0.065226197777828857,0.067482711548752655,1.0345952063404011
2340,899,900,0.026159519452562043,0.026174784044496253,1.000583519584979
2341,900,851,0.067092079800488966,0.067131272551299456,1.0005841635991466
2342,900,901,0.026161490588808584,0.025336582582222995,0.96846861596875256
2343,901,853,0.064864220383099594,0.061819004312944209,0.95305245245884718
2344,853,900,0.068984644920282209,0.066809437354834023,0.96846823567821749
2345,901,902,0.026160636649323298,0.024554288982269759,0.93859676702114625
2346,902,853,0.070868722468480749,0.066517127672409249,0.93859639846045062
2347,854,902,0.06687872594839922,0.06181995288512044,0.92435900966202744
2348,902,903,0.026160739628105396,0.023837953075044663,0.91121097545096619
2349,903,854,0.072714130838200136,0.066257844593785198,0.91121001970330717
2350,855,903,0.068826158637546903,0.061822980344587136,0.89824830512712495
2351,903,904,0.026163346071882324,0.023192948372594134,0.88646720908223331
2352,904,855,0.074485791727736367,0.066029159650976388,0.88646650749620781
2353,856,904,0.070666116555140671,0.06182163804557695,0.87484131093205908
2354,904,905,0.026160503624906704,0.022614709713259244,0.86446002865664995
2355,905,856,0.076150790820613462,0.065829418184797428,0.86446138609210454
2356,905,906,0.026161301684811414,0.022112447972262313,0.84523500545464969
2357,906,858,0.073918506319136906,0.061822630426634669,0.83636200871972011
2358,858,905,0.077680601928738699,0.065658451681070581,0.84523613425785771
2359,906,907,0.026161275462902291,0.021682589806372655,0.82880476669111236
2360,907,858,0.079047738299272169,0.06551522979342983,0.82880587355189461
2361,907,908,0.026161312081829247,0.021325696881508521,0.81516159490794882
2362,908,860,0.07641428062858191,0.061823201707862221,0.80905298328147768
2363,860,907,0.080227006560376651,0.065398020734007759,0.81516216967151822
2364,908,909,0.026161541961897631,0.021041369196797555,0.80428627744659575
2365,909,860,0.081199143869754187,0.065307403202522207,0.80428684454207056
2366,909,910,0.026160512416771305,0.020827859736786782,0.79615641333669751
2367,910,862,0.077984386375393094,0.061824402227866233,0.7927792357083171
2368,862,909,0.081942133193862954,0.065238774605614169,0.7961566542485401
2369,910,911,0.026160533211430331,0.020686450557358183,0.7907503409876846
2370,911,863,0.078384070939121656,0.061823624357178697,0.78872688821170167
2371,863,910,0.082445724955282629,0.065193986022128281,0.79075035191319576
2372,911,864,0.026161976717914384,0.02061699875080153,0.78805202577388056
2373,864,863,0.08270005713403715,0.065171948456550846,0.7880520366621101
2374,912,913,0.026162016393723571,0.020616988152142336,0.78805042554321147
2375,913,865,0.078387349490772973,0.061826163706441999,0.7887262945881286
2376,865,912,0.082700013579105461,0.065171829043671914,0.78805100777078807
2377,913,914,0.026160650639782967,0.02068653102328203,0.79074986735320929
2378,914,865,0.082446769415992452,0.065194820146611432,0.79075045157518797
2379,914,915,0.026160618759872245,0.020827963842034794,0.79615715641951079
2380,915,867,0.077323860315883258,0.061824203890740399,0.79954885384894525
2381,867,914,0.081941349101421049,0.065238139728310621,0.79615652468161824
2382,915,916,0.026162224480508138,0.021041975712509906,0.8042884781524211
2383,916,868,0.076417405394580987,0.061825806327429532,0.8090539846019662
2384,868,915,0.081200096557455068,0.065308175209892266,0.80428691564032695
2385,916,917,0.026160087575210222,0.02132475336824833,0.8151636842552491
2386,917,868,0.080229610026398404,0.065400137440690134,0.81516210061561012
2387,917,918,0.026161768934948391,0.021683033020522692,0.82880607478943269
2388,918,870,0.073920276623160558,0.061824087699535089,0.83636169294534923
2389,870,917,0.079050286258828303,0.065517294705539034,0.82880528086920224
2390,918,919,0.02616158393180178,0.022112730241235959,0.84523667599330354
2391,919,870,0.077682536593129695,0.065660066116321594,0.84523586633406389
2392,919,920,0.026159938492947975,0.022614252611978622,0.86446123021561483
2393,920,872,0.070667768753661445,0.061823009342430069,0.87484026215596189
2394,872,919,0.076151447828974025,0.065829949819605604,0.86446090910117523
2395,920,921,0.026162735822670022,0.023192406955707859,0.8864671918451138
2396,921,872,0.074487383743411711,0.066030597367049124,0.88646686255629725
2397,873,921,0.068825066836399704,0.061822024398044712,0.89824866490865107
2398,921,922,0.026160369835299846,0.023837589158133454,0.91120994497439722
2399,922,873,0.072714584007970748,0.066258277992868889,0.91121030116332458
2400,922,923,0.026161695163189239,0.024555263463614169,0.93859603937915326
2401,923,875,0.064865552318916914,0.06182029581297703,0.95305279309166091
2402,875,922,0.070871770287199626,0.066519965240544321,0.93859607246975596
2403,923,924,0.026160519068005983,0.025335623303922625,0.96846791296690304
2404,924,875,0.068985120328047878,0.066809877865285791,0.96846794711065132
2405,924,925,0.026162508628672042,0.026177785301991434,1.000583914697792
2406,925,877,0.060764892694291618,0.061816693030250947,1.0173093424397364
2407,877,924,0.067091960054690675,0.067131063164256474,1.0005828285465788
2408,925,926,0.026159893538745187,0.027064895023670089,1.034594998774919
2409,926,877,0.065226713825299987,0.067483158655958261,1.0345938757040838
2410,926,927,0.026162257887379973,0.027994313507659366,1.0700266631483337
2411,927,879,0.056805613219823518,0.061814909337844323,1.0881831184294426
2412,879,926,0.063417498366065653,0.067858418845364685,1.0700267370003251
2413,927,928,0.026160806904299515,0.028940656588057088,1.1062600895273114
2414,928,880,0.054962911295814064,0.061813379143451357,1.1246380092707902
2415,880,927,0.061698025236926642,0.068254097828971072,1.1062606552943703
2416,928,929,0.026161726812446121,0.029890345204748082,1.1425218762902194
2417,929,880,0.0600968111128313,0.068661956506989488,1.1425224606023969
2418,929,930,0.026159966856869488,0.030813546957951025,1.1778893729698869
2419,930,882,0.05171040342704171,0.061811712299942353,1.195343841924432
2420,882,929,0.058636975057908408,0.06906792626281405,1.1778903361676536
2421,930,931,0.026161872367955554,0.031690039775345437,1.2113062601039624
2422,931,883,0.050356914498289725,0.061812288017858749,1.2274836263043496
2423,883,930,0.057344332671029438,0.06946159355973891,1.211307034615317
2424,931,932,0.026161195268037514,0.032482536065800011,1.2416304275472307
2425,932,883,0.056238258020577955,0.069827176998193005,1.2416312214479113
2426,884,932,0.049215025743223575,0.061811233450199649,1.2559423167366817
2427,932,933,0.026161342661269803,0.033164596443165252,1.267694738476222
2428,933,884,0.055334117417123622,0.070146838898797026,1.2676959925105713
2429,933,934,0.026160618759872214,0.033705167940227175,1.2883933766860114
2430,934,886,0.047648185561750274,0.061813564168092063,1.2972910392985266
2431,886,933,0.054645846614803803,0.070405438109732765,1.2883950468553931
2432,934,935,0.026160650639783008,0.034081552760858481,1.3027792477389688
2433,935,886,0.054181159631606718,0.070586181888610808,1.3027809365570349
2434,935,936,0.026162006073432168,0.034276348106394405,1.3101574860194858
2435,936,888,0.047110600109540643,0.061810358288329655,1.3120265533576185
2436,888,935,0.053946424706034057,0.070678381797792622,1.3101587766554443
2437,936,937,0.026162006073432168,0.034276348105733018,1.3101574859942051
2438,937,888,0.053946424706034057,0.070678381796428824,1.3101587766301639
2439,937,938,0.026160650639783008,0.034081552758372928,1.3027792476439577
2440,938,890,0.047648185561750274,0.061813564163860857,1.2972910392097257
2441,890,937,0.054181159631606718,0.070586181886202887,1.3027809365125929
2442,938,939,0.026160618759872214,0.033705167933994001,1.2883933764477458
2443,939,890,0.054645846614803803,0.070405438099445411,1.2883950466671381
2444,939,940,0.026161342661269803,0.033164596443241906,1.2676947384791519
2445,940,892,0.049215025743223575,0.061811233459564852,1.2559423169269732
2446,892,939,0.055334117417123622,0.070146838890842667,1.2676959923668198
2447,940,941,0.026161195268037514,0.032482536072033268,1.2416304277854944
2448,941,893,0.050356914498289725,0.061812288022707398,1.2274836264006352
2449,893,940,0.056238258020577955,0.069827177008930041,1.2416312216388319
2450,941,942,0.026161872367955554,0.031690039778038415,1.2113062602068976
2451,942,893,0.057344332671029438,0.069461593562993112,1.2113070346720656
2452,894,942,0.05171040342704171,0.061811712302572021,1.1953438419752858
2453,942,943,0.026159966856869488,0.030813546959167899,1.1778893730164035
2454,943,894,0.058636975057908408,0.069067926264792745,1.1778903362013984
2455,943,944,0.026161726812446121,0.029890345205320867,1.1425218763121134
2456,944,896,0.054962911295814064,0.061813379144325324,1.1246380092866912
2457,896,943,0.0600968111128313,0.068661956508402039,1.1425224606259015
2458,944,945,0.026160806904299515,0.028940656588334848,1.1062600895379289
2459,945,896,0.061698025236926642,0.068254097829722374,1.1062606553065475
2460,897,945,0.056805613219823518,0.061814909338375024,1.0881831184387849
2461,945,946,0.026162257887379973,0.027994313507796128,1.0700266631535611
2462,946,897,0.063417498366065653,0.067858418845839957,1.0700267370078196
2463,946,947,0.026159893538745187,0.027064895023737864,1.0345949987775098
2464,947,899,0.060764892694291618,0.061816693030475177,1.0173093424434265
2465,899,946,0.065226713825299987,0.067483158656257022,1.0345938757086641
2466,947,948,0.026162508628672042,0.026177785302026305,1.0005839146991249
2467,948,899,0.067091960054690675,0.067131063164475022,1.0005828285498362
2468,948,949,0.026160519068005983,0.025335623303943986,0.9684679129677195
2469,949,901,0.064865552318916914,0.061820295813132121,0.95305279309405189
2470,901,948,0.068985120328047878,0.066809877865461234,0.9684679471131945
2471,949,950,0.026161695163189239,0.024555263463632886,0.93859603937986869
2472,950,901,0.070871770287199626,0.06651996524071363,0.93859607247214494
2473,950,951,0.026160369835299846,0.02383758915815502,0.91120994497522156
2474,951,903,0.068825066836399704,0.061822024398306231,0.89824866491245081
2475,903,950,0.072714584007970748,0.06625827799314217,0.91121030116708279
2476,951,952,0.026162735822670022,0.023192406955731219,0.88646719184600675
2477,952,904,0.070667768753661445,0.061823009342858289,0.87484026216202149
2478,904,951,0.074487383743411711,0.066030597367506688,0.88646686256244012
2479,952,953,0.026159938492947975,0.022614252611990543,0.86446123021607046
2480,953,904,0.076151447828974025,0.065829949820030167,0.86446090910675055
2481,953,954,0.02616158393180178,0.022112730241199481,0.84523667599190933
2482,954,906,0.073920276623160558,0.061824087698702568,0.8363616929340868
2483,906,953,0.077682536593129695,0.065660066115549004,0.8452358663241184
2484,954,955,0.026161768934948391,0.021683033020441916,0.82880607478634505
2485,955,906,0.079050286258828303,0.06551729470463212,0.82880528085772964
2486,955,956,0.026160087575210222,0.021324753368164598,0.81516368425204833
2487,956,908,0.076417405394580987,0.061825806327070645,0.80905398459726974
2488,908,955,0.080229610026398404,0.065400137440299017,0.81516210061073513
2489,956,957,0.026162224480508138,0.021041975712439282,0.8042884781497216
2490,957,908,0.081200096557455068,0.065308175209538952,0.80428691563597576
2491,909,957,0.077323860315883258,0.061824203890507017,0.799548853845927
2492,957,958,0.026160618759872245,0.020827963841983002,0.79615715641753093
2493,958,909,0.081941349101421049,0.065238139728095321,0.79615652467899067
2494,958,959,0.026160650639782967,0.02068653102325075,0.79074986735201358
2495,959,911,0.078387349490772973,0.061826163706375316,0.78872629458727794
2496,911,958,0.082446769415992452,0.065194820146508528,0.79075045157393986
2497,959,912,0.026162016393723571,0.0206169881521319,0.78805042554281257
2498,912,911,0.082700013579105461,0.06517182904363461,0.78805100777033699
2499,912,960,0.07852044778053649,0.061825189847528966,0.78737693932069097
2500,960,961,0.02616205484632899,0.020617085662376484,0.78805299444089483
2501,961,912,0.082700429756301763,0.0651722201698159,0.78805177145829508
2502,913,961,0.078384317187362926,0.061823831961428537,0.78872705893004502
2503,961,962,0.026160319224424421,0.020686306567364282,0.79075130505481905
2504,962,913,0.082444381420125973,0.065192890859152405,0.79074995452919727
2505,962,963,0.026160638713489996,0.020827976561482598,0.79615703536865268
2506,963,915,0.077323564831307479,0.061824000477014002,0.79954927856588076
2507,915,962,0.0819413090972506,0.065238166836321054,0.79615724419162359
2508,963,964,0.026162366363861933,0.021042077539137404,0.80428800845029136
2509,964,916,0.076414852220282312,0.061823840889142299,0.8090552960950802
2510,916,963,0.081198096932415184,0.065306676681443535,0.8042882671967202
2511,964,965,0.026159653322971654,0.021324375956983048,0.81516278880719761
2512,965,916,0.080226960790311344,0.065398054134470404,0.8151630510521376
2513,965,966,0.026162383946336003,0.021683522753836379,0.82880531064422047
2514,966,918,0.073920927942596748,0.06182468268342247,0.8363623726616688
2515,918,965,0.079049938429377464,0.065517018289628373,0.82880543098918047
2516,966,967,0.026161065304436317,0.022112276713773939,0.84523609633068741
2517,967,919,0.072375763927099657,0.061823707229720519,0.85420455516009919
2518,919,966,0.077681765220221577,0.065659467486085199,0.84523655326247893
2519,967,968,0.026160764397996965,0.022614959643216262,0.8644609652517572
2520,968,919,0.076151156409591636,0.06582973776218877,0.86446143257644836
2521,968,969,0.026162366363861957,0.0231920854841479,0.88646742277040724
2522,969,921,0.068825005695953234,0.061821946945550543,0.89824833751064326
2523,921,968,0.074485905252479695,0.066029326717939929,0.88646739935730001
2524,969,970,0.026159995832380194,0.023837242750328645,0.91120973042447873
2525,970,922,0.066879522219549251,0.06182064608595067,0.92435836911347069
2526,922,969,0.07271394787519346,0.0662576741922037,0.91120996904099694
2527,970,971,0.02616070935376166,0.024554308833740365,0.93859491735111111
2528,971,922,0.070869581627979503,0.066517846529701066,0.93859516313892899
2529,923,971,0.064866012715019752,0.061820674701592818,0.95305186975487111
2530,971,972,0.026162054846328928,0.025337090016349498,0.9684671240533238
2531,972,923,0.068985627130340108,0.066810374279749174,0.96846802818098543
2532,972,973,0.026162054846329039,0.026177333921420586,1.000584016629477
2533,973,925,0.060766813671486029,0.061818713306911535,1.0173104293588968
2534,925,972,0.067094235188312909,0.067133420484923476,1.0005840337325642
2535,973,974,0.02616070935376166,0.027065756122358856,1.0345956509190397
2536,974,925,0.065226900680697725,0.067483468920679995,1.0345956686034914
2537,926,974,0.058751227179091772,0.061816508074862893,1.0521739041539881
2538,974,975,0.026159995832380194,0.027991901649829561,1.070026991945537
2539,975,926,0.063417693043593737,0.067858599389820973,1.0700262991776526
2540,927,975,0.056805822247751984,0.061815111505617519,1.0881826731777264
2541,975,976,0.026162366363861957,0.028942395827655162,1.1062606273885551
2542,976,927,0.061697874535233434,0.0682539526085406,1.106261003684385
2543,928,976,0.054964337000162074,0.06181500201188353,1.1246383634483075
2544,976,977,0.026160764397996965,0.029889286715548847,1.1425234469768537
2545,977,928,0.060096442906383919,0.068661538362046276,1.1425225028543662
2546,929,977,0.053255064003505409,0.061812692701415338,1.1606913606816178
2547,977,978,0.026161065304436317,0.030814895846448285,1.1778914768131703
2548,978,929,0.058636200662076032,0.069067043115888377,1.1778908308525295
2549,930,978,0.051711819909564222,0.061813431443707829,1.1953443439393494
2550,978,979,0.0261610653044363,0.031689143619712992,1.211309373335774
2551,979,930,0.057345330108976564,0.069462849903339452,1.2113078740907983
2552,931,979,0.050356823348999692,0.061812218971461927,1.2274844769907391
2553,979,980,0.026160764397996951,0.032482085579028534,1.2416336573680389
2554,980,931,0.056237877247063819,0.069826748169284678,1.2416320029741224
2555,980,981,0.026162366363861982,0.033165994446571846,1.2676985707372388
2556,981,933,0.048307184567333815,0.061811972160732635,1.2795606432946829
2557,933,980,0.055334749030090814,0.070147659206195839,1.2676963469744811
2558,981,982,0.026159995832380156,0.033704482041596692,1.2883978368176254
2559,982,934,0.047646751699773206,0.061811729453631947,1.2972915728466368
2560,934,981,0.054644650538294176,0.070403929325540321,1.2883956367550062
2561,982,983,0.026160709353761653,0.034081758983500528,1.302784206751638
2562,983,934,0.054180128416235047,0.070584895089776764,1.302781982122915
2563,983,984,0.026162054846328997,0.03427654660808209,1.3101626309330858
2564,984,936,0.047112300075792674,0.061812640794314443,1.3120276593346611
2565,936,983,0.053947718416503629,0.070680155486267063,1.3101602358895064
2566,984,985,0.026162054846328997,0.034276546608731286,1.3101626309579004
2567,985,936,0.053947718416503629,0.070680155487605728,1.3101602359143205
2568,985,986,0.026160709353761653,0.034081758985948736,1.3027842068452213
2569,986,938,0.047646751699773206,0.061811729453586185,1.2972915728456764
2570,938,985,0.054180128416235047,0.070584895087327904,1.3027819820777164
2571,986,987,0.026159995832380156,0.03370448204776566,1.2883978370534424
2572,987,938,0.054644650538294176,0.070403929330926471,1.2883956368535732
2573,987,988,0.026162366363861982,0.033165994446404334,1.2676985707308361
2574,988,940,0.049215975726998401,0.06181244385846512,1.2559426679121324
2575,940,987,0.055334629792234948,0.070147542112579883,1.2676969625705099
2576,988,989,0.026160764397996951,0.032482085572680661,1.2416336571253901
2577,989,941,0.050356823348999692,0.061812218971341183,1.2274844769883413
2578,941,988,0.056237877247063819,0.06982674816391482,1.2416320028786378
2579,989,990,0.0261610653044363,0.031689143616887142,1.2113093732277564
2580,990,942,0.051711819909564222,0.061813431443569253,1.1953443439366696
2581,942,989,0.057345330108976564,0.069462849901009247,1.2113078740501637
2582,990,991,0.026161065304436317,0.030814895845087162,1.1778914767611417
2583,991,943,0.053255064003505409,0.061812692701264667,1.1606913606787885
2584,943,990,0.058636200662076032,0.069067043114773852,1.1778908308335221
2585,991,992,0.026160764397996965,0.029889286714827091,1.1425234469492644
2586,992,944,0.054964337000162074,0.061815002011726079,1.1246383634454429
2587,944,991,0.060096442906383919,0.068661538361437152,1.1425225028442305
2588,992,993,0.026162366363861957,0.028942395827229048,1.1062606273722679
2589,993,945,0.056805822247751984,0.06181511150545816,1.0881826731749211
2590,945,992,0.061697874535233434,0.068253952608153007,1.1062610036781029
2591,993,994,0.026159995832380194,0.027991901649549684,1.0700269919348382
2592,994,946,0.058751227179091772,0.061816508074706164,1.0521739041513205
2593,946,993,0.063417693043593737,0.06785859938953874,1.0700262991732024
2594,994,995,0.02616070935376166,0.027065756122156909,1.0345956509113203
2595,995,947,0.060766813671486029,0.061818713306761829,1.0173104293564332
2596,947,994,0.065226900680697725,0.067483468920454912,1.0345956686000406
2597,995,996,0.026162054846329039,0.026177333921263705,1.0005840166234805
2598,996,947,0.067094235188312909,0.067133420484798145,1.0005840337306962
2599,996,997,0.026162054846328928,0.025337090016220819,0.96846712404840529
2600,997,949,0.064866012715019752,0.061820674701469382,0.95305186975296818
2601,949,996,0.068985627130340108,0.066810374279591744,0.96846802817870337
2602,997,998,0.02616070935376166,0.024554308833630391,0.93859491734690736
2603,998,950,0.066879522219549251,0.061820646085844359,0.92435836911188107
2604,950,997,0.070869581627979503,0.066517846529570684,0.93859516313708924
2605,998,999,0.026159995832380194,0.023837242750231184,0.91120973042075315
2606,999,950,0.07271394787519346,0.066257674192099686,0.91120996903956653
2607,951,999,0.068825005695953234,0.061821946945460025,0.89824833750932809
2608,999,1000,0.026162366363861957,0.023192085484057996,0.88646742276697088
2609,1000,951,0.074485905252479695,0.066029326717847364,0.88646739935605734
2610,1000,1001,0.026160764397996965,0.022614959643129453,0.86446096524843896
2611,1001,953,0.072375763927099657,0.061823707229602655,0.85420455515847071
2612,953,1000,0.076151156409591636,0.065829737762064869,0.86446143257482122
2613,1001,1002,0.026161065304436317,0.022112276713686999,0.84523609632736418
2614,1002,953,0.077681765220221577,0.065659467485955483,0.84523655326080915
2615,954,1002,0.073920927942596748,0.06182468268319527,0.83636237265859525
2616,1002,1003,0.026162383946336003,0.021683522753750885,0.82880531064095264
2617,1003,954,0.079049938429377464,0.065517018289391424,0.82880543098618309
2618,1003,1004,0.026159653322971654,0.021324375956904576,0.8151627888041979
2619,1004,956,0.076414852220282312,0.061823840888918923,0.80905529609215698
2620,956,1003,0.080226960790311344,0.065398054134220729,0.81516305104902542
2621,1004,1005,0.026162366363861933,0.02104207753907119,0.80428800844776038
2622,1005,956,0.081198096932415184,0.065306676681229012,0.80428826719407831
2623,957,1005,0.077323564831307479,0.061824000476835325,0.79954927856356994
2624,1005,1006,0.026160638713489996,0.020827976561432631,0.79615703536674265
2625,1006,957,0.0819413090972506,0.065238166836159892,0.79615724418965683
2626,1006,1007,0.026160319224424421,0.020686306567333258,0.79075130505363311
2627,1007,959,0.078384317187362926,0.061823831961365726,0.78872705892924366
2628,959,1006,0.082444381420125973,0.065192890859054872,0.79074995452801422
2629,1007,960,0.02616205484632899,0.020617085662365968,0.78805299444049282
2630,912,1007,0.082700429756301763,0.065172220169782663,0.78805177145789318
2631,960,1008,0.07852044778053649,0.061825191549526919,0.78737696099654741
2632,1008,1009,0.026162016393723571,0.020616989266058185,0.7880504681208107
2633,1009,960,0.082698769654117169,0.065170903483828396,0.78805166940695659
2634,1009,1010,0.026160650639782967,0.020686532041170821,0.79074990626236352
2635,1010,962,0.077984076236254446,0.061824163160254755,0.79277932296020426
2636,962,1009,0.082444381420125973,0.065192892586752871,0.79074997548393589
2637,1010,1011,0.026160618759872245,0.02082796461595644,0.79615718600297181
2638,1011,963,0.077323564831307479,0.061824001370510355,0.79954929012117248
2639,963,1010,0.081941396159382937,0.06523821332932507,0.79615696567375094
2640,1011,1012,0.026162224480508138,0.021041975980723559,0.80428848840436484
2641,1012,964,0.076414852220282312,0.061823840783692047,0.80905529471510951
2642,964,1011,0.081198140480154335,0.065306708769684779,0.80428823102970459
2643,1012,1013,0.026160087575210222,0.021324752626400354,0.81516365589724094
2644,1013,964,0.08022727888673932,0.065398341032335536,0.81516339504249546
2645,1013,1014,0.026161768934948391,0.021683031650048243,0.82880602240480783
2646,1014,966,0.073920927942596748,0.061824680821110541,0.83636234746837135
2647,966,1013,0.079048493078896387,0.065515859586218847,0.82880592702544065
2648,1014,1015,0.02616158393180178,0.022112729759745126,0.84523665758880506
2649,1015,967,0.072375763927099657,0.061823707745830625,0.85420456229107899
2650,967,1014,0.077682304443155659,0.065659895317674979,0.84523619360084601
2651,1015,1016,0.02616006899731315,0.022614368696449959,0.86446135515822364
2652,1016,968,0.0706664123959862,0.061821868601563655,0.87484091105600104
2653,968,1015,0.076151156409591636,0.06582973831174159,0.86446143979305334
2654,1016,1017,0.026162595087993328,0.023192286819646014,0.88646736845648533
2655,1017,969,0.068825005695953234,0.061821950843196784,0.89824839414189517
2656,969,1016,0.074485120564200424,0.066028626396776952,0.88646733598108862
2657,1017,1018,0.026160369835299846,0.023837593355697757,0.91121010542947989
2658,1018,970,0.066879522219549251,0.061820653074391947,0.92435847360646117
2659,970,1017,0.07271422908573423,0.066257915510569351,0.91120976380630381
2660,1018,1019,0.026161695163189239,0.024555267510755721,0.93859619407637473
2661,1019,971,0.064866012715019752,0.06182067790228811,0.95305191909805032
2662,971,1018,0.070869581627979503,0.066517854049131769,0.93859526924130088
2663,1019,1020,0.026160519068005983,0.025335625257788839,0.96846798765449649
2664,1020,971,0.06898626340388038,0.066810921863112993,0.96846703338559104
2665,1020,1021,0.026162508628672042,0.026177786383870763,1.00058395605007
2666,1021,973,0.060766813671486029,0.06181871429494059,1.0173104456182496
2667,973,1020,0.067093929349595918,0.067133107035082004,1.0005839229549658
2668,1021,1022,0.026159893538745187,0.027064895846531808,1.0345950302300058
2669,1022,974,0.058751227179091772,0.061816508966293982,1.0521739193269664
2670,974,1021,0.065226900680697725,0.067483469999247064,1.0345956851391087
2671,1022,1023,0.026162257887379973,0.027994314333467569,1.0700266947132011
2672,1023,975,0.056805822247751984,0.06181511243769925,1.0881826895859341
2673,975,1022,0.063417693043593737,0.067858600368382635,1.0700263146080731
2674,1023,1024,0.026160806904299515,0.028940657324078776,1.1062601176618292
2675,1024,975,0.061699418326825815,0.068255581531490916,1.1062597246855177
2676,1024,1025,0.026161726812446121,0.029890345629088499,1.1425218925101126
2677,1025,977,0.053255064003505409,0.061812692938962278,1.1606913651421691
2678,977,1024,0.060096442906383919,0.068661539072937552,1.14252251468354
2679,1025,1026,0.026159966856869488,0.03081354695510927,1.1778893728612569
2680,1026,978,0.051711819909564222,0.061813431200457354,1.1953443392353866
2681,978,1025,0.058636200662076032,0.069067043381313878,1.1778908353791786
2682,1026,1027,0.026161872367955554,0.031690039221413994,1.2113062389307285
2683,1027,978,0.057344955988947545,0.069462389207992234,1.2113077429404628
2684,1027,1028,0.026161195268037514,0.03248253487468801,1.2416303820175068
2685,1028,980,0.049215975726998401,0.061812442429157857,1.2559426388706019
2686,980,1027,0.056237877247063819,0.069826747223520932,1.2416319861569205
2687,1028,1029,0.026161342661269803,0.033164594932581365,1.2676946807351532
2688,1029,981,0.048307184567333815,0.061811970774709485,1.2795606146028193
2689,981,1028,0.055334629792234948,0.070147540471925771,1.267696932920829
2690,1029,1030,0.026160618759872214,0.033705168056785424,1.2883933811414965
2691,1030,981,0.054644650538294176,0.070403931147691654,1.2883956701004722
2692,982,1030,0.047646751699773206,0.061811731053405233,1.2972916064223419
2693,1030,1031,0.026160650639783008,0.03408155117906897,1.3027791872745127
2694,1031,982,0.0541807538808214,0.070585677211724415,1.3027813781806743
2695,1031,1032,0.026162006073432168,0.034276342341005531,1.3101572656469018
2696,1032,984,0.047112300075792674,0.061812634865873323,1.3120275334982849
2697,984,1031,0.053947414566385243,0.070679733142013743,1.3101597863422809
2698,1032,1033,0.026162006073432168,0.034276342341275377,1.3101572656572165
2699,1033,984,0.053947414566385243,0.070679733142570172,1.3101597863525951
2700,1033,1034,0.026160650639783008,0.034081551179821541,1.3027791873032801
2701,1034,986,0.047646751699773206,0.061811731057552971,1.2972916065093938
2702,986,1033,0.0541807538808214,0.070585677216013623,1.302781378259839
2703,1034,1035,0.026160618759872214,0.033705168057686384,1.288393381175936
2704,1035,987,0.048307184567333815,0.061811970783527508,1.27956061478536
2705,987,1034,0.054644650538294176,0.070403931157854233,1.2883956702864479
2706,1035,1036,0.026161342661269803,0.033164594932345477,1.2676946807261364
2707,1036,987,0.055334629792234948,0.07014754047967732,1.267696933060914
2708,988,1036,0.049215975726998401,0.061812442419587922,1.2559426386761541
2709,1036,1037,0.026161195268037514,0.032482534873322956,1.2416303819653283
2710,1037,988,0.056237877247063819,0.069826747212517748,1.2416319859612661
2711,1037,1038,0.026161872367955554,0.031690039220120647,1.2113062388812921
2712,1038,990,0.051711819909564222,0.061813431197530015,1.1953443391787779
2713,990,1037,0.057344955988947545,0.069462389204427058,1.2113077428782923
2714,1038,1039,0.026159966856869488,0.03081354695410863,1.1778893728230062
2715,1039,990,0.058636200662076032,0.069067043378344933,1.1778908353285451
2716,991,1039,0.053255064003505409,0.061812692937151956,1.1606913651081756
2717,1039,1040,0.026161726812446121,0.029890345628349933,1.1425218924818819
2718,1040,991,0.060096442906383919,0.068661539071159641,1.1425225146539559
2719,1040,1041,0.026160806904299515,0.028940657323530791,1.1062601176408824
2720,1041,993,0.056805822247751984,0.061815112436828391,1.0881826895706037
2721,993,1040,0.061699418326825815,0.06825558153036683,1.1062597246672989
2722,1041,1042,0.026162257887379973,0.027994314333049202,1.0700266946972099
2723,1042,993,0.063417693043593737,0.06785860036753584,1.0700263145947204
2724,994,1042,0.058751227179091772,0.061816508965622949,1.0521739193155448
2725,1042,1043,0.026159893538745187,0.027064895846199939,1.0345950302173195
2726,1043,994,0.065226900680697725,0.06748346999858694,1.0345956851289884
2727,995,1043,0.060766813671486029,0.061818714294392375,1.0173104456092279
2728,1043,1044,0.026162508628672042,0.026177786383596538,1.0005839560395884
2729,1044,995,0.067093929349595918,0.067133107034534539,1.0005839229468061
2730,1044,1045,0.026160519068005983,0.025335625257553538,0.96846798764550202
2731,1045,997,0.064866012715019752,0.061820677901869854,0.95305191909160236
2732,997,1044,0.06898626340388038,0.066810921862629227,0.96846703337857853
2733,1045,1046,0.026161695163189239,0.024555267510547232,0.93859619406840544
2734,1046,997,0.070869581627979503,0.066517854048703126,0.93859526923525249
2735,998,1046,0.066879522219549251,0.061820653074008428,0.92435847360072665
2736,1046,1047,0.026160369835299846,0.023837593355508429,0.91121010542224268
2737,1047,998,0.07271422908573423,0.066257915510173321,0.91120976380085739
2738,999,1047,0.068825005695953234,0.061821950842836523,0.8982483941366608
2739,1047,1048,0.026162595087993328,0.02319228681947098,0.88646736844979501
2740,1048,999,0.074485120564200424,0.06602862639640332,0.88646733597607241
2741,1000,1048,0.0706664123959862,0.061821868601217682,0.87484091105110517
2742,1048,1049,0.02616006899731315,0.022614368696286597,0.86446135515197897
2743,1049,1000,0.076151156409591636,0.065829738311383362,0.86446143978834922
2744,1001,1049,0.072375763927099657,0.061823707745492701,0.85420456228640995
2745,1049,1050,0.02616158393180178,0.02211272975959298,0.84523665758298949
2746,1050,1001,0.077682304443155659,0.065659895317328479,0.84523619359638558
2747,1002,1050,0.073920927942596748,0.061824680820780013,0.83636234746389992
2748,1050,1051,0.026161768934948391,0.021683031649909024,0.82880602239948642
2749,1051,1002,0.079048493078896387,0.065515859585886335,0.82880592702123423
2750,1051,1052,0.026160087575210222,0.021324752626277435,0.81516365589254225
2751,1052,1004,0.076414852220282312,0.061823840783418349,0.80905529471152782
2752,1004,1051,0.08022727888673932,0.065398341032020815,0.8151633950385726
2753,1052,1053,0.026162224480508138,0.021041975980621169,0.8042884884004512
2754,1053,1004,0.081198140480154335,0.06530670876942915,0.80428823102655644
2755,1005,1053,0.077323564831307479,0.061824001370288657,0.79954929011830533
2756,1053,1054,0.026160618759872245,0.020827964615879036,0.79615718600001295
2757,1054,1005,0.081941396159382937,0.065238213329132669,0.79615696567140293
2758,1006,1054,0.077984076236254446,0.061824163160098367,0.79277932295819886
2759,1054,1055,0.026160650639782967,0.020686532041122405,0.79074990626051278
2760,1055,1006,0.082444381420125973,0.065192892586636145,0.79074997548252002
2761,1055,1008,0.026162016393723571,0.020616989266041677,0.78805046812017976
2762,960,1055,0.082698769654117169,0.065170903483776216,0.78805166940632565
2763,1008,1056,0.078518328893159073,0.061823511680848528,0.78737681446293384
2764,1056,1057,0.026161976717914384,0.020617001878423826,0.78805214532227441
2765,1057,1008,0.082700013579105461,0.065171835901461916,0.78805109069447454
2766,1009,1057,0.078387349490772973,0.06182617014853805,0.78872637677098201
2767,1057,1058,0.026160533211430331,0.020686453923708725,0.79075046966818641
2768,1058,1009,0.082445599199923406,0.065193844785135957,0.79074984496196765
2769,1058,1059,0.026160512416771305,0.020827863549054866,0.79615655906274529
2770,1059,1011,0.07732386031588323,0.061824210843022753,0.79954894376016217
2771,1011,1058,0.081941978645870092,0.065238690076787176,0.79615712428339358
2772,1059,1060,0.026161541961897627,0.021041373832021013,0.80428645462359349
2773,1060,1012,0.076417405394580987,0.061825813782316712,0.80905408215679864
2774,1012,1059,0.081198584626349976,0.065307040525845267,0.80428791741096806
2775,1060,1061,0.026161486001920635,0.02132584834400373,0.81516196528125739
2776,1061,1012,0.080227395056436959,0.065398439966096858,0.81516344784835049
2777,1061,1062,0.02616127546290228,0.021682603457859061,0.82880528851148128
2778,1062,1014,0.073918290486874663,0.061822443102815039,0.8363619165921129
2779,1014,1061,0.079046866392317797,0.065514502197338842,0.82880581087406513
2780,1062,1063,0.026161066451176829,0.02211225586458793,0.84523526232598334
2781,1063,1014,0.077680772781749619,0.06565856974179253,0.84523579504371782
2782,1063,1064,0.026160503624906701,0.022614708710082289,0.86445999030964538
2783,1064,1016,0.070669754889794822,0.061824752178111987,0.87484033692382157
2784,1016,1063,0.076152468969867798,0.065830799345410917,0.86446047299476281
2785,1064,1065,0.026163346071882324,0.023192944468004243,0.88646705984329877
2786,1065,1016,0.074487132640453702,0.066030426337069112,0.88646755481641692
2787,1065,1066,0.026158869051279367,0.023836212338749524,0.91120958983445621
2788,1066,1018,0.066881412634014231,0.061822375694867572,0.92435810279859787
2789,1018,1065,0.072714584007970748,0.066258277689481393,0.91121029699101852
2790,1066,1067,0.026162574065638142,0.024556070055027926,0.93859533826527441
2791,1067,1018,0.070871770287199626,0.066519964829853923,0.93859606667491846
2792,1067,1068,0.026161490588808584,0.025336578267827925,0.9684684510547904
2793,1068,1020,0.06281545756735421,0.0618187680459917,0.98413305323305489
2794,1020,1067,0.068985120328047878,0.066809871593690229,0.96846785619835707
2795,1068,1069,0.026159519452562043,0.026174782417496156,1.0005834573896433
2796,1069,1021,0.060764892694291618,0.061816693332518928,1.0173093474141215
2797,1021,1068,0.067092587368867279,0.067131807725134454,1.0005845706329903
2798,1069,1070,0.026162574065638249,0.027067656469556358,1.034594547220292
2799,1070,1022,0.058751253561472407,0.06181653751175277,1.0521739327157182
2800,1022,1069,0.065226713825299987,0.067483158880519284,1.0345938791468607
2801,1070,1071,0.026161035871413406,0.027993027878275508,1.07002750257546
2802,1071,1023,0.056805613219823518,0.061814913689357119,1.088183195033013
2803,1023,1070,0.063418344403199114,0.067859365265074412,1.0700273856668399
2804,1071,1072,0.026161293810596519,0.028941214422104389,1.1062608230171658
2805,1072,1023,0.061698025236926642,0.068254100719857366,1.1062607021497808
2806,1024,1072,0.054962911295814064,0.061813381469475362,1.1246380515906738
2807,1072,1073,0.026160503624906798,0.029888965639896018,1.1425225625793931
2808,1073,1024,0.06009568259153579,0.068660636997876098,1.1425219589326479
2809,1073,1074,0.026161301684811334,0.030815146288173809,1.1778904069618368
2810,1074,1026,0.05171040342704171,0.061811711940661963,1.1953438349764995
2811,1026,1073,0.058637322141093448,0.069068282618442861,1.1778894413399434
2812,1074,1075,0.026161275462902287,0.031689361957349789,1.2113079884918663
2813,1075,1026,0.057344332671029438,0.069461591315240545,1.2113069954745987
2814,1027,1075,0.050356914498289725,0.061812285426564424,1.2274835748457893
2815,1075,1076,0.026161312081829306,0.032482730343579874,1.2416323096478481
2816,1076,1027,0.05623801569429316,0.069826893704830265,1.2416315341637501
2817,1076,1077,0.026161680255917402,0.033165073895872262,1.2676966300117818
2818,1077,1029,0.04830681973466442,0.061811431822993798,1.2795591215175488
2819,1029,1076,0.055334117417123622,0.070146831404160073,1.2676958570672445
2820,1077,1078,0.026160512416771271,0.033705087702734483,1.2883955469131581
2821,1078,1029,0.054644138977015519,0.070403222396359003,1.2883947613480027
2822,1030,1078,0.047646199424737148,0.061810976858827506,1.2972908144849058
2823,1078,1079,0.026160472127072301,0.034081379732749668,1.3027815234833005
2824,1079,1030,0.054179906932709888,0.07058450608150002,1.3027801278648234
2825,1031,1079,0.047245316708429505,0.061810723061523888,1.3082931254960901
2826,1079,1080,0.026162126400132209,0.034276549990728218,1.3101591769144194
2827,1080,1031,0.053946424706034057,0.070678352361445151,1.3101582309965314
2828,1080,1081,0.026162126400132209,0.034276549990785353,1.3101591769166032
2829,1081,1033,0.047245316708429505,0.061810723062113521,1.3082931255085704
2830,1033,1080,0.053946424706034057,0.070678352362001554,1.3101582310068454
2831,1081,1082,0.026160472127072301,0.034081379732873715,1.3027815234880422
2832,1082,1034,0.047646199424737148,0.06181097685982772,1.2972908145058983
2833,1034,1081,0.054179906932709888,0.070584506082620624,1.3027801278855065
2834,1082,1083,0.026160512416771271,0.033705087702780911,1.2883955469149329
2835,1083,1035,0.04830681973466442,0.061811431823730979,1.2795591215328093
2836,1035,1082,0.054644138977015519,0.070403222397379436,1.2883947613666769
2837,1083,1084,0.026161680255917402,0.033165073895635888,1.2676966300027468
2838,1084,1035,0.055334117417123622,0.070146831404580209,1.2676958570748373
2839,1084,1085,0.026161312081829306,0.032482730343061268,1.2416323096280246
2840,1085,1037,0.050356914498289725,0.061812285424597324,1.2274835748067261
2841,1037,1084,0.05623801569429316,0.069826893702810713,1.2416315341278392
2842,1085,1086,0.026161275462902287,0.031689361956735836,1.2113079884683984
2843,1086,1038,0.05171040342704171,0.06181171193890881,1.1953438349425962
2844,1038,1085,0.057344332671029438,0.069461591313305621,1.2113069954408566
2845,1086,1087,0.026161301684811334,0.030815146287580416,1.1778904069391547
2846,1087,1038,0.058637322141093448,0.069068282616527005,1.1778894413072705
2847,1087,1088,0.026160503624906798,0.029888965639367927,1.1425225625592066
2848,1088,1040,0.054962911295814064,0.061813381468300281,1.1246380515692942
2849,1040,1087,0.06009568259153579,0.068660636996504681,1.1425219589098274
2850,1088,1089,0.026161293810596519,0.028941214421647782,1.1062608229997122
2851,1089,1041,0.056805613219823518,0.061814913688386507,1.0881831950159264
2852,1041,1088,0.061698025236926642,0.06825410071872233,1.1062607021313842
2853,1089,1090,0.026161035871413406,0.027993027877880817,1.0700275025603729
2854,1090,1041,0.063418344403199114,0.067859365264059779,1.0700273856508409
2855,1042,1090,0.058751253561472407,0.061816537510927985,1.0521739327016797
2856,1090,1091,0.026162574065638249,0.027067656469209674,1.0345945472070408
2857,1091,1042,0.065226713825299987,0.067483158879655433,1.0345938791336169
2858,1043,1091,0.060764892694291618,0.061816693331793959,1.0173093474021908
2859,1091,1092,0.026159519452562043,0.026174782417184229,1.0005834573777193
2860,1092,1043,0.067092587368867279,0.067131807724370648,1.0005845706216059
2861,1044,1092,0.06281545756735421,0.061818768045332421,0.9841330532225594
2862,1092,1093,0.026161490588808584,0.02533657826753986,0.96846845104377932
2863,1093,1044,0.068985120328047878,0.066809871592990927,0.96846785618822007
2864,1093,1094,0.026162574065638142,0.024556070054756143,0.93859533825488617
2865,1094,1046,0.066881412634014231,0.061822375694276149,0.92435810278975505
2866,1046,1093,0.070871770287199626,0.066519964829210632,0.93859606666584161
2867,1094,1095,0.026158869051279367,0.023836212338490571,0.91120958982455702
2868,1095,1046,0.072714584007970748,0.066258277688854172,0.91121029698239275
2869,1095,1096,0.026163346071882324,0.023192944467754203,0.88646705983374186
2870,1096,1048,0.070669754889794822,0.061824752177550103,0.87484033691587071
2871,1048,1095,0.074487132640453702,0.06603042633647016,0.88646755480837591
2872,1096,1097,0.026160503624906701,0.022614708709837412,0.86445999030028475
2873,1097,1048,0.076152468969867798,0.065830799344810662,0.86446047298688056
2874,1097,1098,0.026161066451176829,0.022112255864348725,0.84523526231683987
2875,1098,1050,0.073918290486874663,0.061822443102275054,0.83636191658480774
2876,1050,1097,0.077680772781749619,0.065658569741216394,0.84523579503630109
2877,1098,1099,0.02616127546290228,0.021682603457629471,0.8288052885027053
2878,1099,1050,0.079046866392317797,0.06551450219677897,0.82880581086698235
2879,1099,1100,0.026161486001920635,0.021325848343790726,0.81516196527311557
2880,1100,1052,0.076417405394580987,0.061825813781854408,0.80905408215074892
2881,1052,1099,0.080227395056436959,0.065398439965580882,0.81516344784191908
2882,1100,1101,0.026161541961897627,0.021041373831834305,0.80428645461645676
2883,1101,1052,0.081198584626349976,0.065307040525402815,0.80428791740551897
2884,1053,1101,0.07732386031588323,0.061824210842635612,0.79954894375515539
2885,1101,1102,0.026160512416771305,0.020827863548906297,0.79615655905706617
2886,1102,1053,0.081941978645870092,0.065238690076446337,0.79615712427923402
2887,1102,1103,0.026160533211430331,0.020686453923611112,0.79075046966445517
2888,1103,1055,0.078387349490772973,0.061826170148385234,0.78872637676903257
2889,1055,1102,0.082445599199923406,0.065193844784885061,0.79074984495892442
2890,1103,1056,0.026161976717914384,0.020617001878389378,0.78805214532095769
2891,1008,1103,0.082700013579105461,0.065171835901353017,0.78805109069315782
2892,1104,1105,0.026162015705704266,0.020617021464756899,0.78805171958755615
2893,1105,1057,0.078384070939121656,0.061823635099422132,0.78872702525795746
2894,1057,1104,0.082698997879333019,0.065171085389927746,0.7880516942299538
2895,1105,1106,0.026160546743240011,0.020686471807980594,0.7907507442796875
2896,1106,1057,0.082443419919325175,0.065192193564441683,0.79075071883523707
2897,1106,1107,0.026160658361290348,0.02082800213960069,0.7961574151520463
2898,1107,1059,0.077325828037442895,0.061825787238767749,0.79954898392850471
2899,1059,1106,0.081942133193862982,0.065238787362752695,0.79615680993326554
2900,1107,1108,0.026161451294443128,0.021041330442760679,0.80428758351146989
2901,1108,1060,0.07641428062858191,0.06182321301525829,0.80905313125638467
2902,1060,1107,0.081198164347655311,0.065306633369574638,0.80428706602232991
2903,1108,1109,0.026161499533237594,0.021325887434202773,0.81516303784913835
2904,1109,1060,0.08022812572507837,0.06539896060842465,0.81516251336258883
2905,1061,1109,0.075276415090383297,0.06182587508933432,0.82131800531548815
2906,1109,1110,0.026161662825865621,0.02168296238100454,0.82880673622805578
2907,1110,1061,0.079049504323526837,0.065516717628085364,0.82880617897291708
2908,1062,1110,0.073920467882721982,0.061824291651888533,0.83636228804687007
2909,1110,1111,0.026160710576968109,0.02211199830354697,0.84523691504826226
2910,1111,1062,0.077681715169927446,0.065659382741998326,0.84523600693380074
2911,1111,1112,0.026161599297815447,0.022615714364141358,0.86446222597828037
2912,1112,1064,0.070666116555140671,0.06182164011854769,0.87484134026677907
2913,1064,1111,0.076149416379450399,0.06582818173658013,0.86446075185343707
2914,1112,1113,0.026160567461420901,0.023190507516872398,0.88646806117915977
2915,1113,1064,0.074485791727736367,0.066029162781811007,0.88646654952884985
2916,1113,1114,0.026160653621355417,0.023837836637793829,0.91120952032844349
2917,1114,1066,0.066879116115569223,0.061820235785644044,0.9243578470567213
2918,1066,1113,0.07271441886922872,0.066258037649948004,0.91120906527642032
2919,1114,1115,0.026161658009665096,0.02455521772938063,0.9385956241882305
2920,1115,1066,0.070869794779424788,0.066518046048396035,0.93859515545976757
2921,1115,1116,0.026161310552856285,0.025336389612745803,0.96846790460119292
2922,1116,1068,0.062814807438400261,0.061818143362203259,0.98413329409352424
2923,1068,1115,0.068984644920282209,0.06680943920036847,0.96846826243104711
2924,1116,1117,0.026161310552856396,0.026176582777010529,1.0005837713719761
2925,1117,1068,0.067092079800488966,0.067131271039638757,1.0005841410680119
2926,1069,1117,0.060765784681676809,0.061817574220461323,1.0173089106689619
2927,1117,1118,0.026161658009664995,0.027066731826488787,1.034595430323622
2928,1118,1069,0.065226861709095918,0.067483366948566492,1.0345947234060457
2929,1070,1118,0.058750888938901687,0.06181620430919723,1.0521747913207464
2930,1118,1119,0.026160653621355404,0.027992626186565499,1.0700277826282836
2931,1119,1070,0.063416629863006224,0.067857544278305051,1.0700276004084761
2932,1071,1119,0.056805417816567214,0.061814713460284935,1.0881834134183019
2933,1119,1120,0.026160567461420998,0.028940405085191474,1.1062606011077514
2934,1120,1071,0.061698466059146875,0.068254575909476534,1.1062604999619388
2935,1072,1120,0.054963888526415081,0.061814495108268953,1.1246383173665295
2936,1120,1121,0.026161599297815447,0.029890215217044814,1.1425224764275292
2937,1121,1072,0.060096192109377639,0.068661270283441531,1.1425228100721436
2938,1073,1121,0.053255323733635916,0.061812981321634909,1.1606911194606822
2939,1121,1122,0.026160710576968116,0.030814452418920592,1.1778904983586198
2940,1122,1073,0.05863660975882308,0.069067490529509654,1.1778902432045371
2941,1074,1122,0.051711498744582376,0.061813063301804097,1.1953446487234143
2942,1122,1123,0.026161354969484508,0.031689452873565942,1.2113077824344187
2943,1123,1074,0.057345498875477061,0.069463058732615351,1.2113079508376234
2944,1075,1123,0.050357513100769226,0.06181305688625241,1.2274843033364211
2945,1123,1124,0.026161758920348773,0.032483285591550844,1.241632326421491
2946,1124,1075,0.056238441987281895,0.069827469729618105,1.2416323650183858
2947,1124,1125,0.02616124480693436,0.033164529456216368,1.26769691965979
2948,1125,1077,0.048308100156026157,0.061813119253470383,1.2795601369920475
2949,1077,1124,0.055334394387977867,0.070147228417594784,1.2676966865446566
2950,1125,1126,0.026160808433301853,0.033705465426331654,1.2883954069028578
2951,1126,1077,0.054645135120793636,0.070404528152617329,1.2883951699815068
2952,1078,1126,0.047647580247236546,0.061812816320926535,1.2972918246884435
2953,1126,1127,0.026160546743240032,0.034081458943775227,1.302780835518355
2954,1127,1078,0.054180352113676444,0.070585145045650152,1.3027812166586628
2955,1079,1127,0.047245934119127468,0.061811560885293861,1.3082937619444699
2956,1127,1128,0.026161985203497131,0.034276346890819528,1.3101584846947216
2957,1128,1079,0.053948310689462917,0.070680853631150606,1.3101587932568175
2958,1128,1129,0.026161985203497131,0.034276346890815004,1.3101584846945487
2959,1129,1081,0.047245934119127468,0.06181156088538875,1.3082937619464783
2960,1081,1128,0.053948310689462917,0.070680853631268414,1.3101587932590013
2961,1129,1130,0.026160546743240032,0.034081458943746208,1.3027808355172457
2962,1130,1082,0.047647580247236546,0.061812816321003994,1.2972918246900691
2963,1082,1129,0.054180352113676444,0.070585145045780076,1.3027812166610608
2964,1130,1131,0.026160808433301853,0.033705465426239152,1.2883954068993217
2965,1131,1083,0.048308100156026157,0.061813119253308429,1.2795601369886951
2966,1083,1130,0.054645135120793636,0.070404528152524751,1.2883951699798126
2967,1131,1132,0.02616124480693436,0.033164529456022732,1.2676969196523884
2968,1132,1083,0.055334394387977867,0.070147228417285518,1.2676966865390675
2969,1132,1133,0.026161758920348773,0.032483285591259119,1.2416323264103402
2970,1133,1085,0.050357513100769226,0.061813056885349903,1.227484303318499
2971,1085,1132,0.056238441987281895,0.069827469728693081,1.2416323650019374
2972,1133,1134,0.026161354969484508,0.03168945287321609,1.2113077824210459
2973,1134,1086,0.051711498744582376,0.061813063300826615,1.1953446487045116
2974,1086,1133,0.057345498875477061,0.069463058731565927,1.2113079508193234
2975,1134,1135,0.026160710576968116,0.030814452418552119,1.1778904983445349
2976,1135,1087,0.053255323733635916,0.061812981320682941,1.1606911194428067
2977,1087,1134,0.05863660975882308,0.069067490528460576,1.177890243186646
2978,1135,1136,0.026161599297815447,0.029890215216682881,1.1425224764136948
2979,1136,1088,0.054963888526415081,0.061814495107380289,1.1246383173503613
2980,1088,1135,0.060096192109377639,0.068661270282450268,1.142522810055649
2981,1136,1137,0.026160567461420998,0.028940405084847277,1.1062606010945943
2982,1137,1089,0.056805417816567214,0.061814713459463162,1.0881834134038355
2983,1089,1136,0.061698466059146875,0.068254575908558587,1.1062604999470609
2984,1137,1138,0.026160653621355404,0.027992626186240488,1.07002778261586
2985,1138,1090,0.058750888938901687,0.061816204308429712,1.0521747913076824
2986,1090,1137,0.063416629863006224,0.067857544277453843,1.0700276003950535
2987,1138,1139,0.026161658009664995,0.027066731826178591,1.034595430311765
2988,1139,1091,0.060765784681676809,0.061817574219728645,1.0173089106569044
2989,1091,1138,0.065226861709095918,0.067483366947765133,1.03459472339376
2990,1139,1140,0.026161310552856396,0.026176582776707435,1.0005837713603905
2991,1140,1092,0.062814807438400261,0.061818143361483488,0.98413329408206562
2992,1092,1139,0.067092079800488966,0.067131271038866583,1.0005841410565026
2993,1140,1141,0.026161310552856285,0.025336389612439749,0.96846790458949417
2994,1141,1092,0.068984644920282209,0.066809439199566528,0.96846826241942219
2995,1141,1142,0.026161658009665096,0.024555217729059105,0.93859562417594056
2996,1142,1094,0.066879116115569223,0.061820235784880197,0.9243578470453
2997,1094,1141,0.070869794779424788,0.066518046047617643,0.93859515544878414
2998,1142,1143,0.026160653621355417,0.023837836637484594,0.91120952031662295
2999,1143,1094,0.07271441886922872,0.066258037649180715,0.91120906526586831
3000,1143,1144,0.026160567461420901,0.023190507516568346,0.88646806116753718
3001,1144,1096,0.070666116555140671,0.06182164011778038,0.87484134025592086
3002,1096,1143,0.074485791727736367,0.066029162781051823,0.88646654951865755
3003,1144,1145,0.026161599297815447,0.022615714363804894,0.86446222596541944
3004,1145,1096,0.076149416379450399,0.065828181735706981,0.8644607518419708
3005,1145,1146,0.026160710576968109,0.02211199830318205,0.84523691503431309
3006,1146,1098,0.073920467882721982,0.061824291651021324,0.83636228803513846
3007,1098,1145,0.077681715169927446,0.065659382741128106,0.84523600692259837
3008,1146,1147,0.026161662825865621,0.021682962380617156,0.82880673621324841
3009,1147,1099,0.075276415090383297,0.061825875088442318,0.82131800530363841
3010,1099,1146,0.079049504323526837,0.065516717627178714,0.8288061789614477
3011,1147,1148,0.026161499533237594,0.021325887433804612,0.81516303783391908
3012,1148,1100,0.07641428062858191,0.061823213014378507,0.80905313124487133
3013,1100,1147,0.08022812572507837,0.06539896060750805,0.81516251335116385
3014,1148,1149,0.026161451294443128,0.02104133044237224,0.8042875834966221
3015,1149,1100,0.081198164347655311,0.065306633368672984,0.80428706601122546
3016,1101,1149,0.077325828037442895,0.061825787237957612,0.79954898391802776
3017,1149,1150,0.026160658361290348,0.020828002139253232,0.79615741513876459
3018,1150,1101,0.081942133193862982,0.065238787361986184,0.79615680992391114
3019,1150,1151,0.026160546743240011,0.020686471807713599,0.79075074426948144
3020,1151,1103,0.078384070939121656,0.061823635098994717,0.7887270252525046
3021,1103,1150,0.082443419919325175,0.065192193563833128,0.79075071882785553
3022,1151,1104,0.026162015705704266,0.020617021464648812,0.78805171958342468
3023,1104,1103,0.082698997879333019,0.065171085389818861,0.78805169422863719
3024,1152,1153,0.026161896525199218,0.020616927102739852,0.78805170270746872
3025,1153,1105,0.078384653911635516,0.061824056461377931,0.78872653480199506
3026,1105,1152,0.082698706049859766,0.065170898736709032,0.78805221810141668
3027,1153,1154,0.026160599953000116,0.020686488111675484,0.79074975913551793
3028,1154,1105,0.082445650166769427,0.065193920648613263,0.79075027629402272
3029,1106,1154,0.077985755840498633,0.061825482090780821,0.79277916107180113
3030,1154,1155,0.026160636878675151,0.020827963334474918,0.79615658560104996
3031,1155,1106,0.081941801569439754,0.065238543565292406,0.79615705678630289
3032,1107,1155,0.077322850635458726,0.061823425828742437,0.7995492318333054
3033,1155,1156,0.026162531256426588,0.021042218188254483,0.80428831530151168
3034,1156,1107,0.081197520883285745,0.065306246673473095,0.80428867732729237
3035,1156,1157,0.026160203017814302,0.021324856762118403,0.8151640393462094
3036,1157,1109,0.075273969613892391,0.061823900019879127,0.82131844961806089
3037,1109,1156,0.080226475815477372,0.065397746681246149,0.81516414645537194
3038,1157,1158,0.026162445790683615,0.021683619453741053,0.82880704759883495
3039,1158,1109,0.07904911975404906,0.06551647616723133,0.82880715650063186
3040,1110,1158,0.073921506747098159,0.06182525829373775,0.83636361073179488
3041,1158,1159,0.026160528930178329,0.022111860947539239,0.84523753348241293
3042,1159,1110,0.077680991522488071,0.065658856378543642,0.84523710487830073
3043,1159,1160,0.026159225638633037,0.022613626236850773,0.86446084258144196
3044,1160,1112,0.070668528189383906,0.061823742519619064,0.87484123560544824
3045,1112,1159,0.076150941258589358,0.065829626975280053,0.86446242012609231
3046,1160,1161,0.026163055587999626,0.023192673031123594,0.88646652731806774
3047,1161,1112,0.074485463369599256,0.066028990544251417,0.88646814502063909
3048,1161,1162,0.02616009774335416,0.023837328366219976,0.91120945342322845
3049,1162,1114,0.066880921405312849,0.061821925006528236,0.92435815337940697
3050,1114,1161,0.072714287726136403,0.066257957506584156,0.91120960650995164
3051,1162,1163,0.026162757227117146,0.024556260755976538,0.93859605632561127
3052,1163,1114,0.070871009276075855,0.066519260989832643,0.93859621401339
3053,1163,1164,0.026159520446462626,0.025334660202128316,0.9684680670648208
3054,1164,1116,0.062816129435556506,0.061819393064891301,0.98413247712615337
3055,1116,1163,0.068984985922330433,0.066809786749216393,0.96846851319846505
3056,1164,1165,0.026162035199577448,0.026177297339812687,1.0005833697615194
3057,1165,1117,0.060765323500062279,0.061817150959361432,1.0173096660844416
3058,1117,1164,0.067093577871820492,0.067132714256528683,1.0005833104441524
3059,1165,1166,0.026160285509270263,0.027065291910611362,1.0345946683578968
3060,1166,1117,0.065226038823346849,0.067482508004188702,1.0345946070242453
3061,1166,1167,0.026162484166212745,0.027994566257884691,1.0700270692963465
3062,1167,1119,0.056806845089849616,0.061816280229087965,1.0881836534191449
3063,1119,1166,0.063419313009929368,0.067860372874573124,1.0700269311329254
3064,1167,1168,0.026160795360328466,0.028940662264659796,1.1062607946754883
3065,1168,1120,0.05496373071372801,0.061814302409174272,1.1246380405130547
3066,1120,1167,0.061697641690830952,0.068253678996841663,1.1062607439497161
3067,1168,1169,0.02616132102631933,0.029889893747702578,1.1425223411934036
3068,1169,1121,0.053255507263980768,0.061813197582790622,1.1606911802828292
3069,1121,1168,0.060095905335562687,0.068660925735475456,1.1425225288160237
3070,1169,1170,0.02616006418081919,0.030813663077905149,1.1778894296634801
3071,1170,1121,0.058636661535246472,0.069067515155242468,1.1778896230940095
3072,1170,1171,0.026162445790683626,0.031690750728594209,1.2113068855312907
3073,1171,1123,0.050356907230182477,0.061812311431087931,1.2274842684151066
3074,1123,1170,0.057344564602447391,0.069461865767629583,1.211306882338157
3075,1171,1172,0.026160546360985592,0.032481755546689653,1.2416313902041116
3076,1172,1123,0.056237597008628674,0.069826365571492494,1.2416313869310394
3077,1124,1172,0.049215442849193179,0.061811766763369073,1.2559425087928959
3078,1172,1173,0.026162531256426539,0.033166160114073785,1.2676969131542608
3079,1173,1124,0.055334422254862944,0.070147329361169297,1.2676978723674042
3080,1125,1173,0.048306101322560559,0.061810619444386081,1.2795613339120468
3081,1173,1174,0.026159826795373192,0.033704244519902386,1.2883970824250088
3082,1174,1125,0.054643962782446383,0.070403069311284344,1.2883961141614049
3083,1174,1175,0.026160599953000081,0.03408159527431448,1.3027833969995029
3084,1175,1127,0.047247604960918163,0.061813819882668423,1.308295307958975
3085,1127,1174,0.054180732655601131,0.070585658905702023,1.3027815506737148
3086,1175,1176,0.026162061344278609,0.03427652843770089,1.3101616109923553
3087,1176,1128,0.047110789110917144,0.061810648296354812,1.3120274455778798
3088,1128,1175,0.05394723984067025,0.070679534171298949,1.3101603414752352
3089,1176,1177,0.026162061344278609,0.034276528437685728,1.310161610991776
3090,1177,1128,0.05394723984067025,0.070679534171267711,1.3101603414746561
3091,1129,1177,0.047247604960918163,0.061813819882632938,1.308295307958224
3092,1177,1178,0.026160599953000081,0.0340815952742652,1.302783396997619
3093,1178,1129,0.054180732655601131,0.070585658905621837,1.3027815506722349
3094,1178,1179,0.026159826795373192,0.033704244519810397,1.2883970824214923
3095,1179,1131,0.048306101322560559,0.06181061944415428,1.2795613339072482
3096,1131,1178,0.054643962782446383,0.070403069311071098,1.2883961141575022
3097,1179,1180,0.026162531256426539,0.033166160113933092,1.2676969131488831
3098,1180,1132,0.049215442849193179,0.061811766762977782,1.2559425087849454
3099,1132,1179,0.055334422254862944,0.070147329360780733,1.2676978723603822
3100,1180,1181,0.026160546360985592,0.032481755546504017,1.2416313901970155
3101,1181,1133,0.050356907230182477,0.061812311430570817,1.2274842684048377
3102,1133,1180,0.056237597008628674,0.069826365570955964,1.241631386921499
3103,1181,1182,0.026162445790683626,0.031690750728376189,1.2113068855229574
3104,1182,1133,0.057344564602447391,0.069461865767014977,1.2113068823274391
3105,1182,1183,0.02616006418081919,0.030813663077669362,1.1778894296544669
3106,1183,1135,0.053255507263980768,0.061813197582169035,1.1606911802711575
3107,1135,1182,0.058636661535246472,0.069067515154567952,1.1778896230825062
3108,1183,1184,0.02616132102631933,0.029889893747460598,1.1425223411841541
3109,1184,1135,0.060095905335562687,0.068660925734774475,1.1425225288043594
3110,1136,1184,0.05496373071372801,0.061814302408546962,1.1246380405016416
3111,1184,1185,0.026160795360328466,0.028940662264418601,1.1062607946662686
3112,1185,1136,0.061697641690830952,0.068253678996143208,1.1062607439383954
3113,1137,1185,0.056806845089849616,0.061816280228464929,1.0881836534081772
3114,1185,1186,0.026162484166212745,0.027994566257646774,1.0700270692872527
3115,1186,1137,0.063419313009929368,0.067860372873883787,1.0700269311220558
3116,1186,1187,0.026160285509270263,0.027065291910375801,1.0345946683488922
3117,1187,1139,0.060765323500062279,0.061817150958735009,1.0173096660741328
3118,1139,1186,0.065226038823346849,0.067482508003513325,1.0345946070138909
3119,1187,1188,0.026162035199577448,0.02617729733957606,1.0005833697524746
3120,1188,1139,0.067093577871820492,0.067132714255834253,1.0005833104338022
3121,1140,1188,0.062816129435556506,0.061819393064243139,0.98413247711583496
3122,1188,1189,0.026159520446462626,0.025334660201885843,0.96846806705555177
3123,1189,1140,0.068984985922330433,0.066809786748494471,0.96846851318800009
3124,1189,1190,0.026162757227117146,0.024556260755723047,0.93859605631592224
3125,1190,1142,0.066880921405312849,0.061821925005770842,0.92435815336808247
3126,1142,1189,0.070871009276075855,0.066519260989046397,0.93859621400229598
3127,1190,1191,0.02616009774335416,0.023837328365907823,0.911209453411296
3128,1191,1143,0.068824031742239791,0.061821038917399367,0.89824785547193631
3129,1143,1190,0.072714456523315318,0.066258093917176436,0.9112093672312781
3130,1191,1192,0.026163055587999626,0.023192673030737791,0.88646652730332165
3131,1192,1144,0.070668528189383906,0.061823742518634262,0.87484123559151272
3132,1144,1191,0.074485463369599256,0.066028990543278779,0.88646814500758109
3133,1192,1193,0.026159225638633037,0.022613626236405653,0.86446084256442612
3134,1193,1144,0.076150941258589358,0.065829626974109628,0.8644624201107225
3135,1193,1194,0.026160528930178329,0.02211186094700799,0.84523753346210573
3136,1194,1146,0.073921506747098159,0.061825258292383979,0.8363636107134812
3137,1146,1193,0.077680991522488071,0.065658856377269509,0.84523710486189862
3138,1194,1195,0.026162445790683615,0.021683619453099868,0.8288070475743271
3139,1195,1147,0.075273969613892391,0.061823900018300203,0.82131844959708522
3140,1147,1194,0.07904911975404906,0.06551647616575812,0.82880715648199521
3141,1195,1196,0.026160203017814302,0.021324856761352654,0.81516403931693782
3142,1196,1147,0.080226475815477372,0.065397746679361074,0.81516414643187496
3143,1196,1197,0.026162531256426588,0.021042218187374929,0.80428831526789291
3144,1197,1149,0.077322850635458726,0.06182342582681228,0.79954923180834314
3145,1149,1196,0.081197520883285745,0.065306246671604326,0.80428867730427733
3146,1197,1198,0.026160636878675151,0.020827963333555497,0.79615658556590474
3147,1198,1150,0.077985755840498633,0.061825482088950445,0.79277916104833046
3148,1150,1197,0.081941801569439754,0.065238543563343993,0.7961570567625248
3149,1198,1199,0.026160599953000116,0.0206864881105094,0.79074975909094392
3150,1199,1151,0.078384653911635516,0.061824056458925337,0.78872653477070587
3151,1151,1198,0.082445650166769427,0.065193920646841028,0.79075027627252692
3152,1199,1152,0.026161896525199218,0.020616927102030055,0.78805170268033775
3153,1152,1151,0.082698706049859766,0.065170898736367375,0.78805221809728532
3154,1200,1201,0.026161974424513176,0.020616935164274305,0.78804966436159751
3155,1201,1153,0.078384685550426006,0.061823991290527985,0.78872538502123246
3156,1153,1200,0.082700432271399643,0.065172100276711581,0.78805029776428515
3157,1201,1202,0.026160712105976185,0.020686554403213684,0.7907489031419761
3158,1202,1154,0.077984161766355878,0.061824164519455542,0.79277847089879061
3159,1154,1201,0.082443653533393113,0.065192246774871579,0.79074912356311333
3160,1202,1203,0.026160644905988937,0.02082796089168535,0.79615624792633533
3161,1203,1154,0.081941937275187671,0.065238603514074345,0.79615646985476929
3162,1155,1203,0.077325445344778879,0.061825463609473351,0.79954875570138428
3163,1203,1204,0.026161833150610745,0.021041624912696462,0.80428709989709757
3164,1204,1155,0.081199834143958746,0.065307988610330298,0.80428721682542004
3165,1204,1205,0.0261609530765247,0.021325429985097104,0.81516257923467206
3166,1205,1157,0.075274623700685481,0.061824402808983832,0.82131799229998459
3167,1157,1204,0.08022815721024075,0.065399019380398493,0.81516292601633644
3168,1205,1206,0.02616200171597469,0.021683223104755889,0.82880596600205747
3169,1206,1157,0.079048211024119908,0.065515656769853256,0.82880631858781129
3170,1158,1206,0.073918570362511246,0.061822779378928966,0.83636329917824259
3171,1206,1207,0.026160173889629077,0.02211152016510351,0.84523597810905171
3172,1207,1158,0.077680619307565715,0.06565851199316787,0.84523672157146479
3173,1207,1208,0.026160548195806724,0.022614754086646031,0.86446025203214016
3174,1208,1160,0.070668053748198206,0.061823231790037306,0.87483988182727601
3175,1160,1207,0.076151257340205197,0.065829716849750072,0.8644600122051338
3176,1208,1209,0.026162687203931972,0.023192353526702392,0.88646679700458408
3177,1209,1161,0.06882603786959314,0.061822848421642707,0.89824796450989086
3178,1161,1208,0.074487555879477807,0.066030743307784953,0.88646677325033829
3179,1209,1210,0.026159755235279941,0.023837010706947569,0.91120924078066912
3180,1210,1161,0.07271486749893738,0.066258457431676007,0.91120921636341123
3181,1210,1211,0.026162121201785658,0.024555639914591039,0.93859514391803323
3182,1211,1163,0.064864849354486373,0.061819622894254397,0.95305274751214153
3183,1163,1210,0.070871133078160231,0.066519348708842199,0.93859581214090837
3184,1211,1212,0.026160427097335279,0.025335517366009142,0.96846726820411266
3185,1212,1163,0.068985908550267233,0.066810641963351361,0.96846795769413052
3186,1212,1213,0.026161954548360913,0.026177209272706177,1.0005830880990587
3187,1213,1165,0.060765774676060841,0.061817603189399939,1.0173095549089326
3188,1165,1212,0.067094823432077594,0.067133956941673414,1.0005832567639952
3189,1213,1214,0.02616137056497805,0.027066420976614779,1.0345949157896304
3190,1214,1166,0.058751697158152094,0.061816992044316628,1.0521737249208845
3191,1166,1213,0.065225339652061801,0.067481777270679097,1.0345944939597715
3192,1214,1215,0.026161504961051917,0.027993528628784056,1.0700274571535382
3193,1215,1166,0.063419334391391788,0.067860401444820584,1.0700270208769584
3194,1215,1216,0.026161030061254434,0.028940932882067755,1.1062612142681061
3195,1216,1168,0.054963262512803771,0.061813804929376631,1.1246385695350056
3196,1168,1215,0.061698917931879781,0.068255090893353756,1.1062607446165018
3197,1216,1217,0.026160548195806706,0.029889028706797757,1.1425230267762008
3198,1217,1168,0.060095561351611648,0.06866053350213594,1.142522541730024
3199,1169,1217,0.053255380028359819,0.061813050600204159,1.1606911934021908
3200,1217,1218,0.026160173889629188,0.030813817697146171,1.1778904003907196
3201,1218,1169,0.05863723056126624,0.069068218860692615,1.1778901936462998
3202,1170,1218,0.051712053665673864,0.061813666257761163,1.1953434813746855
3203,1218,1219,0.02616200171597453,0.031690254648340542,1.2113084844341424
3204,1219,1170,0.05734480560086673,0.069462204509150263,1.2113076987761275
3205,1171,1219,0.050356000336915965,0.061811239895491969,1.2274850957568639
3206,1219,1220,0.026160953076524714,0.03248229436058752,1.2416326830896387
3207,1220,1171,0.0562372335501009,0.069825940302747816,1.2416318494852872
3208,1172,1220,0.049215766363967101,0.061812149173070888,1.2559420230490634
3209,1220,1221,0.026162650434040167,0.03316632385141597,1.2676973969068264
3210,1221,1172,0.055335468897435368,0.070148603929831466,1.2676969279839723
3211,1221,1222,0.026160050954569164,0.033704491950883417,1.2883955008121468
3212,1222,1174,0.047647154495101249,0.061812237172764996,1.2972912617293884
3213,1174,1221,0.054645053832745344,0.070404528750669534,1.2883970974968741
3214,1222,1223,0.026160861413179779,0.034081840146074668,1.3027797367904834
3215,1223,1174,0.054180246946462958,0.070585015330752676,1.3027813513013282
3216,1223,1224,0.02616192435186989,0.034276223604454086,1.3101568196379345
3217,1224,1176,0.047111805086455683,0.061811912187856775,1.3120259789329802
3218,1176,1223,0.053946780205161964,0.070678889477606935,1.3101595537085258
3219,1224,1225,0.02616192435186989,0.034276223604441977,1.3101568196374715
3220,1225,1176,0.053946780205161964,0.070678889477581955,1.3101595537080628
3221,1225,1226,0.026160861413179779,0.034081840146037524,1.3027797367890637
3222,1226,1178,0.047647154495101249,0.061812237172657422,1.2972912617271306
3223,1178,1225,0.054180246946462958,0.070585015330656864,1.3027813512995599
3224,1226,1227,0.026160050954569164,0.033704491950819954,1.2883955008097208
3225,1227,1178,0.054645053832745344,0.070404528750518128,1.2883970974941032
3226,1227,1228,0.026162650434040167,0.033166323851326514,1.2676973969034071
3227,1228,1180,0.049215766363967101,0.061812149172819478,1.2559420230439551
3228,1180,1227,0.055335468897435368,0.070148603929574491,1.2676969279793284
3229,1228,1229,0.026160953076524714,0.032482294360475027,1.2416326830853386
3230,1229,1181,0.050356000336915965,0.061811239895176062,1.2274850957505905
3231,1181,1228,0.0562372335501009,0.069825940302416206,1.2416318494793905
3232,1229,1230,0.02616200171597453,0.031690254648210292,1.2113084844291639
3233,1230,1182,0.051712053665673864,0.061813666257397766,1.1953434813676582
3234,1182,1229,0.05734480560086673,0.069462204508761727,1.2113076987693521
3235,1230,1231,0.026160173889629188,0.030813817697004701,1.1778904003853117
3236,1231,1183,0.053255380028359819,0.061813050599810737,1.1606911933948034
3237,1183,1230,0.05863723056126624,0.069068218860266567,1.1778901936390338
3238,1231,1232,0.026160548195806706,0.029889028706651253,1.1425230267706006
3239,1232,1184,0.054963262512803771,0.061813804928966654,1.1246385695275465
3240,1184,1231,0.060095561351611648,0.068660533501688409,1.1425225417225771
3241,1232,1233,0.026161030061254434,0.028940932881920987,1.1062612142624959
3242,1233,1184,0.061698917931879781,0.068255090892897274,1.1062607446091033
3243,1233,1234,0.026161504961051917,0.027993528628639838,1.0700274571480255
3244,1234,1186,0.058751697158152094,0.061816992043891468,1.0521737249136478
3245,1186,1233,0.063419334391391788,0.067860401444355595,1.0700270208696263
3246,1234,1235,0.02616137056497805,0.027066420976473785,1.0345949157842409
3247,1235,1186,0.065225339652061801,0.067481777270212817,1.0345944939526228
3248,1187,1235,0.060765774676060841,0.061817603188965058,1.0173095549017759
3249,1235,1236,0.026161954548360913,0.026177209272566729,1.0005830880937285
3250,1236,1187,0.067094823432077594,0.06713395694119538,1.0005832567568704
3251,1236,1237,0.026160427097335279,0.025335517365866651,0.96846726819866591
3252,1237,1189,0.064864849354486373,0.061819622893768272,0.95305274750464708
3253,1189,1236,0.068985908550267233,0.066810641962840131,0.96846795768671989
3254,1237,1238,0.026162121201785658,0.024555639914436527,0.93859514391212728
3255,1238,1189,0.070871133078160231,0.066519348708288753,0.93859581213309917
3256,1238,1239,0.026159755235279941,0.023837010706764944,0.91120924077368792
3257,1239,1191,0.06882603786959314,0.061822848420900529,0.89824796449910749
3258,1191,1238,0.07271486749893738,0.06625845743094104,0.91120921635330365
3259,1239,1240,0.026162687203931972,0.023192353526469069,0.88646679699566588
3260,1240,1191,0.074487555879477807,0.066030743306894096,0.88646677323837841
3261,1192,1240,0.070668053748198206,0.061823231789129116,0.87483988181442451
3262,1240,1241,0.026160548195806724,0.022614754086326204,0.86446025201991461
3263,1241,1192,0.076151257340205197,0.065829716848612149,0.86446001219019086
3264,1241,1242,0.026160173889629077,0.022111520164632192,0.84523597809103512
3265,1242,1194,0.073918570362511246,0.061822779377308922,0.8363632991563259
3266,1194,1241,0.077680619307565715,0.065658511991747825,0.84523672155318419
3267,1242,1243,0.02616200171597469,0.021683223104019433,0.82880596597390765
3268,1243,1195,0.075274623700685481,0.061824402806675963,0.82131799226932523
3269,1195,1242,0.079048211024119908,0.065515656767936428,0.82880631856356235
3270,1243,1244,0.0261609530765247,0.021325429983896867,0.81516257918879309
3271,1244,1195,0.08022815721024075,0.065399019377025511,0.81516292597429407
3272,1244,1245,0.026161833150610745,0.021041624910682039,0.80428709982009894
3273,1245,1197,0.077325445344778879,0.061825463604362023,0.79954875563528283
3274,1197,1244,0.081199834143958746,0.065307988606577314,0.80428721677920101
3275,1245,1246,0.026160644905988937,0.020827960892053948,0.79615624794042517
3276,1246,1198,0.077984161766355878,0.061824164522931747,0.7927784709433664
3277,1198,1245,0.081941937275187671,0.065238603508697826,0.79615646978915544
3278,1246,1247,0.026160712105976185,0.02068655440606465,0.79074890325095504
3279,1247,1198,0.082443653533393113,0.065192246777329793,0.79074912359293026
3280,1247,1200,0.026161974424513176,0.020616935165504079,0.78804966440860358
3281,1200,1152,0.078520695333112026,0.061825354918023635,0.78737655920823213
3282,1152,1247,0.082699288160002535,0.065171262469028199,0.78805106935065794
3283,1200,1248,0.078519016219041921,0.061824052702713322,0.78737681239210633
3284,1248,1249,0.02616193650691729,0.020616981382815258,0.78805257314817156
3285,1249,1200,0.082699551909929864,0.065171457536395305,0.7880509148027206
3286,1249,1250,0.026160835725979652,0.020686719529303697,0.79075147850725003
3287,1250,1202,0.077983879273025386,0.061824026584275875,0.79277957394023613
3288,1202,1249,0.082445204976006173,0.065193558850082128,0.79075015786612757
3289,1250,1251,0.026159947208549732,0.02082743778539595,0.79615748530979513
3290,1251,1203,0.077324422752547708,0.061824629842590087,0.79954854678243392
3291,1203,1250,0.08194071862463681,0.065237724046685319,0.79615757759623229
3292,1251,1252,0.026162164393899037,0.021041892332563795,0.80428713831760501
3293,1252,1203,0.081198172229594148,0.065306653149167185,0.80428723154638926
3294,1204,1252,0.076415206495587293,0.061824011272328942,0.80905377486481123
3295,1252,1253,0.026160744291574469,0.021325257133322763,0.815162477628396
3296,1253,1204,0.0802278732450393,0.065398741224526144,0.81516234419899591
3297,1205,1253,0.075274251702471581,0.061824053153602447,0.82131740608950476
3298,1253,1254,0.026162663429641891,0.021683775051968453,0.82880610035295843
3299,1254,1205,0.079048386486193306,0.065515803832975006,0.82880633932253733
3300,1254,1255,0.026158979300289882,0.022110505671302672,0.84523579523065162
3301,1255,1207,0.072375768210294622,0.061823595863522561,0.85420296588615507
3302,1207,1254,0.077680297476804536,0.065658211792135587,0.84523635883012982
3303,1255,1256,0.02616167788604265,0.02261571665173295,0.86445971662232401
3304,1256,1207,0.076151002295141601,0.065829517759365158,0.86446029304022765
3305,1256,1257,0.026161728876526725,0.023191491816525755,0.88646633125741259
3306,1257,1209,0.068825789010225194,0.061822591126692562,0.89824747403197669
3307,1209,1256,0.074486504422897545,0.066029816128142446,0.8864668390566135
3308,1257,1258,0.02616073557623828,0.02383789413887042,0.91120886373402699
3309,1258,1209,0.072713470276865075,0.066257196583579092,0.91120938570662402
3310,1210,1258,0.066879404365916162,0.06182048999874129,0.92435766413982823
3311,1258,1259,0.026162724432439093,0.024556224825508198,0.93859585949928825
3312,1259,1210,0.070871864880364871,0.066520028351829838,0.9385957102175716
3313,1211,1259,0.06486680871897603,0.061821483558688821,0.95305264401890744
3314,1259,1260,0.026161563061530071,0.02533666422153448,0.9684690537008247
3315,1260,1211,0.068986704446108812,0.066811448062305379,0.96846846937727393
3316,1260,1261,0.026161563061529901,0.026176874387636537,1.0005852603711263
3317,1261,1213,0.060766466639510949,0.061818354245597597,1.0173103302570945
3318,1213,1260,0.067093295877464459,0.067132500442990295,1.0005843291049143
3319,1261,1262,0.026159228849732138,0.027064222614877079,1.0345955827040447
3320,1262,1214,0.058750380043062829,0.061815613728234367,1.0521738528827351
3321,1214,1261,0.065225132339988126,0.067481653107282741,1.0345958787102558
3322,1262,1263,0.026161563214425823,0.027993573158519556,1.0700267766523806
3323,1263,1215,0.056805811685469838,0.061815136456112856,1.0881833147351072
3324,1215,1262,0.063417008910123196,0.067857921369679164,1.0700271510100672
3325,1263,1264,0.026161728876526815,0.028941693815769498,1.1062607502876831
3326,1264,1216,0.054965029734811939,0.061815814359067571,1.1246389687644744
3327,1216,1263,0.061699457970561047,0.068255693414379967,1.1062608272336383
3328,1264,1265,0.026160196213595544,0.029888600923391954,1.1425220468284847
3329,1265,1217,0.05325583248706147,0.061813537896230016,1.1606904823288162
3330,1217,1264,0.060096856705844304,0.068662037847509516,1.1425229473080289
3331,1265,1266,0.026161001774935112,0.030814749891118671,1.1778887580919137
3332,1266,1218,0.051710346494648236,0.061811628227826917,1.195343532154133
3333,1218,1265,0.058636060782668586,0.069066798677586763,1.1778894720363147
3334,1266,1267,0.026162064784368853,0.031690277878894474,1.2113064523037411
3335,1267,1218,0.057345802612075017,0.069463382819808753,1.2113071865033449
3336,1267,1268,0.026160744291574469,0.032481980852783275,1.2416306084702899
3337,1268,1220,0.049217231520758395,0.061813975140709083,1.2559417348502779
3338,1220,1267,0.056239073152446931,0.069828196470961446,1.241631352666118
3339,1268,1269,0.026162164393899037,0.033165673628080129,1.2676960945866655
3340,1269,1221,0.048307177943070177,0.061812018493883236,1.2795617778941353
3341,1221,1268,0.055335425344949986,0.070148532621616647,1.2676966370878096
3342,1269,1270,0.026160239026628299,0.033704738149373678,1.2883956494077098
3343,1270,1222,0.047646742465159243,0.061811659628716591,1.2972903588092128
3344,1222,1269,0.054645027334498997,0.0704043772304941,1.2883949494530818
3345,1270,1271,0.026160658590641973,0.034081604053432149,1.3027808124686742
3346,1271,1222,0.054181293109366743,0.070586310709744235,1.3027801046989302
3347,1223,1271,0.047247660117035024,0.061813802976417635,1.3082934228552585
3348,1271,1272,0.026161995906030008,0.034276343560391186,1.3101578214256553
3349,1272,1223,0.053947344868947464,0.070679515865116282,1.310157451433722
3350,1272,1273,0.026161995906030008,0.034276343560385662,1.3101578214254441
3351,1273,1225,0.047247660117035024,0.061813802976385834,1.3082934228545855
3352,1225,1272,0.053947344868947464,0.07067951586509133,1.3101574514332595
3353,1273,1274,0.026160658590641973,0.034081604053414233,1.3027808124679894
3354,1274,1226,0.047646742465159243,0.061811659628648534,1.2972903588077844
3355,1226,1273,0.054181293109366743,0.070586310709680897,1.3027801046977612
3356,1274,1275,0.026160239026628299,0.0337047381493423,1.2883956494065103
3357,1275,1226,0.054645027334498997,0.070404377230402396,1.2883949494514035
3358,1227,1275,0.048307177943070177,0.061812018493777363,1.2795617778919437
3359,1275,1276,0.026162164393899037,0.033165673628037948,1.2676960945850533
3360,1276,1227,0.055335425344949986,0.070148532621486709,1.2676966370854614
3361,1228,1276,0.049217231520758395,0.061813975140569591,1.2559417348474438
3362,1276,1277,0.026160744291574469,0.032481980852731802,1.2416306084683224
3363,1277,1228,0.056239073152446931,0.069828196470791776,1.2416313526631011
3364,1277,1278,0.026162064784368853,0.031690277878833779,1.2113064523014212
3365,1278,1230,0.051710346494648236,0.061811628227627015,1.1953435321502672
3366,1230,1277,0.057345802612075017,0.069463382819595049,1.2113071864996183
3367,1278,1279,0.026161001774935112,0.030814749891051849,1.1778887580893596
3368,1279,1230,0.058636060782668586,0.069066798677356794,1.1778894720323927
3369,1231,1279,0.05325583248706147,0.061813537896012107,1.1606904823247244
3370,1279,1280,0.026160196213595544,0.02988860092332403,1.1425220468258881
3371,1280,1231,0.060096856705844304,0.068662037847266849,1.1425229473039911
3372,1232,1280,0.054965029734811939,0.061815814358842029,1.1246389687603711
3373,1280,1281,0.026161728876526815,0.028941693815706077,1.1062607502852588
3374,1281,1232,0.061699457970561047,0.06825569341413705,1.1062608272297012
3375,1233,1281,0.056805811685469838,0.061815136455889458,1.0881833147311746
3376,1281,1282,0.026161563214425823,0.027993573158466296,1.0700267766503448
3377,1282,1233,0.063417008910123196,0.067857921369447433,1.070027151006413
3378,1234,1282,0.058750380043062829,0.06181561372802169,1.0521738528791151
3379,1282,1283,0.026159228849732138,0.027064222614839817,1.0345955827026203
3380,1283,1234,0.065225132339988126,0.067481653107072617,1.0345958787070344
3381,1235,1283,0.060766466639510949,0.061818354245403141,1.0173103302538944
3382,1283,1284,0.026161563061529901,0.026176874387621875,1.0005852603705658
3383,1284,1235,0.067093295877464459,0.067132500442812007,1.0005843291022571
3384,1284,1285,0.026161563061530071,0.025336664221550901,0.96846905370145242
3385,1285,1237,0.06486680871897603,0.061821483558550674,0.95305264401677769
3386,1237,1284,0.068986704446108812,0.066811448062108078,0.96846846937441389
3387,1285,1286,0.026162724432439093,0.024556224825567827,0.93859585950156743
3388,1286,1238,0.066879404365916162,0.061820489998640565,0.9243576641383221
3389,1238,1285,0.070871864880364871,0.066520028351650828,0.93859571021504584
3390,1286,1287,0.02616073557623828,0.023837894138991952,0.9112088637386726
3391,1287,1239,0.068825789010225194,0.061822591126634817,0.89824747403113769
3392,1239,1286,0.072713470276865075,0.066257196583410671,0.91120938570430787
3393,1287,1288,0.026161728876526725,0.023191491816739476,0.88646633126558183
3394,1288,1239,0.074486504422897545,0.066029816128246488,0.88646683905801027
3395,1288,1289,0.02616167788604265,0.022615716652088669,0.86445971663592092
3396,1289,1241,0.072375768210294622,0.061823595863615126,0.85420296588743394
3397,1241,1288,0.076151002295141601,0.065829517759200165,0.86446029303806105
3398,1289,1290,0.026158979300289882,0.022110505671883059,0.84523579525283843
3399,1290,1241,0.077680297476804536,0.065658211792661764,0.8452363588369034
3400,1290,1291,0.026162663429641891,0.021683775052913253,0.82880610038907099
3401,1291,1243,0.075274251702471581,0.061824053153983934,0.82131740609457271
3402,1243,1290,0.079048386486193306,0.065515803832671346,0.82880633931869596
3403,1291,1292,0.026160744291574469,0.021325257134870424,0.81516247768755568
3404,1292,1244,0.076415206495587293,0.061824011272954699,0.80905377487300012
3405,1244,1291,0.0802278732450393,0.065398741223998025,0.81516234419241318
3406,1292,1293,0.026162164393899037,0.021041892335127526,0.80428713841559885
3407,1293,1245,0.077324422752547708,0.061824629843578199,0.7995485467952127
3408,1245,1292,0.081198172229594148,0.065306653148181973,0.80428723153425585
3409,1293,1294,0.026159947208549732,0.020827437785878335,0.79615748532823494
3410,1294,1246,0.077983879273025386,0.061824026585813811,0.79277957395995735
3411,1246,1293,0.081942404799294377,0.0652389499989946,0.79615615576315601
3412,1294,1295,0.026160835725979652,0.020686719527767263,0.79075147844851967
3413,1295,1246,0.082445204976006173,0.065193558853810535,0.79075015791135039
3414,1295,1248,0.02616193650691729,0.020616981382382736,0.78805257313163912
3415,1200,1295,0.082699551909929864,0.065171457535028079,0.78805091478618816
3416,1296,1297,0.026161941246619788,0.020616947528766524,0.78805113635939772
3417,1297,1249,0.078384134421282989,0.061823648050004218,0.78872655169893358
3418,1249,1296,0.082698961313038041,0.065171068476789093,0.78805183816153257
3419,1297,1298,0.02616064521179132,0.020686522698868438,0.79074971321978149
3420,1298,1250,0.07798473636719927,0.061824726364620455,0.79277983416539721
3421,1250,1297,0.082444776327222732,0.065193270717819315,0.79075077430094165
3422,1298,1299,0.026160410048705052,0.0208277762571141,0.79615633770026017
3423,1299,1251,0.077323098142365265,0.061823557430405192,0.79954837449189209
3424,1251,1298,0.081940882547603081,0.065237759452750677,0.79615641697355621
3425,1299,1300,0.026162001104401495,0.021041760128376521,0.80428710496600564
3426,1300,1251,0.081197608669033028,0.065306196109117282,0.80428718504888208
3427,1252,1300,0.076415134180216365,0.061823966477065756,0.80905395430257299
3428,1300,1301,0.026161584619832437,0.021325966429549609,0.81516340617161742
3429,1301,1252,0.080228557167950798,0.06539938013337869,0.81516335880840229
3430,1253,1301,0.075274455649438118,0.061824269664186741,0.82131805711235617
3431,1301,1302,0.026160856520381751,0.021682285015973048,0.82880638862418443
3432,1302,1253,0.079048859611977038,0.065516129037781867,0.82880549269625681
3433,1254,1302,0.073920466908703644,0.061824321567849588,0.83636270377196686
3434,1302,1303,0.026160325340547585,0.022111636683876803,0.84523553877996094
3435,1303,1254,0.0776802173793575,0.065658128527829721,0.84523615848270672
3436,1255,1303,0.072374178077466628,0.06182222291354305,0.8542027634133661
3437,1303,1304,0.026162002021761062,0.022616026069416147,0.86446083333395363
3438,1304,1255,0.076150510613332778,0.065829105572617189,0.86446046181982561
3439,1256,1304,0.070666650245127804,0.061822080259210134,0.87484096168082526
3440,1304,1305,0.026161206353138341,0.023191057958602639,0.88646745282144079
3441,1305,1256,0.074486510464250741,0.066029810280567605,0.88646668865308342
3442,1257,1305,0.068825663969967255,0.061822468320406769,0.89824732162967003
3443,1305,1306,0.026160646358550154,0.023837827479579198,0.91120942322544018
3444,1306,1257,0.072714805695965459,0.066258389444847507,0.9112090558542717
3445,1306,1307,0.026161373622916914,0.024554943799337012,0.93859535639318659
3446,1307,1259,0.064866095130880638,0.061820794599562537,0.95305250724321255
3447,1259,1306,0.070870846275782745,0.066519096898614336,0.93859605739383634
3448,1307,1308,0.026161002310082015,0.025336075654297401,0.96846731459265611
3449,1308,1259,0.068985214145170878,0.066809974987527693,0.96846803790351854
3450,1308,1309,0.026161002310081987,0.026176250192177904,1.0005828477791174
3451,1309,1261,0.060766855668013216,0.061818723327831886,1.0173098911940635
3452,1261,1308,0.067094814668374372,0.067134012189640158,1.000584210888122
3453,1309,1310,0.026162398547425119,0.027067477595788491,1.0345946510493951
3454,1310,1261,0.065225864169210127,0.067482422111728627,1.0345960604931888
3455,1262,1310,0.058751438169721719,0.061816737922901946,1.0521740377541935
3456,1310,1311,0.026160646358550244,0.027992599917155817,1.0700270755354186
3457,1311,1262,0.063417922978650523,0.067858863323306387,1.0700265813837975
3458,1263,1311,0.056804774037299985,0.06181397439815612,1.0881827354434492
3459,1311,1312,0.026162143524090208,0.028942148652242556,1.1062606022932528
3460,1312,1263,0.06169726981221816,0.068253271317814779,1.1062608041741631
3461,1312,1313,0.026159715250228161,0.029888048802040601,1.1425219470529184
3462,1313,1265,0.053256259930819623,0.061813976898241099,1.1606894096306806
3463,1265,1312,0.060095182887118126,0.06866007470118661,1.1425221024812695
3464,1313,1314,0.026161607477729436,0.030815470581282353,1.1778890348199975
3465,1314,1265,0.058637751728727511,0.069068774183860024,1.1778891950596768
3466,1266,1314,0.051711716103567236,0.061813250845814134,1.1953432510732334
3467,1314,1315,0.02616085652038173,0.031688830071396216,1.2113070551305414
3468,1315,1266,0.057345162737038248,0.06946257443207654,1.2113066057655786
3469,1315,1316,0.026161584619832437,0.032483047822069872,1.2416315102505409
3470,1316,1268,0.04921530382780874,0.061811554084655003,1.2559417351342013
3471,1268,1315,0.056237402583502953,0.069826089234891586,1.2416307657739305
3472,1316,1317,0.026162001104401495,0.033165487756305373,1.267696902234501
3473,1317,1268,0.055334267486849054,0.070147037420623781,1.2676961421292003
3474,1317,1318,0.026160410048705042,0.033704984321201691,1.28839663669072
3475,1318,1270,0.047647446641312062,0.061812651779100697,1.2972920090435001
3476,1270,1317,0.054645375214458204,0.070404866326960525,1.2883956977265414
3477,1318,1319,0.026160312573138975,0.034081213835816138,1.3027831277065942
3478,1319,1270,0.05418055602453288,0.070585462796857346,1.3027821782577562
3479,1319,1320,0.026162052782274067,0.034276505979711706,1.3101611813479535
3480,1320,1272,0.047112845152373475,0.061813301122400278,1.3120264955869729
3481,1272,1319,0.053947681158253956,0.07068005051563804,1.3101591949485312
3482,1320,1321,0.026162052782274067,0.034276505979717611,1.3101611813481793
3483,1321,1272,0.053947681158253956,0.070680050515650225,1.310159194948757
3484,1321,1322,0.026160312573138975,0.034081213835822265,1.3027831277068285
3485,1322,1274,0.047647446641312062,0.061812651779078617,1.2972920090430367
3486,1274,1321,0.05418055602453288,0.070585462796843773,1.3027821782575058
3487,1322,1323,0.026160410048705042,0.033704984321195661,1.2883966366904895
3488,1323,1274,0.054645375214458204,0.070404866326921722,1.2883956977258313
3489,1323,1324,0.026162001104401495,0.033165487756308121,1.2676969022346061
3490,1324,1276,0.04921530382780874,0.061811554084628018,1.2559417351336528
3491,1276,1323,0.055334267486849054,0.070147037420561192,1.267696142128069
3492,1324,1325,0.026161584619832437,0.032483047822082216,1.2416315102510127
3493,1325,1276,0.056237402583502953,0.06982608923485005,1.2416307657731918
3494,1325,1326,0.02616085652038173,0.031688830071396439,1.2113070551305498
3495,1326,1278,0.051711716103567236,0.061813250845743642,1.1953432510718702
3496,1278,1325,0.057345162737038248,0.069462574432012245,1.2113066057644575
3497,1326,1327,0.026161607477729436,0.030815470581272306,1.1778890348196134
3498,1327,1279,0.053256259930819623,0.061813976898157395,1.1606894096291089
3499,1279,1326,0.058637751728727511,0.069068774183774662,1.1778891950582211
3500,1327,1328,0.026159715250228161,0.029888048802027598,1.1425219470524213
3501,1328,1279,0.060095182887118126,0.068660074701094267,1.142522102479733
3502,1328,1329,0.026162143524090208,0.028942148652234243,1.1062606022929351
3503,1329,1281,0.056804774037299985,0.061813974398086571,1.0881827354422249
3504,1281,1328,0.06169726981221816,0.068253271317728542,1.1062608041727653
3505,1329,1330,0.026160646358550244,0.027992599917159269,1.0700270755355505
3506,1330,1282,0.058751438169721719,0.061816737922861506,1.0521740377535052
3507,1282,1329,0.063417922978650523,0.067858863323243548,1.0700265813828065
3508,1330,1331,0.026162398547425119,0.027067477595810532,1.0345946510502375
3509,1331,1283,0.060766855668013216,0.061818723327837534,1.0173098911941565
3510,1283,1330,0.065225864169210127,0.067482422111706547,1.0345960604928501
3511,1331,1332,0.026161002310081987,0.026176250192225629,1.0005828477809418
3512,1332,1283,0.067094814668374372,0.067134012189685913,1.0005842108888039
3513,1332,1333,0.026161002310082015,0.025336075654378634,0.96846731459576119
3514,1333,1285,0.064866095130880638,0.061820794599728397,0.95305250724576951
3515,1285,1332,0.068985214145170878,0.066809974987653953,0.96846803790534874
3516,1333,1334,0.026161373622916914,0.024554943799460612,0.93859535639791114
3517,1334,1285,0.070870846275782745,0.066519096898861596,0.93859605739732521
3518,1334,1335,0.026160646358550154,0.023837827479755141,0.91120942323216569
3519,1335,1287,0.068825663969967255,0.061822468320882798,0.89824732163658649
3520,1287,1334,0.072714805695965459,0.06625838944527071,0.91120905586009182
3521,1335,1336,0.026161206353138341,0.023191057958841844,0.88646745283058426
3522,1336,1288,0.070666650245127804,0.061822080259941493,0.87484096169117465
3523,1288,1335,0.074486510464250741,0.066029810281241733,0.88646668866213385
3524,1336,1337,0.026162002021761062,0.022616026069729379,0.86446083334592638
3525,1337,1289,0.072374178077466628,0.061822222914640318,0.85420276342852708
3526,1289,1336,0.076150510613332778,0.065829105573659508,0.86446046183351333
3527,1337,1338,0.026160325340547585,0.022111636684271609,0.84523553879505275
3528,1338,1290,0.073920466908703644,0.061824321569479,0.83636270379400968
3529,1290,1337,0.0776802173793575,0.06565812852942296,0.84523615850321687
3530,1338,1339,0.026160856520381751,0.021682285016446982,0.82880638864230061
3531,1339,1291,0.075274455649438118,0.061824269666602476,0.82131805714444861
3532,1291,1338,0.079048859611977038,0.065516129040216531,0.82880549272705628
3533,1339,1340,0.026161584619832437,0.021325966430075716,0.81516340619172734
3534,1340,1292,0.076415134180216365,0.061823966480662025,0.80905395434963523
3535,1292,1339,0.080228557167950798,0.065399380137124194,0.81516335885508773
3536,1340,1341,0.026162001104401495,0.0210417601288738,0.80428710498501332
3537,1341,1293,0.077323098142365265,0.061823557435802569,0.79954837456169503
3538,1293,1340,0.081197608669033028,0.065306196114945064,0.804287185120655
3539,1341,1342,0.026160410048705052,0.020827776257388395,0.79615633771074534
3540,1342,1293,0.081940882547603081,0.065237759457889732,0.79615641703627293
3541,1294,1342,0.07798473636719927,0.061824726361469115,0.79277983412498743
3542,1342,1343,0.02616064521179132,0.020686522698917475,0.79074971322165599
3543,1343,1294,0.082444776327222732,0.065193270714348245,0.79075077425883988
3544,1295,1343,0.078384134421282989,0.061823648048710322,0.78872655168242645
3545,1343,1296,0.026161941246619788,0.020616947528767554,0.78805113635943713
3546,1296,1295,0.082698961313038041,0.065171068475421895,0.78805183814500024
3547,1344,1345,0.026161988872937469,0.020617010909268634,0.78805212437787242
3548,1345,1297,0.078386886047997595,0.061825814020882379,0.78872649671305228
3549,1297,1344,0.082701519100898846,0.065173054320140561,0.78805147751430149
3550,1345,1346,0.026160509970339692,0.020686443275438837,0.79075076513771136
3551,1346,1297,0.082446158402261355,0.065194309325206201,0.79075011605899193
3552,1346,1347,0.02616081936566643,0.020828138528988543,0.79615772877219138
3553,1347,1299,0.077324081307811182,0.061824413888708969,0.7995492845572747
3554,1299,1346,0.081942184229783332,0.065238822534766455,0.79615674329381925
3555,1347,1348,0.026161189381464806,0.021041131701975895,0.80428803886430067
3556,1348,1299,0.081198900788388359,0.065307223836112718,0.80428704332228851
3557,1300,1348,0.076416035382411096,0.06182469445196119,0.80905393930174452
3558,1348,1349,0.026161918389014376,0.021326245805218531,0.81516368517431093
3559,1349,1300,0.080228656409205387,0.065399492227584968,0.81516374765165667
3560,1349,1350,0.026161058729789934,0.021682476246517333,0.82880729218451765
3561,1350,1302,0.073919886066839496,0.061823831947278474,0.83636265201188775
3562,1302,1349,0.079048264763374593,0.065515734290720523,0.82880673581940423
3563,1350,1351,0.026161568718674831,0.022112738160873557,0.84523747022436346
3564,1351,1302,0.077681673693039022,0.065659417278949833,0.84523690282993358
3565,1351,1352,0.026158860105950987,0.022613323039981589,0.86446133158673799
3566,1352,1304,0.070668786747734996,0.061823938515456457,0.87484080823614785
3567,1304,1351,0.076151828306080097,0.065830379194962721,0.86446222840990816
3568,1352,1353,0.026163364418124488,0.023192956593516389,0.88646690168981601
3569,1353,1304,0.074487496272274897,0.066030768537730197,0.88646782134235336
3570,1305,1353,0.068825521000116713,0.061822390523667545,0.89824805719324241
3571,1353,1354,0.026160023737525014,0.023837270926942589,0.91120983551515011
3572,1354,1305,0.072713330330388834,0.066257074225821402,0.91120945670852882
3573,1306,1354,0.066879077688076827,0.061820226204057145,0.92435823490847013
3574,1354,1355,0.026162837646526851,0.02455634447586403,0.93859637122060857
3575,1355,1306,0.07087074660159598,0.066519023141660763,0.9385963367311666
3576,1307,1355,0.064864408683570532,0.061819205724849412,0.95305279088295403
3577,1355,1356,0.026159857376549984,0.025334999827042529,0.96846857619923921
3578,1356,1307,0.06898380687492929,0.066808579445175043,0.96846756466052919
3579,1356,1357,0.026161471935459403,0.026176739589505834,1.0005835930823808
3580,1357,1309,0.060765174434831003,0.061816958862326854,1.017309000381853
3581,1309,1356,0.067091631043290245,0.06713075258526334,1.00058310613954
3582,1357,1358,0.026161250693494599,0.027066298149112017,1.0345949613120933
3583,1358,1309,0.065225699510650742,0.067482147220977118,1.0345944578173196
3584,1358,1359,0.02616155587542527,0.027993578223315087,1.0700272704197504
3585,1359,1311,0.056805725039474668,0.061815020785341922,1.0881829382933896
3586,1311,1358,0.063418064925524195,0.067859033874285241,1.0700268756856008
3587,1359,1360,0.026160858966780873,0.028940729200376887,1.106260663578589
3588,1360,1312,0.054964674053519708,0.061815396689290009,1.1246386475265855
3589,1312,1359,0.06169844596143053,0.06825458516903582,1.106261010394066
3590,1360,1361,0.02616118288329862,0.029889736862004468,1.1425223773457953
3591,1361,1313,0.053255645014599708,0.061813297420962317,1.1606900527449546
3592,1313,1360,0.060095923206966079,0.068660889667005398,1.1425215888695508
3593,1361,1362,0.026159468304863199,0.030812956904483341,1.1778892653852231
3594,1362,1314,0.051711911803223758,0.061813477146334776,1.195343103568669
3595,1314,1361,0.058637133012391707,0.069068083673765282,1.1778898477040005
3596,1362,1363,0.026162900636462025,0.031691304912166825,1.2113070088260824
3597,1363,1314,0.057345233431600563,0.069462717519066089,1.2113076076657503
3598,1315,1363,0.050357337436779816,0.061812834057085417,1.2274841602713247
3599,1363,1364,0.026161019434775865,0.032482352243794858,1.2416317462237745
3600,1364,1315,0.056238034720536123,0.069826897402857635,1.2416311798562787
3601,1316,1364,0.049214099514754674,0.061810062151201814,1.2559421539892404
3602,1364,1365,0.026161905010807972,0.033165339807132717,1.2676959033920312
3603,1365,1316,0.055334551071254408,0.07014740237507075,1.2676962407220365
3604,1365,1366,0.026160299270562952,0.033704777003307859,1.288394167616973
3605,1366,1318,0.047645407121142673,0.061809964773615313,1.2972911453239973
3606,1318,1365,0.054644955452451273,0.070404340078481301,1.2883959643766731
3607,1366,1367,0.026160825634572685,0.034081792067896022,1.3027796807320726
3608,1367,1318,0.054179515015393635,0.070584069708472544,1.3027814975534204
3609,1367,1368,0.026161912043923052,0.034276209730067272,1.3101569056772755
3610,1368,1320,0.047111786237702333,0.061811881137210464,1.3120258447713882
3611,1320,1367,0.053946026532365951,0.070677901412353902,1.310159541962731
3612,1368,1369,0.026161912043923052,0.034276209730122222,1.3101569056793758
3613,1369,1320,0.053946026532365951,0.070677901412467201,1.3101595419648311
3614,1369,1370,0.026160825634572685,0.034081792067967048,1.3027796807347876
3615,1370,1322,0.047645407121142673,0.061809964773645497,1.2972911453246307
3616,1322,1369,0.054179515015393635,0.070584069708586231,1.3027814975555188
3617,1370,1371,0.026160299270562952,0.033704777003255991,1.2883941676149901
3618,1371,1322,0.054644955452451273,0.070404340078339622,1.2883959643740803
3619,1371,1372,0.026161905010807972,0.033165339807178375,1.2676959033937762
3620,1372,1324,0.049214099514754674,0.06181006215142839,1.2559421539938442
3621,1324,1371,0.055334551071254408,0.070147402374947931,1.2676962407198169
3622,1372,1373,0.026161019434775865,0.032482352243948354,1.2416317462296418
3623,1373,1325,0.050357337436779816,0.061812834057174422,1.2274841602730922
3624,1325,1372,0.056238034720536123,0.069826897403102564,1.2416311798606339
3625,1373,1374,0.026162900636462025,0.0316913049122238,1.2113070088282603
3626,1374,1326,0.051711911803223758,0.061813477146357328,1.1953431035691051
3627,1326,1373,0.057345233431600563,0.06946271751915116,1.211307607667234
3628,1374,1375,0.026159468304863199,0.030812956904502975,1.1778892653859736
3629,1375,1326,0.058637133012391707,0.069068083673769723,1.1778898477040762
3630,1327,1375,0.053255645014599708,0.061813297420958993,1.1606900527448922
3631,1375,1376,0.02616118288329862,0.029889736862013506,1.1425223773461408
3632,1376,1327,0.060095923206966079,0.068660889666999361,1.1425215888694504
3633,1328,1376,0.054964674053519708,0.061815396689285151,1.1246386475264971
3634,1376,1377,0.026160858966780873,0.028940729200387767,1.1062606635790049
3635,1377,1328,0.06169844596143053,0.068254585169037776,1.1062610103940977
3636,1329,1377,0.056805725039474668,0.061815020785352254,1.0881829382935715
3637,1377,1378,0.02616155587542527,0.027993578223334373,1.0700272704204876
3638,1378,1329,0.063418064925524195,0.06785903387431054,1.0700268756859999
3639,1378,1379,0.026161250693494599,0.027066298149144317,1.0345949613133278
3640,1379,1331,0.060765174434831003,0.061816958862411078,1.017309000383239
3641,1331,1378,0.065225699510650742,0.067482147221048921,1.0345944578184205
3642,1379,1380,0.026161471935459403,0.026176739589555371,1.0005835930842741
3643,1380,1331,0.067091631043290245,0.067130752585381689,1.000583106141304
3644,1380,1381,0.026159857376549984,0.025334999827113552,0.96846857620195415
3645,1381,1333,0.064864408683570532,0.061819205725075467,0.95305279088643902
3646,1333,1380,0.06898380687492929,0.066808579445385222,0.96846756466357597
3647,1381,1382,0.026162837646526851,0.024556344475960432,0.93859637122429329
3648,1382,1334,0.066879077688076827,0.061820226204384966,0.92435823491337188
3649,1334,1381,0.07087074660159598,0.066519023141972791,0.93859633673556941
3650,1382,1383,0.026160023737525014,0.023837270927066469,0.91120983551988555
3651,1383,1335,0.068825521000116713,0.061822390524117296,0.89824805719977707
3652,1335,1382,0.072713330330388834,0.066257074226259746,0.91120945671455722
3653,1383,1384,0.026163364418124488,0.023192956593667668,0.88646690169559805
3654,1384,1336,0.070668786747734996,0.061823938516047623,0.87484080824451316
3655,1336,1383,0.074487496272274897,0.066030768538317575,0.88646782135023894
3656,1384,1385,0.026158860105950987,0.022613323040158017,0.86446133159348248
3657,1385,1336,0.076151828306080097,0.065830379195632546,0.86446222841870402
3658,1385,1386,0.026161568718674831,0.022112738161069824,0.84523747023186557
3659,1386,1338,0.073919886066839496,0.061823831948183618,0.83636265202413274
3660,1338,1385,0.077681673693039022,0.06565941727988088,0.84523690284191899
3661,1386,1387,0.026161058729789934,0.021682476246723443,0.82880729219239613
3662,1387,1338,0.079048264763374593,0.065515734291690816,0.82880673583167885
3663,1387,1388,0.026161918389014376,0.021326245805418718,0.8151636851819628
3664,1388,1340,0.076416035382411096,0.061824694453032812,0.80905393931576808
3665,1340,1387,0.080228656409205387,0.065399492228737408,0.81516374766602107
3666,1388,1389,0.026161189381464806,0.021041131702148864,0.80428803887091238
3667,1389,1341,0.077324081307811182,0.061824413889606682,0.79954928456888441
3668,1341,1388,0.081198900788388359,0.065307223837118331,0.80428704333467316
3669,1389,1390,0.02616081936566643,0.020828138529112358,0.79615772877692415
3670,1390,1341,0.081942184229783332,0.065238822535622534,0.79615674330426667
3671,1390,1391,0.026160509970339692,0.020686443275507466,0.79075076514033471
3672,1391,1343,0.078386886047997595,0.061825814020950019,0.78872649671391515
3673,1343,1390,0.082446158402261355,0.065194309325357663,0.79075011606082901
3674,1391,1344,0.026161988872937469,0.020617010909290162,0.78805212437869532
3675,1344,1343,0.082701519100898846,0.065173054320143808,0.78805147751434079
3676,1392,1393,0.026162070212066058,0.020617096402919963,0.78805294213342758
3677,1393,1345,0.078384299122550918,0.061823877868296163,0.78872782636783989
3678,1345,1392,0.082698765905578717,0.065170949410802412,0.78805226048005739
3679,1393,1394,0.026160445216271075,0.020686422708297278,0.79075193626410045
3680,1394,1345,0.082444232083181967,0.065192879762721118,0.79075125227614318
3681,1394,1395,0.026160420446077335,0.020827827200859083,0.79615796863013122
3682,1395,1347,0.077323552441829743,0.061824048098955767,0.79955002255575103
3683,1347,1394,0.081941971518886741,0.065238774125619375,0.7961582192415585
3684,1395,1396,0.026162156367051478,0.021041922232917253,0.80428852796772399
3685,1396,1347,0.081199396704144763,0.065307763804354588,0.80428878113845648
3686,1396,1397,0.026159640325874502,0.021324365462713445,0.81516279264824276
3687,1397,1349,0.07527451513829414,0.061824312403211706,0.82131797580666233
3688,1349,1396,0.08022837960033545,0.065399321927285134,0.81516443748555634
3689,1397,1398,0.026163321151549412,0.021684311716622995,0.82880577702723468
3690,1398,1350,0.073919805763766916,0.061823818012915012,0.83636337209125944
3691,1350,1397,0.079049206181142154,0.065516426325135879,0.82880561981867651
3692,1398,1399,0.026160073584449384,0.022111454346879861,0.84523670300468168
3693,1399,1350,0.077680877183155875,0.06565871606260093,0.84523654267949233
3694,1399,1400,0.026160114027666475,0.022614383543277543,0.8644604346663386
3695,1400,1352,0.070667253637978475,0.061822536850383053,0.87483995298719186
3696,1352,1399,0.07615008277587626,0.065828729717805665,0.86446038294602723
3697,1400,1401,0.026163040375728502,0.023192668065311024,0.88646685294370076
3698,1401,1352,0.074485049113765509,0.066028523128777147,0.88646679990675448
3699,1401,1402,0.026160798647684919,0.023837986067464085,0.91121018087013217
3700,1402,1354,0.066880567821283599,0.061821636421752507,0.92435872534680885
3701,1354,1401,0.072714049203530057,0.066257749206753341,0.91120973089113455
3702,1402,1403,0.026160633514847823,0.024554264457416361,0.93859594200883001
3703,1403,1354,0.070870291462418314,0.066518535127031014,0.93859547850603964
3704,1403,1404,0.026162375613773679,0.025337431929519164,0.96846831891595464
3705,1404,1356,0.06281619897169019,0.061819517022622686,0.98413336105362426
3706,1356,1403,0.068985053676065,0.066809793168724471,0.96846765507272115
3707,1404,1405,0.026160858049381147,0.026176153194406498,1.0005846576208044
3708,1405,1356,0.067093344734710958,0.06713252535353513,1.0005839717632068
3709,1357,1405,0.060765590987141613,0.06181743610414682,1.0173098804754122
3710,1405,1406,0.026160633514847709,0.027065671995131723,1.0345954343869521
3711,1406,1357,0.065225426213319893,0.067481902627045662,1.0345950428341542
3712,1406,1407,0.026160798647685037,0.027992761971563744,1.0700270411675989
3713,1407,1359,0.056806810692629585,0.06181620686371616,1.0881830208386707
3714,1359,1406,0.063418034492595296,0.067859031690524804,1.0700273547337396
3715,1407,1408,0.026161875425835757,0.028941853985152591,1.1062606756613294
3716,1408,1360,0.054963906101560663,0.061814532431418559,1.1246386368028414
3717,1360,1407,0.061698342393256195,0.068254429196039149,1.1062603393944592
3718,1408,1409,0.026160114027666506,0.029888514637195791,1.1425223378455533
3719,1409,1360,0.060096252778653908,0.068661290349644064,1.1425219905563304
3720,1361,1409,0.053256581356351598,0.061814405956168939,1.1606904608193875
3721,1409,1410,0.026161050243906681,0.030814815735513729,1.1778890926862151
3722,1410,1361,0.0586359610488906,0.069066682340492971,1.1778894914488609
3723,1410,1411,0.026162464749119398,0.031690797947148214,1.211307812587302
3724,1411,1363,0.05035697709134497,0.061812449086709471,1.2274852990993654
3725,1363,1410,0.05734417708463075,0.069461416949194429,1.2113072413033426
3726,1411,1412,0.026160485200207247,0.032481718862596258,1.2416328907515422
3727,1412,1364,0.049217824316776085,0.061814751665319544,1.2559423851706046
3728,1364,1411,0.056239233645366801,0.069828450810279344,1.2416323318095583
3729,1412,1413,0.026162058209973679,0.033165578870615879,1.2676976178415607
3730,1413,1365,0.04830636911366018,0.061810952991354633,1.2795611453620015
3731,1365,1412,0.055335219292436726,0.070148262388744956,1.2676964740669763
3732,1413,1414,0.02616000294246101,0.033704453618452798,1.2883964001298405
3733,1414,1366,0.047648555773202948,0.061814014626938876,1.2972904136100267
3734,1366,1413,0.054645553783437148,0.07040507630344961,1.2883953300659772
3735,1414,1415,0.026160995353171911,0.034082080502242484,1.302782254349897
3736,1415,1366,0.054181506134170561,0.07058664608051414,1.3027811723380163
3737,1415,1416,0.026161970755070818,0.03427635701812639,1.3101595953539857
3738,1416,1368,0.047110042610497407,0.061809525203838124,1.3120243960481002
3739,1368,1415,0.053946754513208434,0.070678793887317029,1.3101584057297069
3740,1416,1417,0.026161970755070818,0.034276357018533911,1.3101595953695626
3741,1417,1368,0.053946754513208434,0.070678793888157357,1.3101584057452837
3742,1417,1418,0.026160995353171911,0.034082080502837855,1.302782254372655
3743,1418,1370,0.047648555773202948,0.061814014627313486,1.2972904136178887
3744,1370,1417,0.054181506134170561,0.070586646081387303,1.3027811723541318
3745,1418,1419,0.02616000294246101,0.033704453618786427,1.2883964001425938
3746,1419,1370,0.054645553783437148,0.070405076303787548,1.2883953300721613
3747,1419,1420,0.026162058209973679,0.033165578870659393,1.267697617843224
3748,1420,1372,0.049217824316776085,0.061814751665343615,1.2559423851710938
3749,1372,1419,0.055335168258087569,0.070148229405758183,1.2676970471758815
3750,1420,1421,0.026160485200207247,0.03248171886244073,1.2416328907455969
3751,1421,1372,0.056239233645366801,0.069828450810392156,1.2416323318115641
3752,1373,1421,0.05035697709134497,0.061812449086681528,1.2274852990988105
3753,1421,1422,0.026162464749119398,0.031690797947057751,1.2113078125838441
3754,1422,1373,0.05734417708463075,0.069461416949212165,1.2113072413036519
3755,1422,1423,0.026161050243906681,0.030814815735464549,1.1778890926843353
3756,1423,1375,0.053256581356351598,0.061814405956147053,1.1606904608189765
3757,1375,1422,0.0586359610488906,0.069066682340430438,1.1778894914477944
3758,1423,1424,0.026160114027666506,0.029888514637175786,1.1425223378447886
3759,1424,1376,0.054963906101560663,0.061814532431417768,1.1246386368028269
3760,1376,1423,0.060096252778653908,0.068661290349617404,1.1425219905558868
3761,1424,1425,0.026161875425835757,0.028941853985150392,1.1062606756612452
3762,1425,1376,0.061698342393256195,0.068254429196053165,1.1062603393946864
3763,1377,1425,0.056806810692629585,0.061816206863735484,1.0881830208390109
3764,1425,1426,0.026160798647685037,0.027992761971570957,1.0700270411678747
3765,1426,1377,0.063418034492595296,0.067859031690553878,1.0700273547341981
3766,1426,1427,0.026160633514847709,0.027065671995143894,1.0345954343874173
3767,1427,1379,0.060765590987141613,0.061817436104209179,1.0173098804764384
3768,1379,1426,0.065225426213319893,0.067481902627108598,1.0345950428351192
3769,1427,1428,0.026160858049381147,0.026176153194422926,1.0005846576214323
3770,1428,1380,0.06281619897169019,0.061819517022716097,0.9841333610551114
3771,1380,1427,0.067093344734710958,0.067132525353629735,1.0005839717646168
3772,1428,1429,0.026162375613773679,0.025337431929543134,0.96846831891687091
3773,1429,1380,0.068985053676065,0.066809793168839893,0.96846765507439425
3774,1429,1430,0.026160633514847823,0.024554264457456967,0.93859594201038221
3775,1430,1382,0.066880567821283599,0.061821636421959071,0.92435872534989738
3776,1382,1429,0.070870291462418314,0.066518535127220627,0.93859547850871516
3777,1430,1431,0.026160798647684919,0.023837986067521359,0.91121018087232153
3778,1431,1382,0.072714049203530057,0.066257749206991817,0.91120973089441426
3779,1431,1432,0.026163040375728502,0.0231926680653766,0.8864668529462072
3780,1432,1384,0.070667253637978475,0.061822536850697843,0.87483995299164641
3781,1384,1431,0.074485049113765509,0.066028523129102318,0.88646679991111998
3782,1432,1433,0.026160114027666475,0.022614383543347764,0.86446043466902289
3783,1433,1384,0.07615008277587626,0.065828729718148127,0.86446038295052441
3784,1433,1434,0.026160073584449384,0.022111454346951945,0.84523670300743714
3785,1434,1386,0.073919805763766916,0.061823818013305755,0.83636337209654543
3786,1386,1433,0.077680877183155875,0.065658716063013003,0.84523654268479698
3787,1434,1435,0.026163321151549412,0.021684311716693608,0.82880577702993363
3788,1435,1386,0.079049206181142154,0.065516426325546856,0.82880561982387557
3789,1387,1435,0.07527451513829414,0.061824312403609971,0.8213179758119532
3790,1435,1436,0.026159640325874502,0.021324365462778421,0.81516279265072655
3791,1436,1387,0.08022837960033545,0.065399321927695861,0.8151644374906758
3792,1436,1437,0.026162156367051478,0.021041922232972098,0.80428852796982042
3793,1437,1389,0.077323552441829743,0.061824048099254694,0.79955002255961694
3794,1389,1436,0.081199396704144763,0.065307763804688571,0.80428878114256952
3795,1437,1438,0.026160420446077335,0.020827827200899908,0.79615796863169186
3796,1438,1389,0.081941971518886741,0.065238774125910837,0.79615821924511543
3797,1438,1439,0.026160445216271075,0.020686422708322022,0.79075193626504636
3798,1439,1391,0.078384299122550918,0.061823877868385425,0.78872782636897865
3799,1391,1438,0.082444232083181967,0.065192879762841105,0.79075125227759846
3800,1439,1392,0.026162070212066058,0.020617096402928199,0.78805294213374244
3801,1392,1391,0.082698765905578717,0.065170949410870455,0.78805226048088017
3802,1440,1441,0.026162094980697843,0.020617098762882594,0.78805228625970902
3803,1441,1393,0.078385172658610641,0.061824600518122733,0.78872825588311413
3804,1393,1440,0.082700982882517649,0.0651727195189757,0.78805253876556658
3805,1441,1442,0.026160413336109932,0.020686382849136018,0.79075137626292924
3806,1442,1393,0.082445124389234639,0.065193616466134044,0.790751629633623
3807,1442,1443,0.02616028956120724,0.020827704024164933,0.79615724342172689
3808,1443,1395,0.077325134037021723,0.061825260860600133,0.79954935262057791
3809,1395,1442,0.081942670643710219,0.065239284905927467,0.79615765990335252
3810,1443,1444,0.026161966244713859,0.021041746436548218,0.8042876532951645
3811,1444,1395,0.081199494611064599,0.065307785132936641,0.80428807402992775
3812,1444,1445,0.026161479427380081,0.021325893437176727,0.81516389378413645
3813,1445,1397,0.07527424428958937,0.061824083607948603,0.82131789155004564
3814,1397,1444,0.080227654717539287,0.065398562156414347,0.81516233257304704
3815,1445,1446,0.026160899561683455,0.021682332549535374,0.82880684199760424
3816,1446,1398,0.073919943101448532,0.061823905638277402,0.83636300360011917
3817,1398,1445,0.079048744771706148,0.065516181810872293,0.82880736436845293
3818,1446,1447,0.026161288229840863,0.022112479009842183,0.84523662655952825
3819,1447,1399,0.072377196987090622,0.061824925475779828,0.85420447391472032
3820,1399,1446,0.077681655748034387,0.065659345205395972,0.84523617027894493
3821,1447,1448,0.02616078007029278,0.022614997005368752,0.86446187554818021
3822,1448,1400,0.070667480390094933,0.061822808593537754,0.8748409912489693
3823,1400,1447,0.076152001275853767,0.065830427660602917,0.86446090132468245
3824,1448,1449,0.026162932666480183,0.023192621692929412,0.88646872996174775
3825,1449,1401,0.06882617685733286,0.061823052382257708,0.89824911400219631
3826,1401,1448,0.074486940795290155,0.066030278406416065,0.88646785196729672
3827,1449,1450,0.026159394297253301,0.023836727067318077,0.91121097057743794
3828,1450,1402,0.066880191239078957,0.061821311201197063,0.92435906739863016
3829,1402,1449,0.072714390154192607,0.066258158229020522,0.91121108337041001
3830,1450,1451,0.026162171579836711,0.024555725703312947,0.93859661566619113
3831,1451,1403,0.064866153682152428,0.06182086779609397,0.95305277539684996
3832,1403,1450,0.070871106325414518,0.066519324568709071,0.93859582582606182
3833,1451,1452,0.026159614025846527,0.025334754213751434,0.96846819638546255
3834,1452,1404,0.062815485999795626,0.061818797894748596,0.98413308296221302
3835,1404,1451,0.068985123952012117,0.066809963245386489,0.96846913389416056
3836,1452,1453,0.026162436387905944,0.026177706280439965,1.0005836571299254
3837,1453,1404,0.06709253132697264,0.06713175534690502,1.0005846257274333
3838,1453,1454,0.026160784580854208,0.027065827379376826,1.0345953996802135
3839,1454,1406,0.058753495918404543,0.06181891812829364,1.0521742946861627
3840,1406,1453,0.065226977765292446,0.06748353124381104,1.0345954014094965
3841,1454,1455,0.026160733512079308,0.02799268955693247,1.0700269372801525
3842,1455,1407,0.056806041661115234,0.061815346003750819,1.0881825981208006
3843,1407,1454,0.063418987367473381,0.067860031293237685,1.0700270393790936
3844,1455,1456,0.026161664354817968,0.028941612777777591,1.1062603810390856
3845,1456,1408,0.054964738130902607,0.06181547638903355,1.1246387864491485
3846,1408,1455,0.061698225923423895,0.068254314584518805,1.1062605701050778
3847,1456,1457,0.026160780070292815,0.029889279139174347,1.1425224729103347
3848,1457,1409,0.053255021528720692,0.061812592424449933,1.1606904034601526
3849,1409,1456,0.060096310818759879,0.068661365797936996,1.1425221425822267
3850,1457,1458,0.026160224883044855,0.030813852627886638,1.1778894396224371
3851,1458,1409,0.058636428234005451,0.069067209625174958,1.1778890990689694
3852,1458,1459,0.026162764412892031,0.031691162784961729,1.2113078834033879
3853,1459,1411,0.050356505615979846,0.061811902788445082,1.2274859431237033
3854,1411,1458,0.057345261437365201,0.069462763570347155,1.2113078191511459
3855,1459,1460,0.026160693757873953,0.032481977349522663,1.241632872971731
3856,1460,1411,0.05623906988070531,0.069828274205288407,1.2416328071109393
3857,1412,1460,0.049215752466001489,0.061812173202032056,1.2559428659499261
3858,1460,1461,0.026161966244713859,0.033165441387552584,1.2676968190131279
3859,1461,1412,0.055334730416135042,0.070147666454868099,1.267696904409491
3860,1461,1462,0.02616028956120723,0.033704797124468951,1.288395414951728
3861,1462,1414,0.047647570173287322,0.061812774876997503,1.2972912291685259
3862,1414,1461,0.054645165315557867,0.070404594654899955,1.2883956750489556
3863,1462,1463,0.026160689247296816,0.034081671786112565,1.3027818748939968
3864,1463,1415,0.047245688256444256,0.06181135158933259,1.3082961402494035
3865,1415,1462,0.054181272142749225,0.070586385615917846,1.3027819913483523
3866,1463,1464,0.026162002403994258,0.034276411656263391,1.3101600988703477
3867,1464,1416,0.047112632683630737,0.061813008850301457,1.3120262088808796
3868,1416,1463,0.053947949342931886,0.070680417163261872,1.3101594782401536
3869,1464,1465,0.026162002403994258,0.03427641165584458,1.3101600988543394
3870,1465,1417,0.047245688256444256,0.061811351589312231,1.3082961402489726
3871,1417,1464,0.053946782652014032,0.070678928411857619,1.310160215999812
3872,1465,1466,0.026160689247296816,0.034081671785495767,1.3027818748704194
3873,1466,1417,0.054181272142749225,0.07058638561634209,1.3027819913561824
3874,1418,1466,0.047647570173287322,0.061812774876978976,1.2972912291681371
3875,1466,1467,0.02616028956120723,0.033704797124147652,1.2883954149394463
3876,1467,1418,0.054645165315557867,0.070404594655035568,1.2883956750514374
3877,1467,1468,0.026161966244713859,0.033165441387313782,1.2676968190040001
3878,1468,1420,0.049215752466001489,0.061812173201626928,1.2559428659416945
3879,1420,1467,0.055334730416135042,0.070147666454400875,1.2676969044010473
3880,1468,1469,0.026160693757873953,0.032481977349307932,1.2416328729635226
3881,1469,1421,0.050356505615979846,0.06181190278814562,1.2274859431177565
3882,1421,1468,0.05623906988070531,0.069828274204916357,1.2416328071043237
3883,1469,1470,0.026162764412892031,0.031691162784798894,1.211307883397164
3884,1470,1421,0.057345261437365201,0.069462763570079328,1.2113078191464757
3885,1470,1471,0.026160224883044855,0.030813852627805914,1.1778894396193513
3886,1471,1423,0.053255021528720692,0.061812592424383937,1.1606904034589134
3887,1423,1470,0.058636428234005451,0.069067209624995587,1.1778890990659103
3888,1471,1472,0.026160780070292815,0.029889279139164709,1.1425224729099663
3889,1472,1423,0.060096310818759879,0.068661365797916415,1.1425221425818843
3890,1424,1472,0.054964738130902607,0.061815476389038219,1.1246387864492335
3891,1472,1473,0.026161664354817968,0.028941612777794314,1.1062603810397249
3892,1473,1424,0.061698225923423895,0.068254314584533002,1.1062605701053079
3893,1425,1473,0.056806041661115234,0.061815346003777152,1.0881825981212643
3894,1473,1474,0.026160733512079308,0.02799268955694548,1.0700269372806499
3895,1474,1425,0.063418987367473381,0.067860031293249926,1.0700270393792868
3896,1426,1474,0.058753495918404543,0.061818918128311973,1.0521742946864747
3897,1474,1475,0.026160784580854208,0.02706582737936963,1.0345953996799384
3898,1475,1426,0.065226977765292446,0.067483531243798286,1.0345954014093011
3899,1475,1476,0.026162436387905944,0.026177706280401135,1.0005836571284412
3900,1476,1428,0.062815485999795626,0.061818797894702689,0.98413308296148216
3901,1428,1475,0.06709253132697264,0.067131755346904284,1.0005846257274225
3902,1476,1477,0.026159614025846527,0.025334754213666353,0.96846819638221016
3903,1477,1428,0.068985123952012117,0.066809963245260479,0.96846913389233402
3904,1429,1477,0.064866153682152428,0.061820867795990754,0.95305277539525879
3905,1477,1478,0.026162171579836711,0.024555725703290305,0.93859661566532571
3906,1478,1429,0.070871106325414518,0.066519324568836136,0.93859582582785472
3907,1430,1478,0.066880191239078957,0.0618213112013455,0.92435906740084961
3908,1478,1479,0.026159394297253301,0.023836727067357441,0.91121097057894274
3909,1479,1430,0.072714390154192607,0.066258158229112948,0.91121108337168111
3910,1431,1479,0.06882617685733286,0.06182305238235989,0.8982491140036809
3911,1479,1480,0.026162932666480183,0.023192621692931962,0.88646872996184523
3912,1480,1431,0.074486940795290155,0.066030278406489853,0.88646785196828726
3913,1432,1480,0.070667480390094933,0.061822808593617162,0.87484099125009307
3914,1480,1481,0.02616078007029278,0.022614997005352768,0.86446187554756926
3915,1481,1432,0.076152001275853767,0.065830427660668961,0.86446090132554976
3916,1433,1481,0.072377196987090622,0.061824925475848683,0.85420447391567167
3917,1481,1482,0.026161288229840863,0.022112479009817373,0.8452366265585799
3918,1482,1433,0.077681655748034387,0.065659345205460323,0.84523617027977327
3919,1434,1482,0.073919943101448532,0.061823905638340719,0.83636300360097571
3920,1482,1483,0.026160899561683455,0.021682332549507331,0.82880684199653232
3921,1483,1434,0.079048744771706148,0.065516181810936935,0.8288073643692706
3922,1435,1483,0.07527424428958937,0.061824083608006647,0.82131789155081669
3923,1483,1484,0.026161479427380081,0.021325893437149059,0.81516389378307885
3924,1484,1435,0.080227654717539287,0.065398562156477949,0.81516233257383985
3925,1484,1485,0.026161966244713859,0.021041746436523592,0.80428765329422325
3926,1485,1437,0.077325134037021723,0.061825260860638782,0.79954935262107774
3927,1437,1484,0.081199494611064599,0.065307785132971363,0.80428807403035529
3928,1485,1486,0.02616028956120724,0.020827704024145521,0.79615724342098482
3929,1486,1437,0.081942670643710219,0.065239284905977704,0.79615765990396559
3930,1486,1487,0.026160413336109932,0.020686382849123577,0.79075137626245373
3931,1487,1439,0.078385172658610641,0.061824600518134598,0.78872825588326545
3932,1439,1486,0.082445124389234639,0.065193616466134446,0.79075162963362788
3933,1487,1440,0.026162094980697843,0.02061709876287831,0.78805228625954526
3934,1440,1439,0.082700982882517649,0.065172719519001748,0.78805253876588155
3935,1488,1489,0.026162070212066058,0.020617086620047336,0.78805256819999847
3936,1489,1441,0.078385172658610641,0.06182458832989246,0.78872810039158603
3937,1441,1488,0.082699633530519026,0.065171650558856237,0.78805247105243392
3938,1489,1490,0.026160445216271075,0.020686414883203493,0.790751637144811
3939,1490,1441,0.08244524143652146,0.065193701603942222,0.7907515396645175
3940,1490,1491,0.026160420446077335,0.020827818916968336,0.79615765197273025
3941,1491,1443,0.077325134037021723,0.061825247469125551,0.79954917943659642
3942,1443,1490,0.081941893122029305,0.065238645229763192,0.79615740794038836
3943,1491,1492,0.026161483708476437,0.021041353671507976,0.80428747489923458
3944,1492,1443,0.081199388797694116,0.065307631361841395,0.80428722837499966
3945,1492,1493,0.026161206811832056,0.021325636576446882,0.81516256990108849
3946,1493,1445,0.07527571290279729,0.061825340469674549,0.82131856458814201
3947,1445,1492,0.080229052550353161,0.065399792319609934,0.81516346311785093
3948,1493,1494,0.02616246474911945,0.021683622131366362,0.82880654935602605
3949,1494,1445,0.079048744771706148,0.065516189174639597,0.82880745752321872
3950,1494,1495,0.026160073584449384,0.022111459715396183,0.84523690822261821
3951,1495,1447,0.07237437074231054,0.06182251934633138,0.85420458530065702
3952,1447,1494,0.07767973702466098,0.065657807636457885,0.84523725428696428
3953,1495,1496,0.026160114027666478,0.022614385294770958,0.86446050161915888
3954,1496,1447,0.076149378532854001,0.065828156916431457,0.86446085555419816
3955,1496,1497,0.026163040375728506,0.02319266538137784,0.88646675035878908
3956,1497,1449,0.06882617685733286,0.061823048501223013,0.89824905761326301
3957,1449,1496,0.0744865382813195,0.066029909079529298,0.88646768400148568
3958,1497,1498,0.026160798647684919,0.023837983046318633,0.91121006538644644
3959,1498,1449,0.072714390154192607,0.066258153991141266,0.91121102508924656
3960,1498,1499,0.026160633514847823,0.024554261668358206,0.93859583539603897
3961,1499,1451,0.064866153682152428,0.06182086472808402,0.95305272809930297
3962,1451,1498,0.070870627060115807,0.066518934688159212,0.93859667181630435
3963,1499,1500,0.02616237561377361,0.025337428357791379,0.96846818239441812
3964,1500,1452,0.062815485999795542,0.061818792248279256,0.98413299307244828
3965,1452,1499,0.068985838449067916,0.066810531001373061,0.96846733334551149
3966,1500,1501,0.026160858049381147,0.026176147289020901,1.0005844318871688
3967,1501,1453,0.060766064838253774,0.061817931282897004,1.0173100964731396
3968,1453,1500,0.067092531326972599,0.067131749215155315,1.0005845343350006
3969,1501,1502,0.026160633514847823,0.027065662904226413,1.0345950868836922
3970,1502,1453,0.065226977765292349,0.067483517637744517,1.0345951928138066
3971,1502,1503,0.026160798647684957,0.027992747453879287,1.0700264862271873
3972,1503,1455,0.056806041661115345,0.061815326408143481,1.0881822531644036
3973,1455,1502,0.06341853418997706,0.067859526337644652,1.070026723329242
3974,1503,1504,0.026161875425835802,0.028941829580441381,1.1062597428263983
3975,1504,1455,0.061698225923423895,0.068254278667027962,1.106259987957207
3976,1504,1505,0.026161194044853651,0.029889733847511382,1.1425217746661376
3977,1505,1457,0.053256490175196784,0.061814299126981637,1.1606904421157385
3978,1457,1504,0.060095490930505743,0.068660424511913662,1.1425220669436311
3979,1505,1506,0.026160073584449477,0.030813648859035928,1.1778884627202544
3980,1506,1458,0.051712386468504144,0.061814002918474518,1.1953422988150595
3981,1458,1505,0.058637287726195704,0.069068224311901835,1.1778891382973398
3982,1506,1507,0.026162464749119426,0.031690750473698188,1.2113059980239373
3983,1507,1459,0.050356505615979846,0.061811845310149716,1.2274848016963016
3984,1459,1506,0.057346281075040945,0.069463962509057592,1.2113071886590161
3985,1507,1508,0.026161206811832052,0.032482563511914406,1.2416309287851111
3986,1508,1460,0.049214394875919096,0.061810427953555,1.2559420492600473
3987,1460,1507,0.056236539202641683,0.069825067102660024,1.2416316525285045
3988,1508,1509,0.026161483708476423,0.033164783642319208,1.2676950593430483
3989,1509,1461,0.04830572687623947,0.06181006763774119,1.279559829336596
3990,1461,1508,0.055333227219144715,0.070145715243687998,1.2676960800764268
3991,1509,1510,0.026160420446077335,0.033704920049925959,1.2883936678081906
3992,1510,1461,0.054644199184626582,0.070403296899795936,1.2883947052078488
3993,1510,1511,0.026160741921614883,0.034081692029141353,1.3027800255535533
3994,1511,1463,0.047245688256444339,0.061811292371151114,1.3082948868401767
3995,1463,1510,0.054180984626113947,0.07058596585079796,1.302781157224987
3996,1511,1512,0.026161970755070818,0.034276298856984265,1.3101573722362141
3997,1512,1463,0.053947949342931956,0.070680364945741217,1.3101585103160456
3998,1512,1513,0.026161970755070818,0.034276298856878121,1.3101573722321569
3999,1513,1465,0.047245688256444339,0.061811292370204454,1.3082948868201398
4000,1465,1512,0.053947949342931956,0.070680364944877602,1.3101585103000373
4001,1513,1514,0.026160741921614883,0.034081692028903127,1.3027800255444471
4002,1514,1465,0.054180984626113947,0.070585965849660703,1.3027811572039971
4003,1514,1515,0.026160420446077335,0.033704920049643622,1.2883936677973982
4004,1515,1467,0.04830572687623947,0.061810067637238252,1.2795598293261843
4005,1467,1514,0.054644199184626582,0.070403296899264653,1.2883947051981262
4006,1515,1516,0.026161483708476423,0.033164783641990062,1.267695059330467
4007,1516,1467,0.055333227219144715,0.070145715243050077,1.2676960800648982
4008,1468,1516,0.049214394875919096,0.061810427952999451,1.255942049248759
4009,1516,1517,0.026161206811832052,0.032482563511533613,1.2416309287705554
4010,1517,1468,0.056236539202641683,0.069825067101973684,1.2416316525163
4011,1469,1517,0.050356505615979846,0.061811845309572046,1.2274848016848299
4012,1517,1518,0.026162464749119426,0.031690750473330503,1.2113059980098835
4013,1518,1469,0.057346281075040945,0.06946396250847521,1.2113071886488607
4014,1470,1518,0.051712386468504144,0.061814002918017405,1.1953422988062199
4015,1518,1519,0.026160073584449477,0.030813648858947038,1.1778884627168564
4016,1519,1470,0.058637287726195704,0.069068224311926774,1.177889138297765
4017,1471,1519,0.053256490175196784,0.061814299127098495,1.1606904421179327
4018,1519,1520,0.026161194044853651,0.029889733847683637,1.1425217746727219
4019,1520,1471,0.060095490930505743,0.06866042451210469,1.1425220669468099
4020,1520,1521,0.026161875425835802,0.028941829580607918,1.1062597428327638
4021,1521,1473,0.056806041661115345,0.061815326408315441,1.0881822531674308
4022,1473,1520,0.061698225923423895,0.068254278667279289,1.1062599879612807
4023,1521,1522,0.026160798647684957,0.027992747453983703,1.0700264862311786
4024,1522,1473,0.06341853418997706,0.067859526337757187,1.0700267233310163
4025,1522,1523,0.026160633514847823,0.027065662904273181,1.0345950868854799
4026,1523,1475,0.060766064838253774,0.061817931282900029,1.0173100964731894
4027,1475,1522,0.065226977765292349,0.067483517637807106,1.0345951928147663
4028,1523,1524,0.026160858049381147,0.026176147289031271,1.0005844318875652
4029,1524,1475,0.067092531326972599,0.067131749215128184,1.0005845343345963
4030,1476,1524,0.062815485999795542,0.061818792248209041,0.9841329930713304
4031,1524,1525,0.02616237561377361,0.025337428357794192,0.9684681823945257
4032,1525,1476,0.068985838449067916,0.06681053100130839,0.96846733334457402
4033,1525,1526,0.026160633514847823,0.024554261668258082,0.93859583539221159
4034,1526,1478,0.066880191239078957,0.061821307246920455,0.92435900827384998
4035,1478,1525,0.070871106325414518,0.066519321267624526,0.93859577924735416
4036,1526,1527,0.026160798647684919,0.023837983046127321,0.9112100653791334
4037,1527,1479,0.06882617685733286,0.061823048501007519,0.89824905761013196
4038,1479,1526,0.072714390154192607,0.066258153990883195,0.91121102508569751
4039,1527,1528,0.026163040375728506,0.023192665381203573,0.8864667503521283
4040,1528,1479,0.0744865382813195,0.066029909079305907,0.88646768399848652
4041,1528,1529,0.026160114027666478,0.022614385294603578,0.86446050161276056
4042,1529,1481,0.07237437074231054,0.06182251934607233,0.85420458529707777
4043,1481,1528,0.076149378532854001,0.065828156916154984,0.8644608555505674
4044,1529,1530,0.026160073584449384,0.022111459715233414,0.84523690821639619
4045,1530,1481,0.07767973702466098,0.065657807636184784,0.84523725428344854
4046,1530,1531,0.02616246474911945,0.02168362213121031,0.82880654935006137
4047,1531,1483,0.07527571290279729,0.061825340469415076,0.82131856458469499
4048,1483,1530,0.079048744771706148,0.065516189174355866,0.82880745751962936
4049,1531,1532,0.026161206811832056,0.021325636576302744,0.81516256989557889
4050,1532,1483,0.080229052550353161,0.065399792319355332,0.81516346311467747
4051,1532,1533,0.026161483708476437,0.021041353671383111,0.80428747489446173
4052,1533,1485,0.077325134037021723,0.061825247468924913,0.79954917943400172
4053,1485,1532,0.081199388797694116,0.065307631361595453,0.80428722837197075
4054,1533,1534,0.026160420446077335,0.020827818916871188,0.79615765196901667
4055,1534,1485,0.081941893122029305,0.065238645229600364,0.79615740793840128
4056,1534,1535,0.026160445216271075,0.020686414883141862,0.79075163714245511
4057,1535,1487,0.078385172658610641,0.061824588329816431,0.78872810039061614
4058,1487,1534,0.08244524143652146,0.065193701603801057,0.79075153966280531
4059,1535,1488,0.026162070212066058,0.02061708662002627,0.78805256819919323
4060,1488,1487,0.082699633530519026,0.065171650558842692,0.78805247105227016
4061,1536,1537,0.026161912043923052,0.020616973923392012,0.7880530249004094
4062,1537,1489,0.078384299122550918,0.061823877142229873,0.78872781710493522
4063,1489,1536,0.082699849032671274,0.065171897630820971,0.7880534050923631
4064,1537,1538,0.026160509970339692,0.020686449140985587,0.79075098935148835
4065,1538,1489,0.082444887722751894,0.065193407985933177,0.79075137084506075
4066,1538,1539,0.02616081936566643,0.020828142315617953,0.79615787351648837
4067,1539,1491,0.077323552441829743,0.061824039879702621,0.79954991625886107
4068,1491,1538,0.08194080912889988,0.065237780226814424,0.79615738385240775
4069,1539,1540,0.026161189381464809,0.021041136550186128,0.80428822418501211
4070,1540,1491,0.081197658227050371,0.06530628017781509,0.8042877295204901
4071,1540,1541,0.026161918389014376,0.021326249076267411,0.81516381020523687
4072,1541,1493,0.075272944473254236,0.061823073458715912,0.82131865428331563
4073,1493,1540,0.080226890614479768,0.065397979032152553,0.8151628279651808
4074,1541,1542,0.026161058729789889,0.021682472898343099,0.82880716420138711
4075,1542,1493,0.079047454015295254,0.065515017256664296,0.82880616552163078
4076,1494,1542,0.073919805763766833,0.061823815005560119,0.83636333140723984
4077,1542,1543,0.026160352175020586,0.022111679187030782,0.84523629648014786
4078,1543,1494,0.077681764602316808,0.065659477424524521,0.8452366879236195
4079,1495,1543,0.072376149026764411,0.061823996938982245,0.85420401292862347
4080,1543,1544,0.026161182883298731,0.02261531607553598,0.86446076144261708
4081,1544,1495,0.076151911324266769,0.065830356406433976,0.86446098675209881
4082,1496,1544,0.070668824274842626,0.061823942753812644,0.87484040364629823
4083,1544,1545,0.026162310176311133,0.023192030891834053,0.88646723991650622
4084,1545,1496,0.074485463289046816,0.066028886000507936,0.88646674243372225
4085,1497,1545,0.068823110867311771,0.061820228815723847,0.89824810353183249
4086,1545,1546,0.026160023737525018,0.023837261039230818,0.91120945754485949
4087,1546,1497,0.072714049203530057,0.06625772992298698,0.91120946569112748
4088,1498,1546,0.066880567821283599,0.061821618355906847,0.92435845522581184
4089,1546,1547,0.02616125069349463,0.02455481883074254,0.93859498991187174
4090,1547,1498,0.070870894673588966,0.066519110449471328,0.93859560763045657
4091,1499,1547,0.064865568752881686,0.061820237167456979,0.95305164752310267
4092,1547,1548,0.026161471935459618,0.025336527320273691,0.96846719415401905
4093,1548,1499,0.068985053676064945,0.066809777584704813,0.96846742916843065
4094,1500,1548,0.062816198971690232,0.061819500024040935,0.98413309044537245
4095,1548,1549,0.026161471935459403,0.026176730941506545,1.0005832625199678
4096,1549,1500,0.067092645706045118,0.067131830543422338,1.0005840407240594
4097,1501,1549,0.060765590987141654,0.061817418733433049,1.017309594611101
4098,1549,1550,0.026161250693494686,0.02706628938659902,1.0345946263696553
4099,1550,1501,0.065226240398660068,0.067482744196091002,1.034595030828686
4100,1550,1551,0.026161555875425187,0.027993567172811228,1.0700268480250037
4101,1551,1503,0.056806810692629585,0.061816173807586194,1.0881824389343258
4102,1503,1550,0.063417937517102854,0.067858869168564886,1.0700264282524858
4103,1551,1552,0.026160858966780873,0.028940715136983469,1.1062601260047487
4104,1552,1504,0.054963906101560774,0.061814483324614873,1.1246377433655423
4105,1504,1551,0.061699248211800443,0.068255421236033065,1.1062601768132843
4106,1552,1553,0.026161182883298623,0.02988971953450828,1.142521715009682
4107,1553,1504,0.060096413620163325,0.068661460708737326,1.1425217674836472
4108,1505,1553,0.053255010712854961,0.061812565727836472,1.1606901378937446
4109,1553,1554,0.026160352175020607,0.030813989438559695,1.1778889379013271
4110,1554,1505,0.058637146655600728,0.069068046829927815,1.1778889453061541
4111,1554,1555,0.026162125559223228,0.031690352704241337,1.2113064984916404
4112,1555,1507,0.050356977091345005,0.06181236349529759,1.2274835994061577
4113,1507,1554,0.057346592445253156,0.069464299854976028,1.2113064943011433
4114,1555,1556,0.026161019434775865,0.032482336573823441,1.2416311472420927
4115,1556,1507,0.056239233645366815,0.069828383949542633,1.241631142946688
4116,1556,1557,0.026161905010807993,0.033165335175979825,1.2676957263730826
4117,1557,1509,0.04830636911366018,0.061810861511530632,1.2795592516195058
4118,1509,1556,0.055335168258087604,0.07014813150812825,1.267695278000273
4119,1557,1558,0.026160299270562952,0.03370478090356066,1.2883943167074998
4120,1558,1510,0.047646985125033785,0.061811944588576244,1.2972897325270676
4121,1510,1557,0.054643371132005618,0.070402198254806175,1.288394123501841
4122,1558,1559,0.026160825634572685,0.034081806445980668,1.3027802303356992
4123,1559,1510,0.054180056655672028,0.070584696104702013,1.3027800349727505
4124,1559,1560,0.026161912043923052,0.034276214304404029,1.3101570805244636
4125,1560,1512,0.047110042610497407,0.06180947579013734,1.3120233471485865
4126,1512,1559,0.053946689115453278,0.070678652963358193,1.3101573817087502
4127,1560,1561,0.026161912043923052,0.034276214304355464,1.3101570805226073
4128,1561,1512,0.053946689115453278,0.070678652963258051,1.3101573817068937
4129,1561,1562,0.026160825634572685,0.034081806445845096,1.3027802303305169
4130,1562,1514,0.047646985125033785,0.061811944588177313,1.2972897325186949
4131,1514,1561,0.054180056655672028,0.070584696104327202,1.3027800349658327
4132,1562,1563,0.026160299270562952,0.03370478090333863,1.2883943166990126
4133,1563,1514,0.054643371132005618,0.070402198254248607,1.2883941234916372
4134,1515,1563,0.04830636911366018,0.061810861511004594,1.2795592516086163
4135,1563,1564,0.026161905010807993,0.033165335175591656,1.2676957263582453
4136,1564,1515,0.055335168258087604,0.070148131507275169,1.2676952779848565
4137,1564,1565,0.026161019434775865,0.032482336573048852,1.2416311472124841
4138,1565,1517,0.050356977091345005,0.061812363493909832,1.2274835993785993
4139,1517,1564,0.056239233645366815,0.069828383948567857,1.2416311429293554
4140,1565,1566,0.026162125559223228,0.031690352702603383,1.2113064984290325
4141,1566,1517,0.057346592445253156,0.069464299852072461,1.2113064942505114
4142,1566,1567,0.026160352175020607,0.030813989438489606,1.1778889378986479
4143,1567,1519,0.053255010712854961,0.061812565730041832,1.160690137935156
4144,1519,1566,0.058637146655600728,0.069068046827642948,1.1778889452671877
4145,1567,1568,0.026161182883298623,0.029889719535930229,1.1425217150640354
4146,1568,1520,0.054963906101560774,0.061814483325706389,1.1246377433854011
4147,1520,1567,0.060096413620163325,0.068661460711248276,1.1425217675254291
4148,1568,1569,0.026160858966780873,0.02894071513756338,1.1062601260269158
4149,1569,1520,0.061699248211800443,0.068255421236649752,1.1062601768232792
4150,1521,1569,0.056806810692629585,0.061816173808089014,1.0881824389431771
4151,1569,1570,0.026161555875425187,0.027993567173011113,1.070026848032644
4152,1570,1521,0.063417937517102854,0.067858869168826788,1.0700264282566156
4153,1570,1571,0.026161250693494686,0.027066289386612107,1.0345946263701555
4154,1571,1523,0.060765590987141654,0.061817418733400603,1.017309594610567
4155,1523,1570,0.065226240398660068,0.067482744196216346,1.0345950308306078
4156,1571,1572,0.026161471935459403,0.026176730941416135,1.0005832625165119
4157,1572,1524,0.062816198971690232,0.061819500023884359,0.98413309044287989
4158,1524,1571,0.067092645706045118,0.067131830543356683,1.0005840407230808
4159,1572,1573,0.026161471935459618,0.025336527320115376,0.96846719414796767
4160,1573,1525,0.064865568752881686,0.06182023716723415,0.95305164751966742
4161,1525,1572,0.068985053676064945,0.066809777584546814,0.96846742916614037
4162,1573,1574,0.02616125069349463,0.024554818830527691,0.93859498990365919
4163,1574,1526,0.066880567821283599,0.061821618355336658,0.92435845521728632
4164,1526,1573,0.070870894673588966,0.066519110448941737,0.938595607622984
4165,1574,1575,0.026160023737525018,0.023837261038971779,0.91120945753495741
4166,1575,1527,0.068823110867311771,0.061820228815126069,0.89824810352314677
4167,1527,1574,0.072714049203530057,0.066257729922402989,0.91120946568309613
4168,1575,1576,0.026162310176311133,0.02319203089154671,0.88646723990552312
4169,1576,1528,0.070668824274842626,0.061823942753179949,0.87484040363734528
4170,1528,1575,0.074485463289046816,0.066028885999876247,0.88646674242524148
4171,1576,1577,0.026161182883298731,0.022615316075228608,0.86446076143086781
4172,1577,1529,0.072376149026764411,0.061823996938317076,0.85420401291943304
4173,1529,1576,0.076151911324266769,0.065830356405760918,0.86446098674326044
4174,1577,1578,0.026160352175020586,0.022111679186707811,0.84523629646780207
4175,1578,1530,0.073919805763766833,0.061823815004867153,0.83636333139786534
4176,1530,1577,0.077681764602316808,0.065659477423820112,0.84523668791455153
4177,1578,1579,0.026161058729789889,0.021682472898009529,0.82880716418863642
4178,1579,1531,0.075272944473254236,0.061823073458012828,0.82131865427397521
4179,1531,1578,0.079047454015295254,0.065515017255938723,0.82880616551245179
4180,1579,1580,0.026161918389014376,0.021326249075935326,0.81516381019254347
4181,1580,1531,0.080226890614479768,0.065397979031416045,0.81516282795600059
4182,1580,1581,0.026161189381464809,0.021041136549877423,0.80428822417321211
4183,1581,1533,0.077323552441829743,0.061824039879106174,0.79954991625114735
4184,1533,1580,0.081197658227050371,0.065306280177133483,0.80428772951209571
4185,1581,1582,0.02616081936566643,0.020828142315364291,0.79615787350679212
4186,1582,1533,0.08194080912889988,0.065237780226296116,0.79615738384608237
4187,1582,1583,0.026160509970339692,0.02068644914082253,0.79075098934525545
4188,1583,1535,0.078384299122550918,0.061823877142003221,0.78872781710204365
4189,1535,1582,0.082444887722751894,0.065193407985525073,0.79075137084011071
4190,1583,1536,0.026161912043923052,0.020616973923337494,0.78805302489832552
4191,1536,1535,0.082699849032671274,0.0651718976307544,0.78805340509155819
4192,1536,1584,0.0785194598039088,0.061824478280278941,0.78737778424198024
4193,1584,1585,0.026161941246619788,0.020616932968780009,0.78805057982628823
4194,1585,1536,0.082699918609444256,0.065171835157049857,0.78805198666310772
4195,1585,1586,0.02616064521179132,0.020686510541093283,0.79074924848448713
4196,1586,1538,0.077984727775787216,0.06182465706365619,0.79277903285637397
4197,1538,1585,0.082446158402261355,0.065194295433086538,0.79074994755969574
4198,1586,1587,0.026160410048705052,0.02082776434025603,0.79615588217001254
4199,1587,1539,0.077324081307811182,0.061824400780311373,0.79954911503185166
4200,1539,1586,0.081941618415138667,0.065238406994782422,0.79615716966031591
4201,1587,1588,0.026162001104401495,0.02104174576368276,0.80428655589891773
4202,1588,1539,0.081198498171729708,0.065306966048613163,0.80428785653760548
4203,1588,1589,0.026160637184477722,0.021325154221220322,0.81516188122028965
4204,1589,1541,0.075275019768757945,0.061824734393852096,0.82131807582084171
4205,1541,1588,0.080228656409205387,0.065399467351474172,0.81516343758650156
4206,1589,1590,0.026161980846036065,0.021683178485590923,0.82880492166082487
4207,1590,1542,0.073919886066839469,0.061823804295121097,0.8363622779290959
4208,1542,1589,0.079049755481806594,0.065516878582110666,0.82880558178563202
4209,1590,1591,0.026160325340547512,0.022111629588185057,0.8452352675412973
4210,1591,1543,0.072375601027335132,0.061823486703093303,0.85420343079076522
4211,1543,1590,0.077680206643049241,0.065658077877575244,0.84523562326864987
4212,1591,1592,0.026162002021761058,0.02261602468263799,0.86446078032661289
4213,1592,1543,0.076151259362493007,0.06582980479660254,0.86446114414525199
4214,1544,1592,0.070667123790083317,0.061822517164872214,0.87484128190240196
4215,1592,1593,0.026162143524090294,0.023191905900247358,0.88646810911697971
4216,1593,1544,0.074486075082809633,0.066029500902496291,0.88646771667171653
4217,1545,1593,0.068827183936152114,0.06182392013917791,0.89824857859256868
4218,1593,1594,0.026160646358550154,0.023837865130952141,0.91121086246254568
4219,1594,1545,0.072716939339597109,0.066260429375430654,0.91121037240011227
4220,1594,1595,0.026161373622916886,0.024554982775154527,0.93859684621624029
4221,1595,1547,0.064864960477577935,0.061819702644756898,0.95305234427956365
4222,1547,1594,0.070870255904547014,0.066518533910390962,0.93859593226222782
4223,1595,1596,0.026161002310082018,0.0253361115234455,0.96846868568492805
4224,1596,1547,0.068985522325984025,0.066810253082118881,0.96846774264336022
4225,1596,1597,0.026161002310081987,0.026176280680339774,1.0005840131840782
4226,1597,1549,0.060766837368589545,0.061818673889298736,1.0173093839708842
4227,1549,1596,0.067093347298299494,0.067132518353455628,1.0005838291981763
4228,1597,1598,0.026161373622916886,0.027066428531544104,1.0345950836401956
4229,1598,1549,0.065226733295816797,0.067483245181041165,1.0345948934003888
4230,1550,1598,0.058751057208192986,0.061816336612938845,1.0521740297180286
4231,1598,1599,0.026160646358550272,0.027992594721523205,1.0700268769305152
4232,1599,1550,0.063418064925524209,0.067859016438701153,1.0700266007547254
4233,1599,1600,0.026162143524090208,0.028942144960070304,1.1062604611667335
4234,1600,1552,0.054964674053519708,0.061815377166195305,1.12463829233309
4235,1552,1599,0.061698998224844738,0.068255125777644851,1.1062598703613977
4236,1600,1601,0.026159715250228161,0.029888047992470211,1.1425219161057012
4237,1601,1553,0.053255645014599708,0.061813279435039135,1.1606897150169415
4238,1553,1600,0.060096393752116853,0.068661471524655071,1.1425223251808936
4239,1601,1602,0.026161607477729436,0.030815476467105876,1.1778892597994268
4240,1602,1554,0.051710248835335419,0.061811501935463573,1.1953433473564261
4241,1554,1601,0.058636214680696103,0.069066923903676164,1.1778885161632715
4242,1602,1603,0.026160856520381713,0.031688834579282101,1.2113072274446972
4243,1603,1555,0.050357337436779767,0.061812804201357728,1.227483567393918
4244,1555,1602,0.057345233431600563,0.069462697767063236,1.2113072632255646
4245,1603,1604,0.026161584619832454,0.032483042799465851,1.2416313182666028
4246,1604,1555,0.056237824720245182,0.069826646506457077,1.2416313549432154
4247,1556,1604,0.049214099514754674,0.061810052630279451,1.2559419605299988
4248,1604,1605,0.026162001104401495,0.033165473919362795,1.267696373339845
4249,1605,1556,0.055333265387819894,0.070145768123146213,1.2676961612785442
4250,1605,1606,0.026160410048705042,0.033704954374013288,1.2883954919384648
4251,1606,1558,0.047645407121142708,0.061809941905221669,1.2972906653534173
4252,1558,1605,0.054643263232428539,0.070402093947689232,1.2883947587139795
4253,1606,1607,0.026160516468673071,0.03408144221576636,1.3027817037396225
4254,1607,1558,0.05418080330786721,0.070585719073125164,1.30278096232796
4255,1607,1608,0.026161984515477004,0.03427636425965308,1.3101591830457564
4256,1608,1560,0.047111786237702367,0.061811813724646468,1.3120244138648269
4257,1560,1607,0.053949189596314506,0.070681952452167449,1.3101578166615504
4258,1608,1609,0.026161984515477004,0.034276364259632437,1.3101591830449673
4259,1609,1560,0.053949189596314506,0.070681952452124872,1.3101578166607613
4260,1609,1610,0.026160516468673071,0.034081442215741879,1.3027817037386868
4261,1610,1562,0.047645407121142708,0.061809941905056211,1.2972906653499445
4262,1562,1609,0.05418080330786721,0.070585719072901884,1.3027809623238391
4263,1610,1611,0.026160410048705042,0.033704954374144162,1.2883954919434675
4264,1611,1562,0.054643263232428539,0.070402093947790484,1.2883947587158324
4265,1611,1612,0.026162001104401495,0.033165473919747994,1.2676963733545685
4266,1612,1564,0.049214099514754674,0.061810052630275614,1.2559419605299209
4267,1564,1611,0.055333265387819894,0.070145768122888197,1.2676961612738813
4268,1612,1613,0.026161584619832454,0.032483042800211304,1.2416313182950969
4269,1613,1565,0.050357337436779767,0.061812804201306068,1.2274835673928921
4270,1565,1612,0.056237824720245182,0.069826646505859805,1.2416313549325948
4271,1613,1614,0.026160856520381713,0.031688834580837634,1.2113072275041574
4272,1614,1565,0.057345233431600563,0.069462697768284745,1.2113072632468658
4273,1614,1615,0.026161607477729436,0.03081547646703809,1.1778892597968358
4274,1615,1567,0.053255645014599708,0.06181327943487154,1.1606897150137945
4275,1567,1614,0.058637133012391707,0.069068073934880014,1.1778896816166635
4276,1615,1616,0.026159715250228161,0.029888047990856856,1.1425219160440279
4277,1616,1567,0.060096393752116853,0.06866147152569986,1.1425223251982788
4278,1568,1616,0.054964674053519708,0.061815377165966856,1.1246382923289338
4279,1616,1617,0.026162143524090208,0.028942144959245575,1.1062604611352098
4280,1617,1568,0.061698998224844738,0.068255125777908376,1.106259870365669
4281,1617,1618,0.026160646358550272,0.027992594721022876,1.0700268769113901
4282,1618,1570,0.058751057208192986,0.061816336612569744,1.0521740297117461
4283,1570,1617,0.063418064925524209,0.067859016438087935,1.0700266007450561
4284,1618,1619,0.026161373622916886,0.027066428531169685,1.0345950836258837
4285,1619,1571,0.060766837368589545,0.06181867388884258,1.0173093839633776
4286,1571,1618,0.065226733295816797,0.06748324518047745,1.0345948933917464
4287,1619,1620,0.026161002310081987,0.026176280680000424,1.0005840131711066
4288,1620,1571,0.067093347298299494,0.06713251835295321,1.0005838291906881
4289,1620,1621,0.026161002310082018,0.025336111523096297,0.96846868567157984
4290,1621,1573,0.064864960477577935,0.061819702644077351,0.95305234426908736
4291,1573,1620,0.068985522325984025,0.06681025308143218,0.96846774263340596
4292,1621,1622,0.026161373622916886,0.024554982774774026,0.93859684620169592
4293,1622,1573,0.070870255904547014,0.066518533909593308,0.93859593225097271
4294,1622,1623,0.026160646358550154,0.023837865130539097,0.91121086244675686
4295,1623,1575,0.068827183936152114,0.061823920138254197,0.89824857857914786
4296,1575,1622,0.072716939339597109,0.066260429374495791,0.91121037238725611
4297,1623,1624,0.026162143524090294,0.023191905899800032,0.8864681090998815
4298,1624,1576,0.070667123790083317,0.06182251716383752,0.87484128188776011
4299,1576,1623,0.074486075082809633,0.066029500901465699,0.88646771665788049
4300,1624,1625,0.026162002021761058,0.022616024682163834,0.86446078030848916
4301,1625,1577,0.072375601027335132,0.061823486701991587,0.85420343077554306
4302,1577,1624,0.076151259362493007,0.065829804795465574,0.86446114413032171
4303,1625,1626,0.026160325340547512,0.022111629587663592,0.84523526752136391
4304,1626,1577,0.077680206643049241,0.065658077876269358,0.84523562325183887
4305,1578,1626,0.073919886066839469,0.061823804293861778,0.83636227791205964
4306,1626,1627,0.026161980846036065,0.02168317848497597,0.82880492163731934
4307,1627,1578,0.079049755481806594,0.065516878580598667,0.82880558176650476
4308,1579,1627,0.075275019768757945,0.061824734392406891,0.82131807580164273
4309,1627,1628,0.026160637184477722,0.021325154220502799,0.81516188119286215
4310,1628,1579,0.080228656409205387,0.065399467349776863,0.81516343756534559
4311,1628,1629,0.026162001104401495,0.021041745762895296,0.80428655586881814
4312,1629,1581,0.077324081307811182,0.06182440077868831,0.79954911501086123
4313,1581,1628,0.081198498171729708,0.065306966046977041,0.80428785651745582
4314,1629,1630,0.026160410048705052,0.020827764339507737,0.79615588214140842
4315,1630,1581,0.081941618415138667,0.065238406993245623,0.79615716964156114
4316,1582,1630,0.077984727775787216,0.061824657062305097,0.79277903283904883
4317,1630,1631,0.02616064521179132,0.020686510540650172,0.79074924846754902
4318,1631,1582,0.082446158402261355,0.065194295432431812,0.79074994755175454
4319,1631,1584,0.026161941246619788,0.020616932968680945,0.7880505798225016
4320,1536,1631,0.082699918609444256,0.065171835156736732,0.78805198665932141
4321,1584,1632,0.078519337846975526,0.061824335194498467,0.78737718490426456
4322,1632,1633,0.02616193650691729,0.020616967636619757,0.78805204772087767
4323,1633,1584,0.082698961313038,0.065171019070176459,0.78805124073428778
4324,1585,1633,0.078384134421282947,0.061823606358448906,0.78872601981125523
4325,1633,1634,0.026160835725979652,0.020686708544873797,0.79075105862655448
4326,1634,1585,0.082444776327222677,0.06519323948389448,0.79075039545432224
4327,1634,1635,0.026159947208549764,0.020827433347072908,0.79615731564878511
4328,1635,1587,0.077323098142365154,0.061823536353517151,0.79954810190985059
4329,1587,1634,0.081941714068402116,0.065238472277932516,0.79615703698208817
4330,1635,1636,0.026162164393898995,0.021041892630674207,0.80428714971232151
4331,1636,1587,0.08119832100104786,0.065306743301036266,0.80428686820006401
4332,1588,1636,0.07641513418021631,0.061823946224268823,0.80905368926610999
4333,1636,1637,0.026160744291574452,0.021325262586192242,0.81516268606548914
4334,1637,1588,0.080227220577464967,0.065398211227639655,0.81516236954130961
4335,1589,1637,0.075273478394109097,0.06182338743251363,0.82131699971170624
4336,1637,1638,0.026162663429641908,0.021683781275341783,0.82880633822527339
4337,1638,1589,0.079048803469552259,0.065516110097400174,0.82880584173086747
4338,1638,1639,0.026158979300289882,0.022110508312652905,0.84523589620363693
4339,1639,1591,0.072374178077466628,0.061822222547588762,0.85420275835694537
4340,1591,1638,0.0776802173793575,0.065658132207404268,0.8452362058509385
4341,1639,1640,0.02616167788604265,0.022615716620816403,0.86445971544057465
4342,1640,1591,0.076150278599138102,0.065828872284550727,0.86446003213041167
4343,1640,1641,0.026161728876526725,0.023191488846316732,0.88646621772481549
4344,1641,1593,0.068823918991009342,0.061820942258508343,0.89824792259482034
4345,1593,1640,0.07448518412039222,0.066028683176147282,0.88646734187329801
4346,1641,1642,0.026160735576238256,0.023837889733569841,0.9112086953404227
4347,1642,1593,0.072714463537040058,0.066258135475345134,0.91120985086541784
4348,1642,1643,0.026162724432439093,0.024556221910576246,0.93859574808382917
4349,1643,1595,0.0648643501307236,0.0618191774513124,0.95305321531358678
4350,1595,1642,0.070871441862813231,0.066519637971179643,0.93859580421607014
4351,1643,1644,0.026161563061530099,0.025336664654706815,0.96846907025840989
4352,1644,1595,0.068984859228176751,0.066809706474139877,0.96846912817720965
4353,1596,1644,0.062814730386577186,0.061818104927477274,0.98413388940832136
4354,1644,1645,0.026159784899102971,0.026175070441554375,1.0005843145312685
4355,1645,1596,0.067093049205953895,0.067132221976913375,1.0005838573656003
4356,1597,1645,0.060766087877388568,0.061817913165102101,1.0173094126091491
4357,1645,1646,0.026160976623020176,0.027066005821015315,1.0345946258443106
4358,1646,1597,0.065225644072442635,0.067482111333405537,1.0345947869592023
4359,1598,1646,0.058751438169721767,0.061816735679174326,1.0521739995640191
4360,1646,1647,0.026161563214425799,0.02799357598168736,1.0700268845651917
4361,1647,1598,0.063416860464201294,0.067857765090340763,1.0700271914067137
4362,1599,1647,0.056804774037299936,0.061813971402627996,1.0881826827097112
4363,1647,1648,0.026161728876526836,0.028941695355238977,1.106260809132015
4364,1648,1599,0.06169727344284303,0.068253255580786737,1.1062604840069186
4365,1600,1648,0.054962042777359055,0.061812452219792716,1.124638916173174
4366,1648,1649,0.026160196213595544,0.029888602425870259,1.1425221042622398
4367,1649,1600,0.060095182887118126,0.068660073390637871,1.1425220806733862
4368,1649,1650,0.026161001774935112,0.03081475194777562,1.1778888367072882
4369,1650,1602,0.051711716103567236,0.061813263742779123,1.1953435004744515
4370,1602,1649,0.058637751728727511,0.069068787928649344,1.1778894294613877
4371,1650,1651,0.026162064784368853,0.031690279572435462,1.2113065170364372
4372,1651,1602,0.057344266369860807,0.069461518523888946,1.2113071266074609
4373,1651,1652,0.026160744291574466,0.032481981267972686,1.2416306243409936
4374,1652,1604,0.04921530382780874,0.061811546117684121,1.255941573254252
4375,1604,1651,0.056238221390754607,0.069827131149498345,1.2416312149049884
4376,1652,1653,0.026162164393899037,0.03316567361629038,1.2676960941360245
4377,1653,1604,0.055334878749309417,0.070147843024800718,1.2676966970976902
4378,1605,1653,0.048307339864652923,0.061812183705095718,1.2795609089277229
4379,1653,1654,0.026160239026628299,0.033704740787051095,1.288395750235436
4380,1654,1605,0.054645375214458204,0.070404851215585582,1.2883954211912465
4381,1606,1654,0.047647446641312062,0.061812619538996902,1.2972913324048538
4382,1654,1655,0.026160658590641966,0.034081618592644143,1.3027813682349578
4383,1655,1606,0.0541797719749713,0.070584401340078498,1.3027814397721242
4384,1655,1656,0.026161995906030012,0.034276361129018704,1.3101584929580403
4385,1656,1608,0.047112845152373475,0.061813247478692636,1.3120253569652771
4386,1608,1655,0.053946957490429909,0.070679087432581778,1.3101589175834452
4387,1656,1657,0.026161995906030012,0.034276361128904732,1.310158492953684
4388,1657,1608,0.053946957490429909,0.070679087432346757,1.3101589175790886
4389,1657,1658,0.026160658590641966,0.034081618592198243,1.302781368217913
4390,1658,1610,0.047647446641312062,0.061812619538386543,1.2972913323920439
4391,1610,1657,0.0541797719749713,0.070584401339835595,1.3027814397676409
4392,1658,1659,0.026160239026628299,0.033704740787177487,1.2883957502402672
4393,1659,1611,0.048307339864652923,0.061812183706177901,1.279560908950125
4394,1611,1658,0.054645375214458204,0.070404851215180114,1.2883954211838267
4395,1659,1660,0.026162164393899037,0.03316567361700435,1.2676960941633146
4396,1660,1612,0.04921530382780874,0.061811546118650494,1.2559415732738877
4397,1612,1659,0.055334878749309417,0.070147843026282505,1.2676966971244688
4398,1660,1661,0.026160744291574466,0.032481981268431055,1.2416306243585147
4399,1661,1612,0.056238221390754607,0.069827131150455538,1.2416312149220086
4400,1661,1662,0.026162064784368853,0.031690279572747358,1.2113065170483588
4401,1662,1614,0.051711716103567236,0.061813263745097345,1.1953435005192812
4402,1614,1661,0.057344266369860807,0.069461518526656746,1.2113071266557274
4403,1662,1663,0.026161001774935112,0.030814751947740627,1.1778888367059506
4404,1663,1614,0.058637751728727511,0.069068787930643305,1.1778894294953923
4405,1663,1664,0.026160196213595544,0.029888602425529723,1.1425221042492224
4406,1664,1616,0.054962042777359055,0.061812452218276179,1.1246389161455816
4407,1616,1663,0.060095182887118126,0.068660073389064782,1.1425220806472096
4408,1664,1665,0.026161728876526836,0.02894169535486699,1.1062608091177961
4409,1665,1617,0.056804774037299936,0.061813971401588647,1.0881826826914143
4410,1617,1664,0.06169727344284303,0.068253255579627928,1.1062604839881365
4411,1665,1666,0.026161563214425799,0.027993575981340387,1.070026884551929
4412,1666,1618,0.058751438169721767,0.061816735678342644,1.0521739995498631
4413,1618,1665,0.063416860464201294,0.067857765089407829,1.0700271913920023
4414,1666,1667,0.026160976623020176,0.027066005820684622,1.0345946258316698
4415,1667,1619,0.060766087877388568,0.061817913164323349,1.0173094125963336
4416,1619,1666,0.065225644072442635,0.067482111332563377,1.0345947869462908
4417,1667,1668,0.026159784899102971,0.026175070441210316,1.0005843145181164
4418,1668,1620,0.062814730386577186,0.06181810492664204,0.98413388939502455
4419,1620,1667,0.067093049205953895,0.067132221976060627,1.0005838573528905
4420,1668,1669,0.026161563061530099,0.025336664654306239,0.96846907024309825
4421,1669,1621,0.0648643501307236,0.06181917745031823,0.95305321529825993
4422,1621,1668,0.068984859228176751,0.066809706473189498,0.96846912816343311
4423,1669,1670,0.026162724432439093,0.024556221910054733,0.93859574806389567
4424,1670,1621,0.070871441862813231,0.066519637969872383,0.93859580419762456
4425,1670,1671,0.026160735576238256,0.023837889733034457,0.91120869531995752
4426,1671,1623,0.068823918991009342,0.061820942257325387,0.8982479225776322
4427,1623,1670,0.072714463537040058,0.066258135473921675,0.91120985084584183
4428,1671,1672,0.026161728876526725,0.023191488845666651,0.88646621769996692
4429,1672,1623,0.07448518412039222,0.06602868317436085,0.88646734184931431
4430,1672,1673,0.02616167788604265,0.022615716620352215,0.86445971542283151
4431,1673,1625,0.072374178077466628,0.061822222546766122,0.85420275834557891
4432,1625,1672,0.076150278599138102,0.065828872282659268,0.86446003210557321
4433,1673,1674,0.026158979300289882,0.022110508312317798,0.84523589619082651
4434,1674,1625,0.0776802173793575,0.065658132205870245,0.84523620583119063
4435,1674,1675,0.026162663429641908,0.021683781274549008,0.82880633819497163
4436,1675,1627,0.075273478394109097,0.061823387430072312,0.82131699967927363
4437,1627,1674,0.079048803469552259,0.065516110095556468,0.82880584170754379
4438,1675,1676,0.026160744291574452,0.021325262584826376,0.81516268601327857
4439,1676,1628,0.07641513418021631,0.061823946220670216,0.8090536892190171
4440,1628,1675,0.080227220577464967,0.065398211224888619,0.81516236950701904
4441,1676,1677,0.026162164393898995,0.021041892628441677,0.80428714962698711
4442,1677,1629,0.077323098142365154,0.061823536348242614,0.79954810184163627
4443,1629,1676,0.08119832100104786,0.06530674329715655,0.80428686815228323
4444,1677,1678,0.026159947208549764,0.020827433343407791,0.79615731550868096
4445,1678,1629,0.081941714068402116,0.065238472269498263,0.79615703687915829
4446,1678,1679,0.026160835725979652,0.020686708543759549,0.79075105858396233
4447,1679,1631,0.078384134421282947,0.061823606361620702,0.78872601985171997
4448,1631,1678,0.082444776327222677,0.065193239476411868,0.79075039536356317
4449,1679,1632,0.02616193650691729,0.020616967637776547,0.7880520477650943
4450,1584,1679,0.082698961313038,0.065171019073833103,0.78805124077850408
4451,1680,1681,0.026162095286483278,0.020617087847043674,0.78805185981015646
4452,1681,1633,0.078385756873156062,0.061824980894609111,0.7887272300585727
4453,1633,1680,0.082699551909929808,0.065171490343678515,0.78805131150720675
4454,1681,1682,0.026160351639860416,0.020686321456699824,0.79075089438706792
4455,1682,1634,0.077983879273025386,0.061824053225185513,0.7927799155609645
4456,1634,1681,0.082445086545931259,0.06519358482450241,0.79075160880790862
4457,1682,1683,0.026160644905988937,0.020827981124341532,0.79615702132684807
4458,1683,1635,0.07732442275254775,0.061824650084140516,0.79954880855678245
4459,1635,1682,0.081942404799294433,0.065238986101252353,0.7961565963440469
4460,1683,1684,0.026161833150610745,0.021041637873766329,0.80428759531612237
4461,1684,1636,0.076415206495587293,0.06182402998877852,0.80905401979576719
4462,1636,1683,0.081198172229594148,0.065306681364619826,0.80428757903515491
4463,1684,1685,0.0261609530765247,0.021325438715986141,0.81516291297209409
4464,1685,1637,0.075274251702471623,0.061824075557069251,0.82131770371407442
4465,1637,1684,0.080227873245039341,0.065398769975596766,0.8151627025665984
4466,1685,1686,0.026162001715974693,0.021683228981755929,0.82880619064083327
4467,1686,1638,0.073920275243297751,0.061824190843369702,0.83636310389652146
4468,1638,1685,0.079048386486193306,0.065515820656831633,0.8288065521523923
4469,1686,1687,0.026160173889629077,0.022111523758574586,0.84523611547324096
4470,1687,1639,0.072375768210294622,0.061823601199311545,0.85420303960957267
4471,1639,1686,0.077681990780843355,0.06565957845690612,0.84523552752587283
4472,1687,1688,0.02616054819580681,0.022614755853061629,0.8644603195542544
4473,1688,1640,0.070667408277793317,0.061822686599652184,0.87484015766684742
4474,1640,1687,0.076151002295141601,0.065829519565674177,0.86446031676032276
4475,1688,1689,0.026162687203931858,0.023192353847390091,0.88646680926203292
4476,1689,1641,0.068825789010225152,0.061822584655030169,0.89824738000236293
4477,1641,1688,0.074485993188390553,0.066029316868595381,0.88646622058987012
4478,1689,1690,0.026159755235279962,0.02383701006057581,0.91120921607203664
4479,1690,1642,0.066879404365916217,0.061820483369263532,0.92435756501397814
4480,1642,1689,0.072713470276865075,0.066257190383781389,0.91120930044322401
4481,1690,1691,0.026162121201785658,0.024555638815643131,0.93859510191272721
4482,1691,1643,0.064866808718976085,0.061821480083070625,0.95305259043806512
4483,1643,1690,0.070871864880364899,0.066520024876223244,0.938595661176861
4484,1691,1692,0.026161190757546804,0.025336267699095836,0.96846767923921817
4485,1692,1644,0.062816637677968162,0.061819958246070297,0.98413351193664045
4486,1644,1691,0.068986704446108812,0.066811449705352799,0.96846849319414463
4487,1692,1693,0.026161190757546887,0.026176455419364312,1.0005834849781454
4488,1693,1645,0.060765629298225189,0.061817437725444915,1.0173092657702543
4489,1645,1692,0.067092599680192114,0.067131746439815232,1.000583473584415
4490,1693,1694,0.026161370564978026,0.027066419229980529,1.0345948490257648
4491,1694,1646,0.05875038004306278,0.061815617250422207,1.0521739128344816
4492,1646,1693,0.065226610278847214,0.067483101224972489,1.034594637625329
4493,1694,1695,0.026161504961052039,0.027993528467617983,1.0700274509931049
4494,1695,1647,0.056805811685469845,0.061815138812157569,1.0881833562105239
4495,1647,1694,0.063418142221944071,0.067859131012424856,1.0700271032055573
4496,1695,1696,0.026161030061254344,0.028940933588836329,1.1062612412841935
4497,1696,1648,0.054965029734811939,0.061815816800718563,1.1246390131863733
4498,1648,1695,0.061698287610646003,0.06825441975872544,1.1062611686964903
4499,1696,1697,0.026160548195806706,0.029889030021132364,1.1425230770172965
4500,1697,1649,0.05325583248706147,0.06181354128016775,1.160690545869983
4501,1649,1696,0.060095880009412128,0.068660875791051054,1.1425221792292166
4502,1697,1698,0.026160173889629188,0.030813819509636266,1.1778904696750485
4503,1698,1650,0.051710346494648236,0.061811632605266134,1.195343616807196
4504,1650,1697,0.058637191166547947,0.069068147164301874,1.1778897622863065
4505,1698,1699,0.026162001715974534,0.031690256831372561,1.2113085678769935
4506,1699,1651,0.050358186321476268,0.061813901609009278,1.2274846678234614
4507,1651,1698,0.057345802612075017,0.069463386145318579,1.2113072444938111
4508,1699,1700,0.026160953076524707,0.032482296946118726,1.2416327819213291
4509,1700,1652,0.049217231520758395,0.061813977667194826,1.2559417861836355
4510,1652,1699,0.056239911885593456,0.069829273197519956,1.2416319808532201
4511,1700,1701,0.026162650434040171,0.033166327305718744,1.2676975289386623
4512,1701,1653,0.048307177943070205,0.061812022383282254,1.2795618584080288
4513,1653,1700,0.055335566736793865,0.07014872707711077,1.2676969120200101
4514,1701,1702,0.02616005095456916,0.033704497205834148,1.2883957016890772
4515,1702,1654,0.047646742465159243,0.061811670213827975,1.2972905809673465
4516,1654,1701,0.054644182604664845,0.070403366904385159,1.288396377227079
4517,1702,1703,0.0261608614131798,0.034081848182045092,1.3027800439657813
4518,1703,1655,0.047247660117035024,0.061813833335446065,1.3082940654061987
4519,1655,1702,0.054181293109366792,0.070586342159580387,1.3027806851545503
4520,1703,1704,0.026161924351869887,0.034276233147789069,1.3101571844174842
4521,1704,1655,0.053948183901482087,0.070680635511647369,1.3101578292370579
4522,1704,1705,0.026161924351869887,0.034276233147931233,1.3101571844229183
4523,1705,1657,0.047247660117035024,0.061813833335496907,1.3082940654072748
4524,1657,1704,0.053948183901482087,0.070680635511412335,1.3101578292327014
4525,1705,1706,0.0261608614131798,0.034081848182580074,1.3027800439862309
4526,1706,1657,0.054181293109366792,0.070586342160160909,1.3027806851652648
4527,1706,1707,0.02616005095456916,0.033704497205867767,1.2883957016903624
4528,1707,1659,0.048307177943070205,0.061812022383465018,1.2795618584118122
4529,1659,1706,0.054645027334498997,0.070404384076257293,1.288395074730047
4530,1707,1708,0.026162650434040171,0.033166327305240197,1.2676975289203709
4531,1708,1659,0.055335566736793865,0.07014872707778641,1.2676969120322199
4532,1660,1708,0.049217231520758395,0.061813977667450865,1.2559417861888378
4533,1708,1709,0.026160953076524707,0.032482296945946794,1.241632781914757
4534,1709,1660,0.056239911885593456,0.069829273197981018,1.2416319808614182
4535,1661,1709,0.050358186321476268,0.061813901609298325,1.2274846678292013
4536,1709,1710,0.026162001715974534,0.031690256831291667,1.2113085678739015
4537,1710,1661,0.057345802612075017,0.069463386145662845,1.2113072444998143
4538,1662,1710,0.051710346494648236,0.061811632605427651,1.1953436168103195
4539,1710,1711,0.026160173889629188,0.030813819509534875,1.1778904696711727
4540,1711,1662,0.058637191166547947,0.069068147164412078,1.1778897622881859
4541,1663,1711,0.05325583248706147,0.061813541279732646,1.1606905458618129
4542,1711,1712,0.026160548195806706,0.02988903002098561,1.1425230770116868
4543,1712,1663,0.060095880009412128,0.068660875790526418,1.1425221792204865
4544,1664,1712,0.054965029734811939,0.061815816800145869,1.124639013175954
4545,1712,1713,0.026161030061254344,0.028940933588673518,1.10626124127797
4546,1713,1664,0.061698287610646003,0.068254419758085341,1.1062611686861157
4547,1665,1713,0.056805811685469845,0.06181513881158799,1.088183356200497
4548,1713,1714,0.026161504961052039,0.027993528467463856,1.0700274509872136
4549,1714,1665,0.063418142221944071,0.067859131011815441,1.0700271031959478
4550,1666,1714,0.05875038004306278,0.061815617249885262,1.0521739128253422
4551,1714,1715,0.026161370564978026,0.02706641922985243,1.0345948490208683
4552,1715,1666,0.065226610278847214,0.067483101224422692,1.0345946376169
4553,1667,1715,0.060765629298225189,0.061817437724934018,1.0173092657618465
4554,1715,1716,0.026161190757546887,0.026176455419280001,1.0005834849749227
4555,1716,1667,0.067092599680192114,0.067131746439325721,1.0005834735771189
4556,1668,1716,0.062816637677968162,0.06181995824556951,0.98413351192866827
4557,1716,1717,0.026161190757546804,0.025336267699083675,0.96846767923875332
4558,1717,1668,0.068986704446108812,0.066811449704929707,0.96846849318801165
4559,1669,1717,0.064866808718976085,0.061821480082564335,0.95305259043026003
4560,1717,1718,0.026162121201785658,0.024555638815751856,0.938595101916883
4561,1718,1669,0.070871864880364899,0.066520024875887332,0.93859566117212123
4562,1718,1719,0.026159755235279962,0.023837010060683016,0.91120921607613481
4563,1719,1671,0.068825789010225152,0.061822584654452631,0.89824737999397164
4564,1671,1718,0.072715360600606932,0.066258862728594617,0.91120861096357642
4565,1719,1720,0.026162687203931858,0.02319235384758403,0.88646680926944565
4566,1720,1671,0.074485993188390553,0.066029316868436452,0.88646622058773639
4567,1720,1721,0.02616054819580681,0.022614755853030889,0.86446031955307934
4568,1721,1673,0.072375768210294622,0.061823601198597054,0.85420303959970068
4569,1673,1720,0.076151483520943183,0.065829889987989706,0.8644597182389121
4570,1721,1722,0.026160173889629077,0.022111523758366905,0.8452361154653022
4571,1722,1673,0.077681990780843355,0.065659578456713483,0.84523552752339293
4572,1674,1722,0.073920275243297751,0.061824190842566525,0.83636310388565605
4573,1722,1723,0.026162001715974693,0.021683228981951765,0.82880619064831884
4574,1723,1674,0.079048386486193306,0.06551582065662262,0.82880655214974819
4575,1675,1723,0.075274251702471623,0.061824075556170477,0.82131770370213442
4576,1723,1724,0.0261609530765247,0.021325438716701405,0.815162912999435
4577,1724,1675,0.080227873245039341,0.065398769975607882,0.81516270256673695
4578,1676,1724,0.076415206495587293,0.061824029987791108,0.80905401978284552
4579,1724,1725,0.026161833150610745,0.021041637875309063,0.8042875953750912
4580,1725,1676,0.081198172229594148,0.065306681365214031,0.80428757904247294
4581,1677,1725,0.07732442275254775,0.061824650083101243,0.79954880854334209
4582,1725,1726,0.026160644905988937,0.020827981127322249,0.79615702144078704
4583,1726,1677,0.081942404799294433,0.065238986103073368,0.79615659636627001
4584,1726,1727,0.026160351639860416,0.020686321457239223,0.79075089440768687
4585,1727,1679,0.078385756873156062,0.061824980893883691,0.78872723004931822
4586,1679,1726,0.082445204976006173,0.065193574222709189,0.79075034432484359
4587,1727,1680,0.026162095286483278,0.02061708784564497,0.78805185975669345
4588,1680,1679,0.082699551909929808,0.065171490347335201,0.78805131155142327
4589,1680,1728,0.078520695333112026,0.061825391417413382,0.78737702404606358
4590,1728,1729,0.026161896525199218,0.020616914315769643,0.78805121394434718
4591,1729,1680,0.082700432271399643,0.0651721343274419,0.78805070950010536
4592,1729,1730,0.026160599953000119,0.020686477552286801,0.79074935549841852
4593,1730,1682,0.077984161766355878,0.061824191251084307,0.79277881368158343
4594,1682,1729,0.082445932800525271,0.065194099937390004,0.79074974013726784
4595,1730,1731,0.026160636878675151,0.020827958293723033,0.79615639291644869
4596,1731,1683,0.077325445344778879,0.061825481972724521,0.79954899318144135
4597,1683,1730,0.081941937275187671,0.065238616969186577,0.79615663405777293
4598,1731,1732,0.026162531256426588,0.021042215955227466,0.80428822994941052
4599,1732,1683,0.081199892075000696,0.065308137249729156,0.80428847355372046
4600,1684,1732,0.076416734053475183,0.061825334626914051,0.80905491961550846
4601,1732,1733,0.026160203017814295,0.021324855943040393,0.81516400803613109
4602,1733,1684,0.080228157210240708,0.065399034776721501,0.81516311792306317
4603,1733,1734,0.026162445790683626,0.021683619287872345,0.82880704125888038
4604,1734,1686,0.073918570362511246,0.061822785883975905,0.83636338718112069
4605,1686,1733,0.079048211024119852,0.065515663128035168,0.8288063990220409
4606,1734,1735,0.026160528930178329,0.022111860946103897,0.84523753342754626
4607,1735,1686,0.077681889058516432,0.065659597420605731,0.84523687845883211
4608,1687,1735,0.072377120388458366,0.061824855048006132,0.85420440487523241
4609,1735,1736,0.026159225638633037,0.022613626094991759,0.86446083715853617
4610,1736,1687,0.076151257340205197,0.065829720247205306,0.86446005681969906
4611,1688,1736,0.070668053748198248,0.06182323269301683,0.87483989460503675
4612,1736,1737,0.026163055587999626,0.023192672574763883,0.88646650987516207
4613,1737,1688,0.074487555879477807,0.066030743758269325,0.88646677929811857
4614,1689,1737,0.068826037869593196,0.061822847157030916,0.89824794613585868
4615,1737,1738,0.026160097743354146,0.023837327584024692,0.91120942352290935
4616,1738,1689,0.07271416607200358,0.066257835588034192,0.91120945432316236
4617,1690,1738,0.066879619109972449,0.061820692309488001,0.92435772111432213
4618,1738,1739,0.026162757227117164,0.024556259984556718,0.93859602684019316
4619,1739,1690,0.070871133078160231,0.066519346532210852,0.93859578142838485
4620,1691,1739,0.064864849354486373,0.061819620625907803,0.9530527125417898
4621,1739,1740,0.026159520446462636,0.02533465983547134,0.96846805304862404
4622,1740,1691,0.068984135791403819,0.066808883313447059,0.96846735190632305
4623,1692,1740,0.062814719943182329,0.061817998089742157,0.98413235218844031
4624,1740,1741,0.026162035199577448,0.026177297480070538,1.000583375122641
4625,1741,1692,0.067092826202204039,0.06713198917789405,1.0005837133104512
4626,1693,1741,0.060765774676060869,0.061817600430307346,1.0173095095035602
4627,1741,1742,0.026160285509270263,0.02706529252126472,1.0345946917006603
4628,1742,1693,0.065225339652061828,0.067481774769111769,1.0345944556070796
4629,1694,1742,0.05875169715815217,0.061816992208973742,1.0521737277234764
4630,1742,1743,0.026162484166212745,0.027994567278207514,1.070027108295809
4631,1743,1694,0.063418620694463149,0.067859669118362193,1.0700275151882446
4632,1695,1743,0.056807154769512661,0.06181662413453564,1.0881837751837462
4633,1743,1744,0.026160795360328466,0.028940663669427779,1.1062608483729377
4634,1744,1695,0.061698917931879808,0.068255093200123115,1.1062607820040185
4635,1696,1744,0.054963262512803798,0.061813807706941774,1.1246386200699445
4636,1744,1745,0.026161321026319323,0.029889895541211731,1.1425224097491604
4637,1745,1696,0.060095685120831598,0.068660695485248932,1.142522884083875
4638,1697,1745,0.053255380028359819,0.061813054249850549,1.1606912619332272
4639,1745,1746,0.026160064180819197,0.030813665280169444,1.1778895138476881
4640,1746,1697,0.058636754582617003,0.069067630012106584,1.1778897127533356
4641,1698,1746,0.051712053665673885,0.06181367066184746,1.1953435665402505
4642,1746,1747,0.026162445790683626,0.031690753379937951,1.2113069868728763
4643,1747,1698,0.057345632416544862,0.069463209850411434,1.2113077652688073
4644,1699,1747,0.050356000336915965,0.061811244920855747,1.2274851955535862
4645,1747,1748,0.026160546360985592,0.032481758733870915,1.2416315120357131
4646,1748,1699,0.056238434447966196,0.069827458665542949,1.2416323347363056
4647,1700,1748,0.049215766363967128,0.06181215513291121,1.2559421441452228
4648,1748,1749,0.026162531256426539,0.033166163998627714,1.2676970616320165
4649,1749,1700,0.055334923964825117,0.070147945780242707,1.2676975182044854
4650,1701,1749,0.048307747295208904,0.061812780462045976,1.2795624702660577
4651,1749,1750,0.026159826795373192,0.033704249294916742,1.2883972649573472
4652,1750,1701,0.054645053832745344,0.070404538497703659,1.2883972758667985
4653,1702,1750,0.047647154495101277,0.061812247849599884,1.2972914858106575
4654,1750,1751,0.026160599953000081,0.034081600993790526,1.3027836156288941
4655,1751,1702,0.054179559976947747,0.070584156799359241,1.3027820238737875
4656,1703,1751,0.047244754364506869,0.061810095271783307,1.3082954097909081
4657,1751,1752,0.026162061344278606,0.034276534734021598,1.3101618516584341
4658,1752,1703,0.053946780205161991,0.070678906029902261,1.3101598605349061
4659,1752,1753,0.026162061344278606,0.034276534734053593,1.3101618516596569
4660,1753,1705,0.047244754364506869,0.061810095272097368,1.3082954097975557
4661,1705,1752,0.053946780205161991,0.070678906030195415,1.3101598605403402
4662,1753,1754,0.026160599953000081,0.034081600993863682,1.3027836156316908
4663,1754,1706,0.047647154495101277,0.061812247850388753,1.297291485827214
4664,1706,1753,0.054179559976947747,0.070584156800240314,1.3027820238900496
4665,1754,1755,0.026159826795373192,0.033704249294918116,1.2883972649573996
4666,1755,1707,0.048307747295208904,0.061812780461321271,1.279562470251056
4667,1707,1754,0.054645053832745344,0.070404538497046171,1.2883972758547666
4668,1755,1756,0.026162531256426539,0.033166163998547681,1.2676970616289576
4669,1756,1708,0.049215766363967128,0.061812155132594887,1.2559421441387955
4670,1708,1755,0.055334923964825117,0.070147945779888504,1.2676975181980843
4671,1756,1757,0.026160546360985592,0.032481758733798376,1.2416315120329404
4672,1757,1709,0.050356000336915965,0.061811244920706845,1.2274851955506292
4673,1709,1756,0.056238434447966196,0.069827458665357417,1.2416323347330067
4674,1757,1758,0.026162445790683626,0.031690753379877111,1.2113069868705508
4675,1758,1710,0.051712053665673885,0.061813670661719902,1.1953435665377838
4676,1710,1757,0.057345632416544862,0.069463209850263538,1.2113077652662283
4677,1758,1759,0.026160064180819197,0.030813665280108905,1.177889513845374
4678,1759,1711,0.053255380028359819,0.061813054249653283,1.1606912619295231
4679,1711,1758,0.058636754582617003,0.069067630011893769,1.1778897127497063
4680,1759,1760,0.026161321026319323,0.029889895541147699,1.1425224097467128
4681,1760,1712,0.054963262512803798,0.061813807706703118,1.1246386200656024
4682,1712,1759,0.060095685120831598,0.068660695484988474,1.1425228840795409
4683,1760,1761,0.026160795360328466,0.028940663669365759,1.1062608483705669
4684,1761,1713,0.056807154769512661,0.061816624134294063,1.0881837751794936
4685,1713,1760,0.061698917931879808,0.068255093199851832,1.1062607819996215
4686,1761,1762,0.026162484166212745,0.027994567278155282,1.0700271082938126
4687,1762,1714,0.05875169715815217,0.061816992208759643,1.0521737277198322
4688,1714,1761,0.063418620694463149,0.06785966911811285,1.070027515184313
4689,1762,1763,0.026160285509270263,0.027065292521228797,1.0345946916992872
4690,1763,1715,0.060765774676060869,0.061817600430146835,1.0173095095009188
4691,1715,1762,0.065225339652061828,0.06748177476891444,1.0345944556040543
4692,1763,1764,0.026162035199577448,0.026177297480054495,1.0005833751220277
4693,1764,1716,0.062814719943182329,0.061817998089665663,0.9841323521872225
4694,1716,1763,0.067092826202204039,0.067131989177785067,1.0005837133088267
4695,1764,1765,0.026159520446462636,0.025334659835499131,0.96846805304968631
4696,1765,1717,0.064864849354486373,0.061819620626022427,0.95305271254355695
4697,1717,1764,0.068984135791403819,0.066808883313482517,0.96846735190683708
4698,1765,1766,0.026162757227117164,0.024556259984626773,0.9385960268428708
4699,1766,1718,0.066879619109972449,0.061820692309823462,0.924357721119338
4700,1718,1765,0.070871133078160231,0.066519346532543044,0.9385957814330721
4701,1766,1767,0.026160097743354146,0.023837327584105169,0.91120942352598566
4702,1767,1719,0.068826037869593196,0.061822847157182205,0.89824794613805681
4703,1719,1766,0.07271416607200358,0.066257835588190317,0.91120945432530953
4704,1767,1768,0.026163055587999626,0.023192672574847424,0.88646650987835507
4705,1768,1720,0.070668053748198248,0.061823232693605193,0.87483989461336253
4706,1720,1767,0.074487555879477807,0.066030743758888816,0.88646677930643525
4707,1768,1769,0.026159225638633037,0.022613626095056866,0.86446083716102506
4708,1769,1721,0.072377120388458366,0.061824855047511715,0.85420440486840132
4709,1721,1768,0.076151257340205197,0.065829720246735349,0.86446005681352767
4710,1769,1770,0.026160528930178329,0.02211186094614738,0.84523753342920849
4711,1770,1722,0.073918570362511246,0.061822785884011217,0.83636338718159842
4712,1722,1769,0.077681889058516432,0.065659597420646823,0.84523687845936102
4713,1770,1771,0.026162445790683626,0.021683619287898855,0.82880704125989368
4714,1771,1722,0.079048211024119852,0.065515663128027424,0.82880639902194286
4715,1771,1772,0.026160203017814295,0.021324855942985377,0.81516400803402811
4716,1772,1724,0.076416734053475183,0.061825334628229547,0.80905491963272325
4717,1724,1771,0.080228157210240708,0.065399034778316642,0.81516311794294583
4718,1772,1773,0.026162531256426588,0.021042215954925968,0.8042882299378864
4719,1773,1725,0.077325445344778879,0.0618254819750561,0.79954899321159412
4720,1725,1772,0.081199892075000696,0.065308137252756027,0.80428847359099731
4721,1773,1774,0.026160636878675151,0.020827958292827749,0.79615639288222617
4722,1774,1725,0.081941937275187671,0.06523861697034071,0.79615663407185777
4723,1726,1774,0.077984161766355878,0.061824191254943005,0.79277881373106396
4724,1774,1775,0.026160599953000119,0.020686477550100797,0.79074935541485758
4725,1775,1726,0.082445932800525271,0.065194099938677377,0.79074974015288257
4726,1775,1728,0.026161896525199218,0.020616914314240481,0.78805121388589727
4727,1680,1775,0.082700432271399643,0.065172134322608072,0.78805070944165556
4728,1776,1777,0.026162015705704273,0.02061701365429144,0.78805142104536618
4729,1777,1729,0.078384653911635557,0.061824023218864148,0.78872611070732657
4730,1729,1776,0.082698597003511579,0.065170694462411097,0.78805078712089627
4731,1777,1778,0.02616054674323999,0.020686464777116841,0.79075047552140021
4732,1778,1729,0.082445369351428432,0.06519366257603923,0.79074983942575661
4733,1778,1779,0.026160658361290348,0.020827996682702559,0.79615720656027245
4734,1779,1731,0.077322850635458754,0.061823413996597187,0.79954907881068438
4735,1731,1778,0.081941801569439768,0.065238529091626321,0.79615688015281638
4736,1779,1780,0.026161451294443128,0.021041325768917082,0.80428740485763506
4737,1780,1732,0.076415434015054087,0.061824261563010158,0.80905464138083127
4738,1732,1779,0.081197520883285759,0.065306237121661059,0.80428855969054758
4739,1780,1781,0.026161499533237594,0.021325883859716371,0.81516290121758184
4740,1781,1733,0.075273969613892475,0.061823895744130518,0.82131839281557395
4741,1733,1780,0.080228916041296769,0.06539963085681455,0.81516283758777142
4742,1781,1782,0.026161662825865621,0.021682960325260032,0.82880665764954486
4743,1782,1734,0.073921506747098187,0.061825256235044528,0.83636358288207513
4744,1734,1781,0.079049119754049088,0.065516472171543022,0.82880710595372709
4745,1782,1783,0.026160710576968109,0.022111997137981877,0.84523687049423191
4746,1783,1735,0.072375369568107764,0.061823400248199468,0.85420496803158263
4747,1735,1782,0.077680991522488099,0.065658854153588936,0.84523707623609778
4748,1783,1784,0.026161599297815447,0.02261571350609666,0.86446219318041173
4749,1784,1736,0.070668528189383933,0.061823740990399813,0.8748412139661228
4750,1736,1783,0.076151757631557238,0.065830196129326987,0.86446062673735313
4751,1784,1785,0.026160567461420901,0.023190506180855483,0.88646801010928455
4752,1785,1737,0.068824031742239819,0.061821035669418614,0.89824780827939765
4753,1737,1784,0.07448546336959927,0.066028988397079103,0.88646811619390931
4754,1785,1786,0.026160653621355411,0.02383783340267662,0.91120939666497358
4755,1786,1737,0.072714287726136417,0.066257950177018604,0.91120950571042791
4756,1786,1787,0.026161658009665103,0.024555214863958976,0.93859551466070512
4757,1787,1739,0.064865553336404522,0.061820297003392609,0.95305279649402419
4758,1739,1786,0.070871009276075855,0.066519253724454705,0.93859611149787614
4759,1787,1788,0.026161310552856285,0.025336389824499341,0.9684679126953416
4760,1788,1740,0.062816129435556506,0.061819394673267566,0.98413250273066422
4761,1740,1787,0.068985595471613648,0.066810302851240802,0.96846743721639772
4762,1788,1789,0.0261613105528564,0.026176585605260656,1.000583879480097
4763,1789,1741,0.060765323500062279,0.061817156361296428,1.0173097549827588
4764,1741,1788,0.067092495227621049,0.067131668279212284,1.0005838663692315
4765,1789,1790,0.026161658009664992,0.027066735345043138,1.0345955648164111
4766,1790,1742,0.0587513374743849,0.061816641610855906,1.0521742017840436
4767,1742,1789,0.065226038823346849,0.067482514411533717,1.0345947052571769
4768,1790,1791,0.026160653621355411,0.027992628696569963,1.0700278785740689
4769,1791,1743,0.056806845089849616,0.061816283996279496,1.0881837197349475
4770,1743,1790,0.063417681784922589,0.067858695033279043,1.0700279972928985
4771,1791,1792,0.026160567461420998,0.028940407323051413,1.1062606866510005
4772,1792,1744,0.05496373071372801,0.061814306422427419,1.1246381135294439
4773,1744,1791,0.061699236509892091,0.068255442152503149,1.1062607256340995
4774,1792,1793,0.026161599297815447,0.029890217535353866,1.1425225650424884
4775,1793,1745,0.053255507263980796,0.061813202072921195,1.1606912645958096
4776,1745,1792,0.060096329987956887,0.06866140133538827,1.1425223694882498
4777,1793,1794,0.026160710576968116,0.030814454984836436,1.1778905964414237
4778,1794,1746,0.051711294998711591,0.061812770304762989,1.1953436924428809
4779,1746,1793,0.058636661535246472,0.069067520571004348,1.1778897154553707
4780,1794,1795,0.026161354969484574,0.031689455769502523,1.2113078931296219
4781,1795,1747,0.050356907230182421,0.061812317176414867,1.2274843825072406
4782,1747,1794,0.05734572993027523,0.069463335285953609,1.2113078928529077
4783,1795,1796,0.026161758920348718,0.032483288874165746,1.2416324518952782
4784,1796,1748,0.049215442849193179,0.061811773329618694,1.2559426422113769
4785,1748,1795,0.056237597008628605,0.069826372623029945,1.2416315123193546
4786,1796,1797,0.02616124480693436,0.033164533175482278,1.2676970618267984
4787,1797,1749,0.048306101322560531,0.061810627049573783,1.2795614913494622
4788,1749,1796,0.055334422254862944,0.070147337581929814,1.2676980209324418
4789,1797,1798,0.026160808433301853,0.033705469597261131,1.2883955663371309
4790,1798,1750,0.047646503036180482,0.061811443512146645,1.2972923420048263
4791,1750,1797,0.054643962782446362,0.070403078930251106,1.2883962901912223
4792,1798,1799,0.026160546743240032,0.034081463508099791,1.302781009991947
4793,1799,1751,0.047247604960918163,0.061813829733374986,1.3082955164501053
4794,1751,1798,0.054180861114198231,0.070585898483251114,1.3027828836916344
4795,1799,1800,0.026161985203497131,0.034276351686066846,1.3101586679853732
4796,1800,1751,0.05394723984067025,0.070679545544488409,1.3101605522958351
4797,1800,1801,0.026161985203497131,0.034276351686061073,1.3101586679851527
4798,1801,1753,0.047247604960918163,0.061813829733422282,1.3082955164511063
4799,1753,1800,0.05394723984067025,0.070679545544554384,1.3101605522970581
4800,1801,1802,0.026160546743240032,0.034081463508084844,1.3027810099913757
4801,1802,1753,0.054180861114198231,0.070585898483297924,1.3027828836924984
4802,1754,1802,0.047646503036180482,0.061811443512204932,1.2972923420060496
4803,1802,1803,0.026160808433301853,0.033705469597265399,1.2883955663372939
4804,1803,1754,0.054643962782446362,0.070403078930364432,1.2883962901932962
4805,1755,1803,0.048306101322560531,0.061810627049525814,1.2795614913484692
4806,1803,1804,0.02616124480693436,0.03316453317550451,1.2676970618276482
4807,1804,1755,0.055334422254862944,0.070147337581866767,1.2676980209313022
4808,1756,1804,0.049215442849193179,0.061811773329558943,1.2559426422101627
4809,1804,1805,0.026161758920348718,0.032483288874177611,1.2416324518957318
4810,1805,1756,0.056237597008628605,0.069826372622949703,1.2416315123179278
4811,1757,1805,0.050356907230182421,0.061812317176359169,1.2274843825061346
4812,1805,1806,0.026161354969484574,0.031689455769504403,1.2113078931296937
4813,1806,1757,0.05734572993027523,0.069463335285882416,1.2113078928516663
4814,1758,1806,0.051711294998711591,0.061812770304703682,1.195343692441734
4815,1806,1807,0.026160710576968116,0.030814454984832845,1.1778905964412865
4816,1807,1758,0.058636661535246472,0.069067520570934487,1.1778897154541792
4817,1759,1807,0.053255507263980796,0.061813202072851875,1.160691264594508
4818,1807,1808,0.026161599297815447,0.029890217535349959,1.142522565042339
4819,1808,1759,0.060096329987956887,0.068661401335313829,1.1425223694870112
4820,1760,1808,0.05496373071372801,0.061814306422356219,1.1246381135281485
4821,1808,1809,0.026160567461420998,0.028940407323052749,1.1062606866510516
4822,1809,1760,0.061699236509892091,0.068255442152434079,1.1062607256329799
4823,1761,1809,0.056806845089849616,0.061816283996221071,1.088183719733919
4824,1809,1810,0.026160653621355411,0.027992628696582172,1.0700278785745356
4825,1810,1761,0.063417681784922589,0.067858695033231886,1.0700279972921549
4826,1762,1810,0.0587513374743849,0.061816641610825965,1.052174201783534
4827,1810,1811,0.026161658009664992,0.027066735345071868,1.0345955648175094
4828,1811,1762,0.065226038823346849,0.06748251441152632,1.0345947052570637
4829,1763,1811,0.060765323500062279,0.061817156361309952,1.0173097549829813
4830,1811,1812,0.0261613105528564,0.026176585605312195,1.000583879482067
4831,1812,1763,0.067092495227621049,0.067131668279262702,1.0005838663699831
4832,1812,1813,0.026161310552856285,0.025336389824556584,0.96846791269752974
4833,1813,1765,0.064865553336404522,0.061820297003529763,0.95305279649613861
4834,1765,1812,0.068984985922330447,0.066809787806879628,0.96846852853025356
4835,1813,1814,0.026161658009665103,0.024555214864025163,0.9385955146632351
4836,1814,1765,0.070871009276075855,0.066519253724647412,0.93859611150059519
4837,1814,1815,0.026160653621355411,0.02383783340277465,0.91120939666872081
4838,1815,1767,0.068824031742239819,0.061821035669675707,0.89824780828313322
4839,1767,1814,0.072714287726136417,0.066257950177245242,0.91120950571354475
4840,1815,1816,0.026160567461420901,0.023190506180991121,0.88646801011446941
4841,1816,1767,0.07448546336959927,0.066028988397419622,0.88646811619848098
4842,1768,1816,0.070668528189383933,0.061823740990726989,0.87484121397075254
4843,1816,1817,0.026161599297815447,0.022615713506285644,0.8644621931876354
4844,1817,1768,0.076151757631557238,0.065830196129774726,0.86446062674323276
4845,1769,1817,0.072375369568107764,0.061823400248566918,0.85420496803665957
4846,1817,1818,0.026160710576968109,0.022111997138255582,0.84523687050469443
4847,1818,1769,0.077680991522488099,0.065658854154144144,0.84523707624324507
4848,1770,1818,0.073921506747098187,0.061825256235563938,0.83636358288910162
4849,1818,1819,0.026161662825865621,0.02168296032567198,0.82880665766529116
4850,1819,1770,0.079049119754049088,0.065516472172362603,0.82880710596409501
4851,1771,1819,0.075273969613892475,0.061823895744861294,0.82131839282528218
4852,1819,1820,0.026161499533237594,0.021325883860351672,0.81516290124186563
4853,1820,1771,0.080228916041296769,0.065399630858024652,0.81516283760285457
4854,1772,1820,0.076415434015054087,0.061824261563961626,0.80905464139328254
4855,1820,1821,0.026161451294443128,0.021041325769915499,0.80428740489579875
4856,1821,1772,0.081197520883285759,0.065306237123382987,0.80428855971175417
4857,1773,1821,0.077322850635458754,0.061823413997693442,0.79954907882486204
4858,1821,1822,0.026160658361290348,0.020827996684301176,0.79615720662138012
4859,1822,1773,0.081941801569439768,0.065238529093978703,0.79615688018152442
4860,1822,1823,0.02616054674323999,0.020686464779727895,0.79075047562120915
4861,1823,1775,0.078384653911635557,0.061824023219143015,0.78872611071088428
4862,1775,1822,0.082445369351428432,0.065193662574303077,0.79074983940469845
4863,1823,1776,0.026162015705704273,0.020617013655913608,0.78805142110737081
4864,1776,1728,0.078518162817369411,0.061823403462136356,0.78737710160049845
4865,1728,1823,0.082698706049859821,0.065170868124108244,0.78805184793116501
4866,1824,1825,0.026161997129176332,0.020617024056931433,0.78805237823143692
4867,1825,1777,0.078386032509052406,0.061825184999582873,0.78872706042933094
4868,1777,1824,0.082700057134037178,0.065171950655107669,0.78805206324681731
4869,1825,1826,0.026160472127072325,0.020686411123830087,0.79075068000866189
4870,1826,1778,0.077984386375393067,0.061824406191327196,0.79277928653209306
4871,1778,1825,0.082445255991612829,0.065193651437760861,0.79075079158457606
4872,1826,1827,0.026160512416771305,0.020827864772986236,0.79615660584819625
4873,1827,1779,0.077325828037442867,0.061825781998099856,0.79954891615467027
4874,1779,1826,0.081942990939688057,0.065239493558361283,0.7961570942215066
4875,1827,1828,0.026161680255917402,0.02104149066433178,0.80428666884163502
4876,1828,1779,0.081200076902334301,0.065308179422365595,0.80428716220203667
4877,1780,1828,0.076416242197039935,0.061824808002751551,0.80905323561103348
4878,1828,1829,0.026161312081829247,0.021325712374077498,0.81516218710183153
4879,1829,1780,0.080228931596759714,0.065399611080490375,0.81516243303845437
4880,1781,1829,0.07527641509038327,0.061825873575968762,0.82131798521137545
4881,1829,1830,0.026161275462902287,0.021682605176529288,0.82880535420668122
4882,1830,1781,0.079050341236386559,0.065517383697713302,0.82880583022146281
4883,1830,1831,0.026161066451176829,0.022112258361574409,0.8452353577726458
4884,1831,1783,0.072374681320717199,0.061822748370942204,0.85420408411864723
4885,1783,1830,0.077681715169927446,0.065659384274617025,0.84523602666326592
4886,1831,1832,0.026160503624906704,0.022614712939295473,0.86446015197370363
4887,1832,1784,0.070666116555140671,0.061821646164314119,0.87484142582074365
4888,1784,1831,0.076150790820613462,0.06582942755003203,0.86446150907486685
4889,1832,1833,0.026163346071882324,0.023192951640616372,0.88646733399065392
4890,1833,1785,0.068826158637546903,0.06182298865172646,0.89824842582453834
4891,1785,1832,0.074485791727736367,0.066029167916243053,0.8864666184605472
4892,1833,1834,0.026161035871413406,0.023838231209348092,0.91121128867058809
4893,1834,1785,0.07271668578102336,0.066260211475062378,0.91121055316789601
4894,1834,1835,0.026160329851187322,0.024554008718058403,0.93859706118896613
4895,1835,1787,0.064864220383099594,0.061819010717882102,0.95305255120262078
4896,1787,1834,0.070870404570195222,0.066518728276942343,0.93859670592196687
4897,1835,1836,0.026161490588808584,0.02533658359020002,0.96846865449778907
4898,1836,1788,0.062814807438400261,0.061818147954290345,0.98413336719869282
4899,1788,1835,0.068984226826625195,0.066809035451473875,0.96846827926885193
4900,1836,1837,0.026161490588808584,0.026176787298122881,1.000584703278369
4901,1837,1789,0.060765394494348306,0.061817256338856263,1.0173102117292399
4902,1789,1836,0.067092079800488966,0.067131279498881619,1.0005842671520875
4903,1837,1838,0.026160636649323301,0.027065684069875189,1.0345957719868908
4904,1838,1790,0.058750888938901721,0.061816206465671722,1.0521748280261392
4905,1790,1837,0.065225733178300535,0.067482283671767576,1.0345960157672518
4906,1838,1839,0.026161035871413406,0.027993027888473673,1.0700275029652826
4907,1839,1791,0.056805417816567214,0.061814716869099194,1.0881834734269136
4908,1791,1838,0.063416629863006224,0.067857545929450439,1.0700276264449493
4909,1839,1840,0.026161293810596519,0.028941215788835378,1.1062608752596503
4910,1840,1792,0.054963888526415094,0.061814499398516042,1.124638395422271
4911,1792,1839,0.061698466059146875,0.068254579551422931,1.1062605589900902
4912,1840,1841,0.026160503624906795,0.029888967787601355,1.1425226446766406
4913,1841,1793,0.053255323733635916,0.061812986267398777,1.1606912123295923
4914,1793,1840,0.060096192109377652,0.068661275187703902,1.1425228916790173
4915,1841,1842,0.026161301684811417,0.030815148923395007,1.1778905076915762
4916,1842,1794,0.051711498744582349,0.061813068789272375,1.1953447548403988
4917,1794,1841,0.05863660975882308,0.069067496310396534,1.1778903417928919
4918,1842,1843,0.026161275462902214,0.031689364938769816,1.2113081024549688
4919,1843,1795,0.050357513100769281,0.061813062863100926,1.2274844220247374
4920,1795,1842,0.057345498875477081,0.069463065206769745,1.2113080637349647
4921,1843,1844,0.026161312081829306,0.032482733609284144,1.2416324344773773
4922,1844,1796,0.049215724426234238,0.061812170906159938,1.2559435348514594
4923,1796,1843,0.056238441987281902,0.069827476847505648,1.2416324915846149
4924,1844,1845,0.026161680255917405,0.033165077414331223,1.2676967645008101
4925,1845,1797,0.048308100156026199,0.06181312625908323,1.2795602820114702
4926,1797,1844,0.055335208774738333,0.070148278352931207,1.2676970035207555
4927,1845,1846,0.026160512416771271,0.033705091436105145,1.2883956896233084
4928,1846,1798,0.047647580247236559,0.061812823811206043,1.2972919818901198
4929,1798,1845,0.054645135120793643,0.070404536536986292,1.2883953234145424
4930,1846,1847,0.026160472127072305,0.034081383618433825,1.3027816720159466
4931,1847,1799,0.047245934119127482,0.061811568720472478,1.308293927782626
4932,1799,1846,0.054180352113676451,0.070585153911234544,1.3027813802896477
4933,1847,1848,0.026162126400132209,0.034276553951537905,1.3101593283092114
4934,1848,1800,0.047112969619132035,0.061813475343174079,1.3120267273084891
4935,1800,1847,0.053948310689462931,0.070680862700229524,1.3101589613636366
4936,1848,1849,0.026162126400132209,0.034276553951487078,1.3101593283072688
4937,1849,1800,0.053948310689462931,0.070680862700124733,1.3101589613616942
4938,1801,1849,0.047245934119127482,0.06181156872037042,1.3082939277804659
4939,1849,1850,0.026160472127072305,0.03408138361823658,1.3027816720084069
4940,1850,1801,0.054180352113676451,0.070585153910918824,1.3027813802838206
4941,1802,1850,0.047647580247236559,0.061812823810923262,1.297291981884185
4942,1850,1851,0.026160512416771271,0.03370509143611624,1.2883956896237325
4943,1851,1802,0.054645135120793643,0.070404536537293519,1.2883953234201646
4944,1803,1851,0.048308100156026199,0.061813126259394169,1.2795602820179068
4945,1851,1852,0.026161680255917405,0.033165077414551637,1.2676967645092354
4946,1852,1803,0.055335208774738333,0.070148278353100169,1.2676970035238091
4947,1804,1852,0.049215724426234238,0.061812170906301242,1.2559435348543304
4948,1852,1853,0.026161312081829306,0.032482733609381149,1.2416324344810852
4949,1853,1804,0.056238441987281902,0.069827476847592801,1.2416324915861645
4950,1805,1853,0.050357513100769281,0.061813062863166804,1.2274844220260457
4951,1853,1854,0.026161275462902214,0.031689364938819457,1.2113081024568664
4952,1854,1805,0.057345498875477081,0.069463065206817262,1.2113080637357934
4953,1806,1854,0.051711498744582349,0.061813068789307007,1.1953447548410685
4954,1854,1855,0.026161301684811417,0.03081514892342866,1.1778905076928625
4955,1855,1806,0.05863660975882308,0.069067496310428828,1.1778903417934425
4956,1807,1855,0.053255323733635916,0.061812986267424479,1.1606912123300748
4957,1855,1856,0.026160503624906795,0.029888967787632687,1.1425226446778383
4958,1856,1807,0.060096192109377652,0.068661275187735779,1.1425228916795478
4959,1808,1856,0.054963888526415094,0.061814499398547051,1.1246383954228352
4960,1856,1857,0.026161293810596519,0.028941215788870722,1.1062608752610013
4961,1857,1808,0.061698466059146875,0.068254579551465661,1.1062605589907828
4962,1809,1857,0.056805417816567214,0.061814716869146531,1.0881834734277469
4963,1857,1858,0.026161035871413406,0.027993027888515893,1.0700275029668964
4964,1858,1809,0.063416629863006224,0.06785754592951343,1.0700276264459425
4965,1810,1858,0.058750888938901721,0.06181620646574458,1.0521748280273793
4966,1858,1859,0.026160636649323301,0.027065684069924954,1.034595771988793
4967,1859,1810,0.065225733178300535,0.067482283671858462,1.0345960157686451
4968,1811,1859,0.060765394494348306,0.061817256338962692,1.0173102117309913
4969,1859,1860,0.026161490588808584,0.026176787298178926,1.0005847032805113
4970,1860,1811,0.067092079800488966,0.067131279499006213,1.0005842671539444
4971,1812,1860,0.062814807438400261,0.061818147954437998,0.98413336720104339
4972,1860,1861,0.026161490588808584,0.025336583590258758,0.96846865450003428
4973,1861,1812,0.068984226826625195,0.066809035451636314,0.9684682792712066
4974,1813,1861,0.064864220383099594,0.061819010718017431,0.95305255120470711
4975,1861,1862,0.026160329851187322,0.024554008718116891,0.9385970611912019
4976,1862,1813,0.070870404570195222,0.066518728277089337,0.93859670592404099
4977,1862,1863,0.026161035871413406,0.023838231209404131,0.91121128867273016
4978,1863,1815,0.068826158637546903,0.061822988651947443,0.89824842582774911
4979,1815,1862,0.07271668578102336,0.066260211475302686,0.91121055317120081
4980,1863,1864,0.026163346071882324,0.023192951640666426,0.88646733399256705
4981,1864,1815,0.074485791727736367,0.066029167916469803,0.88646661846359132
4982,1816,1864,0.070666116555140671,0.061821646164588136,0.87484142582462121
4983,1864,1865,0.026160503624906704,0.022614712939336423,0.86446015197526893
4984,1865,1816,0.076150790820613462,0.065829427550310182,0.86446150907851949
4985,1817,1865,0.072374681320717199,0.061822748371296733,0.85420408412354576
4986,1865,1866,0.026161066451176829,0.022112258361605817,0.8452353577738464
4987,1866,1817,0.077681715169927446,0.065659384274981539,0.84523602666795838
4988,1866,1867,0.026161275462902287,0.021682605176557335,0.82880535420775325
4989,1867,1819,0.07527641509038327,0.061825873576724817,0.82131798522141908
4990,1819,1866,0.079050341236386559,0.065517383698510803,0.82880583023155141
4991,1867,1868,0.026161312081829247,0.021325712374123,0.8151621871035708
4992,1868,1820,0.076416242197039935,0.061824808003969195,0.80905323562696785
4993,1820,1867,0.080228931596759714,0.065399611081727177,0.81516243305387026
4994,1868,1869,0.026161680255917402,0.021041490664446813,0.80428666884603206
4995,1869,1821,0.077325828037442867,0.061825782000153838,0.79954891618123292
4996,1821,1868,0.081200076902334301,0.065308179424368756,0.80428716222670604
4997,1869,1870,0.026160512416771305,0.020827864773287293,0.79615660585970438
4998,1870,1821,0.081942990939688057,0.065239493560948672,0.79615709425308201
4999,1822,1870,0.077984386375393067,0.061824406194912127,0.79277928657806296
5000,1870,1871,0.026160472127072325,0.020686411124236519,0.79075068002419802
5001,1871,1822,0.082445255991612829,0.065193651441459985,0.79075079162944373
5002,1823,1871,0.078386032509052406,0.061825185005016194,0.78872706049864583
5003,1871,1824,0.026161997129176332,0.020617024057121135,0.78805237823868801
5004,1824,1823,0.082700057134037178,0.065171950660235456,0.78805206330882194
5005,1824,1872,0.078518328893159101,0.061823506529362408,0.78737674885422548
5006,1872,1873,0.026162016393723571,0.020616982370751533,0.78805020455906727
5007,1873,1824,0.082700031789471148,0.065171877087560129,0.78805141518527688
5008,1873,1874,0.026160650639782988,0.020686521618762523,0.79074950786216858
5009,1874,1826,0.077984480624824964,0.061824456096194587,0.7927789683389117
5010,1826,1873,0.082445599199923433,0.06519383396028039,0.79074971366501923
5011,1874,1875,0.02616061875987221,0.020827954523255268,0.7961568002054783
5012,1875,1826,0.081941978645870134,0.06523868050041283,0.79615700741564721
5013,1875,1876,0.026162224480508138,0.021041968754666147,0.80428821220241509
5014,1876,1828,0.076415419253659758,0.061824210997664102,0.8090541359517982
5015,1828,1875,0.081198249768127576,0.065306702761319113,0.80428707450974757
5016,1876,1877,0.026160087575210222,0.021324744122366492,0.81516333082058223
5017,1877,1829,0.075273765559330533,0.061823661251091143,0.82131750406935522
5018,1829,1876,0.080227395056436987,0.065398431327963691,0.81516334017773262
5019,1877,1878,0.026161768934948391,0.021683025424776927,0.82880578445181119
5020,1878,1830,0.073918290486874677,0.061822442195351532,0.83636190431553681
5021,1830,1877,0.079048463223845691,0.065515788809686296,0.82880534469293587
5022,1878,1879,0.02616158393180178,0.022112729075433251,0.84523663143167804
5023,1879,1831,0.072375519010826381,0.061823475360946865,0.85420424206835632
5024,1831,1878,0.077680772781749646,0.065658570612241673,0.84523580624918193
5025,1879,1880,0.02616006899731315,0.02261437029094664,0.8644614161097709
5026,1880,1831,0.07615246896986784,0.065830806896983396,0.86446057215861849
5027,1880,1881,0.026162595087993328,0.023192288380775392,0.88646742812676549
5028,1881,1833,0.068825066836399704,0.061822034359422601,0.89824880964338727
5029,1833,1880,0.074487132640453715,0.066030441983545754,0.88646776487251755
5030,1881,1882,0.026160369835299846,0.02383759289846615,0.91121008795145453
5031,1882,1834,0.066879661574249502,0.06182085782470248,0.92435960902806358
5032,1834,1881,0.07271415526257155,0.066257933951747769,0.91121094252542301
5033,1882,1883,0.026161695163189239,0.02455526713075231,0.93859617955119168
5034,1883,1835,0.064865552318916928,0.061820303431337355,0.95305291054013763
5035,1835,1882,0.07087177028719964,0.066519972927390592,0.9385961809310831
5036,1883,1884,0.026160519068005983,0.025335627647798353,0.96846807901390375
5037,1884,1836,0.062815457567354224,0.061818775076196021,0.98413316515143578
5038,1836,1883,0.068985275375560567,0.066810076724906756,0.96846865307398022
5039,1884,1885,0.026162508628672042,0.026177791130060749,1.0005841374619542
5040,1885,1836,0.067092587368867279,0.067131818454973832,1.0005847305588449
5041,1837,1885,0.060765127730502473,0.061817013586952956,1.0173106828823872
5042,1885,1886,0.026159893538745187,0.027064901062868497,1.0345952296320668
5043,1886,1837,0.065226148503207362,0.067482660248807808,1.0345952014243105
5044,1838,1886,0.0587512535614724,0.06181654145578231,1.0521739998467037
5045,1886,1887,0.02616225788738008,0.027994318359418915,1.0700268485971376
5046,1887,1838,0.063418344403199142,0.067859368628330655,1.0700274386997004
5047,1839,1887,0.056805613219823511,0.061814918657749712,1.0881832824960702
5048,1887,1888,0.026160806904299418,0.028940660931543429,1.1062602555576049
5049,1888,1839,0.061697313995612096,0.068253290447279069,1.1062603219993212
5050,1840,1888,0.054962911295814057,0.061813387125367852,1.124638154494475
5051,1888,1889,0.026161726812446124,0.029890349101078236,1.1425220252226724
5052,1889,1840,0.060096811112831293,0.068661964681100682,1.1425225966181196
5053,1841,1889,0.053256912130828761,0.061814813942146454,1.1606909125766567
5054,1889,1890,0.026159966856869488,0.03081355034075757,1.1778895022822276
5055,1890,1841,0.058637322141093462,0.069068289097190372,1.1778895518284047
5056,1842,1890,0.05171040342704173,0.061811718052491804,1.195343953169927
5057,1890,1891,0.026161872367955624,0.031690042569457622,1.2113063669048847
5058,1891,1842,0.057344887630777934,0.069462283865546134,1.2113073498859661
5059,1843,1891,0.050356914498289704,0.061812291660593578,1.2274836986426747
5060,1891,1892,0.026161195268037455,0.032482538243401596,1.2416305107850814
5061,1892,1843,0.056238258020577941,0.069827180414416656,1.241631282193457
5062,1844,1892,0.049215025743223582,0.061811233193503429,1.2559423115208717
5063,1892,1893,0.026161342661269855,0.033164598361832144,1.267694811815991
5064,1893,1844,0.055334117417123636,0.070146838665140238,1.267695988287918
5065,1893,1894,0.026160618759872176,0.033705171518843433,1.2883935134800351
5066,1894,1846,0.047646199424737141,0.061810983496236975,1.2972909537910742
5067,1846,1893,0.054644138977015484,0.070403230013119503,1.288394900736429
5068,1894,1895,0.026160650639783008,0.034081554579137259,1.3027793172433095
5069,1895,1846,0.054179398218538531,0.070583875419738942,1.3027807199893797
5070,1895,1896,0.026162006073432168,0.034276345649333483,1.3101573921023404
5071,1896,1848,0.04711060010954065,0.061810337617824063,1.3120261145921273
5072,1848,1895,0.053946424706034064,0.070678359908268582,1.3101583708913151
5073,1896,1897,0.026162006073432168,0.034276345649388265,1.3101573921044345
5074,1897,1848,0.053946424706034064,0.070678359908381547,1.310158370893409
5075,1897,1898,0.026160650639783008,0.034081554579344815,1.3027793172512436
5076,1898,1850,0.047646199424737141,0.061810983496248542,1.2972909537913169
5077,1850,1897,0.054179398218538531,0.070583875419547915,1.3027807199858539
5078,1898,1899,0.026160618759872176,0.033705171518846139,1.2883935134801385
5079,1899,1851,0.0483068197346644,0.061811438381160627,1.2795592572782322
5080,1851,1898,0.054644681282326649,0.070403896019401696,1.2883943023778224
5081,1899,1900,0.026161342661269855,0.033164598361629362,1.2676948118082396
5082,1900,1852,0.049215025743223582,0.061811233193522531,1.2559423115212598
5083,1852,1899,0.055334117417123636,0.070146838664971942,1.2676959882848764
5084,1900,1901,0.026161195268037455,0.03248253824333,1.2416305107823444
5085,1901,1853,0.050356914498289704,0.061812291660622812,1.2274836986432553
5086,1853,1900,0.056238258020577941,0.069827180414365767,1.2416312821925521
5087,1901,1902,0.026161872367955624,0.031690042569445402,1.2113063669044177
5088,1902,1854,0.05171040342704173,0.061811718052535575,1.1953439531707735
5089,1854,1901,0.057344887630777934,0.069462283865552463,1.2113073498860765
5090,1902,1903,0.026159966856869488,0.030813550340776628,1.1778895022829561
5091,1903,1855,0.053256912130828761,0.061814813942208433,1.1606909125778204
5092,1855,1902,0.058637322141093462,0.069068289097232879,1.1778895518291297
5093,1903,1904,0.026161726812446124,0.029890349101117122,1.1425220252241588
5094,1904,1856,0.054962911295814057,0.061813387125451091,1.1246381544959894
5095,1856,1903,0.060096811112831293,0.068661964681172874,1.1425225966193211
5096,1904,1905,0.026160806904299418,0.028940660931596945,1.1062602555596506
5097,1905,1857,0.056805613219823511,0.06181491865785628,1.0881832824979463
5098,1857,1904,0.061697313995612096,0.068253290447379461,1.1062603220009484
5099,1905,1906,0.02616225788738008,0.027994318359483919,1.0700268485996223
5100,1906,1858,0.0587512535614724,0.061816541455912519,1.0521739998489199
5101,1858,1905,0.063418344403199142,0.067859368628458663,1.0700274387017188
5102,1906,1907,0.026159893538745187,0.02706490106294196,1.034595229634875
5103,1907,1859,0.060765127730502473,0.06181701358710421,1.0173106828848764
5104,1859,1906,0.065226148503207362,0.067482660248961282,1.0345952014266635
5105,1907,1908,0.026162508628672042,0.026177791130138687,1.0005841374649331
5106,1908,1860,0.062815457567354224,0.06181877507636116,0.98413316515406468
5107,1860,1907,0.067092587368867279,0.067131818455147096,1.0005847305614275
5108,1908,1909,0.026160519068005983,0.025335627647874771,0.96846807901682486
5109,1909,1860,0.068985275375560567,0.06681007672508181,0.96846865307651775
5110,1861,1909,0.064865552318916928,0.061820303431501994,0.95305291054267582
5111,1909,1910,0.026161695163189239,0.02455526713081807,0.93859617955370533
5112,1910,1861,0.07087177028719964,0.06651997292754866,0.93859618093331343
5113,1862,1910,0.066879661574249502,0.06182085782485066,0.92435960903027925
5114,1910,1911,0.026160369835299846,0.023837592898506621,0.91121008795300151
5115,1911,1862,0.07271415526257155,0.066257933951860637,0.91121094252697521
5116,1863,1911,0.068825066836399704,0.0618220343595247,0.89824880964487064
5117,1911,1912,0.026162595087993328,0.023192288380766413,0.88646742812642221
5118,1912,1863,0.074487132640453715,0.066030441983562921,0.88646776487274803
5119,1912,1913,0.02616006899731315,0.022614370290847906,0.86446141610599669
5120,1913,1865,0.072375519010826381,0.061823475360781498,0.85420424206607148
5121,1865,1912,0.07615246896986784,0.065830806896977651,0.86446057215854311
5122,1913,1914,0.02616158393180178,0.022112729075176807,0.84523663142187566
5123,1914,1865,0.077680772781749646,0.065658570611761155,0.84523580624299621
5124,1866,1914,0.073918290486874677,0.061822442194887757,0.8363619043092626
5125,1914,1915,0.026161768934948391,0.021683025424247129,0.82880578443156039
5126,1915,1866,0.079048463223845691,0.065515788808658049,0.82880534467992806
5127,1867,1915,0.075273765559330533,0.061823661250124333,0.82131750405651127
5128,1915,1916,0.026160087575210222,0.021324744121364682,0.81516333078228687
5129,1916,1867,0.080227395056436987,0.065398431326002357,0.81516334015328551
5130,1868,1916,0.076415419253659758,0.061824210995858407,0.80905413592816822
5131,1916,1917,0.026162224480508138,0.021041968752847279,0.80428821213289237
5132,1917,1868,0.081198249768127576,0.065306702757771923,0.80428707446606196
5133,1917,1918,0.02616061875987221,0.020827954522966628,0.7961568001944449
5134,1918,1870,0.077984480624824964,0.061824456099431851,0.79277896838042339
5135,1870,1917,0.081941978645870134,0.065238680497455681,0.79615700737955886
5136,1918,1919,0.026160650639782988,0.020686521619873593,0.7907495079046396
5137,1919,1870,0.082445599199923433,0.065193833961730299,0.79074971368260549
5138,1919,1872,0.026162016393723571,0.020616982370994685,0.78805020456836139
5139,1824,1919,0.082700031789471148,0.065171877088328764,0.78805141519457123
5140,1920,1921,0.026162054846328997,0.020617113553371175,0.78805406052667626
5141,1921,1873,0.078384317187362926,0.06182386655381171,0.78872750024770155
5142,1873,1920,0.082698769654117182,0.065170931648314459,0.78805200997412794
5143,1921,1922,0.026160709353761673,0.020686672288339307,0.79075349252197358
5144,1922,1873,0.08244443059257904,0.065193051794336668,0.79075143494538003
5145,1922,1923,0.026159995832380156,0.020827523140693416,0.79615926830208639
5146,1923,1875,0.077323564831307465,0.061824037884222263,0.7995497623408897
5147,1875,1922,0.081941029750928041,0.065238067039022268,0.79615874046644386
5148,1923,1924,0.026162366363861933,0.021042108777768208,0.80428920247954572
5149,1924,1875,0.081198140480154321,0.065306744352677804,0.80428866925394005
5150,1876,1924,0.076414852220282312,0.061823874821391456,0.80905574014814274
5151,1924,1925,0.026160764397996951,0.021325338420019598,0.81516495831644786
5152,1925,1876,0.080227248298681469,0.065398404351395489,0.81516449508427558
5153,1877,1925,0.075273926066357216,0.0618238806689917,0.82131866769499018
5154,1925,1926,0.0261610653044363,0.021682484540352608,0.82880740092322502
5155,1926,1877,0.079048493078896373,0.065515882522022673,0.82880621717396774
5156,1878,1926,0.073920927942596734,0.061824713145473158,0.83636278475133741
5157,1926,1927,0.026161065304436317,0.02211230043443127,0.84523700304671956
5158,1927,1878,0.077682304443155645,0.065659923916039017,0.84523656174600159
5159,1879,1927,0.072375763927099643,0.061823739829308395,0.85420500558142975
5160,1927,1928,0.026160764397996965,0.022614976651511309,0.86446161539694366
5161,1928,1879,0.076151156409591622,0.065829757111526305,0.86446168666763301
5162,1880,1928,0.070666412395986186,0.061821887373067611,0.87484117669144701
5163,1928,1929,0.026162366363861957,0.023192094984251267,0.88646778589135877
5164,1929,1880,0.07448512056420041,0.066028639242851295,0.88646750844606226
5165,1881,1929,0.068825005695953234,0.061821961556990046,0.89824854980905655
5166,1929,1930,0.026159995832380194,0.023837248609899279,0.91120995441421759
5167,1930,1881,0.07271422908573423,0.066257923367109284,0.91120987185310609
5168,1882,1930,0.066879522219549237,0.061820656371526304,0.92435852290607123
5169,1930,1931,0.02616070935376166,0.02455431296859454,0.93859507540700016
5170,1931,1882,0.070869581627979503,0.066517856087241506,0.93859529799989783
5171,1883,1931,0.064866012715019739,0.06182068405882208,0.95305201400960304
5172,1931,1932,0.026162054846328928,0.025337093560551856,0.96846725952442414
5173,1932,1883,0.068985627130340094,0.066810384003355927,0.96846816913218303
5174,1884,1932,0.062816373926045263,0.061819646004009458,0.98413267338211419
5175,1932,1933,0.026162054846329039,0.026177337515939161,1.0005841540238292
5176,1933,1884,0.067093929349595904,0.067133116291502357,1.0005840609170804
5177,1885,1933,0.060766813671486022,0.061818725669040633,1.0173106327944295
5178,1933,1934,0.02616070935376166,0.027065759817036208,1.0345957921490538
5179,1934,1885,0.065226900680697725,0.067483482141673115,1.0345958712958314
5180,1886,1934,0.058751227179091765,0.061816517945181948,1.0521740721559099
5181,1934,1935,0.026159995832380194,0.027991905418877652,1.0700271360223217
5182,1935,1886,0.063417693043593723,0.06785861037415733,1.0700264723838329
5183,1887,1935,0.056805822247751984,0.061815120672110847,1.0881828345431106
5184,1935,1936,0.026162366363861957,0.028942400181433171,1.1062607938023248
5185,1936,1887,0.061697874535233385,0.06825396365683821,1.1062611827553457
5186,1888,1936,0.054964337000162067,0.061815011421531167,1.1246385346438164
5187,1936,1937,0.026160764397996965,0.029889291203549408,1.1425236185314953
5188,1937,1888,0.060096442906383912,0.068661547862483907,1.1425226609408881
5189,1889,1937,0.053255064003505395,0.061812700631091996,1.1606915095815735
5190,1937,1938,0.026161065304436317,0.030814899707465513,1.1778916243995619
5191,1938,1889,0.058636200662076025,0.069067051216417888,1.1778909690014789
5192,1938,1939,0.0261610653044363,0.031689147049494971,1.2113095044383089
5193,1939,1891,0.050356823348999692,0.061812224510300058,1.2274845869825488
5194,1891,1938,0.05734495598894758,0.069462396794424425,1.2113078752351349
5195,1939,1940,0.026160764397996951,0.032482088848547058,1.241633782345982
5196,1940,1891,0.056237877247063785,0.069826754320737455,1.2416321123568574
5197,1892,1940,0.049215975726998387,0.061812448685354765,1.2559427659877997
5198,1940,1941,0.026162366363861982,0.033165997784779022,1.2676986983330047
5199,1941,1892,0.055334629792234941,0.070147547677452377,1.2676970631381386
5200,1893,1941,0.048307184567333815,0.061811977131444706,1.2795607461926704
5201,1941,1942,0.026159995832380156,0.033704485493268016,1.2883979687622691
5202,1942,1893,0.054644728715942802,0.070404032449391196,1.2883956806770744
5203,1894,1942,0.047646751699773206,0.061811737375875593,1.2972917391170196
5204,1942,1943,0.026160709353761653,0.034081761977730614,1.302784321206871
5205,1943,1894,0.054180128416235041,0.070584903091311255,1.3027821298068487
5206,1943,1944,0.026162054846328997,0.034276548888600107,1.3101627181020041
5207,1944,1896,0.047112300075792674,0.061812639670016767,1.3120276354704543
5208,1896,1943,0.053947718416503629,0.070680154661129216,1.3101602205943674
5209,1944,1945,0.026162054846328997,0.034276548888614727,1.3101627181025628
5210,1945,1896,0.053947718416503629,0.070680154661159358,1.3101602205949263
5211,1945,1946,0.026160709353761653,0.034081761977764767,1.3027843212081764
5212,1946,1898,0.047646751699773206,0.061811737376188801,1.2972917391235932
5213,1898,1945,0.054180128416235041,0.070584903091658407,1.3027821298132563
5214,1946,1947,0.026159995832380156,0.033704485493275545,1.2883979687625569
5215,1947,1899,0.048307184567333815,0.061811977131150254,1.279560746186575
5216,1899,1946,0.054644728715942802,0.070404032449121121,1.2883956806721319
5217,1947,1948,0.026162366363861982,0.033165997784759156,1.2676986983322456
5218,1948,1900,0.049215975726998387,0.061812448685234223,1.2559427659853504
5219,1900,1947,0.055334629792234941,0.070147547677308214,1.2676970631355331
5220,1948,1949,0.026160764397996951,0.032482088848542326,1.241633782345801
5221,1949,1901,0.050356823348999692,0.061812224510275335,1.2274845869820579
5222,1901,1948,0.056237877247063785,0.069826754320685219,1.2416321123559286
5223,1949,1950,0.0261610653044363,0.031689147049513353,1.2113095044390114
5224,1950,1901,0.05734495598894758,0.06946239679442287,1.2113078752351079
5225,1950,1951,0.026161065304436317,0.030814899707506251,1.1778916244011191
5226,1951,1903,0.053255064003505395,0.061812700631175194,1.1606915095831358
5227,1903,1950,0.058636200662076025,0.069067051216485695,1.1778909690026353
5228,1951,1952,0.026160764397996965,0.029889291203610342,1.1425236185338246
5229,1952,1904,0.054964337000162067,0.061815011421654402,1.1246385346460586
5230,1904,1951,0.060096442906383912,0.068661547862596595,1.1425226609427632
5231,1952,1953,0.026162366363861957,0.028942400181512559,1.1062607938053592
5232,1953,1905,0.056805822247751984,0.061815120672271483,1.0881828345459383
5233,1905,1952,0.061697874535233385,0.068253963656991545,1.106261182757831
5234,1953,1954,0.026159995832380194,0.027991905418974474,1.070027136026023
5235,1954,1906,0.058751227179091765,0.061816517945378673,1.0521740721592583
5236,1906,1953,0.063417693043593723,0.067858610374348594,1.0700264723868489
5237,1954,1955,0.02616070935376166,0.027065759817150262,1.0345957921534137
5238,1955,1907,0.060766813671486022,0.061818725669272198,1.0173106327982402
5239,1907,1954,0.065226900680697725,0.067483482141899531,1.0345958712993024
5240,1955,1956,0.026162054846329039,0.026177337516071219,1.0005841540288769
5241,1956,1908,0.062816373926045263,0.061819646004273802,0.98413267338632238
5242,1908,1955,0.067093929349595904,0.067133116291759901,1.0005840609209189
5243,1956,1957,0.026162054846328928,0.02533709356070413,0.9684672595302446
5244,1957,1909,0.064866012715019739,0.061820684059115741,0.9530520140141302
5245,1909,1956,0.068985627130340094,0.066810384003638201,0.96846816913627487
5246,1957,1958,0.02616070935376166,0.024554312968771638,0.93859507541376974
5247,1958,1910,0.066879522219549237,0.061820656371844092,0.92435852291082288
5248,1910,1957,0.070869581627979503,0.066517856087538407,0.93859529800408725
5249,1958,1959,0.026159995832380194,0.023837248610109944,0.91120995442227048
5250,1959,1911,0.068825005695953234,0.061821961557323578,0.89824854981390256
5251,1911,1958,0.07271422908573423,0.066257923367403923,0.91120987185715807
5252,1959,1960,0.026162366363861957,0.023192094984511576,0.88646778590130848
5253,1960,1912,0.070666412395986186,0.061821887373404043,0.87484117669620787
5254,1912,1959,0.07448512056420041,0.066028639243115639,0.8864675084496112
5255,1960,1961,0.026160764397996965,0.02261497665185034,0.86446161540990318
5256,1961,1913,0.072375763927099643,0.061823739829628854,0.85420500558585755
5257,1913,1960,0.076151156409591622,0.06582975711171421,0.86446168667010048
5258,1961,1962,0.026161065304436317,0.022112300434901613,0.84523700306469829
5259,1962,1914,0.073920927942596734,0.061824713145750755,0.83636278475509274
5260,1914,1961,0.077682304443155645,0.065659923916074461,0.84523656174645778
5261,1962,1963,0.0261610653044363,0.021682484541049023,0.82880740094984529
5262,1963,1915,0.075273926066357216,0.06182388066918923,0.8213186676976143
5263,1915,1962,0.079048493078896373,0.065515882521780075,0.82880621717089875
5264,1963,1964,0.026160764397996951,0.021325338421112887,0.81516495835823899
5265,1964,1916,0.076414852220282312,0.061823874821459048,0.80905574014902726
5266,1916,1963,0.080227248298681469,0.065398404350665823,0.81516449507518063
5267,1964,1965,0.026162366363861933,0.021042108779567043,0.80428920254830238
5268,1965,1917,0.077323564831307465,0.061824037884095774,0.7995497623392539
5269,1917,1964,0.081198140480154321,0.065306744351109433,0.80428866923462472
5270,1965,1966,0.026159995832380156,0.020827523140805534,0.79615926830637229
5271,1966,1918,0.077983997733131222,0.061824207846214632,0.79278069403139662
5272,1918,1965,0.081941396159382923,0.065238243028347562,0.79615732811598283
5273,1966,1967,0.026160709353761673,0.020686672286844666,0.79075349246484061
5274,1967,1919,0.078384317187362926,0.061823866553062892,0.78872750023814842
5275,1919,1966,0.08244443059257904,0.065193051791953768,0.79075143491647693
5276,1967,1920,0.026162054846328997,0.020617113552878305,0.78805406050783711
5277,1920,1872,0.078520447780536476,0.061825221555120276,0.78737734313386598
5278,1872,1967,0.082700429756301735,0.065172260166206836,0.78805225508807875
5279,1968,1969,0.026162006073432175,0.02061697498924903,0.78805023328030688
5280,1969,1921,0.07838431718736294,0.061823864355103078,0.78872747219733741
5281,1921,1968,0.082698532310832962,0.065170769574532925,0.78805231185458391
5282,1969,1970,0.026160650639782988,0.020686519559262557,0.7907494291370637
5283,1970,1921,0.082444666581131656,0.065193244988748789,0.79075151483078421
5284,1970,1971,0.02616061875987221,0.020827951111026196,0.79615666977167232
5285,1971,1923,0.077323564831307479,0.061824031711970227,0.7995496825172026
5286,1923,1970,0.081941396159382937,0.065238238847284136,0.79615727709093764
5287,1971,1972,0.026162224480508138,0.021041963474983078,0.80428801039682796
5288,1972,1923,0.081198096932415198,0.06530670564659688,0.80428862391879163
5289,1924,1972,0.076414852220282325,0.061823865481272423,0.80905561791903713
5290,1972,1973,0.026160087575210222,0.021324736013449957,0.81516302084774617
5291,1973,1924,0.08022727888673932,0.065398358055637054,0.81516360723093995
5292,1925,1973,0.07527392606635723,0.061823866500049535,0.82131847946324887
5293,1973,1974,0.026161872367955624,0.021683100342536614,0.82880537132713661
5294,1974,1925,0.079047559799617945,0.065515150739537203,0.82880674502306206
5295,1926,1974,0.073918929485990423,0.061823025063311908,0.83636255953935312
5296,1974,1975,0.026159966856869488,0.022111318618059837,0.84523496298901102
5297,1975,1926,0.077681185649228449,0.065658906038199238,0.84523563189011885
5298,1927,1975,0.072375685420236008,0.061823567379974985,0.85420354945183452
5299,1975,1976,0.026161726812446124,0.022615756151571749,0.86445960978434255
5300,1976,1927,0.076149900478044361,0.065828620040577115,0.86446101212642967
5301,1928,1976,0.0706664123959862,0.061821863579146007,0.87484083998379747
5302,1976,1977,0.026162595087993328,0.023192274788797412,0.88646690860727839
5303,1977,1928,0.074485905252479709,0.066029336243009065,0.88646752723477018
5304,1929,1977,0.068825005695953248,0.061821949119808692,0.89824836910175043
5305,1977,1978,0.026160369835299846,0.023837586799128146,0.91120985479962824
5306,1978,1929,0.07271394787519346,0.06625768521815574,0.91121012067561946
5307,1930,1978,0.066879522219549251,0.061820652990359097,0.92435847234998014
5308,1978,1979,0.026161695163189239,0.024555264165098109,0.93859606619255109
5309,1979,1930,0.070871258516796459,0.066519472312689093,0.93859589493424911
5310,1931,1979,0.064866012715019752,0.061820679973618099,0.95305195103048923
5311,1979,1980,0.026160519068005983,0.025335623971630691,0.96846793849040524
5312,1980,1931,0.06898626340388038,0.066810925967453305,0.96846709288062827
5313,1932,1980,0.062816373926045277,0.061819641119191776,0.98413259561866828
5314,1980,1981,0.026162665264314561,0.026177945383245547,1.0005840429014634
5315,1981,1932,0.067092425204958783,0.067131621610954484,1.0005842150716115
5316,1933,1981,0.060764815215414297,0.061816691661009684,1.0173106170382717
5317,1981,1982,0.026159739638823346,0.027064739472646725,1.0345951391840413
5318,1982,1933,0.065225945149179607,0.067482441682777797,1.0345950760611795
5319,1934,1982,0.058751227179091779,0.061816513498377502,1.0521739964672021
5320,1982,1983,0.02616225788738008,0.027994314669415959,1.0700267075541523
5321,1983,1934,0.063417890684982825,0.067858883737709,1.070027448165787
5322,1935,1983,0.056805822247751998,0.06181511697080485,1.0881827693859512
5323,1983,1984,0.026160947648595775,0.028940816136230708,1.1062602366311507
5324,1984,1935,0.061697638027811613,0.06825362373359227,1.1062599139180238
5325,1936,1984,0.054962338543857486,0.061812766524202582,1.1246385827429588
5326,1984,1985,0.026161596316350781,0.029890201472939502,1.1425220812790531
5327,1985,1936,0.060095737470575582,0.068660761661445954,1.1425229900051401
5328,1937,1985,0.053255064003505416,0.061812701020214383,1.1606915168883409
5329,1985,1986,0.026159966856869488,0.030813550254809027,1.1778894989967286
5330,1986,1937,0.058637647734359942,0.069068707508325569,1.1778901469789576
5331,1938,1986,0.051711819909564229,0.061813437483506352,1.1953444607366024
5332,1986,1987,0.026161872367955624,0.031690042107799236,1.211306349258656
5333,1987,1938,0.057344955988947587,0.069462396413531732,1.2113078685930041
5334,1939,1987,0.050356823348999706,0.061812224171356615,1.227484580251714
5335,1987,1988,0.026161195268037455,0.032482538341807761,1.2416305145466129
5336,1988,1939,0.056238912552381531,0.069828044231104627,1.2416321913420005
5337,1940,1988,0.049215975726998401,0.061812449211560878,1.2559427766795739
5338,1988,1989,0.026161342661269855,0.033164599526581379,1.267694856337759
5339,1989,1940,0.055334749030090849,0.070147666607963649,1.2676964807379461
5340,1941,1989,0.048307184567333829,0.061811978776095178,1.2795607802383402
5341,1989,1990,0.026160618759872176,0.033705173196977328,1.2883935776273672
5342,1990,1941,0.054644650538294183,0.070403939963382414,1.2883958314280801
5343,1942,1990,0.04764675169977322,0.061811738808752459,1.2972917691899375
5344,1990,1991,0.026160650639783008,0.034081556063559594,1.3027793739858715
5345,1991,1942,0.0541807538808214,0.070585685718124749,1.3027815351810799
5346,1943,1991,0.047246432232662922,0.061812278605660027,1.3082951597544605
5347,1991,1992,0.026162006073432168,0.034276346993083413,1.3101574434649894
5348,1992,1943,0.053947718416503643,0.070680155992016686,1.3101602452643164
5349,1992,1993,0.026162006073432168,0.034276346993088645,1.3101574434651893
5350,1993,1945,0.047246432232662922,0.061812278605695825,1.3082951597552182
5351,1945,1992,0.053947718416503643,0.070680155992046828,1.3101602452648751
5352,1993,1994,0.026160650639783008,0.034081556063572778,1.3027793739863753
5353,1994,1946,0.04764675169977322,0.061811738808802516,1.297291769190988
5354,1946,1993,0.0541807538808214,0.070585685718176125,1.302781535182028
5355,1994,1995,0.026160618759872176,0.033705173196992594,1.2883935776279507
5356,1995,1947,0.048307184567333829,0.061811978776086907,1.279560780238169
5357,1947,1994,0.054644650538294183,0.070403939963374101,1.2883958314279278
5358,1995,1996,0.026161342661269855,0.033164599526599732,1.2676948563384607
5359,1996,1948,0.049215975726998401,0.061812449211566312,1.2559427766796842
5360,1948,1995,0.055334749030090849,0.070147666607961637,1.2676964807379099
5361,1996,1997,0.026161195268037455,0.032482538341836877,1.2416305145477258
5362,1997,1949,0.050356823348999706,0.061812224171397583,1.2274845802525276
5363,1949,1996,0.056238912552381531,0.069828044231135075,1.2416321913425421
5364,1997,1998,0.026161872367955624,0.031690042107844124,1.2113063492603717
5365,1998,1950,0.051711819909564229,0.061813437483588786,1.1953444607381964
5366,1950,1997,0.057344955988947587,0.069462396413604008,1.2113078685942646
5367,1998,1999,0.026159966856869488,0.030813550254871917,1.1778894989991326
5368,1999,1951,0.053255064003505416,0.061812701020339825,1.1606915168906964
5369,1951,1998,0.058637647734359942,0.069068707508442823,1.1778901469809571
5370,1999,2000,0.026161596316350781,0.029890201473021131,1.1425220812821733
5371,2000,1952,0.054962338543857486,0.061812766524371975,1.1246385827460408
5372,1952,1999,0.060095737470575582,0.068660761661609476,1.1425229900078613
5373,2000,2001,0.026160947648595775,0.028940816136331295,1.1062602366349956
5374,2001,1953,0.056805822247751998,0.061815116971019858,1.0881827693897361
5375,1953,2000,0.061697638027811613,0.068253623733803323,1.1062599139214446
5376,2001,2002,0.02616225788738008,0.027994314669535857,1.0700267075587351
5377,2002,1954,0.058751227179091779,0.061816513498641056,1.0521739964716881
5378,1954,2001,0.063417890684982825,0.067858883737969722,1.0700274481698981
5379,2002,2003,0.026159739638823346,0.027064739472786804,1.0345951391893962
5380,2003,1955,0.060764815215414297,0.061816691661326584,1.0173106170434869
5381,1955,2002,0.065225945149179607,0.067482441683091907,1.0345950760659952
5382,2003,2004,0.026162665264314561,0.026177945383407591,1.0005840429076571
5383,2004,1956,0.062816373926045277,0.061819641119569411,0.98413259562468003
5384,1956,2003,0.067092425204958783,0.067131621611328143,1.0005842150771809
5385,2004,2005,0.026160519068005983,0.025335623971817427,0.96846793849754331
5386,2005,1957,0.064866012715019752,0.061820679974067649,0.95305195103741969
5387,1957,2004,0.06898626340388038,0.066810925967896548,0.96846709288705335
5388,2005,2006,0.026161695163189239,0.024555264165313354,0.93859606620077851
5389,2006,1958,0.066879522219549251,0.06182065299089734,0.92435847235802804
5390,1958,2005,0.070871258516796459,0.066519472313217851,0.93859589494170992
5391,2006,2007,0.026160369835299846,0.0238375867993765,0.91120985480912176
5392,2007,1959,0.068825005695953248,0.061821949120460899,0.89824836911122674
5393,1959,2006,0.07271394787519346,0.066257685218795437,0.91121012068441698
5394,2007,2008,0.026162595087993328,0.02319227478908371,0.88646690861822142
5395,2008,1960,0.0706664123959862,0.061821863579950856,0.87484083999518691
5396,1960,2007,0.074485905252479709,0.066029336243800626,0.88646752724539712
5397,2008,2009,0.026161726812446124,0.022615756151899449,0.86445960979686853
5398,2009,1961,0.072375685420236008,0.061823567380992775,0.85420354946589705
5399,1961,2008,0.076149900478044361,0.065828620041587432,0.86446101213969706
5400,2009,2010,0.026159966856869488,0.022111318618428102,0.84523496300308842
5401,2010,1962,0.073918929485990423,0.061823025064638812,0.83636255955730388
5402,1962,2009,0.077681185649228449,0.065658906039539527,0.8452356319073725
5403,2010,2011,0.026161872367955624,0.021683100342933925,0.82880537134232324
5404,2011,1963,0.07527392606635723,0.06182386650184115,0.82131847948705017
5405,1963,2010,0.079047559799617945,0.065515150741395287,0.82880674504656804
5406,2011,2012,0.026160087575210222,0.021324736013840374,0.81516302086267034
5407,2012,1964,0.076414852220282325,0.061823865483782214,0.80905561795188141
5408,1964,2011,0.08022727888673932,0.065398358058333425,0.81516360726454917
5409,2012,2013,0.026162224480508138,0.021041963475278754,0.80428801040812969
5410,2013,1965,0.077323564831307479,0.061824031715614354,0.7995496825643309
5411,1965,2012,0.081198096932415198,0.065306705650682847,0.80428862396911271
5412,2013,2014,0.02616061875987221,0.020827951111031889,0.79615666977188992
5413,2014,1965,0.081941396159382937,0.065238238850466923,0.79615727712977991
5414,2014,2015,0.026160650639782988,0.020686519559622248,0.79074942915081303
5415,2015,1967,0.07838431718736294,0.061823864355005594,0.78872747219609374
5416,1967,2014,0.082444666581131656,0.06519324498686814,0.79075151480797312
5417,2015,1968,0.026162006073432175,0.020616974989709387,0.78805023329790325
5418,1968,1920,0.078518449323358649,0.061823652467139938,0.78737739983293153
5419,1920,2015,0.082698769654117196,0.065170929332025757,0.7880519819653834
5420,1968,2016,0.078520315025402368,0.06182506738792657,0.78737671095595241
5421,2016,2017,0.026161997129176332,0.020617019985579667,0.7880522226106047
5422,2017,1968,0.082700013579105447,0.065171841914957937,0.7880511634090458
5423,2017,2018,0.026160472127072325,0.020686408174470424,0.79075056726759019
5424,2018,1970,0.077984480624824923,0.06182444810628996,0.79277886588385238
5425,1970,2017,0.082444871372459316,0.065193311920051025,0.79075036245163977
5426,2018,2019,0.026160512416771305,0.020827862030008987,0.79615650099637969
5427,2019,1970,0.081941349101420993,0.06523812088987932,0.79615629478021355
5428,2019,2020,0.026161680255917402,0.021041487628737299,0.80428655280954342
5429,2020,1972,0.076415419253659717,0.061824196846863674,0.80905395076927178
5430,1972,2019,0.081198584626349948,0.065307017316409047,0.80428763157549066
5431,2020,2021,0.026161312081829247,0.021325708654569873,0.81516204492594924
5432,2021,1973,0.075273765559330491,0.06182364110986259,0.82131723649633859
5433,1973,2020,0.080227689842522099,0.065398558290499592,0.81516192749497818
5434,2021,2022,0.026161275462902287,0.021682602545494263,0.8288052536368512
5435,2022,1973,0.07904846322384565,0.065515772173741507,0.82880513424046065
5436,2022,2023,0.026161066451176829,0.0221122603843504,0.84523543509273502
5437,2023,1975,0.072375754089567007,0.061823577962828197,0.85420288521373888
5438,1975,2022,0.077680325720725515,0.065658108453477901,0.84523472120251386
5439,2023,2024,0.026160763786394928,0.022614944896149333,0.86446042175230298
5440,2024,1976,0.070667768753661431,0.061823012885505575,0.87484031229304104
5441,1976,2023,0.076152468969867798,0.065830789210831311,0.86446033991201787
5442,2024,2025,0.026163065449215896,0.023192704803467513,0.88646740759357745
5443,2025,1977,0.068825066836399662,0.061822014946842294,0.89824852758655582
5444,1977,2024,0.074485449997882314,0.066028892846938816,0.88646699253097183
5445,2025,2026,0.026159165315770991,0.023836490219120206,0.91120989264705332
5446,2026,1978,0.066879426495261796,0.061820549408771228,0.92435824659996191
5447,1978,2025,0.07271458400797072,0.066258276559231111,0.9112102814473656
5448,2026,2027,0.026162267290221745,0.024555789273306847,0.93859561179870199
5449,2027,1979,0.064865552318916914,0.06182029161943374,0.95305272844188704
5450,1979,2026,0.070869122869033324,0.066517451557339902,0.93859566570711839
5451,2027,2028,0.026161490588808588,0.025336579925969056,0.96846851443577864
5452,2028,1980,0.062815457567354183,0.061818768977617677,0.9841330680642133
5453,1980,2027,0.068985120328047878,0.066809873433379352,0.96846788286626906
5454,2028,2029,0.026159519452562036,0.02617478368137029,1.0005835057037624
5455,2029,1981,0.060766878838498552,0.061818721274843981,1.017309469507903
5456,1981,2028,0.067094507938039324,0.067133737789200273,1.0005846954149686
5457,2029,2030,0.026162574065638253,0.027067657358970161,1.0345945812159454
5458,2030,1982,0.0587512535614724,0.061816538633929621,1.0521739518161934
5459,1982,2029,0.065226713825299987,0.0674831608299509,1.0345939090338734
5460,2030,2031,0.026161035871413406,0.027993028096556075,1.0700275109191879
5461,2031,1983,0.056805613219823511,0.061814913791037818,1.0881831968229894
5462,1983,2030,0.063418344403199142,0.067859366348912542,1.070027402757133
5463,2031,2032,0.026161293810596519,0.028941213492012473,1.1062607874649517
5464,2032,1983,0.061698025236926579,0.068254099084275488,1.1062606756403131
5465,1984,2032,0.054964897432556122,0.061815619713932381,1.1246381345436391
5466,2032,2033,0.026160763786395026,0.029889265085040844,1.1425226468573075
5467,2033,1984,0.060095682591535783,0.068660651091832545,1.1425221934579224
5468,1985,2033,0.053254925988497591,0.061812512892061668,1.1606909923302196
5469,2033,2034,0.026161066451176825,0.030814870908135134,1.1778904719210697
5470,2034,1985,0.058636975057908457,0.069067927441528842,1.1778903562695557
5471,1986,2034,0.05171040342704173,0.061811711755748996,1.1953438314005655
5472,2034,2035,0.026161275462902214,0.031689360470759965,1.2113079316678121
5473,2035,1986,0.057344332671029431,0.069461594446181163,1.2113070500735537
5474,2035,2036,0.026161312081829306,0.032482732210648325,1.2416323810153866
5475,2036,1988,0.049215025743223582,0.061811234038084736,1.2559423286819174
5476,1988,2035,0.056238258020577941,0.06982717764257014,1.2416312329058969
5477,2036,2037,0.026161680255917405,0.033165081780678257,1.2676969313993807
5478,2037,1989,0.0483068197346644,0.061811447845179182,1.279559453192983
5479,1989,2036,0.055334117417123636,0.07014684089288066,1.2676960285477166
5480,2037,2038,0.026160512416771271,0.033705097148504864,1.288395907982935
5481,2038,1990,0.047646199424737141,0.061810987585594661,1.2972910396186477
5482,1990,2037,0.054644681282326649,0.070403906557190227,1.2883944952198023
5483,2038,2039,0.026160472127072305,0.034081386329190132,1.3027817756362594
5484,2039,1991,0.047245316708429491,0.061810733156819599,1.3082933391743219
5485,1991,2038,0.054179398218538531,0.070583879891331247,1.3027808025224541
5486,2039,2040,0.026162126400132209,0.034276556153514041,1.3101594124757698
5487,2040,1991,0.053946424706034064,0.070678363304731068,1.3101584338512333
5488,2040,2041,0.026162126400132209,0.034276556153517712,1.3101594124759102
5489,2041,1993,0.047245316708429491,0.061810733156835641,1.3082933391746614
5490,1993,2040,0.053946424706034064,0.070678363304741837,1.3101584338514329
5491,2041,2042,0.026160472127072305,0.034081386329201088,1.3027817756366784
5492,2042,1993,0.054179398218538531,0.070583879891357143,1.3027808025229322
5493,1994,2042,0.047646199424737141,0.061810987585622409,1.2972910396192301
5494,2042,2043,0.026160512416771271,0.033705097148523461,1.2883959079836458
5495,2043,1994,0.054644681282326649,0.070403906557230472,1.2883944952205388
5496,1995,2043,0.0483068197346644,0.06181144784521355,1.2795594531936945
5497,2043,2044,0.026161680255917405,0.033165081780706505,1.2676969314004605
5498,2044,1995,0.055334117417123636,0.070146840892932077,1.2676960285486456
5499,1996,2044,0.049215025743223582,0.061811234038137236,1.2559423286829841
5500,2044,2045,0.026161312081829306,0.032482732210689529,1.2416323810169616
5501,2045,1996,0.056238258020577941,0.069827177642646177,1.241631232907249
5502,2045,2046,0.026161275462902214,0.03168936047081701,1.2113079316699926
5503,2046,1998,0.05171040342704173,0.061811711755866493,1.1953438314028377
5504,1998,2045,0.057344332671029431,0.069461594446292921,1.2113070500755025
5505,2046,2047,0.026161066451176825,0.030814870908209693,1.1778904719239196
5506,2047,1999,0.053254925988497591,0.061812512892219888,1.1606909923331905
5507,1999,2046,0.058636975057908457,0.069067927441683025,1.1778903562721852
5508,2047,2048,0.026160763786395026,0.029889265085133336,1.1425226468608431
5509,2048,2000,0.054964897432556122,0.061815619714134282,1.1246381345473124
5510,2000,2047,0.060095682591535783,0.068660651092032912,1.1425221934612566
5511,2048,2049,0.026161293810596519,0.028941213492122569,1.1062607874691601
5512,2049,2001,0.056805613219823511,0.061814913791285918,1.088183196827357
5513,2001,2048,0.061698025236926579,0.068254099084524733,1.1062606756443529
5514,2049,2050,0.026161035871413406,0.0279930280966833,1.0700275109240511
5515,2050,2001,0.063418344403199142,0.067859366349210637,1.0700274027618335
5516,2002,2050,0.0587512535614724,0.06181653863422723,1.0521739518212589
5517,2050,2051,0.026162574065638253,0.027067657359114532,1.0345945812214636
5518,2051,2002,0.065226713825299987,0.067483160830303424,1.0345939090392779
5519,2003,2051,0.060766878838498552,0.061818721275196081,1.0173094695136973
5520,2051,2052,0.026159519452562036,0.026174783681532664,1.0005835057099695
5521,2052,2003,0.067094507938039324,0.067133737789613526,1.0005846954211279
5522,2004,2052,0.062815457567354183,0.061818768978031749,0.98413306807080514
5523,2052,2053,0.026161490588808588,0.025336579926151508,0.96846851444275261
5524,2053,2004,0.068985120328047878,0.066809873433862785,0.9684678828732769
5525,2005,2053,0.064865552318916914,0.061820291619920482,0.95305272844939093
5526,2053,2054,0.026162267290221745,0.024555789273512752,0.93859561180657225
5527,2054,2005,0.070869122869033324,0.066517451557906629,0.93859566571511521
5528,2006,2054,0.066879426495261796,0.061820549409344769,0.9243582466085376
5529,2054,2055,0.026159165315770991,0.023836490219354162,0.91120989265599694
5530,2055,2006,0.07271458400797072,0.066258276559897744,0.91121028145653338
5531,2007,2055,0.068825066836399662,0.061822014947519634,0.89824852759639739
5532,2055,2056,0.026163065449215896,0.023192704803734913,0.88646740760379805
5533,2056,2007,0.074485449997882314,0.066028892847723716,0.8864669925415094
5534,2008,2056,0.070667768753661431,0.061823012886304186,0.874840312304342
5535,2056,2057,0.026160763786394928,0.022614944896454329,0.86446042176396143
5536,2057,2008,0.076152468969867798,0.065830789211749244,0.86446033992407179
5537,2009,2057,0.072375754089567007,0.061823577963759181,0.85420288522660204
5538,2057,2058,0.026161066451176829,0.022112260384697161,0.84523543510598986
5539,2058,2009,0.077680325720725515,0.065658108454543396,0.84523472121623033
5540,2058,2059,0.026161275462902287,0.021682602545890692,0.82880525365200453
5541,2059,2011,0.075273765559330491,0.061823641111057571,0.82131723651221378
5542,2011,2058,0.07904846322384565,0.065515772174914028,0.82880513425529356
5543,2059,2060,0.026161312081829247,0.021325708655031674,0.81516204494360134
5544,2060,2011,0.080227689842522099,0.06539855829189048,0.81516192751231487
5545,2012,2060,0.076415419253659717,0.061824196848139334,0.80905395078596554
5546,2060,2061,0.026161680255917402,0.021041487629295953,0.80428655283089723
5547,2061,2012,0.081198584626349948,0.065307017317949662,0.80428763159446404
5548,2061,2062,0.026160512416771305,0.020827862030729158,0.79615650102390867
5549,2062,2014,0.077984480624824923,0.061824448107210057,0.79277886589565083
5550,2014,2061,0.081941349101420993,0.065238120890519433,0.79615629478802541
5551,2062,2063,0.026160472127072325,0.020686408174757767,0.79075056727857407
5552,2063,2015,0.078385363357412752,0.061824599400729451,0.78872632278080546
5553,2015,2062,0.082445599199923392,0.065193827391104506,0.79074963398610465
5554,2063,2016,0.026161997129176332,0.020617019985457341,0.788052222605929
5555,1968,2063,0.082700013579105447,0.06517184191457126,0.7880511634043702
5556,2064,2065,0.026161985203497138,0.020617002883781259,0.78805192814746083
5557,2065,2017,0.078386032509052433,0.061825190056291598,0.78872712493965935
5558,2017,2064,0.082698997879333047,0.065171115373460098,0.7880520567921746
5559,2065,2066,0.02616054674323999,0.020686469168875662,0.79075064339858048
5560,2066,2018,0.077984386375393067,0.061824405445470035,0.79277927696790729
5561,2018,2065,0.082445724955282643,0.065193993134652142,0.79075043818236068
5562,2066,2067,0.026160658361290348,0.02082799893608555,0.79615729269659818
5563,2067,2019,0.077325828037442895,0.061825781290610615,0.79954890700521419
5564,2019,2066,0.081942133193862954,0.065238778978623707,0.79615670761558544
5565,2067,2068,0.026161451294443128,0.021041328119945878,0.80428749472378092
5566,2068,2020,0.076416242197039963,0.061824806698869132,0.80905321854813683
5567,2020,2067,0.081200076902334328,0.065308177933399353,0.80428714386503097
5568,2068,2069,0.02616175892034878,0.021326103071493258,0.81516319817876171
5569,2069,2021,0.075274453523886301,0.061824275549338691,0.82131815848680245
5570,2021,2068,0.080228931596759742,0.065399608472269069,0.81516240052871902
5571,2069,2070,0.026161354969484504,0.021682711894450844,0.82880691461670453
5572,2070,2022,0.073920467882721996,0.06182429082732499,0.83636227689213072
5573,2022,2069,0.079048405057066173,0.065515797511151178,0.82880606463665385
5574,2070,2071,0.026160710576968109,0.022111997697464619,0.84523689188060602
5575,2071,2023,0.072374681320717241,0.061822756967433369,0.85420420289624976
5576,2023,2070,0.077680601928738727,0.065658464705313321,0.84523630192188692
5577,2071,2072,0.026161599297815447,0.0226157142819505,0.86446222283662011
5578,2072,2024,0.070668078115602231,0.061823375036680457,0.87484160720412996
5579,2024,2071,0.076151370062969986,0.065829891429619633,0.86446102512908873
5580,2072,2073,0.026160567461420908,0.023190507289294997,0.88646805247990623
5581,2073,2025,0.068826158637546903,0.061822983921881618,0.89824835710292239
5582,2025,2072,0.074485686446002231,0.066029224849734072,0.88646863579086976
5583,2073,2074,0.026160653621355411,0.02383783601836529,0.91120949665057438
5584,2074,2026,0.066881077682638054,0.061822063131963222,0.92435805872206922
5585,2026,2073,0.072716382109156652,0.066259843135269891,0.91120929305593523
5586,2074,2075,0.026161658009665103,0.02455521728346927,0.93859560714376922
5587,2075,2026,0.070871476855688426,0.066519641985827133,0.93859539743015818
5588,2027,2075,0.064864220383099566,0.061819004544758901,0.95305245603269284
5589,2075,2076,0.026161310552856278,0.025336390202516806,0.96846792714482688
5590,2076,2027,0.068984226826625195,0.066809026419175424,0.968468148336045
5591,2076,2077,0.0261613105528564,0.026176583894549393,1.0005838140892114
5592,2077,2029,0.060765784681676795,0.061817577097367807,1.017308958013146
5593,2029,2076,0.067092246794397015,0.06713137012612054,1.0005831274639441
5594,2077,2078,0.026161658009664995,0.027066733335702756,1.0345954880116313
5595,2078,2030,0.058750888938901687,0.061816206910377716,1.052174835595489
5596,2030,2077,0.06522619777782887,0.067482717082564495,1.0345952911807261
5597,2078,2079,0.026160653621355404,0.027992628133638602,1.0700278570558239
5598,2079,2031,0.0568054178165672,0.061814715640802168,1.0881834518040288
5599,2031,2078,0.063418043480560279,0.067859064122997553,1.0700277144910437
5600,2079,2080,0.026160567461420998,0.028940407427158307,1.1062606906305354
5601,2080,2032,0.054963888526415081,0.06181449594347177,1.1246383325620122
5602,2032,2079,0.061697497309355386,0.068253531051799099,1.106260934857233
5603,2080,2081,0.026161599297815454,0.029890218263945448,1.1425225928921456
5604,2081,2033,0.053257285301157579,0.06181526812143729,1.1606913077128567
5605,2033,2080,0.060097566654481606,0.068662815765225566,1.1425223946251946
5606,2081,2082,0.026160710576968109,0.030814454032307856,1.1778905600307701
5607,2082,2034,0.051711498744582335,0.061813059921693482,1.1953445833586376
5608,2034,2081,0.058637613285545467,0.069068697971030102,1.1778906763255994
5609,2082,2083,0.026161354969484577,0.031689450395033535,1.2113076876942002
5610,2083,2035,0.050357513100769247,0.061813052532035687,1.2274842168703413
5611,2035,2082,0.057344987029109958,0.069462430771622993,1.2113078120736496
5612,2083,2084,0.026161758920348714,0.032483277486019695,1.2416320165978627
5613,2084,2036,0.049215724426234224,0.061812156905171944,1.2559432503694541
5614,2036,2083,0.056239243389438011,0.069828458506008675,1.2416322535221513
5615,2084,2085,0.026161451294443128,0.033164784187410146,1.2676966508526448
5616,2085,2036,0.055333561736326163,0.070146184277958892,1.2676968927505046
5617,2085,2086,0.026160658361290317,0.033705266590104012,1.2883951972698586
5618,2086,2038,0.047647580247236546,0.061812814480737097,1.2972917860676063
5619,2038,2085,0.054644330835931405,0.070403530097053926,1.288395868702999
5620,2086,2087,0.026160546743240032,0.034081459018923108,1.3027808383909203
5621,2087,2038,0.054180352113676444,0.070585161335640439,1.3027815173209814
5622,2087,2088,0.026161985203497131,0.034276352993041749,1.3101587179423966
5623,2088,2040,0.047112969619132021,0.06181347556608021,1.3120267320398009
5624,2040,2087,0.053946998197002737,0.07067915344836706,1.3101591526976557
5625,2088,2089,0.026161985203497131,0.034276352993043782,1.3101587179424743
5626,2089,2040,0.053946998197002737,0.070679153448371251,1.3101591526977332
5627,2089,2090,0.026160546743240032,0.034081459018929873,1.302780838391179
5628,2090,2042,0.047647580247236546,0.061812814480758975,1.2972917860680655
5629,2042,2089,0.054180352113676444,0.070585161335659757,1.302781517321338
5630,2090,2091,0.026160658361290317,0.033705266590117619,1.2883951972703787
5631,2091,2042,0.054644330835931405,0.070403530097087635,1.2883958687036161
5632,2091,2092,0.026161451294443128,0.033164784187434085,1.2676966508535599
5633,2092,2044,0.049215724426234224,0.061812156905232028,1.2559432503706749
5634,2044,2091,0.055333561736326163,0.070146184278013529,1.267696892751492
5635,2092,2093,0.026161758920348714,0.032483277486058226,1.2416320165993355
5636,2093,2044,0.056239243389438011,0.069828458506095467,1.2416322535236948
5637,2045,2093,0.050357513100769247,0.061813052532127336,1.2274842168721611
5638,2093,2094,0.026161354969484577,0.031689450395090399,1.2113076876963738
5639,2094,2045,0.057344987029109958,0.069462430771749406,1.211307812075854
5640,2046,2094,0.051711498744582335,0.061813059921824023,1.195344583361162
5641,2094,2095,0.026160710576968109,0.030814454032384871,1.177890560033714
5642,2095,2046,0.058637613285545467,0.069068697971201354,1.17789067632852
5643,2047,2095,0.053257285301157579,0.061815268121610797,1.1606913077161145
5644,2095,2096,0.026161599297815454,0.029890218264041656,1.1425225928958231
5645,2096,2047,0.060097566654481606,0.068662815765442434,1.1425223946288032
5646,2048,2096,0.054963888526415081,0.061814495943688506,1.1246383325659555
5647,2096,2097,0.026160567461420998,0.028940407427270567,1.1062606906348267
5648,2097,2048,0.061697497309355386,0.068253531052059502,1.1062609348614536
5649,2049,2097,0.0568054178165672,0.06181471564106035,1.0881834518085738
5650,2097,2098,0.026160653621355404,0.027992628133763076,1.0700278570605819
5651,2098,2049,0.063418043480560279,0.067859064123298563,1.0700277144957901
5652,2050,2098,0.058750888938901687,0.061816206910675367,1.0521748356005554
5653,2098,2099,0.026161658009664995,0.027066733335835959,1.0345954880167227
5654,2099,2050,0.06522619777782887,0.067482717082903959,1.0345952911859306
5655,2051,2099,0.060765784681676795,0.061817577097704086,1.01730895801868
5656,2099,2100,0.0261613105528564,0.026176583894688767,1.0005838140945389
5657,2100,2051,0.067092246794397015,0.067131370126498349,1.0005831274695753
5658,2100,2101,0.026161310552856278,0.025336390202661423,0.96846792715035479
5659,2101,2053,0.064864220383099566,0.061819004545180564,0.95305245603919364
5660,2053,2100,0.068984226826625195,0.066809026419618084,0.96846814834246187
5661,2101,2102,0.026161658009665103,0.024555217283621068,0.93859560714957158
5662,2102,2054,0.066881077682638054,0.061822063132442102,0.92435805872922938
5663,2054,2101,0.070871476855688426,0.06651964198632386,0.93859539743716702
5664,2102,2103,0.026160653621355411,0.023837836018531903,0.91120949665694329
5665,2103,2054,0.072716382109156652,0.066259843135818189,0.91120929306347553
5666,2055,2103,0.068826158637546903,0.061822983922441642,0.89824835711105921
5667,2103,2104,0.026160567461420908,0.023190507289495697,0.8864680524875781
5668,2104,2055,0.074485686446002231,0.066029224850407214,0.88646863579990687
5669,2056,2104,0.070668078115602231,0.061823375037368268,0.87484160721386295
5670,2104,2105,0.026161599297815447,0.022615714282183775,0.86446222284553675
5671,2105,2056,0.076151370062969986,0.065829891430386533,0.86446102513915946
5672,2057,2105,0.072374681320717241,0.06182275696821702,0.85420420290707744
5673,2105,2106,0.026160710576968109,0.022111997697710155,0.84523689188999163
5674,2106,2057,0.077680601928738727,0.065658464706163003,0.84523630193282506
5675,2058,2106,0.073920467882721996,0.061824290828197334,0.83636227690393183
5676,2106,2107,0.026161354969484504,0.021682711894699863,0.82880691462622313
5677,2107,2058,0.079048405057066173,0.065515797512083168,0.82880606464844397
5678,2059,2107,0.075274453523886301,0.061824275550306736,0.82131815849966261
5679,2107,2108,0.02616175892034878,0.02132610307173937,0.81516319818816896
5680,2108,2059,0.080228931596759742,0.065399608473289184,0.81516240054143407
5681,2060,2108,0.076416242197039963,0.061824806699953348,0.80905321856232515
5682,2108,2109,0.026161451294443128,0.021041328120179354,0.80428749473270533
5683,2109,2060,0.081200076902334328,0.06530817793451954,0.80428714387882638
5684,2061,2109,0.077325828037442895,0.061825781291853885,0.79954890702129255
5685,2109,2110,0.026160658361290348,0.020827998936286805,0.79615729270429125
5686,2110,2061,0.081942133193862954,0.065238778979867171,0.79615670763076041
5687,2062,2110,0.077984386375393067,0.06182440544696189,0.79277927698703743
5688,2110,2111,0.02616054674323999,0.020686469169003529,0.79075064340346823
5689,2111,2062,0.082445724955282643,0.065193993136066733,0.79075043819951851
5690,2111,2064,0.026161985203497138,0.020617002883819902,0.78805192814893787
5691,2064,2016,0.07851860684007525,0.061823792489745261,0.7873776035744805
5692,2016,2111,0.082700057134037205,0.065171953195696741,0.78805209396734077
5693,2064,2112,0.078520087721194259,0.061824973706434347,0.78737779720725476
5694,2112,2113,0.026161896525199218,0.020616933264574862,0.78805193823454545
5695,2113,2064,0.082700411836227367,0.065172190099869298,0.78805157861765651
5696,2065,2113,0.07838465391163553,0.061824065205462624,0.78872664635552303
5697,2113,2114,0.026160720515518748,0.020686598755272942,0.79075034431874636
5698,2114,2065,0.082443858302978387,0.065192538255317192,0.7907506950455524
5699,2066,2114,0.077983830929761036,0.061823985182253426,0.79277953449013605
5700,2114,2115,0.026160438182761633,0.020827819054890812,0.79615711745284368
5701,2115,2066,0.081941801569439768,0.065238544275437349,0.79615706545275777
5702,2115,2116,0.026162531256426588,0.021042222704793962,0.80428848793539931
5703,2116,2068,0.07641543401505406,0.061824273799225504,0.80905480150836995
5704,2068,2115,0.081198402406504389,0.065306841006837479,0.80428726515937066
5705,2116,2117,0.026160546360985592,0.021325151496647963,0.81516460712957917
5706,2117,2068,0.080227194576351274,0.065398270121477933,0.81516336781836707
5707,2069,2117,0.075273969613892447,0.061823951466848291,0.82131913308100812
5708,2117,2118,0.026162445790683626,0.021683645835182102,0.8288080559694303
5709,2118,2069,0.07904911975404906,0.065516533635124399,0.82880788349029666
5710,2070,2118,0.073919581845439203,0.061823685453835035,0.83636411232823449
5711,2118,2119,0.026160064180819124,0.022111485930247896,0.84523821415011302
5712,2119,2070,0.077680991522488071,0.065658865792797755,0.84523722606952045
5713,2119,2120,0.026159225638633023,0.022613631940623543,0.86446106062202388
5714,2120,2072,0.070668528189383961,0.061823746874492748,0.87484129722939519
5715,2072,2119,0.076150941258589358,0.065829637979146982,0.86446256462682669
5716,2120,2121,0.02616305558799964,0.023192676999021847,0.88646667897842046
5717,2121,2072,0.074485463369599256,0.066028996223645262,0.88646822126899127
5718,2073,2121,0.068824031742239819,0.061821044533494643,0.89824793707272477
5719,2121,2122,0.026160682978357889,0.023837875441401164,0.91120998106668971
5720,2122,2073,0.072712845136510565,0.06625665762446116,0.91120980756661896
5721,2122,2123,0.026162151092264514,0.024555705616368304,0.93859658289447023
5722,2123,2075,0.064865553336404522,0.061820303973478985,0.95305290394838194
5723,2075,2122,0.070869434682077861,0.066517762770043065,0.9385959274042962
5724,2123,2124,0.026159520446462626,0.025334663245692605,0.96846818341115426
5725,2124,2076,0.062816129435556506,0.061819396946944716,0.98413253892641783
5726,2076,2123,0.068984985922330433,0.066809792978445942,0.96846860349680264
5727,2124,2125,0.026162035199577459,0.026177299342366549,1.0005834463057881
5728,2125,2076,0.067092495227621035,0.067131669215328177,1.0005838803218488
5729,2077,2125,0.060765323500062245,0.061817154445555765,1.0173097234558859
5730,2125,2126,0.026160285509270256,0.027065294004762128,1.0345947484086582
5731,2126,2077,0.065226038823346849,0.067482512759196964,1.0345946799247057
5732,2078,2126,0.058751337474384928,0.061816642325809128,1.0521742139531827
5733,2126,2127,0.026162484166212745,0.02799457029883478,1.0700272237522483
5734,2127,2078,0.063417681784922617,0.06785869897921841,1.0700280595143361
5735,2079,2127,0.056806845089849616,0.061816288708212437,1.0881838026815174
5736,2127,2128,0.026160795360328466,0.028940666751321932,1.1062609661787655
5737,2128,2079,0.061699236509892091,0.068255444079405855,1.1062607568646756
5738,2080,2128,0.05496373071372801,0.061814308515620399,1.1246381516126116
5739,2128,2129,0.02616132102631933,0.02988989636366483,1.1425224411869113
5740,2129,2080,0.060096329987956866,0.068661401533313016,1.1425223727817084
5741,2081,2129,0.053255507263980796,0.061813203187356364,1.1606912855220053
5742,2129,2130,0.026160064180819197,0.030813664470217422,1.1778894828862954
5743,2130,2081,0.058636661535246472,0.069067520239997127,1.1778897098103149
5744,2082,2130,0.051711294998711563,0.061812765654816706,1.1953436025215929
5745,2130,2131,0.026162445790683619,0.031690751531736269,1.21130691622957
5746,2131,2082,0.05734572993027523,0.06946332942052999,1.2113077905711227
5747,2083,2131,0.050356907230182449,0.061812307738191921,1.227484195080659
5748,2131,2132,0.026160546360985592,0.032481756622399903,1.2416314313236751
5749,2132,2083,0.056237597008628626,0.069826362137642359,1.2416313258713523
5750,2084,2132,0.049215442849193179,0.061811757079428382,1.255942312026594
5751,2132,2133,0.026162531256426539,0.033166161723739269,1.2676969746798628
5752,2133,2084,0.055334422254862944,0.070147318711475212,1.2676976799068407
5753,2133,2134,0.026159826795373192,0.033704236192747872,1.2883967641065972
5754,2134,2086,0.047646503036180482,0.06181140980562224,1.2972916345756917
5755,2086,2133,0.054644261954192884,0.070403461810181839,1.2883962431261229
5756,2134,2135,0.026160720515518713,0.034081735425137719,1.3027827503802967
5757,2135,2086,0.054179226529657599,0.070583733210295763,1.3027822235826561
5758,2135,2136,0.026162020904071867,0.034276449444883728,1.3101606168179816
5759,2136,2088,0.047110789110917144,0.061810618034584576,1.3120268032245928
5760,2088,2135,0.053945539229046761,0.070677293663134758,1.3101601109787193
5761,2136,2137,0.026162020904071867,0.034276449444881708,1.3101606168179045
5762,2137,2088,0.053945539229046761,0.070677293663130622,1.3101601109786425
5763,2137,2138,0.026160720515518713,0.034081735425132723,1.3027827503801055
5764,2138,2090,0.047646503036180482,0.061811409805625432,1.2972916345757588
5765,2090,2137,0.054179226529657599,0.070583733210301453,1.3027822235827611
5766,2138,2139,0.026159826795373192,0.033704236192743285,1.2883967641064218
5767,2139,2090,0.054644261954192884,0.07040346181018825,1.2883962431262401
5768,2139,2140,0.026162531256426539,0.033166161723741268,1.2676969746799391
5769,2140,2092,0.049215442849193179,0.061811757079463375,1.255942312027305
5770,2092,2139,0.055334422254862944,0.070147318711503912,1.2676976799073594
5771,2140,2141,0.026160546360985592,0.032481756622417424,1.2416314313243448
5772,2141,2093,0.050356907230182449,0.061812307738263593,1.2274841950820823
5773,2093,2140,0.056237597008628626,0.069826362137700812,1.2416313258723917
5774,2141,2142,0.026162445790683619,0.031690751531779318,1.2113069162312156
5775,2142,2094,0.051711294998711563,0.061812765654939934,1.1953436025239759
5776,2094,2141,0.05734572993027523,0.069463329420633962,1.2113077905729357
5777,2142,2143,0.026160064180819197,0.03081366447029265,1.1778894828891711
5778,2143,2095,0.053255507263980796,0.061813203187538537,1.1606912855254261
5779,2095,2142,0.058636661535246472,0.069067520240160191,1.1778897098130958
5780,2143,2144,0.02616132102631933,0.02988989636376958,1.1425224411909152
5781,2144,2096,0.05496373071372801,0.061814308515853796,1.124638151616858
5782,2096,2143,0.060096329987956866,0.068661401533539515,1.1425223727854774
5783,2144,2145,0.026160795360328466,0.028940666751445947,1.1062609661835059
5784,2145,2097,0.056806845089849616,0.061816288708483706,1.0881838026862927
5785,2097,2144,0.061699236509892091,0.068255444079684646,1.1062607568691942
5786,2145,2146,0.026162484166212745,0.027994570298966865,1.070027223757297
5787,2146,2098,0.058751337474384928,0.061816642326104405,1.0521742139582086
5788,2098,2145,0.063417681784922617,0.067858698979533769,1.0700280595193088
5789,2146,2147,0.026160285509270256,0.027065294004892021,1.0345947484136235
5790,2147,2099,0.060765323500062245,0.061817154445861389,1.0173097234609154
5791,2099,2146,0.065226038823346849,0.067482512759533819,1.0345946799298702
5792,2147,2148,0.026162035199577459,0.026177299342483785,1.0005834463102692
5793,2148,2100,0.062816129435556506,0.0618193969472451,0.98413253893119979
5794,2100,2147,0.067092495227621035,0.067131669215672693,1.0005838803269838
5795,2148,2149,0.026159520446462626,0.025334663245783273,0.96846818341462015
5796,2149,2100,0.068984985922330433,0.066809792978728702,0.96846860350090147
5797,2101,2149,0.064865553336404522,0.061820303973752697,0.95305290395260167
5798,2149,2150,0.026162151092264514,0.024555705616410156,0.93859658289606995
5799,2150,2101,0.070869434682077861,0.066517762770254604,0.93859592740728115
5800,2150,2151,0.026160682978357889,0.023837875441355343,0.91120998106493822
5801,2151,2103,0.068824031742239819,0.061821044533594091,0.89824793707416972
5802,2103,2150,0.072712845136510565,0.066256657624725365,0.91120980757025249
5803,2151,2152,0.02616305558799964,0.023192676999154851,0.88646667898350417
5804,2152,2104,0.070668528189383961,0.061823746875282887,0.87484129724057613
5805,2104,2151,0.074485463369599256,0.066028996223826492,0.88646822127142444
5806,2152,2153,0.026159225638633023,0.022613631940926339,0.86446106063359895
5807,2153,2104,0.076150941258589358,0.065829637979831601,0.86446256463581694
5808,2153,2154,0.026160064180819124,0.022111485930460591,0.84523821415824352
5809,2154,2106,0.073919581845439203,0.061823685454440856,0.83636411233643015
5810,2106,2153,0.077680991522488071,0.065658865793532417,0.84523722607897789
5811,2154,2155,0.026162445790683626,0.021683645835340631,0.82880805597548979
5812,2155,2107,0.075273969613892447,0.061823951467404513,0.82131913308839744
5813,2107,2154,0.07904911975404906,0.065516533635773963,0.82880788349851386
5814,2155,2156,0.026160546360985592,0.021325151496769269,0.81516460713421612
5815,2156,2108,0.07641543401505406,0.061824273799734437,0.80905480151503006
5816,2108,2155,0.080227194576351274,0.065398270122062382,0.81516336782565191
5817,2156,2157,0.026162531256426588,0.021042222704885725,0.80428848793890673
5818,2157,2108,0.081198402406504389,0.065306841007334429,0.80428726516549087
5819,2157,2158,0.026160438182761633,0.0208278190549561,0.79615711745533946
5820,2158,2110,0.077983830929761036,0.061823985182597921,0.79277953449455352
5821,2110,2157,0.081941801569439768,0.065238544275840249,0.79615706545767473
5822,2158,2159,0.026160720515518748,0.02068659875531256,0.79075034432026081
5823,2159,2111,0.07838465391163553,0.061824065205618679,0.78872664635751399
5824,2111,2158,0.082443858302978387,0.065192538255521876,0.79075069504803508
5825,2159,2112,0.026161896525199218,0.020616933264588262,0.78805193823505759
5826,2064,2159,0.082700411836227367,0.065172190099911653,0.78805157861816866
5827,2160,2161,0.026161974424513179,0.020616942068945966,0.78804992828172626
5828,2161,2113,0.07838468555042595,0.061824012760852608,0.78872565893091917
5829,2113,2160,0.082700432271399643,0.065172122404595537,0.7880505653310117
5830,2161,2162,0.026160712105976182,0.020686561847198234,0.79074918769021485
5831,2162,2114,0.07798603814751251,0.061825698604087716,0.79277906754466598
5832,2114,2161,0.082445475773180579,0.065193735653399643,0.79074970508699627
5833,2162,2163,0.026160890999298698,0.020828175944078021,0.79615697892844584
5834,2163,2114,0.081941937275187671,0.065238687914994237,0.79615749986361084
5835,2115,2163,0.077323568969754716,0.061824014891823327,0.79954942219500924
5836,2163,2164,0.026161833150610745,0.021041656971517112,0.80428832530131389
5837,2164,2115,0.081198156367191299,0.065306697833961799,0.80428793898514472
5838,2164,2165,0.026160527936316142,0.021325104655313096,0.8151633907093101
5839,2165,2117,0.075276500083623354,0.061825992595180054,0.82131863897097546
5840,2117,2164,0.080228157210240708,0.065399109616193607,0.81516405075605736
5841,2165,2166,0.026162001715974704,0.021683229737831235,0.82880621954058287
5842,2166,2118,0.073920446751933239,0.061824394175645281,0.83636391407534871
5843,2118,2165,0.07905057359394646,0.065517699173266802,0.82880738487499117
5844,2166,2167,0.026160173889629077,0.022111524301655788,0.8452361362330878
5845,2167,2118,0.077682211062904988,0.065659904253152143,0.84523732466861046
5846,2167,2168,0.02616118464162618,0.02261531995409732,0.8644608515974127
5847,2168,2120,0.070666177376247974,0.061821632837108967,0.87484048426663874
5848,2120,2167,0.076151257340205142,0.065829727412411998,0.86446015091147099
5849,2168,2169,0.026162000798614932,0.023191761402120908,0.88646742199276762
5850,2169,2121,0.068826037869593196,0.061822860012734078,0.89824813292131889
5851,2121,2168,0.074485581003014459,0.06602903914314405,0.88646739750169679
5852,2169,2170,0.026159755235279962,0.023837013619489839,0.91120935211742371
5853,2170,2121,0.07271486749893738,0.066258465472440867,0.91120932694278978
5854,2170,2171,0.026162121201785658,0.024555641343942863,0.93859519855243445
5855,2171,2123,0.064864849354486373,0.061819629414429228,0.95305284803152757
5856,2123,2170,0.070871133078160231,0.066519355581204254,0.93859590911074298
5857,2171,2172,0.026161190757546804,0.025336268969753398,0.96846772780954404
5858,2172,2123,0.06898443382983431,0.066809248462941562,0.9684684609826858
5859,2124,2172,0.062814719943182301,0.061818000722862865,0.98413239410728892
5860,2172,2173,0.026161190757546887,0.026176453832925699,1.0005834243372278
5861,2173,2124,0.067092346030672753,0.06713147009771675,1.0005831375612668
5862,2173,2174,0.026161370564978026,0.027066414542712119,1.0345946698582247
5863,2174,2126,0.058751697158152143,0.06181698687379044,1.0521736369144694
5864,2126,2173,0.065225339652061801,0.067481773044708801,1.0345944291694567
5865,2174,2175,0.026162229755280302,0.027994309679207328,1.0700276674069518
5866,2175,2126,0.063417895100133653,0.067858886579116165,1.0700274184750285
5867,2175,2176,0.026160343612456637,0.028940182660372165,1.1062615647980965
5868,2176,2128,0.054963262512803826,0.061813807859728745,1.1246386228497456
5869,2128,2175,0.061696955308524697,0.06825294581051608,1.1062611674953358
5870,2176,2177,0.026160548195806724,0.029889027419911562,1.1425229775843335
5871,2177,2128,0.060095561351611648,0.068660535036293019,1.1425225672586494
5872,2177,2178,0.026160173889629171,0.030813816012970452,1.1778903360113424
5873,2178,2130,0.05171205366567394,0.061813665854118904,1.1953434735691097
5874,2130,2177,0.058636754582617003,0.069067624154721521,1.1778896128606131
5875,2178,2179,0.026162001715974541,0.031690255385513781,1.2113085126113909
5876,2179,2131,0.050356000336915965,0.061811243303449739,1.2274851634341566
5877,2131,2178,0.057345632416544889,0.069463203807766341,1.2113076598964385
5878,2179,2180,0.026160953076524714,0.032482303676658032,1.2416330391955683
5879,2180,2131,0.0562372335501009,0.06982595805391921,1.2416321651333067
5880,2132,2180,0.049215766363967101,0.061812165540125322,1.2559423556062019
5881,2180,2181,0.026162650434040171,0.033166335131622468,1.2676978280636972
5882,2181,2132,0.055335468897435347,0.070148612278026962,1.2676970788491533
5883,2133,2181,0.048307747295208876,0.06181278040024836,1.2795624689868099
5884,2181,2182,0.02616005095456916,0.033704498846705594,1.2883957644133988
5885,2182,2133,0.054644819447259012,0.070404148137728523,1.2883956585432546
5886,2134,2182,0.047647154495101249,0.061812226891811595,1.2972910459567255
5887,2182,2183,0.0261608614131798,0.034081853806485443,1.3027802589602444
5888,2183,2134,0.054180246946463,0.070585016715902407,1.3027813768669128
5889,2183,2184,0.026161924351869887,0.034276239646937393,1.3101574328376018
5890,2184,2136,0.047111805086455683,0.061811889837671295,1.3120255045256541
5891,2136,2183,0.053946780205161991,0.0706788723126935,1.3101592355261726
5892,2184,2185,0.026161924351869887,0.034276239646928067,1.3101574328372454
5893,2185,2136,0.053946780205161991,0.070678872312674251,1.3101592355258158
5894,2185,2186,0.0261608614131798,0.034081853806457736,1.3027802589591853
5895,2186,2138,0.047647154495101249,0.061812226891772737,1.2972910459559099
5896,2138,2185,0.054180246946463,0.070585016715876997,1.3027813768664436
5897,2186,2187,0.02616005095456916,0.033704498846661504,1.2883957644117132
5898,2187,2139,0.048307747295208876,0.061812780400197942,1.2795624689857663
5899,2139,2186,0.054644819447259012,0.070404148137687014,1.2883956585424949
5900,2187,2188,0.026162650434040171,0.03316633513156915,1.2676978280616591
5901,2188,2140,0.049215766363967101,0.06181216554008008,1.2559423556052827
5902,2140,2187,0.055335468897435347,0.070148612277980762,1.2676970788483184
5903,2188,2189,0.026160953076524714,0.032482303676612923,1.2416330391938439
5904,2189,2141,0.050356000336915965,0.061811243303442481,1.2274851634340125
5905,2141,2188,0.0562372335501009,0.069825958053890635,1.2416321651327984
5906,2189,2190,0.026162001715974541,0.031690255385508515,1.2113085126111898
5907,2190,2141,0.057345632416544889,0.069463203807822838,1.2113076598974237
5908,2142,2190,0.05171205366567394,0.061813665854199874,1.1953434735706756
5909,2190,2191,0.026160173889629171,0.030813816013043182,1.1778903360141226
5910,2191,2142,0.058636754582617003,0.069067624154922208,1.1778896128640357
5911,2191,2192,0.026160548195806724,0.029889027420057532,1.1425229775899133
5912,2192,2144,0.054963262512803826,0.061813807860031406,1.1246386228552523
5913,2144,2191,0.060095561351611648,0.068660535036565537,1.1425225672631842
5914,2192,2193,0.026160343612456637,0.028940182660551192,1.1062615648049399
5915,2193,2144,0.061696955308524697,0.068252945810875862,1.1062611675011671
5916,2193,2194,0.026162229755280302,0.027994309679393845,1.070027667414081
5917,2194,2146,0.058751697158152143,0.061816986874149348,1.0521736369205783
5918,2146,2193,0.063417895100133653,0.067858886579503244,1.070027418481132
5919,2194,2195,0.026161370564978026,0.027066414542896374,1.0345946698652677
5920,2195,2146,0.065225339652061801,0.067481773045103527,1.0345944291755083
5921,2195,2196,0.026161190757546887,0.026176453833108883,1.00058342434423
5922,2196,2148,0.062814719943182301,0.061818000723213695,0.98413239411287412
5923,2148,2195,0.067092346030672753,0.067131470098087856,1.0005831375667982
5924,2196,2197,0.026161190757546804,0.025336268969945269,0.96846772781687829
5925,2197,2149,0.064864849354486373,0.061819629414767777,0.95305284803674684
5926,2149,2196,0.06898443382983431,0.066809248463278861,0.96846846098757533
5927,2197,2198,0.026162121201785658,0.024555641344163451,0.93859519856086593
5928,2198,2149,0.070871133078160231,0.066519355581633882,0.93859590911680513
5929,2198,2199,0.026159755235279962,0.023837013619775797,0.91120935212835497
5930,2199,2151,0.068826037869593196,0.061822860013034733,0.89824813292568728
5931,2151,2198,0.07271486749893738,0.066258465472628522,0.91120932694537049
5932,2199,2200,0.026162000798614932,0.023191761402202866,0.88646742199590045
5933,2200,2152,0.070666177376247974,0.061821632837381318,0.87484048427049277
5934,2152,2199,0.074486240240756216,0.066029571841042037,0.88646670348267909
5935,2200,2201,0.02616118464162618,0.022615319953980251,0.86446085159293773
5936,2201,2152,0.076151257340205142,0.065829727412819394,0.86446015091682082
5937,2201,2202,0.026160173889629077,0.022111524301594701,0.84523613623075267
5938,2202,2154,0.073920446751933239,0.061824394175833748,0.83636391407789834
5939,2154,2201,0.077682211062904988,0.065659904253310891,0.84523732467065393
5940,2202,2203,0.026162001715974704,0.02168322973778496,0.82880621953881406
5941,2203,2154,0.07905057359394646,0.065517699173466379,0.82880738487751593
5942,2155,2203,0.075276500083623354,0.06182599259531165,0.82131863897272361
5943,2203,2204,0.026160527936316142,0.021325104655260711,0.81516339070730759
5944,2204,2155,0.080228157210240708,0.06539910961631186,0.81516405075753129
5945,2204,2205,0.026161833150610745,0.021041656971451529,0.80428832529880701
5946,2205,2157,0.077323568969754716,0.061824014891832035,0.79954942219512182
5947,2157,2204,0.081198156367191299,0.065306697833993205,0.80428793898553153
5948,2205,2206,0.026160890999298698,0.020828175944007984,0.79615697892576864
5949,2206,2158,0.07798603814751251,0.061825698604064921,0.79277906754437366
5950,2158,2205,0.081941937275187671,0.065238687914964025,0.79615749986324214
5951,2206,2207,0.026160712105976182,0.020686561847159359,0.79074918768872882
5952,2207,2158,0.082445475773180579,0.065193735653466159,0.79074970508780307
5953,2159,2207,0.07838468555042595,0.061824012760877629,0.78872565893123836
5954,2207,2160,0.026161974424513179,0.020616942068940911,0.78804992828153297
5955,2160,2159,0.082700432271399643,0.065172122404637892,0.78805056533152384
5956,2160,2208,0.078519016219041865,0.061824066749663752,0.78737699129081329
5957,2208,2209,0.02616193650691729,0.020616984381622724,0.78805268777299942
5958,2209,2160,0.082699551909929808,0.065171473529226545,0.78805110818745983
5959,2209,2210,0.026160835725979652,0.020686723957734868,0.79075164778437923
5960,2210,2162,0.077983879273025344,0.061824046415571973,0.79277982824018012
5961,2162,2209,0.082445204976006117,0.065193576474499096,0.7907503716374078
5962,2210,2211,0.026160239026628309,0.020827687212339269,0.79615813873638253
5963,2211,2162,0.081940769417359768,0.065237705182536784,0.79615685386419721
5964,2163,2211,0.07732442275254775,0.061824717517314158,0.79954968063795995
5965,2211,2212,0.026161762819162777,0.021041587185656244,0.80428782001814714
5966,2212,2163,0.081199772469028583,0.065307998243985685,0.80428794635964806
5967,2212,2213,0.026160744291574452,0.021325266885022839,0.81516285038920056
5968,2213,2165,0.075274251702471581,0.061824084047422519,0.82131781650633884
5969,2165,2212,0.080227572177508463,0.065398548951953545,0.81516300664384078
5970,2213,2214,0.026162663429641908,0.021683786403641929,0.82880653424125472
5971,2214,2165,0.079048386486193264,0.065515831799396865,0.82880669311118682
5972,2166,2214,0.073920275243297751,0.06182419913042158,0.83636321600448982
5973,2214,2215,0.026159661962214989,0.02211110391176304,0.84523660679179702
5974,2215,2166,0.077680492326179823,0.06565835823124494,0.84523612383332958
5975,2167,2215,0.072373951919456767,0.061822094923474881,0.85420366421713723
5976,2215,2216,0.026160922955327556,0.022615081089761117,0.86446036817503247
5977,2216,2167,0.076151002295141601,0.065829524446686202,0.86446038085681365
5978,2168,2216,0.070669224562750391,0.061824315084412211,0.87484071697313748
5979,2216,2217,0.026161728876526725,0.023191489977028874,0.88646626094490033
5980,2217,2168,0.074487430355244827,0.066030629831268034,0.8864667436687681
5981,2169,2217,0.068825789010225152,0.061822590876667777,0.89824747039925779
5982,2217,2218,0.026160735576238256,0.023837888322287941,0.91120864139385471
5983,2218,2169,0.072713470276865075,0.066257193161953692,0.91120933865034426
5984,2218,2219,0.026160976623020176,0.024554550014754924,0.93859454746610316
5985,2219,2171,0.0648659713991354,0.061820610011106704,0.95305147949932212
5986,2171,2218,0.070870519709662974,0.066518728535301941,0.93859518468061021
5987,2219,2220,0.026161563061530002,0.025336602930202762,0.96846671089999492
5988,2220,2172,0.062815800347754844,0.06181905875978471,0.98413231094004905
5989,2172,2219,0.068986139031375723,0.066810803960024964,0.96846707031449619
5990,2220,2221,0.026161563061530002,0.026176815232404879,1.0005829992206126
5991,2221,2172,0.067092599680192114,0.067131739527237916,1.0005833705540159
5992,2173,2221,0.060765629298225189,0.061817428156797624,1.017309108302169
5993,2221,2222,0.026160976623020176,0.027065999945015785,1.0345944012349768
5994,2222,2173,0.065226610278847214,0.06748308943337214,1.0345944568463448
5995,2174,2222,0.05875038004306278,0.061815602693672804,1.0521736650616265
5996,2222,2223,0.026161563214425799,0.027993568099836132,1.0700265832891875
5997,2223,2174,0.063418142221944071,0.06785911201175357,1.0700268035961613
5998,2223,2224,0.026162543258301894,0.028942598287047538,1.1062608860804646
5999,2224,2176,0.054963213461912706,0.061813786871755219,1.1246392446575142
6000,2176,2223,0.061699457970561047,0.068255683820287377,1.1062606717364443
6001,2224,2225,0.02615944124012113,0.02988773819554329,1.1425220409411503
6002,2225,2176,0.060095880009412128,0.06866085417709418,1.1425218195713354
6003,2177,2225,0.053255832487061526,0.061813519752392139,1.1606901416367812
6004,2225,2226,0.026161001774935112,0.030814734204806831,1.1778881584852177
6005,2226,2177,0.058637191166547982,0.06906812312644113,1.1778893523440785
6006,2178,2226,0.051710346494648236,0.061811611527356806,1.1953432091922649
6007,2226,2227,0.026162064784368871,0.031690257013137609,1.2113056547460155
6008,2227,2178,0.057345802612074982,0.069463352989452665,1.2113066663195704
6009,2179,2227,0.050358186321476248,0.061813875864101885,1.2274841565876675
6010,2227,2228,0.026161248782273883,0.03248259099127275,1.2416299872230117
6011,2228,2179,0.056238520225403849,0.069827539580932019,1.2416318797340935
6012,2228,2229,0.026161762819162823,0.033165149340613417,1.2676955130990177
6013,2229,2181,0.048307177943070254,0.061812001803059693,1.2795614323797759
6014,2181,2228,0.05533364985623692,0.070146282237542587,1.2676966442624074
6015,2229,2230,0.026160239026628309,0.033704722783073661,1.2883950620162865
6016,2230,2181,0.054644182604664845,0.070403357856553467,1.2883962116498617
6017,2182,2230,0.047646742465159243,0.061811660785385143,1.2972903830851337
6018,2230,2231,0.026160658590641966,0.03408161081871159,1.3027810710737635
6019,2231,2182,0.054181293109366792,0.070586338566785464,1.3027806188439344
6020,2231,2232,0.026161995906030008,0.034276357420837233,1.3101583512187986
6021,2232,2184,0.04711160551852895,0.061811569203974709,1.3120242565213422
6022,2184,2231,0.053948183901482066,0.070680633651628619,1.3101577947591834
6023,2232,2233,0.026161995906030008,0.034276357420820358,1.3101583512181536
6024,2233,2184,0.053948183901482066,0.070680633651593813,1.3101577947585381
6025,2233,2234,0.026160658590641966,0.034081610818656474,1.3027810710716565
6026,2234,2186,0.047646742465159243,0.061811660785282177,1.2972903830829727
6027,2186,2233,0.054181293109366792,0.070586338566712536,1.3027806188425883
6028,2234,2235,0.026160239026628309,0.033704722782968377,1.2883950620122619
6029,2235,2187,0.048307177943070254,0.061812001802888712,1.2795614323762365
6030,2187,2234,0.054644182604664845,0.070403357856420254,1.2883962116474239
6031,2235,2236,0.026161762819162823,0.033165149340444768,1.2676955130925713
6032,2236,2187,0.05533364985623692,0.070146282237272262,1.2676966442575222
6033,2236,2237,0.026161248782273883,0.032482590991044391,1.2416299872142829
6034,2237,2189,0.050358186321476248,0.061813875863824225,1.2274841565821537
6035,2189,2236,0.056238520225403849,0.069827539580678208,1.2416318797295804
6036,2237,2238,0.026162064784368871,0.031690257012920955,1.2113056547377343
6037,2238,2190,0.051710346494648236,0.061811611527201632,1.195343209189264
6038,2190,2237,0.057345802612074982,0.069463352989205265,1.2113066663152563
6039,2238,2239,0.026161001774935112,0.030814734204873146,1.1778881584877525
6040,2239,2191,0.053255832487061526,0.06181351975282625,1.1606901416449327
6041,2191,2238,0.058637191166547982,0.069068123126377945,1.177889352343001
6042,2239,2240,0.02615944124012113,0.029887738195878276,1.1425220409539558
6043,2240,2192,0.054963213461912706,0.061813786872315812,1.1246392446677136
6044,2192,2239,0.060095880009412128,0.06866085417764009,1.1425218195804192
6045,2240,2241,0.026162543258301894,0.028942598287385473,1.1062608860933814
6046,2241,2192,0.061699457970561047,0.068255683820861987,1.1062606717457573
6047,2241,2242,0.026161563214425799,0.027993568100119933,1.0700265833000355
6048,2242,2194,0.05875038004306278,0.06181560269416779,1.0521736650700517
6049,2194,2241,0.063418142221944071,0.067859112012357184,1.0700268036056793
6050,2242,2243,0.026160976623020176,0.027065999945246434,1.0345944012437933
6051,2243,2195,0.060765629298225189,0.061817428157250248,1.0173091083096177
6052,2195,2242,0.065226610278847214,0.067483089433915427,1.0345944568546739
6053,2243,2244,0.026161563061530002,0.026176815232595116,1.0005829992278841
6054,2244,2196,0.062815800347754844,0.061819058760213944,0.98413231094688225
6055,2196,2243,0.067092599680192114,0.06713173952773932,1.0005833705614893
6056,2244,2245,0.026161563061530002,0.025336602930363605,0.968466710906143
6057,2245,2196,0.068986139031375723,0.066810803960462586,0.96846707032083978
6058,2197,2245,0.0648659713991354,0.061820610011538081,0.95305147950597235
6059,2245,2246,0.026160976623020176,0.024554550014891392,0.93859454747131954
6060,2246,2197,0.070870519709662974,0.066518728535739688,0.93859518468678682
6061,2246,2247,0.026160735576238256,0.023837888322395768,0.91120864139797642
6062,2247,2199,0.068825789010225152,0.061822590877221521,0.89824747040730335
6063,2199,2246,0.072713470276865075,0.066257193162589378,0.9112093386590866
6064,2247,2248,0.026161728876526725,0.023191489977088534,0.88646626094718073
6065,2248,2200,0.070669224562750391,0.061824315084235977,0.87484071697064369
6066,2200,2247,0.074487430355244827,0.06603062983116656,0.88646674366740585
6067,2248,2249,0.026160922955327556,0.022615081089769673,0.86446036817535954
6068,2249,2201,0.072373951919456767,0.06182209492335447,0.85420366421547345
6069,2201,2248,0.076151002295141601,0.065829524446615939,0.86446038085589105
6070,2249,2250,0.026159661962214989,0.022111103911730542,0.84523660679055468
6071,2250,2202,0.073920275243297751,0.061824199130280325,0.8363632160025789
6072,2202,2249,0.077680492326179823,0.065658358231158467,0.84523612383221647
6073,2250,2251,0.026162663429641908,0.021683786403557691,0.82880653423803496
6074,2251,2203,0.075274251702471581,0.061824084047191655,0.82131781650327185
6075,2203,2250,0.079048386486193264,0.06551583179924704,0.82880669310929145
6076,2251,2252,0.026160744291574452,0.021325266884858089,0.81516285038290304
6077,2252,2203,0.080227572177508463,0.065398548951552796,0.81516300663884556
6078,2252,2253,0.026161762819162777,0.021041587185357605,0.80428782000673193
6079,2253,2205,0.07732442275254775,0.061824717516642626,0.79954968062927534
6080,2205,2252,0.081199772469028583,0.065307998243542373,0.80428794635418854
6081,2253,2254,0.026160239026628309,0.020827687211812468,0.79615813871624497
6082,2254,2206,0.077983879273025344,0.061824046414471867,0.79277982822607329
6083,2206,2253,0.081940769417359768,0.065237705181834332,0.79615685385562462
6084,2254,2255,0.026160835725979652,0.020686723957590442,0.79075164777885854
6085,2255,2206,0.082445204976006117,0.065193576474990911,0.79075037164337314
6086,2255,2208,0.02616193650691729,0.020616984381811952,0.7880526877802323
6087,2160,2255,0.082699551909929808,0.065171473529824706,0.78805110819469271
6088,2256,2257,0.026161941246619792,0.020616933827311147,0.78805061264232146
6089,2257,2209,0.078384134421282892,0.061823634682478333,0.7887263811602665
6090,2209,2256,0.082698961313038041,0.065171049921847315,0.78805161379424327
6091,2257,2258,0.02616064521179132,0.020686509895448863,0.79074922380449875
6092,2258,2210,0.077984736367199173,0.061824714702353741,0.79277968461989401
6093,2210,2257,0.082444776327222635,0.065193259909420737,0.79075064320229616
6094,2258,2259,0.026160410048705035,0.020827760481185852,0.79615573465435208
6095,2259,2211,0.077324843135395144,0.061824968211222145,0.79954857590809658
6096,2211,2258,0.081942636449117881,0.065239179813911363,0.79615670963212792
6097,2259,2260,0.026162001104401519,0.021041740723365038,0.80428636324095848
6098,2260,2212,0.076415134180216254,0.061823946288826731,0.80905369011094197
6099,2212,2259,0.081198321001047902,0.065306740611983854,0.80428683508296972
6100,2260,2261,0.026160637184477722,0.02132515032980439,0.8151617324694812
6101,2261,2212,0.080227317427177064,0.065398277431796645,0.8151622106916282
6102,2213,2261,0.075273478394109042,0.061823388549019462,0.82131701454436579
6103,2261,2262,0.026161980846036048,0.021683174625518047,0.82880477411569498
6104,2262,2213,0.079048859611977065,0.06551612364846747,0.82880542451925276
6105,2262,2263,0.026160325340547512,0.022111624452054394,0.84523507120846908
6106,2263,2215,0.072375923068347683,0.061823748239059978,0.85420324353828503
6107,2215,2262,0.077682677705578518,0.065660154995255682,0.84523547507091812
6108,2263,2264,0.026162002021761038,0.022616019719017985,0.86446059060030744
6109,2264,2216,0.07066665024512786,0.061822074747466885,0.87484088368443969
6110,2216,2263,0.076150278599138102,0.065828866420698628,0.86445995512672624
6111,2264,2265,0.026162143524090319,0.023191902946117966,0.88646799620079564
6112,2265,2216,0.07448518412039222,0.066028683375473601,0.88646734454935128
6113,2265,2266,0.026160646358550154,0.023837863610515982,0.91121080434333346
6114,2266,2218,0.066879977094945225,0.061821082386705764,0.92435860584913665
6115,2218,2265,0.072714463537040058,0.066258128522216631,0.91120975524305925
6116,2266,2267,0.026161373622916886,0.024554982791909784,0.9385968468566982
6117,2267,2218,0.070871441862813231,0.066519635278780909,0.93859576622617369
6118,2267,2268,0.026161002310082018,0.025336111870844533,0.96846869896419885
6119,2268,2220,0.062815707632304346,0.061818991203473665,0.98413268804253506
6120,2220,2267,0.068985103773777173,0.066809863305027362,0.96846796844891214
6121,2268,2269,0.026161002310081987,0.026176280281046089,1.0005839979211428
6122,2269,2221,0.060766087877388568,0.061817906423079681,1.0173093016587382
6123,2221,2268,0.067093049205953895,0.067132215039134024,1.0005837539602636
6124,2269,2270,0.026161373622916886,0.027066428199267425,1.0345950709391547
6125,2270,2222,0.058751438169721767,0.061816728241840389,1.0521738729741998
6126,2222,2269,0.065225644072442635,0.067482102627678855,1.0345946534882828
6127,2270,2271,0.026160646358550244,0.027992595473406066,1.0700269056715059
6128,2271,2223,0.056804774037299985,0.061813963095657634,1.0881825364725233
6129,2223,2270,0.063416860464201294,0.067857753905499765,1.0700270150365667
6130,2271,2272,0.026162143524090235,0.028942148780727265,1.1062606072043442
6131,2272,2224,0.05496378776941626,0.061814435472572371,1.1246392940001861
6132,2224,2271,0.061699225359041113,0.068255432739935715,1.1062607730120211
6133,2272,2273,0.026159715250228137,0.029888051620971717,1.1425220548113981
6134,2273,2225,0.053256259930819623,0.061813963245247669,1.1606891532665753
6135,2225,2272,0.060095182887118077,0.06866006071206894,1.1425218696985915
6136,2273,2274,0.02616160747772946,0.030815477090494568,1.1778892836278045
6137,2274,2226,0.05171171610356718,0.061813246089410905,1.1953431590940162
6138,2226,2273,0.058637760699043168,0.069068735158092934,1.1778883493281143
6139,2274,2275,0.026160856520381713,0.031688836321493899,1.2113072940408269
6140,2275,2227,0.050355982384760474,0.061811110975536335,1.2274829731897474
6141,2227,2274,0.057344266369860807,0.069461489217804193,1.2113066155522743
6142,2275,2276,0.026161584619832437,0.032483052192132232,1.241631677291736
6143,2276,2227,0.056238221390754642,0.069827118041078898,1.2416309818176117
6144,2276,2277,0.026162001104401506,0.033165483646017992,1.2676967451254415
6145,2277,2229,0.048307339864652875,0.061812164395717309,1.2795605092083759
6146,2229,2276,0.055334878749309417,0.070147833699514731,1.2676965285731321
6147,2277,2278,0.026160410048705042,0.033704956414204804,1.2883955699262146
6148,2278,2229,0.054644770330123049,0.07040406798629939,1.2883953498380611
6149,2278,2279,0.026160516468673071,0.034081442099817047,1.3027816993073971
6150,2279,2231,0.047243581353822471,0.061808535715447546,1.3082948824845309
6151,2231,2278,0.0541797719749713,0.07058439713232488,1.3027813621093092
6152,2279,2280,0.026161984515477004,0.034276363721680844,1.3101591624826283
6153,2280,2231,0.053946957490429909,0.070679082350324773,1.3101588233750368
6154,2280,2281,0.026161984515477004,0.034276363721672393,1.3101591624823052
6155,2281,2233,0.047243581353822471,0.061808535715401861,1.3082948824835638
6156,2233,2280,0.053946957490429909,0.070679082350289982,1.3101588233743917
6157,2281,2282,0.026160516468673071,0.034081442099778543,1.3027816993059251
6158,2282,2233,0.0541797719749713,0.070584397132227791,1.302781362107517
6159,2282,2283,0.026160410048705042,0.033704956414092553,1.2883955699219238
6160,2283,2235,0.048307339864652875,0.06181216439544248,1.2795605092026867
6161,2235,2282,0.054644770330123049,0.070404067986096511,1.2883953498343486
6162,2283,2284,0.026162001104401506,0.033165483645735377,1.267696745114639
6163,2284,2235,0.055334878749309417,0.070147833698948447,1.2676965285628985
6164,2284,2285,0.026161584619832437,0.032483052191467292,1.2416316772663194
6165,2285,2237,0.050355982384760474,0.061811110974402735,1.2274829731672356
6166,2237,2284,0.056238221390754642,0.069827118040379374,1.2416309818051732
6167,2285,2286,0.026160856520381713,0.031688836319976182,1.2113072939828122
6168,2286,2237,0.057344266369860807,0.069461489215203412,1.2113066155069205
6169,2238,2286,0.05171171610356718,0.061813246087161454,1.1953431590505164
6170,2286,2287,0.02616160747772946,0.030815477090563387,1.1778892836304351
6171,2287,2238,0.058637760699043168,0.06906873516036105,1.1778883493667944
6172,2239,2287,0.053256259930819623,0.061813963247768222,1.1606891533139041
6173,2287,2288,0.026159715250228137,0.029888051622553112,1.1425220548718495
6174,2288,2239,0.060095182887118077,0.068660060713594845,1.142521869723983
6175,2240,2288,0.05496378776941626,0.061814435474015272,1.124639294026438
6176,2288,2289,0.026162143524090235,0.028942148781484458,1.1062606072332866
6177,2289,2240,0.061699225359041113,0.068255432740969554,1.1062607730287772
6178,2241,2289,0.056804774037299985,0.061813963096553702,1.0881825364882978
6179,2289,2290,0.026160646358550244,0.027992595473803172,1.0700269056866853
6180,2290,2241,0.063416860464201294,0.067857753906226906,1.0700270150480327
6181,2242,2290,0.058751438169721767,0.06181672824244791,1.0521738729845405
6182,2290,2291,0.026161373622916886,0.027066428199499944,1.0345950709480425
6183,2291,2242,0.065225644072442635,0.067482102628219576,1.0345946534965729
6184,2243,2291,0.060766087877388568,0.061817906423529981,1.0173093016661485
6185,2291,2292,0.026161002310081987,0.026176280281200011,1.0005839979270266
6186,2292,2243,0.067093049205953895,0.067132215039562945,1.0005837539666564
6187,2244,2292,0.062815707632304346,0.061818991203836139,0.98413268804830556
6188,2292,2293,0.026161002310082018,0.025336111870959702,0.9684686989686011
6189,2293,2244,0.068985103773777173,0.066809863305389725,0.96846796845416494
6190,2293,2294,0.026161373622916886,0.024554982792005582,0.93859684686036005
6191,2294,2246,0.066879977094945225,0.061821082386979552,0.92435860585323038
6192,2246,2293,0.070871441862813231,0.066519635279089107,0.93859576623052243
6193,2294,2295,0.026160646358550154,0.023837863610601813,0.91121080434661428
6194,2295,2246,0.072714463537040058,0.066258128522503693,0.91120975524700709
6195,2295,2296,0.026162143524090319,0.023191902946199577,0.88646799620391503
6196,2296,2248,0.07066665024512786,0.061822074747615002,0.87484088368653568
6197,2248,2295,0.07448518412039222,0.066028683375630864,0.8864673445514627
6198,2296,2297,0.026162002021761038,0.022616019719103785,0.86446059060358704
6199,2297,2248,0.076150278599138102,0.065828866420873475,0.86445995512902241
6200,2249,2297,0.072375923068347683,0.061823748239169779,0.85420324353980215
6201,2297,2298,0.026160325340547512,0.022111624452158019,0.84523507121243024
6202,2298,2249,0.077682677705578518,0.065660154995413819,0.84523547507295382
6203,2298,2299,0.026161980846036048,0.021683174625659735,0.82880477412111087
6204,2299,2251,0.075273478394109042,0.061823388549094194,0.82131701454535866
6205,2251,2298,0.079048859611977065,0.06551612364846704,0.82880542451924732
6206,2299,2300,0.026160637184477722,0.021325150330016234,0.81516173247757895
6207,2300,2252,0.076415134180216254,0.061823946288888536,0.80905369011175077
6208,2252,2299,0.080227317427177064,0.065398277431719179,0.81516221069066264
6209,2300,2301,0.026162001104401519,0.021041740723701106,0.8042863632538042
6210,2301,2252,0.081198321001047902,0.065306740612300795,0.80428683508687304
6211,2253,2301,0.077324843135395144,0.061824968211270308,0.79954857590871942
6212,2301,2302,0.026160410048705035,0.020827760481740058,0.79615573467553702
6213,2302,2253,0.081942636449117881,0.065239179814404774,0.79615670963814933
6214,2302,2303,0.02616064521179132,0.020686509895610057,0.79074922381066048
6215,2303,2255,0.078384134421282892,0.061823634682495271,0.78872638116048255
6216,2255,2302,0.08244488859606118,0.065193314488179874,0.79075022840523912
6217,2303,2256,0.026161941246619792,0.020616933827127565,0.7880506126353044
6218,2256,2255,0.082698961313038041,0.065171049922445476,0.78805161380147626
6219,2304,2305,0.026161912043923048,0.020616972468998646,0.78805296930839608
6220,2305,2257,0.078386886047997678,0.061825804773207857,0.78872637873828566
6221,2257,2304,0.082699918609444256,0.065171833826536713,0.78805197057466203
6222,2305,2306,0.026160509970339706,0.020686447426739248,0.79075092382347101
6223,2306,2257,0.082446158402261355,0.065194293298621989,0.79074992167050229
6224,2258,2306,0.077984727775787216,0.061824651478413241,0.79277896123667213
6225,2306,2307,0.026160819365666409,0.020828140189373255,0.7961577922405676
6226,2307,2258,0.081941618415138737,0.065238400434667845,0.79615708960191878
6227,2307,2308,0.026161189381464809,0.021041134131442863,0.80428813172961078
6228,2308,2260,0.076416035382411193,0.061824669864553733,0.80905361754457128
6229,2260,2307,0.081198498171729805,0.065306955938436495,0.80428773202573678
6230,2308,2309,0.026161918389014376,0.021326246561040832,0.81516371406448218
6231,2309,2260,0.080228656409205457,0.065399457031606933,0.81516330895581324
6232,2261,2309,0.075275019768758042,0.061824725555481512,0.82131795840644994
6233,2309,2310,0.026161058729789934,0.021682470337205505,0.82880706630253453
6234,2310,2261,0.079049755481806594,0.065516869226114022,0.82880546342983707
6235,2262,2310,0.073919886066839427,0.061823794824750776,0.8363621498124173
6236,2310,2311,0.026160352175020586,0.022111676619217185,0.8452361983234572
6237,2311,2262,0.077680206643049199,0.065658067940357293,0.84523549534393982
6238,2311,2312,0.026161182883298675,0.022615313706250469,0.86446067087769596
6239,2312,2264,0.070667123790083317,0.061822509189130834,0.87484116903886722
6240,2264,2311,0.076151259362492896,0.06582979567656104,0.86446102438306449
6241,2312,2313,0.026162310176311192,0.023192028961813882,0.88646716614548937
6242,2313,2265,0.068827183936152087,0.061823915095185679,0.89824850530768441
6243,2265,2312,0.074486075082809688,0.066029494721967022,0.88646763369608228
6244,2313,2314,0.026160023737524955,0.023837259634130272,0.91120940383311577
6245,2314,2266,0.066880740636309596,0.061821796937773156,0.9243587369038504
6246,2266,2313,0.072716939339597053,0.066260425837192355,0.91121032374242283
6247,2314,2315,0.02616125069349463,0.024554817954682118,0.93859495642492452
6248,2315,2266,0.070870255904547041,0.066518531906110984,0.93859590398125192
6249,2315,2316,0.026161471935459649,0.025336526853690238,0.96846717631926249
6250,2316,2268,0.062815898921449065,0.061819190995203756,0.98413287171944019
6251,2268,2315,0.068985522325984094,0.066810251939537199,0.96846772608072929
6252,2316,2317,0.026161471935459403,0.026176730786739742,1.0005832566041384
6253,2317,2268,0.067093347298299494,0.067132518044724865,1.0005838245966656
6254,2317,2318,0.026161250693494686,0.027066289627159273,1.034594635564944
6255,2318,2270,0.058751057208192986,0.061816337041196726,1.0521740370073933
6256,2270,2317,0.065226733295816797,0.067483245071641454,1.0345948917231667
6257,2318,2319,0.026161555875425187,0.027993567983247095,1.0700268790031255
6258,2319,2271,0.056805725039474619,0.061815005405972005,1.088182667557124
6259,2271,2318,0.063418064925524154,0.067859018974526147,1.0700266407405727
6260,2319,2320,0.026160858966780845,0.02894071664891406,1.1062601837983641
6261,2320,2271,0.061698998224844738,0.068255129918039725,1.1062599374677526
6262,2272,2320,0.054964674053519756,0.061815385534114711,1.1246384445748616
6263,2320,2321,0.026161182883298651,0.029889721413982353,1.1425217868517714
6264,2321,2272,0.060096393752116853,0.068661480741075073,1.1425224785415102
6265,2321,2322,0.026160352175020607,0.030813991459683623,1.177889015160376
6266,2322,2274,0.051710248835335419,0.061811504216740976,1.1953433914729688
6267,2274,2321,0.058637133012391707,0.069068076213401081,1.1778897204746523
6268,2322,2323,0.026162125559223228,0.031690355364614391,1.2113066001795956
6269,2323,2274,0.057345233431600563,0.069462701338443886,1.2113073255041611
6270,2323,2324,0.026161019434775851,0.032482340376845685,1.2416312926118964
6271,2324,2276,0.049214099514754674,0.061810071433823492,1.2559423426063596
6272,2276,2323,0.056237824720245133,0.069826666448362745,1.2416317095427367
6273,2324,2325,0.02616190501080801,0.033165339017700329,1.2676958732171475
6274,2325,2277,0.048307164735942029,0.061811929109257653,1.2795602773860926
6275,2277,2324,0.055333265387819935,0.070145776874855209,1.2676963194421531
6276,2325,2326,0.026160299270562952,0.033704783524140483,1.2883944168814234
6277,2326,2277,0.054643263232428539,0.070402100050154473,1.2883948703922519
6278,2326,2327,0.026160825634572685,0.034081808138342315,1.3027802950263812
6279,2327,2279,0.047247134078294083,0.061813166658152639,1.3082945212236772
6280,2279,2326,0.05418080330786721,0.070585720678747785,1.3027809919624898
6281,2327,2328,0.026161912043923052,0.034276215565026885,1.3101571287098888
6282,2328,2279,0.053949189596314506,0.070681953149771617,1.3101578295923133
6283,2328,2329,0.026161912043923052,0.034276215565070559,1.3101571287115583
6284,2329,2281,0.047247134078294083,0.06181316665821613,1.308294521225021
6285,2281,2328,0.053949189596314506,0.070681953149754173,1.3101578295919898
6286,2329,2330,0.026160825634572685,0.034081808138469838,1.3027802950312557
6287,2330,2281,0.05418080330786721,0.070585720678904562,1.3027809919653832
6288,2330,2331,0.026160299270562952,0.033704783524367163,1.2883944168900885
6289,2331,2283,0.048307164735942029,0.06181192910936955,1.2795602773884089
6290,2283,2330,0.054643263232428539,0.070402100050155902,1.2883948703922781
6291,2331,2332,0.02616190501080801,0.033165339018104971,1.2676958732326145
6292,2332,2283,0.055333265387819935,0.07014577687524072,1.26769631944912
6293,2284,2332,0.049214099514754674,0.061810071433939018,1.2559423426087071
6294,2332,2333,0.026161019434775851,0.032482340377631244,1.2416312926419244
6295,2333,2284,0.056237824720245133,0.069826666449072691,1.2416317095553608
6296,2333,2334,0.026162125559223228,0.031690355366247293,1.2113066002420103
6297,2334,2286,0.051710248835335419,0.06181150421685145,1.1953433914751053
6298,2286,2333,0.057345233431600563,0.069462701337245164,1.2113073254832576
6299,2334,2335,0.026160352175020607,0.030813991459722811,1.1778890151618739
6300,2335,2287,0.053255645014599659,0.061813282458669891,1.160689771792722
6301,2287,2334,0.058636214680696068,0.069066927552852195,1.17788857839744
6302,2335,2336,0.026161182883298651,0.029889721412501617,1.1425217867951709
6303,2336,2288,0.054964674053519756,0.0618153855342169,1.1246384445767208
6304,2288,2335,0.060096393752116853,0.068661480739919178,1.1425224785222761
6305,2336,2337,0.026160858966780845,0.028940716648250969,1.1062601837730175
6306,2337,2289,0.056805725039474619,0.061815005406070746,1.0881826675588622
6307,2289,2336,0.061698998224844738,0.068255129917593138,1.1062599374605147
6308,2337,2338,0.026161555875425187,0.027993567982938321,1.070026878991323
6309,2338,2289,0.063418064925524154,0.067859018974888455,1.0700266407462857
6310,2290,2338,0.058751057208192986,0.061816337041293079,1.0521740370090333
6311,2338,2339,0.026161250693494686,0.027066289627010923,1.0345946355592734
6312,2339,2290,0.065226733295816797,0.067483245071868578,1.0345948917266488
6313,2339,2340,0.026161471935459403,0.026176730786668441,1.000583256601413
6314,2340,2292,0.062815898921449065,0.061819190995303024,0.98413287172102049
6315,2292,2339,0.067093347298299494,0.067132518044768871,1.0005838245973215
6316,2340,2341,0.026161471935459649,0.025336526853661299,0.96846717631815638
6317,2341,2292,0.068985522325984094,0.066810251939686677,0.96846772608289611
6318,2341,2342,0.02616125069349463,0.024554817954686538,0.93859495642509339
6319,2342,2294,0.066880740636309596,0.061821796937914356,0.9243587369059616
6320,2294,2341,0.070870255904547041,0.066518531906216941,0.93859590398274695
6321,2342,2343,0.026160023737524955,0.02383725963415979,0.9112094038342442
6322,2343,2294,0.072716939339597053,0.066260425837368048,0.91121032374483901
6323,2295,2343,0.068827183936152087,0.06182391509534365,0.89824850530997957
6324,2343,2344,0.026162310176311192,0.023192028961857507,0.88646716614715682
6325,2344,2295,0.074486075082809688,0.066029494722153928,0.88646763369859161
6326,2296,2344,0.070667123790083317,0.0618225091893067,0.87484116904135589
6327,2344,2345,0.026161182883298675,0.022615313706305804,0.86446067087981104
6328,2345,2296,0.076151259362492896,0.065829795676767444,0.86446102438577499
6329,2345,2346,0.026160352175020586,0.022111676619285429,0.84523619832606589
6330,2346,2298,0.073919886066839427,0.061823794825021379,0.83636214981607804
6331,2298,2345,0.077680206643049199,0.065658067940621775,0.84523549534734455
6332,2346,2347,0.026161058729789934,0.021682470337288703,0.82880706630571466
6333,2347,2299,0.075275019768758042,0.061824725555852125,0.82131795841137334
6334,2299,2346,0.079049755481806594,0.065516869226480409,0.82880546343447203
6335,2347,2348,0.026161918389014376,0.021326246561139586,0.81516371406825694
6336,2348,2300,0.076416035382411193,0.061824669865083587,0.80905361755150507
6337,2300,2347,0.080228656409205457,0.065399457032141811,0.81516330896248013
6338,2348,2349,0.026161189381464809,0.021041134131552938,0.8042881317338183
6339,2349,2300,0.081198498171729805,0.065306955939009856,0.80428773203279791
6340,2349,2350,0.026160819365666409,0.02082814018947915,0.79615779224461547
6341,2350,2302,0.077984727775787216,0.061824651479591639,0.79277896125178271
6342,2302,2349,0.081941618415138737,0.065238400435934568,0.79615708961737763
6343,2350,2351,0.026160509970339706,0.020686447426801167,0.790750923825838
6344,2351,2303,0.078386886047997678,0.061825804772696252,0.78872637873175899
6345,2303,2350,0.082446158402261355,0.06519429329819558,0.79074992166533031
6346,2351,2304,0.026161912043923048,0.020616972469011625,0.78805296930889213
6347,2304,2303,0.082699918609444256,0.065171833825956413,0.78805197056764509
6348,2304,2352,0.078519878959376385,0.06182484876020513,0.78737829935004466
6349,2352,2353,0.026162070212066058,0.02061708514923348,0.78805251198067627
6350,2353,2304,0.082699849032671344,0.065171893099327596,0.7880533502979048
6351,2353,2354,0.026160445216271075,0.020686413371009918,0.79075157934022999
6352,2354,2306,0.077984174615097712,0.061824288868172789,0.79277993481774478
6353,2306,2353,0.082444887722751978,0.065193402649462273,0.79075130611732425
6354,2354,2355,0.026160420446077335,0.020827817341046384,0.7961575917320336
6355,2355,2306,0.081940809128899963,0.065237774719475852,0.7961573166412258
6356,2355,2356,0.026161483708476437,0.021041352041204758,0.80428741258230951
6357,2356,2308,0.076414906057880913,0.061823768557125312,0.80905377951124535
6358,2308,2355,0.081197658227050371,0.065306273824339706,0.8042876512734628
6359,2356,2357,0.026161206811832056,0.021325634922629566,0.81516250668468848
6360,2357,2308,0.080226890614479768,0.065397972665194093,0.81516274860328097
6361,2357,2358,0.02616246474911945,0.02168362049131177,0.82880648666871404
6362,2358,2310,0.073919805763766916,0.061823809066561056,0.83636325106342579
6363,2310,2357,0.079047454015295338,0.065515010866533718,0.82880608468245986
6364,2358,2359,0.026160073584449384,0.022111458136001273,0.84523684784836484
6365,2359,2311,0.072376149026764494,0.061823991282408466,0.85420393477340351
6366,2311,2358,0.077681764602316919,0.06565947123756051,0.84523660827861991
6367,2359,2360,0.026160114027666537,0.022614383838266607,0.86446044594262772
6368,2360,2312,0.070668824274842543,0.061823937951579123,0.8748403356922394
6369,2312,2359,0.076151911324266769,0.065830351010623039,0.86446091589621554
6370,2360,2361,0.02616304037572844,0.023192664113920149,0.88646670191420407
6371,2361,2313,0.068823110867311868,0.061820225094626209,0.89824804946427173
6372,2313,2360,0.074485463289046816,0.066028881665063002,0.8864666842284733
6373,2361,2362,0.026160798647684991,0.023837982019771622,0.91121002614654811
6374,2362,2314,0.066880567821283501,0.061821615770723252,0.9243584165720804
6375,2314,2361,0.072714049203530057,0.066257726746935933,0.91120942201248378
6376,2362,2363,0.026160633514847754,0.024554260914921779,0.93859580659565212
6377,2363,2315,0.064865568752881686,0.061820235650050528,0.9530516241300071
6378,2315,2362,0.070870894673588855,0.066519108400254046,0.93859557871566468
6379,2363,2364,0.026162375613773679,0.025337427890919056,0.96846816454923479
6380,2364,2316,0.06281619897169019,0.061819499263897369,0.98413307834429764
6381,2316,2363,0.068985053676065,0.066809776362516851,0.96846741145172321
6382,2364,2365,0.026160858049381147,0.026176147120316674,1.0005844254384419
6383,2365,2317,0.060765590987141613,0.061817418729652025,1.0173095945488786
6384,2317,2364,0.067092645706045076,0.067131830137608678,1.0005840346755035
6385,2365,2366,0.026160633514847792,0.027065663060357778,1.0345950928518732
6386,2366,2318,0.058750591921831082,0.061815835354936267,1.0521738306429926
6387,2318,2365,0.065226240398660013,0.067482744768876571,1.0345950396102075
6388,2366,2367,0.026160798647684919,0.027992747968918874,1.0700265059146454
6389,2367,2318,0.063417937517102882,0.067858870601629262,1.0700264508496311
6390,2319,2367,0.056806810692629633,0.061816175824785873,1.0881824744441457
6391,2367,2368,0.026161875425835833,0.028941830469626881,1.1062597768142317
6392,2368,2319,0.061699248211800443,0.068255423867667142,1.1062602194658959
6393,2368,2369,0.026161194044853651,0.029889735076076319,1.1425218216274855
6394,2369,2321,0.053255010712854961,0.061812569044094344,1.1606902001650281
6395,2321,2368,0.060096413620163325,0.068661464086443399,1.1425218236884331
6396,2369,2370,0.02616007358444945,0.030813650398622904,1.1778885215728032
6397,2370,2322,0.051711353979897588,0.06181276244000012,1.195342176962324
6398,2322,2369,0.058637146655600728,0.069068050801391084,1.1778890130356308
6399,2370,2371,0.02616246474911945,0.031690752348484959,1.2113060696833455
6400,2371,2322,0.057346592445253156,0.069464304487903167,1.2113065750893286
6401,2371,2372,0.026161206811832032,0.032482565690365867,1.241631012055409
6402,2372,2324,0.049216253684305086,0.061812743503563486,1.2559416630948361
6403,2324,2371,0.056239233645366773,0.069828390920216421,1.2416312668935021
6404,2372,2373,0.02616148370847644,0.033164785880474619,1.2676951448945948
6405,2373,2324,0.055335168258087576,0.070148138540228624,1.2676954050822109
6406,2325,2373,0.04830636911366018,0.061810866479813986,1.279559354468953
6407,2373,2374,0.026160420446077335,0.033704922079576982,1.2883937453929919
6408,2374,2325,0.054643371132005618,0.070402203591801132,1.2883942211714181
6409,2374,2375,0.026160741921614883,0.034081693806045039,1.3027800934760798
6410,2375,2327,0.047246860622188969,0.061812775656209386,1.3082938176675318
6411,2327,2374,0.054180056655672028,0.070584699472446458,1.3027800971311287
6412,2375,2376,0.026161970755070818,0.034276300480525372,1.3101574342935081
6413,2376,2327,0.053946689115453278,0.070678655998426099,1.3101574379692538
6414,2376,2377,0.026161970755070818,0.03427630048062931,1.3101574342974809
6415,2377,2329,0.047246860622188969,0.061812775656475569,1.3082938176731658
6416,2329,2376,0.053946689115453278,0.070678655998516138,1.3101574379709229
6417,2377,2378,0.026160741921614883,0.034081693806277708,1.3027800934849736
6418,2378,2329,0.054180056655672028,0.070584699472804172,1.302780097137731
6419,2378,2379,0.026160420446077335,0.033704922079852061,1.288393745403507
6420,2379,2331,0.04830636911366018,0.061810866480347088,1.2795593544799888
6421,2331,2378,0.054643371132005618,0.070402203592367998,1.288394221181792
6422,2379,2380,0.02616148370847644,0.033164785880793343,1.2676951449067777
6423,2380,2332,0.049216253684305086,0.061812743504378577,1.2559416631113975
6424,2332,2379,0.055335168258087576,0.07014813854109217,1.2676954050978166
6425,2380,2381,0.026161206811832032,0.032482565690728507,1.2416310120692708
6426,2381,2332,0.056239233645366773,0.069828390921184522,1.2416312669107161
6427,2381,2382,0.02616246474911945,0.031690752348822265,1.2113060696962383
6428,2382,2334,0.051711353979897588,0.061812762442473163,1.195342177010148
6429,2334,2381,0.057346592445253156,0.069464304490765558,1.2113065751392424
6430,2382,2383,0.02616007358444945,0.030813650398665751,1.177888521574441
6431,2383,2334,0.058637146655600728,0.069068050803598027,1.1778890130732682
6432,2335,2383,0.053255010712854961,0.061812569041785864,1.1606902001216806
6433,2383,2384,0.026161194044853651,0.029889735075840824,1.1425218216184838
6434,2384,2335,0.060096413620163325,0.068661464083795795,1.1425218236443773
6435,2384,2385,0.026161875425835833,0.028941830469379919,1.1062597768047919
6436,2385,2337,0.056806810692629633,0.061816175824082852,1.0881824744317701
6437,2337,2384,0.061699248211800443,0.068255423866852696,1.1062602194526956
6438,2385,2386,0.026160798647684919,0.027992747968717244,1.070026505906938
6439,2386,2338,0.058750591921831082,0.061815835354512204,1.0521738306357746
6440,2338,2385,0.063417937517102882,0.06785887060111144,1.0700264508414659
6441,2386,2387,0.026160633514847792,0.027065663060197896,1.0345950928457617
6442,2387,2338,0.065226240398660013,0.067482744768449079,1.0345950396036534
6443,2339,2387,0.060765590987141613,0.061817418729372103,1.0173095945442721
6444,2387,2388,0.026160858049381147,0.026176147120178753,1.0005844254331699
6445,2388,2339,0.067092645706045076,0.06713183013731229,1.0005840346710859
6446,2340,2388,0.06281619897169019,0.061819499263683179,0.98413307834088781
6447,2388,2389,0.026162375613773679,0.025337427890776316,0.96846816454377893
6448,2389,2340,0.068985053676065,0.066809776362253465,0.96846741144790516
6449,2341,2389,0.064865568752881686,0.061820235649845845,0.95305162412685163
6450,2389,2390,0.026160633514847754,0.024554260914872172,0.93859580659375597
6451,2390,2341,0.070870894673588855,0.066519108400305921,0.93859557871639665
6452,2342,2390,0.066880567821283501,0.06182161577081418,0.92435841657343998
6453,2390,2391,0.026160798647684991,0.023837982019806653,0.91121002614788726
6454,2391,2342,0.072714049203530057,0.066257726746993567,0.91120942201327648
6455,2343,2391,0.068823110867311868,0.061820225094702683,0.89824804946538295
6456,2391,2392,0.02616304037572844,0.023192664113935418,0.88646670191478771
6457,2392,2343,0.074485463289046816,0.066028881665130823,0.88646668422938379
6458,2344,2392,0.070668824274842543,0.061823937951659649,0.87484033569337882
6459,2392,2393,0.026160114027666537,0.022614383838276391,0.86446044594300175
6460,2393,2344,0.076151911324266769,0.065830351010707736,0.86446091589732776
6461,2345,2393,0.072376149026764494,0.061823991282505986,0.85420393477475087
6462,2393,2394,0.026160073584449384,0.022111458136012233,0.84523684784878383
6463,2394,2345,0.077681764602316919,0.065659471237669229,0.84523660828001945
6464,2346,2394,0.073919805763766916,0.061823809066685005,0.83636325106510256
6465,2394,2395,0.02616246474911945,0.021683620491326633,0.82880648666928214
6466,2395,2346,0.079047454015295338,0.065515010866672344,0.82880608468421357
6467,2395,2396,0.026161206811832056,0.021325634922648499,0.81516250668541212
6468,2396,2348,0.076414906057880913,0.061823768557310817,0.80905377951367297
6469,2348,2395,0.080226890614479768,0.065397972665384344,0.81516274860565241
6470,2396,2397,0.026161483708476437,0.02104135204122581,0.80428741258311431
6471,2397,2348,0.081197658227050371,0.065306273824537062,0.80428765127589341
6472,2397,2398,0.026160420446077335,0.020827817341065744,0.79615759173277367
6473,2398,2350,0.077984174615097712,0.061824288868344811,0.79277993481995057
6474,2350,2397,0.081940809128899963,0.065237774719663397,0.79615731664351452
6475,2398,2399,0.026160445216271075,0.020686413371022876,0.79075157934072537
6476,2399,2350,0.082444887722751978,0.065193402649629931,0.79075130611935773
6477,2399,2352,0.026162070212066058,0.020617085149237765,0.78805251198084003
6478,2304,2399,0.082699849032671344,0.065171893099341155,0.78805335029806878
6479,2352,2400,0.078518228228857331,0.061823469198694352,0.78737728287114794
6480,2400,2401,0.026162094980697843,0.02061709760373107,0.78805224195318369
6481,2401,2352,0.082699633530519026,0.065171646418405241,0.78805242098629913
6482,2401,2402,0.026160413336109932,0.020686381686733191,0.79075133182927249
6483,2402,2354,0.077984648350062788,0.061824673584763352,0.79278005213590963
6484,2354,2401,0.08244524143652146,0.065193697347268126,0.7907514880341987
6485,2402,2403,0.02616028956120724,0.020827702858660622,0.79615719886930292
6486,2403,2354,0.081941893122029305,0.065238640985313651,0.79615735614210326
6487,2403,2404,0.026161966244713893,0.021041745273990942,0.80428760885824058
6488,2404,2356,0.076416466049297083,0.061825045708214774,0.80905397625075692
6489,2356,2403,0.081199388797694116,0.065307626994263929,0.80428717458669496
6490,2404,2405,0.026161479427380039,0.021325892289980296,0.81516384993354307
6491,2405,2356,0.080229052550353161,0.065399788041120357,0.81516340978941892
6492,2405,2406,0.026160899561683455,0.021682331435456653,0.82880679941196156
6493,2406,2358,0.073919943101448532,0.061823908751590294,0.83636304571747966
6494,2358,2405,0.079048744771706148,0.065516185014000625,0.82880740488937887
6495,2406,2407,0.026161288229840863,0.022112477951590048,0.84523658610845698
6496,2407,2358,0.07767973702466098,0.065657803698215153,0.84523720358850818
6497,2407,2408,0.026160780070292846,0.022614996030077088,0.86446183826749834
6498,2408,2360,0.070667480390094933,0.061822802211522566,0.87484090093847355
6499,2360,2407,0.076149378532854112,0.065828153430261965,0.86446080977352791
6500,2408,2409,0.026162932666480114,0.02319262082983075,0.88646869697238029
6501,2409,2360,0.074486538281319556,0.066029905973012504,0.88646764229573694
6502,2409,2410,0.026159394297253301,0.023836726345199042,0.91121094297286021
6503,2410,2362,0.06688019123907904,0.06182130528251923,0.92435897890190499
6504,2362,2409,0.072714390154192704,0.066258151641524571,0.91121099277629203
6505,2410,2411,0.026162171579836711,0.024555725147742746,0.93859659443056098
6506,2411,2363,0.064866153682152428,0.061820863397015403,0.95305270757906957
6507,2363,2410,0.070871106325414518,0.0665193195701278,0.93859575529546713
6508,2411,2412,0.026159614025846527,0.025334753847308229,0.968468182377488
6509,2412,2363,0.068985838449067916,0.066810529841771937,0.96846731653624818
6510,2364,2412,0.062815485999795626,0.061818791546067994,0.98413298189349563
6511,2412,2413,0.026162436387906024,0.02617770612339209,1.0005836511271222
6512,2413,2364,0.067092531326972599,0.067131748740605388,1.0005845272619343
6513,2413,2414,0.026160784580854128,0.027065827450755153,1.0345954024086641
6514,2414,2366,0.058750669674066738,0.061815932549975451,1.0521740925322891
6515,2366,2413,0.065226977765292307,0.067483517984922956,1.0345951981364276
6516,2414,2415,0.026160733512079381,0.027992689872576536,1.070026949345716
6517,2415,2366,0.063418534189977033,0.06785952727297756,1.0700267380778159
6518,2415,2416,0.026161664354817933,0.028941613345673654,1.1062604027462712
6519,2416,2368,0.054961911887075533,0.061812267222434381,1.1246382285505925
6520,2368,2415,0.06169822592342384,0.068254280448978272,1.1062600168389187
6521,2416,2417,0.02616078007029278,0.029889279955194078,1.1425225041028209
6522,2417,2368,0.060095490930505764,0.068660426831730834,1.1425221055458143
6523,2369,2417,0.053256490175196826,0.061814301490971557,1.1606904865045042
6524,2417,2418,0.026160224883044883,0.030813853679093801,1.1778894798058503
6525,2418,2369,0.058637287726195704,0.06906822717348006,1.1778891870986798
6526,2370,2418,0.051712386468504103,0.061814005751768306,1.1953423536045216
6527,2418,2419,0.026162764412892031,0.031691164049964249,1.211307931754644
6528,2419,2370,0.057346281075040924,0.069463965874575234,1.2113072473466522
6529,2371,2419,0.050356505615979846,0.061811848600986131,1.2274848670470715
6530,2419,2420,0.026160693757873933,0.032481978782657711,1.2416329277537288
6531,2420,2371,0.056236539202641711,0.069825070931160985,1.2416317206070346
6532,2372,2420,0.049214394875919096,0.061810431535259926,1.2559421220376348
6533,2420,2421,0.026161966244713876,0.033165442907784295,1.2676968771215924
6534,2421,2372,0.055333227219144687,0.070145719317273356,1.2676961536955811
6535,2421,2422,0.02616028956120723,0.033704798647958757,1.2883954731884615
6536,2422,2374,0.047646212563223503,0.061810970226218891,1.2972903175504171
6537,2374,2421,0.054644199184626582,0.070403300476672592,1.2883947706654217
6538,2422,2423,0.026160689247296816,0.034081673271993677,1.3027819316922369
6539,2423,2374,0.054180984626113947,0.070585969323783346,1.3027812213246968
6540,2423,2424,0.026162002403994255,0.034276413110561114,1.3101601544585135
6541,2424,2376,0.047112632683630778,0.061812965909991198,1.3120252974414659
6542,2376,2423,0.053947949342931956,0.070680368086203677,1.310158568528869
6543,2424,2425,0.026162002403994255,0.034276413110977157,1.3101601544744161
6544,2425,2376,0.053947949342931956,0.070680368087061574,1.3101585685447714
6545,2425,2426,0.026160689247296816,0.034081673272602309,1.3027819317155021
6546,2426,2378,0.047646212563223503,0.061810970226807004,1.2972903175627604
6547,2378,2425,0.054180984626113947,0.070585969324907918,1.3027812213454526
6548,2426,2427,0.02616028956120723,0.033704798648266379,1.2883954732002205
6549,2427,2378,0.054644199184626582,0.070403300477179534,1.288394770674699
6550,2427,2428,0.026161966244713876,0.033165442908002968,1.2676968771299508
6551,2428,2380,0.049214394875919096,0.061810431535781009,1.2559421220482228
6552,2380,2427,0.055333227219144687,0.070145719317880093,1.2676961537065463
6553,2428,2429,0.026160693757873933,0.03248197878284427,1.2416329277608602
6554,2429,2381,0.050356505615979846,0.061811848601510136,1.2274848670574774
6555,2381,2428,0.056236539202641711,0.069825070931796948,1.2416317206183434
6556,2429,2430,0.026162764412892031,0.031691164050089253,1.211307931759422
6557,2430,2382,0.051712386468504103,0.061814005752146059,1.1953423536118264
6558,2382,2429,0.057346281075040924,0.069463965875080885,1.2113072473554696
6559,2430,2431,0.026160224883044883,0.030813853679125928,1.1778894798070785
6560,2431,2383,0.053256490175196826,0.061814301490744197,1.1606904865002352
6561,2383,2430,0.058637287726195704,0.06906822717334575,1.1778891870963895
6562,2431,2432,0.02616078007029278,0.029889279955143948,1.1425225041009046
6563,2432,2384,0.054961911887075533,0.061812267222071053,1.124638228543982
6564,2384,2431,0.060095490930505764,0.068660426831394963,1.1425221055402253
6565,2432,2433,0.026161664354817933,0.028941613345586294,1.1062604027429319
6566,2433,2384,0.06169822592342384,0.068254280448552834,1.1062600168320234
6567,2433,2434,0.026160733512079381,0.027992689872482848,1.0700269493421346
6568,2434,2386,0.058750669674066738,0.061815932549674012,1.0521740925271583
6569,2386,2433,0.063418534189977033,0.067859527272644854,1.0700267380725696
6570,2434,2435,0.026160784580854128,0.027065827450672868,1.0345954024055188
6571,2435,2386,0.065226977765292307,0.067483517984612787,1.0345951981316723
6572,2435,2436,0.026162436387906024,0.026177706123334206,1.0005836511249098
6573,2436,2388,0.062815485999795626,0.061818791545857253,0.98413298189014065
6574,2388,2435,0.067092531326972599,0.067131748740339683,1.0005845272579739
6575,2436,2437,0.026159614025846527,0.025334753847291284,0.96846818237684029
6576,2437,2389,0.064866153682152428,0.06182086339683654,0.95305270757631211
6577,2389,2436,0.068985838449067916,0.06681052984151227,0.96846731653248408
6578,2437,2438,0.026162171579836711,0.024555725147660312,0.93859659442741006
6579,2438,2390,0.06688019123907904,0.061821305282365666,0.92435897889960883
6580,2390,2437,0.070870627060115848,0.066518932839542272,0.9385966457319157
6581,2438,2439,0.026159394297253301,0.023836726345053908,0.9112109429673122
6582,2439,2390,0.072714390154192704,0.06625815164142293,0.91121099277489426
6583,2439,2440,0.026162932666480114,0.023192620829724033,0.88646869696830133
6584,2440,2392,0.070667480390094933,0.061822802211410802,0.87484090093689204
6585,2392,2439,0.074486538281319556,0.066029905972857655,0.88646764229365815
6586,2440,2441,0.026160780070292846,0.022614996029993048,0.86446183826428591
6587,2441,2392,0.076149378532854112,0.065828153430165862,0.8644608097722658
6588,2441,2442,0.026161288229840863,0.022112477951521495,0.84523658610583663
6589,2442,2394,0.073919943101448532,0.061823908751520502,0.83636304571653552
6590,2394,2441,0.07767973702466098,0.065657803698123449,0.84523720358732768
6591,2442,2443,0.026160899561683455,0.021682331435400486,0.82880679940981461
6592,2443,2394,0.079048744771706148,0.065516185013942491,0.82880740488864335
6593,2443,2444,0.026161479427380039,0.021325892289935269,0.815163849931822
6594,2444,2396,0.076416466049297083,0.061825045708187115,0.80905397625039499
6595,2396,2443,0.080229052550353161,0.065399788041075574,0.8151634097888607
6596,2444,2445,0.026161966244713893,0.021041745273956535,0.80428760885692552
6597,2445,2396,0.081199388797694116,0.065307626994250315,0.80428717458652732
6598,2445,2446,0.02616028956120724,0.020827702858636474,0.79615719886837988
6599,2446,2398,0.077984648350062788,0.061824673584760716,0.79278005213587577
6600,2398,2445,0.081941893122029305,0.065238640985295429,0.79615735614188088
6601,2446,2447,0.026160413336109932,0.020686381686718897,0.79075133182872615
6602,2447,2398,0.08244524143652146,0.065193697347280435,0.79075148803434803
6603,2447,2400,0.026162094980697843,0.02061709760372633,0.78805224195300261
6604,2352,2447,0.082699633530519026,0.065171646418390267,0.78805242098611805
6605,2400,2448,0.078521054472717899,0.061825712575073057,0.78737751282433899
6606,2448,2449,0.026162070212066058,0.020617095549678697,0.78805290951975215
6607,2449,2400,0.082700982882517649,0.065172716340824152,0.78805250033613761
6608,2449,2450,0.026160445216271089,0.020686421858500035,0.79075190378004889
6609,2450,2402,0.077984648350062705,0.061824685818936499,0.79278020901516044
6610,2402,2449,0.082445124389234639,0.065193613288993174,0.79075159109719173
6611,2450,2451,0.026160420446077307,0.020827826358717216,0.79615793643868205
6612,2451,2402,0.081942670643710219,0.065239281768735405,0.79615762161814607
6613,2451,2452,0.026162156367051517,0.02104192140424669,0.80428849629332455
6614,2452,2404,0.076415108452364253,0.061824016108237512,0.80905487619346173
6615,2404,2451,0.081199494611064682,0.06530778203877273,0.80428803592422282
6616,2452,2453,0.026159640325874502,0.021324364655577736,0.81516276179400704
6617,2453,2404,0.080227654717539287,0.065398559158106717,0.81516229520055195
6618,2405,2453,0.075274244289589287,0.061824080831918989,0.82131785467116925
6619,2453,2454,0.026163321151549356,0.021684310941016461,0.82880574738243218
6620,2454,2405,0.079048744771706148,0.065516178946832773,0.82880732813714364
6621,2406,2454,0.073919943101448532,0.061823903026348027,0.83636296826554957
6622,2454,2455,0.02616007358444945,0.022111453615451037,0.84523667504494071
6623,2455,2406,0.077681655748034331,0.065659342530036496,0.84523613583890367
6624,2407,2455,0.072377196987090553,0.06182492308383606,0.854204440866415
6625,2455,2456,0.026160114027666406,0.022614382870440347,0.86446040894637677
6626,2456,2407,0.076152001275853767,0.065830425233813536,0.8644608694569792
6627,2408,2456,0.070667480390095017,0.061822806479845928,0.87484096133857936
6628,2456,2457,0.026163040375728502,0.023192667467127785,0.88646683008002625
6629,2457,2408,0.07448694079529021,0.066030276289911663,0.88646782355286013
6630,2409,2457,0.06882617685733286,0.061823050600717848,0.89824908811757009
6631,2457,2458,0.026160798647684919,0.023837985561114532,0.91121016151485335
6632,2458,2409,0.072714390154192607,0.066258156479665584,0.91121105931251811
6633,2410,2458,0.066880191239078957,0.061821309796683675,0.924359046398191
6634,2458,2459,0.026160633514847823,0.024554264060127232,0.93859592682230442
6635,2459,2410,0.070871106325414518,0.066519323233511479,0.93859580698626011
6636,2411,2459,0.064866153682152428,0.061820866801643455,0.95305276006604245
6637,2459,2460,0.026162375613773763,0.025337431658157879,0.96846830854375576
6638,2460,2411,0.068985123952012062,0.066809962359322808,0.96846912104988958
6639,2460,2461,0.026160858049381064,0.026176153064948804,1.0005846526722812
6640,2461,2413,0.060766064838253933,0.06181793946794676,1.0173102311708466
6641,2413,2460,0.06709253132697264,0.067131755024827197,1.0005846209269316
6642,2461,2462,0.026160633514847792,0.027065672021828014,1.0345954354074245
6643,2462,2413,0.065226977765292446,0.067483531320356532,1.0345954025830215
6644,2414,2462,0.058753495918404466,0.061818918467094981,1.0521743004526523
6645,2462,2463,0.026160798647684957,0.027992762165794358,1.0700270485920933
6646,2463,2414,0.063418987367473381,0.067860031866080542,1.0700270484117649
6647,2415,2463,0.05680604166111531,0.061815346790907666,1.0881826119777205
6648,2463,2464,0.026161875425835833,0.028941854353686344,1.1062606897479978
6649,2464,2415,0.061698225923423895,0.068254315647101743,1.1062605873273386
6650,2416,2464,0.054964738130902573,0.061815477601959268,1.124638808516492
6651,2464,2465,0.026160114027666506,0.029888515180344837,1.1425223586080411
6652,2465,2416,0.060096310818759859,0.068661367324048025,1.1425221679766484
6653,2465,2466,0.026161050243906619,0.030814816446142576,1.1778891198498387
6654,2466,2418,0.051712386468504144,0.061814039973145628,1.1953430153681648
6655,2418,2465,0.05863642823400541,0.069067211630884737,1.1778891332748358
6656,2466,2467,0.026162464749119423,0.03169079880926759,1.2113078455398296
6657,2467,2418,0.057345261437365201,0.069462765875315316,1.2113078593457167
6658,2467,2468,0.026160485200207247,0.032481719849350332,1.2416329284707994
6659,2468,2420,0.049215752466001447,0.061812175594339318,1.2559429145584955
6660,2420,2467,0.056239069880705261,0.069828276815968454,1.2416328535320502
6661,2468,2469,0.026162058209973679,0.033165579945969713,1.2676976589451248
6662,2469,2421,0.048308553120710147,0.061813770990988871,1.2795616303500708
6663,2421,2468,0.055334730416135042,0.070147669178661803,1.2676969536334357
6664,2469,2470,0.02616000294246101,0.03370445474463217,1.2883964431795059
6665,2470,2421,0.054645165315557867,0.070404597458340851,1.2883957263515893
6666,2422,2470,0.047647570173287322,0.061812777291131417,1.2972912798349903
6667,2470,2471,0.026160995353171904,0.034082081650953618,1.3027822982592028
6668,2471,2422,0.054181272142749252,0.070586388374873507,1.3027820422691876
6669,2471,2472,0.026161970755070818,0.034276358173461668,1.3101596395148514
6670,2472,2424,0.047112632683630737,0.061813011192314478,1.3120262585918145
6671,2424,2471,0.053946782652014032,0.070678931090957228,1.31016026566171
6672,2472,2473,0.026161970755070818,0.034276358173051115,1.3101596394991586
6673,2473,2425,0.047245688256444297,0.061811353953400004,1.3082961902871413
6674,2425,2472,0.053947949342931921,0.070680419865377514,1.3101595283276106
6675,2473,2474,0.026160995353171904,0.034082081650348983,1.3027822982360908
6676,2474,2426,0.047647570173287322,0.061812777291128808,1.2972912798349354
6677,2426,2473,0.054181272142749252,0.070586388374431833,1.3027820422610357
6678,2474,2475,0.02616000294246101,0.033704454744282804,1.2883964431661508
6679,2475,2427,0.048308553120710147,0.061813770990914924,1.27956163034854
6680,2427,2474,0.054645165315557867,0.07040459745817497,1.2883957263485537
6681,2475,2476,0.026162058209973679,0.033165579945903662,1.2676976589425999
6682,2476,2427,0.055334730416135042,0.070147669179083952,1.2676969536410647
6683,2428,2476,0.049215752466001447,0.061812175594697726,1.2559429145657779
6684,2476,2477,0.026160485200207247,0.0324817198494761,1.2416329284756069
6685,2477,2428,0.056239069880705261,0.069828276816279011,1.2416328535375722
6686,2477,2478,0.026162464749119423,0.031690798809320721,1.2113078455418604
6687,2478,2430,0.051712386468504144,0.061814039973257164,1.1953430153703217
6688,2430,2477,0.057345261437365201,0.069462765875499308,1.211307859348925
6689,2478,2479,0.026161050243906619,0.030814816446146816,1.1778891198500008
6690,2479,2430,0.05863642823400541,0.06906721163096137,1.1778891332761425
6691,2479,2480,0.026160114027666506,0.029888515180312606,1.142522358606809
6692,2480,2432,0.054964738130902573,0.061815477601827519,1.124638808514095
6693,2432,2479,0.060096310818759859,0.068661367323937461,1.1425221679748085
6694,2480,2481,0.026161875425835833,0.028941854353629653,1.1062606897458309
6695,2481,2433,0.05680604166111531,0.061815346790731744,1.0881826119746236
6696,2433,2480,0.061698225923423895,0.068254315646932032,1.1062605873245879
6697,2481,2482,0.026160798647684957,0.027992762165722569,1.0700270485893491
6698,2482,2434,0.058753495918404466,0.061818918466905445,1.0521743004494264
6699,2434,2481,0.063418987367473381,0.067860031865889237,1.0700270484087484
6700,2482,2483,0.026160633514847792,0.02706567202174676,1.0345954354043185
6701,2483,2435,0.060766064838253933,0.061817939467762761,1.0173102311678186
6702,2435,2482,0.065226977765292446,0.06748353132016853,1.0345954025801392
6703,2483,2484,0.026160858049381064,0.026176153064860149,1.0005846526688924
6704,2484,2435,0.06709253132697264,0.06713175502461434,1.000584620923759
6705,2484,2485,0.026162375613773763,0.025337431658060013,0.96846830854001498
6706,2485,2437,0.064866153682152428,0.061820866801525383,0.95305276006422224
6707,2437,2484,0.068985123952012062,0.066809962359214006,0.9684691210483124
6708,2485,2486,0.026160633514847823,0.024554264060012602,0.93859592681792259
6709,2486,2438,0.066880191239078957,0.061821309796305603,0.92435904639253808
6710,2438,2485,0.070871106325414518,0.066519323233139541,0.93859580698101197
6711,2486,2487,0.026160798647684919,0.023837985560984629,0.91121016150988776
6712,2487,2439,0.06882617685733286,0.06182305060038263,0.89824908811269955
6713,2439,2486,0.072714390154192607,0.066258156479323316,0.9112110593078111
6714,2487,2488,0.026163040375728502,0.023192667466992462,0.88646683007485394
6715,2488,2440,0.070667480390095017,0.061822806479535961,0.87484096133419309
6716,2440,2487,0.07448694079529021,0.066030276289589115,0.88646782354852993
6717,2488,2489,0.026160114027666406,0.022614382870304702,0.86446040894119158
6718,2489,2441,0.072377196987090553,0.061824923083545459,0.85420444086239988
6719,2441,2488,0.076152001275853767,0.065830425233506379,0.86446086945294576
6720,2489,2490,0.02616007358444945,0.022111453615319198,0.84523667503990096
6721,2490,2442,0.073919943101448532,0.061823903026078326,0.83636296826190104
6722,2442,2489,0.077681655748034331,0.065659342529745479,0.84523613583515733
6723,2490,2491,0.026163321151549356,0.02168431094089298,0.82880574737771262
6724,2491,2443,0.075274244289589287,0.061824080831676481,0.8213178546679476
6725,2443,2490,0.079048744771706148,0.065516178946562795,0.82880732813372826
6726,2491,2492,0.026159640325874502,0.021324364655467904,0.8151627617898084
6727,2492,2444,0.076415108452364253,0.061824016108031052,0.80905487619075989
6728,2444,2491,0.080227654717539287,0.065398559157865715,0.81516229519754801
6729,2492,2493,0.026162156367051517,0.021041921404155926,0.80428849628985521
6730,2493,2444,0.081199494611064682,0.065307782038586754,0.80428803592193243
6731,2493,2494,0.026160420446077307,0.020827826358650173,0.79615793643611932
6732,2494,2446,0.077984648350062705,0.061824685818827115,0.79278020901375779
6733,2446,2493,0.081942670643710219,0.065239281768580654,0.79615762161625747
6734,2494,2495,0.026160445216271089,0.020686421858459331,0.79075190377849292
6735,2495,2446,0.082445124389234639,0.065193613288920108,0.79075159109630544
6736,2495,2448,0.026162070212066058,0.020617095549665097,0.78805290951923235
6737,2400,2495,0.082700982882517649,0.065172716340781173,0.78805250033561791
6738,2448,2496,0.078518308312006582,0.061823572107168302,0.78737779043202571
6739,2496,2497,0.026161988872937469,0.02061701030526239,0.78805210129070402
6740,2497,2448,0.082698765905578717,0.065170947107516031,0.78805223262853685
6741,2497,2498,0.02616050997033971,0.020686442675303101,0.79075074219718944
6742,2498,2450,0.077984174615097629,0.061824296984076391,0.79278003888890669
6743,2450,2497,0.082444232083182037,0.065192877478555303,0.7907512245705558
6744,2498,2499,0.02616081936566643,0.020828137936789476,0.79615770613532133
6745,2499,2450,0.081941971518886741,0.065238771877580926,0.79615819180704106
6746,2499,2500,0.026161189381464767,0.021041131122407474,0.80428801671055294
6747,2500,2452,0.076416144259835547,0.061824832826016925,0.80905459736094221
6748,2452,2499,0.081199396704144763,0.065307761622617033,0.8042887542695677
6749,2500,2501,0.026161918389014376,0.021326245243790485,0.81516366371456794
6750,2501,2452,0.080228379600335492,0.065399319822201471,0.81516441124691474
6751,2453,2501,0.07527451513829421,0.061824310468547694,0.82131795010521391
6752,2501,2502,0.026161058729789993,0.021682475709790167,0.82880727166825263
6753,2502,2453,0.079049206181142154,0.065516424332374992,0.82880559460955705
6754,2502,2503,0.026161568718674831,0.022112737656457798,0.84523745094357172
6755,2503,2455,0.072374910847776586,0.061823005466636154,0.85420492740455523
6756,2455,2502,0.077680877183155875,0.065658714242062419,0.84523651924337029
6757,2503,2504,0.026158860105950987,0.022613322576700207,0.86446131387643332
6758,2504,2455,0.07615008277587626,0.065828728045538812,0.8644603609858823
6759,2504,2505,0.026163364418124408,0.023192956181056483,0.8864668859250302
6760,2505,2457,0.068823110867311771,0.061820242992010985,0.89824830951332557
6761,2457,2504,0.074485049113765411,0.06602852171295448,0.88646678089860986
6762,2505,2506,0.026160023737525014,0.023837270576096924,0.91120982210363066
6763,2506,2457,0.072714049203530057,0.066257747989127022,0.91120971414572793
6764,2506,2507,0.026162837646526851,0.024556344197782663,0.9385963605917399
6765,2507,2459,0.064864330582262625,0.0618191363478586,0.95305286885614227
6766,2459,2506,0.070870291462418314,0.066518534241278696,0.93859546600782218
6767,2507,2508,0.026159857376549984,0.025334999633203549,0.96846856878945187
6768,2508,2459,0.068985053676065,0.066809792524498271,0.96846764573408661
6769,2508,2509,0.026161471935459493,0.026176739490978873,1.000583589316268
6770,2509,2461,0.060765590987141543,0.061817435987286472,1.0173098785522798
6771,2461,2508,0.067093344734710958,0.06713252509316682,1.0005839678825192
6772,2509,2510,0.026161250693494599,0.027066298156057943,1.0345949615775976
6773,2510,2462,0.058750591921831082,0.061815858043913423,1.0521742168344574
6774,2462,2509,0.065225426213319893,0.067481902701333502,1.0345950439730942
6775,2510,2511,0.02616155587542527,0.027993578344071259,1.0700272750355375
6776,2511,2462,0.063418034492595296,0.067859032040537573,1.0700273602528758
6777,2463,2511,0.056806810692629522,0.061816207365597509,1.0881830296735517
6778,2511,2512,0.026160858966780793,0.028940729440436234,1.1062606727548716
6779,2512,2463,0.061698342393256195,0.068254429883738685,1.1062603505406183
6780,2512,2513,0.02616118288329862,0.029889737222948135,1.1425223911427123
6781,2513,2465,0.053256581356351668,0.061814407027957617,1.1606904809443856
6782,2465,2512,0.060096252778653998,0.068661291414885736,1.142522008281921
6783,2513,2514,0.026159468304863199,0.030812957382954448,1.1778892836757748
6784,2514,2466,0.051709783355640755,0.061810915539880225,1.1953427674366304
6785,2466,2513,0.0586359610488906,0.069066683695765851,1.1778895145622006
6786,2514,2515,0.02616290063646208,0.03169130549934443,1.2113070312692185
6787,2515,2466,0.057344177084630708,0.069461418520582588,1.2113072687060937
6788,2467,2515,0.050356977091344936,0.061812450599966026,1.2274853291499499
6789,2515,2516,0.026161019434775817,0.032482352924884238,1.241631772258289
6790,2516,2467,0.056239233645366822,0.069828452594369289,1.2416323635327842
6791,2516,2517,0.026161905010807993,0.033165340562532439,1.2676959322660637
6792,2517,2469,0.04830636911366018,0.061810954742783988,1.2795611816186978
6793,2469,2516,0.055335168258087604,0.070148231340933079,1.2676970821477613
6794,2517,2518,0.026160299270562952,0.03370477781146957,1.2883941985096514
6795,2518,2469,0.054645553783437148,0.070405078330801285,1.2883953671660069
6796,2518,2519,0.026160825634572678,0.034081792908803483,1.3027797128758392
6797,2519,2471,0.047246860622188969,0.061812821956724204,1.3082947976377184
6798,2471,2518,0.054181506134170526,0.070586648133626806,1.3027812102312544
6799,2519,2520,0.026161912043923055,0.034276210586185761,1.3101569384011256
6800,2520,2471,0.053946754513208406,0.070678795964584235,1.3101584442355867
6801,2520,2521,0.026161912043923055,0.03427621058612771,1.3101569383989067
6802,2521,2473,0.047246860622188969,0.06181282195587913,1.308294797619832
6803,2473,2520,0.053946754513208406,0.070678795963737648,1.3101584442198937
6804,2521,2522,0.026160825634572678,0.034081792908723152,1.3027797128727683
6805,2522,2473,0.054181506134170526,0.07058664813273452,1.3027812102147858
6806,2522,2523,0.026160299270562952,0.03370477781150593,1.2883941985110412
6807,2523,2475,0.04830636911366018,0.061810954742607158,1.2795611816150372
6808,2475,2522,0.054645553783437148,0.070405078330430526,1.2883953671592221
6809,2523,2524,0.026161905010807993,0.033165340562465076,1.2676959322634886
6810,2524,2476,0.04921782431677612,0.061814753325920527,1.2559424189104329
6811,2476,2523,0.055335219292436726,0.07014826432555768,1.2676965090684229
6812,2524,2525,0.026161019434775817,0.032482352924702952,1.2416317722513592
6813,2525,2477,0.050356977091344936,0.061812450599932192,1.227485329149278
6814,2477,2524,0.056239233645366822,0.069828452594193804,1.241632363529664
6815,2525,2526,0.02616290063646208,0.031691305499253801,1.2113070312657546
6816,2526,2478,0.051709783355640755,0.061810915539840951,1.1953427674358708
6817,2478,2525,0.057344177084630708,0.069461418520485943,1.2113072687044084
6818,2526,2527,0.026159468304863199,0.030812957382895734,1.1778892836735304
6819,2527,2478,0.0586359610488906,0.069066683695735639,1.1778895145616854
6820,2479,2527,0.053256581356351668,0.061814407027887625,1.1606904809430714
6821,2527,2528,0.02616118288329862,0.029889737222895198,1.1425223911406888
6822,2528,2479,0.060096252778653998,0.068661291414803607,1.1425220082805543
6823,2528,2529,0.026160858966780793,0.028940729440377431,1.1062606727526239
6824,2529,2481,0.056806810692629522,0.061816207365456982,1.0881830296710779
6825,2481,2528,0.061698342393256195,0.068254429883596965,1.1062603505383213
6826,2529,2530,0.02616155587542527,0.027993578344000944,1.0700272750328499
6827,2530,2482,0.058750591921831082,0.061815858043740138,1.052174216831508
6828,2482,2529,0.063418034492595296,0.067859032040366543,1.0700273602501791
6829,2530,2531,0.026161250693494599,0.027066298155972539,1.0345949615743331
6830,2531,2482,0.065225426213319893,0.06748190270112002,1.034595043969821
6831,2483,2531,0.060765590987141543,0.061817435987079131,1.0173098785488677
6832,2531,2532,0.026161471935459493,0.026176739490875216,1.0005835893123058
6833,2532,2483,0.067093344734710958,0.067132525092911829,1.0005839678787187
6834,2532,2533,0.026159857376549984,0.025334999633078451,0.9684685687846698
6835,2533,2485,0.064864330582262625,0.061819136347561393,0.95305286885156026
6836,2485,2532,0.068985053676065,0.066809792524212708,0.96846764572994715
6837,2533,2534,0.026162837646526851,0.024556344197633247,0.93859636058602891
6838,2534,2485,0.070870291462418314,0.066518534240918095,0.93859546600273391
6839,2534,2535,0.026160023737525014,0.023837270575922071,0.91120982209694668
6840,2535,2487,0.068823110867311771,0.061820242991588177,0.89824830950718215
6841,2487,2534,0.072714049203530057,0.066257747988716101,0.91120971414007679
6842,2535,2536,0.026163364418124408,0.023192956180857156,0.88646688591741163
6843,2536,2487,0.074485049113765411,0.066028521712461832,0.88646678089199582
6844,2536,2537,0.026158860105950987,0.02261332257647947,0.86446131386799507
6845,2537,2489,0.072374910847776586,0.061823005466131092,0.85420492739757681
6846,2489,2536,0.07615008277587626,0.065828728045036922,0.86446036097929158
6847,2537,2538,0.026161568718674831,0.022112737656221675,0.84523745093454616
6848,2538,2489,0.077680877183155875,0.065658714241501603,0.84523651923615084
6849,2538,2539,0.026161058729789993,0.021682475709549277,0.82880727165904466
6850,2539,2491,0.07527451513829421,0.061824310468032516,0.82131795009836994
6851,2491,2538,0.079049206181142154,0.065516424331832981,0.82880559460270042
6852,2539,2540,0.026161918389014376,0.021326245243561123,0.81516366370580096
6853,2540,2492,0.076416144259835547,0.061824832825548758,0.80905459735481566
6854,2492,2539,0.080228379600335492,0.065399319821679083,0.81516441124040351
6855,2540,2541,0.026161189381464767,0.021041131122211367,0.80428801670305683
6856,2541,2492,0.081199396704144763,0.06530776162218907,0.80428875426429713
6857,2541,2542,0.02616081936566643,0.020828137936648897,0.79615770612994763
6858,2542,2494,0.077984174615097629,0.061824296983834813,0.79278003888580895
6859,2494,2541,0.081941971518886741,0.065238771877224822,0.7961581918026952
6860,2542,2543,0.02616050997033971,0.020686442675224317,0.79075074219417796
6861,2543,2494,0.082444232083182037,0.065192877478391198,0.79075122456856528
6862,2543,2496,0.026161988872937469,0.020617010305237462,0.78805210128975123
6863,2448,2543,0.082698765905578717,0.065170947107437233,0.78805223262758406
6864,2496,2544,0.07852112273452827,0.061825751347206408,0.78737732210265032
6865,2544,2545,0.026161941246619788,0.020616947121240892,0.78805112078235673
6866,2545,2496,0.082701519100898846,0.065173052720732719,0.78805145817477951
6867,2545,2546,0.02616064521179132,0.020686522294358387,0.79074969775724047
6868,2546,2498,0.077984727775787285,0.061824666599277531,0.79277915513187014
6869,2498,2545,0.082446158402261424,0.065194307743885488,0.79075009687895015
6870,2546,2547,0.026160410048705084,0.020827775858868264,0.79615632247703316
6871,2547,2498,0.081942184229783332,0.065238820980639073,0.79615672432767381
6872,2547,2548,0.026162001104401495,0.02104175973973561,0.8042870901108381
6873,2548,2500,0.076416035382411027,0.061824693057404075,0.80905392105221019
6874,2500,2547,0.081198900788388276,0.065307222338355175,0.80428702487674975
6875,2548,2549,0.026161584619832437,0.021325966054122968,0.81516339182131548
6876,2549,2501,0.075273908610138551,0.061823911778937098,0.82131927145085315
6877,2501,2548,0.080228656409205304,0.065399490797844587,0.81516372983083829
6878,2549,2550,0.026160856520381751,0.021682284657967631,0.82880637493941023
6879,2550,2501,0.079048264763374551,0.065515732930033113,0.82880671860602984
6880,2550,2551,0.026160325340547512,0.022111636348135667,0.84523552594598161
6881,2551,2503,0.072376712192648338,0.061824512785326823,0.85420449357751627
6882,2503,2550,0.077681673693039022,0.065659416042845947,0.84523688691750753
6883,2551,2552,0.026162002021761142,0.02261602576141317,0.86446082156103787
6884,2552,2503,0.076151828306080097,0.06583037805867227,0.86446221348852703
6885,2552,2553,0.026161206353138258,0.023191057684505856,0.88646744234422092
6886,2553,2505,0.068825521000116713,0.061822389682890222,0.89824804497717325
6887,2505,2552,0.074487496272274828,0.066030767576479021,0.88646780843748796
6888,2553,2554,0.026160646358550244,0.023837827246095029,0.91120941430042168
6889,2554,2506,0.066879077688076771,0.061820225529402036,0.92435822482078533
6890,2506,2553,0.072713330330388834,0.066257073432074251,0.91120944579241281
6891,2554,2555,0.02616137362291682,0.024554943613602401,0.93859534929361588
6892,2555,2507,0.064864408683570532,0.061819205231836441,0.95305278328228393
6893,2507,2554,0.070870746601595896,0.06651902253373658,0.93859632815323946
6894,2555,2556,0.026161002310082015,0.02533607552368872,0.96846730960016081
6895,2556,2508,0.062814235979076843,0.061817526542277998,0.9841324276055694
6896,2508,2555,0.06898380687492929,0.066808579039248001,0.96846755877614765
6897,2556,2557,0.026161002310081987,0.026176250123964497,1.0005828451716712
6898,2557,2508,0.067091631043290245,0.067130752348503159,1.0005831026106322
6899,2557,2558,0.026162398547425119,0.027067477596721422,1.0345946510850543
6900,2558,2510,0.058751057208193035,0.061816354200254872,1.0521743290712116
6901,2510,2557,0.065225699510650839,0.067482147254292565,1.0345944583280899
6902,2558,2559,0.026160646358550244,0.027992599992915791,1.0700270784313706
6903,2559,2510,0.063418064925524209,0.067859034089103404,1.0700268790729346
6904,2511,2559,0.05680572503947473,0.061815021106174747,1.0881829439412845
6905,2559,2560,0.026162143524090208,0.028942148806813464,1.1062606082014426
6906,2560,2511,0.061698445961430551,0.068254585611922228,1.1062610175723082
6907,2512,2560,0.054964674053519708,0.061815397211342223,1.1246386570245444
6908,2560,2561,0.026159715250228161,0.029888049036989061,1.1425219560342263
6909,2561,2512,0.060095923206966079,0.068660890330755217,1.1425215999143903
6910,2513,2561,0.053255645014599708,0.061813298131286561,1.1606900660829631
6911,2561,2562,0.026161607477729436,0.030815470895242971,1.1778890468208127
6912,2562,2513,0.058637133012391707,0.069068084543828082,1.1778898625420859
6913,2562,2563,0.02616085652038173,0.031688830459528854,1.2113070699669302
6914,2563,2515,0.050357337436779871,0.061812835080154303,1.2274841805875065
6915,2515,2562,0.057345233431600647,0.069462718602473744,1.2113076265584724
6916,2563,2564,0.026161584619832437,0.032483048276119759,1.2416315276061367
6917,2564,2516,0.049214099514754674,0.06181006328819582,1.2559421770922539
6918,2516,2563,0.056238034720536123,0.069826898633156359,1.2416312017329096
6919,2564,2565,0.026162001104401495,0.033165488264991702,1.2676969216782099
6920,2565,2517,0.048307164735942029,0.061811948742894043,1.2795606838193101
6921,2517,2564,0.055334551071254443,0.070147403717381415,1.2676962649801282
6922,2565,2566,0.026160410048705073,0.033704984871263236,1.2883966577172064
6923,2566,2517,0.054644955452451252,0.070404341494850142,1.2883959902961539
6924,2566,2567,0.026160312573138958,0.034081214413329404,1.3027831497825266
6925,2567,2519,0.047245471178273463,0.061811010215933673,1.3082949259347929
6926,2519,2566,0.054179515015393573,0.070584071177552332,1.3027815246684631
6927,2567,2568,0.026162052782274074,0.034276506570836231,1.3101612039426833
6928,2568,2519,0.053946026532365896,0.070677902904629192,1.3101595696251087
6929,2568,2569,0.026162052782274074,0.034276506570827418,1.3101612039423465
6930,2569,2521,0.047245471178273463,0.061811010215813082,1.3082949259322405
6931,2521,2568,0.053946026532365896,0.070677902904509496,1.3101595696228898
6932,2569,2570,0.026160312573138958,0.034081214413314589,1.3027831497819602
6933,2570,2521,0.054179515015393573,0.070584071177420271,1.3027815246660257
6934,2570,2571,0.026160410048705073,0.033704984871254937,1.288396657716889
6935,2571,2523,0.048307164735942029,0.061811948742997468,1.2795606838214511
6936,2523,2570,0.054644955452451252,0.070404341494960318,1.2883959902981701
6937,2571,2572,0.026162001104401495,0.033165488264969241,1.2676969216773513
6938,2572,2523,0.055334551071254443,0.070147403717460935,1.2676962649815653
6939,2524,2572,0.049214099514754674,0.061810063287924974,1.2559421770867505
6940,2572,2573,0.026161584619832437,0.032483048276082671,1.241631527604719
6941,2573,2524,0.056238034720536123,0.069826898632855641,1.2416312017275624
6942,2525,2573,0.050357337436779871,0.061812835080009586,1.2274841805846326
6943,2573,2574,0.02616085652038173,0.031688830459499343,1.2113070699658022
6944,2574,2525,0.057345233431600647,0.06946271860232052,1.2113076265558005
6945,2574,2575,0.026161607477729436,0.030815470895219799,1.177889046819927
6946,2575,2527,0.053255645014599708,0.061813298131211898,1.1606900660815611
6947,2527,2574,0.058637133012391707,0.069068084543741637,1.1778898625406118
6948,2575,2576,0.026159715250228161,0.029888049036965611,1.14252195603333
6949,2576,2528,0.054964674053519708,0.0618153972112589,1.1246386570230285
6950,2528,2575,0.060095923206966079,0.068660890330667898,1.1425215999129372
6951,2576,2577,0.026162143524090208,0.028942148806782874,1.1062606082002733
6952,2577,2529,0.05680572503947473,0.061815021106067146,1.0881829439393902
6953,2529,2576,0.061698445961430551,0.068254585611816798,1.1062610175705994
6954,2577,2578,0.026160646358550244,0.027992599992871823,1.0700270784296899
6955,2578,2530,0.058751057208193035,0.06181635420011012,1.0521743290687477
6956,2530,2577,0.063418064925524209,0.067859034088966069,1.070026879070769
6957,2578,2579,0.026162398547425119,0.027067477596658066,1.0345946510826327
6958,2579,2530,0.065225699510650839,0.067482147254104036,1.0345944583251996
6959,2579,2580,0.026161002310081987,0.026176250123875481,1.0005828451682686
6960,2580,2532,0.062814235979076843,0.061817526542017963,0.98413242760142972
6961,2532,2579,0.067091631043290245,0.067130752348261616,1.000583102607032
6962,2580,2581,0.026161002310082015,0.025336075523566971,0.96846730959550698
6963,2581,2532,0.06898380687492929,0.066808579038913768,0.96846755877130253
6964,2533,2581,0.064864408683570532,0.06181920523149418,0.95305278327700738
6965,2581,2582,0.02616137362291682,0.02455494361343975,0.93859534928739863
6966,2582,2533,0.070870746601595896,0.066519022533300304,0.93859632814708349
6967,2534,2582,0.066879077688076771,0.061820225528958668,0.92435822481415597
6968,2582,2583,0.026160646358550244,0.023837827245882119,0.91120941429228319
6969,2583,2534,0.072713330330388834,0.066257073431513866,0.91120944578470608
6970,2535,2583,0.068825521000116713,0.061822389682327943,0.89824804496900368
6971,2583,2584,0.026161206353138258,0.023191057684232304,0.88646744233376462
6972,2584,2535,0.074487496272274828,0.066030767575774252,0.88646780842802642
6973,2584,2585,0.026162002021761142,0.022616025761068661,0.86446082154786952
6974,2585,2537,0.072376712192648338,0.061824512784479875,0.8542044935658144
6975,2537,2584,0.076151828306080097,0.065830378057892824,0.86446221347829166
6976,2585,2586,0.026160325340547512,0.02211163634771305,0.84523552592982676
6977,2586,2537,0.077681673693039022,0.065659416041813773,0.84523688690422039
6978,2586,2587,0.026160856520381751,0.021682284657469669,0.82880637492037557
6979,2587,2539,0.075273908610138551,0.061823911777825237,0.8213192714360823
6980,2539,2586,0.079048264763374551,0.065515732928974918,0.8288067185926431
6981,2587,2588,0.026161584619832437,0.021325966053576881,0.81516339180044184
6982,2588,2539,0.080228656409205304,0.065399490796615584,0.81516372981551954
6983,2540,2588,0.076416035382411027,0.0618246930562679,0.80905392103734197
6984,2588,2589,0.026162001104401495,0.021041759739222583,0.80428709009122845
6985,2589,2540,0.081198900788388276,0.065307222337287807,0.80428702486360459
6986,2589,2590,0.026160410048705084,0.020827775858582618,0.79615632246611412
6987,2590,2542,0.077984727775787285,0.061824666598959743,0.79277915512779518
6988,2542,2589,0.081942184229783332,0.065238820979740514,0.79615672431670814
6989,2590,2591,0.02616064521179132,0.020686522294302494,0.79074969775510395
6990,2591,2542,0.082446158402261424,0.065194307743705521,0.79075009687676723
6991,2591,2544,0.026161941246619788,0.020616947121237569,0.78805112078222972
6992,2496,2591,0.082701519100898846,0.065173052720722227,0.78805145817465272
6993,2544,2592,0.078519337846975581,0.061824377395839118,0.78737772236856018
6994,2592,2593,0.026161936506917297,0.020616981132243174,0.78805256357043685
6995,2593,2544,0.082698961313038,0.065171067435378593,0.78805182556874476
6996,2545,2593,0.078384134421282933,0.061823647065324394,0.78872653913670032
6997,2593,2594,0.026160835725979631,0.020686719279624791,0.79075146896325488
6998,2594,2545,0.082444776327222732,0.065193269684087618,0.79075076176246739
6999,2546,2594,0.07798473636719927,0.061824725394184307,0.79277982172147299
7000,2594,2595,0.026159947208549764,0.020827437541786023,0.79615747599746933
7001,2595,2546,0.081940882547603039,0.065237758448451214,0.79615640471716609
7002,2595,2596,0.026162164393899037,0.021041892097253233,0.80428712932329705
7003,2596,2548,0.076415134180216365,0.06182396557863875,0.80905394254538621
7004,2548,2595,0.081197608669033028,0.065306195146273449,0.80428717319085019
7005,2596,2597,0.02616074429157441,0.021325256905649292,0.81516246892553124
7006,2597,2549,0.075274455649438174,0.061824268814200868,0.82131804582053203
7007,2549,2596,0.080228557167950798,0.065399379214934009,0.81516334736054985
7008,2597,2598,0.026162663429641891,0.021683774834979248,0.82880609205910849
7009,2598,2550,0.0739204669087037,0.061824320778353599,0.83636269309162259
7010,2550,2597,0.079048859611977107,0.065516128176636074,0.82880548180241398
7011,2598,2599,0.026158979300289882,0.022110505468250222,0.84523578746840489
7012,2599,2551,0.072374178077466628,0.061822222196563165,0.85420275350679575
7013,2551,2598,0.0776802173793575,0.065658127736855101,0.84523614830026061
7014,2599,2600,0.02616167788604265,0.022615716466009902,0.86445970952327444
7015,2600,2552,0.07066665024512786,0.061822079626555587,0.87484095272816376
7016,2552,2599,0.076150510613332847,0.065829104864595006,0.86446045252215664
7017,2600,2601,0.026161728876526725,0.023191491651878216,0.88646632496396227
7018,2601,2553,0.068825663969967255,0.061822467783473944,0.8982473138283239
7019,2553,2600,0.074486510464250741,0.066029809668092729,0.88646668043045529
7020,2601,2602,0.02616073557623828,0.023837893999303521,0.91120885839905097
7021,2602,2554,0.066881722076041164,0.06182265482881167,0.92435799961194798
7022,2554,2601,0.072714805695965543,0.066258388940061863,0.91120904891227805
7023,2602,2603,0.02616272443243919,0.02455622471522264,0.93859585528391487
7024,2603,2554,0.070870846275782745,0.066519096482553525,0.93859605152314574
7025,2603,2604,0.026161563061529974,0.025336664144859123,0.96846905076998824
7026,2604,2556,0.062816475396163973,0.061819779411240686,0.9841332074326451
7027,2556,2603,0.068985214145170795,0.066809974730591998,0.96846803417901584
7028,2604,2605,0.026161563061530002,0.026176874348800606,1.0005852588866573
7029,2605,2556,0.067094814668374358,0.067134012035023075,1.0005842085836656
7030,2605,2606,0.026159228849732038,0.027064222617778091,1.0345955828149469
7031,2606,2558,0.058751438169721719,0.06181673799341119,1.0521740389543215
7032,2558,2605,0.065225864169210043,0.067482422134489239,1.0345960608421407
7033,2606,2607,0.026161563214425917,0.027993573206409383,1.0700267784829183
7034,2607,2559,0.056804774037299929,0.061813974600692732,1.088182739008936
7035,2559,2606,0.063417922978650523,0.067858863491347954,1.0700265840335461
7036,2607,2608,0.026161728876526725,0.028941693910888442,1.1062607539234919
7037,2608,2560,0.054962042777359055,0.061812454152607541,1.1246389513395312
7038,2560,2607,0.061697269812218077,0.068253271630079285,1.1062608092354016
7039,2608,2609,0.026160196213595544,0.029888601066580131,1.1425220523019977
7040,2609,2560,0.060095182887118126,0.068660075118587668,1.1425221094269353
7041,2609,2610,0.026161001774935112,0.030814750081524789,1.1778887653701564
7042,2610,2562,0.051711716103567236,0.061813251406243774,1.1953432619108091
7043,2562,2609,0.058637751728727511,0.069068774764500407,1.1778892049618366
7044,2610,2611,0.026162064784368919,0.031690278113748173,1.2113064612806173
7045,2611,2563,0.05035598238476037,0.06181113538098907,1.2274834578482072
7046,2563,2610,0.057345162737038248,0.069462575128133655,1.2113066179036054
7047,2611,2612,0.026160744291574469,0.032481981127356847,1.2416306189659232
7048,2612,2563,0.056237402583502925,0.069826090007364075,1.2416307795098516
7049,2612,2613,0.026162164393898995,0.033165673936000999,1.2676961063563694
7050,2613,2565,0.048307339864652923,0.061812202338813363,1.2795612946603609
7051,2565,2612,0.055334267486848984,0.07014703829203027,1.2676961578772461
7052,2613,2614,0.026160239026628299,0.033704738482961696,1.2883956621594288
7053,2614,2565,0.054645375214458204,0.070404867244730787,1.288395714521563
7054,2614,2615,0.026160658590641973,0.034081604404368436,1.302780825883332
7055,2615,2567,0.047245326360163896,0.061810832846900088,1.3082951819551292
7056,2567,2614,0.05418055602453288,0.070585463761120501,1.3027821960549741
7057,2615,2616,0.026161995906030008,0.034276343920050523,1.3101578351730518
7058,2616,2567,0.053947681158253956,0.07068005149504597,1.3101592131033044
7059,2616,2617,0.026161995906030008,0.034276343920053381,1.3101578351731611
7060,2617,2569,0.047245326360163896,0.061810832846889333,1.3082951819549016
7061,2569,2616,0.053947681158253956,0.070680051495027763,1.3101592131029669
7062,2617,2618,0.026160658590641973,0.034081604404378442,1.3027808258837146
7063,2618,2569,0.05418055602453288,0.07058546376111717,1.3027821960549126
7064,2618,2619,0.026160239026628299,0.033704738482980126,1.2883956621601331
7065,2619,2571,0.048307339864652923,0.061812202338829898,1.2795612946607033
7066,2571,2618,0.054645375214458204,0.070404867244740738,1.2883957145217451
7067,2619,2620,0.026162164393898995,0.033165673936025548,1.2676961063573078
7068,2620,2571,0.055334267486848984,0.070147038292053751,1.2676961578776704
7069,2620,2621,0.026160744291574469,0.032481981127386483,1.2416306189670558
7070,2621,2573,0.05035598238476037,0.06181113538098755,1.227483457848177
7071,2573,2620,0.056237402583502925,0.069826090007355027,1.2416307795096906
7072,2621,2622,0.026162064784368919,0.031690278113783416,1.2113064612819644
7073,2622,2573,0.057345162737038248,0.069462575128138526,1.2113066179036902
7074,2574,2622,0.051711716103567236,0.061813251406256473,1.1953432619110547
7075,2622,2623,0.026161001774935112,0.030814750081563185,1.1778887653716241
7076,2623,2574,0.058637751728727511,0.069068774764517324,1.177889204962125
7077,2623,2624,0.026160196213595544,0.029888601066617386,1.1425220523034219
7078,2624,2576,0.054962042777359055,0.061812454152618254,1.1246389513397261
7079,2576,2623,0.060095182887118126,0.068660075118602254,1.142522109427178
7080,2624,2625,0.026161728876526725,0.028941693910919684,1.106260753924686
7081,2625,2576,0.061697269812218077,0.068253271630082379,1.1062608092354518
7082,2577,2625,0.056804774037299929,0.061813974600683413,1.0881827390087719
7083,2625,2626,0.026161563214425917,0.027993573206429659,1.0700267784836932
7084,2626,2577,0.063417922978650523,0.067858863491322322,1.070026584033142
7085,2578,2626,0.058751438169721719,0.061816737993368176,1.0521740389535894
7086,2626,2627,0.026159228849732038,0.027064222617782251,1.0345955828151059
7087,2627,2578,0.065225864169210043,0.067482422134419101,1.0345960608410654
7088,2627,2628,0.026161563061530002,0.026176874348782662,1.0005852588859714
7089,2628,2580,0.062816475396163973,0.061819779411080265,0.98413320743009125
7090,2580,2627,0.067094814668374358,0.067134012034882118,1.0005842085815648
7091,2628,2629,0.026161563061529974,0.025336664144811144,0.96846905076815437
7092,2629,2580,0.068985214145170795,0.066809974730371022,0.96846803417581262
7093,2629,2630,0.02616272443243919,0.024556224715132982,0.93859585528048806
7094,2630,2582,0.066881722076041164,0.061822654828430156,0.92435799960624365
7095,2582,2629,0.070870846275782745,0.066519096482212534,0.93859605151833436
7096,2630,2631,0.02616073557623828,0.023837893999153897,0.91120885839333154
7097,2631,2582,0.072714805695965543,0.066258388939548246,0.91120904890521459
7098,2583,2631,0.068825663969967255,0.061822467782915239,0.89824731382020628
7099,2631,2632,0.026161728876526725,0.023191491651638668,0.88646632495480593
7100,2632,2583,0.074486510464250741,0.066029809667332767,0.88646668042025267
7101,2584,2632,0.07066665024512786,0.061822079625746471,0.87484095271671403
7102,2632,2633,0.02616167788604265,0.022615716465630903,0.86445970950878759
7103,2633,2584,0.076150510613332847,0.065829104863472973,0.86446045250742221
7104,2585,2633,0.072374178077466628,0.061822222195394509,0.85420275349064834
7105,2633,2634,0.026158979300289882,0.022110505467649318,0.84523578744543371
7106,2634,2585,0.0776802173793575,0.065658127735189642,0.84523614827882076
7107,2586,2634,0.0739204669087037,0.061824320776660432,0.83636269306871736
7108,2634,2635,0.026162663429641891,0.021683774834016848,0.82880609202232325
7109,2635,2586,0.079048859611977107,0.065516128174137905,0.82880548177081115
7110,2587,2635,0.075274455649438174,0.061824268811730178,0.82131804578770962
7111,2635,2636,0.02616074429157441,0.021325256904087084,0.81516246886581545
7112,2636,2587,0.080228557167950798,0.065399379211134825,0.8151633473131954
7113,2588,2636,0.076415134180216365,0.061823965574997329,0.8090539424977331
7114,2636,2637,0.026162164393899037,0.021041892094678109,0.80428712922486778
7115,2637,2588,0.081197608669033028,0.065306195140402715,0.80428717311854847
7116,2637,2638,0.026159947208549764,0.020827437541295447,0.79615747597871633
7117,2638,2590,0.07798473636719927,0.061824725397312229,0.79277982176158235
7118,2590,2637,0.081940882547603039,0.065237758443282473,0.7961564046540871
7119,2638,2639,0.026160835725979631,0.020686719281156285,0.79075146902179638
7120,2639,2591,0.078384134421282933,0.061823647066606473,0.78872653915305668
7121,2591,2638,0.082444776327222732,0.065193269687541078,0.79075076180435555
7122,2639,2592,0.026161936506917297,0.020616981132674045,0.78805256358690623
7123,2544,2639,0.082698961313038,0.065171067436740587,0.78805182558521403
7124,2640,2641,0.026161974424513176,0.020616935047156826,0.78804965988496756
7125,2641,2593,0.078386594187865186,0.061825544541833581,0.78872599559127965
7126,2593,2640,0.082699551909929905,0.065171456953127191,0.78805090774986319
7127,2641,2642,0.026160712105976185,0.020686554288872203,0.79074889877124332
7128,2642,2593,0.082445204976006214,0.065193558276611108,0.7907501509103434
7129,2642,2643,0.026160644905988937,0.020827960777185746,0.79615624354954706
7130,2643,2595,0.07732442275254775,0.061824629319036477,0.7995485400115635
7131,2595,2642,0.081942404799294433,0.065238949439366964,0.79615614893363129
7132,2643,2644,0.02616183315061079,0.021041624799366537,0.80428709556521605
7133,2644,2596,0.076415206495587293,0.061824010771518688,0.80905376831100762
7134,2596,2643,0.081198172229594218,0.065306652609939647,0.80428722490550586
7135,2644,2645,0.0261609530765247,0.021325429877456524,0.81516257512012091
7136,2645,2597,0.075274251702471526,0.061824052682306709,0.82131739982845686
7137,2597,2644,0.080227873245039244,0.065398740714064901,0.81516233783635439
7138,2645,2646,0.026162001715974624,0.021683223003861132,0.82880596214552149
7139,2646,2598,0.073920275243297751,0.06182417831115327,0.83636293435959286
7140,2598,2645,0.079048386486193237,0.065515803358041733,0.82880633331440445
7141,2646,2647,0.026160173889629153,0.02211152007229316,0.84523597456127664
7142,2647,2598,0.077680297476804508,0.065658211346093398,0.84523635308810541
7143,2647,2648,0.026160548195806724,0.022614754003439725,0.86446024885153772
7144,2648,2600,0.070667408277793317,0.061822686848011565,0.87484016118133012
7145,2600,2647,0.076151002295141518,0.065829517376106303,0.86446028800734864
7146,2648,2649,0.026162687203931879,0.023192353454779005,0.88646679425550468
7147,2649,2600,0.074486504422897545,0.066029815781891238,0.88646683440810414
7148,2649,2650,0.026159755235280038,0.023837010648105516,0.91120923853133073
7149,2650,2602,0.06687940436591612,0.061820489771850846,0.92435766074729786
7150,2602,2649,0.072713470276865075,0.066257196318602329,0.91120938206250202
7151,2650,2651,0.026162121201785557,0.024555639870636491,0.93859514223795337
7152,2651,2603,0.064866808718976085,0.061821483397273391,0.95305264153049329
7153,2603,2650,0.070871864880364871,0.066520028154900379,0.93859570743890253
7154,2651,2652,0.026160427097335383,0.025335517338715603,0.96846726716079479
7155,2652,2604,0.062814821415972943,0.061818139940449615,0.98413302063022523
7156,2604,2651,0.068986704446108812,0.066811447938316851,0.96846846757999239
7157,2652,2653,0.026161954548360813,0.026177209263676962,1.0005830877539348
7158,2653,2604,0.067093295877464459,0.067132500367571457,1.0005843279808253
7159,2605,2653,0.060766466639510998,0.061818354224828405,1.0173103299153066
7160,2653,2654,0.02616137056497805,0.027066420987163747,1.0345949161928572
7161,2654,2605,0.065225132339988126,0.067481653109278561,1.0345958787408547
7162,2606,2654,0.058750380043062829,0.061815613779721182,1.0521738537591008
7163,2654,2655,0.026161504961052018,0.027993528659774242,1.070027458338106
7164,2655,2606,0.063417008910123182,0.067857921450067887,1.0700271522776883
7165,2607,2655,0.056805811685469838,0.061815136578808175,1.088183316895015
7166,2655,2656,0.02616103006125434,0.028940932933762969,1.106261216244149
7167,2656,2607,0.061699457970561054,0.068255693572208481,1.1062608297916594
7168,2608,2656,0.054965029734811939,0.061815814549950818,1.1246389722372869
7169,2656,2657,0.026160548195806793,0.029889028778741583,1.1425230295262856
7170,2657,2608,0.060096856705844304,0.068662038079675775,1.1425229511712303
7171,2609,2657,0.053255832487061429,0.061813538150272573,1.1606904870990469
7172,2657,2658,0.026160173889629108,0.030813817788099135,1.1778904038674953
7173,2658,2609,0.058636060782668586,0.069066798978796445,1.1778894771732507
7174,2658,2659,0.02616200171597453,0.031690254756316004,1.211308488561329
7175,2659,2611,0.050358186321476289,0.061813898783451005,1.2274846117142466
7176,2611,2658,0.057345802612075086,0.069463383208316312,1.2113071932781645
7177,2659,2660,0.02616095307652477,0.032482294482960937,1.2416326877673487
7178,2660,2611,0.056239073152446931,0.069828196886659533,1.2416313600577422
7179,2612,2660,0.049217231520758395,0.061813975537759205,1.255941742917577
7180,2660,2661,0.026162650434040122,0.033166323985206234,1.2676974020206171
7181,2661,2612,0.055335425344950007,0.070148533079958039,1.2676966453707743
7182,2613,2661,0.048307177943070177,0.061812018920073375,1.2795617867166367
7183,2661,2662,0.026160050954569164,0.033704492092965437,1.288395506243406
7184,2662,2613,0.054645027334498997,0.070404377720929431,1.2883949584280123
7185,2662,2663,0.0261608614131798,0.034081840293489762,1.3027797424254304
7186,2663,2615,0.047247660117034976,0.061813803434106911,1.308293432542285
7187,2615,2662,0.054181293109366743,0.070586311229651699,1.3027801142946309
7188,2663,2664,0.026161924351869887,0.034276223754464138,1.3101568253718421
7189,2664,2616,0.047111605518528901,0.061811551628348838,1.3120238834577285
7190,2616,2663,0.053947344868947422,0.070679516391869548,1.3101574611979341
7191,2664,2665,0.026161924351869887,0.03427622375447379,1.3101568253722111
7192,2665,2616,0.053947344868947422,0.070679516391889463,1.3101574611983031
7193,2617,2665,0.047247660117034976,0.061813803434129483,1.3082934325427629
7194,2665,2666,0.0261608614131798,0.03408184029351962,1.3027797424265717
7195,2666,2617,0.054181293109366743,0.070586311229699536,1.3027801142955138
7196,2666,2667,0.026160050954569164,0.033704492093017041,1.2883955062453787
7197,2667,2619,0.048307177943070177,0.061812018920152076,1.2795617867182658
7198,2619,2666,0.054645027334498997,0.070404377720994962,1.2883949584292116
7199,2667,2668,0.026162650434040122,0.033166323985279654,1.2676974020234235
7200,2668,2620,0.049217231520758395,0.061813975537863095,1.2559417429196877
7201,2620,2667,0.055335425344950007,0.070148533080052075,1.2676966453724736
7202,2668,2669,0.02616095307652477,0.032482294483053738,1.2416326877708959
7203,2669,2621,0.050358186321476289,0.06181389878358011,1.2274846117168103
7204,2621,2668,0.056239073152446931,0.069828196886784211,1.2416313600599591
7205,2669,2670,0.02616200171597453,0.031690254756423522,1.2113084885654386
7206,2670,2621,0.057345802612075086,0.069463383208477572,1.2113071932809767
7207,2670,2671,0.026160173889629108,0.030813817788215524,1.1778904038719444
7208,2671,2623,0.053255832487061429,0.061813538150433715,1.1606904871020727
7209,2623,2670,0.058636060782668586,0.06906679897896606,1.1778894771761432
7210,2671,2672,0.026160548195806793,0.029889028778861342,1.1425230295308635
7211,2672,2624,0.054965029734811939,0.061815814550114395,1.124638972240263
7212,2624,2671,0.060096856705844304,0.068662038079852106,1.1425229511741644
7213,2672,2673,0.02616103006125434,0.028940932933882006,1.1062612162486991
7214,2673,2625,0.056805811685469838,0.061815136578965549,1.0881833168977855
7215,2625,2672,0.061699457970561054,0.068255693572380371,1.1062608297944452
7216,2673,2674,0.026161504961052018,0.027993528659890368,1.0700274583425449
7217,2674,2626,0.058750380043062829,0.061815613779865004,1.0521738537615488
7218,2626,2673,0.063417008910123182,0.067857921450225261,1.0700271522801699
7219,2674,2675,0.02616137056497805,0.027066420987276865,1.034594916197181
7220,2675,2627,0.060766466639510998,0.061818354224952431,1.0173103299173476
7221,2627,2674,0.065225132339988126,0.067481653109412357,1.0345958787429061
7222,2675,2676,0.026161954548360813,0.02617720926378924,1.0005830877582265
7223,2676,2628,0.062814821415972943,0.061818139940548363,0.98413302063179731
7224,2628,2675,0.067093295877464459,0.067132500367672876,1.000584327982337
7225,2676,2677,0.026160427097335383,0.025335517338832072,0.96846726716524689
7226,2677,2628,0.068986704446108812,0.066811447938438365,0.96846846758175387
7227,2629,2677,0.064866808718976085,0.061821483397341774,0.95305264153154745
7228,2677,2678,0.026162121201785557,0.02455563987076648,0.93859514224292195
7229,2678,2629,0.070871864880364871,0.066520028155005559,0.93859570744038667
7230,2630,2678,0.06687940436591612,0.061820489771883994,0.92435766074779346
7231,2678,2679,0.026159755235280038,0.023837010648265398,0.91120923853744251
7232,2679,2630,0.072713470276865075,0.066257196318700043,0.91120938206384583
7233,2679,2680,0.026162687203931879,0.023192353454991588,0.88646679426363006
7234,2680,2632,0.070667408277793317,0.06182268684794618,0.87484016118040486
7235,2632,2679,0.074486504422897545,0.066029815781721041,0.88646683440581919
7236,2680,2681,0.026160548195806724,0.022614754003740987,0.86446024886305362
7237,2681,2632,0.076151002295141518,0.065829517376210178,0.86446028800871266
7238,2681,2682,0.026160173889629153,0.022111520072748202,0.84523597457867106
7239,2682,2634,0.073920275243297751,0.061824178310892444,0.83636293435606435
7240,2634,2681,0.077680297476804508,0.06565821134551289,0.84523635308063239
7241,2682,2683,0.026162001715974624,0.021683223004583703,0.82880596217314062
7242,2683,2634,0.079048386486193237,0.065515803358297459,0.82880633331763942
7243,2635,2683,0.075274251702471526,0.061824052681883776,0.82131739982283836
7244,2683,2684,0.0261609530765247,0.021325429878645327,0.81516257516556279
7245,2684,2635,0.080227873245039244,0.065398740714552733,0.81516233784243497
7246,2636,2684,0.076415206495587293,0.061824010770859049,0.8090537683023753
7247,2684,2685,0.02616183315061079,0.021041624801372026,0.80428709564187306
7248,2685,2636,0.081198172229594218,0.065306652610892801,0.80428722491724447
7249,2685,2686,0.026160644905988937,0.020827960776810751,0.79615624353521275
7250,2686,2638,0.077983879273025386,0.06182402604326756,0.79277956700279828
7251,2638,2685,0.08194071862463681,0.065237723481918086,0.79615757070384419
7252,2686,2687,0.026160712105976185,0.020686554286017393,0.79074889866211751
7253,2687,2639,0.078386594187865186,0.061825544539434001,0.78872599556066747
7254,2639,2686,0.082445204976006214,0.06519355827286942,0.79075015086495948
7255,2687,2640,0.026161974424513176,0.020616935045925773,0.78804965983791242
7256,2640,2639,0.082699551909929905,0.065171456954489199,0.78805090776633246
7257,2688,2689,0.026161896525199225,0.020616927101482975,0.78805170265942615
7258,2689,2641,0.078384685550425964,0.061823991114584372,0.78872538277661564
7259,2641,2688,0.082699288160002535,0.065171262281539022,0.78805106708353834
7260,2689,2690,0.026160599953000099,0.020686488110433131,0.79074975908802903
7261,2690,2641,0.082443653533393113,0.065192246591269848,0.79074912133611686
7262,2690,2691,0.026160636878675186,0.020827963334417561,0.79615658559885649
7263,2691,2643,0.077325445344778837,0.061825463438918898,0.79954875349571419
7264,2643,2690,0.081941937275187671,0.065238603332294962,0.79615646763637671
7265,2691,2692,0.026162531256426542,0.021042218189632447,0.80428831535418244
7266,2692,2644,0.076416734053475224,0.061825321310005163,0.8090547453485879
7267,2644,2691,0.081199834143958746,0.06530798844037497,0.80428721473236986
7268,2692,2693,0.026160203017814302,0.021324856765440919,0.81516403947321592
7269,2693,2644,0.080228157210240778,0.06539901921611295,0.81516292396860701
7270,2693,2694,0.026162445790683615,0.02168361945942392,0.82880704781604964
7271,2694,2646,0.073918570362511246,0.061822779251500939,0.83636329745434523
7272,2646,2693,0.079048211024119908,0.065515656631114014,0.82880631683268935
7273,2694,2695,0.026160528930178329,0.022111860955921273,0.84523753380282063
7274,2695,2647,0.072377120388458407,0.061824851401136617,0.85420435448818288
7275,2647,2694,0.077680619307565785,0.065658511873823946,0.84523672003512296
7276,2695,2696,0.026159225638633123,0.022613626248179634,0.86446084301451231
7277,2696,2647,0.076151257340205197,0.065829716738119395,0.86446001073922663
7278,2648,2696,0.070668053748198206,0.061823231702174165,0.87483988058395401
7279,2696,2697,0.026163055587999532,0.023192673045528443,0.88646652786865066
7280,2697,2648,0.074487555879477807,0.066030743217821652,0.8864667720425754
7281,2697,2698,0.02616009774335416,0.023837328383700285,0.9112094540914335
7282,2698,2650,0.066879619109972546,0.061820694708034779,0.92435775697796374
7283,2650,2697,0.072714867498937449,0.066258457383320576,0.91120921569840974
7284,2698,2699,0.02616275722711725,0.024556260776285536,0.93859605710186356
7285,2699,2650,0.070871133078160231,0.066519348666530434,0.93859581154388438
7286,2699,2700,0.026159520446462518,0.025334660224691188,0.96846806792733564
7287,2700,2652,0.06281659631954932,0.06181981708748957,0.98413191273546385
7288,2652,2699,0.068985908550267233,0.066810641968470683,0.96846795776833872
7289,2700,2701,0.026162035199577448,0.026177297363755587,1.0005833706766967
7290,2701,2652,0.067094823432077594,0.067133956948431855,1.0005832568647248
7291,2653,2701,0.060765774676060841,0.061817603218441208,1.0173095553868541
7292,2701,2702,0.026160285509270263,0.027065291934650203,1.0345946692768027
7293,2702,2653,0.065225339652061801,0.067481777300545595,1.0345944944176686
7294,2702,2703,0.026162484166212745,0.027994566280323537,1.0700270701540191
7295,2703,2655,0.056807154769512633,0.061816622470071587,1.0881837458834929
7296,2655,2702,0.063419334391391857,0.067860401523531039,1.0700270221180685
7297,2703,2704,0.026160795360328466,0.02894066228341622,1.1062607953924553
7298,2704,2655,0.061698917931879781,0.06825509096204864,1.1062607457298905
7299,2704,2705,0.026161321026319417,0.029889893760439917,1.1425223416802766
7300,2705,2657,0.053255380028359819,0.061813050692879574,1.1606911951423984
7301,2657,2704,0.060095561351611725,0.068660533613862901,1.1425225435891775
7302,2705,2706,0.026160064180819113,0.030813663082249962,1.1778894298295692
7303,2706,2658,0.051712053665673864,0.061813666356256125,1.1953434832793663
7304,2658,2705,0.058637230561266178,0.069068218981603369,1.1778901957083143
7305,2706,2707,0.026162445790683626,0.031690750722471323,1.2113068852972573
7306,2707,2659,0.050356000336915965,0.061811239995662563,1.2274850977461125
7307,2659,2706,0.05734480560086673,0.069462204634016853,1.2113077009535973
7308,2707,2708,0.026160546360985592,0.032481755528722844,1.2416313895173212
7309,2708,2660,0.049215766363967142,0.061812149271578631,1.2559420250506108
7310,2660,2707,0.056237233550100962,0.069825940426797878,1.2416318516911207
7311,2708,2709,0.026162531256426539,0.033166160083988455,1.2676969120043211
7312,2709,2661,0.048307747295208904,0.061812772839097828,1.2795623124663553
7313,2661,2708,0.055335468897435368,0.070148604049380475,1.2676969301444132
7314,2709,2710,0.026159826795373192,0.033704244478833321,1.28839708085508
7315,2710,2661,0.054645053832745344,0.070404528848730455,1.2883970992913809
7316,2710,2711,0.026160599953000102,0.034081595224859471,1.302783395109063
7317,2711,2663,0.047244754364506807,0.061810081088770119,1.3082951095879904
7318,2663,2710,0.054180246946463,0.070585015436815585,1.302781353258921
7319,2711,2712,0.026162061344278609,0.034276528383702008,1.3101616089283405
7320,2712,2663,0.053946780205161964,0.070678889575024606,1.3101595555143366
7321,2712,2713,0.026162061344278609,0.034276528383714797,1.3101616089288295
7322,2713,2665,0.047244754364506807,0.061810081088810594,1.3082951095888471
7323,2665,2712,0.053946780205161964,0.070678889575044521,1.3101595555147056
7324,2713,2714,0.026160599953000102,0.034081595224901777,1.3027833951106804
7325,2714,2665,0.054180246946463,0.070585015436896728,1.3027813532604187
7326,2714,2715,0.026159826795373192,0.033704244478913986,1.2883970808581635
7327,2715,2667,0.048307747295208904,0.061812772839250005,1.2795623124695055
7328,2667,2714,0.054645053832745344,0.07040452884885752,1.2883970992937062
7329,2715,2716,0.026162531256426539,0.033166160084113896,1.2676969120091157
7330,2716,2667,0.055335468897435368,0.070148604049604518,1.267696930148462
7331,2668,2716,0.049215766363967142,0.061812149271797061,1.255942025055049
7332,2716,2717,0.026160546360985592,0.032481755528889864,1.2416313895237057
7333,2717,2668,0.056237233550100962,0.069825940427088479,1.2416318516962881
7334,2669,2717,0.050356000336915965,0.061811239995938544,1.227485097751593
7335,2717,2718,0.026162445790683626,0.031690750722667985,1.2113068853047742
7336,2718,2669,0.05734480560086673,0.069462204634357275,1.2113077009595339
7337,2670,2718,0.051712053665673864,0.061813666356573475,1.1953434832855032
7338,2718,2719,0.026160064180819113,0.030813663082462351,1.1778894298376881
7339,2719,2670,0.058637230561266178,0.069068218981975293,1.1778901957146573
7340,2671,2719,0.053255380028359819,0.061813050693221766,1.1606911951488239
7341,2719,2720,0.026161321026319417,0.029889893760657114,1.1425223416885788
7342,2720,2671,0.060095561351611725,0.068660533614251451,1.1425225435956432
7343,2720,2721,0.026160795360328466,0.028940662283631916,1.1062607954007002
7344,2721,2673,0.056807154769512633,0.061816622470431896,1.0881837458898356
7345,2673,2720,0.061698917931879781,0.068255090962442144,1.1062607457362683
7346,2721,2722,0.026162484166212745,0.027994566280535826,1.0700270701621333
7347,2722,2673,0.063419334391391857,0.067860401523931108,1.0700270221243768
7348,2722,2723,0.026160285509270263,0.027065291934860531,1.0345946692848427
7349,2723,2675,0.060765774676060841,0.061817603218815055,1.0173095553930063
7350,2675,2722,0.065225339652061801,0.067481777300945511,1.0345944944237999
7351,2723,2724,0.026162035199577448,0.026177297363967802,1.0005833706848082
7352,2724,2676,0.06281659631954932,0.061819817087882034,0.98413191274171163
7353,2676,2723,0.067094823432077594,0.067133956948843651,1.0005832568708624
7354,2724,2725,0.026159520446462518,0.025334660224910426,0.96846806793571649
7355,2725,2676,0.068985908550267233,0.066810641968917048,0.9684679577748091
7356,2725,2726,0.02616275722711725,0.024556260776517271,0.93859605711072092
7357,2726,2678,0.066879619109972546,0.061820694708518718,0.92435775698519962
7358,2678,2725,0.070871133078160231,0.06651934866702118,0.93859581155080896
7359,2726,2727,0.02616009774335416,0.023837328383992377,0.91120945410259901
7360,2727,2678,0.072714867498937449,0.066258457383996022,0.91120921570769864
7361,2727,2728,0.026163055587999532,0.023192673045896044,0.88646652788270108
7362,2728,2680,0.070668053748198206,0.061823231703032451,0.87483988059609941
7363,2680,2727,0.074487555879477807,0.066030743218657123,0.88646677205379165
7364,2728,2729,0.026159225638633123,0.022613626248608538,0.8644608430309082
7365,2729,2681,0.072377120388458407,0.061824851402274499,0.85420435450390453
7366,2681,2728,0.076151257340205197,0.065829716739206803,0.8644600107535062
7367,2729,2730,0.026160528930178329,0.02211186095643837,0.84523753382258693
7368,2730,2681,0.077680619307565785,0.065658511875198666,0.84523672005282002
7369,2682,2730,0.073918570362511246,0.061822779253081127,0.83636329747572258
7370,2730,2731,0.026162445790683615,0.02168361946005307,0.8288070478400974
7371,2731,2682,0.079048211024119908,0.065515656632991498,0.82880631685644046
7372,2731,2732,0.026160203017814302,0.02132485676619679,0.81516403950210981
7373,2732,2684,0.076416734053475224,0.061825321313369222,0.80905474539261046
7374,2684,2731,0.080228157210240778,0.065399019219453472,0.8151629240102447
7375,2732,2733,0.026162531256426542,0.021042218190504294,0.80428831538750678
7376,2733,2684,0.081199834143958746,0.065307988444101892,0.80428721477826803
7377,2685,2733,0.077325445344778837,0.061825463444009084,0.79954875356154231
7378,2733,2734,0.026160636878675186,0.020827963335331472,0.79615658563379099
7379,2734,2685,0.081941937275187671,0.065238603337652537,0.7961564677017593
7380,2734,2735,0.026160599953000099,0.020686488111595909,0.79074975913247669
7381,2735,2687,0.078384685550425964,0.061823991113017965,0.78872538275663207
7382,2687,2734,0.082443653533393113,0.065192246588800656,0.79074912130616681
7383,2735,2688,0.026161896525199225,0.020616927102191668,0.78805170268651492
7384,2688,2640,0.078520695333112026,0.061825354738994143,0.78737655692820274
7385,2640,2735,0.082700432271399602,0.065172100088363313,0.78805029548680927
7386,2688,2736,0.078518162817369355,0.061823432153407146,0.78737746700984845
7387,2736,2737,0.026162015705704273,0.02061702157764294,0.78805172390243916
7388,2737,2688,0.082698706049859752,0.065170898913740005,0.78805222024209076
7389,2737,2738,0.026160546743240011,0.02068647192066524,0.79075074858711458
7390,2738,2690,0.077985755840498605,0.061825482257675847,0.79277916321187203
7391,2690,2737,0.082445650166769399,0.065193920825765958,0.79075027844274393
7392,2738,2739,0.026160658361290317,0.020828002252094066,0.79615741945214447
7393,2739,2691,0.077322850635458754,0.061823425995594976,0.79954923399117361
7394,2691,2738,0.081941801569439754,0.065238543743210184,0.79615705895757283
7395,2739,2740,0.026161451294443128,0.021041330554957927,0.80428758780011755
7396,2740,2692,0.07641543401505406,0.061824270191256879,0.80905475429318796
7397,2692,2739,0.081197520883285745,0.065306246852370714,0.80428867953053229
7398,2740,2741,0.026161499533237594,0.021325887545868335,0.81516304211745494
7399,2741,2692,0.080226475815477372,0.065397746854110969,0.81516414861008224
7400,2741,2742,0.026161662825865621,0.02168296249173092,0.82880674046044656
7401,2742,2694,0.073921506747098159,0.061825258459157179,0.83636361296956618
7402,2694,2741,0.07904911975404906,0.065516476347372843,0.8288071587794873
7403,2742,2743,0.026160710576968189,0.022111998412691521,0.84523691922033872
7404,2743,2695,0.072375369568107709,0.061823401615589711,0.85420498692461622
7405,2695,2742,0.077680991522488071,0.065658856558194215,0.84523710719097167
7406,2743,2744,0.02616159929781536,0.022615714470777024,0.86446223005432099
7407,2744,2695,0.076150941258589358,0.065829627140858243,0.86446242230043435
7408,2744,2745,0.026160567461420998,0.023190507619690614,0.8864680651094311
7409,2745,2697,0.068824031742239763,0.061821039071452338,0.89824785771029692
7410,2697,2744,0.074485463369599256,0.066028990718262903,0.88646814735681967
7411,2745,2746,0.026160653621355417,0.023837836735010724,0.91120952404459277
7412,2746,2698,0.066880921405312821,0.061821925150788083,0.92435815553637291
7413,2698,2745,0.072714456523315249,0.0662580940856735,0.91120936954852194
7414,2746,2747,0.026161658009664992,0.024555217818709781,0.93859562760274073
7415,2747,2699,0.064865553336404536,0.061820299121582017,0.95305282914909739
7416,2699,2746,0.070871009276075855,0.066519261147731337,0.93859621624136302
7417,2747,2748,0.026161310552856393,0.025336389691319107,0.96846790760460522
7418,2748,2699,0.068984985922330433,0.066809786871948329,0.9684685149775758
7419,2700,2748,0.062816129435556478,0.061819393179896528,0.98413247895697697
7420,2748,2749,0.026161310552856396,0.026176582841269749,1.0005837738282453
7421,2749,2700,0.067093577871820506,0.067132714357791529,1.00058331195343
7422,2749,2750,0.026161658009664891,0.02706673187222523,1.0345954320718502
7423,2750,2702,0.058751337474384928,0.061816637648208356,1.0521741343362587
7424,2702,2749,0.06522603882334678,0.06748250810419322,1.0345946085574458
7425,2750,2751,0.026160653621355404,0.027992626209009972,1.0700277834862313
7426,2751,2702,0.063419313009929368,0.067860372914879702,1.0700269317684821
7427,2703,2751,0.056806845089849616,0.061816280262130617,1.0881836540008116
7428,2751,2752,0.026160567461420998,0.028940405079240276,1.106260600880264
7429,2752,2703,0.061697641690830952,0.068253678996974321,1.1062607439518661
7430,2704,2752,0.05496373071372801,0.061814302403483228,1.1246380404095129
7431,2752,2753,0.026161599297815447,0.029890215177641611,1.1425224749213827
7432,2753,2704,0.060095905335562687,0.06866092568932787,1.1425225280481248
7433,2753,2754,0.026160710576968192,0.03081445234164577,1.1778904954047662
7434,2754,2706,0.051711294998711556,0.061812765133097282,1.1953435924325124
7435,2706,2753,0.058636661535246472,0.069067515089128187,1.1778896219664847
7436,2754,2755,0.026161354969484508,0.031689452755376823,1.2113077779167201
7437,2755,2706,0.057344564602447398,0.069461865616265481,1.2113068796986024
7438,2755,2756,0.026161758920348714,0.032483285431624098,1.2416323203084971
7439,2756,2708,0.049215442849193179,0.061811766570494024,1.2559425048739015
7440,2708,2755,0.056237597008628626,0.069826365394201562,1.2416313837785065
7441,2756,2757,0.02616124480693436,0.033164529256706626,1.2676969120336339
7442,2757,2709,0.048306101322560559,0.061810619209350923,1.2795613290465091
7443,2709,2756,0.055334422254862944,0.07014732913028375,1.2676978681948561
7444,2757,2758,0.026160808433301888,0.033705465192799433,1.2883953979760592
7445,2758,2710,0.047646503036180454,0.06181143444287375,1.2972921516598424
7446,2710,2757,0.054643962782446383,0.070403069033696836,1.2883961090814748
7447,2758,2759,0.026160546743240011,0.03408145868516696,1.3027808256329254
7448,2759,2710,0.054180732655601131,0.070585658580855498,1.3027815446781053
7449,2711,2759,0.047247604960918198,0.061813819592489862,1.3082953018173176
7450,2759,2760,0.026161985203497138,0.034276346618865104,1.3101584742996988
7451,2760,2711,0.05394723984067025,0.07067953383323243,1.3101603352086215
7452,2760,2761,0.026161985203497138,0.034276346618867234,1.3101584742997803
7453,2761,2713,0.047247604960918198,0.061813819592516771,1.3082953018178871
7454,2713,2760,0.05394723984067025,0.070679533833258798,1.3101603352091102
7455,2761,2762,0.026160546743240011,0.034081458685188908,1.3027808256337643
7456,2762,2714,0.047646503036180454,0.061811434442963387,1.2972921516617235
7457,2714,2761,0.054180732655601131,0.070585658580921168,1.3027815446793172
7458,2762,2763,0.026160808433301888,0.033705465192880479,1.2883953979791571
7459,2763,2714,0.054643962782446383,0.070403069033886281,1.2883961090849416
7460,2715,2763,0.048306101322560559,0.061810619209557861,1.279561329050793
7461,2763,2764,0.02616124480693436,0.033164529256884873,1.2676969120404471
7462,2764,2715,0.055334422254862944,0.070147329130639896,1.2676978682012923
7463,2716,2764,0.049215442849193179,0.061811766570853077,1.255942504881197
7464,2764,2765,0.026161758920348714,0.032483285431897074,1.2416323203189314
7465,2765,2716,0.056237597008628626,0.069826365394697928,1.2416313837873327
7466,2765,2766,0.026161354969484508,0.031689452755705221,1.2113077779292729
7467,2766,2718,0.051711294998711556,0.061812765133643241,1.1953435924430702
7468,2718,2765,0.057344564602447398,0.069461865616833166,1.2113068797085018
7469,2766,2767,0.026160710576968192,0.030814452341990792,1.1778904954179548
7470,2767,2718,0.058636661535246472,0.069067515089750217,1.1778896219770929
7471,2767,2768,0.026161599297815447,0.029890215177978796,1.1425224749342713
7472,2768,2720,0.05496373071372801,0.06181430240405749,1.124638040419961
7473,2720,2767,0.060095905335562687,0.068660925689971938,1.142522528058842
7474,2768,2769,0.026160567461420998,0.02894040507955908,1.1062606008924505
7475,2769,2721,0.056806845089849616,0.061816280262698017,1.0881836540107999
7476,2721,2768,0.061697641690830952,0.068253678997612741,1.1062607439622136
7477,2769,2770,0.026160653621355404,0.027992626209309538,1.0700277834976823
7478,2770,2722,0.058751337474384928,0.06181663764877128,1.0521741343458402
7479,2722,2769,0.063419313009929368,0.067860372915507089,1.0700269317783748
7480,2770,2771,0.026161658009664891,0.027066731872510442,1.0345954320827522
7481,2771,2722,0.06522603882334678,0.067482508104806049,1.0345946085668412
7482,2771,2772,0.026161310552856396,0.026176582841548762,1.0005837738389103
7483,2772,2724,0.062816129435556478,0.061819393180487722,0.98413247896638845
7484,2724,2771,0.067093577871820506,0.067132714358423717,1.0005833119628524
7485,2772,2773,0.026161310552856393,0.025336389691602328,0.96846790761543111
7486,2773,2725,0.064865553336404536,0.061820299122216836,0.95305282915888412
7487,2725,2772,0.068984985922330433,0.066809786872609467,0.96846851498715958
7488,2773,2774,0.026161658009664992,0.024555217819009989,0.93859562761421578
7489,2774,2725,0.070871009276075855,0.066519261148459241,0.93859621625163381
7490,2774,2775,0.026160653621355417,0.023837836735300363,0.91120952405566435
7491,2775,2727,0.068824031742239763,0.061821039072256646,0.89824785772198334
7492,2727,2774,0.072714287726136417,0.066257957658564653,0.9112096086000564
7493,2775,2776,0.026160567461420998,0.023190507619976937,0.8864680651203759
7494,2776,2727,0.074485463369599256,0.066028990719184402,0.88646814736919111
7495,2776,2777,0.02616159929781536,0.022615714471097725,0.86446223006657952
7496,2777,2729,0.072375369568107709,0.061823401616700129,0.85420498693995872
7497,2729,2776,0.076150941258589358,0.065829627141982122,0.86446242231519288
7498,2777,2778,0.026160710576968189,0.022111998413042722,0.84523691923376343
7499,2778,2729,0.077680991522488071,0.065658856559426951,0.84523710720684087
7500,2730,2778,0.073921506747098159,0.061825258460474493,0.8363636129873866
7501,2778,2779,0.026161662825865621,0.021682962492106665,0.82880674047480896
7502,2779,2730,0.07904911975404906,0.065516476348810262,0.8288071587976712
7503,2779,2780,0.026161499533237594,0.021325887546256955,0.81516304213230961
7504,2780,2732,0.07641543401505406,0.061824270193027005,0.80905475431635243
7505,2732,2779,0.080226475815477372,0.065397746855966318,0.81516414863320874
7506,2780,2781,0.026161451294443128,0.021041330555338945,0.80428758781468168
7507,2781,2732,0.081197520883285745,0.065306246854215988,0.80428867955325811
7508,2733,2781,0.077322850635458754,0.061823425997505933,0.79954923401588762
7509,2781,2782,0.026160658361290317,0.020828002252436223,0.79615741946522356
7510,2782,2733,0.081941801569439754,0.065238543745141611,0.79615705898114364
7511,2734,2782,0.077985755840498605,0.061825482259493324,0.79277916323517728
7512,2782,2783,0.026160546743240011,0.02068647192092905,0.79075074859719885
7513,2783,2734,0.082445650166769399,0.06519392082752791,0.79075027846411494
7514,2783,2736,0.026162015705704273,0.020617021577749969,0.78805172390653011
7515,2688,2783,0.082698706049859752,0.065170898914078318,0.78805222024618171
7516,2736,2784,0.078520568411254169,0.061825322890270325,0.78737742404586375
7517,2784,2785,0.026161976717914384,0.020617002108755115,0.78805215412632201
7518,2785,2736,0.082698997879333019,0.065171085932229159,0.78805170078748688
7519,2785,2786,0.026160533211430352,0.020686454153629529,0.79075047845702828
7520,2786,2738,0.077984386375393094,0.061824414025707083,0.79277938699297035
7521,2738,2785,0.082443419919325203,0.065192194105085699,0.79075072539299507
7522,2786,2787,0.026160512416771271,0.020827863778186264,0.7961565678214203
7523,2787,2738,0.081942133193862995,0.065238787896387568,0.79615681644560343
7524,2739,2787,0.077325828037442895,0.061825787742733583,0.79954899044593686
7525,2787,2788,0.026161541961897627,0.021041374059833567,0.80428646333151121
7526,2788,2739,0.081198164347655311,0.065306633895177657,0.80428707249541975
7527,2788,2789,0.026161486001920635,0.021325848569728564,0.81516197390939249
7528,2789,2741,0.075276415090383297,0.061825875572378924,0.82131801173243302
7529,2741,2788,0.08022812572507837,0.065398961128487171,0.81516251984488552
7530,2789,2790,0.02616127546290228,0.021682603680417842,0.82880529701866523
7531,2790,2742,0.073920467882721982,0.061824292119157562,0.83636229436811027
7532,2742,2789,0.079049504323526837,0.065516718135120569,0.82880618538706485
7533,2790,2791,0.026161066451176829,0.022112256082476609,0.84523527065472182
7534,2791,2743,0.072374681320717255,0.061822745647898129,0.8542040464943832
7535,2743,2790,0.077681715169927501,0.065659383231906551,0.84523601324040942
7536,2791,2792,0.026160503624906701,0.022614708921253626,0.86445999838178877
7537,2792,2743,0.076149416379450399,0.06582818219378278,0.86446075785745746
7538,2792,2793,0.026163346071882421,0.023192944669765632,0.88646706755490046
7539,2793,2745,0.068826158637546903,0.061822979530213547,0.89824829329479827
7540,2745,2792,0.074485791727736422,0.066029163221823242,0.88646655543618036
7541,2793,2794,0.026158869051279263,0.023836212527505323,0.91120959705020754
7542,2794,2745,0.072714418869228706,0.066258038039778783,0.91120907063754131
7543,2794,2795,0.026162574065638142,0.024556070226340081,0.9385953448132599
7544,2795,2747,0.064864220383099594,0.061819002111949586,0.95305241852650957
7545,2747,2794,0.070869794779424788,0.066518046410464243,0.93859516056868897
7546,2795,2796,0.026161490588808584,0.025336578416089557,0.96846845672196102
7547,2796,2747,0.068984644920282209,0.066809439488883307,0.96846826661335228
7548,2796,2797,0.026159519452562043,0.026174782535980771,1.0005834619189549
7549,2797,2749,0.060765784681676829,0.061817574403283809,1.0173089136776035
7550,2749,2796,0.067092079800489035,0.067131271286152261,1.0005841447422672
7551,2797,2798,0.026162574065638249,0.027067656550429042,1.0345945503114513
7552,2798,2750,0.058750888938901687,0.061816204415528299,1.0521747931306096
7553,2750,2797,0.065226861709095918,0.067483367120266438,1.0345947260383961
7554,2798,2799,0.02616103587141351,0.027993027912714151,1.0700275038918654
7555,2799,2751,0.056805417816567193,0.061814713479567199,1.0881834137577464
7556,2751,2798,0.063416629863006224,0.067857544362805819,1.0700276017409462
7557,2799,2800,0.026161293810596422,0.028941214400768848,1.1062608222016315
7558,2800,2752,0.054963888526415081,0.061814495030705838,1.1246383159553646
7559,2752,2799,0.061698466059146813,0.068254575894416095,1.1062604997178425
7560,2800,2801,0.026160503624906798,0.029888965553615438,1.1425225592812693
7561,2801,2753,0.053255323733635916,0.061812981139274525,1.1606911160364164
7562,2753,2800,0.060096192109377639,0.068661270157460916,1.1425228079758276
7563,2801,2802,0.026161301684811417,0.030815146128999153,1.1778904008774778
7564,2802,2754,0.051711498744582376,0.061813063009859469,1.1953446430777719
7565,2754,2801,0.058636609758823136,0.069067490283654387,1.177890239011673
7566,2802,2803,0.026161275462902214,0.031689361719958412,1.2113079794177182
7567,2803,2755,0.050357513100769247,0.061813056484604938,1.227484295360501
7568,2755,2802,0.057345498875477061,0.069463058361999605,1.2113079443747665
7569,2803,2804,0.026161312081829306,0.032482730026831157,1.241632297540324
7570,2804,2756,0.049215724426234238,0.061812163916645492,1.2559433928335468
7571,2756,2803,0.056238441987281895,0.069827469235301462,1.2416323562287281
7572,2804,2805,0.026161680255917402,0.033165073504212793,1.2676966150410511
7573,2805,2756,0.055334394387977867,0.070147227776644575,1.2676966749614411
7574,2805,2806,0.026160512416771305,0.033705087246867965,1.2883955294874074
7575,2806,2758,0.047647580247236546,0.061812815653008633,1.2972918106705669
7576,2758,2805,0.054645135120793671,0.070404527445046619,1.2883951570330394
7577,2806,2807,0.026160472127072301,0.034081379229515936,1.302781504246884
7578,2807,2759,0.047245934119127447,0.061811560171487555,1.3082937468361586
7579,2759,2806,0.054180352113676417,0.070585144264764768,1.3027812022459593
7580,2807,2808,0.026162126400132199,0.034276549462206075,1.3101591567126163
7581,2808,2760,0.047112969619132056,0.061813466658356485,1.3120265429682174
7582,2760,2807,0.053948310689462917,0.070680852808651953,1.3101587780107673
7583,2808,2809,0.026162126400132199,0.034276549462146373,1.3101591567103341
7584,2809,2760,0.053948310689462917,0.07068085280852883,1.3101587780084851
7585,2761,2809,0.047245934119127447,0.061811560171383728,1.308293746833961
7586,2809,2810,0.026160472127072301,0.034081379229384291,1.3027815042418518
7587,2810,2761,0.054180352113676417,0.070585144264619468,1.3027812022432776
7588,2762,2810,0.047647580247236546,0.061812815652913522,1.2972918106685707
7589,2810,2811,0.026160512416771305,0.0337050872468092,1.2883955294851612
7590,2811,2762,0.054645135120793671,0.070404527445114148,1.2883951570342751
7591,2811,2812,0.026161680255917402,0.033165073504432582,1.2676966150494524
7592,2812,2764,0.049215724426234238,0.061812163917251334,1.2559433928458568
7593,2764,2811,0.055334394387977867,0.070147227776920201,1.2676966749664222
7594,2812,2813,0.026161312081829306,0.032482730027329543,1.2416322975593745
7595,2813,2764,0.056238441987281895,0.069827469236184436,1.2416323562444287
7596,2765,2813,0.050357513100769247,0.061813056485466901,1.2274842953776179
7597,2813,2814,0.026161275462902214,0.03168936172054921,1.2113079794403012
7598,2814,2765,0.057345498875477061,0.069463058362999999,1.2113079443922117
7599,2766,2814,0.051711498744582376,0.061813063010790474,1.1953446430957757
7600,2814,2815,0.026161301684811417,0.030815146129567227,1.1778904008991919
7601,2815,2766,0.058636609758823136,0.069067490284648689,1.1778902390286301
7602,2767,2815,0.053255323733635916,0.061812981140175145,1.1606911160533278
7603,2815,2816,0.026160503624906798,0.029888965554116791,1.1425225593004338
7604,2816,2767,0.060096192109377639,0.068661270158392962,1.1425228079913368
7605,2768,2816,0.054963888526415081,0.061814495031539393,1.12463831597053
7606,2816,2817,0.026161293810596422,0.028941214401198005,1.1062608222180357
7607,2817,2768,0.061698466059146813,0.068254575895271646,1.1062604997317091
7608,2769,2817,0.056805417816567193,0.061814713480331213,1.0881834137711961
7609,2817,2818,0.02616103587141351,0.027993027913081302,1.0700275039058997
7610,2818,2769,0.063416629863006224,0.067857544363592787,1.0700276017533557
7611,2770,2818,0.058750888938901687,0.061816204416236586,1.0521747931426653
7612,2818,2819,0.026162574065638249,0.027067656550748678,1.0345945503236686
7613,2819,2770,0.065226861709095918,0.067483367121002905,1.0345947260496868
7614,2771,2819,0.060765784681676829,0.06181757440395691,1.0173089136886804
7615,2819,2820,0.026159519452562043,0.026174782536266605,1.0005834619298815
7616,2820,2771,0.067092079800489035,0.067131271286860125,1.0005841447528179
7617,2820,2821,0.026161490588808584,0.025336578416352878,0.96846845673202619
7618,2821,2773,0.064864220383099594,0.061819002112622208,0.95305241853687928
7619,2773,2820,0.068984644920282209,0.066809439489622466,0.96846826662406704
7620,2821,2822,0.026162574065638142,0.024556070226588768,0.9385953448227653
7621,2822,2773,0.070869794779424788,0.066518046411182516,0.93859516057882408
7622,2822,2823,0.026158869051279263,0.023836212527743043,0.91120959705929505
7623,2823,2775,0.068826158637546903,0.061822979530872034,0.89824829330436573
7624,2775,2822,0.072714418869228706,0.06625803804048927,0.91120907064731216
7625,2823,2824,0.026163346071882421,0.023192944669996475,0.88646706756372351
7626,2824,2775,0.074485791727736422,0.066029163222529941,0.88646655544566799
7627,2824,2825,0.026160503624906701,0.022614708921481458,0.86445999839049781
7628,2825,2777,0.072374681320717255,0.061822745648677506,0.8542040465051518
7629,2777,2824,0.076149416379450399,0.065828182194608065,0.86446075786829524
7630,2825,2826,0.026161066451176829,0.022112256082700982,0.8452352706632984
7631,2826,2777,0.077681715169927501,0.0656593832327345,0.84523601325106756
7632,2778,2826,0.073920467882721982,0.061824292119987447,0.83636229437933696
7633,2826,2827,0.02616127546290228,0.021682603680634859,0.8288052970269606
7634,2827,2778,0.079049504323526837,0.065516718135990748,0.82880618539807294
7635,2779,2827,0.075276415090383297,0.061825875573239208,0.82131801174386132
7636,2827,2828,0.026161486001920635,0.021325848569931277,0.81516197391714096
7637,2828,2779,0.08022812572507837,0.06539896112937349,0.81516251985593302
7638,2828,2829,0.026161541961897627,0.021041374060012268,0.80428646333834186
7639,2829,2781,0.077325828037442895,0.06182578774352418,0.79954899045616101
7640,2781,2828,0.081198164347655311,0.065306633896055233,0.80428707250622766
7641,2829,2830,0.026160512416771271,0.020827863778329118,0.79615656782688105
7642,2830,2782,0.077984386375393094,0.061824414026356196,0.79277938700129391
7643,2782,2829,0.081942133193862995,0.065238787897136705,0.79615681645474567
7644,2830,2831,0.026160533211430352,0.020686454153723711,0.7907504784606284
7645,2831,2782,0.082443419919325203,0.06519219410568397,0.79075072540025182
7646,2831,2784,0.026161976717914384,0.020617002108788418,0.78805215412759499
7647,2736,2831,0.082698997879333019,0.065171085932334435,0.78805170078875997
7648,2832,2833,0.026162016393723571,0.020616989623910502,0.78805048179912629
7649,2833,2785,0.078387349490772973,0.061826171029406969,0.78872638800836825
7650,2785,2832,0.082700013579105461,0.065171836831229901,0.78805110193713279
7651,2833,2834,0.026160650639782988,0.020686532398674427,0.79074991992806298
7652,2834,2786,0.077984480624824937,0.061824474421096141,0.79277920332030072
7653,2786,2833,0.082445599199923419,0.06519384571123453,0.79074985619481175
7654,2834,2835,0.02616061875987221,0.020827964972720943,0.79615719964043707
7655,2835,2786,0.081941978645870092,0.065238690993551882,0.79615713547136735
7656,2787,2835,0.07732386031588323,0.061824211707406256,0.79954895493890432
7657,2835,2836,0.026162224480508138,0.021041976336139839,0.80428850198945889
7658,2836,2787,0.081198584626349976,0.0653070414296653,0.80428792854195064
7659,2836,2837,0.026160087575210222,0.02132475297943107,0.81516366939225371
7660,2837,2789,0.075273765559330491,0.061823674021577443,0.8213176737232345
7661,2789,2836,0.080227395056436959,0.065398440855334444,0.81516345893231479
7662,2837,2838,0.026161768934948391,0.021683031999255576,0.82880603575280942
7663,2838,2789,0.079046866392317797,0.065514503058681145,0.82880582177066797
7664,2838,2839,0.02616158393180178,0.022112730102943869,0.84523667070722874
7665,2839,2791,0.072375519010826339,0.061823470152480062,0.85420417010387395
7666,2791,2838,0.077680772781749619,0.065658570578066774,0.84523580580924207
7667,2839,2840,0.02616006899731315,0.022614369030594276,0.8644613679312908
7668,2840,2791,0.076152468969867798,0.065830800134857079,0.86446048336141501
7669,2840,2841,0.026162595087993328,0.023192287140660579,0.88646738072646714
7670,2841,2793,0.068825066836399718,0.061822021693864158,0.89824862561801633
7671,2793,2840,0.074487132640453757,0.066030427086746599,0.8864675648809397
7672,2841,2842,0.026160369835299846,0.02383759365806766,0.91121011698779897
7673,2842,2793,0.07271458400797072,0.066258278365094514,0.91121030628232036
7674,2842,2843,0.026161695163189239,0.024555267787493337,0.93859620465434435
7675,2843,2795,0.064865552318916914,0.061820292167680993,0.95305273689394265
7676,2795,2842,0.070871770287199626,0.066519965445440046,0.93859607536083278
7677,2843,2844,0.026160519068005983,0.025335625500045169,0.96846799691487584
7678,2844,2795,0.068985120328047878,0.066809872097840936,0.96846786350646497
7679,2796,2844,0.06281545756735421,0.061818768474747973,0.98413306005870405
7680,2844,2845,0.026162508628672042,0.026177786580905096,1.0005839635812412
7681,2845,2796,0.067092587368867279,0.067131808116674574,1.0005845764688082
7682,2797,2845,0.060764892694291618,0.061816693648881253,1.0173093526204555
7683,2845,2846,0.026159893538745298,0.027064895985578839,1.0345950355452764
7684,2846,2797,0.065226713825300014,0.067483159139101273,1.0345938831112174
7685,2798,2846,0.058751253561472386,0.061816537697671314,1.052173935880222
7686,2846,2847,0.026162257887379973,0.027994314400065508,1.0700266972587742
7687,2847,2798,0.063418344403199156,0.067859365369237173,1.0700273873093096
7688,2847,2848,0.026160806904299418,0.028940657302544619,1.1062601168386876
7689,2848,2800,0.054962911295814064,0.061813381340722819,1.1246380492481387
7690,2800,2847,0.061698025236926586,0.068254100690339187,1.1062607016713519
7691,2848,2849,0.026161726812446214,0.029890345503657711,1.1425218877156702
7692,2849,2801,0.05325691213082874,0.061814807667056021,1.1606907947498779
7693,2801,2848,0.06009568259153579,0.068660636778278397,1.1425219552785135
7694,2849,2850,0.026159966856869405,0.030813546711664572,1.177889363555259
7695,2850,2801,0.058637322141093448,0.069068282141698481,1.1778894332095522
7696,2850,2851,0.026161872367955627,0.031690038849801976,1.2113062247263895
7697,2851,2803,0.050356914498289711,0.061812284737248091,1.2274835611571762
7698,2803,2850,0.057344332671029438,0.069461590674232673,1.2113069842963735
7699,2851,2852,0.026161195268037514,0.032482534371780801,1.2416303627941034
7700,2852,2804,0.049215025743223562,0.061811225932365751,1.2559421639818316
7701,2804,2851,0.056238015694293125,0.069826892849483915,1.241631518954353
7702,2852,2853,0.026161342661269803,0.033164594305516021,1.2676946567659957
7703,2853,2804,0.055334117417123629,0.070146830304621738,1.2676958371963511
7704,2853,2854,0.026160618759872176,0.033705167322611286,1.2883933530774014
7705,2854,2806,0.047646199424737162,0.061810975704677966,1.2972907902615769
7706,2806,2853,0.054644138977015519,0.070403221172006702,1.2883947389420809
7707,2854,2855,0.026160650639783008,0.034081550364694811,1.3027791561447764
7708,2855,2807,0.047245316708429512,0.06181072182603415,1.308293099345567
7709,2807,2854,0.054179906932709909,0.070584504729290121,1.3027801029070485
7710,2855,2856,0.026162006073432168,0.034276341483468947,1.310157232868965
7711,2856,2808,0.047110600109540643,0.061810329821631524,1.3120259491051134
7712,2808,2855,0.053946424706034057,0.070678350936788772,1.3101582045878046
7713,2856,2857,0.026162006073432168,0.034276341483196193,1.3101572328585396
7714,2857,2808,0.053946424706034057,0.070678350936226347,1.3101582045773792
7715,2809,2857,0.047245316708429512,0.061810721825434622,1.3082930993328774
7716,2857,2858,0.026160650639783008,0.034081550363933615,1.3027791561156794
7717,2858,2809,0.054179906932709909,0.070584504728152364,1.3027801028860488
7718,2810,2858,0.047646199424737162,0.061810975703658205,1.2972907902401742
7719,2858,2859,0.026160618759872176,0.033705167321696324,1.2883933530424267
7720,2859,2810,0.054644138977015519,0.07040322117095843,1.2883947389228974
7721,2859,2860,0.026161342661269803,0.033164594305733028,1.2676946567742906
7722,2860,2812,0.049215025743223562,0.061811225933945765,1.2559421640139359
7723,2812,2859,0.055334117417123629,0.070146830304164437,1.2676958371880869
7724,2860,2861,0.026161195268037514,0.032482534373122769,1.2416303628453995
7725,2861,2812,0.056238015694293125,0.069826892851456587,1.2416315189894302
7726,2813,2861,0.050356914498289711,0.061812284739170116,1.2274835611953443
7727,2861,2862,0.026161872367955627,0.031690038851068802,1.2113062247748121
7728,2862,2813,0.057344332671029438,0.069461590676112822,1.2113069843291604
7729,2862,2863,0.026159966856869405,0.030813546712636069,1.1778893635923957
7730,2863,2815,0.05325691213082874,0.06181480766844305,1.160690794775922
7731,2815,2862,0.058637322141093448,0.069068282143553594,1.1778894332411891
7732,2863,2864,0.026161726812446214,0.029890345504365343,1.1425218877427186
7733,2864,2815,0.06009568259153579,0.068660636779583312,1.1425219553002275
7734,2816,2864,0.054962911295814064,0.06181338134183606,1.1246380492683932
7735,2864,2865,0.026160806904299418,0.028940657303060693,1.1062601168584145
7736,2865,2816,0.061698025236926586,0.068254100691404002,1.1062607016886103
7737,2865,2866,0.026162257887379973,0.027994314400451727,1.0700266972735366
7738,2866,2818,0.058751253561472386,0.061816537698429264,1.052173935893123
7739,2818,2865,0.063418344403199156,0.0678593653701796,1.0700273873241701
7740,2866,2867,0.026159893538745298,0.027064895985878995,1.0345950355567504
7741,2867,2819,0.060764892694291618,0.061816693649538838,1.0173093526312773
7742,2819,2866,0.065226713825300014,0.067483159139891946,1.0345938831233394
7743,2867,2868,0.026162508628672042,0.026177786581148631,1.0005839635905498
7744,2868,2820,0.06281545756735421,0.061818768475340534,0.98413306006813739
7745,2820,2867,0.067092587368867279,0.067131808117365618,1.0005845764791079
7746,2868,2869,0.026160519068005983,0.025335625500251275,0.96846799692275432
7747,2869,2821,0.064865552318916914,0.061820292168233808,0.95305273690246517
7748,2821,2868,0.068985120328047878,0.066809872098469086,0.96846786351557057
7749,2869,2870,0.026161695163189239,0.024555267787674508,0.93859620466126936
7750,2870,2821,0.070871770287199626,0.066519965446015128,0.93859607536894718
7751,2870,2871,0.026160369835299846,0.023837593658231834,0.91121011699407461
7752,2871,2823,0.068825066836399718,0.06182202169437713,0.89824862562546959
7753,2823,2870,0.07271458400797072,0.066258278365657119,0.9112103062900575
7754,2871,2872,0.026162595087993328,0.023192287140812843,0.88646738073228704
7755,2872,2823,0.074487132640453757,0.066030427087286014,0.88646756488818135
7756,2872,2873,0.02616006899731315,0.022614369030737401,0.86446136793676187
7757,2873,2825,0.072375519010826339,0.061823470152985928,0.85420417011086336
7758,2825,2872,0.076152468969867798,0.06583080013540285,0.86446048336858194
7759,2873,2874,0.02616158393180178,0.022112730103078404,0.8452366707123713
7760,2874,2825,0.077680772781749619,0.065658570578595019,0.84523580581604218
7761,2874,2875,0.026161768934948391,0.021683031999379862,0.82880603575756007
7762,2875,2827,0.075273765559330491,0.061823674022053,0.82131767372955211
7763,2827,2874,0.079046866392317797,0.065514503059199189,0.82880582177722162
7764,2875,2876,0.026160087575210222,0.02132475297954177,0.81516366939648532
7765,2876,2827,0.080227395056436959,0.065398440855816198,0.81516345893831965
7766,2876,2877,0.026162224480508138,0.021041976336232733,0.80428850199300961
7767,2877,2829,0.07732386031588323,0.061824211707771221,0.79954895494362432
7768,2829,2876,0.081198584626349976,0.065307041430080259,0.80428792854706099
7769,2877,2878,0.02616061875987221,0.020827964972791567,0.79615719964313669
7770,2878,2830,0.077984480624824937,0.06182447442136485,0.79277920332374641
7771,2830,2877,0.081941978645870092,0.065238690993872819,0.79615713547528399
7772,2878,2879,0.026160650639782988,0.020686532398718774,0.79074991992975818
7773,2879,2830,0.082445599199923419,0.065193845711473949,0.79074985619771576
7774,2831,2879,0.078387349490772973,0.06182617102955229,0.7887263880102221
7775,2879,2832,0.026162016393723571,0.020616989623925653,0.78805048179970549
7776,2832,2831,0.082700013579105461,0.065171836831335192,0.78805110193840588
7777,2880,2881,0.026162054846329004,0.020617086161490588,0.78805301351868118
7778,2881,2833,0.078384317187362912,0.061823834883526878,0.78872709620916481
7779,2833,2880,0.082698769654117182,0.065170904838205618,0.78805168578419194
7780,2881,2882,0.026160319224424401,0.020686307066747442,0.79075132414415705
7781,2882,2833,0.082444381420125973,0.065192893937153926,0.79074999186347605
7782,2834,2882,0.077984076236254446,0.061824164437394906,0.79277933933713929
7783,2882,2883,0.026160638713489996,0.02082797706133991,0.79615705447588148
7784,2883,2834,0.081941396159382937,0.06523821467110158,0.79615698204858187
7785,2835,2883,0.077323564831307479,0.061824002636097851,0.79954930648859557
7786,2883,2884,0.026162366363861933,0.021042078039337973,0.80428802756937867
7787,2884,2835,0.081198140480154335,0.06530671009758017,0.8042882473834706
7788,2884,2885,0.026159653322971654,0.021324376456766738,0.81516280791233187
7789,2885,2837,0.075274004579436324,0.061823840529150159,0.82131727778489227
7790,2837,2884,0.08022727888673932,0.065398342340130144,0.81516341134361681
7791,2885,2886,0.026162383946336076,0.021683523251890047,0.82880532968123211
7792,2886,2837,0.079048493078896401,0.065515860865703338,0.82880594321151113
7793,2838,2886,0.073920927942596734,0.061824682012694546,0.83636236358808258
7794,2886,2887,0.026161065304436234,0.02211227720759076,0.84523611520671127
7795,2887,2838,0.077682304443155659,0.065659896559169775,0.84523620958253975
7796,2839,2887,0.072375763927099657,0.061823708894457485,0.85420457816140349
7797,2887,2888,0.026160764397996965,0.022614960129051637,0.86446098382290326
7798,2888,2839,0.076151156409591636,0.065829739502955287,0.86446145543580588
7799,2840,2888,0.0706664123959862,0.061821869694549884,0.87484092652284295
7800,2888,2889,0.026162366363862058,0.023192085956576264,0.88646744082795859
7801,2889,2840,0.074485120564200452,0.066028627522605729,0.8864673510959028
7802,2841,2889,0.068825005695953234,0.061821951865241483,0.89824840899179881
7803,2889,2890,0.026159995832380194,0.023837243201737569,0.91120974768017426
7804,2890,2841,0.072714229085734258,0.066257916552670465,0.91120977813776405
7805,2842,2890,0.066879522219549251,0.061820654007243472,0.92435848755469963
7806,2890,2891,0.026160709353761549,0.024554309254161587,0.93859493342182698
7807,2891,2842,0.070869581627979503,0.066517854985618879,0.93859528245553303
7808,2891,2892,0.026162054846328928,0.025337090392900476,0.96846713844634369
7809,2892,2844,0.062816373926045277,0.061819638368797683,0.98413255183400006
7810,2844,2891,0.06898626340388038,0.066810922689606048,0.96846704536613626
7811,2892,2893,0.02616205484632915,0.026177334238004144,1.0005840287303402
7812,2893,2844,0.06709392934959596,0.067133107679746354,1.000583932563351
7813,2845,2893,0.060766813671486029,0.061818714820368048,1.0173104542648681
7814,2893,2894,0.026160709353761549,0.027065756359524927,1.0345956599847796
7815,2894,2845,0.065226900680697725,0.067483470450481378,1.0345956920570263
7816,2846,2894,0.058751227179091779,0.061816509300142777,1.0521739250093802
7817,2894,2895,0.026159995832380194,0.027991901784887606,1.070026997108307
7818,2895,2846,0.063417693043593695,0.067858600590676776,1.0700263181133123
7819,2895,2896,0.026162366363861957,0.028942395835228934,1.1062606276780462
7820,2896,2848,0.054964337000162074,0.061815002510602658,1.1246383725218114
7821,2848,2895,0.061699418326825815,0.068255581541919477,1.1062597248545398
7822,2896,2897,0.026160764397997058,0.029889286568989707,1.1425234413745997
7823,2897,2848,0.060096442906383954,0.068661538728785276,1.1425225089568731
7824,2849,2897,0.053255064003505409,0.061812692517761718,1.1606913572330515
7825,2897,2898,0.026161065304436234,0.030814895520383346,1.1778914643494256
7826,2898,2849,0.058636200662075998,0.069067042706841664,1.1778908238765202
7827,2898,2899,0.026161065304436373,0.031689143093729139,1.2113093532301729
7828,2899,2851,0.050356823348999692,0.061812217104652241,1.2274844399191058
7829,2851,2898,0.05734495598894758,0.069462388263903649,1.2113077264771384
7830,2899,2900,0.026160764397996951,0.032482084841893424,1.2416336291909145
7831,2900,2851,0.056237877247063819,0.069826745848861602,1.2416319617132643
7832,2852,2900,0.049215975726998401,0.061812441099009387,1.2559426118438397
7833,2900,2901,0.026162366363861933,0.033165993514116511,1.267698535096148
7834,2901,2852,0.055334629792234927,0.070147538794664996,1.2676969026095979
7835,2901,2902,0.026159995832380156,0.033704480939259207,1.2883977946793357
7836,2902,2854,0.047646751699773206,0.061811729261802423,1.2972915688205591
7837,2854,2901,0.054644650538294176,0.070403929261919657,1.2883956355907447
7838,2902,2903,0.026160709353761653,0.034081757745836661,1.3027841594416107
7839,2903,2855,0.047246432232662922,0.061812270141742121,1.3082949806103958
7840,2855,2902,0.0541807538808214,0.070585675107156631,1.3027813393372172
7841,2903,2904,0.026162054846329004,0.034276545298076146,1.310162580860339
7842,2904,2855,0.053947414566385243,0.070679730900055193,1.3101597447840605
7843,2904,2905,0.026162054846329004,0.034276545297423543,1.3101625808353943
7844,2905,2857,0.047246432232662922,0.061812270140073386,1.3082949805750761
7845,2857,2904,0.053947414566385243,0.070679730899492768,1.3101597447736351
7846,2905,2906,0.026160709353761653,0.034081757743378335,1.3027841593476408
7847,2906,2857,0.0541807538808214,0.070585675102847509,1.3027813392576848
7848,2858,2906,0.047646751699773206,0.061811729257632113,1.2972915687330335
7849,2906,2907,0.026159995832380156,0.033704480933073766,1.2883977944428893
7850,2907,2858,0.054644650538294176,0.070403929251724728,1.288395635404177
7851,2907,2908,0.026162366363861933,0.033165993514261756,1.2676985351016998
7852,2908,2860,0.049215975726998401,0.061812441108535968,1.2559426120374064
7853,2860,2907,0.055334629792234927,0.070147538786870411,1.2676969024687352
7854,2908,2909,0.026160764397996951,0.032482084848213945,1.2416336294325176
7855,2909,2861,0.050356823348999692,0.061812217109707107,1.2274844400194869
7856,2861,2908,0.056237877247063819,0.069826745859811121,1.2416319619079643
7857,2909,2910,0.026161065304436373,0.03168914309652332,1.2113093533369799
7858,2910,2861,0.05734495598894758,0.069462388267404529,1.2113077265381877
7859,2910,2911,0.026161065304436234,0.030814895521709396,1.1778914644001135
7860,2911,2863,0.053255064003505409,0.061812692519504123,1.1606913572657696
7861,2863,2910,0.058636200662075998,0.069067042709739179,1.1778908239259354
7862,2911,2912,0.026160764397997058,0.029889286569673934,1.1425234414007543
7863,2912,2864,0.054964337000162074,0.061815002511738694,1.12463837254248
7864,2864,2911,0.060096442906383954,0.068661538730485,1.1425225089851565
7865,2912,2913,0.026162366363861957,0.028942395835616013,1.1062606276928415
7866,2913,2864,0.061699418326825815,0.068255581542959506,1.1062597248713961
7867,2913,2914,0.026159995832380194,0.027991901785127858,1.0700269971174909
7868,2914,2866,0.058751227179091779,0.061816509300733187,1.0521739250194295
7869,2866,2913,0.063417693043593695,0.067858600591436904,1.0700263181252982
7870,2914,2915,0.026160709353761549,0.027065756359687488,1.0345956599909936
7871,2915,2867,0.060766813671486029,0.061818714820834501,1.0173104542725442
7872,2867,2914,0.065226900680697725,0.067483470451053115,1.0345956920657915
7873,2915,2916,0.02616205484632915,0.026177334238122633,1.0005840287348693
7874,2916,2868,0.062816373926045277,0.061819638369186157,0.98413255184018433
7875,2868,2915,0.06709392934959596,0.067133107680205348,1.000583932570192
7876,2916,2917,0.026162054846328928,0.025337090392992423,0.96846713844985821
7877,2917,2868,0.06898626340388038,0.066810922690002883,0.96846704537188866
7878,2917,2918,0.026160709353761549,0.02455430925423702,0.93859493342471045
7879,2918,2870,0.066879522219549251,0.061820654007550747,0.92435848755929406
7880,2870,2917,0.070869581627979503,0.066517854985963618,0.93859528246039747
7881,2918,2919,0.026159995832380194,0.023837243201803117,0.91120974768268004
7882,2919,2871,0.068825005695953234,0.061821951865529995,0.89824840899599079
7883,2871,2918,0.072714229085734258,0.066257916552986976,0.9112097781421169
7884,2919,2920,0.026162366363862058,0.023192085956637212,0.88646744083028817
7885,2920,2872,0.0706664123959862,0.061821869694829716,0.8748409265268029
7886,2872,2919,0.074485120564200452,0.066028627522905392,0.88646735109992592
7887,2920,2921,0.026160764397996965,0.022614960129112679,0.86446098382523662
7888,2921,2873,0.072375763927099657,0.061823708894735784,0.85420457816524864
7889,2873,2920,0.076151156409591636,0.065829739503246165,0.86446145543962571
7890,2921,2922,0.026161065304436234,0.022112277207655278,0.84523611520917741
7891,2922,2874,0.073920927942596734,0.061824682012972754,0.83636236359184624
7892,2874,2921,0.077682304443155659,0.065659896559456352,0.8452362095862288
7893,2922,2923,0.026162383946336076,0.021683523251956546,0.82880532968377396
7894,2923,2875,0.075274004579436324,0.061823840529415919,0.82131727778842289
7895,2875,2922,0.079048493078896401,0.065515860865984057,0.82880594321506229
7896,2923,2924,0.026159653322971654,0.021324376456829688,0.81516280791473827
7897,2924,2875,0.08022727888673932,0.065398342340402843,0.81516341134701586
7898,2924,2925,0.026162366363861933,0.021042078039392141,0.80428802757144924
7899,2925,2877,0.077323564831307479,0.061824002636292258,0.79954930649110978
7900,2877,2924,0.081198140480154335,0.065306710097801784,0.80428824738619997
7901,2925,2926,0.026160638713489996,0.020827977061381293,0.79615705447746343
7902,2926,2878,0.077984076236254446,0.061824164437532969,0.79277933933890976
7903,2878,2925,0.081941396159382937,0.065238214671269348,0.79615698205062935
7904,2926,2927,0.026160319224424401,0.020686307066773324,0.79075132414514637
7905,2927,2879,0.078384317187362912,0.061823834883598702,0.78872709621008108
7906,2879,2926,0.082444381420125973,0.06519289393725558,0.79074999186470907
7907,2927,2880,0.026162054846329004,0.02061708616149939,0.78805301351901758
7908,2880,2879,0.082698769654117182,0.06517090483825351,0.78805168578477103
7909,2928,2929,0.026162016393723571,0.020616988805010769,0.78805045049803235
7910,2929,2881,0.078384317187362912,0.061823833688036796,0.78872708095751598
7911,2881,2928,0.082700429756301763,0.065172221990113216,0.78805179346903087
7912,2929,2930,0.026160650639782988,0.020686531678101534,0.79074989238391269
7913,2930,2882,0.077984076236254446,0.06182416347937348,0.79277932705230536
7914,2882,2929,0.082444381420125973,0.06519289267651622,0.79074997657271051
7915,2930,2931,0.02616061875987221,0.020827964500635125,0.79615718159476989
7916,2931,2882,0.0819413090972506,0.065238168652766659,0.79615726635926565
7917,2883,2931,0.077323564831307479,0.061824002192816398,0.79954930075578368
7918,2931,2932,0.026162224480508138,0.021041976376290752,0.80428850352414927
7919,2932,2883,0.081198096932415184,0.065306678490541809,0.80428828947677777
7920,2932,2933,0.026160087575210222,0.021324754037769292,0.81516370984847242
7921,2933,2885,0.075274004579436324,0.061823843036192018,0.82131731109043882
7922,2885,2932,0.080226960790311344,0.065398055924241166,0.8151630733609817
7923,2933,2934,0.026161768934948391,0.021683033695496418,0.82880610058943605
7924,2934,2885,0.079049938429377464,0.065517020065141984,0.82880545344983825
7925,2886,2934,0.073920927942596734,0.061824684342098465,0.83636239510018595
7926,2934,2935,0.02616158393180178,0.022112730919756803,0.84523670192907441
7927,2935,2886,0.077681765220221549,0.06565946922959412,0.84523657570672872
7928,2935,2936,0.026159938492947975,0.022614253290074243,0.86446125613676217
7929,2936,2888,0.070668410852937666,0.061823610076967038,0.87484081403249847
7930,2888,2935,0.076151156409591636,0.065829739454307867,0.86446145479697889
7931,2936,2937,0.026162735822670022,0.023192407626874034,0.88646721749863033
7932,2937,2888,0.074485905252479695,0.066029328346104657,0.88646742121599564
7933,2889,2937,0.068825005695953234,0.061821948431083504,0.89824835909484724
7934,2937,2938,0.026160369835299846,0.02383758981238409,0.91120996998362458
7935,2938,2889,0.072713947875193419,0.066257675726612522,0.91120999014298498
7936,2938,2939,0.026161695163189239,0.024555264087362905,0.93859606322121436
7937,2939,2891,0.064866012715019752,0.061820675948506432,0.95305188897778248
7938,2891,2938,0.070869581627979503,0.066517847949403255,0.9385951831715319
7939,2939,2940,0.026160519068005983,0.025335623879052707,0.96846793495156169
7940,2940,2892,0.062816373926045277,0.061819637189631758,0.98413253306236692
7941,2892,2939,0.068985627130340108,0.066810375543822006,0.96846804650469842
7942,2940,2941,0.026162508628672042,0.026177785805605196,1.0005839339472367
7943,2941,2892,0.067094235188312909,0.067133421522676429,1.0005840491996598
7944,2941,2942,0.026159893538745298,0.02706489542728515,1.0345950142036877
7945,2942,2894,0.058751227179091779,0.061816508676689447,1.0521739143976303
7946,2894,2941,0.065226900680697725,0.06748346973904254,1.0345956811498878
7947,2942,2943,0.026162257887379973,0.027994313777079637,1.0700266734463848
7948,2943,2895,0.056805822247751991,0.061815111796971363,1.0881826783066697
7949,2895,2942,0.063417693043593695,0.067858599906285649,1.0700263073215113
7950,2943,2944,0.026160806904299418,0.028940656683155007,1.1062600931624449
7951,2944,2896,0.054964337000162074,0.061815001939828237,1.1246383621373612
7952,2896,2943,0.061697874535233392,0.068253952763811146,1.106261006201013
7953,2944,2945,0.026161726812446214,0.029890345081027853,1.1425218715611609
7954,2945,2897,0.053255064003505409,0.061812692214523922,1.1606913515389865
7955,2897,2944,0.060096442906383954,0.068661538094792737,1.1425224984072881
7956,2945,2946,0.026159966856869405,0.030813546570389198,1.1778893581548173
7957,2946,2898,0.051711819909564222,0.06181343049906507,1.1953443256719056
7958,2898,2945,0.058636200662075998,0.069067042368015835,1.1778908180980794
7959,2946,2947,0.026161872367955627,0.031690039085577076,1.2113062337385541
7960,2947,2899,0.050356823348999692,0.061812217544701564,1.2274844486577294
7961,2899,2946,0.057345330108976592,0.069462848628858154,1.2113078518661233
7962,2947,2948,0.026161195268037514,0.032482535052611117,1.241630388818538
7963,2948,2900,0.049215975726998401,0.061812441954540366,1.2559426292270361
7964,2900,2947,0.056237877247063819,0.069826746345967416,1.241631970552606
7965,2948,2949,0.026161342661269803,0.033164595099217258,1.2676946871046997
7966,2949,2901,0.048307184567333822,0.061811969822067173,1.2795605948823092
7967,2901,2948,0.055334629792234927,0.070147539765560027,1.2676969201554826
7968,2949,2950,0.026160618759872176,0.033705166300861254,1.2883933140206023
7969,2950,2901,0.054644650538294176,0.070403926417194534,1.2883955835321244
7970,2950,2951,0.026160650639783008,0.034081550906678179,1.3027791768622796
7971,2951,2903,0.047246432232662922,0.061812273622287132,1.3082950542782867
7972,2903,2950,0.054180128416235047,0.070584891919243276,1.3027819236045324
7973,2951,2952,0.026162006073432168,0.03427634613597013,1.3101574107032323
7974,2952,2903,0.053947718416503629,0.070680152093604828,1.3101601730015413
7975,2952,2953,0.026162006073432168,0.034276346136627514,1.3101574107283598
7976,2953,2905,0.047246432232662922,0.061812273622295764,1.3082950542784695
7977,2905,2952,0.053947718416503629,0.070680152092259127,1.3101601729765968
7978,2953,2954,0.026160650639783008,0.034081550909151825,1.3027791769568358
7979,2954,2905,0.054180128416235047,0.07058489192166871,1.3027819236492983
7980,2954,2955,0.026160618759872176,0.033705166307074971,1.2883933142581241
7981,2955,2907,0.048307184567333822,0.061811969822099577,1.27956059488298
7982,2907,2954,0.054644650538294176,0.07040392641177147,1.288395583432882
7983,2955,2956,0.026161342661269803,0.033164595099114028,1.2676946871007539
7984,2956,2908,0.049215975726998401,0.061812441954586253,1.2559426292279685
7985,2908,2955,0.055334749030090814,0.070147656738539663,1.2676963023794261
7986,2956,2957,0.026161195268037514,0.032482535046344851,1.241630388579013
7987,2957,2908,0.056237877247063819,0.069826746351271646,1.2416319706469237
7988,2909,2957,0.050356823348999692,0.061812217544759102,1.2274844486588721
7989,2957,2958,0.026161872367955627,0.031690039082845539,1.2113062336341449
7990,2958,2909,0.057345330108976592,0.069462848631110602,1.2113078519054019
7991,2910,2958,0.051711819909564222,0.061813430499129865,1.1953443256731586
7992,2958,2959,0.026159966856869405,0.030813546569129154,1.1778893581066505
7993,2959,2910,0.058636200662075998,0.069067042369041876,1.1778908181155776
7994,2911,2959,0.053255064003505409,0.06181269221459143,1.1606913515402542
7995,2959,2960,0.026161726812446214,0.029890345080408311,1.1425218715374796
7996,2960,2911,0.060096442906383954,0.068661538095304259,1.1425224984157998
7997,2912,2960,0.054964337000162074,0.061815001939894546,1.1246383621385676
7998,2960,2961,0.026160806904299418,0.028940656682827977,1.1062600931499442
7999,2961,2912,0.061697874535233392,0.068253952764093864,1.1062610062055953
8000,2913,2961,0.056805822247751991,0.061815111797033286,1.0881826783077597
8001,2961,2962,0.026162257887379973,0.027994313776892221,1.0700266734392212
8002,2962,2913,0.063417693043593695,0.067858599906457817,1.070026307324226
8003,2914,2962,0.058751227179091779,0.061816508676744264,1.0521739143985633
8004,2962,2963,0.026159893538745298,0.027064895427166433,1.0345950141991496
8005,2963,2914,0.065226900680697725,0.06748346973915452,1.0345956811516046
8006,2963,2964,0.026162508628672042,0.026177785805520121,1.0005839339439848
8007,2964,2916,0.062816373926045277,0.06181963718966537,0.98413253306290205
8008,2916,2963,0.067094235188312909,0.067133421522688502,1.0005840491998397
8009,2964,2965,0.026160519068005983,0.025335623878982864,0.96846793494889183
8010,2965,2916,0.068985627130340108,0.066810375543866957,0.96846804650535001
8011,2917,2965,0.064866012715019752,0.061820675948526735,0.95305188897809545
8012,2965,2966,0.026161695163189239,0.024555264087298259,0.93859606321874334
8013,2966,2917,0.070869581627979503,0.066517847949424752,0.93859518317183521
8014,2966,2967,0.026160369835299846,0.023837589812319881,0.9112099699811701
8015,2967,2919,0.068825005695953234,0.061821948431080125,0.89824835909479805
8016,2919,2966,0.072713947875193419,0.066257675726612578,0.91120999014298576
8017,2967,2968,0.026162735822670022,0.023192407626811875,0.88646721749625446
8018,2968,2920,0.070668410852937666,0.061823610076967205,0.8748408140325008
8019,2920,2967,0.074485905252479695,0.066029328346100258,0.88646742121593658
8020,2968,2969,0.026159938492947975,0.022614253290027798,0.8644612561349867
8021,2969,2920,0.076151156409591636,0.065829739454344713,0.86446145479746272
8022,2969,2970,0.02616158393180178,0.022112730919763277,0.84523670192932188
8023,2970,2922,0.073920927942596734,0.06182468434225722,0.83636239510233357
8024,2922,2969,0.077681765220221549,0.065659469229645204,0.84523657570738631
8025,2970,2971,0.026161768934948391,0.021683033695551877,0.82880610059155579
8026,2971,2923,0.075274004579436324,0.061823843036380992,0.82131731109294925
8027,2923,2970,0.079049938429377464,0.065517020065311127,0.82880545345197798
8028,2971,2972,0.026160087575210222,0.021324754037832433,0.81516370985088604
8029,2972,2923,0.080226960790311344,0.065398055924436371,0.81516307336341487
8030,2972,2973,0.026162224480508138,0.02104197637634548,0.80428850352624104
8031,2973,2925,0.077323564831307479,0.061824002192959776,0.79954930075763786
8032,2925,2972,0.081198096932415184,0.065306678490712089,0.80428828947887487
8033,2973,2974,0.02616061875987221,0.020827964500675644,0.79615718159631876
8034,2974,2926,0.077984076236254446,0.061824163479473233,0.79277932705358456
8035,2926,2973,0.0819413090972506,0.065238168652895875,0.7961572663608425
8036,2974,2975,0.026160650639782988,0.020686531678126084,0.79074989238485116
8037,2975,2926,0.082444381420125973,0.065192892676595879,0.79074997657367674
8038,2927,2975,0.078384317187362912,0.061823833688087762,0.78872708095816613
8039,2975,2928,0.026162016393723571,0.020616988805018964,0.78805045049834566
8040,2928,2927,0.082700429756301763,0.065172221990141027,0.78805179346936716
8041,2928,2976,0.078518328893159073,0.061823507594158396,0.78737676241533949
8042,2976,2977,0.026161976717914384,0.020616999559521263,0.78805205668590772
8043,2977,2928,0.082700013579105461,0.065171831354950291,0.78805103571852686
8044,2977,2978,0.026160533211430352,0.020686451371587051,0.79075037211200638
8045,2978,2930,0.077984480624824937,0.061824469083393535,0.79277913487459761
8046,2930,2977,0.082446769415992452,0.06519482245791372,0.79075047960906131
8047,2978,2979,0.026160512416771271,0.020827860561840002,0.79615644487481241
8048,2979,2930,0.081941349101421021,0.065238142057507165,0.79615655310678557
8049,2931,2979,0.077323860315883258,0.061824206096566858,0.7995488823760577
8050,2979,2980,0.026161541961897631,0.021041370037459067,0.80428630958008063
8051,2980,2931,0.081200096557455068,0.065308177552140578,0.80428694448571525
8052,2980,2981,0.026161312081829247,0.021325697741697024,0.81516162778812329
8053,2981,2933,0.075275751693458778,0.061825288175635838,0.82131744665139306
8054,2933,2980,0.080229610026398404,0.065400139776483179,0.81516212972946278
8055,2981,2982,0.026161275462902291,0.021682590688784198,0.82880480042079585
8056,2982,2933,0.079050286258828303,0.065517297068653252,0.828805310763012
8057,2982,2983,0.026161301684811414,0.022112448877439798,0.84523504005451389
8058,2983,2935,0.072375519010826353,0.061823470683331778,0.85420417743855992
8059,2935,2982,0.077682536593129695,0.065660068455399859,0.84523589644479868
8060,2983,2984,0.026160503624906704,0.022614710638359337,0.86446006401912256
8061,2984,2935,0.076151447828974025,0.065829952164079025,0.86446093988815942
8062,2984,2985,0.026163346071882421,0.023192949310340848,0.88646724492423246
8063,2985,2937,0.068825066836399718,0.061822026511858794,0.89824869562150278
8064,2937,2984,0.074487383743411711,0.066030599649582383,0.88646689319951688
8065,2985,2986,0.026160739628105296,0.023837954012289872,0.91121101127737292
8066,2986,2938,0.066881647706020939,0.061822674748378555,0.92435932529833653
8067,2938,2985,0.07271458400797072,0.066258280200655301,0.91121033152568542
8068,2986,2987,0.026160636649323298,0.024554289900122522,0.93859680210640717
8069,2987,2938,0.070871770287199626,0.0665199673281089,0.93859610192527221
8070,2987,2988,0.026161490588808584,0.025336583455621106,0.9684686493536282
8071,2988,2940,0.06281545756735421,0.061818771302796886,0.98413310508024843
8072,2940,2987,0.068985120328047878,0.066809879781469489,0.96846797488741954
8073,2988,2989,0.026159519452562043,0.026174784841963148,1.0005835500697475
8074,2989,2940,0.067091960054690675,0.067131064820845937,1.0005828532379049
8075,2989,2990,0.026162574065638249,0.027067656975007234,1.0345945665399077
8076,2990,2942,0.058751253561472386,0.061816536604914887,1.0521739172805096
8077,2942,2989,0.065226713825300014,0.067483160029347899,1.0345938967597148
8078,2990,2991,0.02616103587141351,0.027993026355676711,1.0700274443744424
8079,2991,2942,0.063417498366065653,0.067858419774763243,1.0700267516555637
8080,2943,2991,0.056805613219823518,0.061814910005356188,1.0881831301802507
8081,2991,2992,0.026161293810596422,0.02894121232796491,1.1062607429699254
8082,2992,2943,0.061698025236926586,0.068254098249628289,1.1062606621123727
8083,2992,2993,0.026160503624906798,0.029888964439135062,1.1425225166796287
8084,2993,2945,0.05325691213082874,0.061814806517152952,1.1606907731582568
8085,2945,2992,0.060096811112831328,0.068661956420338122,1.1425224591605334
8086,2993,2994,0.026161301684811417,0.030815145564125353,1.1778903792855169
8087,2994,2945,0.058636975057908408,0.069067925313962844,1.1778903199858637
8088,2946,2994,0.051710403427041723,0.061811711175470352,1.1953438201788655
8089,2994,2995,0.026161275462902214,0.03168936206248283,1.211307992510521
8090,2995,2946,0.057344332671029438,0.069461591769234166,1.2113070033915734
8091,2995,2996,0.026161312081829306,0.032482732630822041,1.2416323970762675
8092,2996,2948,0.049215025743223562,0.061811230788436713,1.2559422626523269
8093,2948,2995,0.056238258020577969,0.0698271745400941,1.241631177739251
8094,2996,2997,0.026161680255917402,0.033165081539151958,1.2676969221673171
8095,2997,2949,0.048306819734664407,0.061811442393070078,1.279559340328813
8096,2949,2996,0.055334117417123629,0.070146835552558698,1.2676959320372414
8097,2997,2998,0.02616041188353577,0.033704969354816046,1.2883959742250271
8098,2998,2949,0.054645846614803803,0.070405433796680295,1.2883949679280318
8099,2998,2999,0.026160533211430307,0.034081476555997796,1.3027821826317589
8100,2999,2951,0.047245316708429512,0.061810747130752283,1.3082936349482446
8101,2951,2998,0.054181159631606718,0.070586177157499597,1.3027808492368069
8102,2999,3000,0.026162126400132199,0.034276572115960774,1.3101600226114485
8103,3000,2951,0.053946424706034057,0.070678376673413534,1.3101586816652924
8104,3000,3001,0.026162126400132199,0.034276572116234673,1.3101600226219177
8105,3001,2953,0.047245316708429512,0.061810747132431662,1.3082936349837906
8106,2953,3000,0.053946424706034057,0.070678376674769061,1.3101586816904196
8107,3001,3002,0.026160533211430307,0.034081476556765862,1.3027821826611188
8108,3002,2953,0.054181159631606718,0.070586177159880095,1.3027808492807427
8109,3002,3003,0.02616041188353577,0.033704969355752401,1.28839597426082
8110,3003,2955,0.048306819734664407,0.061811442401982594,1.2795593405133112
8111,2955,3002,0.054645846614803803,0.070405433806924211,1.288394968115492
8112,3003,3004,0.026161680255917402,0.033165081538979194,1.2676969221607133
8113,3004,2955,0.055334117417123629,0.070146835560450815,1.2676959321798682
8114,2956,3004,0.049215025743223562,0.061811230779009838,1.2559422624607821
8115,3004,3005,0.026161312081829306,0.032482732629546304,1.2416323970275034
8116,3005,2956,0.056238258020577969,0.069827174529278183,1.2416311775469278
8117,3005,3006,0.026161275462902214,0.031689362061295044,1.2113079924651184
8118,3006,2958,0.051710403427041723,0.061811711172750486,1.1953438201262674
8119,2958,3005,0.057344332671029438,0.069461591765887537,1.2113070033332132
8120,3006,3007,0.026161301684811417,0.030815145563236231,1.1778903792515307
8121,3007,2959,0.05325691213082874,0.061814806515561635,1.1606907731283767
8122,2959,3006,0.058636975057908408,0.069067925311877318,1.177890319950297
8123,3007,3008,0.026160503624906798,0.029888964438507009,1.142522516655621
8124,3008,2959,0.060096811112831328,0.068661956418803211,1.1425224591349927
8125,3008,3009,0.026161293810596422,0.028941212327522073,1.1062607429529983
8126,3009,2961,0.056805613219823518,0.061814910004700678,1.0881831301687113
8127,2961,3008,0.061698025236926586,0.068254098248745954,1.1062606620980719
8128,3009,3010,0.02616103587141351,0.0279930263553557,1.0700274443621718
8129,3010,2962,0.058751253561472386,0.061816536604447685,1.0521739172725573
8130,2962,3009,0.063417498366065653,0.06785841977414786,1.0700267516458599
8131,3010,3011,0.026162574065638249,0.027067656974762797,1.0345945665305647
8132,3011,2962,0.065226713825300014,0.067483160028900369,1.0345938967528536
8133,3011,3012,0.026159519452562043,0.026174784841763749,1.0005835500621252
8134,3012,2964,0.06281545756735421,0.061818771302487252,0.98413310507531915
8135,2964,3011,0.067091960054690675,0.067131064820477052,1.0005828532324066
8136,3012,3013,0.026161490588808584,0.025336583455443224,0.96846864934682886
8137,3013,2964,0.068985120328047878,0.066809879781142251,0.968467974882676
8138,3013,3014,0.026160636649323298,0.024554289899946076,0.93859680209966245
8139,3014,2966,0.066881647706020939,0.061822674748066353,0.9243593252936686
8140,2966,3013,0.070871770287199626,0.066519967327791335,0.93859610192079135
8141,3014,3015,0.026160739628105296,0.023837954012083194,0.91121101126947257
8142,3015,2966,0.07271458400797072,0.066258280200240646,0.91121033151998287
8143,2967,3015,0.068825066836399718,0.061822026511468467,0.89824869561583143
8144,3015,3016,0.026163346071882421,0.023192949310051308,0.88646724491316586
8145,3016,2967,0.074487383743411711,0.066030599648993438,0.88646689319161032
8146,3016,3017,0.026160503624906704,0.022614710637904739,0.86446006400174524
8147,3017,2969,0.072375519010826353,0.061823470682509166,0.85420417742719401
8148,2969,3016,0.076151447828974025,0.065829952163533087,0.86446093988099038
8149,3017,3018,0.026161301684811414,0.022112448877403604,0.84523504005313044
8150,3018,2969,0.077682536593129695,0.065660068456067755,0.84523589645339647
8151,3018,3019,0.026161275462902291,0.021682590689151435,0.8288048004348334
8152,3019,2971,0.075275751693458778,0.061825288176101549,0.82131744665757977
8153,2971,3018,0.079050286258828303,0.065517297069468086,0.82880531077331987
8154,3019,3020,0.026161312081829247,0.02132569774189692,0.81516162779576418
8155,3020,2971,0.080229610026398404,0.06540013977680191,0.81516212973343549
8156,3020,3021,0.026161541961897631,0.02104137003756907,0.80428630958428537
8157,3021,2973,0.077323860315883258,0.061824206096754014,0.7995488823784781
8158,2973,3020,0.081200096557455068,0.065308177552435329,0.80428694448934512
8159,3021,3022,0.026160512416771271,0.020827860561899759,0.79615644487709669
8160,3022,2974,0.077984480624824937,0.061824469083504037,0.79277913487601459
8161,2974,3021,0.081941349101421021,0.065238142057680706,0.79615655310890354
8162,3022,3023,0.026160533211430352,0.02068645137161669,0.79075037211313937
8163,3023,2974,0.082446769415992452,0.065194822457993504,0.79075047961002898
8164,3023,2976,0.026161976717914384,0.020616999559530218,0.78805205668625
8165,2928,3023,0.082700013579105461,0.065171831354978602,0.78805103571886914
8166,2976,3024,0.078520568411254169,0.061825317094932344,0.78737735023924083
8167,3024,3025,0.026162015705704273,0.020617019316247865,0.7880516374643336
8168,3025,2976,0.082700057134037178,0.065171951222233057,0.78805207010443512
8169,3025,3026,0.026160546743240011,0.020686468754905044,0.79075062757434567
8170,3026,2978,0.077984386375393094,0.061824404880282645,0.79277926972046409
8171,2978,3025,0.082445724955282629,0.065193988797522112,0.79075038557647948
8172,3026,3027,0.026160658361290317,0.020827999354877801,0.7961573087050744
8173,3027,2979,0.077325828037442867,0.061825778740814623,0.79954887403051433
8174,2979,3026,0.081942133193862968,0.065238777414474633,0.79615668852712607
8175,3027,3028,0.026161451294443128,0.021041328431143567,0.80428750661905712
8176,3028,2979,0.081199143869754187,0.065307406090443332,0.80428688010797666
8177,3028,3029,0.026161499533237594,0.021325886595699943,0.81516300579811507
8178,3029,2981,0.075274453523886301,0.061824244554266813,0.82131774672596691
8179,2981,3028,0.080227006560376651,0.065398023650982143,0.81516220603052636
8180,3029,3030,0.026161662825865621,0.021682962091540334,0.82880672516361364
8181,3030,2981,0.079047738299272169,0.065515232833454867,0.82880591200998466
8182,3030,3031,0.026160359590810329,0.022111694514647319,0.84523664278738608
8183,3031,2983,0.072376642888663092,0.061824402376790988,0.85420378604594016
8184,2983,3030,0.077680601928738699,0.065658454743395822,0.84523617367986481
8185,3031,3032,0.026161987573343995,0.0226160416887893,0.86446190777310827
8186,3032,2983,0.076150790820613462,0.065829421375777006,0.86446142799553782
8187,2984,3032,0.070666116555140671,0.061821641036015729,0.87484135324991841
8188,3032,3033,0.026160567461420998,0.023190504593110586,0.88646794941698548
8189,3033,2984,0.074485791727736422,0.066029162870381228,0.88646655071793801
8190,2985,3033,0.068826158637546903,0.06182298333583839,0.89824834858808966
8191,3033,3034,0.026160653621355417,0.023837832180450109,0.91120934994494374
8192,3034,2985,0.072714130838200136,0.06625784778043961,0.91121006352772438
8193,2986,3034,0.066878725948399248,0.061819955812473883,0.92435905343309777
8194,3034,3035,0.026161658009664992,0.024555213581934864,0.93859546565677709
8195,3035,2986,0.070868722468480749,0.066517130750204809,0.93859644188998415
8196,3035,3036,0.026161310552856393,0.025336387794706986,0.96846783510777379
8197,3036,2988,0.062814807438400289,0.061818146291800456,0.98413334073216396
8198,2988,3035,0.068984644920282209,0.066809440251824503,0.9684682776729322
8199,3036,3037,0.026161310552856396,0.026176582095794831,1.0005837453329252
8200,3037,2988,0.067092079800489035,0.067131275166219431,1.0005842025742375
8201,3037,3038,0.026161658009664891,0.027066732686829385,1.0345954632091794
8202,3038,2990,0.058750888938901687,0.061816206240823443,1.052174824198993
8203,2990,3037,0.065226197777828843,0.067482713824063845,1.0345952412237958
8204,3038,3039,0.026160211503972398,0.027992148041264511,1.070027588921211
8205,3039,2990,0.063418264710243547,0.067859278321409838,1.070027359333422
8206,2991,3039,0.056807379388311929,0.061816831525429147,1.088183123232541
8207,3039,3040,0.026160986179221756,0.028940862778423365,1.1062603901916173
8208,3040,2991,0.061698466059146813,0.068254574561385895,1.1062604781122778
8209,3040,3041,0.026161599297815447,0.029890215513052914,1.1425224877421318
8210,3041,2993,0.053255323733635916,0.061812979224593216,1.1606910800835544
8211,2993,3040,0.060095659361945331,0.06866062753720488,1.1425222431402955
8212,3041,3042,0.026160710576968192,0.030814450225309192,1.1778904145072473
8213,3042,2993,0.058636609758823136,0.069067485787507238,1.1778901623335165
8214,3042,3043,0.026161354969484508,0.031689448565851847,1.2113076177749775
8215,3043,2995,0.050357513100769247,0.061813052444429556,1.2274842151306578
8216,2995,3042,0.057344987029109944,0.069462428324699996,1.2113077694034335
8217,3043,3044,0.026161758920348714,0.032483279460068619,1.241632092053375
8218,3044,2996,0.049215724426234238,0.061812161548736526,1.2559433447206927
8219,2996,3043,0.056239243389438032,0.069828457838431973,1.2416322416518508
8220,3044,3045,0.02616124480693436,0.033164522414257144,1.2676966504845548
8221,3045,2996,0.055335208774738312,0.070148267269436751,1.2676968032234281
8222,3045,3046,0.026160808433301888,0.033705460663601139,1.2883952248469182
8223,3046,2998,0.047645618683232881,0.061810279372310525,1.2972919878163398
8224,2998,3045,0.054644330835931391,0.070403529257499181,1.2883958533390132
8225,3046,3047,0.026160546743240011,0.034081476732429207,1.3027815154985625
8226,3047,2999,0.047245934119127447,0.061811616648910016,1.3082949422283869
8227,2999,3046,0.054180649932533,0.070585550943173869,1.3027815471218716
8228,3047,3048,0.026161985203497138,0.034276374186319347,1.3101595280215026
8229,3048,2999,0.053948310689462917,0.07068089498614992,1.3101595598239035
8230,3048,3049,0.026161985203497138,0.034276374186365088,1.310159528023251
8231,3049,3001,0.047245934119127447,0.061811616649486409,1.3082949422405867
8232,3001,3048,0.053948310689462917,0.070680894986714718,1.3101595598343727
8233,3049,3050,0.026160546743240011,0.034081476732529557,1.3027815155023985
8234,3050,3001,0.054180649932533,0.070585550943851563,1.3027815471343795
8235,3002,3050,0.047645618683232881,0.061810279373309129,1.2972919878372988
8236,3050,3051,0.026160808433301888,0.033705460663643688,1.2883952248485446
8237,3051,3002,0.054644330835931391,0.070403529258498743,1.2883958533573054
8238,3051,3052,0.02616124480693436,0.033164522414082256,1.2676966504778699
8239,3052,3004,0.049215724426234238,0.061812161547291973,1.2559433446913413
8240,3004,3051,0.055335208774738312,0.070148267268118486,1.267696803199605
8241,3052,3053,0.026161758920348714,0.032483279459676606,1.2416320920383908
8242,3053,3004,0.056239243389438032,0.069828457836645264,1.2416322416200809
8243,3005,3053,0.050357513100769247,0.061813052442700508,1.2274842150963223
8244,3053,3054,0.026161354969484508,0.031689448565387954,1.2113076177572455
8245,3054,3005,0.057344987029109944,0.069462428322732431,1.2113077693691225
8246,3054,3055,0.026160710576968192,0.030814450224863676,1.1778904144902174
8247,3055,3007,0.053255323733635916,0.061812979223408691,1.1606910800613119
8248,3007,3054,0.058636609758823136,0.06906748578614684,1.177890162310316
8249,3055,3056,0.026161599297815447,0.029890215512660995,1.1425224877271511
8250,3056,3007,0.060095659361945331,0.068660627535944901,1.1425222431193294
8251,3056,3057,0.026160986179221756,0.028940862778090787,1.1062603901789045
8252,3057,3009,0.056807379388311929,0.061816831524697788,1.0881831232196666
8253,3009,3056,0.061698466059146813,0.068254574560523237,1.1062604780982959
8254,3057,3058,0.026160211503972398,0.027992148040985158,1.0700275889105324
8255,3058,3010,0.058750888938901687,0.061816206240228995,1.0521748241888749
8256,3010,3057,0.063418264710243547,0.067859278320709537,1.0700273593223792
8257,3058,3059,0.026161658009664891,0.027066732686594114,1.0345954632001864
8258,3059,3010,0.065226197777828843,0.067482713823454291,1.0345952412144506
8259,3059,3060,0.026161310552856396,0.026176582095595022,1.0005837453252875
8260,3060,3012,0.062814807438400289,0.061818146291358796,0.98413334072513281
8261,3012,3059,0.067092079800489035,0.067131275165707868,1.0005842025666127
8262,3060,3061,0.026161310552856393,0.025336387794535203,0.96846783510120749
8263,3061,3012,0.068984644920282209,0.066809440251372407,0.96846827766637866
8264,3061,3062,0.026161658009664992,0.024555213581858748,0.93859546565386764
8265,3062,3014,0.066878725948399248,0.061819955812249507,0.92435905342974278
8266,3014,3061,0.070868722468480749,0.066517130749743705,0.93859644188347779
8267,3062,3063,0.026160653621355417,0.023837832180489543,0.9112093499464512
8268,3063,3015,0.068826158637546903,0.061822983335629036,0.89824834858504787
8269,3015,3062,0.072714130838200136,0.066257847780119075,0.91121006352331624
8270,3063,3064,0.026160567461420998,0.023190504593251705,0.88646794942237983
8271,3064,3016,0.070666116555140671,0.061821641035829517,0.87484135324728329
8272,3016,3063,0.074485791727736422,0.066029162869985586,0.88646655071262637
8273,3064,3065,0.026161987573343995,0.022616041689117749,0.86446190778566268
8274,3065,3017,0.072376642888663092,0.061824402376632275,0.85420378604374736
8275,3017,3064,0.076150790820613462,0.065829421375248734,0.86446142798860059
8276,3065,3066,0.026160359590810329,0.022111694514580435,0.84523664278482935
8277,3066,3018,0.073918506319136906,0.061822633305399874,0.83636204766484157
8278,3018,3065,0.077681715169927543,0.065659344075558027,0.84523550917908075
8279,3066,3067,0.026161662825865621,0.021682962091092339,0.82880672514648945
8280,3067,3019,0.075274453523886301,0.061824244554166054,0.82131774672462832
8281,3019,3066,0.079047738299272169,0.065515232832996359,0.8288059120041843
8282,3067,3068,0.026161499533237594,0.02132588659543963,0.81516300578816492
8283,3068,3019,0.080227006560376651,0.065398023651077358,0.81516220603171319
8284,3068,3069,0.026161451294443128,0.021041328430990738,0.80428750661321535
8285,3069,3021,0.077325828037442867,0.061825778740763178,0.79954887402984909
8286,3021,3068,0.081199143869754187,0.065307406090267681,0.8042868801058134
8287,3069,3070,0.026160658361290317,0.020827999354789951,0.7961573087017163
8288,3070,3021,0.081942133193862968,0.065238777414497851,0.7961566885274094
8289,3022,3070,0.077984386375393094,0.061824404880250698,0.79277926972005441
8290,3070,3071,0.026160546743240011,0.020686468754859622,0.79075062757260939
8291,3071,3022,0.082445724955282629,0.065193988797542804,0.79075038557673039
8292,3071,3024,0.026162015705704273,0.020617019316233831,0.78805163746379714
8293,2976,3071,0.082700057134037178,0.06517195122218869,0.78805207010389866
8294,3072,3073,0.02616193696559823,0.020616932997977844,0.78805070989537906
8295,3073,3025,0.078384653911635599,0.061824023515890149,0.78872611449666485
8296,3025,3072,0.082700543322566766,0.065172289683626566,0.78805152983611404
8297,3073,3074,0.026160599953000099,0.020686473889284188,0.79074921547859467
8298,3074,3025,0.082445650166769427,0.065193901021025735,0.79075003822703571
8299,3074,3075,0.026160636878675186,0.020827956312152212,0.79615631717017166
8300,3075,3027,0.077322850635458781,0.061823415402748327,0.79954909699613808
8301,3027,3074,0.08194182097342291,0.06523853103420843,0.79615671532815901
8302,3075,3076,0.026162531256426542,0.021042214743483469,0.80428818363340426
8303,3076,3027,0.081197520883285759,0.065306239246404704,0.80428858585814011
8304,3076,3077,0.026160203017814295,0.021324854761423782,0.81516396286765092
8305,3077,3029,0.075273969613892475,0.061823897394271694,0.82131841473737754
8306,3029,3076,0.080226475815477399,0.06539774292465704,0.81516409963056635
8307,3077,3078,0.026162445790683626,0.0216836173584572,0.82880696751137373
8308,3078,3030,0.073921506747098187,0.061825254119882718,0.83636355426845632
8309,3030,3077,0.079049815570427701,0.06551700777569576,0.82880658611182734
8310,3078,3079,0.026160064180819127,0.022111457057841677,0.84523711046756766
8311,3079,3030,0.077682666737898698,0.065660242551479064,0.84523672150721485
8312,3031,3079,0.072375369568107736,0.06182335477142066,0.85420433968551601
8313,3079,3080,0.026159739485916923,0.022614058896953941,0.86446040141677272
8314,3080,3031,0.07615010467995173,0.065828743928700431,0.8644603209065761
8315,3032,3080,0.070668528189384017,0.061823734892969835,0.87484112768400824
8316,3080,3081,0.026163055587999532,0.023192670370499699,0.88646642562414268
8317,3081,3032,0.074485463369599311,0.066028983681611489,0.88646805288668884
8318,3033,3081,0.068824031742239833,0.061821031658428185,0.89824775000047474
8319,3081,3082,0.02616009774335416,0.023837326331828987,0.91120937565627935
8320,3082,3033,0.072714456523315318,0.066258086796064902,0.91120926929873658
8321,3082,3083,0.026162757227117268,0.024556259260296483,0.93859599915731828
8322,3083,3035,0.064865553336404549,0.061820294358657754,0.95305275572146086
8323,3035,3082,0.070871420246238118,0.066519587800485849,0.93859538258677322
8324,3083,3084,0.026161418498128041,0.025336527751801115,0.96846918884058408
8325,3084,3036,0.062816672318408762,0.06181999913468484,0.98413362015307138
8326,3036,3083,0.068984985922330447,0.066809783858973029,0.96846847130176328
8327,3084,3085,0.026159520446462518,0.026174802070685101,1.0005841706561043
8328,3085,3036,0.067094056961417167,0.067133201601667192,1.0005834293232936
8329,3085,3086,0.026160891687347535,0.027065908200972311,1.0345942533014836
8330,3086,3038,0.058751337474384928,0.06181663867383512,1.0521741517933381
8331,3038,3085,0.065228082143885785,0.067484656546533309,1.0345951364577879
8332,3086,3087,0.026162484166212745,0.027994563790365117,1.07002697498116
8333,3087,3039,0.056804920186572225,0.061814167850460171,1.0881833412921871
8334,3039,3086,0.063417347366787349,0.06785825337310937,1.0700266755188785
8335,3087,3088,0.026160795360328466,0.028940658659538744,1.1062606568692404
8336,3088,3040,0.05496373071372801,0.061814300654066213,1.1246380085809418
8337,3040,3087,0.061697641690830952,0.068253676272564179,1.1062606997944224
8338,3088,3089,0.026161321026319417,0.029889889857566524,1.1425221924954021
8339,3089,3041,0.053255507263980796,0.061813191905095814,1.1606910736704781
8340,3041,3088,0.060095905335562687,0.068660920602918216,1.1425224434099182
8341,3089,3090,0.026160064180819113,0.030813657087856994,1.1778892006866692
8342,3090,3042,0.051711294998711556,0.061812754491137094,1.1953433866368504
8343,3042,3089,0.058636986211262059,0.069067928825515976,1.1778901558254116
8344,3090,3091,0.026162445790683626,0.03169074042356182,1.2113064916448602
8345,3091,3042,0.057345729930275174,0.069463311259723992,1.2113074738813543
8346,3091,3092,0.026160546360985592,0.032481737527139738,1.2416307013977821
8347,3092,3044,0.049215442849193179,0.061811738568654892,1.2559419359094157
8348,3044,3091,0.056238949786317077,0.069828076583053525,1.2416319445574475
8349,3092,3093,0.026162531256426539,0.033166127711662788,1.2676956746498256
8350,3093,3044,0.055334422254862944,0.070147277985324955,1.2676969439065611
8351,3093,3094,0.026159826795373192,0.033704182744809269,1.2883947209761506
8352,3094,3046,0.047646503036180454,0.061811358003734149,1.2972905473628902
8353,3046,3093,0.05464426195419287,0.070403422462690782,1.2883955230598316
8354,3094,3095,0.026160971118646528,0.034082005850053207,1.3027806076266364
8355,3095,3046,0.054181517687909117,0.070586674478940917,1.302781418666179
8356,3095,3096,0.026161936965598223,0.034276269352876698,1.3101579366217593
8357,3096,3048,0.047110789110917144,0.061810547542828567,1.312025306927092
8358,3048,3095,0.053947653613083645,0.070680027142121044,1.3101594306407309
8359,3096,3097,0.026161936965598223,0.034276269352811674,1.3101579366192739
8360,3097,3048,0.053947653613083645,0.07068002714198697,1.3101594306382458
8361,3097,3098,0.026160971118646528,0.034082005849855414,1.3027806076190758
8362,3098,3050,0.047646503036180454,0.061811358003592214,1.2972905473599112
8363,3050,3097,0.054181517687909117,0.070586674478920697,1.302781418665806
8364,3098,3099,0.026159826795373192,0.033704182744514269,1.2883947209648736
8365,3099,3050,0.05464426195419287,0.070403422462462978,1.2883955230556627
8366,3099,3100,0.026162531256426539,0.033166127711519194,1.2676956746443371
8367,3100,3052,0.049215442849193179,0.061811738568382388,1.2559419359038788
8368,3052,3099,0.055334422254862944,0.070147277984639503,1.2676969438941736
8369,3100,3101,0.026160546360985592,0.032481737527149217,1.2416307013981445
8370,3101,3052,0.056238949786317077,0.069828076582693896,1.2416319445510529
8371,3101,3102,0.026162445790683626,0.031690740423497482,1.211306491642401
8372,3102,3054,0.051711294998711556,0.061812754490562165,1.1953433866257324
8373,3054,3101,0.057345729930275174,0.069463311259187671,1.2113074738720018
8374,3102,3103,0.026160064180819113,0.03081365708771017,1.1778892006810568
8375,3103,3054,0.058636986211262059,0.069067928824793817,1.1778901558130959
8376,3055,3103,0.053255507263980796,0.061813191904482506,1.1606910736589617
8377,3103,3104,0.026161321026319417,0.029889889857370889,1.1425221924879241
8378,3104,3055,0.060095905335562687,0.068660920602194003,1.1425224433978671
8379,3056,3104,0.05496373071372801,0.061814300653464424,1.124638008569993
8380,3104,3105,0.026160795360328466,0.028940658659324315,1.1062606568610438
8381,3105,3056,0.061697641690830952,0.068253676271883446,1.106260699783389
8382,3057,3105,0.056804920186572225,0.06181416784989361,1.0881833412822133
8383,3105,3106,0.026162484166212745,0.02799456379015168,1.0700269749730018
8384,3106,3057,0.063417347366787349,0.067858253372489005,1.0700266755090961
8385,3058,3106,0.058751337474384928,0.061816638673313495,1.0521741517844596
8386,3106,3107,0.026160891687347535,0.027065908200772839,1.0345942532938588
8387,3107,3058,0.065228082143885785,0.067484656545979432,1.0345951364492965
8388,3107,3108,0.026159520446462518,0.026174802070510404,1.0005841706494261
8389,3108,3060,0.062816672318408762,0.061819999134271657,0.98413362014649375
8390,3060,3107,0.067094056961417167,0.067133201601187298,1.0005834293161411
8391,3108,3109,0.026161418498128041,0.02533652775166435,0.96846918883535638
8392,3109,3060,0.068984985922330447,0.066809783858580746,0.96846847129607683
8393,3109,3110,0.026162757227117268,0.024556259260143209,0.93859599915145986
8394,3110,3062,0.066880921405312904,0.061821915430202927,0.92435801019469654
8395,3062,3109,0.070871009276075883,0.066519251649879124,0.93859608222531987
8396,3110,3111,0.02616009774335416,0.0238373263316638,0.91120937564996485
8397,3111,3063,0.068824031742239833,0.061821031658339895,0.89824774999919188
8398,3063,3110,0.072714456523315318,0.06625808679590614,0.91120926929655321
8399,3111,3112,0.026163055587999532,0.023192670370377328,0.88646642561946554
8400,3112,3064,0.070668528189384017,0.061823734893108148,0.87484112768596545
8401,3064,3111,0.074485463369599311,0.066028983681713935,0.8864680528880643
8402,3112,3113,0.026159739485916923,0.022614058896854257,0.8644604014129621
8403,3113,3065,0.072375369568107736,0.06182335477190766,0.85420433969224485
8404,3065,3112,0.07615010467995173,0.065828743929206984,0.86446032091322811
8405,3113,3114,0.026160064180819127,0.022111457057725475,0.84523711046312566
8406,3114,3066,0.073921506747098187,0.061825254118883767,0.83636355425494269
8407,3066,3113,0.077682666737898698,0.065660242550485762,0.84523672149442819
8408,3114,3115,0.026162445790683626,0.021683617358326454,0.82880696750637628
8409,3115,3066,0.079049815570427701,0.065517007774653885,0.82880658609864744
8410,3067,3115,0.075273969613892475,0.061823897393620479,0.82131841472872624
8411,3115,3116,0.026160203017814295,0.021324854761314814,0.81516396286348547
8412,3116,3067,0.080226475815477399,0.06539774292401164,0.81516409962252157
8413,3116,3117,0.026162531256426542,0.021042214743404588,0.80428818363038923
8414,3117,3069,0.077322850635458781,0.061823415402486884,0.79954909699275689
8415,3069,3116,0.081197520883285759,0.065306239246083031,0.80428858585417851
8416,3117,3118,0.026160636878675186,0.020827956312101142,0.79615631716821955
8417,3118,3069,0.08194182097342291,0.065238531033971689,0.79615671532526988
8418,3118,3119,0.026160599953000099,0.02068647388925611,0.79074921547752131
8419,3119,3071,0.078384653911635599,0.061824023515821384,0.78872611449578756
8420,3071,3118,0.082445650166769427,0.065193901020920986,0.79075003822576517
8421,3119,3072,0.02616193696559823,0.020616932997968948,0.788050709895039
8422,3072,3071,0.082700543322566766,0.065172289683582199,0.78805152983557758
8423,3120,3121,0.026162095286483278,0.020617091317576466,0.788051992465158
8424,3121,3073,0.078385377798860581,0.061824631269421178,0.78872658403286877
8425,3073,3120,0.082700432271399602,0.065172133822118325,0.78805070338981642
8426,3121,3122,0.026160351639860416,0.020686323615573099,0.79075097691169549
8427,3122,3073,0.082445932800525271,0.065194095261399368,0.79074968342142415
8428,3074,3122,0.077984161766355919,0.061824190165764729,0.79277879976440346
8429,3122,3123,0.026160644905988944,0.020827982785400125,0.79615708482140612
8430,3123,3074,0.081941937275187671,0.06523861529928035,0.79615661367863277
8431,3123,3124,0.02616183315061079,0.021041639262564939,0.80428764840103295
8432,3124,3076,0.076416734053475224,0.061825335013309203,0.80905492467192863
8433,3076,3123,0.081199892075000696,0.065308138030600482,0.80428848317037527
8434,3124,3125,0.026160953076524687,0.021325440005193683,0.81516296225193297
8435,3125,3077,0.075274623700685522,0.061824412513099419,0.82131812121614611
8436,3077,3124,0.080228157210240722,0.065399034687476335,0.815163116810671
8437,3125,3126,0.026162001715974638,0.021683230779734261,0.8288062593656349
8438,3126,3078,0.073918570362511246,0.061822785583889761,0.83636338312143521
8439,3078,3125,0.079048651942997802,0.065516061080584234,0.82880681036569792
8440,3126,3127,0.026160173889629153,0.022111527039935498,0.84523624090669036
8441,3127,3079,0.072375244000614639,0.061823230767345694,0.85420410833876659
8442,3079,3126,0.077679947040208877,0.065657930327382361,0.84523654854445707
8443,3127,3128,0.026160548195806724,0.022614759497201275,0.86446045885331246
8444,3128,3080,0.070668053748198151,0.061823232954358723,0.87483989830319975
8445,3080,3127,0.076151257340205142,0.065829722528884957,0.86446008678216812
8446,3128,3129,0.026162687203931858,0.023192356518313615,0.88646691135106925
8447,3129,3081,0.06882603786959314,0.061822848139724253,0.89824796041378918
8448,3081,3128,0.074487555879477751,0.066030745834154636,0.88646680716700665
8449,3129,3130,0.026159755235280059,0.023837012076686502,0.91120929314120591
8450,3130,3082,0.066879619109972491,0.06182069330806611,0.92435773604529936
8451,3082,3129,0.07271416607200358,0.066257837654942156,0.91120948274826963
8452,3130,3131,0.026162121201785557,0.024555640121027986,0.93859515180871766
8453,3131,3083,0.064864849354486331,0.06181962109039317,0.95305271970260819
8454,3083,3130,0.070871133078160231,0.066519348121368838,0.93859580385159036
8455,3131,3132,0.026160427097335383,0.025335516631556403,0.96846724012915664
8456,3132,3084,0.062815904111209658,0.061819207473816994,0.98413305274364737
8457,3084,3131,0.068984204705657304,0.066809030361808922,0.96846851604465911
8458,3132,3133,0.026161954548360813,0.026177207547549416,1.00058302215763
8459,3133,3085,0.06076389829773126,0.061815668124138828,1.0173091236058309
8460,3085,3132,0.067092826202204067,0.067131931418965562,1.0005828524296121
8461,3133,3134,0.026161370564978029,0.027066418862906637,1.0345948349946232
8462,3134,3086,0.05875169715815217,0.061816988625422876,1.0521736667286279
8463,3086,3133,0.065225339652061828,0.067481773020534375,1.0345944287988267
8464,3134,3135,0.026161504961052039,0.027993526839157869,1.0700273887466816
8465,3135,3087,0.056807154769512661,0.061816616420291501,1.0881836393866944
8466,3087,3134,0.063418620694463149,0.067859661501786461,1.0700273950882544
8467,3135,3136,0.026161030061254323,0.028940931602129231,1.1062611653427237
8468,3136,3088,0.054963262512803854,0.061813800476978639,1.1246384885282044
8469,3088,3135,0.061698917931879808,0.068255085074925406,1.1062606503129293
8470,3136,3137,0.02616054819580681,0.02988902797476806,1.142522998793996
8471,3137,3088,0.060095561351611738,0.068660529004112847,1.1425224668821801
8472,3137,3138,0.026160173889629094,0.030813815790979953,1.177890327525527
8473,3138,3090,0.05171205366567394,0.061813655524107343,1.1953432738088832
8474,3090,3137,0.058636754582617003,0.069067616573372223,1.1778894835671461
8475,3138,3139,0.026162001715974551,0.031690249554981398,1.2113082897487653
8476,3139,3090,0.05734480560086673,0.069462188628669749,1.2113074218464153
8477,3139,3140,0.02616095307652477,0.03248228599839819,1.241632363445726
8478,3140,3092,0.049215766363967142,0.061812118270404344,1.2559413951472977
8479,3092,3139,0.056238434447966196,0.069827420431841952,1.241631654886282
8480,3140,3141,0.026162650434040122,0.03316631417479015,1.267697027042703
8481,3141,3093,0.048307747295208904,0.061812725223421149,1.2795613267926416
8482,3093,3140,0.05533492396482511,0.070147883798414953,1.2676963980831715
8483,3141,3142,0.026160050954569164,0.033704487343208384,1.2883953246781232
8484,3142,3094,0.047647154495101249,0.061812162949938958,1.2972897039695006
8485,3094,3141,0.054645053832745344,0.070404433816262851,1.2883953602050238
8486,3142,3143,0.0261608614131798,0.034081858359380449,1.3027804329948425
8487,3143,3094,0.054180246946463,0.070584967523028092,1.3027804689184057
8488,3143,3144,0.026161924351869887,0.034276248506402575,1.3101577714772625
8489,3144,3096,0.047111805086455641,0.061811808832098469,1.3120237850930698
8490,3096,3143,0.053946780205161964,0.070678794715746507,1.3101577971280578
8491,3144,3145,0.026161924351869887,0.034276248506240656,1.3101577714710733
8492,3145,3096,0.053946780205161964,0.070678794715412607,1.3101577971218683
8493,3145,3146,0.0261608614131798,0.034081858358779471,1.3027804329718702
8494,3146,3098,0.047647154495101249,0.061812162948899546,1.2972897039476858
8495,3098,3145,0.054180246946463,0.070584967522418898,1.302780468907162
8496,3146,3147,0.026160050954569164,0.033704487341732155,1.2883953246216926
8497,3147,3098,0.054645053832745344,0.070404433813813019,1.2883953601601921
8498,3099,3147,0.048307747295208904,0.061812725221212193,1.2795613267469148
8499,3147,3148,0.026162650434040122,0.033166314174672015,1.2676970270381878
8500,3148,3099,0.05533492396482511,0.070147883799992039,1.2676963981116722
8501,3100,3148,0.049215766363967142,0.061812118272125495,1.2559413951822693
8502,3148,3149,0.02616095307652477,0.032482285999607306,1.2416323634919444
8503,3149,3100,0.056238434447966196,0.06982742043256901,1.2416316548992101
8504,3149,3150,0.026162001715974551,0.031690249555370358,1.2113082897636327
8505,3150,3102,0.05171205366567394,0.06181365552414278,1.1953432738095684
8506,3102,3149,0.05734480560086673,0.069462188629231744,1.2113074218562154
8507,3150,3151,0.026160173889629094,0.030813815791021475,1.1778903275271142
8508,3151,3102,0.058636754582617003,0.069067616573176352,1.1778894835638056
8509,3151,3152,0.02616054819580681,0.029889027974657527,1.1425229987897709
8510,3152,3104,0.054963262512803854,0.061813800476592143,1.1246384885211724
8511,3104,3151,0.060095561351611738,0.068660529003795878,1.1425224668769056
8512,3152,3153,0.026161030061254323,0.028940931601950184,1.1062611653358796
8513,3153,3104,0.061698917931879808,0.068255085074440447,1.1062606503050691
8514,3105,3153,0.056807154769512661,0.061816616419837586,1.0881836393787039
8515,3153,3154,0.026161504961052039,0.027993526838946518,1.0700273887386029
8516,3154,3105,0.063418620694463149,0.067859661501253485,1.0700273950798502
8517,3106,3154,0.05875169715815217,0.061816988624938798,1.0521736667203885
8518,3154,3155,0.026161370564978029,0.027066418862678233,1.0345948349858927
8519,3155,3106,0.065225339652061828,0.067481773019980443,1.0345944287903341
8520,3107,3155,0.06076389829773126,0.061815668123645674,1.017309123597715
8521,3155,3156,0.026161954548360813,0.026177207547309567,1.0005830221484622
8522,3156,3107,0.067092826202204067,0.067131931418406759,1.0005828524212832
8523,3108,3156,0.062815904111209658,0.061819207473331139,0.98413305273591289
8524,3156,3157,0.026160427097335383,0.025335516631306142,0.96846724011959029
8525,3157,3108,0.068984204705657304,0.066809030361259181,0.96846851603669004
8526,3109,3157,0.064864849354486331,0.06181962108993469,0.95305271969553995
8527,3157,3158,0.026162121201785557,0.02455564012076553,0.9385951517986858
8528,3158,3109,0.070871133078160231,0.066519348120846145,0.93859580384421515
8529,3110,3158,0.066879619109972491,0.061820693307477977,0.9243577360365054
8530,3158,3159,0.026159755235280059,0.023837012076417634,0.91120929313092791
8531,3159,3110,0.07271416607200358,0.066257837654301863,0.91120948273946401
8532,3111,3159,0.06882603786959314,0.061822848139186669,0.89824796040597843
8533,3159,3160,0.026162687203931858,0.02319235651805306,0.88646691134111011
8534,3160,3111,0.074487555879477751,0.066030745833593335,0.88646680715947113
8535,3112,3160,0.070668053748198151,0.061823232953875575,0.87483989829636288
8536,3160,3161,0.026160548195806724,0.022614759496967118,0.86446045884436162
8537,3161,3112,0.076151257340205142,0.065829722528415624,0.86446008677600494
8538,3113,3161,0.072375244000614639,0.061823230766916197,0.85420410833283233
8539,3161,3162,0.026160173889629153,0.02211152703975092,0.84523624089963467
8540,3162,3113,0.077679947040208877,0.065657930327012962,0.84523654853970165
8541,3114,3162,0.073918570362511246,0.061822785583478292,0.83636338311586866
8542,3162,3163,0.026162001715974638,0.021683230779623409,0.82880625936139773
8543,3163,3114,0.079048651942997802,0.06551606108027358,0.82880681036176795
8544,3115,3163,0.075274623700685522,0.061824412512822051,0.82131812121246139
8545,3163,3164,0.026160953076524687,0.021325440005154583,0.81516296225043838
8546,3164,3115,0.080228157210240722,0.065399034687272178,0.81516311680812625
8547,3116,3164,0.076416734053475224,0.061825335013157297,0.80905492466994078
8548,3164,3165,0.02616183315061079,0.021041639262569307,0.80428764840119993
8549,3165,3116,0.081199892075000696,0.065308138030484186,0.80428848316894297
8550,3165,3166,0.026160644905988944,0.020827982785421372,0.79615708482221825
8551,3166,3118,0.077984161766355919,0.061824190165743219,0.79277879976412768
8552,3118,3165,0.081941937275187671,0.065238615299248778,0.79615661367824753
8553,3166,3167,0.026160351639860416,0.020686323615592726,0.79075097691244567
8554,3167,3119,0.078385377798860581,0.06182463126941741,0.7887265840328207
8555,3119,3166,0.082445932800525271,0.065194095261408916,0.79074968342153995
8556,3167,3120,0.026162095286483278,0.020617091317584105,0.78805199246544999
8557,3120,3119,0.082700432271399602,0.065172133822090209,0.78805070338947636
8558,3120,3168,0.078519016219041921,0.06182409675029564,0.78737737337191016
8559,3168,3169,0.026161936506917297,0.020616967652908633,0.78805204834349485
8560,3169,3120,0.082699551909929864,0.065171494708244335,0.78805136428337885
8561,3169,3170,0.026160835725979627,0.02068670914769076,0.79075108166928099
8562,3170,3122,0.077983879273025386,0.061824060269020216,0.79278000588520547
8563,3122,3169,0.082445204976006159,0.065193574408509744,0.79075034657846843
8564,3170,3171,0.026159947208549774,0.020827436560659968,0.7961574384925747
8565,3171,3122,0.081942404799294377,0.065238994461992147,0.79615669837595415
8566,3123,3171,0.07732442275254775,0.061824657510122484,0.79954890459347705
8567,3171,3172,0.026162164393899026,0.021041895110254723,0.80428724448966693
8568,3172,3123,0.081198172229594259,0.065306685899248693,0.80428763488159405
8569,3172,3173,0.02616074429157441,0.021325261371286049,0.81516263962544344
8570,3173,3125,0.075274251702471526,0.061824071832460754,0.82131765423356373
8571,3125,3172,0.080227572177508519,0.065398544291200802,0.81516294854968852
8572,3173,3174,0.026162663429641908,0.021683779320302,0.82880626349894493
8573,3174,3126,0.073920275243297751,0.061824194120306292,0.83636314822720859
8574,3126,3173,0.079049824121983511,0.06551696420492302,0.82880594527095164
8575,3174,3175,0.026158979300289882,0.022110509360234436,0.84523593625036497
8576,3175,3126,0.077681990780843355,0.065659584996810835,0.84523561171404371
8577,3127,3175,0.07237576821029458,0.061823610026220645,0.85420316156902609
8578,3175,3176,0.02616167788604265,0.022615719463639425,0.86445982410420985
8579,3176,3127,0.076151002295141518,0.065829531052825907,0.8644604676073433
8580,3176,3177,0.026161728876526725,0.023191493619059898,0.88646640015706946
8581,3177,3129,0.068825789010225152,0.061822595591182659,0.89824753889850706
8582,3129,3176,0.07448650442289749,0.066029822181760178,0.88646692032795016
8583,3177,3178,0.026160735576238259,0.023837894999807926,0.91120889664355753
8584,3178,3129,0.072713470276865075,0.066257199901240169,0.91120943133312304
8585,3130,3178,0.066879404365916176,0.061820491319504699,0.92435768388826056
8586,3178,3179,0.02616272443243919,0.024556224686831715,0.93859585419874791
8587,3179,3130,0.070871864880364899,0.066520028467768971,0.93859571185346913
8588,3131,3179,0.064866808718976127,0.061821482408506948,0.95305262628746679
8589,3179,3180,0.026161563061529974,0.025336663107868123,0.96846901113202788
8590,3180,3131,0.06898670444610884,0.066811445570856928,0.96846843326236598
8591,3180,3181,0.026161563061530026,0.026176872421290513,1.00058518520948
8592,3181,3133,0.060766466639510998,0.061818348887072432,1.0173102420748203
8593,3133,3180,0.067093295877464501,0.067132495461444439,1.0005842548568717
8594,3181,3182,0.026159228849732038,0.027064220262697263,1.0345954927862675
8595,3182,3133,0.065226610278847214,0.067483094257808893,1.0345945308105862
8596,3182,3183,0.026161563214425896,0.027993571406003927,1.0700267096641929
8597,3183,3135,0.056805811685469887,0.061815133475906989,1.0881832622720611
8598,3135,3182,0.063417008910123182,0.067857916495127971,1.0700270741450231
8599,3183,3184,0.026161728876526725,0.028941694884877741,1.1062607911530382
8600,3184,3136,0.054965029734811939,0.061815816888927837,1.1246390147911987
8601,3136,3183,0.061699457970561054,0.068255691025742277,1.1062607885195592
8602,3184,3185,0.026160196213595544,0.029888610431426987,1.1425224102827551
8603,3185,3137,0.053255832487061477,0.061813553516410671,1.1606907756334162
8604,3137,3184,0.060096856705844359,0.068662041105105903,1.1425230015137977
8605,3185,3186,0.026161001774935112,0.030814759580979501,1.177889128485254
8606,3186,3138,0.051710346494648236,0.061811628221406408,1.1953435320299701
8607,3138,3185,0.058636060782668586,0.069066813099497679,1.1778897179926551
8608,3186,3187,0.026162064784368937,0.031690277500200856,1.2113064378288239
8609,3187,3138,0.057345802612075052,0.069463374651329471,1.2113070440608478
8610,3187,3188,0.026160744291574469,0.032481974739959611,1.2416303748063089
8611,3188,3140,0.049217231520758423,0.061813958261757888,1.2559413919022757
8612,3140,3187,0.056239073152446951,0.069828181506135095,1.2416310865730704
8613,3188,3189,0.026162164393898985,0.033165665219278447,1.2676957731758876
8614,3189,3141,0.048307177943070254,0.061812001666214311,1.2795614295469593
8615,3141,3188,0.055335425344950027,0.070148513987179528,1.2676963003336046
8616,3189,3190,0.026160239026628299,0.033704733318522376,1.2883954647438274
8617,3190,3142,0.04764674246515932,0.061811659146762628,1.2972903486940603
8618,3142,3189,0.054645027334499066,0.070404368457773883,1.2883947889129423
8619,3190,3191,0.026160658590641973,0.034081607464303533,1.3027809428503834
8620,3191,3142,0.054181293109366806,0.070586319095633981,1.3027802594735616
8621,3143,3191,0.047247660117035052,0.061813842677931857,1.308294263140557
8622,3191,3192,0.026161995906030008,0.03427635164500021,1.3101581304467655
8623,3192,3143,0.053947344868947485,0.070679561910092559,1.3101583049507275
8624,3192,3193,0.026161995906030008,0.034276351645131202,1.3101581304517724
8625,3193,3145,0.047247660117035052,0.061813842677876062,1.3082942631393761
8626,3145,3192,0.053947344868947485,0.070679561909758673,1.3101583049445382
8627,3193,3194,0.026160658590641973,0.03408160746480754,1.3027809428696493
8628,3194,3146,0.04764674246515932,0.061811659146642557,1.2972903486915404
8629,3146,3193,0.054181293109366806,0.070586319094992522,1.3027802594617224
8630,3194,3195,0.026160239026628299,0.033704733319826645,1.2883954647936842
8631,3195,3146,0.054645027334499066,0.07040436845881734,1.2883947889320375
8632,3195,3196,0.026162164393898985,0.033165665219144456,1.2676957731707659
8633,3196,3148,0.049217231520758423,0.061813958261483296,1.2559413918966964
8634,3148,3195,0.055335566736793858,0.070148704275231205,1.2676964999544815
8635,3196,3197,0.026160744291574469,0.032481974738425012,1.2416303747476485
8636,3197,3148,0.056239073152446951,0.06982818150696285,1.2416310865877889
8637,3197,3198,0.026162064784368937,0.031690277499430097,1.211306437799363
8638,3198,3150,0.051710346494648236,0.061811628221006512,1.1953435320222368
8639,3150,3197,0.057345802612075052,0.069463374650419824,1.2113070440449851
8640,3198,3199,0.026161001774935112,0.030814759580518512,1.1778891284676327
8641,3199,3150,0.058636060782668586,0.069066813099239802,1.177889717988257
8642,3151,3199,0.053255832487061477,0.061813553515969143,1.1606907756251255
8643,3199,3200,0.026160196213595544,0.029888610431094111,1.1425224102700307
8644,3200,3151,0.060096856705844359,0.068662041104690083,1.1425230015068786
8645,3152,3200,0.054965029734811939,0.061815816888452328,1.1246390147825476
8646,3200,3201,0.026161728876526725,0.028941694884595838,1.1062607911422628
8647,3201,3152,0.061699457970561054,0.068255691025238402,1.1062607885113926
8648,3153,3201,0.056805811685469887,0.061815133475397972,1.0881832622631005
8649,3201,3202,0.026161563214425896,0.027993571405735978,1.0700267096539509
8650,3202,3153,0.063417008910123182,0.067857916494559592,1.0700270741360605
8651,3202,3203,0.026159228849732038,0.027064220262420953,1.0345954927757048
8652,3203,3155,0.060766466639510998,0.061818348886469011,1.0173102420648903
8653,3155,3202,0.065226610278847214,0.067483094257183671,1.0345945308010007
8654,3203,3204,0.026161563061530026,0.026176872420988043,1.0005851851979184
8655,3204,3155,0.067093295877464501,0.067132495460732133,1.0005842548462551
8656,3204,3205,0.026161563061529974,0.025336663107522681,0.96846901111882366
8657,3205,3157,0.064866808718976127,0.061821482407730749,0.9530526262755008
8658,3157,3204,0.06898670444610884,0.066811445570100242,0.96846843325139742
8659,3205,3206,0.02616272443243919,0.024556224686427423,0.93859585418329494
8660,3206,3158,0.066879404365916176,0.061820491318602316,0.92435768387476791
8661,3158,3205,0.070871864880364899,0.066520028466904427,0.93859571184127044
8662,3206,3207,0.026160735576238259,0.023837894999334117,0.91120889662544602
8663,3207,3159,0.068825789010225152,0.06182259559015893,0.89824753888363285
8664,3159,3206,0.072713470276865075,0.066257199900263089,0.91120943131968568
8665,3207,3208,0.026161728876526725,0.023191493618520468,0.88646640013645039
8666,3208,3159,0.07448650442289749,0.066029822180563053,0.88646692031187846
8667,3208,3209,0.02616167788604265,0.022615719463073444,0.86445982408257582
8668,3209,3161,0.07237576821029458,0.061823610025142126,0.85420316155412446
8669,3161,3208,0.076151002295141518,0.065829531051690371,0.86446046759243167
8670,3209,3210,0.026158979300289882,0.022110509359758879,0.84523593623218551
8671,3210,3162,0.073920275243297751,0.06182419411953901,0.83636314821682867
8672,3162,3209,0.077681990780843355,0.06565958499575214,0.84523561170041517
8673,3210,3211,0.026162663429641908,0.021683779320196616,0.82880626349491682
8674,3211,3162,0.079049824121983511,0.065516964204957354,0.82880594527138596
8675,3163,3211,0.075274251702471526,0.061824071832611502,0.82131765423556635
8676,3211,3212,0.02616074429157441,0.021325261371533039,0.81516263963488478
8677,3212,3163,0.080227572177508519,0.065398544291589658,0.81516294855453553
8678,3212,3213,0.026162164393899026,0.021041895110563313,0.80428724450146216
8679,3213,3165,0.07732442275254775,0.061824657510590041,0.79954890459952366
8680,3165,3212,0.081198172229594259,0.065306685899770289,0.80428763488801769
8681,3213,3214,0.026159947208549774,0.020827436560915711,0.79615743850235088
8682,3214,3166,0.077983879273025386,0.061824060269374884,0.79278000588975339
8683,3166,3213,0.081942404799294377,0.065238994462494398,0.79615669838208347
8684,3214,3215,0.026160835725979627,0.020686709147852429,0.79075108167546082
8685,3215,3166,0.082445204976006159,0.065193574408720617,0.79075034658102616
8686,3215,3168,0.026161936506917297,0.020616967652963405,0.78805204834558851
8687,3120,3215,0.082699551909929864,0.065171494708417474,0.7880513642854724
8688,3168,3216,0.078519337846975484,0.061824428765258961,0.78737837659491161
8689,3216,3217,0.026162052782274077,0.020617100405618344,0.78805362014968949
8690,3217,3168,0.082699914474017061,0.065171940521514635,0.78805330012754216
8691,3217,3218,0.026160312573138951,0.020686316848385608,0.79075189910483079
8692,3218,3170,0.077984736367199076,0.06182476293450645,0.79278030310185643
8693,3170,3217,0.082445595124514895,0.065194047081126597,0.79075233774061737
8694,3218,3219,0.026160410048705066,0.020827799051027683,0.79615720901357412
8695,3219,3171,0.07732309814236521,0.06182358488540677,0.79954872956045875
8696,3171,3218,0.081940882547602886,0.065237806969037998,0.79615699685854158
8697,3219,3220,0.026162001104401495,0.021041774341775243,0.80428764825008647
8698,3220,3171,0.081197608669032986,0.065306216317547461,0.80428743392850488
8699,3220,3221,0.026161584619832468,0.02132597736224023,0.81516382406261123
8700,3221,3173,0.075274455649437993,0.061824291177190592,0.82131834290657113
8701,3173,3220,0.080227220577464994,0.065398248299396555,0.8151628316258317
8702,3221,3222,0.026160856520381675,0.021682290890721809,0.82880661318674109
8703,3222,3173,0.079048859611977107,0.065516137847305436,0.82880560414028726
8704,3174,3222,0.073920466908703741,0.061824328975721689,0.83636280398605278
8705,3222,3223,0.026160325340547533,0.022111639188837282,0.84523563453414174
8706,3223,3174,0.0776802173793575,0.065658140061869971,0.84523630696375684
8707,3175,3223,0.072374178077466628,0.061822232824036955,0.85420290034747937
8708,3223,3224,0.026162002021761114,0.022616026869704219,0.86446086392366261
8709,3224,3175,0.076150510613332889,0.065829107320935484,0.86446048477854498
8710,3176,3224,0.070666650245127915,0.061822080222965668,0.87484096116793042
8711,3224,3225,0.026161206353138282,0.023191057508576793,0.88646743561941321
8712,3225,3176,0.074486510464250741,0.066029815455362795,0.88646675812600084
8713,3225,3226,0.026160646358550244,0.023837827690059158,0.91120943127110832
8714,3226,3178,0.066881722076041122,0.06182265439638597,0.92435799314641975
8715,3178,3225,0.072716424520429174,0.06625987971188485,0.91120926460389429
8716,3226,3227,0.026161373622916793,0.024554942579515859,0.93859530976639027
8717,3227,3179,0.064866095130880583,0.061820792042317566,0.95305246781976782
8718,3179,3226,0.07087084627578269,0.066519094664860487,0.93859602587518076
8719,3227,3228,0.026161002310082015,0.025336072941377109,0.96846721089172527
8720,3228,3179,0.068985214145170795,0.066809968909102624,0.9684679497915214
8721,3228,3229,0.026161002310081987,0.026176245087226293,1.0005826526431838
8722,3229,3181,0.060766855668013209,0.061818713407577261,1.0173097279429868
8723,3181,3228,0.0670948146683744,0.067134003989640145,1.0005840886730135
8724,3229,3230,0.026162398547425119,0.027067469984273586,1.0345943601160201
8725,3230,3181,0.065225864169210085,0.067482408053340201,1.034595844959235
8726,3230,3231,0.026160646358550244,0.02799258835204459,1.0700266334549338
8727,3231,3183,0.056804774037299929,0.061813957825199245,1.0881824436905623
8728,3183,3230,0.06341686046420128,0.06785775763829642,1.0700270738978324
8729,3231,3232,0.026162143524090235,0.028942129258400791,1.1062598609991849
8730,3232,3183,0.061697269812218042,0.068253241220787741,1.1062603163563554
8731,3184,3232,0.054962042777359006,0.061812431257863648,1.1246385347839833
8732,3232,3233,0.026161133191386216,0.029889669663792914,1.1425219788886802
8733,3233,3184,0.060096446201082836,0.068661540106722763,1.1425224692485327
8734,3185,3233,0.053257237195116221,0.061815155150356724,1.1606902349043611
8735,3233,3234,0.026160325340547512,0.030813967564211592,1.1778893099793033
8736,3234,3185,0.058637751728727469,0.069068777357837036,1.1778892491882369
8737,3186,3234,0.05171171610356718,0.061813240772663265,1.1953430562788703
8738,3234,3235,0.026160856520381713,0.031688815399288653,1.2113064942885241
8739,3235,3186,0.057345162737038248,0.069462560921301861,1.2113063701611435
8740,3187,3235,0.050355982384760418,0.061811115441510196,1.2274830618777983
8741,3235,3236,0.026161584619832437,0.032483030591949381,1.2416308516466856
8742,3236,3187,0.056238221390754572,0.069827114621276595,1.2416309210083945
8743,3236,3237,0.026162001104401506,0.033165460640729012,1.2676958657856352
8744,3237,3189,0.048307339864652875,0.061812160474882562,1.2795604280440072
8745,3189,3236,0.055334878749309417,0.070147822758215364,1.2676963308443288
8746,3237,3238,0.026160410048705073,0.033704964290230947,1.2883958709928296
8747,3238,3190,0.047647446641312062,0.061812647258190218,1.297291914160966
8748,3190,3237,0.054645375214458163,0.070404827767273595,1.2883949920915865
8749,3238,3239,0.026160312573138958,0.034081214539185445,1.3027831545934798
8750,3239,3190,0.054180556024532839,0.070585467544154845,1.3027822658777053
8751,3191,3239,0.047245326360163847,0.061810843975814926,1.3082954175110193
8752,3239,3240,0.026162052782274074,0.034276512419238195,1.3101614274879079
8753,3240,3191,0.053946957490429999,0.070679151056723094,1.3101600969667535
8754,3240,3241,0.026162052782274074,0.034276512419288196,1.3101614274898192
8755,3241,3193,0.047245326360163847,0.061810843976141311,1.3082954175179276
8756,3193,3240,0.053946957490429999,0.070679151056993197,1.3101600969717604
8757,3241,3242,0.026160312573138958,0.034081214539323536,1.3027831545987585
8758,3242,3194,0.047647446641312062,0.06181264725902838,1.297291914178557
8759,3194,3241,0.054180556024532839,0.070585467545031907,1.302782265893893
8760,3242,3243,0.026160410048705073,0.033704964290384894,1.2883958709987144
8761,3243,3194,0.054645375214458163,0.070404827768184713,1.2883949921082596
8762,3195,3243,0.048307339864652875,0.061812160476718683,1.2795604280820163
8763,3243,3244,0.026162001104401506,0.033165460640615887,1.2676958657813113
8764,3244,3195,0.055334878749309417,0.070147822759782832,1.2676963308726557
8765,3244,3245,0.026161584619832437,0.032483030591574279,1.2416308516323478
8766,3245,3197,0.050355982384760418,0.061811115440172835,1.2274830618512402
8767,3197,3244,0.056238221390754572,0.069827114619820066,1.2416309209824952
8768,3245,3246,0.026160856520381713,0.031688815398921287,1.2113064942744816
8769,3246,3198,0.05171171610356718,0.061813240771780666,1.1953430562618026
8770,3198,3245,0.057345162737038248,0.069462560920259209,1.2113063701429614
8771,3246,3247,0.026160325340547512,0.030813967563901919,1.1778893099674659
8772,3247,3199,0.053257237195116221,0.061815155149693359,1.1606902348919053
8773,3199,3246,0.058637751728727469,0.069068777357039812,1.1778892491746411
8774,3247,3248,0.026161133191386216,0.029889669663533503,1.1425219788787644
8775,3248,3200,0.054962042777359006,0.061812431257302076,1.124638534773766
8776,3200,3247,0.060096446201082836,0.068661540106060584,1.142522469237514
8777,3248,3249,0.026162143524090235,0.028942129258173396,1.1062598609904932
8778,3249,3201,0.056804774037299929,0.061813957824673076,1.0881824436812995
8779,3201,3248,0.061697269812218042,0.068253241220188832,1.106260316346648
8780,3249,3250,0.026160646358550244,0.027992588351830685,1.0700266334467572
8781,3250,3201,0.06341686046420128,0.067857757637715607,1.0700270738886737
8782,3250,3251,0.026162398547425119,0.027067469984053932,1.0345943601076244
8783,3251,3203,0.060766855668013209,0.061818713406982348,1.0173097279331966
8784,3203,3250,0.065225864169210085,0.067482408052719572,1.0345958449497199
8785,3251,3252,0.026161002310081987,0.026176245086976802,1.000582652633647
8786,3252,3203,0.0670948146683744,0.067134003988927632,1.000584088662394
8787,3252,3253,0.026161002310082015,0.025336072941061619,0.9684672108796657
8788,3253,3205,0.064866095130880583,0.061820792041413525,0.95305246780583075
8789,3205,3252,0.068985214145170795,0.066809968908254622,0.9684679497792289
8790,3253,3254,0.026161373622916793,0.024554942579074618,0.9385953097495241
8791,3254,3205,0.07087084627578269,0.066519094663649192,0.93859602585808921
8792,3206,3254,0.066881722076041122,0.061822654395161276,0.9243579931281084
8793,3254,3255,0.026160646358550244,0.02383782768938919,0.91120943124549858
8794,3255,3206,0.072716424520429174,0.066259879710138275,0.91120926457987528
8795,3255,3256,0.026161206353138282,0.023191057507497448,0.88646743557815566
8796,3256,3208,0.070666650245127915,0.061822080220392046,0.87484096113151122
8797,3208,3255,0.074486510464250741,0.066029815453398893,0.88646675809963504
8798,3256,3257,0.026162002021761114,0.022616026867896488,0.864460863854565
8799,3257,3209,0.072374178077466628,0.061822232820121864,0.8542029002933843
8800,3209,3256,0.076150510613332889,0.065829107318182187,0.86446048474238901
8801,3257,3258,0.026160325340547533,0.022111639185735967,0.84523563441559146
8802,3258,3210,0.073920466908703741,0.061824328969635869,0.83636280390372353
8803,3210,3257,0.0776802173793575,0.065658140057955783,0.84523630691336826
8804,3258,3259,0.026160856520381675,0.021682290890666658,0.828806613184633
8805,3259,3211,0.075274455649437993,0.06182429118281868,0.82131834298133866
8806,3211,3258,0.079048859611977107,0.065516137841703639,0.82880560406942227
8807,3259,3260,0.026161584619832468,0.021325977365138065,0.81516382417337807
8808,3260,3211,0.080227220577464994,0.065398248302857689,0.8151628316689733
8809,3260,3261,0.026162001104401495,0.021041774343380937,0.80428764831146149
8810,3261,3213,0.07732309814236521,0.061823584887542388,0.7995487295880781
8811,3213,3260,0.081197608669032986,0.065306216321205091,0.80428743397355085
8812,3261,3262,0.026160410048705066,0.020827799051905075,0.79615720904711296
8813,3262,3213,0.081940882547602886,0.065237806970461693,0.79615699687591623
8814,3214,3262,0.077984736367199076,0.061824762935734356,0.79278030311760195
8815,3262,3263,0.026160312573138951,0.020686316848822529,0.79075189912153243
8816,3263,3214,0.082445595124514895,0.06519404708188134,0.79075233774977183
8817,3263,3216,0.026162052782274077,0.020617100405750675,0.78805362015474767
8818,3168,3263,0.082699914474017061,0.065171940521932939,0.78805330013260022
8819,3264,3265,0.026161912043923055,0.020616882982168124,0.78804954880799927
8820,3265,3217,0.078384663811516597,0.061824068717309916,0.78872659154310831
8821,3217,3264,0.082697879214246817,0.065170235526136655,0.78805207757866447
8822,3265,3266,0.026160825634572692,0.020686636691820793,0.79074861706514665
8823,3266,3218,0.077984727775787285,0.061824663611812533,0.79277911682353619
8824,3218,3265,0.082445046883219644,0.065193368195820278,0.79074936167074139
8825,3266,3267,0.026160819365666409,0.020828110939703971,0.79615667416896307
8826,3267,3219,0.077324081307811182,0.061824404132790674,0.79954915838806417
8827,3219,3266,0.081942184229783249,0.065238799264979372,0.79615645931570422
8828,3267,3268,0.026161189381464767,0.021041109855446192,0.80428720379027729
8829,3268,3219,0.081198900788388276,0.065307219241927617,0.80428698674288923
8830,3268,3269,0.026161019434775865,0.021325468043741663,0.81516196633353288
8831,3269,3221,0.075272797488256576,0.061822914522044921,0.82131814659459157
8832,3221,3268,0.080227828721916805,0.065398769868242362,0.81516315361002145
8833,3269,3270,0.026162900636462125,0.02168397163086459,0.82880609960520046
8834,3270,3222,0.073918223142317732,0.061822454924625105,0.83636283850595061
8835,3222,3269,0.079047578775503877,0.065515060623407465,0.82880540603869812
8836,3270,3271,0.026159468304863154,0.022110934383416284,0.84523638346677599
8837,3271,3223,0.072375601027335104,0.061823478471188215,0.85420331705208885
8838,3223,3270,0.077680226261913426,0.065658150279692087,0.84523634184989804
8839,3271,3272,0.026161182883298675,0.022615303273630909,0.86446027209528586
8840,3272,3223,0.076151130329918784,0.065829623604113874,0.86446022953188228
8841,3272,3273,0.026160858966780762,0.02319070893312471,0.88646588258330627
8842,3273,3225,0.068824409864347832,0.061821307490268262,0.89824682277868262
8843,3225,3272,0.074484168208314369,0.066027741130828016,0.88646678507792753
8844,3273,3274,0.026161555875425208,0.023838625556605923,0.91120825038539377
8845,3274,3225,0.072713330330388792,0.066257053965068882,0.91120917806976498
8846,3226,3274,0.066879077688076716,0.061820204164400407,0.92435790536360507
8847,3274,3275,0.026161250693494599,0.024554815315449806,0.93859485554166344
8848,3275,3226,0.070869112201497886,0.066517402612582752,0.93859511635277471
8849,3227,3275,0.064863297527136349,0.06181806587589584,0.95305154428871741
8850,3275,3276,0.026161471935459618,0.025336526029778362,0.96846714482593343
8851,3276,3227,0.06898380687492929,0.066808564250433605,0.96846734439519266
8852,3228,3276,0.062814235979076843,0.061817509714229536,0.98413215970374435
8853,3276,3277,0.026161471935459528,0.026176730566345788,1.0005832481797623
8854,3277,3228,0.067092247778115732,0.067131369955430939,1.0005831102491094
8855,3229,3277,0.060765174434831017,0.061816942624779533,1.0173087331638702
8856,3277,3278,0.026161250693494599,0.027066291093703811,1.0345946916228383
8857,3278,3229,0.065225699510650811,0.067482131608864362,1.0345942184620818
8858,3230,3278,0.058751057208192986,0.061816336827692803,1.0521740333733494
8859,3278,3279,0.02616155587542527,0.027993572766041672,1.0700270618207879
8860,3279,3230,0.063417255278496384,0.067858188625353033,1.0700272083260987
8861,3231,3279,0.056805725039474689,0.061815000454931456,1.0881825803997007
8862,3279,3280,0.026160858966780762,0.02894072676991136,1.1062605706739406
8863,3280,3231,0.061698998224844738,0.068255132316198425,1.106259976336434
8864,3280,3281,0.026161182883298651,0.02988974287740559,1.142522607281923
8865,3281,3233,0.053254533873703318,0.061812048174218391,1.1606908121815467
8866,3233,3280,0.060095524210811817,0.068660464402141436,1.1425220980065716
8867,3281,3282,0.026160352175020586,0.030814015063553829,1.1778899174368467
8868,3282,3233,0.058634662754757885,0.069065147285583883,1.1778893923966438
8869,3282,3283,0.026162125559223287,0.031690363885296148,1.2113069258672644
8870,3283,3235,0.050357337436779871,0.061812792990170992,1.2274833447612803
8871,3235,3282,0.057344156855926552,0.06946135446931935,1.2113065790440771
8872,3283,3284,0.026161019434775817,0.032482348597493715,1.241631606844608
8873,3284,3235,0.056238034720536123,0.069826901422894896,1.2416312513388132
8874,3236,3284,0.049214099514754674,0.061810063491628202,1.2559421812258738
8875,3284,3285,0.026161189381464861,0.033164446821037384,1.2676964467270864
8876,3285,3236,0.055333224472155607,0.070145709468769774,1.267696038644341
8877,3237,3285,0.048306053626772941,0.06181050040866256,1.2795601331093827
8878,3285,3286,0.026160819365666405,0.03370548538036755,1.2883956312393947
8879,3286,3237,0.054643263232428574,0.070402132025529446,1.2883954555581634
8880,3286,3287,0.026160825634572685,0.034081840699169572,1.3027815396670401
8881,3287,3239,0.047245471178273463,0.061811039522008164,1.3082955462286276
8882,3239,3286,0.054179242476701965,0.07058378166800526,1.3027827345197294
8883,3287,3288,0.026161912043923055,0.034276233140824841,1.3101578005185059
8884,3288,3239,0.053947770503864262,0.070680157170824709,1.3101590021363703
8885,3288,3289,0.026161912043923055,0.034276233140829226,1.3101578005186736
8886,3289,3241,0.047245471178273463,0.061811039522106238,1.3082955462307035
8887,3241,3288,0.053947770503864262,0.070680157170927807,1.3101590021382814
8888,3289,3290,0.026160825634572685,0.034081840699174179,1.3027815396672162
8889,3290,3241,0.054179242476701965,0.070583781668108733,1.3027827345216392
8890,3290,3291,0.026160819365666405,0.033705485380345915,1.2883956312385678
8891,3291,3243,0.048306053626772941,0.061810500408744487,1.2795601331110786
8892,3243,3290,0.054643263232428574,0.070402132025668931,1.288395455560716
8893,3291,3292,0.026161189381464861,0.033164446820952077,1.2676964467238254
8894,3292,3244,0.049214099514754674,0.061810063491176459,1.2559421812166947
8895,3244,3291,0.055333224472155607,0.070145709468346501,1.2676960386366916
8896,3292,3293,0.026161019434775817,0.032482348597352523,1.241631606839211
8897,3293,3245,0.050357337436779871,0.061812792989640292,1.2274833447507416
8898,3245,3292,0.056238034720536123,0.069826901422330293,1.2416312513287737
8899,3293,3294,0.026162125559223287,0.031690363885143055,1.2113069258614129
8900,3294,3245,0.057344156855926552,0.069461354468724076,1.2113065790336963
8901,3294,3295,0.026160352175020586,0.03081401506341273,1.177889917431453
8902,3295,3247,0.053254533873703318,0.061812048173798637,1.1606908121736645
8903,3247,3294,0.058634662754757885,0.069065147285098591,1.1778893923883673
8904,3295,3296,0.026161182883298651,0.029889742877285498,1.1425226072773325
8905,3296,3247,0.060095524210811817,0.068660464401697541,1.142522097999185
8906,3296,3297,0.026160858966780762,0.02894072676981628,1.1062605706703061
8907,3297,3249,0.056805725039474689,0.061815000454607763,1.0881825803940024
8908,3249,3296,0.061698998224844738,0.068255132315813247,1.1062599763301912
8909,3297,3298,0.02616155587542527,0.027993572765976745,1.0700270618183061
8910,3298,3250,0.058751057208192986,0.061816336827400745,1.0521740333683782
8911,3250,3297,0.063417255278496384,0.0678581886249945,1.0700272083204452
8912,3298,3299,0.026161250693494599,0.027066291093679362,1.0345946916219038
8913,3299,3251,0.060765174434831017,0.061816942624514093,1.0173087331595019
8914,3251,3298,0.065225699510650811,0.067482131608516779,1.0345942184567527
8915,3299,3300,0.026161471935459528,0.026176730566381343,1.0005832481811214
8916,3300,3252,0.062814235979076843,0.061817509713989735,0.98413215969992673
8917,3252,3299,0.067092247778115732,0.067131369955076237,1.0005831102438225
8918,3300,3301,0.026161471935459618,0.02533652602990864,0.96846714483091312
8919,3301,3253,0.064863297527136349,0.061818065875683732,0.95305154428544725
8920,3253,3300,0.06898380687492929,0.06680856425004543,0.96846734438956561
8921,3301,3302,0.026161250693494599,0.024554815315734963,0.93859485555256339
8922,3302,3254,0.066879077688076716,0.061820204164219579,0.92435790536090123
8923,3254,3301,0.070869112201497886,0.066517402612115972,0.9385951163461882
8924,3302,3303,0.026161555875425208,0.023838625557149815,0.91120825040618358
8925,3303,3255,0.068824409864347832,0.061821307490122074,0.89824682277655854
8926,3255,3302,0.072713330330388792,0.06625705396444112,0.91120917806113155
8927,3303,3304,0.026160858966780762,0.02319070893410758,0.88646588262087656
8928,3304,3255,0.074484168208314369,0.066027741131494372,0.88646678508687382
8929,3304,3305,0.026161182883298675,0.022615303275369061,0.86446027216172605
8930,3305,3257,0.072375601027335104,0.061823478471109097,0.85420331705099573
8931,3257,3304,0.076151130329918784,0.065829623602580198,0.8644602295117424
8932,3305,3306,0.026159468304863154,0.022110934386470719,0.84523638358353803
8933,3306,3257,0.077680226261913426,0.065658150282186217,0.84523634188200569
8934,3306,3307,0.026162900636462125,0.021683971630890267,0.8288060996061819
8935,3307,3259,0.075272797488256576,0.061822914522012558,0.82131814659416169
8936,3259,3306,0.07904701731506239,0.065514745539364649,0.82880730689987503
8937,3307,3308,0.026161019434775865,0.021325468040825944,0.81516196622208004
8938,3308,3259,0.080227828721916805,0.065398769870713871,0.81516315364082759
8939,3308,3309,0.026161189381464767,0.021041109853829957,0.80428720372849738
8940,3309,3261,0.077324081307811182,0.061824404132779252,0.7995491583879164
8941,3261,3308,0.081198900788388276,0.065307219240505102,0.80428698672537036
8942,3309,3310,0.026160819365666409,0.020828110938820654,0.79615667413519819
8943,3310,3261,0.081942184229783249,0.065238799265802769,0.79615645932575274
8944,3262,3310,0.077984727775787285,0.061824663611806406,0.79277911682345759
8945,3310,3311,0.026160825634572692,0.020686636691380936,0.7907486170483331
8946,3311,3262,0.082445046883219644,0.065193368196357571,0.79074936167725829
8947,3263,3311,0.078384663811516597,0.061824068717307286,0.78872659154307478
8948,3311,3264,0.026161912043923055,0.020616882982034918,0.78804954880290767
8949,3264,3263,0.082697879214246817,0.065170235526554959,0.78805207758372264
8950,3264,3312,0.078521117130949086,0.061825671731842162,0.7873763643573225
8951,3312,3313,0.026161970755070822,0.020616979716844001,0.78805147784395913
8952,3313,3264,0.082699849032671413,0.065171676127294464,0.78805072668932841
8953,3313,3314,0.026160741921614872,0.020686618485755356,0.79075045148713408
8954,3314,3266,0.077984174615097712,0.061824217876778963,0.79277902448697346
8955,3266,3313,0.08244381065849532,0.065192426705409492,0.79074979898071729
8956,3314,3315,0.026160420446077307,0.020827804510571719,0.79615710127834727
8957,3315,3266,0.08194080912889988,0.065237703239990757,0.7961564443105057
8958,3267,3315,0.077323552441829674,0.061823980113240751,0.79954914331892324
8959,3315,3316,0.026161483708476475,0.021041342543415643,0.80428704953756602
8960,3316,3267,0.081198000895774364,0.065306519423461468,0.80428728174341169
8961,3268,3316,0.076414906057880982,0.061823723237618367,0.80905318643969248
8962,3316,3317,0.026161206811832056,0.021325631822145887,0.81516238817013753
8963,3317,3268,0.080226890614479851,0.06539793741026409,0.81516230916296617
8964,3317,3318,0.026162464749119395,0.021683616187434019,0.82880632216289452
8965,3318,3270,0.073921376392700563,0.061825134523188843,0.8363634112377516
8966,3270,3317,0.079049206181142154,0.06551649180587911,0.82880644817289273
8967,3318,3319,0.02616007358444945,0.022111453261001196,0.845236661495673
8968,3319,3271,0.072376149026764494,0.061823979353869858,0.85420376996028802
8969,3271,3318,0.077681764602316877,0.065659443791053748,0.84523625495880461
8970,3319,3320,0.026161194044853682,0.022615340242559529,0.86446131639806867
8971,3320,3272,0.070667253637978322,0.061822609555413466,0.87484098182341807
8972,3272,3319,0.076151911324266769,0.065830333646631461,0.86446068787841168
8973,3320,3321,0.026161875425835771,0.023191662515419202,0.88646789031479833
8974,3321,3273,0.068824349072031235,0.06182128501367784,0.89824728961803879
8975,3273,3320,0.074484267880280203,0.066027810271580736,0.88646652710218388
8976,3321,3322,0.026160798647684991,0.02383799427905077,0.91121049475912042
8977,3322,3273,0.072715229019140945,0.066258777917977449,0.91120909349726509
8978,3322,3323,0.026160633514847754,0.024554267863496772,0.93859607220753005
8979,3323,3275,0.064865568752881644,0.061820240666957599,0.95305170147315244
8980,3275,3322,0.0708708946735888,0.066519118696223095,0.9385957239934849
8981,3323,3324,0.026162375613773763,0.025337432500923348,0.96846834075663579
8982,3324,3276,0.062816198971690176,0.061819503484471648,0.98413314553356346
8983,3276,3323,0.068985053676064889,0.066809782755388861,0.96846750412211735
8984,3324,3325,0.026160858049381064,0.026176151291756121,1.0005845848919095
8985,3325,3277,0.060765590987141502,0.06181742383999405,1.0173096786481535
8986,3277,3324,0.06709264570604502,0.067131835362968642,1.0005841125582575
8987,3325,3326,0.026160633514847754,0.027065668553673972,1.0345953028359407
8988,3326,3278,0.058750591921831082,0.06181584614041942,1.0521740142238349
8989,3278,3325,0.065226240398659943,0.067482753926721928,1.0345951800114535
8990,3326,3327,0.026160798647684919,0.027992757036768547,1.0700268525344026
8991,3327,3279,0.056806810692629564,0.061816195625207675,1.0881828230013282
8992,3279,3326,0.063418034492595296,0.067859021170609199,1.0700271888516575
8993,3327,3328,0.026161875425835833,0.028941846788239644,1.1062604005696963
8994,3328,3280,0.054963906101560739,0.061814523107092456,1.1246384671583083
8995,3280,3327,0.061698342393256195,0.068254422012736446,1.106260222968273
8996,3328,3329,0.02616119404485372,0.029889765674980681,1.1425229912569845
8997,3329,3281,0.053255010712855037,0.061812640040038003,1.1606915332967396
8998,3281,3328,0.060096413620163325,0.068661522200670289,1.1425227907049886
8999,3329,3330,0.026160073584449384,0.030813709624200582,1.1778907855411198
9000,3330,3282,0.05171135397989754,0.06181285760072304,1.1953440171911258
9001,3282,3329,0.0586371466556007,0.069068115956722534,1.1778901241969884
9002,3330,3331,0.026161461997194466,0.031689600209084859,1.2113084586971181
9003,3331,3283,0.050355738917947437,0.061810892045640491,1.2274845603270512
9004,3283,3330,0.057344177084630708,0.069461437860919489,1.211307605973762
9005,3331,3332,0.026161206811832032,0.032482607026168175,1.2416325920972857
9006,3332,3283,0.056236561856911914,0.069825098914311545,1.241631718026686
9007,3332,3333,0.026162156367051461,0.033165670232220654,1.2676963537298247
9008,3333,3285,0.048307607317676492,0.061812486808616701,1.2795600991398837
9009,3285,3332,0.055333576519372693,0.070146184619559585,1.2676965602431445
9010,3333,3334,0.026160420446077335,0.033704945731138664,1.2883946494901461
9011,3334,3286,0.047646985125033743,0.061812013810299236,1.2972911853309095
9012,3286,3333,0.054645553783437106,0.070405081291939897,1.2883954213541058
9013,3334,3335,0.026160741921614866,0.034081711515085975,1.3027807704079883
9014,3335,3287,0.047246860622189017,0.061812801165889671,1.3082943575908175
9015,3287,3334,0.054180056655672049,0.070584735342536245,1.3027807591845109
9016,3335,3336,0.026161970755070818,0.034276314492958454,1.3101579698966248
9017,3336,3287,0.05394668911545332,0.070678684085248647,1.3101579586095926
9018,3336,3337,0.026161970755070818,0.034276314492944937,1.3101579698961083
9019,3337,3289,0.047246860622189017,0.061812801165873191,1.3082943575904686
9020,3289,3336,0.05394668911545332,0.070678684085257695,1.3101579586097603
9021,3337,3338,0.026160741921614866,0.034081711515045458,1.3027807704064398
9022,3338,3289,0.054180056655672049,0.070584735342489185,1.3027807591836424
9023,3290,3338,0.047646985125033743,0.061812013810250567,1.2972911853298881
9024,3338,3339,0.026160420446077335,0.033704945731074201,1.2883946494876821
9025,3339,3290,0.054645553783437106,0.070405081291861668,1.2883954213526743
9026,3291,3339,0.048307607317676492,0.061812486808507462,1.2795600991376224
9027,3339,3340,0.026162156367051461,0.033165670232146179,1.2676963537269781
9028,3340,3291,0.055333576519372693,0.070146184619434976,1.2676965602408925
9029,3340,3341,0.026161206811832032,0.032482607026113171,1.2416325920951832
9030,3341,3293,0.050355738917947437,0.061810892045455715,1.2274845603233817
9031,3293,3340,0.056236561856911914,0.069825098914063619,1.2416317180222776
9032,3341,3342,0.026161461997194466,0.03168960020905881,1.2113084586961225
9033,3342,3293,0.057344177084630708,0.069461437860733374,1.2113076059705166
9034,3294,3342,0.05171135397989754,0.061812857600558414,1.1953440171879424
9035,3342,3343,0.026160073584449384,0.030813709624188657,1.177890785540664
9036,3343,3294,0.0586371466556007,0.069068115956547188,1.1778901241939981
9037,3295,3343,0.053255010712855037,0.061812640039895658,1.1606915332940666
9038,3343,3344,0.02616119404485372,0.029889765674975526,1.1425229912567874
9039,3344,3295,0.060096413620163325,0.068661522200518327,1.14252279070246
9040,3296,3344,0.054963906101560739,0.061814523106975786,1.1246384671561855
9041,3344,3345,0.026161875425835833,0.028941846788242093,1.10626040056979
9042,3345,3296,0.061698342393256195,0.06825442201261904,1.1062602229663701
9043,3297,3345,0.056806810692629564,0.061816195625126504,1.0881828229998993
9044,3345,3346,0.026160798647684919,0.027992757036785044,1.0700268525350332
9045,3346,3297,0.063418034492595296,0.06785902117054296,1.070027188850613
9046,3298,3346,0.058750591921831082,0.061815846140393642,1.0521740142233962
9047,3346,3347,0.026160633514847754,0.027065668553715352,1.0345953028375225
9048,3347,3298,0.065226240398659943,0.067482753926734432,1.0345951800116453
9049,3299,3347,0.060765590987141502,0.061817423840058491,1.017309678649214
9050,3347,3348,0.026160858049381064,0.026176151291837695,1.0005845848950277
9051,3348,3299,0.06709264570604502,0.067131835363104742,1.0005841125602861
9052,3300,3348,0.062816198971690176,0.061819503484683826,0.9841331455369412
9053,3348,3349,0.026162375613773763,0.025337432501065203,0.9684683407620579
9054,3349,3300,0.068985053676064889,0.066809782755718208,0.96846750412689153
9055,3301,3349,0.064865568752881644,0.061820240667409411,0.95305170148011775
9056,3349,3350,0.026160633514847754,0.024554267863722716,0.93859607221616681
9057,3350,3301,0.0708708946735888,0.06651911869684933,0.93859572400232127
9058,3350,3351,0.026160798647684991,0.023837994279383306,0.91121049477183169
9059,3351,3303,0.068824349072031235,0.061821285015115725,0.89824728963893086
9060,3303,3350,0.072715229019140945,0.066258777919343453,0.91120909351605084
9061,3351,3352,0.026161875425835771,0.023191662515864814,0.88646789033183127
9062,3352,3303,0.074484267880280203,0.066027810273289606,0.88646652712512664
9063,3304,3352,0.070667253637978322,0.061822609557783612,0.87484098185695758
9064,3352,3353,0.026161194044853682,0.022615340243072952,0.86446131641769408
9065,3353,3304,0.076151911324266769,0.065830333649212258,0.8644606879123018
9066,3305,3353,0.072376149026764494,0.061823979357654837,0.85420377001258396
9067,3353,3354,0.02616007358444945,0.022111453261463042,0.84523666151332755
9068,3354,3305,0.077681764602316877,0.065659443794897479,0.84523625500828503
9069,3306,3354,0.073921376392700563,0.061825134529235756,0.8363634113195535
9070,3354,3355,0.026162464749119395,0.021683616187550096,0.8288063221673313
9071,3355,3306,0.079049206181142154,0.065516491811445005,0.8288064482433033
9072,3355,3356,0.026161206811832056,0.021325631821911047,0.81516238816116082
9073,3356,3308,0.076414906057880982,0.061823723234127326,0.80905318639400714
9074,3308,3355,0.080226890614479851,0.065397937406800957,0.81516230911979937
9075,3356,3357,0.026161483708476475,0.021041342543117864,0.80428704952618357
9076,3357,3309,0.077323552441829674,0.061823980111107964,0.79954914329134064
9077,3309,3356,0.081198000895774364,0.065306519421184192,0.80428728171536568
9078,3357,3358,0.026160420446077307,0.020827804510324094,0.79615710126888173
9079,3358,3310,0.077984174615097712,0.061824217875554768,0.79277902447127546
9080,3310,3357,0.08194080912889988,0.065237703238575653,0.79615644429323595
9081,3358,3359,0.026160741921614872,0.020686618485598638,0.79075045148114353
9082,3359,3310,0.08244381065849532,0.065192426704276565,0.7907497989669755
9083,3359,3312,0.026161970755070822,0.020616979716790888,0.78805147784192897
9084,3264,3359,0.082699849032671413,0.065171676127126557,0.78805072668729814
9085,3312,3360,0.078518228228857331,0.061823437675747342,0.78737688139816875
9086,3360,3361,0.026162002403994248,0.02061699770513345,0.78805121208863504
9087,3361,3312,0.082698315281641552,0.065170526919579322,0.78805144575958153
9088,3361,3362,0.026160689247296809,0.020686571400858198,0.79075024382225512
9089,3362,3314,0.077984648350062705,0.061824630740857527,0.79277950274693798
9090,3314,3361,0.082444044829409341,0.06519266301705573,0.79075041929287149
9091,3362,3363,0.02616028956120724,0.020827685215046746,0.79615652442669649
9092,3363,3314,0.081941893122029222,0.065238587309676757,0.796156701096988
9093,3315,3363,0.077325134037021723,0.061825195750844185,0.79954851059480248
9094,3363,3364,0.026161966244713928,0.021041725292063555,0.80428684508050208
9095,3364,3315,0.081199494611064627,0.065307718169214116,0.80428724934840889
9096,3364,3365,0.026160693757873891,0.021325213479504949,0.81516238356968074
9097,3365,3317,0.07527435529675916,0.061824140226379477,0.82131743251265332
9098,3317,3364,0.080229288873005927,0.065399914966355457,0.8151625906827652
9099,3365,3366,0.026162764412892031,0.021683861946773828,0.82880622263635229
9100,3366,3317,0.079048995476986253,0.065516315990589227,0.82880643321600678
9101,3366,3367,0.026160224883044855,0.022111589202403952,0.84523696953136929
9102,3367,3319,0.07237437074231047,0.061822504318314181,0.85420437765785495
9103,3319,3366,0.077679929326525163,0.065657932926784415,0.84523677475031345
9104,3367,3368,0.026160780070292908,0.022614983768645503,0.8644613695723139
9105,3368,3319,0.076151421381713075,0.065829946852295568,0.8644611703610815
9106,3368,3369,0.026161664354817898,0.023191463302373906,0.88646742760091246
9107,3369,3321,0.068824819252127162,0.061821780595786642,0.89824835382878132
9108,3321,3368,0.074486940795290099,0.066030270108038525,0.88646774056015065
9109,3369,3370,0.026160733512079083,0.023837917817171723,0.91120984073956279
9110,3370,3321,0.072715435082652283,0.066259043413114144,0.91121016243388409
9111,3322,3370,0.06688019123907904,0.061821308161309048,0.92435902194588804
9112,3370,3371,0.026162171579836711,0.024555720411604264,0.93859641340053956
9113,3371,3322,0.070870627060115848,0.066518940634023735,0.93859675571374857
9114,3323,3371,0.064866153682152428,0.061820866089259227,0.95305274908367055
9115,3371,3372,0.026161025244937363,0.025336140691109555,0.96846895157568647
9116,3372,3323,0.068984992677412607,0.066809774880408734,0.96846824631589623
9117,3324,3372,0.062814017334333297,0.061817403837124113,0.98413389973284759
9118,3372,3373,0.026161025244937283,0.026176316142850774,1.0005844915392392
9119,3373,3324,0.06709253132697264,0.067131752890270346,1.0005845891118128
9120,3373,3374,0.026160784580854208,0.027065826480452689,1.0345953653187006
9121,3374,3326,0.058750669674066773,0.061815938760501371,1.0521741982421631
9122,3326,3373,0.06522697776529239,0.067483525098763431,1.0345953071992822
9123,3374,3375,0.026160733512079308,0.027992687966023944,1.0700268764673115
9124,3375,3327,0.056806041661115227,0.061815337259374513,1.0881824441868873
9125,3327,3374,0.063416455776209524,0.067857314385056391,1.0700269126442232
9126,3375,3376,0.02616166435481786,0.028941608654430948,1.1062602234288332
9127,3376,3327,0.061697185011132791,0.068253143982940079,1.1062602608307708
9128,3328,3376,0.054961911887075575,0.061812282452337414,1.1246385056498138
9129,3376,3377,0.02616078007029278,0.029889267021052043,1.1425220096931741
9130,3377,3328,0.060095490930505716,0.068660429744363469,1.142522154012557
9131,3377,3378,0.026161288229840953,0.030815102013200337,1.1778893203757068
9132,3378,3330,0.051710917826939963,0.06181233936190729,1.1953440774107622
9133,3330,3377,0.058638005659755361,0.069069115935032233,1.1778899223790618
9134,3378,3379,0.026161832003903887,0.031690013925064743,1.2113071408889078
9135,3379,3330,0.057346281075040924,0.069463995271713042,1.2113077599716604
9136,3331,3379,0.050357863235439358,0.061813507471135891,1.2274847163815843
9137,3379,3380,0.026160693757873933,0.032481927804069159,1.2416309790826032
9138,3380,3331,0.056238120320768477,0.069827032674337167,1.2416316952995736
9139,3332,3380,0.049215752466001489,0.061812125825400771,1.2559419033184736
9140,3380,3381,0.026161966244713859,0.03316540844707639,1.2676955599152495
9141,3381,3332,0.055334730416135111,0.070147642723390968,1.267696475538201
9142,3333,3381,0.048305726876239428,0.061810076540759373,1.2795600136422427
9143,3381,3382,0.02616028956120723,0.033704784521832912,1.2883949332049183
9144,3382,3333,0.054643478152949655,0.070402373620243486,1.2883948094077018
9145,3334,3382,0.047646212563223468,0.061810982214429329,1.2972905691593035
9146,3382,3383,0.026160689247296816,0.034081668097375242,1.3027817338909333
9147,3383,3334,0.054180984626113912,0.070585988333883604,1.3027815721876506
9148,3383,3384,0.026162002403994255,0.034276411196747555,1.3101600813061023
9149,3384,3336,0.047112632683630737,0.061812976983623473,1.3120255324873908
9150,3336,3383,0.053947949342931921,0.07068037929052487,1.3101587762164897
9151,3384,3385,0.026162002403994255,0.034276411196716997,1.3101600813049341
9152,3385,3336,0.053947949342931921,0.070680379290461837,1.3101587762153213
9153,3385,3386,0.026160689247296816,0.034081668097282289,1.3027817338873802
9154,3386,3338,0.047646212563223468,0.061810982214266764,1.2972905691558916
9155,3338,3385,0.054180984626113912,0.070585988333764574,1.3027815721854537
9156,3386,3387,0.02616028956120723,0.03370478452168181,1.2883949331991424
9157,3387,3339,0.048305726876239428,0.061810076540526615,1.2795600136374243
9158,3339,3386,0.054643478152949655,0.070402373620035541,1.2883948094038962
9159,3387,3388,0.026161966244713859,0.033165408446910197,1.267695559908897
9160,3388,3340,0.049215752466001489,0.061812125825184971,1.2559419033140888
9161,3340,3387,0.055334730416135111,0.070147642723126194,1.2676964755334159
9162,3388,3389,0.026160693757873933,0.032481927804063129,1.2416309790823727
9163,3389,3341,0.050357863235439358,0.06181350747123554,1.2274847163835632
9164,3341,3388,0.056238120320768477,0.069827032674132566,1.2416316952959356
9165,3389,3390,0.026161832003903887,0.031690013925216018,1.21130714089469
9166,3390,3342,0.051710917826939963,0.061812339362051882,1.1953440774135584
9167,3342,3389,0.057346281075040924,0.069463995271846574,1.211307759973989
9168,3390,3391,0.026161288229840953,0.03081510201334324,1.1778893203811691
9169,3391,3342,0.058638005659755361,0.069069115935155592,1.1778899223811656
9170,3391,3392,0.02616078007029278,0.029889267021154957,1.142522009697108
9171,3392,3344,0.054961911887075575,0.061812282452421465,1.124638505651343
9172,3344,3391,0.060095490930505716,0.068660429744500831,1.1425221540148427
9173,3392,3393,0.02616166435481786,0.028941608654496232,1.1062602234313286
9174,3393,3345,0.056806041661115227,0.061815337259435131,1.0881824441879544
9175,3345,3392,0.061697185011132791,0.068253143983044315,1.1062602608324601
9176,3393,3394,0.026160733512079308,0.027992687966058721,1.0700268764686409
9177,3394,3345,0.063416455776209524,0.067857314385091252,1.070026912644773
9178,3346,3394,0.058750669674066773,0.061815938760553968,1.0521741982430584
9179,3394,3395,0.026160784580854208,0.027065826480461855,1.0345953653190509
9180,3395,3346,0.06522697776529239,0.06748352509879138,1.0345953071997107
9181,3395,3396,0.026161025244937283,0.026176316142837285,1.0005844915387236
9182,3396,3348,0.062814017334333297,0.061817403837222062,0.9841338997344069
9183,3348,3395,0.06709253132697264,0.067131752890404725,1.0005845891138156
9184,3396,3397,0.026161025244937363,0.025336140691078632,0.96846895157450452
9185,3397,3349,0.064866153682152428,0.061820866089431936,0.95305274908633308
9186,3349,3396,0.068984992677412607,0.066809774880614639,0.96846824631888107
9187,3397,3398,0.026162171579836711,0.024555720411573053,0.93859641339934652
9188,3398,3350,0.06688019123907904,0.061821308161626627,0.92435902195063646
9189,3350,3397,0.070870627060115848,0.066518940634349655,0.93859675571834733
9190,3398,3399,0.026160733512079083,0.023837917817189681,0.91120984074024924
9191,3399,3351,0.068824819252127162,0.061821780596378037,0.89824835383737411
9192,3351,3398,0.072715435082652283,0.066259043413629592,0.91121016244097275
9193,3399,3400,0.026161664354817898,0.023191463302564524,0.88646742760819852
9194,3400,3351,0.074486940795290099,0.066030270109045178,0.88646774057366517
9195,3400,3401,0.026160780070292908,0.022614983768981037,0.86446136958513975
9196,3401,3353,0.07237437074231047,0.061822504319530361,0.85420437767465895
9197,3353,3400,0.076151421381713075,0.06582994685352879,0.86446117037727577
9198,3401,3402,0.026160224883044855,0.022111589202706956,0.84523696954295191
9199,3402,3354,0.073918474446241264,0.06182270632660037,0.83636339615696764
9200,3354,3401,0.07767973702466098,0.065657776720241007,0.84523685629106382
9201,3402,3403,0.026162764412892031,0.021683861946974109,0.8288062226440075
9202,3403,3355,0.07527435529675916,0.061824140226359153,0.82131743251238332
9203,3355,3402,0.079048995476986253,0.065516315990724577,0.82880643321771896
9204,3403,3404,0.026160693757873891,0.021325213479610236,0.81516238357370541
9205,3404,3355,0.080229288873005927,0.065399914966209394,0.81516259068094465
9206,3404,3405,0.026161966244713928,0.021041725292103602,0.80428684508203285
9207,3405,3357,0.077325134037021723,0.061825195750442173,0.79954851058960352
9208,3357,3404,0.081199494611064627,0.065307718168863174,0.80428724934408691
9209,3405,3406,0.02616028956120724,0.020827685215052846,0.79615652442692963
9210,3406,3358,0.077984648350062705,0.061824630740542612,0.79277950274289977
9211,3358,3405,0.081941893122029222,0.065238587309375859,0.79615670109331593
9212,3406,3407,0.026160689247296809,0.02068657140085314,0.79075024382206172
9213,3407,3358,0.082444044829409341,0.065192663016720012,0.79075041928879941
9214,3407,3360,0.026162002403994248,0.020616997705130355,0.78805121208851669
9215,3312,3407,0.082698315281641552,0.065170526919569524,0.78805144575946307
9216,3360,3408,0.078521054472717899,0.061825694058616022,0.78737727700915339
9217,3408,3409,0.02616198527994382,0.020617015072520579,0.78805239173977748
9218,3409,3360,0.082699561583485362,0.065171535232291189,0.78805176211847749
9219,3409,3410,0.026160698650702446,0.020686615649990012,0.79075165102421874
9220,3410,3362,0.077984648350062705,0.061824683892192388,0.79278018430845021
9221,3362,3409,0.082443815607312523,0.065192512794987778,0.79075079573591922
9222,3410,3411,0.026160909347262597,0.020828255145118942,0.7961594480009293
9223,3411,3363,0.077323776460868937,0.061824239382265771,0.7995501799314344
9224,3363,3410,0.081941893122029222,0.065238643396028709,0.79615738556191573
9225,3411,3412,0.026161483708476513,0.021041427574977595,0.80429029979519162
9226,3412,3363,0.081198312700396097,0.065306846087829579,0.80428821629332947
9227,3412,3413,0.026160485200207185,0.021325101619408465,0.81516460632158205
9228,3413,3365,0.075274355296759243,0.061824187695048494,0.82131806312142785
9229,3365,3412,0.080228645914217911,0.065399485732108978,0.81516377332399992
9230,3413,3414,0.026162318432448678,0.021683521712190013,0.82880734626700014
9231,3414,3365,0.079050426726034281,0.06551750744520661,0.82880649932822226
9232,3414,3415,0.02616007358444945,0.022111466968435741,0.84523718547870008
9233,3415,3367,0.072377196987090553,0.061824927911869075,0.85420450757296362
9234,3367,3414,0.077682426426892673,0.065660080619117878,0.84523725170854325
9235,3415,3416,0.026161378592066707,0.022615508477072447,0.86446164897175848
9236,3416,3367,0.076151145378915389,0.065829749863534917,0.86446171670796379
9237,3416,3417,0.026160511499359461,0.023190437414646225,0.88646727779822054
9238,3417,3369,0.06882617685733286,0.061822942963221779,0.89824752421411092
9239,3369,3416,0.074485752633082741,0.066029220044443906,0.88646778357337996
9240,3417,3418,0.026162028625174766,0.023839091309777891,0.9112095874261984
9241,3418,3370,0.06688019123907904,0.061821303700715084,0.92435895525059475
9242,3370,3417,0.072714526798055901,0.066258154579425355,0.91120932084779571
9243,3418,3419,0.026160633514847754,0.024554265180495159,0.93859596964878989
9244,3419,3371,0.064866153682152428,0.061820863794763953,0.9530527137109045
9245,3371,3418,0.070870627060115848,0.066518935834481416,0.93859668799116003
9246,3419,3420,0.026162375613773763,0.025337431943443723,0.96846831944818768
9247,3420,3372,0.062816843578174394,0.061820186173786124,0.98413391460607302
9248,3372,3419,0.068987650127624436,0.066812346056799796,0.96846821037098074
9249,3420,3421,0.026160858049381064,0.026176152535429757,1.0005846324313914
9250,3421,3373,0.060766064838253774,0.061817937338482544,1.0173101961272073
9251,3373,3420,0.067092531326972488,0.067131753904833044,1.0005846042336577
9252,3421,3422,0.026160633514847792,0.027065670106064855,1.0345953621766613
9253,3422,3374,0.05875349591840439,0.061818914004732842,1.0521742245020729
9254,3374,3421,0.065227634115155142,0.067484209848033411,1.0345953944749005
9255,3422,3423,0.026160798647684919,0.027992757341641493,1.0700268641882114
9256,3423,3374,0.063418987367473229,0.067860022301279105,1.0700268975925595
9257,3423,3424,0.026161875425835833,0.02894185074730166,1.1062605518991386
9258,3424,3376,0.054964738130902455,0.06181547028047131,1.1246386753131317
9259,3376,3423,0.06169978714548166,0.068256021660631938,1.1062602452694263
9260,3424,3425,0.026160114027666537,0.029888520153858882,1.1425225487262494
9261,3425,3377,0.053255021528720616,0.061812584880850473,1.1606902618096724
9262,3377,3424,0.060095490930505667,0.068660440102497389,1.1425223263738076
9263,3425,3426,0.026161050243906591,0.030814838675128041,1.1778899695475875
9264,3426,3378,0.051713744073014038,0.061815708143530768,1.1953438926459063
9265,3378,3425,0.058638135643365584,0.069069247182999088,1.1778895496111104
9266,3426,3427,0.026162464749119423,0.031690816490976034,1.2113085213824391
9267,3427,3379,0.050356505615979846,0.061811853767052186,1.2274849696369154
9268,3379,3426,0.057346281075040875,0.069463984534632914,1.2113075727392912
9269,3427,3428,0.026160485200207247,0.032481714125844066,1.2416327096863915
9270,3428,3379,0.056236878766791135,0.069825493483241366,1.2416317372946832
9271,3380,3428,0.049215752466001447,0.06181211892622173,1.2559417631361409
9272,3428,3429,0.026162058209973679,0.033165567737649067,1.2676971923029152
9273,3429,3380,0.055335819882229256,0.070149020661410474,1.267696418173762
9274,3429,3430,0.02616000294246101,0.03370444366650497,1.288396019703743
9275,3430,3382,0.047647570173287364,0.061812761379292383,1.2972909458863957
9276,3382,3429,0.054645976615177554,0.070405647057209433,1.2883958054773741
9277,3430,3431,0.026160995353171904,0.034082072977692106,1.3027819667251233
9278,3431,3383,0.047245688256444339,0.061811344750198526,1.3082959954926134
9279,3383,3430,0.054179826312481992,0.070584499801630604,1.3027819505093041
9280,3431,3432,0.026161970755070818,0.034276351005151862,1.3101593655175339
9281,3432,3383,0.053947949342931956,0.070680410202343738,1.310159349209888
9282,3432,3433,0.026161970755070818,0.034276351005110693,1.3101593655159605
9283,3433,3385,0.047245688256444339,0.061811344750069164,1.3082959954898754
9284,3385,3432,0.053947949342931956,0.070680410202280705,1.3101593492087196
9285,3433,3434,0.026160995353171904,0.034082072977539332,1.3027819667192835
9286,3434,3385,0.054179826312481992,0.070584499801336062,1.3027819505038676
9287,3386,3434,0.047647570173287364,0.061812761378976094,1.2972909458797577
9288,3434,3435,0.02616000294246101,0.033704443666128632,1.2883960196893569
9289,3435,3386,0.054645976615177554,0.070405647056525078,1.2883958054648508
9290,3435,3436,0.026162058209973679,0.0331655677367639,1.2676971922690814
9291,3436,3388,0.049215752466001447,0.061812118924913256,1.2559417631095544
9292,3388,3435,0.055335819882229256,0.070149020660691563,1.2676964181607702
9293,3436,3437,0.026160485200207247,0.032481714125880815,1.2416327096877962
9294,3437,3389,0.050356505615979846,0.061811853768419099,1.2274849696640602
9295,3389,3436,0.056236878766791135,0.069825493482080433,1.2416317372740397
9296,3437,3438,0.026162464749119423,0.031690816491900482,1.2113085214177741
9297,3438,3389,0.057346281075040875,0.069463984535425752,1.2113075727531166
9298,3390,3438,0.051713744073014038,0.061815708144262085,1.1953438926600479
9299,3438,3439,0.026161050243906591,0.030814838675556025,1.1778899695639471
9300,3439,3390,0.058638135643365584,0.069069247183499757,1.1778895496196486
9301,3391,3439,0.053255021528720616,0.061812584881264343,1.1606902618174439
9302,3439,3440,0.026160114027666537,0.029888520154073055,1.1425225487344364
9303,3440,3391,0.060095490930505667,0.068660440102810083,1.142522326379011
9304,3392,3440,0.054964738130902455,0.061815470280713221,1.1246386753175328
9305,3440,3441,0.026161875425835833,0.028941850747411652,1.1062605519033428
9306,3441,3392,0.06169978714548166,0.0682560216608155,1.1062602452724013
9307,3441,3442,0.026160798647684919,0.027992757341684167,1.0700268641898425
9308,3442,3394,0.05875349591840439,0.061818914004771408,1.0521742245027292
9309,3394,3441,0.063418987367473229,0.067860022301392833,1.0700268975943528
9310,3442,3443,0.026160633514847792,0.027065670106039018,1.0345953621756736
9311,3443,3394,0.065227634115155142,0.067484209847979218,1.0345953944740696
9312,3395,3443,0.060766064838253774,0.061817937338405904,1.0173101961259461
9313,3443,3444,0.026160858049381064,0.026176152535302696,1.0005846324265344
9314,3444,3395,0.067092531326972488,0.067131753904583827,1.0005846042299431
9315,3396,3444,0.062816843578174394,0.061820186173530821,0.98413391460200872
9316,3444,3445,0.026162375613773763,0.025337431943140993,0.96846831943661649
9317,3445,3396,0.068987650127624436,0.066812346056215138,0.96846821036250585
9318,3397,3445,0.064866153682152428,0.061820863794205164,0.95305271370229006
9319,3445,3446,0.026160633514847754,0.024554265179873844,0.93859596962503988
9320,3446,3397,0.070870627060115848,0.066518935833299125,0.93859668797447759
9321,3398,3446,0.06688019123907904,0.061821303699630979,0.92435895523438516
9322,3446,3447,0.026162028625174766,0.023839091308574319,0.91120958738019386
9323,3447,3398,0.072714526798055901,0.066258154577173586,0.91120932081682837
9324,3399,3447,0.06882617685733286,0.061822942961231211,0.89824752418518927
9325,3447,3448,0.026160511499359461,0.023190437414729547,0.88646727780140555
9326,3448,3399,0.074485752633082741,0.066029220046974868,0.88646778360735912
9327,3448,3449,0.026161378592066707,0.02261550847838268,0.86446164902184119
9328,3449,3401,0.072377196987090553,0.061824927913647278,0.85420450759753219
9329,3401,3448,0.076151145378915389,0.065829749866493883,0.86446171674682026
9330,3449,3450,0.02616007358444945,0.022111466969161286,0.8452371855064349
9331,3450,3401,0.077682426426892673,0.065660080620419711,0.84523725172530173
9332,3450,3451,0.026162318432448678,0.021683521712596653,0.82880734628254316
9333,3451,3403,0.075274355296759243,0.061824187695681286,0.82131806312983435
9334,3403,3450,0.079050426726034281,0.065517507446212958,0.82880649934095263
9335,3451,3452,0.026160485200207185,0.021325101619635016,0.81516460633024213
9336,3452,3403,0.080228645914217911,0.065399485732581822,0.81516377332989354
9337,3452,3453,0.026161483708476513,0.021041427575100771,0.80429029979989985
9338,3453,3405,0.077323776460868937,0.061824239382416123,0.79955017993337885
9339,3405,3452,0.081198312700396097,0.065306846088103637,0.80428821629670466
9340,3453,3454,0.026160909347262597,0.020828255145182745,0.79615944800336824
9341,3454,3405,0.081941893122029222,0.065238643396120441,0.79615738556303517
9342,3406,3454,0.077984648350062705,0.06182468389224953,0.79278018430918296
9343,3454,3455,0.026160698650702446,0.020686615650019637,0.79075165102535117
9344,3455,3406,0.082443815607312523,0.065192512795008595,0.7907507957361718
9345,3455,3408,0.02616198527994382,0.020617015072529103,0.78805239174010333
9346,3360,3455,0.082699561583485362,0.06517153523231814,0.78805176211880346
9347,3408,3456,0.078518308312006665,0.061823573337117195,0.78737780609651031
9348,3456,3457,0.026161988872937466,0.020617008566604665,0.78805203483330544
9349,3457,3408,0.082698765905578703,0.065170939026643393,0.78805213491398773
9350,3457,3458,0.026160509970339724,0.020686434490204301,0.7907504293172487
9351,3458,3410,0.077984174615097712,0.061824299824808485,0.79278007531593875
9352,3410,3457,0.082444232083182037,0.06519289139086995,0.79075139331874233
9353,3458,3459,0.026160441470163057,0.020827806084750655,0.79615652161319728
9354,3459,3411,0.077323220020278943,0.061823802761237313,0.79955028702921682
9355,3411,3458,0.08194214361583492,0.065238932296607918,0.79615847740650036
9356,3459,3460,0.026161709305977828,0.021041515815491903,0.80428673713166043
9357,3460,3411,0.081198606794186529,0.06530712294754161,0.80428871289719372
9358,3460,3461,0.026161918389014376,0.021326229343130436,0.81516305593574179
9359,3461,3413,0.075275753287595254,0.061825403464606937,0.82131896081331135
9360,3413,3460,0.080229606162494374,0.065400206285221099,0.81516299796812786
9361,3461,3462,0.026161058729789934,0.021682462576333213,0.82880676964511046
9362,3462,3414,0.073919805763766916,0.061823821945017586,0.83636342528542751
9363,3414,3461,0.079048709249367882,0.065516155597764109,0.82880740520488649
9364,3462,3463,0.026161568718674949,0.022112726247688719,0.8452370148546926
9365,3463,3414,0.077680996053834023,0.065658903565126145,0.84523766301379044
9366,3463,3464,0.026158860105950858,0.022613312513403282,0.86446092917707062
9367,3464,3416,0.070668491850765874,0.061823680102312831,0.87484080221874461
9368,3416,3463,0.076151954474778558,0.065830481330027349,0.8644621373681266
9369,3464,3465,0.026163364418124543,0.023192952774429395,0.88646675571902322
9370,3465,3417,0.068824681511195626,0.061821614493693555,0.89824773811175729
9371,3417,3464,0.074486130045997231,0.066029424651312632,0.88646603885230246
9372,3465,3466,0.026160023737524955,0.023837272138526006,0.91120988182946083
9373,3466,3418,0.066880567821283501,0.061821639864173335,0.92435877681797651
9374,3418,3465,0.072713538929754948,0.066257327389365517,0.91121032430251447
9375,3466,3467,0.026162837646526823,0.024556346131584025,0.93859643450579366
9376,3467,3419,0.064864330582262583,0.061819139607719696,0.9530529191127487
9377,3419,3466,0.070870291462418314,0.066518537633822955,0.93859551387758799
9378,3467,3468,0.026159857376550018,0.025335001726780586,0.96846864881959016
9379,3468,3419,0.068985053676065,0.066809796191533252,0.96846769889103568
9380,3468,3469,0.026161471935459493,0.026176742011760113,1.0005836856709855
9381,3469,3421,0.060765590987141543,0.061817438145114534,1.0173099140629698
9382,3421,3468,0.067093344734710958,0.06713252666401158,1.0005839912953445
9383,3469,3470,0.026161250693494599,0.02706630203625237,1.0345951098959816
9384,3470,3421,0.065226240398660013,0.067482769965694245,1.0345954259089964
9385,3470,3471,0.02616044269338209,0.027992372072872647,1.0700266964501326
9386,3471,3423,0.056805240051831705,0.061814451815170743,1.0881822127460143
9387,3423,3470,0.063417937517102882,0.067858900994900273,1.0700269301031704
9388,3471,3472,0.026161913267073209,0.028941873808278985,1.1062598332479212
9389,3472,3424,0.054963906101560739,0.061814525023490267,1.124638502024786
9390,3424,3471,0.061698296071158829,0.068254376158762953,1.1062603103340611
9391,3472,3473,0.026161182883298651,0.029889728694410426,1.1425220651430132
9392,3473,3425,0.053256581356351668,0.061814407882205012,1.1606904969846077
9393,3425,3472,0.06009625277865397,0.068661294282662377,1.1425220560016462
9394,3473,3474,0.026160684889619885,0.030814395439937355,1.1778894768983661
9395,3474,3426,0.051708545163123509,0.061809489348219192,1.195343809291685
9396,3426,3473,0.058635961048890628,0.069066710926876967,1.1778899789719348
9397,3474,3475,0.026161833838634869,0.031690007919109087,1.2113068263704974
9398,3475,3427,0.05035697709134497,0.061812420756579806,1.2274847365133783
9399,3427,3474,0.0573439928287734,0.069461237555841548,1.2113080050642742
9400,3475,3476,0.026161019434775851,0.032482327075455418,1.2416307841687795
9401,3476,3428,0.04921782431677605,0.061814723086164217,1.2559418045038304
9402,3428,3475,0.056239134284193686,0.069828280743466017,1.2416315014843966
9403,3476,3477,0.026161905010807968,0.033165323512771898,1.2676952805642665
9404,3477,3428,0.055335219292436753,0.070148236872065256,1.2676960129378787
9405,3477,3478,0.026160299270562952,0.033704765813728159,1.2883937398856391
9406,3478,3430,0.047648555773202983,0.061813998394010236,1.2972900729296342
9407,3430,3477,0.054644559733497321,0.070403767760952543,1.2883948210821574
9408,3478,3479,0.026160825634572685,0.034081784021832061,1.3027793731705273
9409,3479,3430,0.054181548657822445,0.07058666323283648,1.3027804664392064
9410,3479,3480,0.026161912043923055,0.034276203246076581,1.3101566578364188
9411,3480,3432,0.047110042610497373,0.06180951467483254,1.312024172549989
9412,3432,3479,0.053946689115453278,0.070678678589494351,1.3101578567357921
9413,3480,3481,0.026161912043923055,0.034276203246123897,1.3101566578382273
9414,3481,3432,0.053946689115453278,0.070678678589591926,1.3101578567376009
9415,3481,3482,0.026160825634572685,0.034081784022006581,1.3027793731771982
9416,3482,3434,0.047648555773202983,0.061813998394038595,1.2972900729302292
9417,3434,3481,0.054181548657822445,0.07058666323270231,1.30278046643673
9418,3482,3483,0.026160299270562952,0.033704765814150016,1.2883937399017649
9419,3483,3434,0.054644559733497321,0.0704037677613394,1.2883948210892369
9420,3483,3484,0.026161905010807968,0.033165323513733719,1.2676952806010306
9421,3484,3436,0.04921782431677605,0.061814723086251994,1.2559418045056139
9422,3436,3483,0.055335219292436753,0.070148236871361791,1.267696012925166
9423,3484,3485,0.026161019434775851,0.032482327075524654,1.241630784171426
9424,3485,3437,0.05035697709134497,0.061812420756693701,1.2274847365156401
9425,3437,3484,0.05623923364536676,0.069828431723267304,1.2416319924199408
9426,3485,3486,0.026161833838634869,0.031690007918309886,1.2113068263399489
9427,3486,3437,0.0573439928287734,0.069461237556731309,1.2113080050797902
9428,3438,3486,0.051708545163123509,0.061809489348349553,1.1953438092942061
9429,3486,3487,0.026160684889619885,0.030814395439643864,1.1778894768871473
9430,3487,3438,0.058635961048890628,0.069066710927349187,1.1778899789799882
9431,3439,3487,0.053256581356351668,0.061814407882344428,1.1606904969872256
9432,3487,3488,0.026161182883298651,0.029889728694333387,1.1425220651400685
9433,3488,3439,0.06009625277865397,0.06866129428296959,1.1425220560067582
9434,3440,3488,0.054963906101560739,0.061814525023634458,1.1246385020274094
9435,3488,3489,0.026161913267073209,0.028941873808305405,1.1062598332489311
9436,3489,3440,0.061698296071158829,0.068254376159008964,1.1062603103380484
9437,3441,3489,0.056805240051831705,0.061814451815317875,1.0881822127486045
9438,3489,3490,0.02616044269338209,0.027992372072964379,1.0700266964536391
9439,3490,3441,0.063417937517102882,0.067858900995135946,1.0700269301068865
9440,3490,3491,0.026161250693494599,0.027066302036410493,1.0345951099020259
9441,3491,3443,0.060765590987141543,0.061817438145267016,1.0173099140654791
9442,3443,3490,0.065226240398660013,0.06748276996576133,1.034595425910025
9443,3491,3492,0.026161471935459493,0.02617674201201791,1.0005836856808397
9444,3492,3443,0.067093344734710958,0.067132526664347256,1.0005839913003476
9445,3492,3493,0.026159857376550018,0.025335001727210607,0.96846864883602846
9446,3493,3445,0.064864330582262583,0.061819139607874121,0.95305291911512946
9447,3445,3492,0.068985053676065,0.066809796191393378,0.96846769888900808
9448,3493,3494,0.026162837646526823,0.024556346132324988,0.93859643453411479
9449,3494,3445,0.070870291462418314,0.066518537634561781,0.93859551388801299
9450,3446,3494,0.066880567821283501,0.061821639864319988,0.9243587768201692
9451,3494,3495,0.026160023737524955,0.023837272139836597,0.91120988187955987
9452,3495,3446,0.072713538929754948,0.066257327390595908,0.91121032431943549
9453,3495,3496,0.026163364418124543,0.023192952774435404,0.88646675571925293
9454,3496,3448,0.070668491850765874,0.061823680102419842,0.87484080222025884
9455,3448,3495,0.074486128300708582,0.066029568789956361,0.88646799473034532
9456,3496,3497,0.026158860105950858,0.022613312512159211,0.86446092912951222
9457,3497,3448,0.076151954474778558,0.065830481331171226,0.86446213738314759
9458,3497,3498,0.026161568718674949,0.022112726247001304,0.84523701482841684
9459,3498,3450,0.073919805763766916,0.061823821945050782,0.83636342528587659
9460,3450,3497,0.077680996053834023,0.065658903564617552,0.84523766300724323
9461,3498,3499,0.026161058729789934,0.021682462575937027,0.82880676962996636
9462,3499,3450,0.079048709249367882,0.065516155598096218,0.82880740520908791
9463,3451,3499,0.075275753287595254,0.061825403464603503,0.82131896081326572
9464,3499,3500,0.026161918389014376,0.021326229342892845,0.81516305592666016
9465,3500,3451,0.080229606162494374,0.065400206285387466,0.81516299797020153
9466,3500,3501,0.026161709305977828,0.021041515815345854,0.80428673712607779
9467,3501,3453,0.077323220020278943,0.061823802761198629,0.79955028702871656
9468,3453,3500,0.081198606794186529,0.065307122947396226,0.80428871289540327
9469,3501,3502,0.026160441470163057,0.020827806084662118,0.79615652160981287
9470,3502,3453,0.08194214361583492,0.065238932296638213,0.79615847740687018
9471,3454,3502,0.077984174615097712,0.061824299824773762,0.79278007531549355
9472,3502,3503,0.026160509970339724,0.020686434490156311,0.79075042931541428
9473,3503,3454,0.082444232083182037,0.065192891390888144,0.79075139331896294
9474,3503,3456,0.026161988872937466,0.02061700856658942,0.78805203483272268
9475,3408,3503,0.082698765905578703,0.065170939026595209,0.78805213491340509
9476,3456,3504,0.0785194598039088,0.061824446443785486,0.78737737878206571
9477,3504,3505,0.026162121201785567,0.020617123752466104,0.78805245161309712
9478,3505,3456,0.082700499405137046,0.065172358398532124,0.78805277921313088
9479,3505,3506,0.026160312573138951,0.020686304261270279,0.79075141795173698
9480,3506,3458,0.077984727775787285,0.061824681887021123,0.79277935116696607
9481,3458,3505,0.08244500183508921,0.065193482176694587,0.79075117624592928
9482,3506,3507,0.026160410048705066,0.020827796205994779,0.79615710026019837
9483,3507,3458,0.081942184229783249,0.065238831844073572,0.79615685690205751
9484,3507,3508,0.026162001104401519,0.021041775393762879,0.80428768846060439
9485,3508,3460,0.076416035382411124,0.06182468756464219,0.80905384917250678
9486,3460,3507,0.081198900788388276,0.065307226476875091,0.80428707584443371
9487,3508,3509,0.026161584619832437,0.02132597785604666,0.81516384293786148
9488,3509,3460,0.080227828721916805,0.06539877535802685,0.81516322203745595
9489,3509,3510,0.026160856520381713,0.021682297266021808,0.82880685688288935
9490,3510,3462,0.073919886066839427,0.061823835608617164,0.83636270154306191
9491,3462,3509,0.079048344334849627,0.0655158162637898,0.82880693852693621
9492,3510,3511,0.02616160747772946,0.022112758907876225,0.84523701101700688
9493,3511,3463,0.072375601027335146,0.061823635458132117,0.85420548611102087
9494,3463,3510,0.077681673693038952,0.065659419513247136,0.8452369315921533
9495,3511,3512,0.026160584127694887,0.022614839002757695,0.86446231064147028
9496,3512,3463,0.07615182830607993,0.06583037927112613,0.86446222941006212
9497,3464,3512,0.070668786747734885,0.061823944672798108,0.8748408953657284
9498,3512,3513,0.026161206353138282,0.023191068488425448,0.88646785531904426
9499,3513,3464,0.07448607508280973,0.066029411915158806,0.88646652198750908
9500,3465,3513,0.068825521000116616,0.061822402256691042,0.89824822766813917
9501,3513,3514,0.026160646358550244,0.023837834047395291,0.91120967428254029
9502,3514,3465,0.072715009340272183,0.06625863744657888,0.91120991453799438
9503,3514,3515,0.026161373622916793,0.024554947903853937,0.93859551328544688
9504,3515,3467,0.064864408683570532,0.061819211784353678,0.95305288430096846
9505,3467,3514,0.070870746601595924,0.066519032458769917,0.93859646819738718
9506,3515,3516,0.026161002310082018,0.025336078035748531,0.96846740562323275
9507,3516,3467,0.068983962737175664,0.066808787391796118,0.96846839092635462
9508,3516,3517,0.026161002310081987,0.026176251034298013,1.0005828799690197
9509,3517,3469,0.060765174434831017,0.06181696218476096,1.0173090550584687
9510,3469,3516,0.067092247778115732,0.067131390685374728,1.0005834192258463
9511,3517,3518,0.026162398547425119,0.027067476457185657,1.0345946075288122
9512,3518,3469,0.065226733295816824,0.067483262904163593,1.0345951651160106
9513,3470,3518,0.058751057208192986,0.061816357042194188,1.0521743774437771
9514,3518,3519,0.026160646358550244,0.027992595249794357,1.0700268971238689
9515,3519,3470,0.063418064925524154,0.067859031611980244,1.070026840012722
9516,3519,3520,0.026161206353138282,0.028941085905509138,1.1062596087828107
9517,3520,3472,0.054963011108330226,0.061813470986345764,1.1246376379291432
9518,3472,3519,0.061698998224844738,0.068255132645385935,1.1062599816718126
9519,3520,3521,0.026162002021761138,0.029890658148107371,1.1425218193640072
9520,3521,3473,0.053254533873703318,0.061812039421220204,1.1606906478199881
9521,3473,3520,0.060095298337012729,0.068660181217973182,1.1425216800310871
9522,3521,3522,0.026160325340547512,0.030813980762405123,1.1778898144911303
9523,3522,3474,0.051713022906859522,0.061814825621188209,1.1953434965989722
9524,3474,3521,0.058637330668071891,0.069068303170355422,1.1778896205444633
9525,3522,3523,0.026160856520381713,0.031688827191124432,1.2113069450320146
9526,3523,3475,0.050357337436779767,0.061812798803964016,1.2274834602120457
9527,3475,3522,0.057345233431600563,0.069462684152957602,1.2113070258195098
9528,3523,3524,0.026161584619832437,0.032483041413774977,1.2416312652999775
9529,3524,3475,0.056237824720245133,0.069826646122168351,1.2416313481099379
9530,3476,3524,0.049214099514754674,0.061810037316410292,1.2559416493616689
9531,3524,3525,0.026162001104401506,0.03316548117195052,1.2676966505582306
9532,3525,3476,0.055333265387819935,0.070145763336809497,1.2676960747783759
9533,3525,3526,0.026160410048705073,0.033704979214016544,1.2883964414649884
9534,3526,3478,0.047645407121142583,0.061809952691691893,1.2972908917439769
9535,3478,3525,0.05464326323242847,0.070402082382628434,1.2883945470673825
9536,3526,3527,0.026160312573138958,0.034081210820321166,1.3027830124367579
9537,3527,3478,0.054179242476701868,0.070583692942240137,1.3027810968858138
9538,3479,3527,0.047245471178273428,0.061811000936101264,1.3082947295173981
9539,3527,3528,0.026162052782274074,0.034276504336720935,1.3101611185474236
9540,3528,3479,0.053946026532365875,0.070677892948484825,1.3101593850675985
9541,3528,3529,0.026162052782274074,0.034276504336746408,1.3101611185483972
9542,3529,3481,0.047245471178273428,0.061811000936232534,1.3082947295201766
9543,3481,3528,0.053946026532365875,0.070677892948582399,1.3101593850694071
9544,3529,3530,0.026160312573138958,0.034081210820406951,1.3027830124400372
9545,3530,3482,0.047645407121142583,0.061809952692032696,1.2972908917511299
9546,3482,3529,0.054179242476701868,0.070583692942556578,1.3027810968916544
9547,3530,3531,0.026160410048705073,0.033704979214183736,1.2883964414713795
9548,3531,3482,0.05464326323242847,0.070402082383116099,1.288394547076307
9549,3531,3532,0.026162001104401506,0.033165481172193048,1.2676966505675009
9550,3532,3484,0.049214099514754674,0.061810037317915401,1.2559416493922517
9551,3484,3531,0.055333265387819935,0.070145763338451711,1.2676960748080544
9552,3532,3533,0.026161584619832437,0.032483041413915739,1.2416312653053578
9553,3533,3485,0.050357337436779767,0.061812798802858435,1.227483460190091
9554,3485,3532,0.056237824720245133,0.069826646121193062,1.2416313480925956
9555,3533,3534,0.026160856520381713,0.03168882719112974,1.2113069450322174
9556,3534,3485,0.057345233431600563,0.069462684151698026,1.2113070257975451
9557,3486,3534,0.051713022906859522,0.061814825620745244,1.1953434965904064
9558,3534,3535,0.026160325340547512,0.030813980762418831,1.1778898144916543
9559,3535,3486,0.058637330668071891,0.069068303169896705,1.1778896205366405
9560,3487,3535,0.053254533873703318,0.06181203942110193,1.1606906478177672
9561,3535,3536,0.026162002021761138,0.029890658148153334,1.142521819365764
9562,3536,3487,0.060095298337012729,0.068660181217880811,1.1425216800295501
9563,3488,3536,0.054963011108330226,0.06181347098639977,1.1246376379301257
9564,3536,3537,0.026161206353138282,0.028941085905584467,1.1062596087856902
9565,3537,3488,0.061698998224844738,0.068255132645479499,1.106259981673329
9566,3537,3538,0.026160646358550244,0.027992595249893774,1.0700268971276692
9567,3538,3490,0.058751057208192986,0.061816357042452981,1.052174377448182
9568,3490,3537,0.063418064925524154,0.067859031612233695,1.0700268400167183
9569,3538,3539,0.026162398547425119,0.027067476457305516,1.0345946075333936
9570,3539,3491,0.060765174434831017,0.061816962185137041,1.0173090550646577
9571,3491,3538,0.065226733295816824,0.067483262904545496,1.0345951651218657
9572,3539,3540,0.026161002310081987,0.026176251034453295,1.0005828799749554
9573,3540,3491,0.067092247778115732,0.067131390685855608,1.0005834192330136
9574,3540,3541,0.026161002310082018,0.025336078035935402,0.96846740563037581
9575,3541,3493,0.064864408683570532,0.061819211785259481,0.95305288431493296
9576,3493,3540,0.068983962737175664,0.066808787392750701,0.96846839094019233
9577,3541,3542,0.026161373622916793,0.024554947904040385,0.93859551329257362
9578,3542,3493,0.070870746601595924,0.066519032459734811,0.93859646821100207
9579,3542,3543,0.026160646358550244,0.02383783404752958,0.91120967428767352
9580,3543,3495,0.068825521000116616,0.061822402259009368,0.89824822770182322
9581,3495,3542,0.072715009340272183,0.066258637449183672,0.91120991457381628
9582,3543,3544,0.026161206353138282,0.023191068488375516,0.88646785531713568
9583,3544,3496,0.070668786747734885,0.061823944670362653,0.87484089533126541
9584,3496,3543,0.07448607508280973,0.066029411912952113,0.88646652195788356
9585,3544,3545,0.026160584127694887,0.022614839002536424,0.86446231063301215
9586,3545,3497,0.072375601027335146,0.061823635456561443,0.85420548608931912
9587,3497,3544,0.07615182830607993,0.065830379269562783,0.86446222938953277
9588,3545,3546,0.02616160747772946,0.022112758907624399,0.84523701100738113
9589,3546,3497,0.077681673693038952,0.065659419511582523,0.84523693157072466
9590,3498,3546,0.073919886066839427,0.061823835607561856,0.83636270152878556
9591,3546,3547,0.026160856520381713,0.021682297265791389,0.82880685687408151
9592,3547,3498,0.079048344334849627,0.065515816262717838,0.82880693851337539
9593,3547,3548,0.026161584619832437,0.021325977855855164,0.81516384293054167
9594,3548,3500,0.076416035382411124,0.061824687564129635,0.80905384916579937
9595,3500,3547,0.080227828721916805,0.065398775357423181,0.81516322202993141
9596,3548,3549,0.026162001104401519,0.021041775393614778,0.80428768845494358
9597,3549,3500,0.081198900788388276,0.065307226476399055,0.80428707583857117
9598,3549,3550,0.026160410048705066,0.020827796205890096,0.79615710025619668
9599,3550,3502,0.077984727775787285,0.061824681886799279,0.79277935116412135
9600,3502,3549,0.081942184229783249,0.065238831843773548,0.7961568568983961
9601,3550,3551,0.026160312573138951,0.020686304261208072,0.7907514179493591
9602,3551,3502,0.08244500183508921,0.065193482176526416,0.79075117624388946
9603,3551,3504,0.026162121201785567,0.020617123752445503,0.78805245161230975
9604,3456,3551,0.082700499405137046,0.065172358398466995,0.78805277921234329
9605,3552,3553,0.026161995906030001,0.020616990947790962,0.78805114953171496
9606,3553,3505,0.078385111677761091,0.061824476248604231,0.7887272841143973
9607,3505,3552,0.082698279319651208,0.065170568855514463,0.7880522955455046
9608,3553,3554,0.026160835725979631,0.020686698374685279,0.7907506698703004
9609,3554,3506,0.077984736367199173,0.061824739015002739,0.79277999638153007
9610,3506,3553,0.082444888596061139,0.065193317753619723,0.79075026801278714
9611,3554,3555,0.026159947208549764,0.020827429001465836,0.79615714953197159
9612,3555,3506,0.081940882547602928,0.065237786325536881,0.79615674492689881
9613,3507,3555,0.077323098142365265,0.061823577920983294,0.79954863949133725
9614,3555,3556,0.026162164393899037,0.021041889718034498,0.80428703838209281
9615,3556,3507,0.081198321001047902,0.065306786266637884,0.80428739734402965
9616,3556,3557,0.026160744291574396,0.021325256756710768,0.81516246323232489
9617,3557,3509,0.075274455649438035,0.061824285018321955,0.82131826108773076
9618,3509,3556,0.080228557167950715,0.065399395302689151,0.81516354788459988
9619,3557,3558,0.026162663429641908,0.021683774218046528,0.82880606847845373
9620,3558,3509,0.079049345182831687,0.065516664172903305,0.82880717128486125
9621,3558,3559,0.026158979300289882,0.022110501743799114,0.84523564509086546
9622,3559,3511,0.072375155351601758,0.061823137208608846,0.85420386192291076
9623,3511,3558,0.077681579076217797,0.065659370616868246,0.84523733165164061
9624,3559,3560,0.02616167788604265,0.02261571221208632,0.86445954692194593
9625,3560,3511,0.076150698372547829,0.065829329566757577,0.8644612718415845
9626,3560,3561,0.026161728876526725,0.023191490211157482,0.8864662698941792
9627,3561,3513,0.068825663969967255,0.061822478100932186,0.89824746373546105
9628,3513,3560,0.074486510464250741,0.066029817835185772,0.88646679007571849
9629,3561,3562,0.026160735576238256,0.023837894024450284,0.91120885936029239
9630,3562,3513,0.072716424520429174,0.066259889125533308,0.91120939406087076
9631,3562,3563,0.026162724432439093,0.024556225395432573,0.93859588128311955
9632,3563,3515,0.064866095130880638,0.061820799412188057,0.95305258143644889
9633,3515,3562,0.070872710258843993,0.066520787406379234,0.9385952246418896
9634,3563,3564,0.026161563061530099,0.025336664994321686,0.96846908323985414
9635,3564,3515,0.068986843603000628,0.066811578438428165,0.96846840569934634
9636,3564,3565,0.026161563061530002,0.026176875067184142,1.0005852863461608
9637,3565,3517,0.060766855668013209,0.061818724037744299,1.0173099028766233
9638,3517,3564,0.067092701956510362,0.067131878271396064,1.0005839132087884
9639,3565,3566,0.026159228849732038,0.027064222981634394,1.0345955967242371
9640,3566,3517,0.065227626909631076,0.06748412297458109,1.0345941769133538
9641,3566,3567,0.026161563214425896,0.027993572679987162,1.070026758360948
9642,3567,3519,0.056804774037299929,0.061813965507318012,1.0881825789277655
9643,3519,3566,0.063417922978650565,0.067858855102891691,1.0700264517609028
9644,3567,3568,0.026161728876526749,0.028941692234613469,1.1062606898499359
9645,3568,3520,0.054963787769416309,0.061814366307431208,1.1246380356236436
9646,3520,3567,0.06169847902541193,0.068254554826460923,1.1062599257649239
9647,3568,3569,0.026160196213595523,0.029888608198249674,1.1425223249172911
9648,3569,3520,0.060097107500077095,0.068662239557324742,1.1425215357866709
9649,3569,3570,0.026161001774935112,0.030814762256201202,1.1778892307451645
9650,3570,3522,0.05171171610356718,0.061813258428728833,1.195343397711468
9651,3522,3569,0.058637751728727469,0.06906879336284219,1.1778895221353516
9652,3570,3571,0.026162064784368937,0.031690282536564827,1.2113066303351883
9653,3571,3522,0.057344266369860779,0.069461507249135815,1.2113069299922836
9654,3571,3572,0.026160744291574466,0.032481980618197202,1.2416305995031878
9655,3572,3524,0.049215303827808733,0.061811545560157694,1.255941561925938
9656,3524,3571,0.056238221390754572,0.069827133116640877,1.2416312498837363
9657,3572,3573,0.026162164393898985,0.03316567119592953,1.2676960016222421
9658,3573,3524,0.055334878749309417,0.070147841284986967,1.2676966656561512
9659,3573,3574,0.026160239026628309,0.033704737451184685,1.2883956227187714
9660,3574,3526,0.047647446641312118,0.061812649412396323,1.2972919593723296
9661,3526,3573,0.054644770330123112,0.070404128476496117,1.2883964568094379
9662,3574,3575,0.026160658590641966,0.03408160861244261,1.3027809867383873
9663,3575,3527,0.047245326360163847,0.061810837159293544,1.3082952732317454
9664,3527,3574,0.05418055602453288,0.070585462297023893,1.3027821690324273
9665,3575,3576,0.026161995906030008,0.034276351194344641,1.310158113221185
9666,3576,3527,0.053947681158253914,0.070680056302149963,1.3101593022100826
9667,3576,3577,0.026161995906030008,0.034276351194315678,1.3101581132200779
9668,3577,3529,0.047245326360163847,0.061810837159287244,1.308295273231612
9669,3529,3576,0.053947681158253914,0.07068005630220249,1.3101593022110563
9670,3577,3578,0.026160658590641966,0.034081608612362646,1.3027809867353306
9671,3578,3529,0.05418055602453288,0.070585462296970422,1.3027821690314405
9672,3530,3578,0.047647446641312118,0.061812649412413191,1.2972919593726837
9673,3578,3579,0.026160239026628309,0.033704737451105179,1.2883956227157323
9674,3579,3530,0.054644770330123112,0.070404128476560593,1.2883964568106179
9675,3579,3580,0.026162164393898985,0.03316567119607608,1.2676960016278436
9676,3580,3532,0.049215303827808733,0.061811545560738888,1.2559415619377472
9677,3532,3579,0.055334878749309417,0.070147841285216214,1.2676966656602942
9678,3580,3581,0.026160744291574466,0.032481980618535314,1.2416305995161121
9679,3581,3532,0.056238221390754572,0.069827133117287374,1.241631249895232
9680,3581,3582,0.026162064784368937,0.031690282536855026,1.2113066303462805
9681,3582,3534,0.05171171610356718,0.061813258428975157,1.1953433977162315
9682,3534,3581,0.057344266369860779,0.06946150724948956,1.2113069299984525
9683,3582,3583,0.026161001774935112,0.030814762256421314,1.1778892307535782
9684,3583,3534,0.058637751728727469,0.069068793363054812,1.1778895221389778
9685,3583,3584,0.026160196213595523,0.029888608198418314,1.1425223249237375
9686,3584,3536,0.054963787769416309,0.061814366307652302,1.1246380356276662
9687,3536,3583,0.060097107500077095,0.068662239557611152,1.1425215357914367
9688,3584,3585,0.026161728876526749,0.028941692234748611,1.1062606898551015
9689,3585,3536,0.06169847902541193,0.06825455482667922,1.1062599257684622
9690,3537,3585,0.056804774037299929,0.061813965507546441,1.0881825789317867
9691,3585,3586,0.026161563214425896,0.027993572680099957,1.0700267583652594
9692,3586,3537,0.063417922978650565,0.067858855103124699,1.070026451764577
9693,3586,3587,0.026159228849732038,0.027064222981730706,1.0345955967279188
9694,3587,3539,0.060766855668013209,0.061818724037997819,1.0173099028807953
9695,3539,3586,0.065227626909631076,0.067484122974871941,1.0345941769178129
9696,3587,3588,0.026161563061530002,0.026176875067244643,1.0005852863484734
9697,3588,3540,0.062816475396164015,0.061819782486275857,0.98413325638533
9698,3540,3587,0.0670948146683744,0.06713401502251988,1.0005842531101581
9699,3588,3589,0.026161563061530099,0.025336664994339824,0.96846908324054737
9700,3589,3541,0.064866095130880638,0.061820799412432209,0.95305258144021276
9701,3541,3588,0.068986843603000628,0.066811578438729258,0.96846840570371084
9702,3589,3590,0.026162724432439093,0.024556225395413633,0.93859588128239557
9703,3590,3541,0.070872710258843993,0.066520787406580087,0.93859522464472367
9704,3590,3591,0.026160735576238256,0.023837894024378505,0.9112088593575487
9705,3591,3543,0.068825663969967255,0.061822478100916733,0.89824746373523645
9706,3543,3590,0.072716424520429174,0.06625988912560353,0.91120939406183643
9707,3591,3592,0.026161728876526725,0.023191490211021831,0.88646626988899413
9708,3592,3543,0.074486510464250741,0.066029817835068352,0.88646679007414209
9709,3592,3593,0.02616167788604265,0.022615712211895126,0.86445954691463767
9710,3593,3545,0.072375155351601758,0.061823137207960552,0.85420386191395337
9711,3545,3592,0.076150698372547829,0.065829329566138156,0.86446127183345034
9712,3593,3594,0.026158979300289882,0.022110501743577888,0.84523564508240845
9713,3594,3545,0.077681579076217797,0.065659370616148544,0.8452373316423758
9714,3594,3595,0.026162663429641908,0.021683774217822416,0.82880606846988758
9715,3595,3547,0.075274455649438035,0.06182428501770032,0.82131826107947248
9716,3547,3594,0.079049345182831687,0.065516664172235034,0.82880717127640746
9717,3595,3596,0.026160744291574396,0.021325256756508138,0.8151624632245793
9718,3596,3547,0.080228557167950715,0.065399395302076599,0.81516354787696477
9719,3596,3597,0.026162164393899037,0.021041889717867364,0.80428703837570448
9720,3597,3549,0.077323098142365265,0.061823577920578056,0.79954863948609645
9721,3549,3596,0.081198321001047902,0.06530678626615298,0.80428739733805787
9722,3597,3598,0.026159947208549764,0.020827429001340558,0.79615714952718264
9723,3598,3550,0.077984736367199173,0.061824739014725356,0.79277999637797325
9724,3550,3597,0.081940882547602928,0.065237786325175184,0.79615674492248467
9725,3598,3599,0.026160835725979631,0.020686698374609062,0.79075066986738696
9726,3599,3550,0.082444888596061139,0.06519331775341021,0.79075026801024584
9727,3551,3599,0.078385111677761091,0.061824476248467909,0.78872728411265813
9728,3599,3552,0.026161995906030001,0.020616990947766103,0.78805114953076472
9729,3552,3551,0.082698279319651208,0.065170568855449335,0.78805229554471701
9730,3600,3601,0.026162095286483278,0.020617083880735857,0.7880517082050279
9731,3601,3553,0.078385756873156104,0.061824947783549487,0.78872680764688752
9732,3553,3600,0.082699551909929864,0.065171467745519671,0.78805103825108425
9733,3601,3602,0.026160351639860413,0.020686316256257452,0.79075069559607158
9734,3602,3553,0.082445204976006159,0.065193547759675521,0.79075002334761191
9735,3602,3603,0.026160644905988944,0.020827980177536561,0.79615698513488942
9736,3603,3555,0.07732442275254775,0.061824647200429433,0.79954877126311796
9737,3555,3602,0.081942404799294377,0.065238978090961436,0.79615649858891158
9738,3603,3604,0.02616183315061079,0.021041639777641633,0.80428766808912933
9739,3604,3555,0.081199018770011552,0.065307329547139734,0.80428717657434379
9740,3604,3605,0.026160953076524687,0.021325440950512156,0.81516299838664374
9741,3605,3557,0.075274251702471526,0.061824065215019895,0.82131756632248243
9742,3557,3604,0.080227873245039286,0.065398762011101993,0.81516260329318624
9743,3605,3606,0.026162001715974638,0.021683229826673988,0.82880622293645478
9744,3606,3557,0.079049824121983511,0.065516954399538835,0.82880582123039503
9745,3558,3606,0.073920275243297751,0.061824183472941587,0.83636300418872023
9746,3606,3607,0.026160173889629153,0.022111523933734042,0.84523612216889188
9747,3607,3558,0.077680297476804508,0.065658212995269943,0.84523637431841214
9748,3559,3607,0.07237576821029458,0.061823590692118298,0.85420289443400532
9749,3607,3608,0.026160548195806724,0.022614753199253681,0.86446021811112506
9750,3608,3559,0.076151483520943183,0.065829871259240405,0.8644594722982103
9751,3560,3608,0.070667408277793317,0.06182267780011437,0.87484003314639269
9752,3608,3609,0.026162687203931858,0.023192350626605726,0.88646668615601021
9753,3609,3560,0.07448650442289749,0.066029810439078199,0.88646676267950009
9754,3561,3609,0.068825789010225152,0.061822588507402181,0.89824743597516132
9755,3609,3610,0.026159755235280059,0.023837010017417743,0.91120921442224456
9756,3610,3561,0.072715360600606918,0.066258869776099127,0.91120870788263819
9757,3562,3610,0.066879404365916176,0.06182049053293609,0.92435767212726161
9758,3610,3611,0.026162121201785557,0.024555640292791954,0.93859515837408625
9759,3611,3562,0.070870519709662974,0.066518737728895314,0.93859531440441368
9760,3563,3611,0.064866808718976085,0.061821485411459702,0.95305267258160176
9761,3611,3612,0.026160427097335383,0.025335518339421249,0.96846730541344428
9762,3612,3563,0.06898422969684205,0.06680901140080199,0.96846789033378688
9763,3612,3613,0.026161954548360813,0.026177210906008549,1.000583150529504
9764,3613,3565,0.060766466639510998,0.061818357299548252,1.0173103805142638
9765,3565,3612,0.067092729828345063,0.067131915597598263,1.0005840538811501
9766,3613,3614,0.026161370564978026,0.027066425268002316,1.0345950798249033
9767,3614,3565,0.065225132339988071,0.067481661923967276,1.0345960138833752
9768,3566,3614,0.05875038004306278,0.061815621312985833,1.0521739819840534
9769,3614,3615,0.026161504961052039,0.027993533225311798,1.0700276328516725
9770,3615,3566,0.063417008910123182,0.067857924565648764,1.0700272014061623
9771,3615,3616,0.026161030061254323,0.0289409349242487,1.1062612923300579
9772,3616,3568,0.054965029734811884,0.061815813835217295,1.1246389592338653
9773,3568,3615,0.061698287610646003,0.068254418475483775,1.106261147897831
9774,3616,3617,0.02616054819580681,0.029889030767519181,1.1425231055483003
9775,3617,3568,0.060096856705844304,0.068662038392812971,1.1425229563817723
9776,3569,3617,0.053255832487061477,0.061813557727200291,1.1606908547006174
9777,3617,3618,0.026160173889629094,0.030813819515367571,1.1778904698941379
9778,3618,3569,0.058636060782668586,0.069066819015267775,1.1778898188822784
9779,3570,3618,0.051710346494648236,0.061811636848015876,1.1953436988555679
9780,3618,3619,0.026162001715974541,0.031690254083736859,1.2113084628530837
9781,3619,3570,0.057344933667921538,0.069462368770137575,1.211307858029566
9782,3619,3620,0.026160953076524714,0.032482289636498039,1.2416325025117574
9783,3620,3572,0.049217231520758443,0.061813966341040562,1.2559415560578446
9784,3572,3619,0.056239911885593512,0.069829266284429481,1.2416318579317873
9785,3620,3621,0.026162650434040171,0.033166311986349999,1.2676969433952066
9786,3621,3572,0.055335425344950027,0.070148513154412451,1.2676962852841662
9787,3621,3622,0.02616005095456916,0.033704484206324194,1.2883952047668816
9788,3622,3574,0.047646742465159243,0.061811661991615523,1.297290408401248
9789,3574,3621,0.054644182604664845,0.070403341428469463,1.2883959110124799
9790,3622,3623,0.0261608614131798,0.034081859602019697,1.3027804804947787
9791,3623,3574,0.054180738192615888,0.070585646828283694,1.3027811946257974
9792,3575,3623,0.047247660117035024,0.061813844169118601,1.3082942947016285
9793,3623,3624,0.026161924351869887,0.034276250485779376,1.3101578471359479
9794,3624,3575,0.053948183901482066,0.070680625198608918,1.3101576380714306
9795,3624,3625,0.026161924351869887,0.0342762504856753,1.3101578471319695
9796,3625,3577,0.047247660117035024,0.061813844168878661,1.3082942946965501
9797,3577,3624,0.053948183901482066,0.070680625198549174,1.310157638070323
9798,3625,3626,0.0261608614131798,0.034081859601607117,1.302780480479008
9799,3626,3578,0.047646742465159243,0.061811661990962184,1.2972904083875358
9800,3578,3625,0.054180738192615888,0.070585646827963422,1.3027811946198862
9801,3626,3627,0.02616005095456916,0.033704484205217829,1.2883952047245897
9802,3627,3578,0.054644182604664845,0.070403341426691288,1.2883959109799388
9803,3627,3628,0.026162650434040171,0.033166311986502738,1.2676969434010446
9804,3628,3580,0.049217231520758443,0.061813966343119864,1.2559415561000922
9805,3580,3627,0.055335425344950027,0.070148513153116127,1.2676962852607396
9806,3628,3629,0.026160953076524714,0.032482289637863572,1.2416325025639547
9807,3629,3580,0.056239911885593512,0.069829266285753047,1.2416318579553216
9808,3629,3630,0.026162001715974541,0.031690254084405269,1.2113084628786326
9809,3630,3582,0.051710346494648236,0.061811636848722949,1.1953436988692416
9810,3582,3629,0.057344933667921538,0.069462368771367244,1.2113078580510093
9811,3630,3631,0.026160173889629094,0.030813819515736456,1.1778904699082389
9812,3631,3583,0.053255832487061477,0.061813557727674731,1.160690854709526
9813,3583,3630,0.058636060782668586,0.069066819015995234,1.1778898188946849
9814,3631,3632,0.02616054819580681,0.029889030767748459,1.1425231055570646
9815,3632,3584,0.054965029734811884,0.061815813835565808,1.124638959240206
9816,3584,3631,0.060096856705844304,0.068662038393299152,1.1425229563898622
9817,3632,3633,0.026161030061254323,0.028940934924403687,1.1062612923359822
9818,3633,3584,0.061698287610646003,0.068254418475809028,1.1062611479031028
9819,3633,3634,0.026161504961052039,0.027993533225417627,1.0700276328557177
9820,3634,3586,0.05875038004306278,0.061815621313197414,1.0521739819876548
9821,3586,3633,0.063417008910123182,0.067857924565928693,1.0700272014105763
9822,3634,3635,0.026161370564978026,0.027066425268064947,1.0345950798272974
9823,3635,3587,0.060766466639510998,0.061818357299699693,1.017310380516756
9824,3587,3634,0.065225132339988071,0.067481661924184158,1.0345960138867003
9825,3635,3636,0.026161954548360813,0.026177210906026097,1.0005831505301748
9826,3636,3588,0.062814821415972943,0.061818142440683302,0.9841330604334696
9827,3588,3635,0.067093295877464446,0.067132504058641254,1.000584382994814
9828,3636,3637,0.026160427097335383,0.025335518339386253,0.96846730541210646
9829,3637,3589,0.064866808718976085,0.061821485411385678,0.95305267258046056
9830,3589,3636,0.06898422969684205,0.066809011400800297,0.96846789033376235
9831,3637,3638,0.026162121201785557,0.024555640292693821,0.93859515837033525
9832,3638,3590,0.066879404365916176,0.061820490532715378,0.92435767212396136
9833,3590,3637,0.070870519709662974,0.066518737728753802,0.93859531440241684
9834,3638,3639,0.026159755235280059,0.023837010017246918,0.91120921441571456
9835,3639,3591,0.068825789010225152,0.061822588506993723,0.89824743596922663
9836,3591,3638,0.072715360600606918,0.066258869775775775,0.91120870787819142
9837,3639,3640,0.026162687203931858,0.023192350626354625,0.88646668614641255
9838,3640,3592,0.070667408277793317,0.061822677799491868,0.87484003313758374
9839,3592,3639,0.07448650442289749,0.066029810438541017,0.88646676267228819
9840,3640,3641,0.026160548195806724,0.022614753198921714,0.86446021809843554
9841,3641,3593,0.07237576821029458,0.061823590691310631,0.85420289442284592
9842,3593,3640,0.076151483520943183,0.065829871258506673,0.86445947228857511
9843,3641,3642,0.026160173889629153,0.022111523933334744,0.84523612215362831
9844,3642,3594,0.073920275243297751,0.061824183472014245,0.83636300417617504
9845,3594,3641,0.077680297476804508,0.065658212994381002,0.84523637430696863
9846,3642,3643,0.026162001715974638,0.021683229826249609,0.82880622292023354
9847,3643,3595,0.075274251702471526,0.061824065214098251,0.82131756631023867
9848,3595,3642,0.079049824121983511,0.065516954398565599,0.82880582121808333
9849,3643,3644,0.026160953076524687,0.021325440950165586,0.81516299837339612
9850,3644,3595,0.080227873245039286,0.065398762010347666,0.81516260328378398
9851,3644,3645,0.02616183315061079,0.021041639777384349,0.80428766807929508
9852,3645,3597,0.07732442275254775,0.06182464719985295,0.79954877125566259
9853,3597,3644,0.081199018770011552,0.065307329546488255,0.80428717656632054
9854,3645,3646,0.026160644905988944,0.020827980177313018,0.79615698512634447
9855,3646,3597,0.081942404799294377,0.065238978090408142,0.79615649858215931
9856,3646,3647,0.026160351639860413,0.020686316256137746,0.79075069559149569
9857,3647,3599,0.078385756873156104,0.061824947783422873,0.78872680764527225
9858,3599,3646,0.082445204976006159,0.065193547759274564,0.79075002334274858
9859,3647,3600,0.026162095286483278,0.020617083880718496,0.78805170820436432
9860,3600,3599,0.082699551909929864,0.065171467745441095,0.78805103825013412
9861,3600,3648,0.078518818942049956,0.061823936984260378,0.78737731689378732
9862,3648,3649,0.026162061344278602,0.02061709008339133,0.78805296769553268
9863,3649,3600,0.082699814401457752,0.065171767977678777,0.78805216733993044
9864,3601,3649,0.078384685550425992,0.061824191381760082,0.78872793770394978
9865,3649,3650,0.026160228934991175,0.020686233018599776,0.79075122278194065
9866,3650,3601,0.082444193948363373,0.065192809193287404,0.79075076207451434
9867,3650,3651,0.026160636878675186,0.020827973970131693,0.79615699215295455
9868,3651,3603,0.077325445344778837,0.06182549794279274,0.79954919971201066
9869,3603,3650,0.081941937275187671,0.065238651221741217,0.79615705206783938
9870,3651,3652,0.026162257963825899,0.021041995051111064,0.80428818797695012
9871,3652,3603,0.081198017152305346,0.065306610997405035,0.80428824850374903
9872,3652,3653,0.026160546360985592,0.021325130428533758,0.81516380179035142
9873,3653,3605,0.075274623700685522,0.061824417025675371,0.82131818116431632
9874,3605,3652,0.080227250691879595,0.065398333421017238,0.81516358664945121
9875,3653,3654,0.026162445790683626,0.02168362167994483,0.82880713269041184
9876,3654,3605,0.079048651942997816,0.06551606926868217,0.82880691394871575
9877,3654,3655,0.026160064180819124,0.022111465171669134,0.8452374206284069
9878,3655,3607,0.072375244000614639,0.061823239677249987,0.85420423144583746
9879,3607,3654,0.077680619307565785,0.065658520173560053,0.84523682687948365
9880,3655,3656,0.02616132102631941,0.022615465648457633,0.86446191404881678
9881,3656,3608,0.070667361523624364,0.061822709419119319,0.87484105938286316
9882,3608,3655,0.076150689574217625,0.065829287961350666,0.86446082536379976
9883,3656,3657,0.026161349694535967,0.023191199058416229,0.88646798919781722
9884,3657,3609,0.068826037869593196,0.061822859428511616,0.8982481244329259
9885,3609,3656,0.074485001426402062,0.066028555537752054,0.88646780255477686
9886,3657,3658,0.026160097743354146,0.023837335827183191,0.91120973862717913
9887,3658,3610,0.066879619109972491,0.061820701304645259,0.92435785561205608
9888,3610,3657,0.072714867498937449,0.066258471241036621,0.9112094062745123
9889,3658,3659,0.026162757227117268,0.024556264479081994,0.93859619863115307
9890,3659,3611,0.064864849354486331,0.061819626664504121,0.95305280563683925
9891,3611,3658,0.070869611146938974,0.066517898159965227,0.93859550071537667
9892,3659,3660,0.026161418498128034,0.025336529584865264,0.96846925890804447
9893,3660,3611,0.068984204705657276,0.066809031930149379,0.96846853877943573
9894,3660,3661,0.026159520446462522,0.026174799766546554,1.0005840825757988
9895,3661,3613,0.060763898297731239,0.061815667547827795,1.0173091141213997
9896,3613,3660,0.067090978977693227,0.06713018860938115,1.0005844247957831
9897,3661,3662,0.026162757227117257,0.027067862914709532,1.034595194984042
9898,3662,3614,0.058751004919830339,0.061816331740097964,1.052174883211793
9899,3614,3661,0.065225983569402554,0.067482458597278777,1.0345947259725914
9900,3662,3663,0.026160682978357795,0.027992661643721301,1.0700279372246919
9901,3663,3614,0.063418620694463121,0.067859665120599835,1.0700274521505708
9902,3663,3664,0.026160795360328466,0.028940655477734924,1.1062605352443518
9903,3664,3616,0.054963262512803826,0.061813802554478617,1.1246385263261791
9904,3616,3663,0.061698001216741669,0.068254099033789387,1.1062611055099907
9905,3664,3665,0.026161321026319417,0.029889891321709706,1.142522248461352
9906,3665,3616,0.06009568512083166,0.06866069268092273,1.1425228374195218
9907,3665,3666,0.026160064180819117,0.030813662547426388,1.177889409385293
9908,3666,3618,0.05171205366567394,0.061813667221398597,1.1953435000093611
9909,3618,3665,0.05863723056126622,0.069068218850079327,1.177890193465301
9910,3666,3667,0.026162445790683619,0.031690750720581952,1.2113068852250408
9911,3667,3619,0.050356000336915965,0.061811237815016198,1.2274850544415141
9912,3619,3666,0.057344805600866751,0.069462202086423064,1.211307656527711
9913,3667,3668,0.026160546360985592,0.0324817557376475,1.2416313975035711
9914,3668,3619,0.056238434447966196,0.06982745041981557,1.24163218811545
9915,3668,3669,0.026162257963825899,0.033165798777824551,1.2676963442407123
9916,3669,3621,0.048305870916692514,0.061810328495320505,1.2795614140135791
9917,3621,3668,0.055335468897435347,0.070148587020147507,1.2676966223990687
9918,3669,3670,0.026160025495930439,0.033704455549770834,1.2883953631854845
9919,3670,3622,0.047647154495101249,0.061812183794357843,1.2972901414440803
9920,3622,3669,0.054643278458433329,0.070402122490929628,1.288394922066836
9921,3670,3671,0.026160971118646528,0.034082019482750921,1.3027811287348801
9922,3671,3623,0.047244062093182451,0.061809156351045023,1.3082947065206822
9923,3623,3670,0.054180246946463,0.070584992317010403,1.3027809265387327
9924,3671,3672,0.026161936965598223,0.034276276105019376,1.3101581947120791
9925,3672,3623,0.053946780205161964,0.070678805194527045,1.3101579913709855
9926,3672,3673,0.026161936965598223,0.03427627610517691,1.3101581947181007
9927,3673,3625,0.047244062093182451,0.061809156351141419,1.3082947065227226
9928,3625,3672,0.053946780205161964,0.070678805194312425,1.3101579913670072
9929,3673,3674,0.026160971118646528,0.034082019483328986,1.3027811287569766
9930,3674,3625,0.054180246946463,0.070584992317668849,1.3027809265508854
9931,3626,3674,0.047647154495101249,0.061812183794561569,1.297290141448356
9932,3674,3675,0.026160025495930439,0.033704455551143812,1.2883953632379683
9933,3675,3626,0.054643278458433329,0.070402122492288513,1.2883949220917044
9934,3675,3676,0.026162257963825899,0.03316579877801043,1.2676963442478171
9935,3676,3628,0.049215766363967101,0.061812142627610658,1.2559418900538728
9936,3628,3675,0.055333125833473072,0.070145619100200424,1.2676966653086987
9937,3676,3677,0.026160546360985592,0.032481755736650526,1.2416313974654611
9938,3677,3629,0.050356000336915965,0.061811237815371629,1.2274850544485725
9939,3629,3676,0.056238434447966196,0.069827450419180967,1.2416321881041659
9940,3677,3678,0.026162445790683619,0.031690750720268314,1.2113068852130526
9941,3678,3629,0.057344805600866751,0.069462202087236358,1.2113076565418937
9942,3630,3678,0.05171205366567394,0.061813667221735182,1.1953435000158699
9943,3678,3679,0.026160064180819117,0.030813662547378679,1.1778894093834693
9944,3679,3630,0.05863723056126622,0.069068218850620478,1.1778901934745298
9945,3679,3680,0.026161321026319417,0.029889891321762823,1.1425222484633824
9946,3680,3632,0.054963262512803826,0.061813802554754937,1.1246385263312064
9947,3632,3679,0.06009568512083166,0.068660692681165425,1.1425228374235603
9948,3680,3681,0.026160795360328466,0.028940655477822201,1.106260535247688
9949,3681,3632,0.061698001216741669,0.068254099034115209,1.1062611055152716
9950,3681,3682,0.026160682978357795,0.027992661643813463,1.0700279372282149
9951,3682,3634,0.058751004919830339,0.061816331740294043,1.0521748832151305
9952,3634,3681,0.063418620694463121,0.067859665120816912,1.0700274521539936
9953,3682,3683,0.026162757227117257,0.027067862914786946,1.0345951949870009
9954,3683,3634,0.065225983569402554,0.067482458597465475,1.0345947259754535
9955,3635,3683,0.060763898297731239,0.061815667547951543,1.0173091141234363
9956,3683,3684,0.026159520446462522,0.026174799766590685,1.0005840825774859
9957,3684,3635,0.067090978977693227,0.067130188609463973,1.0005844247970175
9958,3684,3685,0.026161418498128034,0.025336529584858793,0.96846925890779723
9959,3685,3637,0.064864849354486331,0.061819626664381032,0.95305280563494166
9960,3637,3684,0.068984204705657276,0.066809031930094756,0.96846853877864392
9961,3685,3686,0.026162757227117268,0.024556264479004958,0.93859619862820853
9962,3686,3637,0.070869611146938974,0.06651789815971916,0.93859550071190456
9963,3638,3686,0.066879619109972491,0.061820701304327354,0.92435785560730266
9964,3686,3687,0.026160097743354146,0.023837335827007488,0.91120973862046273
9965,3687,3638,0.072714867498937449,0.066258471240528555,0.91120940626752511
9966,3639,3687,0.068826037869593196,0.06182285942793081,0.89824812442448709
9967,3687,3688,0.026161349694535967,0.023191199058096683,0.88646798918560277
9968,3688,3639,0.074485001426402062,0.066028555536875394,0.88646780254300728
9969,3640,3688,0.070667361523624364,0.061822709418178932,0.87484105936955592
9970,3688,3689,0.02616132102631941,0.022615465647917308,0.86446191402816319
9971,3689,3640,0.076150689574217625,0.065829287959939184,0.86446082534526436
9972,3641,3689,0.072375244000614639,0.061823239675805788,0.8542042314258832
9973,3689,3690,0.026160064180819124,0.022111465170773413,0.84523742059416684
9974,3690,3641,0.077680619307565785,0.06565852017134427,0.84523682685095936
9975,3690,3691,0.026162445790683626,0.021683621678454695,0.82880713263345485
9976,3691,3643,0.075274623700685522,0.061824417022393378,0.82131818112071608
9977,3643,3690,0.079048651942997816,0.065516069266372046,0.82880691391949157
9978,3691,3692,0.026160546360985592,0.021325130427923503,0.81516380176702408
9979,3692,3643,0.080227250691879595,0.065398333421334054,0.81516358665340016
9980,3692,3693,0.026162257963825899,0.021041995051213281,0.80428818798085711
9981,3693,3645,0.077325445344778837,0.061825497941829052,0.79954919969954796
9982,3645,3692,0.081198017152305346,0.06530661099798421,0.80428824851088188
9983,3693,3694,0.026160636878675186,0.020827973969162982,0.79615699211592517
9984,3694,3645,0.081941937275187671,0.065238651218968616,0.79615705203400322
9985,3694,3695,0.026160228934991175,0.020686233018438551,0.79075122277577758
9986,3695,3647,0.078384685550425992,0.061824191383495812,0.78872793772609351
9987,3647,3694,0.082444193948363373,0.06519280919083921,0.7907507620448192
9988,3695,3648,0.026162061344278602,0.020617090083987523,0.78805296771832112
9989,3600,3695,0.082699814401457752,0.06517176797956338,0.78805216736271899
9990,3648,3696,0.078520087721194287,0.061824938158717396,0.78737734448594476
9991,3696,3697,0.026162015705704273,0.020617008815288655,0.78805123608244743
9992,3697,3648,0.082700543322566752,0.065172329295961923,0.788052008821303
9993,3697,3698,0.02616054674323999,0.020686460507687156,0.79075031232031245
9994,3698,3650,0.077985755840498661,0.061825491991945494,0.7927792880329948
9995,3650,3697,0.082445650166769385,0.065193919356735186,0.7907502606245721
9996,3698,3699,0.026160658361290348,0.020827996805633579,0.79615721125935224
9997,3699,3650,0.081941820973422883,0.065238567406705639,0.79615715921013275
9998,3651,3699,0.077322850635458754,0.061823431664877505,0.79954930731080009
9999,3699,3700,0.026161451294443128,0.02104132900137452,0.8042875284156672
10000,3700,3651,0.081198402406504402,0.06530684867952849,0.80428735965249831
10001,3700,3701,0.026161499533237594,0.02132588639071871,0.81516299796289016
10002,3701,3653,0.075273969613892447,0.06182389883647306,0.82131843389674164
10003,3653,3700,0.080228916041296755,0.065399640859554825,0.81516296226526652
10004,3701,3702,0.026161662825865621,0.021682956590159171,0.82880651487953494
10005,3702,3654,0.073921506747098159,0.061825249313009867,0.83636348924174031
10006,3654,3701,0.07904911975404906,0.065516477154152417,0.82880716898554108
10007,3702,3703,0.026160359590810329,0.022111687217561623,0.84523636385063561
10008,3703,3654,0.077680817451665635,0.065658703502541868,0.8452370309233147
10009,3655,3703,0.072375369568107709,0.061823361861957617,0.85420443765443865
10010,3703,3704,0.026161987573343995,0.022616035227738012,0.86446166080978903
10011,3704,3655,0.07615290409500769,0.065831296301630732,0.86446205937859166
10012,3656,3704,0.070669071030644265,0.061824293219887083,0.87484230821540276
10013,3704,3705,0.026160567461421005,0.023190500108690108,0.88646777799790255
10014,3705,3656,0.074486025731363995,0.066029450621377675,0.88646762896861753
10015,3657,3705,0.068824031742239791,0.061821045322716678,0.89824794853997014
10016,3705,3706,0.026160653621355411,0.023837832015016013,0.91120934362116868
10017,3706,3657,0.072714287726136417,0.066257965315704367,0.91120971390452898
10018,3658,3706,0.066880921405312876,0.061821925963036796,0.92435816768107193
10019,3706,3707,0.026161658009664995,0.024555215804321854,0.93859555060502409
10020,3707,3658,0.070871420246238118,0.066519601512966389,0.93859557607069788
10021,3659,3707,0.064865553336404549,0.061820302559700939,0.95305288215286799
10022,3707,3708,0.026161310552856278,0.025336391914518228,0.96846799258502803
10023,3708,3659,0.068984985922330419,0.06680979514890234,0.96846863495953883
10024,3660,3708,0.062816672318408789,0.061820005458487343,0.98413372082383666
10025,3708,3709,0.026161310552856507,0.026176589083446715,1.000584012431615
10026,3709,3660,0.067093329472414504,0.06713255606189876,1.0005846570708701
10027,3661,3709,0.060767248413127875,0.061819090001398437,1.0173093502789461
10028,3709,3710,0.026161658009664891,0.027066742633327045,1.0345958434028832
10029,3710,3661,0.065228082143885785,0.067484663912230694,1.0345952493799702
10030,3662,3710,0.058751880335268437,0.061817284103935444,1.0521754155130736
10031,3710,3711,0.026160211503972405,0.027992156155976302,1.0700278991141077
10032,3711,3662,0.063417090623037103,0.06785805267952344,1.0700278428552366
10033,3663,3711,0.056804920186572253,0.061814167115327737,1.0881833283508351
10034,3711,3712,0.026160986179221749,0.028940867639880571,1.1062605760201323
10035,3712,3663,0.061697641690830952,0.068253674655509425,1.1062606735850777
10036,3664,3712,0.05496373071372801,0.061814304976694594,1.1246380872260469
10037,3712,3713,0.026161599297815454,0.029890220256676352,1.1425226690622177
10038,3713,3664,0.060095905335562715,0.068660925577472096,1.1425225261868364
10039,3665,3713,0.053255507263980824,0.061813200420286214,1.1606912335636197
10040,3713,3714,0.026160710576968189,0.030814455569039417,1.177890618772732
10041,3714,3665,0.058636986211262059,0.069067939182245852,1.1778903324499372
10042,3666,3714,0.051711294998711528,0.061812767647345918,1.1953436410533924
10043,3714,3715,0.026161354969484508,0.031689454788306322,1.2113078556240675
10044,3715,3666,0.05734456460244737,0.069461867145809569,1.2113069063714725
10045,3667,3715,0.050356907230182449,0.061812312732894246,1.2274842942667012
10046,3715,3716,0.026161758920348714,0.032483285939366599,1.2416323397163094
10047,3716,3667,0.056238949786317077,0.069828097587346469,1.24163231804047
10048,3668,3716,0.049215442849193179,0.061811766486812511,1.2559425031735914
10049,3716,3717,0.026161244806934363,0.033164526444759847,1.267696804548428
10050,3717,3668,0.055333559567663768,0.07014612464236758,1.2676958646875141
10051,3669,3717,0.048308026214033885,0.061813049384499878,1.2795606492103515
10052,3717,3718,0.026160808433301853,0.033705471875604048,1.2883956534270586
10053,3718,3669,0.054646035466596403,0.070405741205768715,1.2883961408107232
10054,3670,3718,0.047646503036180482,0.061811397132920609,1.2972913686023082
10055,3718,3719,0.026160455690080551,0.034081378415319649,1.3027822916801304
10056,3719,3670,0.054178995887621331,0.070583393822017476,1.3027815053719771
10057,3719,3720,0.026162015705704266,0.034276442190976836,1.3101605998769938
10058,3720,3672,0.047110789110917171,0.061810587865523424,1.3120261628392
10059,3672,3719,0.053945920797113994,0.07067771063671463,1.3101585734819037
10060,3720,3721,0.026162015705704266,0.034276442191038578,1.3101605998793537
10061,3721,3672,0.053945920797113994,0.070677710636841931,1.3101585734842633
10062,3721,3722,0.026160455690080551,0.034081378415589531,1.3027822916904468
10063,3722,3674,0.047646503036180482,0.061811397134063036,1.2972913686262852
10064,3674,3721,0.054178995887621331,0.070583393823017371,1.3027815053904326
10065,3722,3723,0.026160808433301853,0.033705471876031005,1.2883956534433791
10066,3723,3675,0.048308026214033885,0.061813049386658422,1.2795606492550344
10067,3675,3722,0.054646035466596403,0.07040574120819687,1.2883961408551574
10068,3723,3724,0.026161244806934363,0.03316452644508304,1.2676968045607817
10069,3724,3676,0.049215442849193179,0.061811766485602812,1.2559425031490117
10070,3676,3723,0.055333559567663768,0.070146124641230073,1.2676958646669567
10071,3724,3725,0.026161758920348714,0.032483285939545851,1.241632339723161
10072,3725,3677,0.050356907230182449,0.061812312732547815,1.2274842942598216
10073,3677,3724,0.056238949786317077,0.069828097587016039,1.2416323180345945
10074,3725,3726,0.026161354969484508,0.031689454788446238,1.2113078556294157
10075,3726,3678,0.051711294998711528,0.06181276764735353,1.1953436410535396
10076,3678,3725,0.05734456460244737,0.069461867145834147,1.2113069063719011
10077,3726,3727,0.026160710576968189,0.030814455569168179,1.1778906187776541
10078,3727,3679,0.053255507263980824,0.061813200420441194,1.1606912335665298
10079,3679,3726,0.058636986211262059,0.069067939182419422,1.1778903324528973
10080,3727,3728,0.026161599297815454,0.02989022025680731,1.1425226690672234
10081,3728,3680,0.05496373071372801,0.061814304976920288,1.1246380872301531
10082,3680,3727,0.060095905335562715,0.068660925577708476,1.1425225261907699
10083,3728,3729,0.026160986179221749,0.028940867640022471,1.1062605760255564
10084,3729,3681,0.056804920186572253,0.061814167115591526,1.0881833283554789
10085,3681,3728,0.061697641690830952,0.068253674655779334,1.1062606735894525
10086,3729,3730,0.026160211503972405,0.027992156156152151,1.0700278991208296
10087,3730,3682,0.058751880335268437,0.061817284104263515,1.0521754155186576
10088,3682,3729,0.063417090623037103,0.067858052679811223,1.0700278428597745
10089,3730,3731,0.026161658009664891,0.027066742633527707,1.0345958434105533
10090,3731,3683,0.060767248413127875,0.061819090001705469,1.0173093502839987
10091,3683,3730,0.065228082143885785,0.067484663912561457,1.034595249385041
10092,3731,3732,0.026161310552856507,0.026176589083637326,1.0005840124389009
10093,3732,3684,0.062816672318408789,0.0618200054587347,0.98413372082777439
10094,3684,3731,0.067093329472414504,0.067132556062180618,1.0005846570750709
10095,3732,3733,0.026161310552856278,0.025336391914694487,0.9684679925917653
10096,3733,3685,0.064865553336404549,0.061820302559867861,0.95305288215544137
10097,3685,3732,0.068984985922330419,0.066809795149091258,0.96846863496227731
10098,3733,3734,0.026161658009664995,0.024555215804494969,0.93859555061164113
10099,3734,3686,0.066880921405312876,0.061821925963111764,0.92435816768219292
10100,3686,3733,0.070871420246238118,0.066519601513032378,0.93859557607162902
10101,3734,3735,0.026160653621355411,0.023837832015211603,0.91120934362864514
10102,3735,3687,0.068824031742239791,0.061821045322693266,0.89824794853962997
10103,3687,3734,0.072714287726136417,0.066257965315617395,0.91120971390333294
10104,3735,3736,0.026160567461421005,0.023190500108954567,0.88646777800801158
10105,3736,3688,0.070669071030644265,0.06182429321976364,0.87484230821365605
10106,3688,3735,0.074486025731363995,0.066029450621096331,0.88646762896484033
10107,3736,3737,0.026161987573343995,0.022616035228153555,0.86446166082567244
10108,3737,3689,0.072375369568107709,0.061823361861739909,0.85420443765143061
10109,3689,3736,0.07615290409500769,0.065831296301089123,0.86446205937147957
10110,3737,3738,0.026160359590810329,0.022111687218274872,0.84523636387790002
10111,3738,3690,0.073921506747098159,0.061825249312717337,0.83636348923778303
10112,3690,3737,0.077680817451665635,0.065658703501628654,0.84523703091155866
10113,3738,3739,0.026161662825865621,0.021682956591434023,0.82880651492826474
10114,3739,3690,0.07904911975404906,0.065516477154979894,0.82880716899600904
10115,3739,3740,0.026161499533237594,0.021325886391131494,0.81516299797866854
10116,3740,3692,0.076417358913082101,0.061825807512988877,0.80905449223009906
10117,3692,3739,0.080228393834676559,0.065399285397223311,0.8151638375309993
10118,3740,3741,0.026161451294443128,0.021041329001192564,0.80428752840871209
10119,3741,3693,0.077322850635458754,0.061823431664894554,0.79954930731102059
10120,3693,3740,0.081198402406504402,0.065306848677665869,0.80428735962955922
10121,3741,3742,0.026160658361290348,0.020827996806637012,0.79615721129770878
10122,3742,3694,0.077985755840498661,0.061825491992031502,0.7927792880340977
10123,3694,3741,0.081941820973422883,0.065238567404967931,0.79615715918892616
10124,3742,3743,0.02616054674323999,0.020686460507897717,0.79075031232836135
10125,3743,3695,0.078385196795787274,0.061824555409618141,0.78872743753755348
10126,3695,3742,0.082445765127093062,0.065194093853910853,0.79075127453073968
10127,3743,3696,0.026162015705704273,0.020617008814712956,0.78805123606044225
10128,3648,3743,0.082700543322566752,0.065172329294142087,0.78805200879929782
10129,3744,3745,0.026161976717914384,0.020616997324028406,0.7880519712377444
10130,3745,3697,0.078384070939121669,0.061823605959158257,0.78872665349538451
10131,3697,3744,0.082700057134037205,0.065171928531822507,0.78805179573448481
10132,3745,3746,0.026160533211430331,0.020686450097204351,0.79075032339806484
10133,3746,3698,0.077984386375393067,0.06182439744767073,0.7927791744114896
10134,3698,3745,0.082443419919325148,0.065192174568596314,0.79075048842454609
10135,3746,3747,0.026160512416771305,0.020827861645009424,0.79615648627955926
10136,3747,3699,0.077325828037442895,0.061825781821720362,0.79954891387367921
10137,3699,3746,0.081942990939688085,0.06523948953356766,0.79615704510450946
10138,3747,3748,0.026161541961897627,0.021041374922620131,0.80428649631070503
10139,3748,3699,0.081198164347655311,0.065306632948952476,0.80428706084213686
10140,3700,3748,0.07641428062858191,0.061823217401398262,0.80905318865586462
10141,3748,3749,0.026161312081829247,0.02132570828856863,0.81516203093577777
10142,3749,3700,0.080227006560376651,0.065398047622888894,0.81516250483148855
10143,3701,3749,0.075274453523886301,0.061824261587582093,0.8213179730087824
10144,3749,3750,0.026162577887885844,0.02168371307103286,0.82880644116775481
10145,3750,3701,0.079048464539492228,0.06551591620848865,0.82880694255303611
10146,3750,3751,0.026159816474218032,0.022111237811646325,0.84523673296554624
10147,3751,3703,0.07237664288866312,0.061824416129894422,0.85420397606723519
10148,3703,3750,0.077680851462575945,0.065658714311668018,0.8452368000021242
10149,3751,3752,0.026160503624906704,0.02261472315407724,0.86446054243949555
10150,3752,3704,0.070666116555140698,0.061821643836146044,0.87484139287471219
10151,3704,3751,0.076150790820613476,0.065829433883767552,0.86446159224846808
10152,3752,3753,0.026163346071882324,0.023192957096937677,0.88646754253895244
10153,3753,3705,0.068826158637546916,0.061822989336644131,0.89824843577595326
10154,3705,3752,0.074485791727736422,0.066029174098854115,0.88646670146444451
10155,3753,3754,0.026160739628105396,0.023837959305500769,0.91121121361151491
10156,3754,3705,0.072714722549294286,0.066258407715970871,0.91121034906037646
10157,3754,3755,0.026160636649323294,0.024554293606970225,0.93859694380203007
10158,3755,3707,0.064864220383099566,0.06181901472953702,0.95305261304958233
10159,3707,3754,0.070868722468480749,0.066517140981700418,0.93859658626249798
10160,3755,3756,0.026161490588808588,0.025336585571920027,0.96846873024729563
10161,3756,3708,0.062814807438400289,0.061818153877272568,0.98413346149146286
10162,3708,3755,0.068984226826625195,0.066809041124365628,0.96846836150347304
10163,3756,3757,0.026161490588808577,0.026176789975023682,1.0005848056005513
10164,3757,3709,0.060765394494348313,0.061817264951441991,1.0173103534642816
10165,3709,3756,0.067092079800489049,0.067131287969348516,1.0005843934034548
10166,3757,3758,0.026160636649323301,0.027065687604529726,1.0345959071003663
10167,3758,3710,0.058750888938901687,0.06181622257145112,1.0521751021629178
10168,3710,3757,0.065225733178300507,0.067482300228925984,1.0345962696112123
10169,3758,3759,0.026160739628105504,0.027992709039414046,1.0700274318444876
10170,3759,3711,0.056805417816567165,0.061814697841698477,1.0881831384694149
10171,3711,3758,0.063418264710243533,0.067859288776227669,1.070027524188419
10172,3759,3760,0.02616157445226637,0.028941523510855219,1.1062607704922753
10173,3760,3712,0.054963888526415081,0.061814506390051489,1.1246385226246152
10174,3712,3759,0.06169683757182956,0.068252773180582413,1.1062604805492697
10175,3760,3761,0.026160503624906795,0.02988896938845961,1.14252270587035
10176,3761,3713,0.053255323733635875,0.06181298821444503,1.1606912488901868
10177,3713,3760,0.060096192109377611,0.068661279804910366,1.1425229685092848
10178,3761,3762,0.026161301684811417,0.030815149813373504,1.1778905417104681
10179,3762,3714,0.051711498744582363,0.061813069799356357,1.1953447743734618
10180,3714,3761,0.058636609758823122,0.069067496674572224,1.1778903480036131
10181,3762,3763,0.026161275462902214,0.031689366591349577,1.2113081656238982
10182,3763,3715,0.050357513100769247,0.06181306316261883,1.2274844279725678
10183,3715,3762,0.057345498875477047,0.069463064695909973,1.2113080548265109
10184,3763,3764,0.026161312081829306,0.032482736741023373,1.2416325541861755
10185,3764,3716,0.049215724426234224,0.061812170981503232,1.2559435363823381
10186,3716,3763,0.056238441987281895,0.069827474693731892,1.2416324532874348
10187,3764,3765,0.026161680255917405,0.033165084521959036,1.2676970361816711
10188,3765,3717,0.048308100156026157,0.061813126886007007,1.2795602949890832
10189,3717,3764,0.055335208774738298,0.070148273043212403,1.2676969075652351
10190,3765,3766,0.02616041188353577,0.033704970846445664,1.2883960312436102
10191,3766,3718,0.047645618683232846,0.061810299030263922,1.2972924004031419
10192,3718,3765,0.054645135120793636,0.070404561713583655,1.2883957841435225
10193,3766,3767,0.02616053321143031,0.034081473421567789,1.3027820628165403
10194,3767,3718,0.054180649932532993,0.07058556534631398,1.3027818129573707
10195,3767,3768,0.026162126400132199,0.034276568015041836,1.3101598658612335
10196,3768,3720,0.047112969619132021,0.061813532438084857,1.3120279391809577
10197,3720,3767,0.053948310689462896,0.070680925122705796,1.3101601184429874
10198,3768,3769,0.026162126400132199,0.034276568014725464,1.3101598658491407
10199,3769,3720,0.053948310689462896,0.070680925122053401,1.3101601184308944
10200,3769,3770,0.02616053321143031,0.034081473421683509,1.3027820628209636
10201,3770,3722,0.047645618683232846,0.061810299031422426,1.2972924004274569
10202,3722,3769,0.054180649932532993,0.070585565346094281,1.3027818129533157
10203,3770,3771,0.02616041188353577,0.03370497084679324,1.2883960312568965
10204,3771,3722,0.054645135120793636,0.070404561713851482,1.2883957841484237
10205,3723,3771,0.048308100156026157,0.061813126886268895,1.2795602949945044
10206,3771,3772,0.026161680255917405,0.033165084522563955,1.2676970362047935
10207,3772,3723,0.055335208774738298,0.070148273045113618,1.2676969075995932
10208,3724,3772,0.049215724426234224,0.061812170982971155,1.2559435364121645
10209,3772,3773,0.026161312081829306,0.032482736742024038,1.2416325542244253
10210,3773,3724,0.056238441987281895,0.06982747469467096,1.2416324533041327
10211,3725,3773,0.050357513100769247,0.061813063163396187,1.2274844279880046
10212,3773,3774,0.026161275462902214,0.0316893665918421,1.2113081656427245
10213,3774,3725,0.057345498875477047,0.069463064696438717,1.2113080548357313
10214,3726,3774,0.051711498744582363,0.061813069799812617,1.1953447743822849
10215,3774,3775,0.026161301684811417,0.030815149813624414,1.1778905417200591
10216,3775,3726,0.058636609758823122,0.069067496674913798,1.1778903480094385
10217,3727,3775,0.053255323733635875,0.061812988214750376,1.1606912488959205
10218,3775,3776,0.026160503624906795,0.02988896938862667,1.142522705876736
10219,3776,3727,0.060096192109377611,0.06866127980524149,1.1425229685147946
10220,3728,3776,0.054963888526415081,0.061814506390362484,1.1246385226302733
10221,3776,3777,0.02616157445226637,0.028941523510931634,1.1062607704951961
10222,3777,3728,0.06169683757182956,0.068252773180732515,1.1062604805517027
10223,3729,3777,0.056805417816567165,0.061814697841853762,1.0881831384721485
10224,3777,3778,0.026160739628105504,0.027992709039709723,1.0700274318557899
10225,3778,3729,0.063418264710243533,0.067859288777127907,1.0700275242026143
10226,3730,3778,0.058750888938901687,0.061816222572337105,1.0521751021779981
10227,3778,3779,0.026160636649323301,0.027065687605026086,1.0345959071193398
10228,3779,3730,0.065225733178300507,0.067482300229692246,1.03459626962296
10229,3731,3779,0.060765394494348313,0.061817264952147954,1.0173103534758994
10230,3779,3780,0.026161490588808577,0.026176789975388449,1.0005848056144941
10231,3780,3731,0.067092079800489049,0.06713128797001941,1.0005843934134544
10232,3732,3780,0.062814807438400289,0.06181815387787816,0.98413346150110381
10233,3780,3781,0.026161490588808588,0.02533658557221511,0.96846873025857494
10234,3781,3732,0.068984226826625195,0.06680904112496254,0.9684683615121259
10235,3733,3781,0.064864220383099566,0.061819014730081466,0.95305261305797595
10236,3781,3782,0.026160636649323294,0.024554293607223245,0.93859694381170189
10237,3782,3733,0.070868722468480749,0.066517140982254266,0.93859658627031306
10238,3782,3783,0.026160739628105396,0.023837959305726499,0.91121121362014346
10239,3783,3735,0.068826158637546916,0.061822989337208395,0.89824843578415159
10240,3735,3782,0.072714722549294286,0.066258407716599105,0.9112103490690161
10241,3783,3784,0.026163346071882324,0.023192957097135938,0.88646754254653026
10242,3784,3735,0.074485791727736422,0.066029174099419358,0.8864667014720331
10243,3736,3784,0.070666116555140698,0.061821643836815272,0.87484139288418239
10244,3784,3785,0.026160503624906704,0.022614723154226208,0.86446054244518999
10245,3785,3736,0.076150790820613476,0.065829433884388347,0.86446159225662023
10246,3737,3785,0.07237664288866312,0.061824416130768382,0.85420397607931042
10247,3785,3786,0.026159816474218032,0.022111237811685253,0.84523673296703439
10248,3786,3737,0.077680851462575945,0.065658714312370831,0.84523680001117163
10249,3786,3787,0.026162577887885844,0.021683713070826598,0.8288064411598709
10250,3787,3739,0.075274453523886301,0.061824261589399847,0.82131797303293075
10251,3739,3786,0.079048464539492228,0.065515916210928643,0.82880694258390319
10252,3787,3788,0.026161312081829247,0.021325708287839543,0.81516203090790884
10253,3788,3740,0.07641428062858191,0.061823217398663581,0.80905318862007702
10254,3740,3787,0.080227006560376651,0.065398047621097077,0.8151625048091542
10255,3788,3789,0.026161541961897627,0.021041374922802891,0.80428649631769089
10256,3789,3741,0.077325828037442895,0.06182578182445754,0.79954891390907723
10257,3741,3788,0.081198164347655311,0.065306632947944351,0.80428706082972123
10258,3789,3790,0.026160512416771305,0.020827861646134975,0.79615648632258407
10259,3790,3741,0.081942990939688085,0.065239489535519488,0.79615704512832886
10260,3742,3790,0.077984386375393067,0.061824397451253163,0.7927791744574274
10261,3790,3791,0.026160533211430331,0.020686450097764771,0.79075032341948714
10262,3791,3742,0.082443419919325148,0.065192174571552811,0.79075048846040707
10263,3743,3791,0.078384070939121669,0.061823605957880036,0.78872665347907733
10264,3791,3744,0.026161976717914384,0.020616997324177846,0.78805197124345649
10265,3744,3743,0.082700057134037205,0.065171928530002671,0.78805179571247952
10266,3792,3793,0.026162016393723571,0.020616986110321343,0.78805034749796599
10267,3793,3745,0.078387349490772959,0.061826157447325267,0.78872621473957194
10268,3745,3792,0.082700013579105475,0.06517182520722252,0.78805096138083908
10269,3793,3794,0.026160650639782988,0.020686525043864108,0.79074963878787186
10270,3794,3745,0.082446769415992452,0.065194803920945107,0.79075025477346439
10271,3794,3795,0.02616061875987221,0.020827957154507269,0.79615690078612689
10272,3795,3747,0.07732386031588323,0.061824202690649616,0.799548838328629
10273,3747,3794,0.081941349101420993,0.065238130919957366,0.79615641718578967
10274,3795,3796,0.026162224480508138,0.021041971106811209,0.80428830210857205
10275,3796,3748,0.076417405394580973,0.061825810818810507,0.8090540433762855
10276,3748,3795,0.081200096557455068,0.065308180829676071,0.80428698484940475
10277,3796,3797,0.026160087575210222,0.021324745108277626,0.81516336850819049
10278,3797,3749,0.075275751693458778,0.061825290586233345,0.82131747867495242
10279,3749,3796,0.080229230141407426,0.065399929294145134,0.81516336600606765
10280,3797,3798,0.026161768934948391,0.021683021831975357,0.82880564712158789
10281,3798,3749,0.079048791932392795,0.065516084950606637,0.82880564457759043
10282,3798,3799,0.02616158393180178,0.022112723682333781,0.84523642528592302
10283,3799,3751,0.072375519010826339,0.061823488121343743,0.85420441837654848
10284,3751,3798,0.077680772781749619,0.065658579493839006,0.84523592058374686
10285,3799,3800,0.026159938492947975,0.022614252293740103,0.86446121805050513
10286,3800,3752,0.070667768753661417,0.061823025571157507,0.87484049180418411
10287,3752,3799,0.076151447828973998,0.065829961205753809,0.8644610586209619
10288,3800,3801,0.026162735822670022,0.023192409600975839,0.88646729295334648
10289,3801,3753,0.068825066836399662,0.061822038476664613,0.89824886946522597
10290,3753,3800,0.074485346890586127,0.066028854590728811,0.88646770602707503
10291,3801,3802,0.026160369835299846,0.023837593194117601,0.91121009925295571
10292,3802,3754,0.066881647706020911,0.061822685281663819,0.92435948278975089
10293,3754,3801,0.072715928565532481,0.066259538641639221,0.91121078900787622
10294,3802,3803,0.026161695163189239,0.024555268300262823,0.93859622425435429
10295,3803,3755,0.064865552318916914,0.061820307086753783,0.9530529668938772
10296,3755,3802,0.070871770287199626,0.066519976640054934,0.93859623331674158
10297,3803,3804,0.026160519068005983,0.02533562898185451,0.96846813000892229
10298,3804,3756,0.062815457567354183,0.061818779511160812,0.98413323575451672
10299,3756,3803,0.06898527537556054,0.066810081403660668,0.96846872089648162
10300,3804,3805,0.026162508628672042,0.026177792505120309,1.0005841900203529
10301,3805,3757,0.060765127730502473,0.061817018720776433,1.0173107673687312
10302,3757,3804,0.067092948748535039,0.067132144121655968,1.0005841951181462
10303,3805,3806,0.026159893538745298,0.027064902215064031,1.0345952736764135
10304,3806,3758,0.058751253561472379,0.061816547026582874,1.0521740946668181
10305,3758,3805,0.065225174164278463,0.067481697886464145,1.0345959018292894
10306,3806,3807,0.026162257887379973,0.027994318782003164,1.0700268647495801
10307,3807,3759,0.056807599358964962,0.061817071194708854,1.0881831285298511
10308,3759,3806,0.063419216131000405,0.067860259764996017,1.0700267821794276
10309,3807,3808,0.026160806904299418,0.028940661813461048,1.1062602892690123
10310,3808,3759,0.061699202311781713,0.068255372130075181,1.1062602039028557
10311,3760,3808,0.054962911295814057,0.061813391900977878,1.1246382413823401
10312,3808,3809,0.026161596316350781,0.029890199937639472,1.1425220225937951
10313,3809,3760,0.060094937809120522,0.068659825058569157,1.1425226077553035
10314,3761,3809,0.053254925988497605,0.061812507037711129,1.1606908823995334
10315,3809,3810,0.026160084822930058,0.030813689462365207,1.1778895088045025
10316,3810,3761,0.058637322141093462,0.069068292505678544,1.1778896099567102
10317,3762,3810,0.05171040342704173,0.061811721787015723,1.1953440253898997
10318,3810,3811,0.026161872367955624,0.031690044495262734,1.2113064405160197
10319,3811,3762,0.057344887630777934,0.069462286664994308,1.2113073987037124
10320,3763,3811,0.050356914498289704,0.061812294905841128,1.2274837630875992
10321,3811,3812,0.026161195268037517,0.032482539107307633,1.2416305438075006
10322,3812,3763,0.056238258020577962,0.069827183098829043,1.2416313299263075
10323,3812,3813,0.026161342661269803,0.03316459800296441,1.2676947980985118
10324,3813,3765,0.0483068197346644,0.061811446601017596,1.2795594274375806
10325,3765,3812,0.055333783228599463,0.07014640383461769,1.2676957862220104
10326,3813,3814,0.026160618759872176,0.033705168030731182,1.2883933801455647
10327,3814,3766,0.047648185561750302,0.061813561866613215,1.2972909909970256
10328,3766,3813,0.05464584661480381,0.070405437023898967,1.2883950269850117
10329,3814,3815,0.026160650639783008,0.034081551333330205,1.3027791931712023
10330,3815,3767,0.047245316708429505,0.061810740519965157,1.3082934950235372
10331,3767,3814,0.054179906932709909,0.070584520695046296,1.3027803975874397
10332,3815,3816,0.026162006073432168,0.034276345925757887,1.3101574026682123
10333,3816,3767,0.053946279969874937,0.070678183390694066,1.3101586139055867
10334,3816,3817,0.026162006073432168,0.034276345926230981,1.3101574026862957
10335,3817,3769,0.047245316708429505,0.061810740520247771,1.3082934950295191
10336,3769,3816,0.053946279969874937,0.070678183390041699,1.3101586138934938
10337,3817,3818,0.026160650639783008,0.03408155133394198,1.3027791931945876
10338,3818,3770,0.047648185561750302,0.061813561867650045,1.2972909910187858
10339,3770,3817,0.054181159631606718,0.070586177655770452,1.3027808584331928
10340,3818,3819,0.026160618759872176,0.033705168031500185,1.2883933801749601
10341,3819,3770,0.05464584661480381,0.070405437026102149,1.2883950270253293
10342,3819,3820,0.026161342661269803,0.033164598003345661,1.2676947981130851
10343,3820,3772,0.049215025743223569,0.061811237552441819,1.2559424000901316
10344,3772,3819,0.055334117417123636,0.070146841975171792,1.2676960481069175
10345,3820,3821,0.026161195268037517,0.032482539107047764,1.2416305437975672
10346,3821,3773,0.050356914498289704,0.061812294906423697,1.227483763099168
10347,3773,3820,0.056238258020577962,0.069827183099044218,1.2416313299301336
10348,3821,3822,0.026161872367955624,0.031690044495206085,1.2113064405138543
10349,3822,3774,0.05171040342704173,0.06181172178728337,1.1953440253950756
10350,3774,3821,0.057344887630777934,0.069462286665304157,1.2113073987091156
10351,3822,3823,0.026160084822930058,0.030813689462156808,1.1778895087965362
10352,3823,3775,0.053254925988497605,0.061812507037528719,1.1606908823961082
10353,3775,3822,0.058637322141093462,0.069068292505809384,1.1778896099589415
10354,3823,3824,0.026161596316350781,0.029890199937924588,1.1425220226046933
10355,3824,3776,0.054962911295814057,0.061813391902095421,1.1246382414026728
10356,3776,3823,0.060094937809120522,0.068659825058358492,1.1425226077517978
10357,3824,3825,0.026160806904299418,0.02894066181428312,1.1062602893004361
10358,3825,3777,0.056807599358964962,0.061817071195510401,1.0881831285439609
10359,3777,3824,0.061699202311781713,0.068255372131115891,1.1062602039197231
10360,3825,3826,0.026162257887379973,0.027994318782440353,1.0700268647662907
10361,3826,3778,0.058751253561472379,0.061816547027399672,1.0521740946807208
10362,3778,3825,0.063418344403199142,0.067859373431659639,1.0700275144400722
10363,3826,3827,0.026159893538745298,0.027064902215256641,1.0345952736837762
10364,3827,3778,0.065225174164278463,0.067481697887491227,1.0345959018450361
10365,3827,3828,0.026162508628672042,0.026177792505369696,1.0005841900298851
10366,3828,3780,0.062815457567354183,0.061818779511854362,0.98413323576555778
10367,3780,3827,0.067092587368867238,0.067131823148417757,1.0005848005135769
10368,3828,3829,0.026160519068005983,0.025335628982110923,0.96846813001872389
10369,3829,3780,0.06898527537556054,0.066810081404422975,0.96846872090753189
10370,3781,3829,0.064865552318916914,0.061820307087405886,0.95305296690393038
10371,3829,3830,0.026161695163189239,0.024555268300523129,0.93859622426430422
10372,3830,3781,0.070871770287199626,0.066519976640775844,0.93859623332691366
10373,3782,3830,0.066881647706020911,0.061822685282304113,0.92435948279932445
10374,3830,3831,0.026160369835299846,0.023837593194392812,0.91121009926347585
10375,3831,3782,0.072715928565532481,0.066259538642368887,0.91121078901791075
10376,3783,3831,0.068825066836399662,0.061822038477323489,0.89824886947479921
10377,3831,3832,0.026162735822670022,0.023192409601288686,0.88646729296530424
10378,3832,3783,0.074485346890586127,0.066028854591517611,0.886467706037665
10379,3784,3832,0.070667768753661417,0.061823025571861048,0.8748404918141397
10380,3832,3833,0.026159938492947975,0.022614252294127099,0.86446121806529863
10381,3833,3784,0.076151447828973998,0.065829961206656656,0.86446105863281775
10382,3785,3833,0.072375519010826339,0.061823488122105419,0.85420441838707251
10383,3833,3834,0.02616158393180178,0.022112723682854957,0.84523642530584453
10384,3834,3785,0.077680772781749619,0.065658579494918545,0.84523592059764396
10385,3834,3835,0.026161768934948391,0.021683021832733539,0.82880564715056837
10386,3835,3787,0.075275751693458778,0.061825290587002757,0.82131747868517369
10387,3787,3834,0.079048791932392795,0.065516084950945283,0.82880564458187445
10388,3835,3836,0.026160087575210222,0.02132474510945525,0.81516336855320659
10389,3836,3787,0.080229230141407426,0.065399929295807971,0.81516336602679373
10390,3836,3837,0.026162224480508138,0.021041971106972295,0.80428830211472924
10391,3837,3789,0.07732386031588323,0.061824202691128809,0.79954883833482626
10392,3789,3836,0.081198584626349948,0.065307032098490717,0.8042878136240047
10393,3837,3838,0.02616061875987221,0.020827957153678588,0.79615690075445023
10394,3838,3789,0.081941349101420993,0.065238130921318055,0.79615641720239538
10395,3838,3839,0.026160650639782988,0.020686525043472067,0.79074963877288607
10396,3839,3791,0.078387349490772959,0.061826157447426484,0.78872621474086313
10397,3791,3838,0.082446769415992452,0.065194803920547939,0.79075025476864713
10398,3839,3792,0.026162016393723571,0.020616986110205657,0.78805034749354408
10399,3792,3791,0.082700013579105475,0.065171825207694906,0.78805096138655117
10400,0,1,0.026162054846329004,0.020617118435786123,0.788054247148674
10401,1,3793,0.078384317187362926,0.061823879431128118,0.78872766453204912
10402,3793,0,0.082698769654117196,0.065170946098733654,0.78805218470972849
10403,1,2,0.026160709353761653,0.020686676620513975,0.79075365812049103
10404,2,3793,0.082444430592579054,0.065193064463692774,0.79075158861684103
10405,2,3,0.026159995832380156,0.020827526912853903,0.79615941249784672
10406,3,3795,0.077323564831307479,0.06182404658577096,0.79954987487513085
10407,3795,2,0.081941029750928054,0.065238077157253757,0.79615886394831248
10408,3,4,0.026162366363861933,0.021042111879484224,0.80428932103594741
10409,4,3795,0.081198140480154335,0.065306752280134286,0.80428876688495021
10410,3796,4,0.076414852220282325,0.061823882143915182,0.80905583597406538
10411,4,5,0.026160764397996951,0.021325340401449771,0.81516503405697838
10412,5,3796,0.080227248298681483,0.065398409799726512,0.81516456299550433
10413,5,6,0.026161065304436373,0.021682484549577326,0.82880740127583519
10414,6,3798,0.073920927942596734,0.061824701647502256,0.83636262920714688
10415,3798,5,0.079049428598908483,0.065516708828287862,0.82880686159940842
10416,6,7,0.026161065304436234,0.022112296560380308,0.84523685496211964
10417,7,3798,0.077682304443155659,0.065659903939388309,0.84523630458768395
10418,3799,7,0.072375763927099657,0.061823725417382,0.85420480645501473
10419,7,8,0.026160764397996965,0.022614972788898791,0.86446146774787425
10420,8,3799,0.076151156409591636,0.065829749840903229,0.8644615911914324
10421,3800,8,0.070668410852937666,0.061823625393400743,0.87484103076913544
10422,8,9,0.026162366363862058,0.023192094620504724,0.88646777198792859
10423,9,3800,0.074487016566805009,0.066030311116306778,0.88646738934813307
10424,3801,9,0.068825005695953234,0.061821961472236307,0.89824854857761838
10425,9,10,0.02615999583238009,0.02383724929262615,0.91120998051234736
10426,10,3801,0.072714229085734244,0.06625792406327069,0.91120988142704229
10427,3802,10,0.066879522219549251,0.061820658993640427,0.92435856211260303
10428,10,11,0.02616070935376166,0.024554314145022873,0.93859512037628279
10429,11,3802,0.070869581627979503,0.066517859400307675,0.93859534474867345
10430,3803,11,0.064866012715019752,0.061820687342990364,0.95305206463963454
10431,11,12,0.026162054846328928,0.025337095027764007,0.96846731560611032
10432,12,3803,0.068985627130340108,0.066810387726577602,0.96846822310315961
10433,3804,12,0.062816373926045277,0.061819649554862882,0.98413272990962752
10434,12,13,0.02616205484632915,0.026177338986774514,1.0005842102440019
10435,13,3804,0.06709392934959596,0.067133119857244669,1.0005841140626077
10436,3805,13,0.060766813671486029,0.061818728838866931,1.0173106849582028
10437,13,14,0.026160709353761549,0.027065760952005719,1.0345958355335665
10438,14,3805,0.065226900680697725,0.06748348493191203,1.0345959140732572
10439,14,15,0.026159995832380194,0.027991905778787334,1.0700271497803393
10440,15,3807,0.056805822247751998,0.061815120345961524,1.0881828288016333
10441,3807,14,0.063417890684982825,0.067858888742153511,1.0700275270779749
10442,15,16,0.026162366363861957,0.028942399152925138,1.1062607544898246
10443,16,3808,0.054964337000162081,0.061815011434706135,1.1246385348835164
10444,3808,15,0.061699418326825822,0.068255592298655562,1.1062598991955039
10445,16,17,0.026160764397996965,0.029889288922660854,1.1425235313441136
10446,17,3809,0.053257062458286902,0.061815015348001254,1.1606914180897094
10447,3809,16,0.060097508449192434,0.068662779992153353,1.1425229059238315
10448,17,18,0.026161065304436317,0.030814897714218092,1.1778915482081913
10449,18,3809,0.058638015721472543,0.069069185313353446,1.177890903427367
10450,18,19,0.026161065304436373,0.03168914590132841,1.2113094605499337
10451,19,3811,0.050356823348999699,0.061812224810697237,1.2274845929479206
10452,3811,18,0.057344955988947587,0.06946239676399972,1.2113078747045789
10453,19,20,0.026160764397996951,0.032482087682681383,1.2416337377805533
10454,20,3811,0.056237877247063819,0.069826754313866479,1.2416321122346796
10455,3812,20,0.049215975726998401,0.061812447810313351,1.255942748208178
10456,20,21,0.026162366363861933,0.033165996095783079,1.2676986337747818
10457,21,3812,0.055334629792234934,0.07014754597769908,1.2676970324204253
10458,3813,21,0.048307184567333829,0.061811974189816626,1.2795606852984551
10459,21,22,0.026159995832380156,0.033704483138926426,1.2883978787644874
10460,22,3813,0.054644728715942816,0.070404028475635386,1.2883956079572363
10461,22,23,0.026160709353761653,0.034081759551389562,1.3027842284593456
10462,23,3815,0.047246432232662922,0.061812274831990983,1.308295079882418
10463,3815,22,0.0541807538808214,0.070585680878530177,1.3027814458579487
10464,23,24,0.026162054846328997,0.034276546860530395,1.3101626405824927
10465,24,3815,0.05394741456638525,0.070679736156560313,1.3101598422216327
10466,24,25,0.026162054846328997,0.034276546861010532,1.3101626406008449
10467,25,3817,0.047246432232662922,0.06181227483370999,1.3082950799188018
10468,3817,24,0.05394741456638525,0.070679736157535852,1.3101598422397158
10469,25,26,0.026160709353761653,0.034081759552404008,1.302784228498123
10470,26,3818,0.04764675169977322,0.061811729604189396,1.2972915760065045
10471,3818,25,0.054180128416235054,0.070584894746736682,1.3027819757914407
10472,26,27,0.026159995832380156,0.033704483140083702,1.2883978788087258
10473,27,3819,0.048307184567333829,0.061811974192118889,1.2795606853461139
10474,3819,26,0.054644728715942816,0.07040402847805903,1.288395608001589
10475,27,28,0.026162366363861933,0.033165996096860717,1.2676986338159721
10476,28,3820,0.049215975726998401,0.061812447810730073,1.2559427482166452
10477,3820,27,0.055334629792234934,0.070147545978499259,1.267697032434886
10478,28,29,0.026160764397996951,0.032482087683514071,1.2416337378123832
10479,29,3821,0.050356823348999699,0.061812224811370574,1.2274845929612919
10480,3821,28,0.056237877247063819,0.069826754314780165,1.2416321122509264
10481,29,30,0.026161065304436373,0.031689145902062316,1.2113094605779871
10482,30,3821,0.057344955988947587,0.069462396764736672,1.2113078747174302
10483,30,31,0.026161065304436317,0.030814897714999224,1.1778915482380499
10484,31,3823,0.053257062458286902,0.061815015348502381,1.160691418099119
10485,3823,30,0.058638015721472543,0.069069185313742551,1.1778909034340028
10486,31,32,0.026160764397996965,0.029889288922747483,1.1425235313474249
10487,32,3824,0.054964337000162081,0.061815011434973803,1.1246385348883863
10488,3824,31,0.060096442906383926,0.068661547087608146,1.1425226480470172
10489,32,33,0.026162366363861957,0.02894239915218717,1.1062607544616174
10490,33,3824,0.061699418326825822,0.068255592298714141,1.1062598991964534
10491,3825,33,0.056805822247751998,0.061815120345873595,1.0881828288000854
10492,33,34,0.026159995832380194,0.02799190577882232,1.0700271497816767
10493,34,3825,0.063417890684982825,0.067858888744107643,1.0700275271087885
10494,34,35,0.026160709353761549,0.027065760952674274,1.0345958355591223
10495,35,3827,0.060766813671486029,0.061818728839703227,1.0173106849719651
10496,3827,34,0.065226900680697725,0.067483484933281698,1.0345959140942558
10497,35,36,0.02616205484632915,0.026177338987161132,1.0005842102587796
10498,36,3828,0.062816373926045277,0.061819649555528537,0.98413272992022427
10499,3828,35,0.06709392934959596,0.067133119858179921,1.0005841140765472
10500,36,37,0.026162054846328928,0.025337095028019199,0.96846731561586463
10501,37,3829,0.064866012715019752,0.06182068734357303,0.95305206464861725
10502,3829,36,0.068985627130340108,0.066810387727309753,0.96846822311377267
10503,37,38,0.02616070935376166,0.024554314145213408,0.93859512038356607
10504,38,3830,0.066879522219549251,0.061820658994192833,0.92435856212086265
10505,3830,37,0.070869581627979503,0.066517859400953838,0.93859534475779105
10506,38,39,0.02615999583238009,0.0238372492927824,0.91120998051832025
10507,39,3831,0.068825005695953234,0.061821961472802882,0.89824854858585046
10508,3831,38,0.072714229085734244,0.066257924063906154,0.91120988143578152
10509,39,40,0.026162366363862058,0.023192094620640622,0.88646777199312299
10510,40,3832,0.070668410852937666,0.061823625394030378,0.87484103077804509
10511,3832,39,0.074487016566805009,0.066030311116997017,0.88646738935739966
10512,40,41,0.026160764397996965,0.022614972789020221,0.86446146775251598
10513,41,3833,0.072375763927099657,0.061823725418142308,0.85420480646551977
10514,3833,40,0.076151156409591636,0.065829749841727375,0.86446159120225485
10515,41,42,0.026161065304436234,0.022112296560488888,0.84523685496626999
10516,42,3834,0.073920927942596734,0.061824701648502671,0.8363626292206805
10517,3834,41,0.077682304443155659,0.065659903940466405,0.84523630460156218
10518,42,43,0.026161065304436373,0.021682484549672421,0.82880740127947017
10519,43,3834,0.079049428598908483,0.065516708829329237,0.8288068616125821
10520,43,44,0.026160764397996951,0.021325340401530016,0.8151650340600457
10521,44,3836,0.076414852220282325,0.061823882146129418,0.80905583600304187
10522,3836,43,0.080227248298681483,0.065398409802090773,0.81516456302497386
10523,44,45,0.026162366363861933,0.02104211187954886,0.80428932103841799
10524,45,3837,0.077323564831307479,0.061824046584219923,0.79954987485507178
10525,3837,44,0.081198140480154335,0.065306752278519037,0.80428876686505746
10526,45,46,0.026159995832380156,0.020827526912901725,0.79615941249967481
10527,46,3837,0.081941029750928054,0.065238077155589588,0.79615886392800317
10528,46,47,0.026160709353761653,0.020686676620543201,0.79075365812160825
10529,47,3839,0.078384317187362926,0.061823879430810601,0.78872766452799836
10530,3839,46,0.082444430592579054,0.065193064463388101,0.79075158861314554
10531,0,3839,0.082698769654117196,0.065170946098367974,0.78805218470530669
10532,49,1,0.078384317187362912,0.061823879373260733,0.78872766379379722
10533,64,16,0.054964337000162067,0.061815007966665135,1.124638471787313
10534,67,19,0.050356823348999692,0.061812222400944847,1.2274845450943781
10535,72,24,0.047112300075792674,0.061812636497844589,1.3120275681383102
10536,77,29,0.050356823348999692,0.061812222402740903,1.2274845451300447
10537,80,32,0.054964337000162067,0.061815007966662762,1.1246384717872699
10538,95,48,0.026162016393723571,0.020616986095298336,0.78805034692373621
10539,97,49,0.078387349490772973,0.061826158238533727,0.78872622483314514
10540,99,51,0.077323860315883272,0.06182419782566629,0.79954877541165437
10541,101,53,0.075273765559330533,0.061823656604666689,0.82131744234234549
10542,103,55,0.072375519010826381,0.061823472561490254,0.85420420338874969
10543,108,60,0.062815457567354224,0.061818772812335887,0.98413312911157835
10544,120,72,0.04711060010954065,0.061810335020543103,1.3120260594605655
10545,130,82,0.058751253561472379,0.061816538638658561,1.0521739518966846
10546,132,84,0.062815457567354224,0.061818772812085095,0.98413312910758588
10547,137,89,0.072375519010826381,0.061823472561510086,0.8542042033890237
10548,139,91,0.075273765559330533,0.061823656604689206,0.8213174423426447
10549,143,95,0.078387349490772973,0.061826158238518045,0.78872622483294508
10550,147,99,0.077325828037442867,0.061825776600181848,0.79954884634723145
10551,153,105,0.068826158637546916,0.061822982060176078,0.89824833005353322
10552,167,119,0.047245934119127454,0.061811566779325408,1.3082938866966136
10553,189,141,0.077325828037442867,0.061825776598083367,0.79954884632009326
10554,144,192,0.078518162817369411,0.061823423819086967,0.78737736086472321
10555,199,151,0.072373444664146053,0.061821729356851943,0.85420460009524113
10556,201,153,0.068824031742239791,0.061821029389135924,0.89824771702809336
10557,206,158,0.0587513374743849,0.061816643052975996,1.0521742263302098
10558,209,161,0.053255507263980824,0.061813203747126323,1.1606912960330296
10559,213,165,0.048306101322560531,0.061810625886090501,1.279561467263824
10560,215,167,0.047247604960918198,0.061813828150119987,1.3082954829403635
10561,217,169,0.047247604960918198,0.061813828135119507,1.308295482622877
10562,219,171,0.048306101322560531,0.061810625881346268,1.2795614671656121
10563,226,178,0.0587513374743849,0.061816643052543266,1.0521742263228444
10564,231,183,0.068824031742239791,0.061821029388784865,0.89824771702299255
10565,233,185,0.072373444664146053,0.061821729356410109,0.85420460008913623
10566,241,193,0.07838468555042595,0.061823986256093935,0.78872532079396696
10567,243,195,0.077325445344778837,0.061825458538965573,0.79954869012778529
10568,245,197,0.075274623700685467,0.061824397127155949,0.82131791681866573
10569,247,199,0.072377120388458407,0.061824842930161494,0.85420423744877771
10570,249,201,0.068826037869593196,0.061822841442360131,0.89824786310520688
10571,252,204,0.062814719943182371,0.061817995071520762,0.984132304138852
10572,256,208,0.054963262512803798,0.061813807875003519,1.1246386231276551
10573,264,216,0.047111805086455613,0.061811924901800291,1.3120262488004495
10574,272,224,0.054963262512803798,0.061813807873896225,1.124638623107509
10575,276,228,0.062814719943182371,0.061817995071051499,0.98413230413138131
10576,279,231,0.068826037869593196,0.06182284144181209,0.89824786309724414
10577,281,233,0.072377120388458407,0.06182484292918293,0.85420423743525731
10578,283,235,0.075274623700685467,0.061824397125015071,0.82131791679022481
10579,285,237,0.077325445344778837,0.061825458533923724,0.79954869006258233
10580,287,239,0.07838468555042595,0.061823986257656824,0.78872532081390567
10581,289,241,0.078386594187865186,0.061825543244340204,0.78872597903878883
10582,293,245,0.075274251702471581,0.061824055455259042,0.82131743666644896
10583,303,255,0.056805811685469887,0.061815137818064761,1.0881833387106796
10584,321,273,0.056805811685469887,0.061815137817432024,1.088183338699541
10585,331,283,0.075274251702471581,0.061824055455147006,0.8213174366649606
10586,333,285,0.07732442275254775,0.061824629341909951,0.79954854030737532
10587,335,287,0.078386594187865186,0.061825543244233012,0.78872597903742137
10588,337,289,0.078384134421282892,0.061823646367236917,0.78872653023072148
10589,341,293,0.075274455649438091,0.061824275621837191,0.82131813625806938
10590,344,296,0.07066665024512786,0.061822086424356062,0.87484104892347592
10591,347,299,0.0648643501307236,0.061819171531873891,0.95305312405485221
10592,351,303,0.056804774037299881,0.061813958871581726,1.0881824621112417
10593,355,307,0.050355982384760418,0.061811115831870447,1.2274830696298118
10594,359,311,0.047243581353822471,0.061808538988200649,1.3082949517585574
10595,361,313,0.047243581353822471,0.061808538987826581,1.3082949517506395
10596,363,315,0.048307339864652923,0.061812179954719999,1.2795608312919904
10597,365,317,0.050355982384760418,0.061811115831146249,1.2274830696154302
10598,369,321,0.056804774037299881,0.061813958871166343,1.0881824621039293
10599,373,325,0.0648643501307236,0.061819171531874204,0.95305312405485709
10600,376,328,0.07066665024512786,0.061822086424879782,0.87484104893088699
10601,379,331,0.075274455649438091,0.061824275623823872,0.82131813628446182
10602,383,335,0.078384134421282892,0.061823646364790277,0.788726530199508
10603,387,339,0.077324081307811182,0.061824411218962233,0.79954925003055688
10604,395,347,0.064866071605525766,0.061820821525272816,0.95305326798927759
10605,408,360,0.047111786237702277,0.061811815597075784,1.3120244536092218
10606,421,373,0.064866071605525766,0.061820821525392484,0.95305326799112244
10607,429,381,0.077324081307811182,0.0618244112197694,0.79954925004099564
10608,431,383,0.078386886047997595,0.061825806399370478,0.78872639948362677
10609,384,432,0.078518308312006582,0.061823551217304824,0.78737752438116537
10610,438,390,0.073919805763766833,0.061823791389939688,0.83636301193101581
10611,443,395,0.064864330582262583,0.061819115602463608,0.95305254902866909
10612,445,397,0.060765590987141585,0.061817413018169065,1.0173095005568209
10613,447,399,0.056806810692629522,0.061816185247768413,1.088182640321838
10614,449,401,0.053255010712855037,0.061812615695385646,1.1606910761631848
10615,451,403,0.05035697709134497,0.061812385522964697,1.2274840368364488
10616,453,405,0.048306369113660215,0.061810891186209631,1.2795598659210876
10617,455,407,0.047246860622188969,0.061812776941393331,1.3082938448689994
10618,457,409,0.047246860622188969,0.061812776941325524,1.3082938448675643
10619,459,411,0.048306369113660215,0.061810891186035742,1.2795598659174878
10620,461,413,0.05035697709134497,0.061812385522720149,1.2274840368315925
10621,463,415,0.053255010712855037,0.061812615695201321,1.1606910761597236
10622,465,417,0.056806810692629522,0.061816185247683259,1.088182640320339
10623,467,419,0.060765590987141585,0.061817413018204426,1.0173095005574029
10624,469,421,0.064864330582262583,0.061819115602635845,0.95305254903132441
10625,473,425,0.072376149026764411,0.061823987275993586,0.8542038794179464
10626,432,480,0.078521054472717899,0.061825691403363435,0.78737724319334934
10627,484,436,0.076416466049297166,0.061825028539610166,0.80905375157922255
10628,487,439,0.072375839394194508,0.061823689185078003,0.85420341515288978
10629,490,442,0.066880191239078957,0.061821288646641818,0.92435873016043113
10630,495,447,0.056806041661115345,0.061815317369855072,1.0881820940565317
10631,499,451,0.050356505615979846,0.061811868807007446,1.2274852683064732
10632,501,453,0.048307084499455304,0.061811898839043748,1.2795617760732532
10633,503,455,0.047245688256444339,0.061811333723646202,1.3082957621051292
10634,505,457,0.047245688256444339,0.061811333723615816,1.3082957621044862
10635,507,459,0.048307084499455304,0.061811898838972146,1.279561776071771
10636,509,461,0.050356505615979846,0.061811868806933783,1.2274852683050104
10637,513,465,0.056806041661115345,0.061815317369884451,1.0881820940570488
10638,518,470,0.066880191239078957,0.061821288646881072,0.92435873016400849
10639,521,473,0.072375839394194508,0.061823689185484768,0.85420341515850995
10640,524,476,0.076416466049297166,0.061825028539902752,0.80905375158305137
10641,480,528,0.078518228228857331,0.061823462499639791,0.78737719755268476
10642,530,482,0.077984648350062788,0.061824668797357901,0.79277999074683425
10643,532,484,0.076416466049297083,0.06182504959715221,0.80905402714211105
10644,535,487,0.072375839394194591,0.061823701932418478,0.85420359127990275
10645,539,491,0.064866153682152428,0.061820850923671143,0.95305251528549961
10646,546,498,0.051712386468504061,0.061814012260609369,1.1953424794707126
10647,549,501,0.048307084499455304,0.061811897986050079,1.2795617584155188
10648,552,504,0.047112632683630737,0.06181299395951536,1.312025892813081
10649,555,507,0.048307084499455304,0.06181189798605307,1.2795617584155807
10650,558,510,0.051712386468504061,0.061814012260686751,1.195342479472209
10651,565,517,0.064866153682152428,0.061820850923858958,0.95305251528839507
10652,569,521,0.072375839394194591,0.061823701932639634,0.85420359128295842
10653,572,524,0.076416466049297083,0.06182504959731959,0.80905402714430141
10654,574,526,0.077984648350062788,0.061824668797461096,0.79277999074815753
10655,528,576,0.078519878959376385,0.0618248485304181,0.78737829642356238
10656,578,530,0.077984174615097712,0.06182429023711427,0.79277995237183807
10657,580,532,0.076414906057880913,0.061823772758944635,0.80905383449815227
10658,582,534,0.073919805763766916,0.061823815775717814,0.83636334182606631
10659,585,537,0.068823110867311868,0.061820224218292204,0.89824803673113607
10660,594,546,0.05171135397989754,0.061812763162658269,1.19534219093717
10661,597,549,0.04830636911366018,0.061810886661437761,1.2795597722528631
10662,600,552,0.047110042610497449,0.061809484126117399,1.3120235240955715
10663,603,555,0.04830636911366018,0.061810886661471311,1.2795597722535577
10664,606,558,0.05171135397989754,0.061812763162884893,1.1953421909415525
10665,615,567,0.068823110867311868,0.061820224218471852,0.89824803673374642
10666,618,570,0.073919805763766916,0.061823815775865765,0.83636334182806782
10667,620,572,0.076414906057880913,0.061823772759055401,0.80905383449960178
10668,622,574,0.077984174615097712,0.061824290237174916,0.79277995237261578
10669,625,577,0.078386886047997678,0.061825804574259006,0.78872637620024821
10670,630,582,0.073919886066839399,0.061823803278643605,0.83636226417802717
10671,633,585,0.068827183936152031,0.061823916916375038,0.89824853176800579
10672,635,587,0.06486496047757799,0.06181969829970705,0.95305227729347641
10673,638,590,0.058751057208192924,0.06181633376959321,1.0521739813215281
10674,642,594,0.051710248835335468,0.061811502163454157,1.1953433517654268
10675,646,598,0.047645407121142722,0.061809946554146435,1.2972907629268253
10676,648,600,0.047111786237702291,0.061811822276056874,1.3120245953780147
10677,650,602,0.047645407121142722,0.061809946553948496,1.2972907629226709
10678,654,606,0.051710248835335468,0.061811502163913123,1.1953433517743026
10679,658,610,0.058751057208192924,0.061816333769848755,1.0521739813258777
10680,661,613,0.06486496047757799,0.06181969829989626,0.95305227729639341
10681,663,615,0.068827183936152031,0.061823916916535875,0.8982485317703427
10682,666,618,0.073919886066839399,0.061823803278762628,0.83636226417963733
10683,671,623,0.078386886047997678,0.061825804574281648,0.78872637620053709
10684,624,672,0.078519337846975484,0.061824335789776468,0.7873771924855566
10685,675,627,0.07732309814236521,0.061823536191495727,0.79954809981446806
10686,678,630,0.073920466908703686,0.061824308621018655,0.83636252862655036
10687,683,635,0.0648643501307236,0.061819170365318026,0.95305310607030658
10688,685,637,0.060765110648360703,0.061816978020838589,1.0173103835614634
10689,689,641,0.053256259930819623,0.061813974584302316,1.160689366181539
10690,694,646,0.047647446641312007,0.061812628052029243,1.2972915110719812
10691,698,650,0.047647446641312007,0.061812628051156913,1.2972915110536731
10692,703,655,0.053256259930819623,0.061813974584850252,1.1606893661918276
10693,707,659,0.060765110648360703,0.061816978021071743,1.0173103835653003
10694,709,661,0.0648643501307236,0.06181917036549589,0.95305310607304872
10695,714,666,0.073920466908703686,0.061824308621122391,0.83636252862795368
10696,717,669,0.07732309814236521,0.061823536191554257,0.79954809981522501
10697,672,720,0.078519016219041921,0.061824093888295413,0.78737733692213829
10698,722,674,0.077983879273025386,0.061824054819212305,0.79277993600142993
10699,726,678,0.073920275243297751,0.061824191918032331,0.83636311843465228
10700,729,681,0.068825789010225152,0.061822581313426224,0.89824733145073732
10701,733,685,0.060766466639510949,0.061818345792411654,1.0173101911477072
10702,738,690,0.051710346494648236,0.061811622078646912,1.1953434132382792
10703,740,692,0.049217231520758423,0.061813967919831236,1.2559415881358518
10704,742,694,0.04764674246515932,0.061811678407288011,1.2972907529299931
10705,746,698,0.04764674246515932,0.061811678407369959,1.297290752931713
10706,750,702,0.051710346494648236,0.061811622078918653,1.1953434132435343
10707,755,707,0.060766466639510949,0.06181834579260486,1.0173101911508866
10708,759,711,0.068825789010225152,0.061822581313538565,0.89824733145236957
10709,762,714,0.073920275243297751,0.061824191918131093,0.83636311843598832
10710,766,718,0.077983879273025386,0.061824054819259178,0.792779936002031
10711,769,721,0.078385377798860623,0.061824628600867799,0.78872654998884828
10712,784,736,0.054963262512803854,0.061813795290289936,1.1246383941617408
10713,786,738,0.05171205366567394,0.06181365393190362,1.1953432430190845
10714,790,742,0.047647154495101249,0.061812177087210207,1.2972900006770669
10715,792,744,0.047111805086455683,0.061811826444865769,1.3120241589434714
10716,794,746,0.047647154495101249,0.061812177088209103,1.2972900006980312
10717,798,750,0.05171205366567394,0.061813653931731917,1.195343243015764
10718,800,752,0.054963262512803854,0.06181379529047256,1.1246383941650635
10719,815,767,0.078385377798860623,0.061824628600906144,0.78872654998933744
10720,817,769,0.078384653911635599,0.06182402061430825,0.7887260774794459
10721,819,771,0.077322850635458754,0.061823412319961149,0.79954905712710667
10722,822,774,0.073921506747098187,0.061825250540702335,0.83636350584979524
10723,828,780,0.062816672318408789,0.06181999526619486,0.98413355856926144
10724,834,786,0.051711294998711591,0.061812755033035821,1.1953433971161602
10725,836,788,0.049215442849193179,0.06181174355595298,1.2559420372454557
10726,838,790,0.047646503036180482,0.061811367158223142,1.2972907394963811
10727,840,792,0.047110789110917144,0.061810558510393465,1.3120255397307683
10728,842,794,0.047646503036180482,0.061811367158325733,1.2972907394985342
10729,844,796,0.049215442849193179,0.061811743556144799,1.2559420372493533
10730,846,798,0.051711294998711591,0.061812755033484323,1.1953433971248335
10731,852,804,0.062816672318408789,0.061819995266334568,0.98413355857148554
10732,858,810,0.073921506747098187,0.061825250541520542,0.83636350586086383
10733,861,813,0.077322850635458754,0.061823412320171453,0.79954905712982649
10734,863,815,0.078384653911635599,0.061824020614365677,0.78872607748017853
10735,816,864,0.078520568411254169,0.061825314478280713,0.78737731691483059
10736,867,819,0.077325828037442867,0.061825776047603885,0.79954883920113318
10737,869,821,0.075274453523886301,0.061824241745864407,0.82131770941712867
10738,876,828,0.062814807438400261,0.061818143725877725,0.98413329988315379
10739,878,830,0.058750888938901687,0.061816204356137244,1.0521747921197133
10740,881,833,0.053255323733635916,0.061812979285385906,1.160691081225087
10741,884,836,0.049215724426234238,0.061812165226849555,1.2559434194552024
10742,887,839,0.047245934119127468,0.061811623358423495,1.3082950842408918
10743,889,841,0.047245934119127468,0.061811623357829228,1.3082950842283136
10744,892,844,0.049215724426234238,0.061812165228222013,1.255943419483089
10745,895,847,0.053255323733635916,0.061812979286443463,1.1606910812449451
10746,898,850,0.058750888938901687,0.061816204356556756,1.0521747921268538
10747,900,852,0.062814807438400261,0.061818143726125624,0.9841332998871003
10748,905,857,0.072376642888663065,0.061824399430964676,0.85420374534460108
10749,907,859,0.075274453523886301,0.061824241745861298,0.82131770941708737
10750,909,861,0.077325828037442867,0.061825776047598362,0.79954883920106179
10751,864,912,0.078518328893159073,0.061823505403742665,0.78737673451846801
10752,914,866,0.077984480624824937,0.061824466885450367,0.79277910669023133
10753,917,869,0.075275751693458778,0.061825285955588082,0.82131741715918993
10754,919,871,0.072375519010826353,0.061823468474958225,0.85420414692584534
10755,922,874,0.066881647706020939,0.061822672734332909,0.92435929518475957
10756,924,876,0.06281545756735421,0.061818769635700613,0.9841330785406619
10757,926,878,0.058751253561472407,0.061816535528797803,1.0521738989640135
10758,929,881,0.053256912130828754,0.061814806947519042,1.1606907812391998
10759,933,885,0.04830681973466442,0.061811445800933958,1.2795594108750399
10760,935,887,0.047245316708429505,0.061810751524857203,1.3082937279543929
10761,937,889,0.047245316708429505,0.061810751523162191,1.3082937279185161
10762,939,891,0.04830681973466442,0.061811445791974937,1.2795594106895791
10763,943,895,0.053256912130828754,0.061814806949007185,1.1606907812671425
10764,946,898,0.058751253561472407,0.061816535529132355,1.0521738989697078
10765,948,900,0.06281545756735421,0.061818769635869859,0.98413307854335619
10766,950,902,0.066881647706020939,0.061822672734509261,0.92435929518739635
10767,953,905,0.072375519010826353,0.061823468475674229,0.85420414693573821
10768,955,907,0.075275751693458778,0.0618252859550446,0.82131741715197004
10769,958,910,0.077984480624824937,0.061824466885309244,0.79277910668842166
10770,962,914,0.077984076236254446,0.061824161756502634,0.79277930495970739
10771,965,917,0.075274004579436324,0.06182384135027829,0.82131728869341425
10772,968,920,0.070668410852937666,0.061823608514062003,0.87484079191646369
10773,972,924,0.062816373926045277,0.061819636114448961,0.98413251594608453
10774,980,932,0.049215975726998401,0.061812443858562667,1.2559426679141144
10775,983,935,0.047246432232662922,0.061812276540417099,1.3082951160423149
10776,985,937,0.047246432232662922,0.06181227654039511,1.3082951160418494
10777,987,939,0.048307184567333815,0.061811972160660852,1.279560643293197
10778,996,948,0.062816373926045277,0.061819636114310551,0.98413251594388107
10779,1000,952,0.070668410852937666,0.061823608513975142,0.87484079191523456
10780,1003,955,0.075274004579436324,0.061823841350031404,0.82131728869013443
10781,1006,958,0.077984076236254446,0.061824161756379246,0.79277930495812521
10782,1009,961,0.078384317187362926,0.061823833599749529,0.7887270798311774
10783,1013,965,0.075274004579436324,0.061823839304993626,0.82131726152221918
10784,1020,972,0.062816373926045277,0.061819637681296079,0.98413254088937585
10785,1024,976,0.054964337000162074,0.061815002651888794,1.124638375092317
10786,1027,979,0.050356823348999692,0.061812218134250446,1.2274844603651573
10787,1031,983,0.047246432232662922,0.061812272071804765,1.3082950214613671
10788,1033,985,0.047246432232662922,0.061812272073462106,1.3082950214964457
10789,1037,989,0.050356823348999692,0.061812218129142942,1.2274844602637311
10790,1040,992,0.054964337000162074,0.061815002650679102,1.1246383750703084
10791,1044,996,0.062816373926045277,0.061819637680826225,0.98413254088189606
10792,1051,1003,0.075274004579436324,0.061823839304683451,0.82131726151809858
10793,1055,1007,0.078384317187362926,0.061823833599668504,0.78872707983014367
10794,1058,1010,0.077984480624824937,0.061824473546341824,0.79277919210326997
10795,1061,1013,0.075273765559330491,0.061823673192946016,0.82131766271499773
10796,1063,1015,0.072375519010826339,0.061823469385385764,0.85420415950506501
10797,1065,1017,0.068825066836399704,0.0618220210240246,0.89824861588552229
10798,1067,1019,0.064865552318916914,0.061820291643576553,0.95305272881408487
10799,1073,1025,0.053256912130828754,0.061814807976139231,1.1606908005535037
10800,1076,1028,0.049215025743223575,0.061811226802786216,1.2559421816679028
10801,1080,1032,0.047110600109540643,0.061810331085615546,1.3120259759352539
10802,1084,1036,0.049215025743223575,0.061811226801168864,1.2559421816350398
10803,1087,1039,0.053256912130828754,0.061814807974694783,1.1606908005263814
10804,1093,1045,0.064865552318916914,0.061820291642958845,0.95305272880456193
10805,1095,1047,0.068825066836399704,0.061822021023453383,0.89824861587722282
10806,1097,1049,0.072375519010826339,0.061823469384831596,0.85420415949740813
10807,1099,1051,0.075273765559330491,0.061823673192434432,0.8213176627082015
10808,1102,1054,0.077984480624824937,0.061824473546058197,0.79277919209963299
10809,1056,1104,0.078520568411254169,0.061825322374873037,0.78737741748201306
10810,1106,1058,0.077984386375393094,0.061824413515601501,0.79277938045184582
10811,1111,1063,0.072374681320717241,0.06182274520081335,0.85420404031701902
10812,1113,1065,0.068826158637546903,0.061822979140005528,0.89824828762532571
10813,1115,1067,0.064864220383099594,0.061819001807254394,0.95305241382907868
10814,1124,1076,0.049215724426234238,0.061812164422075586,1.2559434031032339
10815,1128,1080,0.047112969619132035,0.061813467388090335,1.3120265584572406
10816,1132,1084,0.049215724426234238,0.061812164421436083,1.2559434030902401
10817,1141,1093,0.064864220383099594,0.061819001806524575,0.95305241381782713
10818,1143,1095,0.068826158637546903,0.061822979139295783,0.89824828761501363
10819,1145,1097,0.072374681320717241,0.06182274519999148,0.85420404030566321
10820,1150,1102,0.077984386375393094,0.061824413514939253,0.79277938044335372
10821,1104,1152,0.078518162817369355,0.061823431984835441,0.78737746486293492
10822,1156,1108,0.07641543401505406,0.061824270024401648,0.80905475210966005
10823,1159,1111,0.07237536956810775,0.061823401452409187,0.85420498466997408
10824,1161,1113,0.068824031742239791,0.06182103891825351,0.89824785548434682
10825,1163,1115,0.064865553336404494,0.061820298989814837,0.95305282711770889
10826,1166,1118,0.058751337474384928,0.061816637582137977,1.0521741332116821
10827,1170,1122,0.051711294998711591,0.061812765229938435,1.1953435943052388
10828,1174,1126,0.047646503036180482,0.061811434711421358,1.2972921572960916
10829,1178,1130,0.047646503036180482,0.061811434711314818,1.2972921572938556
10830,1182,1134,0.051711294998711591,0.061812765229347866,1.1953435942938184
10831,1186,1138,0.058751337474384928,0.061816637581517925,1.0521741332011283
10832,1189,1141,0.064865553336404494,0.061820298989124577,0.95305282710706751
10833,1193,1145,0.07237536956810775,0.061823401451257302,0.85420498465405859
10834,1196,1148,0.07641543401505406,0.061824270022606279,0.80905475208616517
10835,1204,1156,0.076416734053475183,0.061825321468392834,0.80905474742127137
10836,1207,1159,0.072377120388458366,0.061824851509770358,0.85420435598912381
10837,1210,1162,0.066879619109972505,0.061820694749846354,0.92435775760314087
10838,1212,1164,0.062816596319549278,0.061819817081311783,0.98413191263711808
10839,1215,1167,0.056807154769512598,0.061816622402045225,1.0881837446859972
10840,1221,1173,0.048307747295208904,0.061812772744329628,1.2795623105045955
10841,1223,1175,0.047244754364506807,0.06181008100159386,1.3082951077427853
10842,1225,1177,0.047244754364506807,0.061810081001544691,1.3082951077417446
10843,1227,1179,0.048307747295208904,0.061812772744152103,1.2795623105009206
10844,1233,1185,0.056807154769512598,0.061816622401626553,1.0881837446786271
10845,1236,1188,0.062816596319549278,0.061819817080858569,0.98413191262990318
10846,1238,1190,0.066879619109972505,0.061820694749305322,0.92435775759505123
10847,1241,1193,0.072377120388458366,0.061824851508587284,0.85420435597277777
10848,1244,1196,0.076416734053475183,0.061825321465001019,0.80905474737688565
10849,1247,1199,0.078384685550426006,0.061823991292087231,0.78872538504112466
10850,1249,1201,0.07838659418786513,0.061825545090302754,0.78872600258825687
10851,1254,1206,0.073920275243297751,0.061824178746205737,0.83636294024502089
10852,1256,1208,0.070667408277793359,0.061822687190969269,0.87484016603445369
10853,1260,1212,0.062814821415972985,0.061818140032716407,0.98413302209909437
10854,1267,1219,0.050358186321476248,0.061813898425104416,1.2274846045982926
10855,1272,1224,0.047111605518528901,0.061811551166918575,1.312023873663321
10856,1277,1229,0.050358186321476248,0.06181389842493188,1.2274846045948664
10857,1284,1236,0.062814821415972985,0.061818140032546938,0.98413302209639641
10858,1288,1240,0.070667408277793359,0.061822687190974786,0.87484016603453174
10859,1290,1242,0.073920275243297751,0.061824178746418205,0.83636294024789526
10860,1295,1247,0.07838659418786513,0.061825545092693543,0.78872600261875681
10861,1248,1296,0.078519337846975581,0.06182437838459489,0.78737773496107299
10862,1306,1258,0.066881722076041109,0.061822655259372576,0.92435800604959562
10863,1308,1260,0.062816475396163973,0.061819779602299126,0.98413321047417901
10864,1312,1264,0.054962042777359055,0.061812453821867112,1.1246389453219159
10865,1315,1267,0.050355982384760418,0.061811134726245109,1.2274834448458987
10866,1317,1269,0.048307339864652923,0.061812201548628334,1.2795612783029082
10867,1319,1271,0.047245326360163896,0.061810831993382553,1.3082951638894791
10868,1321,1273,0.047245326360163896,0.06181083199338324,1.3082951638894937
10869,1323,1275,0.048307339864652923,0.061812201548581823,1.2795612783019454
10870,1325,1277,0.050355982384760418,0.061811134726197633,1.2274834448449559
10871,1328,1280,0.054962042777359055,0.061812453821783443,1.1246389453203935
10872,1332,1284,0.062816475396163973,0.061819779602371547,0.98413321047533187
10873,1334,1286,0.066881722076041109,0.061822655259668027,0.92435800605401308
10874,1296,1344,0.07852112273452827,0.061825752867708549,0.78737734146689387
10875,1346,1298,0.077984727775787216,0.061824668088983396,0.79277917423440425
10876,1349,1301,0.075273908610138621,0.061823913100315354,0.82131928900511897
10877,1351,1303,0.072376712192648268,0.061824513904527867,0.85420450904106904
10878,1356,1308,0.062814235979076843,0.061817526840918804,0.98413243235991854
10879,1358,1310,0.058751057208192972,0.061816354087135129,1.0521743271458048
10880,1365,1317,0.048307164735941995,0.061811947523984834,1.2795606585868384
10881,1367,1319,0.047245471178273463,0.061811008915398105,1.3082948984075922
10882,1369,1321,0.047245471178273463,0.061811008915507844,1.308294898409915
10883,1371,1323,0.048307164735941995,0.061811947523848471,1.2795606585840156
10884,1378,1330,0.058751057208192972,0.061816354087175007,1.0521743271464836
10885,1380,1332,0.062814235979076843,0.061817526841064258,0.98413243236223413
10886,1385,1337,0.072376712192648268,0.061824513905275325,0.85420450905139633
10887,1387,1339,0.075273908610138621,0.06182391310134925,0.82131928901885409
10888,1390,1342,0.077984727775787216,0.061824668089267405,0.79277917423804611
10889,1344,1392,0.078518308312006582,0.061823574296555821,0.78737781831580933
10890,1394,1346,0.077984174615097629,0.061824299136975236,0.79278006649577515
10891,1396,1348,0.076416144259835478,0.061824834859012218,0.80905462396520722
10892,1399,1351,0.072374910847776586,0.061823007114908957,0.85420495017864617
10893,1401,1353,0.068823110867311771,0.061820244228242123,0.89824832747576755
10894,1403,1355,0.064864330582262625,0.06181913706136255,0.95305287985608544
10895,1406,1358,0.058750591921831082,0.061815857850220535,1.0521742135375904
10896,1410,1362,0.051709783355640755,0.061810914226354874,1.1953427420347573
10897,1415,1367,0.047246860622188969,0.061812820144267151,1.3082947592762901
10898,1417,1369,0.047246860622188969,0.061812820145101144,1.308294759293942
10899,1419,1371,0.04830636911366018,0.061810952991496755,1.2795611453649436
10900,1422,1374,0.051709783355640755,0.061810914226317515,1.1953427420340348
10901,1426,1378,0.058750591921831082,0.061815857850259733,1.0521742135382577
10902,1429,1381,0.064864330582262625,0.061819137061500919,0.95305287985821863
10903,1431,1383,0.068823110867311771,0.061820244228505357,0.89824832747959238
10904,1433,1385,0.072374910847776586,0.061823007115268475,0.85420495018361364
10905,1436,1388,0.076416144259835478,0.061824834859382671,0.80905462397005501
10906,1438,1390,0.077984174615097629,0.061824299137165022,0.79278006649820876
10907,1392,1440,0.078521054472717899,0.061825715594587015,0.78737755127917097
10908,1442,1394,0.077984648350062788,0.061824688817607859,0.79278024746723219
10909,1444,1396,0.076415108452364253,0.061824018998010578,0.8090549140102381
10910,1453,1405,0.060766064838253857,0.061817939582741448,1.0173102330599728
10911,1458,1410,0.051712386468504103,0.061814038036893261,1.1953429779254465
10912,1461,1413,0.048308553120710147,0.061813768545712473,1.2795615797321938
10913,1467,1419,0.048308553120710147,0.061813768545753635,1.2795615797330457
10914,1470,1422,0.051712386468504103,0.061814038036698653,1.1953429779216833
10915,1475,1427,0.060766064838253857,0.061817939582734474,1.017310233059858
10916,1484,1436,0.076415108452364253,0.061824018998060698,0.80905491401089402
10917,1486,1438,0.077984648350062788,0.06182468881763277,0.7927802474675516
10918,1440,1488,0.078518228228857331,0.061823473126197584,0.7873773328914212
10919,1490,1442,0.077984648350062788,0.061824677619306753,0.79278010387100728
10920,1492,1444,0.076416466049297166,0.061825049811243829,0.80905402994375264
10921,1494,1446,0.073919943101448532,0.061823912587047038,0.83636309760410976
10922,1496,1448,0.070667480390094933,0.061822805320214572,0.87484094492889164
10923,1498,1450,0.066880191239078957,0.061821307247099028,0.92435900827652007
10924,1502,1454,0.05875066967406669,0.061815931963286379,1.0521740825462069
10925,1504,1456,0.054961911887075533,0.061812265358099409,1.1246381946301027
10926,1510,1462,0.047646212563223503,0.061810967133067975,1.2972902526312819
10927,1512,1464,0.047112632683630737,0.061812963183875011,1.3120252395776622
10928,1514,1466,0.047646212563223503,0.061810967132463944,1.2972902526186045
10929,1520,1472,0.054961911887075533,0.061812265358318852,1.1246381946340953
10930,1522,1474,0.05875066967406669,0.061815931963373719,1.0521740825476935
10931,1525,1477,0.064866153682152428,0.061820864727953492,0.95305272809729069
10932,1528,1480,0.070667480390094933,0.061822805319972335,0.87484094492546383
10933,1530,1482,0.073919943101448532,0.061823912586781618,0.83636309760051908
10934,1532,1484,0.076416466049297166,0.061825049811005214,0.80905402994063014
10935,1534,1486,0.077984648350062788,0.061824677619161404,0.79278010386914344
10936,1488,1536,0.078519878959376302,0.061824853027863134,0.7873783537013519
10937,1538,1490,0.077984174615097629,0.061824294006638962,0.79278000070888566
10938,1540,1492,0.076414906057880913,0.061823774603400702,0.80905385863553803
10939,1550,1502,0.058750591921831082,0.061815834445155725,1.0521738151575224
10940,1554,1506,0.05171135397989754,0.061812758613460056,1.1953421029642615
10941,1556,1508,0.049216253684305086,0.061812737140404937,1.2559415338050575
10942,1559,1511,0.047246860622188969,0.061812772923957773,1.3082937598382587
10943,1561,1513,0.047246860622188969,0.061812772923678781,1.3082937598323536
10944,1564,1516,0.049216253684305086,0.061812737139594065,1.2559415337885818
10945,1566,1518,0.05171135397989754,0.06181275861093577,1.1953421029154465
10946,1570,1522,0.058750591921831082,0.061815834445324867,1.0521738151604014
10947,1580,1532,0.076414906057880913,0.061823774602723237,0.80905385862667245
10948,1582,1534,0.077984174615097629,0.061824294006194103,0.79278000070318122
10949,1585,1537,0.078386886047997595,0.061825806240885406,0.78872639746179529
10950,1588,1540,0.076416035382411096,0.061824679599591717,0.80905374493979687
10951,1594,1546,0.066880740636309555,0.061821799481216459,0.92435877493338348
10952,1596,1548,0.062815898921449065,0.061819191665940604,0.98413288239726004
10953,1599,1551,0.056805725039474668,0.061815002384272608,1.0881826143635516
10954,1605,1557,0.048307164735942029,0.061811922625374195,1.2795601431641093
10955,1607,1559,0.047247134078294083,0.061813165862690103,1.3082945043874701
10956,1609,1561,0.047247134078294083,0.061813165862565286,1.3082945043848282
10957,1611,1563,0.048307164735942029,0.061811922625372488,1.279560143164074
10958,1614,1566,0.051710248835335419,0.061811501935354597,1.1953433473543187
10959,1617,1569,0.056805725039474668,0.061815002383978239,1.0881826143583695
10960,1620,1572,0.062815898921449065,0.061819191665381835,0.98413288238836472
10961,1622,1574,0.066880740636309555,0.061821799480397122,0.92435877492113272
10962,1628,1580,0.076416035382411096,0.061824679597994016,0.80905374491888893
10963,1631,1583,0.078386886047997595,0.061825806240424871,0.7887263974559201
10964,1634,1586,0.077984736367199214,0.061824698893320457,0.79277948190031
10965,1638,1590,0.0739204669087037,0.061824309479815633,0.83636254024440126
10966,1640,1592,0.070666650245127804,0.061822076749820404,0.87484091201963832
10967,1642,1594,0.066879977094945225,0.061821087131631369,0.92435867679601513
10968,1649,1601,0.053256259930819623,0.061813979933358444,1.1606894666214898
10969,1651,1603,0.050355982384760474,0.061811133925859997,1.2274834289513585
10970,1655,1607,0.047243581353822471,0.061808540057551223,1.3082949743933903
10971,1657,1609,0.047243581353822471,0.061808540057308466,1.3082949743882519
10972,1661,1613,0.050355982384760474,0.061811133927184361,1.2274834289776586
10973,1663,1615,0.053256259930819623,0.061813979930834033,1.1606894665740886
10974,1670,1622,0.066879977094945225,0.061821087130354675,0.92435867677692585
10975,1672,1624,0.070666650245127804,0.06182207674807802,0.87484091199498193
10976,1674,1626,0.0739204669087037,0.061824309478243258,0.83636254022313017
10977,1678,1630,0.077984736367199214,0.061824698885494252,0.79277948179995439
10978,1632,1680,0.078519016219041865,0.061824087504268294,0.78737725561664851
10979,1704,1656,0.047111605518528929,0.061811569700865508,1.3120242670684426
10980,1706,1658,0.047646742465159243,0.061811670213938671,1.2972905809696698
10981,1718,1670,0.066879404365916217,0.061820483368730639,0.92435756500601018
10982,1720,1672,0.070667408277793317,0.061822686599013736,0.87484015765781287
10983,1726,1678,0.077983879273025386,0.061824053224192974,0.79277991554823701
10984,1729,1681,0.078385377798860567,0.061824634679361903,0.78872662753512435
10985,1733,1685,0.075274623700685425,0.061824412587666452,0.82131812220674705
10986,1752,1704,0.047111805086455655,0.061811926481533157,1.3120262823320199
10987,1771,1723,0.075274623700685425,0.061824412588265099,0.82131812221469991
10988,1775,1727,0.078385377798860567,0.061824634670582045,0.7887266274231155
10989,1778,1730,0.077985755840498661,0.061825462762248838,0.79277891322484761
10990,1786,1738,0.066880921405312904,0.061821917836720038,0.92435804617681316
10991,1800,1752,0.047110789110917171,0.061810658447554408,1.312027661052928
10992,1812,1764,0.062816129435556506,0.061819394673337878,0.98413250273178354
10993,1814,1766,0.066880921405312904,0.06182191783692588,0.92435804617989092
10994,1822,1774,0.077985755840498661,0.061825462763240309,0.79277891323756111
10995,1776,1824,0.078520568411254196,0.061825314468772999,0.78737731679374467
10996,1830,1782,0.073920467882721982,0.061824292204201305,0.83636229551858654
10997,1834,1786,0.066880687526911439,0.061821785689249453,0.92435930274152178
10998,1862,1814,0.066880687526911439,0.061821785689428019,0.92435930274419176
10999,1866,1818,0.073920467882721982,0.061824292204699857,0.83636229552533092
11000,1873,1825,0.078385363357412793,0.061824606379526949,0.78872641181270076
11001,1875,1827,0.077323860315883272,0.061824201967700013,0.79954882897899704
11002,1880,1832,0.070669754889794836,0.06182476212352072,0.87484047765458728
11003,1893,1845,0.0483068197346644,0.061811438381146874,1.2795592572779475
11004,1895,1847,0.047245316708429491,0.061810729637707895,1.3082932646883845
11005,1897,1849,0.047245316708429491,0.061810729637715028,1.3082932646885355
11006,1912,1864,0.070669754889794836,0.06182476212352811,0.87484047765469186
11007,1917,1869,0.077323860315883272,0.061824201964499607,0.79954882893760748
11008,1919,1871,0.078385363357412793,0.061824606380824945,0.78872641182925995
11009,1922,1874,0.077983997733131222,0.06182420784661212,0.79278069403649365
11010,1938,1890,0.051711819909564215,0.06181343804505017,1.1953444715957027
11011,1943,1895,0.047246432232662908,0.06181227734631526,1.3082951330996488
11012,1945,1897,0.047246432232662908,0.061812277346440424,1.3082951331022981
11013,1950,1902,0.051711819909564215,0.061813438045086926,1.1953444715964134
11014,1970,1922,0.077983997733131249,0.061824203890264467,0.79278064330367937
11015,1992,1944,0.047112300075792687,0.061812640833931426,1.312027660175566
11016,2014,1966,0.077983997733131249,0.061824203886970047,0.7927806432614346
11017,2017,1969,0.078385363357412752,0.061824599399715789,0.78872632276787369
11018,2019,1971,0.07732386031588323,0.061824191686864961,0.79954869602087808
11019,2022,1974,0.073920276623160572,0.061824085146814374,0.8363616584119189
11020,2035,1987,0.050356914498289704,0.061812288341756012,1.2274836327363816
11021,2040,1992,0.04711060010954065,0.06181034049269804,1.3120261756160576
11022,2045,1997,0.050356914498289704,0.061812288341837343,1.2274836327379968
11023,2058,2010,0.073920276623160572,0.061824085147882575,0.83636165842636956
11024,2061,2013,0.07732386031588323,0.061824191688099488,0.79954869603684375
11025,2076,2028,0.062814807438400289,0.061818146109377352,0.98413333782802215
11026,2085,2037,0.048306138584861831,0.061810618410482486,1.2795603254832024
11027,2087,2039,0.047245934119127468,0.061811574825346098,1.30829405699742
11028,2089,2041,0.047245934119127468,0.061811574825356388,1.3082940569976378
11029,2091,2043,0.048306138584861831,0.061810618410519699,1.2795603254839727
11030,2100,2052,0.062814807438400289,0.061818146109753704,0.98413333783401358
11031,2111,2063,0.078386032509052433,0.061825190056040667,0.78872712493645813
11032,2115,2067,0.077322850635458726,0.061823428498988447,0.79954926636702983
11033,2119,2071,0.07237536956810775,0.06182341246642447,0.85420513684902821
11034,2122,2074,0.06687899649684291,0.061820174277596292,0.92435858065715104
11035,2133,2085,0.048308026214033885,0.061813082038155873,1.2795613251571569
11036,2135,2087,0.0472456800440667,0.061811295885800165,1.3082951886426
11037,2137,2089,0.0472456800440667,0.061811295885800192,1.3082951886426006
11038,2139,2091,0.048308026214033885,0.061813082038169237,1.2795613251574336
11039,2150,2102,0.06687899649684291,0.0618201742778101,0.92435858066034804
11040,2153,2105,0.07237536956810775,0.061823412467099839,0.85420513685835964
11041,2157,2109,0.077322850635458726,0.061823428499435132,0.79954926637280666
11042,2112,2160,0.078520695333112026,0.061825372630622731,0.78737678478696671
11043,2164,2116,0.076414857664241415,0.061823859295350461,0.80905547932834976
11044,2167,2119,0.072377120388458366,0.061824867409324857,0.85420457566565156
11045,2170,2122,0.066881495496916146,0.061822460964272637,0.92435823249680804
11046,2173,2125,0.060765774676060869,0.06181759844851914,1.0173094768900008
11047,2175,2127,0.056805278393292337,0.061814606799223633,1.0881842066022303
11048,2177,2129,0.053255380028359819,0.06181305041837324,1.1606911899878707
11049,2183,2135,0.047246630723115038,0.061812540208749663,1.3082952003709414
11050,2185,2137,0.047246630723115038,0.061812540208729207,1.3082952003705084
11051,2191,2143,0.053255380028359819,0.061813050418589081,1.1606911899919237
11052,2193,2145,0.056805278393292337,0.061814606799568232,1.0881842066082965
11053,2195,2147,0.060765774676060869,0.061817598448877749,1.0173094768959023
11054,2198,2150,0.066881495496916146,0.061822460964594796,0.92435823250162497
11055,2201,2153,0.072377120388458366,0.061824867409560287,0.8542045756689044
11056,2204,2156,0.076414857664241415,0.061823859295418677,0.80905547932924249
11057,2209,2161,0.07838659418786513,0.061825560741295874,0.78872620225241219
11058,2212,2164,0.076417022785049873,0.061825539671218011,0.80905454593702752
11059,2218,2170,0.066879404365916217,0.061820482717783613,0.9243575552728639
11060,2223,2175,0.05680762798184421,0.061817124930117741,1.088183526160863
11061,2228,2180,0.049215415256263308,0.061811703379045242,1.2559419250491621
11062,2231,2183,0.047247660117035024,0.061813838865614548,1.3082941824525978
11063,2233,2185,0.047247660117035024,0.061813838865567287,1.3082941824515975
11064,2236,2188,0.049215415256263308,0.06181170337880252,1.2559419250442303
11065,2241,2193,0.05680762798184421,0.06181712493066132,1.0881835261704318
11066,2246,2198,0.066879404365916217,0.061820482718251163,0.92435755527985486
11067,2252,2204,0.076417022785049873,0.061825539670819371,0.80905454593181092
11068,2255,2207,0.07838659418786513,0.061825560741848161,0.78872620225945789
11069,2208,2256,0.078519337846975581,0.061824359658048153,0.78737749646508914
11070,2262,2214,0.0739204669087037,0.061824311978925614,0.83636257405249381
11071,2265,2217,0.068823918991009342,0.061820939400330802,0.89824788106597997
11072,2267,2219,0.06486532739209451,0.061820034542385487,0.95305207000188252
11073,2276,2228,0.049217048820464224,0.061813746833116134,1.2559417582838543
11074,2278,2230,0.047647446641312062,0.061812609571787289,1.2972911232182065
11075,2280,2232,0.047112845152373427,0.061813244163705261,1.3120252866025703
11076,2282,2234,0.047647446641312062,0.061812609571663166,1.2972911232156015
11077,2284,2236,0.049217048820464224,0.061813746832549886,1.2559417582723491
11078,2293,2245,0.06486532739209451,0.061820034542696467,0.9530520700066768
11079,2295,2247,0.068823918991009342,0.061820939400559258,0.89824788106929943
11080,2298,2250,0.0739204669087037,0.061824311979014682,0.83636257405369874
11081,2302,2254,0.077984736367199173,0.061824714702386915,0.79277968462031945
11082,2256,2304,0.078519459803908717,0.061824477961107481,0.78737778017711024
11083,2307,2259,0.077324081307811182,0.061824388599048374,0.79954895749667254
11084,2311,2263,0.07237560102733509,0.06182347463342204,0.85420326402639912
11085,2315,2267,0.06486496047757799,0.061819703024709897,0.95305235013716294
11086,2317,2269,0.060766837368589545,0.061818673251550736,1.0173093734758836
11087,2321,2273,0.053255645014599659,0.061813282458563726,1.1606897717907285
11088,2323,2275,0.050357337436779767,0.06181281050754401,1.2274836926226653
11089,2326,2278,0.047645407121142708,0.061809943968741718,1.297290708663364
11090,2328,2280,0.047111786237702367,0.061811814232393368,1.3120244246423189
11091,2330,2282,0.047645407121142708,0.06180994396883966,1.2972907086654197
11092,2333,2285,0.050357337436779767,0.061812810507658064,1.2274836926249302
11093,2339,2291,0.060766837368589545,0.06181867325164659,1.017309373477461
11094,2341,2293,0.06486496047757799,0.061819703024821017,0.95305235013887613
11095,2345,2297,0.07237560102733509,0.061823474633631977,0.8542032640292998
11096,2349,2301,0.077324081307811182,0.061824388599829395,0.79954895750677313
11097,2353,2305,0.078384299122550918,0.061823872638060218,0.78872775964228381
11098,2355,2307,0.077323552441829743,0.061824034028957864,0.79954984059310885
11099,2357,2309,0.075272944473254236,0.061823067419063522,0.82131857404661934
11100,2368,2320,0.054963906101560739,0.061814486435941909,1.1246377999722739
11101,2371,2323,0.050356977091345005,0.061812368514612602,1.2274836990808264
11102,2374,2326,0.047646985125033785,0.061811948148351864,1.2972898072385233
11103,2376,2328,0.047110042610497407,0.061809478258968015,1.3120233995541997
11104,2378,2330,0.047646985125033785,0.061811948148738922,1.2972898072466468
11105,2381,2333,0.050356977091345005,0.061812368515982506,1.2274836991080302
11106,2384,2336,0.054963906101560739,0.061814486434701159,1.1246377999496999
11107,2395,2347,0.075272944473254236,0.061823067419219183,0.82131857404868724
11108,2397,2349,0.077323552441829743,0.061824034029157648,0.79954984059569256
11109,2399,2351,0.078384299122550918,0.061823872638111982,0.78872775964294417
11110,2401,2353,0.078385172658610641,0.061824584370974718,0.78872804988563439
11111,2403,2355,0.077325134037021723,0.061825243366043926,0.79954912637388043
11112,2405,2357,0.07527571290279729,0.061825336452319406,0.82131851121959865
11113,2407,2359,0.07237437074231054,0.061822515807110762,0.85420453639908345
11114,2409,2361,0.06882617685733286,0.061823045930649773,0.89824902026449027
11115,2413,2365,0.060766064838253774,0.061817931215820056,1.0173100953692842
11116,2415,2367,0.056806041661115268,0.061815327655828804,1.0881822751283599
11117,2421,2373,0.04830572687623947,0.061810071060604418,1.2795599001949278
11118,2423,2375,0.047245688256444339,0.061811295195442463,1.3082949466189937
11119,2425,2377,0.047245688256444339,0.061811295196380157,1.3082949466388409
11120,2427,2379,0.04830572687623947,0.061810071061084916,1.2795599002048748
11121,2433,2385,0.056806041661115268,0.061815327655478078,1.0881822751221857
11122,2435,2387,0.060766064838253774,0.061817931215568382,1.0173100953651426
11123,2439,2391,0.06882617685733286,0.061823045930517774,0.89824902026257236
11124,2441,2393,0.07237437074231054,0.061822515807019543,0.85420453639782301
11125,2443,2395,0.07527571290279729,0.061825336452271409,0.82131851121896104
11126,2445,2397,0.077325134037021723,0.061825243366032359,0.79954912637373088
11127,2447,2399,0.078385172658610641,0.061824584370973372,0.78872804988561718
11128,2449,2401,0.078385172658610641,0.061824597503009282,0.78872821741775967
11129,2451,2403,0.077325134037021723,0.061825257899787774,0.79954931433015142
11130,2460,2412,0.062815485999795556,0.061818797332942287,0.98413307401845918
11131,2465,2417,0.053255021528720616,0.061812594022441596,1.1606904334665578
11132,2467,2419,0.050356505615979846,0.061811905001115393,1.2274859870638115
11133,2471,2423,0.047245688256444297,0.061811353953390123,1.3082961902869321
11134,2477,2429,0.050356505615979846,0.061811905001351329,1.2274859870684969
11135,2479,2431,0.053255021528720616,0.061812594022403002,1.160690433465833
11136,2484,2436,0.062815485999795556,0.061818797332780229,0.98413307401587924
11137,2493,2445,0.077325134037021723,0.061825257899626472,0.79954931432806542
11138,2495,2447,0.078385172658610641,0.061824597502954305,0.78872821741705823
11139,2497,2449,0.078384299122550918,0.061823875687881856,0.78872779855086206
11140,2499,2451,0.077323552441829674,0.061824045994262285,0.79954999533644511
11141,2502,2454,0.073919805763766847,0.061823816205858931,0.83636334764509102
11142,2504,2456,0.070667253637978419,0.06182253539269647,0.87483993235972357
11143,2506,2458,0.066880567821283599,0.061821635434926782,0.92435871059176478
11144,2508,2460,0.06281619897169026,0.06181951660106693,0.98413335434268301
11145,2512,2464,0.054963906101560739,0.061814533229414832,1.1246386513213908
11146,2516,2468,0.04921782431677612,0.061814753325992337,1.255942418911892
11147,2518,2470,0.047648555773202948,0.061814016422992758,1.2972904513038004
11148,2520,2472,0.047110042610497373,0.061809527018678444,1.3120244345715288
11149,2522,2474,0.047648555773202948,0.061814016422595548,1.2972904512954642
11150,2528,2480,0.054963906101560739,0.061814533229308695,1.1246386513194597
11151,2532,2484,0.06281619897169026,0.061819516600820114,0.98413335433875382
11152,2534,2486,0.066880567821283599,0.061821635434559243,0.92435871058626928
11153,2536,2488,0.070667253637978419,0.061822535392227249,0.87483993235308366
11154,2538,2490,0.073919805763766847,0.061823816205335211,0.83636334763800602
11155,2541,2493,0.077323552441829674,0.061824045993887557,0.79954999533159887
11156,2543,2495,0.078384299122550918,0.06182387568776633,0.78872779854938824
11157,2545,2497,0.078386886047997595,0.061825812508023936,0.78872647741316015
11158,2547,2499,0.077324081307811182,0.061824412438438621,0.79954926580153496
11159,2550,2502,0.073919886066839496,0.061823830717470538,0.83636263537485001
11160,2552,2504,0.070668786747734996,0.061823937526086413,0.87484079423604832
11161,2557,2509,0.060765174434831065,0.061816958767200621,1.017308998816379
11162,2562,2514,0.051711911803223758,0.061813478025644214,1.1953431205726708
11163,2566,2518,0.047645407121142645,0.06180996604553516,1.2972911720195375
11164,2568,2520,0.047111786237702305,0.061811882446527834,1.3120258725631047
11165,2570,2522,0.047645407121142645,0.061809966045483195,1.2972911720184468
11166,2574,2526,0.051711911803223758,0.061813478025554605,1.1953431205709379
11167,2579,2531,0.060765174434831065,0.061816958767005652,1.0173089988131705
11168,2584,2536,0.070668786747734996,0.061823937525388103,0.8748407942261669
11169,2586,2538,0.073919886066839496,0.061823830716475681,0.83636263536139144
11170,2589,2541,0.077324081307811182,0.061824412437491205,0.79954926578928243
11171,2591,2543,0.078386886047997595,0.061825812507939219,0.78872647741207946
11172,2595,2547,0.077323098142365265,0.061823556495576179,0.79954836240198579
11173,2603,2555,0.064866095130880583,0.061820794284849288,0.95305250239147621
11174,2605,2557,0.06076685566801316,0.061818723266077576,1.0173098901778146
11175,2609,2561,0.053256259930819623,0.061813977349543095,1.1606894181048393
11176,2612,2564,0.049215303827808685,0.061811554816411401,1.2559417500026753
11177,2614,2566,0.047647446641312118,0.061812652609467666,1.2972920264708117
11178,2616,2568,0.047112845152373531,0.06181330198346905,1.3120265138637019
11179,2618,2570,0.047647446641312118,0.061812652609469686,1.2972920264708541
11180,2620,2572,0.049215303827808685,0.061811554816398738,1.2559417500024179
11181,2623,2575,0.053256259930819623,0.061813977349560928,1.1606894181051741
11182,2627,2579,0.06076685566801316,0.061818723265985392,1.0173098901762976
11183,2629,2581,0.064866095130880583,0.061820794284595575,0.95305250238756489
11184,2637,2589,0.077323098142365265,0.061823556490144219,0.79954836233173565
11185,2592,2640,0.078519016219041921,0.06182405214857941,0.78737680533478516
11186,2642,2594,0.077983879273025386,0.061824026044822955,0.79277956702274333
11187,2647,2599,0.07237576821029458,0.061823595471315142,0.8542029604671123
11188,2649,2601,0.068825789010225194,0.061822590839019399,0.89824746985224746
11189,2658,2610,0.051710346494648236,0.061811628538179002,1.1953435381558737
11190,2662,2614,0.047646742465159243,0.06181166007486974,1.297290368172983
11191,2666,2618,0.047646742465159243,0.061811660074919478,1.2972903681740269
11192,2670,2622,0.051710346494648236,0.061811628538328361,1.195343538158762
11193,2679,2631,0.068825789010225194,0.061822590839012877,0.89824746985215265
11194,2681,2633,0.07237576821029458,0.061823595471168058,0.85420296046508004
11195,2685,2637,0.07732442275254775,0.061824629318022517,0.79954853999845044
11196,2690,2642,0.077984161766355878,0.061824164349963975,0.79277846872538049
11197,2693,2645,0.075274623700685522,0.061824402664941713,0.82131799038642928
11198,2697,2649,0.06882603786959314,0.06182284835618055,0.89824796355876602
11199,2699,2651,0.064864849354486331,0.061819622876535495,0.95305274723897571
11200,2702,2654,0.058751697158152094,0.061816992094273035,1.0521737257711816
11201,2704,2656,0.054963262512803771,0.061813805011828912,1.1246385710351401
11202,2710,2662,0.047647154495101249,0.061812237263249414,1.2972912636284402
11203,2712,2664,0.047111805086455641,0.061811912273820172,1.3120259807576493
11204,2714,2666,0.047647154495101249,0.061812237263339814,1.2972912636303375
11205,2720,2672,0.054963262512803771,0.061813805012183545,1.1246385710415923
11206,2722,2674,0.058751697158152094,0.061816992094637931,1.0521737257773924
11207,2725,2677,0.064864849354486331,0.061819622876962202,0.95305274724555411
11208,2727,2679,0.06882603786959314,0.061822848356868819,0.89824796356876613
11209,2731,2683,0.075274623700685522,0.061824402667215554,0.82131799041663656
11210,2734,2686,0.077984161766355878,0.061824164346473573,0.79277846868062263
11211,2737,2689,0.078384653911635516,0.061824056627545726,0.7887265369218972
11212,2741,2693,0.075273969613892391,0.061823900186376617,0.82131845182994756
11213,2744,2696,0.070668528189383933,0.061823742678915758,0.87484123785958701
11214,2749,2701,0.060765323500062245,0.06181715105265196,1.0173096676197015
11215,2753,2705,0.053255507263980796,0.061813197533336479,1.1606911793542083
11216,2755,2707,0.050356907230182449,0.061812311285450228,1.2274842655229976
11217,2760,2712,0.047110789110917144,0.061810647998726376,1.3120274392602518
11218,2765,2717,0.050356907230182449,0.061812311285928449,1.2274842655324942
11219,2767,2719,0.053255507263980796,0.061813197533908695,1.160691179364953
11220,2771,2723,0.060765323500062245,0.061817151053220824,1.0173096676290632
11221,2774,2726,0.066880921405312821,0.061821925151492457,0.9243581555469047
11222,2776,2728,0.070668528189383933,0.061823742679854618,0.87484123787287238
11223,2779,2731,0.075273969613892391,0.061823900187924496,0.82131845185051089
11224,2783,2735,0.078384653911635516,0.061824056629991832,0.78872653695310369
11225,2785,2737,0.078384070939121669,0.061823635613234923,0.78872703181302373
11226,2788,2740,0.07641428062858191,0.061823213510321981,0.80905313773506493
11227,2792,2744,0.070666116555140671,0.061821640540244513,0.87484134623423337
11228,2794,2746,0.066879116115569237,0.061820236137118817,0.92435785231209522
11229,2796,2748,0.062814807438400289,0.061818143610962911,0.98413329805373106
11230,2805,2757,0.048308100156026157,0.061813118657080043,1.2795601246464918
11231,2811,2763,0.048308100156026157,0.061813118657216046,1.2795601246493071
11232,2820,2772,0.062814807438400289,0.061818143611623792,0.98413329806425209
11233,2822,2774,0.066879116115569237,0.061820236137828041,0.92435785232269985
11234,2824,2776,0.070666116555140671,0.061821640540964645,0.874841346244424
11235,2828,2780,0.07641428062858191,0.061823213511176006,0.8090531377462411
11236,2831,2783,0.078384070939121669,0.061823635613655739,0.78872703181839232
11237,2784,2832,0.078518328893159073,0.061823512563784572,0.78737682570790113
11238,2836,2788,0.076417405394580987,0.061825814631580656,0.80905409327028699
11239,2838,2790,0.073918290486874663,0.061822443904426448,0.83636192743667392
11240,2840,2792,0.070669754889794822,0.061824752901815404,0.87484034716446013
11241,2842,2794,0.066881412634014231,0.06182237629877859,0.92435811182817718
11242,2847,2799,0.056805613219823518,0.061814913726547981,1.088183195687717
11243,2850,2802,0.051710403427041723,0.061811711442095296,1.1953438253349835
11244,2853,2805,0.048306819734664407,0.061811430794751078,1.2795591002318856
11245,2859,2811,0.048306819734664407,0.061811430793985149,1.27955910021603
11246,2862,2814,0.051710403427041723,0.06181171144379663,1.1953438253678847
11247,2865,2817,0.056805613219823518,0.06181491372745361,1.0881831957036596
11248,2870,2822,0.066881412634014231,0.061822376299307966,0.92435811183609229
11249,2872,2824,0.070669754889794822,0.061824752902323664,0.87484034717165216
11250,2874,2826,0.073918290486874663,0.061822443904924043,0.83636192744340554
11251,2876,2828,0.076417405394580987,0.061825814632013719,0.80905409327595401
11252,2832,2880,0.078520447780536504,0.061825192835542192,0.7873769773746413
11253,2884,2836,0.076414852220282312,0.061823842032005326,0.80905531105111284
11254,2891,2843,0.064866012715019752,0.061820678724654445,0.95305193177597369
11255,2895,2847,0.056805822247751991,0.061815112549166537,1.0881826915481851
11256,2898,2850,0.051711819909564222,0.061813430479228736,1.1953443252883118
11257,2901,2853,0.048307184567333822,0.061811969198296082,1.2795605819697147
11258,2904,2856,0.047112300075792674,0.061812632887098685,1.3120274914970531
11259,2907,2859,0.048307184567333822,0.061811969189444732,1.2795605817864841
11260,2910,2862,0.051711819909564222,0.061813430482095186,1.195344325343743
11261,2913,2865,0.056805822247751991,0.061815112549959521,1.0881826915621446
11262,2917,2869,0.064866012715019752,0.061820678724993208,0.95305193178119618
11263,2924,2876,0.076414852220282312,0.061823842032242997,0.80905531105422313
11264,2880,2928,0.078520447780536504,0.061825191575383132,0.78737696132584001
11265,2932,2884,0.076414852220282312,0.061823842593253804,0.80905531839586931
11266,2935,2887,0.072375763927099657,0.061823708848770476,0.85420457753015611
11267,2938,2890,0.066879522219549251,0.061820647467894729,0.92435838977665741
11268,2941,2893,0.060766813671486029,0.061818714168649425,1.0173104435399578
11269,2950,2902,0.047646751699773206,0.061811726764251777,1.2972915164024916
11270,2952,2904,0.047112300075792674,0.061812637796674237,1.3120275957071117
11271,2954,2906,0.047646751699773206,0.06181172676427097,1.2972915164028944
11272,2963,2915,0.060766813671486029,0.061818714168694722,1.0173104435407032
11273,2966,2918,0.066879522219549251,0.061820647467901585,0.92435838977675999
11274,2969,2921,0.072375763927099657,0.061823708848810208,0.85420457753070511
11275,2972,2924,0.076414852220282312,0.061823842593430385,0.80905531839818012
11276,2977,2929,0.078387349490772973,0.061826165898901761,0.78872632255768971
11277,2980,2932,0.076417405394580987,0.061825808541604396,0.80905401357671158
11278,2982,2934,0.073920276623160558,0.061824089918955272,0.83636172296986055
11279,2984,2936,0.070667768753661445,0.061823011517961615,0.8748402929413055
11280,2987,2939,0.064865552318916914,0.061820297680518541,0.95305282188262075
11281,2989,2941,0.060764892694291618,0.061816694436132989,1.0173093655761558
11282,2992,2944,0.054962911295814064,0.061813379311741433,1.1246380123326745
11283,2995,2947,0.050356914498289711,0.06181228613187878,1.2274835888520956
11284,2998,2950,0.047648185561750288,0.061813560166622622,1.2972909553190548
11285,3000,2952,0.047110600109540643,0.061810353758036216,1.3120264571946865
11286,3002,2954,0.047648185561750288,0.061813560170822672,1.2972909554072019
11287,3005,2957,0.050356914498289711,0.061812286126953872,1.2274835887542956
11288,3008,2960,0.054962911295814064,0.06181337931075262,1.124638012314684
11289,3011,2963,0.060764892694291618,0.0618166944357708,1.0173093655701952
11290,3013,2965,0.064865552318916914,0.061820297680223728,0.95305282187807583
11291,3016,2968,0.070667768753661445,0.061823011517414476,0.87484029293356314
11292,3018,2970,0.073920276623160558,0.061824089919694798,0.836361722979865
11293,3020,2972,0.076417405394580987,0.061825808541901263,0.80905401358059637
11294,3023,2975,0.078387349490772973,0.061826165898953199,0.78872632255834596
11295,3025,2977,0.078384070939121669,0.061823626982920897,0.78872692171011727
11296,3028,2980,0.07641428062858191,0.061823204453282161,0.80905301920957795
11297,3030,2982,0.073918506319136906,0.061822633305529368,0.83636204766659339
11298,3035,2987,0.064864220383099594,0.061819007099483604,0.95305249541842296
11299,3037,2989,0.060765784681676829,0.061817575408077502,1.0173089302131209
11300,3040,2992,0.054963888526415081,0.061814495334182942,1.1246383214767552
11301,3042,2994,0.051711498744582376,0.061813059546124156,1.195344576095855
11302,3045,2997,0.048308100156026157,0.061813123247377616,1.2795602196677731
11303,3048,3000,0.047112969619132056,0.061813500747152257,1.3120272665226027
11304,3051,3003,0.048308100156026157,0.061813123248174229,1.2795602196842635
11305,3054,3006,0.051711498744582376,0.061813059544631462,1.1953445760669892
11306,3056,3008,0.054963888526415081,0.061814495333258092,1.1246383214599287
11307,3059,3011,0.060765784681676829,0.061817575407576368,1.0173089302048739
11308,3061,3013,0.064864220383099594,0.061819007099072114,0.95305249541207915
11309,3068,3020,0.07641428062858191,0.06182320445320777,0.8090530192086044
11310,3071,3023,0.078384070939121669,0.061823626982905673,0.78872692170992309
11311,3024,3072,0.078520087721194315,0.061824896224871861,0.7873768104334905
11312,3074,3026,0.077985755840498633,0.061825463406017626,0.79277892147980134
11313,3076,3028,0.076415434015054087,0.061824264418841618,0.8090546787532743
11314,3082,3034,0.066880921405312904,0.061821915430440771,0.92435801019825281
11315,3085,3037,0.060767248413127875,0.061819085264810697,1.0173092723325545
11316,3091,3043,0.050356907230182449,0.061812293667533443,1.2274839156620201
11317,3093,3045,0.048306101322560559,0.061810574126822455,1.2795603957787183
11318,3095,3047,0.047248147841614595,0.061814506755864543,1.3082948132290677
11319,3097,3049,0.047248147841614595,0.061814506755829765,1.3082948132283316
11320,3099,3051,0.048306101322560559,0.061810574126501414,1.2795603957720723
11321,3101,3053,0.050356907230182449,0.061812293667078029,1.2274839156529764
11322,3107,3059,0.060767248413127875,0.061819085264339386,1.0173092723247985
11323,3109,3061,0.064865553336404549,0.061820294358318109,0.95305275571622472
11324,3116,3068,0.076415434015054087,0.061824264418422259,0.80905467874778647
11325,3118,3070,0.077985755840498633,0.061825463405866719,0.79277892147786633
11326,3072,3120,0.078518818942049956,0.061823888263619793,0.78737669639743701
11327,3123,3075,0.077325445344778837,0.061825482106655824,0.79954899491348874
11328,3137,3089,0.05325538002835984,0.061813045493748692,1.1606910975160007
11329,3139,3091,0.050356000336915965,0.061811220594768741,1.2274847124713946
11330,3143,3095,0.047244062093182451,0.061809150217390516,1.3082945766915728
11331,3145,3097,0.047244062093182451,0.061809150216981266,1.3082945766829104
11332,3149,3101,0.050356000336915965,0.061811220595366506,1.2274847124832653
11333,3151,3103,0.05325538002835984,0.061813045493502021,1.1606910975113689
11334,3165,3117,0.077325445344778837,0.061825482106588801,0.79954899491262199
11335,3169,3121,0.078385756873156048,0.061824982104468275,0.78872724549325401
11336,3172,3124,0.076415206495587348,0.061824033928760416,0.80905407135594787
11337,3176,3128,0.070667408277793317,0.061822695506162505,0.87484028370104816
11338,3180,3132,0.062814821415972999,0.061818136673586689,0.98413296862238842
11339,3182,3134,0.05875038004306278,0.061815608886672951,1.0521737704737131
11340,3187,3139,0.050358186321476317,0.061813887757931604,1.227484392772298
11341,3192,3144,0.047111605518528971,0.061811570952647388,1.3120242936390043
11342,3195,3147,0.048307177943070254,0.061812001666018995,1.2795614295429161
11343,3197,3149,0.050358186321476317,0.06181388775758679,1.2274843927654508
11344,3202,3154,0.05875038004306278,0.061815608886123578,1.0521737704643621
11345,3204,3156,0.062814821415972999,0.061818136672909391,0.98413296861160593
11346,3208,3160,0.070667408277793317,0.061822695505053711,0.87484028368535782
11347,3212,3164,0.076415206495587348,0.061824033929212381,0.80905407136186247
11348,3215,3167,0.078385756873156048,0.061824982104655431,0.78872724549564166
11349,3217,3169,0.078385111677761049,0.061824522144214224,0.78872786962877672
11350,3220,3172,0.076415134180216254,0.0618239889442928,0.80905424831798467
11351,3225,3177,0.068825663969967255,0.061822471962063516,0.89824737454099024
11352,3228,3180,0.062816475396163973,0.061819772822730996,0.98413310254758668
11353,3230,3182,0.058751438169721767,0.061816725087093599,1.0521738192776966
11354,3236,3188,0.049215303827808733,0.061811528950163022,1.2559412244293997
11355,3240,3192,0.047112845152373531,0.061813315331981832,1.3120267971943465
11356,3244,3196,0.049215303827808733,0.061811528947866366,1.2559412243827341
11357,3250,3202,0.058751438169721767,0.061816725086555731,1.0521738192685417
11358,3252,3204,0.062816475396163973,0.061819772822022376,0.98413310253630593
11359,3255,3207,0.068825663969967255,0.061822471960321861,0.89824737451568493
11360,3260,3212,0.076415134180216254,0.06182398894778162,0.80905424836364082
11361,3263,3215,0.078385111677761049,0.061824522144775289,0.78872786963593455
11362,3216,3264,0.07851834865921116,0.061823553989896127,0.7873771550930786
11363,3268,3220,0.076416035382411027,0.061824681778370298,0.80905377345185747
11364,3272,3224,0.070667123790083275,0.061822496379126145,0.87484098776638908
11365,3280,3232,0.054964674053519756,0.061815370406639321,1.1246381693530823
11366,3282,3234,0.051710248835335468,0.061811497542812163,1.1953432624090208
11367,3286,3238,0.047645407121142694,0.061810023639705544,1.2972923808279788
11368,3288,3240,0.047111786237702263,0.06181190436046826,1.3120263377108359
11369,3290,3242,0.047645407121142694,0.061810023639866277,1.2972923808313523
11370,3294,3246,0.051710248835335468,0.061811497542327683,1.1953432623996516
11371,3296,3248,0.054964674053519756,0.061815370406274252,1.1246381693464405
11372,3304,3256,0.070667123790083275,0.061822496379015192,0.874840987764819
11373,3306,3258,0.073918223142317732,0.061822454924573424,0.83636283850525139
11374,3308,3260,0.076416035382411027,0.061824681778350606,0.80905377345159979
11375,3313,3265,0.078384299122550918,0.061823675098278554,0.7887252394975115
11376,3317,3269,0.075274182648390461,0.06182398813418085,0.82131729577143131
11377,3322,3274,0.066880567821283501,0.061821621603722149,0.9243585037872325
11378,3332,3284,0.049215015502463551,0.061811239351710089,1.2559426979885033
11379,3336,3288,0.047110042610497414,0.061809509712886158,1.3120240672232655
11380,3340,3292,0.049215015502463551,0.061811239351521524,1.255942697984672
11381,3350,3302,0.066880567821283501,0.061821621604557141,0.9243585037997174
11382,3355,3307,0.075274182648390461,0.061823988128538218,0.82131729569647027
11383,3359,3311,0.078384299122550918,0.061823675097719827,0.78872523949038342
11384,3361,3313,0.078385172658610572,0.061824453968718704,0.78872638627692448
11385,3364,3316,0.076416466049297083,0.06182500670516819,0.80905346584967974
11386,3366,3318,0.073918474446241264,0.06182270632567808,0.83636339614449051
11387,3368,3320,0.070668949025446265,0.061824127255819074,0.87484147009965618
11388,3373,3325,0.060766064838253933,0.061817935335662148,1.0173101631676835
11389,3377,3329,0.053256490175196708,0.061814322792232257,1.1606908864794325
11390,3383,3335,0.047245688256444297,0.061811305939855399,1.3082951740347302
11391,3385,3337,0.047245688256444297,0.061811305939775893,1.3082951740330473
11392,3391,3343,0.053256490175196708,0.061814322792350378,1.1606908864816505
11393,3395,3347,0.060766064838253933,0.061817935335725008,1.017310163168718
11394,3400,3352,0.070668949025446265,0.061824127256923704,0.87484147011528723
11395,3404,3356,0.076416466049297083,0.061825006704812925,0.80905346584503068
11396,3407,3359,0.078385172658610572,0.061824453968550144,0.78872638627477409
11397,3409,3361,0.078385172658610724,0.061824494602746576,0.78872690466613482
11398,3412,3364,0.076415108452364169,0.06182402909810901,0.80905504618434221
11399,3414,3366,0.073921300690726,0.061825099017078673,0.83636378742501094
11400,3416,3368,0.070666122781594246,0.061821669121988936,0.8748416736129615
11401,3423,3375,0.056806041661115268,0.061815336389841595,1.0881824288798365
11402,3429,3381,0.048308553120710189,0.061813740678897604,1.2795610028816544
11403,3432,3384,0.047112632683630778,0.061813004017314696,1.3120261062972085
11404,3435,3387,0.048308553120710189,0.061813740678246583,1.2795610028681781
11405,3441,3393,0.056806041661115268,0.061815336389974052,1.0881824288821682
11406,3448,3400,0.070666122781594246,0.061821669124709704,0.87484167365146326
11407,3450,3402,0.073921300690726,0.061825099018176358,0.83636378743986028
11408,3452,3404,0.076415108452364169,0.061824029098438253,0.80905504618865076
11409,3455,3407,0.078385172658610724,0.061824494602762861,0.78872690466634254
11410,3457,3409,0.078385869750548579,0.061825067420689966,0.78872719812179271
11411,3460,3412,0.076416144259835547,0.061824850544145243,0.80905482922462091
11412,3463,3415,0.072374910847776669,0.061823005165358144,0.85420492324181319
11413,3468,3420,0.06281619897169026,0.061819519145743025,0.98413339485255369
11414,3470,3422,0.058750591921831082,0.061815860372540637,1.0521742564702661
11415,3477,3429,0.048306369113660215,0.061810930452006037,1.279560678770348
11416,3479,3431,0.047246860622188969,0.06181280813718034,1.3082945051411656
11417,3481,3433,0.047246860622188969,0.061812808137191443,1.3082945051414006
11418,3483,3435,0.048306369113660215,0.061810930452061146,1.2795606787714888
11419,3490,3442,0.058750591921831082,0.061815860372690309,1.0521742564728136
11420,3492,3444,0.06281619897169026,0.061819519145899275,0.98413339485504103
11421,3495,3447,0.068824681511195626,0.061821614493824693,0.89824773811366276
11422,3497,3449,0.072374910847776669,0.061823005165431676,0.85420492324282915
11423,3500,3452,0.076416144259835547,0.061824850544116704,0.80905482922424743
11424,3503,3455,0.078385869750548579,0.061825067420669823,0.78872719812153569
11425,3505,3457,0.078385774912117401,0.061825030869073531,0.78872768609341393
11426,3507,3459,0.077325744236291544,0.061825695158328559,0.79954865962106969
11427,3509,3461,0.075273908610138662,0.061823905389982677,0.82131918657477021
11428,3514,3466,0.066879077688076771,0.06182023464635187,0.92435836114069503
11429,3516,3468,0.062814235979076802,0.061817531227455362,0.9841325021933971
11430,3519,3471,0.056807387978731173,0.061816783946379558,1.08818212112699
11431,3525,3477,0.048307164735941967,0.061811929719349769,1.2795602900155276
11432,3528,3480,0.047111786237702277,0.061811874460881898,1.3120257030588991
11433,3531,3483,0.048307164735941967,0.061811929720089212,1.2795602900308347
11434,3537,3489,0.056807387978731173,0.061816783946542886,1.088182121129865
11435,3540,3492,0.062814235979076802,0.061817531228054785,0.98413250220293991
11436,3542,3494,0.066879077688076771,0.061820234647780817,0.92435836116206116
11437,3547,3499,0.075273908610138662,0.061823905389251317,0.8213191865650542
11438,3549,3501,0.077325744236291544,0.061825695157976847,0.79954865961652122
11439,3551,3503,0.078385774912117401,0.061825030868966041,0.78872768609204258
11440,3504,3552,0.078519337846975526,0.061824312472941692,0.78737689552896672
11441,3556,3508,0.076415134180216254,0.061823983156576293,0.80905417257753653
11442,3558,3510,0.0739204669087037,0.061824338765515907,0.83636293642290904
11443,3560,3512,0.070666650245127915,0.061822094269386063,0.87484115993807654
11444,3562,3514,0.066881722076041122,0.061822662215496371,0.92435811005594537
11445,3564,3516,0.062816475396164015,0.061819782486019777,0.98413325638125337
11446,3566,3518,0.058751438169721767,0.061816735450371613,1.0521739956696001
11447,3569,3521,0.053257237195116221,0.061815169336879069,1.160690501281723
11448,3571,3523,0.050355982384760418,0.061811130610106492,1.2274833631050921
11449,3573,3525,0.048307339864652875,0.06181219326872163,1.2795611069023165
11450,3576,3528,0.047112845152373482,0.061813306760283071,1.3120266152546085
11451,3579,3531,0.048307339864652875,0.061812193268865584,1.2795611069052963
11452,3581,3533,0.050355982384760418,0.061811130610436554,1.2274833631116466
11453,3583,3535,0.053257237195116221,0.061815169337101794,1.160690501285905
11454,3586,3538,0.058751438169721767,0.061816735450611802,1.0521739956736884
11455,3590,3542,0.066881722076041122,0.061822662215673958,0.92435811005860058
11456,3592,3544,0.070666650245127915,0.061822094268906815,0.87484115993129463
11457,3594,3546,0.0739204669087037,0.061824338764841544,0.83636293641378623
11458,3596,3548,0.076415134180216254,0.061823983156055334,0.8090541725707191
11459,3552,3600,0.078520832494070297,0.061825468349109021,0.78737662840976541
11460,3602,3554,0.077983879273025344,0.061824040398972102,0.79277975108833887
11461,3604,3556,0.076415206495587293,0.061824029908636204,0.80905401874699279
11462,3612,3564,0.062814821415972943,0.061818142440650418,0.98413306043294613
11463,3615,3567,0.056805811685469887,0.061815137964752638,1.0881833412929485
11464,3619,3571,0.050358186321476289,0.061813897788384142,1.227484591954463
11465,3621,3573,0.048307177943070254,0.061812000647486716,1.2795614084584246
11466,3624,3576,0.04711160551852895,0.06181157221831482,1.3120243205043052
11467,3627,3579,0.048307177943070254,0.061812000645965259,1.2795614084269291
11468,3629,3581,0.050358186321476289,0.061813897789546879,1.2274845919775523
11469,3633,3585,0.056805811685469887,0.061815137965023803,1.088183341297722
11470,3644,3596,0.076415206495587293,0.06182402990796567,0.80905401873821792
11471,3646,3598,0.077983879273025344,0.061824040398513171,0.79277975108245391
11472,3650,3602,0.077984161766355919,0.061824219003623719,0.7927791695556321
11473,3652,3604,0.076414857664241456,0.061823802922911321,0.80905474161266333
11474,3654,3606,0.073918570362511246,0.061822790675203389,0.83636345199876339
11475,3660,3612,0.062815904111209631,0.061819210539508035,0.98413310154802447
11476,3663,3615,0.056807154769512633,0.061816614642340346,1.0881836080886804
11477,3665,3617,0.053255380028359819,0.061813052219805348,1.160691223814164
11478,3668,3620,0.049215766363967101,0.061812142627264782,1.2559418900468451
11479,3672,3624,0.047111805086455641,0.061811818444090907,1.3120239891182057
11480,3675,3627,0.048305870916692514,0.061810328495605721,1.2795614140194835
11481,3679,3631,0.053255380028359819,0.061813052220113032,1.1606912238199416
11482,3681,3633,0.056807154769512633,0.061816614642581494,1.0881836080929255
11483,3684,3636,0.062815904111209631,0.061819210539529941,0.98413310154837319
11484,3690,3642,0.073918570362511246,0.061822790673026748,0.83636345196931694
11485,3692,3644,0.076414857664241456,0.061823802923419359,0.80905474161931179
11486,3694,3646,0.077984161766355919,0.061824219001048397,0.79277916952260841
11487,3697,3649,0.078385196795787274,0.061824555409556697,0.78872743753676955
11488,3700,3652,0.076417358913082101,0.061825807513240232,0.80905449223338832
11489,3719,3671,0.047246222946881335,0.061812010847929387,1.3082952878037317
11490,3721,3673,0.047246222946881335,0.061812010848324821,1.3082952878121012
11491,3739,3691,0.075273969613892447,0.061823898836151893,0.82131843389247494
11492,3696,3744,0.078520568411254196,0.06182529992580648,0.78737713158155365
11493,3750,3702,0.073918116132259098,0.061822396636491021,0.83636326074482703
11494,3754,3706,0.066878725948399276,0.061819963110035292,0.92435916254943151
11495,3767,3719,0.04724789568330201,0.06181419443737201,1.308295185286271
11496,3769,3721,0.04724789568330201,0.061814194436912807,1.3082951852765521
11497,3782,3734,0.066878725948399276,0.061819963110563689,0.92435916255733241
11498,3786,3738,0.073918116132259098,0.061822396637720108,0.83636326076145473
11499,3744,3792,0.078518328893159045,0.061823501261394416,0.7873766817620188
11500,3794,3746,0.077984480624824923,0.061824453898752525,0.79277894016097161
11501,3798,3750,0.073920511713532089,0.061824372693469187,0.83636288846403439
11502,3812,3764,0.049215025743223569,0.061811237551614717,1.2559424000733257
11503,3816,3768,0.04711060010954065,0.061810352594589883,1.3120264324986235
11504,3819,3771,0.0483068197346644,0.061811446602028482,1.2795594274585069
11505,3827,3779,0.060765127730502473,0.061817018721533223,1.0173107673811854
11506,3834,3786,0.073920511713532089,0.061824372694273495,0.83636288847491513
11507,3836,3788,0.076417405394580973,0.06182581081934161,0.8090540433832355
11508,3838,3790,0.077984480624824923,0.061824453899154544,0.79277894016612671
11509,3792,0,0.078520447780536504,0.061825234532624319,0.7873775084093374
11510,2,3794,0.077983997733131249,0.061824218152702212,0.79278082619296641
11511,5,3797,0.07527392606635723,0.06182388194910949,0.82131868470111491
11512,14,3806,0.058751227179091786,0.061816519999295598,1.0521741071188158
11513,18,3810,0.051711819909564229,0.06181343926141683,1.1953444951177261
11514,22,3814,0.04764675169977322,0.061811729602958998,1.2972915759806811
11515,24,3816,0.047112300075792687,0.061812639025527853,1.3120276217906099
11516,30,3822,0.051711819909564229,0.061813439262064569,1.1953444951302521
11517,34,3826,0.058751227179091786,0.061816520000426194,1.0521741071380595
11518,43,3835,0.07527392606635723,0.06182388195054201,0.82131868472014569
11519,46,3838,0.077983997733131249,0.061824218151935409,0.79278082618313361
